TARIH;SOZLESME KODU;SOZLESME ADI;PAZAR;PAZAR SEGMENTI;SOZLESME TIPI;SOZLESME SINIFI;DAYANAK VARLIK;VADE TARIHI;UZLASMA FIYATI;ONCEKI UZLASMA FIYATI;UZLASMA FIYATI DEGISIMI (%);ACILIS FIYATI;EN DUSUK FIYAT;EN YUKSEK FIYAT;KAPANIS FIYATI; AGIRLIKLI ORTALAMA FIYAT;ISLEM HACMI;PRIM HACMI;ISLEM MIKTARI;ISLEM SAYISI;ACIK POZISYON;ACIK POZISYON DEGISIMI;ACILIS SEANSI FIYATI;ACILIS SEANSI ISLEM HACMI;ACILIS SEANSI PRIM HACMI;ACILIS SEANSI ISLEM MIKTARI;ACILIS SEANSI ISLEM SAYISI
TRADE DATE;INSTRUMENT SERIES;INSTRUMENT NAME;MARKET;MARKET SEGMENT;INSTRUMENT TYPE;INSTRUMENT CLASS;UNDERLYING;EXPIRATION DATE;SETTLEMENT PRICE;PREVIOUS SETTLEMENT PRICE;CHANGE OF SETTLEMENT PRICE (%);OPENING PRICE;LOWEST PRICE;HIGHEST PRICE;CLOSING PRICE;VWAP;TRADED VALUE;PREMIUM VALUE;TRADE VOLUME;TRADE COUNT;OPEN POSITION;OPEN POSITION CHANGE;OPENING SESSION PRICE;TRADED VALUE AT OPENING SESSION;PREMIUM VALUE AT OPENING SESSION;TRADED VOLUME AT OPENING SESSION;TRADE COUNT AT OPENING SESSION
2026-04-24;F_AEFES0426;AEFES_04/2026_VIS;D_EQ;SSF;D_EQ_FPD;DE_AEFES_FPD;AEFES.E;2026-04-30;19.26;19.4;-0.72;19.35;18.78;19.46;19.24;19.1;250923743;0;131385;10322;216768;-24867;19.35;7740;0;4;2
2026-04-24;F_AEFES0526;AEFES_05/2026_VIS;D_EQ;SSF;D_EQ_FPD;DE_AEFES_FPD;AEFES.E;2026-05-25;19.6;19.73;-0.66;19.73;19.12;19.76;19.58;19.45;76207136;0;39173;2510;71313;10550;19.73;1973;0;1;1
2026-04-24;F_AEFES0626;AEFES_06/2026_VIS;D_EQ;SSF;D_EQ_FPD;DE_AEFES_FPD;AEFES.E;2026-06-30;20.14;20.27;-0.64;20.35;19.69;20.35;20.11;19.9;3576718;0;1797;150;5043;1083;;;;;
2026-04-24;F_AKBNK0426;AKBNK_04/2026_VIS;D_EQ;SSF;D_EQ_FPD;DE_AKBNK_FPD;AKBNK.E;2026-04-30;78.53;79.95;-1.78;79.71;78.12;79.87;78.6;78.79;4242571567;0;538418;46796;633711;-63125;79.71;1371012;0;172;12
2026-04-24;F_AKBNK0526;AKBNK_05/2026_VIS;D_EQ;SSF;D_EQ_FPD;DE_AKBNK_FPD;AKBNK.E;2026-05-25;80.68;82.09;-1.72;81.02;80.24;81.81;80.74;80.84;1619483591;0;200139;12949;191940;100060;81.02;129632;0;16;8
2026-04-24;F_AKBNK0626;AKBNK_06/2026_VIS;D_EQ;SSF;D_EQ_FPD;DE_AKBNK_FPD;AKBNK.E;2026-06-30;82.74;83.82;-1.29;84.14;82.48;84.14;82.8;83.03;1826687;0;220;105;805;80;;;;;
2026-04-24;F_AKSEN0426;AKSEN_04/2026_VIS;D_EQ;SSF;D_EQ_FPD;DE_AKSEN_FPD;AKSEN.E;2026-04-30;81.87;79.73;2.68;80.35;78.85;82.19;81.62;81.29;351654892;0;43258;10528;67233;-5812;;;;;
2026-04-24;F_AKSEN0526;AKSEN_05/2026_VIS;D_EQ;SSF;D_EQ_FPD;DE_AKSEN_FPD;AKSEN.E;2026-05-25;84.13;81.78;2.87;81.63;80.53;84.27;84.1;83.49;116821101;0;13993;3438;21927;7216;;;;;
2026-04-24;F_AKSEN0626;AKSEN_06/2026_VIS;D_EQ;SSF;D_EQ_FPD;DE_AKSEN_FPD;AKSEN.E;2026-06-30;86.63;84.21;2.87;84.01;84;86.85;86.66;85.95;2870746;0;334;153;1465;99;;;;;
2026-04-24;F_ALARK0426;ALARK_04/2026_VIS;D_EQ;SSF;D_EQ_FPD;DE_ALARK_FPD;ALARK.E;2026-04-30;93.65;92.86;0.85;92.9;92.5;94.26;93.3;93.52;257408380;0;27524;6413;74520;-11431;92.9;566690;0;61;13
2026-04-24;F_ALARK0526;ALARK_05/2026_VIS;D_EQ;SSF;D_EQ_FPD;DE_ALARK_FPD;ALARK.E;2026-05-25;93.09;92.25;0.91;92.55;91.93;93.61;93;92.88;113565064;0;12227;2850;11907;4459;;;;;
2026-04-24;F_ALARK0626;ALARK_06/2026_VIS;D_EQ;SSF;D_EQ_FPD;DE_ALARK_FPD;ALARK.E;2026-06-30;95.68;95.84;-0.17;98.09;94.68;98.09;95.8;95.37;1134958;0;119;82;480;59;;;;;
2026-04-24;F_ARCLK0426;ARCLK_04/2026_VIS;D_EQ;SSF;D_EQ_FPD;DE_ARCLK_FPD;ARCLK.E;2026-04-30;117.95;115.15;2.43;116.25;112.4;120.75;118.3;117.59;409298840;0;34807;10919;33945;185;116.25;46500;0;4;3
2026-04-24;F_ARCLK0526;ARCLK_05/2026_VIS;D_EQ;SSF;D_EQ_FPD;DE_ARCLK_FPD;ARCLK.E;2026-05-25;119.75;117.75;1.7;115.9;114.85;122.45;119.8;118.92;75893290;0;6382;1993;5830;2688;;;;;
2026-04-24;F_ARCLK0626;ARCLK_06/2026_VIS;D_EQ;SSF;D_EQ_FPD;DE_ARCLK_FPD;ARCLK.E;2026-06-30;122.85;121;1.53;118.8;118.5;125;122.75;122.42;1958715;0;160;94;475;9;;;;;
2026-04-24;F_ASELS0426;ASELS_04/2026_VIS;D_EQ;SSF;D_EQ_FPD;DE_ASELS_FPD;ASELS.E;2026-04-30;395;400.35;-1.34;402;392.9;406.95;394.25;397.36;2465643370;0;62051;19653;131945;-6621;402;442200;0;11;9
2026-04-24;F_ASELS0526;ASELS_05/2026_VIS;D_EQ;SSF;D_EQ_FPD;DE_ASELS_FPD;ASELS.E;2026-05-25;405.05;409.8;-1.16;410;402.1;416.15;404.7;406.01;518229585;0;12764;3457;21735;4713;410;410000;0;10;2
2026-04-24;F_ASELS0626;ASELS_06/2026_VIS;D_EQ;SSF;D_EQ_FPD;DE_ASELS_FPD;ASELS.E;2026-06-30;416;419.05;-0.73;425;413.5;425;415.85;417.14;4046215;0;97;81;884;-8;;;;;
2026-04-24;F_ASTOR0426;ASTOR_04/2026_VIS;D_EQ;SSF;D_EQ_FPD;DE_ASTOR_FPD;ASTOR.E;2026-04-30;222.8;209.8;6.2;209;207.8;226.4;223.2;220.57;2791468305;0;126559;29171;56238;-2602;;;;;
2026-04-24;F_ASTOR0526;ASTOR_05/2026_VIS;D_EQ;SSF;D_EQ_FPD;DE_ASTOR_FPD;ASTOR.E;2026-05-25;227.7;214.45;6.18;214;212.75;231.1;227.85;225.98;331519665;0;14670;3887;17421;3060;;;;;
2026-04-24;F_ASTOR0626;ASTOR_06/2026_VIS;D_EQ;SSF;D_EQ_FPD;DE_ASTOR_FPD;ASTOR.E;2026-06-30;232.95;219.9;5.93;218.7;218.7;239;232.7;231.71;12975660;0;560;195;751;137;;;;;
2026-04-24;F_BIMAS0426;BIMAS_04/2026_VIS;D_EQ;SSF;D_EQ_FPD;DE_BIMAS_FPD;BIMAS.E;2026-04-30;764.2;768.9;-0.61;767.1;750.9;768.9;762.4;757.95;1069847930;0;14115;7647;31778;-1722;767.1;230130;0;3;3
2026-04-24;F_BIMAS0526;BIMAS_05/2026_VIS;D_EQ;SSF;D_EQ_FPD;DE_BIMAS_FPD;BIMAS.E;2026-05-25;784.6;788.6;-0.51;784.5;769.7;785.9;785.3;776.77;263481080;0;3392;1680;3249;1540;;;;;
2026-04-24;F_BIMAS0626;BIMAS_06/2026_VIS;D_EQ;SSF;D_EQ_FPD;DE_BIMAS_FPD;BIMAS.E;2026-06-30;789.2;798.2;-1.13;794;785.9;798.2;798.2;790.22;1027280;0;13;12;68;7;;;;;
2026-04-24;F_BRSAN0426;BRSAN_04/2026_VIS;D_EQ;SSF;D_EQ_FPD;DE_BRSAN_FPD;BRSAN.E;2026-04-30;551.9;561.4;-1.69;560.9;545;565;552.3;551.14;230323040;0;4179;2556;4571;111;;;;;
2026-04-24;F_BRSAN0526;BRSAN_05/2026_VIS;D_EQ;SSF;D_EQ_FPD;DE_BRSAN_FPD;BRSAN.E;2026-05-25;566.2;576.1;-1.72;577.2;560;577.7;568.2;566.12;28192940;0;498;320;1162;104;;;;;
2026-04-24;F_BRSAN0626;BRSAN_06/2026_VIS;D_EQ;SSF;D_EQ_FPD;DE_BRSAN_FPD;BRSAN.E;2026-06-30;583.8;591.3;-1.27;592;577.7;592;577.7;583.82;350290;0;6;6;112;-2;;;;;
2026-04-24;F_CIMSA0426;CIMSA_04/2026_VIS;D_EQ;SSF;D_EQ_FPD;DE_CIMSA_FPD;CIMSA.E;2026-04-30;56.52;56.64;-0.21;56.53;55.7;56.92;56.47;56.24;182041575;0;32370;6830;74115;890;;;;;
2026-04-24;F_CIMSA0526;CIMSA_05/2026_VIS;D_EQ;SSF;D_EQ_FPD;DE_CIMSA_FPD;CIMSA.E;2026-05-25;58.1;58.19;-0.15;58.12;56.65;58.39;58.09;57.58;37653911;0;6539;1528;13849;2033;;;;;
2026-04-24;F_CIMSA0626;CIMSA_06/2026_VIS;D_EQ;SSF;D_EQ_FPD;DE_CIMSA_FPD;CIMSA.E;2026-06-30;59.69;59.66;0.05;59.23;58.55;59.82;59.6;59.53;1006046;0;169;42;414;34;;;;;
2026-04-24;F_CNHTRY0426;CNHTRY_04/2026_VIS;D_CR;CRF;D_CR_FUT;DE_CNHTRY_FUT;D_CNHTRY;2026-04-30;6.6375;6.6375;0;0;0;0;0;0;0;0;0;0;206;0;;;;;
2026-04-24;F_CNHTRY0526;CNHTRY_05/2026_VIS;D_CR;CRF;D_CR_FUT;DE_CNHTRY_FUT;D_CNHTRY;2026-05-25;6.8397;6.8397;0;0;0;0;0;0;0;0;0;0;244;0;;;;;
2026-04-24;F_CNHTRY0626;CNHTRY_06/2026_VIS;D_CR;CRF;D_CR_FUT;DE_CNHTRY_FUT;D_CNHTRY;2026-06-30;7.0086;7.0086;0;0;0;0;0;0;0;0;0;0;9;0;;;;;
2026-04-24;F_CNHTRY1226;CNHTRY_12/2026_VIS;D_CR;CRF;D_CR_FUT;DE_CNHTRY_FUT;D_CNHTRY;2026-12-31;8.2999;8.2999;0;0;0;0;0;0;0;0;0;0;8;0;;;;;
2026-04-24;F_DOAS0426;DOAS_04/2026_VIS;D_EQ;SSF;D_EQ_FPD;DE_DOAS_FPD;DOAS.E;2026-04-30;184.45;183.1;0.74;182.7;181.5;185.5;184.3;183.65;53019450;0;2887;1433;3724;-609;;;;;
2026-04-24;F_DOAS0526;DOAS_05/2026_VIS;D_EQ;SSF;D_EQ_FPD;DE_DOAS_FPD;DOAS.E;2026-05-25;188.55;186.15;1.29;185.6;185;188.9;188.85;186.6;15468895;0;829;377;1460;302;;;;;
2026-04-24;F_DOAS0626;DOAS_06/2026_VIS;D_EQ;SSF;D_EQ_FPD;DE_DOAS_FPD;DOAS.E;2026-06-30;191.6;191.5;0.05;191;190.2;193.35;191.2;191.6;134120;0;7;7;142;2;;;;;
2026-04-24;F_DOHOL0426;DOHOL_04/2026_VIS;D_EQ;SSF;D_EQ_FPD;DE_DOHOL_FPD;DOHOL.E;2026-04-30;21.61;21.28;1.55;21.24;21.12;21.69;21.61;21.52;171689125;0;79774;6442;215209;-22309;21.24;55224;0;26;8
2026-04-24;F_DOHOL0526;DOHOL_05/2026_VIS;D_EQ;SSF;D_EQ_FPD;DE_DOHOL_FPD;DOHOL.E;2026-05-25;22.18;21.85;1.51;21.77;21.65;22.23;22.17;22.05;50011627;0;22678;2189;51627;5242;;;;;
2026-04-24;F_DOHOL0626;DOHOL_06/2026_VIS;D_EQ;SSF;D_EQ_FPD;DE_DOHOL_FPD;DOHOL.E;2026-06-30;22.61;22.38;1.03;22.35;22.3;22.84;22.7;22.63;3622632;0;1601;60;702;72;;;;;
2026-04-24;F_EKGYO0426;EKGYO_04/2026_VIS;D_EQ;SSF;D_EQ_FPD;DE_EKGYO_FPD;EKGYO.E;2026-04-30;21.32;21.28;0.19;21.17;20.94;21.54;21.32;21.22;688872311;0;324596;13635;472774;-36269;21.17;19053;0;9;4
2026-04-24;F_EKGYO0526;EKGYO_05/2026_VIS;D_EQ;SSF;D_EQ_FPD;DE_EKGYO_FPD;EKGYO.E;2026-05-25;21.82;21.79;0.14;21.55;21.45;22.01;21.83;21.7;157046858;0;72370;3044;123557;16292;21.55;43100;0;20;6
2026-04-24;F_EKGYO0626;EKGYO_06/2026_VIS;D_EQ;SSF;D_EQ_FPD;DE_EKGYO_FPD;EKGYO.E;2026-06-30;21.86;21.77;0.41;21.75;21.47;21.87;21.84;21.78;298445;0;137;44;3361;66;;;;;
2026-04-24;F_ELCBAS0426;BY ELEKTRIK_04/2026_VIS;D_EL;ENF;D_EL_FUT;DE_ELCBAS04B_FUT;D_ELCBAS04;2026-04-30;2940;2940;0;0;0;0;0;0;0;0;0;0;20;0;;;;;
2026-04-24;F_ELCBAS0526;BY ELEKTRIK_05/2026_VIS;D_EL;ENF;D_EL_FUT;DE_ELCBAS05B_FUT;D_ELCBAS05;2026-06-01;2950;2950;0;0;0;0;0;0;0;0;0;0;20;0;;;;;
2026-04-24;F_ELCBAS0626;BY ELEKTRIK_06/2026_VIS;D_EL;ENF;D_EL_FUT;DE_ELCBAS06B_FUT;D_ELCBAS06;2026-06-30;2960;2960;0;0;0;0;0;0;0;0;0;0;20;0;;;;;
2026-04-24;F_ELCBAS0726;BY ELEKTRIK_07/2026_VIS;D_EL;ENF;D_EL_FUT;DE_ELCBAS07B_FUT;D_ELCBAS07;2026-07-31;2951.9;2951.9;0;0;0;0;0;0;0;0;0;0;0;0;;;;;
2026-04-24;F_ELCBAS0826;BY ELEKTRIK_08/2026_VIS;D_EL;ENF;D_EL_FUT;DE_ELCBAS08B_FUT;D_ELCBAS08;2026-08-31;2862.8;2862.8;0;0;0;0;0;0;0;0;0;0;0;0;;;;;
2026-04-24;F_ELCBAS0926;BY ELEKTRIK_09/2026_VIS;D_EL;ENF;D_EL_FUT;DE_ELCBAS09B_FUT;D_ELCBAS09;2026-09-30;2041.1;2041.1;0;0;0;0;0;0;0;0;0;0;0;0;;;;;
2026-04-24;F_ELCBAS1026;BY ELEKTRIK_10/2026_VIS;D_EL;ENF;D_EL_FUT;DE_ELCBAS10B_FUT;D_ELCBAS10;2026-11-02;1599.4;1599.4;0;0;0;0;0;0;0;0;0;0;0;0;;;;;
2026-04-24;F_ELCBASQ127;BY ELEKTRIK_Q1/2026_CASC VIS;D_EL;ENF;D_EL_FUT;DE_ELCBASQ1B_FUT;D_ELCBASQ1;2026-12-30;2443.2;2443.2;0;0;0;0;0;0;0;0;0;0;0;0;;;;;
2026-04-24;F_ELCBASQ128;BY ELEKTRIK_Q1/2027_CASC VIS;D_EL;ENF;D_EL_FUT;DE_ELCBASQ1B_FUT;D_ELCBASQ1;2027-12-30;2951.9;2951.9;0;0;0;0;0;0;0;0;0;0;0;0;;;;;
2026-04-24;F_ELCBASQ227;BY ELEKTRIK_Q2/2027_CASC VIS;D_EL;ENF;D_EL_FUT;DE_ELCBASQ2B_FUT;D_ELCBASQ2;2027-03-30;2443.2;2443.2;0;0;0;0;0;0;0;0;0;0;0;0;;;;;
2026-04-24;F_ELCBASQ228;BY ELEKTRIK_Q2/2028_CASC VIS;D_EL;ENF;D_EL_FUT;DE_ELCBASQ2B_FUT;D_ELCBASQ2;2028-03-30;2951.9;2951.9;0;0;0;0;0;0;0;0;0;0;0;0;;;;;
2026-04-24;F_ELCBASQ326;BY ELEKTRIK_Q3/2026_CASC VIS;D_EL;ENF;D_EL_FUT;DE_ELCBASQ3B_FUT;D_ELCBASQ3;2026-06-29;3350;3350;0;0;0;0;0;0;0;0;0;0;20;0;;;;;
2026-04-24;F_ELCBASQ327;BY ELEKTRIK_Q3/2027_CASC VIS;D_EL;ENF;D_EL_FUT;DE_ELCBASQ3B_FUT;D_ELCBASQ3;2027-06-29;2443.2;2443.2;0;0;0;0;0;0;0;0;0;0;0;0;;;;;
2026-04-24;F_ELCBASQ328;BY ELEKTRIK_Q3/2028_CASC VIS;D_EL;ENF;D_EL_FUT;DE_ELCBASQ3B_FUT;D_ELCBASQ3;2028-06-29;2951.9;2951.9;0;0;0;0;0;0;0;0;0;0;0;0;;;;;
2026-04-24;F_ELCBASQ426;BY ELEKTRIK_Q4/2026_CASC VIS;D_EL;ENF;D_EL_FUT;DE_ELCBASQ4B_FUT;D_ELCBASQ4;2026-09-29;3320;3320;0;0;0;0;0;0;0;0;0;0;20;0;;;;;
2026-04-24;F_ELCBASQ427;BY ELEKTRIK_Q4/2027_CASC VIS;D_EL;ENF;D_EL_FUT;DE_ELCBASQ4B_FUT;D_ELCBASQ4;2027-09-29;2443.2;2443.2;0;0;0;0;0;0;0;0;0;0;0;0;;;;;
2026-04-24;F_ELCBASQ428;BY ELEKTRIK_Q4/2028_CASC VIS;D_EL;ENF;D_EL_FUT;DE_ELCBASQ4B_FUT;D_ELCBASQ4;2028-09-29;2951.9;2951.9;0;0;0;0;0;0;0;0;0;0;0;0;;;;;
2026-04-24;F_ELCBASY27;BY ELEKTRIK_2026_CASC VIS;D_EL;ENF;D_EL_FUT;DE_ELCBASYB_FUT;D_ELCBASY;2026-12-28;2443.2;2443.2;0;0;0;0;0;0;0;0;0;0;0;0;;;;;
2026-04-24;F_ELCBASY28;BY ELEKTRIK_2027_CASC VIS;D_EL;ENF;D_EL_FUT;DE_ELCBASYB_FUT;D_ELCBASY;2027-12-28;2951.9;2951.9;0;0;0;0;0;0;0;0;0;0;0;0;;;;;
2026-04-24;F_ENJSA0426;ENJSA_04/2026_VIS;D_EQ;SSF;D_EQ_FPD;DE_ENJSA_FPD;ENJSA.E;2026-04-30;122.4;117.85;3.86;117.3;117.25;122.7;122.1;121.28;314537085;0;25934;6828;24486;-10910;;;;;
2026-04-24;F_ENJSA0526;ENJSA_05/2026_VIS;D_EQ;SSF;D_EQ_FPD;DE_ENJSA_FPD;ENJSA.E;2026-05-25;124.45;120.15;3.58;119.25;119.25;125.1;124.45;122.79;51204500;0;4170;1260;12033;1964;;;;;
2026-04-24;F_ENJSA0626;ENJSA_06/2026_VIS;D_EQ;SSF;D_EQ_FPD;DE_ENJSA_FPD;ENJSA.E;2026-06-30;127.4;123.3;3.33;123.15;121;128;127.6;124.65;1221540;0;98;59;162;6;;;;;
2026-04-24;F_ENKAI0426;ENKAI_04/2026_VIS;D_EQ;SSF;D_EQ_FPD;DE_ENKAI_FPD;ENKAI.E;2026-04-30;106.95;107.7;-0.7;108;106.25;108.85;107.45;107.22;281585185;0;26263;6419;44626;-1058;;;;;
2026-04-24;F_ENKAI0526;ENKAI_05/2026_VIS;D_EQ;SSF;D_EQ_FPD;DE_ENKAI_FPD;ENKAI.E;2026-05-25;109.35;109.8;-0.41;109.35;108;110.95;109.2;109.13;85188395;0;7806;1618;8966;2089;;;;;
2026-04-24;F_ENKAI0626;ENKAI_06/2026_VIS;D_EQ;SSF;D_EQ_FPD;DE_ENKAI_FPD;ENKAI.E;2026-06-30;111.5;112.2;-0.62;112.6;111;113.25;112.45;112.11;313905;0;28;21;242;-8;;;;;
2026-04-24;F_EREGL0426;EREGL_04/2026_VIS;D_EQ;SSF;D_EQ_FPD;DE_EREGL_FPD;EREGL.E;2026-04-30;33.24;32.8;1.34;32.94;32.41;33.31;33.31;32.96;1491699876;0;452487;23607;637743;-39330;32.94;421632;0;128;13
2026-04-24;F_EREGL0526;EREGL_05/2026_VIS;D_EQ;SSF;D_EQ_FPD;DE_EREGL_FPD;EREGL.E;2026-05-25;34.08;33.59;1.46;33.55;33.21;34.17;34.14;33.75;241397157;0;71519;6117;113702;23857;;;;;
2026-04-24;F_EREGL0626;EREGL_06/2026_VIS;D_EQ;SSF;D_EQ_FPD;DE_EREGL_FPD;EREGL.E;2026-06-30;34.92;34.42;1.45;34.41;33.71;35.23;34.79;34.51;4907195;0;1422;216;2189;-430;;;;;
2026-04-24;F_EURTRY0426;EURTRY_04/2026_VIS;D_CR;CRF;D_CR_FUT;DE_EURTRY_FUT;D_EURTRY;2026-04-30;52.861;53.014;-0.29;52.801;52.752;52.899;52.899;52.8071;24291277;0;460;73;3440;-125;;;;;
2026-04-24;F_EURTRY0526;EURTRY_05/2026_VIS;D_CR;CRF;D_CR_FUT;DE_EURTRY_FUT;D_EURTRY;2026-05-25;54.28;54.323;-0.08;54.2;54.08;54.3;54.25;54.1667;36291692;0;670;54;1230;442;;;;;
2026-04-24;F_EURTRY0626;EURTRY_06/2026_VIS;D_CR;CRF;D_CR_FUT;DE_EURTRY_FUT;D_EURTRY;2026-06-30;56;56.21;-0.37;56.001;56;56.05;56;56.0016;1960056;0;35;19;160;6;;;;;
2026-04-24;F_EURTRY1226;EURTRY_12/2026_VIS;D_CR;CRF;D_CR_FUT;DE_EURTRY_FUT;D_EURTRY;2026-12-31;66.004;66.544;-0.81;66.031;65.911;66.05;65.929;66.0051;21319640;0;323;20;661;-208;;;;;
2026-04-24;F_EURUSD0426;EURUSD_04/2026_VIS;D_CR;CRFU;D_CR_FUT;DE_EURUSD_FUT;D_EURUSD;2026-04-30;1.1713;1.1726;-0.11;1.1697;1.1683;1.1724;1.1711;1.1706;174637605.04632;0;3329;199;15688;10;1.1697;52418.00004;0;1;1
2026-04-24;F_EURUSD0526;EURUSD_05/2026_VIS;D_CR;CRFU;D_CR_FUT;DE_EURUSD_FUT;D_EURUSD;2026-05-25;1.1734;1.175;-0.14;1.171;1.1703;1.1745;1.1734;1.1716;30556696.02024;0;582;72;4865;185;;;;;
2026-04-24;F_EURUSD0626;EURUSD_06/2026_VIS;D_CR;CRFU;D_CR_FUT;DE_EURUSD_FUT;D_EURUSD;2026-06-30;1.1738;1.1777;-0.33;1.1737;1.1733;1.1759;1.1759;1.1737;2472124.65932;0;47;16;2019;1;1.1737;1051945.0568;0;20;1
2026-04-24;F_EURUSD1226;EURUSD_12/2026_VIS;D_CR;CRFU;D_CR_FUT;DE_EURUSD_FUT;D_EURUSD;2026-12-31;1.1852;1.19;-0.4;1.1852;1.1852;1.1852;1.1852;1.1852;53112.60464;0;1;1;2310;0;;;;;
2026-04-24;F_FROTO0426;FROTO_04/2026_VIS;D_EQ;SSF;D_EQ_FPD;DE_FROTO_FPD;FROTO.E;2026-04-30;105.35;103.2;2.08;103.2;102.4;106.45;105.4;104.93;647313730;0;61688;14510;69076;1674;;;;;
2026-04-24;F_FROTO0526;FROTO_05/2026_VIS;D_EQ;SSF;D_EQ_FPD;DE_FROTO_FPD;FROTO.E;2026-05-25;108.25;105.95;2.17;105;105;109.95;108.2;107.69;171880605;0;15961;2460;25291;5119;105;21000;0;2;2
2026-04-24;F_FROTO0626;FROTO_06/2026_VIS;D_EQ;SSF;D_EQ_FPD;DE_FROTO_FPD;FROTO.E;2026-06-30;110.8;107.55;3.02;109;108;111.5;111.5;110.52;1602555;0;145;57;708;-27;;;;;
2026-04-24;F_GARAN0426;GARAN_04/2026_VIS;D_EQ;SSF;D_EQ_FPD;DE_GARAN_FPD;GARAN.E;2026-04-30;139.15;140.9;-1.24;140.2;137.3;141.2;139.45;139.01;2039180435;0;146516;19896;153374;-22079;140.2;294420;0;21;3
2026-04-24;F_GARAN0526;GARAN_05/2026_VIS;D_EQ;SSF;D_EQ_FPD;DE_GARAN_FPD;GARAN.E;2026-05-25;142.8;144.45;-1.14;144.85;141.05;144.85;143.15;142.47;1022516835;0;71462;7202;55862;39764;;;;;
2026-04-24;F_GARAN0626;GARAN_06/2026_VIS;D_EQ;SSF;D_EQ_FPD;DE_GARAN_FPD;GARAN.E;2026-06-30;146.55;148.8;-1.51;148.7;145.1;148.7;147.4;146.68;1657440;0;113;50;467;87;;;;;
2026-04-24;F_GBPUSD0426;GBPUSD_04/2026_VIS;D_CR;CRFU;D_CR_FUT;DE_GBPUSD_FUT;D_GBPUSD;2026-04-30;1.3487;1.3514;-0.2;1.3482;1.3482;1.3501;1.3501;1.3487;241753.77004;0;4;4;96;-1;;;;;
2026-04-24;F_GBPUSD0526;GBPUSD_05/2026_VIS;D_CR;CRFU;D_CR_FUT;DE_GBPUSD_FUT;D_GBPUSD;2026-05-25;1.3496;1.3502;-0.04;1.3488;1.3488;1.3503;1.3503;1.3496;120955.30812;0;2;2;19;2;;;;;
2026-04-24;F_GBPUSD0626;GBPUSD_06/2026_VIS;D_CR;CRFU;D_CR_FUT;DE_GBPUSD_FUT;D_GBPUSD;2026-06-30;1.3593;1.3485;0.8;1.3593;1.3593;1.3593;1.3593;1.3593;60914.58276;0;1;1;21;0;;;;;
2026-04-24;F_GBPUSD1226;GBPUSD_12/2026_VIS;D_CR;CRFU;D_CR_FUT;DE_GBPUSD_FUT;D_GBPUSD;2026-12-31;1.355;1.355;0;0;0;0;0;0;0;0;0;0;10;0;;;;;
2026-04-24;F_GUBRF0426;GUBRF_04/2026_VIS;D_EQ;SSF;D_EQ_FPD;DE_GUBRF_FPD;GUBRF.E;2026-04-30;536;521.1;2.86;520;512.1;537.1;535.1;525.98;356454690;0;6777;4285;11641;-878;;;;;
2026-04-24;F_GUBRF0526;GUBRF_05/2026_VIS;D_EQ;SSF;D_EQ_FPD;DE_GUBRF_FPD;GUBRF.E;2026-05-25;549.7;536.1;2.54;533.4;527;550;550;539.14;113488360;0;2105;1206;3158;769;;;;;
2026-04-24;F_GUBRF0626;GUBRF_06/2026_VIS;D_EQ;SSF;D_EQ_FPD;DE_GUBRF_FPD;GUBRF.E;2026-06-30;566.1;554.1;2.17;550.8;546.5;570;570;557.8;36870090;0;654;106;5335;555;;;;;
2026-04-24;F_HALKB0426;HALKB_04/2026_VIS;D_EQ;SSF;D_EQ_FPD;DE_HALKB_FPD;HALKB.E;2026-04-30;41.06;40.64;1.03;40.44;39.52;41.27;41.2;40.4;689690452;0;170698;23395;268000;-27705;40.44;202200;0;50;4
2026-04-24;F_HALKB0526;HALKB_05/2026_VIS;D_EQ;SSF;D_EQ_FPD;DE_HALKB_FPD;HALKB.E;2026-05-25;42.06;41.75;0.74;41.64;40.58;42.31;42.2;41.32;158844814;0;38440;8958;71981;17423;;;;;
2026-04-24;F_HALKB0626;HALKB_06/2026_VIS;D_EQ;SSF;D_EQ_FPD;DE_HALKB_FPD;HALKB.E;2026-06-30;43.25;42.74;1.19;43.09;41.8;43.5;43.22;42.74;7278847;0;1703;339;3547;1251;;;;;
2026-04-24;F_HEKTS0426;HEKTS_04/2026_VIS;D_EQ;SSF;D_EQ_FPD;DE_HEKTS_FPD;HEKTS.E;2026-04-30;3.35;3.27;2.45;3.28;3.22;3.43;3.34;3.31;238049101;0;718411;3447;969846;28563;3.28;328;0;1;1
2026-04-24;F_HEKTS0526;HEKTS_05/2026_VIS;D_EQ;SSF;D_EQ_FPD;DE_HEKTS_FPD;HEKTS.E;2026-05-25;3.44;3.37;2.08;3.38;3.29;3.51;3.45;3.38;43298860;0;128009;979;191124;54989;;;;;
2026-04-24;F_HEKTS0626;HEKTS_06/2026_VIS;D_EQ;SSF;D_EQ_FPD;DE_HEKTS_FPD;HEKTS.E;2026-06-30;3.55;3.46;2.6;3.46;3.4;3.6;3.55;3.46;780883;0;2258;135;7133;-288;;;;;
2026-04-24;F_ISCTR0426;ISCTR_04/2026_VIS;D_EQ;SSF;D_EQ_FPD;DE_ISCTR_FPD;ISCTR.E;2026-04-30;14.56;14.92;-2.41;14.86;14.44;14.93;14.56;14.63;2608690230;0;1782970;25704;1773096;-2111;14.86;557250;0;375;10
2026-04-24;F_ISCTR0526;ISCTR_05/2026_VIS;D_EQ;SSF;D_EQ_FPD;DE_ISCTR_FPD;ISCTR.E;2026-05-25;14.96;15.31;-2.29;15.25;14.83;15.32;14.95;15.01;669360064;0;446193;5577;429407;138815;;;;;
2026-04-24;F_ISCTR0626;ISCTR_06/2026_VIS;D_EQ;SSF;D_EQ_FPD;DE_ISCTR_FPD;ISCTR.E;2026-06-30;15.37;15.73;-2.29;15.63;15.25;15.63;15.36;15.37;1117457;0;727;258;3076;113;;;;;
2026-04-24;F_KCHOL0426;KCHOL_04/2026_VIS;D_EQ;SSF;D_EQ_FPD;DE_KCHOL_FPD;KCHOL.E;2026-04-30;208.4;206.4;0.97;206.35;203.2;209.15;208.4;205.61;2097531950;0;101916;18156;186368;-17990;;;;;
2026-04-24;F_KCHOL0526;KCHOL_05/2026_VIS;D_EQ;SSF;D_EQ_FPD;DE_KCHOL_FPD;KCHOL.E;2026-05-25;214;211.9;0.99;210.6;208.8;214.6;214.3;210.99;1241071090;0;58670;6018;61294;37021;;;;;
2026-04-24;F_KCHOL0626;KCHOL_06/2026_VIS;D_EQ;SSF;D_EQ_FPD;DE_KCHOL_FPD;KCHOL.E;2026-06-30;218.2;216.2;0.93;215;215;219;219;216.91;1019465;0;47;33;260;-6;;;;;
2026-04-24;F_KONTR0426;KONTR_04/2026_VIS;D_EQ;SSF;D_EQ_FPD;DE_KONTR_FPD;KONTR.E;2026-04-30;10.54;11.71;-9.99;11.2;10.54;11.5;10.54;10.97;595025444;0;542543;26254;439243;6906;11.2;7359520;0;6571;63
2026-04-24;F_KONTR0526;KONTR_05/2026_VIS;D_EQ;SSF;D_EQ_FPD;DE_KONTR_FPD;KONTR.E;2026-05-25;10.73;11.92;-9.98;11.4;10.73;11.6;10.73;11.09;94207873;0;84922;4151;131657;30541;11.4;479940;0;421;24
2026-04-24;F_KONTR0626;KONTR_06/2026_VIS;D_EQ;SSF;D_EQ_FPD;DE_KONTR_FPD;KONTR.E;2026-06-30;11;12.22;-9.98;11.32;11;11.8;11;11.26;2442068;0;2168;232;9503;1009;11.32;29432;0;26;9
2026-04-24;F_KRDMD0426;KRDMD_04/2026_VIS;D_EQ;SSF;D_EQ_FPD;DE_KRDMD_FPD;KRDMD.E;2026-04-30;37.06;36.47;1.62;36.45;35.95;37.2;37.1;36.58;800822942;0;218925;18359;239724;-23370;36.45;36450;0;10;6
2026-04-24;F_KRDMD0526;KRDMD_05/2026_VIS;D_EQ;SSF;D_EQ_FPD;DE_KRDMD_FPD;KRDMD.E;2026-05-25;37.81;37.2;1.64;37.2;36.7;37.97;37.94;37.34;195902399;0;52465;4125;72938;9797;;;;;
2026-04-24;F_KRDMD0626;KRDMD_06/2026_VIS;D_EQ;SSF;D_EQ_FPD;DE_KRDMD_FPD;KRDMD.E;2026-06-30;38.85;38.26;1.54;38.02;37.77;38.87;38.85;38.31;919386;0;240;61;1998;76;;;;;
2026-04-24;F_MGROS0426;MGROS_04/2026_VIS;D_EQ;SSF;D_EQ_FPD;DE_MGROS_FPD;MGROS.E;2026-04-30;641;662.6;-3.26;667;632.5;667.4;643.5;639.48;568493650;0;8890;5633;8698;590;;;;;
2026-04-24;F_MGROS0526;MGROS_05/2026_VIS;D_EQ;SSF;D_EQ_FPD;DE_MGROS_FPD;MGROS.E;2026-05-25;651.5;676;-3.62;673.1;643;673.1;654;651.19;163187700;0;2506;1491;3631;640;;;;;
2026-04-24;F_MGROS0626;MGROS_06/2026_VIS;D_EQ;SSF;D_EQ_FPD;DE_MGROS_FPD;MGROS.E;2026-06-30;668;690.1;-3.2;687.3;661.2;687.3;674.5;669.78;2545180;0;38;31;94;25;;;;;
2026-04-24;F_ODAS0426;ODAS_04/2026_VIS;D_EQ;SSF;D_EQ_FPD;DE_ODAS_FPD;ODAS.E;2026-04-30;7.04;6.91;1.88;6.93;6.83;7.07;7.03;6.94;235984545;0;340183;5899;550845;-7782;;;;;
2026-04-24;F_ODAS0526;ODAS_05/2026_VIS;D_EQ;SSF;D_EQ_FPD;DE_ODAS_FPD;ODAS.E;2026-05-25;7.23;7.1;1.83;7.1;7.02;7.25;7.22;7.12;67561297;0;94833;2114;222382;22339;;;;;
2026-04-24;F_ODAS0626;ODAS_06/2026_VIS;D_EQ;SSF;D_EQ_FPD;DE_ODAS_FPD;ODAS.E;2026-06-30;7.35;7.31;0.55;7.35;7.24;7.41;7.41;7.32;585711;0;800;74;7575;81;;;;;
2026-04-24;F_OYAKC0426;OYAKC_04/2026_VIS;D_EQ;SSF;D_EQ_FPD;DE_OYAKC_FPD;OYAKC.E;2026-04-30;24.36;24.51;-0.61;24.53;24.2;24.53;24.46;24.36;76480090;0;31402;3838;81413;-7086;24.53;4906;0;2;1
2026-04-24;F_OYAKC0526;OYAKC_05/2026_VIS;D_EQ;SSF;D_EQ_FPD;DE_OYAKC_FPD;OYAKC.E;2026-05-25;25.07;25.15;-0.32;24.76;24.76;25.17;25.05;24.99;11460320;0;4586;779;32435;1672;24.76;24760;0;10;8
2026-04-24;F_OYAKC0626;OYAKC_06/2026_VIS;D_EQ;SSF;D_EQ_FPD;DE_OYAKC_FPD;OYAKC.E;2026-06-30;25.8;25.77;0.12;25.57;25.57;26.12;25.8;25.88;491711;0;190;46;1235;126;;;;;
2026-04-24;F_PETKM0426;PETKM_04/2026_VIS;D_EQ;SSF;D_EQ_FPD;DE_PETKM_FPD;PETKM.E;2026-04-30;22.9;23.04;-0.61;23.09;22.69;23.6;22.93;23.09;859118950;0;372070;16751;380079;-40934;23.09;71579;0;31;5
2026-04-24;F_PETKM0526;PETKM_05/2026_VIS;D_EQ;SSF;D_EQ_FPD;DE_PETKM_FPD;PETKM.E;2026-05-25;23.43;23.58;-0.64;23.75;23.14;24.17;23.43;23.65;247268758;0;104572;5410;89303;33391;23.75;23750;0;10;10
2026-04-24;F_PETKM0626;PETKM_06/2026_VIS;D_EQ;SSF;D_EQ_FPD;DE_PETKM_FPD;PETKM.E;2026-06-30;23.99;23.98;0.04;24.2;23.85;24.71;23.9;24.23;2350788;0;970;136;2837;-78;;;;;
2026-04-24;F_PGSUS0426;PGSUS_04/2026_VIS;D_EQ;SSF;D_EQ_FPD;DE_PGSUS_FPD;PGSUS.E;2026-04-30;190.1;191.6;-0.78;189.6;187.65;191.65;189.6;189.74;710580465;0;37451;16661;90606;-1015;189.6;1042800;0;55;4
2026-04-24;F_PGSUS0526;PGSUS_05/2026_VIS;D_EQ;SSF;D_EQ_FPD;DE_PGSUS_FPD;PGSUS.E;2026-05-25;194.8;196.2;-0.71;195.05;192.3;196.1;194.3;194.27;168861730;0;8692;3280;17922;1188;;;;;
2026-04-24;F_PGSUS0626;PGSUS_06/2026_VIS;D_EQ;SSF;D_EQ_FPD;DE_PGSUS_FPD;PGSUS.E;2026-06-30;200;201.15;-0.57;199.75;198.05;201.3;200;199.95;3259160;0;163;80;1623;87;;;;;
2026-04-24;F_P_USDTRY0426;FIZ. USDTRY_04/2026_VIS;D_CR;PCF;D_CR_FPD;DE_USDTRYP_FPD;USDTRYP.CX;2026-04-30;47.023;47.023;0;0;0;0;0;0;0;0;0;0;0;0;;;;;
2026-04-24;F_P_USDTRY0526;FIZ. USDTRY_05/2026_VIS;D_CR;PCF;D_CR_FPD;DE_USDTRYP_FPD;USDTRYP.CX;2026-05-25;47.079;47.079;0;0;0;0;0;0;0;0;0;0;0;0;;;;;
2026-04-24;F_P_USDTRY0626;FIZ. USDTRY_06/2026_VIS;D_CR;PCF;D_CR_FPD;DE_USDTRYP_FPD;USDTRYP.CX;2026-06-30;48.346;48.346;0;0;0;0;0;0;0;0;0;0;0;0;;;;;
2026-04-24;F_P_USDTRY1226;FIZ. USDTRY_12/2026_VIS;D_CR;PCF;D_CR_FPD;DE_USDTRYP_FPD;USDTRYP.CX;2026-12-31;56.761;56.761;0;0;0;0;0;0;0;0;0;0;0;0;;;;;
2026-04-24;F_RUBTRY0426;RUBTRY_04/2026_VIS;D_CR;CRF;D_CR_FUT;DE_RUBTRY_FUT;D_RUBTRY;2026-04-30;0.58816;0.58816;0;0;0;0;0;0;0;0;0;0;0;0;;;;;
2026-04-24;F_RUBTRY0526;RUBTRY_05/2026_VIS;D_CR;CRF;D_CR_FUT;DE_RUBTRY_FUT;D_RUBTRY;2026-05-25;0.61075;0.61075;0;0;0;0;0;0;0;0;0;0;0;0;;;;;
2026-04-24;F_RUBTRY0626;RUBTRY_06/2026_VIS;D_CR;CRF;D_CR_FUT;DE_RUBTRY_FUT;D_RUBTRY;2026-06-30;0.60047;0.60047;0;0;0;0;0;0;0;0;0;0;3;0;;;;;
2026-04-24;F_RUBTRY1226;RUBTRY_12/2026_VIS;D_CR;CRF;D_CR_FUT;DE_RUBTRY_FUT;D_RUBTRY;2026-12-31;0.66896;0.66896;0;0;0;0;0;0;0;0;0;0;1;0;;;;;
2026-04-24;F_SAHOL0426;SAHOL_04/2026_VIS;D_EQ;SSF;D_EQ_FPD;DE_SAHOL_FPD;SAHOL.E;2026-04-30;99.57;99.88;-0.31;99.08;98.04;100.15;99.51;99.2;1017601827;0;102598;22601;366774;-15871;99.08;118896;0;12;8
2026-04-24;F_SAHOL0526;SAHOL_05/2026_VIS;D_EQ;SSF;D_EQ_FPD;DE_SAHOL_FPD;SAHOL.E;2026-05-25;102.2;102.8;-0.58;102.75;100.55;102.75;102.1;101.67;262747555;0;25830;5922;52181;9088;102.75;256875;0;25;2
2026-04-24;F_SAHOL0626;SAHOL_06/2026_VIS;D_EQ;SSF;D_EQ_FPD;DE_SAHOL_FPD;SAHOL.E;2026-06-30;104.75;105.5;-0.71;105.35;103.5;105.35;104.4;104.44;887725;0;85;39;1347;21;;;;;
2026-04-24;F_SASA0426;SASA_04/2026_VIS;D_EQ;SSF;D_EQ_FPD;DE_SASA_FPD;SASA.E;2026-04-30;3.19;3;6.33;3.01;3;3.23;3.21;3.09;2539490133;0;8216445;11459;8220567;-453366;3.01;781396;0;2596;15
2026-04-24;F_SASA0526;SASA_05/2026_VIS;D_EQ;SSF;D_EQ_FPD;DE_SASA_FPD;SASA.E;2026-05-25;3.27;3.08;6.17;3.08;3.08;3.31;3.3;3.15;610484989;0;1939242;3900;2215435;808087;3.08;1540;0;5;2
2026-04-24;F_SASA0626;SASA_06/2026_VIS;D_EQ;SSF;D_EQ_FPD;DE_SASA_FPD;SASA.E;2026-06-30;3.36;3.17;5.99;3.19;3.17;3.4;3.37;3.24;5881801;0;18174;312;93531;10750;;;;;
2026-04-24;F_SASX100426;SASX 10_04/2026_VIS;D_FR;FIF;D_FR_FUT;DE_SASX10_FUT;D_SASX10;2026-04-30;1517.75;1517.75;0;0;0;0;0;0;0;0;0;0;0;0;;;;;
2026-04-24;F_SASX100626;SASX 10_06/2026_VIS;D_FR;FIF;D_FR_FUT;DE_SASX10_FUT;D_SASX10;2026-06-30;1558.75;1558.75;0;0;0;0;0;0;0;0;0;0;0;0;;;;;
2026-04-24;F_SISE0426;SISE_04/2026_VIS;D_EQ;SSF;D_EQ_FPD;DE_SISE_FPD;SISE.E;2026-04-30;48.22;47.82;0.84;47.7;47.54;48.61;48.2;48.23;906539372;0;187956;20824;262138;-1018;47.7;171720;0;36;8
2026-04-24;F_SISE0526;SISE_05/2026_VIS;D_EQ;SSF;D_EQ_FPD;DE_SISE_FPD;SISE.E;2026-05-25;49.55;49.04;1.04;49.02;48.88;49.88;49.57;49.51;168952532;0;34125;4069;58991;15252;;;;;
2026-04-24;F_SISE0626;SISE_06/2026_VIS;D_EQ;SSF;D_EQ_FPD;DE_SISE_FPD;SISE.E;2026-06-30;50.2;49.52;1.37;49.62;49.45;50.5;50.18;50.11;1037269;0;207;40;7397;-140;;;;;
2026-04-24;F_SOKM0426;SOKM_04/2026_VIS;D_EQ;SSF;D_EQ_FPD;DE_SOKM_FPD;SOKM.E;2026-04-30;49.85;50.83;-1.93;50.73;49.53;50.83;49.7;49.88;121748682;0;24407;5487;55103;-2621;;;;;
2026-04-24;F_SOKM0526;SOKM_05/2026_VIS;D_EQ;SSF;D_EQ_FPD;DE_SOKM_FPD;SOKM.E;2026-05-25;51.19;52.26;-2.05;52.18;50.8;52.2;51.2;51.18;37979128;0;7420;1345;8007;1230;52.18;5218;0;1;1
2026-04-24;F_SOKM0626;SOKM_06/2026_VIS;D_EQ;SSF;D_EQ_FPD;DE_SOKM_FPD;SOKM.E;2026-06-30;52.56;53.86;-2.41;53.48;52.22;54;52.63;52.66;4170378;0;792;256;861;126;;;;;
2026-04-24;F_TAVHL0426;TAVHL_04/2026_VIS;D_EQ;SSF;D_EQ_FPD;DE_TAVHL_FPD;TAVHL.E;2026-04-30;309.3;310.65;-0.43;308.6;304;314;309.75;309.54;358349730;0;11577;5989;51108;-757;308.6;30860;0;1;1
2026-04-24;F_TAVHL0526;TAVHL_05/2026_VIS;D_EQ;SSF;D_EQ_FPD;DE_TAVHL_FPD;TAVHL.E;2026-05-25;316.7;317.85;-0.36;318.05;310.85;321;318.25;316.35;36064040;0;1140;580;5111;191;;;;;
2026-04-24;F_TAVHL0626;TAVHL_06/2026_VIS;D_EQ;SSF;D_EQ_FPD;DE_TAVHL_FPD;TAVHL.E;2026-06-30;323.3;326.85;-1.09;323.2;320;327.65;325.3;324.43;1038165;0;32;31;301;-4;;;;;
2026-04-24;F_TCELL0426;TCELL_04/2026_VIS;D_EQ;SSF;D_EQ_FPD;DE_TCELL_FPD;TCELL.E;2026-04-30;115.15;115.1;0.04;115.1;112.7;115.7;115.3;114.28;1117903350;0;97795;15290;267696;-21180;115.1;115100;0;10;10
2026-04-24;F_TCELL0526;TCELL_05/2026_VIS;D_EQ;SSF;D_EQ_FPD;DE_TCELL_FPD;TCELL.E;2026-05-25;118.2;118.4;-0.17;118.4;115.8;118.7;118.2;117.28;567248310;0;48324;5642;50772;23674;;;;;
2026-04-24;F_TCELL0626;TCELL_06/2026_VIS;D_EQ;SSF;D_EQ_FPD;DE_TCELL_FPD;TCELL.E;2026-06-30;121.5;121.55;-0.04;121;119.1;121.95;121.6;120.5;1036330;0;86;53;265;30;;;;;
2026-04-24;F_THYAO0426;THYAO_04/2026_VIS;D_EQ;SSF;D_EQ_FPD;DE_THYAO_FPD;THYAO.E;2026-04-30;327.1;326.25;0.26;325.55;320.8;328.6;327.5;324.41;3853122745;0;118772;29622;262289;-13195;325.55;651100;0;20;7
2026-04-24;F_THYAO0526;THYAO_05/2026_VIS;D_EQ;SSF;D_EQ_FPD;DE_THYAO_FPD;THYAO.E;2026-05-25;335.9;335.35;0.16;333;329.25;337.2;336.05;332.79;1221484190;0;36704;9598;77898;7790;333;99900;0;3;2
2026-04-24;F_THYAO0626;THYAO_06/2026_VIS;D_EQ;SSF;D_EQ_FPD;DE_THYAO_FPD;THYAO.E;2026-06-30;344.4;344.2;0.06;343.7;338.35;345;344.45;340.9;6272635;0;184;127;1109;-19;;;;;
2026-04-24;F_TKFEN0426;TKFEN_04/2026_VIS;D_EQ;SSF;D_EQ_FPD;DE_TKFEN_FPD;TKFEN.E;2026-04-30;136.5;132.45;3.06;132.45;129.95;139.25;136.4;134.94;707992860;0;52469;15654;30203;-943;132.45;13245;0;1;1
2026-04-24;F_TKFEN0526;TKFEN_05/2026_VIS;D_EQ;SSF;D_EQ_FPD;DE_TKFEN_FPD;TKFEN.E;2026-05-25;139.8;134.35;4.06;133.85;131.4;142.7;140.15;138.84;354570130;0;25538;5341;22970;12637;;;;;
2026-04-24;F_TKFEN0626;TKFEN_06/2026_VIS;D_EQ;SSF;D_EQ_FPD;DE_TKFEN_FPD;TKFEN.E;2026-06-30;143.8;137.95;4.24;139;136;145.95;140.15;140.49;4228810;0;301;142;819;-1;;;;;
2026-04-24;F_TLREF1M0426;1-AY TLREF_04/2026_VIS;D_FI;TRF;D_FI_FUT;DE_TLREF1M_FUT;D_TLREF1M;2026-04-30;40.18;40.18;0;0;0;0;0;0;0;0;0;0;0;0;;;;;
2026-04-24;F_TLREF1M0526;1-AY TLREF_05/2026_VIS;D_FI;TRF;D_FI_FUT;DE_TLREF1M_FUT;D_TLREF1M;2026-05-26;39.93;39.93;0;0;0;0;0;0;0;0;0;0;0;0;;;;;
2026-04-24;F_TLREF1M0626;1-AY TLREF_06/2026_VIS;D_FI;TRF;D_FI_FUT;DE_TLREF1M_FUT;D_TLREF1M;2026-06-30;39.41;39.41;0;0;0;0;0;0;0;0;0;0;0;0;;;;;
2026-04-24;F_TLREF1M0726;1-AY TLREF_07/2026_VIS;D_FI;TRF;D_FI_FUT;DE_TLREF1M_FUT;D_TLREF1M;2026-07-31;37.08;37.08;0;0;0;0;0;0;0;0;0;0;0;0;;;;;
2026-04-24;F_TLREF1M0826;1-AY TLREF_08/2026_VIS;D_FI;TRF;D_FI_FUT;DE_TLREF1M_FUT;D_TLREF1M;2026-08-31;36.85;36.85;0;0;0;0;0;0;0;0;0;0;0;0;;;;;
2026-04-24;F_TLREF1M0926;1-AY TLREF_09/2026_VIS;D_FI;TRF;D_FI_FUT;DE_TLREF1M_FUT;D_TLREF1M;2026-09-30;39.84;39.84;0;0;0;0;0;0;0;0;0;0;0;0;;;;;
2026-04-24;F_TLREF1M1026;1-AY TLREF_10/2026_VIS;D_FI;TRF;D_FI_FUT;DE_TLREF1M_FUT;D_TLREF1M;2026-10-30;40;40;0;0;0;0;0;0;0;0;0;0;0;0;;;;;
2026-04-24;F_TOASO0426;TOASO_04/2026_VIS;D_EQ;SSF;D_EQ_FPD;DE_TOASO_FPD;TOASO.E;2026-04-30;297.5;295.2;0.78;294;290.55;302;295.55;297.42;962226955;0;32352;13555;24800;4378;;;;;
2026-04-24;F_TOASO0526;TOASO_05/2026_VIS;D_EQ;SSF;D_EQ_FPD;DE_TOASO_FPD;TOASO.E;2026-05-25;304.2;301.2;1;300;297.4;308.25;302.25;304.3;189333840;0;6222;3013;6516;2114;;;;;
2026-04-24;F_TOASO0626;TOASO_06/2026_VIS;D_EQ;SSF;D_EQ_FPD;DE_TOASO_FPD;TOASO.E;2026-06-30;311.25;305.4;1.92;311.75;309.15;314.6;310.25;311.6;1589155;0;51;27;120;-19;;;;;
2026-04-24;F_TRALT0426;TRALT_04/2026_VIS;D_EQ;SSF;D_EQ_FPD;DE_TRALT_FPD;TRALT.E;2026-04-30;47.02;47.36;-0.72;47;46.21;47.73;46.99;47.08;1159198865;0;246234;23479;237985;3603;47;94000;0;20;7
2026-04-24;F_TRALT0526;TRALT_05/2026_VIS;D_EQ;SSF;D_EQ_FPD;DE_TRALT_FPD;TRALT.E;2026-05-25;48.25;48.63;-0.78;48.01;47.39;48.93;48.23;48.25;107367706;0;22252;2638;53408;3982;;;;;
2026-04-24;F_TRALT0626;TRALT_06/2026_VIS;D_EQ;SSF;D_EQ_FPD;DE_TRALT_FPD;TRALT.E;2026-06-30;49.92;49.68;0.48;49.19;48.17;50.21;49.4;49.46;1800168;0;364;58;1485;71;;;;;
2026-04-24;F_TRMET0426;TRMET_04/2026_VIS;D_EQ;SSF;D_EQ_FPD;DE_TRMET_FPD;TRMET.E;2026-04-30;133;133.15;-0.11;131.5;130.4;134.55;133.1;132.34;342241555;0;25861;7101;29345;-510;131.5;78900;0;6;2
2026-04-24;F_TRMET0526;TRMET_05/2026_VIS;D_EQ;SSF;D_EQ_FPD;DE_TRMET_FPD;TRMET.E;2026-05-25;136.15;136.85;-0.51;135;133.9;137.2;136.25;135.6;28842920;0;2127;510;1705;225;;;;;
2026-04-24;F_TRMET0626;TRMET_06/2026_VIS;D_EQ;SSF;D_EQ_FPD;DE_TRMET_FPD;TRMET.E;2026-06-30;140.2;141.9;-1.2;140.15;140.15;140.2;140.2;140.19;84115;0;6;2;47;6;;;;;
2026-04-24;F_TRT020926T17_0626;TRT020926T17_06/2026_VIS;D_BO;BOP;D_BO_FPD;DE_TRT020926T17_FPD;TRT020926T17_KESN_T1;2026-06-30;96.611;96.611;0;0;0;0;0;0;0;0;0;0;0;0;;;;;
2026-04-24;F_TRT131130T14_0626;TRT131130T14_06/2026_VIS;D_BO;BOP;D_BO_FPD;DE_TRT131130T14_FPD;TRT131130T14_KESN_T1;2026-06-30;51.835;51.835;0;0;0;0;0;0;0;0;0;0;0;0;;;;;
2026-04-24;F_TRT131130T14_0926;TRT131130T14_09/2026_VIS;D_BO;BOP;D_BO_FPD;DE_TRT131130T14_FPD;TRT131130T14_KESN_T1;2026-09-30;53.186;53.186;0;0;0;0;0;0;0;0;0;0;0;0;;;;;
2026-04-24;F_TSKB0426;TSKB_04/2026_VIS;D_EQ;SSF;D_EQ_FPD;DE_TSKB_FPD;TSKB.E;2026-04-30;12.34;12.36;-0.16;12.25;12.03;12.44;12.34;12.24;93150160;0;76095;4181;181079;-17047;12.25;30625;0;25;5
2026-04-24;F_TSKB0526;TSKB_05/2026_VIS;D_EQ;SSF;D_EQ_FPD;DE_TSKB_FPD;TSKB.E;2026-05-25;12.64;12.66;-0.16;12.65;12.43;12.75;12.64;12.54;28728543;0;22907;1531;30573;3961;;;;;
2026-04-24;F_TSKB0626;TSKB_06/2026_VIS;D_EQ;SSF;D_EQ_FPD;DE_TSKB_FPD;TSKB.E;2026-06-30;12.96;13.14;-1.37;12.9;12.77;13.01;13.01;12.89;652266;0;506;89;6846;198;;;;;
2026-04-24;F_TTKOM0426;TTKOM_04/2026_VIS;D_EQ;SSF;D_EQ_FPD;DE_TTKOM_FPD;TTKOM.E;2026-04-30;64.63;64.09;0.84;64.1;63.17;65.03;64.3;64.3;291722252;0;45371;10289;87832;-496;64.1;25640;0;4;2
2026-04-24;F_TTKOM0526;TTKOM_05/2026_VIS;D_EQ;SSF;D_EQ_FPD;DE_TTKOM_FPD;TTKOM.E;2026-05-25;66.17;65.62;0.84;65.64;64.74;66.36;66.01;65.69;51964340;0;7911;2158;13657;2416;;;;;
2026-04-24;F_TTKOM0626;TTKOM_06/2026_VIS;D_EQ;SSF;D_EQ_FPD;DE_TTKOM_FPD;TTKOM.E;2026-06-30;67.69;67.07;0.92;66.92;66.7;67.77;67.63;67.22;773055;0;115;39;212;13;;;;;
2026-04-24;F_TUPRS0426;TUPRS_04/2026_VIS;D_EQ;SSF;D_EQ_FPD;DE_TUPRS_FPD;TUPRS.E;2026-04-30;270.55;265.35;1.96;267;266.95;274.5;270.5;270.53;1760500460;0;65075;13911;133376;258;267;801000;0;30;12
2026-04-24;F_TUPRS0526;TUPRS_05/2026_VIS;D_EQ;SSF;D_EQ_FPD;DE_TUPRS_FPD;TUPRS.E;2026-05-25;277.65;272.15;2.02;273.45;272.45;281.4;277.95;277.53;328627675;0;11841;2553;14153;5223;;;;;
2026-04-24;F_TUPRS0626;TUPRS_06/2026_VIS;D_EQ;SSF;D_EQ_FPD;DE_TUPRS_FPD;TUPRS.E;2026-06-30;284.85;279.25;2.01;278.6;278.6;289.7;285;284.21;5769395;0;203;92;344;-36;;;;;
2026-04-24;F_ULKER0426;ULKER_04/2026_VIS;D_EQ;SSF;D_EQ_FPD;DE_ULKER_FPD;ULKER.E;2026-04-30;122.7;122.7;0;122.35;119.5;123.7;123.5;120.89;193786320;0;16030;3996;32278;-215;122.35;183525;0;15;3
2026-04-24;F_ULKER0526;ULKER_05/2026_VIS;D_EQ;SSF;D_EQ_FPD;DE_ULKER_FPD;ULKER.E;2026-05-25;126;126.5;-0.4;123.9;122.3;126.6;126.6;123.91;42191165;0;3405;932;9910;1083;123.9;74340;0;6;6
2026-04-24;F_ULKER0626;ULKER_06/2026_VIS;D_EQ;SSF;D_EQ_FPD;DE_ULKER_FPD;ULKER.E;2026-06-30;125.8;129.55;-2.89;126.9;125;127.8;125;125.87;453140;0;36;31;648;0;;;;;
2026-04-24;F_USDTRY0127;USDTRY_01/2027_VIS;D_CR;CRF;D_CR_FUT;DE_USDTRY_FUT;D_USDTRY;2027-01-29;57.15;57.088;0.11;57.15;57.15;57.15;57.15;57.15;57150;0;1;1;938;0;;;;;
2026-04-24;F_USDTRY0227;USDTRY_02/2027_VIS;D_CR;CRF;D_CR_FUT;DE_USDTRY_FUT;D_USDTRY;2027-02-26;58.334;58.334;0;0;0;0;0;0;0;0;0;0;601;0;;;;;
2026-04-24;F_USDTRY0327;USDTRY_03/2027_VIS;D_CR;CRF;D_CR_FUT;DE_USDTRY_FUT;D_USDTRY;2027-03-31;59.824;59.9;-0.13;59.95;59.8;59.95;59.8;59.8238;777710;0;13;3;4168;2;;;;;
2026-04-24;F_USDTRY0426;USDTRY_04/2026_VIS;D_CR;CRF;D_CR_FUT;DE_USDTRY_FUT;D_USDTRY;2026-04-30;45.143;45.144;0;45.139;45.115;45.146;45.137;45.127;10078699910;0;223341;17759;2375858;-154914;45.139;270834;0;6;2
2026-04-24;F_USDTRY0427;USDTRY_04/2027_VIS;D_CR;CRF;D_CR_FUT;DE_USDTRY_FUT;D_USDTRY;2027-04-30;61.187;61.101;0.14;61.194;61.05;61.248;61.24;61.1869;2569850;0;42;13;2333;16;;;;;
2026-04-24;F_USDTRY0526;USDTRY_05/2026_VIS;D_CR;CRF;D_CR_FUT;DE_USDTRY_FUT;D_USDTRY;2026-05-25;46.175;46.144;0.07;46.144;46.123;46.18;46.178;46.1557;10046332604;0;217662;12752;877533;67325;46.144;92288;0;2;2
2026-04-24;F_USDTRY0527;USDTRY_05/2027_VIS;D_CR;CRF;D_CR_FUT;DE_USDTRY_FUT;D_USDTRY;2027-05-31;62.452;62.416;0.06;62.4;62.4;62.497;62.497;62.4518;312259;0;5;5;694;0;;;;;
2026-04-24;F_USDTRY0626;USDTRY_06/2026_VIS;D_CR;CRF;D_CR_FUT;DE_USDTRY_FUT;D_USDTRY;2026-06-30;47.613;47.606;0.01;47.6;47.581;47.634;47.609;47.6068;1233635576;0;25913;662;347577;8899;47.6;1428000;0;30;6
2026-04-24;F_USDTRY0627;USDTRY_06/2027_VIS;D_CR;CRF;D_CR_FUT;DE_USDTRY_FUT;D_USDTRY;2027-06-30;63.608;63.656;-0.08;63.611;63.6;63.633;63.6;63.608;2417104;0;38;12;572;24;;;;;
2026-04-24;F_USDTRY0726;USDTRY_07/2026_VIS;D_CR;CRF;D_CR_FUT;DE_USDTRY_FUT;D_USDTRY;2026-07-31;48.885;48.885;0;48.87;48.865;48.92;48.9;48.8952;22345129;0;457;53;28831;261;;;;;
2026-04-24;F_USDTRY0727;USDTRY_07/2027_VIS;D_CR;CRF;D_CR_FUT;DE_USDTRY_FUT;D_USDTRY;2027-07-30;65.125;64.924;0.31;65.125;65.125;65.125;65.125;65.125;781500;0;12;2;441;0;;;;;
2026-04-24;F_USDTRY0826;USDTRY_08/2026_VIS;D_CR;CRF;D_CR_FUT;DE_USDTRY_FUT;D_USDTRY;2026-08-31;50.248;50.251;-0.01;50.201;50.201;50.26;50.26;50.2465;10350782;0;206;32;45095;88;;;;;
2026-04-24;F_USDTRY0926;USDTRY_09/2026_VIS;D_CR;CRF;D_CR_FUT;DE_USDTRY_FUT;D_USDTRY;2026-09-30;51.51;51.46;0.1;51.46;51.46;51.525;51.511;51.5116;14629308;0;284;47;10887;240;;;;;
2026-04-24;F_USDTRY1026;USDTRY_10/2026_VIS;D_CR;CRF;D_CR_FUT;DE_USDTRY_FUT;D_USDTRY;2026-10-30;52.92;52.94;-0.04;52.94;52.905;52.949;52.905;52.9205;13547645;0;256;34;2659;186;;;;;
2026-04-24;F_USDTRY1126;USDTRY_11/2026_VIS;D_CR;CRF;D_CR_FUT;DE_USDTRY_FUT;D_USDTRY;2026-11-30;54.426;54.439;-0.02;54.401;54.401;54.45;54.45;54.4255;108851;0;2;2;1386;0;;;;;
2026-04-24;F_USDTRY1226;USDTRY_12/2026_VIS;D_CR;CRF;D_CR_FUT;DE_USDTRY_FUT;D_USDTRY;2026-12-31;55.809;55.732;0.14;55.7;55.7;55.88;55.802;55.8265;259928414;0;4656;152;693843;3465;55.7;55700;0;1;1
2026-04-24;F_VAKBN0426;VAKBN_04/2026_VIS;D_EQ;SSF;D_EQ_FPD;DE_VAKBN_FPD;VAKBN.E;2026-04-30;33.64;33.64;0;33.31;33.01;33.9;33.65;33.4;309800868;0;92765;8622;183092;-15760;33.31;69951;0;21;2
2026-04-24;F_VAKBN0526;VAKBN_05/2026_VIS;D_EQ;SSF;D_EQ_FPD;DE_VAKBN_FPD;VAKBN.E;2026-05-25;34.44;34.41;0.09;34.01;33.81;34.65;34.38;34.18;88416747;0;25869;2542;27225;6532;34.01;74822;0;22;7
2026-04-24;F_VAKBN0626;VAKBN_06/2026_VIS;D_EQ;SSF;D_EQ_FPD;DE_VAKBN_FPD;VAKBN.E;2026-06-30;35.3;35.51;-0.59;35.11;35.01;35.55;35.55;35.37;350174;0;99;35;500;67;;;;;
2026-04-24;F_VESTL0426;VESTL_04/2026_VIS;D_EQ;SSF;D_EQ_FPD;DE_VESTL_FPD;VESTL.E;2026-04-30;29.08;28.8;0.97;28.62;28.25;29.48;29;28.55;69554417;0;24360;4863;77492;-3939;28.62;14310;0;5;4
2026-04-24;F_VESTL0526;VESTL_05/2026_VIS;D_EQ;SSF;D_EQ_FPD;DE_VESTL_FPD;VESTL.E;2026-05-25;29.72;29.62;0.34;29.4;28.99;29.77;29.76;29.2;19710844;0;6751;1457;16029;20;29.4;44100;0;15;3
2026-04-24;F_VESTL0626;VESTL_06/2026_VIS;D_EQ;SSF;D_EQ_FPD;DE_VESTL_FPD;VESTL.E;2026-06-30;30.62;30.48;0.46;30.25;29.82;30.65;30.6;30.12;680642;0;226;65;1506;157;;;;;
2026-04-24;F_X10XB0426;BIST BDLKT10_04/2026_VIS;D_IX;INF;D_IX_FUT;DE_BISTBDLIKIT10_FUT;D_X10XBD;2026-04-30;19159;19212;-0.28;19198;18947;19201;19183;19158.5;1532680;0;8;6;63;-1;;;;;
2026-04-24;F_X10XB0626;BIST BDLKT10_06/2026_VIS;D_IX;INF;D_IX_FUT;DE_BISTBDLIKIT10_FUT;D_X10XBD;2026-06-30;19787;20168;-1.89;19798;19773;19800;19800;19787.18;2176590;0;11;3;46;2;;;;;
2026-04-24;F_X10XB0826;BIST BDLKT10_08/2026_VIS;D_IX;INF;D_IX_FUT;DE_BISTBDLIKIT10_FUT;D_X10XBD;2026-08-31;21280;21280;0;0;0;0;0;0;0;0;0;0;9;0;;;;;
2026-04-24;F_X10XB1226;BIST BDLKT10_12/2026_VIS;D_IX;INF;D_IX_FUT;DE_BISTBDLIKIT10_FUT;D_X10XBD;2026-12-31;23350;23350;0;0;0;0;0;0;0;0;0;0;3;0;;;;;
2026-04-24;F_XAGUSD0426;ONS GUMUS_04/2026_VIS;D_PM;PMFU;D_PM_FUT;DE_XAGUSD_FUT;D_XAGUSD;2026-04-30;75.83;78.1;-2.91;74.95;74.09;76.32;75.84;75.217;2952090226.81048;0;87580;12444;159103;11790;74.95;9202973.1916;0;274;38
2026-04-24;F_XAGUSD0626;ONS GUMUS_06/2026_VIS;D_PM;PMFU;D_PM_FUT;DE_XAGUSD_FUT;D_XAGUSD;2026-06-30;77.55;79.92;-2.97;76.95;75.99;78.07;77.5;77.185;806752218.72164;0;23324;3189;114406;7328;76.95;2896635.6216;0;84;26
2026-04-24;F_XAGUSD0826;ONS GUMUS_08/2026_VIS;D_PM;PMFU;D_PM_FUT;DE_XAGUSD_FUT;D_XAGUSD;2026-08-31;78.75;81.2;-3.02;78.29;77.5;79.48;78.1;78.463;25562672.68036;0;727;257;5430;329;78.29;105252.76284;0;3;3
2026-04-24;F_XAUTRYM0426;GR ALTIN_04/2026_VIS;D_PM;PMF;D_PM_FUT;DE_XAUTRY_FUT;D_XAUTRY;2026-04-30;6859.8;6895.9;-0.52;6816.6;6781.1;6880;6865.2;6821.68;479864586.3;0;70344;4679;535140;-1793;6816.6;940690.8;0;138;23
2026-04-24;F_XAUTRYM0626;GR ALTIN_06/2026_VIS;D_PM;PMF;D_PM_FUT;DE_XAUTRY_FUT;D_XAUTRY;2026-06-30;7364;7404.5;-0.55;7318;7280;7390;7390;7325.65;332335440.5;0;45366;3220;652534;4458;7318;234176;0;32;14
2026-04-24;F_XAUTRYM0826;GR ALTIN_08/2026_VIS;D_PM;PMF;D_PM_FUT;DE_XAUTRY_FUT;D_XAUTRY;2026-08-31;7885.3;7924.4;-0.49;7879.9;7820;7909.9;7876;7858.35;4518550.6;0;575;169;96474;-207;7879.9;260036.7;0;33;13
2026-04-24;F_XAUUSD0426;ONS ALTIN_04/2026_VIS;D_PM;PMFU;D_PM_FUT;DE_XAUUSD_FUT;D_XAUUSD;2026-04-30;4726.8;4745.8;-0.4;4688.9;4672.3;4743.6;4727.6;4702.41;9868889142.7844;0;46832;7565;103750;-11565;4688.9;840498.45392;0;4;4
2026-04-24;F_XAUUSD0626;ONS ALTIN_06/2026_VIS;D_PM;PMFU;D_PM_FUT;DE_XAUUSD_FUT;D_XAUUSD;2026-06-30;4805.7;4828.8;-0.48;4770;4755.2;4824;4807;4785.03;3228268130.28788;0;15055;2529;72841;3114;4770;641276.892;0;3;3
2026-04-24;F_XAUUSD0826;ONS ALTIN_08/2026_VIS;D_PM;PMFU;D_PM_FUT;DE_XAUUSD_FUT;D_XAUUSD;2026-08-31;4876.9;4916.2;-0.8;4826.9;4826.9;4898;4887.5;4862.24;9369387.0098;0;43;37;4032;17;;;;;
2026-04-24;F_XCUUSD0426;TON BAKIR_04/2026_VIS;D_MT;MTF;D_MT_FUT;DE_XCUUSD_FUT;D_XCUUSD;2026-04-30;13105.5;13251.5;-1.1;13100.5;13100;13113.5;13102;13105.33;528562.73136;0;9;9;222;-1;;;;;
2026-04-24;F_XCUUSD0626;TON BAKIR_06/2026_VIS;D_MT;MTF;D_MT_FUT;DE_XCUUSD_FUT;D_XCUUSD;2026-06-30;13679.5;13738;-0.43;13682.5;13666;13703;13703;13679.38;245206.6271;0;4;3;111;3;;;;;
2026-04-24;F_XCUUSD0826;TON BAKIR_08/2026_VIS;D_MT;MTF;D_MT_FUT;DE_XCUUSD_FUT;D_XCUUSD;2026-08-31;13625;13838;-1.54;13625;13625;13625;13625;13625;61057.985;0;1;1;29;0;;;;;
2026-04-24;F_XLBNK0426;BIST L.BANKA_04/2026_VIS;D_IX;INF;D_IX_FUT;DE_BISTLBANKA_FUT;D_XLBNKD;2026-04-30;15674;15893;-1.38;15899;15486;15912;15684;15712.77;798523010;0;5082;1858;4440;7;15899;158990;0;1;1
2026-04-24;F_XLBNK0626;BIST L.BANKA_06/2026_VIS;D_IX;INF;D_IX_FUT;DE_BISTLBANKA_FUT;D_XLBNKD;2026-06-30;16511;16716;-1.23;16707;16333;16707;16513;16507.46;61242670;0;371;232;1137;26;;;;;
2026-04-24;F_XLBNK0826;BIST L.BANKA_08/2026_VIS;D_IX;INF;D_IX_FUT;DE_BISTLBANKA_FUT;D_XLBNKD;2026-08-31;17502;17811;-1.73;17502;17502;17502;17502;17502;175020;0;1;1;50;0;;;;;
2026-04-24;F_XLBNK1226;BIST L.BANKA_12/2026_VIS;D_IX;INF;D_IX_FUT;DE_BISTLBANKA_FUT;D_XLBNKD;2026-12-31;19609;20156;-2.71;19300;19300;19849;19798;19589.5;5093270;0;26;26;39;15;;;;;
2026-04-24;F_XPDUSD0426;ONS PALADYUM_04/2026_VIS;D_PM;PMFU;D_PM_FUT;DE_XPDUSD_FUT;D_XPDUSD;2026-04-30;1500.6;1568;-4.3;1450.1;1450.1;1510;1499.9;1493.67;3413735.1364;0;51;30;460;-10;;;;;
2026-04-24;F_XPDUSD0626;ONS PALADYUM_06/2026_VIS;D_PM;PMFU;D_PM_FUT;DE_XPDUSD_FUT;D_XPDUSD;2026-06-30;1513.9;1592.8;-4.95;1491.6;1486.9;1532.5;1532.5;1513.9;407056.22088;0;6;6;231;4;;;;;
2026-04-24;F_XPDUSD0826;ONS PALADYUM_08/2026_VIS;D_PM;PMFU;D_PM_FUT;DE_XPDUSD_FUT;D_XPDUSD;2026-08-31;1549.8;1679.8;-7.74;1549.8;1549.8;1549.8;1549.8;1549.8;69451.49736;0;1;1;32;0;;;;;
2026-04-24;F_XPTUSD0426;ONS PLATIN_04/2026_VIS;D_PM;PMFU;D_PM_FUT;DE_XPTUSD_FUT;D_XPTUSD;2026-04-30;2016.3;2084.1;-3.25;2000;1974.2;2025.3;2012;2003.91;10147595.11572;0;113;54;1087;34;;;;;
2026-04-24;F_XPTUSD0626;ONS PLATIN_06/2026_VIS;D_PM;PMFU;D_PM_FUT;DE_XPTUSD_FUT;D_XPTUSD;2026-06-30;2054;2134.9;-3.79;2066.5;2040.5;2086.5;2069.9;2054.6;1289024.81008;0;14;12;636;-2;2066.5;92606.4778;0;1;1
2026-04-24;F_XPTUSD0826;ONS PLATIN_08/2026_VIS;D_PM;PMFU;D_PM_FUT;DE_XPTUSD_FUT;D_XPTUSD;2026-08-31;2126;2240;-5.09;2130;2120.1;2130;2129.9;2126.02;476368.79732;0;5;5;29;2;;;;;
2026-04-24;F_XSD250426;BIST XSD25_04/2026_VIS;D_IX;INF;D_IX_FUT;DE_BISTSUR25_FUT;D_XSD25D;2026-04-30;18070;18420;-1.9;18070;18070;18070;18070;18070;361400;0;2;1;4;-2;;;;;
2026-04-24;F_XSD250626;BIST XSD25_06/2026_VIS;D_IX;INF;D_IX_FUT;DE_BISTSUR25_FUT;D_XSD25D;2026-06-30;19849;19849;0;0;0;0;0;0;0;0;0;0;1;0;;;;;
2026-04-24;F_XSD250826;BIST XSD25_08/2026_VIS;D_IX;INF;D_IX_FUT;DE_BISTSUR25_FUT;D_XSD25D;2026-08-31;19816;19816;0;0;0;0;0;0;0;0;0;0;0;0;;;;;
2026-04-24;F_XSD251226;BIST XSD25_12/2026_VIS;D_IX;INF;D_IX_FUT;DE_BISTSUR25_FUT;D_XSD25D;2026-12-31;21773;21773;0;0;0;0;0;0;0;0;0;0;0;0;;;;;
2026-04-24;F_XU0300426;BIST 30_04/2026_VIS;D_IX;INF;D_IX_FUT;DE_BIST30_FUT;D_XU030D;2026-04-30;16598;16595;0.02;16610;16385;16662;16613;16526.12;59656585210;0;361093;109667;393275;-28736;16610;31226800;0;188;88
2026-04-24;F_XU0300626;BIST 30_06/2026_VIS;D_IX;INF;D_IX_FUT;DE_BIST30_FUT;D_XU030D;2026-06-30;17400;17435;-0.2;17465;17193;17472;17410;17308.73;19293607370;0;111483;23738;87862;43250;17465;13448050;0;77;20
2026-04-24;F_XU0300826;BIST 30_08/2026_VIS;D_IX;INF;D_IX_FUT;DE_BIST30_FUT;D_XU030D;2026-08-31;18224;18217;0.04;18242;18062;18287;18230;18164.56;96090520;0;529;405;648;131;;;;;
2026-04-24;F_XU0301226;BIST 30_12/2026_VIS;D_IX;INF;D_IX_FUT;DE_BIST30_FUT;D_XU030D;2026-12-31;19645;19680;-0.18;19681;19510;19700;19600;19606.72;6274150;0;32;30;961;-15;;;;;
2026-04-24;F_YKBNK0426;YKBNK_04/2026_VIS;D_EQ;SSF;D_EQ_FPD;DE_YKBNK_FPD;YKBNK.E;2026-04-30;37.89;38.25;-0.94;38.05;37.27;38.27;37.88;37.7;2573299881;0;682602;39807;614185;-64484;38.05;38050;0;10;7
2026-04-24;F_YKBNK0526;YKBNK_05/2026_VIS;D_EQ;SSF;D_EQ_FPD;DE_YKBNK_FPD;YKBNK.E;2026-05-25;38.85;39.29;-1.12;39;38.2;39.25;38.85;38.6;521654167;0;135153;6107;176034;32499;39;249600;0;64;7
2026-04-24;F_YKBNK0626;YKBNK_06/2026_VIS;D_EQ;SSF;D_EQ_FPD;DE_YKBNK_FPD;YKBNK.E;2026-06-30;39.7;40.31;-1.51;40.17;39.3;40.21;39.88;39.73;842283;0;212;128;885;-35;;;;;
2026-04-24;O_AKBNKE0426C100.00;AKBNK_04/2026_AVRUPA_OPSIYON;D_EQ;SSO;D_EQ_ECP;DE_AKBNK_ECP;AKBNK.E;2026-04-30;0.01;0.01;0;0;0;0;0;0;0;0;0;0;20128;0;;;;;
2026-04-24;O_AKBNKE0426C105.00;AKBNK_04/2026_AVRUPA_OPSIYON;D_EQ;SSO;D_EQ_ECP;DE_AKBNK_ECP;AKBNK.E;2026-04-30;0.01;0.01;0;0;0;0;0;0;0;0;0;0;128;0;;;;;
2026-04-24;O_AKBNKE0426C110.00;AKBNK_04/2026_AVRUPA_OPSIYON;D_EQ;SSO;D_EQ_ECP;DE_AKBNK_ECP;AKBNK.E;2026-04-30;0.01;0.01;0;0;0;0;0;0;0;0;0;0;0;0;;;;;
2026-04-24;O_AKBNKE0426C115.00;AKBNK_04/2026_AVRUPA_OPSIYON;D_EQ;SSO;D_EQ_ECP;DE_AKBNK_ECP;AKBNK.E;2026-04-30;0.01;0.01;0;0;0;0;0;0;0;0;0;0;0;0;;;;;
2026-04-24;O_AKBNKE0426C120.00;AKBNK_04/2026_AVRUPA_OPSIYON;D_EQ;SSO;D_EQ_ECP;DE_AKBNK_ECP;AKBNK.E;2026-04-30;0.01;0.01;0;0;0;0;0;0;0;0;0;0;0;0;;;;;
2026-04-24;O_AKBNKE0426C125.00;AKBNK_04/2026_AVRUPA_OPSIYON;D_EQ;SSO;D_EQ_ECP;DE_AKBNK_ECP;AKBNK.E;2026-04-30;0.01;0.01;0;0;0;0;0;0;0;0;0;0;0;0;;;;;
2026-04-24;O_AKBNKE0426C130.00;AKBNK_04/2026_AVRUPA_OPSIYON;D_EQ;SSO;D_EQ_ECP;DE_AKBNK_ECP;AKBNK.E;2026-04-30;0.01;0.01;0;0;0;0;0;0;0;0;0;0;0;0;;;;;
2026-04-24;O_AKBNKE0426C66.00;AKBNK_04/2026_AVRUPA_OPSIYON;D_EQ;SSO;D_EQ_ECP;DE_AKBNK_ECP;AKBNK.E;2026-04-30;12.31;13.8;-10.8;0;0;0;0;0;0;0;0;0;1031;0;;;;;
2026-04-24;O_AKBNKE0426C68.00;AKBNK_04/2026_AVRUPA_OPSIYON;D_EQ;SSO;D_EQ_ECP;DE_AKBNK_ECP;AKBNK.E;2026-04-30;10.33;11.82;-12.61;0;0;0;0;0;0;0;0;0;954;0;;;;;
2026-04-24;O_AKBNKE0426C70.00;AKBNK_04/2026_AVRUPA_OPSIYON;D_EQ;SSO;D_EQ_ECP;DE_AKBNK_ECP;AKBNK.E;2026-04-30;8.36;9.85;-15.13;0;0;0;0;0;0;0;0;0;1000;0;;;;;
2026-04-24;O_AKBNKE0426C74.00;AKBNK_04/2026_AVRUPA_OPSIYON;D_EQ;SSO;D_EQ_ECP;DE_AKBNK_ECP;AKBNK.E;2026-04-30;4.61;6.08;-24.18;0;0;0;0;0;0;0;0;0;2250;0;;;;;
2026-04-24;O_AKBNKE0426C76.00;AKBNK_04/2026_AVRUPA_OPSIYON;D_EQ;SSO;D_EQ_ECP;DE_AKBNK_ECP;AKBNK.E;2026-04-30;3.02;4.39;-31.21;0;0;0;0;0;0;0;0;0;6329;0;;;;;
2026-04-24;O_AKBNKE0426C78.00;AKBNK_04/2026_AVRUPA_OPSIYON;D_EQ;SSO;D_EQ_ECP;DE_AKBNK_ECP;AKBNK.E;2026-04-30;1.77;2.96;-40.2;1.76;1.71;1.76;1.71;1.71;2051400;45023;263;2;618;-10;;;;;
2026-04-24;O_AKBNKE0426C80.00;AKBNK_04/2026_AVRUPA_OPSIYON;D_EQ;SSO;D_EQ_ECP;DE_AKBNK_ECP;AKBNK.E;2026-04-30;0.92;1.84;-50;0;0;0;0;0;0;0;0;0;6110;0;;;;;
2026-04-24;O_AKBNKE0426C82.00;AKBNK_04/2026_AVRUPA_OPSIYON;D_EQ;SSO;D_EQ_ECP;DE_AKBNK_ECP;AKBNK.E;2026-04-30;0.42;1.05;-60;0;0;0;0;0;0;0;0;0;2321;0;;;;;
2026-04-24;O_AKBNKE0426C84.00;AKBNK_04/2026_AVRUPA_OPSIYON;D_EQ;SSO;D_EQ_ECP;DE_AKBNK_ECP;AKBNK.E;2026-04-30;0.17;0.55;-69.09;0;0;0;0;0;0;0;0;0;2500;0;;;;;
2026-04-24;O_AKBNKE0426C86.00;AKBNK_04/2026_AVRUPA_OPSIYON;D_EQ;SSO;D_EQ_ECP;DE_AKBNK_ECP;AKBNK.E;2026-04-30;0.06;0.26;-76.92;0.05;0.05;0.05;0.05;0.05;1290000;750;150;1;1250;-150;;;;;
2026-04-24;O_AKBNKE0426C88.00;AKBNK_04/2026_AVRUPA_OPSIYON;D_EQ;SSO;D_EQ_ECP;DE_AKBNK_ECP;AKBNK.E;2026-04-30;0.02;0.12;-83.33;0.03;0.03;0.03;0.03;0.03;880000;300;100;1;1664;0;;;;;
2026-04-24;O_AKBNKE0426C90.00;AKBNK_04/2026_AVRUPA_OPSIYON;D_EQ;SSO;D_EQ_ECP;DE_AKBNK_ECP;AKBNK.E;2026-04-30;0.01;0.05;-80;0;0;0;0;0;0;0;0;0;3175;0;;;;;
2026-04-24;O_AKBNKE0426C92.00;AKBNK_04/2026_AVRUPA_OPSIYON;D_EQ;SSO;D_EQ_ECP;DE_AKBNK_ECP;AKBNK.E;2026-04-30;0.01;0.02;-50;0;0;0;0;0;0;0;0;0;0;0;;;;;
2026-04-24;O_AKBNKE0426C94.00;AKBNK_04/2026_AVRUPA_OPSIYON;D_EQ;SSO;D_EQ_ECP;DE_AKBNK_ECP;AKBNK.E;2026-04-30;0.01;0.01;0;0;0;0;0;0;0;0;0;0;0;0;;;;;
2026-04-24;O_AKBNKE0426C96.00;AKBNK_04/2026_AVRUPA_OPSIYON;D_EQ;SSO;D_EQ_ECP;DE_AKBNK_ECP;AKBNK.E;2026-04-30;0.01;0.01;0;0;0;0;0;0;0;0;0;0;0;0;;;;;
2026-04-24;O_AKBNKE0426C98.00;AKBNK_04/2026_AVRUPA_OPSIYON;D_EQ;SSO;D_EQ_ECP;DE_AKBNK_ECP;AKBNK.E;2026-04-30;0.01;0.01;0;0;0;0;0;0;0;0;0;0;670;0;;;;;
2026-04-24;O_AKBNKE0426P100.00;AKBNK_04/2026_AVRUPA_OPSIYON;D_EQ;SSO;D_EQ_EPP;DE_AKBNK_EPP;AKBNK.E;2026-04-30;21.48;19.92;7.83;0;0;0;0;0;0;0;0;0;0;0;;;;;
2026-04-24;O_AKBNKE0426P105.00;AKBNK_04/2026_AVRUPA_OPSIYON;D_EQ;SSO;D_EQ_EPP;DE_AKBNK_EPP;AKBNK.E;2026-04-30;26.45;24.88;6.31;0;0;0;0;0;0;0;0;0;0;0;;;;;
2026-04-24;O_AKBNKE0426P56.00;AKBNK_04/2026_AVRUPA_OPSIYON;D_EQ;SSO;D_EQ_EPP;DE_AKBNK_EPP;AKBNK.E;2026-04-30;0.01;0.01;0;0;0;0;0;0;0;0;0;0;0;0;;;;;
2026-04-24;O_AKBNKE0426P58.00;AKBNK_04/2026_AVRUPA_OPSIYON;D_EQ;SSO;D_EQ_EPP;DE_AKBNK_EPP;AKBNK.E;2026-04-30;0.01;0.01;0;0;0;0;0;0;0;0;0;0;0;0;;;;;
2026-04-24;O_AKBNKE0426P60.00;AKBNK_04/2026_AVRUPA_OPSIYON;D_EQ;SSO;D_EQ_EPP;DE_AKBNK_EPP;AKBNK.E;2026-04-30;0.01;0.01;0;0;0;0;0;0;0;0;0;0;0;0;;;;;
2026-04-24;O_AKBNKE0426P62.00;AKBNK_04/2026_AVRUPA_OPSIYON;D_EQ;SSO;D_EQ_EPP;DE_AKBNK_EPP;AKBNK.E;2026-04-30;0.01;0.01;0;0;0;0;0;0;0;0;0;0;6;0;;;;;
2026-04-24;O_AKBNKE0426P64.00;AKBNK_04/2026_AVRUPA_OPSIYON;D_EQ;SSO;D_EQ_EPP;DE_AKBNK_EPP;AKBNK.E;2026-04-30;0.01;0.01;0;0;0;0;0;0;0;0;0;0;3969;0;;;;;
2026-04-24;O_AKBNKE0426P66.00;AKBNK_04/2026_AVRUPA_OPSIYON;D_EQ;SSO;D_EQ_EPP;DE_AKBNK_EPP;AKBNK.E;2026-04-30;0.01;0.01;0;0;0;0;0;0;0;0;0;0;3000;0;;;;;
2026-04-24;O_AKBNKE0426P68.00;AKBNK_04/2026_AVRUPA_OPSIYON;D_EQ;SSO;D_EQ_EPP;DE_AKBNK_EPP;AKBNK.E;2026-04-30;0.01;0.01;0;0;0;0;0;0;0;0;0;0;800;0;;;;;
2026-04-24;O_AKBNKE0426P70.00;AKBNK_04/2026_AVRUPA_OPSIYON;D_EQ;SSO;D_EQ_EPP;DE_AKBNK_EPP;AKBNK.E;2026-04-30;0.02;0.02;0;0;0;0;0;0;0;0;0;0;1144;0;;;;;
2026-04-24;O_AKBNKE0426P72.00;AKBNK_04/2026_AVRUPA_OPSIYON;D_EQ;SSO;D_EQ_EPP;DE_AKBNK_EPP;AKBNK.E;2026-04-30;0.08;0.08;0;0;0;0;0;0;0;0;0;0;2492;0;;;;;
2026-04-24;O_AKBNKE0426P74.00;AKBNK_04/2026_AVRUPA_OPSIYON;D_EQ;SSO;D_EQ_EPP;DE_AKBNK_EPP;AKBNK.E;2026-04-30;0.25;0.22;13.64;0;0;0;0;0;0;0;0;0;1500;0;;;;;
2026-04-24;O_AKBNKE0426P76.00;AKBNK_04/2026_AVRUPA_OPSIYON;D_EQ;SSO;D_EQ_EPP;DE_AKBNK_EPP;AKBNK.E;2026-04-30;0.65;0.51;27.45;0.66;0.51;0.66;0.51;0.62;9522800;78139;1253;6;6000;1000;;;;;
2026-04-24;O_AKBNKE0426P78.00;AKBNK_04/2026_AVRUPA_OPSIYON;D_EQ;SSO;D_EQ_EPP;DE_AKBNK_EPP;AKBNK.E;2026-04-30;1.38;1.06;30.19;1.47;1.16;1.47;1.16;1.26;6130800;99013;786;6;2159;486;;;;;
2026-04-24;O_AKBNKE0426P80.00;AKBNK_04/2026_AVRUPA_OPSIYON;D_EQ;SSO;D_EQ_EPP;DE_AKBNK_EPP;AKBNK.E;2026-04-30;2.52;1.92;31.25;2.51;2.47;2.53;2.47;2.52;2232000;70188;279;7;1191;-87;;;;;
2026-04-24;O_AKBNKE0426P82.00;AKBNK_04/2026_AVRUPA_OPSIYON;D_EQ;SSO;D_EQ_EPP;DE_AKBNK_EPP;AKBNK.E;2026-04-30;4.01;3.12;28.53;3.92;3.92;3.95;3.95;3.93;2050000;98300;250;5;103;-72;;;;;
2026-04-24;O_AKBNKE0426P84.00;AKBNK_04/2026_AVRUPA_OPSIYON;D_EQ;SSO;D_EQ_EPP;DE_AKBNK_EPP;AKBNK.E;2026-04-30;5.75;4.6;25;0;0;0;0;0;0;0;0;0;203;0;;;;;
2026-04-24;O_AKBNKE0426P86.00;AKBNK_04/2026_AVRUPA_OPSIYON;D_EQ;SSO;D_EQ_EPP;DE_AKBNK_EPP;AKBNK.E;2026-04-30;7.63;6.3;21.11;0;0;0;0;0;0;0;0;0;1080;0;;;;;
2026-04-24;O_AKBNKE0426P88.00;AKBNK_04/2026_AVRUPA_OPSIYON;D_EQ;SSO;D_EQ_EPP;DE_AKBNK_EPP;AKBNK.E;2026-04-30;9.57;8.14;17.57;0;0;0;0;0;0;0;0;0;0;0;;;;;
2026-04-24;O_AKBNKE0426P90.00;AKBNK_04/2026_AVRUPA_OPSIYON;D_EQ;SSO;D_EQ_EPP;DE_AKBNK_EPP;AKBNK.E;2026-04-30;11.55;10.05;14.93;0;0;0;0;0;0;0;0;0;0;0;;;;;
2026-04-24;O_AKBNKE0426P92.00;AKBNK_04/2026_AVRUPA_OPSIYON;D_EQ;SSO;D_EQ_EPP;DE_AKBNK_EPP;AKBNK.E;2026-04-30;13.53;12.01;12.66;0;0;0;0;0;0;0;0;0;0;0;;;;;
2026-04-24;O_AKBNKE0426P94.00;AKBNK_04/2026_AVRUPA_OPSIYON;D_EQ;SSO;D_EQ_EPP;DE_AKBNK_EPP;AKBNK.E;2026-04-30;15.52;13.98;11.02;0;0;0;0;0;0;0;0;0;0;0;;;;;
2026-04-24;O_AKBNKE0426P96.00;AKBNK_04/2026_AVRUPA_OPSIYON;D_EQ;SSO;D_EQ_EPP;DE_AKBNK_EPP;AKBNK.E;2026-04-30;17.5;15.96;9.65;0;0;0;0;0;0;0;0;0;0;0;;;;;
2026-04-24;O_AKBNKE0426P98.00;AKBNK_04/2026_AVRUPA_OPSIYON;D_EQ;SSO;D_EQ_EPP;DE_AKBNK_EPP;AKBNK.E;2026-04-30;19.49;17.94;8.64;0;0;0;0;0;0;0;0;0;0;0;;;;;
2026-04-24;O_AKBNKE0526C100.00;AKBNK_05/2026_AVRUPA_OPSIYON;D_EQ;SSO;D_EQ_ECP;DE_AKBNK_ECP;AKBNK.E;2026-05-25;0.17;0.29;-41.38;0;0;0;0;0;0;0;0;0;1;0;;;;;
2026-04-24;O_AKBNKE0526C105.00;AKBNK_05/2026_AVRUPA_OPSIYON;D_EQ;SSO;D_EQ_ECP;DE_AKBNK_ECP;AKBNK.E;2026-05-25;0.07;0.13;-46.15;0;0;0;0;0;0;0;0;0;0;0;;;;;
2026-04-24;O_AKBNKE0526C110.00;AKBNK_05/2026_AVRUPA_OPSIYON;D_EQ;SSO;D_EQ_ECP;DE_AKBNK_ECP;AKBNK.E;2026-05-25;0.03;0.05;-40;0;0;0;0;0;0;0;0;0;0;0;;;;;
2026-04-24;O_AKBNKE0526C115.00;AKBNK_05/2026_AVRUPA_OPSIYON;D_EQ;SSO;D_EQ_ECP;DE_AKBNK_ECP;AKBNK.E;2026-05-25;0.01;0.02;-50;0;0;0;0;0;0;0;0;0;0;0;;;;;
2026-04-24;O_AKBNKE0526C120.00;AKBNK_05/2026_AVRUPA_OPSIYON;D_EQ;SSO;D_EQ_ECP;DE_AKBNK_ECP;AKBNK.E;2026-05-25;0.01;0.01;0;0;0;0;0;0;0;0;0;0;0;0;;;;;
2026-04-24;O_AKBNKE0526C125.00;AKBNK_05/2026_AVRUPA_OPSIYON;D_EQ;SSO;D_EQ_ECP;DE_AKBNK_ECP;AKBNK.E;2026-05-25;0.01;0.01;0;0;0;0;0;0;0;0;0;0;0;0;;;;;
2026-04-24;O_AKBNKE0526C66.00;AKBNK_05/2026_AVRUPA_OPSIYON;D_EQ;SSO;D_EQ_ECP;DE_AKBNK_ECP;AKBNK.E;2026-05-25;14.17;15.63;-9.34;0;0;0;0;0;0;0;0;0;0;0;;;;;
2026-04-24;O_AKBNKE0526C68.00;AKBNK_05/2026_AVRUPA_OPSIYON;D_EQ;SSO;D_EQ_ECP;DE_AKBNK_ECP;AKBNK.E;2026-05-25;12.37;13.81;-10.43;0;0;0;0;0;0;0;0;0;0;0;;;;;
2026-04-24;O_AKBNKE0526C70.00;AKBNK_05/2026_AVRUPA_OPSIYON;D_EQ;SSO;D_EQ_ECP;DE_AKBNK_ECP;AKBNK.E;2026-05-25;10.63;12.05;-11.78;0;0;0;0;0;0;0;0;0;0;0;;;;;
2026-04-24;O_AKBNKE0526C72.00;AKBNK_05/2026_AVRUPA_OPSIYON;D_EQ;SSO;D_EQ_ECP;DE_AKBNK_ECP;AKBNK.E;2026-05-25;8.99;10.37;-13.31;0;0;0;0;0;0;0;0;0;0;0;;;;;
2026-04-24;O_AKBNKE0526C74.00;AKBNK_05/2026_AVRUPA_OPSIYON;D_EQ;SSO;D_EQ_ECP;DE_AKBNK_ECP;AKBNK.E;2026-05-25;7.45;8.78;-15.15;0;0;0;0;0;0;0;0;0;0;0;;;;;
2026-04-24;O_AKBNKE0526C76.00;AKBNK_05/2026_AVRUPA_OPSIYON;D_EQ;SSO;D_EQ_ECP;DE_AKBNK_ECP;AKBNK.E;2026-05-25;6.06;7.31;-17.1;0;0;0;0;0;0;0;0;0;0;0;;;;;
2026-04-24;O_AKBNKE0526C78.00;AKBNK_05/2026_AVRUPA_OPSIYON;D_EQ;SSO;D_EQ_ECP;DE_AKBNK_ECP;AKBNK.E;2026-05-25;4.84;5.99;-19.2;5.12;5.12;5.12;5.12;5.12;390000;25600;50;1;151;50;;;;;
2026-04-24;O_AKBNKE0526C80.00;AKBNK_05/2026_AVRUPA_OPSIYON;D_EQ;SSO;D_EQ_ECP;DE_AKBNK_ECP;AKBNK.E;2026-05-25;3.79;4.83;-21.53;0;0;0;0;0;0;0;0;0;34;0;;;;;
2026-04-24;O_AKBNKE0526C82.00;AKBNK_05/2026_AVRUPA_OPSIYON;D_EQ;SSO;D_EQ_ECP;DE_AKBNK_ECP;AKBNK.E;2026-05-25;2.92;3.82;-23.56;0;0;0;0;0;0;0;0;0;75;0;;;;;
2026-04-24;O_AKBNKE0526C84.00;AKBNK_05/2026_AVRUPA_OPSIYON;D_EQ;SSO;D_EQ_ECP;DE_AKBNK_ECP;AKBNK.E;2026-05-25;2.2;2.98;-26.17;0;0;0;0;0;0;0;0;0;76;0;;;;;
2026-04-24;O_AKBNKE0526C86.00;AKBNK_05/2026_AVRUPA_OPSIYON;D_EQ;SSO;D_EQ_ECP;DE_AKBNK_ECP;AKBNK.E;2026-05-25;1.66;2.3;-27.83;0;0;0;0;0;0;0;0;0;233;0;;;;;
2026-04-24;O_AKBNKE0526C88.00;AKBNK_05/2026_AVRUPA_OPSIYON;D_EQ;SSO;D_EQ_ECP;DE_AKBNK_ECP;AKBNK.E;2026-05-25;1.23;1.76;-30.11;0;0;0;0;0;0;0;0;0;0;0;;;;;
2026-04-24;O_AKBNKE0526C90.00;AKBNK_05/2026_AVRUPA_OPSIYON;D_EQ;SSO;D_EQ_ECP;DE_AKBNK_ECP;AKBNK.E;2026-05-25;0.9;1.33;-32.33;0;0;0;0;0;0;0;0;0;373;0;;;;;
2026-04-24;O_AKBNKE0526C92.00;AKBNK_05/2026_AVRUPA_OPSIYON;D_EQ;SSO;D_EQ_ECP;DE_AKBNK_ECP;AKBNK.E;2026-05-25;0.65;0.99;-34.34;0;0;0;0;0;0;0;0;0;0;0;;;;;
2026-04-24;O_AKBNKE0526C94.00;AKBNK_05/2026_AVRUPA_OPSIYON;D_EQ;SSO;D_EQ_ECP;DE_AKBNK_ECP;AKBNK.E;2026-05-25;0.47;0.74;-36.49;0;0;0;0;0;0;0;0;0;0;0;;;;;
2026-04-24;O_AKBNKE0526C96.00;AKBNK_05/2026_AVRUPA_OPSIYON;D_EQ;SSO;D_EQ_ECP;DE_AKBNK_ECP;AKBNK.E;2026-05-25;0.34;0.54;-37.04;0;0;0;0;0;0;0;0;0;1;0;;;;;
2026-04-24;O_AKBNKE0526C98.00;AKBNK_05/2026_AVRUPA_OPSIYON;D_EQ;SSO;D_EQ_ECP;DE_AKBNK_ECP;AKBNK.E;2026-05-25;0.24;0.4;-40;0;0;0;0;0;0;0;0;0;0;0;;;;;
2026-04-24;O_AKBNKE0526P100.00;AKBNK_05/2026_AVRUPA_OPSIYON;D_EQ;SSO;D_EQ_EPP;DE_AKBNK_EPP;AKBNK.E;2026-05-25;19.09;17.66;8.1;0;0;0;0;0;0;0;0;0;0;0;;;;;
2026-04-24;O_AKBNKE0526P56.00;AKBNK_05/2026_AVRUPA_OPSIYON;D_EQ;SSO;D_EQ_EPP;DE_AKBNK_EPP;AKBNK.E;2026-05-25;0.01;0.01;0;0;0;0;0;0;0;0;0;0;0;0;;;;;
2026-04-24;O_AKBNKE0526P58.00;AKBNK_05/2026_AVRUPA_OPSIYON;D_EQ;SSO;D_EQ_EPP;DE_AKBNK_EPP;AKBNK.E;2026-05-25;0.01;0.01;0;0;0;0;0;0;0;0;0;0;0;0;;;;;
2026-04-24;O_AKBNKE0526P60.00;AKBNK_05/2026_AVRUPA_OPSIYON;D_EQ;SSO;D_EQ_EPP;DE_AKBNK_EPP;AKBNK.E;2026-05-25;0.02;0.02;0;0;0;0;0;0;0;0;0;0;0;0;;;;;
2026-04-24;O_AKBNKE0526P62.00;AKBNK_05/2026_AVRUPA_OPSIYON;D_EQ;SSO;D_EQ_EPP;DE_AKBNK_EPP;AKBNK.E;2026-05-25;0.05;0.04;25;0;0;0;0;0;0;0;0;0;0;0;;;;;
2026-04-24;O_AKBNKE0526P64.00;AKBNK_05/2026_AVRUPA_OPSIYON;D_EQ;SSO;D_EQ_EPP;DE_AKBNK_EPP;AKBNK.E;2026-05-25;0.1;0.09;11.11;0;0;0;0;0;0;0;0;0;0;0;;;;;
2026-04-24;O_AKBNKE0526P66.00;AKBNK_05/2026_AVRUPA_OPSIYON;D_EQ;SSO;D_EQ_EPP;DE_AKBNK_EPP;AKBNK.E;2026-05-25;0.18;0.15;20;0;0;0;0;0;0;0;0;0;0;0;;;;;
2026-04-24;O_AKBNKE0526P68.00;AKBNK_05/2026_AVRUPA_OPSIYON;D_EQ;SSO;D_EQ_EPP;DE_AKBNK_EPP;AKBNK.E;2026-05-25;0.31;0.27;14.81;0;0;0;0;0;0;0;0;0;0;0;;;;;
2026-04-24;O_AKBNKE0526P70.00;AKBNK_05/2026_AVRUPA_OPSIYON;D_EQ;SSO;D_EQ_EPP;DE_AKBNK_EPP;AKBNK.E;2026-05-25;0.51;0.44;15.91;0;0;0;0;0;0;0;0;0;0;0;;;;;
2026-04-24;O_AKBNKE0526P72.00;AKBNK_05/2026_AVRUPA_OPSIYON;D_EQ;SSO;D_EQ_EPP;DE_AKBNK_EPP;AKBNK.E;2026-05-25;0.8;0.68;17.65;0.75;0.74;0.75;0.74;0.75;2232000;23123;310;2;290;-310;;;;;
2026-04-24;O_AKBNKE0526P74.00;AKBNK_05/2026_AVRUPA_OPSIYON;D_EQ;SSO;D_EQ_EPP;DE_AKBNK_EPP;AKBNK.E;2026-05-25;1.2;1.03;16.5;0;0;0;0;0;0;0;0;0;1000;0;;;;;
2026-04-24;O_AKBNKE0526P76.00;AKBNK_05/2026_AVRUPA_OPSIYON;D_EQ;SSO;D_EQ_EPP;DE_AKBNK_EPP;AKBNK.E;2026-05-25;1.75;1.5;16.67;0;0;0;0;0;0;0;0;0;0;0;;;;;
2026-04-24;O_AKBNKE0526P78.00;AKBNK_05/2026_AVRUPA_OPSIYON;D_EQ;SSO;D_EQ_EPP;DE_AKBNK_EPP;AKBNK.E;2026-05-25;2.46;2.1;17.14;1.98;1.98;1.98;1.98;1.98;78000;1980;10;1;300;0;;;;;
2026-04-24;O_AKBNKE0526P80.00;AKBNK_05/2026_AVRUPA_OPSIYON;D_EQ;SSO;D_EQ_EPP;DE_AKBNK_EPP;AKBNK.E;2026-05-25;3.35;2.87;16.72;0;0;0;0;0;0;0;0;0;0;0;;;;;
2026-04-24;O_AKBNKE0526P82.00;AKBNK_05/2026_AVRUPA_OPSIYON;D_EQ;SSO;D_EQ_EPP;DE_AKBNK_EPP;AKBNK.E;2026-05-25;4.41;3.8;16.05;0;0;0;0;0;0;0;0;0;1300;0;;;;;
2026-04-24;O_AKBNKE0526P84.00;AKBNK_05/2026_AVRUPA_OPSIYON;D_EQ;SSO;D_EQ_EPP;DE_AKBNK_EPP;AKBNK.E;2026-05-25;5.64;4.9;15.1;0;0;0;0;0;0;0;0;0;565;0;;;;;
2026-04-24;O_AKBNKE0526P86.00;AKBNK_05/2026_AVRUPA_OPSIYON;D_EQ;SSO;D_EQ_EPP;DE_AKBNK_EPP;AKBNK.E;2026-05-25;7.03;6.14;14.5;6.58;6.58;6.58;6.58;6.58;498800;38164;58;2;1000;0;;;;;
2026-04-24;O_AKBNKE0526P88.00;AKBNK_05/2026_AVRUPA_OPSIYON;D_EQ;SSO;D_EQ_EPP;DE_AKBNK_EPP;AKBNK.E;2026-05-25;8.53;7.53;13.28;0;0;0;0;0;0;0;0;0;517;0;;;;;
2026-04-24;O_AKBNKE0526P90.00;AKBNK_05/2026_AVRUPA_OPSIYON;D_EQ;SSO;D_EQ_EPP;DE_AKBNK_EPP;AKBNK.E;2026-05-25;10.14;9.04;12.17;0;0;0;0;0;0;0;0;0;0;0;;;;;
2026-04-24;O_AKBNKE0526P92.00;AKBNK_05/2026_AVRUPA_OPSIYON;D_EQ;SSO;D_EQ_EPP;DE_AKBNK_EPP;AKBNK.E;2026-05-25;11.83;10.64;11.18;0;0;0;0;0;0;0;0;0;0;0;;;;;
2026-04-24;O_AKBNKE0526P94.00;AKBNK_05/2026_AVRUPA_OPSIYON;D_EQ;SSO;D_EQ_EPP;DE_AKBNK_EPP;AKBNK.E;2026-05-25;13.59;12.31;10.4;0;0;0;0;0;0;0;0;0;0;0;;;;;
2026-04-24;O_AKBNKE0526P96.00;AKBNK_05/2026_AVRUPA_OPSIYON;D_EQ;SSO;D_EQ_EPP;DE_AKBNK_EPP;AKBNK.E;2026-05-25;15.39;14.05;9.54;0;0;0;0;0;0;0;0;0;0;0;;;;;
2026-04-24;O_AKBNKE0526P98.00;AKBNK_05/2026_AVRUPA_OPSIYON;D_EQ;SSO;D_EQ_EPP;DE_AKBNK_EPP;AKBNK.E;2026-05-25;17.23;15.84;8.78;0;0;0;0;0;0;0;0;0;0;0;;;;;
2026-04-24;O_AKBNKE0626C100.00;AKBNK_06/2026_AVRUPA_OPSIYON;D_EQ;SSO;D_EQ_ECP;DE_AKBNK_ECP;AKBNK.E;2026-06-30;1.47;1.87;-21.39;0;0;0;0;0;0;0;0;0;0;0;;;;;
2026-04-24;O_AKBNKE0626C105.00;AKBNK_06/2026_AVRUPA_OPSIYON;D_EQ;SSO;D_EQ_ECP;DE_AKBNK_ECP;AKBNK.E;2026-06-30;0.95;1.23;-22.76;0;0;0;0;0;0;0;0;0;0;0;;;;;
2026-04-24;O_AKBNKE0626C70.00;AKBNK_06/2026_AVRUPA_OPSIYON;D_EQ;SSO;D_EQ_ECP;DE_AKBNK_ECP;AKBNK.E;2026-06-30;14.44;15.85;-8.9;0;0;0;0;0;0;0;0;0;0;0;;;;;
2026-04-24;O_AKBNKE0626C72.00;AKBNK_06/2026_AVRUPA_OPSIYON;D_EQ;SSO;D_EQ_ECP;DE_AKBNK_ECP;AKBNK.E;2026-06-30;12.9;14.29;-9.73;0;0;0;0;0;0;0;0;0;0;0;;;;;
2026-04-24;O_AKBNKE0626C74.00;AKBNK_06/2026_AVRUPA_OPSIYON;D_EQ;SSO;D_EQ_ECP;DE_AKBNK_ECP;AKBNK.E;2026-06-30;11.44;12.79;-10.56;0;0;0;0;0;0;0;0;0;0;0;;;;;
2026-04-24;O_AKBNKE0626C76.00;AKBNK_06/2026_AVRUPA_OPSIYON;D_EQ;SSO;D_EQ_ECP;DE_AKBNK_ECP;AKBNK.E;2026-06-30;10.06;11.37;-11.52;0;0;0;0;0;0;0;0;0;0;0;;;;;
2026-04-24;O_AKBNKE0626C78.00;AKBNK_06/2026_AVRUPA_OPSIYON;D_EQ;SSO;D_EQ_ECP;DE_AKBNK_ECP;AKBNK.E;2026-06-30;8.76;10.03;-12.66;0;0;0;0;0;0;0;0;0;0;0;;;;;
2026-04-24;O_AKBNKE0626C80.00;AKBNK_06/2026_AVRUPA_OPSIYON;D_EQ;SSO;D_EQ_ECP;DE_AKBNK_ECP;AKBNK.E;2026-06-30;7.6;8.79;-13.54;0;0;0;0;0;0;0;0;0;0;0;;;;;
2026-04-24;O_AKBNKE0626C82.00;AKBNK_06/2026_AVRUPA_OPSIYON;D_EQ;SSO;D_EQ_ECP;DE_AKBNK_ECP;AKBNK.E;2026-06-30;6.54;7.66;-14.62;0;0;0;0;0;0;0;0;0;0;0;;;;;
2026-04-24;O_AKBNKE0626C84.00;AKBNK_06/2026_AVRUPA_OPSIYON;D_EQ;SSO;D_EQ_ECP;DE_AKBNK_ECP;AKBNK.E;2026-06-30;5.6;6.63;-15.54;0;0;0;0;0;0;0;0;0;0;0;;;;;
2026-04-24;O_AKBNKE0626C86.00;AKBNK_06/2026_AVRUPA_OPSIYON;D_EQ;SSO;D_EQ_ECP;DE_AKBNK_ECP;AKBNK.E;2026-06-30;4.76;5.71;-16.64;0;0;0;0;0;0;0;0;0;0;0;;;;;
2026-04-24;O_AKBNKE0626C88.00;AKBNK_06/2026_AVRUPA_OPSIYON;D_EQ;SSO;D_EQ_ECP;DE_AKBNK_ECP;AKBNK.E;2026-06-30;4.05;4.9;-17.35;0;0;0;0;0;0;0;0;0;0;0;;;;;
2026-04-24;O_AKBNKE0626C90.00;AKBNK_06/2026_AVRUPA_OPSIYON;D_EQ;SSO;D_EQ_ECP;DE_AKBNK_ECP;AKBNK.E;2026-06-30;3.44;4.2;-18.1;0;0;0;0;0;0;0;0;0;0;0;;;;;
2026-04-24;O_AKBNKE0626C92.00;AKBNK_06/2026_AVRUPA_OPSIYON;D_EQ;SSO;D_EQ_ECP;DE_AKBNK_ECP;AKBNK.E;2026-06-30;2.92;3.59;-18.66;0;0;0;0;0;0;0;0;0;0;0;;;;;
2026-04-24;O_AKBNKE0626C94.00;AKBNK_06/2026_AVRUPA_OPSIYON;D_EQ;SSO;D_EQ_ECP;DE_AKBNK_ECP;AKBNK.E;2026-06-30;2.46;3.06;-19.61;0;0;0;0;0;0;0;0;0;0;0;;;;;
2026-04-24;O_AKBNKE0626C96.00;AKBNK_06/2026_AVRUPA_OPSIYON;D_EQ;SSO;D_EQ_ECP;DE_AKBNK_ECP;AKBNK.E;2026-06-30;2.08;2.61;-20.31;0;0;0;0;0;0;0;0;0;0;0;;;;;
2026-04-24;O_AKBNKE0626C98.00;AKBNK_06/2026_AVRUPA_OPSIYON;D_EQ;SSO;D_EQ_ECP;DE_AKBNK_ECP;AKBNK.E;2026-06-30;1.75;2.21;-20.81;0;0;0;0;0;0;0;0;0;0;0;;;;;
2026-04-24;O_AKBNKE0626P60.00;AKBNK_06/2026_AVRUPA_OPSIYON;D_EQ;SSO;D_EQ_EPP;DE_AKBNK_EPP;AKBNK.E;2026-06-30;0.14;0.12;16.67;0;0;0;0;0;0;0;0;0;0;0;;;;;
2026-04-24;O_AKBNKE0626P62.00;AKBNK_06/2026_AVRUPA_OPSIYON;D_EQ;SSO;D_EQ_EPP;DE_AKBNK_EPP;AKBNK.E;2026-06-30;0.21;0.18;16.67;0;0;0;0;0;0;0;0;0;0;0;;;;;
2026-04-24;O_AKBNKE0626P64.00;AKBNK_06/2026_AVRUPA_OPSIYON;D_EQ;SSO;D_EQ_EPP;DE_AKBNK_EPP;AKBNK.E;2026-06-30;0.31;0.27;14.81;0;0;0;0;0;0;0;0;0;0;0;;;;;
2026-04-24;O_AKBNKE0626P66.00;AKBNK_06/2026_AVRUPA_OPSIYON;D_EQ;SSO;D_EQ_EPP;DE_AKBNK_EPP;AKBNK.E;2026-06-30;0.45;0.4;12.5;0;0;0;0;0;0;0;0;0;0;0;;;;;
2026-04-24;O_AKBNKE0626P68.00;AKBNK_06/2026_AVRUPA_OPSIYON;D_EQ;SSO;D_EQ_EPP;DE_AKBNK_EPP;AKBNK.E;2026-06-30;0.63;0.56;12.5;0;0;0;0;0;0;0;0;0;0;0;;;;;
2026-04-24;O_AKBNKE0626P70.00;AKBNK_06/2026_AVRUPA_OPSIYON;D_EQ;SSO;D_EQ_EPP;DE_AKBNK_EPP;AKBNK.E;2026-06-30;0.87;0.77;12.99;0;0;0;0;0;0;0;0;0;0;0;;;;;
2026-04-24;O_AKBNKE0626P72.00;AKBNK_06/2026_AVRUPA_OPSIYON;D_EQ;SSO;D_EQ_EPP;DE_AKBNK_EPP;AKBNK.E;2026-06-30;1.17;1.04;12.5;0;0;0;0;0;0;0;0;0;0;0;;;;;
2026-04-24;O_AKBNKE0626P74.00;AKBNK_06/2026_AVRUPA_OPSIYON;D_EQ;SSO;D_EQ_EPP;DE_AKBNK_EPP;AKBNK.E;2026-06-30;1.55;1.38;12.32;0;0;0;0;0;0;0;0;0;0;0;;;;;
2026-04-24;O_AKBNKE0626P76.00;AKBNK_06/2026_AVRUPA_OPSIYON;D_EQ;SSO;D_EQ_EPP;DE_AKBNK_EPP;AKBNK.E;2026-06-30;2;1.79;11.73;0;0;0;0;0;0;0;0;0;0;0;;;;;
2026-04-24;O_AKBNKE0626P78.00;AKBNK_06/2026_AVRUPA_OPSIYON;D_EQ;SSO;D_EQ_EPP;DE_AKBNK_EPP;AKBNK.E;2026-06-30;2.55;2.29;11.35;0;0;0;0;0;0;0;0;0;0;0;;;;;
2026-04-24;O_AKBNKE0626P80.00;AKBNK_06/2026_AVRUPA_OPSIYON;D_EQ;SSO;D_EQ_EPP;DE_AKBNK_EPP;AKBNK.E;2026-06-30;3.22;2.87;12.2;0;0;0;0;0;0;0;0;0;0;0;;;;;
2026-04-24;O_AKBNKE0626P82.00;AKBNK_06/2026_AVRUPA_OPSIYON;D_EQ;SSO;D_EQ_EPP;DE_AKBNK_EPP;AKBNK.E;2026-06-30;4;3.58;11.73;0;0;0;0;0;0;0;0;0;0;0;;;;;
2026-04-24;O_AKBNKE0626P84.00;AKBNK_06/2026_AVRUPA_OPSIYON;D_EQ;SSO;D_EQ_EPP;DE_AKBNK_EPP;AKBNK.E;2026-06-30;4.89;4.38;11.64;0;0;0;0;0;0;0;0;0;0;0;;;;;
2026-04-24;O_AKBNKE0626P86.00;AKBNK_06/2026_AVRUPA_OPSIYON;D_EQ;SSO;D_EQ_EPP;DE_AKBNK_EPP;AKBNK.E;2026-06-30;5.9;5.3;11.32;0;0;0;0;0;0;0;0;0;0;0;;;;;
2026-04-24;O_AKBNKE0626P88.00;AKBNK_06/2026_AVRUPA_OPSIYON;D_EQ;SSO;D_EQ_EPP;DE_AKBNK_EPP;AKBNK.E;2026-06-30;7.03;6.32;11.23;0;0;0;0;0;0;0;0;0;0;0;;;;;
2026-04-24;O_AKBNKE0626P90.00;AKBNK_06/2026_AVRUPA_OPSIYON;D_EQ;SSO;D_EQ_EPP;DE_AKBNK_EPP;AKBNK.E;2026-06-30;8.26;7.46;10.72;0;0;0;0;0;0;0;0;0;0;0;;;;;
2026-04-24;O_AKBNKE0626P92.00;AKBNK_06/2026_AVRUPA_OPSIYON;D_EQ;SSO;D_EQ_EPP;DE_AKBNK_EPP;AKBNK.E;2026-06-30;9.57;8.68;10.25;0;0;0;0;0;0;0;0;0;0;0;;;;;
2026-04-24;O_ALARKE0426C100.00;ALARK_04/2026_AVRUPA_OPSIYON;D_EQ;SSO;D_EQ_ECP;DE_ALARK_ECP;ALARK.E;2026-04-30;0.18;0.26;-30.77;0;0;0;0;0;0;0;0;0;1;0;;;;;
2026-04-24;O_ALARKE0426C105.00;ALARK_04/2026_AVRUPA_OPSIYON;D_EQ;SSO;D_EQ_ECP;DE_ALARK_ECP;ALARK.E;2026-04-30;0.02;0.04;-50;0;0;0;0;0;0;0;0;0;5;0;;;;;
2026-04-24;O_ALARKE0426C110.00;ALARK_04/2026_AVRUPA_OPSIYON;D_EQ;SSO;D_EQ_ECP;DE_ALARK_ECP;ALARK.E;2026-04-30;0.01;0.01;0;0;0;0;0;0;0;0;0;0;0;0;;;;;
2026-04-24;O_ALARKE0426C115.00;ALARK_04/2026_AVRUPA_OPSIYON;D_EQ;SSO;D_EQ_ECP;DE_ALARK_ECP;ALARK.E;2026-04-30;0.01;0.01;0;0;0;0;0;0;0;0;0;0;1;0;;;;;
2026-04-24;O_ALARKE0426C120.00;ALARK_04/2026_AVRUPA_OPSIYON;D_EQ;SSO;D_EQ_ECP;DE_ALARK_ECP;ALARK.E;2026-04-30;0.01;0.01;0;0;0;0;0;0;0;0;0;0;0;0;;;;;
2026-04-24;O_ALARKE0426C125.00;ALARK_04/2026_AVRUPA_OPSIYON;D_EQ;SSO;D_EQ_ECP;DE_ALARK_ECP;ALARK.E;2026-04-30;0.01;0.01;0;0;0;0;0;0;0;0;0;0;0;0;;;;;
2026-04-24;O_ALARKE0426C130.00;ALARK_04/2026_AVRUPA_OPSIYON;D_EQ;SSO;D_EQ_ECP;DE_ALARK_ECP;ALARK.E;2026-04-30;0.01;0.01;0;0;0;0;0;0;0;0;0;0;0;0;;;;;
2026-04-24;O_ALARKE0426C135.00;ALARK_04/2026_AVRUPA_OPSIYON;D_EQ;SSO;D_EQ_ECP;DE_ALARK_ECP;ALARK.E;2026-04-30;0.01;0.01;0;0;0;0;0;0;0;0;0;0;0;0;;;;;
2026-04-24;O_ALARKE0426C140.00;ALARK_04/2026_AVRUPA_OPSIYON;D_EQ;SSO;D_EQ_ECP;DE_ALARK_ECP;ALARK.E;2026-04-30;0.01;0.01;0;0;0;0;0;0;0;0;0;0;0;0;;;;;
2026-04-24;O_ALARKE0426C145.00;ALARK_04/2026_AVRUPA_OPSIYON;D_EQ;SSO;D_EQ_ECP;DE_ALARK_ECP;ALARK.E;2026-04-30;0.01;0.01;0;0;0;0;0;0;0;0;0;0;0;0;;;;;
2026-04-24;O_ALARKE0426C150.00;ALARK_04/2026_AVRUPA_OPSIYON;D_EQ;SSO;D_EQ_ECP;DE_ALARK_ECP;ALARK.E;2026-04-30;0.01;0.01;0;0;0;0;0;0;0;0;0;0;0;0;;;;;
2026-04-24;O_ALARKE0426C155.00;ALARK_04/2026_AVRUPA_OPSIYON;D_EQ;SSO;D_EQ_ECP;DE_ALARK_ECP;ALARK.E;2026-04-30;0.01;0.01;0;0;0;0;0;0;0;0;0;0;0;0;;;;;
2026-04-24;O_ALARKE0426C88.00;ALARK_04/2026_AVRUPA_OPSIYON;D_EQ;SSO;D_EQ_ECP;DE_ALARK_ECP;ALARK.E;2026-04-30;5.75;5.52;4.17;0;0;0;0;0;0;0;0;0;1000;0;;;;;
2026-04-24;O_ALARKE0426C90.00;ALARK_04/2026_AVRUPA_OPSIYON;D_EQ;SSO;D_EQ_ECP;DE_ALARK_ECP;ALARK.E;2026-04-30;4.06;3.95;2.78;0;0;0;0;0;0;0;0;0;10;0;;;;;
2026-04-24;O_ALARKE0426C92.00;ALARK_04/2026_AVRUPA_OPSIYON;D_EQ;SSO;D_EQ_ECP;DE_ALARK_ECP;ALARK.E;2026-04-30;2.63;2.64;-0.38;2.54;2.54;2.54;2.54;2.54;27600;762;3;2;46;3;;;;;
2026-04-24;O_ALARKE0426C94.00;ALARK_04/2026_AVRUPA_OPSIYON;D_EQ;SSO;D_EQ_ECP;DE_ALARK_ECP;ALARK.E;2026-04-30;1.54;1.65;-6.67;1.42;1.42;1.51;1.46;1.48;37600;590;4;4;535;0;;;;;
2026-04-24;O_ALARKE0426C96.00;ALARK_04/2026_AVRUPA_OPSIYON;D_EQ;SSO;D_EQ_ECP;DE_ALARK_ECP;ALARK.E;2026-04-30;0.82;0.95;-13.68;0;0;0;0;0;0;0;0;0;24;0;;;;;
2026-04-24;O_ALARKE0426C98.00;ALARK_04/2026_AVRUPA_OPSIYON;D_EQ;SSO;D_EQ_ECP;DE_ALARK_ECP;ALARK.E;2026-04-30;0.39;0.51;-23.53;0;0;0;0;0;0;0;0;0;120;0;;;;;
2026-04-24;O_ALARKE0426P100.00;ALARK_04/2026_AVRUPA_OPSIYON;D_EQ;SSO;D_EQ_EPP;DE_ALARK_EPP;ALARK.E;2026-04-30;6.56;7.03;-6.69;0;0;0;0;0;0;0;0;0;1;0;;;;;
2026-04-24;O_ALARKE0426P105.00;ALARK_04/2026_AVRUPA_OPSIYON;D_EQ;SSO;D_EQ_EPP;DE_ALARK_EPP;ALARK.E;2026-04-30;11.37;11.77;-3.4;0;0;0;0;0;0;0;0;0;0;0;;;;;
2026-04-24;O_ALARKE0426P110.00;ALARK_04/2026_AVRUPA_OPSIYON;D_EQ;SSO;D_EQ_EPP;DE_ALARK_EPP;ALARK.E;2026-04-30;16.32;16.69;-2.22;0;0;0;0;0;0;0;0;0;0;0;;;;;
2026-04-24;O_ALARKE0426P115.00;ALARK_04/2026_AVRUPA_OPSIYON;D_EQ;SSO;D_EQ_EPP;DE_ALARK_EPP;ALARK.E;2026-04-30;21.28;21.65;-1.71;0;0;0;0;0;0;0;0;0;0;0;;;;;
2026-04-24;O_ALARKE0426P120.00;ALARK_04/2026_AVRUPA_OPSIYON;D_EQ;SSO;D_EQ_EPP;DE_ALARK_EPP;ALARK.E;2026-04-30;26.25;26.6;-1.32;0;0;0;0;0;0;0;0;0;0;0;;;;;
2026-04-24;O_ALARKE0426P125.00;ALARK_04/2026_AVRUPA_OPSIYON;D_EQ;SSO;D_EQ_EPP;DE_ALARK_EPP;ALARK.E;2026-04-30;31.22;31.56;-1.08;0;0;0;0;0;0;0;0;0;0;0;;;;;
2026-04-24;O_ALARKE0426P130.00;ALARK_04/2026_AVRUPA_OPSIYON;D_EQ;SSO;D_EQ_EPP;DE_ALARK_EPP;ALARK.E;2026-04-30;36.19;36.52;-0.9;0;0;0;0;0;0;0;0;0;0;0;;;;;
2026-04-24;O_ALARKE0426P78.00;ALARK_04/2026_AVRUPA_OPSIYON;D_EQ;SSO;D_EQ_EPP;DE_ALARK_EPP;ALARK.E;2026-04-30;0.01;0.01;0;0;0;0;0;0;0;0;0;0;0;0;;;;;
2026-04-24;O_ALARKE0426P80.00;ALARK_04/2026_AVRUPA_OPSIYON;D_EQ;SSO;D_EQ_EPP;DE_ALARK_EPP;ALARK.E;2026-04-30;0.01;0.01;0;0;0;0;0;0;0;0;0;0;0;0;;;;;
2026-04-24;O_ALARKE0426P82.00;ALARK_04/2026_AVRUPA_OPSIYON;D_EQ;SSO;D_EQ_EPP;DE_ALARK_EPP;ALARK.E;2026-04-30;0.01;0.02;-50;0;0;0;0;0;0;0;0;0;0;0;;;;;
2026-04-24;O_ALARKE0426P84.00;ALARK_04/2026_AVRUPA_OPSIYON;D_EQ;SSO;D_EQ_EPP;DE_ALARK_EPP;ALARK.E;2026-04-30;0.03;0.06;-50;0;0;0;0;0;0;0;0;0;0;0;;;;;
2026-04-24;O_ALARKE0426P86.00;ALARK_04/2026_AVRUPA_OPSIYON;D_EQ;SSO;D_EQ_EPP;DE_ALARK_EPP;ALARK.E;2026-04-30;0.08;0.17;-52.94;0;0;0;0;0;0;0;0;0;2000;0;;;;;
2026-04-24;O_ALARKE0426P88.00;ALARK_04/2026_AVRUPA_OPSIYON;D_EQ;SSO;D_EQ_EPP;DE_ALARK_EPP;ALARK.E;2026-04-30;0.2;0.39;-48.72;0;0;0;0;0;0;0;0;0;0;0;;;;;
2026-04-24;O_ALARKE0426P90.00;ALARK_04/2026_AVRUPA_OPSIYON;D_EQ;SSO;D_EQ_EPP;DE_ALARK_EPP;ALARK.E;2026-04-30;0.5;0.8;-37.5;0;0;0;0;0;0;0;0;0;118;0;;;;;
2026-04-24;O_ALARKE0426P92.00;ALARK_04/2026_AVRUPA_OPSIYON;D_EQ;SSO;D_EQ_EPP;DE_ALARK_EPP;ALARK.E;2026-04-30;1.05;1.48;-29.05;1.3;1.3;1.3;1.3;1.3;36800;520;4;1;271;-4;;;;;
2026-04-24;O_ALARKE0426P94.00;ALARK_04/2026_AVRUPA_OPSIYON;D_EQ;SSO;D_EQ_EPP;DE_ALARK_EPP;ALARK.E;2026-04-30;1.96;2.47;-20.65;0;0;0;0;0;0;0;0;0;434;0;;;;;
2026-04-24;O_ALARKE0426P96.00;ALARK_04/2026_AVRUPA_OPSIYON;D_EQ;SSO;D_EQ_EPP;DE_ALARK_EPP;ALARK.E;2026-04-30;3.22;3.76;-14.36;0;0;0;0;0;0;0;0;0;70;0;;;;;
2026-04-24;O_ALARKE0426P98.00;ALARK_04/2026_AVRUPA_OPSIYON;D_EQ;SSO;D_EQ_EPP;DE_ALARK_EPP;ALARK.E;2026-04-30;4.78;5.3;-9.81;0;0;0;0;0;0;0;0;0;500;0;;;;;
2026-04-24;O_ALARKE0526C100.00;ALARK_05/2026_AVRUPA_OPSIYON;D_EQ;SSO;D_EQ_ECP;DE_ALARK_ECP;ALARK.E;2026-05-25;2.48;2.44;1.64;0;0;0;0;0;0;0;0;0;0;0;;;;;
2026-04-24;O_ALARKE0526C105.00;ALARK_05/2026_AVRUPA_OPSIYON;D_EQ;SSO;D_EQ_ECP;DE_ALARK_ECP;ALARK.E;2026-05-25;1.4;1.31;6.87;0;0;0;0;0;0;0;0;0;0;0;;;;;
2026-04-24;O_ALARKE0526C110.00;ALARK_05/2026_AVRUPA_OPSIYON;D_EQ;SSO;D_EQ_ECP;DE_ALARK_ECP;ALARK.E;2026-05-25;0.77;0.67;14.93;0;0;0;0;0;0;0;0;0;0;0;;;;;
2026-04-24;O_ALARKE0526C115.00;ALARK_05/2026_AVRUPA_OPSIYON;D_EQ;SSO;D_EQ_ECP;DE_ALARK_ECP;ALARK.E;2026-05-25;0.43;0.34;26.47;0;0;0;0;0;0;0;0;0;0;0;;;;;
2026-04-24;O_ALARKE0526C120.00;ALARK_05/2026_AVRUPA_OPSIYON;D_EQ;SSO;D_EQ_ECP;DE_ALARK_ECP;ALARK.E;2026-05-25;0.24;0.17;41.18;0;0;0;0;0;0;0;0;0;0;0;;;;;
2026-04-24;O_ALARKE0526C125.00;ALARK_05/2026_AVRUPA_OPSIYON;D_EQ;SSO;D_EQ_ECP;DE_ALARK_ECP;ALARK.E;2026-05-25;0.14;0.08;75;0;0;0;0;0;0;0;0;0;0;0;;;;;
2026-04-24;O_ALARKE0526C130.00;ALARK_05/2026_AVRUPA_OPSIYON;D_EQ;SSO;D_EQ_ECP;DE_ALARK_ECP;ALARK.E;2026-05-25;0.08;0.04;100;0;0;0;0;0;0;0;0;0;0;0;;;;;
2026-04-24;O_ALARKE0526C135.00;ALARK_05/2026_AVRUPA_OPSIYON;D_EQ;SSO;D_EQ_ECP;DE_ALARK_ECP;ALARK.E;2026-05-25;0.05;0.02;150;0;0;0;0;0;0;0;0;0;0;0;;;;;
2026-04-24;O_ALARKE0526C140.00;ALARK_05/2026_AVRUPA_OPSIYON;D_EQ;SSO;D_EQ_ECP;DE_ALARK_ECP;ALARK.E;2026-05-25;0.03;0.01;200;0;0;0;0;0;0;0;0;0;0;0;;;;;
2026-04-24;O_ALARKE0526C90.00;ALARK_05/2026_AVRUPA_OPSIYON;D_EQ;SSO;D_EQ_ECP;DE_ALARK_ECP;ALARK.E;2026-05-25;7.59;7.3;3.97;0;0;0;0;0;0;0;0;0;0;0;;;;;
2026-04-24;O_ALARKE0526C92.00;ALARK_05/2026_AVRUPA_OPSIYON;D_EQ;SSO;D_EQ_ECP;DE_ALARK_ECP;ALARK.E;2026-05-25;6.27;6.03;3.98;0;0;0;0;0;0;0;0;0;0;0;;;;;
2026-04-24;O_ALARKE0526C94.00;ALARK_05/2026_AVRUPA_OPSIYON;D_EQ;SSO;D_EQ_ECP;DE_ALARK_ECP;ALARK.E;2026-05-25;5.08;4.91;3.46;2.93;2.78;3.02;3.02;2.84;235000;7111;25;25;31;24;;;;;
2026-04-24;O_ALARKE0526C96.00;ALARK_05/2026_AVRUPA_OPSIYON;D_EQ;SSO;D_EQ_ECP;DE_ALARK_ECP;ALARK.E;2026-05-25;4.07;3.94;3.3;0;0;0;0;0;0;0;0;0;0;0;;;;;
2026-04-24;O_ALARKE0526C98.00;ALARK_05/2026_AVRUPA_OPSIYON;D_EQ;SSO;D_EQ_ECP;DE_ALARK_ECP;ALARK.E;2026-05-25;3.21;3.12;2.88;0;0;0;0;0;0;0;0;0;6;0;;;;;
2026-04-24;O_ALARKE0526P100.00;ALARK_05/2026_AVRUPA_OPSIYON;D_EQ;SSO;D_EQ_EPP;DE_ALARK_EPP;ALARK.E;2026-05-25;6.31;6.67;-5.4;0;0;0;0;0;0;0;0;0;0;0;;;;;
2026-04-24;O_ALARKE0526P105.00;ALARK_05/2026_AVRUPA_OPSIYON;D_EQ;SSO;D_EQ_EPP;DE_ALARK_EPP;ALARK.E;2026-05-25;10.06;10.36;-2.9;0;0;0;0;0;0;0;0;0;0;0;;;;;
2026-04-24;O_ALARKE0526P110.00;ALARK_05/2026_AVRUPA_OPSIYON;D_EQ;SSO;D_EQ_EPP;DE_ALARK_EPP;ALARK.E;2026-05-25;14.28;14.56;-1.92;0;0;0;0;0;0;0;0;0;0;0;;;;;
2026-04-24;O_ALARKE0526P115.00;ALARK_05/2026_AVRUPA_OPSIYON;D_EQ;SSO;D_EQ_EPP;DE_ALARK_EPP;ALARK.E;2026-05-25;18.77;19.05;-1.47;0;0;0;0;0;0;0;0;0;0;0;;;;;
2026-04-24;O_ALARKE0526P80.00;ALARK_05/2026_AVRUPA_OPSIYON;D_EQ;SSO;D_EQ_EPP;DE_ALARK_EPP;ALARK.E;2026-05-25;0.37;0.28;32.14;0;0;0;0;0;0;0;0;0;5;0;;;;;
2026-04-24;O_ALARKE0526P82.00;ALARK_05/2026_AVRUPA_OPSIYON;D_EQ;SSO;D_EQ_EPP;DE_ALARK_EPP;ALARK.E;2026-05-25;0.52;0.44;18.18;0;0;0;0;0;0;0;0;0;0;0;;;;;
2026-04-24;O_ALARKE0526P84.00;ALARK_05/2026_AVRUPA_OPSIYON;D_EQ;SSO;D_EQ_EPP;DE_ALARK_EPP;ALARK.E;2026-05-25;0.72;0.66;9.09;0;0;0;0;0;0;0;0;0;0;0;;;;;
2026-04-24;O_ALARKE0526P86.00;ALARK_05/2026_AVRUPA_OPSIYON;D_EQ;SSO;D_EQ_EPP;DE_ALARK_EPP;ALARK.E;2026-05-25;0.97;0.95;2.11;0;0;0;0;0;0;0;0;0;0;0;;;;;
2026-04-24;O_ALARKE0526P88.00;ALARK_05/2026_AVRUPA_OPSIYON;D_EQ;SSO;D_EQ_EPP;DE_ALARK_EPP;ALARK.E;2026-05-25;1.31;1.35;-2.96;0;0;0;0;0;0;0;0;0;0;0;;;;;
2026-04-24;O_ALARKE0526P90.00;ALARK_05/2026_AVRUPA_OPSIYON;D_EQ;SSO;D_EQ_EPP;DE_ALARK_EPP;ALARK.E;2026-05-25;1.73;1.86;-6.99;0;0;0;0;0;0;0;0;0;0;0;;;;;
2026-04-24;O_ALARKE0526P92.00;ALARK_05/2026_AVRUPA_OPSIYON;D_EQ;SSO;D_EQ_EPP;DE_ALARK_EPP;ALARK.E;2026-05-25;2.35;2.52;-6.75;0;0;0;0;0;0;0;0;0;0;0;;;;;
2026-04-24;O_ALARKE0526P94.00;ALARK_05/2026_AVRUPA_OPSIYON;D_EQ;SSO;D_EQ_EPP;DE_ALARK_EPP;ALARK.E;2026-05-25;3.1;3.33;-6.91;0;0;0;0;0;0;0;0;0;0;0;;;;;
2026-04-24;O_ALARKE0526P96.00;ALARK_05/2026_AVRUPA_OPSIYON;D_EQ;SSO;D_EQ_EPP;DE_ALARK_EPP;ALARK.E;2026-05-25;4.02;4.3;-6.51;0;0;0;0;0;0;0;0;0;0;0;;;;;
2026-04-24;O_ALARKE0526P98.00;ALARK_05/2026_AVRUPA_OPSIYON;D_EQ;SSO;D_EQ_EPP;DE_ALARK_EPP;ALARK.E;2026-05-25;5.09;5.41;-5.91;6.92;6.92;6.92;6.92;6.92;9800;692;1;1;306;0;;;;;
2026-04-24;O_ALARKE0626C100.00;ALARK_06/2026_AVRUPA_OPSIYON;D_EQ;SSO;D_EQ_ECP;DE_ALARK_ECP;ALARK.E;2026-06-30;6.62;6.29;5.25;0;0;0;0;0;0;0;0;0;0;0;;;;;
2026-04-24;O_ALARKE0626C105.00;ALARK_06/2026_AVRUPA_OPSIYON;D_EQ;SSO;D_EQ_ECP;DE_ALARK_ECP;ALARK.E;2026-06-30;4.65;4.42;5.2;0;0;0;0;0;0;0;0;0;0;0;;;;;
2026-04-24;O_ALARKE0626C110.00;ALARK_06/2026_AVRUPA_OPSIYON;D_EQ;SSO;D_EQ_ECP;DE_ALARK_ECP;ALARK.E;2026-06-30;3.39;3.1;9.35;0;0;0;0;0;0;0;0;0;0;0;;;;;
2026-04-24;O_ALARKE0626C115.00;ALARK_06/2026_AVRUPA_OPSIYON;D_EQ;SSO;D_EQ_ECP;DE_ALARK_ECP;ALARK.E;2026-06-30;2.5;2.16;15.74;0;0;0;0;0;0;0;0;0;0;0;;;;;
2026-04-24;O_ALARKE0626C120.00;ALARK_06/2026_AVRUPA_OPSIYON;D_EQ;SSO;D_EQ_ECP;DE_ALARK_ECP;ALARK.E;2026-06-30;1.86;1.51;23.18;0;0;0;0;0;0;0;0;0;0;0;;;;;
2026-04-24;O_ALARKE0626C125.00;ALARK_06/2026_AVRUPA_OPSIYON;D_EQ;SSO;D_EQ_ECP;DE_ALARK_ECP;ALARK.E;2026-06-30;1.41;1.05;34.29;0;0;0;0;0;0;0;0;0;0;0;;;;;
2026-04-24;O_ALARKE0626C130.00;ALARK_06/2026_AVRUPA_OPSIYON;D_EQ;SSO;D_EQ_ECP;DE_ALARK_ECP;ALARK.E;2026-06-30;1.09;0.74;47.3;0;0;0;0;0;0;0;0;0;0;0;;;;;
2026-04-24;O_ALARKE0626C135.00;ALARK_06/2026_AVRUPA_OPSIYON;D_EQ;SSO;D_EQ_ECP;DE_ALARK_ECP;ALARK.E;2026-06-30;0.86;0.53;62.26;0;0;0;0;0;0;0;0;0;0;0;;;;;
2026-04-24;O_ALARKE0626C94.00;ALARK_06/2026_AVRUPA_OPSIYON;D_EQ;SSO;D_EQ_ECP;DE_ALARK_ECP;ALARK.E;2026-06-30;9.9;9.39;5.43;0;0;0;0;0;0;0;0;0;0;0;;;;;
2026-04-24;O_ALARKE0626C96.00;ALARK_06/2026_AVRUPA_OPSIYON;D_EQ;SSO;D_EQ_ECP;DE_ALARK_ECP;ALARK.E;2026-06-30;8.72;8.26;5.57;0;0;0;0;0;0;0;0;0;0;0;;;;;
2026-04-24;O_ALARKE0626C98.00;ALARK_06/2026_AVRUPA_OPSIYON;D_EQ;SSO;D_EQ_ECP;DE_ALARK_ECP;ALARK.E;2026-06-30;7.61;7.22;5.4;0;0;0;0;0;0;0;0;0;0;0;;;;;
2026-04-24;O_ALARKE0626P100.00;ALARK_06/2026_AVRUPA_OPSIYON;D_EQ;SSO;D_EQ_EPP;DE_ALARK_EPP;ALARK.E;2026-06-30;5.52;5.56;-0.72;0;0;0;0;0;0;0;0;0;0;0;;;;;
2026-04-24;O_ALARKE0626P105.00;ALARK_06/2026_AVRUPA_OPSIYON;D_EQ;SSO;D_EQ_EPP;DE_ALARK_EPP;ALARK.E;2026-06-30;8.15;8.28;-1.57;0;0;0;0;0;0;0;0;0;0;0;;;;;
2026-04-24;O_ALARKE0626P110.00;ALARK_06/2026_AVRUPA_OPSIYON;D_EQ;SSO;D_EQ_EPP;DE_ALARK_EPP;ALARK.E;2026-06-30;11.48;11.54;-0.52;0;0;0;0;0;0;0;0;0;0;0;;;;;
2026-04-24;O_ALARKE0626P84.00;ALARK_06/2026_AVRUPA_OPSIYON;D_EQ;SSO;D_EQ_EPP;DE_ALARK_EPP;ALARK.E;2026-06-30;1.45;1.02;42.16;0;0;0;0;0;0;0;0;0;0;0;;;;;
2026-04-24;O_ALARKE0626P86.00;ALARK_06/2026_AVRUPA_OPSIYON;D_EQ;SSO;D_EQ_EPP;DE_ALARK_EPP;ALARK.E;2026-06-30;1.73;1.31;32.06;0;0;0;0;0;0;0;0;0;0;0;;;;;
2026-04-24;O_ALARKE0626P88.00;ALARK_06/2026_AVRUPA_OPSIYON;D_EQ;SSO;D_EQ_EPP;DE_ALARK_EPP;ALARK.E;2026-06-30;2.04;1.66;22.89;0;0;0;0;0;0;0;0;0;0;0;;;;;
2026-04-24;O_ALARKE0626P90.00;ALARK_06/2026_AVRUPA_OPSIYON;D_EQ;SSO;D_EQ_EPP;DE_ALARK_EPP;ALARK.E;2026-06-30;2.41;2.08;15.87;0;0;0;0;0;0;0;0;0;0;0;;;;;
2026-04-24;O_ALARKE0626P92.00;ALARK_06/2026_AVRUPA_OPSIYON;D_EQ;SSO;D_EQ_EPP;DE_ALARK_EPP;ALARK.E;2026-06-30;2.83;2.57;10.12;0;0;0;0;0;0;0;0;0;0;0;;;;;
2026-04-24;O_ALARKE0626P94.00;ALARK_06/2026_AVRUPA_OPSIYON;D_EQ;SSO;D_EQ_EPP;DE_ALARK_EPP;ALARK.E;2026-06-30;3.29;3.16;4.11;0;0;0;0;0;0;0;0;0;0;0;;;;;
2026-04-24;O_ALARKE0626P96.00;ALARK_06/2026_AVRUPA_OPSIYON;D_EQ;SSO;D_EQ_EPP;DE_ALARK_EPP;ALARK.E;2026-06-30;3.94;3.86;2.07;0;0;0;0;0;0;0;0;0;0;0;;;;;
2026-04-24;O_ALARKE0626P98.00;ALARK_06/2026_AVRUPA_OPSIYON;D_EQ;SSO;D_EQ_EPP;DE_ALARK_EPP;ALARK.E;2026-06-30;4.68;4.65;0.65;0;0;0;0;0;0;0;0;0;0;0;;;;;
2026-04-24;O_ARCLKE0426C105.00;ARCLK_04/2026_AVRUPA_OPSIYON;D_EQ;SSO;D_EQ_ECP;DE_ARCLK_ECP;ARCLK.E;2026-04-30;12.89;11.19;15.19;0;0;0;0;0;0;0;0;0;40;0;;;;;
2026-04-24;O_ARCLKE0426C110.00;ARCLK_04/2026_AVRUPA_OPSIYON;D_EQ;SSO;D_EQ_ECP;DE_ARCLK_ECP;ARCLK.E;2026-04-30;8.14;6.75;20.59;0;0;0;0;0;0;0;0;0;60;0;;;;;
2026-04-24;O_ARCLKE0426C115.00;ARCLK_04/2026_AVRUPA_OPSIYON;D_EQ;SSO;D_EQ_ECP;DE_ARCLK_ECP;ARCLK.E;2026-04-30;4.12;3.32;24.1;0;0;0;0;0;0;0;0;0;12;0;;;;;
2026-04-24;O_ARCLKE0426C120.00;ARCLK_04/2026_AVRUPA_OPSIYON;D_EQ;SSO;D_EQ_ECP;DE_ARCLK_ECP;ARCLK.E;2026-04-30;1.55;1.26;23.02;2.21;1.61;2.21;1.61;1.91;48000;764;4;3;2;2;;;;;
2026-04-24;O_ARCLKE0426C125.00;ARCLK_04/2026_AVRUPA_OPSIYON;D_EQ;SSO;D_EQ_ECP;DE_ARCLK_ECP;ARCLK.E;2026-04-30;0.42;0.36;16.67;0;0;0;0;0;0;0;0;0;10;0;;;;;
2026-04-24;O_ARCLKE0426C130.00;ARCLK_04/2026_AVRUPA_OPSIYON;D_EQ;SSO;D_EQ_ECP;DE_ARCLK_ECP;ARCLK.E;2026-04-30;0.09;0.08;12.5;0;0;0;0;0;0;0;0;0;12;0;;;;;
2026-04-24;O_ARCLKE0426C135.00;ARCLK_04/2026_AVRUPA_OPSIYON;D_EQ;SSO;D_EQ_ECP;DE_ARCLK_ECP;ARCLK.E;2026-04-30;0.02;0.01;100;0;0;0;0;0;0;0;0;0;1;0;;;;;
2026-04-24;O_ARCLKE0426C140.00;ARCLK_04/2026_AVRUPA_OPSIYON;D_EQ;SSO;D_EQ_ECP;DE_ARCLK_ECP;ARCLK.E;2026-04-30;0.01;0.01;0;0;0;0;0;0;0;0;0;0;0;0;;;;;
2026-04-24;O_ARCLKE0426C145.00;ARCLK_04/2026_AVRUPA_OPSIYON;D_EQ;SSO;D_EQ_ECP;DE_ARCLK_ECP;ARCLK.E;2026-04-30;0.01;0.01;0;0;0;0;0;0;0;0;0;0;0;0;;;;;
2026-04-24;O_ARCLKE0426C150.00;ARCLK_04/2026_AVRUPA_OPSIYON;D_EQ;SSO;D_EQ_ECP;DE_ARCLK_ECP;ARCLK.E;2026-04-30;0.01;0.01;0;0;0;0;0;0;0;0;0;0;0;0;;;;;
2026-04-24;O_ARCLKE0426C155.00;ARCLK_04/2026_AVRUPA_OPSIYON;D_EQ;SSO;D_EQ_ECP;DE_ARCLK_ECP;ARCLK.E;2026-04-30;0.01;0.01;0;0;0;0;0;0;0;0;0;0;0;0;;;;;
2026-04-24;O_ARCLKE0426C160.00;ARCLK_04/2026_AVRUPA_OPSIYON;D_EQ;SSO;D_EQ_ECP;DE_ARCLK_ECP;ARCLK.E;2026-04-30;0.01;0.01;0;0;0;0;0;0;0;0;0;0;0;0;;;;;
2026-04-24;O_ARCLKE0426C165.00;ARCLK_04/2026_AVRUPA_OPSIYON;D_EQ;SSO;D_EQ_ECP;DE_ARCLK_ECP;ARCLK.E;2026-04-30;0.01;0.01;0;0;0;0;0;0;0;0;0;0;0;0;;;;;
2026-04-24;O_ARCLKE0426C170.00;ARCLK_04/2026_AVRUPA_OPSIYON;D_EQ;SSO;D_EQ_ECP;DE_ARCLK_ECP;ARCLK.E;2026-04-30;0.01;0.01;0;0;0;0;0;0;0;0;0;0;0;0;;;;;
2026-04-24;O_ARCLKE0426C175.00;ARCLK_04/2026_AVRUPA_OPSIYON;D_EQ;SSO;D_EQ_ECP;DE_ARCLK_ECP;ARCLK.E;2026-04-30;0.01;0.01;0;0;0;0;0;0;0;0;0;0;0;0;;;;;
2026-04-24;O_ARCLKE0426P100.00;ARCLK_04/2026_AVRUPA_OPSIYON;D_EQ;SSO;D_EQ_EPP;DE_ARCLK_EPP;ARCLK.E;2026-04-30;0.01;0.01;0;0;0;0;0;0;0;0;0;0;0;0;;;;;
2026-04-24;O_ARCLKE0426P105.00;ARCLK_04/2026_AVRUPA_OPSIYON;D_EQ;SSO;D_EQ_EPP;DE_ARCLK_EPP;ARCLK.E;2026-04-30;0.03;0.12;-75;0;0;0;0;0;0;0;0;0;1;0;;;;;
2026-04-24;O_ARCLKE0426P110.00;ARCLK_04/2026_AVRUPA_OPSIYON;D_EQ;SSO;D_EQ_EPP;DE_ARCLK_EPP;ARCLK.E;2026-04-30;0.25;0.64;-60.94;0;0;0;0;0;0;0;0;0;58;0;;;;;
2026-04-24;O_ARCLKE0426P115.00;ARCLK_04/2026_AVRUPA_OPSIYON;D_EQ;SSO;D_EQ_EPP;DE_ARCLK_EPP;ARCLK.E;2026-04-30;1.21;2.16;-43.98;1.46;1.44;1.46;1.44;1.45;230000;2900;20;2;290;0;;;;;
2026-04-24;O_ARCLKE0426P120.00;ARCLK_04/2026_AVRUPA_OPSIYON;D_EQ;SSO;D_EQ_EPP;DE_ARCLK_EPP;ARCLK.E;2026-04-30;3.6;5.07;-28.99;4.06;4.06;4.06;4.06;4.06;240000;8120;20;2;90;-20;;;;;
2026-04-24;O_ARCLKE0426P125.00;ARCLK_04/2026_AVRUPA_OPSIYON;D_EQ;SSO;D_EQ_EPP;DE_ARCLK_EPP;ARCLK.E;2026-04-30;7.44;9.13;-18.51;0;0;0;0;0;0;0;0;0;30;0;;;;;
2026-04-24;O_ARCLKE0426P130.00;ARCLK_04/2026_AVRUPA_OPSIYON;D_EQ;SSO;D_EQ_EPP;DE_ARCLK_EPP;ARCLK.E;2026-04-30;12.08;13.8;-12.46;0;0;0;0;0;0;0;0;0;0;0;;;;;
2026-04-24;O_ARCLKE0426P135.00;ARCLK_04/2026_AVRUPA_OPSIYON;D_EQ;SSO;D_EQ_EPP;DE_ARCLK_EPP;ARCLK.E;2026-04-30;16.97;18.69;-9.2;0;0;0;0;0;0;0;0;0;0;0;;;;;
2026-04-24;O_ARCLKE0426P140.00;ARCLK_04/2026_AVRUPA_OPSIYON;D_EQ;SSO;D_EQ_EPP;DE_ARCLK_EPP;ARCLK.E;2026-04-30;21.93;23.64;-7.23;0;0;0;0;0;0;0;0;0;0;0;;;;;
2026-04-24;O_ARCLKE0426P145.00;ARCLK_04/2026_AVRUPA_OPSIYON;D_EQ;SSO;D_EQ_EPP;DE_ARCLK_EPP;ARCLK.E;2026-04-30;26.9;28.6;-5.94;0;0;0;0;0;0;0;0;0;0;0;;;;;
2026-04-24;O_ARCLKE0426P150.00;ARCLK_04/2026_AVRUPA_OPSIYON;D_EQ;SSO;D_EQ_EPP;DE_ARCLK_EPP;ARCLK.E;2026-04-30;31.87;33.56;-5.04;0;0;0;0;0;0;0;0;0;0;0;;;;;
2026-04-24;O_ARCLKE0426P92.00;ARCLK_04/2026_AVRUPA_OPSIYON;D_EQ;SSO;D_EQ_EPP;DE_ARCLK_EPP;ARCLK.E;2026-04-30;0.01;0.01;0;0;0;0;0;0;0;0;0;0;0;0;;;;;
2026-04-24;O_ARCLKE0426P94.00;ARCLK_04/2026_AVRUPA_OPSIYON;D_EQ;SSO;D_EQ_EPP;DE_ARCLK_EPP;ARCLK.E;2026-04-30;0.01;0.01;0;0;0;0;0;0;0;0;0;0;1;0;;;;;
2026-04-24;O_ARCLKE0426P96.00;ARCLK_04/2026_AVRUPA_OPSIYON;D_EQ;SSO;D_EQ_EPP;DE_ARCLK_EPP;ARCLK.E;2026-04-30;0.01;0.01;0;0;0;0;0;0;0;0;0;0;130;0;;;;;
2026-04-24;O_ARCLKE0426P98.00;ARCLK_04/2026_AVRUPA_OPSIYON;D_EQ;SSO;D_EQ_EPP;DE_ARCLK_EPP;ARCLK.E;2026-04-30;0.01;0.01;0;0;0;0;0;0;0;0;0;0;0;0;;;;;
2026-04-24;O_ARCLKE0526C110.00;ARCLK_05/2026_AVRUPA_OPSIYON;D_EQ;SSO;D_EQ_ECP;DE_ARCLK_ECP;ARCLK.E;2026-05-25;12.32;10.9;13.03;0;0;0;0;0;0;0;0;0;20;0;;;;;
2026-04-24;O_ARCLKE0526C115.00;ARCLK_05/2026_AVRUPA_OPSIYON;D_EQ;SSO;D_EQ_ECP;DE_ARCLK_ECP;ARCLK.E;2026-05-25;8.79;7.69;14.3;0;0;0;0;0;0;0;0;0;0;0;;;;;
2026-04-24;O_ARCLKE0526C120.00;ARCLK_05/2026_AVRUPA_OPSIYON;D_EQ;SSO;D_EQ_ECP;DE_ARCLK_ECP;ARCLK.E;2026-05-25;5.97;5.16;15.7;0;0;0;0;0;0;0;0;0;20;0;;;;;
2026-04-24;O_ARCLKE0526C125.00;ARCLK_05/2026_AVRUPA_OPSIYON;D_EQ;SSO;D_EQ_ECP;DE_ARCLK_ECP;ARCLK.E;2026-05-25;3.88;3.28;18.29;2.3;2.26;2.3;2.26;2.28;250000;4560;20;2;22;20;;;;;
2026-04-24;O_ARCLKE0526C130.00;ARCLK_05/2026_AVRUPA_OPSIYON;D_EQ;SSO;D_EQ_ECP;DE_ARCLK_ECP;ARCLK.E;2026-05-25;2.47;1.99;24.12;0;0;0;0;0;0;0;0;0;5;0;;;;;
2026-04-24;O_ARCLKE0526C135.00;ARCLK_05/2026_AVRUPA_OPSIYON;D_EQ;SSO;D_EQ_ECP;DE_ARCLK_ECP;ARCLK.E;2026-05-25;1.55;1.14;35.96;0;0;0;0;0;0;0;0;0;0;0;;;;;
2026-04-24;O_ARCLKE0526C140.00;ARCLK_05/2026_AVRUPA_OPSIYON;D_EQ;SSO;D_EQ_ECP;DE_ARCLK_ECP;ARCLK.E;2026-05-25;0.96;0.63;52.38;0;0;0;0;0;0;0;0;0;0;0;;;;;
2026-04-24;O_ARCLKE0526C145.00;ARCLK_05/2026_AVRUPA_OPSIYON;D_EQ;SSO;D_EQ_ECP;DE_ARCLK_ECP;ARCLK.E;2026-05-25;0.59;0.33;78.79;0;0;0;0;0;0;0;0;0;0;0;;;;;
2026-04-24;O_ARCLKE0526C150.00;ARCLK_05/2026_AVRUPA_OPSIYON;D_EQ;SSO;D_EQ_ECP;DE_ARCLK_ECP;ARCLK.E;2026-05-25;0.36;0.16;125;0;0;0;0;0;0;0;0;0;0;0;;;;;
2026-04-24;O_ARCLKE0526C155.00;ARCLK_05/2026_AVRUPA_OPSIYON;D_EQ;SSO;D_EQ_ECP;DE_ARCLK_ECP;ARCLK.E;2026-05-25;0.22;0.08;175;0;0;0;0;0;0;0;0;0;0;0;;;;;
2026-04-24;O_ARCLKE0526P100.00;ARCLK_05/2026_AVRUPA_OPSIYON;D_EQ;SSO;D_EQ_EPP;DE_ARCLK_EPP;ARCLK.E;2026-05-25;0.38;0.4;-5;0;0;0;0;0;0;0;0;0;0;0;;;;;
2026-04-24;O_ARCLKE0526P105.00;ARCLK_05/2026_AVRUPA_OPSIYON;D_EQ;SSO;D_EQ_EPP;DE_ARCLK_EPP;ARCLK.E;2026-05-25;0.82;0.96;-14.58;0;0;0;0;0;0;0;0;0;0;0;;;;;
2026-04-24;O_ARCLKE0526P110.00;ARCLK_05/2026_AVRUPA_OPSIYON;D_EQ;SSO;D_EQ_EPP;DE_ARCLK_EPP;ARCLK.E;2026-05-25;1.62;1.99;-18.59;0;0;0;0;0;0;0;0;0;14;0;;;;;
2026-04-24;O_ARCLKE0526P115.00;ARCLK_05/2026_AVRUPA_OPSIYON;D_EQ;SSO;D_EQ_EPP;DE_ARCLK_EPP;ARCLK.E;2026-05-25;2.94;3.61;-18.56;0;0;0;0;0;0;0;0;0;0;0;;;;;
2026-04-24;O_ARCLKE0526P120.00;ARCLK_05/2026_AVRUPA_OPSIYON;D_EQ;SSO;D_EQ_EPP;DE_ARCLK_EPP;ARCLK.E;2026-05-25;4.96;5.91;-16.07;0;0;0;0;0;0;0;0;0;0;0;;;;;
2026-04-24;O_ARCLKE0526P125.00;ARCLK_05/2026_AVRUPA_OPSIYON;D_EQ;SSO;D_EQ_EPP;DE_ARCLK_EPP;ARCLK.E;2026-05-25;7.71;8.86;-12.98;0;0;0;0;0;0;0;0;0;0;0;;;;;
2026-04-24;O_ARCLKE0526P130.00;ARCLK_05/2026_AVRUPA_OPSIYON;D_EQ;SSO;D_EQ_EPP;DE_ARCLK_EPP;ARCLK.E;2026-05-25;11.15;12.4;-10.08;0;0;0;0;0;0;0;0;0;0;0;;;;;
2026-04-24;O_ARCLKE0526P94.00;ARCLK_05/2026_AVRUPA_OPSIYON;D_EQ;SSO;D_EQ_EPP;DE_ARCLK_EPP;ARCLK.E;2026-05-25;0.13;0.11;18.18;0;0;0;0;0;0;0;0;0;0;0;;;;;
2026-04-24;O_ARCLKE0526P96.00;ARCLK_05/2026_AVRUPA_OPSIYON;D_EQ;SSO;D_EQ_EPP;DE_ARCLK_EPP;ARCLK.E;2026-05-25;0.19;0.17;11.76;0;0;0;0;0;0;0;0;0;6;0;;;;;
2026-04-24;O_ARCLKE0526P98.00;ARCLK_05/2026_AVRUPA_OPSIYON;D_EQ;SSO;D_EQ_EPP;DE_ARCLK_EPP;ARCLK.E;2026-05-25;0.27;0.27;0;0;0;0;0;0;0;0;0;0;0;0;;;;;
2026-04-24;O_ARCLKE0626C110.00;ARCLK_06/2026_AVRUPA_OPSIYON;D_EQ;SSO;D_EQ_ECP;DE_ARCLK_ECP;ARCLK.E;2026-06-30;18.34;16.73;9.62;0;0;0;0;0;0;0;0;0;0;0;;;;;
2026-04-24;O_ARCLKE0626C115.00;ARCLK_06/2026_AVRUPA_OPSIYON;D_EQ;SSO;D_EQ_ECP;DE_ARCLK_ECP;ARCLK.E;2026-06-30;14.85;13.48;10.16;0;0;0;0;0;0;0;0;0;0;0;;;;;
2026-04-24;O_ARCLKE0626C120.00;ARCLK_06/2026_AVRUPA_OPSIYON;D_EQ;SSO;D_EQ_ECP;DE_ARCLK_ECP;ARCLK.E;2026-06-30;11.77;10.65;10.52;0;0;0;0;0;0;0;0;0;0;0;;;;;
2026-04-24;O_ARCLKE0626C125.00;ARCLK_06/2026_AVRUPA_OPSIYON;D_EQ;SSO;D_EQ_ECP;DE_ARCLK_ECP;ARCLK.E;2026-06-30;9.19;8.25;11.39;0;0;0;0;0;0;0;0;0;0;0;;;;;
2026-04-24;O_ARCLKE0626C130.00;ARCLK_06/2026_AVRUPA_OPSIYON;D_EQ;SSO;D_EQ_ECP;DE_ARCLK_ECP;ARCLK.E;2026-06-30;7.09;6.27;13.08;0;0;0;0;0;0;0;0;0;0;0;;;;;
2026-04-24;O_ARCLKE0626C135.00;ARCLK_06/2026_AVRUPA_OPSIYON;D_EQ;SSO;D_EQ_ECP;DE_ARCLK_ECP;ARCLK.E;2026-06-30;5.53;4.67;18.42;0;0;0;0;0;0;0;0;0;0;0;;;;;
2026-04-24;O_ARCLKE0626C140.00;ARCLK_06/2026_AVRUPA_OPSIYON;D_EQ;SSO;D_EQ_ECP;DE_ARCLK_ECP;ARCLK.E;2026-06-30;4.3;3.42;25.73;0;0;0;0;0;0;0;0;0;0;0;;;;;
2026-04-24;O_ARCLKE0626C145.00;ARCLK_06/2026_AVRUPA_OPSIYON;D_EQ;SSO;D_EQ_ECP;DE_ARCLK_ECP;ARCLK.E;2026-06-30;3.34;2.46;35.77;0;0;0;0;0;0;0;0;0;0;0;;;;;
2026-04-24;O_ARCLKE0626C150.00;ARCLK_06/2026_AVRUPA_OPSIYON;D_EQ;SSO;D_EQ_ECP;DE_ARCLK_ECP;ARCLK.E;2026-06-30;2.6;1.74;49.43;0;0;0;0;0;0;0;0;0;0;0;;;;;
2026-04-24;O_ARCLKE0626C155.00;ARCLK_06/2026_AVRUPA_OPSIYON;D_EQ;SSO;D_EQ_ECP;DE_ARCLK_ECP;ARCLK.E;2026-06-30;2.04;1.22;67.21;0;0;0;0;0;0;0;0;0;0;0;;;;;
2026-04-24;O_ARCLKE0626C160.00;ARCLK_06/2026_AVRUPA_OPSIYON;D_EQ;SSO;D_EQ_ECP;DE_ARCLK_ECP;ARCLK.E;2026-06-30;1.6;0.84;90.48;0;0;0;0;0;0;0;0;0;0;0;;;;;
2026-04-24;O_ARCLKE0626P100.00;ARCLK_06/2026_AVRUPA_OPSIYON;D_EQ;SSO;D_EQ_EPP;DE_ARCLK_EPP;ARCLK.E;2026-06-30;0.88;0.78;12.82;0;0;0;0;0;0;0;0;0;0;0;;;;;
2026-04-24;O_ARCLKE0626P105.00;ARCLK_06/2026_AVRUPA_OPSIYON;D_EQ;SSO;D_EQ_EPP;DE_ARCLK_EPP;ARCLK.E;2026-06-30;1.44;1.42;1.41;0;0;0;0;0;0;0;0;0;0;0;;;;;
2026-04-24;O_ARCLKE0626P110.00;ARCLK_06/2026_AVRUPA_OPSIYON;D_EQ;SSO;D_EQ_EPP;DE_ARCLK_EPP;ARCLK.E;2026-06-30;2.24;2.37;-5.49;0;0;0;0;0;0;0;0;0;0;0;;;;;
2026-04-24;O_ARCLKE0626P115.00;ARCLK_06/2026_AVRUPA_OPSIYON;D_EQ;SSO;D_EQ_EPP;DE_ARCLK_EPP;ARCLK.E;2026-06-30;3.33;3.71;-10.24;0;0;0;0;0;0;0;0;0;0;0;;;;;
2026-04-24;O_ARCLKE0626P120.00;ARCLK_06/2026_AVRUPA_OPSIYON;D_EQ;SSO;D_EQ_EPP;DE_ARCLK_EPP;ARCLK.E;2026-06-30;4.85;5.46;-11.17;0;0;0;0;0;0;0;0;0;0;0;;;;;
2026-04-24;O_ARCLKE0626P125.00;ARCLK_06/2026_AVRUPA_OPSIYON;D_EQ;SSO;D_EQ_EPP;DE_ARCLK_EPP;ARCLK.E;2026-06-30;6.87;7.64;-10.08;0;0;0;0;0;0;0;0;0;0;0;;;;;
2026-04-24;O_ARCLKE0626P130.00;ARCLK_06/2026_AVRUPA_OPSIYON;D_EQ;SSO;D_EQ_EPP;DE_ARCLK_EPP;ARCLK.E;2026-06-30;9.36;10.24;-8.59;0;0;0;0;0;0;0;0;0;0;0;;;;;
2026-04-24;O_ARCLKE0626P135.00;ARCLK_06/2026_AVRUPA_OPSIYON;D_EQ;SSO;D_EQ_EPP;DE_ARCLK_EPP;ARCLK.E;2026-06-30;12.4;13.23;-6.27;0;0;0;0;0;0;0;0;0;0;0;;;;;
2026-04-24;O_ARCLKE0626P94.00;ARCLK_06/2026_AVRUPA_OPSIYON;D_EQ;SSO;D_EQ_EPP;DE_ARCLK_EPP;ARCLK.E;2026-06-30;0.46;0.34;35.29;0;0;0;0;0;0;0;0;0;0;0;;;;;
2026-04-24;O_ARCLKE0626P96.00;ARCLK_06/2026_AVRUPA_OPSIYON;D_EQ;SSO;D_EQ_EPP;DE_ARCLK_EPP;ARCLK.E;2026-06-30;0.58;0.45;28.89;0;0;0;0;0;0;0;0;0;0;0;;;;;
2026-04-24;O_ARCLKE0626P98.00;ARCLK_06/2026_AVRUPA_OPSIYON;D_EQ;SSO;D_EQ_EPP;DE_ARCLK_EPP;ARCLK.E;2026-06-30;0.72;0.6;20;0;0;0;0;0;0;0;0;0;0;0;;;;;
2026-04-24;O_ASELSE0426C300.00;ASELS_04/2026_AVRUPA_OPSIYON;D_EQ;SSO;D_EQ_ECP;DE_ASELS_ECP;ASELS.E;2026-04-30;94.12;99.99;-5.87;0;0;0;0;0;0;0;0;0;0;0;;;;;
2026-04-24;O_ASELSE0426C310.00;ASELS_04/2026_AVRUPA_OPSIYON;D_EQ;SSO;D_EQ_ECP;DE_ASELS_ECP;ASELS.E;2026-04-30;84.18;90.07;-6.54;0;0;0;0;0;0;0;0;0;2;0;;;;;
2026-04-24;O_ASELSE0426C320.00;ASELS_04/2026_AVRUPA_OPSIYON;D_EQ;SSO;D_EQ_ECP;DE_ASELS_ECP;ASELS.E;2026-04-30;74.24;80.16;-7.39;0;0;0;0;0;0;0;0;0;107;0;;;;;
2026-04-24;O_ASELSE0426C330.00;ASELS_04/2026_AVRUPA_OPSIYON;D_EQ;SSO;D_EQ_ECP;DE_ASELS_ECP;ASELS.E;2026-04-30;64.31;70.24;-8.44;0;0;0;0;0;0;0;0;0;29;0;;;;;
2026-04-24;O_ASELSE0426C340.00;ASELS_04/2026_AVRUPA_OPSIYON;D_EQ;SSO;D_EQ_ECP;DE_ASELS_ECP;ASELS.E;2026-04-30;54.38;60.35;-9.89;0;0;0;0;0;0;0;0;0;120;0;;;;;
2026-04-24;O_ASELSE0426C350.00;ASELS_04/2026_AVRUPA_OPSIYON;D_EQ;SSO;D_EQ_ECP;DE_ASELS_ECP;ASELS.E;2026-04-30;44.51;50.53;-11.91;0;0;0;0;0;0;0;0;0;107;0;;;;;
2026-04-24;O_ASELSE0426C360.00;ASELS_04/2026_AVRUPA_OPSIYON;D_EQ;SSO;D_EQ_ECP;DE_ASELS_ECP;ASELS.E;2026-04-30;34.82;40.88;-14.82;0;0;0;0;0;0;0;0;0;1440;0;;;;;
2026-04-24;O_ASELSE0426C370.00;ASELS_04/2026_AVRUPA_OPSIYON;D_EQ;SSO;D_EQ_ECP;DE_ASELS_ECP;ASELS.E;2026-04-30;25.62;31.64;-19.03;0;0;0;0;0;0;0;0;0;1929;0;;;;;
2026-04-24;O_ASELSE0426C380.00;ASELS_04/2026_AVRUPA_OPSIYON;D_EQ;SSO;D_EQ_ECP;DE_ASELS_ECP;ASELS.E;2026-04-30;17.41;23.15;-24.79;0;0;0;0;0;0;0;0;0;483;0;;;;;
2026-04-24;O_ASELSE0426C390.00;ASELS_04/2026_AVRUPA_OPSIYON;D_EQ;SSO;D_EQ_ECP;DE_ASELS_ECP;ASELS.E;2026-04-30;10.73;15.86;-32.35;17.2;10.85;17.2;10.85;13.5;1560000;54000;40;4;733;0;;;;;
2026-04-24;O_ASELSE0426C400.00;ASELS_04/2026_AVRUPA_OPSIYON;D_EQ;SSO;D_EQ_ECP;DE_ASELS_ECP;ASELS.E;2026-04-30;5.92;10.07;-41.21;8.65;5.22;8.65;5.3;6.14;6120000;94010;153;11;302;-33;;;;;
2026-04-24;O_ASELSE0426C410.00;ASELS_04/2026_AVRUPA_OPSIYON;D_EQ;SSO;D_EQ_ECP;DE_ASELS_ECP;ASELS.E;2026-04-30;2.89;5.91;-51.1;2.4;2.4;2.4;2.4;2.4;2050000;12000;50;1;366;50;;;;;
2026-04-24;O_ASELSE0426C420.00;ASELS_04/2026_AVRUPA_OPSIYON;D_EQ;SSO;D_EQ_ECP;DE_ASELS_ECP;ASELS.E;2026-04-30;1.25;3.19;-60.82;0;0;0;0;0;0;0;0;0;396;0;;;;;
2026-04-24;O_ASELSE0426C430.00;ASELS_04/2026_AVRUPA_OPSIYON;D_EQ;SSO;D_EQ_ECP;DE_ASELS_ECP;ASELS.E;2026-04-30;0.48;1.61;-70.19;0;0;0;0;0;0;0;0;0;353;0;;;;;
2026-04-24;O_ASELSE0426C440.00;ASELS_04/2026_AVRUPA_OPSIYON;D_EQ;SSO;D_EQ_ECP;DE_ASELS_ECP;ASELS.E;2026-04-30;0.16;0.76;-78.95;0;0;0;0;0;0;0;0;0;350;0;;;;;
2026-04-24;O_ASELSE0426C450.00;ASELS_04/2026_AVRUPA_OPSIYON;D_EQ;SSO;D_EQ_ECP;DE_ASELS_ECP;ASELS.E;2026-04-30;0.05;0.34;-85.29;0;0;0;0;0;0;0;0;0;74;0;;;;;
2026-04-24;O_ASELSE0426C460.00;ASELS_04/2026_AVRUPA_OPSIYON;D_EQ;SSO;D_EQ_ECP;DE_ASELS_ECP;ASELS.E;2026-04-30;0.01;0.14;-92.86;0;0;0;0;0;0;0;0;0;0;0;;;;;
2026-04-24;O_ASELSE0426C470.00;ASELS_04/2026_AVRUPA_OPSIYON;D_EQ;SSO;D_EQ_ECP;DE_ASELS_ECP;ASELS.E;2026-04-30;0.01;0.05;-80;0;0;0;0;0;0;0;0;0;0;0;;;;;
2026-04-24;O_ASELSE0426C480.00;ASELS_04/2026_AVRUPA_OPSIYON;D_EQ;SSO;D_EQ_ECP;DE_ASELS_ECP;ASELS.E;2026-04-30;0.01;0.02;-50;0;0;0;0;0;0;0;0;0;0;0;;;;;
2026-04-24;O_ASELSE0426P250.00;ASELS_04/2026_AVRUPA_OPSIYON;D_EQ;SSO;D_EQ_EPP;DE_ASELS_EPP;ASELS.E;2026-04-30;0.01;0.01;0;0;0;0;0;0;0;0;0;0;0;0;;;;;
2026-04-24;O_ASELSE0426P260.00;ASELS_04/2026_AVRUPA_OPSIYON;D_EQ;SSO;D_EQ_EPP;DE_ASELS_EPP;ASELS.E;2026-04-30;0.01;0.01;0;0;0;0;0;0;0;0;0;0;0;0;;;;;
2026-04-24;O_ASELSE0426P270.00;ASELS_04/2026_AVRUPA_OPSIYON;D_EQ;SSO;D_EQ_EPP;DE_ASELS_EPP;ASELS.E;2026-04-30;0.01;0.01;0;0;0;0;0;0;0;0;0;0;0;0;;;;;
2026-04-24;O_ASELSE0426P280.00;ASELS_04/2026_AVRUPA_OPSIYON;D_EQ;SSO;D_EQ_EPP;DE_ASELS_EPP;ASELS.E;2026-04-30;0.01;0.01;0;0;0;0;0;0;0;0;0;0;0;0;;;;;
2026-04-24;O_ASELSE0426P290.00;ASELS_04/2026_AVRUPA_OPSIYON;D_EQ;SSO;D_EQ_EPP;DE_ASELS_EPP;ASELS.E;2026-04-30;0.01;0.01;0;0;0;0;0;0;0;0;0;0;50;0;;;;;
2026-04-24;O_ASELSE0426P300.00;ASELS_04/2026_AVRUPA_OPSIYON;D_EQ;SSO;D_EQ_EPP;DE_ASELS_EPP;ASELS.E;2026-04-30;0.01;0.01;0;0;0;0;0;0;0;0;0;0;200;0;;;;;
2026-04-24;O_ASELSE0426P310.00;ASELS_04/2026_AVRUPA_OPSIYON;D_EQ;SSO;D_EQ_EPP;DE_ASELS_EPP;ASELS.E;2026-04-30;0.01;0.01;0;0;0;0;0;0;0;0;0;0;741;0;;;;;
2026-04-24;O_ASELSE0426P320.00;ASELS_04/2026_AVRUPA_OPSIYON;D_EQ;SSO;D_EQ_EPP;DE_ASELS_EPP;ASELS.E;2026-04-30;0.01;0.01;0;0;0;0;0;0;0;0;0;0;700;0;;;;;
2026-04-24;O_ASELSE0426P330.00;ASELS_04/2026_AVRUPA_OPSIYON;D_EQ;SSO;D_EQ_EPP;DE_ASELS_EPP;ASELS.E;2026-04-30;0.01;0.01;0;0;0;0;0;0;0;0;0;0;714;0;;;;;
2026-04-24;O_ASELSE0426P340.00;ASELS_04/2026_AVRUPA_OPSIYON;D_EQ;SSO;D_EQ_EPP;DE_ASELS_EPP;ASELS.E;2026-04-30;0.01;0.03;-66.67;0;0;0;0;0;0;0;0;0;413;0;;;;;
2026-04-24;O_ASELSE0426P350.00;ASELS_04/2026_AVRUPA_OPSIYON;D_EQ;SSO;D_EQ_EPP;DE_ASELS_EPP;ASELS.E;2026-04-30;0.08;0.13;-38.46;0;0;0;0;0;0;0;0;0;595;0;;;;;
2026-04-24;O_ASELSE0426P360.00;ASELS_04/2026_AVRUPA_OPSIYON;D_EQ;SSO;D_EQ_EPP;DE_ASELS_EPP;ASELS.E;2026-04-30;0.33;0.4;-17.5;0;0;0;0;0;0;0;0;0;250;0;;;;;
2026-04-24;O_ASELSE0426P370.00;ASELS_04/2026_AVRUPA_OPSIYON;D_EQ;SSO;D_EQ_EPP;DE_ASELS_EPP;ASELS.E;2026-04-30;1.07;1.08;-0.93;0;0;0;0;0;0;0;0;0;203;0;;;;;
2026-04-24;O_ASELSE0426P380.00;ASELS_04/2026_AVRUPA_OPSIYON;D_EQ;SSO;D_EQ_EPP;DE_ASELS_EPP;ASELS.E;2026-04-30;2.79;2.5;11.6;1.7;1.7;1.7;1.7;1.7;2014000;9010;53;1;250;0;;;;;
2026-04-24;O_ASELSE0426P390.00;ASELS_04/2026_AVRUPA_OPSIYON;D_EQ;SSO;D_EQ_EPP;DE_ASELS_EPP;ASELS.E;2026-04-30;6.05;5.13;17.93;4.75;4.65;4.75;4.65;4.7;4134000;49820;106;2;519;106;;;;;
2026-04-24;O_ASELSE0426P400.00;ASELS_04/2026_AVRUPA_OPSIYON;D_EQ;SSO;D_EQ_EPP;DE_ASELS_EPP;ASELS.E;2026-04-30;11.17;9.26;20.63;7.4;7.4;7.4;7.4;7.4;400000;7400;10;1;463;0;;;;;
2026-04-24;O_ASELSE0426P410.00;ASELS_04/2026_AVRUPA_OPSIYON;D_EQ;SSO;D_EQ_EPP;DE_ASELS_EPP;ASELS.E;2026-04-30;18.09;15.01;20.52;10.75;10.75;12.95;12.95;12.07;2050000;60350;50;5;236;-50;;;;;
2026-04-24;O_ASELSE0426P420.00;ASELS_04/2026_AVRUPA_OPSIYON;D_EQ;SSO;D_EQ_EPP;DE_ASELS_EPP;ASELS.E;2026-04-30;26.38;22.21;18.78;0;0;0;0;0;0;0;0;0;1300;0;;;;;
2026-04-24;O_ASELSE0426P430.00;ASELS_04/2026_AVRUPA_OPSIYON;D_EQ;SSO;D_EQ_EPP;DE_ASELS_EPP;ASELS.E;2026-04-30;35.55;30.55;16.37;0;0;0;0;0;0;0;0;0;37;0;;;;;
2026-04-24;O_ASELSE0526C330.00;ASELS_05/2026_AVRUPA_OPSIYON;D_EQ;SSO;D_EQ_ECP;DE_ASELS_ECP;ASELS.E;2026-05-25;73.56;79.49;-7.46;0;0;0;0;0;0;0;0;0;0;0;;;;;
2026-04-24;O_ASELSE0526C340.00;ASELS_05/2026_AVRUPA_OPSIYON;D_EQ;SSO;D_EQ_ECP;DE_ASELS_ECP;ASELS.E;2026-05-25;64.51;70.41;-8.38;0;0;0;0;0;0;0;0;0;0;0;;;;;
2026-04-24;O_ASELSE0526C350.00;ASELS_05/2026_AVRUPA_OPSIYON;D_EQ;SSO;D_EQ_ECP;DE_ASELS_ECP;ASELS.E;2026-05-25;55.81;61.62;-9.43;0;0;0;0;0;0;0;0;0;10;0;;;;;
2026-04-24;O_ASELSE0526C360.00;ASELS_05/2026_AVRUPA_OPSIYON;D_EQ;SSO;D_EQ_ECP;DE_ASELS_ECP;ASELS.E;2026-05-25;47.56;53.22;-10.64;0;0;0;0;0;0;0;0;0;30;0;;;;;
2026-04-24;O_ASELSE0526C370.00;ASELS_05/2026_AVRUPA_OPSIYON;D_EQ;SSO;D_EQ_ECP;DE_ASELS_ECP;ASELS.E;2026-05-25;39.88;45.29;-11.95;0;0;0;0;0;0;0;0;0;30;0;;;;;
2026-04-24;O_ASELSE0526C380.00;ASELS_05/2026_AVRUPA_OPSIYON;D_EQ;SSO;D_EQ_ECP;DE_ASELS_ECP;ASELS.E;2026-05-25;32.86;37.93;-13.37;0;0;0;0;0;0;0;0;0;0;0;;;;;
2026-04-24;O_ASELSE0526C390.00;ASELS_05/2026_AVRUPA_OPSIYON;D_EQ;SSO;D_EQ_ECP;DE_ASELS_ECP;ASELS.E;2026-05-25;26.6;31.25;-14.88;29.85;29.85;29.85;29.85;29.85;1482000;113430;38;4;58;38;;;;;
2026-04-24;O_ASELSE0526C400.00;ASELS_05/2026_AVRUPA_OPSIYON;D_EQ;SSO;D_EQ_ECP;DE_ASELS_ECP;ASELS.E;2026-05-25;21.16;25.38;-16.63;23.65;23.65;23.65;23.65;23.65;1520000;89870;38;4;59;38;;;;;
2026-04-24;O_ASELSE0526C410.00;ASELS_05/2026_AVRUPA_OPSIYON;D_EQ;SSO;D_EQ_ECP;DE_ASELS_ECP;ASELS.E;2026-05-25;16.53;20.28;-18.49;18.3;18.3;18.3;18.3;18.3;1558000;69540;38;4;38;38;;;;;
2026-04-24;O_ASELSE0526C420.00;ASELS_05/2026_AVRUPA_OPSIYON;D_EQ;SSO;D_EQ_ECP;DE_ASELS_ECP;ASELS.E;2026-05-25;12.7;15.99;-20.58;13.8;12.73;13.8;12.73;13.7;462000;15073;11;2;62;11;;;;;
2026-04-24;O_ASELSE0526C430.00;ASELS_05/2026_AVRUPA_OPSIYON;D_EQ;SSO;D_EQ_ECP;DE_ASELS_ECP;ASELS.E;2026-05-25;9.59;12.44;-22.91;0;0;0;0;0;0;0;0;0;37;0;;;;;
2026-04-24;O_ASELSE0526C440.00;ASELS_05/2026_AVRUPA_OPSIYON;D_EQ;SSO;D_EQ_ECP;DE_ASELS_ECP;ASELS.E;2026-05-25;7.16;9.63;-25.65;0;0;0;0;0;0;0;0;0;88;0;;;;;
2026-04-24;O_ASELSE0526C450.00;ASELS_05/2026_AVRUPA_OPSIYON;D_EQ;SSO;D_EQ_ECP;DE_ASELS_ECP;ASELS.E;2026-05-25;5.27;7.38;-28.59;0;0;0;0;0;0;0;0;0;0;0;;;;;
2026-04-24;O_ASELSE0526C460.00;ASELS_05/2026_AVRUPA_OPSIYON;D_EQ;SSO;D_EQ_ECP;DE_ASELS_ECP;ASELS.E;2026-05-25;3.82;5.61;-31.91;0;0;0;0;0;0;0;0;0;0;0;;;;;
2026-04-24;O_ASELSE0526C470.00;ASELS_05/2026_AVRUPA_OPSIYON;D_EQ;SSO;D_EQ_ECP;DE_ASELS_ECP;ASELS.E;2026-05-25;2.74;4.22;-35.07;0;0;0;0;0;0;0;0;0;20;0;;;;;
2026-04-24;O_ASELSE0526C480.00;ASELS_05/2026_AVRUPA_OPSIYON;D_EQ;SSO;D_EQ_ECP;DE_ASELS_ECP;ASELS.E;2026-05-25;1.94;3.16;-38.61;0;0;0;0;0;0;0;0;0;22;0;;;;;
2026-04-24;O_ASELSE0526C490.00;ASELS_05/2026_AVRUPA_OPSIYON;D_EQ;SSO;D_EQ_ECP;DE_ASELS_ECP;ASELS.E;2026-05-25;1.35;2.35;-42.55;0;0;0;0;0;0;0;0;0;0;0;;;;;
2026-04-24;O_ASELSE0526C500.00;ASELS_05/2026_AVRUPA_OPSIYON;D_EQ;SSO;D_EQ_ECP;DE_ASELS_ECP;ASELS.E;2026-05-25;0.94;1.74;-45.98;0;0;0;0;0;0;0;0;0;0;0;;;;;
2026-04-24;O_ASELSE0526P280.00;ASELS_05/2026_AVRUPA_OPSIYON;D_EQ;SSO;D_EQ_EPP;DE_ASELS_EPP;ASELS.E;2026-05-25;0.02;0.03;-33.33;0;0;0;0;0;0;0;0;0;0;0;;;;;
2026-04-24;O_ASELSE0526P290.00;ASELS_05/2026_AVRUPA_OPSIYON;D_EQ;SSO;D_EQ_EPP;DE_ASELS_EPP;ASELS.E;2026-05-25;0.04;0.06;-33.33;0;0;0;0;0;0;0;0;0;0;0;;;;;
2026-04-24;O_ASELSE0526P300.00;ASELS_05/2026_AVRUPA_OPSIYON;D_EQ;SSO;D_EQ_EPP;DE_ASELS_EPP;ASELS.E;2026-05-25;0.1;0.13;-23.08;0;0;0;0;0;0;0;0;0;0;0;;;;;
2026-04-24;O_ASELSE0526P310.00;ASELS_05/2026_AVRUPA_OPSIYON;D_EQ;SSO;D_EQ_EPP;DE_ASELS_EPP;ASELS.E;2026-05-25;0.22;0.26;-15.38;0;0;0;0;0;0;0;0;0;0;0;;;;;
2026-04-24;O_ASELSE0526P320.00;ASELS_05/2026_AVRUPA_OPSIYON;D_EQ;SSO;D_EQ_EPP;DE_ASELS_EPP;ASELS.E;2026-05-25;0.44;0.48;-8.33;0;0;0;0;0;0;0;0;0;0;0;;;;;
2026-04-24;O_ASELSE0526P330.00;ASELS_05/2026_AVRUPA_OPSIYON;D_EQ;SSO;D_EQ_EPP;DE_ASELS_EPP;ASELS.E;2026-05-25;0.83;0.85;-2.35;0;0;0;0;0;0;0;0;0;0;0;;;;;
2026-04-24;O_ASELSE0526P340.00;ASELS_05/2026_AVRUPA_OPSIYON;D_EQ;SSO;D_EQ_EPP;DE_ASELS_EPP;ASELS.E;2026-05-25;1.46;1.43;2.1;0;0;0;0;0;0;0;0;0;86;0;;;;;
2026-04-24;O_ASELSE0526P350.00;ASELS_05/2026_AVRUPA_OPSIYON;D_EQ;SSO;D_EQ_EPP;DE_ASELS_EPP;ASELS.E;2026-05-25;2.44;2.3;6.09;0;0;0;0;0;0;0;0;0;39;0;;;;;
2026-04-24;O_ASELSE0526P360.00;ASELS_05/2026_AVRUPA_OPSIYON;D_EQ;SSO;D_EQ_EPP;DE_ASELS_EPP;ASELS.E;2026-05-25;3.88;3.56;8.99;0;0;0;0;0;0;0;0;0;15;0;;;;;
2026-04-24;O_ASELSE0526P370.00;ASELS_05/2026_AVRUPA_OPSIYON;D_EQ;SSO;D_EQ_EPP;DE_ASELS_EPP;ASELS.E;2026-05-25;5.88;5.29;11.15;6.1;6.1;6.15;6.15;6.13;4218000;69920;114;3;152;114;;;;;
2026-04-24;O_ASELSE0526P380.00;ASELS_05/2026_AVRUPA_OPSIYON;D_EQ;SSO;D_EQ_EPP;DE_ASELS_EPP;ASELS.E;2026-05-25;8.54;7.6;12.37;0;0;0;0;0;0;0;0;0;0;0;;;;;
2026-04-24;O_ASELSE0526P390.00;ASELS_05/2026_AVRUPA_OPSIYON;D_EQ;SSO;D_EQ_EPP;DE_ASELS_EPP;ASELS.E;2026-05-25;11.96;10.58;13.04;0;0;0;0;0;0;0;0;0;30;0;;;;;
2026-04-24;O_ASELSE0526P400.00;ASELS_05/2026_AVRUPA_OPSIYON;D_EQ;SSO;D_EQ_EPP;DE_ASELS_EPP;ASELS.E;2026-05-25;16.21;14.37;12.8;0;0;0;0;0;0;0;0;0;43;0;;;;;
2026-04-24;O_ASELSE0526P410.00;ASELS_05/2026_AVRUPA_OPSIYON;D_EQ;SSO;D_EQ_EPP;DE_ASELS_EPP;ASELS.E;2026-05-25;21.26;18.94;12.25;0;0;0;0;0;0;0;0;0;20;0;;;;;
2026-04-24;O_ASELSE0526P420.00;ASELS_05/2026_AVRUPA_OPSIYON;D_EQ;SSO;D_EQ_EPP;DE_ASELS_EPP;ASELS.E;2026-05-25;27.11;24.31;11.52;23.15;23.15;23.15;23.15;23.15;1596000;87970;38;4;61;38;;;;;
2026-04-24;O_ASELSE0526P430.00;ASELS_05/2026_AVRUPA_OPSIYON;D_EQ;SSO;D_EQ_EPP;DE_ASELS_EPP;ASELS.E;2026-05-25;33.69;30.42;10.75;29.15;29.15;30.06;30.06;29.81;5934000;411370;138;9;81;-41;;;;;
2026-04-24;O_ASELSE0526P440.00;ASELS_05/2026_AVRUPA_OPSIYON;D_EQ;SSO;D_EQ_EPP;DE_ASELS_EPP;ASELS.E;2026-05-25;40.94;37.27;9.85;35.9;35.9;35.9;35.9;35.9;1672000;136420;38;4;38;38;;;;;
2026-04-24;O_ASELSE0526P450.00;ASELS_05/2026_AVRUPA_OPSIYON;D_EQ;SSO;D_EQ_EPP;DE_ASELS_EPP;ASELS.E;2026-05-25;48.72;44.68;9.04;0;0;0;0;0;0;0;0;0;40;0;;;;;
2026-04-24;O_ASELSE0626C340.00;ASELS_06/2026_AVRUPA_OPSIYON;D_EQ;SSO;D_EQ_ECP;DE_ASELS_ECP;ASELS.E;2026-06-30;82.83;88.84;-6.76;0;0;0;0;0;0;0;0;0;0;0;;;;;
2026-04-24;O_ASELSE0626C350.00;ASELS_06/2026_AVRUPA_OPSIYON;D_EQ;SSO;D_EQ_ECP;DE_ASELS_ECP;ASELS.E;2026-06-30;74.85;80.77;-7.33;0;0;0;0;0;0;0;0;0;0;0;;;;;
2026-04-24;O_ASELSE0626C360.00;ASELS_06/2026_AVRUPA_OPSIYON;D_EQ;SSO;D_EQ_ECP;DE_ASELS_ECP;ASELS.E;2026-06-30;67.2;72.99;-7.93;0;0;0;0;0;0;0;0;0;0;0;;;;;
2026-04-24;O_ASELSE0626C370.00;ASELS_06/2026_AVRUPA_OPSIYON;D_EQ;SSO;D_EQ_ECP;DE_ASELS_ECP;ASELS.E;2026-06-30;59.93;65.52;-8.53;0;0;0;0;0;0;0;0;0;0;0;;;;;
2026-04-24;O_ASELSE0626C380.00;ASELS_06/2026_AVRUPA_OPSIYON;D_EQ;SSO;D_EQ_ECP;DE_ASELS_ECP;ASELS.E;2026-06-30;53.07;58.42;-9.16;0;0;0;0;0;0;0;0;0;0;0;;;;;
2026-04-24;O_ASELSE0626C390.00;ASELS_06/2026_AVRUPA_OPSIYON;D_EQ;SSO;D_EQ_ECP;DE_ASELS_ECP;ASELS.E;2026-06-30;46.65;51.71;-9.79;0;0;0;0;0;0;0;0;0;0;0;;;;;
2026-04-24;O_ASELSE0626C400.00;ASELS_06/2026_AVRUPA_OPSIYON;D_EQ;SSO;D_EQ_ECP;DE_ASELS_ECP;ASELS.E;2026-06-30;40.73;45.46;-10.4;0;0;0;0;0;0;0;0;0;0;0;;;;;
2026-04-24;O_ASELSE0626C410.00;ASELS_06/2026_AVRUPA_OPSIYON;D_EQ;SSO;D_EQ_ECP;DE_ASELS_ECP;ASELS.E;2026-06-30;35.35;39.79;-11.16;0;0;0;0;0;0;0;0;0;0;0;;;;;
2026-04-24;O_ASELSE0626C420.00;ASELS_06/2026_AVRUPA_OPSIYON;D_EQ;SSO;D_EQ_ECP;DE_ASELS_ECP;ASELS.E;2026-06-30;30.48;34.6;-11.91;0;0;0;0;0;0;0;0;0;0;0;;;;;
2026-04-24;O_ASELSE0626C430.00;ASELS_06/2026_AVRUPA_OPSIYON;D_EQ;SSO;D_EQ_ECP;DE_ASELS_ECP;ASELS.E;2026-06-30;26.14;29.98;-12.81;0;0;0;0;0;0;0;0;0;0;0;;;;;
2026-04-24;O_ASELSE0626C440.00;ASELS_06/2026_AVRUPA_OPSIYON;D_EQ;SSO;D_EQ_ECP;DE_ASELS_ECP;ASELS.E;2026-06-30;22.27;25.83;-13.78;0;0;0;0;0;0;0;0;0;0;0;;;;;
2026-04-24;O_ASELSE0626C450.00;ASELS_06/2026_AVRUPA_OPSIYON;D_EQ;SSO;D_EQ_ECP;DE_ASELS_ECP;ASELS.E;2026-06-30;18.94;22.31;-15.11;0;0;0;0;0;0;0;0;0;0;0;;;;;
2026-04-24;O_ASELSE0626C460.00;ASELS_06/2026_AVRUPA_OPSIYON;D_EQ;SSO;D_EQ_ECP;DE_ASELS_ECP;ASELS.E;2026-06-30;16.03;19.22;-16.6;0;0;0;0;0;0;0;0;0;0;0;;;;;
2026-04-24;O_ASELSE0626C470.00;ASELS_06/2026_AVRUPA_OPSIYON;D_EQ;SSO;D_EQ_ECP;DE_ASELS_ECP;ASELS.E;2026-06-30;13.5;16.51;-18.23;0;0;0;0;0;0;0;0;0;0;0;;;;;
2026-04-24;O_ASELSE0626C480.00;ASELS_06/2026_AVRUPA_OPSIYON;D_EQ;SSO;D_EQ_ECP;DE_ASELS_ECP;ASELS.E;2026-06-30;11.33;14.15;-19.93;0;0;0;0;0;0;0;0;0;0;0;;;;;
2026-04-24;O_ASELSE0626C490.00;ASELS_06/2026_AVRUPA_OPSIYON;D_EQ;SSO;D_EQ_ECP;DE_ASELS_ECP;ASELS.E;2026-06-30;9.47;12.11;-21.8;0;0;0;0;0;0;0;0;0;0;0;;;;;
2026-04-24;O_ASELSE0626C500.00;ASELS_06/2026_AVRUPA_OPSIYON;D_EQ;SSO;D_EQ_ECP;DE_ASELS_ECP;ASELS.E;2026-06-30;7.89;10.35;-23.77;0;0;0;0;0;0;0;0;0;0;0;;;;;
2026-04-24;O_ASELSE0626C520.00;ASELS_06/2026_AVRUPA_OPSIYON;D_EQ;SSO;D_EQ_ECP;DE_ASELS_ECP;ASELS.E;2026-06-30;5.42;7.54;-28.12;0;0;0;0;0;0;0;0;0;0;0;;;;;
2026-04-24;O_ASELSE0626P290.00;ASELS_06/2026_AVRUPA_OPSIYON;D_EQ;SSO;D_EQ_EPP;DE_ASELS_EPP;ASELS.E;2026-06-30;0.36;0.45;-20;0;0;0;0;0;0;0;0;0;0;0;;;;;
2026-04-24;O_ASELSE0626P300.00;ASELS_06/2026_AVRUPA_OPSIYON;D_EQ;SSO;D_EQ_EPP;DE_ASELS_EPP;ASELS.E;2026-06-30;0.59;0.69;-14.49;0;0;0;0;0;0;0;0;0;0;0;;;;;
2026-04-24;O_ASELSE0626P310.00;ASELS_06/2026_AVRUPA_OPSIYON;D_EQ;SSO;D_EQ_EPP;DE_ASELS_EPP;ASELS.E;2026-06-30;0.94;1.04;-9.62;0;0;0;0;0;0;0;0;0;0;0;;;;;
2026-04-24;O_ASELSE0626P320.00;ASELS_06/2026_AVRUPA_OPSIYON;D_EQ;SSO;D_EQ_EPP;DE_ASELS_EPP;ASELS.E;2026-06-30;1.43;1.52;-5.92;0;0;0;0;0;0;0;0;0;0;0;;;;;
2026-04-24;O_ASELSE0626P330.00;ASELS_06/2026_AVRUPA_OPSIYON;D_EQ;SSO;D_EQ_EPP;DE_ASELS_EPP;ASELS.E;2026-06-30;2.12;2.17;-2.3;0;0;0;0;0;0;0;0;0;0;0;;;;;
2026-04-24;O_ASELSE0626P340.00;ASELS_06/2026_AVRUPA_OPSIYON;D_EQ;SSO;D_EQ_EPP;DE_ASELS_EPP;ASELS.E;2026-06-30;3.05;3.03;0.66;0;0;0;0;0;0;0;0;0;0;0;;;;;
2026-04-24;O_ASELSE0626P350.00;ASELS_06/2026_AVRUPA_OPSIYON;D_EQ;SSO;D_EQ_EPP;DE_ASELS_EPP;ASELS.E;2026-06-30;4.26;4.12;3.4;0;0;0;0;0;0;0;0;0;0;0;;;;;
2026-04-24;O_ASELSE0626P360.00;ASELS_06/2026_AVRUPA_OPSIYON;D_EQ;SSO;D_EQ_EPP;DE_ASELS_EPP;ASELS.E;2026-06-30;5.8;5.5;5.45;0;0;0;0;0;0;0;0;0;0;0;;;;;
2026-04-24;O_ASELSE0626P370.00;ASELS_06/2026_AVRUPA_OPSIYON;D_EQ;SSO;D_EQ_EPP;DE_ASELS_EPP;ASELS.E;2026-06-30;7.72;7.21;7.07;0;0;0;0;0;0;0;0;0;0;0;;;;;
2026-04-24;O_ASELSE0626P380.00;ASELS_06/2026_AVRUPA_OPSIYON;D_EQ;SSO;D_EQ_EPP;DE_ASELS_EPP;ASELS.E;2026-06-30;10.05;9.27;8.41;0;0;0;0;0;0;0;0;0;0;0;;;;;
2026-04-24;O_ASELSE0626P390.00;ASELS_06/2026_AVRUPA_OPSIYON;D_EQ;SSO;D_EQ_EPP;DE_ASELS_EPP;ASELS.E;2026-06-30;12.83;11.73;9.38;0;0;0;0;0;0;0;0;0;0;0;;;;;
2026-04-24;O_ASELSE0626P400.00;ASELS_06/2026_AVRUPA_OPSIYON;D_EQ;SSO;D_EQ_EPP;DE_ASELS_EPP;ASELS.E;2026-06-30;16.09;14.64;9.9;0;0;0;0;0;0;0;0;0;0;0;;;;;
2026-04-24;O_ASELSE0626P410.00;ASELS_06/2026_AVRUPA_OPSIYON;D_EQ;SSO;D_EQ_EPP;DE_ASELS_EPP;ASELS.E;2026-06-30;19.9;18.14;9.7;0;0;0;0;0;0;0;0;0;0;0;;;;;
2026-04-24;O_ASELSE0626P420.00;ASELS_06/2026_AVRUPA_OPSIYON;D_EQ;SSO;D_EQ_EPP;DE_ASELS_EPP;ASELS.E;2026-06-30;24.22;22.12;9.49;0;0;0;0;0;0;0;0;0;0;0;;;;;
2026-04-24;O_ASELSE0626P430.00;ASELS_06/2026_AVRUPA_OPSIYON;D_EQ;SSO;D_EQ_EPP;DE_ASELS_EPP;ASELS.E;2026-06-30;29.07;26.67;9;0;0;0;0;0;0;0;0;0;0;0;;;;;
2026-04-24;O_ASELSE0626P440.00;ASELS_06/2026_AVRUPA_OPSIYON;D_EQ;SSO;D_EQ_EPP;DE_ASELS_EPP;ASELS.E;2026-06-30;34.4;31.69;8.55;0;0;0;0;0;0;0;0;0;0;0;;;;;
2026-04-24;O_ASELSE0626P450.00;ASELS_06/2026_AVRUPA_OPSIYON;D_EQ;SSO;D_EQ_EPP;DE_ASELS_EPP;ASELS.E;2026-06-30;40.25;37.33;7.82;0;0;0;0;0;0;0;0;0;0;0;;;;;
2026-04-24;O_ASELSE0626P460.00;ASELS_06/2026_AVRUPA_OPSIYON;D_EQ;SSO;D_EQ_EPP;DE_ASELS_EPP;ASELS.E;2026-06-30;46.53;43.41;7.19;0;0;0;0;0;0;0;0;0;0;0;;;;;
2026-04-24;O_BIMASE0426C640.00;BIMAS_04/2026_AVRUPA_OPSIYON;D_EQ;SSO;D_EQ_ECP;DE_BIMAS_ECP;BIMAS.E;2026-04-30;123.99;128.31;-3.37;0;0;0;0;0;0;0;0;0;26;0;;;;;
2026-04-24;O_BIMASE0426C660.00;BIMAS_04/2026_AVRUPA_OPSIYON;D_EQ;SSO;D_EQ_ECP;DE_BIMAS_ECP;BIMAS.E;2026-04-30;104.12;108.5;-4.04;0;0;0;0;0;0;0;0;0;46;0;;;;;
2026-04-24;O_BIMASE0426C680.00;BIMAS_04/2026_AVRUPA_OPSIYON;D_EQ;SSO;D_EQ_ECP;DE_BIMAS_ECP;BIMAS.E;2026-04-30;84.3;88.79;-5.06;0;0;0;0;0;0;0;0;0;12;0;;;;;
2026-04-24;O_BIMASE0426C700.00;BIMAS_04/2026_AVRUPA_OPSIYON;D_EQ;SSO;D_EQ_ECP;DE_BIMAS_ECP;BIMAS.E;2026-04-30;64.73;69.44;-6.78;0;0;0;0;0;0;0;0;0;20;0;;;;;
2026-04-24;O_BIMASE0426C720.00;BIMAS_04/2026_AVRUPA_OPSIYON;D_EQ;SSO;D_EQ_ECP;DE_BIMAS_ECP;BIMAS.E;2026-04-30;46.05;51.08;-9.85;0;0;0;0;0;0;0;0;0;305;0;;;;;
2026-04-24;O_BIMASE0426C740.00;BIMAS_04/2026_AVRUPA_OPSIYON;D_EQ;SSO;D_EQ_ECP;DE_BIMAS_ECP;BIMAS.E;2026-04-30;29.5;34.71;-15.01;26.96;26.96;27.64;27.64;27.3;1036000;38220;14;2;258;0;;;;;
2026-04-24;O_BIMASE0426C760.00;BIMAS_04/2026_AVRUPA_OPSIYON;D_EQ;SSO;D_EQ_ECP;DE_BIMAS_ECP;BIMAS.E;2026-04-30;16.53;21.41;-22.79;0;0;0;0;0;0;0;0;0;210;0;;;;;
2026-04-24;O_BIMASE0426C780.00;BIMAS_04/2026_AVRUPA_OPSIYON;D_EQ;SSO;D_EQ_ECP;DE_BIMAS_ECP;BIMAS.E;2026-04-30;7.92;11.82;-32.99;0;0;0;0;0;0;0;0;0;185;0;;;;;
2026-04-24;O_BIMASE0426C800.00;BIMAS_04/2026_AVRUPA_OPSIYON;D_EQ;SSO;D_EQ_ECP;DE_BIMAS_ECP;BIMAS.E;2026-04-30;3.18;5.78;-44.98;0;0;0;0;0;0;0;0;0;185;0;;;;;
2026-04-24;O_BIMASE0426C820.00;BIMAS_04/2026_AVRUPA_OPSIYON;D_EQ;SSO;D_EQ_ECP;DE_BIMAS_ECP;BIMAS.E;2026-04-30;1.07;2.49;-57.03;0;0;0;0;0;0;0;0;0;0;0;;;;;
2026-04-24;O_BIMASE0426C840.00;BIMAS_04/2026_AVRUPA_OPSIYON;D_EQ;SSO;D_EQ_ECP;DE_BIMAS_ECP;BIMAS.E;2026-04-30;0.3;0.94;-68.09;0;0;0;0;0;0;0;0;0;1;0;;;;;
2026-04-24;O_BIMASE0426C860.00;BIMAS_04/2026_AVRUPA_OPSIYON;D_EQ;SSO;D_EQ_ECP;DE_BIMAS_ECP;BIMAS.E;2026-04-30;0.07;0.31;-77.42;0;0;0;0;0;0;0;0;0;0;0;;;;;
2026-04-24;O_BIMASE0426C880.00;BIMAS_04/2026_AVRUPA_OPSIYON;D_EQ;SSO;D_EQ_ECP;DE_BIMAS_ECP;BIMAS.E;2026-04-30;0.01;0.09;-88.89;0;0;0;0;0;0;0;0;0;0;0;;;;;
2026-04-24;O_BIMASE0426C900.00;BIMAS_04/2026_AVRUPA_OPSIYON;D_EQ;SSO;D_EQ_ECP;DE_BIMAS_ECP;BIMAS.E;2026-04-30;0.01;0.02;-50;0;0;0;0;0;0;0;0;0;0;0;;;;;
2026-04-24;O_BIMASE0426P540.00;BIMAS_04/2026_AVRUPA_OPSIYON;D_EQ;SSO;D_EQ_EPP;DE_BIMAS_EPP;BIMAS.E;2026-04-30;0.01;0.01;0;0;0;0;0;0;0;0;0;0;0;0;;;;;
2026-04-24;O_BIMASE0426P560.00;BIMAS_04/2026_AVRUPA_OPSIYON;D_EQ;SSO;D_EQ_EPP;DE_BIMAS_EPP;BIMAS.E;2026-04-30;0.01;0.01;0;0;0;0;0;0;0;0;0;0;30;0;;;;;
2026-04-24;O_BIMASE0426P580.00;BIMAS_04/2026_AVRUPA_OPSIYON;D_EQ;SSO;D_EQ_EPP;DE_BIMAS_EPP;BIMAS.E;2026-04-30;0.01;0.01;0;0;0;0;0;0;0;0;0;0;75;0;;;;;
2026-04-24;O_BIMASE0426P600.00;BIMAS_04/2026_AVRUPA_OPSIYON;D_EQ;SSO;D_EQ_EPP;DE_BIMAS_EPP;BIMAS.E;2026-04-30;0.01;0.01;0;0;0;0;0;0;0;0;0;0;28;0;;;;;
2026-04-24;O_BIMASE0426P620.00;BIMAS_04/2026_AVRUPA_OPSIYON;D_EQ;SSO;D_EQ_EPP;DE_BIMAS_EPP;BIMAS.E;2026-04-30;0.01;0.01;0;0;0;0;0;0;0;0;0;0;0;0;;;;;
2026-04-24;O_BIMASE0426P640.00;BIMAS_04/2026_AVRUPA_OPSIYON;D_EQ;SSO;D_EQ_EPP;DE_BIMAS_EPP;BIMAS.E;2026-04-30;0.01;0.01;0;0;0;0;0;0;0;0;0;0;19;0;;;;;
2026-04-24;O_BIMASE0426P660.00;BIMAS_04/2026_AVRUPA_OPSIYON;D_EQ;SSO;D_EQ_EPP;DE_BIMAS_EPP;BIMAS.E;2026-04-30;0.01;0.03;-66.67;0;0;0;0;0;0;0;0;0;60;0;;;;;
2026-04-24;O_BIMASE0426P680.00;BIMAS_04/2026_AVRUPA_OPSIYON;D_EQ;SSO;D_EQ_EPP;DE_BIMAS_EPP;BIMAS.E;2026-04-30;0.06;0.15;-60;0;0;0;0;0;0;0;0;0;14;0;;;;;
2026-04-24;O_BIMASE0426P700.00;BIMAS_04/2026_AVRUPA_OPSIYON;D_EQ;SSO;D_EQ_EPP;DE_BIMAS_EPP;BIMAS.E;2026-04-30;0.37;0.64;-42.19;0;0;0;0;0;0;0;0;0;63;0;;;;;
2026-04-24;O_BIMASE0426P720.00;BIMAS_04/2026_AVRUPA_OPSIYON;D_EQ;SSO;D_EQ_EPP;DE_BIMAS_EPP;BIMAS.E;2026-04-30;1.56;2.11;-26.07;1.25;1.25;1.25;1.25;1.25;1656000;2875;23;1;131;23;;;;;
2026-04-24;O_BIMASE0426P740.00;BIMAS_04/2026_AVRUPA_OPSIYON;D_EQ;SSO;D_EQ_EPP;DE_BIMAS_EPP;BIMAS.E;2026-04-30;4.89;5.57;-12.21;4;4;4;4;4;1702000;9200;23;1;161;23;;;;;
2026-04-24;O_BIMASE0426P760.00;BIMAS_04/2026_AVRUPA_OPSIYON;D_EQ;SSO;D_EQ_EPP;DE_BIMAS_EPP;BIMAS.E;2026-04-30;11.8;12.11;-2.56;15.95;15.95;15.95;15.95;15.95;760000;15950;10;1;62;10;;;;;
2026-04-24;O_BIMASE0426P780.00;BIMAS_04/2026_AVRUPA_OPSIYON;D_EQ;SSO;D_EQ_EPP;DE_BIMAS_EPP;BIMAS.E;2026-04-30;23.06;22.35;3.18;22.05;22.05;22.05;22.05;22.05;780000;22050;10;1;30;0;;;;;
2026-04-24;O_BIMASE0426P800.00;BIMAS_04/2026_AVRUPA_OPSIYON;D_EQ;SSO;D_EQ_EPP;DE_BIMAS_EPP;BIMAS.E;2026-04-30;38.2;36.14;5.7;0;0;0;0;0;0;0;0;0;0;0;;;;;
2026-04-24;O_BIMASE0526C640.00;BIMAS_05/2026_AVRUPA_OPSIYON;D_EQ;SSO;D_EQ_ECP;DE_BIMAS_ECP;BIMAS.E;2026-05-25;141.06;145.41;-2.99;0;0;0;0;0;0;0;0;0;0;0;;;;;
2026-04-24;O_BIMASE0526C660.00;BIMAS_05/2026_AVRUPA_OPSIYON;D_EQ;SSO;D_EQ_ECP;DE_BIMAS_ECP;BIMAS.E;2026-05-25;122.51;126.93;-3.48;0;0;0;0;0;0;0;0;0;0;0;;;;;
2026-04-24;O_BIMASE0526C680.00;BIMAS_05/2026_AVRUPA_OPSIYON;D_EQ;SSO;D_EQ_ECP;DE_BIMAS_ECP;BIMAS.E;2026-05-25;104.59;109.05;-4.09;0;0;0;0;0;0;0;0;0;0;0;;;;;
2026-04-24;O_BIMASE0526C700.00;BIMAS_05/2026_AVRUPA_OPSIYON;D_EQ;SSO;D_EQ_ECP;DE_BIMAS_ECP;BIMAS.E;2026-05-25;87.59;92.06;-4.86;0;0;0;0;0;0;0;0;0;1;0;;;;;
2026-04-24;O_BIMASE0526C720.00;BIMAS_05/2026_AVRUPA_OPSIYON;D_EQ;SSO;D_EQ_ECP;DE_BIMAS_ECP;BIMAS.E;2026-05-25;71.81;76.23;-5.8;0;0;0;0;0;0;0;0;0;21;0;;;;;
2026-04-24;O_BIMASE0526C740.00;BIMAS_05/2026_AVRUPA_OPSIYON;D_EQ;SSO;D_EQ_ECP;DE_BIMAS_ECP;BIMAS.E;2026-05-25;57.55;61.83;-6.92;0;0;0;0;0;0;0;0;0;46;0;;;;;
2026-04-24;O_BIMASE0526C760.00;BIMAS_05/2026_AVRUPA_OPSIYON;D_EQ;SSO;D_EQ_ECP;DE_BIMAS_ECP;BIMAS.E;2026-05-25;45.02;49.06;-8.23;0;0;0;0;0;0;0;0;0;36;0;;;;;
2026-04-24;O_BIMASE0526C780.00;BIMAS_05/2026_AVRUPA_OPSIYON;D_EQ;SSO;D_EQ_ECP;DE_BIMAS_ECP;BIMAS.E;2026-05-25;34.34;38.06;-9.77;0;0;0;0;0;0;0;0;0;28;0;;;;;
2026-04-24;O_BIMASE0526C800.00;BIMAS_05/2026_AVRUPA_OPSIYON;D_EQ;SSO;D_EQ_ECP;DE_BIMAS_ECP;BIMAS.E;2026-05-25;25.53;28.84;-11.48;0;0;0;0;0;0;0;0;0;20;0;;;;;
2026-04-24;O_BIMASE0526C820.00;BIMAS_05/2026_AVRUPA_OPSIYON;D_EQ;SSO;D_EQ_ECP;DE_BIMAS_ECP;BIMAS.E;2026-05-25;18.5;21.35;-13.35;0;0;0;0;0;0;0;0;0;10;0;;;;;
2026-04-24;O_BIMASE0526C840.00;BIMAS_05/2026_AVRUPA_OPSIYON;D_EQ;SSO;D_EQ_ECP;DE_BIMAS_ECP;BIMAS.E;2026-05-25;13.05;15.44;-15.48;0;0;0;0;0;0;0;0;0;0;0;;;;;
2026-04-24;O_BIMASE0526C860.00;BIMAS_05/2026_AVRUPA_OPSIYON;D_EQ;SSO;D_EQ_ECP;DE_BIMAS_ECP;BIMAS.E;2026-05-25;8.98;10.91;-17.69;0;0;0;0;0;0;0;0;0;7;0;;;;;
2026-04-24;O_BIMASE0526C880.00;BIMAS_05/2026_AVRUPA_OPSIYON;D_EQ;SSO;D_EQ_ECP;DE_BIMAS_ECP;BIMAS.E;2026-05-25;6.03;7.54;-20.03;0;0;0;0;0;0;0;0;0;2;0;;;;;
2026-04-24;O_BIMASE0526C900.00;BIMAS_05/2026_AVRUPA_OPSIYON;D_EQ;SSO;D_EQ_ECP;DE_BIMAS_ECP;BIMAS.E;2026-05-25;3.94;5.09;-22.59;0;0;0;0;0;0;0;0;0;3;0;;;;;
2026-04-24;O_BIMASE0526C920.00;BIMAS_05/2026_AVRUPA_OPSIYON;D_EQ;SSO;D_EQ_ECP;DE_BIMAS_ECP;BIMAS.E;2026-05-25;2.52;3.37;-25.22;0;0;0;0;0;0;0;0;0;0;0;;;;;
2026-04-24;O_BIMASE0526P540.00;BIMAS_05/2026_AVRUPA_OPSIYON;D_EQ;SSO;D_EQ_EPP;DE_BIMAS_EPP;BIMAS.E;2026-05-25;0.01;0.01;0;0;0;0;0;0;0;0;0;0;0;0;;;;;
2026-04-24;O_BIMASE0526P560.00;BIMAS_05/2026_AVRUPA_OPSIYON;D_EQ;SSO;D_EQ_EPP;DE_BIMAS_EPP;BIMAS.E;2026-05-25;0.01;0.02;-50;0;0;0;0;0;0;0;0;0;0;0;;;;;
2026-04-24;O_BIMASE0526P580.00;BIMAS_05/2026_AVRUPA_OPSIYON;D_EQ;SSO;D_EQ_EPP;DE_BIMAS_EPP;BIMAS.E;2026-05-25;0.04;0.05;-20;0;0;0;0;0;0;0;0;0;0;0;;;;;
2026-04-24;O_BIMASE0526P600.00;BIMAS_05/2026_AVRUPA_OPSIYON;D_EQ;SSO;D_EQ_EPP;DE_BIMAS_EPP;BIMAS.E;2026-05-25;0.12;0.14;-14.29;0;0;0;0;0;0;0;0;0;11;0;;;;;
2026-04-24;O_BIMASE0526P620.00;BIMAS_05/2026_AVRUPA_OPSIYON;D_EQ;SSO;D_EQ_EPP;DE_BIMAS_EPP;BIMAS.E;2026-05-25;0.32;0.36;-11.11;0;0;0;0;0;0;0;0;0;10;0;;;;;
2026-04-24;O_BIMASE0526P640.00;BIMAS_05/2026_AVRUPA_OPSIYON;D_EQ;SSO;D_EQ_EPP;DE_BIMAS_EPP;BIMAS.E;2026-05-25;0.73;0.8;-8.75;0;0;0;0;0;0;0;0;0;0;0;;;;;
2026-04-24;O_BIMASE0526P660.00;BIMAS_05/2026_AVRUPA_OPSIYON;D_EQ;SSO;D_EQ_EPP;DE_BIMAS_EPP;BIMAS.E;2026-05-25;1.55;1.64;-5.49;0;0;0;0;0;0;0;0;0;2;0;;;;;
2026-04-24;O_BIMASE0526P680.00;BIMAS_05/2026_AVRUPA_OPSIYON;D_EQ;SSO;D_EQ_EPP;DE_BIMAS_EPP;BIMAS.E;2026-05-25;2.99;3.09;-3.24;0;0;0;0;0;0;0;0;0;1;0;;;;;
2026-04-24;O_BIMASE0526P700.00;BIMAS_05/2026_AVRUPA_OPSIYON;D_EQ;SSO;D_EQ_EPP;DE_BIMAS_EPP;BIMAS.E;2026-05-25;5.36;5.42;-1.11;0;0;0;0;0;0;0;0;0;0;0;;;;;
2026-04-24;O_BIMASE0526P720.00;BIMAS_05/2026_AVRUPA_OPSIYON;D_EQ;SSO;D_EQ_EPP;DE_BIMAS_EPP;BIMAS.E;2026-05-25;8.95;8.91;0.45;0;0;0;0;0;0;0;0;0;0;0;;;;;
2026-04-24;O_BIMASE0526P740.00;BIMAS_05/2026_AVRUPA_OPSIYON;D_EQ;SSO;D_EQ_EPP;DE_BIMAS_EPP;BIMAS.E;2026-05-25;14.05;13.83;1.59;0;0;0;0;0;0;0;0;0;30;0;;;;;
2026-04-24;O_BIMASE0526P760.00;BIMAS_05/2026_AVRUPA_OPSIYON;D_EQ;SSO;D_EQ_EPP;DE_BIMAS_EPP;BIMAS.E;2026-05-25;20.88;20.39;2.4;0;0;0;0;0;0;0;0;0;0;0;;;;;
2026-04-24;O_BIMASE0526P780.00;BIMAS_05/2026_AVRUPA_OPSIYON;D_EQ;SSO;D_EQ_EPP;DE_BIMAS_EPP;BIMAS.E;2026-05-25;29.57;28.71;3;0;0;0;0;0;0;0;0;0;54;0;;;;;
2026-04-24;O_BIMASE0526P800.00;BIMAS_05/2026_AVRUPA_OPSIYON;D_EQ;SSO;D_EQ_EPP;DE_BIMAS_EPP;BIMAS.E;2026-05-25;40.12;38.83;3.32;0;0;0;0;0;0;0;0;0;36;0;;;;;
2026-04-24;O_BIMASE0526P820.00;BIMAS_05/2026_AVRUPA_OPSIYON;D_EQ;SSO;D_EQ_EPP;DE_BIMAS_EPP;BIMAS.E;2026-05-25;52.45;50.66;3.53;0;0;0;0;0;0;0;0;0;0;0;;;;;
2026-04-24;O_BIMASE0626C740.00;BIMAS_06/2026_AVRUPA_OPSIYON;D_EQ;SSO;D_EQ_ECP;DE_BIMAS_ECP;BIMAS.E;2026-06-30;95.42;99.81;-4.4;0;0;0;0;0;0;0;0;0;10;0;;;;;
2026-04-24;O_BIMASE0626C760.00;BIMAS_06/2026_AVRUPA_OPSIYON;D_EQ;SSO;D_EQ_ECP;DE_BIMAS_ECP;BIMAS.E;2026-06-30;82.38;86.65;-4.93;0;0;0;0;0;0;0;0;0;0;0;;;;;
2026-04-24;O_BIMASE0626C780.00;BIMAS_06/2026_AVRUPA_OPSIYON;D_EQ;SSO;D_EQ_ECP;DE_BIMAS_ECP;BIMAS.E;2026-06-30;70.45;74.56;-5.51;0;0;0;0;0;0;0;0;0;0;0;;;;;
2026-04-24;O_BIMASE0626C800.00;BIMAS_06/2026_AVRUPA_OPSIYON;D_EQ;SSO;D_EQ_ECP;DE_BIMAS_ECP;BIMAS.E;2026-06-30;59.69;63.58;-6.12;0;0;0;0;0;0;0;0;0;0;0;;;;;
2026-04-24;O_BIMASE0626C820.00;BIMAS_06/2026_AVRUPA_OPSIYON;D_EQ;SSO;D_EQ_ECP;DE_BIMAS_ECP;BIMAS.E;2026-06-30;50.09;53.74;-6.79;0;0;0;0;0;0;0;0;0;0;0;;;;;
2026-04-24;O_BIMASE0626C840.00;BIMAS_06/2026_AVRUPA_OPSIYON;D_EQ;SSO;D_EQ_ECP;DE_BIMAS_ECP;BIMAS.E;2026-06-30;41.63;45.03;-7.55;0;0;0;0;0;0;0;0;0;0;0;;;;;
2026-04-24;O_BIMASE0626C860.00;BIMAS_06/2026_AVRUPA_OPSIYON;D_EQ;SSO;D_EQ_ECP;DE_BIMAS_ECP;BIMAS.E;2026-06-30;34.29;37.39;-8.29;0;0;0;0;0;0;0;0;0;0;0;;;;;
2026-04-24;O_BIMASE0626C880.00;BIMAS_06/2026_AVRUPA_OPSIYON;D_EQ;SSO;D_EQ_ECP;DE_BIMAS_ECP;BIMAS.E;2026-06-30;27.98;30.79;-9.13;0;0;0;0;0;0;0;0;0;0;0;;;;;
2026-04-24;O_BIMASE0626C900.00;BIMAS_06/2026_AVRUPA_OPSIYON;D_EQ;SSO;D_EQ_ECP;DE_BIMAS_ECP;BIMAS.E;2026-06-30;22.63;25.14;-9.98;0;0;0;0;0;0;0;0;0;0;0;;;;;
2026-04-24;O_BIMASE0626C920.00;BIMAS_06/2026_AVRUPA_OPSIYON;D_EQ;SSO;D_EQ_ECP;DE_BIMAS_ECP;BIMAS.E;2026-06-30;18.15;20.36;-10.85;0;0;0;0;0;0;0;0;0;0;0;;;;;
2026-04-24;O_BIMASE0626C940.00;BIMAS_06/2026_AVRUPA_OPSIYON;D_EQ;SSO;D_EQ_ECP;DE_BIMAS_ECP;BIMAS.E;2026-06-30;14.43;16.36;-11.8;0;0;0;0;0;0;0;0;0;0;0;;;;;
2026-04-24;O_BIMASE0626P640.00;BIMAS_06/2026_AVRUPA_OPSIYON;D_EQ;SSO;D_EQ_EPP;DE_BIMAS_EPP;BIMAS.E;2026-06-30;2.13;2.15;-0.93;0;0;0;0;0;0;0;0;0;0;0;;;;;
2026-04-24;O_BIMASE0626P660.00;BIMAS_06/2026_AVRUPA_OPSIYON;D_EQ;SSO;D_EQ_EPP;DE_BIMAS_EPP;BIMAS.E;2026-06-30;3.43;3.43;0;0;0;0;0;0;0;0;0;0;0;0;;;;;
2026-04-24;O_BIMASE0626P680.00;BIMAS_06/2026_AVRUPA_OPSIYON;D_EQ;SSO;D_EQ_EPP;DE_BIMAS_EPP;BIMAS.E;2026-06-30;5.28;5.25;0.57;0;0;0;0;0;0;0;0;0;0;0;;;;;
2026-04-24;O_BIMASE0626P700.00;BIMAS_06/2026_AVRUPA_OPSIYON;D_EQ;SSO;D_EQ_EPP;DE_BIMAS_EPP;BIMAS.E;2026-06-30;7.83;7.73;1.29;0;0;0;0;0;0;0;0;0;0;0;;;;;
2026-04-24;O_BIMASE0626P720.00;BIMAS_06/2026_AVRUPA_OPSIYON;D_EQ;SSO;D_EQ_EPP;DE_BIMAS_EPP;BIMAS.E;2026-06-30;11.19;11;1.73;0;0;0;0;0;0;0;0;0;0;0;;;;;
2026-04-24;O_BIMASE0626P740.00;BIMAS_06/2026_AVRUPA_OPSIYON;D_EQ;SSO;D_EQ_EPP;DE_BIMAS_EPP;BIMAS.E;2026-06-30;15.5;15.18;2.11;0;0;0;0;0;0;0;0;0;0;0;;;;;
2026-04-24;O_BIMASE0626P760.00;BIMAS_06/2026_AVRUPA_OPSIYON;D_EQ;SSO;D_EQ_EPP;DE_BIMAS_EPP;BIMAS.E;2026-06-30;20.84;20.35;2.41;0;0;0;0;0;0;0;0;0;0;0;;;;;
2026-04-24;O_BIMASE0626P780.00;BIMAS_06/2026_AVRUPA_OPSIYON;D_EQ;SSO;D_EQ_EPP;DE_BIMAS_EPP;BIMAS.E;2026-06-30;27.3;26.59;2.67;0;0;0;0;0;0;0;0;0;0;0;;;;;
2026-04-24;O_BIMASE0626P800.00;BIMAS_06/2026_AVRUPA_OPSIYON;D_EQ;SSO;D_EQ_EPP;DE_BIMAS_EPP;BIMAS.E;2026-06-30;34.91;33.95;2.83;0;0;0;0;0;0;0;0;0;0;0;;;;;
2026-04-24;O_BIMASE0626P820.00;BIMAS_06/2026_AVRUPA_OPSIYON;D_EQ;SSO;D_EQ_EPP;DE_BIMAS_EPP;BIMAS.E;2026-06-30;43.69;42.45;2.92;0;0;0;0;0;0;0;0;0;0;0;;;;;
2026-04-24;O_BIMASE0626P840.00;BIMAS_06/2026_AVRUPA_OPSIYON;D_EQ;SSO;D_EQ_EPP;DE_BIMAS_EPP;BIMAS.E;2026-06-30;53.62;52.07;2.98;0;0;0;0;0;0;0;0;0;0;0;;;;;
2026-04-24;O_EKGYOE0426C19.00;EKGYO_04/2026_AVRUPA_OPSIYON;D_EQ;SSO;D_EQ_ECP;DE_EKGYO_ECP;EKGYO.E;2026-04-30;2.3;2.33;-1.29;0;0;0;0;0;0;0;0;0;201;0;;;;;
2026-04-24;O_EKGYOE0426C19.50;EKGYO_04/2026_AVRUPA_OPSIYON;D_EQ;SSO;D_EQ_ECP;DE_EKGYO_ECP;EKGYO.E;2026-04-30;1.82;1.86;-2.15;0;0;0;0;0;0;0;0;0;2500;0;;;;;
2026-04-24;O_EKGYOE0426C20.00;EKGYO_04/2026_AVRUPA_OPSIYON;D_EQ;SSO;D_EQ_ECP;DE_EKGYO_ECP;EKGYO.E;2026-04-30;1.37;1.42;-3.52;0;0;0;0;0;0;0;0;0;2988;0;;;;;
2026-04-24;O_EKGYOE0426C20.50;EKGYO_04/2026_AVRUPA_OPSIYON;D_EQ;SSO;D_EQ_ECP;DE_EKGYO_ECP;EKGYO.E;2026-04-30;0.96;1.03;-6.8;0;0;0;0;0;0;0;0;0;11100;0;;;;;
2026-04-24;O_EKGYOE0426C21.00;EKGYO_04/2026_AVRUPA_OPSIYON;D_EQ;SSO;D_EQ_ECP;DE_EKGYO_ECP;EKGYO.E;2026-04-30;0.62;0.7;-11.43;0.47;0.47;0.49;0.49;0.49;1680000;39000;800;8;2008;0;;;;;
2026-04-24;O_EKGYOE0426C21.50;EKGYO_04/2026_AVRUPA_OPSIYON;D_EQ;SSO;D_EQ_ECP;DE_EKGYO_ECP;EKGYO.E;2026-04-30;0.37;0.44;-15.91;0.34;0.34;0.34;0.34;0.34;215000;3400;100;1;2443;-100;;;;;
2026-04-24;O_EKGYOE0426C22.00;EKGYO_04/2026_AVRUPA_OPSIYON;D_EQ;SSO;D_EQ_ECP;DE_EKGYO_ECP;EKGYO.E;2026-04-30;0.19;0.26;-26.92;0;0;0;0;0;0;0;0;0;2770;0;;;;;
2026-04-24;O_EKGYOE0426C22.50;EKGYO_04/2026_AVRUPA_OPSIYON;D_EQ;SSO;D_EQ_ECP;DE_EKGYO_ECP;EKGYO.E;2026-04-30;0.09;0.14;-35.71;0;0;0;0;0;0;0;0;0;3082;0;;;;;
2026-04-24;O_EKGYOE0426C23.00;EKGYO_04/2026_AVRUPA_OPSIYON;D_EQ;SSO;D_EQ_ECP;DE_EKGYO_ECP;EKGYO.E;2026-04-30;0.04;0.07;-42.86;0;0;0;0;0;0;0;0;0;2161;0;;;;;
2026-04-24;O_EKGYOE0426C23.50;EKGYO_04/2026_AVRUPA_OPSIYON;D_EQ;SSO;D_EQ_ECP;DE_EKGYO_ECP;EKGYO.E;2026-04-30;0.02;0.03;-33.33;0;0;0;0;0;0;0;0;0;3022;0;;;;;
2026-04-24;O_EKGYOE0426C24.00;EKGYO_04/2026_AVRUPA_OPSIYON;D_EQ;SSO;D_EQ_ECP;DE_EKGYO_ECP;EKGYO.E;2026-04-30;0.01;0.01;0;0;0;0;0;0;0;0;0;0;29;0;;;;;
2026-04-24;O_EKGYOE0426C24.50;EKGYO_04/2026_AVRUPA_OPSIYON;D_EQ;SSO;D_EQ_ECP;DE_EKGYO_ECP;EKGYO.E;2026-04-30;0.01;0.01;0;0;0;0;0;0;0;0;0;0;408;0;;;;;
2026-04-24;O_EKGYOE0426C25.00;EKGYO_04/2026_AVRUPA_OPSIYON;D_EQ;SSO;D_EQ_ECP;DE_EKGYO_ECP;EKGYO.E;2026-04-30;0.01;0.01;0;0;0;0;0;0;0;0;0;0;100;0;;;;;
2026-04-24;O_EKGYOE0426C26.00;EKGYO_04/2026_AVRUPA_OPSIYON;D_EQ;SSO;D_EQ_ECP;DE_EKGYO_ECP;EKGYO.E;2026-04-30;0.01;0.01;0;0;0;0;0;0;0;0;0;0;100;0;;;;;
2026-04-24;O_EKGYOE0426C27.00;EKGYO_04/2026_AVRUPA_OPSIYON;D_EQ;SSO;D_EQ_ECP;DE_EKGYO_ECP;EKGYO.E;2026-04-30;0.01;0.01;0;0;0;0;0;0;0;0;0;0;0;0;;;;;
2026-04-24;O_EKGYOE0426C28.00;EKGYO_04/2026_AVRUPA_OPSIYON;D_EQ;SSO;D_EQ_ECP;DE_EKGYO_ECP;EKGYO.E;2026-04-30;0.01;0.01;0;0;0;0;0;0;0;0;0;0;0;0;;;;;
2026-04-24;O_EKGYOE0426C29.00;EKGYO_04/2026_AVRUPA_OPSIYON;D_EQ;SSO;D_EQ_ECP;DE_EKGYO_ECP;EKGYO.E;2026-04-30;0.01;0.01;0;0;0;0;0;0;0;0;0;0;0;0;;;;;
2026-04-24;O_EKGYOE0426C30.00;EKGYO_04/2026_AVRUPA_OPSIYON;D_EQ;SSO;D_EQ_ECP;DE_EKGYO_ECP;EKGYO.E;2026-04-30;0.01;0.01;0;0;0;0;0;0;0;0;0;0;10;0;;;;;
2026-04-24;O_EKGYOE0426C31.00;EKGYO_04/2026_AVRUPA_OPSIYON;D_EQ;SSO;D_EQ_ECP;DE_EKGYO_ECP;EKGYO.E;2026-04-30;0.01;0.01;0;0;0;0;0;0;0;0;0;0;0;0;;;;;
2026-04-24;O_EKGYOE0426C32.00;EKGYO_04/2026_AVRUPA_OPSIYON;D_EQ;SSO;D_EQ_ECP;DE_EKGYO_ECP;EKGYO.E;2026-04-30;0.01;0.01;0;0;0;0;0;0;0;0;0;0;0;0;;;;;
2026-04-24;O_EKGYOE0426C33.00;EKGYO_04/2026_AVRUPA_OPSIYON;D_EQ;SSO;D_EQ_ECP;DE_EKGYO_ECP;EKGYO.E;2026-04-30;0.01;0.01;0;0;0;0;0;0;0;0;0;0;0;0;;;;;
2026-04-24;O_EKGYOE0426C34.00;EKGYO_04/2026_AVRUPA_OPSIYON;D_EQ;SSO;D_EQ_ECP;DE_EKGYO_ECP;EKGYO.E;2026-04-30;0.01;0.01;0;0;0;0;0;0;0;0;0;0;0;0;;;;;
2026-04-24;O_EKGYOE0426P16.50;EKGYO_04/2026_AVRUPA_OPSIYON;D_EQ;SSO;D_EQ_EPP;DE_EKGYO_EPP;EKGYO.E;2026-04-30;0.01;0.01;0;0;0;0;0;0;0;0;0;0;0;0;;;;;
2026-04-24;O_EKGYOE0426P17.00;EKGYO_04/2026_AVRUPA_OPSIYON;D_EQ;SSO;D_EQ_EPP;DE_EKGYO_EPP;EKGYO.E;2026-04-30;0.01;0.01;0;0;0;0;0;0;0;0;0;0;0;0;;;;;
2026-04-24;O_EKGYOE0426P17.50;EKGYO_04/2026_AVRUPA_OPSIYON;D_EQ;SSO;D_EQ_EPP;DE_EKGYO_EPP;EKGYO.E;2026-04-30;0.01;0.01;0;0;0;0;0;0;0;0;0;0;0;0;;;;;
2026-04-24;O_EKGYOE0426P18.00;EKGYO_04/2026_AVRUPA_OPSIYON;D_EQ;SSO;D_EQ_EPP;DE_EKGYO_EPP;EKGYO.E;2026-04-30;0.01;0.01;0;0;0;0;0;0;0;0;0;0;9000;0;;;;;
2026-04-24;O_EKGYOE0426P18.50;EKGYO_04/2026_AVRUPA_OPSIYON;D_EQ;SSO;D_EQ_EPP;DE_EKGYO_EPP;EKGYO.E;2026-04-30;0.01;0.01;0;0;0;0;0;0;0;0;0;0;0;0;;;;;
2026-04-24;O_EKGYOE0426P19.00;EKGYO_04/2026_AVRUPA_OPSIYON;D_EQ;SSO;D_EQ_EPP;DE_EKGYO_EPP;EKGYO.E;2026-04-30;0.01;0.01;0;0;0;0;0;0;0;0;0;0;6237;0;;;;;
2026-04-24;O_EKGYOE0426P19.50;EKGYO_04/2026_AVRUPA_OPSIYON;D_EQ;SSO;D_EQ_EPP;DE_EKGYO_EPP;EKGYO.E;2026-04-30;0.02;0.04;-50;0;0;0;0;0;0;0;0;0;7124;0;;;;;
2026-04-24;O_EKGYOE0426P20.00;EKGYO_04/2026_AVRUPA_OPSIYON;D_EQ;SSO;D_EQ_EPP;DE_EKGYO_EPP;EKGYO.E;2026-04-30;0.06;0.09;-33.33;0;0;0;0;0;0;0;0;0;11740;0;;;;;
2026-04-24;O_EKGYOE0426P20.50;EKGYO_04/2026_AVRUPA_OPSIYON;D_EQ;SSO;D_EQ_EPP;DE_EKGYO_EPP;EKGYO.E;2026-04-30;0.15;0.2;-25;0;0;0;0;0;0;0;0;0;1086;0;;;;;
2026-04-24;O_EKGYOE0426P21.00;EKGYO_04/2026_AVRUPA_OPSIYON;D_EQ;SSO;D_EQ_EPP;DE_EKGYO_EPP;EKGYO.E;2026-04-30;0.31;0.36;-13.89;0.35;0.35;0.35;0.35;0.35;210000;3500;100;1;7447;-100;;;;;
2026-04-24;O_EKGYOE0426P21.50;EKGYO_04/2026_AVRUPA_OPSIYON;D_EQ;SSO;D_EQ_EPP;DE_EKGYO_EPP;EKGYO.E;2026-04-30;0.55;0.61;-9.84;0.76;0.76;0.76;0.76;0.76;215000;7600;100;1;11320;0;;;;;
2026-04-24;O_EKGYOE0426P22.00;EKGYO_04/2026_AVRUPA_OPSIYON;D_EQ;SSO;D_EQ_EPP;DE_EKGYO_EPP;EKGYO.E;2026-04-30;0.88;0.92;-4.35;0.78;0.78;0.87;0.87;0.84;660000;25200;300;3;1338;-300;;;;;
2026-04-24;O_EKGYOE0426P22.50;EKGYO_04/2026_AVRUPA_OPSIYON;D_EQ;SSO;D_EQ_EPP;DE_EKGYO_EPP;EKGYO.E;2026-04-30;1.27;1.3;-2.31;0;0;0;0;0;0;0;0;0;0;0;;;;;
2026-04-24;O_EKGYOE0426P23.00;EKGYO_04/2026_AVRUPA_OPSIYON;D_EQ;SSO;D_EQ_EPP;DE_EKGYO_EPP;EKGYO.E;2026-04-30;1.72;1.72;0;0;0;0;0;0;0;0;0;0;0;0;;;;;
2026-04-24;O_EKGYOE0426P23.50;EKGYO_04/2026_AVRUPA_OPSIYON;D_EQ;SSO;D_EQ_EPP;DE_EKGYO_EPP;EKGYO.E;2026-04-30;2.19;2.18;0.46;0;0;0;0;0;0;0;0;0;0;0;;;;;
2026-04-24;O_EKGYOE0426P24.00;EKGYO_04/2026_AVRUPA_OPSIYON;D_EQ;SSO;D_EQ_EPP;DE_EKGYO_EPP;EKGYO.E;2026-04-30;2.68;2.66;0.75;0;0;0;0;0;0;0;0;0;0;0;;;;;
2026-04-24;O_EKGYOE0426P24.50;EKGYO_04/2026_AVRUPA_OPSIYON;D_EQ;SSO;D_EQ_EPP;DE_EKGYO_EPP;EKGYO.E;2026-04-30;3.17;3.14;0.96;0;0;0;0;0;0;0;0;0;0;0;;;;;
2026-04-24;O_EKGYOE0426P25.00;EKGYO_04/2026_AVRUPA_OPSIYON;D_EQ;SSO;D_EQ_EPP;DE_EKGYO_EPP;EKGYO.E;2026-04-30;3.66;3.63;0.83;0;0;0;0;0;0;0;0;0;300;0;;;;;
2026-04-24;O_EKGYOE0426P26.00;EKGYO_04/2026_AVRUPA_OPSIYON;D_EQ;SSO;D_EQ_EPP;DE_EKGYO_EPP;EKGYO.E;2026-04-30;4.66;4.62;0.87;0;0;0;0;0;0;0;0;0;0;0;;;;;
2026-04-24;O_EKGYOE0426P27.00;EKGYO_04/2026_AVRUPA_OPSIYON;D_EQ;SSO;D_EQ_EPP;DE_EKGYO_EPP;EKGYO.E;2026-04-30;5.65;5.62;0.53;0;0;0;0;0;0;0;0;0;0;0;;;;;
2026-04-24;O_EKGYOE0426P28.00;EKGYO_04/2026_AVRUPA_OPSIYON;D_EQ;SSO;D_EQ_EPP;DE_EKGYO_EPP;EKGYO.E;2026-04-30;6.65;6.61;0.61;0;0;0;0;0;0;0;0;0;0;0;;;;;
2026-04-24;O_EKGYOE0426P29.00;EKGYO_04/2026_AVRUPA_OPSIYON;D_EQ;SSO;D_EQ_EPP;DE_EKGYO_EPP;EKGYO.E;2026-04-30;7.64;7.6;0.53;0;0;0;0;0;0;0;0;0;0;0;;;;;
2026-04-24;O_EKGYOE0526C19.50;EKGYO_05/2026_AVRUPA_OPSIYON;D_EQ;SSO;D_EQ_ECP;DE_EKGYO_ECP;EKGYO.E;2026-05-25;2.52;2.56;-1.56;0;0;0;0;0;0;0;0;0;3;0;;;;;
2026-04-24;O_EKGYOE0526C20.00;EKGYO_05/2026_AVRUPA_OPSIYON;D_EQ;SSO;D_EQ_ECP;DE_EKGYO_ECP;EKGYO.E;2026-05-25;2.14;2.18;-1.83;0;0;0;0;0;0;0;0;0;0;0;;;;;
2026-04-24;O_EKGYOE0526C20.50;EKGYO_05/2026_AVRUPA_OPSIYON;D_EQ;SSO;D_EQ_ECP;DE_EKGYO_ECP;EKGYO.E;2026-05-25;1.79;1.84;-2.72;1.77;1.77;1.77;1.77;1.77;307500;26550;150;3;2650;150;;;;;
2026-04-24;O_EKGYOE0526C21.00;EKGYO_05/2026_AVRUPA_OPSIYON;D_EQ;SSO;D_EQ_ECP;DE_EKGYO_ECP;EKGYO.E;2026-05-25;1.48;1.52;-2.63;1.46;1.46;1.46;1.46;1.46;315000;21900;150;3;150;150;;;;;
2026-04-24;O_EKGYOE0526C21.50;EKGYO_05/2026_AVRUPA_OPSIYON;D_EQ;SSO;D_EQ_ECP;DE_EKGYO_ECP;EKGYO.E;2026-05-25;1.21;1.25;-3.2;1.18;1.18;1.18;1.18;1.18;322500;17700;150;3;150;150;;;;;
2026-04-24;O_EKGYOE0526C22.00;EKGYO_05/2026_AVRUPA_OPSIYON;D_EQ;SSO;D_EQ_ECP;DE_EKGYO_ECP;EKGYO.E;2026-05-25;0.97;1.01;-3.96;0.92;0.92;0.92;0.92;0.92;2200;92;1;1;2104;1;;;;;
2026-04-24;O_EKGYOE0526C22.50;EKGYO_05/2026_AVRUPA_OPSIYON;D_EQ;SSO;D_EQ_ECP;DE_EKGYO_ECP;EKGYO.E;2026-05-25;0.76;0.8;-5;0;0;0;0;0;0;0;0;0;7300;0;;;;;
2026-04-24;O_EKGYOE0526C23.00;EKGYO_05/2026_AVRUPA_OPSIYON;D_EQ;SSO;D_EQ_ECP;DE_EKGYO_ECP;EKGYO.E;2026-05-25;0.59;0.63;-6.35;0;0;0;0;0;0;0;0;0;0;0;;;;;
2026-04-24;O_EKGYOE0526C23.50;EKGYO_05/2026_AVRUPA_OPSIYON;D_EQ;SSO;D_EQ_ECP;DE_EKGYO_ECP;EKGYO.E;2026-05-25;0.45;0.49;-8.16;0;0;0;0;0;0;0;0;0;0;0;;;;;
2026-04-24;O_EKGYOE0526C24.00;EKGYO_05/2026_AVRUPA_OPSIYON;D_EQ;SSO;D_EQ_ECP;DE_EKGYO_ECP;EKGYO.E;2026-05-25;0.34;0.37;-8.11;0;0;0;0;0;0;0;0;0;0;0;;;;;
2026-04-24;O_EKGYOE0526C24.50;EKGYO_05/2026_AVRUPA_OPSIYON;D_EQ;SSO;D_EQ_ECP;DE_EKGYO_ECP;EKGYO.E;2026-05-25;0.25;0.28;-10.71;0;0;0;0;0;0;0;0;0;0;0;;;;;
2026-04-24;O_EKGYOE0526C25.00;EKGYO_05/2026_AVRUPA_OPSIYON;D_EQ;SSO;D_EQ_ECP;DE_EKGYO_ECP;EKGYO.E;2026-05-25;0.19;0.21;-9.52;0;0;0;0;0;0;0;0;0;904;0;;;;;
2026-04-24;O_EKGYOE0526C26.00;EKGYO_05/2026_AVRUPA_OPSIYON;D_EQ;SSO;D_EQ_ECP;DE_EKGYO_ECP;EKGYO.E;2026-05-25;0.1;0.11;-9.09;0;0;0;0;0;0;0;0;0;12;0;;;;;
2026-04-24;O_EKGYOE0526C27.00;EKGYO_05/2026_AVRUPA_OPSIYON;D_EQ;SSO;D_EQ_ECP;DE_EKGYO_ECP;EKGYO.E;2026-05-25;0.05;0.06;-16.67;0;0;0;0;0;0;0;0;0;250;0;;;;;
2026-04-24;O_EKGYOE0526C28.00;EKGYO_05/2026_AVRUPA_OPSIYON;D_EQ;SSO;D_EQ_ECP;DE_EKGYO_ECP;EKGYO.E;2026-05-25;0.02;0.03;-33.33;0;0;0;0;0;0;0;0;0;0;0;;;;;
2026-04-24;O_EKGYOE0526C29.00;EKGYO_05/2026_AVRUPA_OPSIYON;D_EQ;SSO;D_EQ_ECP;DE_EKGYO_ECP;EKGYO.E;2026-05-25;0.01;0.01;0;0;0;0;0;0;0;0;0;0;0;0;;;;;
2026-04-24;O_EKGYOE0526C30.00;EKGYO_05/2026_AVRUPA_OPSIYON;D_EQ;SSO;D_EQ_ECP;DE_EKGYO_ECP;EKGYO.E;2026-05-25;0.01;0.01;0;0;0;0;0;0;0;0;0;0;0;0;;;;;
2026-04-24;O_EKGYOE0526C31.00;EKGYO_05/2026_AVRUPA_OPSIYON;D_EQ;SSO;D_EQ_ECP;DE_EKGYO_ECP;EKGYO.E;2026-05-25;0.01;0.01;0;0;0;0;0;0;0;0;0;0;0;0;;;;;
2026-04-24;O_EKGYOE0526C32.00;EKGYO_05/2026_AVRUPA_OPSIYON;D_EQ;SSO;D_EQ_ECP;DE_EKGYO_ECP;EKGYO.E;2026-05-25;0.01;0.01;0;0;0;0;0;0;0;0;0;0;0;0;;;;;
2026-04-24;O_EKGYOE0526P17.00;EKGYO_05/2026_AVRUPA_OPSIYON;D_EQ;SSO;D_EQ_EPP;DE_EKGYO_EPP;EKGYO.E;2026-05-25;0.02;0.02;0;0;0;0;0;0;0;0;0;0;0;0;;;;;
2026-04-24;O_EKGYOE0526P17.50;EKGYO_05/2026_AVRUPA_OPSIYON;D_EQ;SSO;D_EQ_EPP;DE_EKGYO_EPP;EKGYO.E;2026-05-25;0.03;0.03;0;0;0;0;0;0;0;0;0;0;0;0;;;;;
2026-04-24;O_EKGYOE0526P18.00;EKGYO_05/2026_AVRUPA_OPSIYON;D_EQ;SSO;D_EQ_EPP;DE_EKGYO_EPP;EKGYO.E;2026-05-25;0.05;0.06;-16.67;0;0;0;0;0;0;0;0;0;0;0;;;;;
2026-04-24;O_EKGYOE0526P18.50;EKGYO_05/2026_AVRUPA_OPSIYON;D_EQ;SSO;D_EQ_EPP;DE_EKGYO_EPP;EKGYO.E;2026-05-25;0.09;0.1;-10;0.13;0.12;0.13;0.12;0.12;14800;97;8;7;8;8;;;;;
2026-04-24;O_EKGYOE0526P19.00;EKGYO_05/2026_AVRUPA_OPSIYON;D_EQ;SSO;D_EQ_EPP;DE_EKGYO_EPP;EKGYO.E;2026-05-25;0.14;0.16;-12.5;0.18;0.18;0.18;0.18;0.18;3800;36;2;2;2;2;;;;;
2026-04-24;O_EKGYOE0526P19.50;EKGYO_05/2026_AVRUPA_OPSIYON;D_EQ;SSO;D_EQ_EPP;DE_EKGYO_EPP;EKGYO.E;2026-05-25;0.22;0.24;-8.33;0.27;0.27;0.27;0.27;0.27;1950;27;1;1;1;1;;;;;
2026-04-24;O_EKGYOE0526P20.00;EKGYO_05/2026_AVRUPA_OPSIYON;D_EQ;SSO;D_EQ_EPP;DE_EKGYO_EPP;EKGYO.E;2026-05-25;0.33;0.34;-2.94;0.37;0.37;0.37;0.37;0.37;2000;37;1;1;1;1;;;;;
2026-04-24;O_EKGYOE0526P20.50;EKGYO_05/2026_AVRUPA_OPSIYON;D_EQ;SSO;D_EQ_EPP;DE_EKGYO_EPP;EKGYO.E;2026-05-25;0.46;0.48;-4.17;0;0;0;0;0;0;0;0;0;6000;0;;;;;
2026-04-24;O_EKGYOE0526P21.00;EKGYO_05/2026_AVRUPA_OPSIYON;D_EQ;SSO;D_EQ_EPP;DE_EKGYO_EPP;EKGYO.E;2026-05-25;0.63;0.65;-3.08;0;0;0;0;0;0;0;0;0;1670;0;;;;;
2026-04-24;O_EKGYOE0526P21.50;EKGYO_05/2026_AVRUPA_OPSIYON;D_EQ;SSO;D_EQ_EPP;DE_EKGYO_EPP;EKGYO.E;2026-05-25;0.84;0.86;-2.33;0;0;0;0;0;0;0;0;0;1450;0;;;;;
2026-04-24;O_EKGYOE0526P22.00;EKGYO_05/2026_AVRUPA_OPSIYON;D_EQ;SSO;D_EQ_EPP;DE_EKGYO_EPP;EKGYO.E;2026-05-25;1.09;1.11;-1.8;0;0;0;0;0;0;0;0;0;0;0;;;;;
2026-04-24;O_EKGYOE0526P22.50;EKGYO_05/2026_AVRUPA_OPSIYON;D_EQ;SSO;D_EQ_EPP;DE_EKGYO_EPP;EKGYO.E;2026-05-25;1.37;1.38;-0.72;0;0;0;0;0;0;0;0;0;1330;0;;;;;
2026-04-24;O_EKGYOE0526P23.00;EKGYO_05/2026_AVRUPA_OPSIYON;D_EQ;SSO;D_EQ_EPP;DE_EKGYO_EPP;EKGYO.E;2026-05-25;1.68;1.69;-0.59;0;0;0;0;0;0;0;0;0;0;0;;;;;
2026-04-24;O_EKGYOE0526P23.50;EKGYO_05/2026_AVRUPA_OPSIYON;D_EQ;SSO;D_EQ_EPP;DE_EKGYO_EPP;EKGYO.E;2026-05-25;2.03;2.03;0;0;0;0;0;0;0;0;0;0;6000;0;;;;;
2026-04-24;O_EKGYOE0526P24.00;EKGYO_05/2026_AVRUPA_OPSIYON;D_EQ;SSO;D_EQ_EPP;DE_EKGYO_EPP;EKGYO.E;2026-05-25;2.4;2.4;0;0;0;0;0;0;0;0;0;0;0;0;;;;;
2026-04-24;O_EKGYOE0526P24.50;EKGYO_05/2026_AVRUPA_OPSIYON;D_EQ;SSO;D_EQ_EPP;DE_EKGYO_EPP;EKGYO.E;2026-05-25;2.8;2.79;0.36;0;0;0;0;0;0;0;0;0;0;0;;;;;
2026-04-24;O_EKGYOE0526P25.00;EKGYO_05/2026_AVRUPA_OPSIYON;D_EQ;SSO;D_EQ_EPP;DE_EKGYO_EPP;EKGYO.E;2026-05-25;3.21;3.2;0.31;0;0;0;0;0;0;0;0;0;0;0;;;;;
2026-04-24;O_EKGYOE0526P26.00;EKGYO_05/2026_AVRUPA_OPSIYON;D_EQ;SSO;D_EQ_EPP;DE_EKGYO_EPP;EKGYO.E;2026-05-25;4.09;4.07;0.49;0;0;0;0;0;0;0;0;0;0;0;;;;;
2026-04-24;O_EKGYOE0526P27.00;EKGYO_05/2026_AVRUPA_OPSIYON;D_EQ;SSO;D_EQ_EPP;DE_EKGYO_EPP;EKGYO.E;2026-05-25;5.01;4.98;0.6;0;0;0;0;0;0;0;0;0;0;0;;;;;
2026-04-24;O_EKGYOE0626C20.50;EKGYO_06/2026_AVRUPA_OPSIYON;D_EQ;SSO;D_EQ_ECP;DE_EKGYO_ECP;EKGYO.E;2026-06-30;2.88;2.92;-1.37;0;0;0;0;0;0;0;0;0;0;0;;;;;
2026-04-24;O_EKGYOE0626C21.00;EKGYO_06/2026_AVRUPA_OPSIYON;D_EQ;SSO;D_EQ_ECP;DE_EKGYO_ECP;EKGYO.E;2026-06-30;2.57;2.6;-1.15;0;0;0;0;0;0;0;0;0;0;0;;;;;
2026-04-24;O_EKGYOE0626C21.50;EKGYO_06/2026_AVRUPA_OPSIYON;D_EQ;SSO;D_EQ_ECP;DE_EKGYO_ECP;EKGYO.E;2026-06-30;2.27;2.31;-1.73;0;0;0;0;0;0;0;0;0;0;0;;;;;
2026-04-24;O_EKGYOE0626C22.00;EKGYO_06/2026_AVRUPA_OPSIYON;D_EQ;SSO;D_EQ_ECP;DE_EKGYO_ECP;EKGYO.E;2026-06-30;2;2.03;-1.48;0;0;0;0;0;0;0;0;0;0;0;;;;;
2026-04-24;O_EKGYOE0626C22.50;EKGYO_06/2026_AVRUPA_OPSIYON;D_EQ;SSO;D_EQ_ECP;DE_EKGYO_ECP;EKGYO.E;2026-06-30;1.75;1.78;-1.69;0;0;0;0;0;0;0;0;0;0;0;;;;;
2026-04-24;O_EKGYOE0626C23.00;EKGYO_06/2026_AVRUPA_OPSIYON;D_EQ;SSO;D_EQ_ECP;DE_EKGYO_ECP;EKGYO.E;2026-06-30;1.52;1.56;-2.56;0;0;0;0;0;0;0;0;0;0;0;;;;;
2026-04-24;O_EKGYOE0626C23.50;EKGYO_06/2026_AVRUPA_OPSIYON;D_EQ;SSO;D_EQ_ECP;DE_EKGYO_ECP;EKGYO.E;2026-06-30;1.32;1.35;-2.22;0;0;0;0;0;0;0;0;0;0;0;;;;;
2026-04-24;O_EKGYOE0626C24.00;EKGYO_06/2026_AVRUPA_OPSIYON;D_EQ;SSO;D_EQ_ECP;DE_EKGYO_ECP;EKGYO.E;2026-06-30;1.13;1.17;-3.42;0;0;0;0;0;0;0;0;0;0;0;;;;;
2026-04-24;O_EKGYOE0626C24.50;EKGYO_06/2026_AVRUPA_OPSIYON;D_EQ;SSO;D_EQ_ECP;DE_EKGYO_ECP;EKGYO.E;2026-06-30;0.97;1;-3;0;0;0;0;0;0;0;0;0;0;0;;;;;
2026-04-24;O_EKGYOE0626C25.00;EKGYO_06/2026_AVRUPA_OPSIYON;D_EQ;SSO;D_EQ_ECP;DE_EKGYO_ECP;EKGYO.E;2026-06-30;0.83;0.86;-3.49;0;0;0;0;0;0;0;0;0;0;0;;;;;
2026-04-24;O_EKGYOE0626C26.00;EKGYO_06/2026_AVRUPA_OPSIYON;D_EQ;SSO;D_EQ_ECP;DE_EKGYO_ECP;EKGYO.E;2026-06-30;0.59;0.62;-4.84;0;0;0;0;0;0;0;0;0;0;0;;;;;
2026-04-24;O_EKGYOE0626C27.00;EKGYO_06/2026_AVRUPA_OPSIYON;D_EQ;SSO;D_EQ_ECP;DE_EKGYO_ECP;EKGYO.E;2026-06-30;0.42;0.44;-4.55;0;0;0;0;0;0;0;0;0;0;0;;;;;
2026-04-24;O_EKGYOE0626C28.00;EKGYO_06/2026_AVRUPA_OPSIYON;D_EQ;SSO;D_EQ_ECP;DE_EKGYO_ECP;EKGYO.E;2026-06-30;0.29;0.31;-6.45;0;0;0;0;0;0;0;0;0;0;0;;;;;
2026-04-24;O_EKGYOE0626C29.00;EKGYO_06/2026_AVRUPA_OPSIYON;D_EQ;SSO;D_EQ_ECP;DE_EKGYO_ECP;EKGYO.E;2026-06-30;0.2;0.21;-4.76;0;0;0;0;0;0;0;0;0;0;0;;;;;
2026-04-24;O_EKGYOE0626P18.00;EKGYO_06/2026_AVRUPA_OPSIYON;D_EQ;SSO;D_EQ_EPP;DE_EKGYO_EPP;EKGYO.E;2026-06-30;0.13;0.13;0;0;0;0;0;0;0;0;0;0;0;0;;;;;
2026-04-24;O_EKGYOE0626P18.50;EKGYO_06/2026_AVRUPA_OPSIYON;D_EQ;SSO;D_EQ_EPP;DE_EKGYO_EPP;EKGYO.E;2026-06-30;0.18;0.18;0;0;0;0;0;0;0;0;0;0;0;0;;;;;
2026-04-24;O_EKGYOE0626P19.00;EKGYO_06/2026_AVRUPA_OPSIYON;D_EQ;SSO;D_EQ_EPP;DE_EKGYO_EPP;EKGYO.E;2026-06-30;0.24;0.25;-4;0;0;0;0;0;0;0;0;0;0;0;;;;;
2026-04-24;O_EKGYOE0626P19.50;EKGYO_06/2026_AVRUPA_OPSIYON;D_EQ;SSO;D_EQ_EPP;DE_EKGYO_EPP;EKGYO.E;2026-06-30;0.32;0.33;-3.03;0;0;0;0;0;0;0;0;0;0;0;;;;;
2026-04-24;O_EKGYOE0626P20.00;EKGYO_06/2026_AVRUPA_OPSIYON;D_EQ;SSO;D_EQ_EPP;DE_EKGYO_EPP;EKGYO.E;2026-06-30;0.42;0.43;-2.33;0;0;0;0;0;0;0;0;0;0;0;;;;;
2026-04-24;O_EKGYOE0626P20.50;EKGYO_06/2026_AVRUPA_OPSIYON;D_EQ;SSO;D_EQ_EPP;DE_EKGYO_EPP;EKGYO.E;2026-06-30;0.54;0.55;-1.82;0;0;0;0;0;0;0;0;0;0;0;;;;;
2026-04-24;O_EKGYOE0626P21.00;EKGYO_06/2026_AVRUPA_OPSIYON;D_EQ;SSO;D_EQ_EPP;DE_EKGYO_EPP;EKGYO.E;2026-06-30;0.69;0.69;0;0;0;0;0;0;0;0;0;0;0;0;;;;;
2026-04-24;O_EKGYOE0626P21.50;EKGYO_06/2026_AVRUPA_OPSIYON;D_EQ;SSO;D_EQ_EPP;DE_EKGYO_EPP;EKGYO.E;2026-06-30;0.85;0.86;-1.16;0;0;0;0;0;0;0;0;0;0;0;;;;;
2026-04-24;O_EKGYOE0626P22.00;EKGYO_06/2026_AVRUPA_OPSIYON;D_EQ;SSO;D_EQ_EPP;DE_EKGYO_EPP;EKGYO.E;2026-06-30;1.04;1.04;0;0;0;0;0;0;0;0;0;0;5000;0;;;;;
2026-04-24;O_EKGYOE0626P22.50;EKGYO_06/2026_AVRUPA_OPSIYON;D_EQ;SSO;D_EQ_EPP;DE_EKGYO_EPP;EKGYO.E;2026-06-30;1.25;1.25;0;0;0;0;0;0;0;0;0;0;0;0;;;;;
2026-04-24;O_EKGYOE0626P23.00;EKGYO_06/2026_AVRUPA_OPSIYON;D_EQ;SSO;D_EQ_EPP;DE_EKGYO_EPP;EKGYO.E;2026-06-30;1.48;1.48;0;0;0;0;0;0;0;0;0;0;0;0;;;;;
2026-04-24;O_EKGYOE0626P23.50;EKGYO_06/2026_AVRUPA_OPSIYON;D_EQ;SSO;D_EQ_EPP;DE_EKGYO_EPP;EKGYO.E;2026-06-30;1.73;1.73;0;0;0;0;0;0;0;0;0;0;0;0;;;;;
2026-04-24;O_EKGYOE0626P24.00;EKGYO_06/2026_AVRUPA_OPSIYON;D_EQ;SSO;D_EQ_EPP;DE_EKGYO_EPP;EKGYO.E;2026-06-30;2.01;2.01;0;0;0;0;0;0;0;0;0;0;0;0;;;;;
2026-04-24;O_EKGYOE0626P24.50;EKGYO_06/2026_AVRUPA_OPSIYON;D_EQ;SSO;D_EQ_EPP;DE_EKGYO_EPP;EKGYO.E;2026-06-30;2.31;2.3;0.43;0;0;0;0;0;0;0;0;0;0;0;;;;;
2026-04-24;O_ENKAIE0426C100.00;ENKAI_04/2026_AVRUPA_OPSIYON;D_EQ;SSO;D_EQ_ECP;DE_ENKAI_ECP;ENKAI.E;2026-04-30;7.37;7.98;-7.64;0;0;0;0;0;0;0;0;0;1003;0;;;;;
2026-04-24;O_ENKAIE0426C105.00;ENKAI_04/2026_AVRUPA_OPSIYON;D_EQ;SSO;D_EQ_ECP;DE_ENKAI_ECP;ENKAI.E;2026-04-30;3.46;4.12;-16.02;3.5;3.5;3.5;3.5;3.5;10500;350;1;1;102;1;;;;;
2026-04-24;O_ENKAIE0426C110.00;ENKAI_04/2026_AVRUPA_OPSIYON;D_EQ;SSO;D_EQ_ECP;DE_ENKAI_ECP;ENKAI.E;2026-04-30;1.14;1.64;-30.49;0;0;0;0;0;0;0;0;0;20;0;;;;;
2026-04-24;O_ENKAIE0426C115.00;ENKAI_04/2026_AVRUPA_OPSIYON;D_EQ;SSO;D_EQ_ECP;DE_ENKAI_ECP;ENKAI.E;2026-04-30;0.25;0.49;-48.98;0;0;0;0;0;0;0;0;0;0;0;;;;;
2026-04-24;O_ENKAIE0426C120.00;ENKAI_04/2026_AVRUPA_OPSIYON;D_EQ;SSO;D_EQ_ECP;DE_ENKAI_ECP;ENKAI.E;2026-04-30;0.03;0.11;-72.73;0;0;0;0;0;0;0;0;0;0;0;;;;;
2026-04-24;O_ENKAIE0426C125.00;ENKAI_04/2026_AVRUPA_OPSIYON;D_EQ;SSO;D_EQ_ECP;DE_ENKAI_ECP;ENKAI.E;2026-04-30;0.01;0.02;-50;0;0;0;0;0;0;0;0;0;0;0;;;;;
2026-04-24;O_ENKAIE0426C130.00;ENKAI_04/2026_AVRUPA_OPSIYON;D_EQ;SSO;D_EQ_ECP;DE_ENKAI_ECP;ENKAI.E;2026-04-30;0.01;0.01;0;0;0;0;0;0;0;0;0;0;0;0;;;;;
2026-04-24;O_ENKAIE0426C135.00;ENKAI_04/2026_AVRUPA_OPSIYON;D_EQ;SSO;D_EQ_ECP;DE_ENKAI_ECP;ENKAI.E;2026-04-30;0.01;0.01;0;0;0;0;0;0;0;0;0;0;0;0;;;;;
2026-04-24;O_ENKAIE0426C140.00;ENKAI_04/2026_AVRUPA_OPSIYON;D_EQ;SSO;D_EQ_ECP;DE_ENKAI_ECP;ENKAI.E;2026-04-30;0.01;0.01;0;0;0;0;0;0;0;0;0;0;0;0;;;;;
2026-04-24;O_ENKAIE0426C92.00;ENKAI_04/2026_AVRUPA_OPSIYON;D_EQ;SSO;D_EQ_ECP;DE_ENKAI_ECP;ENKAI.E;2026-04-30;15.08;15.57;-3.15;0;0;0;0;0;0;0;0;0;10;0;;;;;
2026-04-24;O_ENKAIE0426C94.00;ENKAI_04/2026_AVRUPA_OPSIYON;D_EQ;SSO;D_EQ_ECP;DE_ENKAI_ECP;ENKAI.E;2026-04-30;13.1;13.61;-3.75;0;0;0;0;0;0;0;0;0;10;0;;;;;
2026-04-24;O_ENKAIE0426C96.00;ENKAI_04/2026_AVRUPA_OPSIYON;D_EQ;SSO;D_EQ_ECP;DE_ENKAI_ECP;ENKAI.E;2026-04-30;11.13;11.67;-4.63;0;0;0;0;0;0;0;0;0;1000;0;;;;;
2026-04-24;O_ENKAIE0426C98.00;ENKAI_04/2026_AVRUPA_OPSIYON;D_EQ;SSO;D_EQ_ECP;DE_ENKAI_ECP;ENKAI.E;2026-04-30;9.21;9.78;-5.83;0;0;0;0;0;0;0;0;0;137;0;;;;;
2026-04-24;O_ENKAIE0426P100.00;ENKAI_04/2026_AVRUPA_OPSIYON;D_EQ;SSO;D_EQ_EPP;DE_ENKAI_EPP;ENKAI.E;2026-04-30;0.24;0.35;-31.43;0;0;0;0;0;0;0;0;0;2;0;;;;;
2026-04-24;O_ENKAIE0426P105.00;ENKAI_04/2026_AVRUPA_OPSIYON;D_EQ;SSO;D_EQ_EPP;DE_ENKAI_EPP;ENKAI.E;2026-04-30;1.31;1.45;-9.66;0;0;0;0;0;0;0;0;0;22;0;;;;;
2026-04-24;O_ENKAIE0426P110.00;ENKAI_04/2026_AVRUPA_OPSIYON;D_EQ;SSO;D_EQ_EPP;DE_ENKAI_EPP;ENKAI.E;2026-04-30;3.96;3.93;0.76;0;0;0;0;0;0;0;0;0;320;0;;;;;
2026-04-24;O_ENKAIE0426P115.00;ENKAI_04/2026_AVRUPA_OPSIYON;D_EQ;SSO;D_EQ_EPP;DE_ENKAI_EPP;ENKAI.E;2026-04-30;8.03;7.74;3.75;0;0;0;0;0;0;0;0;0;1;0;;;;;
2026-04-24;O_ENKAIE0426P82.00;ENKAI_04/2026_AVRUPA_OPSIYON;D_EQ;SSO;D_EQ_EPP;DE_ENKAI_EPP;ENKAI.E;2026-04-30;0.01;0.01;0;0;0;0;0;0;0;0;0;0;3;0;;;;;
2026-04-24;O_ENKAIE0426P84.00;ENKAI_04/2026_AVRUPA_OPSIYON;D_EQ;SSO;D_EQ_EPP;DE_ENKAI_EPP;ENKAI.E;2026-04-30;0.01;0.01;0;0;0;0;0;0;0;0;0;0;0;0;;;;;
2026-04-24;O_ENKAIE0426P86.00;ENKAI_04/2026_AVRUPA_OPSIYON;D_EQ;SSO;D_EQ_EPP;DE_ENKAI_EPP;ENKAI.E;2026-04-30;0.01;0.01;0;0;0;0;0;0;0;0;0;0;30;0;;;;;
2026-04-24;O_ENKAIE0426P88.00;ENKAI_04/2026_AVRUPA_OPSIYON;D_EQ;SSO;D_EQ_EPP;DE_ENKAI_EPP;ENKAI.E;2026-04-30;0.01;0.01;0;0;0;0;0;0;0;0;0;0;1405;0;;;;;
2026-04-24;O_ENKAIE0426P90.00;ENKAI_04/2026_AVRUPA_OPSIYON;D_EQ;SSO;D_EQ_EPP;DE_ENKAI_EPP;ENKAI.E;2026-04-30;0.01;0.01;0;0;0;0;0;0;0;0;0;0;20;0;;;;;
2026-04-24;O_ENKAIE0426P92.00;ENKAI_04/2026_AVRUPA_OPSIYON;D_EQ;SSO;D_EQ_EPP;DE_ENKAI_EPP;ENKAI.E;2026-04-30;0.01;0.01;0;0;0;0;0;0;0;0;0;0;110;0;;;;;
2026-04-24;O_ENKAIE0426P94.00;ENKAI_04/2026_AVRUPA_OPSIYON;D_EQ;SSO;D_EQ_EPP;DE_ENKAI_EPP;ENKAI.E;2026-04-30;0.01;0.03;-66.67;0;0;0;0;0;0;0;0;0;100;0;;;;;
2026-04-24;O_ENKAIE0426P96.00;ENKAI_04/2026_AVRUPA_OPSIYON;D_EQ;SSO;D_EQ_EPP;DE_ENKAI_EPP;ENKAI.E;2026-04-30;0.04;0.07;-42.86;0;0;0;0;0;0;0;0;0;0;0;;;;;
2026-04-24;O_ENKAIE0426P98.00;ENKAI_04/2026_AVRUPA_OPSIYON;D_EQ;SSO;D_EQ_EPP;DE_ENKAI_EPP;ENKAI.E;2026-04-30;0.1;0.17;-41.18;0;0;0;0;0;0;0;0;0;0;0;;;;;
2026-04-24;O_ENKAIE0526C100.00;ENKAI_05/2026_AVRUPA_OPSIYON;D_EQ;SSO;D_EQ_ECP;DE_ENKAI_ECP;ENKAI.E;2026-05-25;11.16;11.68;-4.45;0;0;0;0;0;0;0;0;0;1;0;;;;;
2026-04-24;O_ENKAIE0526C105.00;ENKAI_05/2026_AVRUPA_OPSIYON;D_EQ;SSO;D_EQ_ECP;DE_ENKAI_ECP;ENKAI.E;2026-05-25;7.77;8.26;-5.93;0;0;0;0;0;0;0;0;0;60;0;;;;;
2026-04-24;O_ENKAIE0526C110.00;ENKAI_05/2026_AVRUPA_OPSIYON;D_EQ;SSO;D_EQ_ECP;DE_ENKAI_ECP;ENKAI.E;2026-05-25;5.1;5.53;-7.78;0;0;0;0;0;0;0;0;0;50;0;;;;;
2026-04-24;O_ENKAIE0526C115.00;ENKAI_05/2026_AVRUPA_OPSIYON;D_EQ;SSO;D_EQ_ECP;DE_ENKAI_ECP;ENKAI.E;2026-05-25;3.15;3.51;-10.26;0;0;0;0;0;0;0;0;0;40;0;;;;;
2026-04-24;O_ENKAIE0526C120.00;ENKAI_05/2026_AVRUPA_OPSIYON;D_EQ;SSO;D_EQ_ECP;DE_ENKAI_ECP;ENKAI.E;2026-05-25;1.83;2.12;-13.68;0;0;0;0;0;0;0;0;0;2;0;;;;;
2026-04-24;O_ENKAIE0526C125.00;ENKAI_05/2026_AVRUPA_OPSIYON;D_EQ;SSO;D_EQ_ECP;DE_ENKAI_ECP;ENKAI.E;2026-05-25;1;1.22;-18.03;0;0;0;0;0;0;0;0;0;32;0;;;;;
2026-04-24;O_ENKAIE0526C130.00;ENKAI_05/2026_AVRUPA_OPSIYON;D_EQ;SSO;D_EQ_ECP;DE_ENKAI_ECP;ENKAI.E;2026-05-25;0.52;0.67;-22.39;0;0;0;0;0;0;0;0;0;0;0;;;;;
2026-04-24;O_ENKAIE0526C135.00;ENKAI_05/2026_AVRUPA_OPSIYON;D_EQ;SSO;D_EQ_ECP;DE_ENKAI_ECP;ENKAI.E;2026-05-25;0.26;0.35;-25.71;0;0;0;0;0;0;0;0;0;0;0;;;;;
2026-04-24;O_ENKAIE0526C140.00;ENKAI_05/2026_AVRUPA_OPSIYON;D_EQ;SSO;D_EQ_ECP;DE_ENKAI_ECP;ENKAI.E;2026-05-25;0.12;0.18;-33.33;0;0;0;0;0;0;0;0;0;0;0;;;;;
2026-04-24;O_ENKAIE0526C145.00;ENKAI_05/2026_AVRUPA_OPSIYON;D_EQ;SSO;D_EQ_ECP;DE_ENKAI_ECP;ENKAI.E;2026-05-25;0.05;0.09;-44.44;0;0;0;0;0;0;0;0;0;0;0;;;;;
2026-04-24;O_ENKAIE0526C94.00;ENKAI_05/2026_AVRUPA_OPSIYON;D_EQ;SSO;D_EQ_ECP;DE_ENKAI_ECP;ENKAI.E;2026-05-25;16.02;16.54;-3.14;0;0;0;0;0;0;0;0;0;3;0;;;;;
2026-04-24;O_ENKAIE0526C96.00;ENKAI_05/2026_AVRUPA_OPSIYON;D_EQ;SSO;D_EQ_ECP;DE_ENKAI_ECP;ENKAI.E;2026-05-25;14.32;14.85;-3.57;0;0;0;0;0;0;0;0;0;2;0;;;;;
2026-04-24;O_ENKAIE0526C98.00;ENKAI_05/2026_AVRUPA_OPSIYON;D_EQ;SSO;D_EQ_ECP;DE_ENKAI_ECP;ENKAI.E;2026-05-25;12.7;13.22;-3.93;0;0;0;0;0;0;0;0;0;1;0;;;;;
2026-04-24;O_ENKAIE0526P100.00;ENKAI_05/2026_AVRUPA_OPSIYON;D_EQ;SSO;D_EQ_EPP;DE_ENKAI_EPP;ENKAI.E;2026-05-25;1.49;1.51;-1.32;0;0;0;0;0;0;0;0;0;0;0;;;;;
2026-04-24;O_ENKAIE0526P105.00;ENKAI_05/2026_AVRUPA_OPSIYON;D_EQ;SSO;D_EQ_EPP;DE_ENKAI_EPP;ENKAI.E;2026-05-25;2.94;2.92;0.68;0;0;0;0;0;0;0;0;0;2;0;;;;;
2026-04-24;O_ENKAIE0526P110.00;ENKAI_05/2026_AVRUPA_OPSIYON;D_EQ;SSO;D_EQ_EPP;DE_ENKAI_EPP;ENKAI.E;2026-05-25;5.11;5.02;1.79;0;0;0;0;0;0;0;0;0;1;0;;;;;
2026-04-24;O_ENKAIE0526P115.00;ENKAI_05/2026_AVRUPA_OPSIYON;D_EQ;SSO;D_EQ_EPP;DE_ENKAI_EPP;ENKAI.E;2026-05-25;8;7.83;2.17;0;0;0;0;0;0;0;0;0;50;0;;;;;
2026-04-24;O_ENKAIE0526P120.00;ENKAI_05/2026_AVRUPA_OPSIYON;D_EQ;SSO;D_EQ_EPP;DE_ENKAI_EPP;ENKAI.E;2026-05-25;11.52;11.26;2.31;0;0;0;0;0;0;0;0;0;0;0;;;;;
2026-04-24;O_ENKAIE0526P84.00;ENKAI_05/2026_AVRUPA_OPSIYON;D_EQ;SSO;D_EQ_EPP;DE_ENKAI_EPP;ENKAI.E;2026-05-25;0.05;0.06;-16.67;0;0;0;0;0;0;0;0;0;5;0;;;;;
2026-04-24;O_ENKAIE0526P86.00;ENKAI_05/2026_AVRUPA_OPSIYON;D_EQ;SSO;D_EQ_EPP;DE_ENKAI_EPP;ENKAI.E;2026-05-25;0.08;0.1;-20;0;0;0;0;0;0;0;0;0;0;0;;;;;
2026-04-24;O_ENKAIE0526P88.00;ENKAI_05/2026_AVRUPA_OPSIYON;D_EQ;SSO;D_EQ_EPP;DE_ENKAI_EPP;ENKAI.E;2026-05-25;0.14;0.16;-12.5;0;0;0;0;0;0;0;0;0;0;0;;;;;
2026-04-24;O_ENKAIE0526P90.00;ENKAI_05/2026_AVRUPA_OPSIYON;D_EQ;SSO;D_EQ_EPP;DE_ENKAI_EPP;ENKAI.E;2026-05-25;0.23;0.25;-8;0;0;0;0;0;0;0;0;0;0;0;;;;;
2026-04-24;O_ENKAIE0526P92.00;ENKAI_05/2026_AVRUPA_OPSIYON;D_EQ;SSO;D_EQ_EPP;DE_ENKAI_EPP;ENKAI.E;2026-05-25;0.35;0.38;-7.89;0;0;0;0;0;0;0;0;0;0;0;;;;;
2026-04-24;O_ENKAIE0526P94.00;ENKAI_05/2026_AVRUPA_OPSIYON;D_EQ;SSO;D_EQ_EPP;DE_ENKAI_EPP;ENKAI.E;2026-05-25;0.53;0.56;-5.36;0;0;0;0;0;0;0;0;0;0;0;;;;;
2026-04-24;O_ENKAIE0526P96.00;ENKAI_05/2026_AVRUPA_OPSIYON;D_EQ;SSO;D_EQ_EPP;DE_ENKAI_EPP;ENKAI.E;2026-05-25;0.77;0.8;-3.75;0;0;0;0;0;0;0;0;0;35;0;;;;;
2026-04-24;O_ENKAIE0526P98.00;ENKAI_05/2026_AVRUPA_OPSIYON;D_EQ;SSO;D_EQ_EPP;DE_ENKAI_EPP;ENKAI.E;2026-05-25;1.08;1.11;-2.7;0;0;0;0;0;0;0;0;0;0;0;;;;;
2026-04-24;O_ENKAIE0626C100.00;ENKAI_06/2026_AVRUPA_OPSIYON;D_EQ;SSO;D_EQ_ECP;DE_ENKAI_ECP;ENKAI.E;2026-06-30;16.57;17.1;-3.1;0;0;0;0;0;0;0;0;0;0;0;;;;;
2026-04-24;O_ENKAIE0626C105.00;ENKAI_06/2026_AVRUPA_OPSIYON;D_EQ;SSO;D_EQ_ECP;DE_ENKAI_ECP;ENKAI.E;2026-06-30;13.23;13.72;-3.57;0;0;0;0;0;0;0;0;0;0;0;;;;;
2026-04-24;O_ENKAIE0626C110.00;ENKAI_06/2026_AVRUPA_OPSIYON;D_EQ;SSO;D_EQ_ECP;DE_ENKAI_ECP;ENKAI.E;2026-06-30;10.33;10.78;-4.17;0;0;0;0;0;0;0;0;0;0;0;;;;;
2026-04-24;O_ENKAIE0626C115.00;ENKAI_06/2026_AVRUPA_OPSIYON;D_EQ;SSO;D_EQ_ECP;DE_ENKAI_ECP;ENKAI.E;2026-06-30;7.88;8.3;-5.06;0;0;0;0;0;0;0;0;0;0;0;;;;;
2026-04-24;O_ENKAIE0626C120.00;ENKAI_06/2026_AVRUPA_OPSIYON;D_EQ;SSO;D_EQ_ECP;DE_ENKAI_ECP;ENKAI.E;2026-06-30;5.89;6.27;-6.06;0;0;0;0;0;0;0;0;0;0;0;;;;;
2026-04-24;O_ENKAIE0626C125.00;ENKAI_06/2026_AVRUPA_OPSIYON;D_EQ;SSO;D_EQ_ECP;DE_ENKAI_ECP;ENKAI.E;2026-06-30;4.31;4.65;-7.31;0;0;0;0;0;0;0;0;0;0;0;;;;;
2026-04-24;O_ENKAIE0626C130.00;ENKAI_06/2026_AVRUPA_OPSIYON;D_EQ;SSO;D_EQ_ECP;DE_ENKAI_ECP;ENKAI.E;2026-06-30;3.09;3.4;-9.12;0;0;0;0;0;0;0;0;0;0;0;;;;;
2026-04-24;O_ENKAIE0626C135.00;ENKAI_06/2026_AVRUPA_OPSIYON;D_EQ;SSO;D_EQ_ECP;DE_ENKAI_ECP;ENKAI.E;2026-06-30;2.17;2.44;-11.07;0;0;0;0;0;0;0;0;0;0;0;;;;;
2026-04-24;O_ENKAIE0626C140.00;ENKAI_06/2026_AVRUPA_OPSIYON;D_EQ;SSO;D_EQ_ECP;DE_ENKAI_ECP;ENKAI.E;2026-06-30;1.5;1.73;-13.29;0;0;0;0;0;0;0;0;0;0;0;;;;;
2026-04-24;O_ENKAIE0626C145.00;ENKAI_06/2026_AVRUPA_OPSIYON;D_EQ;SSO;D_EQ_ECP;DE_ENKAI_ECP;ENKAI.E;2026-06-30;1.02;1.22;-16.39;0;0;0;0;0;0;0;0;0;0;0;;;;;
2026-04-24;O_ENKAIE0626C98.00;ENKAI_06/2026_AVRUPA_OPSIYON;D_EQ;SSO;D_EQ_ECP;DE_ENKAI_ECP;ENKAI.E;2026-06-30;18.02;18.55;-2.86;0;0;0;0;0;0;0;0;0;0;0;;;;;
2026-04-24;O_ENKAIE0626P100.00;ENKAI_06/2026_AVRUPA_OPSIYON;D_EQ;SSO;D_EQ_EPP;DE_ENKAI_EPP;ENKAI.E;2026-06-30;1.97;1.97;0;0;0;0;0;0;0;0;0;0;0;0;;;;;
2026-04-24;O_ENKAIE0626P105.00;ENKAI_06/2026_AVRUPA_OPSIYON;D_EQ;SSO;D_EQ_EPP;DE_ENKAI_EPP;ENKAI.E;2026-06-30;3.23;3.18;1.57;0;0;0;0;0;0;0;0;0;0;0;;;;;
2026-04-24;O_ENKAIE0626P110.00;ENKAI_06/2026_AVRUPA_OPSIYON;D_EQ;SSO;D_EQ_EPP;DE_ENKAI_EPP;ENKAI.E;2026-06-30;4.92;4.82;2.07;0;0;0;0;0;0;0;0;0;0;0;;;;;
2026-04-24;O_ENKAIE0626P115.00;ENKAI_06/2026_AVRUPA_OPSIYON;D_EQ;SSO;D_EQ_EPP;DE_ENKAI_EPP;ENKAI.E;2026-06-30;7.07;6.92;2.17;0;0;0;0;0;0;0;0;0;0;0;;;;;
2026-04-24;O_ENKAIE0626P120.00;ENKAI_06/2026_AVRUPA_OPSIYON;D_EQ;SSO;D_EQ_EPP;DE_ENKAI_EPP;ENKAI.E;2026-06-30;9.67;9.47;2.11;0;0;0;0;0;0;0;0;0;0;0;;;;;
2026-04-24;O_ENKAIE0626P88.00;ENKAI_06/2026_AVRUPA_OPSIYON;D_EQ;SSO;D_EQ_EPP;DE_ENKAI_EPP;ENKAI.E;2026-06-30;0.42;0.44;-4.55;0;0;0;0;0;0;0;0;0;0;0;;;;;
2026-04-24;O_ENKAIE0626P90.00;ENKAI_06/2026_AVRUPA_OPSIYON;D_EQ;SSO;D_EQ_EPP;DE_ENKAI_EPP;ENKAI.E;2026-06-30;0.57;0.59;-3.39;0;0;0;0;0;0;0;0;0;0;0;;;;;
2026-04-24;O_ENKAIE0626P92.00;ENKAI_06/2026_AVRUPA_OPSIYON;D_EQ;SSO;D_EQ_EPP;DE_ENKAI_EPP;ENKAI.E;2026-06-30;0.75;0.78;-3.85;0;0;0;0;0;0;0;0;0;0;0;;;;;
2026-04-24;O_ENKAIE0626P94.00;ENKAI_06/2026_AVRUPA_OPSIYON;D_EQ;SSO;D_EQ_EPP;DE_ENKAI_EPP;ENKAI.E;2026-06-30;0.98;1;-2;0;0;0;0;0;0;0;0;0;0;0;;;;;
2026-04-24;O_ENKAIE0626P96.00;ENKAI_06/2026_AVRUPA_OPSIYON;D_EQ;SSO;D_EQ_EPP;DE_ENKAI_EPP;ENKAI.E;2026-06-30;1.26;1.27;-0.79;0;0;0;0;0;0;0;0;0;0;0;;;;;
2026-04-24;O_ENKAIE0626P98.00;ENKAI_06/2026_AVRUPA_OPSIYON;D_EQ;SSO;D_EQ_EPP;DE_ENKAI_EPP;ENKAI.E;2026-06-30;1.59;1.59;0;0;0;0;0;0;0;0;0;0;0;0;;;;;
2026-04-24;O_EREGLE0426C27.00;EREGL_04/2026_AVRUPA_OPSIYON;D_EQ;SSO;D_EQ_ECP;DE_EREGL_ECP;EREGL.E;2026-04-30;6.17;5.82;6.01;0;0;0;0;0;0;0;0;0;100;0;;;;;
2026-04-24;O_EREGLE0426C28.00;EREGL_04/2026_AVRUPA_OPSIYON;D_EQ;SSO;D_EQ_ECP;DE_EREGL_ECP;EREGL.E;2026-04-30;5.17;4.83;7.04;0;0;0;0;0;0;0;0;0;611;0;;;;;
2026-04-24;O_EREGLE0426C29.00;EREGL_04/2026_AVRUPA_OPSIYON;D_EQ;SSO;D_EQ_ECP;DE_EREGL_ECP;EREGL.E;2026-04-30;4.18;3.84;8.85;0;0;0;0;0;0;0;0;0;4005;0;;;;;
2026-04-24;O_EREGLE0426C30.00;EREGL_04/2026_AVRUPA_OPSIYON;D_EQ;SSO;D_EQ_ECP;DE_EREGL_ECP;EREGL.E;2026-04-30;3.19;2.88;10.76;0;0;0;0;0;0;0;0;0;716;0;;;;;
2026-04-24;O_EREGLE0426C31.00;EREGL_04/2026_AVRUPA_OPSIYON;D_EQ;SSO;D_EQ_ECP;DE_EREGL_ECP;EREGL.E;2026-04-30;2.23;1.97;13.2;0;0;0;0;0;0;0;0;0;1200;0;;;;;
2026-04-24;O_EREGLE0426C32.00;EREGL_04/2026_AVRUPA_OPSIYON;D_EQ;SSO;D_EQ_ECP;DE_EREGL_ECP;EREGL.E;2026-04-30;1.37;1.19;15.13;1.03;1.03;1.03;1.03;1.03;640000;20600;200;4;1481;200;;;;;
2026-04-24;O_EREGLE0426C33.00;EREGL_04/2026_AVRUPA_OPSIYON;D_EQ;SSO;D_EQ_ECP;DE_EREGL_ECP;EREGL.E;2026-04-30;0.7;0.62;12.9;0.63;0.63;0.63;0.63;0.63;2039400;38934;618;1;1254;-618;;;;;
2026-04-24;O_EREGLE0426C34.00;EREGL_04/2026_AVRUPA_OPSIYON;D_EQ;SSO;D_EQ_ECP;DE_EREGL_ECP;EREGL.E;2026-04-30;0.29;0.27;7.41;0.21;0.21;0.21;0.21;0.21;57800;357;17;1;945;-17;;;;;
2026-04-24;O_EREGLE0426C35.00;EREGL_04/2026_AVRUPA_OPSIYON;D_EQ;SSO;D_EQ_ECP;DE_EREGL_ECP;EREGL.E;2026-04-30;0.09;0.1;-10;0;0;0;0;0;0;0;0;0;1919;0;;;;;
2026-04-24;O_EREGLE0426C36.00;EREGL_04/2026_AVRUPA_OPSIYON;D_EQ;SSO;D_EQ_ECP;DE_EREGL_ECP;EREGL.E;2026-04-30;0.02;0.03;-33.33;0;0;0;0;0;0;0;0;0;953;0;;;;;
2026-04-24;O_EREGLE0426C37.00;EREGL_04/2026_AVRUPA_OPSIYON;D_EQ;SSO;D_EQ_ECP;DE_EREGL_ECP;EREGL.E;2026-04-30;0.01;0.01;0;0;0;0;0;0;0;0;0;0;0;0;;;;;
2026-04-24;O_EREGLE0426C38.00;EREGL_04/2026_AVRUPA_OPSIYON;D_EQ;SSO;D_EQ_ECP;DE_EREGL_ECP;EREGL.E;2026-04-30;0.01;0.01;0;0;0;0;0;0;0;0;0;0;0;0;;;;;
2026-04-24;O_EREGLE0426C39.00;EREGL_04/2026_AVRUPA_OPSIYON;D_EQ;SSO;D_EQ_ECP;DE_EREGL_ECP;EREGL.E;2026-04-30;0.01;0.01;0;0;0;0;0;0;0;0;0;0;0;0;;;;;
2026-04-24;O_EREGLE0426C40.00;EREGL_04/2026_AVRUPA_OPSIYON;D_EQ;SSO;D_EQ_ECP;DE_EREGL_ECP;EREGL.E;2026-04-30;0.01;0.01;0;0;0;0;0;0;0;0;0;0;81;0;;;;;
2026-04-24;O_EREGLE0426P23.50;EREGL_04/2026_AVRUPA_OPSIYON;D_EQ;SSO;D_EQ_EPP;DE_EREGL_EPP;EREGL.E;2026-04-30;0.01;0.01;0;0;0;0;0;0;0;0;0;0;0;0;;;;;
2026-04-24;O_EREGLE0426P24.00;EREGL_04/2026_AVRUPA_OPSIYON;D_EQ;SSO;D_EQ_EPP;DE_EREGL_EPP;EREGL.E;2026-04-30;0.01;0.01;0;0;0;0;0;0;0;0;0;0;0;0;;;;;
2026-04-24;O_EREGLE0426P24.50;EREGL_04/2026_AVRUPA_OPSIYON;D_EQ;SSO;D_EQ_EPP;DE_EREGL_EPP;EREGL.E;2026-04-30;0.01;0.01;0;0;0;0;0;0;0;0;0;0;1;0;;;;;
2026-04-24;O_EREGLE0426P25.00;EREGL_04/2026_AVRUPA_OPSIYON;D_EQ;SSO;D_EQ_EPP;DE_EREGL_EPP;EREGL.E;2026-04-30;0.01;0.01;0;0;0;0;0;0;0;0;0;0;2;0;;;;;
2026-04-24;O_EREGLE0426P26.00;EREGL_04/2026_AVRUPA_OPSIYON;D_EQ;SSO;D_EQ_EPP;DE_EREGL_EPP;EREGL.E;2026-04-30;0.01;0.01;0;0;0;0;0;0;0;0;0;0;5;0;;;;;
2026-04-24;O_EREGLE0426P27.00;EREGL_04/2026_AVRUPA_OPSIYON;D_EQ;SSO;D_EQ_EPP;DE_EREGL_EPP;EREGL.E;2026-04-30;0.01;0.01;0;0;0;0;0;0;0;0;0;0;1128;0;;;;;
2026-04-24;O_EREGLE0426P28.00;EREGL_04/2026_AVRUPA_OPSIYON;D_EQ;SSO;D_EQ_EPP;DE_EREGL_EPP;EREGL.E;2026-04-30;0.01;0.01;0;0;0;0;0;0;0;0;0;0;4915;0;;;;;
2026-04-24;O_EREGLE0426P29.00;EREGL_04/2026_AVRUPA_OPSIYON;D_EQ;SSO;D_EQ_EPP;DE_EREGL_EPP;EREGL.E;2026-04-30;0.01;0.01;0;0;0;0;0;0;0;0;0;0;1069;0;;;;;
2026-04-24;O_EREGLE0426P30.00;EREGL_04/2026_AVRUPA_OPSIYON;D_EQ;SSO;D_EQ_EPP;DE_EREGL_EPP;EREGL.E;2026-04-30;0.01;0.03;-66.67;0;0;0;0;0;0;0;0;0;2324;0;;;;;
2026-04-24;O_EREGLE0426P31.00;EREGL_04/2026_AVRUPA_OPSIYON;D_EQ;SSO;D_EQ_EPP;DE_EREGL_EPP;EREGL.E;2026-04-30;0.04;0.11;-63.64;0;0;0;0;0;0;0;0;0;1115;0;;;;;
2026-04-24;O_EREGLE0426P32.00;EREGL_04/2026_AVRUPA_OPSIYON;D_EQ;SSO;D_EQ_EPP;DE_EREGL_EPP;EREGL.E;2026-04-30;0.17;0.33;-48.48;0;0;0;0;0;0;0;0;0;2092;0;;;;;
2026-04-24;O_EREGLE0426P33.00;EREGL_04/2026_AVRUPA_OPSIYON;D_EQ;SSO;D_EQ_EPP;DE_EREGL_EPP;EREGL.E;2026-04-30;0.49;0.75;-34.67;0.76;0.47;0.76;0.47;0.54;2699400;44246;818;5;85;-648;;;;;
2026-04-24;O_EREGLE0426P34.00;EREGL_04/2026_AVRUPA_OPSIYON;D_EQ;SSO;D_EQ_EPP;DE_EREGL_EPP;EREGL.E;2026-04-30;1.07;1.39;-23.02;1.44;1.01;1.44;1.01;1.44;683400;28901;201;5;434;201;;;;;
2026-04-24;O_EREGLE0426P35.00;EREGL_04/2026_AVRUPA_OPSIYON;D_EQ;SSO;D_EQ_EPP;DE_EREGL_EPP;EREGL.E;2026-04-30;1.87;2.21;-15.38;0;0;0;0;0;0;0;0;0;205;0;;;;;
2026-04-24;O_EREGLE0526C27.00;EREGL_05/2026_AVRUPA_OPSIYON;D_EQ;SSO;D_EQ_ECP;DE_EREGL_ECP;EREGL.E;2026-05-25;6.87;6.53;5.21;0;0;0;0;0;0;0;0;0;0;0;;;;;
2026-04-24;O_EREGLE0526C28.00;EREGL_05/2026_AVRUPA_OPSIYON;D_EQ;SSO;D_EQ_ECP;DE_EREGL_ECP;EREGL.E;2026-05-25;5.92;5.6;5.71;0;0;0;0;0;0;0;0;0;1;0;;;;;
2026-04-24;O_EREGLE0526C29.00;EREGL_05/2026_AVRUPA_OPSIYON;D_EQ;SSO;D_EQ_ECP;DE_EREGL_ECP;EREGL.E;2026-05-25;5;4.69;6.61;0;0;0;0;0;0;0;0;0;0;0;;;;;
2026-04-24;O_EREGLE0526C30.00;EREGL_05/2026_AVRUPA_OPSIYON;D_EQ;SSO;D_EQ_ECP;DE_EREGL_ECP;EREGL.E;2026-05-25;4.11;3.83;7.31;0;0;0;0;0;0;0;0;0;1443;0;;;;;
2026-04-24;O_EREGLE0526C31.00;EREGL_05/2026_AVRUPA_OPSIYON;D_EQ;SSO;D_EQ_ECP;DE_EREGL_ECP;EREGL.E;2026-05-25;3.29;3.05;7.87;0;0;0;0;0;0;0;0;0;10;0;;;;;
2026-04-24;O_EREGLE0526C32.00;EREGL_05/2026_AVRUPA_OPSIYON;D_EQ;SSO;D_EQ_ECP;DE_EREGL_ECP;EREGL.E;2026-05-25;2.55;2.35;8.51;2;2;2.02;2.02;2.01;720000;45150;225;9;332;225;;;;;
2026-04-24;O_EREGLE0526C33.00;EREGL_05/2026_AVRUPA_OPSIYON;D_EQ;SSO;D_EQ_ECP;DE_EREGL_ECP;EREGL.E;2026-05-25;1.91;1.75;9.14;1.39;1.39;1.39;1.39;1.39;165000;6950;50;2;52;-50;;;;;
2026-04-24;O_EREGLE0526C34.00;EREGL_05/2026_AVRUPA_OPSIYON;D_EQ;SSO;D_EQ_ECP;DE_EREGL_ECP;EREGL.E;2026-05-25;1.38;1.26;9.52;0;0;0;0;0;0;0;0;0;2050;0;;;;;
2026-04-24;O_EREGLE0526C35.00;EREGL_05/2026_AVRUPA_OPSIYON;D_EQ;SSO;D_EQ_ECP;DE_EREGL_ECP;EREGL.E;2026-05-25;0.96;0.88;9.09;0.7;0.7;0.71;0.7;0.7;5320000;106475;1520;28;2220;1470;;;;;
2026-04-24;O_EREGLE0526C36.00;EREGL_05/2026_AVRUPA_OPSIYON;D_EQ;SSO;D_EQ_ECP;DE_EREGL_ECP;EREGL.E;2026-05-25;0.65;0.59;10.17;0.43;0.43;0.43;0.43;0.43;360000;4300;100;1;1817;100;;;;;
2026-04-24;O_EREGLE0526C37.00;EREGL_05/2026_AVRUPA_OPSIYON;D_EQ;SSO;D_EQ_ECP;DE_EREGL_ECP;EREGL.E;2026-05-25;0.42;0.39;7.69;0;0;0;0;0;0;0;0;0;3600;0;;;;;
2026-04-24;O_EREGLE0526C38.00;EREGL_05/2026_AVRUPA_OPSIYON;D_EQ;SSO;D_EQ_ECP;DE_EREGL_ECP;EREGL.E;2026-05-25;0.26;0.24;8.33;0;0;0;0;0;0;0;0;0;5204;0;;;;;
2026-04-24;O_EREGLE0526C39.00;EREGL_05/2026_AVRUPA_OPSIYON;D_EQ;SSO;D_EQ_ECP;DE_EREGL_ECP;EREGL.E;2026-05-25;0.16;0.15;6.67;0;0;0;0;0;0;0;0;0;10200;0;;;;;
2026-04-24;O_EREGLE0526C40.00;EREGL_05/2026_AVRUPA_OPSIYON;D_EQ;SSO;D_EQ_ECP;DE_EREGL_ECP;EREGL.E;2026-05-25;0.09;0.09;0;0;0;0;0;0;0;0;0;0;8400;0;;;;;
2026-04-24;O_EREGLE0526C41.00;EREGL_05/2026_AVRUPA_OPSIYON;D_EQ;SSO;D_EQ_ECP;DE_EREGL_ECP;EREGL.E;2026-05-25;0.05;0.05;0;0;0;0;0;0;0;0;0;0;0;0;;;;;
2026-04-24;O_EREGLE0526P23.50;EREGL_05/2026_AVRUPA_OPSIYON;D_EQ;SSO;D_EQ_EPP;DE_EREGL_EPP;EREGL.E;2026-05-25;0.01;0.01;0;0;0;0;0;0;0;0;0;0;0;0;;;;;
2026-04-24;O_EREGLE0526P24.00;EREGL_05/2026_AVRUPA_OPSIYON;D_EQ;SSO;D_EQ_EPP;DE_EREGL_EPP;EREGL.E;2026-05-25;0.01;0.01;0;0;0;0;0;0;0;0;0;0;0;0;;;;;
2026-04-24;O_EREGLE0526P24.50;EREGL_05/2026_AVRUPA_OPSIYON;D_EQ;SSO;D_EQ_EPP;DE_EREGL_EPP;EREGL.E;2026-05-25;0.01;0.01;0;0;0;0;0;0;0;0;0;0;0;0;;;;;
2026-04-24;O_EREGLE0526P25.00;EREGL_05/2026_AVRUPA_OPSIYON;D_EQ;SSO;D_EQ_EPP;DE_EREGL_EPP;EREGL.E;2026-05-25;0.01;0.01;0;0;0;0;0;0;0;0;0;0;0;0;;;;;
2026-04-24;O_EREGLE0526P26.00;EREGL_05/2026_AVRUPA_OPSIYON;D_EQ;SSO;D_EQ_EPP;DE_EREGL_EPP;EREGL.E;2026-05-25;0.01;0.01;0;0;0;0;0;0;0;0;0;0;0;0;;;;;
2026-04-24;O_EREGLE0526P27.00;EREGL_05/2026_AVRUPA_OPSIYON;D_EQ;SSO;D_EQ_EPP;DE_EREGL_EPP;EREGL.E;2026-05-25;0.01;0.02;-50;0;0;0;0;0;0;0;0;0;0;0;;;;;
2026-04-24;O_EREGLE0526P28.00;EREGL_05/2026_AVRUPA_OPSIYON;D_EQ;SSO;D_EQ_EPP;DE_EREGL_EPP;EREGL.E;2026-05-25;0.03;0.05;-40;0;0;0;0;0;0;0;0;0;0;0;;;;;
2026-04-24;O_EREGLE0526P29.00;EREGL_05/2026_AVRUPA_OPSIYON;D_EQ;SSO;D_EQ_EPP;DE_EREGL_EPP;EREGL.E;2026-05-25;0.08;0.11;-27.27;0;0;0;0;0;0;0;0;0;5;0;;;;;
2026-04-24;O_EREGLE0526P30.00;EREGL_05/2026_AVRUPA_OPSIYON;D_EQ;SSO;D_EQ_EPP;DE_EREGL_EPP;EREGL.E;2026-05-25;0.16;0.22;-27.27;0;0;0;0;0;0;0;0;0;0;0;;;;;
2026-04-24;O_EREGLE0526P31.00;EREGL_05/2026_AVRUPA_OPSIYON;D_EQ;SSO;D_EQ_EPP;DE_EREGL_EPP;EREGL.E;2026-05-25;0.31;0.4;-22.5;0;0;0;0;0;0;0;0;0;100;0;;;;;
2026-04-24;O_EREGLE0526P32.00;EREGL_05/2026_AVRUPA_OPSIYON;D_EQ;SSO;D_EQ_EPP;DE_EREGL_EPP;EREGL.E;2026-05-25;0.53;0.67;-20.9;0;0;0;0;0;0;0;0;0;275;0;;;;;
2026-04-24;O_EREGLE0526P33.00;EREGL_05/2026_AVRUPA_OPSIYON;D_EQ;SSO;D_EQ_EPP;DE_EREGL_EPP;EREGL.E;2026-05-25;0.86;1.04;-17.31;0;0;0;0;0;0;0;0;0;323;0;;;;;
2026-04-24;O_EREGLE0526P34.00;EREGL_05/2026_AVRUPA_OPSIYON;D_EQ;SSO;D_EQ_EPP;DE_EREGL_EPP;EREGL.E;2026-05-25;1.3;1.52;-14.47;1.39;1.39;1.39;1.39;1.39;595000;24325;175;7;25;-175;;;;;
2026-04-24;O_EREGLE0526P35.00;EREGL_05/2026_AVRUPA_OPSIYON;D_EQ;SSO;D_EQ_EPP;DE_EREGL_EPP;EREGL.E;2026-05-25;1.85;2.1;-11.9;2.03;2.03;2.03;2.03;2.03;1109500;64351;317;12;367;317;;;;;
2026-04-24;O_EREGLE0526P36.00;EREGL_05/2026_AVRUPA_OPSIYON;D_EQ;SSO;D_EQ_EPP;DE_EREGL_EPP;EREGL.E;2026-05-25;2.5;2.78;-10.07;0;0;0;0;0;0;0;0;0;5;0;;;;;
2026-04-24;O_EREGLE0626C30.00;EREGL_06/2026_AVRUPA_OPSIYON;D_EQ;SSO;D_EQ_ECP;DE_EREGL_ECP;EREGL.E;2026-06-30;5.68;5.41;4.99;0;0;0;0;0;0;0;0;0;0;0;;;;;
2026-04-24;O_EREGLE0626C31.00;EREGL_06/2026_AVRUPA_OPSIYON;D_EQ;SSO;D_EQ_ECP;DE_EREGL_ECP;EREGL.E;2026-06-30;4.91;4.66;5.36;0;0;0;0;0;0;0;0;0;0;0;;;;;
2026-04-24;O_EREGLE0626C32.00;EREGL_06/2026_AVRUPA_OPSIYON;D_EQ;SSO;D_EQ_ECP;DE_EREGL_ECP;EREGL.E;2026-06-30;4.19;3.96;5.81;0;0;0;0;0;0;0;0;0;0;0;;;;;
2026-04-24;O_EREGLE0626C33.00;EREGL_06/2026_AVRUPA_OPSIYON;D_EQ;SSO;D_EQ_ECP;DE_EREGL_ECP;EREGL.E;2026-06-30;3.52;3.32;6.02;0;0;0;0;0;0;0;0;0;0;0;;;;;
2026-04-24;O_EREGLE0626C34.00;EREGL_06/2026_AVRUPA_OPSIYON;D_EQ;SSO;D_EQ_ECP;DE_EREGL_ECP;EREGL.E;2026-06-30;2.92;2.75;6.18;0;0;0;0;0;0;0;0;0;0;0;;;;;
2026-04-24;O_EREGLE0626C35.00;EREGL_06/2026_AVRUPA_OPSIYON;D_EQ;SSO;D_EQ_ECP;DE_EREGL_ECP;EREGL.E;2026-06-30;2.39;2.25;6.22;0;0;0;0;0;0;0;0;0;0;0;;;;;
2026-04-24;O_EREGLE0626C36.00;EREGL_06/2026_AVRUPA_OPSIYON;D_EQ;SSO;D_EQ_ECP;DE_EREGL_ECP;EREGL.E;2026-06-30;1.93;1.81;6.63;0;0;0;0;0;0;0;0;0;0;0;;;;;
2026-04-24;O_EREGLE0626C37.00;EREGL_06/2026_AVRUPA_OPSIYON;D_EQ;SSO;D_EQ_ECP;DE_EREGL_ECP;EREGL.E;2026-06-30;1.54;1.44;6.94;0;0;0;0;0;0;0;0;0;0;0;;;;;
2026-04-24;O_EREGLE0626C38.00;EREGL_06/2026_AVRUPA_OPSIYON;D_EQ;SSO;D_EQ_ECP;DE_EREGL_ECP;EREGL.E;2026-06-30;1.21;1.14;6.14;0;0;0;0;0;0;0;0;0;0;0;;;;;
2026-04-24;O_EREGLE0626C39.00;EREGL_06/2026_AVRUPA_OPSIYON;D_EQ;SSO;D_EQ_ECP;DE_EREGL_ECP;EREGL.E;2026-06-30;0.94;0.88;6.82;0;0;0;0;0;0;0;0;0;0;0;;;;;
2026-04-24;O_EREGLE0626C40.00;EREGL_06/2026_AVRUPA_OPSIYON;D_EQ;SSO;D_EQ_ECP;DE_EREGL_ECP;EREGL.E;2026-06-30;0.72;0.68;5.88;0;0;0;0;0;0;0;0;0;0;0;;;;;
2026-04-24;O_EREGLE0626C41.00;EREGL_06/2026_AVRUPA_OPSIYON;D_EQ;SSO;D_EQ_ECP;DE_EREGL_ECP;EREGL.E;2026-06-30;0.55;0.51;7.84;0;0;0;0;0;0;0;0;0;0;0;;;;;
2026-04-24;O_EREGLE0626C42.00;EREGL_06/2026_AVRUPA_OPSIYON;D_EQ;SSO;D_EQ_ECP;DE_EREGL_ECP;EREGL.E;2026-06-30;0.41;0.39;5.13;0;0;0;0;0;0;0;0;0;0;0;;;;;
2026-04-24;O_EREGLE0626P25.00;EREGL_06/2026_AVRUPA_OPSIYON;D_EQ;SSO;D_EQ_EPP;DE_EREGL_EPP;EREGL.E;2026-06-30;0.01;0.02;-50;0;0;0;0;0;0;0;0;0;0;0;;;;;
2026-04-24;O_EREGLE0626P26.00;EREGL_06/2026_AVRUPA_OPSIYON;D_EQ;SSO;D_EQ_EPP;DE_EREGL_EPP;EREGL.E;2026-06-30;0.02;0.03;-33.33;0;0;0;0;0;0;0;0;0;0;0;;;;;
2026-04-24;O_EREGLE0626P27.00;EREGL_06/2026_AVRUPA_OPSIYON;D_EQ;SSO;D_EQ_EPP;DE_EREGL_EPP;EREGL.E;2026-06-30;0.05;0.06;-16.67;0;0;0;0;0;0;0;0;0;0;0;;;;;
2026-04-24;O_EREGLE0626P28.00;EREGL_06/2026_AVRUPA_OPSIYON;D_EQ;SSO;D_EQ_EPP;DE_EREGL_EPP;EREGL.E;2026-06-30;0.09;0.11;-18.18;0;0;0;0;0;0;0;0;0;0;0;;;;;
2026-04-24;O_EREGLE0626P29.00;EREGL_06/2026_AVRUPA_OPSIYON;D_EQ;SSO;D_EQ_EPP;DE_EREGL_EPP;EREGL.E;2026-06-30;0.15;0.19;-21.05;0;0;0;0;0;0;0;0;0;0;0;;;;;
2026-04-24;O_EREGLE0626P30.00;EREGL_06/2026_AVRUPA_OPSIYON;D_EQ;SSO;D_EQ_EPP;DE_EREGL_EPP;EREGL.E;2026-06-30;0.25;0.31;-19.35;0;0;0;0;0;0;0;0;0;0;0;;;;;
2026-04-24;O_EREGLE0626P31.00;EREGL_06/2026_AVRUPA_OPSIYON;D_EQ;SSO;D_EQ_EPP;DE_EREGL_EPP;EREGL.E;2026-06-30;0.4;0.47;-14.89;0;0;0;0;0;0;0;0;0;0;0;;;;;
2026-04-24;O_EREGLE0626P32.00;EREGL_06/2026_AVRUPA_OPSIYON;D_EQ;SSO;D_EQ_EPP;DE_EREGL_EPP;EREGL.E;2026-06-30;0.59;0.69;-14.49;0;0;0;0;0;0;0;0;0;0;0;;;;;
2026-04-24;O_EREGLE0626P33.00;EREGL_06/2026_AVRUPA_OPSIYON;D_EQ;SSO;D_EQ_EPP;DE_EREGL_EPP;EREGL.E;2026-06-30;0.85;0.97;-12.37;0;0;0;0;0;0;0;0;0;0;0;;;;;
2026-04-24;O_EREGLE0626P34.00;EREGL_06/2026_AVRUPA_OPSIYON;D_EQ;SSO;D_EQ_EPP;DE_EREGL_EPP;EREGL.E;2026-06-30;1.17;1.32;-11.36;0;0;0;0;0;0;0;0;0;0;0;;;;;
2026-04-24;O_EREGLE0626P35.00;EREGL_06/2026_AVRUPA_OPSIYON;D_EQ;SSO;D_EQ_EPP;DE_EREGL_EPP;EREGL.E;2026-06-30;1.56;1.73;-9.83;0;0;0;0;0;0;0;0;0;0;0;;;;;
2026-04-24;O_EREGLE0626P36.00;EREGL_06/2026_AVRUPA_OPSIYON;D_EQ;SSO;D_EQ_EPP;DE_EREGL_EPP;EREGL.E;2026-06-30;2.02;2.22;-9.01;0;0;0;0;0;0;0;0;0;0;0;;;;;
2026-04-24;O_EREGLE0626P37.00;EREGL_06/2026_AVRUPA_OPSIYON;D_EQ;SSO;D_EQ_EPP;DE_EREGL_EPP;EREGL.E;2026-06-30;2.55;2.76;-7.61;0;0;0;0;0;0;0;0;0;0;0;;;;;
2026-04-24;O_FROTOE0426C100.00;FROTO_04/2026_AVRUPA_OPSIYON;D_EQ;SSO;D_EQ_ECP;DE_FROTO_ECP;FROTO.E;2026-04-30;5.57;4.28;30.14;0;0;0;0;0;0;0;0;0;110;0;;;;;
2026-04-24;O_FROTOE0426C105.00;FROTO_04/2026_AVRUPA_OPSIYON;D_EQ;SSO;D_EQ_ECP;DE_FROTO_ECP;FROTO.E;2026-04-30;2.2;1.65;33.33;1.96;1.96;2.22;2.05;2.03;430500;8305;41;5;77;41;;;;;
2026-04-24;O_FROTOE0426C110.00;FROTO_04/2026_AVRUPA_OPSIYON;D_EQ;SSO;D_EQ_ECP;DE_FROTO_ECP;FROTO.E;2026-04-30;0.56;0.45;24.44;0;0;0;0;0;0;0;0;0;666;0;;;;;
2026-04-24;O_FROTOE0426C115.00;FROTO_04/2026_AVRUPA_OPSIYON;D_EQ;SSO;D_EQ_ECP;DE_FROTO_ECP;FROTO.E;2026-04-30;0.09;0.09;0;0;0;0;0;0;0;0;0;0;100;0;;;;;
2026-04-24;O_FROTOE0426C120.00;FROTO_04/2026_AVRUPA_OPSIYON;D_EQ;SSO;D_EQ_ECP;DE_FROTO_ECP;FROTO.E;2026-04-30;0.01;0.01;0;0;0;0;0;0;0;0;0;0;22;0;;;;;
2026-04-24;O_FROTOE0426C125.00;FROTO_04/2026_AVRUPA_OPSIYON;D_EQ;SSO;D_EQ_ECP;DE_FROTO_ECP;FROTO.E;2026-04-30;0.01;0.01;0;0;0;0;0;0;0;0;0;0;0;0;;;;;
2026-04-24;O_FROTOE0426C130.00;FROTO_04/2026_AVRUPA_OPSIYON;D_EQ;SSO;D_EQ_ECP;DE_FROTO_ECP;FROTO.E;2026-04-30;0.01;0.01;0;0;0;0;0;0;0;0;0;0;0;0;;;;;
2026-04-24;O_FROTOE0426C135.00;FROTO_04/2026_AVRUPA_OPSIYON;D_EQ;SSO;D_EQ_ECP;DE_FROTO_ECP;FROTO.E;2026-04-30;0.01;0.01;0;0;0;0;0;0;0;0;0;0;0;0;;;;;
2026-04-24;O_FROTOE0426C140.00;FROTO_04/2026_AVRUPA_OPSIYON;D_EQ;SSO;D_EQ_ECP;DE_FROTO_ECP;FROTO.E;2026-04-30;0.01;0.01;0;0;0;0;0;0;0;0;0;0;0;0;;;;;
2026-04-24;O_FROTOE0426C145.00;FROTO_04/2026_AVRUPA_OPSIYON;D_EQ;SSO;D_EQ_ECP;DE_FROTO_ECP;FROTO.E;2026-04-30;0.01;0.01;0;0;0;0;0;0;0;0;0;0;0;0;;;;;
2026-04-24;O_FROTOE0426C150.00;FROTO_04/2026_AVRUPA_OPSIYON;D_EQ;SSO;D_EQ_ECP;DE_FROTO_ECP;FROTO.E;2026-04-30;0.01;0.01;0;0;0;0;0;0;0;0;0;0;0;0;;;;;
2026-04-24;O_FROTOE0426C155.00;FROTO_04/2026_AVRUPA_OPSIYON;D_EQ;SSO;D_EQ_ECP;DE_FROTO_ECP;FROTO.E;2026-04-30;0.01;0.01;0;0;0;0;0;0;0;0;0;0;0;0;;;;;
2026-04-24;O_FROTOE0426C160.00;FROTO_04/2026_AVRUPA_OPSIYON;D_EQ;SSO;D_EQ_ECP;DE_FROTO_ECP;FROTO.E;2026-04-30;0.01;0.01;0;0;0;0;0;0;0;0;0;0;0;0;;;;;
2026-04-24;O_FROTOE0426C165.00;FROTO_04/2026_AVRUPA_OPSIYON;D_EQ;SSO;D_EQ_ECP;DE_FROTO_ECP;FROTO.E;2026-04-30;0.01;0.01;0;0;0;0;0;0;0;0;0;0;0;0;;;;;
2026-04-24;O_FROTOE0426C170.00;FROTO_04/2026_AVRUPA_OPSIYON;D_EQ;SSO;D_EQ_ECP;DE_FROTO_ECP;FROTO.E;2026-04-30;0.01;0.01;0;0;0;0;0;0;0;0;0;0;0;0;;;;;
2026-04-24;O_FROTOE0426C175.00;FROTO_04/2026_AVRUPA_OPSIYON;D_EQ;SSO;D_EQ_ECP;DE_FROTO_ECP;FROTO.E;2026-04-30;0.01;0.01;0;0;0;0;0;0;0;0;0;0;0;0;;;;;
2026-04-24;O_FROTOE0426C98.00;FROTO_04/2026_AVRUPA_OPSIYON;D_EQ;SSO;D_EQ_ECP;DE_FROTO_ECP;FROTO.E;2026-04-30;7.31;5.76;26.91;0;0;0;0;0;0;0;0;0;0;0;;;;;
2026-04-24;O_FROTOE0426P100.00;FROTO_04/2026_AVRUPA_OPSIYON;D_EQ;SSO;D_EQ_EPP;DE_FROTO_EPP;FROTO.E;2026-04-30;0.44;1.15;-61.74;0;0;0;0;0;0;0;0;0;681;0;;;;;
2026-04-24;O_FROTOE0426P105.00;FROTO_04/2026_AVRUPA_OPSIYON;D_EQ;SSO;D_EQ_EPP;DE_FROTO_EPP;FROTO.E;2026-04-30;2.05;3.48;-41.09;0;0;0;0;0;0;0;0;0;1357;0;;;;;
2026-04-24;O_FROTOE0426P110.00;FROTO_04/2026_AVRUPA_OPSIYON;D_EQ;SSO;D_EQ_EPP;DE_FROTO_EPP;FROTO.E;2026-04-30;5.38;7.24;-25.69;5.85;5.85;5.85;5.85;5.85;11000;585;1;1;18;1;;;;;
2026-04-24;O_FROTOE0426P115.00;FROTO_04/2026_AVRUPA_OPSIYON;D_EQ;SSO;D_EQ_EPP;DE_FROTO_EPP;FROTO.E;2026-04-30;9.87;11.83;-16.57;0;0;0;0;0;0;0;0;0;50;0;;;;;
2026-04-24;O_FROTOE0426P120.00;FROTO_04/2026_AVRUPA_OPSIYON;D_EQ;SSO;D_EQ_EPP;DE_FROTO_EPP;FROTO.E;2026-04-30;14.76;16.72;-11.72;0;0;0;0;0;0;0;0;0;0;0;;;;;
2026-04-24;O_FROTOE0426P125.00;FROTO_04/2026_AVRUPA_OPSIYON;D_EQ;SSO;D_EQ_EPP;DE_FROTO_EPP;FROTO.E;2026-04-30;19.72;21.66;-8.96;0;0;0;0;0;0;0;0;0;0;0;;;;;
2026-04-24;O_FROTOE0426P130.00;FROTO_04/2026_AVRUPA_OPSIYON;D_EQ;SSO;D_EQ_EPP;DE_FROTO_EPP;FROTO.E;2026-04-30;24.69;26.62;-7.25;0;0;0;0;0;0;0;0;0;0;0;;;;;
2026-04-24;O_FROTOE0426P135.00;FROTO_04/2026_AVRUPA_OPSIYON;D_EQ;SSO;D_EQ_EPP;DE_FROTO_EPP;FROTO.E;2026-04-30;29.66;31.58;-6.08;0;0;0;0;0;0;0;0;0;0;0;;;;;
2026-04-24;O_FROTOE0426P140.00;FROTO_04/2026_AVRUPA_OPSIYON;D_EQ;SSO;D_EQ_EPP;DE_FROTO_EPP;FROTO.E;2026-04-30;34.63;36.54;-5.23;0;0;0;0;0;0;0;0;0;0;0;;;;;
2026-04-24;O_FROTOE0426P145.00;FROTO_04/2026_AVRUPA_OPSIYON;D_EQ;SSO;D_EQ_EPP;DE_FROTO_EPP;FROTO.E;2026-04-30;39.6;41.5;-4.58;0;0;0;0;0;0;0;0;0;0;0;;;;;
2026-04-24;O_FROTOE0426P150.00;FROTO_04/2026_AVRUPA_OPSIYON;D_EQ;SSO;D_EQ_EPP;DE_FROTO_EPP;FROTO.E;2026-04-30;44.57;46.46;-4.07;0;0;0;0;0;0;0;0;0;0;0;;;;;
2026-04-24;O_FROTOE0426P88.00;FROTO_04/2026_AVRUPA_OPSIYON;D_EQ;SSO;D_EQ_EPP;DE_FROTO_EPP;FROTO.E;2026-04-30;0.01;0.01;0;0;0;0;0;0;0;0;0;0;0;0;;;;;
2026-04-24;O_FROTOE0426P90.00;FROTO_04/2026_AVRUPA_OPSIYON;D_EQ;SSO;D_EQ_EPP;DE_FROTO_EPP;FROTO.E;2026-04-30;0.01;0.02;-50;0;0;0;0;0;0;0;0;0;0;0;;;;;
2026-04-24;O_FROTOE0426P92.00;FROTO_04/2026_AVRUPA_OPSIYON;D_EQ;SSO;D_EQ_EPP;DE_FROTO_EPP;FROTO.E;2026-04-30;0.01;0.06;-83.33;0;0;0;0;0;0;0;0;0;185;0;;;;;
2026-04-24;O_FROTOE0426P94.00;FROTO_04/2026_AVRUPA_OPSIYON;D_EQ;SSO;D_EQ_EPP;DE_FROTO_EPP;FROTO.E;2026-04-30;0.02;0.15;-86.67;0;0;0;0;0;0;0;0;0;0;0;;;;;
2026-04-24;O_FROTOE0426P96.00;FROTO_04/2026_AVRUPA_OPSIYON;D_EQ;SSO;D_EQ_EPP;DE_FROTO_EPP;FROTO.E;2026-04-30;0.08;0.33;-75.76;0;0;0;0;0;0;0;0;0;331;0;;;;;
2026-04-24;O_FROTOE0426P98.00;FROTO_04/2026_AVRUPA_OPSIYON;D_EQ;SSO;D_EQ_EPP;DE_FROTO_EPP;FROTO.E;2026-04-30;0.2;0.64;-68.75;0;0;0;0;0;0;0;0;0;10;0;;;;;
2026-04-24;O_FROTOE0526C100.00;FROTO_05/2026_AVRUPA_OPSIYON;D_EQ;SSO;D_EQ_ECP;DE_FROTO_ECP;FROTO.E;2026-05-25;9.46;8.17;15.79;0;0;0;0;0;0;0;0;0;0;0;;;;;
2026-04-24;O_FROTOE0526C105.00;FROTO_05/2026_AVRUPA_OPSIYON;D_EQ;SSO;D_EQ_ECP;DE_FROTO_ECP;FROTO.E;2026-05-25;6.31;5.36;17.72;0;0;0;0;0;0;0;0;0;52;0;;;;;
2026-04-24;O_FROTOE0526C110.00;FROTO_05/2026_AVRUPA_OPSIYON;D_EQ;SSO;D_EQ_ECP;DE_FROTO_ECP;FROTO.E;2026-05-25;3.94;3.3;19.39;0;0;0;0;0;0;0;0;0;20;0;;;;;
2026-04-24;O_FROTOE0526C115.00;FROTO_05/2026_AVRUPA_OPSIYON;D_EQ;SSO;D_EQ_ECP;DE_FROTO_ECP;FROTO.E;2026-05-25;2.29;1.9;20.53;2.22;2.22;2.22;2.22;2.22;23000;444;2;2;2;2;;;;;
2026-04-24;O_FROTOE0526C120.00;FROTO_05/2026_AVRUPA_OPSIYON;D_EQ;SSO;D_EQ_ECP;DE_FROTO_ECP;FROTO.E;2026-05-25;1.25;1.03;21.36;0;0;0;0;0;0;0;0;0;0;0;;;;;
2026-04-24;O_FROTOE0526C125.00;FROTO_05/2026_AVRUPA_OPSIYON;D_EQ;SSO;D_EQ_ECP;DE_FROTO_ECP;FROTO.E;2026-05-25;0.64;0.53;20.75;0;0;0;0;0;0;0;0;0;0;0;;;;;
2026-04-24;O_FROTOE0526C130.00;FROTO_05/2026_AVRUPA_OPSIYON;D_EQ;SSO;D_EQ_ECP;DE_FROTO_ECP;FROTO.E;2026-05-25;0.3;0.26;15.38;0;0;0;0;0;0;0;0;0;0;0;;;;;
2026-04-24;O_FROTOE0526C135.00;FROTO_05/2026_AVRUPA_OPSIYON;D_EQ;SSO;D_EQ_ECP;DE_FROTO_ECP;FROTO.E;2026-05-25;0.14;0.12;16.67;0;0;0;0;0;0;0;0;0;0;0;;;;;
2026-04-24;O_FROTOE0526C140.00;FROTO_05/2026_AVRUPA_OPSIYON;D_EQ;SSO;D_EQ_ECP;DE_FROTO_ECP;FROTO.E;2026-05-25;0.06;0.05;20;0;0;0;0;0;0;0;0;0;0;0;;;;;
2026-04-24;O_FROTOE0526C145.00;FROTO_05/2026_AVRUPA_OPSIYON;D_EQ;SSO;D_EQ_ECP;DE_FROTO_ECP;FROTO.E;2026-05-25;0.02;0.02;0;0;0;0;0;0;0;0;0;0;0;0;;;;;
2026-04-24;O_FROTOE0526C150.00;FROTO_05/2026_AVRUPA_OPSIYON;D_EQ;SSO;D_EQ_ECP;DE_FROTO_ECP;FROTO.E;2026-05-25;0.01;0.01;0;0;0;0;0;0;0;0;0;0;0;0;;;;;
2026-04-24;O_FROTOE0526C155.00;FROTO_05/2026_AVRUPA_OPSIYON;D_EQ;SSO;D_EQ_ECP;DE_FROTO_ECP;FROTO.E;2026-05-25;0.01;0.01;0;0;0;0;0;0;0;0;0;0;0;0;;;;;
2026-04-24;O_FROTOE0526C98.00;FROTO_05/2026_AVRUPA_OPSIYON;D_EQ;SSO;D_EQ_ECP;DE_FROTO_ECP;FROTO.E;2026-05-25;10.92;9.5;14.95;0;0;0;0;0;0;0;0;0;0;0;;;;;
2026-04-24;O_FROTOE0526P100.00;FROTO_05/2026_AVRUPA_OPSIYON;D_EQ;SSO;D_EQ_EPP;DE_FROTO_EPP;FROTO.E;2026-05-25;1.79;2.49;-28.11;0;0;0;0;0;0;0;0;0;0;0;;;;;
2026-04-24;O_FROTOE0526P105.00;FROTO_05/2026_AVRUPA_OPSIYON;D_EQ;SSO;D_EQ_EPP;DE_FROTO_EPP;FROTO.E;2026-05-25;3.48;4.52;-23.01;0;0;0;0;0;0;0;0;0;4;0;;;;;
2026-04-24;O_FROTOE0526P110.00;FROTO_05/2026_AVRUPA_OPSIYON;D_EQ;SSO;D_EQ_EPP;DE_FROTO_EPP;FROTO.E;2026-05-25;5.94;7.28;-18.41;0;0;0;0;0;0;0;0;0;0;0;;;;;
2026-04-24;O_FROTOE0526P115.00;FROTO_05/2026_AVRUPA_OPSIYON;D_EQ;SSO;D_EQ_EPP;DE_FROTO_EPP;FROTO.E;2026-05-25;9.14;10.72;-14.74;0;0;0;0;0;0;0;0;0;0;0;;;;;
2026-04-24;O_FROTOE0526P120.00;FROTO_05/2026_AVRUPA_OPSIYON;D_EQ;SSO;D_EQ_EPP;DE_FROTO_EPP;FROTO.E;2026-05-25;12.94;14.68;-11.85;0;0;0;0;0;0;0;0;0;0;0;;;;;
2026-04-24;O_FROTOE0526P125.00;FROTO_05/2026_AVRUPA_OPSIYON;D_EQ;SSO;D_EQ_EPP;DE_FROTO_EPP;FROTO.E;2026-05-25;17.17;19.01;-9.68;0;0;0;0;0;0;0;0;0;0;0;;;;;
2026-04-24;O_FROTOE0526P130.00;FROTO_05/2026_AVRUPA_OPSIYON;D_EQ;SSO;D_EQ_EPP;DE_FROTO_EPP;FROTO.E;2026-05-25;21.68;23.57;-8.02;0;0;0;0;0;0;0;0;0;0;0;;;;;
2026-04-24;O_FROTOE0526P88.00;FROTO_05/2026_AVRUPA_OPSIYON;D_EQ;SSO;D_EQ_EPP;DE_FROTO_EPP;FROTO.E;2026-05-25;0.17;0.31;-45.16;0;0;0;0;0;0;0;0;0;0;0;;;;;
2026-04-24;O_FROTOE0526P90.00;FROTO_05/2026_AVRUPA_OPSIYON;D_EQ;SSO;D_EQ_EPP;DE_FROTO_EPP;FROTO.E;2026-05-25;0.28;0.48;-41.67;0;0;0;0;0;0;0;0;0;0;0;;;;;
2026-04-24;O_FROTOE0526P92.00;FROTO_05/2026_AVRUPA_OPSIYON;D_EQ;SSO;D_EQ_EPP;DE_FROTO_EPP;FROTO.E;2026-05-25;0.43;0.71;-39.44;0;0;0;0;0;0;0;0;0;0;0;;;;;
2026-04-24;O_FROTOE0526P94.00;FROTO_05/2026_AVRUPA_OPSIYON;D_EQ;SSO;D_EQ_EPP;DE_FROTO_EPP;FROTO.E;2026-05-25;0.64;1.01;-36.63;0;0;0;0;0;0;0;0;0;0;0;;;;;
2026-04-24;O_FROTOE0526P96.00;FROTO_05/2026_AVRUPA_OPSIYON;D_EQ;SSO;D_EQ_EPP;DE_FROTO_EPP;FROTO.E;2026-05-25;0.93;1.4;-33.57;0;0;0;0;0;0;0;0;0;0;0;;;;;
2026-04-24;O_FROTOE0526P98.00;FROTO_05/2026_AVRUPA_OPSIYON;D_EQ;SSO;D_EQ_EPP;DE_FROTO_EPP;FROTO.E;2026-05-25;1.31;1.89;-30.69;1.04;1.04;1.04;1.04;1.04;49000;520;5;1;0;-5;;;;;
2026-04-24;O_FROTOE0626C100.00;FROTO_06/2026_AVRUPA_OPSIYON;D_EQ;SSO;D_EQ_ECP;DE_FROTO_ECP;FROTO.E;2026-06-30;14.77;13.37;10.47;0;0;0;0;0;0;0;0;0;0;0;;;;;
2026-04-24;O_FROTOE0626C105.00;FROTO_06/2026_AVRUPA_OPSIYON;D_EQ;SSO;D_EQ_ECP;DE_FROTO_ECP;FROTO.E;2026-06-30;11.55;10.37;11.38;0;0;0;0;0;0;0;0;0;0;0;;;;;
2026-04-24;O_FROTOE0626C110.00;FROTO_06/2026_AVRUPA_OPSIYON;D_EQ;SSO;D_EQ_ECP;DE_FROTO_ECP;FROTO.E;2026-06-30;8.81;7.85;12.23;0;0;0;0;0;0;0;0;0;0;0;;;;;
2026-04-24;O_FROTOE0626C115.00;FROTO_06/2026_AVRUPA_OPSIYON;D_EQ;SSO;D_EQ_ECP;DE_FROTO_ECP;FROTO.E;2026-06-30;6.56;5.8;13.1;0;0;0;0;0;0;0;0;0;0;0;;;;;
2026-04-24;O_FROTOE0626C120.00;FROTO_06/2026_AVRUPA_OPSIYON;D_EQ;SSO;D_EQ_ECP;DE_FROTO_ECP;FROTO.E;2026-06-30;4.76;4.19;13.6;0;0;0;0;0;0;0;0;0;0;0;;;;;
2026-04-24;O_FROTOE0626C125.00;FROTO_06/2026_AVRUPA_OPSIYON;D_EQ;SSO;D_EQ_ECP;DE_FROTO_ECP;FROTO.E;2026-06-30;3.38;2.96;14.19;0;0;0;0;0;0;0;0;0;0;0;;;;;
2026-04-24;O_FROTOE0626C130.00;FROTO_06/2026_AVRUPA_OPSIYON;D_EQ;SSO;D_EQ_ECP;DE_FROTO_ECP;FROTO.E;2026-06-30;2.34;2.05;14.15;0;0;0;0;0;0;0;0;0;0;0;;;;;
2026-04-24;O_FROTOE0626C135.00;FROTO_06/2026_AVRUPA_OPSIYON;D_EQ;SSO;D_EQ_ECP;DE_FROTO_ECP;FROTO.E;2026-06-30;1.59;1.39;14.39;0;0;0;0;0;0;0;0;0;0;0;;;;;
2026-04-24;O_FROTOE0626C140.00;FROTO_06/2026_AVRUPA_OPSIYON;D_EQ;SSO;D_EQ_ECP;DE_FROTO_ECP;FROTO.E;2026-06-30;1.06;0.93;13.98;0;0;0;0;0;0;0;0;0;0;0;;;;;
2026-04-24;O_FROTOE0626C145.00;FROTO_06/2026_AVRUPA_OPSIYON;D_EQ;SSO;D_EQ_ECP;DE_FROTO_ECP;FROTO.E;2026-06-30;0.69;0.61;13.11;0;0;0;0;0;0;0;0;0;0;0;;;;;
2026-04-24;O_FROTOE0626C150.00;FROTO_06/2026_AVRUPA_OPSIYON;D_EQ;SSO;D_EQ_ECP;DE_FROTO_ECP;FROTO.E;2026-06-30;0.45;0.39;15.38;0;0;0;0;0;0;0;0;0;0;0;;;;;
2026-04-24;O_FROTOE0626P100.00;FROTO_06/2026_AVRUPA_OPSIYON;D_EQ;SSO;D_EQ_EPP;DE_FROTO_EPP;FROTO.E;2026-06-30;2.17;2.74;-20.8;0;0;0;0;0;0;0;0;0;0;0;;;;;
2026-04-24;O_FROTOE0626P105.00;FROTO_06/2026_AVRUPA_OPSIYON;D_EQ;SSO;D_EQ_EPP;DE_FROTO_EPP;FROTO.E;2026-06-30;3.55;4.33;-18.01;0;0;0;0;0;0;0;0;0;0;0;;;;;
2026-04-24;O_FROTOE0626P110.00;FROTO_06/2026_AVRUPA_OPSIYON;D_EQ;SSO;D_EQ_EPP;DE_FROTO_EPP;FROTO.E;2026-06-30;5.41;6.39;-15.34;0;0;0;0;0;0;0;0;0;0;0;;;;;
2026-04-24;O_FROTOE0626P115.00;FROTO_06/2026_AVRUPA_OPSIYON;D_EQ;SSO;D_EQ_EPP;DE_FROTO_EPP;FROTO.E;2026-06-30;7.75;8.93;-13.21;0;0;0;0;0;0;0;0;0;0;0;;;;;
2026-04-24;O_FROTOE0626P120.00;FROTO_06/2026_AVRUPA_OPSIYON;D_EQ;SSO;D_EQ_EPP;DE_FROTO_EPP;FROTO.E;2026-06-30;10.54;11.9;-11.43;0;0;0;0;0;0;0;0;0;0;0;;;;;
2026-04-24;O_FROTOE0626P125.00;FROTO_06/2026_AVRUPA_OPSIYON;D_EQ;SSO;D_EQ_EPP;DE_FROTO_EPP;FROTO.E;2026-06-30;13.75;15.25;-9.84;0;0;0;0;0;0;0;0;0;0;0;;;;;
2026-04-24;O_FROTOE0626P90.00;FROTO_06/2026_AVRUPA_OPSIYON;D_EQ;SSO;D_EQ_EPP;DE_FROTO_EPP;FROTO.E;2026-06-30;0.62;0.85;-27.06;0;0;0;0;0;0;0;0;0;0;0;;;;;
2026-04-24;O_FROTOE0626P92.00;FROTO_06/2026_AVRUPA_OPSIYON;D_EQ;SSO;D_EQ_EPP;DE_FROTO_EPP;FROTO.E;2026-06-30;0.82;1.11;-26.13;0;0;0;0;0;0;0;0;0;0;0;;;;;
2026-04-24;O_FROTOE0626P94.00;FROTO_06/2026_AVRUPA_OPSIYON;D_EQ;SSO;D_EQ_EPP;DE_FROTO_EPP;FROTO.E;2026-06-30;1.07;1.43;-25.17;0;0;0;0;0;0;0;0;0;0;0;;;;;
2026-04-24;O_FROTOE0626P96.00;FROTO_06/2026_AVRUPA_OPSIYON;D_EQ;SSO;D_EQ_EPP;DE_FROTO_EPP;FROTO.E;2026-06-30;1.38;1.8;-23.33;0;0;0;0;0;0;0;0;0;0;0;;;;;
2026-04-24;O_FROTOE0626P98.00;FROTO_06/2026_AVRUPA_OPSIYON;D_EQ;SSO;D_EQ_EPP;DE_FROTO_EPP;FROTO.E;2026-06-30;1.74;2.24;-22.32;0;0;0;0;0;0;0;0;0;0;0;;;;;
2026-04-24;O_GARANE0426C125.00;GARAN_04/2026_AVRUPA_OPSIYON;D_EQ;SSO;D_EQ_ECP;DE_GARAN_ECP;GARAN.E;2026-04-30;13.84;15.53;-10.88;0;0;0;0;0;0;0;0;0;35;0;;;;;
2026-04-24;O_GARANE0426C130.00;GARAN_04/2026_AVRUPA_OPSIYON;D_EQ;SSO;D_EQ_ECP;DE_GARAN_ECP;GARAN.E;2026-04-30;9.08;10.79;-15.85;0;0;0;0;0;0;0;0;0;27;0;;;;;
2026-04-24;O_GARANE0426C135.00;GARAN_04/2026_AVRUPA_OPSIYON;D_EQ;SSO;D_EQ_ECP;DE_GARAN_ECP;GARAN.E;2026-04-30;4.92;6.52;-24.54;0;0;0;0;0;0;0;0;0;20;0;;;;;
2026-04-24;O_GARANE0426C140.00;GARAN_04/2026_AVRUPA_OPSIYON;D_EQ;SSO;D_EQ_ECP;DE_GARAN_ECP;GARAN.E;2026-04-30;2.06;3.28;-37.2;0;0;0;0;0;0;0;0;0;190;0;;;;;
2026-04-24;O_GARANE0426C145.00;GARAN_04/2026_AVRUPA_OPSIYON;D_EQ;SSO;D_EQ_ECP;DE_GARAN_ECP;GARAN.E;2026-04-30;0.67;1.38;-51.45;0;0;0;0;0;0;0;0;0;28;0;;;;;
2026-04-24;O_GARANE0426C150.00;GARAN_04/2026_AVRUPA_OPSIYON;D_EQ;SSO;D_EQ_ECP;DE_GARAN_ECP;GARAN.E;2026-04-30;0.21;0.53;-60.38;0;0;0;0;0;0;0;0;0;140;0;;;;;
2026-04-24;O_GARANE0426C155.00;GARAN_04/2026_AVRUPA_OPSIYON;D_EQ;SSO;D_EQ_ECP;DE_GARAN_ECP;GARAN.E;2026-04-30;0.07;0.22;-68.18;0;0;0;0;0;0;0;0;0;0;0;;;;;
2026-04-24;O_GARANE0426C160.00;GARAN_04/2026_AVRUPA_OPSIYON;D_EQ;SSO;D_EQ_ECP;DE_GARAN_ECP;GARAN.E;2026-04-30;0.02;0.09;-77.78;0;0;0;0;0;0;0;0;0;0;0;;;;;
2026-04-24;O_GARANE0426C165.00;GARAN_04/2026_AVRUPA_OPSIYON;D_EQ;SSO;D_EQ_ECP;DE_GARAN_ECP;GARAN.E;2026-04-30;0.01;0.04;-75;0;0;0;0;0;0;0;0;0;0;0;;;;;
2026-04-24;O_GARANE0426C170.00;GARAN_04/2026_AVRUPA_OPSIYON;D_EQ;SSO;D_EQ_ECP;DE_GARAN_ECP;GARAN.E;2026-04-30;0.01;0.02;-50;0;0;0;0;0;0;0;0;0;0;0;;;;;
2026-04-24;O_GARANE0426C175.00;GARAN_04/2026_AVRUPA_OPSIYON;D_EQ;SSO;D_EQ_ECP;DE_GARAN_ECP;GARAN.E;2026-04-30;0.01;0.01;0;0;0;0;0;0;0;0;0;0;0;0;;;;;
2026-04-24;O_GARANE0426C180.00;GARAN_04/2026_AVRUPA_OPSIYON;D_EQ;SSO;D_EQ_ECP;DE_GARAN_ECP;GARAN.E;2026-04-30;0.01;0.01;0;0;0;0;0;0;0;0;0;0;0;0;;;;;
2026-04-24;O_GARANE0426C185.00;GARAN_04/2026_AVRUPA_OPSIYON;D_EQ;SSO;D_EQ_ECP;DE_GARAN_ECP;GARAN.E;2026-04-30;0.01;0.01;0;0;0;0;0;0;0;0;0;0;0;0;;;;;
2026-04-24;O_GARANE0426C190.00;GARAN_04/2026_AVRUPA_OPSIYON;D_EQ;SSO;D_EQ_ECP;DE_GARAN_ECP;GARAN.E;2026-04-30;0.01;0.01;0;0;0;0;0;0;0;0;0;0;0;0;;;;;
2026-04-24;O_GARANE0426C195.00;GARAN_04/2026_AVRUPA_OPSIYON;D_EQ;SSO;D_EQ_ECP;DE_GARAN_ECP;GARAN.E;2026-04-30;0.01;0.01;0;0;0;0;0;0;0;0;0;0;0;0;;;;;
2026-04-24;O_GARANE0426C200.00;GARAN_04/2026_AVRUPA_OPSIYON;D_EQ;SSO;D_EQ_ECP;DE_GARAN_ECP;GARAN.E;2026-04-30;0.01;0.01;0;0;0;0;0;0;0;0;0;0;0;0;;;;;
2026-04-24;O_GARANE0426C205.00;GARAN_04/2026_AVRUPA_OPSIYON;D_EQ;SSO;D_EQ_ECP;DE_GARAN_ECP;GARAN.E;2026-04-30;0.01;0.01;0;0;0;0;0;0;0;0;0;0;0;0;;;;;
2026-04-24;O_GARANE0426P100.00;GARAN_04/2026_AVRUPA_OPSIYON;D_EQ;SSO;D_EQ_EPP;DE_GARAN_EPP;GARAN.E;2026-04-30;0.01;0.01;0;0;0;0;0;0;0;0;0;0;0;0;;;;;
2026-04-24;O_GARANE0426P105.00;GARAN_04/2026_AVRUPA_OPSIYON;D_EQ;SSO;D_EQ_EPP;DE_GARAN_EPP;GARAN.E;2026-04-30;0.01;0.01;0;0;0;0;0;0;0;0;0;0;0;0;;;;;
2026-04-24;O_GARANE0426P110.00;GARAN_04/2026_AVRUPA_OPSIYON;D_EQ;SSO;D_EQ_EPP;DE_GARAN_EPP;GARAN.E;2026-04-30;0.01;0.01;0;0;0;0;0;0;0;0;0;0;0;0;;;;;
2026-04-24;O_GARANE0426P115.00;GARAN_04/2026_AVRUPA_OPSIYON;D_EQ;SSO;D_EQ_EPP;DE_GARAN_EPP;GARAN.E;2026-04-30;0.01;0.01;0;0;0;0;0;0;0;0;0;0;0;0;;;;;
2026-04-24;O_GARANE0426P120.00;GARAN_04/2026_AVRUPA_OPSIYON;D_EQ;SSO;D_EQ_EPP;DE_GARAN_EPP;GARAN.E;2026-04-30;0.01;0.02;-50;0;0;0;0;0;0;0;0;0;0;0;;;;;
2026-04-24;O_GARANE0426P125.00;GARAN_04/2026_AVRUPA_OPSIYON;D_EQ;SSO;D_EQ_EPP;DE_GARAN_EPP;GARAN.E;2026-04-30;0.06;0.09;-33.33;0;0;0;0;0;0;0;0;0;0;0;;;;;
2026-04-24;O_GARANE0426P130.00;GARAN_04/2026_AVRUPA_OPSIYON;D_EQ;SSO;D_EQ_EPP;DE_GARAN_EPP;GARAN.E;2026-04-30;0.27;0.31;-12.9;0;0;0;0;0;0;0;0;0;61;0;;;;;
2026-04-24;O_GARANE0426P135.00;GARAN_04/2026_AVRUPA_OPSIYON;D_EQ;SSO;D_EQ_EPP;DE_GARAN_EPP;GARAN.E;2026-04-30;1.08;1;8;0;0;0;0;0;0;0;0;0;1160;0;;;;;
2026-04-24;O_GARANE0426P140.00;GARAN_04/2026_AVRUPA_OPSIYON;D_EQ;SSO;D_EQ_EPP;DE_GARAN_EPP;GARAN.E;2026-04-30;3.19;2.72;17.28;2.52;2.52;2.52;2.52;2.52;140000;2520;10;1;831;0;;;;;
2026-04-24;O_GARANE0426P145.00;GARAN_04/2026_AVRUPA_OPSIYON;D_EQ;SSO;D_EQ_EPP;DE_GARAN_EPP;GARAN.E;2026-04-30;6.76;5.78;16.96;7.95;7.95;7.95;7.95;7.95;145000;7950;10;1;0;-10;;;;;
2026-04-24;O_GARANE0426P150.00;GARAN_04/2026_AVRUPA_OPSIYON;D_EQ;SSO;D_EQ_EPP;DE_GARAN_EPP;GARAN.E;2026-04-30;11.28;9.89;14.05;0;0;0;0;0;0;0;0;0;2155;0;;;;;
2026-04-24;O_GARANE0426P155.00;GARAN_04/2026_AVRUPA_OPSIYON;D_EQ;SSO;D_EQ_EPP;DE_GARAN_EPP;GARAN.E;2026-04-30;16.1;14.53;10.81;0;0;0;0;0;0;0;0;0;0;0;;;;;
2026-04-24;O_GARANE0426P160.00;GARAN_04/2026_AVRUPA_OPSIYON;D_EQ;SSO;D_EQ_EPP;DE_GARAN_EPP;GARAN.E;2026-04-30;21.03;19.37;8.57;0;0;0;0;0;0;0;0;0;0;0;;;;;
2026-04-24;O_GARANE0426P165.00;GARAN_04/2026_AVRUPA_OPSIYON;D_EQ;SSO;D_EQ_EPP;DE_GARAN_EPP;GARAN.E;2026-04-30;25.98;24.27;7.05;0;0;0;0;0;0;0;0;0;0;0;;;;;
2026-04-24;O_GARANE0426P170.00;GARAN_04/2026_AVRUPA_OPSIYON;D_EQ;SSO;D_EQ_EPP;DE_GARAN_EPP;GARAN.E;2026-04-30;30.95;29.21;5.96;0;0;0;0;0;0;0;0;0;0;0;;;;;
2026-04-24;O_GARANE0426P175.00;GARAN_04/2026_AVRUPA_OPSIYON;D_EQ;SSO;D_EQ_EPP;DE_GARAN_EPP;GARAN.E;2026-04-30;35.91;34.16;5.12;0;0;0;0;0;0;0;0;0;0;0;;;;;
2026-04-24;O_GARANE0426P180.00;GARAN_04/2026_AVRUPA_OPSIYON;D_EQ;SSO;D_EQ_EPP;DE_GARAN_EPP;GARAN.E;2026-04-30;40.88;39.11;4.53;0;0;0;0;0;0;0;0;0;0;0;;;;;
2026-04-24;O_GARANE0526C125.00;GARAN_05/2026_AVRUPA_OPSIYON;D_EQ;SSO;D_EQ_ECP;DE_GARAN_ECP;GARAN.E;2026-05-25;18.35;19.99;-8.2;0;0;0;0;0;0;0;0;0;0;0;;;;;
2026-04-24;O_GARANE0526C130.00;GARAN_05/2026_AVRUPA_OPSIYON;D_EQ;SSO;D_EQ_ECP;DE_GARAN_ECP;GARAN.E;2026-05-25;14.26;15.86;-10.09;0;0;0;0;0;0;0;0;0;0;0;;;;;
2026-04-24;O_GARANE0526C135.00;GARAN_05/2026_AVRUPA_OPSIYON;D_EQ;SSO;D_EQ_ECP;DE_GARAN_ECP;GARAN.E;2026-05-25;10.48;12.03;-12.88;11;11;11.01;11;11;405000;33010;30;3;20;20;;;;;
2026-04-24;O_GARANE0526C140.00;GARAN_05/2026_AVRUPA_OPSIYON;D_EQ;SSO;D_EQ_ECP;DE_GARAN_ECP;GARAN.E;2026-05-25;7.56;8.83;-14.38;7.69;7.69;8.05;8.05;8;1120000;64040;80;7;80;80;;;;;
2026-04-24;O_GARANE0526C145.00;GARAN_05/2026_AVRUPA_OPSIYON;D_EQ;SSO;D_EQ_ECP;DE_GARAN_ECP;GARAN.E;2026-05-25;5.31;6.33;-16.11;0;0;0;0;0;0;0;0;0;0;0;;;;;
2026-04-24;O_GARANE0526C150.00;GARAN_05/2026_AVRUPA_OPSIYON;D_EQ;SSO;D_EQ_ECP;DE_GARAN_ECP;GARAN.E;2026-05-25;3.75;4.54;-17.4;0;0;0;0;0;0;0;0;0;0;0;;;;;
2026-04-24;O_GARANE0526C155.00;GARAN_05/2026_AVRUPA_OPSIYON;D_EQ;SSO;D_EQ_ECP;DE_GARAN_ECP;GARAN.E;2026-05-25;2.91;3.46;-15.9;0;0;0;0;0;0;0;0;0;0;0;;;;;
2026-04-24;O_GARANE0526C160.00;GARAN_05/2026_AVRUPA_OPSIYON;D_EQ;SSO;D_EQ_ECP;DE_GARAN_ECP;GARAN.E;2026-05-25;2.33;2.76;-15.58;0;0;0;0;0;0;0;0;0;0;0;;;;;
2026-04-24;O_GARANE0526C165.00;GARAN_05/2026_AVRUPA_OPSIYON;D_EQ;SSO;D_EQ_ECP;DE_GARAN_ECP;GARAN.E;2026-05-25;1.93;2.26;-14.6;0;0;0;0;0;0;0;0;0;0;0;;;;;
2026-04-24;O_GARANE0526C170.00;GARAN_05/2026_AVRUPA_OPSIYON;D_EQ;SSO;D_EQ_ECP;DE_GARAN_ECP;GARAN.E;2026-05-25;1.63;1.9;-14.21;0;0;0;0;0;0;0;0;0;0;0;;;;;
2026-04-24;O_GARANE0526C175.00;GARAN_05/2026_AVRUPA_OPSIYON;D_EQ;SSO;D_EQ_ECP;DE_GARAN_ECP;GARAN.E;2026-05-25;1.42;1.64;-13.41;0;0;0;0;0;0;0;0;0;0;0;;;;;
2026-04-24;O_GARANE0526C180.00;GARAN_05/2026_AVRUPA_OPSIYON;D_EQ;SSO;D_EQ_ECP;DE_GARAN_ECP;GARAN.E;2026-05-25;1.14;1.45;-21.38;0;0;0;0;0;0;0;0;0;0;0;;;;;
2026-04-24;O_GARANE0526C185.00;GARAN_05/2026_AVRUPA_OPSIYON;D_EQ;SSO;D_EQ_ECP;DE_GARAN_ECP;GARAN.E;2026-05-25;0.82;1.09;-24.77;0;0;0;0;0;0;0;0;0;0;0;;;;;
2026-04-24;O_GARANE0526C190.00;GARAN_05/2026_AVRUPA_OPSIYON;D_EQ;SSO;D_EQ_ECP;DE_GARAN_ECP;GARAN.E;2026-05-25;0.58;0.79;-26.58;0;0;0;0;0;0;0;0;0;0;0;;;;;
2026-04-24;O_GARANE0526C195.00;GARAN_05/2026_AVRUPA_OPSIYON;D_EQ;SSO;D_EQ_ECP;DE_GARAN_ECP;GARAN.E;2026-05-25;0.41;0.57;-28.07;0;0;0;0;0;0;0;0;0;0;0;;;;;
2026-04-24;O_GARANE0526C200.00;GARAN_05/2026_AVRUPA_OPSIYON;D_EQ;SSO;D_EQ_ECP;DE_GARAN_ECP;GARAN.E;2026-05-25;0.29;0.41;-29.27;0;0;0;0;0;0;0;0;0;0;0;;;;;
2026-04-24;O_GARANE0526P100.00;GARAN_05/2026_AVRUPA_OPSIYON;D_EQ;SSO;D_EQ_EPP;DE_GARAN_EPP;GARAN.E;2026-05-25;0.12;0.13;-7.69;0;0;0;0;0;0;0;0;0;0;0;;;;;
2026-04-24;O_GARANE0526P105.00;GARAN_05/2026_AVRUPA_OPSIYON;D_EQ;SSO;D_EQ_EPP;DE_GARAN_EPP;GARAN.E;2026-05-25;0.2;0.21;-4.76;0;0;0;0;0;0;0;0;0;0;0;;;;;
2026-04-24;O_GARANE0526P110.00;GARAN_05/2026_AVRUPA_OPSIYON;D_EQ;SSO;D_EQ_EPP;DE_GARAN_EPP;GARAN.E;2026-05-25;0.34;0.35;-2.86;0;0;0;0;0;0;0;0;0;0;0;;;;;
2026-04-24;O_GARANE0526P115.00;GARAN_05/2026_AVRUPA_OPSIYON;D_EQ;SSO;D_EQ_EPP;DE_GARAN_EPP;GARAN.E;2026-05-25;0.55;0.56;-1.79;0;0;0;0;0;0;0;0;0;0;0;;;;;
2026-04-24;O_GARANE0526P120.00;GARAN_05/2026_AVRUPA_OPSIYON;D_EQ;SSO;D_EQ_EPP;DE_GARAN_EPP;GARAN.E;2026-05-25;0.88;0.89;-1.12;0;0;0;0;0;0;0;0;0;0;0;;;;;
2026-04-24;O_GARANE0526P125.00;GARAN_05/2026_AVRUPA_OPSIYON;D_EQ;SSO;D_EQ_EPP;DE_GARAN_EPP;GARAN.E;2026-05-25;1.38;1.36;1.47;0;0;0;0;0;0;0;0;0;0;0;;;;;
2026-04-24;O_GARANE0526P130.00;GARAN_05/2026_AVRUPA_OPSIYON;D_EQ;SSO;D_EQ_EPP;DE_GARAN_EPP;GARAN.E;2026-05-25;2.13;2.07;2.9;0;0;0;0;0;0;0;0;0;0;0;;;;;
2026-04-24;O_GARANE0526P135.00;GARAN_05/2026_AVRUPA_OPSIYON;D_EQ;SSO;D_EQ_EPP;DE_GARAN_EPP;GARAN.E;2026-05-25;3.19;3.07;3.91;0;0;0;0;0;0;0;0;0;100;0;;;;;
2026-04-24;O_GARANE0526P140.00;GARAN_05/2026_AVRUPA_OPSIYON;D_EQ;SSO;D_EQ_EPP;DE_GARAN_EPP;GARAN.E;2026-05-25;5.11;4.7;8.72;0;0;0;0;0;0;0;0;0;0;0;;;;;
2026-04-24;O_GARANE0526P145.00;GARAN_05/2026_AVRUPA_OPSIYON;D_EQ;SSO;D_EQ_EPP;DE_GARAN_EPP;GARAN.E;2026-05-25;7.71;7.04;9.52;0;0;0;0;0;0;0;0;0;0;0;;;;;
2026-04-24;O_GARANE0526P150.00;GARAN_05/2026_AVRUPA_OPSIYON;D_EQ;SSO;D_EQ_EPP;DE_GARAN_EPP;GARAN.E;2026-05-25;10.98;10.07;9.04;0;0;0;0;0;0;0;0;0;0;0;;;;;
2026-04-24;O_GARANE0526P155.00;GARAN_05/2026_AVRUPA_OPSIYON;D_EQ;SSO;D_EQ_EPP;DE_GARAN_EPP;GARAN.E;2026-05-25;14.99;13.82;8.47;0;0;0;0;0;0;0;0;0;77;0;;;;;
2026-04-24;O_GARANE0526P160.00;GARAN_05/2026_AVRUPA_OPSIYON;D_EQ;SSO;D_EQ_EPP;DE_GARAN_EPP;GARAN.E;2026-05-25;19.25;17.96;7.18;0;0;0;0;0;0;0;0;0;0;0;;;;;
2026-04-24;O_GARANE0526P165.00;GARAN_05/2026_AVRUPA_OPSIYON;D_EQ;SSO;D_EQ_EPP;DE_GARAN_EPP;GARAN.E;2026-05-25;23.69;22.29;6.28;0;0;0;0;0;0;0;0;0;0;0;;;;;
2026-04-24;O_GARANE0526P170.00;GARAN_05/2026_AVRUPA_OPSIYON;D_EQ;SSO;D_EQ_EPP;DE_GARAN_EPP;GARAN.E;2026-05-25;28.24;26.76;5.53;0;0;0;0;0;0;0;0;0;0;0;;;;;
2026-04-24;O_GARANE0526P175.00;GARAN_05/2026_AVRUPA_OPSIYON;D_EQ;SSO;D_EQ_EPP;DE_GARAN_EPP;GARAN.E;2026-05-25;32.87;31.33;4.92;0;0;0;0;0;0;0;0;0;0;0;;;;;
2026-04-24;O_GARANE0626C135.00;GARAN_06/2026_AVRUPA_OPSIYON;D_EQ;SSO;D_EQ_ECP;DE_GARAN_ECP;GARAN.E;2026-06-30;18.4;20.11;-8.5;0;0;0;0;0;0;0;0;0;0;0;;;;;
2026-04-24;O_GARANE0626C140.00;GARAN_06/2026_AVRUPA_OPSIYON;D_EQ;SSO;D_EQ_ECP;DE_GARAN_ECP;GARAN.E;2026-06-30;15.19;16.69;-8.99;0;0;0;0;0;0;0;0;0;0;0;;;;;
2026-04-24;O_GARANE0626C145.00;GARAN_06/2026_AVRUPA_OPSIYON;D_EQ;SSO;D_EQ_ECP;DE_GARAN_ECP;GARAN.E;2026-06-30;12.51;13.93;-10.19;0;0;0;0;0;0;0;0;0;0;0;;;;;
2026-04-24;O_GARANE0626C150.00;GARAN_06/2026_AVRUPA_OPSIYON;D_EQ;SSO;D_EQ_ECP;DE_GARAN_ECP;GARAN.E;2026-06-30;10.47;11.67;-10.28;0;0;0;0;0;0;0;0;0;0;0;;;;;
2026-04-24;O_GARANE0626C155.00;GARAN_06/2026_AVRUPA_OPSIYON;D_EQ;SSO;D_EQ_ECP;DE_GARAN_ECP;GARAN.E;2026-06-30;9.08;9.93;-8.56;0;0;0;0;0;0;0;0;0;0;0;;;;;
2026-04-24;O_GARANE0626C160.00;GARAN_06/2026_AVRUPA_OPSIYON;D_EQ;SSO;D_EQ_ECP;DE_GARAN_ECP;GARAN.E;2026-06-30;8.16;8.88;-8.11;0;0;0;0;0;0;0;0;0;0;0;;;;;
2026-04-24;O_GARANE0626C165.00;GARAN_06/2026_AVRUPA_OPSIYON;D_EQ;SSO;D_EQ_ECP;DE_GARAN_ECP;GARAN.E;2026-06-30;7.45;8.06;-7.57;0;0;0;0;0;0;0;0;0;0;0;;;;;
2026-04-24;O_GARANE0626C170.00;GARAN_06/2026_AVRUPA_OPSIYON;D_EQ;SSO;D_EQ_ECP;DE_GARAN_ECP;GARAN.E;2026-06-30;6.9;7.42;-7.01;0;0;0;0;0;0;0;0;0;0;0;;;;;
2026-04-24;O_GARANE0626C175.00;GARAN_06/2026_AVRUPA_OPSIYON;D_EQ;SSO;D_EQ_ECP;DE_GARAN_ECP;GARAN.E;2026-06-30;6.48;6.91;-6.22;0;0;0;0;0;0;0;0;0;0;0;;;;;
2026-04-24;O_GARANE0626C180.00;GARAN_06/2026_AVRUPA_OPSIYON;D_EQ;SSO;D_EQ_ECP;DE_GARAN_ECP;GARAN.E;2026-06-30;5.48;6.15;-10.89;0;0;0;0;0;0;0;0;0;0;0;;;;;
2026-04-24;O_GARANE0626C185.00;GARAN_06/2026_AVRUPA_OPSIYON;D_EQ;SSO;D_EQ_ECP;DE_GARAN_ECP;GARAN.E;2026-06-30;4.61;5.22;-11.69;0;0;0;0;0;0;0;0;0;0;0;;;;;
2026-04-24;O_GARANE0626C190.00;GARAN_06/2026_AVRUPA_OPSIYON;D_EQ;SSO;D_EQ_ECP;DE_GARAN_ECP;GARAN.E;2026-06-30;3.88;4.42;-12.22;0;0;0;0;0;0;0;0;0;0;0;;;;;
2026-04-24;O_GARANE0626P110.00;GARAN_06/2026_AVRUPA_OPSIYON;D_EQ;SSO;D_EQ_EPP;DE_GARAN_EPP;GARAN.E;2026-06-30;1.34;1.39;-3.6;0;0;0;0;0;0;0;0;0;0;0;;;;;
2026-04-24;O_GARANE0626P115.00;GARAN_06/2026_AVRUPA_OPSIYON;D_EQ;SSO;D_EQ_EPP;DE_GARAN_EPP;GARAN.E;2026-06-30;1.73;1.78;-2.81;0;0;0;0;0;0;0;0;0;0;0;;;;;
2026-04-24;O_GARANE0626P120.00;GARAN_06/2026_AVRUPA_OPSIYON;D_EQ;SSO;D_EQ_EPP;DE_GARAN_EPP;GARAN.E;2026-06-30;2.21;2.26;-2.21;0;0;0;0;0;0;0;0;0;0;0;;;;;
2026-04-24;O_GARANE0626P125.00;GARAN_06/2026_AVRUPA_OPSIYON;D_EQ;SSO;D_EQ_EPP;DE_GARAN_EPP;GARAN.E;2026-06-30;2.81;2.86;-1.75;0;0;0;0;0;0;0;0;0;0;0;;;;;
2026-04-24;O_GARANE0626P130.00;GARAN_06/2026_AVRUPA_OPSIYON;D_EQ;SSO;D_EQ_EPP;DE_GARAN_EPP;GARAN.E;2026-06-30;3.55;3.58;-0.84;0;0;0;0;0;0;0;0;0;0;0;;;;;
2026-04-24;O_GARANE0626P135.00;GARAN_06/2026_AVRUPA_OPSIYON;D_EQ;SSO;D_EQ_EPP;DE_GARAN_EPP;GARAN.E;2026-06-30;4.46;4.47;-0.22;0;0;0;0;0;0;0;0;0;0;0;;;;;
2026-04-24;O_GARANE0626P140.00;GARAN_06/2026_AVRUPA_OPSIYON;D_EQ;SSO;D_EQ_EPP;DE_GARAN_EPP;GARAN.E;2026-06-30;5.85;5.63;3.91;0;0;0;0;0;0;0;0;0;0;0;;;;;
2026-04-24;O_GARANE0626P145.00;GARAN_06/2026_AVRUPA_OPSIYON;D_EQ;SSO;D_EQ_EPP;DE_GARAN_EPP;GARAN.E;2026-06-30;7.77;7.45;4.3;0;0;0;0;0;0;0;0;0;0;0;;;;;
2026-04-24;O_GARANE0626P150.00;GARAN_06/2026_AVRUPA_OPSIYON;D_EQ;SSO;D_EQ_EPP;DE_GARAN_EPP;GARAN.E;2026-06-30;10.33;9.77;5.73;0;0;0;0;0;0;0;0;0;0;0;;;;;
2026-04-24;O_GARANE0626P155.00;GARAN_06/2026_AVRUPA_OPSIYON;D_EQ;SSO;D_EQ_EPP;DE_GARAN_EPP;GARAN.E;2026-06-30;13.53;12.62;7.21;0;0;0;0;0;0;0;0;0;0;0;;;;;
2026-04-24;O_GARANE0626P160.00;GARAN_06/2026_AVRUPA_OPSIYON;D_EQ;SSO;D_EQ_EPP;DE_GARAN_EPP;GARAN.E;2026-06-30;17.21;16.16;6.5;0;0;0;0;0;0;0;0;0;0;0;;;;;
2026-04-24;O_GARANE0626P165.00;GARAN_06/2026_AVRUPA_OPSIYON;D_EQ;SSO;D_EQ_EPP;DE_GARAN_EPP;GARAN.E;2026-06-30;21.09;19.92;5.87;0;0;0;0;0;0;0;0;0;0;0;;;;;
2026-04-24;O_HALKBE0426C35.00;HALKB_04/2026_AVRUPA_OPSIYON;D_EQ;SSO;D_EQ_ECP;DE_HALKB_ECP;HALKB.E;2026-04-30;6.04;5.66;6.71;0;0;0;0;0;0;0;0;0;251;0;;;;;
2026-04-24;O_HALKBE0426C36.00;HALKB_04/2026_AVRUPA_OPSIYON;D_EQ;SSO;D_EQ_ECP;DE_HALKB_ECP;HALKB.E;2026-04-30;5.05;4.69;7.68;0;0;0;0;0;0;0;0;0;404;0;;;;;
2026-04-24;O_HALKBE0426C37.00;HALKB_04/2026_AVRUPA_OPSIYON;D_EQ;SSO;D_EQ_ECP;DE_HALKB_ECP;HALKB.E;2026-04-30;4.08;3.75;8.8;0;0;0;0;0;0;0;0;0;482;0;;;;;
2026-04-24;O_HALKBE0426C38.00;HALKB_04/2026_AVRUPA_OPSIYON;D_EQ;SSO;D_EQ_ECP;DE_HALKB_ECP;HALKB.E;2026-04-30;3.14;2.87;9.41;0;0;0;0;0;0;0;0;0;4150;0;;;;;
2026-04-24;O_HALKBE0426C39.00;HALKB_04/2026_AVRUPA_OPSIYON;D_EQ;SSO;D_EQ_ECP;DE_HALKB_ECP;HALKB.E;2026-04-30;2.28;2.08;9.62;1.39;1.39;1.85;1.85;1.79;780000;35850;200;8;1115;200;;;;;
2026-04-24;O_HALKBE0426C40.00;HALKB_04/2026_AVRUPA_OPSIYON;D_EQ;SSO;D_EQ_ECP;DE_HALKB_ECP;HALKB.E;2026-04-30;1.54;1.42;8.45;1.2;1.2;1.22;1.22;1.21;300000;9100;75;3;255;75;;;;;
2026-04-24;O_HALKBE0426C41.00;HALKB_04/2026_AVRUPA_OPSIYON;D_EQ;SSO;D_EQ_ECP;DE_HALKB_ECP;HALKB.E;2026-04-30;0.95;0.91;4.4;0;0;0;0;0;0;0;0;0;183;0;;;;;
2026-04-24;O_HALKBE0426C42.00;HALKB_04/2026_AVRUPA_OPSIYON;D_EQ;SSO;D_EQ_ECP;DE_HALKB_ECP;HALKB.E;2026-04-30;0.54;0.54;0;0;0;0;0;0;0;0;0;0;64;0;;;;;
2026-04-24;O_HALKBE0426C43.00;HALKB_04/2026_AVRUPA_OPSIYON;D_EQ;SSO;D_EQ_ECP;DE_HALKB_ECP;HALKB.E;2026-04-30;0.28;0.3;-6.67;0;0;0;0;0;0;0;0;0;302;0;;;;;
2026-04-24;O_HALKBE0426C44.00;HALKB_04/2026_AVRUPA_OPSIYON;D_EQ;SSO;D_EQ_ECP;DE_HALKB_ECP;HALKB.E;2026-04-30;0.13;0.16;-18.75;0;0;0;0;0;0;0;0;0;138;0;;;;;
2026-04-24;O_HALKBE0426C45.00;HALKB_04/2026_AVRUPA_OPSIYON;D_EQ;SSO;D_EQ_ECP;DE_HALKB_ECP;HALKB.E;2026-04-30;0.06;0.08;-25;0;0;0;0;0;0;0;0;0;161;0;;;;;
2026-04-24;O_HALKBE0426C46.00;HALKB_04/2026_AVRUPA_OPSIYON;D_EQ;SSO;D_EQ_ECP;DE_HALKB_ECP;HALKB.E;2026-04-30;0.02;0.04;-50;0;0;0;0;0;0;0;0;0;50;0;;;;;
2026-04-24;O_HALKBE0426C47.00;HALKB_04/2026_AVRUPA_OPSIYON;D_EQ;SSO;D_EQ_ECP;DE_HALKB_ECP;HALKB.E;2026-04-30;0.01;0.02;-50;0;0;0;0;0;0;0;0;0;50;0;;;;;
2026-04-24;O_HALKBE0426C48.00;HALKB_04/2026_AVRUPA_OPSIYON;D_EQ;SSO;D_EQ_ECP;DE_HALKB_ECP;HALKB.E;2026-04-30;0.01;0.01;0;0;0;0;0;0;0;0;0;0;35;0;;;;;
2026-04-24;O_HALKBE0426C49.00;HALKB_04/2026_AVRUPA_OPSIYON;D_EQ;SSO;D_EQ_ECP;DE_HALKB_ECP;HALKB.E;2026-04-30;0.01;0.01;0;0;0;0;0;0;0;0;0;0;25;0;;;;;
2026-04-24;O_HALKBE0426C50.00;HALKB_04/2026_AVRUPA_OPSIYON;D_EQ;SSO;D_EQ_ECP;DE_HALKB_ECP;HALKB.E;2026-04-30;0.01;0.01;0;0;0;0;0;0;0;0;0;0;245;0;;;;;
2026-04-24;O_HALKBE0426C52.00;HALKB_04/2026_AVRUPA_OPSIYON;D_EQ;SSO;D_EQ_ECP;DE_HALKB_ECP;HALKB.E;2026-04-30;0.01;0.01;0;0;0;0;0;0;0;0;0;0;100;0;;;;;
2026-04-24;O_HALKBE0426C54.00;HALKB_04/2026_AVRUPA_OPSIYON;D_EQ;SSO;D_EQ_ECP;DE_HALKB_ECP;HALKB.E;2026-04-30;0.01;0.01;0;0;0;0;0;0;0;0;0;0;130;0;;;;;
2026-04-24;O_HALKBE0426C56.00;HALKB_04/2026_AVRUPA_OPSIYON;D_EQ;SSO;D_EQ_ECP;DE_HALKB_ECP;HALKB.E;2026-04-30;0.01;0.01;0;0;0;0;0;0;0;0;0;0;25;0;;;;;
2026-04-24;O_HALKBE0426C58.00;HALKB_04/2026_AVRUPA_OPSIYON;D_EQ;SSO;D_EQ_ECP;DE_HALKB_ECP;HALKB.E;2026-04-30;0.01;0.01;0;0;0;0;0;0;0;0;0;0;25;0;;;;;
2026-04-24;O_HALKBE0426C60.00;HALKB_04/2026_AVRUPA_OPSIYON;D_EQ;SSO;D_EQ_ECP;DE_HALKB_ECP;HALKB.E;2026-04-30;0.01;0.01;0;0;0;0;0;0;0;0;0;0;400;0;;;;;
2026-04-24;O_HALKBE0426C62.00;HALKB_04/2026_AVRUPA_OPSIYON;D_EQ;SSO;D_EQ_ECP;DE_HALKB_ECP;HALKB.E;2026-04-30;0.01;0.01;0;0;0;0;0;0;0;0;0;0;0;0;;;;;
2026-04-24;O_HALKBE0426C64.00;HALKB_04/2026_AVRUPA_OPSIYON;D_EQ;SSO;D_EQ_ECP;DE_HALKB_ECP;HALKB.E;2026-04-30;0.01;0.01;0;0;0;0;0;0;0;0;0;0;0;0;;;;;
2026-04-24;O_HALKBE0426C66.00;HALKB_04/2026_AVRUPA_OPSIYON;D_EQ;SSO;D_EQ_ECP;DE_HALKB_ECP;HALKB.E;2026-04-30;0.01;0.01;0;0;0;0;0;0;0;0;0;0;0;0;;;;;
2026-04-24;O_HALKBE0426P30.00;HALKB_04/2026_AVRUPA_OPSIYON;D_EQ;SSO;D_EQ_EPP;DE_HALKB_EPP;HALKB.E;2026-04-30;0.01;0.01;0;0;0;0;0;0;0;0;0;0;0;0;;;;;
2026-04-24;O_HALKBE0426P31.00;HALKB_04/2026_AVRUPA_OPSIYON;D_EQ;SSO;D_EQ_EPP;DE_HALKB_EPP;HALKB.E;2026-04-30;0.01;0.01;0;0;0;0;0;0;0;0;0;0;0;0;;;;;
2026-04-24;O_HALKBE0426P32.00;HALKB_04/2026_AVRUPA_OPSIYON;D_EQ;SSO;D_EQ_EPP;DE_HALKB_EPP;HALKB.E;2026-04-30;0.01;0.01;0;0;0;0;0;0;0;0;0;0;104;0;;;;;
2026-04-24;O_HALKBE0426P33.00;HALKB_04/2026_AVRUPA_OPSIYON;D_EQ;SSO;D_EQ_EPP;DE_HALKB_EPP;HALKB.E;2026-04-30;0.01;0.01;0;0;0;0;0;0;0;0;0;0;372;0;;;;;
2026-04-24;O_HALKBE0426P34.00;HALKB_04/2026_AVRUPA_OPSIYON;D_EQ;SSO;D_EQ_EPP;DE_HALKB_EPP;HALKB.E;2026-04-30;0.01;0.01;0;0;0;0;0;0;0;0;0;0;361;0;;;;;
2026-04-24;O_HALKBE0426P35.00;HALKB_04/2026_AVRUPA_OPSIYON;D_EQ;SSO;D_EQ_EPP;DE_HALKB_EPP;HALKB.E;2026-04-30;0.01;0.01;0;0;0;0;0;0;0;0;0;0;250;0;;;;;
2026-04-24;O_HALKBE0426P36.00;HALKB_04/2026_AVRUPA_OPSIYON;D_EQ;SSO;D_EQ_EPP;DE_HALKB_EPP;HALKB.E;2026-04-30;0.01;0.03;-66.67;0;0;0;0;0;0;0;0;0;5640;0;;;;;
2026-04-24;O_HALKBE0426P37.00;HALKB_04/2026_AVRUPA_OPSIYON;D_EQ;SSO;D_EQ_EPP;DE_HALKB_EPP;HALKB.E;2026-04-30;0.03;0.08;-62.5;0;0;0;0;0;0;0;0;0;225;0;;;;;
2026-04-24;O_HALKBE0426P38.00;HALKB_04/2026_AVRUPA_OPSIYON;D_EQ;SSO;D_EQ_EPP;DE_HALKB_EPP;HALKB.E;2026-04-30;0.09;0.19;-52.63;0;0;0;0;0;0;0;0;0;1031;0;;;;;
2026-04-24;O_HALKBE0426P39.00;HALKB_04/2026_AVRUPA_OPSIYON;D_EQ;SSO;D_EQ_EPP;DE_HALKB_EPP;HALKB.E;2026-04-30;0.22;0.4;-45;0;0;0;0;0;0;0;0;0;28;0;;;;;
2026-04-24;O_HALKBE0426P40.00;HALKB_04/2026_AVRUPA_OPSIYON;D_EQ;SSO;D_EQ_EPP;DE_HALKB_EPP;HALKB.E;2026-04-30;0.47;0.73;-35.62;0;0;0;0;0;0;0;0;0;325;0;;;;;
2026-04-24;O_HALKBE0426P41.00;HALKB_04/2026_AVRUPA_OPSIYON;D_EQ;SSO;D_EQ_EPP;DE_HALKB_EPP;HALKB.E;2026-04-30;0.88;1.21;-27.27;0;0;0;0;0;0;0;0;0;1041;0;;;;;
2026-04-24;O_HALKBE0426P42.00;HALKB_04/2026_AVRUPA_OPSIYON;D_EQ;SSO;D_EQ_EPP;DE_HALKB_EPP;HALKB.E;2026-04-30;1.46;1.83;-20.22;0;0;0;0;0;0;0;0;0;177;0;;;;;
2026-04-24;O_HALKBE0426P43.00;HALKB_04/2026_AVRUPA_OPSIYON;D_EQ;SSO;D_EQ_EPP;DE_HALKB_EPP;HALKB.E;2026-04-30;2.19;2.58;-15.12;0;0;0;0;0;0;0;0;0;150;0;;;;;
2026-04-24;O_HALKBE0426P44.00;HALKB_04/2026_AVRUPA_OPSIYON;D_EQ;SSO;D_EQ_EPP;DE_HALKB_EPP;HALKB.E;2026-04-30;3.04;3.43;-11.37;0;0;0;0;0;0;0;0;0;50;0;;;;;
2026-04-24;O_HALKBE0426P45.00;HALKB_04/2026_AVRUPA_OPSIYON;D_EQ;SSO;D_EQ_EPP;DE_HALKB_EPP;HALKB.E;2026-04-30;3.96;4.34;-8.76;0;0;0;0;0;0;0;0;0;693;0;;;;;
2026-04-24;O_HALKBE0426P46.00;HALKB_04/2026_AVRUPA_OPSIYON;D_EQ;SSO;D_EQ_EPP;DE_HALKB_EPP;HALKB.E;2026-04-30;4.92;5.29;-6.99;0;0;0;0;0;0;0;0;0;150;0;;;;;
2026-04-24;O_HALKBE0426P47.00;HALKB_04/2026_AVRUPA_OPSIYON;D_EQ;SSO;D_EQ_EPP;DE_HALKB_EPP;HALKB.E;2026-04-30;5.9;6.27;-5.9;0;0;0;0;0;0;0;0;0;50;0;;;;;
2026-04-24;O_HALKBE0426P48.00;HALKB_04/2026_AVRUPA_OPSIYON;D_EQ;SSO;D_EQ_EPP;DE_HALKB_EPP;HALKB.E;2026-04-30;6.88;7.25;-5.1;0;0;0;0;0;0;0;0;0;50;0;;;;;
2026-04-24;O_HALKBE0426P49.00;HALKB_04/2026_AVRUPA_OPSIYON;D_EQ;SSO;D_EQ_EPP;DE_HALKB_EPP;HALKB.E;2026-04-30;7.88;8.24;-4.37;0;0;0;0;0;0;0;0;0;125;0;;;;;
2026-04-24;O_HALKBE0426P50.00;HALKB_04/2026_AVRUPA_OPSIYON;D_EQ;SSO;D_EQ_EPP;DE_HALKB_EPP;HALKB.E;2026-04-30;8.87;9.23;-3.9;0;0;0;0;0;0;0;0;0;100;0;;;;;
2026-04-24;O_HALKBE0426P52.00;HALKB_04/2026_AVRUPA_OPSIYON;D_EQ;SSO;D_EQ_EPP;DE_HALKB_EPP;HALKB.E;2026-04-30;10.86;11.21;-3.12;0;0;0;0;0;0;0;0;0;100;0;;;;;
2026-04-24;O_HALKBE0426P54.00;HALKB_04/2026_AVRUPA_OPSIYON;D_EQ;SSO;D_EQ_EPP;DE_HALKB_EPP;HALKB.E;2026-04-30;12.84;13.19;-2.65;0;0;0;0;0;0;0;0;0;50;0;;;;;
2026-04-24;O_HALKBE0426P56.00;HALKB_04/2026_AVRUPA_OPSIYON;D_EQ;SSO;D_EQ_EPP;DE_HALKB_EPP;HALKB.E;2026-04-30;14.83;15.18;-2.31;0;0;0;0;0;0;0;0;0;50;0;;;;;
2026-04-24;O_HALKBE0526C36.00;HALKB_05/2026_AVRUPA_OPSIYON;D_EQ;SSO;D_EQ_ECP;DE_HALKB_ECP;HALKB.E;2026-05-25;6.23;5.92;5.24;0;0;0;0;0;0;0;0;0;0;0;;;;;
2026-04-24;O_HALKBE0526C37.00;HALKB_05/2026_AVRUPA_OPSIYON;D_EQ;SSO;D_EQ_ECP;DE_HALKB_ECP;HALKB.E;2026-05-25;5.41;5.11;5.87;0;0;0;0;0;0;0;0;0;0;0;;;;;
2026-04-24;O_HALKBE0526C38.00;HALKB_05/2026_AVRUPA_OPSIYON;D_EQ;SSO;D_EQ_ECP;DE_HALKB_ECP;HALKB.E;2026-05-25;4.63;4.36;6.19;0;0;0;0;0;0;0;0;0;100;0;;;;;
2026-04-24;O_HALKBE0526C39.00;HALKB_05/2026_AVRUPA_OPSIYON;D_EQ;SSO;D_EQ_ECP;DE_HALKB_ECP;HALKB.E;2026-05-25;3.9;3.67;6.27;0;0;0;0;0;0;0;0;0;25;0;;;;;
2026-04-24;O_HALKBE0526C40.00;HALKB_05/2026_AVRUPA_OPSIYON;D_EQ;SSO;D_EQ_ECP;DE_HALKB_ECP;HALKB.E;2026-05-25;3.25;3.05;6.56;0;0;0;0;0;0;0;0;0;0;0;;;;;
2026-04-24;O_HALKBE0526C41.00;HALKB_05/2026_AVRUPA_OPSIYON;D_EQ;SSO;D_EQ_ECP;DE_HALKB_ECP;HALKB.E;2026-05-25;2.67;2.5;6.8;0;0;0;0;0;0;0;0;0;0;0;;;;;
2026-04-24;O_HALKBE0526C42.00;HALKB_05/2026_AVRUPA_OPSIYON;D_EQ;SSO;D_EQ_ECP;DE_HALKB_ECP;HALKB.E;2026-05-25;2.16;2.02;6.93;0;0;0;0;0;0;0;0;0;5;0;;;;;
2026-04-24;O_HALKBE0526C43.00;HALKB_05/2026_AVRUPA_OPSIYON;D_EQ;SSO;D_EQ_ECP;DE_HALKB_ECP;HALKB.E;2026-05-25;1.72;1.61;6.83;0;0;0;0;0;0;0;0;0;0;0;;;;;
2026-04-24;O_HALKBE0526C44.00;HALKB_05/2026_AVRUPA_OPSIYON;D_EQ;SSO;D_EQ_ECP;DE_HALKB_ECP;HALKB.E;2026-05-25;1.36;1.28;6.25;0;0;0;0;0;0;0;0;0;0;0;;;;;
2026-04-24;O_HALKBE0526C45.00;HALKB_05/2026_AVRUPA_OPSIYON;D_EQ;SSO;D_EQ_ECP;DE_HALKB_ECP;HALKB.E;2026-05-25;1.06;1;6;0;0;0;0;0;0;0;0;0;1000;0;;;;;
2026-04-24;O_HALKBE0526C46.00;HALKB_05/2026_AVRUPA_OPSIYON;D_EQ;SSO;D_EQ_ECP;DE_HALKB_ECP;HALKB.E;2026-05-25;0.82;0.78;5.13;0;0;0;0;0;0;0;0;0;0;0;;;;;
2026-04-24;O_HALKBE0526C47.00;HALKB_05/2026_AVRUPA_OPSIYON;D_EQ;SSO;D_EQ_ECP;DE_HALKB_ECP;HALKB.E;2026-05-25;0.63;0.6;5;0;0;0;0;0;0;0;0;0;0;0;;;;;
2026-04-24;O_HALKBE0526C48.00;HALKB_05/2026_AVRUPA_OPSIYON;D_EQ;SSO;D_EQ_ECP;DE_HALKB_ECP;HALKB.E;2026-05-25;0.48;0.46;4.35;0;0;0;0;0;0;0;0;0;0;0;;;;;
2026-04-24;O_HALKBE0526C49.00;HALKB_05/2026_AVRUPA_OPSIYON;D_EQ;SSO;D_EQ_ECP;DE_HALKB_ECP;HALKB.E;2026-05-25;0.36;0.35;2.86;0;0;0;0;0;0;0;0;0;0;0;;;;;
2026-04-24;O_HALKBE0526C50.00;HALKB_05/2026_AVRUPA_OPSIYON;D_EQ;SSO;D_EQ_ECP;DE_HALKB_ECP;HALKB.E;2026-05-25;0.27;0.26;3.85;0;0;0;0;0;0;0;0;0;0;0;;;;;
2026-04-24;O_HALKBE0526C52.00;HALKB_05/2026_AVRUPA_OPSIYON;D_EQ;SSO;D_EQ_ECP;DE_HALKB_ECP;HALKB.E;2026-05-25;0.15;0.15;0;0;0;0;0;0;0;0;0;0;0;0;;;;;
2026-04-24;O_HALKBE0526C54.00;HALKB_05/2026_AVRUPA_OPSIYON;D_EQ;SSO;D_EQ_ECP;DE_HALKB_ECP;HALKB.E;2026-05-25;0.08;0.08;0;0;0;0;0;0;0;0;0;0;0;0;;;;;
2026-04-24;O_HALKBE0526C56.00;HALKB_05/2026_AVRUPA_OPSIYON;D_EQ;SSO;D_EQ_ECP;DE_HALKB_ECP;HALKB.E;2026-05-25;0.04;0.04;0;0;0;0;0;0;0;0;0;0;0;0;;;;;
2026-04-24;O_HALKBE0526C58.00;HALKB_05/2026_AVRUPA_OPSIYON;D_EQ;SSO;D_EQ_ECP;DE_HALKB_ECP;HALKB.E;2026-05-25;0.02;0.02;0;0;0;0;0;0;0;0;0;0;0;0;;;;;
2026-04-24;O_HALKBE0526C60.00;HALKB_05/2026_AVRUPA_OPSIYON;D_EQ;SSO;D_EQ_ECP;DE_HALKB_ECP;HALKB.E;2026-05-25;0.01;0.01;0;0;0;0;0;0;0;0;0;0;0;0;;;;;
2026-04-24;O_HALKBE0526C62.00;HALKB_05/2026_AVRUPA_OPSIYON;D_EQ;SSO;D_EQ_ECP;DE_HALKB_ECP;HALKB.E;2026-05-25;0.01;0.01;0;0;0;0;0;0;0;0;0;0;0;0;;;;;
2026-04-24;O_HALKBE0526C64.00;HALKB_05/2026_AVRUPA_OPSIYON;D_EQ;SSO;D_EQ_ECP;DE_HALKB_ECP;HALKB.E;2026-05-25;0.01;0.01;0;0;0;0;0;0;0;0;0;0;0;0;;;;;
2026-04-24;O_HALKBE0526C66.00;HALKB_05/2026_AVRUPA_OPSIYON;D_EQ;SSO;D_EQ_ECP;DE_HALKB_ECP;HALKB.E;2026-05-25;0.01;0.01;0;0;0;0;0;0;0;0;0;0;0;0;;;;;
2026-04-24;O_HALKBE0526P31.00;HALKB_05/2026_AVRUPA_OPSIYON;D_EQ;SSO;D_EQ_EPP;DE_HALKB_EPP;HALKB.E;2026-05-25;0.02;0.03;-33.33;0;0;0;0;0;0;0;0;0;0;0;;;;;
2026-04-24;O_HALKBE0526P32.00;HALKB_05/2026_AVRUPA_OPSIYON;D_EQ;SSO;D_EQ_EPP;DE_HALKB_EPP;HALKB.E;2026-05-25;0.03;0.05;-40;0;0;0;0;0;0;0;0;0;0;0;;;;;
2026-04-24;O_HALKBE0526P33.00;HALKB_05/2026_AVRUPA_OPSIYON;D_EQ;SSO;D_EQ_EPP;DE_HALKB_EPP;HALKB.E;2026-05-25;0.06;0.08;-25;0;0;0;0;0;0;0;0;0;0;0;;;;;
2026-04-24;O_HALKBE0526P34.00;HALKB_05/2026_AVRUPA_OPSIYON;D_EQ;SSO;D_EQ_EPP;DE_HALKB_EPP;HALKB.E;2026-05-25;0.1;0.14;-28.57;0;0;0;0;0;0;0;0;0;0;0;;;;;
2026-04-24;O_HALKBE0526P35.00;HALKB_05/2026_AVRUPA_OPSIYON;D_EQ;SSO;D_EQ_EPP;DE_HALKB_EPP;HALKB.E;2026-05-25;0.17;0.22;-22.73;0;0;0;0;0;0;0;0;0;0;0;;;;;
2026-04-24;O_HALKBE0526P36.00;HALKB_05/2026_AVRUPA_OPSIYON;D_EQ;SSO;D_EQ_EPP;DE_HALKB_EPP;HALKB.E;2026-05-25;0.27;0.34;-20.59;0;0;0;0;0;0;0;0;0;0;0;;;;;
2026-04-24;O_HALKBE0526P37.00;HALKB_05/2026_AVRUPA_OPSIYON;D_EQ;SSO;D_EQ_EPP;DE_HALKB_EPP;HALKB.E;2026-05-25;0.41;0.5;-18;0;0;0;0;0;0;0;0;0;0;0;;;;;
2026-04-24;O_HALKBE0526P38.00;HALKB_05/2026_AVRUPA_OPSIYON;D_EQ;SSO;D_EQ_EPP;DE_HALKB_EPP;HALKB.E;2026-05-25;0.6;0.72;-16.67;0;0;0;0;0;0;0;0;0;0;0;;;;;
2026-04-24;O_HALKBE0526P39.00;HALKB_05/2026_AVRUPA_OPSIYON;D_EQ;SSO;D_EQ_EPP;DE_HALKB_EPP;HALKB.E;2026-05-25;0.85;0.99;-14.14;0;0;0;0;0;0;0;0;0;0;0;;;;;
2026-04-24;O_HALKBE0526P40.00;HALKB_05/2026_AVRUPA_OPSIYON;D_EQ;SSO;D_EQ_EPP;DE_HALKB_EPP;HALKB.E;2026-05-25;1.16;1.34;-13.43;0;0;0;0;0;0;0;0;0;5;0;;;;;
2026-04-24;O_HALKBE0526P41.00;HALKB_05/2026_AVRUPA_OPSIYON;D_EQ;SSO;D_EQ_EPP;DE_HALKB_EPP;HALKB.E;2026-05-25;1.54;1.75;-12;0;0;0;0;0;0;0;0;0;0;0;;;;;
2026-04-24;O_HALKBE0526P42.00;HALKB_05/2026_AVRUPA_OPSIYON;D_EQ;SSO;D_EQ_EPP;DE_HALKB_EPP;HALKB.E;2026-05-25;2;2.24;-10.71;0;0;0;0;0;0;0;0;0;565;0;;;;;
2026-04-24;O_HALKBE0526P43.00;HALKB_05/2026_AVRUPA_OPSIYON;D_EQ;SSO;D_EQ_EPP;DE_HALKB_EPP;HALKB.E;2026-05-25;2.54;2.8;-9.29;0;0;0;0;0;0;0;0;0;0;0;;;;;
2026-04-24;O_HALKBE0526P44.00;HALKB_05/2026_AVRUPA_OPSIYON;D_EQ;SSO;D_EQ_EPP;DE_HALKB_EPP;HALKB.E;2026-05-25;3.14;3.43;-8.45;0;0;0;0;0;0;0;0;0;0;0;;;;;
2026-04-24;O_HALKBE0526P45.00;HALKB_05/2026_AVRUPA_OPSIYON;D_EQ;SSO;D_EQ_EPP;DE_HALKB_EPP;HALKB.E;2026-05-25;3.82;4.12;-7.28;0;0;0;0;0;0;0;0;0;0;0;;;;;
2026-04-24;O_HALKBE0526P46.00;HALKB_05/2026_AVRUPA_OPSIYON;D_EQ;SSO;D_EQ_EPP;DE_HALKB_EPP;HALKB.E;2026-05-25;4.54;4.87;-6.78;0;0;0;0;0;0;0;0;0;0;0;;;;;
2026-04-24;O_HALKBE0526P47.00;HALKB_05/2026_AVRUPA_OPSIYON;D_EQ;SSO;D_EQ_EPP;DE_HALKB_EPP;HALKB.E;2026-05-25;5.32;5.66;-6.01;0;0;0;0;0;0;0;0;0;0;0;;;;;
2026-04-24;O_HALKBE0526P48.00;HALKB_05/2026_AVRUPA_OPSIYON;D_EQ;SSO;D_EQ_EPP;DE_HALKB_EPP;HALKB.E;2026-05-25;6.14;6.48;-5.25;0;0;0;0;0;0;0;0;0;0;0;;;;;
2026-04-24;O_HALKBE0526P49.00;HALKB_05/2026_AVRUPA_OPSIYON;D_EQ;SSO;D_EQ_EPP;DE_HALKB_EPP;HALKB.E;2026-05-25;6.99;7.34;-4.77;0;0;0;0;0;0;0;0;0;0;0;;;;;
2026-04-24;O_HALKBE0526P50.00;HALKB_05/2026_AVRUPA_OPSIYON;D_EQ;SSO;D_EQ_EPP;DE_HALKB_EPP;HALKB.E;2026-05-25;7.86;8.22;-4.38;0;0;0;0;0;0;0;0;0;0;0;;;;;
2026-04-24;O_HALKBE0526P52.00;HALKB_05/2026_AVRUPA_OPSIYON;D_EQ;SSO;D_EQ_EPP;DE_HALKB_EPP;HALKB.E;2026-05-25;9.68;10.03;-3.49;0;0;0;0;0;0;0;0;0;0;0;;;;;
2026-04-24;O_HALKBE0526P54.00;HALKB_05/2026_AVRUPA_OPSIYON;D_EQ;SSO;D_EQ_EPP;DE_HALKB_EPP;HALKB.E;2026-05-25;11.54;11.9;-3.03;0;0;0;0;0;0;0;0;0;0;0;;;;;
2026-04-24;O_HALKBE0526P56.00;HALKB_05/2026_AVRUPA_OPSIYON;D_EQ;SSO;D_EQ_EPP;DE_HALKB_EPP;HALKB.E;2026-05-25;13.44;13.79;-2.54;0;0;0;0;0;0;0;0;0;0;0;;;;;
2026-04-24;O_HALKBE0626C38.00;HALKB_06/2026_AVRUPA_OPSIYON;D_EQ;SSO;D_EQ_ECP;DE_HALKB_ECP;HALKB.E;2026-06-30;6.74;6.46;4.33;0;0;0;0;0;0;0;0;0;0;0;;;;;
2026-04-24;O_HALKBE0626C39.00;HALKB_06/2026_AVRUPA_OPSIYON;D_EQ;SSO;D_EQ_ECP;DE_HALKB_ECP;HALKB.E;2026-06-30;6.04;5.78;4.5;0;0;0;0;0;0;0;0;0;0;0;;;;;
2026-04-24;O_HALKBE0626C40.00;HALKB_06/2026_AVRUPA_OPSIYON;D_EQ;SSO;D_EQ_ECP;DE_HALKB_ECP;HALKB.E;2026-06-30;5.39;5.14;4.86;0;0;0;0;0;0;0;0;0;0;0;;;;;
2026-04-24;O_HALKBE0626C41.00;HALKB_06/2026_AVRUPA_OPSIYON;D_EQ;SSO;D_EQ_ECP;DE_HALKB_ECP;HALKB.E;2026-06-30;4.78;4.56;4.82;0;0;0;0;0;0;0;0;0;0;0;;;;;
2026-04-24;O_HALKBE0626C42.00;HALKB_06/2026_AVRUPA_OPSIYON;D_EQ;SSO;D_EQ_ECP;DE_HALKB_ECP;HALKB.E;2026-06-30;4.22;4.02;4.98;0;0;0;0;0;0;0;0;0;0;0;;;;;
2026-04-24;O_HALKBE0626C43.00;HALKB_06/2026_AVRUPA_OPSIYON;D_EQ;SSO;D_EQ_ECP;DE_HALKB_ECP;HALKB.E;2026-06-30;3.71;3.52;5.4;0;0;0;0;0;0;0;0;0;0;0;;;;;
2026-04-24;O_HALKBE0626C44.00;HALKB_06/2026_AVRUPA_OPSIYON;D_EQ;SSO;D_EQ_ECP;DE_HALKB_ECP;HALKB.E;2026-06-30;3.25;3.08;5.52;0;0;0;0;0;0;0;0;0;0;0;;;;;
2026-04-24;O_HALKBE0626C45.00;HALKB_06/2026_AVRUPA_OPSIYON;D_EQ;SSO;D_EQ_ECP;DE_HALKB_ECP;HALKB.E;2026-06-30;2.83;2.68;5.6;0;0;0;0;0;0;0;0;0;0;0;;;;;
2026-04-24;O_HALKBE0626C46.00;HALKB_06/2026_AVRUPA_OPSIYON;D_EQ;SSO;D_EQ_ECP;DE_HALKB_ECP;HALKB.E;2026-06-30;2.46;2.34;5.13;0;0;0;0;0;0;0;0;0;0;0;;;;;
2026-04-24;O_HALKBE0626C47.00;HALKB_06/2026_AVRUPA_OPSIYON;D_EQ;SSO;D_EQ_ECP;DE_HALKB_ECP;HALKB.E;2026-06-30;2.13;2.03;4.93;0;0;0;0;0;0;0;0;0;0;0;;;;;
2026-04-24;O_HALKBE0626C48.00;HALKB_06/2026_AVRUPA_OPSIYON;D_EQ;SSO;D_EQ_ECP;DE_HALKB_ECP;HALKB.E;2026-06-30;1.85;1.76;5.11;0;0;0;0;0;0;0;0;0;0;0;;;;;
2026-04-24;O_HALKBE0626C49.00;HALKB_06/2026_AVRUPA_OPSIYON;D_EQ;SSO;D_EQ_ECP;DE_HALKB_ECP;HALKB.E;2026-06-30;1.59;1.52;4.61;0;0;0;0;0;0;0;0;0;0;0;;;;;
2026-04-24;O_HALKBE0626C50.00;HALKB_06/2026_AVRUPA_OPSIYON;D_EQ;SSO;D_EQ_ECP;DE_HALKB_ECP;HALKB.E;2026-06-30;1.37;1.31;4.58;0;0;0;0;0;0;0;0;0;0;0;;;;;
2026-04-24;O_HALKBE0626C52.00;HALKB_06/2026_AVRUPA_OPSIYON;D_EQ;SSO;D_EQ_ECP;DE_HALKB_ECP;HALKB.E;2026-06-30;1.01;0.97;4.12;0;0;0;0;0;0;0;0;0;0;0;;;;;
2026-04-24;O_HALKBE0626P33.00;HALKB_06/2026_AVRUPA_OPSIYON;D_EQ;SSO;D_EQ_EPP;DE_HALKB_EPP;HALKB.E;2026-06-30;0.19;0.23;-17.39;0;0;0;0;0;0;0;0;0;0;0;;;;;
2026-04-24;O_HALKBE0626P34.00;HALKB_06/2026_AVRUPA_OPSIYON;D_EQ;SSO;D_EQ_EPP;DE_HALKB_EPP;HALKB.E;2026-06-30;0.27;0.31;-12.9;0;0;0;0;0;0;0;0;0;0;0;;;;;
2026-04-24;O_HALKBE0626P35.00;HALKB_06/2026_AVRUPA_OPSIYON;D_EQ;SSO;D_EQ_EPP;DE_HALKB_EPP;HALKB.E;2026-06-30;0.37;0.42;-11.9;0;0;0;0;0;0;0;0;0;0;0;;;;;
2026-04-24;O_HALKBE0626P36.00;HALKB_06/2026_AVRUPA_OPSIYON;D_EQ;SSO;D_EQ_EPP;DE_HALKB_EPP;HALKB.E;2026-06-30;0.49;0.56;-12.5;0;0;0;0;0;0;0;0;0;0;0;;;;;
2026-04-24;O_HALKBE0626P37.00;HALKB_06/2026_AVRUPA_OPSIYON;D_EQ;SSO;D_EQ_EPP;DE_HALKB_EPP;HALKB.E;2026-06-30;0.65;0.73;-10.96;0;0;0;0;0;0;0;0;0;0;0;;;;;
2026-04-24;O_HALKBE0626P38.00;HALKB_06/2026_AVRUPA_OPSIYON;D_EQ;SSO;D_EQ_EPP;DE_HALKB_EPP;HALKB.E;2026-06-30;0.84;0.93;-9.68;0;0;0;0;0;0;0;0;0;0;0;;;;;
2026-04-24;O_HALKBE0626P39.00;HALKB_06/2026_AVRUPA_OPSIYON;D_EQ;SSO;D_EQ_EPP;DE_HALKB_EPP;HALKB.E;2026-06-30;1.07;1.17;-8.55;0;0;0;0;0;0;0;0;0;0;0;;;;;
2026-04-24;O_HALKBE0626P40.00;HALKB_06/2026_AVRUPA_OPSIYON;D_EQ;SSO;D_EQ_EPP;DE_HALKB_EPP;HALKB.E;2026-06-30;1.33;1.45;-8.28;0;0;0;0;0;0;0;0;0;0;0;;;;;
2026-04-24;O_HALKBE0626P41.00;HALKB_06/2026_AVRUPA_OPSIYON;D_EQ;SSO;D_EQ_EPP;DE_HALKB_EPP;HALKB.E;2026-06-30;1.64;1.78;-7.87;0;0;0;0;0;0;0;0;0;0;0;;;;;
2026-04-24;O_HALKBE0626P42.00;HALKB_06/2026_AVRUPA_OPSIYON;D_EQ;SSO;D_EQ_EPP;DE_HALKB_EPP;HALKB.E;2026-06-30;2;2.16;-7.41;0;0;0;0;0;0;0;0;0;0;0;;;;;
2026-04-24;O_HALKBE0626P43.00;HALKB_06/2026_AVRUPA_OPSIYON;D_EQ;SSO;D_EQ_EPP;DE_HALKB_EPP;HALKB.E;2026-06-30;2.41;2.58;-6.59;0;0;0;0;0;0;0;0;0;0;0;;;;;
2026-04-24;O_HALKBE0626P44.00;HALKB_06/2026_AVRUPA_OPSIYON;D_EQ;SSO;D_EQ_EPP;DE_HALKB_EPP;HALKB.E;2026-06-30;2.86;3.06;-6.54;0;0;0;0;0;0;0;0;0;0;0;;;;;
2026-04-24;O_HALKBE0626P45.00;HALKB_06/2026_AVRUPA_OPSIYON;D_EQ;SSO;D_EQ_EPP;DE_HALKB_EPP;HALKB.E;2026-06-30;3.36;3.58;-6.15;0;0;0;0;0;0;0;0;0;0;0;;;;;
2026-04-24;O_HALKBE0626P46.00;HALKB_06/2026_AVRUPA_OPSIYON;D_EQ;SSO;D_EQ_EPP;DE_HALKB_EPP;HALKB.E;2026-06-30;3.91;4.15;-5.78;0;0;0;0;0;0;0;0;0;0;0;;;;;
2026-04-24;O_ISCTRE0426C13.00;ISCTR_04/2026_AVRUPA_OPSIYON;D_EQ;SSO;D_EQ_ECP;DE_ISCTR_ECP;ISCTR.E;2026-04-30;1.54;1.9;-18.95;0;0;0;0;0;0;0;0;0;546;0;;;;;
2026-04-24;O_ISCTRE0426C13.50;ISCTR_04/2026_AVRUPA_OPSIYON;D_EQ;SSO;D_EQ_ECP;DE_ISCTR_ECP;ISCTR.E;2026-04-30;1.06;1.43;-25.87;0;0;0;0;0;0;0;0;0;3982;0;;;;;
2026-04-24;O_ISCTRE0426C14.00;ISCTR_04/2026_AVRUPA_OPSIYON;D_EQ;SSO;D_EQ_ECP;DE_ISCTR_ECP;ISCTR.E;2026-04-30;0.65;0.98;-33.67;0;0;0;0;0;0;0;0;0;8683;0;;;;;
2026-04-24;O_ISCTRE0426C14.50;ISCTR_04/2026_AVRUPA_OPSIYON;D_EQ;SSO;D_EQ_ECP;DE_ISCTR_ECP;ISCTR.E;2026-04-30;0.33;0.61;-45.9;0;0;0;0;0;0;0;0;0;4232;0;;;;;
2026-04-24;O_ISCTRE0426C15.00;ISCTR_04/2026_AVRUPA_OPSIYON;D_EQ;SSO;D_EQ_ECP;DE_ISCTR_ECP;ISCTR.E;2026-04-30;0.14;0.34;-58.82;0.14;0.14;0.14;0.14;0.14;3750000;35000;2500;9;4023;-1328;;;;;
2026-04-24;O_ISCTRE0426C15.50;ISCTR_04/2026_AVRUPA_OPSIYON;D_EQ;SSO;D_EQ_ECP;DE_ISCTR_ECP;ISCTR.E;2026-04-30;0.05;0.16;-68.75;0;0;0;0;0;0;0;0;0;5563;0;;;;;
2026-04-24;O_ISCTRE0426C16.00;ISCTR_04/2026_AVRUPA_OPSIYON;D_EQ;SSO;D_EQ_ECP;DE_ISCTR_ECP;ISCTR.E;2026-04-30;0.01;0.07;-85.71;0;0;0;0;0;0;0;0;0;9753;0;;;;;
2026-04-24;O_ISCTRE0426C16.50;ISCTR_04/2026_AVRUPA_OPSIYON;D_EQ;SSO;D_EQ_ECP;DE_ISCTR_ECP;ISCTR.E;2026-04-30;0.01;0.03;-66.67;0;0;0;0;0;0;0;0;0;618;0;;;;;
2026-04-24;O_ISCTRE0426C17.00;ISCTR_04/2026_AVRUPA_OPSIYON;D_EQ;SSO;D_EQ_ECP;DE_ISCTR_ECP;ISCTR.E;2026-04-30;0.01;0.01;0;0;0;0;0;0;0;0;0;0;5400;0;;;;;
2026-04-24;O_ISCTRE0426C17.50;ISCTR_04/2026_AVRUPA_OPSIYON;D_EQ;SSO;D_EQ_ECP;DE_ISCTR_ECP;ISCTR.E;2026-04-30;0.01;0.01;0;0;0;0;0;0;0;0;0;0;2010;0;;;;;
2026-04-24;O_ISCTRE0426C18.00;ISCTR_04/2026_AVRUPA_OPSIYON;D_EQ;SSO;D_EQ_ECP;DE_ISCTR_ECP;ISCTR.E;2026-04-30;0.01;0.01;0;0;0;0;0;0;0;0;0;0;0;0;;;;;
2026-04-24;O_ISCTRE0426C18.50;ISCTR_04/2026_AVRUPA_OPSIYON;D_EQ;SSO;D_EQ_ECP;DE_ISCTR_ECP;ISCTR.E;2026-04-30;0.01;0.01;0;0;0;0;0;0;0;0;0;0;9410;0;;;;;
2026-04-24;O_ISCTRE0426C19.00;ISCTR_04/2026_AVRUPA_OPSIYON;D_EQ;SSO;D_EQ_ECP;DE_ISCTR_ECP;ISCTR.E;2026-04-30;0.01;0.01;0;0;0;0;0;0;0;0;0;0;2000;0;;;;;
2026-04-24;O_ISCTRE0426C19.50;ISCTR_04/2026_AVRUPA_OPSIYON;D_EQ;SSO;D_EQ_ECP;DE_ISCTR_ECP;ISCTR.E;2026-04-30;0.01;0.01;0;0;0;0;0;0;0;0;0;0;4000;0;;;;;
2026-04-24;O_ISCTRE0426C20.00;ISCTR_04/2026_AVRUPA_OPSIYON;D_EQ;SSO;D_EQ_ECP;DE_ISCTR_ECP;ISCTR.E;2026-04-30;0.01;0.01;0;0;0;0;0;0;0;0;0;0;0;0;;;;;
2026-04-24;O_ISCTRE0426C20.50;ISCTR_04/2026_AVRUPA_OPSIYON;D_EQ;SSO;D_EQ_ECP;DE_ISCTR_ECP;ISCTR.E;2026-04-30;0.01;0.01;0;0;0;0;0;0;0;0;0;0;0;0;;;;;
2026-04-24;O_ISCTRE0426C21.00;ISCTR_04/2026_AVRUPA_OPSIYON;D_EQ;SSO;D_EQ_ECP;DE_ISCTR_ECP;ISCTR.E;2026-04-30;0.01;0.01;0;0;0;0;0;0;0;0;0;0;0;0;;;;;
2026-04-24;O_ISCTRE0426C21.50;ISCTR_04/2026_AVRUPA_OPSIYON;D_EQ;SSO;D_EQ_ECP;DE_ISCTR_ECP;ISCTR.E;2026-04-30;0.01;0.01;0;0;0;0;0;0;0;0;0;0;0;0;;;;;
2026-04-24;O_ISCTRE0426C22.00;ISCTR_04/2026_AVRUPA_OPSIYON;D_EQ;SSO;D_EQ_ECP;DE_ISCTR_ECP;ISCTR.E;2026-04-30;0.01;0.01;0;0;0;0;0;0;0;0;0;0;0;0;;;;;
2026-04-24;O_ISCTRE0426C22.50;ISCTR_04/2026_AVRUPA_OPSIYON;D_EQ;SSO;D_EQ_ECP;DE_ISCTR_ECP;ISCTR.E;2026-04-30;0.01;0.01;0;0;0;0;0;0;0;0;0;0;0;0;;;;;
2026-04-24;O_ISCTRE0426P10.50;ISCTR_04/2026_AVRUPA_OPSIYON;D_EQ;SSO;D_EQ_EPP;DE_ISCTR_EPP;ISCTR.E;2026-04-30;0.01;0.01;0;0;0;0;0;0;0;0;0;0;0;0;;;;;
2026-04-24;O_ISCTRE0426P11.00;ISCTR_04/2026_AVRUPA_OPSIYON;D_EQ;SSO;D_EQ_EPP;DE_ISCTR_EPP;ISCTR.E;2026-04-30;0.01;0.01;0;0;0;0;0;0;0;0;0;0;0;0;;;;;
2026-04-24;O_ISCTRE0426P11.50;ISCTR_04/2026_AVRUPA_OPSIYON;D_EQ;SSO;D_EQ_EPP;DE_ISCTR_EPP;ISCTR.E;2026-04-30;0.01;0.01;0;0;0;0;0;0;0;0;0;0;18;0;;;;;
2026-04-24;O_ISCTRE0426P12.00;ISCTR_04/2026_AVRUPA_OPSIYON;D_EQ;SSO;D_EQ_EPP;DE_ISCTR_EPP;ISCTR.E;2026-04-30;0.01;0.01;0;0;0;0;0;0;0;0;0;0;1466;0;;;;;
2026-04-24;O_ISCTRE0426P12.50;ISCTR_04/2026_AVRUPA_OPSIYON;D_EQ;SSO;D_EQ_EPP;DE_ISCTR_EPP;ISCTR.E;2026-04-30;0.01;0.01;0;0;0;0;0;0;0;0;0;0;3115;0;;;;;
2026-04-24;O_ISCTRE0426P13.00;ISCTR_04/2026_AVRUPA_OPSIYON;D_EQ;SSO;D_EQ_EPP;DE_ISCTR_EPP;ISCTR.E;2026-04-30;0.01;0.01;0;0;0;0;0;0;0;0;0;0;6255;0;;;;;
2026-04-24;O_ISCTRE0426P13.50;ISCTR_04/2026_AVRUPA_OPSIYON;D_EQ;SSO;D_EQ_EPP;DE_ISCTR_EPP;ISCTR.E;2026-04-30;0.03;0.02;50;0;0;0;0;0;0;0;0;0;2123;0;;;;;
2026-04-24;O_ISCTRE0426P14.00;ISCTR_04/2026_AVRUPA_OPSIYON;D_EQ;SSO;D_EQ_EPP;DE_ISCTR_EPP;ISCTR.E;2026-04-30;0.11;0.08;37.5;0;0;0;0;0;0;0;0;0;2250;0;;;;;
2026-04-24;O_ISCTRE0426P14.50;ISCTR_04/2026_AVRUPA_OPSIYON;D_EQ;SSO;D_EQ_EPP;DE_ISCTR_EPP;ISCTR.E;2026-04-30;0.29;0.2;45;0;0;0;0;0;0;0;0;0;2900;0;;;;;
2026-04-24;O_ISCTRE0426P15.00;ISCTR_04/2026_AVRUPA_OPSIYON;D_EQ;SSO;D_EQ_EPP;DE_ISCTR_EPP;ISCTR.E;2026-04-30;0.6;0.42;42.86;0.59;0.59;0.59;0.59;0.59;2499000;98294;1666;5;16740;1666;;;;;
2026-04-24;O_ISCTRE0426P15.50;ISCTR_04/2026_AVRUPA_OPSIYON;D_EQ;SSO;D_EQ_EPP;DE_ISCTR_EPP;ISCTR.E;2026-04-30;1;0.74;35.14;0;0;0;0;0;0;0;0;0;65615;0;;;;;
2026-04-24;O_ISCTRE0426P16.00;ISCTR_04/2026_AVRUPA_OPSIYON;D_EQ;SSO;D_EQ_EPP;DE_ISCTR_EPP;ISCTR.E;2026-04-30;1.46;1.15;26.96;0;0;0;0;0;0;0;0;0;5;0;;;;;
2026-04-24;O_ISCTRE0426P16.50;ISCTR_04/2026_AVRUPA_OPSIYON;D_EQ;SSO;D_EQ_EPP;DE_ISCTR_EPP;ISCTR.E;2026-04-30;1.95;1.6;21.88;0;0;0;0;0;0;0;0;0;400;0;;;;;
2026-04-24;O_ISCTRE0426P17.00;ISCTR_04/2026_AVRUPA_OPSIYON;D_EQ;SSO;D_EQ_EPP;DE_ISCTR_EPP;ISCTR.E;2026-04-30;2.44;2.08;17.31;0;0;0;0;0;0;0;0;0;0;0;;;;;
2026-04-24;O_ISCTRE0426P17.50;ISCTR_04/2026_AVRUPA_OPSIYON;D_EQ;SSO;D_EQ_EPP;DE_ISCTR_EPP;ISCTR.E;2026-04-30;2.94;2.57;14.4;0;0;0;0;0;0;0;0;0;0;0;;;;;
2026-04-24;O_ISCTRE0426P18.00;ISCTR_04/2026_AVRUPA_OPSIYON;D_EQ;SSO;D_EQ_EPP;DE_ISCTR_EPP;ISCTR.E;2026-04-30;3.44;3.06;12.42;0;0;0;0;0;0;0;0;0;1;0;;;;;
2026-04-24;O_ISCTRE0426P18.50;ISCTR_04/2026_AVRUPA_OPSIYON;D_EQ;SSO;D_EQ_EPP;DE_ISCTR_EPP;ISCTR.E;2026-04-30;3.93;3.56;10.39;0;0;0;0;0;0;0;0;0;0;0;;;;;
2026-04-24;O_ISCTRE0426P19.00;ISCTR_04/2026_AVRUPA_OPSIYON;D_EQ;SSO;D_EQ_EPP;DE_ISCTR_EPP;ISCTR.E;2026-04-30;4.43;4.05;9.38;0;0;0;0;0;0;0;0;0;0;0;;;;;
2026-04-24;O_ISCTRE0426P19.50;ISCTR_04/2026_AVRUPA_OPSIYON;D_EQ;SSO;D_EQ_EPP;DE_ISCTR_EPP;ISCTR.E;2026-04-30;4.93;4.55;8.35;0;0;0;0;0;0;0;0;0;0;0;;;;;
2026-04-24;O_ISCTRE0426P20.00;ISCTR_04/2026_AVRUPA_OPSIYON;D_EQ;SSO;D_EQ_EPP;DE_ISCTR_EPP;ISCTR.E;2026-04-30;5.43;5.04;7.74;0;0;0;0;0;0;0;0;0;0;0;;;;;
2026-04-24;O_ISCTRE0526C13.00;ISCTR_05/2026_AVRUPA_OPSIYON;D_EQ;SSO;D_EQ_ECP;DE_ISCTR_ECP;ISCTR.E;2026-05-25;1.98;2.33;-15.02;0;0;0;0;0;0;0;0;0;1;0;;;;;
2026-04-24;O_ISCTRE0526C13.50;ISCTR_05/2026_AVRUPA_OPSIYON;D_EQ;SSO;D_EQ_ECP;DE_ISCTR_ECP;ISCTR.E;2026-05-25;1.59;1.92;-17.19;0;0;0;0;0;0;0;0;0;100;0;;;;;
2026-04-24;O_ISCTRE0526C14.00;ISCTR_05/2026_AVRUPA_OPSIYON;D_EQ;SSO;D_EQ_ECP;DE_ISCTR_ECP;ISCTR.E;2026-05-25;1.23;1.54;-20.13;0;0;0;0;0;0;0;0;0;0;0;;;;;
2026-04-24;O_ISCTRE0526C14.50;ISCTR_05/2026_AVRUPA_OPSIYON;D_EQ;SSO;D_EQ_ECP;DE_ISCTR_ECP;ISCTR.E;2026-05-25;0.93;1.21;-23.14;0.94;0.91;0.94;0.91;0.93;2404100;153752;1658;2;4658;1658;;;;;
2026-04-24;O_ISCTRE0526C15.00;ISCTR_05/2026_AVRUPA_OPSIYON;D_EQ;SSO;D_EQ_ECP;DE_ISCTR_ECP;ISCTR.E;2026-05-25;0.68;0.92;-26.09;0;0;0;0;0;0;0;0;0;30;0;;;;;
2026-04-24;O_ISCTRE0526C15.50;ISCTR_05/2026_AVRUPA_OPSIYON;D_EQ;SSO;D_EQ_ECP;DE_ISCTR_ECP;ISCTR.E;2026-05-25;0.48;0.69;-30.43;0.43;0.43;0.43;0.43;0.43;491350;13631;317;1;1900;-317;;;;;
2026-04-24;O_ISCTRE0526C16.00;ISCTR_05/2026_AVRUPA_OPSIYON;D_EQ;SSO;D_EQ_ECP;DE_ISCTR_ECP;ISCTR.E;2026-05-25;0.34;0.5;-32;0;0;0;0;0;0;0;0;0;10000;0;;;;;
2026-04-24;O_ISCTRE0526C16.50;ISCTR_05/2026_AVRUPA_OPSIYON;D_EQ;SSO;D_EQ_ECP;DE_ISCTR_ECP;ISCTR.E;2026-05-25;0.23;0.36;-36.11;0.15;0.15;0.15;0.15;0.15;330000;3000;200;1;50200;200;;;;;
2026-04-24;O_ISCTRE0526C17.00;ISCTR_05/2026_AVRUPA_OPSIYON;D_EQ;SSO;D_EQ_ECP;DE_ISCTR_ECP;ISCTR.E;2026-05-25;0.16;0.25;-36;0;0;0;0;0;0;0;0;0;4800;0;;;;;
2026-04-24;O_ISCTRE0526C17.50;ISCTR_05/2026_AVRUPA_OPSIYON;D_EQ;SSO;D_EQ_ECP;DE_ISCTR_ECP;ISCTR.E;2026-05-25;0.11;0.17;-35.29;0;0;0;0;0;0;0;0;0;7;0;;;;;
2026-04-24;O_ISCTRE0526C18.00;ISCTR_05/2026_AVRUPA_OPSIYON;D_EQ;SSO;D_EQ_ECP;DE_ISCTR_ECP;ISCTR.E;2026-05-25;0.07;0.12;-41.67;0;0;0;0;0;0;0;0;0;0;0;;;;;
2026-04-24;O_ISCTRE0526C18.50;ISCTR_05/2026_AVRUPA_OPSIYON;D_EQ;SSO;D_EQ_ECP;DE_ISCTR_ECP;ISCTR.E;2026-05-25;0.05;0.08;-37.5;0;0;0;0;0;0;0;0;0;250;0;;;;;
2026-04-24;O_ISCTRE0526C19.00;ISCTR_05/2026_AVRUPA_OPSIYON;D_EQ;SSO;D_EQ_ECP;DE_ISCTR_ECP;ISCTR.E;2026-05-25;0.03;0.05;-40;0;0;0;0;0;0;0;0;0;0;0;;;;;
2026-04-24;O_ISCTRE0526C19.50;ISCTR_05/2026_AVRUPA_OPSIYON;D_EQ;SSO;D_EQ_ECP;DE_ISCTR_ECP;ISCTR.E;2026-05-25;0.02;0.04;-50;0;0;0;0;0;0;0;0;0;0;0;;;;;
2026-04-24;O_ISCTRE0526C20.00;ISCTR_05/2026_AVRUPA_OPSIYON;D_EQ;SSO;D_EQ_ECP;DE_ISCTR_ECP;ISCTR.E;2026-05-25;0.01;0.02;-50;0;0;0;0;0;0;0;0;0;0;0;;;;;
2026-04-24;O_ISCTRE0526C20.50;ISCTR_05/2026_AVRUPA_OPSIYON;D_EQ;SSO;D_EQ_ECP;DE_ISCTR_ECP;ISCTR.E;2026-05-25;0.01;0.02;-50;0;0;0;0;0;0;0;0;0;0;0;;;;;
2026-04-24;O_ISCTRE0526C21.00;ISCTR_05/2026_AVRUPA_OPSIYON;D_EQ;SSO;D_EQ_ECP;DE_ISCTR_ECP;ISCTR.E;2026-05-25;0.01;0.01;0;0;0;0;0;0;0;0;0;0;0;0;;;;;
2026-04-24;O_ISCTRE0526P10.50;ISCTR_05/2026_AVRUPA_OPSIYON;D_EQ;SSO;D_EQ_EPP;DE_ISCTR_EPP;ISCTR.E;2026-05-25;0.01;0.01;0;0;0;0;0;0;0;0;0;0;0;0;;;;;
2026-04-24;O_ISCTRE0526P11.00;ISCTR_05/2026_AVRUPA_OPSIYON;D_EQ;SSO;D_EQ_EPP;DE_ISCTR_EPP;ISCTR.E;2026-05-25;0.01;0.01;0;0;0;0;0;0;0;0;0;0;0;0;;;;;
2026-04-24;O_ISCTRE0526P11.50;ISCTR_05/2026_AVRUPA_OPSIYON;D_EQ;SSO;D_EQ_EPP;DE_ISCTR_EPP;ISCTR.E;2026-05-25;0.01;0.01;0;0;0;0;0;0;0;0;0;0;0;0;;;;;
2026-04-24;O_ISCTRE0526P12.00;ISCTR_05/2026_AVRUPA_OPSIYON;D_EQ;SSO;D_EQ_EPP;DE_ISCTR_EPP;ISCTR.E;2026-05-25;0.03;0.03;0;0;0;0;0;0;0;0;0;0;0;0;;;;;
2026-04-24;O_ISCTRE0526P12.50;ISCTR_05/2026_AVRUPA_OPSIYON;D_EQ;SSO;D_EQ_EPP;DE_ISCTR_EPP;ISCTR.E;2026-05-25;0.06;0.06;0;0;0;0;0;0;0;0;0;0;0;0;;;;;
2026-04-24;O_ISCTRE0526P13.00;ISCTR_05/2026_AVRUPA_OPSIYON;D_EQ;SSO;D_EQ_EPP;DE_ISCTR_EPP;ISCTR.E;2026-05-25;0.12;0.1;20;0;0;0;0;0;0;0;0;0;0;0;;;;;
2026-04-24;O_ISCTRE0526P13.50;ISCTR_05/2026_AVRUPA_OPSIYON;D_EQ;SSO;D_EQ_EPP;DE_ISCTR_EPP;ISCTR.E;2026-05-25;0.21;0.17;23.53;0;0;0;0;0;0;0;0;0;0;0;;;;;
2026-04-24;O_ISCTRE0526P14.00;ISCTR_05/2026_AVRUPA_OPSIYON;D_EQ;SSO;D_EQ_EPP;DE_ISCTR_EPP;ISCTR.E;2026-05-25;0.33;0.28;17.86;0;0;0;0;0;0;0;0;0;0;0;;;;;
2026-04-24;O_ISCTRE0526P14.50;ISCTR_05/2026_AVRUPA_OPSIYON;D_EQ;SSO;D_EQ_EPP;DE_ISCTR_EPP;ISCTR.E;2026-05-25;0.52;0.43;20.93;0.47;0.47;0.47;0.47;0.47;420500;13630;290;1;14790;290;;;;;
2026-04-24;O_ISCTRE0526P15.00;ISCTR_05/2026_AVRUPA_OPSIYON;D_EQ;SSO;D_EQ_EPP;DE_ISCTR_EPP;ISCTR.E;2026-05-25;0.75;0.62;20.97;0;0;0;0;0;0;0;0;0;10;0;;;;;
2026-04-24;O_ISCTRE0526P15.50;ISCTR_05/2026_AVRUPA_OPSIYON;D_EQ;SSO;D_EQ_EPP;DE_ISCTR_EPP;ISCTR.E;2026-05-25;1.04;0.87;19.54;0;0;0;0;0;0;0;0;0;1178;0;;;;;
2026-04-24;O_ISCTRE0526P16.00;ISCTR_05/2026_AVRUPA_OPSIYON;D_EQ;SSO;D_EQ_EPP;DE_ISCTR_EPP;ISCTR.E;2026-05-25;1.38;1.17;17.95;0;0;0;0;0;0;0;0;0;0;0;;;;;
2026-04-24;O_ISCTRE0526P16.50;ISCTR_05/2026_AVRUPA_OPSIYON;D_EQ;SSO;D_EQ_EPP;DE_ISCTR_EPP;ISCTR.E;2026-05-25;1.76;1.51;16.56;0;0;0;0;0;0;0;0;0;0;0;;;;;
2026-04-24;O_ISCTRE0526P17.00;ISCTR_05/2026_AVRUPA_OPSIYON;D_EQ;SSO;D_EQ_EPP;DE_ISCTR_EPP;ISCTR.E;2026-05-25;2.17;1.89;14.81;0;0;0;0;0;0;0;0;0;0;0;;;;;
2026-04-24;O_ISCTRE0526P17.50;ISCTR_05/2026_AVRUPA_OPSIYON;D_EQ;SSO;D_EQ_EPP;DE_ISCTR_EPP;ISCTR.E;2026-05-25;2.6;2.29;13.54;0;0;0;0;0;0;0;0;0;0;0;;;;;
2026-04-24;O_ISCTRE0526P18.00;ISCTR_05/2026_AVRUPA_OPSIYON;D_EQ;SSO;D_EQ_EPP;DE_ISCTR_EPP;ISCTR.E;2026-05-25;3.05;2.72;12.13;0;0;0;0;0;0;0;0;0;0;0;;;;;
2026-04-24;O_ISCTRE0526P18.50;ISCTR_05/2026_AVRUPA_OPSIYON;D_EQ;SSO;D_EQ_EPP;DE_ISCTR_EPP;ISCTR.E;2026-05-25;3.51;3.17;10.73;0;0;0;0;0;0;0;0;0;0;0;;;;;
2026-04-24;O_ISCTRE0626C14.00;ISCTR_06/2026_AVRUPA_OPSIYON;D_EQ;SSO;D_EQ_ECP;DE_ISCTR_ECP;ISCTR.E;2026-06-30;1.98;2.33;-15.02;0;0;0;0;0;0;0;0;0;0;0;;;;;
2026-04-24;O_ISCTRE0626C14.50;ISCTR_06/2026_AVRUPA_OPSIYON;D_EQ;SSO;D_EQ_ECP;DE_ISCTR_ECP;ISCTR.E;2026-06-30;1.67;2;-16.5;0;0;0;0;0;0;0;0;0;0;0;;;;;
2026-04-24;O_ISCTRE0626C15.00;ISCTR_06/2026_AVRUPA_OPSIYON;D_EQ;SSO;D_EQ_ECP;DE_ISCTR_ECP;ISCTR.E;2026-06-30;1.39;1.69;-17.75;0;0;0;0;0;0;0;0;0;0;0;;;;;
2026-04-24;O_ISCTRE0626C15.50;ISCTR_06/2026_AVRUPA_OPSIYON;D_EQ;SSO;D_EQ_ECP;DE_ISCTR_ECP;ISCTR.E;2026-06-30;1.14;1.42;-19.72;0;0;0;0;0;0;0;0;0;0;0;;;;;
2026-04-24;O_ISCTRE0626C16.00;ISCTR_06/2026_AVRUPA_OPSIYON;D_EQ;SSO;D_EQ_ECP;DE_ISCTR_ECP;ISCTR.E;2026-06-30;0.93;1.19;-21.85;0;0;0;0;0;0;0;0;0;0;0;;;;;
2026-04-24;O_ISCTRE0626C16.50;ISCTR_06/2026_AVRUPA_OPSIYON;D_EQ;SSO;D_EQ_ECP;DE_ISCTR_ECP;ISCTR.E;2026-06-30;0.76;0.98;-22.45;0;0;0;0;0;0;0;0;0;0;0;;;;;
2026-04-24;O_ISCTRE0626C17.00;ISCTR_06/2026_AVRUPA_OPSIYON;D_EQ;SSO;D_EQ_ECP;DE_ISCTR_ECP;ISCTR.E;2026-06-30;0.62;0.81;-23.46;0;0;0;0;0;0;0;0;0;0;0;;;;;
2026-04-24;O_ISCTRE0626C17.50;ISCTR_06/2026_AVRUPA_OPSIYON;D_EQ;SSO;D_EQ_ECP;DE_ISCTR_ECP;ISCTR.E;2026-06-30;0.51;0.66;-22.73;0;0;0;0;0;0;0;0;0;0;0;;;;;
2026-04-24;O_ISCTRE0626C18.00;ISCTR_06/2026_AVRUPA_OPSIYON;D_EQ;SSO;D_EQ_ECP;DE_ISCTR_ECP;ISCTR.E;2026-06-30;0.41;0.54;-24.07;0;0;0;0;0;0;0;0;0;0;0;;;;;
2026-04-24;O_ISCTRE0626C18.50;ISCTR_06/2026_AVRUPA_OPSIYON;D_EQ;SSO;D_EQ_ECP;DE_ISCTR_ECP;ISCTR.E;2026-06-30;0.33;0.44;-25;0;0;0;0;0;0;0;0;0;0;0;;;;;
2026-04-24;O_ISCTRE0626C19.00;ISCTR_06/2026_AVRUPA_OPSIYON;D_EQ;SSO;D_EQ_ECP;DE_ISCTR_ECP;ISCTR.E;2026-06-30;0.27;0.36;-25;0;0;0;0;0;0;0;0;0;0;0;;;;;
2026-04-24;O_ISCTRE0626C19.50;ISCTR_06/2026_AVRUPA_OPSIYON;D_EQ;SSO;D_EQ_ECP;DE_ISCTR_ECP;ISCTR.E;2026-06-30;0.22;0.29;-24.14;0;0;0;0;0;0;0;0;0;0;0;;;;;
2026-04-24;O_ISCTRE0626P11.50;ISCTR_06/2026_AVRUPA_OPSIYON;D_EQ;SSO;D_EQ_EPP;DE_ISCTR_EPP;ISCTR.E;2026-06-30;0.05;0.06;-16.67;0;0;0;0;0;0;0;0;0;0;0;;;;;
2026-04-24;O_ISCTRE0626P12.00;ISCTR_06/2026_AVRUPA_OPSIYON;D_EQ;SSO;D_EQ_EPP;DE_ISCTR_EPP;ISCTR.E;2026-06-30;0.09;0.09;0;0;0;0;0;0;0;0;0;0;0;0;;;;;
2026-04-24;O_ISCTRE0626P12.50;ISCTR_06/2026_AVRUPA_OPSIYON;D_EQ;SSO;D_EQ_EPP;DE_ISCTR_EPP;ISCTR.E;2026-06-30;0.13;0.13;0;0;0;0;0;0;0;0;0;0;0;0;;;;;
2026-04-24;O_ISCTRE0626P13.00;ISCTR_06/2026_AVRUPA_OPSIYON;D_EQ;SSO;D_EQ_EPP;DE_ISCTR_EPP;ISCTR.E;2026-06-30;0.2;0.2;0;0;0;0;0;0;0;0;0;0;0;0;;;;;
2026-04-24;O_ISCTRE0626P13.50;ISCTR_06/2026_AVRUPA_OPSIYON;D_EQ;SSO;D_EQ_EPP;DE_ISCTR_EPP;ISCTR.E;2026-06-30;0.29;0.28;3.57;0;0;0;0;0;0;0;0;0;0;0;;;;;
2026-04-24;O_ISCTRE0626P14.00;ISCTR_06/2026_AVRUPA_OPSIYON;D_EQ;SSO;D_EQ_EPP;DE_ISCTR_EPP;ISCTR.E;2026-06-30;0.4;0.38;5.26;0;0;0;0;0;0;0;0;0;0;0;;;;;
2026-04-24;O_ISCTRE0626P14.50;ISCTR_06/2026_AVRUPA_OPSIYON;D_EQ;SSO;D_EQ_EPP;DE_ISCTR_EPP;ISCTR.E;2026-06-30;0.54;0.5;8;0;0;0;0;0;0;0;0;0;0;0;;;;;
2026-04-24;O_ISCTRE0626P15.00;ISCTR_06/2026_AVRUPA_OPSIYON;D_EQ;SSO;D_EQ_EPP;DE_ISCTR_EPP;ISCTR.E;2026-06-30;0.72;0.65;10.77;0;0;0;0;0;0;0;0;0;0;0;;;;;
2026-04-24;O_ISCTRE0626P15.50;ISCTR_06/2026_AVRUPA_OPSIYON;D_EQ;SSO;D_EQ_EPP;DE_ISCTR_EPP;ISCTR.E;2026-06-30;0.94;0.84;11.9;0;0;0;0;0;0;0;0;0;0;0;;;;;
2026-04-24;O_ISCTRE0626P16.00;ISCTR_06/2026_AVRUPA_OPSIYON;D_EQ;SSO;D_EQ_EPP;DE_ISCTR_EPP;ISCTR.E;2026-06-30;1.19;1.06;12.26;0;0;0;0;0;0;0;0;0;0;0;;;;;
2026-04-24;O_ISCTRE0626P16.50;ISCTR_06/2026_AVRUPA_OPSIYON;D_EQ;SSO;D_EQ_EPP;DE_ISCTR_EPP;ISCTR.E;2026-06-30;1.48;1.31;12.98;0;0;0;0;0;0;0;0;0;0;0;;;;;
2026-04-24;O_ISCTRE0626P17.00;ISCTR_06/2026_AVRUPA_OPSIYON;D_EQ;SSO;D_EQ_EPP;DE_ISCTR_EPP;ISCTR.E;2026-06-30;1.8;1.6;12.5;0;0;0;0;0;0;0;0;0;0;0;;;;;
2026-04-24;O_KCHOLE0426C190.00;KCHOL_04/2026_AVRUPA_OPSIYON;D_EQ;SSO;D_EQ_ECP;DE_KCHOL_ECP;KCHOL.E;2026-04-30;18.26;16.73;9.15;0;0;0;0;0;0;0;0;0;337;0;;;;;
2026-04-24;O_KCHOLE0426C195.00;KCHOL_04/2026_AVRUPA_OPSIYON;D_EQ;SSO;D_EQ_ECP;DE_KCHOL_ECP;KCHOL.E;2026-04-30;13.52;12.25;10.37;12;11.8;12;11.8;11.87;585000;35600;30;3;1002;-30;;;;;
2026-04-24;O_KCHOLE0426C200.00;KCHOL_04/2026_AVRUPA_OPSIYON;D_EQ;SSO;D_EQ_ECP;DE_KCHOL_ECP;KCHOL.E;2026-04-30;9.2;8.32;10.58;6.99;6.99;9.5;9.5;7.48;2000000;74770;100;10;57;28;;;;;
2026-04-24;O_KCHOLE0426C205.00;KCHOL_04/2026_AVRUPA_OPSIYON;D_EQ;SSO;D_EQ_ECP;DE_KCHOL_ECP;KCHOL.E;2026-04-30;5.61;5.16;8.72;0.02;0.02;5.54;5.54;3.91;2091000;39854;102;11;1739;0;;;;;
2026-04-24;O_KCHOLE0426C210.00;KCHOL_04/2026_AVRUPA_OPSIYON;D_EQ;SSO;D_EQ_ECP;DE_KCHOL_ECP;KCHOL.E;2026-04-30;3;2.89;3.81;2.13;2.13;2.13;2.13;2.13;1260000;12780;60;6;2839;0;;;;;
2026-04-24;O_KCHOLE0426C215.00;KCHOL_04/2026_AVRUPA_OPSIYON;D_EQ;SSO;D_EQ_ECP;DE_KCHOL_ECP;KCHOL.E;2026-04-30;1.39;1.45;-4.14;0.75;0.75;0.78;0.78;0.76;3784000;13464;176;2;3760;0;;;;;
2026-04-24;O_KCHOLE0426C220.00;KCHOL_04/2026_AVRUPA_OPSIYON;D_EQ;SSO;D_EQ_ECP;DE_KCHOL_ECP;KCHOL.E;2026-04-30;0.56;0.65;-13.85;0.42;0.42;0.42;0.42;0.42;3872000;7392;176;2;3649;129;;;;;
2026-04-24;O_KCHOLE0426C225.00;KCHOL_04/2026_AVRUPA_OPSIYON;D_EQ;SSO;D_EQ_ECP;DE_KCHOL_ECP;KCHOL.E;2026-04-30;0.19;0.26;-26.92;0;0;0;0;0;0;0;0;0;4044;0;;;;;
2026-04-24;O_KCHOLE0426C230.00;KCHOL_04/2026_AVRUPA_OPSIYON;D_EQ;SSO;D_EQ_ECP;DE_KCHOL_ECP;KCHOL.E;2026-04-30;0.06;0.1;-40;0;0;0;0;0;0;0;0;0;10062;0;;;;;
2026-04-24;O_KCHOLE0426C235.00;KCHOL_04/2026_AVRUPA_OPSIYON;D_EQ;SSO;D_EQ_ECP;DE_KCHOL_ECP;KCHOL.E;2026-04-30;0.02;0.03;-33.33;0;0;0;0;0;0;0;0;0;1844;0;;;;;
2026-04-24;O_KCHOLE0426C240.00;KCHOL_04/2026_AVRUPA_OPSIYON;D_EQ;SSO;D_EQ_ECP;DE_KCHOL_ECP;KCHOL.E;2026-04-30;0.01;0.01;0;0;0;0;0;0;0;0;0;0;0;0;;;;;
2026-04-24;O_KCHOLE0426C245.00;KCHOL_04/2026_AVRUPA_OPSIYON;D_EQ;SSO;D_EQ_ECP;DE_KCHOL_ECP;KCHOL.E;2026-04-30;0.01;0.01;0;0;0;0;0;0;0;0;0;0;0;0;;;;;
2026-04-24;O_KCHOLE0426C250.00;KCHOL_04/2026_AVRUPA_OPSIYON;D_EQ;SSO;D_EQ_ECP;DE_KCHOL_ECP;KCHOL.E;2026-04-30;0.01;0.01;0;0;0;0;0;0;0;0;0;0;0;0;;;;;
2026-04-24;O_KCHOLE0426C260.00;KCHOL_04/2026_AVRUPA_OPSIYON;D_EQ;SSO;D_EQ_ECP;DE_KCHOL_ECP;KCHOL.E;2026-04-30;0.01;0.01;0;0;0;0;0;0;0;0;0;0;0;0;;;;;
2026-04-24;O_KCHOLE0426C270.00;KCHOL_04/2026_AVRUPA_OPSIYON;D_EQ;SSO;D_EQ_ECP;DE_KCHOL_ECP;KCHOL.E;2026-04-30;0.01;0.01;0;0;0;0;0;0;0;0;0;0;0;0;;;;;
2026-04-24;O_KCHOLE0426C280.00;KCHOL_04/2026_AVRUPA_OPSIYON;D_EQ;SSO;D_EQ_ECP;DE_KCHOL_ECP;KCHOL.E;2026-04-30;0.01;0.01;0;0;0;0;0;0;0;0;0;0;0;0;;;;;
2026-04-24;O_KCHOLE0426C290.00;KCHOL_04/2026_AVRUPA_OPSIYON;D_EQ;SSO;D_EQ_ECP;DE_KCHOL_ECP;KCHOL.E;2026-04-30;0.01;0.01;0;0;0;0;0;0;0;0;0;0;0;0;;;;;
2026-04-24;O_KCHOLE0426P165.00;KCHOL_04/2026_AVRUPA_OPSIYON;D_EQ;SSO;D_EQ_EPP;DE_KCHOL_EPP;KCHOL.E;2026-04-30;0.01;0.01;0;0;0;0;0;0;0;0;0;0;0;0;;;;;
2026-04-24;O_KCHOLE0426P170.00;KCHOL_04/2026_AVRUPA_OPSIYON;D_EQ;SSO;D_EQ_EPP;DE_KCHOL_EPP;KCHOL.E;2026-04-30;0.01;0.01;0;0;0;0;0;0;0;0;0;0;4;0;;;;;
2026-04-24;O_KCHOLE0426P175.00;KCHOL_04/2026_AVRUPA_OPSIYON;D_EQ;SSO;D_EQ_EPP;DE_KCHOL_EPP;KCHOL.E;2026-04-30;0.01;0.01;0;0;0;0;0;0;0;0;0;0;61;0;;;;;
2026-04-24;O_KCHOLE0426P180.00;KCHOL_04/2026_AVRUPA_OPSIYON;D_EQ;SSO;D_EQ_EPP;DE_KCHOL_EPP;KCHOL.E;2026-04-30;0.01;0.02;-50;0;0;0;0;0;0;0;0;0;20;0;;;;;
2026-04-24;O_KCHOLE0426P185.00;KCHOL_04/2026_AVRUPA_OPSIYON;D_EQ;SSO;D_EQ_EPP;DE_KCHOL_EPP;KCHOL.E;2026-04-30;0.02;0.07;-71.43;0;0;0;0;0;0;0;0;0;1136;0;;;;;
2026-04-24;O_KCHOLE0426P190.00;KCHOL_04/2026_AVRUPA_OPSIYON;D_EQ;SSO;D_EQ_EPP;DE_KCHOL_EPP;KCHOL.E;2026-04-30;0.08;0.26;-69.23;0;0;0;0;0;0;0;0;0;1826;0;;;;;
2026-04-24;O_KCHOLE0426P195.00;KCHOL_04/2026_AVRUPA_OPSIYON;D_EQ;SSO;D_EQ_EPP;DE_KCHOL_EPP;KCHOL.E;2026-04-30;0.31;0.74;-58.11;0;0;0;0;0;0;0;0;0;184;0;;;;;
2026-04-24;O_KCHOLE0426P200.00;KCHOL_04/2026_AVRUPA_OPSIYON;D_EQ;SSO;D_EQ_EPP;DE_KCHOL_EPP;KCHOL.E;2026-04-30;0.95;1.76;-46.02;0;0;0;0;0;0;0;0;0;326;0;;;;;
2026-04-24;O_KCHOLE0426P205.00;KCHOL_04/2026_AVRUPA_OPSIYON;D_EQ;SSO;D_EQ_EPP;DE_KCHOL_EPP;KCHOL.E;2026-04-30;2.33;3.56;-34.55;2.91;2.88;2.91;2.88;2.89;820000;11550;40;4;78;-40;;;;;
2026-04-24;O_KCHOLE0426P210.00;KCHOL_04/2026_AVRUPA_OPSIYON;D_EQ;SSO;D_EQ_EPP;DE_KCHOL_EPP;KCHOL.E;2026-04-30;4.69;6.25;-24.96;0;0;0;0;0;0;0;0;0;172;0;;;;;
2026-04-24;O_KCHOLE0426P215.00;KCHOL_04/2026_AVRUPA_OPSIYON;D_EQ;SSO;D_EQ_EPP;DE_KCHOL_EPP;KCHOL.E;2026-04-30;8.05;9.77;-17.6;0;0;0;0;0;0;0;0;0;128;0;;;;;
2026-04-24;O_KCHOLE0426P220.00;KCHOL_04/2026_AVRUPA_OPSIYON;D_EQ;SSO;D_EQ_EPP;DE_KCHOL_EPP;KCHOL.E;2026-04-30;12.19;13.93;-12.49;0;0;0;0;0;0;0;0;0;0;0;;;;;
2026-04-24;O_KCHOLE0426P225.00;KCHOL_04/2026_AVRUPA_OPSIYON;D_EQ;SSO;D_EQ_EPP;DE_KCHOL_EPP;KCHOL.E;2026-04-30;16.79;18.5;-9.24;0;0;0;0;0;0;0;0;0;0;0;;;;;
2026-04-24;O_KCHOLE0426P230.00;KCHOL_04/2026_AVRUPA_OPSIYON;D_EQ;SSO;D_EQ_EPP;DE_KCHOL_EPP;KCHOL.E;2026-04-30;21.63;23.29;-7.13;0;0;0;0;0;0;0;0;0;0;0;;;;;
2026-04-24;O_KCHOLE0426P235.00;KCHOL_04/2026_AVRUPA_OPSIYON;D_EQ;SSO;D_EQ_EPP;DE_KCHOL_EPP;KCHOL.E;2026-04-30;26.55;28.18;-5.78;0;0;0;0;0;0;0;0;0;0;0;;;;;
2026-04-24;O_KCHOLE0426P240.00;KCHOL_04/2026_AVRUPA_OPSIYON;D_EQ;SSO;D_EQ_EPP;DE_KCHOL_EPP;KCHOL.E;2026-04-30;31.51;33.12;-4.86;0;0;0;0;0;0;0;0;0;0;0;;;;;
2026-04-24;O_KCHOLE0426P245.00;KCHOL_04/2026_AVRUPA_OPSIYON;D_EQ;SSO;D_EQ_EPP;DE_KCHOL_EPP;KCHOL.E;2026-04-30;36.48;38.07;-4.18;0;0;0;0;0;0;0;0;0;0;0;;;;;
2026-04-24;O_KCHOLE0526C190.00;KCHOL_05/2026_AVRUPA_OPSIYON;D_EQ;SSO;D_EQ_ECP;DE_KCHOL_ECP;KCHOL.E;2026-05-25;24.39;23.02;5.95;0;0;0;0;0;0;0;0;0;0;0;;;;;
2026-04-24;O_KCHOLE0526C195.00;KCHOL_05/2026_AVRUPA_OPSIYON;D_EQ;SSO;D_EQ_ECP;DE_KCHOL_ECP;KCHOL.E;2026-05-25;20.36;19.14;6.37;0;0;0;0;0;0;0;0;0;0;0;;;;;
2026-04-24;O_KCHOLE0526C200.00;KCHOL_05/2026_AVRUPA_OPSIYON;D_EQ;SSO;D_EQ_ECP;DE_KCHOL_ECP;KCHOL.E;2026-05-25;16.65;15.6;6.73;0;0;0;0;0;0;0;0;0;20;0;;;;;
2026-04-24;O_KCHOLE0526C205.00;KCHOL_05/2026_AVRUPA_OPSIYON;D_EQ;SSO;D_EQ_ECP;DE_KCHOL_ECP;KCHOL.E;2026-05-25;13.33;12.48;6.81;0;0;0;0;0;0;0;0;0;4040;0;;;;;
2026-04-24;O_KCHOLE0526C210.00;KCHOL_05/2026_AVRUPA_OPSIYON;D_EQ;SSO;D_EQ_ECP;DE_KCHOL_ECP;KCHOL.E;2026-05-25;10.45;9.77;6.96;0;0;0;0;0;0;0;0;0;0;0;;;;;
2026-04-24;O_KCHOLE0526C215.00;KCHOL_05/2026_AVRUPA_OPSIYON;D_EQ;SSO;D_EQ_ECP;DE_KCHOL_ECP;KCHOL.E;2026-05-25;8.02;7.5;6.93;0;0;0;0;0;0;0;0;0;0;0;;;;;
2026-04-24;O_KCHOLE0526C220.00;KCHOL_05/2026_AVRUPA_OPSIYON;D_EQ;SSO;D_EQ_ECP;DE_KCHOL_ECP;KCHOL.E;2026-05-25;6.02;5.64;6.74;0;0;0;0;0;0;0;0;0;5;0;;;;;
2026-04-24;O_KCHOLE0526C225.00;KCHOL_05/2026_AVRUPA_OPSIYON;D_EQ;SSO;D_EQ_ECP;DE_KCHOL_ECP;KCHOL.E;2026-05-25;4.44;4.17;6.47;0;0;0;0;0;0;0;0;0;0;0;;;;;
2026-04-24;O_KCHOLE0526C230.00;KCHOL_05/2026_AVRUPA_OPSIYON;D_EQ;SSO;D_EQ_ECP;DE_KCHOL_ECP;KCHOL.E;2026-05-25;3.23;3.03;6.6;0;0;0;0;0;0;0;0;0;0;0;;;;;
2026-04-24;O_KCHOLE0526C235.00;KCHOL_05/2026_AVRUPA_OPSIYON;D_EQ;SSO;D_EQ_ECP;DE_KCHOL_ECP;KCHOL.E;2026-05-25;2.31;2.16;6.94;0;0;0;0;0;0;0;0;0;0;0;;;;;
2026-04-24;O_KCHOLE0526C240.00;KCHOL_05/2026_AVRUPA_OPSIYON;D_EQ;SSO;D_EQ_ECP;DE_KCHOL_ECP;KCHOL.E;2026-05-25;1.63;1.51;7.95;1.11;1.11;1.11;1.11;1.11;3024000;13986;126;2;126;126;;;;;
2026-04-24;O_KCHOLE0526C245.00;KCHOL_05/2026_AVRUPA_OPSIYON;D_EQ;SSO;D_EQ_ECP;DE_KCHOL_ECP;KCHOL.E;2026-05-25;1.13;1.05;7.62;0;0;0;0;0;0;0;0;0;943;0;;;;;
2026-04-24;O_KCHOLE0526C250.00;KCHOL_05/2026_AVRUPA_OPSIYON;D_EQ;SSO;D_EQ_ECP;DE_KCHOL_ECP;KCHOL.E;2026-05-25;0.77;0.71;8.45;0;0;0;0;0;0;0;0;0;252;0;;;;;
2026-04-24;O_KCHOLE0526P165.00;KCHOL_05/2026_AVRUPA_OPSIYON;D_EQ;SSO;D_EQ_EPP;DE_KCHOL_EPP;KCHOL.E;2026-05-25;0.06;0.08;-25;0;0;0;0;0;0;0;0;0;0;0;;;;;
2026-04-24;O_KCHOLE0526P170.00;KCHOL_05/2026_AVRUPA_OPSIYON;D_EQ;SSO;D_EQ_EPP;DE_KCHOL_EPP;KCHOL.E;2026-05-25;0.12;0.16;-25;0;0;0;0;0;0;0;0;0;0;0;;;;;
2026-04-24;O_KCHOLE0526P175.00;KCHOL_05/2026_AVRUPA_OPSIYON;D_EQ;SSO;D_EQ_EPP;DE_KCHOL_EPP;KCHOL.E;2026-05-25;0.24;0.32;-25;0;0;0;0;0;0;0;0;0;3;0;;;;;
2026-04-24;O_KCHOLE0526P180.00;KCHOL_05/2026_AVRUPA_OPSIYON;D_EQ;SSO;D_EQ_EPP;DE_KCHOL_EPP;KCHOL.E;2026-05-25;0.46;0.6;-23.33;0;0;0;0;0;0;0;0;0;0;0;;;;;
2026-04-24;O_KCHOLE0526P185.00;KCHOL_05/2026_AVRUPA_OPSIYON;D_EQ;SSO;D_EQ_EPP;DE_KCHOL_EPP;KCHOL.E;2026-05-25;0.81;1.04;-22.12;0;0;0;0;0;0;0;0;0;0;0;;;;;
2026-04-24;O_KCHOLE0526P190.00;KCHOL_05/2026_AVRUPA_OPSIYON;D_EQ;SSO;D_EQ_EPP;DE_KCHOL_EPP;KCHOL.E;2026-05-25;1.36;1.7;-20;0;0;0;0;0;0;0;0;0;750;0;;;;;
2026-04-24;O_KCHOLE0526P195.00;KCHOL_05/2026_AVRUPA_OPSIYON;D_EQ;SSO;D_EQ_EPP;DE_KCHOL_EPP;KCHOL.E;2026-05-25;2.17;2.65;-18.11;0;0;0;0;0;0;0;0;0;0;0;;;;;
2026-04-24;O_KCHOLE0526P200.00;KCHOL_05/2026_AVRUPA_OPSIYON;D_EQ;SSO;D_EQ_EPP;DE_KCHOL_EPP;KCHOL.E;2026-05-25;3.29;3.95;-16.71;0;0;0;0;0;0;0;0;0;0;0;;;;;
2026-04-24;O_KCHOLE0526P205.00;KCHOL_05/2026_AVRUPA_OPSIYON;D_EQ;SSO;D_EQ_EPP;DE_KCHOL_EPP;KCHOL.E;2026-05-25;4.82;5.65;-14.69;0;0;0;0;0;0;0;0;0;0;0;;;;;
2026-04-24;O_KCHOLE0526P210.00;KCHOL_05/2026_AVRUPA_OPSIYON;D_EQ;SSO;D_EQ_EPP;DE_KCHOL_EPP;KCHOL.E;2026-05-25;6.78;7.78;-12.85;0;0;0;0;0;0;0;0;0;0;0;;;;;
2026-04-24;O_KCHOLE0526P215.00;KCHOL_05/2026_AVRUPA_OPSIYON;D_EQ;SSO;D_EQ_EPP;DE_KCHOL_EPP;KCHOL.E;2026-05-25;9.19;10.34;-11.12;0;0;0;0;0;0;0;0;0;167;0;;;;;
2026-04-24;O_KCHOLE0526P220.00;KCHOL_05/2026_AVRUPA_OPSIYON;D_EQ;SSO;D_EQ_EPP;DE_KCHOL_EPP;KCHOL.E;2026-05-25;12.04;13.31;-9.54;0;0;0;0;0;0;0;0;0;20;0;;;;;
2026-04-24;O_KCHOLE0526P225.00;KCHOL_05/2026_AVRUPA_OPSIYON;D_EQ;SSO;D_EQ_EPP;DE_KCHOL_EPP;KCHOL.E;2026-05-25;15.3;16.67;-8.22;0;0;0;0;0;0;0;0;0;0;0;;;;;
2026-04-24;O_KCHOLE0626C205.00;KCHOL_06/2026_AVRUPA_OPSIYON;D_EQ;SSO;D_EQ_ECP;DE_KCHOL_ECP;KCHOL.E;2026-06-30;23.58;22.5;4.8;0;0;0;0;0;0;0;0;0;0;0;;;;;
2026-04-24;O_KCHOLE0626C210.00;KCHOL_06/2026_AVRUPA_OPSIYON;D_EQ;SSO;D_EQ_ECP;DE_KCHOL_ECP;KCHOL.E;2026-06-30;20.43;19.49;4.82;0;0;0;0;0;0;0;0;0;0;0;;;;;
2026-04-24;O_KCHOLE0626C215.00;KCHOL_06/2026_AVRUPA_OPSIYON;D_EQ;SSO;D_EQ_ECP;DE_KCHOL_ECP;KCHOL.E;2026-06-30;17.57;16.74;4.96;0;0;0;0;0;0;0;0;0;0;0;;;;;
2026-04-24;O_KCHOLE0626C220.00;KCHOL_06/2026_AVRUPA_OPSIYON;D_EQ;SSO;D_EQ_ECP;DE_KCHOL_ECP;KCHOL.E;2026-06-30;14.99;14.27;5.05;0;0;0;0;0;0;0;0;0;0;0;;;;;
2026-04-24;O_KCHOLE0626C225.00;KCHOL_06/2026_AVRUPA_OPSIYON;D_EQ;SSO;D_EQ_ECP;DE_KCHOL_ECP;KCHOL.E;2026-06-30;12.7;12.08;5.13;0;0;0;0;0;0;0;0;0;0;0;;;;;
2026-04-24;O_KCHOLE0626C230.00;KCHOL_06/2026_AVRUPA_OPSIYON;D_EQ;SSO;D_EQ_ECP;DE_KCHOL_ECP;KCHOL.E;2026-06-30;10.69;10.16;5.22;0;0;0;0;0;0;0;0;0;0;0;;;;;
2026-04-24;O_KCHOLE0626C235.00;KCHOL_06/2026_AVRUPA_OPSIYON;D_EQ;SSO;D_EQ_ECP;DE_KCHOL_ECP;KCHOL.E;2026-06-30;8.97;8.5;5.53;0;0;0;0;0;0;0;0;0;0;0;;;;;
2026-04-24;O_KCHOLE0626C240.00;KCHOL_06/2026_AVRUPA_OPSIYON;D_EQ;SSO;D_EQ_ECP;DE_KCHOL_ECP;KCHOL.E;2026-06-30;7.5;7.07;6.08;0;0;0;0;0;0;0;0;0;0;0;;;;;
2026-04-24;O_KCHOLE0626C245.00;KCHOL_06/2026_AVRUPA_OPSIYON;D_EQ;SSO;D_EQ_ECP;DE_KCHOL_ECP;KCHOL.E;2026-06-30;6.23;5.84;6.68;0;0;0;0;0;0;0;0;0;13000;0;;;;;
2026-04-24;O_KCHOLE0626C250.00;KCHOL_06/2026_AVRUPA_OPSIYON;D_EQ;SSO;D_EQ_ECP;DE_KCHOL_ECP;KCHOL.E;2026-06-30;5.15;4.8;7.29;0;0;0;0;0;0;0;0;0;0;0;;;;;
2026-04-24;O_KCHOLE0626C260.00;KCHOL_06/2026_AVRUPA_OPSIYON;D_EQ;SSO;D_EQ_ECP;DE_KCHOL_ECP;KCHOL.E;2026-06-30;3.49;3.19;9.4;0;0;0;0;0;0;0;0;0;0;0;;;;;
2026-04-24;O_KCHOLE0626C270.00;KCHOL_06/2026_AVRUPA_OPSIYON;D_EQ;SSO;D_EQ_ECP;DE_KCHOL_ECP;KCHOL.E;2026-06-30;2.33;2.09;11.48;0;0;0;0;0;0;0;0;0;0;0;;;;;
2026-04-24;O_KCHOLE0626P180.00;KCHOL_06/2026_AVRUPA_OPSIYON;D_EQ;SSO;D_EQ_EPP;DE_KCHOL_EPP;KCHOL.E;2026-06-30;1.02;1.14;-10.53;0;0;0;0;0;0;0;0;0;0;0;;;;;
2026-04-24;O_KCHOLE0626P185.00;KCHOL_06/2026_AVRUPA_OPSIYON;D_EQ;SSO;D_EQ_EPP;DE_KCHOL_EPP;KCHOL.E;2026-06-30;1.47;1.65;-10.91;0;0;0;0;0;0;0;0;0;0;0;;;;;
2026-04-24;O_KCHOLE0626P190.00;KCHOL_06/2026_AVRUPA_OPSIYON;D_EQ;SSO;D_EQ_EPP;DE_KCHOL_EPP;KCHOL.E;2026-06-30;2.07;2.31;-10.39;0;0;0;0;0;0;0;0;0;0;0;;;;;
2026-04-24;O_KCHOLE0626P195.00;KCHOL_06/2026_AVRUPA_OPSIYON;D_EQ;SSO;D_EQ_EPP;DE_KCHOL_EPP;KCHOL.E;2026-06-30;2.84;3.17;-10.41;0;0;0;0;0;0;0;0;0;0;0;;;;;
2026-04-24;O_KCHOLE0626P200.00;KCHOL_06/2026_AVRUPA_OPSIYON;D_EQ;SSO;D_EQ_EPP;DE_KCHOL_EPP;KCHOL.E;2026-06-30;3.8;4.23;-10.17;0;0;0;0;0;0;0;0;0;0;0;;;;;
2026-04-24;O_KCHOLE0626P205.00;KCHOL_06/2026_AVRUPA_OPSIYON;D_EQ;SSO;D_EQ_EPP;DE_KCHOL_EPP;KCHOL.E;2026-06-30;4.98;5.53;-9.95;0;0;0;0;0;0;0;0;0;0;0;;;;;
2026-04-24;O_KCHOLE0626P210.00;KCHOL_06/2026_AVRUPA_OPSIYON;D_EQ;SSO;D_EQ_EPP;DE_KCHOL_EPP;KCHOL.E;2026-06-30;6.43;7.1;-9.44;0;0;0;0;0;0;0;0;0;0;0;;;;;
2026-04-24;O_KCHOLE0626P215.00;KCHOL_06/2026_AVRUPA_OPSIYON;D_EQ;SSO;D_EQ_EPP;DE_KCHOL_EPP;KCHOL.E;2026-06-30;8.17;8.93;-8.51;0;0;0;0;0;0;0;0;0;0;0;;;;;
2026-04-24;O_KCHOLE0626P220.00;KCHOL_06/2026_AVRUPA_OPSIYON;D_EQ;SSO;D_EQ_EPP;DE_KCHOL_EPP;KCHOL.E;2026-06-30;10.18;11.05;-7.87;0;0;0;0;0;0;0;0;0;0;0;;;;;
2026-04-24;O_KCHOLE0626P225.00;KCHOL_06/2026_AVRUPA_OPSIYON;D_EQ;SSO;D_EQ_EPP;DE_KCHOL_EPP;KCHOL.E;2026-06-30;12.48;13.44;-7.14;0;0;0;0;0;0;0;0;0;0;0;;;;;
2026-04-24;O_KCHOLE0626P230.00;KCHOL_06/2026_AVRUPA_OPSIYON;D_EQ;SSO;D_EQ_EPP;DE_KCHOL_EPP;KCHOL.E;2026-06-30;15.06;16.1;-6.46;0;0;0;0;0;0;0;0;0;0;0;;;;;
2026-04-24;O_KCHOLE0626P235.00;KCHOL_06/2026_AVRUPA_OPSIYON;D_EQ;SSO;D_EQ_EPP;DE_KCHOL_EPP;KCHOL.E;2026-06-30;17.95;19.03;-5.68;0;0;0;0;0;0;0;0;0;0;0;;;;;
2026-04-24;O_KRDMDE0426C29.00;KRDMD_04/2026_AVRUPA_OPSIYON;D_EQ;SSO;D_EQ_ECP;DE_KRDMD_ECP;KRDMD.E;2026-04-30;8.04;7.4;8.65;0;0;0;0;0;0;0;0;0;76;0;;;;;
2026-04-24;O_KRDMDE0426C30.00;KRDMD_04/2026_AVRUPA_OPSIYON;D_EQ;SSO;D_EQ_ECP;DE_KRDMD_ECP;KRDMD.E;2026-04-30;7.05;6.41;9.98;0;0;0;0;0;0;0;0;0;150;0;;;;;
2026-04-24;O_KRDMDE0426C31.00;KRDMD_04/2026_AVRUPA_OPSIYON;D_EQ;SSO;D_EQ_ECP;DE_KRDMD_ECP;KRDMD.E;2026-04-30;6.05;5.42;11.62;0;0;0;0;0;0;0;0;0;266;0;;;;;
2026-04-24;O_KRDMDE0426C32.00;KRDMD_04/2026_AVRUPA_OPSIYON;D_EQ;SSO;D_EQ_ECP;DE_KRDMD_ECP;KRDMD.E;2026-04-30;5.06;4.44;13.96;0;0;0;0;0;0;0;0;0;200;0;;;;;
2026-04-24;O_KRDMDE0426C33.00;KRDMD_04/2026_AVRUPA_OPSIYON;D_EQ;SSO;D_EQ_ECP;DE_KRDMD_ECP;KRDMD.E;2026-04-30;4.08;3.49;16.91;0;0;0;0;0;0;0;0;0;226;0;;;;;
2026-04-24;O_KRDMDE0426C34.00;KRDMD_04/2026_AVRUPA_OPSIYON;D_EQ;SSO;D_EQ_ECP;DE_KRDMD_ECP;KRDMD.E;2026-04-30;3.12;2.59;20.46;0;0;0;0;0;0;0;0;0;279;0;;;;;
2026-04-24;O_KRDMDE0426C35.00;KRDMD_04/2026_AVRUPA_OPSIYON;D_EQ;SSO;D_EQ_ECP;DE_KRDMD_ECP;KRDMD.E;2026-04-30;2.22;1.8;23.33;0;0;0;0;0;0;0;0;0;21;0;;;;;
2026-04-24;O_KRDMDE0426C36.00;KRDMD_04/2026_AVRUPA_OPSIYON;D_EQ;SSO;D_EQ_ECP;DE_KRDMD_ECP;KRDMD.E;2026-04-30;1.45;1.15;26.09;0;0;0;0;0;0;0;0;0;376;0;;;;;
2026-04-24;O_KRDMDE0426C37.00;KRDMD_04/2026_AVRUPA_OPSIYON;D_EQ;SSO;D_EQ_ECP;DE_KRDMD_ECP;KRDMD.E;2026-04-30;0.84;0.67;25.37;0;0;0;0;0;0;0;0;0;509;0;;;;;
2026-04-24;O_KRDMDE0426C38.00;KRDMD_04/2026_AVRUPA_OPSIYON;D_EQ;SSO;D_EQ_ECP;DE_KRDMD_ECP;KRDMD.E;2026-04-30;0.44;0.36;22.22;0;0;0;0;0;0;0;0;0;36;0;;;;;
2026-04-24;O_KRDMDE0426C39.00;KRDMD_04/2026_AVRUPA_OPSIYON;D_EQ;SSO;D_EQ_ECP;DE_KRDMD_ECP;KRDMD.E;2026-04-30;0.2;0.17;17.65;0;0;0;0;0;0;0;0;0;684;0;;;;;
2026-04-24;O_KRDMDE0426C40.00;KRDMD_04/2026_AVRUPA_OPSIYON;D_EQ;SSO;D_EQ_ECP;DE_KRDMD_ECP;KRDMD.E;2026-04-30;0.08;0.07;14.29;0;0;0;0;0;0;0;0;0;1006;0;;;;;
2026-04-24;O_KRDMDE0426C41.00;KRDMD_04/2026_AVRUPA_OPSIYON;D_EQ;SSO;D_EQ_ECP;DE_KRDMD_ECP;KRDMD.E;2026-04-30;0.03;0.03;0;0;0;0;0;0;0;0;0;0;412;0;;;;;
2026-04-24;O_KRDMDE0426C42.00;KRDMD_04/2026_AVRUPA_OPSIYON;D_EQ;SSO;D_EQ_ECP;DE_KRDMD_ECP;KRDMD.E;2026-04-30;0.01;0.01;0;0;0;0;0;0;0;0;0;0;654;0;;;;;
2026-04-24;O_KRDMDE0426C43.00;KRDMD_04/2026_AVRUPA_OPSIYON;D_EQ;SSO;D_EQ_ECP;DE_KRDMD_ECP;KRDMD.E;2026-04-30;0.01;0.01;0;0;0;0;0;0;0;0;0;0;0;0;;;;;
2026-04-24;O_KRDMDE0426C44.00;KRDMD_04/2026_AVRUPA_OPSIYON;D_EQ;SSO;D_EQ_ECP;DE_KRDMD_ECP;KRDMD.E;2026-04-30;0.01;0.01;0;0;0;0;0;0;0;0;0;0;0;0;;;;;
2026-04-24;O_KRDMDE0426P24.50;KRDMD_04/2026_AVRUPA_OPSIYON;D_EQ;SSO;D_EQ_EPP;DE_KRDMD_EPP;KRDMD.E;2026-04-30;0.01;0.01;0;0;0;0;0;0;0;0;0;0;0;0;;;;;
2026-04-24;O_KRDMDE0426P25.00;KRDMD_04/2026_AVRUPA_OPSIYON;D_EQ;SSO;D_EQ_EPP;DE_KRDMD_EPP;KRDMD.E;2026-04-30;0.01;0.01;0;0;0;0;0;0;0;0;0;0;0;0;;;;;
2026-04-24;O_KRDMDE0426P26.00;KRDMD_04/2026_AVRUPA_OPSIYON;D_EQ;SSO;D_EQ_EPP;DE_KRDMD_EPP;KRDMD.E;2026-04-30;0.01;0.01;0;0;0;0;0;0;0;0;0;0;510;0;;;;;
2026-04-24;O_KRDMDE0426P27.00;KRDMD_04/2026_AVRUPA_OPSIYON;D_EQ;SSO;D_EQ_EPP;DE_KRDMD_EPP;KRDMD.E;2026-04-30;0.01;0.01;0;0;0;0;0;0;0;0;0;0;0;0;;;;;
2026-04-24;O_KRDMDE0426P28.00;KRDMD_04/2026_AVRUPA_OPSIYON;D_EQ;SSO;D_EQ_EPP;DE_KRDMD_EPP;KRDMD.E;2026-04-30;0.01;0.01;0;0;0;0;0;0;0;0;0;0;400;0;;;;;
2026-04-24;O_KRDMDE0426P29.00;KRDMD_04/2026_AVRUPA_OPSIYON;D_EQ;SSO;D_EQ_EPP;DE_KRDMD_EPP;KRDMD.E;2026-04-30;0.01;0.01;0;0;0;0;0;0;0;0;0;0;104;0;;;;;
2026-04-24;O_KRDMDE0426P30.00;KRDMD_04/2026_AVRUPA_OPSIYON;D_EQ;SSO;D_EQ_EPP;DE_KRDMD_EPP;KRDMD.E;2026-04-30;0.01;0.01;0;0;0;0;0;0;0;0;0;0;321;0;;;;;
2026-04-24;O_KRDMDE0426P31.00;KRDMD_04/2026_AVRUPA_OPSIYON;D_EQ;SSO;D_EQ_EPP;DE_KRDMD_EPP;KRDMD.E;2026-04-30;0.01;0.01;0;0;0;0;0;0;0;0;0;0;382;0;;;;;
2026-04-24;O_KRDMDE0426P32.00;KRDMD_04/2026_AVRUPA_OPSIYON;D_EQ;SSO;D_EQ_EPP;DE_KRDMD_EPP;KRDMD.E;2026-04-30;0.01;0.01;0;0;0;0;0;0;0;0;0;0;1416;0;;;;;
2026-04-24;O_KRDMDE0426P33.00;KRDMD_04/2026_AVRUPA_OPSIYON;D_EQ;SSO;D_EQ_EPP;DE_KRDMD_EPP;KRDMD.E;2026-04-30;0.01;0.05;-80;0;0;0;0;0;0;0;0;0;1206;0;;;;;
2026-04-24;O_KRDMDE0426P34.00;KRDMD_04/2026_AVRUPA_OPSIYON;D_EQ;SSO;D_EQ_EPP;DE_KRDMD_EPP;KRDMD.E;2026-04-30;0.04;0.15;-73.33;0;0;0;0;0;0;0;0;0;983;0;;;;;
2026-04-24;O_KRDMDE0426P35.00;KRDMD_04/2026_AVRUPA_OPSIYON;D_EQ;SSO;D_EQ_EPP;DE_KRDMD_EPP;KRDMD.E;2026-04-30;0.14;0.35;-60;0;0;0;0;0;0;0;0;0;989;0;;;;;
2026-04-24;O_KRDMDE0426P36.00;KRDMD_04/2026_AVRUPA_OPSIYON;D_EQ;SSO;D_EQ_EPP;DE_KRDMD_EPP;KRDMD.E;2026-04-30;0.36;0.69;-47.83;0;0;0;0;0;0;0;0;0;835;0;;;;;
2026-04-24;O_KRDMDE0426P37.00;KRDMD_04/2026_AVRUPA_OPSIYON;D_EQ;SSO;D_EQ_EPP;DE_KRDMD_EPP;KRDMD.E;2026-04-30;0.75;1.21;-38.02;0;0;0;0;0;0;0;0;0;576;0;;;;;
2026-04-24;O_KRDMDE0426P38.00;KRDMD_04/2026_AVRUPA_OPSIYON;D_EQ;SSO;D_EQ_EPP;DE_KRDMD_EPP;KRDMD.E;2026-04-30;1.34;1.88;-28.72;0;0;0;0;0;0;0;0;0;1100;0;;;;;
2026-04-24;O_KRDMDE0426P39.00;KRDMD_04/2026_AVRUPA_OPSIYON;D_EQ;SSO;D_EQ_EPP;DE_KRDMD_EPP;KRDMD.E;2026-04-30;2.09;2.69;-22.3;0;0;0;0;0;0;0;0;0;1450;0;;;;;
2026-04-24;O_KRDMDE0526C29.00;KRDMD_05/2026_AVRUPA_OPSIYON;D_EQ;SSO;D_EQ_ECP;DE_KRDMD_ECP;KRDMD.E;2026-05-25;8.8;8.17;7.71;0;0;0;0;0;0;0;0;0;0;0;;;;;
2026-04-24;O_KRDMDE0526C30.00;KRDMD_05/2026_AVRUPA_OPSIYON;D_EQ;SSO;D_EQ_ECP;DE_KRDMD_ECP;KRDMD.E;2026-05-25;7.85;7.24;8.43;0;0;0;0;0;0;0;0;0;0;0;;;;;
2026-04-24;O_KRDMDE0526C31.00;KRDMD_05/2026_AVRUPA_OPSIYON;D_EQ;SSO;D_EQ_ECP;DE_KRDMD_ECP;KRDMD.E;2026-05-25;6.93;6.34;9.31;0;0;0;0;0;0;0;0;0;0;0;;;;;
2026-04-24;O_KRDMDE0526C32.00;KRDMD_05/2026_AVRUPA_OPSIYON;D_EQ;SSO;D_EQ_ECP;DE_KRDMD_ECP;KRDMD.E;2026-05-25;6.03;5.47;10.24;0;0;0;0;0;0;0;0;0;0;0;;;;;
2026-04-24;O_KRDMDE0526C33.00;KRDMD_05/2026_AVRUPA_OPSIYON;D_EQ;SSO;D_EQ_ECP;DE_KRDMD_ECP;KRDMD.E;2026-05-25;5.17;4.65;11.18;0;0;0;0;0;0;0;0;0;351;0;;;;;
2026-04-24;O_KRDMDE0526C34.00;KRDMD_05/2026_AVRUPA_OPSIYON;D_EQ;SSO;D_EQ_ECP;DE_KRDMD_ECP;KRDMD.E;2026-05-25;4.36;3.88;12.37;0;0;0;0;0;0;0;0;0;251;0;;;;;
2026-04-24;O_KRDMDE0526C35.00;KRDMD_05/2026_AVRUPA_OPSIYON;D_EQ;SSO;D_EQ_ECP;DE_KRDMD_ECP;KRDMD.E;2026-05-25;3.62;3.19;13.48;0;0;0;0;0;0;0;0;0;378;0;;;;;
2026-04-24;O_KRDMDE0526C36.00;KRDMD_05/2026_AVRUPA_OPSIYON;D_EQ;SSO;D_EQ_ECP;DE_KRDMD_ECP;KRDMD.E;2026-05-25;2.95;2.58;14.34;0;0;0;0;0;0;0;0;0;725;0;;;;;
2026-04-24;O_KRDMDE0526C37.00;KRDMD_05/2026_AVRUPA_OPSIYON;D_EQ;SSO;D_EQ_ECP;DE_KRDMD_ECP;KRDMD.E;2026-05-25;2.36;2.04;15.69;0;0;0;0;0;0;0;0;0;250;0;;;;;
2026-04-24;O_KRDMDE0526C38.00;KRDMD_05/2026_AVRUPA_OPSIYON;D_EQ;SSO;D_EQ_ECP;DE_KRDMD_ECP;KRDMD.E;2026-05-25;1.85;1.59;16.35;0;0;0;0;0;0;0;0;0;200;0;;;;;
2026-04-24;O_KRDMDE0526C39.00;KRDMD_05/2026_AVRUPA_OPSIYON;D_EQ;SSO;D_EQ_ECP;DE_KRDMD_ECP;KRDMD.E;2026-05-25;1.42;1.22;16.39;0;0;0;0;0;19500000;385000;5000;1;5150;5000;;;;;
2026-04-24;O_KRDMDE0526C40.00;KRDMD_05/2026_AVRUPA_OPSIYON;D_EQ;SSO;D_EQ_ECP;DE_KRDMD_ECP;KRDMD.E;2026-05-25;1.07;0.91;17.58;0.77;0.77;0.79;0.79;0.78;3304000;64428;826;2;1126;826;;;;;
2026-04-24;O_KRDMDE0526C41.00;KRDMD_05/2026_AVRUPA_OPSIYON;D_EQ;SSO;D_EQ_ECP;DE_KRDMD_ECP;KRDMD.E;2026-05-25;0.8;0.67;19.4;0;0;0;0;0;0;0;0;0;150;0;;;;;
2026-04-24;O_KRDMDE0526C42.00;KRDMD_05/2026_AVRUPA_OPSIYON;D_EQ;SSO;D_EQ_ECP;DE_KRDMD_ECP;KRDMD.E;2026-05-25;0.58;0.49;18.37;0;0;0;0;0;0;0;0;0;0;0;;;;;
2026-04-24;O_KRDMDE0526C43.00;KRDMD_05/2026_AVRUPA_OPSIYON;D_EQ;SSO;D_EQ_ECP;DE_KRDMD_ECP;KRDMD.E;2026-05-25;0.41;0.35;17.14;0;0;0;0;0;0;0;0;0;0;0;;;;;
2026-04-24;O_KRDMDE0526C44.00;KRDMD_05/2026_AVRUPA_OPSIYON;D_EQ;SSO;D_EQ_ECP;DE_KRDMD_ECP;KRDMD.E;2026-05-25;0.29;0.24;20.83;0;0;0;0;0;0;0;0;0;0;0;;;;;
2026-04-24;O_KRDMDE0526C45.00;KRDMD_05/2026_AVRUPA_OPSIYON;D_EQ;SSO;D_EQ_ECP;DE_KRDMD_ECP;KRDMD.E;2026-05-25;0.2;0.17;17.65;0;0;0;0;0;0;0;0;0;20;0;;;;;
2026-04-24;O_KRDMDE0526P24.50;KRDMD_05/2026_AVRUPA_OPSIYON;D_EQ;SSO;D_EQ_EPP;DE_KRDMD_EPP;KRDMD.E;2026-05-25;0.01;0.01;0;0;0;0;0;0;0;0;0;0;0;0;;;;;
2026-04-24;O_KRDMDE0526P25.00;KRDMD_05/2026_AVRUPA_OPSIYON;D_EQ;SSO;D_EQ_EPP;DE_KRDMD_EPP;KRDMD.E;2026-05-25;0.01;0.01;0;0;0;0;0;0;0;0;0;0;0;0;;;;;
2026-04-24;O_KRDMDE0526P26.00;KRDMD_05/2026_AVRUPA_OPSIYON;D_EQ;SSO;D_EQ_EPP;DE_KRDMD_EPP;KRDMD.E;2026-05-25;0.01;0.01;0;0;0;0;0;0;0;0;0;0;0;0;;;;;
2026-04-24;O_KRDMDE0526P27.00;KRDMD_05/2026_AVRUPA_OPSIYON;D_EQ;SSO;D_EQ_EPP;DE_KRDMD_EPP;KRDMD.E;2026-05-25;0.01;0.01;0;0;0;0;0;0;0;0;0;0;0;0;;;;;
2026-04-24;O_KRDMDE0526P28.00;KRDMD_05/2026_AVRUPA_OPSIYON;D_EQ;SSO;D_EQ_EPP;DE_KRDMD_EPP;KRDMD.E;2026-05-25;0.01;0.02;-50;0;0;0;0;0;0;0;0;0;0;0;;;;;
2026-04-24;O_KRDMDE0526P29.00;KRDMD_05/2026_AVRUPA_OPSIYON;D_EQ;SSO;D_EQ_EPP;DE_KRDMD_EPP;KRDMD.E;2026-05-25;0.02;0.03;-33.33;0;0;0;0;0;0;0;0;0;0;0;;;;;
2026-04-24;O_KRDMDE0526P30.00;KRDMD_05/2026_AVRUPA_OPSIYON;D_EQ;SSO;D_EQ_EPP;DE_KRDMD_EPP;KRDMD.E;2026-05-25;0.04;0.07;-42.86;0;0;0;0;0;0;0;0;0;0;0;;;;;
2026-04-24;O_KRDMDE0526P31.00;KRDMD_05/2026_AVRUPA_OPSIYON;D_EQ;SSO;D_EQ_EPP;DE_KRDMD_EPP;KRDMD.E;2026-05-25;0.08;0.13;-38.46;0;0;0;0;0;0;0;0;0;0;0;;;;;
2026-04-24;O_KRDMDE0526P32.00;KRDMD_05/2026_AVRUPA_OPSIYON;D_EQ;SSO;D_EQ_EPP;DE_KRDMD_EPP;KRDMD.E;2026-05-25;0.15;0.23;-34.78;0;0;0;0;0;0;0;0;0;0;0;;;;;
2026-04-24;O_KRDMDE0526P33.00;KRDMD_05/2026_AVRUPA_OPSIYON;D_EQ;SSO;D_EQ_EPP;DE_KRDMD_EPP;KRDMD.E;2026-05-25;0.26;0.37;-29.73;0;0;0;0;0;0;0;0;0;0;0;;;;;
2026-04-24;O_KRDMDE0526P34.00;KRDMD_05/2026_AVRUPA_OPSIYON;D_EQ;SSO;D_EQ_EPP;DE_KRDMD_EPP;KRDMD.E;2026-05-25;0.42;0.58;-27.59;0;0;0;0;0;0;0;0;0;0;0;;;;;
2026-04-24;O_KRDMDE0526P35.00;KRDMD_05/2026_AVRUPA_OPSIYON;D_EQ;SSO;D_EQ_EPP;DE_KRDMD_EPP;KRDMD.E;2026-05-25;0.64;0.85;-24.71;0;0;0;0;0;0;0;0;0;0;0;;;;;
2026-04-24;O_KRDMDE0526P36.00;KRDMD_05/2026_AVRUPA_OPSIYON;D_EQ;SSO;D_EQ_EPP;DE_KRDMD_EPP;KRDMD.E;2026-05-25;0.94;1.2;-21.67;0;0;0;0;0;0;0;0;0;1;0;;;;;
2026-04-24;O_KRDMDE0526P37.00;KRDMD_05/2026_AVRUPA_OPSIYON;D_EQ;SSO;D_EQ_EPP;DE_KRDMD_EPP;KRDMD.E;2026-05-25;1.32;1.63;-19.02;0;0;0;0;0;0;0;0;0;403;0;;;;;
2026-04-24;O_KRDMDE0526P38.00;KRDMD_05/2026_AVRUPA_OPSIYON;D_EQ;SSO;D_EQ_EPP;DE_KRDMD_EPP;KRDMD.E;2026-05-25;1.78;2.15;-17.21;0;0;0;0;0;0;0;0;0;150;0;;;;;
2026-04-24;O_KRDMDE0526P39.00;KRDMD_05/2026_AVRUPA_OPSIYON;D_EQ;SSO;D_EQ_EPP;DE_KRDMD_EPP;KRDMD.E;2026-05-25;2.32;2.74;-15.33;0;0;0;0;0;0;0;0;0;325;0;;;;;
2026-04-24;O_KRDMDE0526P40.00;KRDMD_05/2026_AVRUPA_OPSIYON;D_EQ;SSO;D_EQ_EPP;DE_KRDMD_EPP;KRDMD.E;2026-05-25;2.94;3.4;-13.53;0;0;0;0;0;0;0;0;0;425;0;;;;;
2026-04-24;O_KRDMDE0626C33.00;KRDMD_06/2026_AVRUPA_OPSIYON;D_EQ;SSO;D_EQ_ECP;DE_KRDMD_ECP;KRDMD.E;2026-06-30;6.97;6.45;8.06;0;0;0;0;0;0;0;0;0;0;0;;;;;
2026-04-24;O_KRDMDE0626C34.00;KRDMD_06/2026_AVRUPA_OPSIYON;D_EQ;SSO;D_EQ_ECP;DE_KRDMD_ECP;KRDMD.E;2026-06-30;6.22;5.73;8.55;0;0;0;0;0;0;0;0;0;0;0;;;;;
2026-04-24;O_KRDMDE0626C35.00;KRDMD_06/2026_AVRUPA_OPSIYON;D_EQ;SSO;D_EQ_ECP;DE_KRDMD_ECP;KRDMD.E;2026-06-30;5.51;5.06;8.89;0;0;0;0;0;0;0;0;0;0;0;;;;;
2026-04-24;O_KRDMDE0626C36.00;KRDMD_06/2026_AVRUPA_OPSIYON;D_EQ;SSO;D_EQ_ECP;DE_KRDMD_ECP;KRDMD.E;2026-06-30;4.85;4.43;9.48;0;0;0;0;0;0;0;0;0;0;0;;;;;
2026-04-24;O_KRDMDE0626C37.00;KRDMD_06/2026_AVRUPA_OPSIYON;D_EQ;SSO;D_EQ_ECP;DE_KRDMD_ECP;KRDMD.E;2026-06-30;4.24;3.85;10.13;0;0;0;0;0;0;0;0;0;0;0;;;;;
2026-04-24;O_KRDMDE0626C38.00;KRDMD_06/2026_AVRUPA_OPSIYON;D_EQ;SSO;D_EQ_ECP;DE_KRDMD_ECP;KRDMD.E;2026-06-30;3.68;3.33;10.51;0;0;0;0;0;0;0;0;0;0;0;;;;;
2026-04-24;O_KRDMDE0626C39.00;KRDMD_06/2026_AVRUPA_OPSIYON;D_EQ;SSO;D_EQ_ECP;DE_KRDMD_ECP;KRDMD.E;2026-06-30;3.17;2.86;10.84;0;0;0;0;0;0;0;0;0;0;0;;;;;
2026-04-24;O_KRDMDE0626C40.00;KRDMD_06/2026_AVRUPA_OPSIYON;D_EQ;SSO;D_EQ_ECP;DE_KRDMD_ECP;KRDMD.E;2026-06-30;2.71;2.43;11.52;0;0;0;0;0;0;0;0;0;0;0;;;;;
2026-04-24;O_KRDMDE0626C41.00;KRDMD_06/2026_AVRUPA_OPSIYON;D_EQ;SSO;D_EQ_ECP;DE_KRDMD_ECP;KRDMD.E;2026-06-30;2.31;2.06;12.14;0;0;0;0;0;0;0;0;0;0;0;;;;;
2026-04-24;O_KRDMDE0626C42.00;KRDMD_06/2026_AVRUPA_OPSIYON;D_EQ;SSO;D_EQ_ECP;DE_KRDMD_ECP;KRDMD.E;2026-06-30;1.95;1.73;12.72;0;0;0;0;0;0;0;0;0;0;0;;;;;
2026-04-24;O_KRDMDE0626C43.00;KRDMD_06/2026_AVRUPA_OPSIYON;D_EQ;SSO;D_EQ_ECP;DE_KRDMD_ECP;KRDMD.E;2026-06-30;1.64;1.45;13.1;0;0;0;0;0;0;0;0;0;0;0;;;;;
2026-04-24;O_KRDMDE0626C44.00;KRDMD_06/2026_AVRUPA_OPSIYON;D_EQ;SSO;D_EQ_ECP;DE_KRDMD_ECP;KRDMD.E;2026-06-30;1.36;1.2;13.33;0;0;0;0;0;0;0;0;0;0;0;;;;;
2026-04-24;O_KRDMDE0626C45.00;KRDMD_06/2026_AVRUPA_OPSIYON;D_EQ;SSO;D_EQ_ECP;DE_KRDMD_ECP;KRDMD.E;2026-06-30;1.13;1;13;0;0;0;0;0;0;0;0;0;0;0;;;;;
2026-04-24;O_KRDMDE0626C46.00;KRDMD_06/2026_AVRUPA_OPSIYON;D_EQ;SSO;D_EQ_ECP;DE_KRDMD_ECP;KRDMD.E;2026-06-30;0.93;0.82;13.41;0;0;0;0;0;0;0;0;0;0;0;;;;;
2026-04-24;O_KRDMDE0626P28.00;KRDMD_06/2026_AVRUPA_OPSIYON;D_EQ;SSO;D_EQ_EPP;DE_KRDMD_EPP;KRDMD.E;2026-06-30;0.05;0.07;-28.57;0;0;0;0;0;0;0;0;0;0;0;;;;;
2026-04-24;O_KRDMDE0626P29.00;KRDMD_06/2026_AVRUPA_OPSIYON;D_EQ;SSO;D_EQ_EPP;DE_KRDMD_EPP;KRDMD.E;2026-06-30;0.08;0.11;-27.27;0;0;0;0;0;0;0;0;0;0;0;;;;;
2026-04-24;O_KRDMDE0626P30.00;KRDMD_06/2026_AVRUPA_OPSIYON;D_EQ;SSO;D_EQ_EPP;DE_KRDMD_EPP;KRDMD.E;2026-06-30;0.13;0.18;-27.78;0;0;0;0;0;0;0;0;0;0;0;;;;;
2026-04-24;O_KRDMDE0626P31.00;KRDMD_06/2026_AVRUPA_OPSIYON;D_EQ;SSO;D_EQ_EPP;DE_KRDMD_EPP;KRDMD.E;2026-06-30;0.21;0.27;-22.22;0;0;0;0;0;0;0;0;0;0;0;;;;;
2026-04-24;O_KRDMDE0626P32.00;KRDMD_06/2026_AVRUPA_OPSIYON;D_EQ;SSO;D_EQ_EPP;DE_KRDMD_EPP;KRDMD.E;2026-06-30;0.31;0.39;-20.51;0;0;0;0;0;0;0;0;0;0;0;;;;;
2026-04-24;O_KRDMDE0626P33.00;KRDMD_06/2026_AVRUPA_OPSIYON;D_EQ;SSO;D_EQ_EPP;DE_KRDMD_EPP;KRDMD.E;2026-06-30;0.44;0.54;-18.52;0;0;0;0;0;0;0;0;0;0;0;;;;;
2026-04-24;O_KRDMDE0626P34.00;KRDMD_06/2026_AVRUPA_OPSIYON;D_EQ;SSO;D_EQ_EPP;DE_KRDMD_EPP;KRDMD.E;2026-06-30;0.61;0.74;-17.57;0;0;0;0;0;0;0;0;0;0;0;;;;;
2026-04-24;O_KRDMDE0626P35.00;KRDMD_06/2026_AVRUPA_OPSIYON;D_EQ;SSO;D_EQ_EPP;DE_KRDMD_EPP;KRDMD.E;2026-06-30;0.82;0.98;-16.33;0;0;0;0;0;0;0;0;0;0;0;;;;;
2026-04-24;O_KRDMDE0626P36.00;KRDMD_06/2026_AVRUPA_OPSIYON;D_EQ;SSO;D_EQ_EPP;DE_KRDMD_EPP;KRDMD.E;2026-06-30;1.08;1.27;-14.96;0;0;0;0;0;0;0;0;0;0;0;;;;;
2026-04-24;O_KRDMDE0626P37.00;KRDMD_06/2026_AVRUPA_OPSIYON;D_EQ;SSO;D_EQ_EPP;DE_KRDMD_EPP;KRDMD.E;2026-06-30;1.38;1.61;-14.29;0;0;0;0;0;0;0;0;0;0;0;;;;;
2026-04-24;O_KRDMDE0626P38.00;KRDMD_06/2026_AVRUPA_OPSIYON;D_EQ;SSO;D_EQ_EPP;DE_KRDMD_EPP;KRDMD.E;2026-06-30;1.74;2;-13;0;0;0;0;0;0;0;0;0;0;0;;;;;
2026-04-24;O_KRDMDE0626P39.00;KRDMD_06/2026_AVRUPA_OPSIYON;D_EQ;SSO;D_EQ_EPP;DE_KRDMD_EPP;KRDMD.E;2026-06-30;2.15;2.45;-12.24;0;0;0;0;0;0;0;0;0;0;0;;;;;
2026-04-24;O_KRDMDE0626P40.00;KRDMD_06/2026_AVRUPA_OPSIYON;D_EQ;SSO;D_EQ_EPP;DE_KRDMD_EPP;KRDMD.E;2026-06-30;2.62;2.94;-10.88;0;0;0;0;0;0;0;0;0;0;0;;;;;
2026-04-24;O_KRDMDE0626P41.00;KRDMD_06/2026_AVRUPA_OPSIYON;D_EQ;SSO;D_EQ_EPP;DE_KRDMD_EPP;KRDMD.E;2026-06-30;3.13;3.49;-10.32;0;0;0;0;0;0;0;0;0;0;0;;;;;
2026-04-24;O_PETKME0426C17.50;PETKM_04/2026_AVRUPA_OPSIYON;D_EQ;SSO;D_EQ_ECP;DE_PETKM_ECP;PETKM.E;2026-04-30;5.77;5.65;2.12;0;0;0;0;0;0;0;0;0;100;0;;;;;
2026-04-24;O_PETKME0426C18.00;PETKM_04/2026_AVRUPA_OPSIYON;D_EQ;SSO;D_EQ_ECP;DE_PETKM_ECP;PETKM.E;2026-04-30;5.27;5.15;2.33;0;0;0;0;0;0;0;0;0;201;0;;;;;
2026-04-24;O_PETKME0426C18.50;PETKM_04/2026_AVRUPA_OPSIYON;D_EQ;SSO;D_EQ_ECP;DE_PETKM_ECP;PETKM.E;2026-04-30;4.78;4.65;2.8;0;0;0;0;0;0;0;0;0;500;0;;;;;
2026-04-24;O_PETKME0426C19.00;PETKM_04/2026_AVRUPA_OPSIYON;D_EQ;SSO;D_EQ_ECP;DE_PETKM_ECP;PETKM.E;2026-04-30;4.28;4.16;2.88;0;0;0;0;0;0;0;0;0;3100;0;;;;;
2026-04-24;O_PETKME0426C19.50;PETKM_04/2026_AVRUPA_OPSIYON;D_EQ;SSO;D_EQ_ECP;DE_PETKM_ECP;PETKM.E;2026-04-30;3.78;3.67;3;0;0;0;0;0;0;0;0;0;452;0;;;;;
2026-04-24;O_PETKME0426C20.00;PETKM_04/2026_AVRUPA_OPSIYON;D_EQ;SSO;D_EQ_ECP;DE_PETKM_ECP;PETKM.E;2026-04-30;3.29;3.18;3.46;0;0;0;0;0;0;0;0;0;2347;0;;;;;
2026-04-24;O_PETKME0426C20.50;PETKM_04/2026_AVRUPA_OPSIYON;D_EQ;SSO;D_EQ_ECP;DE_PETKM_ECP;PETKM.E;2026-04-30;2.8;2.7;3.7;0;0;0;0;0;0;0;0;0;1200;0;;;;;
2026-04-24;O_PETKME0426C21.00;PETKM_04/2026_AVRUPA_OPSIYON;D_EQ;SSO;D_EQ_ECP;DE_PETKM_ECP;PETKM.E;2026-04-30;2.32;2.24;3.57;0;0;0;0;0;0;0;0;0;1057;0;;;;;
2026-04-24;O_PETKME0426C21.50;PETKM_04/2026_AVRUPA_OPSIYON;D_EQ;SSO;D_EQ_ECP;DE_PETKM_ECP;PETKM.E;2026-04-30;1.86;1.8;3.33;0;0;0;0;0;0;0;0;0;61;0;;;;;
2026-04-24;O_PETKME0426C22.00;PETKM_04/2026_AVRUPA_OPSIYON;D_EQ;SSO;D_EQ_ECP;DE_PETKM_ECP;PETKM.E;2026-04-30;1.43;1.4;2.14;1.17;1.17;1.17;1.17;1.17;440000;23400;200;1;4014;-200;;;;;
2026-04-24;O_PETKME0426C22.50;PETKM_04/2026_AVRUPA_OPSIYON;D_EQ;SSO;D_EQ_ECP;DE_PETKM_ECP;PETKM.E;2026-04-30;1.06;1.05;0.95;1.21;1.21;1.21;1.21;1.21;1350000;72600;600;3;2064;600;;;;;
2026-04-24;O_PETKME0426C23.00;PETKM_04/2026_AVRUPA_OPSIYON;D_EQ;SSO;D_EQ_ECP;DE_PETKM_ECP;PETKM.E;2026-04-30;0.74;0.76;-2.63;0.87;0.87;0.87;0.87;0.87;1938900;73341;843;4;3879;0;;;;;
2026-04-24;O_PETKME0426C23.50;PETKM_04/2026_AVRUPA_OPSIYON;D_EQ;SSO;D_EQ_ECP;DE_PETKM_ECP;PETKM.E;2026-04-30;0.49;0.53;-7.55;0;0;0;0;0;0;0;0;0;4376;0;;;;;
2026-04-24;O_PETKME0426C24.00;PETKM_04/2026_AVRUPA_OPSIYON;D_EQ;SSO;D_EQ_ECP;DE_PETKM_ECP;PETKM.E;2026-04-30;0.31;0.35;-11.43;0.25;0.25;0.25;0.25;0.25;2400;25;1;1;8003;1;;;;;
2026-04-24;O_PETKME0426C24.50;PETKM_04/2026_AVRUPA_OPSIYON;D_EQ;SSO;D_EQ_ECP;DE_PETKM_ECP;PETKM.E;2026-04-30;0.18;0.22;-18.18;0.15;0.15;0.15;0.15;0.15;2450;15;1;1;1104;1;;;;;
2026-04-24;O_PETKME0426C25.00;PETKM_04/2026_AVRUPA_OPSIYON;D_EQ;SSO;D_EQ_ECP;DE_PETKM_ECP;PETKM.E;2026-04-30;0.1;0.13;-23.08;0;0;0;0;0;0;0;0;0;2000;0;;;;;
2026-04-24;O_PETKME0426C26.00;PETKM_04/2026_AVRUPA_OPSIYON;D_EQ;SSO;D_EQ_ECP;DE_PETKM_ECP;PETKM.E;2026-04-30;0.03;0.04;-25;0;0;0;0;0;0;0;0;0;2;0;;;;;
2026-04-24;O_PETKME0426C27.00;PETKM_04/2026_AVRUPA_OPSIYON;D_EQ;SSO;D_EQ_ECP;DE_PETKM_ECP;PETKM.E;2026-04-30;0.01;0.01;0;0;0;0;0;0;0;0;0;0;0;0;;;;;
2026-04-24;O_PETKME0426P15.00;PETKM_04/2026_AVRUPA_OPSIYON;D_EQ;SSO;D_EQ_EPP;DE_PETKM_EPP;PETKM.E;2026-04-30;0.01;0.01;0;0;0;0;0;0;0;0;0;0;100;0;;;;;
2026-04-24;O_PETKME0426P15.50;PETKM_04/2026_AVRUPA_OPSIYON;D_EQ;SSO;D_EQ_EPP;DE_PETKM_EPP;PETKM.E;2026-04-30;0.01;0.01;0;0;0;0;0;0;0;0;0;0;0;0;;;;;
2026-04-24;O_PETKME0426P16.00;PETKM_04/2026_AVRUPA_OPSIYON;D_EQ;SSO;D_EQ_EPP;DE_PETKM_EPP;PETKM.E;2026-04-30;0.01;0.01;0;0;0;0;0;0;0;0;0;0;0;0;;;;;
2026-04-24;O_PETKME0426P16.50;PETKM_04/2026_AVRUPA_OPSIYON;D_EQ;SSO;D_EQ_EPP;DE_PETKM_EPP;PETKM.E;2026-04-30;0.01;0.01;0;0;0;0;0;0;0;0;0;0;0;0;;;;;
2026-04-24;O_PETKME0426P17.00;PETKM_04/2026_AVRUPA_OPSIYON;D_EQ;SSO;D_EQ_EPP;DE_PETKM_EPP;PETKM.E;2026-04-30;0.01;0.01;0;0;0;0;0;0;0;0;0;0;247;0;;;;;
2026-04-24;O_PETKME0426P17.50;PETKM_04/2026_AVRUPA_OPSIYON;D_EQ;SSO;D_EQ_EPP;DE_PETKM_EPP;PETKM.E;2026-04-30;0.01;0.01;0;0;0;0;0;0;0;0;0;0;15298;0;;;;;
2026-04-24;O_PETKME0426P18.00;PETKM_04/2026_AVRUPA_OPSIYON;D_EQ;SSO;D_EQ_EPP;DE_PETKM_EPP;PETKM.E;2026-04-30;0.01;0.01;0;0;0;0;0;0;0;0;0;0;4;0;;;;;
2026-04-24;O_PETKME0426P18.50;PETKM_04/2026_AVRUPA_OPSIYON;D_EQ;SSO;D_EQ_EPP;DE_PETKM_EPP;PETKM.E;2026-04-30;0.01;0.01;0;0;0;0;0;0;0;0;0;0;11040;0;;;;;
2026-04-24;O_PETKME0426P19.00;PETKM_04/2026_AVRUPA_OPSIYON;D_EQ;SSO;D_EQ_EPP;DE_PETKM_EPP;PETKM.E;2026-04-30;0.01;0.01;0;0;0;0;0;0;0;0;0;0;3053;0;;;;;
2026-04-24;O_PETKME0426P19.50;PETKM_04/2026_AVRUPA_OPSIYON;D_EQ;SSO;D_EQ_EPP;DE_PETKM_EPP;PETKM.E;2026-04-30;0.01;0.01;0;0;0;0;0;0;0;0;0;0;11937;0;;;;;
2026-04-24;O_PETKME0426P20.00;PETKM_04/2026_AVRUPA_OPSIYON;D_EQ;SSO;D_EQ_EPP;DE_PETKM_EPP;PETKM.E;2026-04-30;0.01;0.01;0;0;0;0;0;0;0;0;0;0;844;0;;;;;
2026-04-24;O_PETKME0426P20.50;PETKM_04/2026_AVRUPA_OPSIYON;D_EQ;SSO;D_EQ_EPP;DE_PETKM_EPP;PETKM.E;2026-04-30;0.01;0.03;-66.67;0;0;0;0;0;0;0;0;0;5178;0;;;;;
2026-04-24;O_PETKME0426P21.00;PETKM_04/2026_AVRUPA_OPSIYON;D_EQ;SSO;D_EQ_EPP;DE_PETKM_EPP;PETKM.E;2026-04-30;0.03;0.06;-50;0.1;0.1;0.1;0.1;0.1;4200;20;2;2;2248;1;;;;;
2026-04-24;O_PETKME0426P21.50;PETKM_04/2026_AVRUPA_OPSIYON;D_EQ;SSO;D_EQ_EPP;DE_PETKM_EPP;PETKM.E;2026-04-30;0.07;0.12;-41.67;0.11;0.11;0.2;0.2;0.15;51600;367;24;24;222;24;;;;;
2026-04-24;O_PETKME0426P22.00;PETKM_04/2026_AVRUPA_OPSIYON;D_EQ;SSO;D_EQ_EPP;DE_PETKM_EPP;PETKM.E;2026-04-30;0.14;0.22;-36.36;0.18;0.18;0.32;0.32;0.24;24200;266;11;11;973;11;;;;;
2026-04-24;O_PETKME0426P22.50;PETKM_04/2026_AVRUPA_OPSIYON;D_EQ;SSO;D_EQ_EPP;DE_PETKM_EPP;PETKM.E;2026-04-30;0.26;0.37;-29.73;0.3;0.29;0.36;0.36;0.33;30183750;446931;13415;44;5379;-8740;;;;;
2026-04-24;O_PETKME0426P23.00;PETKM_04/2026_AVRUPA_OPSIYON;D_EQ;SSO;D_EQ_EPP;DE_PETKM_EPP;PETKM.E;2026-04-30;0.44;0.57;-22.81;0;0;0;0;0;0;0;0;0;870;0;;;;;
2026-04-24;O_PETKME0426P23.50;PETKM_04/2026_AVRUPA_OPSIYON;D_EQ;SSO;D_EQ_EPP;DE_PETKM_EPP;PETKM.E;2026-04-30;0.69;0.83;-16.87;0;0;0;0;0;0;0;0;0;1646;0;;;;;
2026-04-24;O_PETKME0526C18.00;PETKM_05/2026_AVRUPA_OPSIYON;D_EQ;SSO;D_EQ_ECP;DE_PETKM_ECP;PETKM.E;2026-05-25;5.76;5.64;2.13;0;0;0;0;0;0;0;0;0;0;0;;;;;
2026-04-24;O_PETKME0526C18.50;PETKM_05/2026_AVRUPA_OPSIYON;D_EQ;SSO;D_EQ_ECP;DE_PETKM_ECP;PETKM.E;2026-05-25;5.29;5.18;2.12;0;0;0;0;0;0;0;0;0;0;0;;;;;
2026-04-24;O_PETKME0526C19.00;PETKM_05/2026_AVRUPA_OPSIYON;D_EQ;SSO;D_EQ_ECP;DE_PETKM_ECP;PETKM.E;2026-05-25;4.83;4.72;2.33;0;0;0;0;0;0;0;0;0;1;0;;;;;
2026-04-24;O_PETKME0526C19.50;PETKM_05/2026_AVRUPA_OPSIYON;D_EQ;SSO;D_EQ_ECP;DE_PETKM_ECP;PETKM.E;2026-05-25;4.38;4.28;2.34;0;0;0;0;0;0;0;0;0;0;0;;;;;
2026-04-24;O_PETKME0526C20.00;PETKM_05/2026_AVRUPA_OPSIYON;D_EQ;SSO;D_EQ_ECP;DE_PETKM_ECP;PETKM.E;2026-05-25;3.95;3.85;2.6;0;0;0;0;0;0;0;0;0;1;0;;;;;
2026-04-24;O_PETKME0526C20.50;PETKM_05/2026_AVRUPA_OPSIYON;D_EQ;SSO;D_EQ_ECP;DE_PETKM_ECP;PETKM.E;2026-05-25;3.53;3.44;2.62;0;0;0;0;0;0;0;0;0;2;0;;;;;
2026-04-24;O_PETKME0526C21.00;PETKM_05/2026_AVRUPA_OPSIYON;D_EQ;SSO;D_EQ_ECP;DE_PETKM_ECP;PETKM.E;2026-05-25;3.13;3.05;2.62;0;0;0;0;0;0;0;0;0;1;0;;;;;
2026-04-24;O_PETKME0526C21.50;PETKM_05/2026_AVRUPA_OPSIYON;D_EQ;SSO;D_EQ_ECP;DE_PETKM_ECP;PETKM.E;2026-05-25;2.76;2.69;2.6;0;0;0;0;0;0;0;0;0;2;0;;;;;
2026-04-24;O_PETKME0526C22.00;PETKM_05/2026_AVRUPA_OPSIYON;D_EQ;SSO;D_EQ_ECP;DE_PETKM_ECP;PETKM.E;2026-05-25;2.41;2.35;2.55;2;2;2;2;2;220000;20000;100;1;100;100;;;;;
2026-04-24;O_PETKME0526C22.50;PETKM_05/2026_AVRUPA_OPSIYON;D_EQ;SSO;D_EQ_ECP;DE_PETKM_ECP;PETKM.E;2026-05-25;2.08;2.03;2.46;2.12;1.7;2.12;1.7;1.7;227250;17212;101;2;101;101;;;;;
2026-04-24;O_PETKME0526C23.00;PETKM_05/2026_AVRUPA_OPSIYON;D_EQ;SSO;D_EQ_ECP;DE_PETKM_ECP;PETKM.E;2026-05-25;1.79;1.75;2.29;0;0;0;0;0;0;0;0;0;2;0;;;;;
2026-04-24;O_PETKME0526C23.50;PETKM_05/2026_AVRUPA_OPSIYON;D_EQ;SSO;D_EQ_ECP;DE_PETKM_ECP;PETKM.E;2026-05-25;1.52;1.49;2.01;0;0;0;0;0;0;0;0;0;50;0;;;;;
2026-04-24;O_PETKME0526C24.00;PETKM_05/2026_AVRUPA_OPSIYON;D_EQ;SSO;D_EQ_ECP;DE_PETKM_ECP;PETKM.E;2026-05-25;1.28;1.26;1.59;0;0;0;0;0;0;0;0;0;0;0;;;;;
2026-04-24;O_PETKME0526C24.50;PETKM_05/2026_AVRUPA_OPSIYON;D_EQ;SSO;D_EQ_ECP;DE_PETKM_ECP;PETKM.E;2026-05-25;1.07;1.05;1.9;0;0;0;0;0;0;0;0;0;0;0;;;;;
2026-04-24;O_PETKME0526C25.00;PETKM_05/2026_AVRUPA_OPSIYON;D_EQ;SSO;D_EQ_ECP;DE_PETKM_ECP;PETKM.E;2026-05-25;0.89;0.88;1.14;0;0;0;0;0;0;0;0;0;6500;0;;;;;
2026-04-24;O_PETKME0526C26.00;PETKM_05/2026_AVRUPA_OPSIYON;D_EQ;SSO;D_EQ_ECP;DE_PETKM_ECP;PETKM.E;2026-05-25;0.6;0.59;1.69;0;0;0;0;0;0;0;0;0;3036;0;;;;;
2026-04-24;O_PETKME0526C27.00;PETKM_05/2026_AVRUPA_OPSIYON;D_EQ;SSO;D_EQ_ECP;DE_PETKM_ECP;PETKM.E;2026-05-25;0.39;0.39;0;0;0;0;0;0;0;0;0;0;13;0;;;;;
2026-04-24;O_PETKME0526C28.00;PETKM_05/2026_AVRUPA_OPSIYON;D_EQ;SSO;D_EQ_ECP;DE_PETKM_ECP;PETKM.E;2026-05-25;0.24;0.25;-4;0;0;0;0;0;0;0;0;0;150;0;;;;;
2026-04-24;O_PETKME0526C29.00;PETKM_05/2026_AVRUPA_OPSIYON;D_EQ;SSO;D_EQ_ECP;DE_PETKM_ECP;PETKM.E;2026-05-25;0.15;0.15;0;0;0;0;0;0;0;0;0;0;230;0;;;;;
2026-04-24;O_PETKME0526P15.50;PETKM_05/2026_AVRUPA_OPSIYON;D_EQ;SSO;D_EQ_EPP;DE_PETKM_EPP;PETKM.E;2026-05-25;0.01;0.01;0;0;0;0;0;0;0;0;0;0;0;0;;;;;
2026-04-24;O_PETKME0526P16.00;PETKM_05/2026_AVRUPA_OPSIYON;D_EQ;SSO;D_EQ_EPP;DE_PETKM_EPP;PETKM.E;2026-05-25;0.01;0.01;0;0;0;0;0;0;0;0;0;0;0;0;;;;;
2026-04-24;O_PETKME0526P16.50;PETKM_05/2026_AVRUPA_OPSIYON;D_EQ;SSO;D_EQ_EPP;DE_PETKM_EPP;PETKM.E;2026-05-25;0.01;0.01;0;0;0;0;0;0;0;0;0;0;0;0;;;;;
2026-04-24;O_PETKME0526P17.00;PETKM_05/2026_AVRUPA_OPSIYON;D_EQ;SSO;D_EQ_EPP;DE_PETKM_EPP;PETKM.E;2026-05-25;0.01;0.01;0;0;0;0;0;0;0;0;0;0;0;0;;;;;
2026-04-24;O_PETKME0526P17.50;PETKM_05/2026_AVRUPA_OPSIYON;D_EQ;SSO;D_EQ_EPP;DE_PETKM_EPP;PETKM.E;2026-05-25;0.01;0.02;-50;0;0;0;0;0;0;0;0;0;0;0;;;;;
2026-04-24;O_PETKME0526P18.00;PETKM_05/2026_AVRUPA_OPSIYON;D_EQ;SSO;D_EQ_EPP;DE_PETKM_EPP;PETKM.E;2026-05-25;0.03;0.03;0;0;0;0;0;0;0;0;0;0;0;0;;;;;
2026-04-24;O_PETKME0526P18.50;PETKM_05/2026_AVRUPA_OPSIYON;D_EQ;SSO;D_EQ_EPP;DE_PETKM_EPP;PETKM.E;2026-05-25;0.04;0.05;-20;0;0;0;0;0;0;0;0;0;0;0;;;;;
2026-04-24;O_PETKME0526P19.00;PETKM_05/2026_AVRUPA_OPSIYON;D_EQ;SSO;D_EQ_EPP;DE_PETKM_EPP;PETKM.E;2026-05-25;0.07;0.08;-12.5;0;0;0;0;0;0;0;0;0;0;0;;;;;
2026-04-24;O_PETKME0526P19.50;PETKM_05/2026_AVRUPA_OPSIYON;D_EQ;SSO;D_EQ_EPP;DE_PETKM_EPP;PETKM.E;2026-05-25;0.1;0.12;-16.67;0;0;0;0;0;0;0;0;0;0;0;;;;;
2026-04-24;O_PETKME0526P20.00;PETKM_05/2026_AVRUPA_OPSIYON;D_EQ;SSO;D_EQ_EPP;DE_PETKM_EPP;PETKM.E;2026-05-25;0.15;0.18;-16.67;0;0;0;0;0;0;0;0;0;246;0;;;;;
2026-04-24;O_PETKME0526P20.50;PETKM_05/2026_AVRUPA_OPSIYON;D_EQ;SSO;D_EQ_EPP;DE_PETKM_EPP;PETKM.E;2026-05-25;0.22;0.25;-12;0;0;0;0;0;0;0;0;0;0;0;;;;;
2026-04-24;O_PETKME0526P21.00;PETKM_05/2026_AVRUPA_OPSIYON;D_EQ;SSO;D_EQ_EPP;DE_PETKM_EPP;PETKM.E;2026-05-25;0.3;0.35;-14.29;0;0;0;0;0;0;0;0;0;0;0;;;;;
2026-04-24;O_PETKME0526P21.50;PETKM_05/2026_AVRUPA_OPSIYON;D_EQ;SSO;D_EQ_EPP;DE_PETKM_EPP;PETKM.E;2026-05-25;0.41;0.46;-10.87;0;0;0;0;0;0;0;0;0;0;0;;;;;
2026-04-24;O_PETKME0526P22.00;PETKM_05/2026_AVRUPA_OPSIYON;D_EQ;SSO;D_EQ_EPP;DE_PETKM_EPP;PETKM.E;2026-05-25;0.55;0.6;-8.33;0;0;0;0;0;0;0;0;0;0;0;;;;;
2026-04-24;O_PETKME0526P22.50;PETKM_05/2026_AVRUPA_OPSIYON;D_EQ;SSO;D_EQ_EPP;DE_PETKM_EPP;PETKM.E;2026-05-25;0.71;0.77;-7.79;0;0;0;0;0;0;0;0;0;200;0;;;;;
2026-04-24;O_PETKME0526P23.00;PETKM_05/2026_AVRUPA_OPSIYON;D_EQ;SSO;D_EQ_EPP;DE_PETKM_EPP;PETKM.E;2026-05-25;0.9;0.97;-7.22;0;0;0;0;0;0;0;0;0;300;0;;;;;
2026-04-24;O_PETKME0526P23.50;PETKM_05/2026_AVRUPA_OPSIYON;D_EQ;SSO;D_EQ_EPP;DE_PETKM_EPP;PETKM.E;2026-05-25;1.11;1.19;-6.72;0;0;0;0;0;0;0;0;0;100;0;;;;;
2026-04-24;O_PETKME0526P24.00;PETKM_05/2026_AVRUPA_OPSIYON;D_EQ;SSO;D_EQ_EPP;DE_PETKM_EPP;PETKM.E;2026-05-25;1.36;1.45;-6.21;0;0;0;0;0;0;0;0;0;300;0;;;;;
2026-04-24;O_PETKME0526P24.50;PETKM_05/2026_AVRUPA_OPSIYON;D_EQ;SSO;D_EQ_EPP;DE_PETKM_EPP;PETKM.E;2026-05-25;1.64;1.73;-5.2;0;0;0;0;0;0;0;0;0;0;0;;;;;
2026-04-24;O_PETKME0626C21.50;PETKM_06/2026_AVRUPA_OPSIYON;D_EQ;SSO;D_EQ_ECP;DE_PETKM_ECP;PETKM.E;2026-06-30;3.98;3.9;2.05;0;0;0;0;0;0;0;0;0;0;0;;;;;
2026-04-24;O_PETKME0626C22.00;PETKM_06/2026_AVRUPA_OPSIYON;D_EQ;SSO;D_EQ_ECP;DE_PETKM_ECP;PETKM.E;2026-06-30;3.65;3.58;1.96;0;0;0;0;0;0;0;0;0;0;0;;;;;
2026-04-24;O_PETKME0626C22.50;PETKM_06/2026_AVRUPA_OPSIYON;D_EQ;SSO;D_EQ_ECP;DE_PETKM_ECP;PETKM.E;2026-06-30;3.33;3.27;1.83;0;0;0;0;0;0;0;0;0;0;0;;;;;
2026-04-24;O_PETKME0626C23.00;PETKM_06/2026_AVRUPA_OPSIYON;D_EQ;SSO;D_EQ_ECP;DE_PETKM_ECP;PETKM.E;2026-06-30;3.04;2.97;2.36;0;0;0;0;0;0;0;0;0;0;0;;;;;
2026-04-24;O_PETKME0626C23.50;PETKM_06/2026_AVRUPA_OPSIYON;D_EQ;SSO;D_EQ_ECP;DE_PETKM_ECP;PETKM.E;2026-06-30;2.76;2.7;2.22;0;0;0;0;0;0;0;0;0;0;0;;;;;
2026-04-24;O_PETKME0626C24.00;PETKM_06/2026_AVRUPA_OPSIYON;D_EQ;SSO;D_EQ_ECP;DE_PETKM_ECP;PETKM.E;2026-06-30;2.49;2.44;2.05;0;0;0;0;0;0;0;0;0;0;0;;;;;
2026-04-24;O_PETKME0626C24.50;PETKM_06/2026_AVRUPA_OPSIYON;D_EQ;SSO;D_EQ_ECP;DE_PETKM_ECP;PETKM.E;2026-06-30;2.25;2.2;2.27;0;0;0;0;0;0;0;0;0;0;0;;;;;
2026-04-24;O_PETKME0626C25.00;PETKM_06/2026_AVRUPA_OPSIYON;D_EQ;SSO;D_EQ_ECP;DE_PETKM_ECP;PETKM.E;2026-06-30;2.02;1.98;2.02;0;0;0;0;0;0;0;0;0;0;0;;;;;
2026-04-24;O_PETKME0626C26.00;PETKM_06/2026_AVRUPA_OPSIYON;D_EQ;SSO;D_EQ_ECP;DE_PETKM_ECP;PETKM.E;2026-06-30;1.62;1.59;1.89;0;0;0;0;0;0;0;0;0;0;0;;;;;
2026-04-24;O_PETKME0626C27.00;PETKM_06/2026_AVRUPA_OPSIYON;D_EQ;SSO;D_EQ_ECP;DE_PETKM_ECP;PETKM.E;2026-06-30;1.29;1.26;2.38;0;0;0;0;0;0;0;0;0;0;0;;;;;
2026-04-24;O_PETKME0626C28.00;PETKM_06/2026_AVRUPA_OPSIYON;D_EQ;SSO;D_EQ_ECP;DE_PETKM_ECP;PETKM.E;2026-06-30;1.01;0.99;2.02;0;0;0;0;0;0;0;0;0;0;0;;;;;
2026-04-24;O_PETKME0626C29.00;PETKM_06/2026_AVRUPA_OPSIYON;D_EQ;SSO;D_EQ_ECP;DE_PETKM_ECP;PETKM.E;2026-06-30;0.78;0.77;1.3;0;0;0;0;0;0;0;0;0;0;0;;;;;
2026-04-24;O_PETKME0626C30.00;PETKM_06/2026_AVRUPA_OPSIYON;D_EQ;SSO;D_EQ_ECP;DE_PETKM_ECP;PETKM.E;2026-06-30;0.6;0.59;1.69;0;0;0;0;0;0;0;0;0;0;0;;;;;
2026-04-24;O_PETKME0626C31.00;PETKM_06/2026_AVRUPA_OPSIYON;D_EQ;SSO;D_EQ_ECP;DE_PETKM_ECP;PETKM.E;2026-06-30;0.46;;0;0;0;0;0;0;0;0;0;0;0;0;;;;;
2026-04-24;O_PETKME0626P19.00;PETKM_06/2026_AVRUPA_OPSIYON;D_EQ;SSO;D_EQ_EPP;DE_PETKM_EPP;PETKM.E;2026-06-30;0.17;0.19;-10.53;0;0;0;0;0;0;0;0;0;0;0;;;;;
2026-04-24;O_PETKME0626P19.50;PETKM_06/2026_AVRUPA_OPSIYON;D_EQ;SSO;D_EQ_EPP;DE_PETKM_EPP;PETKM.E;2026-06-30;0.23;0.25;-8;0;0;0;0;0;0;0;0;0;0;0;;;;;
2026-04-24;O_PETKME0626P20.00;PETKM_06/2026_AVRUPA_OPSIYON;D_EQ;SSO;D_EQ_EPP;DE_PETKM_EPP;PETKM.E;2026-06-30;0.3;0.32;-6.25;0;0;0;0;0;0;0;0;0;0;0;;;;;
2026-04-24;O_PETKME0626P20.50;PETKM_06/2026_AVRUPA_OPSIYON;D_EQ;SSO;D_EQ_EPP;DE_PETKM_EPP;PETKM.E;2026-06-30;0.38;0.4;-5;0;0;0;0;0;0;0;0;0;0;0;;;;;
2026-04-24;O_PETKME0626P21.00;PETKM_06/2026_AVRUPA_OPSIYON;D_EQ;SSO;D_EQ_EPP;DE_PETKM_EPP;PETKM.E;2026-06-30;0.47;0.5;-6;0;0;0;0;0;0;0;0;0;0;0;;;;;
2026-04-24;O_PETKME0626P21.50;PETKM_06/2026_AVRUPA_OPSIYON;D_EQ;SSO;D_EQ_EPP;DE_PETKM_EPP;PETKM.E;2026-06-30;0.58;0.61;-4.92;0;0;0;0;0;0;0;0;0;0;0;;;;;
2026-04-24;O_PETKME0626P22.00;PETKM_06/2026_AVRUPA_OPSIYON;D_EQ;SSO;D_EQ_EPP;DE_PETKM_EPP;PETKM.E;2026-06-30;0.71;0.74;-4.05;0;0;0;0;0;0;0;0;0;0;0;;;;;
2026-04-24;O_PETKME0626P22.50;PETKM_06/2026_AVRUPA_OPSIYON;D_EQ;SSO;D_EQ_EPP;DE_PETKM_EPP;PETKM.E;2026-06-30;0.85;0.89;-4.49;0;0;0;0;0;0;0;0;0;0;0;;;;;
2026-04-24;O_PETKME0626P23.00;PETKM_06/2026_AVRUPA_OPSIYON;D_EQ;SSO;D_EQ_EPP;DE_PETKM_EPP;PETKM.E;2026-06-30;1.01;1.06;-4.72;0;0;0;0;0;0;0;0;0;0;0;;;;;
2026-04-24;O_PETKME0626P23.50;PETKM_06/2026_AVRUPA_OPSIYON;D_EQ;SSO;D_EQ_EPP;DE_PETKM_EPP;PETKM.E;2026-06-30;1.19;1.24;-4.03;0;0;0;0;0;0;0;0;0;0;0;;;;;
2026-04-24;O_PETKME0626P24.00;PETKM_06/2026_AVRUPA_OPSIYON;D_EQ;SSO;D_EQ_EPP;DE_PETKM_EPP;PETKM.E;2026-06-30;1.39;1.44;-3.47;0;0;0;0;0;0;0;0;0;0;0;;;;;
2026-04-24;O_PETKME0626P24.50;PETKM_06/2026_AVRUPA_OPSIYON;D_EQ;SSO;D_EQ_EPP;DE_PETKM_EPP;PETKM.E;2026-06-30;1.61;1.66;-3.01;0;0;0;0;0;0;0;0;0;0;0;;;;;
2026-04-24;O_PETKME0626P25.00;PETKM_06/2026_AVRUPA_OPSIYON;D_EQ;SSO;D_EQ_EPP;DE_PETKM_EPP;PETKM.E;2026-06-30;1.84;1.9;-3.16;0;0;0;0;0;0;0;0;0;0;0;;;;;
2026-04-24;O_PETKME0626P26.00;PETKM_06/2026_AVRUPA_OPSIYON;D_EQ;SSO;D_EQ_EPP;DE_PETKM_EPP;PETKM.E;2026-06-30;2.36;;0;0;0;0;0;0;0;0;0;0;0;0;;;;;
2026-04-24;O_PGSUSE0426C175.00;PGSUS_04/2026_AVRUPA_OPSIYON;D_EQ;SSO;D_EQ_ECP;DE_PGSUS_ECP;PGSUS.E;2026-04-30;15.37;16.93;-9.21;0;0;0;0;0;0;0;0;0;123;0;;;;;
2026-04-24;O_PGSUSE0426C180.00;PGSUS_04/2026_AVRUPA_OPSIYON;D_EQ;SSO;D_EQ_ECP;DE_PGSUS_ECP;PGSUS.E;2026-04-30;10.85;12.45;-12.85;0;0;0;0;0;0;0;0;0;132;0;;;;;
2026-04-24;O_PGSUSE0426C185.00;PGSUS_04/2026_AVRUPA_OPSIYON;D_EQ;SSO;D_EQ_ECP;DE_PGSUS_ECP;PGSUS.E;2026-04-30;6.93;8.52;-18.66;0;0;0;0;0;0;0;0;0;99;0;;;;;
2026-04-24;O_PGSUSE0426C190.00;PGSUS_04/2026_AVRUPA_OPSIYON;D_EQ;SSO;D_EQ_ECP;DE_PGSUS_ECP;PGSUS.E;2026-04-30;3.93;5.34;-26.4;3.51;3.51;3.51;3.51;3.51;19000;351;1;1;1641;0;;;;;
2026-04-24;O_PGSUSE0426C195.00;PGSUS_04/2026_AVRUPA_OPSIYON;D_EQ;SSO;D_EQ_ECP;DE_PGSUS_ECP;PGSUS.E;2026-04-30;1.94;3.04;-36.18;0;0;0;0;0;0;0;0;0;451;0;;;;;
2026-04-24;O_PGSUSE0426C200.00;PGSUS_04/2026_AVRUPA_OPSIYON;D_EQ;SSO;D_EQ_ECP;DE_PGSUS_ECP;PGSUS.E;2026-04-30;0.83;1.57;-47.13;0;0;0;0;0;0;0;0;0;1239;0;;;;;
2026-04-24;O_PGSUSE0426C205.00;PGSUS_04/2026_AVRUPA_OPSIYON;D_EQ;SSO;D_EQ_ECP;DE_PGSUS_ECP;PGSUS.E;2026-04-30;0.31;0.74;-58.11;0;0;0;0;0;0;0;0;0;1474;0;;;;;
2026-04-24;O_PGSUSE0426C210.00;PGSUS_04/2026_AVRUPA_OPSIYON;D_EQ;SSO;D_EQ_ECP;DE_PGSUS_ECP;PGSUS.E;2026-04-30;0.1;0.32;-68.75;0;0;0;0;0;0;0;0;0;735;0;;;;;
2026-04-24;O_PGSUSE0426C215.00;PGSUS_04/2026_AVRUPA_OPSIYON;D_EQ;SSO;D_EQ_ECP;DE_PGSUS_ECP;PGSUS.E;2026-04-30;0.03;0.13;-76.92;0;0;0;0;0;0;0;0;0;626;0;;;;;
2026-04-24;O_PGSUSE0426C220.00;PGSUS_04/2026_AVRUPA_OPSIYON;D_EQ;SSO;D_EQ_ECP;DE_PGSUS_ECP;PGSUS.E;2026-04-30;0.01;0.05;-80;0;0;0;0;0;0;0;0;0;1;0;;;;;
2026-04-24;O_PGSUSE0426C225.00;PGSUS_04/2026_AVRUPA_OPSIYON;D_EQ;SSO;D_EQ_ECP;DE_PGSUS_ECP;PGSUS.E;2026-04-30;0.01;0.02;-50;0;0;0;0;0;0;0;0;0;616;0;;;;;
2026-04-24;O_PGSUSE0426C230.00;PGSUS_04/2026_AVRUPA_OPSIYON;D_EQ;SSO;D_EQ_ECP;DE_PGSUS_ECP;PGSUS.E;2026-04-30;0.01;0.01;0;0;0;0;0;0;0;0;0;0;113;0;;;;;
2026-04-24;O_PGSUSE0426C235.00;PGSUS_04/2026_AVRUPA_OPSIYON;D_EQ;SSO;D_EQ_ECP;DE_PGSUS_ECP;PGSUS.E;2026-04-30;0.01;0.01;0;0;0;0;0;0;0;0;0;0;30;0;;;;;
2026-04-24;O_PGSUSE0426C240.00;PGSUS_04/2026_AVRUPA_OPSIYON;D_EQ;SSO;D_EQ_ECP;DE_PGSUS_ECP;PGSUS.E;2026-04-30;0.01;0.01;0;0;0;0;0;0;0;0;0;0;30;0;;;;;
2026-04-24;O_PGSUSE0426C245.00;PGSUS_04/2026_AVRUPA_OPSIYON;D_EQ;SSO;D_EQ_ECP;DE_PGSUS_ECP;PGSUS.E;2026-04-30;0.01;0.01;0;0;0;0;0;0;0;0;0;0;0;0;;;;;
2026-04-24;O_PGSUSE0426C250.00;PGSUS_04/2026_AVRUPA_OPSIYON;D_EQ;SSO;D_EQ_ECP;DE_PGSUS_ECP;PGSUS.E;2026-04-30;0.01;0.01;0;0;0;0;0;0;0;0;0;0;0;0;;;;;
2026-04-24;O_PGSUSE0426C260.00;PGSUS_04/2026_AVRUPA_OPSIYON;D_EQ;SSO;D_EQ_ECP;DE_PGSUS_ECP;PGSUS.E;2026-04-30;0.01;0.01;0;0;0;0;0;0;0;0;0;0;0;0;;;;;
2026-04-24;O_PGSUSE0426C270.00;PGSUS_04/2026_AVRUPA_OPSIYON;D_EQ;SSO;D_EQ_ECP;DE_PGSUS_ECP;PGSUS.E;2026-04-30;0.01;0.01;0;0;0;0;0;0;0;0;0;0;0;0;;;;;
2026-04-24;O_PGSUSE0426C280.00;PGSUS_04/2026_AVRUPA_OPSIYON;D_EQ;SSO;D_EQ_ECP;DE_PGSUS_ECP;PGSUS.E;2026-04-30;0.01;0.01;0;0;0;0;0;0;0;0;0;0;0;0;;;;;
2026-04-24;O_PGSUSE0426C290.00;PGSUS_04/2026_AVRUPA_OPSIYON;D_EQ;SSO;D_EQ_ECP;DE_PGSUS_ECP;PGSUS.E;2026-04-30;0.01;0.01;0;0;0;0;0;0;0;0;0;0;0;0;;;;;
2026-04-24;O_PGSUSE0426P150.00;PGSUS_04/2026_AVRUPA_OPSIYON;D_EQ;SSO;D_EQ_EPP;DE_PGSUS_EPP;PGSUS.E;2026-04-30;0.01;0.01;0;0;0;0;0;0;0;0;0;0;33;0;;;;;
2026-04-24;O_PGSUSE0426P155.00;PGSUS_04/2026_AVRUPA_OPSIYON;D_EQ;SSO;D_EQ_EPP;DE_PGSUS_EPP;PGSUS.E;2026-04-30;0.01;0.01;0;0;0;0;0;0;0;0;0;0;0;0;;;;;
2026-04-24;O_PGSUSE0426P160.00;PGSUS_04/2026_AVRUPA_OPSIYON;D_EQ;SSO;D_EQ_EPP;DE_PGSUS_EPP;PGSUS.E;2026-04-30;0.01;0.01;0;0;0;0;0;0;0;0;0;0;24;0;;;;;
2026-04-24;O_PGSUSE0426P165.00;PGSUS_04/2026_AVRUPA_OPSIYON;D_EQ;SSO;D_EQ_EPP;DE_PGSUS_EPP;PGSUS.E;2026-04-30;0.01;0.02;-50;0;0;0;0;0;0;0;0;0;23;0;;;;;
2026-04-24;O_PGSUSE0426P170.00;PGSUS_04/2026_AVRUPA_OPSIYON;D_EQ;SSO;D_EQ_EPP;DE_PGSUS_EPP;PGSUS.E;2026-04-30;0.04;0.08;-50;0;0;0;0;0;0;0;0;0;1235;0;;;;;
2026-04-24;O_PGSUSE0426P175.00;PGSUS_04/2026_AVRUPA_OPSIYON;D_EQ;SSO;D_EQ_EPP;DE_PGSUS_EPP;PGSUS.E;2026-04-30;0.18;0.28;-35.71;0;0;0;0;0;0;0;0;0;1142;0;;;;;
2026-04-24;O_PGSUSE0426P180.00;PGSUS_04/2026_AVRUPA_OPSIYON;D_EQ;SSO;D_EQ_EPP;DE_PGSUS_EPP;PGSUS.E;2026-04-30;0.63;0.76;-17.11;0;0;0;0;0;0;0;0;0;305;0;;;;;
2026-04-24;O_PGSUSE0426P185.00;PGSUS_04/2026_AVRUPA_OPSIYON;D_EQ;SSO;D_EQ_EPP;DE_PGSUS_EPP;PGSUS.E;2026-04-30;1.68;1.78;-5.62;0;0;0;0;0;0;0;0;0;538;0;;;;;
2026-04-24;O_PGSUSE0426P190.00;PGSUS_04/2026_AVRUPA_OPSIYON;D_EQ;SSO;D_EQ_EPP;DE_PGSUS_EPP;PGSUS.E;2026-04-30;3.64;3.56;2.25;0;0;0;0;0;0;0;0;0;93;0;;;;;
2026-04-24;O_PGSUSE0426P195.00;PGSUS_04/2026_AVRUPA_OPSIYON;D_EQ;SSO;D_EQ_EPP;DE_PGSUS_EPP;PGSUS.E;2026-04-30;6.62;6.23;6.26;0;0;0;0;0;0;0;0;0;218;0;;;;;
2026-04-24;O_PGSUSE0426P200.00;PGSUS_04/2026_AVRUPA_OPSIYON;D_EQ;SSO;D_EQ_EPP;DE_PGSUS_EPP;PGSUS.E;2026-04-30;10.48;9.71;7.93;0;0;0;0;0;0;0;0;0;2700;0;;;;;
2026-04-24;O_PGSUSE0426P205.00;PGSUS_04/2026_AVRUPA_OPSIYON;D_EQ;SSO;D_EQ_EPP;DE_PGSUS_EPP;PGSUS.E;2026-04-30;14.93;13.84;7.88;0;0;0;0;0;0;0;0;0;0;0;;;;;
2026-04-24;O_PGSUSE0426P210.00;PGSUS_04/2026_AVRUPA_OPSIYON;D_EQ;SSO;D_EQ_EPP;DE_PGSUS_EPP;PGSUS.E;2026-04-30;19.69;18.38;7.13;0;0;0;0;0;0;0;0;0;0;0;;;;;
2026-04-24;O_PGSUSE0426P215.00;PGSUS_04/2026_AVRUPA_OPSIYON;D_EQ;SSO;D_EQ_EPP;DE_PGSUS_EPP;PGSUS.E;2026-04-30;24.59;23.14;6.27;0;0;0;0;0;0;0;0;0;30;0;;;;;
2026-04-24;O_PGSUSE0426P220.00;PGSUS_04/2026_AVRUPA_OPSIYON;D_EQ;SSO;D_EQ_EPP;DE_PGSUS_EPP;PGSUS.E;2026-04-30;29.54;28.02;5.42;0;0;0;0;0;0;0;0;0;0;0;;;;;
2026-04-24;O_PGSUSE0426P225.00;PGSUS_04/2026_AVRUPA_OPSIYON;D_EQ;SSO;D_EQ_EPP;DE_PGSUS_EPP;PGSUS.E;2026-04-30;34.5;32.95;4.7;0;0;0;0;0;0;0;0;0;0;0;;;;;
2026-04-24;O_PGSUSE0426P230.00;PGSUS_04/2026_AVRUPA_OPSIYON;D_EQ;SSO;D_EQ_EPP;DE_PGSUS_EPP;PGSUS.E;2026-04-30;39.47;37.9;4.14;0;0;0;0;0;0;0;0;0;0;0;;;;;
2026-04-24;O_PGSUSE0426P235.00;PGSUS_04/2026_AVRUPA_OPSIYON;D_EQ;SSO;D_EQ_EPP;DE_PGSUS_EPP;PGSUS.E;2026-04-30;44.44;42.85;3.71;0;0;0;0;0;0;0;0;0;0;0;;;;;
2026-04-24;O_PGSUSE0426P240.00;PGSUS_04/2026_AVRUPA_OPSIYON;D_EQ;SSO;D_EQ_EPP;DE_PGSUS_EPP;PGSUS.E;2026-04-30;49.41;47.81;3.35;0;0;0;0;0;0;0;0;0;0;0;;;;;
2026-04-24;O_PGSUSE0426P245.00;PGSUS_04/2026_AVRUPA_OPSIYON;D_EQ;SSO;D_EQ_EPP;DE_PGSUS_EPP;PGSUS.E;2026-04-30;54.37;52.77;3.03;0;0;0;0;0;0;0;0;0;0;0;;;;;
2026-04-24;O_PGSUSE0526C180.00;PGSUS_05/2026_AVRUPA_OPSIYON;D_EQ;SSO;D_EQ_ECP;DE_PGSUS_ECP;PGSUS.E;2026-05-25;17.73;19.13;-7.32;0;0;0;0;0;0;0;0;0;0;0;;;;;
2026-04-24;O_PGSUSE0526C185.00;PGSUS_05/2026_AVRUPA_OPSIYON;D_EQ;SSO;D_EQ_ECP;DE_PGSUS_ECP;PGSUS.E;2026-05-25;14.3;15.61;-8.39;0;0;0;0;0;0;0;0;0;10;0;;;;;
2026-04-24;O_PGSUSE0526C190.00;PGSUS_05/2026_AVRUPA_OPSIYON;D_EQ;SSO;D_EQ_ECP;DE_PGSUS_ECP;PGSUS.E;2026-05-25;11.3;12.52;-9.74;10.11;10.11;10.25;10.25;10.22;950000;51110;50;4;50;40;;;;;
2026-04-24;O_PGSUSE0526C195.00;PGSUS_05/2026_AVRUPA_OPSIYON;D_EQ;SSO;D_EQ_ECP;DE_PGSUS_ECP;PGSUS.E;2026-05-25;8.74;9.84;-11.18;0;0;0;0;0;0;0;0;0;10;0;;;;;
2026-04-24;O_PGSUSE0526C200.00;PGSUS_05/2026_AVRUPA_OPSIYON;D_EQ;SSO;D_EQ_ECP;DE_PGSUS_ECP;PGSUS.E;2026-05-25;6.63;7.6;-12.76;0;0;0;0;0;0;0;0;0;20;0;;;;;
2026-04-24;O_PGSUSE0526C205.00;PGSUS_05/2026_AVRUPA_OPSIYON;D_EQ;SSO;D_EQ_ECP;DE_PGSUS_ECP;PGSUS.E;2026-05-25;4.92;5.76;-14.58;0;0;0;0;0;0;0;0;0;0;0;;;;;
2026-04-24;O_PGSUSE0526C210.00;PGSUS_05/2026_AVRUPA_OPSIYON;D_EQ;SSO;D_EQ_ECP;DE_PGSUS_ECP;PGSUS.E;2026-05-25;3.6;4.33;-16.86;0;0;0;0;0;0;0;0;0;1135;0;;;;;
2026-04-24;O_PGSUSE0526C215.00;PGSUS_05/2026_AVRUPA_OPSIYON;D_EQ;SSO;D_EQ_ECP;DE_PGSUS_ECP;PGSUS.E;2026-05-25;2.59;3.21;-19.31;0;0;0;0;0;0;0;0;0;9;0;;;;;
2026-04-24;O_PGSUSE0526C220.00;PGSUS_05/2026_AVRUPA_OPSIYON;D_EQ;SSO;D_EQ_ECP;DE_PGSUS_ECP;PGSUS.E;2026-05-25;1.83;2.35;-22.13;0;0;0;0;0;0;0;0;0;10;0;;;;;
2026-04-24;O_PGSUSE0526C225.00;PGSUS_05/2026_AVRUPA_OPSIYON;D_EQ;SSO;D_EQ_ECP;DE_PGSUS_ECP;PGSUS.E;2026-05-25;1.27;1.7;-25.29;0;0;0;0;0;0;0;0;0;68;0;;;;;
2026-04-24;O_PGSUSE0526C230.00;PGSUS_05/2026_AVRUPA_OPSIYON;D_EQ;SSO;D_EQ_ECP;DE_PGSUS_ECP;PGSUS.E;2026-05-25;0.87;1.22;-28.69;0;0;0;0;0;0;0;0;0;68;0;;;;;
2026-04-24;O_PGSUSE0526C235.00;PGSUS_05/2026_AVRUPA_OPSIYON;D_EQ;SSO;D_EQ_ECP;DE_PGSUS_ECP;PGSUS.E;2026-05-25;0.59;0.86;-31.4;0;0;0;0;0;0;0;0;0;400;0;;;;;
2026-04-24;O_PGSUSE0526C240.00;PGSUS_05/2026_AVRUPA_OPSIYON;D_EQ;SSO;D_EQ_ECP;DE_PGSUS_ECP;PGSUS.E;2026-05-25;0.39;0.61;-36.07;0;0;0;0;0;0;0;0;0;0;0;;;;;
2026-04-24;O_PGSUSE0526P155.00;PGSUS_05/2026_AVRUPA_OPSIYON;D_EQ;SSO;D_EQ_EPP;DE_PGSUS_EPP;PGSUS.E;2026-05-25;0.18;0.21;-14.29;0;0;0;0;0;0;0;0;0;0;0;;;;;
2026-04-24;O_PGSUSE0526P160.00;PGSUS_05/2026_AVRUPA_OPSIYON;D_EQ;SSO;D_EQ_EPP;DE_PGSUS_EPP;PGSUS.E;2026-05-25;0.35;0.39;-10.26;0;0;0;0;0;0;0;0;0;0;0;;;;;
2026-04-24;O_PGSUSE0526P165.00;PGSUS_05/2026_AVRUPA_OPSIYON;D_EQ;SSO;D_EQ_EPP;DE_PGSUS_EPP;PGSUS.E;2026-05-25;0.66;0.7;-5.71;0;0;0;0;0;0;0;0;0;0;0;;;;;
2026-04-24;O_PGSUSE0526P170.00;PGSUS_05/2026_AVRUPA_OPSIYON;D_EQ;SSO;D_EQ_EPP;DE_PGSUS_EPP;PGSUS.E;2026-05-25;1.14;1.17;-2.56;0;0;0;0;0;0;0;0;0;1;0;;;;;
2026-04-24;O_PGSUSE0526P175.00;PGSUS_05/2026_AVRUPA_OPSIYON;D_EQ;SSO;D_EQ_EPP;DE_PGSUS_EPP;PGSUS.E;2026-05-25;1.87;1.87;0;0;0;0;0;0;0;0;0;0;0;0;;;;;
2026-04-24;O_PGSUSE0526P180.00;PGSUS_05/2026_AVRUPA_OPSIYON;D_EQ;SSO;D_EQ_EPP;DE_PGSUS_EPP;PGSUS.E;2026-05-25;2.91;2.85;2.11;0;0;0;0;0;0;0;0;0;89;0;;;;;
2026-04-24;O_PGSUSE0526P185.00;PGSUS_05/2026_AVRUPA_OPSIYON;D_EQ;SSO;D_EQ_EPP;DE_PGSUS_EPP;PGSUS.E;2026-05-25;4.32;4.16;3.85;0;0;0;0;0;0;0;0;0;451;0;;;;;
2026-04-24;O_PGSUSE0526P190.00;PGSUS_05/2026_AVRUPA_OPSIYON;D_EQ;SSO;D_EQ_EPP;DE_PGSUS_EPP;PGSUS.E;2026-05-25;6.17;5.9;4.58;0;0;0;0;0;0;0;0;0;122;0;;;;;
2026-04-24;O_PGSUSE0526P195.00;PGSUS_05/2026_AVRUPA_OPSIYON;D_EQ;SSO;D_EQ_EPP;DE_PGSUS_EPP;PGSUS.E;2026-05-25;8.45;8.06;4.84;0;0;0;0;0;0;0;0;0;159;0;;;;;
2026-04-24;O_PGSUSE0526P200.00;PGSUS_05/2026_AVRUPA_OPSIYON;D_EQ;SSO;D_EQ_EPP;DE_PGSUS_EPP;PGSUS.E;2026-05-25;11.17;10.65;4.88;0;0;0;0;0;0;0;0;0;30;0;;;;;
2026-04-24;O_PGSUSE0526P205.00;PGSUS_05/2026_AVRUPA_OPSIYON;D_EQ;SSO;D_EQ_EPP;DE_PGSUS_EPP;PGSUS.E;2026-05-25;14.31;13.64;4.91;0;0;0;0;0;0;0;0;0;10;0;;;;;
2026-04-24;O_PGSUSE0526P210.00;PGSUS_05/2026_AVRUPA_OPSIYON;D_EQ;SSO;D_EQ_EPP;DE_PGSUS_EPP;PGSUS.E;2026-05-25;17.83;17.04;4.64;0;0;0;0;0;0;0;0;0;50;0;;;;;
2026-04-24;O_PGSUSE0526P215.00;PGSUS_05/2026_AVRUPA_OPSIYON;D_EQ;SSO;D_EQ_EPP;DE_PGSUS_EPP;PGSUS.E;2026-05-25;21.66;20.75;4.39;0;0;0;0;0;0;0;0;0;0;0;;;;;
2026-04-24;O_PGSUSE0626C185.00;PGSUS_06/2026_AVRUPA_OPSIYON;D_EQ;SSO;D_EQ_ECP;DE_PGSUS_ECP;PGSUS.E;2026-06-30;23.91;25.3;-5.49;0;0;0;0;0;0;0;0;0;0;0;;;;;
2026-04-24;O_PGSUSE0626C190.00;PGSUS_06/2026_AVRUPA_OPSIYON;D_EQ;SSO;D_EQ_ECP;DE_PGSUS_ECP;PGSUS.E;2026-06-30;20.75;22.06;-5.94;0;0;0;0;0;0;0;0;0;0;0;;;;;
2026-04-24;O_PGSUSE0626C195.00;PGSUS_06/2026_AVRUPA_OPSIYON;D_EQ;SSO;D_EQ_ECP;DE_PGSUS_ECP;PGSUS.E;2026-06-30;17.88;19.11;-6.44;0;0;0;0;0;0;0;0;0;0;0;;;;;
2026-04-24;O_PGSUSE0626C200.00;PGSUS_06/2026_AVRUPA_OPSIYON;D_EQ;SSO;D_EQ_ECP;DE_PGSUS_ECP;PGSUS.E;2026-06-30;15.28;16.44;-7.06;0;0;0;0;0;0;0;0;0;0;0;;;;;
2026-04-24;O_PGSUSE0626C205.00;PGSUS_06/2026_AVRUPA_OPSIYON;D_EQ;SSO;D_EQ_ECP;DE_PGSUS_ECP;PGSUS.E;2026-06-30;12.98;14.05;-7.62;0;0;0;0;0;0;0;0;0;0;0;;;;;
2026-04-24;O_PGSUSE0626C210.00;PGSUS_06/2026_AVRUPA_OPSIYON;D_EQ;SSO;D_EQ_ECP;DE_PGSUS_ECP;PGSUS.E;2026-06-30;10.94;11.94;-8.38;0;0;0;0;0;0;0;0;0;0;0;;;;;
2026-04-24;O_PGSUSE0626C215.00;PGSUS_06/2026_AVRUPA_OPSIYON;D_EQ;SSO;D_EQ_ECP;DE_PGSUS_ECP;PGSUS.E;2026-06-30;9.19;10.12;-9.19;0;0;0;0;0;0;0;0;0;0;0;;;;;
2026-04-24;O_PGSUSE0626C220.00;PGSUS_06/2026_AVRUPA_OPSIYON;D_EQ;SSO;D_EQ_ECP;DE_PGSUS_ECP;PGSUS.E;2026-06-30;7.67;8.56;-10.4;0;0;0;0;0;0;0;0;0;0;0;;;;;
2026-04-24;O_PGSUSE0626C225.00;PGSUS_06/2026_AVRUPA_OPSIYON;D_EQ;SSO;D_EQ_ECP;DE_PGSUS_ECP;PGSUS.E;2026-06-30;6.37;7.2;-11.53;0;0;0;0;0;0;0;0;0;0;0;;;;;
2026-04-24;O_PGSUSE0626C230.00;PGSUS_06/2026_AVRUPA_OPSIYON;D_EQ;SSO;D_EQ_ECP;DE_PGSUS_ECP;PGSUS.E;2026-06-30;5.26;6.04;-12.91;0;0;0;0;0;0;0;0;0;0;0;;;;;
2026-04-24;O_PGSUSE0626C235.00;PGSUS_06/2026_AVRUPA_OPSIYON;D_EQ;SSO;D_EQ_ECP;DE_PGSUS_ECP;PGSUS.E;2026-06-30;4.33;5.06;-14.43;0;0;0;0;0;0;0;0;0;0;0;;;;;
2026-04-24;O_PGSUSE0626C240.00;PGSUS_06/2026_AVRUPA_OPSIYON;D_EQ;SSO;D_EQ_ECP;DE_PGSUS_ECP;PGSUS.E;2026-06-30;3.55;4.22;-15.88;0;0;0;0;0;0;0;0;0;0;0;;;;;
2026-04-24;O_PGSUSE0626C245.00;PGSUS_06/2026_AVRUPA_OPSIYON;D_EQ;SSO;D_EQ_ECP;DE_PGSUS_ECP;PGSUS.E;2026-06-30;2.89;3.51;-17.66;0;0;0;0;0;0;0;0;0;0;0;;;;;
2026-04-24;O_PGSUSE0626P160.00;PGSUS_06/2026_AVRUPA_OPSIYON;D_EQ;SSO;D_EQ_EPP;DE_PGSUS_EPP;PGSUS.E;2026-06-30;0.91;0.96;-5.21;0;0;0;0;0;0;0;0;0;0;0;;;;;
2026-04-24;O_PGSUSE0626P165.00;PGSUS_06/2026_AVRUPA_OPSIYON;D_EQ;SSO;D_EQ_EPP;DE_PGSUS_EPP;PGSUS.E;2026-06-30;1.34;1.38;-2.9;0;0;0;0;0;0;0;0;0;0;0;;;;;
2026-04-24;O_PGSUSE0626P170.00;PGSUS_06/2026_AVRUPA_OPSIYON;D_EQ;SSO;D_EQ_EPP;DE_PGSUS_EPP;PGSUS.E;2026-06-30;1.93;1.95;-1.03;0;0;0;0;0;0;0;0;0;0;0;;;;;
2026-04-24;O_PGSUSE0626P175.00;PGSUS_06/2026_AVRUPA_OPSIYON;D_EQ;SSO;D_EQ_EPP;DE_PGSUS_EPP;PGSUS.E;2026-06-30;2.69;2.67;0.75;0;0;0;0;0;0;0;0;0;0;0;;;;;
2026-04-24;O_PGSUSE0626P180.00;PGSUS_06/2026_AVRUPA_OPSIYON;D_EQ;SSO;D_EQ_EPP;DE_PGSUS_EPP;PGSUS.E;2026-06-30;3.65;3.58;1.96;0;0;0;0;0;0;0;0;0;0;0;;;;;
2026-04-24;O_PGSUSE0626P185.00;PGSUS_06/2026_AVRUPA_OPSIYON;D_EQ;SSO;D_EQ_EPP;DE_PGSUS_EPP;PGSUS.E;2026-06-30;4.83;4.69;2.99;0;0;0;0;0;0;0;0;0;0;0;;;;;
2026-04-24;O_PGSUSE0626P190.00;PGSUS_06/2026_AVRUPA_OPSIYON;D_EQ;SSO;D_EQ_EPP;DE_PGSUS_EPP;PGSUS.E;2026-06-30;6.27;6.04;3.81;0;0;0;0;0;0;0;0;0;0;0;;;;;
2026-04-24;O_PGSUSE0626P195.00;PGSUS_06/2026_AVRUPA_OPSIYON;D_EQ;SSO;D_EQ_EPP;DE_PGSUS_EPP;PGSUS.E;2026-06-30;7.99;7.67;4.17;0;0;0;0;0;0;0;0;0;0;0;;;;;
2026-04-24;O_PGSUSE0626P200.00;PGSUS_06/2026_AVRUPA_OPSIYON;D_EQ;SSO;D_EQ_EPP;DE_PGSUS_EPP;PGSUS.E;2026-06-30;9.99;9.58;4.28;0;0;0;0;0;0;0;0;0;0;0;;;;;
2026-04-24;O_PGSUSE0626P205.00;PGSUS_06/2026_AVRUPA_OPSIYON;D_EQ;SSO;D_EQ_EPP;DE_PGSUS_EPP;PGSUS.E;2026-06-30;12.28;11.78;4.24;0;0;0;0;0;0;0;0;0;0;0;;;;;
2026-04-24;O_PGSUSE0626P210.00;PGSUS_06/2026_AVRUPA_OPSIYON;D_EQ;SSO;D_EQ_EPP;DE_PGSUS_EPP;PGSUS.E;2026-06-30;14.83;14.25;4.07;0;0;0;0;0;0;0;0;0;0;0;;;;;
2026-04-24;O_PGSUSE0626P215.00;PGSUS_06/2026_AVRUPA_OPSIYON;D_EQ;SSO;D_EQ_EPP;DE_PGSUS_EPP;PGSUS.E;2026-06-30;17.68;17.02;3.88;0;0;0;0;0;0;0;0;0;0;0;;;;;
2026-04-24;O_PGSUSE0626P220.00;PGSUS_06/2026_AVRUPA_OPSIYON;D_EQ;SSO;D_EQ_EPP;DE_PGSUS_EPP;PGSUS.E;2026-06-30;20.76;20.03;3.64;0;0;0;0;0;0;0;0;0;0;0;;;;;
2026-04-24;O_P_USDTRYKE0426C45000;FIZ. USDTRY_04/2026_AVRUPA_OPSIYON;D_CR;PCO;D_CR_ECP;DE_USDTRYKP_ECP;USDTRYKP.CX;2026-04-30;305.1;;0;0;0;0;0;0;0;0;0;0;0;0;;;;;
2026-04-24;O_P_USDTRYKE0426C45500;FIZ. USDTRY_04/2026_AVRUPA_OPSIYON;D_CR;PCO;D_CR_ECP;DE_USDTRYKP_ECP;USDTRYKP.CX;2026-04-30;94.2;136.5;-30.99;0;0;0;0;0;0;0;0;0;0;0;;;;;
2026-04-24;O_P_USDTRYKE0426C46000;FIZ. USDTRY_04/2026_AVRUPA_OPSIYON;D_CR;PCO;D_CR_ECP;DE_USDTRYKP_ECP;USDTRYKP.CX;2026-04-30;36.7;36.4;0.82;0;0;0;0;0;0;0;0;0;0;0;;;;;
2026-04-24;O_P_USDTRYKE0426P45000;FIZ. USDTRY_04/2026_AVRUPA_OPSIYON;D_CR;PCO;D_CR_EPP;DE_USDTRYKP_EPP;USDTRYKP.CX;2026-04-30;166.7;;0;0;0;0;0;0;0;0;0;0;0;0;;;;;
2026-04-24;O_P_USDTRYKE0426P45500;FIZ. USDTRY_04/2026_AVRUPA_OPSIYON;D_CR;PCO;D_CR_EPP;DE_USDTRYKP_EPP;USDTRYKP.CX;2026-04-30;453;454.6;-0.35;0;0;0;0;0;0;0;0;0;0;0;;;;;
2026-04-24;O_P_USDTRYKE0426P46000;FIZ. USDTRY_04/2026_AVRUPA_OPSIYON;D_CR;PCO;D_CR_EPP;DE_USDTRYKP_EPP;USDTRYKP.CX;2026-04-30;892.8;850.9;4.92;0;0;0;0;0;0;0;0;0;0;0;;;;;
2026-04-24;O_P_USDTRYKE0526C46500;FIZ. USDTRY_05/2026_AVRUPA_OPSIYON;D_CR;PCO;D_CR_ECP;DE_USDTRYKP_ECP;USDTRYKP.CX;2026-05-25;401.8;411.9;-2.45;0;0;0;0;0;0;0;0;0;0;0;;;;;
2026-04-24;O_P_USDTRYKE0526C47000;FIZ. USDTRY_05/2026_AVRUPA_OPSIYON;D_CR;PCO;D_CR_ECP;DE_USDTRYKP_ECP;USDTRYKP.CX;2026-05-25;322;330.1;-2.45;0;0;0;0;0;0;0;0;0;0;0;;;;;
2026-04-24;O_P_USDTRYKE0526P46500;FIZ. USDTRY_05/2026_AVRUPA_OPSIYON;D_CR;PCO;D_CR_EPP;DE_USDTRYKP_EPP;USDTRYKP.CX;2026-05-25;721.6;691.1;4.41;0;0;0;0;0;0;0;0;0;0;0;;;;;
2026-04-24;O_P_USDTRYKE0526P47000;FIZ. USDTRY_05/2026_AVRUPA_OPSIYON;D_CR;PCO;D_CR_EPP;DE_USDTRYKP_EPP;USDTRYKP.CX;2026-05-25;1128;1094.5;3.06;0;0;0;0;0;0;0;0;0;0;0;;;;;
2026-04-24;O_SAHOLE0426C100.00;SAHOL_04/2026_AVRUPA_OPSIYON;D_EQ;SSO;D_EQ_ECP;DE_SAHOL_ECP;SAHOL.E;2026-04-30;1.98;2.49;-20.48;0;0;0;0;0;0;0;0;0;3943;0;;;;;
2026-04-24;O_SAHOLE0426C105.00;SAHOL_04/2026_AVRUPA_OPSIYON;D_EQ;SSO;D_EQ_ECP;DE_SAHOL_ECP;SAHOL.E;2026-04-30;0.52;0.85;-38.82;0.4;0.38;0.4;0.38;0.39;8253000;31030;786;6;6000;0;;;;;
2026-04-24;O_SAHOLE0426C110.00;SAHOL_04/2026_AVRUPA_OPSIYON;D_EQ;SSO;D_EQ_ECP;DE_SAHOL_ECP;SAHOL.E;2026-04-30;0.09;0.21;-57.14;0;0;0;0;0;0;0;0;0;6551;0;;;;;
2026-04-24;O_SAHOLE0426C115.00;SAHOL_04/2026_AVRUPA_OPSIYON;D_EQ;SSO;D_EQ_ECP;DE_SAHOL_ECP;SAHOL.E;2026-04-30;0.01;0.04;-75;0;0;0;0;0;0;0;0;0;2617;0;;;;;
2026-04-24;O_SAHOLE0426C120.00;SAHOL_04/2026_AVRUPA_OPSIYON;D_EQ;SSO;D_EQ_ECP;DE_SAHOL_ECP;SAHOL.E;2026-04-30;0.01;0.01;0;0;0;0;0;0;0;0;0;0;1026;0;;;;;
2026-04-24;O_SAHOLE0426C125.00;SAHOL_04/2026_AVRUPA_OPSIYON;D_EQ;SSO;D_EQ_ECP;DE_SAHOL_ECP;SAHOL.E;2026-04-30;0.01;0.01;0;0;0;0;0;0;0;0;0;0;0;0;;;;;
2026-04-24;O_SAHOLE0426C130.00;SAHOL_04/2026_AVRUPA_OPSIYON;D_EQ;SSO;D_EQ_ECP;DE_SAHOL_ECP;SAHOL.E;2026-04-30;0.01;0.01;0;0;0;0;0;0;0;0;0;0;0;0;;;;;
2026-04-24;O_SAHOLE0426C135.00;SAHOL_04/2026_AVRUPA_OPSIYON;D_EQ;SSO;D_EQ_ECP;DE_SAHOL_ECP;SAHOL.E;2026-04-30;0.01;0.01;0;0;0;0;0;0;0;0;0;0;0;0;;;;;
2026-04-24;O_SAHOLE0426C140.00;SAHOL_04/2026_AVRUPA_OPSIYON;D_EQ;SSO;D_EQ_ECP;DE_SAHOL_ECP;SAHOL.E;2026-04-30;0.01;0.01;0;0;0;0;0;0;0;0;0;0;0;0;;;;;
2026-04-24;O_SAHOLE0426C145.00;SAHOL_04/2026_AVRUPA_OPSIYON;D_EQ;SSO;D_EQ_ECP;DE_SAHOL_ECP;SAHOL.E;2026-04-30;0.01;0.01;0;0;0;0;0;0;0;0;0;0;0;0;;;;;
2026-04-24;O_SAHOLE0426C150.00;SAHOL_04/2026_AVRUPA_OPSIYON;D_EQ;SSO;D_EQ_ECP;DE_SAHOL_ECP;SAHOL.E;2026-04-30;0.01;0.01;0;0;0;0;0;0;0;0;0;0;10;0;;;;;
2026-04-24;O_SAHOLE0426C90.00;SAHOL_04/2026_AVRUPA_OPSIYON;D_EQ;SSO;D_EQ_ECP;DE_SAHOL_ECP;SAHOL.E;2026-04-30;9.45;9.81;-3.67;0;0;0;0;0;0;0;0;0;1023;0;;;;;
2026-04-24;O_SAHOLE0426C92.00;SAHOL_04/2026_AVRUPA_OPSIYON;D_EQ;SSO;D_EQ_ECP;DE_SAHOL_ECP;SAHOL.E;2026-04-30;7.59;8.01;-5.24;0;0;0;0;0;0;0;0;0;1002;0;;;;;
2026-04-24;O_SAHOLE0426C94.00;SAHOL_04/2026_AVRUPA_OPSIYON;D_EQ;SSO;D_EQ_ECP;DE_SAHOL_ECP;SAHOL.E;2026-04-30;5.86;6.33;-7.42;0;0;0;0;0;0;0;0;0;1450;0;;;;;
2026-04-24;O_SAHOLE0426C96.00;SAHOL_04/2026_AVRUPA_OPSIYON;D_EQ;SSO;D_EQ_ECP;DE_SAHOL_ECP;SAHOL.E;2026-04-30;4.31;4.83;-10.77;0;0;0;0;0;0;0;0;0;2007;0;;;;;
2026-04-24;O_SAHOLE0426C98.00;SAHOL_04/2026_AVRUPA_OPSIYON;D_EQ;SSO;D_EQ_ECP;DE_SAHOL_ECP;SAHOL.E;2026-04-30;3.01;3.54;-14.97;2.72;2.72;2.72;2.72;2.72;294000;8160;30;3;2002;0;;;;;
2026-04-24;O_SAHOLE0426P100.00;SAHOL_04/2026_AVRUPA_OPSIYON;D_EQ;SSO;D_EQ_EPP;DE_SAHOL_EPP;SAHOL.E;2026-04-30;2.56;2.76;-7.25;2.04;2.04;2.04;2.04;2.04;1000000;20400;100;1;800;100;;;;;
2026-04-24;O_SAHOLE0426P105.00;SAHOL_04/2026_AVRUPA_OPSIYON;D_EQ;SSO;D_EQ_EPP;DE_SAHOL_EPP;SAHOL.E;2026-04-30;6.07;6.07;0;5.84;5.84;5.84;5.84;5.84;105000;5840;10;1;296;0;;;;;
2026-04-24;O_SAHOLE0426P110.00;SAHOL_04/2026_AVRUPA_OPSIYON;D_EQ;SSO;D_EQ_EPP;DE_SAHOL_EPP;SAHOL.E;2026-04-30;10.61;10.4;2.02;0;0;0;0;0;0;0;0;0;70;0;;;;;
2026-04-24;O_SAHOLE0426P115.00;SAHOL_04/2026_AVRUPA_OPSIYON;D_EQ;SSO;D_EQ_EPP;DE_SAHOL_EPP;SAHOL.E;2026-04-30;15.49;15.19;1.97;0;0;0;0;0;0;0;0;0;0;0;;;;;
2026-04-24;O_SAHOLE0426P120.00;SAHOL_04/2026_AVRUPA_OPSIYON;D_EQ;SSO;D_EQ_EPP;DE_SAHOL_EPP;SAHOL.E;2026-04-30;20.45;20.11;1.69;0;0;0;0;0;0;0;0;0;0;0;;;;;
2026-04-24;O_SAHOLE0426P125.00;SAHOL_04/2026_AVRUPA_OPSIYON;D_EQ;SSO;D_EQ_EPP;DE_SAHOL_EPP;SAHOL.E;2026-04-30;25.42;25.06;1.44;0;0;0;0;0;0;0;0;0;0;0;;;;;
2026-04-24;O_SAHOLE0426P80.00;SAHOL_04/2026_AVRUPA_OPSIYON;D_EQ;SSO;D_EQ_EPP;DE_SAHOL_EPP;SAHOL.E;2026-04-30;0.01;0.01;0;0;0;0;0;0;0;0;0;0;50;0;;;;;
2026-04-24;O_SAHOLE0426P82.00;SAHOL_04/2026_AVRUPA_OPSIYON;D_EQ;SSO;D_EQ_EPP;DE_SAHOL_EPP;SAHOL.E;2026-04-30;0.01;0.01;0;0;0;0;0;0;0;0;0;0;60;0;;;;;
2026-04-24;O_SAHOLE0426P84.00;SAHOL_04/2026_AVRUPA_OPSIYON;D_EQ;SSO;D_EQ_EPP;DE_SAHOL_EPP;SAHOL.E;2026-04-30;0.01;0.01;0;0;0;0;0;0;0;0;0;0;215;0;;;;;
2026-04-24;O_SAHOLE0426P86.00;SAHOL_04/2026_AVRUPA_OPSIYON;D_EQ;SSO;D_EQ_EPP;DE_SAHOL_EPP;SAHOL.E;2026-04-30;0.01;0.03;-66.67;0;0;0;0;0;0;0;0;0;1005;0;;;;;
2026-04-24;O_SAHOLE0426P88.00;SAHOL_04/2026_AVRUPA_OPSIYON;D_EQ;SSO;D_EQ_EPP;DE_SAHOL_EPP;SAHOL.E;2026-04-30;0.03;0.07;-57.14;0;0;0;0;0;0;0;0;0;1539;0;;;;;
2026-04-24;O_SAHOLE0426P90.00;SAHOL_04/2026_AVRUPA_OPSIYON;D_EQ;SSO;D_EQ_EPP;DE_SAHOL_EPP;SAHOL.E;2026-04-30;0.09;0.16;-43.75;0;0;0;0;0;0;0;0;0;1099;0;;;;;
2026-04-24;O_SAHOLE0426P92.00;SAHOL_04/2026_AVRUPA_OPSIYON;D_EQ;SSO;D_EQ_EPP;DE_SAHOL_EPP;SAHOL.E;2026-04-30;0.22;0.34;-35.29;0;0;0;0;0;0;0;0;0;2897;0;;;;;
2026-04-24;O_SAHOLE0426P94.00;SAHOL_04/2026_AVRUPA_OPSIYON;D_EQ;SSO;D_EQ_EPP;DE_SAHOL_EPP;SAHOL.E;2026-04-30;0.47;0.65;-27.69;0;0;0;0;0;0;0;0;0;316;0;;;;;
2026-04-24;O_SAHOLE0426P96.00;SAHOL_04/2026_AVRUPA_OPSIYON;D_EQ;SSO;D_EQ_EPP;DE_SAHOL_EPP;SAHOL.E;2026-04-30;0.91;1.13;-19.47;0;0;0;0;0;0;0;0;0;695;0;;;;;
2026-04-24;O_SAHOLE0426P98.00;SAHOL_04/2026_AVRUPA_OPSIYON;D_EQ;SSO;D_EQ_EPP;DE_SAHOL_EPP;SAHOL.E;2026-04-30;1.6;1.83;-12.57;0;0;0;0;0;0;0;0;0;636;0;;;;;
2026-04-24;O_SAHOLE0526C100.00;SAHOL_05/2026_AVRUPA_OPSIYON;D_EQ;SSO;D_EQ_ECP;DE_SAHOL_ECP;SAHOL.E;2026-05-25;6.11;6.47;-5.56;0;0;0;0;0;0;0;0;0;1;0;;;;;
2026-04-24;O_SAHOLE0526C105.00;SAHOL_05/2026_AVRUPA_OPSIYON;D_EQ;SSO;D_EQ_ECP;DE_SAHOL_ECP;SAHOL.E;2026-05-25;3.87;4.21;-8.08;0;0;0;0;0;0;0;0;0;150;0;;;;;
2026-04-24;O_SAHOLE0526C110.00;SAHOL_05/2026_AVRUPA_OPSIYON;D_EQ;SSO;D_EQ_ECP;DE_SAHOL_ECP;SAHOL.E;2026-05-25;2.32;2.59;-10.42;0;0;0;0;0;0;0;0;0;966;0;;;;;
2026-04-24;O_SAHOLE0526C115.00;SAHOL_05/2026_AVRUPA_OPSIYON;D_EQ;SSO;D_EQ_ECP;DE_SAHOL_ECP;SAHOL.E;2026-05-25;1.31;1.52;-13.82;0;0;0;0;0;0;0;0;0;1352;0;;;;;
2026-04-24;O_SAHOLE0526C120.00;SAHOL_05/2026_AVRUPA_OPSIYON;D_EQ;SSO;D_EQ_ECP;DE_SAHOL_ECP;SAHOL.E;2026-05-25;0.7;0.84;-16.67;0.42;0.42;0.42;0.42;0.42;1656000;5796;138;1;2594;138;;;;;
2026-04-24;O_SAHOLE0526C125.00;SAHOL_05/2026_AVRUPA_OPSIYON;D_EQ;SSO;D_EQ_ECP;DE_SAHOL_ECP;SAHOL.E;2026-05-25;0.36;0.45;-20;0;0;0;0;0;0;0;0;0;2110;0;;;;;
2026-04-24;O_SAHOLE0526C130.00;SAHOL_05/2026_AVRUPA_OPSIYON;D_EQ;SSO;D_EQ_ECP;DE_SAHOL_ECP;SAHOL.E;2026-05-25;0.17;0.23;-26.09;0;0;0;0;0;0;0;0;0;0;0;;;;;
2026-04-24;O_SAHOLE0526C135.00;SAHOL_05/2026_AVRUPA_OPSIYON;D_EQ;SSO;D_EQ_ECP;DE_SAHOL_ECP;SAHOL.E;2026-05-25;0.08;0.11;-27.27;0;0;0;0;0;0;0;0;0;0;0;;;;;
2026-04-24;O_SAHOLE0526C140.00;SAHOL_05/2026_AVRUPA_OPSIYON;D_EQ;SSO;D_EQ_ECP;DE_SAHOL_ECP;SAHOL.E;2026-05-25;0.04;0.05;-20;0;0;0;0;0;0;0;0;0;0;0;;;;;
2026-04-24;O_SAHOLE0526C92.00;SAHOL_05/2026_AVRUPA_OPSIYON;D_EQ;SSO;D_EQ_ECP;DE_SAHOL_ECP;SAHOL.E;2026-05-25;11.19;11.55;-3.12;0;0;0;0;0;0;0;0;0;30;0;;;;;
2026-04-24;O_SAHOLE0526C94.00;SAHOL_05/2026_AVRUPA_OPSIYON;D_EQ;SSO;D_EQ_ECP;DE_SAHOL_ECP;SAHOL.E;2026-05-25;9.75;10.12;-3.66;0;0;0;0;0;0;0;0;0;0;0;;;;;
2026-04-24;O_SAHOLE0526C96.00;SAHOL_05/2026_AVRUPA_OPSIYON;D_EQ;SSO;D_EQ_ECP;DE_SAHOL_ECP;SAHOL.E;2026-05-25;8.42;8.79;-4.21;0;0;0;0;0;0;0;0;0;200;0;;;;;
2026-04-24;O_SAHOLE0526C98.00;SAHOL_05/2026_AVRUPA_OPSIYON;D_EQ;SSO;D_EQ_ECP;DE_SAHOL_ECP;SAHOL.E;2026-05-25;7.2;7.58;-5.01;0;0;0;0;0;0;0;0;0;0;0;;;;;
2026-04-24;O_SAHOLE0526P100.00;SAHOL_05/2026_AVRUPA_OPSIYON;D_EQ;SSO;D_EQ_EPP;DE_SAHOL_EPP;SAHOL.E;2026-05-25;4.13;4.2;-1.67;0;0;0;0;0;0;0;0;0;700;0;;;;;
2026-04-24;O_SAHOLE0526P105.00;SAHOL_05/2026_AVRUPA_OPSIYON;D_EQ;SSO;D_EQ_EPP;DE_SAHOL_EPP;SAHOL.E;2026-05-25;6.74;6.76;-0.3;0;0;0;0;0;0;0;0;0;0;0;;;;;
2026-04-24;O_SAHOLE0526P110.00;SAHOL_05/2026_AVRUPA_OPSIYON;D_EQ;SSO;D_EQ_EPP;DE_SAHOL_EPP;SAHOL.E;2026-05-25;10.02;9.98;0.4;0;0;0;0;0;0;0;0;0;0;0;;;;;
2026-04-24;O_SAHOLE0526P115.00;SAHOL_05/2026_AVRUPA_OPSIYON;D_EQ;SSO;D_EQ_EPP;DE_SAHOL_EPP;SAHOL.E;2026-05-25;13.86;13.73;0.95;0;0;0;0;0;0;0;0;0;0;0;;;;;
2026-04-24;O_SAHOLE0526P82.00;SAHOL_05/2026_AVRUPA_OPSIYON;D_EQ;SSO;D_EQ_EPP;DE_SAHOL_EPP;SAHOL.E;2026-05-25;0.22;0.25;-12;0;0;0;0;0;0;0;0;0;0;0;;;;;
2026-04-24;O_SAHOLE0526P84.00;SAHOL_05/2026_AVRUPA_OPSIYON;D_EQ;SSO;D_EQ_EPP;DE_SAHOL_EPP;SAHOL.E;2026-05-25;0.34;0.38;-10.53;0;0;0;0;0;0;0;0;0;0;0;;;;;
2026-04-24;O_SAHOLE0526P86.00;SAHOL_05/2026_AVRUPA_OPSIYON;D_EQ;SSO;D_EQ_EPP;DE_SAHOL_EPP;SAHOL.E;2026-05-25;0.51;0.57;-10.53;0;0;0;0;0;0;0;0;0;0;0;;;;;
2026-04-24;O_SAHOLE0526P88.00;SAHOL_05/2026_AVRUPA_OPSIYON;D_EQ;SSO;D_EQ_EPP;DE_SAHOL_EPP;SAHOL.E;2026-05-25;0.75;0.81;-7.41;0;0;0;0;0;0;0;0;0;0;0;;;;;
2026-04-24;O_SAHOLE0526P90.00;SAHOL_05/2026_AVRUPA_OPSIYON;D_EQ;SSO;D_EQ_EPP;DE_SAHOL_EPP;SAHOL.E;2026-05-25;1.06;1.14;-7.02;0;0;0;0;0;0;0;0;0;2500;0;;;;;
2026-04-24;O_SAHOLE0526P92.00;SAHOL_05/2026_AVRUPA_OPSIYON;D_EQ;SSO;D_EQ_EPP;DE_SAHOL_EPP;SAHOL.E;2026-05-25;1.46;1.54;-5.19;0;0;0;0;0;0;0;0;0;0;0;;;;;
2026-04-24;O_SAHOLE0526P94.00;SAHOL_05/2026_AVRUPA_OPSIYON;D_EQ;SSO;D_EQ_EPP;DE_SAHOL_EPP;SAHOL.E;2026-05-25;1.96;2.05;-4.39;0;0;0;0;0;0;0;0;0;0;0;;;;;
2026-04-24;O_SAHOLE0526P96.00;SAHOL_05/2026_AVRUPA_OPSIYON;D_EQ;SSO;D_EQ_EPP;DE_SAHOL_EPP;SAHOL.E;2026-05-25;2.57;2.65;-3.02;0;0;0;0;0;0;0;0;0;0;0;;;;;
2026-04-24;O_SAHOLE0526P98.00;SAHOL_05/2026_AVRUPA_OPSIYON;D_EQ;SSO;D_EQ_EPP;DE_SAHOL_EPP;SAHOL.E;2026-05-25;3.29;3.37;-2.37;0;0;0;0;0;0;0;0;0;2;0;;;;;
2026-04-24;O_SAHOLE0626C100.00;SAHOL_06/2026_AVRUPA_OPSIYON;D_EQ;SSO;D_EQ_ECP;DE_SAHOL_ECP;SAHOL.E;2026-06-30;11.2;11.57;-3.2;0;0;0;0;0;0;0;0;0;0;0;;;;;
2026-04-24;O_SAHOLE0626C105.00;SAHOL_06/2026_AVRUPA_OPSIYON;D_EQ;SSO;D_EQ_ECP;DE_SAHOL_ECP;SAHOL.E;2026-06-30;8.62;8.98;-4.01;0;0;0;0;0;0;0;0;0;0;0;;;;;
2026-04-24;O_SAHOLE0626C110.00;SAHOL_06/2026_AVRUPA_OPSIYON;D_EQ;SSO;D_EQ_ECP;DE_SAHOL_ECP;SAHOL.E;2026-06-30;6.5;6.83;-4.83;0;0;0;0;0;0;0;0;0;0;0;;;;;
2026-04-24;O_SAHOLE0626C115.00;SAHOL_06/2026_AVRUPA_OPSIYON;D_EQ;SSO;D_EQ_ECP;DE_SAHOL_ECP;SAHOL.E;2026-06-30;4.8;5.1;-5.88;0;0;0;0;0;0;0;0;0;0;0;;;;;
2026-04-24;O_SAHOLE0626C120.00;SAHOL_06/2026_AVRUPA_OPSIYON;D_EQ;SSO;D_EQ_ECP;DE_SAHOL_ECP;SAHOL.E;2026-06-30;3.48;3.74;-6.95;0;0;0;0;0;0;0;0;0;0;0;;;;;
2026-04-24;O_SAHOLE0626C125.00;SAHOL_06/2026_AVRUPA_OPSIYON;D_EQ;SSO;D_EQ_ECP;DE_SAHOL_ECP;SAHOL.E;2026-06-30;2.47;2.69;-8.18;0;0;0;0;0;0;0;0;0;0;0;;;;;
2026-04-24;O_SAHOLE0626C130.00;SAHOL_06/2026_AVRUPA_OPSIYON;D_EQ;SSO;D_EQ_ECP;DE_SAHOL_ECP;SAHOL.E;2026-06-30;1.73;1.91;-9.42;0;0;0;0;0;0;0;0;0;0;0;;;;;
2026-04-24;O_SAHOLE0626C135.00;SAHOL_06/2026_AVRUPA_OPSIYON;D_EQ;SSO;D_EQ_ECP;DE_SAHOL_ECP;SAHOL.E;2026-06-30;1.19;1.34;-11.19;0;0;0;0;0;0;0;0;0;0;0;;;;;
2026-04-24;O_SAHOLE0626C140.00;SAHOL_06/2026_AVRUPA_OPSIYON;D_EQ;SSO;D_EQ_ECP;DE_SAHOL_ECP;SAHOL.E;2026-06-30;0.81;0.92;-11.96;0;0;0;0;0;0;0;0;0;0;0;;;;;
2026-04-24;O_SAHOLE0626C145.00;SAHOL_06/2026_AVRUPA_OPSIYON;D_EQ;SSO;D_EQ_ECP;DE_SAHOL_ECP;SAHOL.E;2026-06-30;0.54;0.63;-14.29;0;0;0;0;0;0;0;0;0;0;0;;;;;
2026-04-24;O_SAHOLE0626C96.00;SAHOL_06/2026_AVRUPA_OPSIYON;D_EQ;SSO;D_EQ_ECP;DE_SAHOL_ECP;SAHOL.E;2026-06-30;13.6;13.96;-2.58;0;0;0;0;0;0;0;0;0;0;0;;;;;
2026-04-24;O_SAHOLE0626C98.00;SAHOL_06/2026_AVRUPA_OPSIYON;D_EQ;SSO;D_EQ_ECP;DE_SAHOL_ECP;SAHOL.E;2026-06-30;12.37;12.73;-2.83;0;0;0;0;0;0;0;0;0;0;0;;;;;
2026-04-24;O_SAHOLE0626P100.00;SAHOL_06/2026_AVRUPA_OPSIYON;D_EQ;SSO;D_EQ_EPP;DE_SAHOL_EPP;SAHOL.E;2026-06-30;4.31;4.34;-0.69;0;0;0;0;0;0;0;0;0;0;0;;;;;
2026-04-24;O_SAHOLE0626P105.00;SAHOL_06/2026_AVRUPA_OPSIYON;D_EQ;SSO;D_EQ_EPP;DE_SAHOL_EPP;SAHOL.E;2026-06-30;6.32;6.33;-0.16;0;0;0;0;0;0;0;0;0;0;0;;;;;
2026-04-24;O_SAHOLE0626P110.00;SAHOL_06/2026_AVRUPA_OPSIYON;D_EQ;SSO;D_EQ_EPP;DE_SAHOL_EPP;SAHOL.E;2026-06-30;8.79;8.77;0.23;0;0;0;0;0;0;0;0;0;0;0;;;;;
2026-04-24;O_SAHOLE0626P115.00;SAHOL_06/2026_AVRUPA_OPSIYON;D_EQ;SSO;D_EQ_EPP;DE_SAHOL_EPP;SAHOL.E;2026-06-30;11.69;11.62;0.6;0;0;0;0;0;0;0;0;0;0;0;;;;;
2026-04-24;O_SAHOLE0626P120.00;SAHOL_06/2026_AVRUPA_OPSIYON;D_EQ;SSO;D_EQ_EPP;DE_SAHOL_EPP;SAHOL.E;2026-06-30;14.96;14.84;0.81;0;0;0;0;0;0;0;0;0;0;0;;;;;
2026-04-24;O_SAHOLE0626P86.00;SAHOL_06/2026_AVRUPA_OPSIYON;D_EQ;SSO;D_EQ_EPP;DE_SAHOL_EPP;SAHOL.E;2026-06-30;1;1.04;-3.85;0;0;0;0;0;0;0;0;0;0;0;;;;;
2026-04-24;O_SAHOLE0626P88.00;SAHOL_06/2026_AVRUPA_OPSIYON;D_EQ;SSO;D_EQ_EPP;DE_SAHOL_EPP;SAHOL.E;2026-06-30;1.29;1.33;-3.01;0;0;0;0;0;0;0;0;0;0;0;;;;;
2026-04-24;O_SAHOLE0626P90.00;SAHOL_06/2026_AVRUPA_OPSIYON;D_EQ;SSO;D_EQ_EPP;DE_SAHOL_EPP;SAHOL.E;2026-06-30;1.63;1.67;-2.4;0;0;0;0;0;0;0;0;0;0;0;;;;;
2026-04-24;O_SAHOLE0626P92.00;SAHOL_06/2026_AVRUPA_OPSIYON;D_EQ;SSO;D_EQ_EPP;DE_SAHOL_EPP;SAHOL.E;2026-06-30;2.03;2.07;-1.93;0;0;0;0;0;0;0;0;0;0;0;;;;;
2026-04-24;O_SAHOLE0626P94.00;SAHOL_06/2026_AVRUPA_OPSIYON;D_EQ;SSO;D_EQ_EPP;DE_SAHOL_EPP;SAHOL.E;2026-06-30;2.49;2.54;-1.97;0;0;0;0;0;0;0;0;0;0;0;;;;;
2026-04-24;O_SAHOLE0626P96.00;SAHOL_06/2026_AVRUPA_OPSIYON;D_EQ;SSO;D_EQ_EPP;DE_SAHOL_EPP;SAHOL.E;2026-06-30;3.03;3.07;-1.3;0;0;0;0;0;0;0;0;0;0;0;;;;;
2026-04-24;O_SAHOLE0626P98.00;SAHOL_06/2026_AVRUPA_OPSIYON;D_EQ;SSO;D_EQ_EPP;DE_SAHOL_EPP;SAHOL.E;2026-06-30;3.63;3.67;-1.09;0;0;0;0;0;0;0;0;0;0;0;;;;;
2026-04-24;O_SISEE0426C41.00;SISE_04/2026_AVRUPA_OPSIYON;D_EQ;SSO;D_EQ_ECP;DE_SISE_ECP;SISE.E;2026-04-30;7.14;6.75;5.78;0;0;0;0;0;0;0;0;0;1;0;;;;;
2026-04-24;O_SISEE0426C42.00;SISE_04/2026_AVRUPA_OPSIYON;D_EQ;SSO;D_EQ_ECP;DE_SISE_ECP;SISE.E;2026-04-30;6.14;5.76;6.6;0;0;0;0;0;0;0;0;0;2;0;;;;;
2026-04-24;O_SISEE0426C43.00;SISE_04/2026_AVRUPA_OPSIYON;D_EQ;SSO;D_EQ_ECP;DE_SISE_ECP;SISE.E;2026-04-30;5.16;4.8;7.5;0;0;0;0;0;0;0;0;0;984;0;;;;;
2026-04-24;O_SISEE0426C44.00;SISE_04/2026_AVRUPA_OPSIYON;D_EQ;SSO;D_EQ_ECP;DE_SISE_ECP;SISE.E;2026-04-30;4.18;3.86;8.29;0;0;0;0;0;0;0;0;0;209;0;;;;;
2026-04-24;O_SISEE0426C45.00;SISE_04/2026_AVRUPA_OPSIYON;D_EQ;SSO;D_EQ_ECP;DE_SISE_ECP;SISE.E;2026-04-30;3.25;2.97;9.43;0;0;0;0;0;0;0;0;0;100;0;;;;;
2026-04-24;O_SISEE0426C46.00;SISE_04/2026_AVRUPA_OPSIYON;D_EQ;SSO;D_EQ_ECP;DE_SISE_ECP;SISE.E;2026-04-30;2.38;2.18;9.17;0;0;0;0;0;0;0;0;0;527;0;;;;;
2026-04-24;O_SISEE0426C47.00;SISE_04/2026_AVRUPA_OPSIYON;D_EQ;SSO;D_EQ_ECP;DE_SISE_ECP;SISE.E;2026-04-30;1.63;1.51;7.95;0;0;0;0;0;0;0;0;0;2101;0;;;;;
2026-04-24;O_SISEE0426C48.00;SISE_04/2026_AVRUPA_OPSIYON;D_EQ;SSO;D_EQ_ECP;DE_SISE_ECP;SISE.E;2026-04-30;1.02;0.98;4.08;0;0;0;0;0;0;0;0;0;2000;0;;;;;
2026-04-24;O_SISEE0426C49.00;SISE_04/2026_AVRUPA_OPSIYON;D_EQ;SSO;D_EQ_ECP;DE_SISE_ECP;SISE.E;2026-04-30;0.59;0.6;-1.67;0;0;0;0;0;0;0;0;0;50;0;;;;;
2026-04-24;O_SISEE0426C50.00;SISE_04/2026_AVRUPA_OPSIYON;D_EQ;SSO;D_EQ_ECP;DE_SISE_ECP;SISE.E;2026-04-30;0.31;0.34;-8.82;0;0;0;0;0;0;0;0;0;3408;0;;;;;
2026-04-24;O_SISEE0426C52.00;SISE_04/2026_AVRUPA_OPSIYON;D_EQ;SSO;D_EQ_ECP;DE_SISE_ECP;SISE.E;2026-04-30;0.07;0.1;-30;0;0;0;0;0;0;0;0;0;992;0;;;;;
2026-04-24;O_SISEE0426C54.00;SISE_04/2026_AVRUPA_OPSIYON;D_EQ;SSO;D_EQ_ECP;DE_SISE_ECP;SISE.E;2026-04-30;0.01;0.02;-50;0;0;0;0;0;0;0;0;0;1950;0;;;;;
2026-04-24;O_SISEE0426C56.00;SISE_04/2026_AVRUPA_OPSIYON;D_EQ;SSO;D_EQ_ECP;DE_SISE_ECP;SISE.E;2026-04-30;0.01;0.01;0;0;0;0;0;0;0;0;0;0;0;0;;;;;
2026-04-24;O_SISEE0426C58.00;SISE_04/2026_AVRUPA_OPSIYON;D_EQ;SSO;D_EQ_ECP;DE_SISE_ECP;SISE.E;2026-04-30;0.01;0.01;0;0;0;0;0;0;0;0;0;0;0;0;;;;;
2026-04-24;O_SISEE0426C60.00;SISE_04/2026_AVRUPA_OPSIYON;D_EQ;SSO;D_EQ_ECP;DE_SISE_ECP;SISE.E;2026-04-30;0.01;0.01;0;0;0;0;0;0;0;0;0;0;0;0;;;;;
2026-04-24;O_SISEE0426C62.00;SISE_04/2026_AVRUPA_OPSIYON;D_EQ;SSO;D_EQ_ECP;DE_SISE_ECP;SISE.E;2026-04-30;0.01;0.01;0;0;0;0;0;0;0;0;0;0;0;0;;;;;
2026-04-24;O_SISEE0426C64.00;SISE_04/2026_AVRUPA_OPSIYON;D_EQ;SSO;D_EQ_ECP;DE_SISE_ECP;SISE.E;2026-04-30;0.01;0.01;0;0;0;0;0;0;0;0;0;0;0;0;;;;;
2026-04-24;O_SISEE0426C66.00;SISE_04/2026_AVRUPA_OPSIYON;D_EQ;SSO;D_EQ_ECP;DE_SISE_ECP;SISE.E;2026-04-30;0.01;0.01;0;0;0;0;0;0;0;0;0;0;0;0;;;;;
2026-04-24;O_SISEE0426P36.00;SISE_04/2026_AVRUPA_OPSIYON;D_EQ;SSO;D_EQ_EPP;DE_SISE_EPP;SISE.E;2026-04-30;0.01;0.01;0;0;0;0;0;0;0;0;0;0;3;0;;;;;
2026-04-24;O_SISEE0426P37.00;SISE_04/2026_AVRUPA_OPSIYON;D_EQ;SSO;D_EQ_EPP;DE_SISE_EPP;SISE.E;2026-04-30;0.01;0.01;0;0;0;0;0;0;0;0;0;0;5;0;;;;;
2026-04-24;O_SISEE0426P38.00;SISE_04/2026_AVRUPA_OPSIYON;D_EQ;SSO;D_EQ_EPP;DE_SISE_EPP;SISE.E;2026-04-30;0.01;0.01;0;0;0;0;0;0;0;0;0;0;5;0;;;;;
2026-04-24;O_SISEE0426P39.00;SISE_04/2026_AVRUPA_OPSIYON;D_EQ;SSO;D_EQ_EPP;DE_SISE_EPP;SISE.E;2026-04-30;0.01;0.01;0;0;0;0;0;0;0;0;0;0;5;0;;;;;
2026-04-24;O_SISEE0426P40.00;SISE_04/2026_AVRUPA_OPSIYON;D_EQ;SSO;D_EQ_EPP;DE_SISE_EPP;SISE.E;2026-04-30;0.01;0.01;0;0;0;0;0;0;0;0;0;0;11;0;;;;;
2026-04-24;O_SISEE0426P41.00;SISE_04/2026_AVRUPA_OPSIYON;D_EQ;SSO;D_EQ_EPP;DE_SISE_EPP;SISE.E;2026-04-30;0.01;0.01;0;0;0;0;0;0;0;0;0;0;11;0;;;;;
2026-04-24;O_SISEE0426P42.00;SISE_04/2026_AVRUPA_OPSIYON;D_EQ;SSO;D_EQ_EPP;DE_SISE_EPP;SISE.E;2026-04-30;0.01;0.01;0;0;0;0;0;0;0;0;0;0;109;0;;;;;
2026-04-24;O_SISEE0426P43.00;SISE_04/2026_AVRUPA_OPSIYON;D_EQ;SSO;D_EQ_EPP;DE_SISE_EPP;SISE.E;2026-04-30;0.01;0.04;-75;0;0;0;0;0;0;0;0;0;76;0;;;;;
2026-04-24;O_SISEE0426P44.00;SISE_04/2026_AVRUPA_OPSIYON;D_EQ;SSO;D_EQ_EPP;DE_SISE_EPP;SISE.E;2026-04-30;0.03;0.09;-66.67;0;0;0;0;0;0;0;0;0;25;0;;;;;
2026-04-24;O_SISEE0426P45.00;SISE_04/2026_AVRUPA_OPSIYON;D_EQ;SSO;D_EQ_EPP;DE_SISE_EPP;SISE.E;2026-04-30;0.09;0.2;-55;0;0;0;0;0;0;0;0;0;1375;0;;;;;
2026-04-24;O_SISEE0426P46.00;SISE_04/2026_AVRUPA_OPSIYON;D_EQ;SSO;D_EQ_EPP;DE_SISE_EPP;SISE.E;2026-04-30;0.21;0.4;-47.5;0;0;0;0;0;0;0;0;0;8861;0;;;;;
2026-04-24;O_SISEE0426P47.00;SISE_04/2026_AVRUPA_OPSIYON;D_EQ;SSO;D_EQ_EPP;DE_SISE_EPP;SISE.E;2026-04-30;0.45;0.72;-37.5;0;0;0;0;0;0;0;0;0;3512;0;;;;;
2026-04-24;O_SISEE0426P48.00;SISE_04/2026_AVRUPA_OPSIYON;D_EQ;SSO;D_EQ_EPP;DE_SISE_EPP;SISE.E;2026-04-30;0.85;1.18;-27.97;0;0;0;0;0;0;0;0;0;5040;0;;;;;
2026-04-24;O_SISEE0426P49.00;SISE_04/2026_AVRUPA_OPSIYON;D_EQ;SSO;D_EQ_EPP;DE_SISE_EPP;SISE.E;2026-04-30;1.41;1.79;-21.23;0;0;0;0;0;0;0;0;0;1044;0;;;;;
2026-04-24;O_SISEE0426P50.00;SISE_04/2026_AVRUPA_OPSIYON;D_EQ;SSO;D_EQ_EPP;DE_SISE_EPP;SISE.E;2026-04-30;2.12;2.53;-16.21;0;0;0;0;0;0;0;0;0;2712;0;;;;;
2026-04-24;O_SISEE0426P52.00;SISE_04/2026_AVRUPA_OPSIYON;D_EQ;SSO;D_EQ_EPP;DE_SISE_EPP;SISE.E;2026-04-30;3.86;4.27;-9.6;0;0;0;0;0;0;0;0;0;0;0;;;;;
2026-04-24;O_SISEE0426P54.00;SISE_04/2026_AVRUPA_OPSIYON;D_EQ;SSO;D_EQ_EPP;DE_SISE_EPP;SISE.E;2026-04-30;5.79;6.18;-6.31;0;0;0;0;0;0;0;0;0;0;0;;;;;
2026-04-24;O_SISEE0426P56.00;SISE_04/2026_AVRUPA_OPSIYON;D_EQ;SSO;D_EQ_EPP;DE_SISE_EPP;SISE.E;2026-04-30;7.77;8.14;-4.55;0;0;0;0;0;0;0;0;0;0;0;;;;;
2026-04-24;O_SISEE0526C42.00;SISE_05/2026_AVRUPA_OPSIYON;D_EQ;SSO;D_EQ_ECP;DE_SISE_ECP;SISE.E;2026-05-25;7.4;7.09;4.37;0;0;0;0;0;0;0;0;0;0;0;;;;;
2026-04-24;O_SISEE0526C43.00;SISE_05/2026_AVRUPA_OPSIYON;D_EQ;SSO;D_EQ_ECP;DE_SISE_ECP;SISE.E;2026-05-25;6.53;6.24;4.65;0;0;0;0;0;0;0;0;0;0;0;;;;;
2026-04-24;O_SISEE0526C44.00;SISE_05/2026_AVRUPA_OPSIYON;D_EQ;SSO;D_EQ_ECP;DE_SISE_ECP;SISE.E;2026-05-25;5.69;5.42;4.98;0;0;0;0;0;0;0;0;0;0;0;;;;;
2026-04-24;O_SISEE0526C45.00;SISE_05/2026_AVRUPA_OPSIYON;D_EQ;SSO;D_EQ_ECP;DE_SISE_ECP;SISE.E;2026-05-25;4.9;4.65;5.38;0;0;0;0;0;0;0;0;0;3;0;;;;;
2026-04-24;O_SISEE0526C46.00;SISE_05/2026_AVRUPA_OPSIYON;D_EQ;SSO;D_EQ_ECP;DE_SISE_ECP;SISE.E;2026-05-25;4.15;3.93;5.6;0;0;0;0;0;0;0;0;0;200;0;;;;;
2026-04-24;O_SISEE0526C47.00;SISE_05/2026_AVRUPA_OPSIYON;D_EQ;SSO;D_EQ_ECP;DE_SISE_ECP;SISE.E;2026-05-25;3.48;3.29;5.78;0;0;0;0;0;0;0;0;0;75;0;;;;;
2026-04-24;O_SISEE0526C48.00;SISE_05/2026_AVRUPA_OPSIYON;D_EQ;SSO;D_EQ_ECP;DE_SISE_ECP;SISE.E;2026-05-25;2.87;2.71;5.9;0;0;0;0;0;0;0;0;0;0;0;;;;;
2026-04-24;O_SISEE0526C49.00;SISE_05/2026_AVRUPA_OPSIYON;D_EQ;SSO;D_EQ_ECP;DE_SISE_ECP;SISE.E;2026-05-25;2.34;2.21;5.88;0;0;0;0;0;0;0;0;0;0;0;;;;;
2026-04-24;O_SISEE0526C50.00;SISE_05/2026_AVRUPA_OPSIYON;D_EQ;SSO;D_EQ_ECP;DE_SISE_ECP;SISE.E;2026-05-25;1.88;1.79;5.03;0;0;0;0;0;0;0;0;0;1300;0;;;;;
2026-04-24;O_SISEE0526C52.00;SISE_05/2026_AVRUPA_OPSIYON;D_EQ;SSO;D_EQ_ECP;DE_SISE_ECP;SISE.E;2026-05-25;1.18;1.15;2.61;0;0;0;0;0;0;0;0;0;0;0;;;;;
2026-04-24;O_SISEE0526C54.00;SISE_05/2026_AVRUPA_OPSIYON;D_EQ;SSO;D_EQ_ECP;DE_SISE_ECP;SISE.E;2026-05-25;0.72;0.73;-1.37;0;0;0;0;0;0;0;0;0;0;0;;;;;
2026-04-24;O_SISEE0526C56.00;SISE_05/2026_AVRUPA_OPSIYON;D_EQ;SSO;D_EQ_ECP;DE_SISE_ECP;SISE.E;2026-05-25;0.43;0.46;-6.52;0;0;0;0;0;0;0;0;0;1000;0;;;;;
2026-04-24;O_SISEE0526C58.00;SISE_05/2026_AVRUPA_OPSIYON;D_EQ;SSO;D_EQ_ECP;DE_SISE_ECP;SISE.E;2026-05-25;0.25;0.29;-13.79;0;0;0;0;0;0;0;0;0;2850;0;;;;;
2026-04-24;O_SISEE0526C60.00;SISE_05/2026_AVRUPA_OPSIYON;D_EQ;SSO;D_EQ_ECP;DE_SISE_ECP;SISE.E;2026-05-25;0.14;0.19;-26.32;0;0;0;0;0;0;0;0;0;0;0;;;;;
2026-04-24;O_SISEE0526C62.00;SISE_05/2026_AVRUPA_OPSIYON;D_EQ;SSO;D_EQ_ECP;DE_SISE_ECP;SISE.E;2026-05-25;0.08;0.12;-33.33;0;0;0;0;0;0;0;0;0;0;0;;;;;
2026-04-24;O_SISEE0526C64.00;SISE_05/2026_AVRUPA_OPSIYON;D_EQ;SSO;D_EQ_ECP;DE_SISE_ECP;SISE.E;2026-05-25;0.05;0.08;-37.5;0;0;0;0;0;0;0;0;0;0;0;;;;;
2026-04-24;O_SISEE0526P37.00;SISE_05/2026_AVRUPA_OPSIYON;D_EQ;SSO;D_EQ_EPP;DE_SISE_EPP;SISE.E;2026-05-25;0.01;0.03;-66.67;0;0;0;0;0;0;0;0;0;0;0;;;;;
2026-04-24;O_SISEE0526P38.00;SISE_05/2026_AVRUPA_OPSIYON;D_EQ;SSO;D_EQ_EPP;DE_SISE_EPP;SISE.E;2026-05-25;0.03;0.05;-40;0;0;0;0;0;0;0;0;0;0;0;;;;;
2026-04-24;O_SISEE0526P39.00;SISE_05/2026_AVRUPA_OPSIYON;D_EQ;SSO;D_EQ_EPP;DE_SISE_EPP;SISE.E;2026-05-25;0.04;0.08;-50;0;0;0;0;0;0;0;0;0;0;0;;;;;
2026-04-24;O_SISEE0526P40.00;SISE_05/2026_AVRUPA_OPSIYON;D_EQ;SSO;D_EQ_EPP;DE_SISE_EPP;SISE.E;2026-05-25;0.07;0.12;-41.67;0;0;0;0;0;0;0;0;0;0;0;;;;;
2026-04-24;O_SISEE0526P41.00;SISE_05/2026_AVRUPA_OPSIYON;D_EQ;SSO;D_EQ_EPP;DE_SISE_EPP;SISE.E;2026-05-25;0.12;0.18;-33.33;0;0;0;0;0;0;0;0;0;0;0;;;;;
2026-04-24;O_SISEE0526P42.00;SISE_05/2026_AVRUPA_OPSIYON;D_EQ;SSO;D_EQ_EPP;DE_SISE_EPP;SISE.E;2026-05-25;0.19;0.27;-29.63;0;0;0;0;0;0;0;0;0;0;0;;;;;
2026-04-24;O_SISEE0526P43.00;SISE_05/2026_AVRUPA_OPSIYON;D_EQ;SSO;D_EQ_EPP;DE_SISE_EPP;SISE.E;2026-05-25;0.28;0.38;-26.32;0;0;0;0;0;0;0;0;0;0;0;;;;;
2026-04-24;O_SISEE0526P44.00;SISE_05/2026_AVRUPA_OPSIYON;D_EQ;SSO;D_EQ_EPP;DE_SISE_EPP;SISE.E;2026-05-25;0.41;0.54;-24.07;0;0;0;0;0;0;0;0;0;0;0;;;;;
2026-04-24;O_SISEE0526P45.00;SISE_05/2026_AVRUPA_OPSIYON;D_EQ;SSO;D_EQ_EPP;DE_SISE_EPP;SISE.E;2026-05-25;0.59;0.73;-19.18;0;0;0;0;0;0;0;0;0;0;0;;;;;
2026-04-24;O_SISEE0526P46.00;SISE_05/2026_AVRUPA_OPSIYON;D_EQ;SSO;D_EQ_EPP;DE_SISE_EPP;SISE.E;2026-05-25;0.81;0.98;-17.35;0;0;0;0;0;23000000;315000;5000;2;2500;2500;;;;;
2026-04-24;O_SISEE0526P47.00;SISE_05/2026_AVRUPA_OPSIYON;D_EQ;SSO;D_EQ_EPP;DE_SISE_EPP;SISE.E;2026-05-25;1.1;1.3;-15.38;0;0;0;0;0;0;0;0;0;0;0;;;;;
2026-04-24;O_SISEE0526P48.00;SISE_05/2026_AVRUPA_OPSIYON;D_EQ;SSO;D_EQ_EPP;DE_SISE_EPP;SISE.E;2026-05-25;1.47;1.69;-13.02;1.07;1.02;1.07;1.02;1.05;2400000;52250;500;2;505;500;;;;;
2026-04-24;O_SISEE0526P49.00;SISE_05/2026_AVRUPA_OPSIYON;D_EQ;SSO;D_EQ_EPP;DE_SISE_EPP;SISE.E;2026-05-25;1.9;2.16;-12.04;0;0;0;0;0;0;0;0;0;0;0;;;;;
2026-04-24;O_SISEE0526P50.00;SISE_05/2026_AVRUPA_OPSIYON;D_EQ;SSO;D_EQ_EPP;DE_SISE_EPP;SISE.E;2026-05-25;2.41;2.7;-10.74;0;0;0;0;0;0;0;0;0;0;0;;;;;
2026-04-24;O_SISEE0526P52.00;SISE_05/2026_AVRUPA_OPSIYON;D_EQ;SSO;D_EQ_EPP;DE_SISE_EPP;SISE.E;2026-05-25;3.65;3.99;-8.52;0;0;0;0;0;0;0;0;0;0;0;;;;;
2026-04-24;O_SISEE0526P54.00;SISE_05/2026_AVRUPA_OPSIYON;D_EQ;SSO;D_EQ_EPP;DE_SISE_EPP;SISE.E;2026-05-25;5.12;5.51;-7.08;0;0;0;0;0;0;0;0;0;0;0;;;;;
2026-04-24;O_SISEE0626C47.00;SISE_06/2026_AVRUPA_OPSIYON;D_EQ;SSO;D_EQ_ECP;DE_SISE_ECP;SISE.E;2026-06-30;5.91;5.68;4.05;0;0;0;0;0;0;0;0;0;0;0;;;;;
2026-04-24;O_SISEE0626C48.00;SISE_06/2026_AVRUPA_OPSIYON;D_EQ;SSO;D_EQ_ECP;DE_SISE_ECP;SISE.E;2026-06-30;5.26;5.05;4.16;0;0;0;0;0;0;0;0;0;0;0;;;;;
2026-04-24;O_SISEE0626C49.00;SISE_06/2026_AVRUPA_OPSIYON;D_EQ;SSO;D_EQ_ECP;DE_SISE_ECP;SISE.E;2026-06-30;4.67;4.48;4.24;0;0;0;0;0;0;0;0;0;0;0;;;;;
2026-04-24;O_SISEE0626C50.00;SISE_06/2026_AVRUPA_OPSIYON;D_EQ;SSO;D_EQ_ECP;DE_SISE_ECP;SISE.E;2026-06-30;4.12;3.95;4.3;0;0;0;0;0;0;0;0;0;0;0;;;;;
2026-04-24;O_SISEE0626C52.00;SISE_06/2026_AVRUPA_OPSIYON;D_EQ;SSO;D_EQ_ECP;DE_SISE_ECP;SISE.E;2026-06-30;3.17;3.05;3.93;0;0;0;0;0;0;0;0;0;0;0;;;;;
2026-04-24;O_SISEE0626C54.00;SISE_06/2026_AVRUPA_OPSIYON;D_EQ;SSO;D_EQ_ECP;DE_SISE_ECP;SISE.E;2026-06-30;2.42;2.37;2.11;0;0;0;0;0;0;0;0;0;0;0;;;;;
2026-04-24;O_SISEE0626C56.00;SISE_06/2026_AVRUPA_OPSIYON;D_EQ;SSO;D_EQ_ECP;DE_SISE_ECP;SISE.E;2026-06-30;1.84;1.85;-0.54;0;0;0;0;0;0;0;0;0;0;0;;;;;
2026-04-24;O_SISEE0626C58.00;SISE_06/2026_AVRUPA_OPSIYON;D_EQ;SSO;D_EQ_ECP;DE_SISE_ECP;SISE.E;2026-06-30;1.39;1.44;-3.47;0;0;0;0;0;0;0;0;0;0;0;;;;;
2026-04-24;O_SISEE0626C60.00;SISE_06/2026_AVRUPA_OPSIYON;D_EQ;SSO;D_EQ_ECP;DE_SISE_ECP;SISE.E;2026-06-30;1.05;1.13;-7.08;0;0;0;0;0;0;0;0;0;0;0;;;;;
2026-04-24;O_SISEE0626C62.00;SISE_06/2026_AVRUPA_OPSIYON;D_EQ;SSO;D_EQ_ECP;DE_SISE_ECP;SISE.E;2026-06-30;0.79;0.9;-12.22;0;0;0;0;0;0;0;0;0;0;0;;;;;
2026-04-24;O_SISEE0626C64.00;SISE_06/2026_AVRUPA_OPSIYON;D_EQ;SSO;D_EQ_ECP;DE_SISE_ECP;SISE.E;2026-06-30;0.59;0.71;-16.9;0;0;0;0;0;0;0;0;0;0;0;;;;;
2026-04-24;O_SISEE0626P42.00;SISE_06/2026_AVRUPA_OPSIYON;D_EQ;SSO;D_EQ_EPP;DE_SISE_EPP;SISE.E;2026-06-30;0.37;0.48;-22.92;0;0;0;0;0;0;0;0;0;0;0;;;;;
2026-04-24;O_SISEE0626P43.00;SISE_06/2026_AVRUPA_OPSIYON;D_EQ;SSO;D_EQ_EPP;DE_SISE_EPP;SISE.E;2026-06-30;0.49;0.61;-19.67;0;0;0;0;0;0;0;0;0;0;0;;;;;
2026-04-24;O_SISEE0626P44.00;SISE_06/2026_AVRUPA_OPSIYON;D_EQ;SSO;D_EQ_EPP;DE_SISE_EPP;SISE.E;2026-06-30;0.63;0.75;-16;0;0;0;0;0;0;0;0;0;0;0;;;;;
2026-04-24;O_SISEE0626P45.00;SISE_06/2026_AVRUPA_OPSIYON;D_EQ;SSO;D_EQ_EPP;DE_SISE_EPP;SISE.E;2026-06-30;0.79;0.93;-15.05;0;0;0;0;0;0;0;0;0;0;0;;;;;
2026-04-24;O_SISEE0626P46.00;SISE_06/2026_AVRUPA_OPSIYON;D_EQ;SSO;D_EQ_EPP;DE_SISE_EPP;SISE.E;2026-06-30;0.99;1.13;-12.39;0;0;0;0;0;0;0;0;0;0;0;;;;;
2026-04-24;O_SISEE0626P47.00;SISE_06/2026_AVRUPA_OPSIYON;D_EQ;SSO;D_EQ_EPP;DE_SISE_EPP;SISE.E;2026-06-30;1.22;1.37;-10.95;0;0;0;0;0;0;0;0;0;0;0;;;;;
2026-04-24;O_SISEE0626P48.00;SISE_06/2026_AVRUPA_OPSIYON;D_EQ;SSO;D_EQ_EPP;DE_SISE_EPP;SISE.E;2026-06-30;1.49;1.65;-9.7;0;0;0;0;0;0;0;0;0;0;0;;;;;
2026-04-24;O_SISEE0626P49.00;SISE_06/2026_AVRUPA_OPSIYON;D_EQ;SSO;D_EQ_EPP;DE_SISE_EPP;SISE.E;2026-06-30;1.82;2;-9;0;0;0;0;0;0;0;0;0;0;0;;;;;
2026-04-24;O_SISEE0626P50.00;SISE_06/2026_AVRUPA_OPSIYON;D_EQ;SSO;D_EQ_EPP;DE_SISE_EPP;SISE.E;2026-06-30;2.19;2.38;-7.98;0;0;0;0;0;0;0;0;0;0;0;;;;;
2026-04-24;O_SISEE0626P52.00;SISE_06/2026_AVRUPA_OPSIYON;D_EQ;SSO;D_EQ_EPP;DE_SISE_EPP;SISE.E;2026-06-30;3.08;3.32;-7.23;0;0;0;0;0;0;0;0;0;0;0;;;;;
2026-04-24;O_SISEE0626P54.00;SISE_06/2026_AVRUPA_OPSIYON;D_EQ;SSO;D_EQ_EPP;DE_SISE_EPP;SISE.E;2026-06-30;4.16;4.47;-6.94;0;0;0;0;0;0;0;0;0;0;0;;;;;
2026-04-24;O_TAVHLE0426C290.00;TAVHL_04/2026_AVRUPA_OPSIYON;D_EQ;SSO;D_EQ_ECP;DE_TAVHL_ECP;TAVHL.E;2026-04-30;20.73;21.69;-4.43;0;0;0;0;0;0;0;0;0;50;0;;;;;
2026-04-24;O_TAVHLE0426C300.00;TAVHL_04/2026_AVRUPA_OPSIYON;D_EQ;SSO;D_EQ_ECP;DE_TAVHL_ECP;TAVHL.E;2026-04-30;12.52;13.75;-8.95;0;0;0;0;0;0;0;0;0;30;0;;;;;
2026-04-24;O_TAVHLE0426C310.00;TAVHL_04/2026_AVRUPA_OPSIYON;D_EQ;SSO;D_EQ_ECP;DE_TAVHL_ECP;TAVHL.E;2026-04-30;6.39;7.66;-16.58;6.65;6.65;6.65;6.65;6.65;1798000;38570;58;1;34;-58;;;;;
2026-04-24;O_TAVHLE0426C320.00;TAVHL_04/2026_AVRUPA_OPSIYON;D_EQ;SSO;D_EQ_ECP;DE_TAVHL_ECP;TAVHL.E;2026-04-30;2.67;3.69;-27.64;0;0;0;0;0;0;0;0;0;2;0;;;;;
2026-04-24;O_TAVHLE0426C330.00;TAVHL_04/2026_AVRUPA_OPSIYON;D_EQ;SSO;D_EQ_ECP;DE_TAVHL_ECP;TAVHL.E;2026-04-30;0.9;1.52;-40.79;0;0;0;0;0;0;0;0;0;50;0;;;;;
2026-04-24;O_TAVHLE0426C340.00;TAVHL_04/2026_AVRUPA_OPSIYON;D_EQ;SSO;D_EQ_ECP;DE_TAVHL_ECP;TAVHL.E;2026-04-30;0.24;0.53;-54.72;0;0;0;0;0;0;0;0;0;10;0;;;;;
2026-04-24;O_TAVHLE0426C350.00;TAVHL_04/2026_AVRUPA_OPSIYON;D_EQ;SSO;D_EQ_ECP;DE_TAVHL_ECP;TAVHL.E;2026-04-30;0.05;0.16;-68.75;0;0;0;0;0;0;0;0;0;580;0;;;;;
2026-04-24;O_TAVHLE0426C360.00;TAVHL_04/2026_AVRUPA_OPSIYON;D_EQ;SSO;D_EQ_ECP;DE_TAVHL_ECP;TAVHL.E;2026-04-30;0.01;0.04;-75;0;0;0;0;0;0;0;0;0;46;0;;;;;
2026-04-24;O_TAVHLE0426C370.00;TAVHL_04/2026_AVRUPA_OPSIYON;D_EQ;SSO;D_EQ_ECP;DE_TAVHL_ECP;TAVHL.E;2026-04-30;0.01;0.01;0;0;0;0;0;0;0;0;0;0;40;0;;;;;
2026-04-24;O_TAVHLE0426C380.00;TAVHL_04/2026_AVRUPA_OPSIYON;D_EQ;SSO;D_EQ_ECP;DE_TAVHL_ECP;TAVHL.E;2026-04-30;0.01;0.01;0;0;0;0;0;0;0;0;0;0;0;0;;;;;
2026-04-24;O_TAVHLE0426C390.00;TAVHL_04/2026_AVRUPA_OPSIYON;D_EQ;SSO;D_EQ_ECP;DE_TAVHL_ECP;TAVHL.E;2026-04-30;0.01;0.01;0;0;0;0;0;0;0;0;0;0;0;0;;;;;
2026-04-24;O_TAVHLE0426C400.00;TAVHL_04/2026_AVRUPA_OPSIYON;D_EQ;SSO;D_EQ_ECP;DE_TAVHL_ECP;TAVHL.E;2026-04-30;0.01;0.01;0;0;0;0;0;0;0;0;0;0;0;0;;;;;
2026-04-24;O_TAVHLE0426C410.00;TAVHL_04/2026_AVRUPA_OPSIYON;D_EQ;SSO;D_EQ_ECP;DE_TAVHL_ECP;TAVHL.E;2026-04-30;0.01;0.01;0;0;0;0;0;0;0;0;0;0;0;0;;;;;
2026-04-24;O_TAVHLE0426C420.00;TAVHL_04/2026_AVRUPA_OPSIYON;D_EQ;SSO;D_EQ_ECP;DE_TAVHL_ECP;TAVHL.E;2026-04-30;0.01;0.01;0;0;0;0;0;0;0;0;0;0;0;0;;;;;
2026-04-24;O_TAVHLE0426C430.00;TAVHL_04/2026_AVRUPA_OPSIYON;D_EQ;SSO;D_EQ_ECP;DE_TAVHL_ECP;TAVHL.E;2026-04-30;0.01;0.01;0;0;0;0;0;0;0;0;0;0;0;0;;;;;
2026-04-24;O_TAVHLE0426C440.00;TAVHL_04/2026_AVRUPA_OPSIYON;D_EQ;SSO;D_EQ_ECP;DE_TAVHL_ECP;TAVHL.E;2026-04-30;0.01;0.01;0;0;0;0;0;0;0;0;0;0;0;0;;;;;
2026-04-24;O_TAVHLE0426C450.00;TAVHL_04/2026_AVRUPA_OPSIYON;D_EQ;SSO;D_EQ_ECP;DE_TAVHL_ECP;TAVHL.E;2026-04-30;0.01;0.01;0;0;0;0;0;0;0;0;0;0;0;0;;;;;
2026-04-24;O_TAVHLE0426P245.00;TAVHL_04/2026_AVRUPA_OPSIYON;D_EQ;SSO;D_EQ_EPP;DE_TAVHL_EPP;TAVHL.E;2026-04-30;0.01;0.01;0;0;0;0;0;0;0;0;0;0;0;0;;;;;
2026-04-24;O_TAVHLE0426P250.00;TAVHL_04/2026_AVRUPA_OPSIYON;D_EQ;SSO;D_EQ_EPP;DE_TAVHL_EPP;TAVHL.E;2026-04-30;0.01;0.01;0;0;0;0;0;0;0;0;0;0;0;0;;;;;
2026-04-24;O_TAVHLE0426P260.00;TAVHL_04/2026_AVRUPA_OPSIYON;D_EQ;SSO;D_EQ_EPP;DE_TAVHL_EPP;TAVHL.E;2026-04-30;0.01;0.01;0;0;0;0;0;0;0;0;0;0;36;0;;;;;
2026-04-24;O_TAVHLE0426P270.00;TAVHL_04/2026_AVRUPA_OPSIYON;D_EQ;SSO;D_EQ_EPP;DE_TAVHL_EPP;TAVHL.E;2026-04-30;0.02;0.05;-60;0;0;0;0;0;0;0;0;0;0;0;;;;;
2026-04-24;O_TAVHLE0426P280.00;TAVHL_04/2026_AVRUPA_OPSIYON;D_EQ;SSO;D_EQ_EPP;DE_TAVHL_EPP;TAVHL.E;2026-04-30;0.13;0.27;-51.85;0;0;0;0;0;0;0;0;0;11;0;;;;;
2026-04-24;O_TAVHLE0426P290.00;TAVHL_04/2026_AVRUPA_OPSIYON;D_EQ;SSO;D_EQ_EPP;DE_TAVHL_EPP;TAVHL.E;2026-04-30;0.67;1.04;-35.58;0;0;0;0;0;0;0;0;0;30;0;;;;;
2026-04-24;O_TAVHLE0426P300.00;TAVHL_04/2026_AVRUPA_OPSIYON;D_EQ;SSO;D_EQ_EPP;DE_TAVHL_EPP;TAVHL.E;2026-04-30;2.4;3.01;-20.27;0;0;0;0;0;0;0;0;0;10;0;;;;;
2026-04-24;O_TAVHLE0426P310.00;TAVHL_04/2026_AVRUPA_OPSIYON;D_EQ;SSO;D_EQ_EPP;DE_TAVHL_EPP;TAVHL.E;2026-04-30;6.2;6.84;-9.36;5.95;5.95;5.95;5.95;5.95;1798000;34510;58;1;376;58;;;;;
2026-04-24;O_TAVHLE0426P320.00;TAVHL_04/2026_AVRUPA_OPSIYON;D_EQ;SSO;D_EQ_EPP;DE_TAVHL_EPP;TAVHL.E;2026-04-30;12.42;12.79;-2.89;0;0;0;0;0;0;0;0;0;223;0;;;;;
2026-04-24;O_TAVHLE0426P330.00;TAVHL_04/2026_AVRUPA_OPSIYON;D_EQ;SSO;D_EQ_EPP;DE_TAVHL_EPP;TAVHL.E;2026-04-30;20.59;20.53;0.29;0;0;0;0;0;0;0;0;0;121;0;;;;;
2026-04-24;O_TAVHLE0426P340.00;TAVHL_04/2026_AVRUPA_OPSIYON;D_EQ;SSO;D_EQ_EPP;DE_TAVHL_EPP;TAVHL.E;2026-04-30;29.87;29.46;1.39;0;0;0;0;0;0;0;0;0;10;0;;;;;
2026-04-24;O_TAVHLE0426P350.00;TAVHL_04/2026_AVRUPA_OPSIYON;D_EQ;SSO;D_EQ_EPP;DE_TAVHL_EPP;TAVHL.E;2026-04-30;39.62;39.01;1.56;0;0;0;0;0;0;0;0;0;100;0;;;;;
2026-04-24;O_TAVHLE0426P360.00;TAVHL_04/2026_AVRUPA_OPSIYON;D_EQ;SSO;D_EQ_EPP;DE_TAVHL_EPP;TAVHL.E;2026-04-30;49.52;48.8;1.48;0;0;0;0;0;0;0;0;0;30;0;;;;;
2026-04-24;O_TAVHLE0426P370.00;TAVHL_04/2026_AVRUPA_OPSIYON;D_EQ;SSO;D_EQ_EPP;DE_TAVHL_EPP;TAVHL.E;2026-04-30;59.45;58.69;1.29;0;0;0;0;0;0;0;0;0;20;0;;;;;
2026-04-24;O_TAVHLE0426P380.00;TAVHL_04/2026_AVRUPA_OPSIYON;D_EQ;SSO;D_EQ_EPP;DE_TAVHL_EPP;TAVHL.E;2026-04-30;69.38;68.6;1.14;0;0;0;0;0;0;0;0;0;0;0;;;;;
2026-04-24;O_TAVHLE0426P390.00;TAVHL_04/2026_AVRUPA_OPSIYON;D_EQ;SSO;D_EQ_EPP;DE_TAVHL_EPP;TAVHL.E;2026-04-30;79.32;78.52;1.02;0;0;0;0;0;0;0;0;0;0;0;;;;;
2026-04-24;O_TAVHLE0426P400.00;TAVHL_04/2026_AVRUPA_OPSIYON;D_EQ;SSO;D_EQ_EPP;DE_TAVHL_EPP;TAVHL.E;2026-04-30;89.26;88.43;0.94;0;0;0;0;0;0;0;0;0;0;0;;;;;
2026-04-24;O_TAVHLE0526C290.00;TAVHL_05/2026_AVRUPA_OPSIYON;D_EQ;SSO;D_EQ_ECP;DE_TAVHL_ECP;TAVHL.E;2026-05-25;31.56;32.3;-2.29;0;0;0;0;0;0;0;0;0;0;0;;;;;
2026-04-24;O_TAVHLE0526C300.00;TAVHL_05/2026_AVRUPA_OPSIYON;D_EQ;SSO;D_EQ_ECP;DE_TAVHL_ECP;TAVHL.E;2026-05-25;24.55;25.32;-3.04;0;0;0;0;0;0;0;0;0;10;0;;;;;
2026-04-24;O_TAVHLE0526C310.00;TAVHL_05/2026_AVRUPA_OPSIYON;D_EQ;SSO;D_EQ_ECP;DE_TAVHL_ECP;TAVHL.E;2026-05-25;18.53;19.3;-3.99;0;0;0;0;0;0;0;0;0;90;0;;;;;
2026-04-24;O_TAVHLE0526C320.00;TAVHL_05/2026_AVRUPA_OPSIYON;D_EQ;SSO;D_EQ_ECP;DE_TAVHL_ECP;TAVHL.E;2026-05-25;13.56;14.29;-5.11;0;0;0;0;0;0;0;0;0;40;0;;;;;
2026-04-24;O_TAVHLE0526C330.00;TAVHL_05/2026_AVRUPA_OPSIYON;D_EQ;SSO;D_EQ_ECP;DE_TAVHL_ECP;TAVHL.E;2026-05-25;9.62;10.27;-6.33;0;0;0;0;0;0;0;0;0;30;0;;;;;
2026-04-24;O_TAVHLE0526C340.00;TAVHL_05/2026_AVRUPA_OPSIYON;D_EQ;SSO;D_EQ_ECP;DE_TAVHL_ECP;TAVHL.E;2026-05-25;6.61;7.18;-7.94;0;0;0;0;0;0;0;0;0;10;0;;;;;
2026-04-24;O_TAVHLE0526C350.00;TAVHL_05/2026_AVRUPA_OPSIYON;D_EQ;SSO;D_EQ_ECP;DE_TAVHL_ECP;TAVHL.E;2026-05-25;4.41;4.87;-9.45;0;0;0;0;0;0;0;0;0;0;0;;;;;
2026-04-24;O_TAVHLE0526C360.00;TAVHL_05/2026_AVRUPA_OPSIYON;D_EQ;SSO;D_EQ_ECP;DE_TAVHL_ECP;TAVHL.E;2026-05-25;2.85;3.22;-11.49;0;0;0;0;0;0;0;0;0;0;0;;;;;
2026-04-24;O_TAVHLE0526C370.00;TAVHL_05/2026_AVRUPA_OPSIYON;D_EQ;SSO;D_EQ_ECP;DE_TAVHL_ECP;TAVHL.E;2026-05-25;1.79;2.07;-13.53;0;0;0;0;0;0;0;0;0;0;0;;;;;
2026-04-24;O_TAVHLE0526C380.00;TAVHL_05/2026_AVRUPA_OPSIYON;D_EQ;SSO;D_EQ_ECP;DE_TAVHL_ECP;TAVHL.E;2026-05-25;1.09;1.29;-15.5;0;0;0;0;0;0;0;0;0;0;0;;;;;
2026-04-24;O_TAVHLE0526C390.00;TAVHL_05/2026_AVRUPA_OPSIYON;D_EQ;SSO;D_EQ_ECP;DE_TAVHL_ECP;TAVHL.E;2026-05-25;0.65;0.79;-17.72;0;0;0;0;0;0;0;0;0;0;0;;;;;
2026-04-24;O_TAVHLE0526C400.00;TAVHL_05/2026_AVRUPA_OPSIYON;D_EQ;SSO;D_EQ_ECP;DE_TAVHL_ECP;TAVHL.E;2026-05-25;0.38;0.47;-19.15;0;0;0;0;0;0;0;0;0;0;0;;;;;
2026-04-24;O_TAVHLE0526C410.00;TAVHL_05/2026_AVRUPA_OPSIYON;D_EQ;SSO;D_EQ_ECP;DE_TAVHL_ECP;TAVHL.E;2026-05-25;0.21;0.28;-25;0;0;0;0;0;0;0;0;0;0;0;;;;;
2026-04-24;O_TAVHLE0526C420.00;TAVHL_05/2026_AVRUPA_OPSIYON;D_EQ;SSO;D_EQ_ECP;DE_TAVHL_ECP;TAVHL.E;2026-05-25;0.12;0.16;-25;0;0;0;0;0;0;0;0;0;0;0;;;;;
2026-04-24;O_TAVHLE0526P245.00;TAVHL_05/2026_AVRUPA_OPSIYON;D_EQ;SSO;D_EQ_EPP;DE_TAVHL_EPP;TAVHL.E;2026-05-25;0.13;0.16;-18.75;0;0;0;0;0;0;0;0;0;0;0;;;;;
2026-04-24;O_TAVHLE0526P250.00;TAVHL_05/2026_AVRUPA_OPSIYON;D_EQ;SSO;D_EQ_EPP;DE_TAVHL_EPP;TAVHL.E;2026-05-25;0.22;0.25;-12;0;0;0;0;0;0;0;0;0;0;0;;;;;
2026-04-24;O_TAVHLE0526P260.00;TAVHL_05/2026_AVRUPA_OPSIYON;D_EQ;SSO;D_EQ_EPP;DE_TAVHL_EPP;TAVHL.E;2026-05-25;0.54;0.6;-10;0;0;0;0;0;0;0;0;0;0;0;;;;;
2026-04-24;O_TAVHLE0526P270.00;TAVHL_05/2026_AVRUPA_OPSIYON;D_EQ;SSO;D_EQ_EPP;DE_TAVHL_EPP;TAVHL.E;2026-05-25;1.17;1.27;-7.87;0;0;0;0;0;0;0;0;0;0;0;;;;;
2026-04-24;O_TAVHLE0526P280.00;TAVHL_05/2026_AVRUPA_OPSIYON;D_EQ;SSO;D_EQ_EPP;DE_TAVHL_EPP;TAVHL.E;2026-05-25;2.29;2.43;-5.76;0;0;0;0;0;0;0;0;0;0;0;;;;;
2026-04-24;O_TAVHLE0526P290.00;TAVHL_05/2026_AVRUPA_OPSIYON;D_EQ;SSO;D_EQ_EPP;DE_TAVHL_EPP;TAVHL.E;2026-05-25;4.1;4.26;-3.76;0;0;0;0;0;0;0;0;0;0;0;;;;;
2026-04-24;O_TAVHLE0526P300.00;TAVHL_05/2026_AVRUPA_OPSIYON;D_EQ;SSO;D_EQ_EPP;DE_TAVHL_EPP;TAVHL.E;2026-05-25;6.77;6.94;-2.45;0;0;0;0;0;0;0;0;0;0;0;;;;;
2026-04-24;O_TAVHLE0526P310.00;TAVHL_05/2026_AVRUPA_OPSIYON;D_EQ;SSO;D_EQ_EPP;DE_TAVHL_EPP;TAVHL.E;2026-05-25;10.44;10.58;-1.32;0;0;0;0;0;0;0;0;0;0;0;;;;;
2026-04-24;O_TAVHLE0526P320.00;TAVHL_05/2026_AVRUPA_OPSIYON;D_EQ;SSO;D_EQ_EPP;DE_TAVHL_EPP;TAVHL.E;2026-05-25;15.15;15.23;-0.53;0;0;0;0;0;0;0;0;0;0;0;;;;;
2026-04-24;O_TAVHLE0526P330.00;TAVHL_05/2026_AVRUPA_OPSIYON;D_EQ;SSO;D_EQ_EPP;DE_TAVHL_EPP;TAVHL.E;2026-05-25;20.89;20.88;0.05;0;0;0;0;0;0;0;0;0;4;0;;;;;
2026-04-24;O_TAVHLE0526P340.00;TAVHL_05/2026_AVRUPA_OPSIYON;D_EQ;SSO;D_EQ_EPP;DE_TAVHL_EPP;TAVHL.E;2026-05-25;27.56;27.44;0.44;0;0;0;0;0;0;0;0;0;0;0;;;;;
2026-04-24;O_TAVHLE0526P350.00;TAVHL_05/2026_AVRUPA_OPSIYON;D_EQ;SSO;D_EQ_EPP;DE_TAVHL_EPP;TAVHL.E;2026-05-25;35.04;34.8;0.69;0;0;0;0;0;0;0;0;0;0;0;;;;;
2026-04-24;O_TAVHLE0526P360.00;TAVHL_05/2026_AVRUPA_OPSIYON;D_EQ;SSO;D_EQ_EPP;DE_TAVHL_EPP;TAVHL.E;2026-05-25;43.17;42.81;0.84;0;0;0;0;0;0;0;0;0;10;0;;;;;
2026-04-24;O_TAVHLE0526P370.00;TAVHL_05/2026_AVRUPA_OPSIYON;D_EQ;SSO;D_EQ_EPP;DE_TAVHL_EPP;TAVHL.E;2026-05-25;51.79;51.32;0.92;0;0;0;0;0;0;0;0;0;30;0;;;;;
2026-04-24;O_TAVHLE0626C320.00;TAVHL_06/2026_AVRUPA_OPSIYON;D_EQ;SSO;D_EQ_ECP;DE_TAVHL_ECP;TAVHL.E;2026-06-30;28.38;;0;0;0;0;0;0;0;0;0;0;0;0;;;;;
2026-04-24;O_TAVHLE0626C330.00;TAVHL_06/2026_AVRUPA_OPSIYON;D_EQ;SSO;D_EQ_ECP;DE_TAVHL_ECP;TAVHL.E;2026-06-30;23.43;24.08;-2.7;0;0;0;0;0;0;0;0;0;0;0;;;;;
2026-04-24;O_TAVHLE0626C340.00;TAVHL_06/2026_AVRUPA_OPSIYON;D_EQ;SSO;D_EQ_ECP;DE_TAVHL_ECP;TAVHL.E;2026-06-30;19.12;19.73;-3.09;0;0;0;0;0;0;0;0;0;0;0;;;;;
2026-04-24;O_TAVHLE0626C350.00;TAVHL_06/2026_AVRUPA_OPSIYON;D_EQ;SSO;D_EQ_ECP;DE_TAVHL_ECP;TAVHL.E;2026-06-30;15.43;16;-3.56;0;0;0;0;0;0;0;0;0;0;0;;;;;
2026-04-24;O_TAVHLE0626C360.00;TAVHL_06/2026_AVRUPA_OPSIYON;D_EQ;SSO;D_EQ_ECP;DE_TAVHL_ECP;TAVHL.E;2026-06-30;12.32;12.83;-3.98;0;0;0;0;0;0;0;0;0;0;0;;;;;
2026-04-24;O_TAVHLE0626C370.00;TAVHL_06/2026_AVRUPA_OPSIYON;D_EQ;SSO;D_EQ_ECP;DE_TAVHL_ECP;TAVHL.E;2026-06-30;9.73;10.19;-4.51;0;0;0;0;0;0;0;0;0;0;0;;;;;
2026-04-24;O_TAVHLE0626C380.00;TAVHL_06/2026_AVRUPA_OPSIYON;D_EQ;SSO;D_EQ_ECP;DE_TAVHL_ECP;TAVHL.E;2026-06-30;7.61;8.02;-5.11;0;0;0;0;0;0;0;0;0;0;0;;;;;
2026-04-24;O_TAVHLE0626C390.00;TAVHL_06/2026_AVRUPA_OPSIYON;D_EQ;SSO;D_EQ_ECP;DE_TAVHL_ECP;TAVHL.E;2026-06-30;5.9;6.25;-5.6;0;0;0;0;0;0;0;0;0;0;0;;;;;
2026-04-24;O_TAVHLE0626C400.00;TAVHL_06/2026_AVRUPA_OPSIYON;D_EQ;SSO;D_EQ_ECP;DE_TAVHL_ECP;TAVHL.E;2026-06-30;4.53;4.83;-6.21;0;0;0;0;0;0;0;0;0;0;0;;;;;
2026-04-24;O_TAVHLE0626C410.00;TAVHL_06/2026_AVRUPA_OPSIYON;D_EQ;SSO;D_EQ_ECP;DE_TAVHL_ECP;TAVHL.E;2026-06-30;3.45;3.7;-6.76;0;0;0;0;0;0;0;0;0;0;0;;;;;
2026-04-24;O_TAVHLE0626C420.00;TAVHL_06/2026_AVRUPA_OPSIYON;D_EQ;SSO;D_EQ_ECP;DE_TAVHL_ECP;TAVHL.E;2026-06-30;2.6;2.81;-7.47;0;0;0;0;0;0;0;0;0;0;0;;;;;
2026-04-24;O_TAVHLE0626C430.00;TAVHL_06/2026_AVRUPA_OPSIYON;D_EQ;SSO;D_EQ_ECP;DE_TAVHL_ECP;TAVHL.E;2026-06-30;1.95;2.12;-8.02;0;0;0;0;0;0;0;0;0;0;0;;;;;
2026-04-24;O_TAVHLE0626C440.00;TAVHL_06/2026_AVRUPA_OPSIYON;D_EQ;SSO;D_EQ_ECP;DE_TAVHL_ECP;TAVHL.E;2026-06-30;1.45;1.59;-8.81;0;0;0;0;0;0;0;0;0;0;0;;;;;
2026-04-24;O_TAVHLE0626P270.00;TAVHL_06/2026_AVRUPA_OPSIYON;D_EQ;SSO;D_EQ_EPP;DE_TAVHL_EPP;TAVHL.E;2026-06-30;2.3;;0;0;0;0;0;0;0;0;0;0;0;0;;;;;
2026-04-24;O_TAVHLE0626P280.00;TAVHL_06/2026_AVRUPA_OPSIYON;D_EQ;SSO;D_EQ_EPP;DE_TAVHL_EPP;TAVHL.E;2026-06-30;3.6;3.63;-0.83;0;0;0;0;0;0;0;0;0;0;0;;;;;
2026-04-24;O_TAVHLE0626P290.00;TAVHL_06/2026_AVRUPA_OPSIYON;D_EQ;SSO;D_EQ_EPP;DE_TAVHL_EPP;TAVHL.E;2026-06-30;5.38;5.41;-0.55;0;0;0;0;0;0;0;0;0;0;0;;;;;
2026-04-24;O_TAVHLE0626P300.00;TAVHL_06/2026_AVRUPA_OPSIYON;D_EQ;SSO;D_EQ_EPP;DE_TAVHL_EPP;TAVHL.E;2026-06-30;7.71;7.72;-0.13;0;0;0;0;0;0;0;0;0;0;0;;;;;
2026-04-24;O_TAVHLE0626P310.00;TAVHL_06/2026_AVRUPA_OPSIYON;D_EQ;SSO;D_EQ_EPP;DE_TAVHL_EPP;TAVHL.E;2026-06-30;10.65;10.62;0.28;0;0;0;0;0;0;0;0;0;0;0;;;;;
2026-04-24;O_TAVHLE0626P320.00;TAVHL_06/2026_AVRUPA_OPSIYON;D_EQ;SSO;D_EQ_EPP;DE_TAVHL_EPP;TAVHL.E;2026-06-30;14.22;14.16;0.42;0;0;0;0;0;0;0;0;0;0;0;;;;;
2026-04-24;O_TAVHLE0626P330.00;TAVHL_06/2026_AVRUPA_OPSIYON;D_EQ;SSO;D_EQ_EPP;DE_TAVHL_EPP;TAVHL.E;2026-06-30;18.46;18.34;0.65;0;0;0;0;0;0;0;0;0;0;0;;;;;
2026-04-24;O_TAVHLE0626P340.00;TAVHL_06/2026_AVRUPA_OPSIYON;D_EQ;SSO;D_EQ_EPP;DE_TAVHL_EPP;TAVHL.E;2026-06-30;23.34;23.16;0.78;0;0;0;0;0;0;0;0;0;0;0;;;;;
2026-04-24;O_TAVHLE0626P350.00;TAVHL_06/2026_AVRUPA_OPSIYON;D_EQ;SSO;D_EQ_EPP;DE_TAVHL_EPP;TAVHL.E;2026-06-30;28.84;28.6;0.84;0;0;0;0;0;0;0;0;0;0;0;;;;;
2026-04-24;O_TAVHLE0626P360.00;TAVHL_06/2026_AVRUPA_OPSIYON;D_EQ;SSO;D_EQ_EPP;DE_TAVHL_EPP;TAVHL.E;2026-06-30;34.92;34.6;0.92;0;0;0;0;0;0;0;0;0;0;0;;;;;
2026-04-24;O_TAVHLE0626P370.00;TAVHL_06/2026_AVRUPA_OPSIYON;D_EQ;SSO;D_EQ_EPP;DE_TAVHL_EPP;TAVHL.E;2026-06-30;41.52;41.13;0.95;0;0;0;0;0;0;0;0;0;0;0;;;;;
2026-04-24;O_TAVHLE0626P380.00;TAVHL_06/2026_AVRUPA_OPSIYON;D_EQ;SSO;D_EQ_EPP;DE_TAVHL_EPP;TAVHL.E;2026-06-30;48.59;48.12;0.98;0;0;0;0;0;0;0;0;0;0;0;;;;;
2026-04-24;O_TAVHLE0626P390.00;TAVHL_06/2026_AVRUPA_OPSIYON;D_EQ;SSO;D_EQ_EPP;DE_TAVHL_EPP;TAVHL.E;2026-06-30;56.07;55.52;0.99;0;0;0;0;0;0;0;0;0;0;0;;;;;
2026-04-24;O_TCELLE0426C100.00;TCELL_04/2026_AVRUPA_OPSIYON;D_EQ;SSO;D_EQ_ECP;DE_TCELL_ECP;TCELL.E;2026-04-30;14.93;14.95;-0.13;0;0;0;0;0;0;0;0;0;30;0;;;;;
2026-04-24;O_TCELLE0426C105.00;TCELL_04/2026_AVRUPA_OPSIYON;D_EQ;SSO;D_EQ_ECP;DE_TCELL_ECP;TCELL.E;2026-04-30;10.03;10.13;-0.99;0;0;0;0;0;0;0;0;0;339;0;;;;;
2026-04-24;O_TCELLE0426C110.00;TCELL_04/2026_AVRUPA_OPSIYON;D_EQ;SSO;D_EQ_ECP;DE_TCELL_ECP;TCELL.E;2026-04-30;5.57;5.84;-4.62;0;0;0;0;0;0;0;0;0;447;0;;;;;
2026-04-24;O_TCELLE0426C115.00;TCELL_04/2026_AVRUPA_OPSIYON;D_EQ;SSO;D_EQ_ECP;DE_TCELL_ECP;TCELL.E;2026-04-30;2.31;2.68;-13.81;0;0;0;0;0;0;0;0;0;6019;0;;;;;
2026-04-24;O_TCELLE0426C120.00;TCELL_04/2026_AVRUPA_OPSIYON;D_EQ;SSO;D_EQ_ECP;DE_TCELL_ECP;TCELL.E;2026-04-30;0.66;0.94;-29.79;0;0;0;0;0;0;0;0;0;215;0;;;;;
2026-04-24;O_TCELLE0426C125.00;TCELL_04/2026_AVRUPA_OPSIYON;D_EQ;SSO;D_EQ_ECP;DE_TCELL_ECP;TCELL.E;2026-04-30;0.12;0.24;-50;0;0;0;0;0;0;0;0;0;494;0;;;;;
2026-04-24;O_TCELLE0426C130.00;TCELL_04/2026_AVRUPA_OPSIYON;D_EQ;SSO;D_EQ_ECP;DE_TCELL_ECP;TCELL.E;2026-04-30;0.02;0.05;-60;0;0;0;0;0;0;0;0;0;121;0;;;;;
2026-04-24;O_TCELLE0426C135.00;TCELL_04/2026_AVRUPA_OPSIYON;D_EQ;SSO;D_EQ_ECP;DE_TCELL_ECP;TCELL.E;2026-04-30;0.01;0.01;0;0;0;0;0;0;0;0;0;0;93;0;;;;;
2026-04-24;O_TCELLE0426C140.00;TCELL_04/2026_AVRUPA_OPSIYON;D_EQ;SSO;D_EQ_ECP;DE_TCELL_ECP;TCELL.E;2026-04-30;0.01;0.01;0;0;0;0;0;0;0;0;0;0;0;0;;;;;
2026-04-24;O_TCELLE0426C145.00;TCELL_04/2026_AVRUPA_OPSIYON;D_EQ;SSO;D_EQ_ECP;DE_TCELL_ECP;TCELL.E;2026-04-30;0.01;0.01;0;0;0;0;0;0;0;0;0;0;50;0;;;;;
2026-04-24;O_TCELLE0426C150.00;TCELL_04/2026_AVRUPA_OPSIYON;D_EQ;SSO;D_EQ_ECP;DE_TCELL_ECP;TCELL.E;2026-04-30;0.01;0.01;0;0;0;0;0;0;0;0;0;0;0;0;;;;;
2026-04-24;O_TCELLE0426C155.00;TCELL_04/2026_AVRUPA_OPSIYON;D_EQ;SSO;D_EQ_ECP;DE_TCELL_ECP;TCELL.E;2026-04-30;0.01;0.01;0;0;0;0;0;0;0;0;0;0;0;0;;;;;
2026-04-24;O_TCELLE0426C160.00;TCELL_04/2026_AVRUPA_OPSIYON;D_EQ;SSO;D_EQ_ECP;DE_TCELL_ECP;TCELL.E;2026-04-30;0.01;0.01;0;0;0;0;0;0;0;0;0;0;0;0;;;;;
2026-04-24;O_TCELLE0426C165.00;TCELL_04/2026_AVRUPA_OPSIYON;D_EQ;SSO;D_EQ_ECP;DE_TCELL_ECP;TCELL.E;2026-04-30;0.01;0.01;0;0;0;0;0;0;0;0;0;0;0;0;;;;;
2026-04-24;O_TCELLE0426P100.00;TCELL_04/2026_AVRUPA_OPSIYON;D_EQ;SSO;D_EQ_EPP;DE_TCELL_EPP;TCELL.E;2026-04-30;0.01;0.02;-50;0;0;0;0;0;0;0;0;0;0;0;;;;;
2026-04-24;O_TCELLE0426P105.00;TCELL_04/2026_AVRUPA_OPSIYON;D_EQ;SSO;D_EQ_EPP;DE_TCELL_EPP;TCELL.E;2026-04-30;0.08;0.16;-50;0;0;0;0;0;0;0;0;0;81;0;;;;;
2026-04-24;O_TCELLE0426P110.00;TCELL_04/2026_AVRUPA_OPSIYON;D_EQ;SSO;D_EQ_EPP;DE_TCELL_EPP;TCELL.E;2026-04-30;0.58;0.83;-30.12;0;0;0;0;0;0;0;0;0;259;0;;;;;
2026-04-24;O_TCELLE0426P115.00;TCELL_04/2026_AVRUPA_OPSIYON;D_EQ;SSO;D_EQ_EPP;DE_TCELL_EPP;TCELL.E;2026-04-30;2.29;2.63;-12.93;0;0;0;0;0;0;0;0;0;3035;0;;;;;
2026-04-24;O_TCELLE0426P120.00;TCELL_04/2026_AVRUPA_OPSIYON;D_EQ;SSO;D_EQ_EPP;DE_TCELL_EPP;TCELL.E;2026-04-30;5.61;5.84;-3.94;0;0;0;0;0;0;0;0;0;71;0;;;;;
2026-04-24;O_TCELLE0426P125.00;TCELL_04/2026_AVRUPA_OPSIYON;D_EQ;SSO;D_EQ_EPP;DE_TCELL_EPP;TCELL.E;2026-04-30;10.04;10.11;-0.69;0;0;0;0;0;0;0;0;0;101;0;;;;;
2026-04-24;O_TCELLE0426P130.00;TCELL_04/2026_AVRUPA_OPSIYON;D_EQ;SSO;D_EQ_EPP;DE_TCELL_EPP;TCELL.E;2026-04-30;14.91;14.87;0.27;0;0;0;0;0;0;0;0;0;0;0;;;;;
2026-04-24;O_TCELLE0426P135.00;TCELL_04/2026_AVRUPA_OPSIYON;D_EQ;SSO;D_EQ_EPP;DE_TCELL_EPP;TCELL.E;2026-04-30;19.86;19.79;0.35;0;0;0;0;0;0;0;0;0;0;0;;;;;
2026-04-24;O_TCELLE0426P140.00;TCELL_04/2026_AVRUPA_OPSIYON;D_EQ;SSO;D_EQ_EPP;DE_TCELL_EPP;TCELL.E;2026-04-30;24.83;24.74;0.36;0;0;0;0;0;0;0;0;0;1000;0;;;;;
2026-04-24;O_TCELLE0426P90.00;TCELL_04/2026_AVRUPA_OPSIYON;D_EQ;SSO;D_EQ_EPP;DE_TCELL_EPP;TCELL.E;2026-04-30;0.01;0.01;0;0;0;0;0;0;0;0;0;0;0;0;;;;;
2026-04-24;O_TCELLE0426P92.00;TCELL_04/2026_AVRUPA_OPSIYON;D_EQ;SSO;D_EQ_EPP;DE_TCELL_EPP;TCELL.E;2026-04-30;0.01;0.01;0;0;0;0;0;0;0;0;0;0;0;0;;;;;
2026-04-24;O_TCELLE0426P94.00;TCELL_04/2026_AVRUPA_OPSIYON;D_EQ;SSO;D_EQ_EPP;DE_TCELL_EPP;TCELL.E;2026-04-30;0.01;0.01;0;0;0;0;0;0;0;0;0;0;40;0;;;;;
2026-04-24;O_TCELLE0426P96.00;TCELL_04/2026_AVRUPA_OPSIYON;D_EQ;SSO;D_EQ_EPP;DE_TCELL_EPP;TCELL.E;2026-04-30;0.01;0.01;0;0;0;0;0;0;0;0;0;0;76;0;;;;;
2026-04-24;O_TCELLE0426P98.00;TCELL_04/2026_AVRUPA_OPSIYON;D_EQ;SSO;D_EQ_EPP;DE_TCELL_EPP;TCELL.E;2026-04-30;0.01;0.01;0;0;0;0;0;0;0;0;0;0;2;0;;;;;
2026-04-24;O_TCELLE0526C105.00;TCELL_05/2026_AVRUPA_OPSIYON;D_EQ;SSO;D_EQ_ECP;DE_TCELL_ECP;TCELL.E;2026-05-25;13.62;13.73;-0.8;0;0;0;0;0;0;0;0;0;0;0;;;;;
2026-04-24;O_TCELLE0526C110.00;TCELL_05/2026_AVRUPA_OPSIYON;D_EQ;SSO;D_EQ_ECP;DE_TCELL_ECP;TCELL.E;2026-05-25;9.87;10.02;-1.5;0;0;0;0;0;0;0;0;0;0;0;;;;;
2026-04-24;O_TCELLE0526C115.00;TCELL_05/2026_AVRUPA_OPSIYON;D_EQ;SSO;D_EQ_ECP;DE_TCELL_ECP;TCELL.E;2026-05-25;6.76;6.95;-2.73;0;0;0;0;0;0;0;0;0;10;0;;;;;
2026-04-24;O_TCELLE0526C120.00;TCELL_05/2026_AVRUPA_OPSIYON;D_EQ;SSO;D_EQ_ECP;DE_TCELL_ECP;TCELL.E;2026-05-25;4.37;4.56;-4.17;0;0;0;0;0;0;0;0;0;0;0;;;;;
2026-04-24;O_TCELLE0526C125.00;TCELL_05/2026_AVRUPA_OPSIYON;D_EQ;SSO;D_EQ_ECP;DE_TCELL_ECP;TCELL.E;2026-05-25;2.66;2.84;-6.34;0;0;0;0;0;0;0;0;0;100;0;;;;;
2026-04-24;O_TCELLE0526C130.00;TCELL_05/2026_AVRUPA_OPSIYON;D_EQ;SSO;D_EQ_ECP;DE_TCELL_ECP;TCELL.E;2026-05-25;1.53;1.67;-8.38;0;0;0;0;0;0;0;0;0;0;0;;;;;
2026-04-24;O_TCELLE0526C135.00;TCELL_05/2026_AVRUPA_OPSIYON;D_EQ;SSO;D_EQ_ECP;DE_TCELL_ECP;TCELL.E;2026-05-25;0.83;0.94;-11.7;0.6;0.6;0.6;0.6;0.6;1525500;6780;113;1;113;113;;;;;
2026-04-24;O_TCELLE0526C140.00;TCELL_05/2026_AVRUPA_OPSIYON;D_EQ;SSO;D_EQ_ECP;DE_TCELL_ECP;TCELL.E;2026-05-25;0.43;0.5;-14;0;0;0;0;0;0;0;0;0;326;0;;;;;
2026-04-24;O_TCELLE0526C145.00;TCELL_05/2026_AVRUPA_OPSIYON;D_EQ;SSO;D_EQ_ECP;DE_TCELL_ECP;TCELL.E;2026-05-25;0.21;0.26;-19.23;0;0;0;0;0;0;0;0;0;226;0;;;;;
2026-04-24;O_TCELLE0526C150.00;TCELL_05/2026_AVRUPA_OPSIYON;D_EQ;SSO;D_EQ_ECP;DE_TCELL_ECP;TCELL.E;2026-05-25;0.1;0.12;-16.67;0;0;0;0;0;0;0;0;0;0;0;;;;;
2026-04-24;O_TCELLE0526C155.00;TCELL_05/2026_AVRUPA_OPSIYON;D_EQ;SSO;D_EQ_ECP;DE_TCELL_ECP;TCELL.E;2026-05-25;0.04;0.06;-33.33;0;0;0;0;0;0;0;0;0;0;0;;;;;
2026-04-24;O_TCELLE0526P100.00;TCELL_05/2026_AVRUPA_OPSIYON;D_EQ;SSO;D_EQ_EPP;DE_TCELL_EPP;TCELL.E;2026-05-25;0.4;0.45;-11.11;0;0;0;0;0;0;0;0;0;0;0;;;;;
2026-04-24;O_TCELLE0526P105.00;TCELL_05/2026_AVRUPA_OPSIYON;D_EQ;SSO;D_EQ_EPP;DE_TCELL_EPP;TCELL.E;2026-05-25;0.98;1.08;-9.26;0;0;0;0;0;0;0;0;0;0;0;;;;;
2026-04-24;O_TCELLE0526P110.00;TCELL_05/2026_AVRUPA_OPSIYON;D_EQ;SSO;D_EQ_EPP;DE_TCELL_EPP;TCELL.E;2026-05-25;2.07;2.21;-6.33;0;0;0;0;0;0;0;0;0;15;0;;;;;
2026-04-24;O_TCELLE0526P115.00;TCELL_05/2026_AVRUPA_OPSIYON;D_EQ;SSO;D_EQ_EPP;DE_TCELL_EPP;TCELL.E;2026-05-25;3.81;3.96;-3.79;0;0;0;0;0;0;0;0;0;0;0;;;;;
2026-04-24;O_TCELLE0526P120.00;TCELL_05/2026_AVRUPA_OPSIYON;D_EQ;SSO;D_EQ_EPP;DE_TCELL_EPP;TCELL.E;2026-05-25;6.26;6.41;-2.34;0;0;0;0;0;0;0;0;0;5000;0;;;;;
2026-04-24;O_TCELLE0526P125.00;TCELL_05/2026_AVRUPA_OPSIYON;D_EQ;SSO;D_EQ_EPP;DE_TCELL_EPP;TCELL.E;2026-05-25;9.39;9.52;-1.37;0;0;0;0;0;0;0;0;0;0;0;;;;;
2026-04-24;O_TCELLE0526P130.00;TCELL_05/2026_AVRUPA_OPSIYON;D_EQ;SSO;D_EQ_EPP;DE_TCELL_EPP;TCELL.E;2026-05-25;13.1;13.18;-0.61;0;0;0;0;0;0;0;0;0;0;0;;;;;
2026-04-24;O_TCELLE0526P92.00;TCELL_05/2026_AVRUPA_OPSIYON;D_EQ;SSO;D_EQ_EPP;DE_TCELL_EPP;TCELL.E;2026-05-25;0.06;0.08;-25;0;0;0;0;0;0;0;0;0;6;0;;;;;
2026-04-24;O_TCELLE0526P94.00;TCELL_05/2026_AVRUPA_OPSIYON;D_EQ;SSO;D_EQ_EPP;DE_TCELL_EPP;TCELL.E;2026-05-25;0.1;0.13;-23.08;0;0;0;0;0;0;0;0;0;0;0;;;;;
2026-04-24;O_TCELLE0526P96.00;TCELL_05/2026_AVRUPA_OPSIYON;D_EQ;SSO;D_EQ_EPP;DE_TCELL_EPP;TCELL.E;2026-05-25;0.17;0.2;-15;0;0;0;0;0;0;0;0;0;0;0;;;;;
2026-04-24;O_TCELLE0526P98.00;TCELL_05/2026_AVRUPA_OPSIYON;D_EQ;SSO;D_EQ_EPP;DE_TCELL_EPP;TCELL.E;2026-05-25;0.26;0.31;-16.13;0;0;0;0;0;0;0;0;0;0;0;;;;;
2026-04-24;O_TCELLE0626C110.00;TCELL_06/2026_AVRUPA_OPSIYON;D_EQ;SSO;D_EQ_ECP;DE_TCELL_ECP;TCELL.E;2026-06-30;15.66;15.79;-0.82;0;0;0;0;0;0;0;0;0;0;0;;;;;
2026-04-24;O_TCELLE0626C115.00;TCELL_06/2026_AVRUPA_OPSIYON;D_EQ;SSO;D_EQ_ECP;DE_TCELL_ECP;TCELL.E;2026-06-30;12.47;12.62;-1.19;0;0;0;0;0;0;0;0;0;0;0;;;;;
2026-04-24;O_TCELLE0626C120.00;TCELL_06/2026_AVRUPA_OPSIYON;D_EQ;SSO;D_EQ_ECP;DE_TCELL_ECP;TCELL.E;2026-06-30;9.71;9.87;-1.62;0;0;0;0;0;0;0;0;0;0;0;;;;;
2026-04-24;O_TCELLE0626C125.00;TCELL_06/2026_AVRUPA_OPSIYON;D_EQ;SSO;D_EQ_ECP;DE_TCELL_ECP;TCELL.E;2026-06-30;7.4;7.57;-2.25;0;0;0;0;0;0;0;0;0;0;0;;;;;
2026-04-24;O_TCELLE0626C130.00;TCELL_06/2026_AVRUPA_OPSIYON;D_EQ;SSO;D_EQ_ECP;DE_TCELL_ECP;TCELL.E;2026-06-30;5.52;5.69;-2.99;0;0;0;0;0;0;0;0;0;0;0;;;;;
2026-04-24;O_TCELLE0626C135.00;TCELL_06/2026_AVRUPA_OPSIYON;D_EQ;SSO;D_EQ_ECP;DE_TCELL_ECP;TCELL.E;2026-06-30;4.04;4.19;-3.58;0;0;0;0;0;0;0;0;0;0;0;;;;;
2026-04-24;O_TCELLE0626C140.00;TCELL_06/2026_AVRUPA_OPSIYON;D_EQ;SSO;D_EQ_ECP;DE_TCELL_ECP;TCELL.E;2026-06-30;2.9;3.03;-4.29;0;0;0;0;0;0;0;0;0;0;0;;;;;
2026-04-24;O_TCELLE0626C145.00;TCELL_06/2026_AVRUPA_OPSIYON;D_EQ;SSO;D_EQ_ECP;DE_TCELL_ECP;TCELL.E;2026-06-30;2.04;2.16;-5.56;0;0;0;0;0;0;0;0;0;0;0;;;;;
2026-04-24;O_TCELLE0626C150.00;TCELL_06/2026_AVRUPA_OPSIYON;D_EQ;SSO;D_EQ_ECP;DE_TCELL_ECP;TCELL.E;2026-06-30;1.41;1.51;-6.62;0;0;0;0;0;0;0;0;0;0;0;;;;;
2026-04-24;O_TCELLE0626C155.00;TCELL_06/2026_AVRUPA_OPSIYON;D_EQ;SSO;D_EQ_ECP;DE_TCELL_ECP;TCELL.E;2026-06-30;0.96;1.04;-7.69;0;0;0;0;0;0;0;0;0;0;0;;;;;
2026-04-24;O_TCELLE0626C160.00;TCELL_06/2026_AVRUPA_OPSIYON;D_EQ;SSO;D_EQ_ECP;DE_TCELL_ECP;TCELL.E;2026-06-30;0.64;0.71;-9.86;0;0;0;0;0;0;0;0;0;0;0;;;;;
2026-04-24;O_TCELLE0626P100.00;TCELL_06/2026_AVRUPA_OPSIYON;D_EQ;SSO;D_EQ_EPP;DE_TCELL_EPP;TCELL.E;2026-06-30;0.79;0.84;-5.95;0;0;0;0;0;0;0;0;0;0;0;;;;;
2026-04-24;O_TCELLE0626P105.00;TCELL_06/2026_AVRUPA_OPSIYON;D_EQ;SSO;D_EQ_EPP;DE_TCELL_EPP;TCELL.E;2026-06-30;1.45;1.52;-4.61;0;0;0;0;0;0;0;0;0;0;0;;;;;
2026-04-24;O_TCELLE0626P110.00;TCELL_06/2026_AVRUPA_OPSIYON;D_EQ;SSO;D_EQ_EPP;DE_TCELL_EPP;TCELL.E;2026-06-30;2.46;2.53;-2.77;0;0;0;0;0;0;0;0;0;0;0;;;;;
2026-04-24;O_TCELLE0626P115.00;TCELL_06/2026_AVRUPA_OPSIYON;D_EQ;SSO;D_EQ_EPP;DE_TCELL_EPP;TCELL.E;2026-06-30;3.86;3.94;-2.03;0;0;0;0;0;0;0;0;0;0;0;;;;;
2026-04-24;O_TCELLE0626P120.00;TCELL_06/2026_AVRUPA_OPSIYON;D_EQ;SSO;D_EQ_EPP;DE_TCELL_EPP;TCELL.E;2026-06-30;5.69;5.78;-1.56;0;0;0;0;0;0;0;0;0;0;0;;;;;
2026-04-24;O_TCELLE0626P125.00;TCELL_06/2026_AVRUPA_OPSIYON;D_EQ;SSO;D_EQ_EPP;DE_TCELL_EPP;TCELL.E;2026-06-30;7.98;8.06;-0.99;0;0;0;0;0;0;0;0;0;0;0;;;;;
2026-04-24;O_TCELLE0626P130.00;TCELL_06/2026_AVRUPA_OPSIYON;D_EQ;SSO;D_EQ_EPP;DE_TCELL_EPP;TCELL.E;2026-06-30;10.7;10.76;-0.56;0;0;0;0;0;0;0;0;0;0;0;;;;;
2026-04-24;O_TCELLE0626P135.00;TCELL_06/2026_AVRUPA_OPSIYON;D_EQ;SSO;D_EQ_EPP;DE_TCELL_EPP;TCELL.E;2026-06-30;13.81;13.85;-0.29;0;0;0;0;0;0;0;0;0;0;0;;;;;
2026-04-24;O_TCELLE0626P94.00;TCELL_06/2026_AVRUPA_OPSIYON;D_EQ;SSO;D_EQ_EPP;DE_TCELL_EPP;TCELL.E;2026-06-30;0.33;0.36;-8.33;0;0;0;0;0;0;0;0;0;0;0;;;;;
2026-04-24;O_TCELLE0626P96.00;TCELL_06/2026_AVRUPA_OPSIYON;D_EQ;SSO;D_EQ_EPP;DE_TCELL_EPP;TCELL.E;2026-06-30;0.45;0.49;-8.16;0;0;0;0;0;0;0;0;0;0;0;;;;;
2026-04-24;O_TCELLE0626P98.00;TCELL_06/2026_AVRUPA_OPSIYON;D_EQ;SSO;D_EQ_EPP;DE_TCELL_EPP;TCELL.E;2026-06-30;0.6;0.64;-6.25;0;0;0;0;0;0;0;0;0;0;0;;;;;
2026-04-24;O_THYAOE0426C280.00;THYAO_04/2026_AVRUPA_OPSIYON;D_EQ;SSO;D_EQ_ECP;DE_THYAO_ECP;THYAO.E;2026-04-30;46.75;45.84;1.99;0;0;0;0;0;0;0;0;0;155;0;;;;;
2026-04-24;O_THYAOE0426C290.00;THYAO_04/2026_AVRUPA_OPSIYON;D_EQ;SSO;D_EQ_ECP;DE_THYAO_ECP;THYAO.E;2026-04-30;36.83;36.01;2.28;0;0;0;0;0;0;0;0;0;724;0;;;;;
2026-04-24;O_THYAOE0426C300.00;THYAO_04/2026_AVRUPA_OPSIYON;D_EQ;SSO;D_EQ_ECP;DE_THYAO_ECP;THYAO.E;2026-04-30;27.06;26.47;2.23;0;0;0;0;0;0;0;0;0;151;0;;;;;
2026-04-24;O_THYAOE0426C310.00;THYAO_04/2026_AVRUPA_OPSIYON;D_EQ;SSO;D_EQ_ECP;DE_THYAO_ECP;THYAO.E;2026-04-30;17.87;17.72;0.85;0;0;0;0;0;0;0;0;0;558;0;;;;;
2026-04-24;O_THYAOE0426C320.00;THYAO_04/2026_AVRUPA_OPSIYON;D_EQ;SSO;D_EQ_ECP;DE_THYAO_ECP;THYAO.E;2026-04-30;10.14;10.5;-3.43;9.1;9.1;9.1;9.1;9.1;1856000;52780;58;6;1182;0;;;;;
2026-04-24;O_THYAOE0426C330.00;THYAO_04/2026_AVRUPA_OPSIYON;D_EQ;SSO;D_EQ_ECP;DE_THYAO_ECP;THYAO.E;2026-04-30;4.74;5.39;-12.06;4.1;2.85;4.1;2.85;3.31;5214000;52280;158;8;797;58;;;;;
2026-04-24;O_THYAOE0426C340.00;THYAO_04/2026_AVRUPA_OPSIYON;D_EQ;SSO;D_EQ_ECP;DE_THYAO_ECP;THYAO.E;2026-04-30;1.77;2.35;-24.68;1.5;0.95;1.5;1.2;1.29;8092000;30605;238;6;2311;232;;;;;
2026-04-24;O_THYAOE0426C350.00;THYAO_04/2026_AVRUPA_OPSIYON;D_EQ;SSO;D_EQ_ECP;DE_THYAO_ECP;THYAO.E;2026-04-30;0.53;0.88;-39.77;0;0;0;0;0;0;0;0;0;1676;0;;;;;
2026-04-24;O_THYAOE0426C360.00;THYAO_04/2026_AVRUPA_OPSIYON;D_EQ;SSO;D_EQ_ECP;DE_THYAO_ECP;THYAO.E;2026-04-30;0.13;0.28;-53.57;0.01;0.01;0.01;0.01;0.01;36000;1;1;1;2680;0;;;;;
2026-04-24;O_THYAOE0426C370.00;THYAO_04/2026_AVRUPA_OPSIYON;D_EQ;SSO;D_EQ_ECP;DE_THYAO_ECP;THYAO.E;2026-04-30;0.03;0.08;-62.5;0;0;0;0;0;0;0;0;0;1573;0;;;;;
2026-04-24;O_THYAOE0426C380.00;THYAO_04/2026_AVRUPA_OPSIYON;D_EQ;SSO;D_EQ_ECP;DE_THYAO_ECP;THYAO.E;2026-04-30;0.01;0.02;-50;0;0;0;0;0;0;0;0;0;50;0;;;;;
2026-04-24;O_THYAOE0426C390.00;THYAO_04/2026_AVRUPA_OPSIYON;D_EQ;SSO;D_EQ_ECP;DE_THYAO_ECP;THYAO.E;2026-04-30;0.01;0.01;0;0;0;0;0;0;0;0;0;0;76;0;;;;;
2026-04-24;O_THYAOE0426C400.00;THYAO_04/2026_AVRUPA_OPSIYON;D_EQ;SSO;D_EQ_ECP;DE_THYAO_ECP;THYAO.E;2026-04-30;0.01;0.01;0;0;0;0;0;0;0;0;0;0;16;0;;;;;
2026-04-24;O_THYAOE0426C410.00;THYAO_04/2026_AVRUPA_OPSIYON;D_EQ;SSO;D_EQ_ECP;DE_THYAO_ECP;THYAO.E;2026-04-30;0.01;0.01;0;0;0;0;0;0;0;0;0;0;20;0;;;;;
2026-04-24;O_THYAOE0426C420.00;THYAO_04/2026_AVRUPA_OPSIYON;D_EQ;SSO;D_EQ_ECP;DE_THYAO_ECP;THYAO.E;2026-04-30;0.01;0.01;0;0;0;0;0;0;0;0;0;0;0;0;;;;;
2026-04-24;O_THYAOE0426C430.00;THYAO_04/2026_AVRUPA_OPSIYON;D_EQ;SSO;D_EQ_ECP;DE_THYAO_ECP;THYAO.E;2026-04-30;0.01;0.01;0;0;0;0;0;0;0;0;0;0;0;0;;;;;
2026-04-24;O_THYAOE0426P240.00;THYAO_04/2026_AVRUPA_OPSIYON;D_EQ;SSO;D_EQ_EPP;DE_THYAO_EPP;THYAO.E;2026-04-30;0.01;0.01;0;0;0;0;0;0;0;0;0;0;11;0;;;;;
2026-04-24;O_THYAOE0426P245.00;THYAO_04/2026_AVRUPA_OPSIYON;D_EQ;SSO;D_EQ_EPP;DE_THYAO_EPP;THYAO.E;2026-04-30;0.01;0.01;0;0;0;0;0;0;0;0;0;0;21;0;;;;;
2026-04-24;O_THYAOE0426P250.00;THYAO_04/2026_AVRUPA_OPSIYON;D_EQ;SSO;D_EQ_EPP;DE_THYAO_EPP;THYAO.E;2026-04-30;0.01;0.01;0;0;0;0;0;0;0;0;0;0;0;0;;;;;
2026-04-24;O_THYAOE0426P260.00;THYAO_04/2026_AVRUPA_OPSIYON;D_EQ;SSO;D_EQ_EPP;DE_THYAO_EPP;THYAO.E;2026-04-30;0.01;0.01;0;0;0;0;0;0;0;0;0;0;50;0;;;;;
2026-04-24;O_THYAOE0426P270.00;THYAO_04/2026_AVRUPA_OPSIYON;D_EQ;SSO;D_EQ_EPP;DE_THYAO_EPP;THYAO.E;2026-04-30;0.01;0.01;0;0;0;0;0;0;0;0;0;0;73;0;;;;;
2026-04-24;O_THYAOE0426P280.00;THYAO_04/2026_AVRUPA_OPSIYON;D_EQ;SSO;D_EQ_EPP;DE_THYAO_EPP;THYAO.E;2026-04-30;0.01;0.02;-50;0;0;0;0;0;0;0;0;0;409;0;;;;;
2026-04-24;O_THYAOE0426P290.00;THYAO_04/2026_AVRUPA_OPSIYON;D_EQ;SSO;D_EQ_EPP;DE_THYAO_EPP;THYAO.E;2026-04-30;0.03;0.1;-70;0;0;0;0;0;0;0;0;0;2080;0;;;;;
2026-04-24;O_THYAOE0426P300.00;THYAO_04/2026_AVRUPA_OPSIYON;D_EQ;SSO;D_EQ_EPP;DE_THYAO_EPP;THYAO.E;2026-04-30;0.2;0.48;-58.33;0;0;0;0;0;0;0;0;0;683;0;;;;;
2026-04-24;O_THYAOE0426P310.00;THYAO_04/2026_AVRUPA_OPSIYON;D_EQ;SSO;D_EQ_EPP;DE_THYAO_EPP;THYAO.E;2026-04-30;0.94;1.65;-43.03;0;0;0;0;0;0;0;0;0;1660;0;;;;;
2026-04-24;O_THYAOE0426P320.00;THYAO_04/2026_AVRUPA_OPSIYON;D_EQ;SSO;D_EQ_EPP;DE_THYAO_EPP;THYAO.E;2026-04-30;3.15;4.35;-27.59;4.4;4.4;5;5;4.82;544000;8200;17;2;328;-12;;;;;
2026-04-24;O_THYAOE0426P330.00;THYAO_04/2026_AVRUPA_OPSIYON;D_EQ;SSO;D_EQ_EPP;DE_THYAO_EPP;THYAO.E;2026-04-30;7.68;9.15;-16.07;0;0;0;0;0;0;0;0;0;152;0;;;;;
2026-04-24;O_THYAOE0426P340.00;THYAO_04/2026_AVRUPA_OPSIYON;D_EQ;SSO;D_EQ_EPP;DE_THYAO_EPP;THYAO.E;2026-04-30;14.66;16.03;-8.55;0;0;0;0;0;0;0;0;0;104;0;;;;;
2026-04-24;O_THYAOE0426P350.00;THYAO_04/2026_AVRUPA_OPSIYON;D_EQ;SSO;D_EQ_EPP;DE_THYAO_EPP;THYAO.E;2026-04-30;23.35;24.48;-4.62;0;0;0;0;0;0;0;0;0;0;0;;;;;
2026-04-24;O_THYAOE0426P360.00;THYAO_04/2026_AVRUPA_OPSIYON;D_EQ;SSO;D_EQ_EPP;DE_THYAO_EPP;THYAO.E;2026-04-30;32.89;33.8;-2.69;0;0;0;0;0;0;0;0;0;0;0;;;;;
2026-04-24;O_THYAOE0426P370.00;THYAO_04/2026_AVRUPA_OPSIYON;D_EQ;SSO;D_EQ_EPP;DE_THYAO_EPP;THYAO.E;2026-04-30;42.72;43.51;-1.82;0;0;0;0;0;0;0;0;0;0;0;;;;;
2026-04-24;O_THYAOE0426P380.00;THYAO_04/2026_AVRUPA_OPSIYON;D_EQ;SSO;D_EQ_EPP;DE_THYAO_EPP;THYAO.E;2026-04-30;52.64;53.37;-1.37;0;0;0;0;0;0;0;0;0;0;0;;;;;
2026-04-24;O_THYAOE0526C290.00;THYAO_05/2026_AVRUPA_OPSIYON;D_EQ;SSO;D_EQ_ECP;DE_THYAO_ECP;THYAO.E;2026-05-25;45.56;44.94;1.38;0;0;0;0;0;0;0;0;0;0;0;;;;;
2026-04-24;O_THYAOE0526C310.00;THYAO_05/2026_AVRUPA_OPSIYON;D_EQ;SSO;D_EQ_ECP;DE_THYAO_ECP;THYAO.E;2026-05-25;29.29;29.03;0.9;0;0;0;0;0;0;0;0;0;53;0;;;;;
2026-04-24;O_THYAOE0526C320.00;THYAO_05/2026_AVRUPA_OPSIYON;D_EQ;SSO;D_EQ_ECP;DE_THYAO_ECP;THYAO.E;2026-05-25;22.4;22.34;0.27;17.45;17.45;17.45;17.45;17.45;384000;20940;12;3;20;0;;;;;
2026-04-24;O_THYAOE0526C330.00;THYAO_05/2026_AVRUPA_OPSIYON;D_EQ;SSO;D_EQ_ECP;DE_THYAO_ECP;THYAO.E;2026-05-25;16.59;16.69;-0.6;12.25;12.25;12.25;12.25;12.25;1419000;52675;43;1;1143;43;;;;;
2026-04-24;O_THYAOE0526C340.00;THYAO_05/2026_AVRUPA_OPSIYON;D_EQ;SSO;D_EQ_ECP;DE_THYAO_ECP;THYAO.E;2026-05-25;11.89;12.1;-1.74;0;0;0;0;0;0;0;0;0;1400;0;;;;;
2026-04-24;O_THYAOE0526C350.00;THYAO_05/2026_AVRUPA_OPSIYON;D_EQ;SSO;D_EQ_ECP;DE_THYAO_ECP;THYAO.E;2026-05-25;8.24;8.51;-3.17;0;0;0;0;0;0;0;0;0;295;0;;;;;
2026-04-24;O_THYAOE0526C360.00;THYAO_05/2026_AVRUPA_OPSIYON;D_EQ;SSO;D_EQ_ECP;DE_THYAO_ECP;THYAO.E;2026-05-25;5.59;5.87;-4.77;3.65;3.65;3.65;3.65;3.65;1548000;15695;43;1;101;43;;;;;
2026-04-24;O_THYAOE0526C370.00;THYAO_05/2026_AVRUPA_OPSIYON;D_EQ;SSO;D_EQ_ECP;DE_THYAO_ECP;THYAO.E;2026-05-25;3.69;3.94;-6.35;2.44;2.44;2.45;2.45;2.45;2072000;13707;56;2;529;56;;;;;
2026-04-24;O_THYAOE0526C380.00;THYAO_05/2026_AVRUPA_OPSIYON;D_EQ;SSO;D_EQ_ECP;DE_THYAO_ECP;THYAO.E;2026-05-25;2.38;2.59;-8.11;1.5;1.5;1.55;1.55;1.52;4902000;19565;129;3;811;129;;;;;
2026-04-24;O_THYAOE0526C390.00;THYAO_05/2026_AVRUPA_OPSIYON;D_EQ;SSO;D_EQ_ECP;DE_THYAO_ECP;THYAO.E;2026-05-25;1.5;1.67;-10.18;0;0;0;0;0;0;0;0;0;2027;0;;;;;
2026-04-24;O_THYAOE0526C400.00;THYAO_05/2026_AVRUPA_OPSIYON;D_EQ;SSO;D_EQ_ECP;DE_THYAO_ECP;THYAO.E;2026-05-25;0.93;1.05;-11.43;0;0;0;0;0;0;0;0;0;672;0;;;;;
2026-04-24;O_THYAOE0526P245.00;THYAO_05/2026_AVRUPA_OPSIYON;D_EQ;SSO;D_EQ_EPP;DE_THYAO_EPP;THYAO.E;2026-05-25;0.02;0.03;-33.33;0;0;0;0;0;0;0;0;0;0;0;;;;;
2026-04-24;O_THYAOE0526P250.00;THYAO_05/2026_AVRUPA_OPSIYON;D_EQ;SSO;D_EQ_EPP;DE_THYAO_EPP;THYAO.E;2026-05-25;0.04;0.06;-33.33;0;0;0;0;0;0;0;0;0;0;0;;;;;
2026-04-24;O_THYAOE0526P260.00;THYAO_05/2026_AVRUPA_OPSIYON;D_EQ;SSO;D_EQ_EPP;DE_THYAO_EPP;THYAO.E;2026-05-25;0.11;0.16;-31.25;0;0;0;0;0;0;0;0;0;100;0;;;;;
2026-04-24;O_THYAOE0526P270.00;THYAO_05/2026_AVRUPA_OPSIYON;D_EQ;SSO;D_EQ_EPP;DE_THYAO_EPP;THYAO.E;2026-05-25;0.29;0.38;-23.68;0;0;0;0;0;0;0;0;0;0;0;;;;;
2026-04-24;O_THYAOE0526P280.00;THYAO_05/2026_AVRUPA_OPSIYON;D_EQ;SSO;D_EQ_EPP;DE_THYAO_EPP;THYAO.E;2026-05-25;0.66;0.83;-20.48;0;0;0;0;0;0;0;0;0;1000;0;;;;;
2026-04-24;O_THYAOE0526P290.00;THYAO_05/2026_AVRUPA_OPSIYON;D_EQ;SSO;D_EQ_EPP;DE_THYAO_EPP;THYAO.E;2026-05-25;1.35;1.65;-18.18;0;0;0;0;0;0;0;0;0;20;0;;;;;
2026-04-24;O_THYAOE0526P300.00;THYAO_05/2026_AVRUPA_OPSIYON;D_EQ;SSO;D_EQ_EPP;DE_THYAO_EPP;THYAO.E;2026-05-25;2.55;3;-15;0;0;0;0;0;0;0;0;0;0;0;;;;;
2026-04-24;O_THYAOE0526P310.00;THYAO_05/2026_AVRUPA_OPSIYON;D_EQ;SSO;D_EQ_EPP;DE_THYAO_EPP;THYAO.E;2026-05-25;4.44;5.06;-12.25;3.15;3.15;3.15;3.15;3.15;124000;1260;4;1;0;-4;;;;;
2026-04-24;O_THYAOE0526P320.00;THYAO_05/2026_AVRUPA_OPSIYON;D_EQ;SSO;D_EQ_EPP;DE_THYAO_EPP;THYAO.E;2026-05-25;7.24;8.03;-9.84;0;0;0;0;0;0;0;0;0;308;0;;;;;
2026-04-24;O_THYAOE0526P330.00;THYAO_05/2026_AVRUPA_OPSIYON;D_EQ;SSO;D_EQ_EPP;DE_THYAO_EPP;THYAO.E;2026-05-25;11.11;12.04;-7.72;0;0;0;0;0;0;0;0;0;119;0;;;;;
2026-04-24;O_THYAOE0526P340.00;THYAO_05/2026_AVRUPA_OPSIYON;D_EQ;SSO;D_EQ_EPP;DE_THYAO_EPP;THYAO.E;2026-05-25;16.09;17.11;-5.96;0;0;0;0;0;0;0;0;0;2410;0;;;;;
2026-04-24;O_THYAOE0526P350.00;THYAO_05/2026_AVRUPA_OPSIYON;D_EQ;SSO;D_EQ_EPP;DE_THYAO_EPP;THYAO.E;2026-05-25;22.13;23.19;-4.57;19.7;19.7;19.7;19.7;19.7;350000;19700;10;1;10;10;;;;;
2026-04-24;O_THYAOE0626C310.00;THYAO_06/2026_AVRUPA_OPSIYON;D_EQ;SSO;D_EQ_ECP;DE_THYAO_ECP;THYAO.E;2026-06-30;45.57;45.25;0.71;0;0;0;0;0;0;0;0;0;10;0;;;;;
2026-04-24;O_THYAOE0626C320.00;THYAO_06/2026_AVRUPA_OPSIYON;D_EQ;SSO;D_EQ_ECP;DE_THYAO_ECP;THYAO.E;2026-06-30;38.64;38.45;0.49;0;0;0;0;0;0;0;0;0;0;0;;;;;
2026-04-24;O_THYAOE0626C330.00;THYAO_06/2026_AVRUPA_OPSIYON;D_EQ;SSO;D_EQ_ECP;DE_THYAO_ECP;THYAO.E;2026-06-30;32.35;32.29;0.19;0;0;0;0;0;0;0;0;0;0;0;;;;;
2026-04-24;O_THYAOE0626C340.00;THYAO_06/2026_AVRUPA_OPSIYON;D_EQ;SSO;D_EQ_ECP;DE_THYAO_ECP;THYAO.E;2026-06-30;26.76;26.8;-0.15;0;0;0;0;0;0;0;0;0;0;0;;;;;
2026-04-24;O_THYAOE0626C350.00;THYAO_06/2026_AVRUPA_OPSIYON;D_EQ;SSO;D_EQ_ECP;DE_THYAO_ECP;THYAO.E;2026-06-30;21.89;22.01;-0.55;0;0;0;0;0;0;0;0;0;0;0;;;;;
2026-04-24;O_THYAOE0626C360.00;THYAO_06/2026_AVRUPA_OPSIYON;D_EQ;SSO;D_EQ_ECP;DE_THYAO_ECP;THYAO.E;2026-06-30;17.7;17.89;-1.06;0;0;0;0;0;0;0;0;0;0;0;;;;;
2026-04-24;O_THYAOE0626C370.00;THYAO_06/2026_AVRUPA_OPSIYON;D_EQ;SSO;D_EQ_ECP;DE_THYAO_ECP;THYAO.E;2026-06-30;14.25;14.47;-1.52;0;0;0;0;0;0;0;0;0;0;0;;;;;
2026-04-24;O_THYAOE0626C380.00;THYAO_06/2026_AVRUPA_OPSIYON;D_EQ;SSO;D_EQ_ECP;DE_THYAO_ECP;THYAO.E;2026-06-30;11.37;11.6;-1.98;0;0;0;0;0;0;0;0;0;0;0;;;;;
2026-04-24;O_THYAOE0626C390.00;THYAO_06/2026_AVRUPA_OPSIYON;D_EQ;SSO;D_EQ_ECP;DE_THYAO_ECP;THYAO.E;2026-06-30;9.01;9.23;-2.38;0;0;0;0;0;0;0;0;0;0;0;;;;;
2026-04-24;O_THYAOE0626C400.00;THYAO_06/2026_AVRUPA_OPSIYON;D_EQ;SSO;D_EQ_ECP;DE_THYAO_ECP;THYAO.E;2026-06-30;7.09;7.3;-2.88;0;0;0;0;0;0;0;0;0;0;0;;;;;
2026-04-24;O_THYAOE0626C410.00;THYAO_06/2026_AVRUPA_OPSIYON;D_EQ;SSO;D_EQ_ECP;DE_THYAO_ECP;THYAO.E;2026-06-30;5.55;5.73;-3.14;0;0;0;0;0;0;0;0;0;0;0;;;;;
2026-04-24;O_THYAOE0626C420.00;THYAO_06/2026_AVRUPA_OPSIYON;D_EQ;SSO;D_EQ_ECP;DE_THYAO_ECP;THYAO.E;2026-06-30;4.32;4.48;-3.57;0;0;0;0;0;0;0;0;0;0;0;;;;;
2026-04-24;O_THYAOE0626P260.00;THYAO_06/2026_AVRUPA_OPSIYON;D_EQ;SSO;D_EQ_EPP;DE_THYAO_EPP;THYAO.E;2026-06-30;0.53;0.61;-13.11;0;0;0;0;0;0;0;0;0;0;0;;;;;
2026-04-24;O_THYAOE0626P270.00;THYAO_06/2026_AVRUPA_OPSIYON;D_EQ;SSO;D_EQ_EPP;DE_THYAO_EPP;THYAO.E;2026-06-30;0.93;1.06;-12.26;0;0;0;0;0;0;0;0;0;0;0;;;;;
2026-04-24;O_THYAOE0626P280.00;THYAO_06/2026_AVRUPA_OPSIYON;D_EQ;SSO;D_EQ_EPP;DE_THYAO_EPP;THYAO.E;2026-06-30;1.54;1.74;-11.49;0;0;0;0;0;0;0;0;0;0;0;;;;;
2026-04-24;O_THYAOE0626P290.00;THYAO_06/2026_AVRUPA_OPSIYON;D_EQ;SSO;D_EQ_EPP;DE_THYAO_EPP;THYAO.E;2026-06-30;2.45;2.72;-9.93;0;0;0;0;0;0;0;0;0;0;0;;;;;
2026-04-24;O_THYAOE0626P300.00;THYAO_06/2026_AVRUPA_OPSIYON;D_EQ;SSO;D_EQ_EPP;DE_THYAO_EPP;THYAO.E;2026-06-30;3.73;4.09;-8.8;0;0;0;0;0;0;0;0;0;0;0;;;;;
2026-04-24;O_THYAOE0626P310.00;THYAO_06/2026_AVRUPA_OPSIYON;D_EQ;SSO;D_EQ_EPP;DE_THYAO_EPP;THYAO.E;2026-06-30;5.47;5.93;-7.76;0;0;0;0;0;0;0;0;0;0;0;;;;;
2026-04-24;O_THYAOE0626P320.00;THYAO_06/2026_AVRUPA_OPSIYON;D_EQ;SSO;D_EQ_EPP;DE_THYAO_EPP;THYAO.E;2026-06-30;7.73;8.3;-6.87;0;0;0;0;0;0;0;0;0;0;0;;;;;
2026-04-24;O_THYAOE0626P330.00;THYAO_06/2026_AVRUPA_OPSIYON;D_EQ;SSO;D_EQ_EPP;DE_THYAO_EPP;THYAO.E;2026-06-30;10.63;11.3;-5.93;0;0;0;0;0;0;0;0;0;0;0;;;;;
2026-04-24;O_THYAOE0626P340.00;THYAO_06/2026_AVRUPA_OPSIYON;D_EQ;SSO;D_EQ_EPP;DE_THYAO_EPP;THYAO.E;2026-06-30;14.23;14.99;-5.07;0;0;0;0;0;0;0;0;0;0;0;;;;;
2026-04-24;O_THYAOE0626P350.00;THYAO_06/2026_AVRUPA_OPSIYON;D_EQ;SSO;D_EQ_EPP;DE_THYAO_EPP;THYAO.E;2026-06-30;18.55;19.36;-4.18;0;0;0;0;0;0;0;0;0;0;0;;;;;
2026-04-24;O_THYAOE0626P360.00;THYAO_06/2026_AVRUPA_OPSIYON;D_EQ;SSO;D_EQ_EPP;DE_THYAO_EPP;THYAO.E;2026-06-30;23.55;24.41;-3.52;0;0;0;0;0;0;0;0;0;0;0;;;;;
2026-04-24;O_THYAOE0626P370.00;THYAO_06/2026_AVRUPA_OPSIYON;D_EQ;SSO;D_EQ_EPP;DE_THYAO_EPP;THYAO.E;2026-06-30;29.29;30.15;-2.85;0;0;0;0;0;0;0;0;0;0;0;;;;;
2026-04-24;O_TOASOE0426C250.00;TOASO_04/2026_AVRUPA_OPSIYON;D_EQ;SSO;D_EQ_ECP;DE_TOASO_ECP;TOASO.E;2026-04-30;47.06;45.1;4.35;0;0;0;0;0;0;0;0;0;0;0;;;;;
2026-04-24;O_TOASOE0426C260.00;TOASO_04/2026_AVRUPA_OPSIYON;D_EQ;SSO;D_EQ_ECP;DE_TOASO_ECP;TOASO.E;2026-04-30;37.15;35.29;5.27;0;0;0;0;0;0;0;0;0;1;0;;;;;
2026-04-24;O_TOASOE0426C270.00;TOASO_04/2026_AVRUPA_OPSIYON;D_EQ;SSO;D_EQ_ECP;DE_TOASO_ECP;TOASO.E;2026-04-30;27.4;25.85;6;0;0;0;0;0;0;0;0;0;60;0;;;;;
2026-04-24;O_TOASOE0426C280.00;TOASO_04/2026_AVRUPA_OPSIYON;D_EQ;SSO;D_EQ_ECP;DE_TOASO_ECP;TOASO.E;2026-04-30;18.27;17.3;5.61;0;0;0;0;0;0;0;0;0;3;0;;;;;
2026-04-24;O_TOASOE0426C290.00;TOASO_04/2026_AVRUPA_OPSIYON;D_EQ;SSO;D_EQ_ECP;DE_TOASO_ECP;TOASO.E;2026-04-30;10.59;10.33;2.52;10.45;10.45;12;12;10.83;1450000;54150;50;5;530;28;;;;;
2026-04-24;O_TOASOE0426C300.00;TOASO_04/2026_AVRUPA_OPSIYON;D_EQ;SSO;D_EQ_ECP;DE_TOASO_ECP;TOASO.E;2026-04-30;5.15;5.4;-4.63;5.26;5.26;5.8;5.8;5.53;600000;11060;20;2;44;0;;;;;
2026-04-24;O_TOASOE0426C310.00;TOASO_04/2026_AVRUPA_OPSIYON;D_EQ;SSO;D_EQ_ECP;DE_TOASO_ECP;TOASO.E;2026-04-30;2.05;2.44;-15.98;0;0;0;0;0;0;0;0;0;604;0;;;;;
2026-04-24;O_TOASOE0426C320.00;TOASO_04/2026_AVRUPA_OPSIYON;D_EQ;SSO;D_EQ_ECP;DE_TOASO_ECP;TOASO.E;2026-04-30;0.66;0.95;-30.53;0;0;0;0;0;0;0;0;0;498;0;;;;;
2026-04-24;O_TOASOE0426C330.00;TOASO_04/2026_AVRUPA_OPSIYON;D_EQ;SSO;D_EQ_ECP;DE_TOASO_ECP;TOASO.E;2026-04-30;0.17;0.32;-46.88;0;0;0;0;0;0;0;0;0;0;0;;;;;
2026-04-24;O_TOASOE0426C340.00;TOASO_04/2026_AVRUPA_OPSIYON;D_EQ;SSO;D_EQ_ECP;DE_TOASO_ECP;TOASO.E;2026-04-30;0.04;0.09;-55.56;0;0;0;0;0;0;0;0;0;0;0;;;;;
2026-04-24;O_TOASOE0426C350.00;TOASO_04/2026_AVRUPA_OPSIYON;D_EQ;SSO;D_EQ_ECP;DE_TOASO_ECP;TOASO.E;2026-04-30;0.01;0.02;-50;0;0;0;0;0;0;0;0;0;0;0;;;;;
2026-04-24;O_TOASOE0426C360.00;TOASO_04/2026_AVRUPA_OPSIYON;D_EQ;SSO;D_EQ_ECP;DE_TOASO_ECP;TOASO.E;2026-04-30;0.01;0.01;0;0;0;0;0;0;0;0;0;0;0;0;;;;;
2026-04-24;O_TOASOE0426C370.00;TOASO_04/2026_AVRUPA_OPSIYON;D_EQ;SSO;D_EQ_ECP;DE_TOASO_ECP;TOASO.E;2026-04-30;0.01;0.01;0;0;0;0;0;0;0;0;0;0;0;0;;;;;
2026-04-24;O_TOASOE0426C380.00;TOASO_04/2026_AVRUPA_OPSIYON;D_EQ;SSO;D_EQ_ECP;DE_TOASO_ECP;TOASO.E;2026-04-30;0.01;0.01;0;0;0;0;0;0;0;0;0;0;0;0;;;;;
2026-04-24;O_TOASOE0426C390.00;TOASO_04/2026_AVRUPA_OPSIYON;D_EQ;SSO;D_EQ_ECP;DE_TOASO_ECP;TOASO.E;2026-04-30;0.01;0.01;0;0;0;0;0;0;0;0;0;0;0;0;;;;;
2026-04-24;O_TOASOE0426C400.00;TOASO_04/2026_AVRUPA_OPSIYON;D_EQ;SSO;D_EQ_ECP;DE_TOASO_ECP;TOASO.E;2026-04-30;0.01;0.01;0;0;0;0;0;0;0;0;0;0;0;0;;;;;
2026-04-24;O_TOASOE0426C410.00;TOASO_04/2026_AVRUPA_OPSIYON;D_EQ;SSO;D_EQ_ECP;DE_TOASO_ECP;TOASO.E;2026-04-30;0.01;0.01;0;0;0;0;0;0;0;0;0;0;0;0;;;;;
2026-04-24;O_TOASOE0426C420.00;TOASO_04/2026_AVRUPA_OPSIYON;D_EQ;SSO;D_EQ_ECP;DE_TOASO_ECP;TOASO.E;2026-04-30;0.01;0.01;0;0;0;0;0;0;0;0;0;0;0;0;;;;;
2026-04-24;O_TOASOE0426C430.00;TOASO_04/2026_AVRUPA_OPSIYON;D_EQ;SSO;D_EQ_ECP;DE_TOASO_ECP;TOASO.E;2026-04-30;0.01;0.01;0;0;0;0;0;0;0;0;0;0;0;0;;;;;
2026-04-24;O_TOASOE0426P225.00;TOASO_04/2026_AVRUPA_OPSIYON;D_EQ;SSO;D_EQ_EPP;DE_TOASO_EPP;TOASO.E;2026-04-30;0.01;0.01;0;0;0;0;0;0;0;0;0;0;0;0;;;;;
2026-04-24;O_TOASOE0426P230.00;TOASO_04/2026_AVRUPA_OPSIYON;D_EQ;SSO;D_EQ_EPP;DE_TOASO_EPP;TOASO.E;2026-04-30;0.01;0.01;0;0;0;0;0;0;0;0;0;0;0;0;;;;;
2026-04-24;O_TOASOE0426P235.00;TOASO_04/2026_AVRUPA_OPSIYON;D_EQ;SSO;D_EQ_EPP;DE_TOASO_EPP;TOASO.E;2026-04-30;0.01;0.01;0;0;0;0;0;0;0;0;0;0;0;0;;;;;
2026-04-24;O_TOASOE0426P240.00;TOASO_04/2026_AVRUPA_OPSIYON;D_EQ;SSO;D_EQ_EPP;DE_TOASO_EPP;TOASO.E;2026-04-30;0.01;0.01;0;0;0;0;0;0;0;0;0;0;0;0;;;;;
2026-04-24;O_TOASOE0426P245.00;TOASO_04/2026_AVRUPA_OPSIYON;D_EQ;SSO;D_EQ_EPP;DE_TOASO_EPP;TOASO.E;2026-04-30;0.01;0.01;0;0;0;0;0;0;0;0;0;0;0;0;;;;;
2026-04-24;O_TOASOE0426P250.00;TOASO_04/2026_AVRUPA_OPSIYON;D_EQ;SSO;D_EQ_EPP;DE_TOASO_EPP;TOASO.E;2026-04-30;0.01;0.02;-50;0;0;0;0;0;0;0;0;0;22;0;;;;;
2026-04-24;O_TOASOE0426P260.00;TOASO_04/2026_AVRUPA_OPSIYON;D_EQ;SSO;D_EQ_EPP;DE_TOASO_EPP;TOASO.E;2026-04-30;0.03;0.14;-78.57;0;0;0;0;0;0;0;0;0;128;0;;;;;
2026-04-24;O_TOASOE0426P270.00;TOASO_04/2026_AVRUPA_OPSIYON;D_EQ;SSO;D_EQ_EPP;DE_TOASO_EPP;TOASO.E;2026-04-30;0.22;0.61;-63.93;0;0;0;0;0;0;0;0;0;85;0;;;;;
2026-04-24;O_TOASOE0426P280.00;TOASO_04/2026_AVRUPA_OPSIYON;D_EQ;SSO;D_EQ_EPP;DE_TOASO_EPP;TOASO.E;2026-04-30;1.03;1.98;-47.98;0;0;0;0;0;0;0;0;0;55;0;;;;;
2026-04-24;O_TOASOE0426P290.00;TOASO_04/2026_AVRUPA_OPSIYON;D_EQ;SSO;D_EQ_EPP;DE_TOASO_EPP;TOASO.E;2026-04-30;3.28;4.93;-33.47;2.93;2.93;2.93;2.93;2.93;290000;2930;10;1;95;0;;;;;
2026-04-24;O_TOASOE0426P300.00;TOASO_04/2026_AVRUPA_OPSIYON;D_EQ;SSO;D_EQ_EPP;DE_TOASO_EPP;TOASO.E;2026-04-30;7.78;9.91;-21.49;0;0;0;0;0;0;0;0;0;70;0;;;;;
2026-04-24;O_TOASOE0426P310.00;TOASO_04/2026_AVRUPA_OPSIYON;D_EQ;SSO;D_EQ_EPP;DE_TOASO_EPP;TOASO.E;2026-04-30;14.61;16.87;-13.4;0;0;0;0;0;0;0;0;0;80;0;;;;;
2026-04-24;O_TOASOE0426P320.00;TOASO_04/2026_AVRUPA_OPSIYON;D_EQ;SSO;D_EQ_EPP;DE_TOASO_EPP;TOASO.E;2026-04-30;23.16;25.29;-8.42;0;0;0;0;0;0;0;0;0;50;0;;;;;
2026-04-24;O_TOASOE0426P330.00;TOASO_04/2026_AVRUPA_OPSIYON;D_EQ;SSO;D_EQ_EPP;DE_TOASO_EPP;TOASO.E;2026-04-30;32.61;34.58;-5.7;0;0;0;0;0;0;0;0;0;0;0;;;;;
2026-04-24;O_TOASOE0426P340.00;TOASO_04/2026_AVRUPA_OPSIYON;D_EQ;SSO;D_EQ_EPP;DE_TOASO_EPP;TOASO.E;2026-04-30;42.42;44.27;-4.18;0;0;0;0;0;0;0;0;0;0;0;;;;;
2026-04-24;O_TOASOE0426P350.00;TOASO_04/2026_AVRUPA_OPSIYON;D_EQ;SSO;D_EQ_EPP;DE_TOASO_EPP;TOASO.E;2026-04-30;52.33;54.12;-3.31;0;0;0;0;0;0;0;0;0;0;0;;;;;
2026-04-24;O_TOASOE0426P360.00;TOASO_04/2026_AVRUPA_OPSIYON;D_EQ;SSO;D_EQ_EPP;DE_TOASO_EPP;TOASO.E;2026-04-30;62.26;64.02;-2.75;0;0;0;0;0;0;0;0;0;0;0;;;;;
2026-04-24;O_TOASOE0426P370.00;TOASO_04/2026_AVRUPA_OPSIYON;D_EQ;SSO;D_EQ_EPP;DE_TOASO_EPP;TOASO.E;2026-04-30;72.2;73.93;-2.34;0;0;0;0;0;0;0;0;0;0;0;;;;;
2026-04-24;O_TOASOE0426P380.00;TOASO_04/2026_AVRUPA_OPSIYON;D_EQ;SSO;D_EQ_EPP;DE_TOASO_EPP;TOASO.E;2026-04-30;82.13;83.85;-2.05;0;0;0;0;0;0;0;0;0;0;0;;;;;
2026-04-24;O_TOASOE0526C260.00;TOASO_05/2026_AVRUPA_OPSIYON;D_EQ;SSO;D_EQ_ECP;DE_TOASO_ECP;TOASO.E;2026-05-25;45.25;43.73;3.48;0;0;0;0;0;0;0;0;0;0;0;;;;;
2026-04-24;O_TOASOE0526C270.00;TOASO_05/2026_AVRUPA_OPSIYON;D_EQ;SSO;D_EQ_ECP;DE_TOASO_ECP;TOASO.E;2026-05-25;36.9;35.64;3.54;0;0;0;0;0;0;0;0;0;0;0;;;;;
2026-04-24;O_TOASOE0526C280.00;TOASO_05/2026_AVRUPA_OPSIYON;D_EQ;SSO;D_EQ_ECP;DE_TOASO_ECP;TOASO.E;2026-05-25;29.3;28.33;3.42;0;0;0;0;0;0;0;0;0;10;0;;;;;
2026-04-24;O_TOASOE0526C290.00;TOASO_05/2026_AVRUPA_OPSIYON;D_EQ;SSO;D_EQ_ECP;DE_TOASO_ECP;TOASO.E;2026-05-25;22.62;21.93;3.15;21.7;21.25;21.7;21.25;21.34;1450000;106700;50;5;40;30;;;;;
2026-04-24;O_TOASOE0526C300.00;TOASO_05/2026_AVRUPA_OPSIYON;D_EQ;SSO;D_EQ_ECP;DE_TOASO_ECP;TOASO.E;2026-05-25;16.95;16.52;2.6;15.35;14.3;15.35;14.3;15;900000;45000;30;3;31;30;;;;;
2026-04-24;O_TOASOE0526C310.00;TOASO_05/2026_AVRUPA_OPSIYON;D_EQ;SSO;D_EQ_ECP;DE_TOASO_ECP;TOASO.E;2026-05-25;12.32;12.11;1.73;0;0;0;0;0;0;0;0;0;0;0;;;;;
2026-04-24;O_TOASOE0526C320.00;TOASO_05/2026_AVRUPA_OPSIYON;D_EQ;SSO;D_EQ_ECP;DE_TOASO_ECP;TOASO.E;2026-05-25;8.69;8.63;0.7;7.51;7.1;7.51;7.31;7.22;18400000;414897;575;25;734;575;;;;;
2026-04-24;O_TOASOE0526C330.00;TOASO_05/2026_AVRUPA_OPSIYON;D_EQ;SSO;D_EQ_ECP;DE_TOASO_ECP;TOASO.E;2026-05-25;5.95;5.99;-0.67;0;0;0;0;0;0;0;0;0;0;0;;;;;
2026-04-24;O_TOASOE0526C340.00;TOASO_05/2026_AVRUPA_OPSIYON;D_EQ;SSO;D_EQ_ECP;DE_TOASO_ECP;TOASO.E;2026-05-25;3.96;4.05;-2.22;0;0;0;0;0;0;0;0;0;0;0;;;;;
2026-04-24;O_TOASOE0526C350.00;TOASO_05/2026_AVRUPA_OPSIYON;D_EQ;SSO;D_EQ_ECP;DE_TOASO_ECP;TOASO.E;2026-05-25;2.56;2.67;-4.12;0;0;0;0;0;0;0;0;0;0;0;;;;;
2026-04-24;O_TOASOE0526C360.00;TOASO_05/2026_AVRUPA_OPSIYON;D_EQ;SSO;D_EQ_ECP;DE_TOASO_ECP;TOASO.E;2026-05-25;1.61;1.72;-6.4;0;0;0;0;0;0;0;0;0;0;0;;;;;
2026-04-24;O_TOASOE0526C370.00;TOASO_05/2026_AVRUPA_OPSIYON;D_EQ;SSO;D_EQ_ECP;DE_TOASO_ECP;TOASO.E;2026-05-25;0.98;1.08;-9.26;0;0;0;0;0;0;0;0;0;0;0;;;;;
2026-04-24;O_TOASOE0526C380.00;TOASO_05/2026_AVRUPA_OPSIYON;D_EQ;SSO;D_EQ_ECP;DE_TOASO_ECP;TOASO.E;2026-05-25;0.59;0.66;-10.61;0;0;0;0;0;0;0;0;0;0;0;;;;;
2026-04-24;O_TOASOE0526C390.00;TOASO_05/2026_AVRUPA_OPSIYON;D_EQ;SSO;D_EQ_ECP;DE_TOASO_ECP;TOASO.E;2026-05-25;0.34;0.4;-15;0;0;0;0;0;0;0;0;0;0;0;;;;;
2026-04-24;O_TOASOE0526C400.00;TOASO_05/2026_AVRUPA_OPSIYON;D_EQ;SSO;D_EQ_ECP;DE_TOASO_ECP;TOASO.E;2026-05-25;0.2;0.24;-16.67;0;0;0;0;0;0;0;0;0;0;0;;;;;
2026-04-24;O_TOASOE0526P230.00;TOASO_05/2026_AVRUPA_OPSIYON;D_EQ;SSO;D_EQ_EPP;DE_TOASO_EPP;TOASO.E;2026-05-25;0.11;0.18;-38.89;0;0;0;0;0;0;0;0;0;0;0;;;;;
2026-04-24;O_TOASOE0526P235.00;TOASO_05/2026_AVRUPA_OPSIYON;D_EQ;SSO;D_EQ_EPP;DE_TOASO_EPP;TOASO.E;2026-05-25;0.19;0.29;-34.48;0;0;0;0;0;0;0;0;0;12;0;;;;;
2026-04-24;O_TOASOE0526P240.00;TOASO_05/2026_AVRUPA_OPSIYON;D_EQ;SSO;D_EQ_EPP;DE_TOASO_EPP;TOASO.E;2026-05-25;0.3;0.45;-33.33;0;0;0;0;0;0;0;0;0;0;0;;;;;
2026-04-24;O_TOASOE0526P245.00;TOASO_05/2026_AVRUPA_OPSIYON;D_EQ;SSO;D_EQ_EPP;DE_TOASO_EPP;TOASO.E;2026-05-25;0.47;0.68;-30.88;0;0;0;0;0;0;0;0;0;0;0;;;;;
2026-04-24;O_TOASOE0526P250.00;TOASO_05/2026_AVRUPA_OPSIYON;D_EQ;SSO;D_EQ_EPP;DE_TOASO_EPP;TOASO.E;2026-05-25;0.71;0.99;-28.28;0;0;0;0;0;0;0;0;0;0;0;;;;;
2026-04-24;O_TOASOE0526P260.00;TOASO_05/2026_AVRUPA_OPSIYON;D_EQ;SSO;D_EQ_EPP;DE_TOASO_EPP;TOASO.E;2026-05-25;1.49;1.95;-23.59;0;0;0;0;0;0;0;0;0;0;0;;;;;
2026-04-24;O_TOASOE0526P270.00;TOASO_05/2026_AVRUPA_OPSIYON;D_EQ;SSO;D_EQ_EPP;DE_TOASO_EPP;TOASO.E;2026-05-25;2.83;3.52;-19.6;0;0;0;0;0;0;0;0;0;0;0;;;;;
2026-04-24;O_TOASOE0526P280.00;TOASO_05/2026_AVRUPA_OPSIYON;D_EQ;SSO;D_EQ_EPP;DE_TOASO_EPP;TOASO.E;2026-05-25;4.91;5.87;-16.35;0;0;0;0;0;0;0;0;0;0;0;;;;;
2026-04-24;O_TOASOE0526P290.00;TOASO_05/2026_AVRUPA_OPSIYON;D_EQ;SSO;D_EQ_EPP;DE_TOASO_EPP;TOASO.E;2026-05-25;7.91;9.14;-13.46;0;0;0;0;0;0;0;0;0;0;0;;;;;
2026-04-24;O_TOASOE0526P300.00;TOASO_05/2026_AVRUPA_OPSIYON;D_EQ;SSO;D_EQ_EPP;DE_TOASO_EPP;TOASO.E;2026-05-25;11.92;13.39;-10.98;11.25;11.25;11.25;11.25;11.25;900000;33750;30;3;30;30;;;;;
2026-04-24;O_TOASOE0526P310.00;TOASO_05/2026_AVRUPA_OPSIYON;D_EQ;SSO;D_EQ_EPP;DE_TOASO_EPP;TOASO.E;2026-05-25;16.98;18.64;-8.91;15.9;15.9;15.9;15.9;15.9;1333000;68370;43;5;63;43;;;;;
2026-04-24;O_TOASOE0526P320.00;TOASO_05/2026_AVRUPA_OPSIYON;D_EQ;SSO;D_EQ_EPP;DE_TOASO_EPP;TOASO.E;2026-05-25;23.03;24.83;-7.25;21.8;21.8;21.8;21.8;21.8;1376000;93740;43;5;43;43;;;;;
2026-04-24;O_TOASOE0526P330.00;TOASO_05/2026_AVRUPA_OPSIYON;D_EQ;SSO;D_EQ_EPP;DE_TOASO_EPP;TOASO.E;2026-05-25;29.97;31.85;-5.9;0;0;0;0;0;0;0;0;0;0;0;;;;;
2026-04-24;O_TOASOE0526P340.00;TOASO_05/2026_AVRUPA_OPSIYON;D_EQ;SSO;D_EQ_EPP;DE_TOASO_EPP;TOASO.E;2026-05-25;37.66;39.57;-4.83;0;0;0;0;0;0;0;0;0;0;0;;;;;
2026-04-24;O_TOASOE0526P350.00;TOASO_05/2026_AVRUPA_OPSIYON;D_EQ;SSO;D_EQ_EPP;DE_TOASO_EPP;TOASO.E;2026-05-25;45.94;47.85;-3.99;0;0;0;0;0;0;0;0;0;0;0;;;;;
2026-04-24;O_TOASOE0626C270.00;TOASO_06/2026_AVRUPA_OPSIYON;D_EQ;SSO;D_EQ_ECP;DE_TOASO_ECP;TOASO.E;2026-06-30;51.64;50.4;2.46;0;0;0;0;0;0;0;0;0;0;0;;;;;
2026-04-24;O_TOASOE0626C280.00;TOASO_06/2026_AVRUPA_OPSIYON;D_EQ;SSO;D_EQ_ECP;DE_TOASO_ECP;TOASO.E;2026-06-30;44.46;43.41;2.42;0;0;0;0;0;0;0;0;0;0;0;;;;;
2026-04-24;O_TOASOE0626C290.00;TOASO_06/2026_AVRUPA_OPSIYON;D_EQ;SSO;D_EQ_ECP;DE_TOASO_ECP;TOASO.E;2026-06-30;37.85;36.99;2.32;0;0;0;0;0;0;0;0;0;0;0;;;;;
2026-04-24;O_TOASOE0626C300.00;TOASO_06/2026_AVRUPA_OPSIYON;D_EQ;SSO;D_EQ_ECP;DE_TOASO_ECP;TOASO.E;2026-06-30;31.87;31.19;2.18;0;0;0;0;0;0;0;0;0;0;0;;;;;
2026-04-24;O_TOASOE0626C310.00;TOASO_06/2026_AVRUPA_OPSIYON;D_EQ;SSO;D_EQ_ECP;DE_TOASO_ECP;TOASO.E;2026-06-30;26.53;26.02;1.96;0;0;0;0;0;0;0;0;0;0;0;;;;;
2026-04-24;O_TOASOE0626C320.00;TOASO_06/2026_AVRUPA_OPSIYON;D_EQ;SSO;D_EQ_ECP;DE_TOASO_ECP;TOASO.E;2026-06-30;21.85;21.49;1.68;0;0;0;0;0;0;0;0;0;0;0;;;;;
2026-04-24;O_TOASOE0626C330.00;TOASO_06/2026_AVRUPA_OPSIYON;D_EQ;SSO;D_EQ_ECP;DE_TOASO_ECP;TOASO.E;2026-06-30;17.8;17.57;1.31;0;0;0;0;0;0;0;0;0;0;0;;;;;
2026-04-24;O_TOASOE0626C340.00;TOASO_06/2026_AVRUPA_OPSIYON;D_EQ;SSO;D_EQ_ECP;DE_TOASO_ECP;TOASO.E;2026-06-30;14.35;14.22;0.91;0;0;0;0;0;0;0;0;0;0;0;;;;;
2026-04-24;O_TOASOE0626C350.00;TOASO_06/2026_AVRUPA_OPSIYON;D_EQ;SSO;D_EQ_ECP;DE_TOASO_ECP;TOASO.E;2026-06-30;11.45;11.41;0.35;0;0;0;0;0;0;0;0;0;0;0;;;;;
2026-04-24;O_TOASOE0626C360.00;TOASO_06/2026_AVRUPA_OPSIYON;D_EQ;SSO;D_EQ_ECP;DE_TOASO_ECP;TOASO.E;2026-06-30;9.05;9.07;-0.22;0;0;0;0;0;0;0;0;0;0;0;;;;;
2026-04-24;O_TOASOE0626C370.00;TOASO_06/2026_AVRUPA_OPSIYON;D_EQ;SSO;D_EQ_ECP;DE_TOASO_ECP;TOASO.E;2026-06-30;7.08;7.15;-0.98;0;0;0;0;0;0;0;0;0;0;0;;;;;
2026-04-24;O_TOASOE0626C380.00;TOASO_06/2026_AVRUPA_OPSIYON;D_EQ;SSO;D_EQ_ECP;DE_TOASO_ECP;TOASO.E;2026-06-30;5.5;5.59;-1.61;0;0;0;0;0;0;0;0;0;0;0;;;;;
2026-04-24;O_TOASOE0626P235.00;TOASO_06/2026_AVRUPA_OPSIYON;D_EQ;SSO;D_EQ_EPP;DE_TOASO_EPP;TOASO.E;2026-06-30;0.75;0.94;-20.21;0;0;0;0;0;0;0;0;0;0;0;;;;;
2026-04-24;O_TOASOE0626P240.00;TOASO_06/2026_AVRUPA_OPSIYON;D_EQ;SSO;D_EQ_EPP;DE_TOASO_EPP;TOASO.E;2026-06-30;1;1.24;-19.35;0;0;0;0;0;0;0;0;0;0;0;;;;;
2026-04-24;O_TOASOE0626P245.00;TOASO_06/2026_AVRUPA_OPSIYON;D_EQ;SSO;D_EQ_EPP;DE_TOASO_EPP;TOASO.E;2026-06-30;1.32;1.62;-18.52;0;0;0;0;0;0;0;0;0;0;0;;;;;
2026-04-24;O_TOASOE0626P250.00;TOASO_06/2026_AVRUPA_OPSIYON;D_EQ;SSO;D_EQ_EPP;DE_TOASO_EPP;TOASO.E;2026-06-30;1.72;2.07;-16.91;0;0;0;0;0;0;0;0;0;0;0;;;;;
2026-04-24;O_TOASOE0626P260.00;TOASO_06/2026_AVRUPA_OPSIYON;D_EQ;SSO;D_EQ_EPP;DE_TOASO_EPP;TOASO.E;2026-06-30;2.78;3.27;-14.98;0;0;0;0;0;0;0;0;0;0;0;;;;;
2026-04-24;O_TOASOE0626P270.00;TOASO_06/2026_AVRUPA_OPSIYON;D_EQ;SSO;D_EQ_EPP;DE_TOASO_EPP;TOASO.E;2026-06-30;4.28;4.92;-13.01;0;0;0;0;0;0;0;0;0;0;0;;;;;
2026-04-24;O_TOASOE0626P280.00;TOASO_06/2026_AVRUPA_OPSIYON;D_EQ;SSO;D_EQ_EPP;DE_TOASO_EPP;TOASO.E;2026-06-30;6.29;7.09;-11.28;0;0;0;0;0;0;0;0;0;0;0;;;;;
2026-04-24;O_TOASOE0626P290.00;TOASO_06/2026_AVRUPA_OPSIYON;D_EQ;SSO;D_EQ_EPP;DE_TOASO_EPP;TOASO.E;2026-06-30;8.87;9.83;-9.77;0;0;0;0;0;0;0;0;0;0;0;;;;;
2026-04-24;O_TOASOE0626P300.00;TOASO_06/2026_AVRUPA_OPSIYON;D_EQ;SSO;D_EQ_EPP;DE_TOASO_EPP;TOASO.E;2026-06-30;12.08;13.2;-8.48;0;0;0;0;0;0;0;0;0;0;0;;;;;
2026-04-24;O_TOASOE0626P310.00;TOASO_06/2026_AVRUPA_OPSIYON;D_EQ;SSO;D_EQ_EPP;DE_TOASO_EPP;TOASO.E;2026-06-30;15.93;17.2;-7.38;0;0;0;0;0;0;0;0;0;0;0;;;;;
2026-04-24;O_TOASOE0626P320.00;TOASO_06/2026_AVRUPA_OPSIYON;D_EQ;SSO;D_EQ_EPP;DE_TOASO_EPP;TOASO.E;2026-06-30;20.44;21.84;-6.41;0;0;0;0;0;0;0;0;0;0;0;;;;;
2026-04-24;O_TOASOE0626P330.00;TOASO_06/2026_AVRUPA_OPSIYON;D_EQ;SSO;D_EQ_EPP;DE_TOASO_EPP;TOASO.E;2026-06-30;25.58;27.08;-5.54;0;0;0;0;0;0;0;0;0;0;0;;;;;
2026-04-24;O_TTKOME0426C56.00;TTKOM_04/2026_AVRUPA_OPSIYON;D_EQ;SSO;D_EQ_ECP;DE_TTKOM_ECP;TTKOM.E;2026-04-30;8.6;8.13;5.78;0;0;0;0;0;0;0;0;0;0;0;;;;;
2026-04-24;O_TTKOME0426C58.00;TTKOM_04/2026_AVRUPA_OPSIYON;D_EQ;SSO;D_EQ_ECP;DE_TTKOM_ECP;TTKOM.E;2026-04-30;6.63;6.2;6.94;0;0;0;0;0;0;0;0;0;50;0;;;;;
2026-04-24;O_TTKOME0426C60.00;TTKOM_04/2026_AVRUPA_OPSIYON;D_EQ;SSO;D_EQ_ECP;DE_TTKOM_ECP;TTKOM.E;2026-04-30;4.72;4.38;7.76;0;0;0;0;0;0;0;0;0;102;0;;;;;
2026-04-24;O_TTKOME0426C62.00;TTKOM_04/2026_AVRUPA_OPSIYON;D_EQ;SSO;D_EQ_ECP;DE_TTKOM_ECP;TTKOM.E;2026-04-30;3.01;2.81;7.12;0;0;0;0;0;0;0;0;0;77;0;;;;;
2026-04-24;O_TTKOME0426C64.00;TTKOM_04/2026_AVRUPA_OPSIYON;D_EQ;SSO;D_EQ_ECP;DE_TTKOM_ECP;TTKOM.E;2026-04-30;1.65;1.59;3.77;1.58;1.58;1.58;1.58;1.58;1811200;44714;283;1;313;283;;;;;
2026-04-24;O_TTKOME0426C66.00;TTKOM_04/2026_AVRUPA_OPSIYON;D_EQ;SSO;D_EQ_ECP;DE_TTKOM_ECP;TTKOM.E;2026-04-30;0.76;0.79;-3.8;0;0;0;0;0;0;0;0;0;782;0;;;;;
2026-04-24;O_TTKOME0426C68.00;TTKOM_04/2026_AVRUPA_OPSIYON;D_EQ;SSO;D_EQ_ECP;DE_TTKOM_ECP;TTKOM.E;2026-04-30;0.29;0.34;-14.71;0;0;0;0;0;0;0;0;0;51;0;;;;;
2026-04-24;O_TTKOME0426C70.00;TTKOM_04/2026_AVRUPA_OPSIYON;D_EQ;SSO;D_EQ_ECP;DE_TTKOM_ECP;TTKOM.E;2026-04-30;0.09;0.13;-30.77;0;0;0;0;0;0;0;0;0;3;0;;;;;
2026-04-24;O_TTKOME0426C72.00;TTKOM_04/2026_AVRUPA_OPSIYON;D_EQ;SSO;D_EQ_ECP;DE_TTKOM_ECP;TTKOM.E;2026-04-30;0.02;0.05;-60;0;0;0;0;0;0;0;0;0;0;0;;;;;
2026-04-24;O_TTKOME0426C74.00;TTKOM_04/2026_AVRUPA_OPSIYON;D_EQ;SSO;D_EQ_ECP;DE_TTKOM_ECP;TTKOM.E;2026-04-30;0.01;0.01;0;0;0;0;0;0;0;0;0;0;0;0;;;;;
2026-04-24;O_TTKOME0426C76.00;TTKOM_04/2026_AVRUPA_OPSIYON;D_EQ;SSO;D_EQ_ECP;DE_TTKOM_ECP;TTKOM.E;2026-04-30;0.01;0.01;0;0;0;0;0;0;0;0;0;0;0;0;;;;;
2026-04-24;O_TTKOME0426C78.00;TTKOM_04/2026_AVRUPA_OPSIYON;D_EQ;SSO;D_EQ_ECP;DE_TTKOM_ECP;TTKOM.E;2026-04-30;0.01;0.01;0;0;0;0;0;0;0;0;0;0;0;0;;;;;
2026-04-24;O_TTKOME0426C80.00;TTKOM_04/2026_AVRUPA_OPSIYON;D_EQ;SSO;D_EQ_ECP;DE_TTKOM_ECP;TTKOM.E;2026-04-30;0.01;0.01;0;0;0;0;0;0;0;0;0;0;0;0;;;;;
2026-04-24;O_TTKOME0426C82.00;TTKOM_04/2026_AVRUPA_OPSIYON;D_EQ;SSO;D_EQ_ECP;DE_TTKOM_ECP;TTKOM.E;2026-04-30;0.01;0.01;0;0;0;0;0;0;0;0;0;0;0;0;;;;;
2026-04-24;O_TTKOME0426C84.00;TTKOM_04/2026_AVRUPA_OPSIYON;D_EQ;SSO;D_EQ_ECP;DE_TTKOM_ECP;TTKOM.E;2026-04-30;0.01;0.01;0;0;0;0;0;0;0;0;0;0;0;0;;;;;
2026-04-24;O_TTKOME0426C86.00;TTKOM_04/2026_AVRUPA_OPSIYON;D_EQ;SSO;D_EQ_ECP;DE_TTKOM_ECP;TTKOM.E;2026-04-30;0.01;0.01;0;0;0;0;0;0;0;0;0;0;0;0;;;;;
2026-04-24;O_TTKOME0426C88.00;TTKOM_04/2026_AVRUPA_OPSIYON;D_EQ;SSO;D_EQ_ECP;DE_TTKOM_ECP;TTKOM.E;2026-04-30;0.01;0.01;0;0;0;0;0;0;0;0;0;0;0;0;;;;;
2026-04-24;O_TTKOME0426C90.00;TTKOM_04/2026_AVRUPA_OPSIYON;D_EQ;SSO;D_EQ_ECP;DE_TTKOM_ECP;TTKOM.E;2026-04-30;0.01;0.01;0;0;0;0;0;0;0;0;0;0;0;0;;;;;
2026-04-24;O_TTKOME0426P48.00;TTKOM_04/2026_AVRUPA_OPSIYON;D_EQ;SSO;D_EQ_EPP;DE_TTKOM_EPP;TTKOM.E;2026-04-30;0.01;0.01;0;0;0;0;0;0;0;0;0;0;0;0;;;;;
2026-04-24;O_TTKOME0426P49.00;TTKOM_04/2026_AVRUPA_OPSIYON;D_EQ;SSO;D_EQ_EPP;DE_TTKOM_EPP;TTKOM.E;2026-04-30;0.01;0.01;0;0;0;0;0;0;0;0;0;0;0;0;;;;;
2026-04-24;O_TTKOME0426P50.00;TTKOM_04/2026_AVRUPA_OPSIYON;D_EQ;SSO;D_EQ_EPP;DE_TTKOM_EPP;TTKOM.E;2026-04-30;0.01;0.01;0;0;0;0;0;0;0;0;0;0;0;0;;;;;
2026-04-24;O_TTKOME0426P52.00;TTKOM_04/2026_AVRUPA_OPSIYON;D_EQ;SSO;D_EQ_EPP;DE_TTKOM_EPP;TTKOM.E;2026-04-30;0.01;0.01;0;0;0;0;0;0;0;0;0;0;40;0;;;;;
2026-04-24;O_TTKOME0426P54.00;TTKOM_04/2026_AVRUPA_OPSIYON;D_EQ;SSO;D_EQ_EPP;DE_TTKOM_EPP;TTKOM.E;2026-04-30;0.01;0.01;0;0;0;0;0;0;0;0;0;0;1883;0;;;;;
2026-04-24;O_TTKOME0426P56.00;TTKOM_04/2026_AVRUPA_OPSIYON;D_EQ;SSO;D_EQ_EPP;DE_TTKOM_EPP;TTKOM.E;2026-04-30;0.01;0.02;-50;0;0;0;0;0;0;0;0;0;96;0;;;;;
2026-04-24;O_TTKOME0426P58.00;TTKOM_04/2026_AVRUPA_OPSIYON;D_EQ;SSO;D_EQ_EPP;DE_TTKOM_EPP;TTKOM.E;2026-04-30;0.02;0.07;-71.43;0;0;0;0;0;0;0;0;0;1860;0;;;;;
2026-04-24;O_TTKOME0426P60.00;TTKOM_04/2026_AVRUPA_OPSIYON;D_EQ;SSO;D_EQ_EPP;DE_TTKOM_EPP;TTKOM.E;2026-04-30;0.1;0.24;-58.33;0;0;0;0;0;0;0;0;0;388;0;;;;;
2026-04-24;O_TTKOME0426P62.00;TTKOM_04/2026_AVRUPA_OPSIYON;D_EQ;SSO;D_EQ_EPP;DE_TTKOM_EPP;TTKOM.E;2026-04-30;0.37;0.64;-42.19;0;0;0;0;0;0;0;0;0;456;0;;;;;
2026-04-24;O_TTKOME0426P64.00;TTKOM_04/2026_AVRUPA_OPSIYON;D_EQ;SSO;D_EQ_EPP;DE_TTKOM_EPP;TTKOM.E;2026-04-30;1;1.41;-29.08;0.94;0.94;0.94;0.94;0.94;1811200;26602;283;1;1537;204;;;;;
2026-04-24;O_TTKOME0426P66.00;TTKOM_04/2026_AVRUPA_OPSIYON;D_EQ;SSO;D_EQ_EPP;DE_TTKOM_EPP;TTKOM.E;2026-04-30;2.1;2.6;-19.23;0;0;0;0;0;0;0;0;0;200;0;;;;;
2026-04-24;O_TTKOME0426P68.00;TTKOM_04/2026_AVRUPA_OPSIYON;D_EQ;SSO;D_EQ_EPP;DE_TTKOM_EPP;TTKOM.E;2026-04-30;3.61;4.13;-12.59;0;0;0;0;0;0;0;0;0;150;0;;;;;
2026-04-24;O_TTKOME0426P70.00;TTKOM_04/2026_AVRUPA_OPSIYON;D_EQ;SSO;D_EQ_EPP;DE_TTKOM_EPP;TTKOM.E;2026-04-30;5.4;5.9;-8.47;0;0;0;0;0;0;0;0;0;75;0;;;;;
2026-04-24;O_TTKOME0426P72.00;TTKOM_04/2026_AVRUPA_OPSIYON;D_EQ;SSO;D_EQ_EPP;DE_TTKOM_EPP;TTKOM.E;2026-04-30;7.32;7.8;-6.15;0;0;0;0;0;0;0;0;0;0;0;;;;;
2026-04-24;O_TTKOME0426P74.00;TTKOM_04/2026_AVRUPA_OPSIYON;D_EQ;SSO;D_EQ_EPP;DE_TTKOM_EPP;TTKOM.E;2026-04-30;9.29;9.75;-4.72;0;0;0;0;0;0;0;0;0;0;0;;;;;
2026-04-24;O_TTKOME0426P76.00;TTKOM_04/2026_AVRUPA_OPSIYON;D_EQ;SSO;D_EQ_EPP;DE_TTKOM_EPP;TTKOM.E;2026-04-30;11.28;11.72;-3.75;0;0;0;0;0;0;0;0;0;0;0;;;;;
2026-04-24;O_TTKOME0426P78.00;TTKOM_04/2026_AVRUPA_OPSIYON;D_EQ;SSO;D_EQ_EPP;DE_TTKOM_EPP;TTKOM.E;2026-04-30;13.26;13.7;-3.21;0;0;0;0;0;0;0;0;0;0;0;;;;;
2026-04-24;O_TTKOME0426P80.00;TTKOM_04/2026_AVRUPA_OPSIYON;D_EQ;SSO;D_EQ_EPP;DE_TTKOM_EPP;TTKOM.E;2026-04-30;15.25;15.69;-2.8;0;0;0;0;0;0;0;0;0;0;0;;;;;
2026-04-24;O_TTKOME0526C58.00;TTKOM_05/2026_AVRUPA_OPSIYON;D_EQ;SSO;D_EQ_ECP;DE_TTKOM_ECP;TTKOM.E;2026-05-25;8.52;8.18;4.16;0;0;0;0;0;0;0;0;0;0;0;;;;;
2026-04-24;O_TTKOME0526C60.00;TTKOM_05/2026_AVRUPA_OPSIYON;D_EQ;SSO;D_EQ_ECP;DE_TTKOM_ECP;TTKOM.E;2026-05-25;6.91;6.62;4.38;0;0;0;0;0;0;0;0;0;0;0;;;;;
2026-04-24;O_TTKOME0526C62.00;TTKOM_05/2026_AVRUPA_OPSIYON;D_EQ;SSO;D_EQ_ECP;DE_TTKOM_ECP;TTKOM.E;2026-05-25;5.46;5.21;4.8;0;0;0;0;0;0;0;0;0;0;0;;;;;
2026-04-24;O_TTKOME0526C64.00;TTKOM_05/2026_AVRUPA_OPSIYON;D_EQ;SSO;D_EQ_ECP;DE_TTKOM_ECP;TTKOM.E;2026-05-25;4.2;4.01;4.74;0;0;0;0;0;0;0;0;0;0;0;;;;;
2026-04-24;O_TTKOME0526C66.00;TTKOM_05/2026_AVRUPA_OPSIYON;D_EQ;SSO;D_EQ_ECP;DE_TTKOM_ECP;TTKOM.E;2026-05-25;3.14;3;4.67;0;0;0;0;0;0;0;0;0;50;0;;;;;
2026-04-24;O_TTKOME0526C68.00;TTKOM_05/2026_AVRUPA_OPSIYON;D_EQ;SSO;D_EQ_ECP;DE_TTKOM_ECP;TTKOM.E;2026-05-25;2.28;2.19;4.11;0;0;0;0;0;0;0;0;0;0;0;;;;;
2026-04-24;O_TTKOME0526C70.00;TTKOM_05/2026_AVRUPA_OPSIYON;D_EQ;SSO;D_EQ_ECP;DE_TTKOM_ECP;TTKOM.E;2026-05-25;1.61;1.57;2.55;0;0;0;0;0;0;0;0;0;0;0;;;;;
2026-04-24;O_TTKOME0526C72.00;TTKOM_05/2026_AVRUPA_OPSIYON;D_EQ;SSO;D_EQ_ECP;DE_TTKOM_ECP;TTKOM.E;2026-05-25;1.11;1.11;0;0;0;0;0;0;0;0;0;0;0;0;;;;;
2026-04-24;O_TTKOME0526C74.00;TTKOM_05/2026_AVRUPA_OPSIYON;D_EQ;SSO;D_EQ_ECP;DE_TTKOM_ECP;TTKOM.E;2026-05-25;0.74;0.77;-3.9;0;0;0;0;0;0;0;0;0;1;0;;;;;
2026-04-24;O_TTKOME0526C76.00;TTKOM_05/2026_AVRUPA_OPSIYON;D_EQ;SSO;D_EQ_ECP;DE_TTKOM_ECP;TTKOM.E;2026-05-25;0.48;0.53;-9.43;0;0;0;0;0;0;0;0;0;0;0;;;;;
2026-04-24;O_TTKOME0526C78.00;TTKOM_05/2026_AVRUPA_OPSIYON;D_EQ;SSO;D_EQ_ECP;DE_TTKOM_ECP;TTKOM.E;2026-05-25;0.3;0.35;-14.29;0;0;0;0;0;0;0;0;0;1;0;;;;;
2026-04-24;O_TTKOME0526C80.00;TTKOM_05/2026_AVRUPA_OPSIYON;D_EQ;SSO;D_EQ_ECP;DE_TTKOM_ECP;TTKOM.E;2026-05-25;0.19;0.24;-20.83;0;0;0;0;0;0;0;0;0;0;0;;;;;
2026-04-24;O_TTKOME0526C82.00;TTKOM_05/2026_AVRUPA_OPSIYON;D_EQ;SSO;D_EQ_ECP;DE_TTKOM_ECP;TTKOM.E;2026-05-25;0.11;0.16;-31.25;0;0;0;0;0;0;0;0;0;0;0;;;;;
2026-04-24;O_TTKOME0526C84.00;TTKOM_05/2026_AVRUPA_OPSIYON;D_EQ;SSO;D_EQ_ECP;DE_TTKOM_ECP;TTKOM.E;2026-05-25;0.07;0.1;-30;0;0;0;0;0;0;0;0;0;0;0;;;;;
2026-04-24;O_TTKOME0526C86.00;TTKOM_05/2026_AVRUPA_OPSIYON;D_EQ;SSO;D_EQ_ECP;DE_TTKOM_ECP;TTKOM.E;2026-05-25;0.04;0.07;-42.86;0;0;0;0;0;0;0;0;0;0;0;;;;;
2026-04-24;O_TTKOME0526P49.00;TTKOM_05/2026_AVRUPA_OPSIYON;D_EQ;SSO;D_EQ_EPP;DE_TTKOM_EPP;TTKOM.E;2026-05-25;0.01;0.02;-50;0;0;0;0;0;0;0;0;0;60;0;;;;;
2026-04-24;O_TTKOME0526P50.00;TTKOM_05/2026_AVRUPA_OPSIYON;D_EQ;SSO;D_EQ_EPP;DE_TTKOM_EPP;TTKOM.E;2026-05-25;0.02;0.04;-50;0;0;0;0;0;0;0;0;0;0;0;;;;;
2026-04-24;O_TTKOME0526P52.00;TTKOM_05/2026_AVRUPA_OPSIYON;D_EQ;SSO;D_EQ_EPP;DE_TTKOM_EPP;TTKOM.E;2026-05-25;0.04;0.08;-50;0;0;0;0;0;0;0;0;0;0;0;;;;;
2026-04-24;O_TTKOME0526P54.00;TTKOM_05/2026_AVRUPA_OPSIYON;D_EQ;SSO;D_EQ_EPP;DE_TTKOM_EPP;TTKOM.E;2026-05-25;0.1;0.17;-41.18;0;0;0;0;0;0;0;0;0;0;0;;;;;
2026-04-24;O_TTKOME0526P56.00;TTKOM_05/2026_AVRUPA_OPSIYON;D_EQ;SSO;D_EQ_EPP;DE_TTKOM_EPP;TTKOM.E;2026-05-25;0.22;0.32;-31.25;0;0;0;0;0;0;0;0;0;0;0;;;;;
2026-04-24;O_TTKOME0526P58.00;TTKOM_05/2026_AVRUPA_OPSIYON;D_EQ;SSO;D_EQ_EPP;DE_TTKOM_EPP;TTKOM.E;2026-05-25;0.43;0.57;-24.56;0;0;0;0;0;0;0;0;0;0;0;;;;;
2026-04-24;O_TTKOME0526P60.00;TTKOM_05/2026_AVRUPA_OPSIYON;D_EQ;SSO;D_EQ_EPP;DE_TTKOM_EPP;TTKOM.E;2026-05-25;0.76;0.94;-19.15;0;0;0;0;0;0;0;0;0;40;0;;;;;
2026-04-24;O_TTKOME0526P62.00;TTKOM_05/2026_AVRUPA_OPSIYON;D_EQ;SSO;D_EQ_EPP;DE_TTKOM_EPP;TTKOM.E;2026-05-25;1.25;1.47;-14.97;0;0;0;0;0;0;0;0;0;600;0;;;;;
2026-04-24;O_TTKOME0526P64.00;TTKOM_05/2026_AVRUPA_OPSIYON;D_EQ;SSO;D_EQ_EPP;DE_TTKOM_EPP;TTKOM.E;2026-05-25;1.92;2.19;-12.33;0;0;0;0;0;0;0;0;0;0;0;;;;;
2026-04-24;O_TTKOME0526P66.00;TTKOM_05/2026_AVRUPA_OPSIYON;D_EQ;SSO;D_EQ_EPP;DE_TTKOM_EPP;TTKOM.E;2026-05-25;2.8;3.12;-10.26;0;0;0;0;0;0;0;0;0;0;0;;;;;
2026-04-24;O_TTKOME0526P68.00;TTKOM_05/2026_AVRUPA_OPSIYON;D_EQ;SSO;D_EQ_EPP;DE_TTKOM_EPP;TTKOM.E;2026-05-25;3.87;4.24;-8.73;0;0;0;0;0;0;0;0;0;553;0;;;;;
2026-04-24;O_TTKOME0526P70.00;TTKOM_05/2026_AVRUPA_OPSIYON;D_EQ;SSO;D_EQ_EPP;DE_TTKOM_EPP;TTKOM.E;2026-05-25;5.14;5.56;-7.55;0;0;0;0;0;0;0;0;0;0;0;;;;;
2026-04-24;O_TTKOME0526P72.00;TTKOM_05/2026_AVRUPA_OPSIYON;D_EQ;SSO;D_EQ_EPP;DE_TTKOM_EPP;TTKOM.E;2026-05-25;6.57;7.03;-6.54;0;0;0;0;0;0;0;0;0;0;0;;;;;
2026-04-24;O_TTKOME0526P74.00;TTKOM_05/2026_AVRUPA_OPSIYON;D_EQ;SSO;D_EQ_EPP;DE_TTKOM_EPP;TTKOM.E;2026-05-25;8.14;8.62;-5.57;0;0;0;0;0;0;0;0;0;25;0;;;;;
2026-04-24;O_TTKOME0526P76.00;TTKOM_05/2026_AVRUPA_OPSIYON;D_EQ;SSO;D_EQ_EPP;DE_TTKOM_EPP;TTKOM.E;2026-05-25;9.82;10.31;-4.75;0;0;0;0;0;0;0;0;0;0;0;;;;;
2026-04-24;O_TTKOME0626C60.00;TTKOM_06/2026_AVRUPA_OPSIYON;D_EQ;SSO;D_EQ_ECP;DE_TTKOM_ECP;TTKOM.E;2026-06-30;10.14;9.85;2.94;0;0;0;0;0;0;0;0;0;0;0;;;;;
2026-04-24;O_TTKOME0626C62.00;TTKOM_06/2026_AVRUPA_OPSIYON;D_EQ;SSO;D_EQ_ECP;DE_TTKOM_ECP;TTKOM.E;2026-06-30;8.74;8.47;3.19;0;0;0;0;0;0;0;0;0;0;0;;;;;
2026-04-24;O_TTKOME0626C64.00;TTKOM_06/2026_AVRUPA_OPSIYON;D_EQ;SSO;D_EQ_ECP;DE_TTKOM_ECP;TTKOM.E;2026-06-30;7.45;7.2;3.47;0;0;0;0;0;0;0;0;0;0;0;;;;;
2026-04-24;O_TTKOME0626C66.00;TTKOM_06/2026_AVRUPA_OPSIYON;D_EQ;SSO;D_EQ_ECP;DE_TTKOM_ECP;TTKOM.E;2026-06-30;6.28;6.06;3.63;0;0;0;0;0;0;0;0;0;0;0;;;;;
2026-04-24;O_TTKOME0626C68.00;TTKOM_06/2026_AVRUPA_OPSIYON;D_EQ;SSO;D_EQ_ECP;DE_TTKOM_ECP;TTKOM.E;2026-06-30;5.24;5.06;3.56;0;0;0;0;0;0;0;0;0;0;0;;;;;
2026-04-24;O_TTKOME0626C70.00;TTKOM_06/2026_AVRUPA_OPSIYON;D_EQ;SSO;D_EQ_ECP;DE_TTKOM_ECP;TTKOM.E;2026-06-30;4.33;4.19;3.34;0;0;0;0;0;0;0;0;0;0;0;;;;;
2026-04-24;O_TTKOME0626C72.00;TTKOM_06/2026_AVRUPA_OPSIYON;D_EQ;SSO;D_EQ_ECP;DE_TTKOM_ECP;TTKOM.E;2026-06-30;3.54;3.45;2.61;0;0;0;0;0;0;0;0;0;0;0;;;;;
2026-04-24;O_TTKOME0626C74.00;TTKOM_06/2026_AVRUPA_OPSIYON;D_EQ;SSO;D_EQ_ECP;DE_TTKOM_ECP;TTKOM.E;2026-06-30;2.87;2.83;1.41;0;0;0;0;0;0;0;0;0;0;0;;;;;
2026-04-24;O_TTKOME0626C76.00;TTKOM_06/2026_AVRUPA_OPSIYON;D_EQ;SSO;D_EQ_ECP;DE_TTKOM_ECP;TTKOM.E;2026-06-30;2.3;2.31;-0.43;0;0;0;0;0;0;0;0;0;0;0;;;;;
2026-04-24;O_TTKOME0626C78.00;TTKOM_06/2026_AVRUPA_OPSIYON;D_EQ;SSO;D_EQ_ECP;DE_TTKOM_ECP;TTKOM.E;2026-06-30;1.83;1.88;-2.66;0;0;0;0;0;0;0;0;0;0;0;;;;;
2026-04-24;O_TTKOME0626C80.00;TTKOM_06/2026_AVRUPA_OPSIYON;D_EQ;SSO;D_EQ_ECP;DE_TTKOM_ECP;TTKOM.E;2026-06-30;1.44;1.52;-5.26;0;0;0;0;0;0;0;0;0;0;0;;;;;
2026-04-24;O_TTKOME0626C82.00;TTKOM_06/2026_AVRUPA_OPSIYON;D_EQ;SSO;D_EQ_ECP;DE_TTKOM_ECP;TTKOM.E;2026-06-30;1.13;1.23;-8.13;0;0;0;0;0;0;0;0;0;0;0;;;;;
2026-04-24;O_TTKOME0626C84.00;TTKOM_06/2026_AVRUPA_OPSIYON;D_EQ;SSO;D_EQ_ECP;DE_TTKOM_ECP;TTKOM.E;2026-06-30;0.87;0.99;-12.12;0;0;0;0;0;0;0;0;0;0;0;;;;;
2026-04-24;O_TTKOME0626P50.00;TTKOM_06/2026_AVRUPA_OPSIYON;D_EQ;SSO;D_EQ_EPP;DE_TTKOM_EPP;TTKOM.E;2026-06-30;0.09;0.15;-40;0;0;0;0;0;0;0;0;0;0;0;;;;;
2026-04-24;O_TTKOME0626P52.00;TTKOM_06/2026_AVRUPA_OPSIYON;D_EQ;SSO;D_EQ_EPP;DE_TTKOM_EPP;TTKOM.E;2026-06-30;0.16;0.24;-33.33;0;0;0;0;0;0;0;0;0;0;0;;;;;
2026-04-24;O_TTKOME0626P54.00;TTKOM_06/2026_AVRUPA_OPSIYON;D_EQ;SSO;D_EQ_EPP;DE_TTKOM_EPP;TTKOM.E;2026-06-30;0.28;0.38;-26.32;0;0;0;0;0;0;0;0;0;0;0;;;;;
2026-04-24;O_TTKOME0626P56.00;TTKOM_06/2026_AVRUPA_OPSIYON;D_EQ;SSO;D_EQ_EPP;DE_TTKOM_EPP;TTKOM.E;2026-06-30;0.45;0.58;-22.41;0;0;0;0;0;0;0;0;0;0;0;;;;;
2026-04-24;O_TTKOME0626P58.00;TTKOM_06/2026_AVRUPA_OPSIYON;D_EQ;SSO;D_EQ_EPP;DE_TTKOM_EPP;TTKOM.E;2026-06-30;0.7;0.85;-17.65;0;0;0;0;0;0;0;0;0;0;0;;;;;
2026-04-24;O_TTKOME0626P60.00;TTKOM_06/2026_AVRUPA_OPSIYON;D_EQ;SSO;D_EQ_EPP;DE_TTKOM_EPP;TTKOM.E;2026-06-30;1.03;1.2;-14.17;0;0;0;0;0;0;0;0;0;0;0;;;;;
2026-04-24;O_TTKOME0626P62.00;TTKOM_06/2026_AVRUPA_OPSIYON;D_EQ;SSO;D_EQ_EPP;DE_TTKOM_EPP;TTKOM.E;2026-06-30;1.47;1.66;-11.45;0;0;0;0;0;0;0;0;0;0;0;;;;;
2026-04-24;O_TTKOME0626P64.00;TTKOM_06/2026_AVRUPA_OPSIYON;D_EQ;SSO;D_EQ_EPP;DE_TTKOM_EPP;TTKOM.E;2026-06-30;2.02;2.22;-9.01;0;0;0;0;0;0;0;0;0;0;0;;;;;
2026-04-24;O_TTKOME0626P66.00;TTKOM_06/2026_AVRUPA_OPSIYON;D_EQ;SSO;D_EQ_EPP;DE_TTKOM_EPP;TTKOM.E;2026-06-30;2.69;2.92;-7.88;0;0;0;0;0;0;0;0;0;0;0;;;;;
2026-04-24;O_TTKOME0626P68.00;TTKOM_06/2026_AVRUPA_OPSIYON;D_EQ;SSO;D_EQ_EPP;DE_TTKOM_EPP;TTKOM.E;2026-06-30;3.49;3.75;-6.93;0;0;0;0;0;0;0;0;0;0;0;;;;;
2026-04-24;O_TTKOME0626P70.00;TTKOM_06/2026_AVRUPA_OPSIYON;D_EQ;SSO;D_EQ_EPP;DE_TTKOM_EPP;TTKOM.E;2026-06-30;4.41;4.71;-6.37;0;0;0;0;0;0;0;0;0;0;0;;;;;
2026-04-24;O_TTKOME0626P72.00;TTKOM_06/2026_AVRUPA_OPSIYON;D_EQ;SSO;D_EQ_EPP;DE_TTKOM_EPP;TTKOM.E;2026-06-30;5.46;5.81;-6.02;0;0;0;0;0;0;0;0;0;0;0;;;;;
2026-04-24;O_TTKOME0626P74.00;TTKOM_06/2026_AVRUPA_OPSIYON;D_EQ;SSO;D_EQ_EPP;DE_TTKOM_EPP;TTKOM.E;2026-06-30;6.63;7.02;-5.56;0;0;0;0;0;0;0;0;0;0;0;;;;;
2026-04-24;O_TUPRSE0426C225.00;TUPRS_04/2026_AVRUPA_OPSIYON;D_EQ;SSO;D_EQ_ECP;DE_TUPRS_ECP;TUPRS.E;2026-04-30;45.4;39.9;13.78;0;0;0;0;0;0;0;0;0;70;0;;;;;
2026-04-24;O_TUPRSE0426C230.00;TUPRS_04/2026_AVRUPA_OPSIYON;D_EQ;SSO;D_EQ_ECP;DE_TUPRS_ECP;TUPRS.E;2026-04-30;40.44;34.99;15.58;0;0;0;0;0;0;0;0;0;3;0;;;;;
2026-04-24;O_TUPRSE0426C235.00;TUPRS_04/2026_AVRUPA_OPSIYON;D_EQ;SSO;D_EQ_ECP;DE_TUPRS_ECP;TUPRS.E;2026-04-30;35.49;30.15;17.71;0;0;0;0;0;0;0;0;0;86;0;;;;;
2026-04-24;O_TUPRSE0426C240.00;TUPRS_04/2026_AVRUPA_OPSIYON;D_EQ;SSO;D_EQ_ECP;DE_TUPRS_ECP;TUPRS.E;2026-04-30;30.58;25.44;20.2;0;0;0;0;0;0;0;0;0;10;0;;;;;
2026-04-24;O_TUPRSE0426C245.00;TUPRS_04/2026_AVRUPA_OPSIYON;D_EQ;SSO;D_EQ_ECP;DE_TUPRS_ECP;TUPRS.E;2026-04-30;25.75;20.94;22.97;0;0;0;0;0;0;0;0;0;85;0;;;;;
2026-04-24;O_TUPRSE0426C250.00;TUPRS_04/2026_AVRUPA_OPSIYON;D_EQ;SSO;D_EQ_ECP;DE_TUPRS_ECP;TUPRS.E;2026-04-30;21.07;16.75;25.79;20.55;20.55;20.55;20.55;20.55;250000;20550;10;1;160;0;;;;;
2026-04-24;O_TUPRSE0426C260.00;TUPRS_04/2026_AVRUPA_OPSIYON;D_EQ;SSO;D_EQ_ECP;DE_TUPRS_ECP;TUPRS.E;2026-04-30;12.67;9.68;30.89;0;0;0;0;0;0;0;0;0;1791;0;;;;;
2026-04-24;O_TUPRSE0426C270.00;TUPRS_04/2026_AVRUPA_OPSIYON;D_EQ;SSO;D_EQ_ECP;DE_TUPRS_ECP;TUPRS.E;2026-04-30;6.36;4.8;32.5;5.16;5.12;5.16;5.12;5.14;1620000;30820;60;6;243;-34;;;;;
2026-04-24;O_TUPRSE0426C280.00;TUPRS_04/2026_AVRUPA_OPSIYON;D_EQ;SSO;D_EQ_ECP;DE_TUPRS_ECP;TUPRS.E;2026-04-30;2.58;2.02;27.72;0;0;0;0;0;0;0;0;0;1310;0;;;;;
2026-04-24;O_TUPRSE0426C290.00;TUPRS_04/2026_AVRUPA_OPSIYON;D_EQ;SSO;D_EQ_ECP;DE_TUPRS_ECP;TUPRS.E;2026-04-30;0.83;0.71;16.9;0;0;0;0;0;0;0;0;0;456;0;;;;;
2026-04-24;O_TUPRSE0426C300.00;TUPRS_04/2026_AVRUPA_OPSIYON;D_EQ;SSO;D_EQ_ECP;DE_TUPRS_ECP;TUPRS.E;2026-04-30;0.21;0.21;0;0;0;0;0;0;0;0;0;0;106;0;;;;;
2026-04-24;O_TUPRSE0426C310.00;TUPRS_04/2026_AVRUPA_OPSIYON;D_EQ;SSO;D_EQ_ECP;DE_TUPRS_ECP;TUPRS.E;2026-04-30;0.04;0.05;-20;0;0;0;0;0;0;0;0;0;58;0;;;;;
2026-04-24;O_TUPRSE0426C320.00;TUPRS_04/2026_AVRUPA_OPSIYON;D_EQ;SSO;D_EQ_ECP;DE_TUPRS_ECP;TUPRS.E;2026-04-30;0.01;0.01;0;0;0;0;0;0;0;0;0;0;0;0;;;;;
2026-04-24;O_TUPRSE0426C330.00;TUPRS_04/2026_AVRUPA_OPSIYON;D_EQ;SSO;D_EQ_ECP;DE_TUPRS_ECP;TUPRS.E;2026-04-30;0.01;0.01;0;0;0;0;0;0;0;0;0;0;0;0;;;;;
2026-04-24;O_TUPRSE0426C340.00;TUPRS_04/2026_AVRUPA_OPSIYON;D_EQ;SSO;D_EQ_ECP;DE_TUPRS_ECP;TUPRS.E;2026-04-30;0.01;0.01;0;0;0;0;0;0;0;0;0;0;0;0;;;;;
2026-04-24;O_TUPRSE0426P200.00;TUPRS_04/2026_AVRUPA_OPSIYON;D_EQ;SSO;D_EQ_EPP;DE_TUPRS_EPP;TUPRS.E;2026-04-30;0.01;0.01;0;0;0;0;0;0;0;0;0;0;0;0;;;;;
2026-04-24;O_TUPRSE0426P205.00;TUPRS_04/2026_AVRUPA_OPSIYON;D_EQ;SSO;D_EQ_EPP;DE_TUPRS_EPP;TUPRS.E;2026-04-30;0.01;0.01;0;0;0;0;0;0;0;0;0;0;0;0;;;;;
2026-04-24;O_TUPRSE0426P210.00;TUPRS_04/2026_AVRUPA_OPSIYON;D_EQ;SSO;D_EQ_EPP;DE_TUPRS_EPP;TUPRS.E;2026-04-30;0.01;0.01;0;0;0;0;0;0;0;0;0;0;290;0;;;;;
2026-04-24;O_TUPRSE0426P215.00;TUPRS_04/2026_AVRUPA_OPSIYON;D_EQ;SSO;D_EQ_EPP;DE_TUPRS_EPP;TUPRS.E;2026-04-30;0.01;0.01;0;0;0;0;0;0;0;0;0;0;222;0;;;;;
2026-04-24;O_TUPRSE0426P220.00;TUPRS_04/2026_AVRUPA_OPSIYON;D_EQ;SSO;D_EQ_EPP;DE_TUPRS_EPP;TUPRS.E;2026-04-30;0.01;0.01;0;0;0;0;0;0;0;0;0;0;68;0;;;;;
2026-04-24;O_TUPRSE0426P225.00;TUPRS_04/2026_AVRUPA_OPSIYON;D_EQ;SSO;D_EQ_EPP;DE_TUPRS_EPP;TUPRS.E;2026-04-30;0.01;0.03;-66.67;0;0;0;0;0;0;0;0;0;176;0;;;;;
2026-04-24;O_TUPRSE0426P230.00;TUPRS_04/2026_AVRUPA_OPSIYON;D_EQ;SSO;D_EQ_EPP;DE_TUPRS_EPP;TUPRS.E;2026-04-30;0.01;0.08;-87.5;0;0;0;0;0;0;0;0;0;146;0;;;;;
2026-04-24;O_TUPRSE0426P235.00;TUPRS_04/2026_AVRUPA_OPSIYON;D_EQ;SSO;D_EQ_EPP;DE_TUPRS_EPP;TUPRS.E;2026-04-30;0.03;0.21;-85.71;0;0;0;0;0;0;0;0;0;124;0;;;;;
2026-04-24;O_TUPRSE0426P240.00;TUPRS_04/2026_AVRUPA_OPSIYON;D_EQ;SSO;D_EQ_EPP;DE_TUPRS_EPP;TUPRS.E;2026-04-30;0.08;0.45;-82.22;0;0;0;0;0;0;0;0;0;301;0;;;;;
2026-04-24;O_TUPRSE0426P245.00;TUPRS_04/2026_AVRUPA_OPSIYON;D_EQ;SSO;D_EQ_EPP;DE_TUPRS_EPP;TUPRS.E;2026-04-30;0.22;0.91;-75.82;0;0;0;0;0;0;0;0;0;270;0;;;;;
2026-04-24;O_TUPRSE0426P250.00;TUPRS_04/2026_AVRUPA_OPSIYON;D_EQ;SSO;D_EQ_EPP;DE_TUPRS_EPP;TUPRS.E;2026-04-30;0.52;1.67;-68.86;0;0;0;0;0;0;0;0;0;345;0;;;;;
2026-04-24;O_TUPRSE0426P260.00;TUPRS_04/2026_AVRUPA_OPSIYON;D_EQ;SSO;D_EQ_EPP;DE_TUPRS_EPP;TUPRS.E;2026-04-30;2.05;4.53;-54.75;0;0;0;0;0;0;0;0;0;812;0;;;;;
2026-04-24;O_TUPRSE0426P270.00;TUPRS_04/2026_AVRUPA_OPSIYON;D_EQ;SSO;D_EQ_EPP;DE_TUPRS_EPP;TUPRS.E;2026-04-30;5.68;9.56;-40.59;4.53;4.52;5.4;5.4;4.82;810000;14450;30;3;778;30;;;;;
2026-04-24;O_TUPRSE0426P280.00;TUPRS_04/2026_AVRUPA_OPSIYON;D_EQ;SSO;D_EQ_EPP;DE_TUPRS_EPP;TUPRS.E;2026-04-30;11.84;16.69;-29.06;0;0;0;0;0;0;0;0;0;369;0;;;;;
2026-04-24;O_TUPRSE0426P290.00;TUPRS_04/2026_AVRUPA_OPSIYON;D_EQ;SSO;D_EQ_EPP;DE_TUPRS_EPP;TUPRS.E;2026-04-30;20.03;25.31;-20.86;0;0;0;0;0;0;0;0;0;60;0;;;;;
2026-04-24;O_TUPRSE0526C230.00;TUPRS_05/2026_AVRUPA_OPSIYON;D_EQ;SSO;D_EQ_ECP;DE_TUPRS_ECP;TUPRS.E;2026-05-25;47.28;42.34;11.67;0;0;0;0;0;0;0;0;0;0;0;;;;;
2026-04-24;O_TUPRSE0526C235.00;TUPRS_05/2026_AVRUPA_OPSIYON;D_EQ;SSO;D_EQ_ECP;DE_TUPRS_ECP;TUPRS.E;2026-05-25;42.89;38.14;12.45;0;0;0;0;0;0;0;0;0;0;0;;;;;
2026-04-24;O_TUPRSE0526C240.00;TUPRS_05/2026_AVRUPA_OPSIYON;D_EQ;SSO;D_EQ_ECP;DE_TUPRS_ECP;TUPRS.E;2026-05-25;38.64;34.13;13.21;0;0;0;0;0;0;0;0;0;0;0;;;;;
2026-04-24;O_TUPRSE0526C245.00;TUPRS_05/2026_AVRUPA_OPSIYON;D_EQ;SSO;D_EQ_ECP;DE_TUPRS_ECP;TUPRS.E;2026-05-25;34.57;30.32;14.02;0;0;0;0;0;0;0;0;0;60;0;;;;;
2026-04-24;O_TUPRSE0526C250.00;TUPRS_05/2026_AVRUPA_OPSIYON;D_EQ;SSO;D_EQ_ECP;DE_TUPRS_ECP;TUPRS.E;2026-05-25;30.69;26.73;14.81;0;0;0;0;0;0;0;0;0;119;0;;;;;
2026-04-24;O_TUPRSE0526C260.00;TUPRS_05/2026_AVRUPA_OPSIYON;D_EQ;SSO;D_EQ_ECP;DE_TUPRS_ECP;TUPRS.E;2026-05-25;23.63;20.31;16.35;0;0;0;0;0;0;0;0;0;51;0;;;;;
2026-04-24;O_TUPRSE0526C270.00;TUPRS_05/2026_AVRUPA_OPSIYON;D_EQ;SSO;D_EQ_ECP;DE_TUPRS_ECP;TUPRS.E;2026-05-25;17.62;14.96;17.78;14.64;14.64;14.64;14.64;14.64;540000;29280;20;2;90;20;;;;;
2026-04-24;O_TUPRSE0526C280.00;TUPRS_05/2026_AVRUPA_OPSIYON;D_EQ;SSO;D_EQ_ECP;DE_TUPRS_ECP;TUPRS.E;2026-05-25;12.71;10.68;19.01;10.68;9.76;10.68;9.76;10.07;840000;30200;30;3;30;30;;;;;
2026-04-24;O_TUPRSE0526C290.00;TUPRS_05/2026_AVRUPA_OPSIYON;D_EQ;SSO;D_EQ_ECP;DE_TUPRS_ECP;TUPRS.E;2026-05-25;8.88;7.39;20.16;0;0;0;0;0;17400000;351600;600;1;601;600;;;;;
2026-04-24;O_TUPRSE0526C300.00;TUPRS_05/2026_AVRUPA_OPSIYON;D_EQ;SSO;D_EQ_ECP;DE_TUPRS_ECP;TUPRS.E;2026-05-25;6.02;4.97;21.13;0;0;0;0;0;0;0;0;0;0;0;;;;;
2026-04-24;O_TUPRSE0526C310.00;TUPRS_05/2026_AVRUPA_OPSIYON;D_EQ;SSO;D_EQ_ECP;DE_TUPRS_ECP;TUPRS.E;2026-05-25;3.96;3.24;22.22;0;0;0;0;0;0;0;0;0;0;0;;;;;
2026-04-24;O_TUPRSE0526C320.00;TUPRS_05/2026_AVRUPA_OPSIYON;D_EQ;SSO;D_EQ_ECP;DE_TUPRS_ECP;TUPRS.E;2026-05-25;2.53;2.06;22.82;0;0;0;0;0;0;0;0;0;2;0;;;;;
2026-04-24;O_TUPRSE0526C330.00;TUPRS_05/2026_AVRUPA_OPSIYON;D_EQ;SSO;D_EQ_ECP;DE_TUPRS_ECP;TUPRS.E;2026-05-25;1.57;1.27;23.62;0;0;0;0;0;0;0;0;0;1;0;;;;;
2026-04-24;O_TUPRSE0526C340.00;TUPRS_05/2026_AVRUPA_OPSIYON;D_EQ;SSO;D_EQ_ECP;DE_TUPRS_ECP;TUPRS.E;2026-05-25;0.96;0.77;24.68;0;0;0;0;0;0;0;0;0;0;0;;;;;
2026-04-24;O_TUPRSE0526P205.00;TUPRS_05/2026_AVRUPA_OPSIYON;D_EQ;SSO;D_EQ_EPP;DE_TUPRS_EPP;TUPRS.E;2026-05-25;0.09;0.18;-50;0;0;0;0;0;0;0;0;0;0;0;;;;;
2026-04-24;O_TUPRSE0526P210.00;TUPRS_05/2026_AVRUPA_OPSIYON;D_EQ;SSO;D_EQ_EPP;DE_TUPRS_EPP;TUPRS.E;2026-05-25;0.16;0.3;-46.67;0;0;0;0;0;0;0;0;0;0;0;;;;;
2026-04-24;O_TUPRSE0526P215.00;TUPRS_05/2026_AVRUPA_OPSIYON;D_EQ;SSO;D_EQ_EPP;DE_TUPRS_EPP;TUPRS.E;2026-05-25;0.26;0.48;-45.83;0;0;0;0;0;0;0;0;0;0;0;;;;;
2026-04-24;O_TUPRSE0526P220.00;TUPRS_05/2026_AVRUPA_OPSIYON;D_EQ;SSO;D_EQ_EPP;DE_TUPRS_EPP;TUPRS.E;2026-05-25;0.42;0.73;-42.47;0;0;0;0;0;0;0;0;0;0;0;;;;;
2026-04-24;O_TUPRSE0526P225.00;TUPRS_05/2026_AVRUPA_OPSIYON;D_EQ;SSO;D_EQ_EPP;DE_TUPRS_EPP;TUPRS.E;2026-05-25;0.65;1.09;-40.37;0;0;0;0;0;0;0;0;0;0;0;;;;;
2026-04-24;O_TUPRSE0526P230.00;TUPRS_05/2026_AVRUPA_OPSIYON;D_EQ;SSO;D_EQ_EPP;DE_TUPRS_EPP;TUPRS.E;2026-05-25;0.98;1.57;-37.58;0;0;0;0;0;0;0;0;0;0;0;;;;;
2026-04-24;O_TUPRSE0526P235.00;TUPRS_05/2026_AVRUPA_OPSIYON;D_EQ;SSO;D_EQ_EPP;DE_TUPRS_EPP;TUPRS.E;2026-05-25;1.43;2.21;-35.29;0;0;0;0;0;0;0;0;0;0;0;;;;;
2026-04-24;O_TUPRSE0526P240.00;TUPRS_05/2026_AVRUPA_OPSIYON;D_EQ;SSO;D_EQ_EPP;DE_TUPRS_EPP;TUPRS.E;2026-05-25;2.02;3.02;-33.11;0;0;0;0;0;0;0;0;0;0;0;;;;;
2026-04-24;O_TUPRSE0526P245.00;TUPRS_05/2026_AVRUPA_OPSIYON;D_EQ;SSO;D_EQ_EPP;DE_TUPRS_EPP;TUPRS.E;2026-05-25;2.78;4.04;-31.19;0;0;0;0;0;0;0;0;0;0;0;;;;;
2026-04-24;O_TUPRSE0526P250.00;TUPRS_05/2026_AVRUPA_OPSIYON;D_EQ;SSO;D_EQ_EPP;DE_TUPRS_EPP;TUPRS.E;2026-05-25;3.75;5.29;-29.11;0;0;0;0;0;0;0;0;0;10;0;;;;;
2026-04-24;O_TUPRSE0526P260.00;TUPRS_05/2026_AVRUPA_OPSIYON;D_EQ;SSO;D_EQ_EPP;DE_TUPRS_EPP;TUPRS.E;2026-05-25;6.37;8.53;-25.32;0;0;0;0;0;0;0;0;0;446;0;;;;;
2026-04-24;O_TUPRSE0526P270.00;TUPRS_05/2026_AVRUPA_OPSIYON;D_EQ;SSO;D_EQ_EPP;DE_TUPRS_EPP;TUPRS.E;2026-05-25;10.04;12.84;-21.81;0;0;0;0;0;0;0;0;0;250;0;;;;;
2026-04-24;O_TUPRSE0526P280.00;TUPRS_05/2026_AVRUPA_OPSIYON;D_EQ;SSO;D_EQ_EPP;DE_TUPRS_EPP;TUPRS.E;2026-05-25;14.82;18.22;-18.66;12.32;12.32;12.88;12.88;12.69;840000;38080;30;3;310;-30;;;;;
2026-04-24;O_TUPRSE0526P290.00;TUPRS_05/2026_AVRUPA_OPSIYON;D_EQ;SSO;D_EQ_EPP;DE_TUPRS_EPP;TUPRS.E;2026-05-25;20.67;24.6;-15.98;0;0;0;0;0;0;0;0;0;160;0;;;;;
2026-04-24;O_TUPRSE0626C260.00;TUPRS_06/2026_AVRUPA_OPSIYON;D_EQ;SSO;D_EQ_ECP;DE_TUPRS_ECP;TUPRS.E;2026-06-30;37.68;33.97;10.92;0;0;0;0;0;0;0;0;0;0;0;;;;;
2026-04-24;O_TUPRSE0626C270.00;TUPRS_06/2026_AVRUPA_OPSIYON;D_EQ;SSO;D_EQ_ECP;DE_TUPRS_ECP;TUPRS.E;2026-06-30;31.52;28.24;11.61;0;0;0;0;0;0;0;0;0;0;0;;;;;
2026-04-24;O_TUPRSE0626C280.00;TUPRS_06/2026_AVRUPA_OPSIYON;D_EQ;SSO;D_EQ_ECP;DE_TUPRS_ECP;TUPRS.E;2026-06-30;26.05;23.21;12.24;0;0;0;0;0;0;0;0;0;0;0;;;;;
2026-04-24;O_TUPRSE0626C290.00;TUPRS_06/2026_AVRUPA_OPSIYON;D_EQ;SSO;D_EQ_ECP;DE_TUPRS_ECP;TUPRS.E;2026-06-30;21.28;18.85;12.89;0;0;0;0;0;0;0;0;0;0;0;;;;;
2026-04-24;O_TUPRSE0626C300.00;TUPRS_06/2026_AVRUPA_OPSIYON;D_EQ;SSO;D_EQ_ECP;DE_TUPRS_ECP;TUPRS.E;2026-06-30;17.19;15.14;13.54;0;0;0;0;0;0;0;0;0;0;0;;;;;
2026-04-24;O_TUPRSE0626C310.00;TUPRS_06/2026_AVRUPA_OPSIYON;D_EQ;SSO;D_EQ_ECP;DE_TUPRS_ECP;TUPRS.E;2026-06-30;13.75;12.04;14.2;0;0;0;0;0;0;0;0;0;0;0;;;;;
2026-04-24;O_TUPRSE0626C320.00;TUPRS_06/2026_AVRUPA_OPSIYON;D_EQ;SSO;D_EQ_ECP;DE_TUPRS_ECP;TUPRS.E;2026-06-30;10.89;9.47;14.99;0;0;0;0;0;0;0;0;0;0;0;;;;;
2026-04-24;O_TUPRSE0626C330.00;TUPRS_06/2026_AVRUPA_OPSIYON;D_EQ;SSO;D_EQ_ECP;DE_TUPRS_ECP;TUPRS.E;2026-06-30;8.55;7.38;15.85;0;0;0;0;0;0;0;0;0;0;0;;;;;
2026-04-24;O_TUPRSE0626C340.00;TUPRS_06/2026_AVRUPA_OPSIYON;D_EQ;SSO;D_EQ_ECP;DE_TUPRS_ECP;TUPRS.E;2026-06-30;6.65;5.7;16.67;0;0;0;0;0;0;0;0;0;0;0;;;;;
2026-04-24;O_TUPRSE0626C350.00;TUPRS_06/2026_AVRUPA_OPSIYON;D_EQ;SSO;D_EQ_ECP;DE_TUPRS_ECP;TUPRS.E;2026-06-30;5.13;4.36;17.66;0;0;0;0;0;0;0;0;0;0;0;;;;;
2026-04-24;O_TUPRSE0626P230.00;TUPRS_06/2026_AVRUPA_OPSIYON;D_EQ;SSO;D_EQ_EPP;DE_TUPRS_EPP;TUPRS.E;2026-06-30;2.15;2.81;-23.49;0;0;0;0;0;0;0;0;0;0;0;;;;;
2026-04-24;O_TUPRSE0626P235.00;TUPRS_06/2026_AVRUPA_OPSIYON;D_EQ;SSO;D_EQ_EPP;DE_TUPRS_EPP;TUPRS.E;2026-06-30;2.74;3.54;-22.6;0;0;0;0;0;0;0;0;0;0;0;;;;;
2026-04-24;O_TUPRSE0626P240.00;TUPRS_06/2026_AVRUPA_OPSIYON;D_EQ;SSO;D_EQ_EPP;DE_TUPRS_EPP;TUPRS.E;2026-06-30;3.45;4.4;-21.59;0;0;0;0;0;0;0;0;0;0;0;;;;;
2026-04-24;O_TUPRSE0626P245.00;TUPRS_06/2026_AVRUPA_OPSIYON;D_EQ;SSO;D_EQ_EPP;DE_TUPRS_EPP;TUPRS.E;2026-06-30;4.28;5.4;-20.74;0;0;0;0;0;0;0;0;0;0;0;;;;;
2026-04-24;O_TUPRSE0626P250.00;TUPRS_06/2026_AVRUPA_OPSIYON;D_EQ;SSO;D_EQ_EPP;DE_TUPRS_EPP;TUPRS.E;2026-06-30;5.25;6.55;-19.85;0;0;0;0;0;0;0;0;0;0;0;;;;;
2026-04-24;O_TUPRSE0626P260.00;TUPRS_06/2026_AVRUPA_OPSIYON;D_EQ;SSO;D_EQ_EPP;DE_TUPRS_EPP;TUPRS.E;2026-06-30;7.63;9.32;-18.13;0;0;0;0;0;0;0;0;0;0;0;;;;;
2026-04-24;O_TUPRSE0626P270.00;TUPRS_06/2026_AVRUPA_OPSIYON;D_EQ;SSO;D_EQ_EPP;DE_TUPRS_EPP;TUPRS.E;2026-06-30;10.66;12.76;-16.46;0;0;0;0;0;0;0;0;0;0;0;;;;;
2026-04-24;O_TUPRSE0626P280.00;TUPRS_06/2026_AVRUPA_OPSIYON;D_EQ;SSO;D_EQ_EPP;DE_TUPRS_EPP;TUPRS.E;2026-06-30;14.38;16.89;-14.86;0;0;0;0;0;0;0;0;0;0;0;;;;;
2026-04-24;O_TUPRSE0626P290.00;TUPRS_06/2026_AVRUPA_OPSIYON;D_EQ;SSO;D_EQ_EPP;DE_TUPRS_EPP;TUPRS.E;2026-06-30;18.8;21.7;-13.36;0;0;0;0;0;0;0;0;0;0;0;;;;;
2026-04-24;O_TUPRSE0626P300.00;TUPRS_06/2026_AVRUPA_OPSIYON;D_EQ;SSO;D_EQ_EPP;DE_TUPRS_EPP;TUPRS.E;2026-06-30;23.9;27.16;-12;0;0;0;0;0;0;0;0;0;0;0;;;;;
2026-04-24;O_USDTRYKE0426C44000;USDTRY_04/2026_AVRUPA_OPSIYON;D_CR;CRO;D_CR_ECO;DE_USDTRYK_ECO;D_USDTRYK;2026-04-30;1137.9;;0;0;0;0;0;0;0;0;0;0;0;0;;;;;
2026-04-24;O_USDTRYKE0426C44500;USDTRY_04/2026_AVRUPA_OPSIYON;D_CR;CRO;D_CR_ECO;DE_USDTRYK_ECO;D_USDTRYK;2026-04-30;674;727.2;-7.32;0;0;0;0;0;0;0;0;0;400;0;;;;;
2026-04-24;O_USDTRYKE0426C45000;USDTRY_04/2026_AVRUPA_OPSIYON;D_CR;CRO;D_CR_ECO;DE_USDTRYK_ECO;D_USDTRYK;2026-04-30;305.1;363.1;-15.97;159.9;145;159.9;149.9;157.5;10890000;38115.8;242;6;8287;42;;;;;
2026-04-24;O_USDTRYKE0426C45500;USDTRY_04/2026_AVRUPA_OPSIYON;D_CR;CRO;D_CR_ECO;DE_USDTRYK_ECO;D_USDTRYK;2026-04-30;94.2;136.5;-30.99;49;18.1;69;48;39.7;41769000;36461;918;14;173125;199;;;;;
2026-04-24;O_USDTRYKE0426C47500;USDTRY_04/2026_AVRUPA_OPSIYON;D_CR;CRO;D_CR_ECO;DE_USDTRYK_ECO;D_USDTRYK;2026-04-30;3.4;7;-51.43;0;0;0;0;0;0;0;0;0;54827;0;;;;;
2026-04-24;O_USDTRYKE0426C48500;USDTRY_04/2026_AVRUPA_OPSIYON;D_CR;CRO;D_CR_ECO;DE_USDTRYK_ECO;D_USDTRYK;2026-04-30;0.1;1.7;-94.12;0;0;0;0;0;0;0;0;0;18851;0;;;;;
2026-04-24;O_USDTRYKE0426C49000;USDTRY_04/2026_AVRUPA_OPSIYON;D_CR;CRO;D_CR_ECO;DE_USDTRYK_ECO;D_USDTRYK;2026-04-30;0.1;0.5;-80;0;0;0;0;0;0;0;0;0;13185;0;;;;;
2026-04-24;O_USDTRYKE0426C49500;USDTRY_04/2026_AVRUPA_OPSIYON;D_CR;CRO;D_CR_ECO;DE_USDTRYK_ECO;D_USDTRYK;2026-04-30;0.1;0.1;0;0;0;0;0;0;0;0;0;0;6354;0;;;;;
2026-04-24;O_USDTRYKE0426C50000;USDTRY_04/2026_AVRUPA_OPSIYON;D_CR;CRO;D_CR_ECO;DE_USDTRYK_ECO;D_USDTRYK;2026-04-30;0.1;0.1;0;0;0;0;0;0;0;0;0;0;11430;0;;;;;
2026-04-24;O_USDTRYKE0426C51000;USDTRY_04/2026_AVRUPA_OPSIYON;D_CR;CRO;D_CR_ECO;DE_USDTRYK_ECO;D_USDTRYK;2026-04-30;0.1;0.1;0;0;0;0;0;0;0;0;0;0;26864;0;;;;;
2026-04-24;O_USDTRYKE0426P41000;USDTRY_04/2026_AVRUPA_OPSIYON;D_CR;CRO;D_CR_EPO;DE_USDTRYK_EPO;D_USDTRYK;2026-04-30;0.1;;0;0;0;0;0;0;0;0;0;0;0;0;;;;;
2026-04-24;O_USDTRYKE0426P41500;USDTRY_04/2026_AVRUPA_OPSIYON;D_CR;CRO;D_CR_EPO;DE_USDTRYK_EPO;D_USDTRYK;2026-04-30;0.1;0.1;0;0;0;0;0;0;0;0;0;0;0;0;;;;;
2026-04-24;O_USDTRYKE0426P42000;USDTRY_04/2026_AVRUPA_OPSIYON;D_CR;CRO;D_CR_EPO;DE_USDTRYK_EPO;D_USDTRYK;2026-04-30;0.1;0.1;0;0;0;0;0;0;0;0;0;0;0;0;;;;;
2026-04-24;O_USDTRYKE0426P42500;USDTRY_04/2026_AVRUPA_OPSIYON;D_CR;CRO;D_CR_EPO;DE_USDTRYK_EPO;D_USDTRYK;2026-04-30;0.1;0.1;0;0;0;0;0;0;0;0;0;0;0;0;;;;;
2026-04-24;O_USDTRYKE0426P43000;USDTRY_04/2026_AVRUPA_OPSIYON;D_CR;CRO;D_CR_EPO;DE_USDTRYK_EPO;D_USDTRYK;2026-04-30;0.1;0.1;0;0;0;0;0;0;0;0;0;0;0;0;;;;;
2026-04-24;O_USDTRYKE0426P43500;USDTRY_04/2026_AVRUPA_OPSIYON;D_CR;CRO;D_CR_EPO;DE_USDTRYK_EPO;D_USDTRYK;2026-04-30;0.3;1.1;-72.73;0;0;0;0;0;0;0;0;0;0;0;;;;;
2026-04-24;O_USDTRYKE0426P44000;USDTRY_04/2026_AVRUPA_OPSIYON;D_CR;CRO;D_CR_EPO;DE_USDTRYK_EPO;D_USDTRYK;2026-04-30;4.9;9.7;-49.48;0;0;0;0;0;0;0;0;0;0;0;;;;;
2026-04-24;O_USDTRYKE0426P44500;USDTRY_04/2026_AVRUPA_OPSIYON;D_CR;CRO;D_CR_EPO;DE_USDTRYK_EPO;D_USDTRYK;2026-04-30;38.3;52.5;-27.05;0;0;0;0;0;0;0;0;0;128600;0;;;;;
2026-04-24;O_USDTRYKE0426P45000;USDTRY_04/2026_AVRUPA_OPSIYON;D_CR;CRO;D_CR_EPO;DE_USDTRYK_EPO;D_USDTRYK;2026-04-30;166.7;184.7;-9.75;20;20;20;20;20;4500000;2000;100;1;14745;0;;;;;
2026-04-24;O_USDTRYKE0426P45500;USDTRY_04/2026_AVRUPA_OPSIYON;D_CR;CRO;D_CR_EPO;DE_USDTRYK_EPO;D_USDTRYK;2026-04-30;453;454.6;-0.35;457.9;423.5;458;426;438.7;27300000;263208.9;600;10;97180;302;;;;;
2026-04-24;O_USDTRYKE0426P46000;USDTRY_04/2026_AVRUPA_OPSIYON;D_CR;CRO;D_CR_EPO;DE_USDTRYK_EPO;D_USDTRYK;2026-04-30;892.8;850.9;4.92;852;851.9;890;880.4;871;50692000;959870;1102;13;236031;0;;;;;
2026-04-24;O_USDTRYKE0426P46500;USDTRY_04/2026_AVRUPA_OPSIYON;D_CR;CRO;D_CR_EPO;DE_USDTRYK_EPO;D_USDTRYK;2026-04-30;1377.3;1333.2;3.31;0;0;0;0;0;0;0;0;0;67596;0;;;;;
2026-04-24;O_USDTRYKE0426P47500;USDTRY_04/2026_AVRUPA_OPSIYON;D_CR;CRO;D_CR_EPO;DE_USDTRYK_EPO;D_USDTRYK;2026-04-30;2351.4;2310.7;1.76;0;0;0;0;0;0;0;0;0;0;0;;;;;
2026-04-24;O_USDTRYKE0526C45500;USDTRY_05/2026_AVRUPA_OPSIYON;D_CR;CRO;D_CR_ECO;DE_USDTRYK_ECO;D_USDTRYK;2026-05-25;908.5;949.3;-4.3;0;0;0;0;0;0;0;0;0;1;0;;;;;
2026-04-24;O_USDTRYKE0526C46000;USDTRY_05/2026_AVRUPA_OPSIYON;D_CR;CRO;D_CR_ECO;DE_USDTRYK_ECO;D_USDTRYK;2026-05-25;608.4;646.2;-5.85;280;280;329.9;329.9;291.1;96692000;611959.9;2102;21;16045;1900;;;;;
2026-04-24;O_USDTRYKE0526C47000;USDTRY_05/2026_AVRUPA_OPSIYON;D_CR;CRO;D_CR_ECO;DE_USDTRYK_ECO;D_USDTRYK;2026-05-25;322;330.1;-2.45;185;169;185;169;176.7;14100000;53000;300;3;27270;200;;;;;
2026-04-24;O_USDTRYKE0526C47500;USDTRY_05/2026_AVRUPA_OPSIYON;D_CR;CRO;D_CR_ECO;DE_USDTRYK_ECO;D_USDTRYK;2026-05-25;272.5;279.6;-2.54;150.6;142.3;150.6;142.3;145.1;14250000;43520;300;3;32985;200;;;;;
2026-04-24;O_USDTRYKE0526C48000;USDTRY_05/2026_AVRUPA_OPSIYON;D_CR;CRO;D_CR_ECO;DE_USDTRYK_ECO;D_USDTRYK;2026-05-25;240.5;247.1;-2.67;140.1;140.1;160;160;145.9;16368000;49764.1;341;5;26375;16;;;;;
2026-04-24;O_USDTRYKE0526C48500;USDTRY_05/2026_AVRUPA_OPSIYON;D_CR;CRO;D_CR_ECO;DE_USDTRYK_ECO;D_USDTRYK;2026-05-25;265.5;225.6;17.69;0;0;0;0;0;0;0;0;0;11650;0;;;;;
2026-04-24;O_USDTRYKE0526C49000;USDTRY_05/2026_AVRUPA_OPSIYON;D_CR;CRO;D_CR_ECO;DE_USDTRYK_ECO;D_USDTRYK;2026-05-25;224.9;245.7;-8.47;0;0;0;0;0;0;0;0;0;6000;0;;;;;
2026-04-24;O_USDTRYKE0526C49500;USDTRY_05/2026_AVRUPA_OPSIYON;D_CR;CRO;D_CR_ECO;DE_USDTRYK_ECO;D_USDTRYK;2026-05-25;193.4;212.8;-9.12;0;0;0;0;0;0;0;0;0;3050;0;;;;;
2026-04-24;O_USDTRYKE0526C50000;USDTRY_05/2026_AVRUPA_OPSIYON;D_CR;CRO;D_CR_ECO;DE_USDTRYK_ECO;D_USDTRYK;2026-05-25;168.8;186.9;-9.68;0;0;0;0;0;0;0;0;0;2625;0;;;;;
2026-04-24;O_USDTRYKE0526P42500;USDTRY_05/2026_AVRUPA_OPSIYON;D_CR;CRO;D_CR_EPO;DE_USDTRYK_EPO;D_USDTRYK;2026-05-25;0.8;1;-20;0;0;0;0;0;0;0;0;0;10;0;;;;;
2026-04-24;O_USDTRYKE0526P43000;USDTRY_05/2026_AVRUPA_OPSIYON;D_CR;CRO;D_CR_EPO;DE_USDTRYK_EPO;D_USDTRYK;2026-05-25;3;3.6;-16.67;0;0;0;0;0;0;0;0;0;0;0;;;;;
2026-04-24;O_USDTRYKE0526P43500;USDTRY_05/2026_AVRUPA_OPSIYON;D_CR;CRO;D_CR_EPO;DE_USDTRYK_EPO;D_USDTRYK;2026-05-25;9.6;10.8;-11.11;0;0;0;0;0;0;0;0;0;0;0;;;;;
2026-04-24;O_USDTRYKE0526P44000;USDTRY_05/2026_AVRUPA_OPSIYON;D_CR;CRO;D_CR_EPO;DE_USDTRYK_EPO;D_USDTRYK;2026-05-25;26.2;28.4;-7.75;0;0;0;0;0;0;0;0;0;0;0;;;;;
2026-04-24;O_USDTRYKE0526P44500;USDTRY_05/2026_AVRUPA_OPSIYON;D_CR;CRO;D_CR_EPO;DE_USDTRYK_EPO;D_USDTRYK;2026-05-25;63;66.1;-4.69;0;0;0;0;0;0;0;0;0;0;0;;;;;
2026-04-24;O_USDTRYKE0526P45000;USDTRY_05/2026_AVRUPA_OPSIYON;D_CR;CRO;D_CR_EPO;DE_USDTRYK_EPO;D_USDTRYK;2026-05-25;134.2;137.6;-2.47;0;0;0;0;0;0;0;0;0;0;0;;;;;
2026-04-24;O_USDTRYKE0526P45500;USDTRY_05/2026_AVRUPA_OPSIYON;D_CR;CRO;D_CR_EPO;DE_USDTRYK_EPO;D_USDTRYK;2026-05-25;255.9;257.9;-0.78;0;0;0;0;0;0;0;0;0;1400;0;;;;;
2026-04-24;O_USDTRYKE0526P46000;USDTRY_05/2026_AVRUPA_OPSIYON;D_CR;CRO;D_CR_EPO;DE_USDTRYK_EPO;D_USDTRYK;2026-05-25;442;440;0.45;185;185;185;185;185;920000;3700;20;2;12772;20;;;;;
2026-04-24;O_USDTRYKE0526P46500;USDTRY_05/2026_AVRUPA_OPSIYON;D_CR;CRO;D_CR_EPO;DE_USDTRYK_EPO;D_USDTRYK;2026-05-25;721.6;691.1;4.41;569.9;530;569.9;530;550.2;32550000;385140;700;7;6969;700;;;;;
2026-04-24;O_USDTRYKE0526P47000;USDTRY_05/2026_AVRUPA_OPSIYON;D_CR;CRO;D_CR_EPO;DE_USDTRYK_EPO;D_USDTRYK;2026-05-25;1128;1094.5;3.06;980;940;980;950;951.7;64390000;1303862;1370;30;13160;550;;;;;
2026-04-24;O_USDTRYKE0526P47500;USDTRY_05/2026_AVRUPA_OPSIYON;D_CR;CRO;D_CR_EPO;DE_USDTRYK_EPO;D_USDTRYK;2026-05-25;1564.7;1529.3;2.31;1420;1420;1479.9;1479.9;1450;2850000;86997;60;3;2350;0;;;;;
2026-04-24;O_USDTRYKE0526P48000;USDTRY_05/2026_AVRUPA_OPSIYON;D_CR;CRO;D_CR_EPO;DE_USDTRYK_EPO;D_USDTRYK;2026-05-25;2018.8;1982.1;1.85;0;0;0;0;0;0;0;0;0;0;0;;;;;
2026-04-24;O_USDTRYKE0626C47000;USDTRY_06/2026_AVRUPA_OPSIYON;D_CR;CRO;D_CR_ECO;DE_USDTRYK_ECO;D_USDTRYK;2026-06-30;1084.9;1157.1;-6.24;0;0;0;0;0;0;0;0;0;0;0;;;;;
2026-04-24;O_USDTRYKE0626C48000;USDTRY_06/2026_AVRUPA_OPSIYON;D_CR;CRO;D_CR_ECO;DE_USDTRYK_ECO;D_USDTRYK;2026-06-30;822.8;868.3;-5.24;0;0;0;0;0;0;0;0;0;38;0;;;;;
2026-04-24;O_USDTRYKE0626C48500;USDTRY_06/2026_AVRUPA_OPSIYON;D_CR;CRO;D_CR_ECO;DE_USDTRYK_ECO;D_USDTRYK;2026-06-30;735.1;778.5;-5.57;0;0;0;0;0;0;0;0;0;26839;0;;;;;
2026-04-24;O_USDTRYKE0626C49000;USDTRY_06/2026_AVRUPA_OPSIYON;D_CR;CRO;D_CR_ECO;DE_USDTRYK_ECO;D_USDTRYK;2026-06-30;669.4;710.7;-5.81;0;0;0;0;0;0;0;0;0;46795;0;;;;;
2026-04-24;O_USDTRYKE0626C49500;USDTRY_06/2026_AVRUPA_OPSIYON;D_CR;CRO;D_CR_ECO;DE_USDTRYK_ECO;D_USDTRYK;2026-06-30;619.7;659;-5.96;0;0;0;0;0;0;0;0;0;26281;0;;;;;
2026-04-24;O_USDTRYKE0626C50000;USDTRY_06/2026_AVRUPA_OPSIYON;D_CR;CRO;D_CR_ECO;DE_USDTRYK_ECO;D_USDTRYK;2026-06-30;581.7;619.4;-6.09;0;0;0;0;0;0;0;0;0;19157;0;;;;;
2026-04-24;O_USDTRYKE0626C51000;USDTRY_06/2026_AVRUPA_OPSIYON;D_CR;CRO;D_CR_ECO;DE_USDTRYK_ECO;D_USDTRYK;2026-06-30;530.4;565.4;-6.19;0;0;0;0;0;0;0;0;0;13355;0;;;;;
2026-04-24;O_USDTRYKE0626C52000;USDTRY_06/2026_AVRUPA_OPSIYON;D_CR;CRO;D_CR_ECO;DE_USDTRYK_ECO;D_USDTRYK;2026-06-30;499.9;538.2;-7.12;0;0;0;0;0;0;0;0;0;2005;0;;;;;
2026-04-24;O_USDTRYKE0626C53000;USDTRY_06/2026_AVRUPA_OPSIYON;D_CR;CRO;D_CR_ECO;DE_USDTRYK_ECO;D_USDTRYK;2026-06-30;429.5;463.6;-7.36;0;0;0;0;0;0;0;0;0;75;0;;;;;
2026-04-24;O_USDTRYKE0626P44000;USDTRY_06/2026_AVRUPA_OPSIYON;D_CR;CRO;D_CR_EPO;DE_USDTRYK_EPO;D_USDTRYK;2026-06-30;23.8;24.6;-3.25;0;0;0;0;0;0;0;0;0;0;0;;;;;
2026-04-24;O_USDTRYKE0626P44500;USDTRY_06/2026_AVRUPA_OPSIYON;D_CR;CRO;D_CR_EPO;DE_USDTRYK_EPO;D_USDTRYK;2026-06-30;45.6;46.6;-2.15;0;0;0;0;0;0;0;0;0;0;0;;;;;
2026-04-24;O_USDTRYKE0626P45000;USDTRY_06/2026_AVRUPA_OPSIYON;D_CR;CRO;D_CR_EPO;DE_USDTRYK_EPO;D_USDTRYK;2026-06-30;82.2;83.3;-1.32;0;0;0;0;0;0;0;0;0;0;0;;;;;
2026-04-24;O_USDTRYKE0626P45500;USDTRY_06/2026_AVRUPA_OPSIYON;D_CR;CRO;D_CR_EPO;DE_USDTRYK_EPO;D_USDTRYK;2026-06-30;139.9;140.8;-0.64;0;0;0;0;0;0;0;0;0;0;0;;;;;
2026-04-24;O_USDTRYKE0626P46000;USDTRY_06/2026_AVRUPA_OPSIYON;D_CR;CRO;D_CR_EPO;DE_USDTRYK_EPO;D_USDTRYK;2026-06-30;225.8;225.8;0;0;0;0;0;0;0;0;0;0;0;0;;;;;
2026-04-24;O_USDTRYKE0626P46500;USDTRY_06/2026_AVRUPA_OPSIYON;D_CR;CRO;D_CR_EPO;DE_USDTRYK_EPO;D_USDTRYK;2026-06-30;346.8;345.2;0.46;0;0;0;0;0;0;0;0;0;34;0;;;;;
2026-04-24;O_USDTRYKE0626P47000;USDTRY_06/2026_AVRUPA_OPSIYON;D_CR;CRO;D_CR_EPO;DE_USDTRYK_EPO;D_USDTRYK;2026-06-30;508.6;544.2;-6.54;0;0;0;0;0;0;0;0;0;302;0;;;;;
2026-04-24;O_USDTRYKE0626P47500;USDTRY_06/2026_AVRUPA_OPSIYON;D_CR;CRO;D_CR_EPO;DE_USDTRYK_EPO;D_USDTRYK;2026-06-30;794.4;827.2;-3.97;0;0;0;0;0;0;0;0;0;0;0;;;;;
2026-04-24;O_USDTRYKE0626P48000;USDTRY_06/2026_AVRUPA_OPSIYON;D_CR;CRO;D_CR_EPO;DE_USDTRYK_EPO;D_USDTRYK;2026-06-30;1189.5;1196.7;-0.6;0;0;0;0;0;0;0;0;0;1000;0;;;;;
2026-04-24;O_USDTRYKE0626P48500;USDTRY_06/2026_AVRUPA_OPSIYON;D_CR;CRO;D_CR_EPO;DE_USDTRYK_EPO;D_USDTRYK;2026-06-30;1573.2;1577.5;-0.27;0;0;0;0;0;0;0;0;0;200;0;;;;;
2026-04-24;O_USDTRYKE0626P49000;USDTRY_06/2026_AVRUPA_OPSIYON;D_CR;CRO;D_CR_EPO;DE_USDTRYK_EPO;D_USDTRYK;2026-06-30;1979;1980.4;-0.07;0;0;0;0;0;0;0;0;0;0;0;;;;;
2026-04-24;O_USDTRYKE0626P49500;USDTRY_06/2026_AVRUPA_OPSIYON;D_CR;CRO;D_CR_EPO;DE_USDTRYK_EPO;D_USDTRYK;2026-06-30;2400.8;2399.4;0.06;0;0;0;0;0;0;0;0;0;0;0;;;;;
2026-04-24;O_USDTRYKE0626P50000;USDTRY_06/2026_AVRUPA_OPSIYON;D_CR;CRO;D_CR_EPO;DE_USDTRYK_EPO;D_USDTRYK;2026-06-30;2834.3;2830.4;0.14;0;0;0;0;0;0;0;0;0;0;0;;;;;
2026-04-24;O_VAKBNE0426C30.00;VAKBN_04/2026_AVRUPA_OPSIYON;D_EQ;SSO;D_EQ_ECP;DE_VAKBN_ECP;VAKBN.E;2026-04-30;3.68;3.62;1.66;0;0;0;0;0;0;0;0;0;50;0;;;;;
2026-04-24;O_VAKBNE0426C31.00;VAKBN_04/2026_AVRUPA_OPSIYON;D_EQ;SSO;D_EQ_ECP;DE_VAKBN_ECP;VAKBN.E;2026-04-30;2.73;2.71;0.74;0;0;0;0;0;0;0;0;0;434;0;;;;;
2026-04-24;O_VAKBNE0426C32.00;VAKBN_04/2026_AVRUPA_OPSIYON;D_EQ;SSO;D_EQ_ECP;DE_VAKBN_ECP;VAKBN.E;2026-04-30;1.86;1.88;-1.06;0;0;0;0;0;0;0;0;0;480;0;;;;;
2026-04-24;O_VAKBNE0426C33.00;VAKBN_04/2026_AVRUPA_OPSIYON;D_EQ;SSO;D_EQ_ECP;DE_VAKBN_ECP;VAKBN.E;2026-04-30;1.14;1.2;-5;1.1;1.1;1.12;1.12;1.11;742500;24900;225;9;788;-25;;;;;
2026-04-24;O_VAKBNE0426C34.00;VAKBN_04/2026_AVRUPA_OPSIYON;D_EQ;SSO;D_EQ_ECP;DE_VAKBN_ECP;VAKBN.E;2026-04-30;0.61;0.7;-12.86;0.6;0.6;0.6;0.6;0.6;170000;3000;50;2;200;0;;;;;
2026-04-24;O_VAKBNE0426C35.00;VAKBN_04/2026_AVRUPA_OPSIYON;D_EQ;SSO;D_EQ_ECP;DE_VAKBN_ECP;VAKBN.E;2026-04-30;0.29;0.36;-19.44;0;0;0;0;0;0;0;0;0;426;0;;;;;
2026-04-24;O_VAKBNE0426C36.00;VAKBN_04/2026_AVRUPA_OPSIYON;D_EQ;SSO;D_EQ_ECP;DE_VAKBN_ECP;VAKBN.E;2026-04-30;0.12;0.17;-29.41;0;0;0;0;0;0;0;0;0;25;0;;;;;
2026-04-24;O_VAKBNE0426C37.00;VAKBN_04/2026_AVRUPA_OPSIYON;D_EQ;SSO;D_EQ_ECP;DE_VAKBN_ECP;VAKBN.E;2026-04-30;0.04;0.07;-42.86;0;0;0;0;0;0;0;0;0;25;0;;;;;
2026-04-24;O_VAKBNE0426C38.00;VAKBN_04/2026_AVRUPA_OPSIYON;D_EQ;SSO;D_EQ_ECP;DE_VAKBN_ECP;VAKBN.E;2026-04-30;0.01;0.03;-66.67;0;0;0;0;0;0;0;0;0;207;0;;;;;
2026-04-24;O_VAKBNE0426C39.00;VAKBN_04/2026_AVRUPA_OPSIYON;D_EQ;SSO;D_EQ_ECP;DE_VAKBN_ECP;VAKBN.E;2026-04-30;0.01;0.01;0;0;0;0;0;0;0;0;0;0;0;0;;;;;
2026-04-24;O_VAKBNE0426C40.00;VAKBN_04/2026_AVRUPA_OPSIYON;D_EQ;SSO;D_EQ_ECP;DE_VAKBN_ECP;VAKBN.E;2026-04-30;0.01;0.01;0;0;0;0;0;0;0;0;0;0;0;0;;;;;
2026-04-24;O_VAKBNE0426C41.00;VAKBN_04/2026_AVRUPA_OPSIYON;D_EQ;SSO;D_EQ_ECP;DE_VAKBN_ECP;VAKBN.E;2026-04-30;0.01;0.01;0;0;0;0;0;0;0;0;0;0;0;0;;;;;
2026-04-24;O_VAKBNE0426C42.00;VAKBN_04/2026_AVRUPA_OPSIYON;D_EQ;SSO;D_EQ_ECP;DE_VAKBN_ECP;VAKBN.E;2026-04-30;0.01;0.01;0;0;0;0;0;0;0;0;0;0;0;0;;;;;
2026-04-24;O_VAKBNE0426C43.00;VAKBN_04/2026_AVRUPA_OPSIYON;D_EQ;SSO;D_EQ_ECP;DE_VAKBN_ECP;VAKBN.E;2026-04-30;0.01;0.01;0;0;0;0;0;0;0;0;0;0;0;0;;;;;
2026-04-24;O_VAKBNE0426C44.00;VAKBN_04/2026_AVRUPA_OPSIYON;D_EQ;SSO;D_EQ_ECP;DE_VAKBN_ECP;VAKBN.E;2026-04-30;0.01;0.01;0;0;0;0;0;0;0;0;0;0;0;0;;;;;
2026-04-24;O_VAKBNE0426C45.00;VAKBN_04/2026_AVRUPA_OPSIYON;D_EQ;SSO;D_EQ_ECP;DE_VAKBN_ECP;VAKBN.E;2026-04-30;0.01;0.01;0;0;0;0;0;0;0;0;0;0;0;0;;;;;
2026-04-24;O_VAKBNE0426C46.00;VAKBN_04/2026_AVRUPA_OPSIYON;D_EQ;SSO;D_EQ_ECP;DE_VAKBN_ECP;VAKBN.E;2026-04-30;0.01;0.01;0;0;0;0;0;0;0;0;0;0;0;0;;;;;
2026-04-24;O_VAKBNE0426C47.00;VAKBN_04/2026_AVRUPA_OPSIYON;D_EQ;SSO;D_EQ_ECP;DE_VAKBN_ECP;VAKBN.E;2026-04-30;0.01;0.01;0;0;0;0;0;0;0;0;0;0;0;0;;;;;
2026-04-24;O_VAKBNE0426C48.00;VAKBN_04/2026_AVRUPA_OPSIYON;D_EQ;SSO;D_EQ_ECP;DE_VAKBN_ECP;VAKBN.E;2026-04-30;0.01;0.01;0;0;0;0;0;0;0;0;0;0;0;0;;;;;
2026-04-24;O_VAKBNE0426C49.00;VAKBN_04/2026_AVRUPA_OPSIYON;D_EQ;SSO;D_EQ_ECP;DE_VAKBN_ECP;VAKBN.E;2026-04-30;0.01;0.01;0;0;0;0;0;0;0;0;0;0;0;0;;;;;
2026-04-24;O_VAKBNE0426C50.00;VAKBN_04/2026_AVRUPA_OPSIYON;D_EQ;SSO;D_EQ_ECP;DE_VAKBN_ECP;VAKBN.E;2026-04-30;0.01;0.01;0;0;0;0;0;0;0;0;0;0;0;0;;;;;
2026-04-24;O_VAKBNE0426C52.00;VAKBN_04/2026_AVRUPA_OPSIYON;D_EQ;SSO;D_EQ_ECP;DE_VAKBN_ECP;VAKBN.E;2026-04-30;0.01;0.01;0;0;0;0;0;0;0;0;0;0;0;0;;;;;
2026-04-24;O_VAKBNE0426P25.00;VAKBN_04/2026_AVRUPA_OPSIYON;D_EQ;SSO;D_EQ_EPP;DE_VAKBN_EPP;VAKBN.E;2026-04-30;0.01;0.01;0;0;0;0;0;0;0;0;0;0;0;0;;;;;
2026-04-24;O_VAKBNE0426P26.00;VAKBN_04/2026_AVRUPA_OPSIYON;D_EQ;SSO;D_EQ_EPP;DE_VAKBN_EPP;VAKBN.E;2026-04-30;0.01;0.01;0;0;0;0;0;0;0;0;0;0;0;0;;;;;
2026-04-24;O_VAKBNE0426P27.00;VAKBN_04/2026_AVRUPA_OPSIYON;D_EQ;SSO;D_EQ_EPP;DE_VAKBN_EPP;VAKBN.E;2026-04-30;0.01;0.01;0;0;0;0;0;0;0;0;0;0;0;0;;;;;
2026-04-24;O_VAKBNE0426P28.00;VAKBN_04/2026_AVRUPA_OPSIYON;D_EQ;SSO;D_EQ_EPP;DE_VAKBN_EPP;VAKBN.E;2026-04-30;0.01;0.01;0;0;0;0;0;0;0;0;0;0;0;0;;;;;
2026-04-24;O_VAKBNE0426P29.00;VAKBN_04/2026_AVRUPA_OPSIYON;D_EQ;SSO;D_EQ_EPP;DE_VAKBN_EPP;VAKBN.E;2026-04-30;0.01;0.01;0;0;0;0;0;0;0;0;0;0;0;0;;;;;
2026-04-24;O_VAKBNE0426P30.00;VAKBN_04/2026_AVRUPA_OPSIYON;D_EQ;SSO;D_EQ_EPP;DE_VAKBN_EPP;VAKBN.E;2026-04-30;0.01;0.03;-66.67;0;0;0;0;0;0;0;0;0;275;0;;;;;
2026-04-24;O_VAKBNE0426P31.00;VAKBN_04/2026_AVRUPA_OPSIYON;D_EQ;SSO;D_EQ_EPP;DE_VAKBN_EPP;VAKBN.E;2026-04-30;0.06;0.11;-45.45;0;0;0;0;0;0;0;0;0;1411;0;;;;;
2026-04-24;O_VAKBNE0426P32.00;VAKBN_04/2026_AVRUPA_OPSIYON;D_EQ;SSO;D_EQ_EPP;DE_VAKBN_EPP;VAKBN.E;2026-04-30;0.18;0.28;-35.71;0;0;0;0;0;0;0;0;0;459;0;;;;;
2026-04-24;O_VAKBNE0426P33.00;VAKBN_04/2026_AVRUPA_OPSIYON;D_EQ;SSO;D_EQ_EPP;DE_VAKBN_EPP;VAKBN.E;2026-04-30;0.45;0.59;-23.73;0;0;0;0;0;0;0;0;0;1141;0;;;;;
2026-04-24;O_VAKBNE0426P34.00;VAKBN_04/2026_AVRUPA_OPSIYON;D_EQ;SSO;D_EQ_EPP;DE_VAKBN_EPP;VAKBN.E;2026-04-30;0.92;1.07;-14.02;1.02;1.02;1.02;1.02;1.02;170000;5100;50;2;200;0;;;;;
2026-04-24;O_VAKBNE0426P35.00;VAKBN_04/2026_AVRUPA_OPSIYON;D_EQ;SSO;D_EQ_EPP;DE_VAKBN_EPP;VAKBN.E;2026-04-30;1.59;1.73;-8.09;1.72;1.72;1.72;1.72;1.72;87500;4300;25;1;425;0;;;;;
2026-04-24;O_VAKBNE0426P36.00;VAKBN_04/2026_AVRUPA_OPSIYON;D_EQ;SSO;D_EQ_EPP;DE_VAKBN_EPP;VAKBN.E;2026-04-30;2.41;2.53;-4.74;0;0;0;0;0;0;0;0;0;333;0;;;;;
2026-04-24;O_VAKBNE0426P37.00;VAKBN_04/2026_AVRUPA_OPSIYON;D_EQ;SSO;D_EQ_EPP;DE_VAKBN_EPP;VAKBN.E;2026-04-30;3.33;3.43;-2.92;0;0;0;0;0;0;0;0;0;190;0;;;;;
2026-04-24;O_VAKBNE0426P38.00;VAKBN_04/2026_AVRUPA_OPSIYON;D_EQ;SSO;D_EQ_EPP;DE_VAKBN_EPP;VAKBN.E;2026-04-30;4.3;4.37;-1.6;0;0;0;0;0;0;0;0;0;50;0;;;;;
2026-04-24;O_VAKBNE0426P39.00;VAKBN_04/2026_AVRUPA_OPSIYON;D_EQ;SSO;D_EQ_EPP;DE_VAKBN_EPP;VAKBN.E;2026-04-30;5.28;5.35;-1.31;0;0;0;0;0;0;0;0;0;50;0;;;;;
2026-04-24;O_VAKBNE0426P40.00;VAKBN_04/2026_AVRUPA_OPSIYON;D_EQ;SSO;D_EQ_EPP;DE_VAKBN_EPP;VAKBN.E;2026-04-30;6.27;6.33;-0.95;0;0;0;0;0;0;0;0;0;25;0;;;;;
2026-04-24;O_VAKBNE0426P41.00;VAKBN_04/2026_AVRUPA_OPSIYON;D_EQ;SSO;D_EQ_EPP;DE_VAKBN_EPP;VAKBN.E;2026-04-30;7.26;7.32;-0.82;0;0;0;0;0;0;0;0;0;25;0;;;;;
2026-04-24;O_VAKBNE0426P42.00;VAKBN_04/2026_AVRUPA_OPSIYON;D_EQ;SSO;D_EQ_EPP;DE_VAKBN_EPP;VAKBN.E;2026-04-30;8.26;8.31;-0.6;0;0;0;0;0;0;0;0;0;0;0;;;;;
2026-04-24;O_VAKBNE0426P43.00;VAKBN_04/2026_AVRUPA_OPSIYON;D_EQ;SSO;D_EQ_EPP;DE_VAKBN_EPP;VAKBN.E;2026-04-30;9.25;9.3;-0.54;0;0;0;0;0;0;0;0;0;0;0;;;;;
2026-04-24;O_VAKBNE0426P44.00;VAKBN_04/2026_AVRUPA_OPSIYON;D_EQ;SSO;D_EQ_EPP;DE_VAKBN_EPP;VAKBN.E;2026-04-30;10.25;10.3;-0.49;0;0;0;0;0;0;0;0;0;0;0;;;;;
2026-04-24;O_VAKBNE0426P45.00;VAKBN_04/2026_AVRUPA_OPSIYON;D_EQ;SSO;D_EQ_EPP;DE_VAKBN_EPP;VAKBN.E;2026-04-30;11.24;11.29;-0.44;0;0;0;0;0;0;0;0;0;0;0;;;;;
2026-04-24;O_VAKBNE0426P46.00;VAKBN_04/2026_AVRUPA_OPSIYON;D_EQ;SSO;D_EQ_EPP;DE_VAKBN_EPP;VAKBN.E;2026-04-30;12.23;12.28;-0.41;0;0;0;0;0;0;0;0;0;0;0;;;;;
2026-04-24;O_VAKBNE0526C31.00;VAKBN_05/2026_AVRUPA_OPSIYON;D_EQ;SSO;D_EQ_ECP;DE_VAKBN_ECP;VAKBN.E;2026-05-25;3.91;3.89;0.51;0;0;0;0;0;0;0;0;0;0;0;;;;;
2026-04-24;O_VAKBNE0526C32.00;VAKBN_05/2026_AVRUPA_OPSIYON;D_EQ;SSO;D_EQ_ECP;DE_VAKBN_ECP;VAKBN.E;2026-05-25;3.19;3.18;0.31;0;0;0;0;0;0;0;0;0;0;0;;;;;
2026-04-24;O_VAKBNE0526C33.00;VAKBN_05/2026_AVRUPA_OPSIYON;D_EQ;SSO;D_EQ_ECP;DE_VAKBN_ECP;VAKBN.E;2026-05-25;2.55;2.55;0;0;0;0;0;0;0;0;0;0;0;0;;;;;
2026-04-24;O_VAKBNE0526C34.00;VAKBN_05/2026_AVRUPA_OPSIYON;D_EQ;SSO;D_EQ_ECP;DE_VAKBN_ECP;VAKBN.E;2026-05-25;2;2;0;0;0;0;0;0;0;0;0;0;25;0;;;;;
2026-04-24;O_VAKBNE0526C35.00;VAKBN_05/2026_AVRUPA_OPSIYON;D_EQ;SSO;D_EQ_ECP;DE_VAKBN_ECP;VAKBN.E;2026-05-25;1.53;1.54;-0.65;0;0;0;0;0;0;0;0;0;25;0;;;;;
2026-04-24;O_VAKBNE0526C36.00;VAKBN_05/2026_AVRUPA_OPSIYON;D_EQ;SSO;D_EQ_ECP;DE_VAKBN_ECP;VAKBN.E;2026-05-25;1.15;1.17;-1.71;0;0;0;0;0;0;0;0;0;0;0;;;;;
2026-04-24;O_VAKBNE0526C37.00;VAKBN_05/2026_AVRUPA_OPSIYON;D_EQ;SSO;D_EQ_ECP;DE_VAKBN_ECP;VAKBN.E;2026-05-25;0.84;0.87;-3.45;0;0;0;0;0;0;0;0;0;25;0;;;;;
2026-04-24;O_VAKBNE0526C38.00;VAKBN_05/2026_AVRUPA_OPSIYON;D_EQ;SSO;D_EQ_ECP;DE_VAKBN_ECP;VAKBN.E;2026-05-25;0.61;0.64;-4.69;0;0;0;0;0;0;0;0;0;200;0;;;;;
2026-04-24;O_VAKBNE0526C39.00;VAKBN_05/2026_AVRUPA_OPSIYON;D_EQ;SSO;D_EQ_ECP;DE_VAKBN_ECP;VAKBN.E;2026-05-25;0.43;0.46;-6.52;0;0;0;0;0;0;0;0;0;0;0;;;;;
2026-04-24;O_VAKBNE0526C40.00;VAKBN_05/2026_AVRUPA_OPSIYON;D_EQ;SSO;D_EQ_ECP;DE_VAKBN_ECP;VAKBN.E;2026-05-25;0.3;0.33;-9.09;0;0;0;0;0;0;0;0;0;0;0;;;;;
2026-04-24;O_VAKBNE0526C41.00;VAKBN_05/2026_AVRUPA_OPSIYON;D_EQ;SSO;D_EQ_ECP;DE_VAKBN_ECP;VAKBN.E;2026-05-25;0.2;0.23;-13.04;0;0;0;0;0;0;0;0;0;0;0;;;;;
2026-04-24;O_VAKBNE0526C42.00;VAKBN_05/2026_AVRUPA_OPSIYON;D_EQ;SSO;D_EQ_ECP;DE_VAKBN_ECP;VAKBN.E;2026-05-25;0.14;0.16;-12.5;0;0;0;0;0;0;0;0;0;500;0;;;;;
2026-04-24;O_VAKBNE0526C43.00;VAKBN_05/2026_AVRUPA_OPSIYON;D_EQ;SSO;D_EQ_ECP;DE_VAKBN_ECP;VAKBN.E;2026-05-25;0.09;0.11;-18.18;0;0;0;0;0;0;0;0;0;0;0;;;;;
2026-04-24;O_VAKBNE0526C44.00;VAKBN_05/2026_AVRUPA_OPSIYON;D_EQ;SSO;D_EQ_ECP;DE_VAKBN_ECP;VAKBN.E;2026-05-25;0.06;0.07;-14.29;0;0;0;0;0;0;0;0;0;0;0;;;;;
2026-04-24;O_VAKBNE0526C45.00;VAKBN_05/2026_AVRUPA_OPSIYON;D_EQ;SSO;D_EQ_ECP;DE_VAKBN_ECP;VAKBN.E;2026-05-25;0.04;0.05;-20;0;0;0;0;0;0;0;0;0;0;0;;;;;
2026-04-24;O_VAKBNE0526C46.00;VAKBN_05/2026_AVRUPA_OPSIYON;D_EQ;SSO;D_EQ_ECP;DE_VAKBN_ECP;VAKBN.E;2026-05-25;0.02;0.03;-33.33;0;0;0;0;0;0;0;0;0;0;0;;;;;
2026-04-24;O_VAKBNE0526C47.00;VAKBN_05/2026_AVRUPA_OPSIYON;D_EQ;SSO;D_EQ_ECP;DE_VAKBN_ECP;VAKBN.E;2026-05-25;0.01;0.02;-50;0;0;0;0;0;0;0;0;0;0;0;;;;;
2026-04-24;O_VAKBNE0526C48.00;VAKBN_05/2026_AVRUPA_OPSIYON;D_EQ;SSO;D_EQ_ECP;DE_VAKBN_ECP;VAKBN.E;2026-05-25;0.01;0.01;0;0;0;0;0;0;0;0;0;0;0;0;;;;;
2026-04-24;O_VAKBNE0526C49.00;VAKBN_05/2026_AVRUPA_OPSIYON;D_EQ;SSO;D_EQ_ECP;DE_VAKBN_ECP;VAKBN.E;2026-05-25;0.01;0.01;0;0;0;0;0;0;0;0;0;0;0;0;;;;;
2026-04-24;O_VAKBNE0526C50.00;VAKBN_05/2026_AVRUPA_OPSIYON;D_EQ;SSO;D_EQ_ECP;DE_VAKBN_ECP;VAKBN.E;2026-05-25;0.01;0.01;0;0;0;0;0;0;0;0;0;0;0;0;;;;;
2026-04-24;O_VAKBNE0526P26.00;VAKBN_05/2026_AVRUPA_OPSIYON;D_EQ;SSO;D_EQ_EPP;DE_VAKBN_EPP;VAKBN.E;2026-05-25;0.02;0.03;-33.33;0;0;0;0;0;0;0;0;0;0;0;;;;;
2026-04-24;O_VAKBNE0526P27.00;VAKBN_05/2026_AVRUPA_OPSIYON;D_EQ;SSO;D_EQ_EPP;DE_VAKBN_EPP;VAKBN.E;2026-05-25;0.04;0.05;-20;0;0;0;0;0;0;0;0;0;0;0;;;;;
2026-04-24;O_VAKBNE0526P28.00;VAKBN_05/2026_AVRUPA_OPSIYON;D_EQ;SSO;D_EQ_EPP;DE_VAKBN_EPP;VAKBN.E;2026-05-25;0.08;0.1;-20;0;0;0;0;0;0;0;0;0;0;0;;;;;
2026-04-24;O_VAKBNE0526P29.00;VAKBN_05/2026_AVRUPA_OPSIYON;D_EQ;SSO;D_EQ_EPP;DE_VAKBN_EPP;VAKBN.E;2026-05-25;0.15;0.19;-21.05;0;0;0;0;0;0;0;0;0;0;0;;;;;
2026-04-24;O_VAKBNE0526P30.00;VAKBN_05/2026_AVRUPA_OPSIYON;D_EQ;SSO;D_EQ_EPP;DE_VAKBN_EPP;VAKBN.E;2026-05-25;0.27;0.31;-12.9;0;0;0;0;0;0;0;0;0;0;0;;;;;
2026-04-24;O_VAKBNE0526P31.00;VAKBN_05/2026_AVRUPA_OPSIYON;D_EQ;SSO;D_EQ_EPP;DE_VAKBN_EPP;VAKBN.E;2026-05-25;0.45;0.5;-10;0;0;0;0;0;0;0;0;0;325;0;;;;;
2026-04-24;O_VAKBNE0526P32.00;VAKBN_05/2026_AVRUPA_OPSIYON;D_EQ;SSO;D_EQ_EPP;DE_VAKBN_EPP;VAKBN.E;2026-05-25;0.7;0.76;-7.89;0;0;0;0;0;0;0;0;0;0;0;;;;;
2026-04-24;O_VAKBNE0526P33.00;VAKBN_05/2026_AVRUPA_OPSIYON;D_EQ;SSO;D_EQ_EPP;DE_VAKBN_EPP;VAKBN.E;2026-05-25;1.02;1.09;-6.42;0;0;0;0;0;0;0;0;0;0;0;;;;;
2026-04-24;O_VAKBNE0526P34.00;VAKBN_05/2026_AVRUPA_OPSIYON;D_EQ;SSO;D_EQ_EPP;DE_VAKBN_EPP;VAKBN.E;2026-05-25;1.44;1.51;-4.64;0;0;0;0;0;0;0;0;0;0;0;;;;;
2026-04-24;O_VAKBNE0526P35.00;VAKBN_05/2026_AVRUPA_OPSIYON;D_EQ;SSO;D_EQ_EPP;DE_VAKBN_EPP;VAKBN.E;2026-05-25;1.94;2.02;-3.96;0;0;0;0;0;0;0;0;0;0;0;;;;;
2026-04-24;O_VAKBNE0526P36.00;VAKBN_05/2026_AVRUPA_OPSIYON;D_EQ;SSO;D_EQ_EPP;DE_VAKBN_EPP;VAKBN.E;2026-05-25;2.53;2.61;-3.07;0;0;0;0;0;0;0;0;0;0;0;;;;;
2026-04-24;O_VAKBNE0526P37.00;VAKBN_05/2026_AVRUPA_OPSIYON;D_EQ;SSO;D_EQ_EPP;DE_VAKBN_EPP;VAKBN.E;2026-05-25;3.19;3.28;-2.74;0;0;0;0;0;0;0;0;0;0;0;;;;;
2026-04-24;O_VAKBNE0526P38.00;VAKBN_05/2026_AVRUPA_OPSIYON;D_EQ;SSO;D_EQ_EPP;DE_VAKBN_EPP;VAKBN.E;2026-05-25;3.92;4.01;-2.24;0;0;0;0;0;0;0;0;0;0;0;;;;;
2026-04-24;O_VAKBNE0526P39.00;VAKBN_05/2026_AVRUPA_OPSIYON;D_EQ;SSO;D_EQ_EPP;DE_VAKBN_EPP;VAKBN.E;2026-05-25;4.71;4.8;-1.88;0;0;0;0;0;0;0;0;0;0;0;;;;;
2026-04-24;O_VAKBNE0526P40.00;VAKBN_05/2026_AVRUPA_OPSIYON;D_EQ;SSO;D_EQ_EPP;DE_VAKBN_EPP;VAKBN.E;2026-05-25;5.55;5.64;-1.6;0;0;0;0;0;0;0;0;0;0;0;;;;;
2026-04-24;O_VAKBNE0526P41.00;VAKBN_05/2026_AVRUPA_OPSIYON;D_EQ;SSO;D_EQ_EPP;DE_VAKBN_EPP;VAKBN.E;2026-05-25;6.42;6.5;-1.23;0;0;0;0;0;0;0;0;0;0;0;;;;;
2026-04-24;O_VAKBNE0526P42.00;VAKBN_05/2026_AVRUPA_OPSIYON;D_EQ;SSO;D_EQ_EPP;DE_VAKBN_EPP;VAKBN.E;2026-05-25;7.32;7.4;-1.08;0;0;0;0;0;0;0;0;0;0;0;;;;;
2026-04-24;O_VAKBNE0526P43.00;VAKBN_05/2026_AVRUPA_OPSIYON;D_EQ;SSO;D_EQ_EPP;DE_VAKBN_EPP;VAKBN.E;2026-05-25;8.24;8.32;-0.96;0;0;0;0;0;0;0;0;0;0;0;;;;;
2026-04-24;O_VAKBNE0526P44.00;VAKBN_05/2026_AVRUPA_OPSIYON;D_EQ;SSO;D_EQ_EPP;DE_VAKBN_EPP;VAKBN.E;2026-05-25;9.18;9.25;-0.76;0;0;0;0;0;0;0;0;0;0;0;;;;;
2026-04-24;O_VAKBNE0526P45.00;VAKBN_05/2026_AVRUPA_OPSIYON;D_EQ;SSO;D_EQ_EPP;DE_VAKBN_EPP;VAKBN.E;2026-05-25;10.13;10.19;-0.59;0;0;0;0;0;0;0;0;0;0;0;;;;;
2026-04-24;O_VAKBNE0626C32.00;VAKBN_06/2026_AVRUPA_OPSIYON;D_EQ;SSO;D_EQ_ECP;DE_VAKBN_ECP;VAKBN.E;2026-06-30;4.94;4.91;0.61;0;0;0;0;0;0;0;0;0;0;0;;;;;
2026-04-24;O_VAKBNE0626C33.00;VAKBN_06/2026_AVRUPA_OPSIYON;D_EQ;SSO;D_EQ_ECP;DE_VAKBN_ECP;VAKBN.E;2026-06-30;4.3;4.28;0.47;0;0;0;0;0;0;0;0;0;0;0;;;;;
2026-04-24;O_VAKBNE0626C34.00;VAKBN_06/2026_AVRUPA_OPSIYON;D_EQ;SSO;D_EQ_ECP;DE_VAKBN_ECP;VAKBN.E;2026-06-30;3.71;3.7;0.27;0;0;0;0;0;0;0;0;0;0;0;;;;;
2026-04-24;O_VAKBNE0626C35.00;VAKBN_06/2026_AVRUPA_OPSIYON;D_EQ;SSO;D_EQ_ECP;DE_VAKBN_ECP;VAKBN.E;2026-06-30;3.18;3.17;0.32;0;0;0;0;0;0;0;0;0;0;0;;;;;
2026-04-24;O_VAKBNE0626C36.00;VAKBN_06/2026_AVRUPA_OPSIYON;D_EQ;SSO;D_EQ_ECP;DE_VAKBN_ECP;VAKBN.E;2026-06-30;2.71;2.7;0.37;0;0;0;0;0;0;0;0;0;0;0;;;;;
2026-04-24;O_VAKBNE0626C37.00;VAKBN_06/2026_AVRUPA_OPSIYON;D_EQ;SSO;D_EQ_ECP;DE_VAKBN_ECP;VAKBN.E;2026-06-30;2.29;2.29;0;0;0;0;0;0;0;0;0;0;0;0;;;;;
2026-04-24;O_VAKBNE0626C38.00;VAKBN_06/2026_AVRUPA_OPSIYON;D_EQ;SSO;D_EQ_ECP;DE_VAKBN_ECP;VAKBN.E;2026-06-30;1.92;1.93;-0.52;0;0;0;0;0;0;0;0;0;0;0;;;;;
2026-04-24;O_VAKBNE0626C39.00;VAKBN_06/2026_AVRUPA_OPSIYON;D_EQ;SSO;D_EQ_ECP;DE_VAKBN_ECP;VAKBN.E;2026-06-30;1.6;1.62;-1.23;0;0;0;0;0;0;0;0;0;0;0;;;;;
2026-04-24;O_VAKBNE0626C40.00;VAKBN_06/2026_AVRUPA_OPSIYON;D_EQ;SSO;D_EQ_ECP;DE_VAKBN_ECP;VAKBN.E;2026-06-30;1.32;1.35;-2.22;0;0;0;0;0;0;0;0;0;0;0;;;;;
2026-04-24;O_VAKBNE0626C41.00;VAKBN_06/2026_AVRUPA_OPSIYON;D_EQ;SSO;D_EQ_ECP;DE_VAKBN_ECP;VAKBN.E;2026-06-30;1.08;1.12;-3.57;0;0;0;0;0;0;0;0;0;0;0;;;;;
2026-04-24;O_VAKBNE0626C42.00;VAKBN_06/2026_AVRUPA_OPSIYON;D_EQ;SSO;D_EQ_ECP;DE_VAKBN_ECP;VAKBN.E;2026-06-30;0.89;0.92;-3.26;0;0;0;0;0;0;0;0;0;0;0;;;;;
2026-04-24;O_VAKBNE0626C43.00;VAKBN_06/2026_AVRUPA_OPSIYON;D_EQ;SSO;D_EQ_ECP;DE_VAKBN_ECP;VAKBN.E;2026-06-30;0.72;0.76;-5.26;0;0;0;0;0;0;0;0;0;0;0;;;;;
2026-04-24;O_VAKBNE0626C44.00;VAKBN_06/2026_AVRUPA_OPSIYON;D_EQ;SSO;D_EQ_ECP;DE_VAKBN_ECP;VAKBN.E;2026-06-30;0.58;0.62;-6.45;0;0;0;0;0;0;0;0;0;0;0;;;;;
2026-04-24;O_VAKBNE0626P27.00;VAKBN_06/2026_AVRUPA_OPSIYON;D_EQ;SSO;D_EQ_EPP;DE_VAKBN_EPP;VAKBN.E;2026-06-30;0.13;0.15;-13.33;0;0;0;0;0;0;0;0;0;0;0;;;;;
2026-04-24;O_VAKBNE0626P28.00;VAKBN_06/2026_AVRUPA_OPSIYON;D_EQ;SSO;D_EQ_EPP;DE_VAKBN_EPP;VAKBN.E;2026-06-30;0.21;0.23;-8.7;0;0;0;0;0;0;0;0;0;0;0;;;;;
2026-04-24;O_VAKBNE0626P29.00;VAKBN_06/2026_AVRUPA_OPSIYON;D_EQ;SSO;D_EQ_EPP;DE_VAKBN_EPP;VAKBN.E;2026-06-30;0.31;0.34;-8.82;0;0;0;0;0;0;0;0;0;0;0;;;;;
2026-04-24;O_VAKBNE0626P30.00;VAKBN_06/2026_AVRUPA_OPSIYON;D_EQ;SSO;D_EQ_EPP;DE_VAKBN_EPP;VAKBN.E;2026-06-30;0.45;0.49;-8.16;0;0;0;0;0;0;0;0;0;0;0;;;;;
2026-04-24;O_VAKBNE0626P31.00;VAKBN_06/2026_AVRUPA_OPSIYON;D_EQ;SSO;D_EQ_EPP;DE_VAKBN_EPP;VAKBN.E;2026-06-30;0.64;0.68;-5.88;0;0;0;0;0;0;0;0;0;0;0;;;;;
2026-04-24;O_VAKBNE0626P32.00;VAKBN_06/2026_AVRUPA_OPSIYON;D_EQ;SSO;D_EQ_EPP;DE_VAKBN_EPP;VAKBN.E;2026-06-30;0.87;0.91;-4.4;0;0;0;0;0;0;0;0;0;0;0;;;;;
2026-04-24;O_VAKBNE0626P33.00;VAKBN_06/2026_AVRUPA_OPSIYON;D_EQ;SSO;D_EQ_EPP;DE_VAKBN_EPP;VAKBN.E;2026-06-30;1.15;1.19;-3.36;0;0;0;0;0;0;0;0;0;0;0;;;;;
2026-04-24;O_VAKBNE0626P34.00;VAKBN_06/2026_AVRUPA_OPSIYON;D_EQ;SSO;D_EQ_EPP;DE_VAKBN_EPP;VAKBN.E;2026-06-30;1.48;1.53;-3.27;0;0;0;0;0;0;0;0;0;0;0;;;;;
2026-04-24;O_VAKBNE0626P35.00;VAKBN_06/2026_AVRUPA_OPSIYON;D_EQ;SSO;D_EQ_EPP;DE_VAKBN_EPP;VAKBN.E;2026-06-30;1.87;1.92;-2.6;0;0;0;0;0;0;0;0;0;0;0;;;;;
2026-04-24;O_VAKBNE0626P36.00;VAKBN_06/2026_AVRUPA_OPSIYON;D_EQ;SSO;D_EQ_EPP;DE_VAKBN_EPP;VAKBN.E;2026-06-30;2.31;2.36;-2.12;0;0;0;0;0;0;0;0;0;0;0;;;;;
2026-04-24;O_VAKBNE0626P37.00;VAKBN_06/2026_AVRUPA_OPSIYON;D_EQ;SSO;D_EQ_EPP;DE_VAKBN_EPP;VAKBN.E;2026-06-30;2.81;2.87;-2.09;0;0;0;0;0;0;0;0;0;0;0;;;;;
2026-04-24;O_VAKBNE0626P38.00;VAKBN_06/2026_AVRUPA_OPSIYON;D_EQ;SSO;D_EQ_EPP;DE_VAKBN_EPP;VAKBN.E;2026-06-30;3.36;3.42;-1.75;0;0;0;0;0;0;0;0;0;0;0;;;;;
2026-04-24;O_VAKBNE0626P39.00;VAKBN_06/2026_AVRUPA_OPSIYON;D_EQ;SSO;D_EQ_EPP;DE_VAKBN_EPP;VAKBN.E;2026-06-30;3.96;4.03;-1.74;0;0;0;0;0;0;0;0;0;0;0;;;;;
2026-04-24;O_XU030E0426C12750.00;BIST 30_04/2026_AVRUPA_OPSIYON;D_IX;INO;D_IX_ECO;DE_BIST30_ECO;D_XU030D;2026-04-30;3800.64;3771.79;0.76;0;0;0;0;0;0;0;0;0;26;0;;;;;
2026-04-24;O_XU030E0426C13000.00;BIST 30_04/2026_AVRUPA_OPSIYON;D_IX;INO;D_IX_ECO;DE_BIST30_ECO;D_XU030D;2026-04-30;3551.83;3523.37;0.81;0;0;0;0;0;0;0;0;0;49;0;;;;;
2026-04-24;O_XU030E0426C13250.00;BIST 30_04/2026_AVRUPA_OPSIYON;D_IX;INO;D_IX_ECO;DE_BIST30_ECO;D_XU030D;2026-04-30;3303.01;3274.97;0.86;0;0;0;0;0;0;0;0;0;62;0;;;;;
2026-04-24;O_XU030E0426C13500.00;BIST 30_04/2026_AVRUPA_OPSIYON;D_IX;INO;D_IX_ECO;DE_BIST30_ECO;D_XU030D;2026-04-30;3054.2;3026.57;0.91;0;0;0;0;0;0;0;0;0;259;0;;;;;
2026-04-24;O_XU030E0426C13750.00;BIST 30_04/2026_AVRUPA_OPSIYON;D_IX;INO;D_IX_ECO;DE_BIST30_ECO;D_XU030D;2026-04-30;2805.39;2778.21;0.98;0;0;0;0;0;0;0;0;0;148;0;;;;;
2026-04-24;O_XU030E0426C14000.00;BIST 30_04/2026_AVRUPA_OPSIYON;D_IX;INO;D_IX_ECO;DE_BIST30_ECO;D_XU030D;2026-04-30;2556.58;2529.93;1.05;0;0;0;0;0;0;0;0;0;183;0;;;;;
2026-04-24;O_XU030E0426C14250.00;BIST 30_04/2026_AVRUPA_OPSIYON;D_IX;INO;D_IX_ECO;DE_BIST30_ECO;D_XU030D;2026-04-30;2307.78;2281.84;1.14;0;0;0;0;0;0;0;0;0;146;0;;;;;
2026-04-24;O_XU030E0426C14500.00;BIST 30_04/2026_AVRUPA_OPSIYON;D_IX;INO;D_IX_ECO;DE_BIST30_ECO;D_XU030D;2026-04-30;2059;2034.14;1.22;0;0;0;0;0;0;0;0;0;761;0;;;;;
2026-04-24;O_XU030E0426C14750.00;BIST 30_04/2026_AVRUPA_OPSIYON;D_IX;INO;D_IX_ECO;DE_BIST30_ECO;D_XU030D;2026-04-30;1810.36;1787.3;1.29;0;0;0;0;0;0;0;0;0;809;0;;;;;
2026-04-24;O_XU030E0426C15000.00;BIST 30_04/2026_AVRUPA_OPSIYON;D_IX;INO;D_IX_ECO;DE_BIST30_ECO;D_XU030D;2026-04-30;1562.26;1542.17;1.3;0;0;0;0;0;0;0;0;0;1000;0;;;;;
2026-04-24;O_XU030E0426C15250.00;BIST 30_04/2026_AVRUPA_OPSIYON;D_IX;INO;D_IX_ECO;DE_BIST30_ECO;D_XU030D;2026-04-30;1315.89;1300.33;1.2;0;0;0;0;0;0;0;0;0;480;0;;;;;
2026-04-24;O_XU030E0426C15500.00;BIST 30_04/2026_AVRUPA_OPSIYON;D_IX;INO;D_IX_ECO;DE_BIST30_ECO;D_XU030D;2026-04-30;1074.05;1064.46;0.9;0;0;0;0;0;0;0;0;0;286;0;;;;;
2026-04-24;O_XU030E0426C15750.00;BIST 30_04/2026_AVRUPA_OPSIYON;D_IX;INO;D_IX_ECO;DE_BIST30_ECO;D_XU030D;2026-04-30;842.02;838.97;0.36;0;0;0;0;0;0;0;0;0;727;0;;;;;
2026-04-24;O_XU030E0426C16000.00;BIST 30_04/2026_AVRUPA_OPSIYON;D_IX;INO;D_IX_ECO;DE_BIST30_ECO;D_XU030D;2026-04-30;627.75;635.69;-1.25;0;0;0;0;0;0;0;0;0;984;0;;;;;
2026-04-24;O_XU030E0426C16250.00;BIST 30_04/2026_AVRUPA_OPSIYON;D_IX;INO;D_IX_ECO;DE_BIST30_ECO;D_XU030D;2026-04-30;440.53;459.15;-4.06;439.5;364.25;487.93;453.25;434.64;50537500;1351715.5;311;34;572;58;;;;;
2026-04-24;O_XU030E0426C16500.00;BIST 30_04/2026_AVRUPA_OPSIYON;D_IX;INO;D_IX_ECO;DE_BIST30_ECO;D_XU030D;2026-04-30;288.21;314.22;-8.28;336.65;242;344.24;288;297.88;33660000;607667;204;23;970;8;;;;;
2026-04-24;O_XU030E0426C16750.00;BIST 30_04/2026_AVRUPA_OPSIYON;D_IX;INO;D_IX_ECO;DE_BIST30_ECO;D_XU030D;2026-04-30;174.34;202.75;-14.01;178;135.5;191.5;181.5;168.76;31490000;317277.5;188;20;1290;0;;;;;
2026-04-24;O_XU030E0426C17000.00;BIST 30_04/2026_AVRUPA_OPSIYON;D_IX;INO;D_IX_ECO;DE_BIST30_ECO;D_XU030D;2026-04-30;96.87;122.87;-21.16;86.28;75;112.23;111.5;101.62;33830000;202226.8;199;20;1115;39;;;;;
2026-04-24;O_XU030E0426C17250.00;BIST 30_04/2026_AVRUPA_OPSIYON;D_IX;INO;D_IX_ECO;DE_BIST30_ECO;D_XU030D;2026-04-30;49.21;69.75;-29.45;48.75;36.25;62.94;43.25;49.74;27600000;79588;160;14;433;30;;;;;
2026-04-24;O_XU030E0426C17500.00;BIST 30_04/2026_AVRUPA_OPSIYON;D_IX;INO;D_IX_ECO;DE_BIST30_ECO;D_XU030D;2026-04-30;22.78;37.67;-39.53;20;20;25.25;25.25;21.81;6825000;8505;39;4;410;28;;;;;
2026-04-24;O_XU030E0426C17750.00;BIST 30_04/2026_AVRUPA_OPSIYON;D_IX;INO;D_IX_ECO;DE_BIST30_ECO;D_XU030D;2026-04-30;9.6;19.34;-50.36;30;15;30;15;17.14;8697500;8400;49;8;585;49;;;;;
2026-04-24;O_XU030E0426C18000.00;BIST 30_04/2026_AVRUPA_OPSIYON;D_IX;INO;D_IX_ECO;DE_BIST30_ECO;D_XU030D;2026-04-30;3.68;9.42;-60.93;0;0;0;0;0;0;0;0;0;758;0;;;;;
2026-04-24;O_XU030E0426C18250.00;BIST 30_04/2026_AVRUPA_OPSIYON;D_IX;INO;D_IX_ECO;DE_BIST30_ECO;D_XU030D;2026-04-30;1.28;4.36;-70.64;0;0;0;0;0;0;0;0;0;403;0;;;;;
2026-04-24;O_XU030E0426C18500.00;BIST 30_04/2026_AVRUPA_OPSIYON;D_IX;INO;D_IX_ECO;DE_BIST30_ECO;D_XU030D;2026-04-30;0.41;1.93;-78.76;0;0;0;0;0;0;0;0;0;368;0;;;;;
2026-04-24;O_XU030E0426C18750.00;BIST 30_04/2026_AVRUPA_OPSIYON;D_IX;INO;D_IX_ECO;DE_BIST30_ECO;D_XU030D;2026-04-30;0.12;0.82;-85.37;0;0;0;0;0;0;0;0;0;0;0;;;;;
2026-04-24;O_XU030E0426C19000.00;BIST 30_04/2026_AVRUPA_OPSIYON;D_IX;INO;D_IX_ECO;DE_BIST30_ECO;D_XU030D;2026-04-30;0.03;0.33;-90.91;0;0;0;0;0;0;0;0;0;0;0;;;;;
2026-04-24;O_XU030E0426P11250.00;BIST 30_04/2026_AVRUPA_OPSIYON;D_IX;INO;D_IX_EPO;DE_BIST30_EPO;D_XU030D;2026-04-30;0.01;0.01;0;0;0;0;0;0;0;0;0;0;65;0;;;;;
2026-04-24;O_XU030E0426P11500.00;BIST 30_04/2026_AVRUPA_OPSIYON;D_IX;INO;D_IX_EPO;DE_BIST30_EPO;D_XU030D;2026-04-30;0.01;0.01;0;0;0;0;0;0;0;0;0;0;95;0;;;;;
2026-04-24;O_XU030E0426P11750.00;BIST 30_04/2026_AVRUPA_OPSIYON;D_IX;INO;D_IX_EPO;DE_BIST30_EPO;D_XU030D;2026-04-30;0.01;0.01;0;0;0;0;0;0;0;0;0;0;67;0;;;;;
2026-04-24;O_XU030E0426P12000.00;BIST 30_04/2026_AVRUPA_OPSIYON;D_IX;INO;D_IX_EPO;DE_BIST30_EPO;D_XU030D;2026-04-30;0.01;0.01;0;0;0;0;0;0;0;0;0;0;985;0;;;;;
2026-04-24;O_XU030E0426P12250.00;BIST 30_04/2026_AVRUPA_OPSIYON;D_IX;INO;D_IX_EPO;DE_BIST30_EPO;D_XU030D;2026-04-30;0.01;0.01;0;0;0;0;0;0;0;0;0;0;131;0;;;;;
2026-04-24;O_XU030E0426P12500.00;BIST 30_04/2026_AVRUPA_OPSIYON;D_IX;INO;D_IX_EPO;DE_BIST30_EPO;D_XU030D;2026-04-30;0.01;0.01;0;0;0;0;0;0;0;0;0;0;432;0;;;;;
2026-04-24;O_XU030E0426P12750.00;BIST 30_04/2026_AVRUPA_OPSIYON;D_IX;INO;D_IX_EPO;DE_BIST30_EPO;D_XU030D;2026-04-30;0.01;0.01;0;0;0;0;0;0;0;0;0;0;351;0;;;;;
2026-04-24;O_XU030E0426P13000.00;BIST 30_04/2026_AVRUPA_OPSIYON;D_IX;INO;D_IX_EPO;DE_BIST30_EPO;D_XU030D;2026-04-30;0.01;0.01;0;0;0;0;0;0;0;0;0;0;786;0;;;;;
2026-04-24;O_XU030E0426P13250.00;BIST 30_04/2026_AVRUPA_OPSIYON;D_IX;INO;D_IX_EPO;DE_BIST30_EPO;D_XU030D;2026-04-30;0.01;0.01;0;0;0;0;0;0;0;0;0;0;698;0;;;;;
2026-04-24;O_XU030E0426P13500.00;BIST 30_04/2026_AVRUPA_OPSIYON;D_IX;INO;D_IX_EPO;DE_BIST30_EPO;D_XU030D;2026-04-30;0.01;0.04;-75;0;0;0;0;0;0;0;0;0;615;0;;;;;
2026-04-24;O_XU030E0426P13750.00;BIST 30_04/2026_AVRUPA_OPSIYON;D_IX;INO;D_IX_EPO;DE_BIST30_EPO;D_XU030D;2026-04-30;0.01;0.09;-88.89;0;0;0;0;0;0;0;0;0;375;0;;;;;
2026-04-24;O_XU030E0426P14000.00;BIST 30_04/2026_AVRUPA_OPSIYON;D_IX;INO;D_IX_EPO;DE_BIST30_EPO;D_XU030D;2026-04-30;0.01;0.23;-95.65;0;0;0;0;0;0;0;0;0;1050;0;;;;;
2026-04-24;O_XU030E0426P14250.00;BIST 30_04/2026_AVRUPA_OPSIYON;D_IX;INO;D_IX_EPO;DE_BIST30_EPO;D_XU030D;2026-04-30;0.01;0.55;-98.18;0;0;0;0;0;0;0;0;0;262;0;;;;;
2026-04-24;O_XU030E0426P14500.00;BIST 30_04/2026_AVRUPA_OPSIYON;D_IX;INO;D_IX_EPO;DE_BIST30_EPO;D_XU030D;2026-04-30;0.04;1.27;-96.85;0;0;0;0;0;0;0;0;0;527;0;;;;;
2026-04-24;O_XU030E0426P14750.00;BIST 30_04/2026_AVRUPA_OPSIYON;D_IX;INO;D_IX_EPO;DE_BIST30_EPO;D_XU030D;2026-04-30;0.21;2.84;-92.61;0;0;0;0;0;0;0;0;0;394;0;;;;;
2026-04-24;O_XU030E0426P15000.00;BIST 30_04/2026_AVRUPA_OPSIYON;D_IX;INO;D_IX_EPO;DE_BIST30_EPO;D_XU030D;2026-04-30;0.92;6.13;-84.99;0;0;0;0;0;0;0;0;0;990;0;;;;;
2026-04-24;O_XU030E0426P15250.00;BIST 30_04/2026_AVRUPA_OPSIYON;D_IX;INO;D_IX_EPO;DE_BIST30_EPO;D_XU030D;2026-04-30;3.36;12.71;-73.56;0;0;0;0;0;0;0;0;0;315;0;;;;;
2026-04-24;O_XU030E0426P15500.00;BIST 30_04/2026_AVRUPA_OPSIYON;D_IX;INO;D_IX_EPO;DE_BIST30_EPO;D_XU030D;2026-04-30;10.33;25.25;-59.09;48.75;29.75;48.75;35.5;34.55;11470000;25570;74;6;2139;46;;;;;
2026-04-24;O_XU030E0426P15750.00;BIST 30_04/2026_AVRUPA_OPSIYON;D_IX;INO;D_IX_EPO;DE_BIST30_EPO;D_XU030D;2026-04-30;27.11;48.18;-43.73;71.75;43.51;73.75;49.5;59.07;12600000;47255.6;80;14;326;0;;;;;
2026-04-24;O_XU030E0426P16000.00;BIST 30_04/2026_AVRUPA_OPSIYON;D_IX;INO;D_IX_EPO;DE_BIST30_EPO;D_XU030D;2026-04-30;61.66;93.31;-33.92;133;83.04;133;84.75;100.98;16960000;107041;106;11;2572;-36;;;;;
2026-04-24;O_XU030E0426P16250.00;BIST 30_04/2026_AVRUPA_OPSIYON;D_IX;INO;D_IX_EPO;DE_BIST30_EPO;D_XU030D;2026-04-30;123.24;165.19;-25.39;179;112.75;205.75;112.75;155.32;83362500;796779.8;513;43;353;-285;;;;;
2026-04-24;O_XU030E0426P16500.00;BIST 30_04/2026_AVRUPA_OPSIYON;D_IX;INO;D_IX_EPO;DE_BIST30_EPO;D_XU030D;2026-04-30;219.73;268.68;-18.22;232.29;200.75;325;200.75;243.49;28050000;413932;170;19;424;-10;;;;;
2026-04-24;O_XU030E0426P16750.00;BIST 30_04/2026_AVRUPA_OPSIYON;D_IX;INO;D_IX_EPO;DE_BIST30_EPO;D_XU030D;2026-04-30;354.68;405.62;-12.56;459.49;329;459.49;329;361.06;26465000;570477;158;17;507;-77;;;;;
2026-04-24;O_XU030E0426P17000.00;BIST 30_04/2026_AVRUPA_OPSIYON;D_IX;INO;D_IX_EPO;DE_BIST30_EPO;D_XU030D;2026-04-30;526.02;574.16;-8.38;570;494;586.5;494.5;528.19;52360000;1626835.1;308;36;114;27;;;;;
2026-04-24;O_XU030E0426P17250.00;BIST 30_04/2026_AVRUPA_OPSIYON;D_IX;INO;D_IX_EPO;DE_BIST30_EPO;D_XU030D;2026-04-30;727.17;769.45;-5.49;0;0;0;0;0;0;0;0;0;246;0;;;;;
2026-04-24;O_XU030E0426P17500.00;BIST 30_04/2026_AVRUPA_OPSIYON;D_IX;INO;D_IX_EPO;DE_BIST30_EPO;D_XU030D;2026-04-30;949.56;985.79;-3.68;0;0;0;0;0;0;0;0;0;0;0;;;;;
2026-04-24;O_XU030E0626C13500.00;BIST 30_06/2026_AVRUPA_OPSIYON;D_IX;INO;D_IX_ECO;DE_BIST30_ECO;D_XU030D;2026-06-30;3744.39;3699.16;1.22;0;0;0;0;0;0;0;0;0;10;0;;;;;
2026-04-24;O_XU030E0626C13750.00;BIST 30_06/2026_AVRUPA_OPSIYON;D_IX;INO;D_IX_ECO;DE_BIST30_ECO;D_XU030D;2026-06-30;3521.89;3475.5;1.33;0;0;0;0;0;0;0;0;0;6;0;;;;;
2026-04-24;O_XU030E0626C14000.00;BIST 30_06/2026_AVRUPA_OPSIYON;D_IX;INO;D_IX_ECO;DE_BIST30_ECO;D_XU030D;2026-06-30;3301.52;3253.89;1.46;0;0;0;0;0;0;0;0;0;23;0;;;;;
2026-04-24;O_XU030E0626C14250.00;BIST 30_06/2026_AVRUPA_OPSIYON;D_IX;INO;D_IX_ECO;DE_BIST30_ECO;D_XU030D;2026-06-30;3083.57;3034.63;1.61;0;0;0;0;0;0;0;0;0;49;0;;;;;
2026-04-24;O_XU030E0626C14500.00;BIST 30_06/2026_AVRUPA_OPSIYON;D_IX;INO;D_IX_ECO;DE_BIST30_ECO;D_XU030D;2026-06-30;2868.36;2818.06;1.78;0;0;0;0;0;0;0;0;0;210;0;;;;;
2026-04-24;O_XU030E0626C14750.00;BIST 30_06/2026_AVRUPA_OPSIYON;D_IX;INO;D_IX_ECO;DE_BIST30_ECO;D_XU030D;2026-06-30;2656.25;2604.55;1.98;0;0;0;0;0;0;0;0;0;151;0;;;;;
2026-04-24;O_XU030E0626C15000.00;BIST 30_06/2026_AVRUPA_OPSIYON;D_IX;INO;D_IX_ECO;DE_BIST30_ECO;D_XU030D;2026-06-30;2447.64;2394.54;2.22;0;0;0;0;0;0;0;0;0;165;0;;;;;
2026-04-24;O_XU030E0626C15250.00;BIST 30_06/2026_AVRUPA_OPSIYON;D_IX;INO;D_IX_ECO;DE_BIST30_ECO;D_XU030D;2026-06-30;2243.01;2188.52;2.49;0;0;0;0;0;0;0;0;0;123;0;;;;;
2026-04-24;O_XU030E0626C15500.00;BIST 30_06/2026_AVRUPA_OPSIYON;D_IX;INO;D_IX_ECO;DE_BIST30_ECO;D_XU030D;2026-06-30;2042.86;1987.06;2.81;0;0;0;0;0;0;0;0;0;66;0;;;;;
2026-04-24;O_XU030E0626C15750.00;BIST 30_06/2026_AVRUPA_OPSIYON;D_IX;INO;D_IX_ECO;DE_BIST30_ECO;D_XU030D;2026-06-30;1847.78;1790.77;3.18;0;0;0;0;0;0;0;0;0;59;0;;;;;
2026-04-24;O_XU030E0626C16000.00;BIST 30_06/2026_AVRUPA_OPSIYON;D_IX;INO;D_IX_ECO;DE_BIST30_ECO;D_XU030D;2026-06-30;1658.41;1600.36;3.63;0;0;0;0;0;0;0;0;0;62;0;;;;;
2026-04-24;O_XU030E0626C16250.00;BIST 30_06/2026_AVRUPA_OPSIYON;D_IX;INO;D_IX_ECO;DE_BIST30_ECO;D_XU030D;2026-06-30;1475.47;1422.62;3.71;1370.5;1315.76;1390.25;1390.25;1338.62;13487500;1111058.5;83;9;253;73;;;;;
2026-04-24;O_XU030E0626C16500.00;BIST 30_06/2026_AVRUPA_OPSIYON;D_IX;INO;D_IX_ECO;DE_BIST30_ECO;D_XU030D;2026-06-30;1299.72;1270.73;2.28;1259.5;1165.25;1259.5;1240.75;1234.36;15675000;1172640;95;13;278;39;;;;;
2026-04-24;O_XU030E0626C16750.00;BIST 30_06/2026_AVRUPA_OPSIYON;D_IX;INO;D_IX_ECO;DE_BIST30_ECO;D_XU030D;2026-06-30;1149.83;1129.35;1.81;1094.75;1016.25;1094.75;1081.25;1079.53;10720000;690897.5;64;9;77;5;;;;;
2026-04-24;O_XU030E0626C17000.00;BIST 30_06/2026_AVRUPA_OPSIYON;D_IX;INO;D_IX_ECO;DE_BIST30_ECO;D_XU030D;2026-06-30;1021.89;998.63;2.33;948.25;840;948.25;879.5;864.36;105060000;5341729.2;618;50;517;305;;;;;
2026-04-24;O_XU030E0626C17250.00;BIST 30_06/2026_AVRUPA_OPSIYON;D_IX;INO;D_IX_ECO;DE_BIST30_ECO;D_XU030D;2026-06-30;904.7;878.56;2.98;707;707;810.5;769.25;765.93;26220000;1164220;152;23;526;152;;;;;
2026-04-24;O_XU030E0626C17500.00;BIST 30_06/2026_AVRUPA_OPSIYON;D_IX;INO;D_IX_ECO;DE_BIST30_ECO;D_XU030D;2026-06-30;796.05;768.99;3.52;688.5;590.25;688.5;644;628.93;60200000;2163502.6;344;37;443;209;;;;;
2026-04-24;O_XU030E0626C17750.00;BIST 30_06/2026_AVRUPA_OPSIYON;D_IX;INO;D_IX_ECO;DE_BIST30_ECO;D_XU030D;2026-06-30;691.41;669.68;3.24;564.5;564.5;564.5;564.5;564.5;2307500;73385;13;2;188;-11;;;;;
2026-04-24;O_XU030E0626C18000.00;BIST 30_06/2026_AVRUPA_OPSIYON;D_IX;INO;D_IX_ECO;DE_BIST30_ECO;D_XU030D;2026-06-30;596.7;580.25;2.83;421.3;421.3;465;465;446;4140000;102580;23;3;203;3;;;;;
2026-04-24;O_XU030E0626C18250.00;BIST 30_06/2026_AVRUPA_OPSIYON;D_IX;INO;D_IX_ECO;DE_BIST30_ECO;D_XU030D;2026-06-30;511.59;500.24;2.27;344.46;344.46;384.25;381.5;370.19;7117500;144373.5;39;6;170;0;;;;;
2026-04-24;O_XU030E0626C18500.00;BIST 30_06/2026_AVRUPA_OPSIYON;D_IX;INO;D_IX_ECO;DE_BIST30_ECO;D_XU030D;2026-06-30;445.56;429.13;3.83;285.99;285.99;311.75;310.75;299.47;7955000;128771.5;43;5;115;33;;;;;
2026-04-24;O_XU030E0626C18750.00;BIST 30_06/2026_AVRUPA_OPSIYON;D_IX;INO;D_IX_ECO;DE_BIST30_ECO;D_XU030D;2026-06-30;386.06;366.31;5.39;228;228;253;251.25;246.19;8062500;105862.5;43;5;179;0;;;;;
2026-04-24;O_XU030E0626C19000.00;BIST 30_06/2026_AVRUPA_OPSIYON;D_IX;INO;D_IX_ECO;DE_BIST30_ECO;D_XU030D;2026-06-30;333.75;311.18;7.25;202.25;202.25;202.25;202.25;202.25;2470000;26292.5;13;2;249;13;;;;;
2026-04-24;O_XU030E0626C19250.00;BIST 30_06/2026_AVRUPA_OPSIYON;D_IX;INO;D_IX_ECO;DE_BIST30_ECO;D_XU030D;2026-06-30;287.93;263.08;9.45;147;147;160.25;160.25;153.63;3850000;30725;20;2;406;0;;;;;
2026-04-24;O_XU030E0626C19500.00;BIST 30_06/2026_AVRUPA_OPSIYON;D_IX;INO;D_IX_ECO;DE_BIST30_ECO;D_XU030D;2026-06-30;247.96;221.37;12.01;117.25;117.25;117.25;117.25;117.25;2535000;15242.5;13;2;76;13;;;;;
2026-04-24;O_XU030E0626C19750.00;BIST 30_06/2026_AVRUPA_OPSIYON;D_IX;INO;D_IX_ECO;DE_BIST30_ECO;D_XU030D;2026-06-30;213.19;185.41;14.98;105.25;92.74;105.25;99;96.88;17182500;84286.5;87;11;281;61;;;;;
2026-04-24;O_XU030E0626P12000.00;BIST 30_06/2026_AVRUPA_OPSIYON;D_IX;INO;D_IX_EPO;DE_BIST30_EPO;D_XU030D;2026-06-30;41.79;33.85;23.46;0;0;0;0;0;0;0;0;0;50;0;;;;;
2026-04-24;O_XU030E0626P12250.00;BIST 30_06/2026_AVRUPA_OPSIYON;D_IX;INO;D_IX_EPO;DE_BIST30_EPO;D_XU030D;2026-06-30;48.75;39.81;22.46;0;0;0;0;0;0;0;0;0;30;0;;;;;
2026-04-24;O_XU030E0626P12500.00;BIST 30_06/2026_AVRUPA_OPSIYON;D_IX;INO;D_IX_EPO;DE_BIST30_EPO;D_XU030D;2026-06-30;56.71;46.7;21.43;0;0;0;0;0;0;0;0;0;3;0;;;;;
2026-04-24;O_XU030E0626P12750.00;BIST 30_06/2026_AVRUPA_OPSIYON;D_IX;INO;D_IX_EPO;DE_BIST30_EPO;D_XU030D;2026-06-30;65.82;54.63;20.48;0;0;0;0;0;0;0;0;0;148;0;;;;;
2026-04-24;O_XU030E0626P13000.00;BIST 30_06/2026_AVRUPA_OPSIYON;D_IX;INO;D_IX_EPO;DE_BIST30_EPO;D_XU030D;2026-06-30;76.22;63.78;19.5;0;0;0;0;0;0;0;0;0;260;0;;;;;
2026-04-24;O_XU030E0626P13250.00;BIST 30_06/2026_AVRUPA_OPSIYON;D_IX;INO;D_IX_EPO;DE_BIST30_EPO;D_XU030D;2026-06-30;88.08;74.3;18.55;0;0;0;0;0;0;0;0;0;411;0;;;;;
2026-04-24;O_XU030E0626P13500.00;BIST 30_06/2026_AVRUPA_OPSIYON;D_IX;INO;D_IX_EPO;DE_BIST30_EPO;D_XU030D;2026-06-30;101.61;86.4;17.6;0;0;0;0;0;0;0;0;0;421;0;;;;;
2026-04-24;O_XU030E0626P13750.00;BIST 30_06/2026_AVRUPA_OPSIYON;D_IX;INO;D_IX_EPO;DE_BIST30_EPO;D_XU030D;2026-06-30;117.03;100.29;16.69;0;0;0;0;0;0;0;0;0;36;0;;;;;
2026-04-24;O_XU030E0626P14000.00;BIST 30_06/2026_AVRUPA_OPSIYON;D_IX;INO;D_IX_EPO;DE_BIST30_EPO;D_XU030D;2026-06-30;134.57;116.25;15.76;0;0;0;0;0;0;0;0;0;53;0;;;;;
2026-04-24;O_XU030E0626P14250.00;BIST 30_06/2026_AVRUPA_OPSIYON;D_IX;INO;D_IX_EPO;DE_BIST30_EPO;D_XU030D;2026-06-30;154.53;134.55;14.85;0;0;0;0;0;0;0;0;0;122;0;;;;;
2026-04-24;O_XU030E0626P14500.00;BIST 30_06/2026_AVRUPA_OPSIYON;D_IX;INO;D_IX_EPO;DE_BIST30_EPO;D_XU030D;2026-06-30;177.23;155.53;13.95;0;0;0;0;0;0;0;0;0;89;0;;;;;
2026-04-24;O_XU030E0626P14750.00;BIST 30_06/2026_AVRUPA_OPSIYON;D_IX;INO;D_IX_EPO;DE_BIST30_EPO;D_XU030D;2026-06-30;203.03;179.58;13.06;142;142;142;142;142;737500;7100;5;1;101;-5;;;;;
2026-04-24;O_XU030E0626P15000.00;BIST 30_06/2026_AVRUPA_OPSIYON;D_IX;INO;D_IX_EPO;DE_BIST30_EPO;D_XU030D;2026-06-30;232.34;207.14;12.17;0;0;0;0;0;0;0;0;0;121;0;;;;;
2026-04-24;O_XU030E0626P15250.00;BIST 30_06/2026_AVRUPA_OPSIYON;D_IX;INO;D_IX_EPO;DE_BIST30_EPO;D_XU030D;2026-06-30;265.62;238.68;11.29;0;0;0;0;0;0;0;0;0;30;0;;;;;
2026-04-24;O_XU030E0626P15500.00;BIST 30_06/2026_AVRUPA_OPSIYON;D_IX;INO;D_IX_EPO;DE_BIST30_EPO;D_XU030D;2026-06-30;303.38;274.77;10.41;0;0;0;0;0;0;0;0;0;383;0;;;;;
2026-04-24;O_XU030E0626P15750.00;BIST 30_06/2026_AVRUPA_OPSIYON;D_IX;INO;D_IX_EPO;DE_BIST30_EPO;D_XU030D;2026-06-30;346.22;316.04;9.55;0;0;0;0;0;0;0;0;0;5239;0;;;;;
2026-04-24;O_XU030E0626P16000.00;BIST 30_06/2026_AVRUPA_OPSIYON;D_IX;INO;D_IX_EPO;DE_BIST30_EPO;D_XU030D;2026-06-30;394.76;363.2;8.69;293;293;293;293;293;1600000;29300;10;1;147;10;;;;;
2026-04-24;O_XU030E0626P16250.00;BIST 30_06/2026_AVRUPA_OPSIYON;D_IX;INO;D_IX_EPO;DE_BIST30_EPO;D_XU030D;2026-06-30;449.72;423.01;6.31;385.76;347.75;386.51;347.75;368.82;3575000;81141.2;22;3;180;0;;;;;
2026-04-24;O_XU030E0626P16500.00;BIST 30_06/2026_AVRUPA_OPSIYON;D_IX;INO;D_IX_EPO;DE_BIST30_EPO;D_XU030D;2026-06-30;511.88;508.68;0.63;470.75;403.26;479.5;403.26;433.4;3960000;104015.2;24;5;148;0;;;;;
2026-04-24;O_XU030E0626P16750.00;BIST 30_06/2026_AVRUPA_OPSIYON;D_IX;INO;D_IX_EPO;DE_BIST30_EPO;D_XU030D;2026-06-30;599.9;604.86;-0.82;485.25;485.25;485.25;485.25;485.25;2177500;63082.5;13;2;47;-13;;;;;
2026-04-24;O_XU030E0626P17000.00;BIST 30_06/2026_AVRUPA_OPSIYON;D_IX;INO;D_IX_EPO;DE_BIST30_EPO;D_XU030D;2026-06-30;709.88;711.7;-0.26;643.12;556.27;646.56;556.27;613.62;5780000;208630.7;34;5;2653;-1;;;;;
2026-04-24;O_XU030E0626P17250.00;BIST 30_06/2026_AVRUPA_OPSIYON;D_IX;INO;D_IX_EPO;DE_BIST30_EPO;D_XU030D;2026-06-30;830.6;829.19;0.17;702;666.75;702;666.75;690.17;6727500;269165;39;5;278;-13;;;;;
2026-04-24;O_XU030E0626P17500.00;BIST 30_06/2026_AVRUPA_OPSIYON;D_IX;INO;D_IX_EPO;DE_BIST30_EPO;D_XU030D;2026-06-30;959.86;957.18;0.28;805.5;776.5;877.25;776.5;835.98;15750000;752381;90;13;162;90;;;;;
2026-04-24;O_XU030E0626P17750.00;BIST 30_06/2026_AVRUPA_OPSIYON;D_IX;INO;D_IX_EPO;DE_BIST30_EPO;D_XU030D;2026-06-30;1093.14;1095.43;-0.21;937;896;945.5;945.5;926.17;6922500;361205;39;6;115;9;;;;;
2026-04-24;O_XU030E0626P18000.00;BIST 30_06/2026_AVRUPA_OPSIYON;D_IX;INO;D_IX_EPO;DE_BIST30_EPO;D_XU030D;2026-06-30;1236.33;1243.56;-0.58;1049;1032;1086.25;1086.25;1060.64;11160000;657595;62;9;49;36;;;;;
2026-04-24;O_XU030E0626P18250.00;BIST 30_06/2026_AVRUPA_OPSIYON;D_IX;INO;D_IX_EPO;DE_BIST30_EPO;D_XU030D;2026-06-30;1389.14;1401.12;-0.86;1311.5;1168;1311.5;1220;1214.38;18067500;1202232.5;99;20;73;45;;;;;
2026-04-24;O_XU030E0826C15500.00;BIST 30_08/2026_AVRUPA_OPSIYON;D_IX;INO;D_IX_ECO;DE_BIST30_ECO;D_XU030D;2026-08-31;2596.62;2570.35;1.02;0;0;0;0;0;0;0;0;0;10;0;;;;;
2026-04-24;O_XU030E0826C15750.00;BIST 30_08/2026_AVRUPA_OPSIYON;D_IX;INO;D_IX_ECO;DE_BIST30_ECO;D_XU030D;2026-08-31;2400.1;2374.29;1.09;0;0;0;0;0;0;0;0;0;1;0;;;;;
2026-04-24;O_XU030E0826C16000.00;BIST 30_08/2026_AVRUPA_OPSIYON;D_IX;INO;D_IX_ECO;DE_BIST30_ECO;D_XU030D;2026-08-31;2225.43;2208.5;0.77;0;0;0;0;0;0;0;0;0;10;0;;;;;
2026-04-24;O_XU030E0826C16250.00;BIST 30_08/2026_AVRUPA_OPSIYON;D_IX;INO;D_IX_ECO;DE_BIST30_ECO;D_XU030D;2026-08-31;2065.67;2050.12;0.76;0;0;0;0;0;0;0;0;0;0;0;;;;;
2026-04-24;O_XU030E0826C16500.00;BIST 30_08/2026_AVRUPA_OPSIYON;D_IX;INO;D_IX_ECO;DE_BIST30_ECO;D_XU030D;2026-08-31;1912.99;1898.8;0.75;0;0;0;0;0;0;0;0;0;0;0;;;;;
2026-04-24;O_XU030E0826C16750.00;BIST 30_08/2026_AVRUPA_OPSIYON;D_IX;INO;D_IX_ECO;DE_BIST30_ECO;D_XU030D;2026-08-31;1767.54;1754.68;0.73;0;0;0;0;0;0;0;0;0;5;0;;;;;
2026-04-24;O_XU030E0826C17000.00;BIST 30_08/2026_AVRUPA_OPSIYON;D_IX;INO;D_IX_ECO;DE_BIST30_ECO;D_XU030D;2026-08-31;1629.41;1617.86;0.71;0;0;0;0;0;0;0;0;0;15;0;;;;;
2026-04-24;O_XU030E0826C17250.00;BIST 30_08/2026_AVRUPA_OPSIYON;D_IX;INO;D_IX_ECO;DE_BIST30_ECO;D_XU030D;2026-08-31;1498.66;1488.36;0.69;0;0;0;0;0;0;0;0;0;15;0;;;;;
2026-04-24;O_XU030E0826C17500.00;BIST 30_08/2026_AVRUPA_OPSIYON;D_IX;INO;D_IX_ECO;DE_BIST30_ECO;D_XU030D;2026-08-31;1375.29;1366.18;0.67;0;0;0;0;0;0;0;0;0;9;0;;;;;
2026-04-24;O_XU030E0826C17750.00;BIST 30_08/2026_AVRUPA_OPSIYON;D_IX;INO;D_IX_ECO;DE_BIST30_ECO;D_XU030D;2026-08-31;1259.24;1251.27;0.64;0;0;0;0;0;0;0;0;0;2;0;;;;;
2026-04-24;O_XU030E0826C18000.00;BIST 30_08/2026_AVRUPA_OPSIYON;D_IX;INO;D_IX_ECO;DE_BIST30_ECO;D_XU030D;2026-08-31;1150.43;1143.51;0.61;0;0;0;0;0;0;0;0;0;0;0;;;;;
2026-04-24;O_XU030E0826C18250.00;BIST 30_08/2026_AVRUPA_OPSIYON;D_IX;INO;D_IX_ECO;DE_BIST30_ECO;D_XU030D;2026-08-31;1048.7;1042.78;0.57;0;0;0;0;0;0;0;0;0;0;0;;;;;
2026-04-24;O_XU030E0826C18500.00;BIST 30_08/2026_AVRUPA_OPSIYON;D_IX;INO;D_IX_ECO;DE_BIST30_ECO;D_XU030D;2026-08-31;953.89;948.9;0.53;0;0;0;0;0;0;0;0;0;0;0;;;;;
2026-04-24;O_XU030E0826C18750.00;BIST 30_08/2026_AVRUPA_OPSIYON;D_IX;INO;D_IX_ECO;DE_BIST30_ECO;D_XU030D;2026-08-31;865.8;861.65;0.48;0;0;0;0;0;0;0;0;0;0;0;;;;;
2026-04-24;O_XU030E0826C19000.00;BIST 30_08/2026_AVRUPA_OPSIYON;D_IX;INO;D_IX_ECO;DE_BIST30_ECO;D_XU030D;2026-08-31;784.18;780.8;0.43;0;0;0;0;0;0;0;0;0;0;0;;;;;
2026-04-24;O_XU030E0826C19250.00;BIST 30_08/2026_AVRUPA_OPSIYON;D_IX;INO;D_IX_ECO;DE_BIST30_ECO;D_XU030D;2026-08-31;708.79;706.1;0.38;0;0;0;0;0;0;0;0;0;0;0;;;;;
2026-04-24;O_XU030E0826C19500.00;BIST 30_08/2026_AVRUPA_OPSIYON;D_IX;INO;D_IX_ECO;DE_BIST30_ECO;D_XU030D;2026-08-31;639.33;637.26;0.32;0;0;0;0;0;0;0;0;0;25;0;;;;;
2026-04-24;O_XU030E0826C19750.00;BIST 30_08/2026_AVRUPA_OPSIYON;D_IX;INO;D_IX_ECO;DE_BIST30_ECO;D_XU030D;2026-08-31;575.52;574.01;0.26;0;0;0;0;0;0;0;0;0;0;0;;;;;
2026-04-24;O_XU030E0826C20000.00;BIST 30_08/2026_AVRUPA_OPSIYON;D_IX;INO;D_IX_ECO;DE_BIST30_ECO;D_XU030D;2026-08-31;517.06;516.03;0.2;0;0;0;0;0;0;0;0;0;20;0;;;;;
2026-04-24;O_XU030E0826C20250.00;BIST 30_08/2026_AVRUPA_OPSIYON;D_IX;INO;D_IX_ECO;DE_BIST30_ECO;D_XU030D;2026-08-31;463.64;463.04;0.13;0;0;0;0;0;0;0;0;0;0;0;;;;;
2026-04-24;O_XU030E0826C20500.00;BIST 30_08/2026_AVRUPA_OPSIYON;D_IX;INO;D_IX_ECO;DE_BIST30_ECO;D_XU030D;2026-08-31;414.96;414.71;0.06;0;0;0;0;0;0;0;0;0;0;0;;;;;
2026-04-24;O_XU030E0826P14000.00;BIST 30_08/2026_AVRUPA_OPSIYON;D_IX;INO;D_IX_EPO;DE_BIST30_EPO;D_XU030D;2026-08-31;200.12;203.36;-1.59;0;0;0;0;0;0;0;0;0;0;0;;;;;
2026-04-24;O_XU030E0826P14250.00;BIST 30_08/2026_AVRUPA_OPSIYON;D_IX;INO;D_IX_EPO;DE_BIST30_EPO;D_XU030D;2026-08-31;219.36;222.72;-1.51;0;0;0;0;0;0;0;0;0;20;0;;;;;
2026-04-24;O_XU030E0826P14500.00;BIST 30_08/2026_AVRUPA_OPSIYON;D_IX;INO;D_IX_EPO;DE_BIST30_EPO;D_XU030D;2026-08-31;240.36;243.85;-1.43;0;0;0;0;0;0;0;0;0;0;0;;;;;
2026-04-24;O_XU030E0826P14750.00;BIST 30_08/2026_AVRUPA_OPSIYON;D_IX;INO;D_IX_EPO;DE_BIST30_EPO;D_XU030D;2026-08-31;263.31;266.92;-1.35;0;0;0;0;0;0;0;0;0;0;0;;;;;
2026-04-24;O_XU030E0826P15000.00;BIST 30_08/2026_AVRUPA_OPSIYON;D_IX;INO;D_IX_EPO;DE_BIST30_EPO;D_XU030D;2026-08-31;288.41;292.15;-1.28;0;0;0;0;0;0;0;0;0;0;0;;;;;
2026-04-24;O_XU030E0826P15250.00;BIST 30_08/2026_AVRUPA_OPSIYON;D_IX;INO;D_IX_EPO;DE_BIST30_EPO;D_XU030D;2026-08-31;315.92;319.79;-1.21;0;0;0;0;0;0;0;0;0;0;0;;;;;
2026-04-24;O_XU030E0826P15500.00;BIST 30_08/2026_AVRUPA_OPSIYON;D_IX;INO;D_IX_EPO;DE_BIST30_EPO;D_XU030D;2026-08-31;346.09;350.11;-1.15;0;0;0;0;0;0;0;0;0;10;0;;;;;
2026-04-24;O_XU030E0826P15750.00;BIST 30_08/2026_AVRUPA_OPSIYON;D_IX;INO;D_IX_EPO;DE_BIST30_EPO;D_XU030D;2026-08-31;379.25;383.42;-1.09;0;0;0;0;0;0;0;0;0;0;0;;;;;
2026-04-24;O_XU030E0826P16000.00;BIST 30_08/2026_AVRUPA_OPSIYON;D_IX;INO;D_IX_EPO;DE_BIST30_EPO;D_XU030D;2026-08-31;434.25;447;-2.85;0;0;0;0;0;0;0;0;0;0;0;;;;;
2026-04-24;O_XU030E0826P16250.00;BIST 30_08/2026_AVRUPA_OPSIYON;D_IX;INO;D_IX_EPO;DE_BIST30_EPO;D_XU030D;2026-08-31;504.15;517.99;-2.67;0;0;0;0;0;0;0;0;0;0;0;;;;;
2026-04-24;O_XU030E0826P16500.00;BIST 30_08/2026_AVRUPA_OPSIYON;D_IX;INO;D_IX_EPO;DE_BIST30_EPO;D_XU030D;2026-08-31;581.14;596.03;-2.5;0;0;0;0;0;0;0;0;0;20;0;;;;;
2026-04-24;O_XU030E0826P16750.00;BIST 30_08/2026_AVRUPA_OPSIYON;D_IX;INO;D_IX_EPO;DE_BIST30_EPO;D_XU030D;2026-08-31;665.36;681.28;-2.34;0;0;0;0;0;0;0;0;0;10;0;;;;;
2026-04-24;O_XU030E0826P17000.00;BIST 30_08/2026_AVRUPA_OPSIYON;D_IX;INO;D_IX_EPO;DE_BIST30_EPO;D_XU030D;2026-08-31;756.9;773.82;-2.19;0;0;0;0;0;0;0;0;0;13;0;;;;;
2026-04-24;O_XU030E0826P17250.00;BIST 30_08/2026_AVRUPA_OPSIYON;D_IX;INO;D_IX_EPO;DE_BIST30_EPO;D_XU030D;2026-08-31;855.82;873.69;-2.05;0;0;0;0;0;0;0;0;0;0;0;;;;;
2026-04-24;O_XU030E0826P17500.00;BIST 30_08/2026_AVRUPA_OPSIYON;D_IX;INO;D_IX_EPO;DE_BIST30_EPO;D_XU030D;2026-08-31;962.12;980.88;-1.91;0;0;0;0;0;0;0;0;0;0;0;;;;;
2026-04-24;O_XU030E0826P17750.00;BIST 30_08/2026_AVRUPA_OPSIYON;D_IX;INO;D_IX_EPO;DE_BIST30_EPO;D_XU030D;2026-08-31;1075.74;1095.33;-1.79;0;0;0;0;0;0;0;0;0;10;0;;;;;
2026-04-24;O_XU030E0826P18000.00;BIST 30_08/2026_AVRUPA_OPSIYON;D_IX;INO;D_IX_EPO;DE_BIST30_EPO;D_XU030D;2026-08-31;1196.59;1216.95;-1.67;0;0;0;0;0;0;0;0;0;33;0;;;;;
2026-04-24;O_XU030E0826P18250.00;BIST 30_08/2026_AVRUPA_OPSIYON;D_IX;INO;D_IX_EPO;DE_BIST30_EPO;D_XU030D;2026-08-31;1324.53;1345.58;-1.56;0;0;0;0;0;0;0;0;0;1;0;;;;;
2026-04-24;O_XU030E0826P18500.00;BIST 30_08/2026_AVRUPA_OPSIYON;D_IX;INO;D_IX_EPO;DE_BIST30_EPO;D_XU030D;2026-08-31;1459.4;1481.06;-1.46;0;0;0;0;0;0;0;0;0;3;0;;;;;
2026-04-24;O_XU030E0826P18750.00;BIST 30_08/2026_AVRUPA_OPSIYON;D_IX;INO;D_IX_EPO;DE_BIST30_EPO;D_XU030D;2026-08-31;1600.97;1623.18;-1.37;0;0;0;0;0;0;0;0;0;2;0;;;;;
2026-04-24;O_XU030E0826P19000.00;BIST 30_08/2026_AVRUPA_OPSIYON;D_IX;INO;D_IX_EPO;DE_BIST30_EPO;D_XU030D;2026-08-31;1749.03;1771.7;-1.28;0;0;0;0;0;0;0;0;0;2;0;;;;;
2026-04-24;O_YKBNKE0426C33.00;YKBNK_04/2026_AVRUPA_OPSIYON;D_EQ;SSO;D_EQ_ECP;DE_YKBNK_ECP;YKBNK.E;2026-04-30;4.85;5.22;-7.09;0;0;0;0;0;0;0;0;0;2500;0;;;;;
2026-04-24;O_YKBNKE0426C34.00;YKBNK_04/2026_AVRUPA_OPSIYON;D_EQ;SSO;D_EQ_ECP;DE_YKBNK_ECP;YKBNK.E;2026-04-30;3.86;4.24;-8.96;0;0;0;0;0;0;0;0;0;237;0;;;;;
2026-04-24;O_YKBNKE0426C35.00;YKBNK_04/2026_AVRUPA_OPSIYON;D_EQ;SSO;D_EQ_ECP;DE_YKBNK_ECP;YKBNK.E;2026-04-30;2.9;3.29;-11.85;0;0;0;0;0;0;0;0;0;4000;0;;;;;
2026-04-24;O_YKBNKE0426C36.00;YKBNK_04/2026_AVRUPA_OPSIYON;D_EQ;SSO;D_EQ_ECP;DE_YKBNK_ECP;YKBNK.E;2026-04-30;2.01;2.4;-16.25;0;0;0;0;0;0;0;0;0;21488;0;;;;;
2026-04-24;O_YKBNKE0426C37.00;YKBNK_04/2026_AVRUPA_OPSIYON;D_EQ;SSO;D_EQ_ECP;DE_YKBNK_ECP;YKBNK.E;2026-04-30;1.25;1.63;-23.31;1.22;1.22;1.22;1.22;1.22;1480000;48800;400;4;2500;0;;;;;
2026-04-24;O_YKBNKE0426C38.00;YKBNK_04/2026_AVRUPA_OPSIYON;D_EQ;SSO;D_EQ_ECP;DE_YKBNK_ECP;YKBNK.E;2026-04-30;0.68;1.01;-32.67;0.82;0.56;0.82;0.56;0.56;1919000;28432;505;3;7103;0;;;;;
2026-04-24;O_YKBNKE0426C39.00;YKBNK_04/2026_AVRUPA_OPSIYON;D_EQ;SSO;D_EQ_ECP;DE_YKBNK_ECP;YKBNK.E;2026-04-30;0.32;0.57;-43.86;0;0;0;0;0;0;0;0;0;3800;0;;;;;
2026-04-24;O_YKBNKE0426C40.00;YKBNK_04/2026_AVRUPA_OPSIYON;D_EQ;SSO;D_EQ_ECP;DE_YKBNK_ECP;YKBNK.E;2026-04-30;0.13;0.29;-55.17;0.14;0.14;0.14;0.14;0.14;4800000;16800;1200;6;9646;0;;;;;
2026-04-24;O_YKBNKE0426C41.00;YKBNK_04/2026_AVRUPA_OPSIYON;D_EQ;SSO;D_EQ_ECP;DE_YKBNK_ECP;YKBNK.E;2026-04-30;0.04;0.13;-69.23;0;0;0;0;0;0;0;0;0;4802;0;;;;;
2026-04-24;O_YKBNKE0426C42.00;YKBNK_04/2026_AVRUPA_OPSIYON;D_EQ;SSO;D_EQ_ECP;DE_YKBNK_ECP;YKBNK.E;2026-04-30;0.01;0.05;-80;0;0;0;0;0;0;0;0;0;202;0;;;;;
2026-04-24;O_YKBNKE0426C43.00;YKBNK_04/2026_AVRUPA_OPSIYON;D_EQ;SSO;D_EQ_ECP;DE_YKBNK_ECP;YKBNK.E;2026-04-30;0.01;0.02;-50;0;0;0;0;0;0;0;0;0;22;0;;;;;
2026-04-24;O_YKBNKE0426C44.00;YKBNK_04/2026_AVRUPA_OPSIYON;D_EQ;SSO;D_EQ_ECP;DE_YKBNK_ECP;YKBNK.E;2026-04-30;0.01;0.01;0;0;0;0;0;0;0;0;0;0;2;0;;;;;
2026-04-24;O_YKBNKE0426C45.00;YKBNK_04/2026_AVRUPA_OPSIYON;D_EQ;SSO;D_EQ_ECP;DE_YKBNK_ECP;YKBNK.E;2026-04-30;0.01;0.01;0;0;0;0;0;0;0;0;0;0;0;0;;;;;
2026-04-24;O_YKBNKE0426C46.00;YKBNK_04/2026_AVRUPA_OPSIYON;D_EQ;SSO;D_EQ_ECP;DE_YKBNK_ECP;YKBNK.E;2026-04-30;0.01;0.01;0;0;0;0;0;0;0;0;0;0;0;0;;;;;
2026-04-24;O_YKBNKE0426C47.00;YKBNK_04/2026_AVRUPA_OPSIYON;D_EQ;SSO;D_EQ_ECP;DE_YKBNK_ECP;YKBNK.E;2026-04-30;0.01;0.01;0;0;0;0;0;0;0;0;0;0;0;0;;;;;
2026-04-24;O_YKBNKE0426C48.00;YKBNK_04/2026_AVRUPA_OPSIYON;D_EQ;SSO;D_EQ_ECP;DE_YKBNK_ECP;YKBNK.E;2026-04-30;0.01;0.01;0;0;0;0;0;0;0;0;0;0;0;0;;;;;
2026-04-24;O_YKBNKE0426C49.00;YKBNK_04/2026_AVRUPA_OPSIYON;D_EQ;SSO;D_EQ_ECP;DE_YKBNK_ECP;YKBNK.E;2026-04-30;0.01;0.01;0;0;0;0;0;0;0;0;0;0;0;0;;;;;
2026-04-24;O_YKBNKE0426C50.00;YKBNK_04/2026_AVRUPA_OPSIYON;D_EQ;SSO;D_EQ_ECP;DE_YKBNK_ECP;YKBNK.E;2026-04-30;0.01;0.01;0;0;0;0;0;0;0;0;0;0;17520;0;;;;;
2026-04-24;O_YKBNKE0426C52.00;YKBNK_04/2026_AVRUPA_OPSIYON;D_EQ;SSO;D_EQ_ECP;DE_YKBNK_ECP;YKBNK.E;2026-04-30;0.01;0.01;0;0;0;0;0;0;0;0;0;0;0;0;;;;;
2026-04-24;O_YKBNKE0426C54.00;YKBNK_04/2026_AVRUPA_OPSIYON;D_EQ;SSO;D_EQ_ECP;DE_YKBNK_ECP;YKBNK.E;2026-04-30;0.01;0.01;0;0;0;0;0;0;0;0;0;0;0;0;;;;;
2026-04-24;O_YKBNKE0426P28.00;YKBNK_04/2026_AVRUPA_OPSIYON;D_EQ;SSO;D_EQ_EPP;DE_YKBNK_EPP;YKBNK.E;2026-04-30;0.01;0.01;0;0;0;0;0;0;0;0;0;0;0;0;;;;;
2026-04-24;O_YKBNKE0426P29.00;YKBNK_04/2026_AVRUPA_OPSIYON;D_EQ;SSO;D_EQ_EPP;DE_YKBNK_EPP;YKBNK.E;2026-04-30;0.01;0.01;0;0;0;0;0;0;0;0;0;0;0;0;;;;;
2026-04-24;O_YKBNKE0426P30.00;YKBNK_04/2026_AVRUPA_OPSIYON;D_EQ;SSO;D_EQ_EPP;DE_YKBNK_EPP;YKBNK.E;2026-04-30;0.01;0.01;0;0;0;0;0;0;0;0;0;0;0;0;;;;;
2026-04-24;O_YKBNKE0426P31.00;YKBNK_04/2026_AVRUPA_OPSIYON;D_EQ;SSO;D_EQ_EPP;DE_YKBNK_EPP;YKBNK.E;2026-04-30;0.01;0.01;0;0;0;0;0;0;0;0;0;0;3490;0;;;;;
2026-04-24;O_YKBNKE0426P32.00;YKBNK_04/2026_AVRUPA_OPSIYON;D_EQ;SSO;D_EQ_EPP;DE_YKBNK_EPP;YKBNK.E;2026-04-30;0.01;0.01;0;0;0;0;0;0;0;0;0;0;2500;0;;;;;
2026-04-24;O_YKBNKE0426P33.00;YKBNK_04/2026_AVRUPA_OPSIYON;D_EQ;SSO;D_EQ_EPP;DE_YKBNK_EPP;YKBNK.E;2026-04-30;0.01;0.01;0;0;0;0;0;0;0;0;0;0;3307;0;;;;;
2026-04-24;O_YKBNKE0426P34.00;YKBNK_04/2026_AVRUPA_OPSIYON;D_EQ;SSO;D_EQ_EPP;DE_YKBNK_EPP;YKBNK.E;2026-04-30;0.01;0.02;-50;0;0;0;0;0;0;0;0;0;22760;0;;;;;
2026-04-24;O_YKBNKE0426P35.00;YKBNK_04/2026_AVRUPA_OPSIYON;D_EQ;SSO;D_EQ_EPP;DE_YKBNK_EPP;YKBNK.E;2026-04-30;0.04;0.06;-33.33;0;0;0;0;0;0;0;0;0;7241;0;;;;;
2026-04-24;O_YKBNKE0426P36.00;YKBNK_04/2026_AVRUPA_OPSIYON;D_EQ;SSO;D_EQ_EPP;DE_YKBNK_EPP;YKBNK.E;2026-04-30;0.14;0.16;-12.5;0;0;0;0;0;0;0;0;0;6815;0;;;;;
2026-04-24;O_YKBNKE0426P37.00;YKBNK_04/2026_AVRUPA_OPSIYON;D_EQ;SSO;D_EQ_EPP;DE_YKBNK_EPP;YKBNK.E;2026-04-30;0.38;0.38;0;0;0;0;0;0;0;0;0;0;1187;0;;;;;
2026-04-24;O_YKBNKE0426P38.00;YKBNK_04/2026_AVRUPA_OPSIYON;D_EQ;SSO;D_EQ_EPP;DE_YKBNK_EPP;YKBNK.E;2026-04-30;0.81;0.75;8;0.8;0.8;0.8;0.8;0.8;2291400;48240;603;2;6760;0;;;;;
2026-04-24;O_YKBNKE0426P39.00;YKBNK_04/2026_AVRUPA_OPSIYON;D_EQ;SSO;D_EQ_EPP;DE_YKBNK_EPP;YKBNK.E;2026-04-30;1.44;1.3;10.77;0;0;0;0;0;0;0;0;0;697;0;;;;;
2026-04-24;O_YKBNKE0426P40.00;YKBNK_04/2026_AVRUPA_OPSIYON;D_EQ;SSO;D_EQ_EPP;DE_YKBNK_EPP;YKBNK.E;2026-04-30;2.24;2.01;11.44;0;0;0;0;0;0;0;0;0;105;0;;;;;
2026-04-24;O_YKBNKE0426P41.00;YKBNK_04/2026_AVRUPA_OPSIYON;D_EQ;SSO;D_EQ_EPP;DE_YKBNK_EPP;YKBNK.E;2026-04-30;3.15;2.85;10.53;0;0;0;0;0;0;0;0;0;6492;0;;;;;
2026-04-24;O_YKBNKE0426P42.00;YKBNK_04/2026_AVRUPA_OPSIYON;D_EQ;SSO;D_EQ_EPP;DE_YKBNK_EPP;YKBNK.E;2026-04-30;4.11;3.76;9.31;0;0;0;0;0;0;0;0;0;0;0;;;;;
2026-04-24;O_YKBNKE0426P43.00;YKBNK_04/2026_AVRUPA_OPSIYON;D_EQ;SSO;D_EQ_EPP;DE_YKBNK_EPP;YKBNK.E;2026-04-30;5.1;4.72;8.05;0;0;0;0;0;0;0;0;0;0;0;;;;;
2026-04-24;O_YKBNKE0426P44.00;YKBNK_04/2026_AVRUPA_OPSIYON;D_EQ;SSO;D_EQ_EPP;DE_YKBNK_EPP;YKBNK.E;2026-04-30;6.09;5.7;6.84;0;0;0;0;0;0;0;0;0;0;0;;;;;
2026-04-24;O_YKBNKE0426P45.00;YKBNK_04/2026_AVRUPA_OPSIYON;D_EQ;SSO;D_EQ_EPP;DE_YKBNK_EPP;YKBNK.E;2026-04-30;7.08;6.69;5.83;0;0;0;0;0;0;0;0;0;0;0;;;;;
2026-04-24;O_YKBNKE0426P46.00;YKBNK_04/2026_AVRUPA_OPSIYON;D_EQ;SSO;D_EQ_EPP;DE_YKBNK_EPP;YKBNK.E;2026-04-30;8.07;7.68;5.08;0;0;0;0;0;0;0;0;0;0;0;;;;;
2026-04-24;O_YKBNKE0426P47.00;YKBNK_04/2026_AVRUPA_OPSIYON;D_EQ;SSO;D_EQ_EPP;DE_YKBNK_EPP;YKBNK.E;2026-04-30;9.07;8.67;4.61;0;0;0;0;0;0;0;0;0;0;0;;;;;
2026-04-24;O_YKBNKE0526C33.00;YKBNK_05/2026_AVRUPA_OPSIYON;D_EQ;SSO;D_EQ_ECP;DE_YKBNK_ECP;YKBNK.E;2026-05-25;5.81;6.18;-5.99;0;0;0;0;0;0;0;0;0;0;0;;;;;
2026-04-24;O_YKBNKE0526C34.00;YKBNK_05/2026_AVRUPA_OPSIYON;D_EQ;SSO;D_EQ_ECP;DE_YKBNK_ECP;YKBNK.E;2026-05-25;4.94;5.31;-6.97;0;0;0;0;0;0;0;0;0;0;0;;;;;
2026-04-24;O_YKBNKE0526C35.00;YKBNK_05/2026_AVRUPA_OPSIYON;D_EQ;SSO;D_EQ_ECP;DE_YKBNK_ECP;YKBNK.E;2026-05-25;4.13;4.49;-8.02;0;0;0;0;0;0;0;0;0;0;0;;;;;
2026-04-24;O_YKBNKE0526C36.00;YKBNK_05/2026_AVRUPA_OPSIYON;D_EQ;SSO;D_EQ_ECP;DE_YKBNK_ECP;YKBNK.E;2026-05-25;3.38;3.73;-9.38;0;0;0;0;0;0;0;0;0;0;0;;;;;
2026-04-24;O_YKBNKE0526C37.00;YKBNK_05/2026_AVRUPA_OPSIYON;D_EQ;SSO;D_EQ_ECP;DE_YKBNK_ECP;YKBNK.E;2026-05-25;2.71;3.04;-10.86;0;0;0;0;0;0;0;0;0;250;0;;;;;
2026-04-24;O_YKBNKE0526C38.00;YKBNK_05/2026_AVRUPA_OPSIYON;D_EQ;SSO;D_EQ_ECP;DE_YKBNK_ECP;YKBNK.E;2026-05-25;2.12;2.43;-12.76;0;0;0;0;0;0;0;0;0;100;0;;;;;
2026-04-24;O_YKBNKE0526C39.00;YKBNK_05/2026_AVRUPA_OPSIYON;D_EQ;SSO;D_EQ_ECP;DE_YKBNK_ECP;YKBNK.E;2026-05-25;1.63;1.91;-14.66;0;0;0;0;0;0;0;0;0;200;0;;;;;
2026-04-24;O_YKBNKE0526C40.00;YKBNK_05/2026_AVRUPA_OPSIYON;D_EQ;SSO;D_EQ_ECP;DE_YKBNK_ECP;YKBNK.E;2026-05-25;1.22;1.47;-17.01;0;0;0;0;0;0;0;0;0;50;0;;;;;
2026-04-24;O_YKBNKE0526C41.00;YKBNK_05/2026_AVRUPA_OPSIYON;D_EQ;SSO;D_EQ_ECP;DE_YKBNK_ECP;YKBNK.E;2026-05-25;0.89;1.1;-19.09;0;0;0;0;0;0;0;0;0;100000;0;;;;;
2026-04-24;O_YKBNKE0526C43.00;YKBNK_05/2026_AVRUPA_OPSIYON;D_EQ;SSO;D_EQ_ECP;DE_YKBNK_ECP;YKBNK.E;2026-05-25;0.45;0.59;-23.73;0;0;0;0;0;0;0;0;0;831;0;;;;;
2026-04-24;O_YKBNKE0526C44.00;YKBNK_05/2026_AVRUPA_OPSIYON;D_EQ;SSO;D_EQ_ECP;DE_YKBNK_ECP;YKBNK.E;2026-05-25;0.31;0.42;-26.19;0;0;0;0;0;0;0;0;0;0;0;;;;;
2026-04-24;O_YKBNKE0526C45.00;YKBNK_05/2026_AVRUPA_OPSIYON;D_EQ;SSO;D_EQ_ECP;DE_YKBNK_ECP;YKBNK.E;2026-05-25;0.21;0.29;-27.59;0.16;0.16;0.16;0.16;0.16;10800000;38400;2400;12;2400;2400;;;;;
2026-04-24;O_YKBNKE0526C46.00;YKBNK_05/2026_AVRUPA_OPSIYON;D_EQ;SSO;D_EQ_ECP;DE_YKBNK_ECP;YKBNK.E;2026-05-25;0.13;0.2;-35;0;0;0;0;0;0;0;0;0;3;0;;;;;
2026-04-24;O_YKBNKE0526C47.00;YKBNK_05/2026_AVRUPA_OPSIYON;D_EQ;SSO;D_EQ_ECP;DE_YKBNK_ECP;YKBNK.E;2026-05-25;0.09;0.13;-30.77;0;0;0;0;0;0;0;0;0;1;0;;;;;
2026-04-24;O_YKBNKE0526C48.00;YKBNK_05/2026_AVRUPA_OPSIYON;D_EQ;SSO;D_EQ_ECP;DE_YKBNK_ECP;YKBNK.E;2026-05-25;0.05;0.09;-44.44;0;0;0;0;0;0;0;0;0;0;0;;;;;
2026-04-24;O_YKBNKE0526C49.00;YKBNK_05/2026_AVRUPA_OPSIYON;D_EQ;SSO;D_EQ_ECP;DE_YKBNK_ECP;YKBNK.E;2026-05-25;0.03;0.06;-50;0;0;0;0;0;0;0;0;0;0;0;;;;;
2026-04-24;O_YKBNKE0526C50.00;YKBNK_05/2026_AVRUPA_OPSIYON;D_EQ;SSO;D_EQ_ECP;DE_YKBNK_ECP;YKBNK.E;2026-05-25;0.02;0.04;-50;0;0;0;0;0;0;0;0;0;0;0;;;;;
2026-04-24;O_YKBNKE0526C52.00;YKBNK_05/2026_AVRUPA_OPSIYON;D_EQ;SSO;D_EQ_ECP;DE_YKBNK_ECP;YKBNK.E;2026-05-25;0.01;0.01;0;0;0;0;0;0;0;0;0;0;0;0;;;;;
2026-04-24;O_YKBNKE0526C54.00;YKBNK_05/2026_AVRUPA_OPSIYON;D_EQ;SSO;D_EQ_ECP;DE_YKBNK_ECP;YKBNK.E;2026-05-25;0.01;0.01;0;0;0;0;0;0;0;0;0;0;0;0;;;;;
2026-04-24;O_YKBNKE0526C56.00;YKBNK_05/2026_AVRUPA_OPSIYON;D_EQ;SSO;D_EQ_ECP;DE_YKBNK_ECP;YKBNK.E;2026-05-25;0.01;0.01;0;0;0;0;0;0;0;0;0;0;0;0;;;;;
2026-04-24;O_YKBNKE0526P28.00;YKBNK_05/2026_AVRUPA_OPSIYON;D_EQ;SSO;D_EQ_EPP;DE_YKBNK_EPP;YKBNK.E;2026-05-25;0.01;0.01;0;0;0;0;0;0;0;0;0;0;0;0;;;;;
2026-04-24;O_YKBNKE0526P29.00;YKBNK_05/2026_AVRUPA_OPSIYON;D_EQ;SSO;D_EQ_EPP;DE_YKBNK_EPP;YKBNK.E;2026-05-25;0.01;0.01;0;0;0;0;0;0;0;0;0;0;0;0;;;;;
2026-04-24;O_YKBNKE0526P30.00;YKBNK_05/2026_AVRUPA_OPSIYON;D_EQ;SSO;D_EQ_EPP;DE_YKBNK_EPP;YKBNK.E;2026-05-25;0.01;0.01;0;0;0;0;0;0;0;0;0;0;100;0;;;;;
2026-04-24;O_YKBNKE0526P31.00;YKBNK_05/2026_AVRUPA_OPSIYON;D_EQ;SSO;D_EQ_EPP;DE_YKBNK_EPP;YKBNK.E;2026-05-25;0.03;0.03;0;0;0;0;0;0;0;0;0;0;100;0;;;;;
2026-04-24;O_YKBNKE0526P32.00;YKBNK_05/2026_AVRUPA_OPSIYON;D_EQ;SSO;D_EQ_EPP;DE_YKBNK_EPP;YKBNK.E;2026-05-25;0.06;0.07;-14.29;0;0;0;0;0;0;0;0;0;0;0;;;;;
2026-04-24;O_YKBNKE0526P33.00;YKBNK_05/2026_AVRUPA_OPSIYON;D_EQ;SSO;D_EQ_EPP;DE_YKBNK_EPP;YKBNK.E;2026-05-25;0.12;0.13;-7.69;0;0;0;0;0;0;0;0;0;0;0;;;;;
2026-04-24;O_YKBNKE0526P34.00;YKBNK_05/2026_AVRUPA_OPSIYON;D_EQ;SSO;D_EQ_EPP;DE_YKBNK_EPP;YKBNK.E;2026-05-25;0.22;0.22;0;0;0;0;0;0;0;0;0;0;0;0;;;;;
2026-04-24;O_YKBNKE0526P35.00;YKBNK_05/2026_AVRUPA_OPSIYON;D_EQ;SSO;D_EQ_EPP;DE_YKBNK_EPP;YKBNK.E;2026-05-25;0.38;0.37;2.7;0;0;0;0;0;0;0;0;0;0;0;;;;;
2026-04-24;O_YKBNKE0526P36.00;YKBNK_05/2026_AVRUPA_OPSIYON;D_EQ;SSO;D_EQ_EPP;DE_YKBNK_EPP;YKBNK.E;2026-05-25;0.6;0.57;5.26;0;0;0;0;0;0;0;0;0;0;0;;;;;
2026-04-24;O_YKBNKE0526P37.00;YKBNK_05/2026_AVRUPA_OPSIYON;D_EQ;SSO;D_EQ_EPP;DE_YKBNK_EPP;YKBNK.E;2026-05-25;0.89;0.85;4.71;0;0;0;0;0;0;0;0;0;0;0;;;;;
2026-04-24;O_YKBNKE0526P38.00;YKBNK_05/2026_AVRUPA_OPSIYON;D_EQ;SSO;D_EQ_EPP;DE_YKBNK_EPP;YKBNK.E;2026-05-25;1.28;1.21;5.79;0;0;0;0;0;0;0;0;0;0;0;;;;;
2026-04-24;O_YKBNKE0526P39.00;YKBNK_05/2026_AVRUPA_OPSIYON;D_EQ;SSO;D_EQ_EPP;DE_YKBNK_EPP;YKBNK.E;2026-05-25;1.75;1.65;6.06;0;0;0;0;0;0;0;0;0;0;0;;;;;
2026-04-24;O_YKBNKE0526P40.00;YKBNK_05/2026_AVRUPA_OPSIYON;D_EQ;SSO;D_EQ_EPP;DE_YKBNK_EPP;YKBNK.E;2026-05-25;2.31;2.17;6.45;0;0;0;0;0;0;0;0;0;5;0;;;;;
2026-04-24;O_YKBNKE0526P41.00;YKBNK_05/2026_AVRUPA_OPSIYON;D_EQ;SSO;D_EQ_EPP;DE_YKBNK_EPP;YKBNK.E;2026-05-25;2.95;2.78;6.12;0;0;0;0;0;0;0;0;0;0;0;;;;;
2026-04-24;O_YKBNKE0526P42.00;YKBNK_05/2026_AVRUPA_OPSIYON;D_EQ;SSO;D_EQ_EPP;DE_YKBNK_EPP;YKBNK.E;2026-05-25;3.66;3.46;5.78;0;0;0;0;0;0;0;0;0;2150;0;;;;;
2026-04-24;O_YKBNKE0526P43.00;YKBNK_05/2026_AVRUPA_OPSIYON;D_EQ;SSO;D_EQ_EPP;DE_YKBNK_EPP;YKBNK.E;2026-05-25;4.44;4.2;5.71;0;0;0;0;0;0;0;0;0;0;0;;;;;
2026-04-24;O_YKBNKE0526P44.00;YKBNK_05/2026_AVRUPA_OPSIYON;D_EQ;SSO;D_EQ_EPP;DE_YKBNK_EPP;YKBNK.E;2026-05-25;5.27;4.99;5.61;0;0;0;0;0;0;0;0;0;0;0;;;;;
2026-04-24;O_YKBNKE0526P45.00;YKBNK_05/2026_AVRUPA_OPSIYON;D_EQ;SSO;D_EQ_EPP;DE_YKBNK_EPP;YKBNK.E;2026-05-25;6.14;5.83;5.32;0;0;0;0;0;0;0;0;0;0;0;;;;;
2026-04-24;O_YKBNKE0526P46.00;YKBNK_05/2026_AVRUPA_OPSIYON;D_EQ;SSO;D_EQ_EPP;DE_YKBNK_EPP;YKBNK.E;2026-05-25;7.03;6.71;4.77;0;0;0;0;0;0;0;0;0;0;0;;;;;
2026-04-24;O_YKBNKE0526P47.00;YKBNK_05/2026_AVRUPA_OPSIYON;D_EQ;SSO;D_EQ_EPP;DE_YKBNK_EPP;YKBNK.E;2026-05-25;7.95;7.61;4.47;0;0;0;0;0;0;0;0;0;0;0;;;;;
2026-04-24;O_YKBNKE0526P48.00;YKBNK_05/2026_AVRUPA_OPSIYON;D_EQ;SSO;D_EQ_EPP;DE_YKBNK_EPP;YKBNK.E;2026-05-25;8.89;8.53;4.22;0;0;0;0;0;0;0;0;0;0;0;;;;;
2026-04-24;O_YKBNKE0626C35.00;YKBNK_06/2026_AVRUPA_OPSIYON;D_EQ;SSO;D_EQ_ECP;DE_YKBNK_ECP;YKBNK.E;2026-06-30;6;6.36;-5.66;0;0;0;0;0;0;0;0;0;0;0;;;;;
2026-04-24;O_YKBNKE0626C36.00;YKBNK_06/2026_AVRUPA_OPSIYON;D_EQ;SSO;D_EQ_ECP;DE_YKBNK_ECP;YKBNK.E;2026-06-30;5.28;5.64;-6.38;0;0;0;0;0;0;0;0;0;0;0;;;;;
2026-04-24;O_YKBNKE0626C37.00;YKBNK_06/2026_AVRUPA_OPSIYON;D_EQ;SSO;D_EQ_ECP;DE_YKBNK_ECP;YKBNK.E;2026-06-30;4.6;4.96;-7.26;0;0;0;0;0;0;0;0;0;0;0;;;;;
2026-04-24;O_YKBNKE0626C38.00;YKBNK_06/2026_AVRUPA_OPSIYON;D_EQ;SSO;D_EQ_ECP;DE_YKBNK_ECP;YKBNK.E;2026-06-30;3.98;4.32;-7.87;0;0;0;0;0;0;0;0;0;0;0;;;;;
2026-04-24;O_YKBNKE0626C39.00;YKBNK_06/2026_AVRUPA_OPSIYON;D_EQ;SSO;D_EQ_ECP;DE_YKBNK_ECP;YKBNK.E;2026-06-30;3.42;3.74;-8.56;0;0;0;0;0;0;0;0;0;0;0;;;;;
2026-04-24;O_YKBNKE0626C40.00;YKBNK_06/2026_AVRUPA_OPSIYON;D_EQ;SSO;D_EQ_ECP;DE_YKBNK_ECP;YKBNK.E;2026-06-30;2.91;3.22;-9.63;0;0;0;0;0;0;0;0;0;0;0;;;;;
2026-04-24;O_YKBNKE0626C41.00;YKBNK_06/2026_AVRUPA_OPSIYON;D_EQ;SSO;D_EQ_ECP;DE_YKBNK_ECP;YKBNK.E;2026-06-30;2.46;2.74;-10.22;0;0;0;0;0;0;0;0;0;0;0;;;;;
2026-04-24;O_YKBNKE0626C42.00;YKBNK_06/2026_AVRUPA_OPSIYON;D_EQ;SSO;D_EQ_ECP;DE_YKBNK_ECP;YKBNK.E;2026-06-30;2.06;2.32;-11.21;0;0;0;0;0;0;0;0;0;0;0;;;;;
2026-04-24;O_YKBNKE0626C44.00;YKBNK_06/2026_AVRUPA_OPSIYON;D_EQ;SSO;D_EQ_ECP;DE_YKBNK_ECP;YKBNK.E;2026-06-30;1.41;1.63;-13.5;0;0;0;0;0;0;0;0;0;0;0;;;;;
2026-04-24;O_YKBNKE0626C45.00;YKBNK_06/2026_AVRUPA_OPSIYON;D_EQ;SSO;D_EQ_ECP;DE_YKBNK_ECP;YKBNK.E;2026-06-30;1.15;1.35;-14.81;0;0;0;0;0;0;0;0;0;0;0;;;;;
2026-04-24;O_YKBNKE0626C46.00;YKBNK_06/2026_AVRUPA_OPSIYON;D_EQ;SSO;D_EQ_ECP;DE_YKBNK_ECP;YKBNK.E;2026-06-30;0.93;1.11;-16.22;0;0;0;0;0;0;0;0;0;0;0;;;;;
2026-04-24;O_YKBNKE0626C47.00;YKBNK_06/2026_AVRUPA_OPSIYON;D_EQ;SSO;D_EQ_ECP;DE_YKBNK_ECP;YKBNK.E;2026-06-30;0.75;0.91;-17.58;0;0;0;0;0;0;0;0;0;0;0;;;;;
2026-04-24;O_YKBNKE0626C48.00;YKBNK_06/2026_AVRUPA_OPSIYON;D_EQ;SSO;D_EQ_ECP;DE_YKBNK_ECP;YKBNK.E;2026-06-30;0.6;0.74;-18.92;0;0;0;0;0;0;0;0;0;0;0;;;;;
2026-04-24;O_YKBNKE0626C49.00;YKBNK_06/2026_AVRUPA_OPSIYON;D_EQ;SSO;D_EQ_ECP;DE_YKBNK_ECP;YKBNK.E;2026-06-30;0.48;0.59;-18.64;0;0;0;0;0;0;0;0;0;0;0;;;;;
2026-04-24;O_YKBNKE0626P30.00;YKBNK_06/2026_AVRUPA_OPSIYON;D_EQ;SSO;D_EQ_EPP;DE_YKBNK_EPP;YKBNK.E;2026-06-30;0.06;0.06;0;0;0;0;0;0;0;0;0;0;0;0;;;;;
2026-04-24;O_YKBNKE0626P31.00;YKBNK_06/2026_AVRUPA_OPSIYON;D_EQ;SSO;D_EQ_EPP;DE_YKBNK_EPP;YKBNK.E;2026-06-30;0.1;0.1;0;0;0;0;0;0;0;0;0;0;0;0;;;;;
2026-04-24;O_YKBNKE0626P32.00;YKBNK_06/2026_AVRUPA_OPSIYON;D_EQ;SSO;D_EQ_EPP;DE_YKBNK_EPP;YKBNK.E;2026-06-30;0.16;0.16;0;0;0;0;0;0;0;0;0;0;0;0;;;;;
2026-04-24;O_YKBNKE0626P33.00;YKBNK_06/2026_AVRUPA_OPSIYON;D_EQ;SSO;D_EQ_EPP;DE_YKBNK_EPP;YKBNK.E;2026-06-30;0.25;0.25;0;0;0;0;0;0;0;0;0;0;0;0;;;;;
2026-04-24;O_YKBNKE0626P34.00;YKBNK_06/2026_AVRUPA_OPSIYON;D_EQ;SSO;D_EQ_EPP;DE_YKBNK_EPP;YKBNK.E;2026-06-30;0.37;0.36;2.78;0;0;0;0;0;0;0;0;0;0;0;;;;;
2026-04-24;O_YKBNKE0626P35.00;YKBNK_06/2026_AVRUPA_OPSIYON;D_EQ;SSO;D_EQ_EPP;DE_YKBNK_EPP;YKBNK.E;2026-06-30;0.52;0.51;1.96;0;0;0;0;0;0;0;0;0;0;0;;;;;
2026-04-24;O_YKBNKE0626P36.00;YKBNK_06/2026_AVRUPA_OPSIYON;D_EQ;SSO;D_EQ_EPP;DE_YKBNK_EPP;YKBNK.E;2026-06-30;0.72;0.7;2.86;0;0;0;0;0;0;0;0;0;0;0;;;;;
2026-04-24;O_YKBNKE0626P37.00;YKBNK_06/2026_AVRUPA_OPSIYON;D_EQ;SSO;D_EQ_EPP;DE_YKBNK_EPP;YKBNK.E;2026-06-30;0.97;0.93;4.3;0;0;0;0;0;0;0;0;0;0;0;;;;;
2026-04-24;O_YKBNKE0626P38.00;YKBNK_06/2026_AVRUPA_OPSIYON;D_EQ;SSO;D_EQ_EPP;DE_YKBNK_EPP;YKBNK.E;2026-06-30;1.27;1.22;4.1;0;0;0;0;0;0;0;0;0;0;0;;;;;
2026-04-24;O_YKBNKE0626P39.00;YKBNK_06/2026_AVRUPA_OPSIYON;D_EQ;SSO;D_EQ_EPP;DE_YKBNK_EPP;YKBNK.E;2026-06-30;1.62;1.56;3.85;0;0;0;0;0;0;0;0;0;0;0;;;;;
2026-04-24;O_YKBNKE0626P40.00;YKBNK_06/2026_AVRUPA_OPSIYON;D_EQ;SSO;D_EQ_EPP;DE_YKBNK_EPP;YKBNK.E;2026-06-30;2.03;1.95;4.1;0;0;0;0;0;0;0;0;0;0;0;;;;;
2026-04-24;O_YKBNKE0626P41.00;YKBNK_06/2026_AVRUPA_OPSIYON;D_EQ;SSO;D_EQ_EPP;DE_YKBNK_EPP;YKBNK.E;2026-06-30;2.5;2.39;4.6;0;0;0;0;0;0;0;0;0;0;0;;;;;
2026-04-24;O_YKBNKE0626P42.00;YKBNK_06/2026_AVRUPA_OPSIYON;D_EQ;SSO;D_EQ_EPP;DE_YKBNK_EPP;YKBNK.E;2026-06-30;3.01;2.88;4.51;0;0;0;0;0;0;0;0;0;0;0;;;;;
2026-04-24;O_YKBNKE0626P43.00;YKBNK_06/2026_AVRUPA_OPSIYON;D_EQ;SSO;D_EQ_EPP;DE_YKBNK_EPP;YKBNK.E;2026-06-30;3.59;3.43;4.66;0;0;0;0;0;0;0;0;0;0;0;;;;;
2026-04-24;O_YKBNKE0626P44.00;YKBNK_06/2026_AVRUPA_OPSIYON;D_EQ;SSO;D_EQ_EPP;DE_YKBNK_EPP;YKBNK.E;2026-06-30;4.2;4.02;4.48;0;0;0;0;0;0;0;0;0;0;0;;;;;
2026-04-24;TM_F_USDTRY150526;USDTRY_150526_ESNEK VIS;D_CR;CRF;D_CR_FUT;DE_USDTRY_FUT;D_USDTRY;2026-05-15;45.7;46.001;-0.65;45.7;45.7;45.7;45.7;45.7;45700;0;1;1;1;1;;;;;
2026-04-24;TM_F_USDTRY240426;USDTRY_240426_ESNEK VIS;D_CR;CRF;D_CR_FUT;DE_USDTRY_FUT;D_USDTRY;2026-04-24;44.895;44.92;-0.06;44.91;44.91;44.91;44.91;44.91;718560;0;16;2;289;16;;;;;
2026-04-24;TM_O_AKBNKE110526P68.00;AKBNK_110526_AVRUPA_ESNEK OPS;D_EQ;SSO;D_EQ_EPP;DE_AKBNK_EPP;AKBNK.E;2026-05-11;0.1;0.09;11.11;0;0;0;0;0;0;0;0;0;1500;0;;;;;
2026-04-24;TM_O_AKBNKE250526C87.50;AKBNK_250526_AVRUPA_ESNEK OPS;D_EQ;SSO;D_EQ_ECP;DE_AKBNK_ECP;AKBNK.E;2026-05-25;1.33;1.88;-29.26;0;0;0;0;0;0;0;0;0;3588;0;;;;;
2026-04-24;TM_O_AKBNKE250526P84.01;AKBNK_250526_AVRUPA_ESNEK OPS;D_EQ;SSO;D_EQ_EPP;DE_AKBNK_EPP;AKBNK.E;2026-05-25;5.64;4.9;15.1;0;0;0;0;0;0;0;0;0;490;0;;;;;
2026-04-24;TM_O_AKBNKE250526P84.02;AKBNK_250526_AVRUPA_ESNEK OPS;D_EQ;SSO;D_EQ_EPP;DE_AKBNK_EPP;AKBNK.E;2026-05-25;5.65;4.91;15.07;0;0;0;0;0;0;0;0;0;0;0;;;;;
2026-04-24;TM_O_AKBNKE250526P86.10;AKBNK_250526_AVRUPA_ESNEK OPS;D_EQ;SSO;D_EQ_EPP;DE_AKBNK_EPP;AKBNK.E;2026-05-25;7.1;6.21;14.33;0;0;0;0;0;0;0;0;0;118;0;;;;;
2026-04-24;TM_O_AKBNKE250526P88.50;AKBNK_250526_AVRUPA_ESNEK OPS;D_EQ;SSO;D_EQ_EPP;DE_AKBNK_EPP;AKBNK.E;2026-05-25;8.93;7.9;13.04;0;0;0;0;0;0;0;0;0;116;0;;;;;
2026-04-24;TM_O_AKBNKE250526P88.60;AKBNK_250526_AVRUPA_ESNEK OPS;D_EQ;SSO;D_EQ_EPP;DE_AKBNK_EPP;AKBNK.E;2026-05-25;9.01;7.97;13.05;0;0;0;0;0;0;0;0;0;120;0;;;;;
2026-04-24;TM_O_AKBNKE300426C72.00;AKBNK_04/2026_AVRUPA_OPSIYON;D_EQ;SSO;D_EQ_ECP;DE_AKBNK_ECP;AKBNK.E;2026-04-30;6.43;7.93;-18.92;0;0;0;0;0;0;0;0;0;0;0;;;;;
2026-04-24;TM_O_AKBNKE300426C78.01;AKBNK_300426_AVRUPA_ESNEK OPS;D_EQ;SSO;D_EQ_ECP;DE_AKBNK_ECP;AKBNK.E;2026-04-30;1.77;2.95;-40;0;0;0;0;0;0;0;0;0;0;0;;;;;
2026-04-24;TM_O_AKBNKE300426P75.00;AKBNK_300426_AVRUPA_ESNEK OPS;D_EQ;SSO;D_EQ_EPP;DE_AKBNK_EPP;AKBNK.E;2026-04-30;0.41;0.34;20.59;0;0;0;0;0;0;0;0;0;2500;0;;;;;
2026-04-24;TM_O_AKBNKE300426P75.10;AKBNK_300426_AVRUPA_ESNEK OPS;D_EQ;SSO;D_EQ_EPP;DE_AKBNK_EPP;AKBNK.E;2026-04-30;0.43;0.35;22.86;0;0;0;0;0;0;0;0;0;135;0;;;;;
2026-04-24;TM_O_AKBNKE300426P76.20;AKBNK_300426_AVRUPA_ESNEK OPS;D_EQ;SSO;D_EQ_EPP;DE_AKBNK_EPP;AKBNK.E;2026-04-30;0.7;0.56;25;0;0;0;0;0;0;0;0;0;545;0;;;;;
2026-04-24;TM_O_AKBNKE300426P77.00;AKBNK_300426_AVRUPA_ESNEK OPS;D_EQ;SSO;D_EQ_EPP;DE_AKBNK_EPP;AKBNK.E;2026-04-30;0.97;0.75;29.33;0;0;0;0;0;0;0;0;0;520;0;;;;;
2026-04-24;TM_O_AKBNKE300426P80.01;AKBNK_300426_AVRUPA_ESNEK OPS;D_EQ;SSO;D_EQ_EPP;DE_AKBNK_EPP;AKBNK.E;2026-04-30;2.53;1.93;31.09;0;0;0;0;0;0;0;0;0;140;0;;;;;
2026-04-24;TM_O_AKBNKE300426P84.60;AKBNK_300426_AVRUPA_ESNEK OPS;D_EQ;SSO;D_EQ_EPP;DE_AKBNK_EPP;AKBNK.E;2026-04-30;6.3;5.09;23.77;0;0;0;0;0;0;0;0;0;591;0;;;;;
2026-04-24;TM_O_AKBNKE300426P86.50;AKBNK_300426_AVRUPA_ESNEK OPS;D_EQ;SSO;D_EQ_EPP;DE_AKBNK_EPP;AKBNK.E;2026-04-30;8.11;6.75;20.15;0;0;0;0;0;0;0;0;0;480;0;;;;;
2026-04-24;TM_O_AKBNKE300426P87.60;AKBNK_300426_AVRUPA_ESNEK OPS;D_EQ;SSO;D_EQ_EPP;DE_AKBNK_EPP;AKBNK.E;2026-04-30;9.18;7.76;18.3;0;0;0;0;0;0;0;0;0;114;0;;;;;
2026-04-24;TM_O_AKBNKE300426P88.10;AKBNK_300426_AVRUPA_ESNEK OPS;D_EQ;SSO;D_EQ_EPP;DE_AKBNK_EPP;AKBNK.E;2026-04-30;9.67;8.23;17.5;0;0;0;0;0;0;0;0;0;345;0;;;;;
2026-04-24;TM_O_ALARKE250526P98.01;ALARK_250526_AVRUPA_ESNEK OPS;D_EQ;SSO;D_EQ_EPP;DE_ALARK_EPP;ALARK.E;2026-05-25;5.1;5.42;-5.9;0;0;0;0;0;0;0;0;0;306;0;;;;;
2026-04-24;TM_O_ALARKE300426P90.02;ALARK_300426_AVRUPA_ESNEK OPS;D_EQ;SSO;D_EQ_EPP;DE_ALARK_EPP;ALARK.E;2026-04-30;0.5;0.81;-38.27;0;0;0;0;0;0;0;0;0;116;0;;;;;
2026-04-24;TM_O_ALARKE300426P92.02;ALARK_300426_AVRUPA_ESNEK OPS;D_EQ;SSO;D_EQ_EPP;DE_ALARK_EPP;ALARK.E;2026-04-30;1.06;1.49;-28.86;0;0;0;0;0;0;0;0;0;271;0;;;;;
2026-04-24;TM_O_ALARKE300426P94.01;ALARK_300426_AVRUPA_ESNEK OPS;D_EQ;SSO;D_EQ_EPP;DE_ALARK_EPP;ALARK.E;2026-04-30;1.96;2.47;-20.65;0;0;0;0;0;0;0;0;0;215;0;;;;;
2026-04-24;TM_O_ALARKE300426P94.02;ALARK_300426_AVRUPA_ESNEK OPS;D_EQ;SSO;D_EQ_EPP;DE_ALARK_EPP;ALARK.E;2026-04-30;1.97;2.48;-20.56;0;0;0;0;0;0;0;0;0;213;0;;;;;
2026-04-24;TM_O_ARCLKE300426P115.05;ARCLK_300426_AVRUPA_ESNEK OPS;D_EQ;SSO;D_EQ_EPP;DE_ARCLK_EPP;ARCLK.E;2026-04-30;1.22;2.18;-44.04;0;0;0;0;0;0;0;0;0;249;0;;;;;
2026-04-24;TM_O_ASELSE300426C375.00;ASELS_300426_AVRUPA_ESNEK OPS;D_EQ;SSO;D_EQ_ECP;DE_ASELS_ECP;ASELS.E;2026-04-30;21.36;27.28;-21.7;0;0;0;0;0;0;0;0;0;500;0;;;;;
2026-04-24;TM_O_ASELSE300426C405.00;ASELS_300426_AVRUPA_ESNEK OPS;D_EQ;SSO;D_EQ_ECP;DE_ASELS_ECP;ASELS.E;2026-04-30;4.2;7.8;-46.15;0;0;0;0;0;0;0;0;0;500;0;;;;;
2026-04-24;TM_O_BIMASE010626C780.00;BIMAS_010626_AVRUPA_ESNEK OPS;D_EQ;SSO;D_EQ_ECP;DE_BIMAS_ECP;BIMAS.E;2026-06-01;40.55;44.28;-8.42;0;0;0;0;0;0;0;0;0;96;0;;;;;
2026-04-24;TM_O_BIMASE250526C894.00;BIMAS_250526_AVRUPA_ESNEK OPS;D_EQ;SSO;D_EQ_ECP;DE_BIMAS_ECP;BIMAS.E;2026-05-25;4.49;5.74;-21.78;0;0;0;0;0;0;0;0;0;245;0;;;;;
2026-04-24;TM_O_BIMASE300426C710.00;BIMAS_300426_AVRUPA_ESNEK OPS;D_EQ;SSO;D_EQ_ECP;DE_BIMAS_ECP;BIMAS.E;2026-04-30;55.21;60.08;-8.11;0;0;0;0;0;0;0;0;0;70;0;;;;;
2026-04-24;TM_O_BIMASE300426C719.99;BIMAS_300426_AVRUPA_ESNEK OPS;D_EQ;SSO;D_EQ_ECP;DE_BIMAS_ECP;BIMAS.E;2026-04-30;46.06;51.09;-9.85;0;0;0;0;0;0;0;0;0;60;0;;;;;
2026-04-24;TM_O_BIMASE300426P600.01;BIMAS_300426_AVRUPA_ESNEK OPS;D_EQ;SSO;D_EQ_EPP;DE_BIMAS_EPP;BIMAS.E;2026-04-30;0.01;0.01;0;0;0;0;0;0;0;0;0;0;0;0;;;;;
2026-04-24;TM_O_BIMASE300426P660.01;BIMAS_300426_AVRUPA_ESNEK OPS;D_EQ;SSO;D_EQ_EPP;DE_BIMAS_EPP;BIMAS.E;2026-04-30;0.01;0.03;-66.67;0;0;0;0;0;0;0;0;0;60;0;;;;;
2026-04-24;TM_O_BIMASE300426P680.05;BIMAS_300426_AVRUPA_ESNEK OPS;D_EQ;SSO;D_EQ_EPP;DE_BIMAS_EPP;BIMAS.E;2026-04-30;0.06;0.15;-60;0;0;0;0;0;0;0;0;0;14;0;;;;;
2026-04-24;TM_O_EKGYOE250526C23.40;EKGYO_250526_AVRUPA_ESNEK OPS;D_EQ;SSO;D_EQ_ECP;DE_EKGYO_ECP;EKGYO.E;2026-05-25;0.48;0.51;-5.88;0;0;0;0;0;0;0;0;0;665;0;;;;;
2026-04-24;TM_O_EKGYOE250526P20.75;EKGYO_250526_AVRUPA_ESNEK OPS;D_EQ;SSO;D_EQ_EPP;DE_EKGYO_EPP;EKGYO.E;2026-05-25;0.54;0.56;-3.57;0;0;0;0;0;0;0;0;0;5000;0;;;;;
2026-04-24;TM_O_EKGYOE250526P22.51;EKGYO_250526_AVRUPA_ESNEK OPS;D_EQ;SSO;D_EQ_EPP;DE_EKGYO_EPP;EKGYO.E;2026-05-25;1.37;1.39;-1.44;0;0;0;0;0;0;0;0;0;1330;0;;;;;
2026-04-24;TM_O_EKGYOE300426P19.25;EKGYO_300426_AVRUPA_ESNEK OPS;D_EQ;SSO;D_EQ_EPP;DE_EKGYO_EPP;EKGYO.E;2026-04-30;0.01;0.02;-50;0;0;0;0;0;0;0;0;0;3100;0;;;;;
2026-04-24;TM_O_EKGYOE300426P20.01;EKGYO_300426_AVRUPA_ESNEK OPS;D_EQ;SSO;D_EQ_EPP;DE_EKGYO_EPP;EKGYO.E;2026-04-30;0.06;0.1;-40;0;0;0;0;0;0;0;0;0;2500;0;;;;;
2026-04-24;TM_O_EKGYOE300426P21.01;EKGYO_300426_AVRUPA_ESNEK OPS;D_EQ;SSO;D_EQ_EPP;DE_EKGYO_EPP;EKGYO.E;2026-04-30;0.31;0.37;-16.22;0;0;0;0;0;0;0;0;0;3400;0;;;;;
2026-04-24;TM_O_FROTOE250526C119.00;FROTO_250526_AVRUPA_ESNEK OPS;D_EQ;SSO;D_EQ_ECP;DE_FROTO_ECP;FROTO.E;2026-05-25;1.42;1.17;21.37;0;0;0;0;0;0;0;0;0;1682;0;;;;;
2026-04-24;TM_O_FROTOE300426P105.03;FROTO_300426_AVRUPA_ESNEK OPS;D_EQ;SSO;D_EQ_EPP;DE_FROTO_EPP;FROTO.E;2026-04-30;2.06;3.5;-41.14;0;0;0;0;0;0;0;0;0;240;0;;;;;
2026-04-24;TM_O_FROTOE300426P105.04;FROTO_300426_AVRUPA_ESNEK OPS;D_EQ;SSO;D_EQ_EPP;DE_FROTO_EPP;FROTO.E;2026-04-30;2.07;3.51;-41.03;0;0;0;0;0;0;0;0;0;237;0;;;;;
2026-04-24;TM_O_FROTOE300426P105.05;FROTO_300426_AVRUPA_ESNEK OPS;D_EQ;SSO;D_EQ_EPP;DE_FROTO_EPP;FROTO.E;2026-04-30;2.07;3.51;-41.03;0;0;0;0;0;0;0;0;0;190;0;;;;;
2026-04-24;TM_O_FROTOE300426P105.06;FROTO_300426_AVRUPA_ESNEK OPS;D_EQ;SSO;D_EQ_EPP;DE_FROTO_EPP;FROTO.E;2026-04-30;2.08;3.52;-40.91;0;0;0;0;0;0;0;0;0;190;0;;;;;
2026-04-24;TM_O_GARANE150526P135.50;GARAN_150526_AVRUPA_ESNEK OPS;D_EQ;SSO;D_EQ_EPP;DE_GARAN_EPP;GARAN.E;2026-05-15;2.71;2.46;10.16;0;0;0;0;0;0;0;0;0;350;0;;;;;
2026-04-24;TM_O_GARANE250526C155.80;GARAN_250526_AVRUPA_ESNEK OPS;D_EQ;SSO;D_EQ_ECP;DE_GARAN_ECP;GARAN.E;2026-05-25;2.81;3.34;-15.87;0;0;0;0;0;0;0;0;0;847;0;;;;;
2026-04-24;TM_O_GARANE250526P142.00;GARAN_250526_AVRUPA_ESNEK OPS;D_EQ;SSO;D_EQ_EPP;DE_GARAN_EPP;GARAN.E;2026-05-25;6.02;5.52;9.06;0;0;0;0;0;0;0;0;0;5000;0;;;;;
2026-04-24;TM_O_GARANE250526P155.05;GARAN_250526_AVRUPA_ESNEK OPS;D_EQ;SSO;D_EQ_EPP;DE_GARAN_EPP;GARAN.E;2026-05-25;15.04;13.87;8.44;0;0;0;0;0;0;0;0;0;77;0;;;;;
2026-04-24;TM_O_GARANE300426P135.50;GARAN_300426_AVRUPA_ESNEK OPS;D_EQ;SSO;D_EQ_EPP;DE_GARAN_EPP;GARAN.E;2026-04-30;1.22;1.12;8.93;0;0;0;0;0;0;0;0;0;1250;0;;;;;
2026-04-24;TM_O_GARANE300426P140.01;GARAN_300426_AVRUPA_ESNEK OPS;D_EQ;SSO;D_EQ_EPP;DE_GARAN_EPP;GARAN.E;2026-04-30;3.19;2.73;16.85;0;0;0;0;0;0;0;0;0;771;0;;;;;
2026-04-24;TM_O_HALKBE250526P42.01;HALKB_250526_AVRUPA_ESNEK OPS;D_EQ;SSO;D_EQ_EPP;DE_HALKB_EPP;HALKB.E;2026-05-25;2.01;2.25;-10.67;0;0;0;0;0;0;0;0;0;565;0;;;;;
2026-04-24;TM_O_ISCTRE010626C17.50;ISCTR_010626_AVRUPA_ESNEK OPS;D_EQ;SSO;D_EQ_ECP;DE_ISCTR_ECP;ISCTR.E;2026-06-01;0.16;0.25;-36;0;0;0;0;0;0;0;0;0;50000;0;;;;;
2026-04-24;TM_O_ISCTRE070526C14.50;ISCTR_070526_AVRUPA_ESNEK OPS;D_EQ;SSO;D_EQ_ECP;DE_ISCTR_ECP;ISCTR.E;2026-05-07;0.53;0.81;-34.57;0;0;0;0;0;0;0;0;0;5000;0;;;;;
2026-04-24;TM_O_ISCTRE250526P15.51;ISCTR_250526_AVRUPA_ESNEK OPS;D_EQ;SSO;D_EQ_EPP;DE_ISCTR_EPP;ISCTR.E;2026-05-25;1.05;0.88;19.32;0;0;0;0;0;0;0;0;0;1178;0;;;;;
2026-04-24;TM_O_ISCTRE250526P16.10;ISCTR_250526_AVRUPA_ESNEK OPS;D_EQ;SSO;D_EQ_EPP;DE_ISCTR_EPP;ISCTR.E;2026-05-25;1.45;1.23;17.89;0;0;0;0;0;0;0;0;0;1300;0;;;;;
2026-04-24;TM_O_ISCTRE250526P16.40;ISCTR_250526_AVRUPA_ESNEK OPS;D_EQ;SSO;D_EQ_EPP;DE_ISCTR_EPP;ISCTR.E;2026-05-25;1.68;1.44;16.67;0;0;0;0;0;0;0;0;0;650;0;;;;;
2026-04-24;TM_O_ISCTRE250526P16.80;ISCTR_250526_AVRUPA_ESNEK OPS;D_EQ;SSO;D_EQ_EPP;DE_ISCTR_EPP;ISCTR.E;2026-05-25;2;1.73;15.61;0;0;0;0;0;0;0;0;0;620;0;;;;;
2026-04-24;TM_O_ISCTRE300426P13.20;ISCTR_300426_AVRUPA_ESNEK OPS;D_EQ;SSO;D_EQ_EPP;DE_ISCTR_EPP;ISCTR.E;2026-04-30;0.01;0.01;0;0;0;0;0;0;0;0;0;0;5000;0;;;;;
2026-04-24;TM_O_ISCTRE300426P13.51;ISCTR_300426_AVRUPA_ESNEK OPS;D_EQ;SSO;D_EQ_EPP;DE_ISCTR_EPP;ISCTR.E;2026-04-30;0.03;0.02;50;0;0;0;0;0;0;0;0;0;1220;0;;;;;
2026-04-24;TM_O_ISCTRE300426P15.01;ISCTR_300426_AVRUPA_ESNEK OPS;D_EQ;SSO;D_EQ_EPP;DE_ISCTR_EPP;ISCTR.E;2026-04-30;0.6;0.43;39.53;0;0;0;0;0;0;0;0;0;7000;0;;;;;
2026-04-24;TM_O_ISCTRE300426P15.21;ISCTR_300426_AVRUPA_ESNEK OPS;D_EQ;SSO;D_EQ_EPP;DE_ISCTR_EPP;ISCTR.E;2026-04-30;0.76;0.54;40.74;0;0;0;0;0;0;0;0;0;2700;0;;;;;
2026-04-24;TM_O_ISCTRE300426P15.22;ISCTR_300426_AVRUPA_ESNEK OPS;D_EQ;SSO;D_EQ_EPP;DE_ISCTR_EPP;ISCTR.E;2026-04-30;0.77;0.55;40;0;0;0;0;0;0;0;0;0;2025;0;;;;;
2026-04-24;TM_O_ISCTRE300426P15.23;ISCTR_300426_AVRUPA_ESNEK OPS;D_EQ;SSO;D_EQ_EPP;DE_ISCTR_EPP;ISCTR.E;2026-04-30;0.77;0.56;37.5;0;0;0;0;0;0;0;0;0;675;0;;;;;
2026-04-24;TM_O_ISCTRE300426P15.33;ISCTR_300426_AVRUPA_ESNEK OPS;D_EQ;SSO;D_EQ_EPP;DE_ISCTR_EPP;ISCTR.E;2026-04-30;0.86;0.62;38.71;0;0;0;0;0;0;0;0;0;675;0;;;;;
2026-04-24;TM_O_ISCTRE300426P16.01;ISCTR_300426_AVRUPA_ESNEK OPS;D_EQ;SSO;D_EQ_EPP;DE_ISCTR_EPP;ISCTR.E;2026-04-30;1.47;1.15;27.83;0;0;0;0;0;0;0;0;0;1900;0;;;;;
2026-04-24;TM_O_ISCTRE300426P16.80;ISCTR_300426_AVRUPA_ESNEK OPS;D_EQ;SSO;D_EQ_EPP;DE_ISCTR_EPP;ISCTR.E;2026-04-30;2.25;1.88;19.68;0;0;0;0;0;0;0;0;0;600;0;;;;;
2026-04-24;TM_O_KCHOLE010626C225.00;KCHOL_010626_AVRUPA_ESNEK OPS;D_EQ;SSO;D_EQ_ECP;DE_KCHOL_ECP;KCHOL.E;2026-06-01;5.78;5.43;6.45;0;0;0;0;0;0;0;0;0;1570;0;;;;;
2026-04-24;TM_O_KCHOLE250526C204.00;KCHOL_250526_AVRUPA_ESNEK OPS;D_EQ;SSO;D_EQ_ECP;DE_KCHOL_ECP;KCHOL.E;2026-05-25;13.96;13.07;6.81;0;0;0;0;0;0;0;0;0;300;0;;;;;
2026-04-24;TM_O_KCHOLE250526C226.00;KCHOL_250526_AVRUPA_ESNEK OPS;D_EQ;SSO;D_EQ_ECP;DE_KCHOL_ECP;KCHOL.E;2026-05-25;4.18;3.92;6.63;0;0;0;0;0;0;0;0;0;570;0;;;;;
2026-04-24;TM_O_KCHOLE250526P215.05;KCHOL_250526_AVRUPA_ESNEK OPS;D_EQ;SSO;D_EQ_EPP;DE_KCHOL_EPP;KCHOL.E;2026-05-25;9.22;10.37;-11.09;0;0;0;0;0;0;0;0;0;167;0;;;;;
2026-04-24;TM_O_KCHOLE300426C213.00;KCHOL_300426_AVRUPA_ESNEK OPS;D_EQ;SSO;D_EQ_ECP;DE_KCHOL_ECP;KCHOL.E;2026-04-30;1.92;1.93;-0.52;0;0;0;0;0;0;0;0;0;400;0;;;;;
2026-04-24;TM_O_KCHOLE300426P201.00;KCHOL_300426_AVRUPA_ESNEK OPS;D_EQ;SSO;D_EQ_EPP;DE_KCHOL_EPP;KCHOL.E;2026-04-30;1.16;2.05;-43.41;0;0;0;0;0;0;0;0;0;536;0;;;;;
2026-04-24;TM_O_PETKME220526C22.00;PETKM_220526_AVRUPA_ESNEK OPS;D_EQ;SSO;D_EQ_ECP;DE_PETKM_ECP;PETKM.E;2026-05-22;2.31;2.25;2.67;0;0;0;0;0;0;0;0;0;3000;0;;;;;
2026-04-24;TM_O_PETKME300426P20.36;PETKM_300426_AVRUPA_ESNEK OPS;D_EQ;SSO;D_EQ_EPP;DE_PETKM_EPP;PETKM.E;2026-04-30;0.01;0.02;-50;0;0;0;0;0;0;0;0;0;0;0;;;;;
2026-04-24;TM_O_PGSUSE010626C210.00;PGSUS_010626_AVRUPA_ESNEK OPS;D_EQ;SSO;D_EQ_ECP;DE_PGSUS_ECP;PGSUS.E;2026-06-01;4.8;5.58;-13.98;0;0;0;0;0;0;0;0;0;400;0;;;;;
2026-04-24;TM_O_PGSUSE010626P210.00;PGSUS_010626_AVRUPA_ESNEK OPS;D_EQ;SSO;D_EQ_EPP;DE_PGSUS_EPP;PGSUS.E;2026-06-01;17.55;16.81;4.4;0;0;0;0;0;0;0;0;0;0;0;;;;;
2026-04-24;TM_O_PGSUSE150526P183.00;PGSUS_150526_AVRUPA_ESNEK OPS;D_EQ;SSO;D_EQ_EPP;DE_PGSUS_EPP;PGSUS.E;2026-05-15;3.01;2.92;3.08;0;0;0;0;0;0;0;0;0;110;0;;;;;
2026-04-24;TM_O_PGSUSE250526C214.00;PGSUS_250526_AVRUPA_ESNEK OPS;D_EQ;SSO;D_EQ_ECP;DE_PGSUS_ECP;PGSUS.E;2026-05-25;2.77;3.41;-18.77;0;0;0;0;0;0;0;0;0;80;0;;;;;
2026-04-24;TM_O_PGSUSE250526P195.05;PGSUS_250526_AVRUPA_ESNEK OPS;D_EQ;SSO;D_EQ_EPP;DE_PGSUS_EPP;PGSUS.E;2026-05-25;8.47;8.08;4.83;0;0;0;0;0;0;0;0;0;154;0;;;;;
2026-04-24;TM_O_PGSUSE250526P206.20;PGSUS_250526_AVRUPA_ESNEK OPS;D_EQ;SSO;D_EQ_EPP;DE_PGSUS_EPP;PGSUS.E;2026-05-25;15.13;14.43;4.85;0;0;0;0;0;0;0;0;0;5000;0;;;;;
2026-04-24;TM_O_PGSUSE250526P216.00;PGSUS_250526_AVRUPA_ESNEK OPS;D_EQ;SSO;D_EQ_EPP;DE_PGSUS_EPP;PGSUS.E;2026-05-25;22.46;21.52;4.37;0;0;0;0;0;0;0;0;0;48;0;;;;;
2026-04-24;TM_O_PGSUSE300426C170.00;PGSUS_300426_AVRUPA_ESNEK OPS;D_EQ;SSO;D_EQ_ECP;DE_PGSUS_ECP;PGSUS.E;2026-04-30;20.2;21.69;-6.87;0;0;0;0;0;0;0;0;0;150;0;;;;;
2026-04-24;TM_O_PGSUSE300426C174.90;PGSUS_300426_AVRUPA_ESNEK OPS;D_EQ;SSO;D_EQ_ECP;DE_PGSUS_ECP;PGSUS.E;2026-04-30;15.47;17.02;-9.11;0;0;0;0;0;0;0;0;0;150;0;;;;;
2026-04-24;TM_O_PGSUSE300426P190.05;PGSUS_300426_AVRUPA_ESNEK OPS;D_EQ;SSO;D_EQ_EPP;DE_PGSUS_EPP;PGSUS.E;2026-04-30;3.67;3.59;2.23;0;0;0;0;0;0;0;0;0;72;0;;;;;
2026-04-24;TM_O_PGSUSE300426P195.05;PGSUS_300426_AVRUPA_ESNEK OPS;D_EQ;SSO;D_EQ_EPP;DE_PGSUS_EPP;PGSUS.E;2026-04-30;6.66;6.26;6.39;0;0;0;0;0;0;0;0;0;108;0;;;;;
2026-04-24;TM_O_PGSUSE300426P195.10;PGSUS_300426_AVRUPA_ESNEK OPS;D_EQ;SSO;D_EQ_EPP;DE_PGSUS_EPP;PGSUS.E;2026-04-30;6.69;6.29;6.36;0;0;0;0;0;0;0;0;0;52;0;;;;;
2026-04-24;TM_O_PGSUSE300426P195.11;PGSUS_300426_AVRUPA_ESNEK OPS;D_EQ;SSO;D_EQ_EPP;DE_PGSUS_EPP;PGSUS.E;2026-04-30;6.7;6.29;6.52;0;0;0;0;0;0;0;0;0;52;0;;;;;
2026-04-24;TM_O_PGSUSE300426P197.00;PGSUS_300426_AVRUPA_ESNEK OPS;D_EQ;SSO;D_EQ_EPP;DE_PGSUS_EPP;PGSUS.E;2026-04-30;8.08;7.53;7.3;0;0;0;0;0;0;0;0;0;52;0;;;;;
2026-04-24;TM_O_P_USDTRYKE300426C48;FIZIKI_USDTRYK_300426_AVRUPA_ESN;D_CR;PCO;D_CR_ECP;DE_USDTRYKP_ECP;USDTRYKP.CX;2026-04-30;44847.3;44806.3;0.09;0;0;0;0;0;0;0;0;0;0;0;;;;;
2026-04-24;TM_O_SAHOLE060526C108.00;SAHOL_060526_AVRUPA_ESNEK OPS;D_EQ;SSO;D_EQ_ECP;DE_SAHOL_ECP;SAHOL.E;2026-05-06;0.76;1.02;-25.49;0;0;0;0;0;0;0;0;0;0;0;;;;;
2026-04-24;TM_O_SAHOLE140526C107.50;SAHOL_140526_AVRUPA_ESNEK OPS;D_EQ;SSO;D_EQ_ECP;DE_SAHOL_ECP;SAHOL.E;2026-05-14;1.76;2.05;-14.15;0;0;0;0;0;0;0;0;0;1100;0;;;;;
2026-04-24;TM_O_SAHOLE300426P100.05;SAHOL_300426_AVRUPA_ESNEK OPS;D_EQ;SSO;D_EQ_EPP;DE_SAHOL_EPP;SAHOL.E;2026-04-30;2.58;2.79;-7.53;0;0;0;0;0;0;0;0;0;200;0;;;;;
2026-04-24;TM_O_SAHOLE300426P94.01;SAHOL_300426_AVRUPA_ESNEK OPS;D_EQ;SSO;D_EQ_EPP;DE_SAHOL_EPP;SAHOL.E;2026-04-30;0.47;0.65;-27.69;0;0;0;0;0;0;0;0;0;265;0;;;;;
2026-04-24;TM_O_SISEE300426C48.01;SISE_300426_AVRUPA_ESNEK OPS;D_EQ;SSO;D_EQ_ECP;DE_SISE_ECP;SISE.E;2026-04-30;1.02;0.98;4.08;0;0;0;0;0;0;0;0;0;2000;0;;;;;
2026-04-24;TM_O_SISEE300426P48.01;SISE_300426_AVRUPA_ESNEK OPS;D_EQ;SSO;D_EQ_EPP;DE_SISE_EPP;SISE.E;2026-04-30;0.85;1.19;-28.57;0;0;0;0;0;0;0;0;0;2039;0;;;;;
2026-04-24;TM_O_TAVHLE300426P320.05;TAVHL_300426_AVRUPA_ESNEK OPS;D_EQ;SSO;D_EQ_EPP;DE_TAVHL_EPP;TAVHL.E;2026-04-30;12.46;12.82;-2.81;0;0;0;0;0;0;0;0;0;178;0;;;;;
2026-04-24;TM_O_TCELLE010626C125.00;TCELL_010626_AVRUPA_ESNEK OPS;D_EQ;SSO;D_EQ_ECP;DE_TCELL_ECP;TCELL.E;2026-06-01;3.45;3.62;-4.7;0;0;0;0;0;0;0;0;0;500;0;;;;;
2026-04-24;TM_O_TCELLE250526C137.00;TCELL_250526_AVRUPA_ESNEK OPS;D_EQ;SSO;D_EQ_ECP;DE_TCELL_ECP;TCELL.E;2026-05-25;0.64;0.73;-12.33;0;0;0;0;0;0;0;0;0;1458;0;;;;;
2026-04-24;TM_O_TCELLE250526P104.90;TCELL_250526_AVRUPA_ESNEK OPS;D_EQ;SSO;D_EQ_EPP;DE_TCELL_EPP;TCELL.E;2026-05-25;0.97;1.06;-8.49;0;0;0;0;0;0;0;0;0;1000;0;;;;;
2026-04-24;TM_O_TCELLE250526P116.00;TCELL_250526_AVRUPA_ESNEK OPS;D_EQ;SSO;D_EQ_EPP;DE_TCELL_EPP;TCELL.E;2026-05-25;4.24;4.4;-3.64;0;0;0;0;0;0;0;0;0;850;0;;;;;
2026-04-24;TM_O_TCELLE300426C119.00;TCELL_300426_AVRUPA_ESNEK OPS;D_EQ;SSO;D_EQ_ECP;DE_TCELL_ECP;TCELL.E;2026-04-30;0.87;1.18;-26.27;0;0;0;0;0;0;0;0;0;400;0;;;;;
2026-04-24;TM_O_TCELLE300426P110.03;TCELL_300426_AVRUPA_ESNEK OPS;D_EQ;SSO;D_EQ_EPP;DE_TCELL_EPP;TCELL.E;2026-04-30;0.59;0.83;-28.92;0;0;0;0;0;0;0;0;0;148;0;;;;;
2026-04-24;TM_O_TCELLE300426P110.05;TCELL_300426_AVRUPA_ESNEK OPS;D_EQ;SSO;D_EQ_EPP;DE_TCELL_EPP;TCELL.E;2026-04-30;0.59;0.84;-29.76;0;0;0;0;0;0;0;0;0;90;0;;;;;
2026-04-24;TM_O_TCELLE300426P115.03;TCELL_300426_AVRUPA_ESNEK OPS;D_EQ;SSO;D_EQ_EPP;DE_TCELL_EPP;TCELL.E;2026-04-30;2.3;2.64;-12.88;0;0;0;0;0;0;0;0;0;150;0;;;;;
2026-04-24;TM_O_TCELLE300426P115.04;TCELL_300426_AVRUPA_ESNEK OPS;D_EQ;SSO;D_EQ_EPP;DE_TCELL_EPP;TCELL.E;2026-04-30;2.31;2.65;-12.83;0;0;0;0;0;0;0;0;0;364;0;;;;;
2026-04-24;TM_O_TCELLE300426P115.05;TCELL_300426_AVRUPA_ESNEK OPS;D_EQ;SSO;D_EQ_EPP;DE_TCELL_EPP;TCELL.E;2026-04-30;2.31;2.65;-12.83;0;0;0;0;0;0;0;0;0;143;0;;;;;
2026-04-24;TM_O_TCELLE300426P116.00;TCELL_300426_AVRUPA_ESNEK OPS;D_EQ;SSO;D_EQ_EPP;DE_TCELL_EPP;TCELL.E;2026-04-30;2.83;3.16;-10.44;0;0;0;0;0;0;0;0;0;1000;0;;;;;
2026-04-24;TM_O_TCELLE300626P115.05;TCELL_300626_AVRUPA_ESNEK OPS;D_EQ;SSO;D_EQ_EPP;DE_TCELL_EPP;TCELL.E;2026-06-30;3.87;3.96;-2.27;0;0;0;0;0;0;0;0;0;1000;0;;;;;
2026-04-24;TM_O_THYAOE010626P315.00;THYAO_010626_AVRUPA_ESNEK OPS;D_EQ;SSO;D_EQ_EPP;DE_THYAO_EPP;THYAO.E;2026-06-01;6.27;6.95;-9.78;0;0;0;0;0;0;0;0;0;640;0;;;;;
2026-04-24;TM_O_THYAOE080526C350.00;THYAO_080526_AVRUPA_ESNEK OPS;D_EQ;SSO;D_EQ_ECP;DE_THYAO_ECP;THYAO.E;2026-05-08;2.75;3.13;-12.14;5.2;3;5.2;3;4.1;210000;2460;6;2;100;0;;;;;
2026-04-24;TM_O_THYAOE140526C345.00;THYAO_140526_AVRUPA_ESNEK OPS;D_EQ;SSO;D_EQ_ECP;DE_THYAO_ECP;THYAO.E;2026-05-14;6.02;6.36;-5.35;0;0;0;0;0;0;0;0;0;300;0;;;;;
2026-04-24;TM_O_THYAOE250526C300.00;THYAO_05/2026_AVRUPA_OPSIYON;D_EQ;SSO;D_EQ_ECP;DE_THYAO_ECP;THYAO.E;2026-05-25;37.07;36.63;1.2;0;0;0;0;0;0;0;0;0;0;0;;;;;
2026-04-24;TM_O_THYAOE250526C349.99;THYAO_250526_AVRUPA_ESNEK OPS;D_EQ;SSO;D_EQ_ECP;DE_THYAO_ECP;THYAO.E;2026-05-25;8.25;8.52;-3.17;0;0;0;0;0;0;0;0;0;295;0;;;;;
2026-04-24;TM_O_THYAOE300426C290.05;THYAO_300426_AVRUPA_ESNEK OPS;D_EQ;SSO;D_EQ_ECP;DE_THYAO_ECP;THYAO.E;2026-04-30;36.78;35.96;2.28;0;0;0;0;0;0;0;0;0;0;0;;;;;
2026-04-24;TM_O_THYAOE300426C319.00;THYAO_300426_AVRUPA_ESNEK OPS;D_EQ;SSO;D_EQ_ECP;DE_THYAO_ECP;THYAO.E;2026-04-30;10.82;11.14;-2.87;0;0;0;0;0;0;0;0;0;248;0;;;;;
2026-04-24;TM_O_THYAOE300426P293.00;THYAO_300426_AVRUPA_ESNEK OPS;D_EQ;SSO;D_EQ_EPP;DE_THYAO_EPP;THYAO.E;2026-04-30;0.05;0.17;-70.59;0;0;0;0;0;0;0;0;0;36;0;;;;;
2026-04-24;TM_O_THYAOE300426P303.00;THYAO_300426_AVRUPA_ESNEK OPS;D_EQ;SSO;D_EQ_EPP;DE_THYAO_EPP;THYAO.E;2026-04-30;0.33;0.72;-54.17;0;0;0;0;0;0;0;0;0;200;0;;;;;
2026-04-24;TM_O_THYAOE300426P305.00;THYAO_300426_AVRUPA_ESNEK OPS;D_EQ;SSO;D_EQ_EPP;DE_THYAO_EPP;THYAO.E;2026-04-30;0.45;0.92;-51.09;0;0;0;0;0;0;0;0;0;678;0;;;;;
2026-04-24;TM_O_THYAOE300426P308.00;THYAO_300426_AVRUPA_ESNEK OPS;D_EQ;SSO;D_EQ_EPP;DE_THYAO_EPP;THYAO.E;2026-04-30;0.71;1.32;-46.21;0;0;0;0;0;0;0;0;0;80;0;;;;;
2026-04-24;TM_O_THYAOE300426P330.05;THYAO_300426_AVRUPA_ESNEK OPS;D_EQ;SSO;D_EQ_EPP;DE_THYAO_EPP;THYAO.E;2026-04-30;7.71;9.18;-16.01;0;0;0;0;0;0;0;0;0;30;0;;;;;
2026-04-24;TM_O_TTKOME250526P68.01;TTKOM_250526_AVRUPA_ESNEK OPS;D_EQ;SSO;D_EQ_EPP;DE_TTKOM_EPP;TTKOM.E;2026-05-25;3.88;4.25;-8.71;0;0;0;0;0;0;0;0;0;89;0;;;;;
2026-04-24;TM_O_TTKOME250526P68.02;TTKOM_250526_AVRUPA_ESNEK OPS;D_EQ;SSO;D_EQ_EPP;DE_TTKOM_EPP;TTKOM.E;2026-05-25;3.88;4.26;-8.92;0;0;0;0;0;0;0;0;0;325;0;;;;;
2026-04-24;TM_O_TTKOME250526P68.03;TTKOM_250526_AVRUPA_ESNEK OPS;D_EQ;SSO;D_EQ_EPP;DE_TTKOM_EPP;TTKOM.E;2026-05-25;3.89;4.26;-8.69;0;0;0;0;0;0;0;0;0;139;0;;;;;
2026-04-24;TM_O_TTKOME300426C65.99;TTKOM_300426_AVRUPA_ESNEK OPS;D_EQ;SSO;D_EQ_ECP;DE_TTKOM_ECP;TTKOM.E;2026-04-30;0.76;0.8;-5;0;0;0;0;0;0;0;0;0;778;0;;;;;
2026-04-24;TM_O_TTKOME300426P58.01;TTKOM_300426_AVRUPA_ESNEK OPS;D_EQ;SSO;D_EQ_EPP;DE_TTKOM_EPP;TTKOM.E;2026-04-30;0.02;0.07;-71.43;0;0;0;0;0;0;0;0;0;343;0;;;;;
2026-04-24;TM_O_TTKOME300426P58.02;TTKOM_300426_AVRUPA_ESNEK OPS;D_EQ;SSO;D_EQ_EPP;DE_TTKOM_EPP;TTKOM.E;2026-04-30;0.02;0.07;-71.43;0;0;0;0;0;0;0;0;0;370;0;;;;;
2026-04-24;TM_O_TTKOME300426P58.03;TTKOM_300426_AVRUPA_ESNEK OPS;D_EQ;SSO;D_EQ_EPP;DE_TTKOM_EPP;TTKOM.E;2026-04-30;0.02;0.07;-71.43;0;0;0;0;0;0;0;0;0;980;0;;;;;
2026-04-24;TM_O_TTKOME300426P60.01;TTKOM_300426_AVRUPA_ESNEK OPS;D_EQ;SSO;D_EQ_EPP;DE_TTKOM_EPP;TTKOM.E;2026-04-30;0.1;0.24;-58.33;0;0;0;0;0;0;0;0;0;260;0;;;;;
2026-04-24;TM_O_TTKOME300426P62.01;TTKOM_300426_AVRUPA_ESNEK OPS;D_EQ;SSO;D_EQ_EPP;DE_TTKOM_EPP;TTKOM.E;2026-04-30;0.37;0.65;-43.08;0;0;0;0;0;0;0;0;0;403;0;;;;;
2026-04-24;TM_O_TTKOME300426P64.01;TTKOM_300426_AVRUPA_ESNEK OPS;D_EQ;SSO;D_EQ_EPP;DE_TTKOM_EPP;TTKOM.E;2026-04-30;1.01;1.42;-28.87;0;0;0;0;0;0;0;0;0;79;0;;;;;
2026-04-24;TM_O_TTKOME300426P64.02;TTKOM_300426_AVRUPA_ESNEK OPS;D_EQ;SSO;D_EQ_EPP;DE_TTKOM_EPP;TTKOM.E;2026-04-30;1.01;1.42;-28.87;0;0;0;0;0;0;0;0;0;119;0;;;;;
2026-04-24;TM_O_TTKOME300426P64.03;TTKOM_300426_AVRUPA_ESNEK OPS;D_EQ;SSO;D_EQ_EPP;DE_TTKOM_EPP;TTKOM.E;2026-04-30;1.02;1.43;-28.67;0;0;0;0;0;0;0;0;0;390;0;;;;;
2026-04-24;TM_O_TTKOME300426P64.04;TTKOM_300426_AVRUPA_ESNEK OPS;D_EQ;SSO;D_EQ_EPP;DE_TTKOM_EPP;TTKOM.E;2026-04-30;1.02;1.43;-28.67;0;0;0;0;0;0;0;0;0;385;0;;;;;
2026-04-24;TM_O_TTKOME300426P64.05;TTKOM_300426_AVRUPA_ESNEK OPS;D_EQ;SSO;D_EQ_EPP;DE_TTKOM_EPP;TTKOM.E;2026-04-30;1.03;1.44;-28.47;0;0;0;0;0;0;0;0;0;360;0;;;;;
2026-04-24;TM_O_TUPRSE080526P235.00;TUPRS_080526_AVRUPA_ESNEK OPS;D_EQ;SSO;D_EQ_EPP;DE_TUPRS_EPP;TUPRS.E;2026-05-08;0.36;0.84;-57.14;0;0;0;0;0;0;0;0;0;500;0;;;;;
2026-04-24;TM_O_TUPRSE080526P238.00;TUPRS_080526_AVRUPA_ESNEK OPS;D_EQ;SSO;D_EQ_EPP;DE_TUPRS_EPP;TUPRS.E;2026-05-08;0.51;1.14;-55.26;0;0;0;0;0;0;0;0;0;0;0;;;;;
2026-04-24;TM_O_TUPRSE240426C270.00;TUPRS_240426_AVRUPA_ESNEK OPS;D_EQ;SSO;D_EQ_ECP;DE_TUPRS_ECP;TUPRS.E;2026-04-24;0;1.16;0;0;0;0;0;0;0;0;0;0;1000;0;;;;;
2026-04-24;TM_O_TUPRSE300426C279.00;TUPRS_300426_AVRUPA_ESNEK OPS;D_EQ;SSO;D_EQ_ECP;DE_TUPRS_ECP;TUPRS.E;2026-04-30;2.85;2.22;28.38;0;0;0;0;0;0;0;0;0;800;0;;;;;
2026-04-24;TM_O_USDTRYKE010626C46500;USDTRY_010626_AVRUPA_ESNEK OPS;D_CR;CRO;D_CR_ECO;DE_USDTRYK_ECO;D_USDTRYK;2026-06-01;561;595.1;-5.73;0;0;0;0;0;0;0;0;0;10000;0;;;;;
2026-04-24;TM_O_USDTRYKE010626C51000;USDTRY_010626_AVRUPA_ESNEK OPS;D_CR;CRO;D_CR_ECO;DE_USDTRYK_ECO;D_USDTRYK;2026-06-01;204.7;223.3;-8.33;0;0;0;0;0;0;0;0;0;20000;0;;;;;
2026-04-24;TM_O_USDTRYKE010626C52000;USDTRY_010626_AVRUPA_ESNEK OPS;D_CR;CRO;D_CR_ECO;DE_USDTRYK_ECO;D_USDTRYK;2026-06-01;174.6;191.8;-8.97;0;0;0;0;0;0;0;0;0;50000;0;;;;;
2026-04-24;TM_O_USDTRYKE030626C52000;USDTRY_030626_AVRUPA_ESNEK OPS;D_CR;CRO;D_CR_ECO;DE_USDTRYK_ECO;D_USDTRYK;2026-06-03;193;211;-8.53;0;0;0;0;0;0;0;0;0;20000;0;;;;;
2026-04-24;TM_O_USDTRYKE040626C46500;USDTRY_040626_AVRUPA_ESNEK OPS;D_CR;CRO;D_CR_ECO;DE_USDTRYK_ECO;D_USDTRYK;2026-06-04;644.2;678.9;-5.11;0;0;0;0;0;0;0;0;0;5000;0;;;;;
2026-04-24;TM_O_USDTRYKE040626C47000;USDTRY_040626_AVRUPA_ESNEK OPS;D_CR;CRO;D_CR_ECO;DE_USDTRYK_ECO;D_USDTRYK;2026-06-04;497.7;516.2;-3.58;0;0;0;0;0;0;0;0;0;5000;0;;;;;
2026-04-24;TM_O_USDTRYKE040626C52000;USDTRY_040626_AVRUPA_ESNEK OPS;D_CR;CRO;D_CR_ECO;DE_USDTRYK_ECO;D_USDTRYK;2026-06-04;202.3;220.7;-8.34;0;0;0;0;0;0;0;0;0;0;0;;;;;
2026-04-24;TM_O_USDTRYKE090626C53000;USDTRY_090626_AVRUPA_ESNEK OPS;D_CR;CRO;D_CR_ECO;DE_USDTRYK_ECO;D_USDTRYK;2026-06-09;224.4;243.8;-7.96;0;0;0;0;0;0;0;0;0;0;0;;;;;
2026-04-24;TM_O_USDTRYKE110526C46000;USDTRY_110526_AVRUPA_ESNEK OPS;D_CR;CRO;D_CR_ECO;DE_USDTRYK_ECO;D_USDTRYK;2026-05-11;219.4;253.9;-13.59;0;0;0;0;0;0;0;0;0;0;0;;;;;
2026-04-24;TM_O_USDTRYKE110526P46000;USDTRY_110526_AVRUPA_ESNEK OPS;D_CR;CRO;D_CR_EPO;DE_USDTRYK_EPO;D_USDTRYK;2026-05-11;622.8;616.4;1.04;0;0;0;0;0;0;0;0;0;1000;0;;;;;
2026-04-24;TM_O_USDTRYKE140526C46400;USDTRY_140526_AVRUPA_ESNEK OPS;D_CR;CRO;D_CR_ECO;DE_USDTRYK_ECO;D_USDTRYK;2026-05-14;191.7;200.3;-4.29;0;0;0;0;0;0;0;0;0;5000;0;;;;;
2026-04-24;TM_O_USDTRYKE220526C46500;USDTRY_220526_AVRUPA_ESNEK OPS;D_CR;CRO;D_CR_ECO;DE_USDTRYK_ECO;D_USDTRYK;2026-05-22;317.6;357.2;-11.09;0;0;0;0;0;0;0;0;0;10000;0;;;;;
2026-04-24;TM_O_USDTRYKE220526C51000;USDTRY_220526_AVRUPA_ESNEK OPS;D_CR;CRO;D_CR_ECO;DE_USDTRYK_ECO;D_USDTRYK;2026-05-22;134.8;124.4;8.36;0;0;0;0;0;0;0;0;0;0;0;;;;;
2026-04-24;TM_O_USDTRYKE220526C52000;USDTRY_220526_AVRUPA_ESNEK OPS;D_CR;CRO;D_CR_ECO;DE_USDTRYK_ECO;D_USDTRYK;2026-05-22;126.9;102.6;23.68;0;0;0;0;0;0;0;0;0;0;0;;;;;
2026-04-24;TM_O_USDTRYKE240426C46400;USDTRY_240426_AVRUPA_ESNEK OPS;D_CR;CRO;D_CR_ECO;DE_USDTRYK_ECO;D_USDTRYK;2026-04-24;0;6.8;0;0;0;0;0;0;0;0;0;0;6000;0;;;;;
2026-04-24;TM_O_USDTRYKE250526C46500;USDTRY_05/2026_AVRUPA_OPSIYON;D_CR;CRO;D_CR_ECO;DE_USDTRYK_ECO;D_USDTRYK;2026-05-25;407.7;416.7;-2.16;0;0;0;0;0;0;0;0;0;12201;0;;;;;
2026-04-24;TM_O_USDTRYKE250526C51000;USDTRY_05/2026_AVRUPA_OPSIYON;D_CR;CRO;D_CR_ECO;DE_USDTRYK_ECO;D_USDTRYK;2026-05-25;136.7;152.7;-10.48;0;0;0;0;0;0;0;0;0;0;0;;;;;
2026-04-24;TM_O_USDTRYKE250526C52000;USDTRY_05/2026_AVRUPA_OPSIYON;D_CR;CRO;D_CR_ECO;DE_USDTRYK_ECO;D_USDTRYK;2026-05-25;113.3;127.9;-11.42;0;0;0;0;0;0;0;0;0;1;0;;;;;
2026-04-24;TM_O_USDTRYKE280426C52000;USDTRY_280426_AVRUPA_ESNEK OPS;D_CR;CRO;D_CR_ECO;DE_USDTRYK_ECO;D_USDTRYK;2026-04-28;0.1;0.1;0;0;0;0;0;0;0;0;0;0;5000;0;;;;;
2026-04-24;TM_O_USDTRYKE300426C46000;USDTRY_04/2026_AVRUPA_OPSIYON;D_CR;CRO;D_CR_ECO;DE_USDTRYK_ECO;D_USDTRYK;2026-04-30;36.7;36.4;0.82;38;37.9;43;37.9;38;9246000;7633;201;3;68747;0;;;;;
2026-04-24;TM_O_USDTRYKE300426C46200;USDTRY_300426_AVRUPA_ESNEK OPS;D_CR;CRO;D_CR_ECO;DE_USDTRYK_ECO;D_USDTRYK;2026-04-30;30.1;34.8;-13.51;0;0;0;0;0;0;0;0;0;1000;0;;;;;
2026-04-24;TM_O_USDTRYKE300426C46400;USDTRY_300426_AVRUPA_ESNEK OPS;D_CR;CRO;D_CR_ECO;DE_USDTRYK_ECO;D_USDTRYK;2026-04-30;25.6;25.8;-0.78;0;0;0;0;0;0;0;0;0;25000;0;;;;;
2026-04-24;TM_O_USDTRYKE300426C46500;USDTRY_04/2026_AVRUPA_OPSIYON;D_CR;CRO;D_CR_ECO;DE_USDTRYK_ECO;D_USDTRYK;2026-04-30;23.8;22.4;6.25;0;0;0;0;0;0;0;0;0;87881;0;;;;;
2026-04-24;TM_O_USDTRYKE300426C47000;USDTRY_04/2026_AVRUPA_OPSIYON;D_CR;CRO;D_CR_ECO;DE_USDTRYK_ECO;D_USDTRYK;2026-04-30;12.8;11.8;8.47;0;0;0;0;0;0;0;0;0;30884;0;;;;;
2026-04-24;TM_O_USDTRYKE300426C47050;USDTRY_300426_AVRUPA_ESNEK OPS;D_CR;CRO;D_CR_ECO;DE_USDTRYK_ECO;D_USDTRYK;2026-04-30;11.3;11.2;0.89;0;0;0;0;0;0;0;0;0;0;0;;;;;
2026-04-24;TM_O_USDTRYKE300426C48000;USDTRY_04/2026_AVRUPA_OPSIYON;D_CR;CRO;D_CR_ECO;DE_USDTRYK_ECO;D_USDTRYK;2026-04-30;0.8;4.5;-82.22;0;0;0;0;0;0;0;0;0;1750;0;;;;;
2026-04-24;TM_O_USDTRYKE300426C52000;USDTRY_300426_AVRUPA_ESNEK OPS;D_CR;CRO;D_CR_ECO;DE_USDTRYK_ECO;D_USDTRYK;2026-04-30;0.1;0.1;0;0;0;0;0;0;0;0;0;0;10000;0;;;;;
2026-04-24;TM_O_USDTRYKE300426P44800;USDTRY_300426_AVRUPA_ESNEK OPS;D_CR;CRO;D_CR_EPO;DE_USDTRYK_EPO;D_USDTRYK;2026-04-30;98.6;117.1;-15.8;0;0;0;0;0;0;0;0;0;100000;0;;;;;
2026-04-24;TM_O_USDTRYKE300426P46200;USDTRY_300426_AVRUPA_ESNEK OPS;D_CR;CRO;D_CR_EPO;DE_USDTRYK_EPO;D_USDTRYK;2026-04-30;1085.2;1047.8;3.57;0;0;0;0;0;0;0;0;0;0;0;;;;;
2026-04-24;TM_O_USDTRYKE300426P47000;USDTRY_04/2026_AVRUPA_OPSIYON;D_CR;CRO;D_CR_EPO;DE_USDTRYK_EPO;D_USDTRYK;2026-04-30;1863.5;1819.1;2.44;0;0;0;0;0;0;0;0;0;275;0;;;;;
2026-04-24;TM_O_USDTRYKE300426P47050;USDTRY_300426_AVRUPA_ESNEK OPS;D_CR;CRO;D_CR_EPO;DE_USDTRYK_EPO;D_USDTRYK;2026-04-30;1911.8;1868.1;2.34;0;0;0;0;0;0;0;0;0;275;0;;;;;
2026-04-24;TM_O_USDTRYKE300626C47500;USDTRY_06/2026_AVRUPA_OPSIYON;D_CR;CRO;D_CR_ECO;DE_USDTRYK_ECO;D_USDTRYK;2026-06-30;899.2;969.5;-7.25;0;0;0;0;0;0;0;0;0;30000;0;;;;;
2026-04-24;TM_O_USDTRYKE300626C54000;USDTRY_06/2026_AVRUPA_OPSIYON;D_CR;CRO;D_CR_ECO;DE_USDTRYK_ECO;D_USDTRYK;2026-06-30;376.5;407;-7.49;0;0;0;0;0;0;0;0;0;0;0;;;;;
2026-04-24;TM_O_USDTRYKE300626C55000;USDTRY_06/2026_AVRUPA_OPSIYON;D_CR;CRO;D_CR_ECO;DE_USDTRYK_ECO;D_USDTRYK;2026-06-30;335.9;363.5;-7.59;0;0;0;0;0;0;0;0;0;0;0;;;;;
2026-04-24;TM_O_USDTRYKE300626C56000;USDTRY_06/2026_AVRUPA_OPSIYON;D_CR;CRO;D_CR_ECO;DE_USDTRYK_ECO;D_USDTRYK;2026-06-30;304.7;329.8;-7.61;0;0;0;0;0;0;0;0;0;0;0;;;;;
2026-04-24;TM_O_USDTRYKE300626C57000;USDTRY_300626_AVRUPA_ESNEK OPS;D_CR;CRO;D_CR_ECO;DE_USDTRYK_ECO;D_USDTRYK;2026-06-30;280.3;303.4;-7.61;0;0;0;0;0;0;0;0;0;0;0;;;;;
2026-04-24;TM_O_USDTRYKE310726C48000;USDTRY_310726_AVRUPA_ESNEK OPS;D_CR;CRO;D_CR_ECO;DE_USDTRYK_ECO;D_USDTRYK;2026-07-31;1640.6;1689;-2.87;0;0;0;0;0;0;0;0;0;10000;0;;;;;
2026-04-24;TM_O_XU030E300426C15249.00;XU030_300426_AVRUPA_ESNEK OPS;D_IX;INO;D_IX_ECO;DE_BIST30_ECO;D_XU030D;2026-04-30;1316.87;1301.29;1.2;0;0;0;0;0;0;0;0;0;0;0;;;;;
2026-04-24;TM_O_YKBNKE250526C42.00;YKBNK_05/2026_AVRUPA_OPSIYON;D_EQ;SSO;D_EQ_ECP;DE_YKBNK_ECP;YKBNK.E;2026-05-25;0.64;0.82;-21.95;0;0;0;0;0;0;0;0;0;0;0;;;;;
2026-04-24;TM_O_YKBNKE250526P39.50;YKBNK_250526_AVRUPA_ESNEK OPS;D_EQ;SSO;D_EQ_EPP;DE_YKBNK_EPP;YKBNK.E;2026-05-25;2.02;1.9;6.32;0;0;0;0;0;0;0;0;0;250;0;;;;;
2026-04-24;TM_O_YKBNKE300426P35.01;YKBNK_300426_AVRUPA_ESNEK OPS;D_EQ;SSO;D_EQ_EPP;DE_YKBNK_EPP;YKBNK.E;2026-04-30;0.04;0.06;-33.33;0;0;0;0;0;0;0;0;0;3800;0;;;;;
2026-04-24;TM_O_YKBNKE300426P38.01;YKBNK_300426_AVRUPA_ESNEK OPS;D_EQ;SSO;D_EQ_EPP;DE_YKBNK_EPP;YKBNK.E;2026-04-30;0.81;0.76;6.58;0;0;0;0;0;0;0;0;0;3497;0;;;;;
2026-04-24;TM_O_YKBNKE300426P38.02;YKBNK_300426_AVRUPA_ESNEK OPS;D_EQ;SSO;D_EQ_EPP;DE_YKBNK_EPP;YKBNK.E;2026-04-30;0.82;0.76;7.89;0;0;0;0;0;0;0;0;0;1350;0;;;;;
2026-04-24;TM_O_YKBNKE300626C43.00;YKBNK_06/2026_AVRUPA_OPSIYON;D_EQ;SSO;D_EQ_ECP;DE_YKBNK_ECP;YKBNK.E;2026-06-30;1.71;1.95;-12.31;0;0;0;0;0;0;0;0;0;187000;0;;;;;
