TARIH;SOZLESME KODU;SOZLESME ADI;PAZAR;PAZAR SEGMENTI;SOZLESME TIPI;SOZLESME SINIFI;DAYANAK VARLIK;VADE TARIHI;UZLASMA FIYATI;ONCEKI UZLASMA FIYATI;UZLASMA FIYATI DEGISIMI (%);ACILIS FIYATI;EN DUSUK FIYAT;EN YUKSEK FIYAT;KAPANIS FIYATI; AGIRLIKLI ORTALAMA FIYAT;ISLEM HACMI;PRIM HACMI;ISLEM MIKTARI;ISLEM SAYISI;ACIK POZISYON;ACIK POZISYON DEGISIMI;ACILIS SEANSI FIYATI;ACILIS SEANSI ISLEM HACMI;ACILIS SEANSI PRIM HACMI;ACILIS SEANSI ISLEM MIKTARI;ACILIS SEANSI ISLEM SAYISI
TRADE DATE;INSTRUMENT SERIES;INSTRUMENT NAME;MARKET;MARKET SEGMENT;INSTRUMENT TYPE;INSTRUMENT CLASS;UNDERLYING;EXPIRATION DATE;SETTLEMENT PRICE;PREVIOUS SETTLEMENT PRICE;CHANGE OF SETTLEMENT PRICE (%);OPENING PRICE;LOWEST PRICE;HIGHEST PRICE;CLOSING PRICE;VWAP;TRADED VALUE;PREMIUM VALUE;TRADE VOLUME;TRADE COUNT;OPEN POSITION;OPEN POSITION CHANGE;OPENING SESSION PRICE;TRADED VALUE AT OPENING SESSION;PREMIUM VALUE AT OPENING SESSION;TRADED VOLUME AT OPENING SESSION;TRADE COUNT AT OPENING SESSION
2026-04-22;F_AEFES0426;AEFES_04/2026_VIS;D_EQ;SSF;D_EQ_FPD;DE_AEFES_FPD;AEFES.E;2026-04-30;19.4;19.55;-0.77;19.68;19.22;20.02;19.4;19.57;457317731;0;233675;14869;241635;-17660;19.68;59040;0;30;8
2026-04-22;F_AEFES0526;AEFES_05/2026_VIS;D_EQ;SSF;D_EQ_FPD;DE_AEFES_FPD;AEFES.E;2026-05-25;19.73;19.88;-0.75;19.97;19.57;20.32;19.73;19.95;73791739;0;36997;1848;60763;-2539;;;;;
2026-04-22;F_AEFES0626;AEFES_06/2026_VIS;D_EQ;SSF;D_EQ_FPD;DE_AEFES_FPD;AEFES.E;2026-06-30;20.27;20.43;-0.78;20.43;20.13;20.71;20.28;20.39;2179724;0;1069;182;3960;-124;;;;;
2026-04-22;F_AKBNK0426;AKBNK_04/2026_VIS;D_EQ;SSF;D_EQ_FPD;DE_AKBNK_FPD;AKBNK.E;2026-04-30;79.95;81.86;-2.33;82.3;79.38;82.73;80;81.01;3992708218;0;492767;45341;696836;3731;82.3;1752990;0;213;18
2026-04-22;F_AKBNK0526;AKBNK_05/2026_VIS;D_EQ;SSF;D_EQ_FPD;DE_AKBNK_FPD;AKBNK.E;2026-05-25;82.09;84;-2.27;84.25;81.51;84.83;82.12;82.82;423958478;0;51196;5445;91880;22376;84.25;16850;0;2;1
2026-04-22;F_AKBNK0626;AKBNK_06/2026_VIS;D_EQ;SSF;D_EQ_FPD;DE_AKBNK_FPD;AKBNK.E;2026-06-30;83.82;86.25;-2.82;88.94;83.76;88.94;84.12;85.26;2591898;0;304;165;725;83;88.94;8894;0;1;1
2026-04-22;F_AKSEN0426;AKSEN_04/2026_VIS;D_EQ;SSF;D_EQ_FPD;DE_AKSEN_FPD;AKSEN.E;2026-04-30;79.73;80.99;-1.56;81.37;79.27;81.82;79.56;80.52;229942714;0;28557;7532;73045;-3220;;;;;
2026-04-22;F_AKSEN0526;AKSEN_05/2026_VIS;D_EQ;SSF;D_EQ_FPD;DE_AKSEN_FPD;AKSEN.E;2026-05-25;81.78;83.11;-1.6;83.45;81.45;83.95;81.78;83.02;83530679;0;10062;2171;14711;6511;;;;;
2026-04-22;F_AKSEN0626;AKSEN_06/2026_VIS;D_EQ;SSF;D_EQ_FPD;DE_AKSEN_FPD;AKSEN.E;2026-06-30;84.21;85.59;-1.61;85.59;83.6;85.79;84.25;84.58;1234890;0;146;38;1366;120;;;;;
2026-04-22;F_ALARK0426;ALARK_04/2026_VIS;D_EQ;SSF;D_EQ_FPD;DE_ALARK_FPD;ALARK.E;2026-04-30;92.86;95.01;-2.26;95.2;92.4;96.03;92.75;93.72;144917911;0;15463;4564;85951;485;95.2;47600;0;5;2
2026-04-22;F_ALARK0526;ALARK_05/2026_VIS;D_EQ;SSF;D_EQ_FPD;DE_ALARK_FPD;ALARK.E;2026-05-25;92.25;94.41;-2.29;95.3;91.93;95.39;92.32;93.47;31687357;0;3390;863;7448;1893;;;;;
2026-04-22;F_ALARK0626;ALARK_06/2026_VIS;D_EQ;SSF;D_EQ_FPD;DE_ALARK_FPD;ALARK.E;2026-06-30;95.84;97.16;-1.36;96.41;94.75;97.53;94.75;96.13;307613;0;32;20;421;20;;;;;
2026-04-22;F_ARCLK0426;ARCLK_04/2026_VIS;D_EQ;SSF;D_EQ_FPD;DE_ARCLK_FPD;ARCLK.E;2026-04-30;115.15;117.85;-2.29;118.3;114.75;118.45;114.75;116.17;111347080;0;9585;3091;33760;-1617;;;;;
2026-04-22;F_ARCLK0526;ARCLK_05/2026_VIS;D_EQ;SSF;D_EQ_FPD;DE_ARCLK_FPD;ARCLK.E;2026-05-25;117.75;120;-1.88;120.6;117.15;120.6;117.65;118.29;8244555;0;697;280;3142;321;;;;;
2026-04-22;F_ARCLK0626;ARCLK_06/2026_VIS;D_EQ;SSF;D_EQ_FPD;DE_ARCLK_FPD;ARCLK.E;2026-06-30;121;123.55;-2.06;124.5;118.3;124.5;121.7;121.43;2452885;0;202;75;466;140;;;;;
2026-04-22;F_ASELS0426;ASELS_04/2026_VIS;D_EQ;SSF;D_EQ_FPD;DE_ASELS_FPD;ASELS.E;2026-04-30;400.35;401.3;-0.24;401.5;394.35;409.65;401.6;402.5;3133032065;0;77840;23237;138566;-2069;401.5;40150;0;1;1
2026-04-22;F_ASELS0526;ASELS_05/2026_VIS;D_EQ;SSF;D_EQ_FPD;DE_ASELS_FPD;ASELS.E;2026-05-25;409.8;411.2;-0.34;411.3;404;418.75;410.75;411.31;432201180;0;10508;2579;17022;3143;;;;;
2026-04-22;F_ASELS0626;ASELS_06/2026_VIS;D_EQ;SSF;D_EQ_FPD;DE_ASELS_FPD;ASELS.E;2026-06-30;419.05;424.75;-1.34;433;414.25;433;420.3;422.2;8444030;0;200;167;892;-7;;;;;
2026-04-22;F_ASTOR0426;ASTOR_04/2026_VIS;D_EQ;SSF;D_EQ_FPD;DE_ASTOR_FPD;ASTOR.E;2026-04-30;209.8;217.55;-3.56;218;207.2;219.3;209.65;212.12;2305264670;0;108679;24467;58840;-10299;218;392400;0;18;6
2026-04-22;F_ASTOR0526;ASTOR_05/2026_VIS;D_EQ;SSF;D_EQ_FPD;DE_ASTOR_FPD;ASTOR.E;2026-05-25;214.45;222.2;-3.49;223.75;211.85;224;215.25;217.09;156871015;0;7226;1734;14361;859;;;;;
2026-04-22;F_ASTOR0626;ASTOR_06/2026_VIS;D_EQ;SSF;D_EQ_FPD;DE_ASTOR_FPD;ASTOR.E;2026-06-30;219.9;228.1;-3.59;229.25;218.85;229.25;220.25;222.17;3954625;0;178;94;614;45;;;;;
2026-04-22;F_BIMAS0426;BIMAS_04/2026_VIS;D_EQ;SSF;D_EQ_FPD;DE_BIMAS_FPD;BIMAS.E;2026-04-30;768.9;761.2;1.01;764.9;757.7;776.1;769.5;765.94;1150036270;0;15016;7149;33500;722;764.9;152980;0;2;2
2026-04-22;F_BIMAS0526;BIMAS_05/2026_VIS;D_EQ;SSF;D_EQ_FPD;DE_BIMAS_FPD;BIMAS.E;2026-05-25;788.6;780.8;1;777;775.3;794.5;787.4;782.96;156278500;0;1996;927;1709;604;777;1165500;0;15;8
2026-04-22;F_BIMAS0626;BIMAS_06/2026_VIS;D_EQ;SSF;D_EQ_FPD;DE_BIMAS_FPD;BIMAS.E;2026-06-30;798.2;797.9;0.04;794.1;794;806;806;798.19;638550;0;8;7;61;5;;;;;
2026-04-22;F_BRSAN0426;BRSAN_04/2026_VIS;D_EQ;SSF;D_EQ_FPD;DE_BRSAN_FPD;BRSAN.E;2026-04-30;561.4;561.6;-0.04;558;550;567.9;563.3;559.1;207091460;0;3704;2372;4460;42;;;;;
2026-04-22;F_BRSAN0526;BRSAN_05/2026_VIS;D_EQ;SSF;D_EQ_FPD;DE_BRSAN_FPD;BRSAN.E;2026-05-25;576.1;577.6;-0.26;577;565.8;580.8;575.8;574.43;18956140;0;330;213;1058;102;;;;;
2026-04-22;F_BRSAN0626;BRSAN_06/2026_VIS;D_EQ;SSF;D_EQ_FPD;DE_BRSAN_FPD;BRSAN.E;2026-06-30;591.3;597;-0.95;599.5;583.8;599.5;592.5;592.18;1362020;0;23;21;114;9;;;;;
2026-04-22;F_CIMSA0426;CIMSA_04/2026_VIS;D_EQ;SSF;D_EQ_FPD;DE_CIMSA_FPD;CIMSA.E;2026-04-30;56.64;55.5;2.05;55.9;55.47;58.65;56.42;56.81;441006988;0;77622;11802;73225;272;55.9;16770;0;3;1
2026-04-22;F_CIMSA0526;CIMSA_05/2026_VIS;D_EQ;SSF;D_EQ_FPD;DE_CIMSA_FPD;CIMSA.E;2026-05-25;58.19;57;2.09;57.11;57.02;60.16;58.26;58.36;61350826;0;10513;1866;11816;5956;;;;;
2026-04-22;F_CIMSA0626;CIMSA_06/2026_VIS;D_EQ;SSF;D_EQ_FPD;DE_CIMSA_FPD;CIMSA.E;2026-06-30;59.66;58.41;2.14;60.83;58.78;61.4;59.73;60.36;265568;0;44;19;380;37;;;;;
2026-04-22;F_CNHTRY0426;CNHTRY_04/2026_VIS;D_CR;CRF;D_CR_FUT;DE_CNHTRY_FUT;D_CNHTRY;2026-04-30;6.6375;6.6375;0;0;0;0;0;0;0;0;0;0;206;0;;;;;
2026-04-22;F_CNHTRY0526;CNHTRY_05/2026_VIS;D_CR;CRF;D_CR_FUT;DE_CNHTRY_FUT;D_CNHTRY;2026-05-25;6.8397;6.8397;0;0;0;0;0;0;0;0;0;0;244;0;;;;;
2026-04-22;F_CNHTRY0626;CNHTRY_06/2026_VIS;D_CR;CRF;D_CR_FUT;DE_CNHTRY_FUT;D_CNHTRY;2026-06-30;7.0086;7.0086;0;0;0;0;0;0;0;0;0;0;9;0;;;;;
2026-04-22;F_CNHTRY1226;CNHTRY_12/2026_VIS;D_CR;CRF;D_CR_FUT;DE_CNHTRY_FUT;D_CNHTRY;2026-12-31;8.2999;8.2999;0;0;0;0;0;0;0;0;0;0;8;0;;;;;
2026-04-22;F_DOAS0426;DOAS_04/2026_VIS;D_EQ;SSF;D_EQ_FPD;DE_DOAS_FPD;DOAS.E;2026-04-30;183.1;183.85;-0.41;184.6;180.4;185.4;182.4;182.57;46408215;0;2542;1404;4333;194;;;;;
2026-04-22;F_DOAS0526;DOAS_05/2026_VIS;D_EQ;SSF;D_EQ_FPD;DE_DOAS_FPD;DOAS.E;2026-05-25;186.15;186.75;-0.32;188.75;184.05;189.35;185.55;186.06;9637770;0;518;230;1158;208;;;;;
2026-04-22;F_DOAS0626;DOAS_06/2026_VIS;D_EQ;SSF;D_EQ_FPD;DE_DOAS_FPD;DOAS.E;2026-06-30;191.5;190.95;0.29;195.95;190.8;195.95;190.95;191.8;575385;0;30;27;140;4;;;;;
2026-04-22;F_DOHOL0426;DOHOL_04/2026_VIS;D_EQ;SSF;D_EQ_FPD;DE_DOHOL_FPD;DOHOL.E;2026-04-30;21.28;21.37;-0.42;21.46;21.11;21.69;21.3;21.41;204998629;0;95759;7224;237518;-13805;21.46;27898;0;13;4
2026-04-22;F_DOHOL0526;DOHOL_05/2026_VIS;D_EQ;SSF;D_EQ_FPD;DE_DOHOL_FPD;DOHOL.E;2026-05-25;21.85;21.9;-0.23;21.98;21.7;22.23;21.86;22.01;85657876;0;38913;2054;46385;28486;;;;;
2026-04-22;F_DOHOL0626;DOHOL_06/2026_VIS;D_EQ;SSF;D_EQ_FPD;DE_DOHOL_FPD;DOHOL.E;2026-06-30;22.38;22.56;-0.8;22.61;22.3;22.75;22.35;22.55;387917;0;172;41;630;11;;;;;
2026-04-22;F_EKGYO0426;EKGYO_04/2026_VIS;D_EQ;SSF;D_EQ_FPD;DE_EKGYO_FPD;EKGYO.E;2026-04-30;21.28;21.31;-0.14;21.53;21.03;21.62;21.3;21.29;769883456;0;361686;17670;509043;-29504;21.53;49519;0;23;13
2026-04-22;F_EKGYO0526;EKGYO_05/2026_VIS;D_EQ;SSF;D_EQ_FPD;DE_EKGYO_FPD;EKGYO.E;2026-05-25;21.79;21.83;-0.18;21.86;21.55;22.08;21.82;21.76;100193171;0;46050;1627;107265;17625;;;;;
2026-04-22;F_EKGYO0626;EKGYO_06/2026_VIS;D_EQ;SSF;D_EQ_FPD;DE_EKGYO_FPD;EKGYO.E;2026-06-30;21.77;21.92;-0.68;22.05;21.56;22.14;21.83;21.87;1500358;0;686;110;3295;541;;;;;
2026-04-22;F_ELCBAS0426;BY ELEKTRIK_04/2026_VIS;D_EL;ENF;D_EL_FUT;DE_ELCBAS04B_FUT;D_ELCBAS04;2026-04-30;2940;2940;0;0;0;0;0;0;0;0;0;0;20;0;;;;;
2026-04-22;F_ELCBAS0526;BY ELEKTRIK_05/2026_VIS;D_EL;ENF;D_EL_FUT;DE_ELCBAS05B_FUT;D_ELCBAS05;2026-06-01;2950;2950;0;0;0;0;0;0;0;0;0;0;20;0;;;;;
2026-04-22;F_ELCBAS0626;BY ELEKTRIK_06/2026_VIS;D_EL;ENF;D_EL_FUT;DE_ELCBAS06B_FUT;D_ELCBAS06;2026-06-30;2960;2960;0;0;0;0;0;0;0;0;0;0;20;0;;;;;
2026-04-22;F_ELCBAS0726;BY ELEKTRIK_07/2026_VIS;D_EL;ENF;D_EL_FUT;DE_ELCBAS07B_FUT;D_ELCBAS07;2026-07-31;2951.9;2951.9;0;0;0;0;0;0;0;0;0;0;0;0;;;;;
2026-04-22;F_ELCBAS0826;BY ELEKTRIK_08/2026_VIS;D_EL;ENF;D_EL_FUT;DE_ELCBAS08B_FUT;D_ELCBAS08;2026-08-31;2862.8;2862.8;0;0;0;0;0;0;0;0;0;0;0;0;;;;;
2026-04-22;F_ELCBAS0926;BY ELEKTRIK_09/2026_VIS;D_EL;ENF;D_EL_FUT;DE_ELCBAS09B_FUT;D_ELCBAS09;2026-09-30;2041.1;2041.1;0;0;0;0;0;0;0;0;0;0;0;0;;;;;
2026-04-22;F_ELCBAS1026;BY ELEKTRIK_10/2026_VIS;D_EL;ENF;D_EL_FUT;DE_ELCBAS10B_FUT;D_ELCBAS10;2026-11-02;1599.4;1599.4;0;0;0;0;0;0;0;0;0;0;0;0;;;;;
2026-04-22;F_ELCBASQ127;BY ELEKTRIK_Q1/2026_CASC VIS;D_EL;ENF;D_EL_FUT;DE_ELCBASQ1B_FUT;D_ELCBASQ1;2026-12-30;2443.2;2443.2;0;0;0;0;0;0;0;0;0;0;0;0;;;;;
2026-04-22;F_ELCBASQ128;BY ELEKTRIK_Q1/2027_CASC VIS;D_EL;ENF;D_EL_FUT;DE_ELCBASQ1B_FUT;D_ELCBASQ1;2027-12-30;2951.9;2951.9;0;0;0;0;0;0;0;0;0;0;0;0;;;;;
2026-04-22;F_ELCBASQ227;BY ELEKTRIK_Q2/2027_CASC VIS;D_EL;ENF;D_EL_FUT;DE_ELCBASQ2B_FUT;D_ELCBASQ2;2027-03-30;2443.2;2443.2;0;0;0;0;0;0;0;0;0;0;0;0;;;;;
2026-04-22;F_ELCBASQ228;BY ELEKTRIK_Q2/2028_CASC VIS;D_EL;ENF;D_EL_FUT;DE_ELCBASQ2B_FUT;D_ELCBASQ2;2028-03-30;2951.9;2951.9;0;0;0;0;0;0;0;0;0;0;0;0;;;;;
2026-04-22;F_ELCBASQ326;BY ELEKTRIK_Q3/2026_CASC VIS;D_EL;ENF;D_EL_FUT;DE_ELCBASQ3B_FUT;D_ELCBASQ3;2026-06-29;3350;3350;0;0;0;0;0;0;0;0;0;0;20;0;;;;;
2026-04-22;F_ELCBASQ327;BY ELEKTRIK_Q3/2027_CASC VIS;D_EL;ENF;D_EL_FUT;DE_ELCBASQ3B_FUT;D_ELCBASQ3;2027-06-29;2443.2;2443.2;0;0;0;0;0;0;0;0;0;0;0;0;;;;;
2026-04-22;F_ELCBASQ328;BY ELEKTRIK_Q3/2028_CASC VIS;D_EL;ENF;D_EL_FUT;DE_ELCBASQ3B_FUT;D_ELCBASQ3;2028-06-29;2951.9;2951.9;0;0;0;0;0;0;0;0;0;0;0;0;;;;;
2026-04-22;F_ELCBASQ426;BY ELEKTRIK_Q4/2026_CASC VIS;D_EL;ENF;D_EL_FUT;DE_ELCBASQ4B_FUT;D_ELCBASQ4;2026-09-29;3320;3320;0;0;0;0;0;0;0;0;0;0;20;0;;;;;
2026-04-22;F_ELCBASQ427;BY ELEKTRIK_Q4/2027_CASC VIS;D_EL;ENF;D_EL_FUT;DE_ELCBASQ4B_FUT;D_ELCBASQ4;2027-09-29;2443.2;2443.2;0;0;0;0;0;0;0;0;0;0;0;0;;;;;
2026-04-22;F_ELCBASQ428;BY ELEKTRIK_Q4/2028_CASC VIS;D_EL;ENF;D_EL_FUT;DE_ELCBASQ4B_FUT;D_ELCBASQ4;2028-09-29;2951.9;2951.9;0;0;0;0;0;0;0;0;0;0;0;0;;;;;
2026-04-22;F_ELCBASY27;BY ELEKTRIK_2026_CASC VIS;D_EL;ENF;D_EL_FUT;DE_ELCBASYB_FUT;D_ELCBASY;2026-12-28;2443.2;2443.2;0;0;0;0;0;0;0;0;0;0;0;0;;;;;
2026-04-22;F_ELCBASY28;BY ELEKTRIK_2027_CASC VIS;D_EL;ENF;D_EL_FUT;DE_ELCBASYB_FUT;D_ELCBASY;2027-12-28;2951.9;2951.9;0;0;0;0;0;0;0;0;0;0;0;0;;;;;
2026-04-22;F_ENJSA0426;ENJSA_04/2026_VIS;D_EQ;SSF;D_EQ_FPD;DE_ENJSA_FPD;ENJSA.E;2026-04-30;117.85;115.55;1.99;115.5;115.5;118.4;117.65;117.19;102954605;0;8785;3417;35396;-1231;;;;;
2026-04-22;F_ENJSA0526;ENJSA_05/2026_VIS;D_EQ;SSF;D_EQ_FPD;DE_ENJSA_FPD;ENJSA.E;2026-05-25;120.15;117.7;2.08;118.5;118.05;120.4;120.15;119.64;22265680;0;1861;477;10069;575;;;;;
2026-04-22;F_ENJSA0626;ENJSA_06/2026_VIS;D_EQ;SSF;D_EQ_FPD;DE_ENJSA_FPD;ENJSA.E;2026-06-30;123.3;121.2;1.73;123;122;123.75;122;123.31;123305;0;10;10;156;9;;;;;
2026-04-22;F_ENKAI0426;ENKAI_04/2026_VIS;D_EQ;SSF;D_EQ_FPD;DE_ENKAI_FPD;ENKAI.E;2026-04-30;107.7;106.15;1.46;107.1;105.1;108.25;108;107.23;347264295;0;32386;7589;45684;-981;107.1;160650;0;15;4
2026-04-22;F_ENKAI0526;ENKAI_05/2026_VIS;D_EQ;SSF;D_EQ_FPD;DE_ENKAI_FPD;ENKAI.E;2026-05-25;109.8;108.3;1.39;109.25;107.8;110.3;110;109.46;27321040;0;2496;552;6877;746;109.25;120175;0;11;4
2026-04-22;F_ENKAI0626;ENKAI_06/2026_VIS;D_EQ;SSF;D_EQ_FPD;DE_ENKAI_FPD;ENKAI.E;2026-06-30;112.2;111.7;0.45;119;111.5;119;112.65;112.2;471260;0;42;31;250;-10;;;;;
2026-04-22;F_EREGL0426;EREGL_04/2026_VIS;D_EQ;SSF;D_EQ_FPD;DE_EREGL_FPD;EREGL.E;2026-04-30;32.8;34.08;-3.76;34.08;32.28;34.3;32.82;33.09;2156139998;0;651579;34899;677073;-14506;34.08;34080;0;10;3
2026-04-22;F_EREGL0526;EREGL_05/2026_VIS;D_EQ;SSF;D_EQ_FPD;DE_EREGL_FPD;EREGL.E;2026-05-25;33.59;34.9;-3.75;34.83;33.07;35.09;33.54;33.9;216678894;0;64015;4995;89845;28596;34.83;20898;0;6;3
2026-04-22;F_EREGL0626;EREGL_06/2026_VIS;D_EQ;SSF;D_EQ_FPD;DE_EREGL_FPD;EREGL.E;2026-06-30;34.42;35.88;-4.07;36.47;34.05;36.47;34.5;34.89;4560378;0;1307;164;2619;655;;;;;
2026-04-22;F_EURTRY0426;EURTRY_04/2026_VIS;D_CR;CRF;D_CR_FUT;DE_EURTRY_FUT;D_EURTRY;2026-04-30;53.014;53.2;-0.35;53.058;53;53.2;53.1;53.0153;12511613;0;236;36;3565;-3;;;;;
2026-04-22;F_EURTRY0526;EURTRY_05/2026_VIS;D_CR;CRF;D_CR_FUT;DE_EURTRY_FUT;D_EURTRY;2026-05-25;54.323;54.656;-0.61;54.597;54.323;54.597;54.323;54.3761;12560883;0;231;40;788;170;;;;;
2026-04-22;F_EURTRY0626;EURTRY_06/2026_VIS;D_CR;CRF;D_CR_FUT;DE_EURTRY_FUT;D_EURTRY;2026-06-30;56.21;56.708;-0.88;56.679;56.101;56.679;56.25;56.2098;786937;0;14;8;154;-1;;;;;
2026-04-22;F_EURTRY1226;EURTRY_12/2026_VIS;D_CR;CRF;D_CR_FUT;DE_EURTRY_FUT;D_EURTRY;2026-12-31;66.544;66.55;-0.01;66.55;66.401;66.9;66.401;66.5798;5925604;0;89;27;869;13;;;;;
2026-04-22;F_EURUSD0426;EURUSD_04/2026_VIS;D_CR;CRFU;D_CR_FUT;DE_EURUSD_FUT;D_EURUSD;2026-04-30;1.1726;1.1764;-0.32;1.1762;1.1722;1.1767;1.173;1.1736;108697374.15138;0;2067;185;15678;-575;;;;;
2026-04-22;F_EURUSD0526;EURUSD_05/2026_VIS;D_CR;CRFU;D_CR_FUT;DE_EURUSD_FUT;D_EURUSD;2026-05-25;1.175;1.178;-0.25;1.1776;1.1745;1.1781;1.1749;1.1758;32456183.96151;0;616;61;4680;374;;;;;
2026-04-22;F_EURUSD0626;EURUSD_06/2026_VIS;D_CR;CRFU;D_CR_FUT;DE_EURUSD_FUT;D_EURUSD;2026-06-30;1.1777;1.1808;-0.26;1.1809;1.1773;1.1809;1.1773;1.1782;7972160.40999;0;151;18;2018;126;;;;;
2026-04-22;F_EURUSD1226;EURUSD_12/2026_VIS;D_CR;CRFU;D_CR_FUT;DE_EURUSD_FUT;D_EURUSD;2026-12-31;1.19;1.1908;-0.07;1.19;1.19;1.19;1.19;1.19;8265222.945;0;155;3;2310;-29;;;;;
2026-04-22;F_FROTO0426;FROTO_04/2026_VIS;D_EQ;SSF;D_EQ_FPD;DE_FROTO_FPD;FROTO.E;2026-04-30;103.2;104.6;-1.34;105.35;101.6;105.5;103.3;102.98;445739265;0;43283;12610;67402;-893;105.35;105350;0;10;1
2026-04-22;F_FROTO0526;FROTO_05/2026_VIS;D_EQ;SSF;D_EQ_FPD;DE_FROTO_FPD;FROTO.E;2026-05-25;105.95;107.45;-1.4;109;104.35;109.4;106.1;105.83;175288205;0;16498;3776;20172;7627;109;10900;0;1;1
2026-04-22;F_FROTO0626;FROTO_06/2026_VIS;D_EQ;SSF;D_EQ_FPD;DE_FROTO_FPD;FROTO.E;2026-06-30;107.55;110.75;-2.89;114;107.45;114;107.7;109.34;2164895;0;198;74;735;172;;;;;
2026-04-22;F_GARAN0426;GARAN_04/2026_VIS;D_EQ;SSF;D_EQ_FPD;DE_GARAN_FPD;GARAN.E;2026-04-30;140.9;143.6;-1.88;144;140.4;144.95;141.1;142.42;1317637495;0;92519;17953;175453;-9505;144;388800;0;27;3
2026-04-22;F_GARAN0526;GARAN_05/2026_VIS;D_EQ;SSF;D_EQ_FPD;DE_GARAN_FPD;GARAN.E;2026-05-25;144.45;147.3;-1.93;148;144.15;148.65;144.85;145.56;127536450;0;8762;1875;16098;4591;;;;;
2026-04-22;F_GARAN0626;GARAN_06/2026_VIS;D_EQ;SSF;D_EQ_FPD;DE_GARAN_FPD;GARAN.E;2026-06-30;148.8;152.55;-2.46;153;148.4;153;148.7;149.94;2084180;0;139;66;380;50;;;;;
2026-04-22;F_GBPUSD0426;GBPUSD_04/2026_VIS;D_CR;CRFU;D_CR_FUT;DE_GBPUSD_FUT;D_GBPUSD;2026-04-30;1.3514;1.35;0.1;1.3511;1.3502;1.3529;1.3502;1.3514;181669.10742;0;3;3;97;1;;;;;
2026-04-22;F_GBPUSD0526;GBPUSD_05/2026_VIS;D_CR;CRFU;D_CR_FUT;DE_GBPUSD_FUT;D_GBPUSD;2026-05-25;1.3502;1.3429;0.54;1.3502;1.3502;1.3502;1.3502;1.3502;60502.59702;0;1;1;17;1;;;;;
2026-04-22;F_GBPUSD0626;GBPUSD_06/2026_VIS;D_CR;CRFU;D_CR_FUT;DE_GBPUSD_FUT;D_GBPUSD;2026-06-30;1.3485;1.3485;0;0;0;0;0;0;0;0;0;0;21;0;;;;;
2026-04-22;F_GBPUSD1226;GBPUSD_12/2026_VIS;D_CR;CRFU;D_CR_FUT;DE_GBPUSD_FUT;D_GBPUSD;2026-12-31;1.355;1.355;0;0;0;0;0;0;0;0;0;0;10;0;;;;;
2026-04-22;F_GUBRF0426;GUBRF_04/2026_VIS;D_EQ;SSF;D_EQ_FPD;DE_GUBRF_FPD;GUBRF.E;2026-04-30;521.1;516.4;0.91;520;511.4;525.6;520;518.14;309485290;0;5973;3274;12519;-693;520;104000;0;2;2
2026-04-22;F_GUBRF0526;GUBRF_05/2026_VIS;D_EQ;SSF;D_EQ_FPD;DE_GUBRF_FPD;GUBRF.E;2026-05-25;536.1;529.8;1.19;535.7;524.9;537.5;535;531.41;30290090;0;570;380;2389;102;;;;;
2026-04-22;F_GUBRF0626;GUBRF_06/2026_VIS;D_EQ;SSF;D_EQ_FPD;DE_GUBRF_FPD;GUBRF.E;2026-06-30;554.1;546.7;1.35;552;542;556.4;556.4;549.42;42460550;0;779;98;4780;-611;;;;;
2026-04-22;F_HALKB0426;HALKB_04/2026_VIS;D_EQ;SSF;D_EQ_FPD;DE_HALKB_FPD;HALKB.E;2026-04-30;40.64;41.21;-1.38;41.4;40.31;41.68;40.44;40.95;659025022;0;160938;20271;295705;-16565;41.4;885960;0;214;8
2026-04-22;F_HALKB0526;HALKB_05/2026_VIS;D_EQ;SSF;D_EQ_FPD;DE_HALKB_FPD;HALKB.E;2026-05-25;41.75;42.22;-1.11;42.49;41.39;42.74;41.73;41.91;74645841;0;17811;6216;54558;13644;;;;;
2026-04-22;F_HALKB0626;HALKB_06/2026_VIS;D_EQ;SSF;D_EQ_FPD;DE_HALKB_FPD;HALKB.E;2026-06-30;42.74;43.79;-2.4;43.64;42.65;43.7;42.84;43.08;1111373;0;258;91;2296;72;;;;;
2026-04-22;F_HEKTS0426;HEKTS_04/2026_VIS;D_EQ;SSF;D_EQ_FPD;DE_HEKTS_FPD;HEKTS.E;2026-04-30;3.27;3.27;0;3.26;3.23;3.34;3.27;3.29;204185684;0;620838;2620;941283;13722;3.26;314590;0;965;10
2026-04-22;F_HEKTS0526;HEKTS_05/2026_VIS;D_EQ;SSF;D_EQ_FPD;DE_HEKTS_FPD;HEKTS.E;2026-05-25;3.37;3.35;0.6;3.37;3.31;3.42;3.37;3.38;18711625;0;55394;613;136135;12997;3.37;41114;0;122;4
2026-04-22;F_HEKTS0626;HEKTS_06/2026_VIS;D_EQ;SSF;D_EQ_FPD;DE_HEKTS_FPD;HEKTS.E;2026-06-30;3.46;3.47;-0.29;3.5;3.41;3.54;3.46;3.5;667103;0;1908;66;7421;842;;;;;
2026-04-22;F_ISCTR0426;ISCTR_04/2026_VIS;D_EQ;SSF;D_EQ_FPD;DE_ISCTR_FPD;ISCTR.E;2026-04-30;14.92;14.96;-0.27;15.05;14.79;15.13;14.91;14.95;2587663482;0;1731377;22634;1775207;-50132;15.05;2251480;0;1496;39
2026-04-22;F_ISCTR0526;ISCTR_05/2026_VIS;D_EQ;SSF;D_EQ_FPD;DE_ISCTR_FPD;ISCTR.E;2026-05-25;15.31;15.35;-0.26;15.37;15.18;16.02;15.31;15.32;280675493;0;183176;2678;290592;60826;;;;;
2026-04-22;F_ISCTR0626;ISCTR_06/2026_VIS;D_EQ;SSF;D_EQ_FPD;DE_ISCTR_FPD;ISCTR.E;2026-06-30;15.73;15.78;-0.32;16.5;15.51;16.5;15.7;16.03;793601;0;495;209;2963;202;;;;;
2026-04-22;F_KCHOL0426;KCHOL_04/2026_VIS;D_EQ;SSF;D_EQ_FPD;DE_KCHOL_FPD;KCHOL.E;2026-04-30;206.4;207.95;-0.75;208.65;203.75;209.95;206.4;206.67;916201705;0;44331;10054;204358;-1623;;;;;
2026-04-22;F_KCHOL0526;KCHOL_05/2026_VIS;D_EQ;SSF;D_EQ_FPD;DE_KCHOL_FPD;KCHOL.E;2026-05-25;211.9;213.5;-0.75;213.4;209.3;215.25;212.05;211.94;154746045;0;7316;961;24273;4650;;;;;
2026-04-22;F_KCHOL0626;KCHOL_06/2026_VIS;D_EQ;SSF;D_EQ_FPD;DE_KCHOL_FPD;KCHOL.E;2026-06-30;216.2;220.3;-1.86;220.1;215.5;220.1;217.2;217.37;1217250;0;56;39;266;36;;;;;
2026-04-22;F_KONTR0426;KONTR_04/2026_VIS;D_EQ;SSF;D_EQ_FPD;DE_KONTR_FPD;KONTR.E;2026-04-30;11.71;13.01;-9.99;12.25;11.71;12.39;11.71;11.94;861442121;0;721326;26637;432337;-2317;12.25;2768500;0;2260;59
2026-04-22;F_KONTR0526;KONTR_05/2026_VIS;D_EQ;SSF;D_EQ_FPD;DE_KONTR_FPD;KONTR.E;2026-05-25;11.92;13.24;-9.97;12.45;11.92;12.52;11.92;12.09;85640870;0;70827;3587;101116;30967;12.45;205425;0;165;9
2026-04-22;F_KONTR0626;KONTR_06/2026_VIS;D_EQ;SSF;D_EQ_FPD;DE_KONTR_FPD;KONTR.E;2026-06-30;12.22;13.57;-9.95;12.44;12.22;13.46;12.22;12.38;3908108;0;3156;398;8494;491;12.44;99520;0;80;7
2026-04-22;F_KRDMD0426;KRDMD_04/2026_VIS;D_EQ;SSF;D_EQ_FPD;DE_KRDMD_FPD;KRDMD.E;2026-04-30;36.47;36.51;-0.11;36.62;35.67;36.92;36.45;36.3;958282104;0;263957;20186;263094;-13978;36.62;102536;0;28;7
2026-04-22;F_KRDMD0526;KRDMD_05/2026_VIS;D_EQ;SSF;D_EQ_FPD;DE_KRDMD_FPD;KRDMD.E;2026-05-25;37.2;37.33;-0.35;37.5;36.53;37.75;37.29;37.03;115863135;0;31288;2342;63141;9040;37.5;15000;0;4;2
2026-04-22;F_KRDMD0626;KRDMD_06/2026_VIS;D_EQ;SSF;D_EQ_FPD;DE_KRDMD_FPD;KRDMD.E;2026-06-30;38.26;38.73;-1.21;38.57;37.64;38.57;38.19;38.08;1230043;0;323;149;1922;153;;;;;
2026-04-22;F_MGROS0426;MGROS_04/2026_VIS;D_EQ;SSF;D_EQ_FPD;DE_MGROS_FPD;MGROS.E;2026-04-30;662.6;670.3;-1.15;672;648.9;677.9;662.1;661.23;361228790;0;5463;3605;8108;79;672;134400;0;2;2
2026-04-22;F_MGROS0526;MGROS_05/2026_VIS;D_EQ;SSF;D_EQ_FPD;DE_MGROS_FPD;MGROS.E;2026-05-25;676;683.5;-1.1;688.7;662.8;688.9;675.2;672.94;72340900;0;1075;632;2991;704;;;;;
2026-04-22;F_MGROS0626;MGROS_06/2026_VIS;D_EQ;SSF;D_EQ_FPD;DE_MGROS_FPD;MGROS.E;2026-06-30;690.1;706.6;-2.34;702.6;682.5;702.6;693.1;693.68;1734210;0;25;17;69;17;;;;;
2026-04-22;F_ODAS0426;ODAS_04/2026_VIS;D_EQ;SSF;D_EQ_FPD;DE_ODAS_FPD;ODAS.E;2026-04-30;6.91;6.88;0.44;6.93;6.71;6.99;6.91;6.86;355849063;0;518638;7961;558627;-57682;6.93;46431;0;67;5
2026-04-22;F_ODAS0526;ODAS_05/2026_VIS;D_EQ;SSF;D_EQ_FPD;DE_ODAS_FPD;ODAS.E;2026-05-25;7.1;7.08;0.28;7.09;6.91;7.19;7.09;7.04;66315007;0;94146;1683;200043;40224;7.09;709;0;1;1
2026-04-22;F_ODAS0626;ODAS_06/2026_VIS;D_EQ;SSF;D_EQ_FPD;DE_ODAS_FPD;ODAS.E;2026-06-30;7.31;7.29;0.27;7.35;7.1;7.35;7.3;7.24;486627;0;672;134;7494;-326;;;;;
2026-04-22;F_OYAKC0426;OYAKC_04/2026_VIS;D_EQ;SSF;D_EQ_FPD;DE_OYAKC_FPD;OYAKC.E;2026-04-30;24.51;25.1;-2.35;25.29;24.32;25.5;24.55;24.83;227062248;0;91451;10351;88499;-8009;;;;;
2026-04-22;F_OYAKC0526;OYAKC_05/2026_VIS;D_EQ;SSF;D_EQ_FPD;DE_OYAKC_FPD;OYAKC.E;2026-05-25;25.15;25.77;-2.41;26.08;25;26.12;25.14;25.4;16033207;0;6312;665;30763;2992;;;;;
2026-04-22;F_OYAKC0626;OYAKC_06/2026_VIS;D_EQ;SSF;D_EQ_FPD;DE_OYAKC_FPD;OYAKC.E;2026-06-30;25.77;26.69;-3.45;26.78;25.75;26.78;25.75;26.03;507632;0;195;42;1109;-6;;;;;
2026-04-22;F_PETKM0426;PETKM_04/2026_VIS;D_EQ;SSF;D_EQ_FPD;DE_PETKM_FPD;PETKM.E;2026-04-30;23.04;23.09;-0.22;22.95;22.68;23.36;23.02;23.08;690480831;0;299138;17431;421013;-15408;22.95;130815;0;57;7
2026-04-22;F_PETKM0526;PETKM_05/2026_VIS;D_EQ;SSF;D_EQ_FPD;DE_PETKM_FPD;PETKM.E;2026-05-25;23.58;23.64;-0.25;23.6;23.25;23.88;23.58;23.64;119210379;0;50428;2650;55912;21685;;;;;
2026-04-22;F_PETKM0626;PETKM_06/2026_VIS;D_EQ;SSF;D_EQ_FPD;DE_PETKM_FPD;PETKM.E;2026-06-30;23.98;24.37;-1.6;24.2;23.9;24.49;24.1;24.21;1050866;0;434;108;2915;-83;;;;;
2026-04-22;F_PGSUS0426;PGSUS_04/2026_VIS;D_EQ;SSF;D_EQ_FPD;DE_PGSUS_FPD;PGSUS.E;2026-04-30;191.6;192;-0.21;194;188.45;194.1;191.45;191.01;639005065;0;33454;11881;91621;-3116;194;194000;0;10;3
2026-04-22;F_PGSUS0526;PGSUS_05/2026_VIS;D_EQ;SSF;D_EQ_FPD;DE_PGSUS_FPD;PGSUS.E;2026-05-25;196.2;196.5;-0.15;196.5;193.2;198.8;196;195.78;98477770;0;5030;1615;16734;1350;;;;;
2026-04-22;F_PGSUS0626;PGSUS_06/2026_VIS;D_EQ;SSF;D_EQ_FPD;DE_PGSUS_FPD;PGSUS.E;2026-06-30;201.15;201.6;-0.22;204;199;204.05;201.35;200.98;22107495;0;1100;272;1536;946;;;;;
2026-04-22;F_P_USDTRY0426;FIZ. USDTRY_04/2026_VIS;D_CR;PCF;D_CR_FPD;DE_USDTRYP_FPD;USDTRYP.CX;2026-04-30;47.023;47.023;0;0;0;0;0;0;0;0;0;0;0;0;;;;;
2026-04-22;F_P_USDTRY0526;FIZ. USDTRY_05/2026_VIS;D_CR;PCF;D_CR_FPD;DE_USDTRYP_FPD;USDTRYP.CX;2026-05-25;47.079;47.079;0;0;0;0;0;0;0;0;0;0;0;0;;;;;
2026-04-22;F_P_USDTRY0626;FIZ. USDTRY_06/2026_VIS;D_CR;PCF;D_CR_FPD;DE_USDTRYP_FPD;USDTRYP.CX;2026-06-30;48.346;48.346;0;0;0;0;0;0;0;0;0;0;0;0;;;;;
2026-04-22;F_P_USDTRY1226;FIZ. USDTRY_12/2026_VIS;D_CR;PCF;D_CR_FPD;DE_USDTRYP_FPD;USDTRYP.CX;2026-12-31;56.761;56.761;0;0;0;0;0;0;0;0;0;0;0;0;;;;;
2026-04-22;F_RUBTRY0426;RUBTRY_04/2026_VIS;D_CR;CRF;D_CR_FUT;DE_RUBTRY_FUT;D_RUBTRY;2026-04-30;0.58816;0.58816;0;0;0;0;0;0;0;0;0;0;0;0;;;;;
2026-04-22;F_RUBTRY0526;RUBTRY_05/2026_VIS;D_CR;CRF;D_CR_FUT;DE_RUBTRY_FUT;D_RUBTRY;2026-05-25;0.61075;0.61075;0;0;0;0;0;0;0;0;0;0;0;0;;;;;
2026-04-22;F_RUBTRY0626;RUBTRY_06/2026_VIS;D_CR;CRF;D_CR_FUT;DE_RUBTRY_FUT;D_RUBTRY;2026-06-30;0.60047;0.60047;0;0;0;0;0;0;0;0;0;0;3;0;;;;;
2026-04-22;F_RUBTRY1226;RUBTRY_12/2026_VIS;D_CR;CRF;D_CR_FUT;DE_RUBTRY_FUT;D_RUBTRY;2026-12-31;0.66896;0.66896;0;0;0;0;0;0;0;0;0;0;1;0;;;;;
2026-04-22;F_SAHOL0426;SAHOL_04/2026_VIS;D_EQ;SSF;D_EQ_FPD;DE_SAHOL_FPD;SAHOL.E;2026-04-30;99.88;101.95;-2.03;102.7;99.5;102.85;99.97;100.67;1117876616;0;111038;20903;382645;4213;102.7;10270;0;1;1
2026-04-22;F_SAHOL0526;SAHOL_05/2026_VIS;D_EQ;SSF;D_EQ_FPD;DE_SAHOL_FPD;SAHOL.E;2026-05-25;102.8;104.7;-1.81;105.35;102.25;105.4;102.6;103.28;252817285;0;24439;3574;43093;10333;;;;;
2026-04-22;F_SAHOL0626;SAHOL_06/2026_VIS;D_EQ;SSF;D_EQ_FPD;DE_SAHOL_FPD;SAHOL.E;2026-06-30;105.5;107.9;-2.22;108.3;105.15;108.3;105.55;105.81;1269690;0;120;50;1326;92;;;;;
2026-04-22;F_SASA0426;SASA_04/2026_VIS;D_EQ;SSF;D_EQ_FPD;DE_SASA_FPD;SASA.E;2026-04-30;3;3.06;-1.96;3.07;2.98;3.13;3;3.04;1885735470;0;6197203;9840;8673933;-111610;3.07;776403;0;2529;35
2026-04-22;F_SASA0526;SASA_05/2026_VIS;D_EQ;SSF;D_EQ_FPD;DE_SASA_FPD;SASA.E;2026-05-25;3.08;3.15;-2.22;3.16;3.06;3.21;3.08;3.13;203524889;0;649987;1928;1407348;89060;3.16;164004;0;519;7
2026-04-22;F_SASA0626;SASA_06/2026_VIS;D_EQ;SSF;D_EQ_FPD;DE_SASA_FPD;SASA.E;2026-06-30;3.17;3.25;-2.46;3.28;3.17;3.32;3.17;3.21;6508919;0;20252;362;82781;13045;3.28;10496;0;32;8
2026-04-22;F_SASX100426;SASX 10_04/2026_VIS;D_FR;FIF;D_FR_FUT;DE_SASX10_FUT;D_SASX10;2026-04-30;1517.75;1517.75;0;0;0;0;0;0;0;0;0;0;0;0;;;;;
2026-04-22;F_SASX100626;SASX 10_06/2026_VIS;D_FR;FIF;D_FR_FUT;DE_SASX10_FUT;D_SASX10;2026-06-30;1558.75;1558.75;0;0;0;0;0;0;0;0;0;0;0;0;;;;;
2026-04-22;F_SISE0426;SISE_04/2026_VIS;D_EQ;SSF;D_EQ_FPD;DE_SISE_FPD;SISE.E;2026-04-30;47.82;47.63;0.4;47.7;46.88;48.21;47.82;47.48;675921033;0;142359;15007;263156;-9977;47.7;71550;0;15;2
2026-04-22;F_SISE0526;SISE_05/2026_VIS;D_EQ;SSF;D_EQ_FPD;DE_SISE_FPD;SISE.E;2026-05-25;49.04;48.92;0.25;48.9;48.18;49.44;49.1;48.68;84513758;0;17361;1410;43739;5961;48.9;4890;0;1;1
2026-04-22;F_SISE0626;SISE_06/2026_VIS;D_EQ;SSF;D_EQ_FPD;DE_SISE_FPD;SISE.E;2026-06-30;49.52;49.96;-0.88;49.95;48.98;50;50;49.57;4515953;0;911;41;7537;885;;;;;
2026-04-22;F_SOKM0426;SOKM_04/2026_VIS;D_EQ;SSF;D_EQ_FPD;DE_SOKM_FPD;SOKM.E;2026-04-30;50.83;51.7;-1.68;51.82;50.56;52.43;50.56;51.24;129827282;0;25338;4907;57724;791;51.82;5182;0;1;1
2026-04-22;F_SOKM0526;SOKM_05/2026_VIS;D_EQ;SSF;D_EQ_FPD;DE_SOKM_FPD;SOKM.E;2026-05-25;52.26;53.19;-1.75;53.53;52.03;54.02;52.18;52.56;19632537;0;3735;803;6777;1828;;;;;
2026-04-22;F_SOKM0626;SOKM_06/2026_VIS;D_EQ;SSF;D_EQ_FPD;DE_SOKM_FPD;SOKM.E;2026-06-30;53.86;54.78;-1.68;57;53.29;57;53.75;54.18;4902988;0;905;205;735;118;;;;;
2026-04-22;F_TAVHL0426;TAVHL_04/2026_VIS;D_EQ;SSF;D_EQ_FPD;DE_TAVHL_FPD;TAVHL.E;2026-04-30;310.65;315.15;-1.43;313.6;308.15;318.05;310.3;312.23;210381780;0;6738;3487;51865;-269;;;;;
2026-04-22;F_TAVHL0526;TAVHL_05/2026_VIS;D_EQ;SSF;D_EQ_FPD;DE_TAVHL_FPD;TAVHL.E;2026-05-25;317.85;321.4;-1.1;324.5;315.7;324.5;317.8;318.93;13458775;0;422;185;4920;121;;;;;
2026-04-22;F_TAVHL0626;TAVHL_06/2026_VIS;D_EQ;SSF;D_EQ_FPD;DE_TAVHL_FPD;TAVHL.E;2026-06-30;326.85;331.65;-1.45;334;325;334;326;328.67;953140;0;29;17;305;24;;;;;
2026-04-22;F_TCELL0426;TCELL_04/2026_VIS;D_EQ;SSF;D_EQ_FPD;DE_TCELL_FPD;TCELL.E;2026-04-30;115.1;116.6;-1.29;116.9;114.5;117.65;115.4;115.62;773210660;0;66874;11339;288876;-9900;;;;;
2026-04-22;F_TCELL0526;TCELL_05/2026_VIS;D_EQ;SSF;D_EQ_FPD;DE_TCELL_FPD;TCELL.E;2026-05-25;118.4;119.7;-1.09;119.6;117.65;120.7;118.35;118.48;123448910;0;10419;1649;27098;4919;119.6;11960;0;1;1
2026-04-22;F_TCELL0626;TCELL_06/2026_VIS;D_EQ;SSF;D_EQ_FPD;DE_TCELL_FPD;TCELL.E;2026-06-30;121.55;123.6;-1.66;122.7;121;122.7;121.7;121.77;791530;0;65;19;235;25;;;;;
2026-04-22;F_THYAO0426;THYAO_04/2026_VIS;D_EQ;SSF;D_EQ_FPD;DE_THYAO_FPD;THYAO.E;2026-04-30;326.25;330.65;-1.33;332;322.05;333.95;326.45;327.46;4318481505;0;132085;23288;275484;-13304;332;1427600;0;43;19
2026-04-22;F_THYAO0526;THYAO_05/2026_VIS;D_EQ;SSF;D_EQ_FPD;DE_THYAO_FPD;THYAO.E;2026-05-25;335.35;339.7;-1.28;340.95;330.95;342.8;335.4;335.43;1672506050;0;49936;3560;70108;38412;;;;;
2026-04-22;F_THYAO0626;THYAO_06/2026_VIS;D_EQ;SSF;D_EQ_FPD;DE_THYAO_FPD;THYAO.E;2026-06-30;344.2;349.2;-1.43;351.45;340.75;351.7;345.1;344.55;4237955;0;123;78;1128;69;;;;;
2026-04-22;F_TKFEN0426;TKFEN_04/2026_VIS;D_EQ;SSF;D_EQ_FPD;DE_TKFEN_FPD;TKFEN.E;2026-04-30;132.45;133.55;-0.82;131.5;128.3;136.4;132.55;131.28;690622170;0;52605;13638;31146;475;131.5;210400;0;16;4
2026-04-22;F_TKFEN0526;TKFEN_05/2026_VIS;D_EQ;SSF;D_EQ_FPD;DE_TKFEN_FPD;TKFEN.E;2026-05-25;134.35;135.9;-1.14;136;130.95;138.4;134.25;133.02;133321790;0;10023;2542;10333;2693;;;;;
2026-04-22;F_TKFEN0626;TKFEN_06/2026_VIS;D_EQ;SSF;D_EQ_FPD;DE_TKFEN_FPD;TKFEN.E;2026-06-30;137.95;139.25;-0.93;140.05;134.35;141.95;138.55;139.33;1267900;0;91;53;820;37;;;;;
2026-04-22;F_TLREF1M0426;1-AY TLREF_04/2026_VIS;D_FI;TRF;D_FI_FUT;DE_TLREF1M_FUT;D_TLREF1M;2026-04-30;40.18;40.18;0;0;0;0;0;0;0;0;0;0;0;0;;;;;
2026-04-22;F_TLREF1M0526;1-AY TLREF_05/2026_VIS;D_FI;TRF;D_FI_FUT;DE_TLREF1M_FUT;D_TLREF1M;2026-05-26;39.93;39.93;0;0;0;0;0;0;0;0;0;0;0;0;;;;;
2026-04-22;F_TLREF1M0626;1-AY TLREF_06/2026_VIS;D_FI;TRF;D_FI_FUT;DE_TLREF1M_FUT;D_TLREF1M;2026-06-30;39.41;39.41;0;0;0;0;0;0;0;0;0;0;0;0;;;;;
2026-04-22;F_TLREF1M0726;1-AY TLREF_07/2026_VIS;D_FI;TRF;D_FI_FUT;DE_TLREF1M_FUT;D_TLREF1M;2026-07-31;37.08;37.08;0;0;0;0;0;0;0;0;0;0;0;0;;;;;
2026-04-22;F_TLREF1M0826;1-AY TLREF_08/2026_VIS;D_FI;TRF;D_FI_FUT;DE_TLREF1M_FUT;D_TLREF1M;2026-08-31;36.85;36.85;0;0;0;0;0;0;0;0;0;0;0;0;;;;;
2026-04-22;F_TLREF1M0926;1-AY TLREF_09/2026_VIS;D_FI;TRF;D_FI_FUT;DE_TLREF1M_FUT;D_TLREF1M;2026-09-30;39.84;39.84;0;0;0;0;0;0;0;0;0;0;0;0;;;;;
2026-04-22;F_TLREF1M1026;1-AY TLREF_10/2026_VIS;D_FI;TRF;D_FI_FUT;DE_TLREF1M_FUT;D_TLREF1M;2026-10-30;40;40;0;0;0;0;0;0;0;0;0;0;0;0;;;;;
2026-04-22;F_TOASO0426;TOASO_04/2026_VIS;D_EQ;SSF;D_EQ_FPD;DE_TOASO_FPD;TOASO.E;2026-04-30;295.2;291.95;1.11;291.6;287.7;296.8;295.65;291.67;318034650;0;10904;5257;20422;90;;;;;
2026-04-22;F_TOASO0526;TOASO_05/2026_VIS;D_EQ;SSF;D_EQ_FPD;DE_TOASO_FPD;TOASO.E;2026-05-25;301.2;298.2;1.01;305.4;294.6;305.4;300.6;298.83;37951245;0;1270;473;4402;302;305.4;30540;0;1;1
2026-04-22;F_TOASO0626;TOASO_06/2026_VIS;D_EQ;SSF;D_EQ_FPD;DE_TOASO_FPD;TOASO.E;2026-06-30;305.4;308.9;-1.13;303.1;303.05;310;310;305.4;732965;0;24;9;139;-2;;;;;
2026-04-22;F_TRALT0426;TRALT_04/2026_VIS;D_EQ;SSF;D_EQ_FPD;DE_TRALT_FPD;TRALT.E;2026-04-30;47.36;48.77;-2.89;48.37;46.74;50.09;47.35;47.98;1533407284;0;319616;34375;234382;11017;48.37;48370;0;10;4
2026-04-22;F_TRALT0526;TRALT_05/2026_VIS;D_EQ;SSF;D_EQ_FPD;DE_TRALT_FPD;TRALT.E;2026-05-25;48.63;50.04;-2.82;50.07;47.9;51.05;48.56;49.13;117135574;0;23829;2103;49426;10826;50.07;155217;0;31;2
2026-04-22;F_TRALT0626;TRALT_06/2026_VIS;D_EQ;SSF;D_EQ_FPD;DE_TRALT_FPD;TRALT.E;2026-06-30;49.68;51.46;-3.46;51.98;49.3;52.12;49.81;50.57;1471679;0;291;69;1414;153;;;;;
2026-04-22;F_TRMET0426;TRMET_04/2026_VIS;D_EQ;SSF;D_EQ_FPD;DE_TRMET_FPD;TRMET.E;2026-04-30;133.15;138.6;-3.93;141.6;131.15;141.8;133.5;136.08;309162570;0;22719;5468;29855;-2286;;;;;
2026-04-22;F_TRMET0526;TRMET_05/2026_VIS;D_EQ;SSF;D_EQ_FPD;DE_TRMET_FPD;TRMET.E;2026-05-25;136.85;142.25;-3.8;145;136.6;145;136.8;139.59;12562970;0;900;275;1480;174;;;;;
2026-04-22;F_TRMET0626;TRMET_06/2026_VIS;D_EQ;SSF;D_EQ_FPD;DE_TRMET_FPD;TRMET.E;2026-06-30;141.9;147;-3.47;147.1;141;147.1;141;141.91;184485;0;13;9;41;1;;;;;
2026-04-22;F_TRT020926T17_0626;TRT020926T17_06/2026_VIS;D_BO;BOP;D_BO_FPD;DE_TRT020926T17_FPD;TRT020926T17_KESN_T1;2026-06-30;96.611;96.611;0;0;0;0;0;0;0;0;0;0;0;0;;;;;
2026-04-22;F_TRT131130T14_0626;TRT131130T14_06/2026_VIS;D_BO;BOP;D_BO_FPD;DE_TRT131130T14_FPD;TRT131130T14_KESN_T1;2026-06-30;51.835;51.835;0;0;0;0;0;0;0;0;0;0;0;0;;;;;
2026-04-22;F_TRT131130T14_0926;TRT131130T14_09/2026_VIS;D_BO;BOP;D_BO_FPD;DE_TRT131130T14_FPD;TRT131130T14_KESN_T1;2026-09-30;53.186;53.186;0;0;0;0;0;0;0;0;0;0;0;0;;;;;
2026-04-22;F_TSKB0426;TSKB_04/2026_VIS;D_EQ;SSF;D_EQ_FPD;DE_TSKB_FPD;TSKB.E;2026-04-30;12.36;12.51;-1.2;12.52;12.31;12.62;12.4;12.44;65665947;0;52797;2798;198126;1455;12.52;200320;0;160;5
2026-04-22;F_TSKB0526;TSKB_05/2026_VIS;D_EQ;SSF;D_EQ_FPD;DE_TSKB_FPD;TSKB.E;2026-05-25;12.66;12.85;-1.48;12.82;12.64;12.93;12.71;12.78;5007668;0;3919;182;26612;1883;;;;;
2026-04-22;F_TSKB0626;TSKB_06/2026_VIS;D_EQ;SSF;D_EQ_FPD;DE_TSKB_FPD;TSKB.E;2026-06-30;13.14;13.21;-0.53;13.18;13.02;13.38;13.02;13.14;95949;0;73;11;6648;-32;;;;;
2026-04-22;F_TTKOM0426;TTKOM_04/2026_VIS;D_EQ;SSF;D_EQ_FPD;DE_TTKOM_FPD;TTKOM.E;2026-04-30;64.09;65.23;-1.75;65.2;63.36;65.63;64.4;64.47;371137426;0;57569;11586;88328;-5555;65.2;410760;0;63;7
2026-04-22;F_TTKOM0526;TTKOM_05/2026_VIS;D_EQ;SSF;D_EQ_FPD;DE_TTKOM_FPD;TTKOM.E;2026-05-25;65.62;66.69;-1.6;67.2;64.91;67.2;65.64;65.99;29399071;0;4455;589;11241;1702;;;;;
2026-04-22;F_TTKOM0626;TTKOM_06/2026_VIS;D_EQ;SSF;D_EQ_FPD;DE_TTKOM_FPD;TTKOM.E;2026-06-30;67.07;68.51;-2.1;68.51;66.66;68.51;66.66;67.4;997467;0;148;52;199;16;;;;;
2026-04-22;F_TUPRS0426;TUPRS_04/2026_VIS;D_EQ;SSF;D_EQ_FPD;DE_TUPRS_FPD;TUPRS.E;2026-04-30;265.35;256.75;3.35;257.6;253.45;266.5;265.3;262.66;2135404780;0;81300;19172;133118;-1788;257.6;412160;0;16;9
2026-04-22;F_TUPRS0526;TUPRS_05/2026_VIS;D_EQ;SSF;D_EQ_FPD;DE_TUPRS_FPD;TUPRS.E;2026-05-25;272.15;263.2;3.4;264;262.55;273.3;272.25;269.66;185150995;0;6866;1905;8930;1277;;;;;
2026-04-22;F_TUPRS0626;TUPRS_06/2026_VIS;D_EQ;SSF;D_EQ_FPD;DE_TUPRS_FPD;TUPRS.E;2026-06-30;279.25;271.5;2.85;270.2;270.2;279.95;278.45;276.41;5168785;0;187;122;380;-28;;;;;
2026-04-22;F_ULKER0426;ULKER_04/2026_VIS;D_EQ;SSF;D_EQ_FPD;DE_ULKER_FPD;ULKER.E;2026-04-30;122.7;124.45;-1.41;123.5;121.9;125.9;122.1;123.18;156100770;0;12673;3460;32493;-7;123.5;49400;0;4;4
2026-04-22;F_ULKER0526;ULKER_05/2026_VIS;D_EQ;SSF;D_EQ_FPD;DE_ULKER_FPD;ULKER.E;2026-05-25;126.5;127.7;-0.94;128.95;124.95;129.2;126.05;126.49;27523490;0;2176;505;8827;98;;;;;
2026-04-22;F_ULKER0626;ULKER_06/2026_VIS;D_EQ;SSF;D_EQ_FPD;DE_ULKER_FPD;ULKER.E;2026-06-30;129.55;128.05;1.17;135.95;125.05;135.95;125.05;131.94;1029140;0;78;27;648;33;;;;;
2026-04-22;F_USDTRY0127;USDTRY_01/2027_VIS;D_CR;CRF;D_CR_FUT;DE_USDTRY_FUT;D_USDTRY;2027-01-29;57.088;57.043;0.08;57.144;56.901;57.21;57.1;57.0875;456700;0;8;7;938;-2;;;;;
2026-04-22;F_USDTRY0227;USDTRY_02/2027_VIS;D_CR;CRF;D_CR_FUT;DE_USDTRY_FUT;D_USDTRY;2027-02-26;58.334;58.125;0.36;58.002;58.002;58.5;58.5;58.334;175002;0;3;2;601;1;;;;;
2026-04-22;F_USDTRY0327;USDTRY_03/2027_VIS;D_CR;CRF;D_CR_FUT;DE_USDTRY_FUT;D_USDTRY;2027-03-31;59.9;59.66;0.4;59.683;59.683;59.9;59.9;59.8834;110844198;0;1851;53;4166;162;;;;;
2026-04-22;F_USDTRY0426;USDTRY_04/2026_VIS;D_CR;CRF;D_CR_FUT;DE_USDTRY_FUT;D_USDTRY;2026-04-30;45.144;45.193;-0.11;45.159;45.135;45.182;45.148;45.151;6904037973;0;152910;7935;2530772;25642;45.159;406431;0;9;9
2026-04-22;F_USDTRY0427;USDTRY_04/2027_VIS;D_CR;CRF;D_CR_FUT;DE_USDTRY_FUT;D_USDTRY;2027-04-30;61.101;60.995;0.17;61.14;61.1;61.24;61.101;61.1566;17062703;0;279;58;2317;16;;;;;
2026-04-22;F_USDTRY0526;USDTRY_05/2026_VIS;D_CR;CRF;D_CR_FUT;DE_USDTRY_FUT;D_USDTRY;2026-05-25;46.144;46.251;-0.23;46.228;46.14;46.228;46.14;46.1917;3187778702;0;69012;2933;810208;12570;;;;;
2026-04-22;F_USDTRY0527;USDTRY_05/2027_VIS;D_CR;CRF;D_CR_FUT;DE_USDTRY_FUT;D_USDTRY;2027-05-31;62.416;62.203;0.34;62.3;62.101;62.6;62.35;62.4033;3120165;0;50;27;694;10;;;;;
2026-04-22;F_USDTRY0626;USDTRY_06/2026_VIS;D_CR;CRF;D_CR_FUT;DE_USDTRY_FUT;D_USDTRY;2026-06-30;47.606;47.689;-0.17;47.583;47.583;47.73;47.609;47.6561;1663341633;0;34903;716;338678;23528;47.583;523413;0;11;4
2026-04-22;F_USDTRY0627;USDTRY_06/2027_VIS;D_CR;CRF;D_CR_FUT;DE_USDTRY_FUT;D_USDTRY;2027-06-30;63.656;63.381;0.43;63.561;63.546;63.697;63.697;63.656;445592;0;7;7;548;-1;;;;;
2026-04-22;F_USDTRY0726;USDTRY_07/2026_VIS;D_CR;CRF;D_CR_FUT;DE_USDTRY_FUT;D_USDTRY;2026-07-31;48.885;48.975;-0.18;48.819;48.819;49.009;48.86;48.8565;323137151;0;6614;180;28570;5384;;;;;
2026-04-22;F_USDTRY0727;USDTRY_07/2027_VIS;D_CR;CRF;D_CR_FUT;DE_USDTRY_FUT;D_USDTRY;2027-07-30;64.924;64.95;-0.04;64.771;64.771;65.001;64.99;64.9242;2142497;0;33;7;441;7;;;;;
2026-04-22;F_USDTRY0826;USDTRY_08/2026_VIS;D_CR;CRF;D_CR_FUT;DE_USDTRY_FUT;D_USDTRY;2026-08-31;50.251;50.259;-0.02;50.215;50.211;50.3;50.274;50.2514;653268;0;13;9;45007;-6;;;;;
2026-04-22;F_USDTRY0926;USDTRY_09/2026_VIS;D_CR;CRF;D_CR_FUT;DE_USDTRY_FUT;D_USDTRY;2026-09-30;51.46;51.573;-0.22;51.5;51.401;51.6;51.461;51.4345;18207809;0;354;42;10647;-254;;;;;
2026-04-22;F_USDTRY1026;USDTRY_10/2026_VIS;D_CR;CRF;D_CR_FUT;DE_USDTRY_FUT;D_USDTRY;2026-10-30;52.94;52.894;0.09;52.88;52.88;53.197;52.9;52.9398;2382293;0;45;25;2473;0;;;;;
2026-04-22;F_USDTRY1126;USDTRY_11/2026_VIS;D_CR;CRF;D_CR_FUT;DE_USDTRY_FUT;D_USDTRY;2026-11-30;54.439;54.323;0.21;54.497;54.43;54.497;54.43;54.439;1742049;0;32;9;1386;13;;;;;
2026-04-22;F_USDTRY1226;USDTRY_12/2026_VIS;D_CR;CRF;D_CR_FUT;DE_USDTRY_FUT;D_USDTRY;2026-12-31;55.732;55.707;0.04;55.675;55.653;56.05;55.728;55.9078;990463330;0;17716;602;690378;9073;;;;;
2026-04-22;F_VAKBN0426;VAKBN_04/2026_VIS;D_EQ;SSF;D_EQ_FPD;DE_VAKBN_FPD;VAKBN.E;2026-04-30;33.64;33.99;-1.03;34.17;33.38;34.32;33.55;33.79;366914992;0;108579;11329;198852;-7256;34.17;153765;0;45;4
2026-04-22;F_VAKBN0526;VAKBN_05/2026_VIS;D_EQ;SSF;D_EQ_FPD;DE_VAKBN_FPD;VAKBN.E;2026-05-25;34.41;34.84;-1.23;34.95;34.22;35.13;34.38;34.65;31099290;0;8976;846;20693;1921;34.95;10485;0;3;2
2026-04-22;F_VAKBN0626;VAKBN_06/2026_VIS;D_EQ;SSF;D_EQ_FPD;DE_VAKBN_FPD;VAKBN.E;2026-06-30;35.51;35.7;-0.53;37.48;35.31;37.48;35.54;36.65;652334;0;178;40;433;143;;;;;
2026-04-22;F_VESTL0426;VESTL_04/2026_VIS;D_EQ;SSF;D_EQ_FPD;DE_VESTL_FPD;VESTL.E;2026-04-30;28.8;29.79;-3.32;29.81;28.63;29.82;28.63;29.16;85261118;0;29239;4616;81431;-401;;;;;
2026-04-22;F_VESTL0526;VESTL_05/2026_VIS;D_EQ;SSF;D_EQ_FPD;DE_VESTL_FPD;VESTL.E;2026-05-25;29.62;30.56;-3.08;30.58;29.49;30.58;29.61;29.84;14059042;0;4711;959;16009;1657;;;;;
2026-04-22;F_VESTL0626;VESTL_06/2026_VIS;D_EQ;SSF;D_EQ_FPD;DE_VESTL_FPD;VESTL.E;2026-06-30;30.48;31.61;-3.57;31.5;30.48;31.5;30.48;30.86;2940648;0;953;221;1349;675;;;;;
2026-04-22;F_X10XB0426;BIST BDLKT10_04/2026_VIS;D_IX;INF;D_IX_FUT;DE_BISTBDLIKIT10_FUT;D_X10XBD;2026-04-30;19212;19212;0;0;0;0;0;0;0;0;0;0;64;0;;;;;
2026-04-22;F_X10XB0626;BIST BDLKT10_06/2026_VIS;D_IX;INF;D_IX_FUT;DE_BISTBDLIKIT10_FUT;D_X10XBD;2026-06-30;20168;20168;0;0;0;0;0;0;0;0;0;0;44;0;;;;;
2026-04-22;F_X10XB0826;BIST BDLKT10_08/2026_VIS;D_IX;INF;D_IX_FUT;DE_BISTBDLIKIT10_FUT;D_X10XBD;2026-08-31;21280;21280;0;0;0;0;0;0;0;0;0;0;9;0;;;;;
2026-04-22;F_X10XB1226;BIST BDLKT10_12/2026_VIS;D_IX;INF;D_IX_FUT;DE_BISTBDLIKIT10_FUT;D_X10XBD;2026-12-31;23350;23350;0;0;0;0;0;0;0;0;0;0;3;0;;;;;
2026-04-22;F_XAGUSD0426;ONS GUMUS_04/2026_VIS;D_PM;PMFU;D_PM_FUT;DE_XAGUSD_FUT;D_XAGUSD;2026-04-30;78.1;77.09;1.31;78.55;77.6;78.86;78.15;78.229;1887267035.47212;0;53838;7950;147313;-20913;78.55;3062255.01885;0;87;43
2026-04-22;F_XAGUSD0626;ONS GUMUS_06/2026_VIS;D_PM;PMFU;D_PM_FUT;DE_XAGUSD_FUT;D_XAGUSD;2026-06-30;79.92;79.31;0.77;80.6;79.42;80.96;79.96;80.104;733468740.15699;0;20434;2420;107078;9553;80.6;1155742.0992;0;32;21
2026-04-22;F_XAGUSD0826;ONS GUMUS_08/2026_VIS;D_PM;PMFU;D_PM_FUT;DE_XAGUSD_FUT;D_XAGUSD;2026-08-31;81.2;80.43;0.96;81.3;80.86;82.25;81.21;81.458;13140503.57187;0;360;109;5101;-117;81.3;36430.6113;0;1;1
2026-04-22;F_XAUTRYM0426;GR ALTIN_04/2026_VIS;D_PM;PMF;D_PM_FUT;DE_XAUTRY_FUT;D_XAUTRY;2026-04-30;6895.9;6894.2;0.02;6925.6;6878.2;6939.1;6917.1;6912.98;584312959.2;0;84524;3184;536933;-36635;6925.6;20776.8;0;3;2
2026-04-22;F_XAUTRYM0626;GR ALTIN_06/2026_VIS;D_PM;PMF;D_PM_FUT;DE_XAUTRY_FUT;D_XAUTRY;2026-06-30;7404.5;7396.8;0.1;7430;7379.4;7446.1;7409.6;7416.23;270648054.5;0;36494;1088;648076;23738;7430;74300;0;10;5
2026-04-22;F_XAUTRYM0826;GR ALTIN_08/2026_VIS;D_PM;PMF;D_PM_FUT;DE_XAUTRY_FUT;D_XAUTRY;2026-08-31;7924.4;7919.5;0.06;7940;7915;7962.7;7933.6;7952.73;6338326;0;797;142;96681;65;7940;39700;0;5;1
2026-04-22;F_XAUUSD0426;ONS ALTIN_04/2026_VIS;D_PM;PMFU;D_PM_FUT;DE_XAUUSD_FUT;D_XAUUSD;2026-04-30;4745.8;4746.1;-0.01;4772;4738.5;4780.8;4746.4;4760.85;10371254058.21573;0;48615;6491;115315;-6405;4772;1496836.5804;0;7;7
2026-04-22;F_XAUUSD0626;ONS ALTIN_06/2026_VIS;D_PM;PMFU;D_PM_FUT;DE_XAUUSD_FUT;D_XAUUSD;2026-06-30;4828.8;4829;0;4840;4814.5;4864.5;4830.7;4839.95;1254654094.64994;0;5785;1280;69727;1294;4840;867523.536;0;4;2
2026-04-22;F_XAUUSD0826;ONS ALTIN_08/2026_VIS;D_PM;PMFU;D_PM_FUT;DE_XAUUSD_FUT;D_XAUUSD;2026-08-31;4916.2;4903.5;0.26;4904;4895.1;4930.4;4898.5;4914.78;11892506.43879;0;54;31;4015;-376;;;;;
2026-04-22;F_XCUUSD0426;TON BAKIR_04/2026_VIS;D_MT;MTF;D_MT_FUT;DE_XCUUSD_FUT;D_XCUUSD;2026-04-30;13251.5;13081;1.3;13081;13081;13309.5;13309.5;13236.73;2313242.994825;0;39;15;223;-25;;;;;
2026-04-22;F_XCUUSD0626;TON BAKIR_06/2026_VIS;D_MT;MTF;D_MT_FUT;DE_XCUUSD_FUT;D_XCUUSD;2026-06-30;13738;13561.5;1.3;13740.5;13733;13740.5;13733;13738;184680.34614;0;3;3;108;-1;;;;;
2026-04-22;F_XCUUSD0826;TON BAKIR_08/2026_VIS;D_MT;MTF;D_MT_FUT;DE_XCUUSD_FUT;D_XCUUSD;2026-08-31;13838;13838;0;0;0;0;0;0;0;0;0;0;29;0;;;;;
2026-04-22;F_XLBNK0426;BIST L.BANKA_04/2026_VIS;D_IX;INF;D_IX_FUT;DE_BISTLBANKA_FUT;D_XLBNKD;2026-04-30;15893;16141;-1.54;16088;15813;16277;15895;15995.91;641755810;0;4012;1633;4433;459;16088;321760;0;2;2
2026-04-22;F_XLBNK0626;BIST L.BANKA_06/2026_VIS;D_IX;INF;D_IX_FUT;DE_BISTLBANKA_FUT;D_XLBNKD;2026-06-30;16716;17026;-1.82;16769;16663;17142;16746;16889.71;29557000;0;175;119;1111;33;;;;;
2026-04-22;F_XLBNK0826;BIST L.BANKA_08/2026_VIS;D_IX;INF;D_IX_FUT;DE_BISTLBANKA_FUT;D_XLBNKD;2026-08-31;17811;18017;-1.14;17843;17574;17898;17574;17810.75;1424860;0;8;7;50;-2;;;;;
2026-04-22;F_XLBNK1226;BIST L.BANKA_12/2026_VIS;D_IX;INF;D_IX_FUT;DE_BISTLBANKA_FUT;D_XLBNKD;2026-12-31;20156;20156;0;0;0;0;0;0;0;0;0;0;24;0;;;;;
2026-04-22;F_XPDUSD0426;ONS PALADYUM_04/2026_VIS;D_PM;PMFU;D_PM_FUT;DE_XPDUSD_FUT;D_XPDUSD;2026-04-30;1568;1549.6;1.19;1560.4;1555.4;1574;1560.1;1568.57;5060718.2637;0;72;35;470;-2;;;;;
2026-04-22;F_XPDUSD0626;ONS PALADYUM_06/2026_VIS;D_PM;PMFU;D_PM_FUT;DE_XPDUSD_FUT;D_XPDUSD;2026-06-30;1592.8;1595.1;-0.14;1603.9;1581.6;1603.9;1581.6;1592.75;142742.57355;0;2;2;227;0;;;;;
2026-04-22;F_XPDUSD0826;ONS PALADYUM_08/2026_VIS;D_PM;PMFU;D_PM_FUT;DE_XPDUSD_FUT;D_XPDUSD;2026-08-31;1679.8;1679.8;0;0;0;0;0;0;0;0;0;0;32;0;;;;;
2026-04-22;F_XPTUSD0426;ONS PLATIN_04/2026_VIS;D_PM;PMFU;D_PM_FUT;DE_XPTUSD_FUT;D_XPTUSD;2026-04-30;2084.1;2052.5;1.54;2080;2070.2;2090;2090;2080.27;6338769.53085;0;68;29;1053;4;;;;;
2026-04-22;F_XPTUSD0626;ONS PLATIN_06/2026_VIS;D_PM;PMFU;D_PM_FUT;DE_XPTUSD_FUT;D_XPTUSD;2026-06-30;2134.9;2128.6;0.3;2128.6;2128.6;2136.6;2136;2134.86;478316.45043;0;5;4;638;4;;;;;
2026-04-22;F_XPTUSD0826;ONS PLATIN_08/2026_VIS;D_PM;PMFU;D_PM_FUT;DE_XPTUSD_FUT;D_XPTUSD;2026-08-31;2240;2200.1;1.81;2240;2240;2240;2240;2240;100374.624;0;1;1;27;1;;;;;
2026-04-22;F_XSD250426;BIST XSD25_04/2026_VIS;D_IX;INF;D_IX_FUT;DE_BISTSUR25_FUT;D_XSD25D;2026-04-30;18420;18420;0;0;0;0;0;0;0;0;0;0;6;0;;;;;
2026-04-22;F_XSD250626;BIST XSD25_06/2026_VIS;D_IX;INF;D_IX_FUT;DE_BISTSUR25_FUT;D_XSD25D;2026-06-30;19849;19849;0;0;0;0;0;0;0;0;0;0;1;0;;;;;
2026-04-22;F_XSD250826;BIST XSD25_08/2026_VIS;D_IX;INF;D_IX_FUT;DE_BISTSUR25_FUT;D_XSD25D;2026-08-31;19816;19816;0;0;0;0;0;0;0;0;0;0;0;0;;;;;
2026-04-22;F_XSD251226;BIST XSD25_12/2026_VIS;D_IX;INF;D_IX_FUT;DE_BISTSUR25_FUT;D_XSD25D;2026-12-31;21773;21773;0;0;0;0;0;0;0;0;0;0;0;0;;;;;
2026-04-22;F_XU0300426;BIST 30_04/2026_VIS;D_IX;INF;D_IX_FUT;DE_BIST30_FUT;D_XU030D;2026-04-30;16595;16602;-0.04;16605;16457;16740;16604;16593.79;39301771390;0;236843;89067;422011;-4383;16605;140478300;0;846;190
2026-04-22;F_XU0300626;BIST 30_06/2026_VIS;D_IX;INF;D_IX_FUT;DE_BIST30_FUT;D_XU030D;2026-06-30;17435;17468;-0.19;17413;17305;17615;17440;17431.18;3254424470;0;18666;7705;44612;6704;17413;1567170;0;9;7
2026-04-22;F_XU0300826;BIST 30_08/2026_VIS;D_IX;INF;D_IX_FUT;DE_BIST30_FUT;D_XU030D;2026-08-31;18217;18299;-0.45;18440;18145;18497;18268;18389.92;62525720;0;340;272;517;70;;;;;
2026-04-22;F_XU0301226;BIST 30_12/2026_VIS;D_IX;INF;D_IX_FUT;DE_BIST30_FUT;D_XU030D;2026-12-31;19680;19795;-0.58;19912;19636;19912;19661;19751.61;3555290;0;18;17;976;-4;;;;;
2026-04-22;F_YKBNK0426;YKBNK_04/2026_VIS;D_EQ;SSF;D_EQ_FPD;DE_YKBNK_FPD;YKBNK.E;2026-04-30;38.25;38.95;-1.8;38.73;38.12;39.43;38.24;38.7;2758819515;0;712914;29826;678669;-711;38.73;19132620;0;4940;49
2026-04-22;F_YKBNK0526;YKBNK_05/2026_VIS;D_EQ;SSF;D_EQ_FPD;DE_YKBNK_FPD;YKBNK.E;2026-05-25;39.29;40.01;-1.8;40.01;39.14;40.43;39.3;39.63;233617747;0;59021;3345;143535;28511;;;;;
2026-04-22;F_YKBNK0626;YKBNK_06/2026_VIS;D_EQ;SSF;D_EQ_FPD;DE_YKBNK_FPD;YKBNK.E;2026-06-30;40.31;41.37;-2.56;41.32;40.21;41.32;40.33;40.55;977201;0;241;88;920;36;;;;;
2026-04-22;O_AKBNKE0426C100.00;AKBNK_04/2026_AVRUPA_OPSIYON;D_EQ;SSO;D_EQ_ECP;DE_AKBNK_ECP;AKBNK.E;2026-04-30;0.01;0.01;0;0;0;0;0;0;0;0;0;0;20128;0;;;;;
2026-04-22;O_AKBNKE0426C105.00;AKBNK_04/2026_AVRUPA_OPSIYON;D_EQ;SSO;D_EQ_ECP;DE_AKBNK_ECP;AKBNK.E;2026-04-30;0.01;0.01;0;0;0;0;0;0;0;0;0;0;128;0;;;;;
2026-04-22;O_AKBNKE0426C110.00;AKBNK_04/2026_AVRUPA_OPSIYON;D_EQ;SSO;D_EQ_ECP;DE_AKBNK_ECP;AKBNK.E;2026-04-30;0.01;0.01;0;0;0;0;0;0;0;0;0;0;0;0;;;;;
2026-04-22;O_AKBNKE0426C115.00;AKBNK_04/2026_AVRUPA_OPSIYON;D_EQ;SSO;D_EQ_ECP;DE_AKBNK_ECP;AKBNK.E;2026-04-30;0.01;0.01;0;0;0;0;0;0;0;0;0;0;0;0;;;;;
2026-04-22;O_AKBNKE0426C120.00;AKBNK_04/2026_AVRUPA_OPSIYON;D_EQ;SSO;D_EQ_ECP;DE_AKBNK_ECP;AKBNK.E;2026-04-30;0.01;0.01;0;0;0;0;0;0;0;0;0;0;0;0;;;;;
2026-04-22;O_AKBNKE0426C125.00;AKBNK_04/2026_AVRUPA_OPSIYON;D_EQ;SSO;D_EQ_ECP;DE_AKBNK_ECP;AKBNK.E;2026-04-30;0.01;0.01;0;0;0;0;0;0;0;0;0;0;0;0;;;;;
2026-04-22;O_AKBNKE0426C130.00;AKBNK_04/2026_AVRUPA_OPSIYON;D_EQ;SSO;D_EQ_ECP;DE_AKBNK_ECP;AKBNK.E;2026-04-30;0.01;0.01;0;0;0;0;0;0;0;0;0;0;0;0;;;;;
2026-04-22;O_AKBNKE0426C66.00;AKBNK_04/2026_AVRUPA_OPSIYON;D_EQ;SSO;D_EQ_ECP;DE_AKBNK_ECP;AKBNK.E;2026-04-30;13.8;15.37;-10.21;0;0;0;0;0;0;0;0;0;1031;0;;;;;
2026-04-22;O_AKBNKE0426C68.00;AKBNK_04/2026_AVRUPA_OPSIYON;D_EQ;SSO;D_EQ_ECP;DE_AKBNK_ECP;AKBNK.E;2026-04-30;11.82;13.39;-11.73;0;0;0;0;0;0;0;0;0;954;0;;;;;
2026-04-22;O_AKBNKE0426C70.00;AKBNK_04/2026_AVRUPA_OPSIYON;D_EQ;SSO;D_EQ_ECP;DE_AKBNK_ECP;AKBNK.E;2026-04-30;9.85;11.42;-13.75;0;0;0;0;0;0;0;0;0;1000;0;;;;;
2026-04-22;O_AKBNKE0426C74.00;AKBNK_04/2026_AVRUPA_OPSIYON;D_EQ;SSO;D_EQ_ECP;DE_AKBNK_ECP;AKBNK.E;2026-04-30;6.08;7.58;-19.79;0;0;0;0;0;0;0;0;0;2250;0;;;;;
2026-04-22;O_AKBNKE0426C76.00;AKBNK_04/2026_AVRUPA_OPSIYON;D_EQ;SSO;D_EQ_ECP;DE_AKBNK_ECP;AKBNK.E;2026-04-30;4.39;5.8;-24.31;0;0;0;0;0;0;0;0;0;6329;0;;;;;
2026-04-22;O_AKBNKE0426C78.00;AKBNK_04/2026_AVRUPA_OPSIYON;D_EQ;SSO;D_EQ_ECP;DE_AKBNK_ECP;AKBNK.E;2026-04-30;2.96;4.2;-29.52;0;0;0;0;0;0;0;0;0;628;0;;;;;
2026-04-22;O_AKBNKE0426C80.00;AKBNK_04/2026_AVRUPA_OPSIYON;D_EQ;SSO;D_EQ_ECP;DE_AKBNK_ECP;AKBNK.E;2026-04-30;1.84;2.86;-35.66;3.39;1.49;3.39;1.54;2.13;6016000;160053;752;7;6110;0;;;;;
2026-04-22;O_AKBNKE0426C82.00;AKBNK_04/2026_AVRUPA_OPSIYON;D_EQ;SSO;D_EQ_ECP;DE_AKBNK_ECP;AKBNK.E;2026-04-30;1.05;1.81;-41.99;1.31;0.95;1.31;0.95;1.16;377200;5330;46;4;2321;0;;;;;
2026-04-22;O_AKBNKE0426C84.00;AKBNK_04/2026_AVRUPA_OPSIYON;D_EQ;SSO;D_EQ_ECP;DE_AKBNK_ECP;AKBNK.E;2026-04-30;0.55;1.07;-48.6;1.03;1.03;1.03;1.03;1.03;386400;4738;46;1;2500;0;;;;;
2026-04-22;O_AKBNKE0426C86.00;AKBNK_04/2026_AVRUPA_OPSIYON;D_EQ;SSO;D_EQ_ECP;DE_AKBNK_ECP;AKBNK.E;2026-04-30;0.26;0.59;-55.93;0;0;0;0;0;0;0;0;0;1400;0;;;;;
2026-04-22;O_AKBNKE0426C88.00;AKBNK_04/2026_AVRUPA_OPSIYON;D_EQ;SSO;D_EQ_ECP;DE_AKBNK_ECP;AKBNK.E;2026-04-30;0.12;0.3;-60;0;0;0;0;0;0;0;0;0;1664;0;;;;;
2026-04-22;O_AKBNKE0426C90.00;AKBNK_04/2026_AVRUPA_OPSIYON;D_EQ;SSO;D_EQ_ECP;DE_AKBNK_ECP;AKBNK.E;2026-04-30;0.05;0.15;-66.67;0;0;0;0;0;0;0;0;0;3175;0;;;;;
2026-04-22;O_AKBNKE0426C92.00;AKBNK_04/2026_AVRUPA_OPSIYON;D_EQ;SSO;D_EQ_ECP;DE_AKBNK_ECP;AKBNK.E;2026-04-30;0.02;0.07;-71.43;0;0;0;0;0;0;0;0;0;0;0;;;;;
2026-04-22;O_AKBNKE0426C94.00;AKBNK_04/2026_AVRUPA_OPSIYON;D_EQ;SSO;D_EQ_ECP;DE_AKBNK_ECP;AKBNK.E;2026-04-30;0.01;0.03;-66.67;0;0;0;0;0;0;0;0;0;0;0;;;;;
2026-04-22;O_AKBNKE0426C96.00;AKBNK_04/2026_AVRUPA_OPSIYON;D_EQ;SSO;D_EQ_ECP;DE_AKBNK_ECP;AKBNK.E;2026-04-30;0.01;0.01;0;0;0;0;0;0;0;0;0;0;0;0;;;;;
2026-04-22;O_AKBNKE0426C98.00;AKBNK_04/2026_AVRUPA_OPSIYON;D_EQ;SSO;D_EQ_ECP;DE_AKBNK_ECP;AKBNK.E;2026-04-30;0.01;0.01;0;0;0;0;0;0;0;0;0;0;670;0;;;;;
2026-04-22;O_AKBNKE0426P100.00;AKBNK_04/2026_AVRUPA_OPSIYON;D_EQ;SSO;D_EQ_EPP;DE_AKBNK_EPP;AKBNK.E;2026-04-30;19.92;18.32;8.73;0;0;0;0;0;0;0;0;0;0;0;;;;;
2026-04-22;O_AKBNKE0426P105.00;AKBNK_04/2026_AVRUPA_OPSIYON;D_EQ;SSO;D_EQ_EPP;DE_AKBNK_EPP;AKBNK.E;2026-04-30;24.88;23.27;6.92;0;0;0;0;0;0;0;0;0;0;0;;;;;
2026-04-22;O_AKBNKE0426P56.00;AKBNK_04/2026_AVRUPA_OPSIYON;D_EQ;SSO;D_EQ_EPP;DE_AKBNK_EPP;AKBNK.E;2026-04-30;0.01;0.01;0;0;0;0;0;0;0;0;0;0;0;0;;;;;
2026-04-22;O_AKBNKE0426P58.00;AKBNK_04/2026_AVRUPA_OPSIYON;D_EQ;SSO;D_EQ_EPP;DE_AKBNK_EPP;AKBNK.E;2026-04-30;0.01;0.01;0;0;0;0;0;0;0;0;0;0;0;0;;;;;
2026-04-22;O_AKBNKE0426P60.00;AKBNK_04/2026_AVRUPA_OPSIYON;D_EQ;SSO;D_EQ_EPP;DE_AKBNK_EPP;AKBNK.E;2026-04-30;0.01;0.01;0;0;0;0;0;0;0;0;0;0;0;0;;;;;
2026-04-22;O_AKBNKE0426P62.00;AKBNK_04/2026_AVRUPA_OPSIYON;D_EQ;SSO;D_EQ_EPP;DE_AKBNK_EPP;AKBNK.E;2026-04-30;0.01;0.01;0;0;0;0;0;0;0;0;0;0;6;0;;;;;
2026-04-22;O_AKBNKE0426P64.00;AKBNK_04/2026_AVRUPA_OPSIYON;D_EQ;SSO;D_EQ_EPP;DE_AKBNK_EPP;AKBNK.E;2026-04-30;0.01;0.01;0;0;0;0;0;0;0;0;0;0;3969;0;;;;;
2026-04-22;O_AKBNKE0426P66.00;AKBNK_04/2026_AVRUPA_OPSIYON;D_EQ;SSO;D_EQ_EPP;DE_AKBNK_EPP;AKBNK.E;2026-04-30;0.01;0.01;0;0;0;0;0;0;0;0;0;0;3000;0;;;;;
2026-04-22;O_AKBNKE0426P68.00;AKBNK_04/2026_AVRUPA_OPSIYON;D_EQ;SSO;D_EQ_EPP;DE_AKBNK_EPP;AKBNK.E;2026-04-30;0.01;0.01;0;0;0;0;0;0;0;0;0;0;800;0;;;;;
2026-04-22;O_AKBNKE0426P70.00;AKBNK_04/2026_AVRUPA_OPSIYON;D_EQ;SSO;D_EQ_EPP;DE_AKBNK_EPP;AKBNK.E;2026-04-30;0.02;0.02;0;0;0;0;0;0;0;0;0;0;1144;0;;;;;
2026-04-22;O_AKBNKE0426P72.00;AKBNK_04/2026_AVRUPA_OPSIYON;D_EQ;SSO;D_EQ_EPP;DE_AKBNK_EPP;AKBNK.E;2026-04-30;0.08;0.05;60;0;0;0;0;0;0;0;0;0;2492;0;;;;;
2026-04-22;O_AKBNKE0426P74.00;AKBNK_04/2026_AVRUPA_OPSIYON;D_EQ;SSO;D_EQ_EPP;DE_AKBNK_EPP;AKBNK.E;2026-04-30;0.22;0.14;57.14;0.35;0.35;0.36;0.36;0.36;2220000;10745;300;2;1500;-300;;;;;
2026-04-22;O_AKBNKE0426P76.00;AKBNK_04/2026_AVRUPA_OPSIYON;D_EQ;SSO;D_EQ_EPP;DE_AKBNK_EPP;AKBNK.E;2026-04-30;0.51;0.34;50;0;0;0;0;0;0;0;0;0;5000;0;;;;;
2026-04-22;O_AKBNKE0426P78.00;AKBNK_04/2026_AVRUPA_OPSIYON;D_EQ;SSO;D_EQ_EPP;DE_AKBNK_EPP;AKBNK.E;2026-04-30;1.06;0.72;47.22;0;0;0;0;0;0;0;0;0;1673;0;;;;;
2026-04-22;O_AKBNKE0426P80.00;AKBNK_04/2026_AVRUPA_OPSIYON;D_EQ;SSO;D_EQ_EPP;DE_AKBNK_EPP;AKBNK.E;2026-04-30;1.92;1.36;41.18;1.54;1.54;2.1;1.83;1.9;3360000;79760;420;12;1278;136;;;;;
2026-04-22;O_AKBNKE0426P82.00;AKBNK_04/2026_AVRUPA_OPSIYON;D_EQ;SSO;D_EQ_EPP;DE_AKBNK_EPP;AKBNK.E;2026-04-30;3.12;2.3;35.65;1.69;1.69;1.69;1.69;1.69;1820400;37518;222;5;175;100;;;;;
2026-04-22;O_AKBNKE0426P84.00;AKBNK_04/2026_AVRUPA_OPSIYON;D_EQ;SSO;D_EQ_EPP;DE_AKBNK_EPP;AKBNK.E;2026-04-30;4.6;3.54;29.94;2.75;2.75;2.75;2.75;2.75;2100000;68750;250;5;203;128;;;;;
2026-04-22;O_AKBNKE0426P86.00;AKBNK_04/2026_AVRUPA_OPSIYON;D_EQ;SSO;D_EQ_EPP;DE_AKBNK_EPP;AKBNK.E;2026-04-30;6.3;5.04;25;0;0;0;0;0;0;0;0;0;1080;0;;;;;
2026-04-22;O_AKBNKE0426P88.00;AKBNK_04/2026_AVRUPA_OPSIYON;D_EQ;SSO;D_EQ_EPP;DE_AKBNK_EPP;AKBNK.E;2026-04-30;8.14;6.73;20.95;0;0;0;0;0;0;0;0;0;0;0;;;;;
2026-04-22;O_AKBNKE0426P90.00;AKBNK_04/2026_AVRUPA_OPSIYON;D_EQ;SSO;D_EQ_EPP;DE_AKBNK_EPP;AKBNK.E;2026-04-30;10.05;8.56;17.41;0;0;0;0;0;0;0;0;0;0;0;;;;;
2026-04-22;O_AKBNKE0426P92.00;AKBNK_04/2026_AVRUPA_OPSIYON;D_EQ;SSO;D_EQ_EPP;DE_AKBNK_EPP;AKBNK.E;2026-04-30;12.01;10.46;14.82;0;0;0;0;0;0;0;0;0;0;0;;;;;
2026-04-22;O_AKBNKE0426P94.00;AKBNK_04/2026_AVRUPA_OPSIYON;D_EQ;SSO;D_EQ_EPP;DE_AKBNK_EPP;AKBNK.E;2026-04-30;13.98;12.4;12.74;0;0;0;0;0;0;0;0;0;0;0;;;;;
2026-04-22;O_AKBNKE0426P96.00;AKBNK_04/2026_AVRUPA_OPSIYON;D_EQ;SSO;D_EQ_EPP;DE_AKBNK_EPP;AKBNK.E;2026-04-30;15.96;14.37;11.06;0;0;0;0;0;0;0;0;0;0;0;;;;;
2026-04-22;O_AKBNKE0426P98.00;AKBNK_04/2026_AVRUPA_OPSIYON;D_EQ;SSO;D_EQ_EPP;DE_AKBNK_EPP;AKBNK.E;2026-04-30;17.94;16.34;9.79;0;0;0;0;0;0;0;0;0;0;0;;;;;
2026-04-22;O_AKBNKE0526C100.00;AKBNK_05/2026_AVRUPA_OPSIYON;D_EQ;SSO;D_EQ_ECP;DE_AKBNK_ECP;AKBNK.E;2026-05-25;0.29;0.43;-32.56;0;0;0;0;0;0;0;0;0;1;0;;;;;
2026-04-22;O_AKBNKE0526C105.00;AKBNK_05/2026_AVRUPA_OPSIYON;D_EQ;SSO;D_EQ_ECP;DE_AKBNK_ECP;AKBNK.E;2026-05-25;0.13;0.2;-35;0;0;0;0;0;0;0;0;0;0;0;;;;;
2026-04-22;O_AKBNKE0526C110.00;AKBNK_05/2026_AVRUPA_OPSIYON;D_EQ;SSO;D_EQ_ECP;DE_AKBNK_ECP;AKBNK.E;2026-05-25;0.05;0.09;-44.44;0;0;0;0;0;0;0;0;0;0;0;;;;;
2026-04-22;O_AKBNKE0526C115.00;AKBNK_05/2026_AVRUPA_OPSIYON;D_EQ;SSO;D_EQ_ECP;DE_AKBNK_ECP;AKBNK.E;2026-05-25;0.02;0.04;-50;0;0;0;0;0;0;0;0;0;0;0;;;;;
2026-04-22;O_AKBNKE0526C120.00;AKBNK_05/2026_AVRUPA_OPSIYON;D_EQ;SSO;D_EQ_ECP;DE_AKBNK_ECP;AKBNK.E;2026-05-25;0.01;0.02;-50;0;0;0;0;0;0;0;0;0;0;0;;;;;
2026-04-22;O_AKBNKE0526C125.00;AKBNK_05/2026_AVRUPA_OPSIYON;D_EQ;SSO;D_EQ_ECP;DE_AKBNK_ECP;AKBNK.E;2026-05-25;0.01;0.01;0;0;0;0;0;0;0;0;0;0;0;0;;;;;
2026-04-22;O_AKBNKE0526C66.00;AKBNK_05/2026_AVRUPA_OPSIYON;D_EQ;SSO;D_EQ_ECP;DE_AKBNK_ECP;AKBNK.E;2026-05-25;15.63;17.16;-8.92;0;0;0;0;0;0;0;0;0;0;0;;;;;
2026-04-22;O_AKBNKE0526C68.00;AKBNK_05/2026_AVRUPA_OPSIYON;D_EQ;SSO;D_EQ_ECP;DE_AKBNK_ECP;AKBNK.E;2026-05-25;13.81;15.32;-9.86;0;0;0;0;0;0;0;0;0;0;0;;;;;
2026-04-22;O_AKBNKE0526C70.00;AKBNK_05/2026_AVRUPA_OPSIYON;D_EQ;SSO;D_EQ_ECP;DE_AKBNK_ECP;AKBNK.E;2026-05-25;12.05;13.53;-10.94;0;0;0;0;0;0;0;0;0;0;0;;;;;
2026-04-22;O_AKBNKE0526C72.00;AKBNK_05/2026_AVRUPA_OPSIYON;D_EQ;SSO;D_EQ_ECP;DE_AKBNK_ECP;AKBNK.E;2026-05-25;10.37;11.8;-12.12;0;0;0;0;0;0;0;0;0;0;0;;;;;
2026-04-22;O_AKBNKE0526C74.00;AKBNK_05/2026_AVRUPA_OPSIYON;D_EQ;SSO;D_EQ_ECP;DE_AKBNK_ECP;AKBNK.E;2026-05-25;8.78;10.15;-13.5;0;0;0;0;0;0;0;0;0;0;0;;;;;
2026-04-22;O_AKBNKE0526C76.00;AKBNK_05/2026_AVRUPA_OPSIYON;D_EQ;SSO;D_EQ_ECP;DE_AKBNK_ECP;AKBNK.E;2026-05-25;7.31;8.61;-15.1;0;0;0;0;0;0;0;0;0;0;0;;;;;
2026-04-22;O_AKBNKE0526C78.00;AKBNK_05/2026_AVRUPA_OPSIYON;D_EQ;SSO;D_EQ_ECP;DE_AKBNK_ECP;AKBNK.E;2026-05-25;5.99;7.18;-16.57;0;0;0;0;0;0;0;0;0;101;0;;;;;
2026-04-22;O_AKBNKE0526C80.00;AKBNK_05/2026_AVRUPA_OPSIYON;D_EQ;SSO;D_EQ_ECP;DE_AKBNK_ECP;AKBNK.E;2026-05-25;4.83;5.9;-18.14;4.8;4.76;4.8;4.76;4.76;72000;4288;9;2;34;9;;;;;
2026-04-22;O_AKBNKE0526C82.00;AKBNK_05/2026_AVRUPA_OPSIYON;D_EQ;SSO;D_EQ_ECP;DE_AKBNK_ECP;AKBNK.E;2026-05-25;3.82;4.78;-20.08;3.8;3.8;3.8;3.8;3.8;8200;380;1;1;75;0;;;;;
2026-04-22;O_AKBNKE0526C84.00;AKBNK_05/2026_AVRUPA_OPSIYON;D_EQ;SSO;D_EQ_ECP;DE_AKBNK_ECP;AKBNK.E;2026-05-25;2.98;3.81;-21.78;3.74;3.74;3.74;3.74;3.74;8400;374;1;1;76;1;;;;;
2026-04-22;O_AKBNKE0526C86.00;AKBNK_05/2026_AVRUPA_OPSIYON;D_EQ;SSO;D_EQ_ECP;DE_AKBNK_ECP;AKBNK.E;2026-05-25;2.3;3;-23.33;2.97;2.97;3;2.98;2.98;4867600;168793;566;11;233;183;;;;;
2026-04-22;O_AKBNKE0526C88.00;AKBNK_05/2026_AVRUPA_OPSIYON;D_EQ;SSO;D_EQ_ECP;DE_AKBNK_ECP;AKBNK.E;2026-05-25;1.76;2.33;-24.46;0;0;0;0;0;0;0;0;0;0;0;;;;;
2026-04-22;O_AKBNKE0526C90.00;AKBNK_05/2026_AVRUPA_OPSIYON;D_EQ;SSO;D_EQ_ECP;DE_AKBNK_ECP;AKBNK.E;2026-05-25;1.33;1.8;-26.11;0;0;0;0;0;0;0;0;0;373;0;;;;;
2026-04-22;O_AKBNKE0526C92.00;AKBNK_05/2026_AVRUPA_OPSIYON;D_EQ;SSO;D_EQ_ECP;DE_AKBNK_ECP;AKBNK.E;2026-05-25;0.99;1.37;-27.74;0;0;0;0;0;0;0;0;0;0;0;;;;;
2026-04-22;O_AKBNKE0526C94.00;AKBNK_05/2026_AVRUPA_OPSIYON;D_EQ;SSO;D_EQ_ECP;DE_AKBNK_ECP;AKBNK.E;2026-05-25;0.74;1.04;-28.85;0;0;0;0;0;0;0;0;0;0;0;;;;;
2026-04-22;O_AKBNKE0526C96.00;AKBNK_05/2026_AVRUPA_OPSIYON;D_EQ;SSO;D_EQ_ECP;DE_AKBNK_ECP;AKBNK.E;2026-05-25;0.54;0.78;-30.77;0;0;0;0;0;0;0;0;0;1;0;;;;;
2026-04-22;O_AKBNKE0526C98.00;AKBNK_05/2026_AVRUPA_OPSIYON;D_EQ;SSO;D_EQ_ECP;DE_AKBNK_ECP;AKBNK.E;2026-05-25;0.4;0.58;-31.03;0;0;0;0;0;0;0;0;0;0;0;;;;;
2026-04-22;O_AKBNKE0526P100.00;AKBNK_05/2026_AVRUPA_OPSIYON;D_EQ;SSO;D_EQ_EPP;DE_AKBNK_EPP;AKBNK.E;2026-05-25;17.66;16.2;9.01;0;0;0;0;0;0;0;0;0;0;0;;;;;
2026-04-22;O_AKBNKE0526P56.00;AKBNK_05/2026_AVRUPA_OPSIYON;D_EQ;SSO;D_EQ_EPP;DE_AKBNK_EPP;AKBNK.E;2026-05-25;0.01;0.01;0;0;0;0;0;0;0;0;0;0;0;0;;;;;
2026-04-22;O_AKBNKE0526P58.00;AKBNK_05/2026_AVRUPA_OPSIYON;D_EQ;SSO;D_EQ_EPP;DE_AKBNK_EPP;AKBNK.E;2026-05-25;0.01;0.01;0;0;0;0;0;0;0;0;0;0;0;0;;;;;
2026-04-22;O_AKBNKE0526P60.00;AKBNK_05/2026_AVRUPA_OPSIYON;D_EQ;SSO;D_EQ_EPP;DE_AKBNK_EPP;AKBNK.E;2026-05-25;0.02;0.02;0;0;0;0;0;0;0;0;0;0;0;0;;;;;
2026-04-22;O_AKBNKE0526P62.00;AKBNK_05/2026_AVRUPA_OPSIYON;D_EQ;SSO;D_EQ_EPP;DE_AKBNK_EPP;AKBNK.E;2026-05-25;0.04;0.03;33.33;0;0;0;0;0;0;0;0;0;0;0;;;;;
2026-04-22;O_AKBNKE0526P64.00;AKBNK_05/2026_AVRUPA_OPSIYON;D_EQ;SSO;D_EQ_EPP;DE_AKBNK_EPP;AKBNK.E;2026-05-25;0.09;0.06;50;0;0;0;0;0;0;0;0;0;0;0;;;;;
2026-04-22;O_AKBNKE0526P66.00;AKBNK_05/2026_AVRUPA_OPSIYON;D_EQ;SSO;D_EQ_EPP;DE_AKBNK_EPP;AKBNK.E;2026-05-25;0.15;0.12;25;0;0;0;0;0;0;0;0;0;0;0;;;;;
2026-04-22;O_AKBNKE0526P68.00;AKBNK_05/2026_AVRUPA_OPSIYON;D_EQ;SSO;D_EQ_EPP;DE_AKBNK_EPP;AKBNK.E;2026-05-25;0.27;0.21;28.57;0;0;0;0;0;0;0;0;0;0;0;;;;;
2026-04-22;O_AKBNKE0526P70.00;AKBNK_05/2026_AVRUPA_OPSIYON;D_EQ;SSO;D_EQ_EPP;DE_AKBNK_EPP;AKBNK.E;2026-05-25;0.44;0.34;29.41;0;0;0;0;0;0;0;0;0;0;0;;;;;
2026-04-22;O_AKBNKE0526P72.00;AKBNK_05/2026_AVRUPA_OPSIYON;D_EQ;SSO;D_EQ_EPP;DE_AKBNK_EPP;AKBNK.E;2026-05-25;0.68;0.54;25.93;0;0;0;0;0;0;0;0;0;600;0;;;;;
2026-04-22;O_AKBNKE0526P74.00;AKBNK_05/2026_AVRUPA_OPSIYON;D_EQ;SSO;D_EQ_EPP;DE_AKBNK_EPP;AKBNK.E;2026-05-25;1.03;0.83;24.1;0;0;0;0;0;0;0;0;0;1000;0;;;;;
2026-04-22;O_AKBNKE0526P76.00;AKBNK_05/2026_AVRUPA_OPSIYON;D_EQ;SSO;D_EQ_EPP;DE_AKBNK_EPP;AKBNK.E;2026-05-25;1.5;1.21;23.97;0;0;0;0;0;0;0;0;0;0;0;;;;;
2026-04-22;O_AKBNKE0526P78.00;AKBNK_05/2026_AVRUPA_OPSIYON;D_EQ;SSO;D_EQ_EPP;DE_AKBNK_EPP;AKBNK.E;2026-05-25;2.1;1.72;22.09;1.89;1.89;1.89;1.89;1.89;78000;1890;10;1;300;0;;;;;
2026-04-22;O_AKBNKE0526P80.00;AKBNK_05/2026_AVRUPA_OPSIYON;D_EQ;SSO;D_EQ_EPP;DE_AKBNK_EPP;AKBNK.E;2026-05-25;2.87;2.37;21.1;0;0;0;0;0;0;0;0;0;0;0;;;;;
2026-04-22;O_AKBNKE0526P82.00;AKBNK_05/2026_AVRUPA_OPSIYON;D_EQ;SSO;D_EQ_EPP;DE_AKBNK_EPP;AKBNK.E;2026-05-25;3.8;3.18;19.5;0;0;0;0;0;0;0;0;0;1300;0;;;;;
2026-04-22;O_AKBNKE0526P84.00;AKBNK_05/2026_AVRUPA_OPSIYON;D_EQ;SSO;D_EQ_EPP;DE_AKBNK_EPP;AKBNK.E;2026-05-25;4.9;4.14;18.36;3.93;3.89;3.93;3.89;3.91;4116000;191708;490;4;565;465;;;;;
2026-04-22;O_AKBNKE0526P86.00;AKBNK_05/2026_AVRUPA_OPSIYON;D_EQ;SSO;D_EQ_EPP;DE_AKBNK_EPP;AKBNK.E;2026-05-25;6.14;5.26;16.73;4.99;4.99;5;5;5;8600000;499817;1000;10;1000;900;;;;;
2026-04-22;O_AKBNKE0526P88.00;AKBNK_05/2026_AVRUPA_OPSIYON;D_EQ;SSO;D_EQ_EPP;DE_AKBNK_EPP;AKBNK.E;2026-05-25;7.53;6.52;15.49;0;0;0;0;0;0;0;0;0;517;0;;;;;
2026-04-22;O_AKBNKE0526P90.00;AKBNK_05/2026_AVRUPA_OPSIYON;D_EQ;SSO;D_EQ_EPP;DE_AKBNK_EPP;AKBNK.E;2026-05-25;9.04;7.92;14.14;0;0;0;0;0;0;0;0;0;0;0;;;;;
2026-04-22;O_AKBNKE0526P92.00;AKBNK_05/2026_AVRUPA_OPSIYON;D_EQ;SSO;D_EQ_EPP;DE_AKBNK_EPP;AKBNK.E;2026-05-25;10.64;9.42;12.95;0;0;0;0;0;0;0;0;0;0;0;;;;;
2026-04-22;O_AKBNKE0526P94.00;AKBNK_05/2026_AVRUPA_OPSIYON;D_EQ;SSO;D_EQ_EPP;DE_AKBNK_EPP;AKBNK.E;2026-05-25;12.31;11.02;11.71;0;0;0;0;0;0;0;0;0;0;0;;;;;
2026-04-22;O_AKBNKE0526P96.00;AKBNK_05/2026_AVRUPA_OPSIYON;D_EQ;SSO;D_EQ_EPP;DE_AKBNK_EPP;AKBNK.E;2026-05-25;14.05;12.69;10.72;0;0;0;0;0;0;0;0;0;0;0;;;;;
2026-04-22;O_AKBNKE0526P98.00;AKBNK_05/2026_AVRUPA_OPSIYON;D_EQ;SSO;D_EQ_EPP;DE_AKBNK_EPP;AKBNK.E;2026-05-25;15.84;14.42;9.85;0;0;0;0;0;0;0;0;0;0;0;;;;;
2026-04-22;O_AKBNKE0626C100.00;AKBNK_06/2026_AVRUPA_OPSIYON;D_EQ;SSO;D_EQ_ECP;DE_AKBNK_ECP;AKBNK.E;2026-06-30;1.87;2.29;-18.34;0;0;0;0;0;0;0;0;0;0;0;;;;;
2026-04-22;O_AKBNKE0626C105.00;AKBNK_06/2026_AVRUPA_OPSIYON;D_EQ;SSO;D_EQ_ECP;DE_AKBNK_ECP;AKBNK.E;2026-06-30;1.23;1.52;-19.08;0;0;0;0;0;0;0;0;0;0;0;;;;;
2026-04-22;O_AKBNKE0626C70.00;AKBNK_06/2026_AVRUPA_OPSIYON;D_EQ;SSO;D_EQ_ECP;DE_AKBNK_ECP;AKBNK.E;2026-06-30;15.85;17.31;-8.43;0;0;0;0;0;0;0;0;0;0;0;;;;;
2026-04-22;O_AKBNKE0626C72.00;AKBNK_06/2026_AVRUPA_OPSIYON;D_EQ;SSO;D_EQ_ECP;DE_AKBNK_ECP;AKBNK.E;2026-06-30;14.29;15.72;-9.1;0;0;0;0;0;0;0;0;0;0;0;;;;;
2026-04-22;O_AKBNKE0626C74.00;AKBNK_06/2026_AVRUPA_OPSIYON;D_EQ;SSO;D_EQ_ECP;DE_AKBNK_ECP;AKBNK.E;2026-06-30;12.79;14.18;-9.8;0;0;0;0;0;0;0;0;0;0;0;;;;;
2026-04-22;O_AKBNKE0626C76.00;AKBNK_06/2026_AVRUPA_OPSIYON;D_EQ;SSO;D_EQ_ECP;DE_AKBNK_ECP;AKBNK.E;2026-06-30;11.37;12.71;-10.54;0;0;0;0;0;0;0;0;0;0;0;;;;;
2026-04-22;O_AKBNKE0626C78.00;AKBNK_06/2026_AVRUPA_OPSIYON;D_EQ;SSO;D_EQ_ECP;DE_AKBNK_ECP;AKBNK.E;2026-06-30;10.03;11.32;-11.4;0;0;0;0;0;0;0;0;0;0;0;;;;;
2026-04-22;O_AKBNKE0626C80.00;AKBNK_06/2026_AVRUPA_OPSIYON;D_EQ;SSO;D_EQ_ECP;DE_AKBNK_ECP;AKBNK.E;2026-06-30;8.79;10;-12.1;0;0;0;0;0;0;0;0;0;0;0;;;;;
2026-04-22;O_AKBNKE0626C82.00;AKBNK_06/2026_AVRUPA_OPSIYON;D_EQ;SSO;D_EQ_ECP;DE_AKBNK_ECP;AKBNK.E;2026-06-30;7.66;8.79;-12.86;0;0;0;0;0;0;0;0;0;0;0;;;;;
2026-04-22;O_AKBNKE0626C84.00;AKBNK_06/2026_AVRUPA_OPSIYON;D_EQ;SSO;D_EQ_ECP;DE_AKBNK_ECP;AKBNK.E;2026-06-30;6.63;7.68;-13.67;0;0;0;0;0;0;0;0;0;0;0;;;;;
2026-04-22;O_AKBNKE0626C86.00;AKBNK_06/2026_AVRUPA_OPSIYON;D_EQ;SSO;D_EQ_ECP;DE_AKBNK_ECP;AKBNK.E;2026-06-30;5.71;6.68;-14.52;0;0;0;0;0;0;0;0;0;0;0;;;;;
2026-04-22;O_AKBNKE0626C88.00;AKBNK_06/2026_AVRUPA_OPSIYON;D_EQ;SSO;D_EQ_ECP;DE_AKBNK_ECP;AKBNK.E;2026-06-30;4.9;5.78;-15.22;0;0;0;0;0;0;0;0;0;0;0;;;;;
2026-04-22;O_AKBNKE0626C90.00;AKBNK_06/2026_AVRUPA_OPSIYON;D_EQ;SSO;D_EQ_ECP;DE_AKBNK_ECP;AKBNK.E;2026-06-30;4.2;4.98;-15.66;0;0;0;0;0;0;0;0;0;0;0;;;;;
2026-04-22;O_AKBNKE0626C92.00;AKBNK_06/2026_AVRUPA_OPSIYON;D_EQ;SSO;D_EQ_ECP;DE_AKBNK_ECP;AKBNK.E;2026-06-30;3.59;4.29;-16.32;0;0;0;0;0;0;0;0;0;0;0;;;;;
2026-04-22;O_AKBNKE0626C94.00;AKBNK_06/2026_AVRUPA_OPSIYON;D_EQ;SSO;D_EQ_ECP;DE_AKBNK_ECP;AKBNK.E;2026-06-30;3.06;3.68;-16.85;0;0;0;0;0;0;0;0;0;0;0;;;;;
2026-04-22;O_AKBNKE0626C96.00;AKBNK_06/2026_AVRUPA_OPSIYON;D_EQ;SSO;D_EQ_ECP;DE_AKBNK_ECP;AKBNK.E;2026-06-30;2.61;3.15;-17.14;0;0;0;0;0;0;0;0;0;0;0;;;;;
2026-04-22;O_AKBNKE0626C98.00;AKBNK_06/2026_AVRUPA_OPSIYON;D_EQ;SSO;D_EQ_ECP;DE_AKBNK_ECP;AKBNK.E;2026-06-30;2.21;2.69;-17.84;0;0;0;0;0;0;0;0;0;0;0;;;;;
2026-04-22;O_AKBNKE0626P60.00;AKBNK_06/2026_AVRUPA_OPSIYON;D_EQ;SSO;D_EQ_EPP;DE_AKBNK_EPP;AKBNK.E;2026-06-30;0.12;0.1;20;0;0;0;0;0;0;0;0;0;0;0;;;;;
2026-04-22;O_AKBNKE0626P62.00;AKBNK_06/2026_AVRUPA_OPSIYON;D_EQ;SSO;D_EQ_EPP;DE_AKBNK_EPP;AKBNK.E;2026-06-30;0.18;0.15;20;0;0;0;0;0;0;0;0;0;0;0;;;;;
2026-04-22;O_AKBNKE0626P64.00;AKBNK_06/2026_AVRUPA_OPSIYON;D_EQ;SSO;D_EQ_EPP;DE_AKBNK_EPP;AKBNK.E;2026-06-30;0.27;0.22;22.73;0;0;0;0;0;0;0;0;0;0;0;;;;;
2026-04-22;O_AKBNKE0626P66.00;AKBNK_06/2026_AVRUPA_OPSIYON;D_EQ;SSO;D_EQ_EPP;DE_AKBNK_EPP;AKBNK.E;2026-06-30;0.4;0.33;21.21;0;0;0;0;0;0;0;0;0;0;0;;;;;
2026-04-22;O_AKBNKE0626P68.00;AKBNK_06/2026_AVRUPA_OPSIYON;D_EQ;SSO;D_EQ_EPP;DE_AKBNK_EPP;AKBNK.E;2026-06-30;0.56;0.47;19.15;0;0;0;0;0;0;0;0;0;0;0;;;;;
2026-04-22;O_AKBNKE0626P70.00;AKBNK_06/2026_AVRUPA_OPSIYON;D_EQ;SSO;D_EQ_EPP;DE_AKBNK_EPP;AKBNK.E;2026-06-30;0.77;0.65;18.46;0;0;0;0;0;0;0;0;0;0;0;;;;;
2026-04-22;O_AKBNKE0626P72.00;AKBNK_06/2026_AVRUPA_OPSIYON;D_EQ;SSO;D_EQ_EPP;DE_AKBNK_EPP;AKBNK.E;2026-06-30;1.04;0.89;16.85;0;0;0;0;0;0;0;0;0;0;0;;;;;
2026-04-22;O_AKBNKE0626P74.00;AKBNK_06/2026_AVRUPA_OPSIYON;D_EQ;SSO;D_EQ_EPP;DE_AKBNK_EPP;AKBNK.E;2026-06-30;1.38;1.18;16.95;0;0;0;0;0;0;0;0;0;0;0;;;;;
2026-04-22;O_AKBNKE0626P76.00;AKBNK_06/2026_AVRUPA_OPSIYON;D_EQ;SSO;D_EQ_EPP;DE_AKBNK_EPP;AKBNK.E;2026-06-30;1.79;1.54;16.23;0;0;0;0;0;0;0;0;0;0;0;;;;;
2026-04-22;O_AKBNKE0626P78.00;AKBNK_06/2026_AVRUPA_OPSIYON;D_EQ;SSO;D_EQ_EPP;DE_AKBNK_EPP;AKBNK.E;2026-06-30;2.29;1.98;15.66;0;0;0;0;0;0;0;0;0;0;0;;;;;
2026-04-22;O_AKBNKE0626P80.00;AKBNK_06/2026_AVRUPA_OPSIYON;D_EQ;SSO;D_EQ_EPP;DE_AKBNK_EPP;AKBNK.E;2026-06-30;2.87;2.5;14.8;0;0;0;0;0;0;0;0;0;0;0;;;;;
2026-04-22;O_AKBNKE0626P82.00;AKBNK_06/2026_AVRUPA_OPSIYON;D_EQ;SSO;D_EQ_EPP;DE_AKBNK_EPP;AKBNK.E;2026-06-30;3.58;3.12;14.74;0;0;0;0;0;0;0;0;0;0;0;;;;;
2026-04-22;O_AKBNKE0626P84.00;AKBNK_06/2026_AVRUPA_OPSIYON;D_EQ;SSO;D_EQ_EPP;DE_AKBNK_EPP;AKBNK.E;2026-06-30;4.38;3.84;14.06;0;0;0;0;0;0;0;0;0;0;0;;;;;
2026-04-22;O_AKBNKE0626P86.00;AKBNK_06/2026_AVRUPA_OPSIYON;D_EQ;SSO;D_EQ_EPP;DE_AKBNK_EPP;AKBNK.E;2026-06-30;5.3;4.67;13.49;0;0;0;0;0;0;0;0;0;0;0;;;;;
2026-04-22;O_AKBNKE0626P88.00;AKBNK_06/2026_AVRUPA_OPSIYON;D_EQ;SSO;D_EQ_EPP;DE_AKBNK_EPP;AKBNK.E;2026-06-30;6.32;5.6;12.86;0;0;0;0;0;0;0;0;0;0;0;;;;;
2026-04-22;O_AKBNKE0626P90.00;AKBNK_06/2026_AVRUPA_OPSIYON;D_EQ;SSO;D_EQ_EPP;DE_AKBNK_EPP;AKBNK.E;2026-06-30;7.46;6.63;12.52;0;0;0;0;0;0;0;0;0;0;0;;;;;
2026-04-22;O_AKBNKE0626P92.00;AKBNK_06/2026_AVRUPA_OPSIYON;D_EQ;SSO;D_EQ_EPP;DE_AKBNK_EPP;AKBNK.E;2026-06-30;8.68;7.77;11.71;0;0;0;0;0;0;0;0;0;0;0;;;;;
2026-04-22;O_ALARKE0426C100.00;ALARK_04/2026_AVRUPA_OPSIYON;D_EQ;SSO;D_EQ_ECP;DE_ALARK_ECP;ALARK.E;2026-04-30;0.26;0.54;-51.85;0;0;0;0;0;0;0;0;0;1;0;;;;;
2026-04-22;O_ALARKE0426C105.00;ALARK_04/2026_AVRUPA_OPSIYON;D_EQ;SSO;D_EQ_ECP;DE_ALARK_ECP;ALARK.E;2026-04-30;0.04;0.11;-63.64;0;0;0;0;0;0;0;0;0;5;0;;;;;
2026-04-22;O_ALARKE0426C110.00;ALARK_04/2026_AVRUPA_OPSIYON;D_EQ;SSO;D_EQ_ECP;DE_ALARK_ECP;ALARK.E;2026-04-30;0.01;0.02;-50;0;0;0;0;0;0;0;0;0;0;0;;;;;
2026-04-22;O_ALARKE0426C115.00;ALARK_04/2026_AVRUPA_OPSIYON;D_EQ;SSO;D_EQ_ECP;DE_ALARK_ECP;ALARK.E;2026-04-30;0.01;0.01;0;0;0;0;0;0;0;0;0;0;1;0;;;;;
2026-04-22;O_ALARKE0426C120.00;ALARK_04/2026_AVRUPA_OPSIYON;D_EQ;SSO;D_EQ_ECP;DE_ALARK_ECP;ALARK.E;2026-04-30;0.01;0.01;0;0;0;0;0;0;0;0;0;0;0;0;;;;;
2026-04-22;O_ALARKE0426C125.00;ALARK_04/2026_AVRUPA_OPSIYON;D_EQ;SSO;D_EQ_ECP;DE_ALARK_ECP;ALARK.E;2026-04-30;0.01;0.01;0;0;0;0;0;0;0;0;0;0;0;0;;;;;
2026-04-22;O_ALARKE0426C130.00;ALARK_04/2026_AVRUPA_OPSIYON;D_EQ;SSO;D_EQ_ECP;DE_ALARK_ECP;ALARK.E;2026-04-30;0.01;0.01;0;0;0;0;0;0;0;0;0;0;0;0;;;;;
2026-04-22;O_ALARKE0426C135.00;ALARK_04/2026_AVRUPA_OPSIYON;D_EQ;SSO;D_EQ_ECP;DE_ALARK_ECP;ALARK.E;2026-04-30;0.01;0.01;0;0;0;0;0;0;0;0;0;0;0;0;;;;;
2026-04-22;O_ALARKE0426C140.00;ALARK_04/2026_AVRUPA_OPSIYON;D_EQ;SSO;D_EQ_ECP;DE_ALARK_ECP;ALARK.E;2026-04-30;0.01;0.01;0;0;0;0;0;0;0;0;0;0;0;0;;;;;
2026-04-22;O_ALARKE0426C145.00;ALARK_04/2026_AVRUPA_OPSIYON;D_EQ;SSO;D_EQ_ECP;DE_ALARK_ECP;ALARK.E;2026-04-30;0.01;0.01;0;0;0;0;0;0;0;0;0;0;0;0;;;;;
2026-04-22;O_ALARKE0426C150.00;ALARK_04/2026_AVRUPA_OPSIYON;D_EQ;SSO;D_EQ_ECP;DE_ALARK_ECP;ALARK.E;2026-04-30;0.01;0.01;0;0;0;0;0;0;0;0;0;0;0;0;;;;;
2026-04-22;O_ALARKE0426C155.00;ALARK_04/2026_AVRUPA_OPSIYON;D_EQ;SSO;D_EQ_ECP;DE_ALARK_ECP;ALARK.E;2026-04-30;0.01;0.01;0;0;0;0;0;0;0;0;0;0;0;0;;;;;
2026-04-22;O_ALARKE0426C88.00;ALARK_04/2026_AVRUPA_OPSIYON;D_EQ;SSO;D_EQ_ECP;DE_ALARK_ECP;ALARK.E;2026-04-30;5.52;6.98;-20.92;0;0;0;0;0;0;0;0;0;1000;0;;;;;
2026-04-22;O_ALARKE0426C90.00;ALARK_04/2026_AVRUPA_OPSIYON;D_EQ;SSO;D_EQ_ECP;DE_ALARK_ECP;ALARK.E;2026-04-30;3.95;5.28;-25.19;0;0;0;0;0;0;0;0;0;10;0;;;;;
2026-04-22;O_ALARKE0426C92.00;ALARK_04/2026_AVRUPA_OPSIYON;D_EQ;SSO;D_EQ_ECP;DE_ALARK_ECP;ALARK.E;2026-04-30;2.64;3.79;-30.34;3.61;2.56;3.61;2.56;2.84;36800;1137;4;4;43;-1;;;;;
2026-04-22;O_ALARKE0426C94.00;ALARK_04/2026_AVRUPA_OPSIYON;D_EQ;SSO;D_EQ_ECP;DE_ALARK_ECP;ALARK.E;2026-04-30;1.65;2.56;-35.55;2.02;1.38;2.02;1.38;2;291400;6198;31;2;535;1;;;;;
2026-04-22;O_ALARKE0426C96.00;ALARK_04/2026_AVRUPA_OPSIYON;D_EQ;SSO;D_EQ_ECP;DE_ALARK_ECP;ALARK.E;2026-04-30;0.95;1.62;-41.36;0;0;0;0;0;0;0;0;0;24;0;;;;;
2026-04-22;O_ALARKE0426C98.00;ALARK_04/2026_AVRUPA_OPSIYON;D_EQ;SSO;D_EQ_ECP;DE_ALARK_ECP;ALARK.E;2026-04-30;0.51;0.97;-47.42;0;0;0;0;0;0;0;0;0;120;0;;;;;
2026-04-22;O_ALARKE0426P100.00;ALARK_04/2026_AVRUPA_OPSIYON;D_EQ;SSO;D_EQ_EPP;DE_ALARK_EPP;ALARK.E;2026-04-30;7.03;5.71;23.12;0;0;0;0;0;0;0;0;0;1;0;;;;;
2026-04-22;O_ALARKE0426P105.00;ALARK_04/2026_AVRUPA_OPSIYON;D_EQ;SSO;D_EQ_EPP;DE_ALARK_EPP;ALARK.E;2026-04-30;11.77;10.23;15.05;0;0;0;0;0;0;0;0;0;0;0;;;;;
2026-04-22;O_ALARKE0426P110.00;ALARK_04/2026_AVRUPA_OPSIYON;D_EQ;SSO;D_EQ_EPP;DE_ALARK_EPP;ALARK.E;2026-04-30;16.69;15.09;10.6;0;0;0;0;0;0;0;0;0;0;0;;;;;
2026-04-22;O_ALARKE0426P115.00;ALARK_04/2026_AVRUPA_OPSIYON;D_EQ;SSO;D_EQ_EPP;DE_ALARK_EPP;ALARK.E;2026-04-30;21.65;20.03;8.09;0;0;0;0;0;0;0;0;0;0;0;;;;;
2026-04-22;O_ALARKE0426P120.00;ALARK_04/2026_AVRUPA_OPSIYON;D_EQ;SSO;D_EQ_EPP;DE_ALARK_EPP;ALARK.E;2026-04-30;26.6;24.98;6.49;0;0;0;0;0;0;0;0;0;0;0;;;;;
2026-04-22;O_ALARKE0426P125.00;ALARK_04/2026_AVRUPA_OPSIYON;D_EQ;SSO;D_EQ_EPP;DE_ALARK_EPP;ALARK.E;2026-04-30;31.56;29.93;5.45;0;0;0;0;0;0;0;0;0;0;0;;;;;
2026-04-22;O_ALARKE0426P130.00;ALARK_04/2026_AVRUPA_OPSIYON;D_EQ;SSO;D_EQ_EPP;DE_ALARK_EPP;ALARK.E;2026-04-30;36.52;34.89;4.67;0;0;0;0;0;0;0;0;0;0;0;;;;;
2026-04-22;O_ALARKE0426P78.00;ALARK_04/2026_AVRUPA_OPSIYON;D_EQ;SSO;D_EQ_EPP;DE_ALARK_EPP;ALARK.E;2026-04-30;0.01;0.01;0;0;0;0;0;0;0;0;0;0;0;0;;;;;
2026-04-22;O_ALARKE0426P80.00;ALARK_04/2026_AVRUPA_OPSIYON;D_EQ;SSO;D_EQ_EPP;DE_ALARK_EPP;ALARK.E;2026-04-30;0.01;0.01;0;0;0;0;0;0;0;0;0;0;0;0;;;;;
2026-04-22;O_ALARKE0426P82.00;ALARK_04/2026_AVRUPA_OPSIYON;D_EQ;SSO;D_EQ_EPP;DE_ALARK_EPP;ALARK.E;2026-04-30;0.02;0.02;0;0;0;0;0;0;0;0;0;0;0;0;;;;;
2026-04-22;O_ALARKE0426P84.00;ALARK_04/2026_AVRUPA_OPSIYON;D_EQ;SSO;D_EQ_EPP;DE_ALARK_EPP;ALARK.E;2026-04-30;0.06;0.05;20;0;0;0;0;0;0;0;0;0;0;0;;;;;
2026-04-22;O_ALARKE0426P86.00;ALARK_04/2026_AVRUPA_OPSIYON;D_EQ;SSO;D_EQ_EPP;DE_ALARK_EPP;ALARK.E;2026-04-30;0.17;0.12;41.67;0;0;0;0;0;0;0;0;0;2000;0;;;;;
2026-04-22;O_ALARKE0426P88.00;ALARK_04/2026_AVRUPA_OPSIYON;D_EQ;SSO;D_EQ_EPP;DE_ALARK_EPP;ALARK.E;2026-04-30;0.39;0.26;50;0;0;0;0;0;0;0;0;0;0;0;;;;;
2026-04-22;O_ALARKE0426P90.00;ALARK_04/2026_AVRUPA_OPSIYON;D_EQ;SSO;D_EQ_EPP;DE_ALARK_EPP;ALARK.E;2026-04-30;0.8;0.54;48.15;0;0;0;0;0;0;0;0;0;118;0;;;;;
2026-04-22;O_ALARKE0426P92.00;ALARK_04/2026_AVRUPA_OPSIYON;D_EQ;SSO;D_EQ_EPP;DE_ALARK_EPP;ALARK.E;2026-04-30;1.48;1.03;43.69;1.32;1.32;1.53;1.53;1.48;36800;591;4;2;275;4;;;;;
2026-04-22;O_ALARKE0426P94.00;ALARK_04/2026_AVRUPA_OPSIYON;D_EQ;SSO;D_EQ_EPP;DE_ALARK_EPP;ALARK.E;2026-04-30;2.47;1.78;38.76;1.84;1.84;2.17;2.17;2.03;28200;609;3;3;434;3;;;;;
2026-04-22;O_ALARKE0426P96.00;ALARK_04/2026_AVRUPA_OPSIYON;D_EQ;SSO;D_EQ_EPP;DE_ALARK_EPP;ALARK.E;2026-04-30;3.76;2.83;32.86;0;0;0;0;0;0;0;0;0;70;0;;;;;
2026-04-22;O_ALARKE0426P98.00;ALARK_04/2026_AVRUPA_OPSIYON;D_EQ;SSO;D_EQ_EPP;DE_ALARK_EPP;ALARK.E;2026-04-30;5.3;4.15;27.71;4.52;4.52;4.52;4.52;4.52;98000;4520;10;1;500;0;;;;;
2026-04-22;O_ALARKE0526C100.00;ALARK_05/2026_AVRUPA_OPSIYON;D_EQ;SSO;D_EQ_ECP;DE_ALARK_ECP;ALARK.E;2026-05-25;2.44;3.08;-20.78;0;0;0;0;0;0;0;0;0;0;0;;;;;
2026-04-22;O_ALARKE0526C105.00;ALARK_05/2026_AVRUPA_OPSIYON;D_EQ;SSO;D_EQ_ECP;DE_ALARK_ECP;ALARK.E;2026-05-25;1.31;1.73;-24.28;0;0;0;0;0;0;0;0;0;0;0;;;;;
2026-04-22;O_ALARKE0526C110.00;ALARK_05/2026_AVRUPA_OPSIYON;D_EQ;SSO;D_EQ_ECP;DE_ALARK_ECP;ALARK.E;2026-05-25;0.67;0.96;-30.21;0;0;0;0;0;0;0;0;0;0;0;;;;;
2026-04-22;O_ALARKE0526C115.00;ALARK_05/2026_AVRUPA_OPSIYON;D_EQ;SSO;D_EQ_ECP;DE_ALARK_ECP;ALARK.E;2026-05-25;0.34;0.53;-35.85;0;0;0;0;0;0;0;0;0;0;0;;;;;
2026-04-22;O_ALARKE0526C120.00;ALARK_05/2026_AVRUPA_OPSIYON;D_EQ;SSO;D_EQ_ECP;DE_ALARK_ECP;ALARK.E;2026-05-25;0.17;0.29;-41.38;0;0;0;0;0;0;0;0;0;0;0;;;;;
2026-04-22;O_ALARKE0526C125.00;ALARK_05/2026_AVRUPA_OPSIYON;D_EQ;SSO;D_EQ_ECP;DE_ALARK_ECP;ALARK.E;2026-05-25;0.08;0.16;-50;0;0;0;0;0;0;0;0;0;0;0;;;;;
2026-04-22;O_ALARKE0526C130.00;ALARK_05/2026_AVRUPA_OPSIYON;D_EQ;SSO;D_EQ_ECP;DE_ALARK_ECP;ALARK.E;2026-05-25;0.04;0.09;-55.56;0;0;0;0;0;0;0;0;0;0;0;;;;;
2026-04-22;O_ALARKE0526C135.00;ALARK_05/2026_AVRUPA_OPSIYON;D_EQ;SSO;D_EQ_ECP;DE_ALARK_ECP;ALARK.E;2026-05-25;0.02;0.06;-66.67;0;0;0;0;0;0;0;0;0;0;0;;;;;
2026-04-22;O_ALARKE0526C140.00;ALARK_05/2026_AVRUPA_OPSIYON;D_EQ;SSO;D_EQ_ECP;DE_ALARK_ECP;ALARK.E;2026-05-25;0.01;0.03;-66.67;0;0;0;0;0;0;0;0;0;0;0;;;;;
2026-04-22;O_ALARKE0526C90.00;ALARK_05/2026_AVRUPA_OPSIYON;D_EQ;SSO;D_EQ_ECP;DE_ALARK_ECP;ALARK.E;2026-05-25;7.3;8.55;-14.62;0;0;0;0;0;0;0;0;0;0;0;;;;;
2026-04-22;O_ALARKE0526C92.00;ALARK_05/2026_AVRUPA_OPSIYON;D_EQ;SSO;D_EQ_ECP;DE_ALARK_ECP;ALARK.E;2026-05-25;6.03;7.14;-15.55;0;0;0;0;0;0;0;0;0;0;0;;;;;
2026-04-22;O_ALARKE0526C94.00;ALARK_05/2026_AVRUPA_OPSIYON;D_EQ;SSO;D_EQ_ECP;DE_ALARK_ECP;ALARK.E;2026-05-25;4.91;5.91;-16.92;3.09;2.9;3.09;2.9;2.96;65800;2069;7;7;7;7;;;;;
2026-04-22;O_ALARKE0526C96.00;ALARK_05/2026_AVRUPA_OPSIYON;D_EQ;SSO;D_EQ_ECP;DE_ALARK_ECP;ALARK.E;2026-05-25;3.94;4.81;-18.09;0;0;0;0;0;0;0;0;0;0;0;;;;;
2026-04-22;O_ALARKE0526C98.00;ALARK_05/2026_AVRUPA_OPSIYON;D_EQ;SSO;D_EQ_ECP;DE_ALARK_ECP;ALARK.E;2026-05-25;3.12;3.87;-19.38;1.76;1.76;1.76;1.76;1.76;9800;176;1;1;6;1;;;;;
2026-04-22;O_ALARKE0526P100.00;ALARK_05/2026_AVRUPA_OPSIYON;D_EQ;SSO;D_EQ_EPP;DE_ALARK_EPP;ALARK.E;2026-05-25;6.67;5.7;17.02;0;0;0;0;0;0;0;0;0;0;0;;;;;
2026-04-22;O_ALARKE0526P105.00;ALARK_05/2026_AVRUPA_OPSIYON;D_EQ;SSO;D_EQ_EPP;DE_ALARK_EPP;ALARK.E;2026-05-25;10.36;9.17;12.98;0;0;0;0;0;0;0;0;0;0;0;;;;;
2026-04-22;O_ALARKE0526P110.00;ALARK_05/2026_AVRUPA_OPSIYON;D_EQ;SSO;D_EQ_EPP;DE_ALARK_EPP;ALARK.E;2026-05-25;14.56;13.23;10.05;0;0;0;0;0;0;0;0;0;0;0;;;;;
2026-04-22;O_ALARKE0526P115.00;ALARK_05/2026_AVRUPA_OPSIYON;D_EQ;SSO;D_EQ_EPP;DE_ALARK_EPP;ALARK.E;2026-05-25;19.05;17.63;8.05;0;0;0;0;0;0;0;0;0;0;0;;;;;
2026-04-22;O_ALARKE0526P80.00;ALARK_05/2026_AVRUPA_OPSIYON;D_EQ;SSO;D_EQ_EPP;DE_ALARK_EPP;ALARK.E;2026-05-25;0.28;0.25;12;0;0;0;0;0;0;0;0;0;5;0;;;;;
2026-04-22;O_ALARKE0526P82.00;ALARK_05/2026_AVRUPA_OPSIYON;D_EQ;SSO;D_EQ_EPP;DE_ALARK_EPP;ALARK.E;2026-05-25;0.44;0.37;18.92;0;0;0;0;0;0;0;0;0;0;0;;;;;
2026-04-22;O_ALARKE0526P84.00;ALARK_05/2026_AVRUPA_OPSIYON;D_EQ;SSO;D_EQ_EPP;DE_ALARK_EPP;ALARK.E;2026-05-25;0.66;0.55;20;0;0;0;0;0;0;0;0;0;0;0;;;;;
2026-04-22;O_ALARKE0526P86.00;ALARK_05/2026_AVRUPA_OPSIYON;D_EQ;SSO;D_EQ_EPP;DE_ALARK_EPP;ALARK.E;2026-05-25;0.95;0.79;20.25;0;0;0;0;0;0;0;0;0;0;0;;;;;
2026-04-22;O_ALARKE0526P88.00;ALARK_05/2026_AVRUPA_OPSIYON;D_EQ;SSO;D_EQ_EPP;DE_ALARK_EPP;ALARK.E;2026-05-25;1.35;1.1;22.73;0;0;0;0;0;0;0;0;0;0;0;;;;;
2026-04-22;O_ALARKE0526P90.00;ALARK_05/2026_AVRUPA_OPSIYON;D_EQ;SSO;D_EQ_EPP;DE_ALARK_EPP;ALARK.E;2026-05-25;1.86;1.52;22.37;0;0;0;0;0;0;0;0;0;0;0;;;;;
2026-04-22;O_ALARKE0526P92.00;ALARK_05/2026_AVRUPA_OPSIYON;D_EQ;SSO;D_EQ_EPP;DE_ALARK_EPP;ALARK.E;2026-05-25;2.52;2.04;23.53;0;0;0;0;0;0;0;0;0;0;0;;;;;
2026-04-22;O_ALARKE0526P94.00;ALARK_05/2026_AVRUPA_OPSIYON;D_EQ;SSO;D_EQ_EPP;DE_ALARK_EPP;ALARK.E;2026-05-25;3.33;2.74;21.53;0;0;0;0;0;0;0;0;0;0;0;;;;;
2026-04-22;O_ALARKE0526P96.00;ALARK_05/2026_AVRUPA_OPSIYON;D_EQ;SSO;D_EQ_EPP;DE_ALARK_EPP;ALARK.E;2026-05-25;4.3;3.57;20.45;0;0;0;0;0;0;0;0;0;0;0;;;;;
2026-04-22;O_ALARKE0526P98.00;ALARK_05/2026_AVRUPA_OPSIYON;D_EQ;SSO;D_EQ_EPP;DE_ALARK_EPP;ALARK.E;2026-05-25;5.41;4.56;18.64;0;0;0;0;0;0;0;0;0;306;0;;;;;
2026-04-22;O_ALARKE0626C100.00;ALARK_06/2026_AVRUPA_OPSIYON;D_EQ;SSO;D_EQ_ECP;DE_ALARK_ECP;ALARK.E;2026-06-30;6.29;7.18;-12.4;0;0;0;0;0;0;0;0;0;0;0;;;;;
2026-04-22;O_ALARKE0626C105.00;ALARK_06/2026_AVRUPA_OPSIYON;D_EQ;SSO;D_EQ_ECP;DE_ALARK_ECP;ALARK.E;2026-06-30;4.42;5.1;-13.33;0;0;0;0;0;0;0;0;0;0;0;;;;;
2026-04-22;O_ALARKE0626C110.00;ALARK_06/2026_AVRUPA_OPSIYON;D_EQ;SSO;D_EQ_ECP;DE_ALARK_ECP;ALARK.E;2026-06-30;3.1;3.69;-15.99;0;0;0;0;0;0;0;0;0;0;0;;;;;
2026-04-22;O_ALARKE0626C115.00;ALARK_06/2026_AVRUPA_OPSIYON;D_EQ;SSO;D_EQ_ECP;DE_ALARK_ECP;ALARK.E;2026-06-30;2.16;2.67;-19.1;0;0;0;0;0;0;0;0;0;0;0;;;;;
2026-04-22;O_ALARKE0626C120.00;ALARK_06/2026_AVRUPA_OPSIYON;D_EQ;SSO;D_EQ_ECP;DE_ALARK_ECP;ALARK.E;2026-06-30;1.51;1.95;-22.56;0;0;0;0;0;0;0;0;0;0;0;;;;;
2026-04-22;O_ALARKE0626C125.00;ALARK_06/2026_AVRUPA_OPSIYON;D_EQ;SSO;D_EQ_ECP;DE_ALARK_ECP;ALARK.E;2026-06-30;1.05;1.43;-26.57;0;0;0;0;0;0;0;0;0;0;0;;;;;
2026-04-22;O_ALARKE0626C130.00;ALARK_06/2026_AVRUPA_OPSIYON;D_EQ;SSO;D_EQ_ECP;DE_ALARK_ECP;ALARK.E;2026-06-30;0.74;1.07;-30.84;0;0;0;0;0;0;0;0;0;0;0;;;;;
2026-04-22;O_ALARKE0626C135.00;ALARK_06/2026_AVRUPA_OPSIYON;D_EQ;SSO;D_EQ_ECP;DE_ALARK_ECP;ALARK.E;2026-06-30;0.53;0.81;-34.57;0;0;0;0;0;0;0;0;0;0;0;;;;;
2026-04-22;O_ALARKE0626C94.00;ALARK_06/2026_AVRUPA_OPSIYON;D_EQ;SSO;D_EQ_ECP;DE_ALARK_ECP;ALARK.E;2026-06-30;9.39;10.55;-11;0;0;0;0;0;0;0;0;0;0;0;;;;;
2026-04-22;O_ALARKE0626C96.00;ALARK_06/2026_AVRUPA_OPSIYON;D_EQ;SSO;D_EQ_ECP;DE_ALARK_ECP;ALARK.E;2026-06-30;8.26;9.32;-11.37;0;0;0;0;0;0;0;0;0;0;0;;;;;
2026-04-22;O_ALARKE0626C98.00;ALARK_06/2026_AVRUPA_OPSIYON;D_EQ;SSO;D_EQ_ECP;DE_ALARK_ECP;ALARK.E;2026-06-30;7.22;8.2;-11.95;0;0;0;0;0;0;0;0;0;0;0;;;;;
2026-04-22;O_ALARKE0626P100.00;ALARK_06/2026_AVRUPA_OPSIYON;D_EQ;SSO;D_EQ_EPP;DE_ALARK_EPP;ALARK.E;2026-06-30;5.56;4.83;15.11;0;0;0;0;0;0;0;0;0;0;0;;;;;
2026-04-22;O_ALARKE0626P105.00;ALARK_06/2026_AVRUPA_OPSIYON;D_EQ;SSO;D_EQ_EPP;DE_ALARK_EPP;ALARK.E;2026-06-30;8.28;7.33;12.96;0;0;0;0;0;0;0;0;0;0;0;;;;;
2026-04-22;O_ALARKE0626P110.00;ALARK_06/2026_AVRUPA_OPSIYON;D_EQ;SSO;D_EQ_EPP;DE_ALARK_EPP;ALARK.E;2026-06-30;11.54;10.5;9.9;0;0;0;0;0;0;0;0;0;0;0;;;;;
2026-04-22;O_ALARKE0626P84.00;ALARK_06/2026_AVRUPA_OPSIYON;D_EQ;SSO;D_EQ_EPP;DE_ALARK_EPP;ALARK.E;2026-06-30;1.02;0.92;10.87;0;0;0;0;0;0;0;0;0;0;0;;;;;
2026-04-22;O_ALARKE0626P86.00;ALARK_06/2026_AVRUPA_OPSIYON;D_EQ;SSO;D_EQ_EPP;DE_ALARK_EPP;ALARK.E;2026-06-30;1.31;1.17;11.97;0;0;0;0;0;0;0;0;0;0;0;;;;;
2026-04-22;O_ALARKE0626P88.00;ALARK_06/2026_AVRUPA_OPSIYON;D_EQ;SSO;D_EQ_EPP;DE_ALARK_EPP;ALARK.E;2026-06-30;1.66;1.46;13.7;0;0;0;0;0;0;0;0;0;0;0;;;;;
2026-04-22;O_ALARKE0626P90.00;ALARK_06/2026_AVRUPA_OPSIYON;D_EQ;SSO;D_EQ_EPP;DE_ALARK_EPP;ALARK.E;2026-06-30;2.08;1.81;14.92;0;0;0;0;0;0;0;0;0;0;0;;;;;
2026-04-22;O_ALARKE0626P92.00;ALARK_06/2026_AVRUPA_OPSIYON;D_EQ;SSO;D_EQ_EPP;DE_ALARK_EPP;ALARK.E;2026-06-30;2.57;2.23;15.25;0;0;0;0;0;0;0;0;0;0;0;;;;;
2026-04-22;O_ALARKE0626P94.00;ALARK_06/2026_AVRUPA_OPSIYON;D_EQ;SSO;D_EQ_EPP;DE_ALARK_EPP;ALARK.E;2026-06-30;3.16;2.71;16.61;0;0;0;0;0;0;0;0;0;0;0;;;;;
2026-04-22;O_ALARKE0626P96.00;ALARK_06/2026_AVRUPA_OPSIYON;D_EQ;SSO;D_EQ_EPP;DE_ALARK_EPP;ALARK.E;2026-06-30;3.86;3.32;16.27;0;0;0;0;0;0;0;0;0;0;0;;;;;
2026-04-22;O_ALARKE0626P98.00;ALARK_06/2026_AVRUPA_OPSIYON;D_EQ;SSO;D_EQ_EPP;DE_ALARK_EPP;ALARK.E;2026-06-30;4.65;4.03;15.38;0;0;0;0;0;0;0;0;0;0;0;;;;;
2026-04-22;O_ARCLKE0426C105.00;ARCLK_04/2026_AVRUPA_OPSIYON;D_EQ;SSO;D_EQ_ECP;DE_ARCLK_ECP;ARCLK.E;2026-04-30;11.19;12.67;-11.68;0;0;0;0;0;0;0;0;0;40;0;;;;;
2026-04-22;O_ARCLKE0426C110.00;ARCLK_04/2026_AVRUPA_OPSIYON;D_EQ;SSO;D_EQ_ECP;DE_ARCLK_ECP;ARCLK.E;2026-04-30;6.75;8.13;-16.97;0;0;0;0;0;0;0;0;0;60;0;;;;;
2026-04-22;O_ARCLKE0426C115.00;ARCLK_04/2026_AVRUPA_OPSIYON;D_EQ;SSO;D_EQ_ECP;DE_ARCLK_ECP;ARCLK.E;2026-04-30;3.32;4.41;-24.72;4.36;2.74;4.36;2.78;3.47;1035000;31260;90;9;12;-75;;;;;
2026-04-22;O_ARCLKE0426C120.00;ARCLK_04/2026_AVRUPA_OPSIYON;D_EQ;SSO;D_EQ_ECP;DE_ARCLK_ECP;ARCLK.E;2026-04-30;1.26;1.94;-35.05;1.64;0.9;1.64;0.9;1.06;1140000;10030;95;3;0;-95;;;;;
2026-04-22;O_ARCLKE0426C125.00;ARCLK_04/2026_AVRUPA_OPSIYON;D_EQ;SSO;D_EQ_ECP;DE_ARCLK_ECP;ARCLK.E;2026-04-30;0.36;0.67;-46.27;0;0;0;0;0;0;0;0;0;10;0;;;;;
2026-04-22;O_ARCLKE0426C130.00;ARCLK_04/2026_AVRUPA_OPSIYON;D_EQ;SSO;D_EQ_ECP;DE_ARCLK_ECP;ARCLK.E;2026-04-30;0.08;0.18;-55.56;0;0;0;0;0;0;0;0;0;12;0;;;;;
2026-04-22;O_ARCLKE0426C135.00;ARCLK_04/2026_AVRUPA_OPSIYON;D_EQ;SSO;D_EQ_ECP;DE_ARCLK_ECP;ARCLK.E;2026-04-30;0.01;0.04;-75;0;0;0;0;0;0;0;0;0;1;0;;;;;
2026-04-22;O_ARCLKE0426C140.00;ARCLK_04/2026_AVRUPA_OPSIYON;D_EQ;SSO;D_EQ_ECP;DE_ARCLK_ECP;ARCLK.E;2026-04-30;0.01;0.01;0;0;0;0;0;0;0;0;0;0;0;0;;;;;
2026-04-22;O_ARCLKE0426C145.00;ARCLK_04/2026_AVRUPA_OPSIYON;D_EQ;SSO;D_EQ_ECP;DE_ARCLK_ECP;ARCLK.E;2026-04-30;0.01;0.01;0;0;0;0;0;0;0;0;0;0;0;0;;;;;
2026-04-22;O_ARCLKE0426C150.00;ARCLK_04/2026_AVRUPA_OPSIYON;D_EQ;SSO;D_EQ_ECP;DE_ARCLK_ECP;ARCLK.E;2026-04-30;0.01;0.01;0;0;0;0;0;0;0;0;0;0;0;0;;;;;
2026-04-22;O_ARCLKE0426C155.00;ARCLK_04/2026_AVRUPA_OPSIYON;D_EQ;SSO;D_EQ_ECP;DE_ARCLK_ECP;ARCLK.E;2026-04-30;0.01;0.01;0;0;0;0;0;0;0;0;0;0;0;0;;;;;
2026-04-22;O_ARCLKE0426C160.00;ARCLK_04/2026_AVRUPA_OPSIYON;D_EQ;SSO;D_EQ_ECP;DE_ARCLK_ECP;ARCLK.E;2026-04-30;0.01;0.01;0;0;0;0;0;0;0;0;0;0;0;0;;;;;
2026-04-22;O_ARCLKE0426C165.00;ARCLK_04/2026_AVRUPA_OPSIYON;D_EQ;SSO;D_EQ_ECP;DE_ARCLK_ECP;ARCLK.E;2026-04-30;0.01;0.01;0;0;0;0;0;0;0;0;0;0;0;0;;;;;
2026-04-22;O_ARCLKE0426C170.00;ARCLK_04/2026_AVRUPA_OPSIYON;D_EQ;SSO;D_EQ_ECP;DE_ARCLK_ECP;ARCLK.E;2026-04-30;0.01;0.01;0;0;0;0;0;0;0;0;0;0;0;0;;;;;
2026-04-22;O_ARCLKE0426C175.00;ARCLK_04/2026_AVRUPA_OPSIYON;D_EQ;SSO;D_EQ_ECP;DE_ARCLK_ECP;ARCLK.E;2026-04-30;0.01;0.01;0;0;0;0;0;0;0;0;0;0;0;0;;;;;
2026-04-22;O_ARCLKE0426P100.00;ARCLK_04/2026_AVRUPA_OPSIYON;D_EQ;SSO;D_EQ_EPP;DE_ARCLK_EPP;ARCLK.E;2026-04-30;0.01;0.01;0;0;0;0;0;0;0;0;0;0;0;0;;;;;
2026-04-22;O_ARCLKE0426P105.00;ARCLK_04/2026_AVRUPA_OPSIYON;D_EQ;SSO;D_EQ_EPP;DE_ARCLK_EPP;ARCLK.E;2026-04-30;0.12;0.09;33.33;0;0;0;0;0;0;0;0;0;1;0;;;;;
2026-04-22;O_ARCLKE0426P110.00;ARCLK_04/2026_AVRUPA_OPSIYON;D_EQ;SSO;D_EQ_EPP;DE_ARCLK_EPP;ARCLK.E;2026-04-30;0.64;0.5;28;0;0;0;0;0;0;0;0;0;58;0;;;;;
2026-04-22;O_ARCLKE0426P115.00;ARCLK_04/2026_AVRUPA_OPSIYON;D_EQ;SSO;D_EQ_EPP;DE_ARCLK_EPP;ARCLK.E;2026-04-30;2.16;1.74;24.14;0;0;0;0;0;0;0;0;0;290;0;;;;;
2026-04-22;O_ARCLKE0426P120.00;ARCLK_04/2026_AVRUPA_OPSIYON;D_EQ;SSO;D_EQ_EPP;DE_ARCLK_EPP;ARCLK.E;2026-04-30;5.07;4.22;20.14;4.43;4.43;5.27;5.27;4.93;600000;24640;50;5;110;-40;;;;;
2026-04-22;O_ARCLKE0426P125.00;ARCLK_04/2026_AVRUPA_OPSIYON;D_EQ;SSO;D_EQ_EPP;DE_ARCLK_EPP;ARCLK.E;2026-04-30;9.13;7.91;15.42;8.16;8.16;9.47;9.47;8.82;250000;17630;20;2;30;0;;;;;
2026-04-22;O_ARCLKE0426P130.00;ARCLK_04/2026_AVRUPA_OPSIYON;D_EQ;SSO;D_EQ_EPP;DE_ARCLK_EPP;ARCLK.E;2026-04-30;13.8;12.37;11.56;0;0;0;0;0;0;0;0;0;0;0;;;;;
2026-04-22;O_ARCLKE0426P135.00;ARCLK_04/2026_AVRUPA_OPSIYON;D_EQ;SSO;D_EQ_EPP;DE_ARCLK_EPP;ARCLK.E;2026-04-30;18.69;17.18;8.79;0;0;0;0;0;0;0;0;0;0;0;;;;;
2026-04-22;O_ARCLKE0426P140.00;ARCLK_04/2026_AVRUPA_OPSIYON;D_EQ;SSO;D_EQ_EPP;DE_ARCLK_EPP;ARCLK.E;2026-04-30;23.64;22.1;6.97;0;0;0;0;0;0;0;0;0;0;0;;;;;
2026-04-22;O_ARCLKE0426P145.00;ARCLK_04/2026_AVRUPA_OPSIYON;D_EQ;SSO;D_EQ_EPP;DE_ARCLK_EPP;ARCLK.E;2026-04-30;28.6;27.05;5.73;0;0;0;0;0;0;0;0;0;0;0;;;;;
2026-04-22;O_ARCLKE0426P150.00;ARCLK_04/2026_AVRUPA_OPSIYON;D_EQ;SSO;D_EQ_EPP;DE_ARCLK_EPP;ARCLK.E;2026-04-30;33.56;32;4.88;0;0;0;0;0;0;0;0;0;0;0;;;;;
2026-04-22;O_ARCLKE0426P92.00;ARCLK_04/2026_AVRUPA_OPSIYON;D_EQ;SSO;D_EQ_EPP;DE_ARCLK_EPP;ARCLK.E;2026-04-30;0.01;0.01;0;0;0;0;0;0;0;0;0;0;0;0;;;;;
2026-04-22;O_ARCLKE0426P94.00;ARCLK_04/2026_AVRUPA_OPSIYON;D_EQ;SSO;D_EQ_EPP;DE_ARCLK_EPP;ARCLK.E;2026-04-30;0.01;0.01;0;0;0;0;0;0;0;0;0;0;1;0;;;;;
2026-04-22;O_ARCLKE0426P96.00;ARCLK_04/2026_AVRUPA_OPSIYON;D_EQ;SSO;D_EQ_EPP;DE_ARCLK_EPP;ARCLK.E;2026-04-30;0.01;0.01;0;0;0;0;0;0;0;0;0;0;130;0;;;;;
2026-04-22;O_ARCLKE0426P98.00;ARCLK_04/2026_AVRUPA_OPSIYON;D_EQ;SSO;D_EQ_EPP;DE_ARCLK_EPP;ARCLK.E;2026-04-30;0.01;0.01;0;0;0;0;0;0;0;0;0;0;0;0;;;;;
2026-04-22;O_ARCLKE0526C110.00;ARCLK_05/2026_AVRUPA_OPSIYON;D_EQ;SSO;D_EQ_ECP;DE_ARCLK_ECP;ARCLK.E;2026-05-25;10.9;12.14;-10.21;0;0;0;0;0;0;0;0;0;20;0;;;;;
2026-04-22;O_ARCLKE0526C115.00;ARCLK_05/2026_AVRUPA_OPSIYON;D_EQ;SSO;D_EQ_ECP;DE_ARCLK_ECP;ARCLK.E;2026-05-25;7.69;8.77;-12.31;0;0;0;0;0;0;0;0;0;0;0;;;;;
2026-04-22;O_ARCLKE0526C120.00;ARCLK_05/2026_AVRUPA_OPSIYON;D_EQ;SSO;D_EQ_ECP;DE_ARCLK_ECP;ARCLK.E;2026-05-25;5.16;6.03;-14.43;0;0;0;0;0;0;0;0;0;20;0;;;;;
2026-04-22;O_ARCLKE0526C125.00;ARCLK_05/2026_AVRUPA_OPSIYON;D_EQ;SSO;D_EQ_ECP;DE_ARCLK_ECP;ARCLK.E;2026-05-25;3.28;3.96;-17.17;0;0;0;0;0;0;0;0;0;2;0;;;;;
2026-04-22;O_ARCLKE0526C130.00;ARCLK_05/2026_AVRUPA_OPSIYON;D_EQ;SSO;D_EQ_ECP;DE_ARCLK_ECP;ARCLK.E;2026-05-25;1.99;2.47;-19.43;0;0;0;0;0;0;0;0;0;5;0;;;;;
2026-04-22;O_ARCLKE0526C135.00;ARCLK_05/2026_AVRUPA_OPSIYON;D_EQ;SSO;D_EQ_ECP;DE_ARCLK_ECP;ARCLK.E;2026-05-25;1.14;1.47;-22.45;0;0;0;0;0;0;0;0;0;0;0;;;;;
2026-04-22;O_ARCLKE0526C140.00;ARCLK_05/2026_AVRUPA_OPSIYON;D_EQ;SSO;D_EQ_ECP;DE_ARCLK_ECP;ARCLK.E;2026-05-25;0.63;0.84;-25;0;0;0;0;0;0;0;0;0;0;0;;;;;
2026-04-22;O_ARCLKE0526C145.00;ARCLK_05/2026_AVRUPA_OPSIYON;D_EQ;SSO;D_EQ_ECP;DE_ARCLK_ECP;ARCLK.E;2026-05-25;0.33;0.45;-26.67;0;0;0;0;0;0;0;0;0;0;0;;;;;
2026-04-22;O_ARCLKE0526C150.00;ARCLK_05/2026_AVRUPA_OPSIYON;D_EQ;SSO;D_EQ_ECP;DE_ARCLK_ECP;ARCLK.E;2026-05-25;0.16;0.24;-33.33;0;0;0;0;0;0;0;0;0;0;0;;;;;
2026-04-22;O_ARCLKE0526C155.00;ARCLK_05/2026_AVRUPA_OPSIYON;D_EQ;SSO;D_EQ_ECP;DE_ARCLK_ECP;ARCLK.E;2026-05-25;0.08;0.12;-33.33;0;0;0;0;0;0;0;0;0;0;0;;;;;
2026-04-22;O_ARCLKE0526P100.00;ARCLK_05/2026_AVRUPA_OPSIYON;D_EQ;SSO;D_EQ_EPP;DE_ARCLK_EPP;ARCLK.E;2026-05-25;0.4;0.33;21.21;0;0;0;0;0;0;0;0;0;0;0;;;;;
2026-04-22;O_ARCLKE0526P105.00;ARCLK_05/2026_AVRUPA_OPSIYON;D_EQ;SSO;D_EQ_EPP;DE_ARCLK_EPP;ARCLK.E;2026-05-25;0.96;0.82;17.07;0;0;0;0;0;0;0;0;0;0;0;;;;;
2026-04-22;O_ARCLKE0526P110.00;ARCLK_05/2026_AVRUPA_OPSIYON;D_EQ;SSO;D_EQ_EPP;DE_ARCLK_EPP;ARCLK.E;2026-05-25;1.99;1.72;15.7;0;0;0;0;0;0;0;0;0;14;0;;;;;
2026-04-22;O_ARCLKE0526P115.00;ARCLK_05/2026_AVRUPA_OPSIYON;D_EQ;SSO;D_EQ_EPP;DE_ARCLK_EPP;ARCLK.E;2026-05-25;3.61;3.17;13.88;0;0;0;0;0;0;0;0;0;0;0;;;;;
2026-04-22;O_ARCLKE0526P120.00;ARCLK_05/2026_AVRUPA_OPSIYON;D_EQ;SSO;D_EQ_EPP;DE_ARCLK_EPP;ARCLK.E;2026-05-25;5.91;5.26;12.36;0;0;0;0;0;0;0;0;0;0;0;;;;;
2026-04-22;O_ARCLKE0526P125.00;ARCLK_05/2026_AVRUPA_OPSIYON;D_EQ;SSO;D_EQ_EPP;DE_ARCLK_EPP;ARCLK.E;2026-05-25;8.86;8.01;10.61;0;0;0;0;0;0;0;0;0;0;0;;;;;
2026-04-22;O_ARCLKE0526P130.00;ARCLK_05/2026_AVRUPA_OPSIYON;D_EQ;SSO;D_EQ_EPP;DE_ARCLK_EPP;ARCLK.E;2026-05-25;12.4;11.35;9.25;0;0;0;0;0;0;0;0;0;0;0;;;;;
2026-04-22;O_ARCLKE0526P94.00;ARCLK_05/2026_AVRUPA_OPSIYON;D_EQ;SSO;D_EQ_EPP;DE_ARCLK_EPP;ARCLK.E;2026-05-25;0.11;0.09;22.22;0;0;0;0;0;0;0;0;0;0;0;;;;;
2026-04-22;O_ARCLKE0526P96.00;ARCLK_05/2026_AVRUPA_OPSIYON;D_EQ;SSO;D_EQ_EPP;DE_ARCLK_EPP;ARCLK.E;2026-05-25;0.17;0.14;21.43;0;0;0;0;0;0;0;0;0;6;0;;;;;
2026-04-22;O_ARCLKE0526P98.00;ARCLK_05/2026_AVRUPA_OPSIYON;D_EQ;SSO;D_EQ_EPP;DE_ARCLK_EPP;ARCLK.E;2026-05-25;0.27;0.22;22.73;0;0;0;0;0;0;0;0;0;0;0;;;;;
2026-04-22;O_ARCLKE0626C110.00;ARCLK_06/2026_AVRUPA_OPSIYON;D_EQ;SSO;D_EQ_ECP;DE_ARCLK_ECP;ARCLK.E;2026-06-30;16.73;18.01;-7.11;0;0;0;0;0;0;0;0;0;0;0;;;;;
2026-04-22;O_ARCLKE0626C115.00;ARCLK_06/2026_AVRUPA_OPSIYON;D_EQ;SSO;D_EQ_ECP;DE_ARCLK_ECP;ARCLK.E;2026-06-30;13.48;14.65;-7.99;0;0;0;0;0;0;0;0;0;0;0;;;;;
2026-04-22;O_ARCLKE0626C120.00;ARCLK_06/2026_AVRUPA_OPSIYON;D_EQ;SSO;D_EQ_ECP;DE_ARCLK_ECP;ARCLK.E;2026-06-30;10.65;11.7;-8.97;0;0;0;0;0;0;0;0;0;0;0;;;;;
2026-04-22;O_ARCLKE0626C125.00;ARCLK_06/2026_AVRUPA_OPSIYON;D_EQ;SSO;D_EQ_ECP;DE_ARCLK_ECP;ARCLK.E;2026-06-30;8.25;9.16;-9.93;0;0;0;0;0;0;0;0;0;0;0;;;;;
2026-04-22;O_ARCLKE0626C130.00;ARCLK_06/2026_AVRUPA_OPSIYON;D_EQ;SSO;D_EQ_ECP;DE_ARCLK_ECP;ARCLK.E;2026-06-30;6.27;7.04;-10.94;0;0;0;0;0;0;0;0;0;0;0;;;;;
2026-04-22;O_ARCLKE0626C135.00;ARCLK_06/2026_AVRUPA_OPSIYON;D_EQ;SSO;D_EQ_ECP;DE_ARCLK_ECP;ARCLK.E;2026-06-30;4.67;5.32;-12.22;0;0;0;0;0;0;0;0;0;0;0;;;;;
2026-04-22;O_ARCLKE0626C140.00;ARCLK_06/2026_AVRUPA_OPSIYON;D_EQ;SSO;D_EQ_ECP;DE_ARCLK_ECP;ARCLK.E;2026-06-30;3.42;3.94;-13.2;0;0;0;0;0;0;0;0;0;0;0;;;;;
2026-04-22;O_ARCLKE0626C145.00;ARCLK_06/2026_AVRUPA_OPSIYON;D_EQ;SSO;D_EQ_ECP;DE_ARCLK_ECP;ARCLK.E;2026-06-30;2.46;2.88;-14.58;0;0;0;0;0;0;0;0;0;0;0;;;;;
2026-04-22;O_ARCLKE0626C150.00;ARCLK_06/2026_AVRUPA_OPSIYON;D_EQ;SSO;D_EQ_ECP;DE_ARCLK_ECP;ARCLK.E;2026-06-30;1.74;2.07;-15.94;0;0;0;0;0;0;0;0;0;0;0;;;;;
2026-04-22;O_ARCLKE0626C155.00;ARCLK_06/2026_AVRUPA_OPSIYON;D_EQ;SSO;D_EQ_ECP;DE_ARCLK_ECP;ARCLK.E;2026-06-30;1.22;1.46;-16.44;0;0;0;0;0;0;0;0;0;0;0;;;;;
2026-04-22;O_ARCLKE0626C160.00;ARCLK_06/2026_AVRUPA_OPSIYON;D_EQ;SSO;D_EQ_ECP;DE_ARCLK_ECP;ARCLK.E;2026-06-30;0.84;1.02;-17.65;0;0;0;0;0;0;0;0;0;0;0;;;;;
2026-04-22;O_ARCLKE0626P100.00;ARCLK_06/2026_AVRUPA_OPSIYON;D_EQ;SSO;D_EQ_EPP;DE_ARCLK_EPP;ARCLK.E;2026-06-30;0.78;0.68;14.71;0;0;0;0;0;0;0;0;0;0;0;;;;;
2026-04-22;O_ARCLKE0626P105.00;ARCLK_06/2026_AVRUPA_OPSIYON;D_EQ;SSO;D_EQ_EPP;DE_ARCLK_EPP;ARCLK.E;2026-06-30;1.42;1.25;13.6;0;0;0;0;0;0;0;0;0;0;0;;;;;
2026-04-22;O_ARCLKE0626P110.00;ARCLK_06/2026_AVRUPA_OPSIYON;D_EQ;SSO;D_EQ_EPP;DE_ARCLK_EPP;ARCLK.E;2026-06-30;2.37;2.12;11.79;0;0;0;0;0;0;0;0;0;0;0;;;;;
2026-04-22;O_ARCLKE0626P115.00;ARCLK_06/2026_AVRUPA_OPSIYON;D_EQ;SSO;D_EQ_EPP;DE_ARCLK_EPP;ARCLK.E;2026-06-30;3.71;3.34;11.08;0;0;0;0;0;0;0;0;0;0;0;;;;;
2026-04-22;O_ARCLKE0626P120.00;ARCLK_06/2026_AVRUPA_OPSIYON;D_EQ;SSO;D_EQ_EPP;DE_ARCLK_EPP;ARCLK.E;2026-06-30;5.46;4.96;10.08;0;0;0;0;0;0;0;0;0;0;0;;;;;
2026-04-22;O_ARCLKE0626P125.00;ARCLK_06/2026_AVRUPA_OPSIYON;D_EQ;SSO;D_EQ_EPP;DE_ARCLK_EPP;ARCLK.E;2026-06-30;7.64;7.01;8.99;0;0;0;0;0;0;0;0;0;0;0;;;;;
2026-04-22;O_ARCLKE0626P130.00;ARCLK_06/2026_AVRUPA_OPSIYON;D_EQ;SSO;D_EQ_EPP;DE_ARCLK_EPP;ARCLK.E;2026-06-30;10.24;9.47;8.13;0;0;0;0;0;0;0;0;0;0;0;;;;;
2026-04-22;O_ARCLKE0626P135.00;ARCLK_06/2026_AVRUPA_OPSIYON;D_EQ;SSO;D_EQ_EPP;DE_ARCLK_EPP;ARCLK.E;2026-06-30;13.23;12.32;7.39;0;0;0;0;0;0;0;0;0;0;0;;;;;
2026-04-22;O_ARCLKE0626P94.00;ARCLK_06/2026_AVRUPA_OPSIYON;D_EQ;SSO;D_EQ_EPP;DE_ARCLK_EPP;ARCLK.E;2026-06-30;0.34;0.29;17.24;0;0;0;0;0;0;0;0;0;0;0;;;;;
2026-04-22;O_ARCLKE0626P96.00;ARCLK_06/2026_AVRUPA_OPSIYON;D_EQ;SSO;D_EQ_EPP;DE_ARCLK_EPP;ARCLK.E;2026-06-30;0.45;0.39;15.38;0;0;0;0;0;0;0;0;0;0;0;;;;;
2026-04-22;O_ARCLKE0626P98.00;ARCLK_06/2026_AVRUPA_OPSIYON;D_EQ;SSO;D_EQ_EPP;DE_ARCLK_EPP;ARCLK.E;2026-06-30;0.6;0.52;15.38;0;0;0;0;0;0;0;0;0;0;0;;;;;
2026-04-22;O_ASELSE0426C300.00;ASELS_04/2026_AVRUPA_OPSIYON;D_EQ;SSO;D_EQ_ECP;DE_ASELS_ECP;ASELS.E;2026-04-30;99.99;100.3;-0.31;0;0;0;0;0;0;0;0;0;0;0;;;;;
2026-04-22;O_ASELSE0426C310.00;ASELS_04/2026_AVRUPA_OPSIYON;D_EQ;SSO;D_EQ_ECP;DE_ASELS_ECP;ASELS.E;2026-04-30;90.07;90.39;-0.35;0;0;0;0;0;0;0;0;0;2;0;;;;;
2026-04-22;O_ASELSE0426C320.00;ASELS_04/2026_AVRUPA_OPSIYON;D_EQ;SSO;D_EQ_ECP;DE_ASELS_ECP;ASELS.E;2026-04-30;80.16;80.49;-0.41;0;0;0;0;0;0;0;0;0;107;0;;;;;
2026-04-22;O_ASELSE0426C330.00;ASELS_04/2026_AVRUPA_OPSIYON;D_EQ;SSO;D_EQ_ECP;DE_ASELS_ECP;ASELS.E;2026-04-30;70.24;70.59;-0.5;0;0;0;0;0;0;0;0;0;29;0;;;;;
2026-04-22;O_ASELSE0426C340.00;ASELS_04/2026_AVRUPA_OPSIYON;D_EQ;SSO;D_EQ_ECP;DE_ASELS_ECP;ASELS.E;2026-04-30;60.35;60.72;-0.61;0;0;0;0;0;0;0;0;0;120;0;;;;;
2026-04-22;O_ASELSE0426C350.00;ASELS_04/2026_AVRUPA_OPSIYON;D_EQ;SSO;D_EQ_ECP;DE_ASELS_ECP;ASELS.E;2026-04-30;50.53;50.94;-0.8;0;0;0;0;0;0;0;0;0;107;0;;;;;
2026-04-22;O_ASELSE0426C360.00;ASELS_04/2026_AVRUPA_OPSIYON;D_EQ;SSO;D_EQ_ECP;DE_ASELS_ECP;ASELS.E;2026-04-30;40.88;41.37;-1.18;0;0;0;0;0;0;0;0;0;1440;0;;;;;
2026-04-22;O_ASELSE0426C370.00;ASELS_04/2026_AVRUPA_OPSIYON;D_EQ;SSO;D_EQ_ECP;DE_ASELS_ECP;ASELS.E;2026-04-30;31.64;32.25;-1.89;0;0;0;0;0;0;0;0;0;1929;0;;;;;
2026-04-22;O_ASELSE0426C380.00;ASELS_04/2026_AVRUPA_OPSIYON;D_EQ;SSO;D_EQ_ECP;DE_ASELS_ECP;ASELS.E;2026-04-30;23.15;23.9;-3.14;0;0;0;0;0;0;0;0;0;483;0;;;;;
2026-04-22;O_ASELSE0426C390.00;ASELS_04/2026_AVRUPA_OPSIYON;D_EQ;SSO;D_EQ_ECP;DE_ASELS_ECP;ASELS.E;2026-04-30;15.86;16.68;-4.92;12.1;12.1;12.65;12.65;12.3;6201000;195570;159;3;733;0;;;;;
2026-04-22;O_ASELSE0426C400.00;ASELS_04/2026_AVRUPA_OPSIYON;D_EQ;SSO;D_EQ_ECP;DE_ASELS_ECP;ASELS.E;2026-04-30;10.07;10.9;-7.61;7.61;6.7;7.61;6.95;6.84;8320000;142367;208;12;335;5;;;;;
2026-04-22;O_ASELSE0426C410.00;ASELS_04/2026_AVRUPA_OPSIYON;D_EQ;SSO;D_EQ_ECP;DE_ASELS_ECP;ASELS.E;2026-04-30;5.91;6.63;-10.86;6.35;3.5;7.23;3.5;3.69;8446000;75996;206;10;316;206;;;;;
2026-04-22;O_ASELSE0426C420.00;ASELS_04/2026_AVRUPA_OPSIYON;D_EQ;SSO;D_EQ_ECP;DE_ASELS_ECP;ASELS.E;2026-04-30;3.19;3.74;-14.71;2.75;2.75;2.75;2.75;2.75;1260000;8250;30;3;396;-30;;;;;
2026-04-22;O_ASELSE0426C430.00;ASELS_04/2026_AVRUPA_OPSIYON;D_EQ;SSO;D_EQ_ECP;DE_ASELS_ECP;ASELS.E;2026-04-30;1.61;1.96;-17.86;2.06;2.06;2.06;2.06;2.06;2150000;10300;50;5;353;50;;;;;
2026-04-22;O_ASELSE0426C440.00;ASELS_04/2026_AVRUPA_OPSIYON;D_EQ;SSO;D_EQ_ECP;DE_ASELS_ECP;ASELS.E;2026-04-30;0.76;0.96;-20.83;0;0;0;0;0;0;0;0;0;350;0;;;;;
2026-04-22;O_ASELSE0426C450.00;ASELS_04/2026_AVRUPA_OPSIYON;D_EQ;SSO;D_EQ_ECP;DE_ASELS_ECP;ASELS.E;2026-04-30;0.34;0.44;-22.73;0;0;0;0;0;0;0;0;0;74;0;;;;;
2026-04-22;O_ASELSE0426C460.00;ASELS_04/2026_AVRUPA_OPSIYON;D_EQ;SSO;D_EQ_ECP;DE_ASELS_ECP;ASELS.E;2026-04-30;0.14;0.19;-26.32;0;0;0;0;0;0;0;0;0;0;0;;;;;
2026-04-22;O_ASELSE0426C470.00;ASELS_04/2026_AVRUPA_OPSIYON;D_EQ;SSO;D_EQ_ECP;DE_ASELS_ECP;ASELS.E;2026-04-30;0.05;0.08;-37.5;0;0;0;0;0;0;0;0;0;0;0;;;;;
2026-04-22;O_ASELSE0426C480.00;ASELS_04/2026_AVRUPA_OPSIYON;D_EQ;SSO;D_EQ_ECP;DE_ASELS_ECP;ASELS.E;2026-04-30;0.02;0.03;-33.33;0;0;0;0;0;0;0;0;0;0;0;;;;;
2026-04-22;O_ASELSE0426P250.00;ASELS_04/2026_AVRUPA_OPSIYON;D_EQ;SSO;D_EQ_EPP;DE_ASELS_EPP;ASELS.E;2026-04-30;0.01;0.01;0;0;0;0;0;0;0;0;0;0;0;0;;;;;
2026-04-22;O_ASELSE0426P260.00;ASELS_04/2026_AVRUPA_OPSIYON;D_EQ;SSO;D_EQ_EPP;DE_ASELS_EPP;ASELS.E;2026-04-30;0.01;0.01;0;0;0;0;0;0;0;0;0;0;0;0;;;;;
2026-04-22;O_ASELSE0426P270.00;ASELS_04/2026_AVRUPA_OPSIYON;D_EQ;SSO;D_EQ_EPP;DE_ASELS_EPP;ASELS.E;2026-04-30;0.01;0.01;0;0;0;0;0;0;0;0;0;0;0;0;;;;;
2026-04-22;O_ASELSE0426P280.00;ASELS_04/2026_AVRUPA_OPSIYON;D_EQ;SSO;D_EQ_EPP;DE_ASELS_EPP;ASELS.E;2026-04-30;0.01;0.01;0;0;0;0;0;0;0;0;0;0;0;0;;;;;
2026-04-22;O_ASELSE0426P290.00;ASELS_04/2026_AVRUPA_OPSIYON;D_EQ;SSO;D_EQ_EPP;DE_ASELS_EPP;ASELS.E;2026-04-30;0.01;0.01;0;0;0;0;0;0;0;0;0;0;50;0;;;;;
2026-04-22;O_ASELSE0426P300.00;ASELS_04/2026_AVRUPA_OPSIYON;D_EQ;SSO;D_EQ_EPP;DE_ASELS_EPP;ASELS.E;2026-04-30;0.01;0.01;0;0;0;0;0;0;0;0;0;0;200;0;;;;;
2026-04-22;O_ASELSE0426P310.00;ASELS_04/2026_AVRUPA_OPSIYON;D_EQ;SSO;D_EQ_EPP;DE_ASELS_EPP;ASELS.E;2026-04-30;0.01;0.01;0;0;0;0;0;0;0;0;0;0;741;0;;;;;
2026-04-22;O_ASELSE0426P320.00;ASELS_04/2026_AVRUPA_OPSIYON;D_EQ;SSO;D_EQ_EPP;DE_ASELS_EPP;ASELS.E;2026-04-30;0.01;0.01;0;0;0;0;0;0;0;0;0;0;700;0;;;;;
2026-04-22;O_ASELSE0426P330.00;ASELS_04/2026_AVRUPA_OPSIYON;D_EQ;SSO;D_EQ_EPP;DE_ASELS_EPP;ASELS.E;2026-04-30;0.01;0.01;0;0;0;0;0;0;0;0;0;0;714;0;;;;;
2026-04-22;O_ASELSE0426P340.00;ASELS_04/2026_AVRUPA_OPSIYON;D_EQ;SSO;D_EQ_EPP;DE_ASELS_EPP;ASELS.E;2026-04-30;0.03;0.05;-40;0;0;0;0;0;0;0;0;0;413;0;;;;;
2026-04-22;O_ASELSE0426P350.00;ASELS_04/2026_AVRUPA_OPSIYON;D_EQ;SSO;D_EQ_EPP;DE_ASELS_EPP;ASELS.E;2026-04-30;0.13;0.17;-23.53;0;0;0;0;0;0;0;0;0;595;0;;;;;
2026-04-22;O_ASELSE0426P360.00;ASELS_04/2026_AVRUPA_OPSIYON;D_EQ;SSO;D_EQ_EPP;DE_ASELS_EPP;ASELS.E;2026-04-30;0.4;0.51;-21.57;0;0;0;0;0;0;0;0;0;250;0;;;;;
2026-04-22;O_ASELSE0426P370.00;ASELS_04/2026_AVRUPA_OPSIYON;D_EQ;SSO;D_EQ_EPP;DE_ASELS_EPP;ASELS.E;2026-04-30;1.08;1.3;-16.92;0;0;0;0;0;0;0;0;0;203;0;;;;;
2026-04-22;O_ASELSE0426P380.00;ASELS_04/2026_AVRUPA_OPSIYON;D_EQ;SSO;D_EQ_EPP;DE_ASELS_EPP;ASELS.E;2026-04-30;2.5;2.86;-12.59;2.8;2.35;2.8;2.35;2.58;4028000;27295;106;2;250;0;;;;;
2026-04-22;O_ASELSE0426P390.00;ASELS_04/2026_AVRUPA_OPSIYON;D_EQ;SSO;D_EQ_EPP;DE_ASELS_EPP;ASELS.E;2026-04-30;5.13;5.54;-7.4;4.35;3.2;4.35;3.2;3.78;4134000;40015;106;7;413;0;;;;;
2026-04-22;O_ASELSE0426P400.00;ASELS_04/2026_AVRUPA_OPSIYON;D_EQ;SSO;D_EQ_EPP;DE_ASELS_EPP;ASELS.E;2026-04-30;9.26;9.67;-4.24;7.85;7.85;9.95;9.95;8.9;4240000;94340;106;7;463;0;;;;;
2026-04-22;O_ASELSE0426P410.00;ASELS_04/2026_AVRUPA_OPSIYON;D_EQ;SSO;D_EQ_EPP;DE_ASELS_EPP;ASELS.E;2026-04-30;15.01;15.3;-1.9;13.15;13.15;14.55;14.55;13.85;4346000;146810;106;12;286;0;;;;;
2026-04-22;O_ASELSE0426P420.00;ASELS_04/2026_AVRUPA_OPSIYON;D_EQ;SSO;D_EQ_EPP;DE_ASELS_EPP;ASELS.E;2026-04-30;22.21;22.33;-0.54;0;0;0;0;0;0;0;0;0;1300;0;;;;;
2026-04-22;O_ASELSE0426P430.00;ASELS_04/2026_AVRUPA_OPSIYON;D_EQ;SSO;D_EQ_EPP;DE_ASELS_EPP;ASELS.E;2026-04-30;30.55;30.45;0.33;0;0;0;0;0;0;0;0;0;37;0;;;;;
2026-04-22;O_ASELSE0526C330.00;ASELS_05/2026_AVRUPA_OPSIYON;D_EQ;SSO;D_EQ_ECP;DE_ASELS_ECP;ASELS.E;2026-05-25;79.49;79.8;-0.39;0;0;0;0;0;0;0;0;0;0;0;;;;;
2026-04-22;O_ASELSE0526C340.00;ASELS_05/2026_AVRUPA_OPSIYON;D_EQ;SSO;D_EQ_ECP;DE_ASELS_ECP;ASELS.E;2026-05-25;70.41;70.74;-0.47;0;0;0;0;0;0;0;0;0;0;0;;;;;
2026-04-22;O_ASELSE0526C350.00;ASELS_05/2026_AVRUPA_OPSIYON;D_EQ;SSO;D_EQ_ECP;DE_ASELS_ECP;ASELS.E;2026-05-25;61.62;61.98;-0.58;0;0;0;0;0;0;0;0;0;10;0;;;;;
2026-04-22;O_ASELSE0526C360.00;ASELS_05/2026_AVRUPA_OPSIYON;D_EQ;SSO;D_EQ_ECP;DE_ASELS_ECP;ASELS.E;2026-05-25;53.22;53.63;-0.76;0;0;0;0;0;0;0;0;0;30;0;;;;;
2026-04-22;O_ASELSE0526C370.00;ASELS_05/2026_AVRUPA_OPSIYON;D_EQ;SSO;D_EQ_ECP;DE_ASELS_ECP;ASELS.E;2026-05-25;45.29;45.76;-1.03;0;0;0;0;0;0;0;0;0;30;0;;;;;
2026-04-22;O_ASELSE0526C380.00;ASELS_05/2026_AVRUPA_OPSIYON;D_EQ;SSO;D_EQ_ECP;DE_ASELS_ECP;ASELS.E;2026-05-25;37.93;38.48;-1.43;0;0;0;0;0;0;0;0;0;0;0;;;;;
2026-04-22;O_ASELSE0526C390.00;ASELS_05/2026_AVRUPA_OPSIYON;D_EQ;SSO;D_EQ_ECP;DE_ASELS_ECP;ASELS.E;2026-05-25;31.25;31.85;-1.88;0;0;0;0;0;0;0;0;0;20;0;;;;;
2026-04-22;O_ASELSE0526C400.00;ASELS_05/2026_AVRUPA_OPSIYON;D_EQ;SSO;D_EQ_ECP;DE_ASELS_ECP;ASELS.E;2026-05-25;25.38;25.94;-2.16;0;0;0;0;0;0;0;0;0;21;0;;;;;
2026-04-22;O_ASELSE0526C410.00;ASELS_05/2026_AVRUPA_OPSIYON;D_EQ;SSO;D_EQ_ECP;DE_ASELS_ECP;ASELS.E;2026-05-25;20.28;20.83;-2.64;0;0;0;0;0;0;0;0;0;0;0;;;;;
2026-04-22;O_ASELSE0526C420.00;ASELS_05/2026_AVRUPA_OPSIYON;D_EQ;SSO;D_EQ_ECP;DE_ASELS_ECP;ASELS.E;2026-05-25;15.99;16.47;-2.91;0;0;0;0;0;0;0;0;0;51;0;;;;;
2026-04-22;O_ASELSE0526C430.00;ASELS_05/2026_AVRUPA_OPSIYON;D_EQ;SSO;D_EQ_ECP;DE_ASELS_ECP;ASELS.E;2026-05-25;12.44;12.84;-3.12;11.7;11.65;11.7;11.65;11.69;989000;26895;23;2;37;0;;;;;
2026-04-22;O_ASELSE0526C440.00;ASELS_05/2026_AVRUPA_OPSIYON;D_EQ;SSO;D_EQ_ECP;DE_ASELS_ECP;ASELS.E;2026-05-25;9.63;9.86;-2.33;9;9;9;9;9;3872000;79200;88;6;88;88;;;;;
2026-04-22;O_ASELSE0526C450.00;ASELS_05/2026_AVRUPA_OPSIYON;D_EQ;SSO;D_EQ_ECP;DE_ASELS_ECP;ASELS.E;2026-05-25;7.38;7.52;-1.86;0;0;0;0;0;0;0;0;0;0;0;;;;;
2026-04-22;O_ASELSE0526C460.00;ASELS_05/2026_AVRUPA_OPSIYON;D_EQ;SSO;D_EQ_ECP;DE_ASELS_ECP;ASELS.E;2026-05-25;5.61;5.66;-0.88;0;0;0;0;0;0;0;0;0;0;0;;;;;
2026-04-22;O_ASELSE0526C470.00;ASELS_05/2026_AVRUPA_OPSIYON;D_EQ;SSO;D_EQ_ECP;DE_ASELS_ECP;ASELS.E;2026-05-25;4.22;4.22;0;0;0;0;0;0;0;0;0;0;20;0;;;;;
2026-04-22;O_ASELSE0526C480.00;ASELS_05/2026_AVRUPA_OPSIYON;D_EQ;SSO;D_EQ_ECP;DE_ASELS_ECP;ASELS.E;2026-05-25;3.16;3.11;1.61;0;0;0;0;0;0;0;0;0;22;0;;;;;
2026-04-22;O_ASELSE0526C490.00;ASELS_05/2026_AVRUPA_OPSIYON;D_EQ;SSO;D_EQ_ECP;DE_ASELS_ECP;ASELS.E;2026-05-25;2.35;2.28;3.07;2.15;2.15;2.15;2.15;2.15;49000;215;1;1;0;-1;;;;;
2026-04-22;O_ASELSE0526C500.00;ASELS_05/2026_AVRUPA_OPSIYON;D_EQ;SSO;D_EQ_ECP;DE_ASELS_ECP;ASELS.E;2026-05-25;1.74;1.65;5.45;0;0;0;0;0;0;0;0;0;0;0;;;;;
2026-04-22;O_ASELSE0526P280.00;ASELS_05/2026_AVRUPA_OPSIYON;D_EQ;SSO;D_EQ_EPP;DE_ASELS_EPP;ASELS.E;2026-05-25;0.03;0.02;50;0;0;0;0;0;0;0;0;0;0;0;;;;;
2026-04-22;O_ASELSE0526P290.00;ASELS_05/2026_AVRUPA_OPSIYON;D_EQ;SSO;D_EQ_EPP;DE_ASELS_EPP;ASELS.E;2026-05-25;0.06;0.05;20;0;0;0;0;0;0;0;0;0;0;0;;;;;
2026-04-22;O_ASELSE0526P300.00;ASELS_05/2026_AVRUPA_OPSIYON;D_EQ;SSO;D_EQ_EPP;DE_ASELS_EPP;ASELS.E;2026-05-25;0.13;0.12;8.33;0;0;0;0;0;0;0;0;0;0;0;;;;;
2026-04-22;O_ASELSE0526P310.00;ASELS_05/2026_AVRUPA_OPSIYON;D_EQ;SSO;D_EQ_EPP;DE_ASELS_EPP;ASELS.E;2026-05-25;0.26;0.24;8.33;0;0;0;0;0;0;0;0;0;0;0;;;;;
2026-04-22;O_ASELSE0526P320.00;ASELS_05/2026_AVRUPA_OPSIYON;D_EQ;SSO;D_EQ_EPP;DE_ASELS_EPP;ASELS.E;2026-05-25;0.48;0.46;4.35;0;0;0;0;0;0;0;0;0;0;0;;;;;
2026-04-22;O_ASELSE0526P330.00;ASELS_05/2026_AVRUPA_OPSIYON;D_EQ;SSO;D_EQ_EPP;DE_ASELS_EPP;ASELS.E;2026-05-25;0.85;0.83;2.41;0;0;0;0;0;0;0;0;0;0;0;;;;;
2026-04-22;O_ASELSE0526P340.00;ASELS_05/2026_AVRUPA_OPSIYON;D_EQ;SSO;D_EQ_EPP;DE_ASELS_EPP;ASELS.E;2026-05-25;1.43;1.42;0.7;0;0;0;0;0;0;0;0;0;86;0;;;;;
2026-04-22;O_ASELSE0526P350.00;ASELS_05/2026_AVRUPA_OPSIYON;D_EQ;SSO;D_EQ_EPP;DE_ASELS_EPP;ASELS.E;2026-05-25;2.3;2.31;-0.43;0;0;0;0;0;0;0;0;0;39;0;;;;;
2026-04-22;O_ASELSE0526P360.00;ASELS_05/2026_AVRUPA_OPSIYON;D_EQ;SSO;D_EQ_EPP;DE_ASELS_EPP;ASELS.E;2026-05-25;3.56;3.61;-1.39;0;0;0;0;0;0;0;0;0;15;0;;;;;
2026-04-22;O_ASELSE0526P370.00;ASELS_05/2026_AVRUPA_OPSIYON;D_EQ;SSO;D_EQ_EPP;DE_ASELS_EPP;ASELS.E;2026-05-25;5.29;5.39;-1.86;0;0;0;0;0;0;0;0;0;38;0;;;;;
2026-04-22;O_ASELSE0526P380.00;ASELS_05/2026_AVRUPA_OPSIYON;D_EQ;SSO;D_EQ_EPP;DE_ASELS_EPP;ASELS.E;2026-05-25;7.6;7.76;-2.06;0;0;0;0;0;0;0;0;0;0;0;;;;;
2026-04-22;O_ASELSE0526P390.00;ASELS_05/2026_AVRUPA_OPSIYON;D_EQ;SSO;D_EQ_EPP;DE_ASELS_EPP;ASELS.E;2026-05-25;10.58;10.79;-1.95;0;0;0;0;0;0;0;0;0;30;0;;;;;
2026-04-22;O_ASELSE0526P400.00;ASELS_05/2026_AVRUPA_OPSIYON;D_EQ;SSO;D_EQ_EPP;DE_ASELS_EPP;ASELS.E;2026-05-25;14.37;14.53;-1.1;0;0;0;0;0;0;0;0;0;43;0;;;;;
2026-04-22;O_ASELSE0526P410.00;ASELS_05/2026_AVRUPA_OPSIYON;D_EQ;SSO;D_EQ_EPP;DE_ASELS_EPP;ASELS.E;2026-05-25;18.94;19.08;-0.73;0;0;0;0;0;0;0;0;0;20;0;;;;;
2026-04-22;O_ASELSE0526P420.00;ASELS_05/2026_AVRUPA_OPSIYON;D_EQ;SSO;D_EQ_EPP;DE_ASELS_EPP;ASELS.E;2026-05-25;24.31;24.36;-0.21;0;0;0;0;0;0;0;0;0;23;0;;;;;
2026-04-22;O_ASELSE0526P430.00;ASELS_05/2026_AVRUPA_OPSIYON;D_EQ;SSO;D_EQ_EPP;DE_ASELS_EPP;ASELS.E;2026-05-25;30.42;30.39;0.1;0;0;0;0;0;0;0;0;0;122;0;;;;;
2026-04-22;O_ASELSE0526P440.00;ASELS_05/2026_AVRUPA_OPSIYON;D_EQ;SSO;D_EQ_EPP;DE_ASELS_EPP;ASELS.E;2026-05-25;37.27;37.06;0.57;0;0;0;0;0;0;0;0;0;0;0;;;;;
2026-04-22;O_ASELSE0526P450.00;ASELS_05/2026_AVRUPA_OPSIYON;D_EQ;SSO;D_EQ_EPP;DE_ASELS_EPP;ASELS.E;2026-05-25;44.68;44.37;0.7;0;0;0;0;0;0;0;0;0;40;0;;;;;
2026-04-22;O_ASELSE0626C340.00;ASELS_06/2026_AVRUPA_OPSIYON;D_EQ;SSO;D_EQ_ECP;DE_ASELS_ECP;ASELS.E;2026-06-30;88.84;89.09;-0.28;0;0;0;0;0;0;0;0;0;0;0;;;;;
2026-04-22;O_ASELSE0626C350.00;ASELS_06/2026_AVRUPA_OPSIYON;D_EQ;SSO;D_EQ_ECP;DE_ASELS_ECP;ASELS.E;2026-06-30;80.77;81.05;-0.35;0;0;0;0;0;0;0;0;0;0;0;;;;;
2026-04-22;O_ASELSE0626C360.00;ASELS_06/2026_AVRUPA_OPSIYON;D_EQ;SSO;D_EQ_ECP;DE_ASELS_ECP;ASELS.E;2026-06-30;72.99;73.3;-0.42;0;0;0;0;0;0;0;0;0;0;0;;;;;
2026-04-22;O_ASELSE0626C370.00;ASELS_06/2026_AVRUPA_OPSIYON;D_EQ;SSO;D_EQ_ECP;DE_ASELS_ECP;ASELS.E;2026-06-30;65.52;65.89;-0.56;0;0;0;0;0;0;0;0;0;0;0;;;;;
2026-04-22;O_ASELSE0626C380.00;ASELS_06/2026_AVRUPA_OPSIYON;D_EQ;SSO;D_EQ_ECP;DE_ASELS_ECP;ASELS.E;2026-06-30;58.42;58.86;-0.75;0;0;0;0;0;0;0;0;0;0;0;;;;;
2026-04-22;O_ASELSE0626C390.00;ASELS_06/2026_AVRUPA_OPSIYON;D_EQ;SSO;D_EQ_ECP;DE_ASELS_ECP;ASELS.E;2026-06-30;51.71;52.24;-1.01;0;0;0;0;0;0;0;0;0;0;0;;;;;
2026-04-22;O_ASELSE0626C400.00;ASELS_06/2026_AVRUPA_OPSIYON;D_EQ;SSO;D_EQ_ECP;DE_ASELS_ECP;ASELS.E;2026-06-30;45.46;46.05;-1.28;0;0;0;0;0;0;0;0;0;0;0;;;;;
2026-04-22;O_ASELSE0626C410.00;ASELS_06/2026_AVRUPA_OPSIYON;D_EQ;SSO;D_EQ_ECP;DE_ASELS_ECP;ASELS.E;2026-06-30;39.79;40.32;-1.31;0;0;0;0;0;0;0;0;0;0;0;;;;;
2026-04-22;O_ASELSE0626C420.00;ASELS_06/2026_AVRUPA_OPSIYON;D_EQ;SSO;D_EQ_ECP;DE_ASELS_ECP;ASELS.E;2026-06-30;34.6;35.15;-1.56;0;0;0;0;0;0;0;0;0;0;0;;;;;
2026-04-22;O_ASELSE0626C430.00;ASELS_06/2026_AVRUPA_OPSIYON;D_EQ;SSO;D_EQ_ECP;DE_ASELS_ECP;ASELS.E;2026-06-30;29.98;30.45;-1.54;0;0;0;0;0;0;0;0;0;0;0;;;;;
2026-04-22;O_ASELSE0626C440.00;ASELS_06/2026_AVRUPA_OPSIYON;D_EQ;SSO;D_EQ_ECP;DE_ASELS_ECP;ASELS.E;2026-06-30;25.83;26.25;-1.6;0;0;0;0;0;0;0;0;0;0;0;;;;;
2026-04-22;O_ASELSE0626C450.00;ASELS_06/2026_AVRUPA_OPSIYON;D_EQ;SSO;D_EQ_ECP;DE_ASELS_ECP;ASELS.E;2026-06-30;22.31;22.52;-0.93;0;0;0;0;0;0;0;0;0;0;0;;;;;
2026-04-22;O_ASELSE0626C460.00;ASELS_06/2026_AVRUPA_OPSIYON;D_EQ;SSO;D_EQ_ECP;DE_ASELS_ECP;ASELS.E;2026-06-30;19.22;19.27;-0.26;0;0;0;0;0;0;0;0;0;0;0;;;;;
2026-04-22;O_ASELSE0626C470.00;ASELS_06/2026_AVRUPA_OPSIYON;D_EQ;SSO;D_EQ_ECP;DE_ASELS_ECP;ASELS.E;2026-06-30;16.51;16.44;0.43;0;0;0;0;0;0;0;0;0;0;0;;;;;
2026-04-22;O_ASELSE0626C480.00;ASELS_06/2026_AVRUPA_OPSIYON;D_EQ;SSO;D_EQ_ECP;DE_ASELS_ECP;ASELS.E;2026-06-30;14.15;13.98;1.22;0;0;0;0;0;0;0;0;0;0;0;;;;;
2026-04-22;O_ASELSE0626C490.00;ASELS_06/2026_AVRUPA_OPSIYON;D_EQ;SSO;D_EQ_ECP;DE_ASELS_ECP;ASELS.E;2026-06-30;12.11;11.85;2.19;0;0;0;0;0;0;0;0;0;0;0;;;;;
2026-04-22;O_ASELSE0626C500.00;ASELS_06/2026_AVRUPA_OPSIYON;D_EQ;SSO;D_EQ_ECP;DE_ASELS_ECP;ASELS.E;2026-06-30;10.35;10.01;3.4;0;0;0;0;0;0;0;0;0;0;0;;;;;
2026-04-22;O_ASELSE0626C520.00;ASELS_06/2026_AVRUPA_OPSIYON;D_EQ;SSO;D_EQ_ECP;DE_ASELS_ECP;ASELS.E;2026-06-30;7.54;7.09;6.35;0;0;0;0;0;0;0;0;0;0;0;;;;;
2026-04-22;O_ASELSE0626P290.00;ASELS_06/2026_AVRUPA_OPSIYON;D_EQ;SSO;D_EQ_EPP;DE_ASELS_EPP;ASELS.E;2026-06-30;0.45;0.37;21.62;0;0;0;0;0;0;0;0;0;0;0;;;;;
2026-04-22;O_ASELSE0626P300.00;ASELS_06/2026_AVRUPA_OPSIYON;D_EQ;SSO;D_EQ_EPP;DE_ASELS_EPP;ASELS.E;2026-06-30;0.69;0.59;16.95;0;0;0;0;0;0;0;0;0;0;0;;;;;
2026-04-22;O_ASELSE0626P310.00;ASELS_06/2026_AVRUPA_OPSIYON;D_EQ;SSO;D_EQ_EPP;DE_ASELS_EPP;ASELS.E;2026-06-30;1.04;0.92;13.04;0;0;0;0;0;0;0;0;0;0;0;;;;;
2026-04-22;O_ASELSE0626P320.00;ASELS_06/2026_AVRUPA_OPSIYON;D_EQ;SSO;D_EQ_EPP;DE_ASELS_EPP;ASELS.E;2026-06-30;1.52;1.39;9.35;0;0;0;0;0;0;0;0;0;0;0;;;;;
2026-04-22;O_ASELSE0626P330.00;ASELS_06/2026_AVRUPA_OPSIYON;D_EQ;SSO;D_EQ_EPP;DE_ASELS_EPP;ASELS.E;2026-06-30;2.17;2.03;6.9;0;0;0;0;0;0;0;0;0;0;0;;;;;
2026-04-22;O_ASELSE0626P340.00;ASELS_06/2026_AVRUPA_OPSIYON;D_EQ;SSO;D_EQ_EPP;DE_ASELS_EPP;ASELS.E;2026-06-30;3.03;2.88;5.21;0;0;0;0;0;0;0;0;0;0;0;;;;;
2026-04-22;O_ASELSE0626P350.00;ASELS_06/2026_AVRUPA_OPSIYON;D_EQ;SSO;D_EQ_EPP;DE_ASELS_EPP;ASELS.E;2026-06-30;4.12;3.99;3.26;0;0;0;0;0;0;0;0;0;0;0;;;;;
2026-04-22;O_ASELSE0626P360.00;ASELS_06/2026_AVRUPA_OPSIYON;D_EQ;SSO;D_EQ_EPP;DE_ASELS_EPP;ASELS.E;2026-06-30;5.5;5.4;1.85;0;0;0;0;0;0;0;0;0;0;0;;;;;
2026-04-22;O_ASELSE0626P370.00;ASELS_06/2026_AVRUPA_OPSIYON;D_EQ;SSO;D_EQ_EPP;DE_ASELS_EPP;ASELS.E;2026-06-30;7.21;7.15;0.84;0;0;0;0;0;0;0;0;0;0;0;;;;;
2026-04-22;O_ASELSE0626P380.00;ASELS_06/2026_AVRUPA_OPSIYON;D_EQ;SSO;D_EQ_EPP;DE_ASELS_EPP;ASELS.E;2026-06-30;9.27;9.27;0;0;0;0;0;0;0;0;0;0;0;0;;;;;
2026-04-22;O_ASELSE0626P390.00;ASELS_06/2026_AVRUPA_OPSIYON;D_EQ;SSO;D_EQ_EPP;DE_ASELS_EPP;ASELS.E;2026-06-30;11.73;11.81;-0.68;0;0;0;0;0;0;0;0;0;0;0;;;;;
2026-04-22;O_ASELSE0626P400.00;ASELS_06/2026_AVRUPA_OPSIYON;D_EQ;SSO;D_EQ_EPP;DE_ASELS_EPP;ASELS.E;2026-06-30;14.64;14.78;-0.95;0;0;0;0;0;0;0;0;0;0;0;;;;;
2026-04-22;O_ASELSE0626P410.00;ASELS_06/2026_AVRUPA_OPSIYON;D_EQ;SSO;D_EQ_EPP;DE_ASELS_EPP;ASELS.E;2026-06-30;18.14;18.2;-0.33;0;0;0;0;0;0;0;0;0;0;0;;;;;
2026-04-22;O_ASELSE0626P420.00;ASELS_06/2026_AVRUPA_OPSIYON;D_EQ;SSO;D_EQ_EPP;DE_ASELS_EPP;ASELS.E;2026-06-30;22.12;22.18;-0.27;0;0;0;0;0;0;0;0;0;0;0;;;;;
2026-04-22;O_ASELSE0626P430.00;ASELS_06/2026_AVRUPA_OPSIYON;D_EQ;SSO;D_EQ_EPP;DE_ASELS_EPP;ASELS.E;2026-06-30;26.67;26.64;0.11;0;0;0;0;0;0;0;0;0;0;0;;;;;
2026-04-22;O_ASELSE0626P440.00;ASELS_06/2026_AVRUPA_OPSIYON;D_EQ;SSO;D_EQ_EPP;DE_ASELS_EPP;ASELS.E;2026-06-30;31.69;31.6;0.28;0;0;0;0;0;0;0;0;0;0;0;;;;;
2026-04-22;O_ASELSE0626P450.00;ASELS_06/2026_AVRUPA_OPSIYON;D_EQ;SSO;D_EQ_EPP;DE_ASELS_EPP;ASELS.E;2026-06-30;37.33;37.02;0.84;0;0;0;0;0;0;0;0;0;0;0;;;;;
2026-04-22;O_ASELSE0626P460.00;ASELS_06/2026_AVRUPA_OPSIYON;D_EQ;SSO;D_EQ_EPP;DE_ASELS_EPP;ASELS.E;2026-06-30;43.41;42.93;1.12;0;0;0;0;0;0;0;0;0;0;0;;;;;
2026-04-22;O_BIMASE0426C640.00;BIMAS_04/2026_AVRUPA_OPSIYON;D_EQ;SSO;D_EQ_ECP;DE_BIMAS_ECP;BIMAS.E;2026-04-30;128.31;118.49;8.29;0;0;0;0;0;0;0;0;0;26;0;;;;;
2026-04-22;O_BIMASE0426C660.00;BIMAS_04/2026_AVRUPA_OPSIYON;D_EQ;SSO;D_EQ_ECP;DE_BIMAS_ECP;BIMAS.E;2026-04-30;108.5;98.76;9.86;0;0;0;0;0;0;0;0;0;46;0;;;;;
2026-04-22;O_BIMASE0426C680.00;BIMAS_04/2026_AVRUPA_OPSIYON;D_EQ;SSO;D_EQ_ECP;DE_BIMAS_ECP;BIMAS.E;2026-04-30;88.79;79.3;11.97;0;0;0;0;0;0;0;0;0;12;0;;;;;
2026-04-22;O_BIMASE0426C700.00;BIMAS_04/2026_AVRUPA_OPSIYON;D_EQ;SSO;D_EQ_ECP;DE_BIMAS_ECP;BIMAS.E;2026-04-30;69.44;60.55;14.68;0;0;0;0;0;0;0;0;0;20;0;;;;;
2026-04-22;O_BIMASE0426C720.00;BIMAS_04/2026_AVRUPA_OPSIYON;D_EQ;SSO;D_EQ_ECP;DE_BIMAS_ECP;BIMAS.E;2026-04-30;51.08;43.34;17.86;0;0;0;0;0;0;0;0;0;305;0;;;;;
2026-04-22;O_BIMASE0426C740.00;BIMAS_04/2026_AVRUPA_OPSIYON;D_EQ;SSO;D_EQ_ECP;DE_BIMAS_ECP;BIMAS.E;2026-04-30;34.71;28.65;21.15;31.7;31.7;31.7;31.7;31.7;1702000;72910;23;3;258;0;;;;;
2026-04-22;O_BIMASE0426C760.00;BIMAS_04/2026_AVRUPA_OPSIYON;D_EQ;SSO;D_EQ_ECP;DE_BIMAS_ECP;BIMAS.E;2026-04-30;21.41;17.26;24.04;0;0;0;0;0;0;0;0;0;210;0;;;;;
2026-04-22;O_BIMASE0426C780.00;BIMAS_04/2026_AVRUPA_OPSIYON;D_EQ;SSO;D_EQ_ECP;DE_BIMAS_ECP;BIMAS.E;2026-04-30;11.82;9.39;25.88;8.55;8.55;8.55;8.55;8.55;1794000;19665;23;1;185;0;;;;;
2026-04-22;O_BIMASE0426C800.00;BIMAS_04/2026_AVRUPA_OPSIYON;D_EQ;SSO;D_EQ_ECP;DE_BIMAS_ECP;BIMAS.E;2026-04-30;5.78;4.59;25.93;0;0;0;0;0;0;0;0;0;185;0;;;;;
2026-04-22;O_BIMASE0426C820.00;BIMAS_04/2026_AVRUPA_OPSIYON;D_EQ;SSO;D_EQ_ECP;DE_BIMAS_ECP;BIMAS.E;2026-04-30;2.49;2;24.5;0;0;0;0;0;0;0;0;0;0;0;;;;;
2026-04-22;O_BIMASE0426C840.00;BIMAS_04/2026_AVRUPA_OPSIYON;D_EQ;SSO;D_EQ_ECP;DE_BIMAS_ECP;BIMAS.E;2026-04-30;0.94;0.78;20.51;0;0;0;0;0;0;0;0;0;1;0;;;;;
2026-04-22;O_BIMASE0426C860.00;BIMAS_04/2026_AVRUPA_OPSIYON;D_EQ;SSO;D_EQ_ECP;DE_BIMAS_ECP;BIMAS.E;2026-04-30;0.31;0.27;14.81;0;0;0;0;0;0;0;0;0;0;0;;;;;
2026-04-22;O_BIMASE0426C880.00;BIMAS_04/2026_AVRUPA_OPSIYON;D_EQ;SSO;D_EQ_ECP;DE_BIMAS_ECP;BIMAS.E;2026-04-30;0.09;0.09;0;0;0;0;0;0;0;0;0;0;0;0;;;;;
2026-04-22;O_BIMASE0426C900.00;BIMAS_04/2026_AVRUPA_OPSIYON;D_EQ;SSO;D_EQ_ECP;DE_BIMAS_ECP;BIMAS.E;2026-04-30;0.02;0.02;0;0;0;0;0;0;0;0;0;0;0;0;;;;;
2026-04-22;O_BIMASE0426P540.00;BIMAS_04/2026_AVRUPA_OPSIYON;D_EQ;SSO;D_EQ_EPP;DE_BIMAS_EPP;BIMAS.E;2026-04-30;0.01;0.01;0;0;0;0;0;0;0;0;0;0;0;0;;;;;
2026-04-22;O_BIMASE0426P560.00;BIMAS_04/2026_AVRUPA_OPSIYON;D_EQ;SSO;D_EQ_EPP;DE_BIMAS_EPP;BIMAS.E;2026-04-30;0.01;0.01;0;0;0;0;0;0;0;0;0;0;30;0;;;;;
2026-04-22;O_BIMASE0426P580.00;BIMAS_04/2026_AVRUPA_OPSIYON;D_EQ;SSO;D_EQ_EPP;DE_BIMAS_EPP;BIMAS.E;2026-04-30;0.01;0.01;0;0;0;0;0;0;0;0;0;0;75;0;;;;;
2026-04-22;O_BIMASE0426P600.00;BIMAS_04/2026_AVRUPA_OPSIYON;D_EQ;SSO;D_EQ_EPP;DE_BIMAS_EPP;BIMAS.E;2026-04-30;0.01;0.01;0;0;0;0;0;0;0;0;0;0;28;0;;;;;
2026-04-22;O_BIMASE0426P620.00;BIMAS_04/2026_AVRUPA_OPSIYON;D_EQ;SSO;D_EQ_EPP;DE_BIMAS_EPP;BIMAS.E;2026-04-30;0.01;0.01;0;0;0;0;0;0;0;0;0;0;0;0;;;;;
2026-04-22;O_BIMASE0426P640.00;BIMAS_04/2026_AVRUPA_OPSIYON;D_EQ;SSO;D_EQ_EPP;DE_BIMAS_EPP;BIMAS.E;2026-04-30;0.01;0.02;-50;0;0;0;0;0;0;0;0;0;19;0;;;;;
2026-04-22;O_BIMASE0426P660.00;BIMAS_04/2026_AVRUPA_OPSIYON;D_EQ;SSO;D_EQ_EPP;DE_BIMAS_EPP;BIMAS.E;2026-04-30;0.03;0.11;-72.73;0;0;0;0;0;0;0;0;0;60;0;;;;;
2026-04-22;O_BIMASE0426P680.00;BIMAS_04/2026_AVRUPA_OPSIYON;D_EQ;SSO;D_EQ_EPP;DE_BIMAS_EPP;BIMAS.E;2026-04-30;0.15;0.45;-66.67;0;0;0;0;0;0;0;0;0;14;0;;;;;
2026-04-22;O_BIMASE0426P700.00;BIMAS_04/2026_AVRUPA_OPSIYON;D_EQ;SSO;D_EQ_EPP;DE_BIMAS_EPP;BIMAS.E;2026-04-30;0.64;1.53;-58.17;0;0;0;0;0;0;0;0;0;63;0;;;;;
2026-04-22;O_BIMASE0426P720.00;BIMAS_04/2026_AVRUPA_OPSIYON;D_EQ;SSO;D_EQ_EPP;DE_BIMAS_EPP;BIMAS.E;2026-04-30;2.11;4.13;-48.91;0;0;0;0;0;0;0;0;0;108;0;;;;;
2026-04-22;O_BIMASE0426P740.00;BIMAS_04/2026_AVRUPA_OPSIYON;D_EQ;SSO;D_EQ_EPP;DE_BIMAS_EPP;BIMAS.E;2026-04-30;5.57;9.25;-39.78;0;0;0;0;0;0;0;0;0;138;0;;;;;
2026-04-22;O_BIMASE0426P760.00;BIMAS_04/2026_AVRUPA_OPSIYON;D_EQ;SSO;D_EQ_EPP;DE_BIMAS_EPP;BIMAS.E;2026-04-30;12.11;17.67;-31.47;11.85;10.5;11.85;10.5;11.13;3268000;47850;43;3;52;-43;;;;;
2026-04-22;O_BIMASE0426P780.00;BIMAS_04/2026_AVRUPA_OPSIYON;D_EQ;SSO;D_EQ_EPP;DE_BIMAS_EPP;BIMAS.E;2026-04-30;22.35;29.62;-24.54;0;0;0;0;0;0;0;0;0;30;0;;;;;
2026-04-22;O_BIMASE0426P800.00;BIMAS_04/2026_AVRUPA_OPSIYON;D_EQ;SSO;D_EQ_EPP;DE_BIMAS_EPP;BIMAS.E;2026-04-30;36.14;44.62;-19;0;0;0;0;0;0;0;0;0;0;0;;;;;
2026-04-22;O_BIMASE0526C640.00;BIMAS_05/2026_AVRUPA_OPSIYON;D_EQ;SSO;D_EQ_ECP;DE_BIMAS_ECP;BIMAS.E;2026-05-25;145.41;136.02;6.9;0;0;0;0;0;0;0;0;0;0;0;;;;;
2026-04-22;O_BIMASE0526C660.00;BIMAS_05/2026_AVRUPA_OPSIYON;D_EQ;SSO;D_EQ_ECP;DE_BIMAS_ECP;BIMAS.E;2026-05-25;126.93;117.89;7.67;0;0;0;0;0;0;0;0;0;0;0;;;;;
2026-04-22;O_BIMASE0526C680.00;BIMAS_05/2026_AVRUPA_OPSIYON;D_EQ;SSO;D_EQ_ECP;DE_BIMAS_ECP;BIMAS.E;2026-05-25;109.05;100.52;8.49;0;0;0;0;0;0;0;0;0;0;0;;;;;
2026-04-22;O_BIMASE0526C700.00;BIMAS_05/2026_AVRUPA_OPSIYON;D_EQ;SSO;D_EQ_ECP;DE_BIMAS_ECP;BIMAS.E;2026-05-25;92.06;84.18;9.36;0;0;0;0;0;0;0;0;0;1;0;;;;;
2026-04-22;O_BIMASE0526C720.00;BIMAS_05/2026_AVRUPA_OPSIYON;D_EQ;SSO;D_EQ_ECP;DE_BIMAS_ECP;BIMAS.E;2026-05-25;76.23;69.15;10.24;0;0;0;0;0;0;0;0;0;21;0;;;;;
2026-04-22;O_BIMASE0526C740.00;BIMAS_05/2026_AVRUPA_OPSIYON;D_EQ;SSO;D_EQ_ECP;DE_BIMAS_ECP;BIMAS.E;2026-05-25;61.83;55.64;11.13;0;0;0;0;0;0;0;0;0;46;0;;;;;
2026-04-22;O_BIMASE0526C760.00;BIMAS_05/2026_AVRUPA_OPSIYON;D_EQ;SSO;D_EQ_ECP;DE_BIMAS_ECP;BIMAS.E;2026-05-25;49.06;43.81;11.98;0;0;0;0;0;0;0;0;0;36;0;;;;;
2026-04-22;O_BIMASE0526C780.00;BIMAS_05/2026_AVRUPA_OPSIYON;D_EQ;SSO;D_EQ_ECP;DE_BIMAS_ECP;BIMAS.E;2026-05-25;38.06;33.75;12.77;0;0;0;0;0;0;0;0;0;28;0;;;;;
2026-04-22;O_BIMASE0526C800.00;BIMAS_05/2026_AVRUPA_OPSIYON;D_EQ;SSO;D_EQ_ECP;DE_BIMAS_ECP;BIMAS.E;2026-05-25;28.84;25.42;13.45;0;0;0;0;0;0;0;0;0;20;0;;;;;
2026-04-22;O_BIMASE0526C820.00;BIMAS_05/2026_AVRUPA_OPSIYON;D_EQ;SSO;D_EQ_ECP;DE_BIMAS_ECP;BIMAS.E;2026-05-25;21.35;18.73;13.99;0;0;0;0;0;0;0;0;0;10;0;;;;;
2026-04-22;O_BIMASE0526C840.00;BIMAS_05/2026_AVRUPA_OPSIYON;D_EQ;SSO;D_EQ_ECP;DE_BIMAS_ECP;BIMAS.E;2026-05-25;15.44;13.49;14.46;0;0;0;0;0;0;0;0;0;0;0;;;;;
2026-04-22;O_BIMASE0526C860.00;BIMAS_05/2026_AVRUPA_OPSIYON;D_EQ;SSO;D_EQ_ECP;DE_BIMAS_ECP;BIMAS.E;2026-05-25;10.91;9.51;14.72;0;0;0;0;0;0;0;0;0;7;0;;;;;
2026-04-22;O_BIMASE0526C880.00;BIMAS_05/2026_AVRUPA_OPSIYON;D_EQ;SSO;D_EQ_ECP;DE_BIMAS_ECP;BIMAS.E;2026-05-25;7.54;6.56;14.94;0;0;0;0;0;0;0;0;0;2;0;;;;;
2026-04-22;O_BIMASE0526C900.00;BIMAS_05/2026_AVRUPA_OPSIYON;D_EQ;SSO;D_EQ_ECP;DE_BIMAS_ECP;BIMAS.E;2026-05-25;5.09;4.43;14.9;0;0;0;0;0;0;0;0;0;3;0;;;;;
2026-04-22;O_BIMASE0526C920.00;BIMAS_05/2026_AVRUPA_OPSIYON;D_EQ;SSO;D_EQ_ECP;DE_BIMAS_ECP;BIMAS.E;2026-05-25;3.37;2.93;15.02;0;0;0;0;0;0;0;0;0;0;0;;;;;
2026-04-22;O_BIMASE0526P540.00;BIMAS_05/2026_AVRUPA_OPSIYON;D_EQ;SSO;D_EQ_EPP;DE_BIMAS_EPP;BIMAS.E;2026-05-25;0.01;0.01;0;0;0;0;0;0;0;0;0;0;0;0;;;;;
2026-04-22;O_BIMASE0526P560.00;BIMAS_05/2026_AVRUPA_OPSIYON;D_EQ;SSO;D_EQ_EPP;DE_BIMAS_EPP;BIMAS.E;2026-05-25;0.02;0.04;-50;0;0;0;0;0;0;0;0;0;0;0;;;;;
2026-04-22;O_BIMASE0526P580.00;BIMAS_05/2026_AVRUPA_OPSIYON;D_EQ;SSO;D_EQ_EPP;DE_BIMAS_EPP;BIMAS.E;2026-05-25;0.05;0.1;-50;0;0;0;0;0;0;0;0;0;0;0;;;;;
2026-04-22;O_BIMASE0526P600.00;BIMAS_05/2026_AVRUPA_OPSIYON;D_EQ;SSO;D_EQ_EPP;DE_BIMAS_EPP;BIMAS.E;2026-05-25;0.14;0.26;-46.15;0;0;0;0;0;0;0;0;0;11;0;;;;;
2026-04-22;O_BIMASE0526P620.00;BIMAS_05/2026_AVRUPA_OPSIYON;D_EQ;SSO;D_EQ_EPP;DE_BIMAS_EPP;BIMAS.E;2026-05-25;0.36;0.6;-40;0;0;0;0;0;0;0;0;0;10;0;;;;;
2026-04-22;O_BIMASE0526P640.00;BIMAS_05/2026_AVRUPA_OPSIYON;D_EQ;SSO;D_EQ_EPP;DE_BIMAS_EPP;BIMAS.E;2026-05-25;0.8;1.26;-36.51;0;0;0;0;0;0;0;0;0;0;0;;;;;
2026-04-22;O_BIMASE0526P660.00;BIMAS_05/2026_AVRUPA_OPSIYON;D_EQ;SSO;D_EQ_EPP;DE_BIMAS_EPP;BIMAS.E;2026-05-25;1.64;2.44;-32.79;0;0;0;0;0;0;0;0;0;2;0;;;;;
2026-04-22;O_BIMASE0526P680.00;BIMAS_05/2026_AVRUPA_OPSIYON;D_EQ;SSO;D_EQ_EPP;DE_BIMAS_EPP;BIMAS.E;2026-05-25;3.09;4.37;-29.29;0;0;0;0;0;0;0;0;0;1;0;;;;;
2026-04-22;O_BIMASE0526P700.00;BIMAS_05/2026_AVRUPA_OPSIYON;D_EQ;SSO;D_EQ_EPP;DE_BIMAS_EPP;BIMAS.E;2026-05-25;5.42;7.34;-26.16;0;0;0;0;0;0;0;0;0;0;0;;;;;
2026-04-22;O_BIMASE0526P720.00;BIMAS_05/2026_AVRUPA_OPSIYON;D_EQ;SSO;D_EQ_EPP;DE_BIMAS_EPP;BIMAS.E;2026-05-25;8.91;11.6;-23.19;0;0;0;0;0;0;0;0;0;0;0;;;;;
2026-04-22;O_BIMASE0526P740.00;BIMAS_05/2026_AVRUPA_OPSIYON;D_EQ;SSO;D_EQ_EPP;DE_BIMAS_EPP;BIMAS.E;2026-05-25;13.83;17.4;-20.52;0;0;0;0;0;0;0;0;0;30;0;;;;;
2026-04-22;O_BIMASE0526P760.00;BIMAS_05/2026_AVRUPA_OPSIYON;D_EQ;SSO;D_EQ_EPP;DE_BIMAS_EPP;BIMAS.E;2026-05-25;20.39;24.88;-18.05;0;0;0;0;0;0;0;0;0;0;0;;;;;
2026-04-22;O_BIMASE0526P780.00;BIMAS_05/2026_AVRUPA_OPSIYON;D_EQ;SSO;D_EQ_EPP;DE_BIMAS_EPP;BIMAS.E;2026-05-25;28.71;34.12;-15.86;0;0;0;0;0;0;0;0;0;54;0;;;;;
2026-04-22;O_BIMASE0526P800.00;BIMAS_05/2026_AVRUPA_OPSIYON;D_EQ;SSO;D_EQ_EPP;DE_BIMAS_EPP;BIMAS.E;2026-05-25;38.83;45.1;-13.9;0;0;0;0;0;0;0;0;0;36;0;;;;;
2026-04-22;O_BIMASE0526P820.00;BIMAS_05/2026_AVRUPA_OPSIYON;D_EQ;SSO;D_EQ_EPP;DE_BIMAS_EPP;BIMAS.E;2026-05-25;50.66;57.71;-12.22;0;0;0;0;0;0;0;0;0;0;0;;;;;
2026-04-22;O_BIMASE0626C740.00;BIMAS_06/2026_AVRUPA_OPSIYON;D_EQ;SSO;D_EQ_ECP;DE_BIMAS_ECP;BIMAS.E;2026-06-30;99.81;93.04;7.28;0;0;0;0;0;0;0;0;0;10;0;;;;;
2026-04-22;O_BIMASE0626C760.00;BIMAS_06/2026_AVRUPA_OPSIYON;D_EQ;SSO;D_EQ_ECP;DE_BIMAS_ECP;BIMAS.E;2026-06-30;86.65;80.49;7.65;0;0;0;0;0;0;0;0;0;0;0;;;;;
2026-04-22;O_BIMASE0626C780.00;BIMAS_06/2026_AVRUPA_OPSIYON;D_EQ;SSO;D_EQ_ECP;DE_BIMAS_ECP;BIMAS.E;2026-06-30;74.56;69.04;8;0;0;0;0;0;0;0;0;0;0;0;;;;;
2026-04-22;O_BIMASE0626C800.00;BIMAS_06/2026_AVRUPA_OPSIYON;D_EQ;SSO;D_EQ_ECP;DE_BIMAS_ECP;BIMAS.E;2026-06-30;63.58;58.7;8.31;0;0;0;0;0;0;0;0;0;0;0;;;;;
2026-04-22;O_BIMASE0626C820.00;BIMAS_06/2026_AVRUPA_OPSIYON;D_EQ;SSO;D_EQ_ECP;DE_BIMAS_ECP;BIMAS.E;2026-06-30;53.74;49.47;8.63;0;0;0;0;0;0;0;0;0;0;0;;;;;
2026-04-22;O_BIMASE0626C840.00;BIMAS_06/2026_AVRUPA_OPSIYON;D_EQ;SSO;D_EQ_ECP;DE_BIMAS_ECP;BIMAS.E;2026-06-30;45.03;41.35;8.9;0;0;0;0;0;0;0;0;0;0;0;;;;;
2026-04-22;O_BIMASE0626C860.00;BIMAS_06/2026_AVRUPA_OPSIYON;D_EQ;SSO;D_EQ_ECP;DE_BIMAS_ECP;BIMAS.E;2026-06-30;37.39;34.27;9.1;0;0;0;0;0;0;0;0;0;0;0;;;;;
2026-04-22;O_BIMASE0626C880.00;BIMAS_06/2026_AVRUPA_OPSIYON;D_EQ;SSO;D_EQ_ECP;DE_BIMAS_ECP;BIMAS.E;2026-06-30;30.79;28.17;9.3;0;0;0;0;0;0;0;0;0;0;0;;;;;
2026-04-22;O_BIMASE0626C900.00;BIMAS_06/2026_AVRUPA_OPSIYON;D_EQ;SSO;D_EQ_ECP;DE_BIMAS_ECP;BIMAS.E;2026-06-30;25.14;22.97;9.45;0;0;0;0;0;0;0;0;0;0;0;;;;;
2026-04-22;O_BIMASE0626C920.00;BIMAS_06/2026_AVRUPA_OPSIYON;D_EQ;SSO;D_EQ_ECP;DE_BIMAS_ECP;BIMAS.E;2026-06-30;20.36;18.58;9.58;0;0;0;0;0;0;0;0;0;0;0;;;;;
2026-04-22;O_BIMASE0626C940.00;BIMAS_06/2026_AVRUPA_OPSIYON;D_EQ;SSO;D_EQ_ECP;DE_BIMAS_ECP;BIMAS.E;2026-06-30;16.36;14.92;9.65;0;0;0;0;0;0;0;0;0;0;0;;;;;
2026-04-22;O_BIMASE0626P640.00;BIMAS_06/2026_AVRUPA_OPSIYON;D_EQ;SSO;D_EQ_EPP;DE_BIMAS_EPP;BIMAS.E;2026-06-30;2.15;2.86;-24.83;0;0;0;0;0;0;0;0;0;0;0;;;;;
2026-04-22;O_BIMASE0626P660.00;BIMAS_06/2026_AVRUPA_OPSIYON;D_EQ;SSO;D_EQ_EPP;DE_BIMAS_EPP;BIMAS.E;2026-06-30;3.43;4.44;-22.75;0;0;0;0;0;0;0;0;0;0;0;;;;;
2026-04-22;O_BIMASE0626P680.00;BIMAS_06/2026_AVRUPA_OPSIYON;D_EQ;SSO;D_EQ_EPP;DE_BIMAS_EPP;BIMAS.E;2026-06-30;5.25;6.63;-20.81;0;0;0;0;0;0;0;0;0;0;0;;;;;
2026-04-22;O_BIMASE0626P700.00;BIMAS_06/2026_AVRUPA_OPSIYON;D_EQ;SSO;D_EQ_EPP;DE_BIMAS_EPP;BIMAS.E;2026-06-30;7.73;9.56;-19.14;0;0;0;0;0;0;0;0;0;0;0;;;;;
2026-04-22;O_BIMASE0626P720.00;BIMAS_06/2026_AVRUPA_OPSIYON;D_EQ;SSO;D_EQ_EPP;DE_BIMAS_EPP;BIMAS.E;2026-06-30;11;13.33;-17.48;0;0;0;0;0;0;0;0;0;0;0;;;;;
2026-04-22;O_BIMASE0626P740.00;BIMAS_06/2026_AVRUPA_OPSIYON;D_EQ;SSO;D_EQ_EPP;DE_BIMAS_EPP;BIMAS.E;2026-06-30;15.18;18.06;-15.95;0;0;0;0;0;0;0;0;0;0;0;;;;;
2026-04-22;O_BIMASE0626P760.00;BIMAS_06/2026_AVRUPA_OPSIYON;D_EQ;SSO;D_EQ_EPP;DE_BIMAS_EPP;BIMAS.E;2026-06-30;20.35;23.82;-14.57;0;0;0;0;0;0;0;0;0;0;0;;;;;
2026-04-22;O_BIMASE0626P780.00;BIMAS_06/2026_AVRUPA_OPSIYON;D_EQ;SSO;D_EQ_EPP;DE_BIMAS_EPP;BIMAS.E;2026-06-30;26.59;30.67;-13.3;0;0;0;0;0;0;0;0;0;0;0;;;;;
2026-04-22;O_BIMASE0626P800.00;BIMAS_06/2026_AVRUPA_OPSIYON;D_EQ;SSO;D_EQ_EPP;DE_BIMAS_EPP;BIMAS.E;2026-06-30;33.95;38.64;-12.14;0;0;0;0;0;0;0;0;0;0;0;;;;;
2026-04-22;O_BIMASE0626P820.00;BIMAS_06/2026_AVRUPA_OPSIYON;D_EQ;SSO;D_EQ_EPP;DE_BIMAS_EPP;BIMAS.E;2026-06-30;42.45;47.73;-11.06;0;0;0;0;0;0;0;0;0;0;0;;;;;
2026-04-22;O_BIMASE0626P840.00;BIMAS_06/2026_AVRUPA_OPSIYON;D_EQ;SSO;D_EQ_EPP;DE_BIMAS_EPP;BIMAS.E;2026-06-30;52.07;57.92;-10.1;0;0;0;0;0;0;0;0;0;0;0;;;;;
2026-04-22;O_EKGYOE0426C19.00;EKGYO_04/2026_AVRUPA_OPSIYON;D_EQ;SSO;D_EQ_ECP;DE_EKGYO_ECP;EKGYO.E;2026-04-30;2.33;2.51;-7.17;0;0;0;0;0;0;0;0;0;201;0;;;;;
2026-04-22;O_EKGYOE0426C19.50;EKGYO_04/2026_AVRUPA_OPSIYON;D_EQ;SSO;D_EQ_ECP;DE_EKGYO_ECP;EKGYO.E;2026-04-30;1.86;2.04;-8.82;0;0;0;0;0;0;0;0;0;2500;0;;;;;
2026-04-22;O_EKGYOE0426C20.00;EKGYO_04/2026_AVRUPA_OPSIYON;D_EQ;SSO;D_EQ_ECP;DE_EKGYO_ECP;EKGYO.E;2026-04-30;1.42;1.6;-11.25;0;0;0;0;0;0;0;0;0;2988;0;;;;;
2026-04-22;O_EKGYOE0426C20.50;EKGYO_04/2026_AVRUPA_OPSIYON;D_EQ;SSO;D_EQ_ECP;DE_EKGYO_ECP;EKGYO.E;2026-04-30;1.03;1.19;-13.45;0;0;0;0;0;0;0;0;0;11100;0;;;;;
2026-04-22;O_EKGYOE0426C21.00;EKGYO_04/2026_AVRUPA_OPSIYON;D_EQ;SSO;D_EQ_ECP;DE_EKGYO_ECP;EKGYO.E;2026-04-30;0.7;0.85;-17.65;0.76;0.76;0.76;0.76;0.76;210000;7600;100;1;2008;0;;;;;
2026-04-22;O_EKGYOE0426C21.50;EKGYO_04/2026_AVRUPA_OPSIYON;D_EQ;SSO;D_EQ_ECP;DE_EKGYO_ECP;EKGYO.E;2026-04-30;0.44;0.57;-22.81;0.48;0.33;0.48;0.33;0.44;860000;17700;400;4;2543;313;;;;;
2026-04-22;O_EKGYOE0426C22.00;EKGYO_04/2026_AVRUPA_OPSIYON;D_EQ;SSO;D_EQ_ECP;DE_EKGYO_ECP;EKGYO.E;2026-04-30;0.26;0.36;-27.78;0;0;0;0;0;0;0;0;0;2770;0;;;;;
2026-04-22;O_EKGYOE0426C22.50;EKGYO_04/2026_AVRUPA_OPSIYON;D_EQ;SSO;D_EQ_ECP;DE_EKGYO_ECP;EKGYO.E;2026-04-30;0.14;0.21;-33.33;0;0;0;0;0;0;0;0;0;3082;0;;;;;
2026-04-22;O_EKGYOE0426C23.00;EKGYO_04/2026_AVRUPA_OPSIYON;D_EQ;SSO;D_EQ_ECP;DE_EKGYO_ECP;EKGYO.E;2026-04-30;0.07;0.12;-41.67;0;0;0;0;0;0;0;0;0;2161;0;;;;;
2026-04-22;O_EKGYOE0426C23.50;EKGYO_04/2026_AVRUPA_OPSIYON;D_EQ;SSO;D_EQ_ECP;DE_EKGYO_ECP;EKGYO.E;2026-04-30;0.03;0.06;-50;0;0;0;0;0;0;0;0;0;3022;0;;;;;
2026-04-22;O_EKGYOE0426C24.00;EKGYO_04/2026_AVRUPA_OPSIYON;D_EQ;SSO;D_EQ_ECP;DE_EKGYO_ECP;EKGYO.E;2026-04-30;0.01;0.03;-66.67;0;0;0;0;0;0;0;0;0;29;0;;;;;
2026-04-22;O_EKGYOE0426C24.50;EKGYO_04/2026_AVRUPA_OPSIYON;D_EQ;SSO;D_EQ_ECP;DE_EKGYO_ECP;EKGYO.E;2026-04-30;0.01;0.01;0;0;0;0;0;0;0;0;0;0;408;0;;;;;
2026-04-22;O_EKGYOE0426C25.00;EKGYO_04/2026_AVRUPA_OPSIYON;D_EQ;SSO;D_EQ_ECP;DE_EKGYO_ECP;EKGYO.E;2026-04-30;0.01;0.01;0;0;0;0;0;0;0;0;0;0;100;0;;;;;
2026-04-22;O_EKGYOE0426C26.00;EKGYO_04/2026_AVRUPA_OPSIYON;D_EQ;SSO;D_EQ_ECP;DE_EKGYO_ECP;EKGYO.E;2026-04-30;0.01;0.01;0;0;0;0;0;0;0;0;0;0;100;0;;;;;
2026-04-22;O_EKGYOE0426C27.00;EKGYO_04/2026_AVRUPA_OPSIYON;D_EQ;SSO;D_EQ_ECP;DE_EKGYO_ECP;EKGYO.E;2026-04-30;0.01;0.01;0;0;0;0;0;0;0;0;0;0;0;0;;;;;
2026-04-22;O_EKGYOE0426C28.00;EKGYO_04/2026_AVRUPA_OPSIYON;D_EQ;SSO;D_EQ_ECP;DE_EKGYO_ECP;EKGYO.E;2026-04-30;0.01;0.01;0;0;0;0;0;0;0;0;0;0;0;0;;;;;
2026-04-22;O_EKGYOE0426C29.00;EKGYO_04/2026_AVRUPA_OPSIYON;D_EQ;SSO;D_EQ_ECP;DE_EKGYO_ECP;EKGYO.E;2026-04-30;0.01;0.01;0;0;0;0;0;0;0;0;0;0;0;0;;;;;
2026-04-22;O_EKGYOE0426C30.00;EKGYO_04/2026_AVRUPA_OPSIYON;D_EQ;SSO;D_EQ_ECP;DE_EKGYO_ECP;EKGYO.E;2026-04-30;0.01;0.01;0;0;0;0;0;0;0;0;0;0;10;0;;;;;
2026-04-22;O_EKGYOE0426C31.00;EKGYO_04/2026_AVRUPA_OPSIYON;D_EQ;SSO;D_EQ_ECP;DE_EKGYO_ECP;EKGYO.E;2026-04-30;0.01;0.01;0;0;0;0;0;0;0;0;0;0;0;0;;;;;
2026-04-22;O_EKGYOE0426C32.00;EKGYO_04/2026_AVRUPA_OPSIYON;D_EQ;SSO;D_EQ_ECP;DE_EKGYO_ECP;EKGYO.E;2026-04-30;0.01;0.01;0;0;0;0;0;0;0;0;0;0;0;0;;;;;
2026-04-22;O_EKGYOE0426C33.00;EKGYO_04/2026_AVRUPA_OPSIYON;D_EQ;SSO;D_EQ_ECP;DE_EKGYO_ECP;EKGYO.E;2026-04-30;0.01;0.01;0;0;0;0;0;0;0;0;0;0;0;0;;;;;
2026-04-22;O_EKGYOE0426C34.00;EKGYO_04/2026_AVRUPA_OPSIYON;D_EQ;SSO;D_EQ_ECP;DE_EKGYO_ECP;EKGYO.E;2026-04-30;0.01;0.01;0;0;0;0;0;0;0;0;0;0;0;0;;;;;
2026-04-22;O_EKGYOE0426P16.50;EKGYO_04/2026_AVRUPA_OPSIYON;D_EQ;SSO;D_EQ_EPP;DE_EKGYO_EPP;EKGYO.E;2026-04-30;0.01;0.01;0;0;0;0;0;0;0;0;0;0;0;0;;;;;
2026-04-22;O_EKGYOE0426P17.00;EKGYO_04/2026_AVRUPA_OPSIYON;D_EQ;SSO;D_EQ_EPP;DE_EKGYO_EPP;EKGYO.E;2026-04-30;0.01;0.01;0;0;0;0;0;0;0;0;0;0;0;0;;;;;
2026-04-22;O_EKGYOE0426P17.50;EKGYO_04/2026_AVRUPA_OPSIYON;D_EQ;SSO;D_EQ_EPP;DE_EKGYO_EPP;EKGYO.E;2026-04-30;0.01;0.01;0;0;0;0;0;0;0;0;0;0;0;0;;;;;
2026-04-22;O_EKGYOE0426P18.00;EKGYO_04/2026_AVRUPA_OPSIYON;D_EQ;SSO;D_EQ_EPP;DE_EKGYO_EPP;EKGYO.E;2026-04-30;0.01;0.01;0;0;0;0;0;0;0;0;0;0;9000;0;;;;;
2026-04-22;O_EKGYOE0426P18.50;EKGYO_04/2026_AVRUPA_OPSIYON;D_EQ;SSO;D_EQ_EPP;DE_EKGYO_EPP;EKGYO.E;2026-04-30;0.01;0.01;0;0;0;0;0;0;0;0;0;0;0;0;;;;;
2026-04-22;O_EKGYOE0426P19.00;EKGYO_04/2026_AVRUPA_OPSIYON;D_EQ;SSO;D_EQ_EPP;DE_EKGYO_EPP;EKGYO.E;2026-04-30;0.01;0.02;-50;0;0;0;0;0;0;0;0;0;6237;0;;;;;
2026-04-22;O_EKGYOE0426P19.50;EKGYO_04/2026_AVRUPA_OPSIYON;D_EQ;SSO;D_EQ_EPP;DE_EKGYO_EPP;EKGYO.E;2026-04-30;0.04;0.04;0;0;0;0;0;0;0;0;0;0;7124;0;;;;;
2026-04-22;O_EKGYOE0426P20.00;EKGYO_04/2026_AVRUPA_OPSIYON;D_EQ;SSO;D_EQ_EPP;DE_EKGYO_EPP;EKGYO.E;2026-04-30;0.09;0.09;0;0;0;0;0;0;0;0;0;0;11740;0;;;;;
2026-04-22;O_EKGYOE0426P20.50;EKGYO_04/2026_AVRUPA_OPSIYON;D_EQ;SSO;D_EQ_EPP;DE_EKGYO_EPP;EKGYO.E;2026-04-30;0.2;0.18;11.11;0;0;0;0;0;0;0;0;0;1086;0;;;;;
2026-04-22;O_EKGYOE0426P21.00;EKGYO_04/2026_AVRUPA_OPSIYON;D_EQ;SSO;D_EQ_EPP;DE_EKGYO_EPP;EKGYO.E;2026-04-30;0.36;0.33;9.09;0;0;0;0;0;0;0;0;0;7547;0;;;;;
2026-04-22;O_EKGYOE0426P21.50;EKGYO_04/2026_AVRUPA_OPSIYON;D_EQ;SSO;D_EQ_EPP;DE_EKGYO_EPP;EKGYO.E;2026-04-30;0.61;0.55;10.91;0.51;0.51;0.64;0.63;0.62;3016450;86589;1403;6;11320;0;;;;;
2026-04-22;O_EKGYOE0426P22.00;EKGYO_04/2026_AVRUPA_OPSIYON;D_EQ;SSO;D_EQ_EPP;DE_EKGYO_EPP;EKGYO.E;2026-04-30;0.92;0.83;10.84;0.83;0.81;0.83;0.81;0.81;1100000;40700;500;5;1638;500;;;;;
2026-04-22;O_EKGYOE0426P22.50;EKGYO_04/2026_AVRUPA_OPSIYON;D_EQ;SSO;D_EQ_EPP;DE_EKGYO_EPP;EKGYO.E;2026-04-30;1.3;1.18;10.17;0;0;0;0;0;0;0;0;0;0;0;;;;;
2026-04-22;O_EKGYOE0426P23.00;EKGYO_04/2026_AVRUPA_OPSIYON;D_EQ;SSO;D_EQ_EPP;DE_EKGYO_EPP;EKGYO.E;2026-04-30;1.72;1.58;8.86;0;0;0;0;0;0;0;0;0;0;0;;;;;
2026-04-22;O_EKGYOE0426P23.50;EKGYO_04/2026_AVRUPA_OPSIYON;D_EQ;SSO;D_EQ_EPP;DE_EKGYO_EPP;EKGYO.E;2026-04-30;2.18;2.02;7.92;0;0;0;0;0;0;0;0;0;0;0;;;;;
2026-04-22;O_EKGYOE0426P24.00;EKGYO_04/2026_AVRUPA_OPSIYON;D_EQ;SSO;D_EQ_EPP;DE_EKGYO_EPP;EKGYO.E;2026-04-30;2.66;2.49;6.83;0;0;0;0;0;0;0;0;0;0;0;;;;;
2026-04-22;O_EKGYOE0426P24.50;EKGYO_04/2026_AVRUPA_OPSIYON;D_EQ;SSO;D_EQ_EPP;DE_EKGYO_EPP;EKGYO.E;2026-04-30;3.14;2.97;5.72;0;0;0;0;0;0;0;0;0;0;0;;;;;
2026-04-22;O_EKGYOE0426P25.00;EKGYO_04/2026_AVRUPA_OPSIYON;D_EQ;SSO;D_EQ_EPP;DE_EKGYO_EPP;EKGYO.E;2026-04-30;3.63;3.45;5.22;0;0;0;0;0;0;0;0;0;300;0;;;;;
2026-04-22;O_EKGYOE0426P26.00;EKGYO_04/2026_AVRUPA_OPSIYON;D_EQ;SSO;D_EQ_EPP;DE_EKGYO_EPP;EKGYO.E;2026-04-30;4.62;4.44;4.05;0;0;0;0;0;0;0;0;0;0;0;;;;;
2026-04-22;O_EKGYOE0426P27.00;EKGYO_04/2026_AVRUPA_OPSIYON;D_EQ;SSO;D_EQ_EPP;DE_EKGYO_EPP;EKGYO.E;2026-04-30;5.62;5.43;3.5;0;0;0;0;0;0;0;0;0;0;0;;;;;
2026-04-22;O_EKGYOE0426P28.00;EKGYO_04/2026_AVRUPA_OPSIYON;D_EQ;SSO;D_EQ_EPP;DE_EKGYO_EPP;EKGYO.E;2026-04-30;6.61;6.42;2.96;0;0;0;0;0;0;0;0;0;0;0;;;;;
2026-04-22;O_EKGYOE0426P29.00;EKGYO_04/2026_AVRUPA_OPSIYON;D_EQ;SSO;D_EQ_EPP;DE_EKGYO_EPP;EKGYO.E;2026-04-30;7.6;7.41;2.56;0;0;0;0;0;0;0;0;0;0;0;;;;;
2026-04-22;O_EKGYOE0526C19.50;EKGYO_05/2026_AVRUPA_OPSIYON;D_EQ;SSO;D_EQ_ECP;DE_EKGYO_ECP;EKGYO.E;2026-05-25;2.56;2.72;-5.88;0;0;0;0;0;0;0;0;0;3;0;;;;;
2026-04-22;O_EKGYOE0526C20.00;EKGYO_05/2026_AVRUPA_OPSIYON;D_EQ;SSO;D_EQ_ECP;DE_EKGYO_ECP;EKGYO.E;2026-05-25;2.18;2.34;-6.84;0;0;0;0;0;0;0;0;0;0;0;;;;;
2026-04-22;O_EKGYOE0526C20.50;EKGYO_05/2026_AVRUPA_OPSIYON;D_EQ;SSO;D_EQ_ECP;DE_EKGYO_ECP;EKGYO.E;2026-05-25;1.84;1.98;-7.07;0;0;0;0;0;0;0;0;0;2500;0;;;;;
2026-04-22;O_EKGYOE0526C21.00;EKGYO_05/2026_AVRUPA_OPSIYON;D_EQ;SSO;D_EQ_ECP;DE_EKGYO_ECP;EKGYO.E;2026-05-25;1.52;1.66;-8.43;0;0;0;0;0;0;0;0;0;0;0;;;;;
2026-04-22;O_EKGYOE0526C21.50;EKGYO_05/2026_AVRUPA_OPSIYON;D_EQ;SSO;D_EQ_ECP;DE_EKGYO_ECP;EKGYO.E;2026-05-25;1.25;1.37;-8.76;0;0;0;0;0;0;0;0;0;0;0;;;;;
2026-04-22;O_EKGYOE0526C22.00;EKGYO_05/2026_AVRUPA_OPSIYON;D_EQ;SSO;D_EQ_ECP;DE_EKGYO_ECP;EKGYO.E;2026-05-25;1.01;1.12;-9.82;0.84;0.84;0.84;0.84;0.84;220000;8400;100;1;2103;0;;;;;
2026-04-22;O_EKGYOE0526C22.50;EKGYO_05/2026_AVRUPA_OPSIYON;D_EQ;SSO;D_EQ_ECP;DE_EKGYO_ECP;EKGYO.E;2026-05-25;0.8;0.9;-11.11;0.75;0.75;0.78;0.76;0.77;4837500;165250;2150;13;7300;1850;;;;;
2026-04-22;O_EKGYOE0526C23.00;EKGYO_05/2026_AVRUPA_OPSIYON;D_EQ;SSO;D_EQ_ECP;DE_EKGYO_ECP;EKGYO.E;2026-05-25;0.63;0.72;-12.5;0;0;0;0;0;0;0;0;0;0;0;;;;;
2026-04-22;O_EKGYOE0526C23.50;EKGYO_05/2026_AVRUPA_OPSIYON;D_EQ;SSO;D_EQ_ECP;DE_EKGYO_ECP;EKGYO.E;2026-05-25;0.49;0.57;-14.04;0;0;0;0;0;0;0;0;0;0;0;;;;;
2026-04-22;O_EKGYOE0526C24.00;EKGYO_05/2026_AVRUPA_OPSIYON;D_EQ;SSO;D_EQ_ECP;DE_EKGYO_ECP;EKGYO.E;2026-05-25;0.37;0.44;-15.91;0;0;0;0;0;0;0;0;0;0;0;;;;;
2026-04-22;O_EKGYOE0526C24.50;EKGYO_05/2026_AVRUPA_OPSIYON;D_EQ;SSO;D_EQ_ECP;DE_EKGYO_ECP;EKGYO.E;2026-05-25;0.28;0.34;-17.65;0;0;0;0;0;0;0;0;0;0;0;;;;;
2026-04-22;O_EKGYOE0526C25.00;EKGYO_05/2026_AVRUPA_OPSIYON;D_EQ;SSO;D_EQ_ECP;DE_EKGYO_ECP;EKGYO.E;2026-05-25;0.21;0.26;-19.23;0;0;0;0;0;0;0;0;0;904;0;;;;;
2026-04-22;O_EKGYOE0526C26.00;EKGYO_05/2026_AVRUPA_OPSIYON;D_EQ;SSO;D_EQ_ECP;DE_EKGYO_ECP;EKGYO.E;2026-05-25;0.11;0.15;-26.67;0;0;0;0;0;0;0;0;0;12;0;;;;;
2026-04-22;O_EKGYOE0526C27.00;EKGYO_05/2026_AVRUPA_OPSIYON;D_EQ;SSO;D_EQ_ECP;DE_EKGYO_ECP;EKGYO.E;2026-05-25;0.06;0.08;-25;0;0;0;0;0;0;0;0;0;250;0;;;;;
2026-04-22;O_EKGYOE0526C28.00;EKGYO_05/2026_AVRUPA_OPSIYON;D_EQ;SSO;D_EQ_ECP;DE_EKGYO_ECP;EKGYO.E;2026-05-25;0.03;0.04;-25;0;0;0;0;0;0;0;0;0;0;0;;;;;
2026-04-22;O_EKGYOE0526C29.00;EKGYO_05/2026_AVRUPA_OPSIYON;D_EQ;SSO;D_EQ_ECP;DE_EKGYO_ECP;EKGYO.E;2026-05-25;0.01;0.02;-50;0;0;0;0;0;0;0;0;0;0;0;;;;;
2026-04-22;O_EKGYOE0526C30.00;EKGYO_05/2026_AVRUPA_OPSIYON;D_EQ;SSO;D_EQ_ECP;DE_EKGYO_ECP;EKGYO.E;2026-05-25;0.01;0.01;0;0;0;0;0;0;0;0;0;0;0;0;;;;;
2026-04-22;O_EKGYOE0526C31.00;EKGYO_05/2026_AVRUPA_OPSIYON;D_EQ;SSO;D_EQ_ECP;DE_EKGYO_ECP;EKGYO.E;2026-05-25;0.01;0.01;0;0;0;0;0;0;0;0;0;0;0;0;;;;;
2026-04-22;O_EKGYOE0526C32.00;EKGYO_05/2026_AVRUPA_OPSIYON;D_EQ;SSO;D_EQ_ECP;DE_EKGYO_ECP;EKGYO.E;2026-05-25;0.01;0.01;0;0;0;0;0;0;0;0;0;0;0;0;;;;;
2026-04-22;O_EKGYOE0526P17.00;EKGYO_05/2026_AVRUPA_OPSIYON;D_EQ;SSO;D_EQ_EPP;DE_EKGYO_EPP;EKGYO.E;2026-05-25;0.02;0.02;0;0;0;0;0;0;0;0;0;0;0;0;;;;;
2026-04-22;O_EKGYOE0526P17.50;EKGYO_05/2026_AVRUPA_OPSIYON;D_EQ;SSO;D_EQ_EPP;DE_EKGYO_EPP;EKGYO.E;2026-05-25;0.03;0.04;-25;0;0;0;0;0;0;0;0;0;0;0;;;;;
2026-04-22;O_EKGYOE0526P18.00;EKGYO_05/2026_AVRUPA_OPSIYON;D_EQ;SSO;D_EQ_EPP;DE_EKGYO_EPP;EKGYO.E;2026-05-25;0.06;0.06;0;0;0;0;0;0;0;0;0;0;0;0;;;;;
2026-04-22;O_EKGYOE0526P18.50;EKGYO_05/2026_AVRUPA_OPSIYON;D_EQ;SSO;D_EQ_EPP;DE_EKGYO_EPP;EKGYO.E;2026-05-25;0.1;0.1;0;0;0;0;0;0;0;0;0;0;0;0;;;;;
2026-04-22;O_EKGYOE0526P19.00;EKGYO_05/2026_AVRUPA_OPSIYON;D_EQ;SSO;D_EQ_EPP;DE_EKGYO_EPP;EKGYO.E;2026-05-25;0.16;0.15;6.67;0;0;0;0;0;0;0;0;0;0;0;;;;;
2026-04-22;O_EKGYOE0526P19.50;EKGYO_05/2026_AVRUPA_OPSIYON;D_EQ;SSO;D_EQ_EPP;DE_EKGYO_EPP;EKGYO.E;2026-05-25;0.24;0.23;4.35;0;0;0;0;0;0;0;0;0;0;0;;;;;
2026-04-22;O_EKGYOE0526P20.00;EKGYO_05/2026_AVRUPA_OPSIYON;D_EQ;SSO;D_EQ_EPP;DE_EKGYO_EPP;EKGYO.E;2026-05-25;0.34;0.32;6.25;0;0;0;0;0;0;0;0;0;0;0;;;;;
2026-04-22;O_EKGYOE0526P20.50;EKGYO_05/2026_AVRUPA_OPSIYON;D_EQ;SSO;D_EQ_EPP;DE_EKGYO_EPP;EKGYO.E;2026-05-25;0.48;0.45;6.67;0;0;0;0;0;0;0;0;0;6000;0;;;;;
2026-04-22;O_EKGYOE0526P21.00;EKGYO_05/2026_AVRUPA_OPSIYON;D_EQ;SSO;D_EQ_EPP;DE_EKGYO_EPP;EKGYO.E;2026-05-25;0.65;0.61;6.56;0;0;0;0;0;0;0;0;0;1670;0;;;;;
2026-04-22;O_EKGYOE0526P21.50;EKGYO_05/2026_AVRUPA_OPSIYON;D_EQ;SSO;D_EQ_EPP;DE_EKGYO_EPP;EKGYO.E;2026-05-25;0.86;0.81;6.17;0;0;0;0;0;0;0;0;0;1450;0;;;;;
2026-04-22;O_EKGYOE0526P22.00;EKGYO_05/2026_AVRUPA_OPSIYON;D_EQ;SSO;D_EQ_EPP;DE_EKGYO_EPP;EKGYO.E;2026-05-25;1.11;1.04;6.73;0;0;0;0;0;0;0;0;0;0;0;;;;;
2026-04-22;O_EKGYOE0526P22.50;EKGYO_05/2026_AVRUPA_OPSIYON;D_EQ;SSO;D_EQ_EPP;DE_EKGYO_EPP;EKGYO.E;2026-05-25;1.38;1.3;6.15;0;0;0;0;0;0;0;0;0;1330;0;;;;;
2026-04-22;O_EKGYOE0526P23.00;EKGYO_05/2026_AVRUPA_OPSIYON;D_EQ;SSO;D_EQ_EPP;DE_EKGYO_EPP;EKGYO.E;2026-05-25;1.69;1.6;5.63;0;0;0;0;0;0;0;0;0;0;0;;;;;
2026-04-22;O_EKGYOE0526P23.50;EKGYO_05/2026_AVRUPA_OPSIYON;D_EQ;SSO;D_EQ_EPP;DE_EKGYO_EPP;EKGYO.E;2026-05-25;2.03;1.93;5.18;0;0;0;0;0;0;0;0;0;6000;0;;;;;
2026-04-22;O_EKGYOE0526P24.00;EKGYO_05/2026_AVRUPA_OPSIYON;D_EQ;SSO;D_EQ_EPP;DE_EKGYO_EPP;EKGYO.E;2026-05-25;2.4;2.29;4.8;0;0;0;0;0;0;0;0;0;0;0;;;;;
2026-04-22;O_EKGYOE0526P24.50;EKGYO_05/2026_AVRUPA_OPSIYON;D_EQ;SSO;D_EQ_EPP;DE_EKGYO_EPP;EKGYO.E;2026-05-25;2.79;2.67;4.49;0;0;0;0;0;0;0;0;0;0;0;;;;;
2026-04-22;O_EKGYOE0526P25.00;EKGYO_05/2026_AVRUPA_OPSIYON;D_EQ;SSO;D_EQ_EPP;DE_EKGYO_EPP;EKGYO.E;2026-05-25;3.2;3.07;4.23;0;0;0;0;0;0;0;0;0;0;0;;;;;
2026-04-22;O_EKGYOE0526P26.00;EKGYO_05/2026_AVRUPA_OPSIYON;D_EQ;SSO;D_EQ_EPP;DE_EKGYO_EPP;EKGYO.E;2026-05-25;4.07;3.92;3.83;0;0;0;0;0;0;0;0;0;0;0;;;;;
2026-04-22;O_EKGYOE0526P27.00;EKGYO_05/2026_AVRUPA_OPSIYON;D_EQ;SSO;D_EQ_EPP;DE_EKGYO_EPP;EKGYO.E;2026-05-25;4.98;4.82;3.32;0;0;0;0;0;0;0;0;0;0;0;;;;;
2026-04-22;O_EKGYOE0626C20.50;EKGYO_06/2026_AVRUPA_OPSIYON;D_EQ;SSO;D_EQ_ECP;DE_EKGYO_ECP;EKGYO.E;2026-06-30;2.92;3.08;-5.19;0;0;0;0;0;0;0;0;0;0;0;;;;;
2026-04-22;O_EKGYOE0626C21.00;EKGYO_06/2026_AVRUPA_OPSIYON;D_EQ;SSO;D_EQ_ECP;DE_EKGYO_ECP;EKGYO.E;2026-06-30;2.6;2.75;-5.45;0;0;0;0;0;0;0;0;0;0;0;;;;;
2026-04-22;O_EKGYOE0626C21.50;EKGYO_06/2026_AVRUPA_OPSIYON;D_EQ;SSO;D_EQ_ECP;DE_EKGYO_ECP;EKGYO.E;2026-06-30;2.31;2.45;-5.71;0;0;0;0;0;0;0;0;0;0;0;;;;;
2026-04-22;O_EKGYOE0626C22.00;EKGYO_06/2026_AVRUPA_OPSIYON;D_EQ;SSO;D_EQ_ECP;DE_EKGYO_ECP;EKGYO.E;2026-06-30;2.03;2.17;-6.45;0;0;0;0;0;0;0;0;0;0;0;;;;;
2026-04-22;O_EKGYOE0626C22.50;EKGYO_06/2026_AVRUPA_OPSIYON;D_EQ;SSO;D_EQ_ECP;DE_EKGYO_ECP;EKGYO.E;2026-06-30;1.78;1.91;-6.81;0;0;0;0;0;0;0;0;0;0;0;;;;;
2026-04-22;O_EKGYOE0626C23.00;EKGYO_06/2026_AVRUPA_OPSIYON;D_EQ;SSO;D_EQ_ECP;DE_EKGYO_ECP;EKGYO.E;2026-06-30;1.56;1.67;-6.59;0;0;0;0;0;0;0;0;0;0;0;;;;;
2026-04-22;O_EKGYOE0626C23.50;EKGYO_06/2026_AVRUPA_OPSIYON;D_EQ;SSO;D_EQ_ECP;DE_EKGYO_ECP;EKGYO.E;2026-06-30;1.35;1.46;-7.53;0;0;0;0;0;0;0;0;0;0;0;;;;;
2026-04-22;O_EKGYOE0626C24.00;EKGYO_06/2026_AVRUPA_OPSIYON;D_EQ;SSO;D_EQ_ECP;DE_EKGYO_ECP;EKGYO.E;2026-06-30;1.17;1.27;-7.87;0;0;0;0;0;0;0;0;0;0;0;;;;;
2026-04-22;O_EKGYOE0626C24.50;EKGYO_06/2026_AVRUPA_OPSIYON;D_EQ;SSO;D_EQ_ECP;DE_EKGYO_ECP;EKGYO.E;2026-06-30;1;1.1;-9.09;0;0;0;0;0;0;0;0;0;0;0;;;;;
2026-04-22;O_EKGYOE0626C25.00;EKGYO_06/2026_AVRUPA_OPSIYON;D_EQ;SSO;D_EQ_ECP;DE_EKGYO_ECP;EKGYO.E;2026-06-30;0.86;0.95;-9.47;0;0;0;0;0;0;0;0;0;0;0;;;;;
2026-04-22;O_EKGYOE0626C26.00;EKGYO_06/2026_AVRUPA_OPSIYON;D_EQ;SSO;D_EQ_ECP;DE_EKGYO_ECP;EKGYO.E;2026-06-30;0.62;0.71;-12.68;0;0;0;0;0;0;0;0;0;0;0;;;;;
2026-04-22;O_EKGYOE0626C27.00;EKGYO_06/2026_AVRUPA_OPSIYON;D_EQ;SSO;D_EQ_ECP;DE_EKGYO_ECP;EKGYO.E;2026-06-30;0.44;0.52;-15.38;0;0;0;0;0;0;0;0;0;0;0;;;;;
2026-04-22;O_EKGYOE0626C28.00;EKGYO_06/2026_AVRUPA_OPSIYON;D_EQ;SSO;D_EQ_ECP;DE_EKGYO_ECP;EKGYO.E;2026-06-30;0.31;0.37;-16.22;0;0;0;0;0;0;0;0;0;0;0;;;;;
2026-04-22;O_EKGYOE0626C29.00;EKGYO_06/2026_AVRUPA_OPSIYON;D_EQ;SSO;D_EQ_ECP;DE_EKGYO_ECP;EKGYO.E;2026-06-30;0.21;0.27;-22.22;0;0;0;0;0;0;0;0;0;0;0;;;;;
2026-04-22;O_EKGYOE0626P18.00;EKGYO_06/2026_AVRUPA_OPSIYON;D_EQ;SSO;D_EQ_EPP;DE_EKGYO_EPP;EKGYO.E;2026-06-30;0.13;0.13;0;0;0;0;0;0;0;0;0;0;0;0;;;;;
2026-04-22;O_EKGYOE0626P18.50;EKGYO_06/2026_AVRUPA_OPSIYON;D_EQ;SSO;D_EQ_EPP;DE_EKGYO_EPP;EKGYO.E;2026-06-30;0.18;0.18;0;0;0;0;0;0;0;0;0;0;0;0;;;;;
2026-04-22;O_EKGYOE0626P19.00;EKGYO_06/2026_AVRUPA_OPSIYON;D_EQ;SSO;D_EQ_EPP;DE_EKGYO_EPP;EKGYO.E;2026-06-30;0.25;0.24;4.17;0;0;0;0;0;0;0;0;0;0;0;;;;;
2026-04-22;O_EKGYOE0626P19.50;EKGYO_06/2026_AVRUPA_OPSIYON;D_EQ;SSO;D_EQ_EPP;DE_EKGYO_EPP;EKGYO.E;2026-06-30;0.33;0.32;3.13;0;0;0;0;0;0;0;0;0;0;0;;;;;
2026-04-22;O_EKGYOE0626P20.00;EKGYO_06/2026_AVRUPA_OPSIYON;D_EQ;SSO;D_EQ_EPP;DE_EKGYO_EPP;EKGYO.E;2026-06-30;0.43;0.42;2.38;0;0;0;0;0;0;0;0;0;0;0;;;;;
2026-04-22;O_EKGYOE0626P20.50;EKGYO_06/2026_AVRUPA_OPSIYON;D_EQ;SSO;D_EQ_EPP;DE_EKGYO_EPP;EKGYO.E;2026-06-30;0.55;0.53;3.77;0;0;0;0;0;0;0;0;0;0;0;;;;;
2026-04-22;O_EKGYOE0626P21.00;EKGYO_06/2026_AVRUPA_OPSIYON;D_EQ;SSO;D_EQ_EPP;DE_EKGYO_EPP;EKGYO.E;2026-06-30;0.69;0.66;4.55;0;0;0;0;0;0;0;0;0;0;0;;;;;
2026-04-22;O_EKGYOE0626P21.50;EKGYO_06/2026_AVRUPA_OPSIYON;D_EQ;SSO;D_EQ_EPP;DE_EKGYO_EPP;EKGYO.E;2026-06-30;0.86;0.81;6.17;0;0;0;0;0;0;0;0;0;0;0;;;;;
2026-04-22;O_EKGYOE0626P22.00;EKGYO_06/2026_AVRUPA_OPSIYON;D_EQ;SSO;D_EQ_EPP;DE_EKGYO_EPP;EKGYO.E;2026-06-30;1.04;0.99;5.05;0;0;0;0;0;0;0;0;0;5000;0;;;;;
2026-04-22;O_EKGYOE0626P22.50;EKGYO_06/2026_AVRUPA_OPSIYON;D_EQ;SSO;D_EQ_EPP;DE_EKGYO_EPP;EKGYO.E;2026-06-30;1.25;1.19;5.04;0;0;0;0;0;0;0;0;0;0;0;;;;;
2026-04-22;O_EKGYOE0626P23.00;EKGYO_06/2026_AVRUPA_OPSIYON;D_EQ;SSO;D_EQ_EPP;DE_EKGYO_EPP;EKGYO.E;2026-06-30;1.48;1.41;4.96;0;0;0;0;0;0;0;0;0;0;0;;;;;
2026-04-22;O_EKGYOE0626P23.50;EKGYO_06/2026_AVRUPA_OPSIYON;D_EQ;SSO;D_EQ_EPP;DE_EKGYO_EPP;EKGYO.E;2026-06-30;1.73;1.66;4.22;0;0;0;0;0;0;0;0;0;0;0;;;;;
2026-04-22;O_EKGYOE0626P24.00;EKGYO_06/2026_AVRUPA_OPSIYON;D_EQ;SSO;D_EQ_EPP;DE_EKGYO_EPP;EKGYO.E;2026-06-30;2.01;1.93;4.15;0;0;0;0;0;0;0;0;0;0;0;;;;;
2026-04-22;O_EKGYOE0626P24.50;EKGYO_06/2026_AVRUPA_OPSIYON;D_EQ;SSO;D_EQ_EPP;DE_EKGYO_EPP;EKGYO.E;2026-06-30;2.3;2.21;4.07;0;0;0;0;0;0;0;0;0;0;0;;;;;
2026-04-22;O_ENKAIE0426C100.00;ENKAI_04/2026_AVRUPA_OPSIYON;D_EQ;SSO;D_EQ_ECP;DE_ENKAI_ECP;ENKAI.E;2026-04-30;7.98;7.01;13.84;8.1;8.1;8.1;8.1;8.1;300000;24300;30;3;1003;0;;;;;
2026-04-22;O_ENKAIE0426C105.00;ENKAI_04/2026_AVRUPA_OPSIYON;D_EQ;SSO;D_EQ_ECP;DE_ENKAI_ECP;ENKAI.E;2026-04-30;4.12;3.49;18.05;0;0;0;0;0;0;0;0;0;101;0;;;;;
2026-04-22;O_ENKAIE0426C110.00;ENKAI_04/2026_AVRUPA_OPSIYON;D_EQ;SSO;D_EQ_ECP;DE_ENKAI_ECP;ENKAI.E;2026-04-30;1.64;1.36;20.59;0;0;0;0;0;0;0;0;0;20;0;;;;;
2026-04-22;O_ENKAIE0426C115.00;ENKAI_04/2026_AVRUPA_OPSIYON;D_EQ;SSO;D_EQ_ECP;DE_ENKAI_ECP;ENKAI.E;2026-04-30;0.49;0.4;22.5;0;0;0;0;0;0;0;0;0;0;0;;;;;
2026-04-22;O_ENKAIE0426C120.00;ENKAI_04/2026_AVRUPA_OPSIYON;D_EQ;SSO;D_EQ_ECP;DE_ENKAI_ECP;ENKAI.E;2026-04-30;0.11;0.09;22.22;0;0;0;0;0;0;0;0;0;0;0;;;;;
2026-04-22;O_ENKAIE0426C125.00;ENKAI_04/2026_AVRUPA_OPSIYON;D_EQ;SSO;D_EQ_ECP;DE_ENKAI_ECP;ENKAI.E;2026-04-30;0.02;0.02;0;0;0;0;0;0;0;0;0;0;0;0;;;;;
2026-04-22;O_ENKAIE0426C130.00;ENKAI_04/2026_AVRUPA_OPSIYON;D_EQ;SSO;D_EQ_ECP;DE_ENKAI_ECP;ENKAI.E;2026-04-30;0.01;0.01;0;0;0;0;0;0;0;0;0;0;0;0;;;;;
2026-04-22;O_ENKAIE0426C135.00;ENKAI_04/2026_AVRUPA_OPSIYON;D_EQ;SSO;D_EQ_ECP;DE_ENKAI_ECP;ENKAI.E;2026-04-30;0.01;0.01;0;0;0;0;0;0;0;0;0;0;0;0;;;;;
2026-04-22;O_ENKAIE0426C140.00;ENKAI_04/2026_AVRUPA_OPSIYON;D_EQ;SSO;D_EQ_ECP;DE_ENKAI_ECP;ENKAI.E;2026-04-30;0.01;0.01;0;0;0;0;0;0;0;0;0;0;0;0;;;;;
2026-04-22;O_ENKAIE0426C92.00;ENKAI_04/2026_AVRUPA_OPSIYON;D_EQ;SSO;D_EQ_ECP;DE_ENKAI_ECP;ENKAI.E;2026-04-30;15.57;14.38;8.28;0;0;0;0;0;0;0;0;0;10;0;;;;;
2026-04-22;O_ENKAIE0426C94.00;ENKAI_04/2026_AVRUPA_OPSIYON;D_EQ;SSO;D_EQ_ECP;DE_ENKAI_ECP;ENKAI.E;2026-04-30;13.61;12.44;9.41;0;0;0;0;0;0;0;0;0;10;0;;;;;
2026-04-22;O_ENKAIE0426C96.00;ENKAI_04/2026_AVRUPA_OPSIYON;D_EQ;SSO;D_EQ_ECP;DE_ENKAI_ECP;ENKAI.E;2026-04-30;11.67;10.54;10.72;0;0;0;0;0;0;0;0;0;1000;0;;;;;
2026-04-22;O_ENKAIE0426C98.00;ENKAI_04/2026_AVRUPA_OPSIYON;D_EQ;SSO;D_EQ_ECP;DE_ENKAI_ECP;ENKAI.E;2026-04-30;9.78;8.72;12.16;0;0;0;0;0;0;0;0;0;137;0;;;;;
2026-04-22;O_ENKAIE0426P100.00;ENKAI_04/2026_AVRUPA_OPSIYON;D_EQ;SSO;D_EQ_EPP;DE_ENKAI_EPP;ENKAI.E;2026-04-30;0.35;0.57;-38.6;0;0;0;0;0;0;0;0;0;2;0;;;;;
2026-04-22;O_ENKAIE0426P105.00;ENKAI_04/2026_AVRUPA_OPSIYON;D_EQ;SSO;D_EQ_EPP;DE_ENKAI_EPP;ENKAI.E;2026-04-30;1.45;2.01;-27.86;0;0;0;0;0;0;0;0;0;22;0;;;;;
2026-04-22;O_ENKAIE0426P110.00;ENKAI_04/2026_AVRUPA_OPSIYON;D_EQ;SSO;D_EQ_EPP;DE_ENKAI_EPP;ENKAI.E;2026-04-30;3.93;4.83;-18.63;4.22;3.87;4.22;3.87;4.02;4070000;148760;370;14;320;209;;;;;
2026-04-22;O_ENKAIE0426P115.00;ENKAI_04/2026_AVRUPA_OPSIYON;D_EQ;SSO;D_EQ_EPP;DE_ENKAI_EPP;ENKAI.E;2026-04-30;7.74;8.83;-12.34;0;0;0;0;0;0;0;0;0;1;0;;;;;
2026-04-22;O_ENKAIE0426P82.00;ENKAI_04/2026_AVRUPA_OPSIYON;D_EQ;SSO;D_EQ_EPP;DE_ENKAI_EPP;ENKAI.E;2026-04-30;0.01;0.01;0;0;0;0;0;0;0;0;0;0;3;0;;;;;
2026-04-22;O_ENKAIE0426P84.00;ENKAI_04/2026_AVRUPA_OPSIYON;D_EQ;SSO;D_EQ_EPP;DE_ENKAI_EPP;ENKAI.E;2026-04-30;0.01;0.01;0;0;0;0;0;0;0;0;0;0;0;0;;;;;
2026-04-22;O_ENKAIE0426P86.00;ENKAI_04/2026_AVRUPA_OPSIYON;D_EQ;SSO;D_EQ_EPP;DE_ENKAI_EPP;ENKAI.E;2026-04-30;0.01;0.01;0;0;0;0;0;0;0;0;0;0;30;0;;;;;
2026-04-22;O_ENKAIE0426P88.00;ENKAI_04/2026_AVRUPA_OPSIYON;D_EQ;SSO;D_EQ_EPP;DE_ENKAI_EPP;ENKAI.E;2026-04-30;0.01;0.01;0;0;0;0;0;0;0;0;0;0;1405;0;;;;;
2026-04-22;O_ENKAIE0426P90.00;ENKAI_04/2026_AVRUPA_OPSIYON;D_EQ;SSO;D_EQ_EPP;DE_ENKAI_EPP;ENKAI.E;2026-04-30;0.01;0.01;0;0;0;0;0;0;0;0;0;0;20;0;;;;;
2026-04-22;O_ENKAIE0426P92.00;ENKAI_04/2026_AVRUPA_OPSIYON;D_EQ;SSO;D_EQ_EPP;DE_ENKAI_EPP;ENKAI.E;2026-04-30;0.01;0.03;-66.67;0;0;0;0;0;0;0;0;0;110;0;;;;;
2026-04-22;O_ENKAIE0426P94.00;ENKAI_04/2026_AVRUPA_OPSIYON;D_EQ;SSO;D_EQ_EPP;DE_ENKAI_EPP;ENKAI.E;2026-04-30;0.03;0.07;-57.14;0;0;0;0;0;0;0;0;0;100;0;;;;;
2026-04-22;O_ENKAIE0426P96.00;ENKAI_04/2026_AVRUPA_OPSIYON;D_EQ;SSO;D_EQ_EPP;DE_ENKAI_EPP;ENKAI.E;2026-04-30;0.07;0.15;-53.33;0;0;0;0;0;0;0;0;0;0;0;;;;;
2026-04-22;O_ENKAIE0426P98.00;ENKAI_04/2026_AVRUPA_OPSIYON;D_EQ;SSO;D_EQ_EPP;DE_ENKAI_EPP;ENKAI.E;2026-04-30;0.17;0.3;-43.33;0;0;0;0;0;0;0;0;0;0;0;;;;;
2026-04-22;O_ENKAIE0526C100.00;ENKAI_05/2026_AVRUPA_OPSIYON;D_EQ;SSO;D_EQ_ECP;DE_ENKAI_ECP;ENKAI.E;2026-05-25;11.68;10.75;8.65;0;0;0;0;0;0;0;0;0;1;0;;;;;
2026-04-22;O_ENKAIE0526C105.00;ENKAI_05/2026_AVRUPA_OPSIYON;D_EQ;SSO;D_EQ_ECP;DE_ENKAI_ECP;ENKAI.E;2026-05-25;8.26;7.5;10.13;0;0;0;0;0;0;0;0;0;60;0;;;;;
2026-04-22;O_ENKAIE0526C110.00;ENKAI_05/2026_AVRUPA_OPSIYON;D_EQ;SSO;D_EQ_ECP;DE_ENKAI_ECP;ENKAI.E;2026-05-25;5.53;4.95;11.72;0;0;0;0;0;0;0;0;0;50;0;;;;;
2026-04-22;O_ENKAIE0526C115.00;ENKAI_05/2026_AVRUPA_OPSIYON;D_EQ;SSO;D_EQ_ECP;DE_ENKAI_ECP;ENKAI.E;2026-05-25;3.51;3.09;13.59;0;0;0;0;0;0;0;0;0;40;0;;;;;
2026-04-22;O_ENKAIE0526C120.00;ENKAI_05/2026_AVRUPA_OPSIYON;D_EQ;SSO;D_EQ_ECP;DE_ENKAI_ECP;ENKAI.E;2026-05-25;2.12;1.84;15.22;0;0;0;0;0;0;0;0;0;2;0;;;;;
2026-04-22;O_ENKAIE0526C125.00;ENKAI_05/2026_AVRUPA_OPSIYON;D_EQ;SSO;D_EQ_ECP;DE_ENKAI_ECP;ENKAI.E;2026-05-25;1.22;1.04;17.31;0.82;0.82;0.82;0.82;0.82;400000;2624;32;1;32;32;;;;;
2026-04-22;O_ENKAIE0526C130.00;ENKAI_05/2026_AVRUPA_OPSIYON;D_EQ;SSO;D_EQ_ECP;DE_ENKAI_ECP;ENKAI.E;2026-05-25;0.67;0.56;19.64;0;0;0;0;0;0;0;0;0;0;0;;;;;
2026-04-22;O_ENKAIE0526C135.00;ENKAI_05/2026_AVRUPA_OPSIYON;D_EQ;SSO;D_EQ_ECP;DE_ENKAI_ECP;ENKAI.E;2026-05-25;0.35;0.29;20.69;0;0;0;0;0;0;0;0;0;0;0;;;;;
2026-04-22;O_ENKAIE0526C140.00;ENKAI_05/2026_AVRUPA_OPSIYON;D_EQ;SSO;D_EQ_ECP;DE_ENKAI_ECP;ENKAI.E;2026-05-25;0.18;0.15;20;0;0;0;0;0;0;0;0;0;0;0;;;;;
2026-04-22;O_ENKAIE0526C145.00;ENKAI_05/2026_AVRUPA_OPSIYON;D_EQ;SSO;D_EQ_ECP;DE_ENKAI_ECP;ENKAI.E;2026-05-25;0.09;0.07;28.57;0;0;0;0;0;0;0;0;0;0;0;;;;;
2026-04-22;O_ENKAIE0526C94.00;ENKAI_05/2026_AVRUPA_OPSIYON;D_EQ;SSO;D_EQ_ECP;DE_ENKAI_ECP;ENKAI.E;2026-05-25;16.54;15.46;6.99;0;0;0;0;0;0;0;0;0;3;0;;;;;
2026-04-22;O_ENKAIE0526C96.00;ENKAI_05/2026_AVRUPA_OPSIYON;D_EQ;SSO;D_EQ_ECP;DE_ENKAI_ECP;ENKAI.E;2026-05-25;14.85;13.81;7.53;0;0;0;0;0;0;0;0;0;2;0;;;;;
2026-04-22;O_ENKAIE0526C98.00;ENKAI_05/2026_AVRUPA_OPSIYON;D_EQ;SSO;D_EQ_ECP;DE_ENKAI_ECP;ENKAI.E;2026-05-25;13.22;12.24;8.01;0;0;0;0;0;0;0;0;0;1;0;;;;;
2026-04-22;O_ENKAIE0526P100.00;ENKAI_05/2026_AVRUPA_OPSIYON;D_EQ;SSO;D_EQ_EPP;DE_ENKAI_EPP;ENKAI.E;2026-05-25;1.51;1.77;-14.69;0;0;0;0;0;0;0;0;0;0;0;;;;;
2026-04-22;O_ENKAIE0526P105.00;ENKAI_05/2026_AVRUPA_OPSIYON;D_EQ;SSO;D_EQ_EPP;DE_ENKAI_EPP;ENKAI.E;2026-05-25;2.92;3.34;-12.57;0;0;0;0;0;0;0;0;0;2;0;;;;;
2026-04-22;O_ENKAIE0526P110.00;ENKAI_05/2026_AVRUPA_OPSIYON;D_EQ;SSO;D_EQ_EPP;DE_ENKAI_EPP;ENKAI.E;2026-05-25;5.02;5.62;-10.68;0;0;0;0;0;0;0;0;0;1;0;;;;;
2026-04-22;O_ENKAIE0526P115.00;ENKAI_05/2026_AVRUPA_OPSIYON;D_EQ;SSO;D_EQ_EPP;DE_ENKAI_EPP;ENKAI.E;2026-05-25;7.83;8.59;-8.85;0;0;0;0;0;0;0;0;0;50;0;;;;;
2026-04-22;O_ENKAIE0526P120.00;ENKAI_05/2026_AVRUPA_OPSIYON;D_EQ;SSO;D_EQ_EPP;DE_ENKAI_EPP;ENKAI.E;2026-05-25;11.26;12.16;-7.4;0;0;0;0;0;0;0;0;0;0;0;;;;;
2026-04-22;O_ENKAIE0526P84.00;ENKAI_05/2026_AVRUPA_OPSIYON;D_EQ;SSO;D_EQ_EPP;DE_ENKAI_EPP;ENKAI.E;2026-05-25;0.06;0.08;-25;0;0;0;0;0;0;0;0;0;5;0;;;;;
2026-04-22;O_ENKAIE0526P86.00;ENKAI_05/2026_AVRUPA_OPSIYON;D_EQ;SSO;D_EQ_EPP;DE_ENKAI_EPP;ENKAI.E;2026-05-25;0.1;0.13;-23.08;0;0;0;0;0;0;0;0;0;0;0;;;;;
2026-04-22;O_ENKAIE0526P88.00;ENKAI_05/2026_AVRUPA_OPSIYON;D_EQ;SSO;D_EQ_EPP;DE_ENKAI_EPP;ENKAI.E;2026-05-25;0.16;0.21;-23.81;0;0;0;0;0;0;0;0;0;0;0;;;;;
2026-04-22;O_ENKAIE0526P90.00;ENKAI_05/2026_AVRUPA_OPSIYON;D_EQ;SSO;D_EQ_EPP;DE_ENKAI_EPP;ENKAI.E;2026-05-25;0.25;0.32;-21.88;0;0;0;0;0;0;0;0;0;0;0;;;;;
2026-04-22;O_ENKAIE0526P92.00;ENKAI_05/2026_AVRUPA_OPSIYON;D_EQ;SSO;D_EQ_EPP;DE_ENKAI_EPP;ENKAI.E;2026-05-25;0.38;0.48;-20.83;0;0;0;0;0;0;0;0;0;0;0;;;;;
2026-04-22;O_ENKAIE0526P94.00;ENKAI_05/2026_AVRUPA_OPSIYON;D_EQ;SSO;D_EQ_EPP;DE_ENKAI_EPP;ENKAI.E;2026-05-25;0.56;0.69;-18.84;0;0;0;0;0;0;0;0;0;0;0;;;;;
2026-04-22;O_ENKAIE0526P96.00;ENKAI_05/2026_AVRUPA_OPSIYON;D_EQ;SSO;D_EQ_EPP;DE_ENKAI_EPP;ENKAI.E;2026-05-25;0.8;0.97;-17.53;0.94;0.94;0.94;0.94;0.94;336000;3290;35;1;35;35;;;;;
2026-04-22;O_ENKAIE0526P98.00;ENKAI_05/2026_AVRUPA_OPSIYON;D_EQ;SSO;D_EQ_EPP;DE_ENKAI_EPP;ENKAI.E;2026-05-25;1.11;1.33;-16.54;0;0;0;0;0;0;0;0;0;0;0;;;;;
2026-04-22;O_ENKAIE0626C100.00;ENKAI_06/2026_AVRUPA_OPSIYON;D_EQ;SSO;D_EQ_ECP;DE_ENKAI_ECP;ENKAI.E;2026-06-30;17.1;16.11;6.15;0;0;0;0;0;0;0;0;0;0;0;;;;;
2026-04-22;O_ENKAIE0626C105.00;ENKAI_06/2026_AVRUPA_OPSIYON;D_EQ;SSO;D_EQ_ECP;DE_ENKAI_ECP;ENKAI.E;2026-06-30;13.72;12.84;6.85;0;0;0;0;0;0;0;0;0;0;0;;;;;
2026-04-22;O_ENKAIE0626C110.00;ENKAI_06/2026_AVRUPA_OPSIYON;D_EQ;SSO;D_EQ_ECP;DE_ENKAI_ECP;ENKAI.E;2026-06-30;10.78;10.01;7.69;0;0;0;0;0;0;0;0;0;0;0;;;;;
2026-04-22;O_ENKAIE0626C115.00;ENKAI_06/2026_AVRUPA_OPSIYON;D_EQ;SSO;D_EQ_ECP;DE_ENKAI_ECP;ENKAI.E;2026-06-30;8.3;7.64;8.64;0;0;0;0;0;0;0;0;0;0;0;;;;;
2026-04-22;O_ENKAIE0626C120.00;ENKAI_06/2026_AVRUPA_OPSIYON;D_EQ;SSO;D_EQ_ECP;DE_ENKAI_ECP;ENKAI.E;2026-06-30;6.27;5.72;9.62;0;0;0;0;0;0;0;0;0;0;0;;;;;
2026-04-22;O_ENKAIE0626C125.00;ENKAI_06/2026_AVRUPA_OPSIYON;D_EQ;SSO;D_EQ_ECP;DE_ENKAI_ECP;ENKAI.E;2026-06-30;4.65;4.21;10.45;0;0;0;0;0;0;0;0;0;0;0;;;;;
2026-04-22;O_ENKAIE0626C130.00;ENKAI_06/2026_AVRUPA_OPSIYON;D_EQ;SSO;D_EQ_ECP;DE_ENKAI_ECP;ENKAI.E;2026-06-30;3.4;3.05;11.48;0;0;0;0;0;0;0;0;0;0;0;;;;;
2026-04-22;O_ENKAIE0626C135.00;ENKAI_06/2026_AVRUPA_OPSIYON;D_EQ;SSO;D_EQ_ECP;DE_ENKAI_ECP;ENKAI.E;2026-06-30;2.44;2.18;11.93;0;0;0;0;0;0;0;0;0;0;0;;;;;
2026-04-22;O_ENKAIE0626C140.00;ENKAI_06/2026_AVRUPA_OPSIYON;D_EQ;SSO;D_EQ_ECP;DE_ENKAI_ECP;ENKAI.E;2026-06-30;1.73;1.53;13.07;0;0;0;0;0;0;0;0;0;0;0;;;;;
2026-04-22;O_ENKAIE0626C145.00;ENKAI_06/2026_AVRUPA_OPSIYON;D_EQ;SSO;D_EQ_ECP;DE_ENKAI_ECP;ENKAI.E;2026-06-30;1.22;1.06;15.09;0;0;0;0;0;0;0;0;0;0;0;;;;;
2026-04-22;O_ENKAIE0626C98.00;ENKAI_06/2026_AVRUPA_OPSIYON;D_EQ;SSO;D_EQ_ECP;DE_ENKAI_ECP;ENKAI.E;2026-06-30;18.55;17.54;5.76;0;0;0;0;0;0;0;0;0;0;0;;;;;
2026-04-22;O_ENKAIE0626P100.00;ENKAI_06/2026_AVRUPA_OPSIYON;D_EQ;SSO;D_EQ_EPP;DE_ENKAI_EPP;ENKAI.E;2026-06-30;1.97;2.17;-9.22;0;0;0;0;0;0;0;0;0;0;0;;;;;
2026-04-22;O_ENKAIE0626P105.00;ENKAI_06/2026_AVRUPA_OPSIYON;D_EQ;SSO;D_EQ_EPP;DE_ENKAI_EPP;ENKAI.E;2026-06-30;3.18;3.47;-8.36;0;0;0;0;0;0;0;0;0;0;0;;;;;
2026-04-22;O_ENKAIE0626P110.00;ENKAI_06/2026_AVRUPA_OPSIYON;D_EQ;SSO;D_EQ_EPP;DE_ENKAI_EPP;ENKAI.E;2026-06-30;4.82;5.22;-7.66;0;0;0;0;0;0;0;0;0;0;0;;;;;
2026-04-22;O_ENKAIE0626P115.00;ENKAI_06/2026_AVRUPA_OPSIYON;D_EQ;SSO;D_EQ_EPP;DE_ENKAI_EPP;ENKAI.E;2026-06-30;6.92;7.43;-6.86;0;0;0;0;0;0;0;0;0;0;0;;;;;
2026-04-22;O_ENKAIE0626P120.00;ENKAI_06/2026_AVRUPA_OPSIYON;D_EQ;SSO;D_EQ_EPP;DE_ENKAI_EPP;ENKAI.E;2026-06-30;9.47;10.09;-6.14;0;0;0;0;0;0;0;0;0;0;0;;;;;
2026-04-22;O_ENKAIE0626P88.00;ENKAI_06/2026_AVRUPA_OPSIYON;D_EQ;SSO;D_EQ_EPP;DE_ENKAI_EPP;ENKAI.E;2026-06-30;0.44;0.5;-12;0;0;0;0;0;0;0;0;0;0;0;;;;;
2026-04-22;O_ENKAIE0626P90.00;ENKAI_06/2026_AVRUPA_OPSIYON;D_EQ;SSO;D_EQ_EPP;DE_ENKAI_EPP;ENKAI.E;2026-06-30;0.59;0.67;-11.94;0;0;0;0;0;0;0;0;0;0;0;;;;;
2026-04-22;O_ENKAIE0626P92.00;ENKAI_06/2026_AVRUPA_OPSIYON;D_EQ;SSO;D_EQ_EPP;DE_ENKAI_EPP;ENKAI.E;2026-06-30;0.78;0.87;-10.34;0;0;0;0;0;0;0;0;0;0;0;;;;;
2026-04-22;O_ENKAIE0626P94.00;ENKAI_06/2026_AVRUPA_OPSIYON;D_EQ;SSO;D_EQ_EPP;DE_ENKAI_EPP;ENKAI.E;2026-06-30;1;1.12;-10.71;0;0;0;0;0;0;0;0;0;0;0;;;;;
2026-04-22;O_ENKAIE0626P96.00;ENKAI_06/2026_AVRUPA_OPSIYON;D_EQ;SSO;D_EQ_EPP;DE_ENKAI_EPP;ENKAI.E;2026-06-30;1.27;1.41;-9.93;0;0;0;0;0;0;0;0;0;0;0;;;;;
2026-04-22;O_ENKAIE0626P98.00;ENKAI_06/2026_AVRUPA_OPSIYON;D_EQ;SSO;D_EQ_EPP;DE_ENKAI_EPP;ENKAI.E;2026-06-30;1.59;1.76;-9.66;0;0;0;0;0;0;0;0;0;0;0;;;;;
2026-04-22;O_EREGLE0426C27.00;EREGL_04/2026_AVRUPA_OPSIYON;D_EQ;SSO;D_EQ_ECP;DE_EREGL_ECP;EREGL.E;2026-04-30;5.82;6.97;-16.5;0;0;0;0;0;0;0;0;0;100;0;;;;;
2026-04-22;O_EREGLE0426C28.00;EREGL_04/2026_AVRUPA_OPSIYON;D_EQ;SSO;D_EQ_ECP;DE_EREGL_ECP;EREGL.E;2026-04-30;4.83;5.98;-19.23;0;0;0;0;0;0;0;0;0;611;0;;;;;
2026-04-22;O_EREGLE0426C29.00;EREGL_04/2026_AVRUPA_OPSIYON;D_EQ;SSO;D_EQ_ECP;DE_EREGL_ECP;EREGL.E;2026-04-30;3.84;4.99;-23.05;0;0;0;0;0;0;0;0;0;4005;0;;;;;
2026-04-22;O_EREGLE0426C30.00;EREGL_04/2026_AVRUPA_OPSIYON;D_EQ;SSO;D_EQ_ECP;DE_EREGL_ECP;EREGL.E;2026-04-30;2.88;4.01;-28.18;0;0;0;0;0;0;0;0;0;716;0;;;;;
2026-04-22;O_EREGLE0426C31.00;EREGL_04/2026_AVRUPA_OPSIYON;D_EQ;SSO;D_EQ_ECP;DE_EREGL_ECP;EREGL.E;2026-04-30;1.97;3.05;-35.41;0;0;0;0;0;0;0;0;0;1200;0;;;;;
2026-04-22;O_EREGLE0426C32.00;EREGL_04/2026_AVRUPA_OPSIYON;D_EQ;SSO;D_EQ_ECP;DE_EREGL_ECP;EREGL.E;2026-04-30;1.19;2.14;-44.39;0.8;0.8;0.8;0.8;0.8;1977600;49440;618;1;1281;-618;;;;;
2026-04-22;O_EREGLE0426C33.00;EREGL_04/2026_AVRUPA_OPSIYON;D_EQ;SSO;D_EQ_ECP;DE_EREGL_ECP;EREGL.E;2026-04-30;0.62;1.37;-54.74;0.41;0.41;0.41;0.41;0.41;231000;2870;70;2;1872;0;;;;;
2026-04-22;O_EREGLE0426C34.00;EREGL_04/2026_AVRUPA_OPSIYON;D_EQ;SSO;D_EQ_ECP;DE_EREGL_ECP;EREGL.E;2026-04-30;0.27;0.77;-64.94;0.45;0.25;0.45;0.25;0.35;170000;1750;50;2;962;-25;;;;;
2026-04-22;O_EREGLE0426C35.00;EREGL_04/2026_AVRUPA_OPSIYON;D_EQ;SSO;D_EQ_ECP;DE_EREGL_ECP;EREGL.E;2026-04-30;0.1;0.38;-73.68;0;0;0;0;0;0;0;0;0;1919;0;;;;;
2026-04-22;O_EREGLE0426C36.00;EREGL_04/2026_AVRUPA_OPSIYON;D_EQ;SSO;D_EQ_ECP;DE_EREGL_ECP;EREGL.E;2026-04-30;0.03;0.16;-81.25;0;0;0;0;0;0;0;0;0;953;0;;;;;
2026-04-22;O_EREGLE0426C37.00;EREGL_04/2026_AVRUPA_OPSIYON;D_EQ;SSO;D_EQ_ECP;DE_EREGL_ECP;EREGL.E;2026-04-30;0.01;0.06;-83.33;0;0;0;0;0;0;0;0;0;0;0;;;;;
2026-04-22;O_EREGLE0426C38.00;EREGL_04/2026_AVRUPA_OPSIYON;D_EQ;SSO;D_EQ_ECP;DE_EREGL_ECP;EREGL.E;2026-04-30;0.01;0.02;-50;0;0;0;0;0;0;0;0;0;0;0;;;;;
2026-04-22;O_EREGLE0426C39.00;EREGL_04/2026_AVRUPA_OPSIYON;D_EQ;SSO;D_EQ_ECP;DE_EREGL_ECP;EREGL.E;2026-04-30;0.01;0.01;0;0;0;0;0;0;0;0;0;0;0;0;;;;;
2026-04-22;O_EREGLE0426C40.00;EREGL_04/2026_AVRUPA_OPSIYON;D_EQ;SSO;D_EQ_ECP;DE_EREGL_ECP;EREGL.E;2026-04-30;0.01;0.01;0;0;0;0;0;0;0;0;0;0;81;0;;;;;
2026-04-22;O_EREGLE0426P23.50;EREGL_04/2026_AVRUPA_OPSIYON;D_EQ;SSO;D_EQ_EPP;DE_EREGL_EPP;EREGL.E;2026-04-30;0.01;0.01;0;0;0;0;0;0;0;0;0;0;0;0;;;;;
2026-04-22;O_EREGLE0426P24.00;EREGL_04/2026_AVRUPA_OPSIYON;D_EQ;SSO;D_EQ_EPP;DE_EREGL_EPP;EREGL.E;2026-04-30;0.01;0.01;0;0;0;0;0;0;0;0;0;0;0;0;;;;;
2026-04-22;O_EREGLE0426P24.50;EREGL_04/2026_AVRUPA_OPSIYON;D_EQ;SSO;D_EQ_EPP;DE_EREGL_EPP;EREGL.E;2026-04-30;0.01;0.01;0;0;0;0;0;0;0;0;0;0;1;0;;;;;
2026-04-22;O_EREGLE0426P25.00;EREGL_04/2026_AVRUPA_OPSIYON;D_EQ;SSO;D_EQ_EPP;DE_EREGL_EPP;EREGL.E;2026-04-30;0.01;0.01;0;0;0;0;0;0;0;0;0;0;2;0;;;;;
2026-04-22;O_EREGLE0426P26.00;EREGL_04/2026_AVRUPA_OPSIYON;D_EQ;SSO;D_EQ_EPP;DE_EREGL_EPP;EREGL.E;2026-04-30;0.01;0.01;0;0;0;0;0;0;0;0;0;0;5;0;;;;;
2026-04-22;O_EREGLE0426P27.00;EREGL_04/2026_AVRUPA_OPSIYON;D_EQ;SSO;D_EQ_EPP;DE_EREGL_EPP;EREGL.E;2026-04-30;0.01;0.01;0;0;0;0;0;0;0;0;0;0;1128;0;;;;;
2026-04-22;O_EREGLE0426P28.00;EREGL_04/2026_AVRUPA_OPSIYON;D_EQ;SSO;D_EQ_EPP;DE_EREGL_EPP;EREGL.E;2026-04-30;0.01;0.01;0;0;0;0;0;0;0;0;0;0;4915;0;;;;;
2026-04-22;O_EREGLE0426P29.00;EREGL_04/2026_AVRUPA_OPSIYON;D_EQ;SSO;D_EQ_EPP;DE_EREGL_EPP;EREGL.E;2026-04-30;0.01;0.01;0;0;0;0;0;0;0;0;0;0;1069;0;;;;;
2026-04-22;O_EREGLE0426P30.00;EREGL_04/2026_AVRUPA_OPSIYON;D_EQ;SSO;D_EQ_EPP;DE_EREGL_EPP;EREGL.E;2026-04-30;0.03;0.01;200;0;0;0;0;0;0;0;0;0;2324;0;;;;;
2026-04-22;O_EREGLE0426P31.00;EREGL_04/2026_AVRUPA_OPSIYON;D_EQ;SSO;D_EQ_EPP;DE_EREGL_EPP;EREGL.E;2026-04-30;0.11;0.04;175;0.1;0.1;0.1;0.1;0.1;155000;500;50;1;1115;0;;;;;
2026-04-22;O_EREGLE0426P32.00;EREGL_04/2026_AVRUPA_OPSIYON;D_EQ;SSO;D_EQ_EPP;DE_EREGL_EPP;EREGL.E;2026-04-30;0.33;0.13;153.85;0;0;0;0;0;0;0;0;0;2092;0;;;;;
2026-04-22;O_EREGLE0426P33.00;EREGL_04/2026_AVRUPA_OPSIYON;D_EQ;SSO;D_EQ_EPP;DE_EREGL_EPP;EREGL.E;2026-04-30;0.75;0.34;120.59;0.84;0.84;0.84;0.84;0.84;165000;4200;50;1;733;-50;;;;;
2026-04-22;O_EREGLE0426P34.00;EREGL_04/2026_AVRUPA_OPSIYON;D_EQ;SSO;D_EQ_EPP;DE_EREGL_EPP;EREGL.E;2026-04-30;1.39;0.74;87.84;1.01;1.01;1.4;1.4;1.09;850000;27200;250;5;233;200;;;;;
2026-04-22;O_EREGLE0426P35.00;EREGL_04/2026_AVRUPA_OPSIYON;D_EQ;SSO;D_EQ_EPP;DE_EREGL_EPP;EREGL.E;2026-04-30;2.21;1.33;66.17;2.3;2.3;2.3;2.3;2.3;175000;11500;50;1;205;0;;;;;
2026-04-22;O_EREGLE0526C27.00;EREGL_05/2026_AVRUPA_OPSIYON;D_EQ;SSO;D_EQ_ECP;DE_EREGL_ECP;EREGL.E;2026-05-25;6.53;7.67;-14.86;0;0;0;0;0;0;0;0;0;0;0;;;;;
2026-04-22;O_EREGLE0526C28.00;EREGL_05/2026_AVRUPA_OPSIYON;D_EQ;SSO;D_EQ_ECP;DE_EREGL_ECP;EREGL.E;2026-05-25;5.6;6.72;-16.67;0;0;0;0;0;0;0;0;0;1;0;;;;;
2026-04-22;O_EREGLE0526C29.00;EREGL_05/2026_AVRUPA_OPSIYON;D_EQ;SSO;D_EQ_ECP;DE_EREGL_ECP;EREGL.E;2026-05-25;4.69;5.79;-19;0;0;0;0;0;0;0;0;0;0;0;;;;;
2026-04-22;O_EREGLE0526C30.00;EREGL_05/2026_AVRUPA_OPSIYON;D_EQ;SSO;D_EQ_ECP;DE_EREGL_ECP;EREGL.E;2026-05-25;3.83;4.89;-21.68;0;0;0;0;0;0;0;0;0;1443;0;;;;;
2026-04-22;O_EREGLE0526C31.00;EREGL_05/2026_AVRUPA_OPSIYON;D_EQ;SSO;D_EQ_ECP;DE_EREGL_ECP;EREGL.E;2026-05-25;3.05;4.04;-24.5;0;0;0;0;0;0;0;0;0;10;0;;;;;
2026-04-22;O_EREGLE0526C32.00;EREGL_05/2026_AVRUPA_OPSIYON;D_EQ;SSO;D_EQ_ECP;DE_EREGL_ECP;EREGL.E;2026-05-25;2.35;3.25;-27.69;2.13;2.13;2.13;2.13;2.13;80000;5325;25;1;107;25;;;;;
2026-04-22;O_EREGLE0526C33.00;EREGL_05/2026_AVRUPA_OPSIYON;D_EQ;SSO;D_EQ_ECP;DE_EREGL_ECP;EREGL.E;2026-05-25;1.75;2.55;-31.37;1.72;1.51;1.72;1.51;1.59;128700;6183;39;2;102;-25;;;;;
2026-04-22;O_EREGLE0526C34.00;EREGL_05/2026_AVRUPA_OPSIYON;D_EQ;SSO;D_EQ_ECP;DE_EREGL_ECP;EREGL.E;2026-05-25;1.26;1.94;-35.05;1.21;1.02;1.21;1.02;1.17;795600;27364;234;3;2050;50;;;;;
2026-04-22;O_EREGLE0526C35.00;EREGL_05/2026_AVRUPA_OPSIYON;D_EQ;SSO;D_EQ_ECP;DE_EREGL_ECP;EREGL.E;2026-05-25;0.88;1.44;-38.89;0.81;0.78;0.81;0.78;0.78;2625000;58650;750;6;750;750;;;;;
2026-04-22;O_EREGLE0526C36.00;EREGL_05/2026_AVRUPA_OPSIYON;D_EQ;SSO;D_EQ_ECP;DE_EREGL_ECP;EREGL.E;2026-05-25;0.59;1.03;-42.72;0.69;0.46;0.69;0.46;0.57;22068000;348006;6130;92;1717;-3413;;;;;
2026-04-22;O_EREGLE0526C37.00;EREGL_05/2026_AVRUPA_OPSIYON;D_EQ;SSO;D_EQ_ECP;DE_EREGL_ECP;EREGL.E;2026-05-25;0.39;0.72;-45.83;0.25;0.25;0.25;0.25;0.25;740000;5000;200;1;3600;200;;;;;
2026-04-22;O_EREGLE0526C38.00;EREGL_05/2026_AVRUPA_OPSIYON;D_EQ;SSO;D_EQ_ECP;DE_EREGL_ECP;EREGL.E;2026-05-25;0.24;0.48;-50;0.24;0.17;0.24;0.17;0.19;4560000;23200;1200;6;5204;1200;;;;;
2026-04-22;O_EREGLE0526C39.00;EREGL_05/2026_AVRUPA_OPSIYON;D_EQ;SSO;D_EQ_ECP;DE_EREGL_ECP;EREGL.E;2026-05-25;0.15;0.32;-53.13;0.22;0.16;0.22;0.16;0.2;20280000;101800;5200;37;10200;5200;;;;;
2026-04-22;O_EREGLE0526C40.00;EREGL_05/2026_AVRUPA_OPSIYON;D_EQ;SSO;D_EQ_ECP;DE_EREGL_ECP;EREGL.E;2026-05-25;0.09;0.2;-55;0.15;0.12;0.15;0.12;0.15;13200000;48200;3300;35;8400;3300;;;;;
2026-04-22;O_EREGLE0526C41.00;EREGL_05/2026_AVRUPA_OPSIYON;D_EQ;SSO;D_EQ_ECP;DE_EREGL_ECP;EREGL.E;2026-05-25;0.05;0.13;-61.54;0;0;0;0;0;0;0;0;0;0;0;;;;;
2026-04-22;O_EREGLE0526P23.50;EREGL_05/2026_AVRUPA_OPSIYON;D_EQ;SSO;D_EQ_EPP;DE_EREGL_EPP;EREGL.E;2026-05-25;0.01;0.01;0;0;0;0;0;0;0;0;0;0;0;0;;;;;
2026-04-22;O_EREGLE0526P24.00;EREGL_05/2026_AVRUPA_OPSIYON;D_EQ;SSO;D_EQ_EPP;DE_EREGL_EPP;EREGL.E;2026-05-25;0.01;0.01;0;0;0;0;0;0;0;0;0;0;0;0;;;;;
2026-04-22;O_EREGLE0526P24.50;EREGL_05/2026_AVRUPA_OPSIYON;D_EQ;SSO;D_EQ_EPP;DE_EREGL_EPP;EREGL.E;2026-05-25;0.01;0.01;0;0;0;0;0;0;0;0;0;0;0;0;;;;;
2026-04-22;O_EREGLE0526P25.00;EREGL_05/2026_AVRUPA_OPSIYON;D_EQ;SSO;D_EQ_EPP;DE_EREGL_EPP;EREGL.E;2026-05-25;0.01;0.01;0;0;0;0;0;0;0;0;0;0;0;0;;;;;
2026-04-22;O_EREGLE0526P26.00;EREGL_05/2026_AVRUPA_OPSIYON;D_EQ;SSO;D_EQ_EPP;DE_EREGL_EPP;EREGL.E;2026-05-25;0.01;0.01;0;0;0;0;0;0;0;0;0;0;0;0;;;;;
2026-04-22;O_EREGLE0526P27.00;EREGL_05/2026_AVRUPA_OPSIYON;D_EQ;SSO;D_EQ_EPP;DE_EREGL_EPP;EREGL.E;2026-05-25;0.02;0.01;100;0;0;0;0;0;0;0;0;0;0;0;;;;;
2026-04-22;O_EREGLE0526P28.00;EREGL_05/2026_AVRUPA_OPSIYON;D_EQ;SSO;D_EQ_EPP;DE_EREGL_EPP;EREGL.E;2026-05-25;0.05;0.03;66.67;0;0;0;0;0;0;0;0;0;0;0;;;;;
2026-04-22;O_EREGLE0526P29.00;EREGL_05/2026_AVRUPA_OPSIYON;D_EQ;SSO;D_EQ_EPP;DE_EREGL_EPP;EREGL.E;2026-05-25;0.11;0.06;83.33;0;0;0;0;0;0;0;0;0;5;0;;;;;
2026-04-22;O_EREGLE0526P30.00;EREGL_05/2026_AVRUPA_OPSIYON;D_EQ;SSO;D_EQ_EPP;DE_EREGL_EPP;EREGL.E;2026-05-25;0.22;0.13;69.23;0;0;0;0;0;0;0;0;0;0;0;;;;;
2026-04-22;O_EREGLE0526P31.00;EREGL_05/2026_AVRUPA_OPSIYON;D_EQ;SSO;D_EQ_EPP;DE_EREGL_EPP;EREGL.E;2026-05-25;0.4;0.24;66.67;0;0;0;0;0;0;0;0;0;100;0;;;;;
2026-04-22;O_EREGLE0526P32.00;EREGL_05/2026_AVRUPA_OPSIYON;D_EQ;SSO;D_EQ_EPP;DE_EREGL_EPP;EREGL.E;2026-05-25;0.67;0.42;59.52;0;0;0;0;0;0;0;0;0;275;0;;;;;
2026-04-22;O_EREGLE0526P33.00;EREGL_05/2026_AVRUPA_OPSIYON;D_EQ;SSO;D_EQ_EPP;DE_EREGL_EPP;EREGL.E;2026-05-25;1.04;0.68;52.94;0.72;0.72;1.05;1.05;0.82;82500;2052;25;9;323;21;;;;;
2026-04-22;O_EREGLE0526P34.00;EREGL_05/2026_AVRUPA_OPSIYON;D_EQ;SSO;D_EQ_EPP;DE_EREGL_EPP;EREGL.E;2026-05-25;1.52;1.04;46.15;0;0;0;0;0;0;0;0;0;200;0;;;;;
2026-04-22;O_EREGLE0526P35.00;EREGL_05/2026_AVRUPA_OPSIYON;D_EQ;SSO;D_EQ_EPP;DE_EREGL_EPP;EREGL.E;2026-05-25;2.1;1.5;40;1.95;1.95;1.95;1.95;1.95;175000;9750;50;2;50;50;;;;;
2026-04-22;O_EREGLE0526P36.00;EREGL_05/2026_AVRUPA_OPSIYON;D_EQ;SSO;D_EQ_EPP;DE_EREGL_EPP;EREGL.E;2026-05-25;2.78;2.06;34.95;0;0;0;0;0;0;0;0;0;5;0;;;;;
2026-04-22;O_EREGLE0626C30.00;EREGL_06/2026_AVRUPA_OPSIYON;D_EQ;SSO;D_EQ_ECP;DE_EREGL_ECP;EREGL.E;2026-06-30;5.41;6.46;-16.25;0;0;0;0;0;0;0;0;0;0;0;;;;;
2026-04-22;O_EREGLE0626C31.00;EREGL_06/2026_AVRUPA_OPSIYON;D_EQ;SSO;D_EQ_ECP;DE_EREGL_ECP;EREGL.E;2026-06-30;4.66;5.67;-17.81;0;0;0;0;0;0;0;0;0;0;0;;;;;
2026-04-22;O_EREGLE0626C32.00;EREGL_06/2026_AVRUPA_OPSIYON;D_EQ;SSO;D_EQ_ECP;DE_EREGL_ECP;EREGL.E;2026-06-30;3.96;4.92;-19.51;0;0;0;0;0;0;0;0;0;0;0;;;;;
2026-04-22;O_EREGLE0626C33.00;EREGL_06/2026_AVRUPA_OPSIYON;D_EQ;SSO;D_EQ_ECP;DE_EREGL_ECP;EREGL.E;2026-06-30;3.32;4.22;-21.33;0;0;0;0;0;0;0;0;0;0;0;;;;;
2026-04-22;O_EREGLE0626C34.00;EREGL_06/2026_AVRUPA_OPSIYON;D_EQ;SSO;D_EQ_ECP;DE_EREGL_ECP;EREGL.E;2026-06-30;2.75;3.58;-23.18;0;0;0;0;0;0;0;0;0;0;0;;;;;
2026-04-22;O_EREGLE0626C35.00;EREGL_06/2026_AVRUPA_OPSIYON;D_EQ;SSO;D_EQ_ECP;DE_EREGL_ECP;EREGL.E;2026-06-30;2.25;3;-25;0;0;0;0;0;0;0;0;0;0;0;;;;;
2026-04-22;O_EREGLE0626C36.00;EREGL_06/2026_AVRUPA_OPSIYON;D_EQ;SSO;D_EQ_ECP;DE_EREGL_ECP;EREGL.E;2026-06-30;1.81;2.48;-27.02;0;0;0;0;0;0;0;0;0;0;0;;;;;
2026-04-22;O_EREGLE0626C37.00;EREGL_06/2026_AVRUPA_OPSIYON;D_EQ;SSO;D_EQ_ECP;DE_EREGL_ECP;EREGL.E;2026-06-30;1.44;2.03;-29.06;0;0;0;0;0;0;0;0;0;0;0;;;;;
2026-04-22;O_EREGLE0626C38.00;EREGL_06/2026_AVRUPA_OPSIYON;D_EQ;SSO;D_EQ_ECP;DE_EREGL_ECP;EREGL.E;2026-06-30;1.14;1.64;-30.49;0;0;0;0;0;0;0;0;0;0;0;;;;;
2026-04-22;O_EREGLE0626C39.00;EREGL_06/2026_AVRUPA_OPSIYON;D_EQ;SSO;D_EQ_ECP;DE_EREGL_ECP;EREGL.E;2026-06-30;0.88;1.31;-32.82;0;0;0;0;0;0;0;0;0;0;0;;;;;
2026-04-22;O_EREGLE0626C40.00;EREGL_06/2026_AVRUPA_OPSIYON;D_EQ;SSO;D_EQ_ECP;DE_EREGL_ECP;EREGL.E;2026-06-30;0.68;1.04;-34.62;0;0;0;0;0;0;0;0;0;0;0;;;;;
2026-04-22;O_EREGLE0626C41.00;EREGL_06/2026_AVRUPA_OPSIYON;D_EQ;SSO;D_EQ_ECP;DE_EREGL_ECP;EREGL.E;2026-06-30;0.51;0.81;-37.04;0;0;0;0;0;0;0;0;0;0;0;;;;;
2026-04-22;O_EREGLE0626C42.00;EREGL_06/2026_AVRUPA_OPSIYON;D_EQ;SSO;D_EQ_ECP;DE_EREGL_ECP;EREGL.E;2026-06-30;0.39;0.63;-38.1;0;0;0;0;0;0;0;0;0;0;0;;;;;
2026-04-22;O_EREGLE0626P25.00;EREGL_06/2026_AVRUPA_OPSIYON;D_EQ;SSO;D_EQ_EPP;DE_EREGL_EPP;EREGL.E;2026-06-30;0.02;0.01;100;0;0;0;0;0;0;0;0;0;0;0;;;;;
2026-04-22;O_EREGLE0626P26.00;EREGL_06/2026_AVRUPA_OPSIYON;D_EQ;SSO;D_EQ_EPP;DE_EREGL_EPP;EREGL.E;2026-06-30;0.03;0.02;50;0;0;0;0;0;0;0;0;0;0;0;;;;;
2026-04-22;O_EREGLE0626P27.00;EREGL_06/2026_AVRUPA_OPSIYON;D_EQ;SSO;D_EQ_EPP;DE_EREGL_EPP;EREGL.E;2026-06-30;0.06;0.04;50;0;0;0;0;0;0;0;0;0;0;0;;;;;
2026-04-22;O_EREGLE0626P28.00;EREGL_06/2026_AVRUPA_OPSIYON;D_EQ;SSO;D_EQ_EPP;DE_EREGL_EPP;EREGL.E;2026-06-30;0.11;0.07;57.14;0;0;0;0;0;0;0;0;0;0;0;;;;;
2026-04-22;O_EREGLE0626P29.00;EREGL_06/2026_AVRUPA_OPSIYON;D_EQ;SSO;D_EQ_EPP;DE_EREGL_EPP;EREGL.E;2026-06-30;0.19;0.13;46.15;0;0;0;0;0;0;0;0;0;0;0;;;;;
2026-04-22;O_EREGLE0626P30.00;EREGL_06/2026_AVRUPA_OPSIYON;D_EQ;SSO;D_EQ_EPP;DE_EREGL_EPP;EREGL.E;2026-06-30;0.31;0.21;47.62;0;0;0;0;0;0;0;0;0;0;0;;;;;
2026-04-22;O_EREGLE0626P31.00;EREGL_06/2026_AVRUPA_OPSIYON;D_EQ;SSO;D_EQ_EPP;DE_EREGL_EPP;EREGL.E;2026-06-30;0.47;0.33;42.42;0;0;0;0;0;0;0;0;0;0;0;;;;;
2026-04-22;O_EREGLE0626P32.00;EREGL_06/2026_AVRUPA_OPSIYON;D_EQ;SSO;D_EQ_EPP;DE_EREGL_EPP;EREGL.E;2026-06-30;0.69;0.49;40.82;0;0;0;0;0;0;0;0;0;0;0;;;;;
2026-04-22;O_EREGLE0626P33.00;EREGL_06/2026_AVRUPA_OPSIYON;D_EQ;SSO;D_EQ_EPP;DE_EREGL_EPP;EREGL.E;2026-06-30;0.97;0.71;36.62;0;0;0;0;0;0;0;0;0;0;0;;;;;
2026-04-22;O_EREGLE0626P34.00;EREGL_06/2026_AVRUPA_OPSIYON;D_EQ;SSO;D_EQ_EPP;DE_EREGL_EPP;EREGL.E;2026-06-30;1.32;0.98;34.69;0;0;0;0;0;0;0;0;0;0;0;;;;;
2026-04-22;O_EREGLE0626P35.00;EREGL_06/2026_AVRUPA_OPSIYON;D_EQ;SSO;D_EQ_EPP;DE_EREGL_EPP;EREGL.E;2026-06-30;1.73;1.32;31.06;0;0;0;0;0;0;0;0;0;0;0;;;;;
2026-04-22;O_EREGLE0626P36.00;EREGL_06/2026_AVRUPA_OPSIYON;D_EQ;SSO;D_EQ_EPP;DE_EREGL_EPP;EREGL.E;2026-06-30;2.22;1.72;29.07;0;0;0;0;0;0;0;0;0;0;0;;;;;
2026-04-22;O_EREGLE0626P37.00;EREGL_06/2026_AVRUPA_OPSIYON;D_EQ;SSO;D_EQ_EPP;DE_EREGL_EPP;EREGL.E;2026-06-30;2.76;2.19;26.03;0;0;0;0;0;0;0;0;0;0;0;;;;;
2026-04-22;O_FROTOE0426C100.00;FROTO_04/2026_AVRUPA_OPSIYON;D_EQ;SSO;D_EQ_ECP;DE_FROTO_ECP;FROTO.E;2026-04-30;4.28;5.4;-20.74;0;0;0;0;0;0;0;0;0;110;0;;;;;
2026-04-22;O_FROTOE0426C105.00;FROTO_04/2026_AVRUPA_OPSIYON;D_EQ;SSO;D_EQ_ECP;DE_FROTO_ECP;FROTO.E;2026-04-30;1.65;2.41;-31.54;1.26;1.26;1.26;1.26;1.26;1711500;20538;163;1;36;-163;;;;;
2026-04-22;O_FROTOE0426C110.00;FROTO_04/2026_AVRUPA_OPSIYON;D_EQ;SSO;D_EQ_ECP;DE_FROTO_ECP;FROTO.E;2026-04-30;0.45;0.82;-45.12;0.18;0.18;0.18;0.18;0.18;1793000;2934;163;1;666;86;;;;;
2026-04-22;O_FROTOE0426C115.00;FROTO_04/2026_AVRUPA_OPSIYON;D_EQ;SSO;D_EQ_ECP;DE_FROTO_ECP;FROTO.E;2026-04-30;0.09;0.21;-57.14;0;0;0;0;0;0;0;0;0;100;0;;;;;
2026-04-22;O_FROTOE0426C120.00;FROTO_04/2026_AVRUPA_OPSIYON;D_EQ;SSO;D_EQ_ECP;DE_FROTO_ECP;FROTO.E;2026-04-30;0.01;0.04;-75;0;0;0;0;0;0;0;0;0;22;0;;;;;
2026-04-22;O_FROTOE0426C125.00;FROTO_04/2026_AVRUPA_OPSIYON;D_EQ;SSO;D_EQ_ECP;DE_FROTO_ECP;FROTO.E;2026-04-30;0.01;0.01;0;0;0;0;0;0;0;0;0;0;0;0;;;;;
2026-04-22;O_FROTOE0426C130.00;FROTO_04/2026_AVRUPA_OPSIYON;D_EQ;SSO;D_EQ_ECP;DE_FROTO_ECP;FROTO.E;2026-04-30;0.01;0.01;0;0;0;0;0;0;0;0;0;0;0;0;;;;;
2026-04-22;O_FROTOE0426C135.00;FROTO_04/2026_AVRUPA_OPSIYON;D_EQ;SSO;D_EQ_ECP;DE_FROTO_ECP;FROTO.E;2026-04-30;0.01;0.01;0;0;0;0;0;0;0;0;0;0;0;0;;;;;
2026-04-22;O_FROTOE0426C140.00;FROTO_04/2026_AVRUPA_OPSIYON;D_EQ;SSO;D_EQ_ECP;DE_FROTO_ECP;FROTO.E;2026-04-30;0.01;0.01;0;0;0;0;0;0;0;0;0;0;0;0;;;;;
2026-04-22;O_FROTOE0426C145.00;FROTO_04/2026_AVRUPA_OPSIYON;D_EQ;SSO;D_EQ_ECP;DE_FROTO_ECP;FROTO.E;2026-04-30;0.01;0.01;0;0;0;0;0;0;0;0;0;0;0;0;;;;;
2026-04-22;O_FROTOE0426C150.00;FROTO_04/2026_AVRUPA_OPSIYON;D_EQ;SSO;D_EQ_ECP;DE_FROTO_ECP;FROTO.E;2026-04-30;0.01;0.01;0;0;0;0;0;0;0;0;0;0;0;0;;;;;
2026-04-22;O_FROTOE0426C155.00;FROTO_04/2026_AVRUPA_OPSIYON;D_EQ;SSO;D_EQ_ECP;DE_FROTO_ECP;FROTO.E;2026-04-30;0.01;0.01;0;0;0;0;0;0;0;0;0;0;0;0;;;;;
2026-04-22;O_FROTOE0426C160.00;FROTO_04/2026_AVRUPA_OPSIYON;D_EQ;SSO;D_EQ_ECP;DE_FROTO_ECP;FROTO.E;2026-04-30;0.01;0.01;0;0;0;0;0;0;0;0;0;0;0;0;;;;;
2026-04-22;O_FROTOE0426C165.00;FROTO_04/2026_AVRUPA_OPSIYON;D_EQ;SSO;D_EQ_ECP;DE_FROTO_ECP;FROTO.E;2026-04-30;0.01;0.01;0;0;0;0;0;0;0;0;0;0;0;0;;;;;
2026-04-22;O_FROTOE0426C170.00;FROTO_04/2026_AVRUPA_OPSIYON;D_EQ;SSO;D_EQ_ECP;DE_FROTO_ECP;FROTO.E;2026-04-30;0.01;0.01;0;0;0;0;0;0;0;0;0;0;0;0;;;;;
2026-04-22;O_FROTOE0426C175.00;FROTO_04/2026_AVRUPA_OPSIYON;D_EQ;SSO;D_EQ_ECP;DE_FROTO_ECP;FROTO.E;2026-04-30;0.01;0.01;0;0;0;0;0;0;0;0;0;0;0;0;;;;;
2026-04-22;O_FROTOE0426C98.00;FROTO_04/2026_AVRUPA_OPSIYON;D_EQ;SSO;D_EQ_ECP;DE_FROTO_ECP;FROTO.E;2026-04-30;5.76;6.96;-17.24;0;0;0;0;0;0;0;0;0;0;0;;;;;
2026-04-22;O_FROTOE0426P100.00;FROTO_04/2026_AVRUPA_OPSIYON;D_EQ;SSO;D_EQ_EPP;DE_FROTO_EPP;FROTO.E;2026-04-30;1.15;0.96;19.79;0;0;0;0;0;0;0;0;0;681;0;;;;;
2026-04-22;O_FROTOE0426P105.00;FROTO_04/2026_AVRUPA_OPSIYON;D_EQ;SSO;D_EQ_EPP;DE_FROTO_EPP;FROTO.E;2026-04-30;3.48;2.93;18.77;0;0;0;0;0;0;0;0;0;1357;0;;;;;
2026-04-22;O_FROTOE0426P110.00;FROTO_04/2026_AVRUPA_OPSIYON;D_EQ;SSO;D_EQ_EPP;DE_FROTO_EPP;FROTO.E;2026-04-30;7.24;6.3;14.92;0;0;0;0;0;0;0;0;0;17;0;;;;;
2026-04-22;O_FROTOE0426P115.00;FROTO_04/2026_AVRUPA_OPSIYON;D_EQ;SSO;D_EQ_EPP;DE_FROTO_EPP;FROTO.E;2026-04-30;11.83;10.64;11.18;0;0;0;0;0;0;0;0;0;50;0;;;;;
2026-04-22;O_FROTOE0426P120.00;FROTO_04/2026_AVRUPA_OPSIYON;D_EQ;SSO;D_EQ_EPP;DE_FROTO_EPP;FROTO.E;2026-04-30;16.72;15.42;8.43;0;0;0;0;0;0;0;0;0;0;0;;;;;
2026-04-22;O_FROTOE0426P125.00;FROTO_04/2026_AVRUPA_OPSIYON;D_EQ;SSO;D_EQ_EPP;DE_FROTO_EPP;FROTO.E;2026-04-30;21.66;20.34;6.49;0;0;0;0;0;0;0;0;0;0;0;;;;;
2026-04-22;O_FROTOE0426P130.00;FROTO_04/2026_AVRUPA_OPSIYON;D_EQ;SSO;D_EQ_EPP;DE_FROTO_EPP;FROTO.E;2026-04-30;26.62;25.29;5.26;0;0;0;0;0;0;0;0;0;0;0;;;;;
2026-04-22;O_FROTOE0426P135.00;FROTO_04/2026_AVRUPA_OPSIYON;D_EQ;SSO;D_EQ_EPP;DE_FROTO_EPP;FROTO.E;2026-04-30;31.58;30.24;4.43;0;0;0;0;0;0;0;0;0;0;0;;;;;
2026-04-22;O_FROTOE0426P140.00;FROTO_04/2026_AVRUPA_OPSIYON;D_EQ;SSO;D_EQ_EPP;DE_FROTO_EPP;FROTO.E;2026-04-30;36.54;35.19;3.84;0;0;0;0;0;0;0;0;0;0;0;;;;;
2026-04-22;O_FROTOE0426P145.00;FROTO_04/2026_AVRUPA_OPSIYON;D_EQ;SSO;D_EQ_EPP;DE_FROTO_EPP;FROTO.E;2026-04-30;41.5;40.15;3.36;0;0;0;0;0;0;0;0;0;0;0;;;;;
2026-04-22;O_FROTOE0426P150.00;FROTO_04/2026_AVRUPA_OPSIYON;D_EQ;SSO;D_EQ_EPP;DE_FROTO_EPP;FROTO.E;2026-04-30;46.46;45.1;3.02;0;0;0;0;0;0;0;0;0;0;0;;;;;
2026-04-22;O_FROTOE0426P88.00;FROTO_04/2026_AVRUPA_OPSIYON;D_EQ;SSO;D_EQ_EPP;DE_FROTO_EPP;FROTO.E;2026-04-30;0.01;0.01;0;0;0;0;0;0;0;0;0;0;0;0;;;;;
2026-04-22;O_FROTOE0426P90.00;FROTO_04/2026_AVRUPA_OPSIYON;D_EQ;SSO;D_EQ_EPP;DE_FROTO_EPP;FROTO.E;2026-04-30;0.02;0.02;0;0;0;0;0;0;0;0;0;0;0;0;;;;;
2026-04-22;O_FROTOE0426P92.00;FROTO_04/2026_AVRUPA_OPSIYON;D_EQ;SSO;D_EQ_EPP;DE_FROTO_EPP;FROTO.E;2026-04-30;0.06;0.06;0;0;0;0;0;0;0;0;0;0;185;0;;;;;
2026-04-22;O_FROTOE0426P94.00;FROTO_04/2026_AVRUPA_OPSIYON;D_EQ;SSO;D_EQ_EPP;DE_FROTO_EPP;FROTO.E;2026-04-30;0.15;0.13;15.38;0;0;0;0;0;0;0;0;0;0;0;;;;;
2026-04-22;O_FROTOE0426P96.00;FROTO_04/2026_AVRUPA_OPSIYON;D_EQ;SSO;D_EQ_EPP;DE_FROTO_EPP;FROTO.E;2026-04-30;0.33;0.28;17.86;0;0;0;0;0;0;0;0;0;331;0;;;;;
2026-04-22;O_FROTOE0426P98.00;FROTO_04/2026_AVRUPA_OPSIYON;D_EQ;SSO;D_EQ_EPP;DE_FROTO_EPP;FROTO.E;2026-04-30;0.64;0.54;18.52;0;0;0;0;0;0;0;0;0;10;0;;;;;
2026-04-22;O_FROTOE0526C100.00;FROTO_05/2026_AVRUPA_OPSIYON;D_EQ;SSO;D_EQ_ECP;DE_FROTO_ECP;FROTO.E;2026-05-25;8.17;9.23;-11.48;0;0;0;0;0;0;0;0;0;0;0;;;;;
2026-04-22;O_FROTOE0526C105.00;FROTO_05/2026_AVRUPA_OPSIYON;D_EQ;SSO;D_EQ_ECP;DE_FROTO_ECP;FROTO.E;2026-05-25;5.36;6.25;-14.24;0;0;0;0;0;0;0;0;0;52;0;;;;;
2026-04-22;O_FROTOE0526C110.00;FROTO_05/2026_AVRUPA_OPSIYON;D_EQ;SSO;D_EQ_ECP;DE_FROTO_ECP;FROTO.E;2026-05-25;3.3;4;-17.5;0;0;0;0;0;0;0;0;0;20;0;;;;;
2026-04-22;O_FROTOE0526C115.00;FROTO_05/2026_AVRUPA_OPSIYON;D_EQ;SSO;D_EQ_ECP;DE_FROTO_ECP;FROTO.E;2026-05-25;1.9;2.42;-21.49;0;0;0;0;0;0;0;0;0;0;0;;;;;
2026-04-22;O_FROTOE0526C120.00;FROTO_05/2026_AVRUPA_OPSIYON;D_EQ;SSO;D_EQ_ECP;DE_FROTO_ECP;FROTO.E;2026-05-25;1.03;1.39;-25.9;0;0;0;0;0;0;0;0;0;0;0;;;;;
2026-04-22;O_FROTOE0526C125.00;FROTO_05/2026_AVRUPA_OPSIYON;D_EQ;SSO;D_EQ_ECP;DE_FROTO_ECP;FROTO.E;2026-05-25;0.53;0.76;-30.26;0;0;0;0;0;0;0;0;0;0;0;;;;;
2026-04-22;O_FROTOE0526C130.00;FROTO_05/2026_AVRUPA_OPSIYON;D_EQ;SSO;D_EQ_ECP;DE_FROTO_ECP;FROTO.E;2026-05-25;0.26;0.4;-35;0;0;0;0;0;0;0;0;0;0;0;;;;;
2026-04-22;O_FROTOE0526C135.00;FROTO_05/2026_AVRUPA_OPSIYON;D_EQ;SSO;D_EQ_ECP;DE_FROTO_ECP;FROTO.E;2026-05-25;0.12;0.2;-40;0;0;0;0;0;0;0;0;0;0;0;;;;;
2026-04-22;O_FROTOE0526C140.00;FROTO_05/2026_AVRUPA_OPSIYON;D_EQ;SSO;D_EQ_ECP;DE_FROTO_ECP;FROTO.E;2026-05-25;0.05;0.1;-50;0;0;0;0;0;0;0;0;0;0;0;;;;;
2026-04-22;O_FROTOE0526C145.00;FROTO_05/2026_AVRUPA_OPSIYON;D_EQ;SSO;D_EQ_ECP;DE_FROTO_ECP;FROTO.E;2026-05-25;0.02;0.04;-50;0;0;0;0;0;0;0;0;0;0;0;;;;;
2026-04-22;O_FROTOE0526C150.00;FROTO_05/2026_AVRUPA_OPSIYON;D_EQ;SSO;D_EQ_ECP;DE_FROTO_ECP;FROTO.E;2026-05-25;0.01;0.02;-50;0;0;0;0;0;0;0;0;0;0;0;;;;;
2026-04-22;O_FROTOE0526C155.00;FROTO_05/2026_AVRUPA_OPSIYON;D_EQ;SSO;D_EQ_ECP;DE_FROTO_ECP;FROTO.E;2026-05-25;0.01;0.01;0;0;0;0;0;0;0;0;0;0;0;0;;;;;
2026-04-22;O_FROTOE0526C98.00;FROTO_05/2026_AVRUPA_OPSIYON;D_EQ;SSO;D_EQ_ECP;DE_FROTO_ECP;FROTO.E;2026-05-25;9.5;10.62;-10.55;0;0;0;0;0;0;0;0;0;0;0;;;;;
2026-04-22;O_FROTOE0526P100.00;FROTO_05/2026_AVRUPA_OPSIYON;D_EQ;SSO;D_EQ_EPP;DE_FROTO_EPP;FROTO.E;2026-05-25;2.49;2.26;10.18;0;0;0;0;0;0;0;0;0;0;0;;;;;
2026-04-22;O_FROTOE0526P105.00;FROTO_05/2026_AVRUPA_OPSIYON;D_EQ;SSO;D_EQ_EPP;DE_FROTO_EPP;FROTO.E;2026-05-25;4.52;4.1;10.24;0;0;0;0;0;0;0;0;0;4;0;;;;;
2026-04-22;O_FROTOE0526P110.00;FROTO_05/2026_AVRUPA_OPSIYON;D_EQ;SSO;D_EQ_EPP;DE_FROTO_EPP;FROTO.E;2026-05-25;7.28;6.67;9.15;0;0;0;0;0;0;0;0;0;0;0;;;;;
2026-04-22;O_FROTOE0526P115.00;FROTO_05/2026_AVRUPA_OPSIYON;D_EQ;SSO;D_EQ_EPP;DE_FROTO_EPP;FROTO.E;2026-05-25;10.72;9.92;8.06;0;0;0;0;0;0;0;0;0;0;0;;;;;
2026-04-22;O_FROTOE0526P120.00;FROTO_05/2026_AVRUPA_OPSIYON;D_EQ;SSO;D_EQ_EPP;DE_FROTO_EPP;FROTO.E;2026-05-25;14.68;13.72;7;0;0;0;0;0;0;0;0;0;0;0;;;;;
2026-04-22;O_FROTOE0526P125.00;FROTO_05/2026_AVRUPA_OPSIYON;D_EQ;SSO;D_EQ_EPP;DE_FROTO_EPP;FROTO.E;2026-05-25;19.01;17.91;6.14;0;0;0;0;0;0;0;0;0;0;0;;;;;
2026-04-22;O_FROTOE0526P130.00;FROTO_05/2026_AVRUPA_OPSIYON;D_EQ;SSO;D_EQ_EPP;DE_FROTO_EPP;FROTO.E;2026-05-25;23.57;22.38;5.32;0;0;0;0;0;0;0;0;0;0;0;;;;;
2026-04-22;O_FROTOE0526P88.00;FROTO_05/2026_AVRUPA_OPSIYON;D_EQ;SSO;D_EQ_EPP;DE_FROTO_EPP;FROTO.E;2026-05-25;0.31;0.29;6.9;0;0;0;0;0;0;0;0;0;0;0;;;;;
2026-04-22;O_FROTOE0526P90.00;FROTO_05/2026_AVRUPA_OPSIYON;D_EQ;SSO;D_EQ_EPP;DE_FROTO_EPP;FROTO.E;2026-05-25;0.48;0.44;9.09;0;0;0;0;0;0;0;0;0;0;0;;;;;
2026-04-22;O_FROTOE0526P92.00;FROTO_05/2026_AVRUPA_OPSIYON;D_EQ;SSO;D_EQ_EPP;DE_FROTO_EPP;FROTO.E;2026-05-25;0.71;0.65;9.23;0;0;0;0;0;0;0;0;0;0;0;;;;;
2026-04-22;O_FROTOE0526P94.00;FROTO_05/2026_AVRUPA_OPSIYON;D_EQ;SSO;D_EQ_EPP;DE_FROTO_EPP;FROTO.E;2026-05-25;1.01;0.92;9.78;0;0;0;0;0;0;0;0;0;0;0;;;;;
2026-04-22;O_FROTOE0526P96.00;FROTO_05/2026_AVRUPA_OPSIYON;D_EQ;SSO;D_EQ_EPP;DE_FROTO_EPP;FROTO.E;2026-05-25;1.4;1.27;10.24;0;0;0;0;0;0;0;0;0;0;0;;;;;
2026-04-22;O_FROTOE0526P98.00;FROTO_05/2026_AVRUPA_OPSIYON;D_EQ;SSO;D_EQ_EPP;DE_FROTO_EPP;FROTO.E;2026-05-25;1.89;1.72;9.88;2.18;2.18;2.18;2.18;2.18;49000;1090;5;1;5;5;;;;;
2026-04-22;O_FROTOE0626C100.00;FROTO_06/2026_AVRUPA_OPSIYON;D_EQ;SSO;D_EQ_ECP;DE_FROTO_ECP;FROTO.E;2026-06-30;13.37;14.52;-7.92;0;0;0;0;0;0;0;0;0;0;0;;;;;
2026-04-22;O_FROTOE0626C105.00;FROTO_06/2026_AVRUPA_OPSIYON;D_EQ;SSO;D_EQ_ECP;DE_FROTO_ECP;FROTO.E;2026-06-30;10.37;11.41;-9.11;0;0;0;0;0;0;0;0;0;0;0;;;;;
2026-04-22;O_FROTOE0626C110.00;FROTO_06/2026_AVRUPA_OPSIYON;D_EQ;SSO;D_EQ_ECP;DE_FROTO_ECP;FROTO.E;2026-06-30;7.85;8.78;-10.59;0;0;0;0;0;0;0;0;0;0;0;;;;;
2026-04-22;O_FROTOE0626C115.00;FROTO_06/2026_AVRUPA_OPSIYON;D_EQ;SSO;D_EQ_ECP;DE_FROTO_ECP;FROTO.E;2026-06-30;5.8;6.61;-12.25;0;0;0;0;0;0;0;0;0;0;0;;;;;
2026-04-22;O_FROTOE0626C120.00;FROTO_06/2026_AVRUPA_OPSIYON;D_EQ;SSO;D_EQ_ECP;DE_FROTO_ECP;FROTO.E;2026-06-30;4.19;4.88;-14.14;0;0;0;0;0;0;0;0;0;0;0;;;;;
2026-04-22;O_FROTOE0626C125.00;FROTO_06/2026_AVRUPA_OPSIYON;D_EQ;SSO;D_EQ_ECP;DE_FROTO_ECP;FROTO.E;2026-06-30;2.96;3.54;-16.38;0;0;0;0;0;0;0;0;0;0;0;;;;;
2026-04-22;O_FROTOE0626C130.00;FROTO_06/2026_AVRUPA_OPSIYON;D_EQ;SSO;D_EQ_ECP;DE_FROTO_ECP;FROTO.E;2026-06-30;2.05;2.52;-18.65;0;0;0;0;0;0;0;0;0;0;0;;;;;
2026-04-22;O_FROTOE0626C135.00;FROTO_06/2026_AVRUPA_OPSIYON;D_EQ;SSO;D_EQ_ECP;DE_FROTO_ECP;FROTO.E;2026-06-30;1.39;1.77;-21.47;0;0;0;0;0;0;0;0;0;0;0;;;;;
2026-04-22;O_FROTOE0626C140.00;FROTO_06/2026_AVRUPA_OPSIYON;D_EQ;SSO;D_EQ_ECP;DE_FROTO_ECP;FROTO.E;2026-06-30;0.93;1.23;-24.39;0;0;0;0;0;0;0;0;0;0;0;;;;;
2026-04-22;O_FROTOE0626C145.00;FROTO_06/2026_AVRUPA_OPSIYON;D_EQ;SSO;D_EQ_ECP;DE_FROTO_ECP;FROTO.E;2026-06-30;0.61;0.84;-27.38;0;0;0;0;0;0;0;0;0;0;0;;;;;
2026-04-22;O_FROTOE0626C150.00;FROTO_06/2026_AVRUPA_OPSIYON;D_EQ;SSO;D_EQ_ECP;DE_FROTO_ECP;FROTO.E;2026-06-30;0.39;0.57;-31.58;0;0;0;0;0;0;0;0;0;0;0;;;;;
2026-04-22;O_FROTOE0626P100.00;FROTO_06/2026_AVRUPA_OPSIYON;D_EQ;SSO;D_EQ_EPP;DE_FROTO_EPP;FROTO.E;2026-06-30;2.74;2.57;6.61;0;0;0;0;0;0;0;0;0;0;0;;;;;
2026-04-22;O_FROTOE0626P105.00;FROTO_06/2026_AVRUPA_OPSIYON;D_EQ;SSO;D_EQ_EPP;DE_FROTO_EPP;FROTO.E;2026-06-30;4.33;4.05;6.91;0;0;0;0;0;0;0;0;0;0;0;;;;;
2026-04-22;O_FROTOE0626P110.00;FROTO_06/2026_AVRUPA_OPSIYON;D_EQ;SSO;D_EQ_EPP;DE_FROTO_EPP;FROTO.E;2026-06-30;6.39;5.99;6.68;0;0;0;0;0;0;0;0;0;0;0;;;;;
2026-04-22;O_FROTOE0626P115.00;FROTO_06/2026_AVRUPA_OPSIYON;D_EQ;SSO;D_EQ_EPP;DE_FROTO_EPP;FROTO.E;2026-06-30;8.93;8.39;6.44;0;0;0;0;0;0;0;0;0;0;0;;;;;
2026-04-22;O_FROTOE0626P120.00;FROTO_06/2026_AVRUPA_OPSIYON;D_EQ;SSO;D_EQ_EPP;DE_FROTO_EPP;FROTO.E;2026-06-30;11.9;11.25;5.78;0;0;0;0;0;0;0;0;0;0;0;;;;;
2026-04-22;O_FROTOE0626P125.00;FROTO_06/2026_AVRUPA_OPSIYON;D_EQ;SSO;D_EQ_EPP;DE_FROTO_EPP;FROTO.E;2026-06-30;15.25;14.48;5.32;0;0;0;0;0;0;0;0;0;0;0;;;;;
2026-04-22;O_FROTOE0626P90.00;FROTO_06/2026_AVRUPA_OPSIYON;D_EQ;SSO;D_EQ_EPP;DE_FROTO_EPP;FROTO.E;2026-06-30;0.85;0.82;3.66;0;0;0;0;0;0;0;0;0;0;0;;;;;
2026-04-22;O_FROTOE0626P92.00;FROTO_06/2026_AVRUPA_OPSIYON;D_EQ;SSO;D_EQ_EPP;DE_FROTO_EPP;FROTO.E;2026-06-30;1.11;1.06;4.72;0;0;0;0;0;0;0;0;0;0;0;;;;;
2026-04-22;O_FROTOE0626P94.00;FROTO_06/2026_AVRUPA_OPSIYON;D_EQ;SSO;D_EQ_EPP;DE_FROTO_EPP;FROTO.E;2026-06-30;1.43;1.35;5.93;0;0;0;0;0;0;0;0;0;0;0;;;;;
2026-04-22;O_FROTOE0626P96.00;FROTO_06/2026_AVRUPA_OPSIYON;D_EQ;SSO;D_EQ_EPP;DE_FROTO_EPP;FROTO.E;2026-06-30;1.8;1.7;5.88;0;0;0;0;0;0;0;0;0;0;0;;;;;
2026-04-22;O_FROTOE0626P98.00;FROTO_06/2026_AVRUPA_OPSIYON;D_EQ;SSO;D_EQ_EPP;DE_FROTO_EPP;FROTO.E;2026-06-30;2.24;2.1;6.67;0;0;0;0;0;0;0;0;0;0;0;;;;;
2026-04-22;O_GARANE0426C125.00;GARAN_04/2026_AVRUPA_OPSIYON;D_EQ;SSO;D_EQ_ECP;DE_GARAN_ECP;GARAN.E;2026-04-30;15.53;18.03;-13.87;0;0;0;0;0;0;0;0;0;35;0;;;;;
2026-04-22;O_GARANE0426C130.00;GARAN_04/2026_AVRUPA_OPSIYON;D_EQ;SSO;D_EQ_ECP;DE_GARAN_ECP;GARAN.E;2026-04-30;10.79;13.26;-18.63;0;0;0;0;0;0;0;0;0;27;0;;;;;
2026-04-22;O_GARANE0426C135.00;GARAN_04/2026_AVRUPA_OPSIYON;D_EQ;SSO;D_EQ_ECP;DE_GARAN_ECP;GARAN.E;2026-04-30;6.52;8.84;-26.24;0;0;0;0;0;0;0;0;0;20;0;;;;;
2026-04-22;O_GARANE0426C140.00;GARAN_04/2026_AVRUPA_OPSIYON;D_EQ;SSO;D_EQ_ECP;DE_GARAN_ECP;GARAN.E;2026-04-30;3.28;5.17;-36.56;0;0;0;0;0;0;0;0;0;190;0;;;;;
2026-04-22;O_GARANE0426C145.00;GARAN_04/2026_AVRUPA_OPSIYON;D_EQ;SSO;D_EQ_ECP;DE_GARAN_ECP;GARAN.E;2026-04-30;1.38;2.62;-47.33;0;0;0;0;0;0;0;0;0;28;0;;;;;
2026-04-22;O_GARANE0426C150.00;GARAN_04/2026_AVRUPA_OPSIYON;D_EQ;SSO;D_EQ_ECP;DE_GARAN_ECP;GARAN.E;2026-04-30;0.53;1.14;-53.51;0;0;0;0;0;0;0;0;0;140;0;;;;;
2026-04-22;O_GARANE0426C155.00;GARAN_04/2026_AVRUPA_OPSIYON;D_EQ;SSO;D_EQ_ECP;DE_GARAN_ECP;GARAN.E;2026-04-30;0.22;0.49;-55.1;0;0;0;0;0;0;0;0;0;0;0;;;;;
2026-04-22;O_GARANE0426C160.00;GARAN_04/2026_AVRUPA_OPSIYON;D_EQ;SSO;D_EQ_ECP;DE_GARAN_ECP;GARAN.E;2026-04-30;0.09;0.21;-57.14;0;0;0;0;0;0;0;0;0;0;0;;;;;
2026-04-22;O_GARANE0426C165.00;GARAN_04/2026_AVRUPA_OPSIYON;D_EQ;SSO;D_EQ_ECP;DE_GARAN_ECP;GARAN.E;2026-04-30;0.04;0.09;-55.56;0;0;0;0;0;0;0;0;0;0;0;;;;;
2026-04-22;O_GARANE0426C170.00;GARAN_04/2026_AVRUPA_OPSIYON;D_EQ;SSO;D_EQ_ECP;DE_GARAN_ECP;GARAN.E;2026-04-30;0.02;0.04;-50;0;0;0;0;0;0;0;0;0;0;0;;;;;
2026-04-22;O_GARANE0426C175.00;GARAN_04/2026_AVRUPA_OPSIYON;D_EQ;SSO;D_EQ_ECP;DE_GARAN_ECP;GARAN.E;2026-04-30;0.01;0.02;-50;0;0;0;0;0;0;0;0;0;0;0;;;;;
2026-04-22;O_GARANE0426C180.00;GARAN_04/2026_AVRUPA_OPSIYON;D_EQ;SSO;D_EQ_ECP;DE_GARAN_ECP;GARAN.E;2026-04-30;0.01;0.01;0;0;0;0;0;0;0;0;0;0;0;0;;;;;
2026-04-22;O_GARANE0426C185.00;GARAN_04/2026_AVRUPA_OPSIYON;D_EQ;SSO;D_EQ_ECP;DE_GARAN_ECP;GARAN.E;2026-04-30;0.01;0.01;0;0;0;0;0;0;0;0;0;0;0;0;;;;;
2026-04-22;O_GARANE0426C190.00;GARAN_04/2026_AVRUPA_OPSIYON;D_EQ;SSO;D_EQ_ECP;DE_GARAN_ECP;GARAN.E;2026-04-30;0.01;0.01;0;0;0;0;0;0;0;0;0;0;0;0;;;;;
2026-04-22;O_GARANE0426C195.00;GARAN_04/2026_AVRUPA_OPSIYON;D_EQ;SSO;D_EQ_ECP;DE_GARAN_ECP;GARAN.E;2026-04-30;0.01;0.01;0;0;0;0;0;0;0;0;0;0;0;0;;;;;
2026-04-22;O_GARANE0426C200.00;GARAN_04/2026_AVRUPA_OPSIYON;D_EQ;SSO;D_EQ_ECP;DE_GARAN_ECP;GARAN.E;2026-04-30;0.01;0.01;0;0;0;0;0;0;0;0;0;0;0;0;;;;;
2026-04-22;O_GARANE0426C205.00;GARAN_04/2026_AVRUPA_OPSIYON;D_EQ;SSO;D_EQ_ECP;DE_GARAN_ECP;GARAN.E;2026-04-30;0.01;0.01;0;0;0;0;0;0;0;0;0;0;0;0;;;;;
2026-04-22;O_GARANE0426P100.00;GARAN_04/2026_AVRUPA_OPSIYON;D_EQ;SSO;D_EQ_EPP;DE_GARAN_EPP;GARAN.E;2026-04-30;0.01;0.01;0;0;0;0;0;0;0;0;0;0;0;0;;;;;
2026-04-22;O_GARANE0426P105.00;GARAN_04/2026_AVRUPA_OPSIYON;D_EQ;SSO;D_EQ_EPP;DE_GARAN_EPP;GARAN.E;2026-04-30;0.01;0.01;0;0;0;0;0;0;0;0;0;0;0;0;;;;;
2026-04-22;O_GARANE0426P110.00;GARAN_04/2026_AVRUPA_OPSIYON;D_EQ;SSO;D_EQ_EPP;DE_GARAN_EPP;GARAN.E;2026-04-30;0.01;0.01;0;0;0;0;0;0;0;0;0;0;0;0;;;;;
2026-04-22;O_GARANE0426P115.00;GARAN_04/2026_AVRUPA_OPSIYON;D_EQ;SSO;D_EQ_EPP;DE_GARAN_EPP;GARAN.E;2026-04-30;0.01;0.01;0;0;0;0;0;0;0;0;0;0;0;0;;;;;
2026-04-22;O_GARANE0426P120.00;GARAN_04/2026_AVRUPA_OPSIYON;D_EQ;SSO;D_EQ_EPP;DE_GARAN_EPP;GARAN.E;2026-04-30;0.02;0.01;100;0;0;0;0;0;0;0;0;0;0;0;;;;;
2026-04-22;O_GARANE0426P125.00;GARAN_04/2026_AVRUPA_OPSIYON;D_EQ;SSO;D_EQ_EPP;DE_GARAN_EPP;GARAN.E;2026-04-30;0.09;0.06;50;0;0;0;0;0;0;0;0;0;0;0;;;;;
2026-04-22;O_GARANE0426P130.00;GARAN_04/2026_AVRUPA_OPSIYON;D_EQ;SSO;D_EQ_EPP;DE_GARAN_EPP;GARAN.E;2026-04-30;0.31;0.24;29.17;0;0;0;0;0;0;0;0;0;61;0;;;;;
2026-04-22;O_GARANE0426P135.00;GARAN_04/2026_AVRUPA_OPSIYON;D_EQ;SSO;D_EQ_EPP;DE_GARAN_EPP;GARAN.E;2026-04-30;1;0.78;28.21;0;0;0;0;0;0;0;0;0;1160;0;;;;;
2026-04-22;O_GARANE0426P140.00;GARAN_04/2026_AVRUPA_OPSIYON;D_EQ;SSO;D_EQ_EPP;DE_GARAN_EPP;GARAN.E;2026-04-30;2.72;2.07;31.4;2.57;2.57;2.57;2.57;2.57;840000;15420;60;2;831;-60;;;;;
2026-04-22;O_GARANE0426P145.00;GARAN_04/2026_AVRUPA_OPSIYON;D_EQ;SSO;D_EQ_EPP;DE_GARAN_EPP;GARAN.E;2026-04-30;5.78;4.47;29.31;0;0;0;0;0;0;0;0;0;10;0;;;;;
2026-04-22;O_GARANE0426P150.00;GARAN_04/2026_AVRUPA_OPSIYON;D_EQ;SSO;D_EQ_EPP;DE_GARAN_EPP;GARAN.E;2026-04-30;9.89;7.94;24.56;0;0;0;0;0;0;0;0;0;2155;0;;;;;
2026-04-22;O_GARANE0426P155.00;GARAN_04/2026_AVRUPA_OPSIYON;D_EQ;SSO;D_EQ_EPP;DE_GARAN_EPP;GARAN.E;2026-04-30;14.53;12.25;18.61;0;0;0;0;0;0;0;0;0;0;0;;;;;
2026-04-22;O_GARANE0426P160.00;GARAN_04/2026_AVRUPA_OPSIYON;D_EQ;SSO;D_EQ_EPP;DE_GARAN_EPP;GARAN.E;2026-04-30;19.37;16.91;14.55;0;0;0;0;0;0;0;0;0;0;0;;;;;
2026-04-22;O_GARANE0426P165.00;GARAN_04/2026_AVRUPA_OPSIYON;D_EQ;SSO;D_EQ_EPP;DE_GARAN_EPP;GARAN.E;2026-04-30;24.27;21.75;11.59;0;0;0;0;0;0;0;0;0;0;0;;;;;
2026-04-22;O_GARANE0426P170.00;GARAN_04/2026_AVRUPA_OPSIYON;D_EQ;SSO;D_EQ_EPP;DE_GARAN_EPP;GARAN.E;2026-04-30;29.21;26.65;9.61;0;0;0;0;0;0;0;0;0;0;0;;;;;
2026-04-22;O_GARANE0426P175.00;GARAN_04/2026_AVRUPA_OPSIYON;D_EQ;SSO;D_EQ_EPP;DE_GARAN_EPP;GARAN.E;2026-04-30;34.16;31.58;8.17;0;0;0;0;0;0;0;0;0;0;0;;;;;
2026-04-22;O_GARANE0426P180.00;GARAN_04/2026_AVRUPA_OPSIYON;D_EQ;SSO;D_EQ_EPP;DE_GARAN_EPP;GARAN.E;2026-04-30;39.11;36.53;7.06;0;0;0;0;0;0;0;0;0;0;0;;;;;
2026-04-22;O_GARANE0526C125.00;GARAN_05/2026_AVRUPA_OPSIYON;D_EQ;SSO;D_EQ_ECP;DE_GARAN_ECP;GARAN.E;2026-05-25;19.99;21.96;-8.97;0;0;0;0;0;0;0;0;0;0;0;;;;;
2026-04-22;O_GARANE0526C130.00;GARAN_05/2026_AVRUPA_OPSIYON;D_EQ;SSO;D_EQ_ECP;DE_GARAN_ECP;GARAN.E;2026-05-25;15.86;17.8;-10.9;0;0;0;0;0;0;0;0;0;0;0;;;;;
2026-04-22;O_GARANE0526C135.00;GARAN_05/2026_AVRUPA_OPSIYON;D_EQ;SSO;D_EQ_ECP;DE_GARAN_ECP;GARAN.E;2026-05-25;12.03;14;-14.07;0;0;0;0;0;0;0;0;0;0;0;;;;;
2026-04-22;O_GARANE0526C140.00;GARAN_05/2026_AVRUPA_OPSIYON;D_EQ;SSO;D_EQ_ECP;DE_GARAN_ECP;GARAN.E;2026-05-25;8.83;10.53;-16.14;0;0;0;0;0;0;0;0;0;0;0;;;;;
2026-04-22;O_GARANE0526C145.00;GARAN_05/2026_AVRUPA_OPSIYON;D_EQ;SSO;D_EQ_ECP;DE_GARAN_ECP;GARAN.E;2026-05-25;6.33;7.88;-19.67;0;0;0;0;0;0;0;0;0;0;0;;;;;
2026-04-22;O_GARANE0526C150.00;GARAN_05/2026_AVRUPA_OPSIYON;D_EQ;SSO;D_EQ_ECP;DE_GARAN_ECP;GARAN.E;2026-05-25;4.54;5.78;-21.45;0;0;0;0;0;0;0;0;0;0;0;;;;;
2026-04-22;O_GARANE0526C155.00;GARAN_05/2026_AVRUPA_OPSIYON;D_EQ;SSO;D_EQ_ECP;DE_GARAN_ECP;GARAN.E;2026-05-25;3.46;4.18;-17.22;0;0;0;0;0;0;0;0;0;0;0;;;;;
2026-04-22;O_GARANE0526C160.00;GARAN_05/2026_AVRUPA_OPSIYON;D_EQ;SSO;D_EQ_ECP;DE_GARAN_ECP;GARAN.E;2026-05-25;2.76;3.25;-15.08;0;0;0;0;0;0;0;0;0;0;0;;;;;
2026-04-22;O_GARANE0526C165.00;GARAN_05/2026_AVRUPA_OPSIYON;D_EQ;SSO;D_EQ_ECP;DE_GARAN_ECP;GARAN.E;2026-05-25;2.26;2.58;-12.4;0;0;0;0;0;0;0;0;0;0;0;;;;;
2026-04-22;O_GARANE0526C170.00;GARAN_05/2026_AVRUPA_OPSIYON;D_EQ;SSO;D_EQ_ECP;DE_GARAN_ECP;GARAN.E;2026-05-25;1.9;2.09;-9.09;0;0;0;0;0;0;0;0;0;0;0;;;;;
2026-04-22;O_GARANE0526C175.00;GARAN_05/2026_AVRUPA_OPSIYON;D_EQ;SSO;D_EQ_ECP;DE_GARAN_ECP;GARAN.E;2026-05-25;1.64;1.73;-5.2;0;0;0;0;0;0;0;0;0;0;0;;;;;
2026-04-22;O_GARANE0526C180.00;GARAN_05/2026_AVRUPA_OPSIYON;D_EQ;SSO;D_EQ_ECP;DE_GARAN_ECP;GARAN.E;2026-05-25;1.45;1.46;-0.68;0;0;0;0;0;0;0;0;0;0;0;;;;;
2026-04-22;O_GARANE0526C185.00;GARAN_05/2026_AVRUPA_OPSIYON;D_EQ;SSO;D_EQ_ECP;DE_GARAN_ECP;GARAN.E;2026-05-25;1.09;1.26;-13.49;0;0;0;0;0;0;0;0;0;0;0;;;;;
2026-04-22;O_GARANE0526C190.00;GARAN_05/2026_AVRUPA_OPSIYON;D_EQ;SSO;D_EQ_ECP;DE_GARAN_ECP;GARAN.E;2026-05-25;0.79;1.07;-26.17;0;0;0;0;0;0;0;0;0;0;0;;;;;
2026-04-22;O_GARANE0526C195.00;GARAN_05/2026_AVRUPA_OPSIYON;D_EQ;SSO;D_EQ_ECP;DE_GARAN_ECP;GARAN.E;2026-05-25;0.57;0.79;-27.85;0;0;0;0;0;0;0;0;0;0;0;;;;;
2026-04-22;O_GARANE0526C200.00;GARAN_05/2026_AVRUPA_OPSIYON;D_EQ;SSO;D_EQ_ECP;DE_GARAN_ECP;GARAN.E;2026-05-25;0.41;0.57;-28.07;0;0;0;0;0;0;0;0;0;0;0;;;;;
2026-04-22;O_GARANE0526P100.00;GARAN_05/2026_AVRUPA_OPSIYON;D_EQ;SSO;D_EQ_EPP;DE_GARAN_EPP;GARAN.E;2026-05-25;0.13;0.01;1200;0;0;0;0;0;0;0;0;0;0;0;;;;;
2026-04-22;O_GARANE0526P105.00;GARAN_05/2026_AVRUPA_OPSIYON;D_EQ;SSO;D_EQ_EPP;DE_GARAN_EPP;GARAN.E;2026-05-25;0.21;0.03;600;0;0;0;0;0;0;0;0;0;0;0;;;;;
2026-04-22;O_GARANE0526P110.00;GARAN_05/2026_AVRUPA_OPSIYON;D_EQ;SSO;D_EQ_EPP;DE_GARAN_EPP;GARAN.E;2026-05-25;0.35;0.08;337.5;0;0;0;0;0;0;0;0;0;0;0;;;;;
2026-04-22;O_GARANE0526P115.00;GARAN_05/2026_AVRUPA_OPSIYON;D_EQ;SSO;D_EQ_EPP;DE_GARAN_EPP;GARAN.E;2026-05-25;0.56;0.19;194.74;0;0;0;0;0;0;0;0;0;0;0;;;;;
2026-04-22;O_GARANE0526P120.00;GARAN_05/2026_AVRUPA_OPSIYON;D_EQ;SSO;D_EQ_EPP;DE_GARAN_EPP;GARAN.E;2026-05-25;0.89;0.41;117.07;0;0;0;0;0;0;0;0;0;0;0;;;;;
2026-04-22;O_GARANE0526P125.00;GARAN_05/2026_AVRUPA_OPSIYON;D_EQ;SSO;D_EQ_EPP;DE_GARAN_EPP;GARAN.E;2026-05-25;1.36;0.81;67.9;0;0;0;0;0;0;0;0;0;0;0;;;;;
2026-04-22;O_GARANE0526P130.00;GARAN_05/2026_AVRUPA_OPSIYON;D_EQ;SSO;D_EQ_EPP;DE_GARAN_EPP;GARAN.E;2026-05-25;2.07;1.48;39.86;0;0;0;0;0;0;0;0;0;0;0;;;;;
2026-04-22;O_GARANE0526P135.00;GARAN_05/2026_AVRUPA_OPSIYON;D_EQ;SSO;D_EQ_EPP;DE_GARAN_EPP;GARAN.E;2026-05-25;3.07;2.5;22.8;0;0;0;0;0;0;0;0;0;100;0;;;;;
2026-04-22;O_GARANE0526P140.00;GARAN_05/2026_AVRUPA_OPSIYON;D_EQ;SSO;D_EQ_EPP;DE_GARAN_EPP;GARAN.E;2026-05-25;4.7;3.86;21.76;0;0;0;0;0;0;0;0;0;0;0;;;;;
2026-04-22;O_GARANE0526P145.00;GARAN_05/2026_AVRUPA_OPSIYON;D_EQ;SSO;D_EQ_EPP;DE_GARAN_EPP;GARAN.E;2026-05-25;7.04;6.04;16.56;0;0;0;0;0;0;0;0;0;0;0;;;;;
2026-04-22;O_GARANE0526P150.00;GARAN_05/2026_AVRUPA_OPSIYON;D_EQ;SSO;D_EQ_EPP;DE_GARAN_EPP;GARAN.E;2026-05-25;10.07;8.76;14.95;0;0;0;0;0;0;0;0;0;0;0;;;;;
2026-04-22;O_GARANE0526P155.00;GARAN_05/2026_AVRUPA_OPSIYON;D_EQ;SSO;D_EQ_EPP;DE_GARAN_EPP;GARAN.E;2026-05-25;13.82;11.99;15.26;0;0;0;0;0;0;0;0;0;77;0;;;;;
2026-04-22;O_GARANE0526P160.00;GARAN_05/2026_AVRUPA_OPSIYON;D_EQ;SSO;D_EQ_EPP;DE_GARAN_EPP;GARAN.E;2026-05-25;17.96;15.88;13.1;0;0;0;0;0;0;0;0;0;0;0;;;;;
2026-04-22;O_GARANE0526P165.00;GARAN_05/2026_AVRUPA_OPSIYON;D_EQ;SSO;D_EQ_EPP;DE_GARAN_EPP;GARAN.E;2026-05-25;22.29;20.04;11.23;0;0;0;0;0;0;0;0;0;0;0;;;;;
2026-04-22;O_GARANE0526P170.00;GARAN_05/2026_AVRUPA_OPSIYON;D_EQ;SSO;D_EQ_EPP;DE_GARAN_EPP;GARAN.E;2026-05-25;26.76;24.38;9.76;0;0;0;0;0;0;0;0;0;0;0;;;;;
2026-04-22;O_GARANE0526P175.00;GARAN_05/2026_AVRUPA_OPSIYON;D_EQ;SSO;D_EQ_EPP;DE_GARAN_EPP;GARAN.E;2026-05-25;31.33;28.84;8.63;0;0;0;0;0;0;0;0;0;0;0;;;;;
2026-04-22;O_GARANE0626C135.00;GARAN_06/2026_AVRUPA_OPSIYON;D_EQ;SSO;D_EQ_ECP;DE_GARAN_ECP;GARAN.E;2026-06-30;20.11;21.19;-5.1;0;0;0;0;0;0;0;0;0;0;0;;;;;
2026-04-22;O_GARANE0626C140.00;GARAN_06/2026_AVRUPA_OPSIYON;D_EQ;SSO;D_EQ_ECP;DE_GARAN_ECP;GARAN.E;2026-06-30;16.69;17.81;-6.29;0;0;0;0;0;0;0;0;0;0;0;;;;;
2026-04-22;O_GARANE0626C145.00;GARAN_06/2026_AVRUPA_OPSIYON;D_EQ;SSO;D_EQ_ECP;DE_GARAN_ECP;GARAN.E;2026-06-30;13.93;15.1;-7.75;0;0;0;0;0;0;0;0;0;0;0;;;;;
2026-04-22;O_GARANE0626C150.00;GARAN_06/2026_AVRUPA_OPSIYON;D_EQ;SSO;D_EQ_ECP;DE_GARAN_ECP;GARAN.E;2026-06-30;11.67;12.79;-8.76;0;0;0;0;0;0;0;0;0;0;0;;;;;
2026-04-22;O_GARANE0626C155.00;GARAN_06/2026_AVRUPA_OPSIYON;D_EQ;SSO;D_EQ_ECP;DE_GARAN_ECP;GARAN.E;2026-06-30;9.93;10.86;-8.56;0;0;0;0;0;0;0;0;0;0;0;;;;;
2026-04-22;O_GARANE0626C160.00;GARAN_06/2026_AVRUPA_OPSIYON;D_EQ;SSO;D_EQ_ECP;DE_GARAN_ECP;GARAN.E;2026-06-30;8.88;9.65;-7.98;0;0;0;0;0;0;0;0;0;0;0;;;;;
2026-04-22;O_GARANE0626C165.00;GARAN_06/2026_AVRUPA_OPSIYON;D_EQ;SSO;D_EQ_ECP;DE_GARAN_ECP;GARAN.E;2026-06-30;8.06;8.59;-6.17;0;0;0;0;0;0;0;0;0;0;0;;;;;
2026-04-22;O_GARANE0626C170.00;GARAN_06/2026_AVRUPA_OPSIYON;D_EQ;SSO;D_EQ_ECP;DE_GARAN_ECP;GARAN.E;2026-06-30;7.42;7.73;-4.01;0;0;0;0;0;0;0;0;0;0;0;;;;;
2026-04-22;O_GARANE0626C175.00;GARAN_06/2026_AVRUPA_OPSIYON;D_EQ;SSO;D_EQ_ECP;DE_GARAN_ECP;GARAN.E;2026-06-30;6.91;7.04;-1.85;0;0;0;0;0;0;0;0;0;0;0;;;;;
2026-04-22;O_GARANE0626C180.00;GARAN_06/2026_AVRUPA_OPSIYON;D_EQ;SSO;D_EQ_ECP;DE_GARAN_ECP;GARAN.E;2026-06-30;6.15;6.48;-5.09;0;0;0;0;0;0;0;0;0;0;0;;;;;
2026-04-22;O_GARANE0626C185.00;GARAN_06/2026_AVRUPA_OPSIYON;D_EQ;SSO;D_EQ_ECP;DE_GARAN_ECP;GARAN.E;2026-06-30;5.22;6.02;-13.29;0;0;0;0;0;0;0;0;0;0;0;;;;;
2026-04-22;O_GARANE0626C190.00;GARAN_06/2026_AVRUPA_OPSIYON;D_EQ;SSO;D_EQ_ECP;DE_GARAN_ECP;GARAN.E;2026-06-30;4.42;5.13;-13.84;0;0;0;0;0;0;0;0;0;0;0;;;;;
2026-04-22;O_GARANE0626P110.00;GARAN_06/2026_AVRUPA_OPSIYON;D_EQ;SSO;D_EQ_EPP;DE_GARAN_EPP;GARAN.E;2026-06-30;1.39;0.31;348.39;0;0;0;0;0;0;0;0;0;0;0;;;;;
2026-04-22;O_GARANE0626P115.00;GARAN_06/2026_AVRUPA_OPSIYON;D_EQ;SSO;D_EQ_EPP;DE_GARAN_EPP;GARAN.E;2026-06-30;1.78;0.54;229.63;0;0;0;0;0;0;0;0;0;0;0;;;;;
2026-04-22;O_GARANE0626P120.00;GARAN_06/2026_AVRUPA_OPSIYON;D_EQ;SSO;D_EQ_EPP;DE_GARAN_EPP;GARAN.E;2026-06-30;2.26;0.88;156.82;0;0;0;0;0;0;0;0;0;0;0;;;;;
2026-04-22;O_GARANE0626P125.00;GARAN_06/2026_AVRUPA_OPSIYON;D_EQ;SSO;D_EQ_EPP;DE_GARAN_EPP;GARAN.E;2026-06-30;2.86;1.37;108.76;0;0;0;0;0;0;0;0;0;0;0;;;;;
2026-04-22;O_GARANE0626P130.00;GARAN_06/2026_AVRUPA_OPSIYON;D_EQ;SSO;D_EQ_EPP;DE_GARAN_EPP;GARAN.E;2026-06-30;3.58;2.06;73.79;0;0;0;0;0;0;0;0;0;0;0;;;;;
2026-04-22;O_GARANE0626P135.00;GARAN_06/2026_AVRUPA_OPSIYON;D_EQ;SSO;D_EQ_EPP;DE_GARAN_EPP;GARAN.E;2026-06-30;4.47;2.99;49.5;0;0;0;0;0;0;0;0;0;0;0;;;;;
2026-04-22;O_GARANE0626P140.00;GARAN_06/2026_AVRUPA_OPSIYON;D_EQ;SSO;D_EQ_EPP;DE_GARAN_EPP;GARAN.E;2026-06-30;5.63;4.18;34.69;0;0;0;0;0;0;0;0;0;0;0;;;;;
2026-04-22;O_GARANE0626P145.00;GARAN_06/2026_AVRUPA_OPSIYON;D_EQ;SSO;D_EQ_EPP;DE_GARAN_EPP;GARAN.E;2026-06-30;7.45;6.06;22.94;0;0;0;0;0;0;0;0;0;0;0;;;;;
2026-04-22;O_GARANE0626P150.00;GARAN_06/2026_AVRUPA_OPSIYON;D_EQ;SSO;D_EQ_EPP;DE_GARAN_EPP;GARAN.E;2026-06-30;9.77;8.33;17.29;0;0;0;0;0;0;0;0;0;0;0;;;;;
2026-04-22;O_GARANE0626P155.00;GARAN_06/2026_AVRUPA_OPSIYON;D_EQ;SSO;D_EQ_EPP;DE_GARAN_EPP;GARAN.E;2026-06-30;12.62;10.97;15.04;0;0;0;0;0;0;0;0;0;0;0;;;;;
2026-04-22;O_GARANE0626P160.00;GARAN_06/2026_AVRUPA_OPSIYON;D_EQ;SSO;D_EQ_EPP;DE_GARAN_EPP;GARAN.E;2026-06-30;16.16;14.34;12.69;0;0;0;0;0;0;0;0;0;0;0;;;;;
2026-04-22;O_GARANE0626P165.00;GARAN_06/2026_AVRUPA_OPSIYON;D_EQ;SSO;D_EQ_EPP;DE_GARAN_EPP;GARAN.E;2026-06-30;19.92;17.85;11.6;0;0;0;0;0;0;0;0;0;0;0;;;;;
2026-04-22;O_HALKBE0426C35.00;HALKB_04/2026_AVRUPA_OPSIYON;D_EQ;SSO;D_EQ_ECP;DE_HALKB_ECP;HALKB.E;2026-04-30;5.66;6.08;-6.91;0;0;0;0;0;0;0;0;0;251;0;;;;;
2026-04-22;O_HALKBE0426C36.00;HALKB_04/2026_AVRUPA_OPSIYON;D_EQ;SSO;D_EQ_ECP;DE_HALKB_ECP;HALKB.E;2026-04-30;4.69;5.11;-8.22;0;0;0;0;0;0;0;0;0;404;0;;;;;
2026-04-22;O_HALKBE0426C37.00;HALKB_04/2026_AVRUPA_OPSIYON;D_EQ;SSO;D_EQ_ECP;DE_HALKB_ECP;HALKB.E;2026-04-30;3.75;4.17;-10.07;0;0;0;0;0;0;0;0;0;482;0;;;;;
2026-04-22;O_HALKBE0426C38.00;HALKB_04/2026_AVRUPA_OPSIYON;D_EQ;SSO;D_EQ_ECP;DE_HALKB_ECP;HALKB.E;2026-04-30;2.87;3.27;-12.23;0;0;0;0;0;0;0;0;0;4150;0;;;;;
2026-04-22;O_HALKBE0426C39.00;HALKB_04/2026_AVRUPA_OPSIYON;D_EQ;SSO;D_EQ_ECP;DE_HALKB_ECP;HALKB.E;2026-04-30;2.08;2.46;-15.45;0;0;0;0;0;0;0;0;0;915;0;;;;;
2026-04-22;O_HALKBE0426C40.00;HALKB_04/2026_AVRUPA_OPSIYON;D_EQ;SSO;D_EQ_ECP;DE_HALKB_ECP;HALKB.E;2026-04-30;1.42;1.76;-19.32;1.98;1.56;1.99;1.56;1.84;2832000;130055;708;29;180;-208;;;;;
2026-04-22;O_HALKBE0426C41.00;HALKB_04/2026_AVRUPA_OPSIYON;D_EQ;SSO;D_EQ_ECP;DE_HALKB_ECP;HALKB.E;2026-04-30;0.91;1.19;-23.53;1.34;1.21;1.34;1.21;1.25;2595300;78868;633;26;183;32;;;;;
2026-04-22;O_HALKBE0426C42.00;HALKB_04/2026_AVRUPA_OPSIYON;D_EQ;SSO;D_EQ_ECP;DE_HALKB_ECP;HALKB.E;2026-04-30;0.54;0.76;-28.95;0;0;0;0;0;0;0;0;0;64;0;;;;;
2026-04-22;O_HALKBE0426C43.00;HALKB_04/2026_AVRUPA_OPSIYON;D_EQ;SSO;D_EQ_ECP;DE_HALKB_ECP;HALKB.E;2026-04-30;0.3;0.46;-34.78;0;0;0;0;0;0;0;0;0;302;0;;;;;
2026-04-22;O_HALKBE0426C44.00;HALKB_04/2026_AVRUPA_OPSIYON;D_EQ;SSO;D_EQ_ECP;DE_HALKB_ECP;HALKB.E;2026-04-30;0.16;0.26;-38.46;0;0;0;0;0;0;0;0;0;138;0;;;;;
2026-04-22;O_HALKBE0426C45.00;HALKB_04/2026_AVRUPA_OPSIYON;D_EQ;SSO;D_EQ_ECP;DE_HALKB_ECP;HALKB.E;2026-04-30;0.08;0.14;-42.86;0;0;0;0;0;0;0;0;0;161;0;;;;;
2026-04-22;O_HALKBE0426C46.00;HALKB_04/2026_AVRUPA_OPSIYON;D_EQ;SSO;D_EQ_ECP;DE_HALKB_ECP;HALKB.E;2026-04-30;0.04;0.07;-42.86;0;0;0;0;0;0;0;0;0;50;0;;;;;
2026-04-22;O_HALKBE0426C47.00;HALKB_04/2026_AVRUPA_OPSIYON;D_EQ;SSO;D_EQ_ECP;DE_HALKB_ECP;HALKB.E;2026-04-30;0.02;0.04;-50;0;0;0;0;0;0;0;0;0;50;0;;;;;
2026-04-22;O_HALKBE0426C48.00;HALKB_04/2026_AVRUPA_OPSIYON;D_EQ;SSO;D_EQ_ECP;DE_HALKB_ECP;HALKB.E;2026-04-30;0.01;0.02;-50;0;0;0;0;0;0;0;0;0;35;0;;;;;
2026-04-22;O_HALKBE0426C49.00;HALKB_04/2026_AVRUPA_OPSIYON;D_EQ;SSO;D_EQ_ECP;DE_HALKB_ECP;HALKB.E;2026-04-30;0.01;0.01;0;0;0;0;0;0;0;0;0;0;25;0;;;;;
2026-04-22;O_HALKBE0426C50.00;HALKB_04/2026_AVRUPA_OPSIYON;D_EQ;SSO;D_EQ_ECP;DE_HALKB_ECP;HALKB.E;2026-04-30;0.01;0.01;0;0;0;0;0;0;0;0;0;0;245;0;;;;;
2026-04-22;O_HALKBE0426C52.00;HALKB_04/2026_AVRUPA_OPSIYON;D_EQ;SSO;D_EQ_ECP;DE_HALKB_ECP;HALKB.E;2026-04-30;0.01;0.01;0;0;0;0;0;0;0;0;0;0;100;0;;;;;
2026-04-22;O_HALKBE0426C54.00;HALKB_04/2026_AVRUPA_OPSIYON;D_EQ;SSO;D_EQ_ECP;DE_HALKB_ECP;HALKB.E;2026-04-30;0.01;0.01;0;0;0;0;0;0;0;0;0;0;130;0;;;;;
2026-04-22;O_HALKBE0426C56.00;HALKB_04/2026_AVRUPA_OPSIYON;D_EQ;SSO;D_EQ_ECP;DE_HALKB_ECP;HALKB.E;2026-04-30;0.01;0.01;0;0;0;0;0;0;0;0;0;0;25;0;;;;;
2026-04-22;O_HALKBE0426C58.00;HALKB_04/2026_AVRUPA_OPSIYON;D_EQ;SSO;D_EQ_ECP;DE_HALKB_ECP;HALKB.E;2026-04-30;0.01;0.01;0;0;0;0;0;0;0;0;0;0;25;0;;;;;
2026-04-22;O_HALKBE0426C60.00;HALKB_04/2026_AVRUPA_OPSIYON;D_EQ;SSO;D_EQ_ECP;DE_HALKB_ECP;HALKB.E;2026-04-30;0.01;0.01;0;0;0;0;0;0;0;0;0;0;400;0;;;;;
2026-04-22;O_HALKBE0426C62.00;HALKB_04/2026_AVRUPA_OPSIYON;D_EQ;SSO;D_EQ_ECP;DE_HALKB_ECP;HALKB.E;2026-04-30;0.01;0.01;0;0;0;0;0;0;0;0;0;0;0;0;;;;;
2026-04-22;O_HALKBE0426C64.00;HALKB_04/2026_AVRUPA_OPSIYON;D_EQ;SSO;D_EQ_ECP;DE_HALKB_ECP;HALKB.E;2026-04-30;0.01;0.01;0;0;0;0;0;0;0;0;0;0;0;0;;;;;
2026-04-22;O_HALKBE0426C66.00;HALKB_04/2026_AVRUPA_OPSIYON;D_EQ;SSO;D_EQ_ECP;DE_HALKB_ECP;HALKB.E;2026-04-30;0.01;0.01;0;0;0;0;0;0;0;0;0;0;0;0;;;;;
2026-04-22;O_HALKBE0426P30.00;HALKB_04/2026_AVRUPA_OPSIYON;D_EQ;SSO;D_EQ_EPP;DE_HALKB_EPP;HALKB.E;2026-04-30;0.01;0.01;0;0;0;0;0;0;0;0;0;0;0;0;;;;;
2026-04-22;O_HALKBE0426P31.00;HALKB_04/2026_AVRUPA_OPSIYON;D_EQ;SSO;D_EQ_EPP;DE_HALKB_EPP;HALKB.E;2026-04-30;0.01;0.01;0;0;0;0;0;0;0;0;0;0;0;0;;;;;
2026-04-22;O_HALKBE0426P32.00;HALKB_04/2026_AVRUPA_OPSIYON;D_EQ;SSO;D_EQ_EPP;DE_HALKB_EPP;HALKB.E;2026-04-30;0.01;0.01;0;0;0;0;0;0;0;0;0;0;104;0;;;;;
2026-04-22;O_HALKBE0426P33.00;HALKB_04/2026_AVRUPA_OPSIYON;D_EQ;SSO;D_EQ_EPP;DE_HALKB_EPP;HALKB.E;2026-04-30;0.01;0.01;0;0;0;0;0;0;0;0;0;0;372;0;;;;;
2026-04-22;O_HALKBE0426P34.00;HALKB_04/2026_AVRUPA_OPSIYON;D_EQ;SSO;D_EQ_EPP;DE_HALKB_EPP;HALKB.E;2026-04-30;0.01;0.01;0;0;0;0;0;0;0;0;0;0;361;0;;;;;
2026-04-22;O_HALKBE0426P35.00;HALKB_04/2026_AVRUPA_OPSIYON;D_EQ;SSO;D_EQ_EPP;DE_HALKB_EPP;HALKB.E;2026-04-30;0.01;0.01;0;0;0;0;0;0;0;0;0;0;250;0;;;;;
2026-04-22;O_HALKBE0426P36.00;HALKB_04/2026_AVRUPA_OPSIYON;D_EQ;SSO;D_EQ_EPP;DE_HALKB_EPP;HALKB.E;2026-04-30;0.03;0.03;0;0;0;0;0;0;0;0;0;0;5640;0;;;;;
2026-04-22;O_HALKBE0426P37.00;HALKB_04/2026_AVRUPA_OPSIYON;D_EQ;SSO;D_EQ_EPP;DE_HALKB_EPP;HALKB.E;2026-04-30;0.08;0.08;0;0;0;0;0;0;0;0;0;0;225;0;;;;;
2026-04-22;O_HALKBE0426P38.00;HALKB_04/2026_AVRUPA_OPSIYON;D_EQ;SSO;D_EQ_EPP;DE_HALKB_EPP;HALKB.E;2026-04-30;0.19;0.18;5.56;0;0;0;0;0;0;0;0;0;1031;0;;;;;
2026-04-22;O_HALKBE0426P39.00;HALKB_04/2026_AVRUPA_OPSIYON;D_EQ;SSO;D_EQ_EPP;DE_HALKB_EPP;HALKB.E;2026-04-30;0.4;0.36;11.11;0;0;0;0;0;0;0;0;0;28;0;;;;;
2026-04-22;O_HALKBE0426P40.00;HALKB_04/2026_AVRUPA_OPSIYON;D_EQ;SSO;D_EQ_EPP;DE_HALKB_EPP;HALKB.E;2026-04-30;0.73;0.65;12.31;0.56;0.56;0.56;0.56;0.56;300000;4200;75;3;325;-75;;;;;
2026-04-22;O_HALKBE0426P41.00;HALKB_04/2026_AVRUPA_OPSIYON;D_EQ;SSO;D_EQ_EPP;DE_HALKB_EPP;HALKB.E;2026-04-30;1.21;1.07;13.08;0.91;0.91;1.35;1.35;1.11;922500;24875;225;9;1041;-225;;;;;
2026-04-22;O_HALKBE0426P42.00;HALKB_04/2026_AVRUPA_OPSIYON;D_EQ;SSO;D_EQ_EPP;DE_HALKB_EPP;HALKB.E;2026-04-30;1.83;1.63;12.27;1.41;1.41;1.41;1.41;1.41;621600;20868;148;6;177;-148;;;;;
2026-04-22;O_HALKBE0426P43.00;HALKB_04/2026_AVRUPA_OPSIYON;D_EQ;SSO;D_EQ_EPP;DE_HALKB_EPP;HALKB.E;2026-04-30;2.58;2.32;11.21;2.07;2.07;2.07;2.07;2.07;752500;36225;175;7;150;43;;;;;
2026-04-22;O_HALKBE0426P44.00;HALKB_04/2026_AVRUPA_OPSIYON;D_EQ;SSO;D_EQ_EPP;DE_HALKB_EPP;HALKB.E;2026-04-30;3.43;3.11;10.29;0;0;0;0;0;0;0;0;0;50;0;;;;;
2026-04-22;O_HALKBE0426P45.00;HALKB_04/2026_AVRUPA_OPSIYON;D_EQ;SSO;D_EQ_EPP;DE_HALKB_EPP;HALKB.E;2026-04-30;4.34;3.98;9.05;0;0;0;0;0;0;0;0;0;693;0;;;;;
2026-04-22;O_HALKBE0426P46.00;HALKB_04/2026_AVRUPA_OPSIYON;D_EQ;SSO;D_EQ_EPP;DE_HALKB_EPP;HALKB.E;2026-04-30;5.29;4.91;7.74;0;0;0;0;0;0;0;0;0;150;0;;;;;
2026-04-22;O_HALKBE0426P47.00;HALKB_04/2026_AVRUPA_OPSIYON;D_EQ;SSO;D_EQ_EPP;DE_HALKB_EPP;HALKB.E;2026-04-30;6.27;5.86;7;0;0;0;0;0;0;0;0;0;50;0;;;;;
2026-04-22;O_HALKBE0426P48.00;HALKB_04/2026_AVRUPA_OPSIYON;D_EQ;SSO;D_EQ_EPP;DE_HALKB_EPP;HALKB.E;2026-04-30;7.25;6.83;6.15;0;0;0;0;0;0;0;0;0;50;0;;;;;
2026-04-22;O_HALKBE0426P49.00;HALKB_04/2026_AVRUPA_OPSIYON;D_EQ;SSO;D_EQ_EPP;DE_HALKB_EPP;HALKB.E;2026-04-30;8.24;7.81;5.51;0;0;0;0;0;0;0;0;0;125;0;;;;;
2026-04-22;O_HALKBE0426P50.00;HALKB_04/2026_AVRUPA_OPSIYON;D_EQ;SSO;D_EQ_EPP;DE_HALKB_EPP;HALKB.E;2026-04-30;9.23;8.8;4.89;0;0;0;0;0;0;0;0;0;100;0;;;;;
2026-04-22;O_HALKBE0426P52.00;HALKB_04/2026_AVRUPA_OPSIYON;D_EQ;SSO;D_EQ_EPP;DE_HALKB_EPP;HALKB.E;2026-04-30;11.21;10.78;3.99;0;0;0;0;0;0;0;0;0;100;0;;;;;
2026-04-22;O_HALKBE0426P54.00;HALKB_04/2026_AVRUPA_OPSIYON;D_EQ;SSO;D_EQ_EPP;DE_HALKB_EPP;HALKB.E;2026-04-30;13.19;12.76;3.37;0;0;0;0;0;0;0;0;0;50;0;;;;;
2026-04-22;O_HALKBE0426P56.00;HALKB_04/2026_AVRUPA_OPSIYON;D_EQ;SSO;D_EQ_EPP;DE_HALKB_EPP;HALKB.E;2026-04-30;15.18;14.74;2.99;0;0;0;0;0;0;0;0;0;50;0;;;;;
2026-04-22;O_HALKBE0526C36.00;HALKB_05/2026_AVRUPA_OPSIYON;D_EQ;SSO;D_EQ_ECP;DE_HALKB_ECP;HALKB.E;2026-05-25;5.92;6.31;-6.18;0;0;0;0;0;0;0;0;0;0;0;;;;;
2026-04-22;O_HALKBE0526C37.00;HALKB_05/2026_AVRUPA_OPSIYON;D_EQ;SSO;D_EQ_ECP;DE_HALKB_ECP;HALKB.E;2026-05-25;5.11;5.5;-7.09;0;0;0;0;0;0;0;0;0;0;0;;;;;
2026-04-22;O_HALKBE0526C38.00;HALKB_05/2026_AVRUPA_OPSIYON;D_EQ;SSO;D_EQ_ECP;DE_HALKB_ECP;HALKB.E;2026-05-25;4.36;4.74;-8.02;0;0;0;0;0;0;0;0;0;100;0;;;;;
2026-04-22;O_HALKBE0526C39.00;HALKB_05/2026_AVRUPA_OPSIYON;D_EQ;SSO;D_EQ_ECP;DE_HALKB_ECP;HALKB.E;2026-05-25;3.67;4.03;-8.93;0;0;0;0;0;0;0;0;0;25;0;;;;;
2026-04-22;O_HALKBE0526C40.00;HALKB_05/2026_AVRUPA_OPSIYON;D_EQ;SSO;D_EQ_ECP;DE_HALKB_ECP;HALKB.E;2026-05-25;3.05;3.38;-9.76;0;0;0;0;0;0;0;0;0;0;0;;;;;
2026-04-22;O_HALKBE0526C41.00;HALKB_05/2026_AVRUPA_OPSIYON;D_EQ;SSO;D_EQ_ECP;DE_HALKB_ECP;HALKB.E;2026-05-25;2.5;2.81;-11.03;0;0;0;0;0;0;0;0;0;0;0;;;;;
2026-04-22;O_HALKBE0526C42.00;HALKB_05/2026_AVRUPA_OPSIYON;D_EQ;SSO;D_EQ_ECP;DE_HALKB_ECP;HALKB.E;2026-05-25;2.02;2.3;-12.17;0;0;0;0;0;0;0;0;0;5;0;;;;;
2026-04-22;O_HALKBE0526C43.00;HALKB_05/2026_AVRUPA_OPSIYON;D_EQ;SSO;D_EQ_ECP;DE_HALKB_ECP;HALKB.E;2026-05-25;1.61;1.86;-13.44;0;0;0;0;0;0;0;0;0;0;0;;;;;
2026-04-22;O_HALKBE0526C44.00;HALKB_05/2026_AVRUPA_OPSIYON;D_EQ;SSO;D_EQ_ECP;DE_HALKB_ECP;HALKB.E;2026-05-25;1.28;1.49;-14.09;0;0;0;0;0;0;0;0;0;0;0;;;;;
2026-04-22;O_HALKBE0526C45.00;HALKB_05/2026_AVRUPA_OPSIYON;D_EQ;SSO;D_EQ_ECP;DE_HALKB_ECP;HALKB.E;2026-05-25;1;1.19;-15.97;0;0;0;0;0;0;0;0;0;1000;0;;;;;
2026-04-22;O_HALKBE0526C46.00;HALKB_05/2026_AVRUPA_OPSIYON;D_EQ;SSO;D_EQ_ECP;DE_HALKB_ECP;HALKB.E;2026-05-25;0.78;0.94;-17.02;0;0;0;0;0;0;0;0;0;0;0;;;;;
2026-04-22;O_HALKBE0526C47.00;HALKB_05/2026_AVRUPA_OPSIYON;D_EQ;SSO;D_EQ_ECP;DE_HALKB_ECP;HALKB.E;2026-05-25;0.6;0.74;-18.92;0;0;0;0;0;0;0;0;0;0;0;;;;;
2026-04-22;O_HALKBE0526C48.00;HALKB_05/2026_AVRUPA_OPSIYON;D_EQ;SSO;D_EQ_ECP;DE_HALKB_ECP;HALKB.E;2026-05-25;0.46;0.57;-19.3;0;0;0;0;0;0;0;0;0;0;0;;;;;
2026-04-22;O_HALKBE0526C49.00;HALKB_05/2026_AVRUPA_OPSIYON;D_EQ;SSO;D_EQ_ECP;DE_HALKB_ECP;HALKB.E;2026-05-25;0.35;0.44;-20.45;0;0;0;0;0;0;0;0;0;0;0;;;;;
2026-04-22;O_HALKBE0526C50.00;HALKB_05/2026_AVRUPA_OPSIYON;D_EQ;SSO;D_EQ_ECP;DE_HALKB_ECP;HALKB.E;2026-05-25;0.26;0.34;-23.53;0;0;0;0;0;0;0;0;0;0;0;;;;;
2026-04-22;O_HALKBE0526C52.00;HALKB_05/2026_AVRUPA_OPSIYON;D_EQ;SSO;D_EQ_ECP;DE_HALKB_ECP;HALKB.E;2026-05-25;0.15;0.19;-21.05;0;0;0;0;0;0;0;0;0;0;0;;;;;
2026-04-22;O_HALKBE0526C54.00;HALKB_05/2026_AVRUPA_OPSIYON;D_EQ;SSO;D_EQ_ECP;DE_HALKB_ECP;HALKB.E;2026-05-25;0.08;0.11;-27.27;0;0;0;0;0;0;0;0;0;0;0;;;;;
2026-04-22;O_HALKBE0526C56.00;HALKB_05/2026_AVRUPA_OPSIYON;D_EQ;SSO;D_EQ_ECP;DE_HALKB_ECP;HALKB.E;2026-05-25;0.04;0.06;-33.33;0;0;0;0;0;0;0;0;0;0;0;;;;;
2026-04-22;O_HALKBE0526C58.00;HALKB_05/2026_AVRUPA_OPSIYON;D_EQ;SSO;D_EQ_ECP;DE_HALKB_ECP;HALKB.E;2026-05-25;0.02;0.03;-33.33;0;0;0;0;0;0;0;0;0;0;0;;;;;
2026-04-22;O_HALKBE0526C60.00;HALKB_05/2026_AVRUPA_OPSIYON;D_EQ;SSO;D_EQ_ECP;DE_HALKB_ECP;HALKB.E;2026-05-25;0.01;0.02;-50;0;0;0;0;0;0;0;0;0;0;0;;;;;
2026-04-22;O_HALKBE0526C62.00;HALKB_05/2026_AVRUPA_OPSIYON;D_EQ;SSO;D_EQ_ECP;DE_HALKB_ECP;HALKB.E;2026-05-25;0.01;0.01;0;0;0;0;0;0;0;0;0;0;0;0;;;;;
2026-04-22;O_HALKBE0526C64.00;HALKB_05/2026_AVRUPA_OPSIYON;D_EQ;SSO;D_EQ_ECP;DE_HALKB_ECP;HALKB.E;2026-05-25;0.01;0.01;0;0;0;0;0;0;0;0;0;0;0;0;;;;;
2026-04-22;O_HALKBE0526C66.00;HALKB_05/2026_AVRUPA_OPSIYON;D_EQ;SSO;D_EQ_ECP;DE_HALKB_ECP;HALKB.E;2026-05-25;0.01;0.01;0;0;0;0;0;0;0;0;0;0;0;0;;;;;
2026-04-22;O_HALKBE0526P31.00;HALKB_05/2026_AVRUPA_OPSIYON;D_EQ;SSO;D_EQ_EPP;DE_HALKB_EPP;HALKB.E;2026-05-25;0.03;0.03;0;0;0;0;0;0;0;0;0;0;0;0;;;;;
2026-04-22;O_HALKBE0526P32.00;HALKB_05/2026_AVRUPA_OPSIYON;D_EQ;SSO;D_EQ_EPP;DE_HALKB_EPP;HALKB.E;2026-05-25;0.05;0.05;0;0;0;0;0;0;0;0;0;0;0;0;;;;;
2026-04-22;O_HALKBE0526P33.00;HALKB_05/2026_AVRUPA_OPSIYON;D_EQ;SSO;D_EQ_EPP;DE_HALKB_EPP;HALKB.E;2026-05-25;0.08;0.08;0;0;0;0;0;0;0;0;0;0;0;0;;;;;
2026-04-22;O_HALKBE0526P34.00;HALKB_05/2026_AVRUPA_OPSIYON;D_EQ;SSO;D_EQ_EPP;DE_HALKB_EPP;HALKB.E;2026-05-25;0.14;0.13;7.69;0;0;0;0;0;0;0;0;0;0;0;;;;;
2026-04-22;O_HALKBE0526P35.00;HALKB_05/2026_AVRUPA_OPSIYON;D_EQ;SSO;D_EQ_EPP;DE_HALKB_EPP;HALKB.E;2026-05-25;0.22;0.21;4.76;0;0;0;0;0;0;0;0;0;0;0;;;;;
2026-04-22;O_HALKBE0526P36.00;HALKB_05/2026_AVRUPA_OPSIYON;D_EQ;SSO;D_EQ_EPP;DE_HALKB_EPP;HALKB.E;2026-05-25;0.34;0.32;6.25;0;0;0;0;0;0;0;0;0;0;0;;;;;
2026-04-22;O_HALKBE0526P37.00;HALKB_05/2026_AVRUPA_OPSIYON;D_EQ;SSO;D_EQ_EPP;DE_HALKB_EPP;HALKB.E;2026-05-25;0.5;0.47;6.38;0;0;0;0;0;0;0;0;0;0;0;;;;;
2026-04-22;O_HALKBE0526P38.00;HALKB_05/2026_AVRUPA_OPSIYON;D_EQ;SSO;D_EQ_EPP;DE_HALKB_EPP;HALKB.E;2026-05-25;0.72;0.67;7.46;0;0;0;0;0;0;0;0;0;0;0;;;;;
2026-04-22;O_HALKBE0526P39.00;HALKB_05/2026_AVRUPA_OPSIYON;D_EQ;SSO;D_EQ_EPP;DE_HALKB_EPP;HALKB.E;2026-05-25;0.99;0.93;6.45;0;0;0;0;0;0;0;0;0;0;0;;;;;
2026-04-22;O_HALKBE0526P40.00;HALKB_05/2026_AVRUPA_OPSIYON;D_EQ;SSO;D_EQ_EPP;DE_HALKB_EPP;HALKB.E;2026-05-25;1.34;1.25;7.2;0;0;0;0;0;0;0;0;0;5;0;;;;;
2026-04-22;O_HALKBE0526P41.00;HALKB_05/2026_AVRUPA_OPSIYON;D_EQ;SSO;D_EQ_EPP;DE_HALKB_EPP;HALKB.E;2026-05-25;1.75;1.64;6.71;0;0;0;0;0;0;0;0;0;0;0;;;;;
2026-04-22;O_HALKBE0526P42.00;HALKB_05/2026_AVRUPA_OPSIYON;D_EQ;SSO;D_EQ_EPP;DE_HALKB_EPP;HALKB.E;2026-05-25;2.24;2.1;6.67;0;0;0;0;0;0;0;0;0;565;0;;;;;
2026-04-22;O_HALKBE0526P43.00;HALKB_05/2026_AVRUPA_OPSIYON;D_EQ;SSO;D_EQ_EPP;DE_HALKB_EPP;HALKB.E;2026-05-25;2.8;2.63;6.46;0;0;0;0;0;0;0;0;0;0;0;;;;;
2026-04-22;O_HALKBE0526P44.00;HALKB_05/2026_AVRUPA_OPSIYON;D_EQ;SSO;D_EQ_EPP;DE_HALKB_EPP;HALKB.E;2026-05-25;3.43;3.22;6.52;0;0;0;0;0;0;0;0;0;0;0;;;;;
2026-04-22;O_HALKBE0526P45.00;HALKB_05/2026_AVRUPA_OPSIYON;D_EQ;SSO;D_EQ_EPP;DE_HALKB_EPP;HALKB.E;2026-05-25;4.12;3.89;5.91;0;0;0;0;0;0;0;0;0;0;0;;;;;
2026-04-22;O_HALKBE0526P46.00;HALKB_05/2026_AVRUPA_OPSIYON;D_EQ;SSO;D_EQ_EPP;DE_HALKB_EPP;HALKB.E;2026-05-25;4.87;4.6;5.87;0;0;0;0;0;0;0;0;0;0;0;;;;;
2026-04-22;O_HALKBE0526P47.00;HALKB_05/2026_AVRUPA_OPSIYON;D_EQ;SSO;D_EQ_EPP;DE_HALKB_EPP;HALKB.E;2026-05-25;5.66;5.36;5.6;0;0;0;0;0;0;0;0;0;0;0;;;;;
2026-04-22;O_HALKBE0526P48.00;HALKB_05/2026_AVRUPA_OPSIYON;D_EQ;SSO;D_EQ_EPP;DE_HALKB_EPP;HALKB.E;2026-05-25;6.48;6.16;5.19;0;0;0;0;0;0;0;0;0;0;0;;;;;
2026-04-22;O_HALKBE0526P49.00;HALKB_05/2026_AVRUPA_OPSIYON;D_EQ;SSO;D_EQ_EPP;DE_HALKB_EPP;HALKB.E;2026-05-25;7.34;7;4.86;0;0;0;0;0;0;0;0;0;0;0;;;;;
2026-04-22;O_HALKBE0526P50.00;HALKB_05/2026_AVRUPA_OPSIYON;D_EQ;SSO;D_EQ_EPP;DE_HALKB_EPP;HALKB.E;2026-05-25;8.22;7.86;4.58;0;0;0;0;0;0;0;0;0;0;0;;;;;
2026-04-22;O_HALKBE0526P52.00;HALKB_05/2026_AVRUPA_OPSIYON;D_EQ;SSO;D_EQ_EPP;DE_HALKB_EPP;HALKB.E;2026-05-25;10.03;9.65;3.94;0;0;0;0;0;0;0;0;0;0;0;;;;;
2026-04-22;O_HALKBE0526P54.00;HALKB_05/2026_AVRUPA_OPSIYON;D_EQ;SSO;D_EQ_EPP;DE_HALKB_EPP;HALKB.E;2026-05-25;11.9;11.49;3.57;0;0;0;0;0;0;0;0;0;0;0;;;;;
2026-04-22;O_HALKBE0526P56.00;HALKB_05/2026_AVRUPA_OPSIYON;D_EQ;SSO;D_EQ_EPP;DE_HALKB_EPP;HALKB.E;2026-05-25;13.79;13.37;3.14;0;0;0;0;0;0;0;0;0;0;0;;;;;
2026-04-22;O_HALKBE0626C38.00;HALKB_06/2026_AVRUPA_OPSIYON;D_EQ;SSO;D_EQ_ECP;DE_HALKB_ECP;HALKB.E;2026-06-30;6.46;6.84;-5.56;0;0;0;0;0;0;0;0;0;0;0;;;;;
2026-04-22;O_HALKBE0626C39.00;HALKB_06/2026_AVRUPA_OPSIYON;D_EQ;SSO;D_EQ_ECP;DE_HALKB_ECP;HALKB.E;2026-06-30;5.78;6.16;-6.17;0;0;0;0;0;0;0;0;0;0;0;;;;;
2026-04-22;O_HALKBE0626C40.00;HALKB_06/2026_AVRUPA_OPSIYON;D_EQ;SSO;D_EQ_ECP;DE_HALKB_ECP;HALKB.E;2026-06-30;5.14;5.51;-6.72;0;0;0;0;0;0;0;0;0;0;0;;;;;
2026-04-22;O_HALKBE0626C41.00;HALKB_06/2026_AVRUPA_OPSIYON;D_EQ;SSO;D_EQ_ECP;DE_HALKB_ECP;HALKB.E;2026-06-30;4.56;4.9;-6.94;0;0;0;0;0;0;0;0;0;0;0;;;;;
2026-04-22;O_HALKBE0626C42.00;HALKB_06/2026_AVRUPA_OPSIYON;D_EQ;SSO;D_EQ_ECP;DE_HALKB_ECP;HALKB.E;2026-06-30;4.02;4.35;-7.59;0;0;0;0;0;0;0;0;0;0;0;;;;;
2026-04-22;O_HALKBE0626C43.00;HALKB_06/2026_AVRUPA_OPSIYON;D_EQ;SSO;D_EQ_ECP;DE_HALKB_ECP;HALKB.E;2026-06-30;3.52;3.84;-8.33;0;0;0;0;0;0;0;0;0;0;0;;;;;
2026-04-22;O_HALKBE0626C44.00;HALKB_06/2026_AVRUPA_OPSIYON;D_EQ;SSO;D_EQ_ECP;DE_HALKB_ECP;HALKB.E;2026-06-30;3.08;3.38;-8.88;0;0;0;0;0;0;0;0;0;0;0;;;;;
2026-04-22;O_HALKBE0626C45.00;HALKB_06/2026_AVRUPA_OPSIYON;D_EQ;SSO;D_EQ_ECP;DE_HALKB_ECP;HALKB.E;2026-06-30;2.68;2.96;-9.46;0;0;0;0;0;0;0;0;0;0;0;;;;;
2026-04-22;O_HALKBE0626C46.00;HALKB_06/2026_AVRUPA_OPSIYON;D_EQ;SSO;D_EQ_ECP;DE_HALKB_ECP;HALKB.E;2026-06-30;2.34;2.59;-9.65;0;0;0;0;0;0;0;0;0;0;0;;;;;
2026-04-22;O_HALKBE0626C47.00;HALKB_06/2026_AVRUPA_OPSIYON;D_EQ;SSO;D_EQ_ECP;DE_HALKB_ECP;HALKB.E;2026-06-30;2.03;2.26;-10.18;0;0;0;0;0;0;0;0;0;0;0;;;;;
2026-04-22;O_HALKBE0626C48.00;HALKB_06/2026_AVRUPA_OPSIYON;D_EQ;SSO;D_EQ_ECP;DE_HALKB_ECP;HALKB.E;2026-06-30;1.76;1.97;-10.66;0;0;0;0;0;0;0;0;0;0;0;;;;;
2026-04-22;O_HALKBE0626C49.00;HALKB_06/2026_AVRUPA_OPSIYON;D_EQ;SSO;D_EQ_ECP;DE_HALKB_ECP;HALKB.E;2026-06-30;1.52;1.71;-11.11;0;0;0;0;0;0;0;0;0;0;0;;;;;
2026-04-22;O_HALKBE0626C50.00;HALKB_06/2026_AVRUPA_OPSIYON;D_EQ;SSO;D_EQ_ECP;DE_HALKB_ECP;HALKB.E;2026-06-30;1.31;1.48;-11.49;0;0;0;0;0;0;0;0;0;0;0;;;;;
2026-04-22;O_HALKBE0626C52.00;HALKB_06/2026_AVRUPA_OPSIYON;D_EQ;SSO;D_EQ_ECP;DE_HALKB_ECP;HALKB.E;2026-06-30;0.97;1.11;-12.61;0;0;0;0;0;0;0;0;0;0;0;;;;;
2026-04-22;O_HALKBE0626P33.00;HALKB_06/2026_AVRUPA_OPSIYON;D_EQ;SSO;D_EQ_EPP;DE_HALKB_EPP;HALKB.E;2026-06-30;0.23;0.22;4.55;0;0;0;0;0;0;0;0;0;0;0;;;;;
2026-04-22;O_HALKBE0626P34.00;HALKB_06/2026_AVRUPA_OPSIYON;D_EQ;SSO;D_EQ_EPP;DE_HALKB_EPP;HALKB.E;2026-06-30;0.31;0.3;3.33;0;0;0;0;0;0;0;0;0;0;0;;;;;
2026-04-22;O_HALKBE0626P35.00;HALKB_06/2026_AVRUPA_OPSIYON;D_EQ;SSO;D_EQ_EPP;DE_HALKB_EPP;HALKB.E;2026-06-30;0.42;0.4;5;0;0;0;0;0;0;0;0;0;0;0;;;;;
2026-04-22;O_HALKBE0626P36.00;HALKB_06/2026_AVRUPA_OPSIYON;D_EQ;SSO;D_EQ_EPP;DE_HALKB_EPP;HALKB.E;2026-06-30;0.56;0.54;3.7;0;0;0;0;0;0;0;0;0;0;0;;;;;
2026-04-22;O_HALKBE0626P37.00;HALKB_06/2026_AVRUPA_OPSIYON;D_EQ;SSO;D_EQ_EPP;DE_HALKB_EPP;HALKB.E;2026-06-30;0.73;0.7;4.29;0;0;0;0;0;0;0;0;0;0;0;;;;;
2026-04-22;O_HALKBE0626P38.00;HALKB_06/2026_AVRUPA_OPSIYON;D_EQ;SSO;D_EQ_EPP;DE_HALKB_EPP;HALKB.E;2026-06-30;0.93;0.89;4.49;0;0;0;0;0;0;0;0;0;0;0;;;;;
2026-04-22;O_HALKBE0626P39.00;HALKB_06/2026_AVRUPA_OPSIYON;D_EQ;SSO;D_EQ_EPP;DE_HALKB_EPP;HALKB.E;2026-06-30;1.17;1.12;4.46;0;0;0;0;0;0;0;0;0;0;0;;;;;
2026-04-22;O_HALKBE0626P40.00;HALKB_06/2026_AVRUPA_OPSIYON;D_EQ;SSO;D_EQ_EPP;DE_HALKB_EPP;HALKB.E;2026-06-30;1.45;1.39;4.32;0;0;0;0;0;0;0;0;0;0;0;;;;;
2026-04-22;O_HALKBE0626P41.00;HALKB_06/2026_AVRUPA_OPSIYON;D_EQ;SSO;D_EQ_EPP;DE_HALKB_EPP;HALKB.E;2026-06-30;1.78;1.7;4.71;0;0;0;0;0;0;0;0;0;0;0;;;;;
2026-04-22;O_HALKBE0626P42.00;HALKB_06/2026_AVRUPA_OPSIYON;D_EQ;SSO;D_EQ_EPP;DE_HALKB_EPP;HALKB.E;2026-06-30;2.16;2.06;4.85;0;0;0;0;0;0;0;0;0;0;0;;;;;
2026-04-22;O_HALKBE0626P43.00;HALKB_06/2026_AVRUPA_OPSIYON;D_EQ;SSO;D_EQ_EPP;DE_HALKB_EPP;HALKB.E;2026-06-30;2.58;2.47;4.45;0;0;0;0;0;0;0;0;0;0;0;;;;;
2026-04-22;O_HALKBE0626P44.00;HALKB_06/2026_AVRUPA_OPSIYON;D_EQ;SSO;D_EQ_EPP;DE_HALKB_EPP;HALKB.E;2026-06-30;3.06;2.92;4.79;0;0;0;0;0;0;0;0;0;0;0;;;;;
2026-04-22;O_HALKBE0626P45.00;HALKB_06/2026_AVRUPA_OPSIYON;D_EQ;SSO;D_EQ_EPP;DE_HALKB_EPP;HALKB.E;2026-06-30;3.58;3.42;4.68;0;0;0;0;0;0;0;0;0;0;0;;;;;
2026-04-22;O_HALKBE0626P46.00;HALKB_06/2026_AVRUPA_OPSIYON;D_EQ;SSO;D_EQ_EPP;DE_HALKB_EPP;HALKB.E;2026-06-30;4.15;3.96;4.8;0;0;0;0;0;0;0;0;0;0;0;;;;;
2026-04-22;O_ISCTRE0426C13.00;ISCTR_04/2026_AVRUPA_OPSIYON;D_EQ;SSO;D_EQ_ECP;DE_ISCTR_ECP;ISCTR.E;2026-04-30;1.9;1.93;-1.55;0;0;0;0;0;0;0;0;0;546;0;;;;;
2026-04-22;O_ISCTRE0426C13.50;ISCTR_04/2026_AVRUPA_OPSIYON;D_EQ;SSO;D_EQ_ECP;DE_ISCTR_ECP;ISCTR.E;2026-04-30;1.43;1.46;-2.05;0;0;0;0;0;0;0;0;0;3982;0;;;;;
2026-04-22;O_ISCTRE0426C14.00;ISCTR_04/2026_AVRUPA_OPSIYON;D_EQ;SSO;D_EQ_ECP;DE_ISCTR_ECP;ISCTR.E;2026-04-30;0.98;1.02;-3.92;0;0;0;0;0;0;0;0;0;8683;0;;;;;
2026-04-22;O_ISCTRE0426C14.50;ISCTR_04/2026_AVRUPA_OPSIYON;D_EQ;SSO;D_EQ_ECP;DE_ISCTR_ECP;ISCTR.E;2026-04-30;0.61;0.65;-6.15;0.68;0.56;0.68;0.56;0.59;2030000;83100;1400;5;4232;-1400;;;;;
2026-04-22;O_ISCTRE0426C15.00;ISCTR_04/2026_AVRUPA_OPSIYON;D_EQ;SSO;D_EQ_ECP;DE_ISCTR_ECP;ISCTR.E;2026-04-30;0.34;0.38;-10.53;0;0;0;0;0;0;0;0;0;5351;0;;;;;
2026-04-22;O_ISCTRE0426C15.50;ISCTR_04/2026_AVRUPA_OPSIYON;D_EQ;SSO;D_EQ_ECP;DE_ISCTR_ECP;ISCTR.E;2026-04-30;0.16;0.19;-15.79;0.11;0.11;0.11;0.11;0.11;77500;550;50;1;5563;0;;;;;
2026-04-22;O_ISCTRE0426C16.00;ISCTR_04/2026_AVRUPA_OPSIYON;D_EQ;SSO;D_EQ_ECP;DE_ISCTR_ECP;ISCTR.E;2026-04-30;0.07;0.09;-22.22;0;0;0;0;0;0;0;0;0;9753;0;;;;;
2026-04-22;O_ISCTRE0426C16.50;ISCTR_04/2026_AVRUPA_OPSIYON;D_EQ;SSO;D_EQ_ECP;DE_ISCTR_ECP;ISCTR.E;2026-04-30;0.03;0.04;-25;0;0;0;0;0;0;0;0;0;618;0;;;;;
2026-04-22;O_ISCTRE0426C17.00;ISCTR_04/2026_AVRUPA_OPSIYON;D_EQ;SSO;D_EQ_ECP;DE_ISCTR_ECP;ISCTR.E;2026-04-30;0.01;0.01;0;0;0;0;0;0;0;0;0;0;5400;0;;;;;
2026-04-22;O_ISCTRE0426C17.50;ISCTR_04/2026_AVRUPA_OPSIYON;D_EQ;SSO;D_EQ_ECP;DE_ISCTR_ECP;ISCTR.E;2026-04-30;0.01;0.01;0;0;0;0;0;0;0;0;0;0;2010;0;;;;;
2026-04-22;O_ISCTRE0426C18.00;ISCTR_04/2026_AVRUPA_OPSIYON;D_EQ;SSO;D_EQ_ECP;DE_ISCTR_ECP;ISCTR.E;2026-04-30;0.01;0.01;0;0;0;0;0;0;0;0;0;0;0;0;;;;;
2026-04-22;O_ISCTRE0426C18.50;ISCTR_04/2026_AVRUPA_OPSIYON;D_EQ;SSO;D_EQ_ECP;DE_ISCTR_ECP;ISCTR.E;2026-04-30;0.01;0.01;0;0;0;0;0;0;0;0;0;0;9410;0;;;;;
2026-04-22;O_ISCTRE0426C19.00;ISCTR_04/2026_AVRUPA_OPSIYON;D_EQ;SSO;D_EQ_ECP;DE_ISCTR_ECP;ISCTR.E;2026-04-30;0.01;0.01;0;0;0;0;0;0;0;0;0;0;2000;0;;;;;
2026-04-22;O_ISCTRE0426C19.50;ISCTR_04/2026_AVRUPA_OPSIYON;D_EQ;SSO;D_EQ_ECP;DE_ISCTR_ECP;ISCTR.E;2026-04-30;0.01;0.01;0;0;0;0;0;0;0;0;0;0;4000;0;;;;;
2026-04-22;O_ISCTRE0426C20.00;ISCTR_04/2026_AVRUPA_OPSIYON;D_EQ;SSO;D_EQ_ECP;DE_ISCTR_ECP;ISCTR.E;2026-04-30;0.01;0.01;0;0;0;0;0;0;0;0;0;0;0;0;;;;;
2026-04-22;O_ISCTRE0426C20.50;ISCTR_04/2026_AVRUPA_OPSIYON;D_EQ;SSO;D_EQ_ECP;DE_ISCTR_ECP;ISCTR.E;2026-04-30;0.01;0.01;0;0;0;0;0;0;0;0;0;0;0;0;;;;;
2026-04-22;O_ISCTRE0426C21.00;ISCTR_04/2026_AVRUPA_OPSIYON;D_EQ;SSO;D_EQ_ECP;DE_ISCTR_ECP;ISCTR.E;2026-04-30;0.01;0.01;0;0;0;0;0;0;0;0;0;0;0;0;;;;;
2026-04-22;O_ISCTRE0426C21.50;ISCTR_04/2026_AVRUPA_OPSIYON;D_EQ;SSO;D_EQ_ECP;DE_ISCTR_ECP;ISCTR.E;2026-04-30;0.01;0.01;0;0;0;0;0;0;0;0;0;0;0;0;;;;;
2026-04-22;O_ISCTRE0426C22.00;ISCTR_04/2026_AVRUPA_OPSIYON;D_EQ;SSO;D_EQ_ECP;DE_ISCTR_ECP;ISCTR.E;2026-04-30;0.01;0.01;0;0;0;0;0;0;0;0;0;0;0;0;;;;;
2026-04-22;O_ISCTRE0426C22.50;ISCTR_04/2026_AVRUPA_OPSIYON;D_EQ;SSO;D_EQ_ECP;DE_ISCTR_ECP;ISCTR.E;2026-04-30;0.01;0.01;0;0;0;0;0;0;0;0;0;0;0;0;;;;;
2026-04-22;O_ISCTRE0426P10.50;ISCTR_04/2026_AVRUPA_OPSIYON;D_EQ;SSO;D_EQ_EPP;DE_ISCTR_EPP;ISCTR.E;2026-04-30;0.01;0.01;0;0;0;0;0;0;0;0;0;0;0;0;;;;;
2026-04-22;O_ISCTRE0426P11.00;ISCTR_04/2026_AVRUPA_OPSIYON;D_EQ;SSO;D_EQ_EPP;DE_ISCTR_EPP;ISCTR.E;2026-04-30;0.01;0.01;0;0;0;0;0;0;0;0;0;0;0;0;;;;;
2026-04-22;O_ISCTRE0426P11.50;ISCTR_04/2026_AVRUPA_OPSIYON;D_EQ;SSO;D_EQ_EPP;DE_ISCTR_EPP;ISCTR.E;2026-04-30;0.01;0.01;0;0;0;0;0;0;0;0;0;0;18;0;;;;;
2026-04-22;O_ISCTRE0426P12.00;ISCTR_04/2026_AVRUPA_OPSIYON;D_EQ;SSO;D_EQ_EPP;DE_ISCTR_EPP;ISCTR.E;2026-04-30;0.01;0.01;0;0;0;0;0;0;0;0;0;0;1466;0;;;;;
2026-04-22;O_ISCTRE0426P12.50;ISCTR_04/2026_AVRUPA_OPSIYON;D_EQ;SSO;D_EQ_EPP;DE_ISCTR_EPP;ISCTR.E;2026-04-30;0.01;0.01;0;0;0;0;0;0;0;0;0;0;3115;0;;;;;
2026-04-22;O_ISCTRE0426P13.00;ISCTR_04/2026_AVRUPA_OPSIYON;D_EQ;SSO;D_EQ_EPP;DE_ISCTR_EPP;ISCTR.E;2026-04-30;0.01;0.01;0;0;0;0;0;0;0;0;0;0;6255;0;;;;;
2026-04-22;O_ISCTRE0426P13.50;ISCTR_04/2026_AVRUPA_OPSIYON;D_EQ;SSO;D_EQ_EPP;DE_ISCTR_EPP;ISCTR.E;2026-04-30;0.02;0.03;-33.33;0;0;0;0;0;0;0;0;0;2123;0;;;;;
2026-04-22;O_ISCTRE0426P14.00;ISCTR_04/2026_AVRUPA_OPSIYON;D_EQ;SSO;D_EQ_EPP;DE_ISCTR_EPP;ISCTR.E;2026-04-30;0.08;0.09;-11.11;0;0;0;0;0;0;0;0;0;2250;0;;;;;
2026-04-22;O_ISCTRE0426P14.50;ISCTR_04/2026_AVRUPA_OPSIYON;D_EQ;SSO;D_EQ_EPP;DE_ISCTR_EPP;ISCTR.E;2026-04-30;0.2;0.22;-9.09;0.18;0.16;0.18;0.16;0.17;2030000;23200;1400;2;2900;0;;;;;
2026-04-22;O_ISCTRE0426P15.00;ISCTR_04/2026_AVRUPA_OPSIYON;D_EQ;SSO;D_EQ_EPP;DE_ISCTR_EPP;ISCTR.E;2026-04-30;0.42;0.44;-4.55;0.37;0.36;0.37;0.36;0.37;2500500;61340;1667;3;15074;1667;;;;;
2026-04-22;O_ISCTRE0426P15.50;ISCTR_04/2026_AVRUPA_OPSIYON;D_EQ;SSO;D_EQ_EPP;DE_ISCTR_EPP;ISCTR.E;2026-04-30;0.74;0.75;-1.33;0.65;0.65;0.65;0.65;0.65;310000;13000;200;2;65615;0;;;;;
2026-04-22;O_ISCTRE0426P16.00;ISCTR_04/2026_AVRUPA_OPSIYON;D_EQ;SSO;D_EQ_EPP;DE_ISCTR_EPP;ISCTR.E;2026-04-30;1.15;1.14;0.88;0;0;0;0;0;0;0;0;0;5;0;;;;;
2026-04-22;O_ISCTRE0426P16.50;ISCTR_04/2026_AVRUPA_OPSIYON;D_EQ;SSO;D_EQ_EPP;DE_ISCTR_EPP;ISCTR.E;2026-04-30;1.6;1.58;1.27;0;0;0;0;0;0;0;0;0;400;0;;;;;
2026-04-22;O_ISCTRE0426P17.00;ISCTR_04/2026_AVRUPA_OPSIYON;D_EQ;SSO;D_EQ_EPP;DE_ISCTR_EPP;ISCTR.E;2026-04-30;2.08;2.05;1.46;0;0;0;0;0;0;0;0;0;0;0;;;;;
2026-04-22;O_ISCTRE0426P17.50;ISCTR_04/2026_AVRUPA_OPSIYON;D_EQ;SSO;D_EQ_EPP;DE_ISCTR_EPP;ISCTR.E;2026-04-30;2.57;2.54;1.18;0;0;0;0;0;0;0;0;0;0;0;;;;;
2026-04-22;O_ISCTRE0426P18.00;ISCTR_04/2026_AVRUPA_OPSIYON;D_EQ;SSO;D_EQ_EPP;DE_ISCTR_EPP;ISCTR.E;2026-04-30;3.06;3.03;0.99;0;0;0;0;0;0;0;0;0;1;0;;;;;
2026-04-22;O_ISCTRE0426P18.50;ISCTR_04/2026_AVRUPA_OPSIYON;D_EQ;SSO;D_EQ_EPP;DE_ISCTR_EPP;ISCTR.E;2026-04-30;3.56;3.53;0.85;0;0;0;0;0;0;0;0;0;0;0;;;;;
2026-04-22;O_ISCTRE0426P19.00;ISCTR_04/2026_AVRUPA_OPSIYON;D_EQ;SSO;D_EQ_EPP;DE_ISCTR_EPP;ISCTR.E;2026-04-30;4.05;4.02;0.75;0;0;0;0;0;0;0;0;0;0;0;;;;;
2026-04-22;O_ISCTRE0426P19.50;ISCTR_04/2026_AVRUPA_OPSIYON;D_EQ;SSO;D_EQ_EPP;DE_ISCTR_EPP;ISCTR.E;2026-04-30;4.55;4.52;0.66;0;0;0;0;0;0;0;0;0;0;0;;;;;
2026-04-22;O_ISCTRE0426P20.00;ISCTR_04/2026_AVRUPA_OPSIYON;D_EQ;SSO;D_EQ_EPP;DE_ISCTR_EPP;ISCTR.E;2026-04-30;5.04;5.01;0.6;0;0;0;0;0;0;0;0;0;0;0;;;;;
2026-04-22;O_ISCTRE0526C13.00;ISCTR_05/2026_AVRUPA_OPSIYON;D_EQ;SSO;D_EQ_ECP;DE_ISCTR_ECP;ISCTR.E;2026-05-25;2.33;2.35;-0.85;0;0;0;0;0;0;0;0;0;1;0;;;;;
2026-04-22;O_ISCTRE0526C13.50;ISCTR_05/2026_AVRUPA_OPSIYON;D_EQ;SSO;D_EQ_ECP;DE_ISCTR_ECP;ISCTR.E;2026-05-25;1.92;1.94;-1.03;0;0;0;0;0;0;0;0;0;100;0;;;;;
2026-04-22;O_ISCTRE0526C14.00;ISCTR_05/2026_AVRUPA_OPSIYON;D_EQ;SSO;D_EQ_ECP;DE_ISCTR_ECP;ISCTR.E;2026-05-25;1.54;1.57;-1.91;0;0;0;0;0;0;0;0;0;0;0;;;;;
2026-04-22;O_ISCTRE0526C14.50;ISCTR_05/2026_AVRUPA_OPSIYON;D_EQ;SSO;D_EQ_ECP;DE_ISCTR_ECP;ISCTR.E;2026-05-25;1.21;1.24;-2.42;0;0;0;0;0;0;0;0;0;3000;0;;;;;
2026-04-22;O_ISCTRE0526C15.00;ISCTR_05/2026_AVRUPA_OPSIYON;D_EQ;SSO;D_EQ_ECP;DE_ISCTR_ECP;ISCTR.E;2026-05-25;0.92;0.95;-3.16;0;0;0;0;0;0;0;0;0;30;0;;;;;
2026-04-22;O_ISCTRE0526C15.50;ISCTR_05/2026_AVRUPA_OPSIYON;D_EQ;SSO;D_EQ_ECP;DE_ISCTR_ECP;ISCTR.E;2026-05-25;0.69;0.71;-2.82;0.56;0.51;0.56;0.51;0.55;1627500;58100;1050;4;2217;900;;;;;
2026-04-22;O_ISCTRE0526C16.00;ISCTR_05/2026_AVRUPA_OPSIYON;D_EQ;SSO;D_EQ_ECP;DE_ISCTR_ECP;ISCTR.E;2026-05-25;0.5;0.52;-3.85;0;0;0;0;0;0;0;0;0;10000;0;;;;;
2026-04-22;O_ISCTRE0526C16.50;ISCTR_05/2026_AVRUPA_OPSIYON;D_EQ;SSO;D_EQ_ECP;DE_ISCTR_ECP;ISCTR.E;2026-05-25;0.36;0.38;-5.26;0;0;0;0;0;0;0;0;0;50000;0;;;;;
2026-04-22;O_ISCTRE0526C17.00;ISCTR_05/2026_AVRUPA_OPSIYON;D_EQ;SSO;D_EQ_ECP;DE_ISCTR_ECP;ISCTR.E;2026-05-25;0.25;0.27;-7.41;0;0;0;0;0;0;0;0;0;4800;0;;;;;
2026-04-22;O_ISCTRE0526C17.50;ISCTR_05/2026_AVRUPA_OPSIYON;D_EQ;SSO;D_EQ_ECP;DE_ISCTR_ECP;ISCTR.E;2026-05-25;0.17;0.18;-5.56;0;0;0;0;0;0;0;0;0;7;0;;;;;
2026-04-22;O_ISCTRE0526C18.00;ISCTR_05/2026_AVRUPA_OPSIYON;D_EQ;SSO;D_EQ_ECP;DE_ISCTR_ECP;ISCTR.E;2026-05-25;0.12;0.13;-7.69;0;0;0;0;0;0;0;0;0;0;0;;;;;
2026-04-22;O_ISCTRE0526C18.50;ISCTR_05/2026_AVRUPA_OPSIYON;D_EQ;SSO;D_EQ_ECP;DE_ISCTR_ECP;ISCTR.E;2026-05-25;0.08;0.08;0;0;0;0;0;0;0;0;0;0;250;0;;;;;
2026-04-22;O_ISCTRE0526C19.00;ISCTR_05/2026_AVRUPA_OPSIYON;D_EQ;SSO;D_EQ_ECP;DE_ISCTR_ECP;ISCTR.E;2026-05-25;0.05;0.06;-16.67;0;0;0;0;0;0;0;0;0;0;0;;;;;
2026-04-22;O_ISCTRE0526C19.50;ISCTR_05/2026_AVRUPA_OPSIYON;D_EQ;SSO;D_EQ_ECP;DE_ISCTR_ECP;ISCTR.E;2026-05-25;0.04;0.04;0;0;0;0;0;0;0;0;0;0;0;0;;;;;
2026-04-22;O_ISCTRE0526C20.00;ISCTR_05/2026_AVRUPA_OPSIYON;D_EQ;SSO;D_EQ_ECP;DE_ISCTR_ECP;ISCTR.E;2026-05-25;0.02;0.02;0;0;0;0;0;0;0;0;0;0;0;0;;;;;
2026-04-22;O_ISCTRE0526C20.50;ISCTR_05/2026_AVRUPA_OPSIYON;D_EQ;SSO;D_EQ_ECP;DE_ISCTR_ECP;ISCTR.E;2026-05-25;0.02;0.01;100;0;0;0;0;0;0;0;0;0;0;0;;;;;
2026-04-22;O_ISCTRE0526C21.00;ISCTR_05/2026_AVRUPA_OPSIYON;D_EQ;SSO;D_EQ_ECP;DE_ISCTR_ECP;ISCTR.E;2026-05-25;0.01;0.01;0;0;0;0;0;0;0;0;0;0;0;0;;;;;
2026-04-22;O_ISCTRE0526P10.50;ISCTR_05/2026_AVRUPA_OPSIYON;D_EQ;SSO;D_EQ_EPP;DE_ISCTR_EPP;ISCTR.E;2026-05-25;0.01;0.01;0;0;0;0;0;0;0;0;0;0;0;0;;;;;
2026-04-22;O_ISCTRE0526P11.00;ISCTR_05/2026_AVRUPA_OPSIYON;D_EQ;SSO;D_EQ_EPP;DE_ISCTR_EPP;ISCTR.E;2026-05-25;0.01;0.01;0;0;0;0;0;0;0;0;0;0;0;0;;;;;
2026-04-22;O_ISCTRE0526P11.50;ISCTR_05/2026_AVRUPA_OPSIYON;D_EQ;SSO;D_EQ_EPP;DE_ISCTR_EPP;ISCTR.E;2026-05-25;0.01;0.01;0;0;0;0;0;0;0;0;0;0;0;0;;;;;
2026-04-22;O_ISCTRE0526P12.00;ISCTR_05/2026_AVRUPA_OPSIYON;D_EQ;SSO;D_EQ_EPP;DE_ISCTR_EPP;ISCTR.E;2026-05-25;0.03;0.03;0;0;0;0;0;0;0;0;0;0;0;0;;;;;
2026-04-22;O_ISCTRE0526P12.50;ISCTR_05/2026_AVRUPA_OPSIYON;D_EQ;SSO;D_EQ_EPP;DE_ISCTR_EPP;ISCTR.E;2026-05-25;0.06;0.05;20;0;0;0;0;0;0;0;0;0;0;0;;;;;
2026-04-22;O_ISCTRE0526P13.00;ISCTR_05/2026_AVRUPA_OPSIYON;D_EQ;SSO;D_EQ_EPP;DE_ISCTR_EPP;ISCTR.E;2026-05-25;0.1;0.1;0;0;0;0;0;0;0;0;0;0;0;0;;;;;
2026-04-22;O_ISCTRE0526P13.50;ISCTR_05/2026_AVRUPA_OPSIYON;D_EQ;SSO;D_EQ_EPP;DE_ISCTR_EPP;ISCTR.E;2026-05-25;0.17;0.17;0;0;0;0;0;0;0;0;0;0;0;0;;;;;
2026-04-22;O_ISCTRE0526P14.00;ISCTR_05/2026_AVRUPA_OPSIYON;D_EQ;SSO;D_EQ_EPP;DE_ISCTR_EPP;ISCTR.E;2026-05-25;0.28;0.28;0;0;0;0;0;0;0;0;0;0;0;0;;;;;
2026-04-22;O_ISCTRE0526P14.50;ISCTR_05/2026_AVRUPA_OPSIYON;D_EQ;SSO;D_EQ_EPP;DE_ISCTR_EPP;ISCTR.E;2026-05-25;0.43;0.43;0;0;0;0;0;0;0;0;0;0;14500;0;;;;;
2026-04-22;O_ISCTRE0526P15.00;ISCTR_05/2026_AVRUPA_OPSIYON;D_EQ;SSO;D_EQ_EPP;DE_ISCTR_EPP;ISCTR.E;2026-05-25;0.62;0.63;-1.59;0;0;0;0;0;0;0;0;0;10;0;;;;;
2026-04-22;O_ISCTRE0526P15.50;ISCTR_05/2026_AVRUPA_OPSIYON;D_EQ;SSO;D_EQ_EPP;DE_ISCTR_EPP;ISCTR.E;2026-05-25;0.87;0.88;-1.14;0;0;0;0;0;0;0;0;0;1178;0;;;;;
2026-04-22;O_ISCTRE0526P16.00;ISCTR_05/2026_AVRUPA_OPSIYON;D_EQ;SSO;D_EQ_EPP;DE_ISCTR_EPP;ISCTR.E;2026-05-25;1.17;1.17;0;0;0;0;0;0;0;0;0;0;0;0;;;;;
2026-04-22;O_ISCTRE0526P16.50;ISCTR_05/2026_AVRUPA_OPSIYON;D_EQ;SSO;D_EQ_EPP;DE_ISCTR_EPP;ISCTR.E;2026-05-25;1.51;1.5;0.67;0;0;0;0;0;0;0;0;0;0;0;;;;;
2026-04-22;O_ISCTRE0526P17.00;ISCTR_05/2026_AVRUPA_OPSIYON;D_EQ;SSO;D_EQ_EPP;DE_ISCTR_EPP;ISCTR.E;2026-05-25;1.89;1.88;0.53;0;0;0;0;0;0;0;0;0;0;0;;;;;
2026-04-22;O_ISCTRE0526P17.50;ISCTR_05/2026_AVRUPA_OPSIYON;D_EQ;SSO;D_EQ_EPP;DE_ISCTR_EPP;ISCTR.E;2026-05-25;2.29;2.28;0.44;0;0;0;0;0;0;0;0;0;0;0;;;;;
2026-04-22;O_ISCTRE0526P18.00;ISCTR_05/2026_AVRUPA_OPSIYON;D_EQ;SSO;D_EQ_EPP;DE_ISCTR_EPP;ISCTR.E;2026-05-25;2.72;2.7;0.74;0;0;0;0;0;0;0;0;0;0;0;;;;;
2026-04-22;O_ISCTRE0526P18.50;ISCTR_05/2026_AVRUPA_OPSIYON;D_EQ;SSO;D_EQ_EPP;DE_ISCTR_EPP;ISCTR.E;2026-05-25;3.17;3.14;0.96;0;0;0;0;0;0;0;0;0;0;0;;;;;
2026-04-22;O_ISCTRE0626C14.00;ISCTR_06/2026_AVRUPA_OPSIYON;D_EQ;SSO;D_EQ_ECP;DE_ISCTR_ECP;ISCTR.E;2026-06-30;2.33;2.34;-0.43;0;0;0;0;0;0;0;0;0;0;0;;;;;
2026-04-22;O_ISCTRE0626C14.50;ISCTR_06/2026_AVRUPA_OPSIYON;D_EQ;SSO;D_EQ_ECP;DE_ISCTR_ECP;ISCTR.E;2026-06-30;2;2.01;-0.5;0;0;0;0;0;0;0;0;0;0;0;;;;;
2026-04-22;O_ISCTRE0626C15.00;ISCTR_06/2026_AVRUPA_OPSIYON;D_EQ;SSO;D_EQ_ECP;DE_ISCTR_ECP;ISCTR.E;2026-06-30;1.69;1.71;-1.17;0;0;0;0;0;0;0;0;0;0;0;;;;;
2026-04-22;O_ISCTRE0626C15.50;ISCTR_06/2026_AVRUPA_OPSIYON;D_EQ;SSO;D_EQ_ECP;DE_ISCTR_ECP;ISCTR.E;2026-06-30;1.42;1.44;-1.39;0;0;0;0;0;0;0;0;0;0;0;;;;;
2026-04-22;O_ISCTRE0626C16.00;ISCTR_06/2026_AVRUPA_OPSIYON;D_EQ;SSO;D_EQ_ECP;DE_ISCTR_ECP;ISCTR.E;2026-06-30;1.19;1.2;-0.83;0;0;0;0;0;0;0;0;0;0;0;;;;;
2026-04-22;O_ISCTRE0626C16.50;ISCTR_06/2026_AVRUPA_OPSIYON;D_EQ;SSO;D_EQ_ECP;DE_ISCTR_ECP;ISCTR.E;2026-06-30;0.98;1;-2;0;0;0;0;0;0;0;0;0;0;0;;;;;
2026-04-22;O_ISCTRE0626C17.00;ISCTR_06/2026_AVRUPA_OPSIYON;D_EQ;SSO;D_EQ_ECP;DE_ISCTR_ECP;ISCTR.E;2026-06-30;0.81;0.82;-1.22;0;0;0;0;0;0;0;0;0;0;0;;;;;
2026-04-22;O_ISCTRE0626C17.50;ISCTR_06/2026_AVRUPA_OPSIYON;D_EQ;SSO;D_EQ_ECP;DE_ISCTR_ECP;ISCTR.E;2026-06-30;0.66;0.67;-1.49;0;0;0;0;0;0;0;0;0;0;0;;;;;
2026-04-22;O_ISCTRE0626C18.00;ISCTR_06/2026_AVRUPA_OPSIYON;D_EQ;SSO;D_EQ_ECP;DE_ISCTR_ECP;ISCTR.E;2026-06-30;0.54;0.55;-1.82;0;0;0;0;0;0;0;0;0;0;0;;;;;
2026-04-22;O_ISCTRE0626C18.50;ISCTR_06/2026_AVRUPA_OPSIYON;D_EQ;SSO;D_EQ_ECP;DE_ISCTR_ECP;ISCTR.E;2026-06-30;0.44;0.44;0;0;0;0;0;0;0;0;0;0;0;0;;;;;
2026-04-22;O_ISCTRE0626C19.00;ISCTR_06/2026_AVRUPA_OPSIYON;D_EQ;SSO;D_EQ_ECP;DE_ISCTR_ECP;ISCTR.E;2026-06-30;0.36;0.36;0;0;0;0;0;0;0;0;0;0;0;0;;;;;
2026-04-22;O_ISCTRE0626C19.50;ISCTR_06/2026_AVRUPA_OPSIYON;D_EQ;SSO;D_EQ_ECP;DE_ISCTR_ECP;ISCTR.E;2026-06-30;0.29;0.29;0;0;0;0;0;0;0;0;0;0;0;0;;;;;
2026-04-22;O_ISCTRE0626P11.50;ISCTR_06/2026_AVRUPA_OPSIYON;D_EQ;SSO;D_EQ_EPP;DE_ISCTR_EPP;ISCTR.E;2026-06-30;0.06;0.04;50;0;0;0;0;0;0;0;0;0;0;0;;;;;
2026-04-22;O_ISCTRE0626P12.00;ISCTR_06/2026_AVRUPA_OPSIYON;D_EQ;SSO;D_EQ_EPP;DE_ISCTR_EPP;ISCTR.E;2026-06-30;0.09;0.07;28.57;0;0;0;0;0;0;0;0;0;0;0;;;;;
2026-04-22;O_ISCTRE0626P12.50;ISCTR_06/2026_AVRUPA_OPSIYON;D_EQ;SSO;D_EQ_EPP;DE_ISCTR_EPP;ISCTR.E;2026-06-30;0.13;0.11;18.18;0;0;0;0;0;0;0;0;0;0;0;;;;;
2026-04-22;O_ISCTRE0626P13.00;ISCTR_06/2026_AVRUPA_OPSIYON;D_EQ;SSO;D_EQ_EPP;DE_ISCTR_EPP;ISCTR.E;2026-06-30;0.2;0.17;17.65;0;0;0;0;0;0;0;0;0;0;0;;;;;
2026-04-22;O_ISCTRE0626P13.50;ISCTR_06/2026_AVRUPA_OPSIYON;D_EQ;SSO;D_EQ_EPP;DE_ISCTR_EPP;ISCTR.E;2026-06-30;0.28;0.25;12;0;0;0;0;0;0;0;0;0;0;0;;;;;
2026-04-22;O_ISCTRE0626P14.00;ISCTR_06/2026_AVRUPA_OPSIYON;D_EQ;SSO;D_EQ_EPP;DE_ISCTR_EPP;ISCTR.E;2026-06-30;0.38;0.35;8.57;0;0;0;0;0;0;0;0;0;0;0;;;;;
2026-04-22;O_ISCTRE0626P14.50;ISCTR_06/2026_AVRUPA_OPSIYON;D_EQ;SSO;D_EQ_EPP;DE_ISCTR_EPP;ISCTR.E;2026-06-30;0.5;0.48;4.17;0;0;0;0;0;0;0;0;0;0;0;;;;;
2026-04-22;O_ISCTRE0626P15.00;ISCTR_06/2026_AVRUPA_OPSIYON;D_EQ;SSO;D_EQ_EPP;DE_ISCTR_EPP;ISCTR.E;2026-06-30;0.65;0.64;1.56;0;0;0;0;0;0;0;0;0;0;0;;;;;
2026-04-22;O_ISCTRE0626P15.50;ISCTR_06/2026_AVRUPA_OPSIYON;D_EQ;SSO;D_EQ_EPP;DE_ISCTR_EPP;ISCTR.E;2026-06-30;0.84;0.83;1.2;0;0;0;0;0;0;0;0;0;0;0;;;;;
2026-04-22;O_ISCTRE0626P16.00;ISCTR_06/2026_AVRUPA_OPSIYON;D_EQ;SSO;D_EQ_EPP;DE_ISCTR_EPP;ISCTR.E;2026-06-30;1.06;1.05;0.95;0;0;0;0;0;0;0;0;0;0;0;;;;;
2026-04-22;O_ISCTRE0626P16.50;ISCTR_06/2026_AVRUPA_OPSIYON;D_EQ;SSO;D_EQ_EPP;DE_ISCTR_EPP;ISCTR.E;2026-06-30;1.31;1.3;0.77;0;0;0;0;0;0;0;0;0;0;0;;;;;
2026-04-22;O_ISCTRE0626P17.00;ISCTR_06/2026_AVRUPA_OPSIYON;D_EQ;SSO;D_EQ_EPP;DE_ISCTR_EPP;ISCTR.E;2026-06-30;1.6;1.59;0.63;0;0;0;0;0;0;0;0;0;0;0;;;;;
2026-04-22;O_KCHOLE0426C190.00;KCHOL_04/2026_AVRUPA_OPSIYON;D_EQ;SSO;D_EQ_ECP;DE_KCHOL_ECP;KCHOL.E;2026-04-30;16.73;18.04;-7.26;0;0;0;0;0;0;0;0;0;337;0;;;;;
2026-04-22;O_KCHOLE0426C195.00;KCHOL_04/2026_AVRUPA_OPSIYON;D_EQ;SSO;D_EQ_ECP;DE_KCHOL_ECP;KCHOL.E;2026-04-30;12.25;13.54;-9.53;0;0;0;0;0;0;0;0;0;1032;0;;;;;
2026-04-22;O_KCHOLE0426C200.00;KCHOL_04/2026_AVRUPA_OPSIYON;D_EQ;SSO;D_EQ_ECP;DE_KCHOL_ECP;KCHOL.E;2026-04-30;8.32;9.53;-12.7;0;0;0;0;0;0;0;0;0;29;0;;;;;
2026-04-22;O_KCHOLE0426C205.00;KCHOL_04/2026_AVRUPA_OPSIYON;D_EQ;SSO;D_EQ_ECP;DE_KCHOL_ECP;KCHOL.E;2026-04-30;5.16;6.22;-17.04;5.34;3.51;5.34;3.51;5.12;2050000;51204;100;10;1739;12;;;;;
2026-04-22;O_KCHOLE0426C210.00;KCHOL_04/2026_AVRUPA_OPSIYON;D_EQ;SSO;D_EQ_ECP;DE_KCHOL_ECP;KCHOL.E;2026-04-30;2.89;3.72;-22.31;2.91;2.1;2.91;2.16;2.48;4158000;49108;198;20;2839;0;;;;;
2026-04-22;O_KCHOLE0426C215.00;KCHOL_04/2026_AVRUPA_OPSIYON;D_EQ;SSO;D_EQ_ECP;DE_KCHOL_ECP;KCHOL.E;2026-04-30;1.45;2.03;-28.57;0.99;0.93;1.02;0.93;0.98;11868000;54192;552;7;3760;-200;;;;;
2026-04-22;O_KCHOLE0426C220.00;KCHOL_04/2026_AVRUPA_OPSIYON;D_EQ;SSO;D_EQ_ECP;DE_KCHOL_ECP;KCHOL.E;2026-04-30;0.65;1.01;-35.64;0.51;0.51;0.51;0.51;0.51;1936000;4488;88;1;3520;0;;;;;
2026-04-22;O_KCHOLE0426C225.00;KCHOL_04/2026_AVRUPA_OPSIYON;D_EQ;SSO;D_EQ_ECP;DE_KCHOL_ECP;KCHOL.E;2026-04-30;0.26;0.45;-42.22;0.51;0.51;0.51;0.51;0.51;5940000;13464;264;3;4044;264;;;;;
2026-04-22;O_KCHOLE0426C230.00;KCHOL_04/2026_AVRUPA_OPSIYON;D_EQ;SSO;D_EQ_ECP;DE_KCHOL_ECP;KCHOL.E;2026-04-30;0.1;0.18;-44.44;0;0;0;0;0;0;0;0;0;10062;0;;;;;
2026-04-22;O_KCHOLE0426C235.00;KCHOL_04/2026_AVRUPA_OPSIYON;D_EQ;SSO;D_EQ_ECP;DE_KCHOL_ECP;KCHOL.E;2026-04-30;0.03;0.07;-57.14;0;0;0;0;0;0;0;0;0;1844;0;;;;;
2026-04-22;O_KCHOLE0426C240.00;KCHOL_04/2026_AVRUPA_OPSIYON;D_EQ;SSO;D_EQ_ECP;DE_KCHOL_ECP;KCHOL.E;2026-04-30;0.01;0.02;-50;0;0;0;0;0;0;0;0;0;0;0;;;;;
2026-04-22;O_KCHOLE0426C245.00;KCHOL_04/2026_AVRUPA_OPSIYON;D_EQ;SSO;D_EQ_ECP;DE_KCHOL_ECP;KCHOL.E;2026-04-30;0.01;0.01;0;0;0;0;0;0;0;0;0;0;0;0;;;;;
2026-04-22;O_KCHOLE0426C250.00;KCHOL_04/2026_AVRUPA_OPSIYON;D_EQ;SSO;D_EQ_ECP;DE_KCHOL_ECP;KCHOL.E;2026-04-30;0.01;0.01;0;0;0;0;0;0;0;0;0;0;0;0;;;;;
2026-04-22;O_KCHOLE0426C260.00;KCHOL_04/2026_AVRUPA_OPSIYON;D_EQ;SSO;D_EQ_ECP;DE_KCHOL_ECP;KCHOL.E;2026-04-30;0.01;0.01;0;0;0;0;0;0;0;0;0;0;0;0;;;;;
2026-04-22;O_KCHOLE0426C270.00;KCHOL_04/2026_AVRUPA_OPSIYON;D_EQ;SSO;D_EQ_ECP;DE_KCHOL_ECP;KCHOL.E;2026-04-30;0.01;0.01;0;0;0;0;0;0;0;0;0;0;0;0;;;;;
2026-04-22;O_KCHOLE0426C280.00;KCHOL_04/2026_AVRUPA_OPSIYON;D_EQ;SSO;D_EQ_ECP;DE_KCHOL_ECP;KCHOL.E;2026-04-30;0.01;0.01;0;0;0;0;0;0;0;0;0;0;0;0;;;;;
2026-04-22;O_KCHOLE0426C290.00;KCHOL_04/2026_AVRUPA_OPSIYON;D_EQ;SSO;D_EQ_ECP;DE_KCHOL_ECP;KCHOL.E;2026-04-30;0.01;0.01;0;0;0;0;0;0;0;0;0;0;0;0;;;;;
2026-04-22;O_KCHOLE0426P165.00;KCHOL_04/2026_AVRUPA_OPSIYON;D_EQ;SSO;D_EQ_EPP;DE_KCHOL_EPP;KCHOL.E;2026-04-30;0.01;0.01;0;0;0;0;0;0;0;0;0;0;0;0;;;;;
2026-04-22;O_KCHOLE0426P170.00;KCHOL_04/2026_AVRUPA_OPSIYON;D_EQ;SSO;D_EQ_EPP;DE_KCHOL_EPP;KCHOL.E;2026-04-30;0.01;0.01;0;0;0;0;0;0;0;0;0;0;4;0;;;;;
2026-04-22;O_KCHOLE0426P175.00;KCHOL_04/2026_AVRUPA_OPSIYON;D_EQ;SSO;D_EQ_EPP;DE_KCHOL_EPP;KCHOL.E;2026-04-30;0.01;0.01;0;0;0;0;0;0;0;0;0;0;61;0;;;;;
2026-04-22;O_KCHOLE0426P180.00;KCHOL_04/2026_AVRUPA_OPSIYON;D_EQ;SSO;D_EQ_EPP;DE_KCHOL_EPP;KCHOL.E;2026-04-30;0.02;0.02;0;0;0;0;0;0;0;0;0;0;20;0;;;;;
2026-04-22;O_KCHOLE0426P185.00;KCHOL_04/2026_AVRUPA_OPSIYON;D_EQ;SSO;D_EQ_EPP;DE_KCHOL_EPP;KCHOL.E;2026-04-30;0.07;0.08;-12.5;0;0;0;0;0;0;0;0;0;1136;0;;;;;
2026-04-22;O_KCHOLE0426P190.00;KCHOL_04/2026_AVRUPA_OPSIYON;D_EQ;SSO;D_EQ_EPP;DE_KCHOL_EPP;KCHOL.E;2026-04-30;0.26;0.26;0;0.26;0.26;0.26;0.26;0.26;19000;26;1;1;1826;1;;;;;
2026-04-22;O_KCHOLE0426P195.00;KCHOL_04/2026_AVRUPA_OPSIYON;D_EQ;SSO;D_EQ_EPP;DE_KCHOL_EPP;KCHOL.E;2026-04-30;0.74;0.72;2.78;1.14;1.14;1.23;1.23;1.18;4875000;29430;250;3;184;-192;;;;;
2026-04-22;O_KCHOLE0426P200.00;KCHOL_04/2026_AVRUPA_OPSIYON;D_EQ;SSO;D_EQ_EPP;DE_KCHOL_EPP;KCHOL.E;2026-04-30;1.76;1.67;5.39;0;0;0;0;0;0;0;0;0;326;0;;;;;
2026-04-22;O_KCHOLE0426P205.00;KCHOL_04/2026_AVRUPA_OPSIYON;D_EQ;SSO;D_EQ_EPP;DE_KCHOL_EPP;KCHOL.E;2026-04-30;3.56;3.31;7.55;3.09;3.09;3.09;3.09;3.09;410000;6180;20;2;118;-20;;;;;
2026-04-22;O_KCHOLE0426P210.00;KCHOL_04/2026_AVRUPA_OPSIYON;D_EQ;SSO;D_EQ_EPP;DE_KCHOL_EPP;KCHOL.E;2026-04-30;6.25;5.76;8.51;5.19;5.19;5.55;5.55;5.39;3318000;85170;158;16;172;-18;;;;;
2026-04-22;O_KCHOLE0426P215.00;KCHOL_04/2026_AVRUPA_OPSIYON;D_EQ;SSO;D_EQ_EPP;DE_KCHOL_EPP;KCHOL.E;2026-04-30;9.77;9.03;8.19;8.67;8.67;9;9;8.97;2107000;87870;98;10;128;78;;;;;
2026-04-22;O_KCHOLE0426P220.00;KCHOL_04/2026_AVRUPA_OPSIYON;D_EQ;SSO;D_EQ_EPP;DE_KCHOL_EPP;KCHOL.E;2026-04-30;13.93;12.96;7.48;0;0;0;0;0;0;0;0;0;0;0;;;;;
2026-04-22;O_KCHOLE0426P225.00;KCHOL_04/2026_AVRUPA_OPSIYON;D_EQ;SSO;D_EQ_EPP;DE_KCHOL_EPP;KCHOL.E;2026-04-30;18.5;17.35;6.63;0;0;0;0;0;0;0;0;0;0;0;;;;;
2026-04-22;O_KCHOLE0426P230.00;KCHOL_04/2026_AVRUPA_OPSIYON;D_EQ;SSO;D_EQ_EPP;DE_KCHOL_EPP;KCHOL.E;2026-04-30;23.29;22.04;5.67;0;0;0;0;0;0;0;0;0;0;0;;;;;
2026-04-22;O_KCHOLE0426P235.00;KCHOL_04/2026_AVRUPA_OPSIYON;D_EQ;SSO;D_EQ_EPP;DE_KCHOL_EPP;KCHOL.E;2026-04-30;28.18;26.88;4.84;0;0;0;0;0;0;0;0;0;0;0;;;;;
2026-04-22;O_KCHOLE0426P240.00;KCHOL_04/2026_AVRUPA_OPSIYON;D_EQ;SSO;D_EQ_EPP;DE_KCHOL_EPP;KCHOL.E;2026-04-30;33.12;31.78;4.22;0;0;0;0;0;0;0;0;0;0;0;;;;;
2026-04-22;O_KCHOLE0426P245.00;KCHOL_04/2026_AVRUPA_OPSIYON;D_EQ;SSO;D_EQ_EPP;DE_KCHOL_EPP;KCHOL.E;2026-04-30;38.07;36.72;3.68;0;0;0;0;0;0;0;0;0;0;0;;;;;
2026-04-22;O_KCHOLE0526C190.00;KCHOL_05/2026_AVRUPA_OPSIYON;D_EQ;SSO;D_EQ_ECP;DE_KCHOL_ECP;KCHOL.E;2026-05-25;23.02;24.23;-4.99;0;0;0;0;0;0;0;0;0;0;0;;;;;
2026-04-22;O_KCHOLE0526C195.00;KCHOL_05/2026_AVRUPA_OPSIYON;D_EQ;SSO;D_EQ_ECP;DE_KCHOL_ECP;KCHOL.E;2026-05-25;19.14;20.31;-5.76;0;0;0;0;0;0;0;0;0;0;0;;;;;
2026-04-22;O_KCHOLE0526C200.00;KCHOL_05/2026_AVRUPA_OPSIYON;D_EQ;SSO;D_EQ_ECP;DE_KCHOL_ECP;KCHOL.E;2026-05-25;15.6;16.73;-6.75;0;0;0;0;0;0;0;0;0;20;0;;;;;
2026-04-22;O_KCHOLE0526C205.00;KCHOL_05/2026_AVRUPA_OPSIYON;D_EQ;SSO;D_EQ_ECP;DE_KCHOL_ECP;KCHOL.E;2026-05-25;12.48;13.53;-7.76;0;0;0;0;0;0;0;0;0;4040;0;;;;;
2026-04-22;O_KCHOLE0526C210.00;KCHOL_05/2026_AVRUPA_OPSIYON;D_EQ;SSO;D_EQ_ECP;DE_KCHOL_ECP;KCHOL.E;2026-05-25;9.77;10.73;-8.95;0;0;0;0;0;0;0;0;0;0;0;;;;;
2026-04-22;O_KCHOLE0526C215.00;KCHOL_05/2026_AVRUPA_OPSIYON;D_EQ;SSO;D_EQ_ECP;DE_KCHOL_ECP;KCHOL.E;2026-05-25;7.5;8.34;-10.07;0;0;0;0;0;0;0;0;0;0;0;;;;;
2026-04-22;O_KCHOLE0526C220.00;KCHOL_05/2026_AVRUPA_OPSIYON;D_EQ;SSO;D_EQ_ECP;DE_KCHOL_ECP;KCHOL.E;2026-05-25;5.64;6.36;-11.32;5;5;5;5;5;110000;2500;5;1;5;4;;;;;
2026-04-22;O_KCHOLE0526C225.00;KCHOL_05/2026_AVRUPA_OPSIYON;D_EQ;SSO;D_EQ_ECP;DE_KCHOL_ECP;KCHOL.E;2026-05-25;4.17;4.75;-12.21;0;0;0;0;0;0;0;0;0;0;0;;;;;
2026-04-22;O_KCHOLE0526C230.00;KCHOL_05/2026_AVRUPA_OPSIYON;D_EQ;SSO;D_EQ_ECP;DE_KCHOL_ECP;KCHOL.E;2026-05-25;3.03;3.49;-13.18;0;0;0;0;0;0;0;0;0;0;0;;;;;
2026-04-22;O_KCHOLE0526C235.00;KCHOL_05/2026_AVRUPA_OPSIYON;D_EQ;SSO;D_EQ_ECP;DE_KCHOL_ECP;KCHOL.E;2026-05-25;2.16;2.51;-13.94;0;0;0;0;0;0;0;0;0;0;0;;;;;
2026-04-22;O_KCHOLE0526C240.00;KCHOL_05/2026_AVRUPA_OPSIYON;D_EQ;SSO;D_EQ_ECP;DE_KCHOL_ECP;KCHOL.E;2026-05-25;1.51;1.77;-14.69;0;0;0;0;0;0;0;0;0;0;0;;;;;
2026-04-22;O_KCHOLE0526C245.00;KCHOL_05/2026_AVRUPA_OPSIYON;D_EQ;SSO;D_EQ_ECP;DE_KCHOL_ECP;KCHOL.E;2026-05-25;1.05;1.22;-13.93;1.32;0.93;1.32;0.96;1.01;9261000;38178;378;6;943;378;;;;;
2026-04-22;O_KCHOLE0526C250.00;KCHOL_05/2026_AVRUPA_OPSIYON;D_EQ;SSO;D_EQ_ECP;DE_KCHOL_ECP;KCHOL.E;2026-05-25;0.71;0.83;-14.46;0.99;0.99;0.99;0.99;0.99;1575000;6237;63;1;252;63;;;;;
2026-04-22;O_KCHOLE0526P165.00;KCHOL_05/2026_AVRUPA_OPSIYON;D_EQ;SSO;D_EQ_EPP;DE_KCHOL_EPP;KCHOL.E;2026-05-25;0.08;0.07;14.29;0;0;0;0;0;0;0;0;0;0;0;;;;;
2026-04-22;O_KCHOLE0526P170.00;KCHOL_05/2026_AVRUPA_OPSIYON;D_EQ;SSO;D_EQ_EPP;DE_KCHOL_EPP;KCHOL.E;2026-05-25;0.16;0.15;6.67;0;0;0;0;0;0;0;0;0;0;0;;;;;
2026-04-22;O_KCHOLE0526P175.00;KCHOL_05/2026_AVRUPA_OPSIYON;D_EQ;SSO;D_EQ_EPP;DE_KCHOL_EPP;KCHOL.E;2026-05-25;0.32;0.3;6.67;0;0;0;0;0;0;0;0;0;3;0;;;;;
2026-04-22;O_KCHOLE0526P180.00;KCHOL_05/2026_AVRUPA_OPSIYON;D_EQ;SSO;D_EQ_EPP;DE_KCHOL_EPP;KCHOL.E;2026-05-25;0.6;0.56;7.14;0;0;0;0;0;0;0;0;0;0;0;;;;;
2026-04-22;O_KCHOLE0526P185.00;KCHOL_05/2026_AVRUPA_OPSIYON;D_EQ;SSO;D_EQ_EPP;DE_KCHOL_EPP;KCHOL.E;2026-05-25;1.04;0.98;6.12;0;0;0;0;0;0;0;0;0;0;0;;;;;
2026-04-22;O_KCHOLE0526P190.00;KCHOL_05/2026_AVRUPA_OPSIYON;D_EQ;SSO;D_EQ_EPP;DE_KCHOL_EPP;KCHOL.E;2026-05-25;1.7;1.62;4.94;0;0;0;0;0;0;0;0;0;750;0;;;;;
2026-04-22;O_KCHOLE0526P195.00;KCHOL_05/2026_AVRUPA_OPSIYON;D_EQ;SSO;D_EQ_EPP;DE_KCHOL_EPP;KCHOL.E;2026-05-25;2.65;2.53;4.74;0;0;0;0;0;0;0;0;0;0;0;;;;;
2026-04-22;O_KCHOLE0526P200.00;KCHOL_05/2026_AVRUPA_OPSIYON;D_EQ;SSO;D_EQ_EPP;DE_KCHOL_EPP;KCHOL.E;2026-05-25;3.95;3.78;4.5;0;0;0;0;0;0;0;0;0;0;0;;;;;
2026-04-22;O_KCHOLE0526P205.00;KCHOL_05/2026_AVRUPA_OPSIYON;D_EQ;SSO;D_EQ_EPP;DE_KCHOL_EPP;KCHOL.E;2026-05-25;5.65;5.4;4.63;0;0;0;0;0;0;0;0;0;0;0;;;;;
2026-04-22;O_KCHOLE0526P210.00;KCHOL_05/2026_AVRUPA_OPSIYON;D_EQ;SSO;D_EQ_EPP;DE_KCHOL_EPP;KCHOL.E;2026-05-25;7.78;7.42;4.85;0;0;0;0;0;0;0;0;0;0;0;;;;;
2026-04-22;O_KCHOLE0526P215.00;KCHOL_05/2026_AVRUPA_OPSIYON;D_EQ;SSO;D_EQ_EPP;DE_KCHOL_EPP;KCHOL.E;2026-05-25;10.34;9.86;4.87;0;0;0;0;0;0;0;0;0;167;0;;;;;
2026-04-22;O_KCHOLE0526P220.00;KCHOL_05/2026_AVRUPA_OPSIYON;D_EQ;SSO;D_EQ_EPP;DE_KCHOL_EPP;KCHOL.E;2026-05-25;13.31;12.71;4.72;0;0;0;0;0;0;0;0;0;20;0;;;;;
2026-04-22;O_KCHOLE0526P225.00;KCHOL_05/2026_AVRUPA_OPSIYON;D_EQ;SSO;D_EQ_EPP;DE_KCHOL_EPP;KCHOL.E;2026-05-25;16.67;15.93;4.65;0;0;0;0;0;0;0;0;0;0;0;;;;;
2026-04-22;O_KCHOLE0626C205.00;KCHOL_06/2026_AVRUPA_OPSIYON;D_EQ;SSO;D_EQ_ECP;DE_KCHOL_ECP;KCHOL.E;2026-06-30;22.5;23.7;-5.06;0;0;0;0;0;0;0;0;0;0;0;;;;;
2026-04-22;O_KCHOLE0626C210.00;KCHOL_06/2026_AVRUPA_OPSIYON;D_EQ;SSO;D_EQ_ECP;DE_KCHOL_ECP;KCHOL.E;2026-06-30;19.49;20.63;-5.53;0;0;0;0;0;0;0;0;0;0;0;;;;;
2026-04-22;O_KCHOLE0626C215.00;KCHOL_06/2026_AVRUPA_OPSIYON;D_EQ;SSO;D_EQ_ECP;DE_KCHOL_ECP;KCHOL.E;2026-06-30;16.74;17.83;-6.11;0;0;0;0;0;0;0;0;0;0;0;;;;;
2026-04-22;O_KCHOLE0626C220.00;KCHOL_06/2026_AVRUPA_OPSIYON;D_EQ;SSO;D_EQ_ECP;DE_KCHOL_ECP;KCHOL.E;2026-06-30;14.27;15.28;-6.61;0;0;0;0;0;0;0;0;0;0;0;;;;;
2026-04-22;O_KCHOLE0626C225.00;KCHOL_06/2026_AVRUPA_OPSIYON;D_EQ;SSO;D_EQ_ECP;DE_KCHOL_ECP;KCHOL.E;2026-06-30;12.08;13.01;-7.15;0;0;0;0;0;0;0;0;0;0;0;;;;;
2026-04-22;O_KCHOLE0626C230.00;KCHOL_06/2026_AVRUPA_OPSIYON;D_EQ;SSO;D_EQ_ECP;DE_KCHOL_ECP;KCHOL.E;2026-06-30;10.16;10.98;-7.47;0;0;0;0;0;0;0;0;0;0;0;;;;;
2026-04-22;O_KCHOLE0626C235.00;KCHOL_06/2026_AVRUPA_OPSIYON;D_EQ;SSO;D_EQ_ECP;DE_KCHOL_ECP;KCHOL.E;2026-06-30;8.5;9.2;-7.61;0;0;0;0;0;0;0;0;0;0;0;;;;;
2026-04-22;O_KCHOLE0626C240.00;KCHOL_06/2026_AVRUPA_OPSIYON;D_EQ;SSO;D_EQ_ECP;DE_KCHOL_ECP;KCHOL.E;2026-06-30;7.07;7.66;-7.7;0;0;0;0;0;0;0;0;0;0;0;;;;;
2026-04-22;O_KCHOLE0626C245.00;KCHOL_06/2026_AVRUPA_OPSIYON;D_EQ;SSO;D_EQ_ECP;DE_KCHOL_ECP;KCHOL.E;2026-06-30;5.84;6.33;-7.74;0;0;0;0;0;0;0;0;0;13000;0;;;;;
2026-04-22;O_KCHOLE0626C250.00;KCHOL_06/2026_AVRUPA_OPSIYON;D_EQ;SSO;D_EQ_ECP;DE_KCHOL_ECP;KCHOL.E;2026-06-30;4.8;5.19;-7.51;0;0;0;0;0;0;0;0;0;0;0;;;;;
2026-04-22;O_KCHOLE0626C260.00;KCHOL_06/2026_AVRUPA_OPSIYON;D_EQ;SSO;D_EQ_ECP;DE_KCHOL_ECP;KCHOL.E;2026-06-30;3.19;3.43;-7;0;0;0;0;0;0;0;0;0;0;0;;;;;
2026-04-22;O_KCHOLE0626C270.00;KCHOL_06/2026_AVRUPA_OPSIYON;D_EQ;SSO;D_EQ_ECP;DE_KCHOL_ECP;KCHOL.E;2026-06-30;2.09;2.21;-5.43;0;0;0;0;0;0;0;0;0;0;0;;;;;
2026-04-22;O_KCHOLE0626P180.00;KCHOL_06/2026_AVRUPA_OPSIYON;D_EQ;SSO;D_EQ_EPP;DE_KCHOL_EPP;KCHOL.E;2026-06-30;1.14;1.09;4.59;0;0;0;0;0;0;0;0;0;0;0;;;;;
2026-04-22;O_KCHOLE0626P185.00;KCHOL_06/2026_AVRUPA_OPSIYON;D_EQ;SSO;D_EQ_EPP;DE_KCHOL_EPP;KCHOL.E;2026-06-30;1.65;1.58;4.43;0;0;0;0;0;0;0;0;0;0;0;;;;;
2026-04-22;O_KCHOLE0626P190.00;KCHOL_06/2026_AVRUPA_OPSIYON;D_EQ;SSO;D_EQ_EPP;DE_KCHOL_EPP;KCHOL.E;2026-06-30;2.31;2.23;3.59;0;0;0;0;0;0;0;0;0;0;0;;;;;
2026-04-22;O_KCHOLE0626P195.00;KCHOL_06/2026_AVRUPA_OPSIYON;D_EQ;SSO;D_EQ_EPP;DE_KCHOL_EPP;KCHOL.E;2026-06-30;3.17;3.07;3.26;0;0;0;0;0;0;0;0;0;0;0;;;;;
2026-04-22;O_KCHOLE0626P200.00;KCHOL_06/2026_AVRUPA_OPSIYON;D_EQ;SSO;D_EQ_EPP;DE_KCHOL_EPP;KCHOL.E;2026-06-30;4.23;4.11;2.92;0;0;0;0;0;0;0;0;0;0;0;;;;;
2026-04-22;O_KCHOLE0626P205.00;KCHOL_06/2026_AVRUPA_OPSIYON;D_EQ;SSO;D_EQ_EPP;DE_KCHOL_EPP;KCHOL.E;2026-06-30;5.53;5.39;2.6;0;0;0;0;0;0;0;0;0;0;0;;;;;
2026-04-22;O_KCHOLE0626P210.00;KCHOL_06/2026_AVRUPA_OPSIYON;D_EQ;SSO;D_EQ_EPP;DE_KCHOL_EPP;KCHOL.E;2026-06-30;7.1;6.9;2.9;0;0;0;0;0;0;0;0;0;0;0;;;;;
2026-04-22;O_KCHOLE0626P215.00;KCHOL_06/2026_AVRUPA_OPSIYON;D_EQ;SSO;D_EQ_EPP;DE_KCHOL_EPP;KCHOL.E;2026-06-30;8.93;8.67;3;0;0;0;0;0;0;0;0;0;0;0;;;;;
2026-04-22;O_KCHOLE0626P220.00;KCHOL_06/2026_AVRUPA_OPSIYON;D_EQ;SSO;D_EQ_EPP;DE_KCHOL_EPP;KCHOL.E;2026-06-30;11.05;10.71;3.17;0;0;0;0;0;0;0;0;0;0;0;;;;;
2026-04-22;O_KCHOLE0626P225.00;KCHOL_06/2026_AVRUPA_OPSIYON;D_EQ;SSO;D_EQ_EPP;DE_KCHOL_EPP;KCHOL.E;2026-06-30;13.44;13.01;3.31;0;0;0;0;0;0;0;0;0;0;0;;;;;
2026-04-22;O_KCHOLE0626P230.00;KCHOL_06/2026_AVRUPA_OPSIYON;D_EQ;SSO;D_EQ_EPP;DE_KCHOL_EPP;KCHOL.E;2026-06-30;16.1;15.56;3.47;0;0;0;0;0;0;0;0;0;0;0;;;;;
2026-04-22;O_KCHOLE0626P235.00;KCHOL_06/2026_AVRUPA_OPSIYON;D_EQ;SSO;D_EQ_EPP;DE_KCHOL_EPP;KCHOL.E;2026-06-30;19.03;18.36;3.65;0;0;0;0;0;0;0;0;0;0;0;;;;;
2026-04-22;O_KRDMDE0426C29.00;KRDMD_04/2026_AVRUPA_OPSIYON;D_EQ;SSO;D_EQ_ECP;DE_KRDMD_ECP;KRDMD.E;2026-04-30;7.4;7.37;0.41;0;0;0;0;0;0;0;0;0;76;0;;;;;
2026-04-22;O_KRDMDE0426C30.00;KRDMD_04/2026_AVRUPA_OPSIYON;D_EQ;SSO;D_EQ_ECP;DE_KRDMD_ECP;KRDMD.E;2026-04-30;6.41;6.38;0.47;0;0;0;0;0;0;0;0;0;150;0;;;;;
2026-04-22;O_KRDMDE0426C31.00;KRDMD_04/2026_AVRUPA_OPSIYON;D_EQ;SSO;D_EQ_ECP;DE_KRDMD_ECP;KRDMD.E;2026-04-30;5.42;5.4;0.37;0;0;0;0;0;0;0;0;0;266;0;;;;;
2026-04-22;O_KRDMDE0426C32.00;KRDMD_04/2026_AVRUPA_OPSIYON;D_EQ;SSO;D_EQ_ECP;DE_KRDMD_ECP;KRDMD.E;2026-04-30;4.44;4.42;0.45;0;0;0;0;0;0;0;0;0;200;0;;;;;
2026-04-22;O_KRDMDE0426C33.00;KRDMD_04/2026_AVRUPA_OPSIYON;D_EQ;SSO;D_EQ_ECP;DE_KRDMD_ECP;KRDMD.E;2026-04-30;3.49;3.48;0.29;0;0;0;0;0;0;0;0;0;226;0;;;;;
2026-04-22;O_KRDMDE0426C34.00;KRDMD_04/2026_AVRUPA_OPSIYON;D_EQ;SSO;D_EQ_ECP;DE_KRDMD_ECP;KRDMD.E;2026-04-30;2.59;2.6;-0.38;0;0;0;0;0;0;0;0;0;279;0;;;;;
2026-04-22;O_KRDMDE0426C35.00;KRDMD_04/2026_AVRUPA_OPSIYON;D_EQ;SSO;D_EQ_ECP;DE_KRDMD_ECP;KRDMD.E;2026-04-30;1.8;1.83;-1.64;1.71;1.71;1.71;1.71;1.71;175000;8550;50;2;21;-9;;;;;
2026-04-22;O_KRDMDE0426C36.00;KRDMD_04/2026_AVRUPA_OPSIYON;D_EQ;SSO;D_EQ_ECP;DE_KRDMD_ECP;KRDMD.E;2026-04-30;1.15;1.2;-4.17;1.07;1.07;1.07;1.07;1.07;180000;5350;50;2;376;50;;;;;
2026-04-22;O_KRDMDE0426C37.00;KRDMD_04/2026_AVRUPA_OPSIYON;D_EQ;SSO;D_EQ_ECP;DE_KRDMD_ECP;KRDMD.E;2026-04-30;0.67;0.72;-6.94;0;0;0;0;0;0;0;0;0;509;0;;;;;
2026-04-22;O_KRDMDE0426C38.00;KRDMD_04/2026_AVRUPA_OPSIYON;D_EQ;SSO;D_EQ_ECP;DE_KRDMD_ECP;KRDMD.E;2026-04-30;0.36;0.4;-10;0;0;0;0;0;0;0;0;0;36;0;;;;;
2026-04-22;O_KRDMDE0426C39.00;KRDMD_04/2026_AVRUPA_OPSIYON;D_EQ;SSO;D_EQ_ECP;DE_KRDMD_ECP;KRDMD.E;2026-04-30;0.17;0.21;-19.05;0;0;0;0;0;0;0;0;0;684;0;;;;;
2026-04-22;O_KRDMDE0426C40.00;KRDMD_04/2026_AVRUPA_OPSIYON;D_EQ;SSO;D_EQ_ECP;DE_KRDMD_ECP;KRDMD.E;2026-04-30;0.07;0.1;-30;0.04;0.04;0.04;0.04;0.04;4000;4;1;1;1006;1;;;;;
2026-04-22;O_KRDMDE0426C41.00;KRDMD_04/2026_AVRUPA_OPSIYON;D_EQ;SSO;D_EQ_ECP;DE_KRDMD_ECP;KRDMD.E;2026-04-30;0.03;0.04;-25;0;0;0;0;0;0;0;0;0;412;0;;;;;
2026-04-22;O_KRDMDE0426C42.00;KRDMD_04/2026_AVRUPA_OPSIYON;D_EQ;SSO;D_EQ_ECP;DE_KRDMD_ECP;KRDMD.E;2026-04-30;0.01;0.02;-50;0;0;0;0;0;0;0;0;0;654;0;;;;;
2026-04-22;O_KRDMDE0426C43.00;KRDMD_04/2026_AVRUPA_OPSIYON;D_EQ;SSO;D_EQ_ECP;DE_KRDMD_ECP;KRDMD.E;2026-04-30;0.01;0.01;0;0;0;0;0;0;0;0;0;0;0;0;;;;;
2026-04-22;O_KRDMDE0426C44.00;KRDMD_04/2026_AVRUPA_OPSIYON;D_EQ;SSO;D_EQ_ECP;DE_KRDMD_ECP;KRDMD.E;2026-04-30;0.01;0.01;0;0;0;0;0;0;0;0;0;0;0;0;;;;;
2026-04-22;O_KRDMDE0426P24.50;KRDMD_04/2026_AVRUPA_OPSIYON;D_EQ;SSO;D_EQ_EPP;DE_KRDMD_EPP;KRDMD.E;2026-04-30;0.01;0.01;0;0;0;0;0;0;0;0;0;0;0;0;;;;;
2026-04-22;O_KRDMDE0426P25.00;KRDMD_04/2026_AVRUPA_OPSIYON;D_EQ;SSO;D_EQ_EPP;DE_KRDMD_EPP;KRDMD.E;2026-04-30;0.01;0.01;0;0;0;0;0;0;0;0;0;0;0;0;;;;;
2026-04-22;O_KRDMDE0426P26.00;KRDMD_04/2026_AVRUPA_OPSIYON;D_EQ;SSO;D_EQ_EPP;DE_KRDMD_EPP;KRDMD.E;2026-04-30;0.01;0.01;0;0;0;0;0;0;0;0;0;0;510;0;;;;;
2026-04-22;O_KRDMDE0426P27.00;KRDMD_04/2026_AVRUPA_OPSIYON;D_EQ;SSO;D_EQ_EPP;DE_KRDMD_EPP;KRDMD.E;2026-04-30;0.01;0.01;0;0;0;0;0;0;0;0;0;0;0;0;;;;;
2026-04-22;O_KRDMDE0426P28.00;KRDMD_04/2026_AVRUPA_OPSIYON;D_EQ;SSO;D_EQ_EPP;DE_KRDMD_EPP;KRDMD.E;2026-04-30;0.01;0.01;0;0;0;0;0;0;0;0;0;0;400;0;;;;;
2026-04-22;O_KRDMDE0426P29.00;KRDMD_04/2026_AVRUPA_OPSIYON;D_EQ;SSO;D_EQ_EPP;DE_KRDMD_EPP;KRDMD.E;2026-04-30;0.01;0.01;0;0;0;0;0;0;0;0;0;0;104;0;;;;;
2026-04-22;O_KRDMDE0426P30.00;KRDMD_04/2026_AVRUPA_OPSIYON;D_EQ;SSO;D_EQ_EPP;DE_KRDMD_EPP;KRDMD.E;2026-04-30;0.01;0.01;0;0;0;0;0;0;0;0;0;0;321;0;;;;;
2026-04-22;O_KRDMDE0426P31.00;KRDMD_04/2026_AVRUPA_OPSIYON;D_EQ;SSO;D_EQ_EPP;DE_KRDMD_EPP;KRDMD.E;2026-04-30;0.01;0.01;0;0;0;0;0;0;0;0;0;0;382;0;;;;;
2026-04-22;O_KRDMDE0426P32.00;KRDMD_04/2026_AVRUPA_OPSIYON;D_EQ;SSO;D_EQ_EPP;DE_KRDMD_EPP;KRDMD.E;2026-04-30;0.01;0.02;-50;0;0;0;0;0;0;0;0;0;1416;0;;;;;
2026-04-22;O_KRDMDE0426P33.00;KRDMD_04/2026_AVRUPA_OPSIYON;D_EQ;SSO;D_EQ_EPP;DE_KRDMD_EPP;KRDMD.E;2026-04-30;0.05;0.07;-28.57;0.08;0.08;0.08;0.08;0.08;3300;8;1;1;1206;1;;;;;
2026-04-22;O_KRDMDE0426P34.00;KRDMD_04/2026_AVRUPA_OPSIYON;D_EQ;SSO;D_EQ_EPP;DE_KRDMD_EPP;KRDMD.E;2026-04-30;0.15;0.18;-16.67;0;0;0;0;0;0;0;0;0;983;0;;;;;
2026-04-22;O_KRDMDE0426P35.00;KRDMD_04/2026_AVRUPA_OPSIYON;D_EQ;SSO;D_EQ_EPP;DE_KRDMD_EPP;KRDMD.E;2026-04-30;0.35;0.4;-12.5;0;0;0;0;0;0;0;0;0;989;0;;;;;
2026-04-22;O_KRDMDE0426P36.00;KRDMD_04/2026_AVRUPA_OPSIYON;D_EQ;SSO;D_EQ_EPP;DE_KRDMD_EPP;KRDMD.E;2026-04-30;0.69;0.76;-9.21;0;0;0;0;0;0;0;0;0;835;0;;;;;
2026-04-22;O_KRDMDE0426P37.00;KRDMD_04/2026_AVRUPA_OPSIYON;D_EQ;SSO;D_EQ_EPP;DE_KRDMD_EPP;KRDMD.E;2026-04-30;1.21;1.28;-5.47;1.3;1.3;1.34;1.34;1.34;188700;6830;51;3;576;-49;;;;;
2026-04-22;O_KRDMDE0426P38.00;KRDMD_04/2026_AVRUPA_OPSIYON;D_EQ;SSO;D_EQ_EPP;DE_KRDMD_EPP;KRDMD.E;2026-04-30;1.88;1.95;-3.59;0;0;0;0;0;0;0;0;0;1100;0;;;;;
2026-04-22;O_KRDMDE0426P39.00;KRDMD_04/2026_AVRUPA_OPSIYON;D_EQ;SSO;D_EQ_EPP;DE_KRDMD_EPP;KRDMD.E;2026-04-30;2.69;2.74;-1.82;0;0;0;0;0;0;0;0;0;1450;0;;;;;
2026-04-22;O_KRDMDE0526C29.00;KRDMD_05/2026_AVRUPA_OPSIYON;D_EQ;SSO;D_EQ_ECP;DE_KRDMD_ECP;KRDMD.E;2026-05-25;8.17;8.15;0.25;0;0;0;0;0;0;0;0;0;0;0;;;;;
2026-04-22;O_KRDMDE0526C30.00;KRDMD_05/2026_AVRUPA_OPSIYON;D_EQ;SSO;D_EQ_ECP;DE_KRDMD_ECP;KRDMD.E;2026-05-25;7.24;7.22;0.28;0;0;0;0;0;0;0;0;0;0;0;;;;;
2026-04-22;O_KRDMDE0526C31.00;KRDMD_05/2026_AVRUPA_OPSIYON;D_EQ;SSO;D_EQ_ECP;DE_KRDMD_ECP;KRDMD.E;2026-05-25;6.34;6.32;0.32;0;0;0;0;0;0;0;0;0;0;0;;;;;
2026-04-22;O_KRDMDE0526C32.00;KRDMD_05/2026_AVRUPA_OPSIYON;D_EQ;SSO;D_EQ_ECP;DE_KRDMD_ECP;KRDMD.E;2026-05-25;5.47;5.46;0.18;0;0;0;0;0;0;0;0;0;0;0;;;;;
2026-04-22;O_KRDMDE0526C33.00;KRDMD_05/2026_AVRUPA_OPSIYON;D_EQ;SSO;D_EQ_ECP;DE_KRDMD_ECP;KRDMD.E;2026-05-25;4.65;4.65;0;0;0;0;0;0;0;0;0;0;351;0;;;;;
2026-04-22;O_KRDMDE0526C34.00;KRDMD_05/2026_AVRUPA_OPSIYON;D_EQ;SSO;D_EQ_ECP;DE_KRDMD_ECP;KRDMD.E;2026-05-25;3.88;3.89;-0.26;0;0;0;0;0;0;0;0;0;251;0;;;;;
2026-04-22;O_KRDMDE0526C35.00;KRDMD_05/2026_AVRUPA_OPSIYON;D_EQ;SSO;D_EQ_ECP;DE_KRDMD_ECP;KRDMD.E;2026-05-25;3.19;3.21;-0.62;3;3;3;3;3;3500;300;1;1;378;1;;;;;
2026-04-22;O_KRDMDE0526C36.00;KRDMD_05/2026_AVRUPA_OPSIYON;D_EQ;SSO;D_EQ_ECP;DE_KRDMD_ECP;KRDMD.E;2026-05-25;2.58;2.6;-0.77;0;0;0;0;0;0;0;0;0;725;0;;;;;
2026-04-22;O_KRDMDE0526C37.00;KRDMD_05/2026_AVRUPA_OPSIYON;D_EQ;SSO;D_EQ_ECP;DE_KRDMD_ECP;KRDMD.E;2026-05-25;2.04;2.07;-1.45;0;0;0;0;0;0;0;0;0;250;0;;;;;
2026-04-22;O_KRDMDE0526C38.00;KRDMD_05/2026_AVRUPA_OPSIYON;D_EQ;SSO;D_EQ_ECP;DE_KRDMD_ECP;KRDMD.E;2026-05-25;1.59;1.62;-1.85;0;0;0;0;0;0;0;0;0;200;0;;;;;
2026-04-22;O_KRDMDE0526C39.00;KRDMD_05/2026_AVRUPA_OPSIYON;D_EQ;SSO;D_EQ_ECP;DE_KRDMD_ECP;KRDMD.E;2026-05-25;1.22;1.25;-2.4;0;0;0;0;0;0;0;0;0;150;0;;;;;
2026-04-22;O_KRDMDE0526C40.00;KRDMD_05/2026_AVRUPA_OPSIYON;D_EQ;SSO;D_EQ_ECP;DE_KRDMD_ECP;KRDMD.E;2026-05-25;0.91;0.94;-3.19;0;0;0;0;0;0;0;0;0;300;0;;;;;
2026-04-22;O_KRDMDE0526C41.00;KRDMD_05/2026_AVRUPA_OPSIYON;D_EQ;SSO;D_EQ_ECP;DE_KRDMD_ECP;KRDMD.E;2026-05-25;0.67;0.7;-4.29;0;0;0;0;0;0;0;0;0;150;0;;;;;
2026-04-22;O_KRDMDE0526C42.00;KRDMD_05/2026_AVRUPA_OPSIYON;D_EQ;SSO;D_EQ_ECP;DE_KRDMD_ECP;KRDMD.E;2026-05-25;0.49;0.51;-3.92;0;0;0;0;0;0;0;0;0;0;0;;;;;
2026-04-22;O_KRDMDE0526C43.00;KRDMD_05/2026_AVRUPA_OPSIYON;D_EQ;SSO;D_EQ_ECP;DE_KRDMD_ECP;KRDMD.E;2026-05-25;0.35;0.37;-5.41;0;0;0;0;0;0;0;0;0;0;0;;;;;
2026-04-22;O_KRDMDE0526C44.00;KRDMD_05/2026_AVRUPA_OPSIYON;D_EQ;SSO;D_EQ_ECP;DE_KRDMD_ECP;KRDMD.E;2026-05-25;0.24;0.26;-7.69;0;0;0;0;0;0;0;0;0;0;0;;;;;
2026-04-22;O_KRDMDE0526C45.00;KRDMD_05/2026_AVRUPA_OPSIYON;D_EQ;SSO;D_EQ_ECP;DE_KRDMD_ECP;KRDMD.E;2026-05-25;0.17;0.18;-5.56;0;0;0;0;0;0;0;0;0;20;0;;;;;
2026-04-22;O_KRDMDE0526P24.50;KRDMD_05/2026_AVRUPA_OPSIYON;D_EQ;SSO;D_EQ_EPP;DE_KRDMD_EPP;KRDMD.E;2026-05-25;0.01;0.01;0;0;0;0;0;0;0;0;0;0;0;0;;;;;
2026-04-22;O_KRDMDE0526P25.00;KRDMD_05/2026_AVRUPA_OPSIYON;D_EQ;SSO;D_EQ_EPP;DE_KRDMD_EPP;KRDMD.E;2026-05-25;0.01;0.01;0;0;0;0;0;0;0;0;0;0;0;0;;;;;
2026-04-22;O_KRDMDE0526P26.00;KRDMD_05/2026_AVRUPA_OPSIYON;D_EQ;SSO;D_EQ_EPP;DE_KRDMD_EPP;KRDMD.E;2026-05-25;0.01;0.01;0;0;0;0;0;0;0;0;0;0;0;0;;;;;
2026-04-22;O_KRDMDE0526P27.00;KRDMD_05/2026_AVRUPA_OPSIYON;D_EQ;SSO;D_EQ_EPP;DE_KRDMD_EPP;KRDMD.E;2026-05-25;0.01;0.01;0;0;0;0;0;0;0;0;0;0;0;0;;;;;
2026-04-22;O_KRDMDE0526P28.00;KRDMD_05/2026_AVRUPA_OPSIYON;D_EQ;SSO;D_EQ_EPP;DE_KRDMD_EPP;KRDMD.E;2026-05-25;0.02;0.02;0;0;0;0;0;0;0;0;0;0;0;0;;;;;
2026-04-22;O_KRDMDE0526P29.00;KRDMD_05/2026_AVRUPA_OPSIYON;D_EQ;SSO;D_EQ_EPP;DE_KRDMD_EPP;KRDMD.E;2026-05-25;0.03;0.04;-25;0;0;0;0;0;0;0;0;0;0;0;;;;;
2026-04-22;O_KRDMDE0526P30.00;KRDMD_05/2026_AVRUPA_OPSIYON;D_EQ;SSO;D_EQ_EPP;DE_KRDMD_EPP;KRDMD.E;2026-05-25;0.07;0.08;-12.5;0;0;0;0;0;0;0;0;0;0;0;;;;;
2026-04-22;O_KRDMDE0526P31.00;KRDMD_05/2026_AVRUPA_OPSIYON;D_EQ;SSO;D_EQ_EPP;DE_KRDMD_EPP;KRDMD.E;2026-05-25;0.13;0.15;-13.33;0;0;0;0;0;0;0;0;0;0;0;;;;;
2026-04-22;O_KRDMDE0526P32.00;KRDMD_05/2026_AVRUPA_OPSIYON;D_EQ;SSO;D_EQ_EPP;DE_KRDMD_EPP;KRDMD.E;2026-05-25;0.23;0.25;-8;0;0;0;0;0;0;0;0;0;0;0;;;;;
2026-04-22;O_KRDMDE0526P33.00;KRDMD_05/2026_AVRUPA_OPSIYON;D_EQ;SSO;D_EQ_EPP;DE_KRDMD_EPP;KRDMD.E;2026-05-25;0.37;0.4;-7.5;0;0;0;0;0;0;0;0;0;0;0;;;;;
2026-04-22;O_KRDMDE0526P34.00;KRDMD_05/2026_AVRUPA_OPSIYON;D_EQ;SSO;D_EQ_EPP;DE_KRDMD_EPP;KRDMD.E;2026-05-25;0.58;0.61;-4.92;0;0;0;0;0;0;0;0;0;0;0;;;;;
2026-04-22;O_KRDMDE0526P35.00;KRDMD_05/2026_AVRUPA_OPSIYON;D_EQ;SSO;D_EQ_EPP;DE_KRDMD_EPP;KRDMD.E;2026-05-25;0.85;0.89;-4.49;0;0;0;0;0;0;0;0;0;0;0;;;;;
2026-04-22;O_KRDMDE0526P36.00;KRDMD_05/2026_AVRUPA_OPSIYON;D_EQ;SSO;D_EQ_EPP;DE_KRDMD_EPP;KRDMD.E;2026-05-25;1.2;1.25;-4;0;0;0;0;0;0;0;0;0;1;0;;;;;
2026-04-22;O_KRDMDE0526P37.00;KRDMD_05/2026_AVRUPA_OPSIYON;D_EQ;SSO;D_EQ_EPP;DE_KRDMD_EPP;KRDMD.E;2026-05-25;1.63;1.68;-2.98;0;0;0;0;0;0;0;0;0;403;0;;;;;
2026-04-22;O_KRDMDE0526P38.00;KRDMD_05/2026_AVRUPA_OPSIYON;D_EQ;SSO;D_EQ_EPP;DE_KRDMD_EPP;KRDMD.E;2026-05-25;2.15;2.2;-2.27;0;0;0;0;0;0;0;0;0;150;0;;;;;
2026-04-22;O_KRDMDE0526P39.00;KRDMD_05/2026_AVRUPA_OPSIYON;D_EQ;SSO;D_EQ_EPP;DE_KRDMD_EPP;KRDMD.E;2026-05-25;2.74;2.79;-1.79;0;0;0;0;0;0;0;0;0;325;0;;;;;
2026-04-22;O_KRDMDE0526P40.00;KRDMD_05/2026_AVRUPA_OPSIYON;D_EQ;SSO;D_EQ_EPP;DE_KRDMD_EPP;KRDMD.E;2026-05-25;3.4;3.45;-1.45;0;0;0;0;0;0;0;0;0;425;0;;;;;
2026-04-22;O_KRDMDE0626C33.00;KRDMD_06/2026_AVRUPA_OPSIYON;D_EQ;SSO;D_EQ_ECP;DE_KRDMD_ECP;KRDMD.E;2026-06-30;6.45;6.45;0;0;0;0;0;0;0;0;0;0;0;0;;;;;
2026-04-22;O_KRDMDE0626C34.00;KRDMD_06/2026_AVRUPA_OPSIYON;D_EQ;SSO;D_EQ_ECP;DE_KRDMD_ECP;KRDMD.E;2026-06-30;5.73;5.74;-0.17;0;0;0;0;0;0;0;0;0;0;0;;;;;
2026-04-22;O_KRDMDE0626C35.00;KRDMD_06/2026_AVRUPA_OPSIYON;D_EQ;SSO;D_EQ_ECP;DE_KRDMD_ECP;KRDMD.E;2026-06-30;5.06;5.07;-0.2;0;0;0;0;0;0;0;0;0;0;0;;;;;
2026-04-22;O_KRDMDE0626C36.00;KRDMD_06/2026_AVRUPA_OPSIYON;D_EQ;SSO;D_EQ_ECP;DE_KRDMD_ECP;KRDMD.E;2026-06-30;4.43;4.45;-0.45;0;0;0;0;0;0;0;0;0;0;0;;;;;
2026-04-22;O_KRDMDE0626C37.00;KRDMD_06/2026_AVRUPA_OPSIYON;D_EQ;SSO;D_EQ_ECP;DE_KRDMD_ECP;KRDMD.E;2026-06-30;3.85;3.87;-0.52;0;0;0;0;0;0;0;0;0;0;0;;;;;
2026-04-22;O_KRDMDE0626C38.00;KRDMD_06/2026_AVRUPA_OPSIYON;D_EQ;SSO;D_EQ_ECP;DE_KRDMD_ECP;KRDMD.E;2026-06-30;3.33;3.35;-0.6;0;0;0;0;0;0;0;0;0;0;0;;;;;
2026-04-22;O_KRDMDE0626C39.00;KRDMD_06/2026_AVRUPA_OPSIYON;D_EQ;SSO;D_EQ_ECP;DE_KRDMD_ECP;KRDMD.E;2026-06-30;2.86;2.88;-0.69;0;0;0;0;0;0;0;0;0;0;0;;;;;
2026-04-22;O_KRDMDE0626C40.00;KRDMD_06/2026_AVRUPA_OPSIYON;D_EQ;SSO;D_EQ_ECP;DE_KRDMD_ECP;KRDMD.E;2026-06-30;2.43;2.46;-1.22;0;0;0;0;0;0;0;0;0;0;0;;;;;
2026-04-22;O_KRDMDE0626C41.00;KRDMD_06/2026_AVRUPA_OPSIYON;D_EQ;SSO;D_EQ_ECP;DE_KRDMD_ECP;KRDMD.E;2026-06-30;2.06;2.09;-1.44;0;0;0;0;0;0;0;0;0;0;0;;;;;
2026-04-22;O_KRDMDE0626C42.00;KRDMD_06/2026_AVRUPA_OPSIYON;D_EQ;SSO;D_EQ_ECP;DE_KRDMD_ECP;KRDMD.E;2026-06-30;1.73;1.76;-1.7;0;0;0;0;0;0;0;0;0;0;0;;;;;
2026-04-22;O_KRDMDE0626C43.00;KRDMD_06/2026_AVRUPA_OPSIYON;D_EQ;SSO;D_EQ_ECP;DE_KRDMD_ECP;KRDMD.E;2026-06-30;1.45;1.48;-2.03;0;0;0;0;0;0;0;0;0;0;0;;;;;
2026-04-22;O_KRDMDE0626C44.00;KRDMD_06/2026_AVRUPA_OPSIYON;D_EQ;SSO;D_EQ_ECP;DE_KRDMD_ECP;KRDMD.E;2026-06-30;1.2;1.23;-2.44;0;0;0;0;0;0;0;0;0;0;0;;;;;
2026-04-22;O_KRDMDE0626C45.00;KRDMD_06/2026_AVRUPA_OPSIYON;D_EQ;SSO;D_EQ_ECP;DE_KRDMD_ECP;KRDMD.E;2026-06-30;1;1.02;-1.96;0;0;0;0;0;0;0;0;0;0;0;;;;;
2026-04-22;O_KRDMDE0626C46.00;KRDMD_06/2026_AVRUPA_OPSIYON;D_EQ;SSO;D_EQ_ECP;DE_KRDMD_ECP;KRDMD.E;2026-06-30;0.82;0.84;-2.38;0;0;0;0;0;0;0;0;0;0;0;;;;;
2026-04-22;O_KRDMDE0626P28.00;KRDMD_06/2026_AVRUPA_OPSIYON;D_EQ;SSO;D_EQ_EPP;DE_KRDMD_EPP;KRDMD.E;2026-06-30;0.07;0.08;-12.5;0;0;0;0;0;0;0;0;0;0;0;;;;;
2026-04-22;O_KRDMDE0626P29.00;KRDMD_06/2026_AVRUPA_OPSIYON;D_EQ;SSO;D_EQ_EPP;DE_KRDMD_EPP;KRDMD.E;2026-06-30;0.11;0.12;-8.33;0;0;0;0;0;0;0;0;0;0;0;;;;;
2026-04-22;O_KRDMDE0626P30.00;KRDMD_06/2026_AVRUPA_OPSIYON;D_EQ;SSO;D_EQ_EPP;DE_KRDMD_EPP;KRDMD.E;2026-06-30;0.18;0.19;-5.26;0;0;0;0;0;0;0;0;0;0;0;;;;;
2026-04-22;O_KRDMDE0626P31.00;KRDMD_06/2026_AVRUPA_OPSIYON;D_EQ;SSO;D_EQ_EPP;DE_KRDMD_EPP;KRDMD.E;2026-06-30;0.27;0.28;-3.57;0;0;0;0;0;0;0;0;0;0;0;;;;;
2026-04-22;O_KRDMDE0626P32.00;KRDMD_06/2026_AVRUPA_OPSIYON;D_EQ;SSO;D_EQ_EPP;DE_KRDMD_EPP;KRDMD.E;2026-06-30;0.39;0.41;-4.88;0;0;0;0;0;0;0;0;0;0;0;;;;;
2026-04-22;O_KRDMDE0626P33.00;KRDMD_06/2026_AVRUPA_OPSIYON;D_EQ;SSO;D_EQ_EPP;DE_KRDMD_EPP;KRDMD.E;2026-06-30;0.54;0.57;-5.26;0;0;0;0;0;0;0;0;0;0;0;;;;;
2026-04-22;O_KRDMDE0626P34.00;KRDMD_06/2026_AVRUPA_OPSIYON;D_EQ;SSO;D_EQ_EPP;DE_KRDMD_EPP;KRDMD.E;2026-06-30;0.74;0.77;-3.9;0;0;0;0;0;0;0;0;0;0;0;;;;;
2026-04-22;O_KRDMDE0626P35.00;KRDMD_06/2026_AVRUPA_OPSIYON;D_EQ;SSO;D_EQ_EPP;DE_KRDMD_EPP;KRDMD.E;2026-06-30;0.98;1.01;-2.97;0;0;0;0;0;0;0;0;0;0;0;;;;;
2026-04-22;O_KRDMDE0626P36.00;KRDMD_06/2026_AVRUPA_OPSIYON;D_EQ;SSO;D_EQ_EPP;DE_KRDMD_EPP;KRDMD.E;2026-06-30;1.27;1.31;-3.05;0;0;0;0;0;0;0;0;0;0;0;;;;;
2026-04-22;O_KRDMDE0626P37.00;KRDMD_06/2026_AVRUPA_OPSIYON;D_EQ;SSO;D_EQ_EPP;DE_KRDMD_EPP;KRDMD.E;2026-06-30;1.61;1.65;-2.42;0;0;0;0;0;0;0;0;0;0;0;;;;;
2026-04-22;O_KRDMDE0626P38.00;KRDMD_06/2026_AVRUPA_OPSIYON;D_EQ;SSO;D_EQ_EPP;DE_KRDMD_EPP;KRDMD.E;2026-06-30;2;2.04;-1.96;0;0;0;0;0;0;0;0;0;0;0;;;;;
2026-04-22;O_KRDMDE0626P39.00;KRDMD_06/2026_AVRUPA_OPSIYON;D_EQ;SSO;D_EQ_EPP;DE_KRDMD_EPP;KRDMD.E;2026-06-30;2.45;2.49;-1.61;0;0;0;0;0;0;0;0;0;0;0;;;;;
2026-04-22;O_KRDMDE0626P40.00;KRDMD_06/2026_AVRUPA_OPSIYON;D_EQ;SSO;D_EQ_EPP;DE_KRDMD_EPP;KRDMD.E;2026-06-30;2.94;2.99;-1.67;0;0;0;0;0;0;0;0;0;0;0;;;;;
2026-04-22;O_KRDMDE0626P41.00;KRDMD_06/2026_AVRUPA_OPSIYON;D_EQ;SSO;D_EQ_EPP;DE_KRDMD_EPP;KRDMD.E;2026-06-30;3.49;3.53;-1.13;0;0;0;0;0;0;0;0;0;0;0;;;;;
2026-04-22;O_PETKME0426C17.50;PETKM_04/2026_AVRUPA_OPSIYON;D_EQ;SSO;D_EQ_ECP;DE_PETKM_ECP;PETKM.E;2026-04-30;5.65;5.58;1.25;0;0;0;0;0;0;0;0;0;100;0;;;;;
2026-04-22;O_PETKME0426C18.00;PETKM_04/2026_AVRUPA_OPSIYON;D_EQ;SSO;D_EQ_ECP;DE_PETKM_ECP;PETKM.E;2026-04-30;5.15;5.09;1.18;0;0;0;0;0;0;0;0;0;201;0;;;;;
2026-04-22;O_PETKME0426C18.50;PETKM_04/2026_AVRUPA_OPSIYON;D_EQ;SSO;D_EQ_ECP;DE_PETKM_ECP;PETKM.E;2026-04-30;4.65;4.59;1.31;0;0;0;0;0;0;0;0;0;500;0;;;;;
2026-04-22;O_PETKME0426C19.00;PETKM_04/2026_AVRUPA_OPSIYON;D_EQ;SSO;D_EQ_ECP;DE_PETKM_ECP;PETKM.E;2026-04-30;4.16;4.1;1.46;0;0;0;0;0;0;0;0;0;3100;0;;;;;
2026-04-22;O_PETKME0426C19.50;PETKM_04/2026_AVRUPA_OPSIYON;D_EQ;SSO;D_EQ_ECP;DE_PETKM_ECP;PETKM.E;2026-04-30;3.67;3.61;1.66;0;0;0;0;0;0;0;0;0;452;0;;;;;
2026-04-22;O_PETKME0426C20.00;PETKM_04/2026_AVRUPA_OPSIYON;D_EQ;SSO;D_EQ_ECP;DE_PETKM_ECP;PETKM.E;2026-04-30;3.18;3.12;1.92;0;0;0;0;0;0;0;0;0;2347;0;;;;;
2026-04-22;O_PETKME0426C20.50;PETKM_04/2026_AVRUPA_OPSIYON;D_EQ;SSO;D_EQ_ECP;DE_PETKM_ECP;PETKM.E;2026-04-30;2.7;2.65;1.89;0;0;0;0;0;0;0;0;0;1200;0;;;;;
2026-04-22;O_PETKME0426C21.00;PETKM_04/2026_AVRUPA_OPSIYON;D_EQ;SSO;D_EQ_ECP;DE_PETKM_ECP;PETKM.E;2026-04-30;2.24;2.2;1.82;0;0;0;0;0;0;0;0;0;1057;0;;;;;
2026-04-22;O_PETKME0426C21.50;PETKM_04/2026_AVRUPA_OPSIYON;D_EQ;SSO;D_EQ_ECP;DE_PETKM_ECP;PETKM.E;2026-04-30;1.8;1.77;1.69;1.81;1.75;1.81;1.75;1.81;219300;18455;102;3;61;0;;;;;
2026-04-22;O_PETKME0426C22.00;PETKM_04/2026_AVRUPA_OPSIYON;D_EQ;SSO;D_EQ_ECP;DE_PETKM_ECP;PETKM.E;2026-04-30;1.4;1.39;0.72;1.31;1.05;1.45;1.05;1.43;1953600;126871;888;26;4214;-500;;;;;
2026-04-22;O_PETKME0426C22.50;PETKM_04/2026_AVRUPA_OPSIYON;D_EQ;SSO;D_EQ_ECP;DE_PETKM_ECP;PETKM.E;2026-04-30;1.05;1.05;0;0.96;0.75;1.16;0.75;0.97;3793500;164136;1686;30;1464;1396;;;;;
2026-04-22;O_PETKME0426C23.00;PETKM_04/2026_AVRUPA_OPSIYON;D_EQ;SSO;D_EQ_ECP;DE_PETKM_ECP;PETKM.E;2026-04-30;0.76;0.76;0;0.76;0.66;0.76;0.66;0.7;1117800;34076;486;4;3879;286;;;;;
2026-04-22;O_PETKME0426C23.50;PETKM_04/2026_AVRUPA_OPSIYON;D_EQ;SSO;D_EQ_ECP;DE_PETKM_ECP;PETKM.E;2026-04-30;0.53;0.54;-1.85;0.35;0.35;0.37;0.37;0.36;7050;107;3;3;4376;3;;;;;
2026-04-22;O_PETKME0426C24.00;PETKM_04/2026_AVRUPA_OPSIYON;D_EQ;SSO;D_EQ_ECP;DE_PETKM_ECP;PETKM.E;2026-04-30;0.35;0.36;-2.78;0.34;0.23;0.39;0.25;0.35;55200;805;23;23;8002;1;;;;;
2026-04-22;O_PETKME0426C24.50;PETKM_04/2026_AVRUPA_OPSIYON;D_EQ;SSO;D_EQ_ECP;DE_PETKM_ECP;PETKM.E;2026-04-30;0.22;0.24;-8.33;0.24;0.2;0.25;0.2;0.2;752150;6149;307;3;1103;307;;;;;
2026-04-22;O_PETKME0426C25.00;PETKM_04/2026_AVRUPA_OPSIYON;D_EQ;SSO;D_EQ_ECP;DE_PETKM_ECP;PETKM.E;2026-04-30;0.13;0.15;-13.33;0.15;0.15;0.15;0.15;0.15;5000;30;2;2;2000;0;;;;;
2026-04-22;O_PETKME0426C26.00;PETKM_04/2026_AVRUPA_OPSIYON;D_EQ;SSO;D_EQ_ECP;DE_PETKM_ECP;PETKM.E;2026-04-30;0.04;0.05;-20;0;0;0;0;0;0;0;0;0;2;0;;;;;
2026-04-22;O_PETKME0426C27.00;PETKM_04/2026_AVRUPA_OPSIYON;D_EQ;SSO;D_EQ_ECP;DE_PETKM_ECP;PETKM.E;2026-04-30;0.01;0.02;-50;0;0;0;0;0;0;0;0;0;0;0;;;;;
2026-04-22;O_PETKME0426P15.00;PETKM_04/2026_AVRUPA_OPSIYON;D_EQ;SSO;D_EQ_EPP;DE_PETKM_EPP;PETKM.E;2026-04-30;0.01;0.01;0;0;0;0;0;0;0;0;0;0;100;0;;;;;
2026-04-22;O_PETKME0426P15.50;PETKM_04/2026_AVRUPA_OPSIYON;D_EQ;SSO;D_EQ_EPP;DE_PETKM_EPP;PETKM.E;2026-04-30;0.01;0.01;0;0;0;0;0;0;0;0;0;0;0;0;;;;;
2026-04-22;O_PETKME0426P16.00;PETKM_04/2026_AVRUPA_OPSIYON;D_EQ;SSO;D_EQ_EPP;DE_PETKM_EPP;PETKM.E;2026-04-30;0.01;0.01;0;0;0;0;0;0;0;0;0;0;0;0;;;;;
2026-04-22;O_PETKME0426P16.50;PETKM_04/2026_AVRUPA_OPSIYON;D_EQ;SSO;D_EQ_EPP;DE_PETKM_EPP;PETKM.E;2026-04-30;0.01;0.01;0;0;0;0;0;0;0;0;0;0;0;0;;;;;
2026-04-22;O_PETKME0426P17.00;PETKM_04/2026_AVRUPA_OPSIYON;D_EQ;SSO;D_EQ_EPP;DE_PETKM_EPP;PETKM.E;2026-04-30;0.01;0.01;0;0;0;0;0;0;0;0;0;0;247;0;;;;;
2026-04-22;O_PETKME0426P17.50;PETKM_04/2026_AVRUPA_OPSIYON;D_EQ;SSO;D_EQ_EPP;DE_PETKM_EPP;PETKM.E;2026-04-30;0.01;0.01;0;0;0;0;0;0;0;0;0;0;15298;0;;;;;
2026-04-22;O_PETKME0426P18.00;PETKM_04/2026_AVRUPA_OPSIYON;D_EQ;SSO;D_EQ_EPP;DE_PETKM_EPP;PETKM.E;2026-04-30;0.01;0.01;0;0;0;0;0;0;0;0;0;0;4;0;;;;;
2026-04-22;O_PETKME0426P18.50;PETKM_04/2026_AVRUPA_OPSIYON;D_EQ;SSO;D_EQ_EPP;DE_PETKM_EPP;PETKM.E;2026-04-30;0.01;0.01;0;0;0;0;0;0;0;0;0;0;11040;0;;;;;
2026-04-22;O_PETKME0426P19.00;PETKM_04/2026_AVRUPA_OPSIYON;D_EQ;SSO;D_EQ_EPP;DE_PETKM_EPP;PETKM.E;2026-04-30;0.01;0.01;0;0;0;0;0;0;0;0;0;0;3053;0;;;;;
2026-04-22;O_PETKME0426P19.50;PETKM_04/2026_AVRUPA_OPSIYON;D_EQ;SSO;D_EQ_EPP;DE_PETKM_EPP;PETKM.E;2026-04-30;0.01;0.01;0;0;0;0;0;0;0;0;0;0;11937;0;;;;;
2026-04-22;O_PETKME0426P20.00;PETKM_04/2026_AVRUPA_OPSIYON;D_EQ;SSO;D_EQ_EPP;DE_PETKM_EPP;PETKM.E;2026-04-30;0.01;0.02;-50;0;0;0;0;0;0;0;0;0;844;0;;;;;
2026-04-22;O_PETKME0426P20.50;PETKM_04/2026_AVRUPA_OPSIYON;D_EQ;SSO;D_EQ_EPP;DE_PETKM_EPP;PETKM.E;2026-04-30;0.03;0.04;-25;0;0;0;0;0;0;0;0;0;5178;0;;;;;
2026-04-22;O_PETKME0426P21.00;PETKM_04/2026_AVRUPA_OPSIYON;D_EQ;SSO;D_EQ_EPP;DE_PETKM_EPP;PETKM.E;2026-04-30;0.06;0.08;-25;0;0;0;0;0;0;0;0;0;2247;0;;;;;
2026-04-22;O_PETKME0426P21.50;PETKM_04/2026_AVRUPA_OPSIYON;D_EQ;SSO;D_EQ_EPP;DE_PETKM_EPP;PETKM.E;2026-04-30;0.12;0.15;-20;0.13;0.13;0.19;0.19;0.16;21500;160;10;10;198;10;;;;;
2026-04-22;O_PETKME0426P22.00;PETKM_04/2026_AVRUPA_OPSIYON;D_EQ;SSO;D_EQ_EPP;DE_PETKM_EPP;PETKM.E;2026-04-30;0.22;0.26;-15.38;0.22;0.22;0.33;0.33;0.28;46200;580;21;21;962;19;;;;;
2026-04-22;O_PETKME0426P22.50;PETKM_04/2026_AVRUPA_OPSIYON;D_EQ;SSO;D_EQ_EPP;DE_PETKM_EPP;PETKM.E;2026-04-30;0.37;0.42;-11.9;0;0;0;0;0;0;0;0;0;14119;0;;;;;
2026-04-22;O_PETKME0426P23.00;PETKM_04/2026_AVRUPA_OPSIYON;D_EQ;SSO;D_EQ_EPP;DE_PETKM_EPP;PETKM.E;2026-04-30;0.57;0.63;-9.52;0;0;0;0;0;0;0;0;0;870;0;;;;;
2026-04-22;O_PETKME0426P23.50;PETKM_04/2026_AVRUPA_OPSIYON;D_EQ;SSO;D_EQ_EPP;DE_PETKM_EPP;PETKM.E;2026-04-30;0.83;0.9;-7.78;0.92;0.92;1.04;1.04;0.99;1410000;59400;600;6;1646;600;;;;;
2026-04-22;O_PETKME0526C18.00;PETKM_05/2026_AVRUPA_OPSIYON;D_EQ;SSO;D_EQ_ECP;DE_PETKM_ECP;PETKM.E;2026-05-25;5.64;5.58;1.08;0;0;0;0;0;0;0;0;0;0;0;;;;;
2026-04-22;O_PETKME0526C18.50;PETKM_05/2026_AVRUPA_OPSIYON;D_EQ;SSO;D_EQ_ECP;DE_PETKM_ECP;PETKM.E;2026-05-25;5.18;5.12;1.17;0;0;0;0;0;0;0;0;0;0;0;;;;;
2026-04-22;O_PETKME0526C19.00;PETKM_05/2026_AVRUPA_OPSIYON;D_EQ;SSO;D_EQ_ECP;DE_PETKM_ECP;PETKM.E;2026-05-25;4.72;4.67;1.07;0;0;0;0;0;0;0;0;0;1;0;;;;;
2026-04-22;O_PETKME0526C19.50;PETKM_05/2026_AVRUPA_OPSIYON;D_EQ;SSO;D_EQ_ECP;DE_PETKM_ECP;PETKM.E;2026-05-25;4.28;4.23;1.18;0;0;0;0;0;0;0;0;0;0;0;;;;;
2026-04-22;O_PETKME0526C20.00;PETKM_05/2026_AVRUPA_OPSIYON;D_EQ;SSO;D_EQ_ECP;DE_PETKM_ECP;PETKM.E;2026-05-25;3.85;3.81;1.05;0;0;0;0;0;0;0;0;0;1;0;;;;;
2026-04-22;O_PETKME0526C20.50;PETKM_05/2026_AVRUPA_OPSIYON;D_EQ;SSO;D_EQ_ECP;DE_PETKM_ECP;PETKM.E;2026-05-25;3.44;3.4;1.18;0;0;0;0;0;0;0;0;0;2;0;;;;;
2026-04-22;O_PETKME0526C21.00;PETKM_05/2026_AVRUPA_OPSIYON;D_EQ;SSO;D_EQ_ECP;DE_PETKM_ECP;PETKM.E;2026-05-25;3.05;3.01;1.33;0;0;0;0;0;0;0;0;0;1;0;;;;;
2026-04-22;O_PETKME0526C21.50;PETKM_05/2026_AVRUPA_OPSIYON;D_EQ;SSO;D_EQ_ECP;DE_PETKM_ECP;PETKM.E;2026-05-25;2.69;2.65;1.51;0;0;0;0;0;0;0;0;0;2;0;;;;;
2026-04-22;O_PETKME0526C22.00;PETKM_05/2026_AVRUPA_OPSIYON;D_EQ;SSO;D_EQ_ECP;DE_PETKM_ECP;PETKM.E;2026-05-25;2.35;2.32;1.29;0;0;0;0;0;0;0;0;0;0;0;;;;;
2026-04-22;O_PETKME0526C22.50;PETKM_05/2026_AVRUPA_OPSIYON;D_EQ;SSO;D_EQ_ECP;DE_PETKM_ECP;PETKM.E;2026-05-25;2.03;2.01;1;0;0;0;0;0;0;0;0;0;0;0;;;;;
2026-04-22;O_PETKME0526C23.00;PETKM_05/2026_AVRUPA_OPSIYON;D_EQ;SSO;D_EQ_ECP;DE_PETKM_ECP;PETKM.E;2026-05-25;1.75;1.72;1.74;0;0;0;0;0;0;0;0;0;2;0;;;;;
2026-04-22;O_PETKME0526C23.50;PETKM_05/2026_AVRUPA_OPSIYON;D_EQ;SSO;D_EQ_ECP;DE_PETKM_ECP;PETKM.E;2026-05-25;1.49;1.47;1.36;0;0;0;0;0;0;0;0;0;50;0;;;;;
2026-04-22;O_PETKME0526C24.00;PETKM_05/2026_AVRUPA_OPSIYON;D_EQ;SSO;D_EQ_ECP;DE_PETKM_ECP;PETKM.E;2026-05-25;1.26;1.24;1.61;0;0;0;0;0;0;0;0;0;0;0;;;;;
2026-04-22;O_PETKME0526C24.50;PETKM_05/2026_AVRUPA_OPSIYON;D_EQ;SSO;D_EQ_ECP;DE_PETKM_ECP;PETKM.E;2026-05-25;1.05;1.04;0.96;0;0;0;0;0;0;0;0;0;0;0;;;;;
2026-04-22;O_PETKME0526C25.00;PETKM_05/2026_AVRUPA_OPSIYON;D_EQ;SSO;D_EQ_ECP;DE_PETKM_ECP;PETKM.E;2026-05-25;0.88;0.87;1.15;0;0;0;0;0;0;0;0;0;6500;0;;;;;
2026-04-22;O_PETKME0526C26.00;PETKM_05/2026_AVRUPA_OPSIYON;D_EQ;SSO;D_EQ_ECP;DE_PETKM_ECP;PETKM.E;2026-05-25;0.59;0.59;0;0.6;0.52;0.6;0.52;0.52;8060000;162000;3100;18;3036;3016;;;;;
2026-04-22;O_PETKME0526C27.00;PETKM_05/2026_AVRUPA_OPSIYON;D_EQ;SSO;D_EQ_ECP;DE_PETKM_ECP;PETKM.E;2026-05-25;0.39;0.39;0;0;0;0;0;0;0;0;0;0;13;0;;;;;
2026-04-22;O_PETKME0526C28.00;PETKM_05/2026_AVRUPA_OPSIYON;D_EQ;SSO;D_EQ_ECP;DE_PETKM_ECP;PETKM.E;2026-05-25;0.25;0.25;0;0.2;0.2;0.2;0.2;0.2;366800;2620;131;1;150;131;;;;;
2026-04-22;O_PETKME0526C29.00;PETKM_05/2026_AVRUPA_OPSIYON;D_EQ;SSO;D_EQ_ECP;DE_PETKM_ECP;PETKM.E;2026-05-25;0.15;;0;0.12;0.12;0.12;0.12;0.12;667000;2760;230;1;230;230;;;;;
2026-04-22;O_PETKME0526P15.50;PETKM_05/2026_AVRUPA_OPSIYON;D_EQ;SSO;D_EQ_EPP;DE_PETKM_EPP;PETKM.E;2026-05-25;0.01;0.01;0;0;0;0;0;0;0;0;0;0;0;0;;;;;
2026-04-22;O_PETKME0526P16.00;PETKM_05/2026_AVRUPA_OPSIYON;D_EQ;SSO;D_EQ_EPP;DE_PETKM_EPP;PETKM.E;2026-05-25;0.01;0.01;0;0;0;0;0;0;0;0;0;0;0;0;;;;;
2026-04-22;O_PETKME0526P16.50;PETKM_05/2026_AVRUPA_OPSIYON;D_EQ;SSO;D_EQ_EPP;DE_PETKM_EPP;PETKM.E;2026-05-25;0.01;0.01;0;0;0;0;0;0;0;0;0;0;0;0;;;;;
2026-04-22;O_PETKME0526P17.00;PETKM_05/2026_AVRUPA_OPSIYON;D_EQ;SSO;D_EQ_EPP;DE_PETKM_EPP;PETKM.E;2026-05-25;0.01;0.01;0;0;0;0;0;0;0;0;0;0;0;0;;;;;
2026-04-22;O_PETKME0526P17.50;PETKM_05/2026_AVRUPA_OPSIYON;D_EQ;SSO;D_EQ_EPP;DE_PETKM_EPP;PETKM.E;2026-05-25;0.02;0.02;0;0;0;0;0;0;0;0;0;0;0;0;;;;;
2026-04-22;O_PETKME0526P18.00;PETKM_05/2026_AVRUPA_OPSIYON;D_EQ;SSO;D_EQ_EPP;DE_PETKM_EPP;PETKM.E;2026-05-25;0.03;0.04;-25;0;0;0;0;0;0;0;0;0;0;0;;;;;
2026-04-22;O_PETKME0526P18.50;PETKM_05/2026_AVRUPA_OPSIYON;D_EQ;SSO;D_EQ_EPP;DE_PETKM_EPP;PETKM.E;2026-05-25;0.05;0.06;-16.67;0;0;0;0;0;0;0;0;0;0;0;;;;;
2026-04-22;O_PETKME0526P19.00;PETKM_05/2026_AVRUPA_OPSIYON;D_EQ;SSO;D_EQ_EPP;DE_PETKM_EPP;PETKM.E;2026-05-25;0.08;0.09;-11.11;0;0;0;0;0;0;0;0;0;0;0;;;;;
2026-04-22;O_PETKME0526P19.50;PETKM_05/2026_AVRUPA_OPSIYON;D_EQ;SSO;D_EQ_EPP;DE_PETKM_EPP;PETKM.E;2026-05-25;0.12;0.13;-7.69;0;0;0;0;0;0;0;0;0;0;0;;;;;
2026-04-22;O_PETKME0526P20.00;PETKM_05/2026_AVRUPA_OPSIYON;D_EQ;SSO;D_EQ_EPP;DE_PETKM_EPP;PETKM.E;2026-05-25;0.18;0.19;-5.26;0.21;0.2;0.21;0.2;0.21;492000;5093;246;2;246;246;;;;;
2026-04-22;O_PETKME0526P20.50;PETKM_05/2026_AVRUPA_OPSIYON;D_EQ;SSO;D_EQ_EPP;DE_PETKM_EPP;PETKM.E;2026-05-25;0.25;0.27;-7.41;0;0;0;0;0;0;0;0;0;0;0;;;;;
2026-04-22;O_PETKME0526P21.00;PETKM_05/2026_AVRUPA_OPSIYON;D_EQ;SSO;D_EQ_EPP;DE_PETKM_EPP;PETKM.E;2026-05-25;0.35;0.36;-2.78;0;0;0;0;0;0;0;0;0;0;0;;;;;
2026-04-22;O_PETKME0526P21.50;PETKM_05/2026_AVRUPA_OPSIYON;D_EQ;SSO;D_EQ_EPP;DE_PETKM_EPP;PETKM.E;2026-05-25;0.46;0.49;-6.12;0;0;0;0;0;0;0;0;0;0;0;;;;;
2026-04-22;O_PETKME0526P22.00;PETKM_05/2026_AVRUPA_OPSIYON;D_EQ;SSO;D_EQ_EPP;DE_PETKM_EPP;PETKM.E;2026-05-25;0.6;0.63;-4.76;0;0;0;0;0;0;0;0;0;0;0;;;;;
2026-04-22;O_PETKME0526P22.50;PETKM_05/2026_AVRUPA_OPSIYON;D_EQ;SSO;D_EQ_EPP;DE_PETKM_EPP;PETKM.E;2026-05-25;0.77;0.8;-3.75;0;0;0;0;0;0;0;0;0;200;0;;;;;
2026-04-22;O_PETKME0526P23.00;PETKM_05/2026_AVRUPA_OPSIYON;D_EQ;SSO;D_EQ_EPP;DE_PETKM_EPP;PETKM.E;2026-05-25;0.97;1;-3;0;0;0;0;0;0;0;0;0;300;0;;;;;
2026-04-22;O_PETKME0526P23.50;PETKM_05/2026_AVRUPA_OPSIYON;D_EQ;SSO;D_EQ_EPP;DE_PETKM_EPP;PETKM.E;2026-05-25;1.19;1.23;-3.25;0;0;0;0;0;0;0;0;0;100;0;;;;;
2026-04-22;O_PETKME0526P24.00;PETKM_05/2026_AVRUPA_OPSIYON;D_EQ;SSO;D_EQ_EPP;DE_PETKM_EPP;PETKM.E;2026-05-25;1.45;1.49;-2.68;0;0;0;0;0;0;0;0;0;300;0;;;;;
2026-04-22;O_PETKME0526P24.50;PETKM_05/2026_AVRUPA_OPSIYON;D_EQ;SSO;D_EQ_EPP;DE_PETKM_EPP;PETKM.E;2026-05-25;1.73;;0;0;0;0;0;0;0;0;0;0;0;0;;;;;
2026-04-22;O_PETKME0626C21.50;PETKM_06/2026_AVRUPA_OPSIYON;D_EQ;SSO;D_EQ_ECP;DE_PETKM_ECP;PETKM.E;2026-06-30;3.9;3.86;1.04;0;0;0;0;0;0;0;0;0;0;0;;;;;
2026-04-22;O_PETKME0626C22.00;PETKM_06/2026_AVRUPA_OPSIYON;D_EQ;SSO;D_EQ_ECP;DE_PETKM_ECP;PETKM.E;2026-06-30;3.58;3.54;1.13;0;0;0;0;0;0;0;0;0;0;0;;;;;
2026-04-22;O_PETKME0626C22.50;PETKM_06/2026_AVRUPA_OPSIYON;D_EQ;SSO;D_EQ_ECP;DE_PETKM_ECP;PETKM.E;2026-06-30;3.27;3.23;1.24;0;0;0;0;0;0;0;0;0;0;0;;;;;
2026-04-22;O_PETKME0626C23.00;PETKM_06/2026_AVRUPA_OPSIYON;D_EQ;SSO;D_EQ_ECP;DE_PETKM_ECP;PETKM.E;2026-06-30;2.97;2.94;1.02;0;0;0;0;0;0;0;0;0;0;0;;;;;
2026-04-22;O_PETKME0626C23.50;PETKM_06/2026_AVRUPA_OPSIYON;D_EQ;SSO;D_EQ_ECP;DE_PETKM_ECP;PETKM.E;2026-06-30;2.7;2.67;1.12;0;0;0;0;0;0;0;0;0;0;0;;;;;
2026-04-22;O_PETKME0626C24.00;PETKM_06/2026_AVRUPA_OPSIYON;D_EQ;SSO;D_EQ_ECP;DE_PETKM_ECP;PETKM.E;2026-06-30;2.44;2.41;1.24;0;0;0;0;0;0;0;0;0;0;0;;;;;
2026-04-22;O_PETKME0626C24.50;PETKM_06/2026_AVRUPA_OPSIYON;D_EQ;SSO;D_EQ_ECP;DE_PETKM_ECP;PETKM.E;2026-06-30;2.2;2.18;0.92;0;0;0;0;0;0;0;0;0;0;0;;;;;
2026-04-22;O_PETKME0626C25.00;PETKM_06/2026_AVRUPA_OPSIYON;D_EQ;SSO;D_EQ_ECP;DE_PETKM_ECP;PETKM.E;2026-06-30;1.98;1.96;1.02;0;0;0;0;0;0;0;0;0;0;0;;;;;
2026-04-22;O_PETKME0626C26.00;PETKM_06/2026_AVRUPA_OPSIYON;D_EQ;SSO;D_EQ_ECP;DE_PETKM_ECP;PETKM.E;2026-06-30;1.59;1.57;1.27;0;0;0;0;0;0;0;0;0;0;0;;;;;
2026-04-22;O_PETKME0626C27.00;PETKM_06/2026_AVRUPA_OPSIYON;D_EQ;SSO;D_EQ_ECP;DE_PETKM_ECP;PETKM.E;2026-06-30;1.26;1.24;1.61;0;0;0;0;0;0;0;0;0;0;0;;;;;
2026-04-22;O_PETKME0626C28.00;PETKM_06/2026_AVRUPA_OPSIYON;D_EQ;SSO;D_EQ_ECP;DE_PETKM_ECP;PETKM.E;2026-06-30;0.99;0.98;1.02;0;0;0;0;0;0;0;0;0;0;0;;;;;
2026-04-22;O_PETKME0626C29.00;PETKM_06/2026_AVRUPA_OPSIYON;D_EQ;SSO;D_EQ_ECP;DE_PETKM_ECP;PETKM.E;2026-06-30;0.77;0.76;1.32;0;0;0;0;0;0;0;0;0;0;0;;;;;
2026-04-22;O_PETKME0626C30.00;PETKM_06/2026_AVRUPA_OPSIYON;D_EQ;SSO;D_EQ_ECP;DE_PETKM_ECP;PETKM.E;2026-06-30;0.59;0.58;1.72;0;0;0;0;0;0;0;0;0;0;0;;;;;
2026-04-22;O_PETKME0626P19.00;PETKM_06/2026_AVRUPA_OPSIYON;D_EQ;SSO;D_EQ_EPP;DE_PETKM_EPP;PETKM.E;2026-06-30;0.19;0.19;0;0;0;0;0;0;0;0;0;0;0;0;;;;;
2026-04-22;O_PETKME0626P19.50;PETKM_06/2026_AVRUPA_OPSIYON;D_EQ;SSO;D_EQ_EPP;DE_PETKM_EPP;PETKM.E;2026-06-30;0.25;0.25;0;0;0;0;0;0;0;0;0;0;0;0;;;;;
2026-04-22;O_PETKME0626P20.00;PETKM_06/2026_AVRUPA_OPSIYON;D_EQ;SSO;D_EQ_EPP;DE_PETKM_EPP;PETKM.E;2026-06-30;0.32;0.33;-3.03;0;0;0;0;0;0;0;0;0;0;0;;;;;
2026-04-22;O_PETKME0626P20.50;PETKM_06/2026_AVRUPA_OPSIYON;D_EQ;SSO;D_EQ_EPP;DE_PETKM_EPP;PETKM.E;2026-06-30;0.4;0.41;-2.44;0;0;0;0;0;0;0;0;0;0;0;;;;;
2026-04-22;O_PETKME0626P21.00;PETKM_06/2026_AVRUPA_OPSIYON;D_EQ;SSO;D_EQ_EPP;DE_PETKM_EPP;PETKM.E;2026-06-30;0.5;0.51;-1.96;0;0;0;0;0;0;0;0;0;0;0;;;;;
2026-04-22;O_PETKME0626P21.50;PETKM_06/2026_AVRUPA_OPSIYON;D_EQ;SSO;D_EQ_EPP;DE_PETKM_EPP;PETKM.E;2026-06-30;0.61;0.63;-3.17;0;0;0;0;0;0;0;0;0;0;0;;;;;
2026-04-22;O_PETKME0626P22.00;PETKM_06/2026_AVRUPA_OPSIYON;D_EQ;SSO;D_EQ_EPP;DE_PETKM_EPP;PETKM.E;2026-06-30;0.74;0.76;-2.63;0;0;0;0;0;0;0;0;0;0;0;;;;;
2026-04-22;O_PETKME0626P22.50;PETKM_06/2026_AVRUPA_OPSIYON;D_EQ;SSO;D_EQ_EPP;DE_PETKM_EPP;PETKM.E;2026-06-30;0.89;0.91;-2.2;0;0;0;0;0;0;0;0;0;0;0;;;;;
2026-04-22;O_PETKME0626P23.00;PETKM_06/2026_AVRUPA_OPSIYON;D_EQ;SSO;D_EQ_EPP;DE_PETKM_EPP;PETKM.E;2026-06-30;1.06;1.08;-1.85;0;0;0;0;0;0;0;0;0;0;0;;;;;
2026-04-22;O_PETKME0626P23.50;PETKM_06/2026_AVRUPA_OPSIYON;D_EQ;SSO;D_EQ_EPP;DE_PETKM_EPP;PETKM.E;2026-06-30;1.24;1.26;-1.59;0;0;0;0;0;0;0;0;0;0;0;;;;;
2026-04-22;O_PETKME0626P24.00;PETKM_06/2026_AVRUPA_OPSIYON;D_EQ;SSO;D_EQ_EPP;DE_PETKM_EPP;PETKM.E;2026-06-30;1.44;1.47;-2.04;0;0;0;0;0;0;0;0;0;0;0;;;;;
2026-04-22;O_PETKME0626P24.50;PETKM_06/2026_AVRUPA_OPSIYON;D_EQ;SSO;D_EQ_EPP;DE_PETKM_EPP;PETKM.E;2026-06-30;1.66;1.69;-1.78;0;0;0;0;0;0;0;0;0;0;0;;;;;
2026-04-22;O_PETKME0626P25.00;PETKM_06/2026_AVRUPA_OPSIYON;D_EQ;SSO;D_EQ_EPP;DE_PETKM_EPP;PETKM.E;2026-06-30;1.9;1.93;-1.55;0;0;0;0;0;0;0;0;0;0;0;;;;;
2026-04-22;O_PGSUSE0426C175.00;PGSUS_04/2026_AVRUPA_OPSIYON;D_EQ;SSO;D_EQ_ECP;DE_PGSUS_ECP;PGSUS.E;2026-04-30;16.93;17.19;-1.51;0;0;0;0;0;0;0;0;0;123;0;;;;;
2026-04-22;O_PGSUSE0426C180.00;PGSUS_04/2026_AVRUPA_OPSIYON;D_EQ;SSO;D_EQ_ECP;DE_PGSUS_ECP;PGSUS.E;2026-04-30;12.45;12.79;-2.66;0;0;0;0;0;0;0;0;0;132;0;;;;;
2026-04-22;O_PGSUSE0426C185.00;PGSUS_04/2026_AVRUPA_OPSIYON;D_EQ;SSO;D_EQ_ECP;DE_PGSUS_ECP;PGSUS.E;2026-04-30;8.52;8.91;-4.38;0;0;0;0;0;0;0;0;0;99;0;;;;;
2026-04-22;O_PGSUSE0426C190.00;PGSUS_04/2026_AVRUPA_OPSIYON;D_EQ;SSO;D_EQ_ECP;DE_PGSUS_ECP;PGSUS.E;2026-04-30;5.34;5.76;-7.29;0;0;0;0;0;0;0;0;0;1641;0;;;;;
2026-04-22;O_PGSUSE0426C195.00;PGSUS_04/2026_AVRUPA_OPSIYON;D_EQ;SSO;D_EQ_ECP;DE_PGSUS_ECP;PGSUS.E;2026-04-30;3.04;3.43;-11.37;2.16;2.16;2.16;2.16;2.16;1911000;21168;98;1;451;0;;;;;
2026-04-22;O_PGSUSE0426C200.00;PGSUS_04/2026_AVRUPA_OPSIYON;D_EQ;SSO;D_EQ_ECP;DE_PGSUS_ECP;PGSUS.E;2026-04-30;1.57;1.87;-16.04;0.96;0.96;0.96;0.96;0.96;1960000;9408;98;1;1239;0;;;;;
2026-04-22;O_PGSUSE0426C205.00;PGSUS_04/2026_AVRUPA_OPSIYON;D_EQ;SSO;D_EQ_ECP;DE_PGSUS_ECP;PGSUS.E;2026-04-30;0.74;0.94;-21.28;0;0;0;0;0;0;0;0;0;1474;0;;;;;
2026-04-22;O_PGSUSE0426C210.00;PGSUS_04/2026_AVRUPA_OPSIYON;D_EQ;SSO;D_EQ_ECP;DE_PGSUS_ECP;PGSUS.E;2026-04-30;0.32;0.43;-25.58;0;0;0;0;0;0;0;0;0;735;0;;;;;
2026-04-22;O_PGSUSE0426C215.00;PGSUS_04/2026_AVRUPA_OPSIYON;D_EQ;SSO;D_EQ_ECP;DE_PGSUS_ECP;PGSUS.E;2026-04-30;0.13;0.18;-27.78;0;0;0;0;0;0;0;0;0;626;0;;;;;
2026-04-22;O_PGSUSE0426C220.00;PGSUS_04/2026_AVRUPA_OPSIYON;D_EQ;SSO;D_EQ_ECP;DE_PGSUS_ECP;PGSUS.E;2026-04-30;0.05;0.07;-28.57;0;0;0;0;0;0;0;0;0;1;0;;;;;
2026-04-22;O_PGSUSE0426C225.00;PGSUS_04/2026_AVRUPA_OPSIYON;D_EQ;SSO;D_EQ_ECP;DE_PGSUS_ECP;PGSUS.E;2026-04-30;0.02;0.03;-33.33;0;0;0;0;0;0;0;0;0;616;0;;;;;
2026-04-22;O_PGSUSE0426C230.00;PGSUS_04/2026_AVRUPA_OPSIYON;D_EQ;SSO;D_EQ_ECP;DE_PGSUS_ECP;PGSUS.E;2026-04-30;0.01;0.01;0;0;0;0;0;0;0;0;0;0;113;0;;;;;
2026-04-22;O_PGSUSE0426C235.00;PGSUS_04/2026_AVRUPA_OPSIYON;D_EQ;SSO;D_EQ_ECP;DE_PGSUS_ECP;PGSUS.E;2026-04-30;0.01;0.01;0;0;0;0;0;0;0;0;0;0;30;0;;;;;
2026-04-22;O_PGSUSE0426C240.00;PGSUS_04/2026_AVRUPA_OPSIYON;D_EQ;SSO;D_EQ_ECP;DE_PGSUS_ECP;PGSUS.E;2026-04-30;0.01;0.01;0;0;0;0;0;0;0;0;0;0;30;0;;;;;
2026-04-22;O_PGSUSE0426C245.00;PGSUS_04/2026_AVRUPA_OPSIYON;D_EQ;SSO;D_EQ_ECP;DE_PGSUS_ECP;PGSUS.E;2026-04-30;0.01;0.01;0;0;0;0;0;0;0;0;0;0;0;0;;;;;
2026-04-22;O_PGSUSE0426C250.00;PGSUS_04/2026_AVRUPA_OPSIYON;D_EQ;SSO;D_EQ_ECP;DE_PGSUS_ECP;PGSUS.E;2026-04-30;0.01;0.01;0;0;0;0;0;0;0;0;0;0;0;0;;;;;
2026-04-22;O_PGSUSE0426C260.00;PGSUS_04/2026_AVRUPA_OPSIYON;D_EQ;SSO;D_EQ_ECP;DE_PGSUS_ECP;PGSUS.E;2026-04-30;0.01;0.01;0;0;0;0;0;0;0;0;0;0;0;0;;;;;
2026-04-22;O_PGSUSE0426C270.00;PGSUS_04/2026_AVRUPA_OPSIYON;D_EQ;SSO;D_EQ_ECP;DE_PGSUS_ECP;PGSUS.E;2026-04-30;0.01;0.01;0;0;0;0;0;0;0;0;0;0;0;0;;;;;
2026-04-22;O_PGSUSE0426C280.00;PGSUS_04/2026_AVRUPA_OPSIYON;D_EQ;SSO;D_EQ_ECP;DE_PGSUS_ECP;PGSUS.E;2026-04-30;0.01;0.01;0;0;0;0;0;0;0;0;0;0;0;0;;;;;
2026-04-22;O_PGSUSE0426C290.00;PGSUS_04/2026_AVRUPA_OPSIYON;D_EQ;SSO;D_EQ_ECP;DE_PGSUS_ECP;PGSUS.E;2026-04-30;0.01;0.01;0;0;0;0;0;0;0;0;0;0;0;0;;;;;
2026-04-22;O_PGSUSE0426P150.00;PGSUS_04/2026_AVRUPA_OPSIYON;D_EQ;SSO;D_EQ_EPP;DE_PGSUS_EPP;PGSUS.E;2026-04-30;0.01;0.01;0;0;0;0;0;0;0;0;0;0;33;0;;;;;
2026-04-22;O_PGSUSE0426P155.00;PGSUS_04/2026_AVRUPA_OPSIYON;D_EQ;SSO;D_EQ_EPP;DE_PGSUS_EPP;PGSUS.E;2026-04-30;0.01;0.01;0;0;0;0;0;0;0;0;0;0;0;0;;;;;
2026-04-22;O_PGSUSE0426P160.00;PGSUS_04/2026_AVRUPA_OPSIYON;D_EQ;SSO;D_EQ_EPP;DE_PGSUS_EPP;PGSUS.E;2026-04-30;0.01;0.01;0;0;0;0;0;0;0;0;0;0;24;0;;;;;
2026-04-22;O_PGSUSE0426P165.00;PGSUS_04/2026_AVRUPA_OPSIYON;D_EQ;SSO;D_EQ_EPP;DE_PGSUS_EPP;PGSUS.E;2026-04-30;0.02;0.03;-33.33;0;0;0;0;0;0;0;0;0;23;0;;;;;
2026-04-22;O_PGSUSE0426P170.00;PGSUS_04/2026_AVRUPA_OPSIYON;D_EQ;SSO;D_EQ_EPP;DE_PGSUS_EPP;PGSUS.E;2026-04-30;0.08;0.12;-33.33;0;0;0;0;0;0;0;0;0;1235;0;;;;;
2026-04-22;O_PGSUSE0426P175.00;PGSUS_04/2026_AVRUPA_OPSIYON;D_EQ;SSO;D_EQ_EPP;DE_PGSUS_EPP;PGSUS.E;2026-04-30;0.28;0.35;-20;0;0;0;0;0;0;0;0;0;1142;0;;;;;
2026-04-22;O_PGSUSE0426P180.00;PGSUS_04/2026_AVRUPA_OPSIYON;D_EQ;SSO;D_EQ_EPP;DE_PGSUS_EPP;PGSUS.E;2026-04-30;0.76;0.91;-16.48;1.02;1.02;1.38;1.38;1.36;3636000;27540;202;5;305;-200;;;;;
2026-04-22;O_PGSUSE0426P185.00;PGSUS_04/2026_AVRUPA_OPSIYON;D_EQ;SSO;D_EQ_EPP;DE_PGSUS_EPP;PGSUS.E;2026-04-30;1.78;1.99;-10.55;0;0;0;0;0;0;0;0;0;538;0;;;;;
2026-04-22;O_PGSUSE0426P190.00;PGSUS_04/2026_AVRUPA_OPSIYON;D_EQ;SSO;D_EQ_EPP;DE_PGSUS_EPP;PGSUS.E;2026-04-30;3.56;3.79;-6.07;0;0;0;0;0;0;0;0;0;93;0;;;;;
2026-04-22;O_PGSUSE0426P195.00;PGSUS_04/2026_AVRUPA_OPSIYON;D_EQ;SSO;D_EQ_EPP;DE_PGSUS_EPP;PGSUS.E;2026-04-30;6.23;6.41;-2.81;6.48;6.38;6.48;6.47;6.46;97500;3229;5;3;218;-5;;;;;
2026-04-22;O_PGSUSE0426P200.00;PGSUS_04/2026_AVRUPA_OPSIYON;D_EQ;SSO;D_EQ_EPP;DE_PGSUS_EPP;PGSUS.E;2026-04-30;9.71;9.81;-1.02;10.02;10.02;10.02;10.02;10.02;200000;10020;10;1;2700;0;;;;;
2026-04-22;O_PGSUSE0426P205.00;PGSUS_04/2026_AVRUPA_OPSIYON;D_EQ;SSO;D_EQ_EPP;DE_PGSUS_EPP;PGSUS.E;2026-04-30;13.84;13.83;0.07;0;0;0;0;0;0;0;0;0;0;0;;;;;
2026-04-22;O_PGSUSE0426P210.00;PGSUS_04/2026_AVRUPA_OPSIYON;D_EQ;SSO;D_EQ_EPP;DE_PGSUS_EPP;PGSUS.E;2026-04-30;18.38;18.28;0.55;0;0;0;0;0;0;0;0;0;0;0;;;;;
2026-04-22;O_PGSUSE0426P215.00;PGSUS_04/2026_AVRUPA_OPSIYON;D_EQ;SSO;D_EQ_EPP;DE_PGSUS_EPP;PGSUS.E;2026-04-30;23.14;22.98;0.7;0;0;0;0;0;0;0;0;0;30;0;;;;;
2026-04-22;O_PGSUSE0426P220.00;PGSUS_04/2026_AVRUPA_OPSIYON;D_EQ;SSO;D_EQ_EPP;DE_PGSUS_EPP;PGSUS.E;2026-04-30;28.02;27.82;0.72;0;0;0;0;0;0;0;0;0;0;0;;;;;
2026-04-22;O_PGSUSE0426P225.00;PGSUS_04/2026_AVRUPA_OPSIYON;D_EQ;SSO;D_EQ_EPP;DE_PGSUS_EPP;PGSUS.E;2026-04-30;32.95;32.73;0.67;0;0;0;0;0;0;0;0;0;0;0;;;;;
2026-04-22;O_PGSUSE0426P230.00;PGSUS_04/2026_AVRUPA_OPSIYON;D_EQ;SSO;D_EQ_EPP;DE_PGSUS_EPP;PGSUS.E;2026-04-30;37.9;37.66;0.64;0;0;0;0;0;0;0;0;0;0;0;;;;;
2026-04-22;O_PGSUSE0426P235.00;PGSUS_04/2026_AVRUPA_OPSIYON;D_EQ;SSO;D_EQ_EPP;DE_PGSUS_EPP;PGSUS.E;2026-04-30;42.85;42.61;0.56;0;0;0;0;0;0;0;0;0;0;0;;;;;
2026-04-22;O_PGSUSE0426P240.00;PGSUS_04/2026_AVRUPA_OPSIYON;D_EQ;SSO;D_EQ_EPP;DE_PGSUS_EPP;PGSUS.E;2026-04-30;47.81;47.56;0.53;0;0;0;0;0;0;0;0;0;0;0;;;;;
2026-04-22;O_PGSUSE0426P245.00;PGSUS_04/2026_AVRUPA_OPSIYON;D_EQ;SSO;D_EQ_EPP;DE_PGSUS_EPP;PGSUS.E;2026-04-30;52.77;52.52;0.48;0;0;0;0;0;0;0;0;0;0;0;;;;;
2026-04-22;O_PGSUSE0526C180.00;PGSUS_05/2026_AVRUPA_OPSIYON;D_EQ;SSO;D_EQ_ECP;DE_PGSUS_ECP;PGSUS.E;2026-05-25;19.13;19.41;-1.44;0;0;0;0;0;0;0;0;0;0;0;;;;;
2026-04-22;O_PGSUSE0526C185.00;PGSUS_05/2026_AVRUPA_OPSIYON;D_EQ;SSO;D_EQ_ECP;DE_PGSUS_ECP;PGSUS.E;2026-05-25;15.61;15.93;-2.01;0;0;0;0;0;0;0;0;0;10;0;;;;;
2026-04-22;O_PGSUSE0526C190.00;PGSUS_05/2026_AVRUPA_OPSIYON;D_EQ;SSO;D_EQ_ECP;DE_PGSUS_ECP;PGSUS.E;2026-05-25;12.52;12.85;-2.57;0;0;0;0;0;0;0;0;0;10;0;;;;;
2026-04-22;O_PGSUSE0526C195.00;PGSUS_05/2026_AVRUPA_OPSIYON;D_EQ;SSO;D_EQ_ECP;DE_PGSUS_ECP;PGSUS.E;2026-05-25;9.84;10.18;-3.34;0;0;0;0;0;0;0;0;0;10;0;;;;;
2026-04-22;O_PGSUSE0526C200.00;PGSUS_05/2026_AVRUPA_OPSIYON;D_EQ;SSO;D_EQ_ECP;DE_PGSUS_ECP;PGSUS.E;2026-05-25;7.6;7.92;-4.04;0;0;0;0;0;0;0;0;0;20;0;;;;;
2026-04-22;O_PGSUSE0526C205.00;PGSUS_05/2026_AVRUPA_OPSIYON;D_EQ;SSO;D_EQ_ECP;DE_PGSUS_ECP;PGSUS.E;2026-05-25;5.76;6.06;-4.95;0;0;0;0;0;0;0;0;0;0;0;;;;;
2026-04-22;O_PGSUSE0526C210.00;PGSUS_05/2026_AVRUPA_OPSIYON;D_EQ;SSO;D_EQ_ECP;DE_PGSUS_ECP;PGSUS.E;2026-05-25;4.33;4.57;-5.25;3.15;2.94;3.15;2.94;3.05;2835000;41118;135;2;1135;125;;;;;
2026-04-22;O_PGSUSE0526C215.00;PGSUS_05/2026_AVRUPA_OPSIYON;D_EQ;SSO;D_EQ_ECP;DE_PGSUS_ECP;PGSUS.E;2026-05-25;3.21;3.39;-5.31;0;0;0;0;0;0;0;0;0;9;0;;;;;
2026-04-22;O_PGSUSE0526C220.00;PGSUS_05/2026_AVRUPA_OPSIYON;D_EQ;SSO;D_EQ_ECP;DE_PGSUS_ECP;PGSUS.E;2026-05-25;2.35;2.49;-5.62;0;0;0;0;0;0;0;0;0;10;0;;;;;
2026-04-22;O_PGSUSE0526C225.00;PGSUS_05/2026_AVRUPA_OPSIYON;D_EQ;SSO;D_EQ_ECP;DE_PGSUS_ECP;PGSUS.E;2026-05-25;1.7;1.8;-5.56;0;0;0;0;0;0;0;0;0;68;0;;;;;
2026-04-22;O_PGSUSE0526C230.00;PGSUS_05/2026_AVRUPA_OPSIYON;D_EQ;SSO;D_EQ_ECP;DE_PGSUS_ECP;PGSUS.E;2026-05-25;1.22;1.28;-4.69;0;0;0;0;0;0;0;0;0;68;0;;;;;
2026-04-22;O_PGSUSE0526C235.00;PGSUS_05/2026_AVRUPA_OPSIYON;D_EQ;SSO;D_EQ_ECP;DE_PGSUS_ECP;PGSUS.E;2026-05-25;0.86;0.9;-4.44;0;0;0;0;0;0;0;0;0;400;0;;;;;
2026-04-22;O_PGSUSE0526C240.00;PGSUS_05/2026_AVRUPA_OPSIYON;D_EQ;SSO;D_EQ_ECP;DE_PGSUS_ECP;PGSUS.E;2026-05-25;0.61;0.63;-3.17;0;0;0;0;0;0;0;0;0;0;0;;;;;
2026-04-22;O_PGSUSE0526P155.00;PGSUS_05/2026_AVRUPA_OPSIYON;D_EQ;SSO;D_EQ_EPP;DE_PGSUS_EPP;PGSUS.E;2026-05-25;0.21;0.21;0;0;0;0;0;0;0;0;0;0;0;0;;;;;
2026-04-22;O_PGSUSE0526P160.00;PGSUS_05/2026_AVRUPA_OPSIYON;D_EQ;SSO;D_EQ_EPP;DE_PGSUS_EPP;PGSUS.E;2026-05-25;0.39;0.4;-2.5;0;0;0;0;0;0;0;0;0;0;0;;;;;
2026-04-22;O_PGSUSE0526P165.00;PGSUS_05/2026_AVRUPA_OPSIYON;D_EQ;SSO;D_EQ_EPP;DE_PGSUS_EPP;PGSUS.E;2026-05-25;0.7;0.72;-2.78;0;0;0;0;0;0;0;0;0;0;0;;;;;
2026-04-22;O_PGSUSE0526P170.00;PGSUS_05/2026_AVRUPA_OPSIYON;D_EQ;SSO;D_EQ_EPP;DE_PGSUS_EPP;PGSUS.E;2026-05-25;1.17;1.21;-3.31;0;0;0;0;0;0;0;0;0;1;0;;;;;
2026-04-22;O_PGSUSE0526P175.00;PGSUS_05/2026_AVRUPA_OPSIYON;D_EQ;SSO;D_EQ_EPP;DE_PGSUS_EPP;PGSUS.E;2026-05-25;1.87;1.93;-3.11;0;0;0;0;0;0;0;0;0;0;0;;;;;
2026-04-22;O_PGSUSE0526P180.00;PGSUS_05/2026_AVRUPA_OPSIYON;D_EQ;SSO;D_EQ_EPP;DE_PGSUS_EPP;PGSUS.E;2026-05-25;2.85;2.95;-3.39;0;0;0;0;0;0;0;0;0;89;0;;;;;
2026-04-22;O_PGSUSE0526P185.00;PGSUS_05/2026_AVRUPA_OPSIYON;D_EQ;SSO;D_EQ_EPP;DE_PGSUS_EPP;PGSUS.E;2026-05-25;4.16;4.3;-3.26;3.8;3.8;4;4;3.8;943500;19400;51;2;451;51;;;;;
2026-04-22;O_PGSUSE0526P190.00;PGSUS_05/2026_AVRUPA_OPSIYON;D_EQ;SSO;D_EQ_EPP;DE_PGSUS_EPP;PGSUS.E;2026-05-25;5.9;6.04;-2.32;5.13;5.13;5.13;5.13;5.13;1140000;30780;60;1;122;50;;;;;
2026-04-22;O_PGSUSE0526P195.00;PGSUS_05/2026_AVRUPA_OPSIYON;D_EQ;SSO;D_EQ_EPP;DE_PGSUS_EPP;PGSUS.E;2026-05-25;8.06;8.2;-1.71;0;0;0;0;0;0;0;0;0;159;0;;;;;
2026-04-22;O_PGSUSE0526P200.00;PGSUS_05/2026_AVRUPA_OPSIYON;D_EQ;SSO;D_EQ_EPP;DE_PGSUS_EPP;PGSUS.E;2026-05-25;10.65;10.77;-1.11;0;0;0;0;0;0;0;0;0;30;0;;;;;
2026-04-22;O_PGSUSE0526P205.00;PGSUS_05/2026_AVRUPA_OPSIYON;D_EQ;SSO;D_EQ_EPP;DE_PGSUS_EPP;PGSUS.E;2026-05-25;13.64;13.73;-0.66;0;0;0;0;0;0;0;0;0;10;0;;;;;
2026-04-22;O_PGSUSE0526P210.00;PGSUS_05/2026_AVRUPA_OPSIYON;D_EQ;SSO;D_EQ_EPP;DE_PGSUS_EPP;PGSUS.E;2026-05-25;17.04;17.07;-0.18;0;0;0;0;0;0;0;0;0;50;0;;;;;
2026-04-22;O_PGSUSE0526P215.00;PGSUS_05/2026_AVRUPA_OPSIYON;D_EQ;SSO;D_EQ_EPP;DE_PGSUS_EPP;PGSUS.E;2026-05-25;20.75;20.72;0.14;0;0;0;0;0;0;0;0;0;0;0;;;;;
2026-04-22;O_PGSUSE0626C185.00;PGSUS_06/2026_AVRUPA_OPSIYON;D_EQ;SSO;D_EQ_ECP;DE_PGSUS_ECP;PGSUS.E;2026-06-30;25.3;25.59;-1.13;0;0;0;0;0;0;0;0;0;0;0;;;;;
2026-04-22;O_PGSUSE0626C190.00;PGSUS_06/2026_AVRUPA_OPSIYON;D_EQ;SSO;D_EQ_ECP;DE_PGSUS_ECP;PGSUS.E;2026-06-30;22.06;22.39;-1.47;0;0;0;0;0;0;0;0;0;0;0;;;;;
2026-04-22;O_PGSUSE0626C195.00;PGSUS_06/2026_AVRUPA_OPSIYON;D_EQ;SSO;D_EQ_ECP;DE_PGSUS_ECP;PGSUS.E;2026-06-30;19.11;19.47;-1.85;0;0;0;0;0;0;0;0;0;0;0;;;;;
2026-04-22;O_PGSUSE0626C200.00;PGSUS_06/2026_AVRUPA_OPSIYON;D_EQ;SSO;D_EQ_ECP;DE_PGSUS_ECP;PGSUS.E;2026-06-30;16.44;16.8;-2.14;0;0;0;0;0;0;0;0;0;0;0;;;;;
2026-04-22;O_PGSUSE0626C205.00;PGSUS_06/2026_AVRUPA_OPSIYON;D_EQ;SSO;D_EQ_ECP;DE_PGSUS_ECP;PGSUS.E;2026-06-30;14.05;14.41;-2.5;0;0;0;0;0;0;0;0;0;0;0;;;;;
2026-04-22;O_PGSUSE0626C210.00;PGSUS_06/2026_AVRUPA_OPSIYON;D_EQ;SSO;D_EQ_ECP;DE_PGSUS_ECP;PGSUS.E;2026-06-30;11.94;12.27;-2.69;0;0;0;0;0;0;0;0;0;0;0;;;;;
2026-04-22;O_PGSUSE0626C215.00;PGSUS_06/2026_AVRUPA_OPSIYON;D_EQ;SSO;D_EQ_ECP;DE_PGSUS_ECP;PGSUS.E;2026-06-30;10.12;10.41;-2.79;0;0;0;0;0;0;0;0;0;0;0;;;;;
2026-04-22;O_PGSUSE0626C220.00;PGSUS_06/2026_AVRUPA_OPSIYON;D_EQ;SSO;D_EQ_ECP;DE_PGSUS_ECP;PGSUS.E;2026-06-30;8.56;8.79;-2.62;0;0;0;0;0;0;0;0;0;0;0;;;;;
2026-04-22;O_PGSUSE0626C225.00;PGSUS_06/2026_AVRUPA_OPSIYON;D_EQ;SSO;D_EQ_ECP;DE_PGSUS_ECP;PGSUS.E;2026-06-30;7.2;7.39;-2.57;0;0;0;0;0;0;0;0;0;0;0;;;;;
2026-04-22;O_PGSUSE0626C230.00;PGSUS_06/2026_AVRUPA_OPSIYON;D_EQ;SSO;D_EQ_ECP;DE_PGSUS_ECP;PGSUS.E;2026-06-30;6.04;6.18;-2.27;0;0;0;0;0;0;0;0;0;0;0;;;;;
2026-04-22;O_PGSUSE0626C235.00;PGSUS_06/2026_AVRUPA_OPSIYON;D_EQ;SSO;D_EQ_ECP;DE_PGSUS_ECP;PGSUS.E;2026-06-30;5.06;5.14;-1.56;0;0;0;0;0;0;0;0;0;0;0;;;;;
2026-04-22;O_PGSUSE0626C240.00;PGSUS_06/2026_AVRUPA_OPSIYON;D_EQ;SSO;D_EQ_ECP;DE_PGSUS_ECP;PGSUS.E;2026-06-30;4.22;4.27;-1.17;0;0;0;0;0;0;0;0;0;0;0;;;;;
2026-04-22;O_PGSUSE0626C245.00;PGSUS_06/2026_AVRUPA_OPSIYON;D_EQ;SSO;D_EQ_ECP;DE_PGSUS_ECP;PGSUS.E;2026-06-30;3.51;3.52;-0.28;0;0;0;0;0;0;0;0;0;0;0;;;;;
2026-04-22;O_PGSUSE0626P160.00;PGSUS_06/2026_AVRUPA_OPSIYON;D_EQ;SSO;D_EQ_EPP;DE_PGSUS_EPP;PGSUS.E;2026-06-30;0.96;0.94;2.13;0;0;0;0;0;0;0;0;0;0;0;;;;;
2026-04-22;O_PGSUSE0626P165.00;PGSUS_06/2026_AVRUPA_OPSIYON;D_EQ;SSO;D_EQ_EPP;DE_PGSUS_EPP;PGSUS.E;2026-06-30;1.38;1.37;0.73;0;0;0;0;0;0;0;0;0;0;0;;;;;
2026-04-22;O_PGSUSE0626P170.00;PGSUS_06/2026_AVRUPA_OPSIYON;D_EQ;SSO;D_EQ_EPP;DE_PGSUS_EPP;PGSUS.E;2026-06-30;1.95;1.95;0;0;0;0;0;0;0;0;0;0;0;0;;;;;
2026-04-22;O_PGSUSE0626P175.00;PGSUS_06/2026_AVRUPA_OPSIYON;D_EQ;SSO;D_EQ_EPP;DE_PGSUS_EPP;PGSUS.E;2026-06-30;2.67;2.69;-0.74;0;0;0;0;0;0;0;0;0;0;0;;;;;
2026-04-22;O_PGSUSE0626P180.00;PGSUS_06/2026_AVRUPA_OPSIYON;D_EQ;SSO;D_EQ_EPP;DE_PGSUS_EPP;PGSUS.E;2026-06-30;3.58;3.62;-1.1;0;0;0;0;0;0;0;0;0;0;0;;;;;
2026-04-22;O_PGSUSE0626P185.00;PGSUS_06/2026_AVRUPA_OPSIYON;D_EQ;SSO;D_EQ_EPP;DE_PGSUS_EPP;PGSUS.E;2026-06-30;4.69;4.77;-1.68;0;0;0;0;0;0;0;0;0;0;0;;;;;
2026-04-22;O_PGSUSE0626P190.00;PGSUS_06/2026_AVRUPA_OPSIYON;D_EQ;SSO;D_EQ_EPP;DE_PGSUS_EPP;PGSUS.E;2026-06-30;6.04;6.15;-1.79;0;0;0;0;0;0;0;0;0;0;0;;;;;
2026-04-22;O_PGSUSE0626P195.00;PGSUS_06/2026_AVRUPA_OPSIYON;D_EQ;SSO;D_EQ_EPP;DE_PGSUS_EPP;PGSUS.E;2026-06-30;7.67;7.8;-1.67;0;0;0;0;0;0;0;0;0;0;0;;;;;
2026-04-22;O_PGSUSE0626P200.00;PGSUS_06/2026_AVRUPA_OPSIYON;D_EQ;SSO;D_EQ_EPP;DE_PGSUS_EPP;PGSUS.E;2026-06-30;9.58;9.71;-1.34;0;0;0;0;0;0;0;0;0;0;0;;;;;
2026-04-22;O_PGSUSE0626P205.00;PGSUS_06/2026_AVRUPA_OPSIYON;D_EQ;SSO;D_EQ_EPP;DE_PGSUS_EPP;PGSUS.E;2026-06-30;11.78;11.9;-1.01;0;0;0;0;0;0;0;0;0;0;0;;;;;
2026-04-22;O_PGSUSE0626P210.00;PGSUS_06/2026_AVRUPA_OPSIYON;D_EQ;SSO;D_EQ_EPP;DE_PGSUS_EPP;PGSUS.E;2026-06-30;14.25;14.34;-0.63;0;0;0;0;0;0;0;0;0;0;0;;;;;
2026-04-22;O_PGSUSE0626P215.00;PGSUS_06/2026_AVRUPA_OPSIYON;D_EQ;SSO;D_EQ_EPP;DE_PGSUS_EPP;PGSUS.E;2026-06-30;17.02;17.06;-0.23;0;0;0;0;0;0;0;0;0;0;0;;;;;
2026-04-22;O_PGSUSE0626P220.00;PGSUS_06/2026_AVRUPA_OPSIYON;D_EQ;SSO;D_EQ_EPP;DE_PGSUS_EPP;PGSUS.E;2026-06-30;20.03;20.02;0.05;0;0;0;0;0;0;0;0;0;0;0;;;;;
2026-04-22;O_P_USDTRYKE0426C45500;FIZ. USDTRY_04/2026_AVRUPA_OPSIYON;D_CR;PCO;D_CR_ECP;DE_USDTRYKP_ECP;USDTRYKP.CX;2026-04-30;136.5;163.3;-16.41;0;0;0;0;0;0;0;0;0;0;0;;;;;
2026-04-22;O_P_USDTRYKE0426C46000;FIZ. USDTRY_04/2026_AVRUPA_OPSIYON;D_CR;PCO;D_CR_ECP;DE_USDTRYKP_ECP;USDTRYKP.CX;2026-04-30;36.4;54.9;-33.7;0;0;0;0;0;0;0;0;0;0;0;;;;;
2026-04-22;O_P_USDTRYKE0426P45500;FIZ. USDTRY_04/2026_AVRUPA_OPSIYON;D_CR;PCO;D_CR_EPP;DE_USDTRYKP_EPP;USDTRYKP.CX;2026-04-30;454.6;444.5;2.27;0;0;0;0;0;0;0;0;0;0;0;;;;;
2026-04-22;O_P_USDTRYKE0426P46000;FIZ. USDTRY_04/2026_AVRUPA_OPSIYON;D_CR;PCO;D_CR_EPP;DE_USDTRYKP_EPP;USDTRYKP.CX;2026-04-30;850.9;832.1;2.26;0;0;0;0;0;0;0;0;0;0;0;;;;;
2026-04-22;O_P_USDTRYKE0526C46500;FIZ. USDTRY_05/2026_AVRUPA_OPSIYON;D_CR;PCO;D_CR_ECP;DE_USDTRYKP_ECP;USDTRYKP.CX;2026-05-25;411.9;438.4;-6.04;0;0;0;0;0;0;0;0;0;0;0;;;;;
2026-04-22;O_P_USDTRYKE0526C47000;FIZ. USDTRY_05/2026_AVRUPA_OPSIYON;D_CR;PCO;D_CR_ECP;DE_USDTRYKP_ECP;USDTRYKP.CX;2026-05-25;330.1;356.7;-7.46;0;0;0;0;0;0;0;0;0;0;0;;;;;
2026-04-22;O_P_USDTRYKE0526P46500;FIZ. USDTRY_05/2026_AVRUPA_OPSIYON;D_CR;PCO;D_CR_EPP;DE_USDTRYKP_EPP;USDTRYKP.CX;2026-05-25;691.1;680.8;1.51;0;0;0;0;0;0;0;0;0;0;0;;;;;
2026-04-22;O_P_USDTRYKE0526P47000;FIZ. USDTRY_05/2026_AVRUPA_OPSIYON;D_CR;PCO;D_CR_EPP;DE_USDTRYKP_EPP;USDTRYKP.CX;2026-05-25;1094.5;1083.9;0.98;0;0;0;0;0;0;0;0;0;0;0;;;;;
2026-04-22;O_SAHOLE0426C100.00;SAHOL_04/2026_AVRUPA_OPSIYON;D_EQ;SSO;D_EQ_ECP;DE_SAHOL_ECP;SAHOL.E;2026-04-30;2.49;3.86;-35.49;3.14;1.94;3.14;1.94;2.43;1700000;41380;170;17;3943;30;;;;;
2026-04-22;O_SAHOLE0426C105.00;SAHOL_04/2026_AVRUPA_OPSIYON;D_EQ;SSO;D_EQ_ECP;DE_SAHOL_ECP;SAHOL.E;2026-04-30;0.85;1.6;-46.88;0.74;0.62;0.74;0.64;0.7;6153000;40958;586;4;6000;0;;;;;
2026-04-22;O_SAHOLE0426C110.00;SAHOL_04/2026_AVRUPA_OPSIYON;D_EQ;SSO;D_EQ_ECP;DE_SAHOL_ECP;SAHOL.E;2026-04-30;0.21;0.52;-59.62;0.33;0.33;0.34;0.34;0.34;6600000;20366;600;6;6551;600;;;;;
2026-04-22;O_SAHOLE0426C115.00;SAHOL_04/2026_AVRUPA_OPSIYON;D_EQ;SSO;D_EQ_ECP;DE_SAHOL_ECP;SAHOL.E;2026-04-30;0.04;0.13;-69.23;0;0;0;0;0;0;0;0;0;2617;0;;;;;
2026-04-22;O_SAHOLE0426C120.00;SAHOL_04/2026_AVRUPA_OPSIYON;D_EQ;SSO;D_EQ_ECP;DE_SAHOL_ECP;SAHOL.E;2026-04-30;0.01;0.03;-66.67;0;0;0;0;0;0;0;0;0;1026;0;;;;;
2026-04-22;O_SAHOLE0426C125.00;SAHOL_04/2026_AVRUPA_OPSIYON;D_EQ;SSO;D_EQ_ECP;DE_SAHOL_ECP;SAHOL.E;2026-04-30;0.01;0.01;0;0;0;0;0;0;0;0;0;0;0;0;;;;;
2026-04-22;O_SAHOLE0426C130.00;SAHOL_04/2026_AVRUPA_OPSIYON;D_EQ;SSO;D_EQ_ECP;DE_SAHOL_ECP;SAHOL.E;2026-04-30;0.01;0.01;0;0;0;0;0;0;0;0;0;0;0;0;;;;;
2026-04-22;O_SAHOLE0426C135.00;SAHOL_04/2026_AVRUPA_OPSIYON;D_EQ;SSO;D_EQ_ECP;DE_SAHOL_ECP;SAHOL.E;2026-04-30;0.01;0.01;0;0;0;0;0;0;0;0;0;0;0;0;;;;;
2026-04-22;O_SAHOLE0426C140.00;SAHOL_04/2026_AVRUPA_OPSIYON;D_EQ;SSO;D_EQ_ECP;DE_SAHOL_ECP;SAHOL.E;2026-04-30;0.01;0.01;0;0;0;0;0;0;0;0;0;0;0;0;;;;;
2026-04-22;O_SAHOLE0426C145.00;SAHOL_04/2026_AVRUPA_OPSIYON;D_EQ;SSO;D_EQ_ECP;DE_SAHOL_ECP;SAHOL.E;2026-04-30;0.01;0.01;0;0;0;0;0;0;0;0;0;0;0;0;;;;;
2026-04-22;O_SAHOLE0426C150.00;SAHOL_04/2026_AVRUPA_OPSIYON;D_EQ;SSO;D_EQ_ECP;DE_SAHOL_ECP;SAHOL.E;2026-04-30;0.01;0.01;0;0;0;0;0;0;0;0;0;0;10;0;;;;;
2026-04-22;O_SAHOLE0426C90.00;SAHOL_04/2026_AVRUPA_OPSIYON;D_EQ;SSO;D_EQ_ECP;DE_SAHOL_ECP;SAHOL.E;2026-04-30;9.81;11.94;-17.84;0;0;0;0;0;0;0;0;0;1023;0;;;;;
2026-04-22;O_SAHOLE0426C92.00;SAHOL_04/2026_AVRUPA_OPSIYON;D_EQ;SSO;D_EQ_ECP;DE_SAHOL_ECP;SAHOL.E;2026-04-30;8.01;10.07;-20.46;0;0;0;0;0;0;0;0;0;1002;0;;;;;
2026-04-22;O_SAHOLE0426C94.00;SAHOL_04/2026_AVRUPA_OPSIYON;D_EQ;SSO;D_EQ_ECP;DE_SAHOL_ECP;SAHOL.E;2026-04-30;6.33;8.29;-23.64;0;0;0;0;0;0;0;0;0;1450;0;;;;;
2026-04-22;O_SAHOLE0426C96.00;SAHOL_04/2026_AVRUPA_OPSIYON;D_EQ;SSO;D_EQ_ECP;DE_SAHOL_ECP;SAHOL.E;2026-04-30;4.83;6.64;-27.26;0;0;0;0;0;0;0;0;0;2007;0;;;;;
2026-04-22;O_SAHOLE0426C98.00;SAHOL_04/2026_AVRUPA_OPSIYON;D_EQ;SSO;D_EQ_ECP;DE_SAHOL_ECP;SAHOL.E;2026-04-30;3.54;5.15;-31.26;4.46;2.98;4.48;2.98;3.46;3067400;108394;313;13;2002;0;;;;;
2026-04-22;O_SAHOLE0426P100.00;SAHOL_04/2026_AVRUPA_OPSIYON;D_EQ;SSO;D_EQ_EPP;DE_SAHOL_EPP;SAHOL.E;2026-04-30;2.76;1.93;43.01;1.66;1.65;2.36;2.36;1.7;5400000;91950;540;17;700;413;;;;;
2026-04-22;O_SAHOLE0426P105.00;SAHOL_04/2026_AVRUPA_OPSIYON;D_EQ;SSO;D_EQ_EPP;DE_SAHOL_EPP;SAHOL.E;2026-04-30;6.07;4.62;31.39;4.3;4.28;4.3;4.28;4.28;1050000;42840;100;10;296;96;;;;;
2026-04-22;O_SAHOLE0426P110.00;SAHOL_04/2026_AVRUPA_OPSIYON;D_EQ;SSO;D_EQ_EPP;DE_SAHOL_EPP;SAHOL.E;2026-04-30;10.4;8.49;22.5;0;0;0;0;0;0;0;0;0;70;0;;;;;
2026-04-22;O_SAHOLE0426P115.00;SAHOL_04/2026_AVRUPA_OPSIYON;D_EQ;SSO;D_EQ_EPP;DE_SAHOL_EPP;SAHOL.E;2026-04-30;15.19;13.06;16.31;0;0;0;0;0;0;0;0;0;0;0;;;;;
2026-04-22;O_SAHOLE0426P120.00;SAHOL_04/2026_AVRUPA_OPSIYON;D_EQ;SSO;D_EQ_EPP;DE_SAHOL_EPP;SAHOL.E;2026-04-30;20.11;17.91;12.28;0;0;0;0;0;0;0;0;0;0;0;;;;;
2026-04-22;O_SAHOLE0426P125.00;SAHOL_04/2026_AVRUPA_OPSIYON;D_EQ;SSO;D_EQ_EPP;DE_SAHOL_EPP;SAHOL.E;2026-04-30;25.06;22.84;9.72;0;0;0;0;0;0;0;0;0;0;0;;;;;
2026-04-22;O_SAHOLE0426P80.00;SAHOL_04/2026_AVRUPA_OPSIYON;D_EQ;SSO;D_EQ_EPP;DE_SAHOL_EPP;SAHOL.E;2026-04-30;0.01;0.01;0;0;0;0;0;0;0;0;0;0;50;0;;;;;
2026-04-22;O_SAHOLE0426P82.00;SAHOL_04/2026_AVRUPA_OPSIYON;D_EQ;SSO;D_EQ_EPP;DE_SAHOL_EPP;SAHOL.E;2026-04-30;0.01;0.01;0;0;0;0;0;0;0;0;0;0;60;0;;;;;
2026-04-22;O_SAHOLE0426P84.00;SAHOL_04/2026_AVRUPA_OPSIYON;D_EQ;SSO;D_EQ_EPP;DE_SAHOL_EPP;SAHOL.E;2026-04-30;0.01;0.01;0;0;0;0;0;0;0;0;0;0;215;0;;;;;
2026-04-22;O_SAHOLE0426P86.00;SAHOL_04/2026_AVRUPA_OPSIYON;D_EQ;SSO;D_EQ_EPP;DE_SAHOL_EPP;SAHOL.E;2026-04-30;0.03;0.02;50;0;0;0;0;0;0;0;0;0;1005;0;;;;;
2026-04-22;O_SAHOLE0426P88.00;SAHOL_04/2026_AVRUPA_OPSIYON;D_EQ;SSO;D_EQ_EPP;DE_SAHOL_EPP;SAHOL.E;2026-04-30;0.07;0.04;75;0;0;0;0;0;0;0;0;0;1539;0;;;;;
2026-04-22;O_SAHOLE0426P90.00;SAHOL_04/2026_AVRUPA_OPSIYON;D_EQ;SSO;D_EQ_EPP;DE_SAHOL_EPP;SAHOL.E;2026-04-30;0.16;0.1;60;0;0;0;0;0;0;0;0;0;1099;0;;;;;
2026-04-22;O_SAHOLE0426P92.00;SAHOL_04/2026_AVRUPA_OPSIYON;D_EQ;SSO;D_EQ_EPP;DE_SAHOL_EPP;SAHOL.E;2026-04-30;0.34;0.21;61.9;0;0;0;0;0;0;0;0;0;2897;0;;;;;
2026-04-22;O_SAHOLE0426P94.00;SAHOL_04/2026_AVRUPA_OPSIYON;D_EQ;SSO;D_EQ_EPP;DE_SAHOL_EPP;SAHOL.E;2026-04-30;0.65;0.41;58.54;0;0;0;0;0;0;0;0;0;316;0;;;;;
2026-04-22;O_SAHOLE0426P96.00;SAHOL_04/2026_AVRUPA_OPSIYON;D_EQ;SSO;D_EQ_EPP;DE_SAHOL_EPP;SAHOL.E;2026-04-30;1.13;0.74;52.7;0;0;0;0;0;0;0;0;0;695;0;;;;;
2026-04-22;O_SAHOLE0426P98.00;SAHOL_04/2026_AVRUPA_OPSIYON;D_EQ;SSO;D_EQ_EPP;DE_SAHOL_EPP;SAHOL.E;2026-04-30;1.83;1.23;48.78;1.18;1.16;1.18;1.16;1.17;4900000;58386;500;3;636;500;;;;;
2026-04-22;O_SAHOLE0526C100.00;SAHOL_05/2026_AVRUPA_OPSIYON;D_EQ;SSO;D_EQ_ECP;DE_SAHOL_ECP;SAHOL.E;2026-05-25;6.47;7.88;-17.89;0;0;0;0;0;0;0;0;0;1;0;;;;;
2026-04-22;O_SAHOLE0526C105.00;SAHOL_05/2026_AVRUPA_OPSIYON;D_EQ;SSO;D_EQ_ECP;DE_SAHOL_ECP;SAHOL.E;2026-05-25;4.21;5.31;-20.72;3.36;3.36;3.36;3.36;3.36;1575000;50400;150;2;150;140;;;;;
2026-04-22;O_SAHOLE0526C110.00;SAHOL_05/2026_AVRUPA_OPSIYON;D_EQ;SSO;D_EQ_ECP;DE_SAHOL_ECP;SAHOL.E;2026-05-25;2.59;3.4;-23.82;0;0;0;0;0;0;0;0;0;966;0;;;;;
2026-04-22;O_SAHOLE0526C115.00;SAHOL_05/2026_AVRUPA_OPSIYON;D_EQ;SSO;D_EQ_ECP;DE_SAHOL_ECP;SAHOL.E;2026-05-25;1.52;2.07;-26.57;1.26;1.02;1.26;1.02;1.12;4761000;46368;414;3;1352;414;;;;;
2026-04-22;O_SAHOLE0526C120.00;SAHOL_05/2026_AVRUPA_OPSIYON;D_EQ;SSO;D_EQ_ECP;DE_SAHOL_ECP;SAHOL.E;2026-05-25;0.84;1.2;-30;0.74;0.6;0.74;0.6;0.68;4968000;28152;414;3;2456;414;;;;;
2026-04-22;O_SAHOLE0526C125.00;SAHOL_05/2026_AVRUPA_OPSIYON;D_EQ;SSO;D_EQ_ECP;DE_SAHOL_ECP;SAHOL.E;2026-05-25;0.45;0.67;-32.84;0;0;0;0;0;0;0;0;0;2110;0;;;;;
2026-04-22;O_SAHOLE0526C130.00;SAHOL_05/2026_AVRUPA_OPSIYON;D_EQ;SSO;D_EQ_ECP;DE_SAHOL_ECP;SAHOL.E;2026-05-25;0.23;0.36;-36.11;0;0;0;0;0;0;0;0;0;0;0;;;;;
2026-04-22;O_SAHOLE0526C135.00;SAHOL_05/2026_AVRUPA_OPSIYON;D_EQ;SSO;D_EQ_ECP;DE_SAHOL_ECP;SAHOL.E;2026-05-25;0.11;0.18;-38.89;0;0;0;0;0;0;0;0;0;0;0;;;;;
2026-04-22;O_SAHOLE0526C140.00;SAHOL_05/2026_AVRUPA_OPSIYON;D_EQ;SSO;D_EQ_ECP;DE_SAHOL_ECP;SAHOL.E;2026-05-25;0.05;0.09;-44.44;0;0;0;0;0;0;0;0;0;0;0;;;;;
2026-04-22;O_SAHOLE0526C92.00;SAHOL_05/2026_AVRUPA_OPSIYON;D_EQ;SSO;D_EQ_ECP;DE_SAHOL_ECP;SAHOL.E;2026-05-25;11.55;13.38;-13.68;10.8;10.8;11;11;10.9;92000;10900;10;2;30;0;;;;;
2026-04-22;O_SAHOLE0526C94.00;SAHOL_05/2026_AVRUPA_OPSIYON;D_EQ;SSO;D_EQ_ECP;DE_SAHOL_ECP;SAHOL.E;2026-05-25;10.12;11.86;-14.67;0;0;0;0;0;0;0;0;0;0;0;;;;;
2026-04-22;O_SAHOLE0526C96.00;SAHOL_05/2026_AVRUPA_OPSIYON;D_EQ;SSO;D_EQ_ECP;DE_SAHOL_ECP;SAHOL.E;2026-05-25;8.79;10.43;-15.72;0;0;0;0;0;0;0;0;0;200;0;;;;;
2026-04-22;O_SAHOLE0526C98.00;SAHOL_05/2026_AVRUPA_OPSIYON;D_EQ;SSO;D_EQ_ECP;DE_SAHOL_ECP;SAHOL.E;2026-05-25;7.58;9.11;-16.79;0;0;0;0;0;0;0;0;0;0;0;;;;;
2026-04-22;O_SAHOLE0526P100.00;SAHOL_05/2026_AVRUPA_OPSIYON;D_EQ;SSO;D_EQ_EPP;DE_SAHOL_EPP;SAHOL.E;2026-05-25;4.2;3.41;23.17;2.82;2.62;2.82;2.62;2.67;4000000;106800;400;4;700;400;;;;;
2026-04-22;O_SAHOLE0526P105.00;SAHOL_05/2026_AVRUPA_OPSIYON;D_EQ;SSO;D_EQ_EPP;DE_SAHOL_EPP;SAHOL.E;2026-05-25;6.76;5.66;19.43;0;0;0;0;0;0;0;0;0;0;0;;;;;
2026-04-22;O_SAHOLE0526P110.00;SAHOL_05/2026_AVRUPA_OPSIYON;D_EQ;SSO;D_EQ_EPP;DE_SAHOL_EPP;SAHOL.E;2026-05-25;9.98;8.57;16.45;0;0;0;0;0;0;0;0;0;0;0;;;;;
2026-04-22;O_SAHOLE0526P115.00;SAHOL_05/2026_AVRUPA_OPSIYON;D_EQ;SSO;D_EQ_EPP;DE_SAHOL_EPP;SAHOL.E;2026-05-25;13.73;12.07;13.75;0;0;0;0;0;0;0;0;0;0;0;;;;;
2026-04-22;O_SAHOLE0526P82.00;SAHOL_05/2026_AVRUPA_OPSIYON;D_EQ;SSO;D_EQ_EPP;DE_SAHOL_EPP;SAHOL.E;2026-05-25;0.25;0.18;38.89;0;0;0;0;0;0;0;0;0;0;0;;;;;
2026-04-22;O_SAHOLE0526P84.00;SAHOL_05/2026_AVRUPA_OPSIYON;D_EQ;SSO;D_EQ_EPP;DE_SAHOL_EPP;SAHOL.E;2026-05-25;0.38;0.27;40.74;0;0;0;0;0;0;0;0;0;0;0;;;;;
2026-04-22;O_SAHOLE0526P86.00;SAHOL_05/2026_AVRUPA_OPSIYON;D_EQ;SSO;D_EQ_EPP;DE_SAHOL_EPP;SAHOL.E;2026-05-25;0.57;0.41;39.02;0;0;0;0;0;0;0;0;0;0;0;;;;;
2026-04-22;O_SAHOLE0526P88.00;SAHOL_05/2026_AVRUPA_OPSIYON;D_EQ;SSO;D_EQ_EPP;DE_SAHOL_EPP;SAHOL.E;2026-05-25;0.81;0.6;35;0;0;0;0;0;0;0;0;0;0;0;;;;;
2026-04-22;O_SAHOLE0526P90.00;SAHOL_05/2026_AVRUPA_OPSIYON;D_EQ;SSO;D_EQ_EPP;DE_SAHOL_EPP;SAHOL.E;2026-05-25;1.14;0.86;32.56;0;0;0;0;0;0;0;0;0;2500;0;;;;;
2026-04-22;O_SAHOLE0526P92.00;SAHOL_05/2026_AVRUPA_OPSIYON;D_EQ;SSO;D_EQ_EPP;DE_SAHOL_EPP;SAHOL.E;2026-05-25;1.54;1.18;30.51;0;0;0;0;0;0;0;0;0;0;0;;;;;
2026-04-22;O_SAHOLE0526P94.00;SAHOL_05/2026_AVRUPA_OPSIYON;D_EQ;SSO;D_EQ_EPP;DE_SAHOL_EPP;SAHOL.E;2026-05-25;2.05;1.59;28.93;0;0;0;0;0;0;0;0;0;0;0;;;;;
2026-04-22;O_SAHOLE0526P96.00;SAHOL_05/2026_AVRUPA_OPSIYON;D_EQ;SSO;D_EQ_EPP;DE_SAHOL_EPP;SAHOL.E;2026-05-25;2.65;2.09;26.79;0;0;0;0;0;0;0;0;0;0;0;;;;;
2026-04-22;O_SAHOLE0526P98.00;SAHOL_05/2026_AVRUPA_OPSIYON;D_EQ;SSO;D_EQ_EPP;DE_SAHOL_EPP;SAHOL.E;2026-05-25;3.37;2.7;24.81;0;0;0;0;0;0;0;0;0;2;0;;;;;
2026-04-22;O_SAHOLE0626C100.00;SAHOL_06/2026_AVRUPA_OPSIYON;D_EQ;SSO;D_EQ_ECP;DE_SAHOL_ECP;SAHOL.E;2026-06-30;11.57;13.12;-11.81;0;0;0;0;0;0;0;0;0;0;0;;;;;
2026-04-22;O_SAHOLE0626C105.00;SAHOL_06/2026_AVRUPA_OPSIYON;D_EQ;SSO;D_EQ_ECP;DE_SAHOL_ECP;SAHOL.E;2026-06-30;8.98;10.33;-13.07;0;0;0;0;0;0;0;0;0;0;0;;;;;
2026-04-22;O_SAHOLE0626C110.00;SAHOL_06/2026_AVRUPA_OPSIYON;D_EQ;SSO;D_EQ_ECP;DE_SAHOL_ECP;SAHOL.E;2026-06-30;6.83;7.98;-14.41;0;0;0;0;0;0;0;0;0;0;0;;;;;
2026-04-22;O_SAHOLE0626C115.00;SAHOL_06/2026_AVRUPA_OPSIYON;D_EQ;SSO;D_EQ_ECP;DE_SAHOL_ECP;SAHOL.E;2026-06-30;5.1;6.05;-15.7;0;0;0;0;0;0;0;0;0;0;0;;;;;
2026-04-22;O_SAHOLE0626C120.00;SAHOL_06/2026_AVRUPA_OPSIYON;D_EQ;SSO;D_EQ_ECP;DE_SAHOL_ECP;SAHOL.E;2026-06-30;3.74;4.5;-16.89;0;0;0;0;0;0;0;0;0;0;0;;;;;
2026-04-22;O_SAHOLE0626C125.00;SAHOL_06/2026_AVRUPA_OPSIYON;D_EQ;SSO;D_EQ_ECP;DE_SAHOL_ECP;SAHOL.E;2026-06-30;2.69;3.3;-18.48;0;0;0;0;0;0;0;0;0;0;0;;;;;
2026-04-22;O_SAHOLE0626C130.00;SAHOL_06/2026_AVRUPA_OPSIYON;D_EQ;SSO;D_EQ_ECP;DE_SAHOL_ECP;SAHOL.E;2026-06-30;1.91;2.38;-19.75;0;0;0;0;0;0;0;0;0;0;0;;;;;
2026-04-22;O_SAHOLE0626C135.00;SAHOL_06/2026_AVRUPA_OPSIYON;D_EQ;SSO;D_EQ_ECP;DE_SAHOL_ECP;SAHOL.E;2026-06-30;1.34;1.69;-20.71;0;0;0;0;0;0;0;0;0;0;0;;;;;
2026-04-22;O_SAHOLE0626C140.00;SAHOL_06/2026_AVRUPA_OPSIYON;D_EQ;SSO;D_EQ_ECP;DE_SAHOL_ECP;SAHOL.E;2026-06-30;0.92;1.19;-22.69;0;0;0;0;0;0;0;0;0;0;0;;;;;
2026-04-22;O_SAHOLE0626C145.00;SAHOL_06/2026_AVRUPA_OPSIYON;D_EQ;SSO;D_EQ_ECP;DE_SAHOL_ECP;SAHOL.E;2026-06-30;0.63;0.82;-23.17;0;0;0;0;0;0;0;0;0;0;0;;;;;
2026-04-22;O_SAHOLE0626C96.00;SAHOL_06/2026_AVRUPA_OPSIYON;D_EQ;SSO;D_EQ_ECP;DE_SAHOL_ECP;SAHOL.E;2026-06-30;13.96;15.67;-10.91;0;0;0;0;0;0;0;0;0;0;0;;;;;
2026-04-22;O_SAHOLE0626C98.00;SAHOL_06/2026_AVRUPA_OPSIYON;D_EQ;SSO;D_EQ_ECP;DE_SAHOL_ECP;SAHOL.E;2026-06-30;12.73;14.36;-11.35;0;0;0;0;0;0;0;0;0;0;0;;;;;
2026-04-22;O_SAHOLE0626P100.00;SAHOL_06/2026_AVRUPA_OPSIYON;D_EQ;SSO;D_EQ_EPP;DE_SAHOL_EPP;SAHOL.E;2026-06-30;4.34;3.68;17.93;0;0;0;0;0;0;0;0;0;0;0;;;;;
2026-04-22;O_SAHOLE0626P105.00;SAHOL_06/2026_AVRUPA_OPSIYON;D_EQ;SSO;D_EQ_EPP;DE_SAHOL_EPP;SAHOL.E;2026-06-30;6.33;5.47;15.72;0;0;0;0;0;0;0;0;0;0;0;;;;;
2026-04-22;O_SAHOLE0626P110.00;SAHOL_06/2026_AVRUPA_OPSIYON;D_EQ;SSO;D_EQ_EPP;DE_SAHOL_EPP;SAHOL.E;2026-06-30;8.77;7.69;14.04;0;0;0;0;0;0;0;0;0;0;0;;;;;
2026-04-22;O_SAHOLE0626P115.00;SAHOL_06/2026_AVRUPA_OPSIYON;D_EQ;SSO;D_EQ_EPP;DE_SAHOL_EPP;SAHOL.E;2026-06-30;11.62;10.34;12.38;0;0;0;0;0;0;0;0;0;0;0;;;;;
2026-04-22;O_SAHOLE0626P120.00;SAHOL_06/2026_AVRUPA_OPSIYON;D_EQ;SSO;D_EQ_EPP;DE_SAHOL_EPP;SAHOL.E;2026-06-30;14.84;13.37;10.99;0;0;0;0;0;0;0;0;0;0;0;;;;;
2026-04-22;O_SAHOLE0626P86.00;SAHOL_06/2026_AVRUPA_OPSIYON;D_EQ;SSO;D_EQ_EPP;DE_SAHOL_EPP;SAHOL.E;2026-06-30;1.04;0.83;25.3;0;0;0;0;0;0;0;0;0;0;0;;;;;
2026-04-22;O_SAHOLE0626P88.00;SAHOL_06/2026_AVRUPA_OPSIYON;D_EQ;SSO;D_EQ_EPP;DE_SAHOL_EPP;SAHOL.E;2026-06-30;1.33;1.07;24.3;0;0;0;0;0;0;0;0;0;0;0;;;;;
2026-04-22;O_SAHOLE0626P90.00;SAHOL_06/2026_AVRUPA_OPSIYON;D_EQ;SSO;D_EQ_EPP;DE_SAHOL_EPP;SAHOL.E;2026-06-30;1.67;1.36;22.79;0;0;0;0;0;0;0;0;0;0;0;;;;;
2026-04-22;O_SAHOLE0626P92.00;SAHOL_06/2026_AVRUPA_OPSIYON;D_EQ;SSO;D_EQ_EPP;DE_SAHOL_EPP;SAHOL.E;2026-06-30;2.07;1.7;21.76;0;0;0;0;0;0;0;0;0;0;0;;;;;
2026-04-22;O_SAHOLE0626P94.00;SAHOL_06/2026_AVRUPA_OPSIYON;D_EQ;SSO;D_EQ_EPP;DE_SAHOL_EPP;SAHOL.E;2026-06-30;2.54;2.1;20.95;0;0;0;0;0;0;0;0;0;0;0;;;;;
2026-04-22;O_SAHOLE0626P96.00;SAHOL_06/2026_AVRUPA_OPSIYON;D_EQ;SSO;D_EQ_EPP;DE_SAHOL_EPP;SAHOL.E;2026-06-30;3.07;2.56;19.92;0;0;0;0;0;0;0;0;0;0;0;;;;;
2026-04-22;O_SAHOLE0626P98.00;SAHOL_06/2026_AVRUPA_OPSIYON;D_EQ;SSO;D_EQ_EPP;DE_SAHOL_EPP;SAHOL.E;2026-06-30;3.67;3.09;18.77;0;0;0;0;0;0;0;0;0;0;0;;;;;
2026-04-22;O_SISEE0426C41.00;SISE_04/2026_AVRUPA_OPSIYON;D_EQ;SSO;D_EQ_ECP;DE_SISE_ECP;SISE.E;2026-04-30;6.75;6.61;2.12;0;0;0;0;0;0;0;0;0;1;0;;;;;
2026-04-22;O_SISEE0426C42.00;SISE_04/2026_AVRUPA_OPSIYON;D_EQ;SSO;D_EQ_ECP;DE_SISE_ECP;SISE.E;2026-04-30;5.76;5.64;2.13;0;0;0;0;0;0;0;0;0;2;0;;;;;
2026-04-22;O_SISEE0426C43.00;SISE_04/2026_AVRUPA_OPSIYON;D_EQ;SSO;D_EQ_ECP;DE_SISE_ECP;SISE.E;2026-04-30;4.8;4.68;2.56;0;0;0;0;0;0;0;0;0;984;0;;;;;
2026-04-22;O_SISEE0426C44.00;SISE_04/2026_AVRUPA_OPSIYON;D_EQ;SSO;D_EQ_ECP;DE_SISE_ECP;SISE.E;2026-04-30;3.86;3.76;2.66;0;0;0;0;0;0;0;0;0;209;0;;;;;
2026-04-22;O_SISEE0426C45.00;SISE_04/2026_AVRUPA_OPSIYON;D_EQ;SSO;D_EQ_ECP;DE_SISE_ECP;SISE.E;2026-04-30;2.97;2.9;2.41;0;0;0;0;0;0;0;0;0;100;0;;;;;
2026-04-22;O_SISEE0426C46.00;SISE_04/2026_AVRUPA_OPSIYON;D_EQ;SSO;D_EQ_ECP;DE_SISE_ECP;SISE.E;2026-04-30;2.18;2.14;1.87;0;0;0;0;0;0;0;0;0;527;0;;;;;
2026-04-22;O_SISEE0426C47.00;SISE_04/2026_AVRUPA_OPSIYON;D_EQ;SSO;D_EQ_ECP;DE_SISE_ECP;SISE.E;2026-04-30;1.51;1.5;0.67;0;0;0;0;0;0;0;0;0;2101;0;;;;;
2026-04-22;O_SISEE0426C48.00;SISE_04/2026_AVRUPA_OPSIYON;D_EQ;SSO;D_EQ_ECP;DE_SISE_ECP;SISE.E;2026-04-30;0.98;1;-2;0;0;0;0;0;0;0;0;0;2000;0;;;;;
2026-04-22;O_SISEE0426C49.00;SISE_04/2026_AVRUPA_OPSIYON;D_EQ;SSO;D_EQ_ECP;DE_SISE_ECP;SISE.E;2026-04-30;0.6;0.62;-3.23;0;0;0;0;0;0;0;0;0;50;0;;;;;
2026-04-22;O_SISEE0426C50.00;SISE_04/2026_AVRUPA_OPSIYON;D_EQ;SSO;D_EQ_ECP;DE_SISE_ECP;SISE.E;2026-04-30;0.34;0.37;-8.11;0;0;0;0;0;0;0;0;0;3408;0;;;;;
2026-04-22;O_SISEE0426C52.00;SISE_04/2026_AVRUPA_OPSIYON;D_EQ;SSO;D_EQ_ECP;DE_SISE_ECP;SISE.E;2026-04-30;0.1;0.12;-16.67;0;0;0;0;0;0;0;0;0;992;0;;;;;
2026-04-22;O_SISEE0426C54.00;SISE_04/2026_AVRUPA_OPSIYON;D_EQ;SSO;D_EQ_ECP;DE_SISE_ECP;SISE.E;2026-04-30;0.02;0.03;-33.33;0;0;0;0;0;0;0;0;0;1950;0;;;;;
2026-04-22;O_SISEE0426C56.00;SISE_04/2026_AVRUPA_OPSIYON;D_EQ;SSO;D_EQ_ECP;DE_SISE_ECP;SISE.E;2026-04-30;0.01;0.01;0;0;0;0;0;0;0;0;0;0;0;0;;;;;
2026-04-22;O_SISEE0426C58.00;SISE_04/2026_AVRUPA_OPSIYON;D_EQ;SSO;D_EQ_ECP;DE_SISE_ECP;SISE.E;2026-04-30;0.01;0.01;0;0;0;0;0;0;0;0;0;0;0;0;;;;;
2026-04-22;O_SISEE0426C60.00;SISE_04/2026_AVRUPA_OPSIYON;D_EQ;SSO;D_EQ_ECP;DE_SISE_ECP;SISE.E;2026-04-30;0.01;0.01;0;0;0;0;0;0;0;0;0;0;0;0;;;;;
2026-04-22;O_SISEE0426C62.00;SISE_04/2026_AVRUPA_OPSIYON;D_EQ;SSO;D_EQ_ECP;DE_SISE_ECP;SISE.E;2026-04-30;0.01;0.01;0;0;0;0;0;0;0;0;0;0;0;0;;;;;
2026-04-22;O_SISEE0426C64.00;SISE_04/2026_AVRUPA_OPSIYON;D_EQ;SSO;D_EQ_ECP;DE_SISE_ECP;SISE.E;2026-04-30;0.01;0.01;0;0;0;0;0;0;0;0;0;0;0;0;;;;;
2026-04-22;O_SISEE0426C66.00;SISE_04/2026_AVRUPA_OPSIYON;D_EQ;SSO;D_EQ_ECP;DE_SISE_ECP;SISE.E;2026-04-30;0.01;0.01;0;0;0;0;0;0;0;0;0;0;0;0;;;;;
2026-04-22;O_SISEE0426P36.00;SISE_04/2026_AVRUPA_OPSIYON;D_EQ;SSO;D_EQ_EPP;DE_SISE_EPP;SISE.E;2026-04-30;0.01;0.01;0;0;0;0;0;0;0;0;0;0;3;0;;;;;
2026-04-22;O_SISEE0426P37.00;SISE_04/2026_AVRUPA_OPSIYON;D_EQ;SSO;D_EQ_EPP;DE_SISE_EPP;SISE.E;2026-04-30;0.01;0.01;0;0;0;0;0;0;0;0;0;0;5;0;;;;;
2026-04-22;O_SISEE0426P38.00;SISE_04/2026_AVRUPA_OPSIYON;D_EQ;SSO;D_EQ_EPP;DE_SISE_EPP;SISE.E;2026-04-30;0.01;0.01;0;0;0;0;0;0;0;0;0;0;5;0;;;;;
2026-04-22;O_SISEE0426P39.00;SISE_04/2026_AVRUPA_OPSIYON;D_EQ;SSO;D_EQ_EPP;DE_SISE_EPP;SISE.E;2026-04-30;0.01;0.01;0;0;0;0;0;0;0;0;0;0;5;0;;;;;
2026-04-22;O_SISEE0426P40.00;SISE_04/2026_AVRUPA_OPSIYON;D_EQ;SSO;D_EQ_EPP;DE_SISE_EPP;SISE.E;2026-04-30;0.01;0.01;0;0;0;0;0;0;0;0;0;0;11;0;;;;;
2026-04-22;O_SISEE0426P41.00;SISE_04/2026_AVRUPA_OPSIYON;D_EQ;SSO;D_EQ_EPP;DE_SISE_EPP;SISE.E;2026-04-30;0.01;0.01;0;0;0;0;0;0;0;0;0;0;11;0;;;;;
2026-04-22;O_SISEE0426P42.00;SISE_04/2026_AVRUPA_OPSIYON;D_EQ;SSO;D_EQ_EPP;DE_SISE_EPP;SISE.E;2026-04-30;0.01;0.02;-50;0;0;0;0;0;0;0;0;0;109;0;;;;;
2026-04-22;O_SISEE0426P43.00;SISE_04/2026_AVRUPA_OPSIYON;D_EQ;SSO;D_EQ_EPP;DE_SISE_EPP;SISE.E;2026-04-30;0.04;0.06;-33.33;0;0;0;0;0;0;0;0;0;76;0;;;;;
2026-04-22;O_SISEE0426P44.00;SISE_04/2026_AVRUPA_OPSIYON;D_EQ;SSO;D_EQ_EPP;DE_SISE_EPP;SISE.E;2026-04-30;0.09;0.13;-30.77;0;0;0;0;0;0;0;0;0;25;0;;;;;
2026-04-22;O_SISEE0426P45.00;SISE_04/2026_AVRUPA_OPSIYON;D_EQ;SSO;D_EQ_EPP;DE_SISE_EPP;SISE.E;2026-04-30;0.2;0.26;-23.08;0;0;0;0;0;0;0;0;0;1375;0;;;;;
2026-04-22;O_SISEE0426P46.00;SISE_04/2026_AVRUPA_OPSIYON;D_EQ;SSO;D_EQ_EPP;DE_SISE_EPP;SISE.E;2026-04-30;0.4;0.49;-18.37;0;0;0;0;0;0;0;0;0;8861;0;;;;;
2026-04-22;O_SISEE0426P47.00;SISE_04/2026_AVRUPA_OPSIYON;D_EQ;SSO;D_EQ_EPP;DE_SISE_EPP;SISE.E;2026-04-30;0.72;0.84;-14.29;0;0;0;0;0;0;0;0;0;3512;0;;;;;
2026-04-22;O_SISEE0426P48.00;SISE_04/2026_AVRUPA_OPSIYON;D_EQ;SSO;D_EQ_EPP;DE_SISE_EPP;SISE.E;2026-04-30;1.18;1.33;-11.28;1.3;1.21;1.3;1.21;1.3;5236800;141380;1091;9;5040;1091;;;;;
2026-04-22;O_SISEE0426P49.00;SISE_04/2026_AVRUPA_OPSIYON;D_EQ;SSO;D_EQ_EPP;DE_SISE_EPP;SISE.E;2026-04-30;1.79;1.95;-8.21;1.89;1.89;1.89;1.89;1.89;1225000;47250;250;5;1044;250;;;;;
2026-04-22;O_SISEE0426P50.00;SISE_04/2026_AVRUPA_OPSIYON;D_EQ;SSO;D_EQ_EPP;DE_SISE_EPP;SISE.E;2026-04-30;2.53;2.68;-5.6;0;0;0;0;0;0;0;0;0;2712;0;;;;;
2026-04-22;O_SISEE0426P52.00;SISE_04/2026_AVRUPA_OPSIYON;D_EQ;SSO;D_EQ_EPP;DE_SISE_EPP;SISE.E;2026-04-30;4.27;4.41;-3.17;0;0;0;0;0;0;0;0;0;0;0;;;;;
2026-04-22;O_SISEE0426P54.00;SISE_04/2026_AVRUPA_OPSIYON;D_EQ;SSO;D_EQ_EPP;DE_SISE_EPP;SISE.E;2026-04-30;6.18;6.31;-2.06;0;0;0;0;0;0;0;0;0;0;0;;;;;
2026-04-22;O_SISEE0426P56.00;SISE_04/2026_AVRUPA_OPSIYON;D_EQ;SSO;D_EQ_EPP;DE_SISE_EPP;SISE.E;2026-04-30;8.14;8.27;-1.57;0;0;0;0;0;0;0;0;0;0;0;;;;;
2026-04-22;O_SISEE0526C42.00;SISE_05/2026_AVRUPA_OPSIYON;D_EQ;SSO;D_EQ_ECP;DE_SISE_ECP;SISE.E;2026-05-25;7.09;6.97;1.72;0;0;0;0;0;0;0;0;0;0;0;;;;;
2026-04-22;O_SISEE0526C43.00;SISE_05/2026_AVRUPA_OPSIYON;D_EQ;SSO;D_EQ_ECP;DE_SISE_ECP;SISE.E;2026-05-25;6.24;6.13;1.79;0;0;0;0;0;0;0;0;0;0;0;;;;;
2026-04-22;O_SISEE0526C44.00;SISE_05/2026_AVRUPA_OPSIYON;D_EQ;SSO;D_EQ_ECP;DE_SISE_ECP;SISE.E;2026-05-25;5.42;5.33;1.69;0;0;0;0;0;0;0;0;0;0;0;;;;;
2026-04-22;O_SISEE0526C45.00;SISE_05/2026_AVRUPA_OPSIYON;D_EQ;SSO;D_EQ_ECP;DE_SISE_ECP;SISE.E;2026-05-25;4.65;4.57;1.75;0;0;0;0;0;0;0;0;0;3;0;;;;;
2026-04-22;O_SISEE0526C46.00;SISE_05/2026_AVRUPA_OPSIYON;D_EQ;SSO;D_EQ_ECP;DE_SISE_ECP;SISE.E;2026-05-25;3.93;3.87;1.55;0;0;0;0;0;0;0;0;0;200;0;;;;;
2026-04-22;O_SISEE0526C47.00;SISE_05/2026_AVRUPA_OPSIYON;D_EQ;SSO;D_EQ_ECP;DE_SISE_ECP;SISE.E;2026-05-25;3.29;3.25;1.23;0;0;0;0;0;0;0;0;0;75;0;;;;;
2026-04-22;O_SISEE0526C48.00;SISE_05/2026_AVRUPA_OPSIYON;D_EQ;SSO;D_EQ_ECP;DE_SISE_ECP;SISE.E;2026-05-25;2.71;2.69;0.74;0;0;0;0;0;0;0;0;0;0;0;;;;;
2026-04-22;O_SISEE0526C49.00;SISE_05/2026_AVRUPA_OPSIYON;D_EQ;SSO;D_EQ_ECP;DE_SISE_ECP;SISE.E;2026-05-25;2.21;2.2;0.45;0;0;0;0;0;0;0;0;0;0;0;;;;;
2026-04-22;O_SISEE0526C50.00;SISE_05/2026_AVRUPA_OPSIYON;D_EQ;SSO;D_EQ_ECP;DE_SISE_ECP;SISE.E;2026-05-25;1.79;1.78;0.56;1.05;1.05;1.05;1.05;1.05;5000;105;1;1;1300;-1;;;;;
2026-04-22;O_SISEE0526C52.00;SISE_05/2026_AVRUPA_OPSIYON;D_EQ;SSO;D_EQ_ECP;DE_SISE_ECP;SISE.E;2026-05-25;1.15;1.15;0;0;0;0;0;0;0;0;0;0;0;0;;;;;
2026-04-22;O_SISEE0526C54.00;SISE_05/2026_AVRUPA_OPSIYON;D_EQ;SSO;D_EQ_ECP;DE_SISE_ECP;SISE.E;2026-05-25;0.73;0.73;0;0;0;0;0;0;0;0;0;0;0;0;;;;;
2026-04-22;O_SISEE0526C56.00;SISE_05/2026_AVRUPA_OPSIYON;D_EQ;SSO;D_EQ_ECP;DE_SISE_ECP;SISE.E;2026-05-25;0.46;0.45;2.22;0.23;0.23;0.23;0.23;0.23;3360000;13800;600;3;1000;600;;;;;
2026-04-22;O_SISEE0526C58.00;SISE_05/2026_AVRUPA_OPSIYON;D_EQ;SSO;D_EQ_ECP;DE_SISE_ECP;SISE.E;2026-05-25;0.29;0.28;3.57;0;0;0;0;0;0;0;0;0;2850;0;;;;;
2026-04-22;O_SISEE0526C60.00;SISE_05/2026_AVRUPA_OPSIYON;D_EQ;SSO;D_EQ_ECP;DE_SISE_ECP;SISE.E;2026-05-25;0.19;0.17;11.76;0;0;0;0;0;0;0;0;0;0;0;;;;;
2026-04-22;O_SISEE0526C62.00;SISE_05/2026_AVRUPA_OPSIYON;D_EQ;SSO;D_EQ_ECP;DE_SISE_ECP;SISE.E;2026-05-25;0.12;0.1;20;0;0;0;0;0;0;0;0;0;0;0;;;;;
2026-04-22;O_SISEE0526C64.00;SISE_05/2026_AVRUPA_OPSIYON;D_EQ;SSO;D_EQ_ECP;DE_SISE_ECP;SISE.E;2026-05-25;0.08;0.06;33.33;0;0;0;0;0;0;0;0;0;0;0;;;;;
2026-04-22;O_SISEE0526P37.00;SISE_05/2026_AVRUPA_OPSIYON;D_EQ;SSO;D_EQ_EPP;DE_SISE_EPP;SISE.E;2026-05-25;0.03;0.03;0;0;0;0;0;0;0;0;0;0;0;0;;;;;
2026-04-22;O_SISEE0526P38.00;SISE_05/2026_AVRUPA_OPSIYON;D_EQ;SSO;D_EQ_EPP;DE_SISE_EPP;SISE.E;2026-05-25;0.05;0.05;0;0;0;0;0;0;0;0;0;0;0;0;;;;;
2026-04-22;O_SISEE0526P39.00;SISE_05/2026_AVRUPA_OPSIYON;D_EQ;SSO;D_EQ_EPP;DE_SISE_EPP;SISE.E;2026-05-25;0.08;0.08;0;0;0;0;0;0;0;0;0;0;0;0;;;;;
2026-04-22;O_SISEE0526P40.00;SISE_05/2026_AVRUPA_OPSIYON;D_EQ;SSO;D_EQ_EPP;DE_SISE_EPP;SISE.E;2026-05-25;0.12;0.13;-7.69;0;0;0;0;0;0;0;0;0;0;0;;;;;
2026-04-22;O_SISEE0526P41.00;SISE_05/2026_AVRUPA_OPSIYON;D_EQ;SSO;D_EQ_EPP;DE_SISE_EPP;SISE.E;2026-05-25;0.18;0.2;-10;0;0;0;0;0;0;0;0;0;0;0;;;;;
2026-04-22;O_SISEE0526P42.00;SISE_05/2026_AVRUPA_OPSIYON;D_EQ;SSO;D_EQ_EPP;DE_SISE_EPP;SISE.E;2026-05-25;0.27;0.29;-6.9;0;0;0;0;0;0;0;0;0;0;0;;;;;
2026-04-22;O_SISEE0526P43.00;SISE_05/2026_AVRUPA_OPSIYON;D_EQ;SSO;D_EQ_EPP;DE_SISE_EPP;SISE.E;2026-05-25;0.38;0.41;-7.32;0;0;0;0;0;0;0;0;0;0;0;;;;;
2026-04-22;O_SISEE0526P44.00;SISE_05/2026_AVRUPA_OPSIYON;D_EQ;SSO;D_EQ_EPP;DE_SISE_EPP;SISE.E;2026-05-25;0.54;0.58;-6.9;0;0;0;0;0;0;0;0;0;0;0;;;;;
2026-04-22;O_SISEE0526P45.00;SISE_05/2026_AVRUPA_OPSIYON;D_EQ;SSO;D_EQ_EPP;DE_SISE_EPP;SISE.E;2026-05-25;0.73;0.79;-7.59;0;0;0;0;0;0;0;0;0;0;0;;;;;
2026-04-22;O_SISEE0526P46.00;SISE_05/2026_AVRUPA_OPSIYON;D_EQ;SSO;D_EQ_EPP;DE_SISE_EPP;SISE.E;2026-05-25;0.98;1.05;-6.67;0;0;0;0;0;0;0;0;0;0;0;;;;;
2026-04-22;O_SISEE0526P47.00;SISE_05/2026_AVRUPA_OPSIYON;D_EQ;SSO;D_EQ_EPP;DE_SISE_EPP;SISE.E;2026-05-25;1.3;1.39;-6.47;0;0;0;0;0;0;0;0;0;0;0;;;;;
2026-04-22;O_SISEE0526P48.00;SISE_05/2026_AVRUPA_OPSIYON;D_EQ;SSO;D_EQ_EPP;DE_SISE_EPP;SISE.E;2026-05-25;1.69;1.8;-6.11;0;0;0;0;0;0;0;0;0;5;0;;;;;
2026-04-22;O_SISEE0526P49.00;SISE_05/2026_AVRUPA_OPSIYON;D_EQ;SSO;D_EQ_EPP;DE_SISE_EPP;SISE.E;2026-05-25;2.16;2.27;-4.85;0;0;0;0;0;0;0;0;0;0;0;;;;;
2026-04-22;O_SISEE0526P50.00;SISE_05/2026_AVRUPA_OPSIYON;D_EQ;SSO;D_EQ_EPP;DE_SISE_EPP;SISE.E;2026-05-25;2.7;2.82;-4.26;0;0;0;0;0;0;0;0;0;0;0;;;;;
2026-04-22;O_SISEE0526P52.00;SISE_05/2026_AVRUPA_OPSIYON;D_EQ;SSO;D_EQ_EPP;DE_SISE_EPP;SISE.E;2026-05-25;3.99;4.12;-3.16;0;0;0;0;0;0;0;0;0;0;0;;;;;
2026-04-22;O_SISEE0526P54.00;SISE_05/2026_AVRUPA_OPSIYON;D_EQ;SSO;D_EQ_EPP;DE_SISE_EPP;SISE.E;2026-05-25;5.51;5.63;-2.13;0;0;0;0;0;0;0;0;0;0;0;;;;;
2026-04-22;O_SISEE0626C47.00;SISE_06/2026_AVRUPA_OPSIYON;D_EQ;SSO;D_EQ_ECP;DE_SISE_ECP;SISE.E;2026-06-30;5.68;5.62;1.07;0;0;0;0;0;0;0;0;0;0;0;;;;;
2026-04-22;O_SISEE0626C48.00;SISE_06/2026_AVRUPA_OPSIYON;D_EQ;SSO;D_EQ_ECP;DE_SISE_ECP;SISE.E;2026-06-30;5.05;5.01;0.8;0;0;0;0;0;0;0;0;0;0;0;;;;;
2026-04-22;O_SISEE0626C49.00;SISE_06/2026_AVRUPA_OPSIYON;D_EQ;SSO;D_EQ_ECP;DE_SISE_ECP;SISE.E;2026-06-30;4.48;4.44;0.9;0;0;0;0;0;0;0;0;0;0;0;;;;;
2026-04-22;O_SISEE0626C50.00;SISE_06/2026_AVRUPA_OPSIYON;D_EQ;SSO;D_EQ_ECP;DE_SISE_ECP;SISE.E;2026-06-30;3.95;3.93;0.51;0;0;0;0;0;0;0;0;0;0;0;;;;;
2026-04-22;O_SISEE0626C52.00;SISE_06/2026_AVRUPA_OPSIYON;D_EQ;SSO;D_EQ_ECP;DE_SISE_ECP;SISE.E;2026-06-30;3.05;3.04;0.33;0;0;0;0;0;0;0;0;0;0;0;;;;;
2026-04-22;O_SISEE0626C54.00;SISE_06/2026_AVRUPA_OPSIYON;D_EQ;SSO;D_EQ_ECP;DE_SISE_ECP;SISE.E;2026-06-30;2.37;2.35;0.85;0;0;0;0;0;0;0;0;0;0;0;;;;;
2026-04-22;O_SISEE0626C56.00;SISE_06/2026_AVRUPA_OPSIYON;D_EQ;SSO;D_EQ_ECP;DE_SISE_ECP;SISE.E;2026-06-30;1.85;1.82;1.65;0;0;0;0;0;0;0;0;0;0;0;;;;;
2026-04-22;O_SISEE0626C58.00;SISE_06/2026_AVRUPA_OPSIYON;D_EQ;SSO;D_EQ_ECP;DE_SISE_ECP;SISE.E;2026-06-30;1.44;1.4;2.86;0;0;0;0;0;0;0;0;0;0;0;;;;;
2026-04-22;O_SISEE0626C60.00;SISE_06/2026_AVRUPA_OPSIYON;D_EQ;SSO;D_EQ_ECP;DE_SISE_ECP;SISE.E;2026-06-30;1.13;1.08;4.63;0;0;0;0;0;0;0;0;0;0;0;;;;;
2026-04-22;O_SISEE0626C62.00;SISE_06/2026_AVRUPA_OPSIYON;D_EQ;SSO;D_EQ_ECP;DE_SISE_ECP;SISE.E;2026-06-30;0.9;0.83;8.43;0;0;0;0;0;0;0;0;0;0;0;;;;;
2026-04-22;O_SISEE0626C64.00;SISE_06/2026_AVRUPA_OPSIYON;D_EQ;SSO;D_EQ_ECP;DE_SISE_ECP;SISE.E;2026-06-30;0.71;0.65;9.23;0;0;0;0;0;0;0;0;0;0;0;;;;;
2026-04-22;O_SISEE0626P42.00;SISE_06/2026_AVRUPA_OPSIYON;D_EQ;SSO;D_EQ_EPP;DE_SISE_EPP;SISE.E;2026-06-30;0.48;0.49;-2.04;0;0;0;0;0;0;0;0;0;0;0;;;;;
2026-04-22;O_SISEE0626P43.00;SISE_06/2026_AVRUPA_OPSIYON;D_EQ;SSO;D_EQ_EPP;DE_SISE_EPP;SISE.E;2026-06-30;0.61;0.62;-1.61;0;0;0;0;0;0;0;0;0;0;0;;;;;
2026-04-22;O_SISEE0626P44.00;SISE_06/2026_AVRUPA_OPSIYON;D_EQ;SSO;D_EQ_EPP;DE_SISE_EPP;SISE.E;2026-06-30;0.75;0.78;-3.85;0;0;0;0;0;0;0;0;0;0;0;;;;;
2026-04-22;O_SISEE0626P45.00;SISE_06/2026_AVRUPA_OPSIYON;D_EQ;SSO;D_EQ_EPP;DE_SISE_EPP;SISE.E;2026-06-30;0.93;0.96;-3.13;0;0;0;0;0;0;0;0;0;0;0;;;;;
2026-04-22;O_SISEE0626P46.00;SISE_06/2026_AVRUPA_OPSIYON;D_EQ;SSO;D_EQ_EPP;DE_SISE_EPP;SISE.E;2026-06-30;1.13;1.18;-4.24;0;0;0;0;0;0;0;0;0;0;0;;;;;
2026-04-22;O_SISEE0626P47.00;SISE_06/2026_AVRUPA_OPSIYON;D_EQ;SSO;D_EQ_EPP;DE_SISE_EPP;SISE.E;2026-06-30;1.37;1.43;-4.2;0;0;0;0;0;0;0;0;0;0;0;;;;;
2026-04-22;O_SISEE0626P48.00;SISE_06/2026_AVRUPA_OPSIYON;D_EQ;SSO;D_EQ_EPP;DE_SISE_EPP;SISE.E;2026-06-30;1.65;1.73;-4.62;0;0;0;0;0;0;0;0;0;0;0;;;;;
2026-04-22;O_SISEE0626P49.00;SISE_06/2026_AVRUPA_OPSIYON;D_EQ;SSO;D_EQ_EPP;DE_SISE_EPP;SISE.E;2026-06-30;2;2.09;-4.31;0;0;0;0;0;0;0;0;0;0;0;;;;;
2026-04-22;O_SISEE0626P50.00;SISE_06/2026_AVRUPA_OPSIYON;D_EQ;SSO;D_EQ_EPP;DE_SISE_EPP;SISE.E;2026-06-30;2.38;2.48;-4.03;0;0;0;0;0;0;0;0;0;0;0;;;;;
2026-04-22;O_SISEE0626P52.00;SISE_06/2026_AVRUPA_OPSIYON;D_EQ;SSO;D_EQ_EPP;DE_SISE_EPP;SISE.E;2026-06-30;3.32;3.43;-3.21;0;0;0;0;0;0;0;0;0;0;0;;;;;
2026-04-22;O_SISEE0626P54.00;SISE_06/2026_AVRUPA_OPSIYON;D_EQ;SSO;D_EQ_EPP;DE_SISE_EPP;SISE.E;2026-06-30;4.47;4.57;-2.19;0;0;0;0;0;0;0;0;0;0;0;;;;;
2026-04-22;O_TAVHLE0426C290.00;TAVHL_04/2026_AVRUPA_OPSIYON;D_EQ;SSO;D_EQ_ECP;DE_TAVHL_ECP;TAVHL.E;2026-04-30;21.69;26.44;-17.97;0;0;0;0;0;0;0;0;0;50;0;;;;;
2026-04-22;O_TAVHLE0426C300.00;TAVHL_04/2026_AVRUPA_OPSIYON;D_EQ;SSO;D_EQ_ECP;DE_TAVHL_ECP;TAVHL.E;2026-04-30;13.75;17.99;-23.57;0;0;0;0;0;0;0;0;0;30;0;;;;;
2026-04-22;O_TAVHLE0426C310.00;TAVHL_04/2026_AVRUPA_OPSIYON;D_EQ;SSO;D_EQ_ECP;DE_TAVHL_ECP;TAVHL.E;2026-04-30;7.66;11.05;-30.68;0;0;0;0;0;0;0;0;0;92;0;;;;;
2026-04-22;O_TAVHLE0426C320.00;TAVHL_04/2026_AVRUPA_OPSIYON;D_EQ;SSO;D_EQ_ECP;DE_TAVHL_ECP;TAVHL.E;2026-04-30;3.69;6.02;-38.7;3.5;3.45;3.5;3.45;3.48;640000;6950;20;2;2;-16;;;;;
2026-04-22;O_TAVHLE0426C330.00;TAVHL_04/2026_AVRUPA_OPSIYON;D_EQ;SSO;D_EQ_ECP;DE_TAVHL_ECP;TAVHL.E;2026-04-30;1.52;2.89;-47.4;0;0;0;0;0;0;0;0;0;50;0;;;;;
2026-04-22;O_TAVHLE0426C340.00;TAVHL_04/2026_AVRUPA_OPSIYON;D_EQ;SSO;D_EQ_ECP;DE_TAVHL_ECP;TAVHL.E;2026-04-30;0.53;1.21;-56.2;0;0;0;0;0;0;0;0;0;10;0;;;;;
2026-04-22;O_TAVHLE0426C350.00;TAVHL_04/2026_AVRUPA_OPSIYON;D_EQ;SSO;D_EQ_ECP;DE_TAVHL_ECP;TAVHL.E;2026-04-30;0.16;0.44;-63.64;0;0;0;0;0;0;0;0;0;580;0;;;;;
2026-04-22;O_TAVHLE0426C360.00;TAVHL_04/2026_AVRUPA_OPSIYON;D_EQ;SSO;D_EQ_ECP;DE_TAVHL_ECP;TAVHL.E;2026-04-30;0.04;0.14;-71.43;0;0;0;0;0;0;0;0;0;46;0;;;;;
2026-04-22;O_TAVHLE0426C370.00;TAVHL_04/2026_AVRUPA_OPSIYON;D_EQ;SSO;D_EQ_ECP;DE_TAVHL_ECP;TAVHL.E;2026-04-30;0.01;0.04;-75;0;0;0;0;0;0;0;0;0;40;0;;;;;
2026-04-22;O_TAVHLE0426C380.00;TAVHL_04/2026_AVRUPA_OPSIYON;D_EQ;SSO;D_EQ_ECP;DE_TAVHL_ECP;TAVHL.E;2026-04-30;0.01;0.01;0;0;0;0;0;0;0;0;0;0;0;0;;;;;
2026-04-22;O_TAVHLE0426C390.00;TAVHL_04/2026_AVRUPA_OPSIYON;D_EQ;SSO;D_EQ_ECP;DE_TAVHL_ECP;TAVHL.E;2026-04-30;0.01;0.01;0;0;0;0;0;0;0;0;0;0;0;0;;;;;
2026-04-22;O_TAVHLE0426C400.00;TAVHL_04/2026_AVRUPA_OPSIYON;D_EQ;SSO;D_EQ_ECP;DE_TAVHL_ECP;TAVHL.E;2026-04-30;0.01;0.01;0;0;0;0;0;0;0;0;0;0;0;0;;;;;
2026-04-22;O_TAVHLE0426C410.00;TAVHL_04/2026_AVRUPA_OPSIYON;D_EQ;SSO;D_EQ_ECP;DE_TAVHL_ECP;TAVHL.E;2026-04-30;0.01;0.01;0;0;0;0;0;0;0;0;0;0;0;0;;;;;
2026-04-22;O_TAVHLE0426C420.00;TAVHL_04/2026_AVRUPA_OPSIYON;D_EQ;SSO;D_EQ_ECP;DE_TAVHL_ECP;TAVHL.E;2026-04-30;0.01;0.01;0;0;0;0;0;0;0;0;0;0;0;0;;;;;
2026-04-22;O_TAVHLE0426C430.00;TAVHL_04/2026_AVRUPA_OPSIYON;D_EQ;SSO;D_EQ_ECP;DE_TAVHL_ECP;TAVHL.E;2026-04-30;0.01;0.01;0;0;0;0;0;0;0;0;0;0;0;0;;;;;
2026-04-22;O_TAVHLE0426C440.00;TAVHL_04/2026_AVRUPA_OPSIYON;D_EQ;SSO;D_EQ_ECP;DE_TAVHL_ECP;TAVHL.E;2026-04-30;0.01;0.01;0;0;0;0;0;0;0;0;0;0;0;0;;;;;
2026-04-22;O_TAVHLE0426C450.00;TAVHL_04/2026_AVRUPA_OPSIYON;D_EQ;SSO;D_EQ_ECP;DE_TAVHL_ECP;TAVHL.E;2026-04-30;0.01;0.01;0;0;0;0;0;0;0;0;0;0;0;0;;;;;
2026-04-22;O_TAVHLE0426P245.00;TAVHL_04/2026_AVRUPA_OPSIYON;D_EQ;SSO;D_EQ_EPP;DE_TAVHL_EPP;TAVHL.E;2026-04-30;0.01;0.01;0;0;0;0;0;0;0;0;0;0;0;0;;;;;
2026-04-22;O_TAVHLE0426P250.00;TAVHL_04/2026_AVRUPA_OPSIYON;D_EQ;SSO;D_EQ_EPP;DE_TAVHL_EPP;TAVHL.E;2026-04-30;0.01;0.01;0;0;0;0;0;0;0;0;0;0;0;0;;;;;
2026-04-22;O_TAVHLE0426P260.00;TAVHL_04/2026_AVRUPA_OPSIYON;D_EQ;SSO;D_EQ_EPP;DE_TAVHL_EPP;TAVHL.E;2026-04-30;0.01;0.01;0;0;0;0;0;0;0;0;0;0;36;0;;;;;
2026-04-22;O_TAVHLE0426P270.00;TAVHL_04/2026_AVRUPA_OPSIYON;D_EQ;SSO;D_EQ_EPP;DE_TAVHL_EPP;TAVHL.E;2026-04-30;0.05;0.04;25;0;0;0;0;0;0;0;0;0;0;0;;;;;
2026-04-22;O_TAVHLE0426P280.00;TAVHL_04/2026_AVRUPA_OPSIYON;D_EQ;SSO;D_EQ_EPP;DE_TAVHL_EPP;TAVHL.E;2026-04-30;0.27;0.19;42.11;0;0;0;0;0;0;0;0;0;11;0;;;;;
2026-04-22;O_TAVHLE0426P290.00;TAVHL_04/2026_AVRUPA_OPSIYON;D_EQ;SSO;D_EQ_EPP;DE_TAVHL_EPP;TAVHL.E;2026-04-30;1.04;0.74;40.54;0;0;0;0;0;0;0;0;0;30;0;;;;;
2026-04-22;O_TAVHLE0426P300.00;TAVHL_04/2026_AVRUPA_OPSIYON;D_EQ;SSO;D_EQ_EPP;DE_TAVHL_EPP;TAVHL.E;2026-04-30;3.01;2.19;37.44;0;0;0;0;0;0;0;0;0;10;0;;;;;
2026-04-22;O_TAVHLE0426P310.00;TAVHL_04/2026_AVRUPA_OPSIYON;D_EQ;SSO;D_EQ_EPP;DE_TAVHL_EPP;TAVHL.E;2026-04-30;6.84;5.15;32.82;0;0;0;0;0;0;0;0;0;318;0;;;;;
2026-04-22;O_TAVHLE0426P320.00;TAVHL_04/2026_AVRUPA_OPSIYON;D_EQ;SSO;D_EQ_EPP;DE_TAVHL_EPP;TAVHL.E;2026-04-30;12.79;10.04;27.39;0;0;0;0;0;0;0;0;0;223;0;;;;;
2026-04-22;O_TAVHLE0426P330.00;TAVHL_04/2026_AVRUPA_OPSIYON;D_EQ;SSO;D_EQ_EPP;DE_TAVHL_EPP;TAVHL.E;2026-04-30;20.53;16.81;22.13;0;0;0;0;0;0;0;0;0;121;0;;;;;
2026-04-22;O_TAVHLE0426P340.00;TAVHL_04/2026_AVRUPA_OPSIYON;D_EQ;SSO;D_EQ_EPP;DE_TAVHL_EPP;TAVHL.E;2026-04-30;29.46;25.04;17.65;0;0;0;0;0;0;0;0;0;10;0;;;;;
2026-04-22;O_TAVHLE0426P350.00;TAVHL_04/2026_AVRUPA_OPSIYON;D_EQ;SSO;D_EQ_EPP;DE_TAVHL_EPP;TAVHL.E;2026-04-30;39.01;34.18;14.13;0;0;0;0;0;0;0;0;0;100;0;;;;;
2026-04-22;O_TAVHLE0426P360.00;TAVHL_04/2026_AVRUPA_OPSIYON;D_EQ;SSO;D_EQ_EPP;DE_TAVHL_EPP;TAVHL.E;2026-04-30;48.8;43.78;11.47;0;0;0;0;0;0;0;0;0;30;0;;;;;
2026-04-22;O_TAVHLE0426P370.00;TAVHL_04/2026_AVRUPA_OPSIYON;D_EQ;SSO;D_EQ_EPP;DE_TAVHL_EPP;TAVHL.E;2026-04-30;58.69;53.59;9.52;0;0;0;0;0;0;0;0;0;20;0;;;;;
2026-04-22;O_TAVHLE0426P380.00;TAVHL_04/2026_AVRUPA_OPSIYON;D_EQ;SSO;D_EQ_EPP;DE_TAVHL_EPP;TAVHL.E;2026-04-30;68.6;63.47;8.08;0;0;0;0;0;0;0;0;0;0;0;;;;;
2026-04-22;O_TAVHLE0426P390.00;TAVHL_04/2026_AVRUPA_OPSIYON;D_EQ;SSO;D_EQ_EPP;DE_TAVHL_EPP;TAVHL.E;2026-04-30;78.52;73.37;7.02;0;0;0;0;0;0;0;0;0;0;0;;;;;
2026-04-22;O_TAVHLE0426P400.00;TAVHL_04/2026_AVRUPA_OPSIYON;D_EQ;SSO;D_EQ_EPP;DE_TAVHL_EPP;TAVHL.E;2026-04-30;88.43;83.27;6.2;0;0;0;0;0;0;0;0;0;0;0;;;;;
2026-04-22;O_TAVHLE0526C290.00;TAVHL_05/2026_AVRUPA_OPSIYON;D_EQ;SSO;D_EQ_ECP;DE_TAVHL_ECP;TAVHL.E;2026-05-25;32.3;36.59;-11.72;0;0;0;0;0;0;0;0;0;0;0;;;;;
2026-04-22;O_TAVHLE0526C300.00;TAVHL_05/2026_AVRUPA_OPSIYON;D_EQ;SSO;D_EQ_ECP;DE_TAVHL_ECP;TAVHL.E;2026-05-25;25.32;29.23;-13.38;0;0;0;0;0;0;0;0;0;10;0;;;;;
2026-04-22;O_TAVHLE0526C310.00;TAVHL_05/2026_AVRUPA_OPSIYON;D_EQ;SSO;D_EQ_ECP;DE_TAVHL_ECP;TAVHL.E;2026-05-25;19.3;22.75;-15.16;0;0;0;0;0;0;0;0;0;90;0;;;;;
2026-04-22;O_TAVHLE0526C320.00;TAVHL_05/2026_AVRUPA_OPSIYON;D_EQ;SSO;D_EQ_ECP;DE_TAVHL_ECP;TAVHL.E;2026-05-25;14.29;17.25;-17.16;0;0;0;0;0;0;0;0;0;40;0;;;;;
2026-04-22;O_TAVHLE0526C330.00;TAVHL_05/2026_AVRUPA_OPSIYON;D_EQ;SSO;D_EQ_ECP;DE_TAVHL_ECP;TAVHL.E;2026-05-25;10.27;12.72;-19.26;0;0;0;0;0;0;0;0;0;30;0;;;;;
2026-04-22;O_TAVHLE0526C340.00;TAVHL_05/2026_AVRUPA_OPSIYON;D_EQ;SSO;D_EQ_ECP;DE_TAVHL_ECP;TAVHL.E;2026-05-25;7.18;9.13;-21.36;0;0;0;0;0;0;0;0;0;10;0;;;;;
2026-04-22;O_TAVHLE0526C350.00;TAVHL_05/2026_AVRUPA_OPSIYON;D_EQ;SSO;D_EQ_ECP;DE_TAVHL_ECP;TAVHL.E;2026-05-25;4.87;6.38;-23.67;0;0;0;0;0;0;0;0;0;0;0;;;;;
2026-04-22;O_TAVHLE0526C360.00;TAVHL_05/2026_AVRUPA_OPSIYON;D_EQ;SSO;D_EQ_ECP;DE_TAVHL_ECP;TAVHL.E;2026-05-25;3.22;4.34;-25.81;0;0;0;0;0;0;0;0;0;0;0;;;;;
2026-04-22;O_TAVHLE0526C370.00;TAVHL_05/2026_AVRUPA_OPSIYON;D_EQ;SSO;D_EQ_ECP;DE_TAVHL_ECP;TAVHL.E;2026-05-25;2.07;2.88;-28.13;0;0;0;0;0;0;0;0;0;0;0;;;;;
2026-04-22;O_TAVHLE0526C380.00;TAVHL_05/2026_AVRUPA_OPSIYON;D_EQ;SSO;D_EQ_ECP;DE_TAVHL_ECP;TAVHL.E;2026-05-25;1.29;1.87;-31.02;0;0;0;0;0;0;0;0;0;0;0;;;;;
2026-04-22;O_TAVHLE0526C390.00;TAVHL_05/2026_AVRUPA_OPSIYON;D_EQ;SSO;D_EQ_ECP;DE_TAVHL_ECP;TAVHL.E;2026-05-25;0.79;1.18;-33.05;0;0;0;0;0;0;0;0;0;0;0;;;;;
2026-04-22;O_TAVHLE0526C400.00;TAVHL_05/2026_AVRUPA_OPSIYON;D_EQ;SSO;D_EQ_ECP;DE_TAVHL_ECP;TAVHL.E;2026-05-25;0.47;0.73;-35.62;0;0;0;0;0;0;0;0;0;0;0;;;;;
2026-04-22;O_TAVHLE0526C410.00;TAVHL_05/2026_AVRUPA_OPSIYON;D_EQ;SSO;D_EQ_ECP;DE_TAVHL_ECP;TAVHL.E;2026-05-25;0.28;0.44;-36.36;0;0;0;0;0;0;0;0;0;0;0;;;;;
2026-04-22;O_TAVHLE0526C420.00;TAVHL_05/2026_AVRUPA_OPSIYON;D_EQ;SSO;D_EQ_ECP;DE_TAVHL_ECP;TAVHL.E;2026-05-25;0.16;0.26;-38.46;0;0;0;0;0;0;0;0;0;0;0;;;;;
2026-04-22;O_TAVHLE0526P245.00;TAVHL_05/2026_AVRUPA_OPSIYON;D_EQ;SSO;D_EQ_EPP;DE_TAVHL_EPP;TAVHL.E;2026-05-25;0.16;0.12;33.33;0;0;0;0;0;0;0;0;0;0;0;;;;;
2026-04-22;O_TAVHLE0526P250.00;TAVHL_05/2026_AVRUPA_OPSIYON;D_EQ;SSO;D_EQ_EPP;DE_TAVHL_EPP;TAVHL.E;2026-05-25;0.25;0.2;25;0;0;0;0;0;0;0;0;0;0;0;;;;;
2026-04-22;O_TAVHLE0526P260.00;TAVHL_05/2026_AVRUPA_OPSIYON;D_EQ;SSO;D_EQ_EPP;DE_TAVHL_EPP;TAVHL.E;2026-05-25;0.6;0.47;27.66;0;0;0;0;0;0;0;0;0;0;0;;;;;
2026-04-22;O_TAVHLE0526P270.00;TAVHL_05/2026_AVRUPA_OPSIYON;D_EQ;SSO;D_EQ_EPP;DE_TAVHL_EPP;TAVHL.E;2026-05-25;1.27;1.01;25.74;0;0;0;0;0;0;0;0;0;0;0;;;;;
2026-04-22;O_TAVHLE0526P280.00;TAVHL_05/2026_AVRUPA_OPSIYON;D_EQ;SSO;D_EQ_EPP;DE_TAVHL_EPP;TAVHL.E;2026-05-25;2.43;1.96;23.98;0;0;0;0;0;0;0;0;0;0;0;;;;;
2026-04-22;O_TAVHLE0526P290.00;TAVHL_05/2026_AVRUPA_OPSIYON;D_EQ;SSO;D_EQ_EPP;DE_TAVHL_EPP;TAVHL.E;2026-05-25;4.26;3.5;21.71;0;0;0;0;0;0;0;0;0;0;0;;;;;
2026-04-22;O_TAVHLE0526P300.00;TAVHL_05/2026_AVRUPA_OPSIYON;D_EQ;SSO;D_EQ_EPP;DE_TAVHL_EPP;TAVHL.E;2026-05-25;6.94;5.79;19.86;0;0;0;0;0;0;0;0;0;0;0;;;;;
2026-04-22;O_TAVHLE0526P310.00;TAVHL_05/2026_AVRUPA_OPSIYON;D_EQ;SSO;D_EQ_EPP;DE_TAVHL_EPP;TAVHL.E;2026-05-25;10.58;8.97;17.95;0;0;0;0;0;0;0;0;0;0;0;;;;;
2026-04-22;O_TAVHLE0526P320.00;TAVHL_05/2026_AVRUPA_OPSIYON;D_EQ;SSO;D_EQ_EPP;DE_TAVHL_EPP;TAVHL.E;2026-05-25;15.23;13.12;16.08;0;0;0;0;0;0;0;0;0;0;0;;;;;
2026-04-22;O_TAVHLE0526P330.00;TAVHL_05/2026_AVRUPA_OPSIYON;D_EQ;SSO;D_EQ_EPP;DE_TAVHL_EPP;TAVHL.E;2026-05-25;20.88;18.25;14.41;0;0;0;0;0;0;0;0;0;4;0;;;;;
2026-04-22;O_TAVHLE0526P340.00;TAVHL_05/2026_AVRUPA_OPSIYON;D_EQ;SSO;D_EQ_EPP;DE_TAVHL_EPP;TAVHL.E;2026-05-25;27.44;24.31;12.88;0;0;0;0;0;0;0;0;0;0;0;;;;;
2026-04-22;O_TAVHLE0526P350.00;TAVHL_05/2026_AVRUPA_OPSIYON;D_EQ;SSO;D_EQ_EPP;DE_TAVHL_EPP;TAVHL.E;2026-05-25;34.8;31.21;11.5;0;0;0;0;0;0;0;0;0;0;0;;;;;
2026-04-22;O_TAVHLE0526P360.00;TAVHL_05/2026_AVRUPA_OPSIYON;D_EQ;SSO;D_EQ_EPP;DE_TAVHL_EPP;TAVHL.E;2026-05-25;42.81;38.82;10.28;0;0;0;0;0;0;0;0;0;10;0;;;;;
2026-04-22;O_TAVHLE0526P370.00;TAVHL_05/2026_AVRUPA_OPSIYON;D_EQ;SSO;D_EQ_EPP;DE_TAVHL_EPP;TAVHL.E;2026-05-25;51.32;47.01;9.17;0;0;0;0;0;0;0;0;0;30;0;;;;;
2026-04-22;O_TAVHLE0626C330.00;TAVHL_06/2026_AVRUPA_OPSIYON;D_EQ;SSO;D_EQ_ECP;DE_TAVHL_ECP;TAVHL.E;2026-06-30;24.08;27.28;-11.73;0;0;0;0;0;0;0;0;0;0;0;;;;;
2026-04-22;O_TAVHLE0626C340.00;TAVHL_06/2026_AVRUPA_OPSIYON;D_EQ;SSO;D_EQ_ECP;DE_TAVHL_ECP;TAVHL.E;2026-06-30;19.73;22.59;-12.66;0;0;0;0;0;0;0;0;0;0;0;;;;;
2026-04-22;O_TAVHLE0626C350.00;TAVHL_06/2026_AVRUPA_OPSIYON;D_EQ;SSO;D_EQ_ECP;DE_TAVHL_ECP;TAVHL.E;2026-06-30;16;18.52;-13.61;0;0;0;0;0;0;0;0;0;0;0;;;;;
2026-04-22;O_TAVHLE0626C360.00;TAVHL_06/2026_AVRUPA_OPSIYON;D_EQ;SSO;D_EQ_ECP;DE_TAVHL_ECP;TAVHL.E;2026-06-30;12.83;15.03;-14.64;0;0;0;0;0;0;0;0;0;0;0;;;;;
2026-04-22;O_TAVHLE0626C370.00;TAVHL_06/2026_AVRUPA_OPSIYON;D_EQ;SSO;D_EQ_ECP;DE_TAVHL_ECP;TAVHL.E;2026-06-30;10.19;12.08;-15.65;0;0;0;0;0;0;0;0;0;0;0;;;;;
2026-04-22;O_TAVHLE0626C380.00;TAVHL_06/2026_AVRUPA_OPSIYON;D_EQ;SSO;D_EQ_ECP;DE_TAVHL_ECP;TAVHL.E;2026-06-30;8.02;9.62;-16.63;0;0;0;0;0;0;0;0;0;0;0;;;;;
2026-04-22;O_TAVHLE0626C390.00;TAVHL_06/2026_AVRUPA_OPSIYON;D_EQ;SSO;D_EQ_ECP;DE_TAVHL_ECP;TAVHL.E;2026-06-30;6.25;7.59;-17.65;0;0;0;0;0;0;0;0;0;0;0;;;;;
2026-04-22;O_TAVHLE0626C400.00;TAVHL_06/2026_AVRUPA_OPSIYON;D_EQ;SSO;D_EQ_ECP;DE_TAVHL_ECP;TAVHL.E;2026-06-30;4.83;5.94;-18.69;0;0;0;0;0;0;0;0;0;0;0;;;;;
2026-04-22;O_TAVHLE0626C410.00;TAVHL_06/2026_AVRUPA_OPSIYON;D_EQ;SSO;D_EQ_ECP;DE_TAVHL_ECP;TAVHL.E;2026-06-30;3.7;4.61;-19.74;0;0;0;0;0;0;0;0;0;0;0;;;;;
2026-04-22;O_TAVHLE0626C420.00;TAVHL_06/2026_AVRUPA_OPSIYON;D_EQ;SSO;D_EQ_ECP;DE_TAVHL_ECP;TAVHL.E;2026-06-30;2.81;3.55;-20.85;0;0;0;0;0;0;0;0;0;0;0;;;;;
2026-04-22;O_TAVHLE0626C430.00;TAVHL_06/2026_AVRUPA_OPSIYON;D_EQ;SSO;D_EQ_ECP;DE_TAVHL_ECP;TAVHL.E;2026-06-30;2.12;2.71;-21.77;0;0;0;0;0;0;0;0;0;0;0;;;;;
2026-04-22;O_TAVHLE0626C440.00;TAVHL_06/2026_AVRUPA_OPSIYON;D_EQ;SSO;D_EQ_ECP;DE_TAVHL_ECP;TAVHL.E;2026-06-30;1.59;2.05;-22.44;0;0;0;0;0;0;0;0;0;0;0;;;;;
2026-04-22;O_TAVHLE0626P280.00;TAVHL_06/2026_AVRUPA_OPSIYON;D_EQ;SSO;D_EQ_EPP;DE_TAVHL_EPP;TAVHL.E;2026-06-30;3.63;3.11;16.72;0;0;0;0;0;0;0;0;0;0;0;;;;;
2026-04-22;O_TAVHLE0626P290.00;TAVHL_06/2026_AVRUPA_OPSIYON;D_EQ;SSO;D_EQ_EPP;DE_TAVHL_EPP;TAVHL.E;2026-06-30;5.41;4.67;15.85;0;0;0;0;0;0;0;0;0;0;0;;;;;
2026-04-22;O_TAVHLE0626P300.00;TAVHL_06/2026_AVRUPA_OPSIYON;D_EQ;SSO;D_EQ_EPP;DE_TAVHL_EPP;TAVHL.E;2026-06-30;7.72;6.73;14.71;0;0;0;0;0;0;0;0;0;0;0;;;;;
2026-04-22;O_TAVHLE0626P310.00;TAVHL_06/2026_AVRUPA_OPSIYON;D_EQ;SSO;D_EQ_EPP;DE_TAVHL_EPP;TAVHL.E;2026-06-30;10.62;9.35;13.58;0;0;0;0;0;0;0;0;0;0;0;;;;;
2026-04-22;O_TAVHLE0626P320.00;TAVHL_06/2026_AVRUPA_OPSIYON;D_EQ;SSO;D_EQ_EPP;DE_TAVHL_EPP;TAVHL.E;2026-06-30;14.16;12.57;12.65;0;0;0;0;0;0;0;0;0;0;0;;;;;
2026-04-22;O_TAVHLE0626P330.00;TAVHL_06/2026_AVRUPA_OPSIYON;D_EQ;SSO;D_EQ_EPP;DE_TAVHL_EPP;TAVHL.E;2026-06-30;18.34;16.41;11.76;0;0;0;0;0;0;0;0;0;0;0;;;;;
2026-04-22;O_TAVHLE0626P340.00;TAVHL_06/2026_AVRUPA_OPSIYON;D_EQ;SSO;D_EQ_EPP;DE_TAVHL_EPP;TAVHL.E;2026-06-30;23.16;20.88;10.92;0;0;0;0;0;0;0;0;0;0;0;;;;;
2026-04-22;O_TAVHLE0626P350.00;TAVHL_06/2026_AVRUPA_OPSIYON;D_EQ;SSO;D_EQ_EPP;DE_TAVHL_EPP;TAVHL.E;2026-06-30;28.6;25.97;10.13;0;0;0;0;0;0;0;0;0;0;0;;;;;
2026-04-22;O_TAVHLE0626P360.00;TAVHL_06/2026_AVRUPA_OPSIYON;D_EQ;SSO;D_EQ_EPP;DE_TAVHL_EPP;TAVHL.E;2026-06-30;34.6;31.63;9.39;0;0;0;0;0;0;0;0;0;0;0;;;;;
2026-04-22;O_TAVHLE0626P370.00;TAVHL_06/2026_AVRUPA_OPSIYON;D_EQ;SSO;D_EQ_EPP;DE_TAVHL_EPP;TAVHL.E;2026-06-30;41.13;37.84;8.69;0;0;0;0;0;0;0;0;0;0;0;;;;;
2026-04-22;O_TAVHLE0626P380.00;TAVHL_06/2026_AVRUPA_OPSIYON;D_EQ;SSO;D_EQ_EPP;DE_TAVHL_EPP;TAVHL.E;2026-06-30;48.12;44.53;8.06;0;0;0;0;0;0;0;0;0;0;0;;;;;
2026-04-22;O_TAVHLE0626P390.00;TAVHL_06/2026_AVRUPA_OPSIYON;D_EQ;SSO;D_EQ_EPP;DE_TAVHL_EPP;TAVHL.E;2026-06-30;55.52;51.66;7.47;0;0;0;0;0;0;0;0;0;0;0;;;;;
2026-04-22;O_TCELLE0426C100.00;TCELL_04/2026_AVRUPA_OPSIYON;D_EQ;SSO;D_EQ_ECP;DE_TCELL_ECP;TCELL.E;2026-04-30;14.95;16.25;-8;0;0;0;0;0;0;0;0;0;30;0;;;;;
2026-04-22;O_TCELLE0426C105.00;TCELL_04/2026_AVRUPA_OPSIYON;D_EQ;SSO;D_EQ_ECP;DE_TCELL_ECP;TCELL.E;2026-04-30;10.13;11.42;-11.3;0;0;0;0;0;0;0;0;0;339;0;;;;;
2026-04-22;O_TCELLE0426C110.00;TCELL_04/2026_AVRUPA_OPSIYON;D_EQ;SSO;D_EQ_ECP;DE_TCELL_ECP;TCELL.E;2026-04-30;5.84;7.03;-16.93;0;0;0;0;0;0;0;0;0;447;0;;;;;
2026-04-22;O_TCELLE0426C115.00;TCELL_04/2026_AVRUPA_OPSIYON;D_EQ;SSO;D_EQ_ECP;DE_TCELL_ECP;TCELL.E;2026-04-30;2.68;3.6;-25.56;0;0;0;0;0;0;0;0;0;6019;0;;;;;
2026-04-22;O_TCELLE0426C120.00;TCELL_04/2026_AVRUPA_OPSIYON;D_EQ;SSO;D_EQ_ECP;DE_TCELL_ECP;TCELL.E;2026-04-30;0.94;1.48;-36.49;1.18;0.86;1.18;0.86;1.07;1236000;11028;103;6;215;-103;;;;;
2026-04-22;O_TCELLE0426C125.00;TCELL_04/2026_AVRUPA_OPSIYON;D_EQ;SSO;D_EQ_ECP;DE_TCELL_ECP;TCELL.E;2026-04-30;0.24;0.48;-50;0;0;0;0;0;0;0;0;0;494;0;;;;;
2026-04-22;O_TCELLE0426C130.00;TCELL_04/2026_AVRUPA_OPSIYON;D_EQ;SSO;D_EQ_ECP;DE_TCELL_ECP;TCELL.E;2026-04-30;0.05;0.12;-58.33;0;0;0;0;0;0;0;0;0;121;0;;;;;
2026-04-22;O_TCELLE0426C135.00;TCELL_04/2026_AVRUPA_OPSIYON;D_EQ;SSO;D_EQ_ECP;DE_TCELL_ECP;TCELL.E;2026-04-30;0.01;0.02;-50;0;0;0;0;0;0;0;0;0;93;0;;;;;
2026-04-22;O_TCELLE0426C140.00;TCELL_04/2026_AVRUPA_OPSIYON;D_EQ;SSO;D_EQ_ECP;DE_TCELL_ECP;TCELL.E;2026-04-30;0.01;0.01;0;0;0;0;0;0;0;0;0;0;0;0;;;;;
2026-04-22;O_TCELLE0426C145.00;TCELL_04/2026_AVRUPA_OPSIYON;D_EQ;SSO;D_EQ_ECP;DE_TCELL_ECP;TCELL.E;2026-04-30;0.01;0.01;0;0;0;0;0;0;0;0;0;0;50;0;;;;;
2026-04-22;O_TCELLE0426C150.00;TCELL_04/2026_AVRUPA_OPSIYON;D_EQ;SSO;D_EQ_ECP;DE_TCELL_ECP;TCELL.E;2026-04-30;0.01;0.01;0;0;0;0;0;0;0;0;0;0;0;0;;;;;
2026-04-22;O_TCELLE0426C155.00;TCELL_04/2026_AVRUPA_OPSIYON;D_EQ;SSO;D_EQ_ECP;DE_TCELL_ECP;TCELL.E;2026-04-30;0.01;0.01;0;0;0;0;0;0;0;0;0;0;0;0;;;;;
2026-04-22;O_TCELLE0426C160.00;TCELL_04/2026_AVRUPA_OPSIYON;D_EQ;SSO;D_EQ_ECP;DE_TCELL_ECP;TCELL.E;2026-04-30;0.01;0.01;0;0;0;0;0;0;0;0;0;0;0;0;;;;;
2026-04-22;O_TCELLE0426C165.00;TCELL_04/2026_AVRUPA_OPSIYON;D_EQ;SSO;D_EQ_ECP;DE_TCELL_ECP;TCELL.E;2026-04-30;0.01;0.01;0;0;0;0;0;0;0;0;0;0;0;0;;;;;
2026-04-22;O_TCELLE0426P100.00;TCELL_04/2026_AVRUPA_OPSIYON;D_EQ;SSO;D_EQ_EPP;DE_TCELL_EPP;TCELL.E;2026-04-30;0.02;0.02;0;0;0;0;0;0;0;0;0;0;0;0;;;;;
2026-04-22;O_TCELLE0426P105.00;TCELL_04/2026_AVRUPA_OPSIYON;D_EQ;SSO;D_EQ_EPP;DE_TCELL_EPP;TCELL.E;2026-04-30;0.16;0.14;14.29;0;0;0;0;0;0;0;0;0;81;0;;;;;
2026-04-22;O_TCELLE0426P110.00;TCELL_04/2026_AVRUPA_OPSIYON;D_EQ;SSO;D_EQ_EPP;DE_TCELL_EPP;TCELL.E;2026-04-30;0.83;0.7;18.57;0.76;0.76;0.76;0.76;0.76;429000;2964;39;1;259;0;;;;;
2026-04-22;O_TCELLE0426P115.00;TCELL_04/2026_AVRUPA_OPSIYON;D_EQ;SSO;D_EQ_EPP;DE_TCELL_EPP;TCELL.E;2026-04-30;2.63;2.23;17.94;2.32;2.27;2.46;2.46;2.35;4324000;88404;376;12;3035;218;;;;;
2026-04-22;O_TCELLE0426P120.00;TCELL_04/2026_AVRUPA_OPSIYON;D_EQ;SSO;D_EQ_EPP;DE_TCELL_EPP;TCELL.E;2026-04-30;5.84;5.06;15.42;0;0;0;0;0;0;0;0;0;71;0;;;;;
2026-04-22;O_TCELLE0426P125.00;TCELL_04/2026_AVRUPA_OPSIYON;D_EQ;SSO;D_EQ_EPP;DE_TCELL_EPP;TCELL.E;2026-04-30;10.11;9.01;12.21;0;0;0;0;0;0;0;0;0;101;0;;;;;
2026-04-22;O_TCELLE0426P130.00;TCELL_04/2026_AVRUPA_OPSIYON;D_EQ;SSO;D_EQ_EPP;DE_TCELL_EPP;TCELL.E;2026-04-30;14.87;13.61;9.26;0;0;0;0;0;0;0;0;0;0;0;;;;;
2026-04-22;O_TCELLE0426P135.00;TCELL_04/2026_AVRUPA_OPSIYON;D_EQ;SSO;D_EQ_EPP;DE_TCELL_EPP;TCELL.E;2026-04-30;19.79;18.47;7.15;0;0;0;0;0;0;0;0;0;0;0;;;;;
2026-04-22;O_TCELLE0426P140.00;TCELL_04/2026_AVRUPA_OPSIYON;D_EQ;SSO;D_EQ_EPP;DE_TCELL_EPP;TCELL.E;2026-04-30;24.74;23.4;5.73;0;0;0;0;0;0;0;0;0;1000;0;;;;;
2026-04-22;O_TCELLE0426P90.00;TCELL_04/2026_AVRUPA_OPSIYON;D_EQ;SSO;D_EQ_EPP;DE_TCELL_EPP;TCELL.E;2026-04-30;0.01;0.01;0;0;0;0;0;0;0;0;0;0;0;0;;;;;
2026-04-22;O_TCELLE0426P92.00;TCELL_04/2026_AVRUPA_OPSIYON;D_EQ;SSO;D_EQ_EPP;DE_TCELL_EPP;TCELL.E;2026-04-30;0.01;0.01;0;0;0;0;0;0;0;0;0;0;0;0;;;;;
2026-04-22;O_TCELLE0426P94.00;TCELL_04/2026_AVRUPA_OPSIYON;D_EQ;SSO;D_EQ_EPP;DE_TCELL_EPP;TCELL.E;2026-04-30;0.01;0.01;0;0;0;0;0;0;0;0;0;0;40;0;;;;;
2026-04-22;O_TCELLE0426P96.00;TCELL_04/2026_AVRUPA_OPSIYON;D_EQ;SSO;D_EQ_EPP;DE_TCELL_EPP;TCELL.E;2026-04-30;0.01;0.01;0;0;0;0;0;0;0;0;0;0;76;0;;;;;
2026-04-22;O_TCELLE0426P98.00;TCELL_04/2026_AVRUPA_OPSIYON;D_EQ;SSO;D_EQ_EPP;DE_TCELL_EPP;TCELL.E;2026-04-30;0.01;0.01;0;0;0;0;0;0;0;0;0;0;2;0;;;;;
2026-04-22;O_TCELLE0526C105.00;TCELL_05/2026_AVRUPA_OPSIYON;D_EQ;SSO;D_EQ_ECP;DE_TCELL_ECP;TCELL.E;2026-05-25;13.73;14.94;-8.1;0;0;0;0;0;0;0;0;0;0;0;;;;;
2026-04-22;O_TCELLE0526C110.00;TCELL_05/2026_AVRUPA_OPSIYON;D_EQ;SSO;D_EQ_ECP;DE_TCELL_ECP;TCELL.E;2026-05-25;10.02;11.13;-9.97;0;0;0;0;0;0;0;0;0;0;0;;;;;
2026-04-22;O_TCELLE0526C115.00;TCELL_05/2026_AVRUPA_OPSIYON;D_EQ;SSO;D_EQ_ECP;DE_TCELL_ECP;TCELL.E;2026-05-25;6.95;7.9;-12.03;0;0;0;0;0;0;0;0;0;10;0;;;;;
2026-04-22;O_TCELLE0526C120.00;TCELL_05/2026_AVRUPA_OPSIYON;D_EQ;SSO;D_EQ_ECP;DE_TCELL_ECP;TCELL.E;2026-05-25;4.56;5.35;-14.77;0;0;0;0;0;0;0;0;0;0;0;;;;;
2026-04-22;O_TCELLE0526C125.00;TCELL_05/2026_AVRUPA_OPSIYON;D_EQ;SSO;D_EQ_ECP;DE_TCELL_ECP;TCELL.E;2026-05-25;2.84;3.44;-17.44;0;0;0;0;0;0;0;0;0;100;0;;;;;
2026-04-22;O_TCELLE0526C130.00;TCELL_05/2026_AVRUPA_OPSIYON;D_EQ;SSO;D_EQ_ECP;DE_TCELL_ECP;TCELL.E;2026-05-25;1.67;2.12;-21.23;0;0;0;0;0;0;0;0;0;0;0;;;;;
2026-04-22;O_TCELLE0526C135.00;TCELL_05/2026_AVRUPA_OPSIYON;D_EQ;SSO;D_EQ_ECP;DE_TCELL_ECP;TCELL.E;2026-05-25;0.94;1.24;-24.19;0;0;0;0;0;0;0;0;0;0;0;;;;;
2026-04-22;O_TCELLE0526C140.00;TCELL_05/2026_AVRUPA_OPSIYON;D_EQ;SSO;D_EQ_ECP;DE_TCELL_ECP;TCELL.E;2026-05-25;0.5;0.7;-28.57;0.58;0.54;0.58;0.54;0.56;3164000;12656;226;2;326;226;;;;;
2026-04-22;O_TCELLE0526C145.00;TCELL_05/2026_AVRUPA_OPSIYON;D_EQ;SSO;D_EQ_ECP;DE_TCELL_ECP;TCELL.E;2026-05-25;0.26;0.38;-31.58;0;0;0;0;0;0;0;0;0;226;0;;;;;
2026-04-22;O_TCELLE0526C150.00;TCELL_05/2026_AVRUPA_OPSIYON;D_EQ;SSO;D_EQ_ECP;DE_TCELL_ECP;TCELL.E;2026-05-25;0.12;0.2;-40;0;0;0;0;0;0;0;0;0;0;0;;;;;
2026-04-22;O_TCELLE0526C155.00;TCELL_05/2026_AVRUPA_OPSIYON;D_EQ;SSO;D_EQ_ECP;DE_TCELL_ECP;TCELL.E;2026-05-25;0.06;0.1;-40;0;0;0;0;0;0;0;0;0;0;0;;;;;
2026-04-22;O_TCELLE0526P100.00;TCELL_05/2026_AVRUPA_OPSIYON;D_EQ;SSO;D_EQ_EPP;DE_TCELL_EPP;TCELL.E;2026-05-25;0.45;0.42;7.14;0;0;0;0;0;0;0;0;0;0;0;;;;;
2026-04-22;O_TCELLE0526P105.00;TCELL_05/2026_AVRUPA_OPSIYON;D_EQ;SSO;D_EQ_EPP;DE_TCELL_EPP;TCELL.E;2026-05-25;1.08;0.98;10.2;0;0;0;0;0;0;0;0;0;0;0;;;;;
2026-04-22;O_TCELLE0526P110.00;TCELL_05/2026_AVRUPA_OPSIYON;D_EQ;SSO;D_EQ_EPP;DE_TCELL_EPP;TCELL.E;2026-05-25;2.21;2;10.5;0;0;0;0;0;0;0;0;0;15;0;;;;;
2026-04-22;O_TCELLE0526P115.00;TCELL_05/2026_AVRUPA_OPSIYON;D_EQ;SSO;D_EQ_EPP;DE_TCELL_EPP;TCELL.E;2026-05-25;3.96;3.61;9.7;0;0;0;0;0;0;0;0;0;0;0;;;;;
2026-04-22;O_TCELLE0526P120.00;TCELL_05/2026_AVRUPA_OPSIYON;D_EQ;SSO;D_EQ_EPP;DE_TCELL_EPP;TCELL.E;2026-05-25;6.41;5.87;9.2;0;0;0;0;0;0;0;0;0;5000;0;;;;;
2026-04-22;O_TCELLE0526P125.00;TCELL_05/2026_AVRUPA_OPSIYON;D_EQ;SSO;D_EQ_EPP;DE_TCELL_EPP;TCELL.E;2026-05-25;9.52;8.8;8.18;0;0;0;0;0;0;0;0;0;0;0;;;;;
2026-04-22;O_TCELLE0526P130.00;TCELL_05/2026_AVRUPA_OPSIYON;D_EQ;SSO;D_EQ_EPP;DE_TCELL_EPP;TCELL.E;2026-05-25;13.18;12.3;7.15;0;0;0;0;0;0;0;0;0;0;0;;;;;
2026-04-22;O_TCELLE0526P92.00;TCELL_05/2026_AVRUPA_OPSIYON;D_EQ;SSO;D_EQ_EPP;DE_TCELL_EPP;TCELL.E;2026-05-25;0.08;0.07;14.29;0;0;0;0;0;0;0;0;0;6;0;;;;;
2026-04-22;O_TCELLE0526P94.00;TCELL_05/2026_AVRUPA_OPSIYON;D_EQ;SSO;D_EQ_EPP;DE_TCELL_EPP;TCELL.E;2026-05-25;0.13;0.12;8.33;0;0;0;0;0;0;0;0;0;0;0;;;;;
2026-04-22;O_TCELLE0526P96.00;TCELL_05/2026_AVRUPA_OPSIYON;D_EQ;SSO;D_EQ_EPP;DE_TCELL_EPP;TCELL.E;2026-05-25;0.2;0.19;5.26;0;0;0;0;0;0;0;0;0;0;0;;;;;
2026-04-22;O_TCELLE0526P98.00;TCELL_05/2026_AVRUPA_OPSIYON;D_EQ;SSO;D_EQ_EPP;DE_TCELL_EPP;TCELL.E;2026-05-25;0.31;0.28;10.71;0;0;0;0;0;0;0;0;0;0;0;;;;;
2026-04-22;O_TCELLE0626C110.00;TCELL_06/2026_AVRUPA_OPSIYON;D_EQ;SSO;D_EQ_ECP;DE_TCELL_ECP;TCELL.E;2026-06-30;15.79;16.96;-6.9;0;0;0;0;0;0;0;0;0;0;0;;;;;
2026-04-22;O_TCELLE0626C115.00;TCELL_06/2026_AVRUPA_OPSIYON;D_EQ;SSO;D_EQ_ECP;DE_TCELL_ECP;TCELL.E;2026-06-30;12.62;13.69;-7.82;0;0;0;0;0;0;0;0;0;0;0;;;;;
2026-04-22;O_TCELLE0626C120.00;TCELL_06/2026_AVRUPA_OPSIYON;D_EQ;SSO;D_EQ_ECP;DE_TCELL_ECP;TCELL.E;2026-06-30;9.87;10.84;-8.95;0;0;0;0;0;0;0;0;0;0;0;;;;;
2026-04-22;O_TCELLE0626C125.00;TCELL_06/2026_AVRUPA_OPSIYON;D_EQ;SSO;D_EQ_ECP;DE_TCELL_ECP;TCELL.E;2026-06-30;7.57;8.43;-10.2;0;0;0;0;0;0;0;0;0;0;0;;;;;
2026-04-22;O_TCELLE0626C130.00;TCELL_06/2026_AVRUPA_OPSIYON;D_EQ;SSO;D_EQ_ECP;DE_TCELL_ECP;TCELL.E;2026-06-30;5.69;6.43;-11.51;0;0;0;0;0;0;0;0;0;0;0;;;;;
2026-04-22;O_TCELLE0626C135.00;TCELL_06/2026_AVRUPA_OPSIYON;D_EQ;SSO;D_EQ_ECP;DE_TCELL_ECP;TCELL.E;2026-06-30;4.19;4.83;-13.25;0;0;0;0;0;0;0;0;0;0;0;;;;;
2026-04-22;O_TCELLE0626C140.00;TCELL_06/2026_AVRUPA_OPSIYON;D_EQ;SSO;D_EQ_ECP;DE_TCELL_ECP;TCELL.E;2026-06-30;3.03;3.57;-15.13;0;0;0;0;0;0;0;0;0;0;0;;;;;
2026-04-22;O_TCELLE0626C145.00;TCELL_06/2026_AVRUPA_OPSIYON;D_EQ;SSO;D_EQ_ECP;DE_TCELL_ECP;TCELL.E;2026-06-30;2.16;2.6;-16.92;0;0;0;0;0;0;0;0;0;0;0;;;;;
2026-04-22;O_TCELLE0626C150.00;TCELL_06/2026_AVRUPA_OPSIYON;D_EQ;SSO;D_EQ_ECP;DE_TCELL_ECP;TCELL.E;2026-06-30;1.51;1.86;-18.82;0;0;0;0;0;0;0;0;0;0;0;;;;;
2026-04-22;O_TCELLE0626C155.00;TCELL_06/2026_AVRUPA_OPSIYON;D_EQ;SSO;D_EQ_ECP;DE_TCELL_ECP;TCELL.E;2026-06-30;1.04;1.32;-21.21;0;0;0;0;0;0;0;0;0;0;0;;;;;
2026-04-22;O_TCELLE0626C160.00;TCELL_06/2026_AVRUPA_OPSIYON;D_EQ;SSO;D_EQ_ECP;DE_TCELL_ECP;TCELL.E;2026-06-30;0.71;0.93;-23.66;0;0;0;0;0;0;0;0;0;0;0;;;;;
2026-04-22;O_TCELLE0626P100.00;TCELL_06/2026_AVRUPA_OPSIYON;D_EQ;SSO;D_EQ_EPP;DE_TCELL_EPP;TCELL.E;2026-06-30;0.84;0.8;5;0;0;0;0;0;0;0;0;0;0;0;;;;;
2026-04-22;O_TCELLE0626P105.00;TCELL_06/2026_AVRUPA_OPSIYON;D_EQ;SSO;D_EQ_EPP;DE_TCELL_EPP;TCELL.E;2026-06-30;1.52;1.43;6.29;0;0;0;0;0;0;0;0;0;0;0;;;;;
2026-04-22;O_TCELLE0626P110.00;TCELL_06/2026_AVRUPA_OPSIYON;D_EQ;SSO;D_EQ_EPP;DE_TCELL_EPP;TCELL.E;2026-06-30;2.53;2.37;6.75;0;0;0;0;0;0;0;0;0;0;0;;;;;
2026-04-22;O_TCELLE0626P115.00;TCELL_06/2026_AVRUPA_OPSIYON;D_EQ;SSO;D_EQ_EPP;DE_TCELL_EPP;TCELL.E;2026-06-30;3.94;3.68;7.07;0;0;0;0;0;0;0;0;0;0;0;;;;;
2026-04-22;O_TCELLE0626P120.00;TCELL_06/2026_AVRUPA_OPSIYON;D_EQ;SSO;D_EQ_EPP;DE_TCELL_EPP;TCELL.E;2026-06-30;5.78;5.41;6.84;0;0;0;0;0;0;0;0;0;0;0;;;;;
2026-04-22;O_TCELLE0626P125.00;TCELL_06/2026_AVRUPA_OPSIYON;D_EQ;SSO;D_EQ_EPP;DE_TCELL_EPP;TCELL.E;2026-06-30;8.06;7.57;6.47;0;0;0;0;0;0;0;0;0;0;0;;;;;
2026-04-22;O_TCELLE0626P130.00;TCELL_06/2026_AVRUPA_OPSIYON;D_EQ;SSO;D_EQ_EPP;DE_TCELL_EPP;TCELL.E;2026-06-30;10.76;10.15;6.01;0;0;0;0;0;0;0;0;0;0;0;;;;;
2026-04-22;O_TCELLE0626P135.00;TCELL_06/2026_AVRUPA_OPSIYON;D_EQ;SSO;D_EQ_EPP;DE_TCELL_EPP;TCELL.E;2026-06-30;13.85;13.13;5.48;0;0;0;0;0;0;0;0;0;0;0;;;;;
2026-04-22;O_TCELLE0626P94.00;TCELL_06/2026_AVRUPA_OPSIYON;D_EQ;SSO;D_EQ_EPP;DE_TCELL_EPP;TCELL.E;2026-06-30;0.36;0.35;2.86;0;0;0;0;0;0;0;0;0;0;0;;;;;
2026-04-22;O_TCELLE0626P96.00;TCELL_06/2026_AVRUPA_OPSIYON;D_EQ;SSO;D_EQ_EPP;DE_TCELL_EPP;TCELL.E;2026-06-30;0.49;0.47;4.26;0;0;0;0;0;0;0;0;0;0;0;;;;;
2026-04-22;O_TCELLE0626P98.00;TCELL_06/2026_AVRUPA_OPSIYON;D_EQ;SSO;D_EQ_EPP;DE_TCELL_EPP;TCELL.E;2026-06-30;0.64;0.62;3.23;0;0;0;0;0;0;0;0;0;0;0;;;;;
2026-04-22;O_THYAOE0426C280.00;THYAO_04/2026_AVRUPA_OPSIYON;D_EQ;SSO;D_EQ_ECP;DE_THYAO_ECP;THYAO.E;2026-04-30;45.84;49.63;-7.64;0;0;0;0;0;0;0;0;0;155;0;;;;;
2026-04-22;O_THYAOE0426C290.00;THYAO_04/2026_AVRUPA_OPSIYON;D_EQ;SSO;D_EQ_ECP;DE_THYAO_ECP;THYAO.E;2026-04-30;36.01;39.8;-9.52;0;0;0;0;0;0;0;0;0;724;0;;;;;
2026-04-22;O_THYAOE0426C300.00;THYAO_04/2026_AVRUPA_OPSIYON;D_EQ;SSO;D_EQ_ECP;DE_THYAO_ECP;THYAO.E;2026-04-30;26.47;30.2;-12.35;0;0;0;0;0;0;0;0;0;151;0;;;;;
2026-04-22;O_THYAOE0426C310.00;THYAO_04/2026_AVRUPA_OPSIYON;D_EQ;SSO;D_EQ_ECP;DE_THYAO_ECP;THYAO.E;2026-04-30;17.72;21.23;-16.53;0;0;0;0;0;0;0;0;0;558;0;;;;;
2026-04-22;O_THYAOE0426C320.00;THYAO_04/2026_AVRUPA_OPSIYON;D_EQ;SSO;D_EQ_ECP;DE_THYAO_ECP;THYAO.E;2026-04-30;10.5;13.53;-22.39;0;0;0;0;0;0;0;0;0;1182;0;;;;;
2026-04-22;O_THYAOE0426C330.00;THYAO_04/2026_AVRUPA_OPSIYON;D_EQ;SSO;D_EQ_ECP;DE_THYAO_ECP;THYAO.E;2026-04-30;5.39;7.65;-29.54;4.4;4.4;4.4;4.4;4.4;1650000;22000;50;5;739;-50;;;;;
2026-04-22;O_THYAOE0426C340.00;THYAO_04/2026_AVRUPA_OPSIYON;D_EQ;SSO;D_EQ_ECP;DE_THYAO_ECP;THYAO.E;2026-04-30;2.35;3.79;-37.99;3.4;1.5;3.4;1.8;3.2;8398000;78960;247;6;2079;-232;;;;;
2026-04-22;O_THYAOE0426C350.00;THYAO_04/2026_AVRUPA_OPSIYON;D_EQ;SSO;D_EQ_ECP;DE_THYAO_ECP;THYAO.E;2026-04-30;0.88;1.64;-46.34;0.9;0.75;0.9;0.75;0.81;8120000;18850;232;4;1676;232;;;;;
2026-04-22;O_THYAOE0426C360.00;THYAO_04/2026_AVRUPA_OPSIYON;D_EQ;SSO;D_EQ_ECP;DE_THYAO_ECP;THYAO.E;2026-04-30;0.28;0.62;-54.84;1;1;1;1;1;36000;100;1;1;2680;1;;;;;
2026-04-22;O_THYAOE0426C370.00;THYAO_04/2026_AVRUPA_OPSIYON;D_EQ;SSO;D_EQ_ECP;DE_THYAO_ECP;THYAO.E;2026-04-30;0.08;0.21;-61.9;0;0;0;0;0;0;0;0;0;1573;0;;;;;
2026-04-22;O_THYAOE0426C380.00;THYAO_04/2026_AVRUPA_OPSIYON;D_EQ;SSO;D_EQ_ECP;DE_THYAO_ECP;THYAO.E;2026-04-30;0.02;0.06;-66.67;0;0;0;0;0;0;0;0;0;50;0;;;;;
2026-04-22;O_THYAOE0426C390.00;THYAO_04/2026_AVRUPA_OPSIYON;D_EQ;SSO;D_EQ_ECP;DE_THYAO_ECP;THYAO.E;2026-04-30;0.01;0.02;-50;0;0;0;0;0;0;0;0;0;76;0;;;;;
2026-04-22;O_THYAOE0426C400.00;THYAO_04/2026_AVRUPA_OPSIYON;D_EQ;SSO;D_EQ_ECP;DE_THYAO_ECP;THYAO.E;2026-04-30;0.01;0.01;0;0;0;0;0;0;0;0;0;0;16;0;;;;;
2026-04-22;O_THYAOE0426C410.00;THYAO_04/2026_AVRUPA_OPSIYON;D_EQ;SSO;D_EQ_ECP;DE_THYAO_ECP;THYAO.E;2026-04-30;0.01;0.01;0;0;0;0;0;0;0;0;0;0;20;0;;;;;
2026-04-22;O_THYAOE0426C420.00;THYAO_04/2026_AVRUPA_OPSIYON;D_EQ;SSO;D_EQ_ECP;DE_THYAO_ECP;THYAO.E;2026-04-30;0.01;0.01;0;0;0;0;0;0;0;0;0;0;0;0;;;;;
2026-04-22;O_THYAOE0426C430.00;THYAO_04/2026_AVRUPA_OPSIYON;D_EQ;SSO;D_EQ_ECP;DE_THYAO_ECP;THYAO.E;2026-04-30;0.01;0.01;0;0;0;0;0;0;0;0;0;0;0;0;;;;;
2026-04-22;O_THYAOE0426P240.00;THYAO_04/2026_AVRUPA_OPSIYON;D_EQ;SSO;D_EQ_EPP;DE_THYAO_EPP;THYAO.E;2026-04-30;0.01;0.01;0;0;0;0;0;0;0;0;0;0;11;0;;;;;
2026-04-22;O_THYAOE0426P245.00;THYAO_04/2026_AVRUPA_OPSIYON;D_EQ;SSO;D_EQ_EPP;DE_THYAO_EPP;THYAO.E;2026-04-30;0.01;0.01;0;0;0;0;0;0;0;0;0;0;21;0;;;;;
2026-04-22;O_THYAOE0426P250.00;THYAO_04/2026_AVRUPA_OPSIYON;D_EQ;SSO;D_EQ_EPP;DE_THYAO_EPP;THYAO.E;2026-04-30;0.01;0.01;0;0;0;0;0;0;0;0;0;0;0;0;;;;;
2026-04-22;O_THYAOE0426P260.00;THYAO_04/2026_AVRUPA_OPSIYON;D_EQ;SSO;D_EQ_EPP;DE_THYAO_EPP;THYAO.E;2026-04-30;0.01;0.01;0;0;0;0;0;0;0;0;0;0;50;0;;;;;
2026-04-22;O_THYAOE0426P270.00;THYAO_04/2026_AVRUPA_OPSIYON;D_EQ;SSO;D_EQ_EPP;DE_THYAO_EPP;THYAO.E;2026-04-30;0.01;0.01;0;0;0;0;0;0;0;0;0;0;73;0;;;;;
2026-04-22;O_THYAOE0426P280.00;THYAO_04/2026_AVRUPA_OPSIYON;D_EQ;SSO;D_EQ_EPP;DE_THYAO_EPP;THYAO.E;2026-04-30;0.02;0.01;100;0;0;0;0;0;0;0;0;0;409;0;;;;;
2026-04-22;O_THYAOE0426P290.00;THYAO_04/2026_AVRUPA_OPSIYON;D_EQ;SSO;D_EQ_EPP;DE_THYAO_EPP;THYAO.E;2026-04-30;0.1;0.09;11.11;0;0;0;0;0;0;0;0;0;2080;0;;;;;
2026-04-22;O_THYAOE0426P300.00;THYAO_04/2026_AVRUPA_OPSIYON;D_EQ;SSO;D_EQ_EPP;DE_THYAO_EPP;THYAO.E;2026-04-30;0.48;0.4;20;0;0;0;0;0;0;0;0;0;683;0;;;;;
2026-04-22;O_THYAOE0426P310.00;THYAO_04/2026_AVRUPA_OPSIYON;D_EQ;SSO;D_EQ_EPP;DE_THYAO_EPP;THYAO.E;2026-04-30;1.65;1.34;23.13;0;0;0;0;0;0;0;0;0;1660;0;;;;;
2026-04-22;O_THYAOE0426P320.00;THYAO_04/2026_AVRUPA_OPSIYON;D_EQ;SSO;D_EQ_EPP;DE_THYAO_EPP;THYAO.E;2026-04-30;4.35;3.54;22.88;3.05;3.05;4.05;3.7;3.82;2976000;35535;93;3;340;55;;;;;
2026-04-22;O_THYAOE0426P330.00;THYAO_04/2026_AVRUPA_OPSIYON;D_EQ;SSO;D_EQ_EPP;DE_THYAO_EPP;THYAO.E;2026-04-30;9.15;7.57;20.87;0;0;0;0;0;0;0;0;0;152;0;;;;;
2026-04-22;O_THYAOE0426P340.00;THYAO_04/2026_AVRUPA_OPSIYON;D_EQ;SSO;D_EQ_EPP;DE_THYAO_EPP;THYAO.E;2026-04-30;16.03;13.62;17.69;0;0;0;0;0;0;0;0;0;104;0;;;;;
2026-04-22;O_THYAOE0426P350.00;THYAO_04/2026_AVRUPA_OPSIYON;D_EQ;SSO;D_EQ_EPP;DE_THYAO_EPP;THYAO.E;2026-04-30;24.48;21.38;14.5;0;0;0;0;0;0;0;0;0;0;0;;;;;
2026-04-22;O_THYAOE0426P360.00;THYAO_04/2026_AVRUPA_OPSIYON;D_EQ;SSO;D_EQ_EPP;DE_THYAO_EPP;THYAO.E;2026-04-30;33.8;30.27;11.66;0;0;0;0;0;0;0;0;0;0;0;;;;;
2026-04-22;O_THYAOE0426P370.00;THYAO_04/2026_AVRUPA_OPSIYON;D_EQ;SSO;D_EQ_EPP;DE_THYAO_EPP;THYAO.E;2026-04-30;43.51;39.76;9.43;0;0;0;0;0;0;0;0;0;0;0;;;;;
2026-04-22;O_THYAOE0426P380.00;THYAO_04/2026_AVRUPA_OPSIYON;D_EQ;SSO;D_EQ_EPP;DE_THYAO_EPP;THYAO.E;2026-04-30;53.37;49.52;7.77;0;0;0;0;0;0;0;0;0;0;0;;;;;
2026-04-22;O_THYAOE0526C290.00;THYAO_05/2026_AVRUPA_OPSIYON;D_EQ;SSO;D_EQ_ECP;DE_THYAO_ECP;THYAO.E;2026-05-25;44.94;48.51;-7.36;0;0;0;0;0;0;0;0;0;0;0;;;;;
2026-04-22;O_THYAOE0526C310.00;THYAO_05/2026_AVRUPA_OPSIYON;D_EQ;SSO;D_EQ_ECP;DE_THYAO_ECP;THYAO.E;2026-05-25;29.03;32.23;-9.93;0;0;0;0;0;0;0;0;0;53;0;;;;;
2026-04-22;O_THYAOE0526C320.00;THYAO_05/2026_AVRUPA_OPSIYON;D_EQ;SSO;D_EQ_ECP;DE_THYAO_ECP;THYAO.E;2026-05-25;22.34;25.24;-11.49;0;0;0;0;0;0;0;0;0;20;0;;;;;
2026-04-22;O_THYAOE0526C330.00;THYAO_05/2026_AVRUPA_OPSIYON;D_EQ;SSO;D_EQ_ECP;DE_THYAO_ECP;THYAO.E;2026-05-25;16.69;19.23;-13.21;0;0;0;0;0;0;0;0;0;1100;0;;;;;
2026-04-22;O_THYAOE0526C340.00;THYAO_05/2026_AVRUPA_OPSIYON;D_EQ;SSO;D_EQ_ECP;DE_THYAO_ECP;THYAO.E;2026-05-25;12.1;14.24;-15.03;0;0;0;0;0;0;0;0;0;1400;0;;;;;
2026-04-22;O_THYAOE0526C350.00;THYAO_05/2026_AVRUPA_OPSIYON;D_EQ;SSO;D_EQ_ECP;DE_THYAO_ECP;THYAO.E;2026-05-25;8.51;10.25;-16.98;0;0;0;0;0;0;0;0;0;295;0;;;;;
2026-04-22;O_THYAOE0526C360.00;THYAO_05/2026_AVRUPA_OPSIYON;D_EQ;SSO;D_EQ_ECP;DE_THYAO_ECP;THYAO.E;2026-05-25;5.87;7.21;-18.59;4.1;4.1;4.1;4.1;4.1;1080000;12300;30;3;58;0;;;;;
2026-04-22;O_THYAOE0526C370.00;THYAO_05/2026_AVRUPA_OPSIYON;D_EQ;SSO;D_EQ_ECP;DE_THYAO_ECP;THYAO.E;2026-05-25;3.94;4.95;-20.4;0;0;0;0;0;0;0;0;0;473;0;;;;;
2026-04-22;O_THYAOE0526C380.00;THYAO_05/2026_AVRUPA_OPSIYON;D_EQ;SSO;D_EQ_ECP;DE_THYAO_ECP;THYAO.E;2026-05-25;2.59;3.33;-22.22;2.1;1.74;2.1;1.75;1.93;11210000;56818;295;9;682;295;;;;;
2026-04-22;O_THYAOE0526C390.00;THYAO_05/2026_AVRUPA_OPSIYON;D_EQ;SSO;D_EQ_ECP;DE_THYAO_ECP;THYAO.E;2026-05-25;1.67;2.19;-23.74;1.8;1.3;1.85;1.35;1.72;17628000;77683;452;12;2027;452;;;;;
2026-04-22;O_THYAOE0526C400.00;THYAO_05/2026_AVRUPA_OPSIYON;D_EQ;SSO;D_EQ_ECP;DE_THYAO_ECP;THYAO.E;2026-05-25;1.05;1.41;-25.53;0;0;0;0;0;0;0;0;0;672;0;;;;;
2026-04-22;O_THYAOE0526P245.00;THYAO_05/2026_AVRUPA_OPSIYON;D_EQ;SSO;D_EQ_EPP;DE_THYAO_EPP;THYAO.E;2026-05-25;0.03;0.03;0;0;0;0;0;0;0;0;0;0;0;0;;;;;
2026-04-22;O_THYAOE0526P250.00;THYAO_05/2026_AVRUPA_OPSIYON;D_EQ;SSO;D_EQ_EPP;DE_THYAO_EPP;THYAO.E;2026-05-25;0.06;0.05;20;0;0;0;0;0;0;0;0;0;0;0;;;;;
2026-04-22;O_THYAOE0526P260.00;THYAO_05/2026_AVRUPA_OPSIYON;D_EQ;SSO;D_EQ_EPP;DE_THYAO_EPP;THYAO.E;2026-05-25;0.16;0.13;23.08;0;0;0;0;0;0;0;0;0;100;0;;;;;
2026-04-22;O_THYAOE0526P270.00;THYAO_05/2026_AVRUPA_OPSIYON;D_EQ;SSO;D_EQ_EPP;DE_THYAO_EPP;THYAO.E;2026-05-25;0.38;0.33;15.15;0;0;0;0;0;0;0;0;0;0;0;;;;;
2026-04-22;O_THYAOE0526P280.00;THYAO_05/2026_AVRUPA_OPSIYON;D_EQ;SSO;D_EQ_EPP;DE_THYAO_EPP;THYAO.E;2026-05-25;0.83;0.71;16.9;0;0;0;0;0;0;0;0;0;1000;0;;;;;
2026-04-22;O_THYAOE0526P290.00;THYAO_05/2026_AVRUPA_OPSIYON;D_EQ;SSO;D_EQ_EPP;DE_THYAO_EPP;THYAO.E;2026-05-25;1.65;1.42;16.2;0;0;0;0;0;0;0;0;0;20;0;;;;;
2026-04-22;O_THYAOE0526P300.00;THYAO_05/2026_AVRUPA_OPSIYON;D_EQ;SSO;D_EQ_EPP;DE_THYAO_EPP;THYAO.E;2026-05-25;3;2.61;14.94;0;0;0;0;0;0;0;0;0;0;0;;;;;
2026-04-22;O_THYAOE0526P310.00;THYAO_05/2026_AVRUPA_OPSIYON;D_EQ;SSO;D_EQ_EPP;DE_THYAO_EPP;THYAO.E;2026-05-25;5.06;4.45;13.71;4.3;4.3;4.3;4.3;4.3;124000;1720;4;1;4;4;;;;;
2026-04-22;O_THYAOE0526P320.00;THYAO_05/2026_AVRUPA_OPSIYON;D_EQ;SSO;D_EQ_EPP;DE_THYAO_EPP;THYAO.E;2026-05-25;8.03;7.11;12.94;6.39;6.15;6.39;6.15;6.2;3200000;62030;100;6;308;-17;;;;;
2026-04-22;O_THYAOE0526P330.00;THYAO_05/2026_AVRUPA_OPSIYON;D_EQ;SSO;D_EQ_EPP;DE_THYAO_EPP;THYAO.E;2026-05-25;12.04;10.76;11.9;0;0;0;0;0;0;0;0;0;119;0;;;;;
2026-04-22;O_THYAOE0526P340.00;THYAO_05/2026_AVRUPA_OPSIYON;D_EQ;SSO;D_EQ_EPP;DE_THYAO_EPP;THYAO.E;2026-05-25;17.11;15.42;10.96;0;0;0;0;0;0;0;0;0;2410;0;;;;;
2026-04-22;O_THYAOE0526P350.00;THYAO_05/2026_AVRUPA_OPSIYON;D_EQ;SSO;D_EQ_EPP;DE_THYAO_EPP;THYAO.E;2026-05-25;23.19;21.08;10.01;0;0;0;0;0;0;0;0;0;0;0;;;;;
2026-04-22;O_THYAOE0626C310.00;THYAO_06/2026_AVRUPA_OPSIYON;D_EQ;SSO;D_EQ_ECP;DE_THYAO_ECP;THYAO.E;2026-06-30;45.25;48.56;-6.82;0;0;0;0;0;0;0;0;0;10;0;;;;;
2026-04-22;O_THYAOE0626C320.00;THYAO_06/2026_AVRUPA_OPSIYON;D_EQ;SSO;D_EQ_ECP;DE_THYAO_ECP;THYAO.E;2026-06-30;38.45;41.6;-7.57;0;0;0;0;0;0;0;0;0;0;0;;;;;
2026-04-22;O_THYAOE0626C330.00;THYAO_06/2026_AVRUPA_OPSIYON;D_EQ;SSO;D_EQ_ECP;DE_THYAO_ECP;THYAO.E;2026-06-30;32.29;35.22;-8.32;0;0;0;0;0;0;0;0;0;0;0;;;;;
2026-04-22;O_THYAOE0626C340.00;THYAO_06/2026_AVRUPA_OPSIYON;D_EQ;SSO;D_EQ_ECP;DE_THYAO_ECP;THYAO.E;2026-06-30;26.8;29.5;-9.15;0;0;0;0;0;0;0;0;0;0;0;;;;;
2026-04-22;O_THYAOE0626C350.00;THYAO_06/2026_AVRUPA_OPSIYON;D_EQ;SSO;D_EQ_ECP;DE_THYAO_ECP;THYAO.E;2026-06-30;22.01;24.44;-9.94;0;0;0;0;0;0;0;0;0;0;0;;;;;
2026-04-22;O_THYAOE0626C360.00;THYAO_06/2026_AVRUPA_OPSIYON;D_EQ;SSO;D_EQ_ECP;DE_THYAO_ECP;THYAO.E;2026-06-30;17.89;20.04;-10.73;0;0;0;0;0;0;0;0;0;0;0;;;;;
2026-04-22;O_THYAOE0626C370.00;THYAO_06/2026_AVRUPA_OPSIYON;D_EQ;SSO;D_EQ_ECP;DE_THYAO_ECP;THYAO.E;2026-06-30;14.47;16.31;-11.28;0;0;0;0;0;0;0;0;0;0;0;;;;;
2026-04-22;O_THYAOE0626C380.00;THYAO_06/2026_AVRUPA_OPSIYON;D_EQ;SSO;D_EQ_ECP;DE_THYAO_ECP;THYAO.E;2026-06-30;11.6;13.18;-11.99;0;0;0;0;0;0;0;0;0;0;0;;;;;
2026-04-22;O_THYAOE0626C390.00;THYAO_06/2026_AVRUPA_OPSIYON;D_EQ;SSO;D_EQ_ECP;DE_THYAO_ECP;THYAO.E;2026-06-30;9.23;10.57;-12.68;0;0;0;0;0;0;0;0;0;0;0;;;;;
2026-04-22;O_THYAOE0626C400.00;THYAO_06/2026_AVRUPA_OPSIYON;D_EQ;SSO;D_EQ_ECP;DE_THYAO_ECP;THYAO.E;2026-06-30;7.3;8.41;-13.2;0;0;0;0;0;0;0;0;0;0;0;;;;;
2026-04-22;O_THYAOE0626C410.00;THYAO_06/2026_AVRUPA_OPSIYON;D_EQ;SSO;D_EQ_ECP;DE_THYAO_ECP;THYAO.E;2026-06-30;5.73;6.65;-13.83;0;0;0;0;0;0;0;0;0;0;0;;;;;
2026-04-22;O_THYAOE0626C420.00;THYAO_06/2026_AVRUPA_OPSIYON;D_EQ;SSO;D_EQ_ECP;DE_THYAO_ECP;THYAO.E;2026-06-30;4.48;5.22;-14.18;0;0;0;0;0;0;0;0;0;0;0;;;;;
2026-04-22;O_THYAOE0626P260.00;THYAO_06/2026_AVRUPA_OPSIYON;D_EQ;SSO;D_EQ_EPP;DE_THYAO_EPP;THYAO.E;2026-06-30;0.61;0.53;15.09;0;0;0;0;0;0;0;0;0;0;0;;;;;
2026-04-22;O_THYAOE0626P270.00;THYAO_06/2026_AVRUPA_OPSIYON;D_EQ;SSO;D_EQ_EPP;DE_THYAO_EPP;THYAO.E;2026-06-30;1.06;0.93;13.98;0;0;0;0;0;0;0;0;0;0;0;;;;;
2026-04-22;O_THYAOE0626P280.00;THYAO_06/2026_AVRUPA_OPSIYON;D_EQ;SSO;D_EQ_EPP;DE_THYAO_EPP;THYAO.E;2026-06-30;1.74;1.54;12.99;0;0;0;0;0;0;0;0;0;0;0;;;;;
2026-04-22;O_THYAOE0626P290.00;THYAO_06/2026_AVRUPA_OPSIYON;D_EQ;SSO;D_EQ_EPP;DE_THYAO_EPP;THYAO.E;2026-06-30;2.72;2.43;11.93;0;0;0;0;0;0;0;0;0;0;0;;;;;
2026-04-22;O_THYAOE0626P300.00;THYAO_06/2026_AVRUPA_OPSIYON;D_EQ;SSO;D_EQ_EPP;DE_THYAO_EPP;THYAO.E;2026-06-30;4.09;3.69;10.84;0;0;0;0;0;0;0;0;0;0;0;;;;;
2026-04-22;O_THYAOE0626P310.00;THYAO_06/2026_AVRUPA_OPSIYON;D_EQ;SSO;D_EQ_EPP;DE_THYAO_EPP;THYAO.E;2026-06-30;5.93;5.38;10.22;0;0;0;0;0;0;0;0;0;0;0;;;;;
2026-04-22;O_THYAOE0626P320.00;THYAO_06/2026_AVRUPA_OPSIYON;D_EQ;SSO;D_EQ_EPP;DE_THYAO_EPP;THYAO.E;2026-06-30;8.3;7.58;9.5;0;0;0;0;0;0;0;0;0;0;0;;;;;
2026-04-22;O_THYAOE0626P330.00;THYAO_06/2026_AVRUPA_OPSIYON;D_EQ;SSO;D_EQ_EPP;DE_THYAO_EPP;THYAO.E;2026-06-30;11.3;10.35;9.18;0;0;0;0;0;0;0;0;0;0;0;;;;;
2026-04-22;O_THYAOE0626P340.00;THYAO_06/2026_AVRUPA_OPSIYON;D_EQ;SSO;D_EQ_EPP;DE_THYAO_EPP;THYAO.E;2026-06-30;14.99;13.79;8.7;0;0;0;0;0;0;0;0;0;0;0;;;;;
2026-04-22;O_THYAOE0626P350.00;THYAO_06/2026_AVRUPA_OPSIYON;D_EQ;SSO;D_EQ_EPP;DE_THYAO_EPP;THYAO.E;2026-06-30;19.36;17.89;8.22;0;0;0;0;0;0;0;0;0;0;0;;;;;
2026-04-22;O_THYAOE0626P360.00;THYAO_06/2026_AVRUPA_OPSIYON;D_EQ;SSO;D_EQ_EPP;DE_THYAO_EPP;THYAO.E;2026-06-30;24.41;22.65;7.77;0;0;0;0;0;0;0;0;0;0;0;;;;;
2026-04-22;O_THYAOE0626P370.00;THYAO_06/2026_AVRUPA_OPSIYON;D_EQ;SSO;D_EQ_EPP;DE_THYAO_EPP;THYAO.E;2026-06-30;30.15;28.07;7.41;0;0;0;0;0;0;0;0;0;0;0;;;;;
2026-04-22;O_TOASOE0426C250.00;TOASO_04/2026_AVRUPA_OPSIYON;D_EQ;SSO;D_EQ_ECP;DE_TOASO_ECP;TOASO.E;2026-04-30;45.1;41.4;8.94;0;0;0;0;0;0;0;0;0;0;0;;;;;
2026-04-22;O_TOASOE0426C260.00;TOASO_04/2026_AVRUPA_OPSIYON;D_EQ;SSO;D_EQ_ECP;DE_TOASO_ECP;TOASO.E;2026-04-30;35.29;31.75;11.15;0;0;0;0;0;0;0;0;0;1;0;;;;;
2026-04-22;O_TOASOE0426C270.00;TOASO_04/2026_AVRUPA_OPSIYON;D_EQ;SSO;D_EQ_ECP;DE_TOASO_ECP;TOASO.E;2026-04-30;25.85;22.68;13.98;0;0;0;0;0;0;0;0;0;60;0;;;;;
2026-04-22;O_TOASOE0426C280.00;TOASO_04/2026_AVRUPA_OPSIYON;D_EQ;SSO;D_EQ_ECP;DE_TOASO_ECP;TOASO.E;2026-04-30;17.3;14.78;17.05;14.6;12.35;14.6;12.35;12.8;1400000;64000;50;5;3;-50;;;;;
2026-04-22;O_TOASOE0426C290.00;TOASO_04/2026_AVRUPA_OPSIYON;D_EQ;SSO;D_EQ_ECP;DE_TOASO_ECP;TOASO.E;2026-04-30;10.33;8.62;19.84;0;0;0;0;0;0;0;0;0;502;0;;;;;
2026-04-22;O_TOASOE0426C300.00;TOASO_04/2026_AVRUPA_OPSIYON;D_EQ;SSO;D_EQ_ECP;DE_TOASO_ECP;TOASO.E;2026-04-30;5.4;4.44;21.62;0;0;0;0;0;0;0;0;0;44;0;;;;;
2026-04-22;O_TOASOE0426C310.00;TOASO_04/2026_AVRUPA_OPSIYON;D_EQ;SSO;D_EQ_ECP;DE_TOASO_ECP;TOASO.E;2026-04-30;2.44;2;22;0;0;0;0;0;0;0;0;0;604;0;;;;;
2026-04-22;O_TOASOE0426C320.00;TOASO_04/2026_AVRUPA_OPSIYON;D_EQ;SSO;D_EQ_ECP;DE_TOASO_ECP;TOASO.E;2026-04-30;0.95;0.79;20.25;0;0;0;0;0;0;0;0;0;498;0;;;;;
2026-04-22;O_TOASOE0426C330.00;TOASO_04/2026_AVRUPA_OPSIYON;D_EQ;SSO;D_EQ_ECP;DE_TOASO_ECP;TOASO.E;2026-04-30;0.32;0.27;18.52;0;0;0;0;0;0;0;0;0;0;0;;;;;
2026-04-22;O_TOASOE0426C340.00;TOASO_04/2026_AVRUPA_OPSIYON;D_EQ;SSO;D_EQ_ECP;DE_TOASO_ECP;TOASO.E;2026-04-30;0.09;0.08;12.5;0;0;0;0;0;0;0;0;0;0;0;;;;;
2026-04-22;O_TOASOE0426C350.00;TOASO_04/2026_AVRUPA_OPSIYON;D_EQ;SSO;D_EQ_ECP;DE_TOASO_ECP;TOASO.E;2026-04-30;0.02;0.02;0;0;0;0;0;0;0;0;0;0;0;0;;;;;
2026-04-22;O_TOASOE0426C360.00;TOASO_04/2026_AVRUPA_OPSIYON;D_EQ;SSO;D_EQ_ECP;DE_TOASO_ECP;TOASO.E;2026-04-30;0.01;0.01;0;0;0;0;0;0;0;0;0;0;0;0;;;;;
2026-04-22;O_TOASOE0426C370.00;TOASO_04/2026_AVRUPA_OPSIYON;D_EQ;SSO;D_EQ_ECP;DE_TOASO_ECP;TOASO.E;2026-04-30;0.01;0.01;0;0;0;0;0;0;0;0;0;0;0;0;;;;;
2026-04-22;O_TOASOE0426C380.00;TOASO_04/2026_AVRUPA_OPSIYON;D_EQ;SSO;D_EQ_ECP;DE_TOASO_ECP;TOASO.E;2026-04-30;0.01;0.01;0;0;0;0;0;0;0;0;0;0;0;0;;;;;
2026-04-22;O_TOASOE0426C390.00;TOASO_04/2026_AVRUPA_OPSIYON;D_EQ;SSO;D_EQ_ECP;DE_TOASO_ECP;TOASO.E;2026-04-30;0.01;0.01;0;0;0;0;0;0;0;0;0;0;0;0;;;;;
2026-04-22;O_TOASOE0426C400.00;TOASO_04/2026_AVRUPA_OPSIYON;D_EQ;SSO;D_EQ_ECP;DE_TOASO_ECP;TOASO.E;2026-04-30;0.01;0.01;0;0;0;0;0;0;0;0;0;0;0;0;;;;;
2026-04-22;O_TOASOE0426C410.00;TOASO_04/2026_AVRUPA_OPSIYON;D_EQ;SSO;D_EQ_ECP;DE_TOASO_ECP;TOASO.E;2026-04-30;0.01;0.01;0;0;0;0;0;0;0;0;0;0;0;0;;;;;
2026-04-22;O_TOASOE0426C420.00;TOASO_04/2026_AVRUPA_OPSIYON;D_EQ;SSO;D_EQ_ECP;DE_TOASO_ECP;TOASO.E;2026-04-30;0.01;0.01;0;0;0;0;0;0;0;0;0;0;0;0;;;;;
2026-04-22;O_TOASOE0426C430.00;TOASO_04/2026_AVRUPA_OPSIYON;D_EQ;SSO;D_EQ_ECP;DE_TOASO_ECP;TOASO.E;2026-04-30;0.01;0.01;0;0;0;0;0;0;0;0;0;0;0;0;;;;;
2026-04-22;O_TOASOE0426P225.00;TOASO_04/2026_AVRUPA_OPSIYON;D_EQ;SSO;D_EQ_EPP;DE_TOASO_EPP;TOASO.E;2026-04-30;0.01;0.01;0;0;0;0;0;0;0;0;0;0;0;0;;;;;
2026-04-22;O_TOASOE0426P230.00;TOASO_04/2026_AVRUPA_OPSIYON;D_EQ;SSO;D_EQ_EPP;DE_TOASO_EPP;TOASO.E;2026-04-30;0.01;0.01;0;0;0;0;0;0;0;0;0;0;0;0;;;;;
2026-04-22;O_TOASOE0426P235.00;TOASO_04/2026_AVRUPA_OPSIYON;D_EQ;SSO;D_EQ_EPP;DE_TOASO_EPP;TOASO.E;2026-04-30;0.01;0.01;0;0;0;0;0;0;0;0;0;0;0;0;;;;;
2026-04-22;O_TOASOE0426P240.00;TOASO_04/2026_AVRUPA_OPSIYON;D_EQ;SSO;D_EQ_EPP;DE_TOASO_EPP;TOASO.E;2026-04-30;0.01;0.01;0;0;0;0;0;0;0;0;0;0;0;0;;;;;
2026-04-22;O_TOASOE0426P245.00;TOASO_04/2026_AVRUPA_OPSIYON;D_EQ;SSO;D_EQ_EPP;DE_TOASO_EPP;TOASO.E;2026-04-30;0.01;0.03;-66.67;0;0;0;0;0;0;0;0;0;0;0;;;;;
2026-04-22;O_TOASOE0426P250.00;TOASO_04/2026_AVRUPA_OPSIYON;D_EQ;SSO;D_EQ_EPP;DE_TOASO_EPP;TOASO.E;2026-04-30;0.02;0.07;-71.43;0;0;0;0;0;0;0;0;0;22;0;;;;;
2026-04-22;O_TOASOE0426P260.00;TOASO_04/2026_AVRUPA_OPSIYON;D_EQ;SSO;D_EQ_EPP;DE_TOASO_EPP;TOASO.E;2026-04-30;0.14;0.33;-57.58;0;0;0;0;0;0;0;0;0;128;0;;;;;
2026-04-22;O_TOASOE0426P270.00;TOASO_04/2026_AVRUPA_OPSIYON;D_EQ;SSO;D_EQ_EPP;DE_TOASO_EPP;TOASO.E;2026-04-30;0.61;1.16;-47.41;0;0;0;0;0;0;0;0;0;85;0;;;;;
2026-04-22;O_TOASOE0426P280.00;TOASO_04/2026_AVRUPA_OPSIYON;D_EQ;SSO;D_EQ_EPP;DE_TOASO_EPP;TOASO.E;2026-04-30;1.98;3.17;-37.54;2.35;2.35;2.35;2.35;2.35;840000;7050;30;3;55;30;;;;;
2026-04-22;O_TOASOE0426P290.00;TOASO_04/2026_AVRUPA_OPSIYON;D_EQ;SSO;D_EQ_EPP;DE_TOASO_EPP;TOASO.E;2026-04-30;4.93;6.92;-28.76;0;0;0;0;0;0;0;0;0;95;0;;;;;
2026-04-22;O_TOASOE0426P300.00;TOASO_04/2026_AVRUPA_OPSIYON;D_EQ;SSO;D_EQ_EPP;DE_TOASO_EPP;TOASO.E;2026-04-30;9.91;12.64;-21.6;14.25;14.25;14.25;14.25;14.25;1500000;71250;50;5;70;-50;;;;;
2026-04-22;O_TOASOE0426P310.00;TOASO_04/2026_AVRUPA_OPSIYON;D_EQ;SSO;D_EQ_EPP;DE_TOASO_EPP;TOASO.E;2026-04-30;16.87;20.11;-16.11;0;0;0;0;0;0;0;0;0;80;0;;;;;
2026-04-22;O_TOASOE0426P320.00;TOASO_04/2026_AVRUPA_OPSIYON;D_EQ;SSO;D_EQ_EPP;DE_TOASO_EPP;TOASO.E;2026-04-30;25.29;28.81;-12.22;0;0;0;0;0;0;0;0;0;50;0;;;;;
2026-04-22;O_TOASOE0426P330.00;TOASO_04/2026_AVRUPA_OPSIYON;D_EQ;SSO;D_EQ_EPP;DE_TOASO_EPP;TOASO.E;2026-04-30;34.58;38.2;-9.48;0;0;0;0;0;0;0;0;0;0;0;;;;;
2026-04-22;O_TOASOE0426P340.00;TOASO_04/2026_AVRUPA_OPSIYON;D_EQ;SSO;D_EQ_EPP;DE_TOASO_EPP;TOASO.E;2026-04-30;44.27;47.91;-7.6;0;0;0;0;0;0;0;0;0;0;0;;;;;
2026-04-22;O_TOASOE0426P350.00;TOASO_04/2026_AVRUPA_OPSIYON;D_EQ;SSO;D_EQ_EPP;DE_TOASO_EPP;TOASO.E;2026-04-30;54.12;57.76;-6.3;0;0;0;0;0;0;0;0;0;0;0;;;;;
2026-04-22;O_TOASOE0426P360.00;TOASO_04/2026_AVRUPA_OPSIYON;D_EQ;SSO;D_EQ_EPP;DE_TOASO_EPP;TOASO.E;2026-04-30;64.02;67.65;-5.37;0;0;0;0;0;0;0;0;0;0;0;;;;;
2026-04-22;O_TOASOE0426P370.00;TOASO_04/2026_AVRUPA_OPSIYON;D_EQ;SSO;D_EQ_EPP;DE_TOASO_EPP;TOASO.E;2026-04-30;73.93;77.55;-4.67;0;0;0;0;0;0;0;0;0;0;0;;;;;
2026-04-22;O_TOASOE0426P380.00;TOASO_04/2026_AVRUPA_OPSIYON;D_EQ;SSO;D_EQ_EPP;DE_TOASO_EPP;TOASO.E;2026-04-30;83.85;87.46;-4.13;0;0;0;0;0;0;0;0;0;0;0;;;;;
2026-04-22;O_TOASOE0526C260.00;TOASO_05/2026_AVRUPA_OPSIYON;D_EQ;SSO;D_EQ_ECP;DE_TOASO_ECP;TOASO.E;2026-05-25;43.73;40.56;7.82;0;0;0;0;0;0;0;0;0;0;0;;;;;
2026-04-22;O_TOASOE0526C270.00;TOASO_05/2026_AVRUPA_OPSIYON;D_EQ;SSO;D_EQ_ECP;DE_TOASO_ECP;TOASO.E;2026-05-25;35.64;32.78;8.72;0;0;0;0;0;0;0;0;0;0;0;;;;;
2026-04-22;O_TOASOE0526C280.00;TOASO_05/2026_AVRUPA_OPSIYON;D_EQ;SSO;D_EQ_ECP;DE_TOASO_ECP;TOASO.E;2026-05-25;28.33;25.83;9.68;0;0;0;0;0;0;0;0;0;10;0;;;;;
2026-04-22;O_TOASOE0526C290.00;TOASO_05/2026_AVRUPA_OPSIYON;D_EQ;SSO;D_EQ_ECP;DE_TOASO_ECP;TOASO.E;2026-05-25;21.93;19.82;10.65;0;0;0;0;0;0;0;0;0;10;0;;;;;
2026-04-22;O_TOASOE0526C300.00;TOASO_05/2026_AVRUPA_OPSIYON;D_EQ;SSO;D_EQ_ECP;DE_TOASO_ECP;TOASO.E;2026-05-25;16.52;14.81;11.55;0;0;0;0;0;0;0;0;0;1;0;;;;;
2026-04-22;O_TOASOE0526C310.00;TOASO_05/2026_AVRUPA_OPSIYON;D_EQ;SSO;D_EQ_ECP;DE_TOASO_ECP;TOASO.E;2026-05-25;12.11;10.77;12.44;0;0;0;0;0;0;0;0;0;0;0;;;;;
2026-04-22;O_TOASOE0526C320.00;TOASO_05/2026_AVRUPA_OPSIYON;D_EQ;SSO;D_EQ_ECP;DE_TOASO_ECP;TOASO.E;2026-05-25;8.63;7.63;13.11;6.55;6.5;6.55;6.5;6.51;5088000;103565;159;5;159;159;;;;;
2026-04-22;O_TOASOE0526C330.00;TOASO_05/2026_AVRUPA_OPSIYON;D_EQ;SSO;D_EQ_ECP;DE_TOASO_ECP;TOASO.E;2026-05-25;5.99;5.26;13.88;0;0;0;0;0;0;0;0;0;0;0;;;;;
2026-04-22;O_TOASOE0526C340.00;TOASO_05/2026_AVRUPA_OPSIYON;D_EQ;SSO;D_EQ_ECP;DE_TOASO_ECP;TOASO.E;2026-05-25;4.05;3.54;14.41;0;0;0;0;0;0;0;0;0;0;0;;;;;
2026-04-22;O_TOASOE0526C350.00;TOASO_05/2026_AVRUPA_OPSIYON;D_EQ;SSO;D_EQ_ECP;DE_TOASO_ECP;TOASO.E;2026-05-25;2.67;2.32;15.09;0;0;0;0;0;0;0;0;0;0;0;;;;;
2026-04-22;O_TOASOE0526C360.00;TOASO_05/2026_AVRUPA_OPSIYON;D_EQ;SSO;D_EQ_ECP;DE_TOASO_ECP;TOASO.E;2026-05-25;1.72;1.49;15.44;0;0;0;0;0;0;0;0;0;0;0;;;;;
2026-04-22;O_TOASOE0526C370.00;TOASO_05/2026_AVRUPA_OPSIYON;D_EQ;SSO;D_EQ_ECP;DE_TOASO_ECP;TOASO.E;2026-05-25;1.08;0.94;14.89;0;0;0;0;0;0;0;0;0;0;0;;;;;
2026-04-22;O_TOASOE0526C380.00;TOASO_05/2026_AVRUPA_OPSIYON;D_EQ;SSO;D_EQ_ECP;DE_TOASO_ECP;TOASO.E;2026-05-25;0.66;0.58;13.79;0;0;0;0;0;0;0;0;0;0;0;;;;;
2026-04-22;O_TOASOE0526C390.00;TOASO_05/2026_AVRUPA_OPSIYON;D_EQ;SSO;D_EQ_ECP;DE_TOASO_ECP;TOASO.E;2026-05-25;0.4;0.35;14.29;0;0;0;0;0;0;0;0;0;0;0;;;;;
2026-04-22;O_TOASOE0526C400.00;TOASO_05/2026_AVRUPA_OPSIYON;D_EQ;SSO;D_EQ_ECP;DE_TOASO_ECP;TOASO.E;2026-05-25;0.24;0.21;14.29;0;0;0;0;0;0;0;0;0;0;0;;;;;
2026-04-22;O_TOASOE0526P230.00;TOASO_05/2026_AVRUPA_OPSIYON;D_EQ;SSO;D_EQ_EPP;DE_TOASO_EPP;TOASO.E;2026-05-25;0.18;0.27;-33.33;0;0;0;0;0;0;0;0;0;0;0;;;;;
2026-04-22;O_TOASOE0526P235.00;TOASO_05/2026_AVRUPA_OPSIYON;D_EQ;SSO;D_EQ_EPP;DE_TOASO_EPP;TOASO.E;2026-05-25;0.29;0.42;-30.95;0;0;0;0;0;0;0;0;0;12;0;;;;;
2026-04-22;O_TOASOE0526P240.00;TOASO_05/2026_AVRUPA_OPSIYON;D_EQ;SSO;D_EQ_EPP;DE_TOASO_EPP;TOASO.E;2026-05-25;0.45;0.63;-28.57;0;0;0;0;0;0;0;0;0;0;0;;;;;
2026-04-22;O_TOASOE0526P245.00;TOASO_05/2026_AVRUPA_OPSIYON;D_EQ;SSO;D_EQ_EPP;DE_TOASO_EPP;TOASO.E;2026-05-25;0.68;0.93;-26.88;0;0;0;0;0;0;0;0;0;0;0;;;;;
2026-04-22;O_TOASOE0526P250.00;TOASO_05/2026_AVRUPA_OPSIYON;D_EQ;SSO;D_EQ_EPP;DE_TOASO_EPP;TOASO.E;2026-05-25;0.99;1.33;-25.56;0;0;0;0;0;0;0;0;0;0;0;;;;;
2026-04-22;O_TOASOE0526P260.00;TOASO_05/2026_AVRUPA_OPSIYON;D_EQ;SSO;D_EQ_EPP;DE_TOASO_EPP;TOASO.E;2026-05-25;1.95;2.52;-22.62;0;0;0;0;0;0;0;0;0;0;0;;;;;
2026-04-22;O_TOASOE0526P270.00;TOASO_05/2026_AVRUPA_OPSIYON;D_EQ;SSO;D_EQ_EPP;DE_TOASO_EPP;TOASO.E;2026-05-25;3.52;4.39;-19.82;0;0;0;0;0;0;0;0;0;0;0;;;;;
2026-04-22;O_TOASOE0526P280.00;TOASO_05/2026_AVRUPA_OPSIYON;D_EQ;SSO;D_EQ_EPP;DE_TOASO_EPP;TOASO.E;2026-05-25;5.87;7.09;-17.21;0;0;0;0;0;0;0;0;0;0;0;;;;;
2026-04-22;O_TOASOE0526P290.00;TOASO_05/2026_AVRUPA_OPSIYON;D_EQ;SSO;D_EQ_EPP;DE_TOASO_EPP;TOASO.E;2026-05-25;9.14;10.74;-14.9;0;0;0;0;0;0;0;0;0;0;0;;;;;
2026-04-22;O_TOASOE0526P300.00;TOASO_05/2026_AVRUPA_OPSIYON;D_EQ;SSO;D_EQ_EPP;DE_TOASO_EPP;TOASO.E;2026-05-25;13.39;15.38;-12.94;0;0;0;0;0;0;0;0;0;0;0;;;;;
2026-04-22;O_TOASOE0526P310.00;TOASO_05/2026_AVRUPA_OPSIYON;D_EQ;SSO;D_EQ_EPP;DE_TOASO_EPP;TOASO.E;2026-05-25;18.64;20.99;-11.2;0;0;0;0;0;0;0;0;0;20;0;;;;;
2026-04-22;O_TOASOE0526P320.00;TOASO_05/2026_AVRUPA_OPSIYON;D_EQ;SSO;D_EQ_EPP;DE_TOASO_EPP;TOASO.E;2026-05-25;24.83;27.5;-9.71;0;0;0;0;0;0;0;0;0;0;0;;;;;
2026-04-22;O_TOASOE0526P330.00;TOASO_05/2026_AVRUPA_OPSIYON;D_EQ;SSO;D_EQ_EPP;DE_TOASO_EPP;TOASO.E;2026-05-25;31.85;34.79;-8.45;0;0;0;0;0;0;0;0;0;0;0;;;;;
2026-04-22;O_TOASOE0526P340.00;TOASO_05/2026_AVRUPA_OPSIYON;D_EQ;SSO;D_EQ_EPP;DE_TOASO_EPP;TOASO.E;2026-05-25;39.57;42.72;-7.37;0;0;0;0;0;0;0;0;0;0;0;;;;;
2026-04-22;O_TOASOE0526P350.00;TOASO_05/2026_AVRUPA_OPSIYON;D_EQ;SSO;D_EQ_EPP;DE_TOASO_EPP;TOASO.E;2026-05-25;47.85;51.15;-6.45;0;0;0;0;0;0;0;0;0;0;0;;;;;
2026-04-22;O_TOASOE0626C270.00;TOASO_06/2026_AVRUPA_OPSIYON;D_EQ;SSO;D_EQ_ECP;DE_TOASO_ECP;TOASO.E;2026-06-30;50.4;47.48;6.15;0;0;0;0;0;0;0;0;0;0;0;;;;;
2026-04-22;O_TOASOE0626C280.00;TOASO_06/2026_AVRUPA_OPSIYON;D_EQ;SSO;D_EQ_ECP;DE_TOASO_ECP;TOASO.E;2026-06-30;43.41;40.72;6.61;0;0;0;0;0;0;0;0;0;0;0;;;;;
2026-04-22;O_TOASOE0626C290.00;TOASO_06/2026_AVRUPA_OPSIYON;D_EQ;SSO;D_EQ_ECP;DE_TOASO_ECP;TOASO.E;2026-06-30;36.99;34.55;7.06;0;0;0;0;0;0;0;0;0;0;0;;;;;
2026-04-22;O_TOASOE0626C300.00;TOASO_06/2026_AVRUPA_OPSIYON;D_EQ;SSO;D_EQ_ECP;DE_TOASO_ECP;TOASO.E;2026-06-30;31.19;29.01;7.51;0;0;0;0;0;0;0;0;0;0;0;;;;;
2026-04-22;O_TOASOE0626C310.00;TOASO_06/2026_AVRUPA_OPSIYON;D_EQ;SSO;D_EQ_ECP;DE_TOASO_ECP;TOASO.E;2026-06-30;26.02;24.11;7.92;0;0;0;0;0;0;0;0;0;0;0;;;;;
2026-04-22;O_TOASOE0626C320.00;TOASO_06/2026_AVRUPA_OPSIYON;D_EQ;SSO;D_EQ_ECP;DE_TOASO_ECP;TOASO.E;2026-06-30;21.49;19.84;8.32;0;0;0;0;0;0;0;0;0;0;0;;;;;
2026-04-22;O_TOASOE0626C330.00;TOASO_06/2026_AVRUPA_OPSIYON;D_EQ;SSO;D_EQ_ECP;DE_TOASO_ECP;TOASO.E;2026-06-30;17.57;16.16;8.73;0;0;0;0;0;0;0;0;0;0;0;;;;;
2026-04-22;O_TOASOE0626C340.00;TOASO_06/2026_AVRUPA_OPSIYON;D_EQ;SSO;D_EQ_ECP;DE_TOASO_ECP;TOASO.E;2026-06-30;14.22;13.04;9.05;0;0;0;0;0;0;0;0;0;0;0;;;;;
2026-04-22;O_TOASOE0626C350.00;TOASO_06/2026_AVRUPA_OPSIYON;D_EQ;SSO;D_EQ_ECP;DE_TOASO_ECP;TOASO.E;2026-06-30;11.41;10.42;9.5;0;0;0;0;0;0;0;0;0;0;0;;;;;
2026-04-22;O_TOASOE0626C360.00;TOASO_06/2026_AVRUPA_OPSIYON;D_EQ;SSO;D_EQ_ECP;DE_TOASO_ECP;TOASO.E;2026-06-30;9.07;8.26;9.81;0;0;0;0;0;0;0;0;0;0;0;;;;;
2026-04-22;O_TOASOE0626C370.00;TOASO_06/2026_AVRUPA_OPSIYON;D_EQ;SSO;D_EQ_ECP;DE_TOASO_ECP;TOASO.E;2026-06-30;7.15;6.49;10.17;0;0;0;0;0;0;0;0;0;0;0;;;;;
2026-04-22;O_TOASOE0626C380.00;TOASO_06/2026_AVRUPA_OPSIYON;D_EQ;SSO;D_EQ_ECP;DE_TOASO_ECP;TOASO.E;2026-06-30;5.59;5.06;10.47;0;0;0;0;0;0;0;0;0;0;0;;;;;
2026-04-22;O_TOASOE0626P235.00;TOASO_06/2026_AVRUPA_OPSIYON;D_EQ;SSO;D_EQ_EPP;DE_TOASO_EPP;TOASO.E;2026-06-30;0.94;1.16;-18.97;0;0;0;0;0;0;0;0;0;0;0;;;;;
2026-04-22;O_TOASOE0626P240.00;TOASO_06/2026_AVRUPA_OPSIYON;D_EQ;SSO;D_EQ_EPP;DE_TOASO_EPP;TOASO.E;2026-06-30;1.24;1.52;-18.42;0;0;0;0;0;0;0;0;0;0;0;;;;;
2026-04-22;O_TOASOE0626P245.00;TOASO_06/2026_AVRUPA_OPSIYON;D_EQ;SSO;D_EQ_EPP;DE_TOASO_EPP;TOASO.E;2026-06-30;1.62;1.95;-16.92;0;0;0;0;0;0;0;0;0;0;0;;;;;
2026-04-22;O_TOASOE0626P250.00;TOASO_06/2026_AVRUPA_OPSIYON;D_EQ;SSO;D_EQ_EPP;DE_TOASO_EPP;TOASO.E;2026-06-30;2.07;2.48;-16.53;0;0;0;0;0;0;0;0;0;0;0;;;;;
2026-04-22;O_TOASOE0626P260.00;TOASO_06/2026_AVRUPA_OPSIYON;D_EQ;SSO;D_EQ_EPP;DE_TOASO_EPP;TOASO.E;2026-06-30;3.27;3.84;-14.84;0;0;0;0;0;0;0;0;0;0;0;;;;;
2026-04-22;O_TOASOE0626P270.00;TOASO_06/2026_AVRUPA_OPSIYON;D_EQ;SSO;D_EQ_EPP;DE_TOASO_EPP;TOASO.E;2026-06-30;4.92;5.69;-13.53;0;0;0;0;0;0;0;0;0;0;0;;;;;
2026-04-22;O_TOASOE0626P280.00;TOASO_06/2026_AVRUPA_OPSIYON;D_EQ;SSO;D_EQ_EPP;DE_TOASO_EPP;TOASO.E;2026-06-30;7.09;8.08;-12.25;0;0;0;0;0;0;0;0;0;0;0;;;;;
2026-04-22;O_TOASOE0626P290.00;TOASO_06/2026_AVRUPA_OPSIYON;D_EQ;SSO;D_EQ_EPP;DE_TOASO_EPP;TOASO.E;2026-06-30;9.83;11.07;-11.2;0;0;0;0;0;0;0;0;0;0;0;;;;;
2026-04-22;O_TOASOE0626P300.00;TOASO_06/2026_AVRUPA_OPSIYON;D_EQ;SSO;D_EQ_EPP;DE_TOASO_EPP;TOASO.E;2026-06-30;13.2;14.68;-10.08;0;0;0;0;0;0;0;0;0;0;0;;;;;
2026-04-22;O_TOASOE0626P310.00;TOASO_06/2026_AVRUPA_OPSIYON;D_EQ;SSO;D_EQ_EPP;DE_TOASO_EPP;TOASO.E;2026-06-30;17.2;18.94;-9.19;0;0;0;0;0;0;0;0;0;0;0;;;;;
2026-04-22;O_TOASOE0626P320.00;TOASO_06/2026_AVRUPA_OPSIYON;D_EQ;SSO;D_EQ_EPP;DE_TOASO_EPP;TOASO.E;2026-06-30;21.84;23.81;-8.27;0;0;0;0;0;0;0;0;0;0;0;;;;;
2026-04-22;O_TOASOE0626P330.00;TOASO_06/2026_AVRUPA_OPSIYON;D_EQ;SSO;D_EQ_EPP;DE_TOASO_EPP;TOASO.E;2026-06-30;27.08;29.29;-7.55;0;0;0;0;0;0;0;0;0;0;0;;;;;
2026-04-22;O_TTKOME0426C56.00;TTKOM_04/2026_AVRUPA_OPSIYON;D_EQ;SSO;D_EQ_ECP;DE_TTKOM_ECP;TTKOM.E;2026-04-30;8.13;9.63;-15.58;0;0;0;0;0;0;0;0;0;0;0;;;;;
2026-04-22;O_TTKOME0426C58.00;TTKOM_04/2026_AVRUPA_OPSIYON;D_EQ;SSO;D_EQ_ECP;DE_TTKOM_ECP;TTKOM.E;2026-04-30;6.2;7.68;-19.27;0;0;0;0;0;0;0;0;0;50;0;;;;;
2026-04-22;O_TTKOME0426C60.00;TTKOM_04/2026_AVRUPA_OPSIYON;D_EQ;SSO;D_EQ_ECP;DE_TTKOM_ECP;TTKOM.E;2026-04-30;4.38;5.79;-24.35;0;0;0;0;0;0;0;0;0;102;0;;;;;
2026-04-22;O_TTKOME0426C62.00;TTKOM_04/2026_AVRUPA_OPSIYON;D_EQ;SSO;D_EQ_ECP;DE_TTKOM_ECP;TTKOM.E;2026-04-30;2.81;4.07;-30.96;2.56;2.56;2.56;2.56;2.56;620000;25600;100;4;77;52;;;;;
2026-04-22;O_TTKOME0426C64.00;TTKOM_04/2026_AVRUPA_OPSIYON;D_EQ;SSO;D_EQ_ECP;DE_TTKOM_ECP;TTKOM.E;2026-04-30;1.59;2.61;-39.08;1.96;1.96;1.96;1.96;1.96;640000;19600;100;4;30;-46;;;;;
2026-04-22;O_TTKOME0426C66.00;TTKOM_04/2026_AVRUPA_OPSIYON;D_EQ;SSO;D_EQ_ECP;DE_TTKOM_ECP;TTKOM.E;2026-04-30;0.79;1.51;-47.68;1;1;1;1;1;165000;2500;25;1;782;0;;;;;
2026-04-22;O_TTKOME0426C68.00;TTKOM_04/2026_AVRUPA_OPSIYON;D_EQ;SSO;D_EQ_ECP;DE_TTKOM_ECP;TTKOM.E;2026-04-30;0.34;0.78;-56.41;0;0;0;0;0;0;0;0;0;51;0;;;;;
2026-04-22;O_TTKOME0426C70.00;TTKOM_04/2026_AVRUPA_OPSIYON;D_EQ;SSO;D_EQ_ECP;DE_TTKOM_ECP;TTKOM.E;2026-04-30;0.13;0.36;-63.89;0;0;0;0;0;0;0;0;0;3;0;;;;;
2026-04-22;O_TTKOME0426C72.00;TTKOM_04/2026_AVRUPA_OPSIYON;D_EQ;SSO;D_EQ_ECP;DE_TTKOM_ECP;TTKOM.E;2026-04-30;0.05;0.14;-64.29;0;0;0;0;0;0;0;0;0;0;0;;;;;
2026-04-22;O_TTKOME0426C74.00;TTKOM_04/2026_AVRUPA_OPSIYON;D_EQ;SSO;D_EQ_ECP;DE_TTKOM_ECP;TTKOM.E;2026-04-30;0.01;0.05;-80;0;0;0;0;0;0;0;0;0;0;0;;;;;
2026-04-22;O_TTKOME0426C76.00;TTKOM_04/2026_AVRUPA_OPSIYON;D_EQ;SSO;D_EQ_ECP;DE_TTKOM_ECP;TTKOM.E;2026-04-30;0.01;0.02;-50;0;0;0;0;0;0;0;0;0;0;0;;;;;
2026-04-22;O_TTKOME0426C78.00;TTKOM_04/2026_AVRUPA_OPSIYON;D_EQ;SSO;D_EQ_ECP;DE_TTKOM_ECP;TTKOM.E;2026-04-30;0.01;0.01;0;0;0;0;0;0;0;0;0;0;0;0;;;;;
2026-04-22;O_TTKOME0426C80.00;TTKOM_04/2026_AVRUPA_OPSIYON;D_EQ;SSO;D_EQ_ECP;DE_TTKOM_ECP;TTKOM.E;2026-04-30;0.01;0.01;0;0;0;0;0;0;0;0;0;0;0;0;;;;;
2026-04-22;O_TTKOME0426C82.00;TTKOM_04/2026_AVRUPA_OPSIYON;D_EQ;SSO;D_EQ_ECP;DE_TTKOM_ECP;TTKOM.E;2026-04-30;0.01;0.01;0;0;0;0;0;0;0;0;0;0;0;0;;;;;
2026-04-22;O_TTKOME0426C84.00;TTKOM_04/2026_AVRUPA_OPSIYON;D_EQ;SSO;D_EQ_ECP;DE_TTKOM_ECP;TTKOM.E;2026-04-30;0.01;0.01;0;0;0;0;0;0;0;0;0;0;0;0;;;;;
2026-04-22;O_TTKOME0426C86.00;TTKOM_04/2026_AVRUPA_OPSIYON;D_EQ;SSO;D_EQ_ECP;DE_TTKOM_ECP;TTKOM.E;2026-04-30;0.01;0.01;0;0;0;0;0;0;0;0;0;0;0;0;;;;;
2026-04-22;O_TTKOME0426C88.00;TTKOM_04/2026_AVRUPA_OPSIYON;D_EQ;SSO;D_EQ_ECP;DE_TTKOM_ECP;TTKOM.E;2026-04-30;0.01;0.01;0;0;0;0;0;0;0;0;0;0;0;0;;;;;
2026-04-22;O_TTKOME0426C90.00;TTKOM_04/2026_AVRUPA_OPSIYON;D_EQ;SSO;D_EQ_ECP;DE_TTKOM_ECP;TTKOM.E;2026-04-30;0.01;0.01;0;0;0;0;0;0;0;0;0;0;0;0;;;;;
2026-04-22;O_TTKOME0426P48.00;TTKOM_04/2026_AVRUPA_OPSIYON;D_EQ;SSO;D_EQ_EPP;DE_TTKOM_EPP;TTKOM.E;2026-04-30;0.01;0.01;0;0;0;0;0;0;0;0;0;0;0;0;;;;;
2026-04-22;O_TTKOME0426P49.00;TTKOM_04/2026_AVRUPA_OPSIYON;D_EQ;SSO;D_EQ_EPP;DE_TTKOM_EPP;TTKOM.E;2026-04-30;0.01;0.01;0;0;0;0;0;0;0;0;0;0;0;0;;;;;
2026-04-22;O_TTKOME0426P50.00;TTKOM_04/2026_AVRUPA_OPSIYON;D_EQ;SSO;D_EQ_EPP;DE_TTKOM_EPP;TTKOM.E;2026-04-30;0.01;0.01;0;0;0;0;0;0;0;0;0;0;0;0;;;;;
2026-04-22;O_TTKOME0426P52.00;TTKOM_04/2026_AVRUPA_OPSIYON;D_EQ;SSO;D_EQ_EPP;DE_TTKOM_EPP;TTKOM.E;2026-04-30;0.01;0.01;0;0;0;0;0;0;0;0;0;0;40;0;;;;;
2026-04-22;O_TTKOME0426P54.00;TTKOM_04/2026_AVRUPA_OPSIYON;D_EQ;SSO;D_EQ_EPP;DE_TTKOM_EPP;TTKOM.E;2026-04-30;0.01;0.01;0;0;0;0;0;0;0;0;0;0;1883;0;;;;;
2026-04-22;O_TTKOME0426P56.00;TTKOM_04/2026_AVRUPA_OPSIYON;D_EQ;SSO;D_EQ_EPP;DE_TTKOM_EPP;TTKOM.E;2026-04-30;0.02;0.01;100;0;0;0;0;0;0;0;0;0;96;0;;;;;
2026-04-22;O_TTKOME0426P58.00;TTKOM_04/2026_AVRUPA_OPSIYON;D_EQ;SSO;D_EQ_EPP;DE_TTKOM_EPP;TTKOM.E;2026-04-30;0.07;0.04;75;0;0;0;0;0;0;0;0;0;1860;0;;;;;
2026-04-22;O_TTKOME0426P60.00;TTKOM_04/2026_AVRUPA_OPSIYON;D_EQ;SSO;D_EQ_EPP;DE_TTKOM_EPP;TTKOM.E;2026-04-30;0.24;0.13;84.62;0;0;0;0;0;0;0;0;0;388;0;;;;;
2026-04-22;O_TTKOME0426P62.00;TTKOM_04/2026_AVRUPA_OPSIYON;D_EQ;SSO;D_EQ_EPP;DE_TTKOM_EPP;TTKOM.E;2026-04-30;0.64;0.39;64.1;0;0;0;0;0;0;0;0;0;456;0;;;;;
2026-04-22;O_TTKOME0426P64.00;TTKOM_04/2026_AVRUPA_OPSIYON;D_EQ;SSO;D_EQ_EPP;DE_TTKOM_EPP;TTKOM.E;2026-04-30;1.41;0.92;53.26;1.56;1.54;1.58;1.58;1.57;800000;19600;125;5;1333;0;;;;;
2026-04-22;O_TTKOME0426P66.00;TTKOM_04/2026_AVRUPA_OPSIYON;D_EQ;SSO;D_EQ_EPP;DE_TTKOM_EPP;TTKOM.E;2026-04-30;2.6;1.8;44.44;0;0;0;0;0;0;0;0;0;200;0;;;;;
2026-04-22;O_TTKOME0426P68.00;TTKOM_04/2026_AVRUPA_OPSIYON;D_EQ;SSO;D_EQ_EPP;DE_TTKOM_EPP;TTKOM.E;2026-04-30;4.13;3.05;35.41;3.58;3.58;3.58;3.58;3.58;680000;35800;100;4;150;100;;;;;
2026-04-22;O_TTKOME0426P70.00;TTKOM_04/2026_AVRUPA_OPSIYON;D_EQ;SSO;D_EQ_EPP;DE_TTKOM_EPP;TTKOM.E;2026-04-30;5.9;4.6;28.26;0;0;0;0;0;0;0;0;0;75;0;;;;;
2026-04-22;O_TTKOME0426P72.00;TTKOM_04/2026_AVRUPA_OPSIYON;D_EQ;SSO;D_EQ_EPP;DE_TTKOM_EPP;TTKOM.E;2026-04-30;7.8;6.37;22.45;0;0;0;0;0;0;0;0;0;0;0;;;;;
2026-04-22;O_TTKOME0426P74.00;TTKOM_04/2026_AVRUPA_OPSIYON;D_EQ;SSO;D_EQ_EPP;DE_TTKOM_EPP;TTKOM.E;2026-04-30;9.75;8.26;18.04;0;0;0;0;0;0;0;0;0;0;0;;;;;
2026-04-22;O_TTKOME0426P76.00;TTKOM_04/2026_AVRUPA_OPSIYON;D_EQ;SSO;D_EQ_EPP;DE_TTKOM_EPP;TTKOM.E;2026-04-30;11.72;10.21;14.79;0;0;0;0;0;0;0;0;0;0;0;;;;;
2026-04-22;O_TTKOME0426P78.00;TTKOM_04/2026_AVRUPA_OPSIYON;D_EQ;SSO;D_EQ_EPP;DE_TTKOM_EPP;TTKOM.E;2026-04-30;13.7;12.18;12.48;0;0;0;0;0;0;0;0;0;0;0;;;;;
2026-04-22;O_TTKOME0426P80.00;TTKOM_04/2026_AVRUPA_OPSIYON;D_EQ;SSO;D_EQ_EPP;DE_TTKOM_EPP;TTKOM.E;2026-04-30;15.69;14.16;10.81;0;0;0;0;0;0;0;0;0;0;0;;;;;
2026-04-22;O_TTKOME0526C58.00;TTKOM_05/2026_AVRUPA_OPSIYON;D_EQ;SSO;D_EQ_ECP;DE_TTKOM_ECP;TTKOM.E;2026-05-25;8.18;9.51;-13.99;0;0;0;0;0;0;0;0;0;0;0;;;;;
2026-04-22;O_TTKOME0526C60.00;TTKOM_05/2026_AVRUPA_OPSIYON;D_EQ;SSO;D_EQ_ECP;DE_TTKOM_ECP;TTKOM.E;2026-05-25;6.62;7.88;-15.99;0;0;0;0;0;0;0;0;0;0;0;;;;;
2026-04-22;O_TTKOME0526C62.00;TTKOM_05/2026_AVRUPA_OPSIYON;D_EQ;SSO;D_EQ_ECP;DE_TTKOM_ECP;TTKOM.E;2026-05-25;5.21;6.39;-18.47;0;0;0;0;0;0;0;0;0;0;0;;;;;
2026-04-22;O_TTKOME0526C64.00;TTKOM_05/2026_AVRUPA_OPSIYON;D_EQ;SSO;D_EQ_ECP;DE_TTKOM_ECP;TTKOM.E;2026-05-25;4.01;5.06;-20.75;0;0;0;0;0;0;0;0;0;0;0;;;;;
2026-04-22;O_TTKOME0526C66.00;TTKOM_05/2026_AVRUPA_OPSIYON;D_EQ;SSO;D_EQ_ECP;DE_TTKOM_ECP;TTKOM.E;2026-05-25;3;3.91;-23.27;0;0;0;0;0;0;0;0;0;50;0;;;;;
2026-04-22;O_TTKOME0526C68.00;TTKOM_05/2026_AVRUPA_OPSIYON;D_EQ;SSO;D_EQ_ECP;DE_TTKOM_ECP;TTKOM.E;2026-05-25;2.19;2.95;-25.76;0;0;0;0;0;0;0;0;0;0;0;;;;;
2026-04-22;O_TTKOME0526C70.00;TTKOM_05/2026_AVRUPA_OPSIYON;D_EQ;SSO;D_EQ_ECP;DE_TTKOM_ECP;TTKOM.E;2026-05-25;1.57;2.17;-27.65;0;0;0;0;0;0;0;0;0;0;0;;;;;
2026-04-22;O_TTKOME0526C72.00;TTKOM_05/2026_AVRUPA_OPSIYON;D_EQ;SSO;D_EQ_ECP;DE_TTKOM_ECP;TTKOM.E;2026-05-25;1.11;1.56;-28.85;0;0;0;0;0;0;0;0;0;0;0;;;;;
2026-04-22;O_TTKOME0526C74.00;TTKOM_05/2026_AVRUPA_OPSIYON;D_EQ;SSO;D_EQ_ECP;DE_TTKOM_ECP;TTKOM.E;2026-05-25;0.77;1.1;-30;0;0;0;0;0;0;0;0;0;1;0;;;;;
2026-04-22;O_TTKOME0526C76.00;TTKOM_05/2026_AVRUPA_OPSIYON;D_EQ;SSO;D_EQ_ECP;DE_TTKOM_ECP;TTKOM.E;2026-05-25;0.53;0.75;-29.33;0;0;0;0;0;0;0;0;0;0;0;;;;;
2026-04-22;O_TTKOME0526C78.00;TTKOM_05/2026_AVRUPA_OPSIYON;D_EQ;SSO;D_EQ_ECP;DE_TTKOM_ECP;TTKOM.E;2026-05-25;0.35;0.5;-30;0;0;0;0;0;0;0;0;0;1;0;;;;;
2026-04-22;O_TTKOME0526C80.00;TTKOM_05/2026_AVRUPA_OPSIYON;D_EQ;SSO;D_EQ_ECP;DE_TTKOM_ECP;TTKOM.E;2026-05-25;0.24;0.33;-27.27;0;0;0;0;0;0;0;0;0;0;0;;;;;
2026-04-22;O_TTKOME0526C82.00;TTKOM_05/2026_AVRUPA_OPSIYON;D_EQ;SSO;D_EQ_ECP;DE_TTKOM_ECP;TTKOM.E;2026-05-25;0.16;0.21;-23.81;0;0;0;0;0;0;0;0;0;0;0;;;;;
2026-04-22;O_TTKOME0526C84.00;TTKOM_05/2026_AVRUPA_OPSIYON;D_EQ;SSO;D_EQ_ECP;DE_TTKOM_ECP;TTKOM.E;2026-05-25;0.1;0.13;-23.08;0;0;0;0;0;0;0;0;0;0;0;;;;;
2026-04-22;O_TTKOME0526C86.00;TTKOM_05/2026_AVRUPA_OPSIYON;D_EQ;SSO;D_EQ_ECP;DE_TTKOM_ECP;TTKOM.E;2026-05-25;0.07;0.08;-12.5;0;0;0;0;0;0;0;0;0;0;0;;;;;
2026-04-22;O_TTKOME0526P49.00;TTKOM_05/2026_AVRUPA_OPSIYON;D_EQ;SSO;D_EQ_EPP;DE_TTKOM_EPP;TTKOM.E;2026-05-25;0.02;0.01;100;0;0;0;0;0;0;0;0;0;60;0;;;;;
2026-04-22;O_TTKOME0526P50.00;TTKOM_05/2026_AVRUPA_OPSIYON;D_EQ;SSO;D_EQ_EPP;DE_TTKOM_EPP;TTKOM.E;2026-05-25;0.04;0.02;100;0;0;0;0;0;0;0;0;0;0;0;;;;;
2026-04-22;O_TTKOME0526P52.00;TTKOM_05/2026_AVRUPA_OPSIYON;D_EQ;SSO;D_EQ_EPP;DE_TTKOM_EPP;TTKOM.E;2026-05-25;0.08;0.04;100;0;0;0;0;0;0;0;0;0;0;0;;;;;
2026-04-22;O_TTKOME0526P54.00;TTKOM_05/2026_AVRUPA_OPSIYON;D_EQ;SSO;D_EQ_EPP;DE_TTKOM_EPP;TTKOM.E;2026-05-25;0.17;0.1;70;0;0;0;0;0;0;0;0;0;0;0;;;;;
2026-04-22;O_TTKOME0526P56.00;TTKOM_05/2026_AVRUPA_OPSIYON;D_EQ;SSO;D_EQ_EPP;DE_TTKOM_EPP;TTKOM.E;2026-05-25;0.32;0.21;52.38;0;0;0;0;0;0;0;0;0;0;0;;;;;
2026-04-22;O_TTKOME0526P58.00;TTKOM_05/2026_AVRUPA_OPSIYON;D_EQ;SSO;D_EQ_EPP;DE_TTKOM_EPP;TTKOM.E;2026-05-25;0.57;0.4;42.5;0;0;0;0;0;0;0;0;0;0;0;;;;;
2026-04-22;O_TTKOME0526P60.00;TTKOM_05/2026_AVRUPA_OPSIYON;D_EQ;SSO;D_EQ_EPP;DE_TTKOM_EPP;TTKOM.E;2026-05-25;0.94;0.69;36.23;0;0;0;0;0;0;0;0;0;40;0;;;;;
2026-04-22;O_TTKOME0526P62.00;TTKOM_05/2026_AVRUPA_OPSIYON;D_EQ;SSO;D_EQ_EPP;DE_TTKOM_EPP;TTKOM.E;2026-05-25;1.47;1.13;30.09;0;0;0;0;0;0;0;0;0;600;0;;;;;
2026-04-22;O_TTKOME0526P64.00;TTKOM_05/2026_AVRUPA_OPSIYON;D_EQ;SSO;D_EQ_EPP;DE_TTKOM_EPP;TTKOM.E;2026-05-25;2.19;1.73;26.59;0;0;0;0;0;0;0;0;0;0;0;;;;;
2026-04-22;O_TTKOME0526P66.00;TTKOM_05/2026_AVRUPA_OPSIYON;D_EQ;SSO;D_EQ_EPP;DE_TTKOM_EPP;TTKOM.E;2026-05-25;3.12;2.52;23.81;0;0;0;0;0;0;0;0;0;0;0;;;;;
2026-04-22;O_TTKOME0526P68.00;TTKOM_05/2026_AVRUPA_OPSIYON;D_EQ;SSO;D_EQ_EPP;DE_TTKOM_EPP;TTKOM.E;2026-05-25;4.24;3.49;21.49;0;0;0;0;0;0;0;0;0;553;0;;;;;
2026-04-22;O_TTKOME0526P70.00;TTKOM_05/2026_AVRUPA_OPSIYON;D_EQ;SSO;D_EQ_EPP;DE_TTKOM_EPP;TTKOM.E;2026-05-25;5.56;4.64;19.83;0;0;0;0;0;0;0;0;0;0;0;;;;;
2026-04-22;O_TTKOME0526P72.00;TTKOM_05/2026_AVRUPA_OPSIYON;D_EQ;SSO;D_EQ_EPP;DE_TTKOM_EPP;TTKOM.E;2026-05-25;7.03;5.96;17.95;0;0;0;0;0;0;0;0;0;0;0;;;;;
2026-04-22;O_TTKOME0526P74.00;TTKOM_05/2026_AVRUPA_OPSIYON;D_EQ;SSO;D_EQ_EPP;DE_TTKOM_EPP;TTKOM.E;2026-05-25;8.62;7.42;16.17;0;0;0;0;0;0;0;0;0;25;0;;;;;
2026-04-22;O_TTKOME0526P76.00;TTKOM_05/2026_AVRUPA_OPSIYON;D_EQ;SSO;D_EQ_EPP;DE_TTKOM_EPP;TTKOM.E;2026-05-25;10.31;9.01;14.43;0;0;0;0;0;0;0;0;0;0;0;;;;;
2026-04-22;O_TTKOME0626C60.00;TTKOM_06/2026_AVRUPA_OPSIYON;D_EQ;SSO;D_EQ_ECP;DE_TTKOM_ECP;TTKOM.E;2026-06-30;9.85;11.11;-11.34;0;0;0;0;0;0;0;0;0;0;0;;;;;
2026-04-22;O_TTKOME0626C62.00;TTKOM_06/2026_AVRUPA_OPSIYON;D_EQ;SSO;D_EQ_ECP;DE_TTKOM_ECP;TTKOM.E;2026-06-30;8.47;9.68;-12.5;0;0;0;0;0;0;0;0;0;0;0;;;;;
2026-04-22;O_TTKOME0626C64.00;TTKOM_06/2026_AVRUPA_OPSIYON;D_EQ;SSO;D_EQ_ECP;DE_TTKOM_ECP;TTKOM.E;2026-06-30;7.2;8.36;-13.88;0;0;0;0;0;0;0;0;0;0;0;;;;;
2026-04-22;O_TTKOME0626C66.00;TTKOM_06/2026_AVRUPA_OPSIYON;D_EQ;SSO;D_EQ_ECP;DE_TTKOM_ECP;TTKOM.E;2026-06-30;6.06;7.14;-15.13;0;0;0;0;0;0;0;0;0;0;0;;;;;
2026-04-22;O_TTKOME0626C68.00;TTKOM_06/2026_AVRUPA_OPSIYON;D_EQ;SSO;D_EQ_ECP;DE_TTKOM_ECP;TTKOM.E;2026-06-30;5.06;6.05;-16.36;0;0;0;0;0;0;0;0;0;0;0;;;;;
2026-04-22;O_TTKOME0626C70.00;TTKOM_06/2026_AVRUPA_OPSIYON;D_EQ;SSO;D_EQ_ECP;DE_TTKOM_ECP;TTKOM.E;2026-06-30;4.19;5.08;-17.52;0;0;0;0;0;0;0;0;0;0;0;;;;;
2026-04-22;O_TTKOME0626C72.00;TTKOM_06/2026_AVRUPA_OPSIYON;D_EQ;SSO;D_EQ_ECP;DE_TTKOM_ECP;TTKOM.E;2026-06-30;3.45;4.22;-18.25;0;0;0;0;0;0;0;0;0;0;0;;;;;
2026-04-22;O_TTKOME0626C74.00;TTKOM_06/2026_AVRUPA_OPSIYON;D_EQ;SSO;D_EQ_ECP;DE_TTKOM_ECP;TTKOM.E;2026-06-30;2.83;3.47;-18.44;0;0;0;0;0;0;0;0;0;0;0;;;;;
2026-04-22;O_TTKOME0626C76.00;TTKOM_06/2026_AVRUPA_OPSIYON;D_EQ;SSO;D_EQ_ECP;DE_TTKOM_ECP;TTKOM.E;2026-06-30;2.31;2.84;-18.66;0;0;0;0;0;0;0;0;0;0;0;;;;;
2026-04-22;O_TTKOME0626C78.00;TTKOM_06/2026_AVRUPA_OPSIYON;D_EQ;SSO;D_EQ_ECP;DE_TTKOM_ECP;TTKOM.E;2026-06-30;1.88;2.3;-18.26;0;0;0;0;0;0;0;0;0;0;0;;;;;
2026-04-22;O_TTKOME0626C80.00;TTKOM_06/2026_AVRUPA_OPSIYON;D_EQ;SSO;D_EQ_ECP;DE_TTKOM_ECP;TTKOM.E;2026-06-30;1.52;1.84;-17.39;0;0;0;0;0;0;0;0;0;0;0;;;;;
2026-04-22;O_TTKOME0626C82.00;TTKOM_06/2026_AVRUPA_OPSIYON;D_EQ;SSO;D_EQ_ECP;DE_TTKOM_ECP;TTKOM.E;2026-06-30;1.23;1.47;-16.33;0;0;0;0;0;0;0;0;0;0;0;;;;;
2026-04-22;O_TTKOME0626C84.00;TTKOM_06/2026_AVRUPA_OPSIYON;D_EQ;SSO;D_EQ_ECP;DE_TTKOM_ECP;TTKOM.E;2026-06-30;0.99;1.16;-14.66;0;0;0;0;0;0;0;0;0;0;0;;;;;
2026-04-22;O_TTKOME0626P50.00;TTKOM_06/2026_AVRUPA_OPSIYON;D_EQ;SSO;D_EQ_EPP;DE_TTKOM_EPP;TTKOM.E;2026-06-30;0.15;0.08;87.5;0;0;0;0;0;0;0;0;0;0;0;;;;;
2026-04-22;O_TTKOME0626P52.00;TTKOM_06/2026_AVRUPA_OPSIYON;D_EQ;SSO;D_EQ_EPP;DE_TTKOM_EPP;TTKOM.E;2026-06-30;0.24;0.15;60;0;0;0;0;0;0;0;0;0;0;0;;;;;
2026-04-22;O_TTKOME0626P54.00;TTKOM_06/2026_AVRUPA_OPSIYON;D_EQ;SSO;D_EQ_EPP;DE_TTKOM_EPP;TTKOM.E;2026-06-30;0.38;0.26;46.15;0;0;0;0;0;0;0;0;0;0;0;;;;;
2026-04-22;O_TTKOME0626P56.00;TTKOM_06/2026_AVRUPA_OPSIYON;D_EQ;SSO;D_EQ_EPP;DE_TTKOM_EPP;TTKOM.E;2026-06-30;0.58;0.42;38.1;0;0;0;0;0;0;0;0;0;0;0;;;;;
2026-04-22;O_TTKOME0626P58.00;TTKOM_06/2026_AVRUPA_OPSIYON;D_EQ;SSO;D_EQ_EPP;DE_TTKOM_EPP;TTKOM.E;2026-06-30;0.85;0.64;32.81;0;0;0;0;0;0;0;0;0;0;0;;;;;
2026-04-22;O_TTKOME0626P60.00;TTKOM_06/2026_AVRUPA_OPSIYON;D_EQ;SSO;D_EQ_EPP;DE_TTKOM_EPP;TTKOM.E;2026-06-30;1.2;0.95;26.32;0;0;0;0;0;0;0;0;0;0;0;;;;;
2026-04-22;O_TTKOME0626P62.00;TTKOM_06/2026_AVRUPA_OPSIYON;D_EQ;SSO;D_EQ_EPP;DE_TTKOM_EPP;TTKOM.E;2026-06-30;1.66;1.35;22.96;0;0;0;0;0;0;0;0;0;0;0;;;;;
2026-04-22;O_TTKOME0626P64.00;TTKOM_06/2026_AVRUPA_OPSIYON;D_EQ;SSO;D_EQ_EPP;DE_TTKOM_EPP;TTKOM.E;2026-06-30;2.22;1.85;20;0;0;0;0;0;0;0;0;0;0;0;;;;;
2026-04-22;O_TTKOME0626P66.00;TTKOM_06/2026_AVRUPA_OPSIYON;D_EQ;SSO;D_EQ_EPP;DE_TTKOM_EPP;TTKOM.E;2026-06-30;2.92;2.47;18.22;0;0;0;0;0;0;0;0;0;0;0;;;;;
2026-04-22;O_TTKOME0626P68.00;TTKOM_06/2026_AVRUPA_OPSIYON;D_EQ;SSO;D_EQ_EPP;DE_TTKOM_EPP;TTKOM.E;2026-06-30;3.75;3.21;16.82;0;0;0;0;0;0;0;0;0;0;0;;;;;
2026-04-22;O_TTKOME0626P70.00;TTKOM_06/2026_AVRUPA_OPSIYON;D_EQ;SSO;D_EQ_EPP;DE_TTKOM_EPP;TTKOM.E;2026-06-30;4.71;4.06;16.01;0;0;0;0;0;0;0;0;0;0;0;;;;;
2026-04-22;O_TTKOME0626P72.00;TTKOM_06/2026_AVRUPA_OPSIYON;D_EQ;SSO;D_EQ_EPP;DE_TTKOM_EPP;TTKOM.E;2026-06-30;5.81;5.04;15.28;0;0;0;0;0;0;0;0;0;0;0;;;;;
2026-04-22;O_TTKOME0626P74.00;TTKOM_06/2026_AVRUPA_OPSIYON;D_EQ;SSO;D_EQ_EPP;DE_TTKOM_EPP;TTKOM.E;2026-06-30;7.02;6.13;14.52;0;0;0;0;0;0;0;0;0;0;0;;;;;
2026-04-22;O_TUPRSE0426C225.00;TUPRS_04/2026_AVRUPA_OPSIYON;D_EQ;SSO;D_EQ_ECP;DE_TUPRS_ECP;TUPRS.E;2026-04-30;39.9;30.8;29.55;0;0;0;0;0;0;0;0;0;70;0;;;;;
2026-04-22;O_TUPRSE0426C230.00;TUPRS_04/2026_AVRUPA_OPSIYON;D_EQ;SSO;D_EQ_ECP;DE_TUPRS_ECP;TUPRS.E;2026-04-30;34.99;26.1;34.06;0;0;0;0;0;0;0;0;0;3;0;;;;;
2026-04-22;O_TUPRSE0426C235.00;TUPRS_04/2026_AVRUPA_OPSIYON;D_EQ;SSO;D_EQ_ECP;DE_TUPRS_ECP;TUPRS.E;2026-04-30;30.15;21.59;39.65;0;0;0;0;0;0;0;0;0;86;0;;;;;
2026-04-22;O_TUPRSE0426C240.00;TUPRS_04/2026_AVRUPA_OPSIYON;D_EQ;SSO;D_EQ_ECP;DE_TUPRS_ECP;TUPRS.E;2026-04-30;25.44;17.38;46.38;0;0;0;0;0;0;0;0;0;10;0;;;;;
2026-04-22;O_TUPRSE0426C245.00;TUPRS_04/2026_AVRUPA_OPSIYON;D_EQ;SSO;D_EQ_ECP;DE_TUPRS_ECP;TUPRS.E;2026-04-30;20.94;13.57;54.31;0;0;0;0;0;0;0;0;0;85;0;;;;;
2026-04-22;O_TUPRSE0426C250.00;TUPRS_04/2026_AVRUPA_OPSIYON;D_EQ;SSO;D_EQ_ECP;DE_TUPRS_ECP;TUPRS.E;2026-04-30;16.75;10.24;63.57;0;0;0;0;0;0;0;0;0;160;0;;;;;
2026-04-22;O_TUPRSE0426C260.00;TUPRS_04/2026_AVRUPA_OPSIYON;D_EQ;SSO;D_EQ_ECP;DE_TUPRS_ECP;TUPRS.E;2026-04-30;9.68;5.23;85.09;8.6;8.6;8.6;8.6;8.6;1300000;43000;50;5;1791;-50;;;;;
2026-04-22;O_TUPRSE0426C270.00;TUPRS_04/2026_AVRUPA_OPSIYON;D_EQ;SSO;D_EQ_ECP;DE_TUPRS_ECP;TUPRS.E;2026-04-30;4.8;2.28;110.53;2.98;2.98;2.98;2.98;2.98;27000;298;1;1;277;0;;;;;
2026-04-22;O_TUPRSE0426C280.00;TUPRS_04/2026_AVRUPA_OPSIYON;D_EQ;SSO;D_EQ_ECP;DE_TUPRS_ECP;TUPRS.E;2026-04-30;2.02;0.84;140.48;0;0;0;0;0;0;0;0;0;1310;0;;;;;
2026-04-22;O_TUPRSE0426C290.00;TUPRS_04/2026_AVRUPA_OPSIYON;D_EQ;SSO;D_EQ_ECP;DE_TUPRS_ECP;TUPRS.E;2026-04-30;0.71;0.27;162.96;0;0;0;0;0;0;0;0;0;456;0;;;;;
2026-04-22;O_TUPRSE0426C300.00;TUPRS_04/2026_AVRUPA_OPSIYON;D_EQ;SSO;D_EQ_ECP;DE_TUPRS_ECP;TUPRS.E;2026-04-30;0.21;0.07;200;0;0;0;0;0;0;0;0;0;106;0;;;;;
2026-04-22;O_TUPRSE0426C310.00;TUPRS_04/2026_AVRUPA_OPSIYON;D_EQ;SSO;D_EQ_ECP;DE_TUPRS_ECP;TUPRS.E;2026-04-30;0.05;0.02;150;0;0;0;0;0;0;0;0;0;58;0;;;;;
2026-04-22;O_TUPRSE0426C320.00;TUPRS_04/2026_AVRUPA_OPSIYON;D_EQ;SSO;D_EQ_ECP;DE_TUPRS_ECP;TUPRS.E;2026-04-30;0.01;0.01;0;0;0;0;0;0;0;0;0;0;0;0;;;;;
2026-04-22;O_TUPRSE0426C330.00;TUPRS_04/2026_AVRUPA_OPSIYON;D_EQ;SSO;D_EQ_ECP;DE_TUPRS_ECP;TUPRS.E;2026-04-30;0.01;0.01;0;0;0;0;0;0;0;0;0;0;0;0;;;;;
2026-04-22;O_TUPRSE0426C340.00;TUPRS_04/2026_AVRUPA_OPSIYON;D_EQ;SSO;D_EQ_ECP;DE_TUPRS_ECP;TUPRS.E;2026-04-30;0.01;0.01;0;0;0;0;0;0;0;0;0;0;0;0;;;;;
2026-04-22;O_TUPRSE0426P200.00;TUPRS_04/2026_AVRUPA_OPSIYON;D_EQ;SSO;D_EQ_EPP;DE_TUPRS_EPP;TUPRS.E;2026-04-30;0.01;0.01;0;0;0;0;0;0;0;0;0;0;0;0;;;;;
2026-04-22;O_TUPRSE0426P205.00;TUPRS_04/2026_AVRUPA_OPSIYON;D_EQ;SSO;D_EQ_EPP;DE_TUPRS_EPP;TUPRS.E;2026-04-30;0.01;0.01;0;0;0;0;0;0;0;0;0;0;0;0;;;;;
2026-04-22;O_TUPRSE0426P210.00;TUPRS_04/2026_AVRUPA_OPSIYON;D_EQ;SSO;D_EQ_EPP;DE_TUPRS_EPP;TUPRS.E;2026-04-30;0.01;0.01;0;0;0;0;0;0;0;0;0;0;290;0;;;;;
2026-04-22;O_TUPRSE0426P215.00;TUPRS_04/2026_AVRUPA_OPSIYON;D_EQ;SSO;D_EQ_EPP;DE_TUPRS_EPP;TUPRS.E;2026-04-30;0.01;0.03;-66.67;0;0;0;0;0;0;0;0;0;222;0;;;;;
2026-04-22;O_TUPRSE0426P220.00;TUPRS_04/2026_AVRUPA_OPSIYON;D_EQ;SSO;D_EQ_EPP;DE_TUPRS_EPP;TUPRS.E;2026-04-30;0.01;0.09;-88.89;0;0;0;0;0;0;0;0;0;68;0;;;;;
2026-04-22;O_TUPRSE0426P225.00;TUPRS_04/2026_AVRUPA_OPSIYON;D_EQ;SSO;D_EQ_EPP;DE_TUPRS_EPP;TUPRS.E;2026-04-30;0.03;0.21;-85.71;0;0;0;0;0;0;0;0;0;176;0;;;;;
2026-04-22;O_TUPRSE0426P230.00;TUPRS_04/2026_AVRUPA_OPSIYON;D_EQ;SSO;D_EQ_EPP;DE_TUPRS_EPP;TUPRS.E;2026-04-30;0.08;0.45;-82.22;0;0;0;0;0;0;0;0;0;146;0;;;;;
2026-04-22;O_TUPRSE0426P235.00;TUPRS_04/2026_AVRUPA_OPSIYON;D_EQ;SSO;D_EQ_EPP;DE_TUPRS_EPP;TUPRS.E;2026-04-30;0.21;0.9;-76.67;0;0;0;0;0;0;0;0;0;124;0;;;;;
2026-04-22;O_TUPRSE0426P240.00;TUPRS_04/2026_AVRUPA_OPSIYON;D_EQ;SSO;D_EQ_EPP;DE_TUPRS_EPP;TUPRS.E;2026-04-30;0.45;1.64;-72.56;0;0;0;0;0;0;0;0;0;301;0;;;;;
2026-04-22;O_TUPRSE0426P245.00;TUPRS_04/2026_AVRUPA_OPSIYON;D_EQ;SSO;D_EQ_EPP;DE_TUPRS_EPP;TUPRS.E;2026-04-30;0.91;2.78;-67.27;0;0;0;0;0;0;0;0;0;270;0;;;;;
2026-04-22;O_TUPRSE0426P250.00;TUPRS_04/2026_AVRUPA_OPSIYON;D_EQ;SSO;D_EQ_EPP;DE_TUPRS_EPP;TUPRS.E;2026-04-30;1.67;4.41;-62.13;0;0;0;0;0;0;0;0;0;345;0;;;;;
2026-04-22;O_TUPRSE0426P260.00;TUPRS_04/2026_AVRUPA_OPSIYON;D_EQ;SSO;D_EQ_EPP;DE_TUPRS_EPP;TUPRS.E;2026-04-30;4.53;9.3;-51.29;5.52;4.48;5.52;4.6;4.96;2860000;54560;110;11;812;110;;;;;
2026-04-22;O_TUPRSE0426P270.00;TUPRS_04/2026_AVRUPA_OPSIYON;D_EQ;SSO;D_EQ_EPP;DE_TUPRS_EPP;TUPRS.E;2026-04-30;9.56;16.26;-41.21;0;0;0;0;0;0;0;0;0;748;0;;;;;
2026-04-22;O_TUPRSE0426P280.00;TUPRS_04/2026_AVRUPA_OPSIYON;D_EQ;SSO;D_EQ_EPP;DE_TUPRS_EPP;TUPRS.E;2026-04-30;16.69;24.73;-32.51;0;0;0;0;0;0;0;0;0;369;0;;;;;
2026-04-22;O_TUPRSE0426P290.00;TUPRS_04/2026_AVRUPA_OPSIYON;D_EQ;SSO;D_EQ_EPP;DE_TUPRS_EPP;TUPRS.E;2026-04-30;25.31;34.06;-25.69;0;0;0;0;0;0;0;0;0;60;0;;;;;
2026-04-22;O_TUPRSE0526C230.00;TUPRS_05/2026_AVRUPA_OPSIYON;D_EQ;SSO;D_EQ_ECP;DE_TUPRS_ECP;TUPRS.E;2026-05-25;42.34;34.25;23.62;0;0;0;0;0;0;0;0;0;0;0;;;;;
2026-04-22;O_TUPRSE0526C235.00;TUPRS_05/2026_AVRUPA_OPSIYON;D_EQ;SSO;D_EQ_ECP;DE_TUPRS_ECP;TUPRS.E;2026-05-25;38.14;30.4;25.46;0;0;0;0;0;0;0;0;0;0;0;;;;;
2026-04-22;O_TUPRSE0526C240.00;TUPRS_05/2026_AVRUPA_OPSIYON;D_EQ;SSO;D_EQ_ECP;DE_TUPRS_ECP;TUPRS.E;2026-05-25;34.13;26.77;27.49;0;0;0;0;0;0;0;0;0;0;0;;;;;
2026-04-22;O_TUPRSE0526C245.00;TUPRS_05/2026_AVRUPA_OPSIYON;D_EQ;SSO;D_EQ_ECP;DE_TUPRS_ECP;TUPRS.E;2026-05-25;30.32;23.4;29.57;0;0;0;0;0;0;0;0;0;60;0;;;;;
2026-04-22;O_TUPRSE0526C250.00;TUPRS_05/2026_AVRUPA_OPSIYON;D_EQ;SSO;D_EQ_ECP;DE_TUPRS_ECP;TUPRS.E;2026-05-25;26.73;20.28;31.8;0;0;0;0;0;0;0;0;0;119;0;;;;;
2026-04-22;O_TUPRSE0526C260.00;TUPRS_05/2026_AVRUPA_OPSIYON;D_EQ;SSO;D_EQ_ECP;DE_TUPRS_ECP;TUPRS.E;2026-05-25;20.31;14.88;36.49;18;18;18;18;18;26000;1800;1;1;51;1;;;;;
2026-04-22;O_TUPRSE0526C270.00;TUPRS_05/2026_AVRUPA_OPSIYON;D_EQ;SSO;D_EQ_ECP;DE_TUPRS_ECP;TUPRS.E;2026-05-25;14.96;10.56;41.67;12.32;12.32;12.4;12.4;12.35;810000;37040;30;2;70;30;;;;;
2026-04-22;O_TUPRSE0526C280.00;TUPRS_05/2026_AVRUPA_OPSIYON;D_EQ;SSO;D_EQ_ECP;DE_TUPRS_ECP;TUPRS.E;2026-05-25;10.68;7.26;47.11;0;0;0;0;0;0;0;0;0;0;0;;;;;
2026-04-22;O_TUPRSE0526C290.00;TUPRS_05/2026_AVRUPA_OPSIYON;D_EQ;SSO;D_EQ_ECP;DE_TUPRS_ECP;TUPRS.E;2026-05-25;7.39;4.84;52.69;0;0;0;0;0;0;0;0;0;1;0;;;;;
2026-04-22;O_TUPRSE0526C300.00;TUPRS_05/2026_AVRUPA_OPSIYON;D_EQ;SSO;D_EQ_ECP;DE_TUPRS_ECP;TUPRS.E;2026-05-25;4.97;3.13;58.79;0;0;0;0;0;0;0;0;0;0;0;;;;;
2026-04-22;O_TUPRSE0526C310.00;TUPRS_05/2026_AVRUPA_OPSIYON;D_EQ;SSO;D_EQ_ECP;DE_TUPRS_ECP;TUPRS.E;2026-05-25;3.24;1.96;65.31;0;0;0;0;0;0;0;0;0;0;0;;;;;
2026-04-22;O_TUPRSE0526C320.00;TUPRS_05/2026_AVRUPA_OPSIYON;D_EQ;SSO;D_EQ_ECP;DE_TUPRS_ECP;TUPRS.E;2026-05-25;2.06;1.2;71.67;0;0;0;0;0;0;0;0;0;2;0;;;;;
2026-04-22;O_TUPRSE0526C330.00;TUPRS_05/2026_AVRUPA_OPSIYON;D_EQ;SSO;D_EQ_ECP;DE_TUPRS_ECP;TUPRS.E;2026-05-25;1.27;0.71;78.87;0;0;0;0;0;0;0;0;0;1;0;;;;;
2026-04-22;O_TUPRSE0526C340.00;TUPRS_05/2026_AVRUPA_OPSIYON;D_EQ;SSO;D_EQ_ECP;DE_TUPRS_ECP;TUPRS.E;2026-05-25;0.77;0.42;83.33;0;0;0;0;0;0;0;0;0;0;0;;;;;
2026-04-22;O_TUPRSE0526P205.00;TUPRS_05/2026_AVRUPA_OPSIYON;D_EQ;SSO;D_EQ_EPP;DE_TUPRS_EPP;TUPRS.E;2026-05-25;0.18;0.39;-53.85;0;0;0;0;0;0;0;0;0;0;0;;;;;
2026-04-22;O_TUPRSE0526P210.00;TUPRS_05/2026_AVRUPA_OPSIYON;D_EQ;SSO;D_EQ_EPP;DE_TUPRS_EPP;TUPRS.E;2026-05-25;0.3;0.62;-51.61;0;0;0;0;0;0;0;0;0;0;0;;;;;
2026-04-22;O_TUPRSE0526P215.00;TUPRS_05/2026_AVRUPA_OPSIYON;D_EQ;SSO;D_EQ_EPP;DE_TUPRS_EPP;TUPRS.E;2026-05-25;0.48;0.94;-48.94;0;0;0;0;0;0;0;0;0;0;0;;;;;
2026-04-22;O_TUPRSE0526P220.00;TUPRS_05/2026_AVRUPA_OPSIYON;D_EQ;SSO;D_EQ_EPP;DE_TUPRS_EPP;TUPRS.E;2026-05-25;0.73;1.39;-47.48;0;0;0;0;0;0;0;0;0;0;0;;;;;
2026-04-22;O_TUPRSE0526P225.00;TUPRS_05/2026_AVRUPA_OPSIYON;D_EQ;SSO;D_EQ_EPP;DE_TUPRS_EPP;TUPRS.E;2026-05-25;1.09;1.98;-44.95;0;0;0;0;0;0;0;0;0;0;0;;;;;
2026-04-22;O_TUPRSE0526P230.00;TUPRS_05/2026_AVRUPA_OPSIYON;D_EQ;SSO;D_EQ_EPP;DE_TUPRS_EPP;TUPRS.E;2026-05-25;1.57;2.75;-42.91;0;0;0;0;0;0;0;0;0;0;0;;;;;
2026-04-22;O_TUPRSE0526P235.00;TUPRS_05/2026_AVRUPA_OPSIYON;D_EQ;SSO;D_EQ_EPP;DE_TUPRS_EPP;TUPRS.E;2026-05-25;2.21;3.72;-40.59;0;0;0;0;0;0;0;0;0;0;0;;;;;
2026-04-22;O_TUPRSE0526P240.00;TUPRS_05/2026_AVRUPA_OPSIYON;D_EQ;SSO;D_EQ_EPP;DE_TUPRS_EPP;TUPRS.E;2026-05-25;3.02;4.93;-38.74;0;0;0;0;0;0;0;0;0;0;0;;;;;
2026-04-22;O_TUPRSE0526P245.00;TUPRS_05/2026_AVRUPA_OPSIYON;D_EQ;SSO;D_EQ_EPP;DE_TUPRS_EPP;TUPRS.E;2026-05-25;4.04;6.38;-36.68;0;0;0;0;0;0;0;0;0;0;0;;;;;
2026-04-22;O_TUPRSE0526P250.00;TUPRS_05/2026_AVRUPA_OPSIYON;D_EQ;SSO;D_EQ_EPP;DE_TUPRS_EPP;TUPRS.E;2026-05-25;5.29;8.09;-34.61;3.92;3.92;3.92;3.92;3.92;250000;3920;10;1;10;10;;;;;
2026-04-22;O_TUPRSE0526P260.00;TUPRS_05/2026_AVRUPA_OPSIYON;D_EQ;SSO;D_EQ_EPP;DE_TUPRS_EPP;TUPRS.E;2026-05-25;8.53;12.34;-30.88;0;0;0;0;0;0;0;0;0;446;0;;;;;
2026-04-22;O_TUPRSE0526P270.00;TUPRS_05/2026_AVRUPA_OPSIYON;D_EQ;SSO;D_EQ_EPP;DE_TUPRS_EPP;TUPRS.E;2026-05-25;12.84;17.67;-27.33;0;0;0;0;0;0;0;0;0;250;0;;;;;
2026-04-22;O_TUPRSE0526P280.00;TUPRS_05/2026_AVRUPA_OPSIYON;D_EQ;SSO;D_EQ_EPP;DE_TUPRS_EPP;TUPRS.E;2026-05-25;18.22;24.02;-24.15;0;0;0;0;0;0;0;0;0;340;0;;;;;
2026-04-22;O_TUPRSE0526P290.00;TUPRS_05/2026_AVRUPA_OPSIYON;D_EQ;SSO;D_EQ_EPP;DE_TUPRS_EPP;TUPRS.E;2026-05-25;24.6;31.25;-21.28;0;0;0;0;0;0;0;0;0;160;0;;;;;
2026-04-22;O_TUPRSE0626C260.00;TUPRS_06/2026_AVRUPA_OPSIYON;D_EQ;SSO;D_EQ_ECP;DE_TUPRS_ECP;TUPRS.E;2026-06-30;33.97;27.67;22.77;0;0;0;0;0;0;0;0;0;0;0;;;;;
2026-04-22;O_TUPRSE0626C270.00;TUPRS_06/2026_AVRUPA_OPSIYON;D_EQ;SSO;D_EQ_ECP;DE_TUPRS_ECP;TUPRS.E;2026-06-30;28.24;22.62;24.85;0;0;0;0;0;0;0;0;0;0;0;;;;;
2026-04-22;O_TUPRSE0626C280.00;TUPRS_06/2026_AVRUPA_OPSIYON;D_EQ;SSO;D_EQ_ECP;DE_TUPRS_ECP;TUPRS.E;2026-06-30;23.21;18.27;27.04;0;0;0;0;0;0;0;0;0;0;0;;;;;
2026-04-22;O_TUPRSE0626C290.00;TUPRS_06/2026_AVRUPA_OPSIYON;D_EQ;SSO;D_EQ_ECP;DE_TUPRS_ECP;TUPRS.E;2026-06-30;18.85;14.58;29.29;0;0;0;0;0;0;0;0;0;0;0;;;;;
2026-04-22;O_TUPRSE0626C300.00;TUPRS_06/2026_AVRUPA_OPSIYON;D_EQ;SSO;D_EQ_ECP;DE_TUPRS_ECP;TUPRS.E;2026-06-30;15.14;11.5;31.65;0;0;0;0;0;0;0;0;0;0;0;;;;;
2026-04-22;O_TUPRSE0626C310.00;TUPRS_06/2026_AVRUPA_OPSIYON;D_EQ;SSO;D_EQ_ECP;DE_TUPRS_ECP;TUPRS.E;2026-06-30;12.04;8.98;34.08;0;0;0;0;0;0;0;0;0;0;0;;;;;
2026-04-22;O_TUPRSE0626C320.00;TUPRS_06/2026_AVRUPA_OPSIYON;D_EQ;SSO;D_EQ_ECP;DE_TUPRS_ECP;TUPRS.E;2026-06-30;9.47;6.93;36.65;0;0;0;0;0;0;0;0;0;0;0;;;;;
2026-04-22;O_TUPRSE0626C330.00;TUPRS_06/2026_AVRUPA_OPSIYON;D_EQ;SSO;D_EQ_ECP;DE_TUPRS_ECP;TUPRS.E;2026-06-30;7.38;5.31;38.98;0;0;0;0;0;0;0;0;0;0;0;;;;;
2026-04-22;O_TUPRSE0626C340.00;TUPRS_06/2026_AVRUPA_OPSIYON;D_EQ;SSO;D_EQ_ECP;DE_TUPRS_ECP;TUPRS.E;2026-06-30;5.7;4.02;41.79;0;0;0;0;0;0;0;0;0;0;0;;;;;
2026-04-22;O_TUPRSE0626C350.00;TUPRS_06/2026_AVRUPA_OPSIYON;D_EQ;SSO;D_EQ_ECP;DE_TUPRS_ECP;TUPRS.E;2026-06-30;4.36;3.02;44.37;0;0;0;0;0;0;0;0;0;0;0;;;;;
2026-04-22;O_TUPRSE0626P230.00;TUPRS_06/2026_AVRUPA_OPSIYON;D_EQ;SSO;D_EQ_EPP;DE_TUPRS_EPP;TUPRS.E;2026-06-30;2.81;4.02;-30.1;0;0;0;0;0;0;0;0;0;0;0;;;;;
2026-04-22;O_TUPRSE0626P235.00;TUPRS_06/2026_AVRUPA_OPSIYON;D_EQ;SSO;D_EQ_EPP;DE_TUPRS_EPP;TUPRS.E;2026-06-30;3.54;4.99;-29.06;0;0;0;0;0;0;0;0;0;0;0;;;;;
2026-04-22;O_TUPRSE0626P240.00;TUPRS_06/2026_AVRUPA_OPSIYON;D_EQ;SSO;D_EQ_EPP;DE_TUPRS_EPP;TUPRS.E;2026-06-30;4.4;6.1;-27.87;0;0;0;0;0;0;0;0;0;0;0;;;;;
2026-04-22;O_TUPRSE0626P245.00;TUPRS_06/2026_AVRUPA_OPSIYON;D_EQ;SSO;D_EQ_EPP;DE_TUPRS_EPP;TUPRS.E;2026-06-30;5.4;7.38;-26.83;0;0;0;0;0;0;0;0;0;0;0;;;;;
2026-04-22;O_TUPRSE0626P250.00;TUPRS_06/2026_AVRUPA_OPSIYON;D_EQ;SSO;D_EQ_EPP;DE_TUPRS_EPP;TUPRS.E;2026-06-30;6.55;8.82;-25.74;0;0;0;0;0;0;0;0;0;0;0;;;;;
2026-04-22;O_TUPRSE0626P260.00;TUPRS_06/2026_AVRUPA_OPSIYON;D_EQ;SSO;D_EQ_EPP;DE_TUPRS_EPP;TUPRS.E;2026-06-30;9.32;12.22;-23.73;0;0;0;0;0;0;0;0;0;0;0;;;;;
2026-04-22;O_TUPRSE0626P270.00;TUPRS_06/2026_AVRUPA_OPSIYON;D_EQ;SSO;D_EQ_EPP;DE_TUPRS_EPP;TUPRS.E;2026-06-30;12.76;16.32;-21.81;0;0;0;0;0;0;0;0;0;0;0;;;;;
2026-04-22;O_TUPRSE0626P280.00;TUPRS_06/2026_AVRUPA_OPSIYON;D_EQ;SSO;D_EQ_EPP;DE_TUPRS_EPP;TUPRS.E;2026-06-30;16.89;21.13;-20.07;0;0;0;0;0;0;0;0;0;0;0;;;;;
2026-04-22;O_TUPRSE0626P290.00;TUPRS_06/2026_AVRUPA_OPSIYON;D_EQ;SSO;D_EQ_EPP;DE_TUPRS_EPP;TUPRS.E;2026-06-30;21.7;26.59;-18.39;0;0;0;0;0;0;0;0;0;0;0;;;;;
2026-04-22;O_TUPRSE0626P300.00;TUPRS_06/2026_AVRUPA_OPSIYON;D_EQ;SSO;D_EQ_EPP;DE_TUPRS_EPP;TUPRS.E;2026-06-30;27.16;32.67;-16.87;0;0;0;0;0;0;0;0;0;0;0;;;;;
2026-04-22;O_USDTRYKE0426C44500;USDTRY_04/2026_AVRUPA_OPSIYON;D_CR;CRO;D_CR_ECO;DE_USDTRYK_ECO;D_USDTRYK;2026-04-30;727.2;767;-5.19;0;0;0;0;0;0;0;0;0;400;0;;;;;
2026-04-22;O_USDTRYKE0426C45000;USDTRY_04/2026_AVRUPA_OPSIYON;D_CR;CRO;D_CR_ECO;DE_USDTRYK_ECO;D_USDTRYK;2026-04-30;363.1;400.6;-9.36;205;184.9;205;184.9;194.1;4725000;20376.1;105;4;8245;-4;;;;;
2026-04-22;O_USDTRYKE0426C45500;USDTRY_04/2026_AVRUPA_OPSIYON;D_CR;CRO;D_CR_ECO;DE_USDTRYK_ECO;D_USDTRYK;2026-04-30;136.5;163.3;-16.41;76.1;76.1;76.1;76.1;76.1;4550000;7610;100;1;172926;0;;;;;
2026-04-22;O_USDTRYKE0426C47500;USDTRY_04/2026_AVRUPA_OPSIYON;D_CR;CRO;D_CR_ECO;DE_USDTRYK_ECO;D_USDTRYK;2026-04-30;7;16.5;-57.58;0;0;0;0;0;0;0;0;0;54827;0;;;;;
2026-04-22;O_USDTRYKE0426C48500;USDTRY_04/2026_AVRUPA_OPSIYON;D_CR;CRO;D_CR_ECO;DE_USDTRYK_ECO;D_USDTRYK;2026-04-30;1.7;8.3;-79.52;0;0;0;0;0;0;0;0;0;18851;0;;;;;
2026-04-22;O_USDTRYKE0426C49000;USDTRY_04/2026_AVRUPA_OPSIYON;D_CR;CRO;D_CR_ECO;DE_USDTRYK_ECO;D_USDTRYK;2026-04-30;0.5;3.3;-84.85;0;0;0;0;0;0;0;0;0;13185;0;;;;;
2026-04-22;O_USDTRYKE0426C49500;USDTRY_04/2026_AVRUPA_OPSIYON;D_CR;CRO;D_CR_ECO;DE_USDTRYK_ECO;D_USDTRYK;2026-04-30;0.1;1.2;-91.67;0;0;0;0;0;0;0;0;0;6354;0;;;;;
2026-04-22;O_USDTRYKE0426C50000;USDTRY_04/2026_AVRUPA_OPSIYON;D_CR;CRO;D_CR_ECO;DE_USDTRYK_ECO;D_USDTRYK;2026-04-30;0.1;0.4;-75;0;0;0;0;0;0;0;0;0;11430;0;;;;;
2026-04-22;O_USDTRYKE0426C51000;USDTRY_04/2026_AVRUPA_OPSIYON;D_CR;CRO;D_CR_ECO;DE_USDTRYK_ECO;D_USDTRYK;2026-04-30;0.1;0.1;0;0;0;0;0;0;0;0;0;0;26864;0;;;;;
2026-04-22;O_USDTRYKE0426P41500;USDTRY_04/2026_AVRUPA_OPSIYON;D_CR;CRO;D_CR_EPO;DE_USDTRYK_EPO;D_USDTRYK;2026-04-30;0.1;0.1;0;0;0;0;0;0;0;0;0;0;0;0;;;;;
2026-04-22;O_USDTRYKE0426P42000;USDTRY_04/2026_AVRUPA_OPSIYON;D_CR;CRO;D_CR_EPO;DE_USDTRYK_EPO;D_USDTRYK;2026-04-30;0.1;0.1;0;0;0;0;0;0;0;0;0;0;0;0;;;;;
2026-04-22;O_USDTRYKE0426P42500;USDTRY_04/2026_AVRUPA_OPSIYON;D_CR;CRO;D_CR_EPO;DE_USDTRYK_EPO;D_USDTRYK;2026-04-30;0.1;0.1;0;0;0;0;0;0;0;0;0;0;0;0;;;;;
2026-04-22;O_USDTRYKE0426P43000;USDTRY_04/2026_AVRUPA_OPSIYON;D_CR;CRO;D_CR_EPO;DE_USDTRYK_EPO;D_USDTRYK;2026-04-30;0.1;0.1;0;0;0;0;0;0;0;0;0;0;0;0;;;;;
2026-04-22;O_USDTRYKE0426P43500;USDTRY_04/2026_AVRUPA_OPSIYON;D_CR;CRO;D_CR_EPO;DE_USDTRYK_EPO;D_USDTRYK;2026-04-30;1.1;1.5;-26.67;0;0;0;0;0;0;0;0;0;0;0;;;;;
2026-04-22;O_USDTRYKE0426P44000;USDTRY_04/2026_AVRUPA_OPSIYON;D_CR;CRO;D_CR_EPO;DE_USDTRYK_EPO;D_USDTRYK;2026-04-30;9.7;11.6;-16.38;0;0;0;0;0;0;0;0;0;0;0;;;;;
2026-04-22;O_USDTRYKE0426P44500;USDTRY_04/2026_AVRUPA_OPSIYON;D_CR;CRO;D_CR_EPO;DE_USDTRYK_EPO;D_USDTRYK;2026-04-30;52.5;56.3;-6.75;0;0;0;0;0;0;0;0;0;128600;0;;;;;
2026-04-22;O_USDTRYKE0426P45000;USDTRY_04/2026_AVRUPA_OPSIYON;D_CR;CRO;D_CR_EPO;DE_USDTRYK_EPO;D_USDTRYK;2026-04-30;184.7;185.9;-0.65;17.4;17.4;18.6;18.6;18.1;15750000;6320;350;5;14745;150;;;;;
2026-04-22;O_USDTRYKE0426P45500;USDTRY_04/2026_AVRUPA_OPSIYON;D_CR;CRO;D_CR_EPO;DE_USDTRYK_EPO;D_USDTRYK;2026-04-30;454.6;444.5;2.27;425;425;425;425;425;236600000;2210000;5200;9;96878;5200;;;;;
2026-04-22;O_USDTRYKE0426P46000;USDTRY_04/2026_AVRUPA_OPSIYON;D_CR;CRO;D_CR_EPO;DE_USDTRYK_EPO;D_USDTRYK;2026-04-30;850.9;832.1;2.26;900;880;900;880;883;24380000;468000;530;4;236031;0;;;;;
2026-04-22;O_USDTRYKE0426P46500;USDTRY_04/2026_AVRUPA_OPSIYON;D_CR;CRO;D_CR_EPO;DE_USDTRYK_EPO;D_USDTRYK;2026-04-30;1333.2;1316.2;1.29;0;0;0;0;0;0;0;0;0;67596;0;;;;;
2026-04-22;O_USDTRYKE0426P47500;USDTRY_04/2026_AVRUPA_OPSIYON;D_CR;CRO;D_CR_EPO;DE_USDTRYK_EPO;D_USDTRYK;2026-04-30;2310.7;2281.6;1.28;0;0;0;0;0;0;0;0;0;0;0;;;;;
2026-04-22;O_USDTRYKE0526C45500;USDTRY_05/2026_AVRUPA_OPSIYON;D_CR;CRO;D_CR_ECO;DE_USDTRYK_ECO;D_USDTRYK;2026-05-25;949.3;981.2;-3.25;0;0;0;0;0;0;0;0;0;1;0;;;;;
2026-04-22;O_USDTRYKE0526C46000;USDTRY_05/2026_AVRUPA_OPSIYON;D_CR;CRO;D_CR_ECO;DE_USDTRYK_ECO;D_USDTRYK;2026-05-25;646.2;674.4;-4.18;340;315;350;317.1;333.4;234968000;1702889.8;5108;67;14145;5108;;;;;
2026-04-22;O_USDTRYKE0526C47000;USDTRY_05/2026_AVRUPA_OPSIYON;D_CR;CRO;D_CR_ECO;DE_USDTRYK_ECO;D_USDTRYK;2026-05-25;330.1;356.7;-7.46;202;189.1;202;199.8;199;37600000;159220;800;8;27070;630;;;;;
2026-04-22;O_USDTRYKE0526C47500;USDTRY_05/2026_AVRUPA_OPSIYON;D_CR;CRO;D_CR_ECO;DE_USDTRYK_ECO;D_USDTRYK;2026-05-25;279.6;306.5;-8.78;177;177;177;177;177;4750000;17700;100;1;32785;100;;;;;
2026-04-22;O_USDTRYKE0526C48000;USDTRY_05/2026_AVRUPA_OPSIYON;D_CR;CRO;D_CR_ECO;DE_USDTRYK_ECO;D_USDTRYK;2026-05-25;247.1;274.5;-9.98;0;0;0;0;0;0;0;0;0;26359;0;;;;;
2026-04-22;O_USDTRYKE0526C48500;USDTRY_05/2026_AVRUPA_OPSIYON;D_CR;CRO;D_CR_ECO;DE_USDTRYK_ECO;D_USDTRYK;2026-05-25;225.6;317.4;-28.92;0;0;0;0;0;0;0;0;0;11650;0;;;;;
2026-04-22;O_USDTRYKE0526C49000;USDTRY_05/2026_AVRUPA_OPSIYON;D_CR;CRO;D_CR_ECO;DE_USDTRYK_ECO;D_USDTRYK;2026-05-25;245.7;273.3;-10.1;0;0;0;0;0;0;0;0;0;6000;0;;;;;
2026-04-22;O_USDTRYKE0526C49500;USDTRY_05/2026_AVRUPA_OPSIYON;D_CR;CRO;D_CR_ECO;DE_USDTRYK_ECO;D_USDTRYK;2026-05-25;212.8;238.8;-10.89;181;181;181;181;181;2475000;9050;50;1;3050;0;;;;;
2026-04-22;O_USDTRYKE0526C50000;USDTRY_05/2026_AVRUPA_OPSIYON;D_CR;CRO;D_CR_ECO;DE_USDTRYK_ECO;D_USDTRYK;2026-05-25;186.9;211.5;-11.63;0;0;0;0;0;0;0;0;0;2625;0;;;;;
2026-04-22;O_USDTRYKE0526P42500;USDTRY_05/2026_AVRUPA_OPSIYON;D_CR;CRO;D_CR_EPO;DE_USDTRYK_EPO;D_USDTRYK;2026-05-25;1;1.1;-9.09;0;0;0;0;0;0;0;0;0;10;0;;;;;
2026-04-22;O_USDTRYKE0526P43000;USDTRY_05/2026_AVRUPA_OPSIYON;D_CR;CRO;D_CR_EPO;DE_USDTRYK_EPO;D_USDTRYK;2026-05-25;3.6;3.7;-2.7;0;0;0;0;0;0;0;0;0;0;0;;;;;
2026-04-22;O_USDTRYKE0526P43500;USDTRY_05/2026_AVRUPA_OPSIYON;D_CR;CRO;D_CR_EPO;DE_USDTRYK_EPO;D_USDTRYK;2026-05-25;10.8;11;-1.82;0;0;0;0;0;0;0;0;0;0;0;;;;;
2026-04-22;O_USDTRYKE0526P44000;USDTRY_05/2026_AVRUPA_OPSIYON;D_CR;CRO;D_CR_EPO;DE_USDTRYK_EPO;D_USDTRYK;2026-05-25;28.4;28.6;-0.7;0;0;0;0;0;0;0;0;0;0;0;;;;;
2026-04-22;O_USDTRYKE0526P44500;USDTRY_05/2026_AVRUPA_OPSIYON;D_CR;CRO;D_CR_EPO;DE_USDTRYK_EPO;D_USDTRYK;2026-05-25;66.1;66;0.15;0;0;0;0;0;0;0;0;0;0;0;;;;;
2026-04-22;O_USDTRYKE0526P45000;USDTRY_05/2026_AVRUPA_OPSIYON;D_CR;CRO;D_CR_EPO;DE_USDTRYK_EPO;D_USDTRYK;2026-05-25;137.6;136.1;1.1;0;0;0;0;0;0;0;0;0;0;0;;;;;
2026-04-22;O_USDTRYKE0526P45500;USDTRY_05/2026_AVRUPA_OPSIYON;D_CR;CRO;D_CR_EPO;DE_USDTRYK_EPO;D_USDTRYK;2026-05-25;257.9;253.9;1.58;0;0;0;0;0;0;0;0;0;1400;0;;;;;
2026-04-22;O_USDTRYKE0526P46000;USDTRY_05/2026_AVRUPA_OPSIYON;D_CR;CRO;D_CR_EPO;DE_USDTRYK_EPO;D_USDTRYK;2026-05-25;440;431.9;1.88;232;173.9;280;173.9;206.9;94668000;425857.4;2058;25;12752;1878;;;;;
2026-04-22;O_USDTRYKE0526P46500;USDTRY_05/2026_AVRUPA_OPSIYON;D_CR;CRO;D_CR_EPO;DE_USDTRYK_EPO;D_USDTRYK;2026-05-25;691.1;680.8;1.51;577.3;550.1;577.3;560;569.2;19297500;236211.5;415;5;6269;215;;;;;
2026-04-22;O_USDTRYKE0526P47000;USDTRY_05/2026_AVRUPA_OPSIYON;D_CR;CRO;D_CR_EPO;DE_USDTRYK_EPO;D_USDTRYK;2026-05-25;1094.5;1083.9;0.98;950;943;950;943;946.5;9400000;189300;200;2;12610;0;;;;;
2026-04-22;O_USDTRYKE0526P47500;USDTRY_05/2026_AVRUPA_OPSIYON;D_CR;CRO;D_CR_EPO;DE_USDTRYK_EPO;D_USDTRYK;2026-05-25;1529.3;1518.6;0.7;0;0;0;0;0;0;0;0;0;2350;0;;;;;
2026-04-22;O_USDTRYKE0526P48000;USDTRY_05/2026_AVRUPA_OPSIYON;D_CR;CRO;D_CR_EPO;DE_USDTRYK_EPO;D_USDTRYK;2026-05-25;1982.1;1971.5;0.54;0;0;0;0;0;0;0;0;0;0;0;;;;;
2026-04-22;O_USDTRYKE0626C47000;USDTRY_06/2026_AVRUPA_OPSIYON;D_CR;CRO;D_CR_ECO;DE_USDTRYK_ECO;D_USDTRYK;2026-06-30;1157.1;;0;0;0;0;0;0;0;0;0;0;0;0;;;;;
2026-04-22;O_USDTRYKE0626C48000;USDTRY_06/2026_AVRUPA_OPSIYON;D_CR;CRO;D_CR_ECO;DE_USDTRYK_ECO;D_USDTRYK;2026-06-30;868.3;888.5;-2.27;0;0;0;0;0;0;0;0;0;38;0;;;;;
2026-04-22;O_USDTRYKE0626C48500;USDTRY_06/2026_AVRUPA_OPSIYON;D_CR;CRO;D_CR_ECO;DE_USDTRYK_ECO;D_USDTRYK;2026-06-30;778.5;799;-2.57;480.1;480;480.1;480;480;55775000;552018.7;1150;8;26839;1150;;;;;
2026-04-22;O_USDTRYKE0626C49000;USDTRY_06/2026_AVRUPA_OPSIYON;D_CR;CRO;D_CR_ECO;DE_USDTRYK_ECO;D_USDTRYK;2026-06-30;710.7;731.8;-2.88;420.1;415.2;420.2;415.2;418.5;147000000;1255404.4;3000;9;46795;3000;;;;;
2026-04-22;O_USDTRYKE0626C49500;USDTRY_06/2026_AVRUPA_OPSIYON;D_CR;CRO;D_CR_ECO;DE_USDTRYK_ECO;D_USDTRYK;2026-06-30;659;680.8;-3.2;360.2;360.2;360.2;360.2;360.2;49500000;360200;1000;4;26281;1000;;;;;
2026-04-22;O_USDTRYKE0626C50000;USDTRY_06/2026_AVRUPA_OPSIYON;D_CR;CRO;D_CR_ECO;DE_USDTRYK_ECO;D_USDTRYK;2026-06-30;619.4;641.9;-3.51;0;0;0;0;0;0;0;0;0;19157;0;;;;;
2026-04-22;O_USDTRYKE0626C51000;USDTRY_06/2026_AVRUPA_OPSIYON;D_CR;CRO;D_CR_ECO;DE_USDTRYK_ECO;D_USDTRYK;2026-06-30;565.4;589.4;-4.07;0;0;0;0;0;0;0;0;0;13355;0;;;;;
2026-04-22;O_USDTRYKE0626C52000;USDTRY_06/2026_AVRUPA_OPSIYON;D_CR;CRO;D_CR_ECO;DE_USDTRYK_ECO;D_USDTRYK;2026-06-30;538.2;561.6;-4.17;0;0;0;0;0;0;0;0;0;2005;0;;;;;
2026-04-22;O_USDTRYKE0626C53000;USDTRY_06/2026_AVRUPA_OPSIYON;D_CR;CRO;D_CR_ECO;DE_USDTRYK_ECO;D_USDTRYK;2026-06-30;463.6;485.2;-4.45;304;304;304;304;304;53000;304;1;1;75;1;;;;;
2026-04-22;O_USDTRYKE0626P44000;USDTRY_06/2026_AVRUPA_OPSIYON;D_CR;CRO;D_CR_EPO;DE_USDTRYK_EPO;D_USDTRYK;2026-06-30;24.6;;0;0;0;0;0;0;0;0;0;0;0;0;;;;;
2026-04-22;O_USDTRYKE0626P44500;USDTRY_06/2026_AVRUPA_OPSIYON;D_CR;CRO;D_CR_EPO;DE_USDTRYK_EPO;D_USDTRYK;2026-06-30;46.6;46.2;0.87;0;0;0;0;0;0;0;0;0;0;0;;;;;
2026-04-22;O_USDTRYKE0626P45000;USDTRY_06/2026_AVRUPA_OPSIYON;D_CR;CRO;D_CR_EPO;DE_USDTRYK_EPO;D_USDTRYK;2026-06-30;83.3;82.3;1.22;0;0;0;0;0;0;0;0;0;0;0;;;;;
2026-04-22;O_USDTRYKE0626P45500;USDTRY_06/2026_AVRUPA_OPSIYON;D_CR;CRO;D_CR_EPO;DE_USDTRYK_EPO;D_USDTRYK;2026-06-30;140.8;138.9;1.37;0;0;0;0;0;0;0;0;0;0;0;;;;;
2026-04-22;O_USDTRYKE0626P46000;USDTRY_06/2026_AVRUPA_OPSIYON;D_CR;CRO;D_CR_EPO;DE_USDTRYK_EPO;D_USDTRYK;2026-06-30;225.8;222.5;1.48;0;0;0;0;0;0;0;0;0;0;0;;;;;
2026-04-22;O_USDTRYKE0626P46500;USDTRY_06/2026_AVRUPA_OPSIYON;D_CR;CRO;D_CR_EPO;DE_USDTRYK_EPO;D_USDTRYK;2026-06-30;345.2;339.8;1.59;100;100;100;100;100;46500;100;1;1;34;1;;;;;
2026-04-22;O_USDTRYKE0626P47000;USDTRY_06/2026_AVRUPA_OPSIYON;D_CR;CRO;D_CR_EPO;DE_USDTRYK_EPO;D_USDTRYK;2026-06-30;544.2;501.7;8.47;200;200;200;200;200;47000;200;1;1;302;-1;;;;;
2026-04-22;O_USDTRYKE0626P47500;USDTRY_06/2026_AVRUPA_OPSIYON;D_CR;CRO;D_CR_EPO;DE_USDTRYK_EPO;D_USDTRYK;2026-06-30;827.2;793.2;4.29;0;0;0;0;0;0;0;0;0;0;0;;;;;
2026-04-22;O_USDTRYKE0626P48000;USDTRY_06/2026_AVRUPA_OPSIYON;D_CR;CRO;D_CR_EPO;DE_USDTRYK_EPO;D_USDTRYK;2026-06-30;1196.7;1181.3;1.3;0;0;0;0;0;0;0;0;0;1000;0;;;;;
2026-04-22;O_USDTRYKE0626P48500;USDTRY_06/2026_AVRUPA_OPSIYON;D_CR;CRO;D_CR_EPO;DE_USDTRYK_EPO;D_USDTRYK;2026-06-30;1577.5;1562.1;0.99;0;0;0;0;0;0;0;0;0;200;0;;;;;
2026-04-22;O_USDTRYKE0626P49000;USDTRY_06/2026_AVRUPA_OPSIYON;D_CR;CRO;D_CR_EPO;DE_USDTRYK_EPO;D_USDTRYK;2026-06-30;1980.4;1965.1;0.78;0;0;0;0;0;0;0;0;0;0;0;;;;;
2026-04-22;O_USDTRYKE0626P49500;USDTRY_06/2026_AVRUPA_OPSIYON;D_CR;CRO;D_CR_EPO;DE_USDTRYK_EPO;D_USDTRYK;2026-06-30;2399.4;2384.3;0.63;0;0;0;0;0;0;0;0;0;0;0;;;;;
2026-04-22;O_USDTRYKE0626P50000;USDTRY_06/2026_AVRUPA_OPSIYON;D_CR;CRO;D_CR_EPO;DE_USDTRYK_EPO;D_USDTRYK;2026-06-30;2830.4;2815.6;0.53;0;0;0;0;0;0;0;0;0;0;0;;;;;
2026-04-22;O_VAKBNE0426C30.00;VAKBN_04/2026_AVRUPA_OPSIYON;D_EQ;SSO;D_EQ_ECP;DE_VAKBN_ECP;VAKBN.E;2026-04-30;3.62;4.03;-10.17;0;0;0;0;0;0;0;0;0;50;0;;;;;
2026-04-22;O_VAKBNE0426C31.00;VAKBN_04/2026_AVRUPA_OPSIYON;D_EQ;SSO;D_EQ_ECP;DE_VAKBN_ECP;VAKBN.E;2026-04-30;2.71;3.11;-12.86;0;0;0;0;0;0;0;0;0;434;0;;;;;
2026-04-22;O_VAKBNE0426C32.00;VAKBN_04/2026_AVRUPA_OPSIYON;D_EQ;SSO;D_EQ_ECP;DE_VAKBN_ECP;VAKBN.E;2026-04-30;1.88;2.25;-16.44;0;0;0;0;0;0;0;0;0;480;0;;;;;
2026-04-22;O_VAKBNE0426C33.00;VAKBN_04/2026_AVRUPA_OPSIYON;D_EQ;SSO;D_EQ_ECP;DE_VAKBN_ECP;VAKBN.E;2026-04-30;1.2;1.53;-21.57;1.56;1.56;1.56;1.56;1.56;577500;27300;175;7;813;25;;;;;
2026-04-22;O_VAKBNE0426C34.00;VAKBN_04/2026_AVRUPA_OPSIYON;D_EQ;SSO;D_EQ_ECP;DE_VAKBN_ECP;VAKBN.E;2026-04-30;0.7;0.95;-26.32;0;0;0;0;0;0;0;0;0;200;0;;;;;
2026-04-22;O_VAKBNE0426C35.00;VAKBN_04/2026_AVRUPA_OPSIYON;D_EQ;SSO;D_EQ_ECP;DE_VAKBN_ECP;VAKBN.E;2026-04-30;0.36;0.55;-34.55;0;0;0;0;0;0;0;0;0;426;0;;;;;
2026-04-22;O_VAKBNE0426C36.00;VAKBN_04/2026_AVRUPA_OPSIYON;D_EQ;SSO;D_EQ_ECP;DE_VAKBN_ECP;VAKBN.E;2026-04-30;0.17;0.29;-41.38;0;0;0;0;0;0;0;0;0;25;0;;;;;
2026-04-22;O_VAKBNE0426C37.00;VAKBN_04/2026_AVRUPA_OPSIYON;D_EQ;SSO;D_EQ_ECP;DE_VAKBN_ECP;VAKBN.E;2026-04-30;0.07;0.14;-50;0;0;0;0;0;0;0;0;0;25;0;;;;;
2026-04-22;O_VAKBNE0426C38.00;VAKBN_04/2026_AVRUPA_OPSIYON;D_EQ;SSO;D_EQ_ECP;DE_VAKBN_ECP;VAKBN.E;2026-04-30;0.03;0.07;-57.14;0;0;0;0;0;0;0;0;0;207;0;;;;;
2026-04-22;O_VAKBNE0426C39.00;VAKBN_04/2026_AVRUPA_OPSIYON;D_EQ;SSO;D_EQ_ECP;DE_VAKBN_ECP;VAKBN.E;2026-04-30;0.01;0.03;-66.67;0;0;0;0;0;0;0;0;0;0;0;;;;;
2026-04-22;O_VAKBNE0426C40.00;VAKBN_04/2026_AVRUPA_OPSIYON;D_EQ;SSO;D_EQ_ECP;DE_VAKBN_ECP;VAKBN.E;2026-04-30;0.01;0.01;0;0;0;0;0;0;0;0;0;0;0;0;;;;;
2026-04-22;O_VAKBNE0426C41.00;VAKBN_04/2026_AVRUPA_OPSIYON;D_EQ;SSO;D_EQ_ECP;DE_VAKBN_ECP;VAKBN.E;2026-04-30;0.01;0.01;0;0;0;0;0;0;0;0;0;0;0;0;;;;;
2026-04-22;O_VAKBNE0426C42.00;VAKBN_04/2026_AVRUPA_OPSIYON;D_EQ;SSO;D_EQ_ECP;DE_VAKBN_ECP;VAKBN.E;2026-04-30;0.01;0.01;0;0;0;0;0;0;0;0;0;0;0;0;;;;;
2026-04-22;O_VAKBNE0426C43.00;VAKBN_04/2026_AVRUPA_OPSIYON;D_EQ;SSO;D_EQ_ECP;DE_VAKBN_ECP;VAKBN.E;2026-04-30;0.01;0.01;0;0;0;0;0;0;0;0;0;0;0;0;;;;;
2026-04-22;O_VAKBNE0426C44.00;VAKBN_04/2026_AVRUPA_OPSIYON;D_EQ;SSO;D_EQ_ECP;DE_VAKBN_ECP;VAKBN.E;2026-04-30;0.01;0.01;0;0;0;0;0;0;0;0;0;0;0;0;;;;;
2026-04-22;O_VAKBNE0426C45.00;VAKBN_04/2026_AVRUPA_OPSIYON;D_EQ;SSO;D_EQ_ECP;DE_VAKBN_ECP;VAKBN.E;2026-04-30;0.01;0.01;0;0;0;0;0;0;0;0;0;0;0;0;;;;;
2026-04-22;O_VAKBNE0426C46.00;VAKBN_04/2026_AVRUPA_OPSIYON;D_EQ;SSO;D_EQ_ECP;DE_VAKBN_ECP;VAKBN.E;2026-04-30;0.01;0.01;0;0;0;0;0;0;0;0;0;0;0;0;;;;;
2026-04-22;O_VAKBNE0426C47.00;VAKBN_04/2026_AVRUPA_OPSIYON;D_EQ;SSO;D_EQ_ECP;DE_VAKBN_ECP;VAKBN.E;2026-04-30;0.01;0.01;0;0;0;0;0;0;0;0;0;0;0;0;;;;;
2026-04-22;O_VAKBNE0426C48.00;VAKBN_04/2026_AVRUPA_OPSIYON;D_EQ;SSO;D_EQ_ECP;DE_VAKBN_ECP;VAKBN.E;2026-04-30;0.01;0.01;0;0;0;0;0;0;0;0;0;0;0;0;;;;;
2026-04-22;O_VAKBNE0426C49.00;VAKBN_04/2026_AVRUPA_OPSIYON;D_EQ;SSO;D_EQ_ECP;DE_VAKBN_ECP;VAKBN.E;2026-04-30;0.01;0.01;0;0;0;0;0;0;0;0;0;0;0;0;;;;;
2026-04-22;O_VAKBNE0426C50.00;VAKBN_04/2026_AVRUPA_OPSIYON;D_EQ;SSO;D_EQ_ECP;DE_VAKBN_ECP;VAKBN.E;2026-04-30;0.01;0.01;0;0;0;0;0;0;0;0;0;0;0;0;;;;;
2026-04-22;O_VAKBNE0426C52.00;VAKBN_04/2026_AVRUPA_OPSIYON;D_EQ;SSO;D_EQ_ECP;DE_VAKBN_ECP;VAKBN.E;2026-04-30;0.01;0.01;0;0;0;0;0;0;0;0;0;0;0;0;;;;;
2026-04-22;O_VAKBNE0426P25.00;VAKBN_04/2026_AVRUPA_OPSIYON;D_EQ;SSO;D_EQ_EPP;DE_VAKBN_EPP;VAKBN.E;2026-04-30;0.01;0.01;0;0;0;0;0;0;0;0;0;0;0;0;;;;;
2026-04-22;O_VAKBNE0426P26.00;VAKBN_04/2026_AVRUPA_OPSIYON;D_EQ;SSO;D_EQ_EPP;DE_VAKBN_EPP;VAKBN.E;2026-04-30;0.01;0.01;0;0;0;0;0;0;0;0;0;0;0;0;;;;;
2026-04-22;O_VAKBNE0426P27.00;VAKBN_04/2026_AVRUPA_OPSIYON;D_EQ;SSO;D_EQ_EPP;DE_VAKBN_EPP;VAKBN.E;2026-04-30;0.01;0.01;0;0;0;0;0;0;0;0;0;0;0;0;;;;;
2026-04-22;O_VAKBNE0426P28.00;VAKBN_04/2026_AVRUPA_OPSIYON;D_EQ;SSO;D_EQ_EPP;DE_VAKBN_EPP;VAKBN.E;2026-04-30;0.01;0.01;0;0;0;0;0;0;0;0;0;0;0;0;;;;;
2026-04-22;O_VAKBNE0426P29.00;VAKBN_04/2026_AVRUPA_OPSIYON;D_EQ;SSO;D_EQ_EPP;DE_VAKBN_EPP;VAKBN.E;2026-04-30;0.01;0.01;0;0;0;0;0;0;0;0;0;0;0;0;;;;;
2026-04-22;O_VAKBNE0426P30.00;VAKBN_04/2026_AVRUPA_OPSIYON;D_EQ;SSO;D_EQ_EPP;DE_VAKBN_EPP;VAKBN.E;2026-04-30;0.03;0.03;0;0;0;0;0;0;0;0;0;0;275;0;;;;;
2026-04-22;O_VAKBNE0426P31.00;VAKBN_04/2026_AVRUPA_OPSIYON;D_EQ;SSO;D_EQ_EPP;DE_VAKBN_EPP;VAKBN.E;2026-04-30;0.11;0.1;10;0;0;0;0;0;0;0;0;0;1411;0;;;;;
2026-04-22;O_VAKBNE0426P32.00;VAKBN_04/2026_AVRUPA_OPSIYON;D_EQ;SSO;D_EQ_EPP;DE_VAKBN_EPP;VAKBN.E;2026-04-30;0.28;0.24;16.67;0;0;0;0;0;0;0;0;0;459;0;;;;;
2026-04-22;O_VAKBNE0426P33.00;VAKBN_04/2026_AVRUPA_OPSIYON;D_EQ;SSO;D_EQ_EPP;DE_VAKBN_EPP;VAKBN.E;2026-04-30;0.59;0.5;18;0;0;0;0;0;0;0;0;0;1141;0;;;;;
2026-04-22;O_VAKBNE0426P34.00;VAKBN_04/2026_AVRUPA_OPSIYON;D_EQ;SSO;D_EQ_EPP;DE_VAKBN_EPP;VAKBN.E;2026-04-30;1.07;0.92;16.3;0;0;0;0;0;0;0;0;0;200;0;;;;;
2026-04-22;O_VAKBNE0426P35.00;VAKBN_04/2026_AVRUPA_OPSIYON;D_EQ;SSO;D_EQ_EPP;DE_VAKBN_EPP;VAKBN.E;2026-04-30;1.73;1.5;15.33;1.44;1.44;1.44;1.44;1.44;875000;36000;250;10;425;250;;;;;
2026-04-22;O_VAKBNE0426P36.00;VAKBN_04/2026_AVRUPA_OPSIYON;D_EQ;SSO;D_EQ_EPP;DE_VAKBN_EPP;VAKBN.E;2026-04-30;2.53;2.23;13.45;0;0;0;0;0;0;0;0;0;333;0;;;;;
2026-04-22;O_VAKBNE0426P37.00;VAKBN_04/2026_AVRUPA_OPSIYON;D_EQ;SSO;D_EQ_EPP;DE_VAKBN_EPP;VAKBN.E;2026-04-30;3.43;3.08;11.36;0;0;0;0;0;0;0;0;0;190;0;;;;;
2026-04-22;O_VAKBNE0426P38.00;VAKBN_04/2026_AVRUPA_OPSIYON;D_EQ;SSO;D_EQ_EPP;DE_VAKBN_EPP;VAKBN.E;2026-04-30;4.37;3.99;9.52;0;0;0;0;0;0;0;0;0;50;0;;;;;
2026-04-22;O_VAKBNE0426P39.00;VAKBN_04/2026_AVRUPA_OPSIYON;D_EQ;SSO;D_EQ_EPP;DE_VAKBN_EPP;VAKBN.E;2026-04-30;5.35;4.95;8.08;0;0;0;0;0;0;0;0;0;50;0;;;;;
2026-04-22;O_VAKBNE0426P40.00;VAKBN_04/2026_AVRUPA_OPSIYON;D_EQ;SSO;D_EQ_EPP;DE_VAKBN_EPP;VAKBN.E;2026-04-30;6.33;5.92;6.93;0;0;0;0;0;0;0;0;0;25;0;;;;;
2026-04-22;O_VAKBNE0426P41.00;VAKBN_04/2026_AVRUPA_OPSIYON;D_EQ;SSO;D_EQ_EPP;DE_VAKBN_EPP;VAKBN.E;2026-04-30;7.32;6.9;6.09;0;0;0;0;0;0;0;0;0;25;0;;;;;
2026-04-22;O_VAKBNE0426P42.00;VAKBN_04/2026_AVRUPA_OPSIYON;D_EQ;SSO;D_EQ_EPP;DE_VAKBN_EPP;VAKBN.E;2026-04-30;8.31;7.89;5.32;0;0;0;0;0;0;0;0;0;0;0;;;;;
2026-04-22;O_VAKBNE0426P43.00;VAKBN_04/2026_AVRUPA_OPSIYON;D_EQ;SSO;D_EQ_EPP;DE_VAKBN_EPP;VAKBN.E;2026-04-30;9.3;8.88;4.73;0;0;0;0;0;0;0;0;0;0;0;;;;;
2026-04-22;O_VAKBNE0426P44.00;VAKBN_04/2026_AVRUPA_OPSIYON;D_EQ;SSO;D_EQ_EPP;DE_VAKBN_EPP;VAKBN.E;2026-04-30;10.3;9.87;4.36;0;0;0;0;0;0;0;0;0;0;0;;;;;
2026-04-22;O_VAKBNE0426P45.00;VAKBN_04/2026_AVRUPA_OPSIYON;D_EQ;SSO;D_EQ_EPP;DE_VAKBN_EPP;VAKBN.E;2026-04-30;11.29;10.86;3.96;0;0;0;0;0;0;0;0;0;0;0;;;;;
2026-04-22;O_VAKBNE0426P46.00;VAKBN_04/2026_AVRUPA_OPSIYON;D_EQ;SSO;D_EQ_EPP;DE_VAKBN_EPP;VAKBN.E;2026-04-30;12.28;11.85;3.63;0;0;0;0;0;0;0;0;0;0;0;;;;;
2026-04-22;O_VAKBNE0526C31.00;VAKBN_05/2026_AVRUPA_OPSIYON;D_EQ;SSO;D_EQ_ECP;DE_VAKBN_ECP;VAKBN.E;2026-05-25;3.89;4.27;-8.9;0;0;0;0;0;0;0;0;0;0;0;;;;;
2026-04-22;O_VAKBNE0526C32.00;VAKBN_05/2026_AVRUPA_OPSIYON;D_EQ;SSO;D_EQ_ECP;DE_VAKBN_ECP;VAKBN.E;2026-05-25;3.18;3.53;-9.92;0;0;0;0;0;0;0;0;0;0;0;;;;;
2026-04-22;O_VAKBNE0526C33.00;VAKBN_05/2026_AVRUPA_OPSIYON;D_EQ;SSO;D_EQ_ECP;DE_VAKBN_ECP;VAKBN.E;2026-05-25;2.55;2.86;-10.84;0;0;0;0;0;0;0;0;0;0;0;;;;;
2026-04-22;O_VAKBNE0526C34.00;VAKBN_05/2026_AVRUPA_OPSIYON;D_EQ;SSO;D_EQ_ECP;DE_VAKBN_ECP;VAKBN.E;2026-05-25;2;2.28;-12.28;0;0;0;0;0;0;0;0;0;25;0;;;;;
2026-04-22;O_VAKBNE0526C35.00;VAKBN_05/2026_AVRUPA_OPSIYON;D_EQ;SSO;D_EQ_ECP;DE_VAKBN_ECP;VAKBN.E;2026-05-25;1.54;1.79;-13.97;0;0;0;0;0;0;0;0;0;25;0;;;;;
2026-04-22;O_VAKBNE0526C36.00;VAKBN_05/2026_AVRUPA_OPSIYON;D_EQ;SSO;D_EQ_ECP;DE_VAKBN_ECP;VAKBN.E;2026-05-25;1.17;1.38;-15.22;0;0;0;0;0;0;0;0;0;0;0;;;;;
2026-04-22;O_VAKBNE0526C37.00;VAKBN_05/2026_AVRUPA_OPSIYON;D_EQ;SSO;D_EQ_ECP;DE_VAKBN_ECP;VAKBN.E;2026-05-25;0.87;1.05;-17.14;0;0;0;0;0;0;0;0;0;25;0;;;;;
2026-04-22;O_VAKBNE0526C38.00;VAKBN_05/2026_AVRUPA_OPSIYON;D_EQ;SSO;D_EQ_ECP;DE_VAKBN_ECP;VAKBN.E;2026-05-25;0.64;0.8;-20;0;0;0;0;0;0;0;0;0;200;0;;;;;
2026-04-22;O_VAKBNE0526C39.00;VAKBN_05/2026_AVRUPA_OPSIYON;D_EQ;SSO;D_EQ_ECP;DE_VAKBN_ECP;VAKBN.E;2026-05-25;0.46;0.6;-23.33;0;0;0;0;0;0;0;0;0;0;0;;;;;
2026-04-22;O_VAKBNE0526C40.00;VAKBN_05/2026_AVRUPA_OPSIYON;D_EQ;SSO;D_EQ_ECP;DE_VAKBN_ECP;VAKBN.E;2026-05-25;0.33;0.45;-26.67;0;0;0;0;0;0;0;0;0;0;0;;;;;
2026-04-22;O_VAKBNE0526C41.00;VAKBN_05/2026_AVRUPA_OPSIYON;D_EQ;SSO;D_EQ_ECP;DE_VAKBN_ECP;VAKBN.E;2026-05-25;0.23;0.33;-30.3;0;0;0;0;0;0;0;0;0;0;0;;;;;
2026-04-22;O_VAKBNE0526C42.00;VAKBN_05/2026_AVRUPA_OPSIYON;D_EQ;SSO;D_EQ_ECP;DE_VAKBN_ECP;VAKBN.E;2026-05-25;0.16;0.25;-36;0;0;0;0;0;0;0;0;0;500;0;;;;;
2026-04-22;O_VAKBNE0526C43.00;VAKBN_05/2026_AVRUPA_OPSIYON;D_EQ;SSO;D_EQ_ECP;DE_VAKBN_ECP;VAKBN.E;2026-05-25;0.11;0.18;-38.89;0;0;0;0;0;0;0;0;0;0;0;;;;;
2026-04-22;O_VAKBNE0526C44.00;VAKBN_05/2026_AVRUPA_OPSIYON;D_EQ;SSO;D_EQ_ECP;DE_VAKBN_ECP;VAKBN.E;2026-05-25;0.07;0.13;-46.15;0;0;0;0;0;0;0;0;0;0;0;;;;;
2026-04-22;O_VAKBNE0526C45.00;VAKBN_05/2026_AVRUPA_OPSIYON;D_EQ;SSO;D_EQ_ECP;DE_VAKBN_ECP;VAKBN.E;2026-05-25;0.05;0.1;-50;0;0;0;0;0;0;0;0;0;0;0;;;;;
2026-04-22;O_VAKBNE0526C46.00;VAKBN_05/2026_AVRUPA_OPSIYON;D_EQ;SSO;D_EQ_ECP;DE_VAKBN_ECP;VAKBN.E;2026-05-25;0.03;0.07;-57.14;0;0;0;0;0;0;0;0;0;0;0;;;;;
2026-04-22;O_VAKBNE0526C47.00;VAKBN_05/2026_AVRUPA_OPSIYON;D_EQ;SSO;D_EQ_ECP;DE_VAKBN_ECP;VAKBN.E;2026-05-25;0.02;0.05;-60;0;0;0;0;0;0;0;0;0;0;0;;;;;
2026-04-22;O_VAKBNE0526C48.00;VAKBN_05/2026_AVRUPA_OPSIYON;D_EQ;SSO;D_EQ_ECP;DE_VAKBN_ECP;VAKBN.E;2026-05-25;0.01;0.04;-75;0;0;0;0;0;0;0;0;0;0;0;;;;;
2026-04-22;O_VAKBNE0526C49.00;VAKBN_05/2026_AVRUPA_OPSIYON;D_EQ;SSO;D_EQ_ECP;DE_VAKBN_ECP;VAKBN.E;2026-05-25;0.01;0.03;-66.67;0;0;0;0;0;0;0;0;0;0;0;;;;;
2026-04-22;O_VAKBNE0526C50.00;VAKBN_05/2026_AVRUPA_OPSIYON;D_EQ;SSO;D_EQ_ECP;DE_VAKBN_ECP;VAKBN.E;2026-05-25;0.01;0.02;-50;0;0;0;0;0;0;0;0;0;0;0;;;;;
2026-04-22;O_VAKBNE0526P26.00;VAKBN_05/2026_AVRUPA_OPSIYON;D_EQ;SSO;D_EQ_EPP;DE_VAKBN_EPP;VAKBN.E;2026-05-25;0.03;0.03;0;0;0;0;0;0;0;0;0;0;0;0;;;;;
2026-04-22;O_VAKBNE0526P27.00;VAKBN_05/2026_AVRUPA_OPSIYON;D_EQ;SSO;D_EQ_EPP;DE_VAKBN_EPP;VAKBN.E;2026-05-25;0.05;0.06;-16.67;0;0;0;0;0;0;0;0;0;0;0;;;;;
2026-04-22;O_VAKBNE0526P28.00;VAKBN_05/2026_AVRUPA_OPSIYON;D_EQ;SSO;D_EQ_EPP;DE_VAKBN_EPP;VAKBN.E;2026-05-25;0.1;0.11;-9.09;0;0;0;0;0;0;0;0;0;0;0;;;;;
2026-04-22;O_VAKBNE0526P29.00;VAKBN_05/2026_AVRUPA_OPSIYON;D_EQ;SSO;D_EQ_EPP;DE_VAKBN_EPP;VAKBN.E;2026-05-25;0.19;0.19;0;0;0;0;0;0;0;0;0;0;0;0;;;;;
2026-04-22;O_VAKBNE0526P30.00;VAKBN_05/2026_AVRUPA_OPSIYON;D_EQ;SSO;D_EQ_EPP;DE_VAKBN_EPP;VAKBN.E;2026-05-25;0.31;0.3;3.33;0;0;0;0;0;0;0;0;0;0;0;;;;;
2026-04-22;O_VAKBNE0526P31.00;VAKBN_05/2026_AVRUPA_OPSIYON;D_EQ;SSO;D_EQ_EPP;DE_VAKBN_EPP;VAKBN.E;2026-05-25;0.5;0.47;6.38;0;0;0;0;0;0;0;0;0;325;0;;;;;
2026-04-22;O_VAKBNE0526P32.00;VAKBN_05/2026_AVRUPA_OPSIYON;D_EQ;SSO;D_EQ_EPP;DE_VAKBN_EPP;VAKBN.E;2026-05-25;0.76;0.69;10.14;0;0;0;0;0;0;0;0;0;0;0;;;;;
2026-04-22;O_VAKBNE0526P33.00;VAKBN_05/2026_AVRUPA_OPSIYON;D_EQ;SSO;D_EQ_EPP;DE_VAKBN_EPP;VAKBN.E;2026-05-25;1.09;0.99;10.1;0;0;0;0;0;0;0;0;0;0;0;;;;;
2026-04-22;O_VAKBNE0526P34.00;VAKBN_05/2026_AVRUPA_OPSIYON;D_EQ;SSO;D_EQ_EPP;DE_VAKBN_EPP;VAKBN.E;2026-05-25;1.51;1.38;9.42;0;0;0;0;0;0;0;0;0;0;0;;;;;
2026-04-22;O_VAKBNE0526P35.00;VAKBN_05/2026_AVRUPA_OPSIYON;D_EQ;SSO;D_EQ_EPP;DE_VAKBN_EPP;VAKBN.E;2026-05-25;2.02;1.85;9.19;0;0;0;0;0;0;0;0;0;0;0;;;;;
2026-04-22;O_VAKBNE0526P36.00;VAKBN_05/2026_AVRUPA_OPSIYON;D_EQ;SSO;D_EQ_EPP;DE_VAKBN_EPP;VAKBN.E;2026-05-25;2.61;2.41;8.3;0;0;0;0;0;0;0;0;0;0;0;;;;;
2026-04-22;O_VAKBNE0526P37.00;VAKBN_05/2026_AVRUPA_OPSIYON;D_EQ;SSO;D_EQ_EPP;DE_VAKBN_EPP;VAKBN.E;2026-05-25;3.28;3.05;7.54;0;0;0;0;0;0;0;0;0;0;0;;;;;
2026-04-22;O_VAKBNE0526P38.00;VAKBN_05/2026_AVRUPA_OPSIYON;D_EQ;SSO;D_EQ_EPP;DE_VAKBN_EPP;VAKBN.E;2026-05-25;4.01;3.76;6.65;0;0;0;0;0;0;0;0;0;0;0;;;;;
2026-04-22;O_VAKBNE0526P39.00;VAKBN_05/2026_AVRUPA_OPSIYON;D_EQ;SSO;D_EQ_EPP;DE_VAKBN_EPP;VAKBN.E;2026-05-25;4.8;4.53;5.96;0;0;0;0;0;0;0;0;0;0;0;;;;;
2026-04-22;O_VAKBNE0526P40.00;VAKBN_05/2026_AVRUPA_OPSIYON;D_EQ;SSO;D_EQ_EPP;DE_VAKBN_EPP;VAKBN.E;2026-05-25;5.64;5.34;5.62;0;0;0;0;0;0;0;0;0;0;0;;;;;
2026-04-22;O_VAKBNE0526P41.00;VAKBN_05/2026_AVRUPA_OPSIYON;D_EQ;SSO;D_EQ_EPP;DE_VAKBN_EPP;VAKBN.E;2026-05-25;6.5;6.19;5.01;0;0;0;0;0;0;0;0;0;0;0;;;;;
2026-04-22;O_VAKBNE0526P42.00;VAKBN_05/2026_AVRUPA_OPSIYON;D_EQ;SSO;D_EQ_EPP;DE_VAKBN_EPP;VAKBN.E;2026-05-25;7.4;7.07;4.67;0;0;0;0;0;0;0;0;0;0;0;;;;;
2026-04-22;O_VAKBNE0526P43.00;VAKBN_05/2026_AVRUPA_OPSIYON;D_EQ;SSO;D_EQ_EPP;DE_VAKBN_EPP;VAKBN.E;2026-05-25;8.32;7.97;4.39;0;0;0;0;0;0;0;0;0;0;0;;;;;
2026-04-22;O_VAKBNE0526P44.00;VAKBN_05/2026_AVRUPA_OPSIYON;D_EQ;SSO;D_EQ_EPP;DE_VAKBN_EPP;VAKBN.E;2026-05-25;9.25;8.88;4.17;0;0;0;0;0;0;0;0;0;0;0;;;;;
2026-04-22;O_VAKBNE0526P45.00;VAKBN_05/2026_AVRUPA_OPSIYON;D_EQ;SSO;D_EQ_EPP;DE_VAKBN_EPP;VAKBN.E;2026-05-25;10.19;9.81;3.87;0;0;0;0;0;0;0;0;0;0;0;;;;;
2026-04-22;O_VAKBNE0626C32.00;VAKBN_06/2026_AVRUPA_OPSIYON;D_EQ;SSO;D_EQ_ECP;DE_VAKBN_ECP;VAKBN.E;2026-06-30;4.91;5.29;-7.18;0;0;0;0;0;0;0;0;0;0;0;;;;;
2026-04-22;O_VAKBNE0626C33.00;VAKBN_06/2026_AVRUPA_OPSIYON;D_EQ;SSO;D_EQ_ECP;DE_VAKBN_ECP;VAKBN.E;2026-06-30;4.28;4.63;-7.56;0;0;0;0;0;0;0;0;0;0;0;;;;;
2026-04-22;O_VAKBNE0626C34.00;VAKBN_06/2026_AVRUPA_OPSIYON;D_EQ;SSO;D_EQ_ECP;DE_VAKBN_ECP;VAKBN.E;2026-06-30;3.7;4.01;-7.73;0;0;0;0;0;0;0;0;0;0;0;;;;;
2026-04-22;O_VAKBNE0626C35.00;VAKBN_06/2026_AVRUPA_OPSIYON;D_EQ;SSO;D_EQ_ECP;DE_VAKBN_ECP;VAKBN.E;2026-06-30;3.17;3.46;-8.38;0;0;0;0;0;0;0;0;0;0;0;;;;;
2026-04-22;O_VAKBNE0626C36.00;VAKBN_06/2026_AVRUPA_OPSIYON;D_EQ;SSO;D_EQ_ECP;DE_VAKBN_ECP;VAKBN.E;2026-06-30;2.7;2.97;-9.09;0;0;0;0;0;0;0;0;0;0;0;;;;;
2026-04-22;O_VAKBNE0626C37.00;VAKBN_06/2026_AVRUPA_OPSIYON;D_EQ;SSO;D_EQ_ECP;DE_VAKBN_ECP;VAKBN.E;2026-06-30;2.29;2.54;-9.84;0;0;0;0;0;0;0;0;0;0;0;;;;;
2026-04-22;O_VAKBNE0626C38.00;VAKBN_06/2026_AVRUPA_OPSIYON;D_EQ;SSO;D_EQ_ECP;DE_VAKBN_ECP;VAKBN.E;2026-06-30;1.93;2.16;-10.65;0;0;0;0;0;0;0;0;0;0;0;;;;;
2026-04-22;O_VAKBNE0626C39.00;VAKBN_06/2026_AVRUPA_OPSIYON;D_EQ;SSO;D_EQ_ECP;DE_VAKBN_ECP;VAKBN.E;2026-06-30;1.62;1.85;-12.43;0;0;0;0;0;0;0;0;0;0;0;;;;;
2026-04-22;O_VAKBNE0626C40.00;VAKBN_06/2026_AVRUPA_OPSIYON;D_EQ;SSO;D_EQ_ECP;DE_VAKBN_ECP;VAKBN.E;2026-06-30;1.35;1.58;-14.56;0;0;0;0;0;0;0;0;0;0;0;;;;;
2026-04-22;O_VAKBNE0626C41.00;VAKBN_06/2026_AVRUPA_OPSIYON;D_EQ;SSO;D_EQ_ECP;DE_VAKBN_ECP;VAKBN.E;2026-06-30;1.12;1.34;-16.42;0;0;0;0;0;0;0;0;0;0;0;;;;;
2026-04-22;O_VAKBNE0626C42.00;VAKBN_06/2026_AVRUPA_OPSIYON;D_EQ;SSO;D_EQ_ECP;DE_VAKBN_ECP;VAKBN.E;2026-06-30;0.92;1.14;-19.3;0;0;0;0;0;0;0;0;0;0;0;;;;;
2026-04-22;O_VAKBNE0626C43.00;VAKBN_06/2026_AVRUPA_OPSIYON;D_EQ;SSO;D_EQ_ECP;DE_VAKBN_ECP;VAKBN.E;2026-06-30;0.76;0.97;-21.65;0;0;0;0;0;0;0;0;0;0;0;;;;;
2026-04-22;O_VAKBNE0626C44.00;VAKBN_06/2026_AVRUPA_OPSIYON;D_EQ;SSO;D_EQ_ECP;DE_VAKBN_ECP;VAKBN.E;2026-06-30;0.62;0.82;-24.39;0;0;0;0;0;0;0;0;0;0;0;;;;;
2026-04-22;O_VAKBNE0626P27.00;VAKBN_06/2026_AVRUPA_OPSIYON;D_EQ;SSO;D_EQ_EPP;DE_VAKBN_EPP;VAKBN.E;2026-06-30;0.15;0.18;-16.67;0;0;0;0;0;0;0;0;0;0;0;;;;;
2026-04-22;O_VAKBNE0626P28.00;VAKBN_06/2026_AVRUPA_OPSIYON;D_EQ;SSO;D_EQ_EPP;DE_VAKBN_EPP;VAKBN.E;2026-06-30;0.23;0.25;-8;0;0;0;0;0;0;0;0;0;0;0;;;;;
2026-04-22;O_VAKBNE0626P29.00;VAKBN_06/2026_AVRUPA_OPSIYON;D_EQ;SSO;D_EQ_EPP;DE_VAKBN_EPP;VAKBN.E;2026-06-30;0.34;0.36;-5.56;0;0;0;0;0;0;0;0;0;0;0;;;;;
2026-04-22;O_VAKBNE0626P30.00;VAKBN_06/2026_AVRUPA_OPSIYON;D_EQ;SSO;D_EQ_EPP;DE_VAKBN_EPP;VAKBN.E;2026-06-30;0.49;0.49;0;0;0;0;0;0;0;0;0;0;0;0;;;;;
2026-04-22;O_VAKBNE0626P31.00;VAKBN_06/2026_AVRUPA_OPSIYON;D_EQ;SSO;D_EQ_EPP;DE_VAKBN_EPP;VAKBN.E;2026-06-30;0.68;0.66;3.03;0;0;0;0;0;0;0;0;0;0;0;;;;;
2026-04-22;O_VAKBNE0626P32.00;VAKBN_06/2026_AVRUPA_OPSIYON;D_EQ;SSO;D_EQ_EPP;DE_VAKBN_EPP;VAKBN.E;2026-06-30;0.91;0.87;4.6;0;0;0;0;0;0;0;0;0;0;0;;;;;
2026-04-22;O_VAKBNE0626P33.00;VAKBN_06/2026_AVRUPA_OPSIYON;D_EQ;SSO;D_EQ_EPP;DE_VAKBN_EPP;VAKBN.E;2026-06-30;1.19;1.12;6.25;0;0;0;0;0;0;0;0;0;0;0;;;;;
2026-04-22;O_VAKBNE0626P34.00;VAKBN_06/2026_AVRUPA_OPSIYON;D_EQ;SSO;D_EQ_EPP;DE_VAKBN_EPP;VAKBN.E;2026-06-30;1.53;1.42;7.75;0;0;0;0;0;0;0;0;0;0;0;;;;;
2026-04-22;O_VAKBNE0626P35.00;VAKBN_06/2026_AVRUPA_OPSIYON;D_EQ;SSO;D_EQ_EPP;DE_VAKBN_EPP;VAKBN.E;2026-06-30;1.92;1.79;7.26;0;0;0;0;0;0;0;0;0;0;0;;;;;
2026-04-22;O_VAKBNE0626P36.00;VAKBN_06/2026_AVRUPA_OPSIYON;D_EQ;SSO;D_EQ_EPP;DE_VAKBN_EPP;VAKBN.E;2026-06-30;2.36;2.21;6.79;0;0;0;0;0;0;0;0;0;0;0;;;;;
2026-04-22;O_VAKBNE0626P37.00;VAKBN_06/2026_AVRUPA_OPSIYON;D_EQ;SSO;D_EQ_EPP;DE_VAKBN_EPP;VAKBN.E;2026-06-30;2.87;2.69;6.69;0;0;0;0;0;0;0;0;0;0;0;;;;;
2026-04-22;O_VAKBNE0626P38.00;VAKBN_06/2026_AVRUPA_OPSIYON;D_EQ;SSO;D_EQ_EPP;DE_VAKBN_EPP;VAKBN.E;2026-06-30;3.42;3.24;5.56;0;0;0;0;0;0;0;0;0;0;0;;;;;
2026-04-22;O_VAKBNE0626P39.00;VAKBN_06/2026_AVRUPA_OPSIYON;D_EQ;SSO;D_EQ_EPP;DE_VAKBN_EPP;VAKBN.E;2026-06-30;4.03;3.84;4.95;0;0;0;0;0;0;0;0;0;0;0;;;;;
2026-04-22;O_XU030E0426C12750.00;BIST 30_04/2026_AVRUPA_OPSIYON;D_IX;INO;D_IX_ECO;DE_BIST30_ECO;D_XU030D;2026-04-30;3771.79;3871.85;-2.58;0;0;0;0;0;0;0;0;0;26;0;;;;;
2026-04-22;O_XU030E0426C13000.00;BIST 30_04/2026_AVRUPA_OPSIYON;D_IX;INO;D_IX_ECO;DE_BIST30_ECO;D_XU030D;2026-04-30;3523.37;3623.64;-2.77;0;0;0;0;0;0;0;0;0;49;0;;;;;
2026-04-22;O_XU030E0426C13250.00;BIST 30_04/2026_AVRUPA_OPSIYON;D_IX;INO;D_IX_ECO;DE_BIST30_ECO;D_XU030D;2026-04-30;3274.97;3375.44;-2.98;0;0;0;0;0;0;0;0;0;62;0;;;;;
2026-04-22;O_XU030E0426C13500.00;BIST 30_04/2026_AVRUPA_OPSIYON;D_IX;INO;D_IX_ECO;DE_BIST30_ECO;D_XU030D;2026-04-30;3026.57;3127.26;-3.22;0;0;0;0;0;0;0;0;0;259;0;;;;;
2026-04-22;O_XU030E0426C13750.00;BIST 30_04/2026_AVRUPA_OPSIYON;D_IX;INO;D_IX_ECO;DE_BIST30_ECO;D_XU030D;2026-04-30;2778.21;2879.13;-3.51;0;0;0;0;0;0;0;0;0;148;0;;;;;
2026-04-22;O_XU030E0426C14000.00;BIST 30_04/2026_AVRUPA_OPSIYON;D_IX;INO;D_IX_ECO;DE_BIST30_ECO;D_XU030D;2026-04-30;2529.93;2631.11;-3.85;0;0;0;0;0;0;0;0;0;183;0;;;;;
2026-04-22;O_XU030E0426C14250.00;BIST 30_04/2026_AVRUPA_OPSIYON;D_IX;INO;D_IX_ECO;DE_BIST30_ECO;D_XU030D;2026-04-30;2281.84;2383.32;-4.26;0;0;0;0;0;0;0;0;0;146;0;;;;;
2026-04-22;O_XU030E0426C14500.00;BIST 30_04/2026_AVRUPA_OPSIYON;D_IX;INO;D_IX_ECO;DE_BIST30_ECO;D_XU030D;2026-04-30;2034.14;2136.01;-4.77;0;0;0;0;0;0;0;0;0;761;0;;;;;
2026-04-22;O_XU030E0426C14750.00;BIST 30_04/2026_AVRUPA_OPSIYON;D_IX;INO;D_IX_ECO;DE_BIST30_ECO;D_XU030D;2026-04-30;1787.3;1889.64;-5.42;0;0;0;0;0;0;0;0;0;809;0;;;;;
2026-04-22;O_XU030E0426C15000.00;BIST 30_04/2026_AVRUPA_OPSIYON;D_IX;INO;D_IX_ECO;DE_BIST30_ECO;D_XU030D;2026-04-30;1542.17;1645.03;-6.25;0;0;0;0;0;0;0;0;0;1000;0;;;;;
2026-04-22;O_XU030E0426C15250.00;BIST 30_04/2026_AVRUPA_OPSIYON;D_IX;INO;D_IX_ECO;DE_BIST30_ECO;D_XU030D;2026-04-30;1300.33;1403.63;-7.36;0;0;0;0;0;0;0;0;0;480;0;;;;;
2026-04-22;O_XU030E0426C15500.00;BIST 30_04/2026_AVRUPA_OPSIYON;D_IX;INO;D_IX_ECO;DE_BIST30_ECO;D_XU030D;2026-04-30;1064.46;1167.75;-8.85;0;0;0;0;0;0;0;0;0;286;0;;;;;
2026-04-22;O_XU030E0426C15750.00;BIST 30_04/2026_AVRUPA_OPSIYON;D_IX;INO;D_IX_ECO;DE_BIST30_ECO;D_XU030D;2026-04-30;838.97;940.91;-10.83;0;0;0;0;0;0;0;0;0;727;0;;;;;
2026-04-22;O_XU030E0426C16000.00;BIST 30_04/2026_AVRUPA_OPSIYON;D_IX;INO;D_IX_ECO;DE_BIST30_ECO;D_XU030D;2026-04-30;635.69;732.89;-13.26;0;0;0;0;0;0;0;0;0;984;0;;;;;
2026-04-22;O_XU030E0426C16250.00;BIST 30_04/2026_AVRUPA_OPSIYON;D_IX;INO;D_IX_ECO;DE_BIST30_ECO;D_XU030D;2026-04-30;459.15;547.57;-16.15;595.75;461.25;600;461.25;524.84;45175000;1459047.5;278;26;514;-60;;;;;
2026-04-22;O_XU030E0426C16500.00;BIST 30_04/2026_AVRUPA_OPSIYON;D_IX;INO;D_IX_ECO;DE_BIST30_ECO;D_XU030D;2026-04-30;314.22;389.96;-19.42;421.75;308.25;421.75;308.25;390.27;10560000;249771;64;9;962;-17;;;;;
2026-04-22;O_XU030E0426C16750.00;BIST 30_04/2026_AVRUPA_OPSIYON;D_IX;INO;D_IX_ECO;DE_BIST30_ECO;D_XU030D;2026-04-30;202.75;265.6;-23.66;256.75;193.93;257.75;194.48;220.34;11725000;154237;70;7;1290;0;;;;;
2026-04-22;O_XU030E0426C17000.00;BIST 30_04/2026_AVRUPA_OPSIYON;D_IX;INO;D_IX_ECO;DE_BIST30_ECO;D_XU030D;2026-04-30;122.87;173.11;-29.02;124.5;119.75;125;119.75;123.08;9010000;65230;53;4;1076;-5;;;;;
2026-04-22;O_XU030E0426C17250.00;BIST 30_04/2026_AVRUPA_OPSIYON;D_IX;INO;D_IX_ECO;DE_BIST30_ECO;D_XU030D;2026-04-30;69.75;107.55;-35.15;100.75;58.04;102.11;66.77;82.45;26392500;126149.6;153;17;403;63;;;;;
2026-04-22;O_XU030E0426C17500.00;BIST 30_04/2026_AVRUPA_OPSIYON;D_IX;INO;D_IX_ECO;DE_BIST30_ECO;D_XU030D;2026-04-30;37.67;63.63;-40.8;52;37;52;37;42.81;9625000;23546;55;8;382;-15;;;;;
2026-04-22;O_XU030E0426C17750.00;BIST 30_04/2026_AVRUPA_OPSIYON;D_IX;INO;D_IX_ECO;DE_BIST30_ECO;D_XU030D;2026-04-30;19.34;35.77;-45.93;24.75;23;32.75;32.75;29.89;14022500;23615;79;5;536;29;;;;;
2026-04-22;O_XU030E0426C18000.00;BIST 30_04/2026_AVRUPA_OPSIYON;D_IX;INO;D_IX_ECO;DE_BIST30_ECO;D_XU030D;2026-04-30;9.42;19.18;-50.89;0;0;0;0;0;0;0;0;0;758;0;;;;;
2026-04-22;O_XU030E0426C18250.00;BIST 30_04/2026_AVRUPA_OPSIYON;D_IX;INO;D_IX_ECO;DE_BIST30_ECO;D_XU030D;2026-04-30;4.36;9.82;-55.6;0;0;0;0;0;0;0;0;0;403;0;;;;;
2026-04-22;O_XU030E0426C18500.00;BIST 30_04/2026_AVRUPA_OPSIYON;D_IX;INO;D_IX_ECO;DE_BIST30_ECO;D_XU030D;2026-04-30;1.93;4.81;-59.88;0;0;0;0;0;0;0;0;0;368;0;;;;;
2026-04-22;O_XU030E0426C18750.00;BIST 30_04/2026_AVRUPA_OPSIYON;D_IX;INO;D_IX_ECO;DE_BIST30_ECO;D_XU030D;2026-04-30;0.82;2.26;-63.72;0;0;0;0;0;0;0;0;0;0;0;;;;;
2026-04-22;O_XU030E0426C19000.00;BIST 30_04/2026_AVRUPA_OPSIYON;D_IX;INO;D_IX_ECO;DE_BIST30_ECO;D_XU030D;2026-04-30;0.33;1.02;-67.65;0;0;0;0;0;0;0;0;0;0;0;;;;;
2026-04-22;O_XU030E0426P11250.00;BIST 30_04/2026_AVRUPA_OPSIYON;D_IX;INO;D_IX_EPO;DE_BIST30_EPO;D_XU030D;2026-04-30;0.01;0.01;0;0;0;0;0;0;0;0;0;0;65;0;;;;;
2026-04-22;O_XU030E0426P11500.00;BIST 30_04/2026_AVRUPA_OPSIYON;D_IX;INO;D_IX_EPO;DE_BIST30_EPO;D_XU030D;2026-04-30;0.01;0.01;0;0;0;0;0;0;0;0;0;0;95;0;;;;;
2026-04-22;O_XU030E0426P11750.00;BIST 30_04/2026_AVRUPA_OPSIYON;D_IX;INO;D_IX_EPO;DE_BIST30_EPO;D_XU030D;2026-04-30;0.01;0.01;0;0;0;0;0;0;0;0;0;0;67;0;;;;;
2026-04-22;O_XU030E0426P12000.00;BIST 30_04/2026_AVRUPA_OPSIYON;D_IX;INO;D_IX_EPO;DE_BIST30_EPO;D_XU030D;2026-04-30;0.01;0.01;0;0;0;0;0;0;0;0;0;0;985;0;;;;;
2026-04-22;O_XU030E0426P12250.00;BIST 30_04/2026_AVRUPA_OPSIYON;D_IX;INO;D_IX_EPO;DE_BIST30_EPO;D_XU030D;2026-04-30;0.01;0.01;0;0;0;0;0;0;0;0;0;0;131;0;;;;;
2026-04-22;O_XU030E0426P12500.00;BIST 30_04/2026_AVRUPA_OPSIYON;D_IX;INO;D_IX_EPO;DE_BIST30_EPO;D_XU030D;2026-04-30;0.01;0.01;0;0;0;0;0;0;0;0;0;0;432;0;;;;;
2026-04-22;O_XU030E0426P12750.00;BIST 30_04/2026_AVRUPA_OPSIYON;D_IX;INO;D_IX_EPO;DE_BIST30_EPO;D_XU030D;2026-04-30;0.01;0.01;0;0;0;0;0;0;0;0;0;0;351;0;;;;;
2026-04-22;O_XU030E0426P13000.00;BIST 30_04/2026_AVRUPA_OPSIYON;D_IX;INO;D_IX_EPO;DE_BIST30_EPO;D_XU030D;2026-04-30;0.01;0.01;0;0;0;0;0;0;0;0;0;0;786;0;;;;;
2026-04-22;O_XU030E0426P13250.00;BIST 30_04/2026_AVRUPA_OPSIYON;D_IX;INO;D_IX_EPO;DE_BIST30_EPO;D_XU030D;2026-04-30;0.01;0.03;-66.67;0;0;0;0;0;0;0;0;0;698;0;;;;;
2026-04-22;O_XU030E0426P13500.00;BIST 30_04/2026_AVRUPA_OPSIYON;D_IX;INO;D_IX_EPO;DE_BIST30_EPO;D_XU030D;2026-04-30;0.04;0.07;-42.86;0;0;0;0;0;0;0;0;0;615;0;;;;;
2026-04-22;O_XU030E0426P13750.00;BIST 30_04/2026_AVRUPA_OPSIYON;D_IX;INO;D_IX_EPO;DE_BIST30_EPO;D_XU030D;2026-04-30;0.09;0.16;-43.75;0;0;0;0;0;0;0;0;0;375;0;;;;;
2026-04-22;O_XU030E0426P14000.00;BIST 30_04/2026_AVRUPA_OPSIYON;D_IX;INO;D_IX_EPO;DE_BIST30_EPO;D_XU030D;2026-04-30;0.23;0.36;-36.11;0;0;0;0;0;0;0;0;0;1050;0;;;;;
2026-04-22;O_XU030E0426P14250.00;BIST 30_04/2026_AVRUPA_OPSIYON;D_IX;INO;D_IX_EPO;DE_BIST30_EPO;D_XU030D;2026-04-30;0.55;0.79;-30.38;0;0;0;0;0;0;0;0;0;262;0;;;;;
2026-04-22;O_XU030E0426P14500.00;BIST 30_04/2026_AVRUPA_OPSIYON;D_IX;INO;D_IX_EPO;DE_BIST30_EPO;D_XU030D;2026-04-30;1.27;1.7;-25.29;0;0;0;0;0;0;0;0;0;527;0;;;;;
2026-04-22;O_XU030E0426P14750.00;BIST 30_04/2026_AVRUPA_OPSIYON;D_IX;INO;D_IX_EPO;DE_BIST30_EPO;D_XU030D;2026-04-30;2.84;3.54;-19.77;0;0;0;0;0;0;0;0;0;394;0;;;;;
2026-04-22;O_XU030E0426P15000.00;BIST 30_04/2026_AVRUPA_OPSIYON;D_IX;INO;D_IX_EPO;DE_BIST30_EPO;D_XU030D;2026-04-30;6.13;7.15;-14.27;0;0;0;0;0;0;0;0;0;990;0;;;;;
2026-04-22;O_XU030E0426P15250.00;BIST 30_04/2026_AVRUPA_OPSIYON;D_IX;INO;D_IX_EPO;DE_BIST30_EPO;D_XU030D;2026-04-30;12.71;13.97;-9.02;0;0;0;0;0;0;0;0;0;315;0;;;;;
2026-04-22;O_XU030E0426P15500.00;BIST 30_04/2026_AVRUPA_OPSIYON;D_IX;INO;D_IX_EPO;DE_BIST30_EPO;D_XU030D;2026-04-30;25.25;26.31;-4.03;0;0;0;0;0;0;0;0;0;2093;0;;;;;
2026-04-22;O_XU030E0426P15750.00;BIST 30_04/2026_AVRUPA_OPSIYON;D_IX;INO;D_IX_EPO;DE_BIST30_EPO;D_XU030D;2026-04-30;48.18;47.69;1.03;75.75;75.75;76.25;76.25;76;3150000;15200;20;2;326;-20;;;;;
2026-04-22;O_XU030E0426P16000.00;BIST 30_04/2026_AVRUPA_OPSIYON;D_IX;INO;D_IX_EPO;DE_BIST30_EPO;D_XU030D;2026-04-30;93.31;87.89;6.17;114.5;105.51;130;130;120.93;3520000;26605.1;22;4;2608;12;;;;;
2026-04-22;O_XU030E0426P16250.00;BIST 30_04/2026_AVRUPA_OPSIYON;D_IX;INO;D_IX_EPO;DE_BIST30_EPO;D_XU030D;2026-04-30;165.19;150.78;9.56;164.69;164.69;212.16;176.75;195.73;26812500;322958.9;165;14;638;-106;;;;;
2026-04-22;O_XU030E0426P16500.00;BIST 30_04/2026_AVRUPA_OPSIYON;D_IX;INO;D_IX_EPO;DE_BIST30_EPO;D_XU030D;2026-04-30;268.68;241.4;11.3;256;255.99;315.19;282;304.03;9735000;179379.2;59;20;434;-3;;;;;
2026-04-22;O_XU030E0426P16750.00;BIST 30_04/2026_AVRUPA_OPSIYON;D_IX;INO;D_IX_EPO;DE_BIST30_EPO;D_XU030D;2026-04-30;405.62;365.25;11.05;340;334.49;454.06;387;385.89;34672500;798787.9;207;28;584;114;;;;;
2026-04-22;O_XU030E0426P17000.00;BIST 30_04/2026_AVRUPA_OPSIYON;D_IX;INO;D_IX_EPO;DE_BIST30_EPO;D_XU030D;2026-04-30;574.16;520.98;10.21;466.73;466.73;625;532.86;556.32;26180000;856725.5;154;27;87;-37;;;;;
2026-04-22;O_XU030E0426P17250.00;BIST 30_04/2026_AVRUPA_OPSIYON;D_IX;INO;D_IX_EPO;DE_BIST30_EPO;D_XU030D;2026-04-30;769.45;703.64;9.35;0;0;0;0;0;0;0;0;0;246;0;;;;;
2026-04-22;O_XU030E0426P17500.00;BIST 30_04/2026_AVRUPA_OPSIYON;D_IX;INO;D_IX_EPO;DE_BIST30_EPO;D_XU030D;2026-04-30;985.79;907.94;8.57;0;0;0;0;0;0;0;0;0;0;0;;;;;
2026-04-22;O_XU030E0626C13500.00;BIST 30_06/2026_AVRUPA_OPSIYON;D_IX;INO;D_IX_ECO;DE_BIST30_ECO;D_XU030D;2026-06-30;3699.16;3795.98;-2.55;0;0;0;0;0;0;0;0;0;10;0;;;;;
2026-04-22;O_XU030E0626C13750.00;BIST 30_06/2026_AVRUPA_OPSIYON;D_IX;INO;D_IX_ECO;DE_BIST30_ECO;D_XU030D;2026-06-30;3475.5;3572;-2.7;0;0;0;0;0;0;0;0;0;6;0;;;;;
2026-04-22;O_XU030E0626C14000.00;BIST 30_06/2026_AVRUPA_OPSIYON;D_IX;INO;D_IX_ECO;DE_BIST30_ECO;D_XU030D;2026-06-30;3253.89;3350;-2.87;0;0;0;0;0;0;0;0;0;23;0;;;;;
2026-04-22;O_XU030E0626C14250.00;BIST 30_06/2026_AVRUPA_OPSIYON;D_IX;INO;D_IX_ECO;DE_BIST30_ECO;D_XU030D;2026-06-30;3034.63;3130.24;-3.05;0;0;0;0;0;0;0;0;0;49;0;;;;;
2026-04-22;O_XU030E0626C14500.00;BIST 30_06/2026_AVRUPA_OPSIYON;D_IX;INO;D_IX_ECO;DE_BIST30_ECO;D_XU030D;2026-06-30;2818.06;2913.04;-3.26;0;0;0;0;0;0;0;0;0;210;0;;;;;
2026-04-22;O_XU030E0626C14750.00;BIST 30_06/2026_AVRUPA_OPSIYON;D_IX;INO;D_IX_ECO;DE_BIST30_ECO;D_XU030D;2026-06-30;2604.55;2698.76;-3.49;0;0;0;0;0;0;0;0;0;151;0;;;;;
2026-04-22;O_XU030E0626C15000.00;BIST 30_06/2026_AVRUPA_OPSIYON;D_IX;INO;D_IX_ECO;DE_BIST30_ECO;D_XU030D;2026-06-30;2394.54;2487.82;-3.75;0;0;0;0;0;0;0;0;0;165;0;;;;;
2026-04-22;O_XU030E0626C15250.00;BIST 30_06/2026_AVRUPA_OPSIYON;D_IX;INO;D_IX_ECO;DE_BIST30_ECO;D_XU030D;2026-06-30;2188.52;2280.66;-4.04;0;0;0;0;0;0;0;0;0;123;0;;;;;
2026-04-22;O_XU030E0626C15500.00;BIST 30_06/2026_AVRUPA_OPSIYON;D_IX;INO;D_IX_ECO;DE_BIST30_ECO;D_XU030D;2026-06-30;1987.06;2077.82;-4.37;0;0;0;0;0;0;0;0;0;66;0;;;;;
2026-04-22;O_XU030E0626C15750.00;BIST 30_06/2026_AVRUPA_OPSIYON;D_IX;INO;D_IX_ECO;DE_BIST30_ECO;D_XU030D;2026-06-30;1790.77;1879.89;-4.74;0;0;0;0;0;0;0;0;0;59;0;;;;;
2026-04-22;O_XU030E0626C16000.00;BIST 30_06/2026_AVRUPA_OPSIYON;D_IX;INO;D_IX_ECO;DE_BIST30_ECO;D_XU030D;2026-06-30;1600.36;1687.52;-5.16;0;0;0;0;0;0;0;0;0;62;0;;;;;
2026-04-22;O_XU030E0626C16250.00;BIST 30_06/2026_AVRUPA_OPSIYON;D_IX;INO;D_IX_ECO;DE_BIST30_ECO;D_XU030D;2026-06-30;1422.62;1501.46;-5.25;0;0;0;0;0;0;0;0;0;180;0;;;;;
2026-04-22;O_XU030E0626C16500.00;BIST 30_06/2026_AVRUPA_OPSIYON;D_IX;INO;D_IX_ECO;DE_BIST30_ECO;D_XU030D;2026-06-30;1270.73;1344.25;-5.47;1331;1321.25;1356.5;1356.5;1337.5;5940000;481500;36;5;239;0;;;;;
2026-04-22;O_XU030E0626C16750.00;BIST 30_06/2026_AVRUPA_OPSIYON;D_IX;INO;D_IX_ECO;DE_BIST30_ECO;D_XU030D;2026-06-30;1129.35;1198.91;-5.8;1168.5;1168.5;1192.5;1192.5;1180.5;4355000;306930;26;4;72;0;;;;;
2026-04-22;O_XU030E0626C17000.00;BIST 30_06/2026_AVRUPA_OPSIYON;D_IX;INO;D_IX_ECO;DE_BIST30_ECO;D_XU030D;2026-06-30;998.63;1064.04;-6.15;1038.5;1038.5;1038.5;1038.5;1038.5;2210000;135005;13;2;212;13;;;;;
2026-04-22;O_XU030E0626C17250.00;BIST 30_06/2026_AVRUPA_OPSIYON;D_IX;INO;D_IX_ECO;DE_BIST30_ECO;D_XU030D;2026-06-30;878.56;939.7;-6.51;896;896;896;896;896;2242500;116480;13;2;374;13;;;;;
2026-04-22;O_XU030E0626C17500.00;BIST 30_06/2026_AVRUPA_OPSIYON;D_IX;INO;D_IX_ECO;DE_BIST30_ECO;D_XU030D;2026-06-30;768.99;825.78;-6.88;765.5;680;765.5;680;759.39;2450000;106315;14;3;234;13;;;;;
2026-04-22;O_XU030E0626C17750.00;BIST 30_06/2026_AVRUPA_OPSIYON;D_IX;INO;D_IX_ECO;DE_BIST30_ECO;D_XU030D;2026-06-30;669.68;722.1;-7.26;634.24;634.24;647.75;647.75;641.88;4082500;147631.5;23;3;199;11;;;;;
2026-04-22;O_XU030E0626C18000.00;BIST 30_06/2026_AVRUPA_OPSIYON;D_IX;INO;D_IX_ECO;DE_BIST30_ECO;D_XU030D;2026-06-30;580.25;628.34;-7.65;542.5;542.5;542.5;542.5;542.5;2340000;70525;13;2;200;-13;;;;;
2026-04-22;O_XU030E0626C18250.00;BIST 30_06/2026_AVRUPA_OPSIYON;D_IX;INO;D_IX_ECO;DE_BIST30_ECO;D_XU030D;2026-06-30;500.24;544.08;-8.06;448.75;448.75;448.75;448.75;448.75;2372500;58337.5;13;2;170;0;;;;;
2026-04-22;O_XU030E0626C18500.00;BIST 30_06/2026_AVRUPA_OPSIYON;D_IX;INO;D_IX_ECO;DE_BIST30_ECO;D_XU030D;2026-06-30;429.13;468.84;-8.47;0;0;0;0;0;0;0;0;0;82;0;;;;;
2026-04-22;O_XU030E0626C18750.00;BIST 30_06/2026_AVRUPA_OPSIYON;D_IX;INO;D_IX_ECO;DE_BIST30_ECO;D_XU030D;2026-06-30;366.31;402.07;-8.89;308.25;302.25;308.25;302.25;303.96;2625000;42555;14;2;179;4;;;;;
2026-04-22;O_XU030E0626C19000.00;BIST 30_06/2026_AVRUPA_OPSIYON;D_IX;INO;D_IX_ECO;DE_BIST30_ECO;D_XU030D;2026-06-30;311.18;343.18;-9.32;245.75;224.25;245.75;224.25;231.21;6650000;80925;35;5;236;-5;;;;;
2026-04-22;O_XU030E0626C19250.00;BIST 30_06/2026_AVRUPA_OPSIYON;D_IX;INO;D_IX_ECO;DE_BIST30_ECO;D_XU030D;2026-06-30;263.08;291.54;-9.76;213.5;198.75;213.5;198.75;208.33;7700000;83330;40;4;406;30;;;;;
2026-04-22;O_XU030E0626C19500.00;BIST 30_06/2026_AVRUPA_OPSIYON;D_IX;INO;D_IX_ECO;DE_BIST30_ECO;D_XU030D;2026-06-30;221.37;246.54;-10.21;168;144;168;144;160.04;10920000;89620;56;7;63;56;;;;;
2026-04-22;O_XU030E0626C19750.00;BIST 30_06/2026_AVRUPA_OPSIYON;D_IX;INO;D_IX_ECO;DE_BIST30_ECO;D_XU030D;2026-06-30;185.41;207.54;-10.66;139.74;118;139.74;118;129.42;12442500;81532;63;8;220;59;;;;;
2026-04-22;O_XU030E0626P12000.00;BIST 30_06/2026_AVRUPA_OPSIYON;D_IX;INO;D_IX_EPO;DE_BIST30_EPO;D_XU030D;2026-06-30;33.85;32.88;2.95;0;0;0;0;0;0;0;0;0;50;0;;;;;
2026-04-22;O_XU030E0626P12250.00;BIST 30_06/2026_AVRUPA_OPSIYON;D_IX;INO;D_IX_EPO;DE_BIST30_EPO;D_XU030D;2026-06-30;39.81;38.66;2.97;0;0;0;0;0;0;0;0;0;30;0;;;;;
2026-04-22;O_XU030E0626P12500.00;BIST 30_06/2026_AVRUPA_OPSIYON;D_IX;INO;D_IX_EPO;DE_BIST30_EPO;D_XU030D;2026-06-30;46.7;45.33;3.02;0;0;0;0;0;0;0;0;0;3;0;;;;;
2026-04-22;O_XU030E0626P12750.00;BIST 30_06/2026_AVRUPA_OPSIYON;D_IX;INO;D_IX_EPO;DE_BIST30_EPO;D_XU030D;2026-06-30;54.63;53.02;3.04;0;0;0;0;0;0;0;0;0;148;0;;;;;
2026-04-22;O_XU030E0626P13000.00;BIST 30_06/2026_AVRUPA_OPSIYON;D_IX;INO;D_IX_EPO;DE_BIST30_EPO;D_XU030D;2026-06-30;63.78;61.86;3.1;0;0;0;0;0;0;0;0;0;260;0;;;;;
2026-04-22;O_XU030E0626P13250.00;BIST 30_06/2026_AVRUPA_OPSIYON;D_IX;INO;D_IX_EPO;DE_BIST30_EPO;D_XU030D;2026-06-30;74.3;72.04;3.14;0;0;0;0;0;0;0;0;0;411;0;;;;;
2026-04-22;O_XU030E0626P13500.00;BIST 30_06/2026_AVRUPA_OPSIYON;D_IX;INO;D_IX_EPO;DE_BIST30_EPO;D_XU030D;2026-06-30;86.4;83.72;3.2;0;0;0;0;0;0;0;0;0;421;0;;;;;
2026-04-22;O_XU030E0626P13750.00;BIST 30_06/2026_AVRUPA_OPSIYON;D_IX;INO;D_IX_EPO;DE_BIST30_EPO;D_XU030D;2026-06-30;100.29;97.14;3.24;0;0;0;0;0;0;0;0;0;36;0;;;;;
2026-04-22;O_XU030E0626P14000.00;BIST 30_06/2026_AVRUPA_OPSIYON;D_IX;INO;D_IX_EPO;DE_BIST30_EPO;D_XU030D;2026-06-30;116.25;112.52;3.31;0;0;0;0;0;0;0;0;0;53;0;;;;;
2026-04-22;O_XU030E0626P14250.00;BIST 30_06/2026_AVRUPA_OPSIYON;D_IX;INO;D_IX_EPO;DE_BIST30_EPO;D_XU030D;2026-06-30;134.55;130.14;3.39;0;0;0;0;0;0;0;0;0;122;0;;;;;
2026-04-22;O_XU030E0626P14500.00;BIST 30_06/2026_AVRUPA_OPSIYON;D_IX;INO;D_IX_EPO;DE_BIST30_EPO;D_XU030D;2026-06-30;155.53;150.33;3.46;0;0;0;0;0;0;0;0;0;89;0;;;;;
2026-04-22;O_XU030E0626P14750.00;BIST 30_06/2026_AVRUPA_OPSIYON;D_IX;INO;D_IX_EPO;DE_BIST30_EPO;D_XU030D;2026-06-30;179.58;173.43;3.55;129.5;129.5;129.5;129.5;129.5;885000;7770;6;1;106;6;;;;;
2026-04-22;O_XU030E0626P15000.00;BIST 30_06/2026_AVRUPA_OPSIYON;D_IX;INO;D_IX_EPO;DE_BIST30_EPO;D_XU030D;2026-06-30;207.14;199.87;3.64;145;145;145;145;145;1500000;14500;10;1;121;10;;;;;
2026-04-22;O_XU030E0626P15250.00;BIST 30_06/2026_AVRUPA_OPSIYON;D_IX;INO;D_IX_EPO;DE_BIST30_EPO;D_XU030D;2026-06-30;238.68;230.1;3.73;0;0;0;0;0;0;0;0;0;30;0;;;;;
2026-04-22;O_XU030E0626P15500.00;BIST 30_06/2026_AVRUPA_OPSIYON;D_IX;INO;D_IX_EPO;DE_BIST30_EPO;D_XU030D;2026-06-30;274.77;264.65;3.82;0;0;0;0;0;0;0;0;0;383;0;;;;;
2026-04-22;O_XU030E0626P15750.00;BIST 30_06/2026_AVRUPA_OPSIYON;D_IX;INO;D_IX_EPO;DE_BIST30_EPO;D_XU030D;2026-06-30;316.04;304.1;3.93;0;0;0;0;0;0;0;0;0;5239;0;;;;;
2026-04-22;O_XU030E0626P16000.00;BIST 30_06/2026_AVRUPA_OPSIYON;D_IX;INO;D_IX_EPO;DE_BIST30_EPO;D_XU030D;2026-06-30;363.2;349.11;4.04;300;290.75;300;290.75;296.36;5280000;97797.5;33;4;137;-13;;;;;
2026-04-22;O_XU030E0626P16250.00;BIST 30_06/2026_AVRUPA_OPSIYON;D_IX;INO;D_IX_EPO;DE_BIST30_EPO;D_XU030D;2026-06-30;423.01;400.43;5.64;340.75;340.75;340.75;340.75;340.75;1625000;34075;10;1;180;0;;;;;
2026-04-22;O_XU030E0626P16500.00;BIST 30_06/2026_AVRUPA_OPSIYON;D_IX;INO;D_IX_EPO;DE_BIST30_EPO;D_XU030D;2026-06-30;508.68;480.61;5.84;385.5;384.75;427.51;427.51;397.71;10560000;254533;64;13;148;48;;;;;
2026-04-22;O_XU030E0626P16750.00;BIST 30_06/2026_AVRUPA_OPSIYON;D_IX;INO;D_IX_EPO;DE_BIST30_EPO;D_XU030D;2026-06-30;604.86;572.66;5.62;477.75;469.25;477.75;469.25;472.33;4187500;118082.5;25;4;60;13;;;;;
2026-04-22;O_XU030E0626P17000.00;BIST 30_06/2026_AVRUPA_OPSIYON;D_IX;INO;D_IX_EPO;DE_BIST30_EPO;D_XU030D;2026-06-30;711.7;675.17;5.41;548.5;548.5;615;615;611.71;35700000;1284590;210;17;2654;200;;;;;
2026-04-22;O_XU030E0626P17250.00;BIST 30_06/2026_AVRUPA_OPSIYON;D_IX;INO;D_IX_EPO;DE_BIST30_EPO;D_XU030D;2026-06-30;829.19;788.21;5.2;639;639;675;675;645.75;2760000;103320;16;3;291;-13;;;;;
2026-04-22;O_XU030E0626P17500.00;BIST 30_06/2026_AVRUPA_OPSIYON;D_IX;INO;D_IX_EPO;DE_BIST30_EPO;D_XU030D;2026-06-30;957.18;911.68;4.99;744.75;744.75;830.5;830.5;796.5;6825000;310635;39;6;72;13;;;;;
2026-04-22;O_XU030E0626P17750.00;BIST 30_06/2026_AVRUPA_OPSIYON;D_IX;INO;D_IX_EPO;DE_BIST30_EPO;D_XU030D;2026-06-30;1095.43;1045.38;4.79;857;857;956.25;956.25;913.1;4082500;210012.5;23;3;106;0;;;;;
2026-04-22;O_XU030E0626P18000.00;BIST 30_06/2026_AVRUPA_OPSIYON;D_IX;INO;D_IX_EPO;DE_BIST30_EPO;D_XU030D;2026-06-30;1243.56;1189;4.59;985.25;985.25;1095;1095;1040.13;4680000;270432.5;26;4;13;0;;;;;
2026-04-22;O_XU030E0626P18250.00;BIST 30_06/2026_AVRUPA_OPSIYON;D_IX;INO;D_IX_EPO;DE_BIST30_EPO;D_XU030D;2026-06-30;1401.12;1342.13;4.4;1126.5;1126.5;1246.25;1246.25;1186.38;4745000;308457.5;26;4;28;0;;;;;
2026-04-22;O_XU030E0826C15500.00;BIST 30_08/2026_AVRUPA_OPSIYON;D_IX;INO;D_IX_ECO;DE_BIST30_ECO;D_XU030D;2026-08-31;2570.35;2655.05;-3.19;0;0;0;0;0;0;0;0;0;10;0;;;;;
2026-04-22;O_XU030E0826C15750.00;BIST 30_08/2026_AVRUPA_OPSIYON;D_IX;INO;D_IX_ECO;DE_BIST30_ECO;D_XU030D;2026-08-31;2374.29;2457.45;-3.38;0;0;0;0;0;0;0;0;0;1;0;;;;;
2026-04-22;O_XU030E0826C16000.00;BIST 30_08/2026_AVRUPA_OPSIYON;D_IX;INO;D_IX_ECO;DE_BIST30_ECO;D_XU030D;2026-08-31;2208.5;2288.03;-3.48;0;0;0;0;0;0;0;0;0;10;0;;;;;
2026-04-22;O_XU030E0826C16250.00;BIST 30_08/2026_AVRUPA_OPSIYON;D_IX;INO;D_IX_ECO;DE_BIST30_ECO;D_XU030D;2026-08-31;2050.12;2127.24;-3.63;0;0;0;0;0;0;0;0;0;0;0;;;;;
2026-04-22;O_XU030E0826C16500.00;BIST 30_08/2026_AVRUPA_OPSIYON;D_IX;INO;D_IX_ECO;DE_BIST30_ECO;D_XU030D;2026-08-31;1898.8;1973.38;-3.78;0;0;0;0;0;0;0;0;0;0;0;;;;;
2026-04-22;O_XU030E0826C16750.00;BIST 30_08/2026_AVRUPA_OPSIYON;D_IX;INO;D_IX_ECO;DE_BIST30_ECO;D_XU030D;2026-08-31;1754.68;1826.6;-3.94;0;0;0;0;0;0;0;0;0;5;0;;;;;
2026-04-22;O_XU030E0826C17000.00;BIST 30_08/2026_AVRUPA_OPSIYON;D_IX;INO;D_IX_ECO;DE_BIST30_ECO;D_XU030D;2026-08-31;1617.86;1687.01;-4.1;0;0;0;0;0;0;0;0;0;15;0;;;;;
2026-04-22;O_XU030E0826C17250.00;BIST 30_08/2026_AVRUPA_OPSIYON;D_IX;INO;D_IX_ECO;DE_BIST30_ECO;D_XU030D;2026-08-31;1488.36;1554.66;-4.26;0;0;0;0;0;0;0;0;0;15;0;;;;;
2026-04-22;O_XU030E0826C17500.00;BIST 30_08/2026_AVRUPA_OPSIYON;D_IX;INO;D_IX_ECO;DE_BIST30_ECO;D_XU030D;2026-08-31;1366.18;1429.57;-4.43;0;0;0;0;0;0;0;0;0;9;0;;;;;
2026-04-22;O_XU030E0826C17750.00;BIST 30_08/2026_AVRUPA_OPSIYON;D_IX;INO;D_IX_ECO;DE_BIST30_ECO;D_XU030D;2026-08-31;1251.27;1311.69;-4.61;0;0;0;0;0;0;0;0;0;2;0;;;;;
2026-04-22;O_XU030E0826C18000.00;BIST 30_08/2026_AVRUPA_OPSIYON;D_IX;INO;D_IX_ECO;DE_BIST30_ECO;D_XU030D;2026-08-31;1143.51;1200.96;-4.78;0;0;0;0;0;0;0;0;0;0;0;;;;;
2026-04-22;O_XU030E0826C18250.00;BIST 30_08/2026_AVRUPA_OPSIYON;D_IX;INO;D_IX_ECO;DE_BIST30_ECO;D_XU030D;2026-08-31;1042.78;1097.23;-4.96;0;0;0;0;0;0;0;0;0;0;0;;;;;
2026-04-22;O_XU030E0826C18500.00;BIST 30_08/2026_AVRUPA_OPSIYON;D_IX;INO;D_IX_ECO;DE_BIST30_ECO;D_XU030D;2026-08-31;948.9;1000.36;-5.14;0;0;0;0;0;0;0;0;0;0;0;;;;;
2026-04-22;O_XU030E0826C18750.00;BIST 30_08/2026_AVRUPA_OPSIYON;D_IX;INO;D_IX_ECO;DE_BIST30_ECO;D_XU030D;2026-08-31;861.65;910.15;-5.33;0;0;0;0;0;0;0;0;0;0;0;;;;;
2026-04-22;O_XU030E0826C19000.00;BIST 30_08/2026_AVRUPA_OPSIYON;D_IX;INO;D_IX_ECO;DE_BIST30_ECO;D_XU030D;2026-08-31;780.8;826.39;-5.52;0;0;0;0;0;0;0;0;0;0;0;;;;;
2026-04-22;O_XU030E0826C19250.00;BIST 30_08/2026_AVRUPA_OPSIYON;D_IX;INO;D_IX_ECO;DE_BIST30_ECO;D_XU030D;2026-08-31;706.1;748.83;-5.71;0;0;0;0;0;0;0;0;0;0;0;;;;;
2026-04-22;O_XU030E0826C19500.00;BIST 30_08/2026_AVRUPA_OPSIYON;D_IX;INO;D_IX_ECO;DE_BIST30_ECO;D_XU030D;2026-08-31;637.26;677.21;-5.9;0;0;0;0;0;0;0;0;0;25;0;;;;;
2026-04-22;O_XU030E0826C19750.00;BIST 30_08/2026_AVRUPA_OPSIYON;D_IX;INO;D_IX_ECO;DE_BIST30_ECO;D_XU030D;2026-08-31;574.01;611.25;-6.09;0;0;0;0;0;0;0;0;0;0;0;;;;;
2026-04-22;O_XU030E0826C20000.00;BIST 30_08/2026_AVRUPA_OPSIYON;D_IX;INO;D_IX_ECO;DE_BIST30_ECO;D_XU030D;2026-08-31;516.03;550.66;-6.29;0;0;0;0;0;0;0;0;0;20;0;;;;;
2026-04-22;O_XU030E0826C20250.00;BIST 30_08/2026_AVRUPA_OPSIYON;D_IX;INO;D_IX_ECO;DE_BIST30_ECO;D_XU030D;2026-08-31;463.04;495.16;-6.49;0;0;0;0;0;0;0;0;0;0;0;;;;;
2026-04-22;O_XU030E0826C20500.00;BIST 30_08/2026_AVRUPA_OPSIYON;D_IX;INO;D_IX_ECO;DE_BIST30_ECO;D_XU030D;2026-08-31;414.71;444.43;-6.69;0;0;0;0;0;0;0;0;0;0;0;;;;;
2026-04-22;O_XU030E0826P14000.00;BIST 30_08/2026_AVRUPA_OPSIYON;D_IX;INO;D_IX_EPO;DE_BIST30_EPO;D_XU030D;2026-08-31;203.36;195.82;3.85;0;0;0;0;0;0;0;0;0;0;0;;;;;
2026-04-22;O_XU030E0826P14250.00;BIST 30_08/2026_AVRUPA_OPSIYON;D_IX;INO;D_IX_EPO;DE_BIST30_EPO;D_XU030D;2026-08-31;222.72;214.29;3.93;0;0;0;0;0;0;0;0;0;20;0;;;;;
2026-04-22;O_XU030E0826P14500.00;BIST 30_08/2026_AVRUPA_OPSIYON;D_IX;INO;D_IX_EPO;DE_BIST30_EPO;D_XU030D;2026-08-31;243.85;234.42;4.02;0;0;0;0;0;0;0;0;0;0;0;;;;;
2026-04-22;O_XU030E0826P14750.00;BIST 30_08/2026_AVRUPA_OPSIYON;D_IX;INO;D_IX_EPO;DE_BIST30_EPO;D_XU030D;2026-08-31;266.92;256.38;4.11;0;0;0;0;0;0;0;0;0;0;0;;;;;
2026-04-22;O_XU030E0826P15000.00;BIST 30_08/2026_AVRUPA_OPSIYON;D_IX;INO;D_IX_EPO;DE_BIST30_EPO;D_XU030D;2026-08-31;292.15;280.39;4.19;0;0;0;0;0;0;0;0;0;0;0;;;;;
2026-04-22;O_XU030E0826P15250.00;BIST 30_08/2026_AVRUPA_OPSIYON;D_IX;INO;D_IX_EPO;DE_BIST30_EPO;D_XU030D;2026-08-31;319.79;306.67;4.28;0;0;0;0;0;0;0;0;0;0;0;;;;;
2026-04-22;O_XU030E0826P15500.00;BIST 30_08/2026_AVRUPA_OPSIYON;D_IX;INO;D_IX_EPO;DE_BIST30_EPO;D_XU030D;2026-08-31;350.11;335.47;4.36;0;0;0;0;0;0;0;0;0;10;0;;;;;
2026-04-22;O_XU030E0826P15750.00;BIST 30_08/2026_AVRUPA_OPSIYON;D_IX;INO;D_IX_EPO;DE_BIST30_EPO;D_XU030D;2026-08-31;383.42;367.08;4.45;0;0;0;0;0;0;0;0;0;0;0;;;;;
2026-04-22;O_XU030E0826P16000.00;BIST 30_08/2026_AVRUPA_OPSIYON;D_IX;INO;D_IX_EPO;DE_BIST30_EPO;D_XU030D;2026-08-31;447;426.88;4.71;0;0;0;0;0;0;0;0;0;0;0;;;;;
2026-04-22;O_XU030E0826P16250.00;BIST 30_08/2026_AVRUPA_OPSIYON;D_IX;INO;D_IX_EPO;DE_BIST30_EPO;D_XU030D;2026-08-31;517.99;495.3;4.58;0;0;0;0;0;0;0;0;0;0;0;;;;;
2026-04-22;O_XU030E0826P16500.00;BIST 30_08/2026_AVRUPA_OPSIYON;D_IX;INO;D_IX_EPO;DE_BIST30_EPO;D_XU030D;2026-08-31;596.03;570.66;4.45;0;0;0;0;0;0;0;0;0;20;0;;;;;
2026-04-22;O_XU030E0826P16750.00;BIST 30_08/2026_AVRUPA_OPSIYON;D_IX;INO;D_IX_EPO;DE_BIST30_EPO;D_XU030D;2026-08-31;681.28;653.1;4.31;0;0;0;0;0;0;0;0;0;10;0;;;;;
2026-04-22;O_XU030E0826P17000.00;BIST 30_08/2026_AVRUPA_OPSIYON;D_IX;INO;D_IX_EPO;DE_BIST30_EPO;D_XU030D;2026-08-31;773.82;742.72;4.19;0;0;0;0;0;0;0;0;0;13;0;;;;;
2026-04-22;O_XU030E0826P17250.00;BIST 30_08/2026_AVRUPA_OPSIYON;D_IX;INO;D_IX_EPO;DE_BIST30_EPO;D_XU030D;2026-08-31;873.69;839.59;4.06;0;0;0;0;0;0;0;0;0;0;0;;;;;
2026-04-22;O_XU030E0826P17500.00;BIST 30_08/2026_AVRUPA_OPSIYON;D_IX;INO;D_IX_EPO;DE_BIST30_EPO;D_XU030D;2026-08-31;980.88;943.71;3.94;0;0;0;0;0;0;0;0;0;0;0;;;;;
2026-04-22;O_XU030E0826P17750.00;BIST 30_08/2026_AVRUPA_OPSIYON;D_IX;INO;D_IX_EPO;DE_BIST30_EPO;D_XU030D;2026-08-31;1095.33;1055.06;3.82;0;0;0;0;0;0;0;0;0;10;0;;;;;
2026-04-22;O_XU030E0826P18000.00;BIST 30_08/2026_AVRUPA_OPSIYON;D_IX;INO;D_IX_EPO;DE_BIST30_EPO;D_XU030D;2026-08-31;1216.95;1173.54;3.7;0;0;0;0;0;0;0;0;0;33;0;;;;;
2026-04-22;O_XU030E0826P18250.00;BIST 30_08/2026_AVRUPA_OPSIYON;D_IX;INO;D_IX_EPO;DE_BIST30_EPO;D_XU030D;2026-08-31;1345.58;1299.03;3.58;0;0;0;0;0;0;0;0;0;1;0;;;;;
2026-04-22;O_XU030E0826P18500.00;BIST 30_08/2026_AVRUPA_OPSIYON;D_IX;INO;D_IX_EPO;DE_BIST30_EPO;D_XU030D;2026-08-31;1481.06;1431.37;3.47;0;0;0;0;0;0;0;0;0;3;0;;;;;
2026-04-22;O_XU030E0826P18750.00;BIST 30_08/2026_AVRUPA_OPSIYON;D_IX;INO;D_IX_EPO;DE_BIST30_EPO;D_XU030D;2026-08-31;1623.18;1570.38;3.36;0;0;0;0;0;0;0;0;0;2;0;;;;;
2026-04-22;O_XU030E0826P19000.00;BIST 30_08/2026_AVRUPA_OPSIYON;D_IX;INO;D_IX_EPO;DE_BIST30_EPO;D_XU030D;2026-08-31;1771.7;1715.84;3.26;0;0;0;0;0;0;0;0;0;2;0;;;;;
2026-04-22;O_YKBNKE0426C33.00;YKBNK_04/2026_AVRUPA_OPSIYON;D_EQ;SSO;D_EQ_ECP;DE_YKBNK_ECP;YKBNK.E;2026-04-30;5.22;5.85;-10.77;0;0;0;0;0;0;0;0;0;2500;0;;;;;
2026-04-22;O_YKBNKE0426C34.00;YKBNK_04/2026_AVRUPA_OPSIYON;D_EQ;SSO;D_EQ_ECP;DE_YKBNK_ECP;YKBNK.E;2026-04-30;4.24;4.87;-12.94;0;0;0;0;0;0;0;0;0;237;0;;;;;
2026-04-22;O_YKBNKE0426C35.00;YKBNK_04/2026_AVRUPA_OPSIYON;D_EQ;SSO;D_EQ_ECP;DE_YKBNK_ECP;YKBNK.E;2026-04-30;3.29;3.91;-15.86;0;0;0;0;0;0;0;0;0;4000;0;;;;;
2026-04-22;O_YKBNKE0426C36.00;YKBNK_04/2026_AVRUPA_OPSIYON;D_EQ;SSO;D_EQ_ECP;DE_YKBNK_ECP;YKBNK.E;2026-04-30;2.4;2.99;-19.73;0;0;0;0;0;0;0;0;0;21488;0;;;;;
2026-04-22;O_YKBNKE0426C37.00;YKBNK_04/2026_AVRUPA_OPSIYON;D_EQ;SSO;D_EQ_ECP;DE_YKBNK_ECP;YKBNK.E;2026-04-30;1.63;2.16;-24.54;0;0;0;0;0;0;0;0;0;2500;0;;;;;
2026-04-22;O_YKBNKE0426C38.00;YKBNK_04/2026_AVRUPA_OPSIYON;D_EQ;SSO;D_EQ_ECP;DE_YKBNK_ECP;YKBNK.E;2026-04-30;1.01;1.45;-30.34;1.54;0.9;1.54;0.9;1.02;9902800;265346;2606;16;7103;1000;;;;;
2026-04-22;O_YKBNKE0426C39.00;YKBNK_04/2026_AVRUPA_OPSIYON;D_EQ;SSO;D_EQ_ECP;DE_YKBNK_ECP;YKBNK.E;2026-04-30;0.57;0.9;-36.67;0.56;0.56;0.56;0.56;0.56;7800000;112000;2000;8;3800;2000;;;;;
2026-04-22;O_YKBNKE0426C40.00;YKBNK_04/2026_AVRUPA_OPSIYON;D_EQ;SSO;D_EQ_ECP;DE_YKBNK_ECP;YKBNK.E;2026-04-30;0.29;0.51;-43.14;0.44;0.44;0.44;0.44;0.44;4000000;44000;1000;6;9646;1000;;;;;
2026-04-22;O_YKBNKE0426C41.00;YKBNK_04/2026_AVRUPA_OPSIYON;D_EQ;SSO;D_EQ_ECP;DE_YKBNK_ECP;YKBNK.E;2026-04-30;0.13;0.27;-51.85;0;0;0;0;0;0;0;0;0;4802;0;;;;;
2026-04-22;O_YKBNKE0426C42.00;YKBNK_04/2026_AVRUPA_OPSIYON;D_EQ;SSO;D_EQ_ECP;DE_YKBNK_ECP;YKBNK.E;2026-04-30;0.05;0.13;-61.54;0;0;0;0;0;0;0;0;0;202;0;;;;;
2026-04-22;O_YKBNKE0426C43.00;YKBNK_04/2026_AVRUPA_OPSIYON;D_EQ;SSO;D_EQ_ECP;DE_YKBNK_ECP;YKBNK.E;2026-04-30;0.02;0.05;-60;0;0;0;0;0;0;0;0;0;22;0;;;;;
2026-04-22;O_YKBNKE0426C44.00;YKBNK_04/2026_AVRUPA_OPSIYON;D_EQ;SSO;D_EQ_ECP;DE_YKBNK_ECP;YKBNK.E;2026-04-30;0.01;0.02;-50;0;0;0;0;0;0;0;0;0;2;0;;;;;
2026-04-22;O_YKBNKE0426C45.00;YKBNK_04/2026_AVRUPA_OPSIYON;D_EQ;SSO;D_EQ_ECP;DE_YKBNK_ECP;YKBNK.E;2026-04-30;0.01;0.01;0;0;0;0;0;0;0;0;0;0;0;0;;;;;
2026-04-22;O_YKBNKE0426C46.00;YKBNK_04/2026_AVRUPA_OPSIYON;D_EQ;SSO;D_EQ_ECP;DE_YKBNK_ECP;YKBNK.E;2026-04-30;0.01;0.01;0;0;0;0;0;0;0;0;0;0;0;0;;;;;
2026-04-22;O_YKBNKE0426C47.00;YKBNK_04/2026_AVRUPA_OPSIYON;D_EQ;SSO;D_EQ_ECP;DE_YKBNK_ECP;YKBNK.E;2026-04-30;0.01;0.01;0;0;0;0;0;0;0;0;0;0;0;0;;;;;
2026-04-22;O_YKBNKE0426C48.00;YKBNK_04/2026_AVRUPA_OPSIYON;D_EQ;SSO;D_EQ_ECP;DE_YKBNK_ECP;YKBNK.E;2026-04-30;0.01;0.01;0;0;0;0;0;0;0;0;0;0;0;0;;;;;
2026-04-22;O_YKBNKE0426C49.00;YKBNK_04/2026_AVRUPA_OPSIYON;D_EQ;SSO;D_EQ_ECP;DE_YKBNK_ECP;YKBNK.E;2026-04-30;0.01;0.01;0;0;0;0;0;0;0;0;0;0;0;0;;;;;
2026-04-22;O_YKBNKE0426C50.00;YKBNK_04/2026_AVRUPA_OPSIYON;D_EQ;SSO;D_EQ_ECP;DE_YKBNK_ECP;YKBNK.E;2026-04-30;0.01;0.01;0;0;0;0;0;0;0;0;0;0;17520;0;;;;;
2026-04-22;O_YKBNKE0426C52.00;YKBNK_04/2026_AVRUPA_OPSIYON;D_EQ;SSO;D_EQ_ECP;DE_YKBNK_ECP;YKBNK.E;2026-04-30;0.01;0.01;0;0;0;0;0;0;0;0;0;0;0;0;;;;;
2026-04-22;O_YKBNKE0426C54.00;YKBNK_04/2026_AVRUPA_OPSIYON;D_EQ;SSO;D_EQ_ECP;DE_YKBNK_ECP;YKBNK.E;2026-04-30;0.01;0.01;0;0;0;0;0;0;0;0;0;0;0;0;;;;;
2026-04-22;O_YKBNKE0426P28.00;YKBNK_04/2026_AVRUPA_OPSIYON;D_EQ;SSO;D_EQ_EPP;DE_YKBNK_EPP;YKBNK.E;2026-04-30;0.01;0.01;0;0;0;0;0;0;0;0;0;0;0;0;;;;;
2026-04-22;O_YKBNKE0426P29.00;YKBNK_04/2026_AVRUPA_OPSIYON;D_EQ;SSO;D_EQ_EPP;DE_YKBNK_EPP;YKBNK.E;2026-04-30;0.01;0.01;0;0;0;0;0;0;0;0;0;0;0;0;;;;;
2026-04-22;O_YKBNKE0426P30.00;YKBNK_04/2026_AVRUPA_OPSIYON;D_EQ;SSO;D_EQ_EPP;DE_YKBNK_EPP;YKBNK.E;2026-04-30;0.01;0.01;0;0;0;0;0;0;0;0;0;0;0;0;;;;;
2026-04-22;O_YKBNKE0426P31.00;YKBNK_04/2026_AVRUPA_OPSIYON;D_EQ;SSO;D_EQ_EPP;DE_YKBNK_EPP;YKBNK.E;2026-04-30;0.01;0.01;0;0;0;0;0;0;0;0;0;0;3490;0;;;;;
2026-04-22;O_YKBNKE0426P32.00;YKBNK_04/2026_AVRUPA_OPSIYON;D_EQ;SSO;D_EQ_EPP;DE_YKBNK_EPP;YKBNK.E;2026-04-30;0.01;0.01;0;0;0;0;0;0;0;0;0;0;2500;0;;;;;
2026-04-22;O_YKBNKE0426P33.00;YKBNK_04/2026_AVRUPA_OPSIYON;D_EQ;SSO;D_EQ_EPP;DE_YKBNK_EPP;YKBNK.E;2026-04-30;0.01;0.01;0;0;0;0;0;0;0;0;0;0;3307;0;;;;;
2026-04-22;O_YKBNKE0426P34.00;YKBNK_04/2026_AVRUPA_OPSIYON;D_EQ;SSO;D_EQ_EPP;DE_YKBNK_EPP;YKBNK.E;2026-04-30;0.02;0.01;100;0;0;0;0;0;0;0;0;0;22760;0;;;;;
2026-04-22;O_YKBNKE0426P35.00;YKBNK_04/2026_AVRUPA_OPSIYON;D_EQ;SSO;D_EQ_EPP;DE_YKBNK_EPP;YKBNK.E;2026-04-30;0.06;0.04;50;0;0;0;0;0;0;0;0;0;7241;0;;;;;
2026-04-22;O_YKBNKE0426P36.00;YKBNK_04/2026_AVRUPA_OPSIYON;D_EQ;SSO;D_EQ_EPP;DE_YKBNK_EPP;YKBNK.E;2026-04-30;0.16;0.11;45.45;0;0;0;0;0;0;0;0;0;6815;0;;;;;
2026-04-22;O_YKBNKE0426P37.00;YKBNK_04/2026_AVRUPA_OPSIYON;D_EQ;SSO;D_EQ_EPP;DE_YKBNK_EPP;YKBNK.E;2026-04-30;0.38;0.27;40.74;0.42;0.42;0.43;0.43;0.43;3700000;42500;1000;3;1187;-1000;;;;;
2026-04-22;O_YKBNKE0426P38.00;YKBNK_04/2026_AVRUPA_OPSIYON;D_EQ;SSO;D_EQ_EPP;DE_YKBNK_EPP;YKBNK.E;2026-04-30;0.75;0.56;33.93;0.58;0.57;0.62;0.57;0.6;2280000;35700;600;6;6760;0;;;;;
2026-04-22;O_YKBNKE0426P39.00;YKBNK_04/2026_AVRUPA_OPSIYON;D_EQ;SSO;D_EQ_EPP;DE_YKBNK_EPP;YKBNK.E;2026-04-30;1.3;1;30;0.94;0.9;0.94;0.9;0.92;2499900;59122;641;4;697;197;;;;;
2026-04-22;O_YKBNKE0426P40.00;YKBNK_04/2026_AVRUPA_OPSIYON;D_EQ;SSO;D_EQ_EPP;DE_YKBNK_EPP;YKBNK.E;2026-04-30;2.01;1.6;25.63;1.44;1.44;1.44;1.44;1.44;400000;14400;100;1;105;100;;;;;
2026-04-22;O_YKBNKE0426P41.00;YKBNK_04/2026_AVRUPA_OPSIYON;D_EQ;SSO;D_EQ_EPP;DE_YKBNK_EPP;YKBNK.E;2026-04-30;2.85;2.34;21.79;0;0;0;0;0;0;0;0;0;6492;0;;;;;
2026-04-22;O_YKBNKE0426P42.00;YKBNK_04/2026_AVRUPA_OPSIYON;D_EQ;SSO;D_EQ_EPP;DE_YKBNK_EPP;YKBNK.E;2026-04-30;3.76;3.19;17.87;0;0;0;0;0;0;0;0;0;0;0;;;;;
2026-04-22;O_YKBNKE0426P43.00;YKBNK_04/2026_AVRUPA_OPSIYON;D_EQ;SSO;D_EQ_EPP;DE_YKBNK_EPP;YKBNK.E;2026-04-30;4.72;4.11;14.84;0;0;0;0;0;0;0;0;0;0;0;;;;;
2026-04-22;O_YKBNKE0426P44.00;YKBNK_04/2026_AVRUPA_OPSIYON;D_EQ;SSO;D_EQ_EPP;DE_YKBNK_EPP;YKBNK.E;2026-04-30;5.7;5.07;12.43;0;0;0;0;0;0;0;0;0;0;0;;;;;
2026-04-22;O_YKBNKE0426P45.00;YKBNK_04/2026_AVRUPA_OPSIYON;D_EQ;SSO;D_EQ_EPP;DE_YKBNK_EPP;YKBNK.E;2026-04-30;6.69;6.05;10.58;0;0;0;0;0;0;0;0;0;0;0;;;;;
2026-04-22;O_YKBNKE0426P46.00;YKBNK_04/2026_AVRUPA_OPSIYON;D_EQ;SSO;D_EQ_EPP;DE_YKBNK_EPP;YKBNK.E;2026-04-30;7.68;7.03;9.25;0;0;0;0;0;0;0;0;0;0;0;;;;;
2026-04-22;O_YKBNKE0426P47.00;YKBNK_04/2026_AVRUPA_OPSIYON;D_EQ;SSO;D_EQ_EPP;DE_YKBNK_EPP;YKBNK.E;2026-04-30;8.67;8.02;8.1;0;0;0;0;0;0;0;0;0;0;0;;;;;
2026-04-22;O_YKBNKE0526C33.00;YKBNK_05/2026_AVRUPA_OPSIYON;D_EQ;SSO;D_EQ_ECP;DE_YKBNK_ECP;YKBNK.E;2026-05-25;6.18;6.79;-8.98;0;0;0;0;0;0;0;0;0;0;0;;;;;
2026-04-22;O_YKBNKE0526C34.00;YKBNK_05/2026_AVRUPA_OPSIYON;D_EQ;SSO;D_EQ_ECP;DE_YKBNK_ECP;YKBNK.E;2026-05-25;5.31;5.9;-10;0;0;0;0;0;0;0;0;0;0;0;;;;;
2026-04-22;O_YKBNKE0526C35.00;YKBNK_05/2026_AVRUPA_OPSIYON;D_EQ;SSO;D_EQ_ECP;DE_YKBNK_ECP;YKBNK.E;2026-05-25;4.49;5.05;-11.09;0;0;0;0;0;0;0;0;0;0;0;;;;;
2026-04-22;O_YKBNKE0526C36.00;YKBNK_05/2026_AVRUPA_OPSIYON;D_EQ;SSO;D_EQ_ECP;DE_YKBNK_ECP;YKBNK.E;2026-05-25;3.73;4.26;-12.44;0;0;0;0;0;0;0;0;0;0;0;;;;;
2026-04-22;O_YKBNKE0526C37.00;YKBNK_05/2026_AVRUPA_OPSIYON;D_EQ;SSO;D_EQ_ECP;DE_YKBNK_ECP;YKBNK.E;2026-05-25;3.04;3.53;-13.88;0;0;0;0;0;0;0;0;0;250;0;;;;;
2026-04-22;O_YKBNKE0526C38.00;YKBNK_05/2026_AVRUPA_OPSIYON;D_EQ;SSO;D_EQ_ECP;DE_YKBNK_ECP;YKBNK.E;2026-05-25;2.43;2.88;-15.63;0;0;0;0;0;0;0;0;0;100;0;;;;;
2026-04-22;O_YKBNKE0526C39.00;YKBNK_05/2026_AVRUPA_OPSIYON;D_EQ;SSO;D_EQ_ECP;DE_YKBNK_ECP;YKBNK.E;2026-05-25;1.91;2.3;-16.96;0;0;0;0;0;0;0;0;0;200;0;;;;;
2026-04-22;O_YKBNKE0526C40.00;YKBNK_05/2026_AVRUPA_OPSIYON;D_EQ;SSO;D_EQ_ECP;DE_YKBNK_ECP;YKBNK.E;2026-05-25;1.47;1.81;-18.78;0;0;0;0;0;0;0;0;0;50;0;;;;;
2026-04-22;O_YKBNKE0526C41.00;YKBNK_05/2026_AVRUPA_OPSIYON;D_EQ;SSO;D_EQ_ECP;DE_YKBNK_ECP;YKBNK.E;2026-05-25;1.1;1.39;-20.86;0;0;0;0;0;0;0;0;0;100000;0;;;;;
2026-04-22;O_YKBNKE0526C43.00;YKBNK_05/2026_AVRUPA_OPSIYON;D_EQ;SSO;D_EQ_ECP;DE_YKBNK_ECP;YKBNK.E;2026-05-25;0.59;0.78;-24.36;0;0;0;0;0;0;0;0;0;831;0;;;;;
2026-04-22;O_YKBNKE0526C44.00;YKBNK_05/2026_AVRUPA_OPSIYON;D_EQ;SSO;D_EQ_ECP;DE_YKBNK_ECP;YKBNK.E;2026-05-25;0.42;0.57;-26.32;0;0;0;0;0;0;0;0;0;0;0;;;;;
2026-04-22;O_YKBNKE0526C45.00;YKBNK_05/2026_AVRUPA_OPSIYON;D_EQ;SSO;D_EQ_ECP;DE_YKBNK_ECP;YKBNK.E;2026-05-25;0.29;0.41;-29.27;0;0;0;0;0;0;0;0;0;0;0;;;;;
2026-04-22;O_YKBNKE0526C46.00;YKBNK_05/2026_AVRUPA_OPSIYON;D_EQ;SSO;D_EQ_ECP;DE_YKBNK_ECP;YKBNK.E;2026-05-25;0.2;0.29;-31.03;0;0;0;0;0;0;0;0;0;3;0;;;;;
2026-04-22;O_YKBNKE0526C47.00;YKBNK_05/2026_AVRUPA_OPSIYON;D_EQ;SSO;D_EQ_ECP;DE_YKBNK_ECP;YKBNK.E;2026-05-25;0.13;0.2;-35;0;0;0;0;0;0;0;0;0;1;0;;;;;
2026-04-22;O_YKBNKE0526C48.00;YKBNK_05/2026_AVRUPA_OPSIYON;D_EQ;SSO;D_EQ_ECP;DE_YKBNK_ECP;YKBNK.E;2026-05-25;0.09;0.14;-35.71;0;0;0;0;0;0;0;0;0;0;0;;;;;
2026-04-22;O_YKBNKE0526C49.00;YKBNK_05/2026_AVRUPA_OPSIYON;D_EQ;SSO;D_EQ_ECP;DE_YKBNK_ECP;YKBNK.E;2026-05-25;0.06;0.09;-33.33;0;0;0;0;0;0;0;0;0;0;0;;;;;
2026-04-22;O_YKBNKE0526C50.00;YKBNK_05/2026_AVRUPA_OPSIYON;D_EQ;SSO;D_EQ_ECP;DE_YKBNK_ECP;YKBNK.E;2026-05-25;0.04;0.06;-33.33;0;0;0;0;0;0;0;0;0;0;0;;;;;
2026-04-22;O_YKBNKE0526C52.00;YKBNK_05/2026_AVRUPA_OPSIYON;D_EQ;SSO;D_EQ_ECP;DE_YKBNK_ECP;YKBNK.E;2026-05-25;0.01;0.03;-66.67;0;0;0;0;0;0;0;0;0;0;0;;;;;
2026-04-22;O_YKBNKE0526C54.00;YKBNK_05/2026_AVRUPA_OPSIYON;D_EQ;SSO;D_EQ_ECP;DE_YKBNK_ECP;YKBNK.E;2026-05-25;0.01;0.01;0;0;0;0;0;0;0;0;0;0;0;0;;;;;
2026-04-22;O_YKBNKE0526C56.00;YKBNK_05/2026_AVRUPA_OPSIYON;D_EQ;SSO;D_EQ_ECP;DE_YKBNK_ECP;YKBNK.E;2026-05-25;0.01;0.01;0;0;0;0;0;0;0;0;0;0;0;0;;;;;
2026-04-22;O_YKBNKE0526P28.00;YKBNK_05/2026_AVRUPA_OPSIYON;D_EQ;SSO;D_EQ_EPP;DE_YKBNK_EPP;YKBNK.E;2026-05-25;0.01;0.01;0;0;0;0;0;0;0;0;0;0;0;0;;;;;
2026-04-22;O_YKBNKE0526P29.00;YKBNK_05/2026_AVRUPA_OPSIYON;D_EQ;SSO;D_EQ_EPP;DE_YKBNK_EPP;YKBNK.E;2026-05-25;0.01;0.01;0;0;0;0;0;0;0;0;0;0;0;0;;;;;
2026-04-22;O_YKBNKE0526P30.00;YKBNK_05/2026_AVRUPA_OPSIYON;D_EQ;SSO;D_EQ_EPP;DE_YKBNK_EPP;YKBNK.E;2026-05-25;0.01;0.01;0;0;0;0;0;0;0;0;0;0;100;0;;;;;
2026-04-22;O_YKBNKE0526P31.00;YKBNK_05/2026_AVRUPA_OPSIYON;D_EQ;SSO;D_EQ_EPP;DE_YKBNK_EPP;YKBNK.E;2026-05-25;0.03;0.03;0;0;0;0;0;0;0;0;0;0;100;0;;;;;
2026-04-22;O_YKBNKE0526P32.00;YKBNK_05/2026_AVRUPA_OPSIYON;D_EQ;SSO;D_EQ_EPP;DE_YKBNK_EPP;YKBNK.E;2026-05-25;0.07;0.05;40;0;0;0;0;0;0;0;0;0;0;0;;;;;
2026-04-22;O_YKBNKE0526P33.00;YKBNK_05/2026_AVRUPA_OPSIYON;D_EQ;SSO;D_EQ_EPP;DE_YKBNK_EPP;YKBNK.E;2026-05-25;0.13;0.1;30;0;0;0;0;0;0;0;0;0;0;0;;;;;
2026-04-22;O_YKBNKE0526P34.00;YKBNK_05/2026_AVRUPA_OPSIYON;D_EQ;SSO;D_EQ_EPP;DE_YKBNK_EPP;YKBNK.E;2026-05-25;0.22;0.18;22.22;0;0;0;0;0;0;0;0;0;0;0;;;;;
2026-04-22;O_YKBNKE0526P35.00;YKBNK_05/2026_AVRUPA_OPSIYON;D_EQ;SSO;D_EQ_EPP;DE_YKBNK_EPP;YKBNK.E;2026-05-25;0.37;0.3;23.33;0;0;0;0;0;0;0;0;0;0;0;;;;;
2026-04-22;O_YKBNKE0526P36.00;YKBNK_05/2026_AVRUPA_OPSIYON;D_EQ;SSO;D_EQ_EPP;DE_YKBNK_EPP;YKBNK.E;2026-05-25;0.57;0.47;21.28;0;0;0;0;0;0;0;0;0;0;0;;;;;
2026-04-22;O_YKBNKE0526P37.00;YKBNK_05/2026_AVRUPA_OPSIYON;D_EQ;SSO;D_EQ_EPP;DE_YKBNK_EPP;YKBNK.E;2026-05-25;0.85;0.71;19.72;0;0;0;0;0;0;0;0;0;0;0;;;;;
2026-04-22;O_YKBNKE0526P38.00;YKBNK_05/2026_AVRUPA_OPSIYON;D_EQ;SSO;D_EQ_EPP;DE_YKBNK_EPP;YKBNK.E;2026-05-25;1.21;1.02;18.63;0;0;0;0;0;0;0;0;0;0;0;;;;;
2026-04-22;O_YKBNKE0526P39.00;YKBNK_05/2026_AVRUPA_OPSIYON;D_EQ;SSO;D_EQ_EPP;DE_YKBNK_EPP;YKBNK.E;2026-05-25;1.65;1.4;17.86;0;0;0;0;0;0;0;0;0;0;0;;;;;
2026-04-22;O_YKBNKE0526P40.00;YKBNK_05/2026_AVRUPA_OPSIYON;D_EQ;SSO;D_EQ_EPP;DE_YKBNK_EPP;YKBNK.E;2026-05-25;2.17;1.88;15.43;0;0;0;0;0;0;0;0;0;5;0;;;;;
2026-04-22;O_YKBNKE0526P41.00;YKBNK_05/2026_AVRUPA_OPSIYON;D_EQ;SSO;D_EQ_EPP;DE_YKBNK_EPP;YKBNK.E;2026-05-25;2.78;2.43;14.4;0;0;0;0;0;0;0;0;0;0;0;;;;;
2026-04-22;O_YKBNKE0526P42.00;YKBNK_05/2026_AVRUPA_OPSIYON;D_EQ;SSO;D_EQ_EPP;DE_YKBNK_EPP;YKBNK.E;2026-05-25;3.46;3.05;13.44;0;0;0;0;0;0;0;0;0;2150;0;;;;;
2026-04-22;O_YKBNKE0526P43.00;YKBNK_05/2026_AVRUPA_OPSIYON;D_EQ;SSO;D_EQ_EPP;DE_YKBNK_EPP;YKBNK.E;2026-05-25;4.2;3.75;12;0;0;0;0;0;0;0;0;0;0;0;;;;;
2026-04-22;O_YKBNKE0526P44.00;YKBNK_05/2026_AVRUPA_OPSIYON;D_EQ;SSO;D_EQ_EPP;DE_YKBNK_EPP;YKBNK.E;2026-05-25;4.99;4.5;10.89;0;0;0;0;0;0;0;0;0;0;0;;;;;
2026-04-22;O_YKBNKE0526P45.00;YKBNK_05/2026_AVRUPA_OPSIYON;D_EQ;SSO;D_EQ_EPP;DE_YKBNK_EPP;YKBNK.E;2026-05-25;5.83;5.3;10;0;0;0;0;0;0;0;0;0;0;0;;;;;
2026-04-22;O_YKBNKE0526P46.00;YKBNK_05/2026_AVRUPA_OPSIYON;D_EQ;SSO;D_EQ_EPP;DE_YKBNK_EPP;YKBNK.E;2026-05-25;6.71;6.15;9.11;0;0;0;0;0;0;0;0;0;0;0;;;;;
2026-04-22;O_YKBNKE0526P47.00;YKBNK_05/2026_AVRUPA_OPSIYON;D_EQ;SSO;D_EQ_EPP;DE_YKBNK_EPP;YKBNK.E;2026-05-25;7.61;7.02;8.4;0;0;0;0;0;0;0;0;0;0;0;;;;;
2026-04-22;O_YKBNKE0526P48.00;YKBNK_05/2026_AVRUPA_OPSIYON;D_EQ;SSO;D_EQ_EPP;DE_YKBNK_EPP;YKBNK.E;2026-05-25;8.53;7.93;7.57;0;0;0;0;0;0;0;0;0;0;0;;;;;
2026-04-22;O_YKBNKE0626C35.00;YKBNK_06/2026_AVRUPA_OPSIYON;D_EQ;SSO;D_EQ_ECP;DE_YKBNK_ECP;YKBNK.E;2026-06-30;6.36;6.93;-8.23;0;0;0;0;0;0;0;0;0;0;0;;;;;
2026-04-22;O_YKBNKE0626C36.00;YKBNK_06/2026_AVRUPA_OPSIYON;D_EQ;SSO;D_EQ_ECP;DE_YKBNK_ECP;YKBNK.E;2026-06-30;5.64;6.18;-8.74;0;0;0;0;0;0;0;0;0;0;0;;;;;
2026-04-22;O_YKBNKE0626C37.00;YKBNK_06/2026_AVRUPA_OPSIYON;D_EQ;SSO;D_EQ_ECP;DE_YKBNK_ECP;YKBNK.E;2026-06-30;4.96;5.48;-9.49;0;0;0;0;0;0;0;0;0;0;0;;;;;
2026-04-22;O_YKBNKE0626C38.00;YKBNK_06/2026_AVRUPA_OPSIYON;D_EQ;SSO;D_EQ_ECP;DE_YKBNK_ECP;YKBNK.E;2026-06-30;4.32;4.81;-10.19;0;0;0;0;0;0;0;0;0;0;0;;;;;
2026-04-22;O_YKBNKE0626C39.00;YKBNK_06/2026_AVRUPA_OPSIYON;D_EQ;SSO;D_EQ_ECP;DE_YKBNK_ECP;YKBNK.E;2026-06-30;3.74;4.2;-10.95;0;0;0;0;0;0;0;0;0;0;0;;;;;
2026-04-22;O_YKBNKE0626C40.00;YKBNK_06/2026_AVRUPA_OPSIYON;D_EQ;SSO;D_EQ_ECP;DE_YKBNK_ECP;YKBNK.E;2026-06-30;3.22;3.64;-11.54;0;0;0;0;0;0;0;0;0;0;0;;;;;
2026-04-22;O_YKBNKE0626C41.00;YKBNK_06/2026_AVRUPA_OPSIYON;D_EQ;SSO;D_EQ_ECP;DE_YKBNK_ECP;YKBNK.E;2026-06-30;2.74;3.13;-12.46;0;0;0;0;0;0;0;0;0;0;0;;;;;
2026-04-22;O_YKBNKE0626C42.00;YKBNK_06/2026_AVRUPA_OPSIYON;D_EQ;SSO;D_EQ_ECP;DE_YKBNK_ECP;YKBNK.E;2026-06-30;2.32;2.68;-13.43;0;0;0;0;0;0;0;0;0;0;0;;;;;
2026-04-22;O_YKBNKE0626C44.00;YKBNK_06/2026_AVRUPA_OPSIYON;D_EQ;SSO;D_EQ_ECP;DE_YKBNK_ECP;YKBNK.E;2026-06-30;1.63;1.91;-14.66;0;0;0;0;0;0;0;0;0;0;0;;;;;
2026-04-22;O_YKBNKE0626C45.00;YKBNK_06/2026_AVRUPA_OPSIYON;D_EQ;SSO;D_EQ_ECP;DE_YKBNK_ECP;YKBNK.E;2026-06-30;1.35;1.6;-15.63;0;0;0;0;0;0;0;0;0;0;0;;;;;
2026-04-22;O_YKBNKE0626C46.00;YKBNK_06/2026_AVRUPA_OPSIYON;D_EQ;SSO;D_EQ_ECP;DE_YKBNK_ECP;YKBNK.E;2026-06-30;1.11;1.33;-16.54;0;0;0;0;0;0;0;0;0;0;0;;;;;
2026-04-22;O_YKBNKE0626C47.00;YKBNK_06/2026_AVRUPA_OPSIYON;D_EQ;SSO;D_EQ_ECP;DE_YKBNK_ECP;YKBNK.E;2026-06-30;0.91;1.1;-17.27;0;0;0;0;0;0;0;0;0;0;0;;;;;
2026-04-22;O_YKBNKE0626C48.00;YKBNK_06/2026_AVRUPA_OPSIYON;D_EQ;SSO;D_EQ_ECP;DE_YKBNK_ECP;YKBNK.E;2026-06-30;0.74;0.9;-17.78;0;0;0;0;0;0;0;0;0;0;0;;;;;
2026-04-22;O_YKBNKE0626C49.00;YKBNK_06/2026_AVRUPA_OPSIYON;D_EQ;SSO;D_EQ_ECP;DE_YKBNK_ECP;YKBNK.E;2026-06-30;0.59;0.74;-20.27;0;0;0;0;0;0;0;0;0;0;0;;;;;
2026-04-22;O_YKBNKE0626P30.00;YKBNK_06/2026_AVRUPA_OPSIYON;D_EQ;SSO;D_EQ_EPP;DE_YKBNK_EPP;YKBNK.E;2026-06-30;0.06;0.05;20;0;0;0;0;0;0;0;0;0;0;0;;;;;
2026-04-22;O_YKBNKE0626P31.00;YKBNK_06/2026_AVRUPA_OPSIYON;D_EQ;SSO;D_EQ_EPP;DE_YKBNK_EPP;YKBNK.E;2026-06-30;0.1;0.08;25;0;0;0;0;0;0;0;0;0;0;0;;;;;
2026-04-22;O_YKBNKE0626P32.00;YKBNK_06/2026_AVRUPA_OPSIYON;D_EQ;SSO;D_EQ_EPP;DE_YKBNK_EPP;YKBNK.E;2026-06-30;0.16;0.13;23.08;0;0;0;0;0;0;0;0;0;0;0;;;;;
2026-04-22;O_YKBNKE0626P33.00;YKBNK_06/2026_AVRUPA_OPSIYON;D_EQ;SSO;D_EQ_EPP;DE_YKBNK_EPP;YKBNK.E;2026-06-30;0.25;0.21;19.05;0;0;0;0;0;0;0;0;0;0;0;;;;;
2026-04-22;O_YKBNKE0626P34.00;YKBNK_06/2026_AVRUPA_OPSIYON;D_EQ;SSO;D_EQ_EPP;DE_YKBNK_EPP;YKBNK.E;2026-06-30;0.36;0.3;20;0;0;0;0;0;0;0;0;0;0;0;;;;;
2026-04-22;O_YKBNKE0626P35.00;YKBNK_06/2026_AVRUPA_OPSIYON;D_EQ;SSO;D_EQ_EPP;DE_YKBNK_EPP;YKBNK.E;2026-06-30;0.51;0.43;18.6;0;0;0;0;0;0;0;0;0;0;0;;;;;
2026-04-22;O_YKBNKE0626P36.00;YKBNK_06/2026_AVRUPA_OPSIYON;D_EQ;SSO;D_EQ_EPP;DE_YKBNK_EPP;YKBNK.E;2026-06-30;0.7;0.6;16.67;0;0;0;0;0;0;0;0;0;0;0;;;;;
2026-04-22;O_YKBNKE0626P37.00;YKBNK_06/2026_AVRUPA_OPSIYON;D_EQ;SSO;D_EQ_EPP;DE_YKBNK_EPP;YKBNK.E;2026-06-30;0.93;0.81;14.81;0;0;0;0;0;0;0;0;0;0;0;;;;;
2026-04-22;O_YKBNKE0626P38.00;YKBNK_06/2026_AVRUPA_OPSIYON;D_EQ;SSO;D_EQ_EPP;DE_YKBNK_EPP;YKBNK.E;2026-06-30;1.22;1.07;14.02;0;0;0;0;0;0;0;0;0;0;0;;;;;
2026-04-22;O_YKBNKE0626P39.00;YKBNK_06/2026_AVRUPA_OPSIYON;D_EQ;SSO;D_EQ_EPP;DE_YKBNK_EPP;YKBNK.E;2026-06-30;1.56;1.37;13.87;0;0;0;0;0;0;0;0;0;0;0;;;;;
2026-04-22;O_YKBNKE0626P40.00;YKBNK_06/2026_AVRUPA_OPSIYON;D_EQ;SSO;D_EQ_EPP;DE_YKBNK_EPP;YKBNK.E;2026-06-30;1.95;1.73;12.72;0;0;0;0;0;0;0;0;0;0;0;;;;;
2026-04-22;O_YKBNKE0626P41.00;YKBNK_06/2026_AVRUPA_OPSIYON;D_EQ;SSO;D_EQ_EPP;DE_YKBNK_EPP;YKBNK.E;2026-06-30;2.39;2.13;12.21;0;0;0;0;0;0;0;0;0;0;0;;;;;
2026-04-22;O_YKBNKE0626P42.00;YKBNK_06/2026_AVRUPA_OPSIYON;D_EQ;SSO;D_EQ_EPP;DE_YKBNK_EPP;YKBNK.E;2026-06-30;2.88;2.59;11.2;0;0;0;0;0;0;0;0;0;0;0;;;;;
2026-04-22;O_YKBNKE0626P43.00;YKBNK_06/2026_AVRUPA_OPSIYON;D_EQ;SSO;D_EQ_EPP;DE_YKBNK_EPP;YKBNK.E;2026-06-30;3.43;3.1;10.65;0;0;0;0;0;0;0;0;0;0;0;;;;;
2026-04-22;O_YKBNKE0626P44.00;YKBNK_06/2026_AVRUPA_OPSIYON;D_EQ;SSO;D_EQ_EPP;DE_YKBNK_EPP;YKBNK.E;2026-06-30;4.02;3.66;9.84;0;0;0;0;0;0;0;0;0;0;0;;;;;
2026-04-22;TM_F_USDTRY150526;USDTRY_150526_ESNEK VIS;D_CR;CRF;D_CR_FUT;DE_USDTRY_FUT;D_USDTRY;2026-05-15;46.001;;0;0;0;0;0;0;0;0;0;0;0;0;;;;;
2026-04-22;TM_F_USDTRY240426;USDTRY_240426_ESNEK VIS;D_CR;CRF;D_CR_FUT;DE_USDTRY_FUT;D_USDTRY;2026-04-24;44.92;44.991;-0.16;44.917;44.911;45.148;44.911;45.033;142754649;0;3170;24;273;-12;;;;;
2026-04-22;TM_O_AKBNKE110526P68.00;AKBNK_110526_AVRUPA_ESNEK OPS;D_EQ;SSO;D_EQ_EPP;DE_AKBNK_EPP;AKBNK.E;2026-05-11;0.09;0.07;28.57;0;0;0;0;0;0;0;0;0;1500;0;;;;;
2026-04-22;TM_O_AKBNKE250526C87.50;AKBNK_250526_AVRUPA_ESNEK OPS;D_EQ;SSO;D_EQ_ECP;DE_AKBNK_ECP;AKBNK.E;2026-05-25;1.88;2.48;-24.19;0;0;0;0;0;0;0;0;0;3588;0;;;;;
2026-04-22;TM_O_AKBNKE250526P84.01;AKBNK_250526_AVRUPA_ESNEK OPS;D_EQ;SSO;D_EQ_EPP;DE_AKBNK_EPP;AKBNK.E;2026-05-25;4.9;;0;1.89;1.89;1.89;1.89;1.89;4116490;92610;490;2;490;490;;;;;
2026-04-22;TM_O_AKBNKE250526P84.02;AKBNK_250526_AVRUPA_ESNEK OPS;D_EQ;SSO;D_EQ_EPP;DE_AKBNK_EPP;AKBNK.E;2026-05-25;4.91;;0;0;0;0;0;0;0;0;0;0;0;0;;;;;
2026-04-22;TM_O_AKBNKE250526P86.10;AKBNK_250526_AVRUPA_ESNEK OPS;D_EQ;SSO;D_EQ_EPP;DE_AKBNK_EPP;AKBNK.E;2026-05-25;6.21;5.32;16.73;0;0;0;0;0;0;0;0;0;118;0;;;;;
2026-04-22;TM_O_AKBNKE250526P88.50;AKBNK_250526_AVRUPA_ESNEK OPS;D_EQ;SSO;D_EQ_EPP;DE_AKBNK_EPP;AKBNK.E;2026-05-25;7.9;6.86;15.16;0;0;0;0;0;0;0;0;0;116;0;;;;;
2026-04-22;TM_O_AKBNKE250526P88.60;AKBNK_250526_AVRUPA_ESNEK OPS;D_EQ;SSO;D_EQ_EPP;DE_AKBNK_EPP;AKBNK.E;2026-05-25;7.97;6.93;15.01;0;0;0;0;0;0;0;0;0;120;0;;;;;
2026-04-22;TM_O_AKBNKE300426C72.00;AKBNK_04/2026_AVRUPA_OPSIYON;D_EQ;SSO;D_EQ_ECP;DE_AKBNK_ECP;AKBNK.E;2026-04-30;7.93;9.47;-16.26;0;0;0;0;0;0;0;0;0;0;0;;;;;
2026-04-22;TM_O_AKBNKE300426C78.01;AKBNK_300426_AVRUPA_ESNEK OPS;D_EQ;SSO;D_EQ_ECP;DE_AKBNK_ECP;AKBNK.E;2026-04-30;2.95;4.19;-29.59;0;0;0;0;0;0;0;0;0;0;0;;;;;
2026-04-22;TM_O_AKBNKE300426P75.00;AKBNK_300426_AVRUPA_ESNEK OPS;D_EQ;SSO;D_EQ_EPP;DE_AKBNK_EPP;AKBNK.E;2026-04-30;0.34;0.23;47.83;0;0;0;0;0;0;0;0;0;2500;0;;;;;
2026-04-22;TM_O_AKBNKE300426P75.10;AKBNK_300426_AVRUPA_ESNEK OPS;D_EQ;SSO;D_EQ_EPP;DE_AKBNK_EPP;AKBNK.E;2026-04-30;0.35;0.24;45.83;0;0;0;0;0;0;0;0;0;135;0;;;;;
2026-04-22;TM_O_AKBNKE300426P76.20;AKBNK_300426_AVRUPA_ESNEK OPS;D_EQ;SSO;D_EQ_EPP;DE_AKBNK_EPP;AKBNK.E;2026-04-30;0.56;0.37;51.35;0;0;0;0;0;0;0;0;0;545;0;;;;;
2026-04-22;TM_O_AKBNKE300426P77.00;AKBNK_300426_AVRUPA_ESNEK OPS;D_EQ;SSO;D_EQ_EPP;DE_AKBNK_EPP;AKBNK.E;2026-04-30;0.75;0.51;47.06;0;0;0;0;0;0;0;0;0;520;0;;;;;
2026-04-22;TM_O_AKBNKE300426P80.01;AKBNK_300426_AVRUPA_ESNEK OPS;D_EQ;SSO;D_EQ_EPP;DE_AKBNK_EPP;AKBNK.E;2026-04-30;1.93;1.37;40.88;0;0;0;0;0;0;0;0;0;140;0;;;;;
2026-04-22;TM_O_AKBNKE300426P84.60;AKBNK_300426_AVRUPA_ESNEK OPS;D_EQ;SSO;D_EQ_EPP;DE_AKBNK_EPP;AKBNK.E;2026-04-30;5.09;3.96;28.54;0;0;0;0;0;0;0;0;0;591;0;;;;;
2026-04-22;TM_O_AKBNKE300426P86.50;AKBNK_300426_AVRUPA_ESNEK OPS;D_EQ;SSO;D_EQ_EPP;DE_AKBNK_EPP;AKBNK.E;2026-04-30;6.75;5.45;23.85;0;0;0;0;0;0;0;0;0;480;0;;;;;
2026-04-22;TM_O_AKBNKE300426P87.60;AKBNK_300426_AVRUPA_ESNEK OPS;D_EQ;SSO;D_EQ_EPP;DE_AKBNK_EPP;AKBNK.E;2026-04-30;7.76;6.38;21.63;0;0;0;0;0;0;0;0;0;114;0;;;;;
2026-04-22;TM_O_AKBNKE300426P88.10;AKBNK_300426_AVRUPA_ESNEK OPS;D_EQ;SSO;D_EQ_EPP;DE_AKBNK_EPP;AKBNK.E;2026-04-30;8.23;6.82;20.67;0;0;0;0;0;0;0;0;0;345;0;;;;;
2026-04-22;TM_O_ALARKE250526P98.01;ALARK_250526_AVRUPA_ESNEK OPS;D_EQ;SSO;D_EQ_EPP;DE_ALARK_EPP;ALARK.E;2026-05-25;5.42;4.57;18.6;0;0;0;0;0;0;0;0;0;306;0;;;;;
2026-04-22;TM_O_ALARKE300426P90.02;ALARK_300426_AVRUPA_ESNEK OPS;D_EQ;SSO;D_EQ_EPP;DE_ALARK_EPP;ALARK.E;2026-04-30;0.81;0.54;50;0;0;0;0;0;0;0;0;0;116;0;;;;;
2026-04-22;TM_O_ALARKE300426P92.02;ALARK_300426_AVRUPA_ESNEK OPS;D_EQ;SSO;D_EQ_EPP;DE_ALARK_EPP;ALARK.E;2026-04-30;1.49;1.04;43.27;0;0;0;0;0;0;0;0;0;271;0;;;;;
2026-04-22;TM_O_ALARKE300426P94.01;ALARK_300426_AVRUPA_ESNEK OPS;D_EQ;SSO;D_EQ_EPP;DE_ALARK_EPP;ALARK.E;2026-04-30;2.47;1.79;37.99;0;0;0;0;0;0;0;0;0;215;0;;;;;
2026-04-22;TM_O_ALARKE300426P94.02;ALARK_300426_AVRUPA_ESNEK OPS;D_EQ;SSO;D_EQ_EPP;DE_ALARK_EPP;ALARK.E;2026-04-30;2.48;1.79;38.55;0;0;0;0;0;0;0;0;0;213;0;;;;;
2026-04-22;TM_O_ARCLKE300426P115.05;ARCLK_300426_AVRUPA_ESNEK OPS;D_EQ;SSO;D_EQ_EPP;DE_ARCLK_EPP;ARCLK.E;2026-04-30;2.18;1.76;23.86;0;0;0;0;0;0;0;0;0;249;0;;;;;
2026-04-22;TM_O_ASELSE300426C375.00;ASELS_300426_AVRUPA_ESNEK OPS;D_EQ;SSO;D_EQ_ECP;DE_ASELS_ECP;ASELS.E;2026-04-30;27.28;27.95;-2.4;0;0;0;0;0;0;0;0;0;500;0;;;;;
2026-04-22;TM_O_ASELSE300426C405.00;ASELS_300426_AVRUPA_ESNEK OPS;D_EQ;SSO;D_EQ_ECP;DE_ASELS_ECP;ASELS.E;2026-04-30;7.8;8.58;-9.09;0;0;0;0;0;0;0;0;0;500;0;;;;;
2026-04-22;TM_O_BIMASE010626C780.00;BIMAS_010626_AVRUPA_ESNEK OPS;D_EQ;SSO;D_EQ_ECP;DE_BIMAS_ECP;BIMAS.E;2026-06-01;44.28;39.73;11.45;0;0;0;0;0;0;0;0;0;96;0;;;;;
2026-04-22;TM_O_BIMASE250526C894.00;BIMAS_250526_AVRUPA_ESNEK OPS;D_EQ;SSO;D_EQ_ECP;DE_BIMAS_ECP;BIMAS.E;2026-05-25;5.74;5;14.8;0;0;0;0;0;0;0;0;0;245;0;;;;;
2026-04-22;TM_O_BIMASE300426C710.00;BIMAS_300426_AVRUPA_ESNEK OPS;D_EQ;SSO;D_EQ_ECP;DE_BIMAS_ECP;BIMAS.E;2026-04-30;60.08;51.7;16.21;0;0;0;0;0;0;0;0;0;70;0;;;;;
2026-04-22;TM_O_BIMASE300426C719.99;BIMAS_300426_AVRUPA_ESNEK OPS;D_EQ;SSO;D_EQ_ECP;DE_BIMAS_ECP;BIMAS.E;2026-04-30;51.09;43.35;17.85;0;0;0;0;0;0;0;0;0;60;0;;;;;
2026-04-22;TM_O_BIMASE300426P600.01;BIMAS_300426_AVRUPA_ESNEK OPS;D_EQ;SSO;D_EQ_EPP;DE_BIMAS_EPP;BIMAS.E;2026-04-30;0.01;0.01;0;0;0;0;0;0;0;0;0;0;0;0;;;;;
2026-04-22;TM_O_BIMASE300426P660.01;BIMAS_300426_AVRUPA_ESNEK OPS;D_EQ;SSO;D_EQ_EPP;DE_BIMAS_EPP;BIMAS.E;2026-04-30;0.03;0.11;-72.73;0;0;0;0;0;0;0;0;0;60;0;;;;;
2026-04-22;TM_O_BIMASE300426P680.05;BIMAS_300426_AVRUPA_ESNEK OPS;D_EQ;SSO;D_EQ_EPP;DE_BIMAS_EPP;BIMAS.E;2026-04-30;0.15;0.46;-67.39;0;0;0;0;0;0;0;0;0;14;0;;;;;
2026-04-22;TM_O_EKGYOE250526C23.40;EKGYO_250526_AVRUPA_ESNEK OPS;D_EQ;SSO;D_EQ_ECP;DE_EKGYO_ECP;EKGYO.E;2026-05-25;0.51;;0;0.43;0.3;0.43;0.3;0.37;3112200;48545;1330;2;665;665;;;;;
2026-04-22;TM_O_EKGYOE250526P20.75;EKGYO_250526_AVRUPA_ESNEK OPS;D_EQ;SSO;D_EQ_EPP;DE_EKGYO_EPP;EKGYO.E;2026-05-25;0.56;0.53;5.66;0;0;0;0;0;0;0;0;0;5000;0;;;;;
2026-04-22;TM_O_EKGYOE250526P22.51;EKGYO_250526_AVRUPA_ESNEK OPS;D_EQ;SSO;D_EQ_EPP;DE_EKGYO_EPP;EKGYO.E;2026-05-25;1.39;1.31;6.11;0;0;0;0;0;0;0;0;0;1330;0;;;;;
2026-04-22;TM_O_EKGYOE300426P19.25;EKGYO_300426_AVRUPA_ESNEK OPS;D_EQ;SSO;D_EQ_EPP;DE_EKGYO_EPP;EKGYO.E;2026-04-30;0.02;0.02;0;0;0;0;0;0;0;0;0;0;3100;0;;;;;
2026-04-22;TM_O_EKGYOE300426P20.01;EKGYO_300426_AVRUPA_ESNEK OPS;D_EQ;SSO;D_EQ_EPP;DE_EKGYO_EPP;EKGYO.E;2026-04-30;0.1;0.09;11.11;0;0;0;0;0;0;0;0;0;2500;0;;;;;
2026-04-22;TM_O_EKGYOE300426P21.01;EKGYO_300426_AVRUPA_ESNEK OPS;D_EQ;SSO;D_EQ_EPP;DE_EKGYO_EPP;EKGYO.E;2026-04-30;0.37;0.33;12.12;0;0;0;0;0;0;0;0;0;3400;0;;;;;
2026-04-22;TM_O_FROTOE250526C119.00;FROTO_250526_AVRUPA_ESNEK OPS;D_EQ;SSO;D_EQ_ECP;DE_FROTO_ECP;FROTO.E;2026-05-25;1.17;1.56;-25;0;0;0;0;0;0;0;0;0;1682;0;;;;;
2026-04-22;TM_O_FROTOE300426P105.03;FROTO_300426_AVRUPA_ESNEK OPS;D_EQ;SSO;D_EQ_EPP;DE_FROTO_EPP;FROTO.E;2026-04-30;3.5;2.95;18.64;0;0;0;0;0;0;0;0;0;240;0;;;;;
2026-04-22;TM_O_FROTOE300426P105.04;FROTO_300426_AVRUPA_ESNEK OPS;D_EQ;SSO;D_EQ_EPP;DE_FROTO_EPP;FROTO.E;2026-04-30;3.51;2.95;18.98;0;0;0;0;0;0;0;0;0;237;0;;;;;
2026-04-22;TM_O_FROTOE300426P105.05;FROTO_300426_AVRUPA_ESNEK OPS;D_EQ;SSO;D_EQ_EPP;DE_FROTO_EPP;FROTO.E;2026-04-30;3.51;2.96;18.58;0;0;0;0;0;0;0;0;0;190;0;;;;;
2026-04-22;TM_O_FROTOE300426P105.06;FROTO_300426_AVRUPA_ESNEK OPS;D_EQ;SSO;D_EQ_EPP;DE_FROTO_EPP;FROTO.E;2026-04-30;3.52;2.96;18.92;0;0;0;0;0;0;0;0;0;190;0;;;;;
2026-04-22;TM_O_GARANE150526P135.50;GARAN_150526_AVRUPA_ESNEK OPS;D_EQ;SSO;D_EQ_EPP;DE_GARAN_EPP;GARAN.E;2026-05-15;2.46;2.03;21.18;0;0;0;0;0;0;0;0;0;350;0;;;;;
2026-04-22;TM_O_GARANE250526C155.80;GARAN_250526_AVRUPA_ESNEK OPS;D_EQ;SSO;D_EQ_ECP;DE_GARAN_ECP;GARAN.E;2026-05-25;3.34;4.09;-18.34;0;0;0;0;0;0;0;0;0;847;0;;;;;
2026-04-22;TM_O_GARANE250526P142.00;GARAN_250526_AVRUPA_ESNEK OPS;D_EQ;SSO;D_EQ_EPP;DE_GARAN_EPP;GARAN.E;2026-05-25;5.52;4.66;18.45;0;0;0;0;0;0;0;0;0;5000;0;;;;;
2026-04-22;TM_O_GARANE250526P155.05;GARAN_250526_AVRUPA_ESNEK OPS;D_EQ;SSO;D_EQ_EPP;DE_GARAN_EPP;GARAN.E;2026-05-25;13.87;12.12;14.44;0;0;0;0;0;0;0;0;0;77;0;;;;;
2026-04-22;TM_O_GARANE300426P135.50;GARAN_300426_AVRUPA_ESNEK OPS;D_EQ;SSO;D_EQ_EPP;DE_GARAN_EPP;GARAN.E;2026-04-30;1.12;0.86;30.23;0;0;0;0;0;0;0;0;0;1250;0;;;;;
2026-04-22;TM_O_GARANE300426P140.01;GARAN_300426_AVRUPA_ESNEK OPS;D_EQ;SSO;D_EQ_EPP;DE_GARAN_EPP;GARAN.E;2026-04-30;2.73;2.07;31.88;0;0;0;0;0;0;0;0;0;771;0;;;;;
2026-04-22;TM_O_HALKBE250526P42.01;HALKB_250526_AVRUPA_ESNEK OPS;D_EQ;SSO;D_EQ_EPP;DE_HALKB_EPP;HALKB.E;2026-05-25;2.25;2.1;7.14;0;0;0;0;0;0;0;0;0;565;0;;;;;
2026-04-22;TM_O_ISCTRE010626C17.50;ISCTR_010626_AVRUPA_ESNEK OPS;D_EQ;SSO;D_EQ_ECP;DE_ISCTR_ECP;ISCTR.E;2026-06-01;0.25;0.26;-3.85;0;0;0;0;0;0;0;0;0;50000;0;;;;;
2026-04-22;TM_O_ISCTRE070526C14.50;ISCTR_070526_AVRUPA_ESNEK OPS;D_EQ;SSO;D_EQ_ECP;DE_ISCTR_ECP;ISCTR.E;2026-05-07;0.81;0.84;-3.57;0;0;0;0;0;0;0;0;0;5000;0;;;;;
2026-04-22;TM_O_ISCTRE250526P15.51;ISCTR_250526_AVRUPA_ESNEK OPS;D_EQ;SSO;D_EQ_EPP;DE_ISCTR_EPP;ISCTR.E;2026-05-25;0.88;0.88;0;0;0;0;0;0;0;0;0;0;1178;0;;;;;
2026-04-22;TM_O_ISCTRE250526P16.10;ISCTR_250526_AVRUPA_ESNEK OPS;D_EQ;SSO;D_EQ_EPP;DE_ISCTR_EPP;ISCTR.E;2026-05-25;1.23;1.23;0;0;0;0;0;0;0;0;0;0;1300;0;;;;;
2026-04-22;TM_O_ISCTRE250526P16.40;ISCTR_250526_AVRUPA_ESNEK OPS;D_EQ;SSO;D_EQ_EPP;DE_ISCTR_EPP;ISCTR.E;2026-05-25;1.44;1.43;0.7;0;0;0;0;0;0;0;0;0;650;0;;;;;
2026-04-22;TM_O_ISCTRE250526P16.80;ISCTR_250526_AVRUPA_ESNEK OPS;D_EQ;SSO;D_EQ_EPP;DE_ISCTR_EPP;ISCTR.E;2026-05-25;1.73;1.72;0.58;0;0;0;0;0;0;0;0;0;620;0;;;;;
2026-04-22;TM_O_ISCTRE300426P13.20;ISCTR_300426_AVRUPA_ESNEK OPS;D_EQ;SSO;D_EQ_EPP;DE_ISCTR_EPP;ISCTR.E;2026-04-30;0.01;0.01;0;0;0;0;0;0;0;0;0;0;5000;0;;;;;
2026-04-22;TM_O_ISCTRE300426P13.51;ISCTR_300426_AVRUPA_ESNEK OPS;D_EQ;SSO;D_EQ_EPP;DE_ISCTR_EPP;ISCTR.E;2026-04-30;0.02;0.03;-33.33;0;0;0;0;0;0;0;0;0;1220;0;;;;;
2026-04-22;TM_O_ISCTRE300426P15.01;ISCTR_300426_AVRUPA_ESNEK OPS;D_EQ;SSO;D_EQ_EPP;DE_ISCTR_EPP;ISCTR.E;2026-04-30;0.43;0.44;-2.27;0;0;0;0;0;0;0;0;0;7000;0;;;;;
2026-04-22;TM_O_ISCTRE300426P15.21;ISCTR_300426_AVRUPA_ESNEK OPS;D_EQ;SSO;D_EQ_EPP;DE_ISCTR_EPP;ISCTR.E;2026-04-30;0.54;0.56;-3.57;0;0;0;0;0;0;0;0;0;2700;0;;;;;
2026-04-22;TM_O_ISCTRE300426P15.22;ISCTR_300426_AVRUPA_ESNEK OPS;D_EQ;SSO;D_EQ_EPP;DE_ISCTR_EPP;ISCTR.E;2026-04-30;0.55;0.56;-1.79;0;0;0;0;0;0;0;0;0;2025;0;;;;;
2026-04-22;TM_O_ISCTRE300426P15.23;ISCTR_300426_AVRUPA_ESNEK OPS;D_EQ;SSO;D_EQ_EPP;DE_ISCTR_EPP;ISCTR.E;2026-04-30;0.56;0.57;-1.75;0;0;0;0;0;0;0;0;0;675;0;;;;;
2026-04-22;TM_O_ISCTRE300426P15.33;ISCTR_300426_AVRUPA_ESNEK OPS;D_EQ;SSO;D_EQ_EPP;DE_ISCTR_EPP;ISCTR.E;2026-04-30;0.62;0.63;-1.59;0;0;0;0;0;0;0;0;0;675;0;;;;;
2026-04-22;TM_O_ISCTRE300426P16.01;ISCTR_300426_AVRUPA_ESNEK OPS;D_EQ;SSO;D_EQ_EPP;DE_ISCTR_EPP;ISCTR.E;2026-04-30;1.15;1.15;0;0;0;0;0;0;0;0;0;0;1900;0;;;;;
2026-04-22;TM_O_ISCTRE300426P16.80;ISCTR_300426_AVRUPA_ESNEK OPS;D_EQ;SSO;D_EQ_EPP;DE_ISCTR_EPP;ISCTR.E;2026-04-30;1.88;1.86;1.08;0;0;0;0;0;0;0;0;0;600;0;;;;;
2026-04-22;TM_O_KCHOLE010626C225.00;KCHOL_010626_AVRUPA_ESNEK OPS;D_EQ;SSO;D_EQ_ECP;DE_KCHOL_ECP;KCHOL.E;2026-06-01;5.43;6.08;-10.69;0;0;0;0;0;0;0;0;0;1570;0;;;;;
2026-04-22;TM_O_KCHOLE250526C204.00;KCHOL_250526_AVRUPA_ESNEK OPS;D_EQ;SSO;D_EQ_ECP;DE_KCHOL_ECP;KCHOL.E;2026-05-25;13.07;14.14;-7.57;0;0;0;0;0;0;0;0;0;300;0;;;;;
2026-04-22;TM_O_KCHOLE250526C226.00;KCHOL_250526_AVRUPA_ESNEK OPS;D_EQ;SSO;D_EQ_ECP;DE_KCHOL_ECP;KCHOL.E;2026-05-25;3.92;4.47;-12.3;0;0;0;0;0;0;0;0;0;570;0;;;;;
2026-04-22;TM_O_KCHOLE250526P215.05;KCHOL_250526_AVRUPA_ESNEK OPS;D_EQ;SSO;D_EQ_EPP;DE_KCHOL_EPP;KCHOL.E;2026-05-25;10.37;9.89;4.85;0;0;0;0;0;0;0;0;0;167;0;;;;;
2026-04-22;TM_O_KCHOLE300426C213.00;KCHOL_300426_AVRUPA_ESNEK OPS;D_EQ;SSO;D_EQ_ECP;DE_KCHOL_ECP;KCHOL.E;2026-04-30;1.93;2.62;-26.34;0;0;0;0;0;0;0;0;0;400;0;;;;;
2026-04-22;TM_O_KCHOLE300426P201.00;KCHOL_300426_AVRUPA_ESNEK OPS;D_EQ;SSO;D_EQ_EPP;DE_KCHOL_EPP;KCHOL.E;2026-04-30;2.05;1.93;6.22;0;0;0;0;0;0;0;0;0;536;0;;;;;
2026-04-22;TM_O_PETKME220526C22.00;PETKM_220526_AVRUPA_ESNEK OPS;D_EQ;SSO;D_EQ_ECP;DE_PETKM_ECP;PETKM.E;2026-05-22;2.25;2.22;1.35;0;0;0;0;0;0;0;0;0;3000;0;;;;;
2026-04-22;TM_O_PETKME300426P20.36;PETKM_300426_AVRUPA_ESNEK OPS;D_EQ;SSO;D_EQ_EPP;DE_PETKM_EPP;PETKM.E;2026-04-30;0.02;0.03;-33.33;0;0;0;0;0;0;0;0;0;0;0;;;;;
2026-04-22;TM_O_PGSUSE010626C210.00;PGSUS_010626_AVRUPA_ESNEK OPS;D_EQ;SSO;D_EQ_ECP;DE_PGSUS_ECP;PGSUS.E;2026-06-01;5.58;5.83;-4.29;0;0;0;0;0;0;0;0;0;400;0;;;;;
2026-04-22;TM_O_PGSUSE010626P210.00;PGSUS_010626_AVRUPA_ESNEK OPS;D_EQ;SSO;D_EQ_EPP;DE_PGSUS_EPP;PGSUS.E;2026-06-01;16.81;16.86;-0.3;0;0;0;0;0;0;0;0;0;0;0;;;;;
2026-04-22;TM_O_PGSUSE150526P183.00;PGSUS_150526_AVRUPA_ESNEK OPS;D_EQ;SSO;D_EQ_EPP;DE_PGSUS_EPP;PGSUS.E;2026-05-15;2.92;3.06;-4.58;0;0;0;0;0;0;0;0;0;110;0;;;;;
2026-04-22;TM_O_PGSUSE250526C214.00;PGSUS_250526_AVRUPA_ESNEK OPS;D_EQ;SSO;D_EQ_ECP;DE_PGSUS_ECP;PGSUS.E;2026-05-25;3.41;;0;1.8;1.25;1.8;1.25;1.53;3424000;24400;160;2;80;80;;;;;
2026-04-22;TM_O_PGSUSE250526P195.05;PGSUS_250526_AVRUPA_ESNEK OPS;D_EQ;SSO;D_EQ_EPP;DE_PGSUS_EPP;PGSUS.E;2026-05-25;8.08;8.22;-1.7;0;0;0;0;0;0;0;0;0;154;0;;;;;
2026-04-22;TM_O_PGSUSE250526P206.20;PGSUS_250526_AVRUPA_ESNEK OPS;D_EQ;SSO;D_EQ_EPP;DE_PGSUS_EPP;PGSUS.E;2026-05-25;14.43;14.5;-0.48;0;0;0;0;0;0;0;0;0;5000;0;;;;;
2026-04-22;TM_O_PGSUSE250526P216.00;PGSUS_250526_AVRUPA_ESNEK OPS;D_EQ;SSO;D_EQ_EPP;DE_PGSUS_EPP;PGSUS.E;2026-05-25;21.52;21.48;0.19;0;0;0;0;0;0;0;0;0;48;0;;;;;
2026-04-22;TM_O_PGSUSE300426C170.00;PGSUS_300426_AVRUPA_ESNEK OPS;D_EQ;SSO;D_EQ_ECP;DE_PGSUS_ECP;PGSUS.E;2026-04-30;21.69;21.9;-0.96;0;0;0;0;0;0;0;0;0;150;0;;;;;
2026-04-22;TM_O_PGSUSE300426C174.90;PGSUS_300426_AVRUPA_ESNEK OPS;D_EQ;SSO;D_EQ_ECP;DE_PGSUS_ECP;PGSUS.E;2026-04-30;17.02;17.28;-1.5;0;0;0;0;0;0;0;0;0;150;0;;;;;
2026-04-22;TM_O_PGSUSE300426P190.05;PGSUS_300426_AVRUPA_ESNEK OPS;D_EQ;SSO;D_EQ_EPP;DE_PGSUS_EPP;PGSUS.E;2026-04-30;3.59;3.81;-5.77;0;0;0;0;0;0;0;0;0;72;0;;;;;
2026-04-22;TM_O_PGSUSE300426P195.05;PGSUS_300426_AVRUPA_ESNEK OPS;D_EQ;SSO;D_EQ_EPP;DE_PGSUS_EPP;PGSUS.E;2026-04-30;6.26;6.44;-2.8;0;0;0;0;0;0;0;0;0;108;0;;;;;
2026-04-22;TM_O_PGSUSE300426P195.10;PGSUS_300426_AVRUPA_ESNEK OPS;D_EQ;SSO;D_EQ_EPP;DE_PGSUS_EPP;PGSUS.E;2026-04-30;6.29;6.47;-2.78;0;0;0;0;0;0;0;0;0;52;0;;;;;
2026-04-22;TM_O_PGSUSE300426P195.11;PGSUS_300426_AVRUPA_ESNEK OPS;D_EQ;SSO;D_EQ_EPP;DE_PGSUS_EPP;PGSUS.E;2026-04-30;6.29;6.48;-2.93;0;0;0;0;0;0;0;0;0;52;0;;;;;
2026-04-22;TM_O_PGSUSE300426P197.00;PGSUS_300426_AVRUPA_ESNEK OPS;D_EQ;SSO;D_EQ_EPP;DE_PGSUS_EPP;PGSUS.E;2026-04-30;7.53;7.69;-2.08;0;0;0;0;0;0;0;0;0;52;0;;;;;
2026-04-22;TM_O_P_USDTRYKE300426C48;FIZIKI_USDTRYK_300426_AVRUPA_ESN;D_CR;PCO;D_CR_ECP;DE_USDTRYKP_ECP;USDTRYKP.CX;2026-04-30;44806.3;44802.4;0.01;0;0;0;0;0;0;0;0;0;0;0;;;;;
2026-04-22;TM_O_SAHOLE060526C108.00;SAHOL_060526_AVRUPA_ESNEK OPS;D_EQ;SSO;D_EQ_ECP;DE_SAHOL_ECP;SAHOL.E;2026-05-06;1.02;1.66;-38.55;0;0;0;0;0;0;0;0;0;0;0;;;;;
2026-04-22;TM_O_SAHOLE140526C107.50;SAHOL_140526_AVRUPA_ESNEK OPS;D_EQ;SSO;D_EQ_ECP;DE_SAHOL_ECP;SAHOL.E;2026-05-14;2.05;2.88;-28.82;0;0;0;0;0;0;0;0;0;1100;0;;;;;
2026-04-22;TM_O_SAHOLE300426P100.05;SAHOL_300426_AVRUPA_ESNEK OPS;D_EQ;SSO;D_EQ_EPP;DE_SAHOL_EPP;SAHOL.E;2026-04-30;2.79;1.95;43.08;0;0;0;0;0;0;0;0;0;200;0;;;;;
2026-04-22;TM_O_SAHOLE300426P94.01;SAHOL_300426_AVRUPA_ESNEK OPS;D_EQ;SSO;D_EQ_EPP;DE_SAHOL_EPP;SAHOL.E;2026-04-30;0.65;0.41;58.54;0;0;0;0;0;0;0;0;0;265;0;;;;;
2026-04-22;TM_O_SISEE300426C48.01;SISE_300426_AVRUPA_ESNEK OPS;D_EQ;SSO;D_EQ_ECP;DE_SISE_ECP;SISE.E;2026-04-30;0.98;0.99;-1.01;0;0;0;0;0;0;0;0;0;2000;0;;;;;
2026-04-22;TM_O_SISEE300426P48.01;SISE_300426_AVRUPA_ESNEK OPS;D_EQ;SSO;D_EQ_EPP;DE_SISE_EPP;SISE.E;2026-04-30;1.19;1.33;-10.53;0;0;0;0;0;0;0;0;0;2039;0;;;;;
2026-04-22;TM_O_TAVHLE300426P320.05;TAVHL_300426_AVRUPA_ESNEK OPS;D_EQ;SSO;D_EQ_EPP;DE_TAVHL_EPP;TAVHL.E;2026-04-30;12.82;10.07;27.31;0;0;0;0;0;0;0;0;0;178;0;;;;;
2026-04-22;TM_O_TCELLE010626C125.00;TCELL_010626_AVRUPA_ESNEK OPS;D_EQ;SSO;D_EQ_ECP;DE_TCELL_ECP;TCELL.E;2026-06-01;3.62;4.28;-15.42;0;0;0;0;0;0;0;0;0;500;0;;;;;
2026-04-22;TM_O_TCELLE250526C137.00;TCELL_250526_AVRUPA_ESNEK OPS;D_EQ;SSO;D_EQ_ECP;DE_TCELL_ECP;TCELL.E;2026-05-25;0.73;0.99;-26.26;0;0;0;0;0;0;0;0;0;1458;0;;;;;
2026-04-22;TM_O_TCELLE250526P104.90;TCELL_250526_AVRUPA_ESNEK OPS;D_EQ;SSO;D_EQ_EPP;DE_TCELL_EPP;TCELL.E;2026-05-25;1.06;0.97;9.28;0;0;0;0;0;0;0;0;0;1000;0;;;;;
2026-04-22;TM_O_TCELLE250526P116.00;TCELL_250526_AVRUPA_ESNEK OPS;D_EQ;SSO;D_EQ_EPP;DE_TCELL_EPP;TCELL.E;2026-05-25;4.4;4;10;0;0;0;0;0;0;0;0;0;850;0;;;;;
2026-04-22;TM_O_TCELLE300426C119.00;TCELL_300426_AVRUPA_ESNEK OPS;D_EQ;SSO;D_EQ_ECP;DE_TCELL_ECP;TCELL.E;2026-04-30;1.18;;0;1;0.75;1;0.75;0.88;9520000;70000;800;2;400;400;;;;;
2026-04-22;TM_O_TCELLE300426P110.03;TCELL_300426_AVRUPA_ESNEK OPS;D_EQ;SSO;D_EQ_EPP;DE_TCELL_EPP;TCELL.E;2026-04-30;0.83;0.71;16.9;0;0;0;0;0;0;0;0;0;148;0;;;;;
2026-04-22;TM_O_TCELLE300426P110.05;TCELL_300426_AVRUPA_ESNEK OPS;D_EQ;SSO;D_EQ_EPP;DE_TCELL_EPP;TCELL.E;2026-04-30;0.84;0.71;18.31;0;0;0;0;0;0;0;0;0;90;0;;;;;
2026-04-22;TM_O_TCELLE300426P115.03;TCELL_300426_AVRUPA_ESNEK OPS;D_EQ;SSO;D_EQ_EPP;DE_TCELL_EPP;TCELL.E;2026-04-30;2.64;2.24;17.86;0;0;0;0;0;0;0;0;0;150;0;;;;;
2026-04-22;TM_O_TCELLE300426P115.04;TCELL_300426_AVRUPA_ESNEK OPS;D_EQ;SSO;D_EQ_EPP;DE_TCELL_EPP;TCELL.E;2026-04-30;2.65;2.25;17.78;0;0;0;0;0;0;0;0;0;364;0;;;;;
2026-04-22;TM_O_TCELLE300426P115.05;TCELL_300426_AVRUPA_ESNEK OPS;D_EQ;SSO;D_EQ_EPP;DE_TCELL_EPP;TCELL.E;2026-04-30;2.65;2.25;17.78;0;0;0;0;0;0;0;0;0;143;0;;;;;
2026-04-22;TM_O_TCELLE300426P116.00;TCELL_300426_AVRUPA_ESNEK OPS;D_EQ;SSO;D_EQ_EPP;DE_TCELL_EPP;TCELL.E;2026-04-30;3.16;2.69;17.47;0;0;0;0;0;0;0;0;0;1000;0;;;;;
2026-04-22;TM_O_TCELLE300626P115.05;TCELL_300626_AVRUPA_ESNEK OPS;D_EQ;SSO;D_EQ_EPP;DE_TCELL_EPP;TCELL.E;2026-06-30;3.96;3.7;7.03;0;0;0;0;0;0;0;0;0;1000;0;;;;;
2026-04-22;TM_O_THYAOE010626P315.00;THYAO_010626_AVRUPA_ESNEK OPS;D_EQ;SSO;D_EQ_EPP;DE_THYAO_EPP;THYAO.E;2026-06-01;6.95;6.2;12.1;0;0;0;0;0;0;0;0;0;640;0;;;;;
2026-04-22;TM_O_THYAOE080526C350.00;THYAO_080526_AVRUPA_ESNEK OPS;D_EQ;SSO;D_EQ_ECP;DE_THYAO_ECP;THYAO.E;2026-05-08;3.13;4.36;-28.21;0;0;0;0;0;0;0;0;0;100;0;;;;;
2026-04-22;TM_O_THYAOE140526C345.00;THYAO_140526_AVRUPA_ESNEK OPS;D_EQ;SSO;D_EQ_ECP;DE_THYAO_ECP;THYAO.E;2026-05-14;6.36;8.06;-21.09;0;0;0;0;0;0;0;0;0;300;0;;;;;
2026-04-22;TM_O_THYAOE250526C300.00;THYAO_05/2026_AVRUPA_OPSIYON;D_EQ;SSO;D_EQ_ECP;DE_THYAO_ECP;THYAO.E;2026-05-25;36.63;40.04;-8.52;0;0;0;0;0;0;0;0;0;0;0;;;;;
2026-04-22;TM_O_THYAOE250526C349.99;THYAO_250526_AVRUPA_ESNEK OPS;D_EQ;SSO;D_EQ_ECP;DE_THYAO_ECP;THYAO.E;2026-05-25;8.52;10.26;-16.96;0;0;0;0;0;0;0;0;0;295;0;;;;;
2026-04-22;TM_O_THYAOE300426C290.05;THYAO_300426_AVRUPA_ESNEK OPS;D_EQ;SSO;D_EQ_ECP;DE_THYAO_ECP;THYAO.E;2026-04-30;35.96;39.75;-9.53;0;0;0;0;0;0;0;0;0;0;0;;;;;
2026-04-22;TM_O_THYAOE300426C319.00;THYAO_300426_AVRUPA_ESNEK OPS;D_EQ;SSO;D_EQ_ECP;DE_THYAO_ECP;THYAO.E;2026-04-30;11.14;14.22;-21.66;0;0;0;0;0;0;0;0;0;248;0;;;;;
2026-04-22;TM_O_THYAOE300426P293.00;THYAO_300426_AVRUPA_ESNEK OPS;D_EQ;SSO;D_EQ_EPP;DE_THYAO_EPP;THYAO.E;2026-04-30;0.17;0.15;13.33;0;0;0;0;0;0;0;0;0;36;0;;;;;
2026-04-22;TM_O_THYAOE300426P303.00;THYAO_300426_AVRUPA_ESNEK OPS;D_EQ;SSO;D_EQ_EPP;DE_THYAO_EPP;THYAO.E;2026-04-30;0.72;0.59;22.03;0;0;0;0;0;0;0;0;0;200;0;;;;;
2026-04-22;TM_O_THYAOE300426P305.00;THYAO_300426_AVRUPA_ESNEK OPS;D_EQ;SSO;D_EQ_EPP;DE_THYAO_EPP;THYAO.E;2026-04-30;0.92;0.76;21.05;0;0;0;0;0;0;0;0;0;678;0;;;;;
2026-04-22;TM_O_THYAOE300426P308.00;THYAO_300426_AVRUPA_ESNEK OPS;D_EQ;SSO;D_EQ_EPP;DE_THYAO_EPP;THYAO.E;2026-04-30;1.32;1.08;22.22;0;0;0;0;0;0;0;0;0;80;0;;;;;
2026-04-22;TM_O_THYAOE300426P330.05;THYAO_300426_AVRUPA_ESNEK OPS;D_EQ;SSO;D_EQ_EPP;DE_THYAO_EPP;THYAO.E;2026-04-30;9.18;7.6;20.79;0;0;0;0;0;0;0;0;0;30;0;;;;;
2026-04-22;TM_O_TTKOME250526P68.01;TTKOM_250526_AVRUPA_ESNEK OPS;D_EQ;SSO;D_EQ_EPP;DE_TTKOM_EPP;TTKOM.E;2026-05-25;4.25;3.49;21.78;0;0;0;0;0;0;0;0;0;89;0;;;;;
2026-04-22;TM_O_TTKOME250526P68.02;TTKOM_250526_AVRUPA_ESNEK OPS;D_EQ;SSO;D_EQ_EPP;DE_TTKOM_EPP;TTKOM.E;2026-05-25;4.26;3.5;21.71;0;0;0;0;0;0;0;0;0;325;0;;;;;
2026-04-22;TM_O_TTKOME250526P68.03;TTKOM_250526_AVRUPA_ESNEK OPS;D_EQ;SSO;D_EQ_EPP;DE_TTKOM_EPP;TTKOM.E;2026-05-25;4.26;3.5;21.71;0;0;0;0;0;0;0;0;0;139;0;;;;;
2026-04-22;TM_O_TTKOME300426C65.99;TTKOM_300426_AVRUPA_ESNEK OPS;D_EQ;SSO;D_EQ_ECP;DE_TTKOM_ECP;TTKOM.E;2026-04-30;0.8;1.52;-47.37;0;0;0;0;0;0;0;0;0;778;0;;;;;
2026-04-22;TM_O_TTKOME300426P58.01;TTKOM_300426_AVRUPA_ESNEK OPS;D_EQ;SSO;D_EQ_EPP;DE_TTKOM_EPP;TTKOM.E;2026-04-30;0.07;0.04;75;0;0;0;0;0;0;0;0;0;343;0;;;;;
2026-04-22;TM_O_TTKOME300426P58.02;TTKOM_300426_AVRUPA_ESNEK OPS;D_EQ;SSO;D_EQ_EPP;DE_TTKOM_EPP;TTKOM.E;2026-04-30;0.07;0.04;75;0;0;0;0;0;0;0;0;0;370;0;;;;;
2026-04-22;TM_O_TTKOME300426P58.03;TTKOM_300426_AVRUPA_ESNEK OPS;D_EQ;SSO;D_EQ_EPP;DE_TTKOM_EPP;TTKOM.E;2026-04-30;0.07;0.04;75;0;0;0;0;0;0;0;0;0;980;0;;;;;
2026-04-22;TM_O_TTKOME300426P60.01;TTKOM_300426_AVRUPA_ESNEK OPS;D_EQ;SSO;D_EQ_EPP;DE_TTKOM_EPP;TTKOM.E;2026-04-30;0.24;0.13;84.62;0;0;0;0;0;0;0;0;0;260;0;;;;;
2026-04-22;TM_O_TTKOME300426P62.01;TTKOM_300426_AVRUPA_ESNEK OPS;D_EQ;SSO;D_EQ_EPP;DE_TTKOM_EPP;TTKOM.E;2026-04-30;0.65;0.39;66.67;0;0;0;0;0;0;0;0;0;403;0;;;;;
2026-04-22;TM_O_TTKOME300426P64.01;TTKOM_300426_AVRUPA_ESNEK OPS;D_EQ;SSO;D_EQ_EPP;DE_TTKOM_EPP;TTKOM.E;2026-04-30;1.42;0.92;54.35;0;0;0;0;0;0;0;0;0;79;0;;;;;
2026-04-22;TM_O_TTKOME300426P64.02;TTKOM_300426_AVRUPA_ESNEK OPS;D_EQ;SSO;D_EQ_EPP;DE_TTKOM_EPP;TTKOM.E;2026-04-30;1.42;0.92;54.35;0;0;0;0;0;0;0;0;0;119;0;;;;;
2026-04-22;TM_O_TTKOME300426P64.03;TTKOM_300426_AVRUPA_ESNEK OPS;D_EQ;SSO;D_EQ_EPP;DE_TTKOM_EPP;TTKOM.E;2026-04-30;1.43;0.93;53.76;0;0;0;0;0;0;0;0;0;390;0;;;;;
2026-04-22;TM_O_TTKOME300426P64.04;TTKOM_300426_AVRUPA_ESNEK OPS;D_EQ;SSO;D_EQ_EPP;DE_TTKOM_EPP;TTKOM.E;2026-04-30;1.43;0.93;53.76;0;0;0;0;0;0;0;0;0;385;0;;;;;
2026-04-22;TM_O_TTKOME300426P64.05;TTKOM_300426_AVRUPA_ESNEK OPS;D_EQ;SSO;D_EQ_EPP;DE_TTKOM_EPP;TTKOM.E;2026-04-30;1.44;0.93;54.84;0;0;0;0;0;0;0;0;0;360;0;;;;;
2026-04-22;TM_O_TUPRSE080526P235.00;TUPRS_080526_AVRUPA_ESNEK OPS;D_EQ;SSO;D_EQ_EPP;DE_TUPRS_EPP;TUPRS.E;2026-05-08;0.84;2;-58;0;0;0;0;0;0;0;0;0;500;0;;;;;
2026-04-22;TM_O_TUPRSE080526P238.00;TUPRS_080526_AVRUPA_ESNEK OPS;D_EQ;SSO;D_EQ_EPP;DE_TUPRS_EPP;TUPRS.E;2026-05-08;1.14;2.57;-55.64;0;0;0;0;0;0;0;0;0;0;0;;;;;
2026-04-22;TM_O_TUPRSE240426C270.00;TUPRS_240426_AVRUPA_ESNEK OPS;D_EQ;SSO;D_EQ_ECP;DE_TUPRS_ECP;TUPRS.E;2026-04-24;1.16;0.31;274.19;0;0;0;0;0;0;0;0;0;1000;0;;;;;
2026-04-22;TM_O_TUPRSE300426C279.00;TUPRS_300426_AVRUPA_ESNEK OPS;D_EQ;SSO;D_EQ_ECP;DE_TUPRS_ECP;TUPRS.E;2026-04-30;2.22;0.94;136.17;0;0;0;0;0;0;0;0;0;800;0;;;;;
2026-04-22;TM_O_USDTRYKE010626C46500;USDTRY_010626_AVRUPA_ESNEK OPS;D_CR;CRO;D_CR_ECO;DE_USDTRYK_ECO;D_USDTRYK;2026-06-01;595.1;620.7;-4.12;0;0;0;0;0;0;0;0;0;10000;0;;;;;
2026-04-22;TM_O_USDTRYKE010626C51000;USDTRY_010626_AVRUPA_ESNEK OPS;D_CR;CRO;D_CR_ECO;DE_USDTRYK_ECO;D_USDTRYK;2026-06-01;223.3;246.8;-9.52;0;0;0;0;0;0;0;0;0;20000;0;;;;;
2026-04-22;TM_O_USDTRYKE010626C52000;USDTRY_010626_AVRUPA_ESNEK OPS;D_CR;CRO;D_CR_ECO;DE_USDTRYK_ECO;D_USDTRYK;2026-06-01;191.8;214.3;-10.5;0;0;0;0;0;0;0;0;0;50000;0;;;;;
2026-04-22;TM_O_USDTRYKE030626C52000;USDTRY_030626_AVRUPA_ESNEK OPS;D_CR;CRO;D_CR_ECO;DE_USDTRYK_ECO;D_USDTRYK;2026-06-03;211;233.3;-9.56;0;0;0;0;0;0;0;0;0;20000;0;;;;;
2026-04-22;TM_O_USDTRYKE040626C46500;USDTRY_040626_AVRUPA_ESNEK OPS;D_CR;CRO;D_CR_ECO;DE_USDTRYK_ECO;D_USDTRYK;2026-06-04;678.9;705.2;-3.73;0;0;0;0;0;0;0;0;0;5000;0;;;;;
2026-04-22;TM_O_USDTRYKE040626C47000;USDTRY_040626_AVRUPA_ESNEK OPS;D_CR;CRO;D_CR_ECO;DE_USDTRYK_ECO;D_USDTRYK;2026-06-04;516.2;538.5;-4.14;0;0;0;0;0;0;0;0;0;5000;0;;;;;
2026-04-22;TM_O_USDTRYKE040626C52000;USDTRY_040626_AVRUPA_ESNEK OPS;D_CR;CRO;D_CR_ECO;DE_USDTRYK_ECO;D_USDTRYK;2026-06-04;220.7;242.8;-9.1;0;0;0;0;0;0;0;0;0;0;0;;;;;
2026-04-22;TM_O_USDTRYKE090626C53000;USDTRY_090626_AVRUPA_ESNEK OPS;D_CR;CRO;D_CR_ECO;DE_USDTRYK_ECO;D_USDTRYK;2026-06-09;243.8;264.6;-7.86;0;0;0;0;0;0;0;0;0;0;0;;;;;
2026-04-22;TM_O_USDTRYKE110526C46000;USDTRY_110526_AVRUPA_ESNEK OPS;D_CR;CRO;D_CR_ECO;DE_USDTRYK_ECO;D_USDTRYK;2026-05-11;253.9;277.4;-8.47;0;0;0;0;0;0;0;0;0;0;0;;;;;
2026-04-22;TM_O_USDTRYKE110526P46000;USDTRY_110526_AVRUPA_ESNEK OPS;D_CR;CRO;D_CR_EPO;DE_USDTRYK_EPO;D_USDTRYK;2026-05-11;616.4;603.1;2.21;0;0;0;0;0;0;0;0;0;1000;0;;;;;
2026-04-22;TM_O_USDTRYKE140526C46400;USDTRY_140526_AVRUPA_ESNEK OPS;D_CR;CRO;D_CR_ECO;DE_USDTRYK_ECO;D_USDTRYK;2026-05-14;200.3;230.6;-13.14;0;0;0;0;0;0;0;0;0;5000;0;;;;;
2026-04-22;TM_O_USDTRYKE220526C46500;USDTRY_220526_AVRUPA_ESNEK OPS;D_CR;CRO;D_CR_ECO;DE_USDTRYK_ECO;D_USDTRYK;2026-05-22;357.2;385.8;-7.41;0;0;0;0;0;0;0;0;0;10000;0;;;;;
2026-04-22;TM_O_USDTRYKE220526C51000;USDTRY_220526_AVRUPA_ESNEK OPS;D_CR;CRO;D_CR_ECO;DE_USDTRYK_ECO;D_USDTRYK;2026-05-22;124.4;146.5;-15.09;0;0;0;0;0;0;0;0;0;0;0;;;;;
2026-04-22;TM_O_USDTRYKE220526C52000;USDTRY_220526_AVRUPA_ESNEK OPS;D_CR;CRO;D_CR_ECO;DE_USDTRYK_ECO;D_USDTRYK;2026-05-22;102.6;122.7;-16.38;0;0;0;0;0;0;0;0;0;0;0;;;;;
2026-04-22;TM_O_USDTRYKE240426C46400;USDTRY_240426_AVRUPA_ESNEK OPS;D_CR;CRO;D_CR_ECO;DE_USDTRYK_ECO;D_USDTRYK;2026-04-24;6.8;13.5;-49.63;0;0;0;0;0;0;0;0;0;6000;0;;;;;
2026-04-22;TM_O_USDTRYKE250526C46500;USDTRY_05/2026_AVRUPA_OPSIYON;D_CR;CRO;D_CR_ECO;DE_USDTRYK_ECO;D_USDTRYK;2026-05-25;416.7;444.1;-6.17;237;234;237;234.1;234.8;37200000;187860;800;8;12201;-400;;;;;
2026-04-22;TM_O_USDTRYKE250526C51000;USDTRY_05/2026_AVRUPA_OPSIYON;D_CR;CRO;D_CR_ECO;DE_USDTRYK_ECO;D_USDTRYK;2026-05-25;152.7;175.9;-13.19;0;0;0;0;0;0;0;0;0;0;0;;;;;
2026-04-22;TM_O_USDTRYKE250526C52000;USDTRY_05/2026_AVRUPA_OPSIYON;D_CR;CRO;D_CR_ECO;DE_USDTRYK_ECO;D_USDTRYK;2026-05-25;127.9;149.2;-14.28;0;0;0;0;0;0;0;0;0;1;0;;;;;
2026-04-22;TM_O_USDTRYKE280426C52000;USDTRY_280426_AVRUPA_ESNEK OPS;D_CR;CRO;D_CR_ECO;DE_USDTRYK_ECO;D_USDTRYK;2026-04-28;0.1;0.1;0;0;0;0;0;0;0;0;0;0;5000;0;;;;;
2026-04-22;TM_O_USDTRYKE300426C46000;USDTRY_04/2026_AVRUPA_OPSIYON;D_CR;CRO;D_CR_ECO;DE_USDTRYK_ECO;D_USDTRYK;2026-04-30;36.4;54.9;-33.7;0;0;0;0;0;0;0;0;0;68747;0;;;;;
2026-04-22;TM_O_USDTRYKE300426C46200;USDTRY_300426_AVRUPA_ESNEK OPS;D_CR;CRO;D_CR_ECO;DE_USDTRYK_ECO;D_USDTRYK;2026-04-30;34.8;61.7;-43.6;0;0;0;0;0;0;0;0;0;1000;0;;;;;
2026-04-22;TM_O_USDTRYKE300426C46400;USDTRY_300426_AVRUPA_ESNEK OPS;D_CR;CRO;D_CR_ECO;DE_USDTRYK_ECO;D_USDTRYK;2026-04-30;25.8;48.4;-46.69;0;0;0;0;0;0;0;0;0;25000;0;;;;;
2026-04-22;TM_O_USDTRYKE300426C46500;USDTRY_04/2026_AVRUPA_OPSIYON;D_CR;CRO;D_CR_ECO;DE_USDTRYK_ECO;D_USDTRYK;2026-04-30;22.4;43.1;-48.03;43.5;40;43.5;40;43.3;34642500;32250;745;10;87881;0;;;;;
2026-04-22;TM_O_USDTRYKE300426C47000;USDTRY_04/2026_AVRUPA_OPSIYON;D_CR;CRO;D_CR_ECO;DE_USDTRYK_ECO;D_USDTRYK;2026-04-30;11.8;25.5;-53.73;0;0;0;0;0;0;0;0;0;30884;0;;;;;
2026-04-22;TM_O_USDTRYKE300426C47050;USDTRY_300426_AVRUPA_ESNEK OPS;D_CR;CRO;D_CR_ECO;DE_USDTRYK_ECO;D_USDTRYK;2026-04-30;11.2;24.4;-54.1;0;0;0;0;0;0;0;0;0;0;0;;;;;
2026-04-22;TM_O_USDTRYKE300426C48000;USDTRY_04/2026_AVRUPA_OPSIYON;D_CR;CRO;D_CR_ECO;DE_USDTRYK_ECO;D_USDTRYK;2026-04-30;4.5;11.5;-60.87;0;0;0;0;0;0;0;0;0;1750;0;;;;;
2026-04-22;TM_O_USDTRYKE300426C52000;USDTRY_300426_AVRUPA_ESNEK OPS;D_CR;CRO;D_CR_ECO;DE_USDTRYK_ECO;D_USDTRYK;2026-04-30;0.1;0.1;0;0;0;0;0;0;0;0;0;0;10000;0;;;;;
2026-04-22;TM_O_USDTRYKE300426P44800;USDTRY_300426_AVRUPA_ESNEK OPS;D_CR;CRO;D_CR_EPO;DE_USDTRYK_EPO;D_USDTRYK;2026-04-30;117.1;120.3;-2.66;0;0;0;0;0;0;0;0;0;100000;0;;;;;
2026-04-22;TM_O_USDTRYKE300426P46200;USDTRY_300426_AVRUPA_ESNEK OPS;D_CR;CRO;D_CR_EPO;DE_USDTRYK_EPO;D_USDTRYK;2026-04-30;1047.8;1037.3;1.01;0;0;0;0;0;0;0;0;0;0;0;;;;;
2026-04-22;TM_O_USDTRYKE300426P47000;USDTRY_04/2026_AVRUPA_OPSIYON;D_CR;CRO;D_CR_EPO;DE_USDTRYK_EPO;D_USDTRYK;2026-04-30;1819.1;1794.6;1.37;0;0;0;0;0;0;0;0;0;275;0;;;;;
2026-04-22;TM_O_USDTRYKE300426P47050;USDTRY_300426_AVRUPA_ESNEK OPS;D_CR;CRO;D_CR_EPO;DE_USDTRYK_EPO;D_USDTRYK;2026-04-30;1868.1;1843.1;1.36;0;0;0;0;0;0;0;0;0;275;0;;;;;
2026-04-22;TM_O_USDTRYKE300626C47500;USDTRY_06/2026_AVRUPA_OPSIYON;D_CR;CRO;D_CR_ECO;DE_USDTRYK_ECO;D_USDTRYK;2026-06-30;969.5;970.7;-0.12;0;0;0;0;0;0;0;0;0;30000;0;;;;;
2026-04-22;TM_O_USDTRYKE300626C54000;USDTRY_06/2026_AVRUPA_OPSIYON;D_CR;CRO;D_CR_ECO;DE_USDTRYK_ECO;D_USDTRYK;2026-06-30;407;427;-4.68;0;0;0;0;0;0;0;0;0;0;0;;;;;
2026-04-22;TM_O_USDTRYKE300626C55000;USDTRY_06/2026_AVRUPA_OPSIYON;D_CR;CRO;D_CR_ECO;DE_USDTRYK_ECO;D_USDTRYK;2026-06-30;363.5;382.2;-4.89;0;0;0;0;0;0;0;0;0;0;0;;;;;
2026-04-22;TM_O_USDTRYKE300626C56000;USDTRY_06/2026_AVRUPA_OPSIYON;D_CR;CRO;D_CR_ECO;DE_USDTRYK_ECO;D_USDTRYK;2026-06-30;329.8;347.3;-5.04;0;0;0;0;0;0;0;0;0;0;0;;;;;
2026-04-22;TM_O_USDTRYKE300626C57000;USDTRY_300626_AVRUPA_ESNEK OPS;D_CR;CRO;D_CR_ECO;DE_USDTRYK_ECO;D_USDTRYK;2026-06-30;303.4;320;-5.19;0;0;0;0;0;0;0;0;0;0;0;;;;;
2026-04-22;TM_O_USDTRYKE310726C48000;USDTRY_310726_AVRUPA_ESNEK OPS;D_CR;CRO;D_CR_ECO;DE_USDTRYK_ECO;D_USDTRYK;2026-07-31;1689;1722.3;-1.93;0;0;0;0;0;0;0;0;0;10000;0;;;;;
2026-04-22;TM_O_XU030E300426C15249.00;XU030_300426_AVRUPA_ESNEK OPS;D_IX;INO;D_IX_ECO;DE_BIST30_ECO;D_XU030D;2026-04-30;1301.29;1404.58;-7.35;0;0;0;0;0;0;0;0;0;0;0;;;;;
2026-04-22;TM_O_YKBNKE250526C42.00;YKBNK_05/2026_AVRUPA_OPSIYON;D_EQ;SSO;D_EQ_ECP;DE_YKBNK_ECP;YKBNK.E;2026-05-25;0.82;1.05;-21.9;0;0;0;0;0;0;0;0;0;0;0;;;;;
2026-04-22;TM_O_YKBNKE250526P39.50;YKBNK_250526_AVRUPA_ESNEK OPS;D_EQ;SSO;D_EQ_EPP;DE_YKBNK_EPP;YKBNK.E;2026-05-25;1.9;1.63;16.56;0;0;0;0;0;0;0;0;0;250;0;;;;;
2026-04-22;TM_O_YKBNKE300426P35.01;YKBNK_300426_AVRUPA_ESNEK OPS;D_EQ;SSO;D_EQ_EPP;DE_YKBNK_EPP;YKBNK.E;2026-04-30;0.06;0.04;50;0;0;0;0;0;0;0;0;0;3800;0;;;;;
2026-04-22;TM_O_YKBNKE300426P38.01;YKBNK_300426_AVRUPA_ESNEK OPS;D_EQ;SSO;D_EQ_EPP;DE_YKBNK_EPP;YKBNK.E;2026-04-30;0.76;0.56;35.71;0;0;0;0;0;0;0;0;0;3497;0;;;;;
2026-04-22;TM_O_YKBNKE300426P38.02;YKBNK_300426_AVRUPA_ESNEK OPS;D_EQ;SSO;D_EQ_EPP;DE_YKBNK_EPP;YKBNK.E;2026-04-30;0.76;0.56;35.71;0;0;0;0;0;0;0;0;0;1350;0;;;;;
2026-04-22;TM_O_YKBNKE300626C43.00;YKBNK_06/2026_AVRUPA_OPSIYON;D_EQ;SSO;D_EQ_ECP;DE_YKBNK_ECP;YKBNK.E;2026-06-30;1.95;2.27;-14.1;0;0;0;0;0;0;0;0;0;187000;0;;;;;
