TARIH;SOZLESME KODU;SOZLESME ADI;PAZAR;PAZAR SEGMENTI;SOZLESME TIPI;SOZLESME SINIFI;DAYANAK VARLIK;VADE TARIHI;UZLASMA FIYATI;ONCEKI UZLASMA FIYATI;UZLASMA FIYATI DEGISIMI (%);ACILIS FIYATI;EN DUSUK FIYAT;EN YUKSEK FIYAT;KAPANIS FIYATI; AGIRLIKLI ORTALAMA FIYAT;ISLEM HACMI;PRIM HACMI;ISLEM MIKTARI;ISLEM SAYISI;ACIK POZISYON;ACIK POZISYON DEGISIMI;ACILIS SEANSI FIYATI;ACILIS SEANSI ISLEM HACMI;ACILIS SEANSI PRIM HACMI;ACILIS SEANSI ISLEM MIKTARI;ACILIS SEANSI ISLEM SAYISI
TRADE DATE;INSTRUMENT SERIES;INSTRUMENT NAME;MARKET;MARKET SEGMENT;INSTRUMENT TYPE;INSTRUMENT CLASS;UNDERLYING;EXPIRATION DATE;SETTLEMENT PRICE;PREVIOUS SETTLEMENT PRICE;CHANGE OF SETTLEMENT PRICE (%);OPENING PRICE;LOWEST PRICE;HIGHEST PRICE;CLOSING PRICE;VWAP;TRADED VALUE;PREMIUM VALUE;TRADE VOLUME;TRADE COUNT;OPEN POSITION;OPEN POSITION CHANGE;OPENING SESSION PRICE;TRADED VALUE AT OPENING SESSION;PREMIUM VALUE AT OPENING SESSION;TRADED VOLUME AT OPENING SESSION;TRADE COUNT AT OPENING SESSION
2026-01-23;F_AEFES0126;AEFES_01/2026_VIS;D_EQ;SSF;D_EQ_FPD;DE_AEFES_FPD;AEFES.E;2026-01-30;17.91;17.74;0.96;17.82;17.75;18.05;17.93;17.89;308926097;0;172670;7397;372461;-7307;17.82;160380;0;90;15
2026-01-23;F_AEFES0226;AEFES_02/2026_VIS;D_EQ;SSF;D_EQ_FPD;DE_AEFES_FPD;AEFES.E;2026-02-27;18.31;18.12;1.05;18.18;18.17;18.46;18.35;18.31;68631592;0;37477;1938;137896;8478;;;;;
2026-01-23;F_AEFES0326;AEFES_03/2026_VIS;D_EQ;SSF;D_EQ_FPD;DE_AEFES_FPD;AEFES.E;2026-03-31;18.7;18.59;0.59;18.9;18.46;20.43;18.84;18.81;1239368;0;659;71;11890;-436;;;;;
2026-01-23;F_AKBNK0126;AKBNK_01/2026_VIS;D_EQ;SSF;D_EQ_FPD;DE_AKBNK_FPD;AKBNK.E;2026-01-30;79.25;78.25;1.28;78.29;78.29;80.19;79.27;79.42;2315200711;0;291508;28931;526353;-34823;78.29;383621;0;49;8
2026-01-23;F_AKBNK0226;AKBNK_02/2026_VIS;D_EQ;SSF;D_EQ_FPD;DE_AKBNK_FPD;AKBNK.E;2026-02-27;81.07;80.07;1.25;80.11;80.06;81.98;81.1;81.32;421418166;0;51765;4972;56008;-2612;;;;;
2026-01-23;F_AKBNK0326;AKBNK_03/2026_VIS;D_EQ;SSF;D_EQ_FPD;DE_AKBNK_FPD;AKBNK.E;2026-03-31;81.68;80.81;1.08;81.22;81.12;82.82;81.58;81.93;22939277;0;2719;105;2988;2535;;;;;
2026-01-23;F_AKSEN0126;AKSEN_01/2026_VIS;D_EQ;SSF;D_EQ_FPD;DE_AKSEN_FPD;AKSEN.E;2026-01-30;69.93;70.67;-1.05;71;69.6;71.28;69.88;70.54;180974663;0;25655;5130;84677;-1569;;;;;
2026-01-23;F_AKSEN0226;AKSEN_02/2026_VIS;D_EQ;SSF;D_EQ_FPD;DE_AKSEN_FPD;AKSEN.E;2026-02-27;71.63;72.24;-0.84;72.72;71.56;73;71.56;72.18;24807847;0;3437;776;14889;1889;;;;;
2026-01-23;F_AKSEN0326;AKSEN_03/2026_VIS;D_EQ;SSF;D_EQ_FPD;DE_AKSEN_FPD;AKSEN.E;2026-03-31;73.64;74.04;-0.54;76.22;71.91;76.22;73.53;73.83;819551;0;111;55;297;18;;;;;
2026-01-23;F_ALARK0126;ALARK_01/2026_VIS;D_EQ;SSF;D_EQ_FPD;DE_ALARK_FPD;ALARK.E;2026-01-30;110.8;112.5;-1.51;113;110;113;110.75;111.5;420335505;0;37698;6867;101135;2942;113;248600;0;22;12
2026-01-23;F_ALARK0226;ALARK_02/2026_VIS;D_EQ;SSF;D_EQ_FPD;DE_ALARK_FPD;ALARK.E;2026-02-27;113.5;115.15;-1.43;115.1;113.05;115.55;113.65;113.83;91574830;0;8030;1566;18683;4162;;;;;
2026-01-23;F_ALARK0326;ALARK_03/2026_VIS;D_EQ;SSF;D_EQ_FPD;DE_ALARK_FPD;ALARK.E;2026-03-31;116.2;116.5;-0.26;116.75;116;117.3;116;116.53;897285;0;77;35;372;-13;;;;;
2026-01-23;F_ARCLK0126;ARCLK_01/2026_VIS;D_EQ;SSF;D_EQ_FPD;DE_ARCLK_FPD;ARCLK.E;2026-01-30;114.65;112.75;1.69;112.55;112.55;116.05;114.25;114.23;188875985;0;16534;3972;24863;-480;112.55;11255;0;1;1
2026-01-23;F_ARCLK0226;ARCLK_02/2026_VIS;D_EQ;SSF;D_EQ_FPD;DE_ARCLK_FPD;ARCLK.E;2026-02-27;116.5;115.25;1.08;115.5;115.35;118.75;116.1;116.75;27051225;0;2317;592;6327;675;;;;;
2026-01-23;F_ARCLK0326;ARCLK_03/2026_VIS;D_EQ;SSF;D_EQ_FPD;DE_ARCLK_FPD;ARCLK.E;2026-03-31;120.05;117.5;2.17;118.45;118.45;123.9;120.95;119.96;983670;0;82;44;267;23;;;;;
2026-01-23;F_ASELS0126;ASELS_01/2026_VIS;D_EQ;SSF;D_EQ_FPD;DE_ASELS_FPD;ASELS.E;2026-01-30;302.85;302.7;0.05;304;298.3;308.35;303;304.21;3624460615;0;119143;24833;110970;-1514;304;760000;0;25;5
2026-01-23;F_ASELS0226;ASELS_02/2026_VIS;D_EQ;SSF;D_EQ_FPD;DE_ASELS_FPD;ASELS.E;2026-02-27;309.75;309.65;0.03;310.65;305.3;315.1;310;311.54;421483065;0;13529;4190;23650;1062;;;;;
2026-01-23;F_ASELS0326;ASELS_03/2026_VIS;D_EQ;SSF;D_EQ_FPD;DE_ASELS_FPD;ASELS.E;2026-03-31;317.5;316.7;0.25;319.85;313.35;322.3;317.95;319.56;19780700;0;619;343;3791;-94;;;;;
2026-01-23;F_ASTOR0126;ASTOR_01/2026_VIS;D_EQ;SSF;D_EQ_FPD;DE_ASTOR_FPD;ASTOR.E;2026-01-30;162.7;154.8;5.1;157;154.2;163.05;163;157.98;2438548000;0;154355;28916;97216;5656;157;471000;0;30;4
2026-01-23;F_ASTOR0226;ASTOR_02/2026_VIS;D_EQ;SSF;D_EQ_FPD;DE_ASTOR_FPD;ASTOR.E;2026-02-27;165.85;158.35;4.74;161;157.95;166.65;165.55;161.37;452800800;0;28059;5369;43104;7112;;;;;
2026-01-23;F_ASTOR0326;ASTOR_03/2026_VIS;D_EQ;SSF;D_EQ_FPD;DE_ASTOR_FPD;ASTOR.E;2026-03-31;167.85;160.85;4.35;165.3;161.15;170;170;165.28;9834250;0;595;192;594;12;;;;;
2026-01-23;F_BIMAS0126;BIMAS_01/2026_VIS;D_EQ;SSF;D_EQ_FPD;DE_BIMAS_FPD;BIMAS.E;2026-01-30;631.8;630.2;0.25;631.9;628.3;643.4;631.8;634.86;1020984120;0;16082;7388;30032;242;;;;;
2026-01-23;F_BIMAS0226;BIMAS_02/2026_VIS;D_EQ;SSF;D_EQ_FPD;DE_BIMAS_FPD;BIMAS.E;2026-02-27;645.7;644;0.26;644.9;643;657.9;646.1;649.73;536990700;0;8261;2043;8179;3427;;;;;
2026-01-23;F_BIMAS0326;BIMAS_03/2026_VIS;D_EQ;SSF;D_EQ_FPD;DE_BIMAS_FPD;BIMAS.E;2026-03-31;662.8;660.7;0.32;670;660.5;675.7;664;666.41;5064750;0;76;45;131;32;;;;;
2026-01-23;F_BRSAN0126;BRSAN_01/2026_VIS;D_EQ;SSF;D_EQ_FPD;DE_BRSAN_FPD;BRSAN.E;2026-01-30;641.1;644.7;-0.56;648.4;636.2;649.8;641;642.25;410910870;0;6398;3651;2383;33;;;;;
2026-01-23;F_BRSAN0226;BRSAN_02/2026_VIS;D_EQ;SSF;D_EQ_FPD;DE_BRSAN_FPD;BRSAN.E;2026-02-27;655.3;660.6;-0.8;665.7;651.1;665.7;656.9;656.53;50683940;0;772;404;979;138;;;;;
2026-01-23;F_BRSAN0326;BRSAN_03/2026_VIS;D_EQ;SSF;D_EQ_FPD;DE_BRSAN_FPD;BRSAN.E;2026-03-31;670;662.5;1.13;680;645;680;673;666.94;1067110;0;16;14;45;1;;;;;
2026-01-23;F_CIMSA0126;CIMSA_01/2026_VIS;D_EQ;SSF;D_EQ_FPD;DE_CIMSA_FPD;CIMSA.E;2026-01-30;48.34;46.74;3.42;46.75;46.66;48.48;48.3;47.75;302876307;0;63428;9006;67710;-7419;46.75;14025;0;3;3
2026-01-23;F_CIMSA0226;CIMSA_02/2026_VIS;D_EQ;SSF;D_EQ_FPD;DE_CIMSA_FPD;CIMSA.E;2026-02-27;49.49;47.81;3.51;47.95;47.88;49.6;49.51;48.98;55087154;0;11164;780;17185;6567;47.95;71925;0;15;2
2026-01-23;F_CIMSA0326;CIMSA_03/2026_VIS;D_EQ;SSF;D_EQ_FPD;DE_CIMSA_FPD;CIMSA.E;2026-03-31;50.42;48.74;3.45;49;49;50.55;50.55;50.11;1117417;0;223;56;623;27;;;;;
2026-01-23;F_CNHTRY0126;CNHTRY_01/2026_VIS;D_CR;CRF;D_CR_FUT;DE_CNHTRY_FUT;D_CNHTRY;2026-01-30;6.2841;6.2841;0;0;0;0;0;0;0;0;0;0;4;0;;;;;
2026-01-23;F_CNHTRY0226;CNHTRY_02/2026_VIS;D_CR;CRF;D_CR_FUT;DE_CNHTRY_FUT;D_CNHTRY;2026-02-27;6.4068;6.4749;-1.05;6.4069;6.4065;6.4069;6.4065;6.4068;384406;0;6;4;17;6;;;;;
2026-01-23;F_CNHTRY0426;CNHTRY_04/2026_VIS;D_CR;CRF;D_CR_FUT;DE_CNHTRY_FUT;D_CNHTRY;2026-04-30;6.7409;6.7409;0;0;0;0;0;0;0;0;0;0;1;0;;;;;
2026-01-23;F_CNHTRY1226;CNHTRY_12/2026_VIS;D_CR;CRF;D_CR_FUT;DE_CNHTRY_FUT;D_CNHTRY;2026-12-31;8.217;8.217;0;0;0;0;0;0;0;0;0;0;0;0;;;;;
2026-01-23;F_DOAS0126;DOAS_01/2026_VIS;D_EQ;SSF;D_EQ_FPD;DE_DOAS_FPD;DOAS.E;2026-01-30;234.7;235.6;-0.38;237.5;233.45;238.65;235.5;235.47;79824445;0;3390;1547;3426;-468;;;;;
2026-01-23;F_DOAS0226;DOAS_02/2026_VIS;D_EQ;SSF;D_EQ_FPD;DE_DOAS_FPD;DOAS.E;2026-02-27;239.25;240.9;-0.68;244.4;238.95;244.4;240.95;240.89;15658150;0;650;355;848;278;;;;;
2026-01-23;F_DOAS0326;DOAS_03/2026_VIS;D_EQ;SSF;D_EQ_FPD;DE_DOAS_FPD;DOAS.E;2026-03-31;246.55;243.85;1.11;250.3;244.5;250.3;247.9;246.36;6454660;0;262;43;59;3;;;;;
2026-01-23;F_DOHOL0126;DOHOL_01/2026_VIS;D_EQ;SSF;D_EQ_FPD;DE_DOHOL_FPD;DOHOL.E;2026-01-30;20.65;20.32;1.62;20.18;20.18;20.75;20.7;20.45;242896816;0;118750;5355;255669;-23953;20.18;20180;0;10;3
2026-01-23;F_DOHOL0226;DOHOL_02/2026_VIS;D_EQ;SSF;D_EQ_FPD;DE_DOHOL_FPD;DOHOL.E;2026-02-27;21.16;20.83;1.58;20.79;20.69;21.22;21.19;20.94;54166592;0;25869;1978;40437;16134;;;;;
2026-01-23;F_DOHOL0326;DOHOL_03/2026_VIS;D_EQ;SSF;D_EQ_FPD;DE_DOHOL_FPD;DOHOL.E;2026-03-31;21.6;21.29;1.46;21.29;21.14;21.8;21.6;21.56;1114910;0;517;51;770;-229;;;;;
2026-01-23;F_EKGYO0126;EKGYO_01/2026_VIS;D_EQ;SSF;D_EQ_FPD;DE_EKGYO_FPD;EKGYO.E;2026-01-30;23.5;23.08;1.82;23.08;23.05;23.68;23.53;23.41;1376849248;0;588171;15114;729776;-11442;23.08;175408;0;76;17
2026-01-23;F_EKGYO0226;EKGYO_02/2026_VIS;D_EQ;SSF;D_EQ_FPD;DE_EKGYO_FPD;EKGYO.E;2026-02-27;24.03;23.57;1.95;23.79;23.6;24.25;24.1;23.95;222608713;0;92666;2694;128254;15950;23.79;40443;0;17;4
2026-01-23;F_EKGYO0326;EKGYO_03/2026_VIS;D_EQ;SSF;D_EQ_FPD;DE_EKGYO_FPD;EKGYO.E;2026-03-31;24.57;24.13;1.82;24.39;24.25;24.93;24.7;24.58;15012367;0;6006;135;8029;5532;;;;;
2026-01-23;F_ELCBAS0126;BY ELEKTRIK_01/2026_VIS;D_EL;ENF;D_EL_FUT;DE_ELCBAS01B_FUT;D_ELCBAS01;2026-02-02;2988.5;2988.5;0;0;0;0;0;0;0;0;0;0;0;0;;;;;
2026-01-23;F_ELCBAS0226;BY ELEKTRIK_02/2026_VIS;D_EL;ENF;D_EL_FUT;DE_ELCBAS02B_FUT;D_ELCBAS02;2026-03-02;3100;3100;0;0;0;0;0;0;0;0;0;0;20;0;;;;;
2026-01-23;F_ELCBAS0326;BY ELEKTRIK_03/2026_VIS;D_EL;ENF;D_EL_FUT;DE_ELCBAS03B_FUT;D_ELCBAS03;2026-03-31;3007;3007;0;0;0;0;0;0;0;0;0;0;20;0;;;;;
2026-01-23;F_ELCBAS0426;BY ELEKTRIK_04/2026_VIS;D_EL;ENF;D_EL_FUT;DE_ELCBAS04B_FUT;D_ELCBAS04;2026-04-30;2714.2;2714.2;0;0;0;0;0;0;0;0;0;0;0;0;;;;;
2026-01-23;F_ELCBAS0526;BY ELEKTRIK_05/2026_VIS;D_EL;ENF;D_EL_FUT;DE_ELCBAS05B_FUT;D_ELCBAS05;2026-06-01;2753.8;2753.8;0;0;0;0;0;0;0;0;0;0;0;0;;;;;
2026-01-23;F_ELCBAS0626;BY ELEKTRIK_06/2026_VIS;D_EL;ENF;D_EL_FUT;DE_ELCBAS06B_FUT;D_ELCBAS06;2026-06-30;2785;2785;0;0;0;0;0;0;0;0;0;0;0;0;;;;;
2026-01-23;F_ELCBAS0726;BY ELEKTRIK_07/2026_VIS;D_EL;ENF;D_EL_FUT;DE_ELCBAS07B_FUT;D_ELCBAS07;2026-07-31;2951.9;2951.9;0;0;0;0;0;0;0;0;0;0;0;0;;;;;
2026-01-23;F_ELCBASQ127;BY ELEKTRIK_Q1/2026_CASC VIS;D_EL;ENF;D_EL_FUT;DE_ELCBASQ1B_FUT;D_ELCBASQ1;2026-12-30;2443.2;2443.2;0;0;0;0;0;0;0;0;0;0;0;0;;;;;
2026-01-23;F_ELCBASQ128;BY ELEKTRIK_Q1/2027_CASC VIS;D_EL;ENF;D_EL_FUT;DE_ELCBASQ1B_FUT;D_ELCBASQ1;2027-12-30;2951.9;2951.9;0;0;0;0;0;0;0;0;0;0;0;0;;;;;
2026-01-23;F_ELCBASQ226;BY ELEKTRIK_Q2/2026_CASC VIS;D_EL;ENF;D_EL_FUT;DE_ELCBASQ2B_FUT;D_ELCBASQ2;2026-03-30;2950;2950;0;0;0;0;0;0;0;0;0;0;20;0;;;;;
2026-01-23;F_ELCBASQ227;BY ELEKTRIK_Q2/2027_CASC VIS;D_EL;ENF;D_EL_FUT;DE_ELCBASQ2B_FUT;D_ELCBASQ2;2027-03-30;2443.2;2443.2;0;0;0;0;0;0;0;0;0;0;0;0;;;;;
2026-01-23;F_ELCBASQ228;BY ELEKTRIK_Q2/2028_CASC VIS;D_EL;ENF;D_EL_FUT;DE_ELCBASQ2B_FUT;D_ELCBASQ2;2028-03-30;2951.9;2951.9;0;0;0;0;0;0;0;0;0;0;0;0;;;;;
2026-01-23;F_ELCBASQ326;BY ELEKTRIK_Q3/2026_CASC VIS;D_EL;ENF;D_EL_FUT;DE_ELCBASQ3B_FUT;D_ELCBASQ3;2026-06-29;3350;3350;0;0;0;0;0;0;0;0;0;0;20;0;;;;;
2026-01-23;F_ELCBASQ327;BY ELEKTRIK_Q3/2027_CASC VIS;D_EL;ENF;D_EL_FUT;DE_ELCBASQ3B_FUT;D_ELCBASQ3;2027-06-29;2443.2;2443.2;0;0;0;0;0;0;0;0;0;0;0;0;;;;;
2026-01-23;F_ELCBASQ328;BY ELEKTRIK_Q3/2028_CASC VIS;D_EL;ENF;D_EL_FUT;DE_ELCBASQ3B_FUT;D_ELCBASQ3;2028-06-29;2951.9;2951.9;0;0;0;0;0;0;0;0;0;0;0;0;;;;;
2026-01-23;F_ELCBASQ426;BY ELEKTRIK_Q4/2026_CASC VIS;D_EL;ENF;D_EL_FUT;DE_ELCBASQ4B_FUT;D_ELCBASQ4;2026-09-29;3320;3320;0;0;0;0;0;0;0;0;0;0;20;0;;;;;
2026-01-23;F_ELCBASQ427;BY ELEKTRIK_Q4/2027_CASC VIS;D_EL;ENF;D_EL_FUT;DE_ELCBASQ4B_FUT;D_ELCBASQ4;2027-09-29;2443.2;2443.2;0;0;0;0;0;0;0;0;0;0;0;0;;;;;
2026-01-23;F_ELCBASQ428;BY ELEKTRIK_Q4/2028_CASC VIS;D_EL;ENF;D_EL_FUT;DE_ELCBASQ4B_FUT;D_ELCBASQ4;2028-09-29;2951.9;2951.9;0;0;0;0;0;0;0;0;0;0;0;0;;;;;
2026-01-23;F_ELCBASY27;BY ELEKTRIK_2026_CASC VIS;D_EL;ENF;D_EL_FUT;DE_ELCBASYB_FUT;D_ELCBASY;2026-12-28;2443.2;2443.2;0;0;0;0;0;0;0;0;0;0;0;0;;;;;
2026-01-23;F_ELCBASY28;BY ELEKTRIK_2027_CASC VIS;D_EL;ENF;D_EL_FUT;DE_ELCBASYB_FUT;D_ELCBASY;2027-12-28;2951.9;2951.9;0;0;0;0;0;0;0;0;0;0;0;0;;;;;
2026-01-23;F_ENJSA0126;ENJSA_01/2026_VIS;D_EQ;SSF;D_EQ_FPD;DE_ENJSA_FPD;ENJSA.E;2026-01-30;99.29;100;-0.71;99.93;98.7;100.95;99.28;99.84;75970952;0;7609;2226;55954;187;;;;;
2026-01-23;F_ENJSA0226;ENJSA_02/2026_VIS;D_EQ;SSF;D_EQ_FPD;DE_ENJSA_FPD;ENJSA.E;2026-02-27;101.35;101.5;-0.15;101.7;101;103.25;101.5;102.3;9115360;0;891;208;2102;546;;;;;
2026-01-23;F_ENJSA0326;ENJSA_03/2026_VIS;D_EQ;SSF;D_EQ_FPD;DE_ENJSA_FPD;ENJSA.E;2026-03-31;103.9;104.1;-0.19;104;103.3;104.2;103.3;103.94;176690;0;17;14;278;-3;;;;;
2026-01-23;F_ENKAI0126;ENKAI_01/2026_VIS;D_EQ;SSF;D_EQ_FPD;DE_ENKAI_FPD;ENKAI.E;2026-01-30;84.04;82.84;1.45;82.95;82.82;84.92;84.15;84.11;258960760;0;30790;5695;60326;-3361;;;;;
2026-01-23;F_ENKAI0226;ENKAI_02/2026_VIS;D_EQ;SSF;D_EQ_FPD;DE_ENKAI_FPD;ENKAI.E;2026-02-27;86.02;84.71;1.55;84.7;84.7;86.79;85.95;86.01;47186437;0;5486;1190;14352;356;;;;;
2026-01-23;F_ENKAI0326;ENKAI_03/2026_VIS;D_EQ;SSF;D_EQ_FPD;DE_ENKAI_FPD;ENKAI.E;2026-03-31;88.22;85.28;3.45;90.19;87;90.19;88.01;88.39;1467202;0;166;71;374;16;;;;;
2026-01-23;F_EREGL0126;EREGL_01/2026_VIS;D_EQ;SSF;D_EQ_FPD;DE_EREGL_FPD;EREGL.E;2026-01-30;27.19;26.96;0.85;27.02;26.88;27.37;27.18;27.12;1505037819;0;554981;17767;716255;-73077;27.02;43232;0;16;7
2026-01-23;F_EREGL0226;EREGL_02/2026_VIS;D_EQ;SSF;D_EQ_FPD;DE_EREGL_FPD;EREGL.E;2026-02-27;27.81;27.59;0.8;27.75;27.51;28.01;27.78;27.78;422605195;0;151990;4507;172442;13738;27.75;80475;0;29;7
2026-01-23;F_EREGL0326;EREGL_03/2026_VIS;D_EQ;SSF;D_EQ_FPD;DE_EREGL_FPD;EREGL.E;2026-03-31;28.49;28.32;0.6;28.5;28.13;28.82;28.5;28.46;2379587;0;836;148;6032;193;;;;;
2026-01-23;F_EURTRY0126;EURTRY_01/2026_VIS;D_CR;CRF;D_CR_FUT;DE_EURTRY_FUT;D_EURTRY;2026-01-30;51.081;50.852;0.45;51.129;50.905;51.13;51.119;51.0482;15263417;0;299;36;6687;-73;;;;;
2026-01-23;F_EURTRY0226;EURTRY_02/2026_VIS;D_CR;CRF;D_CR_FUT;DE_EURTRY_FUT;D_EURTRY;2026-02-27;52.269;52.12;0.29;52.211;52.21;52.29;52.29;52.2654;11184795;0;214;34;664;135;;;;;
2026-01-23;F_EURTRY0426;EURTRY_04/2026_VIS;D_CR;CRF;D_CR_FUT;DE_EURTRY_FUT;D_EURTRY;2026-04-30;55.095;54.838;0.47;55.153;55.05;55.153;55.05;55.1255;8875201;0;161;65;468;100;;;;;
2026-01-23;F_EURTRY1226;EURTRY_12/2026_VIS;D_CR;CRF;D_CR_FUT;DE_EURTRY_FUT;D_EURTRY;2026-12-31;65.829;65.862;-0.05;65.85;65.714;65.94;65.85;65.8089;3422061;0;52;44;6838;-10;;;;;
2026-01-23;F_EURUSD0126;EURUSD_01/2026_VIS;D_CR;CRFU;D_CR_FUT;DE_EURUSD_FUT;D_EURUSD;2026-01-30;1.1753;1.1726;0.23;1.1747;1.1726;1.1755;1.1755;1.1744;205839539.89058;0;4055;185;19228;1341;;;;;
2026-01-23;F_EURUSD0226;EURUSD_02/2026_VIS;D_CR;CRFU;D_CR_FUT;DE_EURUSD_FUT;D_EURUSD;2026-02-27;1.1769;1.1742;0.23;1.1762;1.1754;1.1772;1.1772;1.1765;37175221.69126;0;731;52;6707;-121;;;;;
2026-01-23;F_EURUSD0426;EURUSD_04/2026_VIS;D_CR;CRFU;D_CR_FUT;DE_EURUSD_FUT;D_EURUSD;2026-04-30;1.1797;1.1772;0.21;1.1799;1.1785;1.1802;1.18;1.1798;3263706.90832;0;64;54;678;55;1.1799;102001.64706;0;2;1
2026-01-23;F_EURUSD1226;EURUSD_12/2026_VIS;D_CR;CRFU;D_CR_FUT;DE_EURUSD_FUT;D_EURUSD;2026-12-31;1.1936;1.1882;0.45;1.1925;1.1885;1.1942;1.193;1.1897;23757345.48021;0;462;71;2806;-59;;;;;
2026-01-23;F_FROTO0126;FROTO_01/2026_VIS;D_EQ;SSF;D_EQ_FPD;DE_FROTO_FPD;FROTO.E;2026-01-30;105.5;104.65;0.81;104.8;104.75;106.65;105.45;105.84;286092760;0;27030;4670;50068;-3359;;;;;
2026-01-23;F_FROTO0226;FROTO_02/2026_VIS;D_EQ;SSF;D_EQ_FPD;DE_FROTO_FPD;FROTO.E;2026-02-27;108.05;107.45;0.56;108.9;107.7;109.25;107.8;108.27;49806175;0;4600;830;8839;401;108.9;10890;0;1;1
2026-01-23;F_FROTO0326;FROTO_03/2026_VIS;D_EQ;SSF;D_EQ_FPD;DE_FROTO_FPD;FROTO.E;2026-03-31;109.65;108;1.53;110.5;109.05;110.7;109.3;109.77;15412085;0;1357;39;2898;1259;;;;;
2026-01-23;F_GARAN0126;GARAN_01/2026_VIS;D_EQ;SSF;D_EQ_FPD;DE_GARAN_FPD;GARAN.E;2026-01-30;151.75;149.05;1.81;149.1;149.05;153.2;151.35;151.78;2003621930;0;131996;13945;140870;-27683;149.1;402570;0;27;2
2026-01-23;F_GARAN0226;GARAN_02/2026_VIS;D_EQ;SSF;D_EQ_FPD;DE_GARAN_FPD;GARAN.E;2026-02-27;155.25;152.35;1.9;152.8;152.6;156.5;155.15;155.33;191275115;0;12310;1854;22375;361;;;;;
2026-01-23;F_GARAN0326;GARAN_03/2026_VIS;D_EQ;SSF;D_EQ_FPD;DE_GARAN_FPD;GARAN.E;2026-03-31;156.35;152.15;2.76;154.6;154.6;157.75;156.7;156.79;7870800;0;502;187;832;-301;;;;;
2026-01-23;F_GBPUSD0126;GBPUSD_01/2026_VIS;D_CR;CRFU;D_CR_FUT;DE_GBPUSD_FUT;D_GBPUSD;2026-01-30;1.3515;1.3432;0.62;1.351;1.351;1.352;1.352;1.3515;292095.23272;0;5;4;132;-4;;;;;
2026-01-23;F_GBPUSD0226;GBPUSD_02/2026_VIS;D_CR;CRFU;D_CR_FUT;DE_GBPUSD_FUT;D_GBPUSD;2026-02-27;1.3504;1.3423;0.6;1.35;1.35;1.3514;1.3514;1.3504;233473.89458;0;4;2;34;-4;;;;;
2026-01-23;F_GBPUSD0426;GBPUSD_04/2026_VIS;D_CR;CRFU;D_CR_FUT;DE_GBPUSD_FUT;D_GBPUSD;2026-04-30;1.3457;1.3457;0;0;0;0;0;0;0;0;0;0;0;0;;;;;
2026-01-23;F_GBPUSD1226;GBPUSD_12/2026_VIS;D_CR;CRFU;D_CR_FUT;DE_GBPUSD_FUT;D_GBPUSD;2026-12-31;1.3231;1.3231;0;0;0;0;0;0;0;0;0;0;1;0;;;;;
2026-01-23;F_GUBRF0126;GUBRF_01/2026_VIS;D_EQ;SSF;D_EQ_FPD;DE_GUBRF_FPD;GUBRF.E;2026-01-30;445.15;436.3;2.03;438.5;434.5;451.6;446.45;442.17;801970595;0;18137;8092;32345;690;438.5;306950;0;7;4
2026-01-23;F_GUBRF0226;GUBRF_02/2026_VIS;D_EQ;SSF;D_EQ_FPD;DE_GUBRF_FPD;GUBRF.E;2026-02-27;455.2;446.55;1.94;448.55;444.7;460.8;455.3;451.27;167287080;0;3707;2034;4087;1028;;;;;
2026-01-23;F_GUBRF0326;GUBRF_03/2026_VIS;D_EQ;SSF;D_EQ_FPD;DE_GUBRF_FPD;GUBRF.E;2026-03-31;468.45;455.7;2.8;458.6;458.15;471.4;471.35;463.93;3015525;0;65;55;7759;-2;;;;;
2026-01-23;F_HALKB0126;HALKB_01/2026_VIS;D_EQ;SSF;D_EQ_FPD;DE_HALKB_FPD;HALKB.E;2026-01-30;45.3;43.59;3.92;43.97;43.5;45.38;45.3;44.55;1144706414;0;256968;21079;248094;-6852;43.97;549625;0;125;7
2026-01-23;F_HALKB0226;HALKB_02/2026_VIS;D_EQ;SSF;D_EQ_FPD;DE_HALKB_FPD;HALKB.E;2026-02-27;46.3;44.64;3.72;45;44.49;46.39;46.39;45.52;245246641;0;53832;3647;68496;-4930;45;18000;0;4;1
2026-01-23;F_HALKB0326;HALKB_03/2026_VIS;D_EQ;SSF;D_EQ_FPD;DE_HALKB_FPD;HALKB.E;2026-03-31;47.47;45.69;3.9;45.83;45.83;47.53;47.53;46.71;2148541;0;460;94;2198;258;;;;;
2026-01-23;F_HEKTS0126;HEKTS_01/2026_VIS;D_EQ;SSF;D_EQ_FPD;DE_HEKTS_FPD;HEKTS.E;2026-01-30;3.19;3.1;2.9;3.11;3.09;3.21;3.21;3.15;137958625;0;437271;2073;557194;115775;3.11;3110;0;10;1
2026-01-23;F_HEKTS0226;HEKTS_02/2026_VIS;D_EQ;SSF;D_EQ_FPD;DE_HEKTS_FPD;HEKTS.E;2026-02-27;3.27;3.18;2.83;3.18;3.17;3.28;3.28;3.22;19165584;0;59479;576;66565;6847;;;;;
2026-01-23;F_HEKTS0326;HEKTS_03/2026_VIS;D_EQ;SSF;D_EQ_FPD;DE_HEKTS_FPD;HEKTS.E;2026-03-31;3.34;3.27;2.14;3.28;3.25;3.35;3.35;3.31;744387;0;2247;96;6841;-100;;;;;
2026-01-23;F_ISCTR0126;ISCTR_01/2026_VIS;D_EQ;SSF;D_EQ_FPD;DE_ISCTR_FPD;ISCTR.E;2026-01-30;15.27;14.77;3.39;14.76;14.74;15.3;15.28;15.14;3024664376;0;1997323;20670;2467244;-151811;14.76;149076;0;101;12
2026-01-23;F_ISCTR0226;ISCTR_02/2026_VIS;D_EQ;SSF;D_EQ_FPD;DE_ISCTR_FPD;ISCTR.E;2026-02-27;15.63;15.13;3.3;15.12;15.11;15.66;15.63;15.51;593056564;0;381905;3168;514269;112954;15.12;7560;0;5;1
2026-01-23;F_ISCTR0326;ISCTR_03/2026_VIS;D_EQ;SSF;D_EQ_FPD;DE_ISCTR_FPD;ISCTR.E;2026-03-31;16;15.59;2.63;15.51;15.51;16.07;16.07;15.88;2948218;0;1856;290;4932;839;;;;;
2026-01-23;F_KCHOL0126;KCHOL_01/2026_VIS;D_EQ;SSF;D_EQ_FPD;DE_KCHOL_FPD;KCHOL.E;2026-01-30;199;196.65;1.2;197.4;196.85;200.5;199.2;198.77;2159258895;0;108694;14359;250353;-11764;197.4;276360;0;14;10
2026-01-23;F_KCHOL0226;KCHOL_02/2026_VIS;D_EQ;SSF;D_EQ_FPD;DE_KCHOL_FPD;KCHOL.E;2026-02-27;203.65;201.45;1.09;202.7;201.6;205.25;203.75;203.47;741967605;0;36459;4440;47586;18773;;;;;
2026-01-23;F_KCHOL0326;KCHOL_03/2026_VIS;D_EQ;SSF;D_EQ_FPD;DE_KCHOL_FPD;KCHOL.E;2026-03-31;209.35;206.6;1.33;207.9;207.5;210.5;208.4;208.73;6094770;0;292;166;1143;95;;;;;
2026-01-23;F_KONTR0126N1;KONTR_01/2026_VIS;D_EQ;SSF;D_EQ_FPD;DE_KONTR_FPD;KONTR.E;2026-01-30;9.78;9.74;0.41;9.76;9.71;9.91;9.78;9.82;168062981.82;0;88237;6530;111488;-2124;9.76;5680.32;0;3;2
2026-01-23;F_KONTR0226N1;KONTR_02/2026_VIS;D_EQ;SSF;D_EQ_FPD;DE_KONTR_FPD;KONTR.E;2026-02-27;9.99;10;-0.1;10.02;9.93;10.14;9.99;10.02;22649016.94;0;11649;1263;21259;1571;;;;;
2026-01-23;F_KONTR0326;KONTR_03/2026_VIS;D_EQ;SSF;D_EQ_FPD;DE_KONTR_FPD;KONTR.E;2026-03-31;10.32;10.28;0.39;10.14;10.14;10.44;10.38;10.41;1447642;0;1390;82;8640;1164;;;;;
2026-01-23;F_KRDMD0126;KRDMD_01/2026_VIS;D_EQ;SSF;D_EQ_FPD;DE_KRDMD_FPD;KRDMD.E;2026-01-30;29.48;29.36;0.41;29.6;29.19;29.82;29.48;29.47;372297433;0;126317;8433;204013;3900;29.6;103600;0;35;6
2026-01-23;F_KRDMD0226;KRDMD_02/2026_VIS;D_EQ;SSF;D_EQ_FPD;DE_KRDMD_FPD;KRDMD.E;2026-02-27;30.14;30.04;0.33;30.1;29.89;30.48;30.14;30.11;50442904;0;16754;1378;31416;2681;;;;;
2026-01-23;F_KRDMD0326;KRDMD_03/2026_VIS;D_EQ;SSF;D_EQ_FPD;DE_KRDMD_FPD;KRDMD.E;2026-03-31;31.02;30.81;0.68;31;30.75;31.23;30.9;30.96;2241515;0;724;112;3299;73;;;;;
2026-01-23;F_MGROS0126;MGROS_01/2026_VIS;D_EQ;SSF;D_EQ_FPD;DE_MGROS_FPD;MGROS.E;2026-01-30;630.6;629.7;0.14;632.9;627;636;630.9;631.92;379152790;0;6000;2770;13457;-460;;;;;
2026-01-23;F_MGROS0226;MGROS_02/2026_VIS;D_EQ;SSF;D_EQ_FPD;DE_MGROS_FPD;MGROS.E;2026-02-27;644.4;645.2;-0.12;650;643.2;650.2;644;645.65;59399990;0;920;463;4758;-29;;;;;
2026-01-23;F_MGROS0326;MGROS_03/2026_VIS;D_EQ;SSF;D_EQ_FPD;DE_MGROS_FPD;MGROS.E;2026-03-31;661;658.5;0.38;660.2;658.3;663;661.2;660.88;6939230;0;105;46;138;22;;;;;
2026-01-23;F_ODAS0126;ODAS_01/2026_VIS;D_EQ;SSF;D_EQ_FPD;DE_ODAS_FPD;ODAS.E;2026-01-30;5.31;5.23;1.53;5.24;5.23;5.32;5.32;5.28;120915392;0;228969;2734;323345;-11073;;;;;
2026-01-23;F_ODAS0226;ODAS_02/2026_VIS;D_EQ;SSF;D_EQ_FPD;DE_ODAS_FPD;ODAS.E;2026-02-27;5.42;5.36;1.12;5.37;5.36;5.44;5.42;5.4;33285950;0;61605;833;105230;4473;;;;;
2026-01-23;F_ODAS0326;ODAS_03/2026_VIS;D_EQ;SSF;D_EQ_FPD;DE_ODAS_FPD;ODAS.E;2026-03-31;5.58;5.48;1.82;5.52;5.52;5.59;5.58;5.55;154379;0;278;63;3068;31;;;;;
2026-01-23;F_OYAKC0126;OYAKC_01/2026_VIS;D_EQ;SSF;D_EQ_FPD;DE_OYAKC_FPD;OYAKC.E;2026-01-30;26.7;26.53;0.64;26.55;26.43;26.96;26.56;26.66;258506104;0;96976;6180;117487;-5803;;;;;
2026-01-23;F_OYAKC0226;OYAKC_02/2026_VIS;D_EQ;SSF;D_EQ_FPD;DE_OYAKC_FPD;OYAKC.E;2026-02-27;27.47;27.18;1.07;27.2;27.04;27.59;27.3;27.31;39210466;0;14358;1068;26116;4097;;;;;
2026-01-23;F_OYAKC0326;OYAKC_03/2026_VIS;D_EQ;SSF;D_EQ_FPD;DE_OYAKC_FPD;OYAKC.E;2026-03-31;27.97;27.69;1.01;28.01;27.5;28.34;27.99;27.91;502346;0;180;51;1555;-3;;;;;
2026-01-23;F_PETKM0126;PETKM_01/2026_VIS;D_EQ;SSF;D_EQ_FPD;DE_PETKM_FPD;PETKM.E;2026-01-30;18.05;17.91;0.78;18.09;17.93;18.31;18.06;18.11;647118726;0;357270;12639;363720;-49817;18.09;148338;0;82;18
2026-01-23;F_PETKM0226;PETKM_02/2026_VIS;D_EQ;SSF;D_EQ_FPD;DE_PETKM_FPD;PETKM.E;2026-02-27;18.45;18.37;0.44;18.31;18.31;18.74;18.43;18.52;145431336;0;78534;3404;134221;19498;;;;;
2026-01-23;F_PETKM0326;PETKM_03/2026_VIS;D_EQ;SSF;D_EQ_FPD;DE_PETKM_FPD;PETKM.E;2026-03-31;18.88;18.63;1.34;18.91;18.86;19.17;18.89;19.05;912448;0;479;136;1688;236;;;;;
2026-01-23;F_PGSUS0126;PGSUS_01/2026_VIS;D_EQ;SSF;D_EQ_FPD;DE_PGSUS_FPD;PGSUS.E;2026-01-30;204.75;204.25;0.24;204;203.8;206.9;204.7;205.36;1006617110;0;49017;12305;108231;6109;204;4080000;0;200;5
2026-01-23;F_PGSUS0226;PGSUS_02/2026_VIS;D_EQ;SSF;D_EQ_FPD;DE_PGSUS_FPD;PGSUS.E;2026-02-27;209.45;209;0.22;209.2;208.5;211.85;209.4;210.06;218079365;0;10364;2249;32020;3629;209.2;41840;0;2;1
2026-01-23;F_PGSUS0326;PGSUS_03/2026_VIS;D_EQ;SSF;D_EQ_FPD;DE_PGSUS_FPD;PGSUS.E;2026-03-31;214.85;213.85;0.47;215.1;214.5;216.3;215.3;215.35;13804250;0;641;233;1928;319;;;;;
2026-01-23;F_P_USDTRY0126;FIZ. USDTRY_01/2026_VIS;D_CR;PCF;D_CR_FPD;DE_USDTRYP_FPD;USDTRYP.CX;2026-01-30;44.556;44.556;0;0;0;0;0;0;0;0;0;0;0;0;;;;;
2026-01-23;F_P_USDTRY0226;FIZ. USDTRY_02/2026_VIS;D_CR;PCF;D_CR_FPD;DE_USDTRYP_FPD;USDTRYP.CX;2026-02-27;46.35;46.35;0;0;0;0;0;0;0;0;0;0;0;0;;;;;
2026-01-23;F_P_USDTRY0426;FIZ. USDTRY_04/2026_VIS;D_CR;PCF;D_CR_FPD;DE_USDTRYP_FPD;USDTRYP.CX;2026-04-30;47.023;47.023;0;0;0;0;0;0;0;0;0;0;0;0;;;;;
2026-01-23;F_P_USDTRY1226;FIZ. USDTRY_12/2026_VIS;D_CR;PCF;D_CR_FPD;DE_USDTRYP_FPD;USDTRYP.CX;2026-12-31;56.761;56.761;0;0;0;0;0;0;0;0;0;0;0;0;;;;;
2026-01-23;F_RUBTRY0126;RUBTRY_01/2026_VIS;D_CR;CRF;D_CR_FUT;DE_RUBTRY_FUT;D_RUBTRY;2026-01-30;0.55348;0.55348;0;0;0;0;0;0;0;0;0;0;0;0;;;;;
2026-01-23;F_RUBTRY0226;RUBTRY_02/2026_VIS;D_CR;CRF;D_CR_FUT;DE_RUBTRY_FUT;D_RUBTRY;2026-02-27;0.57576;0.57576;0;0;0;0;0;0;0;0;0;0;0;0;;;;;
2026-01-23;F_RUBTRY0426;RUBTRY_04/2026_VIS;D_CR;CRF;D_CR_FUT;DE_RUBTRY_FUT;D_RUBTRY;2026-04-30;0.58687;0.58687;0;0;0;0;0;0;0;0;0;0;0;0;;;;;
2026-01-23;F_RUBTRY1226;RUBTRY_12/2026_VIS;D_CR;CRF;D_CR_FUT;DE_RUBTRY_FUT;D_RUBTRY;2026-12-31;0.6305;0.6305;0;0;0;0;0;0;0;0;0;0;0;0;;;;;
2026-01-23;F_SAHOL0126;SAHOL_01/2026_VIS;D_EQ;SSF;D_EQ_FPD;DE_SAHOL_FPD;SAHOL.E;2026-01-30;97.87;96.14;1.8;95.94;95.93;99.19;97.92;97.64;1280842185;0;131181;16736;457397;-13559;95.94;412542;0;43;3
2026-01-23;F_SAHOL0226;SAHOL_02/2026_VIS;D_EQ;SSF;D_EQ_FPD;DE_SAHOL_FPD;SAHOL.E;2026-02-27;100.25;98.5;1.78;98;98;101.55;100.05;100.02;426350595;0;42557;4802;78131;2374;;;;;
2026-01-23;F_SAHOL0326;SAHOL_03/2026_VIS;D_EQ;SSF;D_EQ_FPD;DE_SAHOL_FPD;SAHOL.E;2026-03-31;103.15;99.06;4.13;102;101.5;104.3;102.65;102.45;2663590;0;260;81;490;-131;;;;;
2026-01-23;F_SASA0126;SASA_01/2026_VIS;D_EQ;SSF;D_EQ_FPD;DE_SASA_FPD;SASA.E;2026-01-30;2.41;2.41;0;2.41;2.4;2.45;2.42;2.43;517058538;0;2131435;3731;5681757;-239260;2.41;241;0;1;1
2026-01-23;F_SASA0226;SASA_02/2026_VIS;D_EQ;SSF;D_EQ_FPD;DE_SASA_FPD;SASA.E;2026-02-27;2.46;2.47;-0.4;2.47;2.45;2.51;2.47;2.48;129895325;0;523677;1277;1387415;115022;;;;;
2026-01-23;F_SASA0326;SASA_03/2026_VIS;D_EQ;SSF;D_EQ_FPD;DE_SASA_FPD;SASA.E;2026-03-31;2.54;2.54;0;2.55;2.52;2.57;2.54;2.54;4171484;0;16422;229;88705;3586;;;;;
2026-01-23;F_SASX100226;SASX 10_02/2026_VIS;D_FR;FIF;D_FR_FUT;DE_SASX10_FUT;D_SASX10;2026-02-27;1485.25;1485.25;0;0;0;0;0;0;0;0;0;0;0;0;;;;;
2026-01-23;F_SASX100426;SASX 10_04/2026_VIS;D_FR;FIF;D_FR_FUT;DE_SASX10_FUT;D_SASX10;2026-04-30;1517.75;1517.75;0;0;0;0;0;0;0;0;0;0;0;0;;;;;
2026-01-23;F_SISE0126;SISE_01/2026_VIS;D_EQ;SSF;D_EQ_FPD;DE_SISE_FPD;SISE.E;2026-01-30;40.51;39.91;1.5;40.04;40.04;40.76;40.54;40.49;711283730;0;175651;13842;324660;-2263;40.04;4588584;0;1146;26
2026-01-23;F_SISE0226;SISE_02/2026_VIS;D_EQ;SSF;D_EQ_FPD;DE_SISE_FPD;SISE.E;2026-02-27;41.51;40.84;1.64;40.98;40.98;41.73;41.54;41.52;261770714;0;63045;5171;119219;32368;;;;;
2026-01-23;F_SISE0326;SISE_03/2026_VIS;D_EQ;SSF;D_EQ_FPD;DE_SISE_FPD;SISE.E;2026-03-31;42.56;41.75;1.94;42;42;42.85;42.65;42.53;1509661;0;355;86;5699;-168;;;;;
2026-01-23;F_SOKM0126;SOKM_01/2026_VIS;D_EQ;SSF;D_EQ_FPD;DE_SOKM_FPD;SOKM.E;2026-01-30;62.84;61.86;1.58;61.85;61.74;63.11;62.71;62.47;148406816;0;23755;5081;35375;-4001;61.85;6185;0;1;1
2026-01-23;F_SOKM0226;SOKM_02/2026_VIS;D_EQ;SSF;D_EQ_FPD;DE_SOKM_FPD;SOKM.E;2026-02-27;63.88;63.24;1.01;63.39;63.11;64.55;64.06;64.08;63692697;0;9938;668;5369;279;;;;;
2026-01-23;F_SOKM0326;SOKM_03/2026_VIS;D_EQ;SSF;D_EQ_FPD;DE_SOKM_FPD;SOKM.E;2026-03-31;65.21;64.47;1.15;65.15;64.94;65.77;65.28;65.24;469731;0;72;38;166;13;;;;;
2026-01-23;F_TAVHL0126;TAVHL_01/2026_VIS;D_EQ;SSF;D_EQ_FPD;DE_TAVHL_FPD;TAVHL.E;2026-01-30;330.35;329.5;0.26;330.95;327.7;333.7;330.4;330.68;296318215;0;8961;3366;50606;-926;;;;;
2026-01-23;F_TAVHL0226;TAVHL_02/2026_VIS;D_EQ;SSF;D_EQ_FPD;DE_TAVHL_FPD;TAVHL.E;2026-02-27;335.95;336.35;-0.12;338.45;335.1;340.4;336.9;337.87;39158905;0;1159;348;3563;329;;;;;
2026-01-23;F_TAVHL0326;TAVHL_03/2026_VIS;D_EQ;SSF;D_EQ_FPD;DE_TAVHL_FPD;TAVHL.E;2026-03-31;341;336.6;1.31;339.25;339.25;345;341.4;341.31;5085505;0;149;42;166;101;;;;;
2026-01-23;F_TCELL0126;TCELL_01/2026_VIS;D_EQ;SSF;D_EQ_FPD;DE_TCELL_FPD;TCELL.E;2026-01-30;113.35;113;0.31;112.85;112.2;115.7;113.6;113.63;1300548945;0;114455;15527;187493;-1536;112.85;1004365;0;89;17
2026-01-23;F_TCELL0226;TCELL_02/2026_VIS;D_EQ;SSF;D_EQ_FPD;DE_TCELL_FPD;TCELL.E;2026-02-27;116.15;115.75;0.35;117.7;114.9;118.4;116.1;116.22;388083300;0;33413;3203;56798;8500;117.7;129470;0;11;4
2026-01-23;F_TCELL0326;TCELL_03/2026_VIS;D_EQ;SSF;D_EQ_FPD;DE_TCELL_FPD;TCELL.E;2026-03-31;118.6;117.45;0.98;119.1;117.25;121.05;118.8;118.96;9754600;0;820;261;970;478;;;;;
2026-01-23;F_THYAO0126;THYAO_01/2026_VIS;D_EQ;SSF;D_EQ_FPD;DE_THYAO_FPD;THYAO.E;2026-01-30;303.3;301.25;0.68;301;301;306.25;303.05;304.26;3020873280;0;99285;17810;184617;-5299;301;4153800;0;138;10
2026-01-23;F_THYAO0226;THYAO_02/2026_VIS;D_EQ;SSF;D_EQ_FPD;DE_THYAO_FPD;THYAO.E;2026-02-27;310.35;308.5;0.6;308.5;308.5;313.5;310.25;311.55;580184135;0;18596;3842;42237;4186;;;;;
2026-01-23;F_THYAO0326;THYAO_03/2026_VIS;D_EQ;SSF;D_EQ_FPD;DE_THYAO_FPD;THYAO.E;2026-03-31;317.35;315.55;0.57;316.5;316.5;321.9;318;319.77;7802420;0;244;152;2179;-13;;;;;
2026-01-23;F_TKFEN0126;TKFEN_01/2026_VIS;D_EQ;SSF;D_EQ_FPD;DE_TKFEN_FPD;TKFEN.E;2026-01-30;71.57;71.97;-0.56;72.09;71.3;73.45;71.84;72.29;97223053;0;13449;4146;24431;-1355;;;;;
2026-01-23;F_TKFEN0226;TKFEN_02/2026_VIS;D_EQ;SSF;D_EQ_FPD;DE_TKFEN_FPD;TKFEN.E;2026-02-27;73.02;73.59;-0.77;73.59;72.97;75;73.44;73.8;8037053;0;1089;240;4004;441;;;;;
2026-01-23;F_TKFEN0326;TKFEN_03/2026_VIS;D_EQ;SSF;D_EQ_FPD;DE_TKFEN_FPD;TKFEN.E;2026-03-31;75.91;75.8;0.15;77.9;75.1;77.9;75.1;76.04;441028;0;58;31;717;15;;;;;
2026-01-23;F_TLREF1M0126;1-AY TLREF_01/2026_VIS;D_FI;TRF;D_FI_FUT;DE_TLREF1M_FUT;D_TLREF1M;2026-01-30;40;40;0;0;0;0;0;0;0;0;0;0;0;0;;;;;
2026-01-23;F_TLREF1M0226;1-AY TLREF_02/2026_VIS;D_FI;TRF;D_FI_FUT;DE_TLREF1M_FUT;D_TLREF1M;2026-02-27;40;40;0;0;0;0;0;0;0;0;0;0;0;0;;;;;
2026-01-23;F_TLREF1M0326;1-AY TLREF_03/2026_VIS;D_FI;TRF;D_FI_FUT;DE_TLREF1M_FUT;D_TLREF1M;2026-03-31;40;40;0;0;0;0;0;0;0;0;0;0;0;0;;;;;
2026-01-23;F_TLREF1M0426;1-AY TLREF_04/2026_VIS;D_FI;TRF;D_FI_FUT;DE_TLREF1M_FUT;D_TLREF1M;2026-04-30;40.18;40.18;0;0;0;0;0;0;0;0;0;0;0;0;;;;;
2026-01-23;F_TLREF1M0526;1-AY TLREF_05/2026_VIS;D_FI;TRF;D_FI_FUT;DE_TLREF1M_FUT;D_TLREF1M;2026-05-26;35.32;35.32;0;0;0;0;0;0;0;0;0;0;0;0;;;;;
2026-01-23;F_TLREF1M0626;1-AY TLREF_06/2026_VIS;D_FI;TRF;D_FI_FUT;DE_TLREF1M_FUT;D_TLREF1M;2026-06-30;39.41;39.41;0;0;0;0;0;0;0;0;0;0;0;0;;;;;
2026-01-23;F_TLREF1M0726;1-AY TLREF_07/2026_VIS;D_FI;TRF;D_FI_FUT;DE_TLREF1M_FUT;D_TLREF1M;2026-07-31;37.59;37.59;0;0;0;0;0;0;0;0;0;0;0;0;;;;;
2026-01-23;F_TOASO0126;TOASO_01/2026_VIS;D_EQ;SSF;D_EQ_FPD;DE_TOASO_FPD;TOASO.E;2026-01-30;303.15;298.2;1.66;299.8;297.3;304.05;303.7;301.35;393684155;0;13064;5287;42009;-286;299.8;89940;0;3;2
2026-01-23;F_TOASO0226;TOASO_02/2026_VIS;D_EQ;SSF;D_EQ_FPD;DE_TOASO_FPD;TOASO.E;2026-02-27;309.85;305.05;1.57;307.55;304.6;311;310.3;308.09;212276225;0;6890;1552;18397;3983;;;;;
2026-01-23;F_TOASO0326;TOASO_03/2026_VIS;D_EQ;SSF;D_EQ_FPD;DE_TOASO_FPD;TOASO.E;2026-03-31;303.15;297.8;1.8;300;300;305;302.75;302.93;908790;0;30;27;54;9;;;;;
2026-01-23;F_TRALT0126;TRALT_01/2026_VIS;D_EQ;SSF;D_EQ_FPD;DE_TRALT_FPD;TRALT.E;2026-01-30;51.04;49.59;2.92;49.98;49.8;51.84;50.85;51.02;2417964804;0;473922;33008;285751;-12796;49.98;619752;0;124;14
2026-01-23;F_TRALT0226;TRALT_02/2026_VIS;D_EQ;SSF;D_EQ_FPD;DE_TRALT_FPD;TRALT.E;2026-02-27;52.27;50.78;2.93;51;51;53;52.14;52.22;604389165;0;115739;7845;152680;21132;;;;;
2026-01-23;F_TRALT0326;TRALT_03/2026_VIS;D_EQ;SSF;D_EQ_FPD;DE_TRALT_FPD;TRALT.E;2026-03-31;53.76;52.19;3.01;53.67;52.69;54.26;53.76;53.54;1750697;0;327;149;983;-155;;;;;
2026-01-23;F_TRMET0126;TRMET_01/2026_VIS;D_EQ;SSF;D_EQ_FPD;DE_TRMET_FPD;TRMET.E;2026-01-30;136.5;134.2;1.71;134.35;133.1;137.05;136.45;135.28;364992045;0;26980;5535;50138;36;134.35;80610;0;6;4
2026-01-23;F_TRMET0226;TRMET_02/2026_VIS;D_EQ;SSF;D_EQ_FPD;DE_TRMET_FPD;TRMET.E;2026-02-27;139.2;137.1;1.53;138.55;136.4;140.3;139.6;138.69;36848825;0;2657;455;7591;660;;;;;
2026-01-23;F_TRMET0326;TRMET_03/2026_VIS;D_EQ;SSF;D_EQ_FPD;DE_TRMET_FPD;TRMET.E;2026-03-31;142.75;139.75;2.15;142.85;141.7;143.3;141.7;142.77;171325;0;12;9;142;-1;;;;;
2026-01-23;F_TRT020926T17_0326;TRT020926T17_03/2026_VIS;D_BO;BOP;D_BO_FPD;DE_TRT020926T17_FPD;TRT020926T17_KESN_T1;2026-03-31;92.956;92.956;0;0;0;0;0;0;0;0;0;0;0;0;;;;;
2026-01-23;F_TRT020926T17_0626;TRT020926T17_06/2026_VIS;D_BO;BOP;D_BO_FPD;DE_TRT020926T17_FPD;TRT020926T17_KESN_T1;2026-06-30;97.037;97.037;0;0;0;0;0;0;0;0;0;0;0;0;;;;;
2026-01-23;F_TRT131130T14_0326;TRT131130T14_03/2026_VIS;D_BO;BOP;D_BO_FPD;DE_TRT131130T14_FPD;TRT131130T14_KESN_T1;2026-03-31;50.112;50.112;0;0;0;0;0;0;0;0;0;0;0;0;;;;;
2026-01-23;F_TRT131130T14_0626;TRT131130T14_06/2026_VIS;D_BO;BOP;D_BO_FPD;DE_TRT131130T14_FPD;TRT131130T14_KESN_T1;2026-06-30;57.793;57.793;0;0;0;0;0;0;0;0;0;0;0;0;;;;;
2026-01-23;F_TSKB0126;TSKB_01/2026_VIS;D_EQ;SSF;D_EQ_FPD;DE_TSKB_FPD;TSKB.E;2026-01-30;13.29;13.06;1.76;13;13;13.35;13.27;13.24;183269383;0;138471;5343;351087;-15234;;;;;
2026-01-23;F_TSKB0226;TSKB_02/2026_VIS;D_EQ;SSF;D_EQ_FPD;DE_TSKB_FPD;TSKB.E;2026-02-27;13.63;13.4;1.72;13.4;13.38;13.64;13.54;13.55;39553771;0;29003;678;51296;10474;13.4;1340;0;1;1
2026-01-23;F_TSKB0326;TSKB_03/2026_VIS;D_EQ;SSF;D_EQ_FPD;DE_TSKB_FPD;TSKB.E;2026-03-31;14.01;13.65;2.64;13.9;13.7;14.04;13.89;13.89;115264;0;83;24;623;-25;;;;;
2026-01-23;F_TTKOM0126;TTKOM_01/2026_VIS;D_EQ;SSF;D_EQ_FPD;DE_TTKOM_FPD;TTKOM.E;2026-01-30;64.6;65.01;-0.63;64.97;64.5;65.92;64.7;65.11;415219278;0;63774;9521;111418;-6231;64.97;987544;0;152;3
2026-01-23;F_TTKOM0226;TTKOM_02/2026_VIS;D_EQ;SSF;D_EQ_FPD;DE_TTKOM_FPD;TTKOM.E;2026-02-27;66.11;66.52;-0.62;66.52;66.04;67.29;66.1;66.53;71119494;0;10670;1328;15341;2985;;;;;
2026-01-23;F_TTKOM0326;TTKOM_03/2026_VIS;D_EQ;SSF;D_EQ_FPD;DE_TTKOM_FPD;TTKOM.E;2026-03-31;67.84;67.49;0.52;68.2;67.01;69.01;67.84;68.22;1412166;0;207;93;431;-11;;;;;
2026-01-23;F_TUPRS0126;TUPRS_01/2026_VIS;D_EQ;SSF;D_EQ_FPD;DE_TUPRS_FPD;TUPRS.E;2026-01-30;227.05;228.3;-0.55;228.5;226.2;230.85;226.4;228.38;875547990;0;38338;7350;129776;-1046;228.5;114250;0;5;1
2026-01-23;F_TUPRS0226;TUPRS_02/2026_VIS;D_EQ;SSF;D_EQ_FPD;DE_TUPRS_FPD;TUPRS.E;2026-02-27;231.75;233.35;-0.69;233.3;231.4;235.7;231.5;233.58;116159870;0;4973;1120;9780;1183;233.3;23330;0;1;1
2026-01-23;F_TUPRS0326;TUPRS_03/2026_VIS;D_EQ;SSF;D_EQ_FPD;DE_TUPRS_FPD;TUPRS.E;2026-03-31;233.55;232.55;0.43;234.9;232.25;237.3;233.15;235.71;2639955;0;112;87;736;15;;;;;
2026-01-23;F_ULKER0126;ULKER_01/2026_VIS;D_EQ;SSF;D_EQ_FPD;DE_ULKER_FPD;ULKER.E;2026-01-30;129.55;130.15;-0.46;129.95;128.85;132.05;130;130.31;265604715;0;20383;4766;27563;-191;;;;;
2026-01-23;F_ULKER0226;ULKER_02/2026_VIS;D_EQ;SSF;D_EQ_FPD;DE_ULKER_FPD;ULKER.E;2026-02-27;132.35;133.1;-0.56;133;131.6;134.75;132.65;132.89;27321660;0;2056;612;6761;892;;;;;
2026-01-23;F_ULKER0326;ULKER_03/2026_VIS;D_EQ;SSF;D_EQ_FPD;DE_ULKER_FPD;ULKER.E;2026-03-31;135.9;136;-0.07;138.9;135.7;138.9;135.75;136.19;1593450;0;117;43;498;74;;;;;
2026-01-23;F_USDTRY0126;USDTRY_01/2026_VIS;D_CR;CRF;D_CR_FUT;DE_USDTRY_FUT;D_USDTRY;2026-01-30;43.495;43.513;-0.04;43.518;43.48;43.548;43.498;43.4919;9777982131;0;224832;7671;2349425;-186812;;;;;
2026-01-23;F_USDTRY0127;USDTRY_01/2027_VIS;D_CR;CRF;D_CR_FUT;DE_USDTRY_FUT;D_USDTRY;2027-01-29;56.566;56.681;-0.2;56.552;56.496;56.577;56.5;56.5688;17819167;0;315;16;548;-191;;;;;
2026-01-23;F_USDTRY0226;USDTRY_02/2026_VIS;D_CR;CRF;D_CR_FUT;DE_USDTRY_FUT;D_USDTRY;2026-02-27;44.42;44.461;-0.09;44.428;44.411;44.544;44.411;44.4291;8588689239;0;193308;5872;1462351;164857;44.428;2976676;0;67;6
2026-01-23;F_USDTRY0227;USDTRY_02/2027_VIS;D_CR;CRF;D_CR_FUT;DE_USDTRY_FUT;D_USDTRY;2027-02-26;57.563;57.711;-0.26;57.747;57.501;57.747;57.501;57.5625;230250;0;4;4;1170;2;;;;;
2026-01-23;F_USDTRY0326;USDTRY_03/2026_VIS;D_CR;CRF;D_CR_FUT;DE_USDTRY_FUT;D_USDTRY;2026-03-31;45.445;45.54;-0.21;45.527;45.402;45.55;45.42;45.5188;1859944642;0;40861;528;478126;36772;45.527;455270;0;10;1
2026-01-23;F_USDTRY0327;USDTRY_03/2027_VIS;D_CR;CRF;D_CR_FUT;DE_USDTRY_FUT;D_USDTRY;2027-03-31;58.589;58.832;-0.41;58.702;58.541;58.702;58.541;58.5888;234355;0;4;4;3578;2;;;;;
2026-01-23;F_USDTRY0426;USDTRY_04/2026_VIS;D_CR;CRF;D_CR_FUT;DE_USDTRY_FUT;D_USDTRY;2026-04-30;46.501;46.561;-0.13;46.55;46.461;46.579;46.461;46.5426;409202144;0;8792;287;54797;3964;;;;;
2026-01-23;F_USDTRY0427;USDTRY_04/2027_VIS;D_CR;CRF;D_CR_FUT;DE_USDTRY_FUT;D_USDTRY;2027-04-30;59.647;59.835;-0.31;59.75;59.602;59.88;59.602;59.7487;12845969;0;215;22;744;-44;;;;;
2026-01-23;F_USDTRY0526;USDTRY_05/2026_VIS;D_CR;CRF;D_CR_FUT;DE_USDTRY_FUT;D_USDTRY;2026-05-25;47.43;47.447;-0.04;47.439;47.401;47.519;47.401;47.4324;96667243;0;2038;58;27796;997;;;;;
2026-01-23;F_USDTRY0626;USDTRY_06/2026_VIS;D_CR;CRF;D_CR_FUT;DE_USDTRY_FUT;D_USDTRY;2026-06-30;48.553;48.621;-0.14;48.608;48.531;49.12;48.532;48.7585;152857742;0;3135;148;114235;464;;;;;
2026-01-23;F_USDTRY0726;USDTRY_07/2026_VIS;D_CR;CRF;D_CR_FUT;DE_USDTRY_FUT;D_USDTRY;2026-07-31;49.663;49.701;-0.08;49.7;49.624;49.702;49.632;49.6691;1440405;0;29;13;3980;-9;;;;;
2026-01-23;F_USDTRY0826;USDTRY_08/2026_VIS;D_CR;CRF;D_CR_FUT;DE_USDTRY_FUT;D_USDTRY;2026-08-31;50.793;50.845;-0.1;50.721;50.721;50.83;50.798;50.7928;457135;0;9;6;20758;2;;;;;
2026-01-23;F_USDTRY0926;USDTRY_09/2026_VIS;D_CR;CRF;D_CR_FUT;DE_USDTRY_FUT;D_USDTRY;2026-09-30;51.869;51.942;-0.14;51.9;51.832;51.9;51.832;51.8694;726171;0;14;7;9376;2;;;;;
2026-01-23;F_USDTRY1026;USDTRY_10/2026_VIS;D_CR;CRF;D_CR_FUT;DE_USDTRY_FUT;D_USDTRY;2026-10-30;53.042;53.151;-0.21;53.073;53.001;53.073;53.001;53.0426;2386918;0;45;11;1896;26;;;;;
2026-01-23;F_USDTRY1126;USDTRY_11/2026_VIS;D_CR;CRF;D_CR_FUT;DE_USDTRY_FUT;D_USDTRY;2026-11-30;54.271;54.413;-0.26;54.311;54.201;54.358;54.201;54.2705;1519575;0;28;10;1109;-17;;;;;
2026-01-23;F_USDTRY1226;USDTRY_12/2026_VIS;D_CR;CRF;D_CR_FUT;DE_USDTRY_FUT;D_USDTRY;2026-12-31;55.342;55.551;-0.38;55.5;55.341;55.54;55.342;55.4938;622807403;0;11223;260;301877;612;;;;;
2026-01-23;F_VAKBN0126;VAKBN_01/2026_VIS;D_EQ;SSF;D_EQ_FPD;DE_VAKBN_FPD;VAKBN.E;2026-01-30;34.68;34.03;1.91;34.04;33.72;34.88;34.62;34.53;561960026;0;162755;10421;266475;-3842;;;;;
2026-01-23;F_VAKBN0226;VAKBN_02/2026_VIS;D_EQ;SSF;D_EQ_FPD;DE_VAKBN_FPD;VAKBN.E;2026-02-27;35.49;34.9;1.69;34.73;34.73;35.68;35.41;35.3;76897523;0;21785;1491;60108;-5054;;;;;
2026-01-23;F_VAKBN0326;VAKBN_03/2026_VIS;D_EQ;SSF;D_EQ_FPD;DE_VAKBN_FPD;VAKBN.E;2026-03-31;36.33;35.71;1.74;35.8;34.27;36.64;36.28;36.16;455607;0;126;28;549;19;;;;;
2026-01-23;F_VESTL0126;VESTL_01/2026_VIS;D_EQ;SSF;D_EQ_FPD;DE_VESTL_FPD;VESTL.E;2026-01-30;30.58;30.22;1.19;30.2;30.03;30.78;30.64;30.42;78986049;0;25966;2667;45045;-4134;30.2;181200;0;60;2
2026-01-23;F_VESTL0226;VESTL_02/2026_VIS;D_EQ;SSF;D_EQ_FPD;DE_VESTL_FPD;VESTL.E;2026-02-27;31.25;30.95;0.97;31.2;30.9;31.47;31.39;31.3;14085554;0;4500;627;9788;3005;31.2;3120;0;1;1
2026-01-23;F_VESTL0326;VESTL_03/2026_VIS;D_EQ;SSF;D_EQ_FPD;DE_VESTL_FPD;VESTL.E;2026-03-31;32.24;31.65;1.86;31.7;31.7;32.28;32.12;31.87;1268548;0;398;79;1289;95;;;;;
2026-01-23;F_X10XB0226;BIST BDLKT10_02/2026_VIS;D_IX;INF;D_IX_FUT;DE_BISTBDLIKIT10_FUT;D_X10XBD;2026-02-27;16759;16476;1.72;16777;16640;16862;16688;16759.3;1675930;0;10;10;70;5;;;;;
2026-01-23;F_X10XB0426;BIST BDLKT10_04/2026_VIS;D_IX;INF;D_IX_FUT;DE_BISTBDLIKIT10_FUT;D_X10XBD;2026-04-30;17295;17182;0.66;17295;17295;17295;17295;17295;172950;0;1;1;29;0;;;;;
2026-01-23;F_X10XB0626;BIST BDLKT10_06/2026_VIS;D_IX;INF;D_IX_FUT;DE_BISTBDLIKIT10_FUT;D_X10XBD;2026-06-30;17641;17641;0;0;0;0;0;0;0;0;0;0;2;0;;;;;
2026-01-23;F_X10XB1226;BIST BDLKT10_12/2026_VIS;D_IX;INF;D_IX_FUT;DE_BISTBDLIKIT10_FUT;D_X10XBD;2026-12-31;20150;20150;0;0;0;0;0;0;0;0;0;0;2;0;;;;;
2026-01-23;F_XAGUSD0226;ONS GUMUS_02/2026_VIS;D_PM;PMFU;D_PM_FUT;DE_XAGUSD_FUT;D_XAGUSD;2026-02-27;100.22;95.11;5.37;99.81;98.55;100.51;100.5;99.71;8996002973.6058;0;208728;27214;410728;-29904;99.81;22434137.9964;0;520;103
2026-01-23;F_XAGUSD0426;ONS GUMUS_04/2026_VIS;D_PM;PMFU;D_PM_FUT;DE_XAGUSD_FUT;D_XAGUSD;2026-04-30;101.04;95.76;5.51;100.11;99.15;101.15;101.15;100.312;803190586.51488;0;18524;4037;46739;-882;100.11;4457041.45851;0;103;23
2026-01-23;F_XAGUSD0626;ONS GUMUS_06/2026_VIS;D_PM;PMFU;D_PM_FUT;DE_XAGUSD_FUT;D_XAGUSD;2026-06-30;101.77;96.66;5.29;101.7;99.84;101.91;101.81;100.995;177500298.40591;0;4066;795;8971;-128;101.7;395635.6791;0;9;4
2026-01-23;F_XAUTRYM0226;GR ALTIN_02/2026_VIS;D_PM;PMF;D_PM_FUT;DE_XAUTRY_FUT;D_XAUTRY;2026-02-27;7133.8;6988.2;2.08;7164.8;7072.1;7171;7142;7119.84;717259515.3;0;100741;3676;836106;-1903;7164.8;1432960;0;200;46
2026-01-23;F_XAUTRYM0426;GR ALTIN_04/2026_VIS;D_PM;PMF;D_PM_FUT;DE_XAUTRY_FUT;D_XAUTRY;2026-04-30;7564.3;7413.3;2.04;7593.8;7504.1;7614;7570;7554.66;89205437.1;0;11808;952;52885;1149;7593.8;53156.6;0;7;7
2026-01-23;F_XAUTRYM0626;GR ALTIN_06/2026_VIS;D_PM;PMF;D_PM_FUT;DE_XAUTRY_FUT;D_XAUTRY;2026-06-30;8005.7;7859;1.87;7962;7933.5;8074;8036;8009.6;28538215.1;0;3563;267;11628;1725;7962;15924;0;2;2
2026-01-23;F_XAUUSD0226;ONS ALTIN_02/2026_VIS;D_PM;PMFU;D_PM_FUT;DE_XAUUSD_FUT;D_XAUUSD;2026-02-27;4997.8;4889.2;2.22;5001.5;4950.2;5010;5004.3;4984;10778494524.55568;0;50032;11457;193913;-2979;5001.5;30698743.8611;0;142;36
2026-01-23;F_XAUUSD0426;ONS ALTIN_04/2026_VIS;D_PM;PMFU;D_PM_FUT;DE_XAUUSD_FUT;D_XAUUSD;2026-04-30;5060.7;4951.7;2.2;5060;5013.9;5077;5068.2;5044.85;1697404070.47501;0;7784;2387;9344;-141;5060;874867.928;0;4;2
2026-01-23;F_XAUUSD0626;ONS ALTIN_06/2026_VIS;D_PM;PMFU;D_PM_FUT;DE_XAUUSD_FUT;D_XAUUSD;2026-06-30;5129;5021.5;2.14;5118;5085.1;5143.2;5130;5113.71;61448717.63664;0;278;169;2050;45;5118;442448.0292;0;2;2
2026-01-23;F_XCUUSD0226;TON BAKIR_02/2026_VIS;D_MT;MTF;D_MT_FUT;DE_XCUUSD_FUT;D_XCUUSD;2026-02-27;14175;15563;-8.92;14494;14007;14494;14046;14129.06;22413582.490315;0;367;223;731;-64;14494;689148.68198;0;11;5
2026-01-23;F_XCUUSD0426;TON BAKIR_04/2026_VIS;D_MT;MTF;D_MT_FUT;DE_XCUUSD_FUT;D_XCUUSD;2026-04-30;15507.5;17230.5;-10;15510.5;15507.5;15515;15507.5;15508.1;3351664.85035;0;50;22;168;71;15510.5;134087.34187;0;2;1
2026-01-23;F_XCUUSD0626;TON BAKIR_06/2026_VIS;D_MT;MTF;D_MT_FUT;DE_XCUUSD_FUT;D_XCUUSD;2026-06-30;16581.5;18173;-8.76;17400;16356;17400;16356;16870.35;1239667.10612;0;17;12;54;13;17400;451265.868;0;6;2
2026-01-23;F_XLBNK0226;BIST L.BANKA_02/2026_VIS;D_IX;INF;D_IX_FUT;DE_BISTLBANKA_FUT;D_XLBNKD;2026-02-27;16699;16362;2.06;16380;16371;16755;16701;16644.46;713548180;0;4287;1642;9902;-1844;16380;327600;0;2;1
2026-01-23;F_XLBNK0426;BIST L.BANKA_04/2026_VIS;D_IX;INF;D_IX_FUT;DE_BISTLBANKA_FUT;D_XLBNKD;2026-04-30;17291;16956;1.98;17019;17019;17370;17310;17282.38;14862850;0;86;68;322;-34;;;;;
2026-01-23;F_XLBNK0626;BIST L.BANKA_06/2026_VIS;D_IX;INF;D_IX_FUT;DE_BISTLBANKA_FUT;D_XLBNKD;2026-06-30;18120;17739;2.15;18191;17900;18333;18138;18111.39;5976760;0;33;26;54;1;;;;;
2026-01-23;F_XLBNK1226;BIST L.BANKA_12/2026_VIS;D_IX;INF;D_IX_FUT;DE_BISTLBANKA_FUT;D_XLBNKD;2026-12-31;20444;20444;0;0;0;0;0;0;0;0;0;0;10;0;;;;;
2026-01-23;F_XPDUSD0226;ONS PALADYUM_02/2026_VIS;D_PM;PMFU;D_PM_FUT;DE_XPDUSD_FUT;D_XPDUSD;2026-02-27;2060.9;1922.7;7.19;1973.9;1942.9;2080;2080;2021.67;90269802.14209;0;1033;348;1366;303;;;;;
2026-01-23;F_XPDUSD0426;ONS PALADYUM_04/2026_VIS;D_PM;PMFU;D_PM_FUT;DE_XPDUSD_FUT;D_XPDUSD;2026-04-30;2105.5;1996.3;5.47;2025;2006;2128;2108.7;2054.19;9500698.28813;0;107;63;234;-8;;;;;
2026-01-23;F_XPDUSD0626;ONS PALADYUM_06/2026_VIS;D_PM;PMFU;D_PM_FUT;DE_XPDUSD_FUT;D_XPDUSD;2026-06-30;2133.7;2015.5;5.86;2124;2051;2145;2125;2109.41;1914750.47072;0;21;20;72;8;;;;;
2026-01-23;F_XPTUSD0226;ONS PLATIN_02/2026_VIS;D_PM;PMFU;D_PM_FUT;DE_XPTUSD_FUT;D_XPTUSD;2026-02-27;2789.5;2590.2;7.69;2710.1;2671.1;2794.9;2789.9;2739.15;165166726.76177;0;1395;576;3618;90;2710.1;117143.25947;0;1;1
2026-01-23;F_XPTUSD0426;ONS PLATIN_04/2026_VIS;D_PM;PMFU;D_PM_FUT;DE_XPTUSD_FUT;D_XPTUSD;2026-04-30;2845.8;2651.5;7.33;2771;2705.7;2850;2850;2813.11;14834695.42765;0;122;76;795;4;;;;;
2026-01-23;F_XPTUSD0626;ONS PLATIN_06/2026_VIS;D_PM;PMFU;D_PM_FUT;DE_XPTUSD_FUT;D_XPTUSD;2026-06-30;2877.5;2719.3;5.82;2950;2800;2950;2877;2874.18;14038604.5154;0;113;55;980;36;;;;;
2026-01-23;F_XSD250226;BIST XSD25_02/2026_VIS;D_IX;INF;D_IX_FUT;DE_BISTSUR25_FUT;D_XSD25D;2026-02-27;16671;16671;0;0;0;0;0;0;0;0;0;0;5;0;;;;;
2026-01-23;F_XSD250426;BIST XSD25_04/2026_VIS;D_IX;INF;D_IX_FUT;DE_BISTSUR25_FUT;D_XSD25D;2026-04-30;17962;17962;0;0;0;0;0;0;0;0;0;0;0;0;;;;;
2026-01-23;F_XSD250626;BIST XSD25_06/2026_VIS;D_IX;INF;D_IX_FUT;DE_BISTSUR25_FUT;D_XSD25D;2026-06-30;18487;18487;0;0;0;0;0;0;0;0;0;0;0;0;;;;;
2026-01-23;F_XSD251226;BIST XSD25_12/2026_VIS;D_IX;INF;D_IX_FUT;DE_BISTSUR25_FUT;D_XSD25D;2026-12-31;20513;20513;0;0;0;0;0;0;0;0;0;0;0;0;;;;;
2026-01-23;F_XU0300226;BIST 30_02/2026_VIS;D_IX;INF;D_IX_FUT;DE_BIST30_FUT;D_XU030D;2026-02-27;14582;14442;0.97;14481;14481;14696;14580;14582.41;29956305470;0;205441;75654;416555;-14232;14481;15060240;0;104;32
2026-01-23;F_XU0300426;BIST 30_04/2026_VIS;D_IX;INF;D_IX_FUT;DE_BIST30_FUT;D_XU030D;2026-04-30;15125;14969;1.04;15063;15031;15212;15129;15114.44;385277960;0;2549;1312;8363;62;;;;;
2026-01-23;F_XU0300626;BIST 30_06/2026_VIS;D_IX;INF;D_IX_FUT;DE_BIST30_FUT;D_XU030D;2026-06-30;15603;15499;0.67;15545;15525;15747;15582;15636.39;6880010;0;44;44;221;-7;;;;;
2026-01-23;F_XU0301226;BIST 30_12/2026_VIS;D_IX;INF;D_IX_FUT;DE_BIST30_FUT;D_XU030D;2026-12-31;17686;17495;1.09;17685;17550;17780;17603;17707;6374520;0;36;33;329;17;17685;176850;0;1;1
2026-01-23;F_YKBNK0126;YKBNK_01/2026_VIS;D_EQ;SSF;D_EQ_FPD;DE_YKBNK_FPD;YKBNK.E;2026-01-30;38.77;38.17;1.57;38.19;38.15;39.07;38.79;38.77;2599222699;0;670469;19787;844736;-97556;38.19;57285;0;15;3
2026-01-23;F_YKBNK0226;YKBNK_02/2026_VIS;D_EQ;SSF;D_EQ_FPD;DE_YKBNK_FPD;YKBNK.E;2026-02-27;39.68;39.08;1.54;39.04;39.04;39.96;39.68;39.68;355982906;0;89770;2994;163255;41849;39.04;7808;0;2;2
2026-01-23;F_YKBNK0326;YKBNK_03/2026_VIS;D_EQ;SSF;D_EQ_FPD;DE_YKBNK_FPD;YKBNK.E;2026-03-31;40.13;39.8;0.83;40;39.99;40.23;40.2;40.14;947351;0;236;106;1111;0;;;;;
2026-01-23;O_AKBNKE0126C60.00;AKBNK_01/2026_AVRUPA_OPSIYON;D_EQ;SSO;D_EQ_ECP;DE_AKBNK_ECP;AKBNK.E;2026-01-30;19.29;18.3;5.41;0;0;0;0;0;0;0;0;0;1;0;;;;;
2026-01-23;O_AKBNKE0126C62.00;AKBNK_01/2026_AVRUPA_OPSIYON;D_EQ;SSO;D_EQ_ECP;DE_AKBNK_ECP;AKBNK.E;2026-01-30;17.3;16.31;6.07;0;0;0;0;0;0;0;0;0;176;0;;;;;
2026-01-23;O_AKBNKE0126C64.00;AKBNK_01/2026_AVRUPA_OPSIYON;D_EQ;SSO;D_EQ_ECP;DE_AKBNK_ECP;AKBNK.E;2026-01-30;15.32;14.33;6.91;0;0;0;0;0;0;0;0;0;5;0;;;;;
2026-01-23;O_AKBNKE0126C66.00;AKBNK_01/2026_AVRUPA_OPSIYON;D_EQ;SSO;D_EQ_ECP;DE_AKBNK_ECP;AKBNK.E;2026-01-30;13.33;12.35;7.94;0;0;0;0;0;0;0;0;0;1;0;;;;;
2026-01-23;O_AKBNKE0126C68.00;AKBNK_01/2026_AVRUPA_OPSIYON;D_EQ;SSO;D_EQ_ECP;DE_AKBNK_ECP;AKBNK.E;2026-01-30;11.35;10.39;9.24;0;0;0;0;0;0;0;0;0;30;0;;;;;
2026-01-23;O_AKBNKE0126C70.00;AKBNK_01/2026_AVRUPA_OPSIYON;D_EQ;SSO;D_EQ_ECP;DE_AKBNK_ECP;AKBNK.E;2026-01-30;9.39;8.45;11.12;0;0;0;0;0;0;0;0;0;264;0;;;;;
2026-01-23;O_AKBNKE0126C72.00;AKBNK_01/2026_AVRUPA_OPSIYON;D_EQ;SSO;D_EQ_ECP;DE_AKBNK_ECP;AKBNK.E;2026-01-30;7.46;6.57;13.55;0;0;0;0;0;0;0;0;0;780;0;;;;;
2026-01-23;O_AKBNKE0126C74.00;AKBNK_01/2026_AVRUPA_OPSIYON;D_EQ;SSO;D_EQ_ECP;DE_AKBNK_ECP;AKBNK.E;2026-01-30;5.61;4.82;16.39;0;0;0;0;0;0;0;0;0;5505;0;;;;;
2026-01-23;O_AKBNKE0126C76.00;AKBNK_01/2026_AVRUPA_OPSIYON;D_EQ;SSO;D_EQ_ECP;DE_AKBNK_ECP;AKBNK.E;2026-01-30;3.94;3.3;19.39;3.79;3.79;3.79;3.79;3.79;7600;379;1;1;1411;0;;;;;
2026-01-23;O_AKBNKE0126C78.00;AKBNK_01/2026_AVRUPA_OPSIYON;D_EQ;SSO;D_EQ_ECP;DE_AKBNK_ECP;AKBNK.E;2026-01-30;2.54;2.08;22.12;2.2;2.2;2.2;2.2;2.2;15600;440;2;1;2776;0;;;;;
2026-01-23;O_AKBNKE0126C80.00;AKBNK_01/2026_AVRUPA_OPSIYON;D_EQ;SSO;D_EQ_ECP;DE_AKBNK_ECP;AKBNK.E;2026-01-30;1.49;1.21;23.14;1.12;1.12;1.12;1.12;1.12;8000;112;1;1;7720;0;;;;;
2026-01-23;O_AKBNKE0126C82.00;AKBNK_01/2026_AVRUPA_OPSIYON;D_EQ;SSO;D_EQ_ECP;DE_AKBNK_ECP;AKBNK.E;2026-01-30;0.8;0.64;25;0;0;0;0;0;0;0;0;0;2600;0;;;;;
2026-01-23;O_AKBNKE0126C84.00;AKBNK_01/2026_AVRUPA_OPSIYON;D_EQ;SSO;D_EQ_ECP;DE_AKBNK_ECP;AKBNK.E;2026-01-30;0.39;0.33;18.18;0;0;0;0;0;0;0;0;0;0;0;;;;;
2026-01-23;O_AKBNKE0126C86.00;AKBNK_01/2026_AVRUPA_OPSIYON;D_EQ;SSO;D_EQ_ECP;DE_AKBNK_ECP;AKBNK.E;2026-01-30;0.19;0.16;18.75;0;0;0;0;0;0;0;0;0;0;0;;;;;
2026-01-23;O_AKBNKE0126C88.00;AKBNK_01/2026_AVRUPA_OPSIYON;D_EQ;SSO;D_EQ_ECP;DE_AKBNK_ECP;AKBNK.E;2026-01-30;0.08;0.08;0;0;0;0;0;0;0;0;0;0;0;0;;;;;
2026-01-23;O_AKBNKE0126C90.00;AKBNK_01/2026_AVRUPA_OPSIYON;D_EQ;SSO;D_EQ_ECP;DE_AKBNK_ECP;AKBNK.E;2026-01-30;0.04;0.04;0;0;0;0;0;0;0;0;0;0;0;0;;;;;
2026-01-23;O_AKBNKE0126C92.00;AKBNK_01/2026_AVRUPA_OPSIYON;D_EQ;SSO;D_EQ_ECP;DE_AKBNK_ECP;AKBNK.E;2026-01-30;0.02;0.02;0;0;0;0;0;0;0;0;0;0;0;0;;;;;
2026-01-23;O_AKBNKE0126P50.00;AKBNK_01/2026_AVRUPA_OPSIYON;D_EQ;SSO;D_EQ_EPP;DE_AKBNK_EPP;AKBNK.E;2026-01-30;0.01;0.01;0;0;0;0;0;0;0;0;0;0;0;0;;;;;
2026-01-23;O_AKBNKE0126P52.00;AKBNK_01/2026_AVRUPA_OPSIYON;D_EQ;SSO;D_EQ_EPP;DE_AKBNK_EPP;AKBNK.E;2026-01-30;0.01;0.01;0;0;0;0;0;0;0;0;0;0;0;0;;;;;
2026-01-23;O_AKBNKE0126P54.00;AKBNK_01/2026_AVRUPA_OPSIYON;D_EQ;SSO;D_EQ_EPP;DE_AKBNK_EPP;AKBNK.E;2026-01-30;0.01;0.01;0;0;0;0;0;0;0;0;0;0;58200;0;;;;;
2026-01-23;O_AKBNKE0126P56.00;AKBNK_01/2026_AVRUPA_OPSIYON;D_EQ;SSO;D_EQ_EPP;DE_AKBNK_EPP;AKBNK.E;2026-01-30;0.01;0.01;0;0;0;0;0;0;0;0;0;0;15;0;;;;;
2026-01-23;O_AKBNKE0126P58.00;AKBNK_01/2026_AVRUPA_OPSIYON;D_EQ;SSO;D_EQ_EPP;DE_AKBNK_EPP;AKBNK.E;2026-01-30;0.01;0.01;0;0;0;0;0;0;0;0;0;0;0;0;;;;;
2026-01-23;O_AKBNKE0126P60.00;AKBNK_01/2026_AVRUPA_OPSIYON;D_EQ;SSO;D_EQ_EPP;DE_AKBNK_EPP;AKBNK.E;2026-01-30;0.01;0.01;0;0;0;0;0;0;0;0;0;0;0;0;;;;;
2026-01-23;O_AKBNKE0126P62.00;AKBNK_01/2026_AVRUPA_OPSIYON;D_EQ;SSO;D_EQ_EPP;DE_AKBNK_EPP;AKBNK.E;2026-01-30;0.01;0.01;0;0;0;0;0;0;0;0;0;0;63;0;;;;;
2026-01-23;O_AKBNKE0126P64.00;AKBNK_01/2026_AVRUPA_OPSIYON;D_EQ;SSO;D_EQ_EPP;DE_AKBNK_EPP;AKBNK.E;2026-01-30;0.01;0.01;0;0;0;0;0;0;0;0;0;0;440;0;;;;;
2026-01-23;O_AKBNKE0126P66.00;AKBNK_01/2026_AVRUPA_OPSIYON;D_EQ;SSO;D_EQ_EPP;DE_AKBNK_EPP;AKBNK.E;2026-01-30;0.01;0.01;0;0;0;0;0;0;0;0;0;0;616;0;;;;;
2026-01-23;O_AKBNKE0126P68.00;AKBNK_01/2026_AVRUPA_OPSIYON;D_EQ;SSO;D_EQ_EPP;DE_AKBNK_EPP;AKBNK.E;2026-01-30;0.01;0.02;-50;0;0;0;0;0;0;0;0;0;2949;0;;;;;
2026-01-23;O_AKBNKE0126P70.00;AKBNK_01/2026_AVRUPA_OPSIYON;D_EQ;SSO;D_EQ_EPP;DE_AKBNK_EPP;AKBNK.E;2026-01-30;0.03;0.07;-57.14;0;0;0;0;0;0;0;0;0;865;0;;;;;
2026-01-23;O_AKBNKE0126P72.00;AKBNK_01/2026_AVRUPA_OPSIYON;D_EQ;SSO;D_EQ_EPP;DE_AKBNK_EPP;AKBNK.E;2026-01-30;0.08;0.18;-55.56;0;0;0;0;0;0;0;0;0;16532;0;;;;;
2026-01-23;O_AKBNKE0126P74.00;AKBNK_01/2026_AVRUPA_OPSIYON;D_EQ;SSO;D_EQ_EPP;DE_AKBNK_EPP;AKBNK.E;2026-01-30;0.23;0.41;-43.9;0;0;0;0;0;0;0;0;0;77;0;;;;;
2026-01-23;O_AKBNKE0126P76.00;AKBNK_01/2026_AVRUPA_OPSIYON;D_EQ;SSO;D_EQ_EPP;DE_AKBNK_EPP;AKBNK.E;2026-01-30;0.53;0.87;-39.08;0.42;0.42;0.42;0.42;0.42;380000;2100;50;1;619;50;;;;;
2026-01-23;O_AKBNKE0126P78.00;AKBNK_01/2026_AVRUPA_OPSIYON;D_EQ;SSO;D_EQ_EPP;DE_AKBNK_EPP;AKBNK.E;2026-01-30;1.13;1.63;-30.67;0.56;0.56;0.56;0.56;0.56;7800000;56000;1000;9;1051;918;;;;;
2026-01-23;O_AKBNKE0126P80.00;AKBNK_01/2026_AVRUPA_OPSIYON;D_EQ;SSO;D_EQ_EPP;DE_AKBNK_EPP;AKBNK.E;2026-01-30;2.06;2.74;-24.82;1.36;1.36;1.36;1.36;1.36;8000;136;1;1;387;0;;;;;
2026-01-23;O_AKBNKE0126P82.00;AKBNK_01/2026_AVRUPA_OPSIYON;D_EQ;SSO;D_EQ_EPP;DE_AKBNK_EPP;AKBNK.E;2026-01-30;3.35;4.16;-19.47;0;0;0;0;0;0;0;0;0;43;0;;;;;
2026-01-23;O_AKBNKE0226C68.00;AKBNK_02/2026_AVRUPA_OPSIYON;D_EQ;SSO;D_EQ_ECP;DE_AKBNK_ECP;AKBNK.E;2026-02-27;13.72;12.83;6.94;0;0;0;0;0;0;0;0;0;0;0;;;;;
2026-01-23;O_AKBNKE0226C70.00;AKBNK_02/2026_AVRUPA_OPSIYON;D_EQ;SSO;D_EQ_ECP;DE_AKBNK_ECP;AKBNK.E;2026-02-27;11.99;11.14;7.63;0;0;0;0;0;0;0;0;0;0;0;;;;;
2026-01-23;O_AKBNKE0226C72.00;AKBNK_02/2026_AVRUPA_OPSIYON;D_EQ;SSO;D_EQ_ECP;DE_AKBNK_ECP;AKBNK.E;2026-02-27;10.33;9.53;8.39;0;0;0;0;0;0;0;0;0;0;0;;;;;
2026-01-23;O_AKBNKE0226C74.00;AKBNK_02/2026_AVRUPA_OPSIYON;D_EQ;SSO;D_EQ_ECP;DE_AKBNK_ECP;AKBNK.E;2026-02-27;8.76;8.01;9.36;0;0;0;0;0;0;0;0;0;10;0;;;;;
2026-01-23;O_AKBNKE0226C76.00;AKBNK_02/2026_AVRUPA_OPSIYON;D_EQ;SSO;D_EQ_ECP;DE_AKBNK_ECP;AKBNK.E;2026-02-27;7.29;6.6;10.45;0;0;0;0;0;0;0;0;0;3;0;;;;;
2026-01-23;O_AKBNKE0226C78.00;AKBNK_02/2026_AVRUPA_OPSIYON;D_EQ;SSO;D_EQ_ECP;DE_AKBNK_ECP;AKBNK.E;2026-02-27;5.95;5.36;11.01;0;0;0;0;0;0;0;0;0;3;0;;;;;
2026-01-23;O_AKBNKE0226C80.00;AKBNK_02/2026_AVRUPA_OPSIYON;D_EQ;SSO;D_EQ_ECP;DE_AKBNK_ECP;AKBNK.E;2026-02-27;4.81;4.3;11.86;3.82;3.82;3.82;3.82;3.82;1200000;57300;150;6;346;150;;;;;
2026-01-23;O_AKBNKE0226C82.00;AKBNK_02/2026_AVRUPA_OPSIYON;D_EQ;SSO;D_EQ_ECP;DE_AKBNK_ECP;AKBNK.E;2026-02-27;3.82;3.4;12.35;0;0;0;0;0;0;0;0;0;152;0;;;;;
2026-01-23;O_AKBNKE0226C84.00;AKBNK_02/2026_AVRUPA_OPSIYON;D_EQ;SSO;D_EQ_ECP;DE_AKBNK_ECP;AKBNK.E;2026-02-27;3.01;2.67;12.73;0;0;0;0;0;0;0;0;0;10240;0;;;;;
2026-01-23;O_AKBNKE0226C86.00;AKBNK_02/2026_AVRUPA_OPSIYON;D_EQ;SSO;D_EQ_ECP;DE_AKBNK_ECP;AKBNK.E;2026-02-27;2.35;2.1;11.9;0;0;0;0;0;0;0;0;0;0;0;;;;;
2026-01-23;O_AKBNKE0226C88.00;AKBNK_02/2026_AVRUPA_OPSIYON;D_EQ;SSO;D_EQ_ECP;DE_AKBNK_ECP;AKBNK.E;2026-02-27;1.87;1.68;11.31;0;0;0;0;0;0;0;0;0;0;0;;;;;
2026-01-23;O_AKBNKE0226C90.00;AKBNK_02/2026_AVRUPA_OPSIYON;D_EQ;SSO;D_EQ_ECP;DE_AKBNK_ECP;AKBNK.E;2026-02-27;1.48;1.34;10.45;0;0;0;0;0;0;0;0;0;0;0;;;;;
2026-01-23;O_AKBNKE0226C92.00;AKBNK_02/2026_AVRUPA_OPSIYON;D_EQ;SSO;D_EQ_ECP;DE_AKBNK_ECP;AKBNK.E;2026-02-27;1.18;1.07;10.28;0;0;0;0;0;0;0;0;0;0;0;;;;;
2026-01-23;O_AKBNKE0226C94.00;AKBNK_02/2026_AVRUPA_OPSIYON;D_EQ;SSO;D_EQ_ECP;DE_AKBNK_ECP;AKBNK.E;2026-02-27;0.94;0.85;10.59;0.28;0.28;0.28;0.28;0.28;37600;112;4;1;4;4;;;;;
2026-01-23;O_AKBNKE0226P58.00;AKBNK_02/2026_AVRUPA_OPSIYON;D_EQ;SSO;D_EQ_EPP;DE_AKBNK_EPP;AKBNK.E;2026-02-27;0.05;0.06;-16.67;0;0;0;0;0;0;0;0;0;30;0;;;;;
2026-01-23;O_AKBNKE0226P60.00;AKBNK_02/2026_AVRUPA_OPSIYON;D_EQ;SSO;D_EQ_EPP;DE_AKBNK_EPP;AKBNK.E;2026-02-27;0.08;0.1;-20;0;0;0;0;0;0;0;0;0;0;0;;;;;
2026-01-23;O_AKBNKE0226P62.00;AKBNK_02/2026_AVRUPA_OPSIYON;D_EQ;SSO;D_EQ_EPP;DE_AKBNK_EPP;AKBNK.E;2026-02-27;0.12;0.16;-25;0;0;0;0;0;0;0;0;0;0;0;;;;;
2026-01-23;O_AKBNKE0226P64.00;AKBNK_02/2026_AVRUPA_OPSIYON;D_EQ;SSO;D_EQ_EPP;DE_AKBNK_EPP;AKBNK.E;2026-02-27;0.19;0.24;-20.83;0;0;0;0;0;0;0;0;0;0;0;;;;;
2026-01-23;O_AKBNKE0226P66.00;AKBNK_02/2026_AVRUPA_OPSIYON;D_EQ;SSO;D_EQ_EPP;DE_AKBNK_EPP;AKBNK.E;2026-02-27;0.29;0.36;-19.44;0;0;0;0;0;0;0;0;0;0;0;;;;;
2026-01-23;O_AKBNKE0226P68.00;AKBNK_02/2026_AVRUPA_OPSIYON;D_EQ;SSO;D_EQ_EPP;DE_AKBNK_EPP;AKBNK.E;2026-02-27;0.44;0.53;-16.98;0;0;0;0;0;0;0;0;0;0;0;;;;;
2026-01-23;O_AKBNKE0226P70.00;AKBNK_02/2026_AVRUPA_OPSIYON;D_EQ;SSO;D_EQ_EPP;DE_AKBNK_EPP;AKBNK.E;2026-02-27;0.63;0.77;-18.18;0;0;0;0;0;0;0;0;0;0;0;;;;;
2026-01-23;O_AKBNKE0226P72.00;AKBNK_02/2026_AVRUPA_OPSIYON;D_EQ;SSO;D_EQ_EPP;DE_AKBNK_EPP;AKBNK.E;2026-02-27;0.9;1.08;-16.67;0;0;0;0;0;0;0;0;0;411;0;;;;;
2026-01-23;O_AKBNKE0226P74.00;AKBNK_02/2026_AVRUPA_OPSIYON;D_EQ;SSO;D_EQ_EPP;DE_AKBNK_EPP;AKBNK.E;2026-02-27;1.26;1.49;-15.44;0;0;0;0;0;0;0;0;0;0;0;;;;;
2026-01-23;O_AKBNKE0226P76.00;AKBNK_02/2026_AVRUPA_OPSIYON;D_EQ;SSO;D_EQ_EPP;DE_AKBNK_EPP;AKBNK.E;2026-02-27;1.72;2;-14;1.45;1.45;1.46;1.46;1.45;790400;15084;104;2;254;104;;;;;
2026-01-23;O_AKBNKE0226P78.00;AKBNK_02/2026_AVRUPA_OPSIYON;D_EQ;SSO;D_EQ_EPP;DE_AKBNK_EPP;AKBNK.E;2026-02-27;2.31;2.69;-14.13;0;0;0;0;0;0;0;0;0;75;0;;;;;
2026-01-23;O_AKBNKE0226P80.00;AKBNK_02/2026_AVRUPA_OPSIYON;D_EQ;SSO;D_EQ_EPP;DE_AKBNK_EPP;AKBNK.E;2026-02-27;3.09;3.55;-12.96;0;0;0;0;0;0;0;0;0;168;0;;;;;
2026-01-23;O_AKBNKE0226P82.00;AKBNK_02/2026_AVRUPA_OPSIYON;D_EQ;SSO;D_EQ_EPP;DE_AKBNK_EPP;AKBNK.E;2026-02-27;4.03;4.59;-12.2;0;0;0;0;0;0;0;0;0;100;0;;;;;
2026-01-23;O_AKBNKE0226P84.00;AKBNK_02/2026_AVRUPA_OPSIYON;D_EQ;SSO;D_EQ_EPP;DE_AKBNK_EPP;AKBNK.E;2026-02-27;5.15;5.78;-10.9;0;0;0;0;0;0;0;0;0;25;0;;;;;
2026-01-23;O_AKBNKE0326C74.00;AKBNK_03/2026_AVRUPA_OPSIYON;D_EQ;SSO;D_EQ_ECP;DE_AKBNK_ECP;AKBNK.E;2026-03-31;12.49;11.71;6.66;0;0;0;0;0;0;0;0;0;0;0;;;;;
2026-01-23;O_AKBNKE0326C76.00;AKBNK_03/2026_AVRUPA_OPSIYON;D_EQ;SSO;D_EQ_ECP;DE_AKBNK_ECP;AKBNK.E;2026-03-31;11.05;10.3;7.28;0;0;0;0;0;0;0;0;0;0;0;;;;;
2026-01-23;O_AKBNKE0326C78.00;AKBNK_03/2026_AVRUPA_OPSIYON;D_EQ;SSO;D_EQ_ECP;DE_AKBNK_ECP;AKBNK.E;2026-03-31;9.68;8.97;7.92;0;0;0;0;0;0;0;0;0;0;0;;;;;
2026-01-23;O_AKBNKE0326C80.00;AKBNK_03/2026_AVRUPA_OPSIYON;D_EQ;SSO;D_EQ_ECP;DE_AKBNK_ECP;AKBNK.E;2026-03-31;8.38;7.75;8.13;0;0;0;0;0;0;0;0;0;0;0;;;;;
2026-01-23;O_AKBNKE0326C82.00;AKBNK_03/2026_AVRUPA_OPSIYON;D_EQ;SSO;D_EQ_ECP;DE_AKBNK_ECP;AKBNK.E;2026-03-31;7.25;6.68;8.53;0;0;0;0;0;0;0;0;0;0;0;;;;;
2026-01-23;O_AKBNKE0326C84.00;AKBNK_03/2026_AVRUPA_OPSIYON;D_EQ;SSO;D_EQ_ECP;DE_AKBNK_ECP;AKBNK.E;2026-03-31;6.23;5.73;8.73;0;0;0;0;0;0;0;0;0;0;0;;;;;
2026-01-23;O_AKBNKE0326C86.00;AKBNK_03/2026_AVRUPA_OPSIYON;D_EQ;SSO;D_EQ_ECP;DE_AKBNK_ECP;AKBNK.E;2026-03-31;5.35;4.91;8.96;0;0;0;0;0;0;0;0;0;0;0;;;;;
2026-01-23;O_AKBNKE0326C88.00;AKBNK_03/2026_AVRUPA_OPSIYON;D_EQ;SSO;D_EQ_ECP;DE_AKBNK_ECP;AKBNK.E;2026-03-31;4.57;4.2;8.81;0;0;0;0;0;0;0;0;0;0;0;;;;;
2026-01-23;O_AKBNKE0326C90.00;AKBNK_03/2026_AVRUPA_OPSIYON;D_EQ;SSO;D_EQ_ECP;DE_AKBNK_ECP;AKBNK.E;2026-03-31;3.95;3.66;7.92;0;0;0;0;0;0;0;0;0;0;0;;;;;
2026-01-23;O_AKBNKE0326C92.00;AKBNK_03/2026_AVRUPA_OPSIYON;D_EQ;SSO;D_EQ_ECP;DE_AKBNK_ECP;AKBNK.E;2026-03-31;3.45;3.2;7.81;0;0;0;0;0;0;0;0;0;0;0;;;;;
2026-01-23;O_AKBNKE0326C94.00;AKBNK_03/2026_AVRUPA_OPSIYON;D_EQ;SSO;D_EQ_ECP;DE_AKBNK_ECP;AKBNK.E;2026-03-31;3.02;2.8;7.86;0;0;0;0;0;0;0;0;0;0;0;;;;;
2026-01-23;O_AKBNKE0326C96.00;AKBNK_03/2026_AVRUPA_OPSIYON;D_EQ;SSO;D_EQ_ECP;DE_AKBNK_ECP;AKBNK.E;2026-03-31;2.64;2.46;7.32;0;0;0;0;0;0;0;0;0;0;0;;;;;
2026-01-23;O_AKBNKE0326P64.00;AKBNK_03/2026_AVRUPA_OPSIYON;D_EQ;SSO;D_EQ_EPP;DE_AKBNK_EPP;AKBNK.E;2026-03-31;0.48;0.54;-11.11;0;0;0;0;0;0;0;0;0;0;0;;;;;
2026-01-23;O_AKBNKE0326P66.00;AKBNK_03/2026_AVRUPA_OPSIYON;D_EQ;SSO;D_EQ_EPP;DE_AKBNK_EPP;AKBNK.E;2026-03-31;0.63;0.71;-11.27;0;0;0;0;0;0;0;0;0;0;0;;;;;
2026-01-23;O_AKBNKE0326P68.00;AKBNK_03/2026_AVRUPA_OPSIYON;D_EQ;SSO;D_EQ_EPP;DE_AKBNK_EPP;AKBNK.E;2026-03-31;0.81;0.91;-10.99;0;0;0;0;0;0;0;0;0;0;0;;;;;
2026-01-23;O_AKBNKE0326P70.00;AKBNK_03/2026_AVRUPA_OPSIYON;D_EQ;SSO;D_EQ_EPP;DE_AKBNK_EPP;AKBNK.E;2026-03-31;1.04;1.16;-10.34;0;0;0;0;0;0;0;0;0;0;0;;;;;
2026-01-23;O_AKBNKE0326P72.00;AKBNK_03/2026_AVRUPA_OPSIYON;D_EQ;SSO;D_EQ_EPP;DE_AKBNK_EPP;AKBNK.E;2026-03-31;1.32;1.47;-10.2;0;0;0;0;0;0;0;0;0;0;0;;;;;
2026-01-23;O_AKBNKE0326P74.00;AKBNK_03/2026_AVRUPA_OPSIYON;D_EQ;SSO;D_EQ_EPP;DE_AKBNK_EPP;AKBNK.E;2026-03-31;1.65;1.83;-9.84;0;0;0;0;0;0;0;0;0;0;0;;;;;
2026-01-23;O_AKBNKE0326P76.00;AKBNK_03/2026_AVRUPA_OPSIYON;D_EQ;SSO;D_EQ_EPP;DE_AKBNK_EPP;AKBNK.E;2026-03-31;2.04;2.26;-9.73;0;0;0;0;0;0;0;0;0;0;0;;;;;
2026-01-23;O_AKBNKE0326P78.00;AKBNK_03/2026_AVRUPA_OPSIYON;D_EQ;SSO;D_EQ_EPP;DE_AKBNK_EPP;AKBNK.E;2026-03-31;2.51;2.76;-9.06;0;0;0;0;0;0;0;0;0;0;0;;;;;
2026-01-23;O_AKBNKE0326P80.00;AKBNK_03/2026_AVRUPA_OPSIYON;D_EQ;SSO;D_EQ_EPP;DE_AKBNK_EPP;AKBNK.E;2026-03-31;3.06;3.38;-9.47;0;0;0;0;0;0;0;0;0;0;0;;;;;
2026-01-23;O_AKBNKE0326P82.00;AKBNK_03/2026_AVRUPA_OPSIYON;D_EQ;SSO;D_EQ_EPP;DE_AKBNK_EPP;AKBNK.E;2026-03-31;3.76;4.15;-9.4;0;0;0;0;0;0;0;0;0;0;0;;;;;
2026-01-23;O_AKBNKE0326P84.00;AKBNK_03/2026_AVRUPA_OPSIYON;D_EQ;SSO;D_EQ_EPP;DE_AKBNK_EPP;AKBNK.E;2026-03-31;4.58;5.03;-8.95;0;0;0;0;0;0;0;0;0;0;0;;;;;
2026-01-23;O_AKBNKE0326P86.00;AKBNK_03/2026_AVRUPA_OPSIYON;D_EQ;SSO;D_EQ_EPP;DE_AKBNK_EPP;AKBNK.E;2026-03-31;5.53;6.05;-8.6;0;0;0;0;0;0;0;0;0;0;0;;;;;
2026-01-23;O_ALARKE0126C100.00;ALARK_01/2026_AVRUPA_OPSIYON;D_EQ;SSO;D_EQ_ECP;DE_ALARK_ECP;ALARK.E;2026-01-30;11.1;12.69;-12.53;0;0;0;0;0;0;0;0;0;141;0;;;;;
2026-01-23;O_ALARKE0126C105.00;ALARK_01/2026_AVRUPA_OPSIYON;D_EQ;SSO;D_EQ_ECP;DE_ALARK_ECP;ALARK.E;2026-01-30;6.5;8.01;-18.85;7.65;6.86;7.65;7.56;7.36;315000;22070;30;3;391;0;;;;;
2026-01-23;O_ALARKE0126C110.00;ALARK_01/2026_AVRUPA_OPSIYON;D_EQ;SSO;D_EQ_ECP;DE_ALARK_ECP;ALARK.E;2026-01-30;2.93;4.11;-28.71;3.58;2.26;3.58;2.26;3.24;253000;7444;23;4;265;2;;;;;
2026-01-23;O_ALARKE0126C115.00;ALARK_01/2026_AVRUPA_OPSIYON;D_EQ;SSO;D_EQ_ECP;DE_ALARK_ECP;ALARK.E;2026-01-30;0.95;1.61;-40.99;1.07;0.66;1.07;0.93;0.89;345000;2660;30;3;310;0;;;;;
2026-01-23;O_ALARKE0126C120.00;ALARK_01/2026_AVRUPA_OPSIYON;D_EQ;SSO;D_EQ_ECP;DE_ALARK_ECP;ALARK.E;2026-01-30;0.24;0.49;-51.02;0;0;0;0;0;0;0;0;0;533;0;;;;;
2026-01-23;O_ALARKE0126C125.00;ALARK_01/2026_AVRUPA_OPSIYON;D_EQ;SSO;D_EQ_ECP;DE_ALARK_ECP;ALARK.E;2026-01-30;0.05;0.13;-61.54;0;0;0;0;0;0;0;0;0;0;0;;;;;
2026-01-23;O_ALARKE0126C130.00;ALARK_01/2026_AVRUPA_OPSIYON;D_EQ;SSO;D_EQ_ECP;DE_ALARK_ECP;ALARK.E;2026-01-30;0.01;0.03;-66.67;0;0;0;0;0;0;0;0;0;0;0;;;;;
2026-01-23;O_ALARKE0126C135.00;ALARK_01/2026_AVRUPA_OPSIYON;D_EQ;SSO;D_EQ_ECP;DE_ALARK_ECP;ALARK.E;2026-01-30;0.01;0.01;0;0;0;0;0;0;0;0;0;0;0;0;;;;;
2026-01-23;O_ALARKE0126C140.00;ALARK_01/2026_AVRUPA_OPSIYON;D_EQ;SSO;D_EQ_ECP;DE_ALARK_ECP;ALARK.E;2026-01-30;0.01;0.01;0;0;0;0;0;0;0;0;0;0;0;0;;;;;
2026-01-23;O_ALARKE0126C145.00;ALARK_01/2026_AVRUPA_OPSIYON;D_EQ;SSO;D_EQ_ECP;DE_ALARK_ECP;ALARK.E;2026-01-30;0.01;;0;0;0;0;0;0;0;0;0;0;0;0;;;;;
2026-01-23;O_ALARKE0126C86.00;ALARK_01/2026_AVRUPA_OPSIYON;D_EQ;SSO;D_EQ_ECP;DE_ALARK_ECP;ALARK.E;2026-01-30;24.92;26.51;-6;0;0;0;0;0;0;0;0;0;0;0;;;;;
2026-01-23;O_ALARKE0126C88.00;ALARK_01/2026_AVRUPA_OPSIYON;D_EQ;SSO;D_EQ_ECP;DE_ALARK_ECP;ALARK.E;2026-01-30;22.94;24.53;-6.48;0;0;0;0;0;0;0;0;0;0;0;;;;;
2026-01-23;O_ALARKE0126C90.00;ALARK_01/2026_AVRUPA_OPSIYON;D_EQ;SSO;D_EQ_ECP;DE_ALARK_ECP;ALARK.E;2026-01-30;20.95;22.55;-7.1;0;0;0;0;0;0;0;0;0;50;0;;;;;
2026-01-23;O_ALARKE0126C92.00;ALARK_01/2026_AVRUPA_OPSIYON;D_EQ;SSO;D_EQ_ECP;DE_ALARK_ECP;ALARK.E;2026-01-30;18.97;20.56;-7.73;0;0;0;0;0;0;0;0;0;50;0;;;;;
2026-01-23;O_ALARKE0126C94.00;ALARK_01/2026_AVRUPA_OPSIYON;D_EQ;SSO;D_EQ_ECP;DE_ALARK_ECP;ALARK.E;2026-01-30;16.99;18.58;-8.56;0;0;0;0;0;0;0;0;0;40;0;;;;;
2026-01-23;O_ALARKE0126C96.00;ALARK_01/2026_AVRUPA_OPSIYON;D_EQ;SSO;D_EQ_ECP;DE_ALARK_ECP;ALARK.E;2026-01-30;15.01;16.61;-9.63;0;0;0;0;0;0;0;0;0;50;0;;;;;
2026-01-23;O_ALARKE0126C98.00;ALARK_01/2026_AVRUPA_OPSIYON;D_EQ;SSO;D_EQ_ECP;DE_ALARK_ECP;ALARK.E;2026-01-30;13.04;14.64;-10.93;0;0;0;0;0;0;0;0;0;40;0;;;;;
2026-01-23;O_ALARKE0126P100.00;ALARK_01/2026_AVRUPA_OPSIYON;D_EQ;SSO;D_EQ_EPP;DE_ALARK_EPP;ALARK.E;2026-01-30;0.07;0.06;16.67;0;0;0;0;0;0;0;0;0;29;0;;;;;
2026-01-23;O_ALARKE0126P105.00;ALARK_01/2026_AVRUPA_OPSIYON;D_EQ;SSO;D_EQ_EPP;DE_ALARK_EPP;ALARK.E;2026-01-30;0.44;0.34;29.41;0.31;0.31;0.31;0.31;0.31;105000;310;10;1;135;0;;;;;
2026-01-23;O_ALARKE0126P110.00;ALARK_01/2026_AVRUPA_OPSIYON;D_EQ;SSO;D_EQ_EPP;DE_ALARK_EPP;ALARK.E;2026-01-30;1.83;1.4;30.71;1.17;1.17;1.86;1.35;1.46;330000;4380;30;3;15;0;;;;;
2026-01-23;O_ALARKE0126P115.00;ALARK_01/2026_AVRUPA_OPSIYON;D_EQ;SSO;D_EQ_EPP;DE_ALARK_EPP;ALARK.E;2026-01-30;4.81;3.86;24.61;3.6;3.6;4.22;4.22;3.91;230000;7820;20;2;0;0;;;;;
2026-01-23;O_ALARKE0126P120.00;ALARK_01/2026_AVRUPA_OPSIYON;D_EQ;SSO;D_EQ_EPP;DE_ALARK_EPP;ALARK.E;2026-01-30;9.06;;0;0;0;0;0;0;0;0;0;0;0;0;;;;;
2026-01-23;O_ALARKE0126P76.00;ALARK_01/2026_AVRUPA_OPSIYON;D_EQ;SSO;D_EQ_EPP;DE_ALARK_EPP;ALARK.E;2026-01-30;0.01;0.01;0;0;0;0;0;0;0;0;0;0;0;0;;;;;
2026-01-23;O_ALARKE0126P78.00;ALARK_01/2026_AVRUPA_OPSIYON;D_EQ;SSO;D_EQ_EPP;DE_ALARK_EPP;ALARK.E;2026-01-30;0.01;0.01;0;0;0;0;0;0;0;0;0;0;0;0;;;;;
2026-01-23;O_ALARKE0126P80.00;ALARK_01/2026_AVRUPA_OPSIYON;D_EQ;SSO;D_EQ_EPP;DE_ALARK_EPP;ALARK.E;2026-01-30;0.01;0.01;0;0;0;0;0;0;0;0;0;0;0;0;;;;;
2026-01-23;O_ALARKE0126P82.00;ALARK_01/2026_AVRUPA_OPSIYON;D_EQ;SSO;D_EQ_EPP;DE_ALARK_EPP;ALARK.E;2026-01-30;0.01;0.01;0;0;0;0;0;0;0;0;0;0;15;0;;;;;
2026-01-23;O_ALARKE0126P84.00;ALARK_01/2026_AVRUPA_OPSIYON;D_EQ;SSO;D_EQ_EPP;DE_ALARK_EPP;ALARK.E;2026-01-30;0.01;0.01;0;0;0;0;0;0;0;0;0;0;0;0;;;;;
2026-01-23;O_ALARKE0126P86.00;ALARK_01/2026_AVRUPA_OPSIYON;D_EQ;SSO;D_EQ_EPP;DE_ALARK_EPP;ALARK.E;2026-01-30;0.01;0.01;0;0;0;0;0;0;0;0;0;0;0;0;;;;;
2026-01-23;O_ALARKE0126P88.00;ALARK_01/2026_AVRUPA_OPSIYON;D_EQ;SSO;D_EQ_EPP;DE_ALARK_EPP;ALARK.E;2026-01-30;0.01;0.01;0;0;0;0;0;0;0;0;0;0;0;0;;;;;
2026-01-23;O_ALARKE0126P90.00;ALARK_01/2026_AVRUPA_OPSIYON;D_EQ;SSO;D_EQ_EPP;DE_ALARK_EPP;ALARK.E;2026-01-30;0.01;0.01;0;0;0;0;0;0;0;0;0;0;0;0;;;;;
2026-01-23;O_ALARKE0126P92.00;ALARK_01/2026_AVRUPA_OPSIYON;D_EQ;SSO;D_EQ_EPP;DE_ALARK_EPP;ALARK.E;2026-01-30;0.01;0.01;0;0;0;0;0;0;0;0;0;0;121;0;;;;;
2026-01-23;O_ALARKE0126P94.00;ALARK_01/2026_AVRUPA_OPSIYON;D_EQ;SSO;D_EQ_EPP;DE_ALARK_EPP;ALARK.E;2026-01-30;0.01;0.01;0;0;0;0;0;0;0;0;0;0;0;0;;;;;
2026-01-23;O_ALARKE0126P96.00;ALARK_01/2026_AVRUPA_OPSIYON;D_EQ;SSO;D_EQ_EPP;DE_ALARK_EPP;ALARK.E;2026-01-30;0.01;0.01;0;0;0;0;0;0;0;0;0;0;72;0;;;;;
2026-01-23;O_ALARKE0126P98.00;ALARK_01/2026_AVRUPA_OPSIYON;D_EQ;SSO;D_EQ_EPP;DE_ALARK_EPP;ALARK.E;2026-01-30;0.03;0.03;0;0;0;0;0;0;0;0;0;0;0;0;;;;;
2026-01-23;O_ALARKE0226C100.00;ALARK_02/2026_AVRUPA_OPSIYON;D_EQ;SSO;D_EQ_ECP;DE_ALARK_ECP;ALARK.E;2026-02-27;14.88;16.36;-9.05;0;0;0;0;0;0;0;0;0;0;0;;;;;
2026-01-23;O_ALARKE0226C105.00;ALARK_02/2026_AVRUPA_OPSIYON;D_EQ;SSO;D_EQ_ECP;DE_ALARK_ECP;ALARK.E;2026-02-27;10.95;12.31;-11.05;0;0;0;0;0;0;0;0;0;0;0;;;;;
2026-01-23;O_ALARKE0226C110.00;ALARK_02/2026_AVRUPA_OPSIYON;D_EQ;SSO;D_EQ_ECP;DE_ALARK_ECP;ALARK.E;2026-02-27;7.57;8.74;-13.39;0;0;0;0;0;0;0;0;0;0;0;;;;;
2026-01-23;O_ALARKE0226C115.00;ALARK_02/2026_AVRUPA_OPSIYON;D_EQ;SSO;D_EQ_ECP;DE_ALARK_ECP;ALARK.E;2026-02-27;4.98;5.91;-15.74;4.2;4.2;4.2;4.2;4.2;115000;4200;10;1;2;-8;;;;;
2026-01-23;O_ALARKE0226C120.00;ALARK_02/2026_AVRUPA_OPSIYON;D_EQ;SSO;D_EQ_ECP;DE_ALARK_ECP;ALARK.E;2026-02-27;3.14;3.83;-18.02;0;0;0;0;0;0;0;0;0;1;0;;;;;
2026-01-23;O_ALARKE0226C125.00;ALARK_02/2026_AVRUPA_OPSIYON;D_EQ;SSO;D_EQ_ECP;DE_ALARK_ECP;ALARK.E;2026-02-27;2.02;2.47;-18.22;1.38;1.38;1.38;1.38;1.38;37500;414;3;1;719;3;;;;;
2026-01-23;O_ALARKE0226C130.00;ALARK_02/2026_AVRUPA_OPSIYON;D_EQ;SSO;D_EQ_ECP;DE_ALARK_ECP;ALARK.E;2026-02-27;1.3;1.61;-19.25;0;0;0;0;0;0;0;0;0;30;0;;;;;
2026-01-23;O_ALARKE0226C135.00;ALARK_02/2026_AVRUPA_OPSIYON;D_EQ;SSO;D_EQ_ECP;DE_ALARK_ECP;ALARK.E;2026-02-27;0.84;1.06;-20.75;0;0;0;0;0;0;0;0;0;0;0;;;;;
2026-01-23;O_ALARKE0226C140.00;ALARK_02/2026_AVRUPA_OPSIYON;D_EQ;SSO;D_EQ_ECP;DE_ALARK_ECP;ALARK.E;2026-02-27;0.55;0.7;-21.43;0;0;0;0;0;0;0;0;0;0;0;;;;;
2026-01-23;O_ALARKE0226C145.00;ALARK_02/2026_AVRUPA_OPSIYON;D_EQ;SSO;D_EQ_ECP;DE_ALARK_ECP;ALARK.E;2026-02-27;0.36;0.47;-23.4;0;0;0;0;0;0;0;0;0;0;0;;;;;
2026-01-23;O_ALARKE0226C98.00;ALARK_02/2026_AVRUPA_OPSIYON;D_EQ;SSO;D_EQ_ECP;DE_ALARK_ECP;ALARK.E;2026-02-27;16.57;18.07;-8.3;0;0;0;0;0;0;0;0;0;0;0;;;;;
2026-01-23;O_ALARKE0226P100.00;ALARK_02/2026_AVRUPA_OPSIYON;D_EQ;SSO;D_EQ_EPP;DE_ALARK_EPP;ALARK.E;2026-02-27;1.01;0.88;14.77;0;0;0;0;0;0;0;0;0;0;0;;;;;
2026-01-23;O_ALARKE0226P105.00;ALARK_02/2026_AVRUPA_OPSIYON;D_EQ;SSO;D_EQ_EPP;DE_ALARK_EPP;ALARK.E;2026-02-27;1.89;1.65;14.55;0;0;0;0;0;0;0;0;0;1250;0;;;;;
2026-01-23;O_ALARKE0226P110.00;ALARK_02/2026_AVRUPA_OPSIYON;D_EQ;SSO;D_EQ_EPP;DE_ALARK_EPP;ALARK.E;2026-02-27;3.34;2.89;15.57;0;0;0;0;0;0;0;0;0;10;0;;;;;
2026-01-23;O_ALARKE0226P115.00;ALARK_02/2026_AVRUPA_OPSIYON;D_EQ;SSO;D_EQ_EPP;DE_ALARK_EPP;ALARK.E;2026-02-27;5.56;4.88;13.93;0;0;0;0;0;0;0;0;0;10;0;;;;;
2026-01-23;O_ALARKE0226P120.00;ALARK_02/2026_AVRUPA_OPSIYON;D_EQ;SSO;D_EQ_EPP;DE_ALARK_EPP;ALARK.E;2026-02-27;8.55;7.62;12.2;0;0;0;0;0;0;0;0;0;0;0;;;;;
2026-01-23;O_ALARKE0226P88.00;ALARK_02/2026_AVRUPA_OPSIYON;D_EQ;SSO;D_EQ_EPP;DE_ALARK_EPP;ALARK.E;2026-02-27;0.16;0.14;14.29;0;0;0;0;0;0;0;0;0;0;0;;;;;
2026-01-23;O_ALARKE0226P90.00;ALARK_02/2026_AVRUPA_OPSIYON;D_EQ;SSO;D_EQ_EPP;DE_ALARK_EPP;ALARK.E;2026-02-27;0.22;0.2;10;0;0;0;0;0;0;0;0;0;0;0;;;;;
2026-01-23;O_ALARKE0226P92.00;ALARK_02/2026_AVRUPA_OPSIYON;D_EQ;SSO;D_EQ_EPP;DE_ALARK_EPP;ALARK.E;2026-02-27;0.31;0.27;14.81;0;0;0;0;0;0;0;0;0;0;0;;;;;
2026-01-23;O_ALARKE0226P94.00;ALARK_02/2026_AVRUPA_OPSIYON;D_EQ;SSO;D_EQ_EPP;DE_ALARK_EPP;ALARK.E;2026-02-27;0.42;0.37;13.51;0;0;0;0;0;0;0;0;0;277;0;;;;;
2026-01-23;O_ALARKE0226P96.00;ALARK_02/2026_AVRUPA_OPSIYON;D_EQ;SSO;D_EQ_EPP;DE_ALARK_EPP;ALARK.E;2026-02-27;0.57;0.5;14;0;0;0;0;0;0;0;0;0;275;0;;;;;
2026-01-23;O_ALARKE0226P98.00;ALARK_02/2026_AVRUPA_OPSIYON;D_EQ;SSO;D_EQ_EPP;DE_ALARK_EPP;ALARK.E;2026-02-27;0.76;0.67;13.43;0;0;0;0;0;0;0;0;0;0;0;;;;;
2026-01-23;O_ALARKE0326C100.00;ALARK_03/2026_AVRUPA_OPSIYON;D_EQ;SSO;D_EQ_ECP;DE_ALARK_ECP;ALARK.E;2026-03-31;19.91;21.39;-6.92;0;0;0;0;0;0;0;0;0;0;0;;;;;
2026-01-23;O_ALARKE0326C105.00;ALARK_03/2026_AVRUPA_OPSIYON;D_EQ;SSO;D_EQ_ECP;DE_ALARK_ECP;ALARK.E;2026-03-31;16.13;17.54;-8.04;0;0;0;0;0;0;0;0;0;0;0;;;;;
2026-01-23;O_ALARKE0326C110.00;ALARK_03/2026_AVRUPA_OPSIYON;D_EQ;SSO;D_EQ_ECP;DE_ALARK_ECP;ALARK.E;2026-03-31;12.66;13.97;-9.38;0;0;0;0;0;0;0;0;0;0;0;;;;;
2026-01-23;O_ALARKE0326C115.00;ALARK_03/2026_AVRUPA_OPSIYON;D_EQ;SSO;D_EQ_ECP;DE_ALARK_ECP;ALARK.E;2026-03-31;9.68;10.8;-10.37;0;0;0;0;0;0;0;0;0;0;0;;;;;
2026-01-23;O_ALARKE0326C120.00;ALARK_03/2026_AVRUPA_OPSIYON;D_EQ;SSO;D_EQ_ECP;DE_ALARK_ECP;ALARK.E;2026-03-31;7.28;8.21;-11.33;0;0;0;0;0;0;0;0;0;0;0;;;;;
2026-01-23;O_ALARKE0326C125.00;ALARK_03/2026_AVRUPA_OPSIYON;D_EQ;SSO;D_EQ_ECP;DE_ALARK_ECP;ALARK.E;2026-03-31;5.45;6.18;-11.81;0;0;0;0;0;0;0;0;0;0;0;;;;;
2026-01-23;O_ALARKE0326C130.00;ALARK_03/2026_AVRUPA_OPSIYON;D_EQ;SSO;D_EQ_ECP;DE_ALARK_ECP;ALARK.E;2026-03-31;4.19;4.75;-11.79;0;0;0;0;0;0;0;0;0;0;0;;;;;
2026-01-23;O_ALARKE0326C135.00;ALARK_03/2026_AVRUPA_OPSIYON;D_EQ;SSO;D_EQ_ECP;DE_ALARK_ECP;ALARK.E;2026-03-31;3.24;3.69;-12.2;0;0;0;0;0;0;0;0;0;0;0;;;;;
2026-01-23;O_ALARKE0326C140.00;ALARK_03/2026_AVRUPA_OPSIYON;D_EQ;SSO;D_EQ_ECP;DE_ALARK_ECP;ALARK.E;2026-03-31;2.53;2.89;-12.46;0;0;0;0;0;0;0;0;0;0;0;;;;;
2026-01-23;O_ALARKE0326C145.00;ALARK_03/2026_AVRUPA_OPSIYON;D_EQ;SSO;D_EQ_ECP;DE_ALARK_ECP;ALARK.E;2026-03-31;2;2.29;-12.66;0;0;0;0;0;0;0;0;0;0;0;;;;;
2026-01-23;O_ALARKE0326C150.00;ALARK_03/2026_AVRUPA_OPSIYON;D_EQ;SSO;D_EQ_ECP;DE_ALARK_ECP;ALARK.E;2026-03-31;1.6;;0;0;0;0;0;0;0;0;0;0;0;0;;;;;
2026-01-23;O_ALARKE0326P100.00;ALARK_03/2026_AVRUPA_OPSIYON;D_EQ;SSO;D_EQ_EPP;DE_ALARK_EPP;ALARK.E;2026-03-31;1.51;1.37;10.22;0;0;0;0;0;0;0;0;0;0;0;;;;;
2026-01-23;O_ALARKE0326P105.00;ALARK_03/2026_AVRUPA_OPSIYON;D_EQ;SSO;D_EQ_EPP;DE_ALARK_EPP;ALARK.E;2026-03-31;2.33;2.11;10.43;0;0;0;0;0;0;0;0;0;0;0;;;;;
2026-01-23;O_ALARKE0326P110.00;ALARK_03/2026_AVRUPA_OPSIYON;D_EQ;SSO;D_EQ_EPP;DE_ALARK_EPP;ALARK.E;2026-03-31;3.45;3.14;9.87;0;0;0;0;0;0;0;0;0;0;0;;;;;
2026-01-23;O_ALARKE0326P115.00;ALARK_03/2026_AVRUPA_OPSIYON;D_EQ;SSO;D_EQ_EPP;DE_ALARK_EPP;ALARK.E;2026-03-31;5.07;4.55;11.43;0;0;0;0;0;0;0;0;0;0;0;;;;;
2026-01-23;O_ALARKE0326P120.00;ALARK_03/2026_AVRUPA_OPSIYON;D_EQ;SSO;D_EQ_EPP;DE_ALARK_EPP;ALARK.E;2026-03-31;7.26;6.56;10.67;0;0;0;0;0;0;0;0;0;0;0;;;;;
2026-01-23;O_ALARKE0326P125.00;ALARK_03/2026_AVRUPA_OPSIYON;D_EQ;SSO;D_EQ_EPP;DE_ALARK_EPP;ALARK.E;2026-03-31;10.03;;0;0;0;0;0;0;0;0;0;0;0;0;;;;;
2026-01-23;O_ALARKE0326P90.00;ALARK_03/2026_AVRUPA_OPSIYON;D_EQ;SSO;D_EQ_EPP;DE_ALARK_EPP;ALARK.E;2026-03-31;0.56;0.52;7.69;0;0;0;0;0;0;0;0;0;0;0;;;;;
2026-01-23;O_ALARKE0326P92.00;ALARK_03/2026_AVRUPA_OPSIYON;D_EQ;SSO;D_EQ_EPP;DE_ALARK_EPP;ALARK.E;2026-03-31;0.7;0.64;9.38;0;0;0;0;0;0;0;0;0;0;0;;;;;
2026-01-23;O_ALARKE0326P94.00;ALARK_03/2026_AVRUPA_OPSIYON;D_EQ;SSO;D_EQ_EPP;DE_ALARK_EPP;ALARK.E;2026-03-31;0.85;0.78;8.97;0;0;0;0;0;0;0;0;0;0;0;;;;;
2026-01-23;O_ALARKE0326P96.00;ALARK_03/2026_AVRUPA_OPSIYON;D_EQ;SSO;D_EQ_EPP;DE_ALARK_EPP;ALARK.E;2026-03-31;1.04;0.95;9.47;0;0;0;0;0;0;0;0;0;0;0;;;;;
2026-01-23;O_ALARKE0326P98.00;ALARK_03/2026_AVRUPA_OPSIYON;D_EQ;SSO;D_EQ_EPP;DE_ALARK_EPP;ALARK.E;2026-03-31;1.26;1.14;10.53;0;0;0;0;0;0;0;0;0;0;0;;;;;
2026-01-23;O_ARCLKE0126C100.00;ARCLK_01/2026_AVRUPA_OPSIYON;D_EQ;SSO;D_EQ_ECP;DE_ARCLK_ECP;ARCLK.E;2026-01-30;15.14;12.88;17.55;0;0;0;0;0;0;0;0;0;0;0;;;;;
2026-01-23;O_ARCLKE0126C105.00;ARCLK_01/2026_AVRUPA_OPSIYON;D_EQ;SSO;D_EQ_ECP;DE_ARCLK_ECP;ARCLK.E;2026-01-30;10.27;8.17;25.7;0;0;0;0;0;0;0;0;0;49;0;;;;;
2026-01-23;O_ARCLKE0126C110.00;ARCLK_01/2026_AVRUPA_OPSIYON;D_EQ;SSO;D_EQ_ECP;DE_ARCLK_ECP;ARCLK.E;2026-01-30;5.8;4.2;38.1;5.32;5.32;5.32;5.32;5.32;1210000;58520;110;11;217;110;;;;;
2026-01-23;O_ARCLKE0126C115.00;ARCLK_01/2026_AVRUPA_OPSIYON;D_EQ;SSO;D_EQ_ECP;DE_ARCLK_ECP;ARCLK.E;2026-01-30;2.5;1.64;52.44;1.18;1.18;2;2;1.98;1069500;18396;93;13;567;43;;;;;
2026-01-23;O_ARCLKE0126C120.00;ARCLK_01/2026_AVRUPA_OPSIYON;D_EQ;SSO;D_EQ_ECP;DE_ARCLK_ECP;ARCLK.E;2026-01-30;0.77;0.49;57.14;0.38;0.38;0.56;0.56;0.52;84000;362;7;4;1074;7;;;;;
2026-01-23;O_ARCLKE0126C125.00;ARCLK_01/2026_AVRUPA_OPSIYON;D_EQ;SSO;D_EQ_ECP;DE_ARCLK_ECP;ARCLK.E;2026-01-30;0.19;0.12;58.33;0;0;0;0;0;0;0;0;0;0;0;;;;;
2026-01-23;O_ARCLKE0126C130.00;ARCLK_01/2026_AVRUPA_OPSIYON;D_EQ;SSO;D_EQ_ECP;DE_ARCLK_ECP;ARCLK.E;2026-01-30;0.04;0.03;33.33;0;0;0;0;0;0;0;0;0;423;0;;;;;
2026-01-23;O_ARCLKE0126C135.00;ARCLK_01/2026_AVRUPA_OPSIYON;D_EQ;SSO;D_EQ_ECP;DE_ARCLK_ECP;ARCLK.E;2026-01-30;0.01;0.01;0;0;0;0;0;0;0;0;0;0;0;0;;;;;
2026-01-23;O_ARCLKE0126C140.00;ARCLK_01/2026_AVRUPA_OPSIYON;D_EQ;SSO;D_EQ_ECP;DE_ARCLK_ECP;ARCLK.E;2026-01-30;0.01;0.01;0;0;0;0;0;0;0;0;0;0;0;0;;;;;
2026-01-23;O_ARCLKE0126C145.00;ARCLK_01/2026_AVRUPA_OPSIYON;D_EQ;SSO;D_EQ_ECP;DE_ARCLK_ECP;ARCLK.E;2026-01-30;0.01;0.01;0;0;0;0;0;0;0;0;0;0;0;0;;;;;
2026-01-23;O_ARCLKE0126C150.00;ARCLK_01/2026_AVRUPA_OPSIYON;D_EQ;SSO;D_EQ_ECP;DE_ARCLK_ECP;ARCLK.E;2026-01-30;0.01;0.01;0;0;0;0;0;0;0;0;0;0;0;0;;;;;
2026-01-23;O_ARCLKE0126C155.00;ARCLK_01/2026_AVRUPA_OPSIYON;D_EQ;SSO;D_EQ_ECP;DE_ARCLK_ECP;ARCLK.E;2026-01-30;0.01;0.01;0;0;0;0;0;0;0;0;0;0;0;0;;;;;
2026-01-23;O_ARCLKE0126P100.00;ARCLK_01/2026_AVRUPA_OPSIYON;D_EQ;SSO;D_EQ_EPP;DE_ARCLK_EPP;ARCLK.E;2026-01-30;0.01;0.05;-80;0;0;0;0;0;0;0;0;0;133;0;;;;;
2026-01-23;O_ARCLKE0126P105.00;ARCLK_01/2026_AVRUPA_OPSIYON;D_EQ;SSO;D_EQ_EPP;DE_ARCLK_EPP;ARCLK.E;2026-01-30;0.11;0.3;-63.33;0;0;0;0;0;0;0;0;0;122;0;;;;;
2026-01-23;O_ARCLKE0126P110.00;ARCLK_01/2026_AVRUPA_OPSIYON;D_EQ;SSO;D_EQ_EPP;DE_ARCLK_EPP;ARCLK.E;2026-01-30;0.61;1.29;-52.71;0.72;0.5;0.72;0.5;0.61;22000;122;2;2;438;-2;;;;;
2026-01-23;O_ARCLKE0126P115.00;ARCLK_01/2026_AVRUPA_OPSIYON;D_EQ;SSO;D_EQ_EPP;DE_ARCLK_EPP;ARCLK.E;2026-01-30;2.26;3.68;-38.59;0;0;0;0;0;0;0;0;0;603;0;;;;;
2026-01-23;O_ARCLKE0126P120.00;ARCLK_01/2026_AVRUPA_OPSIYON;D_EQ;SSO;D_EQ_EPP;DE_ARCLK_EPP;ARCLK.E;2026-01-30;5.5;7.49;-26.57;0;0;0;0;0;0;0;0;0;1;0;;;;;
2026-01-23;O_ARCLKE0126P125.00;ARCLK_01/2026_AVRUPA_OPSIYON;D_EQ;SSO;D_EQ_EPP;DE_ARCLK_EPP;ARCLK.E;2026-01-30;9.88;12.09;-18.28;0;0;0;0;0;0;0;0;0;0;0;;;;;
2026-01-23;O_ARCLKE0126P130.00;ARCLK_01/2026_AVRUPA_OPSIYON;D_EQ;SSO;D_EQ_EPP;DE_ARCLK_EPP;ARCLK.E;2026-01-30;14.7;16.95;-13.27;0;0;0;0;0;0;0;0;0;0;0;;;;;
2026-01-23;O_ARCLKE0126P90.00;ARCLK_01/2026_AVRUPA_OPSIYON;D_EQ;SSO;D_EQ_EPP;DE_ARCLK_EPP;ARCLK.E;2026-01-30;0.01;0.01;0;0;0;0;0;0;0;0;0;0;0;0;;;;;
2026-01-23;O_ARCLKE0126P92.00;ARCLK_01/2026_AVRUPA_OPSIYON;D_EQ;SSO;D_EQ_EPP;DE_ARCLK_EPP;ARCLK.E;2026-01-30;0.01;0.01;0;0;0;0;0;0;0;0;0;0;0;0;;;;;
2026-01-23;O_ARCLKE0126P94.00;ARCLK_01/2026_AVRUPA_OPSIYON;D_EQ;SSO;D_EQ_EPP;DE_ARCLK_EPP;ARCLK.E;2026-01-30;0.01;0.01;0;0;0;0;0;0;0;0;0;0;96;0;;;;;
2026-01-23;O_ARCLKE0126P96.00;ARCLK_01/2026_AVRUPA_OPSIYON;D_EQ;SSO;D_EQ_EPP;DE_ARCLK_EPP;ARCLK.E;2026-01-30;0.01;0.01;0;0;0;0;0;0;0;0;0;0;25;0;;;;;
2026-01-23;O_ARCLKE0126P98.00;ARCLK_01/2026_AVRUPA_OPSIYON;D_EQ;SSO;D_EQ_EPP;DE_ARCLK_EPP;ARCLK.E;2026-01-30;0.01;0.02;-50;0;0;0;0;0;0;0;0;0;30;0;;;;;
2026-01-23;O_ARCLKE0226C100.00;ARCLK_02/2026_AVRUPA_OPSIYON;D_EQ;SSO;D_EQ_ECP;DE_ARCLK_ECP;ARCLK.E;2026-02-27;18.57;16.49;12.61;0;0;0;0;0;0;0;0;0;1;0;;;;;
2026-01-23;O_ARCLKE0226C105.00;ARCLK_02/2026_AVRUPA_OPSIYON;D_EQ;SSO;D_EQ_ECP;DE_ARCLK_ECP;ARCLK.E;2026-02-27;14.32;12.41;15.39;0;0;0;0;0;0;0;0;0;10;0;;;;;
2026-01-23;O_ARCLKE0226C110.00;ARCLK_02/2026_AVRUPA_OPSIYON;D_EQ;SSO;D_EQ_ECP;DE_ARCLK_ECP;ARCLK.E;2026-02-27;10.46;8.79;19;0;0;0;0;0;0;0;0;0;20;0;;;;;
2026-01-23;O_ARCLKE0226C115.00;ARCLK_02/2026_AVRUPA_OPSIYON;D_EQ;SSO;D_EQ_ECP;DE_ARCLK_ECP;ARCLK.E;2026-02-27;7.21;5.91;22;0;0;0;0;0;0;0;0;0;40;0;;;;;
2026-01-23;O_ARCLKE0226C120.00;ARCLK_02/2026_AVRUPA_OPSIYON;D_EQ;SSO;D_EQ_ECP;DE_ARCLK_ECP;ARCLK.E;2026-02-27;4.73;3.8;24.47;2.76;2.72;2.76;2.72;2.74;24000;548;2;2;6;1;;;;;
2026-01-23;O_ARCLKE0226C125.00;ARCLK_02/2026_AVRUPA_OPSIYON;D_EQ;SSO;D_EQ_ECP;DE_ARCLK_ECP;ARCLK.E;2026-02-27;2.99;2.43;23.05;1.24;1.24;1.82;1.82;1.81;1237500;17920;99;3;634;-69;;;;;
2026-01-23;O_ARCLKE0226C130.00;ARCLK_02/2026_AVRUPA_OPSIYON;D_EQ;SSO;D_EQ_ECP;DE_ARCLK_ECP;ARCLK.E;2026-02-27;1.94;1.57;23.57;0;0;0;0;0;0;0;0;0;0;0;;;;;
2026-01-23;O_ARCLKE0226C135.00;ARCLK_02/2026_AVRUPA_OPSIYON;D_EQ;SSO;D_EQ_ECP;DE_ARCLK_ECP;ARCLK.E;2026-02-27;1.26;1.02;23.53;0;0;0;0;0;0;0;0;0;0;0;;;;;
2026-01-23;O_ARCLKE0226C140.00;ARCLK_02/2026_AVRUPA_OPSIYON;D_EQ;SSO;D_EQ_ECP;DE_ARCLK_ECP;ARCLK.E;2026-02-27;0.82;0.67;22.39;0;0;0;0;0;0;0;0;0;0;0;;;;;
2026-01-23;O_ARCLKE0226C145.00;ARCLK_02/2026_AVRUPA_OPSIYON;D_EQ;SSO;D_EQ_ECP;DE_ARCLK_ECP;ARCLK.E;2026-02-27;0.55;0.45;22.22;0;0;0;0;0;0;0;0;0;0;0;;;;;
2026-01-23;O_ARCLKE0226C150.00;ARCLK_02/2026_AVRUPA_OPSIYON;D_EQ;SSO;D_EQ_ECP;DE_ARCLK_ECP;ARCLK.E;2026-02-27;0.37;0.3;23.33;0;0;0;0;0;0;0;0;0;0;0;;;;;
2026-01-23;O_ARCLKE0226P100.00;ARCLK_02/2026_AVRUPA_OPSIYON;D_EQ;SSO;D_EQ_EPP;DE_ARCLK_EPP;ARCLK.E;2026-02-27;0.59;0.81;-27.16;0;0;0;0;0;0;0;0;0;125;0;;;;;
2026-01-23;O_ARCLKE0226P105.00;ARCLK_02/2026_AVRUPA_OPSIYON;D_EQ;SSO;D_EQ_EPP;DE_ARCLK_EPP;ARCLK.E;2026-02-27;1.16;1.54;-24.68;0;0;0;0;0;0;0;0;0;553;0;;;;;
2026-01-23;O_ARCLKE0226P110.00;ARCLK_02/2026_AVRUPA_OPSIYON;D_EQ;SSO;D_EQ_EPP;DE_ARCLK_EPP;ARCLK.E;2026-02-27;2.12;2.74;-22.63;1.82;1.82;1.82;1.82;1.82;22000;364;2;2;1301;2;;;;;
2026-01-23;O_ARCLKE0226P115.00;ARCLK_02/2026_AVRUPA_OPSIYON;D_EQ;SSO;D_EQ_EPP;DE_ARCLK_EPP;ARCLK.E;2026-02-27;3.69;4.68;-21.15;3.28;3.28;3.28;3.28;3.28;1989500;56744;173;2;805;173;;;;;
2026-01-23;O_ARCLKE0226P120.00;ARCLK_02/2026_AVRUPA_OPSIYON;D_EQ;SSO;D_EQ_EPP;DE_ARCLK_EPP;ARCLK.E;2026-02-27;6.04;7.39;-18.27;0;0;0;0;0;0;0;0;0;10;0;;;;;
2026-01-23;O_ARCLKE0226P125.00;ARCLK_02/2026_AVRUPA_OPSIYON;D_EQ;SSO;D_EQ_EPP;DE_ARCLK_EPP;ARCLK.E;2026-02-27;9.12;10.83;-15.79;0;0;0;0;0;0;0;0;0;0;0;;;;;
2026-01-23;O_ARCLKE0226P90.00;ARCLK_02/2026_AVRUPA_OPSIYON;D_EQ;SSO;D_EQ_EPP;DE_ARCLK_EPP;ARCLK.E;2026-02-27;0.12;0.17;-29.41;0;0;0;0;0;0;0;0;0;210;0;;;;;
2026-01-23;O_ARCLKE0226P92.00;ARCLK_02/2026_AVRUPA_OPSIYON;D_EQ;SSO;D_EQ_EPP;DE_ARCLK_EPP;ARCLK.E;2026-02-27;0.17;0.24;-29.17;0;0;0;0;0;0;0;0;0;30;0;;;;;
2026-01-23;O_ARCLKE0226P94.00;ARCLK_02/2026_AVRUPA_OPSIYON;D_EQ;SSO;D_EQ_EPP;DE_ARCLK_EPP;ARCLK.E;2026-02-27;0.24;0.33;-27.27;0;0;0;0;0;0;0;0;0;97;0;;;;;
2026-01-23;O_ARCLKE0226P96.00;ARCLK_02/2026_AVRUPA_OPSIYON;D_EQ;SSO;D_EQ_EPP;DE_ARCLK_EPP;ARCLK.E;2026-02-27;0.33;0.46;-28.26;0;0;0;0;0;0;0;0;0;202;0;;;;;
2026-01-23;O_ARCLKE0226P98.00;ARCLK_02/2026_AVRUPA_OPSIYON;D_EQ;SSO;D_EQ_EPP;DE_ARCLK_EPP;ARCLK.E;2026-02-27;0.44;0.61;-27.87;0;0;0;0;0;0;0;0;0;104;0;;;;;
2026-01-23;O_ARCLKE0326C105.00;ARCLK_03/2026_AVRUPA_OPSIYON;D_EQ;SSO;D_EQ_ECP;DE_ARCLK_ECP;ARCLK.E;2026-03-31;19.57;17.61;11.13;0;0;0;0;0;0;0;0;0;0;0;;;;;
2026-01-23;O_ARCLKE0326C110.00;ARCLK_03/2026_AVRUPA_OPSIYON;D_EQ;SSO;D_EQ_ECP;DE_ARCLK_ECP;ARCLK.E;2026-03-31;15.82;14.02;12.84;0;0;0;0;0;0;0;0;0;0;0;;;;;
2026-01-23;O_ARCLKE0326C115.00;ARCLK_03/2026_AVRUPA_OPSIYON;D_EQ;SSO;D_EQ_ECP;DE_ARCLK_ECP;ARCLK.E;2026-03-31;12.39;10.8;14.72;0;0;0;0;0;0;0;0;0;0;0;;;;;
2026-01-23;O_ARCLKE0326C120.00;ARCLK_03/2026_AVRUPA_OPSIYON;D_EQ;SSO;D_EQ_ECP;DE_ARCLK_ECP;ARCLK.E;2026-03-31;9.49;8.18;16.01;0;0;0;0;0;0;0;0;0;0;0;;;;;
2026-01-23;O_ARCLKE0326C125.00;ARCLK_03/2026_AVRUPA_OPSIYON;D_EQ;SSO;D_EQ_ECP;DE_ARCLK_ECP;ARCLK.E;2026-03-31;7.15;6.13;16.64;0;0;0;0;0;0;0;0;0;0;0;;;;;
2026-01-23;O_ARCLKE0326C130.00;ARCLK_03/2026_AVRUPA_OPSIYON;D_EQ;SSO;D_EQ_ECP;DE_ARCLK_ECP;ARCLK.E;2026-03-31;5.38;4.67;15.2;0;0;0;0;0;0;0;0;0;0;0;;;;;
2026-01-23;O_ARCLKE0326C135.00;ARCLK_03/2026_AVRUPA_OPSIYON;D_EQ;SSO;D_EQ_ECP;DE_ARCLK_ECP;ARCLK.E;2026-03-31;4.16;3.61;15.24;0;0;0;0;0;0;0;0;0;0;0;;;;;
2026-01-23;O_ARCLKE0326C140.00;ARCLK_03/2026_AVRUPA_OPSIYON;D_EQ;SSO;D_EQ_ECP;DE_ARCLK_ECP;ARCLK.E;2026-03-31;3.24;2.82;14.89;0;0;0;0;0;0;0;0;0;0;0;;;;;
2026-01-23;O_ARCLKE0326C145.00;ARCLK_03/2026_AVRUPA_OPSIYON;D_EQ;SSO;D_EQ_ECP;DE_ARCLK_ECP;ARCLK.E;2026-03-31;2.55;2.22;14.86;0;0;0;0;0;0;0;0;0;0;0;;;;;
2026-01-23;O_ARCLKE0326C150.00;ARCLK_03/2026_AVRUPA_OPSIYON;D_EQ;SSO;D_EQ_ECP;DE_ARCLK_ECP;ARCLK.E;2026-03-31;2.03;1.77;14.69;0;0;0;0;0;0;0;0;0;0;0;;;;;
2026-01-23;O_ARCLKE0326P100.00;ARCLK_03/2026_AVRUPA_OPSIYON;D_EQ;SSO;D_EQ_EPP;DE_ARCLK_EPP;ARCLK.E;2026-03-31;1.07;1.28;-16.41;0;0;0;0;0;0;0;0;0;0;0;;;;;
2026-01-23;O_ARCLKE0326P105.00;ARCLK_03/2026_AVRUPA_OPSIYON;D_EQ;SSO;D_EQ_EPP;DE_ARCLK_EPP;ARCLK.E;2026-03-31;1.67;1.99;-16.08;0;0;0;0;0;0;0;0;0;0;0;;;;;
2026-01-23;O_ARCLKE0326P110.00;ARCLK_03/2026_AVRUPA_OPSIYON;D_EQ;SSO;D_EQ_EPP;DE_ARCLK_EPP;ARCLK.E;2026-03-31;2.52;2.98;-15.44;0;0;0;0;0;0;0;0;0;0;0;;;;;
2026-01-23;O_ARCLKE0326P115.00;ARCLK_03/2026_AVRUPA_OPSIYON;D_EQ;SSO;D_EQ_EPP;DE_ARCLK_EPP;ARCLK.E;2026-03-31;3.68;4.35;-15.4;0;0;0;0;0;0;0;0;0;0;0;;;;;
2026-01-23;O_ARCLKE0326P120.00;ARCLK_03/2026_AVRUPA_OPSIYON;D_EQ;SSO;D_EQ_EPP;DE_ARCLK_EPP;ARCLK.E;2026-03-31;5.37;6.32;-15.03;0;0;0;0;0;0;0;0;0;0;0;;;;;
2026-01-23;O_ARCLKE0326P125.00;ARCLK_03/2026_AVRUPA_OPSIYON;D_EQ;SSO;D_EQ_EPP;DE_ARCLK_EPP;ARCLK.E;2026-03-31;7.63;8.86;-13.88;0;0;0;0;0;0;0;0;0;0;0;;;;;
2026-01-23;O_ARCLKE0326P92.00;ARCLK_03/2026_AVRUPA_OPSIYON;D_EQ;SSO;D_EQ_EPP;DE_ARCLK_EPP;ARCLK.E;2026-03-31;0.48;0.58;-17.24;0;0;0;0;0;0;0;0;0;0;0;;;;;
2026-01-23;O_ARCLKE0326P94.00;ARCLK_03/2026_AVRUPA_OPSIYON;D_EQ;SSO;D_EQ_EPP;DE_ARCLK_EPP;ARCLK.E;2026-03-31;0.59;0.72;-18.06;0;0;0;0;0;0;0;0;0;0;0;;;;;
2026-01-23;O_ARCLKE0326P96.00;ARCLK_03/2026_AVRUPA_OPSIYON;D_EQ;SSO;D_EQ_EPP;DE_ARCLK_EPP;ARCLK.E;2026-03-31;0.73;0.88;-17.05;0;0;0;0;0;0;0;0;0;0;0;;;;;
2026-01-23;O_ARCLKE0326P98.00;ARCLK_03/2026_AVRUPA_OPSIYON;D_EQ;SSO;D_EQ_EPP;DE_ARCLK_EPP;ARCLK.E;2026-03-31;0.88;1.06;-16.98;0;0;0;0;0;0;0;0;0;0;0;;;;;
2026-01-23;O_ASELSE0126C185.00;ASELS_01/2026_AVRUPA_OPSIYON;D_EQ;SSO;D_EQ_ECP;DE_ASELS_ECP;ASELS.E;2026-01-30;116.84;117.03;-0.16;0;0;0;0;0;0;0;0;0;43;0;;;;;
2026-01-23;O_ASELSE0126C190.00;ASELS_01/2026_AVRUPA_OPSIYON;D_EQ;SSO;D_EQ_ECP;DE_ASELS_ECP;ASELS.E;2026-01-30;111.88;112.08;-0.18;0;0;0;0;0;0;0;0;0;33;0;;;;;
2026-01-23;O_ASELSE0126C195.00;ASELS_01/2026_AVRUPA_OPSIYON;D_EQ;SSO;D_EQ_ECP;DE_ASELS_ECP;ASELS.E;2026-01-30;106.92;107.12;-0.19;0;0;0;0;0;0;0;0;0;2;0;;;;;
2026-01-23;O_ASELSE0126C200.00;ASELS_01/2026_AVRUPA_OPSIYON;D_EQ;SSO;D_EQ_ECP;DE_ASELS_ECP;ASELS.E;2026-01-30;101.95;102.16;-0.21;0;0;0;0;0;0;0;0;0;26;0;;;;;
2026-01-23;O_ASELSE0126C205.00;ASELS_01/2026_AVRUPA_OPSIYON;D_EQ;SSO;D_EQ_ECP;DE_ASELS_ECP;ASELS.E;2026-01-30;96.99;97.2;-0.22;0;0;0;0;0;0;0;0;0;28;0;;;;;
2026-01-23;O_ASELSE0126C210.00;ASELS_01/2026_AVRUPA_OPSIYON;D_EQ;SSO;D_EQ_ECP;DE_ASELS_ECP;ASELS.E;2026-01-30;92.02;92.24;-0.24;0;0;0;0;0;0;0;0;0;30;0;;;;;
2026-01-23;O_ASELSE0126C215.00;ASELS_01/2026_AVRUPA_OPSIYON;D_EQ;SSO;D_EQ_ECP;DE_ASELS_ECP;ASELS.E;2026-01-30;87.06;87.28;-0.25;0;0;0;0;0;0;0;0;0;132;0;;;;;
2026-01-23;O_ASELSE0126C220.00;ASELS_01/2026_AVRUPA_OPSIYON;D_EQ;SSO;D_EQ_ECP;DE_ASELS_ECP;ASELS.E;2026-01-30;82.1;82.32;-0.27;0;0;0;0;0;0;0;0;0;3000;0;;;;;
2026-01-23;O_ASELSE0126C225.00;ASELS_01/2026_AVRUPA_OPSIYON;D_EQ;SSO;D_EQ_ECP;DE_ASELS_ECP;ASELS.E;2026-01-30;77.13;77.37;-0.31;0;0;0;0;0;0;0;0;0;360;0;;;;;
2026-01-23;O_ASELSE0126C230.00;ASELS_01/2026_AVRUPA_OPSIYON;D_EQ;SSO;D_EQ_ECP;DE_ASELS_ECP;ASELS.E;2026-01-30;72.17;72.41;-0.33;0;0;0;0;0;0;0;0;0;192;0;;;;;
2026-01-23;O_ASELSE0126C235.00;ASELS_01/2026_AVRUPA_OPSIYON;D_EQ;SSO;D_EQ_ECP;DE_ASELS_ECP;ASELS.E;2026-01-30;67.21;67.45;-0.36;71;71;71;71;71;1410000;426000;60;6;1218;0;;;;;
2026-01-23;O_ASELSE0126C240.00;ASELS_01/2026_AVRUPA_OPSIYON;D_EQ;SSO;D_EQ_ECP;DE_ASELS_ECP;ASELS.E;2026-01-30;62.24;62.49;-0.4;65.5;65.5;65.5;65.5;65.5;1200000;327500;50;5;246;0;;;;;
2026-01-23;O_ASELSE0126C245.00;ASELS_01/2026_AVRUPA_OPSIYON;D_EQ;SSO;D_EQ_ECP;DE_ASELS_ECP;ASELS.E;2026-01-30;57.28;57.54;-0.45;0;0;0;0;0;0;0;0;0;324;0;;;;;
2026-01-23;O_ASELSE0126C250.00;ASELS_01/2026_AVRUPA_OPSIYON;D_EQ;SSO;D_EQ_ECP;DE_ASELS_ECP;ASELS.E;2026-01-30;52.32;52.58;-0.49;0;0;0;0;0;0;0;0;0;686;0;;;;;
2026-01-23;O_ASELSE0126C260.00;ASELS_01/2026_AVRUPA_OPSIYON;D_EQ;SSO;D_EQ_ECP;DE_ASELS_ECP;ASELS.E;2026-01-30;42.42;42.7;-0.66;0;0;0;0;0;0;0;0;0;58;0;;;;;
2026-01-23;O_ASELSE0126C270.00;ASELS_01/2026_AVRUPA_OPSIYON;D_EQ;SSO;D_EQ_ECP;DE_ASELS_ECP;ASELS.E;2026-01-30;32.6;32.95;-1.06;36;36;36;36;36;270000;36000;10;1;136;0;;;;;
2026-01-23;O_ASELSE0126C280.00;ASELS_01/2026_AVRUPA_OPSIYON;D_EQ;SSO;D_EQ_ECP;DE_ASELS_ECP;ASELS.E;2026-01-30;23.11;23.56;-1.91;25.31;24.41;25.31;24.41;24.71;840000;74140;30;3;690;0;;;;;
2026-01-23;O_ASELSE0126C290.00;ASELS_01/2026_AVRUPA_OPSIYON;D_EQ;SSO;D_EQ_ECP;DE_ASELS_ECP;ASELS.E;2026-01-30;14.52;15.07;-3.65;17.06;13.3;17.22;15.26;15.68;2117000;114480;73;8;138;3;;;;;
2026-01-23;O_ASELSE0126C300.00;ASELS_01/2026_AVRUPA_OPSIYON;D_EQ;SSO;D_EQ_ECP;DE_ASELS_ECP;ASELS.E;2026-01-30;7.79;8.39;-7.15;10.25;8.01;10.25;8.34;9.55;2640000;84038;88;11;390;-30;;;;;
2026-01-23;O_ASELSE0126C310.00;ASELS_01/2026_AVRUPA_OPSIYON;D_EQ;SSO;D_EQ_ECP;DE_ASELS_ECP;ASELS.E;2026-01-30;3.5;3.97;-11.84;6.32;5.17;6.32;5.17;5.27;341000;5802;11;2;213;10;;;;;
2026-01-23;O_ASELSE0126C320.00;ASELS_01/2026_AVRUPA_OPSIYON;D_EQ;SSO;D_EQ_ECP;DE_ASELS_ECP;ASELS.E;2026-01-30;1.33;1.61;-17.39;2.7;2.35;2.8;2.35;2.49;416000;3235;13;4;177;10;;;;;
2026-01-23;O_ASELSE0126C330.00;ASELS_01/2026_AVRUPA_OPSIYON;D_EQ;SSO;D_EQ_ECP;DE_ASELS_ECP;ASELS.E;2026-01-30;0.48;0.62;-22.58;1.15;1.15;1.3;1.3;1.15;1122000;3925;34;6;148;-33;;;;;
2026-01-23;O_ASELSE0126C340.00;ASELS_01/2026_AVRUPA_OPSIYON;D_EQ;SSO;D_EQ_ECP;DE_ASELS_ECP;ASELS.E;2026-01-30;0.16;0.23;-30.43;0;0;0;0;0;0;0;0;0;145;0;;;;;
2026-01-23;O_ASELSE0126C350.00;ASELS_01/2026_AVRUPA_OPSIYON;D_EQ;SSO;D_EQ_ECP;DE_ASELS_ECP;ASELS.E;2026-01-30;0.05;0.08;-37.5;0;0;0;0;0;0;0;0;0;60;0;;;;;
2026-01-23;O_ASELSE0126C360.00;ASELS_01/2026_AVRUPA_OPSIYON;D_EQ;SSO;D_EQ_ECP;DE_ASELS_ECP;ASELS.E;2026-01-30;0.02;0.03;-33.33;0;0;0;0;0;0;0;0;0;48;0;;;;;
2026-01-23;O_ASELSE0126C370.00;ASELS_01/2026_AVRUPA_OPSIYON;D_EQ;SSO;D_EQ_ECP;DE_ASELS_ECP;ASELS.E;2026-01-30;0.01;0.01;0;0;0;0;0;0;0;0;0;0;48;0;;;;;
2026-01-23;O_ASELSE0126C380.00;ASELS_01/2026_AVRUPA_OPSIYON;D_EQ;SSO;D_EQ_ECP;DE_ASELS_ECP;ASELS.E;2026-01-30;0.01;0.01;0;0;0;0;0;0;0;0;0;0;0;0;;;;;
2026-01-23;O_ASELSE0126C390.00;ASELS_01/2026_AVRUPA_OPSIYON;D_EQ;SSO;D_EQ_ECP;DE_ASELS_ECP;ASELS.E;2026-01-30;0.01;0.01;0;0;0;0;0;0;0;0;0;0;0;0;;;;;
2026-01-23;O_ASELSE0126C400.00;ASELS_01/2026_AVRUPA_OPSIYON;D_EQ;SSO;D_EQ_ECP;DE_ASELS_ECP;ASELS.E;2026-01-30;0.01;0.01;0;0;0;0;0;0;0;0;0;0;0;0;;;;;
2026-01-23;O_ASELSE0126P160.00;ASELS_01/2026_AVRUPA_OPSIYON;D_EQ;SSO;D_EQ_EPP;DE_ASELS_EPP;ASELS.E;2026-01-30;0.01;0.01;0;0;0;0;0;0;0;0;0;0;58;0;;;;;
2026-01-23;O_ASELSE0126P165.00;ASELS_01/2026_AVRUPA_OPSIYON;D_EQ;SSO;D_EQ_EPP;DE_ASELS_EPP;ASELS.E;2026-01-30;0.01;0.01;0;0;0;0;0;0;0;0;0;0;0;0;;;;;
2026-01-23;O_ASELSE0126P170.00;ASELS_01/2026_AVRUPA_OPSIYON;D_EQ;SSO;D_EQ_EPP;DE_ASELS_EPP;ASELS.E;2026-01-30;0.01;0.01;0;0;0;0;0;0;0;0;0;0;0;0;;;;;
2026-01-23;O_ASELSE0126P175.00;ASELS_01/2026_AVRUPA_OPSIYON;D_EQ;SSO;D_EQ_EPP;DE_ASELS_EPP;ASELS.E;2026-01-30;0.01;0.01;0;0;0;0;0;0;0;0;0;0;1;0;;;;;
2026-01-23;O_ASELSE0126P180.00;ASELS_01/2026_AVRUPA_OPSIYON;D_EQ;SSO;D_EQ_EPP;DE_ASELS_EPP;ASELS.E;2026-01-30;0.01;0.01;0;0;0;0;0;0;0;0;0;0;50;0;;;;;
2026-01-23;O_ASELSE0126P185.00;ASELS_01/2026_AVRUPA_OPSIYON;D_EQ;SSO;D_EQ_EPP;DE_ASELS_EPP;ASELS.E;2026-01-30;0.01;0.01;0;0;0;0;0;0;0;0;0;0;0;0;;;;;
2026-01-23;O_ASELSE0126P190.00;ASELS_01/2026_AVRUPA_OPSIYON;D_EQ;SSO;D_EQ_EPP;DE_ASELS_EPP;ASELS.E;2026-01-30;0.01;0.01;0;0;0;0;0;0;0;0;0;0;0;0;;;;;
2026-01-23;O_ASELSE0126P195.00;ASELS_01/2026_AVRUPA_OPSIYON;D_EQ;SSO;D_EQ_EPP;DE_ASELS_EPP;ASELS.E;2026-01-30;0.01;0.01;0;0;0;0;0;0;0;0;0;0;1;0;;;;;
2026-01-23;O_ASELSE0126P200.00;ASELS_01/2026_AVRUPA_OPSIYON;D_EQ;SSO;D_EQ_EPP;DE_ASELS_EPP;ASELS.E;2026-01-30;0.01;0.01;0;0;0;0;0;0;0;0;0;0;109;0;;;;;
2026-01-23;O_ASELSE0126P205.00;ASELS_01/2026_AVRUPA_OPSIYON;D_EQ;SSO;D_EQ_EPP;DE_ASELS_EPP;ASELS.E;2026-01-30;0.01;0.01;0;0;0;0;0;0;0;0;0;0;100;0;;;;;
2026-01-23;O_ASELSE0126P210.00;ASELS_01/2026_AVRUPA_OPSIYON;D_EQ;SSO;D_EQ_EPP;DE_ASELS_EPP;ASELS.E;2026-01-30;0.01;0.01;0;0;0;0;0;0;0;0;0;0;513;0;;;;;
2026-01-23;O_ASELSE0126P215.00;ASELS_01/2026_AVRUPA_OPSIYON;D_EQ;SSO;D_EQ_EPP;DE_ASELS_EPP;ASELS.E;2026-01-30;0.01;0.01;0;0;0;0;0;0;0;0;0;0;63;0;;;;;
2026-01-23;O_ASELSE0126P220.00;ASELS_01/2026_AVRUPA_OPSIYON;D_EQ;SSO;D_EQ_EPP;DE_ASELS_EPP;ASELS.E;2026-01-30;0.01;0.01;0;0;0;0;0;0;0;0;0;0;550;0;;;;;
2026-01-23;O_ASELSE0126P225.00;ASELS_01/2026_AVRUPA_OPSIYON;D_EQ;SSO;D_EQ_EPP;DE_ASELS_EPP;ASELS.E;2026-01-30;0.01;0.01;0;0;0;0;0;0;0;0;0;0;157;0;;;;;
2026-01-23;O_ASELSE0126P230.00;ASELS_01/2026_AVRUPA_OPSIYON;D_EQ;SSO;D_EQ_EPP;DE_ASELS_EPP;ASELS.E;2026-01-30;0.01;0.01;0;0;0;0;0;0;0;0;0;0;233;0;;;;;
2026-01-23;O_ASELSE0126P235.00;ASELS_01/2026_AVRUPA_OPSIYON;D_EQ;SSO;D_EQ_EPP;DE_ASELS_EPP;ASELS.E;2026-01-30;0.01;0.01;0;0;0;0;0;0;0;0;0;0;135;0;;;;;
2026-01-23;O_ASELSE0126P240.00;ASELS_01/2026_AVRUPA_OPSIYON;D_EQ;SSO;D_EQ_EPP;DE_ASELS_EPP;ASELS.E;2026-01-30;0.01;0.01;0;0;0;0;0;0;0;0;0;0;172;0;;;;;
2026-01-23;O_ASELSE0126P245.00;ASELS_01/2026_AVRUPA_OPSIYON;D_EQ;SSO;D_EQ_EPP;DE_ASELS_EPP;ASELS.E;2026-01-30;0.01;0.01;0;0;0;0;0;0;0;0;0;0;290;0;;;;;
2026-01-23;O_ASELSE0126P250.00;ASELS_01/2026_AVRUPA_OPSIYON;D_EQ;SSO;D_EQ_EPP;DE_ASELS_EPP;ASELS.E;2026-01-30;0.01;0.01;0;0;0;0;0;0;0;0;0;0;240;0;;;;;
2026-01-23;O_ASELSE0126P260.00;ASELS_01/2026_AVRUPA_OPSIYON;D_EQ;SSO;D_EQ_EPP;DE_ASELS_EPP;ASELS.E;2026-01-30;0.03;0.05;-40;0.15;0.15;0.15;0.15;0.15;26000;15;1;1;474;1;;;;;
2026-01-23;O_ASELSE0126P270.00;ASELS_01/2026_AVRUPA_OPSIYON;D_EQ;SSO;D_EQ_EPP;DE_ASELS_EPP;ASELS.E;2026-01-30;0.14;0.21;-33.33;0;0;0;0;0;0;0;0;0;438;0;;;;;
2026-01-23;O_ASELSE0126P280.00;ASELS_01/2026_AVRUPA_OPSIYON;D_EQ;SSO;D_EQ_EPP;DE_ASELS_EPP;ASELS.E;2026-01-30;0.58;0.74;-21.62;0.49;0.49;0.49;0.49;0.49;1400000;2450;50;5;736;50;;;;;
2026-01-23;O_ASELSE0126P290.00;ASELS_01/2026_AVRUPA_OPSIYON;D_EQ;SSO;D_EQ_EPP;DE_ASELS_EPP;ASELS.E;2026-01-30;1.91;2.16;-11.57;2.2;2.15;2.5;2.5;2.16;3248000;24170;112;6;311;16;;;;;
2026-01-23;O_ASELSE0126P300.00;ASELS_01/2026_AVRUPA_OPSIYON;D_EQ;SSO;D_EQ_EPP;DE_ASELS_EPP;ASELS.E;2026-01-30;5.12;5.4;-5.19;5.1;4.35;5.15;5.05;4.65;9720000;150580;324;12;397;134;;;;;
2026-01-23;O_ASELSE0126P310.00;ASELS_01/2026_AVRUPA_OPSIYON;D_EQ;SSO;D_EQ_EPP;DE_ASELS_EPP;ASELS.E;2026-01-30;10.75;10.9;-1.38;11.16;10.07;12.67;10.07;11.76;2790000;105798;90;10;468;48;;;;;
2026-01-23;O_ASELSE0126P320.00;ASELS_01/2026_AVRUPA_OPSIYON;D_EQ;SSO;D_EQ_EPP;DE_ASELS_EPP;ASELS.E;2026-01-30;18.51;18.46;0.27;17.26;17.06;17.26;17.06;17.16;640000;34320;20;2;731;20;;;;;
2026-01-23;O_ASELSE0126P330.00;ASELS_01/2026_AVRUPA_OPSIYON;D_EQ;SSO;D_EQ_EPP;DE_ASELS_EPP;ASELS.E;2026-01-30;27.58;27.38;0.73;0;0;0;0;0;0;0;0;0;289;0;;;;;
2026-01-23;O_ASELSE0126P340.00;ASELS_01/2026_AVRUPA_OPSIYON;D_EQ;SSO;D_EQ_EPP;DE_ASELS_EPP;ASELS.E;2026-01-30;37.19;36.91;0.76;0;0;0;0;0;0;0;0;0;50;0;;;;;
2026-01-23;O_ASELSE0126P350.00;ASELS_01/2026_AVRUPA_OPSIYON;D_EQ;SSO;D_EQ_EPP;DE_ASELS_EPP;ASELS.E;2026-01-30;47.01;46.68;0.71;0;0;0;0;0;0;0;0;0;96;0;;;;;
2026-01-23;O_ASELSE0226C195.00;ASELS_02/2026_AVRUPA_OPSIYON;D_EQ;SSO;D_EQ_ECP;DE_ASELS_ECP;ASELS.E;2026-02-27;112.5;112.7;-0.18;0;0;0;0;0;0;0;0;0;0;0;;;;;
2026-01-23;O_ASELSE0226C200.00;ASELS_02/2026_AVRUPA_OPSIYON;D_EQ;SSO;D_EQ_ECP;DE_ASELS_ECP;ASELS.E;2026-02-27;107.7;107.9;-0.19;0;0;0;0;0;0;0;0;0;0;0;;;;;
2026-01-23;O_ASELSE0226C205.00;ASELS_02/2026_AVRUPA_OPSIYON;D_EQ;SSO;D_EQ_ECP;DE_ASELS_ECP;ASELS.E;2026-02-27;102.89;103.1;-0.2;0;0;0;0;0;0;0;0;0;0;0;;;;;
2026-01-23;O_ASELSE0226C210.00;ASELS_02/2026_AVRUPA_OPSIYON;D_EQ;SSO;D_EQ_ECP;DE_ASELS_ECP;ASELS.E;2026-02-27;98.1;98.31;-0.21;0;0;0;0;0;0;0;0;0;0;0;;;;;
2026-01-23;O_ASELSE0226C215.00;ASELS_02/2026_AVRUPA_OPSIYON;D_EQ;SSO;D_EQ_ECP;DE_ASELS_ECP;ASELS.E;2026-02-27;93.31;93.53;-0.24;0;0;0;0;0;0;0;0;0;0;0;;;;;
2026-01-23;O_ASELSE0226C220.00;ASELS_02/2026_AVRUPA_OPSIYON;D_EQ;SSO;D_EQ_ECP;DE_ASELS_ECP;ASELS.E;2026-02-27;88.53;88.76;-0.26;0;0;0;0;0;0;0;0;0;0;0;;;;;
2026-01-23;O_ASELSE0226C225.00;ASELS_02/2026_AVRUPA_OPSIYON;D_EQ;SSO;D_EQ_ECP;DE_ASELS_ECP;ASELS.E;2026-02-27;83.77;84.01;-0.29;0;0;0;0;0;0;0;0;0;0;0;;;;;
2026-01-23;O_ASELSE0226C230.00;ASELS_02/2026_AVRUPA_OPSIYON;D_EQ;SSO;D_EQ_ECP;DE_ASELS_ECP;ASELS.E;2026-02-27;79.03;79.28;-0.32;0;0;0;0;0;0;0;0;0;0;0;;;;;
2026-01-23;O_ASELSE0226C235.00;ASELS_02/2026_AVRUPA_OPSIYON;D_EQ;SSO;D_EQ_ECP;DE_ASELS_ECP;ASELS.E;2026-02-27;74.32;74.58;-0.35;0;0;0;0;0;0;0;0;0;0;0;;;;;
2026-01-23;O_ASELSE0226C240.00;ASELS_02/2026_AVRUPA_OPSIYON;D_EQ;SSO;D_EQ_ECP;DE_ASELS_ECP;ASELS.E;2026-02-27;69.64;69.91;-0.39;0;0;0;0;0;0;0;0;0;0;0;;;;;
2026-01-23;O_ASELSE0226C245.00;ASELS_02/2026_AVRUPA_OPSIYON;D_EQ;SSO;D_EQ_ECP;DE_ASELS_ECP;ASELS.E;2026-02-27;65;65.28;-0.43;0;0;0;0;0;0;0;0;0;0;0;;;;;
2026-01-23;O_ASELSE0226C250.00;ASELS_02/2026_AVRUPA_OPSIYON;D_EQ;SSO;D_EQ_ECP;DE_ASELS_ECP;ASELS.E;2026-02-27;60.4;60.7;-0.49;0;0;0;0;0;0;0;0;0;0;0;;;;;
2026-01-23;O_ASELSE0226C260.00;ASELS_02/2026_AVRUPA_OPSIYON;D_EQ;SSO;D_EQ_ECP;DE_ASELS_ECP;ASELS.E;2026-02-27;51.41;51.74;-0.64;0;0;0;0;0;0;0;0;0;20;0;;;;;
2026-01-23;O_ASELSE0226C270.00;ASELS_02/2026_AVRUPA_OPSIYON;D_EQ;SSO;D_EQ_ECP;DE_ASELS_ECP;ASELS.E;2026-02-27;42.76;43.13;-0.86;0;0;0;0;0;0;0;0;0;28;0;;;;;
2026-01-23;O_ASELSE0226C280.00;ASELS_02/2026_AVRUPA_OPSIYON;D_EQ;SSO;D_EQ_ECP;DE_ASELS_ECP;ASELS.E;2026-02-27;34.59;35;-1.17;0;0;0;0;0;0;0;0;0;209;0;;;;;
2026-01-23;O_ASELSE0226C290.00;ASELS_02/2026_AVRUPA_OPSIYON;D_EQ;SSO;D_EQ_ECP;DE_ASELS_ECP;ASELS.E;2026-02-27;27.04;27.49;-1.64;0;0;0;0;0;0;0;0;0;92;0;;;;;
2026-01-23;O_ASELSE0226C300.00;ASELS_02/2026_AVRUPA_OPSIYON;D_EQ;SSO;D_EQ_ECP;DE_ASELS_ECP;ASELS.E;2026-02-27;20.44;20.78;-1.64;22.58;22.58;23.1;23.1;22.9;1800000;137430;60;6;500;0;;;;;
2026-01-23;O_ASELSE0226C310.00;ASELS_02/2026_AVRUPA_OPSIYON;D_EQ;SSO;D_EQ_ECP;DE_ASELS_ECP;ASELS.E;2026-02-27;15.05;15.38;-2.15;17.22;17;17.7;17.7;17.38;3720000;208613;120;9;168;90;;;;;
2026-01-23;O_ASELSE0226C320.00;ASELS_02/2026_AVRUPA_OPSIYON;D_EQ;SSO;D_EQ_ECP;DE_ASELS_ECP;ASELS.E;2026-02-27;10.87;11.09;-1.98;12.64;12.64;13.35;13.35;12.92;672000;27125;21;3;850;-1;;;;;
2026-01-23;O_ASELSE0226C330.00;ASELS_02/2026_AVRUPA_OPSIYON;D_EQ;SSO;D_EQ_ECP;DE_ASELS_ECP;ASELS.E;2026-02-27;7.78;7.87;-1.14;9.5;9.5;9.81;9.81;9.51;56100000;2184862;1700;4;1723;1571;;;;;
2026-01-23;O_ASELSE0226C340.00;ASELS_02/2026_AVRUPA_OPSIYON;D_EQ;SSO;D_EQ_ECP;DE_ASELS_ECP;ASELS.E;2026-02-27;5.74;5.76;-0.35;6.5;6.5;6.5;6.5;6.5;34000;650;1;1;401;1;;;;;
2026-01-23;O_ASELSE0226C350.00;ASELS_02/2026_AVRUPA_OPSIYON;D_EQ;SSO;D_EQ_ECP;DE_ASELS_ECP;ASELS.E;2026-02-27;4.25;4.26;-0.23;3.9;3.76;5.39;4.3;4.94;1225000;17304;35;12;191;0;;;;;
2026-01-23;O_ASELSE0226C360.00;ASELS_02/2026_AVRUPA_OPSIYON;D_EQ;SSO;D_EQ_ECP;DE_ASELS_ECP;ASELS.E;2026-02-27;3.18;3.17;0.32;0;0;0;0;0;0;0;0;0;20;0;;;;;
2026-01-23;O_ASELSE0226C370.00;ASELS_02/2026_AVRUPA_OPSIYON;D_EQ;SSO;D_EQ_ECP;DE_ASELS_ECP;ASELS.E;2026-02-27;2.4;2.38;0.84;0;0;0;0;0;0;0;0;0;91;0;;;;;
2026-01-23;O_ASELSE0226C380.00;ASELS_02/2026_AVRUPA_OPSIYON;D_EQ;SSO;D_EQ_ECP;DE_ASELS_ECP;ASELS.E;2026-02-27;1.83;1.81;1.1;0;0;0;0;0;0;0;0;0;146;0;;;;;
2026-01-23;O_ASELSE0226C390.00;ASELS_02/2026_AVRUPA_OPSIYON;D_EQ;SSO;D_EQ_ECP;DE_ASELS_ECP;ASELS.E;2026-02-27;1.42;1.39;2.16;0;0;0;0;0;0;0;0;0;96;0;;;;;
2026-01-23;O_ASELSE0226C400.00;ASELS_02/2026_AVRUPA_OPSIYON;D_EQ;SSO;D_EQ_ECP;DE_ASELS_ECP;ASELS.E;2026-02-27;1.11;1.09;1.83;0;0;0;0;0;0;0;0;0;0;0;;;;;
2026-01-23;O_ASELSE0226C410.00;ASELS_02/2026_AVRUPA_OPSIYON;D_EQ;SSO;D_EQ_ECP;DE_ASELS_ECP;ASELS.E;2026-02-27;0.89;0.86;3.49;0;0;0;0;0;0;0;0;0;0;0;;;;;
2026-01-23;O_ASELSE0226P170.00;ASELS_02/2026_AVRUPA_OPSIYON;D_EQ;SSO;D_EQ_EPP;DE_ASELS_EPP;ASELS.E;2026-02-27;0.01;0.01;0;0;0;0;0;0;0;0;0;0;0;0;;;;;
2026-01-23;O_ASELSE0226P175.00;ASELS_02/2026_AVRUPA_OPSIYON;D_EQ;SSO;D_EQ_EPP;DE_ASELS_EPP;ASELS.E;2026-02-27;0.01;0.01;0;0;0;0;0;0;0;0;0;0;0;0;;;;;
2026-01-23;O_ASELSE0226P180.00;ASELS_02/2026_AVRUPA_OPSIYON;D_EQ;SSO;D_EQ_EPP;DE_ASELS_EPP;ASELS.E;2026-02-27;0.01;0.01;0;0;0;0;0;0;0;0;0;0;0;0;;;;;
2026-01-23;O_ASELSE0226P185.00;ASELS_02/2026_AVRUPA_OPSIYON;D_EQ;SSO;D_EQ_EPP;DE_ASELS_EPP;ASELS.E;2026-02-27;0.01;0.01;0;0;0;0;0;0;0;0;0;0;0;0;;;;;
2026-01-23;O_ASELSE0226P190.00;ASELS_02/2026_AVRUPA_OPSIYON;D_EQ;SSO;D_EQ_EPP;DE_ASELS_EPP;ASELS.E;2026-02-27;0.02;0.02;0;0;0;0;0;0;0;0;0;0;0;0;;;;;
2026-01-23;O_ASELSE0226P195.00;ASELS_02/2026_AVRUPA_OPSIYON;D_EQ;SSO;D_EQ_EPP;DE_ASELS_EPP;ASELS.E;2026-02-27;0.03;0.03;0;0;0;0;0;0;0;0;0;0;0;0;;;;;
2026-01-23;O_ASELSE0226P200.00;ASELS_02/2026_AVRUPA_OPSIYON;D_EQ;SSO;D_EQ_EPP;DE_ASELS_EPP;ASELS.E;2026-02-27;0.04;0.04;0;0;0;0;0;0;0;0;0;0;0;0;;;;;
2026-01-23;O_ASELSE0226P205.00;ASELS_02/2026_AVRUPA_OPSIYON;D_EQ;SSO;D_EQ_EPP;DE_ASELS_EPP;ASELS.E;2026-02-27;0.06;0.06;0;0;0;0;0;0;0;0;0;0;0;0;;;;;
2026-01-23;O_ASELSE0226P210.00;ASELS_02/2026_AVRUPA_OPSIYON;D_EQ;SSO;D_EQ_EPP;DE_ASELS_EPP;ASELS.E;2026-02-27;0.08;0.09;-11.11;0;0;0;0;0;0;0;0;0;0;0;;;;;
2026-01-23;O_ASELSE0226P215.00;ASELS_02/2026_AVRUPA_OPSIYON;D_EQ;SSO;D_EQ_EPP;DE_ASELS_EPP;ASELS.E;2026-02-27;0.12;0.12;0;0;0;0;0;0;0;0;0;0;0;0;;;;;
2026-01-23;O_ASELSE0226P220.00;ASELS_02/2026_AVRUPA_OPSIYON;D_EQ;SSO;D_EQ_EPP;DE_ASELS_EPP;ASELS.E;2026-02-27;0.16;0.17;-5.88;0;0;0;0;0;0;0;0;0;0;0;;;;;
2026-01-23;O_ASELSE0226P225.00;ASELS_02/2026_AVRUPA_OPSIYON;D_EQ;SSO;D_EQ_EPP;DE_ASELS_EPP;ASELS.E;2026-02-27;0.22;0.24;-8.33;0;0;0;0;0;0;0;0;0;0;0;;;;;
2026-01-23;O_ASELSE0226P230.00;ASELS_02/2026_AVRUPA_OPSIYON;D_EQ;SSO;D_EQ_EPP;DE_ASELS_EPP;ASELS.E;2026-02-27;0.3;0.32;-6.25;0;0;0;0;0;0;0;0;0;1;0;;;;;
2026-01-23;O_ASELSE0226P235.00;ASELS_02/2026_AVRUPA_OPSIYON;D_EQ;SSO;D_EQ_EPP;DE_ASELS_EPP;ASELS.E;2026-02-27;0.41;0.44;-6.82;0;0;0;0;0;0;0;0;0;0;0;;;;;
2026-01-23;O_ASELSE0226P240.00;ASELS_02/2026_AVRUPA_OPSIYON;D_EQ;SSO;D_EQ_EPP;DE_ASELS_EPP;ASELS.E;2026-02-27;0.55;0.58;-5.17;0;0;0;0;0;0;0;0;0;0;0;;;;;
2026-01-23;O_ASELSE0226P245.00;ASELS_02/2026_AVRUPA_OPSIYON;D_EQ;SSO;D_EQ_EPP;DE_ASELS_EPP;ASELS.E;2026-02-27;0.73;0.77;-5.19;0;0;0;0;0;0;0;0;0;10;0;;;;;
2026-01-23;O_ASELSE0226P250.00;ASELS_02/2026_AVRUPA_OPSIYON;D_EQ;SSO;D_EQ_EPP;DE_ASELS_EPP;ASELS.E;2026-02-27;0.96;1.01;-4.95;0;0;0;0;0;0;0;0;0;125;0;;;;;
2026-01-23;O_ASELSE0226P260.00;ASELS_02/2026_AVRUPA_OPSIYON;D_EQ;SSO;D_EQ_EPP;DE_ASELS_EPP;ASELS.E;2026-02-27;1.61;1.68;-4.17;0;0;0;0;0;0;0;0;0;0;0;;;;;
2026-01-23;O_ASELSE0226P270.00;ASELS_02/2026_AVRUPA_OPSIYON;D_EQ;SSO;D_EQ_EPP;DE_ASELS_EPP;ASELS.E;2026-02-27;2.6;2.7;-3.7;3.15;3.15;3.8;3.8;3.21;297000;3530;11;2;21;1;;;;;
2026-01-23;O_ASELSE0226P280.00;ASELS_02/2026_AVRUPA_OPSIYON;D_EQ;SSO;D_EQ_EPP;DE_ASELS_EPP;ASELS.E;2026-02-27;4.07;4.2;-3.1;5;5;5.05;5.05;5.04;1624000;29240;58;2;303;58;;;;;
2026-01-23;O_ASELSE0226P290.00;ASELS_02/2026_AVRUPA_OPSIYON;D_EQ;SSO;D_EQ_EPP;DE_ASELS_EPP;ASELS.E;2026-02-27;6.17;6.32;-2.37;6.5;6.5;6.5;6.5;6.5;1392000;31200;48;1;150;48;;;;;
2026-01-23;O_ASELSE0226P300.00;ASELS_02/2026_AVRUPA_OPSIYON;D_EQ;SSO;D_EQ_EPP;DE_ASELS_EPP;ASELS.E;2026-02-27;9.2;9.25;-0.54;10.42;10.42;10.42;10.42;10.42;300000;10420;10;1;52;-6;;;;;
2026-01-23;O_ASELSE0226P310.00;ASELS_02/2026_AVRUPA_OPSIYON;D_EQ;SSO;D_EQ_EPP;DE_ASELS_EPP;ASELS.E;2026-02-27;13.46;13.48;-0.15;14.6;14.6;16.3;16.3;14.75;341000;16230;11;2;224;11;;;;;
2026-01-23;O_ASELSE0226P320.00;ASELS_02/2026_AVRUPA_OPSIYON;D_EQ;SSO;D_EQ_EPP;DE_ASELS_EPP;ASELS.E;2026-02-27;18.92;18.82;0.53;0;0;0;0;0;0;0;0;0;820;0;;;;;
2026-01-23;O_ASELSE0226P330.00;ASELS_02/2026_AVRUPA_OPSIYON;D_EQ;SSO;D_EQ_EPP;DE_ASELS_EPP;ASELS.E;2026-02-27;25.47;25.23;0.95;0;0;0;0;0;0;0;0;0;58;0;;;;;
2026-01-23;O_ASELSE0226P340.00;ASELS_02/2026_AVRUPA_OPSIYON;D_EQ;SSO;D_EQ_EPP;DE_ASELS_EPP;ASELS.E;2026-02-27;33.07;32.75;0.98;0;0;0;0;0;0;0;0;0;58;0;;;;;
2026-01-23;O_ASELSE0226P350.00;ASELS_02/2026_AVRUPA_OPSIYON;D_EQ;SSO;D_EQ_EPP;DE_ASELS_EPP;ASELS.E;2026-02-27;41.23;40.88;0.86;0;0;0;0;0;0;0;0;0;30;0;;;;;
2026-01-23;O_ASELSE0226P360.00;ASELS_02/2026_AVRUPA_OPSIYON;D_EQ;SSO;D_EQ_EPP;DE_ASELS_EPP;ASELS.E;2026-02-27;49.8;49.42;0.77;0;0;0;0;0;0;0;0;0;48;0;;;;;
2026-01-23;O_ASELSE0326C245.00;ASELS_03/2026_AVRUPA_OPSIYON;D_EQ;SSO;D_EQ_ECP;DE_ASELS_ECP;ASELS.E;2026-03-31;77.18;77.48;-0.39;0;0;0;0;0;0;0;0;0;0;0;;;;;
2026-01-23;O_ASELSE0326C250.00;ASELS_03/2026_AVRUPA_OPSIYON;D_EQ;SSO;D_EQ_ECP;DE_ASELS_ECP;ASELS.E;2026-03-31;72.92;73.24;-0.44;0;0;0;0;0;0;0;0;0;0;0;;;;;
2026-01-23;O_ASELSE0326C260.00;ASELS_03/2026_AVRUPA_OPSIYON;D_EQ;SSO;D_EQ_ECP;DE_ASELS_ECP;ASELS.E;2026-03-31;64.58;64.92;-0.52;0;0;0;0;0;0;0;0;0;0;0;;;;;
2026-01-23;O_ASELSE0326C270.00;ASELS_03/2026_AVRUPA_OPSIYON;D_EQ;SSO;D_EQ_ECP;DE_ASELS_ECP;ASELS.E;2026-03-31;56.49;56.86;-0.65;0;0;0;0;0;0;0;0;0;0;0;;;;;
2026-01-23;O_ASELSE0326C280.00;ASELS_03/2026_AVRUPA_OPSIYON;D_EQ;SSO;D_EQ_ECP;DE_ASELS_ECP;ASELS.E;2026-03-31;48.72;49.12;-0.81;0;0;0;0;0;0;0;0;0;0;0;;;;;
2026-01-23;O_ASELSE0326C290.00;ASELS_03/2026_AVRUPA_OPSIYON;D_EQ;SSO;D_EQ_ECP;DE_ASELS_ECP;ASELS.E;2026-03-31;41.33;41.76;-1.03;0;0;0;0;0;0;0;0;0;0;0;;;;;
2026-01-23;O_ASELSE0326C300.00;ASELS_03/2026_AVRUPA_OPSIYON;D_EQ;SSO;D_EQ_ECP;DE_ASELS_ECP;ASELS.E;2026-03-31;34.38;34.85;-1.35;0;0;0;0;0;0;0;0;0;0;0;;;;;
2026-01-23;O_ASELSE0326C310.00;ASELS_03/2026_AVRUPA_OPSIYON;D_EQ;SSO;D_EQ_ECP;DE_ASELS_ECP;ASELS.E;2026-03-31;28.17;28.48;-1.09;0;0;0;0;0;0;0;0;0;0;0;;;;;
2026-01-23;O_ASELSE0326C320.00;ASELS_03/2026_AVRUPA_OPSIYON;D_EQ;SSO;D_EQ_ECP;DE_ASELS_ECP;ASELS.E;2026-03-31;22.92;23.21;-1.25;0;0;0;0;0;0;0;0;0;0;0;;;;;
2026-01-23;O_ASELSE0326C330.00;ASELS_03/2026_AVRUPA_OPSIYON;D_EQ;SSO;D_EQ_ECP;DE_ASELS_ECP;ASELS.E;2026-03-31;18.56;18.74;-0.96;0;0;0;0;0;0;0;0;0;0;0;;;;;
2026-01-23;O_ASELSE0326C340.00;ASELS_03/2026_AVRUPA_OPSIYON;D_EQ;SSO;D_EQ_ECP;DE_ASELS_ECP;ASELS.E;2026-03-31;15.03;15.09;-0.4;0;0;0;0;0;0;0;0;0;0;0;;;;;
2026-01-23;O_ASELSE0326C350.00;ASELS_03/2026_AVRUPA_OPSIYON;D_EQ;SSO;D_EQ_ECP;DE_ASELS_ECP;ASELS.E;2026-03-31;12.56;12.47;0.72;0;0;0;0;0;0;0;0;0;0;0;;;;;
2026-01-23;O_ASELSE0326C360.00;ASELS_03/2026_AVRUPA_OPSIYON;D_EQ;SSO;D_EQ_ECP;DE_ASELS_ECP;ASELS.E;2026-03-31;10.56;10.44;1.15;0;0;0;0;0;0;0;0;0;0;0;;;;;
2026-01-23;O_ASELSE0326C370.00;ASELS_03/2026_AVRUPA_OPSIYON;D_EQ;SSO;D_EQ_ECP;DE_ASELS_ECP;ASELS.E;2026-03-31;8.94;8.8;1.59;0;0;0;0;0;0;0;0;0;0;0;;;;;
2026-01-23;O_ASELSE0326C380.00;ASELS_03/2026_AVRUPA_OPSIYON;D_EQ;SSO;D_EQ_ECP;DE_ASELS_ECP;ASELS.E;2026-03-31;7.63;7.48;2.01;0;0;0;0;0;0;0;0;0;0;0;;;;;
2026-01-23;O_ASELSE0326C390.00;ASELS_03/2026_AVRUPA_OPSIYON;D_EQ;SSO;D_EQ_ECP;DE_ASELS_ECP;ASELS.E;2026-03-31;6.57;6.41;2.5;0;0;0;0;0;0;0;0;0;0;0;;;;;
2026-01-23;O_ASELSE0326C400.00;ASELS_03/2026_AVRUPA_OPSIYON;D_EQ;SSO;D_EQ_ECP;DE_ASELS_ECP;ASELS.E;2026-03-31;5.7;5.54;2.89;0;0;0;0;0;0;0;0;0;0;0;;;;;
2026-01-23;O_ASELSE0326C410.00;ASELS_03/2026_AVRUPA_OPSIYON;D_EQ;SSO;D_EQ_ECP;DE_ASELS_ECP;ASELS.E;2026-03-31;5;4.83;3.52;0;0;0;0;0;0;0;0;0;0;0;;;;;
2026-01-23;O_ASELSE0326C420.00;ASELS_03/2026_AVRUPA_OPSIYON;D_EQ;SSO;D_EQ_ECP;DE_ASELS_ECP;ASELS.E;2026-03-31;4.41;4.24;4.01;0;0;0;0;0;0;0;0;0;0;0;;;;;
2026-01-23;O_ASELSE0326P220.00;ASELS_03/2026_AVRUPA_OPSIYON;D_EQ;SSO;D_EQ_EPP;DE_ASELS_EPP;ASELS.E;2026-03-31;0.73;0.73;0;0;0;0;0;0;0;0;0;0;0;0;;;;;
2026-01-23;O_ASELSE0326P225.00;ASELS_03/2026_AVRUPA_OPSIYON;D_EQ;SSO;D_EQ_EPP;DE_ASELS_EPP;ASELS.E;2026-03-31;0.89;0.89;0;0;0;0;0;0;0;0;0;0;0;0;;;;;
2026-01-23;O_ASELSE0326P230.00;ASELS_03/2026_AVRUPA_OPSIYON;D_EQ;SSO;D_EQ_EPP;DE_ASELS_EPP;ASELS.E;2026-03-31;1.07;1.08;-0.93;0;0;0;0;0;0;0;0;0;0;0;;;;;
2026-01-23;O_ASELSE0326P235.00;ASELS_03/2026_AVRUPA_OPSIYON;D_EQ;SSO;D_EQ_EPP;DE_ASELS_EPP;ASELS.E;2026-03-31;1.29;1.3;-0.77;0;0;0;0;0;0;0;0;0;0;0;;;;;
2026-01-23;O_ASELSE0326P240.00;ASELS_03/2026_AVRUPA_OPSIYON;D_EQ;SSO;D_EQ_EPP;DE_ASELS_EPP;ASELS.E;2026-03-31;1.54;1.56;-1.28;0;0;0;0;0;0;0;0;0;0;0;;;;;
2026-01-23;O_ASELSE0326P245.00;ASELS_03/2026_AVRUPA_OPSIYON;D_EQ;SSO;D_EQ_EPP;DE_ASELS_EPP;ASELS.E;2026-03-31;1.84;1.86;-1.08;0;0;0;0;0;0;0;0;0;0;0;;;;;
2026-01-23;O_ASELSE0326P250.00;ASELS_03/2026_AVRUPA_OPSIYON;D_EQ;SSO;D_EQ_EPP;DE_ASELS_EPP;ASELS.E;2026-03-31;2.18;2.21;-1.36;0;0;0;0;0;0;0;0;0;0;0;;;;;
2026-01-23;O_ASELSE0326P260.00;ASELS_03/2026_AVRUPA_OPSIYON;D_EQ;SSO;D_EQ_EPP;DE_ASELS_EPP;ASELS.E;2026-03-31;3.03;3.07;-1.3;0;0;0;0;0;0;0;0;0;0;0;;;;;
2026-01-23;O_ASELSE0326P270.00;ASELS_03/2026_AVRUPA_OPSIYON;D_EQ;SSO;D_EQ_EPP;DE_ASELS_EPP;ASELS.E;2026-03-31;4.13;4.18;-1.2;0;0;0;0;0;0;0;0;0;0;0;;;;;
2026-01-23;O_ASELSE0326P280.00;ASELS_03/2026_AVRUPA_OPSIYON;D_EQ;SSO;D_EQ_EPP;DE_ASELS_EPP;ASELS.E;2026-03-31;5.55;5.62;-1.25;0;0;0;0;0;0;0;0;0;0;0;;;;;
2026-01-23;O_ASELSE0326P290.00;ASELS_03/2026_AVRUPA_OPSIYON;D_EQ;SSO;D_EQ_EPP;DE_ASELS_EPP;ASELS.E;2026-03-31;7.34;7.44;-1.34;0;0;0;0;0;0;0;0;0;8030;0;;;;;
2026-01-23;O_ASELSE0326P300.00;ASELS_03/2026_AVRUPA_OPSIYON;D_EQ;SSO;D_EQ_EPP;DE_ASELS_EPP;ASELS.E;2026-03-31;9.59;9.71;-1.24;0;0;0;0;0;0;0;0;0;0;0;;;;;
2026-01-23;O_ASELSE0326P310.00;ASELS_03/2026_AVRUPA_OPSIYON;D_EQ;SSO;D_EQ_EPP;DE_ASELS_EPP;ASELS.E;2026-03-31;12.57;12.52;0.4;0;0;0;0;0;0;0;0;0;0;0;;;;;
2026-01-23;O_ASELSE0326P320.00;ASELS_03/2026_AVRUPA_OPSIYON;D_EQ;SSO;D_EQ_EPP;DE_ASELS_EPP;ASELS.E;2026-03-31;16.5;16.43;0.43;0;0;0;0;0;0;0;0;0;0;0;;;;;
2026-01-23;O_ASELSE0326P330.00;ASELS_03/2026_AVRUPA_OPSIYON;D_EQ;SSO;D_EQ_EPP;DE_ASELS_EPP;ASELS.E;2026-03-31;21.34;21.14;0.95;0;0;0;0;0;0;0;0;0;0;0;;;;;
2026-01-23;O_ASELSE0326P340.00;ASELS_03/2026_AVRUPA_OPSIYON;D_EQ;SSO;D_EQ_EPP;DE_ASELS_EPP;ASELS.E;2026-03-31;27;26.67;1.24;0;0;0;0;0;0;0;0;0;0;0;;;;;
2026-01-23;O_ASELSE0326P350.00;ASELS_03/2026_AVRUPA_OPSIYON;D_EQ;SSO;D_EQ_EPP;DE_ASELS_EPP;ASELS.E;2026-03-31;33.72;33.22;1.51;0;0;0;0;0;0;0;0;0;0;0;;;;;
2026-01-23;O_ASELSE0326P360.00;ASELS_03/2026_AVRUPA_OPSIYON;D_EQ;SSO;D_EQ_EPP;DE_ASELS_EPP;ASELS.E;2026-03-31;40.91;40.37;1.34;0;0;0;0;0;0;0;0;0;0;0;;;;;
2026-01-23;O_ASELSE0326P370.00;ASELS_03/2026_AVRUPA_OPSIYON;D_EQ;SSO;D_EQ_EPP;DE_ASELS_EPP;ASELS.E;2026-03-31;48.48;47.91;1.19;0;0;0;0;0;0;0;0;0;0;0;;;;;
2026-01-23;O_BIMASE0126C520.00;BIMAS_01/2026_AVRUPA_OPSIYON;D_EQ;SSO;D_EQ_ECP;DE_BIMAS_ECP;BIMAS.E;2026-01-30;112.28;110.32;1.78;0;0;0;0;0;0;0;0;0;14;0;;;;;
2026-01-23;O_BIMASE0126C540.00;BIMAS_01/2026_AVRUPA_OPSIYON;D_EQ;SSO;D_EQ_ECP;DE_BIMAS_ECP;BIMAS.E;2026-01-30;92.44;90.51;2.13;0;0;0;0;0;0;0;0;0;191;0;;;;;
2026-01-23;O_BIMASE0126C560.00;BIMAS_01/2026_AVRUPA_OPSIYON;D_EQ;SSO;D_EQ_ECP;DE_BIMAS_ECP;BIMAS.E;2026-01-30;72.68;70.86;2.57;0;0;0;0;0;0;0;0;0;40;0;;;;;
2026-01-23;O_BIMASE0126C580.00;BIMAS_01/2026_AVRUPA_OPSIYON;D_EQ;SSO;D_EQ_ECP;DE_BIMAS_ECP;BIMAS.E;2026-01-30;53.34;51.78;3.01;0;0;0;0;0;0;0;0;0;42;0;;;;;
2026-01-23;O_BIMASE0126C600.00;BIMAS_01/2026_AVRUPA_OPSIYON;D_EQ;SSO;D_EQ_ECP;DE_BIMAS_ECP;BIMAS.E;2026-01-30;35.31;34.25;3.09;33.4;33.4;35.02;34.62;34.16;3600000;204950;60;6;80;-50;;;;;
2026-01-23;O_BIMASE0126C620.00;BIMAS_01/2026_AVRUPA_OPSIYON;D_EQ;SSO;D_EQ_ECP;DE_BIMAS_ECP;BIMAS.E;2026-01-30;20.33;19.93;2.01;17.81;17;17.92;17;17.59;2480000;70340;40;4;136;20;;;;;
2026-01-23;O_BIMASE0126C640.00;BIMAS_01/2026_AVRUPA_OPSIYON;D_EQ;SSO;D_EQ_ECP;DE_BIMAS_ECP;BIMAS.E;2026-01-30;9.84;9.94;-1.01;0;0;0;0;0;0;0;0;0;158;0;;;;;
2026-01-23;O_BIMASE0126C660.00;BIMAS_01/2026_AVRUPA_OPSIYON;D_EQ;SSO;D_EQ_ECP;DE_BIMAS_ECP;BIMAS.E;2026-01-30;3.94;4.2;-6.19;0;0;0;0;0;0;0;0;0;119;0;;;;;
2026-01-23;O_BIMASE0126C680.00;BIMAS_01/2026_AVRUPA_OPSIYON;D_EQ;SSO;D_EQ_ECP;DE_BIMAS_ECP;BIMAS.E;2026-01-30;1.34;1.56;-14.1;0;0;0;0;0;0;0;0;0;48;0;;;;;
2026-01-23;O_BIMASE0126C700.00;BIMAS_01/2026_AVRUPA_OPSIYON;D_EQ;SSO;D_EQ_ECP;DE_BIMAS_ECP;BIMAS.E;2026-01-30;0.4;0.51;-21.57;0;0;0;0;0;0;0;0;0;78;0;;;;;
2026-01-23;O_BIMASE0126C720.00;BIMAS_01/2026_AVRUPA_OPSIYON;D_EQ;SSO;D_EQ_ECP;DE_BIMAS_ECP;BIMAS.E;2026-01-30;0.1;0.15;-33.33;0;0;0;0;0;0;0;0;0;0;0;;;;;
2026-01-23;O_BIMASE0126C740.00;BIMAS_01/2026_AVRUPA_OPSIYON;D_EQ;SSO;D_EQ_ECP;DE_BIMAS_ECP;BIMAS.E;2026-01-30;0.02;0.04;-50;0;0;0;0;0;0;0;0;0;0;0;;;;;
2026-01-23;O_BIMASE0126C760.00;BIMAS_01/2026_AVRUPA_OPSIYON;D_EQ;SSO;D_EQ_ECP;DE_BIMAS_ECP;BIMAS.E;2026-01-30;0.01;0.01;0;0;0;0;0;0;0;0;0;0;0;0;;;;;
2026-01-23;O_BIMASE0126C780.00;BIMAS_01/2026_AVRUPA_OPSIYON;D_EQ;SSO;D_EQ_ECP;DE_BIMAS_ECP;BIMAS.E;2026-01-30;0.01;0.01;0;0;0;0;0;0;0;0;0;0;0;0;;;;;
2026-01-23;O_BIMASE0126P460.00;BIMAS_01/2026_AVRUPA_OPSIYON;D_EQ;SSO;D_EQ_EPP;DE_BIMAS_EPP;BIMAS.E;2026-01-30;0.01;0.01;0;0;0;0;0;0;0;0;0;0;64;0;;;;;
2026-01-23;O_BIMASE0126P470.00;BIMAS_01/2026_AVRUPA_OPSIYON;D_EQ;SSO;D_EQ_EPP;DE_BIMAS_EPP;BIMAS.E;2026-01-30;0.01;0.01;0;0;0;0;0;0;0;0;0;0;200;0;;;;;
2026-01-23;O_BIMASE0126P480.00;BIMAS_01/2026_AVRUPA_OPSIYON;D_EQ;SSO;D_EQ_EPP;DE_BIMAS_EPP;BIMAS.E;2026-01-30;0.01;0.01;0;0;0;0;0;0;0;0;0;0;23;0;;;;;
2026-01-23;O_BIMASE0126P490.00;BIMAS_01/2026_AVRUPA_OPSIYON;D_EQ;SSO;D_EQ_EPP;DE_BIMAS_EPP;BIMAS.E;2026-01-30;0.01;0.01;0;0;0;0;0;0;0;0;0;0;90;0;;;;;
2026-01-23;O_BIMASE0126P500.00;BIMAS_01/2026_AVRUPA_OPSIYON;D_EQ;SSO;D_EQ_EPP;DE_BIMAS_EPP;BIMAS.E;2026-01-30;0.01;0.01;0;0;0;0;0;0;0;0;0;0;76;0;;;;;
2026-01-23;O_BIMASE0126P520.00;BIMAS_01/2026_AVRUPA_OPSIYON;D_EQ;SSO;D_EQ_EPP;DE_BIMAS_EPP;BIMAS.E;2026-01-30;0.01;0.01;0;0;0;0;0;0;0;0;0;0;59;0;;;;;
2026-01-23;O_BIMASE0126P540.00;BIMAS_01/2026_AVRUPA_OPSIYON;D_EQ;SSO;D_EQ_EPP;DE_BIMAS_EPP;BIMAS.E;2026-01-30;0.01;0.04;-75;0;0;0;0;0;0;0;0;0;120;0;;;;;
2026-01-23;O_BIMASE0126P560.00;BIMAS_01/2026_AVRUPA_OPSIYON;D_EQ;SSO;D_EQ_EPP;DE_BIMAS_EPP;BIMAS.E;2026-01-30;0.12;0.21;-42.86;0;0;0;0;0;0;0;0;0;92;0;;;;;
2026-01-23;O_BIMASE0126P580.00;BIMAS_01/2026_AVRUPA_OPSIYON;D_EQ;SSO;D_EQ_EPP;DE_BIMAS_EPP;BIMAS.E;2026-01-30;0.63;0.97;-35.05;0;0;0;0;0;0;0;0;0;112;0;;;;;
2026-01-23;O_BIMASE0126P600.00;BIMAS_01/2026_AVRUPA_OPSIYON;D_EQ;SSO;D_EQ_EPP;DE_BIMAS_EPP;BIMAS.E;2026-01-30;2.45;3.28;-25.3;0;0;0;0;0;0;0;0;0;541;0;;;;;
2026-01-23;O_BIMASE0126P620.00;BIMAS_01/2026_AVRUPA_OPSIYON;D_EQ;SSO;D_EQ_EPP;DE_BIMAS_EPP;BIMAS.E;2026-01-30;7.32;8.79;-16.72;0;0;0;0;0;0;0;0;0;51;0;;;;;
2026-01-23;O_BIMASE0126P640.00;BIMAS_01/2026_AVRUPA_OPSIYON;D_EQ;SSO;D_EQ_EPP;DE_BIMAS_EPP;BIMAS.E;2026-01-30;16.69;18.63;-10.41;0;0;0;0;0;0;0;0;0;129;0;;;;;
2026-01-23;O_BIMASE0126P660.00;BIMAS_01/2026_AVRUPA_OPSIYON;D_EQ;SSO;D_EQ_EPP;DE_BIMAS_EPP;BIMAS.E;2026-01-30;30.65;32.73;-6.36;0;0;0;0;0;0;0;0;0;46;0;;;;;
2026-01-23;O_BIMASE0126P680.00;BIMAS_01/2026_AVRUPA_OPSIYON;D_EQ;SSO;D_EQ_EPP;DE_BIMAS_EPP;BIMAS.E;2026-01-30;47.9;49.92;-4.05;0;0;0;0;0;0;0;0;0;26;0;;;;;
2026-01-23;O_BIMASE0226C540.00;BIMAS_02/2026_AVRUPA_OPSIYON;D_EQ;SSO;D_EQ_ECP;DE_BIMAS_ECP;BIMAS.E;2026-02-27;109.7;107.95;1.62;0;0;0;0;0;0;0;0;0;0;0;;;;;
2026-01-23;O_BIMASE0226C560.00;BIMAS_02/2026_AVRUPA_OPSIYON;D_EQ;SSO;D_EQ_ECP;DE_BIMAS_ECP;BIMAS.E;2026-02-27;92.03;90.43;1.77;0;0;0;0;0;0;0;0;0;2;0;;;;;
2026-01-23;O_BIMASE0226C580.00;BIMAS_02/2026_AVRUPA_OPSIYON;D_EQ;SSO;D_EQ_ECP;DE_BIMAS_ECP;BIMAS.E;2026-02-27;75.33;73.92;1.91;0;0;0;0;0;0;0;0;0;2;0;;;;;
2026-01-23;O_BIMASE0226C600.00;BIMAS_02/2026_AVRUPA_OPSIYON;D_EQ;SSO;D_EQ_ECP;DE_BIMAS_ECP;BIMAS.E;2026-02-27;59.94;58.74;2.04;0;0;0;0;0;0;0;0;0;17;0;;;;;
2026-01-23;O_BIMASE0226C620.00;BIMAS_02/2026_AVRUPA_OPSIYON;D_EQ;SSO;D_EQ_ECP;DE_BIMAS_ECP;BIMAS.E;2026-02-27;46.2;45.26;2.08;0;0;0;0;0;0;0;0;0;110;0;;;;;
2026-01-23;O_BIMASE0226C640.00;BIMAS_02/2026_AVRUPA_OPSIYON;D_EQ;SSO;D_EQ_ECP;DE_BIMAS_ECP;BIMAS.E;2026-02-27;34.67;33.97;2.06;27.25;27.25;27.25;27.25;27.25;1280000;54500;20;1;50;20;;;;;
2026-01-23;O_BIMASE0226C660.00;BIMAS_02/2026_AVRUPA_OPSIYON;D_EQ;SSO;D_EQ_ECP;DE_BIMAS_ECP;BIMAS.E;2026-02-27;25.26;24.79;1.9;0;0;0;0;0;0;0;0;0;31;0;;;;;
2026-01-23;O_BIMASE0226C680.00;BIMAS_02/2026_AVRUPA_OPSIYON;D_EQ;SSO;D_EQ_ECP;DE_BIMAS_ECP;BIMAS.E;2026-02-27;17.94;17.64;1.7;0;0;0;0;0;0;0;0;0;45;0;;;;;
2026-01-23;O_BIMASE0226C700.00;BIMAS_02/2026_AVRUPA_OPSIYON;D_EQ;SSO;D_EQ_ECP;DE_BIMAS_ECP;BIMAS.E;2026-02-27;12.63;12.48;1.2;0;0;0;0;0;0;0;0;0;25;0;;;;;
2026-01-23;O_BIMASE0226C720.00;BIMAS_02/2026_AVRUPA_OPSIYON;D_EQ;SSO;D_EQ_ECP;DE_BIMAS_ECP;BIMAS.E;2026-02-27;8.79;8.72;0.8;0;0;0;0;0;0;0;0;0;43;0;;;;;
2026-01-23;O_BIMASE0226C740.00;BIMAS_02/2026_AVRUPA_OPSIYON;D_EQ;SSO;D_EQ_ECP;DE_BIMAS_ECP;BIMAS.E;2026-02-27;6.04;6.02;0.33;0;0;0;0;0;0;0;0;0;20;0;;;;;
2026-01-23;O_BIMASE0226C760.00;BIMAS_02/2026_AVRUPA_OPSIYON;D_EQ;SSO;D_EQ_ECP;DE_BIMAS_ECP;BIMAS.E;2026-02-27;4.12;4.12;0;0;0;0;0;0;0;0;0;0;63;0;;;;;
2026-01-23;O_BIMASE0226C780.00;BIMAS_02/2026_AVRUPA_OPSIYON;D_EQ;SSO;D_EQ_ECP;DE_BIMAS_ECP;BIMAS.E;2026-02-27;2.79;2.81;-0.71;0;0;0;0;0;0;0;0;0;0;0;;;;;
2026-01-23;O_BIMASE0226C800.00;BIMAS_02/2026_AVRUPA_OPSIYON;D_EQ;SSO;D_EQ_ECP;DE_BIMAS_ECP;BIMAS.E;2026-02-27;1.88;1.9;-1.05;0;0;0;0;0;0;0;0;0;0;0;;;;;
2026-01-23;O_BIMASE0226P470.00;BIMAS_02/2026_AVRUPA_OPSIYON;D_EQ;SSO;D_EQ_EPP;DE_BIMAS_EPP;BIMAS.E;2026-02-27;0.12;0.14;-14.29;0;0;0;0;0;0;0;0;0;0;0;;;;;
2026-01-23;O_BIMASE0226P480.00;BIMAS_02/2026_AVRUPA_OPSIYON;D_EQ;SSO;D_EQ_EPP;DE_BIMAS_EPP;BIMAS.E;2026-02-27;0.19;0.22;-13.64;0;0;0;0;0;0;0;0;0;20;0;;;;;
2026-01-23;O_BIMASE0226P490.00;BIMAS_02/2026_AVRUPA_OPSIYON;D_EQ;SSO;D_EQ_EPP;DE_BIMAS_EPP;BIMAS.E;2026-02-27;0.29;0.34;-14.71;0;0;0;0;0;0;0;0;0;40;0;;;;;
2026-01-23;O_BIMASE0226P500.00;BIMAS_02/2026_AVRUPA_OPSIYON;D_EQ;SSO;D_EQ_EPP;DE_BIMAS_EPP;BIMAS.E;2026-02-27;0.44;0.5;-12;0;0;0;0;0;0;0;0;0;80;0;;;;;
2026-01-23;O_BIMASE0226P520.00;BIMAS_02/2026_AVRUPA_OPSIYON;D_EQ;SSO;D_EQ_EPP;DE_BIMAS_EPP;BIMAS.E;2026-02-27;0.94;1.07;-12.15;0;0;0;0;0;0;0;0;0;20;0;;;;;
2026-01-23;O_BIMASE0226P540.00;BIMAS_02/2026_AVRUPA_OPSIYON;D_EQ;SSO;D_EQ_EPP;DE_BIMAS_EPP;BIMAS.E;2026-02-27;1.88;2.09;-10.05;0;0;0;0;0;0;0;0;0;0;0;;;;;
2026-01-23;O_BIMASE0226P560.00;BIMAS_02/2026_AVRUPA_OPSIYON;D_EQ;SSO;D_EQ_EPP;DE_BIMAS_EPP;BIMAS.E;2026-02-27;3.49;3.83;-8.88;0;0;0;0;0;0;0;0;0;0;0;;;;;
2026-01-23;O_BIMASE0226P580.00;BIMAS_02/2026_AVRUPA_OPSIYON;D_EQ;SSO;D_EQ_EPP;DE_BIMAS_EPP;BIMAS.E;2026-02-27;6.08;6.58;-7.6;0;0;0;0;0;0;0;0;0;46;0;;;;;
2026-01-23;O_BIMASE0226P600.00;BIMAS_02/2026_AVRUPA_OPSIYON;D_EQ;SSO;D_EQ_EPP;DE_BIMAS_EPP;BIMAS.E;2026-02-27;9.98;10.67;-6.47;0;0;0;0;0;0;0;0;0;20;0;;;;;
2026-01-23;O_BIMASE0226P620.00;BIMAS_02/2026_AVRUPA_OPSIYON;D_EQ;SSO;D_EQ_EPP;DE_BIMAS_EPP;BIMAS.E;2026-02-27;15.51;16.46;-5.77;0;0;0;0;0;0;0;0;0;0;0;;;;;
2026-01-23;O_BIMASE0226P640.00;BIMAS_02/2026_AVRUPA_OPSIYON;D_EQ;SSO;D_EQ_EPP;DE_BIMAS_EPP;BIMAS.E;2026-02-27;23.27;24.43;-4.75;0;0;0;0;0;0;0;0;0;38;0;;;;;
2026-01-23;O_BIMASE0226P660.00;BIMAS_02/2026_AVRUPA_OPSIYON;D_EQ;SSO;D_EQ_EPP;DE_BIMAS_EPP;BIMAS.E;2026-02-27;33.15;34.51;-3.94;0;0;0;0;0;0;0;0;0;10;0;;;;;
2026-01-23;O_BIMASE0226P680.00;BIMAS_02/2026_AVRUPA_OPSIYON;D_EQ;SSO;D_EQ_EPP;DE_BIMAS_EPP;BIMAS.E;2026-02-27;45.11;46.63;-3.26;0;0;0;0;0;0;0;0;0;10;0;;;;;
2026-01-23;O_BIMASE0226P700.00;BIMAS_02/2026_AVRUPA_OPSIYON;D_EQ;SSO;D_EQ_EPP;DE_BIMAS_EPP;BIMAS.E;2026-02-27;59.08;60.73;-2.72;0;0;0;0;0;0;0;0;0;0;0;;;;;
2026-01-23;O_BIMASE0326C560.00;BIMAS_03/2026_AVRUPA_OPSIYON;D_EQ;SSO;D_EQ_ECP;DE_BIMAS_ECP;BIMAS.E;2026-03-31;119.44;117.86;1.34;0;0;0;0;0;0;0;0;0;0;0;;;;;
2026-01-23;O_BIMASE0326C580.00;BIMAS_03/2026_AVRUPA_OPSIYON;D_EQ;SSO;D_EQ_ECP;DE_BIMAS_ECP;BIMAS.E;2026-03-31;103.68;102.23;1.42;0;0;0;0;0;0;0;0;0;0;0;;;;;
2026-01-23;O_BIMASE0326C600.00;BIMAS_03/2026_AVRUPA_OPSIYON;D_EQ;SSO;D_EQ_ECP;DE_BIMAS_ECP;BIMAS.E;2026-03-31;88.8;87.48;1.51;0;0;0;0;0;0;0;0;0;0;0;;;;;
2026-01-23;O_BIMASE0326C620.00;BIMAS_03/2026_AVRUPA_OPSIYON;D_EQ;SSO;D_EQ_ECP;DE_BIMAS_ECP;BIMAS.E;2026-03-31;74.93;73.76;1.59;0;0;0;0;0;0;0;0;0;0;0;;;;;
2026-01-23;O_BIMASE0326C640.00;BIMAS_03/2026_AVRUPA_OPSIYON;D_EQ;SSO;D_EQ_ECP;DE_BIMAS_ECP;BIMAS.E;2026-03-31;62.21;61.23;1.6;0;0;0;0;0;0;0;0;0;0;0;;;;;
2026-01-23;O_BIMASE0326C660.00;BIMAS_03/2026_AVRUPA_OPSIYON;D_EQ;SSO;D_EQ_ECP;DE_BIMAS_ECP;BIMAS.E;2026-03-31;51.18;50.36;1.63;0;0;0;0;0;0;0;0;0;0;0;;;;;
2026-01-23;O_BIMASE0326C680.00;BIMAS_03/2026_AVRUPA_OPSIYON;D_EQ;SSO;D_EQ_ECP;DE_BIMAS_ECP;BIMAS.E;2026-03-31;41.58;40.93;1.59;0;0;0;0;0;0;0;0;0;0;0;;;;;
2026-01-23;O_BIMASE0326C700.00;BIMAS_03/2026_AVRUPA_OPSIYON;D_EQ;SSO;D_EQ_ECP;DE_BIMAS_ECP;BIMAS.E;2026-03-31;33.5;32.98;1.58;0;0;0;0;0;0;0;0;0;0;0;;;;;
2026-01-23;O_BIMASE0326C720.00;BIMAS_03/2026_AVRUPA_OPSIYON;D_EQ;SSO;D_EQ_ECP;DE_BIMAS_ECP;BIMAS.E;2026-03-31;26.96;26.6;1.35;0;0;0;0;0;0;0;0;0;0;0;;;;;
2026-01-23;O_BIMASE0326C740.00;BIMAS_03/2026_AVRUPA_OPSIYON;D_EQ;SSO;D_EQ_ECP;DE_BIMAS_ECP;BIMAS.E;2026-03-31;21.72;21.44;1.31;0;0;0;0;0;0;0;0;0;0;0;;;;;
2026-01-23;O_BIMASE0326C760.00;BIMAS_03/2026_AVRUPA_OPSIYON;D_EQ;SSO;D_EQ_ECP;DE_BIMAS_ECP;BIMAS.E;2026-03-31;17.45;17.24;1.22;0;0;0;0;0;0;0;0;0;0;0;;;;;
2026-01-23;O_BIMASE0326C780.00;BIMAS_03/2026_AVRUPA_OPSIYON;D_EQ;SSO;D_EQ_ECP;DE_BIMAS_ECP;BIMAS.E;2026-03-31;13.99;13.83;1.16;0;0;0;0;0;0;0;0;0;0;0;;;;;
2026-01-23;O_BIMASE0326C800.00;BIMAS_03/2026_AVRUPA_OPSIYON;D_EQ;SSO;D_EQ_ECP;DE_BIMAS_ECP;BIMAS.E;2026-03-31;11.21;11.08;1.17;0;0;0;0;0;0;0;0;0;0;0;;;;;
2026-01-23;O_BIMASE0326P480.00;BIMAS_03/2026_AVRUPA_OPSIYON;D_EQ;SSO;D_EQ_EPP;DE_BIMAS_EPP;BIMAS.E;2026-03-31;0.83;0.88;-5.68;0;0;0;0;0;0;0;0;0;0;0;;;;;
2026-01-23;O_BIMASE0326P490.00;BIMAS_03/2026_AVRUPA_OPSIYON;D_EQ;SSO;D_EQ_EPP;DE_BIMAS_EPP;BIMAS.E;2026-03-31;1.09;1.16;-6.03;0;0;0;0;0;0;0;0;0;0;0;;;;;
2026-01-23;O_BIMASE0326P500.00;BIMAS_03/2026_AVRUPA_OPSIYON;D_EQ;SSO;D_EQ_EPP;DE_BIMAS_EPP;BIMAS.E;2026-03-31;1.42;1.51;-5.96;0;0;0;0;0;0;0;0;0;0;0;;;;;
2026-01-23;O_BIMASE0326P520.00;BIMAS_03/2026_AVRUPA_OPSIYON;D_EQ;SSO;D_EQ_EPP;DE_BIMAS_EPP;BIMAS.E;2026-03-31;2.33;2.47;-5.67;0;0;0;0;0;0;0;0;0;0;0;;;;;
2026-01-23;O_BIMASE0326P540.00;BIMAS_03/2026_AVRUPA_OPSIYON;D_EQ;SSO;D_EQ_EPP;DE_BIMAS_EPP;BIMAS.E;2026-03-31;3.68;3.87;-4.91;0;0;0;0;0;0;0;0;0;0;0;;;;;
2026-01-23;O_BIMASE0326P560.00;BIMAS_03/2026_AVRUPA_OPSIYON;D_EQ;SSO;D_EQ_EPP;DE_BIMAS_EPP;BIMAS.E;2026-03-31;5.59;5.87;-4.77;0;0;0;0;0;0;0;0;0;0;0;;;;;
2026-01-23;O_BIMASE0326P580.00;BIMAS_03/2026_AVRUPA_OPSIYON;D_EQ;SSO;D_EQ_EPP;DE_BIMAS_EPP;BIMAS.E;2026-03-31;8.22;8.59;-4.31;0;0;0;0;0;0;0;0;0;0;0;;;;;
2026-01-23;O_BIMASE0326P600.00;BIMAS_03/2026_AVRUPA_OPSIYON;D_EQ;SSO;D_EQ_EPP;DE_BIMAS_EPP;BIMAS.E;2026-03-31;11.72;12.2;-3.93;0;0;0;0;0;0;0;0;0;0;0;;;;;
2026-01-23;O_BIMASE0326P620.00;BIMAS_03/2026_AVRUPA_OPSIYON;D_EQ;SSO;D_EQ_EPP;DE_BIMAS_EPP;BIMAS.E;2026-03-31;16.23;16.84;-3.62;0;0;0;0;0;0;0;0;0;0;0;;;;;
2026-01-23;O_BIMASE0326P640.00;BIMAS_03/2026_AVRUPA_OPSIYON;D_EQ;SSO;D_EQ_EPP;DE_BIMAS_EPP;BIMAS.E;2026-03-31;21.89;22.66;-3.4;0;0;0;0;0;0;0;0;0;0;0;;;;;
2026-01-23;O_BIMASE0326P660.00;BIMAS_03/2026_AVRUPA_OPSIYON;D_EQ;SSO;D_EQ_EPP;DE_BIMAS_EPP;BIMAS.E;2026-03-31;29.24;30.15;-3.02;0;0;0;0;0;0;0;0;0;0;0;;;;;
2026-01-23;O_BIMASE0326P680.00;BIMAS_03/2026_AVRUPA_OPSIYON;D_EQ;SSO;D_EQ_EPP;DE_BIMAS_EPP;BIMAS.E;2026-03-31;38.02;39.08;-2.71;0;0;0;0;0;0;0;0;0;0;0;;;;;
2026-01-23;O_BIMASE0326P700.00;BIMAS_03/2026_AVRUPA_OPSIYON;D_EQ;SSO;D_EQ_EPP;DE_BIMAS_EPP;BIMAS.E;2026-03-31;48.32;49.49;-2.36;0;0;0;0;0;0;0;0;0;0;0;;;;;
2026-01-23;O_EKGYOE0126C19.00;EKGYO_01/2026_AVRUPA_OPSIYON;D_EQ;SSO;D_EQ_ECP;DE_EKGYO_ECP;EKGYO.E;2026-01-30;4.54;4.08;11.27;0;0;0;0;0;0;0;0;0;0;0;;;;;
2026-01-23;O_EKGYOE0126C19.50;EKGYO_01/2026_AVRUPA_OPSIYON;D_EQ;SSO;D_EQ_ECP;DE_EKGYO_ECP;EKGYO.E;2026-01-30;4.04;3.58;12.85;0;0;0;0;0;0;0;0;0;0;0;;;;;
2026-01-23;O_EKGYOE0126C20.00;EKGYO_01/2026_AVRUPA_OPSIYON;D_EQ;SSO;D_EQ_ECP;DE_EKGYO_ECP;EKGYO.E;2026-01-30;3.55;3.09;14.89;0;0;0;0;0;0;0;0;0;374;0;;;;;
2026-01-23;O_EKGYOE0126C20.50;EKGYO_01/2026_AVRUPA_OPSIYON;D_EQ;SSO;D_EQ_ECP;DE_EKGYO_ECP;EKGYO.E;2026-01-30;3.05;2.61;16.86;0;0;0;0;0;0;0;0;0;600;0;;;;;
2026-01-23;O_EKGYOE0126C21.00;EKGYO_01/2026_AVRUPA_OPSIYON;D_EQ;SSO;D_EQ_ECP;DE_EKGYO_ECP;EKGYO.E;2026-01-30;2.57;2.14;20.09;0;0;0;0;0;0;0;0;0;1324;0;;;;;
2026-01-23;O_EKGYOE0126C21.50;EKGYO_01/2026_AVRUPA_OPSIYON;D_EQ;SSO;D_EQ_ECP;DE_EKGYO_ECP;EKGYO.E;2026-01-30;2.09;1.69;23.67;0;0;0;0;0;0;0;0;0;1425;0;;;;;
2026-01-23;O_EKGYOE0126C22.00;EKGYO_01/2026_AVRUPA_OPSIYON;D_EQ;SSO;D_EQ_ECP;DE_EKGYO_ECP;EKGYO.E;2026-01-30;1.64;1.28;28.13;0;0;0;0;0;0;0;0;0;9976;0;;;;;
2026-01-23;O_EKGYOE0126C22.50;EKGYO_01/2026_AVRUPA_OPSIYON;D_EQ;SSO;D_EQ_ECP;DE_EKGYO_ECP;EKGYO.E;2026-01-30;1.23;0.92;33.7;0.93;0.93;0.93;0.93;0.93;1469250;60729;653;7;1583;653;;;;;
2026-01-23;O_EKGYOE0126C23.00;EKGYO_01/2026_AVRUPA_OPSIYON;D_EQ;SSO;D_EQ_ECP;DE_EKGYO_ECP;EKGYO.E;2026-01-30;0.87;0.63;38.1;0.61;0.6;0.81;0.6;0.61;722200;19121;314;9;78;-58;;;;;
2026-01-23;O_EKGYOE0126C23.50;EKGYO_01/2026_AVRUPA_OPSIYON;D_EQ;SSO;D_EQ_ECP;DE_EKGYO_ECP;EKGYO.E;2026-01-30;0.58;0.41;41.46;0.39;0.39;0.44;0.4;0.4;28200;485;12;8;1727;-12;;;;;
2026-01-23;O_EKGYOE0126C24.00;EKGYO_01/2026_AVRUPA_OPSIYON;D_EQ;SSO;D_EQ_ECP;DE_EKGYO_ECP;EKGYO.E;2026-01-30;0.37;0.25;48;0;0;0;0;0;0;0;0;0;2601;0;;;;;
2026-01-23;O_EKGYOE0126C24.50;EKGYO_01/2026_AVRUPA_OPSIYON;D_EQ;SSO;D_EQ_ECP;DE_EKGYO_ECP;EKGYO.E;2026-01-30;0.22;0.14;57.14;0.18;0.16;0.18;0.16;0.17;4900;34;2;2;100;0;;;;;
2026-01-23;O_EKGYOE0126C25.00;EKGYO_01/2026_AVRUPA_OPSIYON;D_EQ;SSO;D_EQ_ECP;DE_EKGYO_ECP;EKGYO.E;2026-01-30;0.12;0.08;50;0;0;0;0;0;0;0;0;0;2;0;;;;;
2026-01-23;O_EKGYOE0126C26.00;EKGYO_01/2026_AVRUPA_OPSIYON;D_EQ;SSO;D_EQ_ECP;DE_EKGYO_ECP;EKGYO.E;2026-01-30;0.03;0.02;50;0;0;0;0;0;0;0;0;0;0;0;;;;;
2026-01-23;O_EKGYOE0126C27.00;EKGYO_01/2026_AVRUPA_OPSIYON;D_EQ;SSO;D_EQ_ECP;DE_EKGYO_ECP;EKGYO.E;2026-01-30;0.01;0.01;0;0;0;0;0;0;0;0;0;0;0;0;;;;;
2026-01-23;O_EKGYOE0126P16.50;EKGYO_01/2026_AVRUPA_OPSIYON;D_EQ;SSO;D_EQ_EPP;DE_EKGYO_EPP;EKGYO.E;2026-01-30;0.01;0.01;0;0;0;0;0;0;0;0;0;0;0;0;;;;;
2026-01-23;O_EKGYOE0126P17.00;EKGYO_01/2026_AVRUPA_OPSIYON;D_EQ;SSO;D_EQ_EPP;DE_EKGYO_EPP;EKGYO.E;2026-01-30;0.01;0.01;0;0;0;0;0;0;0;0;0;0;0;0;;;;;
2026-01-23;O_EKGYOE0126P17.50;EKGYO_01/2026_AVRUPA_OPSIYON;D_EQ;SSO;D_EQ_EPP;DE_EKGYO_EPP;EKGYO.E;2026-01-30;0.01;0.01;0;0;0;0;0;0;0;0;0;0;0;0;;;;;
2026-01-23;O_EKGYOE0126P18.00;EKGYO_01/2026_AVRUPA_OPSIYON;D_EQ;SSO;D_EQ_EPP;DE_EKGYO_EPP;EKGYO.E;2026-01-30;0.01;0.01;0;0;0;0;0;0;0;0;0;0;0;0;;;;;
2026-01-23;O_EKGYOE0126P18.50;EKGYO_01/2026_AVRUPA_OPSIYON;D_EQ;SSO;D_EQ_EPP;DE_EKGYO_EPP;EKGYO.E;2026-01-30;0.01;0.01;0;0;0;0;0;0;0;0;0;0;280;0;;;;;
2026-01-23;O_EKGYOE0126P19.00;EKGYO_01/2026_AVRUPA_OPSIYON;D_EQ;SSO;D_EQ_EPP;DE_EKGYO_EPP;EKGYO.E;2026-01-30;0.01;0.01;0;0;0;0;0;0;0;0;0;0;607;0;;;;;
2026-01-23;O_EKGYOE0126P19.50;EKGYO_01/2026_AVRUPA_OPSIYON;D_EQ;SSO;D_EQ_EPP;DE_EKGYO_EPP;EKGYO.E;2026-01-30;0.01;0.01;0;0;0;0;0;0;0;0;0;0;8;0;;;;;
2026-01-23;O_EKGYOE0126P20.00;EKGYO_01/2026_AVRUPA_OPSIYON;D_EQ;SSO;D_EQ_EPP;DE_EKGYO_EPP;EKGYO.E;2026-01-30;0.01;0.01;0;0;0;0;0;0;0;0;0;0;1755;0;;;;;
2026-01-23;O_EKGYOE0126P20.50;EKGYO_01/2026_AVRUPA_OPSIYON;D_EQ;SSO;D_EQ_EPP;DE_EKGYO_EPP;EKGYO.E;2026-01-30;0.01;0.02;-50;0;0;0;0;0;0;0;0;0;5209;0;;;;;
2026-01-23;O_EKGYOE0126P21.00;EKGYO_01/2026_AVRUPA_OPSIYON;D_EQ;SSO;D_EQ_EPP;DE_EKGYO_EPP;EKGYO.E;2026-01-30;0.01;0.04;-75;0;0;0;0;0;0;0;0;0;22730;0;;;;;
2026-01-23;O_EKGYOE0126P21.50;EKGYO_01/2026_AVRUPA_OPSIYON;D_EQ;SSO;D_EQ_EPP;DE_EKGYO_EPP;EKGYO.E;2026-01-30;0.04;0.09;-55.56;0;0;0;0;0;0;0;0;0;6168;0;;;;;
2026-01-23;O_EKGYOE0126P22.00;EKGYO_01/2026_AVRUPA_OPSIYON;D_EQ;SSO;D_EQ_EPP;DE_EKGYO_EPP;EKGYO.E;2026-01-30;0.08;0.17;-52.94;0;0;0;0;0;0;0;0;0;1450;0;;;;;
2026-01-23;O_EKGYOE0126P22.50;EKGYO_01/2026_AVRUPA_OPSIYON;D_EQ;SSO;D_EQ_EPP;DE_EKGYO_EPP;EKGYO.E;2026-01-30;0.16;0.31;-48.39;0;0;0;0;0;0;0;0;0;100;0;;;;;
2026-01-23;O_EKGYOE0126P23.00;EKGYO_01/2026_AVRUPA_OPSIYON;D_EQ;SSO;D_EQ_EPP;DE_EKGYO_EPP;EKGYO.E;2026-01-30;0.31;0.52;-40.38;0;0;0;0;0;0;0;0;0;3500;0;;;;;
2026-01-23;O_EKGYOE0126P23.50;EKGYO_01/2026_AVRUPA_OPSIYON;D_EQ;SSO;D_EQ_EPP;DE_EKGYO_EPP;EKGYO.E;2026-01-30;0.51;0.79;-35.44;0;0;0;0;0;0;0;0;0;2959;0;;;;;
2026-01-23;O_EKGYOE0226C21.00;EKGYO_02/2026_AVRUPA_OPSIYON;D_EQ;SSO;D_EQ_ECP;DE_EKGYO_ECP;EKGYO.E;2026-02-27;3.38;2.99;13.04;0;0;0;0;0;0;0;0;0;0;0;;;;;
2026-01-23;O_EKGYOE0226C21.50;EKGYO_02/2026_AVRUPA_OPSIYON;D_EQ;SSO;D_EQ_ECP;DE_EKGYO_ECP;EKGYO.E;2026-02-27;2.97;2.61;13.79;0;0;0;0;0;0;0;0;0;0;0;;;;;
2026-01-23;O_EKGYOE0226C22.00;EKGYO_02/2026_AVRUPA_OPSIYON;D_EQ;SSO;D_EQ_ECP;DE_EKGYO_ECP;EKGYO.E;2026-02-27;2.59;2.25;15.11;0;0;0;0;0;0;0;0;0;345;0;;;;;
2026-01-23;O_EKGYOE0226C22.50;EKGYO_02/2026_AVRUPA_OPSIYON;D_EQ;SSO;D_EQ_ECP;DE_EKGYO_ECP;EKGYO.E;2026-02-27;2.24;1.92;16.67;0;0;0;0;0;0;0;0;0;500;0;;;;;
2026-01-23;O_EKGYOE0226C23.00;EKGYO_02/2026_AVRUPA_OPSIYON;D_EQ;SSO;D_EQ_ECP;DE_EKGYO_ECP;EKGYO.E;2026-02-27;1.91;1.62;17.9;0;0;0;0;0;0;0;0;0;300;0;;;;;
2026-01-23;O_EKGYOE0226C23.50;EKGYO_02/2026_AVRUPA_OPSIYON;D_EQ;SSO;D_EQ_ECP;DE_EKGYO_ECP;EKGYO.E;2026-02-27;1.61;1.36;18.38;0;0;0;0;0;0;0;0;0;300;0;;;;;
2026-01-23;O_EKGYOE0226C24.00;EKGYO_02/2026_AVRUPA_OPSIYON;D_EQ;SSO;D_EQ_ECP;DE_EKGYO_ECP;EKGYO.E;2026-02-27;1.35;1.13;19.47;0;0;0;0;0;0;0;0;0;599;0;;;;;
2026-01-23;O_EKGYOE0226C24.50;EKGYO_02/2026_AVRUPA_OPSIYON;D_EQ;SSO;D_EQ_ECP;DE_EKGYO_ECP;EKGYO.E;2026-02-27;1.12;0.93;20.43;0;0;0;0;0;0;0;0;0;4000;0;;;;;
2026-01-23;O_EKGYOE0226C25.00;EKGYO_02/2026_AVRUPA_OPSIYON;D_EQ;SSO;D_EQ_ECP;DE_EKGYO_ECP;EKGYO.E;2026-02-27;0.92;0.76;21.05;0.63;0.63;0.63;0.63;0.63;7500;189;3;1;1003;3;;;;;
2026-01-23;O_EKGYOE0226C26.00;EKGYO_02/2026_AVRUPA_OPSIYON;D_EQ;SSO;D_EQ_ECP;DE_EKGYO_ECP;EKGYO.E;2026-02-27;0.62;0.51;21.57;0.36;0.3;0.36;0.33;0.32;65000;798;25;15;25;25;;;;;
2026-01-23;O_EKGYOE0226C27.00;EKGYO_02/2026_AVRUPA_OPSIYON;D_EQ;SSO;D_EQ_ECP;DE_EKGYO_ECP;EKGYO.E;2026-02-27;0.41;0.34;20.59;0;0;0;0;0;0;0;0;0;0;0;;;;;
2026-01-23;O_EKGYOE0226C28.00;EKGYO_02/2026_AVRUPA_OPSIYON;D_EQ;SSO;D_EQ_ECP;DE_EKGYO_ECP;EKGYO.E;2026-02-27;0.27;0.22;22.73;0;0;0;0;0;0;0;0;0;0;0;;;;;
2026-01-23;O_EKGYOE0226P18.50;EKGYO_02/2026_AVRUPA_OPSIYON;D_EQ;SSO;D_EQ_EPP;DE_EKGYO_EPP;EKGYO.E;2026-02-27;0.03;0.05;-40;0;0;0;0;0;0;0;0;0;0;0;;;;;
2026-01-23;O_EKGYOE0226P19.00;EKGYO_02/2026_AVRUPA_OPSIYON;D_EQ;SSO;D_EQ_EPP;DE_EKGYO_EPP;EKGYO.E;2026-02-27;0.05;0.07;-28.57;0;0;0;0;0;0;0;0;0;1000;0;;;;;
2026-01-23;O_EKGYOE0226P19.50;EKGYO_02/2026_AVRUPA_OPSIYON;D_EQ;SSO;D_EQ_EPP;DE_EKGYO_EPP;EKGYO.E;2026-02-27;0.08;0.11;-27.27;0;0;0;0;0;0;0;0;0;3600;0;;;;;
2026-01-23;O_EKGYOE0226P20.00;EKGYO_02/2026_AVRUPA_OPSIYON;D_EQ;SSO;D_EQ_EPP;DE_EKGYO_EPP;EKGYO.E;2026-02-27;0.11;0.15;-26.67;0;0;0;0;0;0;0;0;0;3501;0;;;;;
2026-01-23;O_EKGYOE0226P20.50;EKGYO_02/2026_AVRUPA_OPSIYON;D_EQ;SSO;D_EQ_EPP;DE_EKGYO_EPP;EKGYO.E;2026-02-27;0.16;0.22;-27.27;0;0;0;0;0;0;0;0;0;0;0;;;;;
2026-01-23;O_EKGYOE0226P21.00;EKGYO_02/2026_AVRUPA_OPSIYON;D_EQ;SSO;D_EQ_EPP;DE_EKGYO_EPP;EKGYO.E;2026-02-27;0.22;0.3;-26.67;0;0;0;0;0;0;0;0;0;685;0;;;;;
2026-01-23;O_EKGYOE0226P21.50;EKGYO_02/2026_AVRUPA_OPSIYON;D_EQ;SSO;D_EQ_EPP;DE_EKGYO_EPP;EKGYO.E;2026-02-27;0.31;0.4;-22.5;0;0;0;0;0;0;0;0;0;2502;0;;;;;
2026-01-23;O_EKGYOE0226P22.00;EKGYO_02/2026_AVRUPA_OPSIYON;D_EQ;SSO;D_EQ_EPP;DE_EKGYO_EPP;EKGYO.E;2026-02-27;0.41;0.52;-21.15;0;0;0;0;0;0;0;0;0;0;0;;;;;
2026-01-23;O_EKGYOE0226P22.50;EKGYO_02/2026_AVRUPA_OPSIYON;D_EQ;SSO;D_EQ_EPP;DE_EKGYO_EPP;EKGYO.E;2026-02-27;0.53;0.67;-20.9;0;0;0;0;0;0;0;0;0;200;0;;;;;
2026-01-23;O_EKGYOE0226P23.00;EKGYO_02/2026_AVRUPA_OPSIYON;D_EQ;SSO;D_EQ_EPP;DE_EKGYO_EPP;EKGYO.E;2026-02-27;0.68;0.86;-20.93;0.55;0.55;0.55;0.55;0.55;23000;550;10;1;210;10;;;;;
2026-01-23;O_EKGYOE0226P23.50;EKGYO_02/2026_AVRUPA_OPSIYON;D_EQ;SSO;D_EQ_EPP;DE_EKGYO_EPP;EKGYO.E;2026-02-27;0.87;1.07;-18.69;0;0;0;0;0;0;0;0;0;680;0;;;;;
2026-01-23;O_EKGYOE0226P24.00;EKGYO_02/2026_AVRUPA_OPSIYON;D_EQ;SSO;D_EQ_EPP;DE_EKGYO_EPP;EKGYO.E;2026-02-27;1.09;1.32;-17.42;0;0;0;0;0;0;0;0;0;0;0;;;;;
2026-01-23;O_EKGYOE0326C21.50;EKGYO_03/2026_AVRUPA_OPSIYON;D_EQ;SSO;D_EQ_ECP;DE_EKGYO_ECP;EKGYO.E;2026-03-31;4.06;3.68;10.33;0;0;0;0;0;0;0;0;0;0;0;;;;;
2026-01-23;O_EKGYOE0326C22.00;EKGYO_03/2026_AVRUPA_OPSIYON;D_EQ;SSO;D_EQ_ECP;DE_EKGYO_ECP;EKGYO.E;2026-03-31;3.7;3.33;11.11;0;0;0;0;0;0;0;0;0;0;0;;;;;
2026-01-23;O_EKGYOE0326C22.50;EKGYO_03/2026_AVRUPA_OPSIYON;D_EQ;SSO;D_EQ_ECP;DE_EKGYO_ECP;EKGYO.E;2026-03-31;3.35;3;11.67;0;0;0;0;0;0;0;0;0;0;0;;;;;
2026-01-23;O_EKGYOE0326C23.00;EKGYO_03/2026_AVRUPA_OPSIYON;D_EQ;SSO;D_EQ_ECP;DE_EKGYO_ECP;EKGYO.E;2026-03-31;3.02;2.69;12.27;0;0;0;0;0;0;0;0;0;0;0;;;;;
2026-01-23;O_EKGYOE0326C23.50;EKGYO_03/2026_AVRUPA_OPSIYON;D_EQ;SSO;D_EQ_ECP;DE_EKGYO_ECP;EKGYO.E;2026-03-31;2.7;2.39;12.97;0;0;0;0;0;0;0;0;0;0;0;;;;;
2026-01-23;O_EKGYOE0326C24.00;EKGYO_03/2026_AVRUPA_OPSIYON;D_EQ;SSO;D_EQ_ECP;DE_EKGYO_ECP;EKGYO.E;2026-03-31;2.41;2.13;13.15;0;0;0;0;0;0;0;0;0;0;0;;;;;
2026-01-23;O_EKGYOE0326C24.50;EKGYO_03/2026_AVRUPA_OPSIYON;D_EQ;SSO;D_EQ_ECP;DE_EKGYO_ECP;EKGYO.E;2026-03-31;2.14;1.88;13.83;0;0;0;0;0;0;0;0;0;0;0;;;;;
2026-01-23;O_EKGYOE0326C25.00;EKGYO_03/2026_AVRUPA_OPSIYON;D_EQ;SSO;D_EQ_ECP;DE_EKGYO_ECP;EKGYO.E;2026-03-31;1.9;1.66;14.46;0;0;0;0;0;0;0;0;0;0;0;;;;;
2026-01-23;O_EKGYOE0326C26.00;EKGYO_03/2026_AVRUPA_OPSIYON;D_EQ;SSO;D_EQ_ECP;DE_EKGYO_ECP;EKGYO.E;2026-03-31;1.48;1.29;14.73;0;0;0;0;0;0;0;0;0;0;0;;;;;
2026-01-23;O_EKGYOE0326C27.00;EKGYO_03/2026_AVRUPA_OPSIYON;D_EQ;SSO;D_EQ_ECP;DE_EKGYO_ECP;EKGYO.E;2026-03-31;1.16;1.01;14.85;0;0;0;0;0;0;0;0;0;0;0;;;;;
2026-01-23;O_EKGYOE0326C28.00;EKGYO_03/2026_AVRUPA_OPSIYON;D_EQ;SSO;D_EQ_ECP;DE_EKGYO_ECP;EKGYO.E;2026-03-31;0.91;0.79;15.19;0;0;0;0;0;0;0;0;0;0;0;;;;;
2026-01-23;O_EKGYOE0326C29.00;EKGYO_03/2026_AVRUPA_OPSIYON;D_EQ;SSO;D_EQ_ECP;DE_EKGYO_ECP;EKGYO.E;2026-03-31;0.71;0.61;16.39;0;0;0;0;0;0;0;0;0;0;0;;;;;
2026-01-23;O_EKGYOE0326C30.00;EKGYO_03/2026_AVRUPA_OPSIYON;D_EQ;SSO;D_EQ_ECP;DE_EKGYO_ECP;EKGYO.E;2026-03-31;0.56;0.48;16.67;0;0;0;0;0;0;0;0;0;0;0;;;;;
2026-01-23;O_EKGYOE0326P19.00;EKGYO_03/2026_AVRUPA_OPSIYON;D_EQ;SSO;D_EQ_EPP;DE_EKGYO_EPP;EKGYO.E;2026-03-31;0.13;0.16;-18.75;0;0;0;0;0;0;0;0;0;0;0;;;;;
2026-01-23;O_EKGYOE0326P19.50;EKGYO_03/2026_AVRUPA_OPSIYON;D_EQ;SSO;D_EQ_EPP;DE_EKGYO_EPP;EKGYO.E;2026-03-31;0.17;0.2;-15;0;0;0;0;0;0;0;0;0;0;0;;;;;
2026-01-23;O_EKGYOE0326P20.00;EKGYO_03/2026_AVRUPA_OPSIYON;D_EQ;SSO;D_EQ_EPP;DE_EKGYO_EPP;EKGYO.E;2026-03-31;0.21;0.26;-19.23;0;0;0;0;0;0;0;0;0;0;0;;;;;
2026-01-23;O_EKGYOE0326P20.50;EKGYO_03/2026_AVRUPA_OPSIYON;D_EQ;SSO;D_EQ_EPP;DE_EKGYO_EPP;EKGYO.E;2026-03-31;0.27;0.33;-18.18;0;0;0;0;0;0;0;0;0;0;0;;;;;
2026-01-23;O_EKGYOE0326P21.00;EKGYO_03/2026_AVRUPA_OPSIYON;D_EQ;SSO;D_EQ_EPP;DE_EKGYO_EPP;EKGYO.E;2026-03-31;0.34;0.41;-17.07;0;0;0;0;0;0;0;0;0;0;0;;;;;
2026-01-23;O_EKGYOE0326P21.50;EKGYO_03/2026_AVRUPA_OPSIYON;D_EQ;SSO;D_EQ_EPP;DE_EKGYO_EPP;EKGYO.E;2026-03-31;0.42;0.5;-16;0;0;0;0;0;0;0;0;0;0;0;;;;;
2026-01-23;O_EKGYOE0326P22.00;EKGYO_03/2026_AVRUPA_OPSIYON;D_EQ;SSO;D_EQ_EPP;DE_EKGYO_EPP;EKGYO.E;2026-03-31;0.52;0.61;-14.75;0;0;0;0;0;0;0;0;0;0;0;;;;;
2026-01-23;O_EKGYOE0326P22.50;EKGYO_03/2026_AVRUPA_OPSIYON;D_EQ;SSO;D_EQ_EPP;DE_EKGYO_EPP;EKGYO.E;2026-03-31;0.63;0.73;-13.7;0;0;0;0;0;0;0;0;0;0;0;;;;;
2026-01-23;O_EKGYOE0326P23.00;EKGYO_03/2026_AVRUPA_OPSIYON;D_EQ;SSO;D_EQ_EPP;DE_EKGYO_EPP;EKGYO.E;2026-03-31;0.75;0.88;-14.77;0;0;0;0;0;0;0;0;0;0;0;;;;;
2026-01-23;O_EKGYOE0326P23.50;EKGYO_03/2026_AVRUPA_OPSIYON;D_EQ;SSO;D_EQ_EPP;DE_EKGYO_EPP;EKGYO.E;2026-03-31;0.9;1.04;-13.46;0;0;0;0;0;0;0;0;0;0;0;;;;;
2026-01-23;O_EKGYOE0326P24.00;EKGYO_03/2026_AVRUPA_OPSIYON;D_EQ;SSO;D_EQ_EPP;DE_EKGYO_EPP;EKGYO.E;2026-03-31;1.06;1.23;-13.82;0;0;0;0;0;0;0;0;0;0;0;;;;;
2026-01-23;O_EKGYOE0326P24.50;EKGYO_03/2026_AVRUPA_OPSIYON;D_EQ;SSO;D_EQ_EPP;DE_EKGYO_EPP;EKGYO.E;2026-03-31;1.26;1.45;-13.1;0;0;0;0;0;0;0;0;0;0;0;;;;;
2026-01-23;O_EKGYOE0326P25.00;EKGYO_03/2026_AVRUPA_OPSIYON;D_EQ;SSO;D_EQ_EPP;DE_EKGYO_EPP;EKGYO.E;2026-03-31;1.47;1.69;-13.02;0;0;0;0;0;0;0;0;0;0;0;;;;;
2026-01-23;O_ENKAIE0126C78.00;ENKAI_01/2026_AVRUPA_OPSIYON;D_EQ;SSO;D_EQ_ECP;DE_ENKAI_ECP;ENKAI.E;2026-01-30;6.78;5.13;32.16;0;0;0;0;0;0;0;0;0;38;0;;;;;
2026-01-23;O_ENKAIE0126C80.00;ENKAI_01/2026_AVRUPA_OPSIYON;D_EQ;SSO;D_EQ_ECP;DE_ENKAI_ECP;ENKAI.E;2026-01-30;4.99;3.57;39.78;3.35;3.35;3.35;3.35;3.35;200000;8375;25;1;112;0;;;;;
2026-01-23;O_ENKAIE0126C82.00;ENKAI_01/2026_AVRUPA_OPSIYON;D_EQ;SSO;D_EQ_ECP;DE_ENKAI_ECP;ENKAI.E;2026-01-30;3.42;2.29;49.34;0;0;0;0;0;0;0;0;0;2022;0;;;;;
2026-01-23;O_ENKAIE0126C84.00;ENKAI_01/2026_AVRUPA_OPSIYON;D_EQ;SSO;D_EQ_ECP;DE_ENKAI_ECP;ENKAI.E;2026-01-30;2.15;1.35;59.26;0;0;0;0;0;0;0;0;0;2110;0;;;;;
2026-01-23;O_ENKAIE0126C86.00;ENKAI_01/2026_AVRUPA_OPSIYON;D_EQ;SSO;D_EQ_ECP;DE_ENKAI_ECP;ENKAI.E;2026-01-30;1.22;0.72;69.44;0;0;0;0;0;0;0;0;0;2700;0;;;;;
2026-01-23;O_ENKAIE0126C88.00;ENKAI_01/2026_AVRUPA_OPSIYON;D_EQ;SSO;D_EQ_ECP;DE_ENKAI_ECP;ENKAI.E;2026-01-30;0.63;0.35;80;0;0;0;0;0;0;0;0;0;1000;0;;;;;
2026-01-23;O_ENKAIE0126C90.00;ENKAI_01/2026_AVRUPA_OPSIYON;D_EQ;SSO;D_EQ_ECP;DE_ENKAI_ECP;ENKAI.E;2026-01-30;0.29;0.16;81.25;0;0;0;0;0;0;0;0;0;0;0;;;;;
2026-01-23;O_ENKAIE0126C92.00;ENKAI_01/2026_AVRUPA_OPSIYON;D_EQ;SSO;D_EQ_ECP;DE_ENKAI_ECP;ENKAI.E;2026-01-30;0.12;0.06;100;0;0;0;0;0;0;0;0;0;0;0;;;;;
2026-01-23;O_ENKAIE0126C94.00;ENKAI_01/2026_AVRUPA_OPSIYON;D_EQ;SSO;D_EQ_ECP;DE_ENKAI_ECP;ENKAI.E;2026-01-30;0.05;0.02;150;0;0;0;0;0;0;0;0;0;100;0;;;;;
2026-01-23;O_ENKAIE0126C96.00;ENKAI_01/2026_AVRUPA_OPSIYON;D_EQ;SSO;D_EQ_ECP;DE_ENKAI_ECP;ENKAI.E;2026-01-30;0.02;0.01;100;0;0;0;0;0;0;0;0;0;281;0;;;;;
2026-01-23;O_ENKAIE0126C98.00;ENKAI_01/2026_AVRUPA_OPSIYON;D_EQ;SSO;D_EQ_ECP;DE_ENKAI_ECP;ENKAI.E;2026-01-30;0.01;0.01;0;0;0;0;0;0;0;0;0;0;124;0;;;;;
2026-01-23;O_ENKAIE0126P68.00;ENKAI_01/2026_AVRUPA_OPSIYON;D_EQ;SSO;D_EQ_EPP;DE_ENKAI_EPP;ENKAI.E;2026-01-30;0.01;0.01;0;0;0;0;0;0;0;0;0;0;114;0;;;;;
2026-01-23;O_ENKAIE0126P70.00;ENKAI_01/2026_AVRUPA_OPSIYON;D_EQ;SSO;D_EQ_EPP;DE_ENKAI_EPP;ENKAI.E;2026-01-30;0.01;0.01;0;0;0;0;0;0;0;0;0;0;0;0;;;;;
2026-01-23;O_ENKAIE0126P72.00;ENKAI_01/2026_AVRUPA_OPSIYON;D_EQ;SSO;D_EQ_EPP;DE_ENKAI_EPP;ENKAI.E;2026-01-30;0.01;0.01;0;0;0;0;0;0;0;0;0;0;39;0;;;;;
2026-01-23;O_ENKAIE0126P74.00;ENKAI_01/2026_AVRUPA_OPSIYON;D_EQ;SSO;D_EQ_EPP;DE_ENKAI_EPP;ENKAI.E;2026-01-30;0.01;0.04;-75;0;0;0;0;0;0;0;0;0;1;0;;;;;
2026-01-23;O_ENKAIE0126P76.00;ENKAI_01/2026_AVRUPA_OPSIYON;D_EQ;SSO;D_EQ_EPP;DE_ENKAI_EPP;ENKAI.E;2026-01-30;0.03;0.13;-76.92;0;0;0;0;0;0;0;0;0;160;0;;;;;
2026-01-23;O_ENKAIE0126P78.00;ENKAI_01/2026_AVRUPA_OPSIYON;D_EQ;SSO;D_EQ_EPP;DE_ENKAI_EPP;ENKAI.E;2026-01-30;0.11;0.34;-67.65;0;0;0;0;0;0;0;0;0;403;0;;;;;
2026-01-23;O_ENKAIE0126P80.00;ENKAI_01/2026_AVRUPA_OPSIYON;D_EQ;SSO;D_EQ_EPP;DE_ENKAI_EPP;ENKAI.E;2026-01-30;0.31;0.75;-58.67;0;0;0;0;0;0;0;0;0;50;0;;;;;
2026-01-23;O_ENKAIE0126P82.00;ENKAI_01/2026_AVRUPA_OPSIYON;D_EQ;SSO;D_EQ_EPP;DE_ENKAI_EPP;ENKAI.E;2026-01-30;0.72;1.46;-50.68;0;0;0;0;0;0;0;0;0;298;0;;;;;
2026-01-23;O_ENKAIE0126P84.00;ENKAI_01/2026_AVRUPA_OPSIYON;D_EQ;SSO;D_EQ_EPP;DE_ENKAI_EPP;ENKAI.E;2026-01-30;1.44;2.5;-42.4;0;0;0;0;0;0;0;0;0;105;0;;;;;
2026-01-23;O_ENKAIE0126P86.00;ENKAI_01/2026_AVRUPA_OPSIYON;D_EQ;SSO;D_EQ_EPP;DE_ENKAI_EPP;ENKAI.E;2026-01-30;2.5;3.86;-35.23;0;0;0;0;0;0;0;0;0;576;0;;;;;
2026-01-23;O_ENKAIE0126P88.00;ENKAI_01/2026_AVRUPA_OPSIYON;D_EQ;SSO;D_EQ_EPP;DE_ENKAI_EPP;ENKAI.E;2026-01-30;3.89;5.47;-28.88;0;0;0;0;0;0;0;0;0;510;0;;;;;
2026-01-23;O_ENKAIE0226C100.00;ENKAI_02/2026_AVRUPA_OPSIYON;D_EQ;SSO;D_EQ_ECP;DE_ENKAI_ECP;ENKAI.E;2026-02-27;0.69;0.49;40.82;0;0;0;0;0;0;0;0;0;0;0;;;;;
2026-01-23;O_ENKAIE0226C80.00;ENKAI_02/2026_AVRUPA_OPSIYON;D_EQ;SSO;D_EQ_ECP;DE_ENKAI_ECP;ENKAI.E;2026-02-27;8.28;6.9;20;0;0;0;0;0;0;0;0;0;39;0;;;;;
2026-01-23;O_ENKAIE0226C82.00;ENKAI_02/2026_AVRUPA_OPSIYON;D_EQ;SSO;D_EQ_ECP;DE_ENKAI_ECP;ENKAI.E;2026-02-27;6.89;5.65;21.95;5.9;5.9;5.9;5.9;5.9;8200;590;1;1;126;1;;;;;
2026-01-23;O_ENKAIE0226C84.00;ENKAI_02/2026_AVRUPA_OPSIYON;D_EQ;SSO;D_EQ_ECP;DE_ENKAI_ECP;ENKAI.E;2026-02-27;5.65;4.56;23.9;0;0;0;0;0;0;0;0;0;50;0;;;;;
2026-01-23;O_ENKAIE0226C86.00;ENKAI_02/2026_AVRUPA_OPSIYON;D_EQ;SSO;D_EQ_ECP;DE_ENKAI_ECP;ENKAI.E;2026-02-27;4.56;3.62;25.97;0;0;0;0;0;0;0;0;0;50;0;;;;;
2026-01-23;O_ENKAIE0226C88.00;ENKAI_02/2026_AVRUPA_OPSIYON;D_EQ;SSO;D_EQ_ECP;DE_ENKAI_ECP;ENKAI.E;2026-02-27;3.62;2.83;27.92;0;0;0;0;0;0;0;0;0;25;0;;;;;
2026-01-23;O_ENKAIE0226C90.00;ENKAI_02/2026_AVRUPA_OPSIYON;D_EQ;SSO;D_EQ_ECP;DE_ENKAI_ECP;ENKAI.E;2026-02-27;2.84;2.18;30.28;0;0;0;0;0;0;0;0;0;0;0;;;;;
2026-01-23;O_ENKAIE0226C92.00;ENKAI_02/2026_AVRUPA_OPSIYON;D_EQ;SSO;D_EQ_ECP;DE_ENKAI_ECP;ENKAI.E;2026-02-27;2.19;1.66;31.93;0;0;0;0;0;0;0;0;0;100;0;;;;;
2026-01-23;O_ENKAIE0226C94.00;ENKAI_02/2026_AVRUPA_OPSIYON;D_EQ;SSO;D_EQ_ECP;DE_ENKAI_ECP;ENKAI.E;2026-02-27;1.67;1.25;33.6;0;0;0;0;0;0;0;0;0;717;0;;;;;
2026-01-23;O_ENKAIE0226C96.00;ENKAI_02/2026_AVRUPA_OPSIYON;D_EQ;SSO;D_EQ_ECP;DE_ENKAI_ECP;ENKAI.E;2026-02-27;1.26;0.93;35.48;0;0;0;0;0;0;0;0;0;0;0;;;;;
2026-01-23;O_ENKAIE0226C98.00;ENKAI_02/2026_AVRUPA_OPSIYON;D_EQ;SSO;D_EQ_ECP;DE_ENKAI_ECP;ENKAI.E;2026-02-27;0.94;0.68;38.24;0;0;0;0;0;0;0;0;0;0;0;;;;;
2026-01-23;O_ENKAIE0226P70.00;ENKAI_02/2026_AVRUPA_OPSIYON;D_EQ;SSO;D_EQ_EPP;DE_ENKAI_EPP;ENKAI.E;2026-02-27;0.13;0.2;-35;0;0;0;0;0;0;0;0;0;438;0;;;;;
2026-01-23;O_ENKAIE0226P72.00;ENKAI_02/2026_AVRUPA_OPSIYON;D_EQ;SSO;D_EQ_EPP;DE_ENKAI_EPP;ENKAI.E;2026-02-27;0.22;0.35;-37.14;0;0;0;0;0;0;0;0;0;417;0;;;;;
2026-01-23;O_ENKAIE0226P74.00;ENKAI_02/2026_AVRUPA_OPSIYON;D_EQ;SSO;D_EQ_EPP;DE_ENKAI_EPP;ENKAI.E;2026-02-27;0.37;0.56;-33.93;0;0;0;0;0;0;0;0;0;0;0;;;;;
2026-01-23;O_ENKAIE0226P76.00;ENKAI_02/2026_AVRUPA_OPSIYON;D_EQ;SSO;D_EQ_EPP;DE_ENKAI_EPP;ENKAI.E;2026-02-27;0.59;0.86;-31.4;0;0;0;0;0;0;0;0;0;55;0;;;;;
2026-01-23;O_ENKAIE0226P78.00;ENKAI_02/2026_AVRUPA_OPSIYON;D_EQ;SSO;D_EQ_EPP;DE_ENKAI_EPP;ENKAI.E;2026-02-27;0.9;1.27;-29.13;0;0;0;0;0;0;0;0;0;0;0;;;;;
2026-01-23;O_ENKAIE0226P80.00;ENKAI_02/2026_AVRUPA_OPSIYON;D_EQ;SSO;D_EQ_EPP;DE_ENKAI_EPP;ENKAI.E;2026-02-27;1.31;1.8;-27.22;1.44;1.34;1.5;1.34;1.46;8000000;145996;1000;14;2300;-1000;;;;;
2026-01-23;O_ENKAIE0226P82.00;ENKAI_02/2026_AVRUPA_OPSIYON;D_EQ;SSO;D_EQ_EPP;DE_ENKAI_EPP;ENKAI.E;2026-02-27;1.85;2.48;-25.4;0;0;0;0;0;0;0;0;0;50;0;;;;;
2026-01-23;O_ENKAIE0226P84.00;ENKAI_02/2026_AVRUPA_OPSIYON;D_EQ;SSO;D_EQ_EPP;DE_ENKAI_EPP;ENKAI.E;2026-02-27;2.54;3.32;-23.49;0;0;0;0;0;0;0;0;0;25;0;;;;;
2026-01-23;O_ENKAIE0226P86.00;ENKAI_02/2026_AVRUPA_OPSIYON;D_EQ;SSO;D_EQ_EPP;DE_ENKAI_EPP;ENKAI.E;2026-02-27;3.38;4.31;-21.58;0;0;0;0;0;0;0;0;0;103;0;;;;;
2026-01-23;O_ENKAIE0226P88.00;ENKAI_02/2026_AVRUPA_OPSIYON;D_EQ;SSO;D_EQ_EPP;DE_ENKAI_EPP;ENKAI.E;2026-02-27;4.37;5.44;-19.67;0;0;0;0;0;0;0;0;0;0;0;;;;;
2026-01-23;O_ENKAIE0226P90.00;ENKAI_02/2026_AVRUPA_OPSIYON;D_EQ;SSO;D_EQ_EPP;DE_ENKAI_EPP;ENKAI.E;2026-02-27;5.52;6.72;-17.86;0;0;0;0;0;0;0;0;0;0;0;;;;;
2026-01-23;O_ENKAIE0326C100.00;ENKAI_03/2026_AVRUPA_OPSIYON;D_EQ;SSO;D_EQ_ECP;DE_ENKAI_ECP;ENKAI.E;2026-03-31;2.72;2.2;23.64;0;0;0;0;0;0;0;0;0;0;0;;;;;
2026-01-23;O_ENKAIE0326C105.00;ENKAI_03/2026_AVRUPA_OPSIYON;D_EQ;SSO;D_EQ_ECP;DE_ENKAI_ECP;ENKAI.E;2026-03-31;1.73;1.37;26.28;0;0;0;0;0;0;0;0;0;0;0;;;;;
2026-01-23;O_ENKAIE0326C82.00;ENKAI_03/2026_AVRUPA_OPSIYON;D_EQ;SSO;D_EQ_ECP;DE_ENKAI_ECP;ENKAI.E;2026-03-31;10.73;9.35;14.76;0;0;0;0;0;0;0;0;0;0;0;;;;;
2026-01-23;O_ENKAIE0326C84.00;ENKAI_03/2026_AVRUPA_OPSIYON;D_EQ;SSO;D_EQ_ECP;DE_ENKAI_ECP;ENKAI.E;2026-03-31;9.44;8.15;15.83;0;0;0;0;0;0;0;0;0;0;0;;;;;
2026-01-23;O_ENKAIE0326C86.00;ENKAI_03/2026_AVRUPA_OPSIYON;D_EQ;SSO;D_EQ_ECP;DE_ENKAI_ECP;ENKAI.E;2026-03-31;8.24;7.06;16.71;0;0;0;0;0;0;0;0;0;0;0;;;;;
2026-01-23;O_ENKAIE0326C88.00;ENKAI_03/2026_AVRUPA_OPSIYON;D_EQ;SSO;D_EQ_ECP;DE_ENKAI_ECP;ENKAI.E;2026-03-31;7.15;6.08;17.6;0;0;0;0;0;0;0;0;0;0;0;;;;;
2026-01-23;O_ENKAIE0326C90.00;ENKAI_03/2026_AVRUPA_OPSIYON;D_EQ;SSO;D_EQ_ECP;DE_ENKAI_ECP;ENKAI.E;2026-03-31;6.16;5.2;18.46;0;0;0;0;0;0;0;0;0;0;0;;;;;
2026-01-23;O_ENKAIE0326C92.00;ENKAI_03/2026_AVRUPA_OPSIYON;D_EQ;SSO;D_EQ_ECP;DE_ENKAI_ECP;ENKAI.E;2026-03-31;5.28;4.42;19.46;0;0;0;0;0;0;0;0;0;0;0;;;;;
2026-01-23;O_ENKAIE0326C94.00;ENKAI_03/2026_AVRUPA_OPSIYON;D_EQ;SSO;D_EQ_ECP;DE_ENKAI_ECP;ENKAI.E;2026-03-31;4.5;3.74;20.32;0;0;0;0;0;0;0;0;0;0;0;;;;;
2026-01-23;O_ENKAIE0326C96.00;ENKAI_03/2026_AVRUPA_OPSIYON;D_EQ;SSO;D_EQ_ECP;DE_ENKAI_ECP;ENKAI.E;2026-03-31;3.82;3.15;21.27;0;0;0;0;0;0;0;0;0;0;0;;;;;
2026-01-23;O_ENKAIE0326C98.00;ENKAI_03/2026_AVRUPA_OPSIYON;D_EQ;SSO;D_EQ_ECP;DE_ENKAI_ECP;ENKAI.E;2026-03-31;3.23;2.64;22.35;0;0;0;0;0;0;0;0;0;0;0;;;;;
2026-01-23;O_ENKAIE0326P72.00;ENKAI_03/2026_AVRUPA_OPSIYON;D_EQ;SSO;D_EQ_EPP;DE_ENKAI_EPP;ENKAI.E;2026-03-31;0.43;0.57;-24.56;0;0;0;0;0;0;0;0;0;0;0;;;;;
2026-01-23;O_ENKAIE0326P74.00;ENKAI_03/2026_AVRUPA_OPSIYON;D_EQ;SSO;D_EQ_EPP;DE_ENKAI_EPP;ENKAI.E;2026-03-31;0.62;0.8;-22.5;0;0;0;0;0;0;0;0;0;0;0;;;;;
2026-01-23;O_ENKAIE0326P76.00;ENKAI_03/2026_AVRUPA_OPSIYON;D_EQ;SSO;D_EQ_EPP;DE_ENKAI_EPP;ENKAI.E;2026-03-31;0.85;1.1;-22.73;0;0;0;0;0;0;0;0;0;0;0;;;;;
2026-01-23;O_ENKAIE0326P78.00;ENKAI_03/2026_AVRUPA_OPSIYON;D_EQ;SSO;D_EQ_EPP;DE_ENKAI_EPP;ENKAI.E;2026-03-31;1.16;1.47;-21.09;0;0;0;0;0;0;0;0;0;0;0;;;;;
2026-01-23;O_ENKAIE0326P80.00;ENKAI_03/2026_AVRUPA_OPSIYON;D_EQ;SSO;D_EQ_EPP;DE_ENKAI_EPP;ENKAI.E;2026-03-31;1.53;1.92;-20.31;0;0;0;0;0;0;0;0;0;0;0;;;;;
2026-01-23;O_ENKAIE0326P82.00;ENKAI_03/2026_AVRUPA_OPSIYON;D_EQ;SSO;D_EQ_EPP;DE_ENKAI_EPP;ENKAI.E;2026-03-31;1.99;2.46;-19.11;0;0;0;0;0;0;0;0;0;0;0;;;;;
2026-01-23;O_ENKAIE0326P84.00;ENKAI_03/2026_AVRUPA_OPSIYON;D_EQ;SSO;D_EQ_EPP;DE_ENKAI_EPP;ENKAI.E;2026-03-31;2.53;3.1;-18.39;0;0;0;0;0;0;0;0;0;0;0;;;;;
2026-01-23;O_ENKAIE0326P86.00;ENKAI_03/2026_AVRUPA_OPSIYON;D_EQ;SSO;D_EQ_EPP;DE_ENKAI_EPP;ENKAI.E;2026-03-31;3.18;3.85;-17.4;0;0;0;0;0;0;0;0;0;0;0;;;;;
2026-01-23;O_ENKAIE0326P88.00;ENKAI_03/2026_AVRUPA_OPSIYON;D_EQ;SSO;D_EQ_EPP;DE_ENKAI_EPP;ENKAI.E;2026-03-31;3.93;4.7;-16.38;0;0;0;0;0;0;0;0;0;0;0;;;;;
2026-01-23;O_ENKAIE0326P90.00;ENKAI_03/2026_AVRUPA_OPSIYON;D_EQ;SSO;D_EQ_EPP;DE_ENKAI_EPP;ENKAI.E;2026-03-31;4.78;5.66;-15.55;0;0;0;0;0;0;0;0;0;0;0;;;;;
2026-01-23;O_ENKAIE0326P92.00;ENKAI_03/2026_AVRUPA_OPSIYON;D_EQ;SSO;D_EQ_EPP;DE_ENKAI_EPP;ENKAI.E;2026-03-31;5.73;6.71;-14.61;0;0;0;0;0;0;0;0;0;0;0;;;;;
2026-01-23;O_EREGLE0126C24.00;EREGL_01/2026_AVRUPA_OPSIYON;D_EQ;SSO;D_EQ_ECP;DE_EREGL_ECP;EREGL.E;2026-01-30;3.24;2.97;9.09;0;0;0;0;0;0;0;0;0;322;0;;;;;
2026-01-23;O_EREGLE0126C24.50;EREGL_01/2026_AVRUPA_OPSIYON;D_EQ;SSO;D_EQ_ECP;DE_EREGL_ECP;EREGL.E;2026-01-30;2.75;2.48;10.89;0;0;0;0;0;0;0;0;0;6500;0;;;;;
2026-01-23;O_EREGLE0126C25.00;EREGL_01/2026_AVRUPA_OPSIYON;D_EQ;SSO;D_EQ_ECP;DE_EREGL_ECP;EREGL.E;2026-01-30;2.26;2.01;12.44;0;0;0;0;0;0;0;0;0;2079;0;;;;;
2026-01-23;O_EREGLE0126C26.00;EREGL_01/2026_AVRUPA_OPSIYON;D_EQ;SSO;D_EQ_ECP;DE_EREGL_ECP;EREGL.E;2026-01-30;1.35;1.16;16.38;1.13;1.13;1.16;1.16;1.14;10400;456;4;4;4229;-3;;;;;
2026-01-23;O_EREGLE0126C27.00;EREGL_01/2026_AVRUPA_OPSIYON;D_EQ;SSO;D_EQ_ECP;DE_EREGL_ECP;EREGL.E;2026-01-30;0.64;0.53;20.75;0.42;0.41;0.42;0.41;0.42;21600;334;8;4;3795;0;;;;;
2026-01-23;O_EREGLE0126C28.00;EREGL_01/2026_AVRUPA_OPSIYON;D_EQ;SSO;D_EQ_ECP;DE_EREGL_ECP;EREGL.E;2026-01-30;0.23;0.19;21.05;0.09;0.09;0.15;0.15;0.12;280000;1200;100;2;7150;0;;;;;
2026-01-23;O_EREGLE0126C29.00;EREGL_01/2026_AVRUPA_OPSIYON;D_EQ;SSO;D_EQ_ECP;DE_EREGL_ECP;EREGL.E;2026-01-30;0.07;0.06;16.67;0;0;0;0;0;0;0;0;0;0;0;;;;;
2026-01-23;O_EREGLE0126C30.00;EREGL_01/2026_AVRUPA_OPSIYON;D_EQ;SSO;D_EQ_ECP;DE_EREGL_ECP;EREGL.E;2026-01-30;0.02;0.02;0;0;0;0;0;0;0;0;0;0;450;0;;;;;
2026-01-23;O_EREGLE0126C31.00;EREGL_01/2026_AVRUPA_OPSIYON;D_EQ;SSO;D_EQ_ECP;DE_EREGL_ECP;EREGL.E;2026-01-30;0.01;0.01;0;0;0;0;0;0;0;0;0;0;50;0;;;;;
2026-01-23;O_EREGLE0126C32.00;EREGL_01/2026_AVRUPA_OPSIYON;D_EQ;SSO;D_EQ_ECP;DE_EREGL_ECP;EREGL.E;2026-01-30;0.01;0.01;0;0;0;0;0;0;0;0;0;0;400;0;;;;;
2026-01-23;O_EREGLE0126C33.00;EREGL_01/2026_AVRUPA_OPSIYON;D_EQ;SSO;D_EQ_ECP;DE_EREGL_ECP;EREGL.E;2026-01-30;0.01;0.01;0;0;0;0;0;0;0;0;0;0;0;0;;;;;
2026-01-23;O_EREGLE0126C34.00;EREGL_01/2026_AVRUPA_OPSIYON;D_EQ;SSO;D_EQ_ECP;DE_EREGL_ECP;EREGL.E;2026-01-30;0.01;0.01;0;0;0;0;0;0;0;0;0;0;0;0;;;;;
2026-01-23;O_EREGLE0126C35.00;EREGL_01/2026_AVRUPA_OPSIYON;D_EQ;SSO;D_EQ_ECP;DE_EREGL_ECP;EREGL.E;2026-01-30;0.01;0.01;0;0;0;0;0;0;0;0;0;0;0;0;;;;;
2026-01-23;O_EREGLE0126C36.00;EREGL_01/2026_AVRUPA_OPSIYON;D_EQ;SSO;D_EQ_ECP;DE_EREGL_ECP;EREGL.E;2026-01-30;0.01;0.01;0;0;0;0;0;0;0;0;0;0;0;0;;;;;
2026-01-23;O_EREGLE0126C37.00;EREGL_01/2026_AVRUPA_OPSIYON;D_EQ;SSO;D_EQ_ECP;DE_EREGL_ECP;EREGL.E;2026-01-30;0.01;0.01;0;0;0;0;0;0;0;0;0;0;0;0;;;;;
2026-01-23;O_EREGLE0126C38.00;EREGL_01/2026_AVRUPA_OPSIYON;D_EQ;SSO;D_EQ_ECP;DE_EREGL_ECP;EREGL.E;2026-01-30;0.01;0.01;0;0;0;0;0;0;0;0;0;0;0;0;;;;;
2026-01-23;O_EREGLE0126P21.50;EREGL_01/2026_AVRUPA_OPSIYON;D_EQ;SSO;D_EQ_EPP;DE_EREGL_EPP;EREGL.E;2026-01-30;0.01;0.01;0;0;0;0;0;0;0;0;0;0;0;0;;;;;
2026-01-23;O_EREGLE0126P22.00;EREGL_01/2026_AVRUPA_OPSIYON;D_EQ;SSO;D_EQ_EPP;DE_EREGL_EPP;EREGL.E;2026-01-30;0.01;0.01;0;0;0;0;0;0;0;0;0;0;650;0;;;;;
2026-01-23;O_EREGLE0126P22.50;EREGL_01/2026_AVRUPA_OPSIYON;D_EQ;SSO;D_EQ_EPP;DE_EREGL_EPP;EREGL.E;2026-01-30;0.01;0.01;0;0;0;0;0;0;0;0;0;0;1530;0;;;;;
2026-01-23;O_EREGLE0126P23.00;EREGL_01/2026_AVRUPA_OPSIYON;D_EQ;SSO;D_EQ_EPP;DE_EREGL_EPP;EREGL.E;2026-01-30;0.01;0.01;0;0;0;0;0;0;0;0;0;0;2013;0;;;;;
2026-01-23;O_EREGLE0126P23.50;EREGL_01/2026_AVRUPA_OPSIYON;D_EQ;SSO;D_EQ_EPP;DE_EREGL_EPP;EREGL.E;2026-01-30;0.01;0.01;0;0;0;0;0;0;0;0;0;0;2245;0;;;;;
2026-01-23;O_EREGLE0126P24.00;EREGL_01/2026_AVRUPA_OPSIYON;D_EQ;SSO;D_EQ_EPP;DE_EREGL_EPP;EREGL.E;2026-01-30;0.01;0.01;0;0;0;0;0;0;0;0;0;0;8984;0;;;;;
2026-01-23;O_EREGLE0126P24.50;EREGL_01/2026_AVRUPA_OPSIYON;D_EQ;SSO;D_EQ_EPP;DE_EREGL_EPP;EREGL.E;2026-01-30;0.01;0.02;-50;0;0;0;0;0;0;0;0;0;4727;0;;;;;
2026-01-23;O_EREGLE0126P25.00;EREGL_01/2026_AVRUPA_OPSIYON;D_EQ;SSO;D_EQ_EPP;DE_EREGL_EPP;EREGL.E;2026-01-30;0.02;0.05;-60;0;0;0;0;0;0;0;0;0;6546;0;;;;;
2026-01-23;O_EREGLE0126P26.00;EREGL_01/2026_AVRUPA_OPSIYON;D_EQ;SSO;D_EQ_EPP;DE_EREGL_EPP;EREGL.E;2026-01-30;0.11;0.18;-38.89;0;0;0;0;0;0;0;0;0;4127;0;;;;;
2026-01-23;O_EREGLE0126P27.00;EREGL_01/2026_AVRUPA_OPSIYON;D_EQ;SSO;D_EQ_EPP;DE_EREGL_EPP;EREGL.E;2026-01-30;0.39;0.54;-27.78;0.38;0.35;0.38;0.35;0.37;15033600;204084;5568;37;2516;-5000;;;;;
2026-01-23;O_EREGLE0126P28.00;EREGL_01/2026_AVRUPA_OPSIYON;D_EQ;SSO;D_EQ_EPP;DE_EREGL_EPP;EREGL.E;2026-01-30;0.97;1.2;-19.17;1.02;1.02;1.02;1.02;1.02;2800;102;1;1;5;1;;;;;
2026-01-23;O_EREGLE0126P29.00;EREGL_01/2026_AVRUPA_OPSIYON;D_EQ;SSO;D_EQ_EPP;DE_EREGL_EPP;EREGL.E;2026-01-30;1.79;2.06;-13.11;0;0;0;0;0;0;0;0;0;0;0;;;;;
2026-01-23;O_EREGLE0126P30.00;EREGL_01/2026_AVRUPA_OPSIYON;D_EQ;SSO;D_EQ_EPP;DE_EREGL_EPP;EREGL.E;2026-01-30;2.74;3.01;-8.97;0;0;0;0;0;0;0;0;0;0;0;;;;;
2026-01-23;O_EREGLE0126P31.00;EREGL_01/2026_AVRUPA_OPSIYON;D_EQ;SSO;D_EQ_EPP;DE_EREGL_EPP;EREGL.E;2026-01-30;3.72;3.99;-6.77;0;0;0;0;0;0;0;0;0;0;0;;;;;
2026-01-23;O_EREGLE0126P32.00;EREGL_01/2026_AVRUPA_OPSIYON;D_EQ;SSO;D_EQ_EPP;DE_EREGL_EPP;EREGL.E;2026-01-30;4.71;4.98;-5.42;0;0;0;0;0;0;0;0;0;0;0;;;;;
2026-01-23;O_EREGLE0126P33.00;EREGL_01/2026_AVRUPA_OPSIYON;D_EQ;SSO;D_EQ_EPP;DE_EREGL_EPP;EREGL.E;2026-01-30;5.7;5.97;-4.52;0;0;0;0;0;0;0;0;0;1;0;;;;;
2026-01-23;O_EREGLE0226C24.50;EREGL_02/2026_AVRUPA_OPSIYON;D_EQ;SSO;D_EQ_ECP;DE_EREGL_ECP;EREGL.E;2026-02-27;3.63;3.39;7.08;0;0;0;0;0;0;0;0;0;0;0;;;;;
2026-01-23;O_EREGLE0226C25.00;EREGL_02/2026_AVRUPA_OPSIYON;D_EQ;SSO;D_EQ_ECP;DE_EREGL_ECP;EREGL.E;2026-02-27;3.2;2.97;7.74;0;0;0;0;0;0;0;0;0;5;0;;;;;
2026-01-23;O_EREGLE0226C26.00;EREGL_02/2026_AVRUPA_OPSIYON;D_EQ;SSO;D_EQ_ECP;DE_EREGL_ECP;EREGL.E;2026-02-27;2.41;2.2;9.55;0;0;0;0;0;13000000;980000;5000;1;14;-5000;;;;;
2026-01-23;O_EREGLE0226C27.00;EREGL_02/2026_AVRUPA_OPSIYON;D_EQ;SSO;D_EQ_ECP;DE_EREGL_ECP;EREGL.E;2026-02-27;1.71;1.55;10.32;0;0;0;0;0;0;0;0;0;0;0;;;;;
2026-01-23;O_EREGLE0226C28.00;EREGL_02/2026_AVRUPA_OPSIYON;D_EQ;SSO;D_EQ_ECP;DE_EREGL_ECP;EREGL.E;2026-02-27;1.16;1.04;11.54;0.88;0.88;0.88;0.88;0.88;2800;88;1;1;20;-1;;;;;
2026-01-23;O_EREGLE0226C29.00;EREGL_02/2026_AVRUPA_OPSIYON;D_EQ;SSO;D_EQ_ECP;DE_EREGL_ECP;EREGL.E;2026-02-27;0.77;0.68;13.24;0.55;0.44;0.55;0.47;0.47;26100;421;9;9;2012;9;;;;;
2026-01-23;O_EREGLE0226C30.00;EREGL_02/2026_AVRUPA_OPSIYON;D_EQ;SSO;D_EQ_ECP;DE_EREGL_ECP;EREGL.E;2026-02-27;0.51;0.46;10.87;0.23;0.23;0.28;0.23;0.24;51000;416;17;14;17;15;;;;;
2026-01-23;O_EREGLE0226C31.00;EREGL_02/2026_AVRUPA_OPSIYON;D_EQ;SSO;D_EQ_ECP;DE_EREGL_ECP;EREGL.E;2026-02-27;0.35;0.32;9.38;0;0;0;0;0;0;0;0;0;2;0;;;;;
2026-01-23;O_EREGLE0226C32.00;EREGL_02/2026_AVRUPA_OPSIYON;D_EQ;SSO;D_EQ_ECP;DE_EREGL_ECP;EREGL.E;2026-02-27;0.25;0.23;8.7;0;0;0;0;0;0;0;0;0;0;0;;;;;
2026-01-23;O_EREGLE0226C33.00;EREGL_02/2026_AVRUPA_OPSIYON;D_EQ;SSO;D_EQ_ECP;DE_EREGL_ECP;EREGL.E;2026-02-27;0.18;0.17;5.88;0;0;0;0;0;0;0;0;0;0;0;;;;;
2026-01-23;O_EREGLE0226C34.00;EREGL_02/2026_AVRUPA_OPSIYON;D_EQ;SSO;D_EQ_ECP;DE_EREGL_ECP;EREGL.E;2026-02-27;0.13;;0;0;0;0;0;0;0;0;0;0;0;0;;;;;
2026-01-23;O_EREGLE0226P22.00;EREGL_02/2026_AVRUPA_OPSIYON;D_EQ;SSO;D_EQ_EPP;DE_EREGL_EPP;EREGL.E;2026-02-27;0.04;0.05;-20;0;0;0;0;0;0;0;0;0;0;0;;;;;
2026-01-23;O_EREGLE0226P22.50;EREGL_02/2026_AVRUPA_OPSIYON;D_EQ;SSO;D_EQ_EPP;DE_EREGL_EPP;EREGL.E;2026-02-27;0.06;0.07;-14.29;0;0;0;0;0;0;0;0;0;800;0;;;;;
2026-01-23;O_EREGLE0226P23.00;EREGL_02/2026_AVRUPA_OPSIYON;D_EQ;SSO;D_EQ_EPP;DE_EREGL_EPP;EREGL.E;2026-02-27;0.08;0.1;-20;0;0;0;0;0;0;0;0;0;1850;0;;;;;
2026-01-23;O_EREGLE0226P23.50;EREGL_02/2026_AVRUPA_OPSIYON;D_EQ;SSO;D_EQ_EPP;DE_EREGL_EPP;EREGL.E;2026-02-27;0.11;0.13;-15.38;0;0;0;0;0;0;0;0;0;500;0;;;;;
2026-01-23;O_EREGLE0226P24.00;EREGL_02/2026_AVRUPA_OPSIYON;D_EQ;SSO;D_EQ_EPP;DE_EREGL_EPP;EREGL.E;2026-02-27;0.14;0.17;-17.65;0;0;0;0;0;0;0;0;0;500;0;;;;;
2026-01-23;O_EREGLE0226P24.50;EREGL_02/2026_AVRUPA_OPSIYON;D_EQ;SSO;D_EQ_EPP;DE_EREGL_EPP;EREGL.E;2026-02-27;0.19;0.22;-13.64;0;0;0;0;0;0;0;0;0;2410;0;;;;;
2026-01-23;O_EREGLE0226P25.00;EREGL_02/2026_AVRUPA_OPSIYON;D_EQ;SSO;D_EQ_EPP;DE_EREGL_EPP;EREGL.E;2026-02-27;0.25;0.29;-13.79;0;0;0;0;0;0;0;0;0;2;0;;;;;
2026-01-23;O_EREGLE0226P26.00;EREGL_02/2026_AVRUPA_OPSIYON;D_EQ;SSO;D_EQ_EPP;DE_EREGL_EPP;EREGL.E;2026-02-27;0.41;0.48;-14.58;0;0;0;0;0;0;0;0;0;2930;0;;;;;
2026-01-23;O_EREGLE0226P27.00;EREGL_02/2026_AVRUPA_OPSIYON;D_EQ;SSO;D_EQ_EPP;DE_EREGL_EPP;EREGL.E;2026-02-27;0.68;0.79;-13.92;0.59;0.55;0.59;0.55;0.57;2970000;63100;1100;11;1100;1100;;;;;
2026-01-23;O_EREGLE0226P28.00;EREGL_02/2026_AVRUPA_OPSIYON;D_EQ;SSO;D_EQ_EPP;DE_EREGL_EPP;EREGL.E;2026-02-27;1.1;1.25;-12;0;0;0;0;0;0;0;0;0;0;0;;;;;
2026-01-23;O_EREGLE0226P29.00;EREGL_02/2026_AVRUPA_OPSIYON;D_EQ;SSO;D_EQ_EPP;DE_EREGL_EPP;EREGL.E;2026-02-27;1.67;;0;0;0;0;0;0;0;0;0;0;0;0;;;;;
2026-01-23;O_EREGLE0326C25.00;EREGL_03/2026_AVRUPA_OPSIYON;D_EQ;SSO;D_EQ_ECP;DE_EREGL_ECP;EREGL.E;2026-03-31;4.44;4.21;5.46;0;0;0;0;0;0;0;0;0;0;0;;;;;
2026-01-23;O_EREGLE0326C26.00;EREGL_03/2026_AVRUPA_OPSIYON;D_EQ;SSO;D_EQ_ECP;DE_EREGL_ECP;EREGL.E;2026-03-31;3.67;3.45;6.38;0;0;0;0;0;0;0;0;0;0;0;;;;;
2026-01-23;O_EREGLE0326C27.00;EREGL_03/2026_AVRUPA_OPSIYON;D_EQ;SSO;D_EQ_ECP;DE_EREGL_ECP;EREGL.E;2026-03-31;2.94;2.74;7.3;0;0;0;0;0;0;0;0;0;0;0;;;;;
2026-01-23;O_EREGLE0326C28.00;EREGL_03/2026_AVRUPA_OPSIYON;D_EQ;SSO;D_EQ_ECP;DE_EREGL_ECP;EREGL.E;2026-03-31;2.3;2.13;7.98;0;0;0;0;0;0;0;0;0;0;0;;;;;
2026-01-23;O_EREGLE0326C29.00;EREGL_03/2026_AVRUPA_OPSIYON;D_EQ;SSO;D_EQ_ECP;DE_EREGL_ECP;EREGL.E;2026-03-31;1.77;1.63;8.59;0;0;0;0;0;0;0;0;0;0;0;;;;;
2026-01-23;O_EREGLE0326C30.00;EREGL_03/2026_AVRUPA_OPSIYON;D_EQ;SSO;D_EQ_ECP;DE_EREGL_ECP;EREGL.E;2026-03-31;1.35;1.25;8;0;0;0;0;0;0;0;0;0;0;0;;;;;
2026-01-23;O_EREGLE0326C31.00;EREGL_03/2026_AVRUPA_OPSIYON;D_EQ;SSO;D_EQ_ECP;DE_EREGL_ECP;EREGL.E;2026-03-31;1.06;0.99;7.07;0;0;0;0;0;0;0;0;0;0;0;;;;;
2026-01-23;O_EREGLE0326C32.00;EREGL_03/2026_AVRUPA_OPSIYON;D_EQ;SSO;D_EQ_ECP;DE_EREGL_ECP;EREGL.E;2026-03-31;0.85;0.81;4.94;0;0;0;0;0;0;0;0;0;0;0;;;;;
2026-01-23;O_EREGLE0326C33.00;EREGL_03/2026_AVRUPA_OPSIYON;D_EQ;SSO;D_EQ_ECP;DE_EREGL_ECP;EREGL.E;2026-03-31;0.7;0.66;6.06;0;0;0;0;0;0;0;0;0;0;0;;;;;
2026-01-23;O_EREGLE0326C34.00;EREGL_03/2026_AVRUPA_OPSIYON;D_EQ;SSO;D_EQ_ECP;DE_EREGL_ECP;EREGL.E;2026-03-31;0.58;0.55;5.45;0;0;0;0;0;0;0;0;0;0;0;;;;;
2026-01-23;O_EREGLE0326P22.50;EREGL_03/2026_AVRUPA_OPSIYON;D_EQ;SSO;D_EQ_EPP;DE_EREGL_EPP;EREGL.E;2026-03-31;0.14;0.16;-12.5;0;0;0;0;0;0;0;0;0;0;0;;;;;
2026-01-23;O_EREGLE0326P23.00;EREGL_03/2026_AVRUPA_OPSIYON;D_EQ;SSO;D_EQ_EPP;DE_EREGL_EPP;EREGL.E;2026-03-31;0.17;0.2;-15;0;0;0;0;0;0;0;0;0;0;0;;;;;
2026-01-23;O_EREGLE0326P23.50;EREGL_03/2026_AVRUPA_OPSIYON;D_EQ;SSO;D_EQ_EPP;DE_EREGL_EPP;EREGL.E;2026-03-31;0.21;0.23;-8.7;0;0;0;0;0;0;0;0;0;0;0;;;;;
2026-01-23;O_EREGLE0326P24.00;EREGL_03/2026_AVRUPA_OPSIYON;D_EQ;SSO;D_EQ_EPP;DE_EREGL_EPP;EREGL.E;2026-03-31;0.25;0.28;-10.71;0;0;0;0;0;0;0;0;0;0;0;;;;;
2026-01-23;O_EREGLE0326P24.50;EREGL_03/2026_AVRUPA_OPSIYON;D_EQ;SSO;D_EQ_EPP;DE_EREGL_EPP;EREGL.E;2026-03-31;0.3;0.33;-9.09;0;0;0;0;0;0;0;0;0;0;0;;;;;
2026-01-23;O_EREGLE0326P25.00;EREGL_03/2026_AVRUPA_OPSIYON;D_EQ;SSO;D_EQ_EPP;DE_EREGL_EPP;EREGL.E;2026-03-31;0.36;0.4;-10;0;0;0;0;0;0;0;0;0;0;0;;;;;
2026-01-23;O_EREGLE0326P26.00;EREGL_03/2026_AVRUPA_OPSIYON;D_EQ;SSO;D_EQ_EPP;DE_EREGL_EPP;EREGL.E;2026-03-31;0.5;0.55;-9.09;0;0;0;0;0;0;0;0;0;0;0;;;;;
2026-01-23;O_EREGLE0326P27.00;EREGL_03/2026_AVRUPA_OPSIYON;D_EQ;SSO;D_EQ_EPP;DE_EREGL_EPP;EREGL.E;2026-03-31;0.69;0.76;-9.21;0;0;0;0;0;0;0;0;0;0;0;;;;;
2026-01-23;O_EREGLE0326P28.00;EREGL_03/2026_AVRUPA_OPSIYON;D_EQ;SSO;D_EQ_EPP;DE_EREGL_EPP;EREGL.E;2026-03-31;0.97;1.07;-9.35;0;0;0;0;0;0;0;0;0;0;0;;;;;
2026-01-23;O_EREGLE0326P29.00;EREGL_03/2026_AVRUPA_OPSIYON;D_EQ;SSO;D_EQ_EPP;DE_EREGL_EPP;EREGL.E;2026-03-31;1.36;1.49;-8.72;0;0;0;0;0;0;0;0;0;0;0;;;;;
2026-01-23;O_FROTOE0126C100.00;FROTO_01/2026_AVRUPA_OPSIYON;D_EQ;SSO;D_EQ_ECP;DE_FROTO_ECP;FROTO.E;2026-01-30;6.2;5.37;15.46;6.54;6.54;6.54;6.54;6.54;100000;6540;10;1;367;-10;;;;;
2026-01-23;O_FROTOE0126C105.00;FROTO_01/2026_AVRUPA_OPSIYON;D_EQ;SSO;D_EQ_ECP;DE_FROTO_ECP;FROTO.E;2026-01-30;2.62;2.18;20.18;2.08;2.02;2.18;2.02;2.08;420000;8300;40;4;40;20;;;;;
2026-01-23;O_FROTOE0126C110.00;FROTO_01/2026_AVRUPA_OPSIYON;D_EQ;SSO;D_EQ_ECP;DE_FROTO_ECP;FROTO.E;2026-01-30;0.75;0.63;19.05;0;0;0;0;0;0;0;0;0;0;0;;;;;
2026-01-23;O_FROTOE0126C115.00;FROTO_01/2026_AVRUPA_OPSIYON;D_EQ;SSO;D_EQ_ECP;DE_FROTO_ECP;FROTO.E;2026-01-30;0.16;0.15;6.67;0;0;0;0;0;0;0;0;0;80;0;;;;;
2026-01-23;O_FROTOE0126C120.00;FROTO_01/2026_AVRUPA_OPSIYON;D_EQ;SSO;D_EQ_ECP;DE_FROTO_ECP;FROTO.E;2026-01-30;0.03;0.03;0;0;0;0;0;0;0;0;0;0;0;0;;;;;
2026-01-23;O_FROTOE0126C125.00;FROTO_01/2026_AVRUPA_OPSIYON;D_EQ;SSO;D_EQ_ECP;DE_FROTO_ECP;FROTO.E;2026-01-30;0.01;0.01;0;0;0;0;0;0;0;0;0;0;0;0;;;;;
2026-01-23;O_FROTOE0126C130.00;FROTO_01/2026_AVRUPA_OPSIYON;D_EQ;SSO;D_EQ_ECP;DE_FROTO_ECP;FROTO.E;2026-01-30;0.01;0.01;0;0;0;0;0;0;0;0;0;0;0;0;;;;;
2026-01-23;O_FROTOE0126C135.00;FROTO_01/2026_AVRUPA_OPSIYON;D_EQ;SSO;D_EQ_ECP;DE_FROTO_ECP;FROTO.E;2026-01-30;0.01;0.01;0;0;0;0;0;0;0;0;0;0;0;0;;;;;
2026-01-23;O_FROTOE0126C140.00;FROTO_01/2026_AVRUPA_OPSIYON;D_EQ;SSO;D_EQ_ECP;DE_FROTO_ECP;FROTO.E;2026-01-30;0.01;0.01;0;0;0;0;0;0;0;0;0;0;0;0;;;;;
2026-01-23;O_FROTOE0126C92.00;FROTO_01/2026_AVRUPA_OPSIYON;D_EQ;SSO;D_EQ_ECP;DE_FROTO_ECP;FROTO.E;2026-01-30;13.78;12.69;8.59;0;0;0;0;0;0;0;0;0;1;0;;;;;
2026-01-23;O_FROTOE0126C94.00;FROTO_01/2026_AVRUPA_OPSIYON;D_EQ;SSO;D_EQ_ECP;DE_FROTO_ECP;FROTO.E;2026-01-30;11.82;10.75;9.95;0;0;0;0;0;0;0;0;0;1;0;;;;;
2026-01-23;O_FROTOE0126C96.00;FROTO_01/2026_AVRUPA_OPSIYON;D_EQ;SSO;D_EQ_ECP;DE_FROTO_ECP;FROTO.E;2026-01-30;9.88;8.86;11.51;0;0;0;0;0;0;0;0;0;60;0;;;;;
2026-01-23;O_FROTOE0126C98.00;FROTO_01/2026_AVRUPA_OPSIYON;D_EQ;SSO;D_EQ_ECP;DE_FROTO_ECP;FROTO.E;2026-01-30;7.99;7.05;13.33;0;0;0;0;0;0;0;0;0;91;0;;;;;
2026-01-23;O_FROTOE0126P100.00;FROTO_01/2026_AVRUPA_OPSIYON;D_EQ;SSO;D_EQ_EPP;DE_FROTO_EPP;FROTO.E;2026-01-30;0.38;0.64;-40.63;0;0;0;0;0;0;0;0;0;507;0;;;;;
2026-01-23;O_FROTOE0126P105.00;FROTO_01/2026_AVRUPA_OPSIYON;D_EQ;SSO;D_EQ_EPP;DE_FROTO_EPP;FROTO.E;2026-01-30;1.75;2.41;-27.39;1.51;1.51;1.51;1.51;1.51;105000;1510;10;1;95;0;;;;;
2026-01-23;O_FROTOE0126P110.00;FROTO_01/2026_AVRUPA_OPSIYON;D_EQ;SSO;D_EQ_EPP;DE_FROTO_EPP;FROTO.E;2026-01-30;4.85;5.81;-16.52;5;4.73;5;4.73;4.87;330000;14610;30;3;14;0;;;;;
2026-01-23;O_FROTOE0126P115.00;FROTO_01/2026_AVRUPA_OPSIYON;D_EQ;SSO;D_EQ_EPP;DE_FROTO_EPP;FROTO.E;2026-01-30;9.23;10.3;-10.39;0;0;0;0;0;0;0;0;0;0;0;;;;;
2026-01-23;O_FROTOE0126P82.00;FROTO_01/2026_AVRUPA_OPSIYON;D_EQ;SSO;D_EQ_EPP;DE_FROTO_EPP;FROTO.E;2026-01-30;0.01;0.01;0;0;0;0;0;0;0;0;0;0;0;0;;;;;
2026-01-23;O_FROTOE0126P84.00;FROTO_01/2026_AVRUPA_OPSIYON;D_EQ;SSO;D_EQ_EPP;DE_FROTO_EPP;FROTO.E;2026-01-30;0.01;0.01;0;0;0;0;0;0;0;0;0;0;262;0;;;;;
2026-01-23;O_FROTOE0126P86.00;FROTO_01/2026_AVRUPA_OPSIYON;D_EQ;SSO;D_EQ_EPP;DE_FROTO_EPP;FROTO.E;2026-01-30;0.01;0.01;0;0;0;0;0;0;0;0;0;0;0;0;;;;;
2026-01-23;O_FROTOE0126P88.00;FROTO_01/2026_AVRUPA_OPSIYON;D_EQ;SSO;D_EQ_EPP;DE_FROTO_EPP;FROTO.E;2026-01-30;0.01;0.01;0;0;0;0;0;0;0;0;0;0;216;0;;;;;
2026-01-23;O_FROTOE0126P90.00;FROTO_01/2026_AVRUPA_OPSIYON;D_EQ;SSO;D_EQ_EPP;DE_FROTO_EPP;FROTO.E;2026-01-30;0.01;0.01;0;0;0;0;0;0;0;0;0;0;1;0;;;;;
2026-01-23;O_FROTOE0126P92.00;FROTO_01/2026_AVRUPA_OPSIYON;D_EQ;SSO;D_EQ_EPP;DE_FROTO_EPP;FROTO.E;2026-01-30;0.01;0.03;-66.67;0;0;0;0;0;0;0;0;0;130;0;;;;;
2026-01-23;O_FROTOE0126P94.00;FROTO_01/2026_AVRUPA_OPSIYON;D_EQ;SSO;D_EQ_EPP;DE_FROTO_EPP;FROTO.E;2026-01-30;0.03;0.08;-62.5;0;0;0;0;0;0;0;0;0;2100;0;;;;;
2026-01-23;O_FROTOE0126P96.00;FROTO_01/2026_AVRUPA_OPSIYON;D_EQ;SSO;D_EQ_EPP;DE_FROTO_EPP;FROTO.E;2026-01-30;0.08;0.16;-50;0;0;0;0;0;0;0;0;0;3820;0;;;;;
2026-01-23;O_FROTOE0126P98.00;FROTO_01/2026_AVRUPA_OPSIYON;D_EQ;SSO;D_EQ_EPP;DE_FROTO_EPP;FROTO.E;2026-01-30;0.18;0.33;-45.45;0;0;0;0;0;0;0;0;0;60;0;;;;;
2026-01-23;O_FROTOE0226C100.00;FROTO_02/2026_AVRUPA_OPSIYON;D_EQ;SSO;D_EQ_ECP;DE_FROTO_ECP;FROTO.E;2026-02-27;10.38;9.54;8.81;9.42;9.42;9.42;9.42;9.42;100000;9420;10;1;92;10;;;;;
2026-01-23;O_FROTOE0226C105.00;FROTO_02/2026_AVRUPA_OPSIYON;D_EQ;SSO;D_EQ_ECP;DE_FROTO_ECP;FROTO.E;2026-02-27;6.96;6.32;10.13;6.6;6.6;6.6;6.6;6.6;52500;3300;5;1;1491;0;;;;;
2026-01-23;O_FROTOE0226C110.00;FROTO_02/2026_AVRUPA_OPSIYON;D_EQ;SSO;D_EQ_ECP;DE_FROTO_ECP;FROTO.E;2026-02-27;4.4;3.96;11.11;0;0;0;0;0;0;0;0;0;300;0;;;;;
2026-01-23;O_FROTOE0226C115.00;FROTO_02/2026_AVRUPA_OPSIYON;D_EQ;SSO;D_EQ_ECP;DE_FROTO_ECP;FROTO.E;2026-02-27;2.68;2.43;10.29;0;0;0;0;0;0;0;0;0;0;0;;;;;
2026-01-23;O_FROTOE0226C120.00;FROTO_02/2026_AVRUPA_OPSIYON;D_EQ;SSO;D_EQ_ECP;DE_FROTO_ECP;FROTO.E;2026-02-27;1.69;1.54;9.74;0;0;0;0;0;0;0;0;0;100;0;;;;;
2026-01-23;O_FROTOE0226C125.00;FROTO_02/2026_AVRUPA_OPSIYON;D_EQ;SSO;D_EQ_ECP;DE_FROTO_ECP;FROTO.E;2026-02-27;1.07;0.98;9.18;0;0;0;0;0;0;0;0;0;55;0;;;;;
2026-01-23;O_FROTOE0226C130.00;FROTO_02/2026_AVRUPA_OPSIYON;D_EQ;SSO;D_EQ_ECP;DE_FROTO_ECP;FROTO.E;2026-02-27;0.7;0.64;9.38;0;0;0;0;0;0;0;0;0;841;0;;;;;
2026-01-23;O_FROTOE0226C135.00;FROTO_02/2026_AVRUPA_OPSIYON;D_EQ;SSO;D_EQ_ECP;DE_FROTO_ECP;FROTO.E;2026-02-27;0.46;0.43;6.98;0;0;0;0;0;0;0;0;0;0;0;;;;;
2026-01-23;O_FROTOE0226C140.00;FROTO_02/2026_AVRUPA_OPSIYON;D_EQ;SSO;D_EQ_ECP;DE_FROTO_ECP;FROTO.E;2026-02-27;0.31;0.29;6.9;0;0;0;0;0;0;0;0;0;0;0;;;;;
2026-01-23;O_FROTOE0226C94.00;FROTO_02/2026_AVRUPA_OPSIYON;D_EQ;SSO;D_EQ_ECP;DE_FROTO_ECP;FROTO.E;2026-02-27;15.23;14.26;6.8;0;0;0;0;0;0;0;0;0;0;0;;;;;
2026-01-23;O_FROTOE0226C96.00;FROTO_02/2026_AVRUPA_OPSIYON;D_EQ;SSO;D_EQ_ECP;DE_FROTO_ECP;FROTO.E;2026-02-27;13.54;12.61;7.38;0;0;0;0;0;0;0;0;0;0;0;;;;;
2026-01-23;O_FROTOE0226C98.00;FROTO_02/2026_AVRUPA_OPSIYON;D_EQ;SSO;D_EQ_ECP;DE_FROTO_ECP;FROTO.E;2026-02-27;11.92;11.04;7.97;0;0;0;0;0;0;0;0;0;163;0;;;;;
2026-01-23;O_FROTOE0226P100.00;FROTO_02/2026_AVRUPA_OPSIYON;D_EQ;SSO;D_EQ_EPP;DE_FROTO_EPP;FROTO.E;2026-02-27;1.7;1.97;-13.71;0;0;0;0;0;0;0;0;0;2;0;;;;;
2026-01-23;O_FROTOE0226P105.00;FROTO_02/2026_AVRUPA_OPSIYON;D_EQ;SSO;D_EQ_EPP;DE_FROTO_EPP;FROTO.E;2026-02-27;3.1;3.56;-12.92;0;0;0;0;0;0;0;0;0;20;0;;;;;
2026-01-23;O_FROTOE0226P110.00;FROTO_02/2026_AVRUPA_OPSIYON;D_EQ;SSO;D_EQ_EPP;DE_FROTO_EPP;FROTO.E;2026-02-27;5.36;6.02;-10.96;0;0;0;0;0;0;0;0;0;0;0;;;;;
2026-01-23;O_FROTOE0226P115.00;FROTO_02/2026_AVRUPA_OPSIYON;D_EQ;SSO;D_EQ_EPP;DE_FROTO_EPP;FROTO.E;2026-02-27;8.46;9.3;-9.03;0;0;0;0;0;0;0;0;0;0;0;;;;;
2026-01-23;O_FROTOE0226P84.00;FROTO_02/2026_AVRUPA_OPSIYON;D_EQ;SSO;D_EQ_EPP;DE_FROTO_EPP;FROTO.E;2026-02-27;0.16;0.19;-15.79;0;0;0;0;0;0;0;0;0;200;0;;;;;
2026-01-23;O_FROTOE0226P86.00;FROTO_02/2026_AVRUPA_OPSIYON;D_EQ;SSO;D_EQ_EPP;DE_FROTO_EPP;FROTO.E;2026-02-27;0.22;0.27;-18.52;0;0;0;0;0;0;0;0;0;350;0;;;;;
2026-01-23;O_FROTOE0226P88.00;FROTO_02/2026_AVRUPA_OPSIYON;D_EQ;SSO;D_EQ_EPP;DE_FROTO_EPP;FROTO.E;2026-02-27;0.31;0.37;-16.22;0;0;0;0;0;0;0;0;0;203;0;;;;;
2026-01-23;O_FROTOE0226P90.00;FROTO_02/2026_AVRUPA_OPSIYON;D_EQ;SSO;D_EQ_EPP;DE_FROTO_EPP;FROTO.E;2026-02-27;0.42;0.5;-16;0;0;0;0;0;0;0;0;0;200;0;;;;;
2026-01-23;O_FROTOE0226P92.00;FROTO_02/2026_AVRUPA_OPSIYON;D_EQ;SSO;D_EQ_EPP;DE_FROTO_EPP;FROTO.E;2026-02-27;0.57;0.68;-16.18;0;0;0;0;0;0;0;0;0;0;0;;;;;
2026-01-23;O_FROTOE0226P94.00;FROTO_02/2026_AVRUPA_OPSIYON;D_EQ;SSO;D_EQ_EPP;DE_FROTO_EPP;FROTO.E;2026-02-27;0.76;0.9;-15.56;0;0;0;0;0;0;0;0;0;0;0;;;;;
2026-01-23;O_FROTOE0226P96.00;FROTO_02/2026_AVRUPA_OPSIYON;D_EQ;SSO;D_EQ_EPP;DE_FROTO_EPP;FROTO.E;2026-02-27;1.01;1.18;-14.41;0;0;0;0;0;0;0;0;0;10;0;;;;;
2026-01-23;O_FROTOE0226P98.00;FROTO_02/2026_AVRUPA_OPSIYON;D_EQ;SSO;D_EQ_EPP;DE_FROTO_EPP;FROTO.E;2026-02-27;1.32;1.53;-13.73;0;0;0;0;0;0;0;0;0;0;0;;;;;
2026-01-23;O_FROTOE0326C100.00;FROTO_03/2026_AVRUPA_OPSIYON;D_EQ;SSO;D_EQ_ECP;DE_FROTO_ECP;FROTO.E;2026-03-31;15.31;14.43;6.1;0;0;0;0;0;0;0;0;0;0;0;;;;;
2026-01-23;O_FROTOE0326C105.00;FROTO_03/2026_AVRUPA_OPSIYON;D_EQ;SSO;D_EQ_ECP;DE_FROTO_ECP;FROTO.E;2026-03-31;11.78;10.99;7.19;0;0;0;0;0;0;0;0;0;0;0;;;;;
2026-01-23;O_FROTOE0326C110.00;FROTO_03/2026_AVRUPA_OPSIYON;D_EQ;SSO;D_EQ_ECP;DE_FROTO_ECP;FROTO.E;2026-03-31;8.79;8.16;7.72;0;0;0;0;0;0;0;0;0;0;0;;;;;
2026-01-23;O_FROTOE0326C115.00;FROTO_03/2026_AVRUPA_OPSIYON;D_EQ;SSO;D_EQ_ECP;DE_FROTO_ECP;FROTO.E;2026-03-31;6.45;5.97;8.04;0;0;0;0;0;0;0;0;0;0;0;;;;;
2026-01-23;O_FROTOE0326C120.00;FROTO_03/2026_AVRUPA_OPSIYON;D_EQ;SSO;D_EQ_ECP;DE_FROTO_ECP;FROTO.E;2026-03-31;4.75;4.44;6.98;0;0;0;0;0;0;0;0;0;0;0;;;;;
2026-01-23;O_FROTOE0326C125.00;FROTO_03/2026_AVRUPA_OPSIYON;D_EQ;SSO;D_EQ_ECP;DE_FROTO_ECP;FROTO.E;2026-03-31;3.63;3.4;6.76;0;0;0;0;0;0;0;0;0;0;0;;;;;
2026-01-23;O_FROTOE0326C130.00;FROTO_03/2026_AVRUPA_OPSIYON;D_EQ;SSO;D_EQ_ECP;DE_FROTO_ECP;FROTO.E;2026-03-31;2.81;2.63;6.84;0;0;0;0;0;0;0;0;0;0;0;;;;;
2026-01-23;O_FROTOE0326C135.00;FROTO_03/2026_AVRUPA_OPSIYON;D_EQ;SSO;D_EQ_ECP;DE_FROTO_ECP;FROTO.E;2026-03-31;2.21;2.07;6.76;0;0;0;0;0;0;0;0;0;0;0;;;;;
2026-01-23;O_FROTOE0326C140.00;FROTO_03/2026_AVRUPA_OPSIYON;D_EQ;SSO;D_EQ_ECP;DE_FROTO_ECP;FROTO.E;2026-03-31;1.77;1.66;6.63;0;0;0;0;0;0;0;0;0;0;0;;;;;
2026-01-23;O_FROTOE0326C98.00;FROTO_03/2026_AVRUPA_OPSIYON;D_EQ;SSO;D_EQ_ECP;DE_FROTO_ECP;FROTO.E;2026-03-31;16.81;15.9;5.72;0;0;0;0;0;0;0;0;0;0;0;;;;;
2026-01-23;O_FROTOE0326P100.00;FROTO_03/2026_AVRUPA_OPSIYON;D_EQ;SSO;D_EQ_EPP;DE_FROTO_EPP;FROTO.E;2026-03-31;2.11;2.31;-8.66;0;0;0;0;0;0;0;0;0;0;0;;;;;
2026-01-23;O_FROTOE0326P105.00;FROTO_03/2026_AVRUPA_OPSIYON;D_EQ;SSO;D_EQ_EPP;DE_FROTO_EPP;FROTO.E;2026-03-31;3.18;3.46;-8.09;0;0;0;0;0;0;0;0;0;0;0;;;;;
2026-01-23;O_FROTOE0326P110.00;FROTO_03/2026_AVRUPA_OPSIYON;D_EQ;SSO;D_EQ_EPP;DE_FROTO_EPP;FROTO.E;2026-03-31;4.78;5.23;-8.6;0;0;0;0;0;0;0;0;0;0;0;;;;;
2026-01-23;O_FROTOE0326P115.00;FROTO_03/2026_AVRUPA_OPSIYON;D_EQ;SSO;D_EQ_EPP;DE_FROTO_EPP;FROTO.E;2026-03-31;7.03;7.63;-7.86;0;0;0;0;0;0;0;0;0;0;0;;;;;
2026-01-23;O_FROTOE0326P88.00;FROTO_03/2026_AVRUPA_OPSIYON;D_EQ;SSO;D_EQ_EPP;DE_FROTO_EPP;FROTO.E;2026-03-31;0.69;0.76;-9.21;0;0;0;0;0;0;0;0;0;0;0;;;;;
2026-01-23;O_FROTOE0326P90.00;FROTO_03/2026_AVRUPA_OPSIYON;D_EQ;SSO;D_EQ_EPP;DE_FROTO_EPP;FROTO.E;2026-03-31;0.84;0.93;-9.68;0;0;0;0;0;0;0;0;0;0;0;;;;;
2026-01-23;O_FROTOE0326P92.00;FROTO_03/2026_AVRUPA_OPSIYON;D_EQ;SSO;D_EQ_EPP;DE_FROTO_EPP;FROTO.E;2026-03-31;1.03;1.13;-8.85;0;0;0;0;0;0;0;0;0;0;0;;;;;
2026-01-23;O_FROTOE0326P94.00;FROTO_03/2026_AVRUPA_OPSIYON;D_EQ;SSO;D_EQ_EPP;DE_FROTO_EPP;FROTO.E;2026-03-31;1.24;1.36;-8.82;0;0;0;0;0;0;0;0;0;0;0;;;;;
2026-01-23;O_FROTOE0326P96.00;FROTO_03/2026_AVRUPA_OPSIYON;D_EQ;SSO;D_EQ_EPP;DE_FROTO_EPP;FROTO.E;2026-03-31;1.49;1.63;-8.59;0;0;0;0;0;0;0;0;0;0;0;;;;;
2026-01-23;O_FROTOE0326P98.00;FROTO_03/2026_AVRUPA_OPSIYON;D_EQ;SSO;D_EQ_EPP;DE_FROTO_EPP;FROTO.E;2026-03-31;1.78;1.95;-8.72;0;0;0;0;0;0;0;0;0;0;0;;;;;
2026-01-23;O_GARANE0126C130.00;GARAN_01/2026_AVRUPA_OPSIYON;D_EQ;SSO;D_EQ_ECP;DE_GARAN_ECP;GARAN.E;2026-01-30;22.25;19.61;13.46;0;0;0;0;0;0;0;0;0;0;0;;;;;
2026-01-23;O_GARANE0126C135.00;GARAN_01/2026_AVRUPA_OPSIYON;D_EQ;SSO;D_EQ_ECP;DE_GARAN_ECP;GARAN.E;2026-01-30;17.33;14.76;17.41;0;0;0;0;0;0;0;0;0;0;0;;;;;
2026-01-23;O_GARANE0126C140.00;GARAN_01/2026_AVRUPA_OPSIYON;D_EQ;SSO;D_EQ_ECP;DE_GARAN_ECP;GARAN.E;2026-01-30;12.53;10.16;23.33;0;0;0;0;0;0;0;0;0;130;0;;;;;
2026-01-23;O_GARANE0126C145.00;GARAN_01/2026_AVRUPA_OPSIYON;D_EQ;SSO;D_EQ_ECP;DE_GARAN_ECP;GARAN.E;2026-01-30;8.09;6.17;31.12;0;0;0;0;0;0;0;0;0;61;0;;;;;
2026-01-23;O_GARANE0126C150.00;GARAN_01/2026_AVRUPA_OPSIYON;D_EQ;SSO;D_EQ_ECP;DE_GARAN_ECP;GARAN.E;2026-01-30;4.51;3.21;40.5;0;0;0;0;0;0;0;0;0;2431;0;;;;;
2026-01-23;O_GARANE0126C155.00;GARAN_01/2026_AVRUPA_OPSIYON;D_EQ;SSO;D_EQ_ECP;DE_GARAN_ECP;GARAN.E;2026-01-30;2.1;1.43;46.85;0;0;0;0;0;0;0;0;0;10;0;;;;;
2026-01-23;O_GARANE0126C160.00;GARAN_01/2026_AVRUPA_OPSIYON;D_EQ;SSO;D_EQ_ECP;DE_GARAN_ECP;GARAN.E;2026-01-30;0.81;0.56;44.64;0;0;0;0;0;0;0;0;0;80;0;;;;;
2026-01-23;O_GARANE0126C165.00;GARAN_01/2026_AVRUPA_OPSIYON;D_EQ;SSO;D_EQ_ECP;DE_GARAN_ECP;GARAN.E;2026-01-30;0.29;0.21;38.1;0;0;0;0;0;0;0;0;0;0;0;;;;;
2026-01-23;O_GARANE0126C170.00;GARAN_01/2026_AVRUPA_OPSIYON;D_EQ;SSO;D_EQ_ECP;DE_GARAN_ECP;GARAN.E;2026-01-30;0.1;0.07;42.86;0;0;0;0;0;0;0;0;0;0;0;;;;;
2026-01-23;O_GARANE0126C175.00;GARAN_01/2026_AVRUPA_OPSIYON;D_EQ;SSO;D_EQ_ECP;DE_GARAN_ECP;GARAN.E;2026-01-30;0.03;0.03;0;0;0;0;0;0;0;0;0;0;0;0;;;;;
2026-01-23;O_GARANE0126C180.00;GARAN_01/2026_AVRUPA_OPSIYON;D_EQ;SSO;D_EQ_ECP;DE_GARAN_ECP;GARAN.E;2026-01-30;0.01;0.01;0;0;0;0;0;0;0;0;0;0;0;0;;;;;
2026-01-23;O_GARANE0126C185.00;GARAN_01/2026_AVRUPA_OPSIYON;D_EQ;SSO;D_EQ_ECP;DE_GARAN_ECP;GARAN.E;2026-01-30;0.01;0.01;0;0;0;0;0;0;0;0;0;0;0;0;;;;;
2026-01-23;O_GARANE0126P105.00;GARAN_01/2026_AVRUPA_OPSIYON;D_EQ;SSO;D_EQ_EPP;DE_GARAN_EPP;GARAN.E;2026-01-30;0.01;0.01;0;0;0;0;0;0;0;0;0;0;0;0;;;;;
2026-01-23;O_GARANE0126P110.00;GARAN_01/2026_AVRUPA_OPSIYON;D_EQ;SSO;D_EQ_EPP;DE_GARAN_EPP;GARAN.E;2026-01-30;0.01;0.01;0;0;0;0;0;0;0;0;0;0;0;0;;;;;
2026-01-23;O_GARANE0126P115.00;GARAN_01/2026_AVRUPA_OPSIYON;D_EQ;SSO;D_EQ_EPP;DE_GARAN_EPP;GARAN.E;2026-01-30;0.01;0.01;0;0;0;0;0;0;0;0;0;0;0;0;;;;;
2026-01-23;O_GARANE0126P120.00;GARAN_01/2026_AVRUPA_OPSIYON;D_EQ;SSO;D_EQ_EPP;DE_GARAN_EPP;GARAN.E;2026-01-30;0.01;0.01;0;0;0;0;0;0;0;0;0;0;0;0;;;;;
2026-01-23;O_GARANE0126P125.00;GARAN_01/2026_AVRUPA_OPSIYON;D_EQ;SSO;D_EQ_EPP;DE_GARAN_EPP;GARAN.E;2026-01-30;0.01;0.01;0;0;0;0;0;0;0;0;0;0;0;0;;;;;
2026-01-23;O_GARANE0126P130.00;GARAN_01/2026_AVRUPA_OPSIYON;D_EQ;SSO;D_EQ_EPP;DE_GARAN_EPP;GARAN.E;2026-01-30;0.01;0.03;-66.67;0;0;0;0;0;0;0;0;0;0;0;;;;;
2026-01-23;O_GARANE0126P135.00;GARAN_01/2026_AVRUPA_OPSIYON;D_EQ;SSO;D_EQ_EPP;DE_GARAN_EPP;GARAN.E;2026-01-30;0.05;0.14;-64.29;0;0;0;0;0;0;0;0;0;30;0;;;;;
2026-01-23;O_GARANE0126P140.00;GARAN_01/2026_AVRUPA_OPSIYON;D_EQ;SSO;D_EQ_EPP;DE_GARAN_EPP;GARAN.E;2026-01-30;0.21;0.5;-58;0;0;0;0;0;0;0;0;0;50;0;;;;;
2026-01-23;O_GARANE0126P145.00;GARAN_01/2026_AVRUPA_OPSIYON;D_EQ;SSO;D_EQ_EPP;DE_GARAN_EPP;GARAN.E;2026-01-30;0.74;1.47;-49.66;0;0;0;0;0;0;0;0;0;1001;0;;;;;
2026-01-23;O_GARANE0126P150.00;GARAN_01/2026_AVRUPA_OPSIYON;D_EQ;SSO;D_EQ_EPP;DE_GARAN_EPP;GARAN.E;2026-01-30;2.12;3.47;-38.9;0;0;0;0;0;0;0;0;0;1127;0;;;;;
2026-01-23;O_GARANE0126P155.00;GARAN_01/2026_AVRUPA_OPSIYON;D_EQ;SSO;D_EQ_EPP;DE_GARAN_EPP;GARAN.E;2026-01-30;4.67;6.64;-29.67;0;0;0;0;0;0;0;0;0;0;0;;;;;
2026-01-23;O_GARANE0126P160.00;GARAN_01/2026_AVRUPA_OPSIYON;D_EQ;SSO;D_EQ_EPP;DE_GARAN_EPP;GARAN.E;2026-01-30;8.35;10.73;-22.18;0;0;0;0;0;0;0;0;0;0;0;;;;;
2026-01-23;O_GARANE0226C145.00;GARAN_02/2026_AVRUPA_OPSIYON;D_EQ;SSO;D_EQ_ECP;DE_GARAN_ECP;GARAN.E;2026-02-27;14.28;12.29;16.19;0;0;0;0;0;0;0;0;0;2;0;;;;;
2026-01-23;O_GARANE0226C150.00;GARAN_02/2026_AVRUPA_OPSIYON;D_EQ;SSO;D_EQ_ECP;DE_GARAN_ECP;GARAN.E;2026-02-27;10.85;9.21;17.81;0;0;0;0;0;0;0;0;0;0;0;;;;;
2026-01-23;O_GARANE0226C155.00;GARAN_02/2026_AVRUPA_OPSIYON;D_EQ;SSO;D_EQ_ECP;DE_GARAN_ECP;GARAN.E;2026-02-27;8.05;6.71;19.97;0;0;0;0;0;0;0;0;0;10;0;;;;;
2026-01-23;O_GARANE0226C160.00;GARAN_02/2026_AVRUPA_OPSIYON;D_EQ;SSO;D_EQ_ECP;DE_GARAN_ECP;GARAN.E;2026-02-27;5.83;4.8;21.46;0;0;0;0;0;0;0;0;0;0;0;;;;;
2026-01-23;O_GARANE0226C165.00;GARAN_02/2026_AVRUPA_OPSIYON;D_EQ;SSO;D_EQ_ECP;DE_GARAN_ECP;GARAN.E;2026-02-27;4.13;3.46;19.36;0;0;0;0;0;0;0;0;0;2;0;;;;;
2026-01-23;O_GARANE0226C170.00;GARAN_02/2026_AVRUPA_OPSIYON;D_EQ;SSO;D_EQ_ECP;DE_GARAN_ECP;GARAN.E;2026-02-27;3.03;2.53;19.76;0;0;0;0;0;0;0;0;0;0;0;;;;;
2026-01-23;O_GARANE0226C175.00;GARAN_02/2026_AVRUPA_OPSIYON;D_EQ;SSO;D_EQ_ECP;DE_GARAN_ECP;GARAN.E;2026-02-27;2.22;1.86;19.35;0;0;0;0;0;0;0;0;0;1;0;;;;;
2026-01-23;O_GARANE0226C180.00;GARAN_02/2026_AVRUPA_OPSIYON;D_EQ;SSO;D_EQ_ECP;DE_GARAN_ECP;GARAN.E;2026-02-27;1.64;1.38;18.84;0;0;0;0;0;0;0;0;0;0;0;;;;;
2026-01-23;O_GARANE0226C185.00;GARAN_02/2026_AVRUPA_OPSIYON;D_EQ;SSO;D_EQ_ECP;DE_GARAN_ECP;GARAN.E;2026-02-27;1.22;1.03;18.45;0;0;0;0;0;0;0;0;0;0;0;;;;;
2026-01-23;O_GARANE0226P120.00;GARAN_02/2026_AVRUPA_OPSIYON;D_EQ;SSO;D_EQ_EPP;DE_GARAN_EPP;GARAN.E;2026-02-27;0.22;0.3;-26.67;0;0;0;0;0;0;0;0;0;0;0;;;;;
2026-01-23;O_GARANE0226P125.00;GARAN_02/2026_AVRUPA_OPSIYON;D_EQ;SSO;D_EQ_EPP;DE_GARAN_EPP;GARAN.E;2026-02-27;0.4;0.52;-23.08;0;0;0;0;0;0;0;0;0;0;0;;;;;
2026-01-23;O_GARANE0226P130.00;GARAN_02/2026_AVRUPA_OPSIYON;D_EQ;SSO;D_EQ_EPP;DE_GARAN_EPP;GARAN.E;2026-02-27;0.69;0.89;-22.47;0;0;0;0;0;0;0;0;0;0;0;;;;;
2026-01-23;O_GARANE0226P135.00;GARAN_02/2026_AVRUPA_OPSIYON;D_EQ;SSO;D_EQ_EPP;DE_GARAN_EPP;GARAN.E;2026-02-27;1.14;1.45;-21.38;0;0;0;0;0;0;0;0;0;0;0;;;;;
2026-01-23;O_GARANE0226P140.00;GARAN_02/2026_AVRUPA_OPSIYON;D_EQ;SSO;D_EQ_EPP;DE_GARAN_EPP;GARAN.E;2026-02-27;1.81;2.28;-20.61;0;0;0;0;0;0;0;0;0;100;0;;;;;
2026-01-23;O_GARANE0226P145.00;GARAN_02/2026_AVRUPA_OPSIYON;D_EQ;SSO;D_EQ_EPP;DE_GARAN_EPP;GARAN.E;2026-02-27;2.79;3.45;-19.13;0;0;0;0;0;0;0;0;0;4;0;;;;;
2026-01-23;O_GARANE0226P150.00;GARAN_02/2026_AVRUPA_OPSIYON;D_EQ;SSO;D_EQ_EPP;DE_GARAN_EPP;GARAN.E;2026-02-27;4.19;5.19;-19.27;0;0;0;0;0;0;0;0;0;0;0;;;;;
2026-01-23;O_GARANE0226P155.00;GARAN_02/2026_AVRUPA_OPSIYON;D_EQ;SSO;D_EQ_EPP;DE_GARAN_EPP;GARAN.E;2026-02-27;6.21;7.5;-17.2;0;0;0;0;0;0;0;0;0;0;0;;;;;
2026-01-23;O_GARANE0226P160.00;GARAN_02/2026_AVRUPA_OPSIYON;D_EQ;SSO;D_EQ_EPP;DE_GARAN_EPP;GARAN.E;2026-02-27;8.8;10.41;-15.47;0;0;0;0;0;0;0;0;0;0;0;;;;;
2026-01-23;O_GARANE0326C150.00;GARAN_03/2026_AVRUPA_OPSIYON;D_EQ;SSO;D_EQ_ECP;DE_GARAN_ECP;GARAN.E;2026-03-31;17.92;15.91;12.63;0;0;0;0;0;0;0;0;0;0;0;;;;;
2026-01-23;O_GARANE0326C155.00;GARAN_03/2026_AVRUPA_OPSIYON;D_EQ;SSO;D_EQ_ECP;DE_GARAN_ECP;GARAN.E;2026-03-31;14.7;13;13.08;0;0;0;0;0;0;0;0;0;0;0;;;;;
2026-01-23;O_GARANE0326C160.00;GARAN_03/2026_AVRUPA_OPSIYON;D_EQ;SSO;D_EQ_ECP;DE_GARAN_ECP;GARAN.E;2026-03-31;12;10.51;14.18;0;0;0;0;0;0;0;0;0;0;0;;;;;
2026-01-23;O_GARANE0326C165.00;GARAN_03/2026_AVRUPA_OPSIYON;D_EQ;SSO;D_EQ_ECP;DE_GARAN_ECP;GARAN.E;2026-03-31;9.72;8.48;14.62;0;0;0;0;0;0;0;0;0;0;0;;;;;
2026-01-23;O_GARANE0326C170.00;GARAN_03/2026_AVRUPA_OPSIYON;D_EQ;SSO;D_EQ_ECP;DE_GARAN_ECP;GARAN.E;2026-03-31;7.83;6.91;13.31;0;0;0;0;0;0;0;0;0;2900;0;;;;;
2026-01-23;O_GARANE0326C175.00;GARAN_03/2026_AVRUPA_OPSIYON;D_EQ;SSO;D_EQ_ECP;DE_GARAN_ECP;GARAN.E;2026-03-31;6.48;5.74;12.89;0;0;0;0;0;0;0;0;0;0;0;;;;;
2026-01-23;O_GARANE0326C180.00;GARAN_03/2026_AVRUPA_OPSIYON;D_EQ;SSO;D_EQ_ECP;DE_GARAN_ECP;GARAN.E;2026-03-31;5.41;4.79;12.94;0;0;0;0;0;0;0;0;0;2890;0;;;;;
2026-01-23;O_GARANE0326C185.00;GARAN_03/2026_AVRUPA_OPSIYON;D_EQ;SSO;D_EQ_ECP;DE_GARAN_ECP;GARAN.E;2026-03-31;4.54;4.03;12.66;0;0;0;0;0;0;0;0;0;0;0;;;;;
2026-01-23;O_GARANE0326C190.00;GARAN_03/2026_AVRUPA_OPSIYON;D_EQ;SSO;D_EQ_ECP;DE_GARAN_ECP;GARAN.E;2026-03-31;3.84;3.42;12.28;0;0;0;0;0;0;0;0;0;0;0;;;;;
2026-01-23;O_GARANE0326P125.00;GARAN_03/2026_AVRUPA_OPSIYON;D_EQ;SSO;D_EQ_EPP;DE_GARAN_EPP;GARAN.E;2026-03-31;0.95;1.1;-13.64;0;0;0;0;0;0;0;0;0;0;0;;;;;
2026-01-23;O_GARANE0326P130.00;GARAN_03/2026_AVRUPA_OPSIYON;D_EQ;SSO;D_EQ_EPP;DE_GARAN_EPP;GARAN.E;2026-03-31;1.34;1.55;-13.55;0;0;0;0;0;0;0;0;0;0;0;;;;;
2026-01-23;O_GARANE0326P135.00;GARAN_03/2026_AVRUPA_OPSIYON;D_EQ;SSO;D_EQ_EPP;DE_GARAN_EPP;GARAN.E;2026-03-31;1.86;2.14;-13.08;0;0;0;0;0;0;0;0;0;0;0;;;;;
2026-01-23;O_GARANE0326P140.00;GARAN_03/2026_AVRUPA_OPSIYON;D_EQ;SSO;D_EQ_EPP;DE_GARAN_EPP;GARAN.E;2026-03-31;2.53;2.9;-12.76;0;0;0;0;0;0;0;0;0;0;0;;;;;
2026-01-23;O_GARANE0326P145.00;GARAN_03/2026_AVRUPA_OPSIYON;D_EQ;SSO;D_EQ_EPP;DE_GARAN_EPP;GARAN.E;2026-03-31;3.39;3.88;-12.63;0;0;0;0;0;0;0;0;0;0;0;;;;;
2026-01-23;O_GARANE0326P150.00;GARAN_03/2026_AVRUPA_OPSIYON;D_EQ;SSO;D_EQ_EPP;DE_GARAN_EPP;GARAN.E;2026-03-31;4.47;5.1;-12.35;0;0;0;0;0;0;0;0;0;0;0;;;;;
2026-01-23;O_GARANE0326P155.00;GARAN_03/2026_AVRUPA_OPSIYON;D_EQ;SSO;D_EQ_EPP;DE_GARAN_EPP;GARAN.E;2026-03-31;5.85;6.77;-13.59;0;0;0;0;0;0;0;0;0;0;0;;;;;
2026-01-23;O_GARANE0326P160.00;GARAN_03/2026_AVRUPA_OPSIYON;D_EQ;SSO;D_EQ_EPP;DE_GARAN_EPP;GARAN.E;2026-03-31;7.75;8.87;-12.63;0;0;0;0;0;0;0;0;0;0;0;;;;;
2026-01-23;O_GARANE0326P165.00;GARAN_03/2026_AVRUPA_OPSIYON;D_EQ;SSO;D_EQ_EPP;DE_GARAN_EPP;GARAN.E;2026-03-31;10.06;11.43;-11.99;0;0;0;0;0;0;0;0;0;0;0;;;;;
2026-01-23;O_HALKBE0126C28.00;HALKB_01/2026_AVRUPA_OPSIYON;D_EQ;SSO;D_EQ_ECP;DE_HALKB_ECP;HALKB.E;2026-01-30;17.22;15.53;10.88;0;0;0;0;0;0;0;0;0;0;0;;;;;
2026-01-23;O_HALKBE0126C29.00;HALKB_01/2026_AVRUPA_OPSIYON;D_EQ;SSO;D_EQ_ECP;DE_HALKB_ECP;HALKB.E;2026-01-30;16.23;14.54;11.62;0;0;0;0;0;0;0;0;0;0;0;;;;;
2026-01-23;O_HALKBE0126C30.00;HALKB_01/2026_AVRUPA_OPSIYON;D_EQ;SSO;D_EQ_ECP;DE_HALKB_ECP;HALKB.E;2026-01-30;15.24;13.55;12.47;0;0;0;0;0;0;0;0;0;0;0;;;;;
2026-01-23;O_HALKBE0126C31.00;HALKB_01/2026_AVRUPA_OPSIYON;D_EQ;SSO;D_EQ_ECP;DE_HALKB_ECP;HALKB.E;2026-01-30;14.25;12.56;13.46;0;0;0;0;0;0;0;0;0;0;0;;;;;
2026-01-23;O_HALKBE0126C32.00;HALKB_01/2026_AVRUPA_OPSIYON;D_EQ;SSO;D_EQ_ECP;DE_HALKB_ECP;HALKB.E;2026-01-30;13.25;11.57;14.52;0;0;0;0;0;0;0;0;0;0;0;;;;;
2026-01-23;O_HALKBE0126C33.00;HALKB_01/2026_AVRUPA_OPSIYON;D_EQ;SSO;D_EQ_ECP;DE_HALKB_ECP;HALKB.E;2026-01-30;12.26;10.57;15.99;0;0;0;0;0;0;0;0;0;0;0;;;;;
2026-01-23;O_HALKBE0126C34.00;HALKB_01/2026_AVRUPA_OPSIYON;D_EQ;SSO;D_EQ_ECP;DE_HALKB_ECP;HALKB.E;2026-01-30;11.27;9.58;17.64;0;0;0;0;0;0;0;0;0;426;0;;;;;
2026-01-23;O_HALKBE0126C35.00;HALKB_01/2026_AVRUPA_OPSIYON;D_EQ;SSO;D_EQ_ECP;DE_HALKB_ECP;HALKB.E;2026-01-30;10.27;8.59;19.56;0;0;0;0;0;0;0;0;0;726;0;;;;;
2026-01-23;O_HALKBE0126C36.00;HALKB_01/2026_AVRUPA_OPSIYON;D_EQ;SSO;D_EQ_ECP;DE_HALKB_ECP;HALKB.E;2026-01-30;9.28;7.6;22.11;0;0;0;0;0;0;0;0;0;576;0;;;;;
2026-01-23;O_HALKBE0126C37.00;HALKB_01/2026_AVRUPA_OPSIYON;D_EQ;SSO;D_EQ_ECP;DE_HALKB_ECP;HALKB.E;2026-01-30;8.29;6.62;25.23;0;0;0;0;0;0;0;0;0;213;0;;;;;
2026-01-23;O_HALKBE0126C38.00;HALKB_01/2026_AVRUPA_OPSIYON;D_EQ;SSO;D_EQ_ECP;DE_HALKB_ECP;HALKB.E;2026-01-30;7.3;5.64;29.43;0;0;0;0;0;0;0;0;0;100;0;;;;;
2026-01-23;O_HALKBE0126C39.00;HALKB_01/2026_AVRUPA_OPSIYON;D_EQ;SSO;D_EQ_ECP;DE_HALKB_ECP;HALKB.E;2026-01-30;6.32;4.69;34.75;0;0;0;0;0;0;0;0;0;802;0;;;;;
2026-01-23;O_HALKBE0126C40.00;HALKB_01/2026_AVRUPA_OPSIYON;D_EQ;SSO;D_EQ_ECP;DE_HALKB_ECP;HALKB.E;2026-01-30;5.34;3.78;41.27;0;0;0;0;0;0;0;0;0;720;0;;;;;
2026-01-23;O_HALKBE0126C41.00;HALKB_01/2026_AVRUPA_OPSIYON;D_EQ;SSO;D_EQ_ECP;DE_HALKB_ECP;HALKB.E;2026-01-30;4.4;2.93;50.17;0;0;0;0;0;0;0;0;0;154;0;;;;;
2026-01-23;O_HALKBE0126C42.00;HALKB_01/2026_AVRUPA_OPSIYON;D_EQ;SSO;D_EQ_ECP;DE_HALKB_ECP;HALKB.E;2026-01-30;3.49;2.18;60.09;0;0;0;0;0;0;0;0;0;153;0;;;;;
2026-01-23;O_HALKBE0126C43.00;HALKB_01/2026_AVRUPA_OPSIYON;D_EQ;SSO;D_EQ_ECP;DE_HALKB_ECP;HALKB.E;2026-01-30;2.66;1.54;72.73;1.7;1.7;2.03;2.03;1.85;391300;16840;91;3;349;1;;;;;
2026-01-23;O_HALKBE0126C44.00;HALKB_01/2026_AVRUPA_OPSIYON;D_EQ;SSO;D_EQ_ECP;DE_HALKB_ECP;HALKB.E;2026-01-30;1.94;1.04;86.54;1.83;1.83;1.83;1.83;1.83;4400000;183000;1000;3;354;-646;;;;;
2026-01-23;O_HALKBE0126C45.00;HALKB_01/2026_AVRUPA_OPSIYON;D_EQ;SSO;D_EQ_ECP;DE_HALKB_ECP;HALKB.E;2026-01-30;1.34;0.66;103.03;0;0;0;0;0;0;0;0;0;3219;0;;;;;
2026-01-23;O_HALKBE0126C46.00;HALKB_01/2026_AVRUPA_OPSIYON;D_EQ;SSO;D_EQ_ECP;DE_HALKB_ECP;HALKB.E;2026-01-30;0.88;0.4;120;0;0;0;0;0;0;0;0;0;163;0;;;;;
2026-01-23;O_HALKBE0126C47.00;HALKB_01/2026_AVRUPA_OPSIYON;D_EQ;SSO;D_EQ_ECP;DE_HALKB_ECP;HALKB.E;2026-01-30;0.54;0.24;125;0;0;0;0;0;0;0;0;0;0;0;;;;;
2026-01-23;O_HALKBE0126C48.00;HALKB_01/2026_AVRUPA_OPSIYON;D_EQ;SSO;D_EQ_ECP;DE_HALKB_ECP;HALKB.E;2026-01-30;0.32;0.13;146.15;0;0;0;0;0;0;0;0;0;768;0;;;;;
2026-01-23;O_HALKBE0126C49.00;HALKB_01/2026_AVRUPA_OPSIYON;D_EQ;SSO;D_EQ_ECP;DE_HALKB_ECP;HALKB.E;2026-01-30;0.18;0.07;157.14;0;0;0;0;0;0;0;0;0;0;0;;;;;
2026-01-23;O_HALKBE0126C50.00;HALKB_01/2026_AVRUPA_OPSIYON;D_EQ;SSO;D_EQ_ECP;DE_HALKB_ECP;HALKB.E;2026-01-30;0.1;0.04;150;0;0;0;0;0;0;0;0;0;50;0;;;;;
2026-01-23;O_HALKBE0126P24.00;HALKB_01/2026_AVRUPA_OPSIYON;D_EQ;SSO;D_EQ_EPP;DE_HALKB_EPP;HALKB.E;2026-01-30;0.01;0.01;0;0;0;0;0;0;0;0;0;0;0;0;;;;;
2026-01-23;O_HALKBE0126P24.50;HALKB_01/2026_AVRUPA_OPSIYON;D_EQ;SSO;D_EQ_EPP;DE_HALKB_EPP;HALKB.E;2026-01-30;0.01;0.01;0;0;0;0;0;0;0;0;0;0;0;0;;;;;
2026-01-23;O_HALKBE0126P25.00;HALKB_01/2026_AVRUPA_OPSIYON;D_EQ;SSO;D_EQ_EPP;DE_HALKB_EPP;HALKB.E;2026-01-30;0.01;0.01;0;0;0;0;0;0;0;0;0;0;0;0;;;;;
2026-01-23;O_HALKBE0126P26.00;HALKB_01/2026_AVRUPA_OPSIYON;D_EQ;SSO;D_EQ_EPP;DE_HALKB_EPP;HALKB.E;2026-01-30;0.01;0.01;0;0;0;0;0;0;0;0;0;0;0;0;;;;;
2026-01-23;O_HALKBE0126P27.00;HALKB_01/2026_AVRUPA_OPSIYON;D_EQ;SSO;D_EQ_EPP;DE_HALKB_EPP;HALKB.E;2026-01-30;0.01;0.01;0;0;0;0;0;0;0;0;0;0;0;0;;;;;
2026-01-23;O_HALKBE0126P28.00;HALKB_01/2026_AVRUPA_OPSIYON;D_EQ;SSO;D_EQ_EPP;DE_HALKB_EPP;HALKB.E;2026-01-30;0.01;0.01;0;0;0;0;0;0;0;0;0;0;0;0;;;;;
2026-01-23;O_HALKBE0126P29.00;HALKB_01/2026_AVRUPA_OPSIYON;D_EQ;SSO;D_EQ_EPP;DE_HALKB_EPP;HALKB.E;2026-01-30;0.01;0.01;0;0;0;0;0;0;0;0;0;0;0;0;;;;;
2026-01-23;O_HALKBE0126P30.00;HALKB_01/2026_AVRUPA_OPSIYON;D_EQ;SSO;D_EQ_EPP;DE_HALKB_EPP;HALKB.E;2026-01-30;0.01;0.01;0;0;0;0;0;0;0;0;0;0;0;0;;;;;
2026-01-23;O_HALKBE0126P31.00;HALKB_01/2026_AVRUPA_OPSIYON;D_EQ;SSO;D_EQ_EPP;DE_HALKB_EPP;HALKB.E;2026-01-30;0.01;0.01;0;0;0;0;0;0;0;0;0;0;0;0;;;;;
2026-01-23;O_HALKBE0126P32.00;HALKB_01/2026_AVRUPA_OPSIYON;D_EQ;SSO;D_EQ_EPP;DE_HALKB_EPP;HALKB.E;2026-01-30;0.01;0.01;0;0;0;0;0;0;0;0;0;0;0;0;;;;;
2026-01-23;O_HALKBE0126P33.00;HALKB_01/2026_AVRUPA_OPSIYON;D_EQ;SSO;D_EQ_EPP;DE_HALKB_EPP;HALKB.E;2026-01-30;0.01;0.01;0;0;0;0;0;0;0;0;0;0;1400;0;;;;;
2026-01-23;O_HALKBE0126P34.00;HALKB_01/2026_AVRUPA_OPSIYON;D_EQ;SSO;D_EQ_EPP;DE_HALKB_EPP;HALKB.E;2026-01-30;0.01;0.01;0;0;0;0;0;0;0;0;0;0;566;0;;;;;
2026-01-23;O_HALKBE0126P35.00;HALKB_01/2026_AVRUPA_OPSIYON;D_EQ;SSO;D_EQ_EPP;DE_HALKB_EPP;HALKB.E;2026-01-30;0.01;0.01;0;0;0;0;0;0;0;0;0;0;60;0;;;;;
2026-01-23;O_HALKBE0126P36.00;HALKB_01/2026_AVRUPA_OPSIYON;D_EQ;SSO;D_EQ_EPP;DE_HALKB_EPP;HALKB.E;2026-01-30;0.01;0.01;0;0;0;0;0;0;0;0;0;0;1769;0;;;;;
2026-01-23;O_HALKBE0126P37.00;HALKB_01/2026_AVRUPA_OPSIYON;D_EQ;SSO;D_EQ_EPP;DE_HALKB_EPP;HALKB.E;2026-01-30;0.01;0.01;0;0;0;0;0;0;0;0;0;0;331;0;;;;;
2026-01-23;O_HALKBE0126P38.00;HALKB_01/2026_AVRUPA_OPSIYON;D_EQ;SSO;D_EQ_EPP;DE_HALKB_EPP;HALKB.E;2026-01-30;0.01;0.03;-66.67;0;0;0;0;0;0;0;0;0;3000;0;;;;;
2026-01-23;O_HALKBE0126P39.00;HALKB_01/2026_AVRUPA_OPSIYON;D_EQ;SSO;D_EQ_EPP;DE_HALKB_EPP;HALKB.E;2026-01-30;0.01;0.07;-85.71;0;0;0;0;0;0;0;0;0;213;0;;;;;
2026-01-23;O_HALKBE0126P40.00;HALKB_01/2026_AVRUPA_OPSIYON;D_EQ;SSO;D_EQ_EPP;DE_HALKB_EPP;HALKB.E;2026-01-30;0.03;0.15;-80;0;0;0;0;0;0;0;0;0;99;0;;;;;
2026-01-23;O_HALKBE0126P41.00;HALKB_01/2026_AVRUPA_OPSIYON;D_EQ;SSO;D_EQ_EPP;DE_HALKB_EPP;HALKB.E;2026-01-30;0.08;0.29;-72.41;0;0;0;0;0;0;0;0;0;250;0;;;;;
2026-01-23;O_HALKBE0126P42.00;HALKB_01/2026_AVRUPA_OPSIYON;D_EQ;SSO;D_EQ_EPP;DE_HALKB_EPP;HALKB.E;2026-01-30;0.17;0.53;-67.92;0;0;0;0;0;0;0;0;0;302;0;;;;;
2026-01-23;O_HALKBE0126P43.00;HALKB_01/2026_AVRUPA_OPSIYON;D_EQ;SSO;D_EQ_EPP;DE_HALKB_EPP;HALKB.E;2026-01-30;0.33;0.89;-62.92;0;0;0;0;0;0;0;0;0;1189;0;;;;;
2026-01-23;O_HALKBE0126P44.00;HALKB_01/2026_AVRUPA_OPSIYON;D_EQ;SSO;D_EQ_EPP;DE_HALKB_EPP;HALKB.E;2026-01-30;0.6;1.37;-56.2;1.18;1;1.18;1;1.18;1694000;45315;385;5;1563;10;;;;;
2026-01-23;O_HALKBE0126P45.00;HALKB_01/2026_AVRUPA_OPSIYON;D_EQ;SSO;D_EQ_EPP;DE_HALKB_EPP;HALKB.E;2026-01-30;0.99;1.99;-50.25;0;0;0;0;0;0;0;0;0;939;0;;;;;
2026-01-23;O_HALKBE0226C36.00;HALKB_02/2026_AVRUPA_OPSIYON;D_EQ;SSO;D_EQ_ECP;DE_HALKB_ECP;HALKB.E;2026-02-27;10.43;8.84;17.99;0;0;0;0;0;0;0;0;0;0;0;;;;;
2026-01-23;O_HALKBE0226C37.00;HALKB_02/2026_AVRUPA_OPSIYON;D_EQ;SSO;D_EQ_ECP;DE_HALKB_ECP;HALKB.E;2026-02-27;9.52;7.96;19.6;0;0;0;0;0;0;0;0;0;0;0;;;;;
2026-01-23;O_HALKBE0226C38.00;HALKB_02/2026_AVRUPA_OPSIYON;D_EQ;SSO;D_EQ_ECP;DE_HALKB_ECP;HALKB.E;2026-02-27;8.64;7.12;21.35;0;0;0;0;0;0;0;0;0;0;0;;;;;
2026-01-23;O_HALKBE0226C39.00;HALKB_02/2026_AVRUPA_OPSIYON;D_EQ;SSO;D_EQ_ECP;DE_HALKB_ECP;HALKB.E;2026-02-27;7.78;6.31;23.3;0;0;0;0;0;0;0;0;0;439;0;;;;;
2026-01-23;O_HALKBE0226C40.00;HALKB_02/2026_AVRUPA_OPSIYON;D_EQ;SSO;D_EQ_ECP;DE_HALKB_ECP;HALKB.E;2026-02-27;6.95;5.54;25.45;0;0;0;0;0;0;0;0;0;276;0;;;;;
2026-01-23;O_HALKBE0226C41.00;HALKB_02/2026_AVRUPA_OPSIYON;D_EQ;SSO;D_EQ_ECP;DE_HALKB_ECP;HALKB.E;2026-02-27;6.15;4.82;27.59;0;0;0;0;0;0;0;0;0;5013;0;;;;;
2026-01-23;O_HALKBE0226C42.00;HALKB_02/2026_AVRUPA_OPSIYON;D_EQ;SSO;D_EQ_ECP;DE_HALKB_ECP;HALKB.E;2026-02-27;5.4;4.15;30.12;4.2;4.2;4.96;4.96;4.54;12600;1362;3;3;27;2;;;;;
2026-01-23;O_HALKBE0226C43.00;HALKB_02/2026_AVRUPA_OPSIYON;D_EQ;SSO;D_EQ_ECP;DE_HALKB_ECP;HALKB.E;2026-02-27;4.7;3.53;33.14;0;0;0;0;0;0;0;0;0;360;0;;;;;
2026-01-23;O_HALKBE0226C44.00;HALKB_02/2026_AVRUPA_OPSIYON;D_EQ;SSO;D_EQ_ECP;DE_HALKB_ECP;HALKB.E;2026-02-27;4.04;2.99;35.12;0;0;0;0;0;11000000;900000;2500;1;313;-2187;;;;;
2026-01-23;O_HALKBE0226C45.00;HALKB_02/2026_AVRUPA_OPSIYON;D_EQ;SSO;D_EQ_ECP;DE_HALKB_ECP;HALKB.E;2026-02-27;3.45;2.51;37.45;0;0;0;0;0;0;0;0;0;11800;0;;;;;
2026-01-23;O_HALKBE0226C46.00;HALKB_02/2026_AVRUPA_OPSIYON;D_EQ;SSO;D_EQ_ECP;DE_HALKB_ECP;HALKB.E;2026-02-27;2.92;2.09;39.71;0;0;0;0;0;0;0;0;0;775;0;;;;;
2026-01-23;O_HALKBE0226C47.00;HALKB_02/2026_AVRUPA_OPSIYON;D_EQ;SSO;D_EQ_ECP;DE_HALKB_ECP;HALKB.E;2026-02-27;2.46;1.73;42.2;0;0;0;0;0;0;0;0;0;902;0;;;;;
2026-01-23;O_HALKBE0226C48.00;HALKB_02/2026_AVRUPA_OPSIYON;D_EQ;SSO;D_EQ_ECP;DE_HALKB_ECP;HALKB.E;2026-02-27;2.05;1.43;43.36;0;0;0;0;0;0;0;0;0;50;0;;;;;
2026-01-23;O_HALKBE0226C49.00;HALKB_02/2026_AVRUPA_OPSIYON;D_EQ;SSO;D_EQ_ECP;DE_HALKB_ECP;HALKB.E;2026-02-27;1.7;1.18;44.07;0;0;0;0;0;0;0;0;0;50;0;;;;;
2026-01-23;O_HALKBE0226C50.00;HALKB_02/2026_AVRUPA_OPSIYON;D_EQ;SSO;D_EQ_ECP;DE_HALKB_ECP;HALKB.E;2026-02-27;1.41;0.97;45.36;0;0;0;0;0;0;0;0;0;0;0;;;;;
2026-01-23;O_HALKBE0226C52.00;HALKB_02/2026_AVRUPA_OPSIYON;D_EQ;SSO;D_EQ_ECP;DE_HALKB_ECP;HALKB.E;2026-02-27;0.97;0.66;46.97;0;0;0;0;0;0;0;0;0;6596;0;;;;;
2026-01-23;O_HALKBE0226P31.00;HALKB_02/2026_AVRUPA_OPSIYON;D_EQ;SSO;D_EQ_EPP;DE_HALKB_EPP;HALKB.E;2026-02-27;0.01;0.02;-50;0;0;0;0;0;0;0;0;0;0;0;;;;;
2026-01-23;O_HALKBE0226P32.00;HALKB_02/2026_AVRUPA_OPSIYON;D_EQ;SSO;D_EQ_EPP;DE_HALKB_EPP;HALKB.E;2026-02-27;0.02;0.04;-50;0;0;0;0;0;0;0;0;0;249;0;;;;;
2026-01-23;O_HALKBE0226P33.00;HALKB_02/2026_AVRUPA_OPSIYON;D_EQ;SSO;D_EQ_EPP;DE_HALKB_EPP;HALKB.E;2026-02-27;0.03;0.06;-50;0;0;0;0;0;0;0;0;0;0;0;;;;;
2026-01-23;O_HALKBE0226P34.00;HALKB_02/2026_AVRUPA_OPSIYON;D_EQ;SSO;D_EQ_EPP;DE_HALKB_EPP;HALKB.E;2026-02-27;0.05;0.09;-44.44;0;0;0;0;0;0;0;0;0;536;0;;;;;
2026-01-23;O_HALKBE0226P35.00;HALKB_02/2026_AVRUPA_OPSIYON;D_EQ;SSO;D_EQ_EPP;DE_HALKB_EPP;HALKB.E;2026-02-27;0.08;0.14;-42.86;0;0;0;0;0;0;0;0;0;0;0;;;;;
2026-01-23;O_HALKBE0226P36.00;HALKB_02/2026_AVRUPA_OPSIYON;D_EQ;SSO;D_EQ_EPP;DE_HALKB_EPP;HALKB.E;2026-02-27;0.12;0.21;-42.86;0;0;0;0;0;0;0;0;0;0;0;;;;;
2026-01-23;O_HALKBE0226P37.00;HALKB_02/2026_AVRUPA_OPSIYON;D_EQ;SSO;D_EQ_EPP;DE_HALKB_EPP;HALKB.E;2026-02-27;0.18;0.3;-40;0;0;0;0;0;0;0;0;0;100;0;;;;;
2026-01-23;O_HALKBE0226P38.00;HALKB_02/2026_AVRUPA_OPSIYON;D_EQ;SSO;D_EQ_EPP;DE_HALKB_EPP;HALKB.E;2026-02-27;0.26;0.42;-38.1;0;0;0;0;0;0;0;0;0;0;0;;;;;
2026-01-23;O_HALKBE0226P39.00;HALKB_02/2026_AVRUPA_OPSIYON;D_EQ;SSO;D_EQ_EPP;DE_HALKB_EPP;HALKB.E;2026-02-27;0.36;0.58;-37.93;0;0;0;0;0;0;0;0;0;161;0;;;;;
2026-01-23;O_HALKBE0226P40.00;HALKB_02/2026_AVRUPA_OPSIYON;D_EQ;SSO;D_EQ_EPP;DE_HALKB_EPP;HALKB.E;2026-02-27;0.5;0.77;-35.06;0;0;0;0;0;0;0;0;0;100;0;;;;;
2026-01-23;O_HALKBE0226P41.00;HALKB_02/2026_AVRUPA_OPSIYON;D_EQ;SSO;D_EQ_EPP;DE_HALKB_EPP;HALKB.E;2026-02-27;0.67;1.01;-33.66;0;0;0;0;0;0;0;0;0;100;0;;;;;
2026-01-23;O_HALKBE0226P42.00;HALKB_02/2026_AVRUPA_OPSIYON;D_EQ;SSO;D_EQ_EPP;DE_HALKB_EPP;HALKB.E;2026-02-27;0.88;1.3;-32.31;0;0;0;0;0;0;0;0;0;0;0;;;;;
2026-01-23;O_HALKBE0226P43.00;HALKB_02/2026_AVRUPA_OPSIYON;D_EQ;SSO;D_EQ_EPP;DE_HALKB_EPP;HALKB.E;2026-02-27;1.14;1.65;-30.91;0;0;0;0;0;0;0;0;0;50;0;;;;;
2026-01-23;O_HALKBE0226P44.00;HALKB_02/2026_AVRUPA_OPSIYON;D_EQ;SSO;D_EQ_EPP;DE_HALKB_EPP;HALKB.E;2026-02-27;1.45;2.07;-29.95;0;0;0;0;0;0;0;0;0;50;0;;;;;
2026-01-23;O_HALKBE0226P45.00;HALKB_02/2026_AVRUPA_OPSIYON;D_EQ;SSO;D_EQ_EPP;DE_HALKB_EPP;HALKB.E;2026-02-27;1.82;2.55;-28.63;0;0;0;0;0;0;0;0;0;250;0;;;;;
2026-01-23;O_HALKBE0226P46.00;HALKB_02/2026_AVRUPA_OPSIYON;D_EQ;SSO;D_EQ_EPP;DE_HALKB_EPP;HALKB.E;2026-02-27;2.26;3.1;-27.1;0;0;0;0;0;0;0;0;0;150;0;;;;;
2026-01-23;O_HALKBE0326C39.00;HALKB_03/2026_AVRUPA_OPSIYON;D_EQ;SSO;D_EQ_ECP;DE_HALKB_ECP;HALKB.E;2026-03-31;9.79;8.34;17.39;0;0;0;0;0;0;0;0;0;0;0;;;;;
2026-01-23;O_HALKBE0326C40.00;HALKB_03/2026_AVRUPA_OPSIYON;D_EQ;SSO;D_EQ_ECP;DE_HALKB_ECP;HALKB.E;2026-03-31;9.02;7.61;18.53;0;0;0;0;0;0;0;0;0;0;0;;;;;
2026-01-23;O_HALKBE0326C41.00;HALKB_03/2026_AVRUPA_OPSIYON;D_EQ;SSO;D_EQ_ECP;DE_HALKB_ECP;HALKB.E;2026-03-31;8.28;6.91;19.83;0;0;0;0;0;0;0;0;0;0;0;;;;;
2026-01-23;O_HALKBE0326C42.00;HALKB_03/2026_AVRUPA_OPSIYON;D_EQ;SSO;D_EQ_ECP;DE_HALKB_ECP;HALKB.E;2026-03-31;7.57;6.25;21.12;0;0;0;0;0;0;0;0;0;0;0;;;;;
2026-01-23;O_HALKBE0326C43.00;HALKB_03/2026_AVRUPA_OPSIYON;D_EQ;SSO;D_EQ_ECP;DE_HALKB_ECP;HALKB.E;2026-03-31;6.88;5.62;22.42;0;0;0;0;0;0;0;0;0;0;0;;;;;
2026-01-23;O_HALKBE0326C44.00;HALKB_03/2026_AVRUPA_OPSIYON;D_EQ;SSO;D_EQ_ECP;DE_HALKB_ECP;HALKB.E;2026-03-31;6.23;5.03;23.86;0;0;0;0;0;0;0;0;0;0;0;;;;;
2026-01-23;O_HALKBE0326C45.00;HALKB_03/2026_AVRUPA_OPSIYON;D_EQ;SSO;D_EQ_ECP;DE_HALKB_ECP;HALKB.E;2026-03-31;5.61;4.49;24.94;0;0;0;0;0;0;0;0;0;0;0;;;;;
2026-01-23;O_HALKBE0326C46.00;HALKB_03/2026_AVRUPA_OPSIYON;D_EQ;SSO;D_EQ_ECP;DE_HALKB_ECP;HALKB.E;2026-03-31;5.03;4;25.75;0;0;0;0;0;0;0;0;0;0;0;;;;;
2026-01-23;O_HALKBE0326C47.00;HALKB_03/2026_AVRUPA_OPSIYON;D_EQ;SSO;D_EQ_ECP;DE_HALKB_ECP;HALKB.E;2026-03-31;4.51;3.55;27.04;0;0;0;0;0;0;0;0;0;0;0;;;;;
2026-01-23;O_HALKBE0326C48.00;HALKB_03/2026_AVRUPA_OPSIYON;D_EQ;SSO;D_EQ_ECP;DE_HALKB_ECP;HALKB.E;2026-03-31;4.02;3.14;28.03;0;0;0;0;0;0;0;0;0;0;0;;;;;
2026-01-23;O_HALKBE0326C49.00;HALKB_03/2026_AVRUPA_OPSIYON;D_EQ;SSO;D_EQ_ECP;DE_HALKB_ECP;HALKB.E;2026-03-31;3.58;2.78;28.78;0;0;0;0;0;0;0;0;0;35;0;;;;;
2026-01-23;O_HALKBE0326C50.00;HALKB_03/2026_AVRUPA_OPSIYON;D_EQ;SSO;D_EQ_ECP;DE_HALKB_ECP;HALKB.E;2026-03-31;3.18;2.48;28.23;0;0;0;0;0;0;0;0;0;0;0;;;;;
2026-01-23;O_HALKBE0326C52.00;HALKB_03/2026_AVRUPA_OPSIYON;D_EQ;SSO;D_EQ_ECP;DE_HALKB_ECP;HALKB.E;2026-03-31;2.53;1.96;29.08;0;0;0;0;0;0;0;0;0;0;0;;;;;
2026-01-23;O_HALKBE0326C54.00;HALKB_03/2026_AVRUPA_OPSIYON;D_EQ;SSO;D_EQ_ECP;DE_HALKB_ECP;HALKB.E;2026-03-31;2.01;1.55;29.68;0;0;0;0;0;0;0;0;0;0;0;;;;;
2026-01-23;O_HALKBE0326P34.00;HALKB_03/2026_AVRUPA_OPSIYON;D_EQ;SSO;D_EQ_EPP;DE_HALKB_EPP;HALKB.E;2026-03-31;0.17;0.24;-29.17;0;0;0;0;0;0;0;0;0;0;0;;;;;
2026-01-23;O_HALKBE0326P35.00;HALKB_03/2026_AVRUPA_OPSIYON;D_EQ;SSO;D_EQ_EPP;DE_HALKB_EPP;HALKB.E;2026-03-31;0.23;0.32;-28.13;0;0;0;0;0;0;0;0;0;0;0;;;;;
2026-01-23;O_HALKBE0326P36.00;HALKB_03/2026_AVRUPA_OPSIYON;D_EQ;SSO;D_EQ_EPP;DE_HALKB_EPP;HALKB.E;2026-03-31;0.3;0.42;-28.57;0;0;0;0;0;0;0;0;0;0;0;;;;;
2026-01-23;O_HALKBE0326P37.00;HALKB_03/2026_AVRUPA_OPSIYON;D_EQ;SSO;D_EQ_EPP;DE_HALKB_EPP;HALKB.E;2026-03-31;0.38;0.53;-28.3;0;0;0;0;0;0;0;0;0;0;0;;;;;
2026-01-23;O_HALKBE0326P38.00;HALKB_03/2026_AVRUPA_OPSIYON;D_EQ;SSO;D_EQ_EPP;DE_HALKB_EPP;HALKB.E;2026-03-31;0.49;0.67;-26.87;0;0;0;0;0;0;0;0;0;0;0;;;;;
2026-01-23;O_HALKBE0326P39.00;HALKB_03/2026_AVRUPA_OPSIYON;D_EQ;SSO;D_EQ_EPP;DE_HALKB_EPP;HALKB.E;2026-03-31;0.62;0.83;-25.3;0;0;0;0;0;0;0;0;0;0;0;;;;;
2026-01-23;O_HALKBE0326P40.00;HALKB_03/2026_AVRUPA_OPSIYON;D_EQ;SSO;D_EQ_EPP;DE_HALKB_EPP;HALKB.E;2026-03-31;0.77;1.02;-24.51;0;0;0;0;0;0;0;0;0;0;0;;;;;
2026-01-23;O_HALKBE0326P41.00;HALKB_03/2026_AVRUPA_OPSIYON;D_EQ;SSO;D_EQ_EPP;DE_HALKB_EPP;HALKB.E;2026-03-31;0.94;1.25;-24.8;0;0;0;0;0;0;0;0;0;0;0;;;;;
2026-01-23;O_HALKBE0326P42.00;HALKB_03/2026_AVRUPA_OPSIYON;D_EQ;SSO;D_EQ_EPP;DE_HALKB_EPP;HALKB.E;2026-03-31;1.15;1.5;-23.33;0;0;0;0;0;0;0;0;0;0;0;;;;;
2026-01-23;O_HALKBE0326P43.00;HALKB_03/2026_AVRUPA_OPSIYON;D_EQ;SSO;D_EQ_EPP;DE_HALKB_EPP;HALKB.E;2026-03-31;1.38;1.79;-22.91;0;0;0;0;0;0;0;0;0;0;0;;;;;
2026-01-23;O_HALKBE0326P44.00;HALKB_03/2026_AVRUPA_OPSIYON;D_EQ;SSO;D_EQ_EPP;DE_HALKB_EPP;HALKB.E;2026-03-31;1.65;2.11;-21.8;0;0;0;0;0;0;0;0;0;0;0;;;;;
2026-01-23;O_HALKBE0326P45.00;HALKB_03/2026_AVRUPA_OPSIYON;D_EQ;SSO;D_EQ_EPP;DE_HALKB_EPP;HALKB.E;2026-03-31;1.95;2.49;-21.69;0;0;0;0;0;0;0;0;0;0;0;;;;;
2026-01-23;O_HALKBE0326P46.00;HALKB_03/2026_AVRUPA_OPSIYON;D_EQ;SSO;D_EQ_EPP;DE_HALKB_EPP;HALKB.E;2026-03-31;2.28;2.92;-21.92;0;0;0;0;0;0;0;0;0;0;0;;;;;
2026-01-23;O_HALKBE0326P47.00;HALKB_03/2026_AVRUPA_OPSIYON;D_EQ;SSO;D_EQ_EPP;DE_HALKB_EPP;HALKB.E;2026-03-31;2.68;3.39;-20.94;0;0;0;0;0;0;0;0;0;0;0;;;;;
2026-01-23;O_ISCTRE0126C12.50;ISCTR_01/2026_AVRUPA_OPSIYON;D_EQ;SSO;D_EQ_ECP;DE_ISCTR_ECP;ISCTR.E;2026-01-30;2.79;2.28;22.37;0;0;0;0;0;0;0;0;0;0;0;;;;;
2026-01-23;O_ISCTRE0126C13.00;ISCTR_01/2026_AVRUPA_OPSIYON;D_EQ;SSO;D_EQ_ECP;DE_ISCTR_ECP;ISCTR.E;2026-01-30;2.3;1.78;29.21;0;0;0;0;0;0;0;0;0;0;0;;;;;
2026-01-23;O_ISCTRE0126C13.50;ISCTR_01/2026_AVRUPA_OPSIYON;D_EQ;SSO;D_EQ_ECP;DE_ISCTR_ECP;ISCTR.E;2026-01-30;1.8;1.31;37.4;0;0;0;0;0;0;0;0;0;91;0;;;;;
2026-01-23;O_ISCTRE0126C14.00;ISCTR_01/2026_AVRUPA_OPSIYON;D_EQ;SSO;D_EQ_ECP;DE_ISCTR_ECP;ISCTR.E;2026-01-30;1.32;0.87;51.72;0;0;0;0;0;0;0;0;0;900;0;;;;;
2026-01-23;O_ISCTRE0126C14.50;ISCTR_01/2026_AVRUPA_OPSIYON;D_EQ;SSO;D_EQ_ECP;DE_ISCTR_ECP;ISCTR.E;2026-01-30;0.88;0.51;72.55;0.71;0.71;0.75;0.75;0.72;435000;21700;300;3;11521;0;;;;;
2026-01-23;O_ISCTRE0126C15.00;ISCTR_01/2026_AVRUPA_OPSIYON;D_EQ;SSO;D_EQ_ECP;DE_ISCTR_ECP;ISCTR.E;2026-01-30;0.51;0.26;96.15;0.36;0.36;0.4;0.4;0.38;3000000;75888;2000;7;4591;1551;;;;;
2026-01-23;O_ISCTRE0126C15.50;ISCTR_01/2026_AVRUPA_OPSIYON;D_EQ;SSO;D_EQ_ECP;DE_ISCTR_ECP;ISCTR.E;2026-01-30;0.25;0.11;127.27;0.15;0.15;0.16;0.16;0.15;3100000;30972;2000;3;13300;0;;;;;
2026-01-23;O_ISCTRE0126C16.00;ISCTR_01/2026_AVRUPA_OPSIYON;D_EQ;SSO;D_EQ_ECP;DE_ISCTR_ECP;ISCTR.E;2026-01-30;0.11;0.04;175;0;0;0;0;0;0;0;0;0;7574;0;;;;;
2026-01-23;O_ISCTRE0126C16.50;ISCTR_01/2026_AVRUPA_OPSIYON;D_EQ;SSO;D_EQ_ECP;DE_ISCTR_ECP;ISCTR.E;2026-01-30;0.04;0.02;100;0;0;0;0;0;0;0;0;0;11738;0;;;;;
2026-01-23;O_ISCTRE0126C17.00;ISCTR_01/2026_AVRUPA_OPSIYON;D_EQ;SSO;D_EQ_ECP;DE_ISCTR_ECP;ISCTR.E;2026-01-30;0.01;0.01;0;0;0;0;0;0;0;0;0;0;2723;0;;;;;
2026-01-23;O_ISCTRE0126C17.50;ISCTR_01/2026_AVRUPA_OPSIYON;D_EQ;SSO;D_EQ_ECP;DE_ISCTR_ECP;ISCTR.E;2026-01-30;0.01;0.01;0;0;0;0;0;0;0;0;0;0;2000;0;;;;;
2026-01-23;O_ISCTRE0126C18.00;ISCTR_01/2026_AVRUPA_OPSIYON;D_EQ;SSO;D_EQ_ECP;DE_ISCTR_ECP;ISCTR.E;2026-01-30;0.01;0.01;0;0;0;0;0;0;0;0;0;0;0;0;;;;;
2026-01-23;O_ISCTRE0126P10.00;ISCTR_01/2026_AVRUPA_OPSIYON;D_EQ;SSO;D_EQ_EPP;DE_ISCTR_EPP;ISCTR.E;2026-01-30;0.01;0.01;0;0;0;0;0;0;0;0;0;0;0;0;;;;;
2026-01-23;O_ISCTRE0126P10.50;ISCTR_01/2026_AVRUPA_OPSIYON;D_EQ;SSO;D_EQ_EPP;DE_ISCTR_EPP;ISCTR.E;2026-01-30;0.01;0.01;0;0;0;0;0;0;0;0;0;0;0;0;;;;;
2026-01-23;O_ISCTRE0126P11.00;ISCTR_01/2026_AVRUPA_OPSIYON;D_EQ;SSO;D_EQ_EPP;DE_ISCTR_EPP;ISCTR.E;2026-01-30;0.01;0.01;0;0;0;0;0;0;0;0;0;0;0;0;;;;;
2026-01-23;O_ISCTRE0126P11.50;ISCTR_01/2026_AVRUPA_OPSIYON;D_EQ;SSO;D_EQ_EPP;DE_ISCTR_EPP;ISCTR.E;2026-01-30;0.01;0.01;0;0;0;0;0;0;0;0;0;0;0;0;;;;;
2026-01-23;O_ISCTRE0126P12.00;ISCTR_01/2026_AVRUPA_OPSIYON;D_EQ;SSO;D_EQ_EPP;DE_ISCTR_EPP;ISCTR.E;2026-01-30;0.01;0.01;0;0;0;0;0;0;0;0;0;0;0;0;;;;;
2026-01-23;O_ISCTRE0126P12.50;ISCTR_01/2026_AVRUPA_OPSIYON;D_EQ;SSO;D_EQ_EPP;DE_ISCTR_EPP;ISCTR.E;2026-01-30;0.01;0.01;0;0;0;0;0;0;0;0;0;0;200;0;;;;;
2026-01-23;O_ISCTRE0126P13.00;ISCTR_01/2026_AVRUPA_OPSIYON;D_EQ;SSO;D_EQ_EPP;DE_ISCTR_EPP;ISCTR.E;2026-01-30;0.01;0.01;0;0;0;0;0;0;0;0;0;0;450;0;;;;;
2026-01-23;O_ISCTRE0126P13.50;ISCTR_01/2026_AVRUPA_OPSIYON;D_EQ;SSO;D_EQ_EPP;DE_ISCTR_EPP;ISCTR.E;2026-01-30;0.01;0.03;-66.67;0;0;0;0;0;0;0;0;0;1903;0;;;;;
2026-01-23;O_ISCTRE0126P14.00;ISCTR_01/2026_AVRUPA_OPSIYON;D_EQ;SSO;D_EQ_EPP;DE_ISCTR_EPP;ISCTR.E;2026-01-30;0.02;0.08;-75;0;0;0;0;0;0;0;0;0;2139;0;;;;;
2026-01-23;O_ISCTRE0126P14.50;ISCTR_01/2026_AVRUPA_OPSIYON;D_EQ;SSO;D_EQ_EPP;DE_ISCTR_EPP;ISCTR.E;2026-01-30;0.07;0.22;-68.18;0.08;0.08;0.08;0.08;0.08;2175000;12000;1500;5;29116;-1500;;;;;
2026-01-23;O_ISCTRE0126P15.00;ISCTR_01/2026_AVRUPA_OPSIYON;D_EQ;SSO;D_EQ_EPP;DE_ISCTR_EPP;ISCTR.E;2026-01-30;0.2;0.46;-56.52;0.19;0.18;0.2;0.19;0.19;19050000;242772;12700;32;18320;-12500;;;;;
2026-01-23;O_ISCTRE0126P15.50;ISCTR_01/2026_AVRUPA_OPSIYON;D_EQ;SSO;D_EQ_EPP;DE_ISCTR_EPP;ISCTR.E;2026-01-30;0.44;0.81;-45.68;0.42;0.42;0.42;0.42;0.42;7750;210;5;1;601;0;;;;;
2026-01-23;O_ISCTRE0226C14.00;ISCTR_02/2026_AVRUPA_OPSIYON;D_EQ;SSO;D_EQ_ECP;DE_ISCTR_ECP;ISCTR.E;2026-02-27;1.89;1.47;28.57;0;0;0;0;0;0;0;0;0;11;0;;;;;
2026-01-23;O_ISCTRE0226C14.50;ISCTR_02/2026_AVRUPA_OPSIYON;D_EQ;SSO;D_EQ_ECP;DE_ISCTR_ECP;ISCTR.E;2026-02-27;1.51;1.13;33.63;1.23;1.23;1.23;1.23;1.23;1450;123;1;1;1;1;;;;;
2026-01-23;O_ISCTRE0226C15.00;ISCTR_02/2026_AVRUPA_OPSIYON;D_EQ;SSO;D_EQ_ECP;DE_ISCTR_ECP;ISCTR.E;2026-02-27;1.17;0.85;37.65;0;0;0;0;0;0;0;0;0;10800;0;;;;;
2026-01-23;O_ISCTRE0226C15.50;ISCTR_02/2026_AVRUPA_OPSIYON;D_EQ;SSO;D_EQ_ECP;DE_ISCTR_ECP;ISCTR.E;2026-02-27;0.88;0.62;41.94;0.62;0.62;0.62;0.62;0.62;1550;62;1;1;1028;0;;;;;
2026-01-23;O_ISCTRE0226C16.00;ISCTR_02/2026_AVRUPA_OPSIYON;D_EQ;SSO;D_EQ_ECP;DE_ISCTR_ECP;ISCTR.E;2026-02-27;0.65;0.45;44.44;0;0;0;0;0;0;0;0;0;1028;0;;;;;
2026-01-23;O_ISCTRE0226C16.50;ISCTR_02/2026_AVRUPA_OPSIYON;D_EQ;SSO;D_EQ_ECP;DE_ISCTR_ECP;ISCTR.E;2026-02-27;0.47;0.33;42.42;0;0;0;0;0;0;0;0;0;30000;0;;;;;
2026-01-23;O_ISCTRE0226C17.00;ISCTR_02/2026_AVRUPA_OPSIYON;D_EQ;SSO;D_EQ_ECP;DE_ISCTR_ECP;ISCTR.E;2026-02-27;0.35;0.24;45.83;0;0;0;0;0;0;0;0;0;24400;0;;;;;
2026-01-23;O_ISCTRE0226C17.50;ISCTR_02/2026_AVRUPA_OPSIYON;D_EQ;SSO;D_EQ_ECP;DE_ISCTR_ECP;ISCTR.E;2026-02-27;0.26;0.18;44.44;0;0;0;0;0;0;0;0;0;0;0;;;;;
2026-01-23;O_ISCTRE0226C18.00;ISCTR_02/2026_AVRUPA_OPSIYON;D_EQ;SSO;D_EQ_ECP;DE_ISCTR_ECP;ISCTR.E;2026-02-27;0.19;0.13;46.15;0;0;0;0;0;0;0;0;0;1000;0;;;;;
2026-01-23;O_ISCTRE0226C18.50;ISCTR_02/2026_AVRUPA_OPSIYON;D_EQ;SSO;D_EQ_ECP;DE_ISCTR_ECP;ISCTR.E;2026-02-27;0.14;0.1;40;0;0;0;0;0;0;0;0;0;0;0;;;;;
2026-01-23;O_ISCTRE0226P11.50;ISCTR_02/2026_AVRUPA_OPSIYON;D_EQ;SSO;D_EQ_EPP;DE_ISCTR_EPP;ISCTR.E;2026-02-27;0.01;0.02;-50;0;0;0;0;0;0;0;0;0;0;0;;;;;
2026-01-23;O_ISCTRE0226P12.00;ISCTR_02/2026_AVRUPA_OPSIYON;D_EQ;SSO;D_EQ_EPP;DE_ISCTR_EPP;ISCTR.E;2026-02-27;0.02;0.04;-50;0;0;0;0;0;0;0;0;0;0;0;;;;;
2026-01-23;O_ISCTRE0226P12.50;ISCTR_02/2026_AVRUPA_OPSIYON;D_EQ;SSO;D_EQ_EPP;DE_ISCTR_EPP;ISCTR.E;2026-02-27;0.04;0.07;-42.86;0;0;0;0;0;0;0;0;0;0;0;;;;;
2026-01-23;O_ISCTRE0226P13.00;ISCTR_02/2026_AVRUPA_OPSIYON;D_EQ;SSO;D_EQ_EPP;DE_ISCTR_EPP;ISCTR.E;2026-02-27;0.07;0.12;-41.67;0;0;0;0;0;0;0;0;0;0;0;;;;;
2026-01-23;O_ISCTRE0226P13.50;ISCTR_02/2026_AVRUPA_OPSIYON;D_EQ;SSO;D_EQ_EPP;DE_ISCTR_EPP;ISCTR.E;2026-02-27;0.12;0.19;-36.84;0;0;0;0;0;0;0;0;0;0;0;;;;;
2026-01-23;O_ISCTRE0226P14.00;ISCTR_02/2026_AVRUPA_OPSIYON;D_EQ;SSO;D_EQ_EPP;DE_ISCTR_EPP;ISCTR.E;2026-02-27;0.19;0.29;-34.48;0;0;0;0;0;0;0;0;0;3538;0;;;;;
2026-01-23;O_ISCTRE0226P14.50;ISCTR_02/2026_AVRUPA_OPSIYON;D_EQ;SSO;D_EQ_EPP;DE_ISCTR_EPP;ISCTR.E;2026-02-27;0.29;0.43;-32.56;0;0;0;0;0;0;0;0;0;12850;0;;;;;
2026-01-23;O_ISCTRE0226P15.00;ISCTR_02/2026_AVRUPA_OPSIYON;D_EQ;SSO;D_EQ_EPP;DE_ISCTR_EPP;ISCTR.E;2026-02-27;0.43;0.63;-31.75;0;0;0;0;0;0;0;0;0;2670;0;;;;;
2026-01-23;O_ISCTRE0226P15.50;ISCTR_02/2026_AVRUPA_OPSIYON;D_EQ;SSO;D_EQ_EPP;DE_ISCTR_EPP;ISCTR.E;2026-02-27;0.63;0.88;-28.41;0;0;0;0;0;0;0;0;0;0;0;;;;;
2026-01-23;O_ISCTRE0226P16.00;ISCTR_02/2026_AVRUPA_OPSIYON;D_EQ;SSO;D_EQ_EPP;DE_ISCTR_EPP;ISCTR.E;2026-02-27;0.88;1.19;-26.05;0;0;0;0;0;0;0;0;0;3125;0;;;;;
2026-01-23;O_ISCTRE0326C14.50;ISCTR_03/2026_AVRUPA_OPSIYON;D_EQ;SSO;D_EQ_ECP;DE_ISCTR_ECP;ISCTR.E;2026-03-31;2.24;1.83;22.4;0;0;0;0;0;0;0;0;0;0;0;;;;;
2026-01-23;O_ISCTRE0326C15.00;ISCTR_03/2026_AVRUPA_OPSIYON;D_EQ;SSO;D_EQ_ECP;DE_ISCTR_ECP;ISCTR.E;2026-03-31;1.89;1.51;25.17;0;0;0;0;0;0;0;0;0;0;0;;;;;
2026-01-23;O_ISCTRE0326C15.50;ISCTR_03/2026_AVRUPA_OPSIYON;D_EQ;SSO;D_EQ_ECP;DE_ISCTR_ECP;ISCTR.E;2026-03-31;1.57;1.24;26.61;0;0;0;0;0;0;0;0;0;0;0;;;;;
2026-01-23;O_ISCTRE0326C16.00;ISCTR_03/2026_AVRUPA_OPSIYON;D_EQ;SSO;D_EQ_ECP;DE_ISCTR_ECP;ISCTR.E;2026-03-31;1.3;1.01;28.71;0;0;0;0;0;0;0;0;0;0;0;;;;;
2026-01-23;O_ISCTRE0326C16.50;ISCTR_03/2026_AVRUPA_OPSIYON;D_EQ;SSO;D_EQ_ECP;DE_ISCTR_ECP;ISCTR.E;2026-03-31;1.06;0.82;29.27;0;0;0;0;0;0;0;0;0;0;0;;;;;
2026-01-23;O_ISCTRE0326C17.00;ISCTR_03/2026_AVRUPA_OPSIYON;D_EQ;SSO;D_EQ_ECP;DE_ISCTR_ECP;ISCTR.E;2026-03-31;0.87;0.68;27.94;0;0;0;0;0;0;0;0;0;20000;0;;;;;
2026-01-23;O_ISCTRE0326C17.50;ISCTR_03/2026_AVRUPA_OPSIYON;D_EQ;SSO;D_EQ_ECP;DE_ISCTR_ECP;ISCTR.E;2026-03-31;0.72;0.57;26.32;0;0;0;0;0;0;0;0;0;0;0;;;;;
2026-01-23;O_ISCTRE0326C18.00;ISCTR_03/2026_AVRUPA_OPSIYON;D_EQ;SSO;D_EQ_ECP;DE_ISCTR_ECP;ISCTR.E;2026-03-31;0.6;0.47;27.66;0;0;0;0;0;0;0;0;0;0;0;;;;;
2026-01-23;O_ISCTRE0326C18.50;ISCTR_03/2026_AVRUPA_OPSIYON;D_EQ;SSO;D_EQ_ECP;DE_ISCTR_ECP;ISCTR.E;2026-03-31;0.5;0.4;25;0;0;0;0;0;0;0;0;0;0;0;;;;;
2026-01-23;O_ISCTRE0326P12.00;ISCTR_03/2026_AVRUPA_OPSIYON;D_EQ;SSO;D_EQ_EPP;DE_ISCTR_EPP;ISCTR.E;2026-03-31;0.07;0.1;-30;0;0;0;0;0;0;0;0;0;0;0;;;;;
2026-01-23;O_ISCTRE0326P12.50;ISCTR_03/2026_AVRUPA_OPSIYON;D_EQ;SSO;D_EQ_EPP;DE_ISCTR_EPP;ISCTR.E;2026-03-31;0.1;0.14;-28.57;0;0;0;0;0;0;0;0;0;0;0;;;;;
2026-01-23;O_ISCTRE0326P13.00;ISCTR_03/2026_AVRUPA_OPSIYON;D_EQ;SSO;D_EQ_EPP;DE_ISCTR_EPP;ISCTR.E;2026-03-31;0.15;0.19;-21.05;0;0;0;0;0;0;0;0;0;0;0;;;;;
2026-01-23;O_ISCTRE0326P13.50;ISCTR_03/2026_AVRUPA_OPSIYON;D_EQ;SSO;D_EQ_EPP;DE_ISCTR_EPP;ISCTR.E;2026-03-31;0.2;0.26;-23.08;0;0;0;0;0;0;0;0;0;0;0;;;;;
2026-01-23;O_ISCTRE0326P14.00;ISCTR_03/2026_AVRUPA_OPSIYON;D_EQ;SSO;D_EQ_EPP;DE_ISCTR_EPP;ISCTR.E;2026-03-31;0.27;0.35;-22.86;0;0;0;0;0;0;0;0;0;0;0;;;;;
2026-01-23;O_ISCTRE0326P14.50;ISCTR_03/2026_AVRUPA_OPSIYON;D_EQ;SSO;D_EQ_EPP;DE_ISCTR_EPP;ISCTR.E;2026-03-31;0.36;0.47;-23.4;0;0;0;0;0;0;0;0;0;0;0;;;;;
2026-01-23;O_ISCTRE0326P15.00;ISCTR_03/2026_AVRUPA_OPSIYON;D_EQ;SSO;D_EQ_EPP;DE_ISCTR_EPP;ISCTR.E;2026-03-31;0.48;0.61;-21.31;0;0;0;0;0;0;0;0;0;0;0;;;;;
2026-01-23;O_ISCTRE0326P15.50;ISCTR_03/2026_AVRUPA_OPSIYON;D_EQ;SSO;D_EQ_EPP;DE_ISCTR_EPP;ISCTR.E;2026-03-31;0.61;0.8;-23.75;0;0;0;0;0;0;0;0;0;0;0;;;;;
2026-01-23;O_ISCTRE0326P16.00;ISCTR_03/2026_AVRUPA_OPSIYON;D_EQ;SSO;D_EQ_EPP;DE_ISCTR_EPP;ISCTR.E;2026-03-31;0.8;1.03;-22.33;0;0;0;0;0;0;0;0;0;0;0;;;;;
2026-01-23;O_KCHOLE0126C165.00;KCHOL_01/2026_AVRUPA_OPSIYON;D_EQ;SSO;D_EQ_ECP;DE_KCHOL_ECP;KCHOL.E;2026-01-30;34.3;31.67;8.3;0;0;0;0;0;0;0;0;0;0;0;;;;;
2026-01-23;O_KCHOLE0126C170.00;KCHOL_01/2026_AVRUPA_OPSIYON;D_EQ;SSO;D_EQ_ECP;DE_KCHOL_ECP;KCHOL.E;2026-01-30;29.34;26.73;9.76;0;0;0;0;0;0;0;0;0;40;0;;;;;
2026-01-23;O_KCHOLE0126C175.00;KCHOL_01/2026_AVRUPA_OPSIYON;D_EQ;SSO;D_EQ_ECP;DE_KCHOL_ECP;KCHOL.E;2026-01-30;24.39;21.82;11.78;0;0;0;0;0;0;0;0;0;22;0;;;;;
2026-01-23;O_KCHOLE0126C180.00;KCHOL_01/2026_AVRUPA_OPSIYON;D_EQ;SSO;D_EQ_ECP;DE_KCHOL_ECP;KCHOL.E;2026-01-30;19.5;17.03;14.5;0;0;0;0;0;0;0;0;0;250;0;;;;;
2026-01-23;O_KCHOLE0126C185.00;KCHOL_01/2026_AVRUPA_OPSIYON;D_EQ;SSO;D_EQ_ECP;DE_KCHOL_ECP;KCHOL.E;2026-01-30;14.75;12.48;18.19;0;0;0;0;0;0;0;0;0;131;0;;;;;
2026-01-23;O_KCHOLE0126C190.00;KCHOL_01/2026_AVRUPA_OPSIYON;D_EQ;SSO;D_EQ_ECP;DE_KCHOL_ECP;KCHOL.E;2026-01-30;10.34;8.44;22.51;0;0;0;0;0;0;0;0;0;3461;0;;;;;
2026-01-23;O_KCHOLE0126C195.00;KCHOL_01/2026_AVRUPA_OPSIYON;D_EQ;SSO;D_EQ_ECP;DE_KCHOL_ECP;KCHOL.E;2026-01-30;6.59;5.18;27.22;0;0;0;0;0;0;0;0;0;1763;0;;;;;
2026-01-23;O_KCHOLE0126C200.00;KCHOL_01/2026_AVRUPA_OPSIYON;D_EQ;SSO;D_EQ_ECP;DE_KCHOL_ECP;KCHOL.E;2026-01-30;3.74;2.87;30.31;0;0;0;0;0;0;0;0;0;5770;0;;;;;
2026-01-23;O_KCHOLE0126C205.00;KCHOL_01/2026_AVRUPA_OPSIYON;D_EQ;SSO;D_EQ_ECP;DE_KCHOL_ECP;KCHOL.E;2026-01-30;1.89;1.42;33.1;0;0;0;0;0;0;0;0;0;6267;0;;;;;
2026-01-23;O_KCHOLE0126C210.00;KCHOL_01/2026_AVRUPA_OPSIYON;D_EQ;SSO;D_EQ_ECP;DE_KCHOL_ECP;KCHOL.E;2026-01-30;0.84;0.65;29.23;0;0;0;0;0;0;0;0;0;3358;0;;;;;
2026-01-23;O_KCHOLE0126C215.00;KCHOL_01/2026_AVRUPA_OPSIYON;D_EQ;SSO;D_EQ_ECP;DE_KCHOL_ECP;KCHOL.E;2026-01-30;0.35;0.29;20.69;0;0;0;0;0;0;0;0;0;0;0;;;;;
2026-01-23;O_KCHOLE0126C220.00;KCHOL_01/2026_AVRUPA_OPSIYON;D_EQ;SSO;D_EQ_ECP;DE_KCHOL_ECP;KCHOL.E;2026-01-30;0.14;0.12;16.67;0;0;0;0;0;0;0;0;0;0;0;;;;;
2026-01-23;O_KCHOLE0126C230.00;KCHOL_01/2026_AVRUPA_OPSIYON;D_EQ;SSO;D_EQ_ECP;DE_KCHOL_ECP;KCHOL.E;2026-01-30;0.02;0.02;0;0;0;0;0;0;0;0;0;0;0;0;;;;;
2026-01-23;O_KCHOLE0126P140.00;KCHOL_01/2026_AVRUPA_OPSIYON;D_EQ;SSO;D_EQ_EPP;DE_KCHOL_EPP;KCHOL.E;2026-01-30;0.01;0.01;0;0;0;0;0;0;0;0;0;0;0;0;;;;;
2026-01-23;O_KCHOLE0126P145.00;KCHOL_01/2026_AVRUPA_OPSIYON;D_EQ;SSO;D_EQ_EPP;DE_KCHOL_EPP;KCHOL.E;2026-01-30;0.01;0.01;0;0;0;0;0;0;0;0;0;0;0;0;;;;;
2026-01-23;O_KCHOLE0126P150.00;KCHOL_01/2026_AVRUPA_OPSIYON;D_EQ;SSO;D_EQ_EPP;DE_KCHOL_EPP;KCHOL.E;2026-01-30;0.01;0.01;0;0;0;0;0;0;0;0;0;0;57;0;;;;;
2026-01-23;O_KCHOLE0126P155.00;KCHOL_01/2026_AVRUPA_OPSIYON;D_EQ;SSO;D_EQ_EPP;DE_KCHOL_EPP;KCHOL.E;2026-01-30;0.01;0.01;0;0;0;0;0;0;0;0;0;0;20020;0;;;;;
2026-01-23;O_KCHOLE0126P160.00;KCHOL_01/2026_AVRUPA_OPSIYON;D_EQ;SSO;D_EQ_EPP;DE_KCHOL_EPP;KCHOL.E;2026-01-30;0.01;0.01;0;0;0;0;0;0;0;0;0;0;64;0;;;;;
2026-01-23;O_KCHOLE0126P165.00;KCHOL_01/2026_AVRUPA_OPSIYON;D_EQ;SSO;D_EQ_EPP;DE_KCHOL_EPP;KCHOL.E;2026-01-30;0.01;0.01;0;0;0;0;0;0;0;0;0;0;164;0;;;;;
2026-01-23;O_KCHOLE0126P170.00;KCHOL_01/2026_AVRUPA_OPSIYON;D_EQ;SSO;D_EQ_EPP;DE_KCHOL_EPP;KCHOL.E;2026-01-30;0.01;0.02;-50;0;0;0;0;0;0;0;0;0;457;0;;;;;
2026-01-23;O_KCHOLE0126P175.00;KCHOL_01/2026_AVRUPA_OPSIYON;D_EQ;SSO;D_EQ_EPP;DE_KCHOL_EPP;KCHOL.E;2026-01-30;0.02;0.07;-71.43;0;0;0;0;0;0;0;0;0;962;0;;;;;
2026-01-23;O_KCHOLE0126P180.00;KCHOL_01/2026_AVRUPA_OPSIYON;D_EQ;SSO;D_EQ_EPP;DE_KCHOL_EPP;KCHOL.E;2026-01-30;0.09;0.23;-60.87;0;0;0;0;0;0;0;0;0;464;0;;;;;
2026-01-23;O_KCHOLE0126P185.00;KCHOL_01/2026_AVRUPA_OPSIYON;D_EQ;SSO;D_EQ_EPP;DE_KCHOL_EPP;KCHOL.E;2026-01-30;0.31;0.64;-51.56;0;0;0;0;0;0;0;0;0;309;0;;;;;
2026-01-23;O_KCHOLE0126P190.00;KCHOL_01/2026_AVRUPA_OPSIYON;D_EQ;SSO;D_EQ_EPP;DE_KCHOL_EPP;KCHOL.E;2026-01-30;0.86;1.56;-44.87;0;0;0;0;0;0;0;0;0;107;0;;;;;
2026-01-23;O_KCHOLE0126P195.00;KCHOL_01/2026_AVRUPA_OPSIYON;D_EQ;SSO;D_EQ_EPP;DE_KCHOL_EPP;KCHOL.E;2026-01-30;2.07;3.27;-36.7;0;0;0;0;0;0;0;0;0;10000;0;;;;;
2026-01-23;O_KCHOLE0126P200.00;KCHOL_01/2026_AVRUPA_OPSIYON;D_EQ;SSO;D_EQ_EPP;DE_KCHOL_EPP;KCHOL.E;2026-01-30;4.19;5.91;-29.1;0;0;0;0;0;0;0;0;0;57;0;;;;;
2026-01-23;O_KCHOLE0126P205.00;KCHOL_01/2026_AVRUPA_OPSIYON;D_EQ;SSO;D_EQ_EPP;DE_KCHOL_EPP;KCHOL.E;2026-01-30;7.3;9.42;-22.51;0;0;0;0;0;0;0;0;0;0;0;;;;;
2026-01-23;O_KCHOLE0226C170.00;KCHOL_02/2026_AVRUPA_OPSIYON;D_EQ;SSO;D_EQ_ECP;DE_KCHOL_ECP;KCHOL.E;2026-02-27;34.82;32.38;7.54;0;0;0;0;0;0;0;0;0;0;0;;;;;
2026-01-23;O_KCHOLE0226C175.00;KCHOL_02/2026_AVRUPA_OPSIYON;D_EQ;SSO;D_EQ_ECP;DE_KCHOL_ECP;KCHOL.E;2026-02-27;30.37;28.01;8.43;0;0;0;0;0;0;0;0;0;0;0;;;;;
2026-01-23;O_KCHOLE0226C180.00;KCHOL_02/2026_AVRUPA_OPSIYON;D_EQ;SSO;D_EQ_ECP;DE_KCHOL_ECP;KCHOL.E;2026-02-27;26.07;23.82;9.45;0;0;0;0;0;0;0;0;0;50;0;;;;;
2026-01-23;O_KCHOLE0226C185.00;KCHOL_02/2026_AVRUPA_OPSIYON;D_EQ;SSO;D_EQ_ECP;DE_KCHOL_ECP;KCHOL.E;2026-02-27;21.98;19.88;10.56;0;0;0;0;0;0;0;0;0;169;0;;;;;
2026-01-23;O_KCHOLE0226C190.00;KCHOL_02/2026_AVRUPA_OPSIYON;D_EQ;SSO;D_EQ_ECP;DE_KCHOL_ECP;KCHOL.E;2026-02-27;18.16;16.22;11.96;0;0;0;0;0;0;0;0;0;379;0;;;;;
2026-01-23;O_KCHOLE0226C195.00;KCHOL_02/2026_AVRUPA_OPSIYON;D_EQ;SSO;D_EQ_ECP;DE_KCHOL_ECP;KCHOL.E;2026-02-27;14.65;12.97;12.95;0;0;0;0;0;0;0;0;0;930;0;;;;;
2026-01-23;O_KCHOLE0226C200.00;KCHOL_02/2026_AVRUPA_OPSIYON;D_EQ;SSO;D_EQ_ECP;DE_KCHOL_ECP;KCHOL.E;2026-02-27;11.64;10.19;14.23;8.79;8.79;8.79;8.79;8.79;400000;17580;20;2;255;7;;;;;
2026-01-23;O_KCHOLE0226C205.00;KCHOL_02/2026_AVRUPA_OPSIYON;D_EQ;SSO;D_EQ_ECP;DE_KCHOL_ECP;KCHOL.E;2026-02-27;9.05;7.87;14.99;7.58;7.58;7.58;7.58;7.58;20500;758;1;1;3289;0;;;;;
2026-01-23;O_KCHOLE0226C210.00;KCHOL_02/2026_AVRUPA_OPSIYON;D_EQ;SSO;D_EQ_ECP;DE_KCHOL_ECP;KCHOL.E;2026-02-27;6.95;5.99;16.03;0;0;0;0;0;0;0;0;0;100;0;;;;;
2026-01-23;O_KCHOLE0226C215.00;KCHOL_02/2026_AVRUPA_OPSIYON;D_EQ;SSO;D_EQ_ECP;DE_KCHOL_ECP;KCHOL.E;2026-02-27;5.24;4.54;15.42;0;0;0;0;0;0;0;0;0;20;0;;;;;
2026-01-23;O_KCHOLE0226C220.00;KCHOL_02/2026_AVRUPA_OPSIYON;D_EQ;SSO;D_EQ_ECP;DE_KCHOL_ECP;KCHOL.E;2026-02-27;4;3.48;14.94;1.9;1.9;1.9;1.9;1.9;1100000;9500;50;1;882;0;;;;;
2026-01-23;O_KCHOLE0226C225.00;KCHOL_02/2026_AVRUPA_OPSIYON;D_EQ;SSO;D_EQ_ECP;DE_KCHOL_ECP;KCHOL.E;2026-02-27;3.06;2.66;15.04;0;0;0;0;0;0;0;0;0;382;0;;;;;
2026-01-23;O_KCHOLE0226C235.00;KCHOL_02/2026_AVRUPA_OPSIYON;D_EQ;SSO;D_EQ_ECP;DE_KCHOL_ECP;KCHOL.E;2026-02-27;1.78;1.56;14.1;0;0;0;0;0;0;0;0;0;342;0;;;;;
2026-01-23;O_KCHOLE0226P145.00;KCHOL_02/2026_AVRUPA_OPSIYON;D_EQ;SSO;D_EQ_EPP;DE_KCHOL_EPP;KCHOL.E;2026-02-27;0.04;0.06;-33.33;0;0;0;0;0;0;0;0;0;0;0;;;;;
2026-01-23;O_KCHOLE0226P150.00;KCHOL_02/2026_AVRUPA_OPSIYON;D_EQ;SSO;D_EQ_EPP;DE_KCHOL_EPP;KCHOL.E;2026-02-27;0.08;0.11;-27.27;0;0;0;0;0;0;0;0;0;0;0;;;;;
2026-01-23;O_KCHOLE0226P155.00;KCHOL_02/2026_AVRUPA_OPSIYON;D_EQ;SSO;D_EQ_EPP;DE_KCHOL_EPP;KCHOL.E;2026-02-27;0.14;0.19;-26.32;0;0;0;0;0;0;0;0;0;100;0;;;;;
2026-01-23;O_KCHOLE0226P160.00;KCHOL_02/2026_AVRUPA_OPSIYON;D_EQ;SSO;D_EQ_EPP;DE_KCHOL_EPP;KCHOL.E;2026-02-27;0.24;0.32;-25;0;0;0;0;0;0;0;0;0;10100;0;;;;;
2026-01-23;O_KCHOLE0226P165.00;KCHOL_02/2026_AVRUPA_OPSIYON;D_EQ;SSO;D_EQ_EPP;DE_KCHOL_EPP;KCHOL.E;2026-02-27;0.4;0.52;-23.08;0;0;0;0;0;0;0;0;0;0;0;;;;;
2026-01-23;O_KCHOLE0226P170.00;KCHOL_02/2026_AVRUPA_OPSIYON;D_EQ;SSO;D_EQ_EPP;DE_KCHOL_EPP;KCHOL.E;2026-02-27;0.64;0.82;-21.95;0;0;0;0;0;0;0;0;0;0;0;;;;;
2026-01-23;O_KCHOLE0226P175.00;KCHOL_02/2026_AVRUPA_OPSIYON;D_EQ;SSO;D_EQ_EPP;DE_KCHOL_EPP;KCHOL.E;2026-02-27;1.01;1.27;-20.47;0;0;0;0;0;0;0;0;0;38;0;;;;;
2026-01-23;O_KCHOLE0226P180.00;KCHOL_02/2026_AVRUPA_OPSIYON;D_EQ;SSO;D_EQ_EPP;DE_KCHOL_EPP;KCHOL.E;2026-02-27;1.53;1.9;-19.47;0;0;0;0;0;0;0;0;0;76;0;;;;;
2026-01-23;O_KCHOLE0226P185.00;KCHOL_02/2026_AVRUPA_OPSIYON;D_EQ;SSO;D_EQ_EPP;DE_KCHOL_EPP;KCHOL.E;2026-02-27;2.26;2.77;-18.41;0;0;0;0;0;0;0;0;0;271;0;;;;;
2026-01-23;O_KCHOLE0226P190.00;KCHOL_02/2026_AVRUPA_OPSIYON;D_EQ;SSO;D_EQ_EPP;DE_KCHOL_EPP;KCHOL.E;2026-02-27;3.26;3.93;-17.05;0;0;0;0;0;0;0;0;0;1001;0;;;;;
2026-01-23;O_KCHOLE0226P195.00;KCHOL_02/2026_AVRUPA_OPSIYON;D_EQ;SSO;D_EQ_EPP;DE_KCHOL_EPP;KCHOL.E;2026-02-27;4.57;5.49;-16.76;0;0;0;0;0;0;0;0;0;1;0;;;;;
2026-01-23;O_KCHOLE0226P200.00;KCHOL_02/2026_AVRUPA_OPSIYON;D_EQ;SSO;D_EQ_EPP;DE_KCHOL_EPP;KCHOL.E;2026-02-27;6.38;7.53;-15.27;6.08;5.49;6.08;5.49;5.5;820000;22568;41;5;140;40;;;;;
2026-01-23;O_KCHOLE0226P205.00;KCHOL_02/2026_AVRUPA_OPSIYON;D_EQ;SSO;D_EQ_EPP;DE_KCHOL_EPP;KCHOL.E;2026-02-27;8.62;10.03;-14.06;7.8;7.8;7.8;7.8;7.8;1230000;46800;60;6;59;58;;;;;
2026-01-23;O_KCHOLE0226P210.00;KCHOL_02/2026_AVRUPA_OPSIYON;D_EQ;SSO;D_EQ_EPP;DE_KCHOL_EPP;KCHOL.E;2026-02-27;11.33;12.96;-12.58;10.65;10.65;10.65;10.65;10.65;1470000;74550;70;7;70;70;;;;;
2026-01-23;O_KCHOLE0326C175.00;KCHOL_03/2026_AVRUPA_OPSIYON;D_EQ;SSO;D_EQ_ECP;DE_KCHOL_ECP;KCHOL.E;2026-03-31;39.01;36.67;6.38;0;0;0;0;0;0;0;0;0;0;0;;;;;
2026-01-23;O_KCHOLE0326C180.00;KCHOL_03/2026_AVRUPA_OPSIYON;D_EQ;SSO;D_EQ_ECP;DE_KCHOL_ECP;KCHOL.E;2026-03-31;34.97;32.71;6.91;0;0;0;0;0;0;0;0;0;0;0;;;;;
2026-01-23;O_KCHOLE0326C185.00;KCHOL_03/2026_AVRUPA_OPSIYON;D_EQ;SSO;D_EQ_ECP;DE_KCHOL_ECP;KCHOL.E;2026-03-31;31.07;28.9;7.51;0;0;0;0;0;0;0;0;0;0;0;;;;;
2026-01-23;O_KCHOLE0326C190.00;KCHOL_03/2026_AVRUPA_OPSIYON;D_EQ;SSO;D_EQ_ECP;DE_KCHOL_ECP;KCHOL.E;2026-03-31;27.34;25.26;8.23;0;0;0;0;0;0;0;0;0;0;0;;;;;
2026-01-23;O_KCHOLE0326C195.00;KCHOL_03/2026_AVRUPA_OPSIYON;D_EQ;SSO;D_EQ_ECP;DE_KCHOL_ECP;KCHOL.E;2026-03-31;23.79;21.83;8.98;0;0;0;0;0;0;0;0;0;1620;0;;;;;
2026-01-23;O_KCHOLE0326C200.00;KCHOL_03/2026_AVRUPA_OPSIYON;D_EQ;SSO;D_EQ_ECP;DE_KCHOL_ECP;KCHOL.E;2026-03-31;20.45;18.64;9.71;0;0;0;0;0;0;0;0;0;0;0;;;;;
2026-01-23;O_KCHOLE0326C205.00;KCHOL_03/2026_AVRUPA_OPSIYON;D_EQ;SSO;D_EQ_ECP;DE_KCHOL_ECP;KCHOL.E;2026-03-31;17.46;15.87;10.02;0;0;0;0;0;0;0;0;0;0;0;;;;;
2026-01-23;O_KCHOLE0326C210.00;KCHOL_03/2026_AVRUPA_OPSIYON;D_EQ;SSO;D_EQ_ECP;DE_KCHOL_ECP;KCHOL.E;2026-03-31;14.81;13.38;10.69;0;0;0;0;0;0;0;0;0;0;0;;;;;
2026-01-23;O_KCHOLE0326C215.00;KCHOL_03/2026_AVRUPA_OPSIYON;D_EQ;SSO;D_EQ_ECP;DE_KCHOL_ECP;KCHOL.E;2026-03-31;12.49;11.27;10.83;0;0;0;0;0;0;0;0;0;0;0;;;;;
2026-01-23;O_KCHOLE0326C220.00;KCHOL_03/2026_AVRUPA_OPSIYON;D_EQ;SSO;D_EQ_ECP;DE_KCHOL_ECP;KCHOL.E;2026-03-31;10.49;9.42;11.36;0;0;0;0;0;0;0;0;0;0;0;;;;;
2026-01-23;O_KCHOLE0326C225.00;KCHOL_03/2026_AVRUPA_OPSIYON;D_EQ;SSO;D_EQ_ECP;DE_KCHOL_ECP;KCHOL.E;2026-03-31;8.83;8.02;10.1;0;0;0;0;0;0;0;0;0;0;0;;;;;
2026-01-23;O_KCHOLE0326C230.00;KCHOL_03/2026_AVRUPA_OPSIYON;D_EQ;SSO;D_EQ_ECP;DE_KCHOL_ECP;KCHOL.E;2026-03-31;7.53;6.84;10.09;0;0;0;0;0;0;0;0;0;0;0;;;;;
2026-01-23;O_KCHOLE0326C240.00;KCHOL_03/2026_AVRUPA_OPSIYON;D_EQ;SSO;D_EQ_ECP;DE_KCHOL_ECP;KCHOL.E;2026-03-31;5.49;5;9.8;0;0;0;0;0;0;0;0;0;0;0;;;;;
2026-01-23;O_KCHOLE0326P150.00;KCHOL_03/2026_AVRUPA_OPSIYON;D_EQ;SSO;D_EQ_EPP;DE_KCHOL_EPP;KCHOL.E;2026-03-31;0.34;0.4;-15;0;0;0;0;0;0;0;0;0;0;0;;;;;
2026-01-23;O_KCHOLE0326P155.00;KCHOL_03/2026_AVRUPA_OPSIYON;D_EQ;SSO;D_EQ_EPP;DE_KCHOL_EPP;KCHOL.E;2026-03-31;0.49;0.57;-14.04;0;0;0;0;0;0;0;0;0;0;0;;;;;
2026-01-23;O_KCHOLE0326P160.00;KCHOL_03/2026_AVRUPA_OPSIYON;D_EQ;SSO;D_EQ_EPP;DE_KCHOL_EPP;KCHOL.E;2026-03-31;0.69;0.8;-13.75;0;0;0;0;0;0;0;0;0;0;0;;;;;
2026-01-23;O_KCHOLE0326P165.00;KCHOL_03/2026_AVRUPA_OPSIYON;D_EQ;SSO;D_EQ_EPP;DE_KCHOL_EPP;KCHOL.E;2026-03-31;0.95;1.11;-14.41;0;0;0;0;0;0;0;0;0;0;0;;;;;
2026-01-23;O_KCHOLE0326P170.00;KCHOL_03/2026_AVRUPA_OPSIYON;D_EQ;SSO;D_EQ_EPP;DE_KCHOL_EPP;KCHOL.E;2026-03-31;1.29;1.5;-14;0;0;0;0;0;0;0;0;0;0;0;;;;;
2026-01-23;O_KCHOLE0326P175.00;KCHOL_03/2026_AVRUPA_OPSIYON;D_EQ;SSO;D_EQ_EPP;DE_KCHOL_EPP;KCHOL.E;2026-03-31;1.74;2;-13;0;0;0;0;0;0;0;0;0;0;0;;;;;
2026-01-23;O_KCHOLE0326P180.00;KCHOL_03/2026_AVRUPA_OPSIYON;D_EQ;SSO;D_EQ_EPP;DE_KCHOL_EPP;KCHOL.E;2026-03-31;2.3;2.62;-12.21;0;0;0;0;0;0;0;0;0;0;0;;;;;
2026-01-23;O_KCHOLE0326P185.00;KCHOL_03/2026_AVRUPA_OPSIYON;D_EQ;SSO;D_EQ_EPP;DE_KCHOL_EPP;KCHOL.E;2026-03-31;2.99;3.4;-12.06;0;0;0;0;0;0;0;0;0;0;0;;;;;
2026-01-23;O_KCHOLE0326P190.00;KCHOL_03/2026_AVRUPA_OPSIYON;D_EQ;SSO;D_EQ_EPP;DE_KCHOL_EPP;KCHOL.E;2026-03-31;3.85;4.36;-11.7;0;0;0;0;0;0;0;0;0;0;0;;;;;
2026-01-23;O_KCHOLE0326P195.00;KCHOL_03/2026_AVRUPA_OPSIYON;D_EQ;SSO;D_EQ_EPP;DE_KCHOL_EPP;KCHOL.E;2026-03-31;4.9;5.51;-11.07;0;0;0;0;0;0;0;0;0;0;0;;;;;
2026-01-23;O_KCHOLE0326P200.00;KCHOL_03/2026_AVRUPA_OPSIYON;D_EQ;SSO;D_EQ_EPP;DE_KCHOL_EPP;KCHOL.E;2026-03-31;6.15;6.92;-11.13;0;0;0;0;0;0;0;0;0;0;0;;;;;
2026-01-23;O_KCHOLE0326P205.00;KCHOL_03/2026_AVRUPA_OPSIYON;D_EQ;SSO;D_EQ_EPP;DE_KCHOL_EPP;KCHOL.E;2026-03-31;7.76;8.73;-11.11;0;0;0;0;0;0;0;0;0;0;0;;;;;
2026-01-23;O_KCHOLE0326P210.00;KCHOL_03/2026_AVRUPA_OPSIYON;D_EQ;SSO;D_EQ_EPP;DE_KCHOL_EPP;KCHOL.E;2026-03-31;9.71;10.84;-10.42;0;0;0;0;0;0;0;0;0;0;0;;;;;
2026-01-23;O_KCHOLE0326P215.00;KCHOL_03/2026_AVRUPA_OPSIYON;D_EQ;SSO;D_EQ_EPP;DE_KCHOL_EPP;KCHOL.E;2026-03-31;11.98;13.31;-9.99;0;0;0;0;0;0;0;0;0;0;0;;;;;
2026-01-23;O_KRDMDE0126C25.00;KRDMD_01/2026_AVRUPA_OPSIYON;D_EQ;SSO;D_EQ_ECP;DE_KRDMD_ECP;KRDMD.E;2026-01-30;4.56;4.41;3.4;0;0;0;0;0;0;0;0;0;10000;0;;;;;
2026-01-23;O_KRDMDE0126C26.00;KRDMD_01/2026_AVRUPA_OPSIYON;D_EQ;SSO;D_EQ_ECP;DE_KRDMD_ECP;KRDMD.E;2026-01-30;3.58;3.43;4.37;0;0;0;0;0;0;0;0;0;5000;0;;;;;
2026-01-23;O_KRDMDE0126C27.00;KRDMD_01/2026_AVRUPA_OPSIYON;D_EQ;SSO;D_EQ_ECP;DE_KRDMD_ECP;KRDMD.E;2026-01-30;2.61;2.48;5.24;0;0;0;0;0;0;0;0;0;177;0;;;;;
2026-01-23;O_KRDMDE0126C28.00;KRDMD_01/2026_AVRUPA_OPSIYON;D_EQ;SSO;D_EQ_ECP;DE_KRDMD_ECP;KRDMD.E;2026-01-30;1.72;1.62;6.17;1.61;1.61;1.61;1.61;1.61;280000;16100;100;1;610;0;;;;;
2026-01-23;O_KRDMDE0126C29.00;KRDMD_01/2026_AVRUPA_OPSIYON;D_EQ;SSO;D_EQ_ECP;DE_KRDMD_ECP;KRDMD.E;2026-01-30;0.98;0.93;5.38;0.84;0.84;0.84;0.84;0.84;290000;8400;100;1;267;0;;;;;
2026-01-23;O_KRDMDE0126C30.00;KRDMD_01/2026_AVRUPA_OPSIYON;D_EQ;SSO;D_EQ_ECP;DE_KRDMD_ECP;KRDMD.E;2026-01-30;0.47;0.45;4.44;0.32;0.31;0.32;0.31;0.32;600000;6300;200;2;200;200;;;;;
2026-01-23;O_KRDMDE0126C31.00;KRDMD_01/2026_AVRUPA_OPSIYON;D_EQ;SSO;D_EQ_ECP;DE_KRDMD_ECP;KRDMD.E;2026-01-30;0.19;0.19;0;0;0;0;0;0;0;0;0;0;125;0;;;;;
2026-01-23;O_KRDMDE0126C32.00;KRDMD_01/2026_AVRUPA_OPSIYON;D_EQ;SSO;D_EQ_ECP;DE_KRDMD_ECP;KRDMD.E;2026-01-30;0.06;0.07;-14.29;0;0;0;0;0;0;0;0;0;100;0;;;;;
2026-01-23;O_KRDMDE0126C33.00;KRDMD_01/2026_AVRUPA_OPSIYON;D_EQ;SSO;D_EQ_ECP;DE_KRDMD_ECP;KRDMD.E;2026-01-30;0.02;0.02;0;0;0;0;0;0;0;0;0;0;1055;0;;;;;
2026-01-23;O_KRDMDE0126C34.00;KRDMD_01/2026_AVRUPA_OPSIYON;D_EQ;SSO;D_EQ_ECP;DE_KRDMD_ECP;KRDMD.E;2026-01-30;0.01;0.01;0;0;0;0;0;0;0;0;0;0;0;0;;;;;
2026-01-23;O_KRDMDE0126C35.00;KRDMD_01/2026_AVRUPA_OPSIYON;D_EQ;SSO;D_EQ_ECP;DE_KRDMD_ECP;KRDMD.E;2026-01-30;0.01;0.01;0;0;0;0;0;0;0;0;0;0;0;0;;;;;
2026-01-23;O_KRDMDE0126C36.00;KRDMD_01/2026_AVRUPA_OPSIYON;D_EQ;SSO;D_EQ_ECP;DE_KRDMD_ECP;KRDMD.E;2026-01-30;0.01;0.01;0;0;0;0;0;0;0;0;0;0;0;0;;;;;
2026-01-23;O_KRDMDE0126C37.00;KRDMD_01/2026_AVRUPA_OPSIYON;D_EQ;SSO;D_EQ_ECP;DE_KRDMD_ECP;KRDMD.E;2026-01-30;0.01;0.01;0;0;0;0;0;0;0;0;0;0;0;0;;;;;
2026-01-23;O_KRDMDE0126P22.50;KRDMD_01/2026_AVRUPA_OPSIYON;D_EQ;SSO;D_EQ_EPP;DE_KRDMD_EPP;KRDMD.E;2026-01-30;0.01;0.01;0;0;0;0;0;0;0;0;0;0;496;0;;;;;
2026-01-23;O_KRDMDE0126P23.00;KRDMD_01/2026_AVRUPA_OPSIYON;D_EQ;SSO;D_EQ_EPP;DE_KRDMD_EPP;KRDMD.E;2026-01-30;0.01;0.01;0;0;0;0;0;0;0;0;0;0;0;0;;;;;
2026-01-23;O_KRDMDE0126P23.50;KRDMD_01/2026_AVRUPA_OPSIYON;D_EQ;SSO;D_EQ_EPP;DE_KRDMD_EPP;KRDMD.E;2026-01-30;0.01;0.01;0;0;0;0;0;0;0;0;0;0;0;0;;;;;
2026-01-23;O_KRDMDE0126P24.00;KRDMD_01/2026_AVRUPA_OPSIYON;D_EQ;SSO;D_EQ_EPP;DE_KRDMD_EPP;KRDMD.E;2026-01-30;0.01;0.01;0;0;0;0;0;0;0;0;0;0;1083;0;;;;;
2026-01-23;O_KRDMDE0126P24.50;KRDMD_01/2026_AVRUPA_OPSIYON;D_EQ;SSO;D_EQ_EPP;DE_KRDMD_EPP;KRDMD.E;2026-01-30;0.01;0.01;0;0;0;0;0;0;0;0;0;0;0;0;;;;;
2026-01-23;O_KRDMDE0126P25.00;KRDMD_01/2026_AVRUPA_OPSIYON;D_EQ;SSO;D_EQ_EPP;DE_KRDMD_EPP;KRDMD.E;2026-01-30;0.01;0.01;0;0;0;0;0;0;0;0;0;0;433;0;;;;;
2026-01-23;O_KRDMDE0126P26.00;KRDMD_01/2026_AVRUPA_OPSIYON;D_EQ;SSO;D_EQ_EPP;DE_KRDMD_EPP;KRDMD.E;2026-01-30;0.01;0.01;0;0;0;0;0;0;0;0;0;0;1977;0;;;;;
2026-01-23;O_KRDMDE0126P27.00;KRDMD_01/2026_AVRUPA_OPSIYON;D_EQ;SSO;D_EQ_EPP;DE_KRDMD_EPP;KRDMD.E;2026-01-30;0.03;0.06;-50;0;0;0;0;0;0;0;0;0;4768;0;;;;;
2026-01-23;O_KRDMDE0126P28.00;KRDMD_01/2026_AVRUPA_OPSIYON;D_EQ;SSO;D_EQ_EPP;DE_KRDMD_EPP;KRDMD.E;2026-01-30;0.13;0.19;-31.58;0.14;0.14;0.15;0.15;0.15;2500400;13295;893;9;8013;-893;;;;;
2026-01-23;O_KRDMDE0126P29.00;KRDMD_01/2026_AVRUPA_OPSIYON;D_EQ;SSO;D_EQ_EPP;DE_KRDMD_EPP;KRDMD.E;2026-01-30;0.39;0.49;-20.41;0;0;0;0;0;0;0;0;0;2375;0;;;;;
2026-01-23;O_KRDMDE0126P30.00;KRDMD_01/2026_AVRUPA_OPSIYON;D_EQ;SSO;D_EQ_EPP;DE_KRDMD_EPP;KRDMD.E;2026-01-30;0.87;1.01;-13.86;0.79;0.79;0.88;0.88;0.82;3000000;82023;1000;11;472;-56;;;;;
2026-01-23;O_KRDMDE0126P31.00;KRDMD_01/2026_AVRUPA_OPSIYON;D_EQ;SSO;D_EQ_EPP;DE_KRDMD_EPP;KRDMD.E;2026-01-30;1.58;1.73;-8.67;0;0;0;0;0;0;0;0;0;228;0;;;;;
2026-01-23;O_KRDMDE0126P32.00;KRDMD_01/2026_AVRUPA_OPSIYON;D_EQ;SSO;D_EQ_EPP;DE_KRDMD_EPP;KRDMD.E;2026-01-30;2.45;2.61;-6.13;0;0;0;0;0;0;0;0;0;100;0;;;;;
2026-01-23;O_KRDMDE0226C26.00;KRDMD_02/2026_AVRUPA_OPSIYON;D_EQ;SSO;D_EQ_ECP;DE_KRDMD_ECP;KRDMD.E;2026-02-27;4.5;4.37;2.97;0;0;0;0;0;0;0;0;0;3328;0;;;;;
2026-01-23;O_KRDMDE0226C27.00;KRDMD_02/2026_AVRUPA_OPSIYON;D_EQ;SSO;D_EQ_ECP;DE_KRDMD_ECP;KRDMD.E;2026-02-27;3.67;3.55;3.38;0;0;0;0;0;0;0;0;0;152;0;;;;;
2026-01-23;O_KRDMDE0226C28.00;KRDMD_02/2026_AVRUPA_OPSIYON;D_EQ;SSO;D_EQ_ECP;DE_KRDMD_ECP;KRDMD.E;2026-02-27;2.91;2.81;3.56;0;0;0;0;0;0;0;0;0;1;0;;;;;
2026-01-23;O_KRDMDE0226C29.00;KRDMD_02/2026_AVRUPA_OPSIYON;D_EQ;SSO;D_EQ_ECP;DE_KRDMD_ECP;KRDMD.E;2026-02-27;2.24;2.15;4.19;1.77;1.77;1.77;1.77;1.77;290000;17700;100;2;50;-100;;;;;
2026-01-23;O_KRDMDE0226C30.00;KRDMD_02/2026_AVRUPA_OPSIYON;D_EQ;SSO;D_EQ_ECP;DE_KRDMD_ECP;KRDMD.E;2026-02-27;1.67;1.61;3.73;1.25;1.25;1.25;1.25;1.25;900000;37500;300;6;300;300;;;;;
2026-01-23;O_KRDMDE0226C31.00;KRDMD_02/2026_AVRUPA_OPSIYON;D_EQ;SSO;D_EQ_ECP;DE_KRDMD_ECP;KRDMD.E;2026-02-27;1.22;1.17;4.27;0.84;0.83;0.84;0.83;0.83;2644300;70999;853;5;1119;853;;;;;
2026-01-23;O_KRDMDE0226C32.00;KRDMD_02/2026_AVRUPA_OPSIYON;D_EQ;SSO;D_EQ_ECP;DE_KRDMD_ECP;KRDMD.E;2026-02-27;0.86;0.83;3.61;0.54;0.54;0.54;0.54;0.54;640000;10800;200;4;200;200;;;;;
2026-01-23;O_KRDMDE0226C33.00;KRDMD_02/2026_AVRUPA_OPSIYON;D_EQ;SSO;D_EQ_ECP;DE_KRDMD_ECP;KRDMD.E;2026-02-27;0.61;0.59;3.39;0;0;0;0;0;0;0;0;0;100;0;;;;;
2026-01-23;O_KRDMDE0226C34.00;KRDMD_02/2026_AVRUPA_OPSIYON;D_EQ;SSO;D_EQ_ECP;DE_KRDMD_ECP;KRDMD.E;2026-02-27;0.43;0.42;2.38;0.16;0.16;0.16;0.16;0.16;34000;160;10;1;10;10;;;;;
2026-01-23;O_KRDMDE0226C35.00;KRDMD_02/2026_AVRUPA_OPSIYON;D_EQ;SSO;D_EQ_ECP;DE_KRDMD_ECP;KRDMD.E;2026-02-27;0.3;0.29;3.45;0;0;0;0;0;0;0;0;0;0;0;;;;;
2026-01-23;O_KRDMDE0226C36.00;KRDMD_02/2026_AVRUPA_OPSIYON;D_EQ;SSO;D_EQ_ECP;DE_KRDMD_ECP;KRDMD.E;2026-02-27;0.21;0.2;5;0;0;0;0;0;0;0;0;0;0;0;;;;;
2026-01-23;O_KRDMDE0226P23.00;KRDMD_02/2026_AVRUPA_OPSIYON;D_EQ;SSO;D_EQ_EPP;DE_KRDMD_EPP;KRDMD.E;2026-02-27;0.02;0.03;-33.33;0;0;0;0;0;0;0;0;0;0;0;;;;;
2026-01-23;O_KRDMDE0226P23.50;KRDMD_02/2026_AVRUPA_OPSIYON;D_EQ;SSO;D_EQ_EPP;DE_KRDMD_EPP;KRDMD.E;2026-02-27;0.04;0.04;0;0;0;0;0;0;0;0;0;0;348;0;;;;;
2026-01-23;O_KRDMDE0226P24.00;KRDMD_02/2026_AVRUPA_OPSIYON;D_EQ;SSO;D_EQ_EPP;DE_KRDMD_EPP;KRDMD.E;2026-02-27;0.05;0.06;-16.67;0;0;0;0;0;0;0;0;0;357;0;;;;;
2026-01-23;O_KRDMDE0226P24.50;KRDMD_02/2026_AVRUPA_OPSIYON;D_EQ;SSO;D_EQ_EPP;DE_KRDMD_EPP;KRDMD.E;2026-02-27;0.07;0.08;-12.5;0;0;0;0;0;0;0;0;0;294;0;;;;;
2026-01-23;O_KRDMDE0226P25.00;KRDMD_02/2026_AVRUPA_OPSIYON;D_EQ;SSO;D_EQ_EPP;DE_KRDMD_EPP;KRDMD.E;2026-02-27;0.1;0.12;-16.67;0;0;0;0;0;0;0;0;0;0;0;;;;;
2026-01-23;O_KRDMDE0226P26.00;KRDMD_02/2026_AVRUPA_OPSIYON;D_EQ;SSO;D_EQ_EPP;DE_KRDMD_EPP;KRDMD.E;2026-02-27;0.19;0.21;-9.52;0;0;0;0;0;0;0;0;0;5120;0;;;;;
2026-01-23;O_KRDMDE0226P27.00;KRDMD_02/2026_AVRUPA_OPSIYON;D_EQ;SSO;D_EQ_EPP;DE_KRDMD_EPP;KRDMD.E;2026-02-27;0.32;0.36;-11.11;0;0;0;0;0;0;0;0;0;0;0;;;;;
2026-01-23;O_KRDMDE0226P28.00;KRDMD_02/2026_AVRUPA_OPSIYON;D_EQ;SSO;D_EQ_EPP;DE_KRDMD_EPP;KRDMD.E;2026-02-27;0.53;0.58;-8.62;0.46;0.46;0.46;0.46;0.46;28000;460;10;1;10;6;;;;;
2026-01-23;O_KRDMDE0226P29.00;KRDMD_02/2026_AVRUPA_OPSIYON;D_EQ;SSO;D_EQ_EPP;DE_KRDMD_EPP;KRDMD.E;2026-02-27;0.82;0.89;-7.87;0;0;0;0;0;0;0;0;0;500;0;;;;;
2026-01-23;O_KRDMDE0226P30.00;KRDMD_02/2026_AVRUPA_OPSIYON;D_EQ;SSO;D_EQ_EPP;DE_KRDMD_EPP;KRDMD.E;2026-02-27;1.22;1.31;-6.87;1.18;1.15;1.24;1.22;1.19;23550000;937525;7850;39;9300;7850;;;;;
2026-01-23;O_KRDMDE0226P31.00;KRDMD_02/2026_AVRUPA_OPSIYON;D_EQ;SSO;D_EQ_EPP;DE_KRDMD_EPP;KRDMD.E;2026-02-27;1.73;1.83;-5.46;1.72;1.72;1.86;1.86;1.78;3720000;213958;1200;4;1200;1200;;;;;
2026-01-23;O_KRDMDE0326C26.00;KRDMD_03/2026_AVRUPA_OPSIYON;D_EQ;SSO;D_EQ_ECP;DE_KRDMD_ECP;KRDMD.E;2026-03-31;5.79;5.66;2.3;0;0;0;0;0;0;0;0;0;0;0;;;;;
2026-01-23;O_KRDMDE0326C27.00;KRDMD_03/2026_AVRUPA_OPSIYON;D_EQ;SSO;D_EQ_ECP;DE_KRDMD_ECP;KRDMD.E;2026-03-31;5.01;4.89;2.45;0;0;0;0;0;0;0;0;0;0;0;;;;;
2026-01-23;O_KRDMDE0326C28.00;KRDMD_03/2026_AVRUPA_OPSIYON;D_EQ;SSO;D_EQ_ECP;DE_KRDMD_ECP;KRDMD.E;2026-03-31;4.28;4.17;2.64;0;0;0;0;0;0;0;0;0;0;0;;;;;
2026-01-23;O_KRDMDE0326C29.00;KRDMD_03/2026_AVRUPA_OPSIYON;D_EQ;SSO;D_EQ_ECP;DE_KRDMD_ECP;KRDMD.E;2026-03-31;3.6;3.5;2.86;0;0;0;0;0;0;0;0;0;3710;0;;;;;
2026-01-23;O_KRDMDE0326C30.00;KRDMD_03/2026_AVRUPA_OPSIYON;D_EQ;SSO;D_EQ_ECP;DE_KRDMD_ECP;KRDMD.E;2026-03-31;2.98;2.9;2.76;0;0;0;0;0;0;0;0;0;0;0;;;;;
2026-01-23;O_KRDMDE0326C31.00;KRDMD_03/2026_AVRUPA_OPSIYON;D_EQ;SSO;D_EQ_ECP;DE_KRDMD_ECP;KRDMD.E;2026-03-31;2.45;2.37;3.38;0;0;0;0;0;0;0;0;0;0;0;;;;;
2026-01-23;O_KRDMDE0326C32.00;KRDMD_03/2026_AVRUPA_OPSIYON;D_EQ;SSO;D_EQ_ECP;DE_KRDMD_ECP;KRDMD.E;2026-03-31;1.99;1.93;3.11;0;0;0;0;0;0;0;0;0;0;0;;;;;
2026-01-23;O_KRDMDE0326C33.00;KRDMD_03/2026_AVRUPA_OPSIYON;D_EQ;SSO;D_EQ_ECP;DE_KRDMD_ECP;KRDMD.E;2026-03-31;1.6;1.55;3.23;0;0;0;0;0;0;0;0;0;0;0;;;;;
2026-01-23;O_KRDMDE0326C34.00;KRDMD_03/2026_AVRUPA_OPSIYON;D_EQ;SSO;D_EQ_ECP;DE_KRDMD_ECP;KRDMD.E;2026-03-31;1.3;1.26;3.17;0;0;0;0;0;0;0;0;0;0;0;;;;;
2026-01-23;O_KRDMDE0326C35.00;KRDMD_03/2026_AVRUPA_OPSIYON;D_EQ;SSO;D_EQ_ECP;DE_KRDMD_ECP;KRDMD.E;2026-03-31;1.05;1.02;2.94;0;0;0;0;0;0;0;0;0;0;0;;;;;
2026-01-23;O_KRDMDE0326C36.00;KRDMD_03/2026_AVRUPA_OPSIYON;D_EQ;SSO;D_EQ_ECP;DE_KRDMD_ECP;KRDMD.E;2026-03-31;0.85;0.82;3.66;0;0;0;0;0;0;0;0;0;0;0;;;;;
2026-01-23;O_KRDMDE0326C37.00;KRDMD_03/2026_AVRUPA_OPSIYON;D_EQ;SSO;D_EQ_ECP;DE_KRDMD_ECP;KRDMD.E;2026-03-31;0.68;0.66;3.03;0;0;0;0;0;0;0;0;0;0;0;;;;;
2026-01-23;O_KRDMDE0326P23.00;KRDMD_03/2026_AVRUPA_OPSIYON;D_EQ;SSO;D_EQ_EPP;DE_KRDMD_EPP;KRDMD.E;2026-03-31;0.08;0.09;-11.11;0;0;0;0;0;0;0;0;0;0;0;;;;;
2026-01-23;O_KRDMDE0326P23.50;KRDMD_03/2026_AVRUPA_OPSIYON;D_EQ;SSO;D_EQ_EPP;DE_KRDMD_EPP;KRDMD.E;2026-03-31;0.1;0.11;-9.09;0;0;0;0;0;0;0;0;0;0;0;;;;;
2026-01-23;O_KRDMDE0326P24.00;KRDMD_03/2026_AVRUPA_OPSIYON;D_EQ;SSO;D_EQ_EPP;DE_KRDMD_EPP;KRDMD.E;2026-03-31;0.13;0.14;-7.14;0;0;0;0;0;0;0;0;0;0;0;;;;;
2026-01-23;O_KRDMDE0326P24.50;KRDMD_03/2026_AVRUPA_OPSIYON;D_EQ;SSO;D_EQ_EPP;DE_KRDMD_EPP;KRDMD.E;2026-03-31;0.16;0.17;-5.88;0;0;0;0;0;0;0;0;0;0;0;;;;;
2026-01-23;O_KRDMDE0326P25.00;KRDMD_03/2026_AVRUPA_OPSIYON;D_EQ;SSO;D_EQ_EPP;DE_KRDMD_EPP;KRDMD.E;2026-03-31;0.2;0.22;-9.09;0;0;0;0;0;0;0;0;0;0;0;;;;;
2026-01-23;O_KRDMDE0326P26.00;KRDMD_03/2026_AVRUPA_OPSIYON;D_EQ;SSO;D_EQ_EPP;DE_KRDMD_EPP;KRDMD.E;2026-03-31;0.31;0.33;-6.06;0;0;0;0;0;0;0;0;0;0;0;;;;;
2026-01-23;O_KRDMDE0326P27.00;KRDMD_03/2026_AVRUPA_OPSIYON;D_EQ;SSO;D_EQ_EPP;DE_KRDMD_EPP;KRDMD.E;2026-03-31;0.45;0.48;-6.25;0;0;0;0;0;0;0;0;0;0;0;;;;;
2026-01-23;O_KRDMDE0326P28.00;KRDMD_03/2026_AVRUPA_OPSIYON;D_EQ;SSO;D_EQ_EPP;DE_KRDMD_EPP;KRDMD.E;2026-03-31;0.63;0.67;-5.97;0;0;0;0;0;0;0;0;0;0;0;;;;;
2026-01-23;O_KRDMDE0326P29.00;KRDMD_03/2026_AVRUPA_OPSIYON;D_EQ;SSO;D_EQ_EPP;DE_KRDMD_EPP;KRDMD.E;2026-03-31;0.87;0.92;-5.43;0;0;0;0;0;0;0;0;0;0;0;;;;;
2026-01-23;O_KRDMDE0326P30.00;KRDMD_03/2026_AVRUPA_OPSIYON;D_EQ;SSO;D_EQ_EPP;DE_KRDMD_EPP;KRDMD.E;2026-03-31;1.17;1.23;-4.88;0;0;0;0;0;0;0;0;0;0;0;;;;;
2026-01-23;O_KRDMDE0326P31.00;KRDMD_03/2026_AVRUPA_OPSIYON;D_EQ;SSO;D_EQ_EPP;DE_KRDMD_EPP;KRDMD.E;2026-03-31;1.56;1.63;-4.29;0;0;0;0;0;0;0;0;0;0;0;;;;;
2026-01-23;O_KRDMDE0326P32.00;KRDMD_03/2026_AVRUPA_OPSIYON;D_EQ;SSO;D_EQ_EPP;DE_KRDMD_EPP;KRDMD.E;2026-03-31;2.02;2.1;-3.81;0;0;0;0;0;0;0;0;0;0;0;;;;;
2026-01-23;O_PETKME0126C16.00;PETKM_01/2026_AVRUPA_OPSIYON;D_EQ;SSO;D_EQ_ECP;DE_PETKM_ECP;PETKM.E;2026-01-30;2.09;1.92;8.85;0;0;0;0;0;0;0;0;0;1300;0;;;;;
2026-01-23;O_PETKME0126C16.50;PETKM_01/2026_AVRUPA_OPSIYON;D_EQ;SSO;D_EQ_ECP;DE_PETKM_ECP;PETKM.E;2026-01-30;1.6;1.44;11.11;0;0;0;0;0;0;0;0;0;1744;0;;;;;
2026-01-23;O_PETKME0126C17.00;PETKM_01/2026_AVRUPA_OPSIYON;D_EQ;SSO;D_EQ_ECP;DE_PETKM_ECP;PETKM.E;2026-01-30;1.14;1;14;0;0;0;0;0;0;0;0;0;1499;0;;;;;
2026-01-23;O_PETKME0126C17.50;PETKM_01/2026_AVRUPA_OPSIYON;D_EQ;SSO;D_EQ_ECP;DE_PETKM_ECP;PETKM.E;2026-01-30;0.72;0.62;16.13;0.73;0.73;0.73;0.73;0.73;1750;73;1;1;2927;-1;;;;;
2026-01-23;O_PETKME0126C18.00;PETKM_01/2026_AVRUPA_OPSIYON;D_EQ;SSO;D_EQ_ECP;DE_PETKM_ECP;PETKM.E;2026-01-30;0.4;0.33;21.21;0.3;0.3;0.4;0.4;0.33;1094400;20125;608;11;2147;-4;;;;;
2026-01-23;O_PETKME0126C18.50;PETKM_01/2026_AVRUPA_OPSIYON;D_EQ;SSO;D_EQ_ECP;DE_PETKM_ECP;PETKM.E;2026-01-30;0.19;0.16;18.75;0.17;0.17;0.19;0.18;0.18;3455800;32888;1868;3;6654;0;;;;;
2026-01-23;O_PETKME0126C19.00;PETKM_01/2026_AVRUPA_OPSIYON;D_EQ;SSO;D_EQ_ECP;DE_PETKM_ECP;PETKM.E;2026-01-30;0.08;0.07;14.29;0;0;0;0;0;0;0;0;0;0;0;;;;;
2026-01-23;O_PETKME0126C19.50;PETKM_01/2026_AVRUPA_OPSIYON;D_EQ;SSO;D_EQ_ECP;DE_PETKM_ECP;PETKM.E;2026-01-30;0.03;0.03;0;0;0;0;0;0;0;0;0;0;1903;0;;;;;
2026-01-23;O_PETKME0126C20.00;PETKM_01/2026_AVRUPA_OPSIYON;D_EQ;SSO;D_EQ_ECP;DE_PETKM_ECP;PETKM.E;2026-01-30;0.01;0.01;0;0;0;0;0;0;0;0;0;0;0;0;;;;;
2026-01-23;O_PETKME0126C20.50;PETKM_01/2026_AVRUPA_OPSIYON;D_EQ;SSO;D_EQ_ECP;DE_PETKM_ECP;PETKM.E;2026-01-30;0.01;0.01;0;0;0;0;0;0;0;0;0;0;0;0;;;;;
2026-01-23;O_PETKME0126C21.00;PETKM_01/2026_AVRUPA_OPSIYON;D_EQ;SSO;D_EQ_ECP;DE_PETKM_ECP;PETKM.E;2026-01-30;0.01;0.01;0;0;0;0;0;0;0;0;0;0;6;0;;;;;
2026-01-23;O_PETKME0126C21.50;PETKM_01/2026_AVRUPA_OPSIYON;D_EQ;SSO;D_EQ_ECP;DE_PETKM_ECP;PETKM.E;2026-01-30;0.01;0.01;0;0;0;0;0;0;0;0;0;0;0;0;;;;;
2026-01-23;O_PETKME0126C22.00;PETKM_01/2026_AVRUPA_OPSIYON;D_EQ;SSO;D_EQ_ECP;DE_PETKM_ECP;PETKM.E;2026-01-30;0.01;0.01;0;0;0;0;0;0;0;0;0;0;0;0;;;;;
2026-01-23;O_PETKME0126P13.50;PETKM_01/2026_AVRUPA_OPSIYON;D_EQ;SSO;D_EQ_EPP;DE_PETKM_EPP;PETKM.E;2026-01-30;0.01;0.01;0;0;0;0;0;0;0;0;0;0;0;0;;;;;
2026-01-23;O_PETKME0126P14.00;PETKM_01/2026_AVRUPA_OPSIYON;D_EQ;SSO;D_EQ_EPP;DE_PETKM_EPP;PETKM.E;2026-01-30;0.01;0.01;0;0;0;0;0;0;0;0;0;0;0;0;;;;;
2026-01-23;O_PETKME0126P14.50;PETKM_01/2026_AVRUPA_OPSIYON;D_EQ;SSO;D_EQ_EPP;DE_PETKM_EPP;PETKM.E;2026-01-30;0.01;0.01;0;0;0;0;0;0;0;0;0;0;0;0;;;;;
2026-01-23;O_PETKME0126P15.00;PETKM_01/2026_AVRUPA_OPSIYON;D_EQ;SSO;D_EQ_EPP;DE_PETKM_EPP;PETKM.E;2026-01-30;0.01;0.01;0;0;0;0;0;0;0;0;0;0;0;0;;;;;
2026-01-23;O_PETKME0126P15.50;PETKM_01/2026_AVRUPA_OPSIYON;D_EQ;SSO;D_EQ_EPP;DE_PETKM_EPP;PETKM.E;2026-01-30;0.01;0.01;0;0;0;0;0;0;0;0;0;0;1200;0;;;;;
2026-01-23;O_PETKME0126P16.00;PETKM_01/2026_AVRUPA_OPSIYON;D_EQ;SSO;D_EQ_EPP;DE_PETKM_EPP;PETKM.E;2026-01-30;0.01;0.01;0;0;0;0;0;0;0;0;0;0;2177;0;;;;;
2026-01-23;O_PETKME0126P16.50;PETKM_01/2026_AVRUPA_OPSIYON;D_EQ;SSO;D_EQ_EPP;DE_PETKM_EPP;PETKM.E;2026-01-30;0.01;0.03;-66.67;0;0;0;0;0;0;0;0;0;2940;0;;;;;
2026-01-23;O_PETKME0126P17.00;PETKM_01/2026_AVRUPA_OPSIYON;D_EQ;SSO;D_EQ_EPP;DE_PETKM_EPP;PETKM.E;2026-01-30;0.04;0.08;-50;0;0;0;0;0;0;0;0;0;8238;0;;;;;
2026-01-23;O_PETKME0126P17.50;PETKM_01/2026_AVRUPA_OPSIYON;D_EQ;SSO;D_EQ_EPP;DE_PETKM_EPP;PETKM.E;2026-01-30;0.12;0.19;-36.84;0.11;0.11;0.12;0.12;0.11;6270250;40938;3583;14;3816;-3025;;;;;
2026-01-23;O_PETKME0126P18.00;PETKM_01/2026_AVRUPA_OPSIYON;D_EQ;SSO;D_EQ_EPP;DE_PETKM_EPP;PETKM.E;2026-01-30;0.3;0.4;-25;0.27;0.27;0.27;0.27;0.27;1562400;23436;868;6;995;-105;;;;;
2026-01-23;O_PETKME0126P18.50;PETKM_01/2026_AVRUPA_OPSIYON;D_EQ;SSO;D_EQ_EPP;DE_PETKM_EPP;PETKM.E;2026-01-30;0.58;0.73;-20.55;0.57;0.43;0.57;0.43;0.44;1790800;43024;968;2;868;530;;;;;
2026-01-23;O_PETKME0126P19.00;PETKM_01/2026_AVRUPA_OPSIYON;D_EQ;SSO;D_EQ_EPP;DE_PETKM_EPP;PETKM.E;2026-01-30;0.97;1.13;-14.16;0;0;0;0;0;0;0;0;0;1;0;;;;;
2026-01-23;O_PETKME0126P19.50;PETKM_01/2026_AVRUPA_OPSIYON;D_EQ;SSO;D_EQ_EPP;DE_PETKM_EPP;PETKM.E;2026-01-30;1.42;1.59;-10.69;0;0;0;0;0;0;0;0;0;0;0;;;;;
2026-01-23;O_PETKME0226C16.50;PETKM_02/2026_AVRUPA_OPSIYON;D_EQ;SSO;D_EQ_ECP;DE_PETKM_ECP;PETKM.E;2026-02-27;2.23;2.09;6.7;0;0;0;0;0;0;0;0;0;0;0;;;;;
2026-01-23;O_PETKME0226C17.00;PETKM_02/2026_AVRUPA_OPSIYON;D_EQ;SSO;D_EQ_ECP;DE_PETKM_ECP;PETKM.E;2026-02-27;1.82;1.69;7.69;0;0;0;0;0;0;0;0;0;0;0;;;;;
2026-01-23;O_PETKME0226C17.50;PETKM_02/2026_AVRUPA_OPSIYON;D_EQ;SSO;D_EQ_ECP;DE_PETKM_ECP;PETKM.E;2026-02-27;1.44;1.32;9.09;0;0;0;0;0;0;0;0;0;0;0;;;;;
2026-01-23;O_PETKME0226C18.00;PETKM_02/2026_AVRUPA_OPSIYON;D_EQ;SSO;D_EQ_ECP;DE_PETKM_ECP;PETKM.E;2026-02-27;1.11;1.02;8.82;0.88;0.88;0.88;0.88;0.88;1800;88;1;1;1;0;;;;;
2026-01-23;O_PETKME0226C18.50;PETKM_02/2026_AVRUPA_OPSIYON;D_EQ;SSO;D_EQ_ECP;DE_PETKM_ECP;PETKM.E;2026-02-27;0.84;0.76;10.53;0.65;0.65;0.65;0.65;0.65;1850;65;1;1;402;1;;;;;
2026-01-23;O_PETKME0226C19.00;PETKM_02/2026_AVRUPA_OPSIYON;D_EQ;SSO;D_EQ_ECP;DE_PETKM_ECP;PETKM.E;2026-02-27;0.62;0.56;10.71;0.42;0.42;0.44;0.44;0.43;7600;172;4;4;4;4;;;;;
2026-01-23;O_PETKME0226C19.50;PETKM_02/2026_AVRUPA_OPSIYON;D_EQ;SSO;D_EQ_ECP;DE_PETKM_ECP;PETKM.E;2026-02-27;0.45;0.42;7.14;0.28;0.28;0.3;0.3;0.29;19500;286;10;5;10;10;;;;;
2026-01-23;O_PETKME0226C20.00;PETKM_02/2026_AVRUPA_OPSIYON;D_EQ;SSO;D_EQ_ECP;DE_PETKM_ECP;PETKM.E;2026-02-27;0.35;0.32;9.38;0.19;0.19;0.19;0.19;0.19;2002000;19019;1001;7;1003;999;;;;;
2026-01-23;O_PETKME0226C20.50;PETKM_02/2026_AVRUPA_OPSIYON;D_EQ;SSO;D_EQ_ECP;DE_PETKM_ECP;PETKM.E;2026-02-27;0.27;0.25;8;0.13;0.13;0.13;0.13;0.13;4100000;26000;2000;11;2000;2000;;;;;
2026-01-23;O_PETKME0226C21.00;PETKM_02/2026_AVRUPA_OPSIYON;D_EQ;SSO;D_EQ_ECP;DE_PETKM_ECP;PETKM.E;2026-02-27;0.21;0.2;5;0;0;0;0;0;0;0;0;0;0;0;;;;;
2026-01-23;O_PETKME0226C21.50;PETKM_02/2026_AVRUPA_OPSIYON;D_EQ;SSO;D_EQ_ECP;DE_PETKM_ECP;PETKM.E;2026-02-27;0.17;0.16;6.25;0;0;0;0;0;0;0;0;0;0;0;;;;;
2026-01-23;O_PETKME0226C22.00;PETKM_02/2026_AVRUPA_OPSIYON;D_EQ;SSO;D_EQ_ECP;DE_PETKM_ECP;PETKM.E;2026-02-27;0.14;0.13;7.69;0;0;0;0;0;0;0;0;0;0;0;;;;;
2026-01-23;O_PETKME0226P14.00;PETKM_02/2026_AVRUPA_OPSIYON;D_EQ;SSO;D_EQ_EPP;DE_PETKM_EPP;PETKM.E;2026-02-27;0.02;0.03;-33.33;0;0;0;0;0;0;0;0;0;0;0;;;;;
2026-01-23;O_PETKME0226P14.50;PETKM_02/2026_AVRUPA_OPSIYON;D_EQ;SSO;D_EQ_EPP;DE_PETKM_EPP;PETKM.E;2026-02-27;0.03;0.04;-25;0;0;0;0;0;0;0;0;0;800;0;;;;;
2026-01-23;O_PETKME0226P15.00;PETKM_02/2026_AVRUPA_OPSIYON;D_EQ;SSO;D_EQ_EPP;DE_PETKM_EPP;PETKM.E;2026-02-27;0.05;0.06;-16.67;0;0;0;0;0;0;0;0;0;500;0;;;;;
2026-01-23;O_PETKME0226P15.50;PETKM_02/2026_AVRUPA_OPSIYON;D_EQ;SSO;D_EQ_EPP;DE_PETKM_EPP;PETKM.E;2026-02-27;0.08;0.09;-11.11;0;0;0;0;0;0;0;0;0;0;0;;;;;
2026-01-23;O_PETKME0226P16.00;PETKM_02/2026_AVRUPA_OPSIYON;D_EQ;SSO;D_EQ_EPP;DE_PETKM_EPP;PETKM.E;2026-02-27;0.12;0.14;-14.29;0;0;0;0;0;0;0;0;0;0;0;;;;;
2026-01-23;O_PETKME0226P16.50;PETKM_02/2026_AVRUPA_OPSIYON;D_EQ;SSO;D_EQ_EPP;DE_PETKM_EPP;PETKM.E;2026-02-27;0.17;0.2;-15;0;0;0;0;0;0;0;0;0;6017;0;;;;;
2026-01-23;O_PETKME0226P17.00;PETKM_02/2026_AVRUPA_OPSIYON;D_EQ;SSO;D_EQ_EPP;DE_PETKM_EPP;PETKM.E;2026-02-27;0.25;0.28;-10.71;0;0;0;0;0;0;0;0;0;0;0;;;;;
2026-01-23;O_PETKME0226P17.50;PETKM_02/2026_AVRUPA_OPSIYON;D_EQ;SSO;D_EQ_EPP;DE_PETKM_EPP;PETKM.E;2026-02-27;0.35;0.4;-12.5;0.22;0.22;0.24;0.24;0.23;10500;138;6;3;6;6;;;;;
2026-01-23;O_PETKME0226P18.00;PETKM_02/2026_AVRUPA_OPSIYON;D_EQ;SSO;D_EQ_EPP;DE_PETKM_EPP;PETKM.E;2026-02-27;0.5;0.57;-12.28;0.36;0.36;0.38;0.38;0.37;5563800;113012;3091;7;2223;2223;;;;;
2026-01-23;O_PETKME0226P18.50;PETKM_02/2026_AVRUPA_OPSIYON;D_EQ;SSO;D_EQ_EPP;DE_PETKM_EPP;PETKM.E;2026-02-27;0.71;0.8;-11.25;0.54;0.54;0.55;0.55;0.55;7862500;232200;4250;7;4251;4250;;;;;
2026-01-23;O_PETKME0226P19.00;PETKM_02/2026_AVRUPA_OPSIYON;D_EQ;SSO;D_EQ_EPP;DE_PETKM_EPP;PETKM.E;2026-02-27;0.97;1.09;-11.01;0.84;0.84;0.84;0.84;0.84;1649200;72912;868;1;1325;0;;;;;
2026-01-23;O_PETKME0226P19.50;PETKM_02/2026_AVRUPA_OPSIYON;D_EQ;SSO;D_EQ_EPP;DE_PETKM_EPP;PETKM.E;2026-02-27;1.29;1.42;-9.15;0;0;0;0;0;0;0;0;0;0;0;;;;;
2026-01-23;O_PETKME0326C17.00;PETKM_03/2026_AVRUPA_OPSIYON;D_EQ;SSO;D_EQ_ECP;DE_PETKM_ECP;PETKM.E;2026-03-31;2.67;2.53;5.53;0;0;0;0;0;0;0;0;0;0;0;;;;;
2026-01-23;O_PETKME0326C17.50;PETKM_03/2026_AVRUPA_OPSIYON;D_EQ;SSO;D_EQ_ECP;DE_PETKM_ECP;PETKM.E;2026-03-31;2.29;2.16;6.02;0;0;0;0;0;0;0;0;0;0;0;;;;;
2026-01-23;O_PETKME0326C18.00;PETKM_03/2026_AVRUPA_OPSIYON;D_EQ;SSO;D_EQ_ECP;DE_PETKM_ECP;PETKM.E;2026-03-31;1.93;1.81;6.63;0;0;0;0;0;0;0;0;0;0;0;;;;;
2026-01-23;O_PETKME0326C18.50;PETKM_03/2026_AVRUPA_OPSIYON;D_EQ;SSO;D_EQ_ECP;DE_PETKM_ECP;PETKM.E;2026-03-31;1.61;1.5;7.33;0;0;0;0;0;0;0;0;0;0;0;;;;;
2026-01-23;O_PETKME0326C19.00;PETKM_03/2026_AVRUPA_OPSIYON;D_EQ;SSO;D_EQ_ECP;DE_PETKM_ECP;PETKM.E;2026-03-31;1.33;1.24;7.26;0;0;0;0;0;0;0;0;0;0;0;;;;;
2026-01-23;O_PETKME0326C19.50;PETKM_03/2026_AVRUPA_OPSIYON;D_EQ;SSO;D_EQ_ECP;DE_PETKM_ECP;PETKM.E;2026-03-31;1.1;1.02;7.84;0;0;0;0;0;0;0;0;0;0;0;;;;;
2026-01-23;O_PETKME0326C20.00;PETKM_03/2026_AVRUPA_OPSIYON;D_EQ;SSO;D_EQ_ECP;DE_PETKM_ECP;PETKM.E;2026-03-31;0.9;0.84;7.14;0;0;0;0;0;0;0;0;0;0;0;;;;;
2026-01-23;O_PETKME0326C20.50;PETKM_03/2026_AVRUPA_OPSIYON;D_EQ;SSO;D_EQ_ECP;DE_PETKM_ECP;PETKM.E;2026-03-31;0.76;0.72;5.56;0;0;0;0;0;0;0;0;0;0;0;;;;;
2026-01-23;O_PETKME0326C21.00;PETKM_03/2026_AVRUPA_OPSIYON;D_EQ;SSO;D_EQ_ECP;DE_PETKM_ECP;PETKM.E;2026-03-31;0.65;0.62;4.84;0;0;0;0;0;0;0;0;0;0;0;;;;;
2026-01-23;O_PETKME0326C21.50;PETKM_03/2026_AVRUPA_OPSIYON;D_EQ;SSO;D_EQ_ECP;DE_PETKM_ECP;PETKM.E;2026-03-31;0.57;0.54;5.56;0;0;0;0;0;0;0;0;0;0;0;;;;;
2026-01-23;O_PETKME0326C22.00;PETKM_03/2026_AVRUPA_OPSIYON;D_EQ;SSO;D_EQ_ECP;DE_PETKM_ECP;PETKM.E;2026-03-31;0.5;;0;0;0;0;0;0;0;0;0;0;0;0;;;;;
2026-01-23;O_PETKME0326P14.50;PETKM_03/2026_AVRUPA_OPSIYON;D_EQ;SSO;D_EQ_EPP;DE_PETKM_EPP;PETKM.E;2026-03-31;0.1;0.11;-9.09;0;0;0;0;0;0;0;0;0;0;0;;;;;
2026-01-23;O_PETKME0326P15.00;PETKM_03/2026_AVRUPA_OPSIYON;D_EQ;SSO;D_EQ_EPP;DE_PETKM_EPP;PETKM.E;2026-03-31;0.12;0.14;-14.29;0;0;0;0;0;0;0;0;0;0;0;;;;;
2026-01-23;O_PETKME0326P15.50;PETKM_03/2026_AVRUPA_OPSIYON;D_EQ;SSO;D_EQ_EPP;DE_PETKM_EPP;PETKM.E;2026-03-31;0.16;0.17;-5.88;0;0;0;0;0;0;0;0;0;0;0;;;;;
2026-01-23;O_PETKME0326P16.00;PETKM_03/2026_AVRUPA_OPSIYON;D_EQ;SSO;D_EQ_EPP;DE_PETKM_EPP;PETKM.E;2026-03-31;0.2;0.22;-9.09;0;0;0;0;0;0;0;0;0;0;0;;;;;
2026-01-23;O_PETKME0326P16.50;PETKM_03/2026_AVRUPA_OPSIYON;D_EQ;SSO;D_EQ_EPP;DE_PETKM_EPP;PETKM.E;2026-03-31;0.26;0.28;-7.14;0;0;0;0;0;0;0;0;0;0;0;;;;;
2026-01-23;O_PETKME0326P17.00;PETKM_03/2026_AVRUPA_OPSIYON;D_EQ;SSO;D_EQ_EPP;DE_PETKM_EPP;PETKM.E;2026-03-31;0.32;0.35;-8.57;0;0;0;0;0;0;0;0;0;0;0;;;;;
2026-01-23;O_PETKME0326P17.50;PETKM_03/2026_AVRUPA_OPSIYON;D_EQ;SSO;D_EQ_EPP;DE_PETKM_EPP;PETKM.E;2026-03-31;0.41;0.44;-6.82;0;0;0;0;0;0;0;0;0;0;0;;;;;
2026-01-23;O_PETKME0326P18.00;PETKM_03/2026_AVRUPA_OPSIYON;D_EQ;SSO;D_EQ_EPP;DE_PETKM_EPP;PETKM.E;2026-03-31;0.51;0.55;-7.27;0;0;0;0;0;0;0;0;0;0;0;;;;;
2026-01-23;O_PETKME0326P18.50;PETKM_03/2026_AVRUPA_OPSIYON;D_EQ;SSO;D_EQ_EPP;DE_PETKM_EPP;PETKM.E;2026-03-31;0.64;0.7;-8.57;0;0;0;0;0;0;0;0;0;0;0;;;;;
2026-01-23;O_PETKME0326P19.00;PETKM_03/2026_AVRUPA_OPSIYON;D_EQ;SSO;D_EQ_EPP;DE_PETKM_EPP;PETKM.E;2026-03-31;0.82;0.9;-8.89;0;0;0;0;0;0;0;0;0;0;0;;;;;
2026-01-23;O_PETKME0326P19.50;PETKM_03/2026_AVRUPA_OPSIYON;D_EQ;SSO;D_EQ_EPP;DE_PETKM_EPP;PETKM.E;2026-03-31;1.05;;0;0;0;0;0;0;0;0;0;0;0;0;;;;;
2026-01-23;O_PGSUSE0126C190.00;PGSUS_01/2026_AVRUPA_OPSIYON;D_EQ;SSO;D_EQ_ECP;DE_PGSUS_ECP;PGSUS.E;2026-01-30;14.97;14.89;0.54;0;0;0;0;0;0;0;0;0;0;0;;;;;
2026-01-23;O_PGSUSE0126C195.00;PGSUS_01/2026_AVRUPA_OPSIYON;D_EQ;SSO;D_EQ_ECP;DE_PGSUS_ECP;PGSUS.E;2026-01-30;10.57;10.6;-0.28;0;0;0;0;0;0;0;0;0;25;0;;;;;
2026-01-23;O_PGSUSE0126C200.00;PGSUS_01/2026_AVRUPA_OPSIYON;D_EQ;SSO;D_EQ_ECP;DE_PGSUS_ECP;PGSUS.E;2026-01-30;6.84;6.97;-1.87;0;0;0;0;0;0;0;0;0;42;0;;;;;
2026-01-23;O_PGSUSE0126C205.00;PGSUS_01/2026_AVRUPA_OPSIYON;D_EQ;SSO;D_EQ_ECP;DE_PGSUS_ECP;PGSUS.E;2026-01-30;3.98;4.17;-4.56;3.45;3.03;3.45;3.21;3.44;2767500;46455;135;6;494;0;;;;;
2026-01-23;O_PGSUSE0126C210.00;PGSUS_01/2026_AVRUPA_OPSIYON;D_EQ;SSO;D_EQ_ECP;DE_PGSUS_ECP;PGSUS.E;2026-01-30;2.09;2.29;-8.73;1.83;1.2;1.83;1.2;1.41;189000;1265;9;8;563;-1;;;;;
2026-01-23;O_PGSUSE0126C215.00;PGSUS_01/2026_AVRUPA_OPSIYON;D_EQ;SSO;D_EQ_ECP;DE_PGSUS_ECP;PGSUS.E;2026-01-30;0.98;1.15;-14.78;0;0;0;0;0;0;0;0;0;2138;0;;;;;
2026-01-23;O_PGSUSE0126C220.00;PGSUS_01/2026_AVRUPA_OPSIYON;D_EQ;SSO;D_EQ_ECP;DE_PGSUS_ECP;PGSUS.E;2026-01-30;0.46;0.58;-20.69;0;0;0;0;0;0;0;0;0;2253;0;;;;;
2026-01-23;O_PGSUSE0126C225.00;PGSUS_01/2026_AVRUPA_OPSIYON;D_EQ;SSO;D_EQ_ECP;DE_PGSUS_ECP;PGSUS.E;2026-01-30;0.21;0.29;-27.59;0;0;0;0;0;0;0;0;0;1426;0;;;;;
2026-01-23;O_PGSUSE0126C230.00;PGSUS_01/2026_AVRUPA_OPSIYON;D_EQ;SSO;D_EQ_ECP;DE_PGSUS_ECP;PGSUS.E;2026-01-30;0.1;0.14;-28.57;0;0;0;0;0;0;0;0;0;783;0;;;;;
2026-01-23;O_PGSUSE0126C235.00;PGSUS_01/2026_AVRUPA_OPSIYON;D_EQ;SSO;D_EQ_ECP;DE_PGSUS_ECP;PGSUS.E;2026-01-30;0.04;0.07;-42.86;0;0;0;0;0;0;0;0;0;998;0;;;;;
2026-01-23;O_PGSUSE0126C240.00;PGSUS_01/2026_AVRUPA_OPSIYON;D_EQ;SSO;D_EQ_ECP;DE_PGSUS_ECP;PGSUS.E;2026-01-30;0.02;0.03;-33.33;0;0;0;0;0;0;0;0;0;67;0;;;;;
2026-01-23;O_PGSUSE0126C245.00;PGSUS_01/2026_AVRUPA_OPSIYON;D_EQ;SSO;D_EQ_ECP;DE_PGSUS_ECP;PGSUS.E;2026-01-30;0.01;0.02;-50;0;0;0;0;0;0;0;0;0;0;0;;;;;
2026-01-23;O_PGSUSE0126C250.00;PGSUS_01/2026_AVRUPA_OPSIYON;D_EQ;SSO;D_EQ_ECP;DE_PGSUS_ECP;PGSUS.E;2026-01-30;0.01;0.01;0;0;0;0;0;0;0;0;0;0;0;0;;;;;
2026-01-23;O_PGSUSE0126C260.00;PGSUS_01/2026_AVRUPA_OPSIYON;D_EQ;SSO;D_EQ_ECP;DE_PGSUS_ECP;PGSUS.E;2026-01-30;0.01;0.01;0;0;0;0;0;0;0;0;0;0;0;0;;;;;
2026-01-23;O_PGSUSE0126C270.00;PGSUS_01/2026_AVRUPA_OPSIYON;D_EQ;SSO;D_EQ_ECP;DE_PGSUS_ECP;PGSUS.E;2026-01-30;0.01;0.01;0;0;0;0;0;0;0;0;0;0;0;0;;;;;
2026-01-23;O_PGSUSE0126P165.00;PGSUS_01/2026_AVRUPA_OPSIYON;D_EQ;SSO;D_EQ_EPP;DE_PGSUS_EPP;PGSUS.E;2026-01-30;0.01;0.01;0;0;0;0;0;0;0;0;0;0;0;0;;;;;
2026-01-23;O_PGSUSE0126P170.00;PGSUS_01/2026_AVRUPA_OPSIYON;D_EQ;SSO;D_EQ_EPP;DE_PGSUS_EPP;PGSUS.E;2026-01-30;0.01;0.01;0;0;0;0;0;0;0;0;0;0;0;0;;;;;
2026-01-23;O_PGSUSE0126P175.00;PGSUS_01/2026_AVRUPA_OPSIYON;D_EQ;SSO;D_EQ_EPP;DE_PGSUS_EPP;PGSUS.E;2026-01-30;0.01;0.03;-66.67;0;0;0;0;0;0;0;0;0;0;0;;;;;
2026-01-23;O_PGSUSE0126P180.00;PGSUS_01/2026_AVRUPA_OPSIYON;D_EQ;SSO;D_EQ_EPP;DE_PGSUS_EPP;PGSUS.E;2026-01-30;0.05;0.08;-37.5;0;0;0;0;0;0;0;0;0;65;0;;;;;
2026-01-23;O_PGSUSE0126P185.00;PGSUS_01/2026_AVRUPA_OPSIYON;D_EQ;SSO;D_EQ_EPP;DE_PGSUS_EPP;PGSUS.E;2026-01-30;0.14;0.21;-33.33;0;0;0;0;0;0;0;0;0;158;0;;;;;
2026-01-23;O_PGSUSE0126P190.00;PGSUS_01/2026_AVRUPA_OPSIYON;D_EQ;SSO;D_EQ_EPP;DE_PGSUS_EPP;PGSUS.E;2026-01-30;0.39;0.52;-25;0;0;0;0;0;0;0;0;0;203;0;;;;;
2026-01-23;O_PGSUSE0126P195.00;PGSUS_01/2026_AVRUPA_OPSIYON;D_EQ;SSO;D_EQ_EPP;DE_PGSUS_EPP;PGSUS.E;2026-01-30;0.96;1.18;-18.64;0;0;0;0;0;0;0;0;0;2176;0;;;;;
2026-01-23;O_PGSUSE0126P200.00;PGSUS_01/2026_AVRUPA_OPSIYON;D_EQ;SSO;D_EQ_EPP;DE_PGSUS_EPP;PGSUS.E;2026-01-30;2.19;2.51;-12.75;1.1;1.1;1.15;1.15;1.13;400000;2250;20;2;2144;20;;;;;
2026-01-23;O_PGSUSE0126P205.00;PGSUS_01/2026_AVRUPA_OPSIYON;D_EQ;SSO;D_EQ_EPP;DE_PGSUS_EPP;PGSUS.E;2026-01-30;4.29;4.67;-8.14;3.12;3.12;3.12;3.12;3.12;20500;312;1;1;3141;-1;;;;;
2026-01-23;O_PGSUSE0126P210.00;PGSUS_01/2026_AVRUPA_OPSIYON;D_EQ;SSO;D_EQ_EPP;DE_PGSUS_EPP;PGSUS.E;2026-01-30;7.36;7.75;-5.03;0;0;0;0;0;0;0;0;0;207;0;;;;;
2026-01-23;O_PGSUSE0126P215.00;PGSUS_01/2026_AVRUPA_OPSIYON;D_EQ;SSO;D_EQ_EPP;DE_PGSUS_EPP;PGSUS.E;2026-01-30;11.22;11.56;-2.94;0;0;0;0;0;0;0;0;0;237;0;;;;;
2026-01-23;O_PGSUSE0126P220.00;PGSUS_01/2026_AVRUPA_OPSIYON;D_EQ;SSO;D_EQ_EPP;DE_PGSUS_EPP;PGSUS.E;2026-01-30;15.67;15.96;-1.82;0;0;0;0;0;0;0;0;0;144;0;;;;;
2026-01-23;O_PGSUSE0126P225.00;PGSUS_01/2026_AVRUPA_OPSIYON;D_EQ;SSO;D_EQ_EPP;DE_PGSUS_EPP;PGSUS.E;2026-01-30;20.38;20.62;-1.16;0;0;0;0;0;0;0;0;0;103;0;;;;;
2026-01-23;O_PGSUSE0126P230.00;PGSUS_01/2026_AVRUPA_OPSIYON;D_EQ;SSO;D_EQ_EPP;DE_PGSUS_EPP;PGSUS.E;2026-01-30;25.23;25.43;-0.79;0;0;0;0;0;0;0;0;0;0;0;;;;;
2026-01-23;O_PGSUSE0126P235.00;PGSUS_01/2026_AVRUPA_OPSIYON;D_EQ;SSO;D_EQ_EPP;DE_PGSUS_EPP;PGSUS.E;2026-01-30;30.14;30.32;-0.59;0;0;0;0;0;0;0;0;0;170;0;;;;;
2026-01-23;O_PGSUSE0226C195.00;PGSUS_02/2026_AVRUPA_OPSIYON;D_EQ;SSO;D_EQ_ECP;DE_PGSUS_ECP;PGSUS.E;2026-02-27;18.82;18.76;0.32;0;0;0;0;0;0;0;0;0;0;0;;;;;
2026-01-23;O_PGSUSE0226C200.00;PGSUS_02/2026_AVRUPA_OPSIYON;D_EQ;SSO;D_EQ_ECP;DE_PGSUS_ECP;PGSUS.E;2026-02-27;15.23;15.2;0.2;13.86;13.86;13.86;13.86;13.86;200000;13860;10;1;10;10;;;;;
2026-01-23;O_PGSUSE0226C205.00;PGSUS_02/2026_AVRUPA_OPSIYON;D_EQ;SSO;D_EQ_ECP;DE_PGSUS_ECP;PGSUS.E;2026-02-27;12.2;12.21;-0.08;10.62;10.62;10.62;10.62;10.62;410000;21240;20;2;57;20;;;;;
2026-01-23;O_PGSUSE0226C210.00;PGSUS_02/2026_AVRUPA_OPSIYON;D_EQ;SSO;D_EQ_ECP;DE_PGSUS_ECP;PGSUS.E;2026-02-27;9.57;9.6;-0.31;0;0;0;0;0;0;0;0;0;1100;0;;;;;
2026-01-23;O_PGSUSE0226C215.00;PGSUS_02/2026_AVRUPA_OPSIYON;D_EQ;SSO;D_EQ_ECP;DE_PGSUS_ECP;PGSUS.E;2026-02-27;7.46;7.51;-0.67;0;0;0;0;0;0;0;0;0;0;0;;;;;
2026-01-23;O_PGSUSE0226C220.00;PGSUS_02/2026_AVRUPA_OPSIYON;D_EQ;SSO;D_EQ_ECP;DE_PGSUS_ECP;PGSUS.E;2026-02-27;5.74;5.8;-1.03;0;0;0;0;0;0;0;0;0;1000;0;;;;;
2026-01-23;O_PGSUSE0226C225.00;PGSUS_02/2026_AVRUPA_OPSIYON;D_EQ;SSO;D_EQ_ECP;DE_PGSUS_ECP;PGSUS.E;2026-02-27;4.53;4.61;-1.74;0;0;0;0;0;0;0;0;0;0;0;;;;;
2026-01-23;O_PGSUSE0226C230.00;PGSUS_02/2026_AVRUPA_OPSIYON;D_EQ;SSO;D_EQ_ECP;DE_PGSUS_ECP;PGSUS.E;2026-02-27;3.63;3.71;-2.16;0;0;0;0;0;0;0;0;0;0;0;;;;;
2026-01-23;O_PGSUSE0226C235.00;PGSUS_02/2026_AVRUPA_OPSIYON;D_EQ;SSO;D_EQ_ECP;DE_PGSUS_ECP;PGSUS.E;2026-02-27;2.93;3.01;-2.66;0;0;0;0;0;0;0;0;0;238;0;;;;;
2026-01-23;O_PGSUSE0226C240.00;PGSUS_02/2026_AVRUPA_OPSIYON;D_EQ;SSO;D_EQ_ECP;DE_PGSUS_ECP;PGSUS.E;2026-02-27;2.39;2.46;-2.85;1.1;1.1;1.2;1.14;1.15;6360000;30520;265;17;427;265;;;;;
2026-01-23;O_PGSUSE0226C245.00;PGSUS_02/2026_AVRUPA_OPSIYON;D_EQ;SSO;D_EQ_ECP;DE_PGSUS_ECP;PGSUS.E;2026-02-27;1.96;2.03;-3.45;0;0;0;0;0;0;0;0;0;200;0;;;;;
2026-01-23;O_PGSUSE0226C250.00;PGSUS_02/2026_AVRUPA_OPSIYON;D_EQ;SSO;D_EQ_ECP;DE_PGSUS_ECP;PGSUS.E;2026-02-27;1.62;1.68;-3.57;0;0;0;0;0;0;0;0;0;0;0;;;;;
2026-01-23;O_PGSUSE0226C260.00;PGSUS_02/2026_AVRUPA_OPSIYON;D_EQ;SSO;D_EQ_ECP;DE_PGSUS_ECP;PGSUS.E;2026-02-27;1.14;1.2;-5;0;0;0;0;0;0;0;0;0;0;0;;;;;
2026-01-23;O_PGSUSE0226C270.00;PGSUS_02/2026_AVRUPA_OPSIYON;D_EQ;SSO;D_EQ_ECP;DE_PGSUS_ECP;PGSUS.E;2026-02-27;0.84;0.88;-4.55;0;0;0;0;0;0;0;0;0;0;0;;;;;
2026-01-23;O_PGSUSE0226P170.00;PGSUS_02/2026_AVRUPA_OPSIYON;D_EQ;SSO;D_EQ_EPP;DE_PGSUS_EPP;PGSUS.E;2026-02-27;0.69;0.75;-8;0;0;0;0;0;0;0;0;0;0;0;;;;;
2026-01-23;O_PGSUSE0226P175.00;PGSUS_02/2026_AVRUPA_OPSIYON;D_EQ;SSO;D_EQ_EPP;DE_PGSUS_EPP;PGSUS.E;2026-02-27;0.99;1.06;-6.6;0;0;0;0;0;0;0;0;0;25;0;;;;;
2026-01-23;O_PGSUSE0226P180.00;PGSUS_02/2026_AVRUPA_OPSIYON;D_EQ;SSO;D_EQ_EPP;DE_PGSUS_EPP;PGSUS.E;2026-02-27;1.4;1.49;-6.04;0;0;0;0;0;0;0;0;0;100;0;;;;;
2026-01-23;O_PGSUSE0226P185.00;PGSUS_02/2026_AVRUPA_OPSIYON;D_EQ;SSO;D_EQ_EPP;DE_PGSUS_EPP;PGSUS.E;2026-02-27;1.96;2.06;-4.85;0;0;0;0;0;0;0;0;0;220;0;;;;;
2026-01-23;O_PGSUSE0226P190.00;PGSUS_02/2026_AVRUPA_OPSIYON;D_EQ;SSO;D_EQ_EPP;DE_PGSUS_EPP;PGSUS.E;2026-02-27;2.69;2.81;-4.27;0;0;0;0;0;0;0;0;0;230;0;;;;;
2026-01-23;O_PGSUSE0226P195.00;PGSUS_02/2026_AVRUPA_OPSIYON;D_EQ;SSO;D_EQ_EPP;DE_PGSUS_EPP;PGSUS.E;2026-02-27;3.64;3.79;-3.96;0;0;0;0;0;0;0;0;0;50;0;;;;;
2026-01-23;O_PGSUSE0226P200.00;PGSUS_02/2026_AVRUPA_OPSIYON;D_EQ;SSO;D_EQ_EPP;DE_PGSUS_EPP;PGSUS.E;2026-02-27;4.87;5.04;-3.37;3.55;3.55;3.9;3.9;3.64;100000;1819;5;5;2503;0;;;;;
2026-01-23;O_PGSUSE0226P205.00;PGSUS_02/2026_AVRUPA_OPSIYON;D_EQ;SSO;D_EQ_EPP;DE_PGSUS_EPP;PGSUS.E;2026-02-27;6.66;6.86;-2.92;0;0;0;0;0;0;0;0;0;63;0;;;;;
2026-01-23;O_PGSUSE0226P210.00;PGSUS_02/2026_AVRUPA_OPSIYON;D_EQ;SSO;D_EQ_EPP;DE_PGSUS_EPP;PGSUS.E;2026-02-27;8.86;9.08;-2.42;0;0;0;0;0;0;0;0;0;196;0;;;;;
2026-01-23;O_PGSUSE0226P215.00;PGSUS_02/2026_AVRUPA_OPSIYON;D_EQ;SSO;D_EQ_EPP;DE_PGSUS_EPP;PGSUS.E;2026-02-27;11.56;11.8;-2.03;10.53;10.53;10.53;10.53;10.53;1483500;72657;69;1;149;69;;;;;
2026-01-23;O_PGSUSE0226P220.00;PGSUS_02/2026_AVRUPA_OPSIYON;D_EQ;SSO;D_EQ_EPP;DE_PGSUS_EPP;PGSUS.E;2026-02-27;14.66;14.91;-1.68;14.09;14.09;14.09;14.09;14.09;44000;2818;2;1;22;0;;;;;
2026-01-23;O_PGSUSE0226P225.00;PGSUS_02/2026_AVRUPA_OPSIYON;D_EQ;SSO;D_EQ_EPP;DE_PGSUS_EPP;PGSUS.E;2026-02-27;18.28;18.53;-1.35;0;0;0;0;0;0;0;0;0;0;0;;;;;
2026-01-23;O_PGSUSE0226P230.00;PGSUS_02/2026_AVRUPA_OPSIYON;D_EQ;SSO;D_EQ_EPP;DE_PGSUS_EPP;PGSUS.E;2026-02-27;22.2;22.45;-1.11;0;0;0;0;0;0;0;0;0;53;0;;;;;
2026-01-23;O_PGSUSE0226P235.00;PGSUS_02/2026_AVRUPA_OPSIYON;D_EQ;SSO;D_EQ_EPP;DE_PGSUS_EPP;PGSUS.E;2026-02-27;26.32;26.57;-0.94;0;0;0;0;0;0;0;0;0;40;0;;;;;
2026-01-23;O_PGSUSE0326C200.00;PGSUS_03/2026_AVRUPA_OPSIYON;D_EQ;SSO;D_EQ_ECP;DE_PGSUS_ECP;PGSUS.E;2026-03-31;24.85;24.79;0.24;0;0;0;0;0;0;0;0;0;0;0;;;;;
2026-01-23;O_PGSUSE0326C205.00;PGSUS_03/2026_AVRUPA_OPSIYON;D_EQ;SSO;D_EQ_ECP;DE_PGSUS_ECP;PGSUS.E;2026-03-31;21.38;21.34;0.19;0;0;0;0;0;0;0;0;0;0;0;;;;;
2026-01-23;O_PGSUSE0326C210.00;PGSUS_03/2026_AVRUPA_OPSIYON;D_EQ;SSO;D_EQ_ECP;DE_PGSUS_ECP;PGSUS.E;2026-03-31;18.31;18.3;0.05;0;0;0;0;0;0;0;0;0;0;0;;;;;
2026-01-23;O_PGSUSE0326C215.00;PGSUS_03/2026_AVRUPA_OPSIYON;D_EQ;SSO;D_EQ_ECP;DE_PGSUS_ECP;PGSUS.E;2026-03-31;15.62;15.62;0;0;0;0;0;0;0;0;0;0;0;0;;;;;
2026-01-23;O_PGSUSE0326C220.00;PGSUS_03/2026_AVRUPA_OPSIYON;D_EQ;SSO;D_EQ_ECP;DE_PGSUS_ECP;PGSUS.E;2026-03-31;13.27;13.29;-0.15;0;0;0;0;0;0;0;0;0;0;0;;;;;
2026-01-23;O_PGSUSE0326C225.00;PGSUS_03/2026_AVRUPA_OPSIYON;D_EQ;SSO;D_EQ_ECP;DE_PGSUS_ECP;PGSUS.E;2026-03-31;11.27;11.3;-0.27;0;0;0;0;0;0;0;0;0;0;0;;;;;
2026-01-23;O_PGSUSE0326C230.00;PGSUS_03/2026_AVRUPA_OPSIYON;D_EQ;SSO;D_EQ_ECP;DE_PGSUS_ECP;PGSUS.E;2026-03-31;9.62;9.67;-0.52;0;0;0;0;0;0;0;0;0;0;0;;;;;
2026-01-23;O_PGSUSE0326C235.00;PGSUS_03/2026_AVRUPA_OPSIYON;D_EQ;SSO;D_EQ_ECP;DE_PGSUS_ECP;PGSUS.E;2026-03-31;8.45;8.51;-0.71;0;0;0;0;0;0;0;0;0;0;0;;;;;
2026-01-23;O_PGSUSE0326C240.00;PGSUS_03/2026_AVRUPA_OPSIYON;D_EQ;SSO;D_EQ_ECP;DE_PGSUS_ECP;PGSUS.E;2026-03-31;7.46;7.52;-0.8;0;0;0;0;0;0;0;0;0;0;0;;;;;
2026-01-23;O_PGSUSE0326C245.00;PGSUS_03/2026_AVRUPA_OPSIYON;D_EQ;SSO;D_EQ_ECP;DE_PGSUS_ECP;PGSUS.E;2026-03-31;6.62;6.69;-1.05;0;0;0;0;0;0;0;0;0;0;0;;;;;
2026-01-23;O_PGSUSE0326C250.00;PGSUS_03/2026_AVRUPA_OPSIYON;D_EQ;SSO;D_EQ_ECP;DE_PGSUS_ECP;PGSUS.E;2026-03-31;5.92;5.98;-1;0;0;0;0;0;0;0;0;0;0;0;;;;;
2026-01-23;O_PGSUSE0326P175.00;PGSUS_03/2026_AVRUPA_OPSIYON;D_EQ;SSO;D_EQ_EPP;DE_PGSUS_EPP;PGSUS.E;2026-03-31;1.97;2.02;-2.48;0;0;0;0;0;0;0;0;0;0;0;;;;;
2026-01-23;O_PGSUSE0326P180.00;PGSUS_03/2026_AVRUPA_OPSIYON;D_EQ;SSO;D_EQ_EPP;DE_PGSUS_EPP;PGSUS.E;2026-03-31;2.44;2.5;-2.4;0;0;0;0;0;0;0;0;0;0;0;;;;;
2026-01-23;O_PGSUSE0326P185.00;PGSUS_03/2026_AVRUPA_OPSIYON;D_EQ;SSO;D_EQ_EPP;DE_PGSUS_EPP;PGSUS.E;2026-03-31;3.01;3.08;-2.27;0;0;0;0;0;0;0;0;0;0;0;;;;;
2026-01-23;O_PGSUSE0326P190.00;PGSUS_03/2026_AVRUPA_OPSIYON;D_EQ;SSO;D_EQ_EPP;DE_PGSUS_EPP;PGSUS.E;2026-03-31;3.69;3.77;-2.12;0;0;0;0;0;0;0;0;0;0;0;;;;;
2026-01-23;O_PGSUSE0326P195.00;PGSUS_03/2026_AVRUPA_OPSIYON;D_EQ;SSO;D_EQ_EPP;DE_PGSUS_EPP;PGSUS.E;2026-03-31;4.5;4.59;-1.96;0;0;0;0;0;0;0;0;0;0;0;;;;;
2026-01-23;O_PGSUSE0326P200.00;PGSUS_03/2026_AVRUPA_OPSIYON;D_EQ;SSO;D_EQ_EPP;DE_PGSUS_EPP;PGSUS.E;2026-03-31;5.45;5.56;-1.98;0;0;0;0;0;0;0;0;0;0;0;;;;;
2026-01-23;O_PGSUSE0326P205.00;PGSUS_03/2026_AVRUPA_OPSIYON;D_EQ;SSO;D_EQ_EPP;DE_PGSUS_EPP;PGSUS.E;2026-03-31;6.59;6.7;-1.64;0;0;0;0;0;0;0;0;0;0;0;;;;;
2026-01-23;O_PGSUSE0326P210.00;PGSUS_03/2026_AVRUPA_OPSIYON;D_EQ;SSO;D_EQ_EPP;DE_PGSUS_EPP;PGSUS.E;2026-03-31;8.11;8.25;-1.7;0;0;0;0;0;0;0;0;0;0;0;;;;;
2026-01-23;O_PGSUSE0326P215.00;PGSUS_03/2026_AVRUPA_OPSIYON;D_EQ;SSO;D_EQ_EPP;DE_PGSUS_EPP;PGSUS.E;2026-03-31;10.01;10.16;-1.48;0;0;0;0;0;0;0;0;0;0;0;;;;;
2026-01-23;O_PGSUSE0326P220.00;PGSUS_03/2026_AVRUPA_OPSIYON;D_EQ;SSO;D_EQ_EPP;DE_PGSUS_EPP;PGSUS.E;2026-03-31;12.25;12.42;-1.37;0;0;0;0;0;0;0;0;0;0;0;;;;;
2026-01-23;O_PGSUSE0326P225.00;PGSUS_03/2026_AVRUPA_OPSIYON;D_EQ;SSO;D_EQ_EPP;DE_PGSUS_EPP;PGSUS.E;2026-03-31;14.85;15.03;-1.2;0;0;0;0;0;0;0;0;0;0;0;;;;;
2026-01-23;O_P_USDTRYKE0126C43500;FIZ. USDTRY_01/2026_AVRUPA_OPSIYON;D_CR;PCO;D_CR_ECP;DE_USDTRYKP_ECP;USDTRYKP.CX;2026-01-30;147.8;184.5;-19.89;0;0;0;0;0;0;0;0;0;0;0;;;;;
2026-01-23;O_P_USDTRYKE0126C44000;FIZ. USDTRY_01/2026_AVRUPA_OPSIYON;D_CR;PCO;D_CR_ECP;DE_USDTRYKP_ECP;USDTRYKP.CX;2026-01-30;20.2;32.3;-37.46;0;0;0;0;0;0;0;0;0;0;0;;;;;
2026-01-23;O_P_USDTRYKE0126C44500;FIZ. USDTRY_01/2026_AVRUPA_OPSIYON;D_CR;PCO;D_CR_ECP;DE_USDTRYKP_ECP;USDTRYKP.CX;2026-01-30;6.5;14.2;-54.23;0;0;0;0;0;0;0;0;0;0;0;;;;;
2026-01-23;O_P_USDTRYKE0126P43500;FIZ. USDTRY_01/2026_AVRUPA_OPSIYON;D_CR;PCO;D_CR_EPP;DE_USDTRYKP_EPP;USDTRYKP.CX;2026-01-30;188.4;173.3;8.71;0;0;0;0;0;0;0;0;0;0;0;;;;;
2026-01-23;O_P_USDTRYKE0126P44000;FIZ. USDTRY_01/2026_AVRUPA_OPSIYON;D_CR;PCO;D_CR_EPP;DE_USDTRYKP_EPP;USDTRYKP.CX;2026-01-30;558.4;518.3;7.74;0;0;0;0;0;0;0;0;0;0;0;;;;;
2026-01-23;O_P_USDTRYKE0126P44500;FIZ. USDTRY_01/2026_AVRUPA_OPSIYON;D_CR;PCO;D_CR_EPP;DE_USDTRYKP_EPP;USDTRYKP.CX;2026-01-30;1042.2;997.4;4.49;0;0;0;0;0;0;0;0;0;0;0;;;;;
2026-01-23;O_P_USDTRYKE0226C44500;FIZ. USDTRY_02/2026_AVRUPA_OPSIYON;D_CR;PCO;D_CR_ECP;DE_USDTRYKP_ECP;USDTRYKP.CX;2026-02-27;299.5;347.9;-13.91;0;0;0;0;0;0;0;0;0;0;0;;;;;
2026-01-23;O_P_USDTRYKE0226C45000;FIZ. USDTRY_02/2026_AVRUPA_OPSIYON;D_CR;PCO;D_CR_ECP;DE_USDTRYKP_ECP;USDTRYKP.CX;2026-02-27;172.6;227.6;-24.17;0;0;0;0;0;0;0;0;0;0;0;;;;;
2026-01-23;O_P_USDTRYKE0226P44500;FIZ. USDTRY_02/2026_AVRUPA_OPSIYON;D_CR;PCO;D_CR_EPP;DE_USDTRYKP_EPP;USDTRYKP.CX;2026-02-27;460.8;457.3;0.77;0;0;0;0;0;0;0;0;0;0;0;;;;;
2026-01-23;O_P_USDTRYKE0226P45000;FIZ. USDTRY_02/2026_AVRUPA_OPSIYON;D_CR;PCO;D_CR_EPP;DE_USDTRYKP_EPP;USDTRYKP.CX;2026-02-27;821.5;824.3;-0.34;0;0;0;0;0;0;0;0;0;0;0;;;;;
2026-01-23;O_SAHOLE0126C100.00;SAHOL_01/2026_AVRUPA_OPSIYON;D_EQ;SSO;D_EQ_ECP;DE_SAHOL_ECP;SAHOL.E;2026-01-30;1.61;1.15;40;0;0;0;0;0;0;0;0;0;2000;0;;;;;
2026-01-23;O_SAHOLE0126C105.00;SAHOL_01/2026_AVRUPA_OPSIYON;D_EQ;SSO;D_EQ_ECP;DE_SAHOL_ECP;SAHOL.E;2026-01-30;0.43;0.3;43.33;0;0;0;0;0;0;0;0;0;2125;0;;;;;
2026-01-23;O_SAHOLE0126C115.00;SAHOL_01/2026_AVRUPA_OPSIYON;D_EQ;SSO;D_EQ_ECP;DE_SAHOL_ECP;SAHOL.E;2026-01-30;0.01;0.01;0;0;0;0;0;0;0;0;0;0;0;0;;;;;
2026-01-23;O_SAHOLE0126C120.00;SAHOL_01/2026_AVRUPA_OPSIYON;D_EQ;SSO;D_EQ_ECP;DE_SAHOL_ECP;SAHOL.E;2026-01-30;0.01;0.01;0;0;0;0;0;0;0;0;0;0;0;0;;;;;
2026-01-23;O_SAHOLE0126C78.00;SAHOL_01/2026_AVRUPA_OPSIYON;D_EQ;SSO;D_EQ_ECP;DE_SAHOL_ECP;SAHOL.E;2026-01-30;19.97;18.15;10.03;0;0;0;0;0;0;0;0;0;0;0;;;;;
2026-01-23;O_SAHOLE0126C80.00;SAHOL_01/2026_AVRUPA_OPSIYON;D_EQ;SSO;D_EQ_ECP;DE_SAHOL_ECP;SAHOL.E;2026-01-30;17.98;16.17;11.19;0;0;0;0;0;0;0;0;0;0;0;;;;;
2026-01-23;O_SAHOLE0126C82.00;SAHOL_01/2026_AVRUPA_OPSIYON;D_EQ;SSO;D_EQ_ECP;DE_SAHOL_ECP;SAHOL.E;2026-01-30;16;14.19;12.76;0;0;0;0;0;0;0;0;0;5;0;;;;;
2026-01-23;O_SAHOLE0126C84.00;SAHOL_01/2026_AVRUPA_OPSIYON;D_EQ;SSO;D_EQ_ECP;DE_SAHOL_ECP;SAHOL.E;2026-01-30;14.02;12.24;14.54;0;0;0;0;0;0;0;0;0;99;0;;;;;
2026-01-23;O_SAHOLE0126C86.00;SAHOL_01/2026_AVRUPA_OPSIYON;D_EQ;SSO;D_EQ_ECP;DE_SAHOL_ECP;SAHOL.E;2026-01-30;12.06;10.32;16.86;0;0;0;0;0;0;0;0;0;50;0;;;;;
2026-01-23;O_SAHOLE0126C88.00;SAHOL_01/2026_AVRUPA_OPSIYON;D_EQ;SSO;D_EQ_ECP;DE_SAHOL_ECP;SAHOL.E;2026-01-30;10.13;8.47;19.6;0;0;0;0;0;0;0;0;0;29;0;;;;;
2026-01-23;O_SAHOLE0126C90.00;SAHOL_01/2026_AVRUPA_OPSIYON;D_EQ;SSO;D_EQ_ECP;DE_SAHOL_ECP;SAHOL.E;2026-01-30;8.27;6.74;22.7;0;0;0;0;0;0;0;0;0;1081;0;;;;;
2026-01-23;O_SAHOLE0126C92.00;SAHOL_01/2026_AVRUPA_OPSIYON;D_EQ;SSO;D_EQ_ECP;DE_SAHOL_ECP;SAHOL.E;2026-01-30;6.52;5.17;26.11;0;0;0;0;0;0;0;0;0;1139;0;;;;;
2026-01-23;O_SAHOLE0126C94.00;SAHOL_01/2026_AVRUPA_OPSIYON;D_EQ;SSO;D_EQ_ECP;DE_SAHOL_ECP;SAHOL.E;2026-01-30;4.94;3.8;30;0;0;0;0;0;0;0;0;0;159;0;;;;;
2026-01-23;O_SAHOLE0126C96.00;SAHOL_01/2026_AVRUPA_OPSIYON;D_EQ;SSO;D_EQ_ECP;DE_SAHOL_ECP;SAHOL.E;2026-01-30;3.58;2.67;34.08;2.42;2.42;2.42;2.42;2.42;9600;242;1;1;1051;1;;;;;
2026-01-23;O_SAHOLE0126C98.00;SAHOL_01/2026_AVRUPA_OPSIYON;D_EQ;SSO;D_EQ_ECP;DE_SAHOL_ECP;SAHOL.E;2026-01-30;2.47;1.79;37.99;0;0;0;0;0;0;0;0;0;3190;0;;;;;
2026-01-23;O_SAHOLE0126P68.00;SAHOL_01/2026_AVRUPA_OPSIYON;D_EQ;SSO;D_EQ_EPP;DE_SAHOL_EPP;SAHOL.E;2026-01-30;0.01;0.01;0;0;0;0;0;0;0;0;0;0;0;0;;;;;
2026-01-23;O_SAHOLE0126P70.00;SAHOL_01/2026_AVRUPA_OPSIYON;D_EQ;SSO;D_EQ_EPP;DE_SAHOL_EPP;SAHOL.E;2026-01-30;0.01;0.01;0;0;0;0;0;0;0;0;0;0;0;0;;;;;
2026-01-23;O_SAHOLE0126P72.00;SAHOL_01/2026_AVRUPA_OPSIYON;D_EQ;SSO;D_EQ_EPP;DE_SAHOL_EPP;SAHOL.E;2026-01-30;0.01;0.01;0;0;0;0;0;0;0;0;0;0;0;0;;;;;
2026-01-23;O_SAHOLE0126P76.00;SAHOL_01/2026_AVRUPA_OPSIYON;D_EQ;SSO;D_EQ_EPP;DE_SAHOL_EPP;SAHOL.E;2026-01-30;0.01;0.01;0;0;0;0;0;0;0;0;0;0;0;0;;;;;
2026-01-23;O_SAHOLE0126P78.00;SAHOL_01/2026_AVRUPA_OPSIYON;D_EQ;SSO;D_EQ_EPP;DE_SAHOL_EPP;SAHOL.E;2026-01-30;0.01;0.01;0;0;0;0;0;0;0;0;0;0;0;0;;;;;
2026-01-23;O_SAHOLE0126P80.00;SAHOL_01/2026_AVRUPA_OPSIYON;D_EQ;SSO;D_EQ_EPP;DE_SAHOL_EPP;SAHOL.E;2026-01-30;0.01;0.01;0;0;0;0;0;0;0;0;0;0;0;0;;;;;
2026-01-23;O_SAHOLE0126P82.00;SAHOL_01/2026_AVRUPA_OPSIYON;D_EQ;SSO;D_EQ_EPP;DE_SAHOL_EPP;SAHOL.E;2026-01-30;0.01;0.01;0;0;0;0;0;0;0;0;0;0;343;0;;;;;
2026-01-23;O_SAHOLE0126P84.00;SAHOL_01/2026_AVRUPA_OPSIYON;D_EQ;SSO;D_EQ_EPP;DE_SAHOL_EPP;SAHOL.E;2026-01-30;0.01;0.04;-75;0;0;0;0;0;0;0;0;0;0;0;;;;;
2026-01-23;O_SAHOLE0126P86.00;SAHOL_01/2026_AVRUPA_OPSIYON;D_EQ;SSO;D_EQ_EPP;DE_SAHOL_EPP;SAHOL.E;2026-01-30;0.03;0.11;-72.73;0;0;0;0;0;0;0;0;0;1;0;;;;;
2026-01-23;O_SAHOLE0126P88.00;SAHOL_01/2026_AVRUPA_OPSIYON;D_EQ;SSO;D_EQ_EPP;DE_SAHOL_EPP;SAHOL.E;2026-01-30;0.09;0.24;-62.5;0;0;0;0;0;0;0;0;0;206;0;;;;;
2026-01-23;O_SAHOLE0126P90.00;SAHOL_01/2026_AVRUPA_OPSIYON;D_EQ;SSO;D_EQ_EPP;DE_SAHOL_EPP;SAHOL.E;2026-01-30;0.22;0.49;-55.1;0;0;0;0;0;0;0;0;0;550;0;;;;;
2026-01-23;O_SAHOLE0126P92.00;SAHOL_01/2026_AVRUPA_OPSIYON;D_EQ;SSO;D_EQ_EPP;DE_SAHOL_EPP;SAHOL.E;2026-01-30;0.45;0.9;-50;0;0;0;0;0;0;0;0;0;321;0;;;;;
2026-01-23;O_SAHOLE0126P94.00;SAHOL_01/2026_AVRUPA_OPSIYON;D_EQ;SSO;D_EQ_EPP;DE_SAHOL_EPP;SAHOL.E;2026-01-30;0.86;1.52;-43.42;0;0;0;0;0;0;0;0;0;259;0;;;;;
2026-01-23;O_SAHOLE0126P96.00;SAHOL_01/2026_AVRUPA_OPSIYON;D_EQ;SSO;D_EQ_EPP;DE_SAHOL_EPP;SAHOL.E;2026-01-30;1.48;2.38;-37.82;0;0;0;0;0;0;0;0;0;103;0;;;;;
2026-01-23;O_SAHOLE0126P98.00;SAHOL_01/2026_AVRUPA_OPSIYON;D_EQ;SSO;D_EQ_EPP;DE_SAHOL_EPP;SAHOL.E;2026-01-30;2.35;3.48;-32.47;0;0;0;0;0;0;0;0;0;103;0;;;;;
2026-01-23;O_SAHOLE0226C100.00;SAHOL_02/2026_AVRUPA_OPSIYON;D_EQ;SSO;D_EQ_ECP;DE_SAHOL_ECP;SAHOL.E;2026-02-27;5.86;4.98;17.67;0;0;0;0;0;0;0;0;0;450;0;;;;;
2026-01-23;O_SAHOLE0226C105.00;SAHOL_02/2026_AVRUPA_OPSIYON;D_EQ;SSO;D_EQ_ECP;DE_SAHOL_ECP;SAHOL.E;2026-02-27;3.78;3.15;20;1.89;1.89;2.24;2.24;2.04;2730000;52990;260;8;310;230;;;;;
2026-01-23;O_SAHOLE0226C110.00;SAHOL_02/2026_AVRUPA_OPSIYON;D_EQ;SSO;D_EQ_ECP;DE_SAHOL_ECP;SAHOL.E;2026-02-27;2.32;1.89;22.75;0;0;0;0;0;0;0;0;0;50;0;;;;;
2026-01-23;O_SAHOLE0226C115.00;SAHOL_02/2026_AVRUPA_OPSIYON;D_EQ;SSO;D_EQ_ECP;DE_SAHOL_ECP;SAHOL.E;2026-02-27;1.36;1.09;24.77;0.36;0.36;0.36;0.36;0.36;575000;1800;50;5;1706;50;;;;;
2026-01-23;O_SAHOLE0226C120.00;SAHOL_02/2026_AVRUPA_OPSIYON;D_EQ;SSO;D_EQ_ECP;DE_SAHOL_ECP;SAHOL.E;2026-02-27;0.76;0.6;26.67;0;0;0;0;0;0;0;0;0;0;0;;;;;
2026-01-23;O_SAHOLE0226C125.00;SAHOL_02/2026_AVRUPA_OPSIYON;D_EQ;SSO;D_EQ_ECP;DE_SAHOL_ECP;SAHOL.E;2026-02-27;0.41;0.31;32.26;0;0;0;0;0;0;0;0;0;0;0;;;;;
2026-01-23;O_SAHOLE0226C86.00;SAHOL_02/2026_AVRUPA_OPSIYON;D_EQ;SSO;D_EQ_ECP;DE_SAHOL_ECP;SAHOL.E;2026-02-27;15.24;13.68;11.4;0;0;0;0;0;0;0;0;0;2;0;;;;;
2026-01-23;O_SAHOLE0226C88.00;SAHOL_02/2026_AVRUPA_OPSIYON;D_EQ;SSO;D_EQ_ECP;DE_SAHOL_ECP;SAHOL.E;2026-02-27;13.61;12.13;12.2;0;0;0;0;0;0;0;0;0;0;0;;;;;
2026-01-23;O_SAHOLE0226C90.00;SAHOL_02/2026_AVRUPA_OPSIYON;D_EQ;SSO;D_EQ_ECP;DE_SAHOL_ECP;SAHOL.E;2026-02-27;12.07;10.68;13.01;0;0;0;0;0;0;0;0;0;0;0;;;;;
2026-01-23;O_SAHOLE0226C92.00;SAHOL_02/2026_AVRUPA_OPSIYON;D_EQ;SSO;D_EQ_ECP;DE_SAHOL_ECP;SAHOL.E;2026-02-27;10.62;9.32;13.95;0;0;0;0;0;0;0;0;0;0;0;;;;;
2026-01-23;O_SAHOLE0226C94.00;SAHOL_02/2026_AVRUPA_OPSIYON;D_EQ;SSO;D_EQ_ECP;DE_SAHOL_ECP;SAHOL.E;2026-02-27;9.26;8.07;14.75;7;7;7;7;7;9400;700;1;1;21;1;;;;;
2026-01-23;O_SAHOLE0226C96.00;SAHOL_02/2026_AVRUPA_OPSIYON;D_EQ;SSO;D_EQ_ECP;DE_SAHOL_ECP;SAHOL.E;2026-02-27;8.02;6.93;15.73;0;0;0;0;0;0;0;0;0;30;0;;;;;
2026-01-23;O_SAHOLE0226C98.00;SAHOL_02/2026_AVRUPA_OPSIYON;D_EQ;SSO;D_EQ_ECP;DE_SAHOL_ECP;SAHOL.E;2026-02-27;6.89;5.9;16.78;0;0;0;0;0;0;0;0;0;0;0;;;;;
2026-01-23;O_SAHOLE0226P100.00;SAHOL_02/2026_AVRUPA_OPSIYON;D_EQ;SSO;D_EQ_EPP;DE_SAHOL_EPP;SAHOL.E;2026-02-27;4.89;5.8;-15.69;4.04;4.04;4.04;4.04;4.04;10000;404;1;1;51;1;;;;;
2026-01-23;O_SAHOLE0226P76.00;SAHOL_02/2026_AVRUPA_OPSIYON;D_EQ;SSO;D_EQ_EPP;DE_SAHOL_EPP;SAHOL.E;2026-02-27;0.09;0.13;-30.77;0;0;0;0;0;0;0;0;0;0;0;;;;;
2026-01-23;O_SAHOLE0226P78.00;SAHOL_02/2026_AVRUPA_OPSIYON;D_EQ;SSO;D_EQ_EPP;DE_SAHOL_EPP;SAHOL.E;2026-02-27;0.14;0.22;-36.36;0;0;0;0;0;0;0;0;0;200;0;;;;;
2026-01-23;O_SAHOLE0226P80.00;SAHOL_02/2026_AVRUPA_OPSIYON;D_EQ;SSO;D_EQ_EPP;DE_SAHOL_EPP;SAHOL.E;2026-02-27;0.23;0.33;-30.3;0;0;0;0;0;0;0;0;0;300;0;;;;;
2026-01-23;O_SAHOLE0226P82.00;SAHOL_02/2026_AVRUPA_OPSIYON;D_EQ;SSO;D_EQ_EPP;DE_SAHOL_EPP;SAHOL.E;2026-02-27;0.35;0.5;-30;0;0;0;0;0;0;0;0;0;0;0;;;;;
2026-01-23;O_SAHOLE0226P84.00;SAHOL_02/2026_AVRUPA_OPSIYON;D_EQ;SSO;D_EQ_EPP;DE_SAHOL_EPP;SAHOL.E;2026-02-27;0.53;0.73;-27.4;0;0;0;0;0;0;0;0;0;0;0;;;;;
2026-01-23;O_SAHOLE0226P86.00;SAHOL_02/2026_AVRUPA_OPSIYON;D_EQ;SSO;D_EQ_EPP;DE_SAHOL_EPP;SAHOL.E;2026-02-27;0.76;1.02;-25.49;0;0;0;0;0;0;0;0;0;0;0;;;;;
2026-01-23;O_SAHOLE0226P88.00;SAHOL_02/2026_AVRUPA_OPSIYON;D_EQ;SSO;D_EQ_EPP;DE_SAHOL_EPP;SAHOL.E;2026-02-27;1.06;1.4;-24.29;0;0;0;0;0;0;0;0;0;600;0;;;;;
2026-01-23;O_SAHOLE0226P90.00;SAHOL_02/2026_AVRUPA_OPSIYON;D_EQ;SSO;D_EQ_EPP;DE_SAHOL_EPP;SAHOL.E;2026-02-27;1.45;1.87;-22.46;0;0;0;0;0;0;0;0;0;101;0;;;;;
2026-01-23;O_SAHOLE0226P92.00;SAHOL_02/2026_AVRUPA_OPSIYON;D_EQ;SSO;D_EQ_EPP;DE_SAHOL_EPP;SAHOL.E;2026-02-27;1.92;2.43;-20.99;0;0;0;0;0;0;0;0;0;0;0;;;;;
2026-01-23;O_SAHOLE0226P94.00;SAHOL_02/2026_AVRUPA_OPSIYON;D_EQ;SSO;D_EQ_EPP;DE_SAHOL_EPP;SAHOL.E;2026-02-27;2.5;3.11;-19.61;0;0;0;0;0;0;0;0;0;10;0;;;;;
2026-01-23;O_SAHOLE0226P96.00;SAHOL_02/2026_AVRUPA_OPSIYON;D_EQ;SSO;D_EQ_EPP;DE_SAHOL_EPP;SAHOL.E;2026-02-27;3.19;3.9;-18.21;0;0;0;0;0;0;0;0;0;114;0;;;;;
2026-01-23;O_SAHOLE0226P98.00;SAHOL_02/2026_AVRUPA_OPSIYON;D_EQ;SSO;D_EQ_EPP;DE_SAHOL_EPP;SAHOL.E;2026-02-27;3.98;4.79;-16.91;0;0;0;0;0;0;0;0;0;115;0;;;;;
2026-01-23;O_SAHOLE0326C100.00;SAHOL_03/2026_AVRUPA_OPSIYON;D_EQ;SSO;D_EQ_ECP;DE_SAHOL_ECP;SAHOL.E;2026-03-31;10.31;9.22;11.82;0;0;0;0;0;0;0;0;0;0;0;;;;;
2026-01-23;O_SAHOLE0326C105.00;SAHOL_03/2026_AVRUPA_OPSIYON;D_EQ;SSO;D_EQ_ECP;DE_SAHOL_ECP;SAHOL.E;2026-03-31;7.87;6.96;13.07;0;0;0;0;0;0;0;0;0;0;0;;;;;
2026-01-23;O_SAHOLE0326C110.00;SAHOL_03/2026_AVRUPA_OPSIYON;D_EQ;SSO;D_EQ_ECP;DE_SAHOL_ECP;SAHOL.E;2026-03-31;5.88;5.15;14.17;0;0;0;0;0;0;0;0;0;0;0;;;;;
2026-01-23;O_SAHOLE0326C115.00;SAHOL_03/2026_AVRUPA_OPSIYON;D_EQ;SSO;D_EQ_ECP;DE_SAHOL_ECP;SAHOL.E;2026-03-31;4.31;3.73;15.55;0;0;0;0;0;0;0;0;0;0;0;;;;;
2026-01-23;O_SAHOLE0326C120.00;SAHOL_03/2026_AVRUPA_OPSIYON;D_EQ;SSO;D_EQ_ECP;DE_SAHOL_ECP;SAHOL.E;2026-03-31;3.1;2.65;16.98;0;0;0;0;0;0;0;0;0;0;0;;;;;
2026-01-23;O_SAHOLE0326C125.00;SAHOL_03/2026_AVRUPA_OPSIYON;D_EQ;SSO;D_EQ_ECP;DE_SAHOL_ECP;SAHOL.E;2026-03-31;2.19;1.85;18.38;0;0;0;0;0;0;0;0;0;0;0;;;;;
2026-01-23;O_SAHOLE0326C130.00;SAHOL_03/2026_AVRUPA_OPSIYON;D_EQ;SSO;D_EQ_ECP;DE_SAHOL_ECP;SAHOL.E;2026-03-31;1.52;1.28;18.75;0;0;0;0;0;0;0;0;0;0;0;;;;;
2026-01-23;O_SAHOLE0326C88.00;SAHOL_03/2026_AVRUPA_OPSIYON;D_EQ;SSO;D_EQ_ECP;DE_SAHOL_ECP;SAHOL.E;2026-03-31;18.03;16.54;9.01;0;0;0;0;0;0;0;0;0;0;0;;;;;
2026-01-23;O_SAHOLE0326C90.00;SAHOL_03/2026_AVRUPA_OPSIYON;D_EQ;SSO;D_EQ_ECP;DE_SAHOL_ECP;SAHOL.E;2026-03-31;16.57;15.14;9.45;0;0;0;0;0;0;0;0;0;0;0;;;;;
2026-01-23;O_SAHOLE0326C92.00;SAHOL_03/2026_AVRUPA_OPSIYON;D_EQ;SSO;D_EQ_ECP;DE_SAHOL_ECP;SAHOL.E;2026-03-31;15.18;13.81;9.92;0;0;0;0;0;0;0;0;0;0;0;;;;;
2026-01-23;O_SAHOLE0326C94.00;SAHOL_03/2026_AVRUPA_OPSIYON;D_EQ;SSO;D_EQ_ECP;DE_SAHOL_ECP;SAHOL.E;2026-03-31;13.86;12.55;10.44;0;0;0;0;0;0;0;0;0;0;0;;;;;
2026-01-23;O_SAHOLE0326C96.00;SAHOL_03/2026_AVRUPA_OPSIYON;D_EQ;SSO;D_EQ_ECP;DE_SAHOL_ECP;SAHOL.E;2026-03-31;12.6;11.37;10.82;0;0;0;0;0;0;0;0;0;0;0;;;;;
2026-01-23;O_SAHOLE0326C98.00;SAHOL_03/2026_AVRUPA_OPSIYON;D_EQ;SSO;D_EQ_ECP;DE_SAHOL_ECP;SAHOL.E;2026-03-31;11.42;10.26;11.31;0;0;0;0;0;0;0;0;0;0;0;;;;;
2026-01-23;O_SAHOLE0326P100.00;SAHOL_03/2026_AVRUPA_OPSIYON;D_EQ;SSO;D_EQ_EPP;DE_SAHOL_EPP;SAHOL.E;2026-03-31;4.82;5.51;-12.52;0;0;0;0;0;0;0;0;0;0;0;;;;;
2026-01-23;O_SAHOLE0326P105.00;SAHOL_03/2026_AVRUPA_OPSIYON;D_EQ;SSO;D_EQ_EPP;DE_SAHOL_EPP;SAHOL.E;2026-03-31;6.97;7.84;-11.1;0;0;0;0;0;0;0;0;0;0;0;;;;;
2026-01-23;O_SAHOLE0326P78.00;SAHOL_03/2026_AVRUPA_OPSIYON;D_EQ;SSO;D_EQ_EPP;DE_SAHOL_EPP;SAHOL.E;2026-03-31;0.37;0.48;-22.92;0;0;0;0;0;0;0;0;0;0;0;;;;;
2026-01-23;O_SAHOLE0326P80.00;SAHOL_03/2026_AVRUPA_OPSIYON;D_EQ;SSO;D_EQ_EPP;DE_SAHOL_EPP;SAHOL.E;2026-03-31;0.51;0.65;-21.54;0;0;0;0;0;0;0;0;0;0;0;;;;;
2026-01-23;O_SAHOLE0326P82.00;SAHOL_03/2026_AVRUPA_OPSIYON;D_EQ;SSO;D_EQ_EPP;DE_SAHOL_EPP;SAHOL.E;2026-03-31;0.69;0.86;-19.77;0;0;0;0;0;0;0;0;0;0;0;;;;;
2026-01-23;O_SAHOLE0326P84.00;SAHOL_03/2026_AVRUPA_OPSIYON;D_EQ;SSO;D_EQ_EPP;DE_SAHOL_EPP;SAHOL.E;2026-03-31;0.91;1.12;-18.75;0;0;0;0;0;0;0;0;0;0;0;;;;;
2026-01-23;O_SAHOLE0326P86.00;SAHOL_03/2026_AVRUPA_OPSIYON;D_EQ;SSO;D_EQ_EPP;DE_SAHOL_EPP;SAHOL.E;2026-03-31;1.18;1.44;-18.06;0;0;0;0;0;0;0;0;0;0;0;;;;;
2026-01-23;O_SAHOLE0326P88.00;SAHOL_03/2026_AVRUPA_OPSIYON;D_EQ;SSO;D_EQ_EPP;DE_SAHOL_EPP;SAHOL.E;2026-03-31;1.5;1.81;-17.13;0;0;0;0;0;0;0;0;0;0;0;;;;;
2026-01-23;O_SAHOLE0326P90.00;SAHOL_03/2026_AVRUPA_OPSIYON;D_EQ;SSO;D_EQ_EPP;DE_SAHOL_EPP;SAHOL.E;2026-03-31;1.89;2.25;-16;0;0;0;0;0;0;0;0;0;0;0;;;;;
2026-01-23;O_SAHOLE0326P92.00;SAHOL_03/2026_AVRUPA_OPSIYON;D_EQ;SSO;D_EQ_EPP;DE_SAHOL_EPP;SAHOL.E;2026-03-31;2.33;2.76;-15.58;0;0;0;0;0;0;0;0;0;0;0;;;;;
2026-01-23;O_SAHOLE0326P94.00;SAHOL_03/2026_AVRUPA_OPSIYON;D_EQ;SSO;D_EQ_EPP;DE_SAHOL_EPP;SAHOL.E;2026-03-31;2.84;3.33;-14.71;0;0;0;0;0;0;0;0;0;0;0;;;;;
2026-01-23;O_SAHOLE0326P96.00;SAHOL_03/2026_AVRUPA_OPSIYON;D_EQ;SSO;D_EQ_EPP;DE_SAHOL_EPP;SAHOL.E;2026-03-31;3.43;3.98;-13.82;0;0;0;0;0;0;0;0;0;0;0;;;;;
2026-01-23;O_SAHOLE0326P98.00;SAHOL_03/2026_AVRUPA_OPSIYON;D_EQ;SSO;D_EQ_EPP;DE_SAHOL_EPP;SAHOL.E;2026-03-31;4.09;4.71;-13.16;0;0;0;0;0;0;0;0;0;0;0;;;;;
2026-01-23;O_SISEE0126C37.00;SISE_01/2026_AVRUPA_OPSIYON;D_EQ;SSO;D_EQ_ECP;DE_SISE_ECP;SISE.E;2026-01-30;3.57;3.02;18.21;0;0;0;0;0;0;0;0;0;459;0;;;;;
2026-01-23;O_SISEE0126C38.00;SISE_01/2026_AVRUPA_OPSIYON;D_EQ;SSO;D_EQ_ECP;DE_SISE_ECP;SISE.E;2026-01-30;2.62;2.12;23.58;0;0;0;0;0;0;0;0;0;310;0;;;;;
2026-01-23;O_SISEE0126C39.00;SISE_01/2026_AVRUPA_OPSIYON;D_EQ;SSO;D_EQ_ECP;DE_SISE_ECP;SISE.E;2026-01-30;1.75;1.35;29.63;1.7;1.7;1.7;1.7;1.7;195000;8500;50;1;261;0;;;;;
2026-01-23;O_SISEE0126C40.00;SISE_01/2026_AVRUPA_OPSIYON;D_EQ;SSO;D_EQ_ECP;DE_SISE_ECP;SISE.E;2026-01-30;1.04;0.75;38.67;0.99;0.9;1.07;1.07;1.02;1000000;25500;250;5;211;200;;;;;
2026-01-23;O_SISEE0126C41.00;SISE_01/2026_AVRUPA_OPSIYON;D_EQ;SSO;D_EQ_ECP;DE_SISE_ECP;SISE.E;2026-01-30;0.53;0.38;39.47;0.53;0.48;0.53;0.48;0.51;2665000;32950;650;13;427;154;;;;;
2026-01-23;O_SISEE0126C42.00;SISE_01/2026_AVRUPA_OPSIYON;D_EQ;SSO;D_EQ_ECP;DE_SISE_ECP;SISE.E;2026-01-30;0.24;0.17;41.18;0;0;0;0;0;0;0;0;0;153;0;;;;;
2026-01-23;O_SISEE0126C43.00;SISE_01/2026_AVRUPA_OPSIYON;D_EQ;SSO;D_EQ_ECP;DE_SISE_ECP;SISE.E;2026-01-30;0.1;0.08;25;0;0;0;0;0;0;0;0;0;514;0;;;;;
2026-01-23;O_SISEE0126C44.00;SISE_01/2026_AVRUPA_OPSIYON;D_EQ;SSO;D_EQ_ECP;DE_SISE_ECP;SISE.E;2026-01-30;0.04;0.04;0;0;0;0;0;0;0;0;0;0;6754;0;;;;;
2026-01-23;O_SISEE0126C45.00;SISE_01/2026_AVRUPA_OPSIYON;D_EQ;SSO;D_EQ_ECP;DE_SISE_ECP;SISE.E;2026-01-30;0.02;0.02;0;0;0;0;0;0;0;0;0;0;3115;0;;;;;
2026-01-23;O_SISEE0126C46.00;SISE_01/2026_AVRUPA_OPSIYON;D_EQ;SSO;D_EQ_ECP;DE_SISE_ECP;SISE.E;2026-01-30;0.01;0.01;0;0;0;0;0;0;0;0;0;0;1065;0;;;;;
2026-01-23;O_SISEE0126C47.00;SISE_01/2026_AVRUPA_OPSIYON;D_EQ;SSO;D_EQ_ECP;DE_SISE_ECP;SISE.E;2026-01-30;0.01;0.01;0;0;0;0;0;0;0;0;0;0;0;0;;;;;
2026-01-23;O_SISEE0126C48.00;SISE_01/2026_AVRUPA_OPSIYON;D_EQ;SSO;D_EQ_ECP;DE_SISE_ECP;SISE.E;2026-01-30;0.01;0.01;0;0;0;0;0;0;0;0;0;0;0;0;;;;;
2026-01-23;O_SISEE0126C49.00;SISE_01/2026_AVRUPA_OPSIYON;D_EQ;SSO;D_EQ_ECP;DE_SISE_ECP;SISE.E;2026-01-30;0.01;0.01;0;0;0;0;0;0;0;0;0;0;0;0;;;;;
2026-01-23;O_SISEE0126C50.00;SISE_01/2026_AVRUPA_OPSIYON;D_EQ;SSO;D_EQ_ECP;DE_SISE_ECP;SISE.E;2026-01-30;0.01;0.01;0;0;0;0;0;0;0;0;0;0;19;0;;;;;
2026-01-23;O_SISEE0126P32.00;SISE_01/2026_AVRUPA_OPSIYON;D_EQ;SSO;D_EQ_EPP;DE_SISE_EPP;SISE.E;2026-01-30;0.01;0.01;0;0;0;0;0;0;0;0;0;0;0;0;;;;;
2026-01-23;O_SISEE0126P33.00;SISE_01/2026_AVRUPA_OPSIYON;D_EQ;SSO;D_EQ_EPP;DE_SISE_EPP;SISE.E;2026-01-30;0.01;0.01;0;0;0;0;0;0;0;0;0;0;40;0;;;;;
2026-01-23;O_SISEE0126P34.00;SISE_01/2026_AVRUPA_OPSIYON;D_EQ;SSO;D_EQ_EPP;DE_SISE_EPP;SISE.E;2026-01-30;0.01;0.01;0;0;0;0;0;0;0;0;0;0;0;0;;;;;
2026-01-23;O_SISEE0126P35.00;SISE_01/2026_AVRUPA_OPSIYON;D_EQ;SSO;D_EQ_EPP;DE_SISE_EPP;SISE.E;2026-01-30;0.01;0.01;0;0;0;0;0;0;0;0;0;0;0;0;;;;;
2026-01-23;O_SISEE0126P36.00;SISE_01/2026_AVRUPA_OPSIYON;D_EQ;SSO;D_EQ_EPP;DE_SISE_EPP;SISE.E;2026-01-30;0.01;0.02;-50;0;0;0;0;0;0;0;0;0;2;0;;;;;
2026-01-23;O_SISEE0126P37.00;SISE_01/2026_AVRUPA_OPSIYON;D_EQ;SSO;D_EQ_EPP;DE_SISE_EPP;SISE.E;2026-01-30;0.02;0.06;-66.67;0;0;0;0;0;0;0;0;0;468;0;;;;;
2026-01-23;O_SISEE0126P38.00;SISE_01/2026_AVRUPA_OPSIYON;D_EQ;SSO;D_EQ_EPP;DE_SISE_EPP;SISE.E;2026-01-30;0.07;0.15;-53.33;0;0;0;0;0;0;0;0;0;4171;0;;;;;
2026-01-23;O_SISEE0126P39.00;SISE_01/2026_AVRUPA_OPSIYON;D_EQ;SSO;D_EQ_EPP;DE_SISE_EPP;SISE.E;2026-01-30;0.19;0.36;-47.22;0.21;0.21;0.21;0.21;0.21;1989000;10710;510;2;1968;-510;;;;;
2026-01-23;O_SISEE0126P40.00;SISE_01/2026_AVRUPA_OPSIYON;D_EQ;SSO;D_EQ_EPP;DE_SISE_EPP;SISE.E;2026-01-30;0.47;0.76;-38.16;0;0;0;0;0;0;0;0;0;5428;0;;;;;
2026-01-23;O_SISEE0126P41.00;SISE_01/2026_AVRUPA_OPSIYON;D_EQ;SSO;D_EQ_EPP;DE_SISE_EPP;SISE.E;2026-01-30;0.96;1.38;-30.43;0.99;0.99;1.02;1.02;1.01;820000;20250;200;4;610;-30;;;;;
2026-01-23;O_SISEE0126P42.00;SISE_01/2026_AVRUPA_OPSIYON;D_EQ;SSO;D_EQ_EPP;DE_SISE_EPP;SISE.E;2026-01-30;1.66;2.16;-23.15;1.66;1.66;1.66;1.66;1.66;21000;830;5;1;158;5;;;;;
2026-01-23;O_SISEE0126P43.00;SISE_01/2026_AVRUPA_OPSIYON;D_EQ;SSO;D_EQ_EPP;DE_SISE_EPP;SISE.E;2026-01-30;2.51;3.06;-17.97;0;0;0;0;0;0;0;0;0;10;0;;;;;
2026-01-23;O_SISEE0126P44.00;SISE_01/2026_AVRUPA_OPSIYON;D_EQ;SSO;D_EQ_EPP;DE_SISE_EPP;SISE.E;2026-01-30;3.44;4.01;-14.21;0;0;0;0;0;0;0;0;0;1500;0;;;;;
2026-01-23;O_SISEE0126P45.00;SISE_01/2026_AVRUPA_OPSIYON;D_EQ;SSO;D_EQ_EPP;DE_SISE_EPP;SISE.E;2026-01-30;4.41;4.98;-11.45;0;0;0;0;0;0;0;0;0;1500;0;;;;;
2026-01-23;O_SISEE0226C38.00;SISE_02/2026_AVRUPA_OPSIYON;D_EQ;SSO;D_EQ_ECP;DE_SISE_ECP;SISE.E;2026-02-27;4.11;3.63;13.22;0;0;0;0;0;0;0;0;0;50;0;;;;;
2026-01-23;O_SISEE0226C39.00;SISE_02/2026_AVRUPA_OPSIYON;D_EQ;SSO;D_EQ_ECP;DE_SISE_ECP;SISE.E;2026-02-27;3.32;2.87;15.68;0;0;0;0;0;0;0;0;0;50;0;;;;;
2026-01-23;O_SISEE0226C40.00;SISE_02/2026_AVRUPA_OPSIYON;D_EQ;SSO;D_EQ_ECP;DE_SISE_ECP;SISE.E;2026-02-27;2.6;2.23;16.59;2.4;2.3;2.4;2.3;2.35;8000;470;2;2;2;2;;;;;
2026-01-23;O_SISEE0226C41.00;SISE_02/2026_AVRUPA_OPSIYON;D_EQ;SSO;D_EQ_ECP;DE_SISE_ECP;SISE.E;2026-02-27;2.01;1.69;18.93;0;0;0;0;0;0;0;0;0;0;0;;;;;
2026-01-23;O_SISEE0226C42.00;SISE_02/2026_AVRUPA_OPSIYON;D_EQ;SSO;D_EQ_ECP;DE_SISE_ECP;SISE.E;2026-02-27;1.51;1.27;18.9;0;0;0;0;0;0;0;0;0;2;0;;;;;
2026-01-23;O_SISEE0226C43.00;SISE_02/2026_AVRUPA_OPSIYON;D_EQ;SSO;D_EQ_ECP;DE_SISE_ECP;SISE.E;2026-02-27;1.13;0.94;20.21;1.01;1.01;1.01;1.01;1.01;8600;202;2;1;742;2;;;;;
2026-01-23;O_SISEE0226C44.00;SISE_02/2026_AVRUPA_OPSIYON;D_EQ;SSO;D_EQ_ECP;DE_SISE_ECP;SISE.E;2026-02-27;0.84;0.73;15.07;0;0;0;0;0;0;0;0;0;0;0;;;;;
2026-01-23;O_SISEE0226C45.00;SISE_02/2026_AVRUPA_OPSIYON;D_EQ;SSO;D_EQ_ECP;DE_SISE_ECP;SISE.E;2026-02-27;0.66;0.58;13.79;0;0;0;0;0;0;0;0;0;0;0;;;;;
2026-01-23;O_SISEE0226C46.00;SISE_02/2026_AVRUPA_OPSIYON;D_EQ;SSO;D_EQ_ECP;DE_SISE_ECP;SISE.E;2026-02-27;0.53;0.47;12.77;0;0;0;0;0;0;0;0;0;399;0;;;;;
2026-01-23;O_SISEE0226C47.00;SISE_02/2026_AVRUPA_OPSIYON;D_EQ;SSO;D_EQ_ECP;DE_SISE_ECP;SISE.E;2026-02-27;0.43;0.39;10.26;0;0;0;0;0;0;0;0;0;500;0;;;;;
2026-01-23;O_SISEE0226C48.00;SISE_02/2026_AVRUPA_OPSIYON;D_EQ;SSO;D_EQ_ECP;DE_SISE_ECP;SISE.E;2026-02-27;0.36;0.32;12.5;0;0;0;0;0;0;0;0;0;400;0;;;;;
2026-01-23;O_SISEE0226C49.00;SISE_02/2026_AVRUPA_OPSIYON;D_EQ;SSO;D_EQ_ECP;DE_SISE_ECP;SISE.E;2026-02-27;0.3;0.28;7.14;0;0;0;0;0;0;0;0;0;0;0;;;;;
2026-01-23;O_SISEE0226C50.00;SISE_02/2026_AVRUPA_OPSIYON;D_EQ;SSO;D_EQ_ECP;DE_SISE_ECP;SISE.E;2026-02-27;0.25;0.24;4.17;0;0;0;0;0;0;0;0;0;0;0;;;;;
2026-01-23;O_SISEE0226C52.00;SISE_02/2026_AVRUPA_OPSIYON;D_EQ;SSO;D_EQ_ECP;DE_SISE_ECP;SISE.E;2026-02-27;0.19;0.18;5.56;0;0;0;0;0;0;0;0;0;0;0;;;;;
2026-01-23;O_SISEE0226P33.00;SISE_02/2026_AVRUPA_OPSIYON;D_EQ;SSO;D_EQ_EPP;DE_SISE_EPP;SISE.E;2026-02-27;0.09;0.11;-18.18;0;0;0;0;0;0;0;0;0;0;0;;;;;
2026-01-23;O_SISEE0226P34.00;SISE_02/2026_AVRUPA_OPSIYON;D_EQ;SSO;D_EQ_EPP;DE_SISE_EPP;SISE.E;2026-02-27;0.13;0.16;-18.75;0;0;0;0;0;0;0;0;0;0;0;;;;;
2026-01-23;O_SISEE0226P35.00;SISE_02/2026_AVRUPA_OPSIYON;D_EQ;SSO;D_EQ_EPP;DE_SISE_EPP;SISE.E;2026-02-27;0.18;0.22;-18.18;0;0;0;0;0;0;0;0;0;300;0;;;;;
2026-01-23;O_SISEE0226P36.00;SISE_02/2026_AVRUPA_OPSIYON;D_EQ;SSO;D_EQ_EPP;DE_SISE_EPP;SISE.E;2026-02-27;0.25;0.3;-16.67;0;0;0;0;0;0;0;0;0;0;0;;;;;
2026-01-23;O_SISEE0226P37.00;SISE_02/2026_AVRUPA_OPSIYON;D_EQ;SSO;D_EQ_EPP;DE_SISE_EPP;SISE.E;2026-02-27;0.34;0.42;-19.05;0;0;0;0;0;0;0;0;0;399;0;;;;;
2026-01-23;O_SISEE0226P38.00;SISE_02/2026_AVRUPA_OPSIYON;D_EQ;SSO;D_EQ_EPP;DE_SISE_EPP;SISE.E;2026-02-27;0.47;0.57;-17.54;0;0;0;0;0;0;0;0;0;1600;0;;;;;
2026-01-23;O_SISEE0226P39.00;SISE_02/2026_AVRUPA_OPSIYON;D_EQ;SSO;D_EQ_EPP;DE_SISE_EPP;SISE.E;2026-02-27;0.64;0.77;-16.88;0;0;0;0;0;0;0;0;0;1056;0;;;;;
2026-01-23;O_SISEE0226P40.00;SISE_02/2026_AVRUPA_OPSIYON;D_EQ;SSO;D_EQ_EPP;DE_SISE_EPP;SISE.E;2026-02-27;0.89;1.1;-19.09;0;0;0;0;0;0;0;0;0;2130;0;;;;;
2026-01-23;O_SISEE0226P41.00;SISE_02/2026_AVRUPA_OPSIYON;D_EQ;SSO;D_EQ_EPP;DE_SISE_EPP;SISE.E;2026-02-27;1.26;1.53;-17.65;0;0;0;0;0;0;0;0;0;150;0;;;;;
2026-01-23;O_SISEE0226P42.00;SISE_02/2026_AVRUPA_OPSIYON;D_EQ;SSO;D_EQ_EPP;DE_SISE_EPP;SISE.E;2026-02-27;1.73;2.07;-16.43;1.65;1.65;1.65;1.65;1.65;21000;825;5;1;5;5;;;;;
2026-01-23;O_SISEE0226P43.00;SISE_02/2026_AVRUPA_OPSIYON;D_EQ;SSO;D_EQ_EPP;DE_SISE_EPP;SISE.E;2026-02-27;2.31;2.7;-14.44;0;0;0;0;0;0;0;0;0;100;0;;;;;
2026-01-23;O_SISEE0226P44.00;SISE_02/2026_AVRUPA_OPSIYON;D_EQ;SSO;D_EQ_EPP;DE_SISE_EPP;SISE.E;2026-02-27;2.98;3.45;-13.62;0;0;0;0;0;0;0;0;0;100;0;;;;;
2026-01-23;O_SISEE0226P45.00;SISE_02/2026_AVRUPA_OPSIYON;D_EQ;SSO;D_EQ_EPP;DE_SISE_EPP;SISE.E;2026-02-27;3.77;4.27;-11.71;0;0;0;0;0;0;0;0;0;0;0;;;;;
2026-01-23;O_SISEE0226P46.00;SISE_02/2026_AVRUPA_OPSIYON;D_EQ;SSO;D_EQ_EPP;DE_SISE_EPP;SISE.E;2026-02-27;4.61;5.12;-9.96;0;0;0;0;0;0;0;0;0;0;0;;;;;
2026-01-23;O_SISEE0326C40.00;SISE_03/2026_AVRUPA_OPSIYON;D_EQ;SSO;D_EQ_ECP;DE_SISE_ECP;SISE.E;2026-03-31;4.46;4;11.5;0;0;0;0;0;0;0;0;0;0;0;;;;;
2026-01-23;O_SISEE0326C41.00;SISE_03/2026_AVRUPA_OPSIYON;D_EQ;SSO;D_EQ_ECP;DE_SISE_ECP;SISE.E;2026-03-31;3.74;3.35;11.64;0;0;0;0;0;0;0;0;0;1950;0;;;;;
2026-01-23;O_SISEE0326C42.00;SISE_03/2026_AVRUPA_OPSIYON;D_EQ;SSO;D_EQ_ECP;DE_SISE_ECP;SISE.E;2026-03-31;3.14;2.79;12.54;0;0;0;0;0;0;0;0;0;0;0;;;;;
2026-01-23;O_SISEE0326C43.00;SISE_03/2026_AVRUPA_OPSIYON;D_EQ;SSO;D_EQ_ECP;DE_SISE_ECP;SISE.E;2026-03-31;2.61;2.31;12.99;0;0;0;0;0;0;0;0;0;0;0;;;;;
2026-01-23;O_SISEE0326C44.00;SISE_03/2026_AVRUPA_OPSIYON;D_EQ;SSO;D_EQ_ECP;DE_SISE_ECP;SISE.E;2026-03-31;2.17;1.92;13.02;0;0;0;0;0;0;0;0;0;0;0;;;;;
2026-01-23;O_SISEE0326C45.00;SISE_03/2026_AVRUPA_OPSIYON;D_EQ;SSO;D_EQ_ECP;DE_SISE_ECP;SISE.E;2026-03-31;1.8;1.61;11.8;0;0;0;0;0;0;0;0;0;0;0;;;;;
2026-01-23;O_SISEE0326C46.00;SISE_03/2026_AVRUPA_OPSIYON;D_EQ;SSO;D_EQ_ECP;DE_SISE_ECP;SISE.E;2026-03-31;1.54;1.41;9.22;0;0;0;0;0;0;0;0;0;0;0;;;;;
2026-01-23;O_SISEE0326C47.00;SISE_03/2026_AVRUPA_OPSIYON;D_EQ;SSO;D_EQ_ECP;DE_SISE_ECP;SISE.E;2026-03-31;1.35;1.25;8;0;0;0;0;0;0;0;0;0;0;0;;;;;
2026-01-23;O_SISEE0326C48.00;SISE_03/2026_AVRUPA_OPSIYON;D_EQ;SSO;D_EQ_ECP;DE_SISE_ECP;SISE.E;2026-03-31;1.2;1.12;7.14;0;0;0;0;0;0;0;0;0;0;0;;;;;
2026-01-23;O_SISEE0326C49.00;SISE_03/2026_AVRUPA_OPSIYON;D_EQ;SSO;D_EQ_ECP;DE_SISE_ECP;SISE.E;2026-03-31;1.08;1.01;6.93;0;0;0;0;0;0;0;0;0;0;0;;;;;
2026-01-23;O_SISEE0326P35.00;SISE_03/2026_AVRUPA_OPSIYON;D_EQ;SSO;D_EQ_EPP;DE_SISE_EPP;SISE.E;2026-03-31;0.36;0.4;-10;0;0;0;0;0;0;0;0;0;0;0;;;;;
2026-01-23;O_SISEE0326P36.00;SISE_03/2026_AVRUPA_OPSIYON;D_EQ;SSO;D_EQ_EPP;DE_SISE_EPP;SISE.E;2026-03-31;0.44;0.49;-10.2;0;0;0;0;0;0;0;0;0;0;0;;;;;
2026-01-23;O_SISEE0326P37.00;SISE_03/2026_AVRUPA_OPSIYON;D_EQ;SSO;D_EQ_EPP;DE_SISE_EPP;SISE.E;2026-03-31;0.53;0.59;-10.17;0;0;0;0;0;0;0;0;0;0;0;;;;;
2026-01-23;O_SISEE0326P38.00;SISE_03/2026_AVRUPA_OPSIYON;D_EQ;SSO;D_EQ_EPP;DE_SISE_EPP;SISE.E;2026-03-31;0.64;0.72;-11.11;0;0;0;0;0;0;0;0;0;0;0;;;;;
2026-01-23;O_SISEE0326P39.00;SISE_03/2026_AVRUPA_OPSIYON;D_EQ;SSO;D_EQ_EPP;DE_SISE_EPP;SISE.E;2026-03-31;0.78;0.87;-10.34;0;0;0;0;0;0;0;0;0;0;0;;;;;
2026-01-23;O_SISEE0326P40.00;SISE_03/2026_AVRUPA_OPSIYON;D_EQ;SSO;D_EQ_EPP;DE_SISE_EPP;SISE.E;2026-03-31;0.94;1.05;-10.48;0;0;0;0;0;0;0;0;0;0;0;;;;;
2026-01-23;O_SISEE0326P41.00;SISE_03/2026_AVRUPA_OPSIYON;D_EQ;SSO;D_EQ_EPP;DE_SISE_EPP;SISE.E;2026-03-31;1.14;1.32;-13.64;0;0;0;0;0;0;0;0;0;0;0;;;;;
2026-01-23;O_SISEE0326P42.00;SISE_03/2026_AVRUPA_OPSIYON;D_EQ;SSO;D_EQ_EPP;DE_SISE_EPP;SISE.E;2026-03-31;1.46;1.68;-13.1;0;0;0;0;0;0;0;0;0;0;0;;;;;
2026-01-23;O_SISEE0326P43.00;SISE_03/2026_AVRUPA_OPSIYON;D_EQ;SSO;D_EQ_EPP;DE_SISE_EPP;SISE.E;2026-03-31;1.85;2.12;-12.74;0;0;0;0;0;0;0;0;0;0;0;;;;;
2026-01-23;O_SISEE0326P44.00;SISE_03/2026_AVRUPA_OPSIYON;D_EQ;SSO;D_EQ_EPP;DE_SISE_EPP;SISE.E;2026-03-31;2.33;2.64;-11.74;0;0;0;0;0;0;0;0;0;0;0;;;;;
2026-01-23;O_TAVHLE0126C260.00;TAVHL_01/2026_AVRUPA_OPSIYON;D_EQ;SSO;D_EQ_ECP;DE_TAVHL_ECP;TAVHL.E;2026-01-30;71.64;68.41;4.72;0;0;0;0;0;0;0;0;0;0;0;;;;;
2026-01-23;O_TAVHLE0126C270.00;TAVHL_01/2026_AVRUPA_OPSIYON;D_EQ;SSO;D_EQ_ECP;DE_TAVHL_ECP;TAVHL.E;2026-01-30;61.71;58.49;5.51;0;0;0;0;0;0;0;0;0;0;0;;;;;
2026-01-23;O_TAVHLE0126C280.00;TAVHL_01/2026_AVRUPA_OPSIYON;D_EQ;SSO;D_EQ_ECP;DE_TAVHL_ECP;TAVHL.E;2026-01-30;51.79;48.59;6.59;0;0;0;0;0;0;0;0;0;0;0;;;;;
2026-01-23;O_TAVHLE0126C290.00;TAVHL_01/2026_AVRUPA_OPSIYON;D_EQ;SSO;D_EQ_ECP;DE_TAVHL_ECP;TAVHL.E;2026-01-30;41.89;38.76;8.08;0;0;0;0;0;0;0;0;0;26;0;;;;;
2026-01-23;O_TAVHLE0126C300.00;TAVHL_01/2026_AVRUPA_OPSIYON;D_EQ;SSO;D_EQ_ECP;DE_TAVHL_ECP;TAVHL.E;2026-01-30;32.13;29.17;10.15;0;0;0;0;0;0;0;0;0;300;0;;;;;
2026-01-23;O_TAVHLE0126C310.00;TAVHL_01/2026_AVRUPA_OPSIYON;D_EQ;SSO;D_EQ_ECP;DE_TAVHL_ECP;TAVHL.E;2026-01-30;22.81;20.23;12.75;0;0;0;0;0;0;0;0;0;24;0;;;;;
2026-01-23;O_TAVHLE0126C320.00;TAVHL_01/2026_AVRUPA_OPSIYON;D_EQ;SSO;D_EQ_ECP;DE_TAVHL_ECP;TAVHL.E;2026-01-30;14.55;12.62;15.29;12.9;11.63;12.9;11.96;12.35;1280000;49390;40;4;424;0;;;;;
2026-01-23;O_TAVHLE0126C330.00;TAVHL_01/2026_AVRUPA_OPSIYON;D_EQ;SSO;D_EQ_ECP;DE_TAVHL_ECP;TAVHL.E;2026-01-30;8.11;6.93;17.03;6.75;6.75;6.75;6.75;6.75;990000;20250;30;3;236;0;;;;;
2026-01-23;O_TAVHLE0126C340.00;TAVHL_01/2026_AVRUPA_OPSIYON;D_EQ;SSO;D_EQ_ECP;DE_TAVHL_ECP;TAVHL.E;2026-01-30;3.87;3.31;16.92;2.6;2.6;2.7;2.7;2.63;2040000;15800;60;6;493;0;;;;;
2026-01-23;O_TAVHLE0126C350.00;TAVHL_01/2026_AVRUPA_OPSIYON;D_EQ;SSO;D_EQ_ECP;DE_TAVHL_ECP;TAVHL.E;2026-01-30;1.58;1.39;13.67;0;0;0;0;0;0;0;0;0;168;0;;;;;
2026-01-23;O_TAVHLE0126C360.00;TAVHL_01/2026_AVRUPA_OPSIYON;D_EQ;SSO;D_EQ_ECP;DE_TAVHL_ECP;TAVHL.E;2026-01-30;0.57;0.52;9.62;0;0;0;0;0;0;0;0;0;4;0;;;;;
2026-01-23;O_TAVHLE0126C370.00;TAVHL_01/2026_AVRUPA_OPSIYON;D_EQ;SSO;D_EQ_ECP;DE_TAVHL_ECP;TAVHL.E;2026-01-30;0.18;0.18;0;0;0;0;0;0;0;0;0;0;35;0;;;;;
2026-01-23;O_TAVHLE0126C380.00;TAVHL_01/2026_AVRUPA_OPSIYON;D_EQ;SSO;D_EQ_ECP;DE_TAVHL_ECP;TAVHL.E;2026-01-30;0.05;0.05;0;0;0;0;0;0;0;0;0;0;0;0;;;;;
2026-01-23;O_TAVHLE0126C390.00;TAVHL_01/2026_AVRUPA_OPSIYON;D_EQ;SSO;D_EQ_ECP;DE_TAVHL_ECP;TAVHL.E;2026-01-30;0.01;0.02;-50;0;0;0;0;0;0;0;0;0;0;0;;;;;
2026-01-23;O_TAVHLE0126P230.00;TAVHL_01/2026_AVRUPA_OPSIYON;D_EQ;SSO;D_EQ_EPP;DE_TAVHL_EPP;TAVHL.E;2026-01-30;0.01;0.01;0;0;0;0;0;0;0;0;0;0;0;0;;;;;
2026-01-23;O_TAVHLE0126P235.00;TAVHL_01/2026_AVRUPA_OPSIYON;D_EQ;SSO;D_EQ_EPP;DE_TAVHL_EPP;TAVHL.E;2026-01-30;0.01;0.01;0;0;0;0;0;0;0;0;0;0;5;0;;;;;
2026-01-23;O_TAVHLE0126P240.00;TAVHL_01/2026_AVRUPA_OPSIYON;D_EQ;SSO;D_EQ_EPP;DE_TAVHL_EPP;TAVHL.E;2026-01-30;0.01;0.01;0;0;0;0;0;0;0;0;0;0;0;0;;;;;
2026-01-23;O_TAVHLE0126P245.00;TAVHL_01/2026_AVRUPA_OPSIYON;D_EQ;SSO;D_EQ_EPP;DE_TAVHL_EPP;TAVHL.E;2026-01-30;0.01;0.01;0;0;0;0;0;0;0;0;0;0;0;0;;;;;
2026-01-23;O_TAVHLE0126P250.00;TAVHL_01/2026_AVRUPA_OPSIYON;D_EQ;SSO;D_EQ_EPP;DE_TAVHL_EPP;TAVHL.E;2026-01-30;0.01;0.01;0;0;0;0;0;0;0;0;0;0;0;0;;;;;
2026-01-23;O_TAVHLE0126P260.00;TAVHL_01/2026_AVRUPA_OPSIYON;D_EQ;SSO;D_EQ_EPP;DE_TAVHL_EPP;TAVHL.E;2026-01-30;0.01;0.01;0;0;0;0;0;0;0;0;0;0;50;0;;;;;
2026-01-23;O_TAVHLE0126P270.00;TAVHL_01/2026_AVRUPA_OPSIYON;D_EQ;SSO;D_EQ_EPP;DE_TAVHL_EPP;TAVHL.E;2026-01-30;0.01;0.01;0;0;0;0;0;0;0;0;0;0;50;0;;;;;
2026-01-23;O_TAVHLE0126P280.00;TAVHL_01/2026_AVRUPA_OPSIYON;D_EQ;SSO;D_EQ_EPP;DE_TAVHL_EPP;TAVHL.E;2026-01-30;0.01;0.02;-50;0;0;0;0;0;0;0;0;0;56;0;;;;;
2026-01-23;O_TAVHLE0126P290.00;TAVHL_01/2026_AVRUPA_OPSIYON;D_EQ;SSO;D_EQ_EPP;DE_TAVHL_EPP;TAVHL.E;2026-01-30;0.04;0.1;-60;0;0;0;0;0;0;0;0;0;57;0;;;;;
2026-01-23;O_TAVHLE0126P300.00;TAVHL_01/2026_AVRUPA_OPSIYON;D_EQ;SSO;D_EQ_EPP;DE_TAVHL_EPP;TAVHL.E;2026-01-30;0.21;0.43;-51.16;0;0;0;0;0;0;0;0;0;25;0;;;;;
2026-01-23;O_TAVHLE0126P310.00;TAVHL_01/2026_AVRUPA_OPSIYON;D_EQ;SSO;D_EQ_EPP;DE_TAVHL_EPP;TAVHL.E;2026-01-30;0.81;1.41;-42.55;0;0;0;0;0;0;0;0;0;32;0;;;;;
2026-01-23;O_TAVHLE0126P320.00;TAVHL_01/2026_AVRUPA_OPSIYON;D_EQ;SSO;D_EQ_EPP;DE_TAVHL_EPP;TAVHL.E;2026-01-30;2.47;3.72;-33.6;0;0;0;0;0;0;0;0;0;120;0;;;;;
2026-01-23;O_TAVHLE0126P330.00;TAVHL_01/2026_AVRUPA_OPSIYON;D_EQ;SSO;D_EQ_EPP;DE_TAVHL_EPP;TAVHL.E;2026-01-30;5.96;7.94;-24.94;0;0;0;0;0;0;0;0;0;26;0;;;;;
2026-01-23;O_TAVHLE0126P340.00;TAVHL_01/2026_AVRUPA_OPSIYON;D_EQ;SSO;D_EQ_EPP;DE_TAVHL_EPP;TAVHL.E;2026-01-30;11.66;14.24;-18.12;11.77;11.7;13.44;12;12.02;4964000;175530;146;15;0;-96;;;;;
2026-01-23;O_TAVHLE0226C290.00;TAVHL_02/2026_AVRUPA_OPSIYON;D_EQ;SSO;D_EQ_ECP;DE_TAVHL_ECP;TAVHL.E;2026-02-27;51.77;48.91;5.85;0;0;0;0;0;0;0;0;0;0;0;;;;;
2026-01-23;O_TAVHLE0226C300.00;TAVHL_02/2026_AVRUPA_OPSIYON;D_EQ;SSO;D_EQ_ECP;DE_TAVHL_ECP;TAVHL.E;2026-02-27;43.29;40.63;6.55;0;0;0;0;0;0;0;0;0;28;0;;;;;
2026-01-23;O_TAVHLE0226C310.00;TAVHL_02/2026_AVRUPA_OPSIYON;D_EQ;SSO;D_EQ_ECP;DE_TAVHL_ECP;TAVHL.E;2026-02-27;35.38;32.95;7.37;0;0;0;0;0;0;0;0;0;16;0;;;;;
2026-01-23;O_TAVHLE0226C320.00;TAVHL_02/2026_AVRUPA_OPSIYON;D_EQ;SSO;D_EQ_ECP;DE_TAVHL_ECP;TAVHL.E;2026-02-27;28.17;26.03;8.22;0;0;0;0;0;0;0;0;0;19;0;;;;;
2026-01-23;O_TAVHLE0226C330.00;TAVHL_02/2026_AVRUPA_OPSIYON;D_EQ;SSO;D_EQ_ECP;DE_TAVHL_ECP;TAVHL.E;2026-02-27;21.88;20.09;8.91;0;0;0;0;0;0;0;0;0;38;0;;;;;
2026-01-23;O_TAVHLE0226C340.00;TAVHL_02/2026_AVRUPA_OPSIYON;D_EQ;SSO;D_EQ_ECP;DE_TAVHL_ECP;TAVHL.E;2026-02-27;16.58;15.13;9.58;0;0;0;0;0;0;0;0;0;18;0;;;;;
2026-01-23;O_TAVHLE0226C350.00;TAVHL_02/2026_AVRUPA_OPSIYON;D_EQ;SSO;D_EQ_ECP;DE_TAVHL_ECP;TAVHL.E;2026-02-27;12.29;11.16;10.13;0;0;0;0;0;0;0;0;0;0;0;;;;;
2026-01-23;O_TAVHLE0226C360.00;TAVHL_02/2026_AVRUPA_OPSIYON;D_EQ;SSO;D_EQ_ECP;DE_TAVHL_ECP;TAVHL.E;2026-02-27;8.92;8.1;10.12;0;0;0;0;0;0;0;0;0;0;0;;;;;
2026-01-23;O_TAVHLE0226C370.00;TAVHL_02/2026_AVRUPA_OPSIYON;D_EQ;SSO;D_EQ_ECP;DE_TAVHL_ECP;TAVHL.E;2026-02-27;6.45;5.85;10.26;0;0;0;0;0;0;0;0;0;0;0;;;;;
2026-01-23;O_TAVHLE0226C380.00;TAVHL_02/2026_AVRUPA_OPSIYON;D_EQ;SSO;D_EQ_ECP;DE_TAVHL_ECP;TAVHL.E;2026-02-27;4.61;4.17;10.55;0;0;0;0;0;0;0;0;0;5;0;;;;;
2026-01-23;O_TAVHLE0226C390.00;TAVHL_02/2026_AVRUPA_OPSIYON;D_EQ;SSO;D_EQ_ECP;DE_TAVHL_ECP;TAVHL.E;2026-02-27;3.25;2.94;10.54;0;0;0;0;0;0;0;0;0;0;0;;;;;
2026-01-23;O_TAVHLE0226C400.00;TAVHL_02/2026_AVRUPA_OPSIYON;D_EQ;SSO;D_EQ_ECP;DE_TAVHL_ECP;TAVHL.E;2026-02-27;2.28;2.06;10.68;0;0;0;0;0;0;0;0;0;0;0;;;;;
2026-01-23;O_TAVHLE0226P245.00;TAVHL_02/2026_AVRUPA_OPSIYON;D_EQ;SSO;D_EQ_EPP;DE_TAVHL_EPP;TAVHL.E;2026-02-27;0.07;0.09;-22.22;0;0;0;0;0;0;0;0;0;0;0;;;;;
2026-01-23;O_TAVHLE0226P250.00;TAVHL_02/2026_AVRUPA_OPSIYON;D_EQ;SSO;D_EQ_EPP;DE_TAVHL_EPP;TAVHL.E;2026-02-27;0.1;0.14;-28.57;0;0;0;0;0;0;0;0;0;0;0;;;;;
2026-01-23;O_TAVHLE0226P260.00;TAVHL_02/2026_AVRUPA_OPSIYON;D_EQ;SSO;D_EQ_EPP;DE_TAVHL_EPP;TAVHL.E;2026-02-27;0.23;0.3;-23.33;0;0;0;0;0;0;0;0;0;20;0;;;;;
2026-01-23;O_TAVHLE0226P270.00;TAVHL_02/2026_AVRUPA_OPSIYON;D_EQ;SSO;D_EQ_EPP;DE_TAVHL_EPP;TAVHL.E;2026-02-27;0.47;0.6;-21.67;0;0;0;0;0;0;0;0;0;30;0;;;;;
2026-01-23;O_TAVHLE0226P280.00;TAVHL_02/2026_AVRUPA_OPSIYON;D_EQ;SSO;D_EQ_EPP;DE_TAVHL_EPP;TAVHL.E;2026-02-27;0.91;1.13;-19.47;0;0;0;0;0;0;0;0;0;0;0;;;;;
2026-01-23;O_TAVHLE0226P290.00;TAVHL_02/2026_AVRUPA_OPSIYON;D_EQ;SSO;D_EQ_EPP;DE_TAVHL_EPP;TAVHL.E;2026-02-27;1.64;2;-18;0;0;0;0;0;0;0;0;0;33;0;;;;;
2026-01-23;O_TAVHLE0226P300.00;TAVHL_02/2026_AVRUPA_OPSIYON;D_EQ;SSO;D_EQ_EPP;DE_TAVHL_EPP;TAVHL.E;2026-02-27;2.81;3.34;-15.87;0;0;0;0;0;0;0;0;0;18;0;;;;;
2026-01-23;O_TAVHLE0226P310.00;TAVHL_02/2026_AVRUPA_OPSIYON;D_EQ;SSO;D_EQ_EPP;DE_TAVHL_EPP;TAVHL.E;2026-02-27;4.54;5.3;-14.34;0;0;0;0;0;0;0;0;0;0;0;;;;;
2026-01-23;O_TAVHLE0226P320.00;TAVHL_02/2026_AVRUPA_OPSIYON;D_EQ;SSO;D_EQ_EPP;DE_TAVHL_EPP;TAVHL.E;2026-02-27;6.97;8.01;-12.98;0;0;0;0;0;0;0;0;0;10;0;;;;;
2026-01-23;O_TAVHLE0226P330.00;TAVHL_02/2026_AVRUPA_OPSIYON;D_EQ;SSO;D_EQ_EPP;DE_TAVHL_EPP;TAVHL.E;2026-02-27;10.32;11.7;-11.79;0;0;0;0;0;0;0;0;0;0;0;;;;;
2026-01-23;O_TAVHLE0226P340.00;TAVHL_02/2026_AVRUPA_OPSIYON;D_EQ;SSO;D_EQ_EPP;DE_TAVHL_EPP;TAVHL.E;2026-02-27;14.67;16.37;-10.38;0;0;0;0;0;0;0;0;0;20;0;;;;;
2026-01-23;O_TAVHLE0226P350.00;TAVHL_02/2026_AVRUPA_OPSIYON;D_EQ;SSO;D_EQ_EPP;DE_TAVHL_EPP;TAVHL.E;2026-02-27;20.02;22.03;-9.12;0;0;0;0;0;0;0;0;0;18;0;;;;;
2026-01-23;O_TAVHLE0326C310.00;TAVHL_03/2026_AVRUPA_OPSIYON;D_EQ;SSO;D_EQ_ECP;DE_TAVHL_ECP;TAVHL.E;2026-03-31;50.51;47.98;5.27;0;0;0;0;0;0;0;0;0;0;0;;;;;
2026-01-23;O_TAVHLE0326C320.00;TAVHL_03/2026_AVRUPA_OPSIYON;D_EQ;SSO;D_EQ_ECP;DE_TAVHL_ECP;TAVHL.E;2026-03-31;43.41;41.05;5.75;0;0;0;0;0;0;0;0;0;0;0;;;;;
2026-01-23;O_TAVHLE0326C330.00;TAVHL_03/2026_AVRUPA_OPSIYON;D_EQ;SSO;D_EQ_ECP;DE_TAVHL_ECP;TAVHL.E;2026-03-31;36.83;34.66;6.26;0;0;0;0;0;0;0;0;0;0;0;;;;;
2026-01-23;O_TAVHLE0326C340.00;TAVHL_03/2026_AVRUPA_OPSIYON;D_EQ;SSO;D_EQ_ECP;DE_TAVHL_ECP;TAVHL.E;2026-03-31;30.89;28.99;6.55;0;0;0;0;0;0;0;0;0;0;0;;;;;
2026-01-23;O_TAVHLE0326C350.00;TAVHL_03/2026_AVRUPA_OPSIYON;D_EQ;SSO;D_EQ_ECP;DE_TAVHL_ECP;TAVHL.E;2026-03-31;25.67;24;6.96;0;0;0;0;0;0;0;0;0;0;0;;;;;
2026-01-23;O_TAVHLE0326C360.00;TAVHL_03/2026_AVRUPA_OPSIYON;D_EQ;SSO;D_EQ_ECP;DE_TAVHL_ECP;TAVHL.E;2026-03-31;21.16;19.74;7.19;0;0;0;0;0;0;0;0;0;0;0;;;;;
2026-01-23;O_TAVHLE0326C370.00;TAVHL_03/2026_AVRUPA_OPSIYON;D_EQ;SSO;D_EQ_ECP;DE_TAVHL_ECP;TAVHL.E;2026-03-31;17.29;16.12;7.26;0;0;0;0;0;0;0;0;0;0;0;;;;;
2026-01-23;O_TAVHLE0326C380.00;TAVHL_03/2026_AVRUPA_OPSIYON;D_EQ;SSO;D_EQ_ECP;DE_TAVHL_ECP;TAVHL.E;2026-03-31;14.18;13.22;7.26;0;0;0;0;0;0;0;0;0;0;0;;;;;
2026-01-23;O_TAVHLE0326C390.00;TAVHL_03/2026_AVRUPA_OPSIYON;D_EQ;SSO;D_EQ_ECP;DE_TAVHL_ECP;TAVHL.E;2026-03-31;11.61;10.8;7.5;0;0;0;0;0;0;0;0;0;0;0;;;;;
2026-01-23;O_TAVHLE0326C400.00;TAVHL_03/2026_AVRUPA_OPSIYON;D_EQ;SSO;D_EQ_ECP;DE_TAVHL_ECP;TAVHL.E;2026-03-31;9.47;8.8;7.61;0;0;0;0;0;0;0;0;0;0;0;;;;;
2026-01-23;O_TAVHLE0326C410.00;TAVHL_03/2026_AVRUPA_OPSIYON;D_EQ;SSO;D_EQ_ECP;DE_TAVHL_ECP;TAVHL.E;2026-03-31;7.71;7.16;7.68;0;0;0;0;0;0;0;0;0;0;0;;;;;
2026-01-23;O_TAVHLE0326P260.00;TAVHL_03/2026_AVRUPA_OPSIYON;D_EQ;SSO;D_EQ_EPP;DE_TAVHL_EPP;TAVHL.E;2026-03-31;0.75;0.87;-13.79;0;0;0;0;0;0;0;0;0;0;0;;;;;
2026-01-23;O_TAVHLE0326P270.00;TAVHL_03/2026_AVRUPA_OPSIYON;D_EQ;SSO;D_EQ_EPP;DE_TAVHL_EPP;TAVHL.E;2026-03-31;1.21;1.38;-12.32;0;0;0;0;0;0;0;0;0;0;0;;;;;
2026-01-23;O_TAVHLE0326P280.00;TAVHL_03/2026_AVRUPA_OPSIYON;D_EQ;SSO;D_EQ_EPP;DE_TAVHL_EPP;TAVHL.E;2026-03-31;1.86;2.11;-11.85;0;0;0;0;0;0;0;0;0;0;0;;;;;
2026-01-23;O_TAVHLE0326P290.00;TAVHL_03/2026_AVRUPA_OPSIYON;D_EQ;SSO;D_EQ_EPP;DE_TAVHL_EPP;TAVHL.E;2026-03-31;2.78;3.13;-11.18;0;0;0;0;0;0;0;0;0;0;0;;;;;
2026-01-23;O_TAVHLE0326P300.00;TAVHL_03/2026_AVRUPA_OPSIYON;D_EQ;SSO;D_EQ_EPP;DE_TAVHL_EPP;TAVHL.E;2026-03-31;4.03;4.49;-10.24;0;0;0;0;0;0;0;0;0;0;0;;;;;
2026-01-23;O_TAVHLE0326P310.00;TAVHL_03/2026_AVRUPA_OPSIYON;D_EQ;SSO;D_EQ_EPP;DE_TAVHL_EPP;TAVHL.E;2026-03-31;5.66;6.27;-9.73;0;0;0;0;0;0;0;0;0;0;0;;;;;
2026-01-23;O_TAVHLE0326P320.00;TAVHL_03/2026_AVRUPA_OPSIYON;D_EQ;SSO;D_EQ_EPP;DE_TAVHL_EPP;TAVHL.E;2026-03-31;7.75;8.52;-9.04;0;0;0;0;0;0;0;0;0;0;0;;;;;
2026-01-23;O_TAVHLE0326P330.00;TAVHL_03/2026_AVRUPA_OPSIYON;D_EQ;SSO;D_EQ_EPP;DE_TAVHL_EPP;TAVHL.E;2026-03-31;10.36;11.31;-8.4;0;0;0;0;0;0;0;0;0;0;0;;;;;
2026-01-23;O_TAVHLE0326P340.00;TAVHL_03/2026_AVRUPA_OPSIYON;D_EQ;SSO;D_EQ_EPP;DE_TAVHL_EPP;TAVHL.E;2026-03-31;13.61;14.82;-8.16;0;0;0;0;0;0;0;0;0;0;0;;;;;
2026-01-23;O_TAVHLE0326P350.00;TAVHL_03/2026_AVRUPA_OPSIYON;D_EQ;SSO;D_EQ_EPP;DE_TAVHL_EPP;TAVHL.E;2026-03-31;17.58;19.01;-7.52;0;0;0;0;0;0;0;0;0;0;0;;;;;
2026-01-23;O_TAVHLE0326P360.00;TAVHL_03/2026_AVRUPA_OPSIYON;D_EQ;SSO;D_EQ_EPP;DE_TAVHL_EPP;TAVHL.E;2026-03-31;22.26;23.92;-6.94;0;0;0;0;0;0;0;0;0;0;0;;;;;
2026-01-23;O_TCELLE0126C100.00;TCELL_01/2026_AVRUPA_OPSIYON;D_EQ;SSO;D_EQ_ECP;DE_TCELL_ECP;TCELL.E;2026-01-30;13.55;12.98;4.39;12.99;12.99;12.99;12.99;12.99;90000;11691;9;1;1675;0;;;;;
2026-01-23;O_TCELLE0126C105.00;TCELL_01/2026_AVRUPA_OPSIYON;D_EQ;SSO;D_EQ_ECP;DE_TCELL_ECP;TCELL.E;2026-01-30;8.75;8.27;5.8;8.9;8.7;8.9;8.8;8.8;42000;3520;4;4;1090;0;;;;;
2026-01-23;O_TCELLE0126C110.00;TCELL_01/2026_AVRUPA_OPSIYON;D_EQ;SSO;D_EQ_ECP;DE_TCELL_ECP;TCELL.E;2026-01-30;4.56;4.27;6.79;4.55;3.67;5.5;3.73;4.1;3850000;143625;350;10;1780;0;;;;;
2026-01-23;O_TCELLE0126C115.00;TCELL_01/2026_AVRUPA_OPSIYON;D_EQ;SSO;D_EQ_ECP;DE_TCELL_ECP;TCELL.E;2026-01-30;1.75;1.68;4.17;1.68;1.26;1.68;1.26;1.5;1345500;17556;117;2;750;-67;;;;;
2026-01-23;O_TCELLE0126C120.00;TCELL_01/2026_AVRUPA_OPSIYON;D_EQ;SSO;D_EQ_ECP;DE_TCELL_ECP;TCELL.E;2026-01-30;0.49;0.5;-2;0;0;0;0;0;0;0;0;0;172;0;;;;;
2026-01-23;O_TCELLE0126C125.00;TCELL_01/2026_AVRUPA_OPSIYON;D_EQ;SSO;D_EQ_ECP;DE_TCELL_ECP;TCELL.E;2026-01-30;0.11;0.13;-15.38;0;0;0;0;0;0;0;0;0;0;0;;;;;
2026-01-23;O_TCELLE0126C130.00;TCELL_01/2026_AVRUPA_OPSIYON;D_EQ;SSO;D_EQ_ECP;DE_TCELL_ECP;TCELL.E;2026-01-30;0.02;0.03;-33.33;0;0;0;0;0;0;0;0;0;0;0;;;;;
2026-01-23;O_TCELLE0126C135.00;TCELL_01/2026_AVRUPA_OPSIYON;D_EQ;SSO;D_EQ_ECP;DE_TCELL_ECP;TCELL.E;2026-01-30;0.01;0.01;0;0;0;0;0;0;0;0;0;0;0;0;;;;;
2026-01-23;O_TCELLE0126C140.00;TCELL_01/2026_AVRUPA_OPSIYON;D_EQ;SSO;D_EQ_ECP;DE_TCELL_ECP;TCELL.E;2026-01-30;0.01;0.01;0;0;0;0;0;0;0;0;0;0;0;0;;;;;
2026-01-23;O_TCELLE0126C145.00;TCELL_01/2026_AVRUPA_OPSIYON;D_EQ;SSO;D_EQ_ECP;DE_TCELL_ECP;TCELL.E;2026-01-30;0.01;;0;0;0;0;0;0;0;0;0;0;0;0;;;;;
2026-01-23;O_TCELLE0126C94.00;TCELL_01/2026_AVRUPA_OPSIYON;D_EQ;SSO;D_EQ_ECP;DE_TCELL_ECP;TCELL.E;2026-01-30;19.48;18.88;3.18;0;0;0;0;0;0;0;0;0;0;0;;;;;
2026-01-23;O_TCELLE0126C96.00;TCELL_01/2026_AVRUPA_OPSIYON;D_EQ;SSO;D_EQ_ECP;DE_TCELL_ECP;TCELL.E;2026-01-30;17.5;16.9;3.55;0;0;0;0;0;0;0;0;0;43;0;;;;;
2026-01-23;O_TCELLE0126C98.00;TCELL_01/2026_AVRUPA_OPSIYON;D_EQ;SSO;D_EQ_ECP;DE_TCELL_ECP;TCELL.E;2026-01-30;15.52;14.93;3.95;0;0;0;0;0;0;0;0;0;22;0;;;;;
2026-01-23;O_TCELLE0126P100.00;TCELL_01/2026_AVRUPA_OPSIYON;D_EQ;SSO;D_EQ_EPP;DE_TCELL_EPP;TCELL.E;2026-01-30;0.02;0.05;-60;0;0;0;0;0;0;0;0;0;380;0;;;;;
2026-01-23;O_TCELLE0126P105.00;TCELL_01/2026_AVRUPA_OPSIYON;D_EQ;SSO;D_EQ_EPP;DE_TCELL_EPP;TCELL.E;2026-01-30;0.19;0.3;-36.67;0;0;0;0;0;0;0;0;0;1200;0;;;;;
2026-01-23;O_TCELLE0126P110.00;TCELL_01/2026_AVRUPA_OPSIYON;D_EQ;SSO;D_EQ_EPP;DE_TCELL_EPP;TCELL.E;2026-01-30;0.96;1.26;-23.81;0;0;0;0;0;0;0;0;0;56;0;;;;;
2026-01-23;O_TCELLE0126P115.00;TCELL_01/2026_AVRUPA_OPSIYON;D_EQ;SSO;D_EQ_EPP;DE_TCELL_EPP;TCELL.E;2026-01-30;3.12;3.62;-13.81;2.25;2.25;2.25;2.25;2.25;862500;16875;75;3;75;75;;;;;
2026-01-23;O_TCELLE0126P120.00;TCELL_01/2026_AVRUPA_OPSIYON;D_EQ;SSO;D_EQ_EPP;DE_TCELL_EPP;TCELL.E;2026-01-30;6.82;;0;6.71;6.71;6.71;6.71;6.71;300000;16775;25;1;0;0;;;;;
2026-01-23;O_TCELLE0126P84.00;TCELL_01/2026_AVRUPA_OPSIYON;D_EQ;SSO;D_EQ_EPP;DE_TCELL_EPP;TCELL.E;2026-01-30;0.01;0.01;0;0;0;0;0;0;0;0;0;0;0;0;;;;;
2026-01-23;O_TCELLE0126P86.00;TCELL_01/2026_AVRUPA_OPSIYON;D_EQ;SSO;D_EQ_EPP;DE_TCELL_EPP;TCELL.E;2026-01-30;0.01;0.01;0;0;0;0;0;0;0;0;0;0;0;0;;;;;
2026-01-23;O_TCELLE0126P88.00;TCELL_01/2026_AVRUPA_OPSIYON;D_EQ;SSO;D_EQ_EPP;DE_TCELL_EPP;TCELL.E;2026-01-30;0.01;0.01;0;0;0;0;0;0;0;0;0;0;273;0;;;;;
2026-01-23;O_TCELLE0126P90.00;TCELL_01/2026_AVRUPA_OPSIYON;D_EQ;SSO;D_EQ_EPP;DE_TCELL_EPP;TCELL.E;2026-01-30;0.01;0.01;0;0;0;0;0;0;0;0;0;0;138;0;;;;;
2026-01-23;O_TCELLE0126P92.00;TCELL_01/2026_AVRUPA_OPSIYON;D_EQ;SSO;D_EQ_EPP;DE_TCELL_EPP;TCELL.E;2026-01-30;0.01;0.01;0;0;0;0;0;0;0;0;0;0;130;0;;;;;
2026-01-23;O_TCELLE0126P94.00;TCELL_01/2026_AVRUPA_OPSIYON;D_EQ;SSO;D_EQ_EPP;DE_TCELL_EPP;TCELL.E;2026-01-30;0.01;0.01;0;0;0;0;0;0;0;0;0;0;132;0;;;;;
2026-01-23;O_TCELLE0126P96.00;TCELL_01/2026_AVRUPA_OPSIYON;D_EQ;SSO;D_EQ_EPP;DE_TCELL_EPP;TCELL.E;2026-01-30;0.01;0.01;0;0;0;0;0;0;0;0;0;0;319;0;;;;;
2026-01-23;O_TCELLE0126P98.00;TCELL_01/2026_AVRUPA_OPSIYON;D_EQ;SSO;D_EQ_EPP;DE_TCELL_EPP;TCELL.E;2026-01-30;0.01;0.02;-50;0;0;0;0;0;0;0;0;0;1360;0;;;;;
2026-01-23;O_TCELLE0226C100.00;TCELL_02/2026_AVRUPA_OPSIYON;D_EQ;SSO;D_EQ_ECP;DE_TCELL_ECP;TCELL.E;2026-02-27;17.12;16.6;3.13;0;0;0;0;0;0;0;0;0;0;0;;;;;
2026-01-23;O_TCELLE0226C105.00;TCELL_02/2026_AVRUPA_OPSIYON;D_EQ;SSO;D_EQ_ECP;DE_TCELL_ECP;TCELL.E;2026-02-27;12.97;12.51;3.68;0;0;0;0;0;0;0;0;0;10;0;;;;;
2026-01-23;O_TCELLE0226C110.00;TCELL_02/2026_AVRUPA_OPSIYON;D_EQ;SSO;D_EQ_ECP;DE_TCELL_ECP;TCELL.E;2026-02-27;9.25;8.87;4.28;8;8;8;8;8;11000;800;1;1;20;1;;;;;
2026-01-23;O_TCELLE0226C115.00;TCELL_02/2026_AVRUPA_OPSIYON;D_EQ;SSO;D_EQ_ECP;DE_TCELL_ECP;TCELL.E;2026-02-27;6.24;5.98;4.35;5.13;5.13;5.13;5.13;5.13;11500;513;1;1;534;1;;;;;
2026-01-23;O_TCELLE0226C120.00;TCELL_02/2026_AVRUPA_OPSIYON;D_EQ;SSO;D_EQ_ECP;DE_TCELL_ECP;TCELL.E;2026-02-27;4.02;3.85;4.42;2.91;2.91;2.91;2.91;2.91;12000;291;1;1;3200;0;;;;;
2026-01-23;O_TCELLE0226C125.00;TCELL_02/2026_AVRUPA_OPSIYON;D_EQ;SSO;D_EQ_ECP;DE_TCELL_ECP;TCELL.E;2026-02-27;2.56;2.47;3.64;1.53;1.5;1.55;1.5;1.53;50000;611;4;4;4;4;;;;;
2026-01-23;O_TCELLE0226C130.00;TCELL_02/2026_AVRUPA_OPSIYON;D_EQ;SSO;D_EQ_ECP;DE_TCELL_ECP;TCELL.E;2026-02-27;1.66;1.62;2.47;0;0;0;0;0;0;0;0;0;0;0;;;;;
2026-01-23;O_TCELLE0226C135.00;TCELL_02/2026_AVRUPA_OPSIYON;D_EQ;SSO;D_EQ_ECP;DE_TCELL_ECP;TCELL.E;2026-02-27;1.09;1.07;1.87;0;0;0;0;0;0;0;0;0;0;0;;;;;
2026-01-23;O_TCELLE0226C140.00;TCELL_02/2026_AVRUPA_OPSIYON;D_EQ;SSO;D_EQ_ECP;DE_TCELL_ECP;TCELL.E;2026-02-27;0.72;0.71;1.41;0;0;0;0;0;0;0;0;0;0;0;;;;;
2026-01-23;O_TCELLE0226C145.00;TCELL_02/2026_AVRUPA_OPSIYON;D_EQ;SSO;D_EQ_ECP;DE_TCELL_ECP;TCELL.E;2026-02-27;0.49;0.48;2.08;0;0;0;0;0;0;0;0;0;0;0;;;;;
2026-01-23;O_TCELLE0226C96.00;TCELL_02/2026_AVRUPA_OPSIYON;D_EQ;SSO;D_EQ_ECP;DE_TCELL_ECP;TCELL.E;2026-02-27;20.65;20.1;2.74;0;0;0;0;0;0;0;0;0;2;0;;;;;
2026-01-23;O_TCELLE0226C98.00;TCELL_02/2026_AVRUPA_OPSIYON;D_EQ;SSO;D_EQ_ECP;DE_TCELL_ECP;TCELL.E;2026-02-27;18.87;18.33;2.95;0;0;0;0;0;0;0;0;0;11;0;;;;;
2026-01-23;O_TCELLE0226P100.00;TCELL_02/2026_AVRUPA_OPSIYON;D_EQ;SSO;D_EQ_EPP;DE_TCELL_EPP;TCELL.E;2026-02-27;0.74;0.82;-9.76;0;0;0;0;0;0;0;0;0;10;0;;;;;
2026-01-23;O_TCELLE0226P105.00;TCELL_02/2026_AVRUPA_OPSIYON;D_EQ;SSO;D_EQ_EPP;DE_TCELL_EPP;TCELL.E;2026-02-27;1.41;1.55;-9.03;0.9;0.9;1;1;0.93;157500;1400;15;2;16;15;;;;;
2026-01-23;O_TCELLE0226P110.00;TCELL_02/2026_AVRUPA_OPSIYON;D_EQ;SSO;D_EQ_EPP;DE_TCELL_EPP;TCELL.E;2026-02-27;2.51;2.73;-8.06;0;0;0;0;0;0;0;0;0;0;0;;;;;
2026-01-23;O_TCELLE0226P115.00;TCELL_02/2026_AVRUPA_OPSIYON;D_EQ;SSO;D_EQ_EPP;DE_TCELL_EPP;TCELL.E;2026-02-27;4.33;4.65;-6.88;0;0;0;0;0;0;0;0;0;60;0;;;;;
2026-01-23;O_TCELLE0226P120.00;TCELL_02/2026_AVRUPA_OPSIYON;D_EQ;SSO;D_EQ_EPP;DE_TCELL_EPP;TCELL.E;2026-02-27;6.93;7.34;-5.59;0;0;0;0;0;0;0;0;0;0;0;;;;;
2026-01-23;O_TCELLE0226P86.00;TCELL_02/2026_AVRUPA_OPSIYON;D_EQ;SSO;D_EQ_EPP;DE_TCELL_EPP;TCELL.E;2026-02-27;0.08;0.09;-11.11;0;0;0;0;0;0;0;0;0;450;0;;;;;
2026-01-23;O_TCELLE0226P88.00;TCELL_02/2026_AVRUPA_OPSIYON;D_EQ;SSO;D_EQ_EPP;DE_TCELL_EPP;TCELL.E;2026-02-27;0.12;0.13;-7.69;0;0;0;0;0;0;0;0;0;642;0;;;;;
2026-01-23;O_TCELLE0226P90.00;TCELL_02/2026_AVRUPA_OPSIYON;D_EQ;SSO;D_EQ_EPP;DE_TCELL_EPP;TCELL.E;2026-02-27;0.16;0.19;-15.79;0;0;0;0;0;0;0;0;0;100;0;;;;;
2026-01-23;O_TCELLE0226P92.00;TCELL_02/2026_AVRUPA_OPSIYON;D_EQ;SSO;D_EQ_EPP;DE_TCELL_EPP;TCELL.E;2026-02-27;0.23;0.26;-11.54;0;0;0;0;0;0;0;0;0;0;0;;;;;
2026-01-23;O_TCELLE0226P94.00;TCELL_02/2026_AVRUPA_OPSIYON;D_EQ;SSO;D_EQ_EPP;DE_TCELL_EPP;TCELL.E;2026-02-27;0.31;0.35;-11.43;0;0;0;0;0;0;0;0;0;369;0;;;;;
2026-01-23;O_TCELLE0226P96.00;TCELL_02/2026_AVRUPA_OPSIYON;D_EQ;SSO;D_EQ_EPP;DE_TCELL_EPP;TCELL.E;2026-02-27;0.42;0.47;-10.64;0;0;0;0;0;0;0;0;0;352;0;;;;;
2026-01-23;O_TCELLE0226P98.00;TCELL_02/2026_AVRUPA_OPSIYON;D_EQ;SSO;D_EQ_EPP;DE_TCELL_EPP;TCELL.E;2026-02-27;0.56;0.63;-11.11;0;0;0;0;0;0;0;0;0;1;0;;;;;
2026-01-23;O_TCELLE0326C100.00;TCELL_03/2026_AVRUPA_OPSIYON;D_EQ;SSO;D_EQ_ECP;DE_TCELL_ECP;TCELL.E;2026-03-31;22.14;21.63;2.36;0;0;0;0;0;0;0;0;0;0;0;;;;;
2026-01-23;O_TCELLE0326C105.00;TCELL_03/2026_AVRUPA_OPSIYON;D_EQ;SSO;D_EQ_ECP;DE_TCELL_ECP;TCELL.E;2026-03-31;18.21;17.74;2.65;0;0;0;0;0;0;0;0;0;0;0;;;;;
2026-01-23;O_TCELLE0326C110.00;TCELL_03/2026_AVRUPA_OPSIYON;D_EQ;SSO;D_EQ_ECP;DE_TCELL_ECP;TCELL.E;2026-03-31;14.55;14.13;2.97;0;0;0;0;0;0;0;0;0;0;0;;;;;
2026-01-23;O_TCELLE0326C115.00;TCELL_03/2026_AVRUPA_OPSIYON;D_EQ;SSO;D_EQ_ECP;DE_TCELL_ECP;TCELL.E;2026-03-31;11.22;10.88;3.13;0;0;0;0;0;0;0;0;0;0;0;;;;;
2026-01-23;O_TCELLE0326C120.00;TCELL_03/2026_AVRUPA_OPSIYON;D_EQ;SSO;D_EQ_ECP;DE_TCELL_ECP;TCELL.E;2026-03-31;8.52;8.25;3.27;0;0;0;0;0;0;0;0;0;0;0;;;;;
2026-01-23;O_TCELLE0326C125.00;TCELL_03/2026_AVRUPA_OPSIYON;D_EQ;SSO;D_EQ_ECP;DE_TCELL_ECP;TCELL.E;2026-03-31;6.39;6.19;3.23;0;0;0;0;0;0;0;0;0;0;0;;;;;
2026-01-23;O_TCELLE0326C130.00;TCELL_03/2026_AVRUPA_OPSIYON;D_EQ;SSO;D_EQ_ECP;DE_TCELL_ECP;TCELL.E;2026-03-31;4.86;4.74;2.53;0;0;0;0;0;0;0;0;0;0;0;;;;;
2026-01-23;O_TCELLE0326C135.00;TCELL_03/2026_AVRUPA_OPSIYON;D_EQ;SSO;D_EQ_ECP;DE_TCELL_ECP;TCELL.E;2026-03-31;3.79;3.69;2.71;0;0;0;0;0;0;0;0;0;0;0;;;;;
2026-01-23;O_TCELLE0326C140.00;TCELL_03/2026_AVRUPA_OPSIYON;D_EQ;SSO;D_EQ_ECP;DE_TCELL_ECP;TCELL.E;2026-03-31;2.98;2.91;2.41;0;0;0;0;0;0;0;0;0;0;0;;;;;
2026-01-23;O_TCELLE0326C145.00;TCELL_03/2026_AVRUPA_OPSIYON;D_EQ;SSO;D_EQ_ECP;DE_TCELL_ECP;TCELL.E;2026-03-31;2.37;2.32;2.16;0;0;0;0;0;0;0;0;0;0;0;;;;;
2026-01-23;O_TCELLE0326C150.00;TCELL_03/2026_AVRUPA_OPSIYON;D_EQ;SSO;D_EQ_ECP;DE_TCELL_ECP;TCELL.E;2026-03-31;1.91;;0;0;0;0;0;0;0;0;0;0;0;0;;;;;
2026-01-23;O_TCELLE0326C98.00;TCELL_03/2026_AVRUPA_OPSIYON;D_EQ;SSO;D_EQ_ECP;DE_TCELL_ECP;TCELL.E;2026-03-31;23.77;23.25;2.24;0;0;0;0;0;0;0;0;0;0;0;;;;;
2026-01-23;O_TCELLE0326P100.00;TCELL_03/2026_AVRUPA_OPSIYON;D_EQ;SSO;D_EQ_EPP;DE_TCELL_EPP;TCELL.E;2026-03-31;1.24;1.32;-6.06;0;0;0;0;0;0;0;0;0;0;0;;;;;
2026-01-23;O_TCELLE0326P105.00;TCELL_03/2026_AVRUPA_OPSIYON;D_EQ;SSO;D_EQ_EPP;DE_TCELL_EPP;TCELL.E;2026-03-31;1.91;2.02;-5.45;0;0;0;0;0;0;0;0;0;0;0;;;;;
2026-01-23;O_TCELLE0326P110.00;TCELL_03/2026_AVRUPA_OPSIYON;D_EQ;SSO;D_EQ_EPP;DE_TCELL_EPP;TCELL.E;2026-03-31;2.84;2.99;-5.02;0;0;0;0;0;0;0;0;0;0;0;;;;;
2026-01-23;O_TCELLE0326P115.00;TCELL_03/2026_AVRUPA_OPSIYON;D_EQ;SSO;D_EQ_EPP;DE_TCELL_EPP;TCELL.E;2026-03-31;4.11;4.33;-5.08;0;0;0;0;0;0;0;0;0;0;0;;;;;
2026-01-23;O_TCELLE0326P120.00;TCELL_03/2026_AVRUPA_OPSIYON;D_EQ;SSO;D_EQ_EPP;DE_TCELL_EPP;TCELL.E;2026-03-31;6.01;6.29;-4.45;0;0;0;0;0;0;0;0;0;0;0;;;;;
2026-01-23;O_TCELLE0326P125.00;TCELL_03/2026_AVRUPA_OPSIYON;D_EQ;SSO;D_EQ_EPP;DE_TCELL_EPP;TCELL.E;2026-03-31;8.47;;0;0;0;0;0;0;0;0;0;0;0;0;;;;;
2026-01-23;O_TCELLE0326P88.00;TCELL_03/2026_AVRUPA_OPSIYON;D_EQ;SSO;D_EQ_EPP;DE_TCELL_EPP;TCELL.E;2026-03-31;0.38;0.41;-7.32;0;0;0;0;0;0;0;0;0;0;0;;;;;
2026-01-23;O_TCELLE0326P90.00;TCELL_03/2026_AVRUPA_OPSIYON;D_EQ;SSO;D_EQ_EPP;DE_TCELL_EPP;TCELL.E;2026-03-31;0.47;0.5;-6;0;0;0;0;0;0;0;0;0;0;0;;;;;
2026-01-23;O_TCELLE0326P92.00;TCELL_03/2026_AVRUPA_OPSIYON;D_EQ;SSO;D_EQ_EPP;DE_TCELL_EPP;TCELL.E;2026-03-31;0.58;0.62;-6.45;0;0;0;0;0;0;0;0;0;0;0;;;;;
2026-01-23;O_TCELLE0326P94.00;TCELL_03/2026_AVRUPA_OPSIYON;D_EQ;SSO;D_EQ_EPP;DE_TCELL_EPP;TCELL.E;2026-03-31;0.71;0.75;-5.33;0;0;0;0;0;0;0;0;0;0;0;;;;;
2026-01-23;O_TCELLE0326P96.00;TCELL_03/2026_AVRUPA_OPSIYON;D_EQ;SSO;D_EQ_EPP;DE_TCELL_EPP;TCELL.E;2026-03-31;0.86;0.91;-5.49;0;0;0;0;0;0;0;0;0;0;0;;;;;
2026-01-23;O_TCELLE0326P98.00;TCELL_03/2026_AVRUPA_OPSIYON;D_EQ;SSO;D_EQ_EPP;DE_TCELL_EPP;TCELL.E;2026-03-31;1.04;1.1;-5.45;0;0;0;0;0;0;0;0;0;0;0;;;;;
2026-01-23;O_THYAOE0126C260.00;THYAO_01/2026_AVRUPA_OPSIYON;D_EQ;SSO;D_EQ_ECP;DE_THYAO_ECP;THYAO.E;2026-01-30;42.89;41.16;4.2;0;0;0;0;0;0;0;0;0;500;0;;;;;
2026-01-23;O_THYAOE0126C270.00;THYAO_01/2026_AVRUPA_OPSIYON;D_EQ;SSO;D_EQ_ECP;DE_THYAO_ECP;THYAO.E;2026-01-30;32.99;31.3;5.4;0;0;0;0;0;0;0;0;0;1511;0;;;;;
2026-01-23;O_THYAOE0126C280.00;THYAO_01/2026_AVRUPA_OPSIYON;D_EQ;SSO;D_EQ_ECP;DE_THYAO_ECP;THYAO.E;2026-01-30;23.23;21.68;7.15;0;0;0;0;0;0;0;0;0;101;0;;;;;
2026-01-23;O_THYAOE0126C290.00;THYAO_01/2026_AVRUPA_OPSIYON;D_EQ;SSO;D_EQ_ECP;DE_THYAO_ECP;THYAO.E;2026-01-30;14.11;12.92;9.21;11.85;11.85;15;15;12.9;435000;19350;15;2;754;0;;;;;
2026-01-23;O_THYAOE0126C300.00;THYAO_01/2026_AVRUPA_OPSIYON;D_EQ;SSO;D_EQ_ECP;DE_THYAO_ECP;THYAO.E;2026-01-30;6.87;6.24;10.1;0;0;0;0;0;0;0;0;0;1150;0;;;;;
2026-01-23;O_THYAOE0126C310.00;THYAO_01/2026_AVRUPA_OPSIYON;D_EQ;SSO;D_EQ_ECP;DE_THYAO_ECP;THYAO.E;2026-01-30;2.53;2.35;7.66;2.8;1.95;2.8;2.05;2.42;9207000;71855;297;10;3340;-37;;;;;
2026-01-23;O_THYAOE0126C320.00;THYAO_01/2026_AVRUPA_OPSIYON;D_EQ;SSO;D_EQ_ECP;DE_THYAO_ECP;THYAO.E;2026-01-30;0.71;0.71;0;0.49;0.49;0.49;0.49;0.49;1600000;2450;50;1;2554;50;;;;;
2026-01-23;O_THYAOE0126C330.00;THYAO_01/2026_AVRUPA_OPSIYON;D_EQ;SSO;D_EQ_ECP;DE_THYAO_ECP;THYAO.E;2026-01-30;0.17;0.2;-15;0;0;0;0;0;0;0;0;0;804;0;;;;;
2026-01-23;O_THYAOE0126C340.00;THYAO_01/2026_AVRUPA_OPSIYON;D_EQ;SSO;D_EQ_ECP;DE_THYAO_ECP;THYAO.E;2026-01-30;0.04;0.05;-20;0;0;0;0;0;0;0;0;0;642;0;;;;;
2026-01-23;O_THYAOE0126C350.00;THYAO_01/2026_AVRUPA_OPSIYON;D_EQ;SSO;D_EQ_ECP;DE_THYAO_ECP;THYAO.E;2026-01-30;0.01;0.01;0;0;0;0;0;0;0;0;0;0;115;0;;;;;
2026-01-23;O_THYAOE0126C360.00;THYAO_01/2026_AVRUPA_OPSIYON;D_EQ;SSO;D_EQ_ECP;DE_THYAO_ECP;THYAO.E;2026-01-30;0.01;0.01;0;0;0;0;0;0;0;0;0;0;0;0;;;;;
2026-01-23;O_THYAOE0126C370.00;THYAO_01/2026_AVRUPA_OPSIYON;D_EQ;SSO;D_EQ_ECP;DE_THYAO_ECP;THYAO.E;2026-01-30;0.01;0.01;0;0;0;0;0;0;0;0;0;0;0;0;;;;;
2026-01-23;O_THYAOE0126C380.00;THYAO_01/2026_AVRUPA_OPSIYON;D_EQ;SSO;D_EQ_ECP;DE_THYAO_ECP;THYAO.E;2026-01-30;0.01;0.01;0;0;0;0;0;0;0;0;0;0;0;0;;;;;
2026-01-23;O_THYAOE0126P230.00;THYAO_01/2026_AVRUPA_OPSIYON;D_EQ;SSO;D_EQ_EPP;DE_THYAO_EPP;THYAO.E;2026-01-30;0.01;0.01;0;0;0;0;0;0;0;0;0;0;0;0;;;;;
2026-01-23;O_THYAOE0126P235.00;THYAO_01/2026_AVRUPA_OPSIYON;D_EQ;SSO;D_EQ_EPP;DE_THYAO_EPP;THYAO.E;2026-01-30;0.01;0.01;0;0;0;0;0;0;0;0;0;0;0;0;;;;;
2026-01-23;O_THYAOE0126P240.00;THYAO_01/2026_AVRUPA_OPSIYON;D_EQ;SSO;D_EQ_EPP;DE_THYAO_EPP;THYAO.E;2026-01-30;0.01;0.01;0;0;0;0;0;0;0;0;0;0;54;0;;;;;
2026-01-23;O_THYAOE0126P245.00;THYAO_01/2026_AVRUPA_OPSIYON;D_EQ;SSO;D_EQ_EPP;DE_THYAO_EPP;THYAO.E;2026-01-30;0.01;0.01;0;0;0;0;0;0;0;0;0;0;9;0;;;;;
2026-01-23;O_THYAOE0126P250.00;THYAO_01/2026_AVRUPA_OPSIYON;D_EQ;SSO;D_EQ_EPP;DE_THYAO_EPP;THYAO.E;2026-01-30;0.01;0.01;0;0;0;0;0;0;0;0;0;0;249;0;;;;;
2026-01-23;O_THYAOE0126P260.00;THYAO_01/2026_AVRUPA_OPSIYON;D_EQ;SSO;D_EQ_EPP;DE_THYAO_EPP;THYAO.E;2026-01-30;0.01;0.01;0;0;0;0;0;0;0;0;0;0;401;0;;;;;
2026-01-23;O_THYAOE0126P270.00;THYAO_01/2026_AVRUPA_OPSIYON;D_EQ;SSO;D_EQ_EPP;DE_THYAO_EPP;THYAO.E;2026-01-30;0.03;0.06;-50;0;0;0;0;0;0;0;0;0;2368;0;;;;;
2026-01-23;O_THYAOE0126P280.00;THYAO_01/2026_AVRUPA_OPSIYON;D_EQ;SSO;D_EQ_EPP;DE_THYAO_EPP;THYAO.E;2026-01-30;0.2;0.36;-44.44;0;0;0;0;0;0;0;0;0;982;0;;;;;
2026-01-23;O_THYAOE0126P290.00;THYAO_01/2026_AVRUPA_OPSIYON;D_EQ;SSO;D_EQ_EPP;DE_THYAO_EPP;THYAO.E;2026-01-30;1.01;1.52;-33.55;0.8;0.75;0.8;0.75;0.76;1450000;3800;50;2;582;-50;;;;;
2026-01-23;O_THYAOE0126P300.00;THYAO_01/2026_AVRUPA_OPSIYON;D_EQ;SSO;D_EQ_EPP;DE_THYAO_EPP;THYAO.E;2026-01-30;3.7;4.75;-22.11;2.35;2.35;3.4;3.1;2.5;9540000;79385;318;21;213;-250;;;;;
2026-01-23;O_THYAOE0126P310.00;THYAO_01/2026_AVRUPA_OPSIYON;D_EQ;SSO;D_EQ_EPP;DE_THYAO_EPP;THYAO.E;2026-01-30;9.28;10.78;-13.91;9.94;7.41;9.94;7.41;9.52;372000;11422;12;2;1;0;;;;;
2026-01-23;O_THYAOE0126P320.00;THYAO_01/2026_AVRUPA_OPSIYON;D_EQ;SSO;D_EQ_EPP;DE_THYAO_EPP;THYAO.E;2026-01-30;17.38;19.06;-8.81;0;0;0;0;0;0;0;0;0;0;0;;;;;
2026-01-23;O_THYAOE0126P330.00;THYAO_01/2026_AVRUPA_OPSIYON;D_EQ;SSO;D_EQ_EPP;DE_THYAO_EPP;THYAO.E;2026-01-30;26.78;28.46;-5.9;0;0;0;0;0;0;0;0;0;0;0;;;;;
2026-01-23;O_THYAOE0226C270.00;THYAO_02/2026_AVRUPA_OPSIYON;D_EQ;SSO;D_EQ_ECP;DE_THYAO_ECP;THYAO.E;2026-02-27;41.89;40.35;3.82;0;0;0;0;0;0;0;0;0;0;0;;;;;
2026-01-23;O_THYAOE0226C280.00;THYAO_02/2026_AVRUPA_OPSIYON;D_EQ;SSO;D_EQ_ECP;DE_THYAO_ECP;THYAO.E;2026-02-27;33.25;31.83;4.46;0;0;0;0;0;0;0;0;0;1;0;;;;;
2026-01-23;O_THYAOE0226C290.00;THYAO_02/2026_AVRUPA_OPSIYON;D_EQ;SSO;D_EQ_ECP;DE_THYAO_ECP;THYAO.E;2026-02-27;25.23;23.97;5.26;0;0;0;0;0;0;0;0;0;0;0;;;;;
2026-01-23;O_THYAOE0226C300.00;THYAO_02/2026_AVRUPA_OPSIYON;D_EQ;SSO;D_EQ_ECP;DE_THYAO_ECP;THYAO.E;2026-02-27;18.2;17.21;5.75;0;0;0;0;0;0;0;0;0;34;0;;;;;
2026-01-23;O_THYAOE0226C310.00;THYAO_02/2026_AVRUPA_OPSIYON;D_EQ;SSO;D_EQ_ECP;DE_THYAO_ECP;THYAO.E;2026-02-27;12.55;11.8;6.36;11;11;11;11;11;620000;22000;20;1;104;-20;;;;;
2026-01-23;O_THYAOE0226C320.00;THYAO_02/2026_AVRUPA_OPSIYON;D_EQ;SSO;D_EQ_ECP;DE_THYAO_ECP;THYAO.E;2026-02-27;8.32;7.82;6.39;6.4;6.35;6.4;6.35;6.36;2656000;52785;83;5;85;63;;;;;
2026-01-23;O_THYAOE0226C330.00;THYAO_02/2026_AVRUPA_OPSIYON;D_EQ;SSO;D_EQ_ECP;DE_THYAO_ECP;THYAO.E;2026-02-27;5.38;5.11;5.28;3.57;3.57;3.57;3.57;3.57;330000;3570;10;1;310;10;;;;;
2026-01-23;O_THYAOE0226C340.00;THYAO_02/2026_AVRUPA_OPSIYON;D_EQ;SSO;D_EQ_ECP;DE_THYAO_ECP;THYAO.E;2026-02-27;3.59;3.42;4.97;0;0;0;0;0;0;0;0;0;201;0;;;;;
2026-01-23;O_THYAOE0226C350.00;THYAO_02/2026_AVRUPA_OPSIYON;D_EQ;SSO;D_EQ_ECP;DE_THYAO_ECP;THYAO.E;2026-02-27;2.4;2.3;4.35;1.5;1.45;1.5;1.45;1.47;8750000;36795;250;8;825;250;;;;;
2026-01-23;O_THYAOE0226C360.00;THYAO_02/2026_AVRUPA_OPSIYON;D_EQ;SSO;D_EQ_ECP;DE_THYAO_ECP;THYAO.E;2026-02-27;1.62;1.56;3.85;0;0;0;0;0;0;0;0;0;0;0;;;;;
2026-01-23;O_THYAOE0226C370.00;THYAO_02/2026_AVRUPA_OPSIYON;D_EQ;SSO;D_EQ_ECP;DE_THYAO_ECP;THYAO.E;2026-02-27;1.1;1.08;1.85;0;0;0;0;0;0;0;0;0;0;0;;;;;
2026-01-23;O_THYAOE0226P235.00;THYAO_02/2026_AVRUPA_OPSIYON;D_EQ;SSO;D_EQ_EPP;DE_THYAO_EPP;THYAO.E;2026-02-27;0.1;0.13;-23.08;0;0;0;0;0;0;0;0;0;0;0;;;;;
2026-01-23;O_THYAOE0226P240.00;THYAO_02/2026_AVRUPA_OPSIYON;D_EQ;SSO;D_EQ_EPP;DE_THYAO_EPP;THYAO.E;2026-02-27;0.15;0.18;-16.67;0;0;0;0;0;0;0;0;0;220;0;;;;;
2026-01-23;O_THYAOE0226P245.00;THYAO_02/2026_AVRUPA_OPSIYON;D_EQ;SSO;D_EQ_EPP;DE_THYAO_EPP;THYAO.E;2026-02-27;0.22;0.27;-18.52;0;0;0;0;0;0;0;0;0;43;0;;;;;
2026-01-23;O_THYAOE0226P250.00;THYAO_02/2026_AVRUPA_OPSIYON;D_EQ;SSO;D_EQ_EPP;DE_THYAO_EPP;THYAO.E;2026-02-27;0.32;0.38;-15.79;0;0;0;0;0;0;0;0;0;142;0;;;;;
2026-01-23;O_THYAOE0226P260.00;THYAO_02/2026_AVRUPA_OPSIYON;D_EQ;SSO;D_EQ_EPP;DE_THYAO_EPP;THYAO.E;2026-02-27;0.64;0.75;-14.67;0;0;0;0;0;0;0;0;0;238;0;;;;;
2026-01-23;O_THYAOE0226P270.00;THYAO_02/2026_AVRUPA_OPSIYON;D_EQ;SSO;D_EQ_EPP;DE_THYAO_EPP;THYAO.E;2026-02-27;1.23;1.41;-12.77;0;0;0;0;0;0;0;0;0;1871;0;;;;;
2026-01-23;O_THYAOE0226P280.00;THYAO_02/2026_AVRUPA_OPSIYON;D_EQ;SSO;D_EQ_EPP;DE_THYAO_EPP;THYAO.E;2026-02-27;2.23;2.53;-11.86;1.94;1.94;1.94;1.94;1.94;140000;970;5;1;411;-5;;;;;
2026-01-23;O_THYAOE0226P290.00;THYAO_02/2026_AVRUPA_OPSIYON;D_EQ;SSO;D_EQ_EPP;DE_THYAO_EPP;THYAO.E;2026-02-27;3.85;4.31;-10.67;3.65;2.6;3.65;3.2;3.18;1624000;17805;56;11;124;24;;;;;
2026-01-23;O_THYAOE0226P300.00;THYAO_02/2026_AVRUPA_OPSIYON;D_EQ;SSO;D_EQ_EPP;DE_THYAO_EPP;THYAO.E;2026-02-27;6.46;7.17;-9.9;5.2;5.1;5.5;5.5;5.29;1350000;23815;45;6;213;45;;;;;
2026-01-23;O_THYAOE0226P310.00;THYAO_02/2026_AVRUPA_OPSIYON;D_EQ;SSO;D_EQ_EPP;DE_THYAO_EPP;THYAO.E;2026-02-27;10.46;11.39;-8.17;0;0;0;0;0;0;0;0;0;1;0;;;;;
2026-01-23;O_THYAOE0226P320.00;THYAO_02/2026_AVRUPA_OPSIYON;D_EQ;SSO;D_EQ_EPP;DE_THYAO_EPP;THYAO.E;2026-02-27;15.87;17.05;-6.92;0;0;0;0;0;0;0;0;0;0;0;;;;;
2026-01-23;O_THYAOE0326C280.00;THYAO_03/2026_AVRUPA_OPSIYON;D_EQ;SSO;D_EQ_ECP;DE_THYAO_ECP;THYAO.E;2026-03-31;46.75;45.3;3.2;0;0;0;0;0;0;0;0;0;0;0;;;;;
2026-01-23;O_THYAOE0326C290.00;THYAO_03/2026_AVRUPA_OPSIYON;D_EQ;SSO;D_EQ_ECP;DE_THYAO_ECP;THYAO.E;2026-03-31;38.92;37.57;3.59;0;0;0;0;0;0;0;0;0;0;0;;;;;
2026-01-23;O_THYAOE0326C300.00;THYAO_03/2026_AVRUPA_OPSIYON;D_EQ;SSO;D_EQ_ECP;DE_THYAO_ECP;THYAO.E;2026-03-31;31.58;30.34;4.09;0;0;0;0;0;0;0;0;0;0;0;;;;;
2026-01-23;O_THYAOE0326C310.00;THYAO_03/2026_AVRUPA_OPSIYON;D_EQ;SSO;D_EQ_ECP;DE_THYAO_ECP;THYAO.E;2026-03-31;24.98;23.96;4.26;0;0;0;0;0;0;0;0;0;0;0;;;;;
2026-01-23;O_THYAOE0326C320.00;THYAO_03/2026_AVRUPA_OPSIYON;D_EQ;SSO;D_EQ_ECP;DE_THYAO_ECP;THYAO.E;2026-03-31;19.44;18.58;4.63;0;0;0;0;0;0;0;0;0;0;0;;;;;
2026-01-23;O_THYAOE0326C330.00;THYAO_03/2026_AVRUPA_OPSIYON;D_EQ;SSO;D_EQ_ECP;DE_THYAO_ECP;THYAO.E;2026-03-31;14.93;14.28;4.55;0;0;0;0;0;0;0;0;0;0;0;;;;;
2026-01-23;O_THYAOE0326C340.00;THYAO_03/2026_AVRUPA_OPSIYON;D_EQ;SSO;D_EQ_ECP;DE_THYAO_ECP;THYAO.E;2026-03-31;11.37;10.95;3.84;0;0;0;0;0;0;0;0;0;0;0;;;;;
2026-01-23;O_THYAOE0326C350.00;THYAO_03/2026_AVRUPA_OPSIYON;D_EQ;SSO;D_EQ_ECP;DE_THYAO_ECP;THYAO.E;2026-03-31;8.97;8.65;3.7;0;0;0;0;0;0;0;0;0;0;0;;;;;
2026-01-23;O_THYAOE0326C360.00;THYAO_03/2026_AVRUPA_OPSIYON;D_EQ;SSO;D_EQ_ECP;DE_THYAO_ECP;THYAO.E;2026-03-31;7.11;6.87;3.49;0;0;0;0;0;0;0;0;0;0;0;;;;;
2026-01-23;O_THYAOE0326C370.00;THYAO_03/2026_AVRUPA_OPSIYON;D_EQ;SSO;D_EQ_ECP;DE_THYAO_ECP;THYAO.E;2026-03-31;5.69;5.51;3.27;0;0;0;0;0;0;0;0;0;0;0;;;;;
2026-01-23;O_THYAOE0326C380.00;THYAO_03/2026_AVRUPA_OPSIYON;D_EQ;SSO;D_EQ_ECP;DE_THYAO_ECP;THYAO.E;2026-03-31;4.59;4.46;2.91;0;0;0;0;0;0;0;0;0;0;0;;;;;
2026-01-23;O_THYAOE0326P240.00;THYAO_03/2026_AVRUPA_OPSIYON;D_EQ;SSO;D_EQ_EPP;DE_THYAO_EPP;THYAO.E;2026-03-31;0.57;0.62;-8.06;0;0;0;0;0;0;0;0;0;0;0;;;;;
2026-01-23;O_THYAOE0326P245.00;THYAO_03/2026_AVRUPA_OPSIYON;D_EQ;SSO;D_EQ_EPP;DE_THYAO_EPP;THYAO.E;2026-03-31;0.72;0.78;-7.69;0;0;0;0;0;0;0;0;0;0;0;;;;;
2026-01-23;O_THYAOE0326P250.00;THYAO_03/2026_AVRUPA_OPSIYON;D_EQ;SSO;D_EQ_EPP;DE_THYAO_EPP;THYAO.E;2026-03-31;0.9;0.98;-8.16;0;0;0;0;0;0;0;0;0;0;0;;;;;
2026-01-23;O_THYAOE0326P260.00;THYAO_03/2026_AVRUPA_OPSIYON;D_EQ;SSO;D_EQ_EPP;DE_THYAO_EPP;THYAO.E;2026-03-31;1.38;1.5;-8;0;0;0;0;0;0;0;0;0;0;0;;;;;
2026-01-23;O_THYAOE0326P270.00;THYAO_03/2026_AVRUPA_OPSIYON;D_EQ;SSO;D_EQ_EPP;DE_THYAO_EPP;THYAO.E;2026-03-31;2.09;2.25;-7.11;0;0;0;0;0;0;0;0;0;0;0;;;;;
2026-01-23;O_THYAOE0326P280.00;THYAO_03/2026_AVRUPA_OPSIYON;D_EQ;SSO;D_EQ_EPP;DE_THYAO_EPP;THYAO.E;2026-03-31;3.07;3.3;-6.97;0;0;0;0;0;0;0;0;0;0;0;;;;;
2026-01-23;O_THYAOE0326P290.00;THYAO_03/2026_AVRUPA_OPSIYON;D_EQ;SSO;D_EQ_EPP;DE_THYAO_EPP;THYAO.E;2026-03-31;4.44;4.75;-6.53;0;0;0;0;0;0;0;0;0;0;0;;;;;
2026-01-23;O_THYAOE0326P300.00;THYAO_03/2026_AVRUPA_OPSIYON;D_EQ;SSO;D_EQ_EPP;DE_THYAO_EPP;THYAO.E;2026-03-31;6.28;6.7;-6.27;0;0;0;0;0;0;0;0;0;0;0;;;;;
2026-01-23;O_THYAOE0326P310.00;THYAO_03/2026_AVRUPA_OPSIYON;D_EQ;SSO;D_EQ_EPP;DE_THYAO_EPP;THYAO.E;2026-03-31;8.88;9.5;-6.53;0;0;0;0;0;0;0;0;0;0;0;;;;;
2026-01-23;O_THYAOE0326P320.00;THYAO_03/2026_AVRUPA_OPSIYON;D_EQ;SSO;D_EQ_EPP;DE_THYAO_EPP;THYAO.E;2026-03-31;12.53;13.3;-5.79;0;0;0;0;0;0;0;0;0;0;0;;;;;
2026-01-23;O_THYAOE0326P330.00;THYAO_03/2026_AVRUPA_OPSIYON;D_EQ;SSO;D_EQ_EPP;DE_THYAO_EPP;THYAO.E;2026-03-31;17.21;18.17;-5.28;0;0;0;0;0;0;0;0;0;0;0;;;;;
2026-01-23;O_TOASOE0126C235.00;TOASO_01/2026_AVRUPA_OPSIYON;D_EQ;SSO;D_EQ_ECP;DE_TOASO_ECP;TOASO.E;2026-01-30;67.96;62.45;8.82;0;0;0;0;0;0;0;0;0;23;0;;;;;
2026-01-23;O_TOASOE0126C240.00;TOASO_01/2026_AVRUPA_OPSIYON;D_EQ;SSO;D_EQ_ECP;DE_TOASO_ECP;TOASO.E;2026-01-30;62.99;57.49;9.57;0;0;0;0;0;0;0;0;0;1663;0;;;;;
2026-01-23;O_TOASOE0126C245.00;TOASO_01/2026_AVRUPA_OPSIYON;D_EQ;SSO;D_EQ_ECP;DE_TOASO_ECP;TOASO.E;2026-01-30;58.03;52.54;10.45;0;0;0;0;0;0;0;0;0;0;0;;;;;
2026-01-23;O_TOASOE0126C250.00;TOASO_01/2026_AVRUPA_OPSIYON;D_EQ;SSO;D_EQ_ECP;DE_TOASO_ECP;TOASO.E;2026-01-30;53.07;47.58;11.54;0;0;0;0;0;0;0;0;0;0;0;;;;;
2026-01-23;O_TOASOE0126C260.00;TOASO_01/2026_AVRUPA_OPSIYON;D_EQ;SSO;D_EQ_ECP;DE_TOASO_ECP;TOASO.E;2026-01-30;43.15;37.73;14.37;0;0;0;0;0;0;0;0;0;1;0;;;;;
2026-01-23;O_TOASOE0126C270.00;TOASO_01/2026_AVRUPA_OPSIYON;D_EQ;SSO;D_EQ_ECP;DE_TOASO_ECP;TOASO.E;2026-01-30;33.33;28.11;18.57;0;0;0;0;0;0;0;0;0;517;0;;;;;
2026-01-23;O_TOASOE0126C280.00;TOASO_01/2026_AVRUPA_OPSIYON;D_EQ;SSO;D_EQ_ECP;DE_TOASO_ECP;TOASO.E;2026-01-30;23.85;19.18;24.35;0;0;0;0;0;0;0;0;0;370;0;;;;;
2026-01-23;O_TOASOE0126C290.00;TOASO_01/2026_AVRUPA_OPSIYON;D_EQ;SSO;D_EQ_ECP;DE_TOASO_ECP;TOASO.E;2026-01-30;15.33;11.66;31.48;13.7;13.7;13.7;13.7;13.7;580000;27400;20;2;40;20;;;;;
2026-01-23;O_TOASOE0126C300.00;TOASO_01/2026_AVRUPA_OPSIYON;D_EQ;SSO;D_EQ_ECP;DE_TOASO_ECP;TOASO.E;2026-01-30;8.57;6.16;39.12;6.9;6.9;6.9;6.9;6.9;150000;3450;5;1;395;-5;;;;;
2026-01-23;O_TOASOE0126C310.00;TOASO_01/2026_AVRUPA_OPSIYON;D_EQ;SSO;D_EQ_ECP;DE_TOASO_ECP;TOASO.E;2026-01-30;4.07;2.79;45.88;0;0;0;0;0;0;0;0;0;40;0;;;;;
2026-01-23;O_TOASOE0126C320.00;TOASO_01/2026_AVRUPA_OPSIYON;D_EQ;SSO;D_EQ_ECP;DE_TOASO_ECP;TOASO.E;2026-01-30;1.62;1.08;50;0;0;0;0;0;0;0;0;0;59;0;;;;;
2026-01-23;O_TOASOE0126C330.00;TOASO_01/2026_AVRUPA_OPSIYON;D_EQ;SSO;D_EQ_ECP;DE_TOASO_ECP;TOASO.E;2026-01-30;0.54;0.36;50;0;0;0;0;0;0;0;0;0;0;0;;;;;
2026-01-23;O_TOASOE0126C340.00;TOASO_01/2026_AVRUPA_OPSIYON;D_EQ;SSO;D_EQ_ECP;DE_TOASO_ECP;TOASO.E;2026-01-30;0.15;0.1;50;0;0;0;0;0;0;0;0;0;0;0;;;;;
2026-01-23;O_TOASOE0126C350.00;TOASO_01/2026_AVRUPA_OPSIYON;D_EQ;SSO;D_EQ_ECP;DE_TOASO_ECP;TOASO.E;2026-01-30;0.04;0.03;33.33;0;0;0;0;0;0;0;0;0;0;0;;;;;
2026-01-23;O_TOASOE0126C360.00;TOASO_01/2026_AVRUPA_OPSIYON;D_EQ;SSO;D_EQ_ECP;DE_TOASO_ECP;TOASO.E;2026-01-30;0.01;;0;0;0;0;0;0;0;0;0;0;0;0;;;;;
2026-01-23;O_TOASOE0126P210.00;TOASO_01/2026_AVRUPA_OPSIYON;D_EQ;SSO;D_EQ_EPP;DE_TOASO_EPP;TOASO.E;2026-01-30;0.01;0.01;0;0;0;0;0;0;0;0;0;0;64;0;;;;;
2026-01-23;O_TOASOE0126P215.00;TOASO_01/2026_AVRUPA_OPSIYON;D_EQ;SSO;D_EQ_EPP;DE_TOASO_EPP;TOASO.E;2026-01-30;0.01;0.01;0;0;0;0;0;0;0;0;0;0;96;0;;;;;
2026-01-23;O_TOASOE0126P220.00;TOASO_01/2026_AVRUPA_OPSIYON;D_EQ;SSO;D_EQ_EPP;DE_TOASO_EPP;TOASO.E;2026-01-30;0.01;0.01;0;0;0;0;0;0;0;0;0;0;193;0;;;;;
2026-01-23;O_TOASOE0126P225.00;TOASO_01/2026_AVRUPA_OPSIYON;D_EQ;SSO;D_EQ_EPP;DE_TOASO_EPP;TOASO.E;2026-01-30;0.01;0.01;0;0;0;0;0;0;0;0;0;0;30;0;;;;;
2026-01-23;O_TOASOE0126P230.00;TOASO_01/2026_AVRUPA_OPSIYON;D_EQ;SSO;D_EQ_EPP;DE_TOASO_EPP;TOASO.E;2026-01-30;0.01;0.01;0;0;0;0;0;0;0;0;0;0;45;0;;;;;
2026-01-23;O_TOASOE0126P235.00;TOASO_01/2026_AVRUPA_OPSIYON;D_EQ;SSO;D_EQ_EPP;DE_TOASO_EPP;TOASO.E;2026-01-30;0.01;0.01;0;0;0;0;0;0;0;0;0;0;20;0;;;;;
2026-01-23;O_TOASOE0126P240.00;TOASO_01/2026_AVRUPA_OPSIYON;D_EQ;SSO;D_EQ_EPP;DE_TOASO_EPP;TOASO.E;2026-01-30;0.01;0.01;0;0;0;0;0;0;0;0;0;0;0;0;;;;;
2026-01-23;O_TOASOE0126P245.00;TOASO_01/2026_AVRUPA_OPSIYON;D_EQ;SSO;D_EQ_EPP;DE_TOASO_EPP;TOASO.E;2026-01-30;0.01;0.01;0;0;0;0;0;0;0;0;0;0;305;0;;;;;
2026-01-23;O_TOASOE0126P250.00;TOASO_01/2026_AVRUPA_OPSIYON;D_EQ;SSO;D_EQ_EPP;DE_TOASO_EPP;TOASO.E;2026-01-30;0.01;0.01;0;0;0;0;0;0;0;0;0;0;5;0;;;;;
2026-01-23;O_TOASOE0126P260.00;TOASO_01/2026_AVRUPA_OPSIYON;D_EQ;SSO;D_EQ_EPP;DE_TOASO_EPP;TOASO.E;2026-01-30;0.02;0.07;-71.43;0;0;0;0;0;0;0;0;0;20;0;;;;;
2026-01-23;O_TOASOE0126P270.00;TOASO_01/2026_AVRUPA_OPSIYON;D_EQ;SSO;D_EQ_EPP;DE_TOASO_EPP;TOASO.E;2026-01-30;0.12;0.37;-67.57;0;0;0;0;0;0;0;0;0;25;0;;;;;
2026-01-23;O_TOASOE0126P280.00;TOASO_01/2026_AVRUPA_OPSIYON;D_EQ;SSO;D_EQ_EPP;DE_TOASO_EPP;TOASO.E;2026-01-30;0.57;1.36;-58.09;0;0;0;0;0;0;0;0;0;46;0;;;;;
2026-01-23;O_TOASOE0126P290.00;TOASO_01/2026_AVRUPA_OPSIYON;D_EQ;SSO;D_EQ_EPP;DE_TOASO_EPP;TOASO.E;2026-01-30;1.97;3.75;-47.47;2.41;2.41;2.41;2.41;2.41;290000;2410;10;1;33;10;;;;;
2026-01-23;O_TOASOE0126P300.00;TOASO_01/2026_AVRUPA_OPSIYON;D_EQ;SSO;D_EQ_EPP;DE_TOASO_EPP;TOASO.E;2026-01-30;5.14;8.17;-37.09;6.13;6.13;6.26;6.26;6.19;600000;12390;20;2;37;0;;;;;
2026-01-23;O_TOASOE0126P310.00;TOASO_01/2026_AVRUPA_OPSIYON;D_EQ;SSO;D_EQ_EPP;DE_TOASO_EPP;TOASO.E;2026-01-30;10.57;;0;12.45;12.45;12.71;12.71;12.58;620000;25160;20;2;0;0;;;;;
2026-01-23;O_TOASOE0226C245.00;TOASO_02/2026_AVRUPA_OPSIYON;D_EQ;SSO;D_EQ_ECP;DE_TOASO_ECP;TOASO.E;2026-02-27;65.41;60.1;8.84;0;0;0;0;0;0;0;0;0;0;0;;;;;
2026-01-23;O_TOASOE0226C250.00;TOASO_02/2026_AVRUPA_OPSIYON;D_EQ;SSO;D_EQ_ECP;DE_TOASO_ECP;TOASO.E;2026-02-27;60.78;55.55;9.41;0;0;0;0;0;0;0;0;0;4;0;;;;;
2026-01-23;O_TOASOE0226C260.00;TOASO_02/2026_AVRUPA_OPSIYON;D_EQ;SSO;D_EQ_ECP;DE_TOASO_ECP;TOASO.E;2026-02-27;51.75;46.74;10.72;0;0;0;0;0;0;0;0;0;0;0;;;;;
2026-01-23;O_TOASOE0226C270.00;TOASO_02/2026_AVRUPA_OPSIYON;D_EQ;SSO;D_EQ_ECP;DE_TOASO_ECP;TOASO.E;2026-02-27;43.15;38.46;12.19;0;0;0;0;0;0;0;0;0;33;0;;;;;
2026-01-23;O_TOASOE0226C280.00;TOASO_02/2026_AVRUPA_OPSIYON;D_EQ;SSO;D_EQ_ECP;DE_TOASO_ECP;TOASO.E;2026-02-27;35.15;30.88;13.83;0;0;0;0;0;0;0;0;0;50;0;;;;;
2026-01-23;O_TOASOE0226C290.00;TOASO_02/2026_AVRUPA_OPSIYON;D_EQ;SSO;D_EQ_ECP;DE_TOASO_ECP;TOASO.E;2026-02-27;27.91;24.14;15.62;21.95;21.95;21.95;21.95;21.95;580000;43900;20;2;100;0;;;;;
2026-01-23;O_TOASOE0226C300.00;TOASO_02/2026_AVRUPA_OPSIYON;D_EQ;SSO;D_EQ_ECP;DE_TOASO_ECP;TOASO.E;2026-02-27;21.57;18.38;17.36;0;0;0;0;0;0;0;0;0;0;0;;;;;
2026-01-23;O_TOASOE0226C310.00;TOASO_02/2026_AVRUPA_OPSIYON;D_EQ;SSO;D_EQ_ECP;DE_TOASO_ECP;TOASO.E;2026-02-27;16.25;13.63;19.22;12.35;12.35;12.45;12.45;12.4;3100000;123970;100;2;110;-100;;;;;
2026-01-23;O_TOASOE0226C320.00;TOASO_02/2026_AVRUPA_OPSIYON;D_EQ;SSO;D_EQ_ECP;DE_TOASO_ECP;TOASO.E;2026-02-27;11.92;9.85;21.02;0;0;0;0;0;0;0;0;0;60;0;;;;;
2026-01-23;O_TOASOE0226C330.00;TOASO_02/2026_AVRUPA_OPSIYON;D_EQ;SSO;D_EQ_ECP;DE_TOASO_ECP;TOASO.E;2026-02-27;8.54;6.97;22.53;0;0;0;0;0;0;0;0;0;110;0;;;;;
2026-01-23;O_TOASOE0226C340.00;TOASO_02/2026_AVRUPA_OPSIYON;D_EQ;SSO;D_EQ_ECP;DE_TOASO_ECP;TOASO.E;2026-02-27;6;4.83;24.22;0;0;0;0;0;0;0;0;0;50;0;;;;;
2026-01-23;O_TOASOE0226C350.00;TOASO_02/2026_AVRUPA_OPSIYON;D_EQ;SSO;D_EQ_ECP;DE_TOASO_ECP;TOASO.E;2026-02-27;4.13;3.28;25.91;0;0;0;0;0;0;0;0;0;0;0;;;;;
2026-01-23;O_TOASOE0226C360.00;TOASO_02/2026_AVRUPA_OPSIYON;D_EQ;SSO;D_EQ_ECP;DE_TOASO_ECP;TOASO.E;2026-02-27;2.79;2.18;27.98;0;0;0;0;0;0;0;0;0;0;0;;;;;
2026-01-23;O_TOASOE0226P220.00;TOASO_02/2026_AVRUPA_OPSIYON;D_EQ;SSO;D_EQ_EPP;DE_TOASO_EPP;TOASO.E;2026-02-27;0.04;0.06;-33.33;0;0;0;0;0;0;0;0;0;220;0;;;;;
2026-01-23;O_TOASOE0226P225.00;TOASO_02/2026_AVRUPA_OPSIYON;D_EQ;SSO;D_EQ_EPP;DE_TOASO_EPP;TOASO.E;2026-02-27;0.06;0.1;-40;0;0;0;0;0;0;0;0;0;50;0;;;;;
2026-01-23;O_TOASOE0226P230.00;TOASO_02/2026_AVRUPA_OPSIYON;D_EQ;SSO;D_EQ_EPP;DE_TOASO_EPP;TOASO.E;2026-02-27;0.1;0.17;-41.18;0;0;0;0;0;0;0;0;0;0;0;;;;;
2026-01-23;O_TOASOE0226P235.00;TOASO_02/2026_AVRUPA_OPSIYON;D_EQ;SSO;D_EQ_EPP;DE_TOASO_EPP;TOASO.E;2026-02-27;0.17;0.26;-34.62;0;0;0;0;0;0;0;0;0;0;0;;;;;
2026-01-23;O_TOASOE0226P240.00;TOASO_02/2026_AVRUPA_OPSIYON;D_EQ;SSO;D_EQ_EPP;DE_TOASO_EPP;TOASO.E;2026-02-27;0.26;0.4;-35;0;0;0;0;0;0;0;0;0;66;0;;;;;
2026-01-23;O_TOASOE0226P245.00;TOASO_02/2026_AVRUPA_OPSIYON;D_EQ;SSO;D_EQ_EPP;DE_TOASO_EPP;TOASO.E;2026-02-27;0.4;0.59;-32.2;0;0;0;0;0;0;0;0;0;34;0;;;;;
2026-01-23;O_TOASOE0226P250.00;TOASO_02/2026_AVRUPA_OPSIYON;D_EQ;SSO;D_EQ_EPP;DE_TOASO_EPP;TOASO.E;2026-02-27;0.59;0.86;-31.4;0;0;0;0;0;0;0;0;0;10;0;;;;;
2026-01-23;O_TOASOE0226P260.00;TOASO_02/2026_AVRUPA_OPSIYON;D_EQ;SSO;D_EQ_EPP;DE_TOASO_EPP;TOASO.E;2026-02-27;1.2;1.68;-28.57;0;0;0;0;0;0;0;0;0;50;0;;;;;
2026-01-23;O_TOASOE0226P270.00;TOASO_02/2026_AVRUPA_OPSIYON;D_EQ;SSO;D_EQ_EPP;DE_TOASO_EPP;TOASO.E;2026-02-27;2.24;3.03;-26.07;0;0;0;0;0;0;0;0;0;1;0;;;;;
2026-01-23;O_TOASOE0226P280.00;TOASO_02/2026_AVRUPA_OPSIYON;D_EQ;SSO;D_EQ_EPP;DE_TOASO_EPP;TOASO.E;2026-02-27;3.88;5.08;-23.62;0;0;0;0;0;0;0;0;0;0;0;;;;;
2026-01-23;O_TOASOE0226P290.00;TOASO_02/2026_AVRUPA_OPSIYON;D_EQ;SSO;D_EQ_EPP;DE_TOASO_EPP;TOASO.E;2026-02-27;6.28;7.97;-21.2;0;0;0;0;0;0;0;0;0;23;0;;;;;
2026-01-23;O_TOASOE0226P300.00;TOASO_02/2026_AVRUPA_OPSIYON;D_EQ;SSO;D_EQ_EPP;DE_TOASO_EPP;TOASO.E;2026-02-27;9.59;11.85;-19.07;10.46;10.46;10.46;10.46;10.46;300000;10460;10;1;13;0;;;;;
2026-01-23;O_TOASOE0226P310.00;TOASO_02/2026_AVRUPA_OPSIYON;D_EQ;SSO;D_EQ_EPP;DE_TOASO_EPP;TOASO.E;2026-02-27;13.9;16.73;-16.92;15.11;15.11;15.28;15.28;15.19;620000;30390;20;2;60;0;;;;;
2026-01-23;O_TOASOE0326C260.00;TOASO_03/2026_AVRUPA_OPSIYON;D_EQ;SSO;D_EQ_ECP;DE_TOASO_ECP;TOASO.E;2026-03-31;64.47;59.53;8.3;0;0;0;0;0;0;0;0;0;0;0;;;;;
2026-01-23;O_TOASOE0326C270.00;TOASO_03/2026_AVRUPA_OPSIYON;D_EQ;SSO;D_EQ_ECP;DE_TOASO_ECP;TOASO.E;2026-03-31;56.47;51.76;9.1;0;0;0;0;0;0;0;0;0;0;0;;;;;
2026-01-23;O_TOASOE0326C280.00;TOASO_03/2026_AVRUPA_OPSIYON;D_EQ;SSO;D_EQ_ECP;DE_TOASO_ECP;TOASO.E;2026-03-31;48.91;44.48;9.96;0;0;0;0;0;0;0;0;0;0;0;;;;;
2026-01-23;O_TOASOE0326C290.00;TOASO_03/2026_AVRUPA_OPSIYON;D_EQ;SSO;D_EQ_ECP;DE_TOASO_ECP;TOASO.E;2026-03-31;41.86;37.76;10.86;0;0;0;0;0;0;0;0;0;0;0;;;;;
2026-01-23;O_TOASOE0326C300.00;TOASO_03/2026_AVRUPA_OPSIYON;D_EQ;SSO;D_EQ_ECP;DE_TOASO_ECP;TOASO.E;2026-03-31;35.38;31.65;11.79;0;0;0;0;0;0;0;0;0;0;0;;;;;
2026-01-23;O_TOASOE0326C310.00;TOASO_03/2026_AVRUPA_OPSIYON;D_EQ;SSO;D_EQ_ECP;DE_TOASO_ECP;TOASO.E;2026-03-31;29.55;26.24;12.61;0;0;0;0;0;0;0;0;0;0;0;;;;;
2026-01-23;O_TOASOE0326C320.00;TOASO_03/2026_AVRUPA_OPSIYON;D_EQ;SSO;D_EQ_ECP;DE_TOASO_ECP;TOASO.E;2026-03-31;24.41;21.51;13.48;0;0;0;0;0;0;0;0;0;0;0;;;;;
2026-01-23;O_TOASOE0326C330.00;TOASO_03/2026_AVRUPA_OPSIYON;D_EQ;SSO;D_EQ_ECP;DE_TOASO_ECP;TOASO.E;2026-03-31;19.97;17.45;14.44;0;0;0;0;0;0;0;0;0;0;0;;;;;
2026-01-23;O_TOASOE0326C340.00;TOASO_03/2026_AVRUPA_OPSIYON;D_EQ;SSO;D_EQ_ECP;DE_TOASO_ECP;TOASO.E;2026-03-31;16.17;14.06;15.01;0;0;0;0;0;0;0;0;0;0;0;;;;;
2026-01-23;O_TOASOE0326C350.00;TOASO_03/2026_AVRUPA_OPSIYON;D_EQ;SSO;D_EQ_ECP;DE_TOASO_ECP;TOASO.E;2026-03-31;13.03;11.24;15.93;0;0;0;0;0;0;0;0;0;0;0;;;;;
2026-01-23;O_TOASOE0326C360.00;TOASO_03/2026_AVRUPA_OPSIYON;D_EQ;SSO;D_EQ_ECP;DE_TOASO_ECP;TOASO.E;2026-03-31;10.42;8.91;16.95;0;0;0;0;0;0;0;0;0;0;0;;;;;
2026-01-23;O_TOASOE0326C370.00;TOASO_03/2026_AVRUPA_OPSIYON;D_EQ;SSO;D_EQ_ECP;DE_TOASO_ECP;TOASO.E;2026-03-31;8.27;7.02;17.81;0;0;0;0;0;0;0;0;0;0;0;;;;;
2026-01-23;O_TOASOE0326P230.00;TOASO_03/2026_AVRUPA_OPSIYON;D_EQ;SSO;D_EQ_EPP;DE_TOASO_EPP;TOASO.E;2026-03-31;0.43;0.55;-21.82;0;0;0;0;0;0;0;0;0;0;0;;;;;
2026-01-23;O_TOASOE0326P235.00;TOASO_03/2026_AVRUPA_OPSIYON;D_EQ;SSO;D_EQ_EPP;DE_TOASO_EPP;TOASO.E;2026-03-31;0.58;0.74;-21.62;0;0;0;0;0;0;0;0;0;0;0;;;;;
2026-01-23;O_TOASOE0326P240.00;TOASO_03/2026_AVRUPA_OPSIYON;D_EQ;SSO;D_EQ_EPP;DE_TOASO_EPP;TOASO.E;2026-03-31;0.78;0.99;-21.21;0;0;0;0;0;0;0;0;0;0;0;;;;;
2026-01-23;O_TOASOE0326P245.00;TOASO_03/2026_AVRUPA_OPSIYON;D_EQ;SSO;D_EQ_EPP;DE_TOASO_EPP;TOASO.E;2026-03-31;1.02;1.29;-20.93;0;0;0;0;0;0;0;0;0;0;0;;;;;
2026-01-23;O_TOASOE0326P250.00;TOASO_03/2026_AVRUPA_OPSIYON;D_EQ;SSO;D_EQ_EPP;DE_TOASO_EPP;TOASO.E;2026-03-31;1.33;1.67;-20.36;0;0;0;0;0;0;0;0;0;0;0;;;;;
2026-01-23;O_TOASOE0326P260.00;TOASO_03/2026_AVRUPA_OPSIYON;D_EQ;SSO;D_EQ_EPP;DE_TOASO_EPP;TOASO.E;2026-03-31;2.16;2.68;-19.4;0;0;0;0;0;0;0;0;0;0;0;;;;;
2026-01-23;O_TOASOE0326P270.00;TOASO_03/2026_AVRUPA_OPSIYON;D_EQ;SSO;D_EQ_EPP;DE_TOASO_EPP;TOASO.E;2026-03-31;3.35;4.09;-18.09;0;0;0;0;0;0;0;0;0;0;0;;;;;
2026-01-23;O_TOASOE0326P280.00;TOASO_03/2026_AVRUPA_OPSIYON;D_EQ;SSO;D_EQ_EPP;DE_TOASO_EPP;TOASO.E;2026-03-31;4.98;5.99;-16.86;0;0;0;0;0;0;0;0;0;0;0;;;;;
2026-01-23;O_TOASOE0326P290.00;TOASO_03/2026_AVRUPA_OPSIYON;D_EQ;SSO;D_EQ_EPP;DE_TOASO_EPP;TOASO.E;2026-03-31;7.12;8.45;-15.74;0;0;0;0;0;0;0;0;0;0;0;;;;;
2026-01-23;O_TOASOE0326P300.00;TOASO_03/2026_AVRUPA_OPSIYON;D_EQ;SSO;D_EQ_EPP;DE_TOASO_EPP;TOASO.E;2026-03-31;9.84;11.51;-14.51;0;0;0;0;0;0;0;0;0;0;0;;;;;
2026-01-23;O_TOASOE0326P310.00;TOASO_03/2026_AVRUPA_OPSIYON;D_EQ;SSO;D_EQ_EPP;DE_TOASO_EPP;TOASO.E;2026-03-31;13.2;15.28;-13.61;0;0;0;0;0;0;0;0;0;0;0;;;;;
2026-01-23;O_TOASOE0326P320.00;TOASO_03/2026_AVRUPA_OPSIYON;D_EQ;SSO;D_EQ_EPP;DE_TOASO_EPP;TOASO.E;2026-03-31;17.25;19.73;-12.57;0;0;0;0;0;0;0;0;0;0;0;;;;;
2026-01-23;O_TTKOME0126C52.00;TTKOM_01/2026_AVRUPA_OPSIYON;D_EQ;SSO;D_EQ_ECP;DE_TTKOM_ECP;TTKOM.E;2026-01-30;12.58;12.88;-2.33;0;0;0;0;0;0;0;0;0;0;0;;;;;
2026-01-23;O_TTKOME0126C54.00;TTKOM_01/2026_AVRUPA_OPSIYON;D_EQ;SSO;D_EQ_ECP;DE_TTKOM_ECP;TTKOM.E;2026-01-30;10.59;10.9;-2.84;0;0;0;0;0;0;0;0;0;0;0;;;;;
2026-01-23;O_TTKOME0126C56.00;TTKOM_01/2026_AVRUPA_OPSIYON;D_EQ;SSO;D_EQ_ECP;DE_TTKOM_ECP;TTKOM.E;2026-01-30;8.62;8.93;-3.47;0;0;0;0;0;0;0;0;0;221;0;;;;;
2026-01-23;O_TTKOME0126C58.00;TTKOM_01/2026_AVRUPA_OPSIYON;D_EQ;SSO;D_EQ_ECP;DE_TTKOM_ECP;TTKOM.E;2026-01-30;6.67;6.99;-4.58;0;0;0;0;0;0;0;0;0;348;0;;;;;
2026-01-23;O_TTKOME0126C60.00;TTKOM_01/2026_AVRUPA_OPSIYON;D_EQ;SSO;D_EQ_ECP;DE_TTKOM_ECP;TTKOM.E;2026-01-30;4.81;5.14;-6.42;0;0;0;0;0;0;0;0;0;444;0;;;;;
2026-01-23;O_TTKOME0126C62.00;TTKOM_01/2026_AVRUPA_OPSIYON;D_EQ;SSO;D_EQ_ECP;DE_TTKOM_ECP;TTKOM.E;2026-01-30;3.14;3.46;-9.25;0;0;0;0;0;0;0;0;0;875;0;;;;;
2026-01-23;O_TTKOME0126C64.00;TTKOM_01/2026_AVRUPA_OPSIYON;D_EQ;SSO;D_EQ_ECP;DE_TTKOM_ECP;TTKOM.E;2026-01-30;1.82;2.11;-13.74;1.82;1.81;1.82;1.81;1.82;12800;363;2;2;252;-1;;;;;
2026-01-23;O_TTKOME0126C66.00;TTKOM_01/2026_AVRUPA_OPSIYON;D_EQ;SSO;D_EQ_ECP;DE_TTKOM_ECP;TTKOM.E;2026-01-30;0.92;1.14;-19.3;0.88;0.88;0.88;0.88;0.88;1056000;14080;160;1;225;-160;;;;;
2026-01-23;O_TTKOME0126C68.00;TTKOM_01/2026_AVRUPA_OPSIYON;D_EQ;SSO;D_EQ_ECP;DE_TTKOM_ECP;TTKOM.E;2026-01-30;0.41;0.55;-25.45;0;0;0;0;0;0;0;0;0;30;0;;;;;
2026-01-23;O_TTKOME0126C70.00;TTKOM_01/2026_AVRUPA_OPSIYON;D_EQ;SSO;D_EQ_ECP;DE_TTKOM_ECP;TTKOM.E;2026-01-30;0.16;0.25;-36;0;0;0;0;0;0;0;0;0;228;0;;;;;
2026-01-23;O_TTKOME0126C72.00;TTKOM_01/2026_AVRUPA_OPSIYON;D_EQ;SSO;D_EQ_ECP;DE_TTKOM_ECP;TTKOM.E;2026-01-30;0.06;0.1;-40;0;0;0;0;0;0;0;0;0;0;0;;;;;
2026-01-23;O_TTKOME0126C74.00;TTKOM_01/2026_AVRUPA_OPSIYON;D_EQ;SSO;D_EQ_ECP;DE_TTKOM_ECP;TTKOM.E;2026-01-30;0.02;0.04;-50;0;0;0;0;0;0;0;0;0;309;0;;;;;
2026-01-23;O_TTKOME0126C76.00;TTKOM_01/2026_AVRUPA_OPSIYON;D_EQ;SSO;D_EQ_ECP;DE_TTKOM_ECP;TTKOM.E;2026-01-30;0.01;0.02;-50;0;0;0;0;0;0;0;0;0;0;0;;;;;
2026-01-23;O_TTKOME0126P46.00;TTKOM_01/2026_AVRUPA_OPSIYON;D_EQ;SSO;D_EQ_EPP;DE_TTKOM_EPP;TTKOM.E;2026-01-30;0.01;0.01;0;0;0;0;0;0;0;0;0;0;0;0;;;;;
2026-01-23;O_TTKOME0126P47.00;TTKOM_01/2026_AVRUPA_OPSIYON;D_EQ;SSO;D_EQ_EPP;DE_TTKOM_EPP;TTKOM.E;2026-01-30;0.01;0.01;0;0;0;0;0;0;0;0;0;0;0;0;;;;;
2026-01-23;O_TTKOME0126P48.00;TTKOM_01/2026_AVRUPA_OPSIYON;D_EQ;SSO;D_EQ_EPP;DE_TTKOM_EPP;TTKOM.E;2026-01-30;0.01;0.01;0;0;0;0;0;0;0;0;0;0;0;0;;;;;
2026-01-23;O_TTKOME0126P49.00;TTKOM_01/2026_AVRUPA_OPSIYON;D_EQ;SSO;D_EQ_EPP;DE_TTKOM_EPP;TTKOM.E;2026-01-30;0.01;0.01;0;0;0;0;0;0;0;0;0;0;0;0;;;;;
2026-01-23;O_TTKOME0126P50.00;TTKOM_01/2026_AVRUPA_OPSIYON;D_EQ;SSO;D_EQ_EPP;DE_TTKOM_EPP;TTKOM.E;2026-01-30;0.01;0.01;0;0;0;0;0;0;0;0;0;0;0;0;;;;;
2026-01-23;O_TTKOME0126P52.00;TTKOM_01/2026_AVRUPA_OPSIYON;D_EQ;SSO;D_EQ_EPP;DE_TTKOM_EPP;TTKOM.E;2026-01-30;0.01;0.01;0;0;0;0;0;0;0;0;0;0;160;0;;;;;
2026-01-23;O_TTKOME0126P54.00;TTKOM_01/2026_AVRUPA_OPSIYON;D_EQ;SSO;D_EQ_EPP;DE_TTKOM_EPP;TTKOM.E;2026-01-30;0.01;0.01;0;0;0;0;0;0;0;0;0;0;537;0;;;;;
2026-01-23;O_TTKOME0126P56.00;TTKOM_01/2026_AVRUPA_OPSIYON;D_EQ;SSO;D_EQ_EPP;DE_TTKOM_EPP;TTKOM.E;2026-01-30;0.01;0.02;-50;0;0;0;0;0;0;0;0;0;556;0;;;;;
2026-01-23;O_TTKOME0126P58.00;TTKOM_01/2026_AVRUPA_OPSIYON;D_EQ;SSO;D_EQ_EPP;DE_TTKOM_EPP;TTKOM.E;2026-01-30;0.05;0.06;-16.67;0;0;0;0;0;0;0;0;0;5969;0;;;;;
2026-01-23;O_TTKOME0126P60.00;TTKOM_01/2026_AVRUPA_OPSIYON;D_EQ;SSO;D_EQ_EPP;DE_TTKOM_EPP;TTKOM.E;2026-01-30;0.17;0.19;-10.53;0;0;0;0;0;0;0;0;0;25;0;;;;;
2026-01-23;O_TTKOME0126P62.00;TTKOM_01/2026_AVRUPA_OPSIYON;D_EQ;SSO;D_EQ_EPP;DE_TTKOM_EPP;TTKOM.E;2026-01-30;0.49;0.5;-2;0;0;0;0;0;0;0;0;0;25;0;;;;;
2026-01-23;O_TTKOME0126P64.00;TTKOM_01/2026_AVRUPA_OPSIYON;D_EQ;SSO;D_EQ_EPP;DE_TTKOM_EPP;TTKOM.E;2026-01-30;1.16;1.13;2.65;0;0;0;0;0;0;0;0;0;275;0;;;;;
2026-01-23;O_TTKOME0126P66.00;TTKOM_01/2026_AVRUPA_OPSIYON;D_EQ;SSO;D_EQ_EPP;DE_TTKOM_EPP;TTKOM.E;2026-01-30;2.24;2.15;4.19;0;0;0;0;0;0;0;0;0;0;0;;;;;
2026-01-23;O_TTKOME0226C56.00;TTKOM_02/2026_AVRUPA_OPSIYON;D_EQ;SSO;D_EQ_ECP;DE_TTKOM_ECP;TTKOM.E;2026-02-27;10.62;10.92;-2.75;0;0;0;0;0;0;0;0;0;0;0;;;;;
2026-01-23;O_TTKOME0226C58.00;TTKOM_02/2026_AVRUPA_OPSIYON;D_EQ;SSO;D_EQ_ECP;DE_TTKOM_ECP;TTKOM.E;2026-02-27;8.94;9.24;-3.25;0;0;0;0;0;0;0;0;0;41;0;;;;;
2026-01-23;O_TTKOME0226C60.00;TTKOM_02/2026_AVRUPA_OPSIYON;D_EQ;SSO;D_EQ_ECP;DE_TTKOM_ECP;TTKOM.E;2026-02-27;7.36;7.65;-3.79;0;0;0;0;0;0;0;0;0;40;0;;;;;
2026-01-23;O_TTKOME0226C62.00;TTKOM_02/2026_AVRUPA_OPSIYON;D_EQ;SSO;D_EQ_ECP;DE_TTKOM_ECP;TTKOM.E;2026-02-27;5.91;6.19;-4.52;0;0;0;0;0;0;0;0;0;116;0;;;;;
2026-01-23;O_TTKOME0226C64.00;TTKOM_02/2026_AVRUPA_OPSIYON;D_EQ;SSO;D_EQ_ECP;DE_TTKOM_ECP;TTKOM.E;2026-02-27;4.63;4.88;-5.12;0;0;0;0;0;0;0;0;0;215;0;;;;;
2026-01-23;O_TTKOME0226C66.00;TTKOM_02/2026_AVRUPA_OPSIYON;D_EQ;SSO;D_EQ_ECP;DE_TTKOM_ECP;TTKOM.E;2026-02-27;3.56;3.79;-6.07;0;0;0;0;0;0;0;0;0;11000;0;;;;;
2026-01-23;O_TTKOME0226C68.00;TTKOM_02/2026_AVRUPA_OPSIYON;D_EQ;SSO;D_EQ_ECP;DE_TTKOM_ECP;TTKOM.E;2026-02-27;2.69;2.88;-6.6;0;0;0;0;0;0;0;0;0;0;0;;;;;
2026-01-23;O_TTKOME0226C70.00;TTKOM_02/2026_AVRUPA_OPSIYON;D_EQ;SSO;D_EQ_ECP;DE_TTKOM_ECP;TTKOM.E;2026-02-27;2;2.16;-7.41;1.32;1.32;1.48;1.48;1.48;3416000;72192;488;4;82;-449;;;;;
2026-01-23;O_TTKOME0226C72.00;TTKOM_02/2026_AVRUPA_OPSIYON;D_EQ;SSO;D_EQ_ECP;DE_TTKOM_ECP;TTKOM.E;2026-02-27;1.5;1.63;-7.98;0;0;0;0;0;0;0;0;0;243;0;;;;;
2026-01-23;O_TTKOME0226C74.00;TTKOM_02/2026_AVRUPA_OPSIYON;D_EQ;SSO;D_EQ_ECP;DE_TTKOM_ECP;TTKOM.E;2026-02-27;1.13;1.23;-8.13;0;0;0;0;0;0;0;0;0;0;0;;;;;
2026-01-23;O_TTKOME0226C76.00;TTKOM_02/2026_AVRUPA_OPSIYON;D_EQ;SSO;D_EQ_ECP;DE_TTKOM_ECP;TTKOM.E;2026-02-27;0.84;0.93;-9.68;0;0;0;0;0;0;0;0;0;0;0;;;;;
2026-01-23;O_TTKOME0226C78.00;TTKOM_02/2026_AVRUPA_OPSIYON;D_EQ;SSO;D_EQ_ECP;DE_TTKOM_ECP;TTKOM.E;2026-02-27;0.63;;0;0;0;0;0;0;0;0;0;0;0;0;;;;;
2026-01-23;O_TTKOME0226P48.00;TTKOM_02/2026_AVRUPA_OPSIYON;D_EQ;SSO;D_EQ_EPP;DE_TTKOM_EPP;TTKOM.E;2026-02-27;0.04;0.04;0;0;0;0;0;0;0;0;0;0;0;0;;;;;
2026-01-23;O_TTKOME0226P49.00;TTKOM_02/2026_AVRUPA_OPSIYON;D_EQ;SSO;D_EQ_EPP;DE_TTKOM_EPP;TTKOM.E;2026-02-27;0.06;0.06;0;0;0;0;0;0;0;0;0;0;80;0;;;;;
2026-01-23;O_TTKOME0226P50.00;TTKOM_02/2026_AVRUPA_OPSIYON;D_EQ;SSO;D_EQ_EPP;DE_TTKOM_EPP;TTKOM.E;2026-02-27;0.08;0.08;0;0;0;0;0;0;0;0;0;0;0;0;;;;;
2026-01-23;O_TTKOME0226P52.00;TTKOM_02/2026_AVRUPA_OPSIYON;D_EQ;SSO;D_EQ_EPP;DE_TTKOM_EPP;TTKOM.E;2026-02-27;0.14;0.14;0;0;0;0;0;0;0;0;0;0;531;0;;;;;
2026-01-23;O_TTKOME0226P54.00;TTKOM_02/2026_AVRUPA_OPSIYON;D_EQ;SSO;D_EQ_EPP;DE_TTKOM_EPP;TTKOM.E;2026-02-27;0.25;0.25;0;0;0;0;0;0;0;0;0;0;243;0;;;;;
2026-01-23;O_TTKOME0226P56.00;TTKOM_02/2026_AVRUPA_OPSIYON;D_EQ;SSO;D_EQ_EPP;DE_TTKOM_EPP;TTKOM.E;2026-02-27;0.42;0.41;2.44;0;0;0;0;0;0;0;0;0;0;0;;;;;
2026-01-23;O_TTKOME0226P58.00;TTKOM_02/2026_AVRUPA_OPSIYON;D_EQ;SSO;D_EQ_EPP;DE_TTKOM_EPP;TTKOM.E;2026-02-27;0.66;0.65;1.54;0;0;0;0;0;0;0;0;0;0;0;;;;;
2026-01-23;O_TTKOME0226P60.00;TTKOM_02/2026_AVRUPA_OPSIYON;D_EQ;SSO;D_EQ_EPP;DE_TTKOM_EPP;TTKOM.E;2026-02-27;1.01;0.99;2.02;0;0;0;0;0;0;0;0;0;0;0;;;;;
2026-01-23;O_TTKOME0226P62.00;TTKOM_02/2026_AVRUPA_OPSIYON;D_EQ;SSO;D_EQ_EPP;DE_TTKOM_EPP;TTKOM.E;2026-02-27;1.49;1.46;2.05;0;0;0;0;0;0;0;0;0;1;0;;;;;
2026-01-23;O_TTKOME0226P64.00;TTKOM_02/2026_AVRUPA_OPSIYON;D_EQ;SSO;D_EQ_EPP;DE_TTKOM_EPP;TTKOM.E;2026-02-27;2.14;2.08;2.88;0;0;0;0;0;0;0;0;0;50;0;;;;;
2026-01-23;O_TTKOME0226P66.00;TTKOM_02/2026_AVRUPA_OPSIYON;D_EQ;SSO;D_EQ_EPP;DE_TTKOM_EPP;TTKOM.E;2026-02-27;3;2.91;3.09;0;0;0;0;0;0;0;0;0;10525;0;;;;;
2026-01-23;O_TTKOME0226P68.00;TTKOM_02/2026_AVRUPA_OPSIYON;D_EQ;SSO;D_EQ_EPP;DE_TTKOM_EPP;TTKOM.E;2026-02-27;4.06;;0;0;0;0;0;0;0;0;0;0;0;0;;;;;
2026-01-23;O_TTKOME0326C60.00;TTKOM_03/2026_AVRUPA_OPSIYON;D_EQ;SSO;D_EQ_ECP;DE_TTKOM_ECP;TTKOM.E;2026-03-31;10.39;10.68;-2.72;0;0;0;0;0;0;0;0;0;0;0;;;;;
2026-01-23;O_TTKOME0326C62.00;TTKOM_03/2026_AVRUPA_OPSIYON;D_EQ;SSO;D_EQ_ECP;DE_TTKOM_ECP;TTKOM.E;2026-03-31;8.97;9.25;-3.03;0;0;0;0;0;0;0;0;0;0;0;;;;;
2026-01-23;O_TTKOME0326C64.00;TTKOM_03/2026_AVRUPA_OPSIYON;D_EQ;SSO;D_EQ_ECP;DE_TTKOM_ECP;TTKOM.E;2026-03-31;7.64;7.91;-3.41;0;0;0;0;0;0;0;0;0;0;0;;;;;
2026-01-23;O_TTKOME0326C66.00;TTKOM_03/2026_AVRUPA_OPSIYON;D_EQ;SSO;D_EQ_ECP;DE_TTKOM_ECP;TTKOM.E;2026-03-31;6.44;6.69;-3.74;0;0;0;0;0;0;0;0;0;0;0;;;;;
2026-01-23;O_TTKOME0326C68.00;TTKOM_03/2026_AVRUPA_OPSIYON;D_EQ;SSO;D_EQ_ECP;DE_TTKOM_ECP;TTKOM.E;2026-03-31;5.39;5.63;-4.26;0;0;0;0;0;0;0;0;0;0;0;;;;;
2026-01-23;O_TTKOME0326C70.00;TTKOM_03/2026_AVRUPA_OPSIYON;D_EQ;SSO;D_EQ_ECP;DE_TTKOM_ECP;TTKOM.E;2026-03-31;4.49;4.7;-4.47;0;0;0;0;0;0;0;0;0;0;0;;;;;
2026-01-23;O_TTKOME0326C72.00;TTKOM_03/2026_AVRUPA_OPSIYON;D_EQ;SSO;D_EQ_ECP;DE_TTKOM_ECP;TTKOM.E;2026-03-31;3.72;3.91;-4.86;0;0;0;0;0;0;0;0;0;0;0;;;;;
2026-01-23;O_TTKOME0326C74.00;TTKOM_03/2026_AVRUPA_OPSIYON;D_EQ;SSO;D_EQ_ECP;DE_TTKOM_ECP;TTKOM.E;2026-03-31;3.12;3.28;-4.88;0;0;0;0;0;0;0;0;0;0;0;;;;;
2026-01-23;O_TTKOME0326C76.00;TTKOM_03/2026_AVRUPA_OPSIYON;D_EQ;SSO;D_EQ_ECP;DE_TTKOM_ECP;TTKOM.E;2026-03-31;2.63;2.77;-5.05;0;0;0;0;0;0;0;0;0;0;0;;;;;
2026-01-23;O_TTKOME0326C78.00;TTKOM_03/2026_AVRUPA_OPSIYON;D_EQ;SSO;D_EQ_ECP;DE_TTKOM_ECP;TTKOM.E;2026-03-31;2.22;2.34;-5.13;0;0;0;0;0;0;0;0;0;0;0;;;;;
2026-01-23;O_TTKOME0326C80.00;TTKOM_03/2026_AVRUPA_OPSIYON;D_EQ;SSO;D_EQ_ECP;DE_TTKOM_ECP;TTKOM.E;2026-03-31;1.87;;0;0;0;0;0;0;0;0;0;0;0;0;;;;;
2026-01-23;O_TTKOME0326P50.00;TTKOM_03/2026_AVRUPA_OPSIYON;D_EQ;SSO;D_EQ_EPP;DE_TTKOM_EPP;TTKOM.E;2026-03-31;0.25;0.24;4.17;0;0;0;0;0;0;0;0;0;0;0;;;;;
2026-01-23;O_TTKOME0326P52.00;TTKOM_03/2026_AVRUPA_OPSIYON;D_EQ;SSO;D_EQ_EPP;DE_TTKOM_EPP;TTKOM.E;2026-03-31;0.36;0.36;0;0;0;0;0;0;0;0;0;0;0;0;;;;;
2026-01-23;O_TTKOME0326P54.00;TTKOM_03/2026_AVRUPA_OPSIYON;D_EQ;SSO;D_EQ_EPP;DE_TTKOM_EPP;TTKOM.E;2026-03-31;0.52;0.51;1.96;0;0;0;0;0;0;0;0;0;0;0;;;;;
2026-01-23;O_TTKOME0326P56.00;TTKOM_03/2026_AVRUPA_OPSIYON;D_EQ;SSO;D_EQ_EPP;DE_TTKOM_EPP;TTKOM.E;2026-03-31;0.72;0.71;1.41;0;0;0;0;0;0;0;0;0;0;0;;;;;
2026-01-23;O_TTKOME0326P58.00;TTKOM_03/2026_AVRUPA_OPSIYON;D_EQ;SSO;D_EQ_EPP;DE_TTKOM_EPP;TTKOM.E;2026-03-31;0.99;0.97;2.06;0;0;0;0;0;0;0;0;0;0;0;;;;;
2026-01-23;O_TTKOME0326P60.00;TTKOM_03/2026_AVRUPA_OPSIYON;D_EQ;SSO;D_EQ_EPP;DE_TTKOM_EPP;TTKOM.E;2026-03-31;1.33;1.3;2.31;0;0;0;0;0;0;0;0;0;0;0;;;;;
2026-01-23;O_TTKOME0326P62.00;TTKOM_03/2026_AVRUPA_OPSIYON;D_EQ;SSO;D_EQ_EPP;DE_TTKOM_EPP;TTKOM.E;2026-03-31;1.75;1.71;2.34;0;0;0;0;0;0;0;0;0;0;0;;;;;
2026-01-23;O_TTKOME0326P64.00;TTKOM_03/2026_AVRUPA_OPSIYON;D_EQ;SSO;D_EQ_EPP;DE_TTKOM_EPP;TTKOM.E;2026-03-31;2.26;2.21;2.26;0;0;0;0;0;0;0;0;0;0;0;;;;;
2026-01-23;O_TTKOME0326P66.00;TTKOM_03/2026_AVRUPA_OPSIYON;D_EQ;SSO;D_EQ_EPP;DE_TTKOM_EPP;TTKOM.E;2026-03-31;2.89;2.82;2.48;0;0;0;0;0;0;0;0;0;0;0;;;;;
2026-01-23;O_TTKOME0326P68.00;TTKOM_03/2026_AVRUPA_OPSIYON;D_EQ;SSO;D_EQ_EPP;DE_TTKOM_EPP;TTKOM.E;2026-03-31;3.69;3.59;2.79;0;0;0;0;0;0;0;0;0;0;0;;;;;
2026-01-23;O_TTKOME0326P70.00;TTKOM_03/2026_AVRUPA_OPSIYON;D_EQ;SSO;D_EQ_EPP;DE_TTKOM_EPP;TTKOM.E;2026-03-31;4.62;;0;0;0;0;0;0;0;0;0;0;0;0;;;;;
2026-01-23;O_TUPRSE0126C185.00;TUPRS_01/2026_AVRUPA_OPSIYON;D_EQ;SSO;D_EQ_ECP;DE_TUPRS_ECP;TUPRS.E;2026-01-30;42.14;43.24;-2.54;0;0;0;0;0;0;0;0;0;0;0;;;;;
2026-01-23;O_TUPRSE0126C190.00;TUPRS_01/2026_AVRUPA_OPSIYON;D_EQ;SSO;D_EQ_ECP;DE_TUPRS_ECP;TUPRS.E;2026-01-30;37.18;38.28;-2.87;0;0;0;0;0;0;0;0;0;250;0;;;;;
2026-01-23;O_TUPRSE0126C195.00;TUPRS_01/2026_AVRUPA_OPSIYON;D_EQ;SSO;D_EQ_ECP;DE_TUPRS_ECP;TUPRS.E;2026-01-30;32.22;33.33;-3.33;0;0;0;0;0;0;0;0;0;111;0;;;;;
2026-01-23;O_TUPRSE0126C200.00;TUPRS_01/2026_AVRUPA_OPSIYON;D_EQ;SSO;D_EQ_ECP;DE_TUPRS_ECP;TUPRS.E;2026-01-30;27.28;28.4;-3.94;0;0;0;0;0;0;0;0;0;35;0;;;;;
2026-01-23;O_TUPRSE0126C205.00;TUPRS_01/2026_AVRUPA_OPSIYON;D_EQ;SSO;D_EQ_ECP;DE_TUPRS_ECP;TUPRS.E;2026-01-30;22.39;23.53;-4.84;0;0;0;0;0;0;0;0;0;66;0;;;;;
2026-01-23;O_TUPRSE0126C210.00;TUPRS_01/2026_AVRUPA_OPSIYON;D_EQ;SSO;D_EQ_ECP;DE_TUPRS_ECP;TUPRS.E;2026-01-30;17.62;18.77;-6.13;0;0;0;0;0;0;0;0;0;80;0;;;;;
2026-01-23;O_TUPRSE0126C215.00;TUPRS_01/2026_AVRUPA_OPSIYON;D_EQ;SSO;D_EQ_ECP;DE_TUPRS_ECP;TUPRS.E;2026-01-30;13.1;14.25;-8.07;0;0;0;0;0;0;0;0;0;372;0;;;;;
2026-01-23;O_TUPRSE0126C220.00;TUPRS_01/2026_AVRUPA_OPSIYON;D_EQ;SSO;D_EQ_ECP;DE_TUPRS_ECP;TUPRS.E;2026-01-30;9.08;10.18;-10.81;0;0;0;0;0;0;0;0;0;25;0;;;;;
2026-01-23;O_TUPRSE0126C225.00;TUPRS_01/2026_AVRUPA_OPSIYON;D_EQ;SSO;D_EQ_ECP;DE_TUPRS_ECP;TUPRS.E;2026-01-30;5.78;6.78;-14.75;6.93;5.08;6.93;5.08;5.32;1755000;41474;78;8;197;68;;;;;
2026-01-23;O_TUPRSE0126C230.00;TUPRS_01/2026_AVRUPA_OPSIYON;D_EQ;SSO;D_EQ_ECP;DE_TUPRS_ECP;TUPRS.E;2026-01-30;3.36;4.16;-19.23;0;0;0;0;0;0;0;0;0;88;0;;;;;
2026-01-23;O_TUPRSE0126C235.00;TUPRS_01/2026_AVRUPA_OPSIYON;D_EQ;SSO;D_EQ_ECP;DE_TUPRS_ECP;TUPRS.E;2026-01-30;1.77;2.37;-25.32;1.98;1.98;1.98;1.98;1.98;235000;1980;10;1;2;0;;;;;
2026-01-23;O_TUPRSE0126C240.00;TUPRS_01/2026_AVRUPA_OPSIYON;D_EQ;SSO;D_EQ_ECP;DE_TUPRS_ECP;TUPRS.E;2026-01-30;0.86;1.24;-30.65;0;0;0;0;0;0;0;0;0;460;0;;;;;
2026-01-23;O_TUPRSE0126C245.00;TUPRS_01/2026_AVRUPA_OPSIYON;D_EQ;SSO;D_EQ_ECP;DE_TUPRS_ECP;TUPRS.E;2026-01-30;0.41;0.63;-34.92;0;0;0;0;0;0;0;0;0;0;0;;;;;
2026-01-23;O_TUPRSE0126C250.00;TUPRS_01/2026_AVRUPA_OPSIYON;D_EQ;SSO;D_EQ_ECP;DE_TUPRS_ECP;TUPRS.E;2026-01-30;0.18;0.31;-41.94;0;0;0;0;0;0;0;0;0;0;0;;;;;
2026-01-23;O_TUPRSE0126C260.00;TUPRS_01/2026_AVRUPA_OPSIYON;D_EQ;SSO;D_EQ_ECP;DE_TUPRS_ECP;TUPRS.E;2026-01-30;0.03;0.07;-57.14;0;0;0;0;0;0;0;0;0;0;0;;;;;
2026-01-23;O_TUPRSE0126C270.00;TUPRS_01/2026_AVRUPA_OPSIYON;D_EQ;SSO;D_EQ_ECP;DE_TUPRS_ECP;TUPRS.E;2026-01-30;0.01;0.01;0;0;0;0;0;0;0;0;0;0;0;0;;;;;
2026-01-23;O_TUPRSE0126P160.00;TUPRS_01/2026_AVRUPA_OPSIYON;D_EQ;SSO;D_EQ_EPP;DE_TUPRS_EPP;TUPRS.E;2026-01-30;0.01;0.01;0;0;0;0;0;0;0;0;0;0;0;0;;;;;
2026-01-23;O_TUPRSE0126P165.00;TUPRS_01/2026_AVRUPA_OPSIYON;D_EQ;SSO;D_EQ_EPP;DE_TUPRS_EPP;TUPRS.E;2026-01-30;0.01;0.01;0;0;0;0;0;0;0;0;0;0;0;0;;;;;
2026-01-23;O_TUPRSE0126P170.00;TUPRS_01/2026_AVRUPA_OPSIYON;D_EQ;SSO;D_EQ_EPP;DE_TUPRS_EPP;TUPRS.E;2026-01-30;0.01;0.01;0;0;0;0;0;0;0;0;0;0;0;0;;;;;
2026-01-23;O_TUPRSE0126P175.00;TUPRS_01/2026_AVRUPA_OPSIYON;D_EQ;SSO;D_EQ_EPP;DE_TUPRS_EPP;TUPRS.E;2026-01-30;0.01;0.01;0;0;0;0;0;0;0;0;0;0;3;0;;;;;
2026-01-23;O_TUPRSE0126P180.00;TUPRS_01/2026_AVRUPA_OPSIYON;D_EQ;SSO;D_EQ_EPP;DE_TUPRS_EPP;TUPRS.E;2026-01-30;0.01;0.01;0;0;0;0;0;0;0;0;0;0;30;0;;;;;
2026-01-23;O_TUPRSE0126P185.00;TUPRS_01/2026_AVRUPA_OPSIYON;D_EQ;SSO;D_EQ_EPP;DE_TUPRS_EPP;TUPRS.E;2026-01-30;0.01;0.01;0;0;0;0;0;0;0;0;0;0;801;0;;;;;
2026-01-23;O_TUPRSE0126P190.00;TUPRS_01/2026_AVRUPA_OPSIYON;D_EQ;SSO;D_EQ_EPP;DE_TUPRS_EPP;TUPRS.E;2026-01-30;0.01;0.01;0;0;0;0;0;0;0;0;0;0;20;0;;;;;
2026-01-23;O_TUPRSE0126P195.00;TUPRS_01/2026_AVRUPA_OPSIYON;D_EQ;SSO;D_EQ_EPP;DE_TUPRS_EPP;TUPRS.E;2026-01-30;0.01;0.01;0;0;0;0;0;0;0;0;0;0;0;0;;;;;
2026-01-23;O_TUPRSE0126P200.00;TUPRS_01/2026_AVRUPA_OPSIYON;D_EQ;SSO;D_EQ_EPP;DE_TUPRS_EPP;TUPRS.E;2026-01-30;0.03;0.04;-25;0;0;0;0;0;0;0;0;0;44;0;;;;;
2026-01-23;O_TUPRSE0126P205.00;TUPRS_01/2026_AVRUPA_OPSIYON;D_EQ;SSO;D_EQ_EPP;DE_TUPRS_EPP;TUPRS.E;2026-01-30;0.1;0.13;-23.08;0;0;0;0;0;0;0;0;0;20;0;;;;;
2026-01-23;O_TUPRSE0126P210.00;TUPRS_01/2026_AVRUPA_OPSIYON;D_EQ;SSO;D_EQ_EPP;DE_TUPRS_EPP;TUPRS.E;2026-01-30;0.29;0.33;-12.12;0;0;0;0;0;0;0;0;0;10;0;;;;;
2026-01-23;O_TUPRSE0126P215.00;TUPRS_01/2026_AVRUPA_OPSIYON;D_EQ;SSO;D_EQ_EPP;DE_TUPRS_EPP;TUPRS.E;2026-01-30;0.74;0.77;-3.9;0;0;0;0;0;0;0;0;0;121;0;;;;;
2026-01-23;O_TUPRSE0126P220.00;TUPRS_01/2026_AVRUPA_OPSIYON;D_EQ;SSO;D_EQ_EPP;DE_TUPRS_EPP;TUPRS.E;2026-01-30;1.68;1.66;1.2;0;0;0;0;0;0;0;0;0;200;0;;;;;
2026-01-23;O_TUPRSE0126P225.00;TUPRS_01/2026_AVRUPA_OPSIYON;D_EQ;SSO;D_EQ_EPP;DE_TUPRS_EPP;TUPRS.E;2026-01-30;3.35;3.21;4.36;2.72;2.72;3.24;3.24;3.05;2430000;32912;108;11;19;-71;;;;;
2026-01-23;O_TUPRSE0126P230.00;TUPRS_01/2026_AVRUPA_OPSIYON;D_EQ;SSO;D_EQ_EPP;DE_TUPRS_EPP;TUPRS.E;2026-01-30;5.89;5.55;6.13;5.04;5.04;5.96;5.96;5.5;1380000;33000;60;6;40;20;;;;;
2026-01-23;O_TUPRSE0126P235.00;TUPRS_01/2026_AVRUPA_OPSIYON;D_EQ;SSO;D_EQ_EPP;DE_TUPRS_EPP;TUPRS.E;2026-01-30;9.27;8.72;6.31;7.94;7.33;9.44;9.44;8.81;2843500;106651;121;13;136;95;;;;;
2026-01-23;O_TUPRSE0226C190.00;TUPRS_02/2026_AVRUPA_OPSIYON;D_EQ;SSO;D_EQ_ECP;DE_TUPRS_ECP;TUPRS.E;2026-02-27;43.17;44.25;-2.44;0;0;0;0;0;0;0;0;0;0;0;;;;;
2026-01-23;O_TUPRSE0226C195.00;TUPRS_02/2026_AVRUPA_OPSIYON;D_EQ;SSO;D_EQ_ECP;DE_TUPRS_ECP;TUPRS.E;2026-02-27;38.62;39.7;-2.72;0;0;0;0;0;0;0;0;0;30;0;;;;;
2026-01-23;O_TUPRSE0226C200.00;TUPRS_02/2026_AVRUPA_OPSIYON;D_EQ;SSO;D_EQ_ECP;DE_TUPRS_ECP;TUPRS.E;2026-02-27;34.19;35.26;-3.03;0;0;0;0;0;0;0;0;0;30;0;;;;;
2026-01-23;O_TUPRSE0226C205.00;TUPRS_02/2026_AVRUPA_OPSIYON;D_EQ;SSO;D_EQ_ECP;DE_TUPRS_ECP;TUPRS.E;2026-02-27;29.89;30.95;-3.42;0;0;0;0;0;0;0;0;0;30;0;;;;;
2026-01-23;O_TUPRSE0226C210.00;TUPRS_02/2026_AVRUPA_OPSIYON;D_EQ;SSO;D_EQ_ECP;DE_TUPRS_ECP;TUPRS.E;2026-02-27;25.77;26.8;-3.84;0;0;0;0;0;0;0;0;0;106;0;;;;;
2026-01-23;O_TUPRSE0226C215.00;TUPRS_02/2026_AVRUPA_OPSIYON;D_EQ;SSO;D_EQ_ECP;DE_TUPRS_ECP;TUPRS.E;2026-02-27;21.86;22.87;-4.42;0;0;0;0;0;0;0;0;0;10;0;;;;;
2026-01-23;O_TUPRSE0226C220.00;TUPRS_02/2026_AVRUPA_OPSIYON;D_EQ;SSO;D_EQ_ECP;DE_TUPRS_ECP;TUPRS.E;2026-02-27;18.2;19.18;-5.11;0;0;0;0;0;0;0;0;0;30;0;;;;;
2026-01-23;O_TUPRSE0226C225.00;TUPRS_02/2026_AVRUPA_OPSIYON;D_EQ;SSO;D_EQ_ECP;DE_TUPRS_ECP;TUPRS.E;2026-02-27;14.93;15.82;-5.63;0;0;0;0;0;0;0;0;0;33;0;;;;;
2026-01-23;O_TUPRSE0226C230.00;TUPRS_02/2026_AVRUPA_OPSIYON;D_EQ;SSO;D_EQ_ECP;DE_TUPRS_ECP;TUPRS.E;2026-02-27;12.09;12.91;-6.35;0;0;0;0;0;0;0;0;0;30;0;;;;;
2026-01-23;O_TUPRSE0226C235.00;TUPRS_02/2026_AVRUPA_OPSIYON;D_EQ;SSO;D_EQ_ECP;DE_TUPRS_ECP;TUPRS.E;2026-02-27;9.63;10.36;-7.05;0;0;0;0;0;0;0;0;0;10;0;;;;;
2026-01-23;O_TUPRSE0226C240.00;TUPRS_02/2026_AVRUPA_OPSIYON;D_EQ;SSO;D_EQ_ECP;DE_TUPRS_ECP;TUPRS.E;2026-02-27;7.61;8.25;-7.76;0;0;0;0;0;0;0;0;0;10;0;;;;;
2026-01-23;O_TUPRSE0226C245.00;TUPRS_02/2026_AVRUPA_OPSIYON;D_EQ;SSO;D_EQ_ECP;DE_TUPRS_ECP;TUPRS.E;2026-02-27;5.94;6.49;-8.47;0;0;0;0;0;0;0;0;0;0;0;;;;;
2026-01-23;O_TUPRSE0226C250.00;TUPRS_02/2026_AVRUPA_OPSIYON;D_EQ;SSO;D_EQ_ECP;DE_TUPRS_ECP;TUPRS.E;2026-02-27;4.7;5.13;-8.38;0;0;0;0;0;0;0;0;0;300;0;;;;;
2026-01-23;O_TUPRSE0226C260.00;TUPRS_02/2026_AVRUPA_OPSIYON;D_EQ;SSO;D_EQ_ECP;DE_TUPRS_ECP;TUPRS.E;2026-02-27;2.97;3.27;-9.17;0;0;0;0;0;0;0;0;0;0;0;;;;;
2026-01-23;O_TUPRSE0226C270.00;TUPRS_02/2026_AVRUPA_OPSIYON;D_EQ;SSO;D_EQ_ECP;DE_TUPRS_ECP;TUPRS.E;2026-02-27;1.89;2.09;-9.57;0;0;0;0;0;0;0;0;0;0;0;;;;;
2026-01-23;O_TUPRSE0226C280.00;TUPRS_02/2026_AVRUPA_OPSIYON;D_EQ;SSO;D_EQ_ECP;DE_TUPRS_ECP;TUPRS.E;2026-02-27;1.22;1.35;-9.63;0;0;0;0;0;0;0;0;0;0;0;;;;;
2026-01-23;O_TUPRSE0226P165.00;TUPRS_02/2026_AVRUPA_OPSIYON;D_EQ;SSO;D_EQ_EPP;DE_TUPRS_EPP;TUPRS.E;2026-02-27;0.06;0.06;0;0;0;0;0;0;0;0;0;0;0;0;;;;;
2026-01-23;O_TUPRSE0226P170.00;TUPRS_02/2026_AVRUPA_OPSIYON;D_EQ;SSO;D_EQ_EPP;DE_TUPRS_EPP;TUPRS.E;2026-02-27;0.09;0.09;0;0;0;0;0;0;0;0;0;0;0;0;;;;;
2026-01-23;O_TUPRSE0226P175.00;TUPRS_02/2026_AVRUPA_OPSIYON;D_EQ;SSO;D_EQ_EPP;DE_TUPRS_EPP;TUPRS.E;2026-02-27;0.15;0.15;0;0;0;0;0;0;0;0;0;0;0;0;;;;;
2026-01-23;O_TUPRSE0226P180.00;TUPRS_02/2026_AVRUPA_OPSIYON;D_EQ;SSO;D_EQ_EPP;DE_TUPRS_EPP;TUPRS.E;2026-02-27;0.24;0.24;0;0;0;0;0;0;0;0;0;0;0;0;;;;;
2026-01-23;O_TUPRSE0226P185.00;TUPRS_02/2026_AVRUPA_OPSIYON;D_EQ;SSO;D_EQ_EPP;DE_TUPRS_EPP;TUPRS.E;2026-02-27;0.38;0.37;2.7;0;0;0;0;0;0;0;0;0;0;0;;;;;
2026-01-23;O_TUPRSE0226P190.00;TUPRS_02/2026_AVRUPA_OPSIYON;D_EQ;SSO;D_EQ_EPP;DE_TUPRS_EPP;TUPRS.E;2026-02-27;0.57;0.56;1.79;0;0;0;0;0;0;0;0;0;0;0;;;;;
2026-01-23;O_TUPRSE0226P195.00;TUPRS_02/2026_AVRUPA_OPSIYON;D_EQ;SSO;D_EQ_EPP;DE_TUPRS_EPP;TUPRS.E;2026-02-27;0.85;0.83;2.41;0;0;0;0;0;0;0;0;0;0;0;;;;;
2026-01-23;O_TUPRSE0226P200.00;TUPRS_02/2026_AVRUPA_OPSIYON;D_EQ;SSO;D_EQ_EPP;DE_TUPRS_EPP;TUPRS.E;2026-02-27;1.23;1.2;2.5;0;0;0;0;0;0;0;0;0;10;0;;;;;
2026-01-23;O_TUPRSE0226P205.00;TUPRS_02/2026_AVRUPA_OPSIYON;D_EQ;SSO;D_EQ_EPP;DE_TUPRS_EPP;TUPRS.E;2026-02-27;1.75;1.7;2.94;0;0;0;0;0;0;0;0;0;20;0;;;;;
2026-01-23;O_TUPRSE0226P210.00;TUPRS_02/2026_AVRUPA_OPSIYON;D_EQ;SSO;D_EQ_EPP;DE_TUPRS_EPP;TUPRS.E;2026-02-27;2.45;2.38;2.94;0;0;0;0;0;0;0;0;0;95;0;;;;;
2026-01-23;O_TUPRSE0226P215.00;TUPRS_02/2026_AVRUPA_OPSIYON;D_EQ;SSO;D_EQ_EPP;DE_TUPRS_EPP;TUPRS.E;2026-02-27;3.36;3.26;3.07;0;0;0;0;0;0;0;0;0;68;0;;;;;
2026-01-23;O_TUPRSE0226P220.00;TUPRS_02/2026_AVRUPA_OPSIYON;D_EQ;SSO;D_EQ_EPP;DE_TUPRS_EPP;TUPRS.E;2026-02-27;4.53;4.39;3.19;0;0;0;0;0;0;0;0;0;200;0;;;;;
2026-01-23;O_TUPRSE0226P225.00;TUPRS_02/2026_AVRUPA_OPSIYON;D_EQ;SSO;D_EQ_EPP;DE_TUPRS_EPP;TUPRS.E;2026-02-27;6.08;5.84;4.11;0;0;0;0;0;0;0;0;0;0;0;;;;;
2026-01-23;O_TUPRSE0226P230.00;TUPRS_02/2026_AVRUPA_OPSIYON;D_EQ;SSO;D_EQ_EPP;DE_TUPRS_EPP;TUPRS.E;2026-02-27;8.06;7.75;4;0;0;0;0;0;0;0;0;0;700;0;;;;;
2026-01-23;O_TUPRSE0226P235.00;TUPRS_02/2026_AVRUPA_OPSIYON;D_EQ;SSO;D_EQ_EPP;DE_TUPRS_EPP;TUPRS.E;2026-02-27;10.42;10.01;4.1;0;0;0;0;0;0;0;0;0;50;0;;;;;
2026-01-23;O_TUPRSE0226P240.00;TUPRS_02/2026_AVRUPA_OPSIYON;D_EQ;SSO;D_EQ_EPP;DE_TUPRS_EPP;TUPRS.E;2026-02-27;13.23;12.72;4.01;0;0;0;0;0;0;0;0;0;450;0;;;;;
2026-01-23;O_TUPRSE0326C195.00;TUPRS_03/2026_AVRUPA_OPSIYON;D_EQ;SSO;D_EQ_ECP;DE_TUPRS_ECP;TUPRS.E;2026-03-31;48.25;49.32;-2.17;0;0;0;0;0;0;0;0;0;0;0;;;;;
2026-01-23;O_TUPRSE0326C200.00;TUPRS_03/2026_AVRUPA_OPSIYON;D_EQ;SSO;D_EQ_ECP;DE_TUPRS_ECP;TUPRS.E;2026-03-31;44.11;45.17;-2.35;0;0;0;0;0;0;0;0;0;0;0;;;;;
2026-01-23;O_TUPRSE0326C205.00;TUPRS_03/2026_AVRUPA_OPSIYON;D_EQ;SSO;D_EQ_ECP;DE_TUPRS_ECP;TUPRS.E;2026-03-31;40.07;41.12;-2.55;0;0;0;0;0;0;0;0;0;0;0;;;;;
2026-01-23;O_TUPRSE0326C210.00;TUPRS_03/2026_AVRUPA_OPSIYON;D_EQ;SSO;D_EQ_ECP;DE_TUPRS_ECP;TUPRS.E;2026-03-31;36.14;37.18;-2.8;0;0;0;0;0;0;0;0;0;0;0;;;;;
2026-01-23;O_TUPRSE0326C215.00;TUPRS_03/2026_AVRUPA_OPSIYON;D_EQ;SSO;D_EQ_ECP;DE_TUPRS_ECP;TUPRS.E;2026-03-31;32.35;33.38;-3.09;0;0;0;0;0;0;0;0;0;0;0;;;;;
2026-01-23;O_TUPRSE0326C220.00;TUPRS_03/2026_AVRUPA_OPSIYON;D_EQ;SSO;D_EQ_ECP;DE_TUPRS_ECP;TUPRS.E;2026-03-31;28.7;29.71;-3.4;0;0;0;0;0;0;0;0;0;0;0;;;;;
2026-01-23;O_TUPRSE0326C225.00;TUPRS_03/2026_AVRUPA_OPSIYON;D_EQ;SSO;D_EQ_ECP;DE_TUPRS_ECP;TUPRS.E;2026-03-31;25.23;26.21;-3.74;0;0;0;0;0;0;0;0;0;0;0;;;;;
2026-01-23;O_TUPRSE0326C230.00;TUPRS_03/2026_AVRUPA_OPSIYON;D_EQ;SSO;D_EQ_ECP;DE_TUPRS_ECP;TUPRS.E;2026-03-31;21.94;22.9;-4.19;0;0;0;0;0;0;0;0;0;0;0;;;;;
2026-01-23;O_TUPRSE0326C235.00;TUPRS_03/2026_AVRUPA_OPSIYON;D_EQ;SSO;D_EQ_ECP;DE_TUPRS_ECP;TUPRS.E;2026-03-31;19.08;19.94;-4.31;0;0;0;0;0;0;0;0;0;0;0;;;;;
2026-01-23;O_TUPRSE0326C240.00;TUPRS_03/2026_AVRUPA_OPSIYON;D_EQ;SSO;D_EQ_ECP;DE_TUPRS_ECP;TUPRS.E;2026-03-31;16.47;17.28;-4.69;0;0;0;0;0;0;0;0;0;0;0;;;;;
2026-01-23;O_TUPRSE0326C245.00;TUPRS_03/2026_AVRUPA_OPSIYON;D_EQ;SSO;D_EQ_ECP;DE_TUPRS_ECP;TUPRS.E;2026-03-31;14.16;14.89;-4.9;0;0;0;0;0;0;0;0;0;0;0;;;;;
2026-01-23;O_TUPRSE0326C250.00;TUPRS_03/2026_AVRUPA_OPSIYON;D_EQ;SSO;D_EQ_ECP;DE_TUPRS_ECP;TUPRS.E;2026-03-31;12.15;12.82;-5.23;0;0;0;0;0;0;0;0;0;0;0;;;;;
2026-01-23;O_TUPRSE0326C260.00;TUPRS_03/2026_AVRUPA_OPSIYON;D_EQ;SSO;D_EQ_ECP;DE_TUPRS_ECP;TUPRS.E;2026-03-31;9.08;9.57;-5.12;0;0;0;0;0;0;0;0;0;0;0;;;;;
2026-01-23;O_TUPRSE0326C270.00;TUPRS_03/2026_AVRUPA_OPSIYON;D_EQ;SSO;D_EQ_ECP;DE_TUPRS_ECP;TUPRS.E;2026-03-31;6.95;7.33;-5.18;0;0;0;0;0;0;0;0;0;0;0;;;;;
2026-01-23;O_TUPRSE0326C280.00;TUPRS_03/2026_AVRUPA_OPSIYON;D_EQ;SSO;D_EQ_ECP;DE_TUPRS_ECP;TUPRS.E;2026-03-31;5.38;5.67;-5.11;0;0;0;0;0;0;0;0;0;0;0;;;;;
2026-01-23;O_TUPRSE0326C290.00;TUPRS_03/2026_AVRUPA_OPSIYON;D_EQ;SSO;D_EQ_ECP;DE_TUPRS_ECP;TUPRS.E;2026-03-31;4.21;4.43;-4.97;0;0;0;0;0;0;0;0;0;0;0;;;;;
2026-01-23;O_TUPRSE0326P170.00;TUPRS_03/2026_AVRUPA_OPSIYON;D_EQ;SSO;D_EQ_EPP;DE_TUPRS_EPP;TUPRS.E;2026-03-31;0.42;0.41;2.44;0;0;0;0;0;0;0;0;0;0;0;;;;;
2026-01-23;O_TUPRSE0326P175.00;TUPRS_03/2026_AVRUPA_OPSIYON;D_EQ;SSO;D_EQ_EPP;DE_TUPRS_EPP;TUPRS.E;2026-03-31;0.57;0.55;3.64;0;0;0;0;0;0;0;0;0;0;0;;;;;
2026-01-23;O_TUPRSE0326P180.00;TUPRS_03/2026_AVRUPA_OPSIYON;D_EQ;SSO;D_EQ_EPP;DE_TUPRS_EPP;TUPRS.E;2026-03-31;0.76;0.73;4.11;0;0;0;0;0;0;0;0;0;0;0;;;;;
2026-01-23;O_TUPRSE0326P185.00;TUPRS_03/2026_AVRUPA_OPSIYON;D_EQ;SSO;D_EQ_EPP;DE_TUPRS_EPP;TUPRS.E;2026-03-31;0.99;0.96;3.13;0;0;0;0;0;0;0;0;0;0;0;;;;;
2026-01-23;O_TUPRSE0326P190.00;TUPRS_03/2026_AVRUPA_OPSIYON;D_EQ;SSO;D_EQ_EPP;DE_TUPRS_EPP;TUPRS.E;2026-03-31;1.29;1.25;3.2;0;0;0;0;0;0;0;0;0;0;0;;;;;
2026-01-23;O_TUPRSE0326P195.00;TUPRS_03/2026_AVRUPA_OPSIYON;D_EQ;SSO;D_EQ_EPP;DE_TUPRS_EPP;TUPRS.E;2026-03-31;1.66;1.61;3.11;0;0;0;0;0;0;0;0;0;0;0;;;;;
2026-01-23;O_TUPRSE0326P200.00;TUPRS_03/2026_AVRUPA_OPSIYON;D_EQ;SSO;D_EQ_EPP;DE_TUPRS_EPP;TUPRS.E;2026-03-31;2.11;2.05;2.93;0;0;0;0;0;0;0;0;0;0;0;;;;;
2026-01-23;O_TUPRSE0326P205.00;TUPRS_03/2026_AVRUPA_OPSIYON;D_EQ;SSO;D_EQ_EPP;DE_TUPRS_EPP;TUPRS.E;2026-03-31;2.67;2.59;3.09;0;0;0;0;0;0;0;0;0;0;0;;;;;
2026-01-23;O_TUPRSE0326P210.00;TUPRS_03/2026_AVRUPA_OPSIYON;D_EQ;SSO;D_EQ_EPP;DE_TUPRS_EPP;TUPRS.E;2026-03-31;3.34;3.24;3.09;0;0;0;0;0;0;0;0;0;0;0;;;;;
2026-01-23;O_TUPRSE0326P215.00;TUPRS_03/2026_AVRUPA_OPSIYON;D_EQ;SSO;D_EQ_EPP;DE_TUPRS_EPP;TUPRS.E;2026-03-31;4.14;4.02;2.99;0;0;0;0;0;0;0;0;0;0;0;;;;;
2026-01-23;O_TUPRSE0326P220.00;TUPRS_03/2026_AVRUPA_OPSIYON;D_EQ;SSO;D_EQ_EPP;DE_TUPRS_EPP;TUPRS.E;2026-03-31;5.09;4.94;3.04;0;0;0;0;0;0;0;0;0;0;0;;;;;
2026-01-23;O_TUPRSE0326P225.00;TUPRS_03/2026_AVRUPA_OPSIYON;D_EQ;SSO;D_EQ_EPP;DE_TUPRS_EPP;TUPRS.E;2026-03-31;6.21;6.03;2.99;0;0;0;0;0;0;0;0;0;0;0;;;;;
2026-01-23;O_TUPRSE0326P230.00;TUPRS_03/2026_AVRUPA_OPSIYON;D_EQ;SSO;D_EQ_EPP;DE_TUPRS_EPP;TUPRS.E;2026-03-31;7.52;7.31;2.87;0;0;0;0;0;0;0;0;0;0;0;;;;;
2026-01-23;O_TUPRSE0326P235.00;TUPRS_03/2026_AVRUPA_OPSIYON;D_EQ;SSO;D_EQ_EPP;DE_TUPRS_EPP;TUPRS.E;2026-03-31;9.25;8.94;3.47;0;0;0;0;0;0;0;0;0;0;0;;;;;
2026-01-23;O_TUPRSE0326P240.00;TUPRS_03/2026_AVRUPA_OPSIYON;D_EQ;SSO;D_EQ_EPP;DE_TUPRS_EPP;TUPRS.E;2026-03-31;11.23;10.87;3.31;0;0;0;0;0;0;0;0;0;0;0;;;;;
2026-01-23;O_TUPRSE0326P245.00;TUPRS_03/2026_AVRUPA_OPSIYON;D_EQ;SSO;D_EQ_EPP;DE_TUPRS_EPP;TUPRS.E;2026-03-31;13.52;13.07;3.44;0;0;0;0;0;0;0;0;0;0;0;;;;;
2026-01-23;O_USDTRYKE0126C42500;USDTRY_01/2026_AVRUPA_OPSIYON;D_CR;CRO;D_CR_ECO;DE_USDTRYK_ECO;D_USDTRYK;2026-01-30;955.9;1007.3;-5.1;0;0;0;0;0;0;0;0;0;0;0;;;;;
2026-01-23;O_USDTRYKE0126C43000;USDTRY_01/2026_AVRUPA_OPSIYON;D_CR;CRO;D_CR_ECO;DE_USDTRYK_ECO;D_USDTRYK;2026-01-30;485.7;536.6;-9.49;445.6;445.6;484;484;463.8;17200000;185520;400;4;3600;400;;;;;
2026-01-23;O_USDTRYKE0126C43500;USDTRY_01/2026_AVRUPA_OPSIYON;D_CR;CRO;D_CR_ECO;DE_USDTRYK_ECO;D_USDTRYK;2026-01-30;147.8;184.5;-19.89;122;96.3;122;102;103.5;43935000;104511;1010;11;24618;198;;;;;
2026-01-23;O_USDTRYKE0126C44000;USDTRY_01/2026_AVRUPA_OPSIYON;D_CR;CRO;D_CR_ECO;DE_USDTRYK_ECO;D_USDTRYK;2026-01-30;20.2;32.3;-37.46;64;43.5;64;43.5;50.7;298760000;343939;6790;40;76736;-5490;;;;;
2026-01-23;O_USDTRYKE0126C44500;USDTRY_01/2026_AVRUPA_OPSIYON;D_CR;CRO;D_CR_ECO;DE_USDTRYK_ECO;D_USDTRYK;2026-01-30;6.5;14.2;-54.23;30.9;30.9;39;39;31.2;4628000;3241;104;5;27866;4;;;;;
2026-01-23;O_USDTRYKE0126C45000;USDTRY_01/2026_AVRUPA_OPSIYON;D_CR;CRO;D_CR_ECO;DE_USDTRYK_ECO;D_USDTRYK;2026-01-30;8.5;10.6;-19.81;0;0;0;0;0;0;0;0;0;51862;0;;;;;
2026-01-23;O_USDTRYKE0126C45500;USDTRY_01/2026_AVRUPA_OPSIYON;D_CR;CRO;D_CR_ECO;DE_USDTRYK_ECO;D_USDTRYK;2026-01-30;4.8;5.8;-17.24;0;0;0;0;0;0;0;0;0;42091;0;;;;;
2026-01-23;O_USDTRYKE0126C46500;USDTRY_01/2026_AVRUPA_OPSIYON;D_CR;CRO;D_CR_ECO;DE_USDTRYK_ECO;D_USDTRYK;2026-01-30;2.1;2.5;-16;25.4;25.4;25.4;25.4;25.4;10695000;5842;230;4;60882;0;;;;;
2026-01-23;O_USDTRYKE0126C47000;USDTRY_01/2026_AVRUPA_OPSIYON;D_CR;CRO;D_CR_ECO;DE_USDTRYK_ECO;D_USDTRYK;2026-01-30;1.6;1.5;6.67;0;0;0;0;0;0;0;0;0;6392;0;;;;;
2026-01-23;O_USDTRYKE0126C47500;USDTRY_01/2026_AVRUPA_OPSIYON;D_CR;CRO;D_CR_ECO;DE_USDTRYK_ECO;D_USDTRYK;2026-01-30;0.5;0.4;25;8;8;8;8;8;4750000;800;100;1;79591;-100;;;;;
2026-01-23;O_USDTRYKE0126C48000;USDTRY_01/2026_AVRUPA_OPSIYON;D_CR;CRO;D_CR_ECO;DE_USDTRYK_ECO;D_USDTRYK;2026-01-30;0.1;0.1;0;0;0;0;0;0;0;0;0;0;8204;0;;;;;
2026-01-23;O_USDTRYKE0126C48500;USDTRY_01/2026_AVRUPA_OPSIYON;D_CR;CRO;D_CR_ECO;DE_USDTRYK_ECO;D_USDTRYK;2026-01-30;0.1;0.1;0;0;0;0;0;0;0;0;0;0;3100;0;;;;;
2026-01-23;O_USDTRYKE0126C49000;USDTRY_01/2026_AVRUPA_OPSIYON;D_CR;CRO;D_CR_ECO;DE_USDTRYK_ECO;D_USDTRYK;2026-01-30;0.1;0.1;0;0;0;0;0;0;0;0;0;0;6248;0;;;;;
2026-01-23;O_USDTRYKE0126C49500;USDTRY_01/2026_AVRUPA_OPSIYON;D_CR;CRO;D_CR_ECO;DE_USDTRYK_ECO;D_USDTRYK;2026-01-30;0.1;0.1;0;0;0;0;0;0;0;0;0;0;12251;0;;;;;
2026-01-23;O_USDTRYKE0126P39500;USDTRY_01/2026_AVRUPA_OPSIYON;D_CR;CRO;D_CR_EPO;DE_USDTRYK_EPO;D_USDTRYK;2026-01-30;0.1;0.1;0;0;0;0;0;0;0;0;0;0;0;0;;;;;
2026-01-23;O_USDTRYKE0126P40000;USDTRY_01/2026_AVRUPA_OPSIYON;D_CR;CRO;D_CR_EPO;DE_USDTRYK_EPO;D_USDTRYK;2026-01-30;0.1;0.1;0;0;0;0;0;0;0;0;0;0;11;0;;;;;
2026-01-23;O_USDTRYKE0126P40500;USDTRY_01/2026_AVRUPA_OPSIYON;D_CR;CRO;D_CR_EPO;DE_USDTRYK_EPO;D_USDTRYK;2026-01-30;0.1;0.1;0;0;0;0;0;0;0;0;0;0;0;0;;;;;
2026-01-23;O_USDTRYKE0126P41000;USDTRY_01/2026_AVRUPA_OPSIYON;D_CR;CRO;D_CR_EPO;DE_USDTRYK_EPO;D_USDTRYK;2026-01-30;0.1;0.1;0;0;0;0;0;0;0;0;0;0;0;0;;;;;
2026-01-23;O_USDTRYKE0126P41500;USDTRY_01/2026_AVRUPA_OPSIYON;D_CR;CRO;D_CR_EPO;DE_USDTRYK_EPO;D_USDTRYK;2026-01-30;0.1;0.1;0;0;0;0;0;0;0;0;0;0;0;0;;;;;
2026-01-23;O_USDTRYKE0126P42000;USDTRY_01/2026_AVRUPA_OPSIYON;D_CR;CRO;D_CR_EPO;DE_USDTRYK_EPO;D_USDTRYK;2026-01-30;0.1;0.1;0;0;0;0;0;0;0;0;0;0;0;0;;;;;
2026-01-23;O_USDTRYKE0126P42500;USDTRY_01/2026_AVRUPA_OPSIYON;D_CR;CRO;D_CR_EPO;DE_USDTRYK_EPO;D_USDTRYK;2026-01-30;1.5;1.8;-16.67;0;0;0;0;0;0;0;0;0;2400;0;;;;;
2026-01-23;O_USDTRYKE0126P43000;USDTRY_01/2026_AVRUPA_OPSIYON;D_CR;CRO;D_CR_EPO;DE_USDTRYK_EPO;D_USDTRYK;2026-01-30;28.9;28.2;2.48;0.1;0.1;2.8;0.1;0.8;279500000;4910;6500;65;18605;6500;;;;;
2026-01-23;O_USDTRYKE0126P43500;USDTRY_01/2026_AVRUPA_OPSIYON;D_CR;CRO;D_CR_EPO;DE_USDTRYK_EPO;D_USDTRYK;2026-01-30;188.4;173.3;8.71;119.8;104.1;123.4;123.4;115.2;81475500;215719.5;1873;23;42741;1328;;;;;
2026-01-23;O_USDTRYKE0126P44000;USDTRY_01/2026_AVRUPA_OPSIYON;D_CR;CRO;D_CR_EPO;DE_USDTRYK_EPO;D_USDTRYK;2026-01-30;558.4;518.3;7.74;536;500;538.8;538.8;507.7;527296000;6083739.2;11984;69;120017;1940;;;;;
2026-01-23;O_USDTRYKE0126P44500;USDTRY_01/2026_AVRUPA_OPSIYON;D_CR;CRO;D_CR_EPO;DE_USDTRYK_EPO;D_USDTRYK;2026-01-30;1042.2;997.4;4.49;980.1;980;1020;1020;983.6;48950000;1082011.7;1100;14;12880;10;;;;;
2026-01-23;O_USDTRYKE0126P45000;USDTRY_01/2026_AVRUPA_OPSIYON;D_CR;CRO;D_CR_EPO;DE_USDTRYK_EPO;D_USDTRYK;2026-01-30;1541.7;1490.9;3.41;0;0;0;0;0;0;0;0;0;110;0;;;;;
2026-01-23;O_USDTRYKE0126P45500;USDTRY_01/2026_AVRUPA_OPSIYON;D_CR;CRO;D_CR_EPO;DE_USDTRYK_EPO;D_USDTRYK;2026-01-30;2035.5;1983.3;2.63;0;0;0;0;0;0;0;0;0;60;0;;;;;
2026-01-23;O_USDTRYKE0126P46000;USDTRY_01/2026_AVRUPA_OPSIYON;D_CR;CRO;D_CR_EPO;DE_USDTRYK_EPO;D_USDTRYK;2026-01-30;2531.2;2478.2;2.14;0;0;0;0;0;0;0;0;0;380;0;;;;;
2026-01-23;O_USDTRYKE0126P46500;USDTRY_01/2026_AVRUPA_OPSIYON;D_CR;CRO;D_CR_EPO;DE_USDTRYK_EPO;D_USDTRYK;2026-01-30;3027.8;2974.3;1.8;0;0;0;0;0;0;0;0;0;70;0;;;;;
2026-01-23;O_USDTRYKE0226C43500;USDTRY_02/2026_AVRUPA_OPSIYON;D_CR;CRO;D_CR_ECO;DE_USDTRYK_ECO;D_USDTRYK;2026-02-27;911.4;956.6;-4.73;0;0;0;0;0;0;0;0;0;520;0;;;;;
2026-01-23;O_USDTRYKE0226C44000;USDTRY_02/2026_AVRUPA_OPSIYON;D_CR;CRO;D_CR_ECO;DE_USDTRYK_ECO;D_USDTRYK;2026-02-27;558.3;596.5;-6.4;534.2;530.5;534.2;530.5;532.2;4840000;58540;110;4;3761;110;;;;;
2026-01-23;O_USDTRYKE0226C44500;USDTRY_02/2026_AVRUPA_OPSIYON;D_CR;CRO;D_CR_ECO;DE_USDTRYK_ECO;D_USDTRYK;2026-02-27;299.5;347.9;-13.91;381.4;371.7;381.4;371.7;380.9;934500;7999.7;21;2;61758;21;;;;;
2026-01-23;O_USDTRYKE0226C45000;USDTRY_02/2026_AVRUPA_OPSIYON;D_CR;CRO;D_CR_ECO;DE_USDTRYK_ECO;D_USDTRYK;2026-02-27;172.6;227.6;-24.17;290;290;342;342;340.8;59985000;454326;1333;45;68053;31;;;;;
2026-01-23;O_USDTRYKE0226C45500;USDTRY_02/2026_AVRUPA_OPSIYON;D_CR;CRO;D_CR_ECO;DE_USDTRYK_ECO;D_USDTRYK;2026-02-27;174.4;225.8;-22.76;310.8;310.8;310.8;310.8;310.8;4550000;31080;100;1;61285;100;;;;;
2026-01-23;O_USDTRYKE0226C46500;USDTRY_02/2026_AVRUPA_OPSIYON;D_CR;CRO;D_CR_ECO;DE_USDTRYK_ECO;D_USDTRYK;2026-02-27;145.9;183.5;-20.49;0;0;0;0;0;0;0;0;0;12299;0;;;;;
2026-01-23;O_USDTRYKE0226C47000;USDTRY_02/2026_AVRUPA_OPSIYON;D_CR;CRO;D_CR_ECO;DE_USDTRYK_ECO;D_USDTRYK;2026-02-27;140.9;174.3;-19.16;0;0;0;0;0;0;0;0;0;14441;0;;;;;
2026-01-23;O_USDTRYKE0226C47500;USDTRY_02/2026_AVRUPA_OPSIYON;D_CR;CRO;D_CR_ECO;DE_USDTRYK_ECO;D_USDTRYK;2026-02-27;169.2;199.3;-15.1;0;0;0;0;0;0;0;0;0;1800;0;;;;;
2026-01-23;O_USDTRYKE0226C48000;USDTRY_02/2026_AVRUPA_OPSIYON;D_CR;CRO;D_CR_ECO;DE_USDTRYK_ECO;D_USDTRYK;2026-02-27;149.5;175.6;-14.86;0;0;0;0;0;0;0;0;0;8300;0;;;;;
2026-01-23;O_USDTRYKE0226C48500;USDTRY_02/2026_AVRUPA_OPSIYON;D_CR;CRO;D_CR_ECO;DE_USDTRYK_ECO;D_USDTRYK;2026-02-27;134.2;157;-14.52;0;0;0;0;0;0;0;0;0;2200;0;;;;;
2026-01-23;O_USDTRYKE0226C49000;USDTRY_02/2026_AVRUPA_OPSIYON;D_CR;CRO;D_CR_ECO;DE_USDTRYK_ECO;D_USDTRYK;2026-02-27;122.2;142.3;-14.13;0;0;0;0;0;0;0;0;0;4200;0;;;;;
2026-01-23;O_USDTRYKE0226C49500;USDTRY_02/2026_AVRUPA_OPSIYON;D_CR;CRO;D_CR_ECO;DE_USDTRYK_ECO;D_USDTRYK;2026-02-27;112.7;130.5;-13.64;0;0;0;0;0;0;0;0;0;94880;0;;;;;
2026-01-23;O_USDTRYKE0226P40500;USDTRY_02/2026_AVRUPA_OPSIYON;D_CR;CRO;D_CR_EPO;DE_USDTRYK_EPO;D_USDTRYK;2026-02-27;0.1;0.1;0;0;0;0;0;0;0;0;0;0;0;0;;;;;
2026-01-23;O_USDTRYKE0226P41000;USDTRY_02/2026_AVRUPA_OPSIYON;D_CR;CRO;D_CR_EPO;DE_USDTRYK_EPO;D_USDTRYK;2026-02-27;0.1;0.1;0;0;0;0;0;0;0;0;0;0;0;0;;;;;
2026-01-23;O_USDTRYKE0226P41500;USDTRY_02/2026_AVRUPA_OPSIYON;D_CR;CRO;D_CR_EPO;DE_USDTRYK_EPO;D_USDTRYK;2026-02-27;0.3;0.3;0;0;0;0;0;0;0;0;0;0;0;0;;;;;
2026-01-23;O_USDTRYKE0226P42000;USDTRY_02/2026_AVRUPA_OPSIYON;D_CR;CRO;D_CR_EPO;DE_USDTRYK_EPO;D_USDTRYK;2026-02-27;1.9;1.8;5.56;0;0;0;0;0;0;0;0;0;0;0;;;;;
2026-01-23;O_USDTRYKE0226P42500;USDTRY_02/2026_AVRUPA_OPSIYON;D_CR;CRO;D_CR_EPO;DE_USDTRYK_EPO;D_USDTRYK;2026-02-27;8.9;8.4;5.95;0;0;0;0;0;0;0;0;0;0;0;;;;;
2026-01-23;O_USDTRYKE0226P43000;USDTRY_02/2026_AVRUPA_OPSIYON;D_CR;CRO;D_CR_EPO;DE_USDTRYK_EPO;D_USDTRYK;2026-02-27;33.1;31.1;6.43;0;0;0;0;0;0;0;0;0;0;0;;;;;
2026-01-23;O_USDTRYKE0226P43500;USDTRY_02/2026_AVRUPA_OPSIYON;D_CR;CRO;D_CR_EPO;DE_USDTRYK_EPO;D_USDTRYK;2026-02-27;97.3;91.3;6.57;0;0;0;0;0;0;0;0;0;38510;0;;;;;
2026-01-23;O_USDTRYKE0226P44000;USDTRY_02/2026_AVRUPA_OPSIYON;D_CR;CRO;D_CR_EPO;DE_USDTRYK_EPO;D_USDTRYK;2026-02-27;231.8;218.5;6.09;0;0;0;0;0;0;0;0;0;1585;0;;;;;
2026-01-23;O_USDTRYKE0226P44500;USDTRY_02/2026_AVRUPA_OPSIYON;D_CR;CRO;D_CR_EPO;DE_USDTRYK_EPO;D_USDTRYK;2026-02-27;460.8;457.3;0.77;0;0;0;0;0;0;0;0;0;9690;0;;;;;
2026-01-23;O_USDTRYKE0226P45000;USDTRY_02/2026_AVRUPA_OPSIYON;D_CR;CRO;D_CR_EPO;DE_USDTRYK_EPO;D_USDTRYK;2026-02-27;821.5;824.3;-0.34;845.2;835;878.2;878.2;849.2;31500000;594472.9;700;9;30772;300;;;;;
2026-01-23;O_USDTRYKE0226P45500;USDTRY_02/2026_AVRUPA_OPSIYON;D_CR;CRO;D_CR_EPO;DE_USDTRYK_EPO;D_USDTRYK;2026-02-27;1311;1309.8;0.09;0;0;0;0;0;0;0;0;0;0;0;;;;;
2026-01-23;O_USDTRYKE0226P46000;USDTRY_02/2026_AVRUPA_OPSIYON;D_CR;CRO;D_CR_EPO;DE_USDTRYK_EPO;D_USDTRYK;2026-02-27;1780.2;1770.6;0.54;0;0;0;0;0;0;0;0;0;0;0;;;;;
2026-01-23;O_USDTRYKE0226P46500;USDTRY_02/2026_AVRUPA_OPSIYON;D_CR;CRO;D_CR_EPO;DE_USDTRYK_EPO;D_USDTRYK;2026-02-27;2257.9;2242.2;0.7;0;0;0;0;0;0;0;0;0;0;0;;;;;
2026-01-23;O_USDTRYKE0326C44500;USDTRY_03/2026_AVRUPA_OPSIYON;D_CR;CRO;D_CR_ECO;DE_USDTRYK_ECO;D_USDTRYK;2026-03-31;1021.2;1062.3;-3.87;0;0;0;0;0;0;0;0;0;2;0;;;;;
2026-01-23;O_USDTRYKE0326C45000;USDTRY_03/2026_AVRUPA_OPSIYON;D_CR;CRO;D_CR_ECO;DE_USDTRYK_ECO;D_USDTRYK;2026-03-31;703.2;785.7;-10.5;0;0;0;0;0;0;0;0;0;9;0;;;;;
2026-01-23;O_USDTRYKE0326C46500;USDTRY_03/2026_AVRUPA_OPSIYON;D_CR;CRO;D_CR_ECO;DE_USDTRYK_ECO;D_USDTRYK;2026-03-31;315.8;390.6;-19.15;590;575;600;600;594.4;423894000;5418769.9;9116;43;22378;7716;;;;;
2026-01-23;O_USDTRYKE0326C47500;USDTRY_03/2026_AVRUPA_OPSIYON;D_CR;CRO;D_CR_ECO;DE_USDTRYK_ECO;D_USDTRYK;2026-03-31;281.3;337.7;-16.7;480;480;480;480;480;47500;480;1;1;40004;1;;;;;
2026-01-23;O_USDTRYKE0326C48000;USDTRY_03/2026_AVRUPA_OPSIYON;D_CR;CRO;D_CR_ECO;DE_USDTRYK_ECO;D_USDTRYK;2026-03-31;268.4;318.5;-15.73;430;430;430;430;430;960000;8600;20;1;2940;20;;;;;
2026-01-23;O_USDTRYKE0326C48500;USDTRY_03/2026_AVRUPA_OPSIYON;D_CR;CRO;D_CR_ECO;DE_USDTRYK_ECO;D_USDTRYK;2026-03-31;260.6;305.5;-14.7;0;0;0;0;0;0;0;0;0;1100;0;;;;;
2026-01-23;O_USDTRYKE0326C49000;USDTRY_03/2026_AVRUPA_OPSIYON;D_CR;CRO;D_CR_ECO;DE_USDTRYK_ECO;D_USDTRYK;2026-03-31;256.4;297;-13.67;360;360;360;360;360;980000;7200;20;1;1000;20;;;;;
2026-01-23;O_USDTRYKE0326C49500;USDTRY_03/2026_AVRUPA_OPSIYON;D_CR;CRO;D_CR_ECO;DE_USDTRYK_ECO;D_USDTRYK;2026-03-31;254.9;291.7;-12.62;0;0;0;0;0;0;0;0;0;501;0;;;;;
2026-01-23;O_USDTRYKE0326C50000;USDTRY_03/2026_AVRUPA_OPSIYON;D_CR;CRO;D_CR_ECO;DE_USDTRYK_ECO;D_USDTRYK;2026-03-31;255.5;289.1;-11.62;0;0;0;0;0;0;0;0;0;57165;0;;;;;
2026-01-23;O_USDTRYKE0326P41500;USDTRY_03/2026_AVRUPA_OPSIYON;D_CR;CRO;D_CR_EPO;DE_USDTRYK_EPO;D_USDTRYK;2026-03-31;0.5;0.5;0;0;0;0;0;0;0;0;0;0;0;0;;;;;
2026-01-23;O_USDTRYKE0326P42000;USDTRY_03/2026_AVRUPA_OPSIYON;D_CR;CRO;D_CR_EPO;DE_USDTRYK_EPO;D_USDTRYK;2026-03-31;2;1.9;5.26;0;0;0;0;0;0;0;0;0;0;0;;;;;
2026-01-23;O_USDTRYKE0326P42500;USDTRY_03/2026_AVRUPA_OPSIYON;D_CR;CRO;D_CR_EPO;DE_USDTRYK_EPO;D_USDTRYK;2026-03-31;6.7;6.3;6.35;0;0;0;0;0;0;0;0;0;0;0;;;;;
2026-01-23;O_USDTRYKE0326P43000;USDTRY_03/2026_AVRUPA_OPSIYON;D_CR;CRO;D_CR_EPO;DE_USDTRYK_EPO;D_USDTRYK;2026-03-31;19;17.9;6.15;0;0;0;0;0;0;0;0;0;0;0;;;;;
2026-01-23;O_USDTRYKE0326P43500;USDTRY_03/2026_AVRUPA_OPSIYON;D_CR;CRO;D_CR_EPO;DE_USDTRYK_EPO;D_USDTRYK;2026-03-31;47.2;44.6;5.83;0;0;0;0;0;0;0;0;0;0;0;;;;;
2026-01-23;O_USDTRYKE0326P44000;USDTRY_03/2026_AVRUPA_OPSIYON;D_CR;CRO;D_CR_EPO;DE_USDTRYK_EPO;D_USDTRYK;2026-03-31;103.9;98.3;5.7;0;0;0;0;0;0;0;0;0;0;0;;;;;
2026-01-23;O_USDTRYKE0326P44500;USDTRY_03/2026_AVRUPA_OPSIYON;D_CR;CRO;D_CR_EPO;DE_USDTRYK_EPO;D_USDTRYK;2026-03-31;204.3;194.2;5.2;0;0;0;0;0;0;0;0;0;0;0;;;;;
2026-01-23;O_USDTRYKE0326P45000;USDTRY_03/2026_AVRUPA_OPSIYON;D_CR;CRO;D_CR_EPO;DE_USDTRYK_EPO;D_USDTRYK;2026-03-31;363;394;-7.87;0;0;0;0;0;0;0;0;0;0;0;;;;;
2026-01-23;O_USDTRYKE0326P45500;USDTRY_03/2026_AVRUPA_OPSIYON;D_CR;CRO;D_CR_EPO;DE_USDTRYK_EPO;D_USDTRYK;2026-03-31;662;704.6;-6.05;0;0;0;0;0;0;0;0;0;0;0;;;;;
2026-01-23;O_USDTRYKE0326P46000;USDTRY_03/2026_AVRUPA_OPSIYON;D_CR;CRO;D_CR_EPO;DE_USDTRYK_EPO;D_USDTRYK;2026-03-31;1025.9;1052.7;-2.55;0;0;0;0;0;0;0;0;0;0;0;;;;;
2026-01-23;O_USDTRYKE0326P46500;USDTRY_03/2026_AVRUPA_OPSIYON;D_CR;CRO;D_CR_EPO;DE_USDTRYK_EPO;D_USDTRYK;2026-03-31;1405.7;1427.9;-1.55;0;0;0;0;0;0;0;0;0;0;0;;;;;
2026-01-23;O_USDTRYKE0326P47000;USDTRY_03/2026_AVRUPA_OPSIYON;D_CR;CRO;D_CR_EPO;DE_USDTRYK_EPO;D_USDTRYK;2026-03-31;1868.3;1879.6;-0.6;0;0;0;0;0;0;0;0;0;0;0;;;;;
2026-01-23;O_VAKBNE0126C25.00;VAKBN_01/2026_AVRUPA_OPSIYON;D_EQ;SSO;D_EQ_ECP;DE_VAKBN_ECP;VAKBN.E;2026-01-30;9.62;8.99;7.01;0;0;0;0;0;0;0;0;0;0;0;;;;;
2026-01-23;O_VAKBNE0126C26.00;VAKBN_01/2026_AVRUPA_OPSIYON;D_EQ;SSO;D_EQ_ECP;DE_VAKBN_ECP;VAKBN.E;2026-01-30;8.63;8;7.88;0;0;0;0;0;0;0;0;0;0;0;;;;;
2026-01-23;O_VAKBNE0126C27.00;VAKBN_01/2026_AVRUPA_OPSIYON;D_EQ;SSO;D_EQ_ECP;DE_VAKBN_ECP;VAKBN.E;2026-01-30;7.64;7;9.14;0;0;0;0;0;0;0;0;0;0;0;;;;;
2026-01-23;O_VAKBNE0126C28.00;VAKBN_01/2026_AVRUPA_OPSIYON;D_EQ;SSO;D_EQ_ECP;DE_VAKBN_ECP;VAKBN.E;2026-01-30;6.64;6.01;10.48;0;0;0;0;0;0;0;0;0;0;0;;;;;
2026-01-23;O_VAKBNE0126C29.00;VAKBN_01/2026_AVRUPA_OPSIYON;D_EQ;SSO;D_EQ_ECP;DE_VAKBN_ECP;VAKBN.E;2026-01-30;5.65;5.03;12.33;0;0;0;0;0;0;0;0;0;203;0;;;;;
2026-01-23;O_VAKBNE0126C30.00;VAKBN_01/2026_AVRUPA_OPSIYON;D_EQ;SSO;D_EQ_ECP;DE_VAKBN_ECP;VAKBN.E;2026-01-30;4.67;4.05;15.31;0;0;0;0;0;0;0;0;0;182;0;;;;;
2026-01-23;O_VAKBNE0126C31.00;VAKBN_01/2026_AVRUPA_OPSIYON;D_EQ;SSO;D_EQ_ECP;DE_VAKBN_ECP;VAKBN.E;2026-01-30;3.7;3.12;18.59;0;0;0;0;0;0;0;0;0;3;0;;;;;
2026-01-23;O_VAKBNE0126C32.00;VAKBN_01/2026_AVRUPA_OPSIYON;D_EQ;SSO;D_EQ_ECP;DE_VAKBN_ECP;VAKBN.E;2026-01-30;2.77;2.25;23.11;0;0;0;0;0;0;0;0;0;217;0;;;;;
2026-01-23;O_VAKBNE0126C33.00;VAKBN_01/2026_AVRUPA_OPSIYON;D_EQ;SSO;D_EQ_ECP;DE_VAKBN_ECP;VAKBN.E;2026-01-30;1.92;1.5;28;1.25;1.25;1.76;1.76;1.59;495000;23850;150;3;708;100;;;;;
2026-01-23;O_VAKBNE0126C34.00;VAKBN_01/2026_AVRUPA_OPSIYON;D_EQ;SSO;D_EQ_ECP;DE_VAKBN_ECP;VAKBN.E;2026-01-30;1.22;0.92;32.61;0;0;0;0;0;0;0;0;0;770;0;;;;;
2026-01-23;O_VAKBNE0126C35.00;VAKBN_01/2026_AVRUPA_OPSIYON;D_EQ;SSO;D_EQ_ECP;DE_VAKBN_ECP;VAKBN.E;2026-01-30;0.7;0.51;37.25;0;0;0;0;0;0;0;0;0;2520;0;;;;;
2026-01-23;O_VAKBNE0126C36.00;VAKBN_01/2026_AVRUPA_OPSIYON;D_EQ;SSO;D_EQ_ECP;DE_VAKBN_ECP;VAKBN.E;2026-01-30;0.36;0.26;38.46;0;0;0;0;0;0;0;0;0;423;0;;;;;
2026-01-23;O_VAKBNE0126C37.00;VAKBN_01/2026_AVRUPA_OPSIYON;D_EQ;SSO;D_EQ_ECP;DE_VAKBN_ECP;VAKBN.E;2026-01-30;0.17;0.12;41.67;0;0;0;0;0;0;0;0;0;20;0;;;;;
2026-01-23;O_VAKBNE0126C38.00;VAKBN_01/2026_AVRUPA_OPSIYON;D_EQ;SSO;D_EQ_ECP;DE_VAKBN_ECP;VAKBN.E;2026-01-30;0.07;0.05;40;0;0;0;0;0;0;0;0;0;720;0;;;;;
2026-01-23;O_VAKBNE0126C39.00;VAKBN_01/2026_AVRUPA_OPSIYON;D_EQ;SSO;D_EQ_ECP;DE_VAKBN_ECP;VAKBN.E;2026-01-30;0.03;0.02;50;0;0;0;0;0;0;0;0;0;891;0;;;;;
2026-01-23;O_VAKBNE0126C40.00;VAKBN_01/2026_AVRUPA_OPSIYON;D_EQ;SSO;D_EQ_ECP;DE_VAKBN_ECP;VAKBN.E;2026-01-30;0.01;0.01;0;0;0;0;0;0;0;0;0;0;0;0;;;;;
2026-01-23;O_VAKBNE0126C41.00;VAKBN_01/2026_AVRUPA_OPSIYON;D_EQ;SSO;D_EQ_ECP;DE_VAKBN_ECP;VAKBN.E;2026-01-30;0.01;0.01;0;0;0;0;0;0;0;0;0;0;0;0;;;;;
2026-01-23;O_VAKBNE0126P22.50;VAKBN_01/2026_AVRUPA_OPSIYON;D_EQ;SSO;D_EQ_EPP;DE_VAKBN_EPP;VAKBN.E;2026-01-30;0.01;0.01;0;0;0;0;0;0;0;0;0;0;0;0;;;;;
2026-01-23;O_VAKBNE0126P23.00;VAKBN_01/2026_AVRUPA_OPSIYON;D_EQ;SSO;D_EQ_EPP;DE_VAKBN_EPP;VAKBN.E;2026-01-30;0.01;0.01;0;0;0;0;0;0;0;0;0;0;0;0;;;;;
2026-01-23;O_VAKBNE0126P23.50;VAKBN_01/2026_AVRUPA_OPSIYON;D_EQ;SSO;D_EQ_EPP;DE_VAKBN_EPP;VAKBN.E;2026-01-30;0.01;0.01;0;0;0;0;0;0;0;0;0;0;0;0;;;;;
2026-01-23;O_VAKBNE0126P24.00;VAKBN_01/2026_AVRUPA_OPSIYON;D_EQ;SSO;D_EQ_EPP;DE_VAKBN_EPP;VAKBN.E;2026-01-30;0.01;0.01;0;0;0;0;0;0;0;0;0;0;0;0;;;;;
2026-01-23;O_VAKBNE0126P24.50;VAKBN_01/2026_AVRUPA_OPSIYON;D_EQ;SSO;D_EQ_EPP;DE_VAKBN_EPP;VAKBN.E;2026-01-30;0.01;0.01;0;0;0;0;0;0;0;0;0;0;0;0;;;;;
2026-01-23;O_VAKBNE0126P25.00;VAKBN_01/2026_AVRUPA_OPSIYON;D_EQ;SSO;D_EQ_EPP;DE_VAKBN_EPP;VAKBN.E;2026-01-30;0.01;0.01;0;0;0;0;0;0;0;0;0;0;427;0;;;;;
2026-01-23;O_VAKBNE0126P26.00;VAKBN_01/2026_AVRUPA_OPSIYON;D_EQ;SSO;D_EQ_EPP;DE_VAKBN_EPP;VAKBN.E;2026-01-30;0.01;0.01;0;0;0;0;0;0;0;0;0;0;0;0;;;;;
2026-01-23;O_VAKBNE0126P27.00;VAKBN_01/2026_AVRUPA_OPSIYON;D_EQ;SSO;D_EQ_EPP;DE_VAKBN_EPP;VAKBN.E;2026-01-30;0.01;0.01;0;0;0;0;0;0;0;0;0;0;468;0;;;;;
2026-01-23;O_VAKBNE0126P28.00;VAKBN_01/2026_AVRUPA_OPSIYON;D_EQ;SSO;D_EQ_EPP;DE_VAKBN_EPP;VAKBN.E;2026-01-30;0.01;0.01;0;0;0;0;0;0;0;0;0;0;5;0;;;;;
2026-01-23;O_VAKBNE0126P29.00;VAKBN_01/2026_AVRUPA_OPSIYON;D_EQ;SSO;D_EQ_EPP;DE_VAKBN_EPP;VAKBN.E;2026-01-30;0.01;0.01;0;0;0;0;0;0;0;0;0;0;1435;0;;;;;
2026-01-23;O_VAKBNE0126P30.00;VAKBN_01/2026_AVRUPA_OPSIYON;D_EQ;SSO;D_EQ_EPP;DE_VAKBN_EPP;VAKBN.E;2026-01-30;0.01;0.03;-66.67;0;0;0;0;0;0;0;0;0;536;0;;;;;
2026-01-23;O_VAKBNE0126P31.00;VAKBN_01/2026_AVRUPA_OPSIYON;D_EQ;SSO;D_EQ_EPP;DE_VAKBN_EPP;VAKBN.E;2026-01-30;0.03;0.08;-62.5;0;0;0;0;0;0;0;0;0;1147;0;;;;;
2026-01-23;O_VAKBNE0126P32.00;VAKBN_01/2026_AVRUPA_OPSIYON;D_EQ;SSO;D_EQ_EPP;DE_VAKBN_EPP;VAKBN.E;2026-01-30;0.09;0.2;-55;0;0;0;0;0;0;0;0;0;1066;0;;;;;
2026-01-23;O_VAKBNE0126P33.00;VAKBN_01/2026_AVRUPA_OPSIYON;D_EQ;SSO;D_EQ_EPP;DE_VAKBN_EPP;VAKBN.E;2026-01-30;0.24;0.45;-46.67;0;0;0;0;0;0;0;0;0;1436;0;;;;;
2026-01-23;O_VAKBNE0126P34.00;VAKBN_01/2026_AVRUPA_OPSIYON;D_EQ;SSO;D_EQ_EPP;DE_VAKBN_EPP;VAKBN.E;2026-01-30;0.54;0.86;-37.21;0;0;0;0;0;0;0;0;0;2912;0;;;;;
2026-01-23;O_VAKBNE0126P35.00;VAKBN_01/2026_AVRUPA_OPSIYON;D_EQ;SSO;D_EQ_EPP;DE_VAKBN_EPP;VAKBN.E;2026-01-30;1.01;1.44;-29.86;1.43;0.97;1.43;0.97;1.23;315000;11030;90;3;849;0;;;;;
2026-01-23;O_VAKBNE0126P36.00;VAKBN_01/2026_AVRUPA_OPSIYON;D_EQ;SSO;D_EQ_EPP;DE_VAKBN_EPP;VAKBN.E;2026-01-30;1.66;2.18;-23.85;0;0;0;0;0;0;0;0;0;320;0;;;;;
2026-01-23;O_VAKBNE0226C30.00;VAKBN_02/2026_AVRUPA_OPSIYON;D_EQ;SSO;D_EQ_ECP;DE_VAKBN_ECP;VAKBN.E;2026-02-27;5.76;5.21;10.56;0;0;0;0;0;0;0;0;0;100;0;;;;;
2026-01-23;O_VAKBNE0226C31.00;VAKBN_02/2026_AVRUPA_OPSIYON;D_EQ;SSO;D_EQ_ECP;DE_VAKBN_ECP;VAKBN.E;2026-02-27;4.93;4.41;11.79;0;0;0;0;0;0;0;0;0;198;0;;;;;
2026-01-23;O_VAKBNE0226C32.00;VAKBN_02/2026_AVRUPA_OPSIYON;D_EQ;SSO;D_EQ_ECP;DE_VAKBN_ECP;VAKBN.E;2026-02-27;4.16;3.68;13.04;0;0;0;0;0;0;0;0;0;0;0;;;;;
2026-01-23;O_VAKBNE0226C33.00;VAKBN_02/2026_AVRUPA_OPSIYON;D_EQ;SSO;D_EQ_ECP;DE_VAKBN_ECP;VAKBN.E;2026-02-27;3.44;3;14.67;0;0;0;0;0;0;0;0;0;0;0;;;;;
2026-01-23;O_VAKBNE0226C34.00;VAKBN_02/2026_AVRUPA_OPSIYON;D_EQ;SSO;D_EQ_ECP;DE_VAKBN_ECP;VAKBN.E;2026-02-27;2.79;2.42;15.29;0;0;0;0;0;0;0;0;0;0;0;;;;;
2026-01-23;O_VAKBNE0226C35.00;VAKBN_02/2026_AVRUPA_OPSIYON;D_EQ;SSO;D_EQ_ECP;DE_VAKBN_ECP;VAKBN.E;2026-02-27;2.24;1.91;17.28;0;0;0;0;0;0;0;0;0;10;0;;;;;
2026-01-23;O_VAKBNE0226C36.00;VAKBN_02/2026_AVRUPA_OPSIYON;D_EQ;SSO;D_EQ_ECP;DE_VAKBN_ECP;VAKBN.E;2026-02-27;1.76;1.49;18.12;0;0;0;0;0;0;0;0;0;134;0;;;;;
2026-01-23;O_VAKBNE0226C37.00;VAKBN_02/2026_AVRUPA_OPSIYON;D_EQ;SSO;D_EQ_ECP;DE_VAKBN_ECP;VAKBN.E;2026-02-27;1.37;1.15;19.13;0;0;0;0;0;0;0;0;0;397;0;;;;;
2026-01-23;O_VAKBNE0226C38.00;VAKBN_02/2026_AVRUPA_OPSIYON;D_EQ;SSO;D_EQ_ECP;DE_VAKBN_ECP;VAKBN.E;2026-02-27;1.06;0.89;19.1;0;0;0;0;0;0;0;0;0;952;0;;;;;
2026-01-23;O_VAKBNE0226C39.00;VAKBN_02/2026_AVRUPA_OPSIYON;D_EQ;SSO;D_EQ_ECP;DE_VAKBN_ECP;VAKBN.E;2026-02-27;0.81;0.68;19.12;0;0;0;0;0;0;0;0;0;242;0;;;;;
2026-01-23;O_VAKBNE0226C40.00;VAKBN_02/2026_AVRUPA_OPSIYON;D_EQ;SSO;D_EQ_ECP;DE_VAKBN_ECP;VAKBN.E;2026-02-27;0.62;0.52;19.23;0;0;0;0;0;0;0;0;0;0;0;;;;;
2026-01-23;O_VAKBNE0226C41.00;VAKBN_02/2026_AVRUPA_OPSIYON;D_EQ;SSO;D_EQ_ECP;DE_VAKBN_ECP;VAKBN.E;2026-02-27;0.47;0.39;20.51;0;0;0;0;0;0;0;0;0;0;0;;;;;
2026-01-23;O_VAKBNE0226C42.00;VAKBN_02/2026_AVRUPA_OPSIYON;D_EQ;SSO;D_EQ_ECP;DE_VAKBN_ECP;VAKBN.E;2026-02-27;0.36;0.3;20;0;0;0;0;0;0;0;0;0;0;0;;;;;
2026-01-23;O_VAKBNE0226P25.00;VAKBN_02/2026_AVRUPA_OPSIYON;D_EQ;SSO;D_EQ_EPP;DE_VAKBN_EPP;VAKBN.E;2026-02-27;0.01;0.02;-50;0;0;0;0;0;0;0;0;0;0;0;;;;;
2026-01-23;O_VAKBNE0226P26.00;VAKBN_02/2026_AVRUPA_OPSIYON;D_EQ;SSO;D_EQ_EPP;DE_VAKBN_EPP;VAKBN.E;2026-02-27;0.03;0.04;-25;0;0;0;0;0;0;0;0;0;0;0;;;;;
2026-01-23;O_VAKBNE0226P27.00;VAKBN_02/2026_AVRUPA_OPSIYON;D_EQ;SSO;D_EQ_EPP;DE_VAKBN_EPP;VAKBN.E;2026-02-27;0.05;0.07;-28.57;0;0;0;0;0;0;0;0;0;317;0;;;;;
2026-01-23;O_VAKBNE0226P28.00;VAKBN_02/2026_AVRUPA_OPSIYON;D_EQ;SSO;D_EQ_EPP;DE_VAKBN_EPP;VAKBN.E;2026-02-27;0.09;0.13;-30.77;0;0;0;0;0;0;0;0;0;635;0;;;;;
2026-01-23;O_VAKBNE0226P29.00;VAKBN_02/2026_AVRUPA_OPSIYON;D_EQ;SSO;D_EQ_EPP;DE_VAKBN_EPP;VAKBN.E;2026-02-27;0.15;0.21;-28.57;0;0;0;0;0;0;0;0;0;0;0;;;;;
2026-01-23;O_VAKBNE0226P30.00;VAKBN_02/2026_AVRUPA_OPSIYON;D_EQ;SSO;D_EQ_EPP;DE_VAKBN_EPP;VAKBN.E;2026-02-27;0.25;0.33;-24.24;0;0;0;0;0;0;0;0;0;242;0;;;;;
2026-01-23;O_VAKBNE0226P31.00;VAKBN_02/2026_AVRUPA_OPSIYON;D_EQ;SSO;D_EQ_EPP;DE_VAKBN_EPP;VAKBN.E;2026-02-27;0.38;0.49;-22.45;0;0;0;0;0;0;0;0;0;0;0;;;;;
2026-01-23;O_VAKBNE0226P32.00;VAKBN_02/2026_AVRUPA_OPSIYON;D_EQ;SSO;D_EQ_EPP;DE_VAKBN_EPP;VAKBN.E;2026-02-27;0.57;0.72;-20.83;0;0;0;0;0;0;0;0;0;0;0;;;;;
2026-01-23;O_VAKBNE0226P33.00;VAKBN_02/2026_AVRUPA_OPSIYON;D_EQ;SSO;D_EQ_EPP;DE_VAKBN_EPP;VAKBN.E;2026-02-27;0.82;1.01;-18.81;0;0;0;0;0;0;0;0;0;198;0;;;;;
2026-01-23;O_VAKBNE0226P34.00;VAKBN_02/2026_AVRUPA_OPSIYON;D_EQ;SSO;D_EQ_EPP;DE_VAKBN_EPP;VAKBN.E;2026-02-27;1.14;1.39;-17.99;0;0;0;0;0;0;0;0;0;395;0;;;;;
2026-01-23;O_VAKBNE0226P35.00;VAKBN_02/2026_AVRUPA_OPSIYON;D_EQ;SSO;D_EQ_EPP;DE_VAKBN_EPP;VAKBN.E;2026-02-27;1.54;1.84;-16.3;0;0;0;0;0;0;0;0;0;100;0;;;;;
2026-01-23;O_VAKBNE0226P36.00;VAKBN_02/2026_AVRUPA_OPSIYON;D_EQ;SSO;D_EQ_EPP;DE_VAKBN_EPP;VAKBN.E;2026-02-27;2.03;2.39;-15.06;0;0;0;0;0;0;0;0;0;198;0;;;;;
2026-01-23;O_VAKBNE0226P37.00;VAKBN_02/2026_AVRUPA_OPSIYON;D_EQ;SSO;D_EQ_EPP;DE_VAKBN_EPP;VAKBN.E;2026-02-27;2.61;3.01;-13.29;0;0;0;0;0;0;0;0;0;0;0;;;;;
2026-01-23;O_VAKBNE0326C32.00;VAKBN_03/2026_AVRUPA_OPSIYON;D_EQ;SSO;D_EQ_ECP;DE_VAKBN_ECP;VAKBN.E;2026-03-31;5.79;5.28;9.66;0;0;0;0;0;0;0;0;0;0;0;;;;;
2026-01-23;O_VAKBNE0326C33.00;VAKBN_03/2026_AVRUPA_OPSIYON;D_EQ;SSO;D_EQ_ECP;DE_VAKBN_ECP;VAKBN.E;2026-03-31;5.09;4.62;10.17;0;0;0;0;0;0;0;0;0;0;0;;;;;
2026-01-23;O_VAKBNE0326C34.00;VAKBN_03/2026_AVRUPA_OPSIYON;D_EQ;SSO;D_EQ_ECP;DE_VAKBN_ECP;VAKBN.E;2026-03-31;4.44;4;11;0;0;0;0;0;0;0;0;0;0;0;;;;;
2026-01-23;O_VAKBNE0326C35.00;VAKBN_03/2026_AVRUPA_OPSIYON;D_EQ;SSO;D_EQ_ECP;DE_VAKBN_ECP;VAKBN.E;2026-03-31;3.83;3.44;11.34;0;0;0;0;0;0;0;0;0;0;0;;;;;
2026-01-23;O_VAKBNE0326C36.00;VAKBN_03/2026_AVRUPA_OPSIYON;D_EQ;SSO;D_EQ_ECP;DE_VAKBN_ECP;VAKBN.E;2026-03-31;3.3;2.94;12.24;0;0;0;0;0;0;0;0;0;0;0;;;;;
2026-01-23;O_VAKBNE0326C37.00;VAKBN_03/2026_AVRUPA_OPSIYON;D_EQ;SSO;D_EQ_ECP;DE_VAKBN_ECP;VAKBN.E;2026-03-31;2.82;2.5;12.8;0;0;0;0;0;0;0;0;0;0;0;;;;;
2026-01-23;O_VAKBNE0326C38.00;VAKBN_03/2026_AVRUPA_OPSIYON;D_EQ;SSO;D_EQ_ECP;DE_VAKBN_ECP;VAKBN.E;2026-03-31;2.4;2.12;13.21;0;0;0;0;0;0;0;0;0;387;0;;;;;
2026-01-23;O_VAKBNE0326C39.00;VAKBN_03/2026_AVRUPA_OPSIYON;D_EQ;SSO;D_EQ_ECP;DE_VAKBN_ECP;VAKBN.E;2026-03-31;2.04;1.81;12.71;0;0;0;0;0;0;0;0;0;0;0;;;;;
2026-01-23;O_VAKBNE0326C40.00;VAKBN_03/2026_AVRUPA_OPSIYON;D_EQ;SSO;D_EQ_ECP;DE_VAKBN_ECP;VAKBN.E;2026-03-31;1.74;1.54;12.99;0;0;0;0;0;0;0;0;0;0;0;;;;;
2026-01-23;O_VAKBNE0326C41.00;VAKBN_03/2026_AVRUPA_OPSIYON;D_EQ;SSO;D_EQ_ECP;DE_VAKBN_ECP;VAKBN.E;2026-03-31;1.48;1.31;12.98;0;0;0;0;0;0;0;0;0;0;0;;;;;
2026-01-23;O_VAKBNE0326C42.00;VAKBN_03/2026_AVRUPA_OPSIYON;D_EQ;SSO;D_EQ_ECP;DE_VAKBN_ECP;VAKBN.E;2026-03-31;1.26;1.11;13.51;0;0;0;0;0;0;0;0;0;0;0;;;;;
2026-01-23;O_VAKBNE0326C43.00;VAKBN_03/2026_AVRUPA_OPSIYON;D_EQ;SSO;D_EQ_ECP;DE_VAKBN_ECP;VAKBN.E;2026-03-31;1.07;0.94;13.83;0;0;0;0;0;0;0;0;0;0;0;;;;;
2026-01-23;O_VAKBNE0326P27.00;VAKBN_03/2026_AVRUPA_OPSIYON;D_EQ;SSO;D_EQ_EPP;DE_VAKBN_EPP;VAKBN.E;2026-03-31;0.15;0.18;-16.67;0;0;0;0;0;0;0;0;0;0;0;;;;;
2026-01-23;O_VAKBNE0326P28.00;VAKBN_03/2026_AVRUPA_OPSIYON;D_EQ;SSO;D_EQ_EPP;DE_VAKBN_EPP;VAKBN.E;2026-03-31;0.22;0.26;-15.38;0;0;0;0;0;0;0;0;0;0;0;;;;;
2026-01-23;O_VAKBNE0326P29.00;VAKBN_03/2026_AVRUPA_OPSIYON;D_EQ;SSO;D_EQ_EPP;DE_VAKBN_EPP;VAKBN.E;2026-03-31;0.31;0.36;-13.89;0;0;0;0;0;0;0;0;0;0;0;;;;;
2026-01-23;O_VAKBNE0326P30.00;VAKBN_03/2026_AVRUPA_OPSIYON;D_EQ;SSO;D_EQ_EPP;DE_VAKBN_EPP;VAKBN.E;2026-03-31;0.42;0.5;-16;0;0;0;0;0;0;0;0;0;0;0;;;;;
2026-01-23;O_VAKBNE0326P31.00;VAKBN_03/2026_AVRUPA_OPSIYON;D_EQ;SSO;D_EQ_EPP;DE_VAKBN_EPP;VAKBN.E;2026-03-31;0.57;0.67;-14.93;0;0;0;0;0;0;0;0;0;0;0;;;;;
2026-01-23;O_VAKBNE0326P32.00;VAKBN_03/2026_AVRUPA_OPSIYON;D_EQ;SSO;D_EQ_EPP;DE_VAKBN_EPP;VAKBN.E;2026-03-31;0.75;0.88;-14.77;0;0;0;0;0;0;0;0;0;0;0;;;;;
2026-01-23;O_VAKBNE0326P33.00;VAKBN_03/2026_AVRUPA_OPSIYON;D_EQ;SSO;D_EQ_EPP;DE_VAKBN_EPP;VAKBN.E;2026-03-31;0.98;1.13;-13.27;0;0;0;0;0;0;0;0;0;0;0;;;;;
2026-01-23;O_VAKBNE0326P34.00;VAKBN_03/2026_AVRUPA_OPSIYON;D_EQ;SSO;D_EQ_EPP;DE_VAKBN_EPP;VAKBN.E;2026-03-31;1.25;1.42;-11.97;0;0;0;0;0;0;0;0;0;0;0;;;;;
2026-01-23;O_VAKBNE0326P35.00;VAKBN_03/2026_AVRUPA_OPSIYON;D_EQ;SSO;D_EQ_EPP;DE_VAKBN_EPP;VAKBN.E;2026-03-31;1.56;1.78;-12.36;0;0;0;0;0;0;0;0;0;0;0;;;;;
2026-01-23;O_VAKBNE0326P36.00;VAKBN_03/2026_AVRUPA_OPSIYON;D_EQ;SSO;D_EQ_EPP;DE_VAKBN_EPP;VAKBN.E;2026-03-31;1.94;2.2;-11.82;0;0;0;0;0;0;0;0;0;0;0;;;;;
2026-01-23;O_VAKBNE0326P37.00;VAKBN_03/2026_AVRUPA_OPSIYON;D_EQ;SSO;D_EQ_EPP;DE_VAKBN_EPP;VAKBN.E;2026-03-31;2.38;2.68;-11.19;0;0;0;0;0;0;0;0;0;0;0;;;;;
2026-01-23;O_VAKBNE0326P38.00;VAKBN_03/2026_AVRUPA_OPSIYON;D_EQ;SSO;D_EQ_EPP;DE_VAKBN_EPP;VAKBN.E;2026-03-31;2.88;3.22;-10.56;0;0;0;0;0;0;0;0;0;0;0;;;;;
2026-01-23;O_XU030E0226C11750.00;BIST 30_02/2026_AVRUPA_OPSIYON;D_IX;INO;D_IX_ECO;DE_BIST30_ECO;D_XU030D;2026-02-27;2743.5;2594.2;5.76;0;0;0;0;0;0;0;0;0;72;0;;;;;
2026-01-23;O_XU030E0226C12000.00;BIST 30_02/2026_AVRUPA_OPSIYON;D_IX;INO;D_IX_ECO;DE_BIST30_ECO;D_XU030D;2026-02-27;2503.49;2355.39;6.29;0;0;0;0;0;0;0;0;0;205;0;;;;;
2026-01-23;O_XU030E0226C12250.00;BIST 30_02/2026_AVRUPA_OPSIYON;D_IX;INO;D_IX_ECO;DE_BIST30_ECO;D_XU030D;2026-02-27;2264.8;2118.27;6.92;0;0;0;0;0;0;0;0;0;37;0;;;;;
2026-01-23;O_XU030E0226C12500.00;BIST 30_02/2026_AVRUPA_OPSIYON;D_IX;INO;D_IX_ECO;DE_BIST30_ECO;D_XU030D;2026-02-27;2027.97;1883.52;7.67;0;0;0;0;0;0;0;0;0;131;0;;;;;
2026-01-23;O_XU030E0226C12750.00;BIST 30_02/2026_AVRUPA_OPSIYON;D_IX;INO;D_IX_ECO;DE_BIST30_ECO;D_XU030D;2026-02-27;1793.76;1652.06;8.58;0;0;0;0;0;0;0;0;0;282;0;;;;;
2026-01-23;O_XU030E0226C13000.00;BIST 30_02/2026_AVRUPA_OPSIYON;D_IX;INO;D_IX_ECO;DE_BIST30_ECO;D_XU030D;2026-02-27;1565.45;1431.03;9.39;0;0;0;0;0;0;0;0;0;967;0;;;;;
2026-01-23;O_XU030E0226C13250.00;BIST 30_02/2026_AVRUPA_OPSIYON;D_IX;INO;D_IX_ECO;DE_BIST30_ECO;D_XU030D;2026-02-27;1350.3;1223.4;10.37;0;0;0;0;0;0;0;0;0;1192;0;;;;;
2026-01-23;O_XU030E0226C13500.00;BIST 30_02/2026_AVRUPA_OPSIYON;D_IX;INO;D_IX_ECO;DE_BIST30_ECO;D_XU030D;2026-02-27;1147.25;1029.52;11.44;1107.85;1107.85;1145.7;1145.7;1111.29;1485000;122242;11;3;835;0;;;;;
2026-01-23;O_XU030E0226C13750.00;BIST 30_02/2026_AVRUPA_OPSIYON;D_IX;INO;D_IX_ECO;DE_BIST30_ECO;D_XU030D;2026-02-27;958.96;851.86;12.57;924.29;924.29;924.29;924.29;924.29;1375000;92429;10;1;445;0;;;;;
2026-01-23;O_XU030E0226C14000.00;BIST 30_02/2026_AVRUPA_OPSIYON;D_IX;INO;D_IX_ECO;DE_BIST30_ECO;D_XU030D;2026-02-27;787.74;692.39;13.77;683.25;683.25;765.75;744.32;724.27;27860000;1441303.4;199;44;1221;-8;;;;;
2026-01-23;O_XU030E0226C14250.00;BIST 30_02/2026_AVRUPA_OPSIYON;D_IX;INO;D_IX_ECO;DE_BIST30_ECO;D_XU030D;2026-02-27;635.34;552.38;15.02;542.5;542.5;633.5;571.75;584.45;26362500;1081233.9;185;30;476;-143;;;;;
2026-01-23;O_XU030E0226C14500.00;BIST 30_02/2026_AVRUPA_OPSIYON;D_IX;INO;D_IX_ECO;DE_BIST30_ECO;D_XU030D;2026-02-27;502.75;432.28;16.3;395.25;395.25;395.25;395.25;395.25;1885000;51382.5;13;2;1365;0;;;;;
2026-01-23;O_XU030E0226C14750.00;BIST 30_02/2026_AVRUPA_OPSIYON;D_IX;INO;D_IX_ECO;DE_BIST30_ECO;D_XU030D;2026-02-27;390.09;331.68;17.61;270.25;268;341.75;268;306.13;38792500;805128.2;263;48;640;94;;;;;
2026-01-23;O_XU030E0226C15000.00;BIST 30_02/2026_AVRUPA_OPSIYON;D_IX;INO;D_IX_ECO;DE_BIST30_ECO;D_XU030D;2026-02-27;296.66;249.45;18.93;186.5;179.52;242.96;180;196.87;33900000;444924;226;21;2711;49;;;;;
2026-01-23;O_XU030E0226C15250.00;BIST 30_02/2026_AVRUPA_OPSIYON;D_IX;INO;D_IX_ECO;DE_BIST30_ECO;D_XU030D;2026-02-27;221.08;183.87;20.24;139.75;131.5;141.51;131.5;133.04;35532500;309988.5;233;27;1145;149;;;;;
2026-01-23;O_XU030E0226C15500.00;BIST 30_02/2026_AVRUPA_OPSIYON;D_IX;INO;D_IX_ECO;DE_BIST30_ECO;D_XU030D;2026-02-27;161.42;132.82;21.53;91.5;81.26;91.75;81.26;87.98;7750000;43992.4;50;10;485;-50;;;;;
2026-01-23;O_XU030E0226C15750.00;BIST 30_02/2026_AVRUPA_OPSIYON;D_IX;INO;D_IX_ECO;DE_BIST30_ECO;D_XU030D;2026-02-27;115.49;94.04;22.81;51.01;51.01;59;59;56.34;4725000;16901;30;3;359;10;;;;;
2026-01-23;O_XU030E0226C16000.00;BIST 30_02/2026_AVRUPA_OPSIYON;D_IX;INO;D_IX_ECO;DE_BIST30_ECO;D_XU030D;2026-02-27;80.97;65.27;24.05;0;0;0;0;0;0;0;0;0;127;0;;;;;
2026-01-23;O_XU030E0226C16250.00;BIST 30_02/2026_AVRUPA_OPSIYON;D_IX;INO;D_IX_ECO;DE_BIST30_ECO;D_XU030D;2026-02-27;55.64;44.43;25.23;0;0;0;0;0;0;0;0;0;100;0;;;;;
2026-01-23;O_XU030E0226C16500.00;BIST 30_02/2026_AVRUPA_OPSIYON;D_IX;INO;D_IX_ECO;DE_BIST30_ECO;D_XU030D;2026-02-27;37.49;29.66;26.4;0;0;0;0;0;0;0;0;0;68;0;;;;;
2026-01-23;O_XU030E0226P10250.00;BIST 30_02/2026_AVRUPA_OPSIYON;D_IX;INO;D_IX_EPO;DE_BIST30_EPO;D_XU030D;2026-02-27;0.78;1.12;-30.36;0;0;0;0;0;0;0;0;0;65;0;;;;;
2026-01-23;O_XU030E0226P10500.00;BIST 30_02/2026_AVRUPA_OPSIYON;D_IX;INO;D_IX_EPO;DE_BIST30_EPO;D_XU030D;2026-02-27;1.14;1.63;-30.06;0;0;0;0;0;0;0;0;0;162;0;;;;;
2026-01-23;O_XU030E0226P10750.00;BIST 30_02/2026_AVRUPA_OPSIYON;D_IX;INO;D_IX_EPO;DE_BIST30_EPO;D_XU030D;2026-02-27;1.67;2.36;-29.24;0;0;0;0;0;0;0;0;0;154;0;;;;;
2026-01-23;O_XU030E0226P11000.00;BIST 30_02/2026_AVRUPA_OPSIYON;D_IX;INO;D_IX_EPO;DE_BIST30_EPO;D_XU030D;2026-02-27;2.42;3.39;-28.61;0;0;0;0;0;0;0;0;0;109;0;;;;;
2026-01-23;O_XU030E0226P11250.00;BIST 30_02/2026_AVRUPA_OPSIYON;D_IX;INO;D_IX_EPO;DE_BIST30_EPO;D_XU030D;2026-02-27;3.5;4.86;-27.98;0;0;0;0;0;0;0;0;0;184;0;;;;;
2026-01-23;O_XU030E0226P11500.00;BIST 30_02/2026_AVRUPA_OPSIYON;D_IX;INO;D_IX_EPO;DE_BIST30_EPO;D_XU030D;2026-02-27;5.05;6.94;-27.23;0;0;0;0;0;0;0;0;0;125;0;;;;;
2026-01-23;O_XU030E0226P11750.00;BIST 30_02/2026_AVRUPA_OPSIYON;D_IX;INO;D_IX_EPO;DE_BIST30_EPO;D_XU030D;2026-02-27;7.26;9.88;-26.52;0;0;0;0;0;0;0;0;0;214;0;;;;;
2026-01-23;O_XU030E0226P12000.00;BIST 30_02/2026_AVRUPA_OPSIYON;D_IX;INO;D_IX_EPO;DE_BIST30_EPO;D_XU030D;2026-02-27;10.39;14.02;-25.89;1.5;1.5;1.5;1.5;1.5;120000;15;1;1;1164;0;;;;;
2026-01-23;O_XU030E0226P12250.00;BIST 30_02/2026_AVRUPA_OPSIYON;D_IX;INO;D_IX_EPO;DE_BIST30_EPO;D_XU030D;2026-02-27;14.85;19.85;-25.19;15;15;15;15;15;3062500;3750;25;2;817;-25;;;;;
2026-01-23;O_XU030E0226P12500.00;BIST 30_02/2026_AVRUPA_OPSIYON;D_IX;INO;D_IX_EPO;DE_BIST30_EPO;D_XU030D;2026-02-27;21.16;28.05;-24.56;0;0;0;0;0;0;0;0;0;907;0;;;;;
2026-01-23;O_XU030E0226P12750.00;BIST 30_02/2026_AVRUPA_OPSIYON;D_IX;INO;D_IX_EPO;DE_BIST30_EPO;D_XU030D;2026-02-27;30.09;39.54;-23.9;0;0;0;0;0;0;0;0;0;150;0;;;;;
2026-01-23;O_XU030E0226P13000.00;BIST 30_02/2026_AVRUPA_OPSIYON;D_IX;INO;D_IX_EPO;DE_BIST30_EPO;D_XU030D;2026-02-27;44.92;61.46;-26.91;0;0;0;0;0;0;0;0;0;1463;0;;;;;
2026-01-23;O_XU030E0226P13250.00;BIST 30_02/2026_AVRUPA_OPSIYON;D_IX;INO;D_IX_EPO;DE_BIST30_EPO;D_XU030D;2026-02-27;72.92;96.78;-24.65;57;55;59;58.5;57.58;8612500;37425;65;9;140;-6;;;;;
2026-01-23;O_XU030E0226P13500.00;BIST 30_02/2026_AVRUPA_OPSIYON;D_IX;INO;D_IX_EPO;DE_BIST30_EPO;D_XU030D;2026-02-27;113.01;145.85;-22.52;93;83;98.93;93;91.35;55215000;373634.7;409;80;927;44;;;;;
2026-01-23;O_XU030E0226P13750.00;BIST 30_02/2026_AVRUPA_OPSIYON;D_IX;INO;D_IX_EPO;DE_BIST30_EPO;D_XU030D;2026-02-27;167.86;211.15;-20.5;130;106.92;135.74;122.09;125.7;17325000;158379.5;126;20;533;-33;;;;;
2026-01-23;O_XU030E0226P14000.00;BIST 30_02/2026_AVRUPA_OPSIYON;D_IX;INO;D_IX_EPO;DE_BIST30_EPO;D_XU030D;2026-02-27;239.79;294.63;-18.61;185.5;154.55;193.29;193.29;173.5;48580000;602048.5;347;54;1558;97;;;;;
2026-01-23;O_XU030E0226P14250.00;BIST 30_02/2026_AVRUPA_OPSIYON;D_IX;INO;D_IX_EPO;DE_BIST30_EPO;D_XU030D;2026-02-27;330.53;397.57;-16.86;237.04;235;259.25;255;240.14;17242500;290563.5;121;20;431;72;;;;;
2026-01-23;O_XU030E0226P14500.00;BIST 30_02/2026_AVRUPA_OPSIYON;D_IX;INO;D_IX_EPO;DE_BIST30_EPO;D_XU030D;2026-02-27;441.08;520.41;-15.24;349;342.7;360.29;342.7;351.6;41760000;1012616.5;288;29;789;187;;;;;
2026-01-23;O_XU030E0226P14750.00;BIST 30_02/2026_AVRUPA_OPSIYON;D_IX;INO;D_IX_EPO;DE_BIST30_EPO;D_XU030D;2026-02-27;571.56;662.77;-13.76;480.5;415.25;491;487.25;469.81;34367500;1094667;233;28;263;-7;;;;;
2026-01-23;O_XU030E0226P15000.00;BIST 30_02/2026_AVRUPA_OPSIYON;D_IX;INO;D_IX_EPO;DE_BIST30_EPO;D_XU030D;2026-02-27;721.28;823.49;-12.41;634;562.75;648;595;605.95;23250000;939230;155;22;287;155;;;;;
2026-01-23;O_XU030E0426C12750.00;BIST 30_04/2026_AVRUPA_OPSIYON;D_IX;INO;D_IX_ECO;DE_BIST30_ECO;D_XU030D;2026-04-30;2440.67;2307.59;5.77;0;0;0;0;0;0;0;0;0;51;0;;;;;
2026-01-23;O_XU030E0426C13000.00;BIST 30_04/2026_AVRUPA_OPSIYON;D_IX;INO;D_IX_ECO;DE_BIST30_ECO;D_XU030D;2026-04-30;2229.61;2100.05;6.17;0;0;0;0;0;0;0;0;0;49;0;;;;;
2026-01-23;O_XU030E0426C13250.00;BIST 30_04/2026_AVRUPA_OPSIYON;D_IX;INO;D_IX_ECO;DE_BIST30_ECO;D_XU030D;2026-04-30;2021.9;1896.37;6.62;0;0;0;0;0;0;0;0;0;67;0;;;;;
2026-01-23;O_XU030E0426C13500.00;BIST 30_04/2026_AVRUPA_OPSIYON;D_IX;INO;D_IX_ECO;DE_BIST30_ECO;D_XU030D;2026-04-30;1818.12;1697.21;7.12;0;0;0;0;0;0;0;0;0;87;0;;;;;
2026-01-23;O_XU030E0426C13750.00;BIST 30_04/2026_AVRUPA_OPSIYON;D_IX;INO;D_IX_ECO;DE_BIST30_ECO;D_XU030D;2026-04-30;1620.7;1505.73;7.64;0;0;0;0;0;0;0;0;0;184;0;;;;;
2026-01-23;O_XU030E0426C14000.00;BIST 30_04/2026_AVRUPA_OPSIYON;D_IX;INO;D_IX_ECO;DE_BIST30_ECO;D_XU030D;2026-04-30;1452.31;1343.85;8.07;0;0;0;0;0;0;0;0;0;198;0;;;;;
2026-01-23;O_XU030E0426C14250.00;BIST 30_04/2026_AVRUPA_OPSIYON;D_IX;INO;D_IX_ECO;DE_BIST30_ECO;D_XU030D;2026-04-30;1294.27;1192.65;8.52;1091.25;1091.25;1178.99;1146.75;1122.09;7980000;628368;56;8;121;36;;;;;
2026-01-23;O_XU030E0426C14500.00;BIST 30_04/2026_AVRUPA_OPSIYON;D_IX;INO;D_IX_ECO;DE_BIST30_ECO;D_XU030D;2026-04-30;1147;1052.48;8.98;0;0;0;0;0;0;0;0;0;142;0;;;;;
2026-01-23;O_XU030E0426C14750.00;BIST 30_04/2026_AVRUPA_OPSIYON;D_IX;INO;D_IX_ECO;DE_BIST30_ECO;D_XU030D;2026-04-30;1010.78;923.49;9.45;846.75;846.75;853.28;849.41;849.56;4130000;237876;28;3;158;0;;;;;
2026-01-23;O_XU030E0426C15000.00;BIST 30_04/2026_AVRUPA_OPSIYON;D_IX;INO;D_IX_ECO;DE_BIST30_ECO;D_XU030D;2026-04-30;885.71;805.71;9.93;668.5;668.25;734.74;686.75;698.9;12300000;573100.3;82;15;463;59;;;;;
2026-01-23;O_XU030E0426C15250.00;BIST 30_04/2026_AVRUPA_OPSIYON;D_IX;INO;D_IX_ECO;DE_BIST30_ECO;D_XU030D;2026-04-30;771.75;698.95;10.42;544.75;520;544.75;520;536.09;3050000;107217.5;20;3;81;7;;;;;
2026-01-23;O_XU030E0426C15500.00;BIST 30_04/2026_AVRUPA_OPSIYON;D_IX;INO;D_IX_ECO;DE_BIST30_ECO;D_XU030D;2026-04-30;668.66;602.9;10.91;446.5;446.5;493.5;470.25;470.13;3100000;94025;20;3;99;10;;;;;
2026-01-23;O_XU030E0426C15750.00;BIST 30_04/2026_AVRUPA_OPSIYON;D_IX;INO;D_IX_ECO;DE_BIST30_ECO;D_XU030D;2026-04-30;576.11;517.14;11.4;408.5;390.66;408.5;390.66;403.12;2362500;60468.2;15;3;134;-13;;;;;
2026-01-23;O_XU030E0426C16000.00;BIST 30_04/2026_AVRUPA_OPSIYON;D_IX;INO;D_IX_ECO;DE_BIST30_ECO;D_XU030D;2026-04-30;493.61;441.12;11.9;321;321;321;321;321;1600000;32100;10;1;127;0;;;;;
2026-01-23;O_XU030E0426C16250.00;BIST 30_04/2026_AVRUPA_OPSIYON;D_IX;INO;D_IX_ECO;DE_BIST30_ECO;D_XU030D;2026-04-30;420.61;374.21;12.4;255.26;250.51;255.26;251.76;251.96;4062500;62990;25;3;108;0;;;;;
2026-01-23;O_XU030E0426C16500.00;BIST 30_04/2026_AVRUPA_OPSIYON;D_IX;INO;D_IX_ECO;DE_BIST30_ECO;D_XU030D;2026-04-30;356.48;315.74;12.9;0;0;0;0;0;0;0;0;0;50;0;;;;;
2026-01-23;O_XU030E0426C16750.00;BIST 30_04/2026_AVRUPA_OPSIYON;D_IX;INO;D_IX_ECO;DE_BIST30_ECO;D_XU030D;2026-04-30;300.51;265;13.4;0;0;0;0;0;0;0;0;0;111;0;;;;;
2026-01-23;O_XU030E0426C17000.00;BIST 30_04/2026_AVRUPA_OPSIYON;D_IX;INO;D_IX_ECO;DE_BIST30_ECO;D_XU030D;2026-04-30;252.01;221.26;13.9;134;134;134;134;134;1700000;13400;10;1;50;-10;;;;;
2026-01-23;O_XU030E0426P11250.00;BIST 30_04/2026_AVRUPA_OPSIYON;D_IX;INO;D_IX_EPO;DE_BIST30_EPO;D_XU030D;2026-04-30;61.8;68.66;-9.99;0;0;0;0;0;0;0;0;0;65;0;;;;;
2026-01-23;O_XU030E0426P11500.00;BIST 30_04/2026_AVRUPA_OPSIYON;D_IX;INO;D_IX_EPO;DE_BIST30_EPO;D_XU030D;2026-04-30;71.29;79.49;-10.32;0;0;0;0;0;0;0;0;0;95;0;;;;;
2026-01-23;O_XU030E0426P11750.00;BIST 30_04/2026_AVRUPA_OPSIYON;D_IX;INO;D_IX_EPO;DE_BIST30_EPO;D_XU030D;2026-04-30;82.13;91.9;-10.63;0;0;0;0;0;0;0;0;0;66;0;;;;;
2026-01-23;O_XU030E0426P12000.00;BIST 30_04/2026_AVRUPA_OPSIYON;D_IX;INO;D_IX_EPO;DE_BIST30_EPO;D_XU030D;2026-04-30;94.54;106.16;-10.95;0;0;0;0;0;0;0;0;0;890;0;;;;;
2026-01-23;O_XU030E0426P12250.00;BIST 30_04/2026_AVRUPA_OPSIYON;D_IX;INO;D_IX_EPO;DE_BIST30_EPO;D_XU030D;2026-04-30;108.76;122.52;-11.23;0;0;0;0;0;0;0;0;0;97;0;;;;;
2026-01-23;O_XU030E0426P12500.00;BIST 30_04/2026_AVRUPA_OPSIYON;D_IX;INO;D_IX_EPO;DE_BIST30_EPO;D_XU030D;2026-04-30;125.09;141.34;-11.5;0;0;0;0;0;0;0;0;0;371;0;;;;;
2026-01-23;O_XU030E0426P12750.00;BIST 30_04/2026_AVRUPA_OPSIYON;D_IX;INO;D_IX_EPO;DE_BIST30_EPO;D_XU030D;2026-04-30;143.86;163;-11.74;94;93.75;98.25;96;94.99;9945000;74092.5;78;8;100;-3;;;;;
2026-01-23;O_XU030E0426P13000.00;BIST 30_04/2026_AVRUPA_OPSIYON;D_IX;INO;D_IX_EPO;DE_BIST30_EPO;D_XU030D;2026-04-30;165.49;187.98;-11.96;122.75;119.75;133.49;119.75;124.82;4290000;41191.5;33;3;13;-23;;;;;
2026-01-23;O_XU030E0426P13250.00;BIST 30_04/2026_AVRUPA_OPSIYON;D_IX;INO;D_IX_EPO;DE_BIST30_EPO;D_XU030D;2026-04-30;190.48;216.83;-12.15;151.25;146.25;151.25;146.25;146.7;1457500;16137.5;11;2;47;0;;;;;
2026-01-23;O_XU030E0426P13500.00;BIST 30_04/2026_AVRUPA_OPSIYON;D_IX;INO;D_IX_EPO;DE_BIST30_EPO;D_XU030D;2026-04-30;219.39;250.19;-12.31;0;0;0;0;0;0;0;0;0;56;0;;;;;
2026-01-23;O_XU030E0426P13750.00;BIST 30_04/2026_AVRUPA_OPSIYON;D_IX;INO;D_IX_EPO;DE_BIST30_EPO;D_XU030D;2026-04-30;254.65;291.22;-12.56;226;226;226;226;226;1787500;29380;13;1;100;0;;;;;
2026-01-23;O_XU030E0426P14000.00;BIST 30_04/2026_AVRUPA_OPSIYON;D_IX;INO;D_IX_EPO;DE_BIST30_EPO;D_XU030D;2026-04-30;318.96;361.86;-11.86;261.5;261.5;261.5;261.5;261.5;1400000;26150;10;1;45;10;;;;;
2026-01-23;O_XU030E0426P14250.00;BIST 30_04/2026_AVRUPA_OPSIYON;D_IX;INO;D_IX_EPO;DE_BIST30_EPO;D_XU030D;2026-04-30;393.6;443.18;-11.19;0;0;0;0;0;0;0;0;0;58;0;;;;;
2026-01-23;O_XU030E0426P14500.00;BIST 30_04/2026_AVRUPA_OPSIYON;D_IX;INO;D_IX_EPO;DE_BIST30_EPO;D_XU030D;2026-04-30;479.02;535.52;-10.55;392.75;390;401.25;390;397.19;5075000;139016.5;35;4;25;5;;;;;
2026-01-23;O_XU030E0426P14750.00;BIST 30_04/2026_AVRUPA_OPSIYON;D_IX;INO;D_IX_EPO;DE_BIST30_EPO;D_XU030D;2026-04-30;575.49;639.06;-9.95;0;0;0;0;0;0;0;0;0;129;0;;;;;
2026-01-23;O_XU030E0426P15000.00;BIST 30_04/2026_AVRUPA_OPSIYON;D_IX;INO;D_IX_EPO;DE_BIST30_EPO;D_XU030D;2026-04-30;683.12;753.79;-9.38;0;0;0;0;0;0;0;0;0;124;0;;;;;
2026-01-23;O_XU030E0426P15250.00;BIST 30_04/2026_AVRUPA_OPSIYON;D_IX;INO;D_IX_EPO;DE_BIST30_EPO;D_XU030D;2026-04-30;801.84;879.55;-8.84;0;0;0;0;0;0;0;0;0;27;0;;;;;
2026-01-23;O_XU030E0426P15500.00;BIST 30_04/2026_AVRUPA_OPSIYON;D_IX;INO;D_IX_EPO;DE_BIST30_EPO;D_XU030D;2026-04-30;931.44;1016.02;-8.32;805.75;805.75;805.75;805.75;805.75;1550000;80575;10;1;110;10;;;;;
2026-01-23;O_XU030E0626C13500.00;BIST 30_06/2026_AVRUPA_OPSIYON;D_IX;INO;D_IX_ECO;DE_BIST30_ECO;D_XU030D;2026-06-30;2291.86;2172.98;5.47;0;0;0;0;0;0;0;0;0;10;0;;;;;
2026-01-23;O_XU030E0626C13750.00;BIST 30_06/2026_AVRUPA_OPSIYON;D_IX;INO;D_IX_ECO;DE_BIST30_ECO;D_XU030D;2026-06-30;2096.58;1982.06;5.78;0;0;0;0;0;0;0;0;0;5;0;;;;;
2026-01-23;O_XU030E0626C14000.00;BIST 30_06/2026_AVRUPA_OPSIYON;D_IX;INO;D_IX_ECO;DE_BIST30_ECO;D_XU030D;2026-06-30;1913.41;1799.25;6.34;0;0;0;0;0;0;0;0;0;1;0;;;;;
2026-01-23;O_XU030E0626C14250.00;BIST 30_06/2026_AVRUPA_OPSIYON;D_IX;INO;D_IX_ECO;DE_BIST30_ECO;D_XU030D;2026-06-30;1756.71;1647.65;6.62;0;0;0;0;0;0;0;0;0;0;0;;;;;
2026-01-23;O_XU030E0626C14500.00;BIST 30_06/2026_AVRUPA_OPSIYON;D_IX;INO;D_IX_ECO;DE_BIST30_ECO;D_XU030D;2026-06-30;1607.97;1504.22;6.9;0;0;0;0;0;0;0;0;0;0;0;;;;;
2026-01-23;O_XU030E0626C14750.00;BIST 30_06/2026_AVRUPA_OPSIYON;D_IX;INO;D_IX_ECO;DE_BIST30_ECO;D_XU030D;2026-06-30;1467.39;1369.08;7.18;0;0;0;0;0;0;0;0;0;0;0;;;;;
2026-01-23;O_XU030E0626C15000.00;BIST 30_06/2026_AVRUPA_OPSIYON;D_IX;INO;D_IX_ECO;DE_BIST30_ECO;D_XU030D;2026-06-30;1335.08;1242.3;7.47;0;0;0;0;0;0;0;0;0;0;0;;;;;
2026-01-23;O_XU030E0626C15250.00;BIST 30_06/2026_AVRUPA_OPSIYON;D_IX;INO;D_IX_ECO;DE_BIST30_ECO;D_XU030D;2026-06-30;1211.08;1123.86;7.76;0;0;0;0;0;0;0;0;0;0;0;;;;;
2026-01-23;O_XU030E0626C15500.00;BIST 30_06/2026_AVRUPA_OPSIYON;D_IX;INO;D_IX_ECO;DE_BIST30_ECO;D_XU030D;2026-06-30;1095.34;1013.69;8.05;0;0;0;0;0;0;0;0;0;5;0;;;;;
2026-01-23;O_XU030E0626C15750.00;BIST 30_06/2026_AVRUPA_OPSIYON;D_IX;INO;D_IX_ECO;DE_BIST30_ECO;D_XU030D;2026-06-30;987.75;911.61;8.35;0;0;0;0;0;0;0;0;0;6;0;;;;;
2026-01-23;O_XU030E0626C16000.00;BIST 30_06/2026_AVRUPA_OPSIYON;D_IX;INO;D_IX_ECO;DE_BIST30_ECO;D_XU030D;2026-06-30;888.15;817.43;8.65;0;0;0;0;0;0;0;0;0;10;0;;;;;
2026-01-23;O_XU030E0626C16250.00;BIST 30_06/2026_AVRUPA_OPSIYON;D_IX;INO;D_IX_ECO;DE_BIST30_ECO;D_XU030D;2026-06-30;796.31;730.88;8.95;0;0;0;0;0;0;0;0;0;17;0;;;;;
2026-01-23;O_XU030E0626C16500.00;BIST 30_06/2026_AVRUPA_OPSIYON;D_IX;INO;D_IX_ECO;DE_BIST30_ECO;D_XU030D;2026-06-30;711.96;651.66;9.25;0;0;0;0;0;0;0;0;0;33;0;;;;;
2026-01-23;O_XU030E0626C16750.00;BIST 30_06/2026_AVRUPA_OPSIYON;D_IX;INO;D_IX_ECO;DE_BIST30_ECO;D_XU030D;2026-06-30;634.79;579.41;9.56;0;0;0;0;0;0;0;0;0;1;0;;;;;
2026-01-23;O_XU030E0626C17000.00;BIST 30_06/2026_AVRUPA_OPSIYON;D_IX;INO;D_IX_ECO;DE_BIST30_ECO;D_XU030D;2026-06-30;564.44;513.78;9.86;0;0;0;0;0;0;0;0;0;4;0;;;;;
2026-01-23;O_XU030E0626C17250.00;BIST 30_06/2026_AVRUPA_OPSIYON;D_IX;INO;D_IX_ECO;DE_BIST30_ECO;D_XU030D;2026-06-30;500.55;454.37;10.16;0;0;0;0;0;0;0;0;0;0;0;;;;;
2026-01-23;O_XU030E0626C17500.00;BIST 30_06/2026_AVRUPA_OPSIYON;D_IX;INO;D_IX_ECO;DE_BIST30_ECO;D_XU030D;2026-06-30;442.74;400.79;10.47;0;0;0;0;0;0;0;0;0;0;0;;;;;
2026-01-23;O_XU030E0626C17750.00;BIST 30_06/2026_AVRUPA_OPSIYON;D_IX;INO;D_IX_ECO;DE_BIST30_ECO;D_XU030D;2026-06-30;390.61;352.63;10.77;0;0;0;0;0;0;0;0;0;0;0;;;;;
2026-01-23;O_XU030E0626P12000.00;BIST 30_06/2026_AVRUPA_OPSIYON;D_IX;INO;D_IX_EPO;DE_BIST30_EPO;D_XU030D;2026-06-30;166.69;183.04;-8.93;0;0;0;0;0;0;0;0;0;50;0;;;;;
2026-01-23;O_XU030E0626P12250.00;BIST 30_06/2026_AVRUPA_OPSIYON;D_IX;INO;D_IX_EPO;DE_BIST30_EPO;D_XU030D;2026-06-30;183.44;202.02;-9.2;0;0;0;0;0;0;0;0;0;20;0;;;;;
2026-01-23;O_XU030E0626P12500.00;BIST 30_06/2026_AVRUPA_OPSIYON;D_IX;INO;D_IX_EPO;DE_BIST30_EPO;D_XU030D;2026-06-30;201.8;222.86;-9.45;0;0;0;0;0;0;0;0;0;3;0;;;;;
2026-01-23;O_XU030E0626P12750.00;BIST 30_06/2026_AVRUPA_OPSIYON;D_IX;INO;D_IX_EPO;DE_BIST30_EPO;D_XU030D;2026-06-30;221.96;245.79;-9.7;0;0;0;0;0;0;0;0;0;55;0;;;;;
2026-01-23;O_XU030E0626P13000.00;BIST 30_06/2026_AVRUPA_OPSIYON;D_IX;INO;D_IX_EPO;DE_BIST30_EPO;D_XU030D;2026-06-30;244.16;271.07;-9.93;0;0;0;0;0;0;0;0;0;4;0;;;;;
2026-01-23;O_XU030E0626P13250.00;BIST 30_06/2026_AVRUPA_OPSIYON;D_IX;INO;D_IX_EPO;DE_BIST30_EPO;D_XU030D;2026-06-30;268.65;298.97;-10.14;0;0;0;0;0;0;0;0;0;0;0;;;;;
2026-01-23;O_XU030E0626P13500.00;BIST 30_06/2026_AVRUPA_OPSIYON;D_IX;INO;D_IX_EPO;DE_BIST30_EPO;D_XU030D;2026-06-30;295.74;329.86;-10.34;0;0;0;0;0;0;0;0;0;46;0;;;;;
2026-01-23;O_XU030E0626P13750.00;BIST 30_06/2026_AVRUPA_OPSIYON;D_IX;INO;D_IX_EPO;DE_BIST30_EPO;D_XU030D;2026-06-30;325.79;364.12;-10.53;0;0;0;0;0;0;0;0;0;0;0;;;;;
2026-01-23;O_XU030E0626P14000.00;BIST 30_06/2026_AVRUPA_OPSIYON;D_IX;INO;D_IX_EPO;DE_BIST30_EPO;D_XU030D;2026-06-30;367.95;406.49;-9.48;0;0;0;0;0;0;0;0;0;0;0;;;;;
2026-01-23;O_XU030E0626P14250.00;BIST 30_06/2026_AVRUPA_OPSIYON;D_IX;INO;D_IX_EPO;DE_BIST30_EPO;D_XU030D;2026-06-30;436.57;480.08;-9.06;0;0;0;0;0;0;0;0;0;0;0;;;;;
2026-01-23;O_XU030E0626P14500.00;BIST 30_06/2026_AVRUPA_OPSIYON;D_IX;INO;D_IX_EPO;DE_BIST30_EPO;D_XU030D;2026-06-30;513.17;561.82;-8.66;0;0;0;0;0;0;0;0;0;4;0;;;;;
2026-01-23;O_XU030E0626P14750.00;BIST 30_06/2026_AVRUPA_OPSIYON;D_IX;INO;D_IX_EPO;DE_BIST30_EPO;D_XU030D;2026-06-30;597.92;651.87;-8.28;0;0;0;0;0;0;0;0;0;10;0;;;;;
2026-01-23;O_XU030E0626P15000.00;BIST 30_06/2026_AVRUPA_OPSIYON;D_IX;INO;D_IX_EPO;DE_BIST30_EPO;D_XU030D;2026-06-30;690.95;750.27;-7.91;634.25;634.25;634.25;634.25;634.25;150000;6342.5;1;1;1;1;;;;;
2026-01-23;O_XU030E0626P15250.00;BIST 30_06/2026_AVRUPA_OPSIYON;D_IX;INO;D_IX_EPO;DE_BIST30_EPO;D_XU030D;2026-06-30;792.27;857.02;-7.56;0;0;0;0;0;0;0;0;0;0;0;;;;;
2026-01-23;O_XU030E0626P15500.00;BIST 30_06/2026_AVRUPA_OPSIYON;D_IX;INO;D_IX_EPO;DE_BIST30_EPO;D_XU030D;2026-06-30;901.86;972.03;-7.22;0;0;0;0;0;0;0;0;0;0;0;;;;;
2026-01-23;O_XU030E0626P15750.00;BIST 30_06/2026_AVRUPA_OPSIYON;D_IX;INO;D_IX_EPO;DE_BIST30_EPO;D_XU030D;2026-06-30;1019.6;1095.14;-6.9;0;0;0;0;0;0;0;0;0;0;0;;;;;
2026-01-23;O_XU030E0626P16000.00;BIST 30_06/2026_AVRUPA_OPSIYON;D_IX;INO;D_IX_EPO;DE_BIST30_EPO;D_XU030D;2026-06-30;1145.33;1226.14;-6.59;0;0;0;0;0;0;0;0;0;0;0;;;;;
2026-01-23;O_XU030E0626P16250.00;BIST 30_06/2026_AVRUPA_OPSIYON;D_IX;INO;D_IX_EPO;DE_BIST30_EPO;D_XU030D;2026-06-30;1278.83;1364.77;-6.3;0;0;0;0;0;0;0;0;0;5;0;;;;;
2026-01-23;O_YKBNKE0126C33.00;YKBNK_01/2026_AVRUPA_OPSIYON;D_EQ;SSO;D_EQ_ECP;DE_YKBNK_ECP;YKBNK.E;2026-01-30;5.9;5.18;13.9;0;0;0;0;0;0;0;0;0;0;0;;;;;
2026-01-23;O_YKBNKE0126C34.00;YKBNK_01/2026_AVRUPA_OPSIYON;D_EQ;SSO;D_EQ_ECP;DE_YKBNK_ECP;YKBNK.E;2026-01-30;4.91;4.21;16.63;0;0;0;0;0;0;0;0;0;0;0;;;;;
2026-01-23;O_YKBNKE0126C35.00;YKBNK_01/2026_AVRUPA_OPSIYON;D_EQ;SSO;D_EQ_ECP;DE_YKBNK_ECP;YKBNK.E;2026-01-30;3.94;3.26;20.86;0;0;0;0;0;0;0;0;0;1015;0;;;;;
2026-01-23;O_YKBNKE0126C36.00;YKBNK_01/2026_AVRUPA_OPSIYON;D_EQ;SSO;D_EQ_ECP;DE_YKBNK_ECP;YKBNK.E;2026-01-30;3;2.38;26.05;0;0;0;0;0;0;0;0;0;1814;0;;;;;
2026-01-23;O_YKBNKE0126C37.00;YKBNK_01/2026_AVRUPA_OPSIYON;D_EQ;SSO;D_EQ_ECP;DE_YKBNK_ECP;YKBNK.E;2026-01-30;2.13;1.62;31.48;0;0;0;0;0;0;0;0;0;463;0;;;;;
2026-01-23;O_YKBNKE0126C38.00;YKBNK_01/2026_AVRUPA_OPSIYON;D_EQ;SSO;D_EQ_ECP;DE_YKBNK_ECP;YKBNK.E;2026-01-30;1.4;1.01;38.61;0;0;0;0;0;0;0;0;0;9122;0;;;;;
2026-01-23;O_YKBNKE0126C39.00;YKBNK_01/2026_AVRUPA_OPSIYON;D_EQ;SSO;D_EQ_ECP;DE_YKBNK_ECP;YKBNK.E;2026-01-30;0.83;0.58;43.1;0;0;0;0;0;0;0;0;0;21957;0;;;;;
2026-01-23;O_YKBNKE0126C40.00;YKBNK_01/2026_AVRUPA_OPSIYON;D_EQ;SSO;D_EQ_ECP;DE_YKBNK_ECP;YKBNK.E;2026-01-30;0.45;0.3;50;0;0;0;0;0;0;0;0;0;1200;0;;;;;
2026-01-23;O_YKBNKE0126C41.00;YKBNK_01/2026_AVRUPA_OPSIYON;D_EQ;SSO;D_EQ_ECP;DE_YKBNK_ECP;YKBNK.E;2026-01-30;0.21;0.14;50;0;0;0;0;0;0;0;0;0;2316;0;;;;;
2026-01-23;O_YKBNKE0126C42.00;YKBNK_01/2026_AVRUPA_OPSIYON;D_EQ;SSO;D_EQ_ECP;DE_YKBNK_ECP;YKBNK.E;2026-01-30;0.09;0.06;50;0;0;0;0;0;0;0;0;0;205;0;;;;;
2026-01-23;O_YKBNKE0126C43.00;YKBNK_01/2026_AVRUPA_OPSIYON;D_EQ;SSO;D_EQ_ECP;DE_YKBNK_ECP;YKBNK.E;2026-01-30;0.04;0.03;33.33;0;0;0;0;0;0;0;0;0;300;0;;;;;
2026-01-23;O_YKBNKE0126C44.00;YKBNK_01/2026_AVRUPA_OPSIYON;D_EQ;SSO;D_EQ_ECP;DE_YKBNK_ECP;YKBNK.E;2026-01-30;0.01;0.01;0;0;0;0;0;0;0;0;0;0;0;0;;;;;
2026-01-23;O_YKBNKE0126C45.00;YKBNK_01/2026_AVRUPA_OPSIYON;D_EQ;SSO;D_EQ_ECP;DE_YKBNK_ECP;YKBNK.E;2026-01-30;0.01;0.01;0;0;0;0;0;0;0;0;0;0;0;0;;;;;
2026-01-23;O_YKBNKE0126P28.00;YKBNK_01/2026_AVRUPA_OPSIYON;D_EQ;SSO;D_EQ_EPP;DE_YKBNK_EPP;YKBNK.E;2026-01-30;0.01;0.01;0;0;0;0;0;0;0;0;0;0;0;0;;;;;
2026-01-23;O_YKBNKE0126P29.00;YKBNK_01/2026_AVRUPA_OPSIYON;D_EQ;SSO;D_EQ_EPP;DE_YKBNK_EPP;YKBNK.E;2026-01-30;0.01;0.01;0;0;0;0;0;0;0;0;0;0;0;0;;;;;
2026-01-23;O_YKBNKE0126P30.00;YKBNK_01/2026_AVRUPA_OPSIYON;D_EQ;SSO;D_EQ_EPP;DE_YKBNK_EPP;YKBNK.E;2026-01-30;0.01;0.01;0;0;0;0;0;0;0;0;0;0;0;0;;;;;
2026-01-23;O_YKBNKE0126P31.00;YKBNK_01/2026_AVRUPA_OPSIYON;D_EQ;SSO;D_EQ_EPP;DE_YKBNK_EPP;YKBNK.E;2026-01-30;0.01;0.01;0;0;0;0;0;0;0;0;0;0;200;0;;;;;
2026-01-23;O_YKBNKE0126P32.00;YKBNK_01/2026_AVRUPA_OPSIYON;D_EQ;SSO;D_EQ_EPP;DE_YKBNK_EPP;YKBNK.E;2026-01-30;0.01;0.01;0;0;0;0;0;0;0;0;0;0;0;0;;;;;
2026-01-23;O_YKBNKE0126P33.00;YKBNK_01/2026_AVRUPA_OPSIYON;D_EQ;SSO;D_EQ_EPP;DE_YKBNK_EPP;YKBNK.E;2026-01-30;0.01;0.01;0;0;0;0;0;0;0;0;0;0;600;0;;;;;
2026-01-23;O_YKBNKE0126P34.00;YKBNK_01/2026_AVRUPA_OPSIYON;D_EQ;SSO;D_EQ_EPP;DE_YKBNK_EPP;YKBNK.E;2026-01-30;0.01;0.02;-50;0;0;0;0;0;0;0;0;0;602;0;;;;;
2026-01-23;O_YKBNKE0126P35.00;YKBNK_01/2026_AVRUPA_OPSIYON;D_EQ;SSO;D_EQ_EPP;DE_YKBNK_EPP;YKBNK.E;2026-01-30;0.02;0.07;-71.43;0;0;0;0;0;0;0;0;0;1401;0;;;;;
2026-01-23;O_YKBNKE0126P36.00;YKBNK_01/2026_AVRUPA_OPSIYON;D_EQ;SSO;D_EQ_EPP;DE_YKBNK_EPP;YKBNK.E;2026-01-30;0.08;0.18;-55.56;0;0;0;0;0;0;0;0;0;318;0;;;;;
2026-01-23;O_YKBNKE0126P37.00;YKBNK_01/2026_AVRUPA_OPSIYON;D_EQ;SSO;D_EQ_EPP;DE_YKBNK_EPP;YKBNK.E;2026-01-30;0.21;0.41;-48.78;0;0;0;0;0;0;0;0;0;785;0;;;;;
2026-01-23;O_YKBNKE0126P38.00;YKBNK_01/2026_AVRUPA_OPSIYON;D_EQ;SSO;D_EQ_EPP;DE_YKBNK_EPP;YKBNK.E;2026-01-30;0.46;0.79;-41.77;0.34;0.34;0.34;0.34;0.34;380000;3400;100;1;263;100;;;;;
2026-01-23;O_YKBNKE0126P39.00;YKBNK_01/2026_AVRUPA_OPSIYON;D_EQ;SSO;D_EQ_EPP;DE_YKBNK_EPP;YKBNK.E;2026-01-30;0.89;1.35;-34.07;0;0;0;0;0;0;0;0;0;326;0;;;;;
2026-01-23;O_YKBNKE0126P40.00;YKBNK_01/2026_AVRUPA_OPSIYON;D_EQ;SSO;D_EQ_EPP;DE_YKBNK_EPP;YKBNK.E;2026-01-30;1.5;2.07;-27.54;0;0;0;0;0;0;0;0;0;564;0;;;;;
2026-01-23;O_YKBNKE0226C36.00;YKBNK_02/2026_AVRUPA_OPSIYON;D_EQ;SSO;D_EQ_ECP;DE_YKBNK_ECP;YKBNK.E;2026-02-27;4.46;3.9;14.36;0;0;0;0;0;0;0;0;0;0;0;;;;;
2026-01-23;O_YKBNKE0226C37.00;YKBNK_02/2026_AVRUPA_OPSIYON;D_EQ;SSO;D_EQ_ECP;DE_YKBNK_ECP;YKBNK.E;2026-02-27;3.73;3.21;16.2;0;0;0;0;0;0;0;0;0;0;0;;;;;
2026-01-23;O_YKBNKE0226C38.00;YKBNK_02/2026_AVRUPA_OPSIYON;D_EQ;SSO;D_EQ_ECP;DE_YKBNK_ECP;YKBNK.E;2026-02-27;3.06;2.6;17.69;2.5;2.5;2.5;2.5;2.5;3800000;250000;1000;8;1005;705;;;;;
2026-01-23;O_YKBNKE0226C39.00;YKBNK_02/2026_AVRUPA_OPSIYON;D_EQ;SSO;D_EQ_ECP;DE_YKBNK_ECP;YKBNK.E;2026-02-27;2.47;2.07;19.32;0;0;0;0;0;0;0;0;0;1281;0;;;;;
2026-01-23;O_YKBNKE0226C40.00;YKBNK_02/2026_AVRUPA_OPSIYON;D_EQ;SSO;D_EQ_ECP;DE_YKBNK_ECP;YKBNK.E;2026-02-27;1.96;1.63;20.25;0;0;0;0;0;0;0;0;0;20500;0;;;;;
2026-01-23;O_YKBNKE0226C41.00;YKBNK_02/2026_AVRUPA_OPSIYON;D_EQ;SSO;D_EQ_ECP;DE_YKBNK_ECP;YKBNK.E;2026-02-27;1.54;1.26;22.22;0;0;0;0;0;0;0;0;0;0;0;;;;;
2026-01-23;O_YKBNKE0226C42.00;YKBNK_02/2026_AVRUPA_OPSIYON;D_EQ;SSO;D_EQ_ECP;DE_YKBNK_ECP;YKBNK.E;2026-02-27;1.19;0.97;22.68;0.66;0.66;0.67;0.67;0.67;8400;133;2;2;302;2;;;;;
2026-01-23;O_YKBNKE0226C43.00;YKBNK_02/2026_AVRUPA_OPSIYON;D_EQ;SSO;D_EQ_ECP;DE_YKBNK_ECP;YKBNK.E;2026-02-27;0.91;0.74;22.97;0.45;0.45;0.45;0.45;0.45;4300;45;1;1;22449;1;;;;;
2026-01-23;O_YKBNKE0226C44.00;YKBNK_02/2026_AVRUPA_OPSIYON;D_EQ;SSO;D_EQ_ECP;DE_YKBNK_ECP;YKBNK.E;2026-02-27;0.69;0.56;23.21;0;0;0;0;0;0;0;0;0;800;0;;;;;
2026-01-23;O_YKBNKE0226C45.00;YKBNK_02/2026_AVRUPA_OPSIYON;D_EQ;SSO;D_EQ_ECP;DE_YKBNK_ECP;YKBNK.E;2026-02-27;0.52;0.42;23.81;0;0;0;0;0;0;0;0;0;0;0;;;;;
2026-01-23;O_YKBNKE0226C46.00;YKBNK_02/2026_AVRUPA_OPSIYON;D_EQ;SSO;D_EQ_ECP;DE_YKBNK_ECP;YKBNK.E;2026-02-27;0.39;0.31;25.81;0;0;0;0;0;0;0;0;0;300;0;;;;;
2026-01-23;O_YKBNKE0226P31.00;YKBNK_02/2026_AVRUPA_OPSIYON;D_EQ;SSO;D_EQ_EPP;DE_YKBNK_EPP;YKBNK.E;2026-02-27;0.04;0.07;-42.86;0;0;0;0;0;0;0;0;0;0;0;;;;;
2026-01-23;O_YKBNKE0226P32.00;YKBNK_02/2026_AVRUPA_OPSIYON;D_EQ;SSO;D_EQ_EPP;DE_YKBNK_EPP;YKBNK.E;2026-02-27;0.08;0.12;-33.33;0;0;0;0;0;0;0;0;0;0;0;;;;;
2026-01-23;O_YKBNKE0226P33.00;YKBNK_02/2026_AVRUPA_OPSIYON;D_EQ;SSO;D_EQ_EPP;DE_YKBNK_EPP;YKBNK.E;2026-02-27;0.14;0.19;-26.32;0;0;0;0;0;0;0;0;0;600;0;;;;;
2026-01-23;O_YKBNKE0226P34.00;YKBNK_02/2026_AVRUPA_OPSIYON;D_EQ;SSO;D_EQ_EPP;DE_YKBNK_EPP;YKBNK.E;2026-02-27;0.22;0.3;-26.67;0;0;0;0;0;0;0;0;0;800;0;;;;;
2026-01-23;O_YKBNKE0226P35.00;YKBNK_02/2026_AVRUPA_OPSIYON;D_EQ;SSO;D_EQ_EPP;DE_YKBNK_EPP;YKBNK.E;2026-02-27;0.34;0.46;-26.09;0;0;0;0;0;0;0;0;0;6402;0;;;;;
2026-01-23;O_YKBNKE0226P36.00;YKBNK_02/2026_AVRUPA_OPSIYON;D_EQ;SSO;D_EQ_EPP;DE_YKBNK_EPP;YKBNK.E;2026-02-27;0.51;0.67;-23.88;0;0;0;0;0;0;0;0;0;5600;0;;;;;
2026-01-23;O_YKBNKE0226P37.00;YKBNK_02/2026_AVRUPA_OPSIYON;D_EQ;SSO;D_EQ_EPP;DE_YKBNK_EPP;YKBNK.E;2026-02-27;0.74;0.95;-22.11;0;0;0;0;0;0;0;0;0;0;0;;;;;
2026-01-23;O_YKBNKE0226P38.00;YKBNK_02/2026_AVRUPA_OPSIYON;D_EQ;SSO;D_EQ_EPP;DE_YKBNK_EPP;YKBNK.E;2026-02-27;1.04;1.3;-20;0;0;0;0;0;0;0;0;0;2250;0;;;;;
2026-01-23;O_YKBNKE0226P39.00;YKBNK_02/2026_AVRUPA_OPSIYON;D_EQ;SSO;D_EQ_EPP;DE_YKBNK_EPP;YKBNK.E;2026-02-27;1.41;1.74;-18.97;0;0;0;0;0;0;0;0;0;0;0;;;;;
2026-01-23;O_YKBNKE0226P40.00;YKBNK_02/2026_AVRUPA_OPSIYON;D_EQ;SSO;D_EQ_EPP;DE_YKBNK_EPP;YKBNK.E;2026-02-27;1.87;2.26;-17.26;0;0;0;0;0;0;0;0;0;168;0;;;;;
2026-01-23;O_YKBNKE0226P41.00;YKBNK_02/2026_AVRUPA_OPSIYON;D_EQ;SSO;D_EQ_EPP;DE_YKBNK_EPP;YKBNK.E;2026-02-27;2.41;2.85;-15.44;0;0;0;0;0;0;0;0;0;168;0;;;;;
2026-01-23;O_YKBNKE0326C37.00;YKBNK_03/2026_AVRUPA_OPSIYON;D_EQ;SSO;D_EQ_ECP;DE_YKBNK_ECP;YKBNK.E;2026-03-31;5.52;4.97;11.07;0;0;0;0;0;0;0;0;0;0;0;;;;;
2026-01-23;O_YKBNKE0326C38.00;YKBNK_03/2026_AVRUPA_OPSIYON;D_EQ;SSO;D_EQ_ECP;DE_YKBNK_ECP;YKBNK.E;2026-03-31;4.85;4.33;12.01;0;0;0;0;0;0;0;0;0;0;0;;;;;
2026-01-23;O_YKBNKE0326C39.00;YKBNK_03/2026_AVRUPA_OPSIYON;D_EQ;SSO;D_EQ_ECP;DE_YKBNK_ECP;YKBNK.E;2026-03-31;4.22;3.74;12.83;0;0;0;0;0;0;0;0;0;0;0;;;;;
2026-01-23;O_YKBNKE0326C40.00;YKBNK_03/2026_AVRUPA_OPSIYON;D_EQ;SSO;D_EQ_ECP;DE_YKBNK_ECP;YKBNK.E;2026-03-31;3.65;3.22;13.35;0;0;0;0;0;0;0;0;0;187000;0;;;;;
2026-01-23;O_YKBNKE0326C41.00;YKBNK_03/2026_AVRUPA_OPSIYON;D_EQ;SSO;D_EQ_ECP;DE_YKBNK_ECP;YKBNK.E;2026-03-31;3.14;2.75;14.18;0;0;0;0;0;0;0;0;0;0;0;;;;;
2026-01-23;O_YKBNKE0326C42.00;YKBNK_03/2026_AVRUPA_OPSIYON;D_EQ;SSO;D_EQ_ECP;DE_YKBNK_ECP;YKBNK.E;2026-03-31;2.68;2.34;14.53;0;0;0;0;0;0;0;0;0;0;0;;;;;
2026-01-23;O_YKBNKE0326C43.00;YKBNK_03/2026_AVRUPA_OPSIYON;D_EQ;SSO;D_EQ_ECP;DE_YKBNK_ECP;YKBNK.E;2026-03-31;2.28;1.98;15.15;0;0;0;0;0;0;0;0;0;0;0;;;;;
2026-01-23;O_YKBNKE0326C44.00;YKBNK_03/2026_AVRUPA_OPSIYON;D_EQ;SSO;D_EQ_ECP;DE_YKBNK_ECP;YKBNK.E;2026-03-31;1.94;1.68;15.48;0;0;0;0;0;0;0;0;0;0;0;;;;;
2026-01-23;O_YKBNKE0326C45.00;YKBNK_03/2026_AVRUPA_OPSIYON;D_EQ;SSO;D_EQ_ECP;DE_YKBNK_ECP;YKBNK.E;2026-03-31;1.64;1.42;15.49;0;0;0;0;0;0;0;0;0;0;0;;;;;
2026-01-23;O_YKBNKE0326C46.00;YKBNK_03/2026_AVRUPA_OPSIYON;D_EQ;SSO;D_EQ_ECP;DE_YKBNK_ECP;YKBNK.E;2026-03-31;1.39;1.2;15.83;0;0;0;0;0;0;0;0;0;0;0;;;;;
2026-01-23;O_YKBNKE0326C47.00;YKBNK_03/2026_AVRUPA_OPSIYON;D_EQ;SSO;D_EQ_ECP;DE_YKBNK_ECP;YKBNK.E;2026-03-31;1.18;1.01;16.83;0;0;0;0;0;0;0;0;0;0;0;;;;;
2026-01-23;O_YKBNKE0326P32.00;YKBNK_03/2026_AVRUPA_OPSIYON;D_EQ;SSO;D_EQ_EPP;DE_YKBNK_EPP;YKBNK.E;2026-03-31;0.18;0.23;-21.74;0;0;0;0;0;0;0;0;0;0;0;;;;;
2026-01-23;O_YKBNKE0326P33.00;YKBNK_03/2026_AVRUPA_OPSIYON;D_EQ;SSO;D_EQ_EPP;DE_YKBNK_EPP;YKBNK.E;2026-03-31;0.26;0.33;-21.21;0;0;0;0;0;0;0;0;0;0;0;;;;;
2026-01-23;O_YKBNKE0326P34.00;YKBNK_03/2026_AVRUPA_OPSIYON;D_EQ;SSO;D_EQ_EPP;DE_YKBNK_EPP;YKBNK.E;2026-03-31;0.37;0.45;-17.78;0;0;0;0;0;0;0;0;0;0;0;;;;;
2026-01-23;O_YKBNKE0326P35.00;YKBNK_03/2026_AVRUPA_OPSIYON;D_EQ;SSO;D_EQ_EPP;DE_YKBNK_EPP;YKBNK.E;2026-03-31;0.5;0.6;-16.67;0;0;0;0;0;0;0;0;0;0;0;;;;;
2026-01-23;O_YKBNKE0326P36.00;YKBNK_03/2026_AVRUPA_OPSIYON;D_EQ;SSO;D_EQ_EPP;DE_YKBNK_EPP;YKBNK.E;2026-03-31;0.66;0.8;-17.5;0;0;0;0;0;0;0;0;0;0;0;;;;;
2026-01-23;O_YKBNKE0326P37.00;YKBNK_03/2026_AVRUPA_OPSIYON;D_EQ;SSO;D_EQ_EPP;DE_YKBNK_EPP;YKBNK.E;2026-03-31;0.87;1.03;-15.53;0;0;0;0;0;0;0;0;0;0;0;;;;;
2026-01-23;O_YKBNKE0326P38.00;YKBNK_03/2026_AVRUPA_OPSIYON;D_EQ;SSO;D_EQ_EPP;DE_YKBNK_EPP;YKBNK.E;2026-03-31;1.11;1.31;-15.27;0;0;0;0;0;0;0;0;0;0;0;;;;;
2026-01-23;O_YKBNKE0326P39.00;YKBNK_03/2026_AVRUPA_OPSIYON;D_EQ;SSO;D_EQ_EPP;DE_YKBNK_EPP;YKBNK.E;2026-03-31;1.4;1.64;-14.63;0;0;0;0;0;0;0;0;0;0;0;;;;;
2026-01-23;O_YKBNKE0326P40.00;YKBNK_03/2026_AVRUPA_OPSIYON;D_EQ;SSO;D_EQ_EPP;DE_YKBNK_EPP;YKBNK.E;2026-03-31;1.75;2.04;-14.22;0;0;0;0;0;0;0;0;0;0;0;;;;;
2026-01-23;O_YKBNKE0326P41.00;YKBNK_03/2026_AVRUPA_OPSIYON;D_EQ;SSO;D_EQ_EPP;DE_YKBNK_EPP;YKBNK.E;2026-03-31;2.16;2.48;-12.9;0;0;0;0;0;0;0;0;0;0;0;;;;;
2026-01-23;O_YKBNKE0326P42.00;YKBNK_03/2026_AVRUPA_OPSIYON;D_EQ;SSO;D_EQ_EPP;DE_YKBNK_EPP;YKBNK.E;2026-03-31;2.62;2.99;-12.37;0;0;0;0;0;0;0;0;0;0;0;;;;;
2026-01-23;TM_F_USDTRY130226;USDTRY_130226_ESNEK VIS;D_CR;CRF;D_CR_FUT;DE_USDTRY_FUT;D_USDTRY;2026-02-13;44.057;;0;0;0;0;0;0;0;0;0;0;0;0;;;;;
2026-01-23;TM_F_USDTRY260126;USDTRY_260126_ESNEK VIS;D_CR;CRF;D_CR_FUT;DE_USDTRY_FUT;D_USDTRY;2026-01-26;43.43;43.43;0;0;0;0;0;0;0;0;0;0;6;0;;;;;
2026-01-23;TM_O_AKBNKE130226C77.00;AKBNK_130226_AVRUPA_ESNEK OPS;D_EQ;SSO;D_EQ_ECP;DE_AKBNK_ECP;AKBNK.E;2026-02-13;5.07;4.48;13.17;0;0;0;0;0;0;0;0;0;750;0;;;;;
2026-01-23;TM_O_AKBNKE130226C78.00;AKBNK_130226_AVRUPA_ESNEK OPS;D_EQ;SSO;D_EQ_ECP;DE_AKBNK_ECP;AKBNK.E;2026-02-13;4.44;3.9;13.85;0;0;0;0;0;0;0;0;0;5128;0;;;;;
2026-01-23;TM_O_AKBNKE280126C78.00;AKBNK_280126_AVRUPA_ESNEK OPS;D_EQ;SSO;D_EQ_ECP;DE_AKBNK_ECP;AKBNK.E;2026-01-28;2.19;1.75;25.14;0;0;0;0;0;0;0;0;0;2000;0;;;;;
2026-01-23;TM_O_AKBNKE300126P68.79;AKBNK_300126_AVRUPA_ESNEK OPS;D_EQ;SSO;D_EQ_EPP;DE_AKBNK_EPP;AKBNK.E;2026-01-30;0.01;0.04;-75;0;0;0;0;0;0;0;0;0;1000;0;;;;;
2026-01-23;TM_O_AKBNKE300126P68.80;AKBNK_300126_AVRUPA_ESNEK OPS;D_EQ;SSO;D_EQ_EPP;DE_AKBNK_EPP;AKBNK.E;2026-01-30;0.01;0.04;-75;0;0;0;0;0;0;0;0;0;5000;0;;;;;
2026-01-23;TM_O_AKBNKE300126P68.81;AKBNK_300126_AVRUPA_ESNEK OPS;D_EQ;SSO;D_EQ_EPP;DE_AKBNK_EPP;AKBNK.E;2026-01-30;0.01;0.04;-75;0;0;0;0;0;0;0;0;0;0;0;;;;;
2026-01-23;TM_O_AKBNKE300126P69.00;AKBNK_300126_AVRUPA_ESNEK OPS;D_EQ;SSO;D_EQ_EPP;DE_AKBNK_EPP;AKBNK.E;2026-01-30;0.02;0.04;-50;0;0;0;0;0;0;0;0;0;0;0;;;;;
2026-01-23;TM_O_AKBNKE300126P72.01;AKBNK_300126_AVRUPA_ESNEK OPS;D_EQ;SSO;D_EQ_EPP;DE_AKBNK_EPP;AKBNK.E;2026-01-30;0.09;0.18;-50;0;0;0;0;0;0;0;0;0;685;0;;;;;
2026-01-23;TM_O_AKBNKE300126P74.10;AKBNK_300126_AVRUPA_ESNEK OPS;D_EQ;SSO;D_EQ_EPP;DE_AKBNK_EPP;AKBNK.E;2026-01-30;0.24;0.42;-42.86;0;0;0;0;0;0;0;0;0;575;0;;;;;
2026-01-23;TM_O_ARCLKE160226P107.50;ARCLK_160226_AVRUPA_ESNEK OPS;D_EQ;SSO;D_EQ_EPP;DE_ARCLK_EPP;ARCLK.E;2026-02-16;1.17;1.66;-29.52;0;0;0;0;0;0;0;0;0;1000;0;;;;;
2026-01-23;TM_O_ARCLKE230126P115.03;ARCLK_230126_AVRUPA_ESNEK OPS;D_EQ;SSO;D_EQ_EPP;DE_ARCLK_EPP;ARCLK.E;2026-01-23;0.63;;0;0;0;0;0;0;0;0;0;0;0;0;;;;;
2026-01-23;TM_O_ARCLKE270226P110.05;ARCLK_270226_AVRUPA_ESNEK OPS;D_EQ;SSO;D_EQ_EPP;DE_ARCLK_EPP;ARCLK.E;2026-02-27;2.14;2.75;-22.18;0;0;0;0;0;0;0;0;0;849;0;;;;;
2026-01-23;TM_O_ARCLKE270226P115.03;ARCLK_270226_AVRUPA_ESNEK OPS;D_EQ;SSO;D_EQ_EPP;DE_ARCLK_EPP;ARCLK.E;2026-02-27;3.7;;0;2;2;2;2;2;1990019;34600;173;1;173;173;;;;;
2026-01-23;TM_O_ARCLKE270226P115.04;ARCLK_270226_AVRUPA_ESNEK OPS;D_EQ;SSO;D_EQ_EPP;DE_ARCLK_EPP;ARCLK.E;2026-02-27;3.71;4.7;-21.06;0;0;0;0;0;0;0;0;0;541;0;;;;;
2026-01-23;TM_O_ARCLKE270226P115.05;ARCLK_270226_AVRUPA_ESNEK OPS;D_EQ;SSO;D_EQ_EPP;DE_ARCLK_EPP;ARCLK.E;2026-02-27;3.71;4.71;-21.23;0;0;0;0;0;0;0;0;0;90;0;;;;;
2026-01-23;TM_O_ARCLKE300126C111.00;ARCLK_300126_AVRUPA_ESNEK OPS;D_EQ;SSO;D_EQ_ECP;DE_ARCLK_ECP;ARCLK.E;2026-01-30;5.03;3.56;41.29;0;0;0;0;0;0;0;0;0;109;0;;;;;
2026-01-23;TM_O_ARCLKE300126P110.01;ARCLK_300126_AVRUPA_ESNEK OPS;D_EQ;SSO;D_EQ_EPP;DE_ARCLK_EPP;ARCLK.E;2026-01-30;0.61;1.29;-52.71;0;0;0;0;0;0;0;0;0;90;0;;;;;
2026-01-23;TM_O_ARCLKE300126P110.02;ARCLK_300126_AVRUPA_ESNEK OPS;D_EQ;SSO;D_EQ_EPP;DE_ARCLK_EPP;ARCLK.E;2026-01-30;0.61;1.29;-52.71;0;0;0;0;0;0;0;0;0;218;0;;;;;
2026-01-23;TM_O_ARCLKE300126P115.01;ARCLK_300126_AVRUPA_ESNEK OPS;D_EQ;SSO;D_EQ_EPP;DE_ARCLK_EPP;ARCLK.E;2026-01-30;2.27;3.69;-38.48;0;0;0;0;0;0;0;0;0;83;0;;;;;
2026-01-23;TM_O_ARCLKE300126P115.02;ARCLK_300126_AVRUPA_ESNEK OPS;D_EQ;SSO;D_EQ_EPP;DE_ARCLK_EPP;ARCLK.E;2026-01-30;2.27;3.69;-38.48;0;0;0;0;0;0;0;0;0;434;0;;;;;
2026-01-23;TM_O_ARCLKE300126P115.03;ARCLK_300126_AVRUPA_ESNEK OPS;D_EQ;SSO;D_EQ_EPP;DE_ARCLK_EPP;ARCLK.E;2026-01-30;2.28;3.7;-38.38;0;0;0;0;0;0;0;0;0;86;0;;;;;
2026-01-23;TM_O_ASELSE130226C290.00;ASELS_130226_AVRUPA_ESNEK OPS;D_EQ;SSO;D_EQ_ECP;DE_ASELS_ECP;ASELS.E;2026-02-13;21.31;21.8;-2.25;0;0;0;0;0;0;0;0;0;230;0;;;;;
2026-01-23;TM_O_ASELSE270226P252.00;ASELS_270226_AVRUPA_ESNEK OPS;D_EQ;SSO;D_EQ_EPP;DE_ASELS_EPP;ASELS.E;2026-02-27;1.07;1.12;-4.46;0;0;0;0;0;0;0;0;0;125;0;;;;;
2026-01-23;TM_O_ASELSE270226P335.00;ASELS_270226_AVRUPA_ESNEK OPS;D_EQ;SSO;D_EQ_EPP;DE_ASELS_EPP;ASELS.E;2026-02-27;29.19;28.89;1.04;0;0;0;0;0;0;0;0;0;0;0;;;;;
2026-01-23;TM_O_ASELSE300126C219.95;ASELS_300126_AVRUPA_ESNEK OPS;D_EQ;SSO;D_EQ_ECP;DE_ASELS_ECP;ASELS.E;2026-01-30;82.15;82.37;-0.27;0;0;0;0;0;0;0;0;0;0;0;;;;;
2026-01-23;TM_O_ASELSE300126C222.00;ASELS_300126_AVRUPA_ESNEK OPS;D_EQ;SSO;D_EQ_ECP;DE_ASELS_ECP;ASELS.E;2026-01-30;80.11;80.34;-0.29;0;0;0;0;0;0;0;0;0;550;0;;;;;
2026-01-23;TM_O_ASELSE300126C224.00;ASELS_300126_AVRUPA_ESNEK OPS;D_EQ;SSO;D_EQ_ECP;DE_ASELS_ECP;ASELS.E;2026-01-30;78.13;78.36;-0.29;0;0;0;0;0;0;0;0;0;9700;0;;;;;
2026-01-23;TM_O_ASELSE300126C260.10;ASELS_300126_AVRUPA_ESNEK OPS;D_EQ;SSO;D_EQ_ECP;DE_ASELS_ECP;ASELS.E;2026-01-30;42.32;42.61;-0.68;0;0;0;0;0;0;0;0;0;500;0;;;;;
2026-01-23;TM_O_BIMASE060226C600.00;BIMAS_060226_AVRUPA_ESNEK OPS;D_EQ;SSO;D_EQ_ECP;DE_BIMAS_ECP;BIMAS.E;2026-02-06;42.28;41.2;2.62;0;0;0;0;0;0;0;0;0;250;0;;;;;
2026-01-23;TM_O_BIMASE230126P560.00;BIMAS_230126_AVRUPA_ESNEK OPS;D_EQ;SSO;D_EQ_EPP;DE_BIMAS_EPP;BIMAS.E;2026-01-23;0;0.01;0;0;0;0;0;0;0;0;0;0;0;0;;;;;
2026-01-23;TM_O_BIMASE300126C539.99;BIMAS_300126_AVRUPA_ESNEK OPS;D_EQ;SSO;D_EQ_ECP;DE_BIMAS_ECP;BIMAS.E;2026-01-30;92.45;90.52;2.13;0;0;0;0;0;0;0;0;0;158;0;;;;;
2026-01-23;TM_O_BIMASE300126C600.10;BIMAS_300126_AVRUPA_ESNEK OPS;D_EQ;SSO;D_EQ_ECP;DE_BIMAS_ECP;BIMAS.E;2026-01-30;35.23;34.17;3.1;0;0;0;0;0;0;0;0;0;100;0;;;;;
2026-01-23;TM_O_BIMASE300126P528.00;BIMAS_300126_AVRUPA_ESNEK OPS;D_EQ;SSO;D_EQ_EPP;DE_BIMAS_EPP;BIMAS.E;2026-01-30;0.01;0.01;0;0;0;0;0;0;0;0;0;0;65;0;;;;;
2026-01-23;TM_O_EKGYOE270226P23.51;EKGYO_270226_AVRUPA_ESNEK OPS;D_EQ;SSO;D_EQ_EPP;DE_EKGYO_EPP;EKGYO.E;2026-02-27;0.88;1.08;-18.52;0;0;0;0;0;0;0;0;0;680;0;;;;;
2026-01-23;TM_O_EKGYOE300126C21.70;EKGYO_300126_AVRUPA_ESNEK OPS;D_EQ;SSO;D_EQ_ECP;DE_EKGYO_ECP;EKGYO.E;2026-01-30;1.91;1.52;25.66;0;0;0;0;0;0;0;0;0;500;0;;;;;
2026-01-23;TM_O_EKGYOE300126C22.40;EKGYO_300126_AVRUPA_ESNEK OPS;D_EQ;SSO;D_EQ_ECP;DE_EKGYO_ECP;EKGYO.E;2026-01-30;1.31;0.99;32.32;0;0;0;0;0;0;0;0;0;0;0;;;;;
2026-01-23;TM_O_EKGYOE300126P21.01;EKGYO_300126_AVRUPA_ESNEK OPS;D_EQ;SSO;D_EQ_EPP;DE_EKGYO_EPP;EKGYO.E;2026-01-30;0.01;0.04;-75;0;0;0;0;0;0;0;0;0;525;0;;;;;
2026-01-23;TM_O_EKGYOE300126P21.51;EKGYO_300126_AVRUPA_ESNEK OPS;D_EQ;SSO;D_EQ_EPP;DE_EKGYO_EPP;EKGYO.E;2026-01-30;0.04;0.09;-55.56;0;0;0;0;0;0;0;0;0;1160;0;;;;;
2026-01-23;TM_O_EKGYOE300126P23.01;EKGYO_300126_AVRUPA_ESNEK OPS;D_EQ;SSO;D_EQ_EPP;DE_EKGYO_EPP;EKGYO.E;2026-01-30;0.31;0.52;-40.38;0;0;0;0;0;0;0;0;0;3500;0;;;;;
2026-01-23;TM_O_ENKAIE300126P86.01;ENKAI_300126_AVRUPA_ESNEK OPS;D_EQ;SSO;D_EQ_EPP;DE_ENKAI_EPP;ENKAI.E;2026-01-30;2.51;3.87;-35.14;0;0;0;0;0;0;0;0;0;575;0;;;;;
2026-01-23;TM_O_ENKAIE300126P88.01;ENKAI_300126_AVRUPA_ESNEK OPS;D_EQ;SSO;D_EQ_EPP;DE_ENKAI_EPP;ENKAI.E;2026-01-30;3.9;5.48;-28.83;0;0;0;0;0;0;0;0;0;500;0;;;;;
2026-01-23;TM_O_EREGLE270226C27.50;EREGL_270226_AVRUPA_ESNEK OPS;D_EQ;SSO;D_EQ_ECP;DE_EREGL_ECP;EREGL.E;2026-02-27;1.42;1.28;10.94;0;0;0;0;0;0;0;0;0;2500;0;;;;;
2026-01-23;TM_O_EREGLE270226P26.01;EREGL_270226_AVRUPA_ESNEK OPS;D_EQ;SSO;D_EQ_EPP;DE_EREGL_EPP;EREGL.E;2026-02-27;0.42;0.48;-12.5;0;0;0;0;0;0;0;0;0;1150;0;;;;;
2026-01-23;TM_O_EREGLE270226P26.02;EREGL_270226_AVRUPA_ESNEK OPS;D_EQ;SSO;D_EQ_EPP;DE_EREGL_EPP;EREGL.E;2026-02-27;0.42;0.49;-14.29;0;0;0;0;0;0;0;0;0;1780;0;;;;;
2026-01-23;TM_O_EREGLE300126C24.80;EREGL_300126_AVRUPA_ESNEK OPS;D_EQ;SSO;D_EQ_ECP;DE_EREGL_ECP;EREGL.E;2026-01-30;2.46;2.2;11.82;0;0;0;0;0;0;0;0;0;1500;0;;;;;
2026-01-23;TM_O_EREGLE300126C24.99;EREGL_300126_AVRUPA_ESNEK OPS;D_EQ;SSO;D_EQ_ECP;DE_EREGL_ECP;EREGL.E;2026-01-30;2.27;2.02;12.38;0;0;0;0;0;0;0;0;0;1120;0;;;;;
2026-01-23;TM_O_EREGLE300126C25.30;EREGL_300126_AVRUPA_ESNEK OPS;D_EQ;SSO;D_EQ_ECP;DE_EREGL_ECP;EREGL.E;2026-01-30;1.98;1.74;13.79;0;0;0;0;0;0;0;0;0;600;0;;;;;
2026-01-23;TM_O_EREGLE300126P23.70;EREGL_300126_AVRUPA_ESNEK OPS;D_EQ;SSO;D_EQ_EPP;DE_EREGL_EPP;EREGL.E;2026-01-30;0.01;0.01;0;0;0;0;0;0;0;0;0;0;750;0;;;;;
2026-01-23;TM_O_EREGLE300126P24.01;EREGL_300126_AVRUPA_ESNEK OPS;D_EQ;SSO;D_EQ_EPP;DE_EREGL_EPP;EREGL.E;2026-01-30;0.01;0.01;0;0;0;0;0;0;0;0;0;0;316;0;;;;;
2026-01-23;TM_O_EREGLE300126P24.51;EREGL_300126_AVRUPA_ESNEK OPS;D_EQ;SSO;D_EQ_EPP;DE_EREGL_EPP;EREGL.E;2026-01-30;0.01;0.02;-50;0;0;0;0;0;0;0;0;0;1600;0;;;;;
2026-01-23;TM_O_EREGLE300126P24.52;EREGL_300126_AVRUPA_ESNEK OPS;D_EQ;SSO;D_EQ_EPP;DE_EREGL_EPP;EREGL.E;2026-01-30;0.01;0.02;-50;0;0;0;0;0;0;0;0;0;1199;0;;;;;
2026-01-23;TM_O_EREGLE300126P24.53;EREGL_300126_AVRUPA_ESNEK OPS;D_EQ;SSO;D_EQ_EPP;DE_EREGL_EPP;EREGL.E;2026-01-30;0.01;0.02;-50;0;0;0;0;0;0;0;0;0;244;0;;;;;
2026-01-23;TM_O_EREGLE300126P25.01;EREGL_300126_AVRUPA_ESNEK OPS;D_EQ;SSO;D_EQ_EPP;DE_EREGL_EPP;EREGL.E;2026-01-30;0.02;0.05;-60;0;0;0;0;0;0;0;0;0;670;0;;;;;
2026-01-23;TM_O_EREGLE300126P25.02;EREGL_300126_AVRUPA_ESNEK OPS;D_EQ;SSO;D_EQ_EPP;DE_EREGL_EPP;EREGL.E;2026-01-30;0.02;0.05;-60;0;0;0;0;0;0;0;0;0;405;0;;;;;
2026-01-23;TM_O_EREGLE300126P25.03;EREGL_300126_AVRUPA_ESNEK OPS;D_EQ;SSO;D_EQ_EPP;DE_EREGL_EPP;EREGL.E;2026-01-30;0.02;0.05;-60;0;0;0;0;0;0;0;0;0;2000;0;;;;;
2026-01-23;TM_O_EREGLE300126P25.04;EREGL_300126_AVRUPA_ESNEK OPS;D_EQ;SSO;D_EQ_EPP;DE_EREGL_EPP;EREGL.E;2026-01-30;0.02;0.05;-60;0;0;0;0;0;0;0;0;0;750;0;;;;;
2026-01-23;TM_O_EREGLE300126P25.05;EREGL_300126_AVRUPA_ESNEK OPS;D_EQ;SSO;D_EQ_EPP;DE_EREGL_EPP;EREGL.E;2026-01-30;0.02;0.05;-60;0;0;0;0;0;0;0;0;0;820;0;;;;;
2026-01-23;TM_O_EREGLE300126P26.10;EREGL_300126_AVRUPA_ESNEK OPS;D_EQ;SSO;D_EQ_EPP;DE_EREGL_EPP;EREGL.E;2026-01-30;0.12;0.21;-42.86;0;0;0;0;0;0;0;0;0;1000;0;;;;;
2026-01-23;TM_O_FROTOE270226C108.00;FROTO_270226_AVRUPA_ESNEK OPS;D_EQ;SSO;D_EQ_ECP;DE_FROTO_ECP;FROTO.E;2026-02-27;5.32;4.8;10.83;0;0;0;0;0;0;0;0;0;243;0;;;;;
2026-01-23;TM_O_FROTOE270226P105.50;FROTO_270226_AVRUPA_ESNEK OPS;D_EQ;SSO;D_EQ_EPP;DE_FROTO_EPP;FROTO.E;2026-02-27;3.29;3.77;-12.73;0;0;0;0;0;0;0;0;0;200;0;;;;;
2026-01-23;TM_O_FROTOE300126P95.00;FROTO_300126_AVRUPA_ESNEK OPS;D_EQ;SSO;D_EQ_EPP;DE_FROTO_EPP;FROTO.E;2026-01-30;0.05;0.11;-54.55;0;0;0;0;0;0;0;0;0;0;0;;;;;
2026-01-23;TM_O_GARANE270226C149.99;GARAN_270226_AVRUPA_ESNEK OPS;D_EQ;SSO;D_EQ_ECP;DE_GARAN_ECP;GARAN.E;2026-02-27;10.86;9.21;17.92;0;0;0;0;0;0;0;0;0;564;0;;;;;
2026-01-23;TM_O_GARANE270226P150.05;GARAN_270226_AVRUPA_ESNEK OPS;D_EQ;SSO;D_EQ_EPP;DE_GARAN_EPP;GARAN.E;2026-02-27;4.21;5.21;-19.19;0;0;0;0;0;0;0;0;0;0;0;;;;;
2026-01-23;TM_O_GARANE300126C136.00;GARAN_300126_AVRUPA_ESNEK OPS;D_EQ;SSO;D_EQ_ECP;DE_GARAN_ECP;GARAN.E;2026-01-30;16.35;13.81;18.39;0;0;0;0;0;0;0;0;0;0;0;;;;;
2026-01-23;TM_O_GARANE300126P136.00;GARAN_300126_AVRUPA_ESNEK OPS;D_EQ;SSO;D_EQ_EPP;DE_GARAN_EPP;GARAN.E;2026-01-30;0.07;0.19;-63.16;0;0;0;0;0;0;0;0;0;100;0;;;;;
2026-01-23;TM_O_GARANE300126P137.00;GARAN_300126_AVRUPA_ESNEK OPS;D_EQ;SSO;D_EQ_EPP;DE_GARAN_EPP;GARAN.E;2026-01-30;0.09;0.24;-62.5;0;0;0;0;0;0;0;0;0;150;0;;;;;
2026-01-23;TM_O_GARANE300126P142.50;GARAN_300126_AVRUPA_ESNEK OPS;D_EQ;SSO;D_EQ_EPP;DE_GARAN_EPP;GARAN.E;2026-01-30;0.41;0.87;-52.87;0;0;0;0;0;0;0;0;0;150;0;;;;;
2026-01-23;TM_O_GARANE300126P144.00;GARAN_300126_AVRUPA_ESNEK OPS;D_EQ;SSO;D_EQ_EPP;DE_GARAN_EPP;GARAN.E;2026-01-30;0.59;1.2;-50.83;0;0;0;0;0;0;0;0;0;0;0;;;;;
2026-01-23;TM_O_GARANE300126P152.00;GARAN_300126_AVRUPA_ESNEK OPS;D_EQ;SSO;D_EQ_EPP;DE_GARAN_EPP;GARAN.E;2026-01-30;2.98;4.61;-35.36;0;0;0;0;0;0;0;0;0;2500;0;;;;;
2026-01-23;TM_O_GARANE310326P142.00;GARAN_310326_AVRUPA_ESNEK OPS;D_EQ;SSO;D_EQ_EPP;DE_GARAN_EPP;GARAN.E;2026-03-31;2.85;3.27;-12.84;0;0;0;0;0;0;0;0;0;5000;0;;;;;
2026-01-23;TM_O_ISCTRE270226P14.51;ISCTR_270226_AVRUPA_ESNEK OPS;D_EQ;SSO;D_EQ_EPP;DE_ISCTR_EPP;ISCTR.E;2026-02-27;0.29;0.43;-32.56;0;0;0;0;0;0;0;0;0;1400;0;;;;;
2026-01-23;TM_O_ISCTRE270226P14.52;ISCTR_270226_AVRUPA_ESNEK OPS;D_EQ;SSO;D_EQ_EPP;DE_ISCTR_EPP;ISCTR.E;2026-02-27;0.3;0.43;-30.23;0;0;0;0;0;0;0;0;0;5450;0;;;;;
2026-01-23;TM_O_ISCTRE270226P15.01;ISCTR_270226_AVRUPA_ESNEK OPS;D_EQ;SSO;D_EQ_EPP;DE_ISCTR_EPP;ISCTR.E;2026-02-27;0.43;0.63;-31.75;0;0;0;0;0;0;0;0;0;0;0;;;;;
2026-01-23;TM_O_ISCTRE270226P16.01;ISCTR_270226_AVRUPA_ESNEK OPS;D_EQ;SSO;D_EQ_EPP;DE_ISCTR_EPP;ISCTR.E;2026-02-27;0.88;1.2;-26.67;0;0;0;0;0;0;0;0;0;11055;0;;;;;
2026-01-23;TM_O_ISCTRE270226P16.02;ISCTR_270226_AVRUPA_ESNEK OPS;D_EQ;SSO;D_EQ_EPP;DE_ISCTR_EPP;ISCTR.E;2026-02-27;0.89;1.2;-25.83;0;0;0;0;0;0;0;0;0;3840;0;;;;;
2026-01-23;TM_O_ISCTRE270226P16.03;ISCTR_270226_AVRUPA_ESNEK OPS;D_EQ;SSO;D_EQ_EPP;DE_ISCTR_EPP;ISCTR.E;2026-02-27;0.89;1.21;-26.45;0;0;0;0;0;0;0;0;0;1240;0;;;;;
2026-01-23;TM_O_ISCTRE270226P16.04;ISCTR_270226_AVRUPA_ESNEK OPS;D_EQ;SSO;D_EQ_EPP;DE_ISCTR_EPP;ISCTR.E;2026-02-27;0.9;1.22;-26.23;0;0;0;0;0;0;0;0;0;3125;0;;;;;
2026-01-23;TM_O_ISCTRE300126C14.30;ISCTR_300126_AVRUPA_ESNEK OPS;D_EQ;SSO;D_EQ_ECP;DE_ISCTR_ECP;ISCTR.E;2026-01-30;1.05;0.64;64.06;0;0;0;0;0;0;0;0;0;2000;0;;;;;
2026-01-23;TM_O_ISCTRE300126C14.40;ISCTR_300126_AVRUPA_ESNEK OPS;D_EQ;SSO;D_EQ_ECP;DE_ISCTR_ECP;ISCTR.E;2026-01-30;0.96;0.57;68.42;0;0;0;0;0;0;0;0;0;0;0;;;;;
2026-01-23;TM_O_ISCTRE300126C14.55;ISCTR_300126_AVRUPA_ESNEK OPS;D_EQ;SSO;D_EQ_ECP;DE_ISCTR_ECP;ISCTR.E;2026-01-30;0.84;0.48;75;0;0;0;0;0;0;0;0;0;1140;0;;;;;
2026-01-23;TM_O_ISCTRE300126P13.85;ISCTR_300126_AVRUPA_ESNEK OPS;D_EQ;SSO;D_EQ_EPP;DE_ISCTR_EPP;ISCTR.E;2026-01-30;0.01;0.06;-83.33;0;0;0;0;0;0;0;0;0;0;0;;;;;
2026-01-23;TM_O_ISCTRE300126P14.25;ISCTR_300126_AVRUPA_ESNEK OPS;D_EQ;SSO;D_EQ_EPP;DE_ISCTR_EPP;ISCTR.E;2026-01-30;0.04;0.14;-71.43;0;0;0;0;0;0;0;0;0;73508;0;;;;;
2026-01-23;TM_O_ISCTRE300126P14.40;ISCTR_300126_AVRUPA_ESNEK OPS;D_EQ;SSO;D_EQ_EPP;DE_ISCTR_EPP;ISCTR.E;2026-01-30;0.06;0.18;-66.67;0;0;0;0;0;0;0;0;0;700;0;;;;;
2026-01-23;TM_O_ISCTRE300126P14.51;ISCTR_300126_AVRUPA_ESNEK OPS;D_EQ;SSO;D_EQ_EPP;DE_ISCTR_EPP;ISCTR.E;2026-01-30;0.07;0.22;-68.18;0;0;0;0;0;0;0;0;0;1875;0;;;;;
2026-01-23;TM_O_ISCTRE300126P14.52;ISCTR_300126_AVRUPA_ESNEK OPS;D_EQ;SSO;D_EQ_EPP;DE_ISCTR_EPP;ISCTR.E;2026-01-30;0.08;0.23;-65.22;0;0;0;0;0;0;0;0;0;688;0;;;;;
2026-01-23;TM_O_ISCTRE300126P15.01;ISCTR_300126_AVRUPA_ESNEK OPS;D_EQ;SSO;D_EQ_EPP;DE_ISCTR_EPP;ISCTR.E;2026-01-30;0.2;0.47;-57.45;0;0;0;0;0;0;0;0;0;600;0;;;;;
2026-01-23;TM_O_ISCTRE300126P15.02;ISCTR_300126_AVRUPA_ESNEK OPS;D_EQ;SSO;D_EQ_EPP;DE_ISCTR_EPP;ISCTR.E;2026-01-30;0.21;0.47;-55.32;0;0;0;0;0;0;0;0;0;325;0;;;;;
2026-01-23;TM_O_ISCTRE300126P15.03;ISCTR_300126_AVRUPA_ESNEK OPS;D_EQ;SSO;D_EQ_EPP;DE_ISCTR_EPP;ISCTR.E;2026-01-30;0.21;0.48;-56.25;0;0;0;0;0;0;0;0;0;390;0;;;;;
2026-01-23;TM_O_ISCTRE300126P15.42;ISCTR_300126_AVRUPA_ESNEK OPS;D_EQ;SSO;D_EQ_EPP;DE_ISCTR_EPP;ISCTR.E;2026-01-30;0.39;0.75;-48;0;0;0;0;0;0;0;0;0;650;0;;;;;
2026-01-23;TM_O_KCHOLE270226C197.00;KCHOL_270226_AVRUPA_ESNEK OPS;D_EQ;SSO;D_EQ_ECP;DE_KCHOL_ECP;KCHOL.E;2026-02-27;13.39;11.81;13.38;0;0;0;0;0;0;0;0;0;2000;0;;;;;
2026-01-23;TM_O_KCHOLE270226C207.00;KCHOL_270226_AVRUPA_ESNEK OPS;D_EQ;SSO;D_EQ_ECP;DE_KCHOL_ECP;KCHOL.E;2026-02-27;8.16;7.07;15.42;0;0;0;0;0;0;0;0;0;1000;0;;;;;
2026-01-23;TM_O_KCHOLE270226C230.00;KCHOL_02/2026_AVRUPA_OPSIYON;D_EQ;SSO;D_EQ_ECP;DE_KCHOL_ECP;KCHOL.E;2026-02-27;2.33;2.04;14.22;0;0;0;0;0;0;0;0;0;2600;0;;;;;
2026-01-23;TM_O_KCHOLE270226P201.00;KCHOL_270226_AVRUPA_ESNEK OPS;D_EQ;SSO;D_EQ_EPP;DE_KCHOL_EPP;KCHOL.E;2026-02-27;6.8;7.99;-14.89;0;0;0;0;0;0;0;0;0;100;0;;;;;
2026-01-23;TM_O_KCHOLE270226P212.00;KCHOL_270226_AVRUPA_ESNEK OPS;D_EQ;SSO;D_EQ_EPP;DE_KCHOL_EPP;KCHOL.E;2026-02-27;12.53;14.25;-12.07;0;0;0;0;0;0;0;0;0;48;0;;;;;
2026-01-23;TM_O_KCHOLE300126C197.00;KCHOL_300126_AVRUPA_ESNEK OPS;D_EQ;SSO;D_EQ_ECP;DE_KCHOL_ECP;KCHOL.E;2026-01-30;5.33;4.14;28.74;0;0;0;0;0;0;0;0;0;1500;0;;;;;
2026-01-23;TM_O_KCHOLE300126C225.00;KCHOL_01/2026_AVRUPA_OPSIYON;D_EQ;SSO;D_EQ_ECP;DE_KCHOL_ECP;KCHOL.E;2026-01-30;0.05;0.05;0;0;0;0;0;0;0;0;0;0;0;0;;;;;
2026-01-23;TM_O_KCHOLE300126P166.00;KCHOL_300126_AVRUPA_ESNEK OPS;D_EQ;SSO;D_EQ_EPP;DE_KCHOL_EPP;KCHOL.E;2026-01-30;0.01;0.01;0;0;0;0;0;0;0;0;0;0;150;0;;;;;
2026-01-23;TM_O_KCHOLE300126P168.00;KCHOL_300126_AVRUPA_ESNEK OPS;D_EQ;SSO;D_EQ_EPP;DE_KCHOL_EPP;KCHOL.E;2026-01-30;0.01;0.01;0;0;0;0;0;0;0;0;0;0;500;0;;;;;
2026-01-23;TM_O_KCHOLE300126P170.05;KCHOL_300126_AVRUPA_ESNEK OPS;D_EQ;SSO;D_EQ_EPP;DE_KCHOL_EPP;KCHOL.E;2026-01-30;0.01;0.02;-50;0;0;0;0;0;0;0;0;0;117;0;;;;;
2026-01-23;TM_O_KCHOLE300126P175.05;KCHOL_300126_AVRUPA_ESNEK OPS;D_EQ;SSO;D_EQ_EPP;DE_KCHOL_EPP;KCHOL.E;2026-01-30;0.02;0.07;-71.43;0;0;0;0;0;0;0;0;0;0;0;;;;;
2026-01-23;TM_O_KCHOLE300126P177.00;KCHOL_300126_AVRUPA_ESNEK OPS;D_EQ;SSO;D_EQ_EPP;DE_KCHOL_EPP;KCHOL.E;2026-01-30;0.04;0.12;-66.67;0;0;0;0;0;0;0;0;0;120;0;;;;;
2026-01-23;TM_O_KCHOLE300126P182.00;KCHOL_300126_AVRUPA_ESNEK OPS;D_EQ;SSO;D_EQ_EPP;DE_KCHOL_EPP;KCHOL.E;2026-01-30;0.15;0.36;-58.33;0;0;0;0;0;0;0;0;0;0;0;;;;;
2026-01-23;TM_O_KCHOLE300126P194.00;KCHOL_300126_AVRUPA_ESNEK OPS;D_EQ;SSO;D_EQ_EPP;DE_KCHOL_EPP;KCHOL.E;2026-01-30;1.76;2.85;-38.25;0;0;0;0;0;0;0;0;0;263;0;;;;;
2026-01-23;TM_O_KCHOLE300126P204.50;KCHOL_300126_AVRUPA_ESNEK OPS;D_EQ;SSO;D_EQ_EPP;DE_KCHOL_EPP;KCHOL.E;2026-01-30;6.95;9.04;-23.12;0;0;0;0;0;0;0;0;0;98;0;;;;;
2026-01-23;TM_O_KCHOLE310326C235.00;KCHOL_03/2026_AVRUPA_OPSIYON;D_EQ;SSO;D_EQ_ECP;DE_KCHOL_ECP;KCHOL.E;2026-03-31;6.42;5.84;9.93;0;0;0;0;0;0;0;0;0;13000;0;;;;;
2026-01-23;TM_O_KRDMDE270226C27.50;KRDMD_270226_AVRUPA_ESNEK OPS;D_EQ;SSO;D_EQ_ECP;DE_KRDMD_ECP;KRDMD.E;2026-02-27;3.28;3.17;3.47;0;0;0;0;0;0;0;0;0;1820;0;;;;;
2026-01-23;TM_O_KRDMDE270226C27.51;KRDMD_270226_AVRUPA_ESNEK OPS;D_EQ;SSO;D_EQ_ECP;DE_KRDMD_ECP;KRDMD.E;2026-02-27;3.27;3.16;3.48;0;0;0;0;0;0;0;0;0;1820;0;;;;;
2026-01-23;TM_O_KRDMDE300126P27.45;KRDMD_300126_AVRUPA_ESNEK OPS;D_EQ;SSO;D_EQ_EPP;DE_KRDMD_EPP;KRDMD.E;2026-01-30;0.07;0.1;-30;0;0;0;0;0;0;0;0;0;2258;0;;;;;
2026-01-23;TM_O_PETKME270226P19.10;PETKM_270226_AVRUPA_ESNEK OPS;D_EQ;SSO;D_EQ_EPP;DE_PETKM_EPP;PETKM.E;2026-02-27;1.03;1.15;-10.43;0;0;0;0;0;0;0;0;0;2650;0;;;;;
2026-01-23;TM_O_PETKME300126C17.60;PETKM_300126_AVRUPA_ESNEK OPS;D_EQ;SSO;D_EQ_ECP;DE_PETKM_ECP;PETKM.E;2026-01-30;0.65;0.55;18.18;0;0;0;0;0;0;0;0;0;8930;0;;;;;
2026-01-23;TM_O_PETKME300126C17.85;PETKM_300126_AVRUPA_ESNEK OPS;D_EQ;SSO;D_EQ_ECP;DE_PETKM_ECP;PETKM.E;2026-01-30;0.48;0.41;17.07;0;0;0;0;0;0;0;0;0;10000;0;;;;;
2026-01-23;TM_O_PETKME300126P16.30;PETKM_300126_AVRUPA_ESNEK OPS;D_EQ;SSO;D_EQ_EPP;DE_PETKM_EPP;PETKM.E;2026-01-30;0.01;0.02;-50;0;0;0;0;0;0;0;0;0;10000;0;;;;;
2026-01-23;TM_O_PETKME300126P16.80;PETKM_300126_AVRUPA_ESNEK OPS;D_EQ;SSO;D_EQ_EPP;DE_PETKM_EPP;PETKM.E;2026-01-30;0.03;0.05;-40;0;0;0;0;0;0;0;0;0;10000;0;;;;;
2026-01-23;TM_O_PETKME300126P16.99;PETKM_300126_AVRUPA_ESNEK OPS;D_EQ;SSO;D_EQ_EPP;DE_PETKM_EPP;PETKM.E;2026-01-30;0.04;0.07;-42.86;0;0;0;0;0;0;0;0;0;10000;0;;;;;
2026-01-23;TM_O_PETKME300126P17.01;PETKM_300126_AVRUPA_ESNEK OPS;D_EQ;SSO;D_EQ_EPP;DE_PETKM_EPP;PETKM.E;2026-01-30;0.04;0.08;-50;0;0;0;0;0;0;0;0;0;2500;0;;;;;
2026-01-23;TM_O_PGSUSE130226P200.00;PGSUS_130226_AVRUPA_ESNEK OPS;D_EQ;SSO;D_EQ_EPP;DE_PGSUS_EPP;PGSUS.E;2026-02-13;3.95;4.17;-5.28;0;0;0;0;0;0;0;0;0;500;0;;;;;
2026-01-23;TM_O_PGSUSE230226C216.00;PGSUS_230226_AVRUPA_ESNEK OPS;D_EQ;SSO;D_EQ_ECP;DE_PGSUS_ECP;PGSUS.E;2026-02-23;6.22;6.29;-1.11;0;0;0;0;0;0;0;0;0;1400;0;;;;;
2026-01-23;TM_O_PGSUSE270226C204.00;PGSUS_270226_AVRUPA_ESNEK OPS;D_EQ;SSO;D_EQ_ECP;DE_PGSUS_ECP;PGSUS.E;2026-02-27;12.77;12.77;0;0;0;0;0;0;0;0;0;0;150;0;;;;;
2026-01-23;TM_O_PGSUSE270226C211.00;PGSUS_270226_AVRUPA_ESNEK OPS;D_EQ;SSO;D_EQ_ECP;DE_PGSUS_ECP;PGSUS.E;2026-02-27;9.1;9.14;-0.44;0;0;0;0;0;0;0;0;0;75;0;;;;;
2026-01-23;TM_O_PGSUSE270226P205.05;PGSUS_270226_AVRUPA_ESNEK OPS;D_EQ;SSO;D_EQ_EPP;DE_PGSUS_EPP;PGSUS.E;2026-02-27;6.68;6.88;-2.91;0;0;0;0;0;0;0;0;0;30;0;;;;;
2026-01-23;TM_O_PGSUSE270226P210.05;PGSUS_270226_AVRUPA_ESNEK OPS;D_EQ;SSO;D_EQ_EPP;DE_PGSUS_EPP;PGSUS.E;2026-02-27;8.88;9.1;-2.42;0;0;0;0;0;0;0;0;0;131;0;;;;;
2026-01-23;TM_O_PGSUSE270226P215.05;PGSUS_270226_AVRUPA_ESNEK OPS;D_EQ;SSO;D_EQ_EPP;DE_PGSUS_EPP;PGSUS.E;2026-02-27;11.59;;0;5.18;5.18;5.18;5.18;5.18;1483845;35742;69;1;69;69;;;;;
2026-01-23;TM_O_PGSUSE270226P215.50;PGSUS_270226_AVRUPA_ESNEK OPS;D_EQ;SSO;D_EQ_EPP;DE_PGSUS_EPP;PGSUS.E;2026-02-27;11.86;12.09;-1.9;0;0;0;0;0;0;0;0;0;90;0;;;;;
2026-01-23;TM_O_PGSUSE300126P193.00;PGSUS_300126_AVRUPA_ESNEK OPS;D_EQ;SSO;D_EQ_EPP;DE_PGSUS_EPP;PGSUS.E;2026-01-30;0.67;0.85;-21.18;0;0;0;0;0;0;0;0;0;778;0;;;;;
2026-01-23;TM_O_PGSUSE300126P195.05;PGSUS_300126_AVRUPA_ESNEK OPS;D_EQ;SSO;D_EQ_EPP;DE_PGSUS_EPP;PGSUS.E;2026-01-30;0.96;1.19;-19.33;0;0;0;0;0;0;0;0;0;120;0;;;;;
2026-01-23;TM_O_PGSUSE300126P200.50;PGSUS_300126_AVRUPA_ESNEK OPS;D_EQ;SSO;D_EQ_EPP;DE_PGSUS_EPP;PGSUS.E;2026-01-30;2.36;2.69;-12.27;0;0;0;0;0;0;0;0;0;100;0;;;;;
2026-01-23;TM_O_PGSUSE300126P201.70;PGSUS_300126_AVRUPA_ESNEK OPS;D_EQ;SSO;D_EQ_EPP;DE_PGSUS_EPP;PGSUS.E;2026-01-30;2.8;3.15;-11.11;0;0;0;0;0;0;0;0;0;247;0;;;;;
2026-01-23;TM_O_PGSUSE300126P210.50;PGSUS_300126_AVRUPA_ESNEK OPS;D_EQ;SSO;D_EQ_EPP;DE_PGSUS_EPP;PGSUS.E;2026-01-30;7.72;8.1;-4.69;0;0;0;0;0;0;0;0;0;712;0;;;;;
2026-01-23;TM_O_PGSUSE300126P242.00;PGSUS_300126_AVRUPA_ESNEK OPS;D_EQ;SSO;D_EQ_EPP;DE_PGSUS_EPP;PGSUS.E;2026-01-30;37.06;37.22;-0.43;0;0;0;0;0;0;0;0;0;111;0;;;;;
2026-01-23;TM_O_P_USDTRYKE300426C48;FIZIKI_USDTRYK_300426_AVRUPA_ESN;D_CR;PCO;D_CR_ECP;DE_USDTRYKP_ECP;USDTRYKP.CX;2026-04-30;43198.2;43219.2;-0.05;0;0;0;0;0;0;0;0;0;0;0;;;;;
2026-01-23;TM_O_SAHOLE300126C110.00;SAHOL_01/2026_AVRUPA_OPSIYON;D_EQ;SSO;D_EQ_ECP;DE_SAHOL_ECP;SAHOL.E;2026-01-30;0.08;0.06;33.33;0;0;0;0;0;0;0;0;0;7100;0;;;;;
2026-01-23;TM_O_SAHOLE300126C89.99;SAHOL_300126_AVRUPA_ESNEK OPS;D_EQ;SSO;D_EQ_ECP;DE_SAHOL_ECP;SAHOL.E;2026-01-30;8.28;6.75;22.67;0;0;0;0;0;0;0;0;0;60;0;;;;;
2026-01-23;TM_O_SAHOLE300126C99.00;SAHOL_300126_AVRUPA_ESNEK OPS;D_EQ;SSO;D_EQ_ECP;DE_SAHOL_ECP;SAHOL.E;2026-01-30;2.01;1.44;39.58;0;0;0;0;0;0;0;0;0;500;0;;;;;
2026-01-23;TM_O_SAHOLE300126P74.00;SAHOL_01/2026_AVRUPA_OPSIYON;D_EQ;SSO;D_EQ_EPP;DE_SAHOL_EPP;SAHOL.E;2026-01-30;0.01;0.01;0;0;0;0;0;0;0;0;0;0;57000;0;;;;;
2026-01-23;TM_O_SAHOLE300126P82.50;SAHOL_300126_AVRUPA_ESNEK OPS;D_EQ;SSO;D_EQ_EPP;DE_SAHOL_EPP;SAHOL.E;2026-01-30;0.01;0.02;-50;0;0;0;0;0;0;0;0;0;250;0;;;;;
2026-01-23;TM_O_SAHOLE300126P87.50;SAHOL_300126_AVRUPA_ESNEK OPS;D_EQ;SSO;D_EQ_EPP;DE_SAHOL_EPP;SAHOL.E;2026-01-30;0.07;0.2;-65;0;0;0;0;0;0;0;0;0;250;0;;;;;
2026-01-23;TM_O_SAHOLE300126P90.01;SAHOL_300126_AVRUPA_ESNEK OPS;D_EQ;SSO;D_EQ_EPP;DE_SAHOL_EPP;SAHOL.E;2026-01-30;0.22;0.49;-55.1;0;0;0;0;0;0;0;0;0;550;0;;;;;
2026-01-23;TM_O_SAHOLE300126P92.01;SAHOL_300126_AVRUPA_ESNEK OPS;D_EQ;SSO;D_EQ_EPP;DE_SAHOL_EPP;SAHOL.E;2026-01-30;0.46;0.91;-49.45;0;0;0;0;0;0;0;0;0;108;0;;;;;
2026-01-23;TM_O_SAHOLE300126P92.02;SAHOL_300126_AVRUPA_ESNEK OPS;D_EQ;SSO;D_EQ_EPP;DE_SAHOL_EPP;SAHOL.E;2026-01-30;0.46;0.91;-49.45;0;0;0;0;0;0;0;0;0;108;0;;;;;
2026-01-23;TM_O_SAHOLE300126P95.50;SAHOL_300126_AVRUPA_ESNEK OPS;D_EQ;SSO;D_EQ_EPP;DE_SAHOL_EPP;SAHOL.E;2026-01-30;1.3;2.14;-39.25;0;0;0;0;0;0;0;0;0;150;0;;;;;
2026-01-23;TM_O_SAHOLE300126P97.50;SAHOL_300126_AVRUPA_ESNEK OPS;D_EQ;SSO;D_EQ_EPP;DE_SAHOL_EPP;SAHOL.E;2026-01-30;2.11;3.18;-33.65;0;0;0;0;0;0;0;0;0;874;0;;;;;
2026-01-23;TM_O_SAHOLE310326P75.00;SAHOL_310326_AVRUPA_ESNEK OPS;D_EQ;SSO;D_EQ_EPP;DE_SAHOL_EPP;SAHOL.E;2026-03-31;0.22;0.29;-24.14;0;0;0;0;0;0;0;0;0;0;0;;;;;
2026-01-23;TM_O_SISEE270226P39.01;SISE_270226_AVRUPA_ESNEK OPS;D_EQ;SSO;D_EQ_EPP;DE_SISE_EPP;SISE.E;2026-02-27;0.64;0.78;-17.95;0;0;0;0;0;0;0;0;0;700;0;;;;;
2026-01-23;TM_O_SISEE270226P39.02;SISE_270226_AVRUPA_ESNEK OPS;D_EQ;SSO;D_EQ_EPP;DE_SISE_EPP;SISE.E;2026-02-27;0.65;0.78;-16.67;0;0;0;0;0;0;0;0;0;256;0;;;;;
2026-01-23;TM_O_SISEE270226P39.50;SISE_270226_AVRUPA_ESNEK OPS;D_EQ;SSO;D_EQ_EPP;DE_SISE_EPP;SISE.E;2026-02-27;0.75;;0;0.36;0.36;0.36;0.36;0.36;5016500;45720;1270;1;1270;1270;;;;;
2026-01-23;TM_O_SISEE270226P40.01;SISE_270226_AVRUPA_ESNEK OPS;D_EQ;SSO;D_EQ_EPP;DE_SISE_EPP;SISE.E;2026-02-27;0.89;1.11;-19.82;0;0;0;0;0;0;0;0;0;880;0;;;;;
2026-01-23;TM_O_SISEE270226P40.02;SISE_270226_AVRUPA_ESNEK OPS;D_EQ;SSO;D_EQ_EPP;DE_SISE_EPP;SISE.E;2026-02-27;0.9;1.11;-18.92;0;0;0;0;0;0;0;0;0;1250;0;;;;;
2026-01-23;TM_O_SISEE270226P41.01;SISE_270226_AVRUPA_ESNEK OPS;D_EQ;SSO;D_EQ_EPP;DE_SISE_EPP;SISE.E;2026-02-27;1.26;1.53;-17.65;0;0;0;0;0;0;0;0;0;150;0;;;;;
2026-01-23;TM_O_SISEE300126P40.01;SISE_300126_AVRUPA_ESNEK OPS;D_EQ;SSO;D_EQ_EPP;DE_SISE_EPP;SISE.E;2026-01-30;0.47;0.77;-38.96;0;0;0;0;0;0;0;0;0;450;0;;;;;
2026-01-23;TM_O_TAVHLE300126C319.95;TAVHL_300126_AVRUPA_ESNEK OPS;D_EQ;SSO;D_EQ_ECP;DE_TAVHL_ECP;TAVHL.E;2026-01-30;14.58;12.65;15.26;0;0;0;0;0;0;0;0;0;225;0;;;;;
2026-01-23;TM_O_TAVHLE300126C321.00;TAVHL_300126_AVRUPA_ESNEK OPS;D_EQ;SSO;D_EQ_ECP;DE_TAVHL_ECP;TAVHL.E;2026-01-30;13.81;11.96;15.47;0;0;0;0;0;0;0;0;0;40;0;;;;;
2026-01-23;TM_O_TAVHLE300126C339.95;TAVHL_300126_AVRUPA_ESNEK OPS;D_EQ;SSO;D_EQ_ECP;DE_TAVHL_ECP;TAVHL.E;2026-01-30;3.89;3.33;16.82;0;0;0;0;0;0;0;0;0;90;0;;;;;
2026-01-23;TM_O_TCELLE300126P100.04;TCELL_300126_AVRUPA_ESNEK OPS;D_EQ;SSO;D_EQ_EPP;DE_TCELL_EPP;TCELL.E;2026-01-30;0.03;0.05;-40;0;0;0;0;0;0;0;0;0;200;0;;;;;
2026-01-23;TM_O_TCELLE300126P100.05;TCELL_300126_AVRUPA_ESNEK OPS;D_EQ;SSO;D_EQ_EPP;DE_TCELL_EPP;TCELL.E;2026-01-30;0.03;0.05;-40;0;0;0;0;0;0;0;0;0;150;0;;;;;
2026-01-23;TM_O_TCELLE300126P105.04;TCELL_300126_AVRUPA_ESNEK OPS;D_EQ;SSO;D_EQ_EPP;DE_TCELL_EPP;TCELL.E;2026-01-30;0.19;0.3;-36.67;0;0;0;0;0;0;0;0;0;700;0;;;;;
2026-01-23;TM_O_TCELLE300126P105.05;TCELL_300126_AVRUPA_ESNEK OPS;D_EQ;SSO;D_EQ_EPP;DE_TCELL_EPP;TCELL.E;2026-01-30;0.19;0.3;-36.67;0;0;0;0;0;0;0;0;0;501;0;;;;;
2026-01-23;TM_O_TCELLE300126P106.00;TCELL_300126_AVRUPA_ESNEK OPS;D_EQ;SSO;D_EQ_EPP;DE_TCELL_EPP;TCELL.E;2026-01-30;0.27;0.41;-34.15;0;0;0;0;0;0;0;0;0;320;0;;;;;
2026-01-23;TM_O_TCELLE300126P93.99;TCELL_300126_AVRUPA_ESNEK OPS;D_EQ;SSO;D_EQ_EPP;DE_TCELL_EPP;TCELL.E;2026-01-30;0.01;0.01;0;0;0;0;0;0;0;0;0;0;200;0;;;;;
2026-01-23;TM_O_TCELLE300126P94.01;TCELL_300126_AVRUPA_ESNEK OPS;D_EQ;SSO;D_EQ_EPP;DE_TCELL_EPP;TCELL.E;2026-01-30;0.01;0.01;0;0;0;0;0;0;0;0;0;0;39;0;;;;;
2026-01-23;TM_O_TCELLE300126P96.01;TCELL_300126_AVRUPA_ESNEK OPS;D_EQ;SSO;D_EQ_EPP;DE_TCELL_EPP;TCELL.E;2026-01-30;0.01;0.01;0;0;0;0;0;0;0;0;0;0;255;0;;;;;
2026-01-23;TM_O_TCELLE300126P98.01;TCELL_300126_AVRUPA_ESNEK OPS;D_EQ;SSO;D_EQ_EPP;DE_TCELL_EPP;TCELL.E;2026-01-30;0.01;0.02;-50;0;0;0;0;0;0;0;0;0;450;0;;;;;
2026-01-23;TM_O_TCELLE300126P98.02;TCELL_300126_AVRUPA_ESNEK OPS;D_EQ;SSO;D_EQ_EPP;DE_TCELL_EPP;TCELL.E;2026-01-30;0.01;0.02;-50;0;0;0;0;0;0;0;0;0;910;0;;;;;
2026-01-23;TM_O_THYAOE050226P275.00;THYAO_050226_AVRUPA_ESNEK OPS;D_EQ;SSO;D_EQ_EPP;DE_THYAO_EPP;THYAO.E;2026-02-05;0.37;0.52;-28.85;0;0;0;0;0;0;0;0;0;720;0;;;;;
2026-01-23;TM_O_THYAOE050226P275.50;THYAO_050226_AVRUPA_ESNEK OPS;D_EQ;SSO;D_EQ_EPP;DE_THYAO_EPP;THYAO.E;2026-02-05;0.39;0.55;-29.09;0;0;0;0;0;0;0;0;0;360;0;;;;;
2026-01-23;TM_O_THYAOE120226C310.00;THYAO_120226_AVRUPA_ESNEK OPS;D_EQ;SSO;D_EQ_ECP;DE_THYAO_ECP;THYAO.E;2026-02-12;7.5;6.97;7.6;0;0;0;0;0;0;0;0;0;580;0;;;;;
2026-01-23;TM_O_THYAOE160226C310.00;THYAO_160226_AVRUPA_ESNEK OPS;D_EQ;SSO;D_EQ_ECP;DE_THYAO_ECP;THYAO.E;2026-02-16;8.89;8.3;7.11;0;0;0;0;0;0;0;0;0;90;0;;;;;
2026-01-23;TM_O_THYAOE200226C320.00;THYAO_200226_AVRUPA_ESNEK OPS;D_EQ;SSO;D_EQ_ECP;DE_THYAO_ECP;THYAO.E;2026-02-20;6.35;;0;4.52;2.52;4.52;2.52;3.52;6400000;70400;200;2;100;100;;;;;
2026-01-23;TM_O_THYAOE270226P290.03;THYAO_270226_AVRUPA_ESNEK OPS;D_EQ;SSO;D_EQ_EPP;DE_THYAO_EPP;THYAO.E;2026-02-27;3.86;4.31;-10.44;0;0;0;0;0;0;0;0;0;0;0;;;;;
2026-01-23;TM_O_THYAOE270226P298.00;THYAO_270226_AVRUPA_ESNEK OPS;D_EQ;SSO;D_EQ_EPP;DE_THYAO_EPP;THYAO.E;2026-02-27;5.81;;0;4.36;3.22;4.36;3.22;3.79;2384000;30320;80;2;40;40;;;;;
2026-01-23;TM_O_THYAOE270226P316.00;THYAO_270226_AVRUPA_ESNEK OPS;D_EQ;SSO;D_EQ_EPP;DE_THYAO_EPP;THYAO.E;2026-02-27;13.54;14.64;-7.51;0;0;0;0;0;0;0;0;0;32;0;;;;;
2026-01-23;TM_O_THYAOE300126C288.00;THYAO_300126_AVRUPA_ESNEK OPS;D_EQ;SSO;D_EQ_ECP;DE_THYAO_ECP;THYAO.E;2026-01-30;15.83;14.54;8.87;0;0;0;0;0;0;0;0;0;105;0;;;;;
2026-01-23;TM_O_THYAOE300126C289.25;THYAO_300126_AVRUPA_ESNEK OPS;D_EQ;SSO;D_EQ_ECP;DE_THYAO_ECP;THYAO.E;2026-01-30;14.75;13.52;9.1;0;0;0;0;0;0;0;0;0;0;0;;;;;
2026-01-23;TM_O_THYAOE300126C294.00;THYAO_300126_AVRUPA_ESNEK OPS;D_EQ;SSO;D_EQ_ECP;DE_THYAO_ECP;THYAO.E;2026-01-30;10.92;9.94;9.86;0;0;0;0;0;0;0;0;0;245;0;;;;;
2026-01-23;TM_O_THYAOE300126C299.95;THYAO_300126_AVRUPA_ESNEK OPS;D_EQ;SSO;D_EQ_ECP;DE_THYAO_ECP;THYAO.E;2026-01-30;6.9;6.27;10.05;0;0;0;0;0;0;0;0;0;100;0;;;;;
2026-01-23;TM_O_THYAOE300126C299.96;THYAO_300126_AVRUPA_ESNEK OPS;D_EQ;SSO;D_EQ_ECP;DE_THYAO_ECP;THYAO.E;2026-01-30;6.9;6.26;10.22;0;0;0;0;0;0;0;0;0;21;0;;;;;
2026-01-23;TM_O_THYAOE300126C301.00;THYAO_300126_AVRUPA_ESNEK OPS;D_EQ;SSO;D_EQ_ECP;DE_THYAO_ECP;THYAO.E;2026-01-30;6.3;5.72;10.14;0;0;0;0;0;0;0;0;0;1000;0;;;;;
2026-01-23;TM_O_THYAOE300126P273.00;THYAO_300126_AVRUPA_ESNEK OPS;D_EQ;SSO;D_EQ_EPP;DE_THYAO_EPP;THYAO.E;2026-01-30;0.05;0.11;-54.55;0;0;0;0;0;0;0;0;0;0;0;;;;;
2026-01-23;TM_O_THYAOE300126P274.00;THYAO_300126_AVRUPA_ESNEK OPS;D_EQ;SSO;D_EQ_EPP;DE_THYAO_EPP;THYAO.E;2026-01-30;0.06;0.13;-53.85;0;0;0;0;0;0;0;0;0;710;0;;;;;
2026-01-23;TM_O_THYAOE300126P277.00;THYAO_300126_AVRUPA_ESNEK OPS;D_EQ;SSO;D_EQ_EPP;DE_THYAO_EPP;THYAO.E;2026-01-30;0.11;0.22;-50;0;0;0;0;0;0;0;0;0;1600;0;;;;;
2026-01-23;TM_O_THYAOE300126P289.25;THYAO_300126_AVRUPA_ESNEK OPS;D_EQ;SSO;D_EQ_EPP;DE_THYAO_EPP;THYAO.E;2026-01-30;0.9;1.37;-34.31;0;0;0;0;0;0;0;0;0;171;0;;;;;
2026-01-23;TM_O_THYAOE300126P290.04;THYAO_300126_AVRUPA_ESNEK OPS;D_EQ;SSO;D_EQ_EPP;DE_THYAO_EPP;THYAO.E;2026-01-30;1.01;1.53;-33.99;0;0;0;0;0;0;0;0;0;35;0;;;;;
2026-01-23;TM_O_THYAOE300126P290.05;THYAO_300126_AVRUPA_ESNEK OPS;D_EQ;SSO;D_EQ_EPP;DE_THYAO_EPP;THYAO.E;2026-01-30;1.01;1.53;-33.99;0;0;0;0;0;0;0;0;0;172;0;;;;;
2026-01-23;TM_O_THYAOE300126P291.00;THYAO_300126_AVRUPA_ESNEK OPS;D_EQ;SSO;D_EQ_EPP;DE_THYAO_EPP;THYAO.E;2026-01-30;1.17;1.73;-32.37;0;0;0;0;0;0;0;0;0;48;0;;;;;
2026-01-23;TM_O_THYAOE300126P299.00;THYAO_300126_AVRUPA_ESNEK OPS;D_EQ;SSO;D_EQ_EPP;DE_THYAO_EPP;THYAO.E;2026-01-30;3.31;4.31;-23.2;0;0;0;0;0;0;0;0;0;35;0;;;;;
2026-01-23;TM_O_TOASOE300126P249.00;TOASO_300126_AVRUPA_ESNEK OPS;D_EQ;SSO;D_EQ_EPP;DE_TOASO_EPP;TOASO.E;2026-01-30;0.01;0.01;0;0;0;0;0;0;0;0;0;0;700;0;;;;;
2026-01-23;TM_O_TTKOME270226C63.99;TTKOM_270226_AVRUPA_ESNEK OPS;D_EQ;SSO;D_EQ_ECP;DE_TTKOM_ECP;TTKOM.E;2026-02-27;4.64;4.89;-5.11;0;0;0;0;0;0;0;0;0;215;0;;;;;
2026-01-23;TM_O_TTKOME300126P56.01;TTKOM_300126_AVRUPA_ESNEK OPS;D_EQ;SSO;D_EQ_EPP;DE_TTKOM_EPP;TTKOM.E;2026-01-30;0.01;0.02;-50;0;0;0;0;0;0;0;0;0;357;0;;;;;
2026-01-23;TM_O_TTKOME300126P58.01;TTKOM_300126_AVRUPA_ESNEK OPS;D_EQ;SSO;D_EQ_EPP;DE_TTKOM_EPP;TTKOM.E;2026-01-30;0.05;0.06;-16.67;0;0;0;0;0;0;0;0;0;1244;0;;;;;
2026-01-23;TM_O_TUPRSE300126P187.00;TUPRS_300126_AVRUPA_ESNEK OPS;D_EQ;SSO;D_EQ_EPP;DE_TUPRS_EPP;TUPRS.E;2026-01-30;0.01;0.01;0;0;0;0;0;0;0;0;0;0;4000;0;;;;;
2026-01-23;TM_O_USDTRYKE060226C44400;USDTRY_060226_AVRUPA_ESNEK OPS;D_CR;CRO;D_CR_ECO;DE_USDTRYK_ECO;D_USDTRYK;2026-02-06;43.9;70.8;-37.99;0;0;0;0;0;0;0;0;0;1000;0;;;;;
2026-01-23;TM_O_USDTRYKE060226C45000;USDTRY_060226_AVRUPA_ESNEK OPS;D_CR;CRO;D_CR_ECO;DE_USDTRYK_ECO;D_USDTRYK;2026-02-06;51;62.9;-18.92;0;0;0;0;0;0;0;0;0;5000;0;;;;;
2026-01-23;TM_O_USDTRYKE140426C52000;USDTRY_140426_AVRUPA_ESNEK OPS;D_CR;CRO;D_CR_ECO;DE_USDTRYK_ECO;D_USDTRYK;2026-04-14;303.2;305.6;-0.79;0;0;0;0;0;0;0;0;0;10000;0;;;;;
2026-01-23;TM_O_USDTRYKE200426C52000;USDTRY_200426_AVRUPA_ESNEK OPS;D_CR;CRO;D_CR_ECO;DE_USDTRYK_ECO;D_USDTRYK;2026-04-20;340.4;328.7;3.56;0;0;0;0;0;0;0;0;0;10000;0;;;;;
2026-01-23;TM_O_USDTRYKE270226C43700;USDTRY_270226_AVRUPA_ESNEK OPS;D_CR;CRO;D_CR_ECO;DE_USDTRYK_ECO;D_USDTRYK;2026-02-27;760;802.9;-5.34;0;0;0;0;0;0;0;0;0;0;0;;;;;
2026-01-23;TM_O_USDTRYKE270226C45100;USDTRY_270226_AVRUPA_ESNEK OPS;D_CR;CRO;D_CR_ECO;DE_USDTRYK_ECO;D_USDTRYK;2026-02-27;159.2;210.5;-24.37;0;0;0;0;0;0;0;0;0;2000;0;;;;;
2026-01-23;TM_O_USDTRYKE270226C46000;USDTRY_02/2026_AVRUPA_OPSIYON;D_CR;CRO;D_CR_ECO;DE_USDTRYK_ECO;D_USDTRYK;2026-02-27;155.8;199.2;-21.79;0;0;0;0;0;0;0;0;0;10000;0;;;;;
2026-01-23;TM_O_USDTRYKE300126C43700;USDTRY_300126_AVRUPA_ESNEK OPS;D_CR;CRO;D_CR_ECO;DE_USDTRYK_ECO;D_USDTRYK;2026-01-30;74.4;100.8;-26.19;0;0;0;0;0;0;0;0;0;10853;0;;;;;
2026-01-23;TM_O_USDTRYKE300126C44100;USDTRY_300126_AVRUPA_ESNEK OPS;D_CR;CRO;D_CR_ECO;DE_USDTRYK_ECO;D_USDTRYK;2026-01-30;12.1;24.8;-51.21;0;0;0;0;0;0;0;0;0;2100;0;;;;;
2026-01-23;TM_O_USDTRYKE300126C46000;USDTRY_01/2026_AVRUPA_OPSIYON;D_CR;CRO;D_CR_ECO;DE_USDTRYK_ECO;D_USDTRYK;2026-01-30;3;3.6;-16.67;30.4;30.4;30.4;30.4;30.4;9200000;6080;200;4;5010;0;;;;;
2026-01-23;TM_O_USDTRYKE300426C46000;USDTRY_300426_AVRUPA_ESNEK OPS;D_CR;CRO;D_CR_ECO;DE_USDTRYK_ECO;D_USDTRYK;2026-04-30;975.3;983.7;-0.85;0;0;0;0;0;0;0;0;0;5000;0;;;;;
2026-01-23;TM_O_USDTRYKE300426C46500;USDTRY_300426_AVRUPA_ESNEK OPS;D_CR;CRO;D_CR_ECO;DE_USDTRYK_ECO;D_USDTRYK;2026-04-30;833.7;858.3;-2.87;0;0;0;0;0;0;0;0;0;10000;0;;;;;
2026-01-23;TM_O_USDTRYKE300426C47000;USDTRY_300426_AVRUPA_ESNEK OPS;D_CR;CRO;D_CR_ECO;DE_USDTRYK_ECO;D_USDTRYK;2026-04-30;699.5;728.5;-3.98;0;0;0;0;0;0;0;0;0;15000;0;;;;;
2026-01-23;TM_O_USDTRYKE300426C48000;USDTRY_300426_AVRUPA_ESNEK OPS;D_CR;CRO;D_CR_ECO;DE_USDTRYK_ECO;D_USDTRYK;2026-04-30;477.8;512.7;-6.81;0;0;0;0;0;0;0;0;0;10000;0;;;;;
2026-01-23;TM_O_USDTRYKE300426P47000;USDTRY_300426_AVRUPA_ESNEK OPS;D_CR;CRO;D_CR_EPO;DE_USDTRYK_EPO;D_USDTRYK;2026-04-30;1318.6;1295.4;1.79;0;0;0;0;0;0;0;0;0;0;0;;;;;
2026-01-23;TM_O_USDTRYKE310326C45500;USDTRY_03/2026_AVRUPA_OPSIYON;D_CR;CRO;D_CR_ECO;DE_USDTRYK_ECO;D_USDTRYK;2026-03-31;525.6;620;-15.23;0;0;0;0;0;0;0;0;0;5000;0;;;;;
2026-01-23;TM_O_USDTRYKE310326C45510;USDTRY_310326_AVRUPA_ESNEK OPS;D_CR;CRO;D_CR_ECO;DE_USDTRYK_ECO;D_USDTRYK;2026-03-31;522.7;617.3;-15.32;0;0;0;0;0;0;0;0;0;0;0;;;;;
2026-01-23;TM_O_USDTRYKE310326C46000;USDTRY_03/2026_AVRUPA_OPSIYON;D_CR;CRO;D_CR_ECO;DE_USDTRYK_ECO;D_USDTRYK;2026-03-31;412.7;491.7;-16.07;0;0;0;0;0;0;0;0;0;15800;0;;;;;
2026-01-23;TM_O_USDTRYKE310326C47000;USDTRY_03/2026_AVRUPA_OPSIYON;D_CR;CRO;D_CR_ECO;DE_USDTRYK_ECO;D_USDTRYK;2026-03-31;301.8;365.9;-17.52;0;0;0;0;0;0;0;0;0;10000;0;;;;;
2026-01-23;TM_O_USDTRYKE310326C52000;USDTRY_310326_AVRUPA_ESNEK OPS;D_CR;CRO;D_CR_ECO;DE_USDTRYK_ECO;D_USDTRYK;2026-03-31;216.6;242.8;-10.79;0;0;0;0;0;0;0;0;0;0;0;;;;;
2026-01-23;TM_O_VAKBNE270226P34.01;VAKBN_270226_AVRUPA_ESNEK OPS;D_EQ;SSO;D_EQ_EPP;DE_VAKBN_EPP;VAKBN.E;2026-02-27;1.14;1.39;-17.99;0;0;0;0;0;0;0;0;0;295;0;;;;;
2026-01-23;TM_O_VAKBNE300126P33.50;VAKBN_300126_AVRUPA_ESNEK OPS;D_EQ;SSO;D_EQ_EPP;DE_VAKBN_EPP;VAKBN.E;2026-01-30;0.37;0.63;-41.27;0;0;0;0;0;0;0;0;0;310;0;;;;;
2026-01-23;TM_O_VAKBNE300126P34.01;VAKBN_300126_AVRUPA_ESNEK OPS;D_EQ;SSO;D_EQ_EPP;DE_VAKBN_EPP;VAKBN.E;2026-01-30;0.54;0.86;-37.21;0;0;0;0;0;0;0;0;0;1000;0;;;;;
2026-01-23;TM_O_VAKBNE300126P34.02;VAKBN_300126_AVRUPA_ESNEK OPS;D_EQ;SSO;D_EQ_EPP;DE_VAKBN_EPP;VAKBN.E;2026-01-30;0.54;0.87;-37.93;0;0;0;0;0;0;0;0;0;1176;0;;;;;
2026-01-23;TM_O_YKBNKE270226P38.01;YKBNK_270226_AVRUPA_ESNEK OPS;D_EQ;SSO;D_EQ_EPP;DE_YKBNK_EPP;YKBNK.E;2026-02-27;1.04;1.31;-20.61;0;0;0;0;0;0;0;0;0;2250;0;;;;;
2026-01-23;TM_O_YKBNKE300126C39.10;YKBNK_300126_AVRUPA_ESNEK OPS;D_EQ;SSO;D_EQ_ECP;DE_YKBNK_ECP;YKBNK.E;2026-01-30;0.78;0.54;44.44;0;0;0;0;0;0;0;0;0;1900;0;;;;;
2026-01-23;TM_O_YKBNKE300126P34.50;YKBNK_300126_AVRUPA_ESNEK OPS;D_EQ;SSO;D_EQ_EPP;DE_YKBNK_EPP;YKBNK.E;2026-01-30;0.01;0.04;-75;0;0;0;0;0;0;0;0;0;600;0;;;;;
2026-01-23;TM_O_YKBNKE300126P36.10;YKBNK_300126_AVRUPA_ESNEK OPS;D_EQ;SSO;D_EQ_EPP;DE_YKBNK_EPP;YKBNK.E;2026-01-30;0.09;0.2;-55;0;0;0;0;0;0;0;0;0;400;0;;;;;
2026-01-23;TM_O_YKBNKE300126P36.80;YKBNK_300126_AVRUPA_ESNEK OPS;D_EQ;SSO;D_EQ_EPP;DE_YKBNK_EPP;YKBNK.E;2026-01-30;0.17;0.36;-52.78;0;0;0;0;0;0;0;0;0;30370;0;;;;;
2026-01-23;TM_O_YKBNKE300126P41.50;YKBNK_300126_AVRUPA_ESNEK OPS;D_EQ;SSO;D_EQ_EPP;DE_YKBNK_EPP;YKBNK.E;2026-01-30;2.68;3.35;-20;0;0;0;0;0;0;0;0;0;790;0;;;;;
