TARIH;SOZLESME KODU;SOZLESME ADI;PAZAR;PAZAR SEGMENTI;SOZLESME TIPI;SOZLESME SINIFI;DAYANAK VARLIK;VADE TARIHI;UZLASMA FIYATI;ONCEKI UZLASMA FIYATI;UZLASMA FIYATI DEGISIMI (%);ACILIS FIYATI;EN DUSUK FIYAT;EN YUKSEK FIYAT;KAPANIS FIYATI; AGIRLIKLI ORTALAMA FIYAT;ISLEM HACMI;PRIM HACMI;ISLEM MIKTARI;ISLEM SAYISI;ACIK POZISYON;ACIK POZISYON DEGISIMI;ACILIS SEANSI FIYATI;ACILIS SEANSI ISLEM HACMI;ACILIS SEANSI PRIM HACMI;ACILIS SEANSI ISLEM MIKTARI;ACILIS SEANSI ISLEM SAYISI
TRADE DATE;INSTRUMENT SERIES;INSTRUMENT NAME;MARKET;MARKET SEGMENT;INSTRUMENT TYPE;INSTRUMENT CLASS;UNDERLYING;EXPIRATION DATE;SETTLEMENT PRICE;PREVIOUS SETTLEMENT PRICE;CHANGE OF SETTLEMENT PRICE (%);OPENING PRICE;LOWEST PRICE;HIGHEST PRICE;CLOSING PRICE;VWAP;TRADED VALUE;PREMIUM VALUE;TRADE VOLUME;TRADE COUNT;OPEN POSITION;OPEN POSITION CHANGE;OPENING SESSION PRICE;TRADED VALUE AT OPENING SESSION;PREMIUM VALUE AT OPENING SESSION;TRADED VOLUME AT OPENING SESSION;TRADE COUNT AT OPENING SESSION
2026-05-07;F_AEFES0526;AEFES_05/2026_VIS;D_EQ;SSF;D_EQ_FPD;DE_AEFES_FPD;AEFES.E;2026-05-25;20.85;20.4;2.21;20.47;20.39;21.01;20.83;20.74;281879592;0;135911;10594;286282;9429;20.47;71645;0;35;8
2026-05-07;F_AEFES0626;AEFES_06/2026_VIS;D_EQ;SSF;D_EQ_FPD;DE_AEFES_FPD;AEFES.E;2026-06-30;21.37;20.92;2.15;21.41;20.97;21.57;21.4;21.36;31806442;0;14746;741;24923;7873;21.41;8564;0;4;3
2026-05-07;F_AEFES0726;AEFES_07/2026_VIS;D_EQ;SSF;D_EQ_FPD;DE_AEFES_FPD;AEFES.E;2026-07-31;22.05;21.44;2.85;21.48;21.19;22.14;22;21.88;17300520;0;7739;41;7843;7580;;;;;
2026-05-07;F_AKBNK0526;AKBNK_05/2026_VIS;D_EQ;SSF;D_EQ_FPD;DE_AKBNK_FPD;AKBNK.E;2026-05-25;76.84;76.35;0.64;76.3;76.18;78.2;76.88;77.08;4600419704;0;596815;43706;760828;2761;76.3;770630;0;101;7
2026-05-07;F_AKBNK0626;AKBNK_06/2026_VIS;D_EQ;SSF;D_EQ_FPD;DE_AKBNK_FPD;AKBNK.E;2026-06-30;79.01;78.58;0.55;78.56;78.4;80.41;79.01;79.36;110383404;0;13910;1849;28768;2309;;;;;
2026-05-07;F_AKBNK0726;AKBNK_07/2026_VIS;D_EQ;SSF;D_EQ_FPD;DE_AKBNK_FPD;AKBNK.E;2026-07-31;81.39;80.81;0.72;82.13;80.78;82.88;81.73;81.46;1824758;0;224;103;465;124;;;;;
2026-05-07;F_AKSEN0526;AKSEN_05/2026_VIS;D_EQ;SSF;D_EQ_FPD;DE_AKSEN_FPD;AKSEN.E;2026-05-25;90.28;91.22;-1.03;91.3;88.88;91.65;90.26;90.36;268193458;0;29682;6354;92636;-2022;;;;;
2026-05-07;F_AKSEN0626;AKSEN_06/2026_VIS;D_EQ;SSF;D_EQ_FPD;DE_AKSEN_FPD;AKSEN.E;2026-06-30;93.14;93.71;-0.61;93.85;91.4;94.4;94.4;92.65;10589832;0;1143;239;2667;70;;;;;
2026-05-07;F_AKSEN0726;AKSEN_07/2026_VIS;D_EQ;SSF;D_EQ_FPD;DE_AKSEN_FPD;AKSEN.E;2026-07-31;95.77;96.94;-1.21;95.86;94.5;96.35;96.35;95.77;239435;0;25;11;42;15;;;;;
2026-05-07;F_ALARK0526;ALARK_05/2026_VIS;D_EQ;SSF;D_EQ_FPD;DE_ALARK_FPD;ALARK.E;2026-05-25;102.15;102.9;-0.73;103.6;101.7;104.45;101.9;103.03;173951725;0;16884;5326;74590;-672;103.6;51800;0;5;5
2026-05-07;F_ALARK0626;ALARK_06/2026_VIS;D_EQ;SSF;D_EQ_FPD;DE_ALARK_FPD;ALARK.E;2026-06-30;105.2;105.65;-0.43;106.3;104.7;107;104.9;105.73;7940245;0;751;262;970;-90;;;;;
2026-05-07;F_ALARK0726;ALARK_07/2026_VIS;D_EQ;SSF;D_EQ_FPD;DE_ALARK_FPD;ALARK.E;2026-07-31;108.15;107.6;0.51;109.75;107;109.75;107;108.3;205775;0;19;12;28;15;;;;;
2026-05-07;F_ARCLK0526;ARCLK_05/2026_VIS;D_EQ;SSF;D_EQ_FPD;DE_ARCLK_FPD;ARCLK.E;2026-05-25;117.65;116.15;1.29;116.4;110.65;118.3;117.75;117.42;141320110;0;12035;3697;40267;2053;116.4;116400;0;10;1
2026-05-07;F_ARCLK0626;ARCLK_06/2026_VIS;D_EQ;SSF;D_EQ_FPD;DE_ARCLK_FPD;ARCLK.E;2026-06-30;120.85;119.35;1.26;117.05;116.3;121.2;120.45;120.7;7169750;0;594;207;1472;202;;;;;
2026-05-07;F_ARCLK0726;ARCLK_07/2026_VIS;D_EQ;SSF;D_EQ_FPD;DE_ARCLK_FPD;ARCLK.E;2026-07-31;124.65;122.8;1.51;125.1;124.15;125.65;124.6;124.76;898270;0;72;30;54;47;;;;;
2026-05-07;F_ASELS0526;ASELS_05/2026_VIS;D_EQ;SSF;D_EQ_FPD;DE_ASELS_FPD;ASELS.E;2026-05-25;434;444.55;-2.37;446.85;428.3;446.85;433.8;434.54;2710255995;0;62370;19899;101041;-1892;;;;;
2026-05-07;F_ASELS0626;ASELS_06/2026_VIS;D_EQ;SSF;D_EQ_FPD;DE_ASELS_FPD;ASELS.E;2026-06-30;445.15;457.45;-2.69;458.65;440.65;458.7;446.25;446.01;260829345;0;5842;1993;11640;1290;;;;;
2026-05-07;F_ASELS0726;ASELS_07/2026_VIS;D_EQ;SSF;D_EQ_FPD;DE_ASELS_FPD;ASELS.E;2026-07-31;458;472.2;-3.01;469.9;453.9;469.9;456.9;458.79;3945585;0;86;48;180;43;;;;;
2026-05-07;F_ASTOR0526;ASTOR_05/2026_VIS;D_EQ;SSF;D_EQ_FPD;DE_ASTOR_FPD;ASTOR.E;2026-05-25;324.6;321.15;1.07;322;305.5;325.8;325.7;314.37;4016273280;0;127756;39398;42852;-4366;322;4991000;0;155;12
2026-05-07;F_ASTOR0626;ASTOR_06/2026_VIS;D_EQ;SSF;D_EQ_FPD;DE_ASTOR_FPD;ASTOR.E;2026-06-30;332.35;327.5;1.48;327.05;312.05;333;333;321.07;221764975;0;6907;2490;5846;907;;;;;
2026-05-07;F_ASTOR0726;ASTOR_07/2026_VIS;D_EQ;SSF;D_EQ_FPD;DE_ASTOR_FPD;ASTOR.E;2026-07-31;339.45;333.55;1.77;336.25;320;340;340;327.54;8941930;0;273;172;209;58;;;;;
2026-05-07;F_BIMAS0526;BIMAS_05/2026_VIS;D_EQ;SSF;D_EQ_FPD;DE_BIMAS_FPD;BIMAS.E;2026-05-25;799.6;803.3;-0.46;804.5;796.5;807.1;798.4;800.76;896696450;0;11198;5541;26989;561;804.5;160900;0;2;2
2026-05-07;F_BIMAS0626;BIMAS_06/2026_VIS;D_EQ;SSF;D_EQ_FPD;DE_BIMAS_FPD;BIMAS.E;2026-06-30;818.3;820.6;-0.28;824.2;816.6;826.8;817.7;820.49;71136290;0;867;425;2113;155;;;;;
2026-05-07;F_BIMAS0726;BIMAS_07/2026_VIS;D_EQ;SSF;D_EQ_FPD;DE_BIMAS_FPD;BIMAS.E;2026-07-31;845.3;842.2;0.37;843.1;843.1;847.8;847.8;845.28;760750;0;9;7;27;6;;;;;
2026-05-07;F_BRSAN0526;BRSAN_05/2026_VIS;D_EQ;SSF;D_EQ_FPD;DE_BRSAN_FPD;BRSAN.E;2026-05-25;635.7;638.7;-0.47;640.3;623.8;652.1;633;637.91;752165370;0;11791;7398;5449;376;640.3;128060;0;2;2
2026-05-07;F_BRSAN0626;BRSAN_06/2026_VIS;D_EQ;SSF;D_EQ_FPD;DE_BRSAN_FPD;BRSAN.E;2026-06-30;654.3;656.4;-0.32;660;642.4;668.4;653.1;656.44;23434950;0;357;247;284;47;;;;;
2026-05-07;F_BRSAN0726;BRSAN_07/2026_VIS;D_EQ;SSF;D_EQ_FPD;DE_BRSAN_FPD;BRSAN.E;2026-07-31;677.8;665.5;1.85;729.7;667.8;729.7;682.2;681.66;1976800;0;29;26;31;13;;;;;
2026-05-07;F_CIMSA0526;CIMSA_05/2026_VIS;D_EQ;SSF;D_EQ_FPD;DE_CIMSA_FPD;CIMSA.E;2026-05-25;60.18;60.02;0.27;60.21;59.15;61.28;60.2;60.34;166966254;0;27673;5943;43689;-3060;;;;;
2026-05-07;F_CIMSA0626;CIMSA_06/2026_VIS;D_EQ;SSF;D_EQ_FPD;DE_CIMSA_FPD;CIMSA.E;2026-06-30;62.04;61.71;0.53;62.1;60.9;62.82;61.95;61.77;3508393;0;568;129;1146;74;;;;;
2026-05-07;F_CIMSA0726;CIMSA_07/2026_VIS;D_EQ;SSF;D_EQ_FPD;DE_CIMSA_FPD;CIMSA.E;2026-07-31;64.04;63.6;0.69;63.75;63.75;64.64;63.83;64.06;333109;0;52;30;33;26;;;;;
2026-05-07;F_CNHTRY0526;CNHTRY_05/2026_VIS;D_CR;CRF;D_CR_FUT;DE_CNHTRY_FUT;D_CNHTRY;2026-05-25;6.8397;6.8397;0;0;0;0;0;0;0;0;0;0;244;0;;;;;
2026-05-07;F_CNHTRY0626;CNHTRY_06/2026_VIS;D_CR;CRF;D_CR_FUT;DE_CNHTRY_FUT;D_CNHTRY;2026-06-30;6.9865;6.9865;0;0;0;0;0;0;0;0;0;0;30;0;;;;;
2026-05-07;F_CNHTRY0826;CNHTRY_08/2026_VIS;D_CR;CRF;D_CR_FUT;DE_CNHTRY_FUT;D_CNHTRY;2026-08-31;7.4073;7.4073;0;0;0;0;0;0;0;0;0;0;0;0;;;;;
2026-05-07;F_CNHTRY1226;CNHTRY_12/2026_VIS;D_CR;CRF;D_CR_FUT;DE_CNHTRY_FUT;D_CNHTRY;2026-12-31;8.3239;8.3239;0;0;0;0;0;0;0;0;0;0;8;0;;;;;
2026-05-07;F_DOAS0526;DOAS_05/2026_VIS;D_EQ;SSF;D_EQ_FPD;DE_DOAS_FPD;DOAS.E;2026-05-25;192.35;189.85;1.32;190.8;189.3;194.2;192.15;191.74;75813555;0;3954;1770;5946;-324;;;;;
2026-05-07;F_DOAS0626;DOAS_06/2026_VIS;D_EQ;SSF;D_EQ_FPD;DE_DOAS_FPD;DOAS.E;2026-06-30;198.1;194.65;1.77;194.25;194.25;199;198.35;197.4;2210915;0;112;55;291;23;;;;;
2026-05-07;F_DOAS0726;DOAS_07/2026_VIS;D_EQ;SSF;D_EQ_FPD;DE_DOAS_FPD;DOAS.E;2026-07-31;203.25;198.7;2.29;203.15;202.45;204.45;204.45;203.24;162590;0;8;6;12;7;;;;;
2026-05-07;F_DOHOL0526;DOHOL_05/2026_VIS;D_EQ;SSF;D_EQ_FPD;DE_DOHOL_FPD;DOHOL.E;2026-05-25;25.01;25.15;-0.56;25.26;24.87;25.47;24.98;25.12;215251659;0;85688;8291;207864;-11006;25.26;50520;0;20;4
2026-05-07;F_DOHOL0626;DOHOL_06/2026_VIS;D_EQ;SSF;D_EQ_FPD;DE_DOHOL_FPD;DOHOL.E;2026-06-30;25.66;25.63;0.12;25.71;25.52;26.06;25.61;25.79;7729241;0;2997;313;3894;-327;;;;;
2026-05-07;F_DOHOL0726;DOHOL_07/2026_VIS;D_EQ;SSF;D_EQ_FPD;DE_DOHOL_FPD;DOHOL.E;2026-07-31;26.41;25.91;1.93;26.59;26.28;26.68;26.33;26.51;580655;0;219;45;22;4;;;;;
2026-05-07;F_EKGYO0526;EKGYO_05/2026_VIS;D_EQ;SSF;D_EQ_FPD;DE_EKGYO_FPD;EKGYO.E;2026-05-25;22.18;21.78;1.84;21.79;21.68;22.47;22.18;22.01;1110639482;0;504719;14495;556908;-19647;21.79;4358;0;2;2
2026-05-07;F_EKGYO0626;EKGYO_06/2026_VIS;D_EQ;SSF;D_EQ_FPD;DE_EKGYO_FPD;EKGYO.E;2026-06-30;22.19;21.76;1.98;21.82;21.68;22.48;22.23;22.02;63450843;0;28236;912;43727;9373;;;;;
2026-05-07;F_EKGYO0726;EKGYO_07/2026_VIS;D_EQ;SSF;D_EQ_FPD;DE_EKGYO_FPD;EKGYO.E;2026-07-31;22.93;22.19;3.33;22.55;22.38;23.06;22.94;22.62;2952441;0;1305;87;531;49;;;;;
2026-05-07;F_ELCBAS0526;BY ELEKTRIK_05/2026_VIS;D_EL;ENF;D_EL_FUT;DE_ELCBAS05B_FUT;D_ELCBAS05;2026-06-01;2950;2950;0;0;0;0;0;0;0;0;0;0;20;0;;;;;
2026-05-07;F_ELCBAS0626;BY ELEKTRIK_06/2026_VIS;D_EL;ENF;D_EL_FUT;DE_ELCBAS06B_FUT;D_ELCBAS06;2026-06-30;2960;2960;0;0;0;0;0;0;0;0;0;0;20;0;;;;;
2026-05-07;F_ELCBAS0726;BY ELEKTRIK_07/2026_VIS;D_EL;ENF;D_EL_FUT;DE_ELCBAS07B_FUT;D_ELCBAS07;2026-07-31;2951.9;2951.9;0;0;0;0;0;0;0;0;0;0;0;0;;;;;
2026-05-07;F_ELCBAS0826;BY ELEKTRIK_08/2026_VIS;D_EL;ENF;D_EL_FUT;DE_ELCBAS08B_FUT;D_ELCBAS08;2026-08-31;2862.8;2862.8;0;0;0;0;0;0;0;0;0;0;0;0;;;;;
2026-05-07;F_ELCBAS0926;BY ELEKTRIK_09/2026_VIS;D_EL;ENF;D_EL_FUT;DE_ELCBAS09B_FUT;D_ELCBAS09;2026-09-30;2041.1;2041.1;0;0;0;0;0;0;0;0;0;0;0;0;;;;;
2026-05-07;F_ELCBAS1026;BY ELEKTRIK_10/2026_VIS;D_EL;ENF;D_EL_FUT;DE_ELCBAS10B_FUT;D_ELCBAS10;2026-11-02;1599.4;1599.4;0;0;0;0;0;0;0;0;0;0;0;0;;;;;
2026-05-07;F_ELCBAS1126;BY ELEKTRIK_11/2026_VIS;D_EL;ENF;D_EL_FUT;DE_ELCBAS11B_FUT;D_ELCBAS11;2026-11-30;921.1;921.1;0;0;0;0;0;0;0;0;0;0;0;0;;;;;
2026-05-07;F_ELCBASQ127;BY ELEKTRIK_Q1/2026_CASC VIS;D_EL;ENF;D_EL_FUT;DE_ELCBASQ1B_FUT;D_ELCBASQ1;2026-12-30;2443.2;2443.2;0;0;0;0;0;0;0;0;0;0;0;0;;;;;
2026-05-07;F_ELCBASQ128;BY ELEKTRIK_Q1/2027_CASC VIS;D_EL;ENF;D_EL_FUT;DE_ELCBASQ1B_FUT;D_ELCBASQ1;2027-12-30;2951.9;2951.9;0;0;0;0;0;0;0;0;0;0;0;0;;;;;
2026-05-07;F_ELCBASQ227;BY ELEKTRIK_Q2/2027_CASC VIS;D_EL;ENF;D_EL_FUT;DE_ELCBASQ2B_FUT;D_ELCBASQ2;2027-03-30;2443.2;2443.2;0;0;0;0;0;0;0;0;0;0;0;0;;;;;
2026-05-07;F_ELCBASQ228;BY ELEKTRIK_Q2/2028_CASC VIS;D_EL;ENF;D_EL_FUT;DE_ELCBASQ2B_FUT;D_ELCBASQ2;2028-03-30;2951.9;2951.9;0;0;0;0;0;0;0;0;0;0;0;0;;;;;
2026-05-07;F_ELCBASQ326;BY ELEKTRIK_Q3/2026_CASC VIS;D_EL;ENF;D_EL_FUT;DE_ELCBASQ3B_FUT;D_ELCBASQ3;2026-06-29;3350;3350;0;0;0;0;0;0;0;0;0;0;20;0;;;;;
2026-05-07;F_ELCBASQ327;BY ELEKTRIK_Q3/2027_CASC VIS;D_EL;ENF;D_EL_FUT;DE_ELCBASQ3B_FUT;D_ELCBASQ3;2027-06-29;2443.2;2443.2;0;0;0;0;0;0;0;0;0;0;0;0;;;;;
2026-05-07;F_ELCBASQ328;BY ELEKTRIK_Q3/2028_CASC VIS;D_EL;ENF;D_EL_FUT;DE_ELCBASQ3B_FUT;D_ELCBASQ3;2028-06-29;2951.9;2951.9;0;0;0;0;0;0;0;0;0;0;0;0;;;;;
2026-05-07;F_ELCBASQ426;BY ELEKTRIK_Q4/2026_CASC VIS;D_EL;ENF;D_EL_FUT;DE_ELCBASQ4B_FUT;D_ELCBASQ4;2026-09-29;3320;3320;0;0;0;0;0;0;0;0;0;0;20;0;;;;;
2026-05-07;F_ELCBASQ427;BY ELEKTRIK_Q4/2027_CASC VIS;D_EL;ENF;D_EL_FUT;DE_ELCBASQ4B_FUT;D_ELCBASQ4;2027-09-29;2443.2;2443.2;0;0;0;0;0;0;0;0;0;0;0;0;;;;;
2026-05-07;F_ELCBASQ428;BY ELEKTRIK_Q4/2028_CASC VIS;D_EL;ENF;D_EL_FUT;DE_ELCBASQ4B_FUT;D_ELCBASQ4;2028-09-29;2951.9;2951.9;0;0;0;0;0;0;0;0;0;0;0;0;;;;;
2026-05-07;F_ELCBASY27;BY ELEKTRIK_2026_CASC VIS;D_EL;ENF;D_EL_FUT;DE_ELCBASYB_FUT;D_ELCBASY;2026-12-28;2443.2;2443.2;0;0;0;0;0;0;0;0;0;0;0;0;;;;;
2026-05-07;F_ELCBASY28;BY ELEKTRIK_2027_CASC VIS;D_EL;ENF;D_EL_FUT;DE_ELCBASYB_FUT;D_ELCBASY;2027-12-28;2951.9;2951.9;0;0;0;0;0;0;0;0;0;0;0;0;;;;;
2026-05-07;F_ENJSA0526;ENJSA_05/2026_VIS;D_EQ;SSF;D_EQ_FPD;DE_ENJSA_FPD;ENJSA.E;2026-05-25;122.85;120.3;2.12;121;120.25;123.65;122.45;121.75;129991775;0;10677;3172;27898;1378;;;;;
2026-05-07;F_ENJSA0626;ENJSA_06/2026_VIS;D_EQ;SSF;D_EQ_FPD;DE_ENJSA_FPD;ENJSA.E;2026-06-30;126.25;123.5;2.23;124.4;123.8;126.35;126.35;125.49;4065825;0;324;116;598;-42;;;;;
2026-05-07;F_ENJSA0726;ENJSA_07/2026_VIS;D_EQ;SSF;D_EQ_FPD;DE_ENJSA_FPD;ENJSA.E;2026-07-31;129.35;126.45;2.29;129.75;127.95;129.75;129.5;128.88;554205;0;43;23;343;-9;;;;;
2026-05-07;F_ENKAI0526;ENKAI_05/2026_VIS;D_EQ;SSF;D_EQ_FPD;DE_ENKAI_FPD;ENKAI.E;2026-05-25;114.25;112.85;1.24;112.95;112.25;115.75;114.1;114.49;284188900;0;24822;5749;37409;-707;112.95;112950;0;10;5
2026-05-07;F_ENKAI0626;ENKAI_06/2026_VIS;D_EQ;SSF;D_EQ_FPD;DE_ENKAI_FPD;ENKAI.E;2026-06-30;116.8;115.7;0.95;114.25;114.25;118.45;116.8;117.37;22839460;0;1946;605;4224;575;;;;;
2026-05-07;F_ENKAI0726;ENKAI_07/2026_VIS;D_EQ;SSF;D_EQ_FPD;DE_ENKAI_FPD;ENKAI.E;2026-07-31;121.2;117.4;3.24;119.05;119;121.9;119;121.18;618020;0;51;10;121;42;;;;;
2026-05-07;F_EREGL0526;EREGL_05/2026_VIS;D_EQ;SSF;D_EQ_FPD;DE_EREGL_FPD;EREGL.E;2026-05-25;39.34;38.45;2.31;38.53;38.35;39.72;39.37;39.18;1723458000;0;439938;25698;596657;5478;38.53;7706;0;2;2
2026-05-07;F_EREGL0626;EREGL_06/2026_VIS;D_EQ;SSF;D_EQ_FPD;DE_EREGL_FPD;EREGL.E;2026-06-30;39.98;39.04;2.41;39.09;39.09;40.34;39.99;39.82;92277978;0;23071;1639;85912;6771;;;;;
2026-05-07;F_EREGL0726;EREGL_07/2026_VIS;D_EQ;SSF;D_EQ_FPD;DE_EREGL_FPD;EREGL.E;2026-07-31;40.93;40.12;2.02;40.81;40.19;41.35;40.96;40.99;2848582;0;695;74;1151;172;;;;;
2026-05-07;F_EURTRY0526;EURTRY_05/2026_VIS;D_CR;CRF;D_CR_FUT;DE_EURTRY_FUT;D_EURTRY;2026-05-25;54.211;54.169;0.08;54.171;54.034;54.24;54.21;54.1941;8942022;0;165;49;5757;-81;;;;;
2026-05-07;F_EURTRY0626;EURTRY_06/2026_VIS;D_CR;CRF;D_CR_FUT;DE_EURTRY_FUT;D_EURTRY;2026-06-30;56.023;56.006;0.03;56.066;55.6;56.066;55.999;55.6975;3676032;0;66;18;3093;52;;;;;
2026-05-07;F_EURTRY0826;EURTRY_08/2026_VIS;D_CR;CRF;D_CR_FUT;DE_EURTRY_FUT;D_EURTRY;2026-08-31;59.36;59.36;0;0;0;0;0;0;0;0;0;0;30;0;;;;;
2026-05-07;F_EURTRY1226;EURTRY_12/2026_VIS;D_CR;CRF;D_CR_FUT;DE_EURTRY_FUT;D_EURTRY;2026-12-31;66.433;66.581;-0.22;66.444;66.334;66.444;66.355;66.433;1860123;0;28;5;709;-24;;;;;
2026-05-07;F_EURUSD0526;EURUSD_05/2026_VIS;D_CR;CRFU;D_CR_FUT;DE_EURUSD_FUT;D_EURUSD;2026-05-25;1.1792;1.1769;0.2;1.1769;1.1761;1.1797;1.1792;1.1788;735404746.31224;0;13820;414;26009;6806;;;;;
2026-05-07;F_EURUSD0626;EURUSD_06/2026_VIS;D_CR;CRFU;D_CR_FUT;DE_EURUSD_FUT;D_EURUSD;2026-06-30;1.1814;1.1784;0.25;1.18;1.1792;1.1817;1.1815;1.1807;75048977.82;0;1408;100;4723;587;;;;;
2026-05-07;F_EURUSD0826;EURUSD_08/2026_VIS;D_CR;CRFU;D_CR_FUT;DE_EURUSD_FUT;D_EURUSD;2026-08-31;1.1848;1.183;0.15;1.1825;1.1825;1.1856;1.1851;1.1851;9843638.72412;0;184;27;206;179;;;;;
2026-05-07;F_EURUSD1226;EURUSD_12/2026_VIS;D_CR;CRFU;D_CR_FUT;DE_EURUSD_FUT;D_EURUSD;2026-12-31;1.1913;1.1925;-0.1;1.1884;1.1884;1.1929;1.1902;1.1918;8877276.76508;0;165;22;2422;2;;;;;
2026-05-07;F_FROTO0526;FROTO_05/2026_VIS;D_EQ;SSF;D_EQ_FPD;DE_FROTO_FPD;FROTO.E;2026-05-25;101.2;101.6;-0.39;101.9;100.8;102.55;101.4;101.51;429354800;0;42295;8818;86194;5584;101.9;81520;0;8;3
2026-05-07;F_FROTO0626;FROTO_06/2026_VIS;D_EQ;SSF;D_EQ_FPD;DE_FROTO_FPD;FROTO.E;2026-06-30;104.25;104.5;-0.24;105.2;103.85;105.4;104.35;104.39;113120600;0;10763;899;12735;5185;;;;;
2026-05-07;F_FROTO0726;FROTO_07/2026_VIS;D_EQ;SSF;D_EQ_FPD;DE_FROTO_FPD;FROTO.E;2026-07-31;107.65;107.55;0.09;107.5;107.1;107.9;107.5;107.61;1302065;0;121;27;297;109;;;;;
2026-05-07;F_GARAN0526;GARAN_05/2026_VIS;D_EQ;SSF;D_EQ_FPD;DE_GARAN_FPD;GARAN.E;2026-05-25;140.75;140.25;0.36;140.5;139.6;142.2;140.8;140.99;2251290675;0;159678;21684;209815;18689;140.5;702500;0;50;4
2026-05-07;F_GARAN0626;GARAN_06/2026_VIS;D_EQ;SSF;D_EQ_FPD;DE_GARAN_FPD;GARAN.E;2026-06-30;144.3;144.2;0.07;144.9;143.4;146.1;144.35;144.7;48010210;0;3318;788;6436;849;;;;;
2026-05-07;F_GARAN0726;GARAN_07/2026_VIS;D_EQ;SSF;D_EQ_FPD;DE_GARAN_FPD;GARAN.E;2026-07-31;149.45;145.95;2.4;149.55;141.45;149.85;149.3;148.53;831750;0;56;29;107;-1;;;;;
2026-05-07;F_GBPUSD0526;GBPUSD_05/2026_VIS;D_CR;CRFU;D_CR_FUT;DE_GBPUSD_FUT;D_GBPUSD;2026-05-25;1.3608;1.3608;0;0;0;0;0;0;0;0;0;0;31;0;;;;;
2026-05-07;F_GBPUSD0626;GBPUSD_06/2026_VIS;D_CR;CRFU;D_CR_FUT;DE_GBPUSD_FUT;D_GBPUSD;2026-06-30;1.363;1.363;0;0;0;0;0;0;0;0;0;0;16;0;;;;;
2026-05-07;F_GBPUSD0826;GBPUSD_08/2026_VIS;D_CR;CRFU;D_CR_FUT;DE_GBPUSD_FUT;D_GBPUSD;2026-08-31;1.3559;1.3559;0;0;0;0;0;0;0;0;0;0;0;0;;;;;
2026-05-07;F_GBPUSD1226;GBPUSD_12/2026_VIS;D_CR;CRFU;D_CR_FUT;DE_GBPUSD_FUT;D_GBPUSD;2026-12-31;1.355;1.355;0;0;0;0;0;0;0;0;0;0;10;0;;;;;
2026-05-07;F_GUBRF0526;GUBRF_05/2026_VIS;D_EQ;SSF;D_EQ_FPD;DE_GUBRF_FPD;GUBRF.E;2026-05-25;610.5;600.1;1.73;602;600;624.3;614;612.97;647234730;0;10559;5987;15950;-112;602;60200;0;1;1
2026-05-07;F_GUBRF0626;GUBRF_06/2026_VIS;D_EQ;SSF;D_EQ_FPD;DE_GUBRF_FPD;GUBRF.E;2026-06-30;629.8;616.4;2.17;618.1;617.5;640.7;631.4;627.97;62357600;0;993;751;1842;169;;;;;
2026-05-07;F_GUBRF0726;GUBRF_07/2026_VIS;D_EQ;SSF;D_EQ_FPD;DE_GUBRF_FPD;GUBRF.E;2026-07-31;651.8;638;2.16;637.7;635.6;662.2;652.1;648.67;10767870;0;166;102;5529;83;;;;;
2026-05-07;F_HALKB0526;HALKB_05/2026_VIS;D_EQ;SSF;D_EQ_FPD;DE_HALKB_FPD;HALKB.E;2026-05-25;41.29;39.12;5.55;39.49;38.51;41.42;41.3;40.3;1005914724;0;249606;19492;303681;8474;;;;;
2026-05-07;F_HALKB0626;HALKB_06/2026_VIS;D_EQ;SSF;D_EQ_FPD;DE_HALKB_FPD;HALKB.E;2026-06-30;42.37;40.24;5.29;40.25;40.05;42.53;42.41;41.67;48609982;0;11638;1185;27319;6193;;;;;
2026-05-07;F_HALKB0726;HALKB_07/2026_VIS;D_EQ;SSF;D_EQ_FPD;DE_HALKB_FPD;HALKB.E;2026-07-31;43.36;41.15;5.37;41.3;41.3;43.48;43.37;42.67;1100985;0;258;111;378;208;;;;;
2026-05-07;F_HEKTS0526;HEKTS_05/2026_VIS;D_EQ;SSF;D_EQ_FPD;DE_HEKTS_FPD;HEKTS.E;2026-05-25;4.15;3.78;9.79;3.9;3.89;4.15;4.15;4.03;442362868;0;1097861;5548;965252;22202;3.9;3231150;0;8285;88
2026-05-07;F_HEKTS0626;HEKTS_06/2026_VIS;D_EQ;SSF;D_EQ_FPD;DE_HEKTS_FPD;HEKTS.E;2026-06-30;4.27;3.89;9.77;3.98;3.98;4.27;4.27;4.13;11400194;0;27602;483;28852;3625;3.98;23880;0;60;5
2026-05-07;F_HEKTS0726;HEKTS_07/2026_VIS;D_EQ;SSF;D_EQ_FPD;DE_HEKTS_FPD;HEKTS.E;2026-07-31;4.42;4.02;9.95;4.18;4.15;4.42;4.42;4.27;4270404;0;10004;179;7827;4657;;;;;
2026-05-07;F_ISCTR0526;ISCTR_05/2026_VIS;D_EQ;SSF;D_EQ_FPD;DE_ISCTR_FPD;ISCTR.E;2026-05-25;14.94;14.88;0.4;14.89;14.87;15.26;14.94;15.05;2829058950;0;1880212;26246;2174740;27560;14.89;443722;0;298;14
2026-05-07;F_ISCTR0626;ISCTR_06/2026_VIS;D_EQ;SSF;D_EQ_FPD;DE_ISCTR_FPD;ISCTR.E;2026-06-30;15.36;15.32;0.26;15.35;15.29;15.69;15.37;15.49;110739473;0;71490;1521;73594;16277;;;;;
2026-05-07;F_ISCTR0726;ISCTR_07/2026_VIS;D_EQ;SSF;D_EQ_FPD;DE_ISCTR_FPD;ISCTR.E;2026-07-31;15.85;15.75;0.63;15.84;15.76;16.08;15.81;15.97;12198911;0;7639;173;8573;7198;;;;;
2026-05-07;F_KCHOL0526;KCHOL_05/2026_VIS;D_EQ;SSF;D_EQ_FPD;DE_KCHOL_FPD;KCHOL.E;2026-05-25;216.1;215.5;0.28;215.2;213.35;217.2;216.3;215.17;1075228875;0;49971;11795;208899;1583;215.2;86080;0;4;2
2026-05-07;F_KCHOL0626;KCHOL_06/2026_VIS;D_EQ;SSF;D_EQ_FPD;DE_KCHOL_FPD;KCHOL.E;2026-06-30;222.3;222.05;0.11;222.9;219.75;223.6;222.55;221.72;36206685;0;1633;615;4609;423;;;;;
2026-05-07;F_KCHOL0726;KCHOL_07/2026_VIS;D_EQ;SSF;D_EQ_FPD;DE_KCHOL_FPD;KCHOL.E;2026-07-31;228.7;228.5;0.09;228.35;227;229.5;228.5;228.49;982495;0;43;35;75;14;;;;;
2026-05-07;F_KONTR0526;KONTR_05/2026_VIS;D_EQ;SSF;D_EQ_FPD;DE_KONTR_FPD;KONTR.E;2026-05-25;10.43;10.05;3.78;10.15;10.03;10.71;10.42;10.39;808082290;0;777602;26047;462301;-53221;10.15;26390;0;26;2
2026-05-07;F_KONTR0626;KONTR_06/2026_VIS;D_EQ;SSF;D_EQ_FPD;DE_KONTR_FPD;KONTR.E;2026-06-30;10.67;10.3;3.59;10.35;10.32;10.94;10.7;10.69;15854587;0;14834;1284;17322;-3649;;;;;
2026-05-07;F_KONTR0726;KONTR_07/2026_VIS;D_EQ;SSF;D_EQ_FPD;DE_KONTR_FPD;KONTR.E;2026-07-31;11.04;10.54;4.74;10.68;10.53;11.24;11.19;10.92;539529;0;494;95;695;21;;;;;
2026-05-07;F_KRDMD0526;KRDMD_05/2026_VIS;D_EQ;SSF;D_EQ_FPD;DE_KRDMD_FPD;KRDMD.E;2026-05-25;40.6;40.57;0.07;40.58;40.06;41.3;40.69;40.68;631496068;0;155244;16511;213902;6442;40.58;4058;0;1;1
2026-05-07;F_KRDMD0626;KRDMD_06/2026_VIS;D_EQ;SSF;D_EQ_FPD;DE_KRDMD_FPD;KRDMD.E;2026-06-30;41.58;41.55;0.07;41.6;41.18;42.25;41.56;41.73;13704353;0;3284;633;7312;848;;;;;
2026-05-07;F_KRDMD0726;KRDMD_07/2026_VIS;D_EQ;SSF;D_EQ_FPD;DE_KRDMD_FPD;KRDMD.E;2026-07-31;42.7;42.4;0.71;43.53;42.5;43.53;42.81;43.1;116376;0;27;18;181;9;;;;;
2026-05-07;F_MGROS0526;MGROS_05/2026_VIS;D_EQ;SSF;D_EQ_FPD;DE_MGROS_FPD;MGROS.E;2026-05-25;703;695.9;1.02;698.8;692.7;705.2;703;699.75;424818620;0;6071;3599;11947;-606;698.8;69880;0;1;1
2026-05-07;F_MGROS0626;MGROS_06/2026_VIS;D_EQ;SSF;D_EQ_FPD;DE_MGROS_FPD;MGROS.E;2026-06-30;722.4;714.9;1.05;717.4;712.7;724.4;719.6;717.66;17152150;0;239;176;813;62;;;;;
2026-05-07;F_MGROS0726;MGROS_07/2026_VIS;D_EQ;SSF;D_EQ_FPD;DE_MGROS_FPD;MGROS.E;2026-07-31;737.7;733.6;0.56;739;730;740.8;736.1;737.88;959250;0;13;12;28;3;;;;;
2026-05-07;F_ODAS0526;ODAS_05/2026_VIS;D_EQ;SSF;D_EQ_FPD;DE_ODAS_FPD;ODAS.E;2026-05-25;8.21;7.83;4.85;7.86;7.68;8.28;8.21;8.06;744209860;0;922832;15072;803979;30123;7.86;84102;0;107;6
2026-05-07;F_ODAS0626;ODAS_06/2026_VIS;D_EQ;SSF;D_EQ_FPD;DE_ODAS_FPD;ODAS.E;2026-06-30;8.45;8.05;4.97;8.08;7.92;8.5;8.42;8.29;28890668;0;34836;1112;67795;10268;;;;;
2026-05-07;F_ODAS0726;ODAS_07/2026_VIS;D_EQ;SSF;D_EQ_FPD;DE_ODAS_FPD;ODAS.E;2026-07-31;8.69;8.05;7.95;8.34;8.13;8.74;8.7;8.36;628071;0;751;142;428;238;;;;;
2026-05-07;F_OYAKC0526;OYAKC_05/2026_VIS;D_EQ;SSF;D_EQ_FPD;DE_OYAKC_FPD;OYAKC.E;2026-05-25;25.64;25.19;1.79;25.14;25.04;25.68;25.65;25.41;251843970;0;99128;8169;135550;-15064;25.14;7542;0;3;3
2026-05-07;F_OYAKC0626;OYAKC_06/2026_VIS;D_EQ;SSF;D_EQ_FPD;DE_OYAKC_FPD;OYAKC.E;2026-06-30;26.31;25.78;2.06;25.9;25.88;26.35;26.32;26.1;5093015;0;1951;203;2601;634;;;;;
2026-05-07;F_OYAKC0726;OYAKC_07/2026_VIS;D_EQ;SSF;D_EQ_FPD;DE_OYAKC_FPD;OYAKC.E;2026-07-31;26.88;26.76;0.45;26.84;26.84;27.01;26.99;26.88;115591;0;43;14;64;34;;;;;
2026-05-07;F_PETKM0526;PETKM_05/2026_VIS;D_EQ;SSF;D_EQ_FPD;DE_PETKM_FPD;PETKM.E;2026-05-25;24.2;24.74;-2.18;25.45;23.74;25.45;24.15;24.32;792986028;0;326108;16285;436505;41174;25.45;1621165;0;637;107
2026-05-07;F_PETKM0626;PETKM_06/2026_VIS;D_EQ;SSF;D_EQ_FPD;DE_PETKM_FPD;PETKM.E;2026-06-30;24.81;25.39;-2.28;25.7;24.38;25.88;24.81;24.97;32504065;0;13019;1371;12779;1876;;;;;
2026-05-07;F_PETKM0726;PETKM_07/2026_VIS;D_EQ;SSF;D_EQ_FPD;DE_PETKM_FPD;PETKM.E;2026-07-31;25.02;25.87;-3.29;25.7;23.6;26.2;25.5;25.43;1169823;0;460;229;364;112;;;;;
2026-05-07;F_PGSUS0526;PGSUS_05/2026_VIS;D_EQ;SSF;D_EQ_FPD;DE_PGSUS_FPD;PGSUS.E;2026-05-25;189.1;187.35;0.93;188.3;186.95;191;188.75;188.79;735960420;0;38983;12290;109081;5856;;;;;
2026-05-07;F_PGSUS0626;PGSUS_06/2026_VIS;D_EQ;SSF;D_EQ_FPD;DE_PGSUS_FPD;PGSUS.E;2026-06-30;194.45;192.5;1.01;192.4;192.15;196.3;194.35;193.85;42122870;0;2173;990;7210;463;;;;;
2026-05-07;F_PGSUS0726;PGSUS_07/2026_VIS;D_EQ;SSF;D_EQ_FPD;DE_PGSUS_FPD;PGSUS.E;2026-07-31;200;199.5;0.25;201.05;198.8;201.25;200.1;199.95;3059200;0;153;60;171;126;;;;;
2026-05-07;F_P_USDTRY0526;FIZ. USDTRY_05/2026_VIS;D_CR;PCF;D_CR_FPD;DE_USDTRYP_FPD;USDTRYP.CX;2026-05-25;47.079;47.079;0;0;0;0;0;0;0;0;0;0;0;0;;;;;
2026-05-07;F_P_USDTRY0626;FIZ. USDTRY_06/2026_VIS;D_CR;PCF;D_CR_FPD;DE_USDTRYP_FPD;USDTRYP.CX;2026-06-30;48.346;48.346;0;0;0;0;0;0;0;0;0;0;0;0;;;;;
2026-05-07;F_P_USDTRY0826;FIZ. USDTRY_08/2026_VIS;D_CR;PCF;D_CR_FPD;DE_USDTRYP_FPD;USDTRYP.CX;2026-08-31;50.238;50.238;0;0;0;0;0;0;0;0;0;0;0;0;;;;;
2026-05-07;F_P_USDTRY1226;FIZ. USDTRY_12/2026_VIS;D_CR;PCF;D_CR_FPD;DE_USDTRYP_FPD;USDTRYP.CX;2026-12-31;56.761;56.761;0;0;0;0;0;0;0;0;0;0;0;0;;;;;
2026-05-07;F_RUBTRY0526;RUBTRY_05/2026_VIS;D_CR;CRF;D_CR_FUT;DE_RUBTRY_FUT;D_RUBTRY;2026-05-25;0.59008;0.59008;0;0;0;0;0;0;0;0;0;0;0;0;;;;;
2026-05-07;F_RUBTRY0626;RUBTRY_06/2026_VIS;D_CR;CRF;D_CR_FUT;DE_RUBTRY_FUT;D_RUBTRY;2026-06-30;0.60047;0.60047;0;0;0;0;0;0;0;0;0;0;2;0;;;;;
2026-05-07;F_RUBTRY0826;RUBTRY_08/2026_VIS;D_CR;CRF;D_CR_FUT;DE_RUBTRY_FUT;D_RUBTRY;2026-08-31;0.64182;0.64182;0;0;0;0;0;0;0;0;0;0;0;0;;;;;
2026-05-07;F_RUBTRY1226;RUBTRY_12/2026_VIS;D_CR;CRF;D_CR_FUT;DE_RUBTRY_FUT;D_RUBTRY;2026-12-31;0.6953;0.6953;0;0;0;0;0;0;0;0;0;0;0;0;;;;;
2026-05-07;F_SAHOL0526;SAHOL_05/2026_VIS;D_EQ;SSF;D_EQ_FPD;DE_SAHOL_FPD;SAHOL.E;2026-05-25;102.35;103.55;-1.16;103.05;101.7;104.15;102.25;102.8;1006303125;0;97887;14903;443838;7409;103.05;175185;0;17;10
2026-05-07;F_SAHOL0626;SAHOL_06/2026_VIS;D_EQ;SSF;D_EQ_FPD;DE_SAHOL_FPD;SAHOL.E;2026-06-30;105.5;106.65;-1.08;106.65;104.7;106.9;105.6;105.91;40034640;0;3780;885;10001;1600;;;;;
2026-05-07;F_SAHOL0726;SAHOL_07/2026_VIS;D_EQ;SSF;D_EQ_FPD;DE_SAHOL_FPD;SAHOL.E;2026-07-31;108.1;108.35;-0.23;110.85;108;110.85;108.6;109;1079075;0;99;26;75;30;;;;;
2026-05-07;F_SASA0526;SASA_05/2026_VIS;D_EQ;SSF;D_EQ_FPD;DE_SASA_FPD;SASA.E;2026-05-25;3.39;3.18;6.6;3.17;3.17;3.45;3.41;3.32;5763958983;0;17365925;25443;10900463;-303041;3.17;5072000;0;16000;12
2026-05-07;F_SASA0626;SASA_06/2026_VIS;D_EQ;SSF;D_EQ_FPD;DE_SASA_FPD;SASA.E;2026-06-30;3.49;3.28;6.4;3.28;3.26;3.55;3.5;3.43;171730944;0;500458;2470;594881;14320;;;;;
2026-05-07;F_SASA0726;SASA_07/2026_VIS;D_EQ;SSF;D_EQ_FPD;DE_SASA_FPD;SASA.E;2026-07-31;3.59;3.36;6.85;3.36;3.36;3.65;3.62;3.51;42738238;0;122538;402;19285;-95968;3.36;672;0;2;1
2026-05-07;F_SASX100626;SASX 10_06/2026_VIS;D_FR;FIF;D_FR_FUT;DE_SASX10_FUT;D_SASX10;2026-06-30;1558.75;1558.75;0;0;0;0;0;0;0;0;0;0;0;0;;;;;
2026-05-07;F_SASX100826;SASX 10_08/2026_VIS;D_FR;FIF;D_FR_FUT;DE_SASX10_FUT;D_SASX10;2026-08-31;1528;1528;0;0;0;0;0;0;0;0;0;0;0;0;;;;;
2026-05-07;F_SISE0526;SISE_05/2026_VIS;D_EQ;SSF;D_EQ_FPD;DE_SISE_FPD;SISE.E;2026-05-25;50.21;50.99;-1.53;51.04;49.8;51.97;50.19;50.94;1273239957;0;249960;26281;320192;-28132;51.04;107184;0;21;4
2026-05-07;F_SISE0626;SISE_06/2026_VIS;D_EQ;SSF;D_EQ_FPD;DE_SISE_FPD;SISE.E;2026-06-30;51.04;51.95;-1.75;52.08;50.77;52.85;51.19;51.62;46590831;0;9025;1452;37006;2109;;;;;
2026-05-07;F_SISE0726;SISE_07/2026_VIS;D_EQ;SSF;D_EQ_FPD;DE_SISE_FPD;SISE.E;2026-07-31;52.68;53.46;-1.46;53.7;52.35;54.5;52.81;53.17;1015484;0;191;86;2388;93;;;;;
2026-05-07;F_SOKM0526;SOKM_05/2026_VIS;D_EQ;SSF;D_EQ_FPD;DE_SOKM_FPD;SOKM.E;2026-05-25;56.92;55.44;2.67;55.22;54.87;57.18;57.18;56.12;205418462;0;36603;7299;60372;1921;55.22;11044;0;2;2
2026-05-07;F_SOKM0626;SOKM_06/2026_VIS;D_EQ;SSF;D_EQ_FPD;DE_SOKM_FPD;SOKM.E;2026-06-30;58.33;57.04;2.26;57.35;56.45;58.51;58.51;57.8;7282344;0;1260;319;4050;185;;;;;
2026-05-07;F_SOKM0726;SOKM_07/2026_VIS;D_EQ;SSF;D_EQ_FPD;DE_SOKM_FPD;SOKM.E;2026-07-31;59.81;58.84;1.65;59;57.93;60.25;60.1;59.77;1560083;0;261;79;97;16;;;;;
2026-05-07;F_TAVHL0526;TAVHL_05/2026_VIS;D_EQ;SSF;D_EQ_FPD;DE_TAVHL_FPD;TAVHL.E;2026-05-25;296.3;295.25;0.36;295.25;291.4;299.5;296.2;294.99;342686320;0;11617;5484;54139;761;295.25;88575;0;3;1
2026-05-07;F_TAVHL0626;TAVHL_06/2026_VIS;D_EQ;SSF;D_EQ_FPD;DE_TAVHL_FPD;TAVHL.E;2026-06-30;304.15;301.7;0.81;306.35;299.65;306.65;304.7;302.95;37656955;0;1243;657;1727;257;;;;;
2026-05-07;F_TAVHL0726;TAVHL_07/2026_VIS;D_EQ;SSF;D_EQ_FPD;DE_TAVHL_FPD;TAVHL.E;2026-07-31;310.2;308.8;0.45;312.8;307.6;312.8;312.35;310.2;651425;0;21;7;41;18;;;;;
2026-05-07;F_TCELL0526;TCELL_05/2026_VIS;D_EQ;SSF;D_EQ_FPD;DE_TCELL_FPD;TCELL.E;2026-05-25;121.45;121.25;0.16;122.8;120.8;123.6;121.2;122.23;1145629370;0;93728;13569;319757;6930;122.8;491200;0;40;27
2026-05-07;F_TCELL0626;TCELL_06/2026_VIS;D_EQ;SSF;D_EQ_FPD;DE_TCELL_FPD;TCELL.E;2026-06-30;125.1;125.05;0.04;126;124.4;127.15;124.95;125.65;31500930;0;2507;726;9706;1074;;;;;
2026-05-07;F_TCELL0726;TCELL_07/2026_VIS;D_EQ;SSF;D_EQ_FPD;DE_TCELL_FPD;TCELL.E;2026-07-31;129.15;128.4;0.58;129.15;129;129.25;129.1;129.13;116220;0;9;5;54;7;;;;;
2026-05-07;F_THYAO0526;THYAO_05/2026_VIS;D_EQ;SSF;D_EQ_FPD;DE_THYAO_FPD;THYAO.E;2026-05-25;319.95;318.15;0.57;318.6;318.3;322.6;319.85;320.57;3533218100;0;110218;22621;263230;6202;318.6;1338120;0;42;10
2026-05-07;F_THYAO0626;THYAO_06/2026_VIS;D_EQ;SSF;D_EQ_FPD;DE_THYAO_FPD;THYAO.E;2026-06-30;330.1;327.6;0.76;328.35;327.9;332.15;329.6;329.69;307454755;0;9311;2180;20802;4763;;;;;
2026-05-07;F_THYAO0726;THYAO_07/2026_VIS;D_EQ;SSF;D_EQ_FPD;DE_THYAO_FPD;THYAO.E;2026-07-31;340.3;337.35;0.87;342.05;338.05;342.05;339.6;339.53;2376690;0;70;54;181;40;;;;;
2026-05-07;F_TKFEN0526;TKFEN_05/2026_VIS;D_EQ;SSF;D_EQ_FPD;DE_TKFEN_FPD;TKFEN.E;2026-05-25;152.55;145.8;4.63;146.45;145.85;153.55;152.05;150.86;586748905;0;38893;8937;49307;7169;;;;;
2026-05-07;F_TKFEN0626;TKFEN_06/2026_VIS;D_EQ;SSF;D_EQ_FPD;DE_TKFEN_FPD;TKFEN.E;2026-06-30;155.1;149.65;3.64;150.1;150.05;156.85;155.05;153.39;62445740;0;4071;1261;1770;-623;;;;;
2026-05-07;F_TKFEN0726;TKFEN_07/2026_VIS;D_EQ;SSF;D_EQ_FPD;DE_TKFEN_FPD;TKFEN.E;2026-07-31;159.75;154.6;3.33;155.3;155.3;160;159.4;158.72;968220;0;61;31;115;-1;;;;;
2026-05-07;F_TLREF1M0526;1-AY TLREF_05/2026_VIS;D_FI;TRF;D_FI_FUT;DE_TLREF1M_FUT;D_TLREF1M;2026-05-26;39.93;39.93;0;0;0;0;0;0;0;0;0;0;0;0;;;;;
2026-05-07;F_TLREF1M0626;1-AY TLREF_06/2026_VIS;D_FI;TRF;D_FI_FUT;DE_TLREF1M_FUT;D_TLREF1M;2026-06-30;39.41;39.41;0;0;0;0;0;0;0;0;0;0;0;0;;;;;
2026-05-07;F_TLREF1M0726;1-AY TLREF_07/2026_VIS;D_FI;TRF;D_FI_FUT;DE_TLREF1M_FUT;D_TLREF1M;2026-07-31;37.08;37.08;0;0;0;0;0;0;0;0;0;0;0;0;;;;;
2026-05-07;F_TLREF1M0826;1-AY TLREF_08/2026_VIS;D_FI;TRF;D_FI_FUT;DE_TLREF1M_FUT;D_TLREF1M;2026-08-31;36.85;36.85;0;0;0;0;0;0;0;0;0;0;0;0;;;;;
2026-05-07;F_TLREF1M0926;1-AY TLREF_09/2026_VIS;D_FI;TRF;D_FI_FUT;DE_TLREF1M_FUT;D_TLREF1M;2026-09-30;39.84;39.84;0;0;0;0;0;0;0;0;0;0;0;0;;;;;
2026-05-07;F_TLREF1M1026;1-AY TLREF_10/2026_VIS;D_FI;TRF;D_FI_FUT;DE_TLREF1M_FUT;D_TLREF1M;2026-10-30;40;40;0;0;0;0;0;0;0;0;0;0;0;0;;;;;
2026-05-07;F_TLREF1M1126;1-AY TLREF_11/2026_VIS;D_FI;TRF;D_FI_FUT;DE_TLREF1M_FUT;D_TLREF1M;2026-11-30;39.99;39.99;0;0;0;0;0;0;0;0;0;0;0;0;;;;;
2026-05-07;F_TOASO0526;TOASO_05/2026_VIS;D_EQ;SSF;D_EQ_FPD;DE_TOASO_FPD;TOASO.E;2026-05-25;327.8;320.45;2.29;323.7;319;330.4;329.35;325.39;375826350;0;11550;5086;27580;-300;323.7;388440;0;12;5
2026-05-07;F_TOASO0626;TOASO_06/2026_VIS;D_EQ;SSF;D_EQ_FPD;DE_TOASO_FPD;TOASO.E;2026-06-30;337.85;328.35;2.89;328;327.85;339.05;335.1;333.62;25200720;0;756;212;1111;-265;;;;;
2026-05-07;F_TOASO0726;TOASO_07/2026_VIS;D_EQ;SSF;D_EQ_FPD;DE_TOASO_FPD;TOASO.E;2026-07-31;340.75;337.75;0.89;341.15;338.5;347.55;347.55;340.77;681545;0;20;7;52;2;;;;;
2026-05-07;F_TRALT0526;TRALT_05/2026_VIS;D_EQ;SSF;D_EQ_FPD;DE_TRALT_FPD;TRALT.E;2026-05-25;44.3;43.15;2.67;43.3;43;44.42;44.17;43.89;972753980;0;221611;17495;302884;7052;43.3;125570;0;29;3
2026-05-07;F_TRALT0626;TRALT_06/2026_VIS;D_EQ;SSF;D_EQ_FPD;DE_TRALT_FPD;TRALT.E;2026-06-30;45.54;44.49;2.36;44.92;44.6;45.63;45.52;45.09;39676352;0;8761;1513;15510;3206;;;;;
2026-05-07;F_TRALT0726;TRALT_07/2026_VIS;D_EQ;SSF;D_EQ_FPD;DE_TRALT_FPD;TRALT.E;2026-07-31;46.76;46.04;1.56;46.39;46.2;46.95;46.95;46.58;344719;0;74;48;226;37;;;;;
2026-05-07;F_TRMET0526;TRMET_05/2026_VIS;D_EQ;SSF;D_EQ_FPD;DE_TRMET_FPD;TRMET.E;2026-05-25;126.35;122.15;3.44;121.65;121.65;126.85;126.6;124.92;335518370;0;26859;6403;33023;590;;;;;
2026-05-07;F_TRMET0626;TRMET_06/2026_VIS;D_EQ;SSF;D_EQ_FPD;DE_TRMET_FPD;TRMET.E;2026-06-30;129.95;126.1;3.05;126;126;130.15;130.05;128.32;7429450;0;579;178;2689;-26;;;;;
2026-05-07;F_TRMET0726;TRMET_07/2026_VIS;D_EQ;SSF;D_EQ_FPD;DE_TRMET_FPD;TRMET.E;2026-07-31;131;132.1;-0.83;131;131;131;131;131;26200;0;2;1;56;2;;;;;
2026-05-07;F_TRT020926T17_0626;TRT020926T17_06/2026_VIS;D_BO;BOP;D_BO_FPD;DE_TRT020926T17_FPD;TRT020926T17_KESN_T1;2026-06-30;96.611;96.611;0;0;0;0;0;0;0;0;0;0;0;0;;;;;
2026-05-07;F_TRT131130T14_0626;TRT131130T14_06/2026_VIS;D_BO;BOP;D_BO_FPD;DE_TRT131130T14_FPD;TRT131130T14_KESN_T1;2026-06-30;51.835;51.835;0;0;0;0;0;0;0;0;0;0;0;0;;;;;
2026-05-07;F_TRT131130T14_0926;TRT131130T14_09/2026_VIS;D_BO;BOP;D_BO_FPD;DE_TRT131130T14_FPD;TRT131130T14_KESN_T1;2026-09-30;53.186;53.186;0;0;0;0;0;0;0;0;0;0;0;0;;;;;
2026-05-07;F_TSKB0526;TSKB_05/2026_VIS;D_EQ;SSF;D_EQ_FPD;DE_TSKB_FPD;TSKB.E;2026-05-25;12.81;12.3;4.15;12.4;12.33;12.92;12.8;12.69;169924784;0;133956;5946;191922;466;;;;;
2026-05-07;F_TSKB0626;TSKB_06/2026_VIS;D_EQ;SSF;D_EQ_FPD;DE_TSKB_FPD;TSKB.E;2026-06-30;13.16;12.64;4.11;12.69;12.68;13.24;13.11;13.03;5813160;0;4460;231;11441;1030;;;;;
2026-05-07;F_TSKB0726;TSKB_07/2026_VIS;D_EQ;SSF;D_EQ_FPD;DE_TSKB_FPD;TSKB.E;2026-07-31;13.6;13.01;4.53;13.26;13.26;13.65;13.65;13.5;673420;0;499;33;716;441;;;;;
2026-05-07;F_TTKOM0526;TTKOM_05/2026_VIS;D_EQ;SSF;D_EQ_FPD;DE_TTKOM_FPD;TTKOM.E;2026-05-25;66.76;67.5;-1.1;69.5;65.97;70.32;66.72;67.99;884793179;0;130131;19589;107479;21071;69.5;430900;0;62;34
2026-05-07;F_TTKOM0626;TTKOM_06/2026_VIS;D_EQ;SSF;D_EQ_FPD;DE_TTKOM_FPD;TTKOM.E;2026-06-30;68.46;69.2;-1.07;71;67.94;72.13;68.57;69.76;36087496;0;5173;678;4518;425;71;42600;0;6;3
2026-05-07;F_TTKOM0726;TTKOM_07/2026_VIS;D_EQ;SSF;D_EQ_FPD;DE_TTKOM_FPD;TTKOM.E;2026-07-31;70.39;70.4;-0.01;71.96;70.16;75.15;70.58;72.33;1012554;0;140;70;138;31;71.96;21588;0;3;1
2026-05-07;F_TUPRS0526;TUPRS_05/2026_VIS;D_EQ;SSF;D_EQ_FPD;DE_TUPRS_FPD;TUPRS.E;2026-05-25;265.2;278.1;-4.64;274;263.45;274.55;265.5;266.92;1982730385;0;74282;19726;114011;4455;274;1890600;0;69;16
2026-05-07;F_TUPRS0626;TUPRS_06/2026_VIS;D_EQ;SSF;D_EQ_FPD;DE_TUPRS_FPD;TUPRS.E;2026-06-30;272.45;286.4;-4.87;286;271;286;272.7;274.79;96725370;0;3520;898;5788;1136;;;;;
2026-05-07;F_TUPRS0726;TUPRS_07/2026_VIS;D_EQ;SSF;D_EQ_FPD;DE_TUPRS_FPD;TUPRS.E;2026-07-31;281.3;290.95;-3.32;291;278.5;291;281.1;280.99;3624750;0;129;73;69;34;;;;;
2026-05-07;F_ULKER0526;ULKER_05/2026_VIS;D_EQ;SSF;D_EQ_FPD;DE_ULKER_FPD;ULKER.E;2026-05-25;133.4;132.55;0.64;132.85;131.4;133.85;133.2;132.69;273446145;0;20594;4254;34234;3237;;;;;
2026-05-07;F_ULKER0626;ULKER_06/2026_VIS;D_EQ;SSF;D_EQ_FPD;DE_ULKER_FPD;ULKER.E;2026-06-30;136.35;135.8;0.41;136.8;134.65;136.8;135.9;135.58;7863535;0;580;215;3241;265;;;;;
2026-05-07;F_ULKER0726;ULKER_07/2026_VIS;D_EQ;SSF;D_EQ_FPD;DE_ULKER_FPD;ULKER.E;2026-07-31;139.85;139.55;0.21;139.9;139.6;140.25;140.25;139.84;55935;0;4;4;912;1;;;;;
2026-05-07;F_USDTRY0127;USDTRY_01/2027_VIS;D_CR;CRF;D_CR_FUT;DE_USDTRY_FUT;D_USDTRY;2027-01-29;57.09;57.202;-0.2;57.14;57.088;57.14;57.1;57.0907;6965066;0;122;15;1072;67;;;;;
2026-05-07;F_USDTRY0227;USDTRY_02/2027_VIS;D_CR;CRF;D_CR_FUT;DE_USDTRY_FUT;D_USDTRY;2027-02-26;58.476;58.715;-0.41;58.5;58.302;58.557;58.4;58.4756;818659;0;14;5;589;-9;;;;;
2026-05-07;F_USDTRY0327;USDTRY_03/2027_VIS;D_CR;CRF;D_CR_FUT;DE_USDTRY_FUT;D_USDTRY;2027-03-31;60;59.935;0.11;59.97;59.96;60;60;59.9982;258472458;0;4308;94;7601;3171;;;;;
2026-05-07;F_USDTRY0427;USDTRY_04/2027_VIS;D_CR;CRF;D_CR_FUT;DE_USDTRY_FUT;D_USDTRY;2027-04-30;61.35;61.427;-0.13;61.398;61.35;61.4;61.35;61.3928;4297498;0;70;14;2543;0;;;;;
2026-05-07;F_USDTRY0526;USDTRY_05/2026_VIS;D_CR;CRF;D_CR_FUT;DE_USDTRY_FUT;D_USDTRY;2026-05-25;45.945;45.95;-0.01;45.95;45.933;45.975;45.947;45.9539;11248238667;0;244772;23719;1942361;111767;45.95;91900;0;2;2
2026-05-07;F_USDTRY0527;USDTRY_05/2027_VIS;D_CR;CRF;D_CR_FUT;DE_USDTRY_FUT;D_USDTRY;2027-05-31;62.806;62.707;0.16;62.68;62.68;62.84;62.84;62.8062;376837;0;6;3;808;1;;;;;
2026-05-07;F_USDTRY0626;USDTRY_06/2026_VIS;D_CR;CRF;D_CR_FUT;DE_USDTRY_FUT;D_USDTRY;2026-06-30;47.438;47.474;-0.08;47.473;47.428;47.476;47.448;47.4608;9299287570;0;195936;5209;908459;94996;;;;;
2026-05-07;F_USDTRY0627;USDTRY_06/2027_VIS;D_CR;CRF;D_CR_FUT;DE_USDTRY_FUT;D_USDTRY;2027-06-30;63.795;64;-0.32;63.795;63.795;63.795;63.795;63.795;637950;0;10;1;943;10;;;;;
2026-05-07;F_USDTRY0726;USDTRY_07/2026_VIS;D_CR;CRF;D_CR_FUT;DE_USDTRY_FUT;D_USDTRY;2026-07-31;48.75;48.823;-0.15;48.82;48.749;48.82;48.749;48.7686;997853612;0;20461;236;63115;15468;;;;;
2026-05-07;F_USDTRY0727;USDTRY_07/2027_VIS;D_CR;CRF;D_CR_FUT;DE_USDTRY_FUT;D_USDTRY;2027-07-30;65.206;65.206;0;0;0;0;0;0;0;0;0;0;458;0;;;;;
2026-05-07;F_USDTRY0826;USDTRY_08/2026_VIS;D_CR;CRF;D_CR_FUT;DE_USDTRY_FUT;D_USDTRY;2026-08-31;50.095;50.186;-0.18;50.243;50.091;50.254;50.095;50.1251;366464747;0;7311;123;57102;3604;;;;;
2026-05-07;F_USDTRY0827;USDTRY_08/2027_VIS;D_CR;CRF;D_CR_FUT;DE_USDTRY_FUT;D_USDTRY;2027-08-31;66.56;66.301;0.39;66.56;66.56;66.56;66.56;66.56;66560;0;1;1;2;1;;;;;
2026-05-07;F_USDTRY0926;USDTRY_09/2026_VIS;D_CR;CRF;D_CR_FUT;DE_USDTRY_FUT;D_USDTRY;2026-09-30;51.481;51.566;-0.16;51.521;51.471;51.521;51.471;51.5066;20499640;0;398;34;11137;282;;;;;
2026-05-07;F_USDTRY1026;USDTRY_10/2026_VIS;D_CR;CRF;D_CR_FUT;DE_USDTRY_FUT;D_USDTRY;2026-10-30;52.845;52.912;-0.13;52.861;52.825;52.9;52.841;52.8597;29231393;0;553;54;2872;-72;;;;;
2026-05-07;F_USDTRY1126;USDTRY_11/2026_VIS;D_CR;CRF;D_CR_FUT;DE_USDTRY_FUT;D_USDTRY;2026-11-30;54.3;54.382;-0.15;54.341;54.281;54.35;54.281;54.302;6353335;0;117;23;1441;55;;;;;
2026-05-07;F_USDTRY1226;USDTRY_12/2026_VIS;D_CR;CRF;D_CR_FUT;DE_USDTRY_FUT;D_USDTRY;2026-12-31;55.728;55.846;-0.21;55.741;55.56;55.778;55.72;55.7291;270397500;0;4852;207;748620;-206;;;;;
2026-05-07;F_VAKBN0526;VAKBN_05/2026_VIS;D_EQ;SSF;D_EQ_FPD;DE_VAKBN_FPD;VAKBN.E;2026-05-25;32.81;32.29;1.61;32.05;31.95;33.23;32.86;32.56;918886838;0;282249;20376;211330;-7144;32.05;160250;0;50;14
2026-05-07;F_VAKBN0626;VAKBN_06/2026_VIS;D_EQ;SSF;D_EQ_FPD;DE_VAKBN_FPD;VAKBN.E;2026-06-30;33.76;33.18;1.75;33.18;32.85;34.14;33.76;33.6;40192109;0;11842;718;16007;6682;;;;;
2026-05-07;F_VAKBN0726;VAKBN_07/2026_VIS;D_EQ;SSF;D_EQ_FPD;DE_VAKBN_FPD;VAKBN.E;2026-07-31;34.85;34.1;2.2;34.05;33.38;35.04;34.79;34.6;615910;0;178;36;132;80;;;;;
2026-05-07;F_VESTL0526;VESTL_05/2026_VIS;D_EQ;SSF;D_EQ_FPD;DE_VESTL_FPD;VESTL.E;2026-05-25;29.26;29.06;0.69;29.13;28.96;29.54;29.2;29.3;81506191;0;27822;4571;89636;7019;29.13;5826;0;2;2
2026-05-07;F_VESTL0626;VESTL_06/2026_VIS;D_EQ;SSF;D_EQ_FPD;DE_VESTL_FPD;VESTL.E;2026-06-30;30.08;29.89;0.64;29.83;29.82;30.33;30.04;30.05;1607900;0;535;123;2799;60;;;;;
2026-05-07;F_VESTL0726;VESTL_07/2026_VIS;D_EQ;SSF;D_EQ_FPD;DE_VESTL_FPD;VESTL.E;2026-07-31;30.83;30.55;0.92;30.62;30.62;31.02;30.78;30.83;299054;0;97;36;69;47;;;;;
2026-05-07;F_X10XB0626;BIST BDLKT10_06/2026_VIS;D_IX;INF;D_IX_FUT;DE_BISTBDLIKIT10_FUT;D_X10XBD;2026-06-30;20513;20663;-0.73;20567;20323;20567;20448;20464.5;6957930;0;34;28;37;-27;;;;;
2026-05-07;F_X10XB0826;BIST BDLKT10_08/2026_VIS;D_IX;INF;D_IX_FUT;DE_BISTBDLIKIT10_FUT;D_X10XBD;2026-08-31;21631;21819;-0.86;21662;21600;21662;21600;21631;432620;0;2;2;7;-1;;;;;
2026-05-07;F_X10XB1026;BIST BDLKT10_10/2026_VIS;D_IX;INF;D_IX_FUT;DE_BISTBDLIKIT10_FUT;D_X10XBD;2026-10-30;23049;22935;0.5;23049;23049;23049;23049;23049;230490;0;1;1;6;0;;;;;
2026-05-07;F_X10XB1226;BIST BDLKT10_12/2026_VIS;D_IX;INF;D_IX_FUT;DE_BISTBDLIKIT10_FUT;D_X10XBD;2026-12-31;23701;23701;0;0;0;0;0;0;0;0;0;0;4;0;;;;;
2026-05-07;F_XAGUSD0626;ONS GUMUS_06/2026_VIS;D_PM;PMFU;D_PM_FUT;DE_XAGUSD_FUT;D_XAGUSD;2026-06-30;82.58;78.31;5.45;79.24;79.24;82.84;82.52;81.657;4060016697.98768;0;110138;13756;169259;-2467;79.24;1895904.79792;0;53;18
2026-05-07;F_XAGUSD0826;ONS GUMUS_08/2026_VIS;D_PM;PMFU;D_PM_FUT;DE_XAGUSD_FUT;D_XAGUSD;2026-08-31;83.55;79.34;5.31;80.2;80.2;83.86;83.48;82.211;317836278.58832;0;8564;1699;10307;2022;80.2;253436.1704;0;7;7
2026-05-07;F_XAGUSD1026;ONS GUMUS_10/2026_VIS;D_PM;PMFU;D_PM_FUT;DE_XAGUSD_FUT;D_XAGUSD;2026-10-30;84.8;80.38;5.5;81;81;84.93;84.93;83.238;7327411.20424;0;195;130;300;11;;;;;
2026-05-07;F_XAUTRYM0626;GR ALTIN_06/2026_VIS;D_PM;PMF;D_PM_FUT;DE_XAUTRY_FUT;D_XAUTRY;2026-06-30;7318;7251;0.92;7274.1;7270.1;7325;7319;7297.91;444676217.9;0;60932;3794;929673;12661;7274.1;21822.3;0;3;2
2026-05-07;F_XAUTRYM0826;GR ALTIN_08/2026_VIS;D_PM;PMF;D_PM_FUT;DE_XAUTRY_FUT;D_XAUTRY;2026-08-31;7832.1;7784.7;0.61;7800.2;7798.8;7849.1;7837.4;7826.74;23589791.3;0;3014;538;97992;271;;;;;
2026-05-07;F_XAUTRYM1026;GR ALTIN_10/2026_VIS;D_PM;PMF;D_PM_FUT;DE_XAUTRY_FUT;D_XAUTRY;2026-10-30;8387.7;8339.4;0.58;8333.9;8333.9;8405.5;8368.4;8369.51;13600452.3;0;1625;102;2092;-1340;;;;;
2026-05-07;F_XAUUSD0626;ONS ALTIN_06/2026_VIS;D_PM;PMFU;D_PM_FUT;DE_XAUUSD_FUT;D_XAUUSD;2026-06-30;4801.2;4750.3;1.07;4760;4760;4805.3;4800.1;4783.37;7766017632.38108;0;35964;7287;92902;-2852;4760;644650.608;0;3;2
2026-05-07;F_XAUUSD0826;ONS ALTIN_08/2026_VIS;D_PM;PMFU;D_PM_FUT;DE_XAUUSD_FUT;D_XAUUSD;2026-08-31;4870.1;4820.7;1.02;4849.9;4840.1;4875;4870.1;4858.2;1140666770.7284;0;5201;1334;14833;3694;4849.9;218941.94564;0;1;1
2026-05-07;F_XAUUSD1026;ONS ALTIN_10/2026_VIS;D_PM;PMFU;D_PM_FUT;DE_XAUUSD_FUT;D_XAUUSD;2026-10-30;4946;4877.2;1.41;4924.5;4921;4972.1;4939.2;4945.4;33711227.07544;0;151;38;197;15;;;;;
2026-05-07;F_XCUUSD0626;TON BAKIR_06/2026_VIS;D_MT;MTF;D_MT_FUT;DE_XCUUSD_FUT;D_XCUUSD;2026-06-30;13765.5;13729;0.27;13899.5;13719;13899.5;13719;13765.63;248571.9475;0;4;4;133;-1;;;;;
2026-05-07;F_XCUUSD0826;TON BAKIR_08/2026_VIS;D_MT;MTF;D_MT_FUT;DE_XCUUSD_FUT;D_XCUUSD;2026-08-31;14043.5;14043.5;0;0;0;0;0;0;0;0;0;0;52;0;;;;;
2026-05-07;F_XCUUSD1026;TON BAKIR_10/2026_VIS;D_MT;MTF;D_MT_FUT;DE_XCUUSD_FUT;D_XCUUSD;2026-10-30;14390;14390;0;0;0;0;0;0;0;0;0;0;0;0;;;;;
2026-05-07;F_XLBNK0626;BIST L.BANKA_06/2026_VIS;D_IX;INF;D_IX_FUT;DE_BISTLBANKA_FUT;D_XLBNKD;2026-06-30;16298;16119;1.11;16154;16068;16500;16296;16285.97;696062550;0;4274;1983;5950;27;16154;161540;0;1;1
2026-05-07;F_XLBNK0826;BIST L.BANKA_08/2026_VIS;D_IX;INF;D_IX_FUT;DE_BISTLBANKA_FUT;D_XLBNKD;2026-08-31;17366;17074;1.71;17188;17094;17499;17322;17291.32;5360310;0;31;31;632;9;;;;;
2026-05-07;F_XLBNK1026;BIST L.BANKA_10/2026_VIS;D_IX;INF;D_IX_FUT;DE_BISTLBANKA_FUT;D_XLBNKD;2026-10-30;18263;17923;1.9;18250;18250;18300;18300;18262.5;730500;0;4;4;9;2;;;;;
2026-05-07;F_XLBNK1226;BIST L.BANKA_12/2026_VIS;D_IX;INF;D_IX_FUT;DE_BISTLBANKA_FUT;D_XLBNKD;2026-12-31;19117;19358;-1.24;19388;18750;19580;19580;19117.25;764690;0;4;4;48;2;;;;;
2026-05-07;F_XPDUSD0626;ONS PALADYUM_06/2026_VIS;D_PM;PMFU;D_PM_FUT;DE_XPDUSD_FUT;D_XPDUSD;2026-06-30;1560;1572.8;-0.81;1579.7;1550.1;1580.9;1565.2;1569.61;15872119.58248;0;224;81;403;20;;;;;
2026-05-07;F_XPDUSD0826;ONS PALADYUM_08/2026_VIS;D_PM;PMFU;D_PM_FUT;DE_XPDUSD_FUT;D_XPDUSD;2026-08-31;1593.7;1616.8;-1.43;1616.8;1581.5;1616.8;1590.9;1593.67;503608.45852;0;7;7;32;-1;;;;;
2026-05-07;F_XPDUSD1026;ONS PALADYUM_10/2026_VIS;D_PM;PMFU;D_PM_FUT;DE_XPDUSD_FUT;D_XPDUSD;2026-10-30;1642.1;1642.1;0;0;0;0;0;0;0;0;0;0;0;0;;;;;
2026-05-07;F_XPTUSD0626;ONS PLATIN_06/2026_VIS;D_PM;PMFU;D_PM_FUT;DE_XPTUSD_FUT;D_XPTUSD;2026-06-30;2121.4;2064.8;2.74;2106.9;2098;2148.7;2118.8;2115.06;9739108.71832;0;102;46;878;16;;;;;
2026-05-07;F_XPTUSD0826;ONS PLATIN_08/2026_VIS;D_PM;PMFU;D_PM_FUT;DE_XPTUSD_FUT;D_XPTUSD;2026-08-31;2131.5;2096.2;1.68;2131.5;2131.5;2131.5;2131.5;2131.5;288670.7502;0;3;3;61;-3;;;;;
2026-05-07;F_XPTUSD1026;ONS PLATIN_10/2026_VIS;D_PM;PMFU;D_PM_FUT;DE_XPTUSD_FUT;D_XPTUSD;2026-10-30;2147.8;2147.8;0;0;0;0;0;0;0;0;0;0;0;0;;;;;
2026-05-07;F_XSD250626;BIST XSD25_06/2026_VIS;D_IX;INF;D_IX_FUT;DE_BISTSUR25_FUT;D_XSD25D;2026-06-30;18734;19290;-2.88;18900;18651;18900;18651;18774.3;4318090;0;23;21;26;0;;;;;
2026-05-07;F_XSD250826;BIST XSD25_08/2026_VIS;D_IX;INF;D_IX_FUT;DE_BISTSUR25_FUT;D_XSD25D;2026-08-31;19816;19816;0;0;0;0;0;0;0;0;0;0;0;0;;;;;
2026-05-07;F_XSD251026;BIST XSD25_10/2026_VIS;D_IX;INF;D_IX_FUT;DE_BISTSUR25_FUT;D_XSD25D;2026-10-30;20405;20405;0;0;0;0;0;0;0;0;0;0;0;0;;;;;
2026-05-07;F_XSD251226;BIST XSD25_12/2026_VIS;D_IX;INF;D_IX_FUT;DE_BISTSUR25_FUT;D_XSD25D;2026-12-31;21773;21773;0;0;0;0;0;0;0;0;0;0;0;0;;;;;
2026-05-07;F_XU0300626;BIST 30_06/2026_VIS;D_IX;INF;D_IX_FUT;DE_BIST30_FUT;D_XU030D;2026-06-30;17944;17971;-0.15;18027;17840;18070;17950;17932.12;43454729760;0;242325;86892;417892;-1447;18027;22173210;0;123;42
2026-05-07;F_XU0300826;BIST 30_08/2026_VIS;D_IX;INF;D_IX_FUT;DE_BIST30_FUT;D_XU030D;2026-08-31;18910;18916;-0.03;18985;18790;19018;18925;18885.73;644001710;0;3410;1782;8495;748;18985;189850;0;1;1
2026-05-07;F_XU0301026;BIST 30_10/2026_VIS;D_IX;INF;D_IX_FUT;DE_BIST30_FUT;D_XU030D;2026-10-30;19791;19781;0.05;19835;19656;19855;19775;19770.63;9489900;0;48;48;89;11;;;;;
2026-05-07;F_XU0301226;BIST 30_12/2026_VIS;D_IX;INF;D_IX_FUT;DE_BIST30_FUT;D_XU030D;2026-12-31;20498;20463;0.17;20475;20423;20600;20520;20504.51;9227030;0;45;45;1064;5;;;;;
2026-05-07;F_YKBNK0526;YKBNK_05/2026_VIS;D_EQ;SSF;D_EQ_FPD;DE_YKBNK_FPD;YKBNK.E;2026-05-25;39.54;38.73;2.09;38.82;38.53;39.87;39.58;39.26;2868457759;0;730705;29822;826940;-41143;38.82;104814;0;27;3
2026-05-07;F_YKBNK0626;YKBNK_06/2026_VIS;D_EQ;SSF;D_EQ_FPD;DE_YKBNK_FPD;YKBNK.E;2026-06-30;40.66;39.86;2.01;40;39.67;40.99;40.71;40.47;134003899;0;32917;1806;45026;11576;;;;;
2026-05-07;F_YKBNK0726;YKBNK_07/2026_VIS;D_EQ;SSF;D_EQ_FPD;DE_YKBNK_FPD;YKBNK.E;2026-07-31;41.82;41.78;0.1;41.09;40.9;42.1;42.09;41.64;2265392;0;544;85;492;266;;;;;
2026-05-07;O_AKBNKE0526C100.00;AKBNK_05/2026_AVRUPA_OPSIYON;D_EQ;SSO;D_EQ_ECP;DE_AKBNK_ECP;AKBNK.E;2026-05-25;0.01;0.01;0;0;0;0;0;0;0;0;0;0;1;0;;;;;
2026-05-07;O_AKBNKE0526C105.00;AKBNK_05/2026_AVRUPA_OPSIYON;D_EQ;SSO;D_EQ_ECP;DE_AKBNK_ECP;AKBNK.E;2026-05-25;0.01;0.01;0;0;0;0;0;0;0;0;0;0;0;0;;;;;
2026-05-07;O_AKBNKE0526C110.00;AKBNK_05/2026_AVRUPA_OPSIYON;D_EQ;SSO;D_EQ_ECP;DE_AKBNK_ECP;AKBNK.E;2026-05-25;0.01;0.01;0;0;0;0;0;0;0;0;0;0;0;0;;;;;
2026-05-07;O_AKBNKE0526C115.00;AKBNK_05/2026_AVRUPA_OPSIYON;D_EQ;SSO;D_EQ_ECP;DE_AKBNK_ECP;AKBNK.E;2026-05-25;0.01;0.01;0;0;0;0;0;0;0;0;0;0;0;0;;;;;
2026-05-07;O_AKBNKE0526C120.00;AKBNK_05/2026_AVRUPA_OPSIYON;D_EQ;SSO;D_EQ_ECP;DE_AKBNK_ECP;AKBNK.E;2026-05-25;0.01;0.01;0;0;0;0;0;0;0;0;0;0;0;0;;;;;
2026-05-07;O_AKBNKE0526C125.00;AKBNK_05/2026_AVRUPA_OPSIYON;D_EQ;SSO;D_EQ_ECP;DE_AKBNK_ECP;AKBNK.E;2026-05-25;0.01;0.01;0;0;0;0;0;0;0;0;0;0;0;0;;;;;
2026-05-07;O_AKBNKE0526C66.00;AKBNK_05/2026_AVRUPA_OPSIYON;D_EQ;SSO;D_EQ_ECP;DE_AKBNK_ECP;AKBNK.E;2026-05-25;10.54;9.82;7.33;0;0;0;0;0;0;0;0;0;0;0;;;;;
2026-05-07;O_AKBNKE0526C68.00;AKBNK_05/2026_AVRUPA_OPSIYON;D_EQ;SSO;D_EQ_ECP;DE_AKBNK_ECP;AKBNK.E;2026-05-25;8.71;8.04;8.33;0;0;0;0;0;0;0;0;0;0;0;;;;;
2026-05-07;O_AKBNKE0526C70.00;AKBNK_05/2026_AVRUPA_OPSIYON;D_EQ;SSO;D_EQ_ECP;DE_AKBNK_ECP;AKBNK.E;2026-05-25;6.98;6.37;9.58;0;0;0;0;0;0;0;0;0;0;0;;;;;
2026-05-07;O_AKBNKE0526C72.00;AKBNK_05/2026_AVRUPA_OPSIYON;D_EQ;SSO;D_EQ_ECP;DE_AKBNK_ECP;AKBNK.E;2026-05-25;5.4;4.87;10.88;0;0;0;0;0;0;0;0;0;0;0;;;;;
2026-05-07;O_AKBNKE0526C74.00;AKBNK_05/2026_AVRUPA_OPSIYON;D_EQ;SSO;D_EQ_ECP;DE_AKBNK_ECP;AKBNK.E;2026-05-25;4.01;3.59;11.7;3.7;3.7;3.7;3.7;3.7;1480000;74000;200;2;383;200;;;;;
2026-05-07;O_AKBNKE0526C76.00;AKBNK_05/2026_AVRUPA_OPSIYON;D_EQ;SSO;D_EQ_ECP;DE_AKBNK_ECP;AKBNK.E;2026-05-25;2.87;2.54;12.99;3.14;3.14;3.14;3.14;3.14;760000;31400;100;1;2507;0;;;;;
2026-05-07;O_AKBNKE0526C78.00;AKBNK_05/2026_AVRUPA_OPSIYON;D_EQ;SSO;D_EQ_ECP;DE_AKBNK_ECP;AKBNK.E;2026-05-25;1.97;1.74;13.22;2.2;2.02;2.2;2.02;2.1;7807800;210538;1001;7;2536;1000;;;;;
2026-05-07;O_AKBNKE0526C80.00;AKBNK_05/2026_AVRUPA_OPSIYON;D_EQ;SSO;D_EQ_ECP;DE_AKBNK_ECP;AKBNK.E;2026-05-25;1.29;1.15;12.17;1.05;0.98;1.3;0.98;1.11;9640000;133665;1205;21;2005;1005;;;;;
2026-05-07;O_AKBNKE0526C82.00;AKBNK_05/2026_AVRUPA_OPSIYON;D_EQ;SSO;D_EQ_ECP;DE_AKBNK_ECP;AKBNK.E;2026-05-25;0.83;0.74;12.16;0.54;0.54;0.54;0.54;0.54;82000;540;10;1;1985;10;;;;;
2026-05-07;O_AKBNKE0526C84.00;AKBNK_05/2026_AVRUPA_OPSIYON;D_EQ;SSO;D_EQ_ECP;DE_AKBNK_ECP;AKBNK.E;2026-05-25;0.52;0.47;10.64;0;0;0;0;0;0;0;0;0;1801;0;;;;;
2026-05-07;O_AKBNKE0526C86.00;AKBNK_05/2026_AVRUPA_OPSIYON;D_EQ;SSO;D_EQ_ECP;DE_AKBNK_ECP;AKBNK.E;2026-05-25;0.32;0.29;10.34;0;0;0;0;0;0;0;0;0;983;0;;;;;
2026-05-07;O_AKBNKE0526C88.00;AKBNK_05/2026_AVRUPA_OPSIYON;D_EQ;SSO;D_EQ_ECP;DE_AKBNK_ECP;AKBNK.E;2026-05-25;0.19;0.18;5.56;0;0;0;0;0;0;0;0;0;450;0;;;;;
2026-05-07;O_AKBNKE0526C90.00;AKBNK_05/2026_AVRUPA_OPSIYON;D_EQ;SSO;D_EQ_ECP;DE_AKBNK_ECP;AKBNK.E;2026-05-25;0.11;0.11;0;0;0;0;0;0;0;0;0;0;550;0;;;;;
2026-05-07;O_AKBNKE0526C92.00;AKBNK_05/2026_AVRUPA_OPSIYON;D_EQ;SSO;D_EQ_ECP;DE_AKBNK_ECP;AKBNK.E;2026-05-25;0.06;0.06;0;0;0;0;0;0;0;0;0;0;1907;0;;;;;
2026-05-07;O_AKBNKE0526C94.00;AKBNK_05/2026_AVRUPA_OPSIYON;D_EQ;SSO;D_EQ_ECP;DE_AKBNK_ECP;AKBNK.E;2026-05-25;0.04;0.04;0;0;0;0;0;0;0;0;0;0;0;0;;;;;
2026-05-07;O_AKBNKE0526C96.00;AKBNK_05/2026_AVRUPA_OPSIYON;D_EQ;SSO;D_EQ_ECP;DE_AKBNK_ECP;AKBNK.E;2026-05-25;0.02;0.02;0;0;0;0;0;0;0;0;0;0;1;0;;;;;
2026-05-07;O_AKBNKE0526C98.00;AKBNK_05/2026_AVRUPA_OPSIYON;D_EQ;SSO;D_EQ_ECP;DE_AKBNK_ECP;AKBNK.E;2026-05-25;0.01;0.01;0;0;0;0;0;0;0;0;0;0;0;0;;;;;
2026-05-07;O_AKBNKE0526P100.00;AKBNK_05/2026_AVRUPA_OPSIYON;D_EQ;SSO;D_EQ_EPP;DE_AKBNK_EPP;AKBNK.E;2026-05-25;22.95;23.7;-3.16;0;0;0;0;0;0;0;0;0;0;0;;;;;
2026-05-07;O_AKBNKE0526P56.00;AKBNK_05/2026_AVRUPA_OPSIYON;D_EQ;SSO;D_EQ_EPP;DE_AKBNK_EPP;AKBNK.E;2026-05-25;0.01;0.01;0;0;0;0;0;0;0;0;0;0;0;0;;;;;
2026-05-07;O_AKBNKE0526P58.00;AKBNK_05/2026_AVRUPA_OPSIYON;D_EQ;SSO;D_EQ_EPP;DE_AKBNK_EPP;AKBNK.E;2026-05-25;0.01;0.01;0;0;0;0;0;0;0;0;0;0;0;0;;;;;
2026-05-07;O_AKBNKE0526P60.00;AKBNK_05/2026_AVRUPA_OPSIYON;D_EQ;SSO;D_EQ_EPP;DE_AKBNK_EPP;AKBNK.E;2026-05-25;0.01;0.01;0;0;0;0;0;0;0;0;0;0;0;0;;;;;
2026-05-07;O_AKBNKE0526P62.00;AKBNK_05/2026_AVRUPA_OPSIYON;D_EQ;SSO;D_EQ_EPP;DE_AKBNK_EPP;AKBNK.E;2026-05-25;0.02;0.04;-50;0;0;0;0;0;0;0;0;0;0;0;;;;;
2026-05-07;O_AKBNKE0526P64.00;AKBNK_05/2026_AVRUPA_OPSIYON;D_EQ;SSO;D_EQ_EPP;DE_AKBNK_EPP;AKBNK.E;2026-05-25;0.05;0.08;-37.5;0;0;0;0;0;0;0;0;0;0;0;;;;;
2026-05-07;O_AKBNKE0526P66.00;AKBNK_05/2026_AVRUPA_OPSIYON;D_EQ;SSO;D_EQ_EPP;DE_AKBNK_EPP;AKBNK.E;2026-05-25;0.12;0.18;-33.33;0;0;0;0;0;0;0;0;0;0;0;;;;;
2026-05-07;O_AKBNKE0526P68.00;AKBNK_05/2026_AVRUPA_OPSIYON;D_EQ;SSO;D_EQ_EPP;DE_AKBNK_EPP;AKBNK.E;2026-05-25;0.25;0.36;-30.56;0;0;0;0;0;0;0;0;0;0;0;;;;;
2026-05-07;O_AKBNKE0526P70.00;AKBNK_05/2026_AVRUPA_OPSIYON;D_EQ;SSO;D_EQ_EPP;DE_AKBNK_EPP;AKBNK.E;2026-05-25;0.48;0.65;-26.15;0;0;0;0;0;0;0;0;0;500;0;;;;;
2026-05-07;O_AKBNKE0526P72.00;AKBNK_05/2026_AVRUPA_OPSIYON;D_EQ;SSO;D_EQ_EPP;DE_AKBNK_EPP;AKBNK.E;2026-05-25;0.86;1.11;-22.52;0;0;0;0;0;0;0;0;0;3260;0;;;;;
2026-05-07;O_AKBNKE0526P74.00;AKBNK_05/2026_AVRUPA_OPSIYON;D_EQ;SSO;D_EQ_EPP;DE_AKBNK_EPP;AKBNK.E;2026-05-25;1.44;1.79;-19.55;1;0.88;1;0.88;0.91;8140000;99900;1100;9;2286;886;;;;;
2026-05-07;O_AKBNKE0526P76.00;AKBNK_05/2026_AVRUPA_OPSIYON;D_EQ;SSO;D_EQ_EPP;DE_AKBNK_EPP;AKBNK.E;2026-05-25;2.25;2.71;-16.97;1.9;1.28;1.9;1.66;1.47;8170000;158198;1075;10;1075;875;;;;;
2026-05-07;O_AKBNKE0526P78.00;AKBNK_05/2026_AVRUPA_OPSIYON;D_EQ;SSO;D_EQ_EPP;DE_AKBNK_EPP;AKBNK.E;2026-05-25;3.32;3.86;-13.99;2.61;2.61;2.61;2.61;2.61;39000;1305;5;1;958;0;;;;;
2026-05-07;O_AKBNKE0526P80.00;AKBNK_05/2026_AVRUPA_OPSIYON;D_EQ;SSO;D_EQ_EPP;DE_AKBNK_EPP;AKBNK.E;2026-05-25;4.61;5.23;-11.85;0;0;0;0;0;0;0;0;0;150;0;;;;;
2026-05-07;O_AKBNKE0526P82.00;AKBNK_05/2026_AVRUPA_OPSIYON;D_EQ;SSO;D_EQ_EPP;DE_AKBNK_EPP;AKBNK.E;2026-05-25;6.11;6.79;-10.01;0;0;0;0;0;0;0;0;0;843;0;;;;;
2026-05-07;O_AKBNKE0526P84.00;AKBNK_05/2026_AVRUPA_OPSIYON;D_EQ;SSO;D_EQ_EPP;DE_AKBNK_EPP;AKBNK.E;2026-05-25;7.76;8.47;-8.38;0;0;0;0;0;0;0;0;0;565;0;;;;;
2026-05-07;O_AKBNKE0526P86.00;AKBNK_05/2026_AVRUPA_OPSIYON;D_EQ;SSO;D_EQ_EPP;DE_AKBNK_EPP;AKBNK.E;2026-05-25;9.52;10.26;-7.21;0;0;0;0;0;0;0;0;0;1000;0;;;;;
2026-05-07;O_AKBNKE0526P88.00;AKBNK_05/2026_AVRUPA_OPSIYON;D_EQ;SSO;D_EQ_EPP;DE_AKBNK_EPP;AKBNK.E;2026-05-25;11.36;12.1;-6.12;0;0;0;0;0;0;0;0;0;517;0;;;;;
2026-05-07;O_AKBNKE0526P90.00;AKBNK_05/2026_AVRUPA_OPSIYON;D_EQ;SSO;D_EQ_EPP;DE_AKBNK_EPP;AKBNK.E;2026-05-25;13.24;13.99;-5.36;0;0;0;0;0;0;0;0;0;0;0;;;;;
2026-05-07;O_AKBNKE0526P92.00;AKBNK_05/2026_AVRUPA_OPSIYON;D_EQ;SSO;D_EQ_EPP;DE_AKBNK_EPP;AKBNK.E;2026-05-25;15.16;15.91;-4.71;0;0;0;0;0;0;0;0;0;0;0;;;;;
2026-05-07;O_AKBNKE0526P94.00;AKBNK_05/2026_AVRUPA_OPSIYON;D_EQ;SSO;D_EQ_EPP;DE_AKBNK_EPP;AKBNK.E;2026-05-25;17.09;17.85;-4.26;0;0;0;0;0;0;0;0;0;0;0;;;;;
2026-05-07;O_AKBNKE0526P96.00;AKBNK_05/2026_AVRUPA_OPSIYON;D_EQ;SSO;D_EQ_EPP;DE_AKBNK_EPP;AKBNK.E;2026-05-25;19.04;19.79;-3.79;0;0;0;0;0;0;0;0;0;0;0;;;;;
2026-05-07;O_AKBNKE0526P98.00;AKBNK_05/2026_AVRUPA_OPSIYON;D_EQ;SSO;D_EQ_EPP;DE_AKBNK_EPP;AKBNK.E;2026-05-25;20.99;21.74;-3.45;0;0;0;0;0;0;0;0;0;0;0;;;;;
2026-05-07;O_AKBNKE0626C100.00;AKBNK_06/2026_AVRUPA_OPSIYON;D_EQ;SSO;D_EQ_ECP;DE_AKBNK_ECP;AKBNK.E;2026-06-30;0.5;0.48;4.17;0;0;0;0;0;0;0;0;0;0;0;;;;;
2026-05-07;O_AKBNKE0626C105.00;AKBNK_06/2026_AVRUPA_OPSIYON;D_EQ;SSO;D_EQ_ECP;DE_AKBNK_ECP;AKBNK.E;2026-06-30;0.29;0.28;3.57;0;0;0;0;0;0;0;0;0;0;0;;;;;
2026-05-07;O_AKBNKE0626C70.00;AKBNK_06/2026_AVRUPA_OPSIYON;D_EQ;SSO;D_EQ_ECP;DE_AKBNK_ECP;AKBNK.E;2026-06-30;10.23;9.63;6.23;0;0;0;0;0;0;0;0;0;0;0;;;;;
2026-05-07;O_AKBNKE0626C72.00;AKBNK_06/2026_AVRUPA_OPSIYON;D_EQ;SSO;D_EQ_ECP;DE_AKBNK_ECP;AKBNK.E;2026-06-30;8.77;8.23;6.56;0;0;0;0;0;0;0;0;0;50;0;;;;;
2026-05-07;O_AKBNKE0626C74.00;AKBNK_06/2026_AVRUPA_OPSIYON;D_EQ;SSO;D_EQ_ECP;DE_AKBNK_ECP;AKBNK.E;2026-06-30;7.43;6.93;7.22;0;0;0;0;0;0;0;0;0;0;0;;;;;
2026-05-07;O_AKBNKE0626C76.00;AKBNK_06/2026_AVRUPA_OPSIYON;D_EQ;SSO;D_EQ_ECP;DE_AKBNK_ECP;AKBNK.E;2026-06-30;6.22;5.8;7.24;0;0;0;0;0;0;0;0;0;4;0;;;;;
2026-05-07;O_AKBNKE0626C78.00;AKBNK_06/2026_AVRUPA_OPSIYON;D_EQ;SSO;D_EQ_ECP;DE_AKBNK_ECP;AKBNK.E;2026-06-30;5.16;4.79;7.72;0;0;0;0;0;0;0;0;0;0;0;;;;;
2026-05-07;O_AKBNKE0626C80.00;AKBNK_06/2026_AVRUPA_OPSIYON;D_EQ;SSO;D_EQ_ECP;DE_AKBNK_ECP;AKBNK.E;2026-06-30;4.24;3.93;7.89;0;0;0;0;0;0;0;0;0;0;0;;;;;
2026-05-07;O_AKBNKE0626C82.00;AKBNK_06/2026_AVRUPA_OPSIYON;D_EQ;SSO;D_EQ_ECP;DE_AKBNK_ECP;AKBNK.E;2026-06-30;3.45;3.2;7.81;0;0;0;0;0;0;0;0;0;0;0;;;;;
2026-05-07;O_AKBNKE0626C84.00;AKBNK_06/2026_AVRUPA_OPSIYON;D_EQ;SSO;D_EQ_ECP;DE_AKBNK_ECP;AKBNK.E;2026-06-30;2.81;2.62;7.25;0;0;0;0;0;0;0;0;0;10;0;;;;;
2026-05-07;O_AKBNKE0626C86.00;AKBNK_06/2026_AVRUPA_OPSIYON;D_EQ;SSO;D_EQ_ECP;DE_AKBNK_ECP;AKBNK.E;2026-06-30;2.28;2.13;7.04;0;0;0;0;0;0;0;0;0;0;0;;;;;
2026-05-07;O_AKBNKE0626C88.00;AKBNK_06/2026_AVRUPA_OPSIYON;D_EQ;SSO;D_EQ_ECP;DE_AKBNK_ECP;AKBNK.E;2026-06-30;1.85;1.73;6.94;0;0;0;0;0;0;0;0;0;0;0;;;;;
2026-05-07;O_AKBNKE0626C90.00;AKBNK_06/2026_AVRUPA_OPSIYON;D_EQ;SSO;D_EQ_ECP;DE_AKBNK_ECP;AKBNK.E;2026-06-30;1.49;1.4;6.43;0;0;0;0;0;0;0;0;0;306;0;;;;;
2026-05-07;O_AKBNKE0626C92.00;AKBNK_06/2026_AVRUPA_OPSIYON;D_EQ;SSO;D_EQ_ECP;DE_AKBNK_ECP;AKBNK.E;2026-06-30;1.2;1.13;6.19;0;0;0;0;0;0;0;0;0;20000;0;;;;;
2026-05-07;O_AKBNKE0626C94.00;AKBNK_06/2026_AVRUPA_OPSIYON;D_EQ;SSO;D_EQ_ECP;DE_AKBNK_ECP;AKBNK.E;2026-06-30;0.96;0.91;5.49;0.66;0.66;0.66;0.66;0.66;1438200;10098;153;1;653;153;;;;;
2026-05-07;O_AKBNKE0626C96.00;AKBNK_06/2026_AVRUPA_OPSIYON;D_EQ;SSO;D_EQ_ECP;DE_AKBNK_ECP;AKBNK.E;2026-06-30;0.77;0.73;5.48;0;0;0;0;0;0;0;0;0;0;0;;;;;
2026-05-07;O_AKBNKE0626C98.00;AKBNK_06/2026_AVRUPA_OPSIYON;D_EQ;SSO;D_EQ_ECP;DE_AKBNK_ECP;AKBNK.E;2026-06-30;0.62;0.59;5.08;0;0;0;0;0;0;0;0;0;0;0;;;;;
2026-05-07;O_AKBNKE0626P60.00;AKBNK_06/2026_AVRUPA_OPSIYON;D_EQ;SSO;D_EQ_EPP;DE_AKBNK_EPP;AKBNK.E;2026-06-30;0.17;0.21;-19.05;0;0;0;0;0;0;0;0;0;0;0;;;;;
2026-05-07;O_AKBNKE0626P62.00;AKBNK_06/2026_AVRUPA_OPSIYON;D_EQ;SSO;D_EQ_EPP;DE_AKBNK_EPP;AKBNK.E;2026-06-30;0.26;0.33;-21.21;0;0;0;0;0;0;0;0;0;0;0;;;;;
2026-05-07;O_AKBNKE0626P64.00;AKBNK_06/2026_AVRUPA_OPSIYON;D_EQ;SSO;D_EQ_EPP;DE_AKBNK_EPP;AKBNK.E;2026-06-30;0.4;0.49;-18.37;0;0;0;0;0;0;0;0;0;0;0;;;;;
2026-05-07;O_AKBNKE0626P66.00;AKBNK_06/2026_AVRUPA_OPSIYON;D_EQ;SSO;D_EQ_EPP;DE_AKBNK_EPP;AKBNK.E;2026-06-30;0.6;0.71;-15.49;0;0;0;0;0;0;0;0;0;0;0;;;;;
2026-05-07;O_AKBNKE0626P68.00;AKBNK_06/2026_AVRUPA_OPSIYON;D_EQ;SSO;D_EQ_EPP;DE_AKBNK_EPP;AKBNK.E;2026-06-30;0.86;1.01;-14.85;0;0;0;0;0;0;0;0;0;0;0;;;;;
2026-05-07;O_AKBNKE0626P70.00;AKBNK_06/2026_AVRUPA_OPSIYON;D_EQ;SSO;D_EQ_EPP;DE_AKBNK_EPP;AKBNK.E;2026-06-30;1.2;1.39;-13.67;0;0;0;0;0;0;0;0;0;0;0;;;;;
2026-05-07;O_AKBNKE0626P72.00;AKBNK_06/2026_AVRUPA_OPSIYON;D_EQ;SSO;D_EQ_EPP;DE_AKBNK_EPP;AKBNK.E;2026-06-30;1.64;1.87;-12.3;0;0;0;0;0;0;0;0;0;0;0;;;;;
2026-05-07;O_AKBNKE0626P74.00;AKBNK_06/2026_AVRUPA_OPSIYON;D_EQ;SSO;D_EQ_EPP;DE_AKBNK_EPP;AKBNK.E;2026-06-30;2.18;2.47;-11.74;0;0;0;0;0;0;0;0;0;2504;0;;;;;
2026-05-07;O_AKBNKE0626P76.00;AKBNK_06/2026_AVRUPA_OPSIYON;D_EQ;SSO;D_EQ_EPP;DE_AKBNK_EPP;AKBNK.E;2026-06-30;2.87;3.22;-10.87;0;0;0;0;0;0;0;0;0;270;0;;;;;
2026-05-07;O_AKBNKE0626P78.00;AKBNK_06/2026_AVRUPA_OPSIYON;D_EQ;SSO;D_EQ_EPP;DE_AKBNK_EPP;AKBNK.E;2026-06-30;3.69;4.1;-10;0;0;0;0;0;0;0;0;0;0;0;;;;;
2026-05-07;O_AKBNKE0626P80.00;AKBNK_06/2026_AVRUPA_OPSIYON;D_EQ;SSO;D_EQ_EPP;DE_AKBNK_EPP;AKBNK.E;2026-06-30;4.66;5.13;-9.16;0;0;0;0;0;0;0;0;0;50;0;;;;;
2026-05-07;O_AKBNKE0626P82.00;AKBNK_06/2026_AVRUPA_OPSIYON;D_EQ;SSO;D_EQ_EPP;DE_AKBNK_EPP;AKBNK.E;2026-06-30;5.77;6.29;-8.27;0;0;0;0;0;0;0;0;0;150;0;;;;;
2026-05-07;O_AKBNKE0626P84.00;AKBNK_06/2026_AVRUPA_OPSIYON;D_EQ;SSO;D_EQ_EPP;DE_AKBNK_EPP;AKBNK.E;2026-06-30;7.02;7.59;-7.51;0;0;0;0;0;0;0;0;0;0;0;;;;;
2026-05-07;O_AKBNKE0626P86.00;AKBNK_06/2026_AVRUPA_OPSIYON;D_EQ;SSO;D_EQ_EPP;DE_AKBNK_EPP;AKBNK.E;2026-06-30;8.38;8.99;-6.79;0;0;0;0;0;0;0;0;0;0;0;;;;;
2026-05-07;O_AKBNKE0626P88.00;AKBNK_06/2026_AVRUPA_OPSIYON;D_EQ;SSO;D_EQ_EPP;DE_AKBNK_EPP;AKBNK.E;2026-06-30;9.84;10.48;-6.11;0;0;0;0;0;0;0;0;0;0;0;;;;;
2026-05-07;O_AKBNKE0626P90.00;AKBNK_06/2026_AVRUPA_OPSIYON;D_EQ;SSO;D_EQ_EPP;DE_AKBNK_EPP;AKBNK.E;2026-06-30;11.37;12.04;-5.56;0;0;0;0;0;0;0;0;0;0;0;;;;;
2026-05-07;O_AKBNKE0626P92.00;AKBNK_06/2026_AVRUPA_OPSIYON;D_EQ;SSO;D_EQ_EPP;DE_AKBNK_EPP;AKBNK.E;2026-06-30;12.97;13.66;-5.05;0;0;0;0;0;0;0;0;0;0;0;;;;;
2026-05-07;O_AKBNKE0726C74.00;AKBNK_07/2026_AVRUPA_OPSIYON;D_EQ;SSO;D_EQ_ECP;DE_AKBNK_ECP;AKBNK.E;2026-07-31;10.77;10.23;5.28;0;0;0;0;0;0;0;0;0;0;0;;;;;
2026-05-07;O_AKBNKE0726C76.00;AKBNK_07/2026_AVRUPA_OPSIYON;D_EQ;SSO;D_EQ_ECP;DE_AKBNK_ECP;AKBNK.E;2026-07-31;9.49;8.99;5.56;0;0;0;0;0;0;0;0;0;0;0;;;;;
2026-05-07;O_AKBNKE0726C78.00;AKBNK_07/2026_AVRUPA_OPSIYON;D_EQ;SSO;D_EQ_ECP;DE_AKBNK_ECP;AKBNK.E;2026-07-31;8.32;7.87;5.72;0;0;0;0;0;0;0;0;0;0;0;;;;;
2026-05-07;O_AKBNKE0726C80.00;AKBNK_07/2026_AVRUPA_OPSIYON;D_EQ;SSO;D_EQ_ECP;DE_AKBNK_ECP;AKBNK.E;2026-07-31;7.26;6.85;5.99;0;0;0;0;0;0;0;0;0;0;0;;;;;
2026-05-07;O_AKBNKE0726C82.00;AKBNK_07/2026_AVRUPA_OPSIYON;D_EQ;SSO;D_EQ_ECP;DE_AKBNK_ECP;AKBNK.E;2026-07-31;6.3;5.95;5.88;0;0;0;0;0;0;0;0;0;0;0;;;;;
2026-05-07;O_AKBNKE0726C84.00;AKBNK_07/2026_AVRUPA_OPSIYON;D_EQ;SSO;D_EQ_ECP;DE_AKBNK_ECP;AKBNK.E;2026-07-31;5.45;5.15;5.83;0;0;0;0;0;0;0;0;0;0;0;;;;;
2026-05-07;O_AKBNKE0726C86.00;AKBNK_07/2026_AVRUPA_OPSIYON;D_EQ;SSO;D_EQ_ECP;DE_AKBNK_ECP;AKBNK.E;2026-07-31;4.73;4.48;5.58;0;0;0;0;0;0;0;0;0;0;0;;;;;
2026-05-07;O_AKBNKE0726C88.00;AKBNK_07/2026_AVRUPA_OPSIYON;D_EQ;SSO;D_EQ_ECP;DE_AKBNK_ECP;AKBNK.E;2026-07-31;4.1;3.89;5.4;0;0;0;0;0;0;0;0;0;0;0;;;;;
2026-05-07;O_AKBNKE0726C90.00;AKBNK_07/2026_AVRUPA_OPSIYON;D_EQ;SSO;D_EQ_ECP;DE_AKBNK_ECP;AKBNK.E;2026-07-31;3.55;3.37;5.34;0;0;0;0;0;0;0;0;0;0;0;;;;;
2026-05-07;O_AKBNKE0726C92.00;AKBNK_07/2026_AVRUPA_OPSIYON;D_EQ;SSO;D_EQ_ECP;DE_AKBNK_ECP;AKBNK.E;2026-07-31;3.07;2.92;5.14;0;0;0;0;0;0;0;0;0;0;0;;;;;
2026-05-07;O_AKBNKE0726P64.00;AKBNK_07/2026_AVRUPA_OPSIYON;D_EQ;SSO;D_EQ_EPP;DE_AKBNK_EPP;AKBNK.E;2026-07-31;0.53;0.62;-14.52;0;0;0;0;0;0;0;0;0;0;0;;;;;
2026-05-07;O_AKBNKE0726P66.00;AKBNK_07/2026_AVRUPA_OPSIYON;D_EQ;SSO;D_EQ_EPP;DE_AKBNK_EPP;AKBNK.E;2026-07-31;0.72;0.83;-13.25;0;0;0;0;0;0;0;0;0;0;0;;;;;
2026-05-07;O_AKBNKE0726P68.00;AKBNK_07/2026_AVRUPA_OPSIYON;D_EQ;SSO;D_EQ_EPP;DE_AKBNK_EPP;AKBNK.E;2026-07-31;0.96;1.1;-12.73;0;0;0;0;0;0;0;0;0;0;0;;;;;
2026-05-07;O_AKBNKE0726P70.00;AKBNK_07/2026_AVRUPA_OPSIYON;D_EQ;SSO;D_EQ_EPP;DE_AKBNK_EPP;AKBNK.E;2026-07-31;1.26;1.42;-11.27;0;0;0;0;0;0;0;0;0;0;0;;;;;
2026-05-07;O_AKBNKE0726P72.00;AKBNK_07/2026_AVRUPA_OPSIYON;D_EQ;SSO;D_EQ_EPP;DE_AKBNK_EPP;AKBNK.E;2026-07-31;1.62;1.81;-10.5;0;0;0;0;0;0;0;0;0;0;0;;;;;
2026-05-07;O_AKBNKE0726P74.00;AKBNK_07/2026_AVRUPA_OPSIYON;D_EQ;SSO;D_EQ_EPP;DE_AKBNK_EPP;AKBNK.E;2026-07-31;2.06;2.28;-9.65;0;0;0;0;0;0;0;0;0;0;0;;;;;
2026-05-07;O_AKBNKE0726P76.00;AKBNK_07/2026_AVRUPA_OPSIYON;D_EQ;SSO;D_EQ_EPP;DE_AKBNK_EPP;AKBNK.E;2026-07-31;2.57;2.83;-9.19;0;0;0;0;0;0;0;0;0;0;0;;;;;
2026-05-07;O_AKBNKE0726P78.00;AKBNK_07/2026_AVRUPA_OPSIYON;D_EQ;SSO;D_EQ_EPP;DE_AKBNK_EPP;AKBNK.E;2026-07-31;3.2;3.51;-8.83;0;0;0;0;0;0;0;0;0;0;0;;;;;
2026-05-07;O_AKBNKE0726P80.00;AKBNK_07/2026_AVRUPA_OPSIYON;D_EQ;SSO;D_EQ_EPP;DE_AKBNK_EPP;AKBNK.E;2026-07-31;3.93;4.29;-8.39;0;0;0;0;0;0;0;0;0;0;0;;;;;
2026-05-07;O_AKBNKE0726P82.00;AKBNK_07/2026_AVRUPA_OPSIYON;D_EQ;SSO;D_EQ_EPP;DE_AKBNK_EPP;AKBNK.E;2026-07-31;4.77;5.18;-7.92;0;0;0;0;0;0;0;0;0;0;0;;;;;
2026-05-07;O_ALARKE0526C100.00;ALARK_05/2026_AVRUPA_OPSIYON;D_EQ;SSO;D_EQ_ECP;DE_ALARK_ECP;ALARK.E;2026-05-25;4.09;4.51;-9.31;4.6;4.18;4.98;4.18;4.73;1900000;89857;190;12;113;113;;;;;
2026-05-07;O_ALARKE0526C105.00;ALARK_05/2026_AVRUPA_OPSIYON;D_EQ;SSO;D_EQ_ECP;DE_ALARK_ECP;ALARK.E;2026-05-25;1.88;2.17;-13.36;0;0;0;0;0;0;0;0;0;0;0;;;;;
2026-05-07;O_ALARKE0526C110.00;ALARK_05/2026_AVRUPA_OPSIYON;D_EQ;SSO;D_EQ_ECP;DE_ALARK_ECP;ALARK.E;2026-05-25;0.78;0.96;-18.75;0;0;0;0;0;0;0;0;0;0;0;;;;;
2026-05-07;O_ALARKE0526C115.00;ALARK_05/2026_AVRUPA_OPSIYON;D_EQ;SSO;D_EQ_ECP;DE_ALARK_ECP;ALARK.E;2026-05-25;0.31;0.41;-24.39;0;0;0;0;0;0;0;0;0;0;0;;;;;
2026-05-07;O_ALARKE0526C120.00;ALARK_05/2026_AVRUPA_OPSIYON;D_EQ;SSO;D_EQ_ECP;DE_ALARK_ECP;ALARK.E;2026-05-25;0.12;0.17;-29.41;0;0;0;0;0;0;0;0;0;0;0;;;;;
2026-05-07;O_ALARKE0526C125.00;ALARK_05/2026_AVRUPA_OPSIYON;D_EQ;SSO;D_EQ_ECP;DE_ALARK_ECP;ALARK.E;2026-05-25;0.04;0.07;-42.86;0;0;0;0;0;0;0;0;0;0;0;;;;;
2026-05-07;O_ALARKE0526C130.00;ALARK_05/2026_AVRUPA_OPSIYON;D_EQ;SSO;D_EQ_ECP;DE_ALARK_ECP;ALARK.E;2026-05-25;0.02;0.03;-33.33;0;0;0;0;0;0;0;0;0;0;0;;;;;
2026-05-07;O_ALARKE0526C135.00;ALARK_05/2026_AVRUPA_OPSIYON;D_EQ;SSO;D_EQ_ECP;DE_ALARK_ECP;ALARK.E;2026-05-25;0.01;0.01;0;0;0;0;0;0;0;0;0;0;0;0;;;;;
2026-05-07;O_ALARKE0526C140.00;ALARK_05/2026_AVRUPA_OPSIYON;D_EQ;SSO;D_EQ_ECP;DE_ALARK_ECP;ALARK.E;2026-05-25;0.01;0.01;0;0;0;0;0;0;0;0;0;0;0;0;;;;;
2026-05-07;O_ALARKE0526C90.00;ALARK_05/2026_AVRUPA_OPSIYON;D_EQ;SSO;D_EQ_ECP;DE_ALARK_ECP;ALARK.E;2026-05-25;11.86;12.35;-3.97;0;0;0;0;0;0;0;0;0;0;0;;;;;
2026-05-07;O_ALARKE0526C92.00;ALARK_05/2026_AVRUPA_OPSIYON;D_EQ;SSO;D_EQ_ECP;DE_ALARK_ECP;ALARK.E;2026-05-25;10.06;10.56;-4.73;0;0;0;0;0;0;0;0;0;0;0;;;;;
2026-05-07;O_ALARKE0526C94.00;ALARK_05/2026_AVRUPA_OPSIYON;D_EQ;SSO;D_EQ_ECP;DE_ALARK_ECP;ALARK.E;2026-05-25;8.35;8.84;-5.54;0;0;0;0;0;0;0;0;0;53;0;;;;;
2026-05-07;O_ALARKE0526C96.00;ALARK_05/2026_AVRUPA_OPSIYON;D_EQ;SSO;D_EQ_ECP;DE_ALARK_ECP;ALARK.E;2026-05-25;6.75;7.22;-6.51;0;0;0;0;0;0;0;0;0;67;0;;;;;
2026-05-07;O_ALARKE0526C98.00;ALARK_05/2026_AVRUPA_OPSIYON;D_EQ;SSO;D_EQ_ECP;DE_ALARK_ECP;ALARK.E;2026-05-25;5.33;5.78;-7.79;5.82;5.82;5.82;5.82;5.82;98000;5820;10;1;6;0;;;;;
2026-05-07;O_ALARKE0526P100.00;ALARK_05/2026_AVRUPA_OPSIYON;D_EQ;SSO;D_EQ_EPP;DE_ALARK_EPP;ALARK.E;2026-05-25;2.29;2.25;1.78;0;0;0;0;0;0;0;0;0;0;0;;;;;
2026-05-07;O_ALARKE0526P105.00;ALARK_05/2026_AVRUPA_OPSIYON;D_EQ;SSO;D_EQ_EPP;DE_ALARK_EPP;ALARK.E;2026-05-25;4.98;4.81;3.53;0;0;0;0;0;0;0;0;0;0;0;;;;;
2026-05-07;O_ALARKE0526P110.00;ALARK_05/2026_AVRUPA_OPSIYON;D_EQ;SSO;D_EQ_EPP;DE_ALARK_EPP;ALARK.E;2026-05-25;8.79;8.51;3.29;0;0;0;0;0;0;0;0;0;0;0;;;;;
2026-05-07;O_ALARKE0526P115.00;ALARK_05/2026_AVRUPA_OPSIYON;D_EQ;SSO;D_EQ_EPP;DE_ALARK_EPP;ALARK.E;2026-05-25;13.22;12.85;2.88;0;0;0;0;0;0;0;0;0;0;0;;;;;
2026-05-07;O_ALARKE0526P80.00;ALARK_05/2026_AVRUPA_OPSIYON;D_EQ;SSO;D_EQ_EPP;DE_ALARK_EPP;ALARK.E;2026-05-25;0.01;0.02;-50;0;0;0;0;0;0;0;0;0;5;0;;;;;
2026-05-07;O_ALARKE0526P82.00;ALARK_05/2026_AVRUPA_OPSIYON;D_EQ;SSO;D_EQ_EPP;DE_ALARK_EPP;ALARK.E;2026-05-25;0.02;0.04;-50;0;0;0;0;0;0;0;0;0;0;0;;;;;
2026-05-07;O_ALARKE0526P84.00;ALARK_05/2026_AVRUPA_OPSIYON;D_EQ;SSO;D_EQ_EPP;DE_ALARK_EPP;ALARK.E;2026-05-25;0.04;0.06;-33.33;0;0;0;0;0;0;0;0;0;0;0;;;;;
2026-05-07;O_ALARKE0526P86.00;ALARK_05/2026_AVRUPA_OPSIYON;D_EQ;SSO;D_EQ_EPP;DE_ALARK_EPP;ALARK.E;2026-05-25;0.07;0.11;-36.36;0;0;0;0;0;0;0;0;0;0;0;;;;;
2026-05-07;O_ALARKE0526P88.00;ALARK_05/2026_AVRUPA_OPSIYON;D_EQ;SSO;D_EQ_EPP;DE_ALARK_EPP;ALARK.E;2026-05-25;0.14;0.18;-22.22;0;0;0;0;0;0;0;0;0;0;0;;;;;
2026-05-07;O_ALARKE0526P90.00;ALARK_05/2026_AVRUPA_OPSIYON;D_EQ;SSO;D_EQ_EPP;DE_ALARK_EPP;ALARK.E;2026-05-25;0.24;0.29;-17.24;0;0;0;0;0;0;0;0;0;0;0;;;;;
2026-05-07;O_ALARKE0526P92.00;ALARK_05/2026_AVRUPA_OPSIYON;D_EQ;SSO;D_EQ_EPP;DE_ALARK_EPP;ALARK.E;2026-05-25;0.4;0.46;-13.04;0;0;0;0;0;0;0;0;0;0;0;;;;;
2026-05-07;O_ALARKE0526P94.00;ALARK_05/2026_AVRUPA_OPSIYON;D_EQ;SSO;D_EQ_EPP;DE_ALARK_EPP;ALARK.E;2026-05-25;0.65;0.7;-7.14;0;0;0;0;0;0;0;0;0;154;0;;;;;
2026-05-07;O_ALARKE0526P96.00;ALARK_05/2026_AVRUPA_OPSIYON;D_EQ;SSO;D_EQ_EPP;DE_ALARK_EPP;ALARK.E;2026-05-25;1.02;1.04;-1.92;0;0;0;0;0;0;0;0;0;0;0;;;;;
2026-05-07;O_ALARKE0526P98.00;ALARK_05/2026_AVRUPA_OPSIYON;D_EQ;SSO;D_EQ_EPP;DE_ALARK_EPP;ALARK.E;2026-05-25;1.56;1.57;-0.64;1.31;1.31;1.34;1.32;1.33;490000;6650;50;5;356;50;;;;;
2026-05-07;O_ALARKE0626C100.00;ALARK_06/2026_AVRUPA_OPSIYON;D_EQ;SSO;D_EQ_ECP;DE_ALARK_ECP;ALARK.E;2026-06-30;8.44;9.12;-7.46;0;0;0;0;0;0;0;0;0;0;0;;;;;
2026-05-07;O_ALARKE0626C105.00;ALARK_06/2026_AVRUPA_OPSIYON;D_EQ;SSO;D_EQ_ECP;DE_ALARK_ECP;ALARK.E;2026-06-30;5.75;6.3;-8.73;0;0;0;0;0;0;0;0;0;0;0;;;;;
2026-05-07;O_ALARKE0626C110.00;ALARK_06/2026_AVRUPA_OPSIYON;D_EQ;SSO;D_EQ_ECP;DE_ALARK_ECP;ALARK.E;2026-06-30;3.8;4.18;-9.09;0;0;0;0;0;0;0;0;0;0;0;;;;;
2026-05-07;O_ALARKE0626C115.00;ALARK_06/2026_AVRUPA_OPSIYON;D_EQ;SSO;D_EQ_ECP;DE_ALARK_ECP;ALARK.E;2026-06-30;2.57;2.88;-10.76;0;0;0;0;0;0;0;0;0;0;0;;;;;
2026-05-07;O_ALARKE0626C120.00;ALARK_06/2026_AVRUPA_OPSIYON;D_EQ;SSO;D_EQ_ECP;DE_ALARK_ECP;ALARK.E;2026-06-30;1.74;1.94;-10.31;0;0;0;0;0;0;0;0;0;236;0;;;;;
2026-05-07;O_ALARKE0626C125.00;ALARK_06/2026_AVRUPA_OPSIYON;D_EQ;SSO;D_EQ_ECP;DE_ALARK_ECP;ALARK.E;2026-06-30;1.19;1.31;-9.16;0;0;0;0;0;0;0;0;0;0;0;;;;;
2026-05-07;O_ALARKE0626C130.00;ALARK_06/2026_AVRUPA_OPSIYON;D_EQ;SSO;D_EQ_ECP;DE_ALARK_ECP;ALARK.E;2026-06-30;0.83;0.89;-6.74;0;0;0;0;0;0;0;0;0;0;0;;;;;
2026-05-07;O_ALARKE0626C135.00;ALARK_06/2026_AVRUPA_OPSIYON;D_EQ;SSO;D_EQ_ECP;DE_ALARK_ECP;ALARK.E;2026-06-30;0.59;0.61;-3.28;0;0;0;0;0;0;0;0;0;0;0;;;;;
2026-05-07;O_ALARKE0626C94.00;ALARK_06/2026_AVRUPA_OPSIYON;D_EQ;SSO;D_EQ_ECP;DE_ALARK_ECP;ALARK.E;2026-06-30;12.64;13.39;-5.6;0;0;0;0;0;0;0;0;0;0;0;;;;;
2026-05-07;O_ALARKE0626C96.00;ALARK_06/2026_AVRUPA_OPSIYON;D_EQ;SSO;D_EQ_ECP;DE_ALARK_ECP;ALARK.E;2026-06-30;11.15;11.88;-6.14;0;0;0;0;0;0;0;0;0;0;0;;;;;
2026-05-07;O_ALARKE0626C98.00;ALARK_06/2026_AVRUPA_OPSIYON;D_EQ;SSO;D_EQ_ECP;DE_ALARK_ECP;ALARK.E;2026-06-30;9.74;10.43;-6.62;0;0;0;0;0;0;0;0;0;0;0;;;;;
2026-05-07;O_ALARKE0626P100.00;ALARK_06/2026_AVRUPA_OPSIYON;D_EQ;SSO;D_EQ_EPP;DE_ALARK_EPP;ALARK.E;2026-06-30;3.03;3.25;-6.77;0;0;0;0;0;0;0;0;0;0;0;;;;;
2026-05-07;O_ALARKE0626P105.00;ALARK_06/2026_AVRUPA_OPSIYON;D_EQ;SSO;D_EQ_EPP;DE_ALARK_EPP;ALARK.E;2026-06-30;5.06;5.16;-1.94;0;0;0;0;0;0;0;0;0;0;0;;;;;
2026-05-07;O_ALARKE0626P110.00;ALARK_06/2026_AVRUPA_OPSIYON;D_EQ;SSO;D_EQ_EPP;DE_ALARK_EPP;ALARK.E;2026-06-30;7.84;7.75;1.16;0;0;0;0;0;0;0;0;0;0;0;;;;;
2026-05-07;O_ALARKE0626P84.00;ALARK_06/2026_AVRUPA_OPSIYON;D_EQ;SSO;D_EQ_EPP;DE_ALARK_EPP;ALARK.E;2026-06-30;0.41;0.69;-40.58;0;0;0;0;0;0;0;0;0;0;0;;;;;
2026-05-07;O_ALARKE0626P86.00;ALARK_06/2026_AVRUPA_OPSIYON;D_EQ;SSO;D_EQ_EPP;DE_ALARK_EPP;ALARK.E;2026-06-30;0.55;0.85;-35.29;0;0;0;0;0;0;0;0;0;0;0;;;;;
2026-05-07;O_ALARKE0626P88.00;ALARK_06/2026_AVRUPA_OPSIYON;D_EQ;SSO;D_EQ_EPP;DE_ALARK_EPP;ALARK.E;2026-06-30;0.72;1.04;-30.77;0;0;0;0;0;0;0;0;0;0;0;;;;;
2026-05-07;O_ALARKE0626P90.00;ALARK_06/2026_AVRUPA_OPSIYON;D_EQ;SSO;D_EQ_EPP;DE_ALARK_EPP;ALARK.E;2026-06-30;0.95;1.27;-25.2;0;0;0;0;0;0;0;0;0;0;0;;;;;
2026-05-07;O_ALARKE0626P92.00;ALARK_06/2026_AVRUPA_OPSIYON;D_EQ;SSO;D_EQ_EPP;DE_ALARK_EPP;ALARK.E;2026-06-30;1.22;1.54;-20.78;0;0;0;0;0;0;0;0;0;0;0;;;;;
2026-05-07;O_ALARKE0626P94.00;ALARK_06/2026_AVRUPA_OPSIYON;D_EQ;SSO;D_EQ_EPP;DE_ALARK_EPP;ALARK.E;2026-06-30;1.55;1.86;-16.67;0;0;0;0;0;0;0;0;0;0;0;;;;;
2026-05-07;O_ALARKE0626P96.00;ALARK_06/2026_AVRUPA_OPSIYON;D_EQ;SSO;D_EQ_EPP;DE_ALARK_EPP;ALARK.E;2026-06-30;1.95;2.24;-12.95;0;0;0;0;0;0;0;0;0;0;0;;;;;
2026-05-07;O_ALARKE0626P98.00;ALARK_06/2026_AVRUPA_OPSIYON;D_EQ;SSO;D_EQ_EPP;DE_ALARK_EPP;ALARK.E;2026-06-30;2.43;2.68;-9.33;0;0;0;0;0;0;0;0;0;0;0;;;;;
2026-05-07;O_ALARKE0726C100.00;ALARK_07/2026_AVRUPA_OPSIYON;D_EQ;SSO;D_EQ_ECP;DE_ALARK_ECP;ALARK.E;2026-07-31;12.83;13.89;-7.63;0;0;0;0;0;0;0;0;0;0;0;;;;;
2026-05-07;O_ALARKE0726C105.00;ALARK_07/2026_AVRUPA_OPSIYON;D_EQ;SSO;D_EQ_ECP;DE_ALARK_ECP;ALARK.E;2026-07-31;9.8;10.69;-8.33;0;0;0;0;0;0;0;0;0;0;0;;;;;
2026-05-07;O_ALARKE0726C110.00;ALARK_07/2026_AVRUPA_OPSIYON;D_EQ;SSO;D_EQ_ECP;DE_ALARK_ECP;ALARK.E;2026-07-31;7.36;8.07;-8.8;0;0;0;0;0;0;0;0;0;0;0;;;;;
2026-05-07;O_ALARKE0726C115.00;ALARK_07/2026_AVRUPA_OPSIYON;D_EQ;SSO;D_EQ_ECP;DE_ALARK_ECP;ALARK.E;2026-07-31;5.56;6.05;-8.1;0;0;0;0;0;0;0;0;0;0;0;;;;;
2026-05-07;O_ALARKE0726C120.00;ALARK_07/2026_AVRUPA_OPSIYON;D_EQ;SSO;D_EQ_ECP;DE_ALARK_ECP;ALARK.E;2026-07-31;4.27;4.65;-8.17;0;0;0;0;0;0;0;0;0;0;0;;;;;
2026-05-07;O_ALARKE0726C125.00;ALARK_07/2026_AVRUPA_OPSIYON;D_EQ;SSO;D_EQ_ECP;DE_ALARK_ECP;ALARK.E;2026-07-31;3.31;3.57;-7.28;0;0;0;0;0;0;0;0;0;0;0;;;;;
2026-05-07;O_ALARKE0726C130.00;ALARK_07/2026_AVRUPA_OPSIYON;D_EQ;SSO;D_EQ_ECP;DE_ALARK_ECP;ALARK.E;2026-07-31;2.59;2.76;-6.16;0;0;0;0;0;0;0;0;0;0;0;;;;;
2026-05-07;O_ALARKE0726C135.00;ALARK_07/2026_AVRUPA_OPSIYON;D_EQ;SSO;D_EQ_ECP;DE_ALARK_ECP;ALARK.E;2026-07-31;2.05;2.15;-4.65;0;0;0;0;0;0;0;0;0;0;0;;;;;
2026-05-07;O_ALARKE0726C140.00;ALARK_07/2026_AVRUPA_OPSIYON;D_EQ;SSO;D_EQ_ECP;DE_ALARK_ECP;ALARK.E;2026-07-31;1.65;;0;0;0;0;0;0;0;0;0;0;0;0;;;;;
2026-05-07;O_ALARKE0726C98.00;ALARK_07/2026_AVRUPA_OPSIYON;D_EQ;SSO;D_EQ_ECP;DE_ALARK_ECP;ALARK.E;2026-07-31;14.2;15.29;-7.13;0;0;0;0;0;0;0;0;0;0;0;;;;;
2026-05-07;O_ALARKE0726P100.00;ALARK_07/2026_AVRUPA_OPSIYON;D_EQ;SSO;D_EQ_EPP;DE_ALARK_EPP;ALARK.E;2026-07-31;2.72;3.32;-18.07;0;0;0;0;0;0;0;0;0;0;0;;;;;
2026-05-07;O_ALARKE0726P105.00;ALARK_07/2026_AVRUPA_OPSIYON;D_EQ;SSO;D_EQ_EPP;DE_ALARK_EPP;ALARK.E;2026-07-31;4.18;4.6;-9.13;0;0;0;0;0;0;0;0;0;0;0;;;;;
2026-05-07;O_ALARKE0726P110.00;ALARK_07/2026_AVRUPA_OPSIYON;D_EQ;SSO;D_EQ_EPP;DE_ALARK_EPP;ALARK.E;2026-07-31;6.23;6.47;-3.71;0;0;0;0;0;0;0;0;0;0;0;;;;;
2026-05-07;O_ALARKE0726P115.00;ALARK_07/2026_AVRUPA_OPSIYON;D_EQ;SSO;D_EQ_EPP;DE_ALARK_EPP;ALARK.E;2026-07-31;8.92;;0;0;0;0;0;0;0;0;0;0;0;0;;;;;
2026-05-07;O_ALARKE0726P88.00;ALARK_07/2026_AVRUPA_OPSIYON;D_EQ;SSO;D_EQ_EPP;DE_ALARK_EPP;ALARK.E;2026-07-31;0.9;1.49;-39.6;0;0;0;0;0;0;0;0;0;0;0;;;;;
2026-05-07;O_ALARKE0726P90.00;ALARK_07/2026_AVRUPA_OPSIYON;D_EQ;SSO;D_EQ_EPP;DE_ALARK_EPP;ALARK.E;2026-07-31;1.1;1.72;-36.05;0;0;0;0;0;0;0;0;0;0;0;;;;;
2026-05-07;O_ALARKE0726P92.00;ALARK_07/2026_AVRUPA_OPSIYON;D_EQ;SSO;D_EQ_EPP;DE_ALARK_EPP;ALARK.E;2026-07-31;1.33;1.97;-32.49;0;0;0;0;0;0;0;0;0;0;0;;;;;
2026-05-07;O_ALARKE0726P94.00;ALARK_07/2026_AVRUPA_OPSIYON;D_EQ;SSO;D_EQ_EPP;DE_ALARK_EPP;ALARK.E;2026-07-31;1.61;2.25;-28.44;0;0;0;0;0;0;0;0;0;0;0;;;;;
2026-05-07;O_ALARKE0726P96.00;ALARK_07/2026_AVRUPA_OPSIYON;D_EQ;SSO;D_EQ_EPP;DE_ALARK_EPP;ALARK.E;2026-07-31;1.93;2.57;-24.9;0;0;0;0;0;0;0;0;0;0;0;;;;;
2026-05-07;O_ALARKE0726P98.00;ALARK_07/2026_AVRUPA_OPSIYON;D_EQ;SSO;D_EQ_EPP;DE_ALARK_EPP;ALARK.E;2026-07-31;2.3;2.92;-21.23;0;0;0;0;0;0;0;0;0;0;0;;;;;
2026-05-07;O_ARCLKE0526C105.00;ARCLK_05/2026_AVRUPA_OPSIYON;D_EQ;SSO;D_EQ_ECP;DE_ARCLK_ECP;ARCLK.E;2026-05-25;12.36;11.33;9.09;0;0;0;0;0;0;0;0;0;0;0;;;;;
2026-05-07;O_ARCLKE0526C110.00;ARCLK_05/2026_AVRUPA_OPSIYON;D_EQ;SSO;D_EQ_ECP;DE_ARCLK_ECP;ARCLK.E;2026-05-25;8.26;7.37;12.08;0;0;0;0;0;0;0;0;0;20;0;;;;;
2026-05-07;O_ARCLKE0526C115.00;ARCLK_05/2026_AVRUPA_OPSIYON;D_EQ;SSO;D_EQ_ECP;DE_ARCLK_ECP;ARCLK.E;2026-05-25;4.97;4.34;14.52;0;0;0;0;0;0;0;0;0;0;0;;;;;
2026-05-07;O_ARCLKE0526C120.00;ARCLK_05/2026_AVRUPA_OPSIYON;D_EQ;SSO;D_EQ_ECP;DE_ARCLK_ECP;ARCLK.E;2026-05-25;2.66;2.33;14.16;0;0;0;0;0;0;0;0;0;20;0;;;;;
2026-05-07;O_ARCLKE0526C125.00;ARCLK_05/2026_AVRUPA_OPSIYON;D_EQ;SSO;D_EQ_ECP;DE_ARCLK_ECP;ARCLK.E;2026-05-25;1.26;1.26;0;0;0;0;0;0;0;0;0;0;22;0;;;;;
2026-05-07;O_ARCLKE0526C130.00;ARCLK_05/2026_AVRUPA_OPSIYON;D_EQ;SSO;D_EQ_ECP;DE_ARCLK_ECP;ARCLK.E;2026-05-25;0.53;0.69;-23.19;0;0;0;0;0;0;0;0;0;5;0;;;;;
2026-05-07;O_ARCLKE0526C135.00;ARCLK_05/2026_AVRUPA_OPSIYON;D_EQ;SSO;D_EQ_ECP;DE_ARCLK_ECP;ARCLK.E;2026-05-25;0.19;0.39;-51.28;0;0;0;0;0;0;0;0;0;0;0;;;;;
2026-05-07;O_ARCLKE0526C140.00;ARCLK_05/2026_AVRUPA_OPSIYON;D_EQ;SSO;D_EQ_ECP;DE_ARCLK_ECP;ARCLK.E;2026-05-25;0.06;0.23;-73.91;0;0;0;0;0;0;0;0;0;0;0;;;;;
2026-05-07;O_ARCLKE0526C145.00;ARCLK_05/2026_AVRUPA_OPSIYON;D_EQ;SSO;D_EQ_ECP;DE_ARCLK_ECP;ARCLK.E;2026-05-25;0.02;0.14;-85.71;0;0;0;0;0;0;0;0;0;0;0;;;;;
2026-05-07;O_ARCLKE0526C150.00;ARCLK_05/2026_AVRUPA_OPSIYON;D_EQ;SSO;D_EQ_ECP;DE_ARCLK_ECP;ARCLK.E;2026-05-25;0.01;0.09;-88.89;0;0;0;0;0;0;0;0;0;0;0;;;;;
2026-05-07;O_ARCLKE0526C155.00;ARCLK_05/2026_AVRUPA_OPSIYON;D_EQ;SSO;D_EQ_ECP;DE_ARCLK_ECP;ARCLK.E;2026-05-25;0.01;0.06;-83.33;0;0;0;0;0;0;0;0;0;0;0;;;;;
2026-05-07;O_ARCLKE0526P100.00;ARCLK_05/2026_AVRUPA_OPSIYON;D_EQ;SSO;D_EQ_EPP;DE_ARCLK_EPP;ARCLK.E;2026-05-25;0.1;0.32;-68.75;0;0;0;0;0;0;0;0;0;0;0;;;;;
2026-05-07;O_ARCLKE0526P105.00;ARCLK_05/2026_AVRUPA_OPSIYON;D_EQ;SSO;D_EQ_EPP;DE_ARCLK_EPP;ARCLK.E;2026-05-25;0.41;0.78;-47.44;0;0;0;0;0;0;0;0;0;38;0;;;;;
2026-05-07;O_ARCLKE0526P110.00;ARCLK_05/2026_AVRUPA_OPSIYON;D_EQ;SSO;D_EQ_EPP;DE_ARCLK_EPP;ARCLK.E;2026-05-25;1.22;1.72;-29.07;0;0;0;0;0;0;0;0;0;14;0;;;;;
2026-05-07;O_ARCLKE0526P115.00;ARCLK_05/2026_AVRUPA_OPSIYON;D_EQ;SSO;D_EQ_EPP;DE_ARCLK_EPP;ARCLK.E;2026-05-25;2.84;3.58;-20.67;2.6;2.46;2.6;2.46;2.55;4496500;99592;391;5;391;391;;;;;
2026-05-07;O_ARCLKE0526P120.00;ARCLK_05/2026_AVRUPA_OPSIYON;D_EQ;SSO;D_EQ_EPP;DE_ARCLK_EPP;ARCLK.E;2026-05-25;5.43;6.48;-16.2;0;0;0;0;0;0;0;0;0;0;0;;;;;
2026-05-07;O_ARCLKE0526P125.00;ARCLK_05/2026_AVRUPA_OPSIYON;D_EQ;SSO;D_EQ_EPP;DE_ARCLK_EPP;ARCLK.E;2026-05-25;8.94;10.31;-13.29;0;0;0;0;0;0;0;0;0;0;0;;;;;
2026-05-07;O_ARCLKE0526P130.00;ARCLK_05/2026_AVRUPA_OPSIYON;D_EQ;SSO;D_EQ_EPP;DE_ARCLK_EPP;ARCLK.E;2026-05-25;13.11;14.65;-10.51;0;0;0;0;0;0;0;0;0;0;0;;;;;
2026-05-07;O_ARCLKE0526P92.00;ARCLK_05/2026_AVRUPA_OPSIYON;D_EQ;SSO;D_EQ_EPP;DE_ARCLK_EPP;ARCLK.E;2026-05-25;0.01;0.06;-83.33;0;0;0;0;0;0;0;0;0;0;0;;;;;
2026-05-07;O_ARCLKE0526P94.00;ARCLK_05/2026_AVRUPA_OPSIYON;D_EQ;SSO;D_EQ_EPP;DE_ARCLK_EPP;ARCLK.E;2026-05-25;0.01;0.1;-90;0;0;0;0;0;0;0;0;0;0;0;;;;;
2026-05-07;O_ARCLKE0526P96.00;ARCLK_05/2026_AVRUPA_OPSIYON;D_EQ;SSO;D_EQ_EPP;DE_ARCLK_EPP;ARCLK.E;2026-05-25;0.03;0.15;-80;0;0;0;0;0;0;0;0;0;6;0;;;;;
2026-05-07;O_ARCLKE0526P98.00;ARCLK_05/2026_AVRUPA_OPSIYON;D_EQ;SSO;D_EQ_EPP;DE_ARCLK_EPP;ARCLK.E;2026-05-25;0.05;0.22;-77.27;0;0;0;0;0;0;0;0;0;0;0;;;;;
2026-05-07;O_ARCLKE0626C110.00;ARCLK_06/2026_AVRUPA_OPSIYON;D_EQ;SSO;D_EQ_ECP;DE_ARCLK_ECP;ARCLK.E;2026-06-30;13.3;12.62;5.39;0;0;0;0;0;0;0;0;0;0;0;;;;;
2026-05-07;O_ARCLKE0626C115.00;ARCLK_06/2026_AVRUPA_OPSIYON;D_EQ;SSO;D_EQ_ECP;DE_ARCLK_ECP;ARCLK.E;2026-06-30;10.1;9.38;7.68;0;0;0;0;0;0;0;0;0;0;0;;;;;
2026-05-07;O_ARCLKE0626C120.00;ARCLK_06/2026_AVRUPA_OPSIYON;D_EQ;SSO;D_EQ_ECP;DE_ARCLK_ECP;ARCLK.E;2026-06-30;7.42;6.84;8.48;0;0;0;0;0;0;0;0;0;0;0;;;;;
2026-05-07;O_ARCLKE0626C125.00;ARCLK_06/2026_AVRUPA_OPSIYON;D_EQ;SSO;D_EQ_ECP;DE_ARCLK_ECP;ARCLK.E;2026-06-30;5.28;4.97;6.24;0;0;0;0;0;0;0;0;0;0;0;;;;;
2026-05-07;O_ARCLKE0626C130.00;ARCLK_06/2026_AVRUPA_OPSIYON;D_EQ;SSO;D_EQ_ECP;DE_ARCLK_ECP;ARCLK.E;2026-06-30;3.64;3.82;-4.71;0;0;0;0;0;0;0;0;0;0;0;;;;;
2026-05-07;O_ARCLKE0626C135.00;ARCLK_06/2026_AVRUPA_OPSIYON;D_EQ;SSO;D_EQ_ECP;DE_ARCLK_ECP;ARCLK.E;2026-06-30;2.44;2.99;-18.39;0;0;0;0;0;0;0;0;0;0;0;;;;;
2026-05-07;O_ARCLKE0626C140.00;ARCLK_06/2026_AVRUPA_OPSIYON;D_EQ;SSO;D_EQ_ECP;DE_ARCLK_ECP;ARCLK.E;2026-06-30;1.58;2.39;-33.89;0;0;0;0;0;0;0;0;0;0;0;;;;;
2026-05-07;O_ARCLKE0626C145.00;ARCLK_06/2026_AVRUPA_OPSIYON;D_EQ;SSO;D_EQ_ECP;DE_ARCLK_ECP;ARCLK.E;2026-06-30;1;1.95;-48.72;0;0;0;0;0;0;0;0;0;0;0;;;;;
2026-05-07;O_ARCLKE0626C150.00;ARCLK_06/2026_AVRUPA_OPSIYON;D_EQ;SSO;D_EQ_ECP;DE_ARCLK_ECP;ARCLK.E;2026-06-30;0.62;1.63;-61.96;0;0;0;0;0;0;0;0;0;0;0;;;;;
2026-05-07;O_ARCLKE0626C155.00;ARCLK_06/2026_AVRUPA_OPSIYON;D_EQ;SSO;D_EQ_ECP;DE_ARCLK_ECP;ARCLK.E;2026-06-30;0.37;1.38;-73.19;0;0;0;0;0;0;0;0;0;0;0;;;;;
2026-05-07;O_ARCLKE0626C160.00;ARCLK_06/2026_AVRUPA_OPSIYON;D_EQ;SSO;D_EQ_ECP;DE_ARCLK_ECP;ARCLK.E;2026-06-30;0.22;1.2;-81.67;0;0;0;0;0;0;0;0;0;0;0;;;;;
2026-05-07;O_ARCLKE0626P100.00;ARCLK_06/2026_AVRUPA_OPSIYON;D_EQ;SSO;D_EQ_EPP;DE_ARCLK_EPP;ARCLK.E;2026-06-30;0.62;1.34;-53.73;0;0;0;0;0;0;0;0;0;0;0;;;;;
2026-05-07;O_ARCLKE0626P105.00;ARCLK_06/2026_AVRUPA_OPSIYON;D_EQ;SSO;D_EQ_EPP;DE_ARCLK_EPP;ARCLK.E;2026-06-30;1.26;2.02;-37.62;0;0;0;0;0;0;0;0;0;0;0;;;;;
2026-05-07;O_ARCLKE0626P110.00;ARCLK_06/2026_AVRUPA_OPSIYON;D_EQ;SSO;D_EQ_EPP;DE_ARCLK_EPP;ARCLK.E;2026-06-30;2.29;2.99;-23.41;0;0;0;0;0;0;0;0;0;0;0;;;;;
2026-05-07;O_ARCLKE0626P115.00;ARCLK_06/2026_AVRUPA_OPSIYON;D_EQ;SSO;D_EQ_EPP;DE_ARCLK_EPP;ARCLK.E;2026-06-30;3.81;4.48;-14.96;0;0;0;0;0;0;0;0;0;260;0;;;;;
2026-05-07;O_ARCLKE0626P120.00;ARCLK_06/2026_AVRUPA_OPSIYON;D_EQ;SSO;D_EQ_EPP;DE_ARCLK_EPP;ARCLK.E;2026-06-30;5.86;6.66;-12.01;0;0;0;0;0;0;0;0;0;0;0;;;;;
2026-05-07;O_ARCLKE0626P125.00;ARCLK_06/2026_AVRUPA_OPSIYON;D_EQ;SSO;D_EQ_EPP;DE_ARCLK_EPP;ARCLK.E;2026-06-30;8.45;9.51;-11.15;0;0;0;0;0;0;0;0;0;0;0;;;;;
2026-05-07;O_ARCLKE0626P130.00;ARCLK_06/2026_AVRUPA_OPSIYON;D_EQ;SSO;D_EQ_EPP;DE_ARCLK_EPP;ARCLK.E;2026-06-30;11.54;13.09;-11.84;0;0;0;0;0;0;0;0;0;0;0;;;;;
2026-05-07;O_ARCLKE0626P135.00;ARCLK_06/2026_AVRUPA_OPSIYON;D_EQ;SSO;D_EQ_EPP;DE_ARCLK_EPP;ARCLK.E;2026-06-30;15.06;16.98;-11.31;0;0;0;0;0;0;0;0;0;0;0;;;;;
2026-05-07;O_ARCLKE0626P94.00;ARCLK_06/2026_AVRUPA_OPSIYON;D_EQ;SSO;D_EQ_EPP;DE_ARCLK_EPP;ARCLK.E;2026-06-30;0.22;0.79;-72.15;0;0;0;0;0;0;0;0;0;0;0;;;;;
2026-05-07;O_ARCLKE0626P96.00;ARCLK_06/2026_AVRUPA_OPSIYON;D_EQ;SSO;D_EQ_EPP;DE_ARCLK_EPP;ARCLK.E;2026-06-30;0.32;0.94;-65.96;0;0;0;0;0;0;0;0;0;0;0;;;;;
2026-05-07;O_ARCLKE0626P98.00;ARCLK_06/2026_AVRUPA_OPSIYON;D_EQ;SSO;D_EQ_EPP;DE_ARCLK_EPP;ARCLK.E;2026-06-30;0.45;1.12;-59.82;0;0;0;0;0;0;0;0;0;0;0;;;;;
2026-05-07;O_ARCLKE0726C115.00;ARCLK_07/2026_AVRUPA_OPSIYON;D_EQ;SSO;D_EQ_ECP;DE_ARCLK_ECP;ARCLK.E;2026-07-31;15.09;14.35;5.16;0;0;0;0;0;0;0;0;0;0;0;;;;;
2026-05-07;O_ARCLKE0726C120.00;ARCLK_07/2026_AVRUPA_OPSIYON;D_EQ;SSO;D_EQ_ECP;DE_ARCLK_ECP;ARCLK.E;2026-07-31;12.18;11.46;6.28;0;0;0;0;0;0;0;0;0;0;0;;;;;
2026-05-07;O_ARCLKE0726C125.00;ARCLK_07/2026_AVRUPA_OPSIYON;D_EQ;SSO;D_EQ_ECP;DE_ARCLK_ECP;ARCLK.E;2026-07-31;9.67;9.12;6.03;0;0;0;0;0;0;0;0;0;0;0;;;;;
2026-05-07;O_ARCLKE0726C130.00;ARCLK_07/2026_AVRUPA_OPSIYON;D_EQ;SSO;D_EQ_ECP;DE_ARCLK_ECP;ARCLK.E;2026-07-31;7.54;7.41;1.75;0;0;0;0;0;0;0;0;0;0;0;;;;;
2026-05-07;O_ARCLKE0726C135.00;ARCLK_07/2026_AVRUPA_OPSIYON;D_EQ;SSO;D_EQ_ECP;DE_ARCLK_ECP;ARCLK.E;2026-07-31;5.79;6.24;-7.21;0;0;0;0;0;0;0;0;0;0;0;;;;;
2026-05-07;O_ARCLKE0726C140.00;ARCLK_07/2026_AVRUPA_OPSIYON;D_EQ;SSO;D_EQ_ECP;DE_ARCLK_ECP;ARCLK.E;2026-07-31;4.38;5.33;-17.82;0;0;0;0;0;0;0;0;0;0;0;;;;;
2026-05-07;O_ARCLKE0726C145.00;ARCLK_07/2026_AVRUPA_OPSIYON;D_EQ;SSO;D_EQ_ECP;DE_ARCLK_ECP;ARCLK.E;2026-07-31;3.26;4.63;-29.59;0;0;0;0;0;0;0;0;0;0;0;;;;;
2026-05-07;O_ARCLKE0726C150.00;ARCLK_07/2026_AVRUPA_OPSIYON;D_EQ;SSO;D_EQ_ECP;DE_ARCLK_ECP;ARCLK.E;2026-07-31;2.4;4.08;-41.18;0;0;0;0;0;0;0;0;0;0;0;;;;;
2026-05-07;O_ARCLKE0726C155.00;ARCLK_07/2026_AVRUPA_OPSIYON;D_EQ;SSO;D_EQ_ECP;DE_ARCLK_ECP;ARCLK.E;2026-07-31;1.74;;0;0;0;0;0;0;0;0;0;0;0;0;;;;;
2026-05-07;O_ARCLKE0726P100.00;ARCLK_07/2026_AVRUPA_OPSIYON;D_EQ;SSO;D_EQ_EPP;DE_ARCLK_EPP;ARCLK.E;2026-07-31;0.75;1.68;-55.36;0;0;0;0;0;0;0;0;0;0;0;;;;;
2026-05-07;O_ARCLKE0726P105.00;ARCLK_07/2026_AVRUPA_OPSIYON;D_EQ;SSO;D_EQ_EPP;DE_ARCLK_EPP;ARCLK.E;2026-07-31;1.33;2.28;-41.67;0;0;0;0;0;0;0;0;0;0;0;;;;;
2026-05-07;O_ARCLKE0726P110.00;ARCLK_07/2026_AVRUPA_OPSIYON;D_EQ;SSO;D_EQ_EPP;DE_ARCLK_EPP;ARCLK.E;2026-07-31;2.2;3.05;-27.87;0;0;0;0;0;0;0;0;0;0;0;;;;;
2026-05-07;O_ARCLKE0726P115.00;ARCLK_07/2026_AVRUPA_OPSIYON;D_EQ;SSO;D_EQ_EPP;DE_ARCLK_EPP;ARCLK.E;2026-07-31;3.41;4.04;-15.59;0;0;0;0;0;0;0;0;0;0;0;;;;;
2026-05-07;O_ARCLKE0726P120.00;ARCLK_07/2026_AVRUPA_OPSIYON;D_EQ;SSO;D_EQ_EPP;DE_ARCLK_EPP;ARCLK.E;2026-07-31;4.99;5.64;-11.52;0;0;0;0;0;0;0;0;0;0;0;;;;;
2026-05-07;O_ARCLKE0726P125.00;ARCLK_07/2026_AVRUPA_OPSIYON;D_EQ;SSO;D_EQ_EPP;DE_ARCLK_EPP;ARCLK.E;2026-07-31;6.97;7.78;-10.41;0;0;0;0;0;0;0;0;0;0;0;;;;;
2026-05-07;O_ARCLKE0726P130.00;ARCLK_07/2026_AVRUPA_OPSIYON;D_EQ;SSO;D_EQ_EPP;DE_ARCLK_EPP;ARCLK.E;2026-07-31;9.34;;0;0;0;0;0;0;0;0;0;0;0;0;;;;;
2026-05-07;O_ARCLKE0726P96.00;ARCLK_07/2026_AVRUPA_OPSIYON;D_EQ;SSO;D_EQ_EPP;DE_ARCLK_EPP;ARCLK.E;2026-07-31;0.44;1.3;-66.15;0;0;0;0;0;0;0;0;0;0;0;;;;;
2026-05-07;O_ARCLKE0726P98.00;ARCLK_07/2026_AVRUPA_OPSIYON;D_EQ;SSO;D_EQ_EPP;DE_ARCLK_EPP;ARCLK.E;2026-07-31;0.58;1.48;-60.81;0;0;0;0;0;0;0;0;0;0;0;;;;;
2026-05-07;O_ASELSE0526C330.00;ASELS_05/2026_AVRUPA_OPSIYON;D_EQ;SSO;D_EQ_ECP;DE_ASELS_ECP;ASELS.E;2026-05-25;101.66;112.23;-9.42;0;0;0;0;0;0;0;0;0;0;0;;;;;
2026-05-07;O_ASELSE0526C340.00;ASELS_05/2026_AVRUPA_OPSIYON;D_EQ;SSO;D_EQ_ECP;DE_ASELS_ECP;ASELS.E;2026-05-25;91.89;102.45;-10.31;0;0;0;0;0;0;0;0;0;0;0;;;;;
2026-05-07;O_ASELSE0526C350.00;ASELS_05/2026_AVRUPA_OPSIYON;D_EQ;SSO;D_EQ_ECP;DE_ASELS_ECP;ASELS.E;2026-05-25;82.17;92.69;-11.35;0;0;0;0;0;0;0;0;0;10;0;;;;;
2026-05-07;O_ASELSE0526C360.00;ASELS_05/2026_AVRUPA_OPSIYON;D_EQ;SSO;D_EQ_ECP;DE_ASELS_ECP;ASELS.E;2026-05-25;72.54;82.99;-12.59;0;0;0;0;0;0;0;0;0;30;0;;;;;
2026-05-07;O_ASELSE0526C370.00;ASELS_05/2026_AVRUPA_OPSIYON;D_EQ;SSO;D_EQ_ECP;DE_ASELS_ECP;ASELS.E;2026-05-25;63.06;73.37;-14.05;0;0;0;0;0;0;0;0;0;30;0;;;;;
2026-05-07;O_ASELSE0526C380.00;ASELS_05/2026_AVRUPA_OPSIYON;D_EQ;SSO;D_EQ_ECP;DE_ASELS_ECP;ASELS.E;2026-05-25;53.83;63.92;-15.79;0;0;0;0;0;0;0;0;0;38;0;;;;;
2026-05-07;O_ASELSE0526C390.00;ASELS_05/2026_AVRUPA_OPSIYON;D_EQ;SSO;D_EQ_ECP;DE_ASELS_ECP;ASELS.E;2026-05-25;44.96;54.71;-17.82;0;0;0;0;0;0;0;0;0;106;0;;;;;
2026-05-07;O_ASELSE0526C400.00;ASELS_05/2026_AVRUPA_OPSIYON;D_EQ;SSO;D_EQ_ECP;DE_ASELS_ECP;ASELS.E;2026-05-25;36.6;45.87;-20.21;0;0;0;0;0;0;0;0;0;71;0;;;;;
2026-05-07;O_ASELSE0526C410.00;ASELS_05/2026_AVRUPA_OPSIYON;D_EQ;SSO;D_EQ_ECP;DE_ASELS_ECP;ASELS.E;2026-05-25;28.93;37.54;-22.94;0;0;0;0;0;0;0;0;0;136;0;;;;;
2026-05-07;O_ASELSE0526C420.00;ASELS_05/2026_AVRUPA_OPSIYON;D_EQ;SSO;D_EQ_ECP;DE_ASELS_ECP;ASELS.E;2026-05-25;22.11;29.98;-26.25;0;0;0;0;0;0;0;0;0;765;0;;;;;
2026-05-07;O_ASELSE0526C430.00;ASELS_05/2026_AVRUPA_OPSIYON;D_EQ;SSO;D_EQ_ECP;DE_ASELS_ECP;ASELS.E;2026-05-25;16.43;23.31;-29.52;11.6;11.1;11.6;11.1;11.35;172000;4540;4;2;511;4;;;;;
2026-05-07;O_ASELSE0526C440.00;ASELS_05/2026_AVRUPA_OPSIYON;D_EQ;SSO;D_EQ_ECP;DE_ASELS_ECP;ASELS.E;2026-05-25;11.79;17.64;-33.16;9.15;8.4;9.15;8.4;8.65;2640000;51900;60;6;425;0;;;;;
2026-05-07;O_ASELSE0526C450.00;ASELS_05/2026_AVRUPA_OPSIYON;D_EQ;SSO;D_EQ_ECP;DE_ASELS_ECP;ASELS.E;2026-05-25;8.24;13;-36.62;5.53;5.53;5.53;5.53;5.53;450000;5530;10;1;253;-10;;;;;
2026-05-07;O_ASELSE0526C460.00;ASELS_05/2026_AVRUPA_OPSIYON;D_EQ;SSO;D_EQ_ECP;DE_ASELS_ECP;ASELS.E;2026-05-25;5.59;9.39;-40.47;0;0;0;0;0;0;0;0;0;520;0;;;;;
2026-05-07;O_ASELSE0526C470.00;ASELS_05/2026_AVRUPA_OPSIYON;D_EQ;SSO;D_EQ_ECP;DE_ASELS_ECP;ASELS.E;2026-05-25;3.77;6.71;-43.82;0;0;0;0;0;0;0;0;0;383;0;;;;;
2026-05-07;O_ASELSE0526C480.00;ASELS_05/2026_AVRUPA_OPSIYON;D_EQ;SSO;D_EQ_ECP;DE_ASELS_ECP;ASELS.E;2026-05-25;2.53;4.72;-46.4;0;0;0;0;0;0;0;0;0;272;0;;;;;
2026-05-07;O_ASELSE0526C490.00;ASELS_05/2026_AVRUPA_OPSIYON;D_EQ;SSO;D_EQ_ECP;DE_ASELS_ECP;ASELS.E;2026-05-25;1.68;3.27;-48.62;0;0;0;0;0;0;0;0;0;0;0;;;;;
2026-05-07;O_ASELSE0526C500.00;ASELS_05/2026_AVRUPA_OPSIYON;D_EQ;SSO;D_EQ_ECP;DE_ASELS_ECP;ASELS.E;2026-05-25;1.11;2.24;-50.45;0;0;0;0;0;0;0;0;0;0;0;;;;;
2026-05-07;O_ASELSE0526P280.00;ASELS_05/2026_AVRUPA_OPSIYON;D_EQ;SSO;D_EQ_EPP;DE_ASELS_EPP;ASELS.E;2026-05-25;0.01;0.01;0;0;0;0;0;0;0;0;0;0;0;0;;;;;
2026-05-07;O_ASELSE0526P290.00;ASELS_05/2026_AVRUPA_OPSIYON;D_EQ;SSO;D_EQ_EPP;DE_ASELS_EPP;ASELS.E;2026-05-25;0.01;0.01;0;0;0;0;0;0;0;0;0;0;0;0;;;;;
2026-05-07;O_ASELSE0526P300.00;ASELS_05/2026_AVRUPA_OPSIYON;D_EQ;SSO;D_EQ_EPP;DE_ASELS_EPP;ASELS.E;2026-05-25;0.01;0.01;0;0;0;0;0;0;0;0;0;0;0;0;;;;;
2026-05-07;O_ASELSE0526P310.00;ASELS_05/2026_AVRUPA_OPSIYON;D_EQ;SSO;D_EQ_EPP;DE_ASELS_EPP;ASELS.E;2026-05-25;0.01;0.01;0;0;0;0;0;0;0;0;0;0;0;0;;;;;
2026-05-07;O_ASELSE0526P320.00;ASELS_05/2026_AVRUPA_OPSIYON;D_EQ;SSO;D_EQ_EPP;DE_ASELS_EPP;ASELS.E;2026-05-25;0.01;0.01;0;0;0;0;0;0;0;0;0;0;0;0;;;;;
2026-05-07;O_ASELSE0526P330.00;ASELS_05/2026_AVRUPA_OPSIYON;D_EQ;SSO;D_EQ_EPP;DE_ASELS_EPP;ASELS.E;2026-05-25;0.03;0.01;200;0;0;0;0;0;0;0;0;0;0;0;;;;;
2026-05-07;O_ASELSE0526P340.00;ASELS_05/2026_AVRUPA_OPSIYON;D_EQ;SSO;D_EQ_EPP;DE_ASELS_EPP;ASELS.E;2026-05-25;0.08;0.04;100;0;0;0;0;0;0;0;0;0;86;0;;;;;
2026-05-07;O_ASELSE0526P350.00;ASELS_05/2026_AVRUPA_OPSIYON;D_EQ;SSO;D_EQ_EPP;DE_ASELS_EPP;ASELS.E;2026-05-25;0.17;0.08;112.5;0;0;0;0;0;0;0;0;0;39;0;;;;;
2026-05-07;O_ASELSE0526P360.00;ASELS_05/2026_AVRUPA_OPSIYON;D_EQ;SSO;D_EQ_EPP;DE_ASELS_EPP;ASELS.E;2026-05-25;0.36;0.18;100;0;0;0;0;0;0;0;0;0;15;0;;;;;
2026-05-07;O_ASELSE0526P370.00;ASELS_05/2026_AVRUPA_OPSIYON;D_EQ;SSO;D_EQ_EPP;DE_ASELS_EPP;ASELS.E;2026-05-25;0.69;0.38;81.58;0;0;0;0;0;0;0;0;0;38;0;;;;;
2026-05-07;O_ASELSE0526P380.00;ASELS_05/2026_AVRUPA_OPSIYON;D_EQ;SSO;D_EQ_EPP;DE_ASELS_EPP;ASELS.E;2026-05-25;1.27;0.72;76.39;0;0;0;0;0;0;0;0;0;0;0;;;;;
2026-05-07;O_ASELSE0526P390.00;ASELS_05/2026_AVRUPA_OPSIYON;D_EQ;SSO;D_EQ_EPP;DE_ASELS_EPP;ASELS.E;2026-05-25;2.22;1.32;68.18;0;0;0;0;0;0;0;0;0;122;0;;;;;
2026-05-07;O_ASELSE0526P400.00;ASELS_05/2026_AVRUPA_OPSIYON;D_EQ;SSO;D_EQ_EPP;DE_ASELS_EPP;ASELS.E;2026-05-25;3.68;2.28;61.4;2.8;2.05;3;2.05;2.91;6080000;44161;152;9;713;136;;;;;
2026-05-07;O_ASELSE0526P410.00;ASELS_05/2026_AVRUPA_OPSIYON;D_EQ;SSO;D_EQ_EPP;DE_ASELS_EPP;ASELS.E;2026-05-25;5.81;3.76;54.52;0;0;0;0;0;0;0;0;0;298;0;;;;;
2026-05-07;O_ASELSE0526P420.00;ASELS_05/2026_AVRUPA_OPSIYON;D_EQ;SSO;D_EQ_EPP;DE_ASELS_EPP;ASELS.E;2026-05-25;8.81;6;46.83;7.64;7.49;7.65;7.5;7.57;4200000;75729;100;4;361;100;;;;;
2026-05-07;O_ASELSE0526P430.00;ASELS_05/2026_AVRUPA_OPSIYON;D_EQ;SSO;D_EQ_EPP;DE_ASELS_EPP;ASELS.E;2026-05-25;12.94;9.13;41.73;0;0;0;0;0;0;0;0;0;45;0;;;;;
2026-05-07;O_ASELSE0526P440.00;ASELS_05/2026_AVRUPA_OPSIYON;D_EQ;SSO;D_EQ_EPP;DE_ASELS_EPP;ASELS.E;2026-05-25;18.12;13.27;36.55;11.85;11.5;11.85;11.5;11.76;1760000;47050;40;4;224;40;;;;;
2026-05-07;O_ASELSE0526P450.00;ASELS_05/2026_AVRUPA_OPSIYON;D_EQ;SSO;D_EQ_EPP;DE_ASELS_EPP;ASELS.E;2026-05-25;24.39;18.44;32.27;0;0;0;0;0;0;0;0;0;107;0;;;;;
2026-05-07;O_ASELSE0626C340.00;ASELS_06/2026_AVRUPA_OPSIYON;D_EQ;SSO;D_EQ_ECP;DE_ASELS_ECP;ASELS.E;2026-06-30;105.48;115.56;-8.72;0;0;0;0;0;0;0;0;0;0;0;;;;;
2026-05-07;O_ASELSE0626C350.00;ASELS_06/2026_AVRUPA_OPSIYON;D_EQ;SSO;D_EQ_ECP;DE_ASELS_ECP;ASELS.E;2026-06-30;96.59;106.53;-9.33;0;0;0;0;0;0;0;0;0;0;0;;;;;
2026-05-07;O_ASELSE0626C360.00;ASELS_06/2026_AVRUPA_OPSIYON;D_EQ;SSO;D_EQ_ECP;DE_ASELS_ECP;ASELS.E;2026-06-30;87.89;97.63;-9.98;0;0;0;0;0;0;0;0;0;0;0;;;;;
2026-05-07;O_ASELSE0626C370.00;ASELS_06/2026_AVRUPA_OPSIYON;D_EQ;SSO;D_EQ_ECP;DE_ASELS_ECP;ASELS.E;2026-06-30;79.4;88.92;-10.71;0;0;0;0;0;0;0;0;0;0;0;;;;;
2026-05-07;O_ASELSE0626C380.00;ASELS_06/2026_AVRUPA_OPSIYON;D_EQ;SSO;D_EQ_ECP;DE_ASELS_ECP;ASELS.E;2026-06-30;71.18;80.42;-11.49;0;0;0;0;0;0;0;0;0;0;0;;;;;
2026-05-07;O_ASELSE0626C390.00;ASELS_06/2026_AVRUPA_OPSIYON;D_EQ;SSO;D_EQ_ECP;DE_ASELS_ECP;ASELS.E;2026-06-30;63.26;72.19;-12.37;0;0;0;0;0;0;0;0;0;0;0;;;;;
2026-05-07;O_ASELSE0626C400.00;ASELS_06/2026_AVRUPA_OPSIYON;D_EQ;SSO;D_EQ_ECP;DE_ASELS_ECP;ASELS.E;2026-06-30;55.7;64.27;-13.33;0;0;0;0;0;0;0;0;0;0;0;;;;;
2026-05-07;O_ASELSE0626C410.00;ASELS_06/2026_AVRUPA_OPSIYON;D_EQ;SSO;D_EQ_ECP;DE_ASELS_ECP;ASELS.E;2026-06-30;48.55;56.7;-14.37;0;0;0;0;0;0;0;0;0;0;0;;;;;
2026-05-07;O_ASELSE0626C420.00;ASELS_06/2026_AVRUPA_OPSIYON;D_EQ;SSO;D_EQ_ECP;DE_ASELS_ECP;ASELS.E;2026-06-30;41.84;49.54;-15.54;38.4;38.4;38.4;38.4;38.4;420000;38400;10;1;122;10;;;;;
2026-05-07;O_ASELSE0626C430.00;ASELS_06/2026_AVRUPA_OPSIYON;D_EQ;SSO;D_EQ_ECP;DE_ASELS_ECP;ASELS.E;2026-06-30;35.62;42.97;-17.1;33.4;33.15;33.4;33.15;33.25;215000;16625;5;2;10;5;;;;;
2026-05-07;O_ASELSE0626C440.00;ASELS_06/2026_AVRUPA_OPSIYON;D_EQ;SSO;D_EQ_ECP;DE_ASELS_ECP;ASELS.E;2026-06-30;30.22;37.02;-18.37;0;0;0;0;0;0;0;0;0;0;0;;;;;
2026-05-07;O_ASELSE0626C450.00;ASELS_06/2026_AVRUPA_OPSIYON;D_EQ;SSO;D_EQ_ECP;DE_ASELS_ECP;ASELS.E;2026-06-30;25.4;31.66;-19.77;0;0;0;0;0;0;0;0;0;40;0;;;;;
2026-05-07;O_ASELSE0626C460.00;ASELS_06/2026_AVRUPA_OPSIYON;D_EQ;SSO;D_EQ_ECP;DE_ASELS_ECP;ASELS.E;2026-06-30;21.25;26.94;-21.12;0;0;0;0;0;0;0;0;0;0;0;;;;;
2026-05-07;O_ASELSE0626C470.00;ASELS_06/2026_AVRUPA_OPSIYON;D_EQ;SSO;D_EQ_ECP;DE_ASELS_ECP;ASELS.E;2026-06-30;17.69;22.79;-22.38;0;0;0;0;0;0;0;0;0;0;0;;;;;
2026-05-07;O_ASELSE0626C480.00;ASELS_06/2026_AVRUPA_OPSIYON;D_EQ;SSO;D_EQ_ECP;DE_ASELS_ECP;ASELS.E;2026-06-30;14.75;19.42;-24.05;0;0;0;0;0;0;0;0;0;0;0;;;;;
2026-05-07;O_ASELSE0626C490.00;ASELS_06/2026_AVRUPA_OPSIYON;D_EQ;SSO;D_EQ_ECP;DE_ASELS_ECP;ASELS.E;2026-06-30;12.42;16.51;-24.77;0;0;0;0;0;0;0;0;0;0;0;;;;;
2026-05-07;O_ASELSE0626C500.00;ASELS_06/2026_AVRUPA_OPSIYON;D_EQ;SSO;D_EQ_ECP;DE_ASELS_ECP;ASELS.E;2026-06-30;10.46;14.01;-25.34;0;0;0;0;0;0;0;0;0;11;0;;;;;
2026-05-07;O_ASELSE0626C520.00;ASELS_06/2026_AVRUPA_OPSIYON;D_EQ;SSO;D_EQ_ECP;DE_ASELS_ECP;ASELS.E;2026-06-30;7.43;10.08;-26.29;0;0;0;0;0;0;0;0;0;1;0;;;;;
2026-05-07;O_ASELSE0626C540.00;ASELS_06/2026_AVRUPA_OPSIYON;D_EQ;SSO;D_EQ_ECP;DE_ASELS_ECP;ASELS.E;2026-06-30;5.32;7.25;-26.62;0;0;0;0;0;0;0;0;0;1;0;;;;;
2026-05-07;O_ASELSE0626P290.00;ASELS_06/2026_AVRUPA_OPSIYON;D_EQ;SSO;D_EQ_EPP;DE_ASELS_EPP;ASELS.E;2026-06-30;0.18;0.1;80;0;0;0;0;0;0;0;0;0;0;0;;;;;
2026-05-07;O_ASELSE0626P300.00;ASELS_06/2026_AVRUPA_OPSIYON;D_EQ;SSO;D_EQ_EPP;DE_ASELS_EPP;ASELS.E;2026-06-30;0.29;0.16;81.25;0;0;0;0;0;0;0;0;0;0;0;;;;;
2026-05-07;O_ASELSE0626P310.00;ASELS_06/2026_AVRUPA_OPSIYON;D_EQ;SSO;D_EQ_EPP;DE_ASELS_EPP;ASELS.E;2026-06-30;0.44;0.25;76;0;0;0;0;0;0;0;0;0;0;0;;;;;
2026-05-07;O_ASELSE0626P320.00;ASELS_06/2026_AVRUPA_OPSIYON;D_EQ;SSO;D_EQ_EPP;DE_ASELS_EPP;ASELS.E;2026-06-30;0.66;0.39;69.23;0;0;0;0;0;0;0;0;0;0;0;;;;;
2026-05-07;O_ASELSE0626P330.00;ASELS_06/2026_AVRUPA_OPSIYON;D_EQ;SSO;D_EQ_EPP;DE_ASELS_EPP;ASELS.E;2026-06-30;0.97;0.6;61.67;0;0;0;0;0;0;0;0;0;0;0;;;;;
2026-05-07;O_ASELSE0626P340.00;ASELS_06/2026_AVRUPA_OPSIYON;D_EQ;SSO;D_EQ_EPP;DE_ASELS_EPP;ASELS.E;2026-06-30;1.39;0.89;56.18;0;0;0;0;0;0;0;0;0;0;0;;;;;
2026-05-07;O_ASELSE0626P350.00;ASELS_06/2026_AVRUPA_OPSIYON;D_EQ;SSO;D_EQ_EPP;DE_ASELS_EPP;ASELS.E;2026-06-30;1.96;1.3;50.77;0;0;0;0;0;0;0;0;0;0;0;;;;;
2026-05-07;O_ASELSE0626P360.00;ASELS_06/2026_AVRUPA_OPSIYON;D_EQ;SSO;D_EQ_EPP;DE_ASELS_EPP;ASELS.E;2026-06-30;2.71;1.85;46.49;2.71;2.71;2.71;2.71;2.71;360000;2710;10;1;10;10;;;;;
2026-05-07;O_ASELSE0626P370.00;ASELS_06/2026_AVRUPA_OPSIYON;D_EQ;SSO;D_EQ_EPP;DE_ASELS_EPP;ASELS.E;2026-06-30;3.67;2.57;42.8;4.85;3.16;4.85;3.16;4.07;148000;1627;4;4;2;2;;;;;
2026-05-07;O_ASELSE0626P380.00;ASELS_06/2026_AVRUPA_OPSIYON;D_EQ;SSO;D_EQ_EPP;DE_ASELS_EPP;ASELS.E;2026-06-30;4.9;3.52;39.2;0;0;0;0;0;0;0;0;0;0;0;;;;;
2026-05-07;O_ASELSE0626P390.00;ASELS_06/2026_AVRUPA_OPSIYON;D_EQ;SSO;D_EQ_EPP;DE_ASELS_EPP;ASELS.E;2026-06-30;6.44;4.73;36.15;0;0;0;0;0;0;0;0;0;1;0;;;;;
2026-05-07;O_ASELSE0626P400.00;ASELS_06/2026_AVRUPA_OPSIYON;D_EQ;SSO;D_EQ_EPP;DE_ASELS_EPP;ASELS.E;2026-06-30;8.34;6.26;33.23;0;0;0;0;0;0;0;0;0;1;0;;;;;
2026-05-07;O_ASELSE0626P410.00;ASELS_06/2026_AVRUPA_OPSIYON;D_EQ;SSO;D_EQ_EPP;DE_ASELS_EPP;ASELS.E;2026-06-30;10.63;8.13;30.75;0;0;0;0;0;0;0;0;0;0;0;;;;;
2026-05-07;O_ASELSE0626P420.00;ASELS_06/2026_AVRUPA_OPSIYON;D_EQ;SSO;D_EQ_EPP;DE_ASELS_EPP;ASELS.E;2026-06-30;13.38;10.42;28.41;0;0;0;0;0;0;0;0;0;0;0;;;;;
2026-05-07;O_ASELSE0626P430.00;ASELS_06/2026_AVRUPA_OPSIYON;D_EQ;SSO;D_EQ_EPP;DE_ASELS_EPP;ASELS.E;2026-06-30;16.61;13.29;24.98;18.5;18.5;18.5;18.5;18.5;86000;3700;2;1;2;2;;;;;
2026-05-07;O_ASELSE0626P440.00;ASELS_06/2026_AVRUPA_OPSIYON;D_EQ;SSO;D_EQ_EPP;DE_ASELS_EPP;ASELS.E;2026-06-30;20.67;16.78;23.18;0;0;0;0;0;0;0;0;0;0;0;;;;;
2026-05-07;O_ASELSE0626P450.00;ASELS_06/2026_AVRUPA_OPSIYON;D_EQ;SSO;D_EQ_EPP;DE_ASELS_EPP;ASELS.E;2026-06-30;25.3;20.86;21.28;22.65;22.65;22.65;22.65;22.65;900000;45300;20;2;78;20;;;;;
2026-05-07;O_ASELSE0626P460.00;ASELS_06/2026_AVRUPA_OPSIYON;D_EQ;SSO;D_EQ_EPP;DE_ASELS_EPP;ASELS.E;2026-06-30;30.61;25.59;19.62;0;0;0;0;0;0;0;0;0;20;0;;;;;
2026-05-07;O_ASELSE0626P470.00;ASELS_06/2026_AVRUPA_OPSIYON;D_EQ;SSO;D_EQ_EPP;DE_ASELS_EPP;ASELS.E;2026-06-30;36.5;30.89;18.16;0;0;0;0;0;0;0;0;0;0;0;;;;;
2026-05-07;O_ASELSE0726C450.00;ASELS_07/2026_AVRUPA_OPSIYON;D_EQ;SSO;D_EQ_ECP;DE_ASELS_ECP;ASELS.E;2026-07-31;42.87;50.13;-14.48;0;0;0;0;0;0;0;0;0;0;0;;;;;
2026-05-07;O_ASELSE0726C460.00;ASELS_07/2026_AVRUPA_OPSIYON;D_EQ;SSO;D_EQ_ECP;DE_ASELS_ECP;ASELS.E;2026-07-31;37.85;44.71;-15.34;0;0;0;0;0;0;0;0;0;0;0;;;;;
2026-05-07;O_ASELSE0726C470.00;ASELS_07/2026_AVRUPA_OPSIYON;D_EQ;SSO;D_EQ_ECP;DE_ASELS_ECP;ASELS.E;2026-07-31;33.35;39.82;-16.25;0;0;0;0;0;0;0;0;0;0;0;;;;;
2026-05-07;O_ASELSE0726C480.00;ASELS_07/2026_AVRUPA_OPSIYON;D_EQ;SSO;D_EQ_ECP;DE_ASELS_ECP;ASELS.E;2026-07-31;29.35;35.34;-16.95;0;0;0;0;0;0;0;0;0;0;0;;;;;
2026-05-07;O_ASELSE0726C490.00;ASELS_07/2026_AVRUPA_OPSIYON;D_EQ;SSO;D_EQ_ECP;DE_ASELS_ECP;ASELS.E;2026-07-31;25.82;31.59;-18.27;0;0;0;0;0;0;0;0;0;0;0;;;;;
2026-05-07;O_ASELSE0726C500.00;ASELS_07/2026_AVRUPA_OPSIYON;D_EQ;SSO;D_EQ_ECP;DE_ASELS_ECP;ASELS.E;2026-07-31;22.97;28.23;-18.63;0;0;0;0;0;0;0;0;0;0;0;;;;;
2026-05-07;O_ASELSE0726C520.00;ASELS_07/2026_AVRUPA_OPSIYON;D_EQ;SSO;D_EQ_ECP;DE_ASELS_ECP;ASELS.E;2026-07-31;18.23;22.55;-19.16;0;0;0;0;0;0;0;0;0;0;0;;;;;
2026-05-07;O_ASELSE0726C540.00;ASELS_07/2026_AVRUPA_OPSIYON;D_EQ;SSO;D_EQ_ECP;DE_ASELS_ECP;ASELS.E;2026-07-31;14.55;18.05;-19.39;0;0;0;0;0;0;0;0;0;0;0;;;;;
2026-05-07;O_ASELSE0726C560.00;ASELS_07/2026_AVRUPA_OPSIYON;D_EQ;SSO;D_EQ_ECP;DE_ASELS_ECP;ASELS.E;2026-07-31;11.69;14.5;-19.38;0;0;0;0;0;0;0;0;0;0;0;;;;;
2026-05-07;O_ASELSE0726P400.00;ASELS_07/2026_AVRUPA_OPSIYON;D_EQ;SSO;D_EQ_EPP;DE_ASELS_EPP;ASELS.E;2026-07-31;8.8;6.82;29.03;0;0;0;0;0;0;0;0;0;0;0;;;;;
2026-05-07;O_ASELSE0726P410.00;ASELS_07/2026_AVRUPA_OPSIYON;D_EQ;SSO;D_EQ_EPP;DE_ASELS_EPP;ASELS.E;2026-07-31;10.68;8.41;26.99;0;0;0;0;0;0;0;0;0;0;0;;;;;
2026-05-07;O_ASELSE0726P420.00;ASELS_07/2026_AVRUPA_OPSIYON;D_EQ;SSO;D_EQ_EPP;DE_ASELS_EPP;ASELS.E;2026-07-31;12.84;10.27;25.02;0;0;0;0;0;0;0;0;0;0;0;;;;;
2026-05-07;O_ASELSE0726P430.00;ASELS_07/2026_AVRUPA_OPSIYON;D_EQ;SSO;D_EQ_EPP;DE_ASELS_EPP;ASELS.E;2026-07-31;15.33;12.41;23.53;0;0;0;0;0;0;0;0;0;0;0;;;;;
2026-05-07;O_ASELSE0726P440.00;ASELS_07/2026_AVRUPA_OPSIYON;D_EQ;SSO;D_EQ_EPP;DE_ASELS_EPP;ASELS.E;2026-07-31;18.16;15.03;20.83;0;0;0;0;0;0;0;0;0;0;0;;;;;
2026-05-07;O_ASELSE0726P450.00;ASELS_07/2026_AVRUPA_OPSIYON;D_EQ;SSO;D_EQ_EPP;DE_ASELS_EPP;ASELS.E;2026-07-31;21.66;18.15;19.34;0;0;0;0;0;0;0;0;0;0;0;;;;;
2026-05-07;O_ASELSE0726P460.00;ASELS_07/2026_AVRUPA_OPSIYON;D_EQ;SSO;D_EQ_EPP;DE_ASELS_EPP;ASELS.E;2026-07-31;25.63;21.71;18.06;0;0;0;0;0;0;0;0;0;0;0;;;;;
2026-05-07;O_ASELSE0726P470.00;ASELS_07/2026_AVRUPA_OPSIYON;D_EQ;SSO;D_EQ_EPP;DE_ASELS_EPP;ASELS.E;2026-07-31;30.1;25.8;16.67;0;0;0;0;0;0;0;0;0;0;0;;;;;
2026-05-07;O_ASELSE0726P480.00;ASELS_07/2026_AVRUPA_OPSIYON;D_EQ;SSO;D_EQ_EPP;DE_ASELS_EPP;ASELS.E;2026-07-31;35.09;30.29;15.85;0;0;0;0;0;0;0;0;0;0;0;;;;;
2026-05-07;O_BIMASE0526C640.00;BIMAS_05/2026_AVRUPA_OPSIYON;D_EQ;SSO;D_EQ_ECP;DE_BIMAS_ECP;BIMAS.E;2026-05-25;155.92;153.6;1.51;0;0;0;0;0;0;0;0;0;0;0;;;;;
2026-05-07;O_BIMASE0526C660.00;BIMAS_05/2026_AVRUPA_OPSIYON;D_EQ;SSO;D_EQ_ECP;DE_BIMAS_ECP;BIMAS.E;2026-05-25;136.38;134.13;1.68;0;0;0;0;0;0;0;0;0;0;0;;;;;
2026-05-07;O_BIMASE0526C680.00;BIMAS_05/2026_AVRUPA_OPSIYON;D_EQ;SSO;D_EQ_ECP;DE_BIMAS_ECP;BIMAS.E;2026-05-25;117;114.88;1.85;0;0;0;0;0;0;0;0;0;0;0;;;;;
2026-05-07;O_BIMASE0526C700.00;BIMAS_05/2026_AVRUPA_OPSIYON;D_EQ;SSO;D_EQ_ECP;DE_BIMAS_ECP;BIMAS.E;2026-05-25;98;96.08;2;0;0;0;0;0;0;0;0;0;1;0;;;;;
2026-05-07;O_BIMASE0526C720.00;BIMAS_05/2026_AVRUPA_OPSIYON;D_EQ;SSO;D_EQ_ECP;DE_BIMAS_ECP;BIMAS.E;2026-05-25;79.72;78.08;2.1;0;0;0;0;0;0;0;0;0;21;0;;;;;
2026-05-07;O_BIMASE0526C740.00;BIMAS_05/2026_AVRUPA_OPSIYON;D_EQ;SSO;D_EQ_ECP;DE_BIMAS_ECP;BIMAS.E;2026-05-25;62.62;61.35;2.07;0;0;0;0;0;0;0;0;0;26;0;;;;;
2026-05-07;O_BIMASE0526C760.00;BIMAS_05/2026_AVRUPA_OPSIYON;D_EQ;SSO;D_EQ_ECP;DE_BIMAS_ECP;BIMAS.E;2026-05-25;47.26;46.41;1.83;0;0;0;0;0;0;0;0;0;46;0;;;;;
2026-05-07;O_BIMASE0526C780.00;BIMAS_05/2026_AVRUPA_OPSIYON;D_EQ;SSO;D_EQ_ECP;DE_BIMAS_ECP;BIMAS.E;2026-05-25;34.08;33.62;1.37;0;0;0;0;0;0;0;0;0;5;0;;;;;
2026-05-07;O_BIMASE0526C800.00;BIMAS_05/2026_AVRUPA_OPSIYON;D_EQ;SSO;D_EQ_ECP;DE_BIMAS_ECP;BIMAS.E;2026-05-25;23.4;23.25;0.65;0;0;0;0;0;0;0;0;0;43;0;;;;;
2026-05-07;O_BIMASE0526C820.00;BIMAS_05/2026_AVRUPA_OPSIYON;D_EQ;SSO;D_EQ_ECP;DE_BIMAS_ECP;BIMAS.E;2026-05-25;15.24;15.3;-0.39;0;0;0;0;0;0;0;0;0;133;0;;;;;
2026-05-07;O_BIMASE0526C840.00;BIMAS_05/2026_AVRUPA_OPSIYON;D_EQ;SSO;D_EQ_ECP;DE_BIMAS_ECP;BIMAS.E;2026-05-25;9.42;9.59;-1.77;0;0;0;0;0;0;0;0;0;0;0;;;;;
2026-05-07;O_BIMASE0526C860.00;BIMAS_05/2026_AVRUPA_OPSIYON;D_EQ;SSO;D_EQ_ECP;DE_BIMAS_ECP;BIMAS.E;2026-05-25;5.49;5.68;-3.35;4.35;4.15;4.35;4.15;4.28;3096000;15400;36;2;7;-29;;;;;
2026-05-07;O_BIMASE0526C880.00;BIMAS_05/2026_AVRUPA_OPSIYON;D_EQ;SSO;D_EQ_ECP;DE_BIMAS_ECP;BIMAS.E;2026-05-25;3.03;3.19;-5.02;0;0;0;0;0;0;0;0;0;2;0;;;;;
2026-05-07;O_BIMASE0526C900.00;BIMAS_05/2026_AVRUPA_OPSIYON;D_EQ;SSO;D_EQ_ECP;DE_BIMAS_ECP;BIMAS.E;2026-05-25;1.58;1.7;-7.06;0;0;0;0;0;0;0;0;0;3;0;;;;;
2026-05-07;O_BIMASE0526C920.00;BIMAS_05/2026_AVRUPA_OPSIYON;D_EQ;SSO;D_EQ_ECP;DE_BIMAS_ECP;BIMAS.E;2026-05-25;0.78;0.86;-9.3;0;0;0;0;0;0;0;0;0;0;0;;;;;
2026-05-07;O_BIMASE0526P540.00;BIMAS_05/2026_AVRUPA_OPSIYON;D_EQ;SSO;D_EQ_EPP;DE_BIMAS_EPP;BIMAS.E;2026-05-25;0.01;0.01;0;0;0;0;0;0;0;0;0;0;0;0;;;;;
2026-05-07;O_BIMASE0526P560.00;BIMAS_05/2026_AVRUPA_OPSIYON;D_EQ;SSO;D_EQ_EPP;DE_BIMAS_EPP;BIMAS.E;2026-05-25;0.01;0.01;0;0;0;0;0;0;0;0;0;0;0;0;;;;;
2026-05-07;O_BIMASE0526P580.00;BIMAS_05/2026_AVRUPA_OPSIYON;D_EQ;SSO;D_EQ_EPP;DE_BIMAS_EPP;BIMAS.E;2026-05-25;0.01;0.01;0;0;0;0;0;0;0;0;0;0;0;0;;;;;
2026-05-07;O_BIMASE0526P600.00;BIMAS_05/2026_AVRUPA_OPSIYON;D_EQ;SSO;D_EQ_EPP;DE_BIMAS_EPP;BIMAS.E;2026-05-25;0.01;0.01;0;0;0;0;0;0;0;0;0;0;11;0;;;;;
2026-05-07;O_BIMASE0526P620.00;BIMAS_05/2026_AVRUPA_OPSIYON;D_EQ;SSO;D_EQ_EPP;DE_BIMAS_EPP;BIMAS.E;2026-05-25;0.01;0.02;-50;0;0;0;0;0;0;0;0;0;10;0;;;;;
2026-05-07;O_BIMASE0526P640.00;BIMAS_05/2026_AVRUPA_OPSIYON;D_EQ;SSO;D_EQ_EPP;DE_BIMAS_EPP;BIMAS.E;2026-05-25;0.03;0.06;-50;0;0;0;0;0;0;0;0;0;0;0;;;;;
2026-05-07;O_BIMASE0526P660.00;BIMAS_05/2026_AVRUPA_OPSIYON;D_EQ;SSO;D_EQ_EPP;DE_BIMAS_EPP;BIMAS.E;2026-05-25;0.12;0.2;-40;0;0;0;0;0;0;0;0;0;2;0;;;;;
2026-05-07;O_BIMASE0526P680.00;BIMAS_05/2026_AVRUPA_OPSIYON;D_EQ;SSO;D_EQ_EPP;DE_BIMAS_EPP;BIMAS.E;2026-05-25;0.38;0.56;-32.14;0;0;0;0;0;0;0;0;0;16;0;;;;;
2026-05-07;O_BIMASE0526P700.00;BIMAS_05/2026_AVRUPA_OPSIYON;D_EQ;SSO;D_EQ_EPP;DE_BIMAS_EPP;BIMAS.E;2026-05-25;1.01;1.37;-26.28;0;0;0;0;0;0;0;0;0;50;0;;;;;
2026-05-07;O_BIMASE0526P720.00;BIMAS_05/2026_AVRUPA_OPSIYON;D_EQ;SSO;D_EQ_EPP;DE_BIMAS_EPP;BIMAS.E;2026-05-25;2.35;2.98;-21.14;2.8;2.8;2.8;2.8;2.8;2160000;8400;30;3;324;30;;;;;
2026-05-07;O_BIMASE0526P740.00;BIMAS_05/2026_AVRUPA_OPSIYON;D_EQ;SSO;D_EQ_EPP;DE_BIMAS_EPP;BIMAS.E;2026-05-25;4.88;5.86;-16.72;4.9;4.9;4.9;4.9;4.9;1480000;9800;20;2;148;20;;;;;
2026-05-07;O_BIMASE0526P760.00;BIMAS_05/2026_AVRUPA_OPSIYON;D_EQ;SSO;D_EQ_EPP;DE_BIMAS_EPP;BIMAS.E;2026-05-25;9.15;10.53;-13.11;0;0;0;0;0;0;0;0;0;0;0;;;;;
2026-05-07;O_BIMASE0526P780.00;BIMAS_05/2026_AVRUPA_OPSIYON;D_EQ;SSO;D_EQ_EPP;DE_BIMAS_EPP;BIMAS.E;2026-05-25;15.6;17.34;-10.03;0;0;0;0;0;0;0;0;0;55;0;;;;;
2026-05-07;O_BIMASE0526P800.00;BIMAS_05/2026_AVRUPA_OPSIYON;D_EQ;SSO;D_EQ_EPP;DE_BIMAS_EPP;BIMAS.E;2026-05-25;24.55;26.58;-7.64;0;0;0;0;0;0;0;0;0;36;0;;;;;
2026-05-07;O_BIMASE0526P820.00;BIMAS_05/2026_AVRUPA_OPSIYON;D_EQ;SSO;D_EQ_EPP;DE_BIMAS_EPP;BIMAS.E;2026-05-25;36.02;38.24;-5.81;0;0;0;0;0;0;0;0;0;11;0;;;;;
2026-05-07;O_BIMASE0626C740.00;BIMAS_06/2026_AVRUPA_OPSIYON;D_EQ;SSO;D_EQ_ECP;DE_BIMAS_ECP;BIMAS.E;2026-06-30;96.05;95.39;0.69;0;0;0;0;0;0;0;0;0;10;0;;;;;
2026-05-07;O_BIMASE0626C760.00;BIMAS_06/2026_AVRUPA_OPSIYON;D_EQ;SSO;D_EQ_ECP;DE_BIMAS_ECP;BIMAS.E;2026-06-30;81.76;81.31;0.55;0;0;0;0;0;0;0;0;0;0;0;;;;;
2026-05-07;O_BIMASE0626C780.00;BIMAS_06/2026_AVRUPA_OPSIYON;D_EQ;SSO;D_EQ_ECP;DE_BIMAS_ECP;BIMAS.E;2026-06-30;68.84;68.67;0.25;0;0;0;0;0;0;0;0;0;0;0;;;;;
2026-05-07;O_BIMASE0626C800.00;BIMAS_06/2026_AVRUPA_OPSIYON;D_EQ;SSO;D_EQ_ECP;DE_BIMAS_ECP;BIMAS.E;2026-06-30;57.02;56.99;0.05;0;0;0;0;0;0;0;0;0;0;0;;;;;
2026-05-07;O_BIMASE0626C820.00;BIMAS_06/2026_AVRUPA_OPSIYON;D_EQ;SSO;D_EQ_ECP;DE_BIMAS_ECP;BIMAS.E;2026-06-30;46.65;46.75;-0.21;0;0;0;0;0;0;0;0;0;0;0;;;;;
2026-05-07;O_BIMASE0626C840.00;BIMAS_06/2026_AVRUPA_OPSIYON;D_EQ;SSO;D_EQ_ECP;DE_BIMAS_ECP;BIMAS.E;2026-06-30;37.51;37.65;-0.37;0;0;0;0;0;0;0;0;0;0;0;;;;;
2026-05-07;O_BIMASE0626C860.00;BIMAS_06/2026_AVRUPA_OPSIYON;D_EQ;SSO;D_EQ_ECP;DE_BIMAS_ECP;BIMAS.E;2026-06-30;29.9;30.16;-0.86;0;0;0;0;0;0;0;0;0;0;0;;;;;
2026-05-07;O_BIMASE0626C880.00;BIMAS_06/2026_AVRUPA_OPSIYON;D_EQ;SSO;D_EQ_ECP;DE_BIMAS_ECP;BIMAS.E;2026-06-30;23.32;23.53;-0.89;0;0;0;0;0;0;0;0;0;0;0;;;;;
2026-05-07;O_BIMASE0626C900.00;BIMAS_06/2026_AVRUPA_OPSIYON;D_EQ;SSO;D_EQ_ECP;DE_BIMAS_ECP;BIMAS.E;2026-06-30;17.89;18.04;-0.83;0;0;0;0;0;0;0;0;0;0;0;;;;;
2026-05-07;O_BIMASE0626C920.00;BIMAS_06/2026_AVRUPA_OPSIYON;D_EQ;SSO;D_EQ_ECP;DE_BIMAS_ECP;BIMAS.E;2026-06-30;13.5;13.58;-0.59;0;0;0;0;0;0;0;0;0;0;0;;;;;
2026-05-07;O_BIMASE0626C940.00;BIMAS_06/2026_AVRUPA_OPSIYON;D_EQ;SSO;D_EQ_ECP;DE_BIMAS_ECP;BIMAS.E;2026-06-30;10.01;10.03;-0.2;0;0;0;0;0;0;0;0;0;0;0;;;;;
2026-05-07;O_BIMASE0626P640.00;BIMAS_06/2026_AVRUPA_OPSIYON;D_EQ;SSO;D_EQ_EPP;DE_BIMAS_EPP;BIMAS.E;2026-06-30;1.27;1.78;-28.65;0;0;0;0;0;0;0;0;0;1;0;;;;;
2026-05-07;O_BIMASE0626P660.00;BIMAS_06/2026_AVRUPA_OPSIYON;D_EQ;SSO;D_EQ_EPP;DE_BIMAS_EPP;BIMAS.E;2026-06-30;2.14;2.85;-24.91;0;0;0;0;0;0;0;0;0;0;0;;;;;
2026-05-07;O_BIMASE0626P680.00;BIMAS_06/2026_AVRUPA_OPSIYON;D_EQ;SSO;D_EQ_EPP;DE_BIMAS_EPP;BIMAS.E;2026-06-30;3.46;4.39;-21.18;0;0;0;0;0;0;0;0;0;0;0;;;;;
2026-05-07;O_BIMASE0626P700.00;BIMAS_06/2026_AVRUPA_OPSIYON;D_EQ;SSO;D_EQ_EPP;DE_BIMAS_EPP;BIMAS.E;2026-06-30;5.37;6.53;-17.76;0;0;0;0;0;0;0;0;0;0;0;;;;;
2026-05-07;O_BIMASE0626P720.00;BIMAS_06/2026_AVRUPA_OPSIYON;D_EQ;SSO;D_EQ_EPP;DE_BIMAS_EPP;BIMAS.E;2026-06-30;8.03;9.42;-14.76;0;0;0;0;0;0;0;0;0;0;0;;;;;
2026-05-07;O_BIMASE0626P740.00;BIMAS_06/2026_AVRUPA_OPSIYON;D_EQ;SSO;D_EQ_EPP;DE_BIMAS_EPP;BIMAS.E;2026-06-30;11.59;13.21;-12.26;0;0;0;0;0;0;0;0;0;0;0;;;;;
2026-05-07;O_BIMASE0626P760.00;BIMAS_06/2026_AVRUPA_OPSIYON;D_EQ;SSO;D_EQ_EPP;DE_BIMAS_EPP;BIMAS.E;2026-06-30;16.21;18.01;-9.99;0;0;0;0;0;0;0;0;0;0;0;;;;;
2026-05-07;O_BIMASE0626P780.00;BIMAS_06/2026_AVRUPA_OPSIYON;D_EQ;SSO;D_EQ_EPP;DE_BIMAS_EPP;BIMAS.E;2026-06-30;22.2;24.26;-8.49;0;0;0;0;0;0;0;0;0;0;0;;;;;
2026-05-07;O_BIMASE0626P800.00;BIMAS_06/2026_AVRUPA_OPSIYON;D_EQ;SSO;D_EQ_EPP;DE_BIMAS_EPP;BIMAS.E;2026-06-30;29.29;31.47;-6.93;0;0;0;0;0;0;0;0;0;0;0;;;;;
2026-05-07;O_BIMASE0626P820.00;BIMAS_06/2026_AVRUPA_OPSIYON;D_EQ;SSO;D_EQ_EPP;DE_BIMAS_EPP;BIMAS.E;2026-06-30;37.82;40.12;-5.73;0;0;0;0;0;0;0;0;0;0;0;;;;;
2026-05-07;O_BIMASE0626P840.00;BIMAS_06/2026_AVRUPA_OPSIYON;D_EQ;SSO;D_EQ_EPP;DE_BIMAS_EPP;BIMAS.E;2026-06-30;47.59;49.9;-4.63;0;0;0;0;0;0;0;0;0;10;0;;;;;
2026-05-07;O_BIMASE0726C780.00;BIMAS_07/2026_AVRUPA_OPSIYON;D_EQ;SSO;D_EQ_ECP;DE_BIMAS_ECP;BIMAS.E;2026-07-31;103.99;104.48;-0.47;0;0;0;0;0;0;0;0;0;0;0;;;;;
2026-05-07;O_BIMASE0726C800.00;BIMAS_07/2026_AVRUPA_OPSIYON;D_EQ;SSO;D_EQ_ECP;DE_BIMAS_ECP;BIMAS.E;2026-07-31;91.25;91.75;-0.54;0;0;0;0;0;0;0;0;0;0;0;;;;;
2026-05-07;O_BIMASE0726C820.00;BIMAS_07/2026_AVRUPA_OPSIYON;D_EQ;SSO;D_EQ_ECP;DE_BIMAS_ECP;BIMAS.E;2026-07-31;79.62;80.22;-0.75;0;0;0;0;0;0;0;0;0;0;0;;;;;
2026-05-07;O_BIMASE0726C840.00;BIMAS_07/2026_AVRUPA_OPSIYON;D_EQ;SSO;D_EQ_ECP;DE_BIMAS_ECP;BIMAS.E;2026-07-31;68.79;69.38;-0.85;0;0;0;0;0;0;0;0;0;0;0;;;;;
2026-05-07;O_BIMASE0726C860.00;BIMAS_07/2026_AVRUPA_OPSIYON;D_EQ;SSO;D_EQ_ECP;DE_BIMAS_ECP;BIMAS.E;2026-07-31;59.05;59.64;-0.99;0;0;0;0;0;0;0;0;0;0;0;;;;;
2026-05-07;O_BIMASE0726C880.00;BIMAS_07/2026_AVRUPA_OPSIYON;D_EQ;SSO;D_EQ_ECP;DE_BIMAS_ECP;BIMAS.E;2026-07-31;50.26;50.4;-0.28;0;0;0;0;0;0;0;0;0;0;0;;;;;
2026-05-07;O_BIMASE0726C900.00;BIMAS_07/2026_AVRUPA_OPSIYON;D_EQ;SSO;D_EQ_ECP;DE_BIMAS_ECP;BIMAS.E;2026-07-31;42.15;42.5;-0.82;0;0;0;0;0;0;0;0;0;0;0;;;;;
2026-05-07;O_BIMASE0726C920.00;BIMAS_07/2026_AVRUPA_OPSIYON;D_EQ;SSO;D_EQ_ECP;DE_BIMAS_ECP;BIMAS.E;2026-07-31;35.23;35.49;-0.73;0;0;0;0;0;0;0;0;0;0;0;;;;;
2026-05-07;O_BIMASE0726C940.00;BIMAS_07/2026_AVRUPA_OPSIYON;D_EQ;SSO;D_EQ_ECP;DE_BIMAS_ECP;BIMAS.E;2026-07-31;29.17;29.34;-0.58;0;0;0;0;0;0;0;0;0;0;0;;;;;
2026-05-07;O_BIMASE0726C960.00;BIMAS_07/2026_AVRUPA_OPSIYON;D_EQ;SSO;D_EQ_ECP;DE_BIMAS_ECP;BIMAS.E;2026-07-31;23.94;;0;0;0;0;0;0;0;0;0;0;0;0;;;;;
2026-05-07;O_BIMASE0726P680.00;BIMAS_07/2026_AVRUPA_OPSIYON;D_EQ;SSO;D_EQ_EPP;DE_BIMAS_EPP;BIMAS.E;2026-07-31;4.81;6.28;-23.41;0;0;0;0;0;0;0;0;0;0;0;;;;;
2026-05-07;O_BIMASE0726P700.00;BIMAS_07/2026_AVRUPA_OPSIYON;D_EQ;SSO;D_EQ_EPP;DE_BIMAS_EPP;BIMAS.E;2026-07-31;6.74;8.47;-20.43;0;0;0;0;0;0;0;0;0;0;0;;;;;
2026-05-07;O_BIMASE0726P720.00;BIMAS_07/2026_AVRUPA_OPSIYON;D_EQ;SSO;D_EQ_EPP;DE_BIMAS_EPP;BIMAS.E;2026-07-31;9.21;11.2;-17.77;0;0;0;0;0;0;0;0;0;0;0;;;;;
2026-05-07;O_BIMASE0726P740.00;BIMAS_07/2026_AVRUPA_OPSIYON;D_EQ;SSO;D_EQ_EPP;DE_BIMAS_EPP;BIMAS.E;2026-07-31;12.32;14.54;-15.27;0;0;0;0;0;0;0;0;0;0;0;;;;;
2026-05-07;O_BIMASE0726P760.00;BIMAS_07/2026_AVRUPA_OPSIYON;D_EQ;SSO;D_EQ_EPP;DE_BIMAS_EPP;BIMAS.E;2026-07-31;16.14;18.57;-13.09;0;0;0;0;0;0;0;0;0;0;0;;;;;
2026-05-07;O_BIMASE0726P780.00;BIMAS_07/2026_AVRUPA_OPSIYON;D_EQ;SSO;D_EQ_EPP;DE_BIMAS_EPP;BIMAS.E;2026-07-31;20.75;23.36;-11.17;0;0;0;0;0;0;0;0;0;0;0;;;;;
2026-05-07;O_BIMASE0726P800.00;BIMAS_07/2026_AVRUPA_OPSIYON;D_EQ;SSO;D_EQ_EPP;DE_BIMAS_EPP;BIMAS.E;2026-07-31;25.98;28.58;-9.1;0;0;0;0;0;0;0;0;0;0;0;;;;;
2026-05-07;O_BIMASE0726P820.00;BIMAS_07/2026_AVRUPA_OPSIYON;D_EQ;SSO;D_EQ_EPP;DE_BIMAS_EPP;BIMAS.E;2026-07-31;32.32;34.99;-7.63;0;0;0;0;0;0;0;0;0;0;0;;;;;
2026-05-07;O_BIMASE0726P840.00;BIMAS_07/2026_AVRUPA_OPSIYON;D_EQ;SSO;D_EQ_EPP;DE_BIMAS_EPP;BIMAS.E;2026-07-31;39.46;42.09;-6.25;0;0;0;0;0;0;0;0;0;0;0;;;;;
2026-05-07;O_BIMASE0726P860.00;BIMAS_07/2026_AVRUPA_OPSIYON;D_EQ;SSO;D_EQ_EPP;DE_BIMAS_EPP;BIMAS.E;2026-07-31;47.69;;0;0;0;0;0;0;0;0;0;0;0;0;;;;;
2026-05-07;O_EKGYOE0526C19.50;EKGYO_05/2026_AVRUPA_OPSIYON;D_EQ;SSO;D_EQ_ECP;DE_EKGYO_ECP;EKGYO.E;2026-05-25;2.63;2.22;18.47;0;0;0;0;0;0;0;0;0;103;0;;;;;
2026-05-07;O_EKGYOE0526C20.00;EKGYO_05/2026_AVRUPA_OPSIYON;D_EQ;SSO;D_EQ_ECP;DE_EKGYO_ECP;EKGYO.E;2026-05-25;2.2;1.82;20.88;0;0;0;0;0;0;0;0;0;0;0;;;;;
2026-05-07;O_EKGYOE0526C20.50;EKGYO_05/2026_AVRUPA_OPSIYON;D_EQ;SSO;D_EQ_ECP;DE_EKGYO_ECP;EKGYO.E;2026-05-25;1.79;1.45;23.45;0;0;0;0;0;0;0;0;0;2600;0;;;;;
2026-05-07;O_EKGYOE0526C21.00;EKGYO_05/2026_AVRUPA_OPSIYON;D_EQ;SSO;D_EQ_ECP;DE_EKGYO_ECP;EKGYO.E;2026-05-25;1.43;1.13;26.55;1.25;1.25;1.25;1.25;1.25;2100;125;1;1;1001;1;;;;;
2026-05-07;O_EKGYOE0526C21.50;EKGYO_05/2026_AVRUPA_OPSIYON;D_EQ;SSO;D_EQ_ECP;DE_EKGYO_ECP;EKGYO.E;2026-05-25;1.1;0.85;29.41;0;0;0;0;0;0;0;0;0;6354;0;;;;;
2026-05-07;O_EKGYOE0526C22.00;EKGYO_05/2026_AVRUPA_OPSIYON;D_EQ;SSO;D_EQ_ECP;DE_EKGYO_ECP;EKGYO.E;2026-05-25;0.83;0.63;31.75;0.6;0.6;0.76;0.76;0.61;2420000;67600;1100;3;6468;-1100;;;;;
2026-05-07;O_EKGYOE0526C22.50;EKGYO_05/2026_AVRUPA_OPSIYON;D_EQ;SSO;D_EQ_ECP;DE_EKGYO_ECP;EKGYO.E;2026-05-25;0.61;0.45;35.56;0.51;0.51;0.51;0.51;0.51;2250000;51000;1000;2;7700;-1000;;;;;
2026-05-07;O_EKGYOE0526C23.00;EKGYO_05/2026_AVRUPA_OPSIYON;D_EQ;SSO;D_EQ_ECP;DE_EKGYO_ECP;EKGYO.E;2026-05-25;0.43;0.31;38.71;0;0;0;0;0;0;0;0;0;1719;0;;;;;
2026-05-07;O_EKGYOE0526C23.50;EKGYO_05/2026_AVRUPA_OPSIYON;D_EQ;SSO;D_EQ_ECP;DE_EKGYO_ECP;EKGYO.E;2026-05-25;0.3;0.21;42.86;0.19;0.19;0.2;0.2;0.2;4700;39;2;2;11;2;;;;;
2026-05-07;O_EKGYOE0526C24.00;EKGYO_05/2026_AVRUPA_OPSIYON;D_EQ;SSO;D_EQ_ECP;DE_EKGYO_ECP;EKGYO.E;2026-05-25;0.2;0.14;42.86;0.09;0.09;0.13;0.13;0.11;14400;65;6;6;6;6;;;;;
2026-05-07;O_EKGYOE0526C24.50;EKGYO_05/2026_AVRUPA_OPSIYON;D_EQ;SSO;D_EQ_ECP;DE_EKGYO_ECP;EKGYO.E;2026-05-25;0.13;0.09;44.44;0;0;0;0;0;0;0;0;0;0;0;;;;;
2026-05-07;O_EKGYOE0526C25.00;EKGYO_05/2026_AVRUPA_OPSIYON;D_EQ;SSO;D_EQ_ECP;DE_EKGYO_ECP;EKGYO.E;2026-05-25;0.08;0.05;60;0;0;0;0;0;0;0;0;0;904;0;;;;;
2026-05-07;O_EKGYOE0526C26.00;EKGYO_05/2026_AVRUPA_OPSIYON;D_EQ;SSO;D_EQ_ECP;DE_EKGYO_ECP;EKGYO.E;2026-05-25;0.03;0.02;50;0;0;0;0;0;0;0;0;0;12;0;;;;;
2026-05-07;O_EKGYOE0526C27.00;EKGYO_05/2026_AVRUPA_OPSIYON;D_EQ;SSO;D_EQ_ECP;DE_EKGYO_ECP;EKGYO.E;2026-05-25;0.01;0.01;0;0;0;0;0;0;0;0;0;0;250;0;;;;;
2026-05-07;O_EKGYOE0526C28.00;EKGYO_05/2026_AVRUPA_OPSIYON;D_EQ;SSO;D_EQ_ECP;DE_EKGYO_ECP;EKGYO.E;2026-05-25;0.01;0.01;0;0;0;0;0;0;0;0;0;0;0;0;;;;;
2026-05-07;O_EKGYOE0526C29.00;EKGYO_05/2026_AVRUPA_OPSIYON;D_EQ;SSO;D_EQ_ECP;DE_EKGYO_ECP;EKGYO.E;2026-05-25;0.01;0.01;0;0;0;0;0;0;0;0;0;0;0;0;;;;;
2026-05-07;O_EKGYOE0526C30.00;EKGYO_05/2026_AVRUPA_OPSIYON;D_EQ;SSO;D_EQ_ECP;DE_EKGYO_ECP;EKGYO.E;2026-05-25;0.01;0.01;0;0;0;0;0;0;0;0;0;0;0;0;;;;;
2026-05-07;O_EKGYOE0526C31.00;EKGYO_05/2026_AVRUPA_OPSIYON;D_EQ;SSO;D_EQ_ECP;DE_EKGYO_ECP;EKGYO.E;2026-05-25;0.01;0.01;0;0;0;0;0;0;0;0;0;0;0;0;;;;;
2026-05-07;O_EKGYOE0526C32.00;EKGYO_05/2026_AVRUPA_OPSIYON;D_EQ;SSO;D_EQ_ECP;DE_EKGYO_ECP;EKGYO.E;2026-05-25;0.01;0.01;0;0;0;0;0;0;0;0;0;0;0;0;;;;;
2026-05-07;O_EKGYOE0526P17.00;EKGYO_05/2026_AVRUPA_OPSIYON;D_EQ;SSO;D_EQ_EPP;DE_EKGYO_EPP;EKGYO.E;2026-05-25;0.01;0.01;0;0;0;0;0;0;0;0;0;0;0;0;;;;;
2026-05-07;O_EKGYOE0526P17.50;EKGYO_05/2026_AVRUPA_OPSIYON;D_EQ;SSO;D_EQ_EPP;DE_EKGYO_EPP;EKGYO.E;2026-05-25;0.01;0.01;0;0;0;0;0;0;0;0;0;0;0;0;;;;;
2026-05-07;O_EKGYOE0526P18.00;EKGYO_05/2026_AVRUPA_OPSIYON;D_EQ;SSO;D_EQ_EPP;DE_EKGYO_EPP;EKGYO.E;2026-05-25;0.01;0.02;-50;0;0;0;0;0;0;0;0;0;0;0;;;;;
2026-05-07;O_EKGYOE0526P18.50;EKGYO_05/2026_AVRUPA_OPSIYON;D_EQ;SSO;D_EQ_EPP;DE_EKGYO_EPP;EKGYO.E;2026-05-25;0.02;0.03;-33.33;0;0;0;0;0;0;0;0;0;47;0;;;;;
2026-05-07;O_EKGYOE0526P19.00;EKGYO_05/2026_AVRUPA_OPSIYON;D_EQ;SSO;D_EQ_EPP;DE_EKGYO_EPP;EKGYO.E;2026-05-25;0.04;0.07;-42.86;0;0;0;0;0;0;0;0;0;13053;0;;;;;
2026-05-07;O_EKGYOE0526P19.50;EKGYO_05/2026_AVRUPA_OPSIYON;D_EQ;SSO;D_EQ_EPP;DE_EKGYO_EPP;EKGYO.E;2026-05-25;0.07;0.12;-41.67;0;0;0;0;0;0;0;0;0;6633;0;;;;;
2026-05-07;O_EKGYOE0526P20.00;EKGYO_05/2026_AVRUPA_OPSIYON;D_EQ;SSO;D_EQ_EPP;DE_EKGYO_EPP;EKGYO.E;2026-05-25;0.12;0.21;-42.86;0.1;0.1;0.1;0.1;0.1;4000000;20000;2000;3;6368;2000;;;;;
2026-05-07;O_EKGYOE0526P20.50;EKGYO_05/2026_AVRUPA_OPSIYON;D_EQ;SSO;D_EQ_EPP;DE_EKGYO_EPP;EKGYO.E;2026-05-25;0.21;0.33;-36.36;0;0;0;0;0;0;0;0;0;5800;0;;;;;
2026-05-07;O_EKGYOE0526P21.00;EKGYO_05/2026_AVRUPA_OPSIYON;D_EQ;SSO;D_EQ_EPP;DE_EKGYO_EPP;EKGYO.E;2026-05-25;0.34;0.5;-32;0;0;0;0;0;0;0;0;0;1670;0;;;;;
2026-05-07;O_EKGYOE0526P21.50;EKGYO_05/2026_AVRUPA_OPSIYON;D_EQ;SSO;D_EQ_EPP;DE_EKGYO_EPP;EKGYO.E;2026-05-25;0.5;0.71;-29.58;0;0;0;0;0;0;0;0;0;1450;0;;;;;
2026-05-07;O_EKGYOE0526P22.00;EKGYO_05/2026_AVRUPA_OPSIYON;D_EQ;SSO;D_EQ_EPP;DE_EKGYO_EPP;EKGYO.E;2026-05-25;0.72;0.98;-26.53;0;0;0;0;0;0;0;0;0;3254;0;;;;;
2026-05-07;O_EKGYOE0526P22.50;EKGYO_05/2026_AVRUPA_OPSIYON;D_EQ;SSO;D_EQ_EPP;DE_EKGYO_EPP;EKGYO.E;2026-05-25;0.99;1.29;-23.26;0;0;0;0;0;0;0;0;0;1330;0;;;;;
2026-05-07;O_EKGYOE0526P23.00;EKGYO_05/2026_AVRUPA_OPSIYON;D_EQ;SSO;D_EQ_EPP;DE_EKGYO_EPP;EKGYO.E;2026-05-25;1.3;1.64;-20.73;0;0;0;0;0;0;0;0;0;0;0;;;;;
2026-05-07;O_EKGYOE0526P23.50;EKGYO_05/2026_AVRUPA_OPSIYON;D_EQ;SSO;D_EQ_EPP;DE_EKGYO_EPP;EKGYO.E;2026-05-25;1.66;2.03;-18.23;0;0;0;0;0;0;0;0;0;6000;0;;;;;
2026-05-07;O_EKGYOE0526P24.00;EKGYO_05/2026_AVRUPA_OPSIYON;D_EQ;SSO;D_EQ_EPP;DE_EKGYO_EPP;EKGYO.E;2026-05-25;2.05;2.45;-16.33;0;0;0;0;0;0;0;0;0;20834;0;;;;;
2026-05-07;O_EKGYOE0526P24.50;EKGYO_05/2026_AVRUPA_OPSIYON;D_EQ;SSO;D_EQ_EPP;DE_EKGYO_EPP;EKGYO.E;2026-05-25;2.47;2.89;-14.53;0;0;0;0;0;0;0;0;0;0;0;;;;;
2026-05-07;O_EKGYOE0526P25.00;EKGYO_05/2026_AVRUPA_OPSIYON;D_EQ;SSO;D_EQ_EPP;DE_EKGYO_EPP;EKGYO.E;2026-05-25;2.91;3.34;-12.87;0;0;0;0;0;0;0;0;0;0;0;;;;;
2026-05-07;O_EKGYOE0526P26.00;EKGYO_05/2026_AVRUPA_OPSIYON;D_EQ;SSO;D_EQ_EPP;DE_EKGYO_EPP;EKGYO.E;2026-05-25;3.84;4.29;-10.49;0;0;0;0;0;0;0;0;0;0;0;;;;;
2026-05-07;O_EKGYOE0526P27.00;EKGYO_05/2026_AVRUPA_OPSIYON;D_EQ;SSO;D_EQ_EPP;DE_EKGYO_EPP;EKGYO.E;2026-05-25;4.81;5.26;-8.56;0;0;0;0;0;0;0;0;0;0;0;;;;;
2026-05-07;O_EKGYOE0626C20.50;EKGYO_06/2026_AVRUPA_OPSIYON;D_EQ;SSO;D_EQ_ECP;DE_EKGYO_ECP;EKGYO.E;2026-06-30;2.8;2.41;16.18;1.9;1.9;2.17;2.17;2.15;125050;13125;61;4;2;-48;;;;;
2026-05-07;O_EKGYOE0626C21.00;EKGYO_06/2026_AVRUPA_OPSIYON;D_EQ;SSO;D_EQ_ECP;DE_EKGYO_ECP;EKGYO.E;2026-06-30;2.46;2.1;17.14;0;0;0;0;0;0;0;0;0;0;0;;;;;
2026-05-07;O_EKGYOE0626C21.50;EKGYO_06/2026_AVRUPA_OPSIYON;D_EQ;SSO;D_EQ_ECP;DE_EKGYO_ECP;EKGYO.E;2026-06-30;2.15;1.81;18.78;0;0;0;0;0;0;0;0;0;0;0;;;;;
2026-05-07;O_EKGYOE0626C22.00;EKGYO_06/2026_AVRUPA_OPSIYON;D_EQ;SSO;D_EQ_ECP;DE_EKGYO_ECP;EKGYO.E;2026-06-30;1.86;1.55;20;0;0;0;0;0;0;0;0;0;0;0;;;;;
2026-05-07;O_EKGYOE0626C22.50;EKGYO_06/2026_AVRUPA_OPSIYON;D_EQ;SSO;D_EQ_ECP;DE_EKGYO_ECP;EKGYO.E;2026-06-30;1.6;1.32;21.21;0;0;0;0;0;0;0;0;0;0;0;;;;;
2026-05-07;O_EKGYOE0626C23.00;EKGYO_06/2026_AVRUPA_OPSIYON;D_EQ;SSO;D_EQ_ECP;DE_EKGYO_ECP;EKGYO.E;2026-06-30;1.36;1.11;22.52;0;0;0;0;0;0;0;0;0;0;0;;;;;
2026-05-07;O_EKGYOE0626C23.50;EKGYO_06/2026_AVRUPA_OPSIYON;D_EQ;SSO;D_EQ_ECP;DE_EKGYO_ECP;EKGYO.E;2026-06-30;1.15;0.93;23.66;0;0;0;0;0;0;0;0;0;0;0;;;;;
2026-05-07;O_EKGYOE0626C24.00;EKGYO_06/2026_AVRUPA_OPSIYON;D_EQ;SSO;D_EQ_ECP;DE_EKGYO_ECP;EKGYO.E;2026-06-30;0.97;0.77;25.97;0;0;0;0;0;0;0;0;0;0;0;;;;;
2026-05-07;O_EKGYOE0626C24.50;EKGYO_06/2026_AVRUPA_OPSIYON;D_EQ;SSO;D_EQ_ECP;DE_EKGYO_ECP;EKGYO.E;2026-06-30;0.8;0.64;25;0;0;0;0;0;0;0;0;0;10;0;;;;;
2026-05-07;O_EKGYOE0626C25.00;EKGYO_06/2026_AVRUPA_OPSIYON;D_EQ;SSO;D_EQ_ECP;DE_EKGYO_ECP;EKGYO.E;2026-06-30;0.66;0.52;26.92;0;0;0;0;0;0;0;0;0;9;0;;;;;
2026-05-07;O_EKGYOE0626C26.00;EKGYO_06/2026_AVRUPA_OPSIYON;D_EQ;SSO;D_EQ_ECP;DE_EKGYO_ECP;EKGYO.E;2026-06-30;0.43;0.34;26.47;0;0;0;0;0;0;0;0;0;12;0;;;;;
2026-05-07;O_EKGYOE0626C27.00;EKGYO_06/2026_AVRUPA_OPSIYON;D_EQ;SSO;D_EQ_ECP;DE_EKGYO_ECP;EKGYO.E;2026-06-30;0.27;0.22;22.73;0.11;0.11;0.14;0.14;0.13;13500;64;5;5;5;5;;;;;
2026-05-07;O_EKGYOE0626C28.00;EKGYO_06/2026_AVRUPA_OPSIYON;D_EQ;SSO;D_EQ_ECP;DE_EKGYO_ECP;EKGYO.E;2026-06-30;0.16;0.14;14.29;0;0;0;0;0;0;0;0;0;0;0;;;;;
2026-05-07;O_EKGYOE0626C29.00;EKGYO_06/2026_AVRUPA_OPSIYON;D_EQ;SSO;D_EQ_ECP;DE_EKGYO_ECP;EKGYO.E;2026-06-30;0.09;0.08;12.5;0;0;0;0;0;0;0;0;0;0;0;;;;;
2026-05-07;O_EKGYOE0626P18.00;EKGYO_06/2026_AVRUPA_OPSIYON;D_EQ;SSO;D_EQ_EPP;DE_EKGYO_EPP;EKGYO.E;2026-06-30;0.1;0.11;-9.09;0.2;0.13;0.21;0.17;0.16;25200;229;14;14;14;14;;;;;
2026-05-07;O_EKGYOE0626P18.50;EKGYO_06/2026_AVRUPA_OPSIYON;D_EQ;SSO;D_EQ_EPP;DE_EKGYO_EPP;EKGYO.E;2026-06-30;0.15;0.16;-6.25;0;0;0;0;0;0;0;0;0;0;0;;;;;
2026-05-07;O_EKGYOE0626P19.00;EKGYO_06/2026_AVRUPA_OPSIYON;D_EQ;SSO;D_EQ_EPP;DE_EKGYO_EPP;EKGYO.E;2026-06-30;0.21;0.22;-4.55;0;0;0;0;0;0;0;0;0;0;0;;;;;
2026-05-07;O_EKGYOE0626P19.50;EKGYO_06/2026_AVRUPA_OPSIYON;D_EQ;SSO;D_EQ_EPP;DE_EKGYO_EPP;EKGYO.E;2026-06-30;0.28;0.31;-9.68;0;0;0;0;0;0;0;0;0;0;0;;;;;
2026-05-07;O_EKGYOE0626P20.00;EKGYO_06/2026_AVRUPA_OPSIYON;D_EQ;SSO;D_EQ_EPP;DE_EKGYO_EPP;EKGYO.E;2026-06-30;0.37;0.42;-11.9;0;0;0;0;0;0;0;0;0;0;0;;;;;
2026-05-07;O_EKGYOE0626P20.50;EKGYO_06/2026_AVRUPA_OPSIYON;D_EQ;SSO;D_EQ_EPP;DE_EKGYO_EPP;EKGYO.E;2026-06-30;0.48;0.55;-12.73;0;0;0;0;0;0;0;0;0;0;0;;;;;
2026-05-07;O_EKGYOE0626P21.00;EKGYO_06/2026_AVRUPA_OPSIYON;D_EQ;SSO;D_EQ_EPP;DE_EKGYO_EPP;EKGYO.E;2026-06-30;0.61;0.71;-14.08;0;0;0;0;0;0;0;0;0;0;0;;;;;
2026-05-07;O_EKGYOE0626P21.50;EKGYO_06/2026_AVRUPA_OPSIYON;D_EQ;SSO;D_EQ_EPP;DE_EKGYO_EPP;EKGYO.E;2026-06-30;0.77;0.89;-13.48;0;0;0;0;0;0;0;0;0;0;0;;;;;
2026-05-07;O_EKGYOE0626P22.00;EKGYO_06/2026_AVRUPA_OPSIYON;D_EQ;SSO;D_EQ_EPP;DE_EKGYO_EPP;EKGYO.E;2026-06-30;0.96;1.11;-13.51;0;0;0;0;0;0;0;0;0;5000;0;;;;;
2026-05-07;O_EKGYOE0626P22.50;EKGYO_06/2026_AVRUPA_OPSIYON;D_EQ;SSO;D_EQ_EPP;DE_EKGYO_EPP;EKGYO.E;2026-06-30;1.17;1.34;-12.69;0;0;0;0;0;0;0;0;0;0;0;;;;;
2026-05-07;O_EKGYOE0626P23.00;EKGYO_06/2026_AVRUPA_OPSIYON;D_EQ;SSO;D_EQ_EPP;DE_EKGYO_EPP;EKGYO.E;2026-06-30;1.41;1.61;-12.42;0;0;0;0;0;0;0;0;0;1450;0;;;;;
2026-05-07;O_EKGYOE0626P23.50;EKGYO_06/2026_AVRUPA_OPSIYON;D_EQ;SSO;D_EQ_EPP;DE_EKGYO_EPP;EKGYO.E;2026-06-30;1.66;1.9;-12.63;0;0;0;0;0;0;0;0;0;0;0;;;;;
2026-05-07;O_EKGYOE0626P24.00;EKGYO_06/2026_AVRUPA_OPSIYON;D_EQ;SSO;D_EQ_EPP;DE_EKGYO_EPP;EKGYO.E;2026-06-30;1.96;2.22;-11.71;0;0;0;0;0;0;0;0;0;0;0;;;;;
2026-05-07;O_EKGYOE0626P24.50;EKGYO_06/2026_AVRUPA_OPSIYON;D_EQ;SSO;D_EQ_EPP;DE_EKGYO_EPP;EKGYO.E;2026-06-30;2.26;2.55;-11.37;0;0;0;0;0;0;0;0;0;0;0;;;;;
2026-05-07;O_EKGYOE0726C21.00;EKGYO_07/2026_AVRUPA_OPSIYON;D_EQ;SSO;D_EQ_ECP;DE_EKGYO_ECP;EKGYO.E;2026-07-31;3.49;3.03;15.18;0;0;0;0;0;0;0;0;0;0;0;;;;;
2026-05-07;O_EKGYOE0726C21.50;EKGYO_07/2026_AVRUPA_OPSIYON;D_EQ;SSO;D_EQ_ECP;DE_EKGYO_ECP;EKGYO.E;2026-07-31;3.17;2.73;16.12;0;0;0;0;0;0;0;0;0;0;0;;;;;
2026-05-07;O_EKGYOE0726C22.00;EKGYO_07/2026_AVRUPA_OPSIYON;D_EQ;SSO;D_EQ_ECP;DE_EKGYO_ECP;EKGYO.E;2026-07-31;2.87;2.45;17.14;0;0;0;0;0;0;0;0;0;0;0;;;;;
2026-05-07;O_EKGYOE0726C22.50;EKGYO_07/2026_AVRUPA_OPSIYON;D_EQ;SSO;D_EQ_ECP;DE_EKGYO_ECP;EKGYO.E;2026-07-31;2.58;2.19;17.81;0;0;0;0;0;0;0;0;0;0;0;;;;;
2026-05-07;O_EKGYOE0726C23.00;EKGYO_07/2026_AVRUPA_OPSIYON;D_EQ;SSO;D_EQ_ECP;DE_EKGYO_ECP;EKGYO.E;2026-07-31;2.31;1.95;18.46;0;0;0;0;0;0;0;0;0;0;0;;;;;
2026-05-07;O_EKGYOE0726C23.50;EKGYO_07/2026_AVRUPA_OPSIYON;D_EQ;SSO;D_EQ_ECP;DE_EKGYO_ECP;EKGYO.E;2026-07-31;2.06;1.72;19.77;0;0;0;0;0;0;0;0;0;0;0;;;;;
2026-05-07;O_EKGYOE0726C24.00;EKGYO_07/2026_AVRUPA_OPSIYON;D_EQ;SSO;D_EQ_ECP;DE_EKGYO_ECP;EKGYO.E;2026-07-31;1.83;1.52;20.39;0;0;0;0;0;0;0;0;0;0;0;;;;;
2026-05-07;O_EKGYOE0726C24.50;EKGYO_07/2026_AVRUPA_OPSIYON;D_EQ;SSO;D_EQ_ECP;DE_EKGYO_ECP;EKGYO.E;2026-07-31;1.61;1.34;20.15;0;0;0;0;0;0;0;0;0;0;0;;;;;
2026-05-07;O_EKGYOE0726C25.00;EKGYO_07/2026_AVRUPA_OPSIYON;D_EQ;SSO;D_EQ_ECP;DE_EKGYO_ECP;EKGYO.E;2026-07-31;1.42;1.17;21.37;0;0;0;0;0;0;0;0;0;0;0;;;;;
2026-05-07;O_EKGYOE0726C26.00;EKGYO_07/2026_AVRUPA_OPSIYON;D_EQ;SSO;D_EQ_ECP;DE_EKGYO_ECP;EKGYO.E;2026-07-31;1.08;0.89;21.35;0;0;0;0;0;0;0;0;0;0;0;;;;;
2026-05-07;O_EKGYOE0726C27.00;EKGYO_07/2026_AVRUPA_OPSIYON;D_EQ;SSO;D_EQ_ECP;DE_EKGYO_ECP;EKGYO.E;2026-07-31;0.8;;0;0;0;0;0;0;0;0;0;0;0;0;;;;;
2026-05-07;O_EKGYOE0726P18.50;EKGYO_07/2026_AVRUPA_OPSIYON;D_EQ;SSO;D_EQ_EPP;DE_EKGYO_EPP;EKGYO.E;2026-07-31;0.22;0.19;15.79;0;0;0;0;0;0;0;0;0;0;0;;;;;
2026-05-07;O_EKGYOE0726P19.00;EKGYO_07/2026_AVRUPA_OPSIYON;D_EQ;SSO;D_EQ_EPP;DE_EKGYO_EPP;EKGYO.E;2026-07-31;0.28;0.25;12;0;0;0;0;0;0;0;0;0;0;0;;;;;
2026-05-07;O_EKGYOE0726P19.50;EKGYO_07/2026_AVRUPA_OPSIYON;D_EQ;SSO;D_EQ_EPP;DE_EKGYO_EPP;EKGYO.E;2026-07-31;0.35;0.33;6.06;0;0;0;0;0;0;0;0;0;0;0;;;;;
2026-05-07;O_EKGYOE0726P20.00;EKGYO_07/2026_AVRUPA_OPSIYON;D_EQ;SSO;D_EQ_EPP;DE_EKGYO_EPP;EKGYO.E;2026-07-31;0.44;0.42;4.76;0;0;0;0;0;0;0;0;0;0;0;;;;;
2026-05-07;O_EKGYOE0726P20.50;EKGYO_07/2026_AVRUPA_OPSIYON;D_EQ;SSO;D_EQ_EPP;DE_EKGYO_EPP;EKGYO.E;2026-07-31;0.54;0.53;1.89;0;0;0;0;0;0;0;0;0;0;0;;;;;
2026-05-07;O_EKGYOE0726P21.00;EKGYO_07/2026_AVRUPA_OPSIYON;D_EQ;SSO;D_EQ_EPP;DE_EKGYO_EPP;EKGYO.E;2026-07-31;0.66;0.66;0;0;0;0;0;0;0;0;0;0;0;0;;;;;
2026-05-07;O_EKGYOE0726P21.50;EKGYO_07/2026_AVRUPA_OPSIYON;D_EQ;SSO;D_EQ_EPP;DE_EKGYO_EPP;EKGYO.E;2026-07-31;0.79;0.8;-1.25;0;0;0;0;0;0;0;0;0;0;0;;;;;
2026-05-07;O_EKGYOE0726P22.00;EKGYO_07/2026_AVRUPA_OPSIYON;D_EQ;SSO;D_EQ_EPP;DE_EKGYO_EPP;EKGYO.E;2026-07-31;0.94;0.97;-3.09;0;0;0;0;0;0;0;0;0;0;0;;;;;
2026-05-07;O_EKGYOE0726P22.50;EKGYO_07/2026_AVRUPA_OPSIYON;D_EQ;SSO;D_EQ_EPP;DE_EKGYO_EPP;EKGYO.E;2026-07-31;1.09;1.16;-6.03;0;0;0;0;0;0;0;0;0;0;0;;;;;
2026-05-07;O_EKGYOE0726P23.00;EKGYO_07/2026_AVRUPA_OPSIYON;D_EQ;SSO;D_EQ_EPP;DE_EKGYO_EPP;EKGYO.E;2026-07-31;1.28;1.36;-5.88;0;0;0;0;0;0;0;0;0;0;0;;;;;
2026-05-07;O_EKGYOE0726P23.50;EKGYO_07/2026_AVRUPA_OPSIYON;D_EQ;SSO;D_EQ_EPP;DE_EKGYO_EPP;EKGYO.E;2026-07-31;1.47;;0;0;0;0;0;0;0;0;0;0;0;0;;;;;
2026-05-07;O_ENKAIE0526C100.00;ENKAI_05/2026_AVRUPA_OPSIYON;D_EQ;SSO;D_EQ_ECP;DE_ENKAI_ECP;ENKAI.E;2026-05-25;13.57;12.9;5.19;0;0;0;0;0;0;0;0;0;61;0;;;;;
2026-05-07;O_ENKAIE0526C105.00;ENKAI_05/2026_AVRUPA_OPSIYON;D_EQ;SSO;D_EQ_ECP;DE_ENKAI_ECP;ENKAI.E;2026-05-25;9.33;8.8;6.02;9.88;9.88;9.88;9.88;9.88;336000;31616;32;1;212;32;;;;;
2026-05-07;O_ENKAIE0526C110.00;ENKAI_05/2026_AVRUPA_OPSIYON;D_EQ;SSO;D_EQ_ECP;DE_ENKAI_ECP;ENKAI.E;2026-05-25;5.82;5.48;6.2;0;0;0;0;0;0;0;0;0;50;0;;;;;
2026-05-07;O_ENKAIE0526C115.00;ENKAI_05/2026_AVRUPA_OPSIYON;D_EQ;SSO;D_EQ_ECP;DE_ENKAI_ECP;ENKAI.E;2026-05-25;3.26;3.07;6.19;0;0;0;0;0;0;0;0;0;40;0;;;;;
2026-05-07;O_ENKAIE0526C120.00;ENKAI_05/2026_AVRUPA_OPSIYON;D_EQ;SSO;D_EQ_ECP;DE_ENKAI_ECP;ENKAI.E;2026-05-25;1.62;1.55;4.52;0;0;0;0;0;0;0;0;0;211;0;;;;;
2026-05-07;O_ENKAIE0526C125.00;ENKAI_05/2026_AVRUPA_OPSIYON;D_EQ;SSO;D_EQ_ECP;DE_ENKAI_ECP;ENKAI.E;2026-05-25;0.72;0.7;2.86;0;0;0;0;0;0;0;0;0;32;0;;;;;
2026-05-07;O_ENKAIE0526C130.00;ENKAI_05/2026_AVRUPA_OPSIYON;D_EQ;SSO;D_EQ_ECP;DE_ENKAI_ECP;ENKAI.E;2026-05-25;0.28;0.29;-3.45;0;0;0;0;0;0;0;0;0;0;0;;;;;
2026-05-07;O_ENKAIE0526C135.00;ENKAI_05/2026_AVRUPA_OPSIYON;D_EQ;SSO;D_EQ_ECP;DE_ENKAI_ECP;ENKAI.E;2026-05-25;0.1;0.11;-9.09;0;0;0;0;0;0;0;0;0;0;0;;;;;
2026-05-07;O_ENKAIE0526C140.00;ENKAI_05/2026_AVRUPA_OPSIYON;D_EQ;SSO;D_EQ_ECP;DE_ENKAI_ECP;ENKAI.E;2026-05-25;0.03;0.04;-25;0;0;0;0;0;0;0;0;0;0;0;;;;;
2026-05-07;O_ENKAIE0526C145.00;ENKAI_05/2026_AVRUPA_OPSIYON;D_EQ;SSO;D_EQ_ECP;DE_ENKAI_ECP;ENKAI.E;2026-05-25;0.01;0.01;0;0;0;0;0;0;0;0;0;0;0;0;;;;;
2026-05-07;O_ENKAIE0526C94.00;ENKAI_05/2026_AVRUPA_OPSIYON;D_EQ;SSO;D_EQ_ECP;DE_ENKAI_ECP;ENKAI.E;2026-05-25;19.2;18.43;4.18;0;0;0;0;0;0;0;0;0;3;0;;;;;
2026-05-07;O_ENKAIE0526C96.00;ENKAI_05/2026_AVRUPA_OPSIYON;D_EQ;SSO;D_EQ_ECP;DE_ENKAI_ECP;ENKAI.E;2026-05-25;17.28;16.54;4.47;0;0;0;0;0;0;0;0;0;2;0;;;;;
2026-05-07;O_ENKAIE0526C98.00;ENKAI_05/2026_AVRUPA_OPSIYON;D_EQ;SSO;D_EQ_ECP;DE_ENKAI_ECP;ENKAI.E;2026-05-25;15.4;14.69;4.83;0;0;0;0;0;0;0;0;0;1;0;;;;;
2026-05-07;O_ENKAIE0526P100.00;ENKAI_05/2026_AVRUPA_OPSIYON;D_EQ;SSO;D_EQ_EPP;DE_ENKAI_EPP;ENKAI.E;2026-05-25;0.31;0.44;-29.55;0;0;0;0;0;0;0;0;0;107;0;;;;;
2026-05-07;O_ENKAIE0526P105.00;ENKAI_05/2026_AVRUPA_OPSIYON;D_EQ;SSO;D_EQ_EPP;DE_ENKAI_EPP;ENKAI.E;2026-05-25;0.98;1.25;-21.6;0.74;0.74;0.74;0.74;0.74;315000;2220;30;3;172;30;;;;;
2026-05-07;O_ENKAIE0526P110.00;ENKAI_05/2026_AVRUPA_OPSIYON;D_EQ;SSO;D_EQ_EPP;DE_ENKAI_EPP;ENKAI.E;2026-05-25;2.38;2.82;-15.6;0;0;0;0;0;0;0;0;0;60;0;;;;;
2026-05-07;O_ENKAIE0526P115.00;ENKAI_05/2026_AVRUPA_OPSIYON;D_EQ;SSO;D_EQ_EPP;DE_ENKAI_EPP;ENKAI.E;2026-05-25;4.72;5.32;-11.28;0;0;0;0;0;0;0;0;0;71;0;;;;;
2026-05-07;O_ENKAIE0526P120.00;ENKAI_05/2026_AVRUPA_OPSIYON;D_EQ;SSO;D_EQ_EPP;DE_ENKAI_EPP;ENKAI.E;2026-05-25;7.99;8.7;-8.16;6.88;6.88;6.88;6.88;6.88;384000;22016;32;1;32;32;;;;;
2026-05-07;O_ENKAIE0526P84.00;ENKAI_05/2026_AVRUPA_OPSIYON;D_EQ;SSO;D_EQ_EPP;DE_ENKAI_EPP;ENKAI.E;2026-05-25;0.01;0.01;0;0;0;0;0;0;0;0;0;0;5;0;;;;;
2026-05-07;O_ENKAIE0526P86.00;ENKAI_05/2026_AVRUPA_OPSIYON;D_EQ;SSO;D_EQ_EPP;DE_ENKAI_EPP;ENKAI.E;2026-05-25;0.01;0.01;0;0;0;0;0;0;0;0;0;0;0;0;;;;;
2026-05-07;O_ENKAIE0526P88.00;ENKAI_05/2026_AVRUPA_OPSIYON;D_EQ;SSO;D_EQ_EPP;DE_ENKAI_EPP;ENKAI.E;2026-05-25;0.01;0.01;0;0;0;0;0;0;0;0;0;0;0;0;;;;;
2026-05-07;O_ENKAIE0526P90.00;ENKAI_05/2026_AVRUPA_OPSIYON;D_EQ;SSO;D_EQ_EPP;DE_ENKAI_EPP;ENKAI.E;2026-05-25;0.01;0.02;-50;0;0;0;0;0;0;0;0;0;0;0;;;;;
2026-05-07;O_ENKAIE0526P92.00;ENKAI_05/2026_AVRUPA_OPSIYON;D_EQ;SSO;D_EQ_EPP;DE_ENKAI_EPP;ENKAI.E;2026-05-25;0.03;0.04;-25;0;0;0;0;0;0;0;0;0;0;0;;;;;
2026-05-07;O_ENKAIE0526P94.00;ENKAI_05/2026_AVRUPA_OPSIYON;D_EQ;SSO;D_EQ_EPP;DE_ENKAI_EPP;ENKAI.E;2026-05-25;0.05;0.09;-44.44;0;0;0;0;0;0;0;0;0;0;0;;;;;
2026-05-07;O_ENKAIE0526P96.00;ENKAI_05/2026_AVRUPA_OPSIYON;D_EQ;SSO;D_EQ_EPP;DE_ENKAI_EPP;ENKAI.E;2026-05-25;0.1;0.15;-33.33;0;0;0;0;0;0;0;0;0;198;0;;;;;
2026-05-07;O_ENKAIE0526P98.00;ENKAI_05/2026_AVRUPA_OPSIYON;D_EQ;SSO;D_EQ_EPP;DE_ENKAI_EPP;ENKAI.E;2026-05-25;0.18;0.27;-33.33;0;0;0;0;0;0;0;0;0;23;0;;;;;
2026-05-07;O_ENKAIE0626C100.00;ENKAI_06/2026_AVRUPA_OPSIYON;D_EQ;SSO;D_EQ_ECP;DE_ENKAI_ECP;ENKAI.E;2026-06-30;18;17.39;3.51;0;0;0;0;0;0;0;0;0;0;0;;;;;
2026-05-07;O_ENKAIE0626C105.00;ENKAI_06/2026_AVRUPA_OPSIYON;D_EQ;SSO;D_EQ_ECP;DE_ENKAI_ECP;ENKAI.E;2026-06-30;14.23;13.72;3.72;0;0;0;0;0;0;0;0;0;2;0;;;;;
2026-05-07;O_ENKAIE0626C110.00;ENKAI_06/2026_AVRUPA_OPSIYON;D_EQ;SSO;D_EQ_ECP;DE_ENKAI_ECP;ENKAI.E;2026-06-30;10.92;10.52;3.8;0;0;0;0;0;0;0;0;0;10;0;;;;;
2026-05-07;O_ENKAIE0626C115.00;ENKAI_06/2026_AVRUPA_OPSIYON;D_EQ;SSO;D_EQ_ECP;DE_ENKAI_ECP;ENKAI.E;2026-06-30;8.13;7.83;3.83;7.5;7.5;7.5;7.5;7.5;11500;750;1;1;9;0;;;;;
2026-05-07;O_ENKAIE0626C120.00;ENKAI_06/2026_AVRUPA_OPSIYON;D_EQ;SSO;D_EQ_ECP;DE_ENKAI_ECP;ENKAI.E;2026-06-30;5.88;5.67;3.7;0;0;0;0;0;0;0;0;0;0;0;;;;;
2026-05-07;O_ENKAIE0626C125.00;ENKAI_06/2026_AVRUPA_OPSIYON;D_EQ;SSO;D_EQ_ECP;DE_ENKAI_ECP;ENKAI.E;2026-06-30;4.12;3.99;3.26;0;0;0;0;0;0;0;0;0;0;0;;;;;
2026-05-07;O_ENKAIE0626C130.00;ENKAI_06/2026_AVRUPA_OPSIYON;D_EQ;SSO;D_EQ_ECP;DE_ENKAI_ECP;ENKAI.E;2026-06-30;2.81;2.73;2.93;0;0;0;0;0;0;0;0;0;0;0;;;;;
2026-05-07;O_ENKAIE0626C135.00;ENKAI_06/2026_AVRUPA_OPSIYON;D_EQ;SSO;D_EQ_ECP;DE_ENKAI_ECP;ENKAI.E;2026-06-30;1.86;1.82;2.2;0;0;0;0;0;0;0;0;0;0;0;;;;;
2026-05-07;O_ENKAIE0626C140.00;ENKAI_06/2026_AVRUPA_OPSIYON;D_EQ;SSO;D_EQ_ECP;DE_ENKAI_ECP;ENKAI.E;2026-06-30;1.21;1.19;1.68;0;0;0;0;0;0;0;0;0;0;0;;;;;
2026-05-07;O_ENKAIE0626C145.00;ENKAI_06/2026_AVRUPA_OPSIYON;D_EQ;SSO;D_EQ_ECP;DE_ENKAI_ECP;ENKAI.E;2026-06-30;0.76;0.76;0;0;0;0;0;0;0;0;0;0;0;0;;;;;
2026-05-07;O_ENKAIE0626C98.00;ENKAI_06/2026_AVRUPA_OPSIYON;D_EQ;SSO;D_EQ_ECP;DE_ENKAI_ECP;ENKAI.E;2026-06-30;19.62;18.97;3.43;0;0;0;0;0;0;0;0;0;0;0;;;;;
2026-05-07;O_ENKAIE0626P100.00;ENKAI_06/2026_AVRUPA_OPSIYON;D_EQ;SSO;D_EQ_EPP;DE_ENKAI_EPP;ENKAI.E;2026-06-30;1.13;1.32;-14.39;0;0;0;0;0;0;0;0;0;0;0;;;;;
2026-05-07;O_ENKAIE0626P105.00;ENKAI_06/2026_AVRUPA_OPSIYON;D_EQ;SSO;D_EQ_EPP;DE_ENKAI_EPP;ENKAI.E;2026-06-30;2.09;2.37;-11.81;0;0;0;0;0;0;0;0;0;0;0;;;;;
2026-05-07;O_ENKAIE0626P110.00;ENKAI_06/2026_AVRUPA_OPSIYON;D_EQ;SSO;D_EQ_EPP;DE_ENKAI_EPP;ENKAI.E;2026-06-30;3.51;3.9;-10;0;0;0;0;0;0;0;0;0;0;0;;;;;
2026-05-07;O_ENKAIE0626P115.00;ENKAI_06/2026_AVRUPA_OPSIYON;D_EQ;SSO;D_EQ_EPP;DE_ENKAI_EPP;ENKAI.E;2026-06-30;5.45;5.93;-8.09;0;0;0;0;0;0;0;0;0;0;0;;;;;
2026-05-07;O_ENKAIE0626P120.00;ENKAI_06/2026_AVRUPA_OPSIYON;D_EQ;SSO;D_EQ_EPP;DE_ENKAI_EPP;ENKAI.E;2026-06-30;7.92;8.49;-6.71;0;0;0;0;0;0;0;0;0;0;0;;;;;
2026-05-07;O_ENKAIE0626P88.00;ENKAI_06/2026_AVRUPA_OPSIYON;D_EQ;SSO;D_EQ_EPP;DE_ENKAI_EPP;ENKAI.E;2026-06-30;0.16;0.2;-20;0;0;0;0;0;0;0;0;0;0;0;;;;;
2026-05-07;O_ENKAIE0626P90.00;ENKAI_06/2026_AVRUPA_OPSIYON;D_EQ;SSO;D_EQ_EPP;DE_ENKAI_EPP;ENKAI.E;2026-06-30;0.23;0.29;-20.69;0;0;0;0;0;0;0;0;0;0;0;;;;;
2026-05-07;O_ENKAIE0626P92.00;ENKAI_06/2026_AVRUPA_OPSIYON;D_EQ;SSO;D_EQ_EPP;DE_ENKAI_EPP;ENKAI.E;2026-06-30;0.33;0.41;-19.51;0;0;0;0;0;0;0;0;0;0;0;;;;;
2026-05-07;O_ENKAIE0626P94.00;ENKAI_06/2026_AVRUPA_OPSIYON;D_EQ;SSO;D_EQ_EPP;DE_ENKAI_EPP;ENKAI.E;2026-06-30;0.47;0.57;-17.54;0;0;0;0;0;0;0;0;0;0;0;;;;;
2026-05-07;O_ENKAIE0626P96.00;ENKAI_06/2026_AVRUPA_OPSIYON;D_EQ;SSO;D_EQ_EPP;DE_ENKAI_EPP;ENKAI.E;2026-06-30;0.64;0.77;-16.88;0;0;0;0;0;0;0;0;0;0;0;;;;;
2026-05-07;O_ENKAIE0626P98.00;ENKAI_06/2026_AVRUPA_OPSIYON;D_EQ;SSO;D_EQ_EPP;DE_ENKAI_EPP;ENKAI.E;2026-06-30;0.86;1.02;-15.69;0;0;0;0;0;0;0;0;0;0;0;;;;;
2026-05-07;O_ENKAIE0726C105.00;ENKAI_07/2026_AVRUPA_OPSIYON;D_EQ;SSO;D_EQ_ECP;DE_ENKAI_ECP;ENKAI.E;2026-07-31;19.16;18.62;2.9;0;0;0;0;0;0;0;0;0;0;0;;;;;
2026-05-07;O_ENKAIE0726C110.00;ENKAI_07/2026_AVRUPA_OPSIYON;D_EQ;SSO;D_EQ_ECP;DE_ENKAI_ECP;ENKAI.E;2026-07-31;15.83;15.38;2.93;0;0;0;0;0;0;0;0;0;0;0;;;;;
2026-05-07;O_ENKAIE0726C115.00;ENKAI_07/2026_AVRUPA_OPSIYON;D_EQ;SSO;D_EQ_ECP;DE_ENKAI_ECP;ENKAI.E;2026-07-31;12.87;12.5;2.96;0;0;0;0;0;0;0;0;0;0;0;;;;;
2026-05-07;O_ENKAIE0726C120.00;ENKAI_07/2026_AVRUPA_OPSIYON;D_EQ;SSO;D_EQ_ECP;DE_ENKAI_ECP;ENKAI.E;2026-07-31;10.29;10;2.9;0;0;0;0;0;0;0;0;0;0;0;;;;;
2026-05-07;O_ENKAIE0726C125.00;ENKAI_07/2026_AVRUPA_OPSIYON;D_EQ;SSO;D_EQ_ECP;DE_ENKAI_ECP;ENKAI.E;2026-07-31;8.1;7.88;2.79;0;0;0;0;0;0;0;0;0;0;0;;;;;
2026-05-07;O_ENKAIE0726C130.00;ENKAI_07/2026_AVRUPA_OPSIYON;D_EQ;SSO;D_EQ_ECP;DE_ENKAI_ECP;ENKAI.E;2026-07-31;6.28;6.13;2.45;0;0;0;0;0;0;0;0;0;0;0;;;;;
2026-05-07;O_ENKAIE0726C135.00;ENKAI_07/2026_AVRUPA_OPSIYON;D_EQ;SSO;D_EQ_ECP;DE_ENKAI_ECP;ENKAI.E;2026-07-31;4.8;4.69;2.35;0;0;0;0;0;0;0;0;0;0;0;;;;;
2026-05-07;O_ENKAIE0726C140.00;ENKAI_07/2026_AVRUPA_OPSIYON;D_EQ;SSO;D_EQ_ECP;DE_ENKAI_ECP;ENKAI.E;2026-07-31;3.62;3.55;1.97;0;0;0;0;0;0;0;0;0;0;0;;;;;
2026-05-07;O_ENKAIE0726C145.00;ENKAI_07/2026_AVRUPA_OPSIYON;D_EQ;SSO;D_EQ_ECP;DE_ENKAI_ECP;ENKAI.E;2026-07-31;2.69;2.65;1.51;0;0;0;0;0;0;0;0;0;0;0;;;;;
2026-05-07;O_ENKAIE0726C150.00;ENKAI_07/2026_AVRUPA_OPSIYON;D_EQ;SSO;D_EQ_ECP;DE_ENKAI_ECP;ENKAI.E;2026-07-31;1.98;;0;0;0;0;0;0;0;0;0;0;0;0;;;;;
2026-05-07;O_ENKAIE0726P100.00;ENKAI_07/2026_AVRUPA_OPSIYON;D_EQ;SSO;D_EQ_EPP;DE_ENKAI_EPP;ENKAI.E;2026-07-31;1.26;1.44;-12.5;0;0;0;0;0;0;0;0;0;0;0;;;;;
2026-05-07;O_ENKAIE0726P105.00;ENKAI_07/2026_AVRUPA_OPSIYON;D_EQ;SSO;D_EQ_EPP;DE_ENKAI_EPP;ENKAI.E;2026-07-31;2.09;2.34;-10.68;0;0;0;0;0;0;0;0;0;0;0;;;;;
2026-05-07;O_ENKAIE0726P110.00;ENKAI_07/2026_AVRUPA_OPSIYON;D_EQ;SSO;D_EQ_EPP;DE_ENKAI_EPP;ENKAI.E;2026-07-31;3.25;3.58;-9.22;0;0;0;0;0;0;0;0;0;0;0;;;;;
2026-05-07;O_ENKAIE0726P115.00;ENKAI_07/2026_AVRUPA_OPSIYON;D_EQ;SSO;D_EQ_EPP;DE_ENKAI_EPP;ENKAI.E;2026-07-31;4.78;5.19;-7.9;0;0;0;0;0;0;0;0;0;0;0;;;;;
2026-05-07;O_ENKAIE0726P120.00;ENKAI_07/2026_AVRUPA_OPSIYON;D_EQ;SSO;D_EQ_EPP;DE_ENKAI_EPP;ENKAI.E;2026-07-31;6.7;7.18;-6.69;0;0;0;0;0;0;0;0;0;0;0;;;;;
2026-05-07;O_ENKAIE0726P125.00;ENKAI_07/2026_AVRUPA_OPSIYON;D_EQ;SSO;D_EQ_EPP;DE_ENKAI_EPP;ENKAI.E;2026-07-31;9;;0;0;0;0;0;0;0;0;0;0;0;0;;;;;
2026-05-07;O_ENKAIE0726P92.00;ENKAI_07/2026_AVRUPA_OPSIYON;D_EQ;SSO;D_EQ_EPP;DE_ENKAI_EPP;ENKAI.E;2026-07-31;0.47;0.56;-16.07;0;0;0;0;0;0;0;0;0;0;0;;;;;
2026-05-07;O_ENKAIE0726P94.00;ENKAI_07/2026_AVRUPA_OPSIYON;D_EQ;SSO;D_EQ_EPP;DE_ENKAI_EPP;ENKAI.E;2026-07-31;0.62;0.72;-13.89;0;0;0;0;0;0;0;0;0;0;0;;;;;
2026-05-07;O_ENKAIE0726P96.00;ENKAI_07/2026_AVRUPA_OPSIYON;D_EQ;SSO;D_EQ_EPP;DE_ENKAI_EPP;ENKAI.E;2026-07-31;0.79;0.92;-14.13;0;0;0;0;0;0;0;0;0;0;0;;;;;
2026-05-07;O_ENKAIE0726P98.00;ENKAI_07/2026_AVRUPA_OPSIYON;D_EQ;SSO;D_EQ_EPP;DE_ENKAI_EPP;ENKAI.E;2026-07-31;1.01;1.16;-12.93;0;0;0;0;0;0;0;0;0;0;0;;;;;
2026-05-07;O_EREGLE0526C27.00;EREGL_05/2026_AVRUPA_OPSIYON;D_EQ;SSO;D_EQ_ECP;DE_EREGL_ECP;EREGL.E;2026-05-25;11.98;11.21;6.87;0;0;0;0;0;0;0;0;0;0;0;;;;;
2026-05-07;O_EREGLE0526C28.00;EREGL_05/2026_AVRUPA_OPSIYON;D_EQ;SSO;D_EQ_ECP;DE_EREGL_ECP;EREGL.E;2026-05-25;11;10.23;7.53;0;0;0;0;0;0;0;0;0;1;0;;;;;
2026-05-07;O_EREGLE0526C29.00;EREGL_05/2026_AVRUPA_OPSIYON;D_EQ;SSO;D_EQ_ECP;DE_EREGL_ECP;EREGL.E;2026-05-25;10.02;9.25;8.32;0;0;0;0;0;0;0;0;0;0;0;;;;;
2026-05-07;O_EREGLE0526C30.00;EREGL_05/2026_AVRUPA_OPSIYON;D_EQ;SSO;D_EQ_ECP;DE_EREGL_ECP;EREGL.E;2026-05-25;9.04;8.27;9.31;0;0;0;0;0;0;0;0;0;1443;0;;;;;
2026-05-07;O_EREGLE0526C31.00;EREGL_05/2026_AVRUPA_OPSIYON;D_EQ;SSO;D_EQ_ECP;DE_EREGL_ECP;EREGL.E;2026-05-25;8.06;7.29;10.56;0;0;0;0;0;0;0;0;0;10;0;;;;;
2026-05-07;O_EREGLE0526C32.00;EREGL_05/2026_AVRUPA_OPSIYON;D_EQ;SSO;D_EQ_ECP;DE_EREGL_ECP;EREGL.E;2026-05-25;7.08;6.32;12.03;0;0;0;0;0;0;0;0;0;332;0;;;;;
2026-05-07;O_EREGLE0526C33.00;EREGL_05/2026_AVRUPA_OPSIYON;D_EQ;SSO;D_EQ_ECP;DE_EREGL_ECP;EREGL.E;2026-05-25;6.11;5.36;13.99;0;0;0;0;0;0;0;0;0;405;0;;;;;
2026-05-07;O_EREGLE0526C34.00;EREGL_05/2026_AVRUPA_OPSIYON;D_EQ;SSO;D_EQ_ECP;DE_EREGL_ECP;EREGL.E;2026-05-25;5.15;4.43;16.25;0;0;0;0;0;0;0;0;0;658;0;;;;;
2026-05-07;O_EREGLE0526C35.00;EREGL_05/2026_AVRUPA_OPSIYON;D_EQ;SSO;D_EQ_ECP;DE_EREGL_ECP;EREGL.E;2026-05-25;4.22;3.54;19.21;4.26;4.26;4.26;4.26;4.26;38500;4686;11;1;5772;-11;;;;;
2026-05-07;O_EREGLE0526C36.00;EREGL_05/2026_AVRUPA_OPSIYON;D_EQ;SSO;D_EQ_ECP;DE_EREGL_ECP;EREGL.E;2026-05-25;3.35;2.73;22.71;0;0;0;0;0;0;0;0;0;1659;0;;;;;
2026-05-07;O_EREGLE0526C37.00;EREGL_05/2026_AVRUPA_OPSIYON;D_EQ;SSO;D_EQ_ECP;DE_EREGL_ECP;EREGL.E;2026-05-25;2.56;2.02;26.73;0;0;0;0;0;0;0;0;0;1664;0;;;;;
2026-05-07;O_EREGLE0526C38.00;EREGL_05/2026_AVRUPA_OPSIYON;D_EQ;SSO;D_EQ_ECP;DE_EREGL_ECP;EREGL.E;2026-05-25;1.87;1.43;30.77;0;0;0;0;0;0;0;0;0;2580;0;;;;;
2026-05-07;O_EREGLE0526C39.00;EREGL_05/2026_AVRUPA_OPSIYON;D_EQ;SSO;D_EQ_ECP;DE_EREGL_ECP;EREGL.E;2026-05-25;1.31;0.96;36.46;1.18;1.18;1.38;1.27;1.27;6240000;203500;1600;16;3082;-1600;;;;;
2026-05-07;O_EREGLE0526C40.00;EREGL_05/2026_AVRUPA_OPSIYON;D_EQ;SSO;D_EQ_ECP;DE_EREGL_ECP;EREGL.E;2026-05-25;0.87;0.62;40.32;1.04;0.76;1.04;0.76;0.8;52000;1044;13;4;5673;10;;;;;
2026-05-07;O_EREGLE0526C41.00;EREGL_05/2026_AVRUPA_OPSIYON;D_EQ;SSO;D_EQ_ECP;DE_EREGL_ECP;EREGL.E;2026-05-25;0.55;0.37;48.65;0.6;0.5;0.6;0.5;0.55;1648200;22110;402;6;1650;400;;;;;
2026-05-07;O_EREGLE0526C42.00;EREGL_05/2026_AVRUPA_OPSIYON;D_EQ;SSO;D_EQ_ECP;DE_EREGL_ECP;EREGL.E;2026-05-25;0.33;0.22;50;0.35;0.19;0.4;0.19;0.24;1398600;7969;333;6;741;333;;;;;
2026-05-07;O_EREGLE0526C43.00;EREGL_05/2026_AVRUPA_OPSIYON;D_EQ;SSO;D_EQ_ECP;DE_EREGL_ECP;EREGL.E;2026-05-25;0.19;0.12;58.33;0;0;0;0;0;0;0;0;0;2400;0;;;;;
2026-05-07;O_EREGLE0526C44.00;EREGL_05/2026_AVRUPA_OPSIYON;D_EQ;SSO;D_EQ_ECP;DE_EREGL_ECP;EREGL.E;2026-05-25;0.1;0.06;66.67;0;0;0;0;0;0;0;0;0;0;0;;;;;
2026-05-07;O_EREGLE0526P23.50;EREGL_05/2026_AVRUPA_OPSIYON;D_EQ;SSO;D_EQ_EPP;DE_EREGL_EPP;EREGL.E;2026-05-25;0.01;0.01;0;0;0;0;0;0;0;0;0;0;0;0;;;;;
2026-05-07;O_EREGLE0526P24.00;EREGL_05/2026_AVRUPA_OPSIYON;D_EQ;SSO;D_EQ_EPP;DE_EREGL_EPP;EREGL.E;2026-05-25;0.01;0.01;0;0;0;0;0;0;0;0;0;0;0;0;;;;;
2026-05-07;O_EREGLE0526P24.50;EREGL_05/2026_AVRUPA_OPSIYON;D_EQ;SSO;D_EQ_EPP;DE_EREGL_EPP;EREGL.E;2026-05-25;0.01;0.01;0;0;0;0;0;0;0;0;0;0;0;0;;;;;
2026-05-07;O_EREGLE0526P25.00;EREGL_05/2026_AVRUPA_OPSIYON;D_EQ;SSO;D_EQ_EPP;DE_EREGL_EPP;EREGL.E;2026-05-25;0.01;0.01;0;0;0;0;0;0;0;0;0;0;0;0;;;;;
2026-05-07;O_EREGLE0526P26.00;EREGL_05/2026_AVRUPA_OPSIYON;D_EQ;SSO;D_EQ_EPP;DE_EREGL_EPP;EREGL.E;2026-05-25;0.01;0.01;0;0;0;0;0;0;0;0;0;0;0;0;;;;;
2026-05-07;O_EREGLE0526P27.00;EREGL_05/2026_AVRUPA_OPSIYON;D_EQ;SSO;D_EQ_EPP;DE_EREGL_EPP;EREGL.E;2026-05-25;0.01;0.01;0;0;0;0;0;0;0;0;0;0;0;0;;;;;
2026-05-07;O_EREGLE0526P28.00;EREGL_05/2026_AVRUPA_OPSIYON;D_EQ;SSO;D_EQ_EPP;DE_EREGL_EPP;EREGL.E;2026-05-25;0.01;0.01;0;0;0;0;0;0;0;0;0;0;0;0;;;;;
2026-05-07;O_EREGLE0526P29.00;EREGL_05/2026_AVRUPA_OPSIYON;D_EQ;SSO;D_EQ_EPP;DE_EREGL_EPP;EREGL.E;2026-05-25;0.01;0.01;0;0;0;0;0;0;0;0;0;0;5;0;;;;;
2026-05-07;O_EREGLE0526P30.00;EREGL_05/2026_AVRUPA_OPSIYON;D_EQ;SSO;D_EQ_EPP;DE_EREGL_EPP;EREGL.E;2026-05-25;0.01;0.01;0;0;0;0;0;0;0;0;0;0;0;0;;;;;
2026-05-07;O_EREGLE0526P31.00;EREGL_05/2026_AVRUPA_OPSIYON;D_EQ;SSO;D_EQ_EPP;DE_EREGL_EPP;EREGL.E;2026-05-25;0.01;0.01;0;0;0;0;0;0;0;0;0;0;100;0;;;;;
2026-05-07;O_EREGLE0526P32.00;EREGL_05/2026_AVRUPA_OPSIYON;D_EQ;SSO;D_EQ_EPP;DE_EREGL_EPP;EREGL.E;2026-05-25;0.01;0.01;0;0;0;0;0;0;0;0;0;0;775;0;;;;;
2026-05-07;O_EREGLE0526P33.00;EREGL_05/2026_AVRUPA_OPSIYON;D_EQ;SSO;D_EQ_EPP;DE_EREGL_EPP;EREGL.E;2026-05-25;0.01;0.03;-66.67;0;0;0;0;0;0;0;0;0;320;0;;;;;
2026-05-07;O_EREGLE0526P34.00;EREGL_05/2026_AVRUPA_OPSIYON;D_EQ;SSO;D_EQ_EPP;DE_EREGL_EPP;EREGL.E;2026-05-25;0.04;0.08;-50;0;0;0;0;0;0;0;0;0;800;0;;;;;
2026-05-07;O_EREGLE0526P35.00;EREGL_05/2026_AVRUPA_OPSIYON;D_EQ;SSO;D_EQ_EPP;DE_EREGL_EPP;EREGL.E;2026-05-25;0.09;0.18;-50;0.18;0.14;0.2;0.17;0.17;1659000;7989;474;8;2480;472;;;;;
2026-05-07;O_EREGLE0526P36.00;EREGL_05/2026_AVRUPA_OPSIYON;D_EQ;SSO;D_EQ_EPP;DE_EREGL_EPP;EREGL.E;2026-05-25;0.2;0.35;-42.86;0.31;0.25;0.31;0.26;0.26;7880400;57847;2189;10;8349;1816;;;;;
2026-05-07;O_EREGLE0526P37.00;EREGL_05/2026_AVRUPA_OPSIYON;D_EQ;SSO;D_EQ_EPP;DE_EREGL_EPP;EREGL.E;2026-05-25;0.39;0.61;-36.07;0.38;0.38;0.38;0.38;0.38;340400;3496;92;1;14525;0;;;;;
2026-05-07;O_EREGLE0526P38.00;EREGL_05/2026_AVRUPA_OPSIYON;D_EQ;SSO;D_EQ_EPP;DE_EREGL_EPP;EREGL.E;2026-05-25;0.69;1;-31;0.65;0.65;0.65;0.65;0.65;57000;975;15;2;3064;5;;;;;
2026-05-07;O_EREGLE0526P39.00;EREGL_05/2026_AVRUPA_OPSIYON;D_EQ;SSO;D_EQ_EPP;DE_EREGL_EPP;EREGL.E;2026-05-25;1.1;1.52;-27.63;1.1;1.03;1.1;1.03;1.1;9808500;276570;2515;16;2500;2485;;;;;
2026-05-07;O_EREGLE0626C30.00;EREGL_06/2026_AVRUPA_OPSIYON;D_EQ;SSO;D_EQ_ECP;DE_EREGL_ECP;EREGL.E;2026-06-30;10.14;9.38;8.1;0;0;0;0;0;0;0;0;0;0;0;;;;;
2026-05-07;O_EREGLE0626C31.00;EREGL_06/2026_AVRUPA_OPSIYON;D_EQ;SSO;D_EQ_ECP;DE_EREGL_ECP;EREGL.E;2026-06-30;9.21;8.46;8.87;0;0;0;0;0;0;0;0;0;0;0;;;;;
2026-05-07;O_EREGLE0626C32.00;EREGL_06/2026_AVRUPA_OPSIYON;D_EQ;SSO;D_EQ_ECP;DE_EREGL_ECP;EREGL.E;2026-06-30;8.3;7.57;9.64;0;0;0;0;0;0;0;0;0;0;0;;;;;
2026-05-07;O_EREGLE0626C33.00;EREGL_06/2026_AVRUPA_OPSIYON;D_EQ;SSO;D_EQ_ECP;DE_EREGL_ECP;EREGL.E;2026-06-30;7.41;6.69;10.76;0;0;0;0;0;0;0;0;0;0;0;;;;;
2026-05-07;O_EREGLE0626C34.00;EREGL_06/2026_AVRUPA_OPSIYON;D_EQ;SSO;D_EQ_ECP;DE_EREGL_ECP;EREGL.E;2026-06-30;6.55;5.86;11.77;0;0;0;0;0;0;0;0;0;0;0;;;;;
2026-05-07;O_EREGLE0626C35.00;EREGL_06/2026_AVRUPA_OPSIYON;D_EQ;SSO;D_EQ_ECP;DE_EREGL_ECP;EREGL.E;2026-06-30;5.72;5.06;13.04;0;0;0;0;0;0;0;0;0;251;0;;;;;
2026-05-07;O_EREGLE0626C36.00;EREGL_06/2026_AVRUPA_OPSIYON;D_EQ;SSO;D_EQ_ECP;DE_EREGL_ECP;EREGL.E;2026-06-30;4.94;4.32;14.35;0;0;0;0;0;0;0;0;0;601;0;;;;;
2026-05-07;O_EREGLE0626C37.00;EREGL_06/2026_AVRUPA_OPSIYON;D_EQ;SSO;D_EQ_ECP;DE_EREGL_ECP;EREGL.E;2026-06-30;4.21;3.64;15.66;0;0;0;0;0;0;0;0;0;250;0;;;;;
2026-05-07;O_EREGLE0626C38.00;EREGL_06/2026_AVRUPA_OPSIYON;D_EQ;SSO;D_EQ_ECP;DE_EREGL_ECP;EREGL.E;2026-06-30;3.55;3.03;17.16;0;0;0;0;0;0;0;0;0;0;0;;;;;
2026-05-07;O_EREGLE0626C39.00;EREGL_06/2026_AVRUPA_OPSIYON;D_EQ;SSO;D_EQ_ECP;DE_EREGL_ECP;EREGL.E;2026-06-30;2.95;2.49;18.47;0;0;0;0;0;0;0;0;0;5600;0;;;;;
2026-05-07;O_EREGLE0626C40.00;EREGL_06/2026_AVRUPA_OPSIYON;D_EQ;SSO;D_EQ_ECP;DE_EREGL_ECP;EREGL.E;2026-06-30;2.42;2.01;20.4;1.63;1.63;1.63;1.63;1.63;112000;4564;28;1;78;28;;;;;
2026-05-07;O_EREGLE0626C41.00;EREGL_06/2026_AVRUPA_OPSIYON;D_EQ;SSO;D_EQ_ECP;DE_EREGL_ECP;EREGL.E;2026-06-30;1.96;1.61;21.74;0;0;0;0;0;0;0;0;0;282;0;;;;;
2026-05-07;O_EREGLE0626C42.00;EREGL_06/2026_AVRUPA_OPSIYON;D_EQ;SSO;D_EQ_ECP;DE_EREGL_ECP;EREGL.E;2026-06-30;1.56;1.27;22.83;0;0;0;0;0;0;0;0;0;56;0;;;;;
2026-05-07;O_EREGLE0626C43.00;EREGL_06/2026_AVRUPA_OPSIYON;D_EQ;SSO;D_EQ_ECP;DE_EREGL_ECP;EREGL.E;2026-06-30;1.23;0.98;25.51;0.49;0.46;0.49;0.48;0.47;5160000;56800;1200;9;2621;-1022;;;;;
2026-05-07;O_EREGLE0626C44.00;EREGL_06/2026_AVRUPA_OPSIYON;D_EQ;SSO;D_EQ_ECP;DE_EREGL_ECP;EREGL.E;2026-06-30;0.96;0.75;28;0;0;0;0;0;0;0;0;0;1202;0;;;;;
2026-05-07;O_EREGLE0626C45.00;EREGL_06/2026_AVRUPA_OPSIYON;D_EQ;SSO;D_EQ_ECP;DE_EREGL_ECP;EREGL.E;2026-06-30;0.74;0.57;29.82;0;0;0;0;0;0;0;0;0;800;0;;;;;
2026-05-07;O_EREGLE0626C46.00;EREGL_06/2026_AVRUPA_OPSIYON;D_EQ;SSO;D_EQ_ECP;DE_EREGL_ECP;EREGL.E;2026-06-30;0.56;;0;0;0;0;0;0;0;0;0;0;0;0;;;;;
2026-05-07;O_EREGLE0626P25.00;EREGL_06/2026_AVRUPA_OPSIYON;D_EQ;SSO;D_EQ_EPP;DE_EREGL_EPP;EREGL.E;2026-06-30;0.01;0.01;0;0;0;0;0;0;0;0;0;0;0;0;;;;;
2026-05-07;O_EREGLE0626P26.00;EREGL_06/2026_AVRUPA_OPSIYON;D_EQ;SSO;D_EQ_EPP;DE_EREGL_EPP;EREGL.E;2026-06-30;0.01;0.01;0;0;0;0;0;0;0;0;0;0;0;0;;;;;
2026-05-07;O_EREGLE0626P27.00;EREGL_06/2026_AVRUPA_OPSIYON;D_EQ;SSO;D_EQ_EPP;DE_EREGL_EPP;EREGL.E;2026-06-30;0.01;0.01;0;0;0;0;0;0;0;0;0;0;0;0;;;;;
2026-05-07;O_EREGLE0626P28.00;EREGL_06/2026_AVRUPA_OPSIYON;D_EQ;SSO;D_EQ_EPP;DE_EREGL_EPP;EREGL.E;2026-06-30;0.01;0.01;0;0;0;0;0;0;0;0;0;0;0;0;;;;;
2026-05-07;O_EREGLE0626P29.00;EREGL_06/2026_AVRUPA_OPSIYON;D_EQ;SSO;D_EQ_EPP;DE_EREGL_EPP;EREGL.E;2026-06-30;0.01;0.01;0;0;0;0;0;0;0;0;0;0;0;0;;;;;
2026-05-07;O_EREGLE0626P30.00;EREGL_06/2026_AVRUPA_OPSIYON;D_EQ;SSO;D_EQ_EPP;DE_EREGL_EPP;EREGL.E;2026-06-30;0.02;0.03;-33.33;0;0;0;0;0;0;0;0;0;0;0;;;;;
2026-05-07;O_EREGLE0626P31.00;EREGL_06/2026_AVRUPA_OPSIYON;D_EQ;SSO;D_EQ_EPP;DE_EREGL_EPP;EREGL.E;2026-06-30;0.04;0.06;-33.33;0;0;0;0;0;0;0;0;0;0;0;;;;;
2026-05-07;O_EREGLE0626P32.00;EREGL_06/2026_AVRUPA_OPSIYON;D_EQ;SSO;D_EQ_EPP;DE_EREGL_EPP;EREGL.E;2026-06-30;0.07;0.1;-30;0;0;0;0;0;0;0;0;0;0;0;;;;;
2026-05-07;O_EREGLE0626P33.00;EREGL_06/2026_AVRUPA_OPSIYON;D_EQ;SSO;D_EQ_EPP;DE_EREGL_EPP;EREGL.E;2026-06-30;0.13;0.18;-27.78;0;0;0;0;0;0;0;0;0;0;0;;;;;
2026-05-07;O_EREGLE0626P34.00;EREGL_06/2026_AVRUPA_OPSIYON;D_EQ;SSO;D_EQ_EPP;DE_EREGL_EPP;EREGL.E;2026-06-30;0.21;0.28;-25;0;0;0;0;0;0;0;0;0;0;0;;;;;
2026-05-07;O_EREGLE0626P35.00;EREGL_06/2026_AVRUPA_OPSIYON;D_EQ;SSO;D_EQ_EPP;DE_EREGL_EPP;EREGL.E;2026-06-30;0.33;0.44;-25;0;0;0;0;0;0;0;0;0;0;0;;;;;
2026-05-07;O_EREGLE0626P36.00;EREGL_06/2026_AVRUPA_OPSIYON;D_EQ;SSO;D_EQ_EPP;DE_EREGL_EPP;EREGL.E;2026-06-30;0.49;0.64;-23.44;0;0;0;0;0;0;0;0;0;105;0;;;;;
2026-05-07;O_EREGLE0626P37.00;EREGL_06/2026_AVRUPA_OPSIYON;D_EQ;SSO;D_EQ_EPP;DE_EREGL_EPP;EREGL.E;2026-06-30;0.71;0.91;-21.98;0.7;0.7;0.7;0.7;0.7;370000;7000;100;2;201;0;;;;;
2026-05-07;O_EREGLE0626P38.00;EREGL_06/2026_AVRUPA_OPSIYON;D_EQ;SSO;D_EQ_EPP;DE_EREGL_EPP;EREGL.E;2026-06-30;0.99;1.24;-20.16;0;0;0;0;0;0;0;0;0;200;0;;;;;
2026-05-07;O_EREGLE0626P39.00;EREGL_06/2026_AVRUPA_OPSIYON;D_EQ;SSO;D_EQ_EPP;DE_EREGL_EPP;EREGL.E;2026-06-30;1.34;1.64;-18.29;0;0;0;0;0;0;0;0;0;770;0;;;;;
2026-05-07;O_EREGLE0626P40.00;EREGL_06/2026_AVRUPA_OPSIYON;D_EQ;SSO;D_EQ_EPP;DE_EREGL_EPP;EREGL.E;2026-06-30;1.75;2.11;-17.06;0;0;0;0;0;0;0;0;0;50;0;;;;;
2026-05-07;O_EREGLE0626P41.00;EREGL_06/2026_AVRUPA_OPSIYON;D_EQ;SSO;D_EQ_EPP;DE_EREGL_EPP;EREGL.E;2026-06-30;2.24;;0;0;0;0;0;0;0;0;0;0;0;0;;;;;
2026-05-07;O_EREGLE0726C37.00;EREGL_07/2026_AVRUPA_OPSIYON;D_EQ;SSO;D_EQ_ECP;DE_EREGL_ECP;EREGL.E;2026-07-31;5.9;5.29;11.53;0;0;0;0;0;0;0;0;0;0;0;;;;;
2026-05-07;O_EREGLE0726C38.00;EREGL_07/2026_AVRUPA_OPSIYON;D_EQ;SSO;D_EQ_ECP;DE_EREGL_ECP;EREGL.E;2026-07-31;5.22;4.64;12.5;0;0;0;0;0;0;0;0;0;0;0;;;;;
2026-05-07;O_EREGLE0726C39.00;EREGL_07/2026_AVRUPA_OPSIYON;D_EQ;SSO;D_EQ_ECP;DE_EREGL_ECP;EREGL.E;2026-07-31;4.59;4.05;13.33;0;0;0;0;0;0;0;0;0;0;0;;;;;
2026-05-07;O_EREGLE0726C40.00;EREGL_07/2026_AVRUPA_OPSIYON;D_EQ;SSO;D_EQ_ECP;DE_EREGL_ECP;EREGL.E;2026-07-31;4;3.5;14.29;0;0;0;0;0;0;0;0;0;0;0;;;;;
2026-05-07;O_EREGLE0726C41.00;EREGL_07/2026_AVRUPA_OPSIYON;D_EQ;SSO;D_EQ_ECP;DE_EREGL_ECP;EREGL.E;2026-07-31;3.47;3.01;15.28;0;0;0;0;0;0;0;0;0;0;0;;;;;
2026-05-07;O_EREGLE0726C42.00;EREGL_07/2026_AVRUPA_OPSIYON;D_EQ;SSO;D_EQ_ECP;DE_EREGL_ECP;EREGL.E;2026-07-31;2.98;2.57;15.95;0;0;0;0;0;0;0;0;0;0;0;;;;;
2026-05-07;O_EREGLE0726C43.00;EREGL_07/2026_AVRUPA_OPSIYON;D_EQ;SSO;D_EQ_ECP;DE_EREGL_ECP;EREGL.E;2026-07-31;2.55;2.18;16.97;0;0;0;0;0;0;0;0;0;0;0;;;;;
2026-05-07;O_EREGLE0726C44.00;EREGL_07/2026_AVRUPA_OPSIYON;D_EQ;SSO;D_EQ_ECP;DE_EREGL_ECP;EREGL.E;2026-07-31;2.16;1.83;18.03;0;0;0;0;0;0;0;0;0;0;0;;;;;
2026-05-07;O_EREGLE0726C45.00;EREGL_07/2026_AVRUPA_OPSIYON;D_EQ;SSO;D_EQ_ECP;DE_EREGL_ECP;EREGL.E;2026-07-31;1.82;1.53;18.95;0;0;0;0;0;0;0;0;0;0;0;;;;;
2026-05-07;O_EREGLE0726C46.00;EREGL_07/2026_AVRUPA_OPSIYON;D_EQ;SSO;D_EQ_ECP;DE_EREGL_ECP;EREGL.E;2026-07-31;1.52;1.27;19.69;0;0;0;0;0;0;0;0;0;0;0;;;;;
2026-05-07;O_EREGLE0726C47.00;EREGL_07/2026_AVRUPA_OPSIYON;D_EQ;SSO;D_EQ_ECP;DE_EREGL_ECP;EREGL.E;2026-07-31;1.27;;0;0;0;0;0;0;0;0;0;0;0;0;;;;;
2026-05-07;O_EREGLE0726P32.00;EREGL_07/2026_AVRUPA_OPSIYON;D_EQ;SSO;D_EQ_EPP;DE_EREGL_EPP;EREGL.E;2026-07-31;0.1;0.13;-23.08;0;0;0;0;0;0;0;0;0;0;0;;;;;
2026-05-07;O_EREGLE0726P33.00;EREGL_07/2026_AVRUPA_OPSIYON;D_EQ;SSO;D_EQ_EPP;DE_EREGL_EPP;EREGL.E;2026-07-31;0.16;0.21;-23.81;0;0;0;0;0;0;0;0;0;0;0;;;;;
2026-05-07;O_EREGLE0726P34.00;EREGL_07/2026_AVRUPA_OPSIYON;D_EQ;SSO;D_EQ_EPP;DE_EREGL_EPP;EREGL.E;2026-07-31;0.24;0.3;-20;0;0;0;0;0;0;0;0;0;0;0;;;;;
2026-05-07;O_EREGLE0726P35.00;EREGL_07/2026_AVRUPA_OPSIYON;D_EQ;SSO;D_EQ_EPP;DE_EREGL_EPP;EREGL.E;2026-07-31;0.34;0.43;-20.93;0;0;0;0;0;0;0;0;0;0;0;;;;;
2026-05-07;O_EREGLE0726P36.00;EREGL_07/2026_AVRUPA_OPSIYON;D_EQ;SSO;D_EQ_EPP;DE_EREGL_EPP;EREGL.E;2026-07-31;0.48;0.6;-20;0;0;0;0;0;0;0;0;0;0;0;;;;;
2026-05-07;O_EREGLE0726P37.00;EREGL_07/2026_AVRUPA_OPSIYON;D_EQ;SSO;D_EQ_EPP;DE_EREGL_EPP;EREGL.E;2026-07-31;0.66;0.81;-18.52;0;0;0;0;0;0;0;0;0;0;0;;;;;
2026-05-07;O_EREGLE0726P38.00;EREGL_07/2026_AVRUPA_OPSIYON;D_EQ;SSO;D_EQ_EPP;DE_EREGL_EPP;EREGL.E;2026-07-31;0.88;1.06;-16.98;0;0;0;0;0;0;0;0;0;0;0;;;;;
2026-05-07;O_EREGLE0726P39.00;EREGL_07/2026_AVRUPA_OPSIYON;D_EQ;SSO;D_EQ_EPP;DE_EREGL_EPP;EREGL.E;2026-07-31;1.15;1.36;-15.44;0;0;0;0;0;0;0;0;0;0;0;;;;;
2026-05-07;O_EREGLE0726P40.00;EREGL_07/2026_AVRUPA_OPSIYON;D_EQ;SSO;D_EQ_EPP;DE_EREGL_EPP;EREGL.E;2026-07-31;1.46;1.72;-15.12;0;0;0;0;0;0;0;0;0;0;0;;;;;
2026-05-07;O_EREGLE0726P41.00;EREGL_07/2026_AVRUPA_OPSIYON;D_EQ;SSO;D_EQ_EPP;DE_EREGL_EPP;EREGL.E;2026-07-31;1.82;2.12;-14.15;0;0;0;0;0;0;0;0;0;0;0;;;;;
2026-05-07;O_EREGLE0726P42.00;EREGL_07/2026_AVRUPA_OPSIYON;D_EQ;SSO;D_EQ_EPP;DE_EREGL_EPP;EREGL.E;2026-07-31;2.24;;0;0;0;0;0;0;0;0;0;0;0;0;;;;;
2026-05-07;O_FROTOE0526C100.00;FROTO_05/2026_AVRUPA_OPSIYON;D_EQ;SSO;D_EQ_ECP;DE_FROTO_ECP;FROTO.E;2026-05-25;3.58;3.86;-7.25;0;0;0;0;0;0;0;0;0;400;0;;;;;
2026-05-07;O_FROTOE0526C105.00;FROTO_05/2026_AVRUPA_OPSIYON;D_EQ;SSO;D_EQ_ECP;DE_FROTO_ECP;FROTO.E;2026-05-25;1.6;1.83;-12.57;1.36;1.36;1.36;1.36;1.36;367500;4760;35;5;17;-24;;;;;
2026-05-07;O_FROTOE0526C110.00;FROTO_05/2026_AVRUPA_OPSIYON;D_EQ;SSO;D_EQ_ECP;DE_FROTO_ECP;FROTO.E;2026-05-25;0.6;0.74;-18.92;0.58;0.44;0.6;0.44;0.58;814000;4262;74;66;209;74;;;;;
2026-05-07;O_FROTOE0526C115.00;FROTO_05/2026_AVRUPA_OPSIYON;D_EQ;SSO;D_EQ_ECP;DE_FROTO_ECP;FROTO.E;2026-05-25;0.18;0.25;-28;0;0;0;0;0;0;0;0;0;4;0;;;;;
2026-05-07;O_FROTOE0526C120.00;FROTO_05/2026_AVRUPA_OPSIYON;D_EQ;SSO;D_EQ_ECP;DE_FROTO_ECP;FROTO.E;2026-05-25;0.05;0.08;-37.5;0;0;0;0;0;0;0;0;0;0;0;;;;;
2026-05-07;O_FROTOE0526C125.00;FROTO_05/2026_AVRUPA_OPSIYON;D_EQ;SSO;D_EQ_ECP;DE_FROTO_ECP;FROTO.E;2026-05-25;0.01;0.02;-50;0;0;0;0;0;0;0;0;0;0;0;;;;;
2026-05-07;O_FROTOE0526C130.00;FROTO_05/2026_AVRUPA_OPSIYON;D_EQ;SSO;D_EQ_ECP;DE_FROTO_ECP;FROTO.E;2026-05-25;0.01;0.01;0;0;0;0;0;0;0;0;0;0;0;0;;;;;
2026-05-07;O_FROTOE0526C135.00;FROTO_05/2026_AVRUPA_OPSIYON;D_EQ;SSO;D_EQ_ECP;DE_FROTO_ECP;FROTO.E;2026-05-25;0.01;0.01;0;0;0;0;0;0;0;0;0;0;0;0;;;;;
2026-05-07;O_FROTOE0526C140.00;FROTO_05/2026_AVRUPA_OPSIYON;D_EQ;SSO;D_EQ_ECP;DE_FROTO_ECP;FROTO.E;2026-05-25;0.01;0.01;0;0;0;0;0;0;0;0;0;0;0;0;;;;;
2026-05-07;O_FROTOE0526C145.00;FROTO_05/2026_AVRUPA_OPSIYON;D_EQ;SSO;D_EQ_ECP;DE_FROTO_ECP;FROTO.E;2026-05-25;0.01;0.01;0;0;0;0;0;0;0;0;0;0;0;0;;;;;
2026-05-07;O_FROTOE0526C150.00;FROTO_05/2026_AVRUPA_OPSIYON;D_EQ;SSO;D_EQ_ECP;DE_FROTO_ECP;FROTO.E;2026-05-25;0.01;0.01;0;0;0;0;0;0;0;0;0;0;0;0;;;;;
2026-05-07;O_FROTOE0526C155.00;FROTO_05/2026_AVRUPA_OPSIYON;D_EQ;SSO;D_EQ_ECP;DE_FROTO_ECP;FROTO.E;2026-05-25;0.01;0.01;0;0;0;0;0;0;0;0;0;0;0;0;;;;;
2026-05-07;O_FROTOE0526C96.00;FROTO_05/2026_AVRUPA_OPSIYON;D_EQ;SSO;D_EQ_ECP;DE_FROTO_ECP;FROTO.E;2026-05-25;6;6.29;-4.61;0;0;0;0;0;0;0;0;0;0;0;;;;;
2026-05-07;O_FROTOE0526C98.00;FROTO_05/2026_AVRUPA_OPSIYON;D_EQ;SSO;D_EQ_ECP;DE_FROTO_ECP;FROTO.E;2026-05-25;4.7;4.99;-5.81;0;0;0;0;0;0;0;0;0;195;0;;;;;
2026-05-07;O_FROTOE0526P100.00;FROTO_05/2026_AVRUPA_OPSIYON;D_EQ;SSO;D_EQ_EPP;DE_FROTO_EPP;FROTO.E;2026-05-25;2.82;2.91;-3.09;2.2;1.87;2.2;1.87;1.97;14620000;288662;1462;11;1762;1462;;;;;
2026-05-07;O_FROTOE0526P105.00;FROTO_05/2026_AVRUPA_OPSIYON;D_EQ;SSO;D_EQ_EPP;DE_FROTO_EPP;FROTO.E;2026-05-25;5.75;5.77;-0.35;4.72;4.54;4.86;4.86;4.69;630000;28130;60;6;727;0;;;;;
2026-05-07;O_FROTOE0526P110.00;FROTO_05/2026_AVRUPA_OPSIYON;D_EQ;SSO;D_EQ_EPP;DE_FROTO_EPP;FROTO.E;2026-05-25;9.65;9.58;0.73;0;0;0;0;0;0;0;0;0;80;0;;;;;
2026-05-07;O_FROTOE0526P115.00;FROTO_05/2026_AVRUPA_OPSIYON;D_EQ;SSO;D_EQ_EPP;DE_FROTO_EPP;FROTO.E;2026-05-25;14.15;14;1.07;0;0;0;0;0;0;0;0;0;30;0;;;;;
2026-05-07;O_FROTOE0526P120.00;FROTO_05/2026_AVRUPA_OPSIYON;D_EQ;SSO;D_EQ_EPP;DE_FROTO_EPP;FROTO.E;2026-05-25;18.92;18.72;1.07;0;0;0;0;0;0;0;0;0;0;0;;;;;
2026-05-07;O_FROTOE0526P125.00;FROTO_05/2026_AVRUPA_OPSIYON;D_EQ;SSO;D_EQ_EPP;DE_FROTO_EPP;FROTO.E;2026-05-25;23.79;23.57;0.93;0;0;0;0;0;0;0;0;0;0;0;;;;;
2026-05-07;O_FROTOE0526P130.00;FROTO_05/2026_AVRUPA_OPSIYON;D_EQ;SSO;D_EQ_EPP;DE_FROTO_EPP;FROTO.E;2026-05-25;28.69;28.46;0.81;0;0;0;0;0;0;0;0;0;0;0;;;;;
2026-05-07;O_FROTOE0526P86.00;FROTO_05/2026_AVRUPA_OPSIYON;D_EQ;SSO;D_EQ_EPP;DE_FROTO_EPP;FROTO.E;2026-05-25;0.07;0.09;-22.22;0;0;0;0;0;0;0;0;0;0;0;;;;;
2026-05-07;O_FROTOE0526P88.00;FROTO_05/2026_AVRUPA_OPSIYON;D_EQ;SSO;D_EQ_EPP;DE_FROTO_EPP;FROTO.E;2026-05-25;0.15;0.18;-16.67;0;0;0;0;0;0;0;0;0;0;0;;;;;
2026-05-07;O_FROTOE0526P90.00;FROTO_05/2026_AVRUPA_OPSIYON;D_EQ;SSO;D_EQ_EPP;DE_FROTO_EPP;FROTO.E;2026-05-25;0.28;0.33;-15.15;0;0;0;0;0;0;0;0;0;0;0;;;;;
2026-05-07;O_FROTOE0526P92.00;FROTO_05/2026_AVRUPA_OPSIYON;D_EQ;SSO;D_EQ_EPP;DE_FROTO_EPP;FROTO.E;2026-05-25;0.5;0.57;-12.28;0;0;0;0;0;0;0;0;0;0;0;;;;;
2026-05-07;O_FROTOE0526P94.00;FROTO_05/2026_AVRUPA_OPSIYON;D_EQ;SSO;D_EQ_EPP;DE_FROTO_EPP;FROTO.E;2026-05-25;0.84;0.92;-8.7;0;0;0;0;0;0;0;0;0;0;0;;;;;
2026-05-07;O_FROTOE0526P96.00;FROTO_05/2026_AVRUPA_OPSIYON;D_EQ;SSO;D_EQ_EPP;DE_FROTO_EPP;FROTO.E;2026-05-25;1.32;1.41;-6.38;0;0;0;0;0;0;0;0;0;300;0;;;;;
2026-05-07;O_FROTOE0526P98.00;FROTO_05/2026_AVRUPA_OPSIYON;D_EQ;SSO;D_EQ_EPP;DE_FROTO_EPP;FROTO.E;2026-05-25;1.98;2.07;-4.35;0;0;0;0;0;0;0;0;0;0;0;;;;;
2026-05-07;O_FROTOE0626C100.00;FROTO_06/2026_AVRUPA_OPSIYON;D_EQ;SSO;D_EQ_ECP;DE_FROTO_ECP;FROTO.E;2026-06-30;7.87;8.19;-3.91;0;0;0;0;0;0;0;0;0;0;0;;;;;
2026-05-07;O_FROTOE0626C105.00;FROTO_06/2026_AVRUPA_OPSIYON;D_EQ;SSO;D_EQ_ECP;DE_FROTO_ECP;FROTO.E;2026-06-30;5.36;5.67;-5.47;0;0;0;0;0;0;0;0;0;0;0;;;;;
2026-05-07;O_FROTOE0626C110.00;FROTO_06/2026_AVRUPA_OPSIYON;D_EQ;SSO;D_EQ_ECP;DE_FROTO_ECP;FROTO.E;2026-06-30;3.49;3.77;-7.43;0;0;0;0;0;0;0;0;0;0;0;;;;;
2026-05-07;O_FROTOE0626C115.00;FROTO_06/2026_AVRUPA_OPSIYON;D_EQ;SSO;D_EQ_ECP;DE_FROTO_ECP;FROTO.E;2026-06-30;2.17;2.4;-9.58;0;0;0;0;0;0;0;0;0;0;0;;;;;
2026-05-07;O_FROTOE0626C120.00;FROTO_06/2026_AVRUPA_OPSIYON;D_EQ;SSO;D_EQ_ECP;DE_FROTO_ECP;FROTO.E;2026-06-30;1.29;1.47;-12.24;0.84;0.84;0.9;0.9;0.86;4800000;34592;400;7;400;400;;;;;
2026-05-07;O_FROTOE0626C125.00;FROTO_06/2026_AVRUPA_OPSIYON;D_EQ;SSO;D_EQ_ECP;DE_FROTO_ECP;FROTO.E;2026-06-30;0.74;0.87;-14.94;0.46;0.46;0.48;0.48;0.47;5000000;18728;400;4;400;400;;;;;
2026-05-07;O_FROTOE0626C130.00;FROTO_06/2026_AVRUPA_OPSIYON;D_EQ;SSO;D_EQ_ECP;DE_FROTO_ECP;FROTO.E;2026-06-30;0.41;0.49;-16.33;0;0;0;0;0;0;0;0;0;0;0;;;;;
2026-05-07;O_FROTOE0626C135.00;FROTO_06/2026_AVRUPA_OPSIYON;D_EQ;SSO;D_EQ_ECP;DE_FROTO_ECP;FROTO.E;2026-06-30;0.22;0.27;-18.52;0;0;0;0;0;0;0;0;0;0;0;;;;;
2026-05-07;O_FROTOE0626C140.00;FROTO_06/2026_AVRUPA_OPSIYON;D_EQ;SSO;D_EQ_ECP;DE_FROTO_ECP;FROTO.E;2026-06-30;0.11;0.15;-26.67;0;0;0;0;0;0;0;0;0;0;0;;;;;
2026-05-07;O_FROTOE0626C145.00;FROTO_06/2026_AVRUPA_OPSIYON;D_EQ;SSO;D_EQ_ECP;DE_FROTO_ECP;FROTO.E;2026-06-30;0.06;0.08;-25;0;0;0;0;0;0;0;0;0;0;0;;;;;
2026-05-07;O_FROTOE0626C150.00;FROTO_06/2026_AVRUPA_OPSIYON;D_EQ;SSO;D_EQ_ECP;DE_FROTO_ECP;FROTO.E;2026-06-30;0.03;0.04;-25;0;0;0;0;0;0;0;0;0;0;0;;;;;
2026-05-07;O_FROTOE0626C98.00;FROTO_06/2026_AVRUPA_OPSIYON;D_EQ;SSO;D_EQ_ECP;DE_FROTO_ECP;FROTO.E;2026-06-30;9.06;9.37;-3.31;0;0;0;0;0;0;0;0;0;0;0;;;;;
2026-05-07;O_FROTOE0626P100.00;FROTO_06/2026_AVRUPA_OPSIYON;D_EQ;SSO;D_EQ_EPP;DE_FROTO_EPP;FROTO.E;2026-06-30;3.5;3.62;-3.31;0;0;0;0;0;0;0;0;0;0;0;;;;;
2026-05-07;O_FROTOE0626P105.00;FROTO_06/2026_AVRUPA_OPSIYON;D_EQ;SSO;D_EQ_EPP;DE_FROTO_EPP;FROTO.E;2026-06-30;5.72;5.83;-1.89;0;0;0;0;0;0;0;0;0;0;0;;;;;
2026-05-07;O_FROTOE0626P110.00;FROTO_06/2026_AVRUPA_OPSIYON;D_EQ;SSO;D_EQ_EPP;DE_FROTO_EPP;FROTO.E;2026-06-30;8.58;8.65;-0.81;7.96;7.72;8.02;7.72;7.9;6490000;466151;590;10;590;590;;;;;
2026-05-07;O_FROTOE0626P115.00;FROTO_06/2026_AVRUPA_OPSIYON;D_EQ;SSO;D_EQ_EPP;DE_FROTO_EPP;FROTO.E;2026-06-30;11.98;12;-0.17;0;0;0;0;0;0;0;0;0;0;0;;;;;
2026-05-07;O_FROTOE0626P120.00;FROTO_06/2026_AVRUPA_OPSIYON;D_EQ;SSO;D_EQ_EPP;DE_FROTO_EPP;FROTO.E;2026-06-30;15.83;15.79;0.25;0;0;0;0;0;0;0;0;0;0;0;;;;;
2026-05-07;O_FROTOE0626P125.00;FROTO_06/2026_AVRUPA_OPSIYON;D_EQ;SSO;D_EQ_EPP;DE_FROTO_EPP;FROTO.E;2026-06-30;20;19.91;0.45;0;0;0;0;0;0;0;0;0;0;0;;;;;
2026-05-07;O_FROTOE0626P88.00;FROTO_06/2026_AVRUPA_OPSIYON;D_EQ;SSO;D_EQ_EPP;DE_FROTO_EPP;FROTO.E;2026-06-30;0.67;0.74;-9.46;0;0;0;0;0;0;0;0;0;0;0;;;;;
2026-05-07;O_FROTOE0626P90.00;FROTO_06/2026_AVRUPA_OPSIYON;D_EQ;SSO;D_EQ_EPP;DE_FROTO_EPP;FROTO.E;2026-06-30;0.93;1.01;-7.92;0;0;0;0;0;0;0;0;0;0;0;;;;;
2026-05-07;O_FROTOE0626P92.00;FROTO_06/2026_AVRUPA_OPSIYON;D_EQ;SSO;D_EQ_EPP;DE_FROTO_EPP;FROTO.E;2026-06-30;1.27;1.36;-6.62;0;0;0;0;0;0;0;0;0;0;0;;;;;
2026-05-07;O_FROTOE0626P94.00;FROTO_06/2026_AVRUPA_OPSIYON;D_EQ;SSO;D_EQ_EPP;DE_FROTO_EPP;FROTO.E;2026-06-30;1.69;1.79;-5.59;0;0;0;0;0;0;0;0;0;0;0;;;;;
2026-05-07;O_FROTOE0626P96.00;FROTO_06/2026_AVRUPA_OPSIYON;D_EQ;SSO;D_EQ_EPP;DE_FROTO_EPP;FROTO.E;2026-06-30;2.19;2.31;-5.19;0;0;0;0;0;0;0;0;0;0;0;;;;;
2026-05-07;O_FROTOE0626P98.00;FROTO_06/2026_AVRUPA_OPSIYON;D_EQ;SSO;D_EQ_EPP;DE_FROTO_EPP;FROTO.E;2026-06-30;2.8;2.92;-4.11;0;0;0;0;0;0;0;0;0;0;0;;;;;
2026-05-07;O_FROTOE0726C100.00;FROTO_07/2026_AVRUPA_OPSIYON;D_EQ;SSO;D_EQ_ECP;DE_FROTO_ECP;FROTO.E;2026-07-31;12.11;12.45;-2.73;0;0;0;0;0;0;0;0;0;0;0;;;;;
2026-05-07;O_FROTOE0726C105.00;FROTO_07/2026_AVRUPA_OPSIYON;D_EQ;SSO;D_EQ_ECP;DE_FROTO_ECP;FROTO.E;2026-07-31;9.3;9.66;-3.73;0;0;0;0;0;0;0;0;0;0;0;;;;;
2026-05-07;O_FROTOE0726C110.00;FROTO_07/2026_AVRUPA_OPSIYON;D_EQ;SSO;D_EQ_ECP;DE_FROTO_ECP;FROTO.E;2026-07-31;6.97;7.32;-4.78;0;0;0;0;0;0;0;0;0;0;0;;;;;
2026-05-07;O_FROTOE0726C115.00;FROTO_07/2026_AVRUPA_OPSIYON;D_EQ;SSO;D_EQ_ECP;DE_FROTO_ECP;FROTO.E;2026-07-31;5.1;5.43;-6.08;0;0;0;0;0;0;0;0;0;0;0;;;;;
2026-05-07;O_FROTOE0726C120.00;FROTO_07/2026_AVRUPA_OPSIYON;D_EQ;SSO;D_EQ_ECP;DE_FROTO_ECP;FROTO.E;2026-07-31;3.64;3.94;-7.61;0;0;0;0;0;0;0;0;0;0;0;;;;;
2026-05-07;O_FROTOE0726C125.00;FROTO_07/2026_AVRUPA_OPSIYON;D_EQ;SSO;D_EQ_ECP;DE_FROTO_ECP;FROTO.E;2026-07-31;2.55;2.8;-8.93;0;0;0;0;0;0;0;0;0;0;0;;;;;
2026-05-07;O_FROTOE0726C130.00;FROTO_07/2026_AVRUPA_OPSIYON;D_EQ;SSO;D_EQ_ECP;DE_FROTO_ECP;FROTO.E;2026-07-31;1.75;1.96;-10.71;0;0;0;0;0;0;0;0;0;0;0;;;;;
2026-05-07;O_FROTOE0726C135.00;FROTO_07/2026_AVRUPA_OPSIYON;D_EQ;SSO;D_EQ_ECP;DE_FROTO_ECP;FROTO.E;2026-07-31;1.17;1.34;-12.69;0;0;0;0;0;0;0;0;0;0;0;;;;;
2026-05-07;O_FROTOE0726P100.00;FROTO_07/2026_AVRUPA_OPSIYON;D_EQ;SSO;D_EQ_EPP;DE_FROTO_EPP;FROTO.E;2026-07-31;3.05;3.18;-4.09;0;0;0;0;0;0;0;0;0;0;0;;;;;
2026-05-07;O_FROTOE0726P105.00;FROTO_07/2026_AVRUPA_OPSIYON;D_EQ;SSO;D_EQ_EPP;DE_FROTO_EPP;FROTO.E;2026-07-31;4.74;4.87;-2.67;0;0;0;0;0;0;0;0;0;0;0;;;;;
2026-05-07;O_FROTOE0726P110.00;FROTO_07/2026_AVRUPA_OPSIYON;D_EQ;SSO;D_EQ_EPP;DE_FROTO_EPP;FROTO.E;2026-07-31;6.9;7.02;-1.71;0;0;0;0;0;0;0;0;0;0;0;;;;;
2026-05-07;O_FROTOE0726P90.00;FROTO_07/2026_AVRUPA_OPSIYON;D_EQ;SSO;D_EQ_EPP;DE_FROTO_EPP;FROTO.E;2026-07-31;0.99;1.07;-7.48;0;0;0;0;0;0;0;0;0;0;0;;;;;
2026-05-07;O_FROTOE0726P92.00;FROTO_07/2026_AVRUPA_OPSIYON;D_EQ;SSO;D_EQ_EPP;DE_FROTO_EPP;FROTO.E;2026-07-31;1.27;1.37;-7.3;0;0;0;0;0;0;0;0;0;0;0;;;;;
2026-05-07;O_FROTOE0726P94.00;FROTO_07/2026_AVRUPA_OPSIYON;D_EQ;SSO;D_EQ_EPP;DE_FROTO_EPP;FROTO.E;2026-07-31;1.62;1.73;-6.36;0;0;0;0;0;0;0;0;0;0;0;;;;;
2026-05-07;O_FROTOE0726P96.00;FROTO_07/2026_AVRUPA_OPSIYON;D_EQ;SSO;D_EQ_EPP;DE_FROTO_EPP;FROTO.E;2026-07-31;2.03;2.15;-5.58;0;0;0;0;0;0;0;0;0;0;0;;;;;
2026-05-07;O_FROTOE0726P98.00;FROTO_07/2026_AVRUPA_OPSIYON;D_EQ;SSO;D_EQ_EPP;DE_FROTO_EPP;FROTO.E;2026-07-31;2.5;2.63;-4.94;0;0;0;0;0;0;0;0;0;0;0;;;;;
2026-05-07;O_GARANE0526C125.00;GARAN_05/2026_AVRUPA_OPSIYON;D_EQ;SSO;D_EQ_ECP;DE_GARAN_ECP;GARAN.E;2026-05-25;15.5;14.73;5.23;0;0;0;0;0;0;0;0;0;0;0;;;;;
2026-05-07;O_GARANE0526C130.00;GARAN_05/2026_AVRUPA_OPSIYON;D_EQ;SSO;D_EQ_ECP;DE_GARAN_ECP;GARAN.E;2026-05-25;11.14;10.52;5.89;0;0;0;0;0;0;0;0;0;0;0;;;;;
2026-05-07;O_GARANE0526C135.00;GARAN_05/2026_AVRUPA_OPSIYON;D_EQ;SSO;D_EQ_ECP;DE_GARAN_ECP;GARAN.E;2026-05-25;7.34;6.95;5.61;0;0;0;0;0;0;0;0;0;20;0;;;;;
2026-05-07;O_GARANE0526C140.00;GARAN_05/2026_AVRUPA_OPSIYON;D_EQ;SSO;D_EQ_ECP;DE_GARAN_ECP;GARAN.E;2026-05-25;4.43;4.25;4.24;0;0;0;0;0;0;0;0;0;90;0;;;;;
2026-05-07;O_GARANE0526C145.00;GARAN_05/2026_AVRUPA_OPSIYON;D_EQ;SSO;D_EQ_ECP;DE_GARAN_ECP;GARAN.E;2026-05-25;2.51;2.44;2.87;0;0;0;0;0;0;0;0;0;0;0;;;;;
2026-05-07;O_GARANE0526C150.00;GARAN_05/2026_AVRUPA_OPSIYON;D_EQ;SSO;D_EQ_ECP;DE_GARAN_ECP;GARAN.E;2026-05-25;1.47;1.43;2.8;0;0;0;0;0;0;0;0;0;42;0;;;;;
2026-05-07;O_GARANE0526C155.00;GARAN_05/2026_AVRUPA_OPSIYON;D_EQ;SSO;D_EQ_ECP;DE_GARAN_ECP;GARAN.E;2026-05-25;0.92;0.86;6.98;0;0;0;0;0;0;0;0;0;0;0;;;;;
2026-05-07;O_GARANE0526C160.00;GARAN_05/2026_AVRUPA_OPSIYON;D_EQ;SSO;D_EQ_ECP;DE_GARAN_ECP;GARAN.E;2026-05-25;0.6;0.52;15.38;0;0;0;0;0;0;0;0;0;0;0;;;;;
2026-05-07;O_GARANE0526C165.00;GARAN_05/2026_AVRUPA_OPSIYON;D_EQ;SSO;D_EQ_ECP;DE_GARAN_ECP;GARAN.E;2026-05-25;0.4;0.33;21.21;0;0;0;0;0;0;0;0;0;0;0;;;;;
2026-05-07;O_GARANE0526C170.00;GARAN_05/2026_AVRUPA_OPSIYON;D_EQ;SSO;D_EQ_ECP;DE_GARAN_ECP;GARAN.E;2026-05-25;0.29;0.21;38.1;0;0;0;0;0;0;0;0;0;0;0;;;;;
2026-05-07;O_GARANE0526C175.00;GARAN_05/2026_AVRUPA_OPSIYON;D_EQ;SSO;D_EQ_ECP;DE_GARAN_ECP;GARAN.E;2026-05-25;0.21;0.14;50;0;0;0;0;0;0;0;0;0;0;0;;;;;
2026-05-07;O_GARANE0526C180.00;GARAN_05/2026_AVRUPA_OPSIYON;D_EQ;SSO;D_EQ_ECP;DE_GARAN_ECP;GARAN.E;2026-05-25;0.16;0.1;60;0;0;0;0;0;0;0;0;0;0;0;;;;;
2026-05-07;O_GARANE0526C185.00;GARAN_05/2026_AVRUPA_OPSIYON;D_EQ;SSO;D_EQ_ECP;DE_GARAN_ECP;GARAN.E;2026-05-25;0.13;0.07;85.71;0;0;0;0;0;0;0;0;0;0;0;;;;;
2026-05-07;O_GARANE0526C190.00;GARAN_05/2026_AVRUPA_OPSIYON;D_EQ;SSO;D_EQ_ECP;DE_GARAN_ECP;GARAN.E;2026-05-25;0.08;0.05;60;0;0;0;0;0;0;0;0;0;0;0;;;;;
2026-05-07;O_GARANE0526C195.00;GARAN_05/2026_AVRUPA_OPSIYON;D_EQ;SSO;D_EQ_ECP;DE_GARAN_ECP;GARAN.E;2026-05-25;0.05;0.04;25;0;0;0;0;0;0;0;0;0;0;0;;;;;
2026-05-07;O_GARANE0526C200.00;GARAN_05/2026_AVRUPA_OPSIYON;D_EQ;SSO;D_EQ_ECP;DE_GARAN_ECP;GARAN.E;2026-05-25;0.03;0.03;0;0;0;0;0;0;0;0;0;0;0;0;;;;;
2026-05-07;O_GARANE0526P100.00;GARAN_05/2026_AVRUPA_OPSIYON;D_EQ;SSO;D_EQ_EPP;DE_GARAN_EPP;GARAN.E;2026-05-25;0.01;0.01;0;0;0;0;0;0;0;0;0;0;0;0;;;;;
2026-05-07;O_GARANE0526P105.00;GARAN_05/2026_AVRUPA_OPSIYON;D_EQ;SSO;D_EQ_EPP;DE_GARAN_EPP;GARAN.E;2026-05-25;0.03;0.02;50;0;0;0;0;0;0;0;0;0;0;0;;;;;
2026-05-07;O_GARANE0526P110.00;GARAN_05/2026_AVRUPA_OPSIYON;D_EQ;SSO;D_EQ_EPP;DE_GARAN_EPP;GARAN.E;2026-05-25;0.07;0.06;16.67;0;0;0;0;0;0;0;0;0;0;0;;;;;
2026-05-07;O_GARANE0526P115.00;GARAN_05/2026_AVRUPA_OPSIYON;D_EQ;SSO;D_EQ_EPP;DE_GARAN_EPP;GARAN.E;2026-05-25;0.14;0.14;0;0;0;0;0;0;0;0;0;0;0;0;;;;;
2026-05-07;O_GARANE0526P120.00;GARAN_05/2026_AVRUPA_OPSIYON;D_EQ;SSO;D_EQ_EPP;DE_GARAN_EPP;GARAN.E;2026-05-25;0.29;0.32;-9.38;0;0;0;0;0;0;0;0;0;0;0;;;;;
2026-05-07;O_GARANE0526P125.00;GARAN_05/2026_AVRUPA_OPSIYON;D_EQ;SSO;D_EQ_EPP;DE_GARAN_EPP;GARAN.E;2026-05-25;0.58;0.68;-14.71;0;0;0;0;0;0;0;0;0;500;0;;;;;
2026-05-07;O_GARANE0526P130.00;GARAN_05/2026_AVRUPA_OPSIYON;D_EQ;SSO;D_EQ_EPP;DE_GARAN_EPP;GARAN.E;2026-05-25;1.13;1.37;-17.52;0;0;0;0;0;0;0;0;0;0;0;;;;;
2026-05-07;O_GARANE0526P135.00;GARAN_05/2026_AVRUPA_OPSIYON;D_EQ;SSO;D_EQ_EPP;DE_GARAN_EPP;GARAN.E;2026-05-25;2.23;2.7;-17.41;1.8;1.8;1.8;1.8;1.8;810000;10800;60;6;425;-60;;;;;
2026-05-07;O_GARANE0526P140.00;GARAN_05/2026_AVRUPA_OPSIYON;D_EQ;SSO;D_EQ_EPP;DE_GARAN_EPP;GARAN.E;2026-05-25;4.23;4.9;-13.67;0;0;0;0;0;0;0;0;0;4;0;;;;;
2026-05-07;O_GARANE0526P145.00;GARAN_05/2026_AVRUPA_OPSIYON;D_EQ;SSO;D_EQ_EPP;DE_GARAN_EPP;GARAN.E;2026-05-25;7.22;8;-9.75;0;0;0;0;0;0;0;0;0;0;0;;;;;
2026-05-07;O_GARANE0526P150.00;GARAN_05/2026_AVRUPA_OPSIYON;D_EQ;SSO;D_EQ_EPP;DE_GARAN_EPP;GARAN.E;2026-05-25;11.09;11.9;-6.81;0;0;0;0;0;0;0;0;0;0;0;;;;;
2026-05-07;O_GARANE0526P155.00;GARAN_05/2026_AVRUPA_OPSIYON;D_EQ;SSO;D_EQ_EPP;DE_GARAN_EPP;GARAN.E;2026-05-25;15.44;16.22;-4.81;0;0;0;0;0;0;0;0;0;77;0;;;;;
2026-05-07;O_GARANE0526P160.00;GARAN_05/2026_AVRUPA_OPSIYON;D_EQ;SSO;D_EQ_EPP;DE_GARAN_EPP;GARAN.E;2026-05-25;20.03;20.79;-3.66;0;0;0;0;0;0;0;0;0;0;0;;;;;
2026-05-07;O_GARANE0526P165.00;GARAN_05/2026_AVRUPA_OPSIYON;D_EQ;SSO;D_EQ_EPP;DE_GARAN_EPP;GARAN.E;2026-05-25;24.74;25.5;-2.98;0;0;0;0;0;0;0;0;0;0;0;;;;;
2026-05-07;O_GARANE0526P170.00;GARAN_05/2026_AVRUPA_OPSIYON;D_EQ;SSO;D_EQ_EPP;DE_GARAN_EPP;GARAN.E;2026-05-25;29.53;30.28;-2.48;0;0;0;0;0;0;0;0;0;0;0;;;;;
2026-05-07;O_GARANE0526P175.00;GARAN_05/2026_AVRUPA_OPSIYON;D_EQ;SSO;D_EQ_EPP;DE_GARAN_EPP;GARAN.E;2026-05-25;34.36;35.11;-2.14;0;0;0;0;0;0;0;0;0;0;0;;;;;
2026-05-07;O_GARANE0626C130.00;GARAN_06/2026_AVRUPA_OPSIYON;D_EQ;SSO;D_EQ_ECP;DE_GARAN_ECP;GARAN.E;2026-06-30;17.41;16.68;4.38;0;0;0;0;0;0;0;0;0;0;0;;;;;
2026-05-07;O_GARANE0626C135.00;GARAN_06/2026_AVRUPA_OPSIYON;D_EQ;SSO;D_EQ_ECP;DE_GARAN_ECP;GARAN.E;2026-06-30;13.57;13.04;4.06;0;0;0;0;0;0;0;0;0;0;0;;;;;
2026-05-07;O_GARANE0626C140.00;GARAN_06/2026_AVRUPA_OPSIYON;D_EQ;SSO;D_EQ_ECP;DE_GARAN_ECP;GARAN.E;2026-06-30;10.36;10.04;3.19;0;0;0;0;0;0;0;0;0;38;0;;;;;
2026-05-07;O_GARANE0626C145.00;GARAN_06/2026_AVRUPA_OPSIYON;D_EQ;SSO;D_EQ_ECP;DE_GARAN_ECP;GARAN.E;2026-06-30;7.78;7.61;2.23;0;0;0;0;0;0;0;0;0;0;0;;;;;
2026-05-07;O_GARANE0626C150.00;GARAN_06/2026_AVRUPA_OPSIYON;D_EQ;SSO;D_EQ_ECP;DE_GARAN_ECP;GARAN.E;2026-06-30;5.85;5.74;1.92;0;0;0;0;0;0;0;0;0;0;0;;;;;
2026-05-07;O_GARANE0626C155.00;GARAN_06/2026_AVRUPA_OPSIYON;D_EQ;SSO;D_EQ_ECP;DE_GARAN_ECP;GARAN.E;2026-06-30;4.72;4.58;3.06;0;0;0;0;0;0;0;0;0;1000;0;;;;;
2026-05-07;O_GARANE0626C160.00;GARAN_06/2026_AVRUPA_OPSIYON;D_EQ;SSO;D_EQ_ECP;DE_GARAN_ECP;GARAN.E;2026-06-30;3.95;3.7;6.76;0;0;0;0;0;0;0;0;0;0;0;;;;;
2026-05-07;O_GARANE0626C165.00;GARAN_06/2026_AVRUPA_OPSIYON;D_EQ;SSO;D_EQ_ECP;DE_GARAN_ECP;GARAN.E;2026-06-30;3.39;3.05;11.15;0;0;0;0;0;0;0;0;0;0;0;;;;;
2026-05-07;O_GARANE0626C170.00;GARAN_06/2026_AVRUPA_OPSIYON;D_EQ;SSO;D_EQ_ECP;DE_GARAN_ECP;GARAN.E;2026-06-30;2.97;2.54;16.93;0;0;0;0;0;0;0;0;0;0;0;;;;;
2026-05-07;O_GARANE0626C175.00;GARAN_06/2026_AVRUPA_OPSIYON;D_EQ;SSO;D_EQ_ECP;DE_GARAN_ECP;GARAN.E;2026-06-30;2.65;2.16;22.69;0;0;0;0;0;0;0;0;0;0;0;;;;;
2026-05-07;O_GARANE0626C180.00;GARAN_06/2026_AVRUPA_OPSIYON;D_EQ;SSO;D_EQ_ECP;DE_GARAN_ECP;GARAN.E;2026-06-30;2.41;1.87;28.88;0;0;0;0;0;0;0;0;0;0;0;;;;;
2026-05-07;O_GARANE0626C185.00;GARAN_06/2026_AVRUPA_OPSIYON;D_EQ;SSO;D_EQ_ECP;DE_GARAN_ECP;GARAN.E;2026-06-30;2.23;1.63;36.81;0;0;0;0;0;0;0;0;0;0;0;;;;;
2026-05-07;O_GARANE0626C190.00;GARAN_06/2026_AVRUPA_OPSIYON;D_EQ;SSO;D_EQ_ECP;DE_GARAN_ECP;GARAN.E;2026-06-30;2.09;1.45;44.14;0;0;0;0;0;0;0;0;0;0;0;;;;;
2026-05-07;O_GARANE0626P105.00;GARAN_06/2026_AVRUPA_OPSIYON;D_EQ;SSO;D_EQ_EPP;DE_GARAN_EPP;GARAN.E;2026-06-30;0.62;0.45;37.78;0;0;0;0;0;0;0;0;0;0;0;;;;;
2026-05-07;O_GARANE0626P110.00;GARAN_06/2026_AVRUPA_OPSIYON;D_EQ;SSO;D_EQ_EPP;DE_GARAN_EPP;GARAN.E;2026-06-30;0.85;0.67;26.87;0;0;0;0;0;0;0;0;0;0;0;;;;;
2026-05-07;O_GARANE0626P115.00;GARAN_06/2026_AVRUPA_OPSIYON;D_EQ;SSO;D_EQ_EPP;DE_GARAN_EPP;GARAN.E;2026-06-30;1.14;0.99;15.15;0;0;0;0;0;0;0;0;0;0;0;;;;;
2026-05-07;O_GARANE0626P120.00;GARAN_06/2026_AVRUPA_OPSIYON;D_EQ;SSO;D_EQ_EPP;DE_GARAN_EPP;GARAN.E;2026-06-30;1.52;1.43;6.29;0;0;0;0;0;0;0;0;0;0;0;;;;;
2026-05-07;O_GARANE0626P125.00;GARAN_06/2026_AVRUPA_OPSIYON;D_EQ;SSO;D_EQ_EPP;DE_GARAN_EPP;GARAN.E;2026-06-30;2.03;2.03;0;0;0;0;0;0;0;0;0;0;0;0;;;;;
2026-05-07;O_GARANE0626P130.00;GARAN_06/2026_AVRUPA_OPSIYON;D_EQ;SSO;D_EQ_EPP;DE_GARAN_EPP;GARAN.E;2026-06-30;2.7;2.84;-4.93;0;0;0;0;0;0;0;0;0;30;0;;;;;
2026-05-07;O_GARANE0626P135.00;GARAN_06/2026_AVRUPA_OPSIYON;D_EQ;SSO;D_EQ_EPP;DE_GARAN_EPP;GARAN.E;2026-06-30;3.59;3.93;-8.65;0;0;0;0;0;0;0;0;0;0;0;;;;;
2026-05-07;O_GARANE0626P140.00;GARAN_06/2026_AVRUPA_OPSIYON;D_EQ;SSO;D_EQ_EPP;DE_GARAN_EPP;GARAN.E;2026-06-30;5.1;5.65;-9.73;0;0;0;0;0;0;0;0;0;30;0;;;;;
2026-05-07;O_GARANE0626P145.00;GARAN_06/2026_AVRUPA_OPSIYON;D_EQ;SSO;D_EQ_EPP;DE_GARAN_EPP;GARAN.E;2026-06-30;7.25;7.94;-8.69;0;0;0;0;0;0;0;0;0;0;0;;;;;
2026-05-07;O_GARANE0626P150.00;GARAN_06/2026_AVRUPA_OPSIYON;D_EQ;SSO;D_EQ_EPP;DE_GARAN_EPP;GARAN.E;2026-06-30;10.05;10.79;-6.86;0;0;0;0;0;0;0;0;0;0;0;;;;;
2026-05-07;O_GARANE0626P155.00;GARAN_06/2026_AVRUPA_OPSIYON;D_EQ;SSO;D_EQ_EPP;DE_GARAN_EPP;GARAN.E;2026-06-30;13.64;14.35;-4.95;0;0;0;0;0;0;0;0;0;0;0;;;;;
2026-05-07;O_GARANE0626P160.00;GARAN_06/2026_AVRUPA_OPSIYON;D_EQ;SSO;D_EQ_EPP;DE_GARAN_EPP;GARAN.E;2026-06-30;17.6;18.2;-3.3;0;0;0;0;0;0;0;0;0;0;0;;;;;
2026-05-07;O_GARANE0626P165.00;GARAN_06/2026_AVRUPA_OPSIYON;D_EQ;SSO;D_EQ_EPP;DE_GARAN_EPP;GARAN.E;2026-06-30;21.77;22.26;-2.2;0;0;0;0;0;0;0;0;0;0;0;;;;;
2026-05-07;O_GARANE0726C135.00;GARAN_07/2026_AVRUPA_OPSIYON;D_EQ;SSO;D_EQ_ECP;DE_GARAN_ECP;GARAN.E;2026-07-31;19.97;19.28;3.58;0;0;0;0;0;0;0;0;0;0;0;;;;;
2026-05-07;O_GARANE0726C140.00;GARAN_07/2026_AVRUPA_OPSIYON;D_EQ;SSO;D_EQ_ECP;DE_GARAN_ECP;GARAN.E;2026-07-31;16.29;15.89;2.52;0;0;0;0;0;0;0;0;0;0;0;;;;;
2026-05-07;O_GARANE0726C145.00;GARAN_07/2026_AVRUPA_OPSIYON;D_EQ;SSO;D_EQ_ECP;DE_GARAN_ECP;GARAN.E;2026-07-31;13.33;13.05;2.15;0;0;0;0;0;0;0;0;0;0;0;;;;;
2026-05-07;O_GARANE0726C150.00;GARAN_07/2026_AVRUPA_OPSIYON;D_EQ;SSO;D_EQ_ECP;DE_GARAN_ECP;GARAN.E;2026-07-31;10.87;10.7;1.59;0;0;0;0;0;0;0;0;0;0;0;;;;;
2026-05-07;O_GARANE0726C155.00;GARAN_07/2026_AVRUPA_OPSIYON;D_EQ;SSO;D_EQ_ECP;DE_GARAN_ECP;GARAN.E;2026-07-31;8.93;8.86;0.79;0;0;0;0;0;0;0;0;0;0;0;;;;;
2026-05-07;O_GARANE0726C160.00;GARAN_07/2026_AVRUPA_OPSIYON;D_EQ;SSO;D_EQ_ECP;DE_GARAN_ECP;GARAN.E;2026-07-31;7.86;7.63;3.01;0;0;0;0;0;0;0;0;0;0;0;;;;;
2026-05-07;O_GARANE0726C165.00;GARAN_07/2026_AVRUPA_OPSIYON;D_EQ;SSO;D_EQ_ECP;DE_GARAN_ECP;GARAN.E;2026-07-31;7.04;6.65;5.86;0;0;0;0;0;0;0;0;0;0;0;;;;;
2026-05-07;O_GARANE0726C170.00;GARAN_07/2026_AVRUPA_OPSIYON;D_EQ;SSO;D_EQ_ECP;DE_GARAN_ECP;GARAN.E;2026-07-31;6.4;5.86;9.22;0;0;0;0;0;0;0;0;0;0;0;;;;;
2026-05-07;O_GARANE0726C175.00;GARAN_07/2026_AVRUPA_OPSIYON;D_EQ;SSO;D_EQ_ECP;DE_GARAN_ECP;GARAN.E;2026-07-31;5.92;5.23;13.19;0;0;0;0;0;0;0;0;0;0;0;;;;;
2026-05-07;O_GARANE0726C180.00;GARAN_07/2026_AVRUPA_OPSIYON;D_EQ;SSO;D_EQ_ECP;DE_GARAN_ECP;GARAN.E;2026-07-31;5.54;;0;0;0;0;0;0;0;0;0;0;0;0;;;;;
2026-05-07;O_GARANE0726P110.00;GARAN_07/2026_AVRUPA_OPSIYON;D_EQ;SSO;D_EQ_EPP;DE_GARAN_EPP;GARAN.E;2026-07-31;1.38;1.07;28.97;0;0;0;0;0;0;0;0;0;0;0;;;;;
2026-05-07;O_GARANE0726P115.00;GARAN_07/2026_AVRUPA_OPSIYON;D_EQ;SSO;D_EQ_EPP;DE_GARAN_EPP;GARAN.E;2026-07-31;1.68;1.4;20;0;0;0;0;0;0;0;0;0;0;0;;;;;
2026-05-07;O_GARANE0726P120.00;GARAN_07/2026_AVRUPA_OPSIYON;D_EQ;SSO;D_EQ_EPP;DE_GARAN_EPP;GARAN.E;2026-07-31;2.05;1.82;12.64;0;0;0;0;0;0;0;0;0;0;0;;;;;
2026-05-07;O_GARANE0726P125.00;GARAN_07/2026_AVRUPA_OPSIYON;D_EQ;SSO;D_EQ_EPP;DE_GARAN_EPP;GARAN.E;2026-07-31;2.48;2.34;5.98;0;0;0;0;0;0;0;0;0;0;0;;;;;
2026-05-07;O_GARANE0726P130.00;GARAN_07/2026_AVRUPA_OPSIYON;D_EQ;SSO;D_EQ_EPP;DE_GARAN_EPP;GARAN.E;2026-07-31;3.01;3;0.33;0;0;0;0;0;0;0;0;0;0;0;;;;;
2026-05-07;O_GARANE0726P135.00;GARAN_07/2026_AVRUPA_OPSIYON;D_EQ;SSO;D_EQ_EPP;DE_GARAN_EPP;GARAN.E;2026-07-31;3.66;3.82;-4.19;0;0;0;0;0;0;0;0;0;0;0;;;;;
2026-05-07;O_GARANE0726P140.00;GARAN_07/2026_AVRUPA_OPSIYON;D_EQ;SSO;D_EQ_EPP;DE_GARAN_EPP;GARAN.E;2026-07-31;4.47;4.91;-8.96;0;0;0;0;0;0;0;0;0;0;0;;;;;
2026-05-07;O_GARANE0726P145.00;GARAN_07/2026_AVRUPA_OPSIYON;D_EQ;SSO;D_EQ_EPP;DE_GARAN_EPP;GARAN.E;2026-07-31;6;6.56;-8.54;0;0;0;0;0;0;0;0;0;0;0;;;;;
2026-05-07;O_GARANE0726P150.00;GARAN_07/2026_AVRUPA_OPSIYON;D_EQ;SSO;D_EQ_EPP;DE_GARAN_EPP;GARAN.E;2026-07-31;8.03;8.7;-7.7;0;0;0;0;0;0;0;0;0;0;0;;;;;
2026-05-07;O_GARANE0726P155.00;GARAN_07/2026_AVRUPA_OPSIYON;D_EQ;SSO;D_EQ_EPP;DE_GARAN_EPP;GARAN.E;2026-07-31;10.59;;0;0;0;0;0;0;0;0;0;0;0;0;;;;;
2026-05-07;O_HALKBE0526C36.00;HALKB_05/2026_AVRUPA_OPSIYON;D_EQ;SSO;D_EQ_ECP;DE_HALKB_ECP;HALKB.E;2026-05-25;5.15;3.31;55.59;0;0;0;0;0;0;0;0;0;50;0;;;;;
2026-05-07;O_HALKBE0526C37.00;HALKB_05/2026_AVRUPA_OPSIYON;D_EQ;SSO;D_EQ_ECP;DE_HALKB_ECP;HALKB.E;2026-05-25;4.29;2.6;65;0;0;0;0;0;0;0;0;0;150;0;;;;;
2026-05-07;O_HALKBE0526C38.00;HALKB_05/2026_AVRUPA_OPSIYON;D_EQ;SSO;D_EQ_ECP;DE_HALKB_ECP;HALKB.E;2026-05-25;3.48;1.99;74.87;2.59;2.59;2.65;2.65;2.64;1580800;109940;416;8;616;416;;;;;
2026-05-07;O_HALKBE0526C39.00;HALKB_05/2026_AVRUPA_OPSIYON;D_EQ;SSO;D_EQ_ECP;DE_HALKB_ECP;HALKB.E;2026-05-25;2.74;1.48;85.14;0;0;0;0;0;0;0;0;0;50;0;;;;;
2026-05-07;O_HALKBE0526C40.00;HALKB_05/2026_AVRUPA_OPSIYON;D_EQ;SSO;D_EQ_ECP;DE_HALKB_ECP;HALKB.E;2026-05-25;2.11;1.07;97.2;1.92;1.92;1.92;1.92;1.92;200000;9600;50;1;50;50;;;;;
2026-05-07;O_HALKBE0526C41.00;HALKB_05/2026_AVRUPA_OPSIYON;D_EQ;SSO;D_EQ_ECP;DE_HALKB_ECP;HALKB.E;2026-05-25;1.57;0.76;106.58;0.76;0.76;0.76;0.76;0.76;729800;13528;178;4;0;-178;;;;;
2026-05-07;O_HALKBE0526C42.00;HALKB_05/2026_AVRUPA_OPSIYON;D_EQ;SSO;D_EQ_ECP;DE_HALKB_ECP;HALKB.E;2026-05-25;1.14;0.53;115.09;0.5;0.41;0.88;0.88;0.46;7988400;86696;1902;13;1005;-853;;;;;
2026-05-07;O_HALKBE0526C43.00;HALKB_05/2026_AVRUPA_OPSIYON;D_EQ;SSO;D_EQ_ECP;DE_HALKB_ECP;HALKB.E;2026-05-25;0.81;0.37;118.92;0;0;0;0;0;0;0;0;0;0;0;;;;;
2026-05-07;O_HALKBE0526C44.00;HALKB_05/2026_AVRUPA_OPSIYON;D_EQ;SSO;D_EQ_ECP;DE_HALKB_ECP;HALKB.E;2026-05-25;0.57;0.25;128;0;0;0;0;0;0;0;0;0;0;0;;;;;
2026-05-07;O_HALKBE0526C45.00;HALKB_05/2026_AVRUPA_OPSIYON;D_EQ;SSO;D_EQ_ECP;DE_HALKB_ECP;HALKB.E;2026-05-25;0.4;0.17;135.29;0;0;0;0;0;0;0;0;0;1000;0;;;;;
2026-05-07;O_HALKBE0526C46.00;HALKB_05/2026_AVRUPA_OPSIYON;D_EQ;SSO;D_EQ_ECP;DE_HALKB_ECP;HALKB.E;2026-05-25;0.28;0.11;154.55;0;0;0;0;0;0;0;0;0;0;0;;;;;
2026-05-07;O_HALKBE0526C47.00;HALKB_05/2026_AVRUPA_OPSIYON;D_EQ;SSO;D_EQ_ECP;DE_HALKB_ECP;HALKB.E;2026-05-25;0.19;0.07;171.43;0;0;0;0;0;0;0;0;0;0;0;;;;;
2026-05-07;O_HALKBE0526C48.00;HALKB_05/2026_AVRUPA_OPSIYON;D_EQ;SSO;D_EQ_ECP;DE_HALKB_ECP;HALKB.E;2026-05-25;0.13;0.05;160;0;0;0;0;0;0;0;0;0;0;0;;;;;
2026-05-07;O_HALKBE0526C49.00;HALKB_05/2026_AVRUPA_OPSIYON;D_EQ;SSO;D_EQ_ECP;DE_HALKB_ECP;HALKB.E;2026-05-25;0.09;0.03;200;0;0;0;0;0;0;0;0;0;0;0;;;;;
2026-05-07;O_HALKBE0526C50.00;HALKB_05/2026_AVRUPA_OPSIYON;D_EQ;SSO;D_EQ_ECP;DE_HALKB_ECP;HALKB.E;2026-05-25;0.06;0.02;200;0;0;0;0;0;0;0;0;0;0;0;;;;;
2026-05-07;O_HALKBE0526C52.00;HALKB_05/2026_AVRUPA_OPSIYON;D_EQ;SSO;D_EQ_ECP;DE_HALKB_ECP;HALKB.E;2026-05-25;0.03;0.01;200;0;0;0;0;0;0;0;0;0;0;0;;;;;
2026-05-07;O_HALKBE0526C54.00;HALKB_05/2026_AVRUPA_OPSIYON;D_EQ;SSO;D_EQ_ECP;DE_HALKB_ECP;HALKB.E;2026-05-25;0.01;0.01;0;0;0;0;0;0;0;0;0;0;0;0;;;;;
2026-05-07;O_HALKBE0526C56.00;HALKB_05/2026_AVRUPA_OPSIYON;D_EQ;SSO;D_EQ_ECP;DE_HALKB_ECP;HALKB.E;2026-05-25;0.01;0.01;0;0;0;0;0;0;0;0;0;0;0;0;;;;;
2026-05-07;O_HALKBE0526C58.00;HALKB_05/2026_AVRUPA_OPSIYON;D_EQ;SSO;D_EQ_ECP;DE_HALKB_ECP;HALKB.E;2026-05-25;0.01;0.01;0;0;0;0;0;0;0;0;0;0;0;0;;;;;
2026-05-07;O_HALKBE0526C60.00;HALKB_05/2026_AVRUPA_OPSIYON;D_EQ;SSO;D_EQ_ECP;DE_HALKB_ECP;HALKB.E;2026-05-25;0.01;0.01;0;0;0;0;0;0;0;0;0;0;0;0;;;;;
2026-05-07;O_HALKBE0526C62.00;HALKB_05/2026_AVRUPA_OPSIYON;D_EQ;SSO;D_EQ_ECP;DE_HALKB_ECP;HALKB.E;2026-05-25;0.01;0.01;0;0;0;0;0;0;0;0;0;0;0;0;;;;;
2026-05-07;O_HALKBE0526C64.00;HALKB_05/2026_AVRUPA_OPSIYON;D_EQ;SSO;D_EQ_ECP;DE_HALKB_ECP;HALKB.E;2026-05-25;0.01;0.01;0;0;0;0;0;0;0;0;0;0;0;0;;;;;
2026-05-07;O_HALKBE0526C66.00;HALKB_05/2026_AVRUPA_OPSIYON;D_EQ;SSO;D_EQ_ECP;DE_HALKB_ECP;HALKB.E;2026-05-25;0.01;0.01;0;0;0;0;0;0;0;0;0;0;0;0;;;;;
2026-05-07;O_HALKBE0526P31.00;HALKB_05/2026_AVRUPA_OPSIYON;D_EQ;SSO;D_EQ_EPP;DE_HALKB_EPP;HALKB.E;2026-05-25;0.01;0.02;-50;0;0;0;0;0;0;0;0;0;0;0;;;;;
2026-05-07;O_HALKBE0526P32.00;HALKB_05/2026_AVRUPA_OPSIYON;D_EQ;SSO;D_EQ_EPP;DE_HALKB_EPP;HALKB.E;2026-05-25;0.01;0.05;-80;0;0;0;0;0;0;0;0;0;0;0;;;;;
2026-05-07;O_HALKBE0526P33.00;HALKB_05/2026_AVRUPA_OPSIYON;D_EQ;SSO;D_EQ_EPP;DE_HALKB_EPP;HALKB.E;2026-05-25;0.02;0.1;-80;0;0;0;0;0;0;0;0;0;0;0;;;;;
2026-05-07;O_HALKBE0526P34.00;HALKB_05/2026_AVRUPA_OPSIYON;D_EQ;SSO;D_EQ_EPP;DE_HALKB_EPP;HALKB.E;2026-05-25;0.05;0.17;-70.59;0;0;0;0;0;0;0;0;0;0;0;;;;;
2026-05-07;O_HALKBE0526P35.00;HALKB_05/2026_AVRUPA_OPSIYON;D_EQ;SSO;D_EQ_EPP;DE_HALKB_EPP;HALKB.E;2026-05-25;0.09;0.3;-70;0;0;0;0;0;0;0;0;0;1260;0;;;;;
2026-05-07;O_HALKBE0526P36.00;HALKB_05/2026_AVRUPA_OPSIYON;D_EQ;SSO;D_EQ_EPP;DE_HALKB_EPP;HALKB.E;2026-05-25;0.16;0.49;-67.35;0;0;0;0;0;0;0;0;0;0;0;;;;;
2026-05-07;O_HALKBE0526P37.00;HALKB_05/2026_AVRUPA_OPSIYON;D_EQ;SSO;D_EQ_EPP;DE_HALKB_EPP;HALKB.E;2026-05-25;0.28;0.75;-62.67;0;0;0;0;0;0;0;0;0;1000;0;;;;;
2026-05-07;O_HALKBE0526P38.00;HALKB_05/2026_AVRUPA_OPSIYON;D_EQ;SSO;D_EQ_EPP;DE_HALKB_EPP;HALKB.E;2026-05-25;0.45;1.12;-59.82;0.36;0.36;0.36;0.36;0.36;380000;3600;100;2;250;100;;;;;
2026-05-07;O_HALKBE0526P39.00;HALKB_05/2026_AVRUPA_OPSIYON;D_EQ;SSO;D_EQ_EPP;DE_HALKB_EPP;HALKB.E;2026-05-25;0.7;1.59;-55.97;0.58;0.58;0.58;0.58;0.58;780000;11600;200;4;1200;200;;;;;
2026-05-07;O_HALKBE0526P40.00;HALKB_05/2026_AVRUPA_OPSIYON;D_EQ;SSO;D_EQ_EPP;DE_HALKB_EPP;HALKB.E;2026-05-25;1.04;2.17;-52.07;0;0;0;0;0;0;0;0;0;50;0;;;;;
2026-05-07;O_HALKBE0526P41.00;HALKB_05/2026_AVRUPA_OPSIYON;D_EQ;SSO;D_EQ_EPP;DE_HALKB_EPP;HALKB.E;2026-05-25;1.49;2.84;-47.54;0;0;0;0;0;0;0;0;0;1000;0;;;;;
2026-05-07;O_HALKBE0526P42.00;HALKB_05/2026_AVRUPA_OPSIYON;D_EQ;SSO;D_EQ_EPP;DE_HALKB_EPP;HALKB.E;2026-05-25;2.04;3.59;-43.18;0;0;0;0;0;0;0;0;0;565;0;;;;;
2026-05-07;O_HALKBE0526P43.00;HALKB_05/2026_AVRUPA_OPSIYON;D_EQ;SSO;D_EQ_EPP;DE_HALKB_EPP;HALKB.E;2026-05-25;2.69;4.4;-38.86;0;0;0;0;0;0;0;0;0;0;0;;;;;
2026-05-07;O_HALKBE0526P44.00;HALKB_05/2026_AVRUPA_OPSIYON;D_EQ;SSO;D_EQ_EPP;DE_HALKB_EPP;HALKB.E;2026-05-25;3.44;5.27;-34.72;0;0;0;0;0;0;0;0;0;0;0;;;;;
2026-05-07;O_HALKBE0526P45.00;HALKB_05/2026_AVRUPA_OPSIYON;D_EQ;SSO;D_EQ_EPP;DE_HALKB_EPP;HALKB.E;2026-05-25;4.25;6.17;-31.12;0;0;0;0;0;0;0;0;0;0;0;;;;;
2026-05-07;O_HALKBE0526P46.00;HALKB_05/2026_AVRUPA_OPSIYON;D_EQ;SSO;D_EQ_EPP;DE_HALKB_EPP;HALKB.E;2026-05-25;5.1;7.09;-28.07;0;0;0;0;0;0;0;0;0;0;0;;;;;
2026-05-07;O_HALKBE0526P47.00;HALKB_05/2026_AVRUPA_OPSIYON;D_EQ;SSO;D_EQ_EPP;DE_HALKB_EPP;HALKB.E;2026-05-25;6;8.03;-25.28;0;0;0;0;0;0;0;0;0;0;0;;;;;
2026-05-07;O_HALKBE0526P48.00;HALKB_05/2026_AVRUPA_OPSIYON;D_EQ;SSO;D_EQ_EPP;DE_HALKB_EPP;HALKB.E;2026-05-25;6.92;8.99;-23.03;0;0;0;0;0;0;0;0;0;0;0;;;;;
2026-05-07;O_HALKBE0526P49.00;HALKB_05/2026_AVRUPA_OPSIYON;D_EQ;SSO;D_EQ_EPP;DE_HALKB_EPP;HALKB.E;2026-05-25;7.86;9.95;-21.01;0;0;0;0;0;0;0;0;0;0;0;;;;;
2026-05-07;O_HALKBE0526P50.00;HALKB_05/2026_AVRUPA_OPSIYON;D_EQ;SSO;D_EQ_EPP;DE_HALKB_EPP;HALKB.E;2026-05-25;8.81;10.92;-19.32;0;0;0;0;0;0;0;0;0;0;0;;;;;
2026-05-07;O_HALKBE0526P52.00;HALKB_05/2026_AVRUPA_OPSIYON;D_EQ;SSO;D_EQ_EPP;DE_HALKB_EPP;HALKB.E;2026-05-25;10.74;12.87;-16.55;0;0;0;0;0;0;0;0;0;0;0;;;;;
2026-05-07;O_HALKBE0526P54.00;HALKB_05/2026_AVRUPA_OPSIYON;D_EQ;SSO;D_EQ_EPP;DE_HALKB_EPP;HALKB.E;2026-05-25;12.69;14.83;-14.43;0;0;0;0;0;0;0;0;0;0;0;;;;;
2026-05-07;O_HALKBE0526P56.00;HALKB_05/2026_AVRUPA_OPSIYON;D_EQ;SSO;D_EQ_EPP;DE_HALKB_EPP;HALKB.E;2026-05-25;14.65;16.78;-12.69;0;0;0;0;0;0;0;0;0;0;0;;;;;
2026-05-07;O_HALKBE0626C37.00;HALKB_06/2026_AVRUPA_OPSIYON;D_EQ;SSO;D_EQ_ECP;DE_HALKB_ECP;HALKB.E;2026-06-30;6.1;4.43;37.7;0;0;0;0;0;0;0;0;0;0;0;;;;;
2026-05-07;O_HALKBE0626C38.00;HALKB_06/2026_AVRUPA_OPSIYON;D_EQ;SSO;D_EQ_ECP;DE_HALKB_ECP;HALKB.E;2026-06-30;5.36;3.81;40.68;0;0;0;0;0;0;0;0;0;0;0;;;;;
2026-05-07;O_HALKBE0626C39.00;HALKB_06/2026_AVRUPA_OPSIYON;D_EQ;SSO;D_EQ_ECP;DE_HALKB_ECP;HALKB.E;2026-06-30;4.67;3.26;43.25;0;0;0;0;0;0;0;0;0;0;0;;;;;
2026-05-07;O_HALKBE0626C40.00;HALKB_06/2026_AVRUPA_OPSIYON;D_EQ;SSO;D_EQ_ECP;DE_HALKB_ECP;HALKB.E;2026-06-30;4.03;2.77;45.49;0;0;0;0;0;0;0;0;0;0;0;;;;;
2026-05-07;O_HALKBE0626C41.00;HALKB_06/2026_AVRUPA_OPSIYON;D_EQ;SSO;D_EQ_ECP;DE_HALKB_ECP;HALKB.E;2026-06-30;3.46;2.34;47.86;0;0;0;0;0;0;0;0;0;0;0;;;;;
2026-05-07;O_HALKBE0626C42.00;HALKB_06/2026_AVRUPA_OPSIYON;D_EQ;SSO;D_EQ_ECP;DE_HALKB_ECP;HALKB.E;2026-06-30;2.95;1.97;49.75;0;0;0;0;0;0;0;0;0;0;0;;;;;
2026-05-07;O_HALKBE0626C43.00;HALKB_06/2026_AVRUPA_OPSIYON;D_EQ;SSO;D_EQ_ECP;DE_HALKB_ECP;HALKB.E;2026-06-30;2.51;1.67;50.3;0;0;0;0;0;0;0;0;0;0;0;;;;;
2026-05-07;O_HALKBE0626C44.00;HALKB_06/2026_AVRUPA_OPSIYON;D_EQ;SSO;D_EQ_ECP;DE_HALKB_ECP;HALKB.E;2026-06-30;2.12;1.41;50.35;1.2;1.2;1.22;1.21;1.21;13200000;361788;3000;23;3000;3000;;;;;
2026-05-07;O_HALKBE0626C45.00;HALKB_06/2026_AVRUPA_OPSIYON;D_EQ;SSO;D_EQ_ECP;DE_HALKB_ECP;HALKB.E;2026-06-30;1.8;1.19;51.26;0;0;0;0;0;0;0;0;0;0;0;;;;;
2026-05-07;O_HALKBE0626C46.00;HALKB_06/2026_AVRUPA_OPSIYON;D_EQ;SSO;D_EQ_ECP;DE_HALKB_ECP;HALKB.E;2026-06-30;1.54;1;54;0;0;0;0;0;0;0;0;0;0;0;;;;;
2026-05-07;O_HALKBE0626C47.00;HALKB_06/2026_AVRUPA_OPSIYON;D_EQ;SSO;D_EQ_ECP;DE_HALKB_ECP;HALKB.E;2026-06-30;1.31;0.84;55.95;0.46;0.46;0.46;0.46;0.46;206800;2024;44;2;44;44;;;;;
2026-05-07;O_HALKBE0626C48.00;HALKB_06/2026_AVRUPA_OPSIYON;D_EQ;SSO;D_EQ_ECP;DE_HALKB_ECP;HALKB.E;2026-06-30;1.12;0.71;57.75;0;0;0;0;0;0;0;0;0;0;0;;;;;
2026-05-07;O_HALKBE0626C49.00;HALKB_06/2026_AVRUPA_OPSIYON;D_EQ;SSO;D_EQ_ECP;DE_HALKB_ECP;HALKB.E;2026-06-30;0.95;0.6;58.33;0;0;0;0;0;0;0;0;0;0;0;;;;;
2026-05-07;O_HALKBE0626C50.00;HALKB_06/2026_AVRUPA_OPSIYON;D_EQ;SSO;D_EQ_ECP;DE_HALKB_ECP;HALKB.E;2026-06-30;0.81;0.5;62;0;0;0;0;0;0;0;0;0;0;0;;;;;
2026-05-07;O_HALKBE0626C52.00;HALKB_06/2026_AVRUPA_OPSIYON;D_EQ;SSO;D_EQ_ECP;DE_HALKB_ECP;HALKB.E;2026-06-30;0.6;0.36;66.67;0;0;0;0;0;0;0;0;0;0;0;;;;;
2026-05-07;O_HALKBE0626P32.00;HALKB_06/2026_AVRUPA_OPSIYON;D_EQ;SSO;D_EQ_EPP;DE_HALKB_EPP;HALKB.E;2026-06-30;0.17;0.3;-43.33;0;0;0;0;0;0;0;0;0;0;0;;;;;
2026-05-07;O_HALKBE0626P33.00;HALKB_06/2026_AVRUPA_OPSIYON;D_EQ;SSO;D_EQ_EPP;DE_HALKB_EPP;HALKB.E;2026-06-30;0.24;0.42;-42.86;0;0;0;0;0;0;0;0;0;0;0;;;;;
2026-05-07;O_HALKBE0626P34.00;HALKB_06/2026_AVRUPA_OPSIYON;D_EQ;SSO;D_EQ_EPP;DE_HALKB_EPP;HALKB.E;2026-06-30;0.32;0.57;-43.86;0;0;0;0;0;0;0;0;0;0;0;;;;;
2026-05-07;O_HALKBE0626P35.00;HALKB_06/2026_AVRUPA_OPSIYON;D_EQ;SSO;D_EQ_EPP;DE_HALKB_EPP;HALKB.E;2026-06-30;0.44;0.75;-41.33;0;0;0;0;0;0;0;0;0;0;0;;;;;
2026-05-07;O_HALKBE0626P36.00;HALKB_06/2026_AVRUPA_OPSIYON;D_EQ;SSO;D_EQ_EPP;DE_HALKB_EPP;HALKB.E;2026-06-30;0.58;0.98;-40.82;0;0;0;0;0;0;0;0;0;0;0;;;;;
2026-05-07;O_HALKBE0626P37.00;HALKB_06/2026_AVRUPA_OPSIYON;D_EQ;SSO;D_EQ_EPP;DE_HALKB_EPP;HALKB.E;2026-06-30;0.75;1.25;-40;0;0;0;0;0;0;0;0;0;0;0;;;;;
2026-05-07;O_HALKBE0626P38.00;HALKB_06/2026_AVRUPA_OPSIYON;D_EQ;SSO;D_EQ_EPP;DE_HALKB_EPP;HALKB.E;2026-06-30;0.96;1.57;-38.85;0;0;0;0;0;0;0;0;0;0;0;;;;;
2026-05-07;O_HALKBE0626P39.00;HALKB_06/2026_AVRUPA_OPSIYON;D_EQ;SSO;D_EQ_EPP;DE_HALKB_EPP;HALKB.E;2026-06-30;1.22;1.97;-38.07;0;0;0;0;0;0;0;0;0;0;0;;;;;
2026-05-07;O_HALKBE0626P40.00;HALKB_06/2026_AVRUPA_OPSIYON;D_EQ;SSO;D_EQ_EPP;DE_HALKB_EPP;HALKB.E;2026-06-30;1.52;2.42;-37.19;0;0;0;0;0;0;0;0;0;0;0;;;;;
2026-05-07;O_HALKBE0626P41.00;HALKB_06/2026_AVRUPA_OPSIYON;D_EQ;SSO;D_EQ_EPP;DE_HALKB_EPP;HALKB.E;2026-06-30;1.9;2.94;-35.37;0;0;0;0;0;0;0;0;0;0;0;;;;;
2026-05-07;O_HALKBE0626P42.00;HALKB_06/2026_AVRUPA_OPSIYON;D_EQ;SSO;D_EQ_EPP;DE_HALKB_EPP;HALKB.E;2026-06-30;2.33;3.51;-33.62;0;0;0;0;0;0;0;0;0;0;0;;;;;
2026-05-07;O_HALKBE0626P43.00;HALKB_06/2026_AVRUPA_OPSIYON;D_EQ;SSO;D_EQ_EPP;DE_HALKB_EPP;HALKB.E;2026-06-30;2.84;4.15;-31.57;0;0;0;0;0;0;0;0;0;0;0;;;;;
2026-05-07;O_HALKBE0626P44.00;HALKB_06/2026_AVRUPA_OPSIYON;D_EQ;SSO;D_EQ_EPP;DE_HALKB_EPP;HALKB.E;2026-06-30;3.39;4.84;-29.96;0;0;0;0;0;0;0;0;0;0;0;;;;;
2026-05-07;O_HALKBE0626P45.00;HALKB_06/2026_AVRUPA_OPSIYON;D_EQ;SSO;D_EQ_EPP;DE_HALKB_EPP;HALKB.E;2026-06-30;4.02;5.56;-27.7;0;0;0;0;0;0;0;0;0;0;0;;;;;
2026-05-07;O_HALKBE0626P46.00;HALKB_06/2026_AVRUPA_OPSIYON;D_EQ;SSO;D_EQ_EPP;DE_HALKB_EPP;HALKB.E;2026-06-30;4.7;6.32;-25.63;0;0;0;0;0;0;0;0;0;0;0;;;;;
2026-05-07;O_HALKBE0726C39.00;HALKB_07/2026_AVRUPA_OPSIYON;D_EQ;SSO;D_EQ_ECP;DE_HALKB_ECP;HALKB.E;2026-07-31;6.52;4.94;31.98;0;0;0;0;0;0;0;0;0;0;0;;;;;
2026-05-07;O_HALKBE0726C40.00;HALKB_07/2026_AVRUPA_OPSIYON;D_EQ;SSO;D_EQ_ECP;DE_HALKB_ECP;HALKB.E;2026-07-31;5.86;4.4;33.18;0;0;0;0;0;0;0;0;0;0;0;;;;;
2026-05-07;O_HALKBE0726C41.00;HALKB_07/2026_AVRUPA_OPSIYON;D_EQ;SSO;D_EQ_ECP;DE_HALKB_ECP;HALKB.E;2026-07-31;5.24;3.91;34.02;0;0;0;0;0;0;0;0;0;0;0;;;;;
2026-05-07;O_HALKBE0726C42.00;HALKB_07/2026_AVRUPA_OPSIYON;D_EQ;SSO;D_EQ_ECP;DE_HALKB_ECP;HALKB.E;2026-07-31;4.68;3.46;35.26;0;0;0;0;0;0;0;0;0;0;0;;;;;
2026-05-07;O_HALKBE0726C43.00;HALKB_07/2026_AVRUPA_OPSIYON;D_EQ;SSO;D_EQ_ECP;DE_HALKB_ECP;HALKB.E;2026-07-31;4.17;3.06;36.27;0;0;0;0;0;0;0;0;0;0;0;;;;;
2026-05-07;O_HALKBE0726C44.00;HALKB_07/2026_AVRUPA_OPSIYON;D_EQ;SSO;D_EQ_ECP;DE_HALKB_ECP;HALKB.E;2026-07-31;3.71;2.73;35.9;0;0;0;0;0;0;0;0;0;0;0;;;;;
2026-05-07;O_HALKBE0726C45.00;HALKB_07/2026_AVRUPA_OPSIYON;D_EQ;SSO;D_EQ_ECP;DE_HALKB_ECP;HALKB.E;2026-07-31;3.29;2.43;35.39;0;0;0;0;0;0;0;0;0;0;0;;;;;
2026-05-07;O_HALKBE0726C46.00;HALKB_07/2026_AVRUPA_OPSIYON;D_EQ;SSO;D_EQ_ECP;DE_HALKB_ECP;HALKB.E;2026-07-31;2.94;2.16;36.11;0;0;0;0;0;0;0;0;0;0;0;;;;;
2026-05-07;O_HALKBE0726C47.00;HALKB_07/2026_AVRUPA_OPSIYON;D_EQ;SSO;D_EQ_ECP;DE_HALKB_ECP;HALKB.E;2026-07-31;2.63;1.92;36.98;0;0;0;0;0;0;0;0;0;0;0;;;;;
2026-05-07;O_HALKBE0726P34.00;HALKB_07/2026_AVRUPA_OPSIYON;D_EQ;SSO;D_EQ_EPP;DE_HALKB_EPP;HALKB.E;2026-07-31;0.44;0.66;-33.33;0;0;0;0;0;0;0;0;0;0;0;;;;;
2026-05-07;O_HALKBE0726P35.00;HALKB_07/2026_AVRUPA_OPSIYON;D_EQ;SSO;D_EQ_EPP;DE_HALKB_EPP;HALKB.E;2026-07-31;0.55;0.83;-33.73;0;0;0;0;0;0;0;0;0;0;0;;;;;
2026-05-07;O_HALKBE0726P36.00;HALKB_07/2026_AVRUPA_OPSIYON;D_EQ;SSO;D_EQ_EPP;DE_HALKB_EPP;HALKB.E;2026-07-31;0.68;1.02;-33.33;0;0;0;0;0;0;0;0;0;0;0;;;;;
2026-05-07;O_HALKBE0726P37.00;HALKB_07/2026_AVRUPA_OPSIYON;D_EQ;SSO;D_EQ_EPP;DE_HALKB_EPP;HALKB.E;2026-07-31;0.84;1.25;-32.8;0;0;0;0;0;0;0;0;0;0;0;;;;;
2026-05-07;O_HALKBE0726P38.00;HALKB_07/2026_AVRUPA_OPSIYON;D_EQ;SSO;D_EQ_EPP;DE_HALKB_EPP;HALKB.E;2026-07-31;1.02;1.51;-32.45;0;0;0;0;0;0;0;0;0;0;0;;;;;
2026-05-07;O_HALKBE0726P39.00;HALKB_07/2026_AVRUPA_OPSIYON;D_EQ;SSO;D_EQ_EPP;DE_HALKB_EPP;HALKB.E;2026-07-31;1.23;1.81;-32.04;0;0;0;0;0;0;0;0;0;0;0;;;;;
2026-05-07;O_HALKBE0726P40.00;HALKB_07/2026_AVRUPA_OPSIYON;D_EQ;SSO;D_EQ_EPP;DE_HALKB_EPP;HALKB.E;2026-07-31;1.48;2.17;-31.8;0;0;0;0;0;0;0;0;0;0;0;;;;;
2026-05-07;O_HALKBE0726P41.00;HALKB_07/2026_AVRUPA_OPSIYON;D_EQ;SSO;D_EQ_EPP;DE_HALKB_EPP;HALKB.E;2026-07-31;1.75;2.57;-31.91;0;0;0;0;0;0;0;0;0;0;0;;;;;
2026-05-07;O_HALKBE0726P42.00;HALKB_07/2026_AVRUPA_OPSIYON;D_EQ;SSO;D_EQ_EPP;DE_HALKB_EPP;HALKB.E;2026-07-31;2.1;3.03;-30.69;0;0;0;0;0;0;0;0;0;0;0;;;;;
2026-05-07;O_ISCTRE0526C13.00;ISCTR_05/2026_AVRUPA_OPSIYON;D_EQ;SSO;D_EQ_ECP;DE_ISCTR_ECP;ISCTR.E;2026-05-25;1.87;1.8;3.89;0;0;0;0;0;0;0;0;0;1;0;;;;;
2026-05-07;O_ISCTRE0526C13.50;ISCTR_05/2026_AVRUPA_OPSIYON;D_EQ;SSO;D_EQ_ECP;DE_ISCTR_ECP;ISCTR.E;2026-05-25;1.43;1.37;4.38;0;0;0;0;0;0;0;0;0;100;0;;;;;
2026-05-07;O_ISCTRE0526C14.00;ISCTR_05/2026_AVRUPA_OPSIYON;D_EQ;SSO;D_EQ_ECP;DE_ISCTR_ECP;ISCTR.E;2026-05-25;1.04;0.99;5.05;0;0;0;0;0;0;0;0;0;2;0;;;;;
2026-05-07;O_ISCTRE0526C14.50;ISCTR_05/2026_AVRUPA_OPSIYON;D_EQ;SSO;D_EQ_ECP;DE_ISCTR_ECP;ISCTR.E;2026-05-25;0.71;0.68;4.41;0;0;0;0;0;0;0;0;0;12658;0;;;;;
2026-05-07;O_ISCTRE0526C15.00;ISCTR_05/2026_AVRUPA_OPSIYON;D_EQ;SSO;D_EQ_ECP;DE_ISCTR_ECP;ISCTR.E;2026-05-25;0.45;0.44;2.27;0;0;0;0;0;0;0;0;0;920;0;;;;;
2026-05-07;O_ISCTRE0526C15.50;ISCTR_05/2026_AVRUPA_OPSIYON;D_EQ;SSO;D_EQ_ECP;DE_ISCTR_ECP;ISCTR.E;2026-05-25;0.27;0.27;0;0;0;0;0;0;0;0;0;0;3570;0;;;;;
2026-05-07;O_ISCTRE0526C16.00;ISCTR_05/2026_AVRUPA_OPSIYON;D_EQ;SSO;D_EQ_ECP;DE_ISCTR_ECP;ISCTR.E;2026-05-25;0.16;0.16;0;0.16;0.16;0.16;0.16;0.16;1600;16;1;1;15205;1;;;;;
2026-05-07;O_ISCTRE0526C16.50;ISCTR_05/2026_AVRUPA_OPSIYON;D_EQ;SSO;D_EQ_ECP;DE_ISCTR_ECP;ISCTR.E;2026-05-25;0.09;0.09;0;0.07;0.07;0.07;0.07;0.07;165000;700;100;1;50300;100;;;;;
2026-05-07;O_ISCTRE0526C17.00;ISCTR_05/2026_AVRUPA_OPSIYON;D_EQ;SSO;D_EQ_ECP;DE_ISCTR_ECP;ISCTR.E;2026-05-25;0.04;0.05;-20;0;0;0;0;0;0;0;0;0;6600;0;;;;;
2026-05-07;O_ISCTRE0526C17.50;ISCTR_05/2026_AVRUPA_OPSIYON;D_EQ;SSO;D_EQ_ECP;DE_ISCTR_ECP;ISCTR.E;2026-05-25;0.02;0.03;-33.33;0;0;0;0;0;0;0;0;0;7;0;;;;;
2026-05-07;O_ISCTRE0526C18.00;ISCTR_05/2026_AVRUPA_OPSIYON;D_EQ;SSO;D_EQ_ECP;DE_ISCTR_ECP;ISCTR.E;2026-05-25;0.01;0.01;0;0;0;0;0;0;0;0;0;0;0;0;;;;;
2026-05-07;O_ISCTRE0526C18.50;ISCTR_05/2026_AVRUPA_OPSIYON;D_EQ;SSO;D_EQ_ECP;DE_ISCTR_ECP;ISCTR.E;2026-05-25;0.01;0.01;0;0;0;0;0;0;0;0;0;0;250;0;;;;;
2026-05-07;O_ISCTRE0526C19.00;ISCTR_05/2026_AVRUPA_OPSIYON;D_EQ;SSO;D_EQ_ECP;DE_ISCTR_ECP;ISCTR.E;2026-05-25;0.01;0.01;0;0;0;0;0;0;0;0;0;0;0;0;;;;;
2026-05-07;O_ISCTRE0526C19.50;ISCTR_05/2026_AVRUPA_OPSIYON;D_EQ;SSO;D_EQ_ECP;DE_ISCTR_ECP;ISCTR.E;2026-05-25;0.01;0.01;0;0;0;0;0;0;0;0;0;0;0;0;;;;;
2026-05-07;O_ISCTRE0526C20.00;ISCTR_05/2026_AVRUPA_OPSIYON;D_EQ;SSO;D_EQ_ECP;DE_ISCTR_ECP;ISCTR.E;2026-05-25;0.01;0.01;0;0;0;0;0;0;0;0;0;0;0;0;;;;;
2026-05-07;O_ISCTRE0526C20.50;ISCTR_05/2026_AVRUPA_OPSIYON;D_EQ;SSO;D_EQ_ECP;DE_ISCTR_ECP;ISCTR.E;2026-05-25;0.01;0.01;0;0;0;0;0;0;0;0;0;0;0;0;;;;;
2026-05-07;O_ISCTRE0526C21.00;ISCTR_05/2026_AVRUPA_OPSIYON;D_EQ;SSO;D_EQ_ECP;DE_ISCTR_ECP;ISCTR.E;2026-05-25;0.01;0.01;0;0;0;0;0;0;0;0;0;0;0;0;;;;;
2026-05-07;O_ISCTRE0526P10.50;ISCTR_05/2026_AVRUPA_OPSIYON;D_EQ;SSO;D_EQ_EPP;DE_ISCTR_EPP;ISCTR.E;2026-05-25;0.01;0.01;0;0;0;0;0;0;0;0;0;0;0;0;;;;;
2026-05-07;O_ISCTRE0526P11.00;ISCTR_05/2026_AVRUPA_OPSIYON;D_EQ;SSO;D_EQ_EPP;DE_ISCTR_EPP;ISCTR.E;2026-05-25;0.01;0.01;0;0;0;0;0;0;0;0;0;0;0;0;;;;;
2026-05-07;O_ISCTRE0526P11.50;ISCTR_05/2026_AVRUPA_OPSIYON;D_EQ;SSO;D_EQ_EPP;DE_ISCTR_EPP;ISCTR.E;2026-05-25;0.01;0.01;0;0;0;0;0;0;0;0;0;0;0;0;;;;;
2026-05-07;O_ISCTRE0526P12.00;ISCTR_05/2026_AVRUPA_OPSIYON;D_EQ;SSO;D_EQ_EPP;DE_ISCTR_EPP;ISCTR.E;2026-05-25;0.01;0.01;0;0;0;0;0;0;0;0;0;0;0;0;;;;;
2026-05-07;O_ISCTRE0526P12.50;ISCTR_05/2026_AVRUPA_OPSIYON;D_EQ;SSO;D_EQ_EPP;DE_ISCTR_EPP;ISCTR.E;2026-05-25;0.01;0.02;-50;0;0;0;0;0;0;0;0;0;0;0;;;;;
2026-05-07;O_ISCTRE0526P13.00;ISCTR_05/2026_AVRUPA_OPSIYON;D_EQ;SSO;D_EQ_EPP;DE_ISCTR_EPP;ISCTR.E;2026-05-25;0.04;0.05;-20;0;0;0;0;0;0;0;0;0;403;0;;;;;
2026-05-07;O_ISCTRE0526P13.50;ISCTR_05/2026_AVRUPA_OPSIYON;D_EQ;SSO;D_EQ_EPP;DE_ISCTR_EPP;ISCTR.E;2026-05-25;0.09;0.12;-25;0;0;0;0;0;0;0;0;0;1284;0;;;;;
2026-05-07;O_ISCTRE0526P14.00;ISCTR_05/2026_AVRUPA_OPSIYON;D_EQ;SSO;D_EQ_EPP;DE_ISCTR_EPP;ISCTR.E;2026-05-25;0.19;0.23;-17.39;0;0;0;0;0;0;0;0;0;152;0;;;;;
2026-05-07;O_ISCTRE0526P14.50;ISCTR_05/2026_AVRUPA_OPSIYON;D_EQ;SSO;D_EQ_EPP;DE_ISCTR_EPP;ISCTR.E;2026-05-25;0.35;0.41;-14.63;0.21;0.21;0.21;0.21;0.21;1638500;23730;1130;3;15993;100;;;;;
2026-05-07;O_ISCTRE0526P15.00;ISCTR_05/2026_AVRUPA_OPSIYON;D_EQ;SSO;D_EQ_EPP;DE_ISCTR_EPP;ISCTR.E;2026-05-25;0.59;0.66;-10.61;0.45;0.45;0.45;0.45;0.45;54000000;998750;36000;4;27579;17750;;;;;
2026-05-07;O_ISCTRE0526P15.50;ISCTR_05/2026_AVRUPA_OPSIYON;D_EQ;SSO;D_EQ_EPP;DE_ISCTR_EPP;ISCTR.E;2026-05-25;0.9;0.98;-8.16;0;0;0;0;0;0;0;0;0;1178;0;;;;;
2026-05-07;O_ISCTRE0526P16.00;ISCTR_05/2026_AVRUPA_OPSIYON;D_EQ;SSO;D_EQ_EPP;DE_ISCTR_EPP;ISCTR.E;2026-05-25;1.27;1.36;-6.62;0;0;0;0;0;0;0;0;0;0;0;;;;;
2026-05-07;O_ISCTRE0526P16.50;ISCTR_05/2026_AVRUPA_OPSIYON;D_EQ;SSO;D_EQ_EPP;DE_ISCTR_EPP;ISCTR.E;2026-05-25;1.69;1.78;-5.06;0;0;0;0;0;0;0;0;0;0;0;;;;;
2026-05-07;O_ISCTRE0526P17.00;ISCTR_05/2026_AVRUPA_OPSIYON;D_EQ;SSO;D_EQ_EPP;DE_ISCTR_EPP;ISCTR.E;2026-05-25;2.14;2.23;-4.04;0;0;0;0;0;0;0;0;0;0;0;;;;;
2026-05-07;O_ISCTRE0526P17.50;ISCTR_05/2026_AVRUPA_OPSIYON;D_EQ;SSO;D_EQ_EPP;DE_ISCTR_EPP;ISCTR.E;2026-05-25;2.61;2.69;-2.97;0;0;0;0;0;0;0;0;0;0;0;;;;;
2026-05-07;O_ISCTRE0526P18.00;ISCTR_05/2026_AVRUPA_OPSIYON;D_EQ;SSO;D_EQ_EPP;DE_ISCTR_EPP;ISCTR.E;2026-05-25;3.09;3.17;-2.52;0;0;0;0;0;0;0;0;0;0;0;;;;;
2026-05-07;O_ISCTRE0526P18.50;ISCTR_05/2026_AVRUPA_OPSIYON;D_EQ;SSO;D_EQ_EPP;DE_ISCTR_EPP;ISCTR.E;2026-05-25;3.57;3.65;-2.19;0;0;0;0;0;0;0;0;0;0;0;;;;;
2026-05-07;O_ISCTRE0626C14.00;ISCTR_06/2026_AVRUPA_OPSIYON;D_EQ;SSO;D_EQ_ECP;DE_ISCTR_ECP;ISCTR.E;2026-06-30;1.7;1.66;2.41;0;0;0;0;0;0;0;0;0;0;0;;;;;
2026-05-07;O_ISCTRE0626C14.50;ISCTR_06/2026_AVRUPA_OPSIYON;D_EQ;SSO;D_EQ_ECP;DE_ISCTR_ECP;ISCTR.E;2026-06-30;1.38;1.34;2.99;0;0;0;0;0;0;0;0;0;0;0;;;;;
2026-05-07;O_ISCTRE0626C15.00;ISCTR_06/2026_AVRUPA_OPSIYON;D_EQ;SSO;D_EQ_ECP;DE_ISCTR_ECP;ISCTR.E;2026-06-30;1.1;1.07;2.8;1;1;1;1;1;1500;100;1;1;1;1;;;;;
2026-05-07;O_ISCTRE0626C15.50;ISCTR_06/2026_AVRUPA_OPSIYON;D_EQ;SSO;D_EQ_ECP;DE_ISCTR_ECP;ISCTR.E;2026-06-30;0.86;0.85;1.18;0;0;0;0;0;0;0;0;0;0;0;;;;;
2026-05-07;O_ISCTRE0626C16.00;ISCTR_06/2026_AVRUPA_OPSIYON;D_EQ;SSO;D_EQ_ECP;DE_ISCTR_ECP;ISCTR.E;2026-06-30;0.67;0.66;1.52;0;0;0;0;0;0;0;0;0;0;0;;;;;
2026-05-07;O_ISCTRE0626C16.50;ISCTR_06/2026_AVRUPA_OPSIYON;D_EQ;SSO;D_EQ_ECP;DE_ISCTR_ECP;ISCTR.E;2026-06-30;0.51;0.52;-1.92;0;0;0;0;0;0;0;0;0;0;0;;;;;
2026-05-07;O_ISCTRE0626C17.00;ISCTR_06/2026_AVRUPA_OPSIYON;D_EQ;SSO;D_EQ_ECP;DE_ISCTR_ECP;ISCTR.E;2026-06-30;0.39;0.4;-2.5;0;0;0;0;0;0;0;0;0;0;0;;;;;
2026-05-07;O_ISCTRE0626C17.50;ISCTR_06/2026_AVRUPA_OPSIYON;D_EQ;SSO;D_EQ_ECP;DE_ISCTR_ECP;ISCTR.E;2026-06-30;0.3;0.31;-3.23;0;0;0;0;0;0;0;0;0;5800;0;;;;;
2026-05-07;O_ISCTRE0626C18.00;ISCTR_06/2026_AVRUPA_OPSIYON;D_EQ;SSO;D_EQ_ECP;DE_ISCTR_ECP;ISCTR.E;2026-06-30;0.22;0.24;-8.33;0.16;0.16;0.17;0.17;0.17;360000;3399;200;3;200;196;;;;;
2026-05-07;O_ISCTRE0626C18.50;ISCTR_06/2026_AVRUPA_OPSIYON;D_EQ;SSO;D_EQ_ECP;DE_ISCTR_ECP;ISCTR.E;2026-06-30;0.17;0.18;-5.56;0.12;0.12;0.12;0.12;0.12;1110000;7200;600;3;600;600;;;;;
2026-05-07;O_ISCTRE0626C19.00;ISCTR_06/2026_AVRUPA_OPSIYON;D_EQ;SSO;D_EQ_ECP;DE_ISCTR_ECP;ISCTR.E;2026-06-30;0.13;0.14;-7.14;0;0;0;0;0;0;0;0;0;0;0;;;;;
2026-05-07;O_ISCTRE0626C19.50;ISCTR_06/2026_AVRUPA_OPSIYON;D_EQ;SSO;D_EQ_ECP;DE_ISCTR_ECP;ISCTR.E;2026-06-30;0.09;0.11;-18.18;0;0;0;0;0;0;0;0;0;0;0;;;;;
2026-05-07;O_ISCTRE0626P11.50;ISCTR_06/2026_AVRUPA_OPSIYON;D_EQ;SSO;D_EQ_EPP;DE_ISCTR_EPP;ISCTR.E;2026-06-30;0.03;0.04;-25;0;0;0;0;0;0;0;0;0;0;0;;;;;
2026-05-07;O_ISCTRE0626P12.00;ISCTR_06/2026_AVRUPA_OPSIYON;D_EQ;SSO;D_EQ_EPP;DE_ISCTR_EPP;ISCTR.E;2026-06-30;0.05;0.07;-28.57;0;0;0;0;0;0;0;0;0;0;0;;;;;
2026-05-07;O_ISCTRE0626P12.50;ISCTR_06/2026_AVRUPA_OPSIYON;D_EQ;SSO;D_EQ_EPP;DE_ISCTR_EPP;ISCTR.E;2026-06-30;0.09;0.11;-18.18;0;0;0;0;0;0;0;0;0;0;0;;;;;
2026-05-07;O_ISCTRE0626P13.00;ISCTR_06/2026_AVRUPA_OPSIYON;D_EQ;SSO;D_EQ_EPP;DE_ISCTR_EPP;ISCTR.E;2026-06-30;0.15;0.18;-16.67;0.09;0.09;0.13;0.12;0.11;18200;155;14;14;14;14;;;;;
2026-05-07;O_ISCTRE0626P13.50;ISCTR_06/2026_AVRUPA_OPSIYON;D_EQ;SSO;D_EQ_EPP;DE_ISCTR_EPP;ISCTR.E;2026-06-30;0.23;0.27;-14.81;0.15;0.15;0.2;0.2;0.18;13500;179;10;10;10;10;;;;;
2026-05-07;O_ISCTRE0626P14.00;ISCTR_06/2026_AVRUPA_OPSIYON;D_EQ;SSO;D_EQ_EPP;DE_ISCTR_EPP;ISCTR.E;2026-06-30;0.35;0.39;-10.26;0.25;0.25;0.25;0.25;0.25;210000;3750;150;2;150;150;;;;;
2026-05-07;O_ISCTRE0626P14.50;ISCTR_06/2026_AVRUPA_OPSIYON;D_EQ;SSO;D_EQ_EPP;DE_ISCTR_EPP;ISCTR.E;2026-06-30;0.49;0.55;-10.91;0;0;0;0;0;0;0;0;0;0;0;;;;;
2026-05-07;O_ISCTRE0626P15.00;ISCTR_06/2026_AVRUPA_OPSIYON;D_EQ;SSO;D_EQ_EPP;DE_ISCTR_EPP;ISCTR.E;2026-06-30;0.69;0.75;-8;0;0;0;0;0;0;0;0;0;0;0;;;;;
2026-05-07;O_ISCTRE0626P15.50;ISCTR_06/2026_AVRUPA_OPSIYON;D_EQ;SSO;D_EQ_EPP;DE_ISCTR_EPP;ISCTR.E;2026-06-30;0.92;0.99;-7.07;0;0;0;0;0;0;0;0;0;0;0;;;;;
2026-05-07;O_ISCTRE0626P16.00;ISCTR_06/2026_AVRUPA_OPSIYON;D_EQ;SSO;D_EQ_EPP;DE_ISCTR_EPP;ISCTR.E;2026-06-30;1.2;1.28;-6.25;0;0;0;0;0;0;0;0;0;0;0;;;;;
2026-05-07;O_ISCTRE0626P16.50;ISCTR_06/2026_AVRUPA_OPSIYON;D_EQ;SSO;D_EQ_EPP;DE_ISCTR_EPP;ISCTR.E;2026-06-30;1.52;1.61;-5.59;0;0;0;0;0;0;0;0;0;0;0;;;;;
2026-05-07;O_ISCTRE0626P17.00;ISCTR_06/2026_AVRUPA_OPSIYON;D_EQ;SSO;D_EQ_EPP;DE_ISCTR_EPP;ISCTR.E;2026-06-30;1.87;1.96;-4.59;0;0;0;0;0;0;0;0;0;0;0;;;;;
2026-05-07;O_ISCTRE0726C14.50;ISCTR_07/2026_AVRUPA_OPSIYON;D_EQ;SSO;D_EQ_ECP;DE_ISCTR_ECP;ISCTR.E;2026-07-31;2.02;1.99;1.51;0;0;0;0;0;0;0;0;0;0;0;;;;;
2026-05-07;O_ISCTRE0726C15.00;ISCTR_07/2026_AVRUPA_OPSIYON;D_EQ;SSO;D_EQ_ECP;DE_ISCTR_ECP;ISCTR.E;2026-07-31;1.72;1.69;1.78;0;0;0;0;0;0;0;0;0;0;0;;;;;
2026-05-07;O_ISCTRE0726C15.50;ISCTR_07/2026_AVRUPA_OPSIYON;D_EQ;SSO;D_EQ_ECP;DE_ISCTR_ECP;ISCTR.E;2026-07-31;1.46;1.43;2.1;0;0;0;0;0;0;0;0;0;0;0;;;;;
2026-05-07;O_ISCTRE0726C16.00;ISCTR_07/2026_AVRUPA_OPSIYON;D_EQ;SSO;D_EQ_ECP;DE_ISCTR_ECP;ISCTR.E;2026-07-31;1.22;1.21;0.83;0;0;0;0;0;0;0;0;0;0;0;;;;;
2026-05-07;O_ISCTRE0726C16.50;ISCTR_07/2026_AVRUPA_OPSIYON;D_EQ;SSO;D_EQ_ECP;DE_ISCTR_ECP;ISCTR.E;2026-07-31;1.02;1.01;0.99;0;0;0;0;0;0;0;0;0;0;0;;;;;
2026-05-07;O_ISCTRE0726C17.00;ISCTR_07/2026_AVRUPA_OPSIYON;D_EQ;SSO;D_EQ_ECP;DE_ISCTR_ECP;ISCTR.E;2026-07-31;0.85;0.85;0;0;0;0;0;0;34000000;1000000;20000;2;40000;20000;;;;;
2026-05-07;O_ISCTRE0726C17.50;ISCTR_07/2026_AVRUPA_OPSIYON;D_EQ;SSO;D_EQ_ECP;DE_ISCTR_ECP;ISCTR.E;2026-07-31;0.71;0.72;-1.39;0;0;0;0;0;0;0;0;0;0;0;;;;;
2026-05-07;O_ISCTRE0726C18.00;ISCTR_07/2026_AVRUPA_OPSIYON;D_EQ;SSO;D_EQ_ECP;DE_ISCTR_ECP;ISCTR.E;2026-07-31;0.58;0.6;-3.33;0;0;0;0;0;0;0;0;0;0;0;;;;;
2026-05-07;O_ISCTRE0726C18.50;ISCTR_07/2026_AVRUPA_OPSIYON;D_EQ;SSO;D_EQ_ECP;DE_ISCTR_ECP;ISCTR.E;2026-07-31;0.48;0.5;-4;0;0;0;0;0;0;0;0;0;0;0;;;;;
2026-05-07;O_ISCTRE0726P12.00;ISCTR_07/2026_AVRUPA_OPSIYON;D_EQ;SSO;D_EQ_EPP;DE_ISCTR_EPP;ISCTR.E;2026-07-31;0.08;0.1;-20;0;0;0;0;0;0;0;0;0;0;0;;;;;
2026-05-07;O_ISCTRE0726P12.50;ISCTR_07/2026_AVRUPA_OPSIYON;D_EQ;SSO;D_EQ_EPP;DE_ISCTR_EPP;ISCTR.E;2026-07-31;0.12;0.14;-14.29;0;0;0;0;0;0;0;0;0;0;0;;;;;
2026-05-07;O_ISCTRE0726P13.00;ISCTR_07/2026_AVRUPA_OPSIYON;D_EQ;SSO;D_EQ_EPP;DE_ISCTR_EPP;ISCTR.E;2026-07-31;0.17;0.2;-15;0;0;0;0;0;0;0;0;0;0;0;;;;;
2026-05-07;O_ISCTRE0726P13.50;ISCTR_07/2026_AVRUPA_OPSIYON;D_EQ;SSO;D_EQ_EPP;DE_ISCTR_EPP;ISCTR.E;2026-07-31;0.25;0.28;-10.71;0;0;0;0;0;0;0;0;0;0;0;;;;;
2026-05-07;O_ISCTRE0726P14.00;ISCTR_07/2026_AVRUPA_OPSIYON;D_EQ;SSO;D_EQ_EPP;DE_ISCTR_EPP;ISCTR.E;2026-07-31;0.34;0.38;-10.53;0;0;0;0;0;0;0;0;0;0;0;;;;;
2026-05-07;O_ISCTRE0726P14.50;ISCTR_07/2026_AVRUPA_OPSIYON;D_EQ;SSO;D_EQ_EPP;DE_ISCTR_EPP;ISCTR.E;2026-07-31;0.46;0.51;-9.8;0;0;0;0;0;0;0;0;0;0;0;;;;;
2026-05-07;O_ISCTRE0726P15.00;ISCTR_07/2026_AVRUPA_OPSIYON;D_EQ;SSO;D_EQ_EPP;DE_ISCTR_EPP;ISCTR.E;2026-07-31;0.61;0.66;-7.58;0;0;0;0;0;0;0;0;0;0;0;;;;;
2026-05-07;O_ISCTRE0726P15.50;ISCTR_07/2026_AVRUPA_OPSIYON;D_EQ;SSO;D_EQ_EPP;DE_ISCTR_EPP;ISCTR.E;2026-07-31;0.79;0.85;-7.06;0;0;0;0;0;0;0;0;0;0;0;;;;;
2026-05-07;O_ISCTRE0726P16.00;ISCTR_07/2026_AVRUPA_OPSIYON;D_EQ;SSO;D_EQ_EPP;DE_ISCTR_EPP;ISCTR.E;2026-07-31;1.01;1.07;-5.61;0;0;0;0;0;0;0;0;0;0;0;;;;;
2026-05-07;O_KCHOLE0526C190.00;KCHOL_05/2026_AVRUPA_OPSIYON;D_EQ;SSO;D_EQ_ECP;DE_KCHOL_ECP;KCHOL.E;2026-05-25;25.37;24.67;2.84;0;0;0;0;0;0;0;0;0;0;0;;;;;
2026-05-07;O_KCHOLE0526C195.00;KCHOL_05/2026_AVRUPA_OPSIYON;D_EQ;SSO;D_EQ_ECP;DE_KCHOL_ECP;KCHOL.E;2026-05-25;20.85;20.23;3.06;0;0;0;0;0;0;0;0;0;50;0;;;;;
2026-05-07;O_KCHOLE0526C200.00;KCHOL_05/2026_AVRUPA_OPSIYON;D_EQ;SSO;D_EQ_ECP;DE_KCHOL_ECP;KCHOL.E;2026-05-25;16.62;16.11;3.17;0;0;0;0;0;0;0;0;0;60;0;;;;;
2026-05-07;O_KCHOLE0526C205.00;KCHOL_05/2026_AVRUPA_OPSIYON;D_EQ;SSO;D_EQ_ECP;DE_KCHOL_ECP;KCHOL.E;2026-05-25;12.81;12.42;3.14;0;0;0;0;0;0;0;0;0;4010;0;;;;;
2026-05-07;O_KCHOLE0526C210.00;KCHOL_05/2026_AVRUPA_OPSIYON;D_EQ;SSO;D_EQ_ECP;DE_KCHOL_ECP;KCHOL.E;2026-05-25;9.5;9.23;2.93;0;0;0;0;0;0;0;0;0;171;0;;;;;
2026-05-07;O_KCHOLE0526C215.00;KCHOL_05/2026_AVRUPA_OPSIYON;D_EQ;SSO;D_EQ_ECP;DE_KCHOL_ECP;KCHOL.E;2026-05-25;6.77;6.61;2.42;0;0;0;0;0;0;0;0;0;2682;0;;;;;
2026-05-07;O_KCHOLE0526C220.00;KCHOL_05/2026_AVRUPA_OPSIYON;D_EQ;SSO;D_EQ_ECP;DE_KCHOL_ECP;KCHOL.E;2026-05-25;4.63;4.55;1.76;4.08;3.18;4.08;3.36;3.41;23276000;360250;1058;23;844;553;;;;;
2026-05-07;O_KCHOLE0526C225.00;KCHOL_05/2026_AVRUPA_OPSIYON;D_EQ;SSO;D_EQ_ECP;DE_KCHOL_ECP;KCHOL.E;2026-05-25;3.02;3.01;0.33;0;0;0;0;0;0;0;0;0;1700;0;;;;;
2026-05-07;O_KCHOLE0526C230.00;KCHOL_05/2026_AVRUPA_OPSIYON;D_EQ;SSO;D_EQ_ECP;DE_KCHOL_ECP;KCHOL.E;2026-05-25;1.89;1.91;-1.05;0;0;0;0;0;0;0;0;0;544;0;;;;;
2026-05-07;O_KCHOLE0526C235.00;KCHOL_05/2026_AVRUPA_OPSIYON;D_EQ;SSO;D_EQ_ECP;DE_KCHOL_ECP;KCHOL.E;2026-05-25;1.13;1.17;-3.42;0.99;0.81;0.99;0.93;0.92;12643000;49262;538;7;1188;538;;;;;
2026-05-07;O_KCHOLE0526C240.00;KCHOL_05/2026_AVRUPA_OPSIYON;D_EQ;SSO;D_EQ_ECP;DE_KCHOL_ECP;KCHOL.E;2026-05-25;0.65;0.69;-5.8;0;0;0;0;0;0;0;0;0;693;0;;;;;
2026-05-07;O_KCHOLE0526C245.00;KCHOL_05/2026_AVRUPA_OPSIYON;D_EQ;SSO;D_EQ_ECP;DE_KCHOL_ECP;KCHOL.E;2026-05-25;0.36;0.39;-7.69;0;0;0;0;0;0;0;0;0;943;0;;;;;
2026-05-07;O_KCHOLE0526C250.00;KCHOL_05/2026_AVRUPA_OPSIYON;D_EQ;SSO;D_EQ_ECP;DE_KCHOL_ECP;KCHOL.E;2026-05-25;0.19;0.21;-9.52;0;0;0;0;0;0;0;0;0;252;0;;;;;
2026-05-07;O_KCHOLE0526P165.00;KCHOL_05/2026_AVRUPA_OPSIYON;D_EQ;SSO;D_EQ_EPP;DE_KCHOL_EPP;KCHOL.E;2026-05-25;0.01;0.01;0;0;0;0;0;0;0;0;0;0;0;0;;;;;
2026-05-07;O_KCHOLE0526P170.00;KCHOL_05/2026_AVRUPA_OPSIYON;D_EQ;SSO;D_EQ_EPP;DE_KCHOL_EPP;KCHOL.E;2026-05-25;0.01;0.01;0;0;0;0;0;0;0;0;0;0;0;0;;;;;
2026-05-07;O_KCHOLE0526P175.00;KCHOL_05/2026_AVRUPA_OPSIYON;D_EQ;SSO;D_EQ_EPP;DE_KCHOL_EPP;KCHOL.E;2026-05-25;0.02;0.03;-33.33;0;0;0;0;0;0;0;0;0;3;0;;;;;
2026-05-07;O_KCHOLE0526P180.00;KCHOL_05/2026_AVRUPA_OPSIYON;D_EQ;SSO;D_EQ_EPP;DE_KCHOL_EPP;KCHOL.E;2026-05-25;0.05;0.08;-37.5;0;0;0;0;0;0;0;0;0;180;0;;;;;
2026-05-07;O_KCHOLE0526P185.00;KCHOL_05/2026_AVRUPA_OPSIYON;D_EQ;SSO;D_EQ_EPP;DE_KCHOL_EPP;KCHOL.E;2026-05-25;0.14;0.2;-30;0;0;0;0;0;0;0;0;0;180;0;;;;;
2026-05-07;O_KCHOLE0526P190.00;KCHOL_05/2026_AVRUPA_OPSIYON;D_EQ;SSO;D_EQ_EPP;DE_KCHOL_EPP;KCHOL.E;2026-05-25;0.34;0.45;-24.44;0;0;0;0;0;0;0;0;0;3550;0;;;;;
2026-05-07;O_KCHOLE0526P195.00;KCHOL_05/2026_AVRUPA_OPSIYON;D_EQ;SSO;D_EQ_EPP;DE_KCHOL_EPP;KCHOL.E;2026-05-25;0.73;0.92;-20.65;0;0;0;0;0;0;0;0;0;750;0;;;;;
2026-05-07;O_KCHOLE0526P200.00;KCHOL_05/2026_AVRUPA_OPSIYON;D_EQ;SSO;D_EQ_EPP;DE_KCHOL_EPP;KCHOL.E;2026-05-25;1.41;1.7;-17.06;0;0;0;0;0;0;0;0;0;838;0;;;;;
2026-05-07;O_KCHOLE0526P205.00;KCHOL_05/2026_AVRUPA_OPSIYON;D_EQ;SSO;D_EQ_EPP;DE_KCHOL_EPP;KCHOL.E;2026-05-25;2.5;2.9;-13.79;0;0;0;0;0;0;0;0;0;300;0;;;;;
2026-05-07;O_KCHOLE0526P210.00;KCHOL_05/2026_AVRUPA_OPSIYON;D_EQ;SSO;D_EQ_EPP;DE_KCHOL_EPP;KCHOL.E;2026-05-25;4.1;4.62;-11.26;3.6;3.6;3.6;3.6;3.6;210000;3600;10;1;50;0;;;;;
2026-05-07;O_KCHOLE0526P215.00;KCHOL_05/2026_AVRUPA_OPSIYON;D_EQ;SSO;D_EQ_EPP;DE_KCHOL_EPP;KCHOL.E;2026-05-25;6.28;6.9;-8.99;0;0;0;0;0;0;0;0;0;167;0;;;;;
2026-05-07;O_KCHOLE0526P220.00;KCHOL_05/2026_AVRUPA_OPSIYON;D_EQ;SSO;D_EQ_EPP;DE_KCHOL_EPP;KCHOL.E;2026-05-25;9.04;9.74;-7.19;7.74;7.74;8.88;8.88;7.97;308000;11154;14;3;10;10;;;;;
2026-05-07;O_KCHOLE0526P225.00;KCHOL_05/2026_AVRUPA_OPSIYON;D_EQ;SSO;D_EQ_EPP;DE_KCHOL_EPP;KCHOL.E;2026-05-25;12.35;13.1;-5.73;0;0;0;0;0;0;0;0;0;42;0;;;;;
2026-05-07;O_KCHOLE0626C205.00;KCHOL_06/2026_AVRUPA_OPSIYON;D_EQ;SSO;D_EQ_ECP;DE_KCHOL_ECP;KCHOL.E;2026-06-30;21.91;21.48;2;0;0;0;0;0;0;0;0;0;500;0;;;;;
2026-05-07;O_KCHOLE0626C210.00;KCHOL_06/2026_AVRUPA_OPSIYON;D_EQ;SSO;D_EQ_ECP;DE_KCHOL_ECP;KCHOL.E;2026-06-30;18.65;18.28;2.02;0;0;0;0;0;0;0;0;0;60;0;;;;;
2026-05-07;O_KCHOLE0626C215.00;KCHOL_06/2026_AVRUPA_OPSIYON;D_EQ;SSO;D_EQ_ECP;DE_KCHOL_ECP;KCHOL.E;2026-06-30;15.7;15.39;2.01;0;0;0;0;0;0;0;0;0;0;0;;;;;
2026-05-07;O_KCHOLE0626C220.00;KCHOL_06/2026_AVRUPA_OPSIYON;D_EQ;SSO;D_EQ_ECP;DE_KCHOL_ECP;KCHOL.E;2026-06-30;13.06;12.82;1.87;11.19;11.19;11.19;11.19;11.19;440000;22380;20;2;20;20;;;;;
2026-05-07;O_KCHOLE0626C225.00;KCHOL_06/2026_AVRUPA_OPSIYON;D_EQ;SSO;D_EQ_ECP;DE_KCHOL_ECP;KCHOL.E;2026-06-30;10.75;10.57;1.7;0;0;0;0;0;0;0;0;0;0;0;;;;;
2026-05-07;O_KCHOLE0626C230.00;KCHOL_06/2026_AVRUPA_OPSIYON;D_EQ;SSO;D_EQ_ECP;DE_KCHOL_ECP;KCHOL.E;2026-06-30;8.75;8.61;1.63;0;0;0;0;0;0;0;0;0;0;0;;;;;
2026-05-07;O_KCHOLE0626C235.00;KCHOL_06/2026_AVRUPA_OPSIYON;D_EQ;SSO;D_EQ_ECP;DE_KCHOL_ECP;KCHOL.E;2026-06-30;7.04;6.96;1.15;0;0;0;0;0;0;0;0;0;30;0;;;;;
2026-05-07;O_KCHOLE0626C240.00;KCHOL_06/2026_AVRUPA_OPSIYON;D_EQ;SSO;D_EQ_ECP;DE_KCHOL_ECP;KCHOL.E;2026-06-30;5.6;5.56;0.72;0;0;0;0;0;0;0;0;0;30;0;;;;;
2026-05-07;O_KCHOLE0626C245.00;KCHOL_06/2026_AVRUPA_OPSIYON;D_EQ;SSO;D_EQ_ECP;DE_KCHOL_ECP;KCHOL.E;2026-06-30;4.41;4.4;0.23;0;0;0;0;0;0;0;0;0;146;0;;;;;
2026-05-07;O_KCHOLE0626C250.00;KCHOL_06/2026_AVRUPA_OPSIYON;D_EQ;SSO;D_EQ_ECP;DE_KCHOL_ECP;KCHOL.E;2026-06-30;3.44;3.45;-0.29;0;0;0;0;0;0;0;0;0;348;0;;;;;
2026-05-07;O_KCHOLE0626C260.00;KCHOL_06/2026_AVRUPA_OPSIYON;D_EQ;SSO;D_EQ_ECP;DE_KCHOL_ECP;KCHOL.E;2026-06-30;2.03;2.07;-1.93;1.38;1.38;1.5;1.5;1.42;13572000;74124;522;9;522;522;;;;;
2026-05-07;O_KCHOLE0626C270.00;KCHOL_06/2026_AVRUPA_OPSIYON;D_EQ;SSO;D_EQ_ECP;DE_KCHOL_ECP;KCHOL.E;2026-06-30;1.15;1.2;-4.17;0;0;0;0;0;0;0;0;0;0;0;;;;;
2026-05-07;O_KCHOLE0626P180.00;KCHOL_06/2026_AVRUPA_OPSIYON;D_EQ;SSO;D_EQ_EPP;DE_KCHOL_EPP;KCHOL.E;2026-06-30;0.57;0.67;-14.93;0;0;0;0;0;0;0;0;0;1;0;;;;;
2026-05-07;O_KCHOLE0626P185.00;KCHOL_06/2026_AVRUPA_OPSIYON;D_EQ;SSO;D_EQ_EPP;DE_KCHOL_EPP;KCHOL.E;2026-06-30;0.92;1.06;-13.21;0;0;0;0;0;0;0;0;0;0;0;;;;;
2026-05-07;O_KCHOLE0626P190.00;KCHOL_06/2026_AVRUPA_OPSIYON;D_EQ;SSO;D_EQ_EPP;DE_KCHOL_EPP;KCHOL.E;2026-06-30;1.42;1.61;-11.8;0;0;0;0;0;0;0;0;0;50;0;;;;;
2026-05-07;O_KCHOLE0626P195.00;KCHOL_06/2026_AVRUPA_OPSIYON;D_EQ;SSO;D_EQ_EPP;DE_KCHOL_EPP;KCHOL.E;2026-06-30;2.11;2.36;-10.59;0;0;0;0;0;0;0;0;0;0;0;;;;;
2026-05-07;O_KCHOLE0626P200.00;KCHOL_06/2026_AVRUPA_OPSIYON;D_EQ;SSO;D_EQ_EPP;DE_KCHOL_EPP;KCHOL.E;2026-06-30;3.03;3.33;-9.01;0;0;0;0;0;0;0;0;0;0;0;;;;;
2026-05-07;O_KCHOLE0626P205.00;KCHOL_06/2026_AVRUPA_OPSIYON;D_EQ;SSO;D_EQ_EPP;DE_KCHOL_EPP;KCHOL.E;2026-06-30;4.2;4.57;-8.1;0;0;0;0;0;0;0;0;0;0;0;;;;;
2026-05-07;O_KCHOLE0626P210.00;KCHOL_06/2026_AVRUPA_OPSIYON;D_EQ;SSO;D_EQ_EPP;DE_KCHOL_EPP;KCHOL.E;2026-06-30;5.67;6.09;-6.9;0;0;0;0;0;0;0;0;0;0;0;;;;;
2026-05-07;O_KCHOLE0626P215.00;KCHOL_06/2026_AVRUPA_OPSIYON;D_EQ;SSO;D_EQ_EPP;DE_KCHOL_EPP;KCHOL.E;2026-06-30;7.44;7.93;-6.18;0;0;0;0;0;0;0;0;0;0;0;;;;;
2026-05-07;O_KCHOLE0626P220.00;KCHOL_06/2026_AVRUPA_OPSIYON;D_EQ;SSO;D_EQ_EPP;DE_KCHOL_EPP;KCHOL.E;2026-06-30;9.54;10.08;-5.36;9.06;9.06;9.06;9.06;9.06;220000;9060;10;1;10;10;;;;;
2026-05-07;O_KCHOLE0626P225.00;KCHOL_06/2026_AVRUPA_OPSIYON;D_EQ;SSO;D_EQ_EPP;DE_KCHOL_EPP;KCHOL.E;2026-06-30;11.95;12.55;-4.78;0;0;0;0;0;0;0;0;0;20;0;;;;;
2026-05-07;O_KCHOLE0626P230.00;KCHOL_06/2026_AVRUPA_OPSIYON;D_EQ;SSO;D_EQ_EPP;DE_KCHOL_EPP;KCHOL.E;2026-06-30;14.67;15.32;-4.24;0;0;0;0;0;0;0;0;0;20;0;;;;;
2026-05-07;O_KCHOLE0626P235.00;KCHOL_06/2026_AVRUPA_OPSIYON;D_EQ;SSO;D_EQ_EPP;DE_KCHOL_EPP;KCHOL.E;2026-06-30;17.69;18.38;-3.75;0;0;0;0;0;0;0;0;0;0;0;;;;;
2026-05-07;O_KCHOLE0726C210.00;KCHOL_07/2026_AVRUPA_OPSIYON;D_EQ;SSO;D_EQ_ECP;DE_KCHOL_ECP;KCHOL.E;2026-07-31;27.8;27.38;1.53;0;0;0;0;0;0;0;0;0;0;0;;;;;
2026-05-07;O_KCHOLE0726C215.00;KCHOL_07/2026_AVRUPA_OPSIYON;D_EQ;SSO;D_EQ_ECP;DE_KCHOL_ECP;KCHOL.E;2026-07-31;24.66;24.28;1.57;0;0;0;0;0;0;0;0;0;0;0;;;;;
2026-05-07;O_KCHOLE0726C220.00;KCHOL_07/2026_AVRUPA_OPSIYON;D_EQ;SSO;D_EQ_ECP;DE_KCHOL_ECP;KCHOL.E;2026-07-31;21.73;21.41;1.49;0;0;0;0;0;0;0;0;0;0;0;;;;;
2026-05-07;O_KCHOLE0726C225.00;KCHOL_07/2026_AVRUPA_OPSIYON;D_EQ;SSO;D_EQ_ECP;DE_KCHOL_ECP;KCHOL.E;2026-07-31;19.04;18.77;1.44;0;0;0;0;0;0;0;0;0;0;0;;;;;
2026-05-07;O_KCHOLE0726C230.00;KCHOL_07/2026_AVRUPA_OPSIYON;D_EQ;SSO;D_EQ_ECP;DE_KCHOL_ECP;KCHOL.E;2026-07-31;16.58;16.36;1.34;0;0;0;0;0;0;0;0;0;0;0;;;;;
2026-05-07;O_KCHOLE0726C235.00;KCHOL_07/2026_AVRUPA_OPSIYON;D_EQ;SSO;D_EQ_ECP;DE_KCHOL_ECP;KCHOL.E;2026-07-31;14.36;14.18;1.27;0;0;0;0;0;0;0;0;0;0;0;;;;;
2026-05-07;O_KCHOLE0726C240.00;KCHOL_07/2026_AVRUPA_OPSIYON;D_EQ;SSO;D_EQ_ECP;DE_KCHOL_ECP;KCHOL.E;2026-07-31;12.36;12.23;1.06;0;0;0;0;0;0;0;0;0;0;0;;;;;
2026-05-07;O_KCHOLE0726C245.00;KCHOL_07/2026_AVRUPA_OPSIYON;D_EQ;SSO;D_EQ_ECP;DE_KCHOL_ECP;KCHOL.E;2026-07-31;10.58;10.49;0.86;0;0;0;0;0;0;0;0;0;0;0;;;;;
2026-05-07;O_KCHOLE0726C250.00;KCHOL_07/2026_AVRUPA_OPSIYON;D_EQ;SSO;D_EQ_ECP;DE_KCHOL_ECP;KCHOL.E;2026-07-31;9.01;8.96;0.56;0;0;0;0;0;0;0;0;0;0;0;;;;;
2026-05-07;O_KCHOLE0726C260.00;KCHOL_07/2026_AVRUPA_OPSIYON;D_EQ;SSO;D_EQ_ECP;DE_KCHOL_ECP;KCHOL.E;2026-07-31;6.42;;0;0;0;0;0;0;0;0;0;0;0;0;;;;;
2026-05-07;O_KCHOLE0726C270.00;KCHOL_07/2026_AVRUPA_OPSIYON;D_EQ;SSO;D_EQ_ECP;DE_KCHOL_ECP;KCHOL.E;2026-07-31;4.49;;0;0;0;0;0;0;0;0;0;0;0;0;;;;;
2026-05-07;O_KCHOLE0726P185.00;KCHOL_07/2026_AVRUPA_OPSIYON;D_EQ;SSO;D_EQ_EPP;DE_KCHOL_EPP;KCHOL.E;2026-07-31;1.09;1.23;-11.38;0;0;0;0;0;0;0;0;0;0;0;;;;;
2026-05-07;O_KCHOLE0726P190.00;KCHOL_07/2026_AVRUPA_OPSIYON;D_EQ;SSO;D_EQ_EPP;DE_KCHOL_EPP;KCHOL.E;2026-07-31;1.55;1.73;-10.4;0;0;0;0;0;0;0;0;0;0;0;;;;;
2026-05-07;O_KCHOLE0726P195.00;KCHOL_07/2026_AVRUPA_OPSIYON;D_EQ;SSO;D_EQ_EPP;DE_KCHOL_EPP;KCHOL.E;2026-07-31;2.15;2.36;-8.9;0;0;0;0;0;0;0;0;0;0;0;;;;;
2026-05-07;O_KCHOLE0726P200.00;KCHOL_07/2026_AVRUPA_OPSIYON;D_EQ;SSO;D_EQ_EPP;DE_KCHOL_EPP;KCHOL.E;2026-07-31;2.9;3.16;-8.23;0;0;0;0;0;0;0;0;0;0;0;;;;;
2026-05-07;O_KCHOLE0726P205.00;KCHOL_07/2026_AVRUPA_OPSIYON;D_EQ;SSO;D_EQ_EPP;DE_KCHOL_EPP;KCHOL.E;2026-07-31;3.84;4.14;-7.25;0;0;0;0;0;0;0;0;0;0;0;;;;;
2026-05-07;O_KCHOLE0726P210.00;KCHOL_07/2026_AVRUPA_OPSIYON;D_EQ;SSO;D_EQ_EPP;DE_KCHOL_EPP;KCHOL.E;2026-07-31;4.97;5.31;-6.4;0;0;0;0;0;0;0;0;0;0;0;;;;;
2026-05-07;O_KCHOLE0726P215.00;KCHOL_07/2026_AVRUPA_OPSIYON;D_EQ;SSO;D_EQ_EPP;DE_KCHOL_EPP;KCHOL.E;2026-07-31;6.31;6.7;-5.82;0;0;0;0;0;0;0;0;0;0;0;;;;;
2026-05-07;O_KCHOLE0726P220.00;KCHOL_07/2026_AVRUPA_OPSIYON;D_EQ;SSO;D_EQ_EPP;DE_KCHOL_EPP;KCHOL.E;2026-07-31;7.88;8.31;-5.17;0;0;0;0;0;0;0;0;0;0;0;;;;;
2026-05-07;O_KCHOLE0726P225.00;KCHOL_07/2026_AVRUPA_OPSIYON;D_EQ;SSO;D_EQ_EPP;DE_KCHOL_EPP;KCHOL.E;2026-07-31;9.68;10.16;-4.72;0;0;0;0;0;0;0;0;0;0;0;;;;;
2026-05-07;O_KCHOLE0726P230.00;KCHOL_07/2026_AVRUPA_OPSIYON;D_EQ;SSO;D_EQ_EPP;DE_KCHOL_EPP;KCHOL.E;2026-07-31;11.72;;0;0;0;0;0;0;0;0;0;0;0;0;;;;;
2026-05-07;O_KCHOLE0726P235.00;KCHOL_07/2026_AVRUPA_OPSIYON;D_EQ;SSO;D_EQ_EPP;DE_KCHOL_EPP;KCHOL.E;2026-07-31;13.98;;0;0;0;0;0;0;0;0;0;0;0;0;;;;;
2026-05-07;O_KRDMDE0526C29.00;KRDMD_05/2026_AVRUPA_OPSIYON;D_EQ;SSO;D_EQ_ECP;DE_KRDMD_ECP;KRDMD.E;2026-05-25;11.34;11.47;-1.13;0;0;0;0;0;0;0;0;0;0;0;;;;;
2026-05-07;O_KRDMDE0526C30.00;KRDMD_05/2026_AVRUPA_OPSIYON;D_EQ;SSO;D_EQ_ECP;DE_KRDMD_ECP;KRDMD.E;2026-05-25;10.36;10.49;-1.24;0;0;0;0;0;0;0;0;0;0;0;;;;;
2026-05-07;O_KRDMDE0526C31.00;KRDMD_05/2026_AVRUPA_OPSIYON;D_EQ;SSO;D_EQ_ECP;DE_KRDMD_ECP;KRDMD.E;2026-05-25;9.38;9.51;-1.37;0;0;0;0;0;0;0;0;0;0;0;;;;;
2026-05-07;O_KRDMDE0526C32.00;KRDMD_05/2026_AVRUPA_OPSIYON;D_EQ;SSO;D_EQ_ECP;DE_KRDMD_ECP;KRDMD.E;2026-05-25;8.4;8.53;-1.52;0;0;0;0;0;0;0;0;0;0;0;;;;;
2026-05-07;O_KRDMDE0526C33.00;KRDMD_05/2026_AVRUPA_OPSIYON;D_EQ;SSO;D_EQ_ECP;DE_KRDMD_ECP;KRDMD.E;2026-05-25;7.42;7.56;-1.85;0;0;0;0;0;0;0;0;0;351;0;;;;;
2026-05-07;O_KRDMDE0526C34.00;KRDMD_05/2026_AVRUPA_OPSIYON;D_EQ;SSO;D_EQ_ECP;DE_KRDMD_ECP;KRDMD.E;2026-05-25;6.46;6.6;-2.12;0;0;0;0;0;0;0;0;0;251;0;;;;;
2026-05-07;O_KRDMDE0526C35.00;KRDMD_05/2026_AVRUPA_OPSIYON;D_EQ;SSO;D_EQ_ECP;DE_KRDMD_ECP;KRDMD.E;2026-05-25;5.52;5.66;-2.47;0;0;0;0;0;0;0;0;0;378;0;;;;;
2026-05-07;O_KRDMDE0526C36.00;KRDMD_05/2026_AVRUPA_OPSIYON;D_EQ;SSO;D_EQ_ECP;DE_KRDMD_ECP;KRDMD.E;2026-05-25;4.61;4.76;-3.15;0;0;0;0;0;0;0;0;0;725;0;;;;;
2026-05-07;O_KRDMDE0526C37.00;KRDMD_05/2026_AVRUPA_OPSIYON;D_EQ;SSO;D_EQ_ECP;DE_KRDMD_ECP;KRDMD.E;2026-05-25;3.76;3.91;-3.84;0;0;0;0;0;0;0;0;0;350;0;;;;;
2026-05-07;O_KRDMDE0526C38.00;KRDMD_05/2026_AVRUPA_OPSIYON;D_EQ;SSO;D_EQ_ECP;DE_KRDMD_ECP;KRDMD.E;2026-05-25;2.97;3.13;-5.11;0;0;0;0;0;0;0;0;0;400;0;;;;;
2026-05-07;O_KRDMDE0526C39.00;KRDMD_05/2026_AVRUPA_OPSIYON;D_EQ;SSO;D_EQ_ECP;DE_KRDMD_ECP;KRDMD.E;2026-05-25;2.28;2.44;-6.56;2.71;2.25;2.71;2.28;2.43;2730000;170100;700;7;5550;372;;;;;
2026-05-07;O_KRDMDE0526C40.00;KRDMD_05/2026_AVRUPA_OPSIYON;D_EQ;SSO;D_EQ_ECP;DE_KRDMD_ECP;KRDMD.E;2026-05-25;1.7;1.84;-7.61;2.04;2.04;2.04;2.04;2.04;1600000;81600;400;4;5095;-385;;;;;
2026-05-07;O_KRDMDE0526C41.00;KRDMD_05/2026_AVRUPA_OPSIYON;D_EQ;SSO;D_EQ_ECP;DE_KRDMD_ECP;KRDMD.E;2026-05-25;1.22;1.35;-9.63;0;0;0;0;0;0;0;0;0;250;0;;;;;
2026-05-07;O_KRDMDE0526C42.00;KRDMD_05/2026_AVRUPA_OPSIYON;D_EQ;SSO;D_EQ_ECP;DE_KRDMD_ECP;KRDMD.E;2026-05-25;0.84;0.96;-12.5;0;0;0;0;0;0;0;0;0;91;0;;;;;
2026-05-07;O_KRDMDE0526C43.00;KRDMD_05/2026_AVRUPA_OPSIYON;D_EQ;SSO;D_EQ_ECP;DE_KRDMD_ECP;KRDMD.E;2026-05-25;0.56;0.66;-15.15;0;0;0;0;0;0;0;0;0;0;0;;;;;
2026-05-07;O_KRDMDE0526C44.00;KRDMD_05/2026_AVRUPA_OPSIYON;D_EQ;SSO;D_EQ_ECP;DE_KRDMD_ECP;KRDMD.E;2026-05-25;0.36;0.44;-18.18;0.26;0.26;0.26;0.26;0.26;818400;4836;186;1;427;186;;;;;
2026-05-07;O_KRDMDE0526C45.00;KRDMD_05/2026_AVRUPA_OPSIYON;D_EQ;SSO;D_EQ_ECP;DE_KRDMD_ECP;KRDMD.E;2026-05-25;0.23;0.28;-17.86;0.21;0.19;0.21;0.19;0.2;1660500;7379;369;2;761;369;;;;;
2026-05-07;O_KRDMDE0526C46.00;KRDMD_05/2026_AVRUPA_OPSIYON;D_EQ;SSO;D_EQ_ECP;DE_KRDMD_ECP;KRDMD.E;2026-05-25;0.14;0.18;-22.22;0;0;0;0;0;0;0;0;0;209;0;;;;;
2026-05-07;O_KRDMDE0526C47.00;KRDMD_05/2026_AVRUPA_OPSIYON;D_EQ;SSO;D_EQ_ECP;DE_KRDMD_ECP;KRDMD.E;2026-05-25;0.08;0.11;-27.27;0;0;0;0;0;0;0;0;0;104;0;;;;;
2026-05-07;O_KRDMDE0526P24.50;KRDMD_05/2026_AVRUPA_OPSIYON;D_EQ;SSO;D_EQ_EPP;DE_KRDMD_EPP;KRDMD.E;2026-05-25;0.01;0.01;0;0;0;0;0;0;0;0;0;0;0;0;;;;;
2026-05-07;O_KRDMDE0526P25.00;KRDMD_05/2026_AVRUPA_OPSIYON;D_EQ;SSO;D_EQ_EPP;DE_KRDMD_EPP;KRDMD.E;2026-05-25;0.01;0.01;0;0;0;0;0;0;0;0;0;0;0;0;;;;;
2026-05-07;O_KRDMDE0526P26.00;KRDMD_05/2026_AVRUPA_OPSIYON;D_EQ;SSO;D_EQ_EPP;DE_KRDMD_EPP;KRDMD.E;2026-05-25;0.01;0.01;0;0;0;0;0;0;0;0;0;0;0;0;;;;;
2026-05-07;O_KRDMDE0526P27.00;KRDMD_05/2026_AVRUPA_OPSIYON;D_EQ;SSO;D_EQ_EPP;DE_KRDMD_EPP;KRDMD.E;2026-05-25;0.01;0.01;0;0;0;0;0;0;0;0;0;0;0;0;;;;;
2026-05-07;O_KRDMDE0526P28.00;KRDMD_05/2026_AVRUPA_OPSIYON;D_EQ;SSO;D_EQ_EPP;DE_KRDMD_EPP;KRDMD.E;2026-05-25;0.01;0.01;0;0;0;0;0;0;0;0;0;0;0;0;;;;;
2026-05-07;O_KRDMDE0526P29.00;KRDMD_05/2026_AVRUPA_OPSIYON;D_EQ;SSO;D_EQ_EPP;DE_KRDMD_EPP;KRDMD.E;2026-05-25;0.01;0.01;0;0;0;0;0;0;0;0;0;0;0;0;;;;;
2026-05-07;O_KRDMDE0526P30.00;KRDMD_05/2026_AVRUPA_OPSIYON;D_EQ;SSO;D_EQ_EPP;DE_KRDMD_EPP;KRDMD.E;2026-05-25;0.01;0.01;0;0;0;0;0;0;0;0;0;0;0;0;;;;;
2026-05-07;O_KRDMDE0526P31.00;KRDMD_05/2026_AVRUPA_OPSIYON;D_EQ;SSO;D_EQ_EPP;DE_KRDMD_EPP;KRDMD.E;2026-05-25;0.01;0.01;0;0;0;0;0;0;0;0;0;0;0;0;;;;;
2026-05-07;O_KRDMDE0526P32.00;KRDMD_05/2026_AVRUPA_OPSIYON;D_EQ;SSO;D_EQ_EPP;DE_KRDMD_EPP;KRDMD.E;2026-05-25;0.01;0.01;0;0;0;0;0;0;0;0;0;0;0;0;;;;;
2026-05-07;O_KRDMDE0526P33.00;KRDMD_05/2026_AVRUPA_OPSIYON;D_EQ;SSO;D_EQ_EPP;DE_KRDMD_EPP;KRDMD.E;2026-05-25;0.01;0.01;0;0;0;0;0;0;0;0;0;0;0;0;;;;;
2026-05-07;O_KRDMDE0526P34.00;KRDMD_05/2026_AVRUPA_OPSIYON;D_EQ;SSO;D_EQ_EPP;DE_KRDMD_EPP;KRDMD.E;2026-05-25;0.03;0.04;-25;0;0;0;0;0;0;0;0;0;0;0;;;;;
2026-05-07;O_KRDMDE0526P35.00;KRDMD_05/2026_AVRUPA_OPSIYON;D_EQ;SSO;D_EQ_EPP;DE_KRDMD_EPP;KRDMD.E;2026-05-25;0.07;0.08;-12.5;0;0;0;0;0;0;0;0;0;80;0;;;;;
2026-05-07;O_KRDMDE0526P36.00;KRDMD_05/2026_AVRUPA_OPSIYON;D_EQ;SSO;D_EQ_EPP;DE_KRDMD_EPP;KRDMD.E;2026-05-25;0.14;0.16;-12.5;0;0;0;0;0;0;0;0;0;250;0;;;;;
2026-05-07;O_KRDMDE0526P37.00;KRDMD_05/2026_AVRUPA_OPSIYON;D_EQ;SSO;D_EQ_EPP;DE_KRDMD_EPP;KRDMD.E;2026-05-25;0.27;0.29;-6.9;0.27;0.27;0.36;0.31;0.3;2545600;20593;688;5;1641;686;;;;;
2026-05-07;O_KRDMDE0526P38.00;KRDMD_05/2026_AVRUPA_OPSIYON;D_EQ;SSO;D_EQ_EPP;DE_KRDMD_EPP;KRDMD.E;2026-05-25;0.47;0.49;-4.08;0;0;0;0;0;0;0;0;0;258;0;;;;;
2026-05-07;O_KRDMDE0526P39.00;KRDMD_05/2026_AVRUPA_OPSIYON;D_EQ;SSO;D_EQ_EPP;DE_KRDMD_EPP;KRDMD.E;2026-05-25;0.76;0.77;-1.3;0;0;0;0;0;0;0;0;0;375;0;;;;;
2026-05-07;O_KRDMDE0526P40.00;KRDMD_05/2026_AVRUPA_OPSIYON;D_EQ;SSO;D_EQ_EPP;DE_KRDMD_EPP;KRDMD.E;2026-05-25;1.15;1.16;-0.86;0;0;0;0;0;0;0;0;0;475;0;;;;;
2026-05-07;O_KRDMDE0526P41.00;KRDMD_05/2026_AVRUPA_OPSIYON;D_EQ;SSO;D_EQ_EPP;DE_KRDMD_EPP;KRDMD.E;2026-05-25;1.66;1.65;0.61;0;0;0;0;0;0;0;0;0;200;0;;;;;
2026-05-07;O_KRDMDE0526P42.00;KRDMD_05/2026_AVRUPA_OPSIYON;D_EQ;SSO;D_EQ_EPP;DE_KRDMD_EPP;KRDMD.E;2026-05-25;2.26;2.24;0.89;0;0;0;0;0;0;0;0;0;100;0;;;;;
2026-05-07;O_KRDMDE0626C33.00;KRDMD_06/2026_AVRUPA_OPSIYON;D_EQ;SSO;D_EQ_ECP;DE_KRDMD_ECP;KRDMD.E;2026-06-30;8.74;8.88;-1.58;0;0;0;0;0;0;0;0;0;0;0;;;;;
2026-05-07;O_KRDMDE0626C34.00;KRDMD_06/2026_AVRUPA_OPSIYON;D_EQ;SSO;D_EQ_ECP;DE_KRDMD_ECP;KRDMD.E;2026-06-30;7.87;8.02;-1.87;0;0;0;0;0;0;0;0;0;0;0;;;;;
2026-05-07;O_KRDMDE0626C35.00;KRDMD_06/2026_AVRUPA_OPSIYON;D_EQ;SSO;D_EQ_ECP;DE_KRDMD_ECP;KRDMD.E;2026-06-30;7.03;7.18;-2.09;0;0;0;0;0;0;0;0;0;0;0;;;;;
2026-05-07;O_KRDMDE0626C36.00;KRDMD_06/2026_AVRUPA_OPSIYON;D_EQ;SSO;D_EQ_ECP;DE_KRDMD_ECP;KRDMD.E;2026-06-30;6.23;6.39;-2.5;0;0;0;0;0;0;0;0;0;0;0;;;;;
2026-05-07;O_KRDMDE0626C37.00;KRDMD_06/2026_AVRUPA_OPSIYON;D_EQ;SSO;D_EQ_ECP;DE_KRDMD_ECP;KRDMD.E;2026-06-30;5.47;5.63;-2.84;0;0;0;0;0;0;0;0;0;0;0;;;;;
2026-05-07;O_KRDMDE0626C38.00;KRDMD_06/2026_AVRUPA_OPSIYON;D_EQ;SSO;D_EQ_ECP;DE_KRDMD_ECP;KRDMD.E;2026-06-30;4.77;4.93;-3.25;0;0;0;0;0;0;0;0;0;0;0;;;;;
2026-05-07;O_KRDMDE0626C39.00;KRDMD_06/2026_AVRUPA_OPSIYON;D_EQ;SSO;D_EQ_ECP;DE_KRDMD_ECP;KRDMD.E;2026-06-30;4.11;4.27;-3.75;0;0;0;0;0;0;0;0;0;0;0;;;;;
2026-05-07;O_KRDMDE0626C40.00;KRDMD_06/2026_AVRUPA_OPSIYON;D_EQ;SSO;D_EQ_ECP;DE_KRDMD_ECP;KRDMD.E;2026-06-30;3.52;3.67;-4.09;0;0;0;0;0;0;0;0;0;0;0;;;;;
2026-05-07;O_KRDMDE0626C41.00;KRDMD_06/2026_AVRUPA_OPSIYON;D_EQ;SSO;D_EQ_ECP;DE_KRDMD_ECP;KRDMD.E;2026-06-30;2.98;3.13;-4.79;0;0;0;0;0;0;0;0;0;0;0;;;;;
2026-05-07;O_KRDMDE0626C42.00;KRDMD_06/2026_AVRUPA_OPSIYON;D_EQ;SSO;D_EQ_ECP;DE_KRDMD_ECP;KRDMD.E;2026-06-30;2.5;2.65;-5.66;0;0;0;0;0;0;0;0;0;0;0;;;;;
2026-05-07;O_KRDMDE0626C43.00;KRDMD_06/2026_AVRUPA_OPSIYON;D_EQ;SSO;D_EQ_ECP;DE_KRDMD_ECP;KRDMD.E;2026-06-30;2.08;2.22;-6.31;0;0;0;0;0;0;0;0;0;50;0;;;;;
2026-05-07;O_KRDMDE0626C44.00;KRDMD_06/2026_AVRUPA_OPSIYON;D_EQ;SSO;D_EQ_ECP;DE_KRDMD_ECP;KRDMD.E;2026-06-30;1.71;1.84;-7.07;0;0;0;0;0;0;0;0;0;25;0;;;;;
2026-05-07;O_KRDMDE0626C45.00;KRDMD_06/2026_AVRUPA_OPSIYON;D_EQ;SSO;D_EQ_ECP;DE_KRDMD_ECP;KRDMD.E;2026-06-30;1.4;1.52;-7.89;0;0;0;0;0;0;0;0;0;75;0;;;;;
2026-05-07;O_KRDMDE0626C46.00;KRDMD_06/2026_AVRUPA_OPSIYON;D_EQ;SSO;D_EQ_ECP;DE_KRDMD_ECP;KRDMD.E;2026-06-30;1.13;1.24;-8.87;0;0;0;0;0;0;0;0;0;0;0;;;;;
2026-05-07;O_KRDMDE0626C47.00;KRDMD_06/2026_AVRUPA_OPSIYON;D_EQ;SSO;D_EQ_ECP;DE_KRDMD_ECP;KRDMD.E;2026-06-30;0.91;1.01;-9.9;0;0;0;0;0;0;0;0;0;0;0;;;;;
2026-05-07;O_KRDMDE0626C48.00;KRDMD_06/2026_AVRUPA_OPSIYON;D_EQ;SSO;D_EQ_ECP;DE_KRDMD_ECP;KRDMD.E;2026-06-30;0.73;0.81;-9.88;0;0;0;0;0;0;0;0;0;0;0;;;;;
2026-05-07;O_KRDMDE0626C49.00;KRDMD_06/2026_AVRUPA_OPSIYON;D_EQ;SSO;D_EQ_ECP;DE_KRDMD_ECP;KRDMD.E;2026-06-30;0.57;0.65;-12.31;0;0;0;0;0;0;0;0;0;0;0;;;;;
2026-05-07;O_KRDMDE0626P28.00;KRDMD_06/2026_AVRUPA_OPSIYON;D_EQ;SSO;D_EQ_EPP;DE_KRDMD_EPP;KRDMD.E;2026-06-30;0.01;0.01;0;0;0;0;0;0;0;0;0;0;0;0;;;;;
2026-05-07;O_KRDMDE0626P29.00;KRDMD_06/2026_AVRUPA_OPSIYON;D_EQ;SSO;D_EQ_EPP;DE_KRDMD_EPP;KRDMD.E;2026-06-30;0.01;0.02;-50;0;0;0;0;0;0;0;0;0;0;0;;;;;
2026-05-07;O_KRDMDE0626P30.00;KRDMD_06/2026_AVRUPA_OPSIYON;D_EQ;SSO;D_EQ_EPP;DE_KRDMD_EPP;KRDMD.E;2026-06-30;0.03;0.03;0;0;0;0;0;0;0;0;0;0;0;0;;;;;
2026-05-07;O_KRDMDE0626P31.00;KRDMD_06/2026_AVRUPA_OPSIYON;D_EQ;SSO;D_EQ_EPP;DE_KRDMD_EPP;KRDMD.E;2026-06-30;0.05;0.05;0;0;0;0;0;0;0;0;0;0;0;0;;;;;
2026-05-07;O_KRDMDE0626P32.00;KRDMD_06/2026_AVRUPA_OPSIYON;D_EQ;SSO;D_EQ_EPP;DE_KRDMD_EPP;KRDMD.E;2026-06-30;0.08;0.09;-11.11;0;0;0;0;0;0;0;0;0;0;0;;;;;
2026-05-07;O_KRDMDE0626P33.00;KRDMD_06/2026_AVRUPA_OPSIYON;D_EQ;SSO;D_EQ_EPP;DE_KRDMD_EPP;KRDMD.E;2026-06-30;0.13;0.15;-13.33;0;0;0;0;0;0;0;0;0;0;0;;;;;
2026-05-07;O_KRDMDE0626P34.00;KRDMD_06/2026_AVRUPA_OPSIYON;D_EQ;SSO;D_EQ_EPP;DE_KRDMD_EPP;KRDMD.E;2026-06-30;0.21;0.23;-8.7;0;0;0;0;0;0;0;0;0;0;0;;;;;
2026-05-07;O_KRDMDE0626P35.00;KRDMD_06/2026_AVRUPA_OPSIYON;D_EQ;SSO;D_EQ_EPP;DE_KRDMD_EPP;KRDMD.E;2026-06-30;0.32;0.34;-5.88;0;0;0;0;0;0;0;0;0;0;0;;;;;
2026-05-07;O_KRDMDE0626P36.00;KRDMD_06/2026_AVRUPA_OPSIYON;D_EQ;SSO;D_EQ_EPP;DE_KRDMD_EPP;KRDMD.E;2026-06-30;0.46;0.48;-4.17;0;0;0;0;0;0;0;0;0;0;0;;;;;
2026-05-07;O_KRDMDE0626P37.00;KRDMD_06/2026_AVRUPA_OPSIYON;D_EQ;SSO;D_EQ_EPP;DE_KRDMD_EPP;KRDMD.E;2026-06-30;0.65;0.67;-2.99;0;0;0;0;0;0;0;0;0;0;0;;;;;
2026-05-07;O_KRDMDE0626P38.00;KRDMD_06/2026_AVRUPA_OPSIYON;D_EQ;SSO;D_EQ_EPP;DE_KRDMD_EPP;KRDMD.E;2026-06-30;0.89;0.91;-2.2;0;0;0;0;0;0;0;0;0;0;0;;;;;
2026-05-07;O_KRDMDE0626P39.00;KRDMD_06/2026_AVRUPA_OPSIYON;D_EQ;SSO;D_EQ_EPP;DE_KRDMD_EPP;KRDMD.E;2026-06-30;1.18;1.2;-1.67;0;0;0;0;0;0;0;0;0;0;0;;;;;
2026-05-07;O_KRDMDE0626P40.00;KRDMD_06/2026_AVRUPA_OPSIYON;D_EQ;SSO;D_EQ_EPP;DE_KRDMD_EPP;KRDMD.E;2026-06-30;1.53;1.55;-1.29;0;0;0;0;0;0;0;0;0;0;0;;;;;
2026-05-07;O_KRDMDE0626P41.00;KRDMD_06/2026_AVRUPA_OPSIYON;D_EQ;SSO;D_EQ_EPP;DE_KRDMD_EPP;KRDMD.E;2026-06-30;1.94;1.95;-0.51;0;0;0;0;0;0;0;0;0;0;0;;;;;
2026-05-07;O_KRDMDE0626P42.00;KRDMD_06/2026_AVRUPA_OPSIYON;D_EQ;SSO;D_EQ_EPP;DE_KRDMD_EPP;KRDMD.E;2026-06-30;2.4;2.41;-0.41;0;0;0;0;0;0;0;0;0;75;0;;;;;
2026-05-07;O_KRDMDE0626P43.00;KRDMD_06/2026_AVRUPA_OPSIYON;D_EQ;SSO;D_EQ_EPP;DE_KRDMD_EPP;KRDMD.E;2026-06-30;2.93;2.92;0.34;0;0;0;0;0;0;0;0;0;0;0;;;;;
2026-05-07;O_KRDMDE0626P44.00;KRDMD_06/2026_AVRUPA_OPSIYON;D_EQ;SSO;D_EQ_EPP;DE_KRDMD_EPP;KRDMD.E;2026-06-30;3.51;3.49;0.57;0;0;0;0;0;0;0;0;0;0;0;;;;;
2026-05-07;O_KRDMDE0726C41.00;KRDMD_07/2026_AVRUPA_OPSIYON;D_EQ;SSO;D_EQ_ECP;DE_KRDMD_ECP;KRDMD.E;2026-07-31;4.68;4.85;-3.51;0;0;0;0;0;0;0;0;0;0;0;;;;;
2026-05-07;O_KRDMDE0726C42.00;KRDMD_07/2026_AVRUPA_OPSIYON;D_EQ;SSO;D_EQ_ECP;DE_KRDMD_ECP;KRDMD.E;2026-07-31;4.14;4.31;-3.94;0;0;0;0;0;0;0;0;0;0;0;;;;;
2026-05-07;O_KRDMDE0726C43.00;KRDMD_07/2026_AVRUPA_OPSIYON;D_EQ;SSO;D_EQ_ECP;DE_KRDMD_ECP;KRDMD.E;2026-07-31;3.65;3.82;-4.45;0;0;0;0;0;0;0;0;0;0;0;;;;;
2026-05-07;O_KRDMDE0726C44.00;KRDMD_07/2026_AVRUPA_OPSIYON;D_EQ;SSO;D_EQ_ECP;DE_KRDMD_ECP;KRDMD.E;2026-07-31;3.2;3.36;-4.76;0;0;0;0;0;0;0;0;0;0;0;;;;;
2026-05-07;O_KRDMDE0726C45.00;KRDMD_07/2026_AVRUPA_OPSIYON;D_EQ;SSO;D_EQ_ECP;DE_KRDMD_ECP;KRDMD.E;2026-07-31;2.8;2.95;-5.08;0;0;0;0;0;0;0;0;0;0;0;;;;;
2026-05-07;O_KRDMDE0726C46.00;KRDMD_07/2026_AVRUPA_OPSIYON;D_EQ;SSO;D_EQ_ECP;DE_KRDMD_ECP;KRDMD.E;2026-07-31;2.43;2.58;-5.81;0;0;0;0;0;0;0;0;0;0;0;;;;;
2026-05-07;O_KRDMDE0726C47.00;KRDMD_07/2026_AVRUPA_OPSIYON;D_EQ;SSO;D_EQ_ECP;DE_KRDMD_ECP;KRDMD.E;2026-07-31;2.1;2.24;-6.25;0;0;0;0;0;0;0;0;0;0;0;;;;;
2026-05-07;O_KRDMDE0726C48.00;KRDMD_07/2026_AVRUPA_OPSIYON;D_EQ;SSO;D_EQ_ECP;DE_KRDMD_ECP;KRDMD.E;2026-07-31;1.81;1.94;-6.7;0;0;0;0;0;0;0;0;0;0;0;;;;;
2026-05-07;O_KRDMDE0726C49.00;KRDMD_07/2026_AVRUPA_OPSIYON;D_EQ;SSO;D_EQ_ECP;DE_KRDMD_ECP;KRDMD.E;2026-07-31;1.56;1.68;-7.14;0;0;0;0;0;0;0;0;0;0;0;;;;;
2026-05-07;O_KRDMDE0726C50.00;KRDMD_07/2026_AVRUPA_OPSIYON;D_EQ;SSO;D_EQ_ECP;DE_KRDMD_ECP;KRDMD.E;2026-07-31;1.33;1.44;-7.64;0;0;0;0;0;0;0;0;0;0;0;;;;;
2026-05-07;O_KRDMDE0726P36.00;KRDMD_07/2026_AVRUPA_OPSIYON;D_EQ;SSO;D_EQ_EPP;DE_KRDMD_EPP;KRDMD.E;2026-07-31;0.51;0.53;-3.77;0;0;0;0;0;0;0;0;0;0;0;;;;;
2026-05-07;O_KRDMDE0726P37.00;KRDMD_07/2026_AVRUPA_OPSIYON;D_EQ;SSO;D_EQ_EPP;DE_KRDMD_EPP;KRDMD.E;2026-07-31;0.67;0.7;-4.29;0;0;0;0;0;0;0;0;0;0;0;;;;;
2026-05-07;O_KRDMDE0726P38.00;KRDMD_07/2026_AVRUPA_OPSIYON;D_EQ;SSO;D_EQ_EPP;DE_KRDMD_EPP;KRDMD.E;2026-07-31;0.87;0.9;-3.33;0;0;0;0;0;0;0;0;0;0;0;;;;;
2026-05-07;O_KRDMDE0726P39.00;KRDMD_07/2026_AVRUPA_OPSIYON;D_EQ;SSO;D_EQ_EPP;DE_KRDMD_EPP;KRDMD.E;2026-07-31;1.11;1.14;-2.63;0;0;0;0;0;0;0;0;0;0;0;;;;;
2026-05-07;O_KRDMDE0726P40.00;KRDMD_07/2026_AVRUPA_OPSIYON;D_EQ;SSO;D_EQ_EPP;DE_KRDMD_EPP;KRDMD.E;2026-07-31;1.39;1.41;-1.42;0;0;0;0;0;0;0;0;0;0;0;;;;;
2026-05-07;O_KRDMDE0726P41.00;KRDMD_07/2026_AVRUPA_OPSIYON;D_EQ;SSO;D_EQ_EPP;DE_KRDMD_EPP;KRDMD.E;2026-07-31;1.71;1.73;-1.16;0;0;0;0;0;0;0;0;0;0;0;;;;;
2026-05-07;O_KRDMDE0726P42.00;KRDMD_07/2026_AVRUPA_OPSIYON;D_EQ;SSO;D_EQ_EPP;DE_KRDMD_EPP;KRDMD.E;2026-07-31;2.08;2.1;-0.95;0;0;0;0;0;0;0;0;0;0;0;;;;;
2026-05-07;O_KRDMDE0726P43.00;KRDMD_07/2026_AVRUPA_OPSIYON;D_EQ;SSO;D_EQ_EPP;DE_KRDMD_EPP;KRDMD.E;2026-07-31;2.48;2.5;-0.8;0;0;0;0;0;0;0;0;0;0;0;;;;;
2026-05-07;O_KRDMDE0726P44.00;KRDMD_07/2026_AVRUPA_OPSIYON;D_EQ;SSO;D_EQ_EPP;DE_KRDMD_EPP;KRDMD.E;2026-07-31;2.93;2.94;-0.34;0;0;0;0;0;0;0;0;0;0;0;;;;;
2026-05-07;O_KRDMDE0726P45.00;KRDMD_07/2026_AVRUPA_OPSIYON;D_EQ;SSO;D_EQ_EPP;DE_KRDMD_EPP;KRDMD.E;2026-07-31;3.43;3.43;0;0;0;0;0;0;0;0;0;0;0;0;;;;;
2026-05-07;O_PETKME0526C18.00;PETKM_05/2026_AVRUPA_OPSIYON;D_EQ;SSO;D_EQ_ECP;DE_PETKM_ECP;PETKM.E;2026-05-25;6.1;6.47;-5.72;0;0;0;0;0;0;0;0;0;0;0;;;;;
2026-05-07;O_PETKME0526C18.50;PETKM_05/2026_AVRUPA_OPSIYON;D_EQ;SSO;D_EQ_ECP;DE_PETKM_ECP;PETKM.E;2026-05-25;5.61;5.99;-6.34;0;0;0;0;0;0;0;0;0;0;0;;;;;
2026-05-07;O_PETKME0526C19.00;PETKM_05/2026_AVRUPA_OPSIYON;D_EQ;SSO;D_EQ_ECP;DE_PETKM_ECP;PETKM.E;2026-05-25;5.12;5.5;-6.91;0;0;0;0;0;0;0;0;0;1;0;;;;;
2026-05-07;O_PETKME0526C19.50;PETKM_05/2026_AVRUPA_OPSIYON;D_EQ;SSO;D_EQ_ECP;DE_PETKM_ECP;PETKM.E;2026-05-25;4.64;5.01;-7.39;0;0;0;0;0;0;0;0;0;0;0;;;;;
2026-05-07;O_PETKME0526C20.00;PETKM_05/2026_AVRUPA_OPSIYON;D_EQ;SSO;D_EQ_ECP;DE_PETKM_ECP;PETKM.E;2026-05-25;4.16;4.54;-8.37;0;0;0;0;0;0;0;0;0;1;0;;;;;
2026-05-07;O_PETKME0526C20.50;PETKM_05/2026_AVRUPA_OPSIYON;D_EQ;SSO;D_EQ_ECP;DE_PETKM_ECP;PETKM.E;2026-05-25;3.69;4.07;-9.34;0;0;0;0;0;0;0;0;0;2;0;;;;;
2026-05-07;O_PETKME0526C21.00;PETKM_05/2026_AVRUPA_OPSIYON;D_EQ;SSO;D_EQ_ECP;DE_PETKM_ECP;PETKM.E;2026-05-25;3.24;3.61;-10.25;0;0;0;0;0;0;0;0;0;1;0;;;;;
2026-05-07;O_PETKME0526C21.50;PETKM_05/2026_AVRUPA_OPSIYON;D_EQ;SSO;D_EQ_ECP;DE_PETKM_ECP;PETKM.E;2026-05-25;2.8;3.16;-11.39;0;0;0;0;0;0;0;0;0;2;0;;;;;
2026-05-07;O_PETKME0526C22.00;PETKM_05/2026_AVRUPA_OPSIYON;D_EQ;SSO;D_EQ_ECP;DE_PETKM_ECP;PETKM.E;2026-05-25;2.39;2.74;-12.77;0;0;0;0;0;0;0;0;0;100;0;;;;;
2026-05-07;O_PETKME0526C22.50;PETKM_05/2026_AVRUPA_OPSIYON;D_EQ;SSO;D_EQ_ECP;DE_PETKM_ECP;PETKM.E;2026-05-25;2.01;2.34;-14.1;0;0;0;0;0;0;0;0;0;101;0;;;;;
2026-05-07;O_PETKME0526C23.00;PETKM_05/2026_AVRUPA_OPSIYON;D_EQ;SSO;D_EQ_ECP;DE_PETKM_ECP;PETKM.E;2026-05-25;1.66;1.98;-16.16;1.67;1.67;1.67;1.67;1.67;230000;16700;100;1;894;100;;;;;
2026-05-07;O_PETKME0526C23.50;PETKM_05/2026_AVRUPA_OPSIYON;D_EQ;SSO;D_EQ_ECP;DE_PETKM_ECP;PETKM.E;2026-05-25;1.35;1.64;-17.68;1.34;1.31;1.34;1.31;1.32;705000;39600;300;3;766;300;;;;;
2026-05-07;O_PETKME0526C24.00;PETKM_05/2026_AVRUPA_OPSIYON;D_EQ;SSO;D_EQ_ECP;DE_PETKM_ECP;PETKM.E;2026-05-25;1.07;1.35;-20.74;1.02;1.02;1.02;1.02;1.02;480000;20400;200;2;0;-200;;;;;
2026-05-07;O_PETKME0526C24.50;PETKM_05/2026_AVRUPA_OPSIYON;D_EQ;SSO;D_EQ_ECP;DE_PETKM_ECP;PETKM.E;2026-05-25;0.84;1.09;-22.94;0;0;0;0;0;0;0;0;0;0;0;;;;;
2026-05-07;O_PETKME0526C25.00;PETKM_05/2026_AVRUPA_OPSIYON;D_EQ;SSO;D_EQ_ECP;DE_PETKM_ECP;PETKM.E;2026-05-25;0.65;0.86;-24.42;0.7;0.47;0.7;0.47;0.58;62500;1454;25;25;11606;-25;;;;;
2026-05-07;O_PETKME0526C26.00;PETKM_05/2026_AVRUPA_OPSIYON;D_EQ;SSO;D_EQ_ECP;DE_PETKM_ECP;PETKM.E;2026-05-25;0.36;0.52;-30.77;0;0;0;0;0;0;0;0;0;3183;0;;;;;
2026-05-07;O_PETKME0526C27.00;PETKM_05/2026_AVRUPA_OPSIYON;D_EQ;SSO;D_EQ_ECP;DE_PETKM_ECP;PETKM.E;2026-05-25;0.19;0.29;-34.48;0.14;0.14;0.14;0.14;0.14;661500;3430;245;1;963;245;;;;;
2026-05-07;O_PETKME0526C28.00;PETKM_05/2026_AVRUPA_OPSIYON;D_EQ;SSO;D_EQ_ECP;DE_PETKM_ECP;PETKM.E;2026-05-25;0.09;0.16;-43.75;0;0;0;0;0;0;0;0;0;1149;0;;;;;
2026-05-07;O_PETKME0526C29.00;PETKM_05/2026_AVRUPA_OPSIYON;D_EQ;SSO;D_EQ_ECP;DE_PETKM_ECP;PETKM.E;2026-05-25;0.04;0.08;-50;0;0;0;0;0;0;0;0;0;240;0;;;;;
2026-05-07;O_PETKME0526C30.00;PETKM_05/2026_AVRUPA_OPSIYON;D_EQ;SSO;D_EQ_ECP;DE_PETKM_ECP;PETKM.E;2026-05-25;0.02;0.04;-50;0;0;0;0;0;0;0;0;0;0;0;;;;;
2026-05-07;O_PETKME0526C31.00;PETKM_05/2026_AVRUPA_OPSIYON;D_EQ;SSO;D_EQ_ECP;DE_PETKM_ECP;PETKM.E;2026-05-25;0.01;0.02;-50;0;0;0;0;0;0;0;0;0;0;0;;;;;
2026-05-07;O_PETKME0526C32.00;PETKM_05/2026_AVRUPA_OPSIYON;D_EQ;SSO;D_EQ_ECP;DE_PETKM_ECP;PETKM.E;2026-05-25;0.01;0.01;0;0;0;0;0;0;0;0;0;0;0;0;;;;;
2026-05-07;O_PETKME0526P15.50;PETKM_05/2026_AVRUPA_OPSIYON;D_EQ;SSO;D_EQ_EPP;DE_PETKM_EPP;PETKM.E;2026-05-25;0.01;0.01;0;0;0;0;0;0;0;0;0;0;0;0;;;;;
2026-05-07;O_PETKME0526P16.00;PETKM_05/2026_AVRUPA_OPSIYON;D_EQ;SSO;D_EQ_EPP;DE_PETKM_EPP;PETKM.E;2026-05-25;0.01;0.01;0;0;0;0;0;0;0;0;0;0;0;0;;;;;
2026-05-07;O_PETKME0526P16.50;PETKM_05/2026_AVRUPA_OPSIYON;D_EQ;SSO;D_EQ_EPP;DE_PETKM_EPP;PETKM.E;2026-05-25;0.01;0.01;0;0;0;0;0;0;0;0;0;0;0;0;;;;;
2026-05-07;O_PETKME0526P17.00;PETKM_05/2026_AVRUPA_OPSIYON;D_EQ;SSO;D_EQ_EPP;DE_PETKM_EPP;PETKM.E;2026-05-25;0.01;0.01;0;0;0;0;0;0;0;0;0;0;0;0;;;;;
2026-05-07;O_PETKME0526P17.50;PETKM_05/2026_AVRUPA_OPSIYON;D_EQ;SSO;D_EQ_EPP;DE_PETKM_EPP;PETKM.E;2026-05-25;0.01;0.01;0;0;0;0;0;0;0;0;0;0;0;0;;;;;
2026-05-07;O_PETKME0526P18.00;PETKM_05/2026_AVRUPA_OPSIYON;D_EQ;SSO;D_EQ_EPP;DE_PETKM_EPP;PETKM.E;2026-05-25;0.01;0.01;0;0;0;0;0;0;0;0;0;0;0;0;;;;;
2026-05-07;O_PETKME0526P18.50;PETKM_05/2026_AVRUPA_OPSIYON;D_EQ;SSO;D_EQ_EPP;DE_PETKM_EPP;PETKM.E;2026-05-25;0.01;0.01;0;0;0;0;0;0;0;0;0;0;0;0;;;;;
2026-05-07;O_PETKME0526P19.00;PETKM_05/2026_AVRUPA_OPSIYON;D_EQ;SSO;D_EQ_EPP;DE_PETKM_EPP;PETKM.E;2026-05-25;0.01;0.01;0;0;0;0;0;0;0;0;0;0;0;0;;;;;
2026-05-07;O_PETKME0526P19.50;PETKM_05/2026_AVRUPA_OPSIYON;D_EQ;SSO;D_EQ_EPP;DE_PETKM_EPP;PETKM.E;2026-05-25;0.01;0.01;0;0;0;0;0;0;0;0;0;0;0;0;;;;;
2026-05-07;O_PETKME0526P20.00;PETKM_05/2026_AVRUPA_OPSIYON;D_EQ;SSO;D_EQ_EPP;DE_PETKM_EPP;PETKM.E;2026-05-25;0.03;0.02;50;0;0;0;0;0;0;0;0;0;246;0;;;;;
2026-05-07;O_PETKME0526P20.50;PETKM_05/2026_AVRUPA_OPSIYON;D_EQ;SSO;D_EQ_EPP;DE_PETKM_EPP;PETKM.E;2026-05-25;0.05;0.04;25;0;0;0;0;0;0;0;0;0;799;0;;;;;
2026-05-07;O_PETKME0526P21.00;PETKM_05/2026_AVRUPA_OPSIYON;D_EQ;SSO;D_EQ_EPP;DE_PETKM_EPP;PETKM.E;2026-05-25;0.09;0.08;12.5;0.11;0.11;0.13;0.13;0.12;10500;58;5;5;13;5;;;;;
2026-05-07;O_PETKME0526P21.50;PETKM_05/2026_AVRUPA_OPSIYON;D_EQ;SSO;D_EQ_EPP;DE_PETKM_EPP;PETKM.E;2026-05-25;0.14;0.12;16.67;0.12;0.12;0.2;0.2;0.17;15050;120;7;7;337;7;;;;;
2026-05-07;O_PETKME0526P22.00;PETKM_05/2026_AVRUPA_OPSIYON;D_EQ;SSO;D_EQ_EPP;DE_PETKM_EPP;PETKM.E;2026-05-25;0.22;0.19;15.79;0.21;0.21;0.3;0.3;0.25;19800;222;9;9;264;9;;;;;
2026-05-07;O_PETKME0526P22.50;PETKM_05/2026_AVRUPA_OPSIYON;D_EQ;SSO;D_EQ_EPP;DE_PETKM_EPP;PETKM.E;2026-05-25;0.33;0.28;17.86;0.27;0.27;0.27;0.27;0.27;218250;2619;97;1;311;97;;;;;
2026-05-07;O_PETKME0526P23.00;PETKM_05/2026_AVRUPA_OPSIYON;D_EQ;SSO;D_EQ_EPP;DE_PETKM_EPP;PETKM.E;2026-05-25;0.47;0.41;14.63;0;0;0;0;0;0;0;0;0;5000;0;;;;;
2026-05-07;O_PETKME0526P23.50;PETKM_05/2026_AVRUPA_OPSIYON;D_EQ;SSO;D_EQ_EPP;DE_PETKM_EPP;PETKM.E;2026-05-25;0.65;0.56;16.07;0;0;0;0;0;0;0;0;0;100;0;;;;;
2026-05-07;O_PETKME0526P24.00;PETKM_05/2026_AVRUPA_OPSIYON;D_EQ;SSO;D_EQ_EPP;DE_PETKM_EPP;PETKM.E;2026-05-25;0.87;0.76;14.47;0;0;0;0;0;0;0;0;0;500;0;;;;;
2026-05-07;O_PETKME0526P24.50;PETKM_05/2026_AVRUPA_OPSIYON;D_EQ;SSO;D_EQ_EPP;DE_PETKM_EPP;PETKM.E;2026-05-25;1.13;0.99;14.14;0;0;0;0;0;0;0;0;0;0;0;;;;;
2026-05-07;O_PETKME0526P25.00;PETKM_05/2026_AVRUPA_OPSIYON;D_EQ;SSO;D_EQ_EPP;DE_PETKM_EPP;PETKM.E;2026-05-25;1.42;1.25;13.6;0;0;0;0;0;0;0;0;0;200;0;;;;;
2026-05-07;O_PETKME0526P26.00;PETKM_05/2026_AVRUPA_OPSIYON;D_EQ;SSO;D_EQ_EPP;DE_PETKM_EPP;PETKM.E;2026-05-25;2.12;1.89;12.17;0;0;0;0;0;0;0;0;0;100;0;;;;;
2026-05-07;O_PETKME0526P27.00;PETKM_05/2026_AVRUPA_OPSIYON;D_EQ;SSO;D_EQ_EPP;DE_PETKM_EPP;PETKM.E;2026-05-25;2.93;2.64;10.98;0;0;0;0;0;0;0;0;0;0;0;;;;;
2026-05-07;O_PETKME0626C21.50;PETKM_06/2026_AVRUPA_OPSIYON;D_EQ;SSO;D_EQ_ECP;DE_PETKM_ECP;PETKM.E;2026-06-30;3.84;4.19;-8.35;0;0;0;0;0;0;0;0;0;0;0;;;;;
2026-05-07;O_PETKME0626C22.00;PETKM_06/2026_AVRUPA_OPSIYON;D_EQ;SSO;D_EQ_ECP;DE_PETKM_ECP;PETKM.E;2026-06-30;3.48;3.83;-9.14;0;0;0;0;0;0;0;0;0;0;0;;;;;
2026-05-07;O_PETKME0626C22.50;PETKM_06/2026_AVRUPA_OPSIYON;D_EQ;SSO;D_EQ_ECP;DE_PETKM_ECP;PETKM.E;2026-06-30;3.14;3.47;-9.51;0;0;0;0;0;0;0;0;0;0;0;;;;;
2026-05-07;O_PETKME0626C23.00;PETKM_06/2026_AVRUPA_OPSIYON;D_EQ;SSO;D_EQ_ECP;DE_PETKM_ECP;PETKM.E;2026-06-30;2.82;3.14;-10.19;0;0;0;0;0;0;0;0;0;200;0;;;;;
2026-05-07;O_PETKME0626C23.50;PETKM_06/2026_AVRUPA_OPSIYON;D_EQ;SSO;D_EQ_ECP;DE_PETKM_ECP;PETKM.E;2026-06-30;2.52;2.83;-10.95;0;0;0;0;0;0;0;0;0;0;0;;;;;
2026-05-07;O_PETKME0626C24.00;PETKM_06/2026_AVRUPA_OPSIYON;D_EQ;SSO;D_EQ_ECP;DE_PETKM_ECP;PETKM.E;2026-06-30;2.24;2.53;-11.46;0;0;0;0;0;0;0;0;0;0;0;;;;;
2026-05-07;O_PETKME0626C24.50;PETKM_06/2026_AVRUPA_OPSIYON;D_EQ;SSO;D_EQ_ECP;DE_PETKM_ECP;PETKM.E;2026-06-30;1.98;2.26;-12.39;0;0;0;0;0;0;0;0;0;0;0;;;;;
2026-05-07;O_PETKME0626C25.00;PETKM_06/2026_AVRUPA_OPSIYON;D_EQ;SSO;D_EQ_ECP;DE_PETKM_ECP;PETKM.E;2026-06-30;1.74;2.01;-13.43;0;0;0;0;0;0;0;0;0;0;0;;;;;
2026-05-07;O_PETKME0626C26.00;PETKM_06/2026_AVRUPA_OPSIYON;D_EQ;SSO;D_EQ_ECP;DE_PETKM_ECP;PETKM.E;2026-06-30;1.33;1.57;-15.29;0;0;0;0;0;0;0;0;0;0;0;;;;;
2026-05-07;O_PETKME0626C27.00;PETKM_06/2026_AVRUPA_OPSIYON;D_EQ;SSO;D_EQ_ECP;DE_PETKM_ECP;PETKM.E;2026-06-30;1;1.21;-17.36;0;0;0;0;0;0;0;0;0;5000;0;;;;;
2026-05-07;O_PETKME0626C28.00;PETKM_06/2026_AVRUPA_OPSIYON;D_EQ;SSO;D_EQ_ECP;DE_PETKM_ECP;PETKM.E;2026-06-30;0.74;0.91;-18.68;0;0;0;0;0;0;0;0;0;0;0;;;;;
2026-05-07;O_PETKME0626C29.00;PETKM_06/2026_AVRUPA_OPSIYON;D_EQ;SSO;D_EQ_ECP;DE_PETKM_ECP;PETKM.E;2026-06-30;0.54;0.68;-20.59;0;0;0;0;0;0;0;0;0;6;0;;;;;
2026-05-07;O_PETKME0626C30.00;PETKM_06/2026_AVRUPA_OPSIYON;D_EQ;SSO;D_EQ_ECP;DE_PETKM_ECP;PETKM.E;2026-06-30;0.39;0.5;-22;0;0;0;0;0;0;0;0;0;6;0;;;;;
2026-05-07;O_PETKME0626C31.00;PETKM_06/2026_AVRUPA_OPSIYON;D_EQ;SSO;D_EQ_ECP;DE_PETKM_ECP;PETKM.E;2026-06-30;0.27;0.36;-25;0;0;0;0;0;0;0;0;0;0;0;;;;;
2026-05-07;O_PETKME0626C32.00;PETKM_06/2026_AVRUPA_OPSIYON;D_EQ;SSO;D_EQ_ECP;DE_PETKM_ECP;PETKM.E;2026-06-30;0.19;0.26;-26.92;0;0;0;0;0;0;0;0;0;0;0;;;;;
2026-05-07;O_PETKME0626C33.00;PETKM_06/2026_AVRUPA_OPSIYON;D_EQ;SSO;D_EQ_ECP;DE_PETKM_ECP;PETKM.E;2026-06-30;0.13;0.19;-31.58;0;0;0;0;0;0;0;0;0;0;0;;;;;
2026-05-07;O_PETKME0626P19.00;PETKM_06/2026_AVRUPA_OPSIYON;D_EQ;SSO;D_EQ_EPP;DE_PETKM_EPP;PETKM.E;2026-06-30;0.09;0.09;0;0;0;0;0;0;0;0;0;0;0;0;;;;;
2026-05-07;O_PETKME0626P19.50;PETKM_06/2026_AVRUPA_OPSIYON;D_EQ;SSO;D_EQ_EPP;DE_PETKM_EPP;PETKM.E;2026-06-30;0.13;0.12;8.33;0;0;0;0;0;0;0;0;0;0;0;;;;;
2026-05-07;O_PETKME0626P20.00;PETKM_06/2026_AVRUPA_OPSIYON;D_EQ;SSO;D_EQ_EPP;DE_PETKM_EPP;PETKM.E;2026-06-30;0.18;0.17;5.88;0.1;0.1;0.19;0.19;0.15;38000;288;19;19;19;19;;;;;
2026-05-07;O_PETKME0626P20.50;PETKM_06/2026_AVRUPA_OPSIYON;D_EQ;SSO;D_EQ_EPP;DE_PETKM_EPP;PETKM.E;2026-06-30;0.24;0.22;9.09;0.19;0.19;0.23;0.23;0.21;16400;165;8;8;8;8;;;;;
2026-05-07;O_PETKME0626P21.00;PETKM_06/2026_AVRUPA_OPSIYON;D_EQ;SSO;D_EQ_EPP;DE_PETKM_EPP;PETKM.E;2026-06-30;0.31;0.29;6.9;0.24;0.24;0.3;0.3;0.27;10500;133;5;5;5;5;;;;;
2026-05-07;O_PETKME0626P21.50;PETKM_06/2026_AVRUPA_OPSIYON;D_EQ;SSO;D_EQ_EPP;DE_PETKM_EPP;PETKM.E;2026-06-30;0.41;0.38;7.89;0;0;0;0;0;0;0;0;0;0;0;;;;;
2026-05-07;O_PETKME0626P22.00;PETKM_06/2026_AVRUPA_OPSIYON;D_EQ;SSO;D_EQ_EPP;DE_PETKM_EPP;PETKM.E;2026-06-30;0.52;0.48;8.33;0;0;0;0;0;0;0;0;0;0;0;;;;;
2026-05-07;O_PETKME0626P22.50;PETKM_06/2026_AVRUPA_OPSIYON;D_EQ;SSO;D_EQ_EPP;DE_PETKM_EPP;PETKM.E;2026-06-30;0.65;0.6;8.33;0;0;0;0;0;0;0;0;0;0;0;;;;;
2026-05-07;O_PETKME0626P23.00;PETKM_06/2026_AVRUPA_OPSIYON;D_EQ;SSO;D_EQ_EPP;DE_PETKM_EPP;PETKM.E;2026-06-30;0.8;0.74;8.11;0;0;0;0;0;0;0;0;0;0;0;;;;;
2026-05-07;O_PETKME0626P23.50;PETKM_06/2026_AVRUPA_OPSIYON;D_EQ;SSO;D_EQ_EPP;DE_PETKM_EPP;PETKM.E;2026-06-30;0.97;0.9;7.78;0;0;0;0;0;0;0;0;0;0;0;;;;;
2026-05-07;O_PETKME0626P24.00;PETKM_06/2026_AVRUPA_OPSIYON;D_EQ;SSO;D_EQ_EPP;DE_PETKM_EPP;PETKM.E;2026-06-30;1.16;1.08;7.41;0;0;0;0;0;0;0;0;0;0;0;;;;;
2026-05-07;O_PETKME0626P24.50;PETKM_06/2026_AVRUPA_OPSIYON;D_EQ;SSO;D_EQ_EPP;DE_PETKM_EPP;PETKM.E;2026-06-30;1.38;1.28;7.81;0;0;0;0;0;0;0;0;0;0;0;;;;;
2026-05-07;O_PETKME0626P25.00;PETKM_06/2026_AVRUPA_OPSIYON;D_EQ;SSO;D_EQ_EPP;DE_PETKM_EPP;PETKM.E;2026-06-30;1.62;1.5;8;0;0;0;0;0;0;0;0;0;0;0;;;;;
2026-05-07;O_PETKME0626P26.00;PETKM_06/2026_AVRUPA_OPSIYON;D_EQ;SSO;D_EQ_EPP;DE_PETKM_EPP;PETKM.E;2026-06-30;2.15;2;7.5;0;0;0;0;0;0;0;0;0;0;0;;;;;
2026-05-07;O_PETKME0626P27.00;PETKM_06/2026_AVRUPA_OPSIYON;D_EQ;SSO;D_EQ_EPP;DE_PETKM_EPP;PETKM.E;2026-06-30;2.77;2.58;7.36;0;0;0;0;0;0;0;0;0;156;0;;;;;
2026-05-07;O_PETKME0626P28.00;PETKM_06/2026_AVRUPA_OPSIYON;D_EQ;SSO;D_EQ_EPP;DE_PETKM_EPP;PETKM.E;2026-06-30;3.45;3.23;6.81;0;0;0;0;0;0;0;0;0;0;0;;;;;
2026-05-07;O_PETKME0726C25.00;PETKM_07/2026_AVRUPA_OPSIYON;D_EQ;SSO;D_EQ_ECP;DE_PETKM_ECP;PETKM.E;2026-07-31;2.77;3.07;-9.77;0;0;0;0;0;0;0;0;0;0;0;;;;;
2026-05-07;O_PETKME0726C26.00;PETKM_07/2026_AVRUPA_OPSIYON;D_EQ;SSO;D_EQ_ECP;DE_PETKM_ECP;PETKM.E;2026-07-31;2.3;2.58;-10.85;0;0;0;0;0;0;0;0;0;0;0;;;;;
2026-05-07;O_PETKME0726C27.00;PETKM_07/2026_AVRUPA_OPSIYON;D_EQ;SSO;D_EQ_ECP;DE_PETKM_ECP;PETKM.E;2026-07-31;1.89;2.15;-12.09;0;0;0;0;0;0;0;0;0;0;0;;;;;
2026-05-07;O_PETKME0726C28.00;PETKM_07/2026_AVRUPA_OPSIYON;D_EQ;SSO;D_EQ_ECP;DE_PETKM_ECP;PETKM.E;2026-07-31;1.55;1.78;-12.92;0;0;0;0;0;0;0;0;0;0;0;;;;;
2026-05-07;O_PETKME0726C29.00;PETKM_07/2026_AVRUPA_OPSIYON;D_EQ;SSO;D_EQ_ECP;DE_PETKM_ECP;PETKM.E;2026-07-31;1.25;1.46;-14.38;0;0;0;0;0;0;0;0;0;0;0;;;;;
2026-05-07;O_PETKME0726C30.00;PETKM_07/2026_AVRUPA_OPSIYON;D_EQ;SSO;D_EQ_ECP;DE_PETKM_ECP;PETKM.E;2026-07-31;1;1.19;-15.97;0;0;0;0;0;0;0;0;0;0;0;;;;;
2026-05-07;O_PETKME0726C31.00;PETKM_07/2026_AVRUPA_OPSIYON;D_EQ;SSO;D_EQ_ECP;DE_PETKM_ECP;PETKM.E;2026-07-31;0.8;0.96;-16.67;0;0;0;0;0;0;0;0;0;0;0;;;;;
2026-05-07;O_PETKME0726C32.00;PETKM_07/2026_AVRUPA_OPSIYON;D_EQ;SSO;D_EQ_ECP;DE_PETKM_ECP;PETKM.E;2026-07-31;0.63;0.78;-19.23;0;0;0;0;0;0;0;0;0;0;0;;;;;
2026-05-07;O_PETKME0726P22.50;PETKM_07/2026_AVRUPA_OPSIYON;D_EQ;SSO;D_EQ_EPP;DE_PETKM_EPP;PETKM.E;2026-07-31;0.67;0.63;6.35;0;0;0;0;0;0;0;0;0;0;0;;;;;
2026-05-07;O_PETKME0726P23.00;PETKM_07/2026_AVRUPA_OPSIYON;D_EQ;SSO;D_EQ_EPP;DE_PETKM_EPP;PETKM.E;2026-07-31;0.8;0.75;6.67;0;0;0;0;0;0;0;0;0;0;0;;;;;
2026-05-07;O_PETKME0726P23.50;PETKM_07/2026_AVRUPA_OPSIYON;D_EQ;SSO;D_EQ_EPP;DE_PETKM_EPP;PETKM.E;2026-07-31;0.94;0.89;5.62;0;0;0;0;0;0;0;0;0;0;0;;;;;
2026-05-07;O_PETKME0726P24.00;PETKM_07/2026_AVRUPA_OPSIYON;D_EQ;SSO;D_EQ_EPP;DE_PETKM_EPP;PETKM.E;2026-07-31;1.1;1.04;5.77;0;0;0;0;0;0;0;0;0;0;0;;;;;
2026-05-07;O_PETKME0726P24.50;PETKM_07/2026_AVRUPA_OPSIYON;D_EQ;SSO;D_EQ_EPP;DE_PETKM_EPP;PETKM.E;2026-07-31;1.28;1.21;5.79;0;0;0;0;0;0;0;0;0;0;0;;;;;
2026-05-07;O_PETKME0726P25.00;PETKM_07/2026_AVRUPA_OPSIYON;D_EQ;SSO;D_EQ_EPP;DE_PETKM_EPP;PETKM.E;2026-07-31;1.47;1.39;5.76;0;0;0;0;0;0;0;0;0;0;0;;;;;
2026-05-07;O_PETKME0726P26.00;PETKM_07/2026_AVRUPA_OPSIYON;D_EQ;SSO;D_EQ_EPP;DE_PETKM_EPP;PETKM.E;2026-07-31;1.9;1.79;6.15;0;0;0;0;0;0;0;0;0;0;0;;;;;
2026-05-07;O_PETKME0726P27.00;PETKM_07/2026_AVRUPA_OPSIYON;D_EQ;SSO;D_EQ_EPP;DE_PETKM_EPP;PETKM.E;2026-07-31;2.39;2.26;5.75;0;0;0;0;0;0;0;0;0;0;0;;;;;
2026-05-07;O_PGSUSE0526C175.00;PGSUS_05/2026_AVRUPA_OPSIYON;D_EQ;SSO;D_EQ_ECP;DE_PGSUS_ECP;PGSUS.E;2026-05-25;16.85;14.47;16.45;0;0;0;0;0;0;0;0;0;80;0;;;;;
2026-05-07;O_PGSUSE0526C180.00;PGSUS_05/2026_AVRUPA_OPSIYON;D_EQ;SSO;D_EQ_ECP;DE_PGSUS_ECP;PGSUS.E;2026-05-25;12.92;10.88;18.75;0;0;0;0;0;0;0;0;0;250;0;;;;;
2026-05-07;O_PGSUSE0526C185.00;PGSUS_05/2026_AVRUPA_OPSIYON;D_EQ;SSO;D_EQ_ECP;DE_PGSUS_ECP;PGSUS.E;2026-05-25;9.51;7.85;21.15;6.54;6.54;6.54;6.54;6.54;18500;654;1;1;10;0;;;;;
2026-05-07;O_PGSUSE0526C190.00;PGSUS_05/2026_AVRUPA_OPSIYON;D_EQ;SSO;D_EQ_ECP;DE_PGSUS_ECP;PGSUS.E;2026-05-25;6.7;5.42;23.62;5.1;4.1;5.1;4.54;4.52;152000;3613;8;5;196;2;;;;;
2026-05-07;O_PGSUSE0526C195.00;PGSUS_05/2026_AVRUPA_OPSIYON;D_EQ;SSO;D_EQ_ECP;DE_PGSUS_ECP;PGSUS.E;2026-05-25;4.5;3.58;25.7;2.25;2.25;2.73;2.73;2.64;1014000;13740;52;6;52;50;;;;;
2026-05-07;O_PGSUSE0526C200.00;PGSUS_05/2026_AVRUPA_OPSIYON;D_EQ;SSO;D_EQ_ECP;DE_PGSUS_ECP;PGSUS.E;2026-05-25;2.88;2.26;27.43;0;0;0;0;0;0;0;0;0;830;0;;;;;
2026-05-07;O_PGSUSE0526C205.00;PGSUS_05/2026_AVRUPA_OPSIYON;D_EQ;SSO;D_EQ_ECP;DE_PGSUS_ECP;PGSUS.E;2026-05-25;1.76;1.36;29.41;0;0;0;0;0;0;0;0;0;553;0;;;;;
2026-05-07;O_PGSUSE0526C210.00;PGSUS_05/2026_AVRUPA_OPSIYON;D_EQ;SSO;D_EQ_ECP;DE_PGSUS_ECP;PGSUS.E;2026-05-25;1.02;0.79;29.11;0;0;0;0;0;0;0;0;0;1135;0;;;;;
2026-05-07;O_PGSUSE0526C215.00;PGSUS_05/2026_AVRUPA_OPSIYON;D_EQ;SSO;D_EQ_ECP;DE_PGSUS_ECP;PGSUS.E;2026-05-25;0.57;0.43;32.56;0;0;0;0;0;0;0;0;0;309;0;;;;;
2026-05-07;O_PGSUSE0526C220.00;PGSUS_05/2026_AVRUPA_OPSIYON;D_EQ;SSO;D_EQ_ECP;DE_PGSUS_ECP;PGSUS.E;2026-05-25;0.3;0.23;30.43;0;0;0;0;0;0;0;0;0;10;0;;;;;
2026-05-07;O_PGSUSE0526C225.00;PGSUS_05/2026_AVRUPA_OPSIYON;D_EQ;SSO;D_EQ_ECP;DE_PGSUS_ECP;PGSUS.E;2026-05-25;0.15;0.12;25;0;0;0;0;0;0;0;0;0;68;0;;;;;
2026-05-07;O_PGSUSE0526C230.00;PGSUS_05/2026_AVRUPA_OPSIYON;D_EQ;SSO;D_EQ_ECP;DE_PGSUS_ECP;PGSUS.E;2026-05-25;0.07;0.06;16.67;0;0;0;0;0;0;0;0;0;68;0;;;;;
2026-05-07;O_PGSUSE0526C235.00;PGSUS_05/2026_AVRUPA_OPSIYON;D_EQ;SSO;D_EQ_ECP;DE_PGSUS_ECP;PGSUS.E;2026-05-25;0.03;0.03;0;0;0;0;0;0;0;0;0;0;400;0;;;;;
2026-05-07;O_PGSUSE0526C240.00;PGSUS_05/2026_AVRUPA_OPSIYON;D_EQ;SSO;D_EQ_ECP;DE_PGSUS_ECP;PGSUS.E;2026-05-25;0.02;0.01;100;0;0;0;0;0;0;0;0;0;0;0;;;;;
2026-05-07;O_PGSUSE0526P150.00;PGSUS_05/2026_AVRUPA_OPSIYON;D_EQ;SSO;D_EQ_EPP;DE_PGSUS_EPP;PGSUS.E;2026-05-25;0.01;0.02;-50;0;0;0;0;0;0;0;0;0;0;0;;;;;
2026-05-07;O_PGSUSE0526P155.00;PGSUS_05/2026_AVRUPA_OPSIYON;D_EQ;SSO;D_EQ_EPP;DE_PGSUS_EPP;PGSUS.E;2026-05-25;0.03;0.06;-50;0;0;0;0;0;0;0;0;0;0;0;;;;;
2026-05-07;O_PGSUSE0526P160.00;PGSUS_05/2026_AVRUPA_OPSIYON;D_EQ;SSO;D_EQ_EPP;DE_PGSUS_EPP;PGSUS.E;2026-05-25;0.08;0.17;-52.94;0;0;0;0;0;0;0;0;0;0;0;;;;;
2026-05-07;O_PGSUSE0526P165.00;PGSUS_05/2026_AVRUPA_OPSIYON;D_EQ;SSO;D_EQ_EPP;DE_PGSUS_EPP;PGSUS.E;2026-05-25;0.22;0.42;-47.62;0;0;0;0;0;0;0;0;0;0;0;;;;;
2026-05-07;O_PGSUSE0526P170.00;PGSUS_05/2026_AVRUPA_OPSIYON;D_EQ;SSO;D_EQ_EPP;DE_PGSUS_EPP;PGSUS.E;2026-05-25;0.52;0.9;-42.22;0;0;0;0;0;0;0;0;0;4;0;;;;;
2026-05-07;O_PGSUSE0526P175.00;PGSUS_05/2026_AVRUPA_OPSIYON;D_EQ;SSO;D_EQ_EPP;DE_PGSUS_EPP;PGSUS.E;2026-05-25;1.1;1.74;-36.78;0;0;0;0;0;0;0;0;0;1532;0;;;;;
2026-05-07;O_PGSUSE0526P180.00;PGSUS_05/2026_AVRUPA_OPSIYON;D_EQ;SSO;D_EQ_EPP;DE_PGSUS_EPP;PGSUS.E;2026-05-25;2.08;3.05;-31.8;0;0;0;0;0;0;0;0;0;2008;0;;;;;
2026-05-07;O_PGSUSE0526P185.00;PGSUS_05/2026_AVRUPA_OPSIYON;D_EQ;SSO;D_EQ_EPP;DE_PGSUS_EPP;PGSUS.E;2026-05-25;3.58;4.92;-27.24;0;0;0;0;0;0;0;0;0;534;0;;;;;
2026-05-07;O_PGSUSE0526P190.00;PGSUS_05/2026_AVRUPA_OPSIYON;D_EQ;SSO;D_EQ_EPP;DE_PGSUS_EPP;PGSUS.E;2026-05-25;5.67;7.4;-23.38;5.49;5.19;5.49;5.19;5.44;6764000;193646;356;10;1240;336;;;;;
2026-05-07;O_PGSUSE0526P195.00;PGSUS_05/2026_AVRUPA_OPSIYON;D_EQ;SSO;D_EQ_EPP;DE_PGSUS_EPP;PGSUS.E;2026-05-25;8.38;10.46;-19.89;8.25;8.25;8.25;8.25;8.25;195000;8250;10;1;159;0;;;;;
2026-05-07;O_PGSUSE0526P200.00;PGSUS_05/2026_AVRUPA_OPSIYON;D_EQ;SSO;D_EQ_EPP;DE_PGSUS_EPP;PGSUS.E;2026-05-25;11.67;14.04;-16.88;0;0;0;0;0;0;0;0;0;30;0;;;;;
2026-05-07;O_PGSUSE0526P205.00;PGSUS_05/2026_AVRUPA_OPSIYON;D_EQ;SSO;D_EQ_EPP;DE_PGSUS_EPP;PGSUS.E;2026-05-25;15.45;18.05;-14.4;0;0;0;0;0;0;0;0;0;10;0;;;;;
2026-05-07;O_PGSUSE0526P210.00;PGSUS_05/2026_AVRUPA_OPSIYON;D_EQ;SSO;D_EQ_EPP;DE_PGSUS_EPP;PGSUS.E;2026-05-25;19.62;22.37;-12.29;0;0;0;0;0;0;0;0;0;50;0;;;;;
2026-05-07;O_PGSUSE0526P215.00;PGSUS_05/2026_AVRUPA_OPSIYON;D_EQ;SSO;D_EQ_EPP;DE_PGSUS_EPP;PGSUS.E;2026-05-25;24.08;26.92;-10.55;0;0;0;0;0;0;0;0;0;0;0;;;;;
2026-05-07;O_PGSUSE0626C185.00;PGSUS_06/2026_AVRUPA_OPSIYON;D_EQ;SSO;D_EQ_ECP;DE_PGSUS_ECP;PGSUS.E;2026-06-30;17.85;15.97;11.77;13.71;13.68;13.71;13.68;13.7;370000;27390;20;2;90;20;;;;;
2026-05-07;O_PGSUSE0626C190.00;PGSUS_06/2026_AVRUPA_OPSIYON;D_EQ;SSO;D_EQ_ECP;DE_PGSUS_ECP;PGSUS.E;2026-06-30;14.9;13.23;12.62;0;0;0;0;0;0;0;0;0;10;0;;;;;
2026-05-07;O_PGSUSE0626C195.00;PGSUS_06/2026_AVRUPA_OPSIYON;D_EQ;SSO;D_EQ_ECP;DE_PGSUS_ECP;PGSUS.E;2026-06-30;12.28;10.83;13.39;0;0;0;0;0;0;0;0;0;20;0;;;;;
2026-05-07;O_PGSUSE0626C200.00;PGSUS_06/2026_AVRUPA_OPSIYON;D_EQ;SSO;D_EQ_ECP;DE_PGSUS_ECP;PGSUS.E;2026-06-30;9.99;8.76;14.04;0;0;0;0;0;0;0;0;0;700;0;;;;;
2026-05-07;O_PGSUSE0626C205.00;PGSUS_06/2026_AVRUPA_OPSIYON;D_EQ;SSO;D_EQ_ECP;DE_PGSUS_ECP;PGSUS.E;2026-06-30;8.03;7;14.71;4.05;4.05;4.26;4.26;4.15;1640000;33180;80;8;110;80;;;;;
2026-05-07;O_PGSUSE0626C210.00;PGSUS_06/2026_AVRUPA_OPSIYON;D_EQ;SSO;D_EQ_ECP;DE_PGSUS_ECP;PGSUS.E;2026-06-30;6.38;5.53;15.37;2.88;2.88;2.88;2.88;2.88;420000;5760;20;2;50;20;;;;;
2026-05-07;O_PGSUSE0626C215.00;PGSUS_06/2026_AVRUPA_OPSIYON;D_EQ;SSO;D_EQ_ECP;DE_PGSUS_ECP;PGSUS.E;2026-06-30;5.01;4.32;15.97;0;0;0;0;0;0;0;0;0;30;0;;;;;
2026-05-07;O_PGSUSE0626C220.00;PGSUS_06/2026_AVRUPA_OPSIYON;D_EQ;SSO;D_EQ_ECP;DE_PGSUS_ECP;PGSUS.E;2026-06-30;3.88;3.33;16.52;0;0;0;0;0;0;0;0;0;93;0;;;;;
2026-05-07;O_PGSUSE0626C225.00;PGSUS_06/2026_AVRUPA_OPSIYON;D_EQ;SSO;D_EQ_ECP;DE_PGSUS_ECP;PGSUS.E;2026-06-30;2.98;2.55;16.86;1.35;1.35;1.38;1.38;1.37;2835000;17199;126;2;262;126;;;;;
2026-05-07;O_PGSUSE0626C230.00;PGSUS_06/2026_AVRUPA_OPSIYON;D_EQ;SSO;D_EQ_ECP;DE_PGSUS_ECP;PGSUS.E;2026-06-30;2.26;1.93;17.1;0;0;0;0;0;0;0;0;0;0;0;;;;;
2026-05-07;O_PGSUSE0626C235.00;PGSUS_06/2026_AVRUPA_OPSIYON;D_EQ;SSO;D_EQ_ECP;DE_PGSUS_ECP;PGSUS.E;2026-06-30;1.7;1.44;18.06;0;0;0;0;0;0;0;0;0;0;0;;;;;
2026-05-07;O_PGSUSE0626C240.00;PGSUS_06/2026_AVRUPA_OPSIYON;D_EQ;SSO;D_EQ_ECP;DE_PGSUS_ECP;PGSUS.E;2026-06-30;1.26;1.07;17.76;0;0;0;0;0;0;0;0;0;0;0;;;;;
2026-05-07;O_PGSUSE0626C245.00;PGSUS_06/2026_AVRUPA_OPSIYON;D_EQ;SSO;D_EQ_ECP;DE_PGSUS_ECP;PGSUS.E;2026-06-30;0.93;0.78;19.23;0;0;0;0;0;0;0;0;0;0;0;;;;;
2026-05-07;O_PGSUSE0626P160.00;PGSUS_06/2026_AVRUPA_OPSIYON;D_EQ;SSO;D_EQ_EPP;DE_PGSUS_EPP;PGSUS.E;2026-06-30;0.71;0.99;-28.28;0;0;0;0;0;0;0;0;0;0;0;;;;;
2026-05-07;O_PGSUSE0626P165.00;PGSUS_06/2026_AVRUPA_OPSIYON;D_EQ;SSO;D_EQ_EPP;DE_PGSUS_EPP;PGSUS.E;2026-06-30;1.15;1.55;-25.81;0;0;0;0;0;0;0;0;0;0;0;;;;;
2026-05-07;O_PGSUSE0626P170.00;PGSUS_06/2026_AVRUPA_OPSIYON;D_EQ;SSO;D_EQ_EPP;DE_PGSUS_EPP;PGSUS.E;2026-06-30;1.79;2.34;-23.5;0;0;0;0;0;0;0;0;0;0;0;;;;;
2026-05-07;O_PGSUSE0626P175.00;PGSUS_06/2026_AVRUPA_OPSIYON;D_EQ;SSO;D_EQ_EPP;DE_PGSUS_EPP;PGSUS.E;2026-06-30;2.66;3.38;-21.3;0;0;0;0;0;0;0;0;0;0;0;;;;;
2026-05-07;O_PGSUSE0626P180.00;PGSUS_06/2026_AVRUPA_OPSIYON;D_EQ;SSO;D_EQ_EPP;DE_PGSUS_EPP;PGSUS.E;2026-06-30;3.8;4.72;-19.49;0;0;0;0;0;0;0;0;0;20;0;;;;;
2026-05-07;O_PGSUSE0626P185.00;PGSUS_06/2026_AVRUPA_OPSIYON;D_EQ;SSO;D_EQ_EPP;DE_PGSUS_EPP;PGSUS.E;2026-06-30;5.24;6.37;-17.74;4.74;4.17;4.83;4.17;4.59;5180000;128499;280;10;300;240;;;;;
2026-05-07;O_PGSUSE0626P190.00;PGSUS_06/2026_AVRUPA_OPSIYON;D_EQ;SSO;D_EQ_EPP;DE_PGSUS_EPP;PGSUS.E;2026-06-30;7.01;8.36;-16.15;7.14;6.42;7.14;6.42;6.83;10640000;382581;560;16;560;550;;;;;
2026-05-07;O_PGSUSE0626P195.00;PGSUS_06/2026_AVRUPA_OPSIYON;D_EQ;SSO;D_EQ_EPP;DE_PGSUS_EPP;PGSUS.E;2026-06-30;9.12;10.68;-14.61;0;0;0;0;0;0;0;0;0;30;0;;;;;
2026-05-07;O_PGSUSE0626P200.00;PGSUS_06/2026_AVRUPA_OPSIYON;D_EQ;SSO;D_EQ_EPP;DE_PGSUS_EPP;PGSUS.E;2026-06-30;11.56;13.33;-13.28;12.36;12.36;12.36;12.36;12.36;400000;24720;20;2;50;20;;;;;
2026-05-07;O_PGSUSE0626P205.00;PGSUS_06/2026_AVRUPA_OPSIYON;D_EQ;SSO;D_EQ_EPP;DE_PGSUS_EPP;PGSUS.E;2026-06-30;14.32;16.29;-12.09;15.42;14.37;15.6;14.37;14.98;1230000;89880;60;6;60;60;;;;;
2026-05-07;O_PGSUSE0626P210.00;PGSUS_06/2026_AVRUPA_OPSIYON;D_EQ;SSO;D_EQ_EPP;DE_PGSUS_EPP;PGSUS.E;2026-06-30;17.4;19.54;-10.95;0;0;0;0;0;0;0;0;0;0;0;;;;;
2026-05-07;O_PGSUSE0626P215.00;PGSUS_06/2026_AVRUPA_OPSIYON;D_EQ;SSO;D_EQ_EPP;DE_PGSUS_EPP;PGSUS.E;2026-06-30;20.75;23.05;-9.98;0;0;0;0;0;0;0;0;0;0;0;;;;;
2026-05-07;O_PGSUSE0626P220.00;PGSUS_06/2026_AVRUPA_OPSIYON;D_EQ;SSO;D_EQ_EPP;DE_PGSUS_EPP;PGSUS.E;2026-06-30;24.36;26.79;-9.07;0;0;0;0;0;0;0;0;0;0;0;;;;;
2026-05-07;O_PGSUSE0726C190.00;PGSUS_07/2026_AVRUPA_OPSIYON;D_EQ;SSO;D_EQ_ECP;DE_PGSUS_ECP;PGSUS.E;2026-07-31;22.93;21;9.19;0;0;0;0;0;0;0;0;0;0;0;;;;;
2026-05-07;O_PGSUSE0726C195.00;PGSUS_07/2026_AVRUPA_OPSIYON;D_EQ;SSO;D_EQ_ECP;DE_PGSUS_ECP;PGSUS.E;2026-07-31;20.06;18.3;9.62;0;0;0;0;0;0;0;0;0;0;0;;;;;
2026-05-07;O_PGSUSE0726C200.00;PGSUS_07/2026_AVRUPA_OPSIYON;D_EQ;SSO;D_EQ_ECP;DE_PGSUS_ECP;PGSUS.E;2026-07-31;17.43;15.83;10.11;0;0;0;0;0;0;0;0;0;0;0;;;;;
2026-05-07;O_PGSUSE0726C205.00;PGSUS_07/2026_AVRUPA_OPSIYON;D_EQ;SSO;D_EQ_ECP;DE_PGSUS_ECP;PGSUS.E;2026-07-31;15.04;13.62;10.43;0;0;0;0;0;0;0;0;0;0;0;;;;;
2026-05-07;O_PGSUSE0726C210.00;PGSUS_07/2026_AVRUPA_OPSIYON;D_EQ;SSO;D_EQ_ECP;DE_PGSUS_ECP;PGSUS.E;2026-07-31;12.9;11.64;10.82;0;0;0;0;0;0;0;0;0;0;0;;;;;
2026-05-07;O_PGSUSE0726C215.00;PGSUS_07/2026_AVRUPA_OPSIYON;D_EQ;SSO;D_EQ_ECP;DE_PGSUS_ECP;PGSUS.E;2026-07-31;10.99;9.88;11.23;0;0;0;0;0;0;0;0;0;0;0;;;;;
2026-05-07;O_PGSUSE0726C220.00;PGSUS_07/2026_AVRUPA_OPSIYON;D_EQ;SSO;D_EQ_ECP;DE_PGSUS_ECP;PGSUS.E;2026-07-31;9.31;8.34;11.63;0;0;0;0;0;0;0;0;0;0;0;;;;;
2026-05-07;O_PGSUSE0726C225.00;PGSUS_07/2026_AVRUPA_OPSIYON;D_EQ;SSO;D_EQ_ECP;DE_PGSUS_ECP;PGSUS.E;2026-07-31;7.83;7;11.86;0;0;0;0;0;0;0;0;0;0;0;;;;;
2026-05-07;O_PGSUSE0726C230.00;PGSUS_07/2026_AVRUPA_OPSIYON;D_EQ;SSO;D_EQ_ECP;DE_PGSUS_ECP;PGSUS.E;2026-07-31;6.56;;0;0;0;0;0;0;0;0;0;0;0;0;;;;;
2026-05-07;O_PGSUSE0726P165.00;PGSUS_07/2026_AVRUPA_OPSIYON;D_EQ;SSO;D_EQ_EPP;DE_PGSUS_EPP;PGSUS.E;2026-07-31;1.34;1.71;-21.64;0;0;0;0;0;0;0;0;0;0;0;;;;;
2026-05-07;O_PGSUSE0726P170.00;PGSUS_07/2026_AVRUPA_OPSIYON;D_EQ;SSO;D_EQ_EPP;DE_PGSUS_EPP;PGSUS.E;2026-07-31;1.92;2.4;-20;0;0;0;0;0;0;0;0;0;0;0;;;;;
2026-05-07;O_PGSUSE0726P175.00;PGSUS_07/2026_AVRUPA_OPSIYON;D_EQ;SSO;D_EQ_EPP;DE_PGSUS_EPP;PGSUS.E;2026-07-31;2.67;3.27;-18.35;0;0;0;0;0;0;0;0;0;0;0;;;;;
2026-05-07;O_PGSUSE0726P180.00;PGSUS_07/2026_AVRUPA_OPSIYON;D_EQ;SSO;D_EQ_EPP;DE_PGSUS_EPP;PGSUS.E;2026-07-31;3.61;4.35;-17.01;0;0;0;0;0;0;0;0;0;0;0;;;;;
2026-05-07;O_PGSUSE0726P185.00;PGSUS_07/2026_AVRUPA_OPSIYON;D_EQ;SSO;D_EQ_EPP;DE_PGSUS_EPP;PGSUS.E;2026-07-31;4.76;5.65;-15.75;0;0;0;0;0;0;0;0;0;0;0;;;;;
2026-05-07;O_PGSUSE0726P190.00;PGSUS_07/2026_AVRUPA_OPSIYON;D_EQ;SSO;D_EQ_EPP;DE_PGSUS_EPP;PGSUS.E;2026-07-31;6.13;7.19;-14.74;0;0;0;0;0;0;0;0;0;0;0;;;;;
2026-05-07;O_PGSUSE0726P195.00;PGSUS_07/2026_AVRUPA_OPSIYON;D_EQ;SSO;D_EQ_EPP;DE_PGSUS_EPP;PGSUS.E;2026-07-31;7.75;8.97;-13.6;0;0;0;0;0;0;0;0;0;0;0;;;;;
2026-05-07;O_PGSUSE0726P200.00;PGSUS_07/2026_AVRUPA_OPSIYON;D_EQ;SSO;D_EQ_EPP;DE_PGSUS_EPP;PGSUS.E;2026-07-31;9.61;10.99;-12.56;0;0;0;0;0;0;0;0;0;0;0;;;;;
2026-05-07;O_PGSUSE0726P205.00;PGSUS_07/2026_AVRUPA_OPSIYON;D_EQ;SSO;D_EQ_EPP;DE_PGSUS_EPP;PGSUS.E;2026-07-31;11.72;;0;0;0;0;0;0;0;0;0;0;0;0;;;;;
2026-05-07;O_P_USDTRYKE0526C46000;FIZ. USDTRY_05/2026_AVRUPA_OPSIYON;D_CR;PCO;D_CR_ECP;DE_USDTRYKP_ECP;USDTRYKP.CX;2026-05-25;371.2;395.3;-6.1;0;0;0;0;0;0;0;0;0;0;0;;;;;
2026-05-07;O_P_USDTRYKE0526C46500;FIZ. USDTRY_05/2026_AVRUPA_OPSIYON;D_CR;PCO;D_CR_ECP;DE_USDTRYKP_ECP;USDTRYKP.CX;2026-05-25;185.5;208.8;-11.16;0;0;0;0;0;0;0;0;0;0;0;;;;;
2026-05-07;O_P_USDTRYKE0526C47000;FIZ. USDTRY_05/2026_AVRUPA_OPSIYON;D_CR;PCO;D_CR_ECP;DE_USDTRYKP_ECP;USDTRYKP.CX;2026-05-25;143.6;174.4;-17.66;0;0;0;0;0;0;0;0;0;0;0;;;;;
2026-05-07;O_P_USDTRYKE0526P46000;FIZ. USDTRY_05/2026_AVRUPA_OPSIYON;D_CR;PCO;D_CR_EPP;DE_USDTRYKP_EPP;USDTRYKP.CX;2026-05-25;431.6;427.9;0.86;0;0;0;0;0;0;0;0;0;0;0;;;;;
2026-05-07;O_P_USDTRYKE0526P46500;FIZ. USDTRY_05/2026_AVRUPA_OPSIYON;D_CR;PCO;D_CR_EPP;DE_USDTRYKP_EPP;USDTRYKP.CX;2026-05-25;737.9;732.9;0.68;0;0;0;0;0;0;0;0;0;0;0;;;;;
2026-05-07;O_P_USDTRYKE0526P47000;FIZ. USDTRY_05/2026_AVRUPA_OPSIYON;D_CR;PCO;D_CR_EPP;DE_USDTRYKP_EPP;USDTRYKP.CX;2026-05-25;1187.9;1189.9;-0.17;0;0;0;0;0;0;0;0;0;0;0;;;;;
2026-05-07;O_P_USDTRYKE0626C47500;FIZ. USDTRY_06/2026_AVRUPA_OPSIYON;D_CR;PCO;D_CR_ECP;DE_USDTRYKP_ECP;USDTRYKP.CX;2026-06-30;748.4;815.4;-8.22;0;0;0;0;0;0;0;0;0;0;0;;;;;
2026-05-07;O_P_USDTRYKE0626P47500;FIZ. USDTRY_06/2026_AVRUPA_OPSIYON;D_CR;PCO;D_CR_EPP;DE_USDTRYKP_EPP;USDTRYKP.CX;2026-06-30;788.1;827.2;-4.73;0;0;0;0;0;0;0;0;0;0;0;;;;;
2026-05-07;O_SAHOLE0526C100.00;SAHOL_05/2026_AVRUPA_OPSIYON;D_EQ;SSO;D_EQ_ECP;DE_SAHOL_ECP;SAHOL.E;2026-05-25;4.89;5.48;-10.77;5.02;4.98;5.02;4.98;5.01;600000;30040;60;6;11;-41;;;;;
2026-05-07;O_SAHOLE0526C105.00;SAHOL_05/2026_AVRUPA_OPSIYON;D_EQ;SSO;D_EQ_ECP;DE_SAHOL_ECP;SAHOL.E;2026-05-25;2.65;3.08;-13.96;1.98;1.46;1.98;1.58;1.75;17640000;294268;1680;19;899;-1599;;;;;
2026-05-07;O_SAHOLE0526C110.00;SAHOL_05/2026_AVRUPA_OPSIYON;D_EQ;SSO;D_EQ_ECP;DE_SAHOL_ECP;SAHOL.E;2026-05-25;1.28;1.56;-17.95;0.82;0.56;0.86;0.74;0.65;21868000;129840;1988;14;5622;1800;;;;;
2026-05-07;O_SAHOLE0526C115.00;SAHOL_05/2026_AVRUPA_OPSIYON;D_EQ;SSO;D_EQ_ECP;DE_SAHOL_ECP;SAHOL.E;2026-05-25;0.55;0.72;-23.61;0;0;0;0;0;0;0;0;0;2828;0;;;;;
2026-05-07;O_SAHOLE0526C120.00;SAHOL_05/2026_AVRUPA_OPSIYON;D_EQ;SSO;D_EQ_ECP;DE_SAHOL_ECP;SAHOL.E;2026-05-25;0.21;0.3;-30;0;0;0;0;0;0;0;0;0;2594;0;;;;;
2026-05-07;O_SAHOLE0526C125.00;SAHOL_05/2026_AVRUPA_OPSIYON;D_EQ;SSO;D_EQ_ECP;DE_SAHOL_ECP;SAHOL.E;2026-05-25;0.08;0.11;-27.27;0;0;0;0;0;0;0;0;0;2110;0;;;;;
2026-05-07;O_SAHOLE0526C130.00;SAHOL_05/2026_AVRUPA_OPSIYON;D_EQ;SSO;D_EQ_ECP;DE_SAHOL_ECP;SAHOL.E;2026-05-25;0.02;0.04;-50;0;0;0;0;0;0;0;0;0;0;0;;;;;
2026-05-07;O_SAHOLE0526C135.00;SAHOL_05/2026_AVRUPA_OPSIYON;D_EQ;SSO;D_EQ_ECP;DE_SAHOL_ECP;SAHOL.E;2026-05-25;0.01;0.01;0;0;0;0;0;0;0;0;0;0;0;0;;;;;
2026-05-07;O_SAHOLE0526C140.00;SAHOL_05/2026_AVRUPA_OPSIYON;D_EQ;SSO;D_EQ_ECP;DE_SAHOL_ECP;SAHOL.E;2026-05-25;0.01;0.01;0;0;0;0;0;0;0;0;0;0;0;0;;;;;
2026-05-07;O_SAHOLE0526C92.00;SAHOL_05/2026_AVRUPA_OPSIYON;D_EQ;SSO;D_EQ_ECP;DE_SAHOL_ECP;SAHOL.E;2026-05-25;10.43;11.18;-6.71;0;0;0;0;0;0;0;0;0;30;0;;;;;
2026-05-07;O_SAHOLE0526C94.00;SAHOL_05/2026_AVRUPA_OPSIYON;D_EQ;SSO;D_EQ_ECP;DE_SAHOL_ECP;SAHOL.E;2026-05-25;8.85;9.56;-7.43;0;0;0;0;0;0;0;0;0;0;0;;;;;
2026-05-07;O_SAHOLE0526C96.00;SAHOL_05/2026_AVRUPA_OPSIYON;D_EQ;SSO;D_EQ_ECP;DE_SAHOL_ECP;SAHOL.E;2026-05-25;7.38;8.07;-8.55;0;0;0;0;0;0;0;0;0;200;0;;;;;
2026-05-07;O_SAHOLE0526C98.00;SAHOL_05/2026_AVRUPA_OPSIYON;D_EQ;SSO;D_EQ_ECP;DE_SAHOL_ECP;SAHOL.E;2026-05-25;6.06;6.7;-9.55;5.68;5.42;5.68;5.42;5.58;490000;27880;50;5;1500;0;;;;;
2026-05-07;O_SAHOLE0526P100.00;SAHOL_05/2026_AVRUPA_OPSIYON;D_EQ;SSO;D_EQ_EPP;DE_SAHOL_EPP;SAHOL.E;2026-05-25;3.03;2.82;7.45;0;0;0;0;0;0;0;0;0;1050;0;;;;;
2026-05-07;O_SAHOLE0526P105.00;SAHOL_05/2026_AVRUPA_OPSIYON;D_EQ;SSO;D_EQ_EPP;DE_SAHOL_EPP;SAHOL.E;2026-05-25;5.7;5.33;6.94;0;0;0;0;0;0;0;0;0;3343;0;;;;;
2026-05-07;O_SAHOLE0526P110.00;SAHOL_05/2026_AVRUPA_OPSIYON;D_EQ;SSO;D_EQ_EPP;DE_SAHOL_EPP;SAHOL.E;2026-05-25;9.24;8.71;6.08;0;0;0;0;0;0;0;0;0;0;0;;;;;
2026-05-07;O_SAHOLE0526P115.00;SAHOL_05/2026_AVRUPA_OPSIYON;D_EQ;SSO;D_EQ_EPP;DE_SAHOL_EPP;SAHOL.E;2026-05-25;13.42;12.76;5.17;0;0;0;0;0;0;0;0;0;0;0;;;;;
2026-05-07;O_SAHOLE0526P82.00;SAHOL_05/2026_AVRUPA_OPSIYON;D_EQ;SSO;D_EQ_EPP;DE_SAHOL_EPP;SAHOL.E;2026-05-25;0.04;0.04;0;0;0;0;0;0;0;0;0;0;0;0;;;;;
2026-05-07;O_SAHOLE0526P84.00;SAHOL_05/2026_AVRUPA_OPSIYON;D_EQ;SSO;D_EQ_EPP;DE_SAHOL_EPP;SAHOL.E;2026-05-25;0.08;0.08;0;0;0;0;0;0;0;0;0;0;0;0;;;;;
2026-05-07;O_SAHOLE0526P86.00;SAHOL_05/2026_AVRUPA_OPSIYON;D_EQ;SSO;D_EQ_EPP;DE_SAHOL_EPP;SAHOL.E;2026-05-25;0.16;0.15;6.67;0;0;0;0;0;0;0;0;0;0;0;;;;;
2026-05-07;O_SAHOLE0526P88.00;SAHOL_05/2026_AVRUPA_OPSIYON;D_EQ;SSO;D_EQ_EPP;DE_SAHOL_EPP;SAHOL.E;2026-05-25;0.28;0.26;7.69;0;0;0;0;0;0;0;0;0;188;0;;;;;
2026-05-07;O_SAHOLE0526P90.00;SAHOL_05/2026_AVRUPA_OPSIYON;D_EQ;SSO;D_EQ_EPP;DE_SAHOL_EPP;SAHOL.E;2026-05-25;0.46;0.43;6.98;0;0;0;0;0;0;0;0;0;2500;0;;;;;
2026-05-07;O_SAHOLE0526P92.00;SAHOL_05/2026_AVRUPA_OPSIYON;D_EQ;SSO;D_EQ_EPP;DE_SAHOL_EPP;SAHOL.E;2026-05-25;0.73;0.68;7.35;0;0;0;0;0;0;0;0;0;0;0;;;;;
2026-05-07;O_SAHOLE0526P94.00;SAHOL_05/2026_AVRUPA_OPSIYON;D_EQ;SSO;D_EQ_EPP;DE_SAHOL_EPP;SAHOL.E;2026-05-25;1.1;1.02;7.84;0;0;0;0;0;0;0;0;0;160;0;;;;;
2026-05-07;O_SAHOLE0526P96.00;SAHOL_05/2026_AVRUPA_OPSIYON;D_EQ;SSO;D_EQ_EPP;DE_SAHOL_EPP;SAHOL.E;2026-05-25;1.6;1.49;7.38;0.76;0.76;0.76;0.76;0.76;480000;3800;50;5;50;50;;;;;
2026-05-07;O_SAHOLE0526P98.00;SAHOL_05/2026_AVRUPA_OPSIYON;D_EQ;SSO;D_EQ_EPP;DE_SAHOL_EPP;SAHOL.E;2026-05-25;2.24;2.08;7.69;0.86;0.86;1.18;1.18;1.1;686000;7720;70;7;172;70;;;;;
2026-05-07;O_SAHOLE0626C100.00;SAHOL_06/2026_AVRUPA_OPSIYON;D_EQ;SSO;D_EQ_ECP;DE_SAHOL_ECP;SAHOL.E;2026-06-30;9.7;10.29;-5.73;0;0;0;0;0;0;0;0;0;50;0;;;;;
2026-05-07;O_SAHOLE0626C105.00;SAHOL_06/2026_AVRUPA_OPSIYON;D_EQ;SSO;D_EQ_ECP;DE_SAHOL_ECP;SAHOL.E;2026-06-30;7.15;7.66;-6.66;0;0;0;0;0;0;0;0;0;335;0;;;;;
2026-05-07;O_SAHOLE0626C110.00;SAHOL_06/2026_AVRUPA_OPSIYON;D_EQ;SSO;D_EQ_ECP;DE_SAHOL_ECP;SAHOL.E;2026-06-30;5.12;5.54;-7.58;0;0;0;0;0;0;0;0;0;10;0;;;;;
2026-05-07;O_SAHOLE0626C115.00;SAHOL_06/2026_AVRUPA_OPSIYON;D_EQ;SSO;D_EQ_ECP;DE_SAHOL_ECP;SAHOL.E;2026-06-30;3.57;3.91;-8.7;0;0;0;0;0;0;0;0;0;0;0;;;;;
2026-05-07;O_SAHOLE0626C120.00;SAHOL_06/2026_AVRUPA_OPSIYON;D_EQ;SSO;D_EQ_ECP;DE_SAHOL_ECP;SAHOL.E;2026-06-30;2.42;2.69;-10.04;0;0;0;0;0;0;0;0;0;1450;0;;;;;
2026-05-07;O_SAHOLE0626C125.00;SAHOL_06/2026_AVRUPA_OPSIYON;D_EQ;SSO;D_EQ_ECP;DE_SAHOL_ECP;SAHOL.E;2026-06-30;1.61;1.8;-10.56;0;0;0;0;0;0;0;0;0;0;0;;;;;
2026-05-07;O_SAHOLE0626C130.00;SAHOL_06/2026_AVRUPA_OPSIYON;D_EQ;SSO;D_EQ_ECP;DE_SAHOL_ECP;SAHOL.E;2026-06-30;1.04;1.18;-11.86;0;0;0;0;0;0;0;0;0;0;0;;;;;
2026-05-07;O_SAHOLE0626C135.00;SAHOL_06/2026_AVRUPA_OPSIYON;D_EQ;SSO;D_EQ_ECP;DE_SAHOL_ECP;SAHOL.E;2026-06-30;0.66;0.76;-13.16;0;0;0;0;0;0;0;0;0;0;0;;;;;
2026-05-07;O_SAHOLE0626C140.00;SAHOL_06/2026_AVRUPA_OPSIYON;D_EQ;SSO;D_EQ_ECP;DE_SAHOL_ECP;SAHOL.E;2026-06-30;0.41;0.48;-14.58;0;0;0;0;0;0;0;0;0;0;0;;;;;
2026-05-07;O_SAHOLE0626C145.00;SAHOL_06/2026_AVRUPA_OPSIYON;D_EQ;SSO;D_EQ_ECP;DE_SAHOL_ECP;SAHOL.E;2026-06-30;0.25;0.3;-16.67;0;0;0;0;0;0;0;0;0;0;0;;;;;
2026-05-07;O_SAHOLE0626C96.00;SAHOL_06/2026_AVRUPA_OPSIYON;D_EQ;SSO;D_EQ_ECP;DE_SAHOL_ECP;SAHOL.E;2026-06-30;12.13;12.77;-5.01;0;0;0;0;0;0;0;0;0;0;0;;;;;
2026-05-07;O_SAHOLE0626C98.00;SAHOL_06/2026_AVRUPA_OPSIYON;D_EQ;SSO;D_EQ_ECP;DE_SAHOL_ECP;SAHOL.E;2026-06-30;10.87;11.49;-5.4;0;0;0;0;0;0;0;0;0;60;0;;;;;
2026-05-07;O_SAHOLE0626P100.00;SAHOL_06/2026_AVRUPA_OPSIYON;D_EQ;SSO;D_EQ_EPP;DE_SAHOL_EPP;SAHOL.E;2026-06-30;4.23;4.02;5.22;0;0;0;0;0;0;0;0;0;0;0;;;;;
2026-05-07;O_SAHOLE0626P105.00;SAHOL_06/2026_AVRUPA_OPSIYON;D_EQ;SSO;D_EQ_EPP;DE_SAHOL_EPP;SAHOL.E;2026-06-30;6.41;6.11;4.91;0;0;0;0;0;0;0;0;0;438;0;;;;;
2026-05-07;O_SAHOLE0626P110.00;SAHOL_06/2026_AVRUPA_OPSIYON;D_EQ;SSO;D_EQ_EPP;DE_SAHOL_EPP;SAHOL.E;2026-06-30;9.11;8.72;4.47;0;0;0;0;0;0;0;0;0;10;0;;;;;
2026-05-07;O_SAHOLE0626P115.00;SAHOL_06/2026_AVRUPA_OPSIYON;D_EQ;SSO;D_EQ_EPP;DE_SAHOL_EPP;SAHOL.E;2026-06-30;12.28;11.81;3.98;0;0;0;0;0;0;0;0;0;0;0;;;;;
2026-05-07;O_SAHOLE0626P120.00;SAHOL_06/2026_AVRUPA_OPSIYON;D_EQ;SSO;D_EQ_EPP;DE_SAHOL_EPP;SAHOL.E;2026-06-30;15.86;15.31;3.59;0;0;0;0;0;0;0;0;0;0;0;;;;;
2026-05-07;O_SAHOLE0626P86.00;SAHOL_06/2026_AVRUPA_OPSIYON;D_EQ;SSO;D_EQ_EPP;DE_SAHOL_EPP;SAHOL.E;2026-06-30;0.84;0.79;6.33;0;0;0;0;0;0;0;0;0;0;0;;;;;
2026-05-07;O_SAHOLE0626P88.00;SAHOL_06/2026_AVRUPA_OPSIYON;D_EQ;SSO;D_EQ_EPP;DE_SAHOL_EPP;SAHOL.E;2026-06-30;1.11;1.05;5.71;0;0;0;0;0;0;0;0;0;1500;0;;;;;
2026-05-07;O_SAHOLE0626P90.00;SAHOL_06/2026_AVRUPA_OPSIYON;D_EQ;SSO;D_EQ_EPP;DE_SAHOL_EPP;SAHOL.E;2026-06-30;1.45;1.36;6.62;0;0;0;0;0;0;0;0;0;0;0;;;;;
2026-05-07;O_SAHOLE0626P92.00;SAHOL_06/2026_AVRUPA_OPSIYON;D_EQ;SSO;D_EQ_EPP;DE_SAHOL_EPP;SAHOL.E;2026-06-30;1.85;1.74;6.32;0;0;0;0;0;0;0;0;0;0;0;;;;;
2026-05-07;O_SAHOLE0626P94.00;SAHOL_06/2026_AVRUPA_OPSIYON;D_EQ;SSO;D_EQ_EPP;DE_SAHOL_EPP;SAHOL.E;2026-06-30;2.32;2.2;5.45;0;0;0;0;0;0;0;0;0;0;0;;;;;
2026-05-07;O_SAHOLE0626P96.00;SAHOL_06/2026_AVRUPA_OPSIYON;D_EQ;SSO;D_EQ_EPP;DE_SAHOL_EPP;SAHOL.E;2026-06-30;2.88;2.72;5.88;0;0;0;0;0;0;0;0;0;0;0;;;;;
2026-05-07;O_SAHOLE0626P98.00;SAHOL_06/2026_AVRUPA_OPSIYON;D_EQ;SSO;D_EQ_EPP;DE_SAHOL_EPP;SAHOL.E;2026-06-30;3.51;3.33;5.41;0;0;0;0;0;0;0;0;0;0;0;;;;;
2026-05-07;O_SAHOLE0726C100.00;SAHOL_07/2026_AVRUPA_OPSIYON;D_EQ;SSO;D_EQ_ECP;DE_SAHOL_ECP;SAHOL.E;2026-07-31;14.16;14.79;-4.26;0;0;0;0;0;0;0;0;0;0;0;;;;;
2026-05-07;O_SAHOLE0726C105.00;SAHOL_07/2026_AVRUPA_OPSIYON;D_EQ;SSO;D_EQ_ECP;DE_SAHOL_ECP;SAHOL.E;2026-07-31;11.42;11.99;-4.75;0;0;0;0;0;0;0;0;0;0;0;;;;;
2026-05-07;O_SAHOLE0726C110.00;SAHOL_07/2026_AVRUPA_OPSIYON;D_EQ;SSO;D_EQ_ECP;DE_SAHOL_ECP;SAHOL.E;2026-07-31;9.07;9.58;-5.32;0;0;0;0;0;0;0;0;0;0;0;;;;;
2026-05-07;O_SAHOLE0726C115.00;SAHOL_07/2026_AVRUPA_OPSIYON;D_EQ;SSO;D_EQ_ECP;DE_SAHOL_ECP;SAHOL.E;2026-07-31;7.11;7.55;-5.83;0;0;0;0;0;0;0;0;0;0;0;;;;;
2026-05-07;O_SAHOLE0726C120.00;SAHOL_07/2026_AVRUPA_OPSIYON;D_EQ;SSO;D_EQ_ECP;DE_SAHOL_ECP;SAHOL.E;2026-07-31;5.49;5.87;-6.47;0;0;0;0;0;0;0;0;0;0;0;;;;;
2026-05-07;O_SAHOLE0726C125.00;SAHOL_07/2026_AVRUPA_OPSIYON;D_EQ;SSO;D_EQ_ECP;DE_SAHOL_ECP;SAHOL.E;2026-07-31;4.19;4.51;-7.1;0;0;0;0;0;0;0;0;0;0;0;;;;;
2026-05-07;O_SAHOLE0726C130.00;SAHOL_07/2026_AVRUPA_OPSIYON;D_EQ;SSO;D_EQ_ECP;DE_SAHOL_ECP;SAHOL.E;2026-07-31;3.16;3.42;-7.6;0;0;0;0;0;0;0;0;0;0;0;;;;;
2026-05-07;O_SAHOLE0726C135.00;SAHOL_07/2026_AVRUPA_OPSIYON;D_EQ;SSO;D_EQ_ECP;DE_SAHOL_ECP;SAHOL.E;2026-07-31;2.35;2.57;-8.56;0;0;0;0;0;0;0;0;0;0;0;;;;;
2026-05-07;O_SAHOLE0726C140.00;SAHOL_07/2026_AVRUPA_OPSIYON;D_EQ;SSO;D_EQ_ECP;DE_SAHOL_ECP;SAHOL.E;2026-07-31;1.74;;0;0;0;0;0;0;0;0;0;0;0;0;;;;;
2026-05-07;O_SAHOLE0726C98.00;SAHOL_07/2026_AVRUPA_OPSIYON;D_EQ;SSO;D_EQ_ECP;DE_SAHOL_ECP;SAHOL.E;2026-07-31;15.36;16.01;-4.06;0;0;0;0;0;0;0;0;0;0;0;;;;;
2026-05-07;O_SAHOLE0726P100.00;SAHOL_07/2026_AVRUPA_OPSIYON;D_EQ;SSO;D_EQ_EPP;DE_SAHOL_EPP;SAHOL.E;2026-07-31;4;3.82;4.71;0;0;0;0;0;0;0;0;0;0;0;;;;;
2026-05-07;O_SAHOLE0726P105.00;SAHOL_07/2026_AVRUPA_OPSIYON;D_EQ;SSO;D_EQ_EPP;DE_SAHOL_EPP;SAHOL.E;2026-07-31;5.75;5.51;4.36;0;0;0;0;0;0;0;0;0;0;0;;;;;
2026-05-07;O_SAHOLE0726P110.00;SAHOL_07/2026_AVRUPA_OPSIYON;D_EQ;SSO;D_EQ_EPP;DE_SAHOL_EPP;SAHOL.E;2026-07-31;7.9;7.59;4.08;0;0;0;0;0;0;0;0;0;0;0;;;;;
2026-05-07;O_SAHOLE0726P115.00;SAHOL_07/2026_AVRUPA_OPSIYON;D_EQ;SSO;D_EQ_EPP;DE_SAHOL_EPP;SAHOL.E;2026-07-31;10.42;;0;0;0;0;0;0;0;0;0;0;0;0;;;;;
2026-05-07;O_SAHOLE0726P88.00;SAHOL_07/2026_AVRUPA_OPSIYON;D_EQ;SSO;D_EQ_EPP;DE_SAHOL_EPP;SAHOL.E;2026-07-31;1.31;1.24;5.65;0;0;0;0;0;0;0;0;0;0;0;;;;;
2026-05-07;O_SAHOLE0726P90.00;SAHOL_07/2026_AVRUPA_OPSIYON;D_EQ;SSO;D_EQ_EPP;DE_SAHOL_EPP;SAHOL.E;2026-07-31;1.62;1.54;5.19;0;0;0;0;0;0;0;0;0;5100;0;;;;;
2026-05-07;O_SAHOLE0726P92.00;SAHOL_07/2026_AVRUPA_OPSIYON;D_EQ;SSO;D_EQ_EPP;DE_SAHOL_EPP;SAHOL.E;2026-07-31;1.98;1.88;5.32;0;0;0;0;0;0;0;0;0;0;0;;;;;
2026-05-07;O_SAHOLE0726P94.00;SAHOL_07/2026_AVRUPA_OPSIYON;D_EQ;SSO;D_EQ_EPP;DE_SAHOL_EPP;SAHOL.E;2026-07-31;2.4;2.28;5.26;0;0;0;0;0;0;0;0;0;0;0;;;;;
2026-05-07;O_SAHOLE0726P96.00;SAHOL_07/2026_AVRUPA_OPSIYON;D_EQ;SSO;D_EQ_EPP;DE_SAHOL_EPP;SAHOL.E;2026-07-31;2.87;2.74;4.74;0;0;0;0;0;0;0;0;0;0;0;;;;;
2026-05-07;O_SAHOLE0726P98.00;SAHOL_07/2026_AVRUPA_OPSIYON;D_EQ;SSO;D_EQ_EPP;DE_SAHOL_EPP;SAHOL.E;2026-07-31;3.41;3.25;4.92;0;0;0;0;0;0;0;0;0;0;0;;;;;
2026-05-07;O_SISEE0526C42.00;SISE_05/2026_AVRUPA_OPSIYON;D_EQ;SSO;D_EQ_ECP;DE_SISE_ECP;SISE.E;2026-05-25;7.92;8.46;-6.38;0;0;0;0;0;0;0;0;0;0;0;;;;;
2026-05-07;O_SISEE0526C43.00;SISE_05/2026_AVRUPA_OPSIYON;D_EQ;SSO;D_EQ_ECP;DE_SISE_ECP;SISE.E;2026-05-25;6.96;7.5;-7.2;0;0;0;0;0;0;0;0;0;0;0;;;;;
2026-05-07;O_SISEE0526C44.00;SISE_05/2026_AVRUPA_OPSIYON;D_EQ;SSO;D_EQ_ECP;DE_SISE_ECP;SISE.E;2026-05-25;6.02;6.56;-8.23;0;0;0;0;0;0;0;0;0;0;0;;;;;
2026-05-07;O_SISEE0526C45.00;SISE_05/2026_AVRUPA_OPSIYON;D_EQ;SSO;D_EQ_ECP;DE_SISE_ECP;SISE.E;2026-05-25;5.12;5.64;-9.22;0;0;0;0;0;0;0;0;0;3;0;;;;;
2026-05-07;O_SISEE0526C46.00;SISE_05/2026_AVRUPA_OPSIYON;D_EQ;SSO;D_EQ_ECP;DE_SISE_ECP;SISE.E;2026-05-25;4.26;4.77;-10.69;0;0;0;0;0;0;0;0;0;848;0;;;;;
2026-05-07;O_SISEE0526C47.00;SISE_05/2026_AVRUPA_OPSIYON;D_EQ;SSO;D_EQ_ECP;DE_SISE_ECP;SISE.E;2026-05-25;3.47;3.95;-12.15;0;0;0;0;0;0;0;0;0;225;0;;;;;
2026-05-07;O_SISEE0526C48.00;SISE_05/2026_AVRUPA_OPSIYON;D_EQ;SSO;D_EQ_ECP;DE_SISE_ECP;SISE.E;2026-05-25;2.76;3.2;-13.75;0;0;0;0;0;0;0;0;0;721;0;;;;;
2026-05-07;O_SISEE0526C49.00;SISE_05/2026_AVRUPA_OPSIYON;D_EQ;SSO;D_EQ_ECP;DE_SISE_ECP;SISE.E;2026-05-25;2.13;2.53;-15.81;2.16;2.16;2.16;2.16;2.16;490000;21600;100;1;744;0;;;;;
2026-05-07;O_SISEE0526C50.00;SISE_05/2026_AVRUPA_OPSIYON;D_EQ;SSO;D_EQ_ECP;DE_SISE_ECP;SISE.E;2026-05-25;1.6;1.96;-18.37;2.54;2.54;2.54;2.54;2.54;1250000;63500;250;5;12298;177;;;;;
2026-05-07;O_SISEE0526C52.00;SISE_05/2026_AVRUPA_OPSIYON;D_EQ;SSO;D_EQ_ECP;DE_SISE_ECP;SISE.E;2026-05-25;0.83;1.08;-23.15;1.33;1.11;1.55;1.11;1.3;15048800;375224;2894;17;6331;2044;;;;;
2026-05-07;O_SISEE0526C54.00;SISE_05/2026_AVRUPA_OPSIYON;D_EQ;SSO;D_EQ_ECP;DE_SISE_ECP;SISE.E;2026-05-25;0.38;0.53;-28.3;0.63;0.38;0.82;0.38;0.57;19418400;206178;3596;25;3512;2402;;;;;
2026-05-07;O_SISEE0526C56.00;SISE_05/2026_AVRUPA_OPSIYON;D_EQ;SSO;D_EQ_ECP;DE_SISE_ECP;SISE.E;2026-05-25;0.16;0.24;-33.33;0.25;0.25;0.25;0.25;0.25;380800;1700;68;1;1000;0;;;;;
2026-05-07;O_SISEE0526C58.00;SISE_05/2026_AVRUPA_OPSIYON;D_EQ;SSO;D_EQ_ECP;DE_SISE_ECP;SISE.E;2026-05-25;0.06;0.09;-33.33;0;0;0;0;0;0;0;0;0;2852;0;;;;;
2026-05-07;O_SISEE0526C60.00;SISE_05/2026_AVRUPA_OPSIYON;D_EQ;SSO;D_EQ_ECP;DE_SISE_ECP;SISE.E;2026-05-25;0.02;0.03;-33.33;0;0;0;0;0;0;0;0;0;0;0;;;;;
2026-05-07;O_SISEE0526C62.00;SISE_05/2026_AVRUPA_OPSIYON;D_EQ;SSO;D_EQ_ECP;DE_SISE_ECP;SISE.E;2026-05-25;0.01;0.01;0;0;0;0;0;0;0;0;0;0;0;0;;;;;
2026-05-07;O_SISEE0526C64.00;SISE_05/2026_AVRUPA_OPSIYON;D_EQ;SSO;D_EQ_ECP;DE_SISE_ECP;SISE.E;2026-05-25;0.01;0.01;0;0;0;0;0;0;0;0;0;0;0;0;;;;;
2026-05-07;O_SISEE0526P37.00;SISE_05/2026_AVRUPA_OPSIYON;D_EQ;SSO;D_EQ_EPP;DE_SISE_EPP;SISE.E;2026-05-25;0.01;0.01;0;0;0;0;0;0;0;0;0;0;0;0;;;;;
2026-05-07;O_SISEE0526P38.00;SISE_05/2026_AVRUPA_OPSIYON;D_EQ;SSO;D_EQ_EPP;DE_SISE_EPP;SISE.E;2026-05-25;0.01;0.01;0;0;0;0;0;0;0;0;0;0;0;0;;;;;
2026-05-07;O_SISEE0526P39.00;SISE_05/2026_AVRUPA_OPSIYON;D_EQ;SSO;D_EQ_EPP;DE_SISE_EPP;SISE.E;2026-05-25;0.01;0.01;0;0;0;0;0;0;0;0;0;0;0;0;;;;;
2026-05-07;O_SISEE0526P40.00;SISE_05/2026_AVRUPA_OPSIYON;D_EQ;SSO;D_EQ_EPP;DE_SISE_EPP;SISE.E;2026-05-25;0.01;0.01;0;0;0;0;0;0;0;0;0;0;0;0;;;;;
2026-05-07;O_SISEE0526P41.00;SISE_05/2026_AVRUPA_OPSIYON;D_EQ;SSO;D_EQ_EPP;DE_SISE_EPP;SISE.E;2026-05-25;0.01;0.01;0;0;0;0;0;0;0;0;0;0;0;0;;;;;
2026-05-07;O_SISEE0526P42.00;SISE_05/2026_AVRUPA_OPSIYON;D_EQ;SSO;D_EQ_EPP;DE_SISE_EPP;SISE.E;2026-05-25;0.02;0.02;0;0;0;0;0;0;0;0;0;0;0;0;;;;;
2026-05-07;O_SISEE0526P43.00;SISE_05/2026_AVRUPA_OPSIYON;D_EQ;SSO;D_EQ_EPP;DE_SISE_EPP;SISE.E;2026-05-25;0.04;0.04;0;0;0;0;0;0;0;0;0;0;0;0;;;;;
2026-05-07;O_SISEE0526P44.00;SISE_05/2026_AVRUPA_OPSIYON;D_EQ;SSO;D_EQ_EPP;DE_SISE_EPP;SISE.E;2026-05-25;0.09;0.07;28.57;0;0;0;0;0;0;0;0;0;0;0;;;;;
2026-05-07;O_SISEE0526P45.00;SISE_05/2026_AVRUPA_OPSIYON;D_EQ;SSO;D_EQ_EPP;DE_SISE_EPP;SISE.E;2026-05-25;0.16;0.14;14.29;0;0;0;0;0;0;0;0;0;1;0;;;;;
2026-05-07;O_SISEE0526P46.00;SISE_05/2026_AVRUPA_OPSIYON;D_EQ;SSO;D_EQ_EPP;DE_SISE_EPP;SISE.E;2026-05-25;0.29;0.25;16;0.22;0.22;0.35;0.35;0.22;381800;1839;83;2;2583;83;;;;;
2026-05-07;O_SISEE0526P47.00;SISE_05/2026_AVRUPA_OPSIYON;D_EQ;SSO;D_EQ_EPP;DE_SISE_EPP;SISE.E;2026-05-25;0.48;0.41;17.07;0.38;0.38;0.38;0.38;0.38;709700;5738;151;1;426;151;;;;;
2026-05-07;O_SISEE0526P48.00;SISE_05/2026_AVRUPA_OPSIYON;D_EQ;SSO;D_EQ_EPP;DE_SISE_EPP;SISE.E;2026-05-25;0.75;0.64;17.19;0.5;0.5;0.5;0.5;0.5;724800;7550;151;1;1721;151;;;;;
2026-05-07;O_SISEE0526P49.00;SISE_05/2026_AVRUPA_OPSIYON;D_EQ;SSO;D_EQ_EPP;DE_SISE_EPP;SISE.E;2026-05-25;1.1;0.95;15.79;0;0;0;0;0;0;0;0;0;100;0;;;;;
2026-05-07;O_SISEE0526P50.00;SISE_05/2026_AVRUPA_OPSIYON;D_EQ;SSO;D_EQ_EPP;DE_SISE_EPP;SISE.E;2026-05-25;1.56;1.36;14.71;0;0;0;0;0;0;0;0;0;38;0;;;;;
2026-05-07;O_SISEE0526P52.00;SISE_05/2026_AVRUPA_OPSIYON;D_EQ;SSO;D_EQ_EPP;DE_SISE_EPP;SISE.E;2026-05-25;2.75;2.44;12.7;2;2;2;2;2;2600000;100000;500;6;871;250;;;;;
2026-05-07;O_SISEE0526P54.00;SISE_05/2026_AVRUPA_OPSIYON;D_EQ;SSO;D_EQ_EPP;DE_SISE_EPP;SISE.E;2026-05-25;4.26;3.86;10.36;0;0;0;0;0;0;0;0;0;0;0;;;;;
2026-05-07;O_SISEE0626C47.00;SISE_06/2026_AVRUPA_OPSIYON;D_EQ;SSO;D_EQ_ECP;DE_SISE_ECP;SISE.E;2026-06-30;5.59;6.05;-7.6;0;0;0;0;0;0;0;0;0;1;0;;;;;
2026-05-07;O_SISEE0626C48.00;SISE_06/2026_AVRUPA_OPSIYON;D_EQ;SSO;D_EQ_ECP;DE_SISE_ECP;SISE.E;2026-06-30;4.92;5.36;-8.21;0;0;0;0;0;0;0;0;0;125;0;;;;;
2026-05-07;O_SISEE0626C49.00;SISE_06/2026_AVRUPA_OPSIYON;D_EQ;SSO;D_EQ_ECP;DE_SISE_ECP;SISE.E;2026-06-30;4.29;4.71;-8.92;4.3;4.3;4.3;4.3;4.3;4900;430;1;1;75;0;;;;;
2026-05-07;O_SISEE0626C50.00;SISE_06/2026_AVRUPA_OPSIYON;D_EQ;SSO;D_EQ_ECP;DE_SISE_ECP;SISE.E;2026-06-30;3.71;4.11;-9.73;0;0;0;0;0;0;0;0;0;100;0;;;;;
2026-05-07;O_SISEE0626C52.00;SISE_06/2026_AVRUPA_OPSIYON;D_EQ;SSO;D_EQ_ECP;DE_SISE_ECP;SISE.E;2026-06-30;2.72;3.06;-11.11;0;0;0;0;0;0;0;0;0;25;0;;;;;
2026-05-07;O_SISEE0626C54.00;SISE_06/2026_AVRUPA_OPSIYON;D_EQ;SSO;D_EQ_ECP;DE_SISE_ECP;SISE.E;2026-06-30;1.93;2.21;-12.67;0;0;0;0;0;0;0;0;0;253;0;;;;;
2026-05-07;O_SISEE0626C56.00;SISE_06/2026_AVRUPA_OPSIYON;D_EQ;SSO;D_EQ_ECP;DE_SISE_ECP;SISE.E;2026-06-30;1.33;1.55;-14.19;0;0;0;0;0;0;0;0;0;1860;0;;;;;
2026-05-07;O_SISEE0626C58.00;SISE_06/2026_AVRUPA_OPSIYON;D_EQ;SSO;D_EQ_ECP;DE_SISE_ECP;SISE.E;2026-06-30;0.89;1.06;-16.04;0;0;0;0;0;0;0;0;0;400;0;;;;;
2026-05-07;O_SISEE0626C60.00;SISE_06/2026_AVRUPA_OPSIYON;D_EQ;SSO;D_EQ_ECP;DE_SISE_ECP;SISE.E;2026-06-30;0.58;0.71;-18.31;0.49;0.49;0.49;0.49;0.49;2400000;19600;400;2;1400;400;;;;;
2026-05-07;O_SISEE0626C62.00;SISE_06/2026_AVRUPA_OPSIYON;D_EQ;SSO;D_EQ_ECP;DE_SISE_ECP;SISE.E;2026-06-30;0.37;0.46;-19.57;0.27;0.27;0.28;0.28;0.28;4960000;22000;800;4;801;800;;;;;
2026-05-07;O_SISEE0626C64.00;SISE_06/2026_AVRUPA_OPSIYON;D_EQ;SSO;D_EQ_ECP;DE_SISE_ECP;SISE.E;2026-06-30;0.23;0.29;-20.69;0;0;0;0;0;0;0;0;0;0;0;;;;;
2026-05-07;O_SISEE0626P42.00;SISE_06/2026_AVRUPA_OPSIYON;D_EQ;SSO;D_EQ_EPP;DE_SISE_EPP;SISE.E;2026-06-30;0.17;0.15;13.33;0;0;0;0;0;0;0;0;0;0;0;;;;;
2026-05-07;O_SISEE0626P43.00;SISE_06/2026_AVRUPA_OPSIYON;D_EQ;SSO;D_EQ_EPP;DE_SISE_EPP;SISE.E;2026-06-30;0.25;0.23;8.7;0;0;0;0;0;0;0;0;0;0;0;;;;;
2026-05-07;O_SISEE0626P44.00;SISE_06/2026_AVRUPA_OPSIYON;D_EQ;SSO;D_EQ_EPP;DE_SISE_EPP;SISE.E;2026-06-30;0.36;0.32;12.5;0;0;0;0;0;0;0;0;0;0;0;;;;;
2026-05-07;O_SISEE0626P45.00;SISE_06/2026_AVRUPA_OPSIYON;D_EQ;SSO;D_EQ_EPP;DE_SISE_EPP;SISE.E;2026-06-30;0.5;0.45;11.11;0;0;0;0;0;0;0;0;0;0;0;;;;;
2026-05-07;O_SISEE0626P46.00;SISE_06/2026_AVRUPA_OPSIYON;D_EQ;SSO;D_EQ_EPP;DE_SISE_EPP;SISE.E;2026-06-30;0.68;0.62;9.68;0;0;0;0;0;0;0;0;0;0;0;;;;;
2026-05-07;O_SISEE0626P47.00;SISE_06/2026_AVRUPA_OPSIYON;D_EQ;SSO;D_EQ_EPP;DE_SISE_EPP;SISE.E;2026-06-30;0.9;0.82;9.76;0;0;0;0;0;0;0;0;0;0;0;;;;;
2026-05-07;O_SISEE0626P48.00;SISE_06/2026_AVRUPA_OPSIYON;D_EQ;SSO;D_EQ_EPP;DE_SISE_EPP;SISE.E;2026-06-30;1.17;1.07;9.35;0;0;0;0;0;0;0;0;0;0;0;;;;;
2026-05-07;O_SISEE0626P49.00;SISE_06/2026_AVRUPA_OPSIYON;D_EQ;SSO;D_EQ_EPP;DE_SISE_EPP;SISE.E;2026-06-30;1.49;1.36;9.56;0;0;0;0;0;0;0;0;0;0;0;;;;;
2026-05-07;O_SISEE0626P50.00;SISE_06/2026_AVRUPA_OPSIYON;D_EQ;SSO;D_EQ_EPP;DE_SISE_EPP;SISE.E;2026-06-30;1.86;1.7;9.41;1.62;1.62;1.62;1.62;1.62;1265000;40986;253;1;303;253;;;;;
2026-05-07;O_SISEE0626P52.00;SISE_06/2026_AVRUPA_OPSIYON;D_EQ;SSO;D_EQ_EPP;DE_SISE_EPP;SISE.E;2026-06-30;2.76;2.54;8.66;0;0;0;0;0;0;0;0;0;100;0;;;;;
2026-05-07;O_SISEE0626P54.00;SISE_06/2026_AVRUPA_OPSIYON;D_EQ;SSO;D_EQ_EPP;DE_SISE_EPP;SISE.E;2026-06-30;3.86;3.59;7.52;0;0;0;0;0;0;0;0;0;75;0;;;;;
2026-05-07;O_SISEE0726C49.00;SISE_07/2026_AVRUPA_OPSIYON;D_EQ;SSO;D_EQ_ECP;DE_SISE_ECP;SISE.E;2026-07-31;6.42;6.87;-6.55;0;0;0;0;0;0;0;0;0;0;0;;;;;
2026-05-07;O_SISEE0726C50.00;SISE_07/2026_AVRUPA_OPSIYON;D_EQ;SSO;D_EQ_ECP;DE_SISE_ECP;SISE.E;2026-07-31;5.8;6.24;-7.05;0;0;0;0;0;0;0;0;0;0;0;;;;;
2026-05-07;O_SISEE0726C52.00;SISE_07/2026_AVRUPA_OPSIYON;D_EQ;SSO;D_EQ_ECP;DE_SISE_ECP;SISE.E;2026-07-31;4.68;5.09;-8.06;0;0;0;0;0;0;0;0;0;0;0;;;;;
2026-05-07;O_SISEE0726C54.00;SISE_07/2026_AVRUPA_OPSIYON;D_EQ;SSO;D_EQ_ECP;DE_SISE_ECP;SISE.E;2026-07-31;3.72;4.08;-8.82;0;0;0;0;0;0;0;0;0;0;0;;;;;
2026-05-07;O_SISEE0726C56.00;SISE_07/2026_AVRUPA_OPSIYON;D_EQ;SSO;D_EQ_ECP;DE_SISE_ECP;SISE.E;2026-07-31;2.91;3.22;-9.63;0;0;0;0;0;0;0;0;0;0;0;;;;;
2026-05-07;O_SISEE0726C58.00;SISE_07/2026_AVRUPA_OPSIYON;D_EQ;SSO;D_EQ_ECP;DE_SISE_ECP;SISE.E;2026-07-31;2.24;2.51;-10.76;0;0;0;0;0;0;0;0;0;0;0;;;;;
2026-05-07;O_SISEE0726C60.00;SISE_07/2026_AVRUPA_OPSIYON;D_EQ;SSO;D_EQ_ECP;DE_SISE_ECP;SISE.E;2026-07-31;1.7;1.93;-11.92;0;0;0;0;0;0;0;0;0;0;0;;;;;
2026-05-07;O_SISEE0726C62.00;SISE_07/2026_AVRUPA_OPSIYON;D_EQ;SSO;D_EQ_ECP;DE_SISE_ECP;SISE.E;2026-07-31;1.27;1.46;-13.01;0;0;0;0;0;0;0;0;0;0;0;;;;;
2026-05-07;O_SISEE0726C64.00;SISE_07/2026_AVRUPA_OPSIYON;D_EQ;SSO;D_EQ_ECP;DE_SISE_ECP;SISE.E;2026-07-31;0.94;1.09;-13.76;0;0;0;0;0;0;0;0;0;0;0;;;;;
2026-05-07;O_SISEE0726C66.00;SISE_07/2026_AVRUPA_OPSIYON;D_EQ;SSO;D_EQ_ECP;DE_SISE_ECP;SISE.E;2026-07-31;0.68;;0;0;0;0;0;0;0;0;0;0;0;0;;;;;
2026-05-07;O_SISEE0726P44.00;SISE_07/2026_AVRUPA_OPSIYON;D_EQ;SSO;D_EQ_EPP;DE_SISE_EPP;SISE.E;2026-07-31;0.4;0.37;8.11;0;0;0;0;0;0;0;0;0;0;0;;;;;
2026-05-07;O_SISEE0726P45.00;SISE_07/2026_AVRUPA_OPSIYON;D_EQ;SSO;D_EQ_EPP;DE_SISE_EPP;SISE.E;2026-07-31;0.52;0.48;8.33;0;0;0;0;0;0;0;0;0;0;0;;;;;
2026-05-07;O_SISEE0726P46.00;SISE_07/2026_AVRUPA_OPSIYON;D_EQ;SSO;D_EQ_EPP;DE_SISE_EPP;SISE.E;2026-07-31;0.68;0.62;9.68;0;0;0;0;0;0;0;0;0;0;0;;;;;
2026-05-07;O_SISEE0726P47.00;SISE_07/2026_AVRUPA_OPSIYON;D_EQ;SSO;D_EQ_EPP;DE_SISE_EPP;SISE.E;2026-07-31;0.86;0.79;8.86;0;0;0;0;0;0;0;0;0;0;0;;;;;
2026-05-07;O_SISEE0726P48.00;SISE_07/2026_AVRUPA_OPSIYON;D_EQ;SSO;D_EQ_EPP;DE_SISE_EPP;SISE.E;2026-07-31;1.07;0.99;8.08;0;0;0;0;0;0;0;0;0;0;0;;;;;
2026-05-07;O_SISEE0726P49.00;SISE_07/2026_AVRUPA_OPSIYON;D_EQ;SSO;D_EQ_EPP;DE_SISE_EPP;SISE.E;2026-07-31;1.32;1.22;8.2;0;0;0;0;0;0;0;0;0;0;0;;;;;
2026-05-07;O_SISEE0726P50.00;SISE_07/2026_AVRUPA_OPSIYON;D_EQ;SSO;D_EQ_EPP;DE_SISE_EPP;SISE.E;2026-07-31;1.6;1.48;8.11;0;0;0;0;0;0;0;0;0;0;0;;;;;
2026-05-07;O_SISEE0726P52.00;SISE_07/2026_AVRUPA_OPSIYON;D_EQ;SSO;D_EQ_EPP;DE_SISE_EPP;SISE.E;2026-07-31;2.28;2.12;7.55;0;0;0;0;0;0;0;0;0;0;0;;;;;
2026-05-07;O_SISEE0726P54.00;SISE_07/2026_AVRUPA_OPSIYON;D_EQ;SSO;D_EQ_EPP;DE_SISE_EPP;SISE.E;2026-07-31;3.12;2.91;7.22;0;0;0;0;0;0;0;0;0;0;0;;;;;
2026-05-07;O_SISEE0726P56.00;SISE_07/2026_AVRUPA_OPSIYON;D_EQ;SSO;D_EQ_EPP;DE_SISE_EPP;SISE.E;2026-07-31;4.1;;0;0;0;0;0;0;0;0;0;0;0;0;;;;;
2026-05-07;O_TAVHLE0526C270.00;TAVHL_05/2026_AVRUPA_OPSIYON;D_EQ;SSO;D_EQ_ECP;DE_TAVHL_ECP;TAVHL.E;2026-05-25;26.77;27.21;-1.62;0;0;0;0;0;0;0;0;0;1;0;;;;;
2026-05-07;O_TAVHLE0526C280.00;TAVHL_05/2026_AVRUPA_OPSIYON;D_EQ;SSO;D_EQ_ECP;DE_TAVHL_ECP;TAVHL.E;2026-05-25;19.05;19.47;-2.16;0;0;0;0;0;0;0;0;0;23;0;;;;;
2026-05-07;O_TAVHLE0526C290.00;TAVHL_05/2026_AVRUPA_OPSIYON;D_EQ;SSO;D_EQ_ECP;DE_TAVHL_ECP;TAVHL.E;2026-05-25;12.69;13.14;-3.42;0;0;0;0;0;0;0;0;0;28;0;;;;;
2026-05-07;O_TAVHLE0526C300.00;TAVHL_05/2026_AVRUPA_OPSIYON;D_EQ;SSO;D_EQ_ECP;DE_TAVHL_ECP;TAVHL.E;2026-05-25;7.87;8.34;-5.64;0;0;0;0;0;0;0;0;0;223;0;;;;;
2026-05-07;O_TAVHLE0526C310.00;TAVHL_05/2026_AVRUPA_OPSIYON;D_EQ;SSO;D_EQ_ECP;DE_TAVHL_ECP;TAVHL.E;2026-05-25;4.53;5;-9.4;0;0;0;0;0;0;0;0;0;120;0;;;;;
2026-05-07;O_TAVHLE0526C320.00;TAVHL_05/2026_AVRUPA_OPSIYON;D_EQ;SSO;D_EQ_ECP;DE_TAVHL_ECP;TAVHL.E;2026-05-25;2.42;2.96;-18.24;0;0;0;0;0;0;0;0;0;40;0;;;;;
2026-05-07;O_TAVHLE0526C330.00;TAVHL_05/2026_AVRUPA_OPSIYON;D_EQ;SSO;D_EQ_ECP;DE_TAVHL_ECP;TAVHL.E;2026-05-25;1.2;1.71;-29.82;0;0;0;0;0;0;0;0;0;30;0;;;;;
2026-05-07;O_TAVHLE0526C340.00;TAVHL_05/2026_AVRUPA_OPSIYON;D_EQ;SSO;D_EQ_ECP;DE_TAVHL_ECP;TAVHL.E;2026-05-25;0.55;0.97;-43.3;0;0;0;0;0;0;0;0;0;10;0;;;;;
2026-05-07;O_TAVHLE0526C350.00;TAVHL_05/2026_AVRUPA_OPSIYON;D_EQ;SSO;D_EQ_ECP;DE_TAVHL_ECP;TAVHL.E;2026-05-25;0.24;0.55;-56.36;0;0;0;0;0;0;0;0;0;0;0;;;;;
2026-05-07;O_TAVHLE0526C360.00;TAVHL_05/2026_AVRUPA_OPSIYON;D_EQ;SSO;D_EQ_ECP;DE_TAVHL_ECP;TAVHL.E;2026-05-25;0.09;0.3;-70;0;0;0;0;0;0;0;0;0;0;0;;;;;
2026-05-07;O_TAVHLE0526C370.00;TAVHL_05/2026_AVRUPA_OPSIYON;D_EQ;SSO;D_EQ_ECP;DE_TAVHL_ECP;TAVHL.E;2026-05-25;0.04;0.17;-76.47;0;0;0;0;0;0;0;0;0;0;0;;;;;
2026-05-07;O_TAVHLE0526C380.00;TAVHL_05/2026_AVRUPA_OPSIYON;D_EQ;SSO;D_EQ_ECP;DE_TAVHL_ECP;TAVHL.E;2026-05-25;0.01;0.1;-90;0;0;0;0;0;0;0;0;0;0;0;;;;;
2026-05-07;O_TAVHLE0526C390.00;TAVHL_05/2026_AVRUPA_OPSIYON;D_EQ;SSO;D_EQ_ECP;DE_TAVHL_ECP;TAVHL.E;2026-05-25;0.01;0.05;-80;0;0;0;0;0;0;0;0;0;0;0;;;;;
2026-05-07;O_TAVHLE0526C400.00;TAVHL_05/2026_AVRUPA_OPSIYON;D_EQ;SSO;D_EQ_ECP;DE_TAVHL_ECP;TAVHL.E;2026-05-25;0.01;0.03;-66.67;0;0;0;0;0;0;0;0;0;0;0;;;;;
2026-05-07;O_TAVHLE0526C410.00;TAVHL_05/2026_AVRUPA_OPSIYON;D_EQ;SSO;D_EQ_ECP;DE_TAVHL_ECP;TAVHL.E;2026-05-25;0.01;0.02;-50;0;0;0;0;0;0;0;0;0;0;0;;;;;
2026-05-07;O_TAVHLE0526C420.00;TAVHL_05/2026_AVRUPA_OPSIYON;D_EQ;SSO;D_EQ_ECP;DE_TAVHL_ECP;TAVHL.E;2026-05-25;0.01;0.01;0;0;0;0;0;0;0;0;0;0;0;0;;;;;
2026-05-07;O_TAVHLE0526P235.00;TAVHL_05/2026_AVRUPA_OPSIYON;D_EQ;SSO;D_EQ_EPP;DE_TAVHL_EPP;TAVHL.E;2026-05-25;0.02;0.09;-77.78;0;0;0;0;0;0;0;0;0;0;0;;;;;
2026-05-07;O_TAVHLE0526P240.00;TAVHL_05/2026_AVRUPA_OPSIYON;D_EQ;SSO;D_EQ_EPP;DE_TAVHL_EPP;TAVHL.E;2026-05-25;0.05;0.16;-68.75;0;0;0;0;0;0;0;0;0;0;0;;;;;
2026-05-07;O_TAVHLE0526P245.00;TAVHL_05/2026_AVRUPA_OPSIYON;D_EQ;SSO;D_EQ_EPP;DE_TAVHL_EPP;TAVHL.E;2026-05-25;0.11;0.26;-57.69;0;0;0;0;0;0;0;0;0;0;0;;;;;
2026-05-07;O_TAVHLE0526P250.00;TAVHL_05/2026_AVRUPA_OPSIYON;D_EQ;SSO;D_EQ_EPP;DE_TAVHL_EPP;TAVHL.E;2026-05-25;0.21;0.42;-50;0;0;0;0;0;0;0;0;0;0;0;;;;;
2026-05-07;O_TAVHLE0526P260.00;TAVHL_05/2026_AVRUPA_OPSIYON;D_EQ;SSO;D_EQ_EPP;DE_TAVHL_EPP;TAVHL.E;2026-05-25;0.68;1.01;-32.67;0;0;0;0;0;0;0;0;0;0;0;;;;;
2026-05-07;O_TAVHLE0526P270.00;TAVHL_05/2026_AVRUPA_OPSIYON;D_EQ;SSO;D_EQ_EPP;DE_TAVHL_EPP;TAVHL.E;2026-05-25;1.76;2.17;-18.89;0;0;0;0;0;0;0;0;0;110;0;;;;;
2026-05-07;O_TAVHLE0526P280.00;TAVHL_05/2026_AVRUPA_OPSIYON;D_EQ;SSO;D_EQ_EPP;DE_TAVHL_EPP;TAVHL.E;2026-05-25;3.85;4.23;-8.98;0;0;0;0;0;0;0;0;0;50;0;;;;;
2026-05-07;O_TAVHLE0526P290.00;TAVHL_05/2026_AVRUPA_OPSIYON;D_EQ;SSO;D_EQ_EPP;DE_TAVHL_EPP;TAVHL.E;2026-05-25;7.3;7.71;-5.32;0;0;0;0;0;0;0;0;0;110;0;;;;;
2026-05-07;O_TAVHLE0526P300.00;TAVHL_05/2026_AVRUPA_OPSIYON;D_EQ;SSO;D_EQ_EPP;DE_TAVHL_EPP;TAVHL.E;2026-05-25;12.3;12.71;-3.23;0;0;0;0;0;0;0;0;0;0;0;;;;;
2026-05-07;O_TAVHLE0526P310.00;TAVHL_05/2026_AVRUPA_OPSIYON;D_EQ;SSO;D_EQ_EPP;DE_TAVHL_EPP;TAVHL.E;2026-05-25;18.77;19.18;-2.14;0;0;0;0;0;0;0;0;0;0;0;;;;;
2026-05-07;O_TAVHLE0526P320.00;TAVHL_05/2026_AVRUPA_OPSIYON;D_EQ;SSO;D_EQ_EPP;DE_TAVHL_EPP;TAVHL.E;2026-05-25;26.48;26.95;-1.74;0;0;0;0;0;0;0;0;0;0;0;;;;;
2026-05-07;O_TAVHLE0526P330.00;TAVHL_05/2026_AVRUPA_OPSIYON;D_EQ;SSO;D_EQ_EPP;DE_TAVHL_EPP;TAVHL.E;2026-05-25;35.07;35.5;-1.21;0;0;0;0;0;0;0;0;0;4;0;;;;;
2026-05-07;O_TAVHLE0526P340.00;TAVHL_05/2026_AVRUPA_OPSIYON;D_EQ;SSO;D_EQ_EPP;DE_TAVHL_EPP;TAVHL.E;2026-05-25;44.24;44.56;-0.72;0;0;0;0;0;0;0;0;0;0;0;;;;;
2026-05-07;O_TAVHLE0526P350.00;TAVHL_05/2026_AVRUPA_OPSIYON;D_EQ;SSO;D_EQ_EPP;DE_TAVHL_EPP;TAVHL.E;2026-05-25;53.74;53.94;-0.37;0;0;0;0;0;0;0;0;0;0;0;;;;;
2026-05-07;O_TAVHLE0526P360.00;TAVHL_05/2026_AVRUPA_OPSIYON;D_EQ;SSO;D_EQ_EPP;DE_TAVHL_EPP;TAVHL.E;2026-05-25;63.41;63.5;-0.14;0;0;0;0;0;0;0;0;0;10;0;;;;;
2026-05-07;O_TAVHLE0526P370.00;TAVHL_05/2026_AVRUPA_OPSIYON;D_EQ;SSO;D_EQ_EPP;DE_TAVHL_EPP;TAVHL.E;2026-05-25;73.17;73.17;0;0;0;0;0;0;0;0;0;0;30;0;;;;;
2026-05-07;O_TAVHLE0626C280.00;TAVHL_06/2026_AVRUPA_OPSIYON;D_EQ;SSO;D_EQ_ECP;DE_TAVHL_ECP;TAVHL.E;2026-06-30;31.98;32.68;-2.14;27.65;27.65;27.65;27.65;27.65;280000;27650;10;1;10;10;;;;;
2026-05-07;O_TAVHLE0626C290.00;TAVHL_06/2026_AVRUPA_OPSIYON;D_EQ;SSO;D_EQ_ECP;DE_TAVHL_ECP;TAVHL.E;2026-06-30;25.7;26.19;-1.87;21.25;21.25;21.25;21.25;21.25;290000;21250;10;1;10;10;;;;;
2026-05-07;O_TAVHLE0626C300.00;TAVHL_06/2026_AVRUPA_OPSIYON;D_EQ;SSO;D_EQ_ECP;DE_TAVHL_ECP;TAVHL.E;2026-06-30;20.26;20.71;-2.17;0;0;0;0;0;0;0;0;0;0;0;;;;;
2026-05-07;O_TAVHLE0626C310.00;TAVHL_06/2026_AVRUPA_OPSIYON;D_EQ;SSO;D_EQ_ECP;DE_TAVHL_ECP;TAVHL.E;2026-06-30;15.66;16.16;-3.09;0;0;0;0;0;0;0;0;0;0;0;;;;;
2026-05-07;O_TAVHLE0626C320.00;TAVHL_06/2026_AVRUPA_OPSIYON;D_EQ;SSO;D_EQ_ECP;DE_TAVHL_ECP;TAVHL.E;2026-06-30;11.88;12.52;-5.11;0;0;0;0;0;0;0;0;0;0;0;;;;;
2026-05-07;O_TAVHLE0626C330.00;TAVHL_06/2026_AVRUPA_OPSIYON;D_EQ;SSO;D_EQ_ECP;DE_TAVHL_ECP;TAVHL.E;2026-06-30;8.84;9.83;-10.07;6.15;6.15;6.15;6.15;6.15;330000;6150;10;1;10;10;;;;;
2026-05-07;O_TAVHLE0626C340.00;TAVHL_06/2026_AVRUPA_OPSIYON;D_EQ;SSO;D_EQ_ECP;DE_TAVHL_ECP;TAVHL.E;2026-06-30;6.46;7.71;-16.21;0;0;0;0;0;0;0;0;0;0;0;;;;;
2026-05-07;O_TAVHLE0626C350.00;TAVHL_06/2026_AVRUPA_OPSIYON;D_EQ;SSO;D_EQ_ECP;DE_TAVHL_ECP;TAVHL.E;2026-06-30;4.64;6.06;-23.43;0;0;0;0;0;0;0;0;0;0;0;;;;;
2026-05-07;O_TAVHLE0626C360.00;TAVHL_06/2026_AVRUPA_OPSIYON;D_EQ;SSO;D_EQ_ECP;DE_TAVHL_ECP;TAVHL.E;2026-06-30;3.27;4.78;-31.59;0;0;0;0;0;0;0;0;0;0;0;;;;;
2026-05-07;O_TAVHLE0626C370.00;TAVHL_06/2026_AVRUPA_OPSIYON;D_EQ;SSO;D_EQ_ECP;DE_TAVHL_ECP;TAVHL.E;2026-06-30;2.27;3.79;-40.11;0;0;0;0;0;0;0;0;0;0;0;;;;;
2026-05-07;O_TAVHLE0626C380.00;TAVHL_06/2026_AVRUPA_OPSIYON;D_EQ;SSO;D_EQ_ECP;DE_TAVHL_ECP;TAVHL.E;2026-06-30;1.56;3.01;-48.17;0;0;0;0;0;0;0;0;0;0;0;;;;;
2026-05-07;O_TAVHLE0626C390.00;TAVHL_06/2026_AVRUPA_OPSIYON;D_EQ;SSO;D_EQ_ECP;DE_TAVHL_ECP;TAVHL.E;2026-06-30;1.05;2.42;-56.61;0;0;0;0;0;0;0;0;0;0;0;;;;;
2026-05-07;O_TAVHLE0626C400.00;TAVHL_06/2026_AVRUPA_OPSIYON;D_EQ;SSO;D_EQ_ECP;DE_TAVHL_ECP;TAVHL.E;2026-06-30;0.7;1.95;-64.1;0;0;0;0;0;0;0;0;0;0;0;;;;;
2026-05-07;O_TAVHLE0626C410.00;TAVHL_06/2026_AVRUPA_OPSIYON;D_EQ;SSO;D_EQ_ECP;DE_TAVHL_ECP;TAVHL.E;2026-06-30;0.46;1.59;-71.07;0;0;0;0;0;0;0;0;0;0;0;;;;;
2026-05-07;O_TAVHLE0626C420.00;TAVHL_06/2026_AVRUPA_OPSIYON;D_EQ;SSO;D_EQ_ECP;DE_TAVHL_ECP;TAVHL.E;2026-06-30;0.3;1.3;-76.92;0;0;0;0;0;0;0;0;0;0;0;;;;;
2026-05-07;O_TAVHLE0626C430.00;TAVHL_06/2026_AVRUPA_OPSIYON;D_EQ;SSO;D_EQ_ECP;DE_TAVHL_ECP;TAVHL.E;2026-06-30;0.19;1.08;-82.41;0;0;0;0;0;0;0;0;0;0;0;;;;;
2026-05-07;O_TAVHLE0626C440.00;TAVHL_06/2026_AVRUPA_OPSIYON;D_EQ;SSO;D_EQ_ECP;DE_TAVHL_ECP;TAVHL.E;2026-06-30;0.12;0.9;-86.67;0;0;0;0;0;0;0;0;0;0;0;;;;;
2026-05-07;O_TAVHLE0626P240.00;TAVHL_06/2026_AVRUPA_OPSIYON;D_EQ;SSO;D_EQ_EPP;DE_TAVHL_EPP;TAVHL.E;2026-06-30;0.75;1.43;-47.55;0;0;0;0;0;0;0;0;0;0;0;;;;;
2026-05-07;O_TAVHLE0626P245.00;TAVHL_06/2026_AVRUPA_OPSIYON;D_EQ;SSO;D_EQ_EPP;DE_TAVHL_EPP;TAVHL.E;2026-06-30;1.06;1.81;-41.44;0;0;0;0;0;0;0;0;0;0;0;;;;;
2026-05-07;O_TAVHLE0626P250.00;TAVHL_06/2026_AVRUPA_OPSIYON;D_EQ;SSO;D_EQ_EPP;DE_TAVHL_EPP;TAVHL.E;2026-06-30;1.45;2.27;-36.12;0;0;0;0;0;0;0;0;0;0;0;;;;;
2026-05-07;O_TAVHLE0626P260.00;TAVHL_06/2026_AVRUPA_OPSIYON;D_EQ;SSO;D_EQ_EPP;DE_TAVHL_EPP;TAVHL.E;2026-06-30;2.59;3.47;-25.36;0;0;0;0;0;0;0;0;0;0;0;;;;;
2026-05-07;O_TAVHLE0626P270.00;TAVHL_06/2026_AVRUPA_OPSIYON;D_EQ;SSO;D_EQ_EPP;DE_TAVHL_EPP;TAVHL.E;2026-06-30;4.29;5.13;-16.37;0;0;0;0;0;0;0;0;0;0;0;;;;;
2026-05-07;O_TAVHLE0626P280.00;TAVHL_06/2026_AVRUPA_OPSIYON;D_EQ;SSO;D_EQ_EPP;DE_TAVHL_EPP;TAVHL.E;2026-06-30;6.68;7.35;-9.12;0;0;0;0;0;0;0;0;0;0;0;;;;;
2026-05-07;O_TAVHLE0626P290.00;TAVHL_06/2026_AVRUPA_OPSIYON;D_EQ;SSO;D_EQ_EPP;DE_TAVHL_EPP;TAVHL.E;2026-06-30;9.85;10.3;-4.37;0;0;0;0;0;0;0;0;0;0;0;;;;;
2026-05-07;O_TAVHLE0626P300.00;TAVHL_06/2026_AVRUPA_OPSIYON;D_EQ;SSO;D_EQ_EPP;DE_TAVHL_EPP;TAVHL.E;2026-06-30;13.86;14.26;-2.81;0;0;0;0;0;0;0;0;0;0;0;;;;;
2026-05-07;O_TAVHLE0626P310.00;TAVHL_06/2026_AVRUPA_OPSIYON;D_EQ;SSO;D_EQ_EPP;DE_TAVHL_EPP;TAVHL.E;2026-06-30;18.71;19.16;-2.35;0;0;0;0;0;0;0;0;0;0;0;;;;;
2026-05-07;O_TAVHLE0626P320.00;TAVHL_06/2026_AVRUPA_OPSIYON;D_EQ;SSO;D_EQ_EPP;DE_TAVHL_EPP;TAVHL.E;2026-06-30;24.38;24.96;-2.32;0;0;0;0;0;0;0;0;0;0;0;;;;;
2026-05-07;O_TAVHLE0626P330.00;TAVHL_06/2026_AVRUPA_OPSIYON;D_EQ;SSO;D_EQ_EPP;DE_TAVHL_EPP;TAVHL.E;2026-06-30;30.8;31.71;-2.87;0;0;0;0;0;0;0;0;0;0;0;;;;;
2026-05-07;O_TAVHLE0626P340.00;TAVHL_06/2026_AVRUPA_OPSIYON;D_EQ;SSO;D_EQ_EPP;DE_TAVHL_EPP;TAVHL.E;2026-06-30;37.87;39.04;-3;0;0;0;0;0;0;0;0;0;0;0;;;;;
2026-05-07;O_TAVHLE0626P350.00;TAVHL_06/2026_AVRUPA_OPSIYON;D_EQ;SSO;D_EQ_EPP;DE_TAVHL_EPP;TAVHL.E;2026-06-30;45.5;46.83;-2.84;0;0;0;0;0;0;0;0;0;0;0;;;;;
2026-05-07;O_TAVHLE0626P360.00;TAVHL_06/2026_AVRUPA_OPSIYON;D_EQ;SSO;D_EQ_EPP;DE_TAVHL_EPP;TAVHL.E;2026-06-30;53.59;55;-2.56;0;0;0;0;0;0;0;0;0;0;0;;;;;
2026-05-07;O_TAVHLE0626P370.00;TAVHL_06/2026_AVRUPA_OPSIYON;D_EQ;SSO;D_EQ_EPP;DE_TAVHL_EPP;TAVHL.E;2026-06-30;62.05;63.44;-2.19;0;0;0;0;0;0;0;0;0;0;0;;;;;
2026-05-07;O_TAVHLE0626P380.00;TAVHL_06/2026_AVRUPA_OPSIYON;D_EQ;SSO;D_EQ_EPP;DE_TAVHL_EPP;TAVHL.E;2026-06-30;70.78;72.12;-1.86;0;0;0;0;0;0;0;0;0;0;0;;;;;
2026-05-07;O_TAVHLE0626P390.00;TAVHL_06/2026_AVRUPA_OPSIYON;D_EQ;SSO;D_EQ_EPP;DE_TAVHL_EPP;TAVHL.E;2026-06-30;79.73;80.96;-1.52;0;0;0;0;0;0;0;0;0;0;0;;;;;
2026-05-07;O_TAVHLE0726C290.00;TAVHL_07/2026_AVRUPA_OPSIYON;D_EQ;SSO;D_EQ_ECP;DE_TAVHL_ECP;TAVHL.E;2026-07-31;38.32;39.05;-1.87;0;0;0;0;0;0;0;0;0;0;0;;;;;
2026-05-07;O_TAVHLE0726C300.00;TAVHL_07/2026_AVRUPA_OPSIYON;D_EQ;SSO;D_EQ_ECP;DE_TAVHL_ECP;TAVHL.E;2026-07-31;32.46;33;-1.64;0;0;0;0;0;0;0;0;0;0;0;;;;;
2026-05-07;O_TAVHLE0726C310.00;TAVHL_07/2026_AVRUPA_OPSIYON;D_EQ;SSO;D_EQ_ECP;DE_TAVHL_ECP;TAVHL.E;2026-07-31;27.2;27.68;-1.73;0;0;0;0;0;0;0;0;0;0;0;;;;;
2026-05-07;O_TAVHLE0726C320.00;TAVHL_07/2026_AVRUPA_OPSIYON;D_EQ;SSO;D_EQ_ECP;DE_TAVHL_ECP;TAVHL.E;2026-07-31;22.57;23.16;-2.55;0;0;0;0;0;0;0;0;0;0;0;;;;;
2026-05-07;O_TAVHLE0726C330.00;TAVHL_07/2026_AVRUPA_OPSIYON;D_EQ;SSO;D_EQ_ECP;DE_TAVHL_ECP;TAVHL.E;2026-07-31;18.54;19.41;-4.48;0;0;0;0;0;0;0;0;0;0;0;;;;;
2026-05-07;O_TAVHLE0726C340.00;TAVHL_07/2026_AVRUPA_OPSIYON;D_EQ;SSO;D_EQ_ECP;DE_TAVHL_ECP;TAVHL.E;2026-07-31;15.08;16.44;-8.27;0;0;0;0;0;0;0;0;0;0;0;;;;;
2026-05-07;O_TAVHLE0726C350.00;TAVHL_07/2026_AVRUPA_OPSIYON;D_EQ;SSO;D_EQ_ECP;DE_TAVHL_ECP;TAVHL.E;2026-07-31;12.15;13.95;-12.9;0;0;0;0;0;0;0;0;0;0;0;;;;;
2026-05-07;O_TAVHLE0726C360.00;TAVHL_07/2026_AVRUPA_OPSIYON;D_EQ;SSO;D_EQ_ECP;DE_TAVHL_ECP;TAVHL.E;2026-07-31;9.71;11.87;-18.2;0;0;0;0;0;0;0;0;0;0;0;;;;;
2026-05-07;O_TAVHLE0726C370.00;TAVHL_07/2026_AVRUPA_OPSIYON;D_EQ;SSO;D_EQ_ECP;DE_TAVHL_ECP;TAVHL.E;2026-07-31;7.69;;0;0;0;0;0;0;0;0;0;0;0;0;;;;;
2026-05-07;O_TAVHLE0726P245.00;TAVHL_07/2026_AVRUPA_OPSIYON;D_EQ;SSO;D_EQ_EPP;DE_TAVHL_EPP;TAVHL.E;2026-07-31;1.4;2.44;-42.62;0;0;0;0;0;0;0;0;0;0;0;;;;;
2026-05-07;O_TAVHLE0726P250.00;TAVHL_07/2026_AVRUPA_OPSIYON;D_EQ;SSO;D_EQ_EPP;DE_TAVHL_EPP;TAVHL.E;2026-07-31;1.8;2.9;-37.93;0;0;0;0;0;0;0;0;0;0;0;;;;;
2026-05-07;O_TAVHLE0726P260.00;TAVHL_07/2026_AVRUPA_OPSIYON;D_EQ;SSO;D_EQ_EPP;DE_TAVHL_EPP;TAVHL.E;2026-07-31;2.87;4.02;-28.61;0;0;0;0;0;0;0;0;0;0;0;;;;;
2026-05-07;O_TAVHLE0726P270.00;TAVHL_07/2026_AVRUPA_OPSIYON;D_EQ;SSO;D_EQ_EPP;DE_TAVHL_EPP;TAVHL.E;2026-07-31;4.36;5.46;-20.15;0;0;0;0;0;0;0;0;0;0;0;;;;;
2026-05-07;O_TAVHLE0726P280.00;TAVHL_07/2026_AVRUPA_OPSIYON;D_EQ;SSO;D_EQ_EPP;DE_TAVHL_EPP;TAVHL.E;2026-07-31;6.34;7.27;-12.79;0;0;0;0;0;0;0;0;0;0;0;;;;;
2026-05-07;O_TAVHLE0726P290.00;TAVHL_07/2026_AVRUPA_OPSIYON;D_EQ;SSO;D_EQ_EPP;DE_TAVHL_EPP;TAVHL.E;2026-07-31;8.86;9.52;-6.93;0;0;0;0;0;0;0;0;0;0;0;;;;;
2026-05-07;O_TAVHLE0726P300.00;TAVHL_07/2026_AVRUPA_OPSIYON;D_EQ;SSO;D_EQ_EPP;DE_TAVHL_EPP;TAVHL.E;2026-07-31;11.98;12.43;-3.62;0;0;0;0;0;0;0;0;0;0;0;;;;;
2026-05-07;O_TAVHLE0726P310.00;TAVHL_07/2026_AVRUPA_OPSIYON;D_EQ;SSO;D_EQ_EPP;DE_TAVHL_EPP;TAVHL.E;2026-07-31;15.71;16.09;-2.36;0;0;0;0;0;0;0;0;0;0;0;;;;;
2026-05-07;O_TAVHLE0726P320.00;TAVHL_07/2026_AVRUPA_OPSIYON;D_EQ;SSO;D_EQ_EPP;DE_TAVHL_EPP;TAVHL.E;2026-07-31;20.06;;0;0;0;0;0;0;0;0;0;0;0;0;;;;;
2026-05-07;O_TCELLE0526C105.00;TCELL_05/2026_AVRUPA_OPSIYON;D_EQ;SSO;D_EQ_ECP;DE_TCELL_ECP;TCELL.E;2026-05-25;15.75;15.07;4.51;0;0;0;0;0;0;0;0;0;0;0;;;;;
2026-05-07;O_TCELLE0526C110.00;TCELL_05/2026_AVRUPA_OPSIYON;D_EQ;SSO;D_EQ_ECP;DE_TCELL_ECP;TCELL.E;2026-05-25;11.3;10.73;5.31;0;0;0;0;0;0;0;0;0;37;0;;;;;
2026-05-07;O_TCELLE0526C115.00;TCELL_05/2026_AVRUPA_OPSIYON;D_EQ;SSO;D_EQ_ECP;DE_TCELL_ECP;TCELL.E;2026-05-25;7.42;7;6;0;0;0;0;0;0;0;0;0;10;0;;;;;
2026-05-07;O_TCELLE0526C120.00;TCELL_05/2026_AVRUPA_OPSIYON;D_EQ;SSO;D_EQ_ECP;DE_TCELL_ECP;TCELL.E;2026-05-25;4.4;4.15;6.02;0;0;0;0;0;0;0;0;0;11;0;;;;;
2026-05-07;O_TCELLE0526C125.00;TCELL_05/2026_AVRUPA_OPSIYON;D_EQ;SSO;D_EQ_ECP;DE_TCELL_ECP;TCELL.E;2026-05-25;2.35;2.23;5.38;2.15;2.15;2.15;2.15;2.15;12500;215;1;1;103;1;;;;;
2026-05-07;O_TCELLE0526C130.00;TCELL_05/2026_AVRUPA_OPSIYON;D_EQ;SSO;D_EQ_ECP;DE_TCELL_ECP;TCELL.E;2026-05-25;1.13;1.13;0;0;0;0;0;0;0;0;0;0;1154;0;;;;;
2026-05-07;O_TCELLE0526C135.00;TCELL_05/2026_AVRUPA_OPSIYON;D_EQ;SSO;D_EQ_ECP;DE_TCELL_ECP;TCELL.E;2026-05-25;0.5;0.54;-7.41;0;0;0;0;0;0;0;0;0;339;0;;;;;
2026-05-07;O_TCELLE0526C140.00;TCELL_05/2026_AVRUPA_OPSIYON;D_EQ;SSO;D_EQ_ECP;DE_TCELL_ECP;TCELL.E;2026-05-25;0.2;0.25;-20;0;0;0;0;0;0;0;0;0;326;0;;;;;
2026-05-07;O_TCELLE0526C145.00;TCELL_05/2026_AVRUPA_OPSIYON;D_EQ;SSO;D_EQ_ECP;DE_TCELL_ECP;TCELL.E;2026-05-25;0.08;0.11;-27.27;0;0;0;0;0;0;0;0;0;226;0;;;;;
2026-05-07;O_TCELLE0526C150.00;TCELL_05/2026_AVRUPA_OPSIYON;D_EQ;SSO;D_EQ_ECP;DE_TCELL_ECP;TCELL.E;2026-05-25;0.03;0.05;-40;0;0;0;0;0;0;0;0;0;0;0;;;;;
2026-05-07;O_TCELLE0526C155.00;TCELL_05/2026_AVRUPA_OPSIYON;D_EQ;SSO;D_EQ_ECP;DE_TCELL_ECP;TCELL.E;2026-05-25;0.01;0.02;-50;0;0;0;0;0;0;0;0;0;0;0;;;;;
2026-05-07;O_TCELLE0526P100.00;TCELL_05/2026_AVRUPA_OPSIYON;D_EQ;SSO;D_EQ_EPP;DE_TCELL_EPP;TCELL.E;2026-05-25;0.05;0.09;-44.44;0;0;0;0;0;0;0;0;0;0;0;;;;;
2026-05-07;O_TCELLE0526P105.00;TCELL_05/2026_AVRUPA_OPSIYON;D_EQ;SSO;D_EQ_EPP;DE_TCELL_EPP;TCELL.E;2026-05-25;0.2;0.32;-37.5;0;0;0;0;0;0;0;0;0;2;0;;;;;
2026-05-07;O_TCELLE0526P110.00;TCELL_05/2026_AVRUPA_OPSIYON;D_EQ;SSO;D_EQ_EPP;DE_TCELL_EPP;TCELL.E;2026-05-25;0.66;0.88;-25;0;0;0;0;0;0;0;0;0;15;0;;;;;
2026-05-07;O_TCELLE0526P115.00;TCELL_05/2026_AVRUPA_OPSIYON;D_EQ;SSO;D_EQ_EPP;DE_TCELL_EPP;TCELL.E;2026-05-25;1.69;2.04;-17.16;1.14;1.12;1.15;1.15;1.14;1426000;14086;124;7;149;124;;;;;
2026-05-07;O_TCELLE0526P120.00;TCELL_05/2026_AVRUPA_OPSIYON;D_EQ;SSO;D_EQ_EPP;DE_TCELL_EPP;TCELL.E;2026-05-25;3.58;4.1;-12.68;0;0;0;0;0;0;0;0;0;5725;0;;;;;
2026-05-07;O_TCELLE0526P125.00;TCELL_05/2026_AVRUPA_OPSIYON;D_EQ;SSO;D_EQ_EPP;DE_TCELL_EPP;TCELL.E;2026-05-25;6.43;7.08;-9.18;0;0;0;0;0;0;0;0;0;60;0;;;;;
2026-05-07;O_TCELLE0526P130.00;TCELL_05/2026_AVRUPA_OPSIYON;D_EQ;SSO;D_EQ_EPP;DE_TCELL_EPP;TCELL.E;2026-05-25;10.12;10.89;-7.07;0;0;0;0;0;0;0;0;0;0;0;;;;;
2026-05-07;O_TCELLE0526P92.00;TCELL_05/2026_AVRUPA_OPSIYON;D_EQ;SSO;D_EQ_EPP;DE_TCELL_EPP;TCELL.E;2026-05-25;0.01;0.01;0;0;0;0;0;0;0;0;0;0;6;0;;;;;
2026-05-07;O_TCELLE0526P94.00;TCELL_05/2026_AVRUPA_OPSIYON;D_EQ;SSO;D_EQ_EPP;DE_TCELL_EPP;TCELL.E;2026-05-25;0.01;0.02;-50;0;0;0;0;0;0;0;0;0;0;0;;;;;
2026-05-07;O_TCELLE0526P96.00;TCELL_05/2026_AVRUPA_OPSIYON;D_EQ;SSO;D_EQ_EPP;DE_TCELL_EPP;TCELL.E;2026-05-25;0.01;0.03;-66.67;0;0;0;0;0;0;0;0;0;0;0;;;;;
2026-05-07;O_TCELLE0526P98.00;TCELL_05/2026_AVRUPA_OPSIYON;D_EQ;SSO;D_EQ_EPP;DE_TCELL_EPP;TCELL.E;2026-05-25;0.03;0.05;-40;0;0;0;0;0;0;0;0;0;0;0;;;;;
2026-05-07;O_TCELLE0626C110.00;TCELL_06/2026_AVRUPA_OPSIYON;D_EQ;SSO;D_EQ_ECP;DE_TCELL_ECP;TCELL.E;2026-06-30;16.31;15.83;3.03;0;0;0;0;0;0;0;0;0;0;0;;;;;
2026-05-07;O_TCELLE0626C115.00;TCELL_06/2026_AVRUPA_OPSIYON;D_EQ;SSO;D_EQ_ECP;DE_TCELL_ECP;TCELL.E;2026-06-30;12.74;12.31;3.49;0;0;0;0;0;0;0;0;0;0;0;;;;;
2026-05-07;O_TCELLE0626C120.00;TCELL_06/2026_AVRUPA_OPSIYON;D_EQ;SSO;D_EQ_ECP;DE_TCELL_ECP;TCELL.E;2026-06-30;9.66;9.3;3.87;8.54;8.4;8.84;8.4;8.52;720000;51120;60;6;60;60;;;;;
2026-05-07;O_TCELLE0626C125.00;TCELL_06/2026_AVRUPA_OPSIYON;D_EQ;SSO;D_EQ_ECP;DE_TCELL_ECP;TCELL.E;2026-06-30;7.12;6.86;3.79;0;0;0;0;0;0;0;0;0;0;0;;;;;
2026-05-07;O_TCELLE0626C130.00;TCELL_06/2026_AVRUPA_OPSIYON;D_EQ;SSO;D_EQ_ECP;DE_TCELL_ECP;TCELL.E;2026-06-30;5.11;4.96;3.02;0;0;0;0;0;0;0;0;0;0;0;;;;;
2026-05-07;O_TCELLE0626C135.00;TCELL_06/2026_AVRUPA_OPSIYON;D_EQ;SSO;D_EQ_ECP;DE_TCELL_ECP;TCELL.E;2026-06-30;3.61;3.6;0.28;0;0;0;0;0;0;0;0;0;0;0;;;;;
2026-05-07;O_TCELLE0626C140.00;TCELL_06/2026_AVRUPA_OPSIYON;D_EQ;SSO;D_EQ_ECP;DE_TCELL_ECP;TCELL.E;2026-06-30;2.51;2.59;-3.09;0;0;0;0;0;0;0;0;0;0;0;;;;;
2026-05-07;O_TCELLE0626C145.00;TCELL_06/2026_AVRUPA_OPSIYON;D_EQ;SSO;D_EQ_ECP;DE_TCELL_ECP;TCELL.E;2026-06-30;1.72;1.86;-7.53;0;0;0;0;0;0;0;0;0;412;0;;;;;
2026-05-07;O_TCELLE0626C150.00;TCELL_06/2026_AVRUPA_OPSIYON;D_EQ;SSO;D_EQ_ECP;DE_TCELL_ECP;TCELL.E;2026-06-30;1.16;1.33;-12.78;0.72;0.72;0.76;0.76;0.73;4635000;22660;309;3;309;309;;;;;
2026-05-07;O_TCELLE0626C155.00;TCELL_06/2026_AVRUPA_OPSIYON;D_EQ;SSO;D_EQ_ECP;DE_TCELL_ECP;TCELL.E;2026-06-30;0.77;0.96;-19.79;0;0;0;0;0;0;0;0;0;0;0;;;;;
2026-05-07;O_TCELLE0626C160.00;TCELL_06/2026_AVRUPA_OPSIYON;D_EQ;SSO;D_EQ_ECP;DE_TCELL_ECP;TCELL.E;2026-06-30;0.51;0.69;-26.09;0;0;0;0;0;0;0;0;0;0;0;;;;;
2026-05-07;O_TCELLE0626P100.00;TCELL_06/2026_AVRUPA_OPSIYON;D_EQ;SSO;D_EQ_EPP;DE_TCELL_EPP;TCELL.E;2026-06-30;0.47;0.65;-27.69;0;0;0;0;0;0;0;0;0;0;0;;;;;
2026-05-07;O_TCELLE0626P105.00;TCELL_06/2026_AVRUPA_OPSIYON;D_EQ;SSO;D_EQ_EPP;DE_TCELL_EPP;TCELL.E;2026-06-30;0.93;1.18;-21.19;0;0;0;0;0;0;0;0;0;0;0;;;;;
2026-05-07;O_TCELLE0626P110.00;TCELL_06/2026_AVRUPA_OPSIYON;D_EQ;SSO;D_EQ_EPP;DE_TCELL_EPP;TCELL.E;2026-06-30;1.7;2.01;-15.42;0;0;0;0;0;0;0;0;0;0;0;;;;;
2026-05-07;O_TCELLE0626P115.00;TCELL_06/2026_AVRUPA_OPSIYON;D_EQ;SSO;D_EQ_EPP;DE_TCELL_EPP;TCELL.E;2026-06-30;2.85;3.21;-11.21;0;0;0;0;0;0;0;0;0;304;0;;;;;
2026-05-07;O_TCELLE0626P120.00;TCELL_06/2026_AVRUPA_OPSIYON;D_EQ;SSO;D_EQ_EPP;DE_TCELL_EPP;TCELL.E;2026-06-30;4.5;4.92;-8.54;0;0;0;0;0;0;0;0;0;2000;0;;;;;
2026-05-07;O_TCELLE0626P125.00;TCELL_06/2026_AVRUPA_OPSIYON;D_EQ;SSO;D_EQ_EPP;DE_TCELL_EPP;TCELL.E;2026-06-30;6.68;7.2;-7.22;0;0;0;0;0;0;0;0;0;0;0;;;;;
2026-05-07;O_TCELLE0626P130.00;TCELL_06/2026_AVRUPA_OPSIYON;D_EQ;SSO;D_EQ_EPP;DE_TCELL_EPP;TCELL.E;2026-06-30;9.4;10.03;-6.28;0;0;0;0;0;0;0;0;0;0;0;;;;;
2026-05-07;O_TCELLE0626P135.00;TCELL_06/2026_AVRUPA_OPSIYON;D_EQ;SSO;D_EQ_EPP;DE_TCELL_EPP;TCELL.E;2026-06-30;12.63;13.39;-5.68;0;0;0;0;0;0;0;0;0;0;0;;;;;
2026-05-07;O_TCELLE0626P94.00;TCELL_06/2026_AVRUPA_OPSIYON;D_EQ;SSO;D_EQ_EPP;DE_TCELL_EPP;TCELL.E;2026-06-30;0.18;0.29;-37.93;0;0;0;0;0;0;0;0;0;0;0;;;;;
2026-05-07;O_TCELLE0626P96.00;TCELL_06/2026_AVRUPA_OPSIYON;D_EQ;SSO;D_EQ_EPP;DE_TCELL_EPP;TCELL.E;2026-06-30;0.25;0.38;-34.21;0;0;0;0;0;0;0;0;0;0;0;;;;;
2026-05-07;O_TCELLE0626P98.00;TCELL_06/2026_AVRUPA_OPSIYON;D_EQ;SSO;D_EQ_EPP;DE_TCELL_EPP;TCELL.E;2026-06-30;0.35;0.5;-30;0;0;0;0;0;0;0;0;0;0;0;;;;;
2026-05-07;O_TCELLE0726C115.00;TCELL_07/2026_AVRUPA_OPSIYON;D_EQ;SSO;D_EQ_ECP;DE_TCELL_ECP;TCELL.E;2026-07-31;18;17.57;2.45;0;0;0;0;0;0;0;0;0;0;0;;;;;
2026-05-07;O_TCELLE0726C120.00;TCELL_07/2026_AVRUPA_OPSIYON;D_EQ;SSO;D_EQ_ECP;DE_TCELL_ECP;TCELL.E;2026-07-31;14.78;14.36;2.92;0;0;0;0;0;0;0;0;0;0;0;;;;;
2026-05-07;O_TCELLE0726C125.00;TCELL_07/2026_AVRUPA_OPSIYON;D_EQ;SSO;D_EQ_ECP;DE_TCELL_ECP;TCELL.E;2026-07-31;11.95;11.61;2.93;0;0;0;0;0;0;0;0;0;0;0;;;;;
2026-05-07;O_TCELLE0726C130.00;TCELL_07/2026_AVRUPA_OPSIYON;D_EQ;SSO;D_EQ_ECP;DE_TCELL_ECP;TCELL.E;2026-07-31;9.54;9.28;2.8;0;0;0;0;0;0;0;0;0;0;0;;;;;
2026-05-07;O_TCELLE0726C135.00;TCELL_07/2026_AVRUPA_OPSIYON;D_EQ;SSO;D_EQ_ECP;DE_TCELL_ECP;TCELL.E;2026-07-31;7.53;7.41;1.62;0;0;0;0;0;0;0;0;0;0;0;;;;;
2026-05-07;O_TCELLE0726C140.00;TCELL_07/2026_AVRUPA_OPSIYON;D_EQ;SSO;D_EQ_ECP;DE_TCELL_ECP;TCELL.E;2026-07-31;5.91;5.93;-0.34;0;0;0;0;0;0;0;0;0;0;0;;;;;
2026-05-07;O_TCELLE0726C145.00;TCELL_07/2026_AVRUPA_OPSIYON;D_EQ;SSO;D_EQ_ECP;DE_TCELL_ECP;TCELL.E;2026-07-31;4.6;4.75;-3.16;0;0;0;0;0;0;0;0;0;0;0;;;;;
2026-05-07;O_TCELLE0726C150.00;TCELL_07/2026_AVRUPA_OPSIYON;D_EQ;SSO;D_EQ_ECP;DE_TCELL_ECP;TCELL.E;2026-07-31;3.56;3.8;-6.32;0;0;0;0;0;0;0;0;0;0;0;;;;;
2026-05-07;O_TCELLE0726C155.00;TCELL_07/2026_AVRUPA_OPSIYON;D_EQ;SSO;D_EQ_ECP;DE_TCELL_ECP;TCELL.E;2026-07-31;2.74;3.04;-9.87;0;0;0;0;0;0;0;0;0;0;0;;;;;
2026-05-07;O_TCELLE0726C160.00;TCELL_07/2026_AVRUPA_OPSIYON;D_EQ;SSO;D_EQ_ECP;DE_TCELL_ECP;TCELL.E;2026-07-31;2.1;;0;0;0;0;0;0;0;0;0;0;0;0;;;;;
2026-05-07;O_TCELLE0726P100.00;TCELL_07/2026_AVRUPA_OPSIYON;D_EQ;SSO;D_EQ_EPP;DE_TCELL_EPP;TCELL.E;2026-07-31;0.63;0.86;-26.74;0;0;0;0;0;0;0;0;0;0;0;;;;;
2026-05-07;O_TCELLE0726P105.00;TCELL_07/2026_AVRUPA_OPSIYON;D_EQ;SSO;D_EQ_EPP;DE_TCELL_EPP;TCELL.E;2026-07-31;1.09;1.37;-20.44;0;0;0;0;0;0;0;0;0;0;0;;;;;
2026-05-07;O_TCELLE0726P110.00;TCELL_07/2026_AVRUPA_OPSIYON;D_EQ;SSO;D_EQ_EPP;DE_TCELL_EPP;TCELL.E;2026-07-31;1.77;2.09;-15.31;0;0;0;0;0;0;0;0;0;0;0;;;;;
2026-05-07;O_TCELLE0726P115.00;TCELL_07/2026_AVRUPA_OPSIYON;D_EQ;SSO;D_EQ_EPP;DE_TCELL_EPP;TCELL.E;2026-07-31;2.72;3.06;-11.11;0;0;0;0;0;0;0;0;0;0;0;;;;;
2026-05-07;O_TCELLE0726P120.00;TCELL_07/2026_AVRUPA_OPSIYON;D_EQ;SSO;D_EQ_EPP;DE_TCELL_EPP;TCELL.E;2026-07-31;3.99;4.34;-8.06;0;0;0;0;0;0;0;0;0;0;0;;;;;
2026-05-07;O_TCELLE0726P125.00;TCELL_07/2026_AVRUPA_OPSIYON;D_EQ;SSO;D_EQ_EPP;DE_TCELL_EPP;TCELL.E;2026-07-31;5.66;6.07;-6.75;0;0;0;0;0;0;0;0;0;0;0;;;;;
2026-05-07;O_TCELLE0726P130.00;TCELL_07/2026_AVRUPA_OPSIYON;D_EQ;SSO;D_EQ_EPP;DE_TCELL_EPP;TCELL.E;2026-07-31;7.73;8.23;-6.08;0;0;0;0;0;0;0;0;0;0;0;;;;;
2026-05-07;O_TCELLE0726P135.00;TCELL_07/2026_AVRUPA_OPSIYON;D_EQ;SSO;D_EQ_EPP;DE_TCELL_EPP;TCELL.E;2026-07-31;10.21;;0;0;0;0;0;0;0;0;0;0;0;0;;;;;
2026-05-07;O_TCELLE0726P96.00;TCELL_07/2026_AVRUPA_OPSIYON;D_EQ;SSO;D_EQ_EPP;DE_TCELL_EPP;TCELL.E;2026-07-31;0.39;0.57;-31.58;0;0;0;0;0;0;0;0;0;0;0;;;;;
2026-05-07;O_TCELLE0726P98.00;TCELL_07/2026_AVRUPA_OPSIYON;D_EQ;SSO;D_EQ_EPP;DE_TCELL_EPP;TCELL.E;2026-07-31;0.5;0.71;-29.58;0;0;0;0;0;0;0;0;0;0;0;;;;;
2026-05-07;O_THYAOE0526C290.00;THYAO_05/2026_AVRUPA_OPSIYON;D_EQ;SSO;D_EQ_ECP;DE_THYAO_ECP;THYAO.E;2026-05-25;29.39;27.43;7.15;0;0;0;0;0;0;0;0;0;0;0;;;;;
2026-05-07;O_THYAOE0526C310.00;THYAO_05/2026_AVRUPA_OPSIYON;D_EQ;SSO;D_EQ_ECP;DE_THYAO_ECP;THYAO.E;2026-05-25;14.67;13.45;9.07;0;0;0;0;0;0;0;0;0;3;0;;;;;
2026-05-07;O_THYAOE0526C320.00;THYAO_05/2026_AVRUPA_OPSIYON;D_EQ;SSO;D_EQ_ECP;DE_THYAO_ECP;THYAO.E;2026-05-25;9.4;8.58;9.56;0;0;0;0;0;0;0;0;0;475;0;;;;;
2026-05-07;O_THYAOE0526C330.00;THYAO_05/2026_AVRUPA_OPSIYON;D_EQ;SSO;D_EQ_ECP;DE_THYAO_ECP;THYAO.E;2026-05-25;5.61;5.11;9.78;4.66;3.95;4.68;3.95;4.33;77154000;816271;2338;21;2387;808;;;;;
2026-05-07;O_THYAOE0526C340.00;THYAO_05/2026_AVRUPA_OPSIYON;D_EQ;SSO;D_EQ_ECP;DE_THYAO_ECP;THYAO.E;2026-05-25;3.12;2.84;9.86;0;0;0;0;0;0;0;0;0;2979;0;;;;;
2026-05-07;O_THYAOE0526C350.00;THYAO_05/2026_AVRUPA_OPSIYON;D_EQ;SSO;D_EQ_ECP;DE_THYAO_ECP;THYAO.E;2026-05-25;1.61;1.48;8.78;1.1;1.1;1.15;1.15;1.11;12880000;40770;368;8;2431;368;;;;;
2026-05-07;O_THYAOE0526C360.00;THYAO_05/2026_AVRUPA_OPSIYON;D_EQ;SSO;D_EQ_ECP;DE_THYAO_ECP;THYAO.E;2026-05-25;0.77;0.72;6.94;0;0;0;0;0;0;0;0;0;516;0;;;;;
2026-05-07;O_THYAOE0526C370.00;THYAO_05/2026_AVRUPA_OPSIYON;D_EQ;SSO;D_EQ_ECP;DE_THYAO_ECP;THYAO.E;2026-05-25;0.35;0.33;6.06;0;0;0;0;0;0;0;0;0;1270;0;;;;;
2026-05-07;O_THYAOE0526C380.00;THYAO_05/2026_AVRUPA_OPSIYON;D_EQ;SSO;D_EQ_ECP;DE_THYAO_ECP;THYAO.E;2026-05-25;0.15;0.14;7.14;0;0;0;0;0;0;0;0;0;811;0;;;;;
2026-05-07;O_THYAOE0526C390.00;THYAO_05/2026_AVRUPA_OPSIYON;D_EQ;SSO;D_EQ_ECP;DE_THYAO_ECP;THYAO.E;2026-05-25;0.06;0.06;0;0;0;0;0;0;0;0;0;0;2027;0;;;;;
2026-05-07;O_THYAOE0526C400.00;THYAO_05/2026_AVRUPA_OPSIYON;D_EQ;SSO;D_EQ_ECP;DE_THYAO_ECP;THYAO.E;2026-05-25;0.02;0.02;0;0;0;0;0;0;0;0;0;0;672;0;;;;;
2026-05-07;O_THYAOE0526P245.00;THYAO_05/2026_AVRUPA_OPSIYON;D_EQ;SSO;D_EQ_EPP;DE_THYAO_EPP;THYAO.E;2026-05-25;0.01;0.01;0;0;0;0;0;0;0;0;0;0;0;0;;;;;
2026-05-07;O_THYAOE0526P250.00;THYAO_05/2026_AVRUPA_OPSIYON;D_EQ;SSO;D_EQ_EPP;DE_THYAO_EPP;THYAO.E;2026-05-25;0.01;0.02;-50;0;0;0;0;0;0;0;0;0;0;0;;;;;
2026-05-07;O_THYAOE0526P260.00;THYAO_05/2026_AVRUPA_OPSIYON;D_EQ;SSO;D_EQ_EPP;DE_THYAO_EPP;THYAO.E;2026-05-25;0.05;0.08;-37.5;0;0;0;0;0;0;0;0;0;100;0;;;;;
2026-05-07;O_THYAOE0526P270.00;THYAO_05/2026_AVRUPA_OPSIYON;D_EQ;SSO;D_EQ_EPP;DE_THYAO_EPP;THYAO.E;2026-05-25;0.18;0.29;-37.93;0;0;0;0;0;0;0;0;0;0;0;;;;;
2026-05-07;O_THYAOE0526P280.00;THYAO_05/2026_AVRUPA_OPSIYON;D_EQ;SSO;D_EQ_EPP;DE_THYAO_EPP;THYAO.E;2026-05-25;0.58;0.83;-30.12;0;0;0;0;0;0;0;0;0;1110;0;;;;;
2026-05-07;O_THYAOE0526P290.00;THYAO_05/2026_AVRUPA_OPSIYON;D_EQ;SSO;D_EQ_EPP;DE_THYAO_EPP;THYAO.E;2026-05-25;1.51;2;-24.5;0.85;0.85;0.85;0.85;0.85;290000;850;10;1;188;10;;;;;
2026-05-07;O_THYAOE0526P300.00;THYAO_05/2026_AVRUPA_OPSIYON;D_EQ;SSO;D_EQ_EPP;DE_THYAO_EPP;THYAO.E;2026-05-25;3.33;4.17;-20.14;1.9;1.9;2;1.9;1.95;1950000;12700;65;7;1207;0;;;;;
2026-05-07;O_THYAOE0526P310.00;THYAO_05/2026_AVRUPA_OPSIYON;D_EQ;SSO;D_EQ_EPP;DE_THYAO_EPP;THYAO.E;2026-05-25;6.41;7.63;-15.99;4.15;4;4.15;4;4.08;1240000;16300;40;4;70;40;;;;;
2026-05-07;O_THYAOE0526P320.00;THYAO_05/2026_AVRUPA_OPSIYON;D_EQ;SSO;D_EQ_EPP;DE_THYAO_EPP;THYAO.E;2026-05-25;10.96;12.56;-12.74;0;0;0;0;0;0;0;0;0;448;0;;;;;
2026-05-07;O_THYAOE0526P330.00;THYAO_05/2026_AVRUPA_OPSIYON;D_EQ;SSO;D_EQ_EPP;DE_THYAO_EPP;THYAO.E;2026-05-25;16.99;18.9;-10.11;0;0;0;0;0;0;0;0;0;119;0;;;;;
2026-05-07;O_THYAOE0526P340.00;THYAO_05/2026_AVRUPA_OPSIYON;D_EQ;SSO;D_EQ_EPP;DE_THYAO_EPP;THYAO.E;2026-05-25;24.31;26.44;-8.06;0;0;0;0;0;0;0;0;0;2410;0;;;;;
2026-05-07;O_THYAOE0526P350.00;THYAO_05/2026_AVRUPA_OPSIYON;D_EQ;SSO;D_EQ_EPP;DE_THYAO_EPP;THYAO.E;2026-05-25;32.61;34.87;-6.48;0;0;0;0;0;0;0;0;0;20;0;;;;;
2026-05-07;O_THYAOE0626C310.00;THYAO_06/2026_AVRUPA_OPSIYON;D_EQ;SSO;D_EQ_ECP;DE_THYAO_ECP;THYAO.E;2026-06-30;28.46;26.99;5.45;0;0;0;0;0;0;0;0;0;53;0;;;;;
2026-05-07;O_THYAOE0626C320.00;THYAO_06/2026_AVRUPA_OPSIYON;D_EQ;SSO;D_EQ_ECP;DE_THYAO_ECP;THYAO.E;2026-06-30;22.72;21.47;5.82;0;0;0;0;0;0;0;0;0;0;0;;;;;
2026-05-07;O_THYAOE0626C330.00;THYAO_06/2026_AVRUPA_OPSIYON;D_EQ;SSO;D_EQ_ECP;DE_THYAO_ECP;THYAO.E;2026-06-30;17.8;16.78;6.08;0;0;0;0;0;0;0;0;0;20;0;;;;;
2026-05-07;O_THYAOE0626C340.00;THYAO_06/2026_AVRUPA_OPSIYON;D_EQ;SSO;D_EQ_ECP;DE_THYAO_ECP;THYAO.E;2026-06-30;13.69;12.87;6.37;0;0;0;0;0;0;0;0;0;68;0;;;;;
2026-05-07;O_THYAOE0626C350.00;THYAO_06/2026_AVRUPA_OPSIYON;D_EQ;SSO;D_EQ_ECP;DE_THYAO_ECP;THYAO.E;2026-06-30;10.34;9.7;6.6;0;0;0;0;0;0;0;0;0;58;0;;;;;
2026-05-07;O_THYAOE0626C360.00;THYAO_06/2026_AVRUPA_OPSIYON;D_EQ;SSO;D_EQ_ECP;DE_THYAO_ECP;THYAO.E;2026-06-30;7.67;7.19;6.68;0;0;0;0;0;0;0;0;0;504;0;;;;;
2026-05-07;O_THYAOE0626C370.00;THYAO_06/2026_AVRUPA_OPSIYON;D_EQ;SSO;D_EQ_ECP;DE_THYAO_ECP;THYAO.E;2026-06-30;5.59;5.23;6.88;3;3;3;3;3;1406000;11400;38;1;238;38;;;;;
2026-05-07;O_THYAOE0626C380.00;THYAO_06/2026_AVRUPA_OPSIYON;D_EQ;SSO;D_EQ_ECP;DE_THYAO_ECP;THYAO.E;2026-06-30;4.01;3.75;6.93;2.15;2.15;2.15;2.15;2.15;5776000;32680;152;4;380;152;;;;;
2026-05-07;O_THYAOE0626C390.00;THYAO_06/2026_AVRUPA_OPSIYON;D_EQ;SSO;D_EQ_ECP;DE_THYAO_ECP;THYAO.E;2026-06-30;2.83;2.64;7.2;0;0;0;0;0;0;0;0;0;0;0;;;;;
2026-05-07;O_THYAOE0626C400.00;THYAO_06/2026_AVRUPA_OPSIYON;D_EQ;SSO;D_EQ_ECP;DE_THYAO_ECP;THYAO.E;2026-06-30;1.96;1.84;6.52;0;0;0;0;0;0;0;0;0;0;0;;;;;
2026-05-07;O_THYAOE0626C410.00;THYAO_06/2026_AVRUPA_OPSIYON;D_EQ;SSO;D_EQ_ECP;DE_THYAO_ECP;THYAO.E;2026-06-30;1.34;1.26;6.35;0;0;0;0;0;0;0;0;0;0;0;;;;;
2026-05-07;O_THYAOE0626C420.00;THYAO_06/2026_AVRUPA_OPSIYON;D_EQ;SSO;D_EQ_ECP;DE_THYAO_ECP;THYAO.E;2026-06-30;0.91;0.85;7.06;0;0;0;0;0;0;0;0;0;0;0;;;;;
2026-05-07;O_THYAOE0626P260.00;THYAO_06/2026_AVRUPA_OPSIYON;D_EQ;SSO;D_EQ_EPP;DE_THYAO_EPP;THYAO.E;2026-06-30;0.7;0.86;-18.6;0;0;0;0;0;0;0;0;0;0;0;;;;;
2026-05-07;O_THYAOE0626P270.00;THYAO_06/2026_AVRUPA_OPSIYON;D_EQ;SSO;D_EQ_EPP;DE_THYAO_EPP;THYAO.E;2026-06-30;1.34;1.6;-16.25;0;0;0;0;0;0;0;0;0;0;0;;;;;
2026-05-07;O_THYAOE0626P280.00;THYAO_06/2026_AVRUPA_OPSIYON;D_EQ;SSO;D_EQ_EPP;DE_THYAO_EPP;THYAO.E;2026-06-30;2.37;2.77;-14.44;0;0;0;0;0;0;0;0;0;5;0;;;;;
2026-05-07;O_THYAOE0626P290.00;THYAO_06/2026_AVRUPA_OPSIYON;D_EQ;SSO;D_EQ_EPP;DE_THYAO_EPP;THYAO.E;2026-06-30;3.91;4.48;-12.72;0;0;0;0;0;0;0;0;0;20;0;;;;;
2026-05-07;O_THYAOE0626P300.00;THYAO_06/2026_AVRUPA_OPSIYON;D_EQ;SSO;D_EQ_EPP;DE_THYAO_EPP;THYAO.E;2026-06-30;6.1;6.86;-11.08;0;0;0;0;0;0;0;0;0;10;0;;;;;
2026-05-07;O_THYAOE0626P310.00;THYAO_06/2026_AVRUPA_OPSIYON;D_EQ;SSO;D_EQ_EPP;DE_THYAO_EPP;THYAO.E;2026-06-30;9.01;9.98;-9.72;0;0;0;0;0;0;0;0;0;0;0;;;;;
2026-05-07;O_THYAOE0626P320.00;THYAO_06/2026_AVRUPA_OPSIYON;D_EQ;SSO;D_EQ_EPP;DE_THYAO_EPP;THYAO.E;2026-06-30;12.73;13.92;-8.55;0;0;0;0;0;0;0;0;0;300;0;;;;;
2026-05-07;O_THYAOE0626P330.00;THYAO_06/2026_AVRUPA_OPSIYON;D_EQ;SSO;D_EQ_EPP;DE_THYAO_EPP;THYAO.E;2026-06-30;17.26;18.66;-7.5;0;0;0;0;0;0;0;0;0;0;0;;;;;
2026-05-07;O_THYAOE0626P340.00;THYAO_06/2026_AVRUPA_OPSIYON;D_EQ;SSO;D_EQ_EPP;DE_THYAO_EPP;THYAO.E;2026-06-30;22.61;24.2;-6.57;0;0;0;0;0;0;0;0;0;38;0;;;;;
2026-05-07;O_THYAOE0626P350.00;THYAO_06/2026_AVRUPA_OPSIYON;D_EQ;SSO;D_EQ_EPP;DE_THYAO_EPP;THYAO.E;2026-06-30;28.71;30.47;-5.78;25;25;25;25;25;700000;50000;20;2;1058;20;;;;;
2026-05-07;O_THYAOE0626P360.00;THYAO_06/2026_AVRUPA_OPSIYON;D_EQ;SSO;D_EQ_EPP;DE_THYAO_EPP;THYAO.E;2026-06-30;35.49;37.4;-5.11;0;0;0;0;0;0;0;0;0;0;0;;;;;
2026-05-07;O_THYAOE0626P370.00;THYAO_06/2026_AVRUPA_OPSIYON;D_EQ;SSO;D_EQ_EPP;DE_THYAO_EPP;THYAO.E;2026-06-30;42.86;44.89;-4.52;0;0;0;0;0;0;0;0;0;0;0;;;;;
2026-05-07;O_THYAOE0726C320.00;THYAO_07/2026_AVRUPA_OPSIYON;D_EQ;SSO;D_EQ_ECP;DE_THYAO_ECP;THYAO.E;2026-07-31;35.93;34.44;4.33;0;0;0;0;0;0;0;0;0;0;0;;;;;
2026-05-07;O_THYAOE0726C330.00;THYAO_07/2026_AVRUPA_OPSIYON;D_EQ;SSO;D_EQ_ECP;DE_THYAO_ECP;THYAO.E;2026-07-31;30.39;29.08;4.5;0;0;0;0;0;0;0;0;0;0;0;;;;;
2026-05-07;O_THYAOE0726C340.00;THYAO_07/2026_AVRUPA_OPSIYON;D_EQ;SSO;D_EQ_ECP;DE_THYAO_ECP;THYAO.E;2026-07-31;25.45;24.31;4.69;0;0;0;0;0;0;0;0;0;0;0;;;;;
2026-05-07;O_THYAOE0726C350.00;THYAO_07/2026_AVRUPA_OPSIYON;D_EQ;SSO;D_EQ_ECP;DE_THYAO_ECP;THYAO.E;2026-07-31;21.11;20.13;4.87;0;0;0;0;0;0;0;0;0;0;0;;;;;
2026-05-07;O_THYAOE0726C360.00;THYAO_07/2026_AVRUPA_OPSIYON;D_EQ;SSO;D_EQ_ECP;DE_THYAO_ECP;THYAO.E;2026-07-31;17.34;16.51;5.03;0;0;0;0;0;0;0;0;0;0;0;;;;;
2026-05-07;O_THYAOE0726C370.00;THYAO_07/2026_AVRUPA_OPSIYON;D_EQ;SSO;D_EQ_ECP;DE_THYAO_ECP;THYAO.E;2026-07-31;14.12;13.43;5.14;0;0;0;0;0;0;0;0;0;0;0;;;;;
2026-05-07;O_THYAOE0726C380.00;THYAO_07/2026_AVRUPA_OPSIYON;D_EQ;SSO;D_EQ_ECP;DE_THYAO_ECP;THYAO.E;2026-07-31;11.39;10.82;5.27;0;0;0;0;0;0;0;0;0;0;0;;;;;
2026-05-07;O_THYAOE0726C390.00;THYAO_07/2026_AVRUPA_OPSIYON;D_EQ;SSO;D_EQ_ECP;DE_THYAO_ECP;THYAO.E;2026-07-31;9.1;8.64;5.32;0;0;0;0;0;0;0;0;0;0;0;;;;;
2026-05-07;O_THYAOE0726C400.00;THYAO_07/2026_AVRUPA_OPSIYON;D_EQ;SSO;D_EQ_ECP;DE_THYAO_ECP;THYAO.E;2026-07-31;7.22;6.85;5.4;0;0;0;0;0;0;0;0;0;0;0;;;;;
2026-05-07;O_THYAOE0726P270.00;THYAO_07/2026_AVRUPA_OPSIYON;D_EQ;SSO;D_EQ_EPP;DE_THYAO_EPP;THYAO.E;2026-07-31;1.65;1.89;-12.7;0;0;0;0;0;0;0;0;0;0;0;;;;;
2026-05-07;O_THYAOE0726P280.00;THYAO_07/2026_AVRUPA_OPSIYON;D_EQ;SSO;D_EQ_EPP;DE_THYAO_EPP;THYAO.E;2026-07-31;2.62;2.96;-11.49;0;0;0;0;0;0;0;0;0;0;0;;;;;
2026-05-07;O_THYAOE0726P290.00;THYAO_07/2026_AVRUPA_OPSIYON;D_EQ;SSO;D_EQ_EPP;DE_THYAO_EPP;THYAO.E;2026-07-31;3.96;4.42;-10.41;0;0;0;0;0;0;0;0;0;0;0;;;;;
2026-05-07;O_THYAOE0726P300.00;THYAO_07/2026_AVRUPA_OPSIYON;D_EQ;SSO;D_EQ_EPP;DE_THYAO_EPP;THYAO.E;2026-07-31;5.76;6.35;-9.29;0;0;0;0;0;0;0;0;0;0;0;;;;;
2026-05-07;O_THYAOE0726P310.00;THYAO_07/2026_AVRUPA_OPSIYON;D_EQ;SSO;D_EQ_EPP;DE_THYAO_EPP;THYAO.E;2026-07-31;8.06;8.81;-8.51;0;0;0;0;0;0;0;0;0;0;0;;;;;
2026-05-07;O_THYAOE0726P320.00;THYAO_07/2026_AVRUPA_OPSIYON;D_EQ;SSO;D_EQ_EPP;DE_THYAO_EPP;THYAO.E;2026-07-31;10.92;11.82;-7.61;0;0;0;0;0;0;0;0;0;0;0;;;;;
2026-05-07;O_THYAOE0726P330.00;THYAO_07/2026_AVRUPA_OPSIYON;D_EQ;SSO;D_EQ_EPP;DE_THYAO_EPP;THYAO.E;2026-07-31;14.37;15.43;-6.87;0;0;0;0;0;0;0;0;0;0;0;;;;;
2026-05-07;O_THYAOE0726P340.00;THYAO_07/2026_AVRUPA_OPSIYON;D_EQ;SSO;D_EQ_EPP;DE_THYAO_EPP;THYAO.E;2026-07-31;18.42;19.64;-6.21;0;0;0;0;0;0;0;0;0;0;0;;;;;
2026-05-07;O_THYAOE0726P350.00;THYAO_07/2026_AVRUPA_OPSIYON;D_EQ;SSO;D_EQ_EPP;DE_THYAO_EPP;THYAO.E;2026-07-31;23.06;24.43;-5.61;0;0;0;0;0;0;0;0;0;0;0;;;;;
2026-05-07;O_TOASOE0526C260.00;TOASO_05/2026_AVRUPA_OPSIYON;D_EQ;SSO;D_EQ_ECP;DE_TOASO_ECP;TOASO.E;2026-05-25;65.61;57.82;13.47;0;0;0;0;0;0;0;0;0;0;0;;;;;
2026-05-07;O_TOASOE0526C270.00;TOASO_05/2026_AVRUPA_OPSIYON;D_EQ;SSO;D_EQ_ECP;DE_TOASO_ECP;TOASO.E;2026-05-25;55.89;48.33;15.64;0;0;0;0;0;0;0;0;0;0;0;;;;;
2026-05-07;O_TOASOE0526C280.00;TOASO_05/2026_AVRUPA_OPSIYON;D_EQ;SSO;D_EQ_ECP;DE_TOASO_ECP;TOASO.E;2026-05-25;46.34;39.17;18.3;0;0;0;0;0;0;0;0;0;50;0;;;;;
2026-05-07;O_TOASOE0526C290.00;TOASO_05/2026_AVRUPA_OPSIYON;D_EQ;SSO;D_EQ_ECP;DE_TOASO_ECP;TOASO.E;2026-05-25;37.16;30.56;21.6;0;0;0;0;0;0;0;0;0;50;0;;;;;
2026-05-07;O_TOASOE0526C300.00;TOASO_05/2026_AVRUPA_OPSIYON;D_EQ;SSO;D_EQ_ECP;DE_TOASO_ECP;TOASO.E;2026-05-25;28.63;22.76;25.79;0;0;0;0;0;0;0;0;0;51;0;;;;;
2026-05-07;O_TOASOE0526C310.00;TOASO_05/2026_AVRUPA_OPSIYON;D_EQ;SSO;D_EQ_ECP;DE_TOASO_ECP;TOASO.E;2026-05-25;21.05;16.18;30.1;0;0;0;0;0;0;0;0;0;33;0;;;;;
2026-05-07;O_TOASOE0526C320.00;TOASO_05/2026_AVRUPA_OPSIYON;D_EQ;SSO;D_EQ_ECP;DE_TOASO_ECP;TOASO.E;2026-05-25;14.71;10.94;34.46;0;0;0;0;0;0;0;0;0;1492;0;;;;;
2026-05-07;O_TOASOE0526C330.00;TOASO_05/2026_AVRUPA_OPSIYON;D_EQ;SSO;D_EQ_ECP;DE_TOASO_ECP;TOASO.E;2026-05-25;9.72;7.06;37.68;9.05;9.05;9.05;9.05;9.05;1320000;36200;40;1;40;40;;;;;
2026-05-07;O_TOASOE0526C340.00;TOASO_05/2026_AVRUPA_OPSIYON;D_EQ;SSO;D_EQ_ECP;DE_TOASO_ECP;TOASO.E;2026-05-25;6.06;4.44;36.49;0;0;0;0;0;0;0;0;0;0;0;;;;;
2026-05-07;O_TOASOE0526C350.00;TOASO_05/2026_AVRUPA_OPSIYON;D_EQ;SSO;D_EQ_ECP;DE_TOASO_ECP;TOASO.E;2026-05-25;3.57;2.74;30.29;0;0;0;0;0;0;0;0;0;0;0;;;;;
2026-05-07;O_TOASOE0526C360.00;TOASO_05/2026_AVRUPA_OPSIYON;D_EQ;SSO;D_EQ_ECP;DE_TOASO_ECP;TOASO.E;2026-05-25;1.98;1.66;19.28;0;0;0;0;0;0;0;0;0;0;0;;;;;
2026-05-07;O_TOASOE0526C370.00;TOASO_05/2026_AVRUPA_OPSIYON;D_EQ;SSO;D_EQ_ECP;DE_TOASO_ECP;TOASO.E;2026-05-25;1.04;0.99;5.05;0;0;0;0;0;0;0;0;0;0;0;;;;;
2026-05-07;O_TOASOE0526C380.00;TOASO_05/2026_AVRUPA_OPSIYON;D_EQ;SSO;D_EQ_ECP;DE_TOASO_ECP;TOASO.E;2026-05-25;0.51;0.58;-12.07;0;0;0;0;0;0;0;0;0;0;0;;;;;
2026-05-07;O_TOASOE0526C390.00;TOASO_05/2026_AVRUPA_OPSIYON;D_EQ;SSO;D_EQ_ECP;DE_TOASO_ECP;TOASO.E;2026-05-25;0.24;0.34;-29.41;0;0;0;0;0;0;0;0;0;0;0;;;;;
2026-05-07;O_TOASOE0526C400.00;TOASO_05/2026_AVRUPA_OPSIYON;D_EQ;SSO;D_EQ_ECP;DE_TOASO_ECP;TOASO.E;2026-05-25;0.11;0.2;-45;0;0;0;0;0;0;0;0;0;0;0;;;;;
2026-05-07;O_TOASOE0526P230.00;TOASO_05/2026_AVRUPA_OPSIYON;D_EQ;SSO;D_EQ_EPP;DE_TOASO_EPP;TOASO.E;2026-05-25;0.01;0.01;0;0;0;0;0;0;0;0;0;0;0;0;;;;;
2026-05-07;O_TOASOE0526P235.00;TOASO_05/2026_AVRUPA_OPSIYON;D_EQ;SSO;D_EQ_EPP;DE_TOASO_EPP;TOASO.E;2026-05-25;0.01;0.02;-50;0;0;0;0;0;0;0;0;0;12;0;;;;;
2026-05-07;O_TOASOE0526P240.00;TOASO_05/2026_AVRUPA_OPSIYON;D_EQ;SSO;D_EQ_EPP;DE_TOASO_EPP;TOASO.E;2026-05-25;0.01;0.03;-66.67;0;0;0;0;0;0;0;0;0;0;0;;;;;
2026-05-07;O_TOASOE0526P245.00;TOASO_05/2026_AVRUPA_OPSIYON;D_EQ;SSO;D_EQ_EPP;DE_TOASO_EPP;TOASO.E;2026-05-25;0.01;0.05;-80;0;0;0;0;0;0;0;0;0;0;0;;;;;
2026-05-07;O_TOASOE0526P250.00;TOASO_05/2026_AVRUPA_OPSIYON;D_EQ;SSO;D_EQ_EPP;DE_TOASO_EPP;TOASO.E;2026-05-25;0.01;0.08;-87.5;0;0;0;0;0;0;0;0;0;0;0;;;;;
2026-05-07;O_TOASOE0526P260.00;TOASO_05/2026_AVRUPA_OPSIYON;D_EQ;SSO;D_EQ_EPP;DE_TOASO_EPP;TOASO.E;2026-05-25;0.03;0.22;-86.36;0;0;0;0;0;0;0;0;0;0;0;;;;;
2026-05-07;O_TOASOE0526P270.00;TOASO_05/2026_AVRUPA_OPSIYON;D_EQ;SSO;D_EQ_EPP;DE_TOASO_EPP;TOASO.E;2026-05-25;0.13;0.54;-75.93;0;0;0;0;0;0;0;0;0;100;0;;;;;
2026-05-07;O_TOASOE0526P280.00;TOASO_05/2026_AVRUPA_OPSIYON;D_EQ;SSO;D_EQ_EPP;DE_TOASO_EPP;TOASO.E;2026-05-25;0.4;1.19;-66.39;0;0;0;0;0;0;0;0;0;14;0;;;;;
2026-05-07;O_TOASOE0526P290.00;TOASO_05/2026_AVRUPA_OPSIYON;D_EQ;SSO;D_EQ_EPP;DE_TOASO_EPP;TOASO.E;2026-05-25;1.03;2.38;-56.72;0;0;0;0;0;0;0;0;0;0;0;;;;;
2026-05-07;O_TOASOE0526P300.00;TOASO_05/2026_AVRUPA_OPSIYON;D_EQ;SSO;D_EQ_EPP;DE_TOASO_EPP;TOASO.E;2026-05-25;2.31;4.39;-47.38;0;0;0;0;0;0;0;0;0;550;0;;;;;
2026-05-07;O_TOASOE0526P310.00;TOASO_05/2026_AVRUPA_OPSIYON;D_EQ;SSO;D_EQ_EPP;DE_TOASO_EPP;TOASO.E;2026-05-25;4.55;7.61;-40.21;3.8;3.8;3.8;3.8;3.8;930000;11400;30;3;33;-30;;;;;
2026-05-07;O_TOASOE0526P320.00;TOASO_05/2026_AVRUPA_OPSIYON;D_EQ;SSO;D_EQ_EPP;DE_TOASO_EPP;TOASO.E;2026-05-25;8.01;12.17;-34.18;0;0;0;0;0;0;0;0;0;73;0;;;;;
2026-05-07;O_TOASOE0526P330.00;TOASO_05/2026_AVRUPA_OPSIYON;D_EQ;SSO;D_EQ_EPP;DE_TOASO_EPP;TOASO.E;2026-05-25;12.84;18.1;-29.06;0;0;0;0;0;0;0;0;0;30;0;;;;;
2026-05-07;O_TOASOE0526P340.00;TOASO_05/2026_AVRUPA_OPSIYON;D_EQ;SSO;D_EQ_EPP;DE_TOASO_EPP;TOASO.E;2026-05-25;19;25.28;-24.84;0;0;0;0;0;0;0;0;0;0;0;;;;;
2026-05-07;O_TOASOE0526P350.00;TOASO_05/2026_AVRUPA_OPSIYON;D_EQ;SSO;D_EQ_EPP;DE_TOASO_EPP;TOASO.E;2026-05-25;26.32;33.39;-21.17;0;0;0;0;0;0;0;0;0;0;0;;;;;
2026-05-07;O_TOASOE0626C270.00;TOASO_06/2026_AVRUPA_OPSIYON;D_EQ;SSO;D_EQ_ECP;DE_TOASO_ECP;TOASO.E;2026-06-30;66.74;60.24;10.79;0;0;0;0;0;0;0;0;0;0;0;;;;;
2026-05-07;O_TOASOE0626C280.00;TOASO_06/2026_AVRUPA_OPSIYON;D_EQ;SSO;D_EQ_ECP;DE_TOASO_ECP;TOASO.E;2026-06-30;58.18;52.08;11.71;0;0;0;0;0;0;0;0;0;10;0;;;;;
2026-05-07;O_TOASOE0626C290.00;TOASO_06/2026_AVRUPA_OPSIYON;D_EQ;SSO;D_EQ_ECP;DE_TOASO_ECP;TOASO.E;2026-06-30;50.06;44.36;12.85;0;0;0;0;0;0;0;0;0;30;0;;;;;
2026-05-07;O_TOASOE0626C300.00;TOASO_06/2026_AVRUPA_OPSIYON;D_EQ;SSO;D_EQ_ECP;DE_TOASO_ECP;TOASO.E;2026-06-30;42.47;37.16;14.29;0;0;0;0;0;0;0;0;0;0;0;;;;;
2026-05-07;O_TOASOE0626C310.00;TOASO_06/2026_AVRUPA_OPSIYON;D_EQ;SSO;D_EQ_ECP;DE_TOASO_ECP;TOASO.E;2026-06-30;35.52;30.55;16.27;32.04;32.04;32.04;32.04;32.04;310000;32040;10;1;10;0;;;;;
2026-05-07;O_TOASOE0626C320.00;TOASO_06/2026_AVRUPA_OPSIYON;D_EQ;SSO;D_EQ_ECP;DE_TOASO_ECP;TOASO.E;2026-06-30;29.27;24.88;17.64;0;0;0;0;0;0;0;0;0;38;0;;;;;
2026-05-07;O_TOASOE0626C330.00;TOASO_06/2026_AVRUPA_OPSIYON;D_EQ;SSO;D_EQ_ECP;DE_TOASO_ECP;TOASO.E;2026-06-30;23.76;20;18.8;0;0;0;0;0;0;0;0;0;60;0;;;;;
2026-05-07;O_TOASOE0626C340.00;TOASO_06/2026_AVRUPA_OPSIYON;D_EQ;SSO;D_EQ_ECP;DE_TOASO_ECP;TOASO.E;2026-06-30;19;15.94;19.2;0;0;0;0;0;0;0;0;0;0;0;;;;;
2026-05-07;O_TOASOE0626C350.00;TOASO_06/2026_AVRUPA_OPSIYON;D_EQ;SSO;D_EQ_ECP;DE_TOASO_ECP;TOASO.E;2026-06-30;14.97;12.77;17.23;0;0;0;0;0;0;0;0;0;0;0;;;;;
2026-05-07;O_TOASOE0626C360.00;TOASO_06/2026_AVRUPA_OPSIYON;D_EQ;SSO;D_EQ_ECP;DE_TOASO_ECP;TOASO.E;2026-06-30;11.62;10.25;13.37;0;0;0;0;0;0;0;0;0;0;0;;;;;
2026-05-07;O_TOASOE0626C370.00;TOASO_06/2026_AVRUPA_OPSIYON;D_EQ;SSO;D_EQ_ECP;DE_TOASO_ECP;TOASO.E;2026-06-30;8.89;8.22;8.15;0;0;0;0;0;0;0;0;0;0;0;;;;;
2026-05-07;O_TOASOE0626C380.00;TOASO_06/2026_AVRUPA_OPSIYON;D_EQ;SSO;D_EQ_ECP;DE_TOASO_ECP;TOASO.E;2026-06-30;6.71;6.6;1.67;0;0;0;0;0;0;0;0;0;0;0;;;;;
2026-05-07;O_TOASOE0626C390.00;TOASO_06/2026_AVRUPA_OPSIYON;D_EQ;SSO;D_EQ_ECP;DE_TOASO_ECP;TOASO.E;2026-06-30;5;;0;0;0;0;0;0;0;0;0;0;0;0;;;;;
2026-05-07;O_TOASOE0626P235.00;TOASO_06/2026_AVRUPA_OPSIYON;D_EQ;SSO;D_EQ_EPP;DE_TOASO_EPP;TOASO.E;2026-06-30;0.1;0.53;-81.13;0;0;0;0;0;0;0;0;0;0;0;;;;;
2026-05-07;O_TOASOE0626P240.00;TOASO_06/2026_AVRUPA_OPSIYON;D_EQ;SSO;D_EQ_EPP;DE_TOASO_EPP;TOASO.E;2026-06-30;0.15;0.69;-78.26;0;0;0;0;0;0;0;0;0;0;0;;;;;
2026-05-07;O_TOASOE0626P245.00;TOASO_06/2026_AVRUPA_OPSIYON;D_EQ;SSO;D_EQ_EPP;DE_TOASO_EPP;TOASO.E;2026-06-30;0.23;0.89;-74.16;0;0;0;0;0;0;0;0;0;0;0;;;;;
2026-05-07;O_TOASOE0626P250.00;TOASO_06/2026_AVRUPA_OPSIYON;D_EQ;SSO;D_EQ_EPP;DE_TOASO_EPP;TOASO.E;2026-06-30;0.33;1.13;-70.8;0;0;0;0;0;0;0;0;0;0;0;;;;;
2026-05-07;O_TOASOE0626P260.00;TOASO_06/2026_AVRUPA_OPSIYON;D_EQ;SSO;D_EQ_EPP;DE_TOASO_EPP;TOASO.E;2026-06-30;0.66;1.78;-62.92;0;0;0;0;0;0;0;0;0;0;0;;;;;
2026-05-07;O_TOASOE0626P270.00;TOASO_06/2026_AVRUPA_OPSIYON;D_EQ;SSO;D_EQ_EPP;DE_TOASO_EPP;TOASO.E;2026-06-30;1.23;2.71;-54.61;0;0;0;0;0;0;0;0;0;0;0;;;;;
2026-05-07;O_TOASOE0626P280.00;TOASO_06/2026_AVRUPA_OPSIYON;D_EQ;SSO;D_EQ_EPP;DE_TOASO_EPP;TOASO.E;2026-06-30;2.12;4;-47;0;0;0;0;0;0;0;0;0;0;0;;;;;
2026-05-07;O_TOASOE0626P290.00;TOASO_06/2026_AVRUPA_OPSIYON;D_EQ;SSO;D_EQ_EPP;DE_TOASO_EPP;TOASO.E;2026-06-30;3.45;5.72;-39.69;0;0;0;0;0;0;0;0;0;0;0;;;;;
2026-05-07;O_TOASOE0626P300.00;TOASO_06/2026_AVRUPA_OPSIYON;D_EQ;SSO;D_EQ_EPP;DE_TOASO_EPP;TOASO.E;2026-06-30;5.32;7.96;-33.17;0;0;0;0;0;0;0;0;0;0;0;;;;;
2026-05-07;O_TOASOE0626P310.00;TOASO_06/2026_AVRUPA_OPSIYON;D_EQ;SSO;D_EQ_EPP;DE_TOASO_EPP;TOASO.E;2026-06-30;7.83;10.8;-27.5;0;0;0;0;0;0;0;0;0;0;0;;;;;
2026-05-07;O_TOASOE0626P320.00;TOASO_06/2026_AVRUPA_OPSIYON;D_EQ;SSO;D_EQ_EPP;DE_TOASO_EPP;TOASO.E;2026-06-30;11.03;14.57;-24.3;0;0;0;0;0;0;0;0;0;0;0;;;;;
2026-05-07;O_TOASOE0626P330.00;TOASO_06/2026_AVRUPA_OPSIYON;D_EQ;SSO;D_EQ_EPP;DE_TOASO_EPP;TOASO.E;2026-06-30;14.97;19.14;-21.79;14.45;14.45;14.45;14.45;14.45;660000;28900;20;2;20;20;;;;;
2026-05-07;O_TOASOE0626P340.00;TOASO_06/2026_AVRUPA_OPSIYON;D_EQ;SSO;D_EQ_EPP;DE_TOASO_EPP;TOASO.E;2026-06-30;19.66;;0;0;0;0;0;0;0;0;0;0;0;0;;;;;
2026-05-07;O_TOASOE0726C300.00;TOASO_07/2026_AVRUPA_OPSIYON;D_EQ;SSO;D_EQ_ECP;DE_TOASO_ECP;TOASO.E;2026-07-31;56.62;51.33;10.31;0;0;0;0;0;0;0;0;0;0;0;;;;;
2026-05-07;O_TOASOE0726C310.00;TOASO_07/2026_AVRUPA_OPSIYON;D_EQ;SSO;D_EQ_ECP;DE_TOASO_ECP;TOASO.E;2026-07-31;49.71;44.61;11.43;0;0;0;0;0;0;0;0;0;0;0;;;;;
2026-05-07;O_TOASOE0726C320.00;TOASO_07/2026_AVRUPA_OPSIYON;D_EQ;SSO;D_EQ_ECP;DE_TOASO_ECP;TOASO.E;2026-07-31;43.3;38.4;12.76;0;0;0;0;0;0;0;0;0;0;0;;;;;
2026-05-07;O_TOASOE0726C330.00;TOASO_07/2026_AVRUPA_OPSIYON;D_EQ;SSO;D_EQ_ECP;DE_TOASO_ECP;TOASO.E;2026-07-31;37.41;32.94;13.57;0;0;0;0;0;0;0;0;0;0;0;;;;;
2026-05-07;O_TOASOE0726C340.00;TOASO_07/2026_AVRUPA_OPSIYON;D_EQ;SSO;D_EQ_ECP;DE_TOASO_ECP;TOASO.E;2026-07-31;32.06;28.11;14.05;0;0;0;0;0;0;0;0;0;0;0;;;;;
2026-05-07;O_TOASOE0726C350.00;TOASO_07/2026_AVRUPA_OPSIYON;D_EQ;SSO;D_EQ_ECP;DE_TOASO_ECP;TOASO.E;2026-07-31;27.26;23.89;14.11;0;0;0;0;0;0;0;0;0;0;0;;;;;
2026-05-07;O_TOASOE0726C360.00;TOASO_07/2026_AVRUPA_OPSIYON;D_EQ;SSO;D_EQ_ECP;DE_TOASO_ECP;TOASO.E;2026-07-31;23;20.51;12.14;0;0;0;0;0;0;0;0;0;0;0;;;;;
2026-05-07;O_TOASOE0726C370.00;TOASO_07/2026_AVRUPA_OPSIYON;D_EQ;SSO;D_EQ_ECP;DE_TOASO_ECP;TOASO.E;2026-07-31;19.26;17.64;9.18;0;0;0;0;0;0;0;0;0;0;0;;;;;
2026-05-07;O_TOASOE0726C380.00;TOASO_07/2026_AVRUPA_OPSIYON;D_EQ;SSO;D_EQ_ECP;DE_TOASO_ECP;TOASO.E;2026-07-31;16.01;15.19;5.4;0;0;0;0;0;0;0;0;0;0;0;;;;;
2026-05-07;O_TOASOE0726C390.00;TOASO_07/2026_AVRUPA_OPSIYON;D_EQ;SSO;D_EQ_ECP;DE_TOASO_ECP;TOASO.E;2026-07-31;13.21;;0;0;0;0;0;0;0;0;0;0;0;0;;;;;
2026-05-07;O_TOASOE0726C400.00;TOASO_07/2026_AVRUPA_OPSIYON;D_EQ;SSO;D_EQ_ECP;DE_TOASO_ECP;TOASO.E;2026-07-31;10.83;;0;0;0;0;0;0;0;0;0;0;0;0;;;;;
2026-05-07;O_TOASOE0726P250.00;TOASO_07/2026_AVRUPA_OPSIYON;D_EQ;SSO;D_EQ_EPP;DE_TOASO_EPP;TOASO.E;2026-07-31;0.59;1.76;-66.48;0;0;0;0;0;0;0;0;0;0;0;;;;;
2026-05-07;O_TOASOE0726P260.00;TOASO_07/2026_AVRUPA_OPSIYON;D_EQ;SSO;D_EQ_EPP;DE_TOASO_EPP;TOASO.E;2026-07-31;1.01;2.49;-59.44;0;0;0;0;0;0;0;0;0;0;0;;;;;
2026-05-07;O_TOASOE0726P270.00;TOASO_07/2026_AVRUPA_OPSIYON;D_EQ;SSO;D_EQ_EPP;DE_TOASO_EPP;TOASO.E;2026-07-31;1.64;3.43;-52.19;0;0;0;0;0;0;0;0;0;0;0;;;;;
2026-05-07;O_TOASOE0726P280.00;TOASO_07/2026_AVRUPA_OPSIYON;D_EQ;SSO;D_EQ_EPP;DE_TOASO_EPP;TOASO.E;2026-07-31;2.54;4.64;-45.26;0;0;0;0;0;0;0;0;0;0;0;;;;;
2026-05-07;O_TOASOE0726P290.00;TOASO_07/2026_AVRUPA_OPSIYON;D_EQ;SSO;D_EQ_EPP;DE_TOASO_EPP;TOASO.E;2026-07-31;3.77;6.15;-38.7;0;0;0;0;0;0;0;0;0;0;0;;;;;
2026-05-07;O_TOASOE0726P300.00;TOASO_07/2026_AVRUPA_OPSIYON;D_EQ;SSO;D_EQ_EPP;DE_TOASO_EPP;TOASO.E;2026-07-31;5.4;8.01;-32.58;0;0;0;0;0;0;0;0;0;0;0;;;;;
2026-05-07;O_TOASOE0726P310.00;TOASO_07/2026_AVRUPA_OPSIYON;D_EQ;SSO;D_EQ_EPP;DE_TOASO_EPP;TOASO.E;2026-07-31;7.47;10.27;-27.26;0;0;0;0;0;0;0;0;0;0;0;;;;;
2026-05-07;O_TOASOE0726P320.00;TOASO_07/2026_AVRUPA_OPSIYON;D_EQ;SSO;D_EQ_EPP;DE_TOASO_EPP;TOASO.E;2026-07-31;10.04;13.03;-22.95;0;0;0;0;0;0;0;0;0;0;0;;;;;
2026-05-07;O_TOASOE0726P330.00;TOASO_07/2026_AVRUPA_OPSIYON;D_EQ;SSO;D_EQ_EPP;DE_TOASO_EPP;TOASO.E;2026-07-31;13.13;16.54;-20.62;0;0;0;0;0;0;0;0;0;0;0;;;;;
2026-05-07;O_TOASOE0726P340.00;TOASO_07/2026_AVRUPA_OPSIYON;D_EQ;SSO;D_EQ_EPP;DE_TOASO_EPP;TOASO.E;2026-07-31;16.77;;0;0;0;0;0;0;0;0;0;0;0;0;;;;;
2026-05-07;O_TOASOE0726P350.00;TOASO_07/2026_AVRUPA_OPSIYON;D_EQ;SSO;D_EQ_EPP;DE_TOASO_EPP;TOASO.E;2026-07-31;20.95;;0;0;0;0;0;0;0;0;0;0;0;0;;;;;
2026-05-07;O_TTKOME0526C58.00;TTKOM_05/2026_AVRUPA_OPSIYON;D_EQ;SSO;D_EQ_ECP;DE_TTKOM_ECP;TTKOM.E;2026-05-25;9.36;8.92;4.93;0;0;0;0;0;0;0;0;0;0;0;;;;;
2026-05-07;O_TTKOME0526C60.00;TTKOM_05/2026_AVRUPA_OPSIYON;D_EQ;SSO;D_EQ_ECP;DE_TTKOM_ECP;TTKOM.E;2026-05-25;7.53;7.13;5.61;0;0;0;0;0;0;0;0;0;0;0;;;;;
2026-05-07;O_TTKOME0526C62.00;TTKOM_05/2026_AVRUPA_OPSIYON;D_EQ;SSO;D_EQ_ECP;DE_TTKOM_ECP;TTKOM.E;2026-05-25;5.82;5.49;6.01;0;0;0;0;0;0;0;0;0;66;0;;;;;
2026-05-07;O_TTKOME0526C64.00;TTKOM_05/2026_AVRUPA_OPSIYON;D_EQ;SSO;D_EQ_ECP;DE_TTKOM_ECP;TTKOM.E;2026-05-25;4.3;4.05;6.17;4.98;3.8;4.98;3.84;4.5;1920000;134950;300;12;300;300;;;;;
2026-05-07;O_TTKOME0526C66.00;TTKOM_05/2026_AVRUPA_OPSIYON;D_EQ;SSO;D_EQ_ECP;DE_TTKOM_ECP;TTKOM.E;2026-05-25;3.03;2.85;6.32;0;0;0;0;0;0;0;0;0;50;0;;;;;
2026-05-07;O_TTKOME0526C68.00;TTKOM_05/2026_AVRUPA_OPSIYON;D_EQ;SSO;D_EQ_ECP;DE_TTKOM_ECP;TTKOM.E;2026-05-25;2.02;1.91;5.76;0;0;0;0;0;0;0;0;0;0;0;;;;;
2026-05-07;O_TTKOME0526C70.00;TTKOM_05/2026_AVRUPA_OPSIYON;D_EQ;SSO;D_EQ_ECP;DE_TTKOM_ECP;TTKOM.E;2026-05-25;1.27;1.22;4.1;0;0;0;0;0;0;0;0;0;0;0;;;;;
2026-05-07;O_TTKOME0526C72.00;TTKOM_05/2026_AVRUPA_OPSIYON;D_EQ;SSO;D_EQ_ECP;DE_TTKOM_ECP;TTKOM.E;2026-05-25;0.76;0.74;2.7;0;0;0;0;0;0;0;0;0;1201;0;;;;;
2026-05-07;O_TTKOME0526C74.00;TTKOM_05/2026_AVRUPA_OPSIYON;D_EQ;SSO;D_EQ_ECP;DE_TTKOM_ECP;TTKOM.E;2026-05-25;0.43;0.43;0;0.39;0.39;0.39;0.39;0.39;666000;3510;90;2;91;90;;;;;
2026-05-07;O_TTKOME0526C76.00;TTKOM_05/2026_AVRUPA_OPSIYON;D_EQ;SSO;D_EQ_ECP;DE_TTKOM_ECP;TTKOM.E;2026-05-25;0.23;0.24;-4.17;0;0;0;0;0;0;0;0;0;0;0;;;;;
2026-05-07;O_TTKOME0526C78.00;TTKOM_05/2026_AVRUPA_OPSIYON;D_EQ;SSO;D_EQ_ECP;DE_TTKOM_ECP;TTKOM.E;2026-05-25;0.11;0.12;-8.33;0;0;0;0;0;0;0;0;0;1;0;;;;;
2026-05-07;O_TTKOME0526C80.00;TTKOM_05/2026_AVRUPA_OPSIYON;D_EQ;SSO;D_EQ_ECP;DE_TTKOM_ECP;TTKOM.E;2026-05-25;0.05;0.06;-16.67;0;0;0;0;0;0;0;0;0;0;0;;;;;
2026-05-07;O_TTKOME0526C82.00;TTKOM_05/2026_AVRUPA_OPSIYON;D_EQ;SSO;D_EQ_ECP;DE_TTKOM_ECP;TTKOM.E;2026-05-25;0.02;0.03;-33.33;0;0;0;0;0;0;0;0;0;0;0;;;;;
2026-05-07;O_TTKOME0526C84.00;TTKOM_05/2026_AVRUPA_OPSIYON;D_EQ;SSO;D_EQ_ECP;DE_TTKOM_ECP;TTKOM.E;2026-05-25;0.01;0.01;0;0;0;0;0;0;0;0;0;0;0;0;;;;;
2026-05-07;O_TTKOME0526C86.00;TTKOM_05/2026_AVRUPA_OPSIYON;D_EQ;SSO;D_EQ_ECP;DE_TTKOM_ECP;TTKOM.E;2026-05-25;0.01;0.01;0;0;0;0;0;0;0;0;0;0;0;0;;;;;
2026-05-07;O_TTKOME0526P49.00;TTKOM_05/2026_AVRUPA_OPSIYON;D_EQ;SSO;D_EQ_EPP;DE_TTKOM_EPP;TTKOM.E;2026-05-25;0.01;0.01;0;0;0;0;0;0;0;0;0;0;60;0;;;;;
2026-05-07;O_TTKOME0526P50.00;TTKOM_05/2026_AVRUPA_OPSIYON;D_EQ;SSO;D_EQ_EPP;DE_TTKOM_EPP;TTKOM.E;2026-05-25;0.01;0.01;0;0;0;0;0;0;0;0;0;0;0;0;;;;;
2026-05-07;O_TTKOME0526P52.00;TTKOM_05/2026_AVRUPA_OPSIYON;D_EQ;SSO;D_EQ_EPP;DE_TTKOM_EPP;TTKOM.E;2026-05-25;0.01;0.01;0;0;0;0;0;0;0;0;0;0;0;0;;;;;
2026-05-07;O_TTKOME0526P54.00;TTKOM_05/2026_AVRUPA_OPSIYON;D_EQ;SSO;D_EQ_EPP;DE_TTKOM_EPP;TTKOM.E;2026-05-25;0.01;0.02;-50;0;0;0;0;0;0;0;0;0;0;0;;;;;
2026-05-07;O_TTKOME0526P56.00;TTKOM_05/2026_AVRUPA_OPSIYON;D_EQ;SSO;D_EQ_EPP;DE_TTKOM_EPP;TTKOM.E;2026-05-25;0.03;0.05;-40;0;0;0;0;0;0;0;0;0;0;0;;;;;
2026-05-07;O_TTKOME0526P58.00;TTKOM_05/2026_AVRUPA_OPSIYON;D_EQ;SSO;D_EQ_EPP;DE_TTKOM_EPP;TTKOM.E;2026-05-25;0.08;0.13;-38.46;0;0;0;0;0;0;0;0;0;1;0;;;;;
2026-05-07;O_TTKOME0526P60.00;TTKOM_05/2026_AVRUPA_OPSIYON;D_EQ;SSO;D_EQ_EPP;DE_TTKOM_EPP;TTKOM.E;2026-05-25;0.21;0.31;-32.26;0;0;0;0;0;0;0;0;0;40;0;;;;;
2026-05-07;O_TTKOME0526P62.00;TTKOM_05/2026_AVRUPA_OPSIYON;D_EQ;SSO;D_EQ_EPP;DE_TTKOM_EPP;TTKOM.E;2026-05-25;0.47;0.63;-25.4;0.2;0.2;0.2;0.2;0.2;1085000;3500;175;7;600;0;;;;;
2026-05-07;O_TTKOME0526P64.00;TTKOM_05/2026_AVRUPA_OPSIYON;D_EQ;SSO;D_EQ_EPP;DE_TTKOM_EPP;TTKOM.E;2026-05-25;0.92;1.15;-20;0.48;0.48;0.93;0.92;0.7;1120000;12225;175;7;193;73;;;;;
2026-05-07;O_TTKOME0526P66.00;TTKOM_05/2026_AVRUPA_OPSIYON;D_EQ;SSO;D_EQ_EPP;DE_TTKOM_EPP;TTKOM.E;2026-05-25;1.6;1.91;-16.23;1.57;1.52;1.6;1.52;1.55;5893800;138328;893;5;927;600;;;;;
2026-05-07;O_TTKOME0526P68.00;TTKOM_05/2026_AVRUPA_OPSIYON;D_EQ;SSO;D_EQ_EPP;DE_TTKOM_EPP;TTKOM.E;2026-05-25;2.56;2.93;-12.63;0;0;0;0;0;0;0;0;0;553;0;;;;;
2026-05-07;O_TTKOME0526P70.00;TTKOM_05/2026_AVRUPA_OPSIYON;D_EQ;SSO;D_EQ_EPP;DE_TTKOM_EPP;TTKOM.E;2026-05-25;3.77;4.2;-10.24;0;0;0;0;0;0;0;0;0;0;0;;;;;
2026-05-07;O_TTKOME0526P72.00;TTKOM_05/2026_AVRUPA_OPSIYON;D_EQ;SSO;D_EQ_EPP;DE_TTKOM_EPP;TTKOM.E;2026-05-25;5.22;5.68;-8.1;0;0;0;0;0;0;0;0;0;0;0;;;;;
2026-05-07;O_TTKOME0526P74.00;TTKOM_05/2026_AVRUPA_OPSIYON;D_EQ;SSO;D_EQ_EPP;DE_TTKOM_EPP;TTKOM.E;2026-05-25;6.85;7.33;-6.55;0;0;0;0;0;0;0;0;0;25;0;;;;;
2026-05-07;O_TTKOME0526P76.00;TTKOM_05/2026_AVRUPA_OPSIYON;D_EQ;SSO;D_EQ_EPP;DE_TTKOM_EPP;TTKOM.E;2026-05-25;8.62;9.1;-5.27;0;0;0;0;0;0;0;0;0;0;0;;;;;
2026-05-07;O_TTKOME0626C60.00;TTKOM_06/2026_AVRUPA_OPSIYON;D_EQ;SSO;D_EQ_ECP;DE_TTKOM_ECP;TTKOM.E;2026-06-30;10.18;9.85;3.35;0;0;0;0;0;0;0;0;0;0;0;;;;;
2026-05-07;O_TTKOME0626C62.00;TTKOM_06/2026_AVRUPA_OPSIYON;D_EQ;SSO;D_EQ_ECP;DE_TTKOM_ECP;TTKOM.E;2026-06-30;8.67;8.37;3.58;0;0;0;0;0;0;0;0;0;100;0;;;;;
2026-05-07;O_TTKOME0626C64.00;TTKOM_06/2026_AVRUPA_OPSIYON;D_EQ;SSO;D_EQ_ECP;DE_TTKOM_ECP;TTKOM.E;2026-06-30;7.27;7.02;3.56;0;0;0;0;0;0;0;0;0;0;0;;;;;
2026-05-07;O_TTKOME0626C66.00;TTKOM_06/2026_AVRUPA_OPSIYON;D_EQ;SSO;D_EQ_ECP;DE_TTKOM_ECP;TTKOM.E;2026-06-30;6.01;5.81;3.44;0;0;0;0;0;0;0;0;0;0;0;;;;;
2026-05-07;O_TTKOME0626C68.00;TTKOM_06/2026_AVRUPA_OPSIYON;D_EQ;SSO;D_EQ_ECP;DE_TTKOM_ECP;TTKOM.E;2026-06-30;4.9;4.74;3.38;5.16;5.08;5.16;5.1;5.1;680000;51040;100;3;100;100;;;;;
2026-05-07;O_TTKOME0626C70.00;TTKOM_06/2026_AVRUPA_OPSIYON;D_EQ;SSO;D_EQ_ECP;DE_TTKOM_ECP;TTKOM.E;2026-06-30;3.94;3.82;3.14;0;0;0;0;0;0;0;0;0;0;0;;;;;
2026-05-07;O_TTKOME0626C72.00;TTKOM_06/2026_AVRUPA_OPSIYON;D_EQ;SSO;D_EQ_ECP;DE_TTKOM_ECP;TTKOM.E;2026-06-30;3.12;3.04;2.63;3;3;3;3;3;360000;15000;50;1;0;-50;;;;;
2026-05-07;O_TTKOME0626C74.00;TTKOM_06/2026_AVRUPA_OPSIYON;D_EQ;SSO;D_EQ_ECP;DE_TTKOM_ECP;TTKOM.E;2026-06-30;2.43;2.39;1.67;2.28;2.28;2.28;2.28;2.28;370000;11400;50;1;0;-50;;;;;
2026-05-07;O_TTKOME0626C76.00;TTKOM_06/2026_AVRUPA_OPSIYON;D_EQ;SSO;D_EQ_ECP;DE_TTKOM_ECP;TTKOM.E;2026-06-30;1.87;1.85;1.08;0;0;0;0;0;0;0;0;0;0;0;;;;;
2026-05-07;O_TTKOME0626C78.00;TTKOM_06/2026_AVRUPA_OPSIYON;D_EQ;SSO;D_EQ_ECP;DE_TTKOM_ECP;TTKOM.E;2026-06-30;1.42;1.42;0;0;0;0;0;0;0;0;0;0;0;0;;;;;
2026-05-07;O_TTKOME0626C80.00;TTKOM_06/2026_AVRUPA_OPSIYON;D_EQ;SSO;D_EQ_ECP;DE_TTKOM_ECP;TTKOM.E;2026-06-30;1.07;1.08;-0.93;0.52;0.52;0.52;0.52;0.52;800000;5200;100;1;100;100;;;;;
2026-05-07;O_TTKOME0626C82.00;TTKOM_06/2026_AVRUPA_OPSIYON;D_EQ;SSO;D_EQ_ECP;DE_TTKOM_ECP;TTKOM.E;2026-06-30;0.79;0.81;-2.47;0;0;0;0;0;0;0;0;0;0;0;;;;;
2026-05-07;O_TTKOME0626C84.00;TTKOM_06/2026_AVRUPA_OPSIYON;D_EQ;SSO;D_EQ_ECP;DE_TTKOM_ECP;TTKOM.E;2026-06-30;0.58;0.6;-3.33;0;0;0;0;0;0;0;0;0;0;0;;;;;
2026-05-07;O_TTKOME0626P50.00;TTKOM_06/2026_AVRUPA_OPSIYON;D_EQ;SSO;D_EQ_EPP;DE_TTKOM_EPP;TTKOM.E;2026-06-30;0.03;0.05;-40;0;0;0;0;0;0;0;0;0;0;0;;;;;
2026-05-07;O_TTKOME0626P52.00;TTKOM_06/2026_AVRUPA_OPSIYON;D_EQ;SSO;D_EQ_EPP;DE_TTKOM_EPP;TTKOM.E;2026-06-30;0.07;0.11;-36.36;0;0;0;0;0;0;0;0;0;10;0;;;;;
2026-05-07;O_TTKOME0626P54.00;TTKOM_06/2026_AVRUPA_OPSIYON;D_EQ;SSO;D_EQ_EPP;DE_TTKOM_EPP;TTKOM.E;2026-06-30;0.14;0.2;-30;0;0;0;0;0;0;0;0;0;0;0;;;;;
2026-05-07;O_TTKOME0626P56.00;TTKOM_06/2026_AVRUPA_OPSIYON;D_EQ;SSO;D_EQ_EPP;DE_TTKOM_EPP;TTKOM.E;2026-06-30;0.26;0.34;-23.53;0.4;0.4;0.4;0.4;0.4;560000;4000;100;2;100;100;;;;;
2026-05-07;O_TTKOME0626P58.00;TTKOM_06/2026_AVRUPA_OPSIYON;D_EQ;SSO;D_EQ_EPP;DE_TTKOM_EPP;TTKOM.E;2026-06-30;0.44;0.55;-20;0;0;0;0;0;0;0;0;0;0;0;;;;;
2026-05-07;O_TTKOME0626P60.00;TTKOM_06/2026_AVRUPA_OPSIYON;D_EQ;SSO;D_EQ_EPP;DE_TTKOM_EPP;TTKOM.E;2026-06-30;0.7;0.86;-18.6;0;0;0;0;0;0;0;0;0;0;0;;;;;
2026-05-07;O_TTKOME0626P62.00;TTKOM_06/2026_AVRUPA_OPSIYON;D_EQ;SSO;D_EQ_EPP;DE_TTKOM_EPP;TTKOM.E;2026-06-30;1.08;1.27;-14.96;0;0;0;0;0;0;0;0;0;0;0;;;;;
2026-05-07;O_TTKOME0626P64.00;TTKOM_06/2026_AVRUPA_OPSIYON;D_EQ;SSO;D_EQ_EPP;DE_TTKOM_EPP;TTKOM.E;2026-06-30;1.57;1.81;-13.26;0;0;0;0;0;0;0;0;0;0;0;;;;;
2026-05-07;O_TTKOME0626P66.00;TTKOM_06/2026_AVRUPA_OPSIYON;D_EQ;SSO;D_EQ_EPP;DE_TTKOM_EPP;TTKOM.E;2026-06-30;2.21;2.49;-11.24;0;0;0;0;0;0;0;0;0;0;0;;;;;
2026-05-07;O_TTKOME0626P68.00;TTKOM_06/2026_AVRUPA_OPSIYON;D_EQ;SSO;D_EQ_EPP;DE_TTKOM_EPP;TTKOM.E;2026-06-30;2.99;3.31;-9.67;0;0;0;0;0;0;0;0;0;0;0;;;;;
2026-05-07;O_TTKOME0626P70.00;TTKOM_06/2026_AVRUPA_OPSIYON;D_EQ;SSO;D_EQ_EPP;DE_TTKOM_EPP;TTKOM.E;2026-06-30;3.91;4.27;-8.43;0;0;0;0;0;0;0;0;0;0;0;;;;;
2026-05-07;O_TTKOME0626P72.00;TTKOM_06/2026_AVRUPA_OPSIYON;D_EQ;SSO;D_EQ_EPP;DE_TTKOM_EPP;TTKOM.E;2026-06-30;4.98;5.38;-7.43;5.22;5.22;5.22;5.22;5.22;993600;72036;138;1;138;138;;;;;
2026-05-07;O_TTKOME0626P74.00;TTKOM_06/2026_AVRUPA_OPSIYON;D_EQ;SSO;D_EQ_EPP;DE_TTKOM_EPP;TTKOM.E;2026-06-30;6.19;6.62;-6.5;0;0;0;0;0;0;0;0;0;0;0;;;;;
2026-05-07;O_TTKOME0726C64.00;TTKOM_07/2026_AVRUPA_OPSIYON;D_EQ;SSO;D_EQ_ECP;DE_TTKOM_ECP;TTKOM.E;2026-07-31;10.2;9.93;2.72;0;0;0;0;0;0;0;0;0;0;0;;;;;
2026-05-07;O_TTKOME0726C66.00;TTKOM_07/2026_AVRUPA_OPSIYON;D_EQ;SSO;D_EQ_ECP;DE_TTKOM_ECP;TTKOM.E;2026-07-31;8.9;8.67;2.65;0;0;0;0;0;0;0;0;0;0;0;;;;;
2026-05-07;O_TTKOME0726C68.00;TTKOM_07/2026_AVRUPA_OPSIYON;D_EQ;SSO;D_EQ_ECP;DE_TTKOM_ECP;TTKOM.E;2026-07-31;7.72;7.52;2.66;0;0;0;0;0;0;0;0;0;0;0;;;;;
2026-05-07;O_TTKOME0726C70.00;TTKOM_07/2026_AVRUPA_OPSIYON;D_EQ;SSO;D_EQ_ECP;DE_TTKOM_ECP;TTKOM.E;2026-07-31;6.63;6.47;2.47;0;0;0;0;0;0;0;0;0;0;0;;;;;
2026-05-07;O_TTKOME0726C72.00;TTKOM_07/2026_AVRUPA_OPSIYON;D_EQ;SSO;D_EQ_ECP;DE_TTKOM_ECP;TTKOM.E;2026-07-31;5.66;5.53;2.35;0;0;0;0;0;0;0;0;0;0;0;;;;;
2026-05-07;O_TTKOME0726C74.00;TTKOM_07/2026_AVRUPA_OPSIYON;D_EQ;SSO;D_EQ_ECP;DE_TTKOM_ECP;TTKOM.E;2026-07-31;4.79;4.7;1.91;0;0;0;0;0;0;0;0;0;0;0;;;;;
2026-05-07;O_TTKOME0726C76.00;TTKOM_07/2026_AVRUPA_OPSIYON;D_EQ;SSO;D_EQ_ECP;DE_TTKOM_ECP;TTKOM.E;2026-07-31;4.03;3.97;1.51;0;0;0;0;0;0;0;0;0;0;0;;;;;
2026-05-07;O_TTKOME0726C78.00;TTKOM_07/2026_AVRUPA_OPSIYON;D_EQ;SSO;D_EQ_ECP;DE_TTKOM_ECP;TTKOM.E;2026-07-31;3.36;3.33;0.9;0;0;0;0;0;0;0;0;0;0;0;;;;;
2026-05-07;O_TTKOME0726C80.00;TTKOM_07/2026_AVRUPA_OPSIYON;D_EQ;SSO;D_EQ_ECP;DE_TTKOM_ECP;TTKOM.E;2026-07-31;2.79;2.78;0.36;0;0;0;0;0;0;0;0;0;0;0;;;;;
2026-05-07;O_TTKOME0726C82.00;TTKOM_07/2026_AVRUPA_OPSIYON;D_EQ;SSO;D_EQ_ECP;DE_TTKOM_ECP;TTKOM.E;2026-07-31;2.29;;0;0;0;0;0;0;0;0;0;0;0;0;;;;;
2026-05-07;O_TTKOME0726C84.00;TTKOM_07/2026_AVRUPA_OPSIYON;D_EQ;SSO;D_EQ_ECP;DE_TTKOM_ECP;TTKOM.E;2026-07-31;1.87;;0;0;0;0;0;0;0;0;0;0;0;0;;;;;
2026-05-07;O_TTKOME0726P54.00;TTKOM_07/2026_AVRUPA_OPSIYON;D_EQ;SSO;D_EQ_EPP;DE_TTKOM_EPP;TTKOM.E;2026-07-31;0.21;0.28;-25;0;0;0;0;0;0;0;0;0;0;0;;;;;
2026-05-07;O_TTKOME0726P56.00;TTKOM_07/2026_AVRUPA_OPSIYON;D_EQ;SSO;D_EQ_EPP;DE_TTKOM_EPP;TTKOM.E;2026-07-31;0.34;0.43;-20.93;0;0;0;0;0;0;0;0;0;0;0;;;;;
2026-05-07;O_TTKOME0726P58.00;TTKOM_07/2026_AVRUPA_OPSIYON;D_EQ;SSO;D_EQ_EPP;DE_TTKOM_EPP;TTKOM.E;2026-07-31;0.52;0.63;-17.46;0;0;0;0;0;0;0;0;0;0;0;;;;;
2026-05-07;O_TTKOME0726P60.00;TTKOM_07/2026_AVRUPA_OPSIYON;D_EQ;SSO;D_EQ_EPP;DE_TTKOM_EPP;TTKOM.E;2026-07-31;0.76;0.91;-16.48;0;0;0;0;0;0;0;0;0;0;0;;;;;
2026-05-07;O_TTKOME0726P62.00;TTKOM_07/2026_AVRUPA_OPSIYON;D_EQ;SSO;D_EQ_EPP;DE_TTKOM_EPP;TTKOM.E;2026-07-31;1.08;1.26;-14.29;0;0;0;0;0;0;0;0;0;0;0;;;;;
2026-05-07;O_TTKOME0726P64.00;TTKOM_07/2026_AVRUPA_OPSIYON;D_EQ;SSO;D_EQ_EPP;DE_TTKOM_EPP;TTKOM.E;2026-07-31;1.49;1.71;-12.87;0;0;0;0;0;0;0;0;0;0;0;;;;;
2026-05-07;O_TTKOME0726P66.00;TTKOM_07/2026_AVRUPA_OPSIYON;D_EQ;SSO;D_EQ_EPP;DE_TTKOM_EPP;TTKOM.E;2026-07-31;2;2.24;-10.71;0;0;0;0;0;0;0;0;0;0;0;;;;;
2026-05-07;O_TTKOME0726P68.00;TTKOM_07/2026_AVRUPA_OPSIYON;D_EQ;SSO;D_EQ_EPP;DE_TTKOM_EPP;TTKOM.E;2026-07-31;2.61;2.89;-9.69;0;0;0;0;0;0;0;0;0;0;0;;;;;
2026-05-07;O_TTKOME0726P70.00;TTKOM_07/2026_AVRUPA_OPSIYON;D_EQ;SSO;D_EQ_EPP;DE_TTKOM_EPP;TTKOM.E;2026-07-31;3.32;3.63;-8.54;0;0;0;0;0;0;0;0;0;0;0;;;;;
2026-05-07;O_TTKOME0726P72.00;TTKOM_07/2026_AVRUPA_OPSIYON;D_EQ;SSO;D_EQ_EPP;DE_TTKOM_EPP;TTKOM.E;2026-07-31;4.15;;0;0;0;0;0;0;0;0;0;0;0;0;;;;;
2026-05-07;O_TTKOME0726P74.00;TTKOM_07/2026_AVRUPA_OPSIYON;D_EQ;SSO;D_EQ_EPP;DE_TTKOM_EPP;TTKOM.E;2026-07-31;5.08;;0;0;0;0;0;0;0;0;0;0;0;0;;;;;
2026-05-07;O_TUPRSE0526C230.00;TUPRS_05/2026_AVRUPA_OPSIYON;D_EQ;SSO;D_EQ_ECP;DE_TUPRS_ECP;TUPRS.E;2026-05-25;34.28;46.18;-25.77;0;0;0;0;0;0;0;0;0;0;0;;;;;
2026-05-07;O_TUPRSE0526C235.00;TUPRS_05/2026_AVRUPA_OPSIYON;D_EQ;SSO;D_EQ_ECP;DE_TUPRS_ECP;TUPRS.E;2026-05-25;29.82;41.53;-28.2;0;0;0;0;0;0;0;0;0;0;0;;;;;
2026-05-07;O_TUPRSE0526C240.00;TUPRS_05/2026_AVRUPA_OPSIYON;D_EQ;SSO;D_EQ_ECP;DE_TUPRS_ECP;TUPRS.E;2026-05-25;25.55;36.98;-30.91;0;0;0;0;0;0;0;0;0;0;0;;;;;
2026-05-07;O_TUPRSE0526C245.00;TUPRS_05/2026_AVRUPA_OPSIYON;D_EQ;SSO;D_EQ_ECP;DE_TUPRS_ECP;TUPRS.E;2026-05-25;21.54;32.53;-33.78;0;0;0;0;0;0;0;0;0;60;0;;;;;
2026-05-07;O_TUPRSE0526C250.00;TUPRS_05/2026_AVRUPA_OPSIYON;D_EQ;SSO;D_EQ_ECP;DE_TUPRS_ECP;TUPRS.E;2026-05-25;17.82;28.23;-36.88;0;0;0;0;0;0;0;0;0;119;0;;;;;
2026-05-07;O_TUPRSE0526C260.00;TUPRS_05/2026_AVRUPA_OPSIYON;D_EQ;SSO;D_EQ_ECP;DE_TUPRS_ECP;TUPRS.E;2026-05-25;11.59;20.2;-42.62;0;0;0;0;0;0;0;0;0;64;0;;;;;
2026-05-07;O_TUPRSE0526C270.00;TUPRS_05/2026_AVRUPA_OPSIYON;D_EQ;SSO;D_EQ_ECP;DE_TUPRS_ECP;TUPRS.E;2026-05-25;7.01;13.63;-48.57;0;0;0;0;0;0;0;0;0;150;0;;;;;
2026-05-07;O_TUPRSE0526C280.00;TUPRS_05/2026_AVRUPA_OPSIYON;D_EQ;SSO;D_EQ_ECP;DE_TUPRS_ECP;TUPRS.E;2026-05-25;3.98;8.69;-54.2;3.06;2.96;3.06;2.96;2.99;1120000;11940;40;4;156;-40;;;;;
2026-05-07;O_TUPRSE0526C290.00;TUPRS_05/2026_AVRUPA_OPSIYON;D_EQ;SSO;D_EQ_ECP;DE_TUPRS_ECP;TUPRS.E;2026-05-25;2.18;5.34;-59.18;1.59;1.25;1.59;1.4;1.41;2349000;11461;81;8;933;51;;;;;
2026-05-07;O_TUPRSE0526C300.00;TUPRS_05/2026_AVRUPA_OPSIYON;D_EQ;SSO;D_EQ_ECP;DE_TUPRS_ECP;TUPRS.E;2026-05-25;1.14;3.49;-67.34;0;0;0;0;0;0;0;0;0;158;0;;;;;
2026-05-07;O_TUPRSE0526C310.00;TUPRS_05/2026_AVRUPA_OPSIYON;D_EQ;SSO;D_EQ_ECP;DE_TUPRS_ECP;TUPRS.E;2026-05-25;0.58;2.32;-75;0;0;0;0;0;0;0;0;0;0;0;;;;;
2026-05-07;O_TUPRSE0526C320.00;TUPRS_05/2026_AVRUPA_OPSIYON;D_EQ;SSO;D_EQ_ECP;DE_TUPRS_ECP;TUPRS.E;2026-05-25;0.29;1.58;-81.65;0;0;0;0;0;0;0;0;0;2;0;;;;;
2026-05-07;O_TUPRSE0526C330.00;TUPRS_05/2026_AVRUPA_OPSIYON;D_EQ;SSO;D_EQ_ECP;DE_TUPRS_ECP;TUPRS.E;2026-05-25;0.14;1.11;-87.39;0;0;0;0;0;0;0;0;0;1;0;;;;;
2026-05-07;O_TUPRSE0526C340.00;TUPRS_05/2026_AVRUPA_OPSIYON;D_EQ;SSO;D_EQ_ECP;DE_TUPRS_ECP;TUPRS.E;2026-05-25;0.07;0.8;-91.25;0;0;0;0;0;0;0;0;0;0;0;;;;;
2026-05-07;O_TUPRSE0526P205.00;TUPRS_05/2026_AVRUPA_OPSIYON;D_EQ;SSO;D_EQ_EPP;DE_TUPRS_EPP;TUPRS.E;2026-05-25;0.04;0.11;-63.64;0;0;0;0;0;0;0;0;0;0;0;;;;;
2026-05-07;O_TUPRSE0526P210.00;TUPRS_05/2026_AVRUPA_OPSIYON;D_EQ;SSO;D_EQ_EPP;DE_TUPRS_EPP;TUPRS.E;2026-05-25;0.08;0.17;-52.94;0;0;0;0;0;0;0;0;0;0;0;;;;;
2026-05-07;O_TUPRSE0526P215.00;TUPRS_05/2026_AVRUPA_OPSIYON;D_EQ;SSO;D_EQ_EPP;DE_TUPRS_EPP;TUPRS.E;2026-05-25;0.15;0.24;-37.5;0;0;0;0;0;0;0;0;0;0;0;;;;;
2026-05-07;O_TUPRSE0526P220.00;TUPRS_05/2026_AVRUPA_OPSIYON;D_EQ;SSO;D_EQ_EPP;DE_TUPRS_EPP;TUPRS.E;2026-05-25;0.26;0.34;-23.53;0;0;0;0;0;0;0;0;0;0;0;;;;;
2026-05-07;O_TUPRSE0526P225.00;TUPRS_05/2026_AVRUPA_OPSIYON;D_EQ;SSO;D_EQ_EPP;DE_TUPRS_EPP;TUPRS.E;2026-05-25;0.46;0.48;-4.17;0;0;0;0;0;0;0;0;0;0;0;;;;;
2026-05-07;O_TUPRSE0526P230.00;TUPRS_05/2026_AVRUPA_OPSIYON;D_EQ;SSO;D_EQ_EPP;DE_TUPRS_EPP;TUPRS.E;2026-05-25;0.76;0.67;13.43;0;0;0;0;0;0;0;0;0;0;0;;;;;
2026-05-07;O_TUPRSE0526P235.00;TUPRS_05/2026_AVRUPA_OPSIYON;D_EQ;SSO;D_EQ_EPP;DE_TUPRS_EPP;TUPRS.E;2026-05-25;1.2;0.93;29.03;0;0;0;0;0;0;0;0;0;0;0;;;;;
2026-05-07;O_TUPRSE0526P240.00;TUPRS_05/2026_AVRUPA_OPSIYON;D_EQ;SSO;D_EQ_EPP;DE_TUPRS_EPP;TUPRS.E;2026-05-25;1.85;1.28;44.53;0;0;0;0;0;0;0;0;0;0;0;;;;;
2026-05-07;O_TUPRSE0526P245.00;TUPRS_05/2026_AVRUPA_OPSIYON;D_EQ;SSO;D_EQ_EPP;DE_TUPRS_EPP;TUPRS.E;2026-05-25;2.74;1.74;57.47;2.12;2.12;2.12;2.12;2.12;686000;5936;28;1;28;28;;;;;
2026-05-07;O_TUPRSE0526P250.00;TUPRS_05/2026_AVRUPA_OPSIYON;D_EQ;SSO;D_EQ_EPP;DE_TUPRS_EPP;TUPRS.E;2026-05-25;3.93;2.34;67.95;3.08;2.45;3.72;3.72;2.81;6575000;74025;263;5;217;195;;;;;
2026-05-07;O_TUPRSE0526P260.00;TUPRS_05/2026_AVRUPA_OPSIYON;D_EQ;SSO;D_EQ_EPP;DE_TUPRS_EPP;TUPRS.E;2026-05-25;7.51;4.11;82.73;5.16;5.16;5.49;5.45;5.44;65962000;1067647;2537;5;1687;989;;;;;
2026-05-07;O_TUPRSE0526P270.00;TUPRS_05/2026_AVRUPA_OPSIYON;D_EQ;SSO;D_EQ_EPP;DE_TUPRS_EPP;TUPRS.E;2026-05-25;12.74;7.34;73.57;0;0;0;0;0;0;0;0;0;515;0;;;;;
2026-05-07;O_TUPRSE0526P280.00;TUPRS_05/2026_AVRUPA_OPSIYON;D_EQ;SSO;D_EQ_EPP;DE_TUPRS_EPP;TUPRS.E;2026-05-25;19.53;12.2;60.08;0;0;0;0;0;0;0;0;0;250;0;;;;;
2026-05-07;O_TUPRSE0526P290.00;TUPRS_05/2026_AVRUPA_OPSIYON;D_EQ;SSO;D_EQ_EPP;DE_TUPRS_EPP;TUPRS.E;2026-05-25;27.54;18.66;47.59;0;0;0;0;0;0;0;0;0;183;0;;;;;
2026-05-07;O_TUPRSE0626C260.00;TUPRS_06/2026_AVRUPA_OPSIYON;D_EQ;SSO;D_EQ_ECP;DE_TUPRS_ECP;TUPRS.E;2026-06-30;23.65;33.44;-29.28;0;0;0;0;0;0;0;0;0;0;0;;;;;
2026-05-07;O_TUPRSE0626C270.00;TUPRS_06/2026_AVRUPA_OPSIYON;D_EQ;SSO;D_EQ_ECP;DE_TUPRS_ECP;TUPRS.E;2026-06-30;18.36;26.46;-30.61;0;0;0;0;0;0;0;0;0;1;0;;;;;
2026-05-07;O_TUPRSE0626C280.00;TUPRS_06/2026_AVRUPA_OPSIYON;D_EQ;SSO;D_EQ_ECP;DE_TUPRS_ECP;TUPRS.E;2026-06-30;14.05;20.83;-32.55;0;0;0;0;0;0;0;0;0;100;0;;;;;
2026-05-07;O_TUPRSE0626C290.00;TUPRS_06/2026_AVRUPA_OPSIYON;D_EQ;SSO;D_EQ_ECP;DE_TUPRS_ECP;TUPRS.E;2026-06-30;10.69;16.31;-34.46;0;0;0;0;0;0;0;0;0;0;0;;;;;
2026-05-07;O_TUPRSE0626C300.00;TUPRS_06/2026_AVRUPA_OPSIYON;D_EQ;SSO;D_EQ_ECP;DE_TUPRS_ECP;TUPRS.E;2026-06-30;8.14;12.94;-37.09;0;0;0;0;0;0;0;0;0;0;0;;;;;
2026-05-07;O_TUPRSE0626C310.00;TUPRS_06/2026_AVRUPA_OPSIYON;D_EQ;SSO;D_EQ_ECP;DE_TUPRS_ECP;TUPRS.E;2026-06-30;6.18;10.81;-42.83;0;0;0;0;0;0;0;0;0;0;0;;;;;
2026-05-07;O_TUPRSE0626C320.00;TUPRS_06/2026_AVRUPA_OPSIYON;D_EQ;SSO;D_EQ_ECP;DE_TUPRS_ECP;TUPRS.E;2026-06-30;4.67;9.17;-49.07;0;0;0;0;0;0;0;0;0;0;0;;;;;
2026-05-07;O_TUPRSE0626C330.00;TUPRS_06/2026_AVRUPA_OPSIYON;D_EQ;SSO;D_EQ_ECP;DE_TUPRS_ECP;TUPRS.E;2026-06-30;3.54;7.9;-55.19;0;0;0;0;0;0;0;0;0;0;0;;;;;
2026-05-07;O_TUPRSE0626C340.00;TUPRS_06/2026_AVRUPA_OPSIYON;D_EQ;SSO;D_EQ_ECP;DE_TUPRS_ECP;TUPRS.E;2026-06-30;2.68;6.9;-61.16;0;0;0;0;0;0;0;0;0;0;0;;;;;
2026-05-07;O_TUPRSE0626C350.00;TUPRS_06/2026_AVRUPA_OPSIYON;D_EQ;SSO;D_EQ_ECP;DE_TUPRS_ECP;TUPRS.E;2026-06-30;2.04;6.12;-66.67;0;0;0;0;0;0;0;0;0;0;0;;;;;
2026-05-07;O_TUPRSE0626P230.00;TUPRS_06/2026_AVRUPA_OPSIYON;D_EQ;SSO;D_EQ_EPP;DE_TUPRS_EPP;TUPRS.E;2026-06-30;2.98;3.52;-15.34;0;0;0;0;0;0;0;0;0;0;0;;;;;
2026-05-07;O_TUPRSE0626P235.00;TUPRS_06/2026_AVRUPA_OPSIYON;D_EQ;SSO;D_EQ_EPP;DE_TUPRS_EPP;TUPRS.E;2026-06-30;3.76;4.06;-7.39;0;0;0;0;0;0;0;0;0;0;0;;;;;
2026-05-07;O_TUPRSE0626P240.00;TUPRS_06/2026_AVRUPA_OPSIYON;D_EQ;SSO;D_EQ_EPP;DE_TUPRS_EPP;TUPRS.E;2026-06-30;4.68;4.66;0.43;0;0;0;0;0;0;0;0;0;0;0;;;;;
2026-05-07;O_TUPRSE0626P245.00;TUPRS_06/2026_AVRUPA_OPSIYON;D_EQ;SSO;D_EQ_EPP;DE_TUPRS_EPP;TUPRS.E;2026-06-30;5.77;5.34;8.05;0;0;0;0;0;0;0;0;0;0;0;;;;;
2026-05-07;O_TUPRSE0626P250.00;TUPRS_06/2026_AVRUPA_OPSIYON;D_EQ;SSO;D_EQ_EPP;DE_TUPRS_EPP;TUPRS.E;2026-06-30;7.03;6.11;15.06;4.96;4.96;4.96;4.96;4.96;500000;9920;20;2;20;20;;;;;
2026-05-07;O_TUPRSE0626P260.00;TUPRS_06/2026_AVRUPA_OPSIYON;D_EQ;SSO;D_EQ_EPP;DE_TUPRS_EPP;TUPRS.E;2026-06-30;10.19;7.97;27.85;0;0;0;0;0;0;0;0;0;0;0;;;;;
2026-05-07;O_TUPRSE0626P270.00;TUPRS_06/2026_AVRUPA_OPSIYON;D_EQ;SSO;D_EQ_EPP;DE_TUPRS_EPP;TUPRS.E;2026-06-30;14.35;10.43;37.58;0;0;0;0;0;0;0;0;0;0;0;;;;;
2026-05-07;O_TUPRSE0626P280.00;TUPRS_06/2026_AVRUPA_OPSIYON;D_EQ;SSO;D_EQ_EPP;DE_TUPRS_EPP;TUPRS.E;2026-06-30;19.49;14.25;36.77;0;0;0;0;0;0;0;0;0;140;0;;;;;
2026-05-07;O_TUPRSE0626P290.00;TUPRS_06/2026_AVRUPA_OPSIYON;D_EQ;SSO;D_EQ_EPP;DE_TUPRS_EPP;TUPRS.E;2026-06-30;25.59;19.17;33.49;0;0;0;0;0;0;0;0;0;0;0;;;;;
2026-05-07;O_TUPRSE0626P300.00;TUPRS_06/2026_AVRUPA_OPSIYON;D_EQ;SSO;D_EQ_EPP;DE_TUPRS_EPP;TUPRS.E;2026-06-30;32.49;25.25;28.67;0;0;0;0;0;0;0;0;0;0;0;;;;;
2026-05-07;O_TUPRSE0726C280.00;TUPRS_07/2026_AVRUPA_OPSIYON;D_EQ;SSO;D_EQ_ECP;DE_TUPRS_ECP;TUPRS.E;2026-07-31;24.35;32.77;-25.69;0;0;0;0;0;0;0;0;0;0;0;;;;;
2026-05-07;O_TUPRSE0726C290.00;TUPRS_07/2026_AVRUPA_OPSIYON;D_EQ;SSO;D_EQ_ECP;DE_TUPRS_ECP;TUPRS.E;2026-07-31;20.06;27.35;-26.65;0;0;0;0;0;0;0;0;0;0;0;;;;;
2026-05-07;O_TUPRSE0726C300.00;TUPRS_07/2026_AVRUPA_OPSIYON;D_EQ;SSO;D_EQ_ECP;DE_TUPRS_ECP;TUPRS.E;2026-07-31;16.64;23;-27.65;0;0;0;0;0;0;0;0;0;0;0;;;;;
2026-05-07;O_TUPRSE0726C310.00;TUPRS_07/2026_AVRUPA_OPSIYON;D_EQ;SSO;D_EQ_ECP;DE_TUPRS_ECP;TUPRS.E;2026-07-31;13.8;19.78;-30.23;0;0;0;0;0;0;0;0;0;0;0;;;;;
2026-05-07;O_TUPRSE0726C320.00;TUPRS_07/2026_AVRUPA_OPSIYON;D_EQ;SSO;D_EQ_ECP;DE_TUPRS_ECP;TUPRS.E;2026-07-31;11.44;17.6;-35;0;0;0;0;0;0;0;0;0;0;0;;;;;
2026-05-07;O_TUPRSE0726C330.00;TUPRS_07/2026_AVRUPA_OPSIYON;D_EQ;SSO;D_EQ_ECP;DE_TUPRS_ECP;TUPRS.E;2026-07-31;9.5;15.85;-40.06;0;0;0;0;0;0;0;0;0;0;0;;;;;
2026-05-07;O_TUPRSE0726C340.00;TUPRS_07/2026_AVRUPA_OPSIYON;D_EQ;SSO;D_EQ_ECP;DE_TUPRS_ECP;TUPRS.E;2026-07-31;7.9;14.42;-45.21;0;0;0;0;0;0;0;0;0;0;0;;;;;
2026-05-07;O_TUPRSE0726C350.00;TUPRS_07/2026_AVRUPA_OPSIYON;D_EQ;SSO;D_EQ_ECP;DE_TUPRS_ECP;TUPRS.E;2026-07-31;6.58;13.27;-50.41;0;0;0;0;0;0;0;0;0;0;0;;;;;
2026-05-07;O_TUPRSE0726C360.00;TUPRS_07/2026_AVRUPA_OPSIYON;D_EQ;SSO;D_EQ_ECP;DE_TUPRS_ECP;TUPRS.E;2026-07-31;5.5;12.33;-55.39;0;0;0;0;0;0;0;0;0;0;0;;;;;
2026-05-07;O_TUPRSE0726P240.00;TUPRS_07/2026_AVRUPA_OPSIYON;D_EQ;SSO;D_EQ_EPP;DE_TUPRS_EPP;TUPRS.E;2026-07-31;5.06;5.97;-15.24;0;0;0;0;0;0;0;0;0;0;0;;;;;
2026-05-07;O_TUPRSE0726P245.00;TUPRS_07/2026_AVRUPA_OPSIYON;D_EQ;SSO;D_EQ_EPP;DE_TUPRS_EPP;TUPRS.E;2026-07-31;5.99;6.57;-8.83;0;0;0;0;0;0;0;0;0;0;0;;;;;
2026-05-07;O_TUPRSE0726P250.00;TUPRS_07/2026_AVRUPA_OPSIYON;D_EQ;SSO;D_EQ_EPP;DE_TUPRS_EPP;TUPRS.E;2026-07-31;7.03;7.23;-2.77;0;0;0;0;0;0;0;0;0;0;0;;;;;
2026-05-07;O_TUPRSE0726P260.00;TUPRS_07/2026_AVRUPA_OPSIYON;D_EQ;SSO;D_EQ_EPP;DE_TUPRS_EPP;TUPRS.E;2026-07-31;9.5;8.72;8.94;0;0;0;0;0;0;0;0;0;0;0;;;;;
2026-05-07;O_TUPRSE0726P270.00;TUPRS_07/2026_AVRUPA_OPSIYON;D_EQ;SSO;D_EQ_EPP;DE_TUPRS_EPP;TUPRS.E;2026-07-31;12.7;10.5;20.95;0;0;0;0;0;0;0;0;0;0;0;;;;;
2026-05-07;O_TUPRSE0726P280.00;TUPRS_07/2026_AVRUPA_OPSIYON;D_EQ;SSO;D_EQ_EPP;DE_TUPRS_EPP;TUPRS.E;2026-07-31;16.66;13;28.15;0;0;0;0;0;0;0;0;0;0;0;;;;;
2026-05-07;O_TUPRSE0726P290.00;TUPRS_07/2026_AVRUPA_OPSIYON;D_EQ;SSO;D_EQ_EPP;DE_TUPRS_EPP;TUPRS.E;2026-07-31;21.35;16.56;28.93;0;0;0;0;0;0;0;0;0;0;0;;;;;
2026-05-07;O_TUPRSE0726P300.00;TUPRS_07/2026_AVRUPA_OPSIYON;D_EQ;SSO;D_EQ_EPP;DE_TUPRS_EPP;TUPRS.E;2026-07-31;26.91;21.19;26.99;0;0;0;0;0;0;0;0;0;0;0;;;;;
2026-05-07;O_TUPRSE0726P310.00;TUPRS_07/2026_AVRUPA_OPSIYON;D_EQ;SSO;D_EQ_EPP;DE_TUPRS_EPP;TUPRS.E;2026-07-31;33.06;26.94;22.72;0;0;0;0;0;0;0;0;0;0;0;;;;;
2026-05-07;O_USDTRYKE0526C45000;USDTRY_05/2026_AVRUPA_OPSIYON;D_CR;CRO;D_CR_ECO;DE_USDTRYK_ECO;D_USDTRYK;2026-05-25;1017.9;1047;-2.78;0;0;0;0;0;0;0;0;0;0;0;;;;;
2026-05-07;O_USDTRYKE0526C45500;USDTRY_05/2026_AVRUPA_OPSIYON;D_CR;CRO;D_CR_ECO;DE_USDTRYK_ECO;D_USDTRYK;2026-05-25;650.8;678.9;-4.14;0;0;0;0;0;0;0;0;0;400;0;;;;;
2026-05-07;O_USDTRYKE0526C46000;USDTRY_05/2026_AVRUPA_OPSIYON;D_CR;CRO;D_CR_ECO;DE_USDTRYK_ECO;D_USDTRYK;2026-05-25;371.2;395.3;-6.1;190;174.6;190;188;189.7;110722000;456622.2;2407;25;56376;200;;;;;
2026-05-07;O_USDTRYKE0526C47000;USDTRY_05/2026_AVRUPA_OPSIYON;D_CR;CRO;D_CR_ECO;DE_USDTRYK_ECO;D_USDTRYK;2026-05-25;143.6;174.4;-17.66;124.5;120;147.9;147.9;135.7;158766000;458363.1;3378;30;37564;-137;;;;;
2026-05-07;O_USDTRYKE0526C47500;USDTRY_05/2026_AVRUPA_OPSIYON;D_CR;CRO;D_CR_ECO;DE_USDTRYK_ECO;D_USDTRYK;2026-05-25;128.7;157.4;-18.23;112.6;112.6;132;132;124.6;205200000;538326;4320;31;37433;200;;;;;
2026-05-07;O_USDTRYKE0526C48000;USDTRY_05/2026_AVRUPA_OPSIYON;D_CR;CRO;D_CR_ECO;DE_USDTRYK_ECO;D_USDTRYK;2026-05-25;101.2;125;-19.04;95;90;100;95;95.1;303600000;601385;6325;37;28634;2271;;;;;
2026-05-07;O_USDTRYKE0526C48500;USDTRY_05/2026_AVRUPA_OPSIYON;D_CR;CRO;D_CR_ECO;DE_USDTRYK_ECO;D_USDTRYK;2026-05-25;83.1;103.1;-19.4;0;0;0;0;0;0;0;0;0;34350;0;;;;;
2026-05-07;O_USDTRYKE0526C49000;USDTRY_05/2026_AVRUPA_OPSIYON;D_CR;CRO;D_CR_ECO;DE_USDTRYK_ECO;D_USDTRYK;2026-05-25;70.7;87.8;-19.48;0;0;0;0;0;0;0;0;0;21700;0;;;;;
2026-05-07;O_USDTRYKE0526C49500;USDTRY_05/2026_AVRUPA_OPSIYON;D_CR;CRO;D_CR_ECO;DE_USDTRYK_ECO;D_USDTRYK;2026-05-25;61.9;76.8;-19.4;60;60;60;60;60;49500000;60000;1000;2;46000;800;;;;;
2026-05-07;O_USDTRYKE0526C50000;USDTRY_05/2026_AVRUPA_OPSIYON;D_CR;CRO;D_CR_ECO;DE_USDTRYK_ECO;D_USDTRYK;2026-05-25;55.6;68.8;-19.19;0;0;0;0;0;0;0;0;0;2625;0;;;;;
2026-05-07;O_USDTRYKE0526P42000;USDTRY_05/2026_AVRUPA_OPSIYON;D_CR;CRO;D_CR_EPO;DE_USDTRYK_EPO;D_USDTRYK;2026-05-25;0.1;0.1;0;0;0;0;0;0;0;0;0;0;0;0;;;;;
2026-05-07;O_USDTRYKE0526P42500;USDTRY_05/2026_AVRUPA_OPSIYON;D_CR;CRO;D_CR_EPO;DE_USDTRYK_EPO;D_USDTRYK;2026-05-25;0.1;0.1;0;0;0;0;0;0;0;0;0;0;10;0;;;;;
2026-05-07;O_USDTRYKE0526P43000;USDTRY_05/2026_AVRUPA_OPSIYON;D_CR;CRO;D_CR_EPO;DE_USDTRYK_EPO;D_USDTRYK;2026-05-25;0.4;0.5;-20;0;0;0;0;0;0;0;0;0;0;0;;;;;
2026-05-07;O_USDTRYKE0526P43500;USDTRY_05/2026_AVRUPA_OPSIYON;D_CR;CRO;D_CR_EPO;DE_USDTRYK_EPO;D_USDTRYK;2026-05-25;2.2;2.6;-15.38;0;0;0;0;0;0;0;0;0;0;0;;;;;
2026-05-07;O_USDTRYKE0526P44000;USDTRY_05/2026_AVRUPA_OPSIYON;D_CR;CRO;D_CR_EPO;DE_USDTRYK_EPO;D_USDTRYK;2026-05-25;9.7;10.7;-9.35;0;0;0;0;0;0;0;0;0;0;0;;;;;
2026-05-07;O_USDTRYKE0526P44500;USDTRY_05/2026_AVRUPA_OPSIYON;D_CR;CRO;D_CR_EPO;DE_USDTRYK_EPO;D_USDTRYK;2026-05-25;33.7;35.5;-5.07;0;0;0;0;0;0;0;0;0;0;0;;;;;
2026-05-07;O_USDTRYKE0526P45000;USDTRY_05/2026_AVRUPA_OPSIYON;D_CR;CRO;D_CR_EPO;DE_USDTRYK_EPO;D_USDTRYK;2026-05-25;94.5;96.6;-2.17;0.1;0.1;0.1;0.1;0.1;45000;0.1;1;1;1;1;;;;;
2026-05-07;O_USDTRYKE0526P45500;USDTRY_05/2026_AVRUPA_OPSIYON;D_CR;CRO;D_CR_EPO;DE_USDTRYK_EPO;D_USDTRYK;2026-05-25;219.4;220;-0.27;0.2;0.2;15;15;14.9;5050500;1650.2;111;3;1299;-101;;;;;
2026-05-07;O_USDTRYKE0526P46000;USDTRY_05/2026_AVRUPA_OPSIYON;D_CR;CRO;D_CR_EPO;DE_USDTRYK_EPO;D_USDTRYK;2026-05-25;431.6;427.9;0.86;250;230.1;264.8;243;239.4;381800000;1986849.5;8300;44;23676;4800;;;;;
2026-05-07;O_USDTRYKE0526P46500;USDTRY_05/2026_AVRUPA_OPSIYON;D_CR;CRO;D_CR_EPO;DE_USDTRYK_EPO;D_USDTRYK;2026-05-25;737.9;732.9;0.68;679.7;679.7;680;680;679.9;12369000;180850;266;3;23853;200;;;;;
2026-05-07;O_USDTRYKE0526P47000;USDTRY_05/2026_AVRUPA_OPSIYON;D_CR;CRO;D_CR_EPO;DE_USDTRYK_EPO;D_USDTRYK;2026-05-25;1187.9;1189.9;-0.17;0;0;0;0;0;0;0;0;0;13160;0;;;;;
2026-05-07;O_USDTRYKE0526P47500;USDTRY_05/2026_AVRUPA_OPSIYON;D_CR;CRO;D_CR_EPO;DE_USDTRYK_EPO;D_USDTRYK;2026-05-25;1664.9;1664.4;0.03;0;0;0;0;0;0;0;0;0;2350;0;;;;;
2026-05-07;O_USDTRYKE0526P48000;USDTRY_05/2026_AVRUPA_OPSIYON;D_CR;CRO;D_CR_EPO;DE_USDTRYK_EPO;D_USDTRYK;2026-05-25;2129.4;2123.5;0.28;0;0;0;0;0;0;0;0;0;0;0;;;;;
2026-05-07;O_USDTRYKE0626C46500;USDTRY_06/2026_AVRUPA_OPSIYON;D_CR;CRO;D_CR_ECO;DE_USDTRYK_ECO;D_USDTRYK;2026-06-30;1237.2;1261.3;-1.91;0;0;0;0;0;0;0;0;0;2;0;;;;;
2026-05-07;O_USDTRYKE0626C47000;USDTRY_06/2026_AVRUPA_OPSIYON;D_CR;CRO;D_CR_ECO;DE_USDTRYK_ECO;D_USDTRYK;2026-06-30;930.3;956.3;-2.72;723.2;641.7;723.2;687;659.9;65800000;923824;1400;10;10306;1400;;;;;
2026-05-07;O_USDTRYKE0626C48000;USDTRY_06/2026_AVRUPA_OPSIYON;D_CR;CRO;D_CR_ECO;DE_USDTRYK_ECO;D_USDTRYK;2026-06-30;638;693.7;-8.03;498.1;498.1;498.1;498.1;498.1;3840000;39848;80;1;20281;0;;;;;
2026-05-07;O_USDTRYKE0626C48500;USDTRY_06/2026_AVRUPA_OPSIYON;D_CR;CRO;D_CR_ECO;DE_USDTRYK_ECO;D_USDTRYK;2026-06-30;580.9;630.7;-7.9;474.8;443;474.8;443;470.8;74205000;720280;1530;17;57693;1330;;;;;
2026-05-07;O_USDTRYKE0626C49000;USDTRY_06/2026_AVRUPA_OPSIYON;D_CR;CRO;D_CR_ECO;DE_USDTRYK_ECO;D_USDTRYK;2026-06-30;543.1;587.5;-7.56;0;0;0;0;0;0;0;0;0;70725;0;;;;;
2026-05-07;O_USDTRYKE0626C49500;USDTRY_06/2026_AVRUPA_OPSIYON;D_CR;CRO;D_CR_ECO;DE_USDTRYK_ECO;D_USDTRYK;2026-06-30;518.3;558;-7.11;0;0;0;0;0;0;0;0;0;27281;0;;;;;
2026-05-07;O_USDTRYKE0626C50000;USDTRY_06/2026_AVRUPA_OPSIYON;D_CR;CRO;D_CR_ECO;DE_USDTRYK_ECO;D_USDTRYK;2026-06-30;482.8;517;-6.62;0;0;0;0;0;0;0;0;0;24157;0;;;;;
2026-05-07;O_USDTRYKE0626C51000;USDTRY_06/2026_AVRUPA_OPSIYON;D_CR;CRO;D_CR_ECO;DE_USDTRYK_ECO;D_USDTRYK;2026-06-30;404.6;433.1;-6.58;0;0;0;0;0;0;0;0;0;13355;0;;;;;
2026-05-07;O_USDTRYKE0626C52000;USDTRY_06/2026_AVRUPA_OPSIYON;D_CR;CRO;D_CR_ECO;DE_USDTRYK_ECO;D_USDTRYK;2026-06-30;352.2;376.2;-6.38;0;0;0;0;0;0;0;0;0;2150;0;;;;;
2026-05-07;O_USDTRYKE0626C53000;USDTRY_06/2026_AVRUPA_OPSIYON;D_CR;CRO;D_CR_ECO;DE_USDTRYK_ECO;D_USDTRYK;2026-06-30;316.2;336.6;-6.06;0;0;0;0;0;0;0;0;0;251;0;;;;;
2026-05-07;O_USDTRYKE0626P43500;USDTRY_06/2026_AVRUPA_OPSIYON;D_CR;CRO;D_CR_EPO;DE_USDTRYK_EPO;D_USDTRYK;2026-06-30;6.8;6.9;-1.45;0;0;0;0;0;0;0;0;0;0;0;;;;;
2026-05-07;O_USDTRYKE0626P44000;USDTRY_06/2026_AVRUPA_OPSIYON;D_CR;CRO;D_CR_EPO;DE_USDTRYK_EPO;D_USDTRYK;2026-06-30;15.5;15.7;-1.27;0;0;0;0;0;0;0;0;0;0;0;;;;;
2026-05-07;O_USDTRYKE0626P44500;USDTRY_06/2026_AVRUPA_OPSIYON;D_CR;CRO;D_CR_EPO;DE_USDTRYK_EPO;D_USDTRYK;2026-06-30;32.8;33.1;-0.91;0;0;0;0;0;0;0;0;0;0;0;;;;;
2026-05-07;O_USDTRYKE0626P45000;USDTRY_06/2026_AVRUPA_OPSIYON;D_CR;CRO;D_CR_EPO;DE_USDTRYK_EPO;D_USDTRYK;2026-06-30;64.4;64.5;-0.16;0;0;0;0;0;0;0;0;0;0;0;;;;;
2026-05-07;O_USDTRYKE0626P45500;USDTRY_06/2026_AVRUPA_OPSIYON;D_CR;CRO;D_CR_EPO;DE_USDTRYK_EPO;D_USDTRYK;2026-06-30;117.8;117.5;0.26;0;0;0;0;0;0;0;0;0;0;0;;;;;
2026-05-07;O_USDTRYKE0626P46000;USDTRY_06/2026_AVRUPA_OPSIYON;D_CR;CRO;D_CR_EPO;DE_USDTRYK_EPO;D_USDTRYK;2026-06-30;201.6;200.3;0.65;0;0;0;0;0;0;0;0;0;0;0;;;;;
2026-05-07;O_USDTRYKE0626P46500;USDTRY_06/2026_AVRUPA_OPSIYON;D_CR;CRO;D_CR_EPO;DE_USDTRYK_EPO;D_USDTRYK;2026-06-30;324.5;321.6;0.9;57.2;56.9;77.6;72.8;62.3;12787500;17134;275;5;2725;255;;;;;
2026-05-07;O_USDTRYKE0626P47000;USDTRY_06/2026_AVRUPA_OPSIYON;D_CR;CRO;D_CR_EPO;DE_USDTRYK_EPO;D_USDTRYK;2026-06-30;493.7;492.4;0.26;290;268;321.5;268;278.4;329000000;1948730;7000;26;7993;6300;;;;;
2026-05-07;O_USDTRYKE0626P47500;USDTRY_06/2026_AVRUPA_OPSIYON;D_CR;CRO;D_CR_EPO;DE_USDTRYK_EPO;D_USDTRYK;2026-06-30;788.1;827.2;-4.73;635.1;633.6;639.1;633.6;634.4;4512500;60266.5;95;6;800;0;;;;;
2026-05-07;O_USDTRYKE0626P48000;USDTRY_06/2026_AVRUPA_OPSIYON;D_CR;CRO;D_CR_EPO;DE_USDTRYK_EPO;D_USDTRYK;2026-06-30;1153.9;1181.2;-2.31;1055;1038.4;1055;1038.5;1041.1;41520000;900534.1;865;21;1765;765;;;;;
2026-05-07;O_USDTRYKE0626P48500;USDTRY_06/2026_AVRUPA_OPSIYON;D_CR;CRO;D_CR_EPO;DE_USDTRYK_EPO;D_USDTRYK;2026-06-30;1572.9;1593.9;-1.32;1460.2;1460.2;1460.2;1460.2;1460.2;48500;1460.2;1;1;213;1;;;;;
2026-05-07;O_USDTRYKE0626P49000;USDTRY_06/2026_AVRUPA_OPSIYON;D_CR;CRO;D_CR_EPO;DE_USDTRYK_EPO;D_USDTRYK;2026-06-30;2011.3;2026.6;-0.75;0;0;0;0;0;0;0;0;0;1;0;;;;;
2026-05-07;O_USDTRYKE0626P49500;USDTRY_06/2026_AVRUPA_OPSIYON;D_CR;CRO;D_CR_EPO;DE_USDTRYK_EPO;D_USDTRYK;2026-06-30;2462.7;2472.7;-0.4;0;0;0;0;0;0;0;0;0;0;0;;;;;
2026-05-07;O_USDTRYKE0626P50000;USDTRY_06/2026_AVRUPA_OPSIYON;D_CR;CRO;D_CR_EPO;DE_USDTRYK_EPO;D_USDTRYK;2026-06-30;2903.3;2907.5;-0.14;0;0;0;0;0;0;0;0;0;0;0;;;;;
2026-05-07;O_USDTRYKE0726C48500;USDTRY_07/2026_AVRUPA_OPSIYON;D_CR;CRO;D_CR_ECO;DE_USDTRYK_ECO;D_USDTRYK;2026-07-31;1220.5;1253.1;-2.6;920;800;920;800;849.8;369812500;6479834.4;7625;111;14375;5037;;;;;
2026-05-07;O_USDTRYKE0726C49000;USDTRY_07/2026_AVRUPA_OPSIYON;D_CR;CRO;D_CR_ECO;DE_USDTRYK_ECO;D_USDTRYK;2026-07-31;1090.6;1083.7;0.64;800;650;800;650;748.7;1812265000;27689243.6;36985;181;41077;30150;;;;;
2026-05-07;O_USDTRYKE0726C49500;USDTRY_07/2026_AVRUPA_OPSIYON;D_CR;CRO;D_CR_ECO;DE_USDTRYK_ECO;D_USDTRYK;2026-07-31;969.8;997.6;-2.79;700;580;700;580.6;628.4;3062070000;38875481.7;61860;100;65004;55054;;;;;
2026-05-07;O_USDTRYKE0726C50000;USDTRY_07/2026_AVRUPA_OPSIYON;D_CR;CRO;D_CR_ECO;DE_USDTRYK_ECO;D_USDTRYK;2026-07-31;905.9;931.3;-2.73;680;550;680;600;600.5;1325900000;15925189.3;26518;88;31086;22701;;;;;
2026-05-07;O_USDTRYKE0726C51000;USDTRY_07/2026_AVRUPA_OPSIYON;D_CR;CRO;D_CR_ECO;DE_USDTRYK_ECO;D_USDTRYK;2026-07-31;819.3;840.5;-2.52;550;480;550;525;524.5;691050000;7107509.6;13550;25;18170;13550;;;;;
2026-05-07;O_USDTRYKE0726C52000;USDTRY_07/2026_AVRUPA_OPSIYON;D_CR;CRO;D_CR_ECO;DE_USDTRYK_ECO;D_USDTRYK;2026-07-31;768.6;786.4;-2.26;500;450;500;450;482.8;79300000;736250;1525;23;1525;1515;;;;;
2026-05-07;O_USDTRYKE0726C53000;USDTRY_07/2026_AVRUPA_OPSIYON;D_CR;CRO;D_CR_ECO;DE_USDTRYK_ECO;D_USDTRYK;2026-07-31;698.7;715.9;-2.4;450;400;450;400;425;106000000;850000;2000;21;2000;1990;;;;;
2026-05-07;O_USDTRYKE0726C54000;USDTRY_07/2026_AVRUPA_OPSIYON;D_CR;CRO;D_CR_ECO;DE_USDTRYK_ECO;D_USDTRYK;2026-07-31;616.9;632.1;-2.4;350;350;350;350;350;216000;1400;4;4;1;0;;;;;
2026-05-07;O_USDTRYKE0726C55000;USDTRY_07/2026_AVRUPA_OPSIYON;D_CR;CRO;D_CR_ECO;DE_USDTRYK_ECO;D_USDTRYK;2026-07-31;553.5;567;-2.38;301;301;301;301;301;55000000;301000;1000;2;5900;0;;;;;
2026-05-07;O_USDTRYKE0726C56000;USDTRY_07/2026_AVRUPA_OPSIYON;D_CR;CRO;D_CR_ECO;DE_USDTRYK_ECO;D_USDTRYK;2026-07-31;503.9;516;-2.34;0;0;0;0;0;0;0;0;0;0;0;;;;;
2026-05-07;O_USDTRYKE0726P45000;USDTRY_07/2026_AVRUPA_OPSIYON;D_CR;CRO;D_CR_EPO;DE_USDTRYK_EPO;D_USDTRYK;2026-07-31;44.9;44.8;0.22;0;0;0;0;0;0;0;0;0;0;0;;;;;
2026-05-07;O_USDTRYKE0726P45500;USDTRY_07/2026_AVRUPA_OPSIYON;D_CR;CRO;D_CR_EPO;DE_USDTRYK_EPO;D_USDTRYK;2026-07-31;76.3;76.1;0.26;0;0;0;0;0;0;0;0;0;0;0;;;;;
2026-05-07;O_USDTRYKE0726P46000;USDTRY_07/2026_AVRUPA_OPSIYON;D_CR;CRO;D_CR_EPO;DE_USDTRYK_EPO;D_USDTRYK;2026-07-31;124;123.4;0.49;0;0;0;0;0;0;0;0;0;0;0;;;;;
2026-05-07;O_USDTRYKE0726P46500;USDTRY_07/2026_AVRUPA_OPSIYON;D_CR;CRO;D_CR_EPO;DE_USDTRYK_EPO;D_USDTRYK;2026-07-31;193.2;191.8;0.73;0;0;0;0;0;0;0;0;0;0;0;;;;;
2026-05-07;O_USDTRYKE0726P47000;USDTRY_07/2026_AVRUPA_OPSIYON;D_CR;CRO;D_CR_EPO;DE_USDTRYK_EPO;D_USDTRYK;2026-07-31;289;286.7;0.8;0;0;0;0;0;0;0;0;0;0;0;;;;;
2026-05-07;O_USDTRYKE0726P47500;USDTRY_07/2026_AVRUPA_OPSIYON;D_CR;CRO;D_CR_EPO;DE_USDTRYK_EPO;D_USDTRYK;2026-07-31;489.5;499;-1.9;76;76;77;76;76.2;19000000;30499;400;4;720;400;;;;;
2026-05-07;O_USDTRYKE0726P48000;USDTRY_07/2026_AVRUPA_OPSIYON;D_CR;CRO;D_CR_EPO;DE_USDTRYK_EPO;D_USDTRYK;2026-07-31;739.9;745.2;-0.71;0;0;0;0;0;0;0;0;0;0;0;;;;;
2026-05-07;O_USDTRYKE0726P48500;USDTRY_07/2026_AVRUPA_OPSIYON;D_CR;CRO;D_CR_EPO;DE_USDTRYK_EPO;D_USDTRYK;2026-07-31;1040.6;1046.8;-0.59;0;0;0;0;0;0;0;0;0;0;0;;;;;
2026-05-07;O_USDTRYKE0726P49000;USDTRY_07/2026_AVRUPA_OPSIYON;D_CR;CRO;D_CR_EPO;DE_USDTRYK_EPO;D_USDTRYK;2026-07-31;1374.9;1341;2.53;0;0;0;0;0;0;0;0;0;0;0;;;;;
2026-05-07;O_USDTRYKE0726P49500;USDTRY_07/2026_AVRUPA_OPSIYON;D_CR;CRO;D_CR_EPO;DE_USDTRYK_EPO;D_USDTRYK;2026-07-31;1718.1;1718.6;-0.03;0;0;0;0;0;0;0;0;0;0;0;;;;;
2026-05-07;O_USDTRYKE0726P50000;USDTRY_07/2026_AVRUPA_OPSIYON;D_CR;CRO;D_CR_EPO;DE_USDTRYK_EPO;D_USDTRYK;2026-07-31;2118.4;2116.1;0.11;0;0;0;0;0;0;0;0;0;0;0;;;;;
2026-05-07;O_VAKBNE0526C30.00;VAKBN_05/2026_AVRUPA_OPSIYON;D_EQ;SSO;D_EQ_ECP;DE_VAKBN_ECP;VAKBN.E;2026-05-25;2.94;2.51;17.13;0;0;0;0;0;0;0;0;0;0;0;;;;;
2026-05-07;O_VAKBNE0526C31.00;VAKBN_05/2026_AVRUPA_OPSIYON;D_EQ;SSO;D_EQ_ECP;DE_VAKBN_ECP;VAKBN.E;2026-05-25;2.22;1.85;20;0;0;0;0;0;0;0;0;0;0;0;;;;;
2026-05-07;O_VAKBNE0526C32.00;VAKBN_05/2026_AVRUPA_OPSIYON;D_EQ;SSO;D_EQ_ECP;DE_VAKBN_ECP;VAKBN.E;2026-05-25;1.6;1.31;22.14;0;0;0;0;0;0;0;0;0;0;0;;;;;
2026-05-07;O_VAKBNE0526C33.00;VAKBN_05/2026_AVRUPA_OPSIYON;D_EQ;SSO;D_EQ_ECP;DE_VAKBN_ECP;VAKBN.E;2026-05-25;1.11;0.89;24.72;0;0;0;0;0;0;0;0;0;591;0;;;;;
2026-05-07;O_VAKBNE0526C34.00;VAKBN_05/2026_AVRUPA_OPSIYON;D_EQ;SSO;D_EQ_ECP;DE_VAKBN_ECP;VAKBN.E;2026-05-25;0.74;0.58;27.59;0;0;0;0;0;0;0;0;0;598;0;;;;;
2026-05-07;O_VAKBNE0526C35.00;VAKBN_05/2026_AVRUPA_OPSIYON;D_EQ;SSO;D_EQ_ECP;DE_VAKBN_ECP;VAKBN.E;2026-05-25;0.47;0.36;30.56;0;0;0;0;0;0;0;0;0;25;0;;;;;
2026-05-07;O_VAKBNE0526C36.00;VAKBN_05/2026_AVRUPA_OPSIYON;D_EQ;SSO;D_EQ_ECP;DE_VAKBN_ECP;VAKBN.E;2026-05-25;0.28;0.21;33.33;0;0;0;0;0;0;0;0;0;0;0;;;;;
2026-05-07;O_VAKBNE0526C37.00;VAKBN_05/2026_AVRUPA_OPSIYON;D_EQ;SSO;D_EQ_ECP;DE_VAKBN_ECP;VAKBN.E;2026-05-25;0.17;0.12;41.67;0;0;0;0;0;0;0;0;0;25;0;;;;;
2026-05-07;O_VAKBNE0526C38.00;VAKBN_05/2026_AVRUPA_OPSIYON;D_EQ;SSO;D_EQ_ECP;DE_VAKBN_ECP;VAKBN.E;2026-05-25;0.09;0.07;28.57;0;0;0;0;0;0;0;0;0;200;0;;;;;
2026-05-07;O_VAKBNE0526C39.00;VAKBN_05/2026_AVRUPA_OPSIYON;D_EQ;SSO;D_EQ_ECP;DE_VAKBN_ECP;VAKBN.E;2026-05-25;0.05;0.04;25;0;0;0;0;0;0;0;0;0;0;0;;;;;
2026-05-07;O_VAKBNE0526C40.00;VAKBN_05/2026_AVRUPA_OPSIYON;D_EQ;SSO;D_EQ_ECP;DE_VAKBN_ECP;VAKBN.E;2026-05-25;0.03;0.02;50;0;0;0;0;0;0;0;0;0;0;0;;;;;
2026-05-07;O_VAKBNE0526C41.00;VAKBN_05/2026_AVRUPA_OPSIYON;D_EQ;SSO;D_EQ_ECP;DE_VAKBN_ECP;VAKBN.E;2026-05-25;0.01;0.01;0;0;0;0;0;0;0;0;0;0;0;0;;;;;
2026-05-07;O_VAKBNE0526C42.00;VAKBN_05/2026_AVRUPA_OPSIYON;D_EQ;SSO;D_EQ_ECP;DE_VAKBN_ECP;VAKBN.E;2026-05-25;0.01;0.01;0;0;0;0;0;0;0;0;0;0;500;0;;;;;
2026-05-07;O_VAKBNE0526C43.00;VAKBN_05/2026_AVRUPA_OPSIYON;D_EQ;SSO;D_EQ_ECP;DE_VAKBN_ECP;VAKBN.E;2026-05-25;0.01;0.01;0;0;0;0;0;0;0;0;0;0;0;0;;;;;
2026-05-07;O_VAKBNE0526C44.00;VAKBN_05/2026_AVRUPA_OPSIYON;D_EQ;SSO;D_EQ_ECP;DE_VAKBN_ECP;VAKBN.E;2026-05-25;0.01;0.01;0;0;0;0;0;0;0;0;0;0;0;0;;;;;
2026-05-07;O_VAKBNE0526C45.00;VAKBN_05/2026_AVRUPA_OPSIYON;D_EQ;SSO;D_EQ_ECP;DE_VAKBN_ECP;VAKBN.E;2026-05-25;0.01;0.01;0;0;0;0;0;0;0;0;0;0;0;0;;;;;
2026-05-07;O_VAKBNE0526C46.00;VAKBN_05/2026_AVRUPA_OPSIYON;D_EQ;SSO;D_EQ_ECP;DE_VAKBN_ECP;VAKBN.E;2026-05-25;0.01;0.01;0;0;0;0;0;0;0;0;0;0;0;0;;;;;
2026-05-07;O_VAKBNE0526C47.00;VAKBN_05/2026_AVRUPA_OPSIYON;D_EQ;SSO;D_EQ_ECP;DE_VAKBN_ECP;VAKBN.E;2026-05-25;0.01;0.01;0;0;0;0;0;0;0;0;0;0;0;0;;;;;
2026-05-07;O_VAKBNE0526C48.00;VAKBN_05/2026_AVRUPA_OPSIYON;D_EQ;SSO;D_EQ_ECP;DE_VAKBN_ECP;VAKBN.E;2026-05-25;0.01;0.01;0;0;0;0;0;0;0;0;0;0;0;0;;;;;
2026-05-07;O_VAKBNE0526C49.00;VAKBN_05/2026_AVRUPA_OPSIYON;D_EQ;SSO;D_EQ_ECP;DE_VAKBN_ECP;VAKBN.E;2026-05-25;0.01;0.01;0;0;0;0;0;0;0;0;0;0;0;0;;;;;
2026-05-07;O_VAKBNE0526C50.00;VAKBN_05/2026_AVRUPA_OPSIYON;D_EQ;SSO;D_EQ_ECP;DE_VAKBN_ECP;VAKBN.E;2026-05-25;0.01;0.01;0;0;0;0;0;0;0;0;0;0;0;0;;;;;
2026-05-07;O_VAKBNE0526P25.00;VAKBN_05/2026_AVRUPA_OPSIYON;D_EQ;SSO;D_EQ_EPP;DE_VAKBN_EPP;VAKBN.E;2026-05-25;0.01;0.01;0;0;0;0;0;0;0;0;0;0;0;0;;;;;
2026-05-07;O_VAKBNE0526P26.00;VAKBN_05/2026_AVRUPA_OPSIYON;D_EQ;SSO;D_EQ_EPP;DE_VAKBN_EPP;VAKBN.E;2026-05-25;0.01;0.02;-50;0;0;0;0;0;0;0;0;0;0;0;;;;;
2026-05-07;O_VAKBNE0526P27.00;VAKBN_05/2026_AVRUPA_OPSIYON;D_EQ;SSO;D_EQ_EPP;DE_VAKBN_EPP;VAKBN.E;2026-05-25;0.03;0.05;-40;0;0;0;0;0;0;0;0;0;0;0;;;;;
2026-05-07;O_VAKBNE0526P28.00;VAKBN_05/2026_AVRUPA_OPSIYON;D_EQ;SSO;D_EQ_EPP;DE_VAKBN_EPP;VAKBN.E;2026-05-25;0.07;0.12;-41.67;0;0;0;0;0;0;0;0;0;0;0;;;;;
2026-05-07;O_VAKBNE0526P29.00;VAKBN_05/2026_AVRUPA_OPSIYON;D_EQ;SSO;D_EQ_EPP;DE_VAKBN_EPP;VAKBN.E;2026-05-25;0.16;0.25;-36;0;0;0;0;0;0;0;0;0;0;0;;;;;
2026-05-07;O_VAKBNE0526P30.00;VAKBN_05/2026_AVRUPA_OPSIYON;D_EQ;SSO;D_EQ_EPP;DE_VAKBN_EPP;VAKBN.E;2026-05-25;0.33;0.47;-29.79;0;0;0;0;0;0;0;0;0;0;0;;;;;
2026-05-07;O_VAKBNE0526P31.00;VAKBN_05/2026_AVRUPA_OPSIYON;D_EQ;SSO;D_EQ_EPP;DE_VAKBN_EPP;VAKBN.E;2026-05-25;0.58;0.79;-26.58;0;0;0;0;0;0;0;0;0;325;0;;;;;
2026-05-07;O_VAKBNE0526P32.00;VAKBN_05/2026_AVRUPA_OPSIYON;D_EQ;SSO;D_EQ_EPP;DE_VAKBN_EPP;VAKBN.E;2026-05-25;0.95;1.22;-22.13;0;0;0;0;0;0;0;0;0;2240;0;;;;;
2026-05-07;O_VAKBNE0526P33.00;VAKBN_05/2026_AVRUPA_OPSIYON;D_EQ;SSO;D_EQ_EPP;DE_VAKBN_EPP;VAKBN.E;2026-05-25;1.44;1.78;-19.1;0;0;0;0;0;0;0;0;0;0;0;;;;;
2026-05-07;O_VAKBNE0526P34.00;VAKBN_05/2026_AVRUPA_OPSIYON;D_EQ;SSO;D_EQ_EPP;DE_VAKBN_EPP;VAKBN.E;2026-05-25;2.05;2.45;-16.33;0;0;0;0;0;0;0;0;0;0;0;;;;;
2026-05-07;O_VAKBNE0526P35.00;VAKBN_05/2026_AVRUPA_OPSIYON;D_EQ;SSO;D_EQ_EPP;DE_VAKBN_EPP;VAKBN.E;2026-05-25;2.76;3.21;-14.02;0;0;0;0;0;0;0;0;0;0;0;;;;;
2026-05-07;O_VAKBNE0526P36.00;VAKBN_05/2026_AVRUPA_OPSIYON;D_EQ;SSO;D_EQ_EPP;DE_VAKBN_EPP;VAKBN.E;2026-05-25;3.56;4.05;-12.1;0;0;0;0;0;0;0;0;0;0;0;;;;;
2026-05-07;O_VAKBNE0526P37.00;VAKBN_05/2026_AVRUPA_OPSIYON;D_EQ;SSO;D_EQ_EPP;DE_VAKBN_EPP;VAKBN.E;2026-05-25;4.42;4.94;-10.53;0;0;0;0;0;0;0;0;0;0;0;;;;;
2026-05-07;O_VAKBNE0526P38.00;VAKBN_05/2026_AVRUPA_OPSIYON;D_EQ;SSO;D_EQ_EPP;DE_VAKBN_EPP;VAKBN.E;2026-05-25;5.33;5.86;-9.04;0;0;0;0;0;0;0;0;0;0;0;;;;;
2026-05-07;O_VAKBNE0526P39.00;VAKBN_05/2026_AVRUPA_OPSIYON;D_EQ;SSO;D_EQ_EPP;DE_VAKBN_EPP;VAKBN.E;2026-05-25;6.27;6.81;-7.93;0;0;0;0;0;0;0;0;0;0;0;;;;;
2026-05-07;O_VAKBNE0526P40.00;VAKBN_05/2026_AVRUPA_OPSIYON;D_EQ;SSO;D_EQ_EPP;DE_VAKBN_EPP;VAKBN.E;2026-05-25;7.22;7.77;-7.08;0;0;0;0;0;0;0;0;0;0;0;;;;;
2026-05-07;O_VAKBNE0526P41.00;VAKBN_05/2026_AVRUPA_OPSIYON;D_EQ;SSO;D_EQ_EPP;DE_VAKBN_EPP;VAKBN.E;2026-05-25;8.19;8.75;-6.4;0;0;0;0;0;0;0;0;0;0;0;;;;;
2026-05-07;O_VAKBNE0526P42.00;VAKBN_05/2026_AVRUPA_OPSIYON;D_EQ;SSO;D_EQ_EPP;DE_VAKBN_EPP;VAKBN.E;2026-05-25;9.17;9.72;-5.66;0;0;0;0;0;0;0;0;0;0;0;;;;;
2026-05-07;O_VAKBNE0526P43.00;VAKBN_05/2026_AVRUPA_OPSIYON;D_EQ;SSO;D_EQ_EPP;DE_VAKBN_EPP;VAKBN.E;2026-05-25;10.14;10.7;-5.23;0;0;0;0;0;0;0;0;0;0;0;;;;;
2026-05-07;O_VAKBNE0526P44.00;VAKBN_05/2026_AVRUPA_OPSIYON;D_EQ;SSO;D_EQ_EPP;DE_VAKBN_EPP;VAKBN.E;2026-05-25;11.12;11.68;-4.79;0;0;0;0;0;0;0;0;0;0;0;;;;;
2026-05-07;O_VAKBNE0526P45.00;VAKBN_05/2026_AVRUPA_OPSIYON;D_EQ;SSO;D_EQ_EPP;DE_VAKBN_EPP;VAKBN.E;2026-05-25;12.11;12.66;-4.34;0;0;0;0;0;0;0;0;0;0;0;;;;;
2026-05-07;O_VAKBNE0626C31.00;VAKBN_06/2026_AVRUPA_OPSIYON;D_EQ;SSO;D_EQ_ECP;DE_VAKBN_ECP;VAKBN.E;2026-06-30;3.75;3.35;11.94;0;0;0;0;0;0;0;0;0;0;0;;;;;
2026-05-07;O_VAKBNE0626C32.00;VAKBN_06/2026_AVRUPA_OPSIYON;D_EQ;SSO;D_EQ_ECP;DE_VAKBN_ECP;VAKBN.E;2026-06-30;3.15;2.79;12.9;0;0;0;0;0;0;0;0;0;0;0;;;;;
2026-05-07;O_VAKBNE0626C33.00;VAKBN_06/2026_AVRUPA_OPSIYON;D_EQ;SSO;D_EQ_ECP;DE_VAKBN_ECP;VAKBN.E;2026-06-30;2.61;2.3;13.48;0;0;0;0;0;0;0;0;0;0;0;;;;;
2026-05-07;O_VAKBNE0626C34.00;VAKBN_06/2026_AVRUPA_OPSIYON;D_EQ;SSO;D_EQ_ECP;DE_VAKBN_ECP;VAKBN.E;2026-06-30;2.14;1.87;14.44;0;0;0;0;0;0;0;0;0;0;0;;;;;
2026-05-07;O_VAKBNE0626C35.00;VAKBN_06/2026_AVRUPA_OPSIYON;D_EQ;SSO;D_EQ_ECP;DE_VAKBN_ECP;VAKBN.E;2026-06-30;1.74;1.51;15.23;0;0;0;0;0;0;0;0;0;0;0;;;;;
2026-05-07;O_VAKBNE0626C36.00;VAKBN_06/2026_AVRUPA_OPSIYON;D_EQ;SSO;D_EQ_ECP;DE_VAKBN_ECP;VAKBN.E;2026-06-30;1.4;1.2;16.67;0;0;0;0;0;0;0;0;0;0;0;;;;;
2026-05-07;O_VAKBNE0626C37.00;VAKBN_06/2026_AVRUPA_OPSIYON;D_EQ;SSO;D_EQ_ECP;DE_VAKBN_ECP;VAKBN.E;2026-06-30;1.11;0.95;16.84;0;0;0;0;0;0;0;0;0;0;0;;;;;
2026-05-07;O_VAKBNE0626C38.00;VAKBN_06/2026_AVRUPA_OPSIYON;D_EQ;SSO;D_EQ_ECP;DE_VAKBN_ECP;VAKBN.E;2026-06-30;0.88;0.74;18.92;0;0;0;0;0;0;0;0;0;0;0;;;;;
2026-05-07;O_VAKBNE0626C39.00;VAKBN_06/2026_AVRUPA_OPSIYON;D_EQ;SSO;D_EQ_ECP;DE_VAKBN_ECP;VAKBN.E;2026-06-30;0.68;0.57;19.3;0;0;0;0;0;0;0;0;0;0;0;;;;;
2026-05-07;O_VAKBNE0626C40.00;VAKBN_06/2026_AVRUPA_OPSIYON;D_EQ;SSO;D_EQ_ECP;DE_VAKBN_ECP;VAKBN.E;2026-06-30;0.53;0.44;20.45;0;0;0;0;0;0;0;0;0;0;0;;;;;
2026-05-07;O_VAKBNE0626C41.00;VAKBN_06/2026_AVRUPA_OPSIYON;D_EQ;SSO;D_EQ_ECP;DE_VAKBN_ECP;VAKBN.E;2026-06-30;0.4;0.33;21.21;0;0;0;0;0;0;0;0;0;0;0;;;;;
2026-05-07;O_VAKBNE0626C42.00;VAKBN_06/2026_AVRUPA_OPSIYON;D_EQ;SSO;D_EQ_ECP;DE_VAKBN_ECP;VAKBN.E;2026-06-30;0.31;0.25;24;0;0;0;0;0;0;0;0;0;0;0;;;;;
2026-05-07;O_VAKBNE0626C43.00;VAKBN_06/2026_AVRUPA_OPSIYON;D_EQ;SSO;D_EQ_ECP;DE_VAKBN_ECP;VAKBN.E;2026-06-30;0.23;0.19;21.05;0;0;0;0;0;0;0;0;0;0;0;;;;;
2026-05-07;O_VAKBNE0626C44.00;VAKBN_06/2026_AVRUPA_OPSIYON;D_EQ;SSO;D_EQ_ECP;DE_VAKBN_ECP;VAKBN.E;2026-06-30;0.17;0.14;21.43;0;0;0;0;0;0;0;0;0;0;0;;;;;
2026-05-07;O_VAKBNE0626P26.00;VAKBN_06/2026_AVRUPA_OPSIYON;D_EQ;SSO;D_EQ_EPP;DE_VAKBN_EPP;VAKBN.E;2026-06-30;0.12;0.16;-25;0;0;0;0;0;0;0;0;0;0;0;;;;;
2026-05-07;O_VAKBNE0626P27.00;VAKBN_06/2026_AVRUPA_OPSIYON;D_EQ;SSO;D_EQ_EPP;DE_VAKBN_EPP;VAKBN.E;2026-06-30;0.21;0.26;-19.23;0;0;0;0;0;0;0;0;0;0;0;;;;;
2026-05-07;O_VAKBNE0626P28.00;VAKBN_06/2026_AVRUPA_OPSIYON;D_EQ;SSO;D_EQ_EPP;DE_VAKBN_EPP;VAKBN.E;2026-06-30;0.33;0.4;-17.5;0;0;0;0;0;0;0;0;0;0;0;;;;;
2026-05-07;O_VAKBNE0626P29.00;VAKBN_06/2026_AVRUPA_OPSIYON;D_EQ;SSO;D_EQ_EPP;DE_VAKBN_EPP;VAKBN.E;2026-06-30;0.49;0.6;-18.33;0;0;0;0;0;0;0;0;0;0;0;;;;;
2026-05-07;O_VAKBNE0626P30.00;VAKBN_06/2026_AVRUPA_OPSIYON;D_EQ;SSO;D_EQ_EPP;DE_VAKBN_EPP;VAKBN.E;2026-06-30;0.71;0.85;-16.47;0;0;0;0;0;0;0;0;0;0;0;;;;;
2026-05-07;O_VAKBNE0626P31.00;VAKBN_06/2026_AVRUPA_OPSIYON;D_EQ;SSO;D_EQ_EPP;DE_VAKBN_EPP;VAKBN.E;2026-06-30;0.99;1.17;-15.38;0;0;0;0;0;0;0;0;0;0;0;;;;;
2026-05-07;O_VAKBNE0626P32.00;VAKBN_06/2026_AVRUPA_OPSIYON;D_EQ;SSO;D_EQ_EPP;DE_VAKBN_EPP;VAKBN.E;2026-06-30;1.34;1.55;-13.55;0;0;0;0;0;0;0;0;0;0;0;;;;;
2026-05-07;O_VAKBNE0626P33.00;VAKBN_06/2026_AVRUPA_OPSIYON;D_EQ;SSO;D_EQ_EPP;DE_VAKBN_EPP;VAKBN.E;2026-06-30;1.75;2;-12.5;0;0;0;0;0;0;0;0;0;0;0;;;;;
2026-05-07;O_VAKBNE0626P34.00;VAKBN_06/2026_AVRUPA_OPSIYON;D_EQ;SSO;D_EQ_EPP;DE_VAKBN_EPP;VAKBN.E;2026-06-30;2.23;2.52;-11.51;0;0;0;0;0;0;0;0;0;0;0;;;;;
2026-05-07;O_VAKBNE0626P35.00;VAKBN_06/2026_AVRUPA_OPSIYON;D_EQ;SSO;D_EQ_EPP;DE_VAKBN_EPP;VAKBN.E;2026-06-30;2.77;3.1;-10.65;0;0;0;0;0;0;0;0;0;0;0;;;;;
2026-05-07;O_VAKBNE0626P36.00;VAKBN_06/2026_AVRUPA_OPSIYON;D_EQ;SSO;D_EQ_EPP;DE_VAKBN_EPP;VAKBN.E;2026-06-30;3.37;3.74;-9.89;0;0;0;0;0;0;0;0;0;0;0;;;;;
2026-05-07;O_VAKBNE0626P37.00;VAKBN_06/2026_AVRUPA_OPSIYON;D_EQ;SSO;D_EQ_EPP;DE_VAKBN_EPP;VAKBN.E;2026-06-30;4.03;4.43;-9.03;0;0;0;0;0;0;0;0;0;0;0;;;;;
2026-05-07;O_VAKBNE0626P38.00;VAKBN_06/2026_AVRUPA_OPSIYON;D_EQ;SSO;D_EQ_EPP;DE_VAKBN_EPP;VAKBN.E;2026-06-30;4.74;5.16;-8.14;0;0;0;0;0;0;0;0;0;0;0;;;;;
2026-05-07;O_VAKBNE0626P39.00;VAKBN_06/2026_AVRUPA_OPSIYON;D_EQ;SSO;D_EQ_EPP;DE_VAKBN_EPP;VAKBN.E;2026-06-30;5.49;5.94;-7.58;0;0;0;0;0;0;0;0;0;0;0;;;;;
2026-05-07;O_VAKBNE0726C32.00;VAKBN_07/2026_AVRUPA_OPSIYON;D_EQ;SSO;D_EQ_ECP;DE_VAKBN_ECP;VAKBN.E;2026-07-31;4.58;4.18;9.57;0;0;0;0;0;0;0;0;0;0;0;;;;;
2026-05-07;O_VAKBNE0726C33.00;VAKBN_07/2026_AVRUPA_OPSIYON;D_EQ;SSO;D_EQ_ECP;DE_VAKBN_ECP;VAKBN.E;2026-07-31;4.01;3.64;10.16;0;0;0;0;0;0;0;0;0;0;0;;;;;
2026-05-07;O_VAKBNE0726C34.00;VAKBN_07/2026_AVRUPA_OPSIYON;D_EQ;SSO;D_EQ_ECP;DE_VAKBN_ECP;VAKBN.E;2026-07-31;3.5;3.16;10.76;0;0;0;0;0;0;0;0;0;0;0;;;;;
2026-05-07;O_VAKBNE0726C35.00;VAKBN_07/2026_AVRUPA_OPSIYON;D_EQ;SSO;D_EQ_ECP;DE_VAKBN_ECP;VAKBN.E;2026-07-31;3.03;2.72;11.4;0;0;0;0;0;0;0;0;0;0;0;;;;;
2026-05-07;O_VAKBNE0726C36.00;VAKBN_07/2026_AVRUPA_OPSIYON;D_EQ;SSO;D_EQ_ECP;DE_VAKBN_ECP;VAKBN.E;2026-07-31;2.61;2.33;12.02;0;0;0;0;0;0;0;0;0;0;0;;;;;
2026-05-07;O_VAKBNE0726C37.00;VAKBN_07/2026_AVRUPA_OPSIYON;D_EQ;SSO;D_EQ_ECP;DE_VAKBN_ECP;VAKBN.E;2026-07-31;2.24;1.99;12.56;0;0;0;0;0;0;0;0;0;0;0;;;;;
2026-05-07;O_VAKBNE0726C38.00;VAKBN_07/2026_AVRUPA_OPSIYON;D_EQ;SSO;D_EQ_ECP;DE_VAKBN_ECP;VAKBN.E;2026-07-31;1.9;1.68;13.1;0;0;0;0;0;0;0;0;0;0;0;;;;;
2026-05-07;O_VAKBNE0726C39.00;VAKBN_07/2026_AVRUPA_OPSIYON;D_EQ;SSO;D_EQ_ECP;DE_VAKBN_ECP;VAKBN.E;2026-07-31;1.62;1.42;14.08;0;0;0;0;0;0;0;0;0;0;0;;;;;
2026-05-07;O_VAKBNE0726C40.00;VAKBN_07/2026_AVRUPA_OPSIYON;D_EQ;SSO;D_EQ_ECP;DE_VAKBN_ECP;VAKBN.E;2026-07-31;1.36;1.19;14.29;0;0;0;0;0;0;0;0;0;0;0;;;;;
2026-05-07;O_VAKBNE0726C41.00;VAKBN_07/2026_AVRUPA_OPSIYON;D_EQ;SSO;D_EQ_ECP;DE_VAKBN_ECP;VAKBN.E;2026-07-31;1.14;1;14;0;0;0;0;0;0;0;0;0;0;0;;;;;
2026-05-07;O_VAKBNE0726P27.00;VAKBN_07/2026_AVRUPA_OPSIYON;D_EQ;SSO;D_EQ_EPP;DE_VAKBN_EPP;VAKBN.E;2026-07-31;0.27;0.32;-15.63;0;0;0;0;0;0;0;0;0;0;0;;;;;
2026-05-07;O_VAKBNE0726P28.00;VAKBN_07/2026_AVRUPA_OPSIYON;D_EQ;SSO;D_EQ_EPP;DE_VAKBN_EPP;VAKBN.E;2026-07-31;0.39;0.46;-15.22;0;0;0;0;0;0;0;0;0;0;0;;;;;
2026-05-07;O_VAKBNE0726P29.00;VAKBN_07/2026_AVRUPA_OPSIYON;D_EQ;SSO;D_EQ_EPP;DE_VAKBN_EPP;VAKBN.E;2026-07-31;0.55;0.64;-14.06;0;0;0;0;0;0;0;0;0;0;0;;;;;
2026-05-07;O_VAKBNE0726P30.00;VAKBN_07/2026_AVRUPA_OPSIYON;D_EQ;SSO;D_EQ_EPP;DE_VAKBN_EPP;VAKBN.E;2026-07-31;0.74;0.86;-13.95;0;0;0;0;0;0;0;0;0;0;0;;;;;
2026-05-07;O_VAKBNE0726P31.00;VAKBN_07/2026_AVRUPA_OPSIYON;D_EQ;SSO;D_EQ_EPP;DE_VAKBN_EPP;VAKBN.E;2026-07-31;0.98;1.12;-12.5;0;0;0;0;0;0;0;0;0;0;0;;;;;
2026-05-07;O_VAKBNE0726P32.00;VAKBN_07/2026_AVRUPA_OPSIYON;D_EQ;SSO;D_EQ_EPP;DE_VAKBN_EPP;VAKBN.E;2026-07-31;1.27;1.43;-11.19;0;0;0;0;0;0;0;0;0;0;0;;;;;
2026-05-07;O_VAKBNE0726P33.00;VAKBN_07/2026_AVRUPA_OPSIYON;D_EQ;SSO;D_EQ_EPP;DE_VAKBN_EPP;VAKBN.E;2026-07-31;1.6;1.79;-10.61;0;0;0;0;0;0;0;0;0;0;0;;;;;
2026-05-07;O_VAKBNE0726P34.00;VAKBN_07/2026_AVRUPA_OPSIYON;D_EQ;SSO;D_EQ_EPP;DE_VAKBN_EPP;VAKBN.E;2026-07-31;1.98;2.21;-10.41;0;0;0;0;0;0;0;0;0;0;0;;;;;
2026-05-07;O_VAKBNE0726P35.00;VAKBN_07/2026_AVRUPA_OPSIYON;D_EQ;SSO;D_EQ_EPP;DE_VAKBN_EPP;VAKBN.E;2026-07-31;2.41;2.67;-9.74;0;0;0;0;0;0;0;0;0;0;0;;;;;
2026-05-07;O_VAKBNE0726P36.00;VAKBN_07/2026_AVRUPA_OPSIYON;D_EQ;SSO;D_EQ_EPP;DE_VAKBN_EPP;VAKBN.E;2026-07-31;2.89;3.17;-8.83;0;0;0;0;0;0;0;0;0;0;0;;;;;
2026-05-07;O_XU030E0626C13500.00;BIST 30_06/2026_AVRUPA_OPSIYON;D_IX;INO;D_IX_ECO;DE_BIST30_ECO;D_XU030D;2026-06-30;4236.24;4257.42;-0.5;0;0;0;0;0;0;0;0;0;10;0;;;;;
2026-05-07;O_XU030E0626C13750.00;BIST 30_06/2026_AVRUPA_OPSIYON;D_IX;INO;D_IX_ECO;DE_BIST30_ECO;D_XU030D;2026-06-30;4000.38;4023.6;-0.58;0;0;0;0;0;0;0;0;0;6;0;;;;;
2026-05-07;O_XU030E0626C14000.00;BIST 30_06/2026_AVRUPA_OPSIYON;D_IX;INO;D_IX_ECO;DE_BIST30_ECO;D_XU030D;2026-06-30;3765.3;3790.84;-0.67;0;0;0;0;0;0;0;0;0;23;0;;;;;
2026-05-07;O_XU030E0626C14250.00;BIST 30_06/2026_AVRUPA_OPSIYON;D_IX;INO;D_IX_ECO;DE_BIST30_ECO;D_XU030D;2026-06-30;3531.17;3559.31;-0.79;0;0;0;0;0;0;0;0;0;49;0;;;;;
2026-05-07;O_XU030E0626C14500.00;BIST 30_06/2026_AVRUPA_OPSIYON;D_IX;INO;D_IX_ECO;DE_BIST30_ECO;D_XU030D;2026-06-30;3298.18;3329.25;-0.93;0;0;0;0;0;0;0;0;0;210;0;;;;;
2026-05-07;O_XU030E0626C14750.00;BIST 30_06/2026_AVRUPA_OPSIYON;D_IX;INO;D_IX_ECO;DE_BIST30_ECO;D_XU030D;2026-06-30;3066.6;3100.93;-1.11;0;0;0;0;0;0;0;0;0;151;0;;;;;
2026-05-07;O_XU030E0626C15000.00;BIST 30_06/2026_AVRUPA_OPSIYON;D_IX;INO;D_IX_ECO;DE_BIST30_ECO;D_XU030D;2026-06-30;2836.73;2874.68;-1.32;0;0;0;0;0;0;0;0;0;166;0;;;;;
2026-05-07;O_XU030E0626C15250.00;BIST 30_06/2026_AVRUPA_OPSIYON;D_IX;INO;D_IX_ECO;DE_BIST30_ECO;D_XU030D;2026-06-30;2611.7;2650.88;-1.48;0;0;0;0;0;0;0;0;0;123;0;;;;;
2026-05-07;O_XU030E0626C15500.00;BIST 30_06/2026_AVRUPA_OPSIYON;D_IX;INO;D_IX_ECO;DE_BIST30_ECO;D_XU030D;2026-06-30;2397.01;2429.99;-1.36;0;0;0;0;0;0;0;0;0;66;0;;;;;
2026-05-07;O_XU030E0626C15750.00;BIST 30_06/2026_AVRUPA_OPSIYON;D_IX;INO;D_IX_ECO;DE_BIST30_ECO;D_XU030D;2026-06-30;2188.87;2212.54;-1.07;0;0;0;0;0;0;0;0;0;59;0;;;;;
2026-05-07;O_XU030E0626C16000.00;BIST 30_06/2026_AVRUPA_OPSIYON;D_IX;INO;D_IX_ECO;DE_BIST30_ECO;D_XU030D;2026-06-30;1988.28;2002.53;-0.71;2002.53;2002.53;2004;2004;2003.71;1600000;200370.6;10;2;62;0;;;;;
2026-05-07;O_XU030E0626C16250.00;BIST 30_06/2026_AVRUPA_OPSIYON;D_IX;INO;D_IX_ECO;DE_BIST30_ECO;D_XU030D;2026-06-30;1796.17;1810.71;-0.8;0;0;0;0;0;0;0;0;0;319;0;;;;;
2026-05-07;O_XU030E0626C16500.00;BIST 30_06/2026_AVRUPA_OPSIYON;D_IX;INO;D_IX_ECO;DE_BIST30_ECO;D_XU030D;2026-06-30;1613.43;1628.18;-0.91;0;0;0;0;0;0;0;0;0;421;0;;;;;
2026-05-07;O_XU030E0626C16750.00;BIST 30_06/2026_AVRUPA_OPSIYON;D_IX;INO;D_IX_ECO;DE_BIST30_ECO;D_XU030D;2026-06-30;1440.84;1455.69;-1.02;0;0;0;0;0;0;0;0;0;320;0;;;;;
2026-05-07;O_XU030E0626C17000.00;BIST 30_06/2026_AVRUPA_OPSIYON;D_IX;INO;D_IX_ECO;DE_BIST30_ECO;D_XU030D;2026-06-30;1279.03;1293.87;-1.15;0;0;0;0;0;0;0;0;0;2656;0;;;;;
2026-05-07;O_XU030E0626C17250.00;BIST 30_06/2026_AVRUPA_OPSIYON;D_IX;INO;D_IX_ECO;DE_BIST30_ECO;D_XU030D;2026-06-30;1128.48;1143.19;-1.29;0;0;0;0;0;0;0;0;0;1042;0;;;;;
2026-05-07;O_XU030E0626C17500.00;BIST 30_06/2026_AVRUPA_OPSIYON;D_IX;INO;D_IX_ECO;DE_BIST30_ECO;D_XU030D;2026-06-30;989.5;1003.95;-1.44;677.86;667.75;682.75;677;674.38;8925000;343936;51;6;1326;-33;;;;;
2026-05-07;O_XU030E0626C17750.00;BIST 30_06/2026_AVRUPA_OPSIYON;D_IX;INO;D_IX_ECO;DE_BIST30_ECO;D_XU030D;2026-06-30;862.22;876.29;-1.61;517.75;508.25;552.75;552.75;521.11;15442500;453365.2;87;10;384;29;;;;;
2026-05-07;O_XU030E0626C18000.00;BIST 30_06/2026_AVRUPA_OPSIYON;D_IX;INO;D_IX_ECO;DE_BIST30_ECO;D_XU030D;2026-06-30;746.59;760.17;-1.79;402.75;330;415.5;409.5;365.25;252720000;5128068;1404;107;1651;1172;;;;;
2026-05-07;O_XU030E0626C18250.00;BIST 30_06/2026_AVRUPA_OPSIYON;D_IX;INO;D_IX_ECO;DE_BIST30_ECO;D_XU030D;2026-06-30;642.38;655.35;-1.98;304.75;231.46;304.75;293;264.54;13870000;201050;76;8;246;-10;;;;;
2026-05-07;O_XU030E0626C18500.00;BIST 30_06/2026_AVRUPA_OPSIYON;D_IX;INO;D_IX_ECO;DE_BIST30_ECO;D_XU030D;2026-06-30;549.22;561.51;-2.19;209.34;149.5;209.34;203.75;179.4;29415000;285246.4;159;19;189;-51;;;;;
2026-05-07;O_XU030E0626C18750.00;BIST 30_06/2026_AVRUPA_OPSIYON;D_IX;INO;D_IX_ECO;DE_BIST30_ECO;D_XU030D;2026-06-30;466.62;478.14;-2.41;123.25;109.99;138.5;138;121.68;42937500;278639.5;229;20;607;83;;;;;
2026-05-07;O_XU030E0626C19000.00;BIST 30_06/2026_AVRUPA_OPSIYON;D_IX;INO;D_IX_ECO;DE_BIST30_ECO;D_XU030D;2026-06-30;393.95;404.65;-2.64;85.5;78.25;93.4;93;87.21;52630000;241575;277;21;1023;165;;;;;
2026-05-07;O_XU030E0626C19250.00;BIST 30_06/2026_AVRUPA_OPSIYON;D_IX;INO;D_IX_ECO;DE_BIST30_ECO;D_XU030D;2026-06-30;330.52;340.37;-2.89;0;0;0;0;0;0;0;0;0;1044;0;;;;;
2026-05-07;O_XU030E0626C19500.00;BIST 30_06/2026_AVRUPA_OPSIYON;D_IX;INO;D_IX_ECO;DE_BIST30_ECO;D_XU030D;2026-06-30;275.6;284.58;-3.16;40;40;40;40;40;390000;800;2;2;877;2;;;;;
2026-05-07;O_XU030E0626C19750.00;BIST 30_06/2026_AVRUPA_OPSIYON;D_IX;INO;D_IX_ECO;DE_BIST30_ECO;D_XU030D;2026-06-30;228.4;236.51;-3.43;30;30;30;30;30;790000;1200;4;4;873;4;;;;;
2026-05-07;O_XU030E0626P12000.00;BIST 30_06/2026_AVRUPA_OPSIYON;D_IX;INO;D_IX_EPO;DE_BIST30_EPO;D_XU030D;2026-06-30;4.64;8.57;-45.86;0;0;0;0;0;0;0;0;0;50;0;;;;;
2026-05-07;O_XU030E0626P12250.00;BIST 30_06/2026_AVRUPA_OPSIYON;D_IX;INO;D_IX_EPO;DE_BIST30_EPO;D_XU030D;2026-06-30;5.76;10.46;-44.93;0;0;0;0;0;0;0;0;0;30;0;;;;;
2026-05-07;O_XU030E0626P12500.00;BIST 30_06/2026_AVRUPA_OPSIYON;D_IX;INO;D_IX_EPO;DE_BIST30_EPO;D_XU030D;2026-06-30;7.12;12.73;-44.07;0;0;0;0;0;0;0;0;0;3;0;;;;;
2026-05-07;O_XU030E0626P12750.00;BIST 30_06/2026_AVRUPA_OPSIYON;D_IX;INO;D_IX_EPO;DE_BIST30_EPO;D_XU030D;2026-06-30;8.79;15.45;-43.11;0;0;0;0;0;0;0;0;0;148;0;;;;;
2026-05-07;O_XU030E0626P13000.00;BIST 30_06/2026_AVRUPA_OPSIYON;D_IX;INO;D_IX_EPO;DE_BIST30_EPO;D_XU030D;2026-06-30;10.82;18.7;-42.14;0;0;0;0;0;0;0;0;0;260;0;;;;;
2026-05-07;O_XU030E0626P13250.00;BIST 30_06/2026_AVRUPA_OPSIYON;D_IX;INO;D_IX_EPO;DE_BIST30_EPO;D_XU030D;2026-06-30;13.28;22.57;-41.16;0;0;0;0;0;0;0;0;0;411;0;;;;;
2026-05-07;O_XU030E0626P13500.00;BIST 30_06/2026_AVRUPA_OPSIYON;D_IX;INO;D_IX_EPO;DE_BIST30_EPO;D_XU030D;2026-06-30;16.28;27.19;-40.13;0;0;0;0;0;0;0;0;0;421;0;;;;;
2026-05-07;O_XU030E0626P13750.00;BIST 30_06/2026_AVRUPA_OPSIYON;D_IX;INO;D_IX_EPO;DE_BIST30_EPO;D_XU030D;2026-06-30;19.92;32.69;-39.06;0;0;0;0;0;0;0;0;0;36;0;;;;;
2026-05-07;O_XU030E0626P14000.00;BIST 30_06/2026_AVRUPA_OPSIYON;D_IX;INO;D_IX_EPO;DE_BIST30_EPO;D_XU030D;2026-06-30;24.34;39.23;-37.96;0;0;0;0;0;0;0;0;0;53;0;;;;;
2026-05-07;O_XU030E0626P14250.00;BIST 30_06/2026_AVRUPA_OPSIYON;D_IX;INO;D_IX_EPO;DE_BIST30_EPO;D_XU030D;2026-06-30;29.71;47.01;-36.8;0;0;0;0;0;0;0;0;0;107;0;;;;;
2026-05-07;O_XU030E0626P14500.00;BIST 30_06/2026_AVRUPA_OPSIYON;D_IX;INO;D_IX_EPO;DE_BIST30_EPO;D_XU030D;2026-06-30;36.23;56.26;-35.6;22.25;22.25;22.25;22.25;22.25;2175000;3337.5;15;1;239;-15;;;;;
2026-05-07;O_XU030E0626P14750.00;BIST 30_06/2026_AVRUPA_OPSIYON;D_IX;INO;D_IX_EPO;DE_BIST30_EPO;D_XU030D;2026-06-30;44.15;67.25;-34.35;0;0;0;0;0;0;0;0;0;146;0;;;;;
2026-05-07;O_XU030E0626P15000.00;BIST 30_06/2026_AVRUPA_OPSIYON;D_IX;INO;D_IX_EPO;DE_BIST30_EPO;D_XU030D;2026-06-30;53.77;80.31;-33.05;0;0;0;0;0;0;0;0;0;176;0;;;;;
2026-05-07;O_XU030E0626P15250.00;BIST 30_06/2026_AVRUPA_OPSIYON;D_IX;INO;D_IX_EPO;DE_BIST30_EPO;D_XU030D;2026-06-30;68.25;95.82;-28.77;0;0;0;0;0;0;0;0;0;107;0;;;;;
2026-05-07;O_XU030E0626P15500.00;BIST 30_06/2026_AVRUPA_OPSIYON;D_IX;INO;D_IX_EPO;DE_BIST30_EPO;D_XU030D;2026-06-30;93.06;114.24;-18.54;0;0;0;0;0;0;0;0;0;356;0;;;;;
2026-05-07;O_XU030E0626P15750.00;BIST 30_06/2026_AVRUPA_OPSIYON;D_IX;INO;D_IX_EPO;DE_BIST30_EPO;D_XU030D;2026-06-30;124.42;136.11;-8.59;0;0;0;0;0;0;0;0;0;5276;0;;;;;
2026-05-07;O_XU030E0626P16000.00;BIST 30_06/2026_AVRUPA_OPSIYON;D_IX;INO;D_IX_EPO;DE_BIST30_EPO;D_XU030D;2026-06-30;163.33;165.41;-1.26;73.25;71;100;100;80.35;15840000;79550;99;11;1230;9;;;;;
2026-05-07;O_XU030E0626P16250.00;BIST 30_06/2026_AVRUPA_OPSIYON;D_IX;INO;D_IX_EPO;DE_BIST30_EPO;D_XU030D;2026-06-30;210.72;212.9;-1.02;102.25;99.75;116.75;116.75;105.51;13650000;88625;84;7;3270;0;;;;;
2026-05-07;O_XU030E0626P16500.00;BIST 30_06/2026_AVRUPA_OPSIYON;D_IX;INO;D_IX_EPO;DE_BIST30_EPO;D_XU030D;2026-06-30;267.49;269.68;-0.81;135.5;110;135.5;134;124.93;21945000;166160;133;16;2119;-7;;;;;
2026-05-07;O_XU030E0626P16750.00;BIST 30_06/2026_AVRUPA_OPSIYON;D_IX;INO;D_IX_EPO;DE_BIST30_EPO;D_XU030D;2026-06-30;334.4;336.5;-0.62;148.5;148.5;211.75;164.25;175.87;145557500;1528343.9;869;59;2001;400;;;;;
2026-05-07;O_XU030E0626P17000.00;BIST 30_06/2026_AVRUPA_OPSIYON;D_IX;INO;D_IX_EPO;DE_BIST30_EPO;D_XU030D;2026-06-30;412.09;413.99;-0.46;184.5;184.5;243;243;214.78;88060000;1112537;518;36;4044;500;;;;;
2026-05-07;O_XU030E0626P17250.00;BIST 30_06/2026_AVRUPA_OPSIYON;D_IX;INO;D_IX_EPO;DE_BIST30_EPO;D_XU030D;2026-06-30;501.04;502.62;-0.31;222.5;222.5;252.29;233.63;247.13;14317500;205120.5;83;12;710;30;;;;;
2026-05-07;O_XU030E0626P17500.00;BIST 30_06/2026_AVRUPA_OPSIYON;D_IX;INO;D_IX_EPO;DE_BIST30_EPO;D_XU030D;2026-06-30;601.56;602.7;-0.19;282.5;267.5;318.5;267.5;295.61;45850000;774491.6;262;21;3378;-96;;;;;
2026-05-07;O_XU030E0626P17750.00;BIST 30_06/2026_AVRUPA_OPSIYON;D_IX;INO;D_IX_EPO;DE_BIST30_EPO;D_XU030D;2026-06-30;713.78;714.35;-0.08;353.5;345.75;390.73;372.75;371.29;12602500;263618.4;71;8;1147;25;;;;;
2026-05-07;O_XU030E0626P18000.00;BIST 30_06/2026_AVRUPA_OPSIYON;D_IX;INO;D_IX_EPO;DE_BIST30_EPO;D_XU030D;2026-06-30;837.65;837.53;0.01;446.25;424;503;479;483.37;277380000;7448773.1;1541;177;2488;185;;;;;
2026-05-07;O_XU030E0626P18250.00;BIST 30_06/2026_AVRUPA_OPSIYON;D_IX;INO;D_IX_EPO;DE_BIST30_EPO;D_XU030D;2026-06-30;972.94;972.03;0.09;572;540;625;600;579.63;92527500;2938712.5;507;54;4437;120;;;;;
2026-05-07;O_XU030E0826C15500.00;BIST 30_08/2026_AVRUPA_OPSIYON;D_IX;INO;D_IX_ECO;DE_BIST30_ECO;D_XU030D;2026-08-31;3106.09;3117.45;-0.36;0;0;0;0;0;0;0;0;0;10;0;;;;;
2026-05-07;O_XU030E0826C15750.00;BIST 30_08/2026_AVRUPA_OPSIYON;D_IX;INO;D_IX_ECO;DE_BIST30_ECO;D_XU030D;2026-08-31;2914.51;2926.03;-0.39;0;0;0;0;0;0;0;0;0;1;0;;;;;
2026-05-07;O_XU030E0826C16000.00;BIST 30_08/2026_AVRUPA_OPSIYON;D_IX;INO;D_IX_ECO;DE_BIST30_ECO;D_XU030D;2026-08-31;2728.5;2740.17;-0.43;0;0;0;0;0;0;0;0;0;10;0;;;;;
2026-05-07;O_XU030E0826C16250.00;BIST 30_08/2026_AVRUPA_OPSIYON;D_IX;INO;D_IX_ECO;DE_BIST30_ECO;D_XU030D;2026-08-31;2548.47;2560.26;-0.46;0;0;0;0;0;0;0;0;0;0;0;;;;;
2026-05-07;O_XU030E0826C16500.00;BIST 30_08/2026_AVRUPA_OPSIYON;D_IX;INO;D_IX_ECO;DE_BIST30_ECO;D_XU030D;2026-08-31;2374.75;2386.62;-0.5;0;0;0;0;0;0;0;0;0;0;0;;;;;
2026-05-07;O_XU030E0826C16750.00;BIST 30_08/2026_AVRUPA_OPSIYON;D_IX;INO;D_IX_ECO;DE_BIST30_ECO;D_XU030D;2026-08-31;2207.66;2219.58;-0.54;0;0;0;0;0;0;0;0;0;5;0;;;;;
2026-05-07;O_XU030E0826C17000.00;BIST 30_08/2026_AVRUPA_OPSIYON;D_IX;INO;D_IX_ECO;DE_BIST30_ECO;D_XU030D;2026-08-31;2047.46;2059.38;-0.58;0;0;0;0;0;0;0;0;0;28;0;;;;;
2026-05-07;O_XU030E0826C17250.00;BIST 30_08/2026_AVRUPA_OPSIYON;D_IX;INO;D_IX_ECO;DE_BIST30_ECO;D_XU030D;2026-08-31;1894.36;1906.24;-0.62;0;0;0;0;0;0;0;0;0;46;0;;;;;
2026-05-07;O_XU030E0826C17500.00;BIST 30_08/2026_AVRUPA_OPSIYON;D_IX;INO;D_IX_ECO;DE_BIST30_ECO;D_XU030D;2026-08-31;1748.52;1760.33;-0.67;0;0;0;0;0;0;0;0;0;13;0;;;;;
2026-05-07;O_XU030E0826C17750.00;BIST 30_08/2026_AVRUPA_OPSIYON;D_IX;INO;D_IX_ECO;DE_BIST30_ECO;D_XU030D;2026-08-31;1610.07;1621.76;-0.72;1576;1575.5;1576;1575.5;1575.75;3550000;315150;20;2;30;20;;;;;
2026-05-07;O_XU030E0826C18000.00;BIST 30_08/2026_AVRUPA_OPSIYON;D_IX;INO;D_IX_ECO;DE_BIST30_ECO;D_XU030D;2026-08-31;1479.05;1490.58;-0.77;0;0;0;0;0;0;0;0;0;30;0;;;;;
2026-05-07;O_XU030E0826C18250.00;BIST 30_08/2026_AVRUPA_OPSIYON;D_IX;INO;D_IX_ECO;DE_BIST30_ECO;D_XU030D;2026-08-31;1355.47;1366.8;-0.83;0;0;0;0;0;0;0;0;0;24;0;;;;;
2026-05-07;O_XU030E0826C18500.00;BIST 30_08/2026_AVRUPA_OPSIYON;D_IX;INO;D_IX_ECO;DE_BIST30_ECO;D_XU030D;2026-08-31;1239.29;1250.38;-0.89;0;0;0;0;0;0;0;0;0;40;0;;;;;
2026-05-07;O_XU030E0826C18750.00;BIST 30_08/2026_AVRUPA_OPSIYON;D_IX;INO;D_IX_ECO;DE_BIST30_ECO;D_XU030D;2026-08-31;1130.42;1141.23;-0.95;993.35;985.92;999.25;985.92;996.2;6562500;348670.3;35;6;57;28;;;;;
2026-05-07;O_XU030E0826C19000.00;BIST 30_08/2026_AVRUPA_OPSIYON;D_IX;INO;D_IX_ECO;DE_BIST30_ECO;D_XU030D;2026-08-31;1028.72;1039.22;-1.01;848;830.75;848;830.75;839.14;6270000;276915;33;4;140;33;;;;;
2026-05-07;O_XU030E0826C19250.00;BIST 30_08/2026_AVRUPA_OPSIYON;D_IX;INO;D_IX_ECO;DE_BIST30_ECO;D_XU030D;2026-08-31;934.02;944.19;-1.08;0;0;0;0;0;0;0;0;0;8;0;;;;;
2026-05-07;O_XU030E0826C19500.00;BIST 30_08/2026_AVRUPA_OPSIYON;D_IX;INO;D_IX_ECO;DE_BIST30_ECO;D_XU030D;2026-08-31;846.12;855.92;-1.14;0;0;0;0;0;0;0;0;0;49;0;;;;;
2026-05-07;O_XU030E0826C19750.00;BIST 30_08/2026_AVRUPA_OPSIYON;D_IX;INO;D_IX_ECO;DE_BIST30_ECO;D_XU030D;2026-08-31;764.78;774.19;-1.22;0;0;0;0;0;0;0;0;0;62;0;;;;;
2026-05-07;O_XU030E0826C20000.00;BIST 30_08/2026_AVRUPA_OPSIYON;D_IX;INO;D_IX_ECO;DE_BIST30_ECO;D_XU030D;2026-08-31;689.73;698.74;-1.29;468.25;468.25;469.25;469.25;468.75;4000000;93750;20;2;66;0;;;;;
2026-05-07;O_XU030E0826C20250.00;BIST 30_08/2026_AVRUPA_OPSIYON;D_IX;INO;D_IX_ECO;DE_BIST30_ECO;D_XU030D;2026-08-31;620.69;629.29;-1.37;394.25;394.25;394.25;394.25;394.25;2025000;39425;10;1;77;0;;;;;
2026-05-07;O_XU030E0826C20500.00;BIST 30_08/2026_AVRUPA_OPSIYON;D_IX;INO;D_IX_ECO;DE_BIST30_ECO;D_XU030D;2026-08-31;557.37;565.54;-1.44;341.25;301.5;350;350;344.94;7585000;127627.5;37;6;164;36;;;;;
2026-05-07;O_XU030E0826C20750.00;BIST 30_08/2026_AVRUPA_OPSIYON;D_IX;INO;D_IX_ECO;DE_BIST30_ECO;D_XU030D;2026-08-31;499.46;;0;298.5;254.25;306;254.25;298.18;10582500;152070;51;8;50;50;;;;;
2026-05-07;O_XU030E0826P14000.00;BIST 30_08/2026_AVRUPA_OPSIYON;D_IX;INO;D_IX_EPO;DE_BIST30_EPO;D_XU030D;2026-08-31;58.93;67.54;-12.75;0;0;0;0;0;0;0;0;0;0;0;;;;;
2026-05-07;O_XU030E0826P14250.00;BIST 30_08/2026_AVRUPA_OPSIYON;D_IX;INO;D_IX_EPO;DE_BIST30_EPO;D_XU030D;2026-08-31;65.86;75.26;-12.49;0;0;0;0;0;0;0;0;0;65;0;;;;;
2026-05-07;O_XU030E0826P14500.00;BIST 30_08/2026_AVRUPA_OPSIYON;D_IX;INO;D_IX_EPO;DE_BIST30_EPO;D_XU030D;2026-08-31;74.54;83.85;-11.1;0;0;0;0;0;0;0;0;0;40;0;;;;;
2026-05-07;O_XU030E0826P14750.00;BIST 30_08/2026_AVRUPA_OPSIYON;D_IX;INO;D_IX_EPO;DE_BIST30_EPO;D_XU030D;2026-08-31;94.3;95.01;-0.75;0;0;0;0;0;0;0;0;0;30;0;;;;;
2026-05-07;O_XU030E0826P15000.00;BIST 30_08/2026_AVRUPA_OPSIYON;D_IX;INO;D_IX_EPO;DE_BIST30_EPO;D_XU030D;2026-08-31;117.92;118.69;-0.65;0;0;0;0;0;0;0;0;0;30;0;;;;;
2026-05-07;O_XU030E0826P15250.00;BIST 30_08/2026_AVRUPA_OPSIYON;D_IX;INO;D_IX_EPO;DE_BIST30_EPO;D_XU030D;2026-08-31;145.85;146.66;-0.55;0;0;0;0;0;0;0;0;0;0;0;;;;;
2026-05-07;O_XU030E0826P15500.00;BIST 30_08/2026_AVRUPA_OPSIYON;D_IX;INO;D_IX_EPO;DE_BIST30_EPO;D_XU030D;2026-08-31;178.53;179.37;-0.47;0;0;0;0;0;0;0;0;0;10;0;;;;;
2026-05-07;O_XU030E0826P15750.00;BIST 30_08/2026_AVRUPA_OPSIYON;D_IX;INO;D_IX_EPO;DE_BIST30_EPO;D_XU030D;2026-08-31;216.39;217.22;-0.38;0;0;0;0;0;0;0;0;0;60;0;;;;;
2026-05-07;O_XU030E0826P16000.00;BIST 30_08/2026_AVRUPA_OPSIYON;D_IX;INO;D_IX_EPO;DE_BIST30_EPO;D_XU030D;2026-08-31;259.83;260.64;-0.31;0;0;0;0;0;0;0;0;0;40;0;;;;;
2026-05-07;O_XU030E0826P16250.00;BIST 30_08/2026_AVRUPA_OPSIYON;D_IX;INO;D_IX_EPO;DE_BIST30_EPO;D_XU030D;2026-08-31;309.24;310;-0.25;0;0;0;0;0;0;0;0;0;49;0;;;;;
2026-05-07;O_XU030E0826P16500.00;BIST 30_08/2026_AVRUPA_OPSIYON;D_IX;INO;D_IX_EPO;DE_BIST30_EPO;D_XU030D;2026-08-31;364.96;365.63;-0.18;279;279;322.75;322.75;304.34;6600000;121735;40;6;53;40;;;;;
2026-05-07;O_XU030E0826P16750.00;BIST 30_08/2026_AVRUPA_OPSIYON;D_IX;INO;D_IX_EPO;DE_BIST30_EPO;D_XU030D;2026-08-31;427.31;427.86;-0.13;359.5;359.5;359.5;359.5;359.5;2177500;46735;13;2;29;13;;;;;
2026-05-07;O_XU030E0826P17000.00;BIST 30_08/2026_AVRUPA_OPSIYON;D_IX;INO;D_IX_EPO;DE_BIST30_EPO;D_XU030D;2026-08-31;496.55;496.94;-0.08;400.5;400.5;400.5;400.5;400.5;2210000;52065;13;2;13;11;;;;;
2026-05-07;O_XU030E0826P17250.00;BIST 30_08/2026_AVRUPA_OPSIYON;D_IX;INO;D_IX_EPO;DE_BIST30_EPO;D_XU030D;2026-08-31;572.89;573.07;-0.03;0;0;0;0;0;0;0;0;0;16;0;;;;;
2026-05-07;O_XU030E0826P17500.00;BIST 30_08/2026_AVRUPA_OPSIYON;D_IX;INO;D_IX_EPO;DE_BIST30_EPO;D_XU030D;2026-08-31;656.5;656.44;0.01;0;0;0;0;0;0;0;0;0;16;0;;;;;
2026-05-07;O_XU030E0826P17750.00;BIST 30_08/2026_AVRUPA_OPSIYON;D_IX;INO;D_IX_EPO;DE_BIST30_EPO;D_XU030D;2026-08-31;747.49;747.13;0.05;537;537;537;537;537;1775000;53700;10;1;17;-10;;;;;
2026-05-07;O_XU030E0826P18000.00;BIST 30_08/2026_AVRUPA_OPSIYON;D_IX;INO;D_IX_EPO;DE_BIST30_EPO;D_XU030D;2026-08-31;845.91;845.23;0.08;578;578;578;578;578;900000;28900;5;1;100;-5;;;;;
2026-05-07;O_XU030E0826P18250.00;BIST 30_08/2026_AVRUPA_OPSIYON;D_IX;INO;D_IX_EPO;DE_BIST30_EPO;D_XU030D;2026-08-31;951.77;950.72;0.11;0;0;0;0;0;0;0;0;0;30;0;;;;;
2026-05-07;O_XU030E0826P18500.00;BIST 30_08/2026_AVRUPA_OPSIYON;D_IX;INO;D_IX_EPO;DE_BIST30_EPO;D_XU030D;2026-08-31;1065.04;1063.57;0.14;0;0;0;0;0;0;0;0;0;10;0;;;;;
2026-05-07;O_XU030E0826P18750.00;BIST 30_08/2026_AVRUPA_OPSIYON;D_IX;INO;D_IX_EPO;DE_BIST30_EPO;D_XU030D;2026-08-31;1185.61;1183.7;0.16;0;0;0;0;0;0;0;0;0;140;0;;;;;
2026-05-07;O_XU030E0826P19000.00;BIST 30_08/2026_AVRUPA_OPSIYON;D_IX;INO;D_IX_EPO;DE_BIST30_EPO;D_XU030D;2026-08-31;1313.35;1310.96;0.18;910.75;910.75;960.75;950.72;941.42;7600000;376569.5;40;5;82;40;;;;;
2026-05-07;O_XU030E0826P19250.00;BIST 30_08/2026_AVRUPA_OPSIYON;D_IX;INO;D_IX_EPO;DE_BIST30_EPO;D_XU030D;2026-08-31;1448.1;;0;0;0;0;0;0;0;0;0;0;0;0;;;;;
2026-05-07;O_XU030E1026C18250.00;BIST 30_10/2026_AVRUPA_OPSIYON;D_IX;INO;D_IX_ECO;DE_BIST30_ECO;D_XU030D;2026-10-30;1880.1;1889.89;-0.52;0;0;0;0;0;0;0;0;0;5;0;;;;;
2026-05-07;O_XU030E1026C18500.00;BIST 30_10/2026_AVRUPA_OPSIYON;D_IX;INO;D_IX_ECO;DE_BIST30_ECO;D_XU030D;2026-10-30;1758.04;1767.71;-0.55;0;0;0;0;0;0;0;0;0;2;0;;;;;
2026-05-07;O_XU030E1026C18750.00;BIST 30_10/2026_AVRUPA_OPSIYON;D_IX;INO;D_IX_ECO;DE_BIST30_ECO;D_XU030D;2026-10-30;1641.71;1651.24;-0.58;1770.75;1770.75;1770.75;1770.75;1770.75;937500;88537.5;5;1;5;4;;;;;
2026-05-07;O_XU030E1026C19000.00;BIST 30_10/2026_AVRUPA_OPSIYON;D_IX;INO;D_IX_ECO;DE_BIST30_ECO;D_XU030D;2026-10-30;1531.07;1540.45;-0.61;0;0;0;0;0;0;0;0;0;0;0;;;;;
2026-05-07;O_XU030E1026C19250.00;BIST 30_10/2026_AVRUPA_OPSIYON;D_IX;INO;D_IX_ECO;DE_BIST30_ECO;D_XU030D;2026-10-30;1426.03;1435.23;-0.64;0;0;0;0;0;0;0;0;0;0;0;;;;;
2026-05-07;O_XU030E1026C19500.00;BIST 30_10/2026_AVRUPA_OPSIYON;D_IX;INO;D_IX_ECO;DE_BIST30_ECO;D_XU030D;2026-10-30;1326.5;1335.51;-0.67;0;0;0;0;0;0;0;0;0;0;0;;;;;
2026-05-07;O_XU030E1026C19750.00;BIST 30_10/2026_AVRUPA_OPSIYON;D_IX;INO;D_IX_ECO;DE_BIST30_ECO;D_XU030D;2026-10-30;1232.35;1241.16;-0.71;0;0;0;0;0;0;0;0;0;0;0;;;;;
2026-05-07;O_XU030E1026C20000.00;BIST 30_10/2026_AVRUPA_OPSIYON;D_IX;INO;D_IX_ECO;DE_BIST30_ECO;D_XU030D;2026-10-30;1143.48;1152.05;-0.74;0;0;0;0;0;0;0;0;0;1;0;;;;;
2026-05-07;O_XU030E1026C20250.00;BIST 30_10/2026_AVRUPA_OPSIYON;D_IX;INO;D_IX_ECO;DE_BIST30_ECO;D_XU030D;2026-10-30;1059.72;1068.06;-0.78;0;0;0;0;0;0;0;0;0;0;0;;;;;
2026-05-07;O_XU030E1026C20500.00;BIST 30_10/2026_AVRUPA_OPSIYON;D_IX;INO;D_IX_ECO;DE_BIST30_ECO;D_XU030D;2026-10-30;980.91;989.01;-0.82;0;0;0;0;0;0;0;0;0;0;0;;;;;
2026-05-07;O_XU030E1026C20750.00;BIST 30_10/2026_AVRUPA_OPSIYON;D_IX;INO;D_IX_ECO;DE_BIST30_ECO;D_XU030D;2026-10-30;906.9;914.74;-0.86;0;0;0;0;0;0;0;0;0;0;0;;;;;
2026-05-07;O_XU030E1026C21000.00;BIST 30_10/2026_AVRUPA_OPSIYON;D_IX;INO;D_IX_ECO;DE_BIST30_ECO;D_XU030D;2026-10-30;837.51;845.08;-0.9;0;0;0;0;0;0;0;0;0;1;0;;;;;
2026-05-07;O_XU030E1026C21250.00;BIST 30_10/2026_AVRUPA_OPSIYON;D_IX;INO;D_IX_ECO;DE_BIST30_ECO;D_XU030D;2026-10-30;772.55;;0;0;0;0;0;0;0;0;0;0;0;0;;;;;
2026-05-07;O_XU030E1026C21500.00;BIST 30_10/2026_AVRUPA_OPSIYON;D_IX;INO;D_IX_ECO;DE_BIST30_ECO;D_XU030D;2026-10-30;711.84;;0;0;0;0;0;0;0;0;0;0;0;0;;;;;
2026-05-07;O_XU030E1026P16750.00;BIST 30_10/2026_AVRUPA_OPSIYON;D_IX;INO;D_IX_EPO;DE_BIST30_EPO;D_XU030D;2026-10-30;499.6;499.8;-0.04;0;0;0;0;0;0;0;0;0;0;0;;;;;
2026-05-07;O_XU030E1026P17000.00;BIST 30_10/2026_AVRUPA_OPSIYON;D_IX;INO;D_IX_EPO;DE_BIST30_EPO;D_XU030D;2026-10-30;565.99;566.06;-0.01;0;0;0;0;0;0;0;0;0;0;0;;;;;
2026-05-07;O_XU030E1026P17250.00;BIST 30_10/2026_AVRUPA_OPSIYON;D_IX;INO;D_IX_EPO;DE_BIST30_EPO;D_XU030D;2026-10-30;637.93;637.85;0.01;0;0;0;0;0;0;0;0;0;0;0;;;;;
2026-05-07;O_XU030E1026P17500.00;BIST 30_10/2026_AVRUPA_OPSIYON;D_IX;INO;D_IX_EPO;DE_BIST30_EPO;D_XU030D;2026-10-30;715.52;715.27;0.03;0;0;0;0;0;0;0;0;0;0;0;;;;;
2026-05-07;O_XU030E1026P17750.00;BIST 30_10/2026_AVRUPA_OPSIYON;D_IX;INO;D_IX_EPO;DE_BIST30_EPO;D_XU030D;2026-10-30;798.82;798.38;0.06;0;0;0;0;0;0;0;0;0;0;0;;;;;
2026-05-07;O_XU030E1026P18000.00;BIST 30_10/2026_AVRUPA_OPSIYON;D_IX;INO;D_IX_EPO;DE_BIST30_EPO;D_XU030D;2026-10-30;887.89;887.23;0.07;0;0;0;0;0;0;0;0;0;0;0;;;;;
2026-05-07;O_XU030E1026P18250.00;BIST 30_10/2026_AVRUPA_OPSIYON;D_IX;INO;D_IX_EPO;DE_BIST30_EPO;D_XU030D;2026-10-30;982.73;981.83;0.09;0;0;0;0;0;0;0;0;0;0;0;;;;;
2026-05-07;O_XU030E1026P18500.00;BIST 30_10/2026_AVRUPA_OPSIYON;D_IX;INO;D_IX_EPO;DE_BIST30_EPO;D_XU030D;2026-10-30;1083.34;1082.18;0.11;0;0;0;0;0;0;0;0;0;0;0;;;;;
2026-05-07;O_XU030E1026P18750.00;BIST 30_10/2026_AVRUPA_OPSIYON;D_IX;INO;D_IX_EPO;DE_BIST30_EPO;D_XU030D;2026-10-30;1189.7;1188.25;0.12;0;0;0;0;0;0;0;0;0;0;0;;;;;
2026-05-07;O_XU030E1026P19000.00;BIST 30_10/2026_AVRUPA_OPSIYON;D_IX;INO;D_IX_EPO;DE_BIST30_EPO;D_XU030D;2026-10-30;1301.73;1299.99;0.13;773.75;773.75;773.75;773.75;773.75;950000;38687.5;5;1;5;5;;;;;
2026-05-07;O_XU030E1026P19250.00;BIST 30_10/2026_AVRUPA_OPSIYON;D_IX;INO;D_IX_EPO;DE_BIST30_EPO;D_XU030D;2026-10-30;1419.37;1417.31;0.15;0;0;0;0;0;0;0;0;0;0;0;;;;;
2026-05-07;O_XU030E1026P19500.00;BIST 30_10/2026_AVRUPA_OPSIYON;D_IX;INO;D_IX_EPO;DE_BIST30_EPO;D_XU030D;2026-10-30;1542.52;1540.11;0.16;0;0;0;0;0;0;0;0;0;5;0;;;;;
2026-05-07;O_XU030E1026P19750.00;BIST 30_10/2026_AVRUPA_OPSIYON;D_IX;INO;D_IX_EPO;DE_BIST30_EPO;D_XU030D;2026-10-30;1671.06;;0;0;0;0;0;0;0;0;0;0;0;0;;;;;
2026-05-07;O_XU030E1026P20000.00;BIST 30_10/2026_AVRUPA_OPSIYON;D_IX;INO;D_IX_EPO;DE_BIST30_EPO;D_XU030D;2026-10-30;1804.86;;0;1347;1347;1347;1347;1347;200000;13470;1;1;1;1;;;;;
2026-05-07;O_YKBNKE0526C33.00;YKBNK_05/2026_AVRUPA_OPSIYON;D_EQ;SSO;D_EQ_ECP;DE_YKBNK_ECP;YKBNK.E;2026-05-25;6.29;5.46;15.2;0;0;0;0;0;0;0;0;0;0;0;;;;;
2026-05-07;O_YKBNKE0526C34.00;YKBNK_05/2026_AVRUPA_OPSIYON;D_EQ;SSO;D_EQ_ECP;DE_YKBNK_ECP;YKBNK.E;2026-05-25;5.34;4.54;17.62;0;0;0;0;0;0;0;0;0;0;0;;;;;
2026-05-07;O_YKBNKE0526C35.00;YKBNK_05/2026_AVRUPA_OPSIYON;D_EQ;SSO;D_EQ_ECP;DE_YKBNK_ECP;YKBNK.E;2026-05-25;4.42;3.68;20.11;0;0;0;0;0;0;0;0;0;0;0;;;;;
2026-05-07;O_YKBNKE0526C36.00;YKBNK_05/2026_AVRUPA_OPSIYON;D_EQ;SSO;D_EQ_ECP;DE_YKBNK_ECP;YKBNK.E;2026-05-25;3.55;2.89;22.84;0;0;0;0;0;0;0;0;0;0;0;;;;;
2026-05-07;O_YKBNKE0526C37.00;YKBNK_05/2026_AVRUPA_OPSIYON;D_EQ;SSO;D_EQ_ECP;DE_YKBNK_ECP;YKBNK.E;2026-05-25;2.76;2.19;26.03;0;0;0;0;0;0;0;0;0;2500;0;;;;;
2026-05-07;O_YKBNKE0526C38.00;YKBNK_05/2026_AVRUPA_OPSIYON;D_EQ;SSO;D_EQ_ECP;DE_YKBNK_ECP;YKBNK.E;2026-05-25;2.06;1.6;28.75;1.88;1.88;1.95;1.95;1.93;1520000;77300;400;4;1000;0;;;;;
2026-05-07;O_YKBNKE0526C39.00;YKBNK_05/2026_AVRUPA_OPSIYON;D_EQ;SSO;D_EQ_ECP;DE_YKBNK_ECP;YKBNK.E;2026-05-25;1.48;1.13;30.97;0;0;0;0;0;0;0;0;0;300;0;;;;;
2026-05-07;O_YKBNKE0526C40.00;YKBNK_05/2026_AVRUPA_OPSIYON;D_EQ;SSO;D_EQ_ECP;DE_YKBNK_ECP;YKBNK.E;2026-05-25;1.02;0.76;34.21;1.03;0.93;1.03;0.93;0.98;17664000;432631;4416;35;4416;3766;;;;;
2026-05-07;O_YKBNKE0526C41.00;YKBNK_05/2026_AVRUPA_OPSIYON;D_EQ;SSO;D_EQ_ECP;DE_YKBNK_ECP;YKBNK.E;2026-05-25;0.67;0.49;36.73;0.53;0.53;0.53;0.53;0.53;5793300;74889;1413;11;101413;1413;;;;;
2026-05-07;O_YKBNKE0526C43.00;YKBNK_05/2026_AVRUPA_OPSIYON;D_EQ;SSO;D_EQ_ECP;DE_YKBNK_ECP;YKBNK.E;2026-05-25;0.25;0.19;31.58;0.2;0.2;0.21;0.21;0.21;8600;41;2;2;833;2;;;;;
2026-05-07;O_YKBNKE0526C44.00;YKBNK_05/2026_AVRUPA_OPSIYON;D_EQ;SSO;D_EQ_ECP;DE_YKBNK_ECP;YKBNK.E;2026-05-25;0.15;0.11;36.36;0;0;0;0;0;0;0;0;0;800;0;;;;;
2026-05-07;O_YKBNKE0526C45.00;YKBNK_05/2026_AVRUPA_OPSIYON;D_EQ;SSO;D_EQ_ECP;DE_YKBNK_ECP;YKBNK.E;2026-05-25;0.08;0.06;33.33;0;0;0;0;0;0;0;0;0;2400;0;;;;;
2026-05-07;O_YKBNKE0526C46.00;YKBNK_05/2026_AVRUPA_OPSIYON;D_EQ;SSO;D_EQ_ECP;DE_YKBNK_ECP;YKBNK.E;2026-05-25;0.04;0.03;33.33;0;0;0;0;0;0;0;0;0;3;0;;;;;
2026-05-07;O_YKBNKE0526C47.00;YKBNK_05/2026_AVRUPA_OPSIYON;D_EQ;SSO;D_EQ_ECP;DE_YKBNK_ECP;YKBNK.E;2026-05-25;0.02;0.02;0;0;0;0;0;0;0;0;0;0;1;0;;;;;
2026-05-07;O_YKBNKE0526C48.00;YKBNK_05/2026_AVRUPA_OPSIYON;D_EQ;SSO;D_EQ_ECP;DE_YKBNK_ECP;YKBNK.E;2026-05-25;0.01;0.01;0;0;0;0;0;0;0;0;0;0;0;0;;;;;
2026-05-07;O_YKBNKE0526C49.00;YKBNK_05/2026_AVRUPA_OPSIYON;D_EQ;SSO;D_EQ_ECP;DE_YKBNK_ECP;YKBNK.E;2026-05-25;0.01;0.01;0;0;0;0;0;0;0;0;0;0;0;0;;;;;
2026-05-07;O_YKBNKE0526C50.00;YKBNK_05/2026_AVRUPA_OPSIYON;D_EQ;SSO;D_EQ_ECP;DE_YKBNK_ECP;YKBNK.E;2026-05-25;0.01;0.01;0;0;0;0;0;0;0;0;0;0;0;0;;;;;
2026-05-07;O_YKBNKE0526C52.00;YKBNK_05/2026_AVRUPA_OPSIYON;D_EQ;SSO;D_EQ_ECP;DE_YKBNK_ECP;YKBNK.E;2026-05-25;0.01;0.01;0;0;0;0;0;0;0;0;0;0;0;0;;;;;
2026-05-07;O_YKBNKE0526C54.00;YKBNK_05/2026_AVRUPA_OPSIYON;D_EQ;SSO;D_EQ_ECP;DE_YKBNK_ECP;YKBNK.E;2026-05-25;0.01;0.01;0;0;0;0;0;0;0;0;0;0;0;0;;;;;
2026-05-07;O_YKBNKE0526C56.00;YKBNK_05/2026_AVRUPA_OPSIYON;D_EQ;SSO;D_EQ_ECP;DE_YKBNK_ECP;YKBNK.E;2026-05-25;0.01;0.01;0;0;0;0;0;0;0;0;0;0;0;0;;;;;
2026-05-07;O_YKBNKE0526P28.00;YKBNK_05/2026_AVRUPA_OPSIYON;D_EQ;SSO;D_EQ_EPP;DE_YKBNK_EPP;YKBNK.E;2026-05-25;0.01;0.01;0;0;0;0;0;0;0;0;0;0;0;0;;;;;
2026-05-07;O_YKBNKE0526P29.00;YKBNK_05/2026_AVRUPA_OPSIYON;D_EQ;SSO;D_EQ_EPP;DE_YKBNK_EPP;YKBNK.E;2026-05-25;0.01;0.01;0;0;0;0;0;0;0;0;0;0;0;0;;;;;
2026-05-07;O_YKBNKE0526P30.00;YKBNK_05/2026_AVRUPA_OPSIYON;D_EQ;SSO;D_EQ_EPP;DE_YKBNK_EPP;YKBNK.E;2026-05-25;0.01;0.01;0;0;0;0;0;0;0;0;0;0;100;0;;;;;
2026-05-07;O_YKBNKE0526P31.00;YKBNK_05/2026_AVRUPA_OPSIYON;D_EQ;SSO;D_EQ_EPP;DE_YKBNK_EPP;YKBNK.E;2026-05-25;0.01;0.01;0;0;0;0;0;0;0;0;0;0;100;0;;;;;
2026-05-07;O_YKBNKE0526P32.00;YKBNK_05/2026_AVRUPA_OPSIYON;D_EQ;SSO;D_EQ_EPP;DE_YKBNK_EPP;YKBNK.E;2026-05-25;0.01;0.02;-50;0;0;0;0;0;0;0;0;0;0;0;;;;;
2026-05-07;O_YKBNKE0526P33.00;YKBNK_05/2026_AVRUPA_OPSIYON;D_EQ;SSO;D_EQ_EPP;DE_YKBNK_EPP;YKBNK.E;2026-05-25;0.02;0.05;-60;0;0;0;0;0;0;0;0;0;0;0;;;;;
2026-05-07;O_YKBNKE0526P34.00;YKBNK_05/2026_AVRUPA_OPSIYON;D_EQ;SSO;D_EQ_EPP;DE_YKBNK_EPP;YKBNK.E;2026-05-25;0.05;0.12;-58.33;0;0;0;0;0;0;0;0;0;15;0;;;;;
2026-05-07;O_YKBNKE0526P35.00;YKBNK_05/2026_AVRUPA_OPSIYON;D_EQ;SSO;D_EQ_EPP;DE_YKBNK_EPP;YKBNK.E;2026-05-25;0.11;0.23;-52.17;0.13;0.1;0.13;0.1;0.11;17500;56;5;5;152;0;;;;;
2026-05-07;O_YKBNKE0526P36.00;YKBNK_05/2026_AVRUPA_OPSIYON;D_EQ;SSO;D_EQ_EPP;DE_YKBNK_EPP;YKBNK.E;2026-05-25;0.22;0.42;-47.62;0.2;0.17;0.2;0.17;0.19;14400;74;4;4;2081;-4;;;;;
2026-05-07;O_YKBNKE0526P37.00;YKBNK_05/2026_AVRUPA_OPSIYON;D_EQ;SSO;D_EQ_EPP;DE_YKBNK_EPP;YKBNK.E;2026-05-25;0.41;0.7;-41.43;0.34;0.34;0.37;0.37;0.36;7400;71;2;2;4;0;;;;;
2026-05-07;O_YKBNKE0526P38.00;YKBNK_05/2026_AVRUPA_OPSIYON;D_EQ;SSO;D_EQ_EPP;DE_YKBNK_EPP;YKBNK.E;2026-05-25;0.7;1.1;-36.36;0;0;0;0;0;0;0;0;0;0;0;;;;;
2026-05-07;O_YKBNKE0526P39.00;YKBNK_05/2026_AVRUPA_OPSIYON;D_EQ;SSO;D_EQ_EPP;DE_YKBNK_EPP;YKBNK.E;2026-05-25;1.1;1.6;-31.25;1.03;0.84;1.03;0.84;0.95;1170000;28500;300;3;700;300;;;;;
2026-05-07;O_YKBNKE0526P40.00;YKBNK_05/2026_AVRUPA_OPSIYON;D_EQ;SSO;D_EQ_EPP;DE_YKBNK_EPP;YKBNK.E;2026-05-25;1.62;2.22;-27.03;0;0;0;0;0;0;0;0;0;5;0;;;;;
2026-05-07;O_YKBNKE0526P41.00;YKBNK_05/2026_AVRUPA_OPSIYON;D_EQ;SSO;D_EQ_EPP;DE_YKBNK_EPP;YKBNK.E;2026-05-25;2.25;2.93;-23.21;0;0;0;0;0;0;0;0;0;0;0;;;;;
2026-05-07;O_YKBNKE0526P42.00;YKBNK_05/2026_AVRUPA_OPSIYON;D_EQ;SSO;D_EQ_EPP;DE_YKBNK_EPP;YKBNK.E;2026-05-25;2.98;3.73;-20.11;0;0;0;0;0;0;0;0;0;2150;0;;;;;
2026-05-07;O_YKBNKE0526P43.00;YKBNK_05/2026_AVRUPA_OPSIYON;D_EQ;SSO;D_EQ_EPP;DE_YKBNK_EPP;YKBNK.E;2026-05-25;3.8;4.58;-17.03;0;0;0;0;0;0;0;0;0;0;0;;;;;
2026-05-07;O_YKBNKE0526P44.00;YKBNK_05/2026_AVRUPA_OPSIYON;D_EQ;SSO;D_EQ_EPP;DE_YKBNK_EPP;YKBNK.E;2026-05-25;4.67;5.49;-14.94;0;0;0;0;0;0;0;0;0;0;0;;;;;
2026-05-07;O_YKBNKE0526P45.00;YKBNK_05/2026_AVRUPA_OPSIYON;D_EQ;SSO;D_EQ_EPP;DE_YKBNK_EPP;YKBNK.E;2026-05-25;5.59;6.42;-12.93;0;0;0;0;0;0;0;0;0;0;0;;;;;
2026-05-07;O_YKBNKE0526P46.00;YKBNK_05/2026_AVRUPA_OPSIYON;D_EQ;SSO;D_EQ_EPP;DE_YKBNK_EPP;YKBNK.E;2026-05-25;6.53;7.37;-11.4;0;0;0;0;0;0;0;0;0;0;0;;;;;
2026-05-07;O_YKBNKE0526P47.00;YKBNK_05/2026_AVRUPA_OPSIYON;D_EQ;SSO;D_EQ_EPP;DE_YKBNK_EPP;YKBNK.E;2026-05-25;7.49;8.34;-10.19;0;0;0;0;0;0;0;0;0;0;0;;;;;
2026-05-07;O_YKBNKE0526P48.00;YKBNK_05/2026_AVRUPA_OPSIYON;D_EQ;SSO;D_EQ_EPP;DE_YKBNK_EPP;YKBNK.E;2026-05-25;8.46;9.31;-9.13;0;0;0;0;0;0;0;0;0;0;0;;;;;
2026-05-07;O_YKBNKE0626C35.00;YKBNK_06/2026_AVRUPA_OPSIYON;D_EQ;SSO;D_EQ_ECP;DE_YKBNK_ECP;YKBNK.E;2026-06-30;5.94;5.27;12.71;0;0;0;0;0;0;0;0;0;0;0;;;;;
2026-05-07;O_YKBNKE0626C36.00;YKBNK_06/2026_AVRUPA_OPSIYON;D_EQ;SSO;D_EQ_ECP;DE_YKBNK_ECP;YKBNK.E;2026-06-30;5.17;4.55;13.63;0;0;0;0;0;0;0;0;0;0;0;;;;;
2026-05-07;O_YKBNKE0626C37.00;YKBNK_06/2026_AVRUPA_OPSIYON;D_EQ;SSO;D_EQ_ECP;DE_YKBNK_ECP;YKBNK.E;2026-06-30;4.45;3.89;14.4;0;0;0;0;0;0;0;0;0;0;0;;;;;
2026-05-07;O_YKBNKE0626C38.00;YKBNK_06/2026_AVRUPA_OPSIYON;D_EQ;SSO;D_EQ_ECP;DE_YKBNK_ECP;YKBNK.E;2026-06-30;3.79;3.29;15.2;3.29;3.29;3.42;3.42;3.36;760000;67100;200;2;200;200;;;;;
2026-05-07;O_YKBNKE0626C39.00;YKBNK_06/2026_AVRUPA_OPSIYON;D_EQ;SSO;D_EQ_ECP;DE_YKBNK_ECP;YKBNK.E;2026-06-30;3.19;2.75;16;0;0;0;0;0;0;0;0;0;0;0;;;;;
2026-05-07;O_YKBNKE0626C40.00;YKBNK_06/2026_AVRUPA_OPSIYON;D_EQ;SSO;D_EQ_ECP;DE_YKBNK_ECP;YKBNK.E;2026-06-30;2.65;2.28;16.23;0;0;0;0;0;0;0;0;0;0;0;;;;;
2026-05-07;O_YKBNKE0626C41.00;YKBNK_06/2026_AVRUPA_OPSIYON;D_EQ;SSO;D_EQ_ECP;DE_YKBNK_ECP;YKBNK.E;2026-06-30;2.18;1.86;17.2;0;0;0;0;0;0;0;0;0;0;0;;;;;
2026-05-07;O_YKBNKE0626C42.00;YKBNK_06/2026_AVRUPA_OPSIYON;D_EQ;SSO;D_EQ_ECP;DE_YKBNK_ECP;YKBNK.E;2026-06-30;1.77;1.51;17.22;0;0;0;0;0;0;0;0;0;0;0;;;;;
2026-05-07;O_YKBNKE0626C44.00;YKBNK_06/2026_AVRUPA_OPSIYON;D_EQ;SSO;D_EQ_ECP;DE_YKBNK_ECP;YKBNK.E;2026-06-30;1.13;0.96;17.71;0.72;0.7;0.79;0.79;0.73;6987200;116540;1588;14;1588;1588;;;;;
2026-05-07;O_YKBNKE0626C45.00;YKBNK_06/2026_AVRUPA_OPSIYON;D_EQ;SSO;D_EQ_ECP;DE_YKBNK_ECP;YKBNK.E;2026-06-30;0.89;0.76;17.11;0;0;0;0;0;0;0;0;0;0;0;;;;;
2026-05-07;O_YKBNKE0626C46.00;YKBNK_06/2026_AVRUPA_OPSIYON;D_EQ;SSO;D_EQ_ECP;DE_YKBNK_ECP;YKBNK.E;2026-06-30;0.69;0.59;16.95;0.48;0.48;0.48;0.48;0.48;920000;9600;200;1;1509;200;;;;;
2026-05-07;O_YKBNKE0626C47.00;YKBNK_06/2026_AVRUPA_OPSIYON;D_EQ;SSO;D_EQ_ECP;DE_YKBNK_ECP;YKBNK.E;2026-06-30;0.53;0.46;15.22;0;0;0;0;0;0;0;0;0;8;0;;;;;
2026-05-07;O_YKBNKE0626C48.00;YKBNK_06/2026_AVRUPA_OPSIYON;D_EQ;SSO;D_EQ_ECP;DE_YKBNK_ECP;YKBNK.E;2026-06-30;0.41;0.35;17.14;0.16;0.16;0.17;0.17;0.17;14400;50;3;3;3;3;;;;;
2026-05-07;O_YKBNKE0626C49.00;YKBNK_06/2026_AVRUPA_OPSIYON;D_EQ;SSO;D_EQ_ECP;DE_YKBNK_ECP;YKBNK.E;2026-06-30;0.31;0.26;19.23;0;0;0;0;0;0;0;0;0;0;0;;;;;
2026-05-07;O_YKBNKE0626P30.00;YKBNK_06/2026_AVRUPA_OPSIYON;D_EQ;SSO;D_EQ_EPP;DE_YKBNK_EPP;YKBNK.E;2026-06-30;0.03;0.06;-50;0;0;0;0;0;0;0;0;0;0;0;;;;;
2026-05-07;O_YKBNKE0626P31.00;YKBNK_06/2026_AVRUPA_OPSIYON;D_EQ;SSO;D_EQ_EPP;DE_YKBNK_EPP;YKBNK.E;2026-06-30;0.05;0.1;-50;0;0;0;0;0;0;0;0;0;0;0;;;;;
2026-05-07;O_YKBNKE0626P32.00;YKBNK_06/2026_AVRUPA_OPSIYON;D_EQ;SSO;D_EQ_EPP;DE_YKBNK_EPP;YKBNK.E;2026-06-30;0.09;0.16;-43.75;0;0;0;0;0;0;0;0;0;0;0;;;;;
2026-05-07;O_YKBNKE0626P33.00;YKBNK_06/2026_AVRUPA_OPSIYON;D_EQ;SSO;D_EQ_EPP;DE_YKBNK_EPP;YKBNK.E;2026-06-30;0.15;0.25;-40;0;0;0;0;0;0;0;0;0;0;0;;;;;
2026-05-07;O_YKBNKE0626P34.00;YKBNK_06/2026_AVRUPA_OPSIYON;D_EQ;SSO;D_EQ_EPP;DE_YKBNK_EPP;YKBNK.E;2026-06-30;0.24;0.38;-36.84;0.21;0.21;0.3;0.26;0.26;47600;362;14;14;14;14;;;;;
2026-05-07;O_YKBNKE0626P35.00;YKBNK_06/2026_AVRUPA_OPSIYON;D_EQ;SSO;D_EQ_EPP;DE_YKBNK_EPP;YKBNK.E;2026-06-30;0.37;0.56;-33.93;0;0;0;0;0;0;0;0;0;0;0;;;;;
2026-05-07;O_YKBNKE0626P36.00;YKBNK_06/2026_AVRUPA_OPSIYON;D_EQ;SSO;D_EQ_EPP;DE_YKBNK_EPP;YKBNK.E;2026-06-30;0.54;0.79;-31.65;0;0;0;0;0;0;0;0;0;0;0;;;;;
2026-05-07;O_YKBNKE0626P37.00;YKBNK_06/2026_AVRUPA_OPSIYON;D_EQ;SSO;D_EQ_EPP;DE_YKBNK_EPP;YKBNK.E;2026-06-30;0.77;1.07;-28.04;0;0;0;0;0;0;0;0;0;900;0;;;;;
2026-05-07;O_YKBNKE0626P38.00;YKBNK_06/2026_AVRUPA_OPSIYON;D_EQ;SSO;D_EQ_EPP;DE_YKBNK_EPP;YKBNK.E;2026-06-30;1.05;1.41;-25.53;0;0;0;0;0;0;0;0;0;0;0;;;;;
2026-05-07;O_YKBNKE0626P39.00;YKBNK_06/2026_AVRUPA_OPSIYON;D_EQ;SSO;D_EQ_EPP;DE_YKBNK_EPP;YKBNK.E;2026-06-30;1.39;1.82;-23.63;0;0;0;0;0;0;0;0;0;0;0;;;;;
2026-05-07;O_YKBNKE0626P40.00;YKBNK_06/2026_AVRUPA_OPSIYON;D_EQ;SSO;D_EQ_EPP;DE_YKBNK_EPP;YKBNK.E;2026-06-30;1.8;2.29;-21.4;0;0;0;0;0;0;0;0;0;0;0;;;;;
2026-05-07;O_YKBNKE0626P41.00;YKBNK_06/2026_AVRUPA_OPSIYON;D_EQ;SSO;D_EQ_EPP;DE_YKBNK_EPP;YKBNK.E;2026-06-30;2.28;2.82;-19.15;0;0;0;0;0;0;0;0;0;0;0;;;;;
2026-05-07;O_YKBNKE0626P42.00;YKBNK_06/2026_AVRUPA_OPSIYON;D_EQ;SSO;D_EQ_EPP;DE_YKBNK_EPP;YKBNK.E;2026-06-30;2.82;3.41;-17.3;0;0;0;0;0;0;0;0;0;0;0;;;;;
2026-05-07;O_YKBNKE0626P43.00;YKBNK_06/2026_AVRUPA_OPSIYON;D_EQ;SSO;D_EQ_EPP;DE_YKBNK_EPP;YKBNK.E;2026-06-30;3.41;4.06;-16.01;0;0;0;0;0;0;0;0;0;0;0;;;;;
2026-05-07;O_YKBNKE0626P44.00;YKBNK_06/2026_AVRUPA_OPSIYON;D_EQ;SSO;D_EQ_EPP;DE_YKBNK_EPP;YKBNK.E;2026-06-30;4.07;4.75;-14.32;0;0;0;0;0;0;0;0;0;0;0;;;;;
2026-05-07;O_YKBNKE0726C38.00;YKBNK_07/2026_AVRUPA_OPSIYON;D_EQ;SSO;D_EQ_ECP;DE_YKBNK_ECP;YKBNK.E;2026-07-31;5.48;4.93;11.16;0;0;0;0;0;0;0;0;0;0;0;;;;;
2026-05-07;O_YKBNKE0726C39.00;YKBNK_07/2026_AVRUPA_OPSIYON;D_EQ;SSO;D_EQ_ECP;DE_YKBNK_ECP;YKBNK.E;2026-07-31;4.85;4.35;11.49;0;0;0;0;0;0;0;0;0;0;0;;;;;
2026-05-07;O_YKBNKE0726C40.00;YKBNK_07/2026_AVRUPA_OPSIYON;D_EQ;SSO;D_EQ_ECP;DE_YKBNK_ECP;YKBNK.E;2026-07-31;4.27;3.82;11.78;0;0;0;0;0;0;0;0;0;0;0;;;;;
2026-05-07;O_YKBNKE0726C41.00;YKBNK_07/2026_AVRUPA_OPSIYON;D_EQ;SSO;D_EQ_ECP;DE_YKBNK_ECP;YKBNK.E;2026-07-31;3.73;3.33;12.01;0;0;0;0;0;0;0;0;0;0;0;;;;;
2026-05-07;O_YKBNKE0726C42.00;YKBNK_07/2026_AVRUPA_OPSIYON;D_EQ;SSO;D_EQ_ECP;DE_YKBNK_ECP;YKBNK.E;2026-07-31;3.24;2.89;12.11;0;0;0;0;0;0;0;0;0;0;0;;;;;
2026-05-07;O_YKBNKE0726C43.00;YKBNK_07/2026_AVRUPA_OPSIYON;D_EQ;SSO;D_EQ_ECP;DE_YKBNK_ECP;YKBNK.E;2026-07-31;2.8;2.49;12.45;0;0;0;0;0;0;0;0;0;0;0;;;;;
2026-05-07;O_YKBNKE0726C44.00;YKBNK_07/2026_AVRUPA_OPSIYON;D_EQ;SSO;D_EQ_ECP;DE_YKBNK_ECP;YKBNK.E;2026-07-31;2.41;2.14;12.62;0;0;0;0;0;0;0;0;0;187000;0;;;;;
2026-05-07;O_YKBNKE0726C45.00;YKBNK_07/2026_AVRUPA_OPSIYON;D_EQ;SSO;D_EQ_ECP;DE_YKBNK_ECP;YKBNK.E;2026-07-31;2.06;1.83;12.57;0;0;0;0;0;0;0;0;0;0;0;;;;;
2026-05-07;O_YKBNKE0726C46.00;YKBNK_07/2026_AVRUPA_OPSIYON;D_EQ;SSO;D_EQ_ECP;DE_YKBNK_ECP;YKBNK.E;2026-07-31;1.75;1.55;12.9;0;0;0;0;0;0;0;0;0;0;0;;;;;
2026-05-07;O_YKBNKE0726C47.00;YKBNK_07/2026_AVRUPA_OPSIYON;D_EQ;SSO;D_EQ_ECP;DE_YKBNK_ECP;YKBNK.E;2026-07-31;1.47;;0;0;0;0;0;0;0;0;0;0;0;0;;;;;
2026-05-07;O_YKBNKE0726P33.00;YKBNK_07/2026_AVRUPA_OPSIYON;D_EQ;SSO;D_EQ_EPP;DE_YKBNK_EPP;YKBNK.E;2026-07-31;0.19;0.3;-36.67;0;0;0;0;0;0;0;0;0;0;0;;;;;
2026-05-07;O_YKBNKE0726P34.00;YKBNK_07/2026_AVRUPA_OPSIYON;D_EQ;SSO;D_EQ_EPP;DE_YKBNK_EPP;YKBNK.E;2026-07-31;0.28;0.42;-33.33;0;0;0;0;0;0;0;0;0;0;0;;;;;
2026-05-07;O_YKBNKE0726P35.00;YKBNK_07/2026_AVRUPA_OPSIYON;D_EQ;SSO;D_EQ_EPP;DE_YKBNK_EPP;YKBNK.E;2026-07-31;0.4;0.57;-29.82;0;0;0;0;0;0;0;0;0;0;0;;;;;
2026-05-07;O_YKBNKE0726P36.00;YKBNK_07/2026_AVRUPA_OPSIYON;D_EQ;SSO;D_EQ_EPP;DE_YKBNK_EPP;YKBNK.E;2026-07-31;0.55;0.76;-27.63;0;0;0;0;0;0;0;0;0;0;0;;;;;
2026-05-07;O_YKBNKE0726P37.00;YKBNK_07/2026_AVRUPA_OPSIYON;D_EQ;SSO;D_EQ_EPP;DE_YKBNK_EPP;YKBNK.E;2026-07-31;0.73;0.99;-26.26;0;0;0;0;0;0;0;0;0;0;0;;;;;
2026-05-07;O_YKBNKE0726P38.00;YKBNK_07/2026_AVRUPA_OPSIYON;D_EQ;SSO;D_EQ_EPP;DE_YKBNK_EPP;YKBNK.E;2026-07-31;0.96;1.27;-24.41;0;0;0;0;0;0;0;0;0;0;0;;;;;
2026-05-07;O_YKBNKE0726P39.00;YKBNK_07/2026_AVRUPA_OPSIYON;D_EQ;SSO;D_EQ_EPP;DE_YKBNK_EPP;YKBNK.E;2026-07-31;1.23;1.58;-22.15;0;0;0;0;0;0;0;0;0;0;0;;;;;
2026-05-07;O_YKBNKE0726P40.00;YKBNK_07/2026_AVRUPA_OPSIYON;D_EQ;SSO;D_EQ_EPP;DE_YKBNK_EPP;YKBNK.E;2026-07-31;1.55;1.95;-20.51;0;0;0;0;0;0;0;0;0;0;0;;;;;
2026-05-07;O_YKBNKE0726P41.00;YKBNK_07/2026_AVRUPA_OPSIYON;D_EQ;SSO;D_EQ_EPP;DE_YKBNK_EPP;YKBNK.E;2026-07-31;1.91;2.36;-19.07;0;0;0;0;0;0;0;0;0;0;0;;;;;
2026-05-07;O_YKBNKE0726P42.00;YKBNK_07/2026_AVRUPA_OPSIYON;D_EQ;SSO;D_EQ_EPP;DE_YKBNK_EPP;YKBNK.E;2026-07-31;2.32;;0;0;0;0;0;0;0;0;0;0;0;0;;;;;
2026-05-07;TM_F_USDTRY120626;USDTRY_120626_ESNEK VIS;D_CR;CRF;D_CR_FUT;DE_USDTRY_FUT;D_USDTRY;2026-06-12;46.91;46.91;0;0;0;0;0;0;0;0;0;0;3;0;;;;;
2026-05-07;TM_F_USDTRY150526;USDTRY_150526_ESNEK VIS;D_CR;CRF;D_CR_FUT;DE_USDTRY_FUT;D_USDTRY;2026-05-15;45.401;45.401;0;0;0;0;0;0;0;0;0;0;10;0;;;;;
2026-05-07;TM_O_AKBNKE110526P68.00;AKBNK_110526_AVRUPA_ESNEK OPS;D_EQ;SSO;D_EQ_EPP;DE_AKBNK_EPP;AKBNK.E;2026-05-11;0.01;0.03;-66.67;0;0;0;0;0;0;0;0;0;1500;0;;;;;
2026-05-07;TM_O_AKBNKE250526C87.50;AKBNK_250526_AVRUPA_ESNEK OPS;D_EQ;SSO;D_EQ_ECP;DE_AKBNK_ECP;AKBNK.E;2026-05-25;0.22;0.2;10;0;0;0;0;0;0;0;0;0;4588;0;;;;;
2026-05-07;TM_O_AKBNKE250526P76.01;AKBNK_250526_AVRUPA_ESNEK OPS;D_EQ;SSO;D_EQ_EPP;DE_AKBNK_EPP;AKBNK.E;2026-05-25;2.26;;0;1;0.65;1;0.65;0.7;7410975;67960;975;3;975;975;;;;;
2026-05-07;TM_O_AKBNKE250526P78.01;AKBNK_250526_AVRUPA_ESNEK OPS;D_EQ;SSO;D_EQ_EPP;DE_AKBNK_EPP;AKBNK.E;2026-05-25;3.32;3.87;-14.21;0;0;0;0;0;0;0;0;0;658;0;;;;;
2026-05-07;TM_O_AKBNKE250526P84.01;AKBNK_250526_AVRUPA_ESNEK OPS;D_EQ;SSO;D_EQ_EPP;DE_AKBNK_EPP;AKBNK.E;2026-05-25;7.77;8.48;-8.37;0;0;0;0;0;0;0;0;0;490;0;;;;;
2026-05-07;TM_O_AKBNKE250526P84.02;AKBNK_250526_AVRUPA_ESNEK OPS;D_EQ;SSO;D_EQ_EPP;DE_AKBNK_EPP;AKBNK.E;2026-05-25;7.78;8.49;-8.36;0;0;0;0;0;0;0;0;0;0;0;;;;;
2026-05-07;TM_O_AKBNKE250526P86.10;AKBNK_250526_AVRUPA_ESNEK OPS;D_EQ;SSO;D_EQ_EPP;DE_AKBNK_EPP;AKBNK.E;2026-05-25;9.61;10.35;-7.15;0;0;0;0;0;0;0;0;0;118;0;;;;;
2026-05-07;TM_O_AKBNKE250526P88.50;AKBNK_250526_AVRUPA_ESNEK OPS;D_EQ;SSO;D_EQ_EPP;DE_AKBNK_EPP;AKBNK.E;2026-05-25;11.82;12.57;-5.97;0;0;0;0;0;0;0;0;0;116;0;;;;;
2026-05-07;TM_O_AKBNKE250526P88.60;AKBNK_250526_AVRUPA_ESNEK OPS;D_EQ;SSO;D_EQ_EPP;DE_AKBNK_EPP;AKBNK.E;2026-05-25;11.92;12.67;-5.92;0;0;0;0;0;0;0;0;0;120;0;;;;;
2026-05-07;TM_O_AKBNKE300626P76.01;AKBNK_300626_AVRUPA_ESNEK OPS;D_EQ;SSO;D_EQ_EPP;DE_AKBNK_EPP;AKBNK.E;2026-06-30;2.87;3.22;-10.87;0;0;0;0;0;0;0;0;0;270;0;;;;;
2026-05-07;TM_O_AKBNKE310726P65.00;AKBNK_310726_AVRUPA_ESNEK OPS;D_EQ;SSO;D_EQ_EPP;DE_AKBNK_EPP;AKBNK.E;2026-07-31;0.62;0.72;-13.89;0;0;0;0;0;0;0;0;0;55000;0;;;;;
2026-05-07;TM_O_ALARKE250526P98.01;ALARK_250526_AVRUPA_ESNEK OPS;D_EQ;SSO;D_EQ_EPP;DE_ALARK_EPP;ALARK.E;2026-05-25;1.56;1.56;0;0;0;0;0;0;0;0;0;0;306;0;;;;;
2026-05-07;TM_O_ARCLKE250526P115.05;ARCLK_250526_AVRUPA_ESNEK OPS;D_EQ;SSO;D_EQ_EPP;DE_ARCLK_EPP;ARCLK.E;2026-05-25;2.86;;0;1.3;1.3;1.3;1.3;1.3;4498455;50830;391;1;391;391;;;;;
2026-05-07;TM_O_ARCLKE300626P115.05;ARCLK_300626_AVRUPA_ESNEK OPS;D_EQ;SSO;D_EQ_EPP;DE_ARCLK_EPP;ARCLK.E;2026-06-30;3.83;4.5;-14.89;0;0;0;0;0;0;0;0;0;260;0;;;;;
2026-05-07;TM_O_ASELSE250526C445.00;ASELS_250526_AVRUPA_ESNEK OPS;D_EQ;SSO;D_EQ_ECP;DE_ASELS_ECP;ASELS.E;2026-05-25;9.89;15.2;-34.93;0;0;0;0;0;0;0;0;0;412;0;;;;;
2026-05-07;TM_O_ASELSE250526C455.00;ASELS_250526_AVRUPA_ESNEK OPS;D_EQ;SSO;D_EQ_ECP;DE_ASELS_ECP;ASELS.E;2026-05-25;6.81;11.06;-38.43;0;0;0;0;0;0;0;0;0;500;0;;;;;
2026-05-07;TM_O_ASELSE250526C465.00;ASELS_250526_AVRUPA_ESNEK OPS;D_EQ;SSO;D_EQ_ECP;DE_ASELS_ECP;ASELS.E;2026-05-25;4.59;7.96;-42.34;0;0;0;0;0;0;0;0;0;500;0;;;;;
2026-05-07;TM_O_BIMASE010626C780.00;BIMAS_010626_AVRUPA_ESNEK OPS;D_EQ;SSO;D_EQ_ECP;DE_BIMAS_ECP;BIMAS.E;2026-06-01;41.6;41.09;1.24;0;0;0;0;0;0;0;0;0;96;0;;;;;
2026-05-07;TM_O_BIMASE250526C894.00;BIMAS_250526_AVRUPA_ESNEK OPS;D_EQ;SSO;D_EQ_ECP;DE_BIMAS_ECP;BIMAS.E;2026-05-25;1.93;2.06;-6.31;0;0;0;0;0;0;0;0;0;245;0;;;;;
2026-05-07;TM_O_EKGYOE250526C23.40;EKGYO_250526_AVRUPA_ESNEK OPS;D_EQ;SSO;D_EQ_ECP;DE_EKGYO_ECP;EKGYO.E;2026-05-25;0.32;0.23;39.13;0;0;0;0;0;0;0;0;0;665;0;;;;;
2026-05-07;TM_O_EKGYOE250526P19.40;EKGYO_250526_AVRUPA_ESNEK OPS;D_EQ;SSO;D_EQ_EPP;DE_EKGYO_EPP;EKGYO.E;2026-05-25;0.06;0.11;-45.45;0;0;0;0;0;0;0;0;0;3100;0;;;;;
2026-05-07;TM_O_EKGYOE250526P19.75;EKGYO_250526_AVRUPA_ESNEK OPS;D_EQ;SSO;D_EQ_EPP;DE_EKGYO_EPP;EKGYO.E;2026-05-25;0.09;0.16;-43.75;0;0;0;0;0;0;0;0;0;1000;0;;;;;
2026-05-07;TM_O_EKGYOE250526P19.76;EKGYO_250526_AVRUPA_ESNEK OPS;D_EQ;SSO;D_EQ_EPP;DE_EKGYO_EPP;EKGYO.E;2026-05-25;0.09;0.16;-43.75;0;0;0;0;0;0;0;0;0;2500;0;;;;;
2026-05-07;TM_O_EKGYOE250526P20.75;EKGYO_250526_AVRUPA_ESNEK OPS;D_EQ;SSO;D_EQ_EPP;DE_EKGYO_EPP;EKGYO.E;2026-05-25;0.27;0.41;-34.15;0;0;0;0;0;0;0;0;0;5000;0;;;;;
2026-05-07;TM_O_EKGYOE250526P22.51;EKGYO_250526_AVRUPA_ESNEK OPS;D_EQ;SSO;D_EQ_EPP;DE_EKGYO_EPP;EKGYO.E;2026-05-25;0.99;1.29;-23.26;0;0;0;0;0;0;0;0;0;1330;0;;;;;
2026-05-07;TM_O_EREGLE250526C36.50;EREGL_250526_AVRUPA_ESNEK OPS;D_EQ;SSO;D_EQ_ECP;DE_EREGL_ECP;EREGL.E;2026-05-25;2.94;2.36;24.58;0;0;0;0;0;0;0;0;0;5000;0;;;;;
2026-05-07;TM_O_EREGLE250526P35.20;EREGL_250526_AVRUPA_ESNEK OPS;D_EQ;SSO;D_EQ_EPP;DE_EREGL_EPP;EREGL.E;2026-05-25;0.11;0.2;-45;0;0;0;0;0;0;0;0;0;0;0;;;;;
2026-05-07;TM_O_FROTOE250526C119.00;FROTO_250526_AVRUPA_ESNEK OPS;D_EQ;SSO;D_EQ_ECP;DE_FROTO_ECP;FROTO.E;2026-05-25;0.06;0.1;-40;0;0;0;0;0;0;0;0;0;1682;0;;;;;
2026-05-07;TM_O_FROTOE250526P100.05;FROTO_250526_AVRUPA_ESNEK OPS;D_EQ;SSO;D_EQ_EPP;DE_FROTO_EPP;FROTO.E;2026-05-25;2.84;2.93;-3.07;0;0;0;0;0;0;0;0;0;100;0;;;;;
2026-05-07;TM_O_FROTOE250526P100.10;FROTO_250526_AVRUPA_ESNEK OPS;D_EQ;SSO;D_EQ_EPP;DE_FROTO_EPP;FROTO.E;2026-05-25;2.87;;0;1.05;0.88;1.05;0.88;0.93;14634620;135726;1462;4;1462;1462;;;;;
2026-05-07;TM_O_FROTOE250526P105.05;FROTO_250526_AVRUPA_ESNEK OPS;D_EQ;SSO;D_EQ_EPP;DE_FROTO_EPP;FROTO.E;2026-05-25;5.78;5.81;-0.52;0;0;0;0;0;0;0;0;0;580;0;;;;;
2026-05-07;TM_O_FROTOE300626P110.05;FROTO_300626_AVRUPA_ESNEK OPS;D_EQ;SSO;D_EQ_EPP;DE_FROTO_EPP;FROTO.E;2026-06-30;8.61;;0;4;3.81;4;3.81;3.94;6492950;232485;590;3;590;590;;;;;
2026-05-07;TM_O_GARANE150526P135.50;GARAN_150526_AVRUPA_ESNEK OPS;D_EQ;SSO;D_EQ_EPP;DE_GARAN_EPP;GARAN.E;2026-05-15;1.55;2.08;-25.48;0;0;0;0;0;0;0;0;0;350;0;;;;;
2026-05-07;TM_O_GARANE250526C155.80;GARAN_250526_AVRUPA_ESNEK OPS;D_EQ;SSO;D_EQ_ECP;DE_GARAN_ECP;GARAN.E;2026-05-25;0.86;0.8;7.5;0;0;0;0;0;0;0;0;0;847;0;;;;;
2026-05-07;TM_O_GARANE250526P134.00;GARAN_250526_AVRUPA_ESNEK OPS;D_EQ;SSO;D_EQ_EPP;DE_GARAN_EPP;GARAN.E;2026-05-25;1.93;2.37;-18.57;0;0;0;0;0;0;0;0;0;2140;0;;;;;
2026-05-07;TM_O_GARANE250526P142.00;GARAN_250526_AVRUPA_ESNEK OPS;D_EQ;SSO;D_EQ_EPP;DE_GARAN_EPP;GARAN.E;2026-05-25;5.33;6.05;-11.9;0;0;0;0;0;0;0;0;0;5000;0;;;;;
2026-05-07;TM_O_GARANE250526P153.50;GARAN_250526_AVRUPA_ESNEK OPS;D_EQ;SSO;D_EQ_EPP;DE_GARAN_EPP;GARAN.E;2026-05-25;14.11;14.9;-5.3;0;0;0;0;0;0;0;0;0;2140;0;;;;;
2026-05-07;TM_O_GARANE250526P155.05;GARAN_250526_AVRUPA_ESNEK OPS;D_EQ;SSO;D_EQ_EPP;DE_GARAN_EPP;GARAN.E;2026-05-25;15.49;16.27;-4.79;0;0;0;0;0;0;0;0;0;77;0;;;;;
2026-05-07;TM_O_HALKBE250526P42.01;HALKB_250526_AVRUPA_ESNEK OPS;D_EQ;SSO;D_EQ_EPP;DE_HALKB_EPP;HALKB.E;2026-05-25;2.05;3.6;-43.06;0;0;0;0;0;0;0;0;0;565;0;;;;;
2026-05-07;TM_O_ISCTRE010626C17.50;ISCTR_010626_AVRUPA_ESNEK OPS;D_EQ;SSO;D_EQ_ECP;DE_ISCTR_ECP;ISCTR.E;2026-06-01;0.06;0.06;0;0;0;0;0;0;0;0;0;0;50000;0;;;;;
2026-05-07;TM_O_ISCTRE070526C14.50;ISCTR_070526_AVRUPA_ESNEK OPS;D_EQ;SSO;D_EQ_ECP;DE_ISCTR_ECP;ISCTR.E;2026-05-07;0.09;0.13;-30.77;0;0;0;0;0;0;0;0;0;5000;0;;;;;
2026-05-07;TM_O_ISCTRE250526P14.51;ISCTR_250526_AVRUPA_ESNEK OPS;D_EQ;SSO;D_EQ_EPP;DE_ISCTR_EPP;ISCTR.E;2026-05-25;0.35;0.41;-14.63;0;0;0;0;0;0;0;0;0;3450;0;;;;;
2026-05-07;TM_O_ISCTRE250526P14.52;ISCTR_250526_AVRUPA_ESNEK OPS;D_EQ;SSO;D_EQ_EPP;DE_ISCTR_EPP;ISCTR.E;2026-05-25;0.36;;0;0.12;0.12;0.12;0.12;0.12;1495560;12360;1030;1;1030;1030;;;;;
2026-05-07;TM_O_ISCTRE250526P15.51;ISCTR_250526_AVRUPA_ESNEK OPS;D_EQ;SSO;D_EQ_EPP;DE_ISCTR_EPP;ISCTR.E;2026-05-25;0.9;0.98;-8.16;0;0;0;0;0;0;0;0;0;1178;0;;;;;
2026-05-07;TM_O_ISCTRE250526P16.10;ISCTR_250526_AVRUPA_ESNEK OPS;D_EQ;SSO;D_EQ_EPP;DE_ISCTR_EPP;ISCTR.E;2026-05-25;1.35;1.44;-6.25;0;0;0;0;0;0;0;0;0;1300;0;;;;;
2026-05-07;TM_O_ISCTRE250526P16.40;ISCTR_250526_AVRUPA_ESNEK OPS;D_EQ;SSO;D_EQ_EPP;DE_ISCTR_EPP;ISCTR.E;2026-05-25;1.6;1.69;-5.33;0;0;0;0;0;0;0;0;0;650;0;;;;;
2026-05-07;TM_O_ISCTRE250526P16.80;ISCTR_250526_AVRUPA_ESNEK OPS;D_EQ;SSO;D_EQ_EPP;DE_ISCTR_EPP;ISCTR.E;2026-05-25;1.96;2.05;-4.39;0;0;0;0;0;0;0;0;0;620;0;;;;;
2026-05-07;TM_O_KCHOLE010626C225.00;KCHOL_010626_AVRUPA_ESNEK OPS;D_EQ;SSO;D_EQ_ECP;DE_KCHOL_ECP;KCHOL.E;2026-06-01;4.57;4.51;1.33;0;0;0;0;0;0;0;0;0;1570;0;;;;;
2026-05-07;TM_O_KCHOLE050626C215.00;KCHOL_050626_AVRUPA_ESNEK OPS;D_EQ;SSO;D_EQ_ECP;DE_KCHOL_ECP;KCHOL.E;2026-06-05;9.76;9.53;2.41;0;0;0;0;0;0;0;0;0;1000;0;;;;;
2026-05-07;TM_O_KCHOLE250526C204.00;KCHOL_250526_AVRUPA_ESNEK OPS;D_EQ;SSO;D_EQ_ECP;DE_KCHOL_ECP;KCHOL.E;2026-05-25;13.53;13.12;3.13;0;0;0;0;0;0;0;0;0;300;0;;;;;
2026-05-07;TM_O_KCHOLE250526C226.00;KCHOL_250526_AVRUPA_ESNEK OPS;D_EQ;SSO;D_EQ_ECP;DE_KCHOL_ECP;KCHOL.E;2026-05-25;2.76;2.75;0.36;0;0;0;0;0;0;0;0;0;570;0;;;;;
2026-05-07;TM_O_KCHOLE250526P196.00;KCHOL_250526_AVRUPA_ESNEK OPS;D_EQ;SSO;D_EQ_EPP;DE_KCHOL_EPP;KCHOL.E;2026-05-25;0.83;1.04;-20.19;0;0;0;0;0;0;0;0;0;150;0;;;;;
2026-05-07;TM_O_KCHOLE250526P199.00;KCHOL_250526_AVRUPA_ESNEK OPS;D_EQ;SSO;D_EQ_EPP;DE_KCHOL_EPP;KCHOL.E;2026-05-25;1.24;1.51;-17.88;0;0;0;0;0;0;0;0;0;275;0;;;;;
2026-05-07;TM_O_KCHOLE250526P201.00;KCHOL_250526_AVRUPA_ESNEK OPS;D_EQ;SSO;D_EQ_EPP;DE_KCHOL_EPP;KCHOL.E;2026-05-25;1.59;1.9;-16.32;0;0;0;0;0;0;0;0;0;275;0;;;;;
2026-05-07;TM_O_KCHOLE250526P215.05;KCHOL_250526_AVRUPA_ESNEK OPS;D_EQ;SSO;D_EQ_EPP;DE_KCHOL_EPP;KCHOL.E;2026-05-25;6.3;6.92;-8.96;0;0;0;0;0;0;0;0;0;167;0;;;;;
2026-05-07;TM_O_KCHOLE310726C252.50;KCHOL_310726_AVRUPA_ESNEK OPS;D_EQ;SSO;D_EQ_ECP;DE_KCHOL_ECP;KCHOL.E;2026-07-31;8.29;8.26;0.36;0;0;0;0;0;0;0;0;0;13000;0;;;;;
2026-05-07;TM_O_PETKME220526C22.00;PETKM_220526_AVRUPA_ESNEK OPS;D_EQ;SSO;D_EQ_ECP;DE_PETKM_ECP;PETKM.E;2026-05-22;2.28;2.64;-13.64;0;0;0;0;0;0;0;0;0;3000;0;;;;;
2026-05-07;TM_O_PETKME250526C26.70;PETKM_250526_AVRUPA_ESNEK OPS;D_EQ;SSO;D_EQ_ECP;DE_PETKM_ECP;PETKM.E;2026-05-25;0.23;0.35;-34.29;0;0;0;0;0;0;0;0;0;5700;0;;;;;
2026-05-07;TM_O_PGSUSE010626C210.00;PGSUS_010626_AVRUPA_ESNEK OPS;D_EQ;SSO;D_EQ_ECP;DE_PGSUS_ECP;PGSUS.E;2026-06-01;1.93;1.54;25.32;0;0;0;0;0;0;0;0;0;400;0;;;;;
2026-05-07;TM_O_PGSUSE010626P210.00;PGSUS_010626_AVRUPA_ESNEK OPS;D_EQ;SSO;D_EQ_EPP;DE_PGSUS_EPP;PGSUS.E;2026-06-01;19.04;21.64;-12.01;0;0;0;0;0;0;0;0;0;0;0;;;;;
2026-05-07;TM_O_PGSUSE150526P183.00;PGSUS_150526_AVRUPA_ESNEK OPS;D_EQ;SSO;D_EQ_EPP;DE_PGSUS_EPP;PGSUS.E;2026-05-15;1.74;2.98;-41.61;0;0;0;0;0;0;0;0;0;110;0;;;;;
2026-05-07;TM_O_PGSUSE250526C214.00;PGSUS_250526_AVRUPA_ESNEK OPS;D_EQ;SSO;D_EQ_ECP;DE_PGSUS_ECP;PGSUS.E;2026-05-25;0.64;0.49;30.61;0;0;0;0;0;0;0;0;0;80;0;;;;;
2026-05-07;TM_O_PGSUSE250526P190.05;PGSUS_250526_AVRUPA_ESNEK OPS;D_EQ;SSO;D_EQ_EPP;DE_PGSUS_EPP;PGSUS.E;2026-05-25;5.69;7.43;-23.42;0;0;0;0;0;0;0;0;0;104;0;;;;;
2026-05-07;TM_O_PGSUSE250526P195.05;PGSUS_250526_AVRUPA_ESNEK OPS;D_EQ;SSO;D_EQ_EPP;DE_PGSUS_EPP;PGSUS.E;2026-05-25;8.41;10.5;-19.9;0;0;0;0;0;0;0;0;0;154;0;;;;;
2026-05-07;TM_O_PGSUSE250526P206.20;PGSUS_250526_AVRUPA_ESNEK OPS;D_EQ;SSO;D_EQ_EPP;DE_PGSUS_EPP;PGSUS.E;2026-05-25;16.42;19.06;-13.85;0;0;0;0;0;0;0;0;0;5000;0;;;;;
2026-05-07;TM_O_PGSUSE250526P216.00;PGSUS_250526_AVRUPA_ESNEK OPS;D_EQ;SSO;D_EQ_EPP;DE_PGSUS_EPP;PGSUS.E;2026-05-25;24.99;27.85;-10.27;0;0;0;0;0;0;0;0;0;48;0;;;;;
2026-05-07;TM_O_P_USDTRYKE250526P46200;FIZIKI_USDTRYK_250526_AVRUPA_ESN;D_CR;PCO;D_CR_EPP;DE_USDTRYKP_EPP;USDTRYKP.CX;2026-05-25;543.2;537;1.15;0;0;0;0;0;0;0;0;0;0;0;;;;;
2026-05-07;TM_O_SAHOLE140526C107.50;SAHOL_140526_AVRUPA_ESNEK OPS;D_EQ;SSO;D_EQ_ECP;DE_SAHOL_ECP;SAHOL.E;2026-05-14;0.47;0.72;-34.72;0;0;0;0;0;0;0;0;0;1100;0;;;;;
2026-05-07;TM_O_SAHOLE250526P100.05;SAHOL_250526_AVRUPA_ESNEK OPS;D_EQ;SSO;D_EQ_EPP;DE_SAHOL_EPP;SAHOL.E;2026-05-25;3.06;2.84;7.75;0;0;0;0;0;0;0;0;0;350;0;;;;;
2026-05-07;TM_O_SAHOLE250526P91.00;SAHOL_250526_AVRUPA_ESNEK OPS;D_EQ;SSO;D_EQ_EPP;DE_SAHOL_EPP;SAHOL.E;2026-05-25;0.58;0.54;7.41;0;0;0;0;0;0;0;0;0;330;0;;;;;
2026-05-07;TM_O_SAHOLE250526P98.01;SAHOL_250526_AVRUPA_ESNEK OPS;D_EQ;SSO;D_EQ_EPP;DE_SAHOL_EPP;SAHOL.E;2026-05-25;2.24;2.08;7.69;0;0;0;0;0;0;0;0;0;102;0;;;;;
2026-05-07;TM_O_SISEE250526C48.50;SISE_250526_AVRUPA_ESNEK OPS;D_EQ;SSO;D_EQ_ECP;DE_SISE_ECP;SISE.E;2026-05-25;2.43;2.86;-15.03;0;0;0;0;0;0;0;0;0;500;0;;;;;
2026-05-07;TM_O_TAVHLE250526P265.00;TAVHL_250526_AVRUPA_ESNEK OPS;D_EQ;SSO;D_EQ_EPP;DE_TAVHL_EPP;TAVHL.E;2026-05-25;1.11;1.5;-26;0;0;0;0;0;0;0;0;0;600;0;;;;;
2026-05-07;TM_O_TAVHLE250526P275.00;TAVHL_250526_AVRUPA_ESNEK OPS;D_EQ;SSO;D_EQ_EPP;DE_TAVHL_EPP;TAVHL.E;2026-05-25;2.65;3.06;-13.4;0;0;0;0;0;0;0;0;0;600;0;;;;;
2026-05-07;TM_O_TAVHLE250526P285.00;TAVHL_250526_AVRUPA_ESNEK OPS;D_EQ;SSO;D_EQ_EPP;DE_TAVHL_EPP;TAVHL.E;2026-05-25;5.39;5.79;-6.91;0;0;0;0;0;0;0;0;0;600;0;;;;;
2026-05-07;TM_O_TCELLE010626C125.00;TCELL_010626_AVRUPA_ESNEK OPS;D_EQ;SSO;D_EQ_ECP;DE_TCELL_ECP;TCELL.E;2026-06-01;3.35;3.19;5.02;0;0;0;0;0;0;0;0;0;500;0;;;;;
2026-05-07;TM_O_TCELLE250526C117.00;TCELL_250526_AVRUPA_ESNEK OPS;D_EQ;SSO;D_EQ_ECP;DE_TCELL_ECP;TCELL.E;2026-05-25;6.1;5.75;6.09;0;0;0;0;0;0;0;0;0;400;0;;;;;
2026-05-07;TM_O_TCELLE250526C137.00;TCELL_250526_AVRUPA_ESNEK OPS;D_EQ;SSO;D_EQ_ECP;DE_TCELL_ECP;TCELL.E;2026-05-25;0.35;0.4;-12.5;0;0;0;0;0;0;0;0;0;1458;0;;;;;
2026-05-07;TM_O_TCELLE250526P104.90;TCELL_250526_AVRUPA_ESNEK OPS;D_EQ;SSO;D_EQ_EPP;DE_TCELL_EPP;TCELL.E;2026-05-25;0.2;0.31;-35.48;0;0;0;0;0;0;0;0;0;1000;0;;;;;
2026-05-07;TM_O_TCELLE250526P107.00;TCELL_250526_AVRUPA_ESNEK OPS;D_EQ;SSO;D_EQ_EPP;DE_TCELL_EPP;TCELL.E;2026-05-25;0.34;0.49;-30.61;0;0;0;0;0;0;0;0;0;290;0;;;;;
2026-05-07;TM_O_TCELLE250526P116.00;TCELL_250526_AVRUPA_ESNEK OPS;D_EQ;SSO;D_EQ_EPP;DE_TCELL_EPP;TCELL.E;2026-05-25;1.99;2.38;-16.39;0;0;0;0;0;0;0;0;0;850;0;;;;;
2026-05-07;TM_O_TCELLE250526P120.05;TCELL_250526_AVRUPA_ESNEK OPS;D_EQ;SSO;D_EQ_EPP;DE_TCELL_EPP;TCELL.E;2026-05-25;3.6;4.12;-12.62;0;0;0;0;0;0;0;0;0;725;0;;;;;
2026-05-07;TM_O_TCELLE300626P115.04;TCELL_300626_AVRUPA_ESNEK OPS;D_EQ;SSO;D_EQ_EPP;DE_TCELL_EPP;TCELL.E;2026-06-30;2.86;3.22;-11.18;0;0;0;0;0;0;0;0;0;304;0;;;;;
2026-05-07;TM_O_TCELLE300626P115.05;TCELL_300626_AVRUPA_ESNEK OPS;D_EQ;SSO;D_EQ_EPP;DE_TCELL_EPP;TCELL.E;2026-06-30;2.87;3.22;-10.87;0;0;0;0;0;0;0;0;0;1000;0;;;;;
2026-05-07;TM_O_TCELLE300626P116.00;TCELL_300626_AVRUPA_ESNEK OPS;D_EQ;SSO;D_EQ_EPP;DE_TCELL_EPP;TCELL.E;2026-06-30;3.14;3.5;-10.29;0;0;0;0;0;0;0;0;0;1000;0;;;;;
2026-05-07;TM_O_THYAOE010626P315.00;THYAO_010626_AVRUPA_ESNEK OPS;D_EQ;SSO;D_EQ_EPP;DE_THYAO_EPP;THYAO.E;2026-06-01;9.25;10.56;-12.41;0;0;0;0;0;0;0;0;0;640;0;;;;;
2026-05-07;TM_O_THYAOE080526C350.00;THYAO_080526_AVRUPA_ESNEK OPS;D_EQ;SSO;D_EQ_ECP;DE_THYAO_ECP;THYAO.E;2026-05-08;0.01;0.01;0;0;0;0;0;0;0;0;0;0;100;0;;;;;
2026-05-07;TM_O_THYAOE140526C345.00;THYAO_140526_AVRUPA_ESNEK OPS;D_EQ;SSO;D_EQ_ECP;DE_THYAO_ECP;THYAO.E;2026-05-14;0.23;0.24;-4.17;0;0;0;0;0;0;0;0;0;300;0;;;;;
2026-05-07;TM_O_THYAOE250526C300.00;THYAO_05/2026_AVRUPA_OPSIYON;D_EQ;SSO;D_EQ_ECP;DE_THYAO_ECP;THYAO.E;2026-05-25;21.4;19.79;8.14;0;0;0;0;0;0;0;0;0;0;0;;;;;
2026-05-07;TM_O_THYAOE250526C313.00;THYAO_250526_AVRUPA_ESNEK OPS;D_EQ;SSO;D_EQ_ECP;DE_THYAO_ECP;THYAO.E;2026-05-25;12.93;11.84;9.21;0;0;0;0;0;0;0;0;0;65;0;;;;;
2026-05-07;TM_O_THYAOE250526C325.00;THYAO_250526_AVRUPA_ESNEK OPS;D_EQ;SSO;D_EQ_ECP;DE_THYAO_ECP;THYAO.E;2026-05-25;7.33;6.68;9.73;0;0;0;0;0;0;0;0;0;407;0;;;;;
2026-05-07;TM_O_THYAOE250526C340.01;THYAO_250526_AVRUPA_ESNEK OPS;D_EQ;SSO;D_EQ_ECP;DE_THYAO_ECP;THYAO.E;2026-05-25;3.12;2.84;9.86;0;0;0;0;0;0;0;0;0;50;0;;;;;
2026-05-07;TM_O_THYAOE250526C349.99;THYAO_250526_AVRUPA_ESNEK OPS;D_EQ;SSO;D_EQ_ECP;DE_THYAO_ECP;THYAO.E;2026-05-25;1.61;1.48;8.78;0;0;0;0;0;0;0;0;0;295;0;;;;;
2026-05-07;TM_O_THYAOE250526P308.00;THYAO_250526_AVRUPA_ESNEK OPS;D_EQ;SSO;D_EQ_EPP;DE_THYAO_EPP;THYAO.E;2026-05-25;5.68;6.83;-16.84;0;0;0;0;0;0;0;0;0;787;0;;;;;
2026-05-07;TM_O_TOASOE250526P312.00;TOASO_250526_AVRUPA_ESNEK OPS;D_EQ;SSO;D_EQ_EPP;DE_TOASO_EPP;TOASO.E;2026-05-25;5.14;8.41;-38.88;0;0;0;0;0;0;0;0;0;190;0;;;;;
2026-05-07;TM_O_TTKOME250526P64.01;TTKOM_250526_AVRUPA_ESNEK OPS;D_EQ;SSO;D_EQ_EPP;DE_TTKOM_EPP;TTKOM.E;2026-05-25;0.92;1.15;-20;0;0;0;0;0;0;0;0;0;120;0;;;;;
2026-05-07;TM_O_TTKOME250526P66.01;TTKOM_250526_AVRUPA_ESNEK OPS;D_EQ;SSO;D_EQ_EPP;DE_TTKOM_EPP;TTKOM.E;2026-05-25;1.61;1.91;-15.71;0;0;0;0;0;0;0;0;0;327;0;;;;;
2026-05-07;TM_O_TTKOME250526P66.02;TTKOM_250526_AVRUPA_ESNEK OPS;D_EQ;SSO;D_EQ_EPP;DE_TTKOM_EPP;TTKOM.E;2026-05-25;1.61;;0;0.75;0.75;0.75;0.75;0.75;3961200;45000;600;1;600;600;;;;;
2026-05-07;TM_O_TTKOME250526P68.01;TTKOM_250526_AVRUPA_ESNEK OPS;D_EQ;SSO;D_EQ_EPP;DE_TTKOM_EPP;TTKOM.E;2026-05-25;2.56;2.94;-12.93;0;0;0;0;0;0;0;0;0;89;0;;;;;
2026-05-07;TM_O_TTKOME250526P68.02;TTKOM_250526_AVRUPA_ESNEK OPS;D_EQ;SSO;D_EQ_EPP;DE_TTKOM_EPP;TTKOM.E;2026-05-25;2.57;2.94;-12.59;0;0;0;0;0;0;0;0;0;325;0;;;;;
2026-05-07;TM_O_TTKOME250526P68.03;TTKOM_250526_AVRUPA_ESNEK OPS;D_EQ;SSO;D_EQ_EPP;DE_TTKOM_EPP;TTKOM.E;2026-05-25;2.57;2.95;-12.88;0;0;0;0;0;0;0;0;0;139;0;;;;;
2026-05-07;TM_O_TTKOME300626P72.01;TTKOM_300626_AVRUPA_ESNEK OPS;D_EQ;SSO;D_EQ_EPP;DE_TTKOM_EPP;TTKOM.E;2026-06-30;4.99;;0;2.6;2.6;2.6;2.6;2.6;993738;35880;138;1;138;138;;;;;
2026-05-07;TM_O_TUPRSE010626C280.00;TUPRS_010626_AVRUPA_ESNEK OPS;D_EQ;SSO;D_EQ_ECP;DE_TUPRS_ECP;TUPRS.E;2026-06-01;6.02;11.31;-46.77;0;0;0;0;0;0;0;0;0;1000;0;;;;;
2026-05-07;TM_O_TUPRSE080526P235.00;TUPRS_080526_AVRUPA_ESNEK OPS;D_EQ;SSO;D_EQ_EPP;DE_TUPRS_EPP;TUPRS.E;2026-05-08;0.01;0.01;0;0;0;0;0;0;0;0;0;0;500;0;;;;;
2026-05-07;TM_O_TUPRSE080526P238.00;TUPRS_080526_AVRUPA_ESNEK OPS;D_EQ;SSO;D_EQ_EPP;DE_TUPRS_EPP;TUPRS.E;2026-05-08;0.01;0.01;0;0;0;0;0;0;0;0;0;0;0;0;;;;;
2026-05-07;TM_O_TUPRSE250526C285.00;TUPRS_250526_AVRUPA_ESNEK OPS;D_EQ;SSO;D_EQ_ECP;DE_TUPRS_ECP;TUPRS.E;2026-05-25;2.96;6.83;-56.66;0;0;0;0;0;0;0;0;0;100;0;;;;;
2026-05-07;TM_O_USDTRYKE010626C46500;USDTRY_010626_AVRUPA_ESNEK OPS;D_CR;CRO;D_CR_ECO;DE_USDTRYK_ECO;D_USDTRYK;2026-06-01;353;373.6;-5.51;0;0;0;0;0;0;0;0;0;10000;0;;;;;
2026-05-07;TM_O_USDTRYKE010626C51000;USDTRY_010626_AVRUPA_ESNEK OPS;D_CR;CRO;D_CR_ECO;DE_USDTRYK_ECO;D_USDTRYK;2026-06-01;114.7;130.3;-11.97;0;0;0;0;0;0;0;0;0;20000;0;;;;;
2026-05-07;TM_O_USDTRYKE010626C52000;USDTRY_010626_AVRUPA_ESNEK OPS;D_CR;CRO;D_CR_ECO;DE_USDTRYK_ECO;D_USDTRYK;2026-06-01;107.5;121;-11.16;0;0;0;0;0;0;0;0;0;50000;0;;;;;
2026-05-07;TM_O_USDTRYKE030626C52000;USDTRY_030626_AVRUPA_ESNEK OPS;D_CR;CRO;D_CR_ECO;DE_USDTRYK_ECO;D_USDTRYK;2026-06-03;129.3;143.6;-9.96;0;0;0;0;0;0;0;0;0;20000;0;;;;;
2026-05-07;TM_O_USDTRYKE040626C46500;USDTRY_040626_AVRUPA_ESNEK OPS;D_CR;CRO;D_CR_ECO;DE_USDTRYK_ECO;D_USDTRYK;2026-06-04;433;454.4;-4.71;0;0;0;0;0;0;0;0;0;5000;0;;;;;
2026-05-07;TM_O_USDTRYKE040626C47000;USDTRY_040626_AVRUPA_ESNEK OPS;D_CR;CRO;D_CR_ECO;DE_USDTRYK_ECO;D_USDTRYK;2026-06-04;297.6;334.8;-11.11;0;0;0;0;0;0;0;0;0;5000;0;;;;;
2026-05-07;TM_O_USDTRYKE040626C52000;USDTRY_040626_AVRUPA_ESNEK OPS;D_CR;CRO;D_CR_ECO;DE_USDTRYK_ECO;D_USDTRYK;2026-06-04;140.8;155.3;-9.34;0;0;0;0;0;0;0;0;0;0;0;;;;;
2026-05-07;TM_O_USDTRYKE070726C47000;USDTRY_070726_AVRUPA_ESNEK OPS;D_CR;CRO;D_CR_ECO;DE_USDTRYK_ECO;D_USDTRYK;2026-07-07;1098.8;;0;0;0;0;0;0;470000000;9100000;10000;1;10000;10000;;;;;
2026-05-07;TM_O_USDTRYKE090626C47250;USDTRY_090626_AVRUPA_ESNEK OPS;D_CR;CRO;D_CR_ECO;DE_USDTRYK_ECO;D_USDTRYK;2026-06-09;372.8;414.6;-10.08;0;0;0;0;0;0;0;0;0;20000;0;;;;;
2026-05-07;TM_O_USDTRYKE090626C53000;USDTRY_090626_AVRUPA_ESNEK OPS;D_CR;CRO;D_CR_ECO;DE_USDTRYK_ECO;D_USDTRYK;2026-06-09;120.8;133.2;-9.31;0;0;0;0;0;0;0;0;0;0;0;;;;;
2026-05-07;TM_O_USDTRYKE110526C46000;USDTRY_110526_AVRUPA_ESNEK OPS;D_CR;CRO;D_CR_ECO;DE_USDTRYK_ECO;D_USDTRYK;2026-05-11;52.3;85;-38.47;0;0;0;0;0;0;0;0;0;0;0;;;;;
2026-05-07;TM_O_USDTRYKE110526P46000;USDTRY_110526_AVRUPA_ESNEK OPS;D_CR;CRO;D_CR_EPO;DE_USDTRYK_EPO;D_USDTRYK;2026-05-11;689.3;693.5;-0.61;0;0;0;0;0;0;0;0;0;1000;0;;;;;
2026-05-07;TM_O_USDTRYKE110626C49000;USDTRY_110626_AVRUPA_ESNEK OPS;D_CR;CRO;D_CR_ECO;DE_USDTRYK_ECO;D_USDTRYK;2026-06-11;324.1;294.2;10.16;0;0;0;0;0;0;0;0;0;1500;0;;;;;
2026-05-07;TM_O_USDTRYKE140526C46400;USDTRY_140526_AVRUPA_ESNEK OPS;D_CR;CRO;D_CR_ECO;DE_USDTRYK_ECO;D_USDTRYK;2026-05-14;29.9;50;-40.2;0;0;0;0;0;0;0;0;0;0;0;;;;;
2026-05-07;TM_O_USDTRYKE220526C46500;USDTRY_220526_AVRUPA_ESNEK OPS;D_CR;CRO;D_CR_ECO;DE_USDTRYK_ECO;D_USDTRYK;2026-05-22;131.4;164.7;-20.22;0;0;0;0;0;465000000;1200000;10000;1;10000;0;;;;;
2026-05-07;TM_O_USDTRYKE220526C51000;USDTRY_220526_AVRUPA_ESNEK OPS;D_CR;CRO;D_CR_ECO;DE_USDTRYK_ECO;D_USDTRYK;2026-05-22;13.2;22.8;-42.11;0;0;0;0;0;0;0;0;0;0;0;;;;;
2026-05-07;TM_O_USDTRYKE220526C52000;USDTRY_220526_AVRUPA_ESNEK OPS;D_CR;CRO;D_CR_ECO;DE_USDTRYK_ECO;D_USDTRYK;2026-05-22;4.2;8.3;-49.4;0;0;0;0;0;0;0;0;0;0;0;;;;;
2026-05-07;TM_O_USDTRYKE250526C46500;USDTRY_05/2026_AVRUPA_OPSIYON;D_CR;CRO;D_CR_ECO;DE_USDTRYK_ECO;D_USDTRYK;2026-05-25;185.5;214.6;-13.56;0;0;0;0;0;0;0;0;0;14101;0;;;;;
2026-05-07;TM_O_USDTRYKE250526C51000;USDTRY_05/2026_AVRUPA_OPSIYON;D_CR;CRO;D_CR_ECO;DE_USDTRYK_ECO;D_USDTRYK;2026-05-25;39.8;58;-31.38;0;0;0;0;0;0;0;0;0;0;0;;;;;
2026-05-07;TM_O_USDTRYKE250526C52000;USDTRY_05/2026_AVRUPA_OPSIYON;D_CR;CRO;D_CR_ECO;DE_USDTRYK_ECO;D_USDTRYK;2026-05-25;16.6;26.5;-37.36;0;0;0;0;0;0;0;0;0;1;0;;;;;
2026-05-07;TM_O_USDTRYKE250526P45700;USDTRY_250526_AVRUPA_ESNEK OPS;D_CR;CRO;D_CR_EPO;DE_USDTRYK_EPO;D_USDTRYK;2026-05-25;292.9;292.2;0.24;0;0;0;0;0;0;0;0;0;200000;0;;;;;
2026-05-07;TM_O_USDTRYKE250526P46200;USDTRY_250526_AVRUPA_ESNEK OPS;D_CR;CRO;D_CR_EPO;DE_USDTRYK_EPO;D_USDTRYK;2026-05-25;543.2;537;1.15;0;0;0;0;0;0;0;0;0;75000;0;;;;;
2026-05-07;TM_O_USDTRYKE280726C56000;USDTRY_280726_AVRUPA_ESNEK OPS;D_CR;CRO;D_CR_ECO;DE_USDTRYK_ECO;D_USDTRYK;2026-07-28;473.9;487;-2.69;0;0;0;0;0;0;0;0;0;0;0;;;;;
2026-05-07;TM_O_USDTRYKE280726C57000;USDTRY_280726_AVRUPA_ESNEK OPS;D_CR;CRO;D_CR_ECO;DE_USDTRYK_ECO;D_USDTRYK;2026-07-28;436.4;448.2;-2.63;0;0;0;0;0;0;0;0;0;0;0;;;;;
2026-05-07;TM_O_USDTRYKE300626C47500;USDTRY_06/2026_AVRUPA_OPSIYON;D_CR;CRO;D_CR_ECO;DE_USDTRYK_ECO;D_USDTRYK;2026-06-30;748.4;815.4;-8.22;479.1;479;556.4;556.4;493.4;20425000;212181.6;430;4;40630;330;;;;;
2026-05-07;TM_O_USDTRYKE300626C54000;USDTRY_06/2026_AVRUPA_OPSIYON;D_CR;CRO;D_CR_ECO;DE_USDTRYK_ECO;D_USDTRYK;2026-06-30;291.1;308.7;-5.7;0;0;0;0;0;0;0;0;0;0;0;;;;;
2026-05-07;TM_O_USDTRYKE300626C55000;USDTRY_06/2026_AVRUPA_OPSIYON;D_CR;CRO;D_CR_ECO;DE_USDTRYK_ECO;D_USDTRYK;2026-06-30;273.7;289;-5.29;0;0;0;0;0;0;0;0;0;0;0;;;;;
2026-05-07;TM_O_USDTRYKE300626C56000;USDTRY_06/2026_AVRUPA_OPSIYON;D_CR;CRO;D_CR_ECO;DE_USDTRYK_ECO;D_USDTRYK;2026-06-30;261.7;275.2;-4.91;0;0;0;0;0;0;0;0;0;0;0;;;;;
2026-05-07;TM_O_USDTRYKE300626C57000;USDTRY_300626_AVRUPA_ESNEK OPS;D_CR;CRO;D_CR_ECO;DE_USDTRYK_ECO;D_USDTRYK;2026-06-30;253.8;265.8;-4.51;0;0;0;0;0;0;0;0;0;0;0;;;;;
2026-05-07;TM_O_USDTRYKE301026C52000;USDTRY_301026_AVRUPA_ESNEK OPS;D_CR;CRO;D_CR_ECO;DE_USDTRYK_ECO;D_USDTRYK;2026-10-30;2363.9;;0;0;0;0;0;0;520000000;19950000;10000;1;10000;10000;;;;;
2026-05-07;TM_O_USDTRYKE310726C48000;USDTRY_07/2026_AVRUPA_OPSIYON;D_CR;CRO;D_CR_ECO;DE_USDTRYK_ECO;D_USDTRYK;2026-07-31;1383.8;1415.2;-2.22;0;0;0;0;0;960000000;21250000;20000;2;36820;10000;;;;;
2026-05-07;TM_O_VAKBNE250526P32.01;VAKBN_250526_AVRUPA_ESNEK OPS;D_EQ;SSO;D_EQ_EPP;DE_VAKBN_EPP;VAKBN.E;2026-05-25;0.95;1.23;-22.76;0;0;0;0;0;0;0;0;0;2240;0;;;;;
2026-05-07;TM_O_YKBNKE250526C42.00;YKBNK_05/2026_AVRUPA_OPSIYON;D_EQ;SSO;D_EQ_ECP;DE_YKBNK_ECP;YKBNK.E;2026-05-25;0.42;0.31;35.48;0;0;0;0;0;0;0;0;0;0;0;;;;;
2026-05-07;TM_O_YKBNKE250526P35.10;YKBNK_250526_AVRUPA_ESNEK OPS;D_EQ;SSO;D_EQ_EPP;DE_YKBNK_EPP;YKBNK.E;2026-05-25;0.12;0.25;-52;0;0;0;0;0;0;0;0;0;850;0;;;;;
2026-05-07;TM_O_YKBNKE250526P39.50;YKBNK_250526_AVRUPA_ESNEK OPS;D_EQ;SSO;D_EQ_EPP;DE_YKBNK_EPP;YKBNK.E;2026-05-25;1.34;1.9;-29.47;0;0;0;0;0;0;0;0;0;250;0;;;;;
2026-05-07;TM_O_YKBNKE300626C43.00;YKBNK_06/2026_AVRUPA_OPSIYON;D_EQ;SSO;D_EQ_ECP;DE_YKBNK_ECP;YKBNK.E;2026-06-30;1.42;1.21;17.36;0;0;0;0;0;0;0;0;0;0;0;;;;;
