TARIH;SOZLESME KODU;SOZLESME ADI;PAZAR;PAZAR SEGMENTI;SOZLESME TIPI;SOZLESME SINIFI;DAYANAK VARLIK;VADE TARIHI;UZLASMA FIYATI;ONCEKI UZLASMA FIYATI;UZLASMA FIYATI DEGISIMI (%);ACILIS FIYATI;EN DUSUK FIYAT;EN YUKSEK FIYAT;KAPANIS FIYATI; AGIRLIKLI ORTALAMA FIYAT;ISLEM HACMI;PRIM HACMI;ISLEM MIKTARI;ISLEM SAYISI;ACIK POZISYON;ACIK POZISYON DEGISIMI;ACILIS SEANSI FIYATI;ACILIS SEANSI ISLEM HACMI;ACILIS SEANSI PRIM HACMI;ACILIS SEANSI ISLEM MIKTARI;ACILIS SEANSI ISLEM SAYISI
TRADE DATE;INSTRUMENT SERIES;INSTRUMENT NAME;MARKET;MARKET SEGMENT;INSTRUMENT TYPE;INSTRUMENT CLASS;UNDERLYING;EXPIRATION DATE;SETTLEMENT PRICE;PREVIOUS SETTLEMENT PRICE;CHANGE OF SETTLEMENT PRICE (%);OPENING PRICE;LOWEST PRICE;HIGHEST PRICE;CLOSING PRICE;VWAP;TRADED VALUE;PREMIUM VALUE;TRADE VOLUME;TRADE COUNT;OPEN POSITION;OPEN POSITION CHANGE;OPENING SESSION PRICE;TRADED VALUE AT OPENING SESSION;PREMIUM VALUE AT OPENING SESSION;TRADED VOLUME AT OPENING SESSION;TRADE COUNT AT OPENING SESSION
2025-11-28;F_AEFES0126;AEFES_01/2026_VIS;D_EQ;SSF;D_EQ_FPD;DE_AEFES_FPD;AEFES.E;2026-01-30;16.83;17.32;-2.83;17.19;16.75;17.62;17.44;16.93;6680413;0;3945;240;10014;3498;;;;;
2025-11-28;F_AEFES1125;AEFES_11/2025_VIS;D_EQ;SSF;D_EQ_FPD;DE_AEFES_FPD;AEFES.E;2025-11-28;15.79;16.27;-2.95;16.25;15.75;16.28;15.77;16.13;215992370;0;133941;5755;196357;-18745;16.25;11375;0;7;2
2025-11-28;F_AEFES1225;AEFES_12/2025_VIS;D_EQ;SSF;D_EQ_FPD;DE_AEFES_FPD;AEFES.E;2025-12-31;16.29;16.77;-2.86;16.8;16.26;16.8;16.3;16.6;304423594;0;183415;9737;361941;56067;;;;;
2025-11-28;F_AKBNK0126;AKBNK_01/2026_VIS;D_EQ;SSF;D_EQ_FPD;DE_AKBNK_FPD;AKBNK.E;2026-01-30;68.57;67.64;1.37;67.72;67.31;68.69;68.68;67.93;6425851;0;946;217;6988;329;;;;;
2025-11-28;F_AKBNK1125;AKBNK_11/2025_VIS;D_EQ;SSF;D_EQ_FPD;DE_AKBNK_FPD;AKBNK.E;2025-11-28;64.75;63.74;1.58;63.71;63.5;66.4;64.72;64.06;1526981358;0;238378;14872;223683;-67274;63.71;12742;0;2;1
2025-11-28;F_AKBNK1225;AKBNK_12/2025_VIS;D_EQ;SSF;D_EQ_FPD;DE_AKBNK_FPD;AKBNK.E;2025-12-31;66.8;65.71;1.66;65.78;65.47;67;66.78;66.16;2238611060;0;338406;22191;539957;45528;65.78;217074;0;33;25
2025-11-28;F_AKSEN0126;AKSEN_01/2026_VIS;D_EQ;SSF;D_EQ_FPD;DE_AKSEN_FPD;AKSEN.E;2026-01-30;55.94;55.81;0.23;56.07;55.55;57.11;56.12;56;6703369;0;1197;502;968;127;;;;;
2025-11-28;F_AKSEN1125;AKSEN_11/2025_VIS;D_EQ;SSF;D_EQ_FPD;DE_AKSEN_FPD;AKSEN.E;2025-11-28;52.7;52.88;-0.34;53.19;52.23;54.06;52.38;53.26;231027908;0;43379;10238;18887;-10075;;;;;
2025-11-28;F_AKSEN1225;AKSEN_12/2025_VIS;D_EQ;SSF;D_EQ_FPD;DE_AKSEN_FPD;AKSEN.E;2025-12-31;54.2;54.37;-0.31;54.79;54.09;55.71;54.31;54.74;330132721;0;60312;12584;65829;6344;54.79;54790;0;10;2
2025-11-28;F_ALARK0126;ALARK_01/2026_VIS;D_EQ;SSF;D_EQ_FPD;DE_ALARK_FPD;ALARK.E;2026-01-30;99.07;101.55;-2.44;100.7;98.38;101.95;99.76;100.27;2005316;0;200;69;241;123;;;;;
2025-11-28;F_ALARK1125;ALARK_11/2025_VIS;D_EQ;SSF;D_EQ_FPD;DE_ALARK_FPD;ALARK.E;2025-11-28;93.8;95.31;-1.58;94.92;93.24;95.51;93.92;94.42;329467509;0;34892;8614;40589;-7910;;;;;
2025-11-28;F_ALARK1225;ALARK_12/2025_VIS;D_EQ;SSF;D_EQ_FPD;DE_ALARK_FPD;ALARK.E;2025-12-31;96.68;98.32;-1.67;98.02;96.02;98.54;96.72;97.05;355210647;0;36600;7485;80962;8296;98.02;39208;0;4;1
2025-11-28;F_ARCLK0126;ARCLK_01/2026_VIS;D_EQ;SSF;D_EQ_FPD;DE_ARCLK_FPD;ARCLK.E;2026-01-30;111.9;112.1;-0.18;112;111.85;113.6;111.95;112.76;4172230;0;370;104;775;165;;;;;
2025-11-28;F_ARCLK1125;ARCLK_11/2025_VIS;D_EQ;SSF;D_EQ_FPD;DE_ARCLK_FPD;ARCLK.E;2025-11-28;105.7;106.1;-0.38;105.55;104.95;107.5;105.9;106.8;321171735;0;30067;8383;8523;-9607;;;;;
2025-11-28;F_ARCLK1225;ARCLK_12/2025_VIS;D_EQ;SSF;D_EQ_FPD;DE_ARCLK_FPD;ARCLK.E;2025-12-31;109;109.3;-0.27;109.1;108.3;110.8;108.9;109.96;363102390;0;32999;7124;30493;11750;;;;;
2025-11-28;F_ASELS0126;ASELS_01/2026_VIS;D_EQ;SSF;D_EQ_FPD;DE_ASELS_FPD;ASELS.E;2026-01-30;194.15;194.6;-0.23;196.5;193.15;196.5;194;194.41;7542975;0;388;240;1167;192;;;;;
2025-11-28;F_ASELS1125;ASELS_11/2025_VIS;D_EQ;SSF;D_EQ_FPD;DE_ASELS_FPD;ASELS.E;2025-11-28;183.4;184.45;-0.57;184.5;182.55;185;183.6;183.83;713983405;0;38840;6934;59614;-6508;;;;;
2025-11-28;F_ASELS1225;ASELS_12/2025_VIS;D_EQ;SSF;D_EQ_FPD;DE_ASELS_FPD;ASELS.E;2025-12-31;188.75;189.9;-0.61;189.2;188.15;190.5;189.15;189.26;747115350;0;39476;6906;74058;1505;;;;;
2025-11-28;F_ASTOR0126;ASTOR_01/2026_VIS;D_EQ;SSF;D_EQ_FPD;DE_ASTOR_FPD;ASTOR.E;2026-01-30;97.54;97.11;0.44;97.28;95.97;99.63;95.97;96.58;5630789;0;583;129;937;503;;;;;
2025-11-28;F_ASTOR1125;ASTOR_11/2025_VIS;D_EQ;SSF;D_EQ_FPD;DE_ASTOR_FPD;ASTOR.E;2025-11-28;90.6;91.74;-1.24;91.6;90.11;92.05;90.59;91.12;319781398;0;35093;6787;28400;-8877;91.6;549600;0;60;11
2025-11-28;F_ASTOR1225;ASTOR_12/2025_VIS;D_EQ;SSF;D_EQ_FPD;DE_ASTOR_FPD;ASTOR.E;2025-12-31;93.41;94.59;-1.25;94.68;93;94.95;93.54;94.01;327410362;0;34828;8333;71868;16693;;;;;
2025-11-28;F_BIMAS0126;BIMAS_01/2026_VIS;D_EQ;SSF;D_EQ_FPD;DE_BIMAS_FPD;BIMAS.E;2026-01-30;566.5;573.5;-1.22;571.1;564.3;576.1;564.8;570.04;3078190;0;54;42;259;21;;;;;
2025-11-28;F_BIMAS1125;BIMAS_11/2025_VIS;D_EQ;SSF;D_EQ_FPD;DE_BIMAS_FPD;BIMAS.E;2025-11-28;537;544;-1.29;543.9;533.7;549;538.7;541.89;496861390;0;9169;4461;13465;-1238;;;;;
2025-11-28;F_BIMAS1225;BIMAS_12/2025_VIS;D_EQ;SSF;D_EQ_FPD;DE_BIMAS_FPD;BIMAS.E;2025-12-31;549.8;555.9;-1.1;555;549;560.5;550.9;553.77;586610840;0;10593;5418;23776;3883;555;166500;0;3;1
2025-11-28;F_BRSAN0126;BRSAN_01/2026_VIS;D_EQ;SSF;D_EQ_FPD;DE_BRSAN_FPD;BRSAN.E;2026-01-30;468.5;474.45;-1.25;475.4;468;475.4;468.75;471.27;5702380;0;121;98;132;41;;;;;
2025-11-28;F_BRSAN1125;BRSAN_11/2025_VIS;D_EQ;SSF;D_EQ_FPD;DE_BRSAN_FPD;BRSAN.E;2025-11-28;442.75;447.85;-1.14;449.95;441.4;449.95;442.35;445.01;129988085;0;2921;2172;1294;-770;;;;;
2025-11-28;F_BRSAN1225;BRSAN_12/2025_VIS;D_EQ;SSF;D_EQ_FPD;DE_BRSAN_FPD;BRSAN.E;2025-12-31;455.8;461.3;-1.19;466;454.75;466;456.2;458.12;121905575;0;2661;1815;2104;428;466;46600;0;1;1
2025-11-28;F_CIMSA0126;CIMSA_01/2026_VIS;D_EQ;SSF;D_EQ_FPD;DE_CIMSA_FPD;CIMSA.E;2026-01-30;48.13;48.85;-1.47;48.33;47.8;48.91;48.07;48.36;2089234;0;432;130;651;344;;;;;
2025-11-28;F_CIMSA1125;CIMSA_11/2025_VIS;D_EQ;SSF;D_EQ_FPD;DE_CIMSA_FPD;CIMSA.E;2025-11-28;45.76;45.84;-0.17;45.93;45.12;46.25;45.74;45.74;133828421;0;29257;7041;30847;-4696;;;;;
2025-11-28;F_CIMSA1225;CIMSA_12/2025_VIS;D_EQ;SSF;D_EQ_FPD;DE_CIMSA_FPD;CIMSA.E;2025-12-31;46.82;47.09;-0.57;47.27;46;47.68;47.03;47.05;192295973;0;40868;6361;34931;2213;;;;;
2025-11-28;F_CNHTRY0226;CNHTRY_02/2026_VIS;D_CR;CRF;D_CR_FUT;DE_CNHTRY_FUT;D_CNHTRY;2026-02-27;6.5547;6.5547;0;0;0;0;0;0;0;0;0;0;0;0;;;;;
2025-11-28;F_CNHTRY1125;CNHTRY_11/2025_VIS;D_CR;CRF;D_CR_FUT;DE_CNHTRY_FUT;D_CNHTRY;2025-11-28;5.9979;6.0373;-0.65;0;0;0;0;0;0;0;0;0;21;0;;;;;
2025-11-28;F_CNHTRY1225;CNHTRY_12/2025_VIS;D_CR;CRF;D_CR_FUT;DE_CNHTRY_FUT;D_CNHTRY;2025-12-31;6.1835;6.1835;0;0;0;0;0;0;0;0;0;0;62;0;;;;;
2025-11-28;F_CNHTRY1226;CNHTRY_12/2026_VIS;D_CR;CRF;D_CR_FUT;DE_CNHTRY_FUT;D_CNHTRY;2026-12-31;8.217;8.217;0;0;0;0;0;0;0;0;0;0;0;0;;;;;
2025-11-28;F_DOAS0126;DOAS_01/2026_VIS;D_EQ;SSF;D_EQ_FPD;DE_DOAS_FPD;DOAS.E;2026-01-30;191.7;195.7;-2.04;192.95;190.8;199.55;190.8;192.56;1136105;0;59;52;76;20;;;;;
2025-11-28;F_DOAS1125;DOAS_11/2025_VIS;D_EQ;SSF;D_EQ_FPD;DE_DOAS_FPD;DOAS.E;2025-11-28;180.5;182.45;-1.07;181.85;179.3;182.65;181.9;181.36;67212490;0;3706;2143;2076;-782;181.85;127295;0;7;2
2025-11-28;F_DOAS1225;DOAS_12/2025_VIS;D_EQ;SSF;D_EQ_FPD;DE_DOAS_FPD;DOAS.E;2025-12-31;186.15;187.85;-0.9;188;185.55;188.4;186;186.95;67190755;0;3594;1340;3824;1488;;;;;
2025-11-28;F_DOHOL0126;DOHOL_01/2026_VIS;D_EQ;SSF;D_EQ_FPD;DE_DOHOL_FPD;DOHOL.E;2026-01-30;18.1;18.3;-1.09;18.24;17.98;18.24;18.1;18.1;336740;0;186;74;1994;92;;;;;
2025-11-28;F_DOHOL1125;DOHOL_11/2025_VIS;D_EQ;SSF;D_EQ_FPD;DE_DOHOL_FPD;DOHOL.E;2025-11-28;17.09;17.23;-0.81;17.29;16.93;17.29;17.09;17.07;117838052;0;69039;3416;75604;-20095;17.29;191919;0;111;2
2025-11-28;F_DOHOL1225;DOHOL_12/2025_VIS;D_EQ;SSF;D_EQ_FPD;DE_DOHOL_FPD;DOHOL.E;2025-12-31;17.6;17.77;-0.96;17.81;17.46;17.81;17.63;17.62;121506175;0;68977;3731;233324;26643;;;;;
2025-11-28;F_EKGYO0126;EKGYO_01/2026_VIS;D_EQ;SSF;D_EQ_FPD;DE_EKGYO_FPD;EKGYO.E;2026-01-30;22.32;22.13;0.86;22.19;21.85;22.51;22.34;22.22;7284363;0;3279;575;3205;443;;;;;
2025-11-28;F_EKGYO1125;EKGYO_11/2025_VIS;D_EQ;SSF;D_EQ_FPD;DE_EKGYO_FPD;EKGYO.E;2025-11-28;21.12;21.01;0.52;21.09;20.67;21.39;21.18;21.03;762825887;0;362818;7885;229467;-111497;;;;;
2025-11-28;F_EKGYO1225;EKGYO_12/2025_VIS;D_EQ;SSF;D_EQ_FPD;DE_EKGYO_FPD;EKGYO.E;2025-12-31;21.76;21.62;0.65;21.62;21.28;21.99;21.77;21.63;1252352121;0;578979;15236;540943;74159;21.62;15134;0;7;2
2025-11-28;F_ELCBAS0126;BY ELEKTRIK_01/2026_VIS;D_EL;ENF;D_EL_FUT;DE_ELCBAS01B_FUT;D_ELCBAS01;2026-02-02;2249.1;2249.1;0;0;0;0;0;0;0;0;0;0;0;0;;;;;
2025-11-28;F_ELCBAS0226;BY ELEKTRIK_02/2026_VIS;D_EL;ENF;D_EL_FUT;DE_ELCBAS02B_FUT;D_ELCBAS02;2026-03-02;2977.8;2977.8;0;0;0;0;0;0;0;0;0;0;0;0;;;;;
2025-11-28;F_ELCBAS0326;BY ELEKTRIK_03/2026_VIS;D_EL;ENF;D_EL_FUT;DE_ELCBAS03B_FUT;D_ELCBAS03;2026-03-31;2939;2939;0;0;0;0;0;0;0;0;0;0;0;0;;;;;
2025-11-28;F_ELCBAS0426;BY ELEKTRIK_04/2026_VIS;D_EL;ENF;D_EL_FUT;DE_ELCBAS04B_FUT;D_ELCBAS04;2026-04-30;2714.2;2714.2;0;0;0;0;0;0;0;0;0;0;0;0;;;;;
2025-11-28;F_ELCBAS0526;BY ELEKTRIK_05/2026_VIS;D_EL;ENF;D_EL_FUT;DE_ELCBAS05B_FUT;D_ELCBAS05;2026-06-01;2753.8;2753.8;0;0;0;0;0;0;0;0;0;0;0;0;;;;;
2025-11-28;F_ELCBAS1125;BY ELEKTRIK_11/2025_VIS;D_EL;ENF;D_EL_FUT;DE_ELCBAS11B_FUT;D_ELCBAS11;2025-12-01;2475.1;2475.1;0;0;0;0;0;0;0;0;0;0;0;0;;;;;
2025-11-28;F_ELCBAS1225;BY ELEKTRIK_12/2025_VIS;D_EL;ENF;D_EL_FUT;DE_ELCBAS12B_FUT;D_ELCBAS12;2025-12-31;2452.3;2452.3;0;0;0;0;0;0;0;0;0;0;0;0;;;;;
2025-11-28;F_ELCBASQ126;BY ELEKTRIK_Q1/2025_CASC VIS;D_EL;ENF;D_EL_FUT;DE_ELCBASQ1B_FUT;D_ELCBASQ1;2025-12-30;2450;2450;0;0;0;0;0;0;0;0;0;0;0;0;;;;;
2025-11-28;F_ELCBASQ127;BY ELEKTRIK_Q1/2026_CASC VIS;D_EL;ENF;D_EL_FUT;DE_ELCBASQ1B_FUT;D_ELCBASQ1;2026-12-30;2443.2;2443.2;0;0;0;0;0;0;0;0;0;0;0;0;;;;;
2025-11-28;F_ELCBASQ226;BY ELEKTRIK_Q2/2026_CASC VIS;D_EL;ENF;D_EL_FUT;DE_ELCBASQ2B_FUT;D_ELCBASQ2;2026-03-30;3100;3100;0;0;0;0;0;0;0;0;0;0;0;0;;;;;
2025-11-28;F_ELCBASQ227;BY ELEKTRIK_Q2/2027_CASC VIS;D_EL;ENF;D_EL_FUT;DE_ELCBASQ2B_FUT;D_ELCBASQ2;2027-03-30;2443.2;2443.2;0;0;0;0;0;0;0;0;0;0;0;0;;;;;
2025-11-28;F_ELCBASQ326;BY ELEKTRIK_Q3/2026_CASC VIS;D_EL;ENF;D_EL_FUT;DE_ELCBASQ3B_FUT;D_ELCBASQ3;2026-06-29;3800;3800;0;0;0;0;0;0;0;0;0;0;0;0;;;;;
2025-11-28;F_ELCBASQ327;BY ELEKTRIK_Q3/2027_CASC VIS;D_EL;ENF;D_EL_FUT;DE_ELCBASQ3B_FUT;D_ELCBASQ3;2027-06-29;2443.2;2443.2;0;0;0;0;0;0;0;0;0;0;0;0;;;;;
2025-11-28;F_ELCBASQ426;BY ELEKTRIK_Q4/2026_CASC VIS;D_EL;ENF;D_EL_FUT;DE_ELCBASQ4B_FUT;D_ELCBASQ4;2026-09-29;3700;3700;0;0;0;0;0;0;0;0;0;0;0;0;;;;;
2025-11-28;F_ELCBASQ427;BY ELEKTRIK_Q4/2027_CASC VIS;D_EL;ENF;D_EL_FUT;DE_ELCBASQ4B_FUT;D_ELCBASQ4;2027-09-29;2443.2;2443.2;0;0;0;0;0;0;0;0;0;0;0;0;;;;;
2025-11-28;F_ELCBASY26;BY ELEKTRIK_2025_CASC VIS;D_EL;ENF;D_EL_FUT;DE_ELCBASYB_FUT;D_ELCBASY;2025-12-26;3263;3263;0;0;0;0;0;0;0;0;0;0;0;0;;;;;
2025-11-28;F_ELCBASY27;BY ELEKTRIK_2026_CASC VIS;D_EL;ENF;D_EL_FUT;DE_ELCBASYB_FUT;D_ELCBASY;2026-12-28;2443.2;2443.2;0;0;0;0;0;0;0;0;0;0;0;0;;;;;
2025-11-28;F_ENJSA0126;ENJSA_01/2026_VIS;D_EQ;SSF;D_EQ_FPD;DE_ENJSA_FPD;ENJSA.E;2026-01-30;84.19;85.06;-1.02;84.79;84;84.84;84.1;84.37;430293;0;51;31;152;-7;;;;;
2025-11-28;F_ENJSA1125;ENJSA_11/2025_VIS;D_EQ;SSF;D_EQ_FPD;DE_ENJSA_FPD;ENJSA.E;2025-11-28;80.15;80.59;-0.55;80.51;79.53;81.19;80.21;79.94;185448189;0;23197;6190;30238;-9662;;;;;
2025-11-28;F_ENJSA1225;ENJSA_12/2025_VIS;D_EQ;SSF;D_EQ_FPD;DE_ENJSA_FPD;ENJSA.E;2025-12-31;82.47;83.07;-0.72;82.84;81.86;83.4;82.26;82.21;173423641;0;21094;5944;70962;1177;82.84;8284;0;1;1
2025-11-28;F_ENKAI0126;ENKAI_01/2026_VIS;D_EQ;SSF;D_EQ_FPD;DE_ENKAI_FPD;ENKAI.E;2026-01-30;83.91;83.9;0.01;82.87;82.64;85.45;85.45;83.4;2760648;0;331;134;1149;252;;;;;
2025-11-28;F_ENKAI1125;ENKAI_11/2025_VIS;D_EQ;SSF;D_EQ_FPD;DE_ENKAI_FPD;ENKAI.E;2025-11-28;79.4;79.43;-0.04;78.95;78.72;80;79.61;79.38;209586286;0;26402;5839;32688;-3004;;;;;
2025-11-28;F_ENKAI1225;ENKAI_12/2025_VIS;D_EQ;SSF;D_EQ_FPD;DE_ENKAI_FPD;ENKAI.E;2025-12-31;82;81.87;0.16;81.97;81.15;82.42;82.04;81.75;206718186;0;25287;6488;50878;2935;81.97;16394;0;2;1
2025-11-28;F_EREGL0126;EREGL_01/2026_VIS;D_EQ;SSF;D_EQ_FPD;DE_EREGL_FPD;EREGL.E;2026-01-30;25.3;25.39;-0.35;25.38;25.2;25.48;25.25;25.35;8853803;0;3492;478;13692;1544;;;;;
2025-11-28;F_EREGL1125;EREGL_11/2025_VIS;D_EQ;SSF;D_EQ_FPD;DE_EREGL_FPD;EREGL.E;2025-11-28;23.86;23.92;-0.25;23.96;23.72;24.07;23.84;23.91;900548757;0;376715;12467;295410;-126733;23.96;2396;0;1;1
2025-11-28;F_EREGL1225;EREGL_12/2025_VIS;D_EQ;SSF;D_EQ_FPD;DE_EREGL_FPD;EREGL.E;2025-12-31;24.57;24.69;-0.49;24.69;24.49;24.8;24.6;24.67;956598155;0;387764;13982;695758;172190;24.69;303687;0;123;14
2025-11-28;F_EURTRY0226;EURTRY_02/2026_VIS;D_CR;CRF;D_CR_FUT;DE_EURTRY_FUT;D_EURTRY;2026-02-27;52.9;52.967;-0.13;52.9;52.9;52.901;52.901;52.9;3226902;0;61;2;131;2;;;;;
2025-11-28;F_EURTRY1125;EURTRY_11/2025_VIS;D_CR;CRF;D_CR_FUT;DE_EURTRY_FUT;D_EURTRY;2025-11-28;49.056;49.163;-0.22;49.054;48.501;49.09;49.046;48.9289;18397255;0;376;75;2488;-104;;;;;
2025-11-28;F_EURTRY1225;EURTRY_12/2025_VIS;D_CR;CRF;D_CR_FUT;DE_EURTRY_FUT;D_EURTRY;2025-12-31;50.497;50.647;-0.3;50.6;50.462;50.647;50.495;50.4996;81102334;0;1606;114;18382;-328;;;;;
2025-11-28;F_EURTRY1226;EURTRY_12/2026_VIS;D_CR;CRF;D_CR_FUT;DE_EURTRY_FUT;D_EURTRY;2026-12-31;66.859;67.102;-0.36;66.896;66.75;67.087;66.9;67.0423;13743678;0;205;26;5389;98;;;;;
2025-11-28;F_EURUSD0226;EURUSD_02/2026_VIS;D_CR;CRFU;D_CR_FUT;DE_EURUSD_FUT;D_EURUSD;2026-02-27;1.1628;1.1657;-0.25;1.1649;1.1612;1.1651;1.1642;1.1635;33122495.47032;0;672;639;809;626;;;;;
2025-11-28;F_EURUSD1125;EURUSD_11/2025_VIS;D_CR;CRFU;D_CR_FUT;DE_EURUSD_FUT;D_EURUSD;2025-11-28;1.1572;1.1594;-0.19;1.1588;1.1413;1.1589;1.157;1.1522;1060386044.78976;0;21691;759;6581;-5554;;;;;
2025-11-28;F_EURUSD1225;EURUSD_12/2025_VIS;D_CR;CRFU;D_CR_FUT;DE_EURUSD_FUT;D_EURUSD;2025-12-31;1.1606;1.1621;-0.13;1.1614;1.158;1.1614;1.1609;1.1598;921730444.34544;0;18749;334;23585;-1927;;;;;
2025-11-28;F_EURUSD1226;EURUSD_12/2026_VIS;D_CR;CRFU;D_CR_FUT;DE_EURUSD_FUT;D_EURUSD;2026-12-31;1.1752;1.177;-0.15;1.177;1.175;1.1799;1.177;1.1752;12495891.3024;0;251;10;1088;250;;;;;
2025-11-28;F_FROTO0126;FROTO_01/2026_VIS;D_EQ;SSF;D_EQ_FPD;DE_FROTO_FPD;FROTO.E;2026-01-30;93.53;95.06;-1.61;95.5;93.5;95.55;93.5;94.49;3373232;0;357;88;1136;277;;;;;
2025-11-28;F_FROTO1125;FROTO_11/2025_VIS;D_EQ;SSF;D_EQ_FPD;DE_FROTO_FPD;FROTO.E;2025-11-28;94.6;95.17;-0.6;95.62;94.04;96.06;94.5;95.12;224456224;0;23596;6090;39996;-4543;;;;;
2025-11-28;F_FROTO1225;FROTO_12/2025_VIS;D_EQ;SSF;D_EQ_FPD;DE_FROTO_FPD;FROTO.E;2025-12-31;91.09;92.11;-1.11;91.8;90.5;93.13;91.19;91.97;237231002;0;25794;6040;93201;7777;91.8;119340;0;13;3
2025-11-28;F_GARAN0126;GARAN_01/2026_VIS;D_EQ;SSF;D_EQ_FPD;DE_GARAN_FPD;GARAN.E;2026-01-30;146.3;147;-0.48;146.5;144.05;148;148;146.79;5211140;0;355;106;977;206;;;;;
2025-11-28;F_GARAN1125;GARAN_11/2025_VIS;D_EQ;SSF;D_EQ_FPD;DE_GARAN_FPD;GARAN.E;2025-11-28;138.9;138.65;0.18;139;137.9;139.55;139;138.81;1073454465;0;77334;9425;52756;-18113;139;13900;0;1;1
2025-11-28;F_GARAN1225;GARAN_12/2025_VIS;D_EQ;SSF;D_EQ_FPD;DE_GARAN_FPD;GARAN.E;2025-12-31;143.3;142.9;0.28;143.75;142.05;143.95;143.5;143.1;1525076270;0;106574;12727;128908;25253;;;;;
2025-11-28;F_GBPUSD0226;GBPUSD_02/2026_VIS;D_CR;CRFU;D_CR_FUT;DE_GBPUSD_FUT;D_GBPUSD;2026-02-27;1.3185;1.3185;0;0;0;0;0;0;0;0;0;0;25;0;;;;;
2025-11-28;F_GBPUSD1125;GBPUSD_11/2025_VIS;D_CR;CRFU;D_CR_FUT;DE_GBPUSD_FUT;D_GBPUSD;2025-11-28;1.3209;1.3227;-0.14;1.3205;1.3205;1.3215;1.3205;1.321;223842.9216;0;4;4;80;0;;;;;
2025-11-28;F_GBPUSD1225;GBPUSD_12/2025_VIS;D_CR;CRFU;D_CR_FUT;DE_GBPUSD_FUT;D_GBPUSD;2025-12-31;1.3237;1.3283;-0.35;1.3246;1.3228;1.3246;1.3228;1.3237;112150.21776;0;2;2;25;-2;;;;;
2025-11-28;F_GBPUSD1226;GBPUSD_12/2026_VIS;D_CR;CRFU;D_CR_FUT;DE_GBPUSD_FUT;D_GBPUSD;2026-12-31;1.3026;1.3026;0;0;0;0;0;0;0;0;0;0;1;0;;;;;
2025-11-28;F_GUBRF0126;GUBRF_01/2026_VIS;D_EQ;SSF;D_EQ_FPD;DE_GUBRF_FPD;GUBRF.E;2026-01-30;330;347.35;-4.99;340;312.65;340;332.55;319.64;29822670;0;933;615;5362;120;;;;;
2025-11-28;F_GUBRF1125;GUBRF_11/2025_VIS;D_EQ;SSF;D_EQ_FPD;DE_GUBRF_FPD;GUBRF.E;2025-11-28;312.75;321.3;-2.66;318.4;289.2;319;312.7;302.27;2057093680;0;67955;28916;15463;-10717;318.4;3184000;0;100;9
2025-11-28;F_GUBRF1225;GUBRF_12/2025_VIS;D_EQ;SSF;D_EQ_FPD;DE_GUBRF_FPD;GUBRF.E;2025-12-31;321.85;331.65;-2.95;330;298.5;330.25;321.6;312.17;2640236735;0;84505;29301;31734;9609;;;;;
2025-11-28;F_HALKB0126;HALKB_01/2026_VIS;D_EQ;SSF;D_EQ_FPD;DE_HALKB_FPD;HALKB.E;2026-01-30;37.37;36.48;2.44;36.3;36.25;37.49;37.25;37.06;21441023;0;5786;1127;4354;2164;;;;;
2025-11-28;F_HALKB1125;HALKB_11/2025_VIS;D_EQ;SSF;D_EQ_FPD;DE_HALKB_FPD;HALKB.E;2025-11-28;35.62;34.51;3.22;34.74;34.29;35.69;35.57;35.12;951387945;0;270892;15694;82616;-54480;34.74;3474;0;1;1
2025-11-28;F_HALKB1225;HALKB_12/2025_VIS;D_EQ;SSF;D_EQ_FPD;DE_HALKB_FPD;HALKB.E;2025-12-31;36.51;35.52;2.79;35.55;35.32;36.63;36.6;36.17;1302971228;0;360189;22005;305001;69858;35.55;127980;0;36;8
2025-11-28;F_HEKTS0126;HEKTS_01/2026_VIS;D_EQ;SSF;D_EQ_FPD;DE_HEKTS_FPD;HEKTS.E;2026-01-30;3.37;3.38;-0.3;3.45;3.35;3.45;3.37;3.37;1222828;0;3624;166;10713;2972;;;;;
2025-11-28;F_HEKTS1125;HEKTS_11/2025_VIS;D_EQ;SSF;D_EQ_FPD;DE_HEKTS_FPD;HEKTS.E;2025-11-28;3.18;3.2;-0.63;3.19;3.14;3.24;3.16;3.18;98981737;0;311457;1540;164121;-113405;;;;;
2025-11-28;F_HEKTS1225;HEKTS_12/2025_VIS;D_EQ;SSF;D_EQ_FPD;DE_HEKTS_FPD;HEKTS.E;2025-12-31;3.27;3.31;-1.21;3.31;3.25;3.34;3.27;3.27;139561857;0;426221;2359;393546;136965;;;;;
2025-11-28;F_ISCTR0126;ISCTR_01/2026_VIS;D_EQ;SSF;D_EQ_FPD;DE_ISCTR_FPD;ISCTR.E;2026-01-30;14.26;14.2;0.42;14.14;14.1;14.44;14.44;14.28;9404900;0;6584;537;9968;3489;;;;;
2025-11-28;F_ISCTR1125;ISCTR_11/2025_VIS;D_EQ;SSF;D_EQ_FPD;DE_ISCTR_FPD;ISCTR.E;2025-11-28;13.57;13.37;1.5;13.39;13.27;13.65;13.56;13.42;1650626743;0;1230265;12834;878790;-237468;13.39;281190;0;210;3
2025-11-28;F_ISCTR1225;ISCTR_12/2025_VIS;D_EQ;SSF;D_EQ_FPD;DE_ISCTR_FPD;ISCTR.E;2025-12-31;13.99;13.79;1.45;13.88;13.68;14.08;13.99;13.87;2977172360;0;2147003;18657;2571464;679202;13.88;10410000;0;7500;117
2025-11-28;F_KCHOL0126;KCHOL_01/2026_VIS;D_EQ;SSF;D_EQ_FPD;DE_KCHOL_FPD;KCHOL.E;2026-01-30;178.3;181.45;-1.74;179.75;178.2;180.4;178.95;179.35;14599205;0;814;179;5596;549;;;;;
2025-11-28;F_KCHOL1125;KCHOL_11/2025_VIS;D_EQ;SSF;D_EQ_FPD;DE_KCHOL_FPD;KCHOL.E;2025-11-28;168.4;169.75;-0.8;169.45;167.8;170.2;169;169.36;1648674995;0;97345;16024;108761;-19718;;;;;
2025-11-28;F_KCHOL1225;KCHOL_12/2025_VIS;D_EQ;SSF;D_EQ_FPD;DE_KCHOL_FPD;KCHOL.E;2025-12-31;174;175.35;-0.77;175.6;173.25;175.7;174.5;174.73;2055595395;0;117647;14809;296217;58297;175.6;175600;0;10;2
2025-11-28;F_KONTR0126;KONTR_01/2026_VIS;D_EQ;SSF;D_EQ_FPD;DE_KONTR_FPD;KONTR.E;2026-01-30;34.99;36.21;-3.37;35.5;34.74;36.3;35;35.48;5872077;0;1655;349;6349;397;;;;;
2025-11-28;F_KONTR1125;KONTR_11/2025_VIS;D_EQ;SSF;D_EQ_FPD;DE_KONTR_FPD;KONTR.E;2025-11-28;33.4;34.5;-3.19;34.49;32.92;34.49;33.15;33.62;370833921;0;110306;18176;20644;-24486;34.49;110368;0;32;7
2025-11-28;F_KONTR1225;KONTR_12/2025_VIS;D_EQ;SSF;D_EQ_FPD;DE_KONTR_FPD;KONTR.E;2025-12-31;34.05;35.34;-3.65;35.34;33.63;35.85;34.16;34.44;600509539;0;174350;24287;80233;9088;;;;;
2025-11-28;F_KRDMD0126;KRDMD_01/2026_VIS;D_EQ;SSF;D_EQ_FPD;DE_KRDMD_FPD;KRDMD.E;2026-01-30;26.59;26.45;0.53;26.53;26.13;26.67;26.6;26.36;2520278;0;956;145;2574;461;26.53;2653;0;1;1
2025-11-28;F_KRDMD1125;KRDMD_11/2025_VIS;D_EQ;SSF;D_EQ_FPD;DE_KRDMD_FPD;KRDMD.E;2025-11-28;25.08;24.95;0.52;24.99;24.69;25.15;25.08;24.92;282843601;0;113510;6953;100565;-24049;;;;;
2025-11-28;F_KRDMD1225;KRDMD_12/2025_VIS;D_EQ;SSF;D_EQ_FPD;DE_KRDMD_FPD;KRDMD.E;2025-12-31;25.84;25.74;0.39;25.76;25.44;25.95;25.88;25.7;415146606;0;161533;9667;181196;45617;;;;;
2025-11-28;F_MGROS0126;MGROS_01/2026_VIS;D_EQ;SSF;D_EQ_FPD;DE_MGROS_FPD;MGROS.E;2026-01-30;550.3;554.1;-0.69;552.8;546.5;561.1;550.5;553.48;5313440;0;96;53;285;49;;;;;
2025-11-28;F_MGROS1125;MGROS_11/2025_VIS;D_EQ;SSF;D_EQ_FPD;DE_MGROS_FPD;MGROS.E;2025-11-28;521;524.5;-0.67;523.1;518.9;529.6;520.5;525.22;371015900;0;7064;3257;10458;-2031;;;;;
2025-11-28;F_MGROS1225;MGROS_12/2025_VIS;D_EQ;SSF;D_EQ_FPD;DE_MGROS_FPD;MGROS.E;2025-12-31;536.5;540.5;-0.74;538.9;535.4;546.3;537.8;541.62;370736040;0;6845;2892;18756;3317;538.9;53890;0;1;1
2025-11-28;F_ODAS0126;ODAS_01/2026_VIS;D_EQ;SSF;D_EQ_FPD;DE_ODAS_FPD;ODAS.E;2026-01-30;5.59;5.75;-2.78;5.72;5.19;5.9;5.6;5.61;1715927;0;3060;757;18064;1084;;;;;
2025-11-28;F_ODAS1125;ODAS_11/2025_VIS;D_EQ;SSF;D_EQ_FPD;DE_ODAS_FPD;ODAS.E;2025-11-28;5.25;5.39;-2.6;5.36;5.22;5.41;5.22;5.28;206892199;0;391639;4524;71996;-131864;;;;;
2025-11-28;F_ODAS1225;ODAS_12/2025_VIS;D_EQ;SSF;D_EQ_FPD;DE_ODAS_FPD;ODAS.E;2025-12-31;5.42;5.56;-2.52;5.57;5.39;5.57;5.42;5.44;235145741;0;432548;5020;377865;80624;;;;;
2025-11-28;F_OYAKC0126;OYAKC_01/2026_VIS;D_EQ;SSF;D_EQ_FPD;DE_OYAKC_FPD;OYAKC.E;2026-01-30;24.54;24.66;-0.49;24.69;24.41;25;24.41;24.72;1198946;0;485;106;2127;341;;;;;
2025-11-28;F_OYAKC1125;OYAKC_11/2025_VIS;D_EQ;SSF;D_EQ_FPD;DE_OYAKC_FPD;OYAKC.E;2025-11-28;23.08;23.28;-0.86;23.25;23.04;23.59;23.04;23.37;207083705;0;88613;6798;52180;-36727;;;;;
2025-11-28;F_OYAKC1225;OYAKC_12/2025_VIS;D_EQ;SSF;D_EQ_FPD;DE_OYAKC_FPD;OYAKC.E;2025-12-31;23.81;23.98;-0.71;24;23.72;24.3;23.84;24.05;230400747;0;95787;7529;94855;12454;;;;;
2025-11-28;F_PETKM0126;PETKM_01/2026_VIS;D_EQ;SSF;D_EQ_FPD;DE_PETKM_FPD;PETKM.E;2026-01-30;18.04;17.88;0.89;17.84;17.81;18.07;18.02;17.92;1802806;0;1006;239;4023;536;;;;;
2025-11-28;F_PETKM1125;PETKM_11/2025_VIS;D_EQ;SSF;D_EQ_FPD;DE_PETKM_FPD;PETKM.E;2025-11-28;17;16.85;0.89;16.87;16.79;17.06;17;16.92;304475634;0;180003;6037;183602;-48050;;;;;
2025-11-28;F_PETKM1225;PETKM_12/2025_VIS;D_EQ;SSF;D_EQ_FPD;DE_PETKM_FPD;PETKM.E;2025-12-31;17.53;17.39;0.81;17.41;17.32;17.6;17.48;17.46;357501955;0;204750;8337;339792;63168;17.41;19151;0;11;5
2025-11-28;F_PGSUS0126;PGSUS_01/2026_VIS;D_EQ;SSF;D_EQ_FPD;DE_PGSUS_FPD;PGSUS.E;2026-01-30;213.2;215.8;-1.2;215;212.65;216.3;213.6;214.19;21418655;0;1000;234;1678;811;;;;;
2025-11-28;F_PGSUS1125;PGSUS_11/2025_VIS;D_EQ;SSF;D_EQ_FPD;DE_PGSUS_FPD;PGSUS.E;2025-11-28;201;203.2;-1.08;202.55;199.45;204.25;201.3;202.44;1208802015;0;59689;14727;40154;-18855;;;;;
2025-11-28;F_PGSUS1225;PGSUS_12/2025_VIS;D_EQ;SSF;D_EQ_FPD;DE_PGSUS_FPD;PGSUS.E;2025-12-31;207.55;209.65;-1;209.55;207;210.7;207.75;208.99;1188737015;0;56879;15699;88754;30587;;;;;
2025-11-28;F_P_USDTRY0226;FIZ. USDTRY_02/2026_VIS;D_CR;PCF;D_CR_FPD;DE_USDTRYP_FPD;USDTRYP.CX;2026-02-27;46.35;46.35;0;0;0;0;0;0;0;0;0;0;0;0;;;;;
2025-11-28;F_P_USDTRY1125;FIZ. USDTRY_11/2025_VIS;D_CR;PCF;D_CR_FPD;DE_USDTRYP_FPD;USDTRYP.CX;2025-11-28;42.393;43.685;-2.96;0;0;0;0;0;0;0;0;0;0;0;;;;;
2025-11-28;F_P_USDTRY1225;FIZ. USDTRY_12/2025_VIS;D_CR;PCF;D_CR_FPD;DE_USDTRYP_FPD;USDTRYP.CX;2025-12-31;44.333;44.333;0;0;0;0;0;0;0;0;0;0;0;0;;;;;
2025-11-28;F_P_USDTRY1226;FIZ. USDTRY_12/2026_VIS;D_CR;PCF;D_CR_FPD;DE_USDTRYP_FPD;USDTRYP.CX;2026-12-31;58.15;58.15;0;0;0;0;0;0;0;0;0;0;0;0;;;;;
2025-11-28;F_RUBTRY0226;RUBTRY_02/2026_VIS;D_CR;CRF;D_CR_FUT;DE_RUBTRY_FUT;D_RUBTRY;2026-02-27;0.5416;0.5416;0;0;0;0;0;0;0;0;0;0;0;0;;;;;
2025-11-28;F_RUBTRY1125;RUBTRY_11/2025_VIS;D_CR;CRF;D_CR_FUT;DE_RUBTRY_FUT;D_RUBTRY;2025-11-28;0.54169;0.53179;1.86;0;0;0;0;0;0;0;0;0;0;0;;;;;
2025-11-28;F_RUBTRY1225;RUBTRY_12/2025_VIS;D_CR;CRF;D_CR_FUT;DE_RUBTRY_FUT;D_RUBTRY;2025-12-31;0.54053;0.54053;0;0;0;0;0;0;0;0;0;0;0;0;;;;;
2025-11-28;F_RUBTRY1226;RUBTRY_12/2026_VIS;D_CR;CRF;D_CR_FUT;DE_RUBTRY_FUT;D_RUBTRY;2026-12-31;0.59457;0.59457;0;0;0;0;0;0;0;0;0;0;0;0;;;;;
2025-11-28;F_SAHOL0126;SAHOL_01/2026_VIS;D_EQ;SSF;D_EQ_FPD;DE_SAHOL_FPD;SAHOL.E;2026-01-30;87.1;87.17;-0.08;87.02;86.17;87.38;86.51;86.75;11390668;0;1313;212;13674;1031;;;;;
2025-11-28;F_SAHOL1125;SAHOL_11/2025_VIS;D_EQ;SSF;D_EQ_FPD;DE_SAHOL_FPD;SAHOL.E;2025-11-28;81.9;81.85;0.06;82;81.17;82.58;81.91;81.72;1615673540;0;197680;21382;203378;-30627;82;8200;0;1;1
2025-11-28;F_SAHOL1225;SAHOL_12/2025_VIS;D_EQ;SSF;D_EQ_FPD;DE_SAHOL_FPD;SAHOL.E;2025-12-31;84.55;84.6;-0.06;84.4;83.79;85.2;84.7;84.38;1836022430;0;217580;27562;506993;117968;84.4;16880;0;2;2
2025-11-28;F_SASA0126;SASA_01/2026_VIS;D_EQ;SSF;D_EQ_FPD;DE_SASA_FPD;SASA.E;2026-01-30;3.09;3.12;-0.96;3.11;3.07;3.13;3.1;3.1;6749638;0;21795;319;62285;17981;;;;;
2025-11-28;F_SASA1125;SASA_11/2025_VIS;D_EQ;SSF;D_EQ_FPD;DE_SASA_FPD;SASA.E;2025-11-28;2.92;2.93;-0.34;2.93;2.9;2.95;2.91;2.92;627688834;0;2152959;3678;1336672;-566641;2.93;97276;0;332;3
2025-11-28;F_SASA1225;SASA_12/2025_VIS;D_EQ;SSF;D_EQ_FPD;DE_SASA_FPD;SASA.E;2025-12-31;3.01;3.03;-0.66;3.03;2.99;3.04;3.01;3.01;631961109;0;2099775;5736;2638950;692232;3.03;909;0;3;2
2025-11-28;F_SASX100226;SASX 10_02/2026_VIS;D_FR;FIF;D_FR_FUT;DE_SASX10_FUT;D_SASX10;2026-02-27;1485.25;1485.25;0;0;0;0;0;0;0;0;0;0;0;0;;;;;
2025-11-28;F_SASX101225;SASX 10_12/2025_VIS;D_FR;FIF;D_FR_FUT;DE_SASX10_FUT;D_SASX10;2025-12-31;1483.5;1483.5;0;0;0;0;0;0;0;0;0;0;0;0;;;;;
2025-11-28;F_SISE0126;SISE_01/2026_VIS;D_EQ;SSF;D_EQ_FPD;DE_SISE_FPD;SISE.E;2026-01-30;39.46;38.97;1.26;38.91;38.69;39.61;39.47;39.36;4061614;0;1032;178;5735;804;38.91;3891;0;1;1
2025-11-28;F_SISE1125;SISE_11/2025_VIS;D_EQ;SSF;D_EQ_FPD;DE_SISE_FPD;SISE.E;2025-11-28;37.32;36.68;1.74;36.61;36.5;37.39;37.33;36.98;392615043;0;106174;7479;163442;-35072;36.61;40271;0;11;4
2025-11-28;F_SISE1225;SISE_12/2025_VIS;D_EQ;SSF;D_EQ_FPD;DE_SISE_FPD;SISE.E;2025-12-31;38.47;37.82;1.72;37.7;37.59;38.57;38.52;38.2;580555702;0;151960;9067;198030;52087;37.7;26390;0;7;6
2025-11-28;F_SOKM0126;SOKM_01/2026_VIS;D_EQ;SSF;D_EQ_FPD;DE_SOKM_FPD;SOKM.E;2026-01-30;48.93;49.56;-1.27;49.5;48.01;50.58;48.88;49.25;901346;0;183;164;372;24;;;;;
2025-11-28;F_SOKM1125;SOKM_11/2025_VIS;D_EQ;SSF;D_EQ_FPD;DE_SOKM_FPD;SOKM.E;2025-11-28;46;46.53;-1.14;46.65;45.45;47.69;45.98;46.34;231791894;0;50024;9910;14219;-14850;;;;;
2025-11-28;F_SOKM1225;SOKM_12/2025_VIS;D_EQ;SSF;D_EQ_FPD;DE_SOKM_FPD;SOKM.E;2025-12-31;47.32;47.9;-1.21;47.97;46.73;49.14;47.33;47.7;259354441;0;54370;8022;32605;11235;47.97;4797;0;1;1
2025-11-28;F_TAVHL0126;TAVHL_01/2026_VIS;D_EQ;SSF;D_EQ_FPD;DE_TAVHL_FPD;TAVHL.E;2026-01-30;292.5;294.25;-0.59;294.4;291;294.45;293.7;292.92;1376720;0;47;30;71;13;;;;;
2025-11-28;F_TAVHL1125;TAVHL_11/2025_VIS;D_EQ;SSF;D_EQ_FPD;DE_TAVHL_FPD;TAVHL.E;2025-11-28;278;279.8;-0.64;279.95;274.4;280.1;277;276.94;188068390;0;6791;2978;6197;-938;;;;;
2025-11-28;F_TAVHL1225;TAVHL_12/2025_VIS;D_EQ;SSF;D_EQ_FPD;DE_TAVHL_FPD;TAVHL.E;2025-12-31;285.35;288.15;-0.97;288;282.5;288.5;285.1;285.46;194542310;0;6815;3518;51210;1526;;;;;
2025-11-28;F_TCELL0126;TCELL_01/2026_VIS;D_EQ;SSF;D_EQ_FPD;DE_TCELL_FPD;TCELL.E;2026-01-30;97.25;98.26;-1.03;98.44;97.18;99.45;97.2;98.13;205143910;0;20905;718;24768;18948;;;;;
2025-11-28;F_TCELL1125;TCELL_11/2025_VIS;D_EQ;SSF;D_EQ_FPD;DE_TCELL_FPD;TCELL.E;2025-11-28;93.55;94.66;-1.17;94.9;93.27;95.07;93.56;94.07;972665718;0;103402;12067;84224;-37143;94.9;94900;0;10;6
2025-11-28;F_TCELL1225;TCELL_12/2025_VIS;D_EQ;SSF;D_EQ_FPD;DE_TCELL_FPD;TCELL.E;2025-12-31;94.72;95.82;-1.15;95.87;94.45;96;94.7;95.22;871513989;0;91528;13573;180583;41362;;;;;
2025-11-28;F_THYAO0126;THYAO_01/2026_VIS;D_EQ;SSF;D_EQ_FPD;DE_THYAO_FPD;THYAO.E;2026-01-30;289.7;289.95;-0.09;289.55;288.1;292.85;289.45;290.72;26019330;0;895;328;2977;585;289.55;28955;0;1;1
2025-11-28;F_THYAO1125;THYAO_11/2025_VIS;D_EQ;SSF;D_EQ_FPD;DE_THYAO_FPD;THYAO.E;2025-11-28;272.75;273.2;-0.16;273.25;271.7;276.6;272.8;274.65;2117694360;0;77106;15078;52304;-20817;273.25;464525;0;17;7
2025-11-28;F_THYAO1225;THYAO_12/2025_VIS;D_EQ;SSF;D_EQ_FPD;DE_THYAO_FPD;THYAO.E;2025-12-31;281.5;281.9;-0.14;281.5;280.25;285.4;281.3;283.36;2403212060;0;84770;20645;116053;28675;281.5;168900;0;6;2
2025-11-28;F_TKFEN0126;TKFEN_01/2026_VIS;D_EQ;SSF;D_EQ_FPD;DE_TKFEN_FPD;TKFEN.E;2026-01-30;71.09;74.23;-4.23;74.6;70.85;74.6;71.24;71.99;1828494;0;254;136;425;128;;;;;
2025-11-28;F_TKFEN1125;TKFEN_11/2025_VIS;D_EQ;SSF;D_EQ_FPD;DE_TKFEN_FPD;TKFEN.E;2025-11-28;68;69.93;-2.76;69.12;67.1;70.29;67.92;68.47;256528978;0;37465;10666;7926;-14160;;;;;
2025-11-28;F_TKFEN1225;TKFEN_12/2025_VIS;D_EQ;SSF;D_EQ_FPD;DE_TKFEN_FPD;TKFEN.E;2025-12-31;69.61;71.64;-2.83;71.9;68.68;72.04;69.68;70.02;352516012;0;50344;13488;21482;8857;71.9;14380;0;2;2
2025-11-28;F_TLREF1M0126;1-AY TLREF_01/2026_VIS;D_FI;TRF;D_FI_FUT;DE_TLREF1M_FUT;D_TLREF1M;2026-01-30;40;40;0;0;0;0;0;0;0;0;0;0;0;0;;;;;
2025-11-28;F_TLREF1M0226;1-AY TLREF_02/2026_VIS;D_FI;TRF;D_FI_FUT;DE_TLREF1M_FUT;D_TLREF1M;2026-02-27;40;40;0;0;0;0;0;0;0;0;0;0;0;0;;;;;
2025-11-28;F_TLREF1M0326;1-AY TLREF_03/2026_VIS;D_FI;TRF;D_FI_FUT;DE_TLREF1M_FUT;D_TLREF1M;2026-03-31;40;40;0;0;0;0;0;0;0;0;0;0;0;0;;;;;
2025-11-28;F_TLREF1M0426;1-AY TLREF_04/2026_VIS;D_FI;TRF;D_FI_FUT;DE_TLREF1M_FUT;D_TLREF1M;2026-04-30;40.18;40.18;0;0;0;0;0;0;0;0;0;0;0;0;;;;;
2025-11-28;F_TLREF1M0526;1-AY TLREF_05/2026_VIS;D_FI;TRF;D_FI_FUT;DE_TLREF1M_FUT;D_TLREF1M;2026-05-26;39.23;39.23;0;0;0;0;0;0;0;0;0;0;0;0;;;;;
2025-11-28;F_TLREF1M1125;1-AY TLREF_11/2025_VIS;D_FI;TRF;D_FI_FUT;DE_TLREF1M_FUT;D_TLREF1M;2025-11-28;39.91;40;-0.23;0;0;0;0;0;0;0;0;0;0;0;;;;;
2025-11-28;F_TLREF1M1225;1-AY TLREF_12/2025_VIS;D_FI;TRF;D_FI_FUT;DE_TLREF1M_FUT;D_TLREF1M;2025-12-31;40;40;0;0;0;0;0;0;0;0;0;0;0;0;;;;;
2025-11-28;F_TOASO0126;TOASO_01/2026_VIS;D_EQ;SSF;D_EQ_FPD;DE_TOASO_FPD;TOASO.E;2026-01-30;244.2;244.9;-0.29;244;242.8;251.05;243.8;243.88;2560790;0;105;46;201;-17;;;;;
2025-11-28;F_TOASO1125;TOASO_11/2025_VIS;D_EQ;SSF;D_EQ_FPD;DE_TOASO_FPD;TOASO.E;2025-11-28;229.8;230.8;-0.43;230.6;228.2;231.75;229.4;230.49;792296305;0;34375;9985;24340;-8333;;;;;
2025-11-28;F_TOASO1225;TOASO_12/2025_VIS;D_EQ;SSF;D_EQ_FPD;DE_TOASO_FPD;TOASO.E;2025-12-31;237.6;237.95;-0.15;238;236.55;239.2;237.95;237.85;722938990;0;30394;8413;44925;17375;;;;;
2025-11-28;F_TRALT0126;TRALT_01/2026_VIS;D_EQ;SSF;D_EQ_FPD;DE_TRALT_FPD;TRALT.E;2026-01-30;36.91;39.67;-6.96;39.49;36.73;40.01;37.09;38.32;15609832;0;4074;478;3406;1930;;;;;
2025-11-28;F_TRALT1125;TRALT_11/2025_VIS;D_EQ;SSF;D_EQ_FPD;DE_TRALT_FPD;TRALT.E;2025-11-28;34.94;37.7;-7.32;38.19;34.58;38.19;34.9;36.17;1098223180;0;303626;19471;95246;-60922;38.19;221502;0;58;12
2025-11-28;F_TRALT1225;TRALT_12/2025_VIS;D_EQ;SSF;D_EQ_FPD;DE_TRALT_FPD;TRALT.E;2025-12-31;35.91;38.89;-7.66;38.6;35.67;39.26;35.98;37.1;1737275630;0;468246;23025;212450;49564;38.6;7720;0;2;1
2025-11-28;F_TRMET0126;TRMET_01/2026_VIS;D_EQ;SSF;D_EQ_FPD;DE_TRMET_FPD;TRMET.E;2026-01-30;100.6;107;-5.98;108;99.85;108;100.1;103.03;7428600;0;721;135;1066;524;;;;;
2025-11-28;F_TRMET1125;TRMET_11/2025_VIS;D_EQ;SSF;D_EQ_FPD;DE_TRMET_FPD;TRMET.E;2025-11-28;94.6;101.8;-7.07;103.5;94.29;104;94.29;97.68;577939595;0;59164;13376;35178;-8271;103.5;538200;0;52;33
2025-11-28;F_TRMET1225;TRMET_12/2025_VIS;D_EQ;SSF;D_EQ_FPD;DE_TRMET_FPD;TRMET.E;2025-12-31;97.66;104.95;-6.95;107.5;97.18;108.25;97.3;100.22;688102194;0;68641;12241;54733;14319;107.5;172000;0;16;16
2025-11-28;F_TRT020926T17_0326;TRT020926T17_03/2026_VIS;D_BO;BOP;D_BO_FPD;DE_TRT020926T17_FPD;TRT020926T17_KESN_T1;2026-03-31;92.956;92.956;0;0;0;0;0;0;0;0;0;0;0;0;;;;;
2025-11-28;F_TRT020926T17_1225;TRT020926T17_12/2025_VIS;D_BO;BOP;D_BO_FPD;DE_TRT020926T17_FPD;TRT020926T17_KESN_T1;2025-12-31;88.105;88.105;0;0;0;0;0;0;0;0;0;0;0;0;;;;;
2025-11-28;F_TRT131130T14_0326;TRT131130T14_03/2026_VIS;D_BO;BOP;D_BO_FPD;DE_TRT131130T14_FPD;TRT131130T14_KESN_T1;2026-03-31;50.112;50.112;0;0;0;0;0;0;0;0;0;0;0;0;;;;;
2025-11-28;F_TRT131130T14_1225;TRT131130T14_12/2025_VIS;D_BO;BOP;D_BO_FPD;DE_TRT131130T14_FPD;TRT131130T14_KESN_T1;2025-12-31;54.555;54.555;0;0;0;0;0;0;0;0;0;0;0;0;;;;;
2025-11-28;F_TSKB0126;TSKB_01/2026_VIS;D_EQ;SSF;D_EQ_FPD;DE_TSKB_FPD;TSKB.E;2026-01-30;13.62;13.7;-0.58;13.79;13.54;13.79;13.62;13.66;776170;0;568;54;2049;-18;;;;;
2025-11-28;F_TSKB1125;TSKB_11/2025_VIS;D_EQ;SSF;D_EQ_FPD;DE_TSKB_FPD;TSKB.E;2025-11-28;12.86;12.88;-0.16;12.75;12.72;13.03;12.84;12.9;266405390;0;206580;7230;70424;-45634;;;;;
2025-11-28;F_TSKB1225;TSKB_12/2025_VIS;D_EQ;SSF;D_EQ_FPD;DE_TSKB_FPD;TSKB.E;2025-12-31;13.27;13.28;-0.08;13.28;13.17;13.44;13.28;13.3;285028957;0;214320;6193;277840;111656;13.28;11952;0;9;1
2025-11-28;F_TTKOM0126;TTKOM_01/2026_VIS;D_EQ;SSF;D_EQ_FPD;DE_TTKOM_FPD;TTKOM.E;2026-01-30;59.07;59.28;-0.35;59.39;58.81;59.7;58.89;59.24;1937015;0;327;135;1296;172;;;;;
2025-11-28;F_TTKOM1125;TTKOM_11/2025_VIS;D_EQ;SSF;D_EQ_FPD;DE_TTKOM_FPD;TTKOM.E;2025-11-28;55.75;55.89;-0.25;55.9;55.61;56.57;55.74;56.07;490153322;0;87440;13127;47702;-33546;;;;;
2025-11-28;F_TTKOM1225;TTKOM_12/2025_VIS;D_EQ;SSF;D_EQ_FPD;DE_TTKOM_FPD;TTKOM.E;2025-12-31;57.43;57.53;-0.17;57.67;57.21;58.24;57.44;57.77;589099160;0;101904;18041;81380;27452;57.67;46136;0;8;3
2025-11-28;F_TUPRS0126;TUPRS_01/2026_VIS;D_EQ;SSF;D_EQ_FPD;DE_TUPRS_FPD;TUPRS.E;2026-01-30;205.25;203.85;0.69;204.15;202.25;206.9;205.3;205.43;3964870;0;193;101;691;20;;;;;
2025-11-28;F_TUPRS1125;TUPRS_11/2025_VIS;D_EQ;SSF;D_EQ_FPD;DE_TUPRS_FPD;TUPRS.E;2025-11-28;194.8;194.3;0.26;194.3;193.45;196.2;194.4;194.75;697663975;0;35824;6108;59839;-13567;194.3;97150;0;5;1
2025-11-28;F_TUPRS1225;TUPRS_12/2025_VIS;D_EQ;SSF;D_EQ_FPD;DE_TUPRS_FPD;TUPRS.E;2025-12-31;200.35;199.95;0.2;199.7;199.15;201.95;200.2;200.39;841453870;0;41991;6338;81131;6744;199.7;19970;0;1;1
2025-11-28;F_ULKER0126;ULKER_01/2026_VIS;D_EQ;SSF;D_EQ_FPD;DE_ULKER_FPD;ULKER.E;2026-01-30;117.55;118.55;-0.84;118.05;117;118.15;117;117.64;658795;0;56;36;308;8;;;;;
2025-11-28;F_ULKER1125;ULKER_11/2025_VIS;D_EQ;SSF;D_EQ_FPD;DE_ULKER_FPD;ULKER.E;2025-11-28;110.8;111.4;-0.54;111.6;110.45;111.65;111;111.05;161113105;0;14508;3301;14162;-2919;;;;;
2025-11-28;F_ULKER1225;ULKER_12/2025_VIS;D_EQ;SSF;D_EQ_FPD;DE_ULKER_FPD;ULKER.E;2025-12-31;113.95;115.4;-1.26;115.05;113.55;115.15;113.55;114.44;148766565;0;12999;2841;17524;2933;;;;;
2025-11-28;F_USDTRY0126;USDTRY_01/2026_VIS;D_CR;CRF;D_CR_FUT;DE_USDTRY_FUT;D_USDTRY;2026-01-30;44.608;44.713;-0.23;44.657;44.605;44.7;44.607;44.6782;1102031468;0;24666;989;351103;10696;44.657;446570;0;10;1
2025-11-28;F_USDTRY0127;USDTRY_01/2027_VIS;D_CR;CRF;D_CR_FUT;DE_USDTRY_FUT;D_USDTRY;2027-01-29;58.628;58.934;-0.52;58.801;58.6;58.801;58.6;58.6529;7742189;0;132;17;433;108;;;;;
2025-11-28;F_USDTRY0226;USDTRY_02/2026_VIS;D_CR;CRF;D_CR_FUT;DE_USDTRY_FUT;D_USDTRY;2026-02-27;45.634;45.716;-0.18;45.698;45.622;45.731;45.634;45.6904;77765084;0;1702;191;119838;460;;;;;
2025-11-28;F_USDTRY0227;USDTRY_02/2027_VIS;D_CR;CRF;D_CR_FUT;DE_USDTRY_FUT;D_USDTRY;2027-02-26;59.93;60.247;-0.53;60.212;59.93;60.212;59.93;59.9408;44476053;0;742;58;1132;734;;;;;
2025-11-28;F_USDTRY0326;USDTRY_03/2026_VIS;D_CR;CRF;D_CR_FUT;DE_USDTRY_FUT;D_USDTRY;2026-03-31;46.879;46.965;-0.18;46.946;46.81;47.032;46.879;46.9609;235227200;0;5009;334;17762;3096;;;;;
2025-11-28;F_USDTRY0426;USDTRY_04/2026_VIS;D_CR;CRF;D_CR_FUT;DE_USDTRY_FUT;D_USDTRY;2026-04-30;47.963;48.005;-0.09;47.962;47.201;48.038;47.916;48.0003;37488257;0;781;81;7177;62;;;;;
2025-11-28;F_USDTRY0526;USDTRY_05/2026_VIS;D_CR;CRF;D_CR_FUT;DE_USDTRY_FUT;D_USDTRY;2026-05-25;49.005;49.166;-0.33;49.099;48.991;49.244;49;49.1393;15724568;0;320;38;16876;57;;;;;
2025-11-28;F_USDTRY0626;USDTRY_06/2026_VIS;D_CR;CRF;D_CR_FUT;DE_USDTRY_FUT;D_USDTRY;2026-06-30;50.244;50.365;-0.24;50.311;50.2;50.4;50.216;50.3643;171339230;0;3402;159;33305;2982;;;;;
2025-11-28;F_USDTRY0726;USDTRY_07/2026_VIS;D_CR;CRF;D_CR_FUT;DE_USDTRY_FUT;D_USDTRY;2026-07-31;51.346;51.571;-0.44;51.571;51.34;51.571;51.34;51.4293;2417175;0;47;15;3427;28;;;;;
2025-11-28;F_USDTRY0826;USDTRY_08/2026_VIS;D_CR;CRF;D_CR_FUT;DE_USDTRY_FUT;D_USDTRY;2026-08-31;52.709;52.874;-0.31;52.709;52.709;52.709;52.709;52.709;52709;0;1;1;2438;0;;;;;
2025-11-28;F_USDTRY0926;USDTRY_09/2026_VIS;D_CR;CRF;D_CR_FUT;DE_USDTRY_FUT;D_USDTRY;2026-09-30;53.735;53.916;-0.34;53.736;53.73;53.883;53.83;53.7354;15744468;0;293;7;4998;252;;;;;
2025-11-28;F_USDTRY1026;USDTRY_10/2026_VIS;D_CR;CRF;D_CR_FUT;DE_USDTRY_FUT;D_USDTRY;2026-10-30;55.016;55.213;-0.36;55.121;54.981;55.122;55.007;55.0691;7544463;0;137;37;1787;-68;;;;;
2025-11-28;F_USDTRY1125;USDTRY_11/2025_VIS;D_CR;CRF;D_CR_FUT;DE_USDTRY_FUT;D_USDTRY;2025-11-28;42.393;42.423;-0.07;42.435;42.393;42.438;42.398;42.3996;3585282937;0;84559;859;861555;-63393;;;;;
2025-11-28;F_USDTRY1126;USDTRY_11/2026_VIS;D_CR;CRF;D_CR_FUT;DE_USDTRY_FUT;D_USDTRY;2026-11-30;56.141;56.45;-0.55;56.11;56.11;56.287;56.122;56.1712;10391677;0;185;23;983;-96;;;;;
2025-11-28;F_USDTRY1225;USDTRY_12/2025_VIS;D_CR;CRF;D_CR_FUT;DE_USDTRY_FUT;D_USDTRY;2025-12-31;43.541;43.599;-0.13;43.568;43.54;43.61;43.549;43.5813;5637886778;0;129364;2783;2116410;59065;43.568;6665904;0;153;7
2025-11-28;F_USDTRY1226;USDTRY_12/2026_VIS;D_CR;CRF;D_CR_FUT;DE_USDTRY_FUT;D_USDTRY;2026-12-31;57.315;57.632;-0.55;57.57;57.3;57.57;57.315;57.4449;239832591;0;4175;233;26671;1998;;;;;
2025-11-28;F_VAKBN0126;VAKBN_01/2026_VIS;D_EQ;SSF;D_EQ_FPD;DE_VAKBN_FPD;VAKBN.E;2026-01-30;30.46;29.97;1.63;29.56;29.56;30.5;30.4;30.18;1312747;0;435;204;842;58;;;;;
2025-11-28;F_VAKBN1125;VAKBN_11/2025_VIS;D_EQ;SSF;D_EQ_FPD;DE_VAKBN_FPD;VAKBN.E;2025-11-28;28.78;28.38;1.41;28.12;28.12;28.91;28.67;28.57;622868481;0;217976;8813;104144;-46668;28.12;365560;0;130;8
2025-11-28;F_VAKBN1225;VAKBN_12/2025_VIS;D_EQ;SSF;D_EQ_FPD;DE_VAKBN_FPD;VAKBN.E;2025-12-31;29.62;29.27;1.2;29.19;29.13;29.81;29.56;29.47;811272599;0;275257;9567;269225;94912;;;;;
2025-11-28;F_VESTL0126;VESTL_01/2026_VIS;D_EQ;SSF;D_EQ_FPD;DE_VESTL_FPD;VESTL.E;2026-01-30;34.01;34.97;-2.75;35;33.88;35.68;34.06;34.94;1568758;0;449;52;2439;411;;;;;
2025-11-28;F_VESTL1125;VESTL_11/2025_VIS;D_EQ;SSF;D_EQ_FPD;DE_VESTL_FPD;VESTL.E;2025-11-28;32.1;33.17;-3.23;33.36;31.91;33.65;32.1;32.54;204592326;0;62876;14091;20436;-20434;;;;;
2025-11-28;F_VESTL1225;VESTL_12/2025_VIS;D_EQ;SSF;D_EQ_FPD;DE_VESTL_FPD;VESTL.E;2025-12-31;33.12;34.1;-2.87;34.31;32.92;34.63;33.17;33.45;247624805;0;74020;11614;57414;19934;34.31;75482;0;22;7
2025-11-28;F_X10XB0226;BIST BDLKT10_02/2026_VIS;D_IX;INF;D_IX_FUT;DE_BISTBDLIKIT10_FUT;D_X10XBD;2026-02-27;14368;14385;-0.12;14411;14346;14411;14346;14367.67;431030;0;3;2;11;1;;;;;
2025-11-28;F_X10XB0426;BIST BDLKT10_04/2026_VIS;D_IX;INF;D_IX_FUT;DE_BISTBDLIKIT10_FUT;D_X10XBD;2026-04-30;14927;15293;-2.39;16821;16738;16821;16738;16779.5;335590;0;2;2;4;1;;;;;
2025-11-28;F_X10XB1225;BIST BDLKT10_12/2025_VIS;D_IX;INF;D_IX_FUT;DE_BISTBDLIKIT10_FUT;D_X10XBD;2025-12-31;13680;13703;-0.17;13680;13680;13680;13680;13680;547200;0;4;3;95;1;;;;;
2025-11-28;F_XAGUSD0226;ONS GUMUS_02/2026_VIS;D_PM;PMFU;D_PM_FUT;DE_XAGUSD_FUT;D_XAGUSD;2026-02-27;55.73;53.63;3.92;54.39;54.01;55.82;55.72;54.844;415848817.81272;0;17899;2382;37552;3672;54.39;576022.734;0;25;19
2025-11-28;F_XAGUSD0426;ONS GUMUS_04/2026_VIS;D_PM;PMFU;D_PM_FUT;DE_XAGUSD_FUT;D_XAGUSD;2026-04-30;56.04;53.91;3.95;54.71;54.4;56.1;56.08;55.086;24852583.99464;0;1065;343;5062;72;54.71;46352.93808;0;2;2
2025-11-28;F_XAGUSD1225;ONS GUMUS_12/2025_VIS;D_PM;PMFU;D_PM_FUT;DE_XAGUSD_FUT;D_XAGUSD;2025-12-31;55.48;53.37;3.95;54.15;53.72;55.56;55.44;54.648;3889453662.462;0;168010;14596;354761;22763;54.15;3119736.5856;0;136;35
2025-11-28;F_XAUTRYM0226;GR ALTIN_02/2026_VIS;D_PM;PMF;D_PM_FUT;DE_XAUTRY_FUT;D_XAUTRY;2026-02-27;6250.8;6198.4;0.85;6237;6206;6269.9;6248.2;6228.84;49674972.6;0;7975;851;25942;-117;6237;124740;0;20;19
2025-11-28;F_XAUTRYM0426;GR ALTIN_04/2026_VIS;D_PM;PMF;D_PM_FUT;DE_XAUTRY_FUT;D_XAUTRY;2026-04-30;6626.7;6575.5;0.78;6609.7;6580;6631.1;6629.1;6611.05;4667404.1;0;706;101;4285;131;;;;;
2025-11-28;F_XAUTRYM1225;GR ALTIN_12/2025_VIS;D_PM;PMF;D_PM_FUT;DE_XAUTRY_FUT;D_XAUTRY;2025-12-31;5911.7;5862.2;0.84;5889;5864.9;5931.5;5911;5896.49;700833443.6;0;118856;4085;621602;3973;5889;612456;0;104;8
2025-11-28;F_XAUUSD0226;ONS ALTIN_02/2026_VIS;D_PM;PMFU;D_PM_FUT;DE_XAUUSD_FUT;D_XAUUSD;2026-02-27;4258.8;4218.3;0.96;4241.3;4220.1;4274.5;4259.5;4240.74;561220506.5544;0;3124;1267;7599;224;4241.3;179671.64712;0;1;1
2025-11-28;F_XAUUSD0426;ONS ALTIN_04/2026_VIS;D_PM;PMFU;D_PM_FUT;DE_XAUUSD_FUT;D_XAUUSD;2026-04-30;4298.4;4251.4;1.11;4289.2;4260.4;4301.2;4300.2;4276.65;25182540.492;0;139;70;722;29;;;;;
2025-11-28;F_XAUUSD1225;ONS ALTIN_12/2025_VIS;D_PM;PMFU;D_PM_FUT;DE_XAUUSD_FUT;D_XAUUSD;2025-12-31;4223.4;4182.3;0.98;4207.3;4185.1;4236;4223;4210.8;8121807399.4296;0;45531;9050;241761;16127;4207.3;10515648.20568;0;59;18
2025-11-28;F_XCUUSD0226;TON BAKIR_02/2026_VIS;D_MT;MTF;D_MT_FUT;DE_XCUUSD_FUT;D_XCUUSD;2026-02-27;11244;11244;0;0;0;0;0;0;0;0;0;0;47;0;;;;;
2025-11-28;F_XCUUSD0426;TON BAKIR_04/2026_VIS;D_MT;MTF;D_MT_FUT;DE_XCUUSD_FUT;D_XCUUSD;2026-04-30;11340;11340;0;0;0;0;0;0;0;0;0;0;3;0;;;;;
2025-11-28;F_XCUUSD1225;TON BAKIR_12/2025_VIS;D_MT;MTF;D_MT_FUT;DE_XCUUSD_FUT;D_XCUUSD;2025-12-31;11084;11084;0;0;0;0;0;0;0;0;0;0;26;0;;;;;
2025-11-28;F_XLBNK0226;BIST L.BANKA_02/2026_VIS;D_IX;INF;D_IX_FUT;DE_BISTLBANKA_FUT;D_XLBNKD;2026-02-27;15349;15268;0.53;15285;15271;15429;15377;15309.08;5970540;0;39;16;294;27;;;;;
2025-11-28;F_XLBNK0426;BIST L.BANKA_04/2026_VIS;D_IX;INF;D_IX_FUT;DE_BISTLBANKA_FUT;D_XLBNKD;2026-04-30;16090;16025;0.41;15800;15800;16309;16252;16090;643600;0;4;4;67;1;;;;;
2025-11-28;F_XLBNK1225;BIST L.BANKA_12/2025_VIS;D_IX;INF;D_IX_FUT;DE_BISTLBANKA_FUT;D_XLBNKD;2025-12-31;14660;14505;1.07;14509;14445;14694;14678;14560.16;383660240;0;2635;1102;11327;362;;;;;
2025-11-28;F_XPDUSD0226;ONS PALADYUM_02/2026_VIS;D_PM;PMFU;D_PM_FUT;DE_XPDUSD_FUT;D_XPDUSD;2026-02-27;1492;1485.8;0.42;1503.8;1477.1;1524.2;1484.9;1506.72;1914848.25984;0;30;21;180;20;;;;;
2025-11-28;F_XPDUSD0426;ONS PALADYUM_04/2026_VIS;D_PM;PMFU;D_PM_FUT;DE_XPDUSD_FUT;D_XPDUSD;2026-04-30;1520.1;1514;0.4;1500;1500;1539.8;1539.8;1512.67;1217529.26592;0;19;14;54;-7;;;;;
2025-11-28;F_XPDUSD1225;ONS PALADYUM_12/2025_VIS;D_PM;PMFU;D_PM_FUT;DE_XPDUSD_FUT;D_XPDUSD;2025-12-31;1472.8;1447.6;1.74;1475.6;1449.1;1483.5;1483.5;1472.3;17089479.3276;0;274;111;1774;48;;;;;
2025-11-28;F_XPTUSD0226;ONS PLATIN_02/2026_VIS;D_PM;PMFU;D_PM_FUT;DE_XPTUSD_FUT;D_XPTUSD;2026-02-27;1680.4;1644.3;2.2;1627.4;1627.4;1685.7;1682;1675.9;8732398.74144;0;123;61;886;46;;;;;
2025-11-28;F_XPTUSD0426;ONS PLATIN_04/2026_VIS;D_PM;PMFU;D_PM_FUT;DE_XPTUSD_FUT;D_XPTUSD;2026-04-30;1686.7;1659.8;1.62;1685.4;1681.5;1694.9;1694;1689.12;4221756.29544;0;59;21;346;31;;;;;
2025-11-28;F_XPTUSD1225;ONS PLATIN_12/2025_VIS;D_PM;PMFU;D_PM_FUT;DE_XPTUSD_FUT;D_XPTUSD;2025-12-31;1660.3;1608.9;3.19;1644;1632.9;1664.9;1664;1652.81;21355224.7392;0;305;172;1609;23;;;;;
2025-11-28;F_XSD250226;BIST XSD25_02/2026_VIS;D_IX;INF;D_IX_FUT;DE_BISTSUR25_FUT;D_XSD25D;2026-02-27;14959;14959;0;0;0;0;0;0;0;0;0;0;0;0;;;;;
2025-11-28;F_XSD250426;BIST XSD25_04/2026_VIS;D_IX;INF;D_IX_FUT;DE_BISTSUR25_FUT;D_XSD25D;2026-04-30;15660;15660;0;0;0;0;0;0;0;0;0;0;0;0;;;;;
2025-11-28;F_XSD251225;BIST XSD25_12/2025_VIS;D_IX;INF;D_IX_FUT;DE_BISTSUR25_FUT;D_XSD25D;2025-12-31;14419;14419;0;0;0;0;0;0;0;0;0;0;1;0;;;;;
2025-11-28;F_XU0300226;BIST 30_02/2026_VIS;D_IX;INF;D_IX_FUT;DE_BIST30_FUT;D_XU030D;2026-02-27;12832;12876;-0.34;12873;12800;12880;12833;12835.52;184961580;0;1441;740;4444;232;;;;;
2025-11-28;F_XU0300426;BIST 30_04/2026_VIS;D_IX;INF;D_IX_FUT;DE_BIST30_FUT;D_XU030D;2026-04-30;13366;13393;-0.2;13302;13302;13380;13350;13359.13;5343650;0;40;31;275;3;;;;;
2025-11-28;F_XU0301225;BIST 30_12/2025_VIS;D_IX;INF;D_IX_FUT;DE_BIST30_FUT;D_XU030D;2025-12-31;12232;12265;-0.27;12263;12186;12284;12233;12235.99;13591736610;0;111080;43291;535287;864;12263;1103670;0;9;9
2025-11-28;F_YKBNK0126;YKBNK_01/2026_VIS;D_EQ;SSF;D_EQ_FPD;DE_YKBNK_FPD;YKBNK.E;2026-01-30;37.32;37.21;0.3;37.01;36.91;37.56;37.56;37.21;15544252;0;4178;327;3754;1347;;;;;
2025-11-28;F_YKBNK1125;YKBNK_11/2025_VIS;D_EQ;SSF;D_EQ_FPD;DE_YKBNK_FPD;YKBNK.E;2025-11-28;35.3;35.03;0.77;35.08;34.84;35.45;35.32;35.1;1547226248;0;440863;13533;366306;-181813;35.08;14032;0;4;1
2025-11-28;F_YKBNK1225;YKBNK_12/2025_VIS;D_EQ;SSF;D_EQ_FPD;DE_YKBNK_FPD;YKBNK.E;2025-12-31;36.42;36.14;0.77;36.18;35.93;36.54;36.44;36.23;2536810315;0;700141;18517;1095439;225920;;;;;
2025-11-28;O_AKBNKE0126C60.00;AKBNK_01/2026_AVRUPA_OPSIYON;D_EQ;SSO;D_EQ_ECP;DE_AKBNK_ECP;AKBNK.E;2026-01-30;10.57;9.82;7.64;0;0;0;0;0;0;0;0;0;0;0;;;;;
2025-11-28;O_AKBNKE0126C62.00;AKBNK_01/2026_AVRUPA_OPSIYON;D_EQ;SSO;D_EQ_ECP;DE_AKBNK_ECP;AKBNK.E;2026-01-30;9.13;8.43;8.3;7.28;7.28;7.28;7.28;7.28;545600;64064;88;1;88;88;;;;;
2025-11-28;O_AKBNKE0126C64.00;AKBNK_01/2026_AVRUPA_OPSIYON;D_EQ;SSO;D_EQ_ECP;DE_AKBNK_ECP;AKBNK.E;2026-01-30;7.79;7.14;9.1;0;0;0;0;0;0;0;0;0;0;0;;;;;
2025-11-28;O_AKBNKE0126C66.00;AKBNK_01/2026_AVRUPA_OPSIYON;D_EQ;SSO;D_EQ_ECP;DE_AKBNK_ECP;AKBNK.E;2026-01-30;6.56;5.99;9.52;0;0;0;0;0;0;0;0;0;0;0;;;;;
2025-11-28;O_AKBNKE0126C68.00;AKBNK_01/2026_AVRUPA_OPSIYON;D_EQ;SSO;D_EQ_ECP;DE_AKBNK_ECP;AKBNK.E;2026-01-30;5.49;4.99;10.02;0;0;0;0;0;0;0;0;0;0;0;;;;;
2025-11-28;O_AKBNKE0126C70.00;AKBNK_01/2026_AVRUPA_OPSIYON;D_EQ;SSO;D_EQ_ECP;DE_AKBNK_ECP;AKBNK.E;2026-01-30;4.57;4.14;10.39;3.2;3.2;3.2;3.2;3.2;616000;28160;88;2;88;88;;;;;
2025-11-28;O_AKBNKE0126C72.00;AKBNK_01/2026_AVRUPA_OPSIYON;D_EQ;SSO;D_EQ_ECP;DE_AKBNK_ECP;AKBNK.E;2026-01-30;3.78;3.42;10.53;2.5;2.5;2.5;2.5;2.5;633600;22000;88;2;88;88;;;;;
2025-11-28;O_AKBNKE0126C74.00;AKBNK_01/2026_AVRUPA_OPSIYON;D_EQ;SSO;D_EQ_ECP;DE_AKBNK_ECP;AKBNK.E;2026-01-30;3.15;2.86;10.14;1.94;1.94;1.94;1.94;1.94;370000;9700;50;1;50;50;;;;;
2025-11-28;O_AKBNKE0126C76.00;AKBNK_01/2026_AVRUPA_OPSIYON;D_EQ;SSO;D_EQ_ECP;DE_AKBNK_ECP;AKBNK.E;2026-01-30;2.63;2.4;9.58;1.52;1.52;1.52;1.52;1.52;380000;7600;50;1;50;50;;;;;
2025-11-28;O_AKBNKE0126C78.00;AKBNK_01/2026_AVRUPA_OPSIYON;D_EQ;SSO;D_EQ_ECP;DE_AKBNK_ECP;AKBNK.E;2026-01-30;2.2;2;10;1.16;1.16;1.16;1.16;1.16;390000;5800;50;1;50;50;;;;;
2025-11-28;O_AKBNKE0126C80.00;AKBNK_01/2026_AVRUPA_OPSIYON;D_EQ;SSO;D_EQ_ECP;DE_AKBNK_ECP;AKBNK.E;2026-01-30;1.85;1.68;10.12;0;0;0;0;0;0;0;0;0;0;0;;;;;
2025-11-28;O_AKBNKE0126P50.00;AKBNK_01/2026_AVRUPA_OPSIYON;D_EQ;SSO;D_EQ_EPP;DE_AKBNK_EPP;AKBNK.E;2026-01-30;0.21;0.25;-16;0;0;0;0;0;0;0;0;0;0;0;;;;;
2025-11-28;O_AKBNKE0126P52.00;AKBNK_01/2026_AVRUPA_OPSIYON;D_EQ;SSO;D_EQ_EPP;DE_AKBNK_EPP;AKBNK.E;2026-01-30;0.32;0.37;-13.51;0;0;0;0;0;0;0;0;0;0;0;;;;;
2025-11-28;O_AKBNKE0126P54.00;AKBNK_01/2026_AVRUPA_OPSIYON;D_EQ;SSO;D_EQ_EPP;DE_AKBNK_EPP;AKBNK.E;2026-01-30;0.46;0.54;-14.81;0;0;0;0;0;0;0;0;0;58200;0;;;;;
2025-11-28;O_AKBNKE0126P56.00;AKBNK_01/2026_AVRUPA_OPSIYON;D_EQ;SSO;D_EQ_EPP;DE_AKBNK_EPP;AKBNK.E;2026-01-30;0.66;0.76;-13.16;0;0;0;0;0;0;0;0;0;0;0;;;;;
2025-11-28;O_AKBNKE0126P58.00;AKBNK_01/2026_AVRUPA_OPSIYON;D_EQ;SSO;D_EQ_EPP;DE_AKBNK_EPP;AKBNK.E;2026-01-30;0.91;1.05;-13.33;0;0;0;0;0;0;0;0;0;0;0;;;;;
2025-11-28;O_AKBNKE0126P60.00;AKBNK_01/2026_AVRUPA_OPSIYON;D_EQ;SSO;D_EQ_EPP;DE_AKBNK_EPP;AKBNK.E;2026-01-30;1.24;1.42;-12.68;0;0;0;0;0;0;0;0;0;0;0;;;;;
2025-11-28;O_AKBNKE0126P62.00;AKBNK_01/2026_AVRUPA_OPSIYON;D_EQ;SSO;D_EQ_EPP;DE_AKBNK_EPP;AKBNK.E;2026-01-30;1.65;1.87;-11.76;0;0;0;0;0;0;0;0;0;0;0;;;;;
2025-11-28;O_AKBNKE0126P64.00;AKBNK_01/2026_AVRUPA_OPSIYON;D_EQ;SSO;D_EQ_EPP;DE_AKBNK_EPP;AKBNK.E;2026-01-30;2.15;2.43;-11.52;0;0;0;0;0;0;0;0;0;0;0;;;;;
2025-11-28;O_AKBNKE0126P66.00;AKBNK_01/2026_AVRUPA_OPSIYON;D_EQ;SSO;D_EQ_EPP;DE_AKBNK_EPP;AKBNK.E;2026-01-30;2.77;3.13;-11.5;0;0;0;0;0;0;0;0;0;0;0;;;;;
2025-11-28;O_AKBNKE0126P68.00;AKBNK_01/2026_AVRUPA_OPSIYON;D_EQ;SSO;D_EQ_EPP;DE_AKBNK_EPP;AKBNK.E;2026-01-30;3.55;3.97;-10.58;0;0;0;0;0;0;0;0;0;0;0;;;;;
2025-11-28;O_AKBNKE0126P70.00;AKBNK_01/2026_AVRUPA_OPSIYON;D_EQ;SSO;D_EQ_EPP;DE_AKBNK_EPP;AKBNK.E;2026-01-30;4.47;4.97;-10.06;5.14;5.14;5.14;5.14;5.14;616000;45232;88;2;88;88;;;;;
2025-11-28;O_AKBNKE1125C54.00;AKBNK_11/2025_AVRUPA_OPSIYON;D_EQ;SSO;D_EQ_ECP;DE_AKBNK_ECP;AKBNK.E;2025-11-28;10.75;9.81;9.58;0;0;0;0;0;0;0;0;0;1402;0;;;;;
2025-11-28;O_AKBNKE1125C56.00;AKBNK_11/2025_AVRUPA_OPSIYON;D_EQ;SSO;D_EQ_ECP;DE_AKBNK_ECP;AKBNK.E;2025-11-28;8.75;7.81;12.04;0;0;0;0;0;0;0;0;0;196;0;;;;;
2025-11-28;O_AKBNKE1125C58.00;AKBNK_11/2025_AVRUPA_OPSIYON;D_EQ;SSO;D_EQ_ECP;DE_AKBNK_ECP;AKBNK.E;2025-11-28;6.75;5.81;16.18;0;0;0;0;0;0;0;0;0;1169;0;;;;;
2025-11-28;O_AKBNKE1125C60.00;AKBNK_11/2025_AVRUPA_OPSIYON;D_EQ;SSO;D_EQ_ECP;DE_AKBNK_ECP;AKBNK.E;2025-11-28;4.75;3.81;24.67;4;3.9;4.2;4.2;4.05;900000;60750;150;6;3508;-150;;;;;
2025-11-28;O_AKBNKE1125C62.00;AKBNK_11/2025_AVRUPA_OPSIYON;D_EQ;SSO;D_EQ_ECP;DE_AKBNK_ECP;AKBNK.E;2025-11-28;2.75;1.88;46.28;0;0;0;0;0;0;0;0;0;264;0;;;;;
2025-11-28;O_AKBNKE1125C64.00;AKBNK_11/2025_AVRUPA_OPSIYON;D_EQ;SSO;D_EQ_ECP;DE_AKBNK_ECP;AKBNK.E;2025-11-28;0.75;0.48;56.25;0.41;0.2;0.42;0.21;0.29;3155200;14353;493;5;857;0;;;;;
2025-11-28;O_AKBNKE1125C66.00;AKBNK_11/2025_AVRUPA_OPSIYON;D_EQ;SSO;D_EQ_ECP;DE_AKBNK_ECP;AKBNK.E;2025-11-28;0;0.04;0;0;0;0;0;0;0;0;0;0;1145;0;;;;;
2025-11-28;O_AKBNKE1125C68.00;AKBNK_11/2025_AVRUPA_OPSIYON;D_EQ;SSO;D_EQ_ECP;DE_AKBNK_ECP;AKBNK.E;2025-11-28;0;0.01;0;0;0;0;0;0;0;0;0;0;6320;0;;;;;
2025-11-28;O_AKBNKE1125C70.00;AKBNK_11/2025_AVRUPA_OPSIYON;D_EQ;SSO;D_EQ_ECP;DE_AKBNK_ECP;AKBNK.E;2025-11-28;0;0.01;0;0;0;0;0;0;0;0;0;0;950;0;;;;;
2025-11-28;O_AKBNKE1125C72.00;AKBNK_11/2025_AVRUPA_OPSIYON;D_EQ;SSO;D_EQ_ECP;DE_AKBNK_ECP;AKBNK.E;2025-11-28;0;0.01;0;0;0;0;0;0;0;0;0;0;0;0;;;;;
2025-11-28;O_AKBNKE1125C74.00;AKBNK_11/2025_AVRUPA_OPSIYON;D_EQ;SSO;D_EQ_ECP;DE_AKBNK_ECP;AKBNK.E;2025-11-28;0;0.01;0;0;0;0;0;0;0;0;0;0;0;0;;;;;
2025-11-28;O_AKBNKE1125C76.00;AKBNK_11/2025_AVRUPA_OPSIYON;D_EQ;SSO;D_EQ_ECP;DE_AKBNK_ECP;AKBNK.E;2025-11-28;0;0.01;0;0;0;0;0;0;0;0;0;0;200;0;;;;;
2025-11-28;O_AKBNKE1125C78.00;AKBNK_11/2025_AVRUPA_OPSIYON;D_EQ;SSO;D_EQ_ECP;DE_AKBNK_ECP;AKBNK.E;2025-11-28;0;0.01;0;0;0;0;0;0;0;0;0;0;1;0;;;;;
2025-11-28;O_AKBNKE1125C80.00;AKBNK_11/2025_AVRUPA_OPSIYON;D_EQ;SSO;D_EQ_ECP;DE_AKBNK_ECP;AKBNK.E;2025-11-28;0;0.01;0;0;0;0;0;0;0;0;0;0;23;0;;;;;
2025-11-28;O_AKBNKE1125C82.00;AKBNK_11/2025_AVRUPA_OPSIYON;D_EQ;SSO;D_EQ_ECP;DE_AKBNK_ECP;AKBNK.E;2025-11-28;0;0.01;0;0;0;0;0;0;0;0;0;0;0;0;;;;;
2025-11-28;O_AKBNKE1125C84.00;AKBNK_11/2025_AVRUPA_OPSIYON;D_EQ;SSO;D_EQ_ECP;DE_AKBNK_ECP;AKBNK.E;2025-11-28;0;0.01;0;0;0;0;0;0;0;0;0;0;200;0;;;;;
2025-11-28;O_AKBNKE1125C86.00;AKBNK_11/2025_AVRUPA_OPSIYON;D_EQ;SSO;D_EQ_ECP;DE_AKBNK_ECP;AKBNK.E;2025-11-28;0;0.01;0;0;0;0;0;0;0;0;0;0;20;0;;;;;
2025-11-28;O_AKBNKE1125C88.00;AKBNK_11/2025_AVRUPA_OPSIYON;D_EQ;SSO;D_EQ_ECP;DE_AKBNK_ECP;AKBNK.E;2025-11-28;0;0.01;0;0;0;0;0;0;0;0;0;0;0;0;;;;;
2025-11-28;O_AKBNKE1125P47.00;AKBNK_11/2025_AVRUPA_OPSIYON;D_EQ;SSO;D_EQ_EPP;DE_AKBNK_EPP;AKBNK.E;2025-11-28;0;0.01;0;0;0;0;0;0;0;0;0;0;220;0;;;;;
2025-11-28;O_AKBNKE1125P48.00;AKBNK_11/2025_AVRUPA_OPSIYON;D_EQ;SSO;D_EQ_EPP;DE_AKBNK_EPP;AKBNK.E;2025-11-28;0;0.01;0;0;0;0;0;0;0;0;0;0;115;0;;;;;
2025-11-28;O_AKBNKE1125P49.00;AKBNK_11/2025_AVRUPA_OPSIYON;D_EQ;SSO;D_EQ_EPP;DE_AKBNK_EPP;AKBNK.E;2025-11-28;0;0.01;0;0;0;0;0;0;0;0;0;0;446;0;;;;;
2025-11-28;O_AKBNKE1125P50.00;AKBNK_11/2025_AVRUPA_OPSIYON;D_EQ;SSO;D_EQ_EPP;DE_AKBNK_EPP;AKBNK.E;2025-11-28;0;0.01;0;0;0;0;0;0;0;0;0;0;4081;0;;;;;
2025-11-28;O_AKBNKE1125P52.00;AKBNK_11/2025_AVRUPA_OPSIYON;D_EQ;SSO;D_EQ_EPP;DE_AKBNK_EPP;AKBNK.E;2025-11-28;0;0.01;0;0;0;0;0;0;0;0;0;0;5633;0;;;;;
2025-11-28;O_AKBNKE1125P54.00;AKBNK_11/2025_AVRUPA_OPSIYON;D_EQ;SSO;D_EQ_EPP;DE_AKBNK_EPP;AKBNK.E;2025-11-28;0;0.01;0;0;0;0;0;0;0;0;0;0;13883;0;;;;;
2025-11-28;O_AKBNKE1125P56.00;AKBNK_11/2025_AVRUPA_OPSIYON;D_EQ;SSO;D_EQ_EPP;DE_AKBNK_EPP;AKBNK.E;2025-11-28;0;0.01;0;0;0;0;0;0;0;0;0;0;1786;0;;;;;
2025-11-28;O_AKBNKE1125P58.00;AKBNK_11/2025_AVRUPA_OPSIYON;D_EQ;SSO;D_EQ_EPP;DE_AKBNK_EPP;AKBNK.E;2025-11-28;0;0.01;0;0;0;0;0;0;0;0;0;0;2525;0;;;;;
2025-11-28;O_AKBNKE1125P60.00;AKBNK_11/2025_AVRUPA_OPSIYON;D_EQ;SSO;D_EQ_EPP;DE_AKBNK_EPP;AKBNK.E;2025-11-28;0;0.01;0;0;0;0;0;0;0;0;0;0;5329;0;;;;;
2025-11-28;O_AKBNKE1125P62.00;AKBNK_11/2025_AVRUPA_OPSIYON;D_EQ;SSO;D_EQ_EPP;DE_AKBNK_EPP;AKBNK.E;2025-11-28;0;0.06;0;0;0;0;0;0;0;0;0;0;4246;0;;;;;
2025-11-28;O_AKBNKE1125P64.00;AKBNK_11/2025_AVRUPA_OPSIYON;D_EQ;SSO;D_EQ_EPP;DE_AKBNK_EPP;AKBNK.E;2025-11-28;0;0.66;0;0;0;0;0;0;0;0;0;0;186;0;;;;;
2025-11-28;O_AKBNKE1125P66.00;AKBNK_11/2025_AVRUPA_OPSIYON;D_EQ;SSO;D_EQ_EPP;DE_AKBNK_EPP;AKBNK.E;2025-11-28;1.25;2.22;-43.69;0;0;0;0;0;0;0;0;0;186;0;;;;;
2025-11-28;O_AKBNKE1125P68.00;AKBNK_11/2025_AVRUPA_OPSIYON;D_EQ;SSO;D_EQ_EPP;DE_AKBNK_EPP;AKBNK.E;2025-11-28;3.25;4.18;-22.25;0;0;0;0;0;0;0;0;0;60;0;;;;;
2025-11-28;O_AKBNKE1125P70.00;AKBNK_11/2025_AVRUPA_OPSIYON;D_EQ;SSO;D_EQ_EPP;DE_AKBNK_EPP;AKBNK.E;2025-11-28;5.25;6.18;-15.05;0;0;0;0;0;0;0;0;0;0;0;;;;;
2025-11-28;O_AKBNKE1125P72.00;AKBNK_11/2025_AVRUPA_OPSIYON;D_EQ;SSO;D_EQ_EPP;DE_AKBNK_EPP;AKBNK.E;2025-11-28;7.25;8.18;-11.37;0;0;0;0;0;0;0;0;0;10;0;;;;;
2025-11-28;O_AKBNKE1125P74.00;AKBNK_11/2025_AVRUPA_OPSIYON;D_EQ;SSO;D_EQ_EPP;DE_AKBNK_EPP;AKBNK.E;2025-11-28;9.25;10.17;-9.05;0;0;0;0;0;0;0;0;0;50;0;;;;;
2025-11-28;O_AKBNKE1125P76.00;AKBNK_11/2025_AVRUPA_OPSIYON;D_EQ;SSO;D_EQ_EPP;DE_AKBNK_EPP;AKBNK.E;2025-11-28;11.25;12.17;-7.56;0;0;0;0;0;0;0;0;0;115;0;;;;;
2025-11-28;O_AKBNKE1125P78.00;AKBNK_11/2025_AVRUPA_OPSIYON;D_EQ;SSO;D_EQ_EPP;DE_AKBNK_EPP;AKBNK.E;2025-11-28;13.25;14.17;-6.49;0;0;0;0;0;0;0;0;0;150;0;;;;;
2025-11-28;O_AKBNKE1225C56.00;AKBNK_12/2025_AVRUPA_OPSIYON;D_EQ;SSO;D_EQ_ECP;DE_AKBNK_ECP;AKBNK.E;2025-12-31;11;10.16;8.27;0;0;0;0;0;0;0;0;0;123;0;;;;;
2025-11-28;O_AKBNKE1225C58.00;AKBNK_12/2025_AVRUPA_OPSIYON;D_EQ;SSO;D_EQ_ECP;DE_AKBNK_ECP;AKBNK.E;2025-12-31;9.29;8.5;9.29;0;0;0;0;0;0;0;0;0;148;0;;;;;
2025-11-28;O_AKBNKE1225C60.00;AKBNK_12/2025_AVRUPA_OPSIYON;D_EQ;SSO;D_EQ_ECP;DE_AKBNK_ECP;AKBNK.E;2025-12-31;7.68;6.95;10.5;0;0;0;0;0;0;0;0;0;173;0;;;;;
2025-11-28;O_AKBNKE1225C62.00;AKBNK_12/2025_AVRUPA_OPSIYON;D_EQ;SSO;D_EQ_ECP;DE_AKBNK_ECP;AKBNK.E;2025-12-31;6.2;5.54;11.91;0;0;0;0;0;0;0;0;0;296;0;;;;;
2025-11-28;O_AKBNKE1225C64.00;AKBNK_12/2025_AVRUPA_OPSIYON;D_EQ;SSO;D_EQ_ECP;DE_AKBNK_ECP;AKBNK.E;2025-12-31;4.88;4.32;12.96;4.2;4.2;4.2;4.2;4.2;499200;32760;78;1;228;78;;;;;
2025-11-28;O_AKBNKE1225C66.00;AKBNK_12/2025_AVRUPA_OPSIYON;D_EQ;SSO;D_EQ_ECP;DE_AKBNK_ECP;AKBNK.E;2025-12-31;3.76;3.3;13.94;0;0;0;0;0;0;0;0;0;0;0;;;;;
2025-11-28;O_AKBNKE1225C68.00;AKBNK_12/2025_AVRUPA_OPSIYON;D_EQ;SSO;D_EQ_ECP;DE_AKBNK_ECP;AKBNK.E;2025-12-31;2.85;2.48;14.92;2;1.98;2;1.98;1.99;4352000;127488;640;5;640;640;;;;;
2025-11-28;O_AKBNKE1225C70.00;AKBNK_12/2025_AVRUPA_OPSIYON;D_EQ;SSO;D_EQ_ECP;DE_AKBNK_ECP;AKBNK.E;2025-12-31;2.11;1.84;14.67;1.3;1.3;1.3;1.3;1.3;896000;16640;128;1;549;128;;;;;
2025-11-28;O_AKBNKE1225C72.00;AKBNK_12/2025_AVRUPA_OPSIYON;D_EQ;SSO;D_EQ_ECP;DE_AKBNK_ECP;AKBNK.E;2025-12-31;1.58;1.38;14.49;0.7;0.7;0.74;0.74;0.72;15120000;151400;2100;16;3992;2100;;;;;
2025-11-28;O_AKBNKE1225C74.00;AKBNK_12/2025_AVRUPA_OPSIYON;D_EQ;SSO;D_EQ_ECP;DE_AKBNK_ECP;AKBNK.E;2025-12-31;1.17;1.02;14.71;0.56;0.54;0.56;0.54;0.54;15229200;111720;2058;22;2158;1764;;;;;
2025-11-28;O_AKBNKE1225C76.00;AKBNK_12/2025_AVRUPA_OPSIYON;D_EQ;SSO;D_EQ_ECP;DE_AKBNK_ECP;AKBNK.E;2025-12-31;0.87;0.76;14.47;0.38;0.38;0.38;0.38;0.38;3724000;18620;490;5;1078;490;;;;;
2025-11-28;O_AKBNKE1225C78.00;AKBNK_12/2025_AVRUPA_OPSIYON;D_EQ;SSO;D_EQ_ECP;DE_AKBNK_ECP;AKBNK.E;2025-12-31;0.64;0.56;14.29;0;0;0;0;0;0;0;0;0;1130;0;;;;;
2025-11-28;O_AKBNKE1225C80.00;AKBNK_12/2025_AVRUPA_OPSIYON;D_EQ;SSO;D_EQ_ECP;DE_AKBNK_ECP;AKBNK.E;2025-12-31;0.47;0.42;11.9;0;0;0;0;0;0;0;0;0;747;0;;;;;
2025-11-28;O_AKBNKE1225C82.00;AKBNK_12/2025_AVRUPA_OPSIYON;D_EQ;SSO;D_EQ_ECP;DE_AKBNK_ECP;AKBNK.E;2025-12-31;0.35;0.31;12.9;0;0;0;0;0;0;0;0;0;0;0;;;;;
2025-11-28;O_AKBNKE1225P48.00;AKBNK_12/2025_AVRUPA_OPSIYON;D_EQ;SSO;D_EQ_EPP;DE_AKBNK_EPP;AKBNK.E;2025-12-31;0.03;0.04;-25;0;0;0;0;0;0;0;0;0;0;0;;;;;
2025-11-28;O_AKBNKE1225P49.00;AKBNK_12/2025_AVRUPA_OPSIYON;D_EQ;SSO;D_EQ_EPP;DE_AKBNK_EPP;AKBNK.E;2025-12-31;0.04;0.06;-33.33;0;0;0;0;0;0;0;0;0;200;0;;;;;
2025-11-28;O_AKBNKE1225P50.00;AKBNK_12/2025_AVRUPA_OPSIYON;D_EQ;SSO;D_EQ_EPP;DE_AKBNK_EPP;AKBNK.E;2025-12-31;0.06;0.09;-33.33;0;0;0;0;0;0;0;0;0;4000;0;;;;;
2025-11-28;O_AKBNKE1225P52.00;AKBNK_12/2025_AVRUPA_OPSIYON;D_EQ;SSO;D_EQ_EPP;DE_AKBNK_EPP;AKBNK.E;2025-12-31;0.12;0.16;-25;0;0;0;0;0;0;0;0;0;0;0;;;;;
2025-11-28;O_AKBNKE1225P54.00;AKBNK_12/2025_AVRUPA_OPSIYON;D_EQ;SSO;D_EQ_EPP;DE_AKBNK_EPP;AKBNK.E;2025-12-31;0.21;0.27;-22.22;0;0;0;0;0;0;0;0;0;20005;0;;;;;
2025-11-28;O_AKBNKE1225P56.00;AKBNK_12/2025_AVRUPA_OPSIYON;D_EQ;SSO;D_EQ_EPP;DE_AKBNK_EPP;AKBNK.E;2025-12-31;0.36;0.46;-21.74;0;0;0;0;0;0;0;0;0;345;0;;;;;
2025-11-28;O_AKBNKE1225P58.00;AKBNK_12/2025_AVRUPA_OPSIYON;D_EQ;SSO;D_EQ_EPP;DE_AKBNK_EPP;AKBNK.E;2025-12-31;0.58;0.73;-20.55;0;0;0;0;0;0;0;0;0;6662;0;;;;;
2025-11-28;O_AKBNKE1225P60.00;AKBNK_12/2025_AVRUPA_OPSIYON;D_EQ;SSO;D_EQ_EPP;DE_AKBNK_EPP;AKBNK.E;2025-12-31;0.91;1.11;-18.02;0;0;0;0;0;0;0;0;0;1178;0;;;;;
2025-11-28;O_AKBNKE1225P62.00;AKBNK_12/2025_AVRUPA_OPSIYON;D_EQ;SSO;D_EQ_EPP;DE_AKBNK_EPP;AKBNK.E;2025-12-31;1.36;1.64;-17.07;0;0;0;0;0;0;0;0;0;1372;0;;;;;
2025-11-28;O_AKBNKE1225P64.00;AKBNK_12/2025_AVRUPA_OPSIYON;D_EQ;SSO;D_EQ_EPP;DE_AKBNK_EPP;AKBNK.E;2025-12-31;1.97;2.35;-16.17;0;0;0;0;0;0;0;0;0;898;0;;;;;
2025-11-28;O_AKBNKE1225P66.00;AKBNK_12/2025_AVRUPA_OPSIYON;D_EQ;SSO;D_EQ_EPP;DE_AKBNK_EPP;AKBNK.E;2025-12-31;2.79;3.26;-14.42;2.88;2.88;2.88;2.88;2.88;132000;5760;20;1;20;20;;;;;
2025-11-28;O_AKBNKE1225P68.00;AKBNK_12/2025_AVRUPA_OPSIYON;D_EQ;SSO;D_EQ_EPP;DE_AKBNK_EPP;AKBNK.E;2025-12-31;3.8;4.37;-13.04;0;0;0;0;0;0;0;0;0;25;0;;;;;
2025-11-28;O_AKBNKE1225P70.00;AKBNK_12/2025_AVRUPA_OPSIYON;D_EQ;SSO;D_EQ_EPP;DE_AKBNK_EPP;AKBNK.E;2025-12-31;5;5.66;-11.66;0;0;0;0;0;0;0;0;0;300;0;;;;;
2025-11-28;O_AKBNKE1225P72.00;AKBNK_12/2025_AVRUPA_OPSIYON;D_EQ;SSO;D_EQ_EPP;DE_AKBNK_EPP;AKBNK.E;2025-12-31;6.39;7.12;-10.25;0;0;0;0;0;0;0;0;0;150;0;;;;;
2025-11-28;O_ALARKE0126C100.00;ALARK_01/2026_AVRUPA_OPSIYON;D_EQ;SSO;D_EQ_ECP;DE_ALARK_ECP;ALARK.E;2026-01-30;6.72;7.76;-13.4;0;0;0;0;0;0;0;0;0;0;0;;;;;
2025-11-28;O_ALARKE0126C105.00;ALARK_01/2026_AVRUPA_OPSIYON;D_EQ;SSO;D_EQ_ECP;DE_ALARK_ECP;ALARK.E;2026-01-30;4.73;5.54;-14.62;0;0;0;0;0;0;0;0;0;0;0;;;;;
2025-11-28;O_ALARKE0126C110.00;ALARK_01/2026_AVRUPA_OPSIYON;D_EQ;SSO;D_EQ_ECP;DE_ALARK_ECP;ALARK.E;2026-01-30;3.52;4.05;-13.09;0;0;0;0;0;0;0;0;0;0;0;;;;;
2025-11-28;O_ALARKE0126C115.00;ALARK_01/2026_AVRUPA_OPSIYON;D_EQ;SSO;D_EQ_ECP;DE_ALARK_ECP;ALARK.E;2026-01-30;2.67;3.07;-13.03;0;0;0;0;0;0;0;0;0;0;0;;;;;
2025-11-28;O_ALARKE0126C120.00;ALARK_01/2026_AVRUPA_OPSIYON;D_EQ;SSO;D_EQ_ECP;DE_ALARK_ECP;ALARK.E;2026-01-30;2.07;2.37;-12.66;0;0;0;0;0;0;0;0;0;0;0;;;;;
2025-11-28;O_ALARKE0126C125.00;ALARK_01/2026_AVRUPA_OPSIYON;D_EQ;SSO;D_EQ_ECP;DE_ALARK_ECP;ALARK.E;2026-01-30;1.64;1.87;-12.3;0;0;0;0;0;0;0;0;0;0;0;;;;;
2025-11-28;O_ALARKE0126C130.00;ALARK_01/2026_AVRUPA_OPSIYON;D_EQ;SSO;D_EQ_ECP;DE_ALARK_ECP;ALARK.E;2026-01-30;1.34;1.51;-11.26;0;0;0;0;0;0;0;0;0;0;0;;;;;
2025-11-28;O_ALARKE0126C86.00;ALARK_01/2026_AVRUPA_OPSIYON;D_EQ;SSO;D_EQ_ECP;DE_ALARK_ECP;ALARK.E;2026-01-30;15.87;17.33;-8.42;0;0;0;0;0;0;0;0;0;0;0;;;;;
2025-11-28;O_ALARKE0126C88.00;ALARK_01/2026_AVRUPA_OPSIYON;D_EQ;SSO;D_EQ_ECP;DE_ALARK_ECP;ALARK.E;2026-01-30;14.34;15.77;-9.07;0;0;0;0;0;0;0;0;0;0;0;;;;;
2025-11-28;O_ALARKE0126C90.00;ALARK_01/2026_AVRUPA_OPSIYON;D_EQ;SSO;D_EQ_ECP;DE_ALARK_ECP;ALARK.E;2026-01-30;12.86;14.25;-9.75;0;0;0;0;0;0;0;0;0;0;0;;;;;
2025-11-28;O_ALARKE0126C92.00;ALARK_01/2026_AVRUPA_OPSIYON;D_EQ;SSO;D_EQ_ECP;DE_ALARK_ECP;ALARK.E;2026-01-30;11.43;12.79;-10.63;0;0;0;0;0;0;0;0;0;0;0;;;;;
2025-11-28;O_ALARKE0126C94.00;ALARK_01/2026_AVRUPA_OPSIYON;D_EQ;SSO;D_EQ_ECP;DE_ALARK_ECP;ALARK.E;2026-01-30;10.07;11.39;-11.59;0;0;0;0;0;0;0;0;0;0;0;;;;;
2025-11-28;O_ALARKE0126C96.00;ALARK_01/2026_AVRUPA_OPSIYON;D_EQ;SSO;D_EQ_ECP;DE_ALARK_ECP;ALARK.E;2026-01-30;8.83;10.05;-12.14;0;0;0;0;0;0;0;0;0;0;0;;;;;
2025-11-28;O_ALARKE0126C98.00;ALARK_01/2026_AVRUPA_OPSIYON;D_EQ;SSO;D_EQ_ECP;DE_ALARK_ECP;ALARK.E;2026-01-30;7.73;8.84;-12.56;0;0;0;0;0;0;0;0;0;0;0;;;;;
2025-11-28;O_ALARKE0126P100.00;ALARK_01/2026_AVRUPA_OPSIYON;D_EQ;SSO;D_EQ_EPP;DE_ALARK_EPP;ALARK.E;2026-01-30;5.29;4.71;12.31;0;0;0;0;0;0;0;0;0;0;0;;;;;
2025-11-28;O_ALARKE0126P105.00;ALARK_01/2026_AVRUPA_OPSIYON;D_EQ;SSO;D_EQ_EPP;DE_ALARK_EPP;ALARK.E;2026-01-30;7.92;7.1;11.55;0;0;0;0;0;0;0;0;0;0;0;;;;;
2025-11-28;O_ALARKE0126P76.00;ALARK_01/2026_AVRUPA_OPSIYON;D_EQ;SSO;D_EQ_EPP;DE_ALARK_EPP;ALARK.E;2026-01-30;0.54;0.48;12.5;0;0;0;0;0;0;0;0;0;0;0;;;;;
2025-11-28;O_ALARKE0126P78.00;ALARK_01/2026_AVRUPA_OPSIYON;D_EQ;SSO;D_EQ_EPP;DE_ALARK_EPP;ALARK.E;2026-01-30;0.67;0.6;11.67;0;0;0;0;0;0;0;0;0;0;0;;;;;
2025-11-28;O_ALARKE0126P80.00;ALARK_01/2026_AVRUPA_OPSIYON;D_EQ;SSO;D_EQ_EPP;DE_ALARK_EPP;ALARK.E;2026-01-30;0.83;0.75;10.67;0;0;0;0;0;0;0;0;0;0;0;;;;;
2025-11-28;O_ALARKE0126P82.00;ALARK_01/2026_AVRUPA_OPSIYON;D_EQ;SSO;D_EQ_EPP;DE_ALARK_EPP;ALARK.E;2026-01-30;1.02;0.92;10.87;0;0;0;0;0;0;0;0;0;0;0;;;;;
2025-11-28;O_ALARKE0126P84.00;ALARK_01/2026_AVRUPA_OPSIYON;D_EQ;SSO;D_EQ_EPP;DE_ALARK_EPP;ALARK.E;2026-01-30;1.24;1.12;10.71;0;0;0;0;0;0;0;0;0;0;0;;;;;
2025-11-28;O_ALARKE0126P86.00;ALARK_01/2026_AVRUPA_OPSIYON;D_EQ;SSO;D_EQ_EPP;DE_ALARK_EPP;ALARK.E;2026-01-30;1.51;1.36;11.03;0;0;0;0;0;0;0;0;0;0;0;;;;;
2025-11-28;O_ALARKE0126P88.00;ALARK_01/2026_AVRUPA_OPSIYON;D_EQ;SSO;D_EQ_EPP;DE_ALARK_EPP;ALARK.E;2026-01-30;1.82;1.65;10.3;0;0;0;0;0;0;0;0;0;0;0;;;;;
2025-11-28;O_ALARKE0126P90.00;ALARK_01/2026_AVRUPA_OPSIYON;D_EQ;SSO;D_EQ_EPP;DE_ALARK_EPP;ALARK.E;2026-01-30;2.19;1.98;10.61;0;0;0;0;0;0;0;0;0;0;0;;;;;
2025-11-28;O_ALARKE0126P92.00;ALARK_01/2026_AVRUPA_OPSIYON;D_EQ;SSO;D_EQ_EPP;DE_ALARK_EPP;ALARK.E;2026-01-30;2.61;2.36;10.59;0;0;0;0;0;0;0;0;0;0;0;;;;;
2025-11-28;O_ALARKE0126P94.00;ALARK_01/2026_AVRUPA_OPSIYON;D_EQ;SSO;D_EQ_EPP;DE_ALARK_EPP;ALARK.E;2026-01-30;3.1;2.8;10.71;0;0;0;0;0;0;0;0;0;0;0;;;;;
2025-11-28;O_ALARKE0126P96.00;ALARK_01/2026_AVRUPA_OPSIYON;D_EQ;SSO;D_EQ_EPP;DE_ALARK_EPP;ALARK.E;2026-01-30;3.7;3.31;11.78;0;0;0;0;0;0;0;0;0;0;0;;;;;
2025-11-28;O_ALARKE0126P98.00;ALARK_01/2026_AVRUPA_OPSIYON;D_EQ;SSO;D_EQ_EPP;DE_ALARK_EPP;ALARK.E;2026-01-30;4.45;3.95;12.66;0;0;0;0;0;0;0;0;0;0;0;;;;;
2025-11-28;O_ALARKE1125C100.00;ALARK_11/2025_AVRUPA_OPSIYON;D_EQ;SSO;D_EQ_ECP;DE_ALARK_ECP;ALARK.E;2025-11-28;0;0.01;0;0;0;0;0;0;0;0;0;0;120;0;;;;;
2025-11-28;O_ALARKE1125C105.00;ALARK_11/2025_AVRUPA_OPSIYON;D_EQ;SSO;D_EQ_ECP;DE_ALARK_ECP;ALARK.E;2025-11-28;0;0.01;0;0;0;0;0;0;0;0;0;0;0;0;;;;;
2025-11-28;O_ALARKE1125C110.00;ALARK_11/2025_AVRUPA_OPSIYON;D_EQ;SSO;D_EQ_ECP;DE_ALARK_ECP;ALARK.E;2025-11-28;0;0.01;0;0;0;0;0;0;0;0;0;0;0;0;;;;;
2025-11-28;O_ALARKE1125C115.00;ALARK_11/2025_AVRUPA_OPSIYON;D_EQ;SSO;D_EQ_ECP;DE_ALARK_ECP;ALARK.E;2025-11-28;0;0.01;0;0;0;0;0;0;0;0;0;0;0;0;;;;;
2025-11-28;O_ALARKE1125C120.00;ALARK_11/2025_AVRUPA_OPSIYON;D_EQ;SSO;D_EQ_ECP;DE_ALARK_ECP;ALARK.E;2025-11-28;0;0.01;0;0;0;0;0;0;0;0;0;0;0;0;;;;;
2025-11-28;O_ALARKE1125C78.00;ALARK_11/2025_AVRUPA_OPSIYON;D_EQ;SSO;D_EQ_ECP;DE_ALARK_ECP;ALARK.E;2025-11-28;15.8;17.38;-9.09;0;0;0;0;0;0;0;0;0;30;0;;;;;
2025-11-28;O_ALARKE1125C80.00;ALARK_11/2025_AVRUPA_OPSIYON;D_EQ;SSO;D_EQ_ECP;DE_ALARK_ECP;ALARK.E;2025-11-28;13.8;15.38;-10.27;0;0;0;0;0;0;0;0;0;1000;0;;;;;
2025-11-28;O_ALARKE1125C82.00;ALARK_11/2025_AVRUPA_OPSIYON;D_EQ;SSO;D_EQ_ECP;DE_ALARK_ECP;ALARK.E;2025-11-28;11.8;13.39;-11.87;0;0;0;0;0;0;0;0;0;40;0;;;;;
2025-11-28;O_ALARKE1125C84.00;ALARK_11/2025_AVRUPA_OPSIYON;D_EQ;SSO;D_EQ_ECP;DE_ALARK_ECP;ALARK.E;2025-11-28;9.8;11.39;-13.96;0;0;0;0;0;0;0;0;0;20;0;;;;;
2025-11-28;O_ALARKE1125C86.00;ALARK_11/2025_AVRUPA_OPSIYON;D_EQ;SSO;D_EQ_ECP;DE_ALARK_ECP;ALARK.E;2025-11-28;7.8;9.39;-16.93;0;0;0;0;0;0;0;0;0;52;0;;;;;
2025-11-28;O_ALARKE1125C88.00;ALARK_11/2025_AVRUPA_OPSIYON;D_EQ;SSO;D_EQ_ECP;DE_ALARK_ECP;ALARK.E;2025-11-28;5.8;7.39;-21.52;0;0;0;0;0;0;0;0;0;2001;0;;;;;
2025-11-28;O_ALARKE1125C90.00;ALARK_11/2025_AVRUPA_OPSIYON;D_EQ;SSO;D_EQ_ECP;DE_ALARK_ECP;ALARK.E;2025-11-28;3.8;5.4;-29.63;0;0;0;0;0;0;0;0;0;3001;0;;;;;
2025-11-28;O_ALARKE1125C92.00;ALARK_11/2025_AVRUPA_OPSIYON;D_EQ;SSO;D_EQ_ECP;DE_ALARK_ECP;ALARK.E;2025-11-28;1.8;3.43;-47.52;0;0;0;0;0;0;0;0;0;1828;0;;;;;
2025-11-28;O_ALARKE1125C94.00;ALARK_11/2025_AVRUPA_OPSIYON;D_EQ;SSO;D_EQ_ECP;DE_ALARK_ECP;ALARK.E;2025-11-28;0;1.66;0;0;0;0;0;0;0;0;0;0;5985;0;;;;;
2025-11-28;O_ALARKE1125C96.00;ALARK_11/2025_AVRUPA_OPSIYON;D_EQ;SSO;D_EQ_ECP;DE_ALARK_ECP;ALARK.E;2025-11-28;0;0.51;0;0;0;0;0;0;0;0;0;0;1931;0;;;;;
2025-11-28;O_ALARKE1125C98.00;ALARK_11/2025_AVRUPA_OPSIYON;D_EQ;SSO;D_EQ_ECP;DE_ALARK_ECP;ALARK.E;2025-11-28;0;0.09;0;0;0;0;0;0;0;0;0;0;0;0;;;;;
2025-11-28;O_ALARKE1125P68.00;ALARK_11/2025_AVRUPA_OPSIYON;D_EQ;SSO;D_EQ_EPP;DE_ALARK_EPP;ALARK.E;2025-11-28;0;0.01;0;0;0;0;0;0;0;0;0;0;0;0;;;;;
2025-11-28;O_ALARKE1125P70.00;ALARK_11/2025_AVRUPA_OPSIYON;D_EQ;SSO;D_EQ_EPP;DE_ALARK_EPP;ALARK.E;2025-11-28;0;0.01;0;0;0;0;0;0;0;0;0;0;0;0;;;;;
2025-11-28;O_ALARKE1125P72.00;ALARK_11/2025_AVRUPA_OPSIYON;D_EQ;SSO;D_EQ_EPP;DE_ALARK_EPP;ALARK.E;2025-11-28;0;0.01;0;0;0;0;0;0;0;0;0;0;145;0;;;;;
2025-11-28;O_ALARKE1125P74.00;ALARK_11/2025_AVRUPA_OPSIYON;D_EQ;SSO;D_EQ_EPP;DE_ALARK_EPP;ALARK.E;2025-11-28;0;0.01;0;0;0;0;0;0;0;0;0;0;500;0;;;;;
2025-11-28;O_ALARKE1125P76.00;ALARK_11/2025_AVRUPA_OPSIYON;D_EQ;SSO;D_EQ_EPP;DE_ALARK_EPP;ALARK.E;2025-11-28;0;0.01;0;0;0;0;0;0;0;0;0;0;1071;0;;;;;
2025-11-28;O_ALARKE1125P78.00;ALARK_11/2025_AVRUPA_OPSIYON;D_EQ;SSO;D_EQ_EPP;DE_ALARK_EPP;ALARK.E;2025-11-28;0;0.01;0;0;0;0;0;0;0;0;0;0;9;0;;;;;
2025-11-28;O_ALARKE1125P80.00;ALARK_11/2025_AVRUPA_OPSIYON;D_EQ;SSO;D_EQ_EPP;DE_ALARK_EPP;ALARK.E;2025-11-28;0;0.01;0;0;0;0;0;0;0;0;0;0;199;0;;;;;
2025-11-28;O_ALARKE1125P82.00;ALARK_11/2025_AVRUPA_OPSIYON;D_EQ;SSO;D_EQ_EPP;DE_ALARK_EPP;ALARK.E;2025-11-28;0;0.01;0;0;0;0;0;0;0;0;0;0;536;0;;;;;
2025-11-28;O_ALARKE1125P84.00;ALARK_11/2025_AVRUPA_OPSIYON;D_EQ;SSO;D_EQ_EPP;DE_ALARK_EPP;ALARK.E;2025-11-28;0;0.01;0;0;0;0;0;0;0;0;0;0;73;0;;;;;
2025-11-28;O_ALARKE1125P86.00;ALARK_11/2025_AVRUPA_OPSIYON;D_EQ;SSO;D_EQ_EPP;DE_ALARK_EPP;ALARK.E;2025-11-28;0;0.01;0;0;0;0;0;0;0;0;0;0;177;0;;;;;
2025-11-28;O_ALARKE1125P88.00;ALARK_11/2025_AVRUPA_OPSIYON;D_EQ;SSO;D_EQ_EPP;DE_ALARK_EPP;ALARK.E;2025-11-28;0;0.01;0;0;0;0;0;0;0;0;0;0;120;0;;;;;
2025-11-28;O_ALARKE1125P90.00;ALARK_11/2025_AVRUPA_OPSIYON;D_EQ;SSO;D_EQ_EPP;DE_ALARK_EPP;ALARK.E;2025-11-28;0;0.01;0;0;0;0;0;0;0;0;0;0;102;0;;;;;
2025-11-28;O_ALARKE1125P92.00;ALARK_11/2025_AVRUPA_OPSIYON;D_EQ;SSO;D_EQ_EPP;DE_ALARK_EPP;ALARK.E;2025-11-28;0;0.03;0;0;0;0;0;0;0;0;0;0;223;0;;;;;
2025-11-28;O_ALARKE1125P94.00;ALARK_11/2025_AVRUPA_OPSIYON;D_EQ;SSO;D_EQ_EPP;DE_ALARK_EPP;ALARK.E;2025-11-28;0.2;0.27;-25.93;0;0;0;0;0;0;0;0;0;426;0;;;;;
2025-11-28;O_ALARKE1125P96.00;ALARK_11/2025_AVRUPA_OPSIYON;D_EQ;SSO;D_EQ_EPP;DE_ALARK_EPP;ALARK.E;2025-11-28;2.2;1.11;98.2;0;0;0;0;0;0;0;0;0;200;0;;;;;
2025-11-28;O_ALARKE1125P98.00;ALARK_11/2025_AVRUPA_OPSIYON;D_EQ;SSO;D_EQ_EPP;DE_ALARK_EPP;ALARK.E;2025-11-28;4.2;2.69;56.13;0;0;0;0;0;0;0;0;0;100;0;;;;;
2025-11-28;O_ALARKE1225C100.00;ALARK_12/2025_AVRUPA_OPSIYON;D_EQ;SSO;D_EQ_ECP;DE_ALARK_ECP;ALARK.E;2025-12-31;3.19;3.97;-19.65;0;0;0;0;0;0;0;0;0;0;0;;;;;
2025-11-28;O_ALARKE1225C105.00;ALARK_12/2025_AVRUPA_OPSIYON;D_EQ;SSO;D_EQ_ECP;DE_ALARK_ECP;ALARK.E;2025-12-31;1.88;2.36;-20.34;0;0;0;0;0;0;0;0;0;60;0;;;;;
2025-11-28;O_ALARKE1225C110.00;ALARK_12/2025_AVRUPA_OPSIYON;D_EQ;SSO;D_EQ_ECP;DE_ALARK_ECP;ALARK.E;2025-12-31;1.16;1.46;-20.55;0;0;0;0;0;0;0;0;0;0;0;;;;;
2025-11-28;O_ALARKE1225C115.00;ALARK_12/2025_AVRUPA_OPSIYON;D_EQ;SSO;D_EQ_ECP;DE_ALARK_ECP;ALARK.E;2025-12-31;0.73;0.92;-20.65;0;0;0;0;0;0;0;0;0;0;0;;;;;
2025-11-28;O_ALARKE1225C120.00;ALARK_12/2025_AVRUPA_OPSIYON;D_EQ;SSO;D_EQ_ECP;DE_ALARK_ECP;ALARK.E;2025-12-31;0.47;0.6;-21.67;0;0;0;0;0;0;0;0;0;0;0;;;;;
2025-11-28;O_ALARKE1225C125.00;ALARK_12/2025_AVRUPA_OPSIYON;D_EQ;SSO;D_EQ_ECP;DE_ALARK_ECP;ALARK.E;2025-12-31;0.32;0.4;-20;0;0;0;0;0;0;0;0;0;0;0;;;;;
2025-11-28;O_ALARKE1225C80.00;ALARK_12/2025_AVRUPA_OPSIYON;D_EQ;SSO;D_EQ_ECP;DE_ALARK_ECP;ALARK.E;2025-12-31;16.9;18.43;-8.3;0;0;0;0;0;0;0;0;0;0;0;;;;;
2025-11-28;O_ALARKE1225C82.00;ALARK_12/2025_AVRUPA_OPSIYON;D_EQ;SSO;D_EQ_ECP;DE_ALARK_ECP;ALARK.E;2025-12-31;15.12;16.63;-9.08;0;0;0;0;0;0;0;0;0;0;0;;;;;
2025-11-28;O_ALARKE1225C84.00;ALARK_12/2025_AVRUPA_OPSIYON;D_EQ;SSO;D_EQ_ECP;DE_ALARK_ECP;ALARK.E;2025-12-31;13.39;14.87;-9.95;0;0;0;0;0;0;0;0;0;0;0;;;;;
2025-11-28;O_ALARKE1225C86.00;ALARK_12/2025_AVRUPA_OPSIYON;D_EQ;SSO;D_EQ_ECP;DE_ALARK_ECP;ALARK.E;2025-12-31;11.72;13.17;-11.01;0;0;0;0;0;0;0;0;0;0;0;;;;;
2025-11-28;O_ALARKE1225C88.00;ALARK_12/2025_AVRUPA_OPSIYON;D_EQ;SSO;D_EQ_ECP;DE_ALARK_ECP;ALARK.E;2025-12-31;10.12;11.53;-12.23;0;0;0;0;0;0;0;0;0;40;0;;;;;
2025-11-28;O_ALARKE1225C90.00;ALARK_12/2025_AVRUPA_OPSIYON;D_EQ;SSO;D_EQ_ECP;DE_ALARK_ECP;ALARK.E;2025-12-31;8.61;9.96;-13.55;0;0;0;0;0;0;0;0;0;0;0;;;;;
2025-11-28;O_ALARKE1225C92.00;ALARK_12/2025_AVRUPA_OPSIYON;D_EQ;SSO;D_EQ_ECP;DE_ALARK_ECP;ALARK.E;2025-12-31;7.2;8.48;-15.09;0;0;0;0;0;0;0;0;0;0;0;;;;;
2025-11-28;O_ALARKE1225C94.00;ALARK_12/2025_AVRUPA_OPSIYON;D_EQ;SSO;D_EQ_ECP;DE_ALARK_ECP;ALARK.E;2025-12-31;5.97;7.11;-16.03;0;0;0;0;0;0;0;0;0;1250;0;;;;;
2025-11-28;O_ALARKE1225C96.00;ALARK_12/2025_AVRUPA_OPSIYON;D_EQ;SSO;D_EQ_ECP;DE_ALARK_ECP;ALARK.E;2025-12-31;4.89;5.92;-17.4;0;0;0;0;0;0;0;0;0;0;0;;;;;
2025-11-28;O_ALARKE1225C98.00;ALARK_12/2025_AVRUPA_OPSIYON;D_EQ;SSO;D_EQ_ECP;DE_ALARK_ECP;ALARK.E;2025-12-31;3.96;4.87;-18.69;0;0;0;0;0;0;0;0;0;0;0;;;;;
2025-11-28;O_ALARKE1225P100.00;ALARK_12/2025_AVRUPA_OPSIYON;D_EQ;SSO;D_EQ_EPP;DE_ALARK_EPP;ALARK.E;2025-12-31;6.01;5.19;15.8;0;0;0;0;0;0;0;0;0;0;0;;;;;
2025-11-28;O_ALARKE1225P70.00;ALARK_12/2025_AVRUPA_OPSIYON;D_EQ;SSO;D_EQ_EPP;DE_ALARK_EPP;ALARK.E;2025-12-31;0.06;0.05;20;0;0;0;0;0;0;0;0;0;0;0;;;;;
2025-11-28;O_ALARKE1225P72.00;ALARK_12/2025_AVRUPA_OPSIYON;D_EQ;SSO;D_EQ_EPP;DE_ALARK_EPP;ALARK.E;2025-12-31;0.09;0.08;12.5;0;0;0;0;0;0;0;0;0;0;0;;;;;
2025-11-28;O_ALARKE1225P74.00;ALARK_12/2025_AVRUPA_OPSIYON;D_EQ;SSO;D_EQ_EPP;DE_ALARK_EPP;ALARK.E;2025-12-31;0.14;0.12;16.67;0;0;0;0;0;0;0;0;0;0;0;;;;;
2025-11-28;O_ALARKE1225P76.00;ALARK_12/2025_AVRUPA_OPSIYON;D_EQ;SSO;D_EQ_EPP;DE_ALARK_EPP;ALARK.E;2025-12-31;0.2;0.17;17.65;0;0;0;0;0;0;0;0;0;0;0;;;;;
2025-11-28;O_ALARKE1225P78.00;ALARK_12/2025_AVRUPA_OPSIYON;D_EQ;SSO;D_EQ_EPP;DE_ALARK_EPP;ALARK.E;2025-12-31;0.28;0.25;12;0;0;0;0;0;0;0;0;0;0;0;;;;;
2025-11-28;O_ALARKE1225P80.00;ALARK_12/2025_AVRUPA_OPSIYON;D_EQ;SSO;D_EQ_EPP;DE_ALARK_EPP;ALARK.E;2025-12-31;0.4;0.35;14.29;0;0;0;0;0;0;0;0;0;5;0;;;;;
2025-11-28;O_ALARKE1225P82.00;ALARK_12/2025_AVRUPA_OPSIYON;D_EQ;SSO;D_EQ_EPP;DE_ALARK_EPP;ALARK.E;2025-12-31;0.55;0.48;14.58;0;0;0;0;0;0;0;0;0;0;0;;;;;
2025-11-28;O_ALARKE1225P84.00;ALARK_12/2025_AVRUPA_OPSIYON;D_EQ;SSO;D_EQ_EPP;DE_ALARK_EPP;ALARK.E;2025-12-31;0.76;0.65;16.92;0;0;0;0;0;0;0;0;0;0;0;;;;;
2025-11-28;O_ALARKE1225P86.00;ALARK_12/2025_AVRUPA_OPSIYON;D_EQ;SSO;D_EQ_EPP;DE_ALARK_EPP;ALARK.E;2025-12-31;1.02;0.88;15.91;0;0;0;0;0;0;0;0;0;0;0;;;;;
2025-11-28;O_ALARKE1225P88.00;ALARK_12/2025_AVRUPA_OPSIYON;D_EQ;SSO;D_EQ_EPP;DE_ALARK_EPP;ALARK.E;2025-12-31;1.35;1.17;15.38;0;0;0;0;0;0;0;0;0;0;0;;;;;
2025-11-28;O_ALARKE1225P90.00;ALARK_12/2025_AVRUPA_OPSIYON;D_EQ;SSO;D_EQ_EPP;DE_ALARK_EPP;ALARK.E;2025-12-31;1.77;1.53;15.69;0;0;0;0;0;0;0;0;0;0;0;;;;;
2025-11-28;O_ALARKE1225P92.00;ALARK_12/2025_AVRUPA_OPSIYON;D_EQ;SSO;D_EQ_EPP;DE_ALARK_EPP;ALARK.E;2025-12-31;2.29;1.98;15.66;0;0;0;0;0;0;0;0;0;0;0;;;;;
2025-11-28;O_ALARKE1225P94.00;ALARK_12/2025_AVRUPA_OPSIYON;D_EQ;SSO;D_EQ_EPP;DE_ALARK_EPP;ALARK.E;2025-12-31;3;2.54;18.11;0;0;0;0;0;0;0;0;0;0;0;;;;;
2025-11-28;O_ALARKE1225P96.00;ALARK_12/2025_AVRUPA_OPSIYON;D_EQ;SSO;D_EQ_EPP;DE_ALARK_EPP;ALARK.E;2025-12-31;3.85;3.28;17.38;0;0;0;0;0;0;0;0;0;4;0;;;;;
2025-11-28;O_ALARKE1225P98.00;ALARK_12/2025_AVRUPA_OPSIYON;D_EQ;SSO;D_EQ_EPP;DE_ALARK_EPP;ALARK.E;2025-12-31;4.85;4.16;16.59;4.63;4.63;4.74;4.74;4.67;98000;4667;10;3;12;10;;;;;
2025-11-28;O_ARCLKE0126C105.00;ARCLK_01/2026_AVRUPA_OPSIYON;D_EQ;SSO;D_EQ_ECP;DE_ARCLK_ECP;ARCLK.E;2026-01-30;11.85;12.08;-1.9;0;0;0;0;0;0;0;0;0;0;0;;;;;
2025-11-28;O_ARCLKE0126C110.00;ARCLK_01/2026_AVRUPA_OPSIYON;D_EQ;SSO;D_EQ_ECP;DE_ARCLK_ECP;ARCLK.E;2026-01-30;8.81;9.01;-2.22;0;0;0;0;0;0;0;0;0;0;0;;;;;
2025-11-28;O_ARCLKE0126C115.00;ARCLK_01/2026_AVRUPA_OPSIYON;D_EQ;SSO;D_EQ_ECP;DE_ARCLK_ECP;ARCLK.E;2026-01-30;6.44;6.62;-2.72;0;0;0;0;0;0;0;0;0;0;0;;;;;
2025-11-28;O_ARCLKE0126C120.00;ARCLK_01/2026_AVRUPA_OPSIYON;D_EQ;SSO;D_EQ_ECP;DE_ARCLK_ECP;ARCLK.E;2026-01-30;4.73;4.87;-2.87;0;0;0;0;0;0;0;0;0;0;0;;;;;
2025-11-28;O_ARCLKE0126C125.00;ARCLK_01/2026_AVRUPA_OPSIYON;D_EQ;SSO;D_EQ_ECP;DE_ARCLK_ECP;ARCLK.E;2026-01-30;3.62;3.74;-3.21;0;0;0;0;0;0;0;0;0;0;0;;;;;
2025-11-28;O_ARCLKE0126C130.00;ARCLK_01/2026_AVRUPA_OPSIYON;D_EQ;SSO;D_EQ_ECP;DE_ARCLK_ECP;ARCLK.E;2026-01-30;2.82;2.92;-3.42;0;0;0;0;0;0;0;0;0;0;0;;;;;
2025-11-28;O_ARCLKE0126C135.00;ARCLK_01/2026_AVRUPA_OPSIYON;D_EQ;SSO;D_EQ_ECP;DE_ARCLK_ECP;ARCLK.E;2026-01-30;2.23;2.32;-3.88;0;0;0;0;0;0;0;0;0;0;0;;;;;
2025-11-28;O_ARCLKE0126C140.00;ARCLK_01/2026_AVRUPA_OPSIYON;D_EQ;SSO;D_EQ_ECP;DE_ARCLK_ECP;ARCLK.E;2026-01-30;1.8;1.87;-3.74;0;0;0;0;0;0;0;0;0;0;0;;;;;
2025-11-28;O_ARCLKE0126C145.00;ARCLK_01/2026_AVRUPA_OPSIYON;D_EQ;SSO;D_EQ_ECP;DE_ARCLK_ECP;ARCLK.E;2026-01-30;1.48;1.54;-3.9;0;0;0;0;0;0;0;0;0;0;0;;;;;
2025-11-28;O_ARCLKE0126C150.00;ARCLK_01/2026_AVRUPA_OPSIYON;D_EQ;SSO;D_EQ_ECP;DE_ARCLK_ECP;ARCLK.E;2026-01-30;1.24;1.29;-3.88;0;0;0;0;0;0;0;0;0;0;0;;;;;
2025-11-28;O_ARCLKE0126C155.00;ARCLK_01/2026_AVRUPA_OPSIYON;D_EQ;SSO;D_EQ_ECP;DE_ARCLK_ECP;ARCLK.E;2026-01-30;1.06;1.1;-3.64;0;0;0;0;0;0;0;0;0;0;0;;;;;
2025-11-28;O_ARCLKE0126P100.00;ARCLK_01/2026_AVRUPA_OPSIYON;D_EQ;SSO;D_EQ_EPP;DE_ARCLK_EPP;ARCLK.E;2026-01-30;2.09;2.1;-0.48;0;0;0;0;0;0;0;0;0;0;0;;;;;
2025-11-28;O_ARCLKE0126P105.00;ARCLK_01/2026_AVRUPA_OPSIYON;D_EQ;SSO;D_EQ_EPP;DE_ARCLK_EPP;ARCLK.E;2026-01-30;3.14;3.14;0;0;0;0;0;0;0;0;0;0;0;0;;;;;
2025-11-28;O_ARCLKE0126P110.00;ARCLK_01/2026_AVRUPA_OPSIYON;D_EQ;SSO;D_EQ_EPP;DE_ARCLK_EPP;ARCLK.E;2026-01-30;4.71;4.69;0.43;0;0;0;0;0;0;0;0;0;0;0;;;;;
2025-11-28;O_ARCLKE0126P115.00;ARCLK_01/2026_AVRUPA_OPSIYON;D_EQ;SSO;D_EQ_EPP;DE_ARCLK_EPP;ARCLK.E;2026-01-30;6.96;6.91;0.72;0;0;0;0;0;0;0;0;0;0;0;;;;;
2025-11-28;O_ARCLKE0126P120.00;ARCLK_01/2026_AVRUPA_OPSIYON;D_EQ;SSO;D_EQ_EPP;DE_ARCLK_EPP;ARCLK.E;2026-01-30;9.87;9.77;1.02;0;0;0;0;0;0;0;0;0;0;0;;;;;
2025-11-28;O_ARCLKE0126P125.00;ARCLK_01/2026_AVRUPA_OPSIYON;D_EQ;SSO;D_EQ_EPP;DE_ARCLK_EPP;ARCLK.E;2026-01-30;13.38;13.26;0.9;0;0;0;0;0;0;0;0;0;0;0;;;;;
2025-11-28;O_ARCLKE0126P130.00;ARCLK_01/2026_AVRUPA_OPSIYON;D_EQ;SSO;D_EQ_EPP;DE_ARCLK_EPP;ARCLK.E;2026-01-30;17.2;17.05;0.88;0;0;0;0;0;0;0;0;0;0;0;;;;;
2025-11-28;O_ARCLKE0126P92.00;ARCLK_01/2026_AVRUPA_OPSIYON;D_EQ;SSO;D_EQ_EPP;DE_ARCLK_EPP;ARCLK.E;2026-01-30;1.03;1.04;-0.96;0;0;0;0;0;0;0;0;0;0;0;;;;;
2025-11-28;O_ARCLKE0126P94.00;ARCLK_01/2026_AVRUPA_OPSIYON;D_EQ;SSO;D_EQ_EPP;DE_ARCLK_EPP;ARCLK.E;2026-01-30;1.24;1.25;-0.8;0;0;0;0;0;0;0;0;0;0;0;;;;;
2025-11-28;O_ARCLKE0126P96.00;ARCLK_01/2026_AVRUPA_OPSIYON;D_EQ;SSO;D_EQ_EPP;DE_ARCLK_EPP;ARCLK.E;2026-01-30;1.48;1.5;-1.33;0;0;0;0;0;0;0;0;0;0;0;;;;;
2025-11-28;O_ARCLKE0126P98.00;ARCLK_01/2026_AVRUPA_OPSIYON;D_EQ;SSO;D_EQ_EPP;DE_ARCLK_EPP;ARCLK.E;2026-01-30;1.77;1.78;-0.56;0;0;0;0;0;0;0;0;0;0;0;;;;;
2025-11-28;O_ARCLKE1125C100.00;ARCLK_11/2025_AVRUPA_OPSIYON;D_EQ;SSO;D_EQ_ECP;DE_ARCLK_ECP;ARCLK.E;2025-11-28;5.7;5.91;-3.55;0;0;0;0;0;0;0;0;0;23;0;;;;;
2025-11-28;O_ARCLKE1125C105.00;ARCLK_11/2025_AVRUPA_OPSIYON;D_EQ;SSO;D_EQ_ECP;DE_ARCLK_ECP;ARCLK.E;2025-11-28;0.7;1.37;-48.91;1.7;1.7;2.12;2.03;1.8;1659000;28410;158;16;252;0;;;;;
2025-11-28;O_ARCLKE1125C110.00;ARCLK_11/2025_AVRUPA_OPSIYON;D_EQ;SSO;D_EQ_ECP;DE_ARCLK_ECP;ARCLK.E;2025-11-28;0;0.03;0;0.18;0.18;0.18;0.18;0.18;33000;54;3;1;34;-3;;;;;
2025-11-28;O_ARCLKE1125C115.00;ARCLK_11/2025_AVRUPA_OPSIYON;D_EQ;SSO;D_EQ_ECP;DE_ARCLK_ECP;ARCLK.E;2025-11-28;0;0.01;0;0;0;0;0;0;0;0;0;0;11;0;;;;;
2025-11-28;O_ARCLKE1125C120.00;ARCLK_11/2025_AVRUPA_OPSIYON;D_EQ;SSO;D_EQ_ECP;DE_ARCLK_ECP;ARCLK.E;2025-11-28;0;0.01;0;0;0;0;0;0;0;0;0;0;65;0;;;;;
2025-11-28;O_ARCLKE1125C125.00;ARCLK_11/2025_AVRUPA_OPSIYON;D_EQ;SSO;D_EQ_ECP;DE_ARCLK_ECP;ARCLK.E;2025-11-28;0;0.01;0;0;0;0;0;0;0;0;0;0;9;0;;;;;
2025-11-28;O_ARCLKE1125C130.00;ARCLK_11/2025_AVRUPA_OPSIYON;D_EQ;SSO;D_EQ_ECP;DE_ARCLK_ECP;ARCLK.E;2025-11-28;0;0.01;0;0;0;0;0;0;0;0;0;0;1;0;;;;;
2025-11-28;O_ARCLKE1125C135.00;ARCLK_11/2025_AVRUPA_OPSIYON;D_EQ;SSO;D_EQ_ECP;DE_ARCLK_ECP;ARCLK.E;2025-11-28;0;0.01;0;0;0;0;0;0;0;0;0;0;0;0;;;;;
2025-11-28;O_ARCLKE1125C140.00;ARCLK_11/2025_AVRUPA_OPSIYON;D_EQ;SSO;D_EQ_ECP;DE_ARCLK_ECP;ARCLK.E;2025-11-28;0;0.01;0;0;0;0;0;0;0;0;0;0;0;0;;;;;
2025-11-28;O_ARCLKE1125C145.00;ARCLK_11/2025_AVRUPA_OPSIYON;D_EQ;SSO;D_EQ_ECP;DE_ARCLK_ECP;ARCLK.E;2025-11-28;0;0.01;0;0;0;0;0;0;0;0;0;0;0;0;;;;;
2025-11-28;O_ARCLKE1125C150.00;ARCLK_11/2025_AVRUPA_OPSIYON;D_EQ;SSO;D_EQ_ECP;DE_ARCLK_ECP;ARCLK.E;2025-11-28;0;0.01;0;0;0;0;0;0;0;0;0;0;0;0;;;;;
2025-11-28;O_ARCLKE1125C155.00;ARCLK_11/2025_AVRUPA_OPSIYON;D_EQ;SSO;D_EQ_ECP;DE_ARCLK_ECP;ARCLK.E;2025-11-28;0;0.01;0;0;0;0;0;0;0;0;0;0;0;0;;;;;
2025-11-28;O_ARCLKE1125C160.00;ARCLK_11/2025_AVRUPA_OPSIYON;D_EQ;SSO;D_EQ_ECP;DE_ARCLK_ECP;ARCLK.E;2025-11-28;0;0.01;0;0;0;0;0;0;0;0;0;0;0;0;;;;;
2025-11-28;O_ARCLKE1125C165.00;ARCLK_11/2025_AVRUPA_OPSIYON;D_EQ;SSO;D_EQ_ECP;DE_ARCLK_ECP;ARCLK.E;2025-11-28;0;0.01;0;0;0;0;0;0;0;0;0;0;0;0;;;;;
2025-11-28;O_ARCLKE1125C170.00;ARCLK_11/2025_AVRUPA_OPSIYON;D_EQ;SSO;D_EQ_ECP;DE_ARCLK_ECP;ARCLK.E;2025-11-28;0;0.01;0;0;0;0;0;0;0;0;0;0;0;0;;;;;
2025-11-28;O_ARCLKE1125C175.00;ARCLK_11/2025_AVRUPA_OPSIYON;D_EQ;SSO;D_EQ_ECP;DE_ARCLK_ECP;ARCLK.E;2025-11-28;0;0.01;0;0;0;0;0;0;0;0;0;0;0;0;;;;;
2025-11-28;O_ARCLKE1125C180.00;ARCLK_11/2025_AVRUPA_OPSIYON;D_EQ;SSO;D_EQ_ECP;DE_ARCLK_ECP;ARCLK.E;2025-11-28;0;0.01;0;0;0;0;0;0;0;0;0;0;0;0;;;;;
2025-11-28;O_ARCLKE1125P100.00;ARCLK_11/2025_AVRUPA_OPSIYON;D_EQ;SSO;D_EQ_EPP;DE_ARCLK_EPP;ARCLK.E;2025-11-28;0;0.01;0;0;0;0;0;0;0;0;0;0;0;0;;;;;
2025-11-28;O_ARCLKE1125P105.00;ARCLK_11/2025_AVRUPA_OPSIYON;D_EQ;SSO;D_EQ_EPP;DE_ARCLK_EPP;ARCLK.E;2025-11-28;0;0.46;0;0;0;0;0;0;0;0;0;0;19;0;;;;;
2025-11-28;O_ARCLKE1125P110.00;ARCLK_11/2025_AVRUPA_OPSIYON;D_EQ;SSO;D_EQ_EPP;DE_ARCLK_EPP;ARCLK.E;2025-11-28;4.3;4.11;4.62;4.29;4.29;4.29;4.29;4.29;110000;4290;10;1;50;0;;;;;
2025-11-28;O_ARCLKE1125P115.00;ARCLK_11/2025_AVRUPA_OPSIYON;D_EQ;SSO;D_EQ_EPP;DE_ARCLK_EPP;ARCLK.E;2025-11-28;9.3;9.08;2.42;0;0;0;0;0;0;0;0;0;32;0;;;;;
2025-11-28;O_ARCLKE1125P120.00;ARCLK_11/2025_AVRUPA_OPSIYON;D_EQ;SSO;D_EQ_EPP;DE_ARCLK_EPP;ARCLK.E;2025-11-28;14.3;14.08;1.56;0;0;0;0;0;0;0;0;0;2;0;;;;;
2025-11-28;O_ARCLKE1125P125.00;ARCLK_11/2025_AVRUPA_OPSIYON;D_EQ;SSO;D_EQ_EPP;DE_ARCLK_EPP;ARCLK.E;2025-11-28;19.3;19.07;1.21;0;0;0;0;0;0;0;0;0;0;0;;;;;
2025-11-28;O_ARCLKE1125P130.00;ARCLK_11/2025_AVRUPA_OPSIYON;D_EQ;SSO;D_EQ_EPP;DE_ARCLK_EPP;ARCLK.E;2025-11-28;24.3;24.06;1;0;0;0;0;0;0;0;0;0;0;0;;;;;
2025-11-28;O_ARCLKE1125P135.00;ARCLK_11/2025_AVRUPA_OPSIYON;D_EQ;SSO;D_EQ_EPP;DE_ARCLK_EPP;ARCLK.E;2025-11-28;29.3;29.06;0.83;0;0;0;0;0;0;0;0;0;0;0;;;;;
2025-11-28;O_ARCLKE1125P140.00;ARCLK_11/2025_AVRUPA_OPSIYON;D_EQ;SSO;D_EQ_EPP;DE_ARCLK_EPP;ARCLK.E;2025-11-28;34.3;34.05;0.73;0;0;0;0;0;0;0;0;0;0;0;;;;;
2025-11-28;O_ARCLKE1125P145.00;ARCLK_11/2025_AVRUPA_OPSIYON;D_EQ;SSO;D_EQ_EPP;DE_ARCLK_EPP;ARCLK.E;2025-11-28;39.3;39.05;0.64;0;0;0;0;0;0;0;0;0;0;0;;;;;
2025-11-28;O_ARCLKE1125P150.00;ARCLK_11/2025_AVRUPA_OPSIYON;D_EQ;SSO;D_EQ_EPP;DE_ARCLK_EPP;ARCLK.E;2025-11-28;44.3;44.04;0.59;0;0;0;0;0;0;0;0;0;0;0;;;;;
2025-11-28;O_ARCLKE1125P155.00;ARCLK_11/2025_AVRUPA_OPSIYON;D_EQ;SSO;D_EQ_EPP;DE_ARCLK_EPP;ARCLK.E;2025-11-28;49.3;49.04;0.53;0;0;0;0;0;0;0;0;0;0;0;;;;;
2025-11-28;O_ARCLKE1125P90.00;ARCLK_11/2025_AVRUPA_OPSIYON;D_EQ;SSO;D_EQ_EPP;DE_ARCLK_EPP;ARCLK.E;2025-11-28;0;0.01;0;0;0;0;0;0;0;0;0;0;0;0;;;;;
2025-11-28;O_ARCLKE1125P92.00;ARCLK_11/2025_AVRUPA_OPSIYON;D_EQ;SSO;D_EQ_EPP;DE_ARCLK_EPP;ARCLK.E;2025-11-28;0;0.01;0;0;0;0;0;0;0;0;0;0;0;0;;;;;
2025-11-28;O_ARCLKE1125P94.00;ARCLK_11/2025_AVRUPA_OPSIYON;D_EQ;SSO;D_EQ_EPP;DE_ARCLK_EPP;ARCLK.E;2025-11-28;0;0.01;0;0;0;0;0;0;0;0;0;0;0;0;;;;;
2025-11-28;O_ARCLKE1125P96.00;ARCLK_11/2025_AVRUPA_OPSIYON;D_EQ;SSO;D_EQ_EPP;DE_ARCLK_EPP;ARCLK.E;2025-11-28;0;0.01;0;0;0;0;0;0;0;0;0;0;0;0;;;;;
2025-11-28;O_ARCLKE1125P98.00;ARCLK_11/2025_AVRUPA_OPSIYON;D_EQ;SSO;D_EQ_EPP;DE_ARCLK_EPP;ARCLK.E;2025-11-28;0;0.01;0;0;0;0;0;0;0;0;0;0;0;0;;;;;
2025-11-28;O_ARCLKE1225C105.00;ARCLK_12/2025_AVRUPA_OPSIYON;D_EQ;SSO;D_EQ_ECP;DE_ARCLK_ECP;ARCLK.E;2025-12-31;7.18;7.4;-2.97;7;7;7.6;7.23;7.32;651000;45380;62;8;62;62;;;;;
2025-11-28;O_ARCLKE1225C110.00;ARCLK_12/2025_AVRUPA_OPSIYON;D_EQ;SSO;D_EQ_ECP;DE_ARCLK_ECP;ARCLK.E;2025-12-31;4.55;4.73;-3.81;4.43;4.41;4.59;4.41;4.48;660000;26880;60;6;30;-1;;;;;
2025-11-28;O_ARCLKE1225C115.00;ARCLK_12/2025_AVRUPA_OPSIYON;D_EQ;SSO;D_EQ_ECP;DE_ARCLK_ECP;ARCLK.E;2025-12-31;2.75;2.9;-5.17;2.52;2.52;2.52;2.52;2.52;115000;2520;10;1;10;4;;;;;
2025-11-28;O_ARCLKE1225C120.00;ARCLK_12/2025_AVRUPA_OPSIYON;D_EQ;SSO;D_EQ_ECP;DE_ARCLK_ECP;ARCLK.E;2025-12-31;1.75;1.86;-5.91;0;0;0;0;0;0;0;0;0;0;0;;;;;
2025-11-28;O_ARCLKE1225C125.00;ARCLK_12/2025_AVRUPA_OPSIYON;D_EQ;SSO;D_EQ_ECP;DE_ARCLK_ECP;ARCLK.E;2025-12-31;1.12;1.2;-6.67;0;0;0;0;0;0;0;0;0;0;0;;;;;
2025-11-28;O_ARCLKE1225C130.00;ARCLK_12/2025_AVRUPA_OPSIYON;D_EQ;SSO;D_EQ_ECP;DE_ARCLK_ECP;ARCLK.E;2025-12-31;0.73;0.79;-7.59;0;0;0;0;0;0;0;0;0;0;0;;;;;
2025-11-28;O_ARCLKE1225C135.00;ARCLK_12/2025_AVRUPA_OPSIYON;D_EQ;SSO;D_EQ_ECP;DE_ARCLK_ECP;ARCLK.E;2025-12-31;0.49;0.54;-9.26;0;0;0;0;0;0;0;0;0;0;0;;;;;
2025-11-28;O_ARCLKE1225C140.00;ARCLK_12/2025_AVRUPA_OPSIYON;D_EQ;SSO;D_EQ_ECP;DE_ARCLK_ECP;ARCLK.E;2025-12-31;0.34;0.38;-10.53;0;0;0;0;0;0;0;0;0;144;0;;;;;
2025-11-28;O_ARCLKE1225C145.00;ARCLK_12/2025_AVRUPA_OPSIYON;D_EQ;SSO;D_EQ_ECP;DE_ARCLK_ECP;ARCLK.E;2025-12-31;0.24;0.27;-11.11;0;0;0;0;0;0;0;0;0;0;0;;;;;
2025-11-28;O_ARCLKE1225C150.00;ARCLK_12/2025_AVRUPA_OPSIYON;D_EQ;SSO;D_EQ_ECP;DE_ARCLK_ECP;ARCLK.E;2025-12-31;0.18;0.2;-10;0;0;0;0;0;0;0;0;0;0;0;;;;;
2025-11-28;O_ARCLKE1225C155.00;ARCLK_12/2025_AVRUPA_OPSIYON;D_EQ;SSO;D_EQ_ECP;DE_ARCLK_ECP;ARCLK.E;2025-12-31;0.14;0.15;-6.67;0;0;0;0;0;0;0;0;0;0;0;;;;;
2025-11-28;O_ARCLKE1225C160.00;ARCLK_12/2025_AVRUPA_OPSIYON;D_EQ;SSO;D_EQ_ECP;DE_ARCLK_ECP;ARCLK.E;2025-12-31;0.11;0.12;-8.33;0;0;0;0;0;0;0;0;0;0;0;;;;;
2025-11-28;O_ARCLKE1225C165.00;ARCLK_12/2025_AVRUPA_OPSIYON;D_EQ;SSO;D_EQ_ECP;DE_ARCLK_ECP;ARCLK.E;2025-12-31;0.09;0.1;-10;0;0;0;0;0;0;0;0;0;0;0;;;;;
2025-11-28;O_ARCLKE1225C170.00;ARCLK_12/2025_AVRUPA_OPSIYON;D_EQ;SSO;D_EQ_ECP;DE_ARCLK_ECP;ARCLK.E;2025-12-31;0.07;0.08;-12.5;0;0;0;0;0;0;0;0;0;0;0;;;;;
2025-11-28;O_ARCLKE1225P100.00;ARCLK_12/2025_AVRUPA_OPSIYON;D_EQ;SSO;D_EQ_EPP;DE_ARCLK_EPP;ARCLK.E;2025-12-31;1.61;1.64;-1.83;0;0;0;0;0;0;0;0;0;144;0;;;;;
2025-11-28;O_ARCLKE1225P105.00;ARCLK_12/2025_AVRUPA_OPSIYON;D_EQ;SSO;D_EQ_EPP;DE_ARCLK_EPP;ARCLK.E;2025-12-31;2.94;2.94;0;2.39;2.39;2.4;2.4;2.4;210000;4790;20;2;20;20;;;;;
2025-11-28;O_ARCLKE1225P110.00;ARCLK_12/2025_AVRUPA_OPSIYON;D_EQ;SSO;D_EQ_EPP;DE_ARCLK_EPP;ARCLK.E;2025-12-31;5.13;5.11;0.39;4.32;4.25;4.75;4.75;4.33;451000;17745;41;5;42;40;;;;;
2025-11-28;O_ARCLKE1225P115.00;ARCLK_12/2025_AVRUPA_OPSIYON;D_EQ;SSO;D_EQ_EPP;DE_ARCLK_EPP;ARCLK.E;2025-12-31;8.17;8.1;0.86;7.2;7.2;7.2;7.2;7.2;230000;14400;20;2;26;20;;;;;
2025-11-28;O_ARCLKE1225P120.00;ARCLK_12/2025_AVRUPA_OPSIYON;D_EQ;SSO;D_EQ_EPP;DE_ARCLK_EPP;ARCLK.E;2025-12-31;11.99;11.88;0.93;11.34;11.34;11.34;11.34;11.34;240000;22680;20;2;20;20;;;;;
2025-11-28;O_ARCLKE1225P125.00;ARCLK_12/2025_AVRUPA_OPSIYON;D_EQ;SSO;D_EQ_EPP;DE_ARCLK_EPP;ARCLK.E;2025-12-31;16.2;16.06;0.87;0;0;0;0;0;0;0;0;0;0;0;;;;;
2025-11-28;O_ARCLKE1225P130.00;ARCLK_12/2025_AVRUPA_OPSIYON;D_EQ;SSO;D_EQ_EPP;DE_ARCLK_EPP;ARCLK.E;2025-12-31;20.64;20.47;0.83;0;0;0;0;0;0;0;0;0;0;0;;;;;
2025-11-28;O_ARCLKE1225P135.00;ARCLK_12/2025_AVRUPA_OPSIYON;D_EQ;SSO;D_EQ_EPP;DE_ARCLK_EPP;ARCLK.E;2025-12-31;25.23;25.04;0.76;0;0;0;0;0;0;0;0;0;0;0;;;;;
2025-11-28;O_ARCLKE1225P140.00;ARCLK_12/2025_AVRUPA_OPSIYON;D_EQ;SSO;D_EQ_EPP;DE_ARCLK_EPP;ARCLK.E;2025-12-31;29.91;29.71;0.67;0;0;0;0;0;0;0;0;0;0;0;;;;;
2025-11-28;O_ARCLKE1225P145.00;ARCLK_12/2025_AVRUPA_OPSIYON;D_EQ;SSO;D_EQ_EPP;DE_ARCLK_EPP;ARCLK.E;2025-12-31;34.65;34.43;0.64;0;0;0;0;0;0;0;0;0;0;0;;;;;
2025-11-28;O_ARCLKE1225P92.00;ARCLK_12/2025_AVRUPA_OPSIYON;D_EQ;SSO;D_EQ_EPP;DE_ARCLK_EPP;ARCLK.E;2025-12-31;0.54;0.56;-3.57;0;0;0;0;0;0;0;0;0;0;0;;;;;
2025-11-28;O_ARCLKE1225P94.00;ARCLK_12/2025_AVRUPA_OPSIYON;D_EQ;SSO;D_EQ_EPP;DE_ARCLK_EPP;ARCLK.E;2025-12-31;0.73;0.75;-2.67;0;0;0;0;0;0;0;0;0;0;0;;;;;
2025-11-28;O_ARCLKE1225P96.00;ARCLK_12/2025_AVRUPA_OPSIYON;D_EQ;SSO;D_EQ_EPP;DE_ARCLK_EPP;ARCLK.E;2025-12-31;0.96;0.98;-2.04;0;0;0;0;0;0;0;0;0;0;0;;;;;
2025-11-28;O_ARCLKE1225P98.00;ARCLK_12/2025_AVRUPA_OPSIYON;D_EQ;SSO;D_EQ_EPP;DE_ARCLK_EPP;ARCLK.E;2025-12-31;1.25;1.27;-1.57;0;0;0;0;0;0;0;0;0;15;0;;;;;
2025-11-28;O_ASELSE0126C185.00;ASELS_01/2026_AVRUPA_OPSIYON;D_EQ;SSO;D_EQ_ECP;DE_ASELS_ECP;ASELS.E;2026-01-30;19.21;19.83;-3.13;0;0;0;0;0;0;0;0;0;0;0;;;;;
2025-11-28;O_ASELSE0126C190.00;ASELS_01/2026_AVRUPA_OPSIYON;D_EQ;SSO;D_EQ_ECP;DE_ASELS_ECP;ASELS.E;2026-01-30;16.26;16.85;-3.5;0;0;0;0;0;0;0;0;0;0;0;;;;;
2025-11-28;O_ASELSE0126C195.00;ASELS_01/2026_AVRUPA_OPSIYON;D_EQ;SSO;D_EQ_ECP;DE_ASELS_ECP;ASELS.E;2026-01-30;13.69;14.23;-3.79;0;0;0;0;0;0;0;0;0;0;0;;;;;
2025-11-28;O_ASELSE0126C200.00;ASELS_01/2026_AVRUPA_OPSIYON;D_EQ;SSO;D_EQ_ECP;DE_ASELS_ECP;ASELS.E;2026-01-30;11.45;11.96;-4.26;0;0;0;0;0;0;0;0;0;0;0;;;;;
2025-11-28;O_ASELSE0126C205.00;ASELS_01/2026_AVRUPA_OPSIYON;D_EQ;SSO;D_EQ_ECP;DE_ASELS_ECP;ASELS.E;2026-01-30;9.55;10.01;-4.6;0;0;0;0;0;0;0;0;0;0;0;;;;;
2025-11-28;O_ASELSE0126C210.00;ASELS_01/2026_AVRUPA_OPSIYON;D_EQ;SSO;D_EQ_ECP;DE_ASELS_ECP;ASELS.E;2026-01-30;8.03;8.45;-4.97;0;0;0;0;0;0;0;0;0;0;0;;;;;
2025-11-28;O_ASELSE0126C215.00;ASELS_01/2026_AVRUPA_OPSIYON;D_EQ;SSO;D_EQ_ECP;DE_ASELS_ECP;ASELS.E;2026-01-30;6.83;7.21;-5.27;0;0;0;0;0;0;0;0;0;0;0;;;;;
2025-11-28;O_ASELSE0126C220.00;ASELS_01/2026_AVRUPA_OPSIYON;D_EQ;SSO;D_EQ_ECP;DE_ASELS_ECP;ASELS.E;2026-01-30;5.81;6.16;-5.68;0;0;0;0;0;0;0;0;0;0;0;;;;;
2025-11-28;O_ASELSE0126C225.00;ASELS_01/2026_AVRUPA_OPSIYON;D_EQ;SSO;D_EQ_ECP;DE_ASELS_ECP;ASELS.E;2026-01-30;4.97;5.27;-5.69;0;0;0;0;0;0;0;0;0;0;0;;;;;
2025-11-28;O_ASELSE0126C230.00;ASELS_01/2026_AVRUPA_OPSIYON;D_EQ;SSO;D_EQ_ECP;DE_ASELS_ECP;ASELS.E;2026-01-30;4.26;4.53;-5.96;0;0;0;0;0;0;0;0;0;0;0;;;;;
2025-11-28;O_ASELSE0126C235.00;ASELS_01/2026_AVRUPA_OPSIYON;D_EQ;SSO;D_EQ_ECP;DE_ASELS_ECP;ASELS.E;2026-01-30;3.66;3.91;-6.39;0;0;0;0;0;0;0;0;0;0;0;;;;;
2025-11-28;O_ASELSE0126C240.00;ASELS_01/2026_AVRUPA_OPSIYON;D_EQ;SSO;D_EQ_ECP;DE_ASELS_ECP;ASELS.E;2026-01-30;3.16;3.39;-6.78;0;0;0;0;0;0;0;0;0;0;0;;;;;
2025-11-28;O_ASELSE0126C245.00;ASELS_01/2026_AVRUPA_OPSIYON;D_EQ;SSO;D_EQ_ECP;DE_ASELS_ECP;ASELS.E;2026-01-30;2.75;2.95;-6.78;0;0;0;0;0;0;0;0;0;0;0;;;;;
2025-11-28;O_ASELSE0126C250.00;ASELS_01/2026_AVRUPA_OPSIYON;D_EQ;SSO;D_EQ_ECP;DE_ASELS_ECP;ASELS.E;2026-01-30;2.4;2.58;-6.98;0;0;0;0;0;0;0;0;0;0;0;;;;;
2025-11-28;O_ASELSE0126P160.00;ASELS_01/2026_AVRUPA_OPSIYON;D_EQ;SSO;D_EQ_EPP;DE_ASELS_EPP;ASELS.E;2026-01-30;1.76;1.71;2.92;0;0;0;0;0;0;0;0;0;0;0;;;;;
2025-11-28;O_ASELSE0126P165.00;ASELS_01/2026_AVRUPA_OPSIYON;D_EQ;SSO;D_EQ_EPP;DE_ASELS_EPP;ASELS.E;2026-01-30;2.35;2.28;3.07;0;0;0;0;0;0;0;0;0;0;0;;;;;
2025-11-28;O_ASELSE0126P170.00;ASELS_01/2026_AVRUPA_OPSIYON;D_EQ;SSO;D_EQ_EPP;DE_ASELS_EPP;ASELS.E;2026-01-30;3.08;2.98;3.36;0;0;0;0;0;0;0;0;0;0;0;;;;;
2025-11-28;O_ASELSE0126P175.00;ASELS_01/2026_AVRUPA_OPSIYON;D_EQ;SSO;D_EQ_EPP;DE_ASELS_EPP;ASELS.E;2026-01-30;3.98;3.86;3.11;0;0;0;0;0;0;0;0;0;1;0;;;;;
2025-11-28;O_ASELSE0126P180.00;ASELS_01/2026_AVRUPA_OPSIYON;D_EQ;SSO;D_EQ_EPP;DE_ASELS_EPP;ASELS.E;2026-01-30;5.08;4.92;3.25;0;0;0;0;0;0;0;0;0;0;0;;;;;
2025-11-28;O_ASELSE0126P185.00;ASELS_01/2026_AVRUPA_OPSIYON;D_EQ;SSO;D_EQ_EPP;DE_ASELS_EPP;ASELS.E;2026-01-30;6.39;6.2;3.06;0;0;0;0;0;0;0;0;0;0;0;;;;;
2025-11-28;O_ASELSE0126P190.00;ASELS_01/2026_AVRUPA_OPSIYON;D_EQ;SSO;D_EQ_EPP;DE_ASELS_EPP;ASELS.E;2026-01-30;8.06;7.83;2.94;0;0;0;0;0;0;0;0;0;0;0;;;;;
2025-11-28;O_ASELSE0126P195.00;ASELS_01/2026_AVRUPA_OPSIYON;D_EQ;SSO;D_EQ_EPP;DE_ASELS_EPP;ASELS.E;2026-01-30;10.1;9.82;2.85;0;0;0;0;0;0;0;0;0;0;0;;;;;
2025-11-28;O_ASELSE0126P200.00;ASELS_01/2026_AVRUPA_OPSIYON;D_EQ;SSO;D_EQ_EPP;DE_ASELS_EPP;ASELS.E;2026-01-30;12.49;12.16;2.71;0;0;0;0;0;0;0;0;0;0;0;;;;;
2025-11-28;O_ASELSE0126P205.00;ASELS_01/2026_AVRUPA_OPSIYON;D_EQ;SSO;D_EQ_EPP;DE_ASELS_EPP;ASELS.E;2026-01-30;15.2;14.82;2.56;0;0;0;0;0;0;0;0;0;0;0;;;;;
2025-11-28;O_ASELSE0126P210.00;ASELS_01/2026_AVRUPA_OPSIYON;D_EQ;SSO;D_EQ_EPP;DE_ASELS_EPP;ASELS.E;2026-01-30;18.3;17.88;2.35;0;0;0;0;0;0;0;0;0;0;0;;;;;
2025-11-28;O_ASELSE0126P215.00;ASELS_01/2026_AVRUPA_OPSIYON;D_EQ;SSO;D_EQ_EPP;DE_ASELS_EPP;ASELS.E;2026-01-30;21.72;21.25;2.21;0;0;0;0;0;0;0;0;0;0;0;;;;;
2025-11-28;O_ASELSE0126P220.00;ASELS_01/2026_AVRUPA_OPSIYON;D_EQ;SSO;D_EQ_EPP;DE_ASELS_EPP;ASELS.E;2026-01-30;25.32;24.81;2.06;0;0;0;0;0;0;0;0;0;0;0;;;;;
2025-11-28;O_ASELSE0126P225.00;ASELS_01/2026_AVRUPA_OPSIYON;D_EQ;SSO;D_EQ_EPP;DE_ASELS_EPP;ASELS.E;2026-01-30;29.09;28.54;1.93;0;0;0;0;0;0;0;0;0;0;0;;;;;
2025-11-28;O_ASELSE1125C175.00;ASELS_11/2025_AVRUPA_OPSIYON;D_EQ;SSO;D_EQ_ECP;DE_ASELS_ECP;ASELS.E;2025-11-28;8.4;9.49;-11.49;0;0;0;0;0;0;0;0;0;43;0;;;;;
2025-11-28;O_ASELSE1125C180.00;ASELS_11/2025_AVRUPA_OPSIYON;D_EQ;SSO;D_EQ_ECP;DE_ASELS_ECP;ASELS.E;2025-11-28;3.4;4.7;-27.66;0;0;0;0;0;0;0;0;0;116;0;;;;;
2025-11-28;O_ASELSE1125C185.00;ASELS_11/2025_AVRUPA_OPSIYON;D_EQ;SSO;D_EQ_ECP;DE_ASELS_ECP;ASELS.E;2025-11-28;0;1.27;0;0.6;0.6;0.6;0.6;0.6;2775000;9000;150;9;796;150;;;;;
2025-11-28;O_ASELSE1125C190.00;ASELS_11/2025_AVRUPA_OPSIYON;D_EQ;SSO;D_EQ_ECP;DE_ASELS_ECP;ASELS.E;2025-11-28;0;0.13;0;0;0;0;0;0;0;0;0;0;951;0;;;;;
2025-11-28;O_ASELSE1125C195.00;ASELS_11/2025_AVRUPA_OPSIYON;D_EQ;SSO;D_EQ_ECP;DE_ASELS_ECP;ASELS.E;2025-11-28;0;0.01;0;0;0;0;0;0;0;0;0;0;70;0;;;;;
2025-11-28;O_ASELSE1125C200.00;ASELS_11/2025_AVRUPA_OPSIYON;D_EQ;SSO;D_EQ_ECP;DE_ASELS_ECP;ASELS.E;2025-11-28;0;0.01;0;0;0;0;0;0;0;0;0;0;100;0;;;;;
2025-11-28;O_ASELSE1125C205.00;ASELS_11/2025_AVRUPA_OPSIYON;D_EQ;SSO;D_EQ_ECP;DE_ASELS_ECP;ASELS.E;2025-11-28;0;0.01;0;0;0;0;0;0;0;0;0;0;205;0;;;;;
2025-11-28;O_ASELSE1125C210.00;ASELS_11/2025_AVRUPA_OPSIYON;D_EQ;SSO;D_EQ_ECP;DE_ASELS_ECP;ASELS.E;2025-11-28;0;0.01;0;0;0;0;0;0;0;0;0;0;3;0;;;;;
2025-11-28;O_ASELSE1125C215.00;ASELS_11/2025_AVRUPA_OPSIYON;D_EQ;SSO;D_EQ_ECP;DE_ASELS_ECP;ASELS.E;2025-11-28;0;0.01;0;0;0;0;0;0;0;0;0;0;100;0;;;;;
2025-11-28;O_ASELSE1125C220.00;ASELS_11/2025_AVRUPA_OPSIYON;D_EQ;SSO;D_EQ_ECP;DE_ASELS_ECP;ASELS.E;2025-11-28;0;0.01;0;0;0;0;0;0;0;0;0;0;130;0;;;;;
2025-11-28;O_ASELSE1125C225.00;ASELS_11/2025_AVRUPA_OPSIYON;D_EQ;SSO;D_EQ_ECP;DE_ASELS_ECP;ASELS.E;2025-11-28;0;0.01;0;0;0;0;0;0;0;0;0;0;40;0;;;;;
2025-11-28;O_ASELSE1125C230.00;ASELS_11/2025_AVRUPA_OPSIYON;D_EQ;SSO;D_EQ_ECP;DE_ASELS_ECP;ASELS.E;2025-11-28;0;0.01;0;0;0;0;0;0;0;0;0;0;200;0;;;;;
2025-11-28;O_ASELSE1125C235.00;ASELS_11/2025_AVRUPA_OPSIYON;D_EQ;SSO;D_EQ_ECP;DE_ASELS_ECP;ASELS.E;2025-11-28;0;0.01;0;0;0;0;0;0;0;0;0;0;113;0;;;;;
2025-11-28;O_ASELSE1125C240.00;ASELS_11/2025_AVRUPA_OPSIYON;D_EQ;SSO;D_EQ_ECP;DE_ASELS_ECP;ASELS.E;2025-11-28;0;0.01;0;0;0;0;0;0;0;0;0;0;0;0;;;;;
2025-11-28;O_ASELSE1125C245.00;ASELS_11/2025_AVRUPA_OPSIYON;D_EQ;SSO;D_EQ_ECP;DE_ASELS_ECP;ASELS.E;2025-11-28;0;0.01;0;0;0;0;0;0;0;0;0;0;1;0;;;;;
2025-11-28;O_ASELSE1125C250.00;ASELS_11/2025_AVRUPA_OPSIYON;D_EQ;SSO;D_EQ_ECP;DE_ASELS_ECP;ASELS.E;2025-11-28;0;0.01;0;0;0;0;0;0;0;0;0;0;0;0;;;;;
2025-11-28;O_ASELSE1125C260.00;ASELS_11/2025_AVRUPA_OPSIYON;D_EQ;SSO;D_EQ_ECP;DE_ASELS_ECP;ASELS.E;2025-11-28;0;0.01;0;0;0;0;0;0;0;0;0;0;100;0;;;;;
2025-11-28;O_ASELSE1125C270.00;ASELS_11/2025_AVRUPA_OPSIYON;D_EQ;SSO;D_EQ_ECP;DE_ASELS_ECP;ASELS.E;2025-11-28;0;0.01;0;0;0;0;0;0;0;0;0;0;24;0;;;;;
2025-11-28;O_ASELSE1125P150.00;ASELS_11/2025_AVRUPA_OPSIYON;D_EQ;SSO;D_EQ_EPP;DE_ASELS_EPP;ASELS.E;2025-11-28;0;0.01;0;0;0;0;0;0;0;0;0;0;0;0;;;;;
2025-11-28;O_ASELSE1125P155.00;ASELS_11/2025_AVRUPA_OPSIYON;D_EQ;SSO;D_EQ_EPP;DE_ASELS_EPP;ASELS.E;2025-11-28;0;0.01;0;0;0;0;0;0;0;0;0;0;0;0;;;;;
2025-11-28;O_ASELSE1125P160.00;ASELS_11/2025_AVRUPA_OPSIYON;D_EQ;SSO;D_EQ_EPP;DE_ASELS_EPP;ASELS.E;2025-11-28;0;0.01;0;0;0;0;0;0;0;0;0;0;0;0;;;;;
2025-11-28;O_ASELSE1125P165.00;ASELS_11/2025_AVRUPA_OPSIYON;D_EQ;SSO;D_EQ_EPP;DE_ASELS_EPP;ASELS.E;2025-11-28;0;0.01;0;0;0;0;0;0;0;0;0;0;2;0;;;;;
2025-11-28;O_ASELSE1125P170.00;ASELS_11/2025_AVRUPA_OPSIYON;D_EQ;SSO;D_EQ_EPP;DE_ASELS_EPP;ASELS.E;2025-11-28;0;0.01;0;0;0;0;0;0;0;0;0;0;0;0;;;;;
2025-11-28;O_ASELSE1125P175.00;ASELS_11/2025_AVRUPA_OPSIYON;D_EQ;SSO;D_EQ_EPP;DE_ASELS_EPP;ASELS.E;2025-11-28;0;0.01;0;0;0;0;0;0;0;0;0;0;58;0;;;;;
2025-11-28;O_ASELSE1125P180.00;ASELS_11/2025_AVRUPA_OPSIYON;D_EQ;SSO;D_EQ_EPP;DE_ASELS_EPP;ASELS.E;2025-11-28;0;0.21;0;0;0;0;0;0;0;0;0;0;57;0;;;;;
2025-11-28;O_ASELSE1125P185.00;ASELS_11/2025_AVRUPA_OPSIYON;D_EQ;SSO;D_EQ_EPP;DE_ASELS_EPP;ASELS.E;2025-11-28;1.6;1.77;-9.6;0;0;0;0;0;0;0;0;0;37;0;;;;;
2025-11-28;O_ASELSE1125P190.00;ASELS_11/2025_AVRUPA_OPSIYON;D_EQ;SSO;D_EQ_EPP;DE_ASELS_EPP;ASELS.E;2025-11-28;6.6;5.63;17.23;5.9;5.9;6.65;6.65;6.58;209000;7240;11;2;123;-1;;;;;
2025-11-28;O_ASELSE1125P195.00;ASELS_11/2025_AVRUPA_OPSIYON;D_EQ;SSO;D_EQ_EPP;DE_ASELS_EPP;ASELS.E;2025-11-28;11.6;10.5;10.48;11.01;10.5;11.01;10.5;10.87;3724500;207641;191;12;175;-75;;;;;
2025-11-28;O_ASELSE1125P200.00;ASELS_11/2025_AVRUPA_OPSIYON;D_EQ;SSO;D_EQ_EPP;DE_ASELS_EPP;ASELS.E;2025-11-28;16.6;15.49;7.17;0;0;0;0;0;0;0;0;0;72;0;;;;;
2025-11-28;O_ASELSE1125P205.00;ASELS_11/2025_AVRUPA_OPSIYON;D_EQ;SSO;D_EQ_EPP;DE_ASELS_EPP;ASELS.E;2025-11-28;21.6;20.49;5.42;0;0;0;0;0;0;0;0;0;10;0;;;;;
2025-11-28;O_ASELSE1125P210.00;ASELS_11/2025_AVRUPA_OPSIYON;D_EQ;SSO;D_EQ_EPP;DE_ASELS_EPP;ASELS.E;2025-11-28;26.6;25.48;4.4;0;0;0;0;0;0;0;0;0;28;0;;;;;
2025-11-28;O_ASELSE1125P215.00;ASELS_11/2025_AVRUPA_OPSIYON;D_EQ;SSO;D_EQ_EPP;DE_ASELS_EPP;ASELS.E;2025-11-28;31.6;30.48;3.67;0;0;0;0;0;0;0;0;0;28;0;;;;;
2025-11-28;O_ASELSE1125P220.00;ASELS_11/2025_AVRUPA_OPSIYON;D_EQ;SSO;D_EQ_EPP;DE_ASELS_EPP;ASELS.E;2025-11-28;36.6;35.47;3.19;0;0;0;0;0;0;0;0;0;15;0;;;;;
2025-11-28;O_ASELSE1125P225.00;ASELS_11/2025_AVRUPA_OPSIYON;D_EQ;SSO;D_EQ_EPP;DE_ASELS_EPP;ASELS.E;2025-11-28;41.6;40.47;2.79;0;0;0;0;0;0;0;0;0;48;0;;;;;
2025-11-28;O_ASELSE1125P230.00;ASELS_11/2025_AVRUPA_OPSIYON;D_EQ;SSO;D_EQ_EPP;DE_ASELS_EPP;ASELS.E;2025-11-28;46.6;45.46;2.51;0;0;0;0;0;0;0;0;0;60;0;;;;;
2025-11-28;O_ASELSE1125P235.00;ASELS_11/2025_AVRUPA_OPSIYON;D_EQ;SSO;D_EQ_EPP;DE_ASELS_EPP;ASELS.E;2025-11-28;51.6;50.46;2.26;0;0;0;0;0;0;0;0;0;48;0;;;;;
2025-11-28;O_ASELSE1225C180.00;ASELS_12/2025_AVRUPA_OPSIYON;D_EQ;SSO;D_EQ_ECP;DE_ASELS_ECP;ASELS.E;2025-12-31;14.29;14.93;-4.29;0;0;0;0;0;0;0;0;0;28;0;;;;;
2025-11-28;O_ASELSE1225C185.00;ASELS_12/2025_AVRUPA_OPSIYON;D_EQ;SSO;D_EQ_ECP;DE_ASELS_ECP;ASELS.E;2025-12-31;11.25;11.84;-4.98;9.79;9.79;9.92;9.92;9.86;1110000;59174;60;7;70;60;;;;;
2025-11-28;O_ASELSE1225C190.00;ASELS_12/2025_AVRUPA_OPSIYON;D_EQ;SSO;D_EQ_ECP;DE_ASELS_ECP;ASELS.E;2025-12-31;8.68;9.21;-5.75;7.21;7.21;7.4;7.4;7.3;722000;27750;38;4;86;38;;;;;
2025-11-28;O_ASELSE1225C195.00;ASELS_12/2025_AVRUPA_OPSIYON;D_EQ;SSO;D_EQ_ECP;DE_ASELS_ECP;ASELS.E;2025-12-31;6.6;7.07;-6.65;5.23;5.23;5.3;5.3;5.28;546000;14770;28;3;56;28;;;;;
2025-11-28;O_ASELSE1225C200.00;ASELS_12/2025_AVRUPA_OPSIYON;D_EQ;SSO;D_EQ_ECP;DE_ASELS_ECP;ASELS.E;2025-12-31;4.94;5.34;-7.49;3.7;3.7;3.7;3.7;3.7;200000;3700;10;1;10;10;;;;;
2025-11-28;O_ASELSE1225C205.00;ASELS_12/2025_AVRUPA_OPSIYON;D_EQ;SSO;D_EQ_ECP;DE_ASELS_ECP;ASELS.E;2025-12-31;3.75;4.09;-8.31;0;0;0;0;0;0;0;0;0;129;0;;;;;
2025-11-28;O_ASELSE1225C210.00;ASELS_12/2025_AVRUPA_OPSIYON;D_EQ;SSO;D_EQ_ECP;DE_ASELS_ECP;ASELS.E;2025-12-31;2.85;3.14;-9.24;0;0;0;0;0;0;0;0;0;207;0;;;;;
2025-11-28;O_ASELSE1225C215.00;ASELS_12/2025_AVRUPA_OPSIYON;D_EQ;SSO;D_EQ_ECP;DE_ASELS_ECP;ASELS.E;2025-12-31;2.17;2.41;-9.96;0;0;0;0;0;0;0;0;0;0;0;;;;;
2025-11-28;O_ASELSE1225C220.00;ASELS_12/2025_AVRUPA_OPSIYON;D_EQ;SSO;D_EQ_ECP;DE_ASELS_ECP;ASELS.E;2025-12-31;1.65;1.85;-10.81;0;0;0;0;0;0;0;0;0;1;0;;;;;
2025-11-28;O_ASELSE1225C225.00;ASELS_12/2025_AVRUPA_OPSIYON;D_EQ;SSO;D_EQ_ECP;DE_ASELS_ECP;ASELS.E;2025-12-31;1.26;1.43;-11.89;0;0;0;0;0;0;0;0;0;0;0;;;;;
2025-11-28;O_ASELSE1225C230.00;ASELS_12/2025_AVRUPA_OPSIYON;D_EQ;SSO;D_EQ_ECP;DE_ASELS_ECP;ASELS.E;2025-12-31;0.97;1.1;-11.82;0;0;0;0;0;0;0;0;0;0;0;;;;;
2025-11-28;O_ASELSE1225C235.00;ASELS_12/2025_AVRUPA_OPSIYON;D_EQ;SSO;D_EQ_ECP;DE_ASELS_ECP;ASELS.E;2025-12-31;0.75;0.86;-12.79;0;0;0;0;0;0;0;0;0;0;0;;;;;
2025-11-28;O_ASELSE1225C240.00;ASELS_12/2025_AVRUPA_OPSIYON;D_EQ;SSO;D_EQ_ECP;DE_ASELS_ECP;ASELS.E;2025-12-31;0.58;0.67;-13.43;0;0;0;0;0;0;0;0;0;0;0;;;;;
2025-11-28;O_ASELSE1225C245.00;ASELS_12/2025_AVRUPA_OPSIYON;D_EQ;SSO;D_EQ_ECP;DE_ASELS_ECP;ASELS.E;2025-12-31;0.45;0.53;-15.09;0;0;0;0;0;0;0;0;0;0;0;;;;;
2025-11-28;O_ASELSE1225C250.00;ASELS_12/2025_AVRUPA_OPSIYON;D_EQ;SSO;D_EQ_ECP;DE_ASELS_ECP;ASELS.E;2025-12-31;0.36;0.42;-14.29;0;0;0;0;0;0;0;0;0;0;0;;;;;
2025-11-28;O_ASELSE1225C260.00;ASELS_12/2025_AVRUPA_OPSIYON;D_EQ;SSO;D_EQ_ECP;DE_ASELS_ECP;ASELS.E;2025-12-31;0.23;0.27;-14.81;0;0;0;0;0;0;0;0;0;0;0;;;;;
2025-11-28;O_ASELSE1225C270.00;ASELS_12/2025_AVRUPA_OPSIYON;D_EQ;SSO;D_EQ_ECP;DE_ASELS_ECP;ASELS.E;2025-12-31;0.15;0.18;-16.67;0;0;0;0;0;0;0;0;0;2;0;;;;;
2025-11-28;O_ASELSE1225C280.00;ASELS_12/2025_AVRUPA_OPSIYON;D_EQ;SSO;D_EQ_ECP;DE_ASELS_ECP;ASELS.E;2025-12-31;0.1;0.12;-16.67;0;0;0;0;0;0;0;0;0;0;0;;;;;
2025-11-28;O_ASELSE1225P155.00;ASELS_12/2025_AVRUPA_OPSIYON;D_EQ;SSO;D_EQ_EPP;DE_ASELS_EPP;ASELS.E;2025-12-31;0.6;0.59;1.69;0;0;0;0;0;0;0;0;0;0;0;;;;;
2025-11-28;O_ASELSE1225P160.00;ASELS_12/2025_AVRUPA_OPSIYON;D_EQ;SSO;D_EQ_EPP;DE_ASELS_EPP;ASELS.E;2025-12-31;0.96;0.94;2.13;0;0;0;0;0;0;0;0;0;0;0;;;;;
2025-11-28;O_ASELSE1225P165.00;ASELS_12/2025_AVRUPA_OPSIYON;D_EQ;SSO;D_EQ_EPP;DE_ASELS_EPP;ASELS.E;2025-12-31;1.47;1.44;2.08;0;0;0;0;0;0;0;0;0;6;0;;;;;
2025-11-28;O_ASELSE1225P170.00;ASELS_12/2025_AVRUPA_OPSIYON;D_EQ;SSO;D_EQ_EPP;DE_ASELS_EPP;ASELS.E;2025-12-31;2.2;2.14;2.8;0;0;0;0;0;0;0;0;0;55;0;;;;;
2025-11-28;O_ASELSE1225P175.00;ASELS_12/2025_AVRUPA_OPSIYON;D_EQ;SSO;D_EQ_EPP;DE_ASELS_EPP;ASELS.E;2025-12-31;3.2;3.1;3.23;0;0;0;0;0;0;0;0;0;0;0;;;;;
2025-11-28;O_ASELSE1225P180.00;ASELS_12/2025_AVRUPA_OPSIYON;D_EQ;SSO;D_EQ_EPP;DE_ASELS_EPP;ASELS.E;2025-12-31;4.51;4.37;3.2;0;0;0;0;0;0;0;0;0;0;0;;;;;
2025-11-28;O_ASELSE1225P185.00;ASELS_12/2025_AVRUPA_OPSIYON;D_EQ;SSO;D_EQ_EPP;DE_ASELS_EPP;ASELS.E;2025-12-31;6.3;6.11;3.11;0;0;0;0;0;0;0;0;0;0;0;;;;;
2025-11-28;O_ASELSE1225P190.00;ASELS_12/2025_AVRUPA_OPSIYON;D_EQ;SSO;D_EQ_EPP;DE_ASELS_EPP;ASELS.E;2025-12-31;8.57;8.3;3.25;8.13;7.96;8.4;8.4;8.26;931000;40486;49;6;29;29;;;;;
2025-11-28;O_ASELSE1225P195.00;ASELS_12/2025_AVRUPA_OPSIYON;D_EQ;SSO;D_EQ_EPP;DE_ASELS_EPP;ASELS.E;2025-12-31;11.32;10.99;3;10.97;10.97;11;11;10.99;546000;30770;28;3;28;28;;;;;
2025-11-28;O_ASELSE1225P200.00;ASELS_12/2025_AVRUPA_OPSIYON;D_EQ;SSO;D_EQ_EPP;DE_ASELS_EPP;ASELS.E;2025-12-31;14.49;14.08;2.91;0;0;0;0;0;0;0;0;0;0;0;;;;;
2025-11-28;O_ASELSE1225P205.00;ASELS_12/2025_AVRUPA_OPSIYON;D_EQ;SSO;D_EQ_EPP;DE_ASELS_EPP;ASELS.E;2025-12-31;18.13;17.67;2.6;0;0;0;0;0;0;0;0;0;28;0;;;;;
2025-11-28;O_ASELSE1225P210.00;ASELS_12/2025_AVRUPA_OPSIYON;D_EQ;SSO;D_EQ_EPP;DE_ASELS_EPP;ASELS.E;2025-12-31;22.06;21.54;2.41;0;0;0;0;0;0;0;0;0;0;0;;;;;
2025-11-28;O_ASELSE1225P215.00;ASELS_12/2025_AVRUPA_OPSIYON;D_EQ;SSO;D_EQ_EPP;DE_ASELS_EPP;ASELS.E;2025-12-31;26.21;25.63;2.26;0;0;0;0;0;0;0;0;0;0;0;;;;;
2025-11-28;O_ASELSE1225P220.00;ASELS_12/2025_AVRUPA_OPSIYON;D_EQ;SSO;D_EQ_EPP;DE_ASELS_EPP;ASELS.E;2025-12-31;30.52;29.9;2.07;0;0;0;0;0;0;0;0;0;28;0;;;;;
2025-11-28;O_ASELSE1225P225.00;ASELS_12/2025_AVRUPA_OPSIYON;D_EQ;SSO;D_EQ_EPP;DE_ASELS_EPP;ASELS.E;2025-12-31;34.96;34.3;1.92;0;0;0;0;0;0;0;0;0;0;0;;;;;
2025-11-28;O_ASELSE1225P230.00;ASELS_12/2025_AVRUPA_OPSIYON;D_EQ;SSO;D_EQ_EPP;DE_ASELS_EPP;ASELS.E;2025-12-31;39.5;38.8;1.8;0;0;0;0;0;0;0;0;0;0;0;;;;;
2025-11-28;O_ASELSE1225P235.00;ASELS_12/2025_AVRUPA_OPSIYON;D_EQ;SSO;D_EQ_EPP;DE_ASELS_EPP;ASELS.E;2025-12-31;44.11;43.39;1.66;0;0;0;0;0;0;0;0;0;1;0;;;;;
2025-11-28;O_ASELSE1225P240.00;ASELS_12/2025_AVRUPA_OPSIYON;D_EQ;SSO;D_EQ_EPP;DE_ASELS_EPP;ASELS.E;2025-12-31;48.78;48.02;1.58;0;0;0;0;0;0;0;0;0;0;0;;;;;
2025-11-28;O_BIMASE0126C540.00;BIMAS_01/2026_AVRUPA_OPSIYON;D_EQ;SSO;D_EQ_ECP;DE_BIMAS_ECP;BIMAS.E;2026-01-30;55.38;61;-9.21;0;0;0;0;0;0;0;0;0;0;0;;;;;
2025-11-28;O_BIMASE0126C560.00;BIMAS_01/2026_AVRUPA_OPSIYON;D_EQ;SSO;D_EQ_ECP;DE_BIMAS_ECP;BIMAS.E;2026-01-30;43.89;48.81;-10.08;0;0;0;0;0;0;0;0;0;0;0;;;;;
2025-11-28;O_BIMASE0126C580.00;BIMAS_01/2026_AVRUPA_OPSIYON;D_EQ;SSO;D_EQ_ECP;DE_BIMAS_ECP;BIMAS.E;2026-01-30;34.25;38.49;-11.02;0;0;0;0;0;0;0;0;0;0;0;;;;;
2025-11-28;O_BIMASE0126C600.00;BIMAS_01/2026_AVRUPA_OPSIYON;D_EQ;SSO;D_EQ_ECP;DE_BIMAS_ECP;BIMAS.E;2026-01-30;26.43;30.06;-12.08;0;0;0;0;0;0;0;0;0;0;0;;;;;
2025-11-28;O_BIMASE0126C620.00;BIMAS_01/2026_AVRUPA_OPSIYON;D_EQ;SSO;D_EQ_ECP;DE_BIMAS_ECP;BIMAS.E;2026-01-30;20.64;23.44;-11.95;0;0;0;0;0;0;0;0;0;0;0;;;;;
2025-11-28;O_BIMASE0126C640.00;BIMAS_01/2026_AVRUPA_OPSIYON;D_EQ;SSO;D_EQ_ECP;DE_BIMAS_ECP;BIMAS.E;2026-01-30;16.13;18.43;-12.48;0;0;0;0;0;0;0;0;0;0;0;;;;;
2025-11-28;O_BIMASE0126C660.00;BIMAS_01/2026_AVRUPA_OPSIYON;D_EQ;SSO;D_EQ_ECP;DE_BIMAS_ECP;BIMAS.E;2026-01-30;12.62;14.49;-12.91;0;0;0;0;0;0;0;0;0;0;0;;;;;
2025-11-28;O_BIMASE0126C680.00;BIMAS_01/2026_AVRUPA_OPSIYON;D_EQ;SSO;D_EQ_ECP;DE_BIMAS_ECP;BIMAS.E;2026-01-30;9.9;11.4;-13.16;0;0;0;0;0;0;0;0;0;0;0;;;;;
2025-11-28;O_BIMASE0126C700.00;BIMAS_01/2026_AVRUPA_OPSIYON;D_EQ;SSO;D_EQ_ECP;DE_BIMAS_ECP;BIMAS.E;2026-01-30;7.79;9;-13.44;0;0;0;0;0;0;0;0;0;0;0;;;;;
2025-11-28;O_BIMASE0126C720.00;BIMAS_01/2026_AVRUPA_OPSIYON;D_EQ;SSO;D_EQ_ECP;DE_BIMAS_ECP;BIMAS.E;2026-01-30;6.17;7.14;-13.59;0;0;0;0;0;0;0;0;0;0;0;;;;;
2025-11-28;O_BIMASE0126P470.00;BIMAS_01/2026_AVRUPA_OPSIYON;D_EQ;SSO;D_EQ_EPP;DE_BIMAS_EPP;BIMAS.E;2026-01-30;4.31;3.89;10.8;0;0;0;0;0;0;0;0;0;0;0;;;;;
2025-11-28;O_BIMASE0126P480.00;BIMAS_01/2026_AVRUPA_OPSIYON;D_EQ;SSO;D_EQ_EPP;DE_BIMAS_EPP;BIMAS.E;2026-01-30;5.39;4.87;10.68;5.55;5.55;5.55;5.55;5.55;48000;555;1;1;1;1;;;;;
2025-11-28;O_BIMASE0126P490.00;BIMAS_01/2026_AVRUPA_OPSIYON;D_EQ;SSO;D_EQ_EPP;DE_BIMAS_EPP;BIMAS.E;2026-01-30;6.69;6.05;10.58;0;0;0;0;0;0;0;0;0;0;0;;;;;
2025-11-28;O_BIMASE0126P500.00;BIMAS_01/2026_AVRUPA_OPSIYON;D_EQ;SSO;D_EQ_EPP;DE_BIMAS_EPP;BIMAS.E;2026-01-30;8.21;7.44;10.35;0;0;0;0;0;0;0;0;0;0;0;;;;;
2025-11-28;O_BIMASE0126P520.00;BIMAS_01/2026_AVRUPA_OPSIYON;D_EQ;SSO;D_EQ_EPP;DE_BIMAS_EPP;BIMAS.E;2026-01-30;12.07;10.97;10.03;0;0;0;0;0;0;0;0;0;0;0;;;;;
2025-11-28;O_BIMASE0126P540.00;BIMAS_01/2026_AVRUPA_OPSIYON;D_EQ;SSO;D_EQ_EPP;DE_BIMAS_EPP;BIMAS.E;2026-01-30;17.17;15.66;9.64;0;0;0;0;0;0;0;0;0;0;0;;;;;
2025-11-28;O_BIMASE0126P560.00;BIMAS_01/2026_AVRUPA_OPSIYON;D_EQ;SSO;D_EQ_EPP;DE_BIMAS_EPP;BIMAS.E;2026-01-30;24.15;21.92;10.17;0;0;0;0;0;0;0;0;0;0;0;;;;;
2025-11-28;O_BIMASE0126P580.00;BIMAS_01/2026_AVRUPA_OPSIYON;D_EQ;SSO;D_EQ_EPP;DE_BIMAS_EPP;BIMAS.E;2026-01-30;32.98;30.05;9.75;0;0;0;0;0;0;0;0;0;0;0;;;;;
2025-11-28;O_BIMASE0126P600.00;BIMAS_01/2026_AVRUPA_OPSIYON;D_EQ;SSO;D_EQ_EPP;DE_BIMAS_EPP;BIMAS.E;2026-01-30;43.64;40.06;8.94;0;0;0;0;0;0;0;0;0;0;0;;;;;
2025-11-28;O_BIMASE0126P620.00;BIMAS_01/2026_AVRUPA_OPSIYON;D_EQ;SSO;D_EQ_EPP;DE_BIMAS_EPP;BIMAS.E;2026-01-30;56.32;51.9;8.52;0;0;0;0;0;0;0;0;0;0;0;;;;;
2025-11-28;O_BIMASE1125C500.00;BIMAS_11/2025_AVRUPA_OPSIYON;D_EQ;SSO;D_EQ_ECP;DE_BIMAS_ECP;BIMAS.E;2025-11-28;37;44.02;-15.95;0;0;0;0;0;0;0;0;0;1;0;;;;;
2025-11-28;O_BIMASE1125C520.00;BIMAS_11/2025_AVRUPA_OPSIYON;D_EQ;SSO;D_EQ_ECP;DE_BIMAS_ECP;BIMAS.E;2025-11-28;17;24.08;-29.4;0;0;0;0;0;0;0;0;0;10;0;;;;;
2025-11-28;O_BIMASE1125C540.00;BIMAS_11/2025_AVRUPA_OPSIYON;D_EQ;SSO;D_EQ_ECP;DE_BIMAS_ECP;BIMAS.E;2025-11-28;0;6.62;0;0;0;0;0;0;0;0;0;0;50;0;;;;;
2025-11-28;O_BIMASE1125C560.00;BIMAS_11/2025_AVRUPA_OPSIYON;D_EQ;SSO;D_EQ_ECP;DE_BIMAS_ECP;BIMAS.E;2025-11-28;0;0.36;0;0;0;0;0;0;0;0;0;0;58;0;;;;;
2025-11-28;O_BIMASE1125C580.00;BIMAS_11/2025_AVRUPA_OPSIYON;D_EQ;SSO;D_EQ_ECP;DE_BIMAS_ECP;BIMAS.E;2025-11-28;0;0.01;0;0;0;0;0;0;0;0;0;0;164;0;;;;;
2025-11-28;O_BIMASE1125C600.00;BIMAS_11/2025_AVRUPA_OPSIYON;D_EQ;SSO;D_EQ_ECP;DE_BIMAS_ECP;BIMAS.E;2025-11-28;0;0.01;0;0;0;0;0;0;0;0;0;0;20;0;;;;;
2025-11-28;O_BIMASE1125C620.00;BIMAS_11/2025_AVRUPA_OPSIYON;D_EQ;SSO;D_EQ_ECP;DE_BIMAS_ECP;BIMAS.E;2025-11-28;0;0.01;0;0;0;0;0;0;0;0;0;0;27;0;;;;;
2025-11-28;O_BIMASE1125C640.00;BIMAS_11/2025_AVRUPA_OPSIYON;D_EQ;SSO;D_EQ_ECP;DE_BIMAS_ECP;BIMAS.E;2025-11-28;0;0.01;0;0;0;0;0;0;0;0;0;0;25;0;;;;;
2025-11-28;O_BIMASE1125C660.00;BIMAS_11/2025_AVRUPA_OPSIYON;D_EQ;SSO;D_EQ_ECP;DE_BIMAS_ECP;BIMAS.E;2025-11-28;0;0.01;0;0;0;0;0;0;0;0;0;0;20;0;;;;;
2025-11-28;O_BIMASE1125C680.00;BIMAS_11/2025_AVRUPA_OPSIYON;D_EQ;SSO;D_EQ_ECP;DE_BIMAS_ECP;BIMAS.E;2025-11-28;0;0.01;0;0;0;0;0;0;0;0;0;0;47;0;;;;;
2025-11-28;O_BIMASE1125C700.00;BIMAS_11/2025_AVRUPA_OPSIYON;D_EQ;SSO;D_EQ_ECP;DE_BIMAS_ECP;BIMAS.E;2025-11-28;0;0.01;0;0;0;0;0;0;0;0;0;0;14;0;;;;;
2025-11-28;O_BIMASE1125C720.00;BIMAS_11/2025_AVRUPA_OPSIYON;D_EQ;SSO;D_EQ_ECP;DE_BIMAS_ECP;BIMAS.E;2025-11-28;0;0.01;0;0;0;0;0;0;0;0;0;0;10;0;;;;;
2025-11-28;O_BIMASE1125P450.00;BIMAS_11/2025_AVRUPA_OPSIYON;D_EQ;SSO;D_EQ_EPP;DE_BIMAS_EPP;BIMAS.E;2025-11-28;0;0.01;0;0;0;0;0;0;0;0;0;0;0;0;;;;;
2025-11-28;O_BIMASE1125P460.00;BIMAS_11/2025_AVRUPA_OPSIYON;D_EQ;SSO;D_EQ_EPP;DE_BIMAS_EPP;BIMAS.E;2025-11-28;0;0.01;0;0;0;0;0;0;0;0;0;0;10;0;;;;;
2025-11-28;O_BIMASE1125P470.00;BIMAS_11/2025_AVRUPA_OPSIYON;D_EQ;SSO;D_EQ_EPP;DE_BIMAS_EPP;BIMAS.E;2025-11-28;0;0.01;0;0;0;0;0;0;0;0;0;0;62;0;;;;;
2025-11-28;O_BIMASE1125P480.00;BIMAS_11/2025_AVRUPA_OPSIYON;D_EQ;SSO;D_EQ_EPP;DE_BIMAS_EPP;BIMAS.E;2025-11-28;0;0.01;0;0;0;0;0;0;0;0;0;0;12;0;;;;;
2025-11-28;O_BIMASE1125P490.00;BIMAS_11/2025_AVRUPA_OPSIYON;D_EQ;SSO;D_EQ_EPP;DE_BIMAS_EPP;BIMAS.E;2025-11-28;0;0.01;0;0;0;0;0;0;0;0;0;0;0;0;;;;;
2025-11-28;O_BIMASE1125P500.00;BIMAS_11/2025_AVRUPA_OPSIYON;D_EQ;SSO;D_EQ_EPP;DE_BIMAS_EPP;BIMAS.E;2025-11-28;0;0.01;0;0;0;0;0;0;0;0;0;0;0;0;;;;;
2025-11-28;O_BIMASE1125P520.00;BIMAS_11/2025_AVRUPA_OPSIYON;D_EQ;SSO;D_EQ_EPP;DE_BIMAS_EPP;BIMAS.E;2025-11-28;0;0.04;0;0;0;0;0;0;0;0;0;0;206;0;;;;;
2025-11-28;O_BIMASE1125P540.00;BIMAS_11/2025_AVRUPA_OPSIYON;D_EQ;SSO;D_EQ_EPP;DE_BIMAS_EPP;BIMAS.E;2025-11-28;3;2.56;17.19;0;0;0;0;0;0;0;0;0;37;0;;;;;
2025-11-28;O_BIMASE1125P560.00;BIMAS_11/2025_AVRUPA_OPSIYON;D_EQ;SSO;D_EQ_EPP;DE_BIMAS_EPP;BIMAS.E;2025-11-28;23;16.28;41.28;16.74;16.74;16.74;16.74;16.74;560000;16740;10;1;45;0;;;;;
2025-11-28;O_BIMASE1125P580.00;BIMAS_11/2025_AVRUPA_OPSIYON;D_EQ;SSO;D_EQ_EPP;DE_BIMAS_EPP;BIMAS.E;2025-11-28;43;35.9;19.78;0;0;0;0;0;0;0;0;0;18;0;;;;;
2025-11-28;O_BIMASE1125P600.00;BIMAS_11/2025_AVRUPA_OPSIYON;D_EQ;SSO;D_EQ_EPP;DE_BIMAS_EPP;BIMAS.E;2025-11-28;63;55.88;12.74;0;0;0;0;0;0;0;0;0;32;0;;;;;
2025-11-28;O_BIMASE1125P620.00;BIMAS_11/2025_AVRUPA_OPSIYON;D_EQ;SSO;D_EQ_EPP;DE_BIMAS_EPP;BIMAS.E;2025-11-28;83;75.85;9.43;0;0;0;0;0;0;0;0;0;52;0;;;;;
2025-11-28;O_BIMASE1225C540.00;BIMAS_12/2025_AVRUPA_OPSIYON;D_EQ;SSO;D_EQ_ECP;DE_BIMAS_ECP;BIMAS.E;2025-12-31;32.46;37.4;-13.21;30.97;30.97;30.97;30.97;30.97;540000;30970;10;1;29;0;;;;;
2025-11-28;O_BIMASE1225C560.00;BIMAS_12/2025_AVRUPA_OPSIYON;D_EQ;SSO;D_EQ_ECP;DE_BIMAS_ECP;BIMAS.E;2025-12-31;22.46;26.53;-15.34;19.95;19.83;19.95;19.83;19.94;1120000;39876;20;3;54;18;;;;;
2025-11-28;O_BIMASE1225C580.00;BIMAS_12/2025_AVRUPA_OPSIYON;D_EQ;SSO;D_EQ_ECP;DE_BIMAS_ECP;BIMAS.E;2025-12-31;15.02;18.2;-17.47;12.35;12.22;12.6;12.22;12.46;2204000;47354;38;5;92;36;;;;;
2025-11-28;O_BIMASE1225C600.00;BIMAS_12/2025_AVRUPA_OPSIYON;D_EQ;SSO;D_EQ_ECP;DE_BIMAS_ECP;BIMAS.E;2025-12-31;10;12.24;-18.3;7.4;7.4;7.4;7.4;7.4;1080000;13320;18;2;18;18;;;;;
2025-11-28;O_BIMASE1225C620.00;BIMAS_12/2025_AVRUPA_OPSIYON;D_EQ;SSO;D_EQ_ECP;DE_BIMAS_ECP;BIMAS.E;2025-12-31;6.61;8.23;-19.68;4.5;4.35;4.55;4.35;4.48;2480000;17910;40;3;40;40;;;;;
2025-11-28;O_BIMASE1225C640.00;BIMAS_12/2025_AVRUPA_OPSIYON;D_EQ;SSO;D_EQ_ECP;DE_BIMAS_ECP;BIMAS.E;2025-12-31;4.33;5.49;-21.13;0;0;0;0;0;0;0;0;0;40;0;;;;;
2025-11-28;O_BIMASE1225C660.00;BIMAS_12/2025_AVRUPA_OPSIYON;D_EQ;SSO;D_EQ_ECP;DE_BIMAS_ECP;BIMAS.E;2025-12-31;2.83;3.64;-22.25;0;0;0;0;0;0;0;0;0;76;0;;;;;
2025-11-28;O_BIMASE1225C680.00;BIMAS_12/2025_AVRUPA_OPSIYON;D_EQ;SSO;D_EQ_ECP;DE_BIMAS_ECP;BIMAS.E;2025-12-31;1.85;2.41;-23.24;0;0;0;0;0;0;0;0;0;96;0;;;;;
2025-11-28;O_BIMASE1225C700.00;BIMAS_12/2025_AVRUPA_OPSIYON;D_EQ;SSO;D_EQ_ECP;DE_BIMAS_ECP;BIMAS.E;2025-12-31;1.22;1.6;-23.75;0;0;0;0;0;0;0;0;0;0;0;;;;;
2025-11-28;O_BIMASE1225C720.00;BIMAS_12/2025_AVRUPA_OPSIYON;D_EQ;SSO;D_EQ_ECP;DE_BIMAS_ECP;BIMAS.E;2025-12-31;0.81;1.07;-24.3;0;0;0;0;0;0;0;0;0;0;0;;;;;
2025-11-28;O_BIMASE1225C740.00;BIMAS_12/2025_AVRUPA_OPSIYON;D_EQ;SSO;D_EQ_ECP;DE_BIMAS_ECP;BIMAS.E;2025-12-31;0.54;0.72;-25;0;0;0;0;0;0;0;0;0;0;0;;;;;
2025-11-28;O_BIMASE1225P470.00;BIMAS_12/2025_AVRUPA_OPSIYON;D_EQ;SSO;D_EQ_EPP;DE_BIMAS_EPP;BIMAS.E;2025-12-31;2.37;2.07;14.49;0;0;0;0;0;0;0;0;0;94;0;;;;;
2025-11-28;O_BIMASE1225P480.00;BIMAS_12/2025_AVRUPA_OPSIYON;D_EQ;SSO;D_EQ_EPP;DE_BIMAS_EPP;BIMAS.E;2025-12-31;3.31;2.89;14.53;0;0;0;0;0;0;0;0;0;23;0;;;;;
2025-11-28;O_BIMASE1225P490.00;BIMAS_12/2025_AVRUPA_OPSIYON;D_EQ;SSO;D_EQ_EPP;DE_BIMAS_EPP;BIMAS.E;2025-12-31;4.54;3.97;14.36;0;0;0;0;0;0;0;0;0;100;0;;;;;
2025-11-28;O_BIMASE1225P500.00;BIMAS_12/2025_AVRUPA_OPSIYON;D_EQ;SSO;D_EQ_EPP;DE_BIMAS_EPP;BIMAS.E;2025-12-31;6.11;5.36;13.99;5.8;5.23;5.8;5.23;5.28;5500000;58100;110;11;160;110;;;;;
2025-11-28;O_BIMASE1225P520.00;BIMAS_12/2025_AVRUPA_OPSIYON;D_EQ;SSO;D_EQ_EPP;DE_BIMAS_EPP;BIMAS.E;2025-12-31;10.51;9.25;13.62;0;0;0;0;0;0;0;0;0;45;0;;;;;
2025-11-28;O_BIMASE1225P540.00;BIMAS_12/2025_AVRUPA_OPSIYON;D_EQ;SSO;D_EQ_EPP;DE_BIMAS_EPP;BIMAS.E;2025-12-31;17.22;15.12;13.89;15.45;14.6;15.45;15.4;15.05;5508000;153560;102;8;92;92;;;;;
2025-11-28;O_BIMASE1225P560.00;BIMAS_12/2025_AVRUPA_OPSIYON;D_EQ;SSO;D_EQ_EPP;DE_BIMAS_EPP;BIMAS.E;2025-12-31;26.55;23.55;12.74;23.85;23.54;23.85;23.54;23.82;1120000;47638;20;3;64;18;;;;;
2025-11-28;O_BIMASE1225P580.00;BIMAS_12/2025_AVRUPA_OPSIYON;D_EQ;SSO;D_EQ_EPP;DE_BIMAS_EPP;BIMAS.E;2025-12-31;38.44;34.53;11.32;36.35;35.2;36.35;35.2;35.89;2204000;136370;38;5;142;36;;;;;
2025-11-28;O_BIMASE1225P600.00;BIMAS_12/2025_AVRUPA_OPSIYON;D_EQ;SSO;D_EQ_EPP;DE_BIMAS_EPP;BIMAS.E;2025-12-31;52.74;47.88;10.15;49.6;49.6;49.6;49.6;49.6;600000;49600;10;1;33;10;;;;;
2025-11-28;O_BIMASE1225P620.00;BIMAS_12/2025_AVRUPA_OPSIYON;D_EQ;SSO;D_EQ_EPP;DE_BIMAS_EPP;BIMAS.E;2025-12-31;68.67;63.17;8.71;0;0;0;0;0;0;0;0;0;13;0;;;;;
2025-11-28;O_BIMASE1225P640.00;BIMAS_12/2025_AVRUPA_OPSIYON;D_EQ;SSO;D_EQ_EPP;DE_BIMAS_EPP;BIMAS.E;2025-12-31;85.72;79.73;7.51;0;0;0;0;0;0;0;0;0;0;0;;;;;
2025-11-28;O_EKGYOE0126C19.00;EKGYO_01/2026_AVRUPA_OPSIYON;D_EQ;SSO;D_EQ_ECP;DE_EKGYO_ECP;EKGYO.E;2026-01-30;3.88;3.8;2.11;0;0;0;0;0;0;0;0;0;0;0;;;;;
2025-11-28;O_EKGYOE0126C19.50;EKGYO_01/2026_AVRUPA_OPSIYON;D_EQ;SSO;D_EQ_ECP;DE_EKGYO_ECP;EKGYO.E;2026-01-30;3.51;3.44;2.03;0;0;0;0;0;0;0;0;0;0;0;;;;;
2025-11-28;O_EKGYOE0126C20.00;EKGYO_01/2026_AVRUPA_OPSIYON;D_EQ;SSO;D_EQ_ECP;DE_EKGYO_ECP;EKGYO.E;2026-01-30;3.15;3.09;1.94;0;0;0;0;0;0;0;0;0;0;0;;;;;
2025-11-28;O_EKGYOE0126C20.50;EKGYO_01/2026_AVRUPA_OPSIYON;D_EQ;SSO;D_EQ_ECP;DE_EKGYO_ECP;EKGYO.E;2026-01-30;2.82;2.76;2.17;0;0;0;0;0;0;0;0;0;0;0;;;;;
2025-11-28;O_EKGYOE0126C21.00;EKGYO_01/2026_AVRUPA_OPSIYON;D_EQ;SSO;D_EQ_ECP;DE_EKGYO_ECP;EKGYO.E;2026-01-30;2.5;2.45;2.04;0;0;0;0;0;0;0;0;0;0;0;;;;;
2025-11-28;O_EKGYOE0126C21.50;EKGYO_01/2026_AVRUPA_OPSIYON;D_EQ;SSO;D_EQ_ECP;DE_EKGYO_ECP;EKGYO.E;2026-01-30;2.21;2.16;2.31;0;0;0;0;0;0;0;0;0;0;0;;;;;
2025-11-28;O_EKGYOE0126C22.00;EKGYO_01/2026_AVRUPA_OPSIYON;D_EQ;SSO;D_EQ_ECP;DE_EKGYO_ECP;EKGYO.E;2026-01-30;1.94;1.9;2.11;0;0;0;0;0;0;0;0;0;0;0;;;;;
2025-11-28;O_EKGYOE0126C22.50;EKGYO_01/2026_AVRUPA_OPSIYON;D_EQ;SSO;D_EQ_ECP;DE_EKGYO_ECP;EKGYO.E;2026-01-30;1.7;1.66;2.41;0;0;0;0;0;0;0;0;0;0;0;;;;;
2025-11-28;O_EKGYOE0126C23.00;EKGYO_01/2026_AVRUPA_OPSIYON;D_EQ;SSO;D_EQ_ECP;DE_EKGYO_ECP;EKGYO.E;2026-01-30;1.48;1.45;2.07;0;0;0;0;0;0;0;0;0;0;0;;;;;
2025-11-28;O_EKGYOE0126C23.50;EKGYO_01/2026_AVRUPA_OPSIYON;D_EQ;SSO;D_EQ_ECP;DE_EKGYO_ECP;EKGYO.E;2026-01-30;1.28;1.26;1.59;0;0;0;0;0;0;0;0;0;0;0;;;;;
2025-11-28;O_EKGYOE0126C24.00;EKGYO_01/2026_AVRUPA_OPSIYON;D_EQ;SSO;D_EQ_ECP;DE_EKGYO_ECP;EKGYO.E;2026-01-30;1.11;1.09;1.83;0;0;0;0;0;0;0;0;0;1500;0;;;;;
2025-11-28;O_EKGYOE0126C24.50;EKGYO_01/2026_AVRUPA_OPSIYON;D_EQ;SSO;D_EQ_ECP;DE_EKGYO_ECP;EKGYO.E;2026-01-30;0.97;0.95;2.11;0;0;0;0;0;0;0;0;0;0;0;;;;;
2025-11-28;O_EKGYOE0126C25.00;EKGYO_01/2026_AVRUPA_OPSIYON;D_EQ;SSO;D_EQ_ECP;DE_EKGYO_ECP;EKGYO.E;2026-01-30;0.84;0.82;2.44;0;0;0;0;0;0;0;0;0;0;0;;;;;
2025-11-28;O_EKGYOE0126C26.00;EKGYO_01/2026_AVRUPA_OPSIYON;D_EQ;SSO;D_EQ_ECP;DE_EKGYO_ECP;EKGYO.E;2026-01-30;0.62;0.61;1.64;0;0;0;0;0;0;0;0;0;0;0;;;;;
2025-11-28;O_EKGYOE0126P16.50;EKGYO_01/2026_AVRUPA_OPSIYON;D_EQ;SSO;D_EQ_EPP;DE_EKGYO_EPP;EKGYO.E;2026-01-30;0.07;0.07;0;0;0;0;0;0;0;0;0;0;0;0;;;;;
2025-11-28;O_EKGYOE0126P17.00;EKGYO_01/2026_AVRUPA_OPSIYON;D_EQ;SSO;D_EQ_EPP;DE_EKGYO_EPP;EKGYO.E;2026-01-30;0.09;0.1;-10;0;0;0;0;0;0;0;0;0;0;0;;;;;
2025-11-28;O_EKGYOE0126P17.50;EKGYO_01/2026_AVRUPA_OPSIYON;D_EQ;SSO;D_EQ_EPP;DE_EKGYO_EPP;EKGYO.E;2026-01-30;0.13;0.14;-7.14;0;0;0;0;0;0;0;0;0;0;0;;;;;
2025-11-28;O_EKGYOE0126P18.00;EKGYO_01/2026_AVRUPA_OPSIYON;D_EQ;SSO;D_EQ_EPP;DE_EKGYO_EPP;EKGYO.E;2026-01-30;0.18;0.19;-5.26;0;0;0;0;0;0;0;0;0;0;0;;;;;
2025-11-28;O_EKGYOE0126P18.50;EKGYO_01/2026_AVRUPA_OPSIYON;D_EQ;SSO;D_EQ_EPP;DE_EKGYO_EPP;EKGYO.E;2026-01-30;0.24;0.25;-4;0;0;0;0;0;0;0;0;0;0;0;;;;;
2025-11-28;O_EKGYOE0126P19.00;EKGYO_01/2026_AVRUPA_OPSIYON;D_EQ;SSO;D_EQ_EPP;DE_EKGYO_EPP;EKGYO.E;2026-01-30;0.31;0.33;-6.06;0;0;0;0;0;0;0;0;0;0;0;;;;;
2025-11-28;O_EKGYOE0126P19.50;EKGYO_01/2026_AVRUPA_OPSIYON;D_EQ;SSO;D_EQ_EPP;DE_EKGYO_EPP;EKGYO.E;2026-01-30;0.4;0.43;-6.98;0;0;0;0;0;0;0;0;0;0;0;;;;;
2025-11-28;O_EKGYOE0126P20.00;EKGYO_01/2026_AVRUPA_OPSIYON;D_EQ;SSO;D_EQ_EPP;DE_EKGYO_EPP;EKGYO.E;2026-01-30;0.51;0.54;-5.56;0;0;0;0;0;0;0;0;0;0;0;;;;;
2025-11-28;O_EKGYOE0126P20.50;EKGYO_01/2026_AVRUPA_OPSIYON;D_EQ;SSO;D_EQ_EPP;DE_EKGYO_EPP;EKGYO.E;2026-01-30;0.63;0.67;-5.97;0;0;0;0;0;0;0;0;0;0;0;;;;;
2025-11-28;O_EKGYOE0126P21.00;EKGYO_01/2026_AVRUPA_OPSIYON;D_EQ;SSO;D_EQ_EPP;DE_EKGYO_EPP;EKGYO.E;2026-01-30;0.78;0.82;-4.88;0;0;0;0;0;0;0;0;0;500;0;;;;;
2025-11-28;O_EKGYOE0126P21.50;EKGYO_01/2026_AVRUPA_OPSIYON;D_EQ;SSO;D_EQ_EPP;DE_EKGYO_EPP;EKGYO.E;2026-01-30;0.95;0.99;-4.04;0;0;0;0;0;0;0;0;0;0;0;;;;;
2025-11-28;O_EKGYOE0126P22.00;EKGYO_01/2026_AVRUPA_OPSIYON;D_EQ;SSO;D_EQ_EPP;DE_EKGYO_EPP;EKGYO.E;2026-01-30;1.14;1.19;-4.2;0;0;0;0;0;0;0;0;0;0;0;;;;;
2025-11-28;O_EKGYOE0126P22.50;EKGYO_01/2026_AVRUPA_OPSIYON;D_EQ;SSO;D_EQ_EPP;DE_EKGYO_EPP;EKGYO.E;2026-01-30;1.36;1.42;-4.23;0;0;0;0;0;0;0;0;0;0;0;;;;;
2025-11-28;O_EKGYOE0126P23.00;EKGYO_01/2026_AVRUPA_OPSIYON;D_EQ;SSO;D_EQ_EPP;DE_EKGYO_EPP;EKGYO.E;2026-01-30;1.6;1.67;-4.19;0;0;0;0;0;0;0;0;0;0;0;;;;;
2025-11-28;O_EKGYOE1125C17.50;EKGYO_11/2025_AVRUPA_OPSIYON;D_EQ;SSO;D_EQ_ECP;DE_EKGYO_ECP;EKGYO.E;2025-11-28;3.62;3.52;2.84;0;0;0;0;0;0;0;0;0;0;0;;;;;
2025-11-28;O_EKGYOE1125C18.00;EKGYO_11/2025_AVRUPA_OPSIYON;D_EQ;SSO;D_EQ_ECP;DE_EKGYO_ECP;EKGYO.E;2025-11-28;3.12;3.02;3.31;0;0;0;0;0;0;0;0;0;18;0;;;;;
2025-11-28;O_EKGYOE1125C18.50;EKGYO_11/2025_AVRUPA_OPSIYON;D_EQ;SSO;D_EQ_ECP;DE_EKGYO_ECP;EKGYO.E;2025-11-28;2.62;2.52;3.97;0;0;0;0;0;0;0;0;0;208;0;;;;;
2025-11-28;O_EKGYOE1125C19.00;EKGYO_11/2025_AVRUPA_OPSIYON;D_EQ;SSO;D_EQ_ECP;DE_EKGYO_ECP;EKGYO.E;2025-11-28;2.12;2.02;4.95;0;0;0;0;0;0;0;0;0;51;0;;;;;
2025-11-28;O_EKGYOE1125C19.50;EKGYO_11/2025_AVRUPA_OPSIYON;D_EQ;SSO;D_EQ_ECP;DE_EKGYO_ECP;EKGYO.E;2025-11-28;1.62;1.52;6.58;0;0;0;0;0;0;0;0;0;400;0;;;;;
2025-11-28;O_EKGYOE1125C20.00;EKGYO_11/2025_AVRUPA_OPSIYON;D_EQ;SSO;D_EQ_ECP;DE_EKGYO_ECP;EKGYO.E;2025-11-28;1.12;1.02;9.8;0;0;0;0;0;0;0;0;0;129;0;;;;;
2025-11-28;O_EKGYOE1125C20.50;EKGYO_11/2025_AVRUPA_OPSIYON;D_EQ;SSO;D_EQ_ECP;DE_EKGYO_ECP;EKGYO.E;2025-11-28;0.62;0.55;12.73;0.57;0.57;0.57;0.57;0.57;137350;3819;67;2;363;4;;;;;
2025-11-28;O_EKGYOE1125C21.00;EKGYO_11/2025_AVRUPA_OPSIYON;D_EQ;SSO;D_EQ_ECP;DE_EKGYO_ECP;EKGYO.E;2025-11-28;0.12;0.2;-40;0.3;0.17;0.3;0.17;0.17;212100;1730;101;2;504;99;;;;;
2025-11-28;O_EKGYOE1125C21.50;EKGYO_11/2025_AVRUPA_OPSIYON;D_EQ;SSO;D_EQ_ECP;DE_EKGYO_ECP;EKGYO.E;2025-11-28;0;0.04;0;0;0;0;0;0;0;0;0;0;358;0;;;;;
2025-11-28;O_EKGYOE1125C22.00;EKGYO_11/2025_AVRUPA_OPSIYON;D_EQ;SSO;D_EQ_ECP;DE_EKGYO_ECP;EKGYO.E;2025-11-28;0;0.01;0;0;0;0;0;0;0;0;0;0;298;0;;;;;
2025-11-28;O_EKGYOE1125C22.50;EKGYO_11/2025_AVRUPA_OPSIYON;D_EQ;SSO;D_EQ_ECP;DE_EKGYO_ECP;EKGYO.E;2025-11-28;0;0.01;0;0;0;0;0;0;0;0;0;0;6;0;;;;;
2025-11-28;O_EKGYOE1125C23.00;EKGYO_11/2025_AVRUPA_OPSIYON;D_EQ;SSO;D_EQ_ECP;DE_EKGYO_ECP;EKGYO.E;2025-11-28;0;0.01;0;0;0;0;0;0;0;0;0;0;266;0;;;;;
2025-11-28;O_EKGYOE1125C23.50;EKGYO_11/2025_AVRUPA_OPSIYON;D_EQ;SSO;D_EQ_ECP;DE_EKGYO_ECP;EKGYO.E;2025-11-28;0;0.01;0;0;0;0;0;0;0;0;0;0;476;0;;;;;
2025-11-28;O_EKGYOE1125C24.00;EKGYO_11/2025_AVRUPA_OPSIYON;D_EQ;SSO;D_EQ_ECP;DE_EKGYO_ECP;EKGYO.E;2025-11-28;0;0.01;0;0;0;0;0;0;0;0;0;0;676;0;;;;;
2025-11-28;O_EKGYOE1125C24.50;EKGYO_11/2025_AVRUPA_OPSIYON;D_EQ;SSO;D_EQ_ECP;DE_EKGYO_ECP;EKGYO.E;2025-11-28;0;0.01;0;0;0;0;0;0;0;0;0;0;394;0;;;;;
2025-11-28;O_EKGYOE1125C25.00;EKGYO_11/2025_AVRUPA_OPSIYON;D_EQ;SSO;D_EQ_ECP;DE_EKGYO_ECP;EKGYO.E;2025-11-28;0;0.01;0;0;0;0;0;0;0;0;0;0;325;0;;;;;
2025-11-28;O_EKGYOE1125C26.00;EKGYO_11/2025_AVRUPA_OPSIYON;D_EQ;SSO;D_EQ_ECP;DE_EKGYO_ECP;EKGYO.E;2025-11-28;0;0.01;0;0;0;0;0;0;0;0;0;0;3;0;;;;;
2025-11-28;O_EKGYOE1125C27.00;EKGYO_11/2025_AVRUPA_OPSIYON;D_EQ;SSO;D_EQ_ECP;DE_EKGYO_ECP;EKGYO.E;2025-11-28;0;0.01;0;0;0;0;0;0;0;0;0;0;42;0;;;;;
2025-11-28;O_EKGYOE1125P15.00;EKGYO_11/2025_AVRUPA_OPSIYON;D_EQ;SSO;D_EQ_EPP;DE_EKGYO_EPP;EKGYO.E;2025-11-28;0;0.01;0;0;0;0;0;0;0;0;0;0;0;0;;;;;
2025-11-28;O_EKGYOE1125P15.50;EKGYO_11/2025_AVRUPA_OPSIYON;D_EQ;SSO;D_EQ_EPP;DE_EKGYO_EPP;EKGYO.E;2025-11-28;0;0.01;0;0;0;0;0;0;0;0;0;0;0;0;;;;;
2025-11-28;O_EKGYOE1125P16.00;EKGYO_11/2025_AVRUPA_OPSIYON;D_EQ;SSO;D_EQ_EPP;DE_EKGYO_EPP;EKGYO.E;2025-11-28;0;0.01;0;0;0;0;0;0;0;0;0;0;385;0;;;;;
2025-11-28;O_EKGYOE1125P16.50;EKGYO_11/2025_AVRUPA_OPSIYON;D_EQ;SSO;D_EQ_EPP;DE_EKGYO_EPP;EKGYO.E;2025-11-28;0;0.01;0;0;0;0;0;0;0;0;0;0;20;0;;;;;
2025-11-28;O_EKGYOE1125P17.00;EKGYO_11/2025_AVRUPA_OPSIYON;D_EQ;SSO;D_EQ_EPP;DE_EKGYO_EPP;EKGYO.E;2025-11-28;0;0.01;0;0;0;0;0;0;0;0;0;0;342;0;;;;;
2025-11-28;O_EKGYOE1125P17.50;EKGYO_11/2025_AVRUPA_OPSIYON;D_EQ;SSO;D_EQ_EPP;DE_EKGYO_EPP;EKGYO.E;2025-11-28;0;0.01;0;0;0;0;0;0;0;0;0;0;78;0;;;;;
2025-11-28;O_EKGYOE1125P18.00;EKGYO_11/2025_AVRUPA_OPSIYON;D_EQ;SSO;D_EQ_EPP;DE_EKGYO_EPP;EKGYO.E;2025-11-28;0;0.01;0;0;0;0;0;0;0;0;0;0;227;0;;;;;
2025-11-28;O_EKGYOE1125P18.50;EKGYO_11/2025_AVRUPA_OPSIYON;D_EQ;SSO;D_EQ_EPP;DE_EKGYO_EPP;EKGYO.E;2025-11-28;0;0.01;0;0.01;0.01;0.01;0.01;0.01;7400;4;4;1;3054;0;;;;;
2025-11-28;O_EKGYOE1125P19.00;EKGYO_11/2025_AVRUPA_OPSIYON;D_EQ;SSO;D_EQ_EPP;DE_EKGYO_EPP;EKGYO.E;2025-11-28;0;0.01;0;0.01;0.01;0.01;0.01;0.01;1900;1;1;1;524;0;;;;;
2025-11-28;O_EKGYOE1125P19.50;EKGYO_11/2025_AVRUPA_OPSIYON;D_EQ;SSO;D_EQ_EPP;DE_EKGYO_EPP;EKGYO.E;2025-11-28;0;0.01;0;0;0;0;0;0;0;0;0;0;2618;0;;;;;
2025-11-28;O_EKGYOE1125P20.00;EKGYO_11/2025_AVRUPA_OPSIYON;D_EQ;SSO;D_EQ_EPP;DE_EKGYO_EPP;EKGYO.E;2025-11-28;0;0.01;0;0;0;0;0;0;0;0;0;0;1458;0;;;;;
2025-11-28;O_EKGYOE1125P20.50;EKGYO_11/2025_AVRUPA_OPSIYON;D_EQ;SSO;D_EQ_EPP;DE_EKGYO_EPP;EKGYO.E;2025-11-28;0;0.03;0;0;0;0;0;0;0;0;0;0;1186;0;;;;;
2025-11-28;O_EKGYOE1125P21.00;EKGYO_11/2025_AVRUPA_OPSIYON;D_EQ;SSO;D_EQ_EPP;DE_EKGYO_EPP;EKGYO.E;2025-11-28;0;0.18;0;0.1;0.1;0.1;0.1;0.1;210000;1000;100;1;833;100;;;;;
2025-11-28;O_EKGYOE1125P21.50;EKGYO_11/2025_AVRUPA_OPSIYON;D_EQ;SSO;D_EQ_EPP;DE_EKGYO_EPP;EKGYO.E;2025-11-28;0.38;0.52;-26.92;0.53;0.41;0.53;0.41;0.42;152650;2971;71;2;477;0;;;;;
2025-11-28;O_EKGYOE1125P22.00;EKGYO_11/2025_AVRUPA_OPSIYON;D_EQ;SSO;D_EQ_EPP;DE_EKGYO_EPP;EKGYO.E;2025-11-28;0.88;0.98;-10.2;0;0;0;0;0;0;0;0;0;996;0;;;;;
2025-11-28;O_EKGYOE1125P22.50;EKGYO_11/2025_AVRUPA_OPSIYON;D_EQ;SSO;D_EQ_EPP;DE_EKGYO_EPP;EKGYO.E;2025-11-28;1.38;1.48;-6.76;0;0;0;0;0;0;0;0;0;0;0;;;;;
2025-11-28;O_EKGYOE1125P23.00;EKGYO_11/2025_AVRUPA_OPSIYON;D_EQ;SSO;D_EQ_EPP;DE_EKGYO_EPP;EKGYO.E;2025-11-28;1.88;1.98;-5.05;0;0;0;0;0;0;0;0;0;1;0;;;;;
2025-11-28;O_EKGYOE1125P23.50;EKGYO_11/2025_AVRUPA_OPSIYON;D_EQ;SSO;D_EQ_EPP;DE_EKGYO_EPP;EKGYO.E;2025-11-28;2.38;2.48;-4.03;2.44;2.44;2.44;2.44;2.44;5992500;622200;2550;2;1950;-2550;;;;;
2025-11-28;O_EKGYOE1225C18.50;EKGYO_12/2025_AVRUPA_OPSIYON;D_EQ;SSO;D_EQ_ECP;DE_EKGYO_ECP;EKGYO.E;2025-12-31;3.39;3.3;2.73;0;0;0;0;0;0;0;0;0;0;0;;;;;
2025-11-28;O_EKGYOE1225C19.00;EKGYO_12/2025_AVRUPA_OPSIYON;D_EQ;SSO;D_EQ_ECP;DE_EKGYO_ECP;EKGYO.E;2025-12-31;2.97;2.89;2.77;0;0;0;0;0;0;0;0;0;100;0;;;;;
2025-11-28;O_EKGYOE1225C19.50;EKGYO_12/2025_AVRUPA_OPSIYON;D_EQ;SSO;D_EQ_ECP;DE_EKGYO_ECP;EKGYO.E;2025-12-31;2.57;2.5;2.8;0;0;0;0;0;0;0;0;0;0;0;;;;;
2025-11-28;O_EKGYOE1225C20.00;EKGYO_12/2025_AVRUPA_OPSIYON;D_EQ;SSO;D_EQ_ECP;DE_EKGYO_ECP;EKGYO.E;2025-12-31;2.2;2.14;2.8;0;0;0;0;0;0;0;0;0;0;0;;;;;
2025-11-28;O_EKGYOE1225C20.50;EKGYO_12/2025_AVRUPA_OPSIYON;D_EQ;SSO;D_EQ_ECP;DE_EKGYO_ECP;EKGYO.E;2025-12-31;1.86;1.81;2.76;0;0;0;0;0;0;0;0;0;0;0;;;;;
2025-11-28;O_EKGYOE1225C21.00;EKGYO_12/2025_AVRUPA_OPSIYON;D_EQ;SSO;D_EQ_ECP;DE_EKGYO_ECP;EKGYO.E;2025-12-31;1.56;1.51;3.31;0;0;0;0;0;0;0;0;0;300;0;;;;;
2025-11-28;O_EKGYOE1225C21.50;EKGYO_12/2025_AVRUPA_OPSIYON;D_EQ;SSO;D_EQ_ECP;DE_EKGYO_ECP;EKGYO.E;2025-12-31;1.28;1.25;2.4;0;0;0;0;0;0;0;0;0;1;0;;;;;
2025-11-28;O_EKGYOE1225C22.00;EKGYO_12/2025_AVRUPA_OPSIYON;D_EQ;SSO;D_EQ_ECP;DE_EKGYO_ECP;EKGYO.E;2025-12-31;1.05;1.02;2.94;0;0;0;0;0;0;0;0;0;1300;0;;;;;
2025-11-28;O_EKGYOE1225C22.50;EKGYO_12/2025_AVRUPA_OPSIYON;D_EQ;SSO;D_EQ_ECP;DE_EKGYO_ECP;EKGYO.E;2025-12-31;0.85;0.82;3.66;0.62;0.62;0.62;0.62;0.62;1125000;31000;500;3;500;499;;;;;
2025-11-28;O_EKGYOE1225C23.00;EKGYO_12/2025_AVRUPA_OPSIYON;D_EQ;SSO;D_EQ_ECP;DE_EKGYO_ECP;EKGYO.E;2025-12-31;0.68;0.66;3.03;0;0;0;0;0;0;0;0;0;1;0;;;;;
2025-11-28;O_EKGYOE1225C23.50;EKGYO_12/2025_AVRUPA_OPSIYON;D_EQ;SSO;D_EQ_ECP;DE_EKGYO_ECP;EKGYO.E;2025-12-31;0.54;0.53;1.89;0;0;0;0;0;0;0;0;0;0;0;;;;;
2025-11-28;O_EKGYOE1225C24.00;EKGYO_12/2025_AVRUPA_OPSIYON;D_EQ;SSO;D_EQ_ECP;DE_EKGYO_ECP;EKGYO.E;2025-12-31;0.43;0.42;2.38;0.3;0.3;0.3;0.3;0.3;2400;30;1;1;1;1;;;;;
2025-11-28;O_EKGYOE1225C24.50;EKGYO_12/2025_AVRUPA_OPSIYON;D_EQ;SSO;D_EQ_ECP;DE_EKGYO_ECP;EKGYO.E;2025-12-31;0.33;0.33;0;0;0;0;0;0;0;0;0;0;0;0;;;;;
2025-11-28;O_EKGYOE1225C25.00;EKGYO_12/2025_AVRUPA_OPSIYON;D_EQ;SSO;D_EQ_ECP;DE_EKGYO_ECP;EKGYO.E;2025-12-31;0.26;0.26;0;0;0;0;0;0;0;0;0;0;1390;0;;;;;
2025-11-28;O_EKGYOE1225C26.00;EKGYO_12/2025_AVRUPA_OPSIYON;D_EQ;SSO;D_EQ_ECP;DE_EKGYO_ECP;EKGYO.E;2025-12-31;0.16;0.15;6.67;0;0;0;0;0;0;0;0;0;1277;0;;;;;
2025-11-28;O_EKGYOE1225P16.00;EKGYO_12/2025_AVRUPA_OPSIYON;D_EQ;SSO;D_EQ_EPP;DE_EKGYO_EPP;EKGYO.E;2025-12-31;0.01;0.01;0;0;0;0;0;0;0;0;0;0;0;0;;;;;
2025-11-28;O_EKGYOE1225P16.50;EKGYO_12/2025_AVRUPA_OPSIYON;D_EQ;SSO;D_EQ_EPP;DE_EKGYO_EPP;EKGYO.E;2025-12-31;0.02;0.02;0;0;0;0;0;0;0;0;0;0;100;0;;;;;
2025-11-28;O_EKGYOE1225P17.00;EKGYO_12/2025_AVRUPA_OPSIYON;D_EQ;SSO;D_EQ_EPP;DE_EKGYO_EPP;EKGYO.E;2025-12-31;0.04;0.04;0;0;0;0;0;0;0;0;0;0;100;0;;;;;
2025-11-28;O_EKGYOE1225P17.50;EKGYO_12/2025_AVRUPA_OPSIYON;D_EQ;SSO;D_EQ_EPP;DE_EKGYO_EPP;EKGYO.E;2025-12-31;0.06;0.07;-14.29;0;0;0;0;0;0;0;0;0;100;0;;;;;
2025-11-28;O_EKGYOE1225P18.00;EKGYO_12/2025_AVRUPA_OPSIYON;D_EQ;SSO;D_EQ_EPP;DE_EKGYO_EPP;EKGYO.E;2025-12-31;0.09;0.11;-18.18;0;0;0;0;0;0;0;0;0;822;0;;;;;
2025-11-28;O_EKGYOE1225P18.50;EKGYO_12/2025_AVRUPA_OPSIYON;D_EQ;SSO;D_EQ_EPP;DE_EKGYO_EPP;EKGYO.E;2025-12-31;0.14;0.16;-12.5;0;0;0;0;0;0;0;0;0;443;0;;;;;
2025-11-28;O_EKGYOE1225P19.00;EKGYO_12/2025_AVRUPA_OPSIYON;D_EQ;SSO;D_EQ_EPP;DE_EKGYO_EPP;EKGYO.E;2025-12-31;0.21;0.23;-8.7;0;0;0;0;0;0;0;0;0;3500;0;;;;;
2025-11-28;O_EKGYOE1225P19.50;EKGYO_12/2025_AVRUPA_OPSIYON;D_EQ;SSO;D_EQ_EPP;DE_EKGYO_EPP;EKGYO.E;2025-12-31;0.3;0.33;-9.09;0;0;0;0;0;0;0;0;0;300;0;;;;;
2025-11-28;O_EKGYOE1225P20.00;EKGYO_12/2025_AVRUPA_OPSIYON;D_EQ;SSO;D_EQ_EPP;DE_EKGYO_EPP;EKGYO.E;2025-12-31;0.41;0.45;-8.89;0;0;0;0;0;0;0;0;0;1384;0;;;;;
2025-11-28;O_EKGYOE1225P20.50;EKGYO_12/2025_AVRUPA_OPSIYON;D_EQ;SSO;D_EQ_EPP;DE_EKGYO_EPP;EKGYO.E;2025-12-31;0.55;0.6;-8.33;0;0;0;0;0;0;0;0;0;173;0;;;;;
2025-11-28;O_EKGYOE1225P21.00;EKGYO_12/2025_AVRUPA_OPSIYON;D_EQ;SSO;D_EQ_EPP;DE_EKGYO_EPP;EKGYO.E;2025-12-31;0.73;0.78;-6.41;0;0;0;0;0;0;0;0;0;337;0;;;;;
2025-11-28;O_EKGYOE1225P21.50;EKGYO_12/2025_AVRUPA_OPSIYON;D_EQ;SSO;D_EQ_EPP;DE_EKGYO_EPP;EKGYO.E;2025-12-31;0.94;1;-6;0.93;0.84;1;0.84;0.92;1419000;60660;660;11;815;-540;;;;;
2025-11-28;O_EKGYOE1225P22.00;EKGYO_12/2025_AVRUPA_OPSIYON;D_EQ;SSO;D_EQ_EPP;DE_EKGYO_EPP;EKGYO.E;2025-12-31;1.19;1.25;-4.8;0;0;0;0;0;0;0;0;0;293;0;;;;;
2025-11-28;O_EKGYOE1225P22.50;EKGYO_12/2025_AVRUPA_OPSIYON;D_EQ;SSO;D_EQ_EPP;DE_EKGYO_EPP;EKGYO.E;2025-12-31;1.47;1.54;-4.55;0;0;0;0;0;0;0;0;0;100;0;;;;;
2025-11-28;O_EKGYOE1225P23.00;EKGYO_12/2025_AVRUPA_OPSIYON;D_EQ;SSO;D_EQ_EPP;DE_EKGYO_EPP;EKGYO.E;2025-12-31;1.78;1.86;-4.3;1.68;1.68;1.68;1.68;1.68;230000;16800;100;1;193;0;;;;;
2025-11-28;O_ENKAIE0126C78.00;ENKAI_01/2026_AVRUPA_OPSIYON;D_EQ;SSO;D_EQ_ECP;DE_ENKAI_ECP;ENKAI.E;2026-01-30;9.5;9.47;0.32;0;0;0;0;0;0;0;0;0;0;0;;;;;
2025-11-28;O_ENKAIE0126C80.00;ENKAI_01/2026_AVRUPA_OPSIYON;D_EQ;SSO;D_EQ_ECP;DE_ENKAI_ECP;ENKAI.E;2026-01-30;8.25;8.23;0.24;0;0;0;0;0;0;0;0;0;0;0;;;;;
2025-11-28;O_ENKAIE0126C82.00;ENKAI_01/2026_AVRUPA_OPSIYON;D_EQ;SSO;D_EQ_ECP;DE_ENKAI_ECP;ENKAI.E;2026-01-30;7.11;7.11;0;0;0;0;0;0;0;0;0;0;0;0;;;;;
2025-11-28;O_ENKAIE0126C84.00;ENKAI_01/2026_AVRUPA_OPSIYON;D_EQ;SSO;D_EQ_ECP;DE_ENKAI_ECP;ENKAI.E;2026-01-30;6.08;6.09;-0.16;0;0;0;0;0;0;0;0;0;0;0;;;;;
2025-11-28;O_ENKAIE0126C86.00;ENKAI_01/2026_AVRUPA_OPSIYON;D_EQ;SSO;D_EQ_ECP;DE_ENKAI_ECP;ENKAI.E;2026-01-30;5.17;5.18;-0.19;0;0;0;0;0;0;0;0;0;0;0;;;;;
2025-11-28;O_ENKAIE0126C88.00;ENKAI_01/2026_AVRUPA_OPSIYON;D_EQ;SSO;D_EQ_ECP;DE_ENKAI_ECP;ENKAI.E;2026-01-30;4.36;4.38;-0.46;0;0;0;0;0;0;0;0;0;0;0;;;;;
2025-11-28;O_ENKAIE0126C90.00;ENKAI_01/2026_AVRUPA_OPSIYON;D_EQ;SSO;D_EQ_ECP;DE_ENKAI_ECP;ENKAI.E;2026-01-30;3.67;3.68;-0.27;0;0;0;0;0;0;0;0;0;0;0;;;;;
2025-11-28;O_ENKAIE0126C92.00;ENKAI_01/2026_AVRUPA_OPSIYON;D_EQ;SSO;D_EQ_ECP;DE_ENKAI_ECP;ENKAI.E;2026-01-30;3.08;3.07;0.33;0;0;0;0;0;0;0;0;0;0;0;;;;;
2025-11-28;O_ENKAIE0126C94.00;ENKAI_01/2026_AVRUPA_OPSIYON;D_EQ;SSO;D_EQ_ECP;DE_ENKAI_ECP;ENKAI.E;2026-01-30;2.58;2.55;1.18;0;0;0;0;0;0;0;0;0;0;0;;;;;
2025-11-28;O_ENKAIE0126C96.00;ENKAI_01/2026_AVRUPA_OPSIYON;D_EQ;SSO;D_EQ_ECP;DE_ENKAI_ECP;ENKAI.E;2026-01-30;2.14;2.11;1.42;0;0;0;0;0;0;0;0;0;0;0;;;;;
2025-11-28;O_ENKAIE0126P68.00;ENKAI_01/2026_AVRUPA_OPSIYON;D_EQ;SSO;D_EQ_EPP;DE_ENKAI_EPP;ENKAI.E;2026-01-30;0.46;0.44;4.55;0;0;0;0;0;0;0;0;0;0;0;;;;;
2025-11-28;O_ENKAIE0126P70.00;ENKAI_01/2026_AVRUPA_OPSIYON;D_EQ;SSO;D_EQ_EPP;DE_ENKAI_EPP;ENKAI.E;2026-01-30;0.66;0.64;3.13;0;0;0;0;0;0;0;0;0;0;0;;;;;
2025-11-28;O_ENKAIE0126P72.00;ENKAI_01/2026_AVRUPA_OPSIYON;D_EQ;SSO;D_EQ_EPP;DE_ENKAI_EPP;ENKAI.E;2026-01-30;0.92;0.9;2.22;0;0;0;0;0;0;0;0;0;0;0;;;;;
2025-11-28;O_ENKAIE0126P74.00;ENKAI_01/2026_AVRUPA_OPSIYON;D_EQ;SSO;D_EQ_EPP;DE_ENKAI_EPP;ENKAI.E;2026-01-30;1.24;1.24;0;0;0;0;0;0;0;0;0;0;0;0;;;;;
2025-11-28;O_ENKAIE0126P76.00;ENKAI_01/2026_AVRUPA_OPSIYON;D_EQ;SSO;D_EQ_EPP;DE_ENKAI_EPP;ENKAI.E;2026-01-30;1.65;1.66;-0.6;0;0;0;0;0;0;0;0;0;0;0;;;;;
2025-11-28;O_ENKAIE0126P78.00;ENKAI_01/2026_AVRUPA_OPSIYON;D_EQ;SSO;D_EQ_EPP;DE_ENKAI_EPP;ENKAI.E;2026-01-30;2.15;2.17;-0.92;0;0;0;0;0;0;0;0;0;0;0;;;;;
2025-11-28;O_ENKAIE0126P80.00;ENKAI_01/2026_AVRUPA_OPSIYON;D_EQ;SSO;D_EQ_EPP;DE_ENKAI_EPP;ENKAI.E;2026-01-30;2.74;2.78;-1.44;0;0;0;0;0;0;0;0;0;0;0;;;;;
2025-11-28;O_ENKAIE0126P82.00;ENKAI_01/2026_AVRUPA_OPSIYON;D_EQ;SSO;D_EQ_EPP;DE_ENKAI_EPP;ENKAI.E;2026-01-30;3.45;3.5;-1.43;0;0;0;0;0;0;0;0;0;0;0;;;;;
2025-11-28;O_ENKAIE0126P84.00;ENKAI_01/2026_AVRUPA_OPSIYON;D_EQ;SSO;D_EQ_EPP;DE_ENKAI_EPP;ENKAI.E;2026-01-30;4.27;4.33;-1.39;0;0;0;0;0;0;0;0;0;0;0;;;;;
2025-11-28;O_ENKAIE0126P86.00;ENKAI_01/2026_AVRUPA_OPSIYON;D_EQ;SSO;D_EQ_EPP;DE_ENKAI_EPP;ENKAI.E;2026-01-30;5.2;5.27;-1.33;0;0;0;0;0;0;0;0;0;0;0;;;;;
2025-11-28;O_ENKAIE1125C70.00;ENKAI_11/2025_AVRUPA_OPSIYON;D_EQ;SSO;D_EQ_ECP;DE_ENKAI_ECP;ENKAI.E;2025-11-28;9.4;9.32;0.86;0;0;0;0;0;0;0;0;0;191;0;;;;;
2025-11-28;O_ENKAIE1125C72.00;ENKAI_11/2025_AVRUPA_OPSIYON;D_EQ;SSO;D_EQ_ECP;DE_ENKAI_ECP;ENKAI.E;2025-11-28;7.4;7.32;1.09;0;0;0;0;0;0;0;0;0;140;0;;;;;
2025-11-28;O_ENKAIE1125C74.00;ENKAI_11/2025_AVRUPA_OPSIYON;D_EQ;SSO;D_EQ_ECP;DE_ENKAI_ECP;ENKAI.E;2025-11-28;5.4;5.33;1.31;0;0;0;0;0;0;0;0;0;102;0;;;;;
2025-11-28;O_ENKAIE1125C76.00;ENKAI_11/2025_AVRUPA_OPSIYON;D_EQ;SSO;D_EQ_ECP;DE_ENKAI_ECP;ENKAI.E;2025-11-28;3.4;3.34;1.8;0;0;0;0;0;0;0;0;0;1074;0;;;;;
2025-11-28;O_ENKAIE1125C78.00;ENKAI_11/2025_AVRUPA_OPSIYON;D_EQ;SSO;D_EQ_ECP;DE_ENKAI_ECP;ENKAI.E;2025-11-28;1.4;1.52;-7.89;0;0;0;0;0;0;0;0;0;3199;0;;;;;
2025-11-28;O_ENKAIE1125C80.00;ENKAI_11/2025_AVRUPA_OPSIYON;D_EQ;SSO;D_EQ_ECP;DE_ENKAI_ECP;ENKAI.E;2025-11-28;0;0.38;0;0;0;0;0;0;0;0;0;0;4756;0;;;;;
2025-11-28;O_ENKAIE1125C82.00;ENKAI_11/2025_AVRUPA_OPSIYON;D_EQ;SSO;D_EQ_ECP;DE_ENKAI_ECP;ENKAI.E;2025-11-28;0;0.04;0;0;0;0;0;0;0;0;0;0;2545;0;;;;;
2025-11-28;O_ENKAIE1125C84.00;ENKAI_11/2025_AVRUPA_OPSIYON;D_EQ;SSO;D_EQ_ECP;DE_ENKAI_ECP;ENKAI.E;2025-11-28;0;0.01;0;0;0;0;0;0;0;0;0;0;1589;0;;;;;
2025-11-28;O_ENKAIE1125C86.00;ENKAI_11/2025_AVRUPA_OPSIYON;D_EQ;SSO;D_EQ_ECP;DE_ENKAI_ECP;ENKAI.E;2025-11-28;0;0.01;0;0;0;0;0;0;0;0;0;0;145;0;;;;;
2025-11-28;O_ENKAIE1125C88.00;ENKAI_11/2025_AVRUPA_OPSIYON;D_EQ;SSO;D_EQ_ECP;DE_ENKAI_ECP;ENKAI.E;2025-11-28;0;0.01;0;0;0;0;0;0;0;0;0;0;0;0;;;;;
2025-11-28;O_ENKAIE1125C90.00;ENKAI_11/2025_AVRUPA_OPSIYON;D_EQ;SSO;D_EQ_ECP;DE_ENKAI_ECP;ENKAI.E;2025-11-28;0;0.01;0;0;0;0;0;0;0;0;0;0;0;0;;;;;
2025-11-28;O_ENKAIE1125C92.00;ENKAI_11/2025_AVRUPA_OPSIYON;D_EQ;SSO;D_EQ_ECP;DE_ENKAI_ECP;ENKAI.E;2025-11-28;0;0.01;0;0;0;0;0;0;0;0;0;0;0;0;;;;;
2025-11-28;O_ENKAIE1125C94.00;ENKAI_11/2025_AVRUPA_OPSIYON;D_EQ;SSO;D_EQ_ECP;DE_ENKAI_ECP;ENKAI.E;2025-11-28;0;0.01;0;0;0;0;0;0;0;0;0;0;0;0;;;;;
2025-11-28;O_ENKAIE1125P60.00;ENKAI_11/2025_AVRUPA_OPSIYON;D_EQ;SSO;D_EQ_EPP;DE_ENKAI_EPP;ENKAI.E;2025-11-28;0;0.01;0;0;0;0;0;0;0;0;0;0;131;0;;;;;
2025-11-28;O_ENKAIE1125P62.00;ENKAI_11/2025_AVRUPA_OPSIYON;D_EQ;SSO;D_EQ_EPP;DE_ENKAI_EPP;ENKAI.E;2025-11-28;0;0.01;0;0;0;0;0;0;0;0;0;0;80;0;;;;;
2025-11-28;O_ENKAIE1125P64.00;ENKAI_11/2025_AVRUPA_OPSIYON;D_EQ;SSO;D_EQ_EPP;DE_ENKAI_EPP;ENKAI.E;2025-11-28;0;0.01;0;0;0;0;0;0;0;0;0;0;20;0;;;;;
2025-11-28;O_ENKAIE1125P66.00;ENKAI_11/2025_AVRUPA_OPSIYON;D_EQ;SSO;D_EQ_EPP;DE_ENKAI_EPP;ENKAI.E;2025-11-28;0;0.01;0;0;0;0;0;0;0;0;0;0;20;0;;;;;
2025-11-28;O_ENKAIE1125P68.00;ENKAI_11/2025_AVRUPA_OPSIYON;D_EQ;SSO;D_EQ_EPP;DE_ENKAI_EPP;ENKAI.E;2025-11-28;0;0.01;0;0;0;0;0;0;0;0;0;0;20;0;;;;;
2025-11-28;O_ENKAIE1125P70.00;ENKAI_11/2025_AVRUPA_OPSIYON;D_EQ;SSO;D_EQ_EPP;DE_ENKAI_EPP;ENKAI.E;2025-11-28;0;0.01;0;0;0;0;0;0;0;0;0;0;60;0;;;;;
2025-11-28;O_ENKAIE1125P72.00;ENKAI_11/2025_AVRUPA_OPSIYON;D_EQ;SSO;D_EQ_EPP;DE_ENKAI_EPP;ENKAI.E;2025-11-28;0;0.01;0;0;0;0;0;0;0;0;0;0;10;0;;;;;
2025-11-28;O_ENKAIE1125P74.00;ENKAI_11/2025_AVRUPA_OPSIYON;D_EQ;SSO;D_EQ_EPP;DE_ENKAI_EPP;ENKAI.E;2025-11-28;0;0.01;0;0;0;0;0;0;0;0;0;0;0;0;;;;;
2025-11-28;O_ENKAIE1125P76.00;ENKAI_11/2025_AVRUPA_OPSIYON;D_EQ;SSO;D_EQ_EPP;DE_ENKAI_EPP;ENKAI.E;2025-11-28;0;0.01;0;0;0;0;0;0;0;0;0;0;640;0;;;;;
2025-11-28;O_ENKAIE1125P78.00;ENKAI_11/2025_AVRUPA_OPSIYON;D_EQ;SSO;D_EQ_EPP;DE_ENKAI_EPP;ENKAI.E;2025-11-28;0;0.19;0;0;0;0;0;0;0;0;0;0;773;0;;;;;
2025-11-28;O_ENKAIE1125P80.00;ENKAI_11/2025_AVRUPA_OPSIYON;D_EQ;SSO;D_EQ_EPP;DE_ENKAI_EPP;ENKAI.E;2025-11-28;0.6;1.04;-42.31;0;0;0;0;0;0;0;0;0;530;0;;;;;
2025-11-28;O_ENKAIE1125P82.00;ENKAI_11/2025_AVRUPA_OPSIYON;D_EQ;SSO;D_EQ_EPP;DE_ENKAI_EPP;ENKAI.E;2025-11-28;2.6;2.7;-3.7;0;0;0;0;0;0;0;0;0;125;0;;;;;
2025-11-28;O_ENKAIE1125P84.00;ENKAI_11/2025_AVRUPA_OPSIYON;D_EQ;SSO;D_EQ_EPP;DE_ENKAI_EPP;ENKAI.E;2025-11-28;4.6;4.66;-1.29;0;0;0;0;0;0;0;0;0;251;0;;;;;
2025-11-28;O_ENKAIE1225C72.00;ENKAI_12/2025_AVRUPA_OPSIYON;D_EQ;SSO;D_EQ_ECP;DE_ENKAI_ECP;ENKAI.E;2025-12-31;10.46;10.4;0.58;0;0;0;0;0;0;0;0;0;1;0;;;;;
2025-11-28;O_ENKAIE1225C74.00;ENKAI_12/2025_AVRUPA_OPSIYON;D_EQ;SSO;D_EQ_ECP;DE_ENKAI_ECP;ENKAI.E;2025-12-31;8.86;8.81;0.57;0;0;0;0;0;0;0;0;0;0;0;;;;;
2025-11-28;O_ENKAIE1225C76.00;ENKAI_12/2025_AVRUPA_OPSIYON;D_EQ;SSO;D_EQ_ECP;DE_ENKAI_ECP;ENKAI.E;2025-12-31;7.38;7.35;0.41;6.84;6.84;6.84;6.84;6.84;76000;6840;10;1;11;10;;;;;
2025-11-28;O_ENKAIE1225C78.00;ENKAI_12/2025_AVRUPA_OPSIYON;D_EQ;SSO;D_EQ_ECP;DE_ENKAI_ECP;ENKAI.E;2025-12-31;6.03;6.03;0;5.56;5.56;5.56;5.56;5.56;156000;11120;20;2;20;20;;;;;
2025-11-28;O_ENKAIE1225C80.00;ENKAI_12/2025_AVRUPA_OPSIYON;D_EQ;SSO;D_EQ_ECP;DE_ENKAI_ECP;ENKAI.E;2025-12-31;4.85;4.86;-0.21;4.35;4.35;4.44;4.44;4.42;320000;17670;40;4;40;40;;;;;
2025-11-28;O_ENKAIE1225C82.00;ENKAI_12/2025_AVRUPA_OPSIYON;D_EQ;SSO;D_EQ_ECP;DE_ENKAI_ECP;ENKAI.E;2025-12-31;3.83;3.86;-0.78;3.43;3.43;3.48;3.48;3.47;328000;13870;40;4;40;40;;;;;
2025-11-28;O_ENKAIE1225C84.00;ENKAI_12/2025_AVRUPA_OPSIYON;D_EQ;SSO;D_EQ_ECP;DE_ENKAI_ECP;ENKAI.E;2025-12-31;2.98;3.01;-1;2.62;2.62;2.66;2.66;2.65;336000;10600;40;4;40;40;;;;;
2025-11-28;O_ENKAIE1225C86.00;ENKAI_12/2025_AVRUPA_OPSIYON;D_EQ;SSO;D_EQ_ECP;DE_ENKAI_ECP;ENKAI.E;2025-12-31;2.28;2.3;-0.87;0;0;0;0;0;0;0;0;0;0;0;;;;;
2025-11-28;O_ENKAIE1225C88.00;ENKAI_12/2025_AVRUPA_OPSIYON;D_EQ;SSO;D_EQ_ECP;DE_ENKAI_ECP;ENKAI.E;2025-12-31;1.73;1.74;-0.57;0;0;0;0;0;0;0;0;0;111;0;;;;;
2025-11-28;O_ENKAIE1225C90.00;ENKAI_12/2025_AVRUPA_OPSIYON;D_EQ;SSO;D_EQ_ECP;DE_ENKAI_ECP;ENKAI.E;2025-12-31;1.29;1.3;-0.77;0;0;0;0;0;0;0;0;0;0;0;;;;;
2025-11-28;O_ENKAIE1225C92.00;ENKAI_12/2025_AVRUPA_OPSIYON;D_EQ;SSO;D_EQ_ECP;DE_ENKAI_ECP;ENKAI.E;2025-12-31;0.96;0.95;1.05;0;0;0;0;0;0;0;0;0;0;0;;;;;
2025-11-28;O_ENKAIE1225C94.00;ENKAI_12/2025_AVRUPA_OPSIYON;D_EQ;SSO;D_EQ_ECP;DE_ENKAI_ECP;ENKAI.E;2025-12-31;0.7;0.69;1.45;0;0;0;0;0;0;0;0;0;125;0;;;;;
2025-11-28;O_ENKAIE1225P62.00;ENKAI_12/2025_AVRUPA_OPSIYON;D_EQ;SSO;D_EQ_EPP;DE_ENKAI_EPP;ENKAI.E;2025-12-31;0.04;0.03;33.33;0;0;0;0;0;0;0;0;0;0;0;;;;;
2025-11-28;O_ENKAIE1225P64.00;ENKAI_12/2025_AVRUPA_OPSIYON;D_EQ;SSO;D_EQ_EPP;DE_ENKAI_EPP;ENKAI.E;2025-12-31;0.07;0.07;0;0;0;0;0;0;0;0;0;0;0;0;;;;;
2025-11-28;O_ENKAIE1225P66.00;ENKAI_12/2025_AVRUPA_OPSIYON;D_EQ;SSO;D_EQ_EPP;DE_ENKAI_EPP;ENKAI.E;2025-12-31;0.13;0.13;0;0;0;0;0;0;0;0;0;0;0;0;;;;;
2025-11-28;O_ENKAIE1225P68.00;ENKAI_12/2025_AVRUPA_OPSIYON;D_EQ;SSO;D_EQ_EPP;DE_ENKAI_EPP;ENKAI.E;2025-12-31;0.23;0.23;0;0;0;0;0;0;0;0;0;0;0;0;;;;;
2025-11-28;O_ENKAIE1225P70.00;ENKAI_12/2025_AVRUPA_OPSIYON;D_EQ;SSO;D_EQ_EPP;DE_ENKAI_EPP;ENKAI.E;2025-12-31;0.39;0.4;-2.5;0;0;0;0;0;0;0;0;0;0;0;;;;;
2025-11-28;O_ENKAIE1225P72.00;ENKAI_12/2025_AVRUPA_OPSIYON;D_EQ;SSO;D_EQ_EPP;DE_ENKAI_EPP;ENKAI.E;2025-12-31;0.62;0.64;-3.13;0;0;0;0;0;0;0;0;0;0;0;;;;;
2025-11-28;O_ENKAIE1225P74.00;ENKAI_12/2025_AVRUPA_OPSIYON;D_EQ;SSO;D_EQ_EPP;DE_ENKAI_EPP;ENKAI.E;2025-12-31;0.96;0.99;-3.03;0;0;0;0;0;0;0;0;0;0;0;;;;;
2025-11-28;O_ENKAIE1225P76.00;ENKAI_12/2025_AVRUPA_OPSIYON;D_EQ;SSO;D_EQ_EPP;DE_ENKAI_EPP;ENKAI.E;2025-12-31;1.41;1.46;-3.42;0;0;0;0;0;0;0;0;0;0;0;;;;;
2025-11-28;O_ENKAIE1225P78.00;ENKAI_12/2025_AVRUPA_OPSIYON;D_EQ;SSO;D_EQ_EPP;DE_ENKAI_EPP;ENKAI.E;2025-12-31;2;2.06;-2.91;2.28;2.28;2.34;2.34;2.33;312000;9300;40;4;40;40;;;;;
2025-11-28;O_ENKAIE1225P80.00;ENKAI_12/2025_AVRUPA_OPSIYON;D_EQ;SSO;D_EQ_EPP;DE_ENKAI_EPP;ENKAI.E;2025-12-31;2.75;2.83;-2.83;3.11;3.11;3.16;3.16;3.15;320000;12590;40;4;40;40;;;;;
2025-11-28;O_ENKAIE1225P82.00;ENKAI_12/2025_AVRUPA_OPSIYON;D_EQ;SSO;D_EQ_EPP;DE_ENKAI_EPP;ENKAI.E;2025-12-31;3.66;3.75;-2.4;4.06;4.06;4.12;4.12;4.1;328000;16420;40;4;40;40;;;;;
2025-11-28;O_ENKAIE1225P84.00;ENKAI_12/2025_AVRUPA_OPSIYON;D_EQ;SSO;D_EQ_EPP;DE_ENKAI_EPP;ENKAI.E;2025-12-31;4.74;4.84;-2.07;5.2;5.2;5.24;5.24;5.23;336000;20920;40;4;41;40;;;;;
2025-11-28;O_EREGLE0126C24.50;EREGL_01/2026_AVRUPA_OPSIYON;D_EQ;SSO;D_EQ_ECP;DE_EREGL_ECP;EREGL.E;2026-01-30;2.06;2.11;-2.37;0;0;0;0;0;0;0;0;0;0;0;;;;;
2025-11-28;O_EREGLE0126C25.00;EREGL_01/2026_AVRUPA_OPSIYON;D_EQ;SSO;D_EQ_ECP;DE_EREGL_ECP;EREGL.E;2026-01-30;1.79;1.83;-2.19;0;0;0;0;0;0;0;0;0;0;0;;;;;
2025-11-28;O_EREGLE0126C26.00;EREGL_01/2026_AVRUPA_OPSIYON;D_EQ;SSO;D_EQ_ECP;DE_EREGL_ECP;EREGL.E;2026-01-30;1.33;1.36;-2.21;0;0;0;0;0;0;0;0;0;0;0;;;;;
2025-11-28;O_EREGLE0126C27.00;EREGL_01/2026_AVRUPA_OPSIYON;D_EQ;SSO;D_EQ_ECP;DE_EREGL_ECP;EREGL.E;2026-01-30;0.96;0.99;-3.03;0;0;0;0;0;0;0;0;0;0;0;;;;;
2025-11-28;O_EREGLE0126C28.00;EREGL_01/2026_AVRUPA_OPSIYON;D_EQ;SSO;D_EQ_ECP;DE_EREGL_ECP;EREGL.E;2026-01-30;0.67;0.7;-4.29;0;0;0;0;0;0;0;0;0;0;0;;;;;
2025-11-28;O_EREGLE0126C29.00;EREGL_01/2026_AVRUPA_OPSIYON;D_EQ;SSO;D_EQ_ECP;DE_EREGL_ECP;EREGL.E;2026-01-30;0.46;0.48;-4.17;0;0;0;0;0;0;0;0;0;0;0;;;;;
2025-11-28;O_EREGLE0126C30.00;EREGL_01/2026_AVRUPA_OPSIYON;D_EQ;SSO;D_EQ_ECP;DE_EREGL_ECP;EREGL.E;2026-01-30;0.31;0.33;-6.06;0;0;0;0;0;0;0;0;0;100;0;;;;;
2025-11-28;O_EREGLE0126C31.00;EREGL_01/2026_AVRUPA_OPSIYON;D_EQ;SSO;D_EQ_ECP;DE_EREGL_ECP;EREGL.E;2026-01-30;0.2;0.22;-9.09;0;0;0;0;0;0;0;0;0;0;0;;;;;
2025-11-28;O_EREGLE0126C32.00;EREGL_01/2026_AVRUPA_OPSIYON;D_EQ;SSO;D_EQ_ECP;DE_EREGL_ECP;EREGL.E;2026-01-30;0.13;0.14;-7.14;0;0;0;0;0;0;0;0;0;100;0;;;;;
2025-11-28;O_EREGLE0126C33.00;EREGL_01/2026_AVRUPA_OPSIYON;D_EQ;SSO;D_EQ_ECP;DE_EREGL_ECP;EREGL.E;2026-01-30;0.08;0.09;-11.11;0;0;0;0;0;0;0;0;0;0;0;;;;;
2025-11-28;O_EREGLE0126C34.00;EREGL_01/2026_AVRUPA_OPSIYON;D_EQ;SSO;D_EQ_ECP;DE_EREGL_ECP;EREGL.E;2026-01-30;0.05;0.06;-16.67;0;0;0;0;0;0;0;0;0;0;0;;;;;
2025-11-28;O_EREGLE0126C35.00;EREGL_01/2026_AVRUPA_OPSIYON;D_EQ;SSO;D_EQ_ECP;DE_EREGL_ECP;EREGL.E;2026-01-30;0.03;0.04;-25;0;0;0;0;0;0;0;0;0;0;0;;;;;
2025-11-28;O_EREGLE0126C36.00;EREGL_01/2026_AVRUPA_OPSIYON;D_EQ;SSO;D_EQ_ECP;DE_EREGL_ECP;EREGL.E;2026-01-30;0.02;0.02;0;0;0;0;0;0;0;0;0;0;0;0;;;;;
2025-11-28;O_EREGLE0126C37.00;EREGL_01/2026_AVRUPA_OPSIYON;D_EQ;SSO;D_EQ_ECP;DE_EREGL_ECP;EREGL.E;2026-01-30;0.01;0.01;0;0;0;0;0;0;0;0;0;0;0;0;;;;;
2025-11-28;O_EREGLE0126C38.00;EREGL_01/2026_AVRUPA_OPSIYON;D_EQ;SSO;D_EQ_ECP;DE_EREGL_ECP;EREGL.E;2026-01-30;0.01;0.01;0;0;0;0;0;0;0;0;0;0;0;0;;;;;
2025-11-28;O_EREGLE0126P22.00;EREGL_01/2026_AVRUPA_OPSIYON;D_EQ;SSO;D_EQ_EPP;DE_EREGL_EPP;EREGL.E;2026-01-30;0.23;0.23;0;0;0;0;0;0;0;0;0;0;0;0;;;;;
2025-11-28;O_EREGLE0126P22.50;EREGL_01/2026_AVRUPA_OPSIYON;D_EQ;SSO;D_EQ_EPP;DE_EREGL_EPP;EREGL.E;2026-01-30;0.31;0.31;0;0;0;0;0;0;0;0;0;0;0;0;;;;;
2025-11-28;O_EREGLE0126P23.00;EREGL_01/2026_AVRUPA_OPSIYON;D_EQ;SSO;D_EQ_EPP;DE_EREGL_EPP;EREGL.E;2026-01-30;0.41;0.41;0;0;0;0;0;0;0;0;0;0;0;0;;;;;
2025-11-28;O_EREGLE0126P23.50;EREGL_01/2026_AVRUPA_OPSIYON;D_EQ;SSO;D_EQ_EPP;DE_EREGL_EPP;EREGL.E;2026-01-30;0.53;0.52;1.92;0;0;0;0;0;0;0;0;0;0;0;;;;;
2025-11-28;O_EREGLE0126P24.00;EREGL_01/2026_AVRUPA_OPSIYON;D_EQ;SSO;D_EQ_EPP;DE_EREGL_EPP;EREGL.E;2026-01-30;0.67;0.66;1.52;0;0;0;0;0;0;0;0;0;0;0;;;;;
2025-11-28;O_EREGLE0126P24.50;EREGL_01/2026_AVRUPA_OPSIYON;D_EQ;SSO;D_EQ_EPP;DE_EREGL_EPP;EREGL.E;2026-01-30;0.83;0.83;0;0;0;0;0;0;0;0;0;0;0;0;;;;;
2025-11-28;O_EREGLE0126P25.00;EREGL_01/2026_AVRUPA_OPSIYON;D_EQ;SSO;D_EQ_EPP;DE_EREGL_EPP;EREGL.E;2026-01-30;1.03;1.02;0.98;0;0;0;0;0;0;0;0;0;0;0;;;;;
2025-11-28;O_EREGLE0126P26.00;EREGL_01/2026_AVRUPA_OPSIYON;D_EQ;SSO;D_EQ_EPP;DE_EREGL_EPP;EREGL.E;2026-01-30;1.48;1.47;0.68;0;0;0;0;0;0;0;0;0;0;0;;;;;
2025-11-28;O_EREGLE0126P27.00;EREGL_01/2026_AVRUPA_OPSIYON;D_EQ;SSO;D_EQ_EPP;DE_EREGL_EPP;EREGL.E;2026-01-30;2.03;2.01;1;0;0;0;0;0;0;0;0;0;0;0;;;;;
2025-11-28;O_EREGLE0126P28.00;EREGL_01/2026_AVRUPA_OPSIYON;D_EQ;SSO;D_EQ_EPP;DE_EREGL_EPP;EREGL.E;2026-01-30;2.67;2.65;0.75;0;0;0;0;0;0;0;0;0;0;0;;;;;
2025-11-28;O_EREGLE0126P29.00;EREGL_01/2026_AVRUPA_OPSIYON;D_EQ;SSO;D_EQ_EPP;DE_EREGL_EPP;EREGL.E;2026-01-30;3.39;3.36;0.89;0;0;0;0;0;0;0;0;0;0;0;;;;;
2025-11-28;O_EREGLE0126P30.00;EREGL_01/2026_AVRUPA_OPSIYON;D_EQ;SSO;D_EQ_EPP;DE_EREGL_EPP;EREGL.E;2026-01-30;4.16;4.12;0.97;0;0;0;0;0;0;0;0;0;0;0;;;;;
2025-11-28;O_EREGLE0126P31.00;EREGL_01/2026_AVRUPA_OPSIYON;D_EQ;SSO;D_EQ_EPP;DE_EREGL_EPP;EREGL.E;2026-01-30;4.98;4.93;1.01;0;0;0;0;0;0;0;0;0;0;0;;;;;
2025-11-28;O_EREGLE0126P32.00;EREGL_01/2026_AVRUPA_OPSIYON;D_EQ;SSO;D_EQ_EPP;DE_EREGL_EPP;EREGL.E;2026-01-30;5.83;5.78;0.87;0;0;0;0;0;0;0;0;0;0;0;;;;;
2025-11-28;O_EREGLE0126P33.00;EREGL_01/2026_AVRUPA_OPSIYON;D_EQ;SSO;D_EQ_EPP;DE_EREGL_EPP;EREGL.E;2026-01-30;6.7;6.65;0.75;0;0;0;0;0;0;0;0;0;1;0;;;;;
2025-11-28;O_EREGLE1125C23.50;EREGL_11/2025_AVRUPA_OPSIYON;D_EQ;SSO;D_EQ_ECP;DE_EREGL_ECP;EREGL.E;2025-11-28;0.36;0.45;-20;0;0;0;0;0;0;0;0;0;0;0;;;;;
2025-11-28;O_EREGLE1125C24.00;EREGL_11/2025_AVRUPA_OPSIYON;D_EQ;SSO;D_EQ_ECP;DE_EREGL_ECP;EREGL.E;2025-11-28;0;0.13;0;0.12;0.12;0.12;0.12;0.12;96000;480;40;1;141;40;;;;;
2025-11-28;O_EREGLE1125C24.50;EREGL_11/2025_AVRUPA_OPSIYON;D_EQ;SSO;D_EQ_ECP;DE_EREGL_ECP;EREGL.E;2025-11-28;0;0.02;0;0;0;0;0;0;0;0;0;0;646;0;;;;;
2025-11-28;O_EREGLE1125C25.00;EREGL_11/2025_AVRUPA_OPSIYON;D_EQ;SSO;D_EQ_ECP;DE_EREGL_ECP;EREGL.E;2025-11-28;0;0.01;0;0;0;0;0;0;0;0;0;0;437;0;;;;;
2025-11-28;O_EREGLE1125C26.00;EREGL_11/2025_AVRUPA_OPSIYON;D_EQ;SSO;D_EQ_ECP;DE_EREGL_ECP;EREGL.E;2025-11-28;0;0.01;0;0;0;0;0;0;0;0;0;0;641;0;;;;;
2025-11-28;O_EREGLE1125C27.00;EREGL_11/2025_AVRUPA_OPSIYON;D_EQ;SSO;D_EQ_ECP;DE_EREGL_ECP;EREGL.E;2025-11-28;0;0.01;0;0;0;0;0;0;0;0;0;0;1153;0;;;;;
2025-11-28;O_EREGLE1125C28.00;EREGL_11/2025_AVRUPA_OPSIYON;D_EQ;SSO;D_EQ_ECP;DE_EREGL_ECP;EREGL.E;2025-11-28;0;0.01;0;0;0;0;0;0;0;0;0;0;1960;0;;;;;
2025-11-28;O_EREGLE1125C29.00;EREGL_11/2025_AVRUPA_OPSIYON;D_EQ;SSO;D_EQ_ECP;DE_EREGL_ECP;EREGL.E;2025-11-28;0;0.01;0;0;0;0;0;0;0;0;0;0;841;0;;;;;
2025-11-28;O_EREGLE1125C30.00;EREGL_11/2025_AVRUPA_OPSIYON;D_EQ;SSO;D_EQ_ECP;DE_EREGL_ECP;EREGL.E;2025-11-28;0;0.01;0;0;0;0;0;0;0;0;0;0;7117;0;;;;;
2025-11-28;O_EREGLE1125C31.00;EREGL_11/2025_AVRUPA_OPSIYON;D_EQ;SSO;D_EQ_ECP;DE_EREGL_ECP;EREGL.E;2025-11-28;0;0.01;0;0;0;0;0;0;0;0;0;0;12536;0;;;;;
2025-11-28;O_EREGLE1125C32.00;EREGL_11/2025_AVRUPA_OPSIYON;D_EQ;SSO;D_EQ_ECP;DE_EREGL_ECP;EREGL.E;2025-11-28;0;0.01;0;0;0;0;0;0;0;0;0;0;2375;0;;;;;
2025-11-28;O_EREGLE1125C33.00;EREGL_11/2025_AVRUPA_OPSIYON;D_EQ;SSO;D_EQ_ECP;DE_EREGL_ECP;EREGL.E;2025-11-28;0;0.01;0;0;0;0;0;0;0;0;0;0;440;0;;;;;
2025-11-28;O_EREGLE1125C34.00;EREGL_11/2025_AVRUPA_OPSIYON;D_EQ;SSO;D_EQ_ECP;DE_EREGL_ECP;EREGL.E;2025-11-28;0;0.01;0;0;0;0;0;0;0;0;0;0;0;0;;;;;
2025-11-28;O_EREGLE1125C35.00;EREGL_11/2025_AVRUPA_OPSIYON;D_EQ;SSO;D_EQ_ECP;DE_EREGL_ECP;EREGL.E;2025-11-28;0;0.01;0;0;0;0;0;0;0;0;0;0;30;0;;;;;
2025-11-28;O_EREGLE1125C36.00;EREGL_11/2025_AVRUPA_OPSIYON;D_EQ;SSO;D_EQ_ECP;DE_EREGL_ECP;EREGL.E;2025-11-28;0;0.01;0;0;0;0;0;0;0;0;0;0;3000;0;;;;;
2025-11-28;O_EREGLE1125C37.00;EREGL_11/2025_AVRUPA_OPSIYON;D_EQ;SSO;D_EQ_ECP;DE_EREGL_ECP;EREGL.E;2025-11-28;0;0.01;0;0;0;0;0;0;0;0;0;0;0;0;;;;;
2025-11-28;O_EREGLE1125C38.00;EREGL_11/2025_AVRUPA_OPSIYON;D_EQ;SSO;D_EQ_ECP;DE_EREGL_ECP;EREGL.E;2025-11-28;0;0.01;0;0;0;0;0;0;0;0;0;0;0;0;;;;;
2025-11-28;O_EREGLE1125C39.00;EREGL_11/2025_AVRUPA_OPSIYON;D_EQ;SSO;D_EQ_ECP;DE_EREGL_ECP;EREGL.E;2025-11-28;0;0.01;0;0;0;0;0;0;0;0;0;0;0;0;;;;;
2025-11-28;O_EREGLE1125C40.00;EREGL_11/2025_AVRUPA_OPSIYON;D_EQ;SSO;D_EQ_ECP;DE_EREGL_ECP;EREGL.E;2025-11-28;0;0.01;0;0;0;0;0;0;0;0;0;0;0;0;;;;;
2025-11-28;O_EREGLE1125C41.00;EREGL_11/2025_AVRUPA_OPSIYON;D_EQ;SSO;D_EQ_ECP;DE_EREGL_ECP;EREGL.E;2025-11-28;0;0.01;0;0;0;0;0;0;0;0;0;0;0;0;;;;;
2025-11-28;O_EREGLE1125P21.00;EREGL_11/2025_AVRUPA_OPSIYON;D_EQ;SSO;D_EQ_EPP;DE_EREGL_EPP;EREGL.E;2025-11-28;0;0.01;0;0;0;0;0;0;0;0;0;0;0;0;;;;;
2025-11-28;O_EREGLE1125P21.50;EREGL_11/2025_AVRUPA_OPSIYON;D_EQ;SSO;D_EQ_EPP;DE_EREGL_EPP;EREGL.E;2025-11-28;0;0.01;0;0;0;0;0;0;0;0;0;0;0;0;;;;;
2025-11-28;O_EREGLE1125P22.00;EREGL_11/2025_AVRUPA_OPSIYON;D_EQ;SSO;D_EQ_EPP;DE_EREGL_EPP;EREGL.E;2025-11-28;0;0.01;0;0;0;0;0;0;0;0;0;0;0;0;;;;;
2025-11-28;O_EREGLE1125P22.50;EREGL_11/2025_AVRUPA_OPSIYON;D_EQ;SSO;D_EQ_EPP;DE_EREGL_EPP;EREGL.E;2025-11-28;0;0.01;0;0;0;0;0;0;0;0;0;0;0;0;;;;;
2025-11-28;O_EREGLE1125P23.00;EREGL_11/2025_AVRUPA_OPSIYON;D_EQ;SSO;D_EQ_EPP;DE_EREGL_EPP;EREGL.E;2025-11-28;0;0.01;0;0;0;0;0;0;0;0;0;0;0;0;;;;;
2025-11-28;O_EREGLE1125P23.50;EREGL_11/2025_AVRUPA_OPSIYON;D_EQ;SSO;D_EQ_EPP;DE_EREGL_EPP;EREGL.E;2025-11-28;0;0.04;0;0;0;0;0;0;0;0;0;0;0;0;;;;;
2025-11-28;O_EREGLE1125P24.00;EREGL_11/2025_AVRUPA_OPSIYON;D_EQ;SSO;D_EQ_EPP;DE_EREGL_EPP;EREGL.E;2025-11-28;0.14;0.23;-39.13;0;0;0;0;0;0;0;0;0;0;0;;;;;
2025-11-28;O_EREGLE1125P24.50;EREGL_11/2025_AVRUPA_OPSIYON;D_EQ;SSO;D_EQ_EPP;DE_EREGL_EPP;EREGL.E;2025-11-28;0.64;0.61;4.92;0.61;0.61;0.61;0.61;0.61;245000;6100;100;1;653;0;;;;;
2025-11-28;O_EREGLE1125P25.00;EREGL_11/2025_AVRUPA_OPSIYON;D_EQ;SSO;D_EQ_EPP;DE_EREGL_EPP;EREGL.E;2025-11-28;1.14;1.1;3.64;0;0;0;0;0;0;0;0;0;520;0;;;;;
2025-11-28;O_EREGLE1125P26.00;EREGL_11/2025_AVRUPA_OPSIYON;D_EQ;SSO;D_EQ_EPP;DE_EREGL_EPP;EREGL.E;2025-11-28;2.14;2.09;2.39;0;0;0;0;0;0;0;0;0;2387;0;;;;;
2025-11-28;O_EREGLE1125P27.00;EREGL_11/2025_AVRUPA_OPSIYON;D_EQ;SSO;D_EQ_EPP;DE_EREGL_EPP;EREGL.E;2025-11-28;3.14;3.09;1.62;3.05;3.01;3.05;3.01;3.03;405000;45450;150;3;1938;-150;;;;;
2025-11-28;O_EREGLE1125P28.00;EREGL_11/2025_AVRUPA_OPSIYON;D_EQ;SSO;D_EQ_EPP;DE_EREGL_EPP;EREGL.E;2025-11-28;4.14;4.09;1.22;3.9;3.9;3.9;3.9;3.9;280000;39000;100;2;698;-40;;;;;
2025-11-28;O_EREGLE1125P29.00;EREGL_11/2025_AVRUPA_OPSIYON;D_EQ;SSO;D_EQ_EPP;DE_EREGL_EPP;EREGL.E;2025-11-28;5.14;5.09;0.98;0;0;0;0;0;0;0;0;0;188;0;;;;;
2025-11-28;O_EREGLE1125P30.00;EREGL_11/2025_AVRUPA_OPSIYON;D_EQ;SSO;D_EQ_EPP;DE_EREGL_EPP;EREGL.E;2025-11-28;6.14;6.09;0.82;0;0;0;0;0;0;0;0;0;729;0;;;;;
2025-11-28;O_EREGLE1125P31.00;EREGL_11/2025_AVRUPA_OPSIYON;D_EQ;SSO;D_EQ_EPP;DE_EREGL_EPP;EREGL.E;2025-11-28;7.14;7.09;0.71;0;0;0;0;0;0;0;0;0;1125;0;;;;;
2025-11-28;O_EREGLE1125P32.00;EREGL_11/2025_AVRUPA_OPSIYON;D_EQ;SSO;D_EQ_EPP;DE_EREGL_EPP;EREGL.E;2025-11-28;8.14;8.09;0.62;0;0;0;0;0;0;0;0;0;175;0;;;;;
2025-11-28;O_EREGLE1125P33.00;EREGL_11/2025_AVRUPA_OPSIYON;D_EQ;SSO;D_EQ_EPP;DE_EREGL_EPP;EREGL.E;2025-11-28;9.14;9.09;0.55;0;0;0;0;0;0;0;0;0;303;0;;;;;
2025-11-28;O_EREGLE1125P34.00;EREGL_11/2025_AVRUPA_OPSIYON;D_EQ;SSO;D_EQ_EPP;DE_EREGL_EPP;EREGL.E;2025-11-28;10.14;10.08;0.6;0;0;0;0;0;0;0;0;0;303;0;;;;;
2025-11-28;O_EREGLE1125P35.00;EREGL_11/2025_AVRUPA_OPSIYON;D_EQ;SSO;D_EQ_EPP;DE_EREGL_EPP;EREGL.E;2025-11-28;11.14;11.08;0.54;0;0;0;0;0;0;0;0;0;353;0;;;;;
2025-11-28;O_EREGLE1125P36.00;EREGL_11/2025_AVRUPA_OPSIYON;D_EQ;SSO;D_EQ_EPP;DE_EREGL_EPP;EREGL.E;2025-11-28;12.14;12.08;0.5;0;0;0;0;0;0;0;0;0;0;0;;;;;
2025-11-28;O_EREGLE1225C24.00;EREGL_12/2025_AVRUPA_OPSIYON;D_EQ;SSO;D_EQ_ECP;DE_EREGL_ECP;EREGL.E;2025-12-31;1.37;1.41;-2.84;0;0;0;0;0;0;0;0;0;2;0;;;;;
2025-11-28;O_EREGLE1225C24.50;EREGL_12/2025_AVRUPA_OPSIYON;D_EQ;SSO;D_EQ_ECP;DE_EREGL_ECP;EREGL.E;2025-12-31;1.1;1.14;-3.51;1.07;1.07;1.07;1.07;1.07;509600;22256;208;3;208;207;;;;;
2025-11-28;O_EREGLE1225C25.00;EREGL_12/2025_AVRUPA_OPSIYON;D_EQ;SSO;D_EQ_ECP;DE_EREGL_ECP;EREGL.E;2025-12-31;0.88;0.91;-3.3;0.83;0.83;0.83;0.83;0.83;520000;17264;208;3;19;-181;;;;;
2025-11-28;O_EREGLE1225C26.00;EREGL_12/2025_AVRUPA_OPSIYON;D_EQ;SSO;D_EQ_ECP;DE_EREGL_ECP;EREGL.E;2025-12-31;0.53;0.56;-5.36;0.48;0.45;0.48;0.45;0.46;1560000;27700;600;6;5600;600;;;;;
2025-11-28;O_EREGLE1225C27.00;EREGL_12/2025_AVRUPA_OPSIYON;D_EQ;SSO;D_EQ_ECP;DE_EREGL_ECP;EREGL.E;2025-12-31;0.3;0.32;-6.25;0.28;0.27;0.28;0.28;0.27;1366200;13874;506;6;5606;506;;;;;
2025-11-28;O_EREGLE1225C28.00;EREGL_12/2025_AVRUPA_OPSIYON;D_EQ;SSO;D_EQ_ECP;DE_EREGL_ECP;EREGL.E;2025-12-31;0.16;0.17;-5.88;0;0;0;0;0;0;0;0;0;290;0;;;;;
2025-11-28;O_EREGLE1225C29.00;EREGL_12/2025_AVRUPA_OPSIYON;D_EQ;SSO;D_EQ_ECP;DE_EREGL_ECP;EREGL.E;2025-12-31;0.08;0.09;-11.11;0;0;0;0;0;0;0;0;0;2111;0;;;;;
2025-11-28;O_EREGLE1225C30.00;EREGL_12/2025_AVRUPA_OPSIYON;D_EQ;SSO;D_EQ_ECP;DE_EREGL_ECP;EREGL.E;2025-12-31;0.04;0.04;0;0;0;0;0;0;0;0;0;0;0;0;;;;;
2025-11-28;O_EREGLE1225C31.00;EREGL_12/2025_AVRUPA_OPSIYON;D_EQ;SSO;D_EQ_ECP;DE_EREGL_ECP;EREGL.E;2025-12-31;0.02;0.02;0;0;0;0;0;0;0;0;0;0;0;0;;;;;
2025-11-28;O_EREGLE1225C32.00;EREGL_12/2025_AVRUPA_OPSIYON;D_EQ;SSO;D_EQ_ECP;DE_EREGL_ECP;EREGL.E;2025-12-31;0.01;0.01;0;0;0;0;0;0;0;0;0;0;0;0;;;;;
2025-11-28;O_EREGLE1225C33.00;EREGL_12/2025_AVRUPA_OPSIYON;D_EQ;SSO;D_EQ_ECP;DE_EREGL_ECP;EREGL.E;2025-12-31;0.01;0.01;0;0;0;0;0;0;0;0;0;0;0;0;;;;;
2025-11-28;O_EREGLE1225C34.00;EREGL_12/2025_AVRUPA_OPSIYON;D_EQ;SSO;D_EQ_ECP;DE_EREGL_ECP;EREGL.E;2025-12-31;0.01;0.01;0;0;0;0;0;0;0;0;0;0;0;0;;;;;
2025-11-28;O_EREGLE1225C35.00;EREGL_12/2025_AVRUPA_OPSIYON;D_EQ;SSO;D_EQ_ECP;DE_EREGL_ECP;EREGL.E;2025-12-31;0.01;0.01;0;0;0;0;0;0;0;0;0;0;0;0;;;;;
2025-11-28;O_EREGLE1225C36.00;EREGL_12/2025_AVRUPA_OPSIYON;D_EQ;SSO;D_EQ_ECP;DE_EREGL_ECP;EREGL.E;2025-12-31;0.01;0.01;0;0;0;0;0;0;0;0;0;0;0;0;;;;;
2025-11-28;O_EREGLE1225C37.00;EREGL_12/2025_AVRUPA_OPSIYON;D_EQ;SSO;D_EQ_ECP;DE_EREGL_ECP;EREGL.E;2025-12-31;0.01;0.01;0;0;0;0;0;0;0;0;0;0;0;0;;;;;
2025-11-28;O_EREGLE1225C38.00;EREGL_12/2025_AVRUPA_OPSIYON;D_EQ;SSO;D_EQ_ECP;DE_EREGL_ECP;EREGL.E;2025-12-31;0.01;0.01;0;0;0;0;0;0;0;0;0;0;0;0;;;;;
2025-11-28;O_EREGLE1225C39.00;EREGL_12/2025_AVRUPA_OPSIYON;D_EQ;SSO;D_EQ_ECP;DE_EREGL_ECP;EREGL.E;2025-12-31;0.01;0.01;0;0;0;0;0;0;0;0;0;0;0;0;;;;;
2025-11-28;O_EREGLE1225P21.50;EREGL_12/2025_AVRUPA_OPSIYON;D_EQ;SSO;D_EQ_EPP;DE_EREGL_EPP;EREGL.E;2025-12-31;0.11;0.11;0;0;0;0;0;0;0;0;0;0;0;0;;;;;
2025-11-28;O_EREGLE1225P22.00;EREGL_12/2025_AVRUPA_OPSIYON;D_EQ;SSO;D_EQ_EPP;DE_EREGL_EPP;EREGL.E;2025-12-31;0.17;0.17;0;0;0;0;0;0;0;0;0;0;100;0;;;;;
2025-11-28;O_EREGLE1225P22.50;EREGL_12/2025_AVRUPA_OPSIYON;D_EQ;SSO;D_EQ_EPP;DE_EREGL_EPP;EREGL.E;2025-12-31;0.26;0.26;0;0;0;0;0;0;0;0;0;0;0;0;;;;;
2025-11-28;O_EREGLE1225P23.00;EREGL_12/2025_AVRUPA_OPSIYON;D_EQ;SSO;D_EQ_EPP;DE_EREGL_EPP;EREGL.E;2025-12-31;0.37;0.37;0;0;0;0;0;0;0;0;0;0;0;0;;;;;
2025-11-28;O_EREGLE1225P23.50;EREGL_12/2025_AVRUPA_OPSIYON;D_EQ;SSO;D_EQ_EPP;DE_EREGL_EPP;EREGL.E;2025-12-31;0.52;0.52;0;0;0;0;0;0;0;0;0;0;0;0;;;;;
2025-11-28;O_EREGLE1225P24.00;EREGL_12/2025_AVRUPA_OPSIYON;D_EQ;SSO;D_EQ_EPP;DE_EREGL_EPP;EREGL.E;2025-12-31;0.7;0.7;0;0;0;0;0;0;0;0;0;0;1000;0;;;;;
2025-11-28;O_EREGLE1225P24.50;EREGL_12/2025_AVRUPA_OPSIYON;D_EQ;SSO;D_EQ_EPP;DE_EREGL_EPP;EREGL.E;2025-12-31;0.92;0.91;1.1;0;0;0;0;0;0;0;0;0;136;0;;;;;
2025-11-28;O_EREGLE1225P25.00;EREGL_12/2025_AVRUPA_OPSIYON;D_EQ;SSO;D_EQ_EPP;DE_EREGL_EPP;EREGL.E;2025-12-31;1.17;1.16;0.86;1.04;1.04;1.15;1.15;1.07;1875000;79950;750;6;1357;749;;;;;
2025-11-28;O_EREGLE1225P26.00;EREGL_12/2025_AVRUPA_OPSIYON;D_EQ;SSO;D_EQ_EPP;DE_EREGL_EPP;EREGL.E;2025-12-31;1.79;1.77;1.13;0;0;0;0;0;0;0;0;0;1158;0;;;;;
2025-11-28;O_EREGLE1225P27.00;EREGL_12/2025_AVRUPA_OPSIYON;D_EQ;SSO;D_EQ_EPP;DE_EREGL_EPP;EREGL.E;2025-12-31;2.53;2.5;1.2;0;0;0;0;0;0;0;0;0;494;0;;;;;
2025-11-28;O_EREGLE1225P28.00;EREGL_12/2025_AVRUPA_OPSIYON;D_EQ;SSO;D_EQ_EPP;DE_EREGL_EPP;EREGL.E;2025-12-31;3.35;3.32;0.9;0;0;0;0;0;0;0;0;0;208;0;;;;;
2025-11-28;O_EREGLE1225P29.00;EREGL_12/2025_AVRUPA_OPSIYON;D_EQ;SSO;D_EQ_EPP;DE_EREGL_EPP;EREGL.E;2025-12-31;4.24;4.2;0.95;0;0;0;0;0;0;0;0;0;416;0;;;;;
2025-11-28;O_EREGLE1225P30.00;EREGL_12/2025_AVRUPA_OPSIYON;D_EQ;SSO;D_EQ_EPP;DE_EREGL_EPP;EREGL.E;2025-12-31;5.17;5.12;0.98;0;0;0;0;0;0;0;0;0;0;0;;;;;
2025-11-28;O_EREGLE1225P31.00;EREGL_12/2025_AVRUPA_OPSIYON;D_EQ;SSO;D_EQ_EPP;DE_EREGL_EPP;EREGL.E;2025-12-31;6.11;6.06;0.83;0;0;0;0;0;0;0;0;0;5;0;;;;;
2025-11-28;O_EREGLE1225P32.00;EREGL_12/2025_AVRUPA_OPSIYON;D_EQ;SSO;D_EQ_EPP;DE_EREGL_EPP;EREGL.E;2025-12-31;7.07;7.02;0.71;0;0;0;0;0;0;0;0;0;0;0;;;;;
2025-11-28;O_EREGLE1225P33.00;EREGL_12/2025_AVRUPA_OPSIYON;D_EQ;SSO;D_EQ_EPP;DE_EREGL_EPP;EREGL.E;2025-12-31;8.03;7.98;0.63;0;0;0;0;0;0;0;0;0;209;0;;;;;
2025-11-28;O_EREGLE1225P34.00;EREGL_12/2025_AVRUPA_OPSIYON;D_EQ;SSO;D_EQ_EPP;DE_EREGL_EPP;EREGL.E;2025-12-31;8.99;8.94;0.56;0;0;0;0;0;0;0;0;0;200;0;;;;;
2025-11-28;O_FROTOE0126C100.00;FROTO_01/2026_AVRUPA_OPSIYON;D_EQ;SSO;D_EQ_ECP;DE_FROTO_ECP;FROTO.E;2026-01-30;7.07;7.49;-5.61;0;0;0;0;0;0;0;0;0;0;0;;;;;
2025-11-28;O_FROTOE0126C105.00;FROTO_01/2026_AVRUPA_OPSIYON;D_EQ;SSO;D_EQ_ECP;DE_FROTO_ECP;FROTO.E;2026-01-30;4.97;5.29;-6.05;0;0;0;0;0;0;0;0;0;0;0;;;;;
2025-11-28;O_FROTOE0126C110.00;FROTO_01/2026_AVRUPA_OPSIYON;D_EQ;SSO;D_EQ_ECP;DE_FROTO_ECP;FROTO.E;2026-01-30;3.77;3.93;-4.07;0;0;0;0;0;0;0;0;0;0;0;;;;;
2025-11-28;O_FROTOE0126C115.00;FROTO_01/2026_AVRUPA_OPSIYON;D_EQ;SSO;D_EQ_ECP;DE_FROTO_ECP;FROTO.E;2026-01-30;3.01;3.09;-2.59;0;0;0;0;0;0;0;0;0;0;0;;;;;
2025-11-28;O_FROTOE0126C120.00;FROTO_01/2026_AVRUPA_OPSIYON;D_EQ;SSO;D_EQ_ECP;DE_FROTO_ECP;FROTO.E;2026-01-30;2.48;2.51;-1.2;0;0;0;0;0;0;0;0;0;0;0;;;;;
2025-11-28;O_FROTOE0126C125.00;FROTO_01/2026_AVRUPA_OPSIYON;D_EQ;SSO;D_EQ_ECP;DE_FROTO_ECP;FROTO.E;2026-01-30;2.11;2.1;0.48;0;0;0;0;0;0;0;0;0;0;0;;;;;
2025-11-28;O_FROTOE0126C130.00;FROTO_01/2026_AVRUPA_OPSIYON;D_EQ;SSO;D_EQ_ECP;DE_FROTO_ECP;FROTO.E;2026-01-30;1.85;1.8;2.78;0;0;0;0;0;0;0;0;0;0;0;;;;;
2025-11-28;O_FROTOE0126C135.00;FROTO_01/2026_AVRUPA_OPSIYON;D_EQ;SSO;D_EQ_ECP;DE_FROTO_ECP;FROTO.E;2026-01-30;1.66;1.59;4.4;0;0;0;0;0;0;0;0;0;0;0;;;;;
2025-11-28;O_FROTOE0126C140.00;FROTO_01/2026_AVRUPA_OPSIYON;D_EQ;SSO;D_EQ_ECP;DE_FROTO_ECP;FROTO.E;2026-01-30;1.52;1.43;6.29;0;0;0;0;0;0;0;0;0;0;0;;;;;
2025-11-28;O_FROTOE0126C98.00;FROTO_01/2026_AVRUPA_OPSIYON;D_EQ;SSO;D_EQ_ECP;DE_FROTO_ECP;FROTO.E;2026-01-30;8.13;8.58;-5.24;0;0;0;0;0;0;0;0;0;0;0;;;;;
2025-11-28;O_FROTOE0126P100.00;FROTO_01/2026_AVRUPA_OPSIYON;D_EQ;SSO;D_EQ_EPP;DE_FROTO_EPP;FROTO.E;2026-01-30;4.83;4.6;5;0;0;0;0;0;0;0;0;0;0;0;;;;;
2025-11-28;O_FROTOE0126P105.00;FROTO_01/2026_AVRUPA_OPSIYON;D_EQ;SSO;D_EQ_EPP;DE_FROTO_EPP;FROTO.E;2026-01-30;7.36;7.01;4.99;0;0;0;0;0;0;0;0;0;0;0;;;;;
2025-11-28;O_FROTOE0126P110.00;FROTO_01/2026_AVRUPA_OPSIYON;D_EQ;SSO;D_EQ_EPP;DE_FROTO_EPP;FROTO.E;2026-01-30;10.77;10.26;4.97;0;0;0;0;0;0;0;0;0;0;0;;;;;
2025-11-28;O_FROTOE0126P115.00;FROTO_01/2026_AVRUPA_OPSIYON;D_EQ;SSO;D_EQ_EPP;DE_FROTO_EPP;FROTO.E;2026-01-30;14.63;14.03;4.28;0;0;0;0;0;0;0;0;0;0;0;;;;;
2025-11-28;O_FROTOE0126P88.00;FROTO_01/2026_AVRUPA_OPSIYON;D_EQ;SSO;D_EQ_EPP;DE_FROTO_EPP;FROTO.E;2026-01-30;1.82;1.72;5.81;2.7;2.7;2.7;2.7;2.7;8800;270;1;1;1;1;;;;;
2025-11-28;O_FROTOE0126P90.00;FROTO_01/2026_AVRUPA_OPSIYON;D_EQ;SSO;D_EQ_EPP;DE_FROTO_EPP;FROTO.E;2026-01-30;2.13;2.02;5.45;0;0;0;0;0;0;0;0;0;0;0;;;;;
2025-11-28;O_FROTOE0126P92.00;FROTO_01/2026_AVRUPA_OPSIYON;D_EQ;SSO;D_EQ_EPP;DE_FROTO_EPP;FROTO.E;2026-01-30;2.48;2.36;5.08;0;0;0;0;0;0;0;0;0;0;0;;;;;
2025-11-28;O_FROTOE0126P94.00;FROTO_01/2026_AVRUPA_OPSIYON;D_EQ;SSO;D_EQ_EPP;DE_FROTO_EPP;FROTO.E;2026-01-30;2.89;2.76;4.71;0;0;0;0;0;0;0;0;0;0;0;;;;;
2025-11-28;O_FROTOE0126P96.00;FROTO_01/2026_AVRUPA_OPSIYON;D_EQ;SSO;D_EQ_EPP;DE_FROTO_EPP;FROTO.E;2026-01-30;3.36;3.22;4.35;0;0;0;0;0;0;0;0;0;0;0;;;;;
2025-11-28;O_FROTOE0126P98.00;FROTO_01/2026_AVRUPA_OPSIYON;D_EQ;SSO;D_EQ_EPP;DE_FROTO_EPP;FROTO.E;2026-01-30;4.05;3.84;5.47;0;0;0;0;0;0;0;0;0;0;0;;;;;
2025-11-28;O_FROTOE1125C100.00;FROTO_11/2025_AVRUPA_OPSIYON;D_EQ;SSO;D_EQ_ECP;DE_FROTO_ECP;FROTO.E;2025-11-28;0;0.01;0;0;0;0;0;0;0;0;0;0;613;0;;;;;
2025-11-28;O_FROTOE1125C105.00;FROTO_11/2025_AVRUPA_OPSIYON;D_EQ;SSO;D_EQ_ECP;DE_FROTO_ECP;FROTO.E;2025-11-28;0;0.01;0;0;0;0;0;0;0;0;0;0;240;0;;;;;
2025-11-28;O_FROTOE1125C110.00;FROTO_11/2025_AVRUPA_OPSIYON;D_EQ;SSO;D_EQ_ECP;DE_FROTO_ECP;FROTO.E;2025-11-28;0;0.01;0;0;0;0;0;0;0;0;0;0;100;0;;;;;
2025-11-28;O_FROTOE1125C115.00;FROTO_11/2025_AVRUPA_OPSIYON;D_EQ;SSO;D_EQ_ECP;DE_FROTO_ECP;FROTO.E;2025-11-28;0;0.01;0;0;0;0;0;0;0;0;0;0;20;0;;;;;
2025-11-28;O_FROTOE1125C120.00;FROTO_11/2025_AVRUPA_OPSIYON;D_EQ;SSO;D_EQ_ECP;DE_FROTO_ECP;FROTO.E;2025-11-28;0;0.01;0;0;0;0;0;0;0;0;0;0;0;0;;;;;
2025-11-28;O_FROTOE1125C125.00;FROTO_11/2025_AVRUPA_OPSIYON;D_EQ;SSO;D_EQ_ECP;DE_FROTO_ECP;FROTO.E;2025-11-28;0;0.01;0;0;0;0;0;0;0;0;0;0;0;0;;;;;
2025-11-28;O_FROTOE1125C130.00;FROTO_11/2025_AVRUPA_OPSIYON;D_EQ;SSO;D_EQ_ECP;DE_FROTO_ECP;FROTO.E;2025-11-28;0;0.01;0;0;0;0;0;0;0;0;0;0;0;0;;;;;
2025-11-28;O_FROTOE1125C135.00;FROTO_11/2025_AVRUPA_OPSIYON;D_EQ;SSO;D_EQ_ECP;DE_FROTO_ECP;FROTO.E;2025-11-28;0;0.01;0;0;0;0;0;0;0;0;0;0;0;0;;;;;
2025-11-28;O_FROTOE1125C140.00;FROTO_11/2025_AVRUPA_OPSIYON;D_EQ;SSO;D_EQ_ECP;DE_FROTO_ECP;FROTO.E;2025-11-28;0;0.01;0;0;0;0;0;0;0;0;0;0;0;0;;;;;
2025-11-28;O_FROTOE1125C145.00;FROTO_11/2025_AVRUPA_OPSIYON;D_EQ;SSO;D_EQ_ECP;DE_FROTO_ECP;FROTO.E;2025-11-28;0;0.01;0;0;0;0;0;0;0;0;0;0;0;0;;;;;
2025-11-28;O_FROTOE1125C150.00;FROTO_11/2025_AVRUPA_OPSIYON;D_EQ;SSO;D_EQ_ECP;DE_FROTO_ECP;FROTO.E;2025-11-28;0;0.01;0;0;0;0;0;0;0;0;0;0;0;0;;;;;
2025-11-28;O_FROTOE1125C92.00;FROTO_11/2025_AVRUPA_OPSIYON;D_EQ;SSO;D_EQ_ECP;DE_FROTO_ECP;FROTO.E;2025-11-28;2.6;3.28;-20.73;0;0;0;0;0;0;0;0;0;510;0;;;;;
2025-11-28;O_FROTOE1125C94.00;FROTO_11/2025_AVRUPA_OPSIYON;D_EQ;SSO;D_EQ_ECP;DE_FROTO_ECP;FROTO.E;2025-11-28;0.6;1.53;-60.78;0;0;0;0;0;0;0;0;0;536;0;;;;;
2025-11-28;O_FROTOE1125C96.00;FROTO_11/2025_AVRUPA_OPSIYON;D_EQ;SSO;D_EQ_ECP;DE_FROTO_ECP;FROTO.E;2025-11-28;0;0.44;0;0;0;0;0;0;0;0;0;0;500;0;;;;;
2025-11-28;O_FROTOE1125C98.00;FROTO_11/2025_AVRUPA_OPSIYON;D_EQ;SSO;D_EQ_ECP;DE_FROTO_ECP;FROTO.E;2025-11-28;0;0.07;0;0;0;0;0;0;0;0;0;0;53;0;;;;;
2025-11-28;O_FROTOE1125P100.00;FROTO_11/2025_AVRUPA_OPSIYON;D_EQ;SSO;D_EQ_EPP;DE_FROTO_EPP;FROTO.E;2025-11-28;5.4;4.75;13.68;0;0;0;0;0;0;0;0;0;980;0;;;;;
2025-11-28;O_FROTOE1125P105.00;FROTO_11/2025_AVRUPA_OPSIYON;D_EQ;SSO;D_EQ_EPP;DE_FROTO_EPP;FROTO.E;2025-11-28;10.4;9.74;6.78;0;0;0;0;0;0;0;0;0;504;0;;;;;
2025-11-28;O_FROTOE1125P110.00;FROTO_11/2025_AVRUPA_OPSIYON;D_EQ;SSO;D_EQ_EPP;DE_FROTO_EPP;FROTO.E;2025-11-28;15.4;14.74;4.48;0;0;0;0;0;0;0;0;0;20;0;;;;;
2025-11-28;O_FROTOE1125P115.00;FROTO_11/2025_AVRUPA_OPSIYON;D_EQ;SSO;D_EQ_EPP;DE_FROTO_EPP;FROTO.E;2025-11-28;20.4;19.73;3.4;0;0;0;0;0;0;0;0;0;0;0;;;;;
2025-11-28;O_FROTOE1125P120.00;FROTO_11/2025_AVRUPA_OPSIYON;D_EQ;SSO;D_EQ_EPP;DE_FROTO_EPP;FROTO.E;2025-11-28;25.4;24.73;2.71;0;0;0;0;0;0;0;0;0;0;0;;;;;
2025-11-28;O_FROTOE1125P125.00;FROTO_11/2025_AVRUPA_OPSIYON;D_EQ;SSO;D_EQ_EPP;DE_FROTO_EPP;FROTO.E;2025-11-28;30.4;29.72;2.29;0;0;0;0;0;0;0;0;0;0;0;;;;;
2025-11-28;O_FROTOE1125P82.00;FROTO_11/2025_AVRUPA_OPSIYON;D_EQ;SSO;D_EQ_EPP;DE_FROTO_EPP;FROTO.E;2025-11-28;0;0.01;0;0;0;0;0;0;0;0;0;0;20;0;;;;;
2025-11-28;O_FROTOE1125P84.00;FROTO_11/2025_AVRUPA_OPSIYON;D_EQ;SSO;D_EQ_EPP;DE_FROTO_EPP;FROTO.E;2025-11-28;0;0.01;0;0;0;0;0;0;0;0;0;0;50;0;;;;;
2025-11-28;O_FROTOE1125P86.00;FROTO_11/2025_AVRUPA_OPSIYON;D_EQ;SSO;D_EQ_EPP;DE_FROTO_EPP;FROTO.E;2025-11-28;0;0.01;0;0;0;0;0;0;0;0;0;0;0;0;;;;;
2025-11-28;O_FROTOE1125P88.00;FROTO_11/2025_AVRUPA_OPSIYON;D_EQ;SSO;D_EQ_EPP;DE_FROTO_EPP;FROTO.E;2025-11-28;0;0.01;0;0;0;0;0;0;0;0;0;0;100;0;;;;;
2025-11-28;O_FROTOE1125P90.00;FROTO_11/2025_AVRUPA_OPSIYON;D_EQ;SSO;D_EQ_EPP;DE_FROTO_EPP;FROTO.E;2025-11-28;0;0.01;0;0;0;0;0;0;0;0;0;0;0;0;;;;;
2025-11-28;O_FROTOE1125P92.00;FROTO_11/2025_AVRUPA_OPSIYON;D_EQ;SSO;D_EQ_EPP;DE_FROTO_EPP;FROTO.E;2025-11-28;0;0.03;0;0;0;0;0;0;0;0;0;0;0;0;;;;;
2025-11-28;O_FROTOE1125P94.00;FROTO_11/2025_AVRUPA_OPSIYON;D_EQ;SSO;D_EQ_EPP;DE_FROTO_EPP;FROTO.E;2025-11-28;0;0.28;0;0;0;0;0;0;0;0;0;0;0;0;;;;;
2025-11-28;O_FROTOE1125P96.00;FROTO_11/2025_AVRUPA_OPSIYON;D_EQ;SSO;D_EQ_EPP;DE_FROTO_EPP;FROTO.E;2025-11-28;1.4;1.19;17.65;0;0;0;0;0;0;0;0;0;771;0;;;;;
2025-11-28;O_FROTOE1125P98.00;FROTO_11/2025_AVRUPA_OPSIYON;D_EQ;SSO;D_EQ_EPP;DE_FROTO_EPP;FROTO.E;2025-11-28;3.4;2.81;21;2.72;2.72;2.72;2.72;2.72;196000;5440;20;1;10;0;;;;;
2025-11-28;O_FROTOE1225C100.00;FROTO_12/2025_AVRUPA_OPSIYON;D_EQ;SSO;D_EQ_ECP;DE_FROTO_ECP;FROTO.E;2025-12-31;3.44;3.77;-8.75;0;0;0;0;0;0;0;0;0;0;0;;;;;
2025-11-28;O_FROTOE1225C105.00;FROTO_12/2025_AVRUPA_OPSIYON;D_EQ;SSO;D_EQ_ECP;DE_FROTO_ECP;FROTO.E;2025-12-31;2.06;2.24;-8.04;0;0;0;0;0;0;0;0;0;8;0;;;;;
2025-11-28;O_FROTOE1225C110.00;FROTO_12/2025_AVRUPA_OPSIYON;D_EQ;SSO;D_EQ_ECP;DE_FROTO_ECP;FROTO.E;2025-12-31;1.35;1.45;-6.9;0;0;0;0;0;0;0;0;0;0;0;;;;;
2025-11-28;O_FROTOE1225C115.00;FROTO_12/2025_AVRUPA_OPSIYON;D_EQ;SSO;D_EQ_ECP;DE_FROTO_ECP;FROTO.E;2025-12-31;0.93;0.98;-5.1;0;0;0;0;0;0;0;0;0;0;0;;;;;
2025-11-28;O_FROTOE1225C120.00;FROTO_12/2025_AVRUPA_OPSIYON;D_EQ;SSO;D_EQ_ECP;DE_FROTO_ECP;FROTO.E;2025-12-31;0.67;0.69;-2.9;0;0;0;0;0;0;0;0;0;0;0;;;;;
2025-11-28;O_FROTOE1225C125.00;FROTO_12/2025_AVRUPA_OPSIYON;D_EQ;SSO;D_EQ_ECP;DE_FROTO_ECP;FROTO.E;2025-12-31;0.51;0.51;0;0;0;0;0;0;0;0;0;0;0;0;;;;;
2025-11-28;O_FROTOE1225C130.00;FROTO_12/2025_AVRUPA_OPSIYON;D_EQ;SSO;D_EQ_ECP;DE_FROTO_ECP;FROTO.E;2025-12-31;0.4;0.4;0;0;0;0;0;0;0;0;0;0;0;0;;;;;
2025-11-28;O_FROTOE1225C135.00;FROTO_12/2025_AVRUPA_OPSIYON;D_EQ;SSO;D_EQ_ECP;DE_FROTO_ECP;FROTO.E;2025-12-31;0.33;0.32;3.13;0;0;0;0;0;0;0;0;0;0;0;;;;;
2025-11-28;O_FROTOE1225C140.00;FROTO_12/2025_AVRUPA_OPSIYON;D_EQ;SSO;D_EQ_ECP;DE_FROTO_ECP;FROTO.E;2025-12-31;0.28;0.26;7.69;0;0;0;0;0;0;0;0;0;0;0;;;;;
2025-11-28;O_FROTOE1225C96.00;FROTO_12/2025_AVRUPA_OPSIYON;D_EQ;SSO;D_EQ_ECP;DE_FROTO_ECP;FROTO.E;2025-12-31;5.27;5.71;-7.71;1.77;1.77;1.77;1.77;1.77;288000;5310;30;3;254;0;;;;;
2025-11-28;O_FROTOE1225C98.00;FROTO_12/2025_AVRUPA_OPSIYON;D_EQ;SSO;D_EQ_ECP;DE_FROTO_ECP;FROTO.E;2025-12-31;4.25;4.65;-8.6;0;0;0;0;0;0;0;0;0;240;0;;;;;
2025-11-28;O_FROTOE1225P100.00;FROTO_12/2025_AVRUPA_OPSIYON;D_EQ;SSO;D_EQ_EPP;DE_FROTO_EPP;FROTO.E;2025-12-31;5.46;5.14;6.23;0;0;0;0;0;0;0;0;0;20;0;;;;;
2025-11-28;O_FROTOE1225P105.00;FROTO_12/2025_AVRUPA_OPSIYON;D_EQ;SSO;D_EQ_EPP;DE_FROTO_EPP;FROTO.E;2025-12-31;8.91;8.44;5.57;0;0;0;0;0;0;0;0;0;20;0;;;;;
2025-11-28;O_FROTOE1225P110.00;FROTO_12/2025_AVRUPA_OPSIYON;D_EQ;SSO;D_EQ_EPP;DE_FROTO_EPP;FROTO.E;2025-12-31;13.03;12.47;4.49;0;0;0;0;0;0;0;0;0;20;0;;;;;
2025-11-28;O_FROTOE1225P115.00;FROTO_12/2025_AVRUPA_OPSIYON;D_EQ;SSO;D_EQ_EPP;DE_FROTO_EPP;FROTO.E;2025-12-31;17.44;16.83;3.62;0;0;0;0;0;0;0;0;0;0;0;;;;;
2025-11-28;O_FROTOE1225P86.00;FROTO_12/2025_AVRUPA_OPSIYON;D_EQ;SSO;D_EQ_EPP;DE_FROTO_EPP;FROTO.E;2025-12-31;0.98;0.92;6.52;0;0;0;0;0;0;0;0;0;225;0;;;;;
2025-11-28;O_FROTOE1225P88.00;FROTO_12/2025_AVRUPA_OPSIYON;D_EQ;SSO;D_EQ_EPP;DE_FROTO_EPP;FROTO.E;2025-12-31;1.26;1.19;5.88;1.7;1.7;1.7;1.7;1.7;88000;1700;10;1;10;10;;;;;
2025-11-28;O_FROTOE1225P90.00;FROTO_12/2025_AVRUPA_OPSIYON;D_EQ;SSO;D_EQ_EPP;DE_FROTO_EPP;FROTO.E;2025-12-31;1.61;1.53;5.23;2.38;2.38;2.38;2.38;2.38;90000;2380;10;1;261;10;;;;;
2025-11-28;O_FROTOE1225P92.00;FROTO_12/2025_AVRUPA_OPSIYON;D_EQ;SSO;D_EQ_EPP;DE_FROTO_EPP;FROTO.E;2025-12-31;2.05;1.94;5.67;0;0;0;0;0;0;0;0;0;20;0;;;;;
2025-11-28;O_FROTOE1225P94.00;FROTO_12/2025_AVRUPA_OPSIYON;D_EQ;SSO;D_EQ_EPP;DE_FROTO_EPP;FROTO.E;2025-12-31;2.65;2.48;6.85;4.2;4.2;4.2;4.2;4.2;94000;4200;10;1;20;-10;;;;;
2025-11-28;O_FROTOE1225P96.00;FROTO_12/2025_AVRUPA_OPSIYON;D_EQ;SSO;D_EQ_EPP;DE_FROTO_EPP;FROTO.E;2025-12-31;3.43;3.22;6.52;0;0;0;0;0;0;0;0;0;40;0;;;;;
2025-11-28;O_FROTOE1225P98.00;FROTO_12/2025_AVRUPA_OPSIYON;D_EQ;SSO;D_EQ_EPP;DE_FROTO_EPP;FROTO.E;2025-12-31;4.34;4.09;6.11;0;0;0;0;0;0;0;0;0;20;0;;;;;
2025-11-28;O_GARANE0126C130.00;GARAN_01/2026_AVRUPA_OPSIYON;D_EQ;SSO;D_EQ_ECP;DE_GARAN_ECP;GARAN.E;2026-01-30;21.4;21.49;-0.42;0;0;0;0;0;0;0;0;0;0;0;;;;;
2025-11-28;O_GARANE0126C135.00;GARAN_01/2026_AVRUPA_OPSIYON;D_EQ;SSO;D_EQ_ECP;DE_GARAN_ECP;GARAN.E;2026-01-30;17.77;17.89;-0.67;0;0;0;0;0;0;0;0;0;0;0;;;;;
2025-11-28;O_GARANE0126C140.00;GARAN_01/2026_AVRUPA_OPSIYON;D_EQ;SSO;D_EQ_ECP;DE_GARAN_ECP;GARAN.E;2026-01-30;14.43;14.58;-1.03;0;0;0;0;0;0;0;0;0;0;0;;;;;
2025-11-28;O_GARANE0126C145.00;GARAN_01/2026_AVRUPA_OPSIYON;D_EQ;SSO;D_EQ_ECP;DE_GARAN_ECP;GARAN.E;2026-01-30;11.59;11.75;-1.36;0;0;0;0;0;0;0;0;0;0;0;;;;;
2025-11-28;O_GARANE0126C150.00;GARAN_01/2026_AVRUPA_OPSIYON;D_EQ;SSO;D_EQ_ECP;DE_GARAN_ECP;GARAN.E;2026-01-30;9.19;9.36;-1.82;0;0;0;0;0;0;0;0;0;0;0;;;;;
2025-11-28;O_GARANE0126C155.00;GARAN_01/2026_AVRUPA_OPSIYON;D_EQ;SSO;D_EQ_ECP;DE_GARAN_ECP;GARAN.E;2026-01-30;7.24;7.4;-2.16;0;0;0;0;0;0;0;0;0;0;0;;;;;
2025-11-28;O_GARANE0126C160.00;GARAN_01/2026_AVRUPA_OPSIYON;D_EQ;SSO;D_EQ_ECP;DE_GARAN_ECP;GARAN.E;2026-01-30;5.83;5.96;-2.18;0;0;0;0;0;0;0;0;0;0;0;;;;;
2025-11-28;O_GARANE0126C165.00;GARAN_01/2026_AVRUPA_OPSIYON;D_EQ;SSO;D_EQ_ECP;DE_GARAN_ECP;GARAN.E;2026-01-30;4.73;4.83;-2.07;0;0;0;0;0;0;0;0;0;0;0;;;;;
2025-11-28;O_GARANE0126C170.00;GARAN_01/2026_AVRUPA_OPSIYON;D_EQ;SSO;D_EQ_ECP;DE_GARAN_ECP;GARAN.E;2026-01-30;3.85;3.93;-2.04;0;0;0;0;0;0;0;0;0;0;0;;;;;
2025-11-28;O_GARANE0126C175.00;GARAN_01/2026_AVRUPA_OPSIYON;D_EQ;SSO;D_EQ_ECP;DE_GARAN_ECP;GARAN.E;2026-01-30;3.16;3.21;-1.56;0;0;0;0;0;0;0;0;0;0;0;;;;;
2025-11-28;O_GARANE0126C180.00;GARAN_01/2026_AVRUPA_OPSIYON;D_EQ;SSO;D_EQ_ECP;DE_GARAN_ECP;GARAN.E;2026-01-30;2.61;2.65;-1.51;0;0;0;0;0;0;0;0;0;0;0;;;;;
2025-11-28;O_GARANE0126P105.00;GARAN_01/2026_AVRUPA_OPSIYON;D_EQ;SSO;D_EQ_EPP;DE_GARAN_EPP;GARAN.E;2026-01-30;0.34;0.34;0;0;0;0;0;0;0;0;0;0;0;0;;;;;
2025-11-28;O_GARANE0126P110.00;GARAN_01/2026_AVRUPA_OPSIYON;D_EQ;SSO;D_EQ_EPP;DE_GARAN_EPP;GARAN.E;2026-01-30;0.54;0.54;0;0;0;0;0;0;0;0;0;0;0;0;;;;;
2025-11-28;O_GARANE0126P115.00;GARAN_01/2026_AVRUPA_OPSIYON;D_EQ;SSO;D_EQ_EPP;DE_GARAN_EPP;GARAN.E;2026-01-30;0.83;0.84;-1.19;0;0;0;0;0;0;0;0;0;0;0;;;;;
2025-11-28;O_GARANE0126P120.00;GARAN_01/2026_AVRUPA_OPSIYON;D_EQ;SSO;D_EQ_EPP;DE_GARAN_EPP;GARAN.E;2026-01-30;1.25;1.26;-0.79;0;0;0;0;0;0;0;0;0;0;0;;;;;
2025-11-28;O_GARANE0126P125.00;GARAN_01/2026_AVRUPA_OPSIYON;D_EQ;SSO;D_EQ_EPP;DE_GARAN_EPP;GARAN.E;2026-01-30;1.81;1.84;-1.63;0;0;0;0;0;0;0;0;0;0;0;;;;;
2025-11-28;O_GARANE0126P130.00;GARAN_01/2026_AVRUPA_OPSIYON;D_EQ;SSO;D_EQ_EPP;DE_GARAN_EPP;GARAN.E;2026-01-30;2.57;2.62;-1.91;0;0;0;0;0;0;0;0;0;0;0;;;;;
2025-11-28;O_GARANE0126P135.00;GARAN_01/2026_AVRUPA_OPSIYON;D_EQ;SSO;D_EQ_EPP;DE_GARAN_EPP;GARAN.E;2026-01-30;3.57;3.63;-1.65;0;0;0;0;0;0;0;0;0;0;0;;;;;
2025-11-28;O_GARANE0126P140.00;GARAN_01/2026_AVRUPA_OPSIYON;D_EQ;SSO;D_EQ_EPP;DE_GARAN_EPP;GARAN.E;2026-01-30;4.84;4.93;-1.83;0;0;0;0;0;0;0;0;0;0;0;;;;;
2025-11-28;O_GARANE0126P145.00;GARAN_01/2026_AVRUPA_OPSIYON;D_EQ;SSO;D_EQ_EPP;DE_GARAN_EPP;GARAN.E;2026-01-30;6.62;6.71;-1.34;0;0;0;0;0;0;0;0;0;0;0;;;;;
2025-11-28;O_GARANE0126P150.00;GARAN_01/2026_AVRUPA_OPSIYON;D_EQ;SSO;D_EQ_EPP;DE_GARAN_EPP;GARAN.E;2026-01-30;8.84;8.93;-1.01;0;0;0;0;0;0;0;0;0;0;0;;;;;
2025-11-28;O_GARANE0126P155.00;GARAN_01/2026_AVRUPA_OPSIYON;D_EQ;SSO;D_EQ_EPP;DE_GARAN_EPP;GARAN.E;2026-01-30;11.51;11.59;-0.69;0;0;0;0;0;0;0;0;0;0;0;;;;;
2025-11-28;O_GARANE1125C120.00;GARAN_11/2025_AVRUPA_OPSIYON;D_EQ;SSO;D_EQ_ECP;DE_GARAN_ECP;GARAN.E;2025-11-28;18.9;18.92;-0.11;0;0;0;0;0;0;0;0;0;0;0;;;;;
2025-11-28;O_GARANE1125C125.00;GARAN_11/2025_AVRUPA_OPSIYON;D_EQ;SSO;D_EQ_ECP;DE_GARAN_ECP;GARAN.E;2025-11-28;13.9;13.93;-0.22;0;0;0;0;0;0;0;0;0;0;0;;;;;
2025-11-28;O_GARANE1125C130.00;GARAN_11/2025_AVRUPA_OPSIYON;D_EQ;SSO;D_EQ_ECP;DE_GARAN_ECP;GARAN.E;2025-11-28;8.9;8.94;-0.45;0;0;0;0;0;0;0;0;0;0;0;;;;;
2025-11-28;O_GARANE1125C135.00;GARAN_11/2025_AVRUPA_OPSIYON;D_EQ;SSO;D_EQ_ECP;DE_GARAN_ECP;GARAN.E;2025-11-28;3.9;4.05;-3.7;4.2;3.61;4.2;3.73;3.85;1471500;42017;109;11;100;-69;;;;;
2025-11-28;O_GARANE1125C140.00;GARAN_11/2025_AVRUPA_OPSIYON;D_EQ;SSO;D_EQ_ECP;DE_GARAN_ECP;GARAN.E;2025-11-28;0;0.7;0;0.33;0.31;0.37;0.37;0.34;882000;2119;63;7;75;-43;;;;;
2025-11-28;O_GARANE1125C145.00;GARAN_11/2025_AVRUPA_OPSIYON;D_EQ;SSO;D_EQ_ECP;DE_GARAN_ECP;GARAN.E;2025-11-28;0;0.02;0;0;0;0;0;0;0;0;0;0;2140;0;;;;;
2025-11-28;O_GARANE1125C150.00;GARAN_11/2025_AVRUPA_OPSIYON;D_EQ;SSO;D_EQ_ECP;DE_GARAN_ECP;GARAN.E;2025-11-28;0;0.01;0;0;0;0;0;0;0;0;0;0;303;0;;;;;
2025-11-28;O_GARANE1125C155.00;GARAN_11/2025_AVRUPA_OPSIYON;D_EQ;SSO;D_EQ_ECP;DE_GARAN_ECP;GARAN.E;2025-11-28;0;0.01;0;0;0;0;0;0;0;0;0;0;0;0;;;;;
2025-11-28;O_GARANE1125C160.00;GARAN_11/2025_AVRUPA_OPSIYON;D_EQ;SSO;D_EQ_ECP;DE_GARAN_ECP;GARAN.E;2025-11-28;0;0.01;0;0;0;0;0;0;0;0;0;0;0;0;;;;;
2025-11-28;O_GARANE1125C165.00;GARAN_11/2025_AVRUPA_OPSIYON;D_EQ;SSO;D_EQ_ECP;DE_GARAN_ECP;GARAN.E;2025-11-28;0;0.01;0;0;0;0;0;0;0;0;0;0;0;0;;;;;
2025-11-28;O_GARANE1125C170.00;GARAN_11/2025_AVRUPA_OPSIYON;D_EQ;SSO;D_EQ_ECP;DE_GARAN_ECP;GARAN.E;2025-11-28;0;0.01;0;0;0;0;0;0;0;0;0;0;0;0;;;;;
2025-11-28;O_GARANE1125C175.00;GARAN_11/2025_AVRUPA_OPSIYON;D_EQ;SSO;D_EQ_ECP;DE_GARAN_ECP;GARAN.E;2025-11-28;0;0.01;0;0;0;0;0;0;0;0;0;0;0;0;;;;;
2025-11-28;O_GARANE1125C180.00;GARAN_11/2025_AVRUPA_OPSIYON;D_EQ;SSO;D_EQ_ECP;DE_GARAN_ECP;GARAN.E;2025-11-28;0;0.01;0;0;0;0;0;0;0;0;0;0;0;0;;;;;
2025-11-28;O_GARANE1125C185.00;GARAN_11/2025_AVRUPA_OPSIYON;D_EQ;SSO;D_EQ_ECP;DE_GARAN_ECP;GARAN.E;2025-11-28;0;0.01;0;0;0;0;0;0;0;0;0;0;0;0;;;;;
2025-11-28;O_GARANE1125C190.00;GARAN_11/2025_AVRUPA_OPSIYON;D_EQ;SSO;D_EQ_ECP;DE_GARAN_ECP;GARAN.E;2025-11-28;0;0.01;0;0;0;0;0;0;0;0;0;0;0;0;;;;;
2025-11-28;O_GARANE1125P100.00;GARAN_11/2025_AVRUPA_OPSIYON;D_EQ;SSO;D_EQ_EPP;DE_GARAN_EPP;GARAN.E;2025-11-28;0;0.01;0;0;0;0;0;0;0;0;0;0;0;0;;;;;
2025-11-28;O_GARANE1125P105.00;GARAN_11/2025_AVRUPA_OPSIYON;D_EQ;SSO;D_EQ_EPP;DE_GARAN_EPP;GARAN.E;2025-11-28;0;0.01;0;0;0;0;0;0;0;0;0;0;0;0;;;;;
2025-11-28;O_GARANE1125P110.00;GARAN_11/2025_AVRUPA_OPSIYON;D_EQ;SSO;D_EQ_EPP;DE_GARAN_EPP;GARAN.E;2025-11-28;0;0.01;0;0;0;0;0;0;0;0;0;0;0;0;;;;;
2025-11-28;O_GARANE1125P115.00;GARAN_11/2025_AVRUPA_OPSIYON;D_EQ;SSO;D_EQ_EPP;DE_GARAN_EPP;GARAN.E;2025-11-28;0;0.01;0;0;0;0;0;0;0;0;0;0;0;0;;;;;
2025-11-28;O_GARANE1125P120.00;GARAN_11/2025_AVRUPA_OPSIYON;D_EQ;SSO;D_EQ_EPP;DE_GARAN_EPP;GARAN.E;2025-11-28;0;0.01;0;0;0;0;0;0;0;0;0;0;0;0;;;;;
2025-11-28;O_GARANE1125P125.00;GARAN_11/2025_AVRUPA_OPSIYON;D_EQ;SSO;D_EQ_EPP;DE_GARAN_EPP;GARAN.E;2025-11-28;0;0.01;0;0;0;0;0;0;0;0;0;0;4;0;;;;;
2025-11-28;O_GARANE1125P130.00;GARAN_11/2025_AVRUPA_OPSIYON;D_EQ;SSO;D_EQ_EPP;DE_GARAN_EPP;GARAN.E;2025-11-28;0;0.01;0;0;0;0;0;0;0;0;0;0;5;0;;;;;
2025-11-28;O_GARANE1125P135.00;GARAN_11/2025_AVRUPA_OPSIYON;D_EQ;SSO;D_EQ_EPP;DE_GARAN_EPP;GARAN.E;2025-11-28;0;0.11;0;0;0;0;0;0;0;0;0;0;61;0;;;;;
2025-11-28;O_GARANE1125P140.00;GARAN_11/2025_AVRUPA_OPSIYON;D_EQ;SSO;D_EQ_EPP;DE_GARAN_EPP;GARAN.E;2025-11-28;1.1;1.75;-37.14;0;0;0;0;0;0;0;0;0;100;0;;;;;
2025-11-28;O_GARANE1125P145.00;GARAN_11/2025_AVRUPA_OPSIYON;D_EQ;SSO;D_EQ_EPP;DE_GARAN_EPP;GARAN.E;2025-11-28;6.1;6.07;0.49;6.35;6.35;6.35;6.35;6.35;58000;2540;4;1;0;-4;;;;;
2025-11-28;O_GARANE1125P150.00;GARAN_11/2025_AVRUPA_OPSIYON;D_EQ;SSO;D_EQ_EPP;DE_GARAN_EPP;GARAN.E;2025-11-28;11.1;11.04;0.54;0;0;0;0;0;0;0;0;0;0;0;;;;;
2025-11-28;O_GARANE1125P155.00;GARAN_11/2025_AVRUPA_OPSIYON;D_EQ;SSO;D_EQ_EPP;DE_GARAN_EPP;GARAN.E;2025-11-28;16.1;16.04;0.37;0;0;0;0;0;0;0;0;0;0;0;;;;;
2025-11-28;O_GARANE1125P160.00;GARAN_11/2025_AVRUPA_OPSIYON;D_EQ;SSO;D_EQ_EPP;DE_GARAN_EPP;GARAN.E;2025-11-28;21.1;21.03;0.33;0;0;0;0;0;0;0;0;0;0;0;;;;;
2025-11-28;O_GARANE1125P165.00;GARAN_11/2025_AVRUPA_OPSIYON;D_EQ;SSO;D_EQ_EPP;DE_GARAN_EPP;GARAN.E;2025-11-28;26.1;26.03;0.27;0;0;0;0;0;0;0;0;0;0;0;;;;;
2025-11-28;O_GARANE1125P98.00;GARAN_11/2025_AVRUPA_OPSIYON;D_EQ;SSO;D_EQ_EPP;DE_GARAN_EPP;GARAN.E;2025-11-28;0;0.01;0;0;0;0;0;0;0;0;0;0;0;0;;;;;
2025-11-28;O_GARANE1225C120.00;GARAN_12/2025_AVRUPA_OPSIYON;D_EQ;SSO;D_EQ_ECP;DE_GARAN_ECP;GARAN.E;2025-12-31;23.6;23.65;-0.21;0;0;0;0;0;0;0;0;0;0;0;;;;;
2025-11-28;O_GARANE1225C125.00;GARAN_12/2025_AVRUPA_OPSIYON;D_EQ;SSO;D_EQ_ECP;DE_GARAN_ECP;GARAN.E;2025-12-31;19.27;19.34;-0.36;0;0;0;0;0;0;0;0;0;0;0;;;;;
2025-11-28;O_GARANE1225C130.00;GARAN_12/2025_AVRUPA_OPSIYON;D_EQ;SSO;D_EQ_ECP;DE_GARAN_ECP;GARAN.E;2025-12-31;15.21;15.32;-0.72;0;0;0;0;0;0;0;0;0;0;0;;;;;
2025-11-28;O_GARANE1225C135.00;GARAN_12/2025_AVRUPA_OPSIYON;D_EQ;SSO;D_EQ_ECP;DE_GARAN_ECP;GARAN.E;2025-12-31;11.54;11.68;-1.2;0;0;0;0;0;0;0;0;0;0;0;;;;;
2025-11-28;O_GARANE1225C140.00;GARAN_12/2025_AVRUPA_OPSIYON;D_EQ;SSO;D_EQ_ECP;DE_GARAN_ECP;GARAN.E;2025-12-31;8.44;8.6;-1.86;0;0;0;0;0;0;0;0;0;0;0;;;;;
2025-11-28;O_GARANE1225C145.00;GARAN_12/2025_AVRUPA_OPSIYON;D_EQ;SSO;D_EQ_ECP;DE_GARAN_ECP;GARAN.E;2025-12-31;5.98;6.14;-2.61;4.9;4.9;4.9;4.9;4.9;63640500;1784670;4389;3;2249;2245;;;;;
2025-11-28;O_GARANE1225C150.00;GARAN_12/2025_AVRUPA_OPSIYON;D_EQ;SSO;D_EQ_ECP;DE_GARAN_ECP;GARAN.E;2025-12-31;4.13;4.28;-3.5;0;0;0;0;0;0;0;0;0;0;0;;;;;
2025-11-28;O_GARANE1225C155.00;GARAN_12/2025_AVRUPA_OPSIYON;D_EQ;SSO;D_EQ_ECP;DE_GARAN_ECP;GARAN.E;2025-12-31;2.88;3;-4;0;0;0;0;0;0;0;0;0;0;0;;;;;
2025-11-28;O_GARANE1225C160.00;GARAN_12/2025_AVRUPA_OPSIYON;D_EQ;SSO;D_EQ_ECP;DE_GARAN_ECP;GARAN.E;2025-12-31;2.02;2.11;-4.27;0;0;0;0;0;0;0;0;0;0;0;;;;;
2025-11-28;O_GARANE1225C165.00;GARAN_12/2025_AVRUPA_OPSIYON;D_EQ;SSO;D_EQ_ECP;DE_GARAN_ECP;GARAN.E;2025-12-31;1.42;1.49;-4.7;0;0;0;0;0;0;0;0;0;0;0;;;;;
2025-11-28;O_GARANE1225C170.00;GARAN_12/2025_AVRUPA_OPSIYON;D_EQ;SSO;D_EQ_ECP;DE_GARAN_ECP;GARAN.E;2025-12-31;1;1.05;-4.76;0;0;0;0;0;0;0;0;0;0;0;;;;;
2025-11-28;O_GARANE1225C175.00;GARAN_12/2025_AVRUPA_OPSIYON;D_EQ;SSO;D_EQ_ECP;DE_GARAN_ECP;GARAN.E;2025-12-31;0.71;0.75;-5.33;0;0;0;0;0;0;0;0;0;0;0;;;;;
2025-11-28;O_GARANE1225C180.00;GARAN_12/2025_AVRUPA_OPSIYON;D_EQ;SSO;D_EQ_ECP;DE_GARAN_ECP;GARAN.E;2025-12-31;0.51;0.54;-5.56;0;0;0;0;0;0;0;0;0;0;0;;;;;
2025-11-28;O_GARANE1225C185.00;GARAN_12/2025_AVRUPA_OPSIYON;D_EQ;SSO;D_EQ_ECP;DE_GARAN_ECP;GARAN.E;2025-12-31;0.38;0.39;-2.56;0;0;0;0;0;0;0;0;0;0;0;;;;;
2025-11-28;O_GARANE1225C190.00;GARAN_12/2025_AVRUPA_OPSIYON;D_EQ;SSO;D_EQ_ECP;DE_GARAN_ECP;GARAN.E;2025-12-31;0.28;0.28;0;0;0;0;0;0;0;0;0;0;0;0;;;;;
2025-11-28;O_GARANE1225P100.00;GARAN_12/2025_AVRUPA_OPSIYON;D_EQ;SSO;D_EQ_EPP;DE_GARAN_EPP;GARAN.E;2025-12-31;0.04;0.04;0;0;0;0;0;0;0;0;0;0;0;0;;;;;
2025-11-28;O_GARANE1225P105.00;GARAN_12/2025_AVRUPA_OPSIYON;D_EQ;SSO;D_EQ_EPP;DE_GARAN_EPP;GARAN.E;2025-12-31;0.08;0.09;-11.11;0;0;0;0;0;0;0;0;0;0;0;;;;;
2025-11-28;O_GARANE1225P110.00;GARAN_12/2025_AVRUPA_OPSIYON;D_EQ;SSO;D_EQ_EPP;DE_GARAN_EPP;GARAN.E;2025-12-31;0.18;0.18;0;0;0;0;0;0;0;0;0;0;0;0;;;;;
2025-11-28;O_GARANE1225P115.00;GARAN_12/2025_AVRUPA_OPSIYON;D_EQ;SSO;D_EQ_EPP;DE_GARAN_EPP;GARAN.E;2025-12-31;0.35;0.36;-2.78;0;0;0;0;0;0;0;0;0;0;0;;;;;
2025-11-28;O_GARANE1225P120.00;GARAN_12/2025_AVRUPA_OPSIYON;D_EQ;SSO;D_EQ_EPP;DE_GARAN_EPP;GARAN.E;2025-12-31;0.65;0.68;-4.41;0;0;0;0;0;0;0;0;0;0;0;;;;;
2025-11-28;O_GARANE1225P125.00;GARAN_12/2025_AVRUPA_OPSIYON;D_EQ;SSO;D_EQ_EPP;DE_GARAN_EPP;GARAN.E;2025-12-31;1.14;1.2;-5;0;0;0;0;0;0;0;0;0;30;0;;;;;
2025-11-28;O_GARANE1225P130.00;GARAN_12/2025_AVRUPA_OPSIYON;D_EQ;SSO;D_EQ_EPP;DE_GARAN_EPP;GARAN.E;2025-12-31;1.92;2;-4;0;0;0;0;0;0;0;0;0;20;0;;;;;
2025-11-28;O_GARANE1225P135.00;GARAN_12/2025_AVRUPA_OPSIYON;D_EQ;SSO;D_EQ_EPP;DE_GARAN_EPP;GARAN.E;2025-12-31;3.08;3.18;-3.14;0;0;0;0;0;0;0;0;0;150;0;;;;;
2025-11-28;O_GARANE1225P140.00;GARAN_12/2025_AVRUPA_OPSIYON;D_EQ;SSO;D_EQ_EPP;DE_GARAN_EPP;GARAN.E;2025-12-31;4.82;4.93;-2.23;0;0;0;0;0;0;0;0;0;0;0;;;;;
2025-11-28;O_GARANE1225P145.00;GARAN_12/2025_AVRUPA_OPSIYON;D_EQ;SSO;D_EQ_EPP;DE_GARAN_EPP;GARAN.E;2025-12-31;7.18;7.3;-1.64;0;0;0;0;0;0;0;0;0;34;0;;;;;
2025-11-28;O_GARANE1225P150.00;GARAN_12/2025_AVRUPA_OPSIYON;D_EQ;SSO;D_EQ_EPP;DE_GARAN_EPP;GARAN.E;2025-12-31;10.16;10.26;-0.97;0;0;0;0;0;0;0;0;0;5000;0;;;;;
2025-11-28;O_GARANE1225P155.00;GARAN_12/2025_AVRUPA_OPSIYON;D_EQ;SSO;D_EQ_EPP;DE_GARAN_EPP;GARAN.E;2025-12-31;13.75;13.81;-0.43;0;0;0;0;0;0;0;0;0;0;0;;;;;
2025-11-28;O_GARANE1225P160.00;GARAN_12/2025_AVRUPA_OPSIYON;D_EQ;SSO;D_EQ_EPP;DE_GARAN_EPP;GARAN.E;2025-12-31;17.72;17.75;-0.17;0;0;0;0;0;0;0;0;0;0;0;;;;;
2025-11-28;O_GARANE1225P165.00;GARAN_12/2025_AVRUPA_OPSIYON;D_EQ;SSO;D_EQ_EPP;DE_GARAN_EPP;GARAN.E;2025-12-31;21.95;21.95;0;0;0;0;0;0;0;0;0;0;0;0;;;;;
2025-11-28;O_GARANE1225P98.00;GARAN_12/2025_AVRUPA_OPSIYON;D_EQ;SSO;D_EQ_EPP;DE_GARAN_EPP;GARAN.E;2025-12-31;0.03;0.03;0;0;0;0;0;0;0;0;0;0;0;0;;;;;
2025-11-28;O_HALKBE0126C28.00;HALKB_01/2026_AVRUPA_OPSIYON;D_EQ;SSO;D_EQ_ECP;DE_HALKB_ECP;HALKB.E;2026-01-30;9.95;8.92;11.55;0;0;0;0;0;0;0;0;0;0;0;;;;;
2025-11-28;O_HALKBE0126C29.00;HALKB_01/2026_AVRUPA_OPSIYON;D_EQ;SSO;D_EQ_ECP;DE_HALKB_ECP;HALKB.E;2026-01-30;9.11;8.1;12.47;0;0;0;0;0;0;0;0;0;0;0;;;;;
2025-11-28;O_HALKBE0126C30.00;HALKB_01/2026_AVRUPA_OPSIYON;D_EQ;SSO;D_EQ_ECP;DE_HALKB_ECP;HALKB.E;2026-01-30;8.29;7.31;13.41;0;0;0;0;0;0;0;0;0;0;0;;;;;
2025-11-28;O_HALKBE0126C31.00;HALKB_01/2026_AVRUPA_OPSIYON;D_EQ;SSO;D_EQ_ECP;DE_HALKB_ECP;HALKB.E;2026-01-30;7.49;6.55;14.35;0;0;0;0;0;0;0;0;0;0;0;;;;;
2025-11-28;O_HALKBE0126C32.00;HALKB_01/2026_AVRUPA_OPSIYON;D_EQ;SSO;D_EQ_ECP;DE_HALKB_ECP;HALKB.E;2026-01-30;6.73;5.82;15.64;0;0;0;0;0;0;0;0;0;0;0;;;;;
2025-11-28;O_HALKBE0126C33.00;HALKB_01/2026_AVRUPA_OPSIYON;D_EQ;SSO;D_EQ_ECP;DE_HALKB_ECP;HALKB.E;2026-01-30;6.01;5.14;16.93;0;0;0;0;0;0;0;0;0;0;0;;;;;
2025-11-28;O_HALKBE0126C34.00;HALKB_01/2026_AVRUPA_OPSIYON;D_EQ;SSO;D_EQ_ECP;DE_HALKB_ECP;HALKB.E;2026-01-30;5.32;4.5;18.22;0;0;0;0;0;0;0;0;0;0;0;;;;;
2025-11-28;O_HALKBE0126C35.00;HALKB_01/2026_AVRUPA_OPSIYON;D_EQ;SSO;D_EQ_ECP;DE_HALKB_ECP;HALKB.E;2026-01-30;4.67;3.91;19.44;0;0;0;0;0;0;0;0;0;0;0;;;;;
2025-11-28;O_HALKBE0126C36.00;HALKB_01/2026_AVRUPA_OPSIYON;D_EQ;SSO;D_EQ_ECP;DE_HALKB_ECP;HALKB.E;2026-01-30;4.07;3.38;20.41;0;0;0;0;0;0;0;0;0;0;0;;;;;
2025-11-28;O_HALKBE0126C37.00;HALKB_01/2026_AVRUPA_OPSIYON;D_EQ;SSO;D_EQ_ECP;DE_HALKB_ECP;HALKB.E;2026-01-30;3.54;2.91;21.65;0;0;0;0;0;0;0;0;0;5000;0;;;;;
2025-11-28;O_HALKBE0126C38.00;HALKB_01/2026_AVRUPA_OPSIYON;D_EQ;SSO;D_EQ_ECP;DE_HALKB_ECP;HALKB.E;2026-01-30;3.05;2.5;22;0;0;0;0;0;0;0;0;0;0;0;;;;;
2025-11-28;O_HALKBE0126C39.00;HALKB_01/2026_AVRUPA_OPSIYON;D_EQ;SSO;D_EQ_ECP;DE_HALKB_ECP;HALKB.E;2026-01-30;2.63;2.14;22.9;1.77;1.7;1.77;1.76;1.74;6903000;307768;1770;19;1770;1770;;;;;
2025-11-28;O_HALKBE0126C40.00;HALKB_01/2026_AVRUPA_OPSIYON;D_EQ;SSO;D_EQ_ECP;DE_HALKB_ECP;HALKB.E;2026-01-30;2.26;1.84;22.83;0;0;0;0;0;0;0;0;0;0;0;;;;;
2025-11-28;O_HALKBE0126C41.00;HALKB_01/2026_AVRUPA_OPSIYON;D_EQ;SSO;D_EQ_ECP;DE_HALKB_ECP;HALKB.E;2026-01-30;1.95;1.58;23.42;0;0;0;0;0;0;0;0;0;0;0;;;;;
2025-11-28;O_HALKBE0126C42.00;HALKB_01/2026_AVRUPA_OPSIYON;D_EQ;SSO;D_EQ_ECP;DE_HALKB_ECP;HALKB.E;2026-01-30;1.68;1.36;23.53;0;0;0;0;0;0;0;0;0;0;0;;;;;
2025-11-28;O_HALKBE0126C43.00;HALKB_01/2026_AVRUPA_OPSIYON;D_EQ;SSO;D_EQ_ECP;DE_HALKB_ECP;HALKB.E;2026-01-30;1.45;;0;0;0;0;0;0;0;0;0;0;0;0;;;;;
2025-11-28;O_HALKBE0126P24.00;HALKB_01/2026_AVRUPA_OPSIYON;D_EQ;SSO;D_EQ_EPP;DE_HALKB_EPP;HALKB.E;2026-01-30;0.04;0.05;-20;0;0;0;0;0;0;0;0;0;0;0;;;;;
2025-11-28;O_HALKBE0126P24.50;HALKB_01/2026_AVRUPA_OPSIYON;D_EQ;SSO;D_EQ_EPP;DE_HALKB_EPP;HALKB.E;2026-01-30;0.05;0.07;-28.57;0;0;0;0;0;0;0;0;0;0;0;;;;;
2025-11-28;O_HALKBE0126P25.00;HALKB_01/2026_AVRUPA_OPSIYON;D_EQ;SSO;D_EQ_EPP;DE_HALKB_EPP;HALKB.E;2026-01-30;0.06;0.09;-33.33;0;0;0;0;0;0;0;0;0;0;0;;;;;
2025-11-28;O_HALKBE0126P26.00;HALKB_01/2026_AVRUPA_OPSIYON;D_EQ;SSO;D_EQ_EPP;DE_HALKB_EPP;HALKB.E;2026-01-30;0.09;0.13;-30.77;0;0;0;0;0;0;0;0;0;0;0;;;;;
2025-11-28;O_HALKBE0126P27.00;HALKB_01/2026_AVRUPA_OPSIYON;D_EQ;SSO;D_EQ_EPP;DE_HALKB_EPP;HALKB.E;2026-01-30;0.13;0.19;-31.58;0;0;0;0;0;0;0;0;0;0;0;;;;;
2025-11-28;O_HALKBE0126P28.00;HALKB_01/2026_AVRUPA_OPSIYON;D_EQ;SSO;D_EQ_EPP;DE_HALKB_EPP;HALKB.E;2026-01-30;0.19;0.27;-29.63;0;0;0;0;0;0;0;0;0;0;0;;;;;
2025-11-28;O_HALKBE0126P29.00;HALKB_01/2026_AVRUPA_OPSIYON;D_EQ;SSO;D_EQ_EPP;DE_HALKB_EPP;HALKB.E;2026-01-30;0.27;0.37;-27.03;0;0;0;0;0;0;0;0;0;0;0;;;;;
2025-11-28;O_HALKBE0126P30.00;HALKB_01/2026_AVRUPA_OPSIYON;D_EQ;SSO;D_EQ_EPP;DE_HALKB_EPP;HALKB.E;2026-01-30;0.38;0.5;-24;0;0;0;0;0;0;0;0;0;0;0;;;;;
2025-11-28;O_HALKBE0126P31.00;HALKB_01/2026_AVRUPA_OPSIYON;D_EQ;SSO;D_EQ_EPP;DE_HALKB_EPP;HALKB.E;2026-01-30;0.51;0.66;-22.73;0;0;0;0;0;0;0;0;0;0;0;;;;;
2025-11-28;O_HALKBE0126P32.00;HALKB_01/2026_AVRUPA_OPSIYON;D_EQ;SSO;D_EQ_EPP;DE_HALKB_EPP;HALKB.E;2026-01-30;0.67;0.86;-22.09;0;0;0;0;0;0;0;0;0;0;0;;;;;
2025-11-28;O_HALKBE0126P33.00;HALKB_01/2026_AVRUPA_OPSIYON;D_EQ;SSO;D_EQ_EPP;DE_HALKB_EPP;HALKB.E;2026-01-30;0.87;1.1;-20.91;0;0;0;0;0;0;0;0;0;1400;0;;;;;
2025-11-28;O_HALKBE0126P34.00;HALKB_01/2026_AVRUPA_OPSIYON;D_EQ;SSO;D_EQ_EPP;DE_HALKB_EPP;HALKB.E;2026-01-30;1.1;1.39;-20.86;0;0;0;0;0;0;0;0;0;0;0;;;;;
2025-11-28;O_HALKBE0126P35.00;HALKB_01/2026_AVRUPA_OPSIYON;D_EQ;SSO;D_EQ_EPP;DE_HALKB_EPP;HALKB.E;2026-01-30;1.38;1.72;-19.77;0;0;0;0;0;0;0;0;0;0;0;;;;;
2025-11-28;O_HALKBE0126P36.00;HALKB_01/2026_AVRUPA_OPSIYON;D_EQ;SSO;D_EQ_EPP;DE_HALKB_EPP;HALKB.E;2026-01-30;1.71;2.11;-18.96;0;0;0;0;0;0;0;0;0;0;0;;;;;
2025-11-28;O_HALKBE0126P37.00;HALKB_01/2026_AVRUPA_OPSIYON;D_EQ;SSO;D_EQ_EPP;DE_HALKB_EPP;HALKB.E;2026-01-30;2.09;2.56;-18.36;0;0;0;0;0;0;0;0;0;0;0;;;;;
2025-11-28;O_HALKBE0126P38.00;HALKB_01/2026_AVRUPA_OPSIYON;D_EQ;SSO;D_EQ_EPP;DE_HALKB_EPP;HALKB.E;2026-01-30;2.53;;0;0;0;0;0;0;0;0;0;0;0;0;;;;;
2025-11-28;O_HALKBE1125C25.00;HALKB_11/2025_AVRUPA_OPSIYON;D_EQ;SSO;D_EQ_ECP;DE_HALKB_ECP;HALKB.E;2025-11-28;10.62;9.51;11.67;0;0;0;0;0;0;0;0;0;373;0;;;;;
2025-11-28;O_HALKBE1125C26.00;HALKB_11/2025_AVRUPA_OPSIYON;D_EQ;SSO;D_EQ_ECP;DE_HALKB_ECP;HALKB.E;2025-11-28;9.62;8.51;13.04;0;0;0;0;0;0;0;0;0;550;0;;;;;
2025-11-28;O_HALKBE1125C27.00;HALKB_11/2025_AVRUPA_OPSIYON;D_EQ;SSO;D_EQ_ECP;DE_HALKB_ECP;HALKB.E;2025-11-28;8.62;7.51;14.78;0;0;0;0;0;0;0;0;0;26;0;;;;;
2025-11-28;O_HALKBE1125C28.00;HALKB_11/2025_AVRUPA_OPSIYON;D_EQ;SSO;D_EQ_ECP;DE_HALKB_ECP;HALKB.E;2025-11-28;7.62;6.51;17.05;0;0;0;0;0;0;0;0;0;420;0;;;;;
2025-11-28;O_HALKBE1125C29.00;HALKB_11/2025_AVRUPA_OPSIYON;D_EQ;SSO;D_EQ_ECP;DE_HALKB_ECP;HALKB.E;2025-11-28;6.62;5.51;20.15;0;0;0;0;0;0;0;0;0;262;0;;;;;
2025-11-28;O_HALKBE1125C30.00;HALKB_11/2025_AVRUPA_OPSIYON;D_EQ;SSO;D_EQ_ECP;DE_HALKB_ECP;HALKB.E;2025-11-28;5.62;4.51;24.61;0;0;0;0;0;0;0;0;0;21;0;;;;;
2025-11-28;O_HALKBE1125C31.00;HALKB_11/2025_AVRUPA_OPSIYON;D_EQ;SSO;D_EQ_ECP;DE_HALKB_ECP;HALKB.E;2025-11-28;4.62;3.51;31.62;4.3;4.3;4.3;4.3;4.3;310000;43000;100;1;904;-100;;;;;
2025-11-28;O_HALKBE1125C32.00;HALKB_11/2025_AVRUPA_OPSIYON;D_EQ;SSO;D_EQ_ECP;DE_HALKB_ECP;HALKB.E;2025-11-28;3.62;2.51;44.22;0;0;0;0;0;0;0;0;0;1771;0;;;;;
2025-11-28;O_HALKBE1125C33.00;HALKB_11/2025_AVRUPA_OPSIYON;D_EQ;SSO;D_EQ_ECP;DE_HALKB_ECP;HALKB.E;2025-11-28;2.62;1.53;71.24;0;0;0;0;0;0;0;0;0;1120;0;;;;;
2025-11-28;O_HALKBE1125C34.00;HALKB_11/2025_AVRUPA_OPSIYON;D_EQ;SSO;D_EQ_ECP;DE_HALKB_ECP;HALKB.E;2025-11-28;1.62;0.66;145.45;0;0;0;0;0;0;0;0;0;2418;0;;;;;
2025-11-28;O_HALKBE1125C35.00;HALKB_11/2025_AVRUPA_OPSIYON;D_EQ;SSO;D_EQ_ECP;DE_HALKB_ECP;HALKB.E;2025-11-28;0.62;0.16;287.5;0.11;0.11;0.36;0.2;0.23;17503500;116935;5001;35;1777;-3776;;;;;
2025-11-28;O_HALKBE1125C36.00;HALKB_11/2025_AVRUPA_OPSIYON;D_EQ;SSO;D_EQ_ECP;DE_HALKB_ECP;HALKB.E;2025-11-28;0;0.02;0;0;0;0;0;0;0;0;0;0;1900;0;;;;;
2025-11-28;O_HALKBE1125C37.00;HALKB_11/2025_AVRUPA_OPSIYON;D_EQ;SSO;D_EQ_ECP;DE_HALKB_ECP;HALKB.E;2025-11-28;0;0.01;0;0;0;0;0;0;0;0;0;0;1000;0;;;;;
2025-11-28;O_HALKBE1125C38.00;HALKB_11/2025_AVRUPA_OPSIYON;D_EQ;SSO;D_EQ_ECP;DE_HALKB_ECP;HALKB.E;2025-11-28;0;0.01;0;0;0;0;0;0;0;0;0;0;0;0;;;;;
2025-11-28;O_HALKBE1125C39.00;HALKB_11/2025_AVRUPA_OPSIYON;D_EQ;SSO;D_EQ_ECP;DE_HALKB_ECP;HALKB.E;2025-11-28;0;0.01;0;0;0;0;0;0;0;0;0;0;0;0;;;;;
2025-11-28;O_HALKBE1125C40.00;HALKB_11/2025_AVRUPA_OPSIYON;D_EQ;SSO;D_EQ_ECP;DE_HALKB_ECP;HALKB.E;2025-11-28;0;0.01;0;0;0;0;0;0;0;0;0;0;0;0;;;;;
2025-11-28;O_HALKBE1125C41.00;HALKB_11/2025_AVRUPA_OPSIYON;D_EQ;SSO;D_EQ_ECP;DE_HALKB_ECP;HALKB.E;2025-11-28;0;;0;0;0;0;0;0;0;0;0;0;0;0;;;;;
2025-11-28;O_HALKBE1125P22.50;HALKB_11/2025_AVRUPA_OPSIYON;D_EQ;SSO;D_EQ_EPP;DE_HALKB_EPP;HALKB.E;2025-11-28;0;0.01;0;0;0;0;0;0;0;0;0;0;429;0;;;;;
2025-11-28;O_HALKBE1125P23.00;HALKB_11/2025_AVRUPA_OPSIYON;D_EQ;SSO;D_EQ_EPP;DE_HALKB_EPP;HALKB.E;2025-11-28;0;0.01;0;0;0;0;0;0;0;0;0;0;1986;0;;;;;
2025-11-28;O_HALKBE1125P23.50;HALKB_11/2025_AVRUPA_OPSIYON;D_EQ;SSO;D_EQ_EPP;DE_HALKB_EPP;HALKB.E;2025-11-28;0;0.01;0;0;0;0;0;0;0;0;0;0;1855;0;;;;;
2025-11-28;O_HALKBE1125P24.00;HALKB_11/2025_AVRUPA_OPSIYON;D_EQ;SSO;D_EQ_EPP;DE_HALKB_EPP;HALKB.E;2025-11-28;0;0.01;0;0;0;0;0;0;0;0;0;0;1240;0;;;;;
2025-11-28;O_HALKBE1125P24.50;HALKB_11/2025_AVRUPA_OPSIYON;D_EQ;SSO;D_EQ_EPP;DE_HALKB_EPP;HALKB.E;2025-11-28;0;0.01;0;0;0;0;0;0;0;0;0;0;400;0;;;;;
2025-11-28;O_HALKBE1125P25.00;HALKB_11/2025_AVRUPA_OPSIYON;D_EQ;SSO;D_EQ_EPP;DE_HALKB_EPP;HALKB.E;2025-11-28;0;0.01;0;0;0;0;0;0;0;0;0;0;0;0;;;;;
2025-11-28;O_HALKBE1125P26.00;HALKB_11/2025_AVRUPA_OPSIYON;D_EQ;SSO;D_EQ_EPP;DE_HALKB_EPP;HALKB.E;2025-11-28;0;0.01;0;0;0;0;0;0;0;0;0;0;573;0;;;;;
2025-11-28;O_HALKBE1125P27.00;HALKB_11/2025_AVRUPA_OPSIYON;D_EQ;SSO;D_EQ_EPP;DE_HALKB_EPP;HALKB.E;2025-11-28;0;0.01;0;0;0;0;0;0;0;0;0;0;800;0;;;;;
2025-11-28;O_HALKBE1125P28.00;HALKB_11/2025_AVRUPA_OPSIYON;D_EQ;SSO;D_EQ_EPP;DE_HALKB_EPP;HALKB.E;2025-11-28;0;0.01;0;0;0;0;0;0;0;0;0;0;2252;0;;;;;
2025-11-28;O_HALKBE1125P29.00;HALKB_11/2025_AVRUPA_OPSIYON;D_EQ;SSO;D_EQ_EPP;DE_HALKB_EPP;HALKB.E;2025-11-28;0;0.01;0;0;0;0;0;0;0;0;0;0;999;0;;;;;
2025-11-28;O_HALKBE1125P30.00;HALKB_11/2025_AVRUPA_OPSIYON;D_EQ;SSO;D_EQ_EPP;DE_HALKB_EPP;HALKB.E;2025-11-28;0;0.01;0;0;0;0;0;0;0;0;0;0;5430;0;;;;;
2025-11-28;O_HALKBE1125P31.00;HALKB_11/2025_AVRUPA_OPSIYON;D_EQ;SSO;D_EQ_EPP;DE_HALKB_EPP;HALKB.E;2025-11-28;0;0.01;0;0;0;0;0;0;0;0;0;0;1132;0;;;;;
2025-11-28;O_HALKBE1125P32.00;HALKB_11/2025_AVRUPA_OPSIYON;D_EQ;SSO;D_EQ_EPP;DE_HALKB_EPP;HALKB.E;2025-11-28;0;0.01;0;0;0;0;0;0;0;0;0;0;100;0;;;;;
2025-11-28;O_HALKBE1125P33.00;HALKB_11/2025_AVRUPA_OPSIYON;D_EQ;SSO;D_EQ_EPP;DE_HALKB_EPP;HALKB.E;2025-11-28;0;0.01;0;0;0;0;0;0;0;0;0;0;0;0;;;;;
2025-11-28;O_HALKBE1125P34.00;HALKB_11/2025_AVRUPA_OPSIYON;D_EQ;SSO;D_EQ_EPP;DE_HALKB_EPP;HALKB.E;2025-11-28;0;0.14;0;0;0;0;0;0;0;0;0;0;500;0;;;;;
2025-11-28;O_HALKBE1125P35.00;HALKB_11/2025_AVRUPA_OPSIYON;D_EQ;SSO;D_EQ_EPP;DE_HALKB_EPP;HALKB.E;2025-11-28;0;0.64;0;0;0;0;0;0;0;0;0;0;0;0;;;;;
2025-11-28;O_HALKBE1125P36.00;HALKB_11/2025_AVRUPA_OPSIYON;D_EQ;SSO;D_EQ_EPP;DE_HALKB_EPP;HALKB.E;2025-11-28;0.38;;0;0;0;0;0;0;0;0;0;0;0;0;;;;;
2025-11-28;O_HALKBE1225C26.00;HALKB_12/2025_AVRUPA_OPSIYON;D_EQ;SSO;D_EQ_ECP;DE_HALKB_ECP;HALKB.E;2025-12-31;10.52;9.42;11.68;0;0;0;0;0;0;0;0;0;0;0;;;;;
2025-11-28;O_HALKBE1225C27.00;HALKB_12/2025_AVRUPA_OPSIYON;D_EQ;SSO;D_EQ_ECP;DE_HALKB_ECP;HALKB.E;2025-12-31;9.57;8.49;12.72;0;0;0;0;0;0;0;0;0;0;0;;;;;
2025-11-28;O_HALKBE1225C28.00;HALKB_12/2025_AVRUPA_OPSIYON;D_EQ;SSO;D_EQ_ECP;DE_HALKB_ECP;HALKB.E;2025-12-31;8.64;7.57;14.13;0;0;0;0;0;0;0;0;0;205;0;;;;;
2025-11-28;O_HALKBE1225C29.00;HALKB_12/2025_AVRUPA_OPSIYON;D_EQ;SSO;D_EQ_ECP;DE_HALKB_ECP;HALKB.E;2025-12-31;7.72;6.68;15.57;0;0;0;0;0;0;0;0;0;64;0;;;;;
2025-11-28;O_HALKBE1225C30.00;HALKB_12/2025_AVRUPA_OPSIYON;D_EQ;SSO;D_EQ_ECP;DE_HALKB_ECP;HALKB.E;2025-12-31;6.83;5.83;17.15;0;0;0;0;0;0;0;0;0;99;0;;;;;
2025-11-28;O_HALKBE1225C31.00;HALKB_12/2025_AVRUPA_OPSIYON;D_EQ;SSO;D_EQ_ECP;DE_HALKB_ECP;HALKB.E;2025-12-31;5.97;5.01;19.16;0;0;0;0;0;0;0;0;0;100;0;;;;;
2025-11-28;O_HALKBE1225C32.00;HALKB_12/2025_AVRUPA_OPSIYON;D_EQ;SSO;D_EQ_ECP;DE_HALKB_ECP;HALKB.E;2025-12-31;5.15;4.25;21.18;0;0;0;0;0;0;0;0;0;0;0;;;;;
2025-11-28;O_HALKBE1225C33.00;HALKB_12/2025_AVRUPA_OPSIYON;D_EQ;SSO;D_EQ_ECP;DE_HALKB_ECP;HALKB.E;2025-12-31;4.38;3.54;23.73;3.6;3.6;3.6;3.6;3.6;3300;360;1;1;766;1;;;;;
2025-11-28;O_HALKBE1225C34.00;HALKB_12/2025_AVRUPA_OPSIYON;D_EQ;SSO;D_EQ_ECP;DE_HALKB_ECP;HALKB.E;2025-12-31;3.67;2.9;26.55;2.98;2.98;3.02;3.02;3;6800;600;2;2;565;2;;;;;
2025-11-28;O_HALKBE1225C35.00;HALKB_12/2025_AVRUPA_OPSIYON;D_EQ;SSO;D_EQ_ECP;DE_HALKB_ECP;HALKB.E;2025-12-31;3.02;2.35;28.51;2.5;2.5;2.5;2.5;2.5;3500;250;1;1;1501;1;;;;;
2025-11-28;O_HALKBE1225C36.00;HALKB_12/2025_AVRUPA_OPSIYON;D_EQ;SSO;D_EQ_ECP;DE_HALKB_ECP;HALKB.E;2025-12-31;2.46;1.88;30.85;0;0;0;0;0;0;0;0;0;960;0;;;;;
2025-11-28;O_HALKBE1225C37.00;HALKB_12/2025_AVRUPA_OPSIYON;D_EQ;SSO;D_EQ_ECP;DE_HALKB_ECP;HALKB.E;2025-12-31;1.97;1.49;32.21;0;0;0;0;0;0;0;0;0;405;0;;;;;
2025-11-28;O_HALKBE1225C38.00;HALKB_12/2025_AVRUPA_OPSIYON;D_EQ;SSO;D_EQ_ECP;DE_HALKB_ECP;HALKB.E;2025-12-31;1.57;1.17;34.19;0;0;0;0;0;0;0;0;0;1411;0;;;;;
2025-11-28;O_HALKBE1225C39.00;HALKB_12/2025_AVRUPA_OPSIYON;D_EQ;SSO;D_EQ_ECP;DE_HALKB_ECP;HALKB.E;2025-12-31;1.23;0.92;33.7;1.02;1.02;1.02;1.02;1.02;1950000;51000;500;5;851;192;;;;;
2025-11-28;O_HALKBE1225C40.00;HALKB_12/2025_AVRUPA_OPSIYON;D_EQ;SSO;D_EQ_ECP;DE_HALKB_ECP;HALKB.E;2025-12-31;0.97;0.71;36.62;0.62;0.62;0.62;0.62;0.62;200000;3100;50;1;550;50;;;;;
2025-11-28;O_HALKBE1225C41.00;HALKB_12/2025_AVRUPA_OPSIYON;D_EQ;SSO;D_EQ_ECP;DE_HALKB_ECP;HALKB.E;2025-12-31;0.76;0.55;38.18;0;0;0;0;0;0;0;0;0;0;0;;;;;
2025-11-28;O_HALKBE1225C42.00;HALKB_12/2025_AVRUPA_OPSIYON;D_EQ;SSO;D_EQ_ECP;DE_HALKB_ECP;HALKB.E;2025-12-31;0.59;;0;0;0;0;0;0;0;0;0;0;0;0;;;;;
2025-11-28;O_HALKBE1225P23.00;HALKB_12/2025_AVRUPA_OPSIYON;D_EQ;SSO;D_EQ_EPP;DE_HALKB_EPP;HALKB.E;2025-12-31;0.01;0.01;0;0;0;0;0;0;0;0;0;0;0;0;;;;;
2025-11-28;O_HALKBE1225P23.50;HALKB_12/2025_AVRUPA_OPSIYON;D_EQ;SSO;D_EQ_EPP;DE_HALKB_EPP;HALKB.E;2025-12-31;0.01;0.01;0;0;0;0;0;0;0;0;0;0;0;0;;;;;
2025-11-28;O_HALKBE1225P24.00;HALKB_12/2025_AVRUPA_OPSIYON;D_EQ;SSO;D_EQ_EPP;DE_HALKB_EPP;HALKB.E;2025-12-31;0.01;0.01;0;0;0;0;0;0;0;0;0;0;0;0;;;;;
2025-11-28;O_HALKBE1225P24.50;HALKB_12/2025_AVRUPA_OPSIYON;D_EQ;SSO;D_EQ_EPP;DE_HALKB_EPP;HALKB.E;2025-12-31;0.01;0.01;0;0;0;0;0;0;0;0;0;0;0;0;;;;;
2025-11-28;O_HALKBE1225P25.00;HALKB_12/2025_AVRUPA_OPSIYON;D_EQ;SSO;D_EQ_EPP;DE_HALKB_EPP;HALKB.E;2025-12-31;0.01;0.02;-50;0;0;0;0;0;0;0;0;0;685;0;;;;;
2025-11-28;O_HALKBE1225P26.00;HALKB_12/2025_AVRUPA_OPSIYON;D_EQ;SSO;D_EQ_EPP;DE_HALKB_EPP;HALKB.E;2025-12-31;0.02;0.04;-50;0;0;0;0;0;0;0;0;0;1000;0;;;;;
2025-11-28;O_HALKBE1225P27.00;HALKB_12/2025_AVRUPA_OPSIYON;D_EQ;SSO;D_EQ_EPP;DE_HALKB_EPP;HALKB.E;2025-12-31;0.04;0.07;-42.86;0;0;0;0;0;0;0;0;0;0;0;;;;;
2025-11-28;O_HALKBE1225P28.00;HALKB_12/2025_AVRUPA_OPSIYON;D_EQ;SSO;D_EQ_EPP;DE_HALKB_EPP;HALKB.E;2025-12-31;0.07;0.12;-41.67;0;0;0;0;0;0;0;0;0;75;0;;;;;
2025-11-28;O_HALKBE1225P29.00;HALKB_12/2025_AVRUPA_OPSIYON;D_EQ;SSO;D_EQ_EPP;DE_HALKB_EPP;HALKB.E;2025-12-31;0.12;0.19;-36.84;0;0;0;0;0;0;0;0;0;67;0;;;;;
2025-11-28;O_HALKBE1225P30.00;HALKB_12/2025_AVRUPA_OPSIYON;D_EQ;SSO;D_EQ_EPP;DE_HALKB_EPP;HALKB.E;2025-12-31;0.19;0.3;-36.67;0;0;0;0;0;0;0;0;0;60;0;;;;;
2025-11-28;O_HALKBE1225P31.00;HALKB_12/2025_AVRUPA_OPSIYON;D_EQ;SSO;D_EQ_EPP;DE_HALKB_EPP;HALKB.E;2025-12-31;0.3;0.45;-33.33;0;0;0;0;0;0;0;0;0;130;0;;;;;
2025-11-28;O_HALKBE1225P32.00;HALKB_12/2025_AVRUPA_OPSIYON;D_EQ;SSO;D_EQ_EPP;DE_HALKB_EPP;HALKB.E;2025-12-31;0.45;0.65;-30.77;0.55;0.5;0.55;0.5;0.53;6400;105;2;2;89;2;;;;;
2025-11-28;O_HALKBE1225P33.00;HALKB_12/2025_AVRUPA_OPSIYON;D_EQ;SSO;D_EQ_EPP;DE_HALKB_EPP;HALKB.E;2025-12-31;0.64;0.91;-29.67;0;0;0;0;0;0;0;0;0;70;0;;;;;
2025-11-28;O_HALKBE1225P34.00;HALKB_12/2025_AVRUPA_OPSIYON;D_EQ;SSO;D_EQ_EPP;DE_HALKB_EPP;HALKB.E;2025-12-31;0.9;1.24;-27.42;0;0;0;0;0;0;0;0;0;0;0;;;;;
2025-11-28;O_HALKBE1225P35.00;HALKB_12/2025_AVRUPA_OPSIYON;D_EQ;SSO;D_EQ_EPP;DE_HALKB_EPP;HALKB.E;2025-12-31;1.22;1.66;-26.51;1.17;1.17;1.17;1.17;1.17;815500;27261;233;3;233;233;;;;;
2025-11-28;O_HALKBE1225P36.00;HALKB_12/2025_AVRUPA_OPSIYON;D_EQ;SSO;D_EQ_EPP;DE_HALKB_EPP;HALKB.E;2025-12-31;1.62;2.15;-24.65;1.6;1.6;1.75;1.75;1.67;1677600;78055;466;4;233;233;;;;;
2025-11-28;O_HALKBE1225P37.00;HALKB_12/2025_AVRUPA_OPSIYON;D_EQ;SSO;D_EQ_EPP;DE_HALKB_EPP;HALKB.E;2025-12-31;2.1;;0;2.11;2.11;2.26;2.26;2.19;1724200;101821;466;6;0;0;;;;;
2025-11-28;O_ISCTRE0126C12.50;ISCTR_01/2026_AVRUPA_OPSIYON;D_EQ;SSO;D_EQ_ECP;DE_ISCTR_ECP;ISCTR.E;2026-01-30;2.26;2.08;8.65;0;0;0;0;0;0;0;0;0;0;0;;;;;
2025-11-28;O_ISCTRE0126C13.00;ISCTR_01/2026_AVRUPA_OPSIYON;D_EQ;SSO;D_EQ_ECP;DE_ISCTR_ECP;ISCTR.E;2026-01-30;1.9;1.73;9.83;0;0;0;0;0;0;0;0;0;0;0;;;;;
2025-11-28;O_ISCTRE0126C13.50;ISCTR_01/2026_AVRUPA_OPSIYON;D_EQ;SSO;D_EQ_ECP;DE_ISCTR_ECP;ISCTR.E;2026-01-30;1.56;1.4;11.43;0;0;0;0;0;0;0;0;0;0;0;;;;;
2025-11-28;O_ISCTRE0126C14.00;ISCTR_01/2026_AVRUPA_OPSIYON;D_EQ;SSO;D_EQ_ECP;DE_ISCTR_ECP;ISCTR.E;2026-01-30;1.26;1.13;11.5;0.81;0.81;0.97;0.97;0.89;1184400;75294;846;2;0;0;;;;;
2025-11-28;O_ISCTRE0126C14.50;ISCTR_01/2026_AVRUPA_OPSIYON;D_EQ;SSO;D_EQ_ECP;DE_ISCTR_ECP;ISCTR.E;2026-01-30;1;0.9;11.11;0;0;0;0;0;0;0;0;0;0;0;;;;;
2025-11-28;O_ISCTRE0126C15.00;ISCTR_01/2026_AVRUPA_OPSIYON;D_EQ;SSO;D_EQ_ECP;DE_ISCTR_ECP;ISCTR.E;2026-01-30;0.8;0.71;12.68;0;0;0;0;0;0;0;0;0;0;0;;;;;
2025-11-28;O_ISCTRE0126C15.50;ISCTR_01/2026_AVRUPA_OPSIYON;D_EQ;SSO;D_EQ_ECP;DE_ISCTR_ECP;ISCTR.E;2026-01-30;0.64;0.57;12.28;0;0;0;0;0;0;0;0;0;0;0;;;;;
2025-11-28;O_ISCTRE0126C16.00;ISCTR_01/2026_AVRUPA_OPSIYON;D_EQ;SSO;D_EQ_ECP;DE_ISCTR_ECP;ISCTR.E;2026-01-30;0.52;0.47;10.64;0;0;0;0;0;0;0;0;0;0;0;;;;;
2025-11-28;O_ISCTRE0126C16.50;ISCTR_01/2026_AVRUPA_OPSIYON;D_EQ;SSO;D_EQ_ECP;DE_ISCTR_ECP;ISCTR.E;2026-01-30;0.42;0.38;10.53;0;0;0;0;0;0;0;0;0;0;0;;;;;
2025-11-28;O_ISCTRE0126C17.00;ISCTR_01/2026_AVRUPA_OPSIYON;D_EQ;SSO;D_EQ_ECP;DE_ISCTR_ECP;ISCTR.E;2026-01-30;0.35;0.31;12.9;0;0;0;0;0;0;0;0;0;0;0;;;;;
2025-11-28;O_ISCTRE0126C17.50;ISCTR_01/2026_AVRUPA_OPSIYON;D_EQ;SSO;D_EQ_ECP;DE_ISCTR_ECP;ISCTR.E;2026-01-30;0.29;0.26;11.54;0;0;0;0;0;0;0;0;0;0;0;;;;;
2025-11-28;O_ISCTRE0126P10.00;ISCTR_01/2026_AVRUPA_OPSIYON;D_EQ;SSO;D_EQ_EPP;DE_ISCTR_EPP;ISCTR.E;2026-01-30;0.03;0.04;-25;0;0;0;0;0;0;0;0;0;0;0;;;;;
2025-11-28;O_ISCTRE0126P10.50;ISCTR_01/2026_AVRUPA_OPSIYON;D_EQ;SSO;D_EQ_EPP;DE_ISCTR_EPP;ISCTR.E;2026-01-30;0.05;0.06;-16.67;0;0;0;0;0;0;0;0;0;0;0;;;;;
2025-11-28;O_ISCTRE0126P11.00;ISCTR_01/2026_AVRUPA_OPSIYON;D_EQ;SSO;D_EQ_EPP;DE_ISCTR_EPP;ISCTR.E;2026-01-30;0.08;0.09;-11.11;0;0;0;0;0;0;0;0;0;0;0;;;;;
2025-11-28;O_ISCTRE0126P11.50;ISCTR_01/2026_AVRUPA_OPSIYON;D_EQ;SSO;D_EQ_EPP;DE_ISCTR_EPP;ISCTR.E;2026-01-30;0.11;0.13;-15.38;0;0;0;0;0;0;0;0;0;0;0;;;;;
2025-11-28;O_ISCTRE0126P12.00;ISCTR_01/2026_AVRUPA_OPSIYON;D_EQ;SSO;D_EQ_EPP;DE_ISCTR_EPP;ISCTR.E;2026-01-30;0.17;0.19;-10.53;0;0;0;0;0;0;0;0;0;0;0;;;;;
2025-11-28;O_ISCTRE0126P12.50;ISCTR_01/2026_AVRUPA_OPSIYON;D_EQ;SSO;D_EQ_EPP;DE_ISCTR_EPP;ISCTR.E;2026-01-30;0.24;0.28;-14.29;0;0;0;0;0;0;0;0;0;0;0;;;;;
2025-11-28;O_ISCTRE0126P13.00;ISCTR_01/2026_AVRUPA_OPSIYON;D_EQ;SSO;D_EQ_EPP;DE_ISCTR_EPP;ISCTR.E;2026-01-30;0.33;0.38;-13.16;0;0;0;0;0;0;0;0;0;0;0;;;;;
2025-11-28;O_ISCTRE0126P13.50;ISCTR_01/2026_AVRUPA_OPSIYON;D_EQ;SSO;D_EQ_EPP;DE_ISCTR_EPP;ISCTR.E;2026-01-30;0.45;0.52;-13.46;0;0;0;0;0;0;0;0;0;0;0;;;;;
2025-11-28;O_ISCTRE0126P14.00;ISCTR_01/2026_AVRUPA_OPSIYON;D_EQ;SSO;D_EQ_EPP;DE_ISCTR_EPP;ISCTR.E;2026-01-30;0.62;0.7;-11.43;0.46;0.46;0.64;0.64;0.55;1184400;46530;846;2;0;0;;;;;
2025-11-28;O_ISCTRE0126P14.50;ISCTR_01/2026_AVRUPA_OPSIYON;D_EQ;SSO;D_EQ_EPP;DE_ISCTR_EPP;ISCTR.E;2026-01-30;0.83;0.93;-10.75;0;0;0;0;0;0;0;0;0;0;0;;;;;
2025-11-28;O_ISCTRE0126P15.00;ISCTR_01/2026_AVRUPA_OPSIYON;D_EQ;SSO;D_EQ_EPP;DE_ISCTR_EPP;ISCTR.E;2026-01-30;1.08;1.21;-10.74;0;0;0;0;0;0;0;0;0;0;0;;;;;
2025-11-28;O_ISCTRE1125C11.00;ISCTR_11/2025_AVRUPA_OPSIYON;D_EQ;SSO;D_EQ_ECP;DE_ISCTR_ECP;ISCTR.E;2025-11-28;2.57;2.35;9.36;0;0;0;0;0;0;0;0;0;0;0;;;;;
2025-11-28;O_ISCTRE1125C11.50;ISCTR_11/2025_AVRUPA_OPSIYON;D_EQ;SSO;D_EQ_ECP;DE_ISCTR_ECP;ISCTR.E;2025-11-28;2.07;1.85;11.89;0;0;0;0;0;0;0;0;0;975;0;;;;;
2025-11-28;O_ISCTRE1125C12.00;ISCTR_11/2025_AVRUPA_OPSIYON;D_EQ;SSO;D_EQ_ECP;DE_ISCTR_ECP;ISCTR.E;2025-11-28;1.57;1.35;16.3;0;0;0;0;0;0;0;0;0;2010;0;;;;;
2025-11-28;O_ISCTRE1125C12.50;ISCTR_11/2025_AVRUPA_OPSIYON;D_EQ;SSO;D_EQ_ECP;DE_ISCTR_ECP;ISCTR.E;2025-11-28;1.07;0.85;25.88;0.99;0.95;1.02;1.01;1;875000;69850;700;8;983;0;;;;;
2025-11-28;O_ISCTRE1125C13.00;ISCTR_11/2025_AVRUPA_OPSIYON;D_EQ;SSO;D_EQ_ECP;DE_ISCTR_ECP;ISCTR.E;2025-11-28;0.57;0.37;54.05;0.37;0.37;0.5;0.5;0.43;1170000;38900;900;8;2206;0;;;;;
2025-11-28;O_ISCTRE1125C13.50;ISCTR_11/2025_AVRUPA_OPSIYON;D_EQ;SSO;D_EQ_ECP;DE_ISCTR_ECP;ISCTR.E;2025-11-28;0.07;0.06;16.67;0;0;0;0;0;0;0;0;0;12278;0;;;;;
2025-11-28;O_ISCTRE1125C14.00;ISCTR_11/2025_AVRUPA_OPSIYON;D_EQ;SSO;D_EQ_ECP;DE_ISCTR_ECP;ISCTR.E;2025-11-28;0;0.01;0;0.02;0.01;0.02;0.01;0.01;1404200;1006;1003;8;12000;-4;;;;;
2025-11-28;O_ISCTRE1125C14.50;ISCTR_11/2025_AVRUPA_OPSIYON;D_EQ;SSO;D_EQ_ECP;DE_ISCTR_ECP;ISCTR.E;2025-11-28;0;0.01;0;0;0;0;0;0;0;0;0;0;4162;0;;;;;
2025-11-28;O_ISCTRE1125C15.00;ISCTR_11/2025_AVRUPA_OPSIYON;D_EQ;SSO;D_EQ_ECP;DE_ISCTR_ECP;ISCTR.E;2025-11-28;0;0.01;0;0;0;0;0;0;0;0;0;0;3610;0;;;;;
2025-11-28;O_ISCTRE1125C15.50;ISCTR_11/2025_AVRUPA_OPSIYON;D_EQ;SSO;D_EQ_ECP;DE_ISCTR_ECP;ISCTR.E;2025-11-28;0;0.01;0;0;0;0;0;0;0;0;0;0;3838;0;;;;;
2025-11-28;O_ISCTRE1125C16.00;ISCTR_11/2025_AVRUPA_OPSIYON;D_EQ;SSO;D_EQ_ECP;DE_ISCTR_ECP;ISCTR.E;2025-11-28;0;0.01;0;0;0;0;0;0;0;0;0;0;3990;0;;;;;
2025-11-28;O_ISCTRE1125C16.50;ISCTR_11/2025_AVRUPA_OPSIYON;D_EQ;SSO;D_EQ_ECP;DE_ISCTR_ECP;ISCTR.E;2025-11-28;0;0.01;0;0;0;0;0;0;0;0;0;0;0;0;;;;;
2025-11-28;O_ISCTRE1125C17.00;ISCTR_11/2025_AVRUPA_OPSIYON;D_EQ;SSO;D_EQ_ECP;DE_ISCTR_ECP;ISCTR.E;2025-11-28;0;0.01;0;0;0;0;0;0;0;0;0;0;1;0;;;;;
2025-11-28;O_ISCTRE1125C17.50;ISCTR_11/2025_AVRUPA_OPSIYON;D_EQ;SSO;D_EQ_ECP;DE_ISCTR_ECP;ISCTR.E;2025-11-28;0;0.01;0;0;0;0;0;0;0;0;0;0;21003;0;;;;;
2025-11-28;O_ISCTRE1125C18.00;ISCTR_11/2025_AVRUPA_OPSIYON;D_EQ;SSO;D_EQ_ECP;DE_ISCTR_ECP;ISCTR.E;2025-11-28;0;0.01;0;0;0;0;0;0;0;0;0;0;1151;0;;;;;
2025-11-28;O_ISCTRE1125C18.50;ISCTR_11/2025_AVRUPA_OPSIYON;D_EQ;SSO;D_EQ_ECP;DE_ISCTR_ECP;ISCTR.E;2025-11-28;0;0.01;0;0;0;0;0;0;0;0;0;0;2;0;;;;;
2025-11-28;O_ISCTRE1125C19.00;ISCTR_11/2025_AVRUPA_OPSIYON;D_EQ;SSO;D_EQ_ECP;DE_ISCTR_ECP;ISCTR.E;2025-11-28;0;0.01;0;0;0;0;0;0;0;0;0;0;0;0;;;;;
2025-11-28;O_ISCTRE1125C19.50;ISCTR_11/2025_AVRUPA_OPSIYON;D_EQ;SSO;D_EQ_ECP;DE_ISCTR_ECP;ISCTR.E;2025-11-28;0;0.01;0;0;0;0;0;0;0;0;0;0;0;0;;;;;
2025-11-28;O_ISCTRE1125P10.00;ISCTR_11/2025_AVRUPA_OPSIYON;D_EQ;SSO;D_EQ_EPP;DE_ISCTR_EPP;ISCTR.E;2025-11-28;0;0.01;0;0;0;0;0;0;0;0;0;0;0;0;;;;;
2025-11-28;O_ISCTRE1125P10.50;ISCTR_11/2025_AVRUPA_OPSIYON;D_EQ;SSO;D_EQ_EPP;DE_ISCTR_EPP;ISCTR.E;2025-11-28;0;0.01;0;0;0;0;0;0;0;0;0;0;0;0;;;;;
2025-11-28;O_ISCTRE1125P11.00;ISCTR_11/2025_AVRUPA_OPSIYON;D_EQ;SSO;D_EQ_EPP;DE_ISCTR_EPP;ISCTR.E;2025-11-28;0;0.01;0;0;0;0;0;0;0;0;0;0;7;0;;;;;
2025-11-28;O_ISCTRE1125P11.50;ISCTR_11/2025_AVRUPA_OPSIYON;D_EQ;SSO;D_EQ_EPP;DE_ISCTR_EPP;ISCTR.E;2025-11-28;0;0.01;0;0;0;0;0;0;0;0;0;0;1305;0;;;;;
2025-11-28;O_ISCTRE1125P12.00;ISCTR_11/2025_AVRUPA_OPSIYON;D_EQ;SSO;D_EQ_EPP;DE_ISCTR_EPP;ISCTR.E;2025-11-28;0;0.01;0;0.01;0.01;0.01;0.01;0.01;98400;82;82;2;3354;0;;;;;
2025-11-28;O_ISCTRE1125P12.50;ISCTR_11/2025_AVRUPA_OPSIYON;D_EQ;SSO;D_EQ_EPP;DE_ISCTR_EPP;ISCTR.E;2025-11-28;0;0.01;0;0.01;0.01;0.01;0.01;0.01;28750;23;23;2;8471;0;;;;;
2025-11-28;O_ISCTRE1125P13.00;ISCTR_11/2025_AVRUPA_OPSIYON;D_EQ;SSO;D_EQ_EPP;DE_ISCTR_EPP;ISCTR.E;2025-11-28;0;0.01;0;0;0;0;0;0;0;0;0;0;2234;0;;;;;
2025-11-28;O_ISCTRE1125P13.50;ISCTR_11/2025_AVRUPA_OPSIYON;D_EQ;SSO;D_EQ_EPP;DE_ISCTR_EPP;ISCTR.E;2025-11-28;0;0.2;0;0;0;0;0;0;0;0;0;0;2500;0;;;;;
2025-11-28;O_ISCTRE1125P14.00;ISCTR_11/2025_AVRUPA_OPSIYON;D_EQ;SSO;D_EQ_EPP;DE_ISCTR_EPP;ISCTR.E;2025-11-28;0.43;0.65;-33.85;0.63;0.48;0.63;0.48;0.55;2800;111;2;2;1760;0;;;;;
2025-11-28;O_ISCTRE1125P14.50;ISCTR_11/2025_AVRUPA_OPSIYON;D_EQ;SSO;D_EQ_EPP;DE_ISCTR_EPP;ISCTR.E;2025-11-28;0.93;1.14;-18.42;0;0;0;0;0;0;0;0;0;0;0;;;;;
2025-11-28;O_ISCTRE1125P15.00;ISCTR_11/2025_AVRUPA_OPSIYON;D_EQ;SSO;D_EQ_EPP;DE_ISCTR_EPP;ISCTR.E;2025-11-28;1.43;1.64;-12.8;0;0;0;0;0;0;0;0;0;0;0;;;;;
2025-11-28;O_ISCTRE1125P15.50;ISCTR_11/2025_AVRUPA_OPSIYON;D_EQ;SSO;D_EQ_EPP;DE_ISCTR_EPP;ISCTR.E;2025-11-28;1.93;2.14;-9.81;0;0;0;0;0;0;0;0;0;0;0;;;;;
2025-11-28;O_ISCTRE1125P16.00;ISCTR_11/2025_AVRUPA_OPSIYON;D_EQ;SSO;D_EQ_EPP;DE_ISCTR_EPP;ISCTR.E;2025-11-28;2.43;2.64;-7.95;0;0;0;0;0;0;0;0;0;0;0;;;;;
2025-11-28;O_ISCTRE1125P16.50;ISCTR_11/2025_AVRUPA_OPSIYON;D_EQ;SSO;D_EQ_EPP;DE_ISCTR_EPP;ISCTR.E;2025-11-28;2.93;3.14;-6.69;0;0;0;0;0;0;0;0;0;0;0;;;;;
2025-11-28;O_ISCTRE1125P17.00;ISCTR_11/2025_AVRUPA_OPSIYON;D_EQ;SSO;D_EQ_EPP;DE_ISCTR_EPP;ISCTR.E;2025-11-28;3.43;3.64;-5.77;0;0;0;0;0;0;0;0;0;100;0;;;;;
2025-11-28;O_ISCTRE1125P9.40;ISCTR_11/2025_AVRUPA_OPSIYON;D_EQ;SSO;D_EQ_EPP;DE_ISCTR_EPP;ISCTR.E;2025-11-28;0;0.01;0;0;0;0;0;0;0;0;0;0;0;0;;;;;
2025-11-28;O_ISCTRE1125P9.60;ISCTR_11/2025_AVRUPA_OPSIYON;D_EQ;SSO;D_EQ_EPP;DE_ISCTR_EPP;ISCTR.E;2025-11-28;0;0.01;0;0;0;0;0;0;0;0;0;0;0;0;;;;;
2025-11-28;O_ISCTRE1125P9.80;ISCTR_11/2025_AVRUPA_OPSIYON;D_EQ;SSO;D_EQ_EPP;DE_ISCTR_EPP;ISCTR.E;2025-11-28;0;0.01;0;0;0;0;0;0;0;0;0;0;0;0;;;;;
2025-11-28;O_ISCTRE1225C11.50;ISCTR_12/2025_AVRUPA_OPSIYON;D_EQ;SSO;D_EQ_ECP;DE_ISCTR_ECP;ISCTR.E;2025-12-31;2.51;2.31;8.66;0;0;0;0;0;0;0;0;0;0;0;;;;;
2025-11-28;O_ISCTRE1225C12.00;ISCTR_12/2025_AVRUPA_OPSIYON;D_EQ;SSO;D_EQ_ECP;DE_ISCTR_ECP;ISCTR.E;2025-12-31;2.07;1.88;10.11;0;0;0;0;0;0;0;0;0;568;0;;;;;
2025-11-28;O_ISCTRE1225C12.50;ISCTR_12/2025_AVRUPA_OPSIYON;D_EQ;SSO;D_EQ_ECP;DE_ISCTR_ECP;ISCTR.E;2025-12-31;1.66;1.49;11.41;0;0;0;0;0;0;0;0;0;936;0;;;;;
2025-11-28;O_ISCTRE1225C13.00;ISCTR_12/2025_AVRUPA_OPSIYON;D_EQ;SSO;D_EQ_ECP;DE_ISCTR_ECP;ISCTR.E;2025-12-31;1.28;1.13;13.27;0;0;0;0;0;0;0;0;0;700;0;;;;;
2025-11-28;O_ISCTRE1225C13.50;ISCTR_12/2025_AVRUPA_OPSIYON;D_EQ;SSO;D_EQ_ECP;DE_ISCTR_ECP;ISCTR.E;2025-12-31;0.95;0.83;14.46;0.84;0.84;0.84;0.84;0.84;135000;8400;100;1;14911;0;;;;;
2025-11-28;O_ISCTRE1225C14.00;ISCTR_12/2025_AVRUPA_OPSIYON;D_EQ;SSO;D_EQ_ECP;DE_ISCTR_ECP;ISCTR.E;2025-12-31;0.68;0.59;15.25;0;0;0;0;0;0;0;0;0;455;0;;;;;
2025-11-28;O_ISCTRE1225C14.50;ISCTR_12/2025_AVRUPA_OPSIYON;D_EQ;SSO;D_EQ_ECP;DE_ISCTR_ECP;ISCTR.E;2025-12-31;0.48;0.41;17.07;0.32;0.32;0.32;0.32;0.32;321900;7104;222;1;723;54;;;;;
2025-11-28;O_ISCTRE1225C15.00;ISCTR_12/2025_AVRUPA_OPSIYON;D_EQ;SSO;D_EQ_ECP;DE_ISCTR_ECP;ISCTR.E;2025-12-31;0.34;0.29;17.24;0.22;0.22;0.22;0.22;0.22;904500;13266;603;4;6465;603;;;;;
2025-11-28;O_ISCTRE1225C15.50;ISCTR_12/2025_AVRUPA_OPSIYON;D_EQ;SSO;D_EQ_ECP;DE_ISCTR_ECP;ISCTR.E;2025-12-31;0.24;0.2;20;0;0;0;0;0;0;0;0;0;3572;0;;;;;
2025-11-28;O_ISCTRE1225C16.00;ISCTR_12/2025_AVRUPA_OPSIYON;D_EQ;SSO;D_EQ_ECP;DE_ISCTR_ECP;ISCTR.E;2025-12-31;0.17;0.14;21.43;0.09;0.09;0.09;0.09;0.09;3200000;18000;2000;13;3872;2000;;;;;
2025-11-28;O_ISCTRE1225C16.50;ISCTR_12/2025_AVRUPA_OPSIYON;D_EQ;SSO;D_EQ_ECP;DE_ISCTR_ECP;ISCTR.E;2025-12-31;0.12;0.1;20;0;0;0;0;0;0;0;0;0;0;0;;;;;
2025-11-28;O_ISCTRE1225C17.00;ISCTR_12/2025_AVRUPA_OPSIYON;D_EQ;SSO;D_EQ_ECP;DE_ISCTR_ECP;ISCTR.E;2025-12-31;0.08;0.07;14.29;0;0;0;0;0;0;0;0;0;0;0;;;;;
2025-11-28;O_ISCTRE1225C17.50;ISCTR_12/2025_AVRUPA_OPSIYON;D_EQ;SSO;D_EQ_ECP;DE_ISCTR_ECP;ISCTR.E;2025-12-31;0.06;0.05;20;0;0;0;0;0;0;0;0;0;0;0;;;;;
2025-11-28;O_ISCTRE1225C18.00;ISCTR_12/2025_AVRUPA_OPSIYON;D_EQ;SSO;D_EQ_ECP;DE_ISCTR_ECP;ISCTR.E;2025-12-31;0.04;0.04;0;0;0;0;0;0;0;0;0;0;0;0;;;;;
2025-11-28;O_ISCTRE1225C18.50;ISCTR_12/2025_AVRUPA_OPSIYON;D_EQ;SSO;D_EQ_ECP;DE_ISCTR_ECP;ISCTR.E;2025-12-31;0.03;0.03;0;0;0;0;0;0;0;0;0;0;0;0;;;;;
2025-11-28;O_ISCTRE1225C19.00;ISCTR_12/2025_AVRUPA_OPSIYON;D_EQ;SSO;D_EQ_ECP;DE_ISCTR_ECP;ISCTR.E;2025-12-31;0.02;0.02;0;0;0;0;0;0;0;0;0;0;0;0;;;;;
2025-11-28;O_ISCTRE1225P10.00;ISCTR_12/2025_AVRUPA_OPSIYON;D_EQ;SSO;D_EQ_EPP;DE_ISCTR_EPP;ISCTR.E;2025-12-31;0.01;0.01;0;0;0;0;0;0;0;0;0;0;0;0;;;;;
2025-11-28;O_ISCTRE1225P10.50;ISCTR_12/2025_AVRUPA_OPSIYON;D_EQ;SSO;D_EQ_EPP;DE_ISCTR_EPP;ISCTR.E;2025-12-31;0.01;0.02;-50;0;0;0;0;0;0;0;0;0;0;0;;;;;
2025-11-28;O_ISCTRE1225P11.00;ISCTR_12/2025_AVRUPA_OPSIYON;D_EQ;SSO;D_EQ_EPP;DE_ISCTR_EPP;ISCTR.E;2025-12-31;0.03;0.04;-25;0;0;0;0;0;0;0;0;0;0;0;;;;;
2025-11-28;O_ISCTRE1225P11.50;ISCTR_12/2025_AVRUPA_OPSIYON;D_EQ;SSO;D_EQ_EPP;DE_ISCTR_EPP;ISCTR.E;2025-12-31;0.05;0.07;-28.57;0;0;0;0;0;0;0;0;0;100;0;;;;;
2025-11-28;O_ISCTRE1225P12.00;ISCTR_12/2025_AVRUPA_OPSIYON;D_EQ;SSO;D_EQ_EPP;DE_ISCTR_EPP;ISCTR.E;2025-12-31;0.1;0.13;-23.08;0;0;0;0;0;0;0;0;0;1048;0;;;;;
2025-11-28;O_ISCTRE1225P12.50;ISCTR_12/2025_AVRUPA_OPSIYON;D_EQ;SSO;D_EQ_EPP;DE_ISCTR_EPP;ISCTR.E;2025-12-31;0.17;0.21;-19.05;0;0;0;0;0;0;0;0;0;3528;0;;;;;
2025-11-28;O_ISCTRE1225P13.00;ISCTR_12/2025_AVRUPA_OPSIYON;D_EQ;SSO;D_EQ_EPP;DE_ISCTR_EPP;ISCTR.E;2025-12-31;0.27;0.33;-18.18;0;0;0;0;0;0;0;0;0;13215;0;;;;;
2025-11-28;O_ISCTRE1225P13.50;ISCTR_12/2025_AVRUPA_OPSIYON;D_EQ;SSO;D_EQ_EPP;DE_ISCTR_EPP;ISCTR.E;2025-12-31;0.43;0.52;-17.31;0.38;0.38;0.38;0.38;0.38;2000700;56316;1482;3;1652;1372;;;;;
2025-11-28;O_ISCTRE1225P14.00;ISCTR_12/2025_AVRUPA_OPSIYON;D_EQ;SSO;D_EQ_EPP;DE_ISCTR_EPP;ISCTR.E;2025-12-31;0.64;0.76;-15.79;0.72;0.63;0.72;0.63;0.68;32200;1572;23;19;11;-13;;;;;
2025-11-28;O_ISCTRE1225P14.50;ISCTR_12/2025_AVRUPA_OPSIYON;D_EQ;SSO;D_EQ_EPP;DE_ISCTR_EPP;ISCTR.E;2025-12-31;0.92;1.06;-13.21;0;0;0;0;0;0;0;0;0;0;0;;;;;
2025-11-28;O_ISCTRE1225P15.00;ISCTR_12/2025_AVRUPA_OPSIYON;D_EQ;SSO;D_EQ_EPP;DE_ISCTR_EPP;ISCTR.E;2025-12-31;1.26;1.43;-11.89;1.29;1.29;1.29;1.29;1.29;300000;25800;200;1;201;200;;;;;
2025-11-28;O_ISCTRE1225P15.50;ISCTR_12/2025_AVRUPA_OPSIYON;D_EQ;SSO;D_EQ_EPP;DE_ISCTR_EPP;ISCTR.E;2025-12-31;1.64;1.82;-9.89;0;0;0;0;0;0;0;0;0;0;0;;;;;
2025-11-28;O_ISCTRE1225P16.00;ISCTR_12/2025_AVRUPA_OPSIYON;D_EQ;SSO;D_EQ_EPP;DE_ISCTR_EPP;ISCTR.E;2025-12-31;2.06;2.25;-8.44;0;0;0;0;0;0;0;0;0;0;0;;;;;
2025-11-28;O_ISCTRE1225P16.50;ISCTR_12/2025_AVRUPA_OPSIYON;D_EQ;SSO;D_EQ_EPP;DE_ISCTR_EPP;ISCTR.E;2025-12-31;2.49;2.69;-7.43;0;0;0;0;0;0;0;0;0;5;0;;;;;
2025-11-28;O_ISCTRE1225P9.60;ISCTR_12/2025_AVRUPA_OPSIYON;D_EQ;SSO;D_EQ_EPP;DE_ISCTR_EPP;ISCTR.E;2025-12-31;0.01;0.01;0;0;0;0;0;0;0;0;0;0;0;0;;;;;
2025-11-28;O_ISCTRE1225P9.80;ISCTR_12/2025_AVRUPA_OPSIYON;D_EQ;SSO;D_EQ_EPP;DE_ISCTR_EPP;ISCTR.E;2025-12-31;0.01;0.01;0;0;0;0;0;0;0;0;0;0;0;0;;;;;
2025-11-28;O_KCHOLE0126C170.00;KCHOL_01/2026_AVRUPA_OPSIYON;D_EQ;SSO;D_EQ_ECP;DE_KCHOL_ECP;KCHOL.E;2026-01-30;16.83;17.96;-6.29;0;0;0;0;0;0;0;0;0;0;0;;;;;
2025-11-28;O_KCHOLE0126C175.00;KCHOL_01/2026_AVRUPA_OPSIYON;D_EQ;SSO;D_EQ_ECP;DE_KCHOL_ECP;KCHOL.E;2026-01-30;13.95;14.94;-6.63;0;0;0;0;0;0;0;0;0;0;0;;;;;
2025-11-28;O_KCHOLE0126C180.00;KCHOL_01/2026_AVRUPA_OPSIYON;D_EQ;SSO;D_EQ_ECP;DE_KCHOL_ECP;KCHOL.E;2026-01-30;11.42;12.32;-7.31;0;0;0;0;0;0;0;0;0;0;0;;;;;
2025-11-28;O_KCHOLE0126C185.00;KCHOL_01/2026_AVRUPA_OPSIYON;D_EQ;SSO;D_EQ_ECP;DE_KCHOL_ECP;KCHOL.E;2026-01-30;9.31;10.1;-7.82;0;0;0;0;0;0;0;0;0;0;0;;;;;
2025-11-28;O_KCHOLE0126C190.00;KCHOL_01/2026_AVRUPA_OPSIYON;D_EQ;SSO;D_EQ_ECP;DE_KCHOL_ECP;KCHOL.E;2026-01-30;7.57;8.21;-7.8;0;0;0;0;0;0;0;0;0;110;0;;;;;
2025-11-28;O_KCHOLE0126C195.00;KCHOL_01/2026_AVRUPA_OPSIYON;D_EQ;SSO;D_EQ_ECP;DE_KCHOL_ECP;KCHOL.E;2026-01-30;6.25;6.79;-7.95;0;0;0;0;0;0;0;0;0;200;0;;;;;
2025-11-28;O_KCHOLE0126C200.00;KCHOL_01/2026_AVRUPA_OPSIYON;D_EQ;SSO;D_EQ_ECP;DE_KCHOL_ECP;KCHOL.E;2026-01-30;5.16;5.63;-8.35;0;0;0;0;0;0;0;0;0;0;0;;;;;
2025-11-28;O_KCHOLE0126C205.00;KCHOL_01/2026_AVRUPA_OPSIYON;D_EQ;SSO;D_EQ_ECP;DE_KCHOL_ECP;KCHOL.E;2026-01-30;4.28;4.68;-8.55;0;0;0;0;0;0;0;0;0;0;0;;;;;
2025-11-28;O_KCHOLE0126C210.00;KCHOL_01/2026_AVRUPA_OPSIYON;D_EQ;SSO;D_EQ_ECP;DE_KCHOL_ECP;KCHOL.E;2026-01-30;3.55;3.9;-8.97;0;0;0;0;0;0;0;0;0;0;0;;;;;
2025-11-28;O_KCHOLE0126C215.00;KCHOL_01/2026_AVRUPA_OPSIYON;D_EQ;SSO;D_EQ_ECP;DE_KCHOL_ECP;KCHOL.E;2026-01-30;2.96;3.26;-9.2;0;0;0;0;0;0;0;0;0;0;0;;;;;
2025-11-28;O_KCHOLE0126C220.00;KCHOL_01/2026_AVRUPA_OPSIYON;D_EQ;SSO;D_EQ_ECP;DE_KCHOL_ECP;KCHOL.E;2026-01-30;2.48;2.74;-9.49;0;0;0;0;0;0;0;0;0;0;0;;;;;
2025-11-28;O_KCHOLE0126P145.00;KCHOL_01/2026_AVRUPA_OPSIYON;D_EQ;SSO;D_EQ_EPP;DE_KCHOL_EPP;KCHOL.E;2026-01-30;1.16;1.11;4.5;0;0;0;0;0;0;0;0;0;0;0;;;;;
2025-11-28;O_KCHOLE0126P150.00;KCHOL_01/2026_AVRUPA_OPSIYON;D_EQ;SSO;D_EQ_EPP;DE_KCHOL_EPP;KCHOL.E;2026-01-30;1.65;1.57;5.1;0;0;0;0;0;0;0;0;0;0;0;;;;;
2025-11-28;O_KCHOLE0126P155.00;KCHOL_01/2026_AVRUPA_OPSIYON;D_EQ;SSO;D_EQ_EPP;DE_KCHOL_EPP;KCHOL.E;2026-01-30;2.29;2.18;5.05;0;0;0;0;0;0;0;0;0;20000;0;;;;;
2025-11-28;O_KCHOLE0126P160.00;KCHOL_01/2026_AVRUPA_OPSIYON;D_EQ;SSO;D_EQ_EPP;DE_KCHOL_EPP;KCHOL.E;2026-01-30;3.12;2.96;5.41;0;0;0;0;0;0;0;0;0;0;0;;;;;
2025-11-28;O_KCHOLE0126P165.00;KCHOL_01/2026_AVRUPA_OPSIYON;D_EQ;SSO;D_EQ_EPP;DE_KCHOL_EPP;KCHOL.E;2026-01-30;4.16;3.95;5.32;0;0;0;0;0;0;0;0;0;0;0;;;;;
2025-11-28;O_KCHOLE0126P170.00;KCHOL_01/2026_AVRUPA_OPSIYON;D_EQ;SSO;D_EQ_EPP;DE_KCHOL_EPP;KCHOL.E;2026-01-30;5.46;5.18;5.41;0;0;0;0;0;0;0;0;0;0;0;;;;;
2025-11-28;O_KCHOLE0126P175.00;KCHOL_01/2026_AVRUPA_OPSIYON;D_EQ;SSO;D_EQ_EPP;DE_KCHOL_EPP;KCHOL.E;2026-01-30;7.19;6.78;6.05;0;0;0;0;0;0;0;0;0;0;0;;;;;
2025-11-28;O_KCHOLE0126P180.00;KCHOL_01/2026_AVRUPA_OPSIYON;D_EQ;SSO;D_EQ_EPP;DE_KCHOL_EPP;KCHOL.E;2026-01-30;9.28;8.77;5.82;0;0;0;0;0;0;0;0;0;0;0;;;;;
2025-11-28;O_KCHOLE0126P185.00;KCHOL_01/2026_AVRUPA_OPSIYON;D_EQ;SSO;D_EQ_EPP;DE_KCHOL_EPP;KCHOL.E;2026-01-30;11.79;11.16;5.65;0;0;0;0;0;0;0;0;0;0;0;;;;;
2025-11-28;O_KCHOLE0126P190.00;KCHOL_01/2026_AVRUPA_OPSIYON;D_EQ;SSO;D_EQ_EPP;DE_KCHOL_EPP;KCHOL.E;2026-01-30;14.67;13.89;5.62;0;0;0;0;0;0;0;0;0;0;0;;;;;
2025-11-28;O_KCHOLE0126P195.00;KCHOL_01/2026_AVRUPA_OPSIYON;D_EQ;SSO;D_EQ_EPP;DE_KCHOL_EPP;KCHOL.E;2026-01-30;17.96;17.08;5.15;0;0;0;0;0;0;0;0;0;0;0;;;;;
2025-11-28;O_KCHOLE1125C155.00;KCHOL_11/2025_AVRUPA_OPSIYON;D_EQ;SSO;D_EQ_ECP;DE_KCHOL_ECP;KCHOL.E;2025-11-28;13.4;14.76;-9.21;0;0;0;0;0;0;0;0;0;0;0;;;;;
2025-11-28;O_KCHOLE1125C160.00;KCHOL_11/2025_AVRUPA_OPSIYON;D_EQ;SSO;D_EQ_ECP;DE_KCHOL_ECP;KCHOL.E;2025-11-28;8.4;9.77;-14.02;0;0;0;0;0;0;0;0;0;78;0;;;;;
2025-11-28;O_KCHOLE1125C165.00;KCHOL_11/2025_AVRUPA_OPSIYON;D_EQ;SSO;D_EQ_ECP;DE_KCHOL_ECP;KCHOL.E;2025-11-28;3.4;4.88;-30.33;0;0;0;0;0;0;0;0;0;53;0;;;;;
2025-11-28;O_KCHOLE1125C170.00;KCHOL_11/2025_AVRUPA_OPSIYON;D_EQ;SSO;D_EQ_ECP;DE_KCHOL_ECP;KCHOL.E;2025-11-28;0;1.21;0;0;0;0;0;0;0;0;0;0;1923;0;;;;;
2025-11-28;O_KCHOLE1125C175.00;KCHOL_11/2025_AVRUPA_OPSIYON;D_EQ;SSO;D_EQ_ECP;DE_KCHOL_ECP;KCHOL.E;2025-11-28;0;0.09;0;0;0;0;0;0;0;0;0;0;1000;0;;;;;
2025-11-28;O_KCHOLE1125C180.00;KCHOL_11/2025_AVRUPA_OPSIYON;D_EQ;SSO;D_EQ_ECP;DE_KCHOL_ECP;KCHOL.E;2025-11-28;0;0.01;0;0;0;0;0;0;0;0;0;0;419;0;;;;;
2025-11-28;O_KCHOLE1125C185.00;KCHOL_11/2025_AVRUPA_OPSIYON;D_EQ;SSO;D_EQ_ECP;DE_KCHOL_ECP;KCHOL.E;2025-11-28;0;0.01;0;0;0;0;0;0;0;0;0;0;1829;0;;;;;
2025-11-28;O_KCHOLE1125C190.00;KCHOL_11/2025_AVRUPA_OPSIYON;D_EQ;SSO;D_EQ_ECP;DE_KCHOL_ECP;KCHOL.E;2025-11-28;0;0.01;0;0;0;0;0;0;0;0;0;0;1660;0;;;;;
2025-11-28;O_KCHOLE1125C195.00;KCHOL_11/2025_AVRUPA_OPSIYON;D_EQ;SSO;D_EQ_ECP;DE_KCHOL_ECP;KCHOL.E;2025-11-28;0;0.01;0;0;0;0;0;0;0;0;0;0;1055;0;;;;;
2025-11-28;O_KCHOLE1125C200.00;KCHOL_11/2025_AVRUPA_OPSIYON;D_EQ;SSO;D_EQ_ECP;DE_KCHOL_ECP;KCHOL.E;2025-11-28;0;0.01;0;0;0;0;0;0;0;0;0;0;1568;0;;;;;
2025-11-28;O_KCHOLE1125C205.00;KCHOL_11/2025_AVRUPA_OPSIYON;D_EQ;SSO;D_EQ_ECP;DE_KCHOL_ECP;KCHOL.E;2025-11-28;0;0.01;0;0;0;0;0;0;0;0;0;0;1330;0;;;;;
2025-11-28;O_KCHOLE1125C210.00;KCHOL_11/2025_AVRUPA_OPSIYON;D_EQ;SSO;D_EQ_ECP;DE_KCHOL_ECP;KCHOL.E;2025-11-28;0;0.01;0;0;0;0;0;0;0;0;0;0;528;0;;;;;
2025-11-28;O_KCHOLE1125C215.00;KCHOL_11/2025_AVRUPA_OPSIYON;D_EQ;SSO;D_EQ_ECP;DE_KCHOL_ECP;KCHOL.E;2025-11-28;0;0.01;0;0;0;0;0;0;0;0;0;0;617;0;;;;;
2025-11-28;O_KCHOLE1125C220.00;KCHOL_11/2025_AVRUPA_OPSIYON;D_EQ;SSO;D_EQ_ECP;DE_KCHOL_ECP;KCHOL.E;2025-11-28;0;0.01;0;0;0;0;0;0;0;0;0;0;50;0;;;;;
2025-11-28;O_KCHOLE1125C225.00;KCHOL_11/2025_AVRUPA_OPSIYON;D_EQ;SSO;D_EQ_ECP;DE_KCHOL_ECP;KCHOL.E;2025-11-28;0;0.01;0;0;0;0;0;0;0;0;0;0;0;0;;;;;
2025-11-28;O_KCHOLE1125C230.00;KCHOL_11/2025_AVRUPA_OPSIYON;D_EQ;SSO;D_EQ_ECP;DE_KCHOL_ECP;KCHOL.E;2025-11-28;0;0.01;0;0;0;0;0;0;0;0;0;0;0;0;;;;;
2025-11-28;O_KCHOLE1125P130.00;KCHOL_11/2025_AVRUPA_OPSIYON;D_EQ;SSO;D_EQ_EPP;DE_KCHOL_EPP;KCHOL.E;2025-11-28;0;0.01;0;0;0;0;0;0;0;0;0;0;0;0;;;;;
2025-11-28;O_KCHOLE1125P135.00;KCHOL_11/2025_AVRUPA_OPSIYON;D_EQ;SSO;D_EQ_EPP;DE_KCHOL_EPP;KCHOL.E;2025-11-28;0;0.01;0;0;0;0;0;0;0;0;0;0;62;0;;;;;
2025-11-28;O_KCHOLE1125P140.00;KCHOL_11/2025_AVRUPA_OPSIYON;D_EQ;SSO;D_EQ_EPP;DE_KCHOL_EPP;KCHOL.E;2025-11-28;0;0.01;0;0;0;0;0;0;0;0;0;0;6;0;;;;;
2025-11-28;O_KCHOLE1125P145.00;KCHOL_11/2025_AVRUPA_OPSIYON;D_EQ;SSO;D_EQ_EPP;DE_KCHOL_EPP;KCHOL.E;2025-11-28;0;0.01;0;0;0;0;0;0;0;0;0;0;126;0;;;;;
2025-11-28;O_KCHOLE1125P150.00;KCHOL_11/2025_AVRUPA_OPSIYON;D_EQ;SSO;D_EQ_EPP;DE_KCHOL_EPP;KCHOL.E;2025-11-28;0;0.01;0;0;0;0;0;0;0;0;0;0;704;0;;;;;
2025-11-28;O_KCHOLE1125P155.00;KCHOL_11/2025_AVRUPA_OPSIYON;D_EQ;SSO;D_EQ_EPP;DE_KCHOL_EPP;KCHOL.E;2025-11-28;0;0.01;0;0;0;0;0;0;0;0;0;0;3007;0;;;;;
2025-11-28;O_KCHOLE1125P160.00;KCHOL_11/2025_AVRUPA_OPSIYON;D_EQ;SSO;D_EQ_EPP;DE_KCHOL_EPP;KCHOL.E;2025-11-28;0;0.01;0;0;0;0;0;0;0;0;0;0;5681;0;;;;;
2025-11-28;O_KCHOLE1125P165.00;KCHOL_11/2025_AVRUPA_OPSIYON;D_EQ;SSO;D_EQ_EPP;DE_KCHOL_EPP;KCHOL.E;2025-11-28;0;0.11;0;0;0;0;0;0;0;0;0;0;438;0;;;;;
2025-11-28;O_KCHOLE1125P170.00;KCHOL_11/2025_AVRUPA_OPSIYON;D_EQ;SSO;D_EQ_EPP;DE_KCHOL_EPP;KCHOL.E;2025-11-28;1.6;1.44;11.11;0;0;0;0;0;0;0;0;0;1078;0;;;;;
2025-11-28;O_KCHOLE1125P175.00;KCHOL_11/2025_AVRUPA_OPSIYON;D_EQ;SSO;D_EQ_EPP;DE_KCHOL_EPP;KCHOL.E;2025-11-28;6.6;5.31;24.29;0;0;0;0;0;0;0;0;0;255;0;;;;;
2025-11-28;O_KCHOLE1125P180.00;KCHOL_11/2025_AVRUPA_OPSIYON;D_EQ;SSO;D_EQ_EPP;DE_KCHOL_EPP;KCHOL.E;2025-11-28;11.6;10.21;13.61;0;0;0;0;0;0;0;0;0;938;0;;;;;
2025-11-28;O_KCHOLE1125P185.00;KCHOL_11/2025_AVRUPA_OPSIYON;D_EQ;SSO;D_EQ_EPP;DE_KCHOL_EPP;KCHOL.E;2025-11-28;16.6;15.21;9.14;0;0;0;0;0;0;0;0;0;43;0;;;;;
2025-11-28;O_KCHOLE1125P190.00;KCHOL_11/2025_AVRUPA_OPSIYON;D_EQ;SSO;D_EQ_EPP;DE_KCHOL_EPP;KCHOL.E;2025-11-28;21.6;20.2;6.93;0;0;0;0;0;0;0;0;0;20;0;;;;;
2025-11-28;O_KCHOLE1125P195.00;KCHOL_11/2025_AVRUPA_OPSIYON;D_EQ;SSO;D_EQ_EPP;DE_KCHOL_EPP;KCHOL.E;2025-11-28;26.6;25.2;5.56;0;0;0;0;0;0;0;0;0;0;0;;;;;
2025-11-28;O_KCHOLE1125P200.00;KCHOL_11/2025_AVRUPA_OPSIYON;D_EQ;SSO;D_EQ_EPP;DE_KCHOL_EPP;KCHOL.E;2025-11-28;31.6;30.19;4.67;0;0;0;0;0;0;0;0;0;0;0;;;;;
2025-11-28;O_KCHOLE1125P205.00;KCHOL_11/2025_AVRUPA_OPSIYON;D_EQ;SSO;D_EQ_EPP;DE_KCHOL_EPP;KCHOL.E;2025-11-28;36.6;35.19;4.01;0;0;0;0;0;0;0;0;0;0;0;;;;;
2025-11-28;O_KCHOLE1225C160.00;KCHOL_12/2025_AVRUPA_OPSIYON;D_EQ;SSO;D_EQ_ECP;DE_KCHOL_ECP;KCHOL.E;2025-12-31;16.31;17.51;-6.85;0;0;0;0;0;0;0;0;0;0;0;;;;;
2025-11-28;O_KCHOLE1225C165.00;KCHOL_12/2025_AVRUPA_OPSIYON;D_EQ;SSO;D_EQ_ECP;DE_KCHOL_ECP;KCHOL.E;2025-12-31;12.73;13.85;-8.09;0;0;0;0;0;0;0;0;0;80;0;;;;;
2025-11-28;O_KCHOLE1225C170.00;KCHOL_12/2025_AVRUPA_OPSIYON;D_EQ;SSO;D_EQ_ECP;DE_KCHOL_ECP;KCHOL.E;2025-12-31;9.71;10.68;-9.08;0;0;0;0;0;0;0;0;0;33;0;;;;;
2025-11-28;O_KCHOLE1225C175.00;KCHOL_12/2025_AVRUPA_OPSIYON;D_EQ;SSO;D_EQ_ECP;DE_KCHOL_ECP;KCHOL.E;2025-12-31;7.2;8.03;-10.34;0;0;0;0;0;0;0;0;0;350;0;;;;;
2025-11-28;O_KCHOLE1225C180.00;KCHOL_12/2025_AVRUPA_OPSIYON;D_EQ;SSO;D_EQ_ECP;DE_KCHOL_ECP;KCHOL.E;2025-12-31;5.23;5.92;-11.66;0;0;0;0;0;0;0;0;0;1250;0;;;;;
2025-11-28;O_KCHOLE1225C185.00;KCHOL_12/2025_AVRUPA_OPSIYON;D_EQ;SSO;D_EQ_ECP;DE_KCHOL_ECP;KCHOL.E;2025-12-31;3.77;4.29;-12.12;0;0;0;0;0;0;0;0;0;43;0;;;;;
2025-11-28;O_KCHOLE1225C190.00;KCHOL_12/2025_AVRUPA_OPSIYON;D_EQ;SSO;D_EQ_ECP;DE_KCHOL_ECP;KCHOL.E;2025-12-31;2.74;3.15;-13.02;0;0;0;0;0;0;0;0;0;1697;0;;;;;
2025-11-28;O_KCHOLE1225C195.00;KCHOL_12/2025_AVRUPA_OPSIYON;D_EQ;SSO;D_EQ_ECP;DE_KCHOL_ECP;KCHOL.E;2025-12-31;1.98;2.3;-13.91;1.49;1.37;1.51;1.39;1.43;2145000;15730;110;12;374;110;;;;;
2025-11-28;O_KCHOLE1225C200.00;KCHOL_12/2025_AVRUPA_OPSIYON;D_EQ;SSO;D_EQ_ECP;DE_KCHOL_ECP;KCHOL.E;2025-12-31;1.43;1.68;-14.88;1.01;0.89;1.03;0.92;0.94;4720000;22100;236;23;1865;236;;;;;
2025-11-28;O_KCHOLE1225C205.00;KCHOL_12/2025_AVRUPA_OPSIYON;D_EQ;SSO;D_EQ_ECP;DE_KCHOL_ECP;KCHOL.E;2025-12-31;1.03;1.23;-16.26;0;0;0;0;0;0;0;0;0;0;0;;;;;
2025-11-28;O_KCHOLE1225C210.00;KCHOL_12/2025_AVRUPA_OPSIYON;D_EQ;SSO;D_EQ_ECP;DE_KCHOL_ECP;KCHOL.E;2025-12-31;0.75;0.9;-16.67;0;0;0;0;0;0;0;0;0;0;0;;;;;
2025-11-28;O_KCHOLE1225C215.00;KCHOL_12/2025_AVRUPA_OPSIYON;D_EQ;SSO;D_EQ_ECP;DE_KCHOL_ECP;KCHOL.E;2025-12-31;0.55;0.66;-16.67;0;0;0;0;0;0;0;0;0;106;0;;;;;
2025-11-28;O_KCHOLE1225C220.00;KCHOL_12/2025_AVRUPA_OPSIYON;D_EQ;SSO;D_EQ_ECP;DE_KCHOL_ECP;KCHOL.E;2025-12-31;0.4;0.49;-18.37;0;0;0;0;0;0;0;0;0;1;0;;;;;
2025-11-28;O_KCHOLE1225P135.00;KCHOL_12/2025_AVRUPA_OPSIYON;D_EQ;SSO;D_EQ_EPP;DE_KCHOL_EPP;KCHOL.E;2025-12-31;0.17;0.17;0;0;0;0;0;0;0;0;0;0;0;0;;;;;
2025-11-28;O_KCHOLE1225P140.00;KCHOL_12/2025_AVRUPA_OPSIYON;D_EQ;SSO;D_EQ_EPP;DE_KCHOL_EPP;KCHOL.E;2025-12-31;0.33;0.31;6.45;0;0;0;0;0;0;0;0;0;0;0;;;;;
2025-11-28;O_KCHOLE1225P145.00;KCHOL_12/2025_AVRUPA_OPSIYON;D_EQ;SSO;D_EQ_EPP;DE_KCHOL_EPP;KCHOL.E;2025-12-31;0.58;0.55;5.45;0;0;0;0;0;0;0;0;0;20;0;;;;;
2025-11-28;O_KCHOLE1225P150.00;KCHOL_12/2025_AVRUPA_OPSIYON;D_EQ;SSO;D_EQ_EPP;DE_KCHOL_EPP;KCHOL.E;2025-12-31;0.98;0.93;5.38;0;0;0;0;0;0;0;0;0;50;0;;;;;
2025-11-28;O_KCHOLE1225P155.00;KCHOL_12/2025_AVRUPA_OPSIYON;D_EQ;SSO;D_EQ_EPP;DE_KCHOL_EPP;KCHOL.E;2025-12-31;1.6;1.5;6.67;0;0;0;0;0;0;0;0;0;0;0;;;;;
2025-11-28;O_KCHOLE1225P160.00;KCHOL_12/2025_AVRUPA_OPSIYON;D_EQ;SSO;D_EQ_EPP;DE_KCHOL_EPP;KCHOL.E;2025-12-31;2.5;2.34;6.84;0;0;0;0;0;0;0;0;0;416;0;;;;;
2025-11-28;O_KCHOLE1225P165.00;KCHOL_12/2025_AVRUPA_OPSIYON;D_EQ;SSO;D_EQ_EPP;DE_KCHOL_EPP;KCHOL.E;2025-12-31;3.76;3.51;7.12;2.96;2.96;2.96;2.96;2.96;16500;296;1;1;525;1;;;;;
2025-11-28;O_KCHOLE1225P170.00;KCHOL_12/2025_AVRUPA_OPSIYON;D_EQ;SSO;D_EQ_EPP;DE_KCHOL_EPP;KCHOL.E;2025-12-31;5.57;5.17;7.74;4.36;4.27;4.36;4.27;4.31;2006000;50818;118;7;2165;70;;;;;
2025-11-28;O_KCHOLE1225P175.00;KCHOL_12/2025_AVRUPA_OPSIYON;D_EQ;SSO;D_EQ_EPP;DE_KCHOL_EPP;KCHOL.E;2025-12-31;7.89;7.35;7.35;0;0;0;0;0;0;0;0;0;243;0;;;;;
2025-11-28;O_KCHOLE1225P180.00;KCHOL_12/2025_AVRUPA_OPSIYON;D_EQ;SSO;D_EQ_EPP;DE_KCHOL_EPP;KCHOL.E;2025-12-31;10.76;10.06;6.96;0;0;0;0;0;0;0;0;0;0;0;;;;;
2025-11-28;O_KCHOLE1225P185.00;KCHOL_12/2025_AVRUPA_OPSIYON;D_EQ;SSO;D_EQ_EPP;DE_KCHOL_EPP;KCHOL.E;2025-12-31;14.12;13.25;6.57;0;0;0;0;0;0;0;0;0;0;0;;;;;
2025-11-28;O_KCHOLE1225P190.00;KCHOL_12/2025_AVRUPA_OPSIYON;D_EQ;SSO;D_EQ_EPP;DE_KCHOL_EPP;KCHOL.E;2025-12-31;17.92;16.94;5.79;0;0;0;0;0;0;0;0;0;0;0;;;;;
2025-11-28;O_KCHOLE1225P195.00;KCHOL_12/2025_AVRUPA_OPSIYON;D_EQ;SSO;D_EQ_EPP;DE_KCHOL_EPP;KCHOL.E;2025-12-31;21.99;20.92;5.11;0;0;0;0;0;0;0;0;0;0;0;;;;;
2025-11-28;O_KRDMDE0126C25.00;KRDMD_01/2026_AVRUPA_OPSIYON;D_EQ;SSO;D_EQ_ECP;DE_KRDMD_ECP;KRDMD.E;2026-01-30;2.83;2.75;2.91;0;0;0;0;0;0;0;0;0;0;0;;;;;
2025-11-28;O_KRDMDE0126C26.00;KRDMD_01/2026_AVRUPA_OPSIYON;D_EQ;SSO;D_EQ_ECP;DE_KRDMD_ECP;KRDMD.E;2026-01-30;2.26;2.19;3.2;0;0;0;0;0;0;0;0;0;0;0;;;;;
2025-11-28;O_KRDMDE0126C27.00;KRDMD_01/2026_AVRUPA_OPSIYON;D_EQ;SSO;D_EQ_ECP;DE_KRDMD_ECP;KRDMD.E;2026-01-30;1.77;1.71;3.51;1.22;1.22;1.22;1.22;1.22;615600;27816;228;1;228;228;;;;;
2025-11-28;O_KRDMDE0126C28.00;KRDMD_01/2026_AVRUPA_OPSIYON;D_EQ;SSO;D_EQ_ECP;DE_KRDMD_ECP;KRDMD.E;2026-01-30;1.37;1.33;3.01;0.88;0.88;0.88;0.88;0.88;638400;20064;228;1;228;228;;;;;
2025-11-28;O_KRDMDE0126C29.00;KRDMD_01/2026_AVRUPA_OPSIYON;D_EQ;SSO;D_EQ_ECP;DE_KRDMD_ECP;KRDMD.E;2026-01-30;1.06;1.03;2.91;0;0;0;0;0;0;0;0;0;0;0;;;;;
2025-11-28;O_KRDMDE0126C30.00;KRDMD_01/2026_AVRUPA_OPSIYON;D_EQ;SSO;D_EQ_ECP;DE_KRDMD_ECP;KRDMD.E;2026-01-30;0.82;0.79;3.8;0;0;0;0;0;0;0;0;0;0;0;;;;;
2025-11-28;O_KRDMDE0126C31.00;KRDMD_01/2026_AVRUPA_OPSIYON;D_EQ;SSO;D_EQ_ECP;DE_KRDMD_ECP;KRDMD.E;2026-01-30;0.63;0.61;3.28;0;0;0;0;0;0;0;0;0;0;0;;;;;
2025-11-28;O_KRDMDE0126C32.00;KRDMD_01/2026_AVRUPA_OPSIYON;D_EQ;SSO;D_EQ_ECP;DE_KRDMD_ECP;KRDMD.E;2026-01-30;0.48;0.47;2.13;0;0;0;0;0;0;0;0;0;0;0;;;;;
2025-11-28;O_KRDMDE0126C33.00;KRDMD_01/2026_AVRUPA_OPSIYON;D_EQ;SSO;D_EQ_ECP;DE_KRDMD_ECP;KRDMD.E;2026-01-30;0.36;0.36;0;0;0;0;0;0;0;0;0;0;0;0;;;;;
2025-11-28;O_KRDMDE0126C34.00;KRDMD_01/2026_AVRUPA_OPSIYON;D_EQ;SSO;D_EQ_ECP;DE_KRDMD_ECP;KRDMD.E;2026-01-30;0.28;0.27;3.7;0;0;0;0;0;0;0;0;0;0;0;;;;;
2025-11-28;O_KRDMDE0126C35.00;KRDMD_01/2026_AVRUPA_OPSIYON;D_EQ;SSO;D_EQ_ECP;DE_KRDMD_ECP;KRDMD.E;2026-01-30;0.21;0.21;0;0;0;0;0;0;0;0;0;0;0;0;;;;;
2025-11-28;O_KRDMDE0126C36.00;KRDMD_01/2026_AVRUPA_OPSIYON;D_EQ;SSO;D_EQ_ECP;DE_KRDMD_ECP;KRDMD.E;2026-01-30;0.16;0.16;0;0;0;0;0;0;0;0;0;0;0;0;;;;;
2025-11-28;O_KRDMDE0126C37.00;KRDMD_01/2026_AVRUPA_OPSIYON;D_EQ;SSO;D_EQ_ECP;DE_KRDMD_ECP;KRDMD.E;2026-01-30;0.12;0.12;0;0;0;0;0;0;0;0;0;0;0;0;;;;;
2025-11-28;O_KRDMDE0126P22.50;KRDMD_01/2026_AVRUPA_OPSIYON;D_EQ;SSO;D_EQ_EPP;DE_KRDMD_EPP;KRDMD.E;2026-01-30;0.3;0.32;-6.25;0;0;0;0;0;0;0;0;0;0;0;;;;;
2025-11-28;O_KRDMDE0126P23.00;KRDMD_01/2026_AVRUPA_OPSIYON;D_EQ;SSO;D_EQ_EPP;DE_KRDMD_EPP;KRDMD.E;2026-01-30;0.38;0.41;-7.32;0;0;0;0;0;0;0;0;0;0;0;;;;;
2025-11-28;O_KRDMDE0126P23.50;KRDMD_01/2026_AVRUPA_OPSIYON;D_EQ;SSO;D_EQ_EPP;DE_KRDMD_EPP;KRDMD.E;2026-01-30;0.47;0.5;-6;0;0;0;0;0;0;0;0;0;0;0;;;;;
2025-11-28;O_KRDMDE0126P24.00;KRDMD_01/2026_AVRUPA_OPSIYON;D_EQ;SSO;D_EQ_EPP;DE_KRDMD_EPP;KRDMD.E;2026-01-30;0.58;0.61;-4.92;0;0;0;0;0;0;0;0;0;0;0;;;;;
2025-11-28;O_KRDMDE0126P24.50;KRDMD_01/2026_AVRUPA_OPSIYON;D_EQ;SSO;D_EQ_EPP;DE_KRDMD_EPP;KRDMD.E;2026-01-30;0.7;0.74;-5.41;0;0;0;0;0;0;0;0;0;0;0;;;;;
2025-11-28;O_KRDMDE0126P25.00;KRDMD_01/2026_AVRUPA_OPSIYON;D_EQ;SSO;D_EQ_EPP;DE_KRDMD_EPP;KRDMD.E;2026-01-30;0.84;0.89;-5.62;0;0;0;0;0;0;0;0;0;0;0;;;;;
2025-11-28;O_KRDMDE0126P26.00;KRDMD_01/2026_AVRUPA_OPSIYON;D_EQ;SSO;D_EQ_EPP;DE_KRDMD_EPP;KRDMD.E;2026-01-30;1.19;1.25;-4.8;0;0;0;0;0;0;0;0;0;0;0;;;;;
2025-11-28;O_KRDMDE0126P27.00;KRDMD_01/2026_AVRUPA_OPSIYON;D_EQ;SSO;D_EQ_EPP;DE_KRDMD_EPP;KRDMD.E;2026-01-30;1.63;1.7;-4.12;1.97;1.97;1.97;1.97;1.97;615600;44916;228;1;228;228;;;;;
2025-11-28;O_KRDMDE0126P28.00;KRDMD_01/2026_AVRUPA_OPSIYON;D_EQ;SSO;D_EQ_EPP;DE_KRDMD_EPP;KRDMD.E;2026-01-30;2.15;2.24;-4.02;2.58;2.58;2.58;2.58;2.58;638400;58824;228;1;228;228;;;;;
2025-11-28;O_KRDMDE0126P29.00;KRDMD_01/2026_AVRUPA_OPSIYON;D_EQ;SSO;D_EQ_EPP;DE_KRDMD_EPP;KRDMD.E;2026-01-30;2.77;2.86;-3.15;0;0;0;0;0;0;0;0;0;0;0;;;;;
2025-11-28;O_KRDMDE0126P30.00;KRDMD_01/2026_AVRUPA_OPSIYON;D_EQ;SSO;D_EQ_EPP;DE_KRDMD_EPP;KRDMD.E;2026-01-30;3.45;3.55;-2.82;0;0;0;0;0;0;0;0;0;0;0;;;;;
2025-11-28;O_KRDMDE0126P31.00;KRDMD_01/2026_AVRUPA_OPSIYON;D_EQ;SSO;D_EQ_EPP;DE_KRDMD_EPP;KRDMD.E;2026-01-30;4.18;4.29;-2.56;0;0;0;0;0;0;0;0;0;0;0;;;;;
2025-11-28;O_KRDMDE0126P32.00;KRDMD_01/2026_AVRUPA_OPSIYON;D_EQ;SSO;D_EQ_EPP;DE_KRDMD_EPP;KRDMD.E;2026-01-30;4.95;5.07;-2.37;0;0;0;0;0;0;0;0;0;0;0;;;;;
2025-11-28;O_KRDMDE1125C23.50;KRDMD_11/2025_AVRUPA_OPSIYON;D_EQ;SSO;D_EQ_ECP;DE_KRDMD_ECP;KRDMD.E;2025-11-28;1.58;1.44;9.72;0;0;0;0;0;0;0;0;0;0;0;;;;;
2025-11-28;O_KRDMDE1125C24.00;KRDMD_11/2025_AVRUPA_OPSIYON;D_EQ;SSO;D_EQ_ECP;DE_KRDMD_ECP;KRDMD.E;2025-11-28;1.08;0.95;13.68;0;0;0;0;0;0;0;0;0;50;0;;;;;
2025-11-28;O_KRDMDE1125C24.50;KRDMD_11/2025_AVRUPA_OPSIYON;D_EQ;SSO;D_EQ_ECP;DE_KRDMD_ECP;KRDMD.E;2025-11-28;0.58;0.51;13.73;0;0;0;0;0;0;0;0;0;463;0;;;;;
2025-11-28;O_KRDMDE1125C25.00;KRDMD_11/2025_AVRUPA_OPSIYON;D_EQ;SSO;D_EQ_ECP;DE_KRDMD_ECP;KRDMD.E;2025-11-28;0.08;0.19;-57.89;0.24;0.24;0.24;0.24;0.24;625000;6000;250;3;5000;0;;;;;
2025-11-28;O_KRDMDE1125C26.00;KRDMD_11/2025_AVRUPA_OPSIYON;D_EQ;SSO;D_EQ_ECP;DE_KRDMD_ECP;KRDMD.E;2025-11-28;0;0.01;0;0;0;0;0;0;0;0;0;0;126;0;;;;;
2025-11-28;O_KRDMDE1125C27.00;KRDMD_11/2025_AVRUPA_OPSIYON;D_EQ;SSO;D_EQ_ECP;DE_KRDMD_ECP;KRDMD.E;2025-11-28;0;0.01;0;0;0;0;0;0;0;0;0;0;469;0;;;;;
2025-11-28;O_KRDMDE1125C28.00;KRDMD_11/2025_AVRUPA_OPSIYON;D_EQ;SSO;D_EQ_ECP;DE_KRDMD_ECP;KRDMD.E;2025-11-28;0;0.01;0;0;0;0;0;0;0;0;0;0;0;0;;;;;
2025-11-28;O_KRDMDE1125C29.00;KRDMD_11/2025_AVRUPA_OPSIYON;D_EQ;SSO;D_EQ_ECP;DE_KRDMD_ECP;KRDMD.E;2025-11-28;0;0.01;0;0;0;0;0;0;0;0;0;0;624;0;;;;;
2025-11-28;O_KRDMDE1125C30.00;KRDMD_11/2025_AVRUPA_OPSIYON;D_EQ;SSO;D_EQ_ECP;DE_KRDMD_ECP;KRDMD.E;2025-11-28;0;0.01;0;0;0;0;0;0;0;0;0;0;5000;0;;;;;
2025-11-28;O_KRDMDE1125C31.00;KRDMD_11/2025_AVRUPA_OPSIYON;D_EQ;SSO;D_EQ_ECP;DE_KRDMD_ECP;KRDMD.E;2025-11-28;0;0.01;0;0;0;0;0;0;0;0;0;0;420;0;;;;;
2025-11-28;O_KRDMDE1125C32.00;KRDMD_11/2025_AVRUPA_OPSIYON;D_EQ;SSO;D_EQ_ECP;DE_KRDMD_ECP;KRDMD.E;2025-11-28;0;0.01;0;0;0;0;0;0;0;0;0;0;368;0;;;;;
2025-11-28;O_KRDMDE1125C33.00;KRDMD_11/2025_AVRUPA_OPSIYON;D_EQ;SSO;D_EQ_ECP;DE_KRDMD_ECP;KRDMD.E;2025-11-28;0;0.01;0;0;0;0;0;0;0;0;0;0;398;0;;;;;
2025-11-28;O_KRDMDE1125C34.00;KRDMD_11/2025_AVRUPA_OPSIYON;D_EQ;SSO;D_EQ_ECP;DE_KRDMD_ECP;KRDMD.E;2025-11-28;0;0.01;0;0;0;0;0;0;0;0;0;0;208;0;;;;;
2025-11-28;O_KRDMDE1125C35.00;KRDMD_11/2025_AVRUPA_OPSIYON;D_EQ;SSO;D_EQ_ECP;DE_KRDMD_ECP;KRDMD.E;2025-11-28;0;0.01;0;0;0;0;0;0;0;0;0;0;0;0;;;;;
2025-11-28;O_KRDMDE1125C36.00;KRDMD_11/2025_AVRUPA_OPSIYON;D_EQ;SSO;D_EQ_ECP;DE_KRDMD_ECP;KRDMD.E;2025-11-28;0;0.01;0;0;0;0;0;0;0;0;0;0;0;0;;;;;
2025-11-28;O_KRDMDE1125C37.00;KRDMD_11/2025_AVRUPA_OPSIYON;D_EQ;SSO;D_EQ_ECP;DE_KRDMD_ECP;KRDMD.E;2025-11-28;0;0.01;0;0;0;0;0;0;0;0;0;0;40;0;;;;;
2025-11-28;O_KRDMDE1125C38.00;KRDMD_11/2025_AVRUPA_OPSIYON;D_EQ;SSO;D_EQ_ECP;DE_KRDMD_ECP;KRDMD.E;2025-11-28;0;0.01;0;0;0;0;0;0;0;0;0;0;203;0;;;;;
2025-11-28;O_KRDMDE1125P21.00;KRDMD_11/2025_AVRUPA_OPSIYON;D_EQ;SSO;D_EQ_EPP;DE_KRDMD_EPP;KRDMD.E;2025-11-28;0;0.01;0;0;0;0;0;0;0;0;0;0;0;0;;;;;
2025-11-28;O_KRDMDE1125P21.50;KRDMD_11/2025_AVRUPA_OPSIYON;D_EQ;SSO;D_EQ_EPP;DE_KRDMD_EPP;KRDMD.E;2025-11-28;0;0.01;0;0;0;0;0;0;0;0;0;0;0;0;;;;;
2025-11-28;O_KRDMDE1125P22.00;KRDMD_11/2025_AVRUPA_OPSIYON;D_EQ;SSO;D_EQ_EPP;DE_KRDMD_EPP;KRDMD.E;2025-11-28;0;0.01;0;0;0;0;0;0;0;0;0;0;365;0;;;;;
2025-11-28;O_KRDMDE1125P22.50;KRDMD_11/2025_AVRUPA_OPSIYON;D_EQ;SSO;D_EQ_EPP;DE_KRDMD_EPP;KRDMD.E;2025-11-28;0;0.01;0;0;0;0;0;0;0;0;0;0;766;0;;;;;
2025-11-28;O_KRDMDE1125P23.00;KRDMD_11/2025_AVRUPA_OPSIYON;D_EQ;SSO;D_EQ_EPP;DE_KRDMD_EPP;KRDMD.E;2025-11-28;0;0.01;0;0;0;0;0;0;0;0;0;0;1558;0;;;;;
2025-11-28;O_KRDMDE1125P23.50;KRDMD_11/2025_AVRUPA_OPSIYON;D_EQ;SSO;D_EQ_EPP;DE_KRDMD_EPP;KRDMD.E;2025-11-28;0;0.01;0;0;0;0;0;0;0;0;0;0;1959;0;;;;;
2025-11-28;O_KRDMDE1125P24.00;KRDMD_11/2025_AVRUPA_OPSIYON;D_EQ;SSO;D_EQ_EPP;DE_KRDMD_EPP;KRDMD.E;2025-11-28;0;0.01;0;0;0;0;0;0;0;0;0;0;2069;0;;;;;
2025-11-28;O_KRDMDE1125P24.50;KRDMD_11/2025_AVRUPA_OPSIYON;D_EQ;SSO;D_EQ_EPP;DE_KRDMD_EPP;KRDMD.E;2025-11-28;0;0.06;0;0;0;0;0;0;0;0;0;0;1646;0;;;;;
2025-11-28;O_KRDMDE1125P25.00;KRDMD_11/2025_AVRUPA_OPSIYON;D_EQ;SSO;D_EQ_EPP;DE_KRDMD_EPP;KRDMD.E;2025-11-28;0;0.24;0;0;0;0;0;0;0;0;0;0;721;0;;;;;
2025-11-28;O_KRDMDE1125P26.00;KRDMD_11/2025_AVRUPA_OPSIYON;D_EQ;SSO;D_EQ_EPP;DE_KRDMD_EPP;KRDMD.E;2025-11-28;0.92;1.06;-13.21;0.97;0.97;0.97;0.97;0.97;2600;97;1;1;786;-1;;;;;
2025-11-28;O_KRDMDE1125P27.00;KRDMD_11/2025_AVRUPA_OPSIYON;D_EQ;SSO;D_EQ_EPP;DE_KRDMD_EPP;KRDMD.E;2025-11-28;1.92;2.05;-6.34;0;0;0;0;0;0;0;0;0;706;0;;;;;
2025-11-28;O_KRDMDE1125P28.00;KRDMD_11/2025_AVRUPA_OPSIYON;D_EQ;SSO;D_EQ_EPP;DE_KRDMD_EPP;KRDMD.E;2025-11-28;2.92;3.05;-4.26;0;0;0;0;0;0;0;0;0;230;0;;;;;
2025-11-28;O_KRDMDE1125P29.00;KRDMD_11/2025_AVRUPA_OPSIYON;D_EQ;SSO;D_EQ_EPP;DE_KRDMD_EPP;KRDMD.E;2025-11-28;3.92;4.05;-3.21;0;0;0;0;0;0;0;0;0;482;0;;;;;
2025-11-28;O_KRDMDE1125P30.00;KRDMD_11/2025_AVRUPA_OPSIYON;D_EQ;SSO;D_EQ_EPP;DE_KRDMD_EPP;KRDMD.E;2025-11-28;4.92;5.05;-2.57;5.25;5.25;5.25;5.25;5.25;300000;52500;100;1;323;0;;;;;
2025-11-28;O_KRDMDE1125P31.00;KRDMD_11/2025_AVRUPA_OPSIYON;D_EQ;SSO;D_EQ_EPP;DE_KRDMD_EPP;KRDMD.E;2025-11-28;5.92;6.05;-2.15;0;0;0;0;0;0;0;0;0;0;0;;;;;
2025-11-28;O_KRDMDE1125P32.00;KRDMD_11/2025_AVRUPA_OPSIYON;D_EQ;SSO;D_EQ_EPP;DE_KRDMD_EPP;KRDMD.E;2025-11-28;6.92;7.05;-1.84;0;0;0;0;0;0;0;0;0;408;0;;;;;
2025-11-28;O_KRDMDE1125P33.00;KRDMD_11/2025_AVRUPA_OPSIYON;D_EQ;SSO;D_EQ_EPP;DE_KRDMD_EPP;KRDMD.E;2025-11-28;7.92;8.05;-1.61;0;0;0;0;0;0;0;0;0;0;0;;;;;
2025-11-28;O_KRDMDE1225C24.50;KRDMD_12/2025_AVRUPA_OPSIYON;D_EQ;SSO;D_EQ_ECP;DE_KRDMD_ECP;KRDMD.E;2025-12-31;2.04;1.96;4.08;0;0;0;0;0;0;0;0;0;214;0;;;;;
2025-11-28;O_KRDMDE1225C25.00;KRDMD_12/2025_AVRUPA_OPSIYON;D_EQ;SSO;D_EQ_ECP;DE_KRDMD_ECP;KRDMD.E;2025-12-31;1.73;1.66;4.22;0;0;0;0;0;0;0;0;0;0;0;;;;;
2025-11-28;O_KRDMDE1225C26.00;KRDMD_12/2025_AVRUPA_OPSIYON;D_EQ;SSO;D_EQ_ECP;DE_KRDMD_ECP;KRDMD.E;2025-12-31;1.21;1.16;4.31;0.93;0.93;0.93;0.93;0.93;260000;9300;100;1;620;100;;;;;
2025-11-28;O_KRDMDE1225C27.00;KRDMD_12/2025_AVRUPA_OPSIYON;D_EQ;SSO;D_EQ_ECP;DE_KRDMD_ECP;KRDMD.E;2025-12-31;0.82;0.79;3.8;0;0;0;0;0;0;0;0;0;150;0;;;;;
2025-11-28;O_KRDMDE1225C28.00;KRDMD_12/2025_AVRUPA_OPSIYON;D_EQ;SSO;D_EQ_ECP;DE_KRDMD_ECP;KRDMD.E;2025-12-31;0.54;0.52;3.85;0;0;0;0;0;0;0;0;0;0;0;;;;;
2025-11-28;O_KRDMDE1225C29.00;KRDMD_12/2025_AVRUPA_OPSIYON;D_EQ;SSO;D_EQ_ECP;DE_KRDMD_ECP;KRDMD.E;2025-12-31;0.35;0.34;2.94;0;0;0;0;0;0;0;0;0;0;0;;;;;
2025-11-28;O_KRDMDE1225C30.00;KRDMD_12/2025_AVRUPA_OPSIYON;D_EQ;SSO;D_EQ_ECP;DE_KRDMD_ECP;KRDMD.E;2025-12-31;0.22;0.22;0;0;0;0;0;0;0;0;0;0;200;0;;;;;
2025-11-28;O_KRDMDE1225C31.00;KRDMD_12/2025_AVRUPA_OPSIYON;D_EQ;SSO;D_EQ_ECP;DE_KRDMD_ECP;KRDMD.E;2025-12-31;0.14;0.14;0;0;0;0;0;0;0;0;0;0;0;0;;;;;
2025-11-28;O_KRDMDE1225C32.00;KRDMD_12/2025_AVRUPA_OPSIYON;D_EQ;SSO;D_EQ_ECP;DE_KRDMD_ECP;KRDMD.E;2025-12-31;0.09;0.09;0;0;0;0;0;0;0;0;0;0;0;0;;;;;
2025-11-28;O_KRDMDE1225C33.00;KRDMD_12/2025_AVRUPA_OPSIYON;D_EQ;SSO;D_EQ_ECP;DE_KRDMD_ECP;KRDMD.E;2025-12-31;0.05;0.05;0;0;0;0;0;0;0;0;0;0;0;0;;;;;
2025-11-28;O_KRDMDE1225C34.00;KRDMD_12/2025_AVRUPA_OPSIYON;D_EQ;SSO;D_EQ_ECP;DE_KRDMD_ECP;KRDMD.E;2025-12-31;0.03;0.03;0;0;0;0;0;0;0;0;0;0;0;0;;;;;
2025-11-28;O_KRDMDE1225C35.00;KRDMD_12/2025_AVRUPA_OPSIYON;D_EQ;SSO;D_EQ_ECP;DE_KRDMD_ECP;KRDMD.E;2025-12-31;0.02;0.02;0;0;0;0;0;0;0;0;0;0;1333;0;;;;;
2025-11-28;O_KRDMDE1225C36.00;KRDMD_12/2025_AVRUPA_OPSIYON;D_EQ;SSO;D_EQ_ECP;DE_KRDMD_ECP;KRDMD.E;2025-12-31;0.01;0.01;0;0;0;0;0;0;0;0;0;0;40;0;;;;;
2025-11-28;O_KRDMDE1225C37.00;KRDMD_12/2025_AVRUPA_OPSIYON;D_EQ;SSO;D_EQ_ECP;DE_KRDMD_ECP;KRDMD.E;2025-12-31;0.01;0.01;0;0;0;0;0;0;0;0;0;0;0;0;;;;;
2025-11-28;O_KRDMDE1225P22.00;KRDMD_12/2025_AVRUPA_OPSIYON;D_EQ;SSO;D_EQ_EPP;DE_KRDMD_EPP;KRDMD.E;2025-12-31;0.14;0.16;-12.5;0;0;0;0;0;0;0;0;0;0;0;;;;;
2025-11-28;O_KRDMDE1225P22.50;KRDMD_12/2025_AVRUPA_OPSIYON;D_EQ;SSO;D_EQ_EPP;DE_KRDMD_EPP;KRDMD.E;2025-12-31;0.19;0.22;-13.64;0;0;0;0;0;0;0;0;0;50;0;;;;;
2025-11-28;O_KRDMDE1225P23.00;KRDMD_12/2025_AVRUPA_OPSIYON;D_EQ;SSO;D_EQ_EPP;DE_KRDMD_EPP;KRDMD.E;2025-12-31;0.27;0.3;-10;0;0;0;0;0;0;0;0;0;807;0;;;;;
2025-11-28;O_KRDMDE1225P23.50;KRDMD_12/2025_AVRUPA_OPSIYON;D_EQ;SSO;D_EQ_EPP;DE_KRDMD_EPP;KRDMD.E;2025-12-31;0.37;0.41;-9.76;0;0;0;0;0;0;0;0;0;639;0;;;;;
2025-11-28;O_KRDMDE1225P24.00;KRDMD_12/2025_AVRUPA_OPSIYON;D_EQ;SSO;D_EQ_EPP;DE_KRDMD_EPP;KRDMD.E;2025-12-31;0.48;0.53;-9.43;0;0;0;0;0;0;0;0;0;1701;0;;;;;
2025-11-28;O_KRDMDE1225P24.50;KRDMD_12/2025_AVRUPA_OPSIYON;D_EQ;SSO;D_EQ_EPP;DE_KRDMD_EPP;KRDMD.E;2025-12-31;0.63;0.69;-8.7;0;0;0;0;0;0;0;0;0;887;0;;;;;
2025-11-28;O_KRDMDE1225P25.00;KRDMD_12/2025_AVRUPA_OPSIYON;D_EQ;SSO;D_EQ_EPP;DE_KRDMD_EPP;KRDMD.E;2025-12-31;0.81;0.87;-6.9;0.8;0.8;0.8;0.8;0.8;532500;17040;213;1;1377;213;;;;;
2025-11-28;O_KRDMDE1225P26.00;KRDMD_12/2025_AVRUPA_OPSIYON;D_EQ;SSO;D_EQ_EPP;DE_KRDMD_EPP;KRDMD.E;2025-12-31;1.26;1.34;-5.97;1.28;1.24;1.28;1.24;1.26;1409200;68062;542;6;1432;542;;;;;
2025-11-28;O_KRDMDE1225P27.00;KRDMD_12/2025_AVRUPA_OPSIYON;D_EQ;SSO;D_EQ_EPP;DE_KRDMD_EPP;KRDMD.E;2025-12-31;1.83;1.93;-5.18;1.92;1.83;1.92;1.83;1.89;3240000;227026;1200;7;1627;1200;;;;;
2025-11-28;O_KRDMDE1225P28.00;KRDMD_12/2025_AVRUPA_OPSIYON;D_EQ;SSO;D_EQ_EPP;DE_KRDMD_EPP;KRDMD.E;2025-12-31;2.52;2.63;-4.18;2.54;2.54;2.54;2.54;2.54;840000;76200;300;3;513;300;;;;;
2025-11-28;O_KRDMDE1225P29.00;KRDMD_12/2025_AVRUPA_OPSIYON;D_EQ;SSO;D_EQ_EPP;DE_KRDMD_EPP;KRDMD.E;2025-12-31;3.29;3.41;-3.52;0;0;0;0;0;0;0;0;0;0;0;;;;;
2025-11-28;O_KRDMDE1225P30.00;KRDMD_12/2025_AVRUPA_OPSIYON;D_EQ;SSO;D_EQ_EPP;DE_KRDMD_EPP;KRDMD.E;2025-12-31;4.13;4.26;-3.05;0;0;0;0;0;0;0;0;0;213;0;;;;;
2025-11-28;O_KRDMDE1225P31.00;KRDMD_12/2025_AVRUPA_OPSIYON;D_EQ;SSO;D_EQ_EPP;DE_KRDMD_EPP;KRDMD.E;2025-12-31;5.01;5.14;-2.53;0;0;0;0;0;0;0;0;0;0;0;;;;;
2025-11-28;O_KRDMDE1225P32.00;KRDMD_12/2025_AVRUPA_OPSIYON;D_EQ;SSO;D_EQ_EPP;DE_KRDMD_EPP;KRDMD.E;2025-12-31;5.93;6.05;-1.98;0;0;0;0;0;0;0;0;0;0;0;;;;;
2025-11-28;O_PETKME0126C17.00;PETKM_01/2026_AVRUPA_OPSIYON;D_EQ;SSO;D_EQ_ECP;DE_PETKM_ECP;PETKM.E;2026-01-30;1.78;1.68;5.95;0;0;0;0;0;0;0;0;0;0;0;;;;;
2025-11-28;O_PETKME0126C17.50;PETKM_01/2026_AVRUPA_OPSIYON;D_EQ;SSO;D_EQ_ECP;DE_PETKM_ECP;PETKM.E;2026-01-30;1.46;1.38;5.8;0;0;0;0;0;0;0;0;0;0;0;;;;;
2025-11-28;O_PETKME0126C18.00;PETKM_01/2026_AVRUPA_OPSIYON;D_EQ;SSO;D_EQ_ECP;DE_PETKM_ECP;PETKM.E;2026-01-30;1.19;1.12;6.25;0;0;0;0;0;0;0;0;0;0;0;;;;;
2025-11-28;O_PETKME0126C18.50;PETKM_01/2026_AVRUPA_OPSIYON;D_EQ;SSO;D_EQ_ECP;DE_PETKM_ECP;PETKM.E;2026-01-30;0.97;0.91;6.59;0;0;0;0;0;0;0;0;0;0;0;;;;;
2025-11-28;O_PETKME0126C19.00;PETKM_01/2026_AVRUPA_OPSIYON;D_EQ;SSO;D_EQ_ECP;DE_PETKM_ECP;PETKM.E;2026-01-30;0.78;0.74;5.41;0;0;0;0;0;0;0;0;0;0;0;;;;;
2025-11-28;O_PETKME0126C19.50;PETKM_01/2026_AVRUPA_OPSIYON;D_EQ;SSO;D_EQ_ECP;DE_PETKM_ECP;PETKM.E;2026-01-30;0.66;0.63;4.76;0;0;0;0;0;0;0;0;0;0;0;;;;;
2025-11-28;O_PETKME0126C20.00;PETKM_01/2026_AVRUPA_OPSIYON;D_EQ;SSO;D_EQ_ECP;DE_PETKM_ECP;PETKM.E;2026-01-30;0.56;0.54;3.7;0;0;0;0;0;0;0;0;0;0;0;;;;;
2025-11-28;O_PETKME0126C20.50;PETKM_01/2026_AVRUPA_OPSIYON;D_EQ;SSO;D_EQ_ECP;DE_PETKM_ECP;PETKM.E;2026-01-30;0.48;0.47;2.13;0;0;0;0;0;0;0;0;0;0;0;;;;;
2025-11-28;O_PETKME0126C21.00;PETKM_01/2026_AVRUPA_OPSIYON;D_EQ;SSO;D_EQ_ECP;DE_PETKM_ECP;PETKM.E;2026-01-30;0.42;0.41;2.44;0;0;0;0;0;0;0;0;0;0;0;;;;;
2025-11-28;O_PETKME0126C21.50;PETKM_01/2026_AVRUPA_OPSIYON;D_EQ;SSO;D_EQ_ECP;DE_PETKM_ECP;PETKM.E;2026-01-30;0.37;0.36;2.78;0;0;0;0;0;0;0;0;0;0;0;;;;;
2025-11-28;O_PETKME0126C22.00;PETKM_01/2026_AVRUPA_OPSIYON;D_EQ;SSO;D_EQ_ECP;DE_PETKM_ECP;PETKM.E;2026-01-30;0.33;0.33;0;0;0;0;0;0;0;0;0;0;0;0;;;;;
2025-11-28;O_PETKME0126P14.50;PETKM_01/2026_AVRUPA_OPSIYON;D_EQ;SSO;D_EQ_EPP;DE_PETKM_EPP;PETKM.E;2026-01-30;0.14;0.15;-6.67;0;0;0;0;0;0;0;0;0;0;0;;;;;
2025-11-28;O_PETKME0126P15.00;PETKM_01/2026_AVRUPA_OPSIYON;D_EQ;SSO;D_EQ_EPP;DE_PETKM_EPP;PETKM.E;2026-01-30;0.18;0.19;-5.26;0;0;0;0;0;0;0;0;0;0;0;;;;;
2025-11-28;O_PETKME0126P15.50;PETKM_01/2026_AVRUPA_OPSIYON;D_EQ;SSO;D_EQ_EPP;DE_PETKM_EPP;PETKM.E;2026-01-30;0.23;0.25;-8;0;0;0;0;0;0;0;0;0;0;0;;;;;
2025-11-28;O_PETKME0126P16.00;PETKM_01/2026_AVRUPA_OPSIYON;D_EQ;SSO;D_EQ_EPP;DE_PETKM_EPP;PETKM.E;2026-01-30;0.3;0.32;-6.25;0;0;0;0;0;0;0;0;0;0;0;;;;;
2025-11-28;O_PETKME0126P16.50;PETKM_01/2026_AVRUPA_OPSIYON;D_EQ;SSO;D_EQ_EPP;DE_PETKM_EPP;PETKM.E;2026-01-30;0.38;0.41;-7.32;0;0;0;0;0;0;0;0;0;0;0;;;;;
2025-11-28;O_PETKME0126P17.00;PETKM_01/2026_AVRUPA_OPSIYON;D_EQ;SSO;D_EQ_EPP;DE_PETKM_EPP;PETKM.E;2026-01-30;0.48;0.51;-5.88;0;0;0;0;0;0;0;0;0;0;0;;;;;
2025-11-28;O_PETKME0126P17.50;PETKM_01/2026_AVRUPA_OPSIYON;D_EQ;SSO;D_EQ_EPP;DE_PETKM_EPP;PETKM.E;2026-01-30;0.62;0.67;-7.46;0;0;0;0;0;0;0;0;0;0;0;;;;;
2025-11-28;O_PETKME0126P18.00;PETKM_01/2026_AVRUPA_OPSIYON;D_EQ;SSO;D_EQ_EPP;DE_PETKM_EPP;PETKM.E;2026-01-30;0.82;0.88;-6.82;0;0;0;0;0;0;0;0;0;0;0;;;;;
2025-11-28;O_PETKME0126P18.50;PETKM_01/2026_AVRUPA_OPSIYON;D_EQ;SSO;D_EQ_EPP;DE_PETKM_EPP;PETKM.E;2026-01-30;1.05;1.13;-7.08;0;0;0;0;0;0;0;0;0;0;0;;;;;
2025-11-28;O_PETKME0126P19.00;PETKM_01/2026_AVRUPA_OPSIYON;D_EQ;SSO;D_EQ_EPP;DE_PETKM_EPP;PETKM.E;2026-01-30;1.33;1.42;-6.34;1.5;1.5;1.5;1.5;1.5;1900;150;1;1;1;1;;;;;
2025-11-28;O_PETKME0126P19.50;PETKM_01/2026_AVRUPA_OPSIYON;D_EQ;SSO;D_EQ_EPP;DE_PETKM_EPP;PETKM.E;2026-01-30;1.67;1.77;-5.65;0;0;0;0;0;0;0;0;0;0;0;;;;;
2025-11-28;O_PETKME1125C16.00;PETKM_11/2025_AVRUPA_OPSIYON;D_EQ;SSO;D_EQ_ECP;DE_PETKM_ECP;PETKM.E;2025-11-28;1;0.87;14.94;0;0;0;0;0;0;0;0;0;0;0;;;;;
2025-11-28;O_PETKME1125C16.50;PETKM_11/2025_AVRUPA_OPSIYON;D_EQ;SSO;D_EQ_ECP;DE_PETKM_ECP;PETKM.E;2025-11-28;0.5;0.39;28.21;0;0;0;0;0;0;0;0;0;2;0;;;;;
2025-11-28;O_PETKME1125C17.00;PETKM_11/2025_AVRUPA_OPSIYON;D_EQ;SSO;D_EQ_ECP;DE_PETKM_ECP;PETKM.E;2025-11-28;0;0.07;0;0.05;0.05;0.05;0.05;0.05;51000;150;30;1;1100;0;;;;;
2025-11-28;O_PETKME1125C17.50;PETKM_11/2025_AVRUPA_OPSIYON;D_EQ;SSO;D_EQ_ECP;DE_PETKM_ECP;PETKM.E;2025-11-28;0;0.01;0;0.01;0.01;0.01;0.01;0.01;2815750;1609;1609;11;4811;-1140;;;;;
2025-11-28;O_PETKME1125C18.00;PETKM_11/2025_AVRUPA_OPSIYON;D_EQ;SSO;D_EQ_ECP;DE_PETKM_ECP;PETKM.E;2025-11-28;0;0.01;0;0;0;0;0;0;0;0;0;0;1612;0;;;;;
2025-11-28;O_PETKME1125C18.50;PETKM_11/2025_AVRUPA_OPSIYON;D_EQ;SSO;D_EQ_ECP;DE_PETKM_ECP;PETKM.E;2025-11-28;0;0.01;0;0;0;0;0;0;0;0;0;0;2146;0;;;;;
2025-11-28;O_PETKME1125C19.00;PETKM_11/2025_AVRUPA_OPSIYON;D_EQ;SSO;D_EQ_ECP;DE_PETKM_ECP;PETKM.E;2025-11-28;0;0.01;0;0;0;0;0;0;0;0;0;0;1482;0;;;;;
2025-11-28;O_PETKME1125C19.50;PETKM_11/2025_AVRUPA_OPSIYON;D_EQ;SSO;D_EQ_ECP;DE_PETKM_ECP;PETKM.E;2025-11-28;0;0.01;0;0;0;0;0;0;0;0;0;0;2292;0;;;;;
2025-11-28;O_PETKME1125C20.00;PETKM_11/2025_AVRUPA_OPSIYON;D_EQ;SSO;D_EQ_ECP;DE_PETKM_ECP;PETKM.E;2025-11-28;0;0.01;0;0;0;0;0;0;0;0;0;0;5090;0;;;;;
2025-11-28;O_PETKME1125C20.50;PETKM_11/2025_AVRUPA_OPSIYON;D_EQ;SSO;D_EQ_ECP;DE_PETKM_ECP;PETKM.E;2025-11-28;0;0.01;0;0;0;0;0;0;0;0;0;0;3280;0;;;;;
2025-11-28;O_PETKME1125C21.00;PETKM_11/2025_AVRUPA_OPSIYON;D_EQ;SSO;D_EQ_ECP;DE_PETKM_ECP;PETKM.E;2025-11-28;0;0.01;0;0;0;0;0;0;0;0;0;0;275;0;;;;;
2025-11-28;O_PETKME1125C21.50;PETKM_11/2025_AVRUPA_OPSIYON;D_EQ;SSO;D_EQ_ECP;DE_PETKM_ECP;PETKM.E;2025-11-28;0;0.01;0;0;0;0;0;0;0;0;0;0;210;0;;;;;
2025-11-28;O_PETKME1125C22.00;PETKM_11/2025_AVRUPA_OPSIYON;D_EQ;SSO;D_EQ_ECP;DE_PETKM_ECP;PETKM.E;2025-11-28;0;0.01;0;0;0;0;0;0;0;0;0;0;402;0;;;;;
2025-11-28;O_PETKME1125C22.50;PETKM_11/2025_AVRUPA_OPSIYON;D_EQ;SSO;D_EQ_ECP;DE_PETKM_ECP;PETKM.E;2025-11-28;0;0.01;0;0;0;0;0;0;0;0;0;0;351;0;;;;;
2025-11-28;O_PETKME1125C23.00;PETKM_11/2025_AVRUPA_OPSIYON;D_EQ;SSO;D_EQ_ECP;DE_PETKM_ECP;PETKM.E;2025-11-28;0;0.01;0;0;0;0;0;0;0;0;0;0;304;0;;;;;
2025-11-28;O_PETKME1125C23.50;PETKM_11/2025_AVRUPA_OPSIYON;D_EQ;SSO;D_EQ_ECP;DE_PETKM_ECP;PETKM.E;2025-11-28;0;0.01;0;0;0;0;0;0;0;0;0;0;142;0;;;;;
2025-11-28;O_PETKME1125C24.00;PETKM_11/2025_AVRUPA_OPSIYON;D_EQ;SSO;D_EQ_ECP;DE_PETKM_ECP;PETKM.E;2025-11-28;0;0.01;0;0;0;0;0;0;0;0;0;0;101;0;;;;;
2025-11-28;O_PETKME1125C24.50;PETKM_11/2025_AVRUPA_OPSIYON;D_EQ;SSO;D_EQ_ECP;DE_PETKM_ECP;PETKM.E;2025-11-28;0;0.01;0;0;0;0;0;0;0;0;0;0;0;0;;;;;
2025-11-28;O_PETKME1125C25.00;PETKM_11/2025_AVRUPA_OPSIYON;D_EQ;SSO;D_EQ_ECP;DE_PETKM_ECP;PETKM.E;2025-11-28;0;0.01;0;0;0;0;0;0;0;0;0;0;0;0;;;;;
2025-11-28;O_PETKME1125P13.50;PETKM_11/2025_AVRUPA_OPSIYON;D_EQ;SSO;D_EQ_EPP;DE_PETKM_EPP;PETKM.E;2025-11-28;0;0.01;0;0;0;0;0;0;0;0;0;0;0;0;;;;;
2025-11-28;O_PETKME1125P14.00;PETKM_11/2025_AVRUPA_OPSIYON;D_EQ;SSO;D_EQ_EPP;DE_PETKM_EPP;PETKM.E;2025-11-28;0;0.01;0;0;0;0;0;0;0;0;0;0;0;0;;;;;
2025-11-28;O_PETKME1125P14.50;PETKM_11/2025_AVRUPA_OPSIYON;D_EQ;SSO;D_EQ_EPP;DE_PETKM_EPP;PETKM.E;2025-11-28;0;0.01;0;0;0;0;0;0;0;0;0;0;0;0;;;;;
2025-11-28;O_PETKME1125P15.00;PETKM_11/2025_AVRUPA_OPSIYON;D_EQ;SSO;D_EQ_EPP;DE_PETKM_EPP;PETKM.E;2025-11-28;0;0.01;0;0;0;0;0;0;0;0;0;0;0;0;;;;;
2025-11-28;O_PETKME1125P15.50;PETKM_11/2025_AVRUPA_OPSIYON;D_EQ;SSO;D_EQ_EPP;DE_PETKM_EPP;PETKM.E;2025-11-28;0;0.01;0;0;0;0;0;0;0;0;0;0;275;0;;;;;
2025-11-28;O_PETKME1125P16.00;PETKM_11/2025_AVRUPA_OPSIYON;D_EQ;SSO;D_EQ_EPP;DE_PETKM_EPP;PETKM.E;2025-11-28;0;0.01;0;0;0;0;0;0;0;0;0;0;0;0;;;;;
2025-11-28;O_PETKME1125P16.50;PETKM_11/2025_AVRUPA_OPSIYON;D_EQ;SSO;D_EQ_EPP;DE_PETKM_EPP;PETKM.E;2025-11-28;0;0.02;0;0.01;0.01;0.01;0.01;0.01;28050;17;17;2;28;16;;;;;
2025-11-28;O_PETKME1125P17.00;PETKM_11/2025_AVRUPA_OPSIYON;D_EQ;SSO;D_EQ_EPP;DE_PETKM_EPP;PETKM.E;2025-11-28;0;0.2;0;0.2;0.11;0.2;0.11;0.19;28900;330;17;8;1288;-17;;;;;
2025-11-28;O_PETKME1125P17.50;PETKM_11/2025_AVRUPA_OPSIYON;D_EQ;SSO;D_EQ_EPP;DE_PETKM_EPP;PETKM.E;2025-11-28;0.5;0.63;-20.63;0;0;0;0;0;0;0;0;0;1944;0;;;;;
2025-11-28;O_PETKME1125P18.00;PETKM_11/2025_AVRUPA_OPSIYON;D_EQ;SSO;D_EQ_EPP;DE_PETKM_EPP;PETKM.E;2025-11-28;1;1.13;-11.5;0;0;0;0;0;0;0;0;0;6340;0;;;;;
2025-11-28;O_PETKME1125P18.50;PETKM_11/2025_AVRUPA_OPSIYON;D_EQ;SSO;D_EQ_EPP;DE_PETKM_EPP;PETKM.E;2025-11-28;1.5;1.63;-7.98;0;0;0;0;0;0;0;0;0;800;0;;;;;
2025-11-28;O_PETKME1125P19.00;PETKM_11/2025_AVRUPA_OPSIYON;D_EQ;SSO;D_EQ_EPP;DE_PETKM_EPP;PETKM.E;2025-11-28;2;2.13;-6.1;0;0;0;0;0;0;0;0;0;0;0;;;;;
2025-11-28;O_PETKME1125P19.50;PETKM_11/2025_AVRUPA_OPSIYON;D_EQ;SSO;D_EQ_EPP;DE_PETKM_EPP;PETKM.E;2025-11-28;2.5;2.63;-4.94;0;0;0;0;0;0;0;0;0;0;0;;;;;
2025-11-28;O_PETKME1125P20.00;PETKM_11/2025_AVRUPA_OPSIYON;D_EQ;SSO;D_EQ_EPP;DE_PETKM_EPP;PETKM.E;2025-11-28;3;3.13;-4.15;0;0;0;0;0;0;0;0;0;0;0;;;;;
2025-11-28;O_PETKME1125P20.50;PETKM_11/2025_AVRUPA_OPSIYON;D_EQ;SSO;D_EQ_EPP;DE_PETKM_EPP;PETKM.E;2025-11-28;3.5;3.63;-3.58;0;0;0;0;0;0;0;0;0;0;0;;;;;
2025-11-28;O_PETKME1125P21.00;PETKM_11/2025_AVRUPA_OPSIYON;D_EQ;SSO;D_EQ_EPP;DE_PETKM_EPP;PETKM.E;2025-11-28;4;4.13;-3.15;0;0;0;0;0;0;0;0;0;523;0;;;;;
2025-11-28;O_PETKME1125P21.50;PETKM_11/2025_AVRUPA_OPSIYON;D_EQ;SSO;D_EQ_EPP;DE_PETKM_EPP;PETKM.E;2025-11-28;4.5;4.63;-2.81;0;0;0;0;0;0;0;0;0;1000;0;;;;;
2025-11-28;O_PETKME1125P22.00;PETKM_11/2025_AVRUPA_OPSIYON;D_EQ;SSO;D_EQ_EPP;DE_PETKM_EPP;PETKM.E;2025-11-28;5;5.13;-2.53;0;0;0;0;0;0;0;0;0;746;0;;;;;
2025-11-28;O_PETKME1125P22.50;PETKM_11/2025_AVRUPA_OPSIYON;D_EQ;SSO;D_EQ_EPP;DE_PETKM_EPP;PETKM.E;2025-11-28;5.5;5.63;-2.31;0;0;0;0;0;0;0;0;0;946;0;;;;;
2025-11-28;O_PETKME1225C16.50;PETKM_12/2025_AVRUPA_OPSIYON;D_EQ;SSO;D_EQ_ECP;DE_PETKM_ECP;PETKM.E;2025-12-31;1.37;1.28;7.03;0;0;0;0;0;0;0;0;0;438;0;;;;;
2025-11-28;O_PETKME1225C17.00;PETKM_12/2025_AVRUPA_OPSIYON;D_EQ;SSO;D_EQ_ECP;DE_PETKM_ECP;PETKM.E;2025-12-31;1.04;0.97;7.22;0.88;0.88;0.9;0.9;0.89;2720000;142844;1600;10;1600;1538;;;;;
2025-11-28;O_PETKME1225C17.50;PETKM_12/2025_AVRUPA_OPSIYON;D_EQ;SSO;D_EQ_ECP;DE_PETKM_ECP;PETKM.E;2025-12-31;0.77;0.71;8.45;0;0;0;0;0;0;0;0;0;8423;0;;;;;
2025-11-28;O_PETKME1225C18.00;PETKM_12/2025_AVRUPA_OPSIYON;D_EQ;SSO;D_EQ_ECP;DE_PETKM_ECP;PETKM.E;2025-12-31;0.56;0.52;7.69;0;0;0;0;0;0;0;0;0;1;0;;;;;
2025-11-28;O_PETKME1225C18.50;PETKM_12/2025_AVRUPA_OPSIYON;D_EQ;SSO;D_EQ_ECP;DE_PETKM_ECP;PETKM.E;2025-12-31;0.4;0.37;8.11;0;0;0;0;0;0;0;0;0;0;0;;;;;
2025-11-28;O_PETKME1225C19.00;PETKM_12/2025_AVRUPA_OPSIYON;D_EQ;SSO;D_EQ_ECP;DE_PETKM_ECP;PETKM.E;2025-12-31;0.3;0.28;7.14;0;0;0;0;0;0;0;0;0;0;0;;;;;
2025-11-28;O_PETKME1225C19.50;PETKM_12/2025_AVRUPA_OPSIYON;D_EQ;SSO;D_EQ_ECP;DE_PETKM_ECP;PETKM.E;2025-12-31;0.23;0.22;4.55;0;0;0;0;0;0;0;0;0;3676;0;;;;;
2025-11-28;O_PETKME1225C20.00;PETKM_12/2025_AVRUPA_OPSIYON;D_EQ;SSO;D_EQ_ECP;DE_PETKM_ECP;PETKM.E;2025-12-31;0.18;0.17;5.88;0;0;0;0;0;0;0;0;0;2000;0;;;;;
2025-11-28;O_PETKME1225C20.50;PETKM_12/2025_AVRUPA_OPSIYON;D_EQ;SSO;D_EQ_ECP;DE_PETKM_ECP;PETKM.E;2025-12-31;0.14;0.13;7.69;0;0;0;0;0;0;0;0;0;0;0;;;;;
2025-11-28;O_PETKME1225C21.00;PETKM_12/2025_AVRUPA_OPSIYON;D_EQ;SSO;D_EQ_ECP;DE_PETKM_ECP;PETKM.E;2025-12-31;0.11;0.11;0;0;0;0;0;0;0;0;0;0;200;0;;;;;
2025-11-28;O_PETKME1225C21.50;PETKM_12/2025_AVRUPA_OPSIYON;D_EQ;SSO;D_EQ_ECP;DE_PETKM_ECP;PETKM.E;2025-12-31;0.09;0.09;0;0;0;0;0;0;0;0;0;0;0;0;;;;;
2025-11-28;O_PETKME1225C22.00;PETKM_12/2025_AVRUPA_OPSIYON;D_EQ;SSO;D_EQ_ECP;DE_PETKM_ECP;PETKM.E;2025-12-31;0.07;0.07;0;0;0;0;0;0;0;0;0;0;0;0;;;;;
2025-11-28;O_PETKME1225C22.50;PETKM_12/2025_AVRUPA_OPSIYON;D_EQ;SSO;D_EQ_ECP;DE_PETKM_ECP;PETKM.E;2025-12-31;0.06;0.06;0;0;0;0;0;0;0;0;0;0;0;0;;;;;
2025-11-28;O_PETKME1225C23.00;PETKM_12/2025_AVRUPA_OPSIYON;D_EQ;SSO;D_EQ_ECP;DE_PETKM_ECP;PETKM.E;2025-12-31;0.05;0.05;0;0;0;0;0;0;0;0;0;0;100;0;;;;;
2025-11-28;O_PETKME1225C23.50;PETKM_12/2025_AVRUPA_OPSIYON;D_EQ;SSO;D_EQ_ECP;DE_PETKM_ECP;PETKM.E;2025-12-31;0.04;0.05;-20;0;0;0;0;0;0;0;0;0;0;0;;;;;
2025-11-28;O_PETKME1225C24.00;PETKM_12/2025_AVRUPA_OPSIYON;D_EQ;SSO;D_EQ_ECP;DE_PETKM_ECP;PETKM.E;2025-12-31;0.04;0.04;0;0;0;0;0;0;0;0;0;0;0;0;;;;;
2025-11-28;O_PETKME1225C24.50;PETKM_12/2025_AVRUPA_OPSIYON;D_EQ;SSO;D_EQ_ECP;DE_PETKM_ECP;PETKM.E;2025-12-31;0.03;0.04;-25;0;0;0;0;0;0;0;0;0;0;0;;;;;
2025-11-28;O_PETKME1225C25.00;PETKM_12/2025_AVRUPA_OPSIYON;D_EQ;SSO;D_EQ_ECP;DE_PETKM_ECP;PETKM.E;2025-12-31;0.03;0.03;0;0;0;0;0;0;0;0;0;0;0;0;;;;;
2025-11-28;O_PETKME1225C26.00;PETKM_12/2025_AVRUPA_OPSIYON;D_EQ;SSO;D_EQ_ECP;DE_PETKM_ECP;PETKM.E;2025-12-31;0.02;0.03;-33.33;0;0;0;0;0;0;0;0;0;0;0;;;;;
2025-11-28;O_PETKME1225P14.00;PETKM_12/2025_AVRUPA_OPSIYON;D_EQ;SSO;D_EQ_EPP;DE_PETKM_EPP;PETKM.E;2025-12-31;0.04;0.05;-20;0;0;0;0;0;0;0;0;0;0;0;;;;;
2025-11-28;O_PETKME1225P14.50;PETKM_12/2025_AVRUPA_OPSIYON;D_EQ;SSO;D_EQ_EPP;DE_PETKM_EPP;PETKM.E;2025-12-31;0.06;0.07;-14.29;0;0;0;0;0;0;0;0;0;0;0;;;;;
2025-11-28;O_PETKME1225P15.00;PETKM_12/2025_AVRUPA_OPSIYON;D_EQ;SSO;D_EQ_EPP;DE_PETKM_EPP;PETKM.E;2025-12-31;0.1;0.11;-9.09;0;0;0;0;0;0;0;0;0;0;0;;;;;
2025-11-28;O_PETKME1225P15.50;PETKM_12/2025_AVRUPA_OPSIYON;D_EQ;SSO;D_EQ_EPP;DE_PETKM_EPP;PETKM.E;2025-12-31;0.15;0.17;-11.76;0;0;0;0;0;0;0;0;0;0;0;;;;;
2025-11-28;O_PETKME1225P16.00;PETKM_12/2025_AVRUPA_OPSIYON;D_EQ;SSO;D_EQ_EPP;DE_PETKM_EPP;PETKM.E;2025-12-31;0.22;0.25;-12;0;0;0;0;0;0;0;0;0;0;0;;;;;
2025-11-28;O_PETKME1225P16.50;PETKM_12/2025_AVRUPA_OPSIYON;D_EQ;SSO;D_EQ_EPP;DE_PETKM_EPP;PETKM.E;2025-12-31;0.32;0.36;-11.11;0;0;0;0;0;0;0;0;0;0;0;;;;;
2025-11-28;O_PETKME1225P17.00;PETKM_12/2025_AVRUPA_OPSIYON;D_EQ;SSO;D_EQ_EPP;DE_PETKM_EPP;PETKM.E;2025-12-31;0.47;0.53;-11.32;0.38;0.38;0.5;0.5;0.45;23800;630;14;11;34;14;;;;;
2025-11-28;O_PETKME1225P17.50;PETKM_12/2025_AVRUPA_OPSIYON;D_EQ;SSO;D_EQ_EPP;DE_PETKM_EPP;PETKM.E;2025-12-31;0.68;0.75;-9.33;0.6;0.6;0.7;0.62;0.69;189000;7490;108;6;117;104;;;;;
2025-11-28;O_PETKME1225P18.00;PETKM_12/2025_AVRUPA_OPSIYON;D_EQ;SSO;D_EQ_EPP;DE_PETKM_EPP;PETKM.E;2025-12-31;0.95;1.04;-8.65;0;0;0;0;0;0;0;0;0;105;0;;;;;
2025-11-28;O_PETKME1225P18.50;PETKM_12/2025_AVRUPA_OPSIYON;D_EQ;SSO;D_EQ_EPP;DE_PETKM_EPP;PETKM.E;2025-12-31;1.27;1.38;-7.97;0;0;0;0;0;0;0;0;0;200;0;;;;;
2025-11-28;O_PETKME1225P19.00;PETKM_12/2025_AVRUPA_OPSIYON;D_EQ;SSO;D_EQ_EPP;DE_PETKM_EPP;PETKM.E;2025-12-31;1.66;1.77;-6.21;0;0;0;0;0;0;0;0;0;0;0;;;;;
2025-11-28;O_PETKME1225P19.50;PETKM_12/2025_AVRUPA_OPSIYON;D_EQ;SSO;D_EQ_EPP;DE_PETKM_EPP;PETKM.E;2025-12-31;2.07;2.19;-5.48;0;0;0;0;0;0;0;0;0;0;0;;;;;
2025-11-28;O_PETKME1225P20.00;PETKM_12/2025_AVRUPA_OPSIYON;D_EQ;SSO;D_EQ_EPP;DE_PETKM_EPP;PETKM.E;2025-12-31;2.5;2.62;-4.58;0;0;0;0;0;0;0;0;0;0;0;;;;;
2025-11-28;O_PETKME1225P20.50;PETKM_12/2025_AVRUPA_OPSIYON;D_EQ;SSO;D_EQ_EPP;DE_PETKM_EPP;PETKM.E;2025-12-31;2.95;3.07;-3.91;0;0;0;0;0;0;0;0;0;0;0;;;;;
2025-11-28;O_PETKME1225P21.00;PETKM_12/2025_AVRUPA_OPSIYON;D_EQ;SSO;D_EQ_EPP;DE_PETKM_EPP;PETKM.E;2025-12-31;3.4;3.53;-3.68;0;0;0;0;0;0;0;0;0;0;0;;;;;
2025-11-28;O_PETKME1225P21.50;PETKM_12/2025_AVRUPA_OPSIYON;D_EQ;SSO;D_EQ_EPP;DE_PETKM_EPP;PETKM.E;2025-12-31;3.86;3.99;-3.26;0;0;0;0;0;0;0;0;0;0;0;;;;;
2025-11-28;O_PETKME1225P22.00;PETKM_12/2025_AVRUPA_OPSIYON;D_EQ;SSO;D_EQ_EPP;DE_PETKM_EPP;PETKM.E;2025-12-31;4.33;4.46;-2.91;0;0;0;0;0;0;0;0;0;0;0;;;;;
2025-11-28;O_PETKME1225P22.50;PETKM_12/2025_AVRUPA_OPSIYON;D_EQ;SSO;D_EQ_EPP;DE_PETKM_EPP;PETKM.E;2025-12-31;4.8;4.93;-2.64;0;0;0;0;0;0;0;0;0;0;0;;;;;
2025-11-28;O_PETKME1225P23.00;PETKM_12/2025_AVRUPA_OPSIYON;D_EQ;SSO;D_EQ_EPP;DE_PETKM_EPP;PETKM.E;2025-12-31;5.27;5.4;-2.41;0;0;0;0;0;0;0;0;0;0;0;;;;;
2025-11-28;O_PGSUSE0126C210.00;PGSUS_01/2026_AVRUPA_OPSIYON;D_EQ;SSO;D_EQ_ECP;DE_PGSUS_ECP;PGSUS.E;2026-01-30;16.38;17.93;-8.64;0;0;0;0;0;0;0;0;0;0;0;;;;;
2025-11-28;O_PGSUSE0126C215.00;PGSUS_01/2026_AVRUPA_OPSIYON;D_EQ;SSO;D_EQ_ECP;DE_PGSUS_ECP;PGSUS.E;2026-01-30;13.88;15.3;-9.28;0;0;0;0;0;0;0;0;0;0;0;;;;;
2025-11-28;O_PGSUSE0126C220.00;PGSUS_01/2026_AVRUPA_OPSIYON;D_EQ;SSO;D_EQ_ECP;DE_PGSUS_ECP;PGSUS.E;2026-01-30;11.78;13.02;-9.52;0;0;0;0;0;0;0;0;0;0;0;;;;;
2025-11-28;O_PGSUSE0126C225.00;PGSUS_01/2026_AVRUPA_OPSIYON;D_EQ;SSO;D_EQ_ECP;DE_PGSUS_ECP;PGSUS.E;2026-01-30;9.95;11.07;-10.12;0;0;0;0;0;0;0;0;0;0;0;;;;;
2025-11-28;O_PGSUSE0126C230.00;PGSUS_01/2026_AVRUPA_OPSIYON;D_EQ;SSO;D_EQ_ECP;DE_PGSUS_ECP;PGSUS.E;2026-01-30;8.63;9.48;-8.97;0;0;0;0;0;0;0;0;0;0;0;;;;;
2025-11-28;O_PGSUSE0126C235.00;PGSUS_01/2026_AVRUPA_OPSIYON;D_EQ;SSO;D_EQ_ECP;DE_PGSUS_ECP;PGSUS.E;2026-01-30;7.53;8.29;-9.17;0;0;0;0;0;0;0;0;0;0;0;;;;;
2025-11-28;O_PGSUSE0126C240.00;PGSUS_01/2026_AVRUPA_OPSIYON;D_EQ;SSO;D_EQ_ECP;DE_PGSUS_ECP;PGSUS.E;2026-01-30;6.6;7.27;-9.22;0;0;0;0;0;0;0;0;0;0;0;;;;;
2025-11-28;O_PGSUSE0126C245.00;PGSUS_01/2026_AVRUPA_OPSIYON;D_EQ;SSO;D_EQ_ECP;DE_PGSUS_ECP;PGSUS.E;2026-01-30;5.82;6.41;-9.2;0;0;0;0;0;0;0;0;0;0;0;;;;;
2025-11-28;O_PGSUSE0126C250.00;PGSUS_01/2026_AVRUPA_OPSIYON;D_EQ;SSO;D_EQ_ECP;DE_PGSUS_ECP;PGSUS.E;2026-01-30;5.15;5.68;-9.33;0;0;0;0;0;0;0;0;0;0;0;;;;;
2025-11-28;O_PGSUSE0126C260.00;PGSUS_01/2026_AVRUPA_OPSIYON;D_EQ;SSO;D_EQ_ECP;DE_PGSUS_ECP;PGSUS.E;2026-01-30;4.1;4.53;-9.49;0;0;0;0;0;0;0;0;0;0;0;;;;;
2025-11-28;O_PGSUSE0126C270.00;PGSUS_01/2026_AVRUPA_OPSIYON;D_EQ;SSO;D_EQ_ECP;DE_PGSUS_ECP;PGSUS.E;2026-01-30;3.34;3.69;-9.49;0;0;0;0;0;0;0;0;0;0;0;;;;;
2025-11-28;O_PGSUSE0126P185.00;PGSUS_01/2026_AVRUPA_OPSIYON;D_EQ;SSO;D_EQ_EPP;DE_PGSUS_EPP;PGSUS.E;2026-01-30;3.26;3.08;5.84;0;0;0;0;0;0;0;0;0;0;0;;;;;
2025-11-28;O_PGSUSE0126P190.00;PGSUS_01/2026_AVRUPA_OPSIYON;D_EQ;SSO;D_EQ_EPP;DE_PGSUS_EPP;PGSUS.E;2026-01-30;4.05;3.82;6.02;0;0;0;0;0;0;0;0;0;0;0;;;;;
2025-11-28;O_PGSUSE0126P195.00;PGSUS_01/2026_AVRUPA_OPSIYON;D_EQ;SSO;D_EQ_EPP;DE_PGSUS_EPP;PGSUS.E;2026-01-30;5;4.71;6.16;0;0;0;0;0;0;0;0;0;0;0;;;;;
2025-11-28;O_PGSUSE0126P200.00;PGSUS_01/2026_AVRUPA_OPSIYON;D_EQ;SSO;D_EQ_EPP;DE_PGSUS_EPP;PGSUS.E;2026-01-30;6.12;5.76;6.25;0;0;0;0;0;0;0;0;0;0;0;;;;;
2025-11-28;O_PGSUSE0126P205.00;PGSUS_01/2026_AVRUPA_OPSIYON;D_EQ;SSO;D_EQ_EPP;DE_PGSUS_EPP;PGSUS.E;2026-01-30;7.51;6.99;7.44;0;0;0;0;0;0;0;0;0;0;0;;;;;
2025-11-28;O_PGSUSE0126P210.00;PGSUS_01/2026_AVRUPA_OPSIYON;D_EQ;SSO;D_EQ_EPP;DE_PGSUS_EPP;PGSUS.E;2026-01-30;9.35;8.66;7.97;0;0;0;0;0;0;0;0;0;0;0;;;;;
2025-11-28;O_PGSUSE0126P215.00;PGSUS_01/2026_AVRUPA_OPSIYON;D_EQ;SSO;D_EQ_EPP;DE_PGSUS_EPP;PGSUS.E;2026-01-30;11.47;10.64;7.8;0;0;0;0;0;0;0;0;0;0;0;;;;;
2025-11-28;O_PGSUSE0126P220.00;PGSUS_01/2026_AVRUPA_OPSIYON;D_EQ;SSO;D_EQ_EPP;DE_PGSUS_EPP;PGSUS.E;2026-01-30;13.99;12.97;7.86;0;0;0;0;0;0;0;0;0;0;0;;;;;
2025-11-28;O_PGSUSE0126P225.00;PGSUS_01/2026_AVRUPA_OPSIYON;D_EQ;SSO;D_EQ_EPP;DE_PGSUS_EPP;PGSUS.E;2026-01-30;16.78;15.63;7.36;0;0;0;0;0;0;0;0;0;0;0;;;;;
2025-11-28;O_PGSUSE0126P230.00;PGSUS_01/2026_AVRUPA_OPSIYON;D_EQ;SSO;D_EQ_EPP;DE_PGSUS_EPP;PGSUS.E;2026-01-30;20.08;18.66;7.61;0;0;0;0;0;0;0;0;0;0;0;;;;;
2025-11-28;O_PGSUSE0126P235.00;PGSUS_01/2026_AVRUPA_OPSIYON;D_EQ;SSO;D_EQ_EPP;DE_PGSUS_EPP;PGSUS.E;2026-01-30;23.59;22.08;6.84;24.75;24.75;24.9;24.85;24.83;94000;9930;4;4;4;4;;;;;
2025-11-28;O_PGSUSE1125C200.00;PGSUS_11/2025_AVRUPA_OPSIYON;D_EQ;SSO;D_EQ_ECP;DE_PGSUS_ECP;PGSUS.E;2025-11-28;1;3.7;-72.97;2.57;2.57;3.66;3.66;2.97;600000;8900;30;3;1;0;;;;;
2025-11-28;O_PGSUSE1125C205.00;PGSUS_11/2025_AVRUPA_OPSIYON;D_EQ;SSO;D_EQ_ECP;DE_PGSUS_ECP;PGSUS.E;2025-11-28;0;0.89;0;0;0;0;0;0;0;0;0;0;520;0;;;;;
2025-11-28;O_PGSUSE1125C210.00;PGSUS_11/2025_AVRUPA_OPSIYON;D_EQ;SSO;D_EQ_ECP;DE_PGSUS_ECP;PGSUS.E;2025-11-28;0;0.09;0;0;0;0;0;0;0;0;0;0;1080;0;;;;;
2025-11-28;O_PGSUSE1125C215.00;PGSUS_11/2025_AVRUPA_OPSIYON;D_EQ;SSO;D_EQ_ECP;DE_PGSUS_ECP;PGSUS.E;2025-11-28;0;0.01;0;0;0;0;0;0;0;0;0;0;2259;0;;;;;
2025-11-28;O_PGSUSE1125C220.00;PGSUS_11/2025_AVRUPA_OPSIYON;D_EQ;SSO;D_EQ_ECP;DE_PGSUS_ECP;PGSUS.E;2025-11-28;0;0.01;0;0;0;0;0;0;0;0;0;0;2732;0;;;;;
2025-11-28;O_PGSUSE1125C225.00;PGSUS_11/2025_AVRUPA_OPSIYON;D_EQ;SSO;D_EQ_ECP;DE_PGSUS_ECP;PGSUS.E;2025-11-28;0;0.01;0;0;0;0;0;0;0;0;0;0;152;0;;;;;
2025-11-28;O_PGSUSE1125C230.00;PGSUS_11/2025_AVRUPA_OPSIYON;D_EQ;SSO;D_EQ_ECP;DE_PGSUS_ECP;PGSUS.E;2025-11-28;0;0.01;0;0;0;0;0;0;0;0;0;0;27;0;;;;;
2025-11-28;O_PGSUSE1125C235.00;PGSUS_11/2025_AVRUPA_OPSIYON;D_EQ;SSO;D_EQ_ECP;DE_PGSUS_ECP;PGSUS.E;2025-11-28;0;0.01;0;0;0;0;0;0;0;0;0;0;30;0;;;;;
2025-11-28;O_PGSUSE1125C240.00;PGSUS_11/2025_AVRUPA_OPSIYON;D_EQ;SSO;D_EQ_ECP;DE_PGSUS_ECP;PGSUS.E;2025-11-28;0;0.01;0;0;0;0;0;0;0;0;0;0;95;0;;;;;
2025-11-28;O_PGSUSE1125C245.00;PGSUS_11/2025_AVRUPA_OPSIYON;D_EQ;SSO;D_EQ_ECP;DE_PGSUS_ECP;PGSUS.E;2025-11-28;0;0.01;0;0;0;0;0;0;0;0;0;0;305;0;;;;;
2025-11-28;O_PGSUSE1125C250.00;PGSUS_11/2025_AVRUPA_OPSIYON;D_EQ;SSO;D_EQ_ECP;DE_PGSUS_ECP;PGSUS.E;2025-11-28;0;0.01;0;0;0;0;0;0;0;0;0;0;318;0;;;;;
2025-11-28;O_PGSUSE1125C260.00;PGSUS_11/2025_AVRUPA_OPSIYON;D_EQ;SSO;D_EQ_ECP;DE_PGSUS_ECP;PGSUS.E;2025-11-28;0;0.01;0;0;0;0;0;0;0;0;0;0;0;0;;;;;
2025-11-28;O_PGSUSE1125C270.00;PGSUS_11/2025_AVRUPA_OPSIYON;D_EQ;SSO;D_EQ_ECP;DE_PGSUS_ECP;PGSUS.E;2025-11-28;0;0.01;0;0;0;0;0;0;0;0;0;0;0;0;;;;;
2025-11-28;O_PGSUSE1125C280.00;PGSUS_11/2025_AVRUPA_OPSIYON;D_EQ;SSO;D_EQ_ECP;DE_PGSUS_ECP;PGSUS.E;2025-11-28;0;0.01;0;0;0;0;0;0;0;0;0;0;30;0;;;;;
2025-11-28;O_PGSUSE1125C290.00;PGSUS_11/2025_AVRUPA_OPSIYON;D_EQ;SSO;D_EQ_ECP;DE_PGSUS_ECP;PGSUS.E;2025-11-28;0;0.01;0;0;0;0;0;0;0;0;0;0;0;0;;;;;
2025-11-28;O_PGSUSE1125C300.00;PGSUS_11/2025_AVRUPA_OPSIYON;D_EQ;SSO;D_EQ_ECP;DE_PGSUS_ECP;PGSUS.E;2025-11-28;0;0.01;0;0;0;0;0;0;0;0;0;0;0;0;;;;;
2025-11-28;O_PGSUSE1125C310.00;PGSUS_11/2025_AVRUPA_OPSIYON;D_EQ;SSO;D_EQ_ECP;DE_PGSUS_ECP;PGSUS.E;2025-11-28;0;0.01;0;0;0;0;0;0;0;0;0;0;0;0;;;;;
2025-11-28;O_PGSUSE1125C320.00;PGSUS_11/2025_AVRUPA_OPSIYON;D_EQ;SSO;D_EQ_ECP;DE_PGSUS_ECP;PGSUS.E;2025-11-28;0;0.01;0;0;0;0;0;0;0;0;0;0;0;0;;;;;
2025-11-28;O_PGSUSE1125C330.00;PGSUS_11/2025_AVRUPA_OPSIYON;D_EQ;SSO;D_EQ_ECP;DE_PGSUS_ECP;PGSUS.E;2025-11-28;0;0.01;0;0;0;0;0;0;0;0;0;0;0;0;;;;;
2025-11-28;O_PGSUSE1125P175.00;PGSUS_11/2025_AVRUPA_OPSIYON;D_EQ;SSO;D_EQ_EPP;DE_PGSUS_EPP;PGSUS.E;2025-11-28;0;0.01;0;0;0;0;0;0;0;0;0;0;0;0;;;;;
2025-11-28;O_PGSUSE1125P180.00;PGSUS_11/2025_AVRUPA_OPSIYON;D_EQ;SSO;D_EQ_EPP;DE_PGSUS_EPP;PGSUS.E;2025-11-28;0;0.01;0;0;0;0;0;0;0;0;0;0;0;0;;;;;
2025-11-28;O_PGSUSE1125P185.00;PGSUS_11/2025_AVRUPA_OPSIYON;D_EQ;SSO;D_EQ_EPP;DE_PGSUS_EPP;PGSUS.E;2025-11-28;0;0.01;0;0;0;0;0;0;0;0;0;0;24;0;;;;;
2025-11-28;O_PGSUSE1125P190.00;PGSUS_11/2025_AVRUPA_OPSIYON;D_EQ;SSO;D_EQ_EPP;DE_PGSUS_EPP;PGSUS.E;2025-11-28;0;0.01;0;0;0;0;0;0;0;0;0;0;69;0;;;;;
2025-11-28;O_PGSUSE1125P195.00;PGSUS_11/2025_AVRUPA_OPSIYON;D_EQ;SSO;D_EQ_EPP;DE_PGSUS_EPP;PGSUS.E;2025-11-28;0;0.03;0;0;0;0;0;0;0;0;0;0;11;0;;;;;
2025-11-28;O_PGSUSE1125P200.00;PGSUS_11/2025_AVRUPA_OPSIYON;D_EQ;SSO;D_EQ_EPP;DE_PGSUS_EPP;PGSUS.E;2025-11-28;0;0.49;0;0.2;0.2;0.21;0.21;0.21;60000;62;3;3;1419;-3;;;;;
2025-11-28;O_PGSUSE1125P205.00;PGSUS_11/2025_AVRUPA_OPSIYON;D_EQ;SSO;D_EQ_EPP;DE_PGSUS_EPP;PGSUS.E;2025-11-28;4;2.68;49.25;3.45;2.45;4.04;2.45;2.97;1865500;27045;91;10;1292;-31;;;;;
2025-11-28;O_PGSUSE1125P210.00;PGSUS_11/2025_AVRUPA_OPSIYON;D_EQ;SSO;D_EQ_EPP;DE_PGSUS_EPP;PGSUS.E;2025-11-28;9;6.87;31;8.1;6.48;8.91;8.91;7.56;2142000;77096;102;12;1612;-2;;;;;
2025-11-28;O_PGSUSE1125P215.00;PGSUS_11/2025_AVRUPA_OPSIYON;D_EQ;SSO;D_EQ_EPP;DE_PGSUS_EPP;PGSUS.E;2025-11-28;14;11.78;18.85;0;0;0;0;0;0;0;0;0;432;0;;;;;
2025-11-28;O_PGSUSE1125P220.00;PGSUS_11/2025_AVRUPA_OPSIYON;D_EQ;SSO;D_EQ_EPP;DE_PGSUS_EPP;PGSUS.E;2025-11-28;19;16.77;13.3;0;0;0;0;0;0;0;0;0;70;0;;;;;
2025-11-28;O_PGSUSE1125P225.00;PGSUS_11/2025_AVRUPA_OPSIYON;D_EQ;SSO;D_EQ_EPP;DE_PGSUS_EPP;PGSUS.E;2025-11-28;24;21.77;10.24;0;0;0;0;0;0;0;0;0;25;0;;;;;
2025-11-28;O_PGSUSE1125P230.00;PGSUS_11/2025_AVRUPA_OPSIYON;D_EQ;SSO;D_EQ_EPP;DE_PGSUS_EPP;PGSUS.E;2025-11-28;29;26.76;8.37;0;0;0;0;0;0;0;0;0;837;0;;;;;
2025-11-28;O_PGSUSE1125P235.00;PGSUS_11/2025_AVRUPA_OPSIYON;D_EQ;SSO;D_EQ_EPP;DE_PGSUS_EPP;PGSUS.E;2025-11-28;34;31.76;7.05;0;0;0;0;0;0;0;0;0;58;0;;;;;
2025-11-28;O_PGSUSE1125P240.00;PGSUS_11/2025_AVRUPA_OPSIYON;D_EQ;SSO;D_EQ_EPP;DE_PGSUS_EPP;PGSUS.E;2025-11-28;39;36.75;6.12;0;0;0;0;0;0;0;0;0;84;0;;;;;
2025-11-28;O_PGSUSE1125P245.00;PGSUS_11/2025_AVRUPA_OPSIYON;D_EQ;SSO;D_EQ_EPP;DE_PGSUS_EPP;PGSUS.E;2025-11-28;44;41.75;5.39;0;0;0;0;0;0;0;0;0;50;0;;;;;
2025-11-28;O_PGSUSE1125P250.00;PGSUS_11/2025_AVRUPA_OPSIYON;D_EQ;SSO;D_EQ_EPP;DE_PGSUS_EPP;PGSUS.E;2025-11-28;49;46.74;4.84;47;47;47;47;47;2500000;470000;100;4;40;-70;;;;;
2025-11-28;O_PGSUSE1125P260.00;PGSUS_11/2025_AVRUPA_OPSIYON;D_EQ;SSO;D_EQ_EPP;DE_PGSUS_EPP;PGSUS.E;2025-11-28;59;56.73;4;0;0;0;0;0;0;0;0;0;1;0;;;;;
2025-11-28;O_PGSUSE1125P270.00;PGSUS_11/2025_AVRUPA_OPSIYON;D_EQ;SSO;D_EQ_EPP;DE_PGSUS_EPP;PGSUS.E;2025-11-28;69;66.72;3.42;0;0;0;0;0;0;0;0;0;0;0;;;;;
2025-11-28;O_PGSUSE1125P280.00;PGSUS_11/2025_AVRUPA_OPSIYON;D_EQ;SSO;D_EQ_EPP;DE_PGSUS_EPP;PGSUS.E;2025-11-28;79;76.71;2.99;0;0;0;0;0;0;0;0;0;0;0;;;;;
2025-11-28;O_PGSUSE1225C205.00;PGSUS_12/2025_AVRUPA_OPSIYON;D_EQ;SSO;D_EQ_ECP;DE_PGSUS_ECP;PGSUS.E;2025-12-31;10.7;12.17;-12.08;10.4;10.4;11.3;11.3;10.96;984000;52620;48;5;76;48;;;;;
2025-11-28;O_PGSUSE1225C210.00;PGSUS_12/2025_AVRUPA_OPSIYON;D_EQ;SSO;D_EQ_ECP;DE_PGSUS_ECP;PGSUS.E;2025-12-31;8.34;9.6;-13.13;7.81;7.81;8.7;8.7;8.46;1386000;55810;66;7;96;66;;;;;
2025-11-28;O_PGSUSE1225C215.00;PGSUS_12/2025_AVRUPA_OPSIYON;D_EQ;SSO;D_EQ_ECP;DE_PGSUS_ECP;PGSUS.E;2025-12-31;6.45;7.51;-14.11;6.16;6.16;6.2;6.2;6.19;602000;17320;28;3;56;28;;;;;
2025-11-28;O_PGSUSE1225C220.00;PGSUS_12/2025_AVRUPA_OPSIYON;D_EQ;SSO;D_EQ_ECP;DE_PGSUS_ECP;PGSUS.E;2025-12-31;4.97;5.8;-14.31;4.17;4.17;4.5;4.5;4.38;616000;12270;28;3;0;-28;;;;;
2025-11-28;O_PGSUSE1225C225.00;PGSUS_12/2025_AVRUPA_OPSIYON;D_EQ;SSO;D_EQ_ECP;DE_PGSUS_ECP;PGSUS.E;2025-12-31;3.93;4.59;-14.38;3.2;3.2;3.2;3.2;3.2;225000;3200;10;1;20;10;;;;;
2025-11-28;O_PGSUSE1225C230.00;PGSUS_12/2025_AVRUPA_OPSIYON;D_EQ;SSO;D_EQ_ECP;DE_PGSUS_ECP;PGSUS.E;2025-12-31;3.12;3.67;-14.99;0;0;0;0;0;0;0;0;0;0;0;;;;;
2025-11-28;O_PGSUSE1225C235.00;PGSUS_12/2025_AVRUPA_OPSIYON;D_EQ;SSO;D_EQ_ECP;DE_PGSUS_ECP;PGSUS.E;2025-12-31;2.49;2.94;-15.31;0;0;0;0;0;0;0;0;0;0;0;;;;;
2025-11-28;O_PGSUSE1225C240.00;PGSUS_12/2025_AVRUPA_OPSIYON;D_EQ;SSO;D_EQ_ECP;DE_PGSUS_ECP;PGSUS.E;2025-12-31;2;2.37;-15.61;0;0;0;0;0;0;0;0;0;0;0;;;;;
2025-11-28;O_PGSUSE1225C245.00;PGSUS_12/2025_AVRUPA_OPSIYON;D_EQ;SSO;D_EQ_ECP;DE_PGSUS_ECP;PGSUS.E;2025-12-31;1.61;1.93;-16.58;0;0;0;0;0;0;0;0;0;5;0;;;;;
2025-11-28;O_PGSUSE1225C250.00;PGSUS_12/2025_AVRUPA_OPSIYON;D_EQ;SSO;D_EQ_ECP;DE_PGSUS_ECP;PGSUS.E;2025-12-31;1.31;1.57;-16.56;0;0;0;0;0;0;0;0;0;18;0;;;;;
2025-11-28;O_PGSUSE1225C260.00;PGSUS_12/2025_AVRUPA_OPSIYON;D_EQ;SSO;D_EQ_ECP;DE_PGSUS_ECP;PGSUS.E;2025-12-31;0.89;1.08;-17.59;0;0;0;0;0;0;0;0;0;4;0;;;;;
2025-11-28;O_PGSUSE1225C270.00;PGSUS_12/2025_AVRUPA_OPSIYON;D_EQ;SSO;D_EQ_ECP;DE_PGSUS_ECP;PGSUS.E;2025-12-31;0.63;0.76;-17.11;0;0;0;0;0;0;0;0;0;0;0;;;;;
2025-11-28;O_PGSUSE1225C280.00;PGSUS_12/2025_AVRUPA_OPSIYON;D_EQ;SSO;D_EQ_ECP;DE_PGSUS_ECP;PGSUS.E;2025-12-31;0.46;0.56;-17.86;0;0;0;0;0;0;0;0;0;0;0;;;;;
2025-11-28;O_PGSUSE1225C290.00;PGSUS_12/2025_AVRUPA_OPSIYON;D_EQ;SSO;D_EQ_ECP;DE_PGSUS_ECP;PGSUS.E;2025-12-31;0.34;0.42;-19.05;0;0;0;0;0;0;0;0;0;0;0;;;;;
2025-11-28;O_PGSUSE1225C300.00;PGSUS_12/2025_AVRUPA_OPSIYON;D_EQ;SSO;D_EQ_ECP;DE_PGSUS_ECP;PGSUS.E;2025-12-31;0.27;0.33;-18.18;0;0;0;0;0;0;0;0;0;0;0;;;;;
2025-11-28;O_PGSUSE1225P180.00;PGSUS_12/2025_AVRUPA_OPSIYON;D_EQ;SSO;D_EQ_EPP;DE_PGSUS_EPP;PGSUS.E;2025-12-31;1.57;1.46;7.53;0;0;0;0;0;0;0;0;0;0;0;;;;;
2025-11-28;O_PGSUSE1225P185.00;PGSUS_12/2025_AVRUPA_OPSIYON;D_EQ;SSO;D_EQ_EPP;DE_PGSUS_EPP;PGSUS.E;2025-12-31;2.22;2.05;8.29;0;0;0;0;0;0;0;0;0;0;0;;;;;
2025-11-28;O_PGSUSE1225P190.00;PGSUS_12/2025_AVRUPA_OPSIYON;D_EQ;SSO;D_EQ_EPP;DE_PGSUS_EPP;PGSUS.E;2025-12-31;3.09;2.84;8.8;0;0;0;0;0;0;0;0;0;50;0;;;;;
2025-11-28;O_PGSUSE1225P195.00;PGSUS_12/2025_AVRUPA_OPSIYON;D_EQ;SSO;D_EQ_EPP;DE_PGSUS_EPP;PGSUS.E;2025-12-31;4.22;3.87;9.04;3.3;3.3;3.3;3.3;3.3;390000;6600;20;2;20;20;;;;;
2025-11-28;O_PGSUSE1225P200.00;PGSUS_12/2025_AVRUPA_OPSIYON;D_EQ;SSO;D_EQ_EPP;DE_PGSUS_EPP;PGSUS.E;2025-12-31;5.75;5.18;11;4.36;4.36;5.22;5.22;4.62;620000;14337;31;6;30;30;;;;;
2025-11-28;O_PGSUSE1225P205.00;PGSUS_12/2025_AVRUPA_OPSIYON;D_EQ;SSO;D_EQ_EPP;DE_PGSUS_EPP;PGSUS.E;2025-12-31;7.78;7.04;10.51;6.46;6.4;6.6;6.4;6.52;430500;13700;21;3;331;21;;;;;
2025-11-28;O_PGSUSE1225P210.00;PGSUS_12/2025_AVRUPA_OPSIYON;D_EQ;SSO;D_EQ_EPP;DE_PGSUS_EPP;PGSUS.E;2025-12-31;10.25;9.29;10.33;7.87;7.87;9.52;9.52;8.88;588000;24862;28;8;27;26;;;;;
2025-11-28;O_PGSUSE1225P215.00;PGSUS_12/2025_AVRUPA_OPSIYON;D_EQ;SSO;D_EQ_EPP;DE_PGSUS_EPP;PGSUS.E;2025-12-31;13.18;12.04;9.47;11.44;11.44;11.44;11.44;11.44;215000;11440;10;1;20;10;;;;;
2025-11-28;O_PGSUSE1225P220.00;PGSUS_12/2025_AVRUPA_OPSIYON;D_EQ;SSO;D_EQ_EPP;DE_PGSUS_EPP;PGSUS.E;2025-12-31;16.54;15.15;9.17;0;0;0;0;0;0;0;0;0;40;0;;;;;
2025-11-28;O_PGSUSE1225P225.00;PGSUS_12/2025_AVRUPA_OPSIYON;D_EQ;SSO;D_EQ_EPP;DE_PGSUS_EPP;PGSUS.E;2025-12-31;20.33;18.77;8.31;18.15;18.15;18.15;18.15;18.15;225000;18150;10;1;100;0;;;;;
2025-11-28;O_PGSUSE1225P230.00;PGSUS_12/2025_AVRUPA_OPSIYON;D_EQ;SSO;D_EQ_EPP;DE_PGSUS_EPP;PGSUS.E;2025-12-31;24.35;22.67;7.41;0;0;0;0;0;0;0;0;0;50;0;;;;;
2025-11-28;O_PGSUSE1225P235.00;PGSUS_12/2025_AVRUPA_OPSIYON;D_EQ;SSO;D_EQ_EPP;DE_PGSUS_EPP;PGSUS.E;2025-12-31;28.55;26.77;6.65;0;0;0;0;0;0;0;0;0;0;0;;;;;
2025-11-28;O_PGSUSE1225P240.00;PGSUS_12/2025_AVRUPA_OPSIYON;D_EQ;SSO;D_EQ_EPP;DE_PGSUS_EPP;PGSUS.E;2025-12-31;32.89;31.03;5.99;0;0;0;0;0;0;0;0;0;0;0;;;;;
2025-11-28;O_PGSUSE1225P245.00;PGSUS_12/2025_AVRUPA_OPSIYON;D_EQ;SSO;D_EQ_EPP;DE_PGSUS_EPP;PGSUS.E;2025-12-31;37.34;35.4;5.48;0;0;0;0;0;0;0;0;0;90;0;;;;;
2025-11-28;O_PGSUSE1225P250.00;PGSUS_12/2025_AVRUPA_OPSIYON;D_EQ;SSO;D_EQ_EPP;DE_PGSUS_EPP;PGSUS.E;2025-12-31;41.87;39.88;4.99;0;0;0;0;0;0;0;0;0;0;0;;;;;
2025-11-28;O_P_USDTRYKE1125C42500;FIZ. USDTRY_11/2025_AVRUPA_OPSIYON;D_CR;PCO;D_CR_ECP;DE_USDTRYKP_ECP;USDTRYKP.CX;2025-11-28;0;54.7;0;0;0;0;0;0;0;0;0;0;0;0;;;;;
2025-11-28;O_P_USDTRYKE1125C43000;FIZ. USDTRY_11/2025_AVRUPA_OPSIYON;D_CR;PCO;D_CR_ECP;DE_USDTRYKP_ECP;USDTRYKP.CX;2025-11-28;0;5.4;0;0;0;0;0;0;0;0;0;0;0;0;;;;;
2025-11-28;O_P_USDTRYKE1125C43500;FIZ. USDTRY_11/2025_AVRUPA_OPSIYON;D_CR;PCO;D_CR_ECP;DE_USDTRYKP_ECP;USDTRYKP.CX;2025-11-28;0;0.7;0;0;0;0;0;0;0;0;0;0;0;0;;;;;
2025-11-28;O_P_USDTRYKE1125P42500;FIZ. USDTRY_11/2025_AVRUPA_OPSIYON;D_CR;PCO;D_CR_EPP;DE_USDTRYKP_EPP;USDTRYKP.CX;2025-11-28;107;115.3;-7.2;0;0;0;0;0;0;0;0;0;0;0;;;;;
2025-11-28;O_P_USDTRYKE1125P43000;FIZ. USDTRY_11/2025_AVRUPA_OPSIYON;D_CR;PCO;D_CR_EPP;DE_USDTRYKP_EPP;USDTRYKP.CX;2025-11-28;607;565.5;7.34;0;0;0;0;0;0;0;0;0;0;0;;;;;
2025-11-28;O_P_USDTRYKE1125P43500;FIZ. USDTRY_11/2025_AVRUPA_OPSIYON;D_CR;PCO;D_CR_EPP;DE_USDTRYKP_EPP;USDTRYKP.CX;2025-11-28;1107;1060.4;4.39;0;0;0;0;0;0;0;0;0;0;0;;;;;
2025-11-28;O_P_USDTRYKE1225C43500;FIZ. USDTRY_12/2025_AVRUPA_OPSIYON;D_CR;PCO;D_CR_ECP;DE_USDTRYKP_ECP;USDTRYKP.CX;2025-12-31;447.7;506;-11.52;0;0;0;0;0;0;0;0;0;0;0;;;;;
2025-11-28;O_P_USDTRYKE1225C44000;FIZ. USDTRY_12/2025_AVRUPA_OPSIYON;D_CR;PCO;D_CR_ECP;DE_USDTRYKP_ECP;USDTRYKP.CX;2025-12-31;293;345.1;-15.1;0;0;0;0;0;0;0;0;0;0;0;;;;;
2025-11-28;O_P_USDTRYKE1225P43500;FIZ. USDTRY_12/2025_AVRUPA_OPSIYON;D_CR;PCO;D_CR_EPP;DE_USDTRYKP_EPP;USDTRYKP.CX;2025-12-31;276;288.1;-4.2;0;0;0;0;0;0;0;0;0;0;0;;;;;
2025-11-28;O_P_USDTRYKE1225P44000;FIZ. USDTRY_12/2025_AVRUPA_OPSIYON;D_CR;PCO;D_CR_EPP;DE_USDTRYKP_EPP;USDTRYKP.CX;2025-12-31;606.6;612.2;-0.91;0;0;0;0;0;0;0;0;0;0;0;;;;;
2025-11-28;O_SAHOLE0126C100.00;SAHOL_01/2026_AVRUPA_OPSIYON;D_EQ;SSO;D_EQ_ECP;DE_SAHOL_ECP;SAHOL.E;2026-01-30;2.52;2.59;-2.7;0;0;0;0;0;0;0;0;0;0;0;;;;;
2025-11-28;O_SAHOLE0126C105.00;SAHOL_01/2026_AVRUPA_OPSIYON;D_EQ;SSO;D_EQ_ECP;DE_SAHOL_ECP;SAHOL.E;2026-01-30;1.63;1.69;-3.55;0;0;0;0;0;0;0;0;0;0;0;;;;;
2025-11-28;O_SAHOLE0126C78.00;SAHOL_01/2026_AVRUPA_OPSIYON;D_EQ;SSO;D_EQ_ECP;DE_SAHOL_ECP;SAHOL.E;2026-01-30;11.93;12.03;-0.83;0;0;0;0;0;0;0;0;0;0;0;;;;;
2025-11-28;O_SAHOLE0126C80.00;SAHOL_01/2026_AVRUPA_OPSIYON;D_EQ;SSO;D_EQ_ECP;DE_SAHOL_ECP;SAHOL.E;2026-01-30;10.63;10.74;-1.02;0;0;0;0;0;0;0;0;0;0;0;;;;;
2025-11-28;O_SAHOLE0126C82.00;SAHOL_01/2026_AVRUPA_OPSIYON;D_EQ;SSO;D_EQ_ECP;DE_SAHOL_ECP;SAHOL.E;2026-01-30;9.43;9.53;-1.05;0;0;0;0;0;0;0;0;0;0;0;;;;;
2025-11-28;O_SAHOLE0126C84.00;SAHOL_01/2026_AVRUPA_OPSIYON;D_EQ;SSO;D_EQ_ECP;DE_SAHOL_ECP;SAHOL.E;2026-01-30;8.31;8.41;-1.19;0;0;0;0;0;0;0;0;0;0;0;;;;;
2025-11-28;O_SAHOLE0126C86.00;SAHOL_01/2026_AVRUPA_OPSIYON;D_EQ;SSO;D_EQ_ECP;DE_SAHOL_ECP;SAHOL.E;2026-01-30;7.29;7.39;-1.35;0;0;0;0;0;0;0;0;0;0;0;;;;;
2025-11-28;O_SAHOLE0126C88.00;SAHOL_01/2026_AVRUPA_OPSIYON;D_EQ;SSO;D_EQ_ECP;DE_SAHOL_ECP;SAHOL.E;2026-01-30;6.36;6.46;-1.55;0;0;0;0;0;0;0;0;0;0;0;;;;;
2025-11-28;O_SAHOLE0126C90.00;SAHOL_01/2026_AVRUPA_OPSIYON;D_EQ;SSO;D_EQ_ECP;DE_SAHOL_ECP;SAHOL.E;2026-01-30;5.52;5.61;-1.6;0;0;0;0;0;0;0;0;0;0;0;;;;;
2025-11-28;O_SAHOLE0126C92.00;SAHOL_01/2026_AVRUPA_OPSIYON;D_EQ;SSO;D_EQ_ECP;DE_SAHOL_ECP;SAHOL.E;2026-01-30;4.76;4.85;-1.86;0;0;0;0;0;0;0;0;0;0;0;;;;;
2025-11-28;O_SAHOLE0126C94.00;SAHOL_01/2026_AVRUPA_OPSIYON;D_EQ;SSO;D_EQ_ECP;DE_SAHOL_ECP;SAHOL.E;2026-01-30;4.09;4.18;-2.15;0;0;0;0;0;0;0;0;0;0;0;;;;;
2025-11-28;O_SAHOLE0126C96.00;SAHOL_01/2026_AVRUPA_OPSIYON;D_EQ;SSO;D_EQ_ECP;DE_SAHOL_ECP;SAHOL.E;2026-01-30;3.5;3.58;-2.23;0;0;0;0;0;0;0;0;0;0;0;;;;;
2025-11-28;O_SAHOLE0126C98.00;SAHOL_01/2026_AVRUPA_OPSIYON;D_EQ;SSO;D_EQ_ECP;DE_SAHOL_ECP;SAHOL.E;2026-01-30;2.98;3.05;-2.3;0;0;0;0;0;0;0;0;0;0;0;;;;;
2025-11-28;O_SAHOLE0126P68.00;SAHOL_01/2026_AVRUPA_OPSIYON;D_EQ;SSO;D_EQ_EPP;DE_SAHOL_EPP;SAHOL.E;2026-01-30;0.46;0.47;-2.13;0;0;0;0;0;0;0;0;0;0;0;;;;;
2025-11-28;O_SAHOLE0126P70.00;SAHOL_01/2026_AVRUPA_OPSIYON;D_EQ;SSO;D_EQ_EPP;DE_SAHOL_EPP;SAHOL.E;2026-01-30;0.65;0.66;-1.52;0;0;0;0;0;0;0;0;0;0;0;;;;;
2025-11-28;O_SAHOLE0126P72.00;SAHOL_01/2026_AVRUPA_OPSIYON;D_EQ;SSO;D_EQ_EPP;DE_SAHOL_EPP;SAHOL.E;2026-01-30;0.9;0.91;-1.1;0;0;0;0;0;0;0;0;0;0;0;;;;;
2025-11-28;O_SAHOLE0126P76.00;SAHOL_01/2026_AVRUPA_OPSIYON;D_EQ;SSO;D_EQ_EPP;DE_SAHOL_EPP;SAHOL.E;2026-01-30;1.61;1.62;-0.62;0;0;0;0;0;0;0;0;0;0;0;;;;;
2025-11-28;O_SAHOLE0126P78.00;SAHOL_01/2026_AVRUPA_OPSIYON;D_EQ;SSO;D_EQ_EPP;DE_SAHOL_EPP;SAHOL.E;2026-01-30;2.07;2.09;-0.96;0;0;0;0;0;0;0;0;0;0;0;;;;;
2025-11-28;O_SAHOLE0126P80.00;SAHOL_01/2026_AVRUPA_OPSIYON;D_EQ;SSO;D_EQ_EPP;DE_SAHOL_EPP;SAHOL.E;2026-01-30;2.63;2.64;-0.38;0;0;0;0;0;0;0;0;0;0;0;;;;;
2025-11-28;O_SAHOLE0126P82.00;SAHOL_01/2026_AVRUPA_OPSIYON;D_EQ;SSO;D_EQ_EPP;DE_SAHOL_EPP;SAHOL.E;2026-01-30;3.27;3.28;-0.3;0;0;0;0;0;0;0;0;0;0;0;;;;;
2025-11-28;O_SAHOLE0126P84.00;SAHOL_01/2026_AVRUPA_OPSIYON;D_EQ;SSO;D_EQ_EPP;DE_SAHOL_EPP;SAHOL.E;2026-01-30;4;4;0;3.5;3.5;3.5;3.5;3.5;8400;350;1;1;1;1;;;;;
2025-11-28;O_SAHOLE0126P86.00;SAHOL_01/2026_AVRUPA_OPSIYON;D_EQ;SSO;D_EQ_EPP;DE_SAHOL_EPP;SAHOL.E;2026-01-30;4.82;4.83;-0.21;0;0;0;0;0;0;0;0;0;0;0;;;;;
2025-11-28;O_SAHOLE0126P88.00;SAHOL_01/2026_AVRUPA_OPSIYON;D_EQ;SSO;D_EQ_EPP;DE_SAHOL_EPP;SAHOL.E;2026-01-30;5.74;5.74;0;0;0;0;0;0;0;0;0;0;0;0;;;;;
2025-11-28;O_SAHOLE0126P90.00;SAHOL_01/2026_AVRUPA_OPSIYON;D_EQ;SSO;D_EQ_EPP;DE_SAHOL_EPP;SAHOL.E;2026-01-30;6.75;6.74;0.15;0;0;0;0;0;0;0;0;0;0;0;;;;;
2025-11-28;O_SAHOLE0126P92.00;SAHOL_01/2026_AVRUPA_OPSIYON;D_EQ;SSO;D_EQ_EPP;DE_SAHOL_EPP;SAHOL.E;2026-01-30;7.84;7.83;0.13;0;0;0;0;0;0;0;0;0;0;0;;;;;
2025-11-28;O_SAHOLE1125C100.00;SAHOL_11/2025_AVRUPA_OPSIYON;D_EQ;SSO;D_EQ_ECP;DE_SAHOL_ECP;SAHOL.E;2025-11-28;0;0.01;0;0;0;0;0;0;0;0;0;0;1219;0;;;;;
2025-11-28;O_SAHOLE1125C105.00;SAHOL_11/2025_AVRUPA_OPSIYON;D_EQ;SSO;D_EQ_ECP;DE_SAHOL_ECP;SAHOL.E;2025-11-28;0;0.01;0;0;0;0;0;0;0;0;0;0;868;0;;;;;
2025-11-28;O_SAHOLE1125C110.00;SAHOL_11/2025_AVRUPA_OPSIYON;D_EQ;SSO;D_EQ_ECP;DE_SAHOL_ECP;SAHOL.E;2025-11-28;0;0.01;0;0;0;0;0;0;0;0;0;0;200;0;;;;;
2025-11-28;O_SAHOLE1125C115.00;SAHOL_11/2025_AVRUPA_OPSIYON;D_EQ;SSO;D_EQ_ECP;DE_SAHOL_ECP;SAHOL.E;2025-11-28;0;0.01;0;0;0;0;0;0;0;0;0;0;0;0;;;;;
2025-11-28;O_SAHOLE1125C120.00;SAHOL_11/2025_AVRUPA_OPSIYON;D_EQ;SSO;D_EQ_ECP;DE_SAHOL_ECP;SAHOL.E;2025-11-28;0;0.01;0;0;0;0;0;0;0;0;0;0;0;0;;;;;
2025-11-28;O_SAHOLE1125C125.00;SAHOL_11/2025_AVRUPA_OPSIYON;D_EQ;SSO;D_EQ_ECP;DE_SAHOL_ECP;SAHOL.E;2025-11-28;0;0.01;0;0;0;0;0;0;0;0;0;0;1;0;;;;;
2025-11-28;O_SAHOLE1125C130.00;SAHOL_11/2025_AVRUPA_OPSIYON;D_EQ;SSO;D_EQ_ECP;DE_SAHOL_ECP;SAHOL.E;2025-11-28;0;0.01;0;0;0;0;0;0;0;0;0;0;0;0;;;;;
2025-11-28;O_SAHOLE1125C135.00;SAHOL_11/2025_AVRUPA_OPSIYON;D_EQ;SSO;D_EQ_ECP;DE_SAHOL_ECP;SAHOL.E;2025-11-28;0;0.01;0;0;0;0;0;0;0;0;0;0;0;0;;;;;
2025-11-28;O_SAHOLE1125C74.00;SAHOL_11/2025_AVRUPA_OPSIYON;D_EQ;SSO;D_EQ_ECP;DE_SAHOL_ECP;SAHOL.E;2025-11-28;7.9;7.98;-1;0;0;0;0;0;0;0;0;0;0;0;;;;;
2025-11-28;O_SAHOLE1125C76.00;SAHOL_11/2025_AVRUPA_OPSIYON;D_EQ;SSO;D_EQ_ECP;DE_SAHOL_ECP;SAHOL.E;2025-11-28;5.9;5.98;-1.34;0;0;0;0;0;0;0;0;0;300;0;;;;;
2025-11-28;O_SAHOLE1125C78.00;SAHOL_11/2025_AVRUPA_OPSIYON;D_EQ;SSO;D_EQ_ECP;DE_SAHOL_ECP;SAHOL.E;2025-11-28;3.9;3.99;-2.26;4.01;3.5;4.15;3.5;3.98;132600;6759;17;8;195;7;;;;;
2025-11-28;O_SAHOLE1125C80.00;SAHOL_11/2025_AVRUPA_OPSIYON;D_EQ;SSO;D_EQ_ECP;DE_SAHOL_ECP;SAHOL.E;2025-11-28;1.9;2.13;-10.8;0;0;0;0;0;0;0;0;0;167;0;;;;;
2025-11-28;O_SAHOLE1125C82.00;SAHOL_11/2025_AVRUPA_OPSIYON;D_EQ;SSO;D_EQ_ECP;DE_SAHOL_ECP;SAHOL.E;2025-11-28;0;0.76;0;0.15;0.1;0.17;0.1;0.11;2041800;2820;249;14;1270;0;;;;;
2025-11-28;O_SAHOLE1125C84.00;SAHOL_11/2025_AVRUPA_OPSIYON;D_EQ;SSO;D_EQ_ECP;DE_SAHOL_ECP;SAHOL.E;2025-11-28;0;0.15;0;0;0;0;0;0;0;0;0;0;3012;0;;;;;
2025-11-28;O_SAHOLE1125C86.00;SAHOL_11/2025_AVRUPA_OPSIYON;D_EQ;SSO;D_EQ_ECP;DE_SAHOL_ECP;SAHOL.E;2025-11-28;0;0.02;0;0;0;0;0;0;0;0;0;0;1836;0;;;;;
2025-11-28;O_SAHOLE1125C88.00;SAHOL_11/2025_AVRUPA_OPSIYON;D_EQ;SSO;D_EQ_ECP;DE_SAHOL_ECP;SAHOL.E;2025-11-28;0;0.01;0;0;0;0;0;0;0;0;0;0;800;0;;;;;
2025-11-28;O_SAHOLE1125C90.00;SAHOL_11/2025_AVRUPA_OPSIYON;D_EQ;SSO;D_EQ_ECP;DE_SAHOL_ECP;SAHOL.E;2025-11-28;0;0.01;0;0;0;0;0;0;0;0;0;0;1000;0;;;;;
2025-11-28;O_SAHOLE1125C92.00;SAHOL_11/2025_AVRUPA_OPSIYON;D_EQ;SSO;D_EQ_ECP;DE_SAHOL_ECP;SAHOL.E;2025-11-28;0;0.01;0;0;0;0;0;0;0;0;0;0;1000;0;;;;;
2025-11-28;O_SAHOLE1125C94.00;SAHOL_11/2025_AVRUPA_OPSIYON;D_EQ;SSO;D_EQ_ECP;DE_SAHOL_ECP;SAHOL.E;2025-11-28;0;0.01;0;0;0;0;0;0;0;0;0;0;4522;0;;;;;
2025-11-28;O_SAHOLE1125C96.00;SAHOL_11/2025_AVRUPA_OPSIYON;D_EQ;SSO;D_EQ_ECP;DE_SAHOL_ECP;SAHOL.E;2025-11-28;0;0.01;0;0;0;0;0;0;0;0;0;0;4921;0;;;;;
2025-11-28;O_SAHOLE1125C98.00;SAHOL_11/2025_AVRUPA_OPSIYON;D_EQ;SSO;D_EQ_ECP;DE_SAHOL_ECP;SAHOL.E;2025-11-28;0;0.01;0;0;0;0;0;0;0;0;0;0;1794;0;;;;;
2025-11-28;O_SAHOLE1125P100.00;SAHOL_11/2025_AVRUPA_OPSIYON;D_EQ;SSO;D_EQ_EPP;DE_SAHOL_EPP;SAHOL.E;2025-11-28;18.1;18;0.56;0;0;0;0;0;0;0;0;0;0;0;;;;;
2025-11-28;O_SAHOLE1125P105.00;SAHOL_11/2025_AVRUPA_OPSIYON;D_EQ;SSO;D_EQ_EPP;DE_SAHOL_EPP;SAHOL.E;2025-11-28;23.1;22.99;0.48;0;0;0;0;0;0;0;0;0;0;0;;;;;
2025-11-28;O_SAHOLE1125P110.00;SAHOL_11/2025_AVRUPA_OPSIYON;D_EQ;SSO;D_EQ_EPP;DE_SAHOL_EPP;SAHOL.E;2025-11-28;28.1;27.99;0.39;0;0;0;0;0;0;0;0;0;0;0;;;;;
2025-11-28;O_SAHOLE1125P64.00;SAHOL_11/2025_AVRUPA_OPSIYON;D_EQ;SSO;D_EQ_EPP;DE_SAHOL_EPP;SAHOL.E;2025-11-28;0;0.01;0;0;0;0;0;0;0;0;0;0;0;0;;;;;
2025-11-28;O_SAHOLE1125P66.00;SAHOL_11/2025_AVRUPA_OPSIYON;D_EQ;SSO;D_EQ_EPP;DE_SAHOL_EPP;SAHOL.E;2025-11-28;0;0.01;0;0;0;0;0;0;0;0;0;0;0;0;;;;;
2025-11-28;O_SAHOLE1125P68.00;SAHOL_11/2025_AVRUPA_OPSIYON;D_EQ;SSO;D_EQ_EPP;DE_SAHOL_EPP;SAHOL.E;2025-11-28;0;0.01;0;0;0;0;0;0;0;0;0;0;10;0;;;;;
2025-11-28;O_SAHOLE1125P70.00;SAHOL_11/2025_AVRUPA_OPSIYON;D_EQ;SSO;D_EQ_EPP;DE_SAHOL_EPP;SAHOL.E;2025-11-28;0;0.01;0;0;0;0;0;0;0;0;0;0;110;0;;;;;
2025-11-28;O_SAHOLE1125P72.00;SAHOL_11/2025_AVRUPA_OPSIYON;D_EQ;SSO;D_EQ_EPP;DE_SAHOL_EPP;SAHOL.E;2025-11-28;0;0.01;0;0;0;0;0;0;0;0;0;0;10;0;;;;;
2025-11-28;O_SAHOLE1125P74.00;SAHOL_11/2025_AVRUPA_OPSIYON;D_EQ;SSO;D_EQ_EPP;DE_SAHOL_EPP;SAHOL.E;2025-11-28;0;0.01;0;0;0;0;0;0;0;0;0;0;1949;0;;;;;
2025-11-28;O_SAHOLE1125P76.00;SAHOL_11/2025_AVRUPA_OPSIYON;D_EQ;SSO;D_EQ_EPP;DE_SAHOL_EPP;SAHOL.E;2025-11-28;0;0.01;0;0;0;0;0;0;0;0;0;0;4899;0;;;;;
2025-11-28;O_SAHOLE1125P78.00;SAHOL_11/2025_AVRUPA_OPSIYON;D_EQ;SSO;D_EQ_EPP;DE_SAHOL_EPP;SAHOL.E;2025-11-28;0;0.01;0;0;0;0;0;0;0;0;0;0;8490;0;;;;;
2025-11-28;O_SAHOLE1125P80.00;SAHOL_11/2025_AVRUPA_OPSIYON;D_EQ;SSO;D_EQ_EPP;DE_SAHOL_EPP;SAHOL.E;2025-11-28;0;0.14;0;0;0;0;0;0;0;0;0;0;1664;0;;;;;
2025-11-28;O_SAHOLE1125P82.00;SAHOL_11/2025_AVRUPA_OPSIYON;D_EQ;SSO;D_EQ_EPP;DE_SAHOL_EPP;SAHOL.E;2025-11-28;0.1;0.77;-87.01;0;0;0;0;0;0;0;0;0;1801;0;;;;;
2025-11-28;O_SAHOLE1125P84.00;SAHOL_11/2025_AVRUPA_OPSIYON;D_EQ;SSO;D_EQ_EPP;DE_SAHOL_EPP;SAHOL.E;2025-11-28;2.1;2.16;-2.78;0;0;0;0;0;0;0;0;0;1398;0;;;;;
2025-11-28;O_SAHOLE1125P86.00;SAHOL_11/2025_AVRUPA_OPSIYON;D_EQ;SSO;D_EQ_EPP;DE_SAHOL_EPP;SAHOL.E;2025-11-28;4.1;4.03;1.74;0;0;0;0;0;0;0;0;0;505;0;;;;;
2025-11-28;O_SAHOLE1125P88.00;SAHOL_11/2025_AVRUPA_OPSIYON;D_EQ;SSO;D_EQ_EPP;DE_SAHOL_EPP;SAHOL.E;2025-11-28;6.1;6.01;1.5;0;0;0;0;0;0;0;0;0;68;0;;;;;
2025-11-28;O_SAHOLE1125P90.00;SAHOL_11/2025_AVRUPA_OPSIYON;D_EQ;SSO;D_EQ_EPP;DE_SAHOL_EPP;SAHOL.E;2025-11-28;8.1;8.01;1.12;0;0;0;0;0;0;0;0;0;0;0;;;;;
2025-11-28;O_SAHOLE1125P92.00;SAHOL_11/2025_AVRUPA_OPSIYON;D_EQ;SSO;D_EQ_EPP;DE_SAHOL_EPP;SAHOL.E;2025-11-28;10.1;10;1;0;0;0;0;0;0;0;0;0;0;0;;;;;
2025-11-28;O_SAHOLE1125P94.00;SAHOL_11/2025_AVRUPA_OPSIYON;D_EQ;SSO;D_EQ_EPP;DE_SAHOL_EPP;SAHOL.E;2025-11-28;12.1;12;0.83;0;0;0;0;0;0;0;0;0;0;0;;;;;
2025-11-28;O_SAHOLE1125P96.00;SAHOL_11/2025_AVRUPA_OPSIYON;D_EQ;SSO;D_EQ_EPP;DE_SAHOL_EPP;SAHOL.E;2025-11-28;14.1;14;0.71;0;0;0;0;0;0;0;0;0;0;0;;;;;
2025-11-28;O_SAHOLE1125P98.00;SAHOL_11/2025_AVRUPA_OPSIYON;D_EQ;SSO;D_EQ_EPP;DE_SAHOL_EPP;SAHOL.E;2025-11-28;16.1;16;0.63;0;0;0;0;0;0;0;0;0;68;0;;;;;
2025-11-28;O_SAHOLE1225C100.00;SAHOL_12/2025_AVRUPA_OPSIYON;D_EQ;SSO;D_EQ_ECP;DE_SAHOL_ECP;SAHOL.E;2025-12-31;0.63;0.68;-7.35;0;0;0;0;0;0;0;0;0;210;0;;;;;
2025-11-28;O_SAHOLE1225C105.00;SAHOL_12/2025_AVRUPA_OPSIYON;D_EQ;SSO;D_EQ_ECP;DE_SAHOL_ECP;SAHOL.E;2025-12-31;0.29;0.32;-9.38;0;0;0;0;0;0;0;0;0;125;0;;;;;
2025-11-28;O_SAHOLE1225C110.00;SAHOL_12/2025_AVRUPA_OPSIYON;D_EQ;SSO;D_EQ_ECP;DE_SAHOL_ECP;SAHOL.E;2025-12-31;0.13;0.14;-7.14;0;0;0;0;0;0;0;0;0;0;0;;;;;
2025-11-28;O_SAHOLE1225C115.00;SAHOL_12/2025_AVRUPA_OPSIYON;D_EQ;SSO;D_EQ_ECP;DE_SAHOL_ECP;SAHOL.E;2025-12-31;0.05;0.06;-16.67;0;0;0;0;0;0;0;0;0;0;0;;;;;
2025-11-28;O_SAHOLE1225C120.00;SAHOL_12/2025_AVRUPA_OPSIYON;D_EQ;SSO;D_EQ_ECP;DE_SAHOL_ECP;SAHOL.E;2025-12-31;0.02;0.02;0;0;0;0;0;0;0;0;0;0;0;0;;;;;
2025-11-28;O_SAHOLE1225C76.00;SAHOL_12/2025_AVRUPA_OPSIYON;D_EQ;SSO;D_EQ_ECP;DE_SAHOL_ECP;SAHOL.E;2025-12-31;9.7;9.8;-1.02;0;0;0;0;0;0;0;0;0;0;0;;;;;
2025-11-28;O_SAHOLE1225C78.00;SAHOL_12/2025_AVRUPA_OPSIYON;D_EQ;SSO;D_EQ_ECP;DE_SAHOL_ECP;SAHOL.E;2025-12-31;8.26;8.37;-1.31;7.74;7.72;7.74;7.72;7.72;764400;75696;98;10;98;98;;;;;
2025-11-28;O_SAHOLE1225C80.00;SAHOL_12/2025_AVRUPA_OPSIYON;D_EQ;SSO;D_EQ_ECP;DE_SAHOL_ECP;SAHOL.E;2025-12-31;6.96;7.07;-1.56;6.24;6.2;6.24;6.2;6.21;560000;43480;70;7;20;-30;;;;;
2025-11-28;O_SAHOLE1225C82.00;SAHOL_12/2025_AVRUPA_OPSIYON;D_EQ;SSO;D_EQ_ECP;DE_SAHOL_ECP;SAHOL.E;2025-12-31;5.79;5.9;-1.86;4.88;4.86;4.88;4.86;4.87;328000;19480;40;4;10;-20;;;;;
2025-11-28;O_SAHOLE1225C84.00;SAHOL_12/2025_AVRUPA_OPSIYON;D_EQ;SSO;D_EQ_ECP;DE_SAHOL_ECP;SAHOL.E;2025-12-31;4.75;4.86;-2.26;3.7;3.7;3.7;3.7;3.7;672000;29600;80;8;70;60;;;;;
2025-11-28;O_SAHOLE1225C86.00;SAHOL_12/2025_AVRUPA_OPSIYON;D_EQ;SSO;D_EQ_ECP;DE_SAHOL_ECP;SAHOL.E;2025-12-31;3.85;3.96;-2.78;0;0;0;0;0;0;0;0;0;1000;0;;;;;
2025-11-28;O_SAHOLE1225C88.00;SAHOL_12/2025_AVRUPA_OPSIYON;D_EQ;SSO;D_EQ_ECP;DE_SAHOL_ECP;SAHOL.E;2025-12-31;3.09;3.19;-3.13;0;0;0;0;0;0;0;0;0;1000;0;;;;;
2025-11-28;O_SAHOLE1225C90.00;SAHOL_12/2025_AVRUPA_OPSIYON;D_EQ;SSO;D_EQ_ECP;DE_SAHOL_ECP;SAHOL.E;2025-12-31;2.44;2.53;-3.56;0;0;0;0;0;0;0;0;0;1001;0;;;;;
2025-11-28;O_SAHOLE1225C92.00;SAHOL_12/2025_AVRUPA_OPSIYON;D_EQ;SSO;D_EQ_ECP;DE_SAHOL_ECP;SAHOL.E;2025-12-31;1.91;1.99;-4.02;0;0;0;0;0;0;0;0;0;1330;0;;;;;
2025-11-28;O_SAHOLE1225C94.00;SAHOL_12/2025_AVRUPA_OPSIYON;D_EQ;SSO;D_EQ_ECP;DE_SAHOL_ECP;SAHOL.E;2025-12-31;1.47;1.55;-5.16;0.64;0.64;0.64;0.64;0.64;3431000;23360;365;5;954;365;;;;;
2025-11-28;O_SAHOLE1225C96.00;SAHOL_12/2025_AVRUPA_OPSIYON;D_EQ;SSO;D_EQ_ECP;DE_SAHOL_ECP;SAHOL.E;2025-12-31;1.12;1.19;-5.88;0.46;0.46;0.47;0.46;0.46;2227200;10685;232;18;232;232;;;;;
2025-11-28;O_SAHOLE1225C98.00;SAHOL_12/2025_AVRUPA_OPSIYON;D_EQ;SSO;D_EQ_ECP;DE_SAHOL_ECP;SAHOL.E;2025-12-31;0.85;0.9;-5.56;0;0;0;0;0;0;0;0;0;0;0;;;;;
2025-11-28;O_SAHOLE1225P66.00;SAHOL_12/2025_AVRUPA_OPSIYON;D_EQ;SSO;D_EQ_EPP;DE_SAHOL_EPP;SAHOL.E;2025-12-31;0.12;0.13;-7.69;0;0;0;0;0;0;0;0;0;0;0;;;;;
2025-11-28;O_SAHOLE1225P68.00;SAHOL_12/2025_AVRUPA_OPSIYON;D_EQ;SSO;D_EQ_EPP;DE_SAHOL_EPP;SAHOL.E;2025-12-31;0.21;0.22;-4.55;0;0;0;0;0;0;0;0;0;0;0;;;;;
2025-11-28;O_SAHOLE1225P70.00;SAHOL_12/2025_AVRUPA_OPSIYON;D_EQ;SSO;D_EQ_EPP;DE_SAHOL_EPP;SAHOL.E;2025-12-31;0.35;0.37;-5.41;0;0;0;0;0;0;0;0;0;400;0;;;;;
2025-11-28;O_SAHOLE1225P72.00;SAHOL_12/2025_AVRUPA_OPSIYON;D_EQ;SSO;D_EQ_EPP;DE_SAHOL_EPP;SAHOL.E;2025-12-31;0.55;0.58;-5.17;0;0;0;0;0;0;0;0;0;400;0;;;;;
2025-11-28;O_SAHOLE1225P74.00;SAHOL_12/2025_AVRUPA_OPSIYON;D_EQ;SSO;D_EQ_EPP;DE_SAHOL_EPP;SAHOL.E;2025-12-31;0.84;0.87;-3.45;0;0;0;0;0;0;0;0;0;2700;0;;;;;
2025-11-28;O_SAHOLE1225P76.00;SAHOL_12/2025_AVRUPA_OPSIYON;D_EQ;SSO;D_EQ_EPP;DE_SAHOL_EPP;SAHOL.E;2025-12-31;1.23;1.26;-2.38;0;0;0;0;0;0;0;0;0;305;0;;;;;
2025-11-28;O_SAHOLE1225P78.00;SAHOL_12/2025_AVRUPA_OPSIYON;D_EQ;SSO;D_EQ_EPP;DE_SAHOL_EPP;SAHOL.E;2025-12-31;1.73;1.76;-1.7;0;0;0;0;0;0;0;0;0;205;0;;;;;
2025-11-28;O_SAHOLE1225P80.00;SAHOL_12/2025_AVRUPA_OPSIYON;D_EQ;SSO;D_EQ_EPP;DE_SAHOL_EPP;SAHOL.E;2025-12-31;2.36;2.39;-1.26;0;0;0;0;0;0;0;0;0;20;0;;;;;
2025-11-28;O_SAHOLE1225P82.00;SAHOL_12/2025_AVRUPA_OPSIYON;D_EQ;SSO;D_EQ_EPP;DE_SAHOL_EPP;SAHOL.E;2025-12-31;3.12;3.15;-0.95;2.26;2.26;2.26;2.26;2.26;2000800;55144;244;4;244;234;;;;;
2025-11-28;O_SAHOLE1225P84.00;SAHOL_12/2025_AVRUPA_OPSIYON;D_EQ;SSO;D_EQ_EPP;DE_SAHOL_EPP;SAHOL.E;2025-12-31;4.02;4.04;-0.5;0;0;0;0;0;0;0;0;0;40;0;;;;;
2025-11-28;O_SAHOLE1225P86.00;SAHOL_12/2025_AVRUPA_OPSIYON;D_EQ;SSO;D_EQ_EPP;DE_SAHOL_EPP;SAHOL.E;2025-12-31;5.05;5.07;-0.39;0;0;0;0;0;0;0;0;0;0;0;;;;;
2025-11-28;O_SAHOLE1225P88.00;SAHOL_12/2025_AVRUPA_OPSIYON;D_EQ;SSO;D_EQ_EPP;DE_SAHOL_EPP;SAHOL.E;2025-12-31;6.21;6.22;-0.16;0;0;0;0;0;0;0;0;0;21;0;;;;;
2025-11-28;O_SAHOLE1225P90.00;SAHOL_12/2025_AVRUPA_OPSIYON;D_EQ;SSO;D_EQ_EPP;DE_SAHOL_EPP;SAHOL.E;2025-12-31;7.5;7.5;0;0;0;0;0;0;0;0;0;0;10;0;;;;;
2025-11-28;O_SAHOLE1225P92.00;SAHOL_12/2025_AVRUPA_OPSIYON;D_EQ;SSO;D_EQ_EPP;DE_SAHOL_EPP;SAHOL.E;2025-12-31;8.9;8.89;0.11;0;0;0;0;0;0;0;0;0;0;0;;;;;
2025-11-28;O_SAHOLE1225P94.00;SAHOL_12/2025_AVRUPA_OPSIYON;D_EQ;SSO;D_EQ_EPP;DE_SAHOL_EPP;SAHOL.E;2025-12-31;10.4;10.38;0.19;0;0;0;0;0;0;0;0;0;0;0;;;;;
2025-11-28;O_SAHOLE1225P96.00;SAHOL_12/2025_AVRUPA_OPSIYON;D_EQ;SSO;D_EQ_EPP;DE_SAHOL_EPP;SAHOL.E;2025-12-31;11.98;11.95;0.25;0;0;0;0;0;0;0;0;0;0;0;;;;;
2025-11-28;O_SAHOLE1225P98.00;SAHOL_12/2025_AVRUPA_OPSIYON;D_EQ;SSO;D_EQ_EPP;DE_SAHOL_EPP;SAHOL.E;2025-12-31;13.64;13.59;0.37;0;0;0;0;0;0;0;0;0;0;0;;;;;
2025-11-28;O_SISEE0126C37.00;SISE_01/2026_AVRUPA_OPSIYON;D_EQ;SSO;D_EQ_ECP;DE_SISE_ECP;SISE.E;2026-01-30;4;3.45;15.94;0;0;0;0;0;0;0;0;0;0;0;;;;;
2025-11-28;O_SISEE0126C38.00;SISE_01/2026_AVRUPA_OPSIYON;D_EQ;SSO;D_EQ_ECP;DE_SISE_ECP;SISE.E;2026-01-30;3.28;2.82;16.31;0;0;0;0;0;0;0;0;0;0;0;;;;;
2025-11-28;O_SISEE0126C39.00;SISE_01/2026_AVRUPA_OPSIYON;D_EQ;SSO;D_EQ_ECP;DE_SISE_ECP;SISE.E;2026-01-30;2.69;2.28;17.98;0;0;0;0;0;0;0;0;0;0;0;;;;;
2025-11-28;O_SISEE0126C40.00;SISE_01/2026_AVRUPA_OPSIYON;D_EQ;SSO;D_EQ_ECP;DE_SISE_ECP;SISE.E;2026-01-30;2.17;1.85;17.3;0;0;0;0;0;0;0;0;0;0;0;;;;;
2025-11-28;O_SISEE0126C41.00;SISE_01/2026_AVRUPA_OPSIYON;D_EQ;SSO;D_EQ_ECP;DE_SISE_ECP;SISE.E;2026-01-30;1.77;1.5;18;0;0;0;0;0;0;0;0;0;0;0;;;;;
2025-11-28;O_SISEE0126C42.00;SISE_01/2026_AVRUPA_OPSIYON;D_EQ;SSO;D_EQ_ECP;DE_SISE_ECP;SISE.E;2026-01-30;1.44;1.3;10.77;0;0;0;0;0;0;0;0;0;0;0;;;;;
2025-11-28;O_SISEE0126C43.00;SISE_01/2026_AVRUPA_OPSIYON;D_EQ;SSO;D_EQ_ECP;DE_SISE_ECP;SISE.E;2026-01-30;1.26;1.15;9.57;0;0;0;0;0;0;0;0;0;0;0;;;;;
2025-11-28;O_SISEE0126C44.00;SISE_01/2026_AVRUPA_OPSIYON;D_EQ;SSO;D_EQ_ECP;DE_SISE_ECP;SISE.E;2026-01-30;1.12;1.03;8.74;0;0;0;0;0;0;0;0;0;0;0;;;;;
2025-11-28;O_SISEE0126C45.00;SISE_01/2026_AVRUPA_OPSIYON;D_EQ;SSO;D_EQ_ECP;DE_SISE_ECP;SISE.E;2026-01-30;1;0.94;6.38;0;0;0;0;0;0;0;0;0;0;0;;;;;
2025-11-28;O_SISEE0126C46.00;SISE_01/2026_AVRUPA_OPSIYON;D_EQ;SSO;D_EQ_ECP;DE_SISE_ECP;SISE.E;2026-01-30;0.91;0.86;5.81;0;0;0;0;0;0;0;0;0;0;0;;;;;
2025-11-28;O_SISEE0126C47.00;SISE_01/2026_AVRUPA_OPSIYON;D_EQ;SSO;D_EQ_ECP;DE_SISE_ECP;SISE.E;2026-01-30;0.84;0.8;5;0;0;0;0;0;0;0;0;0;0;0;;;;;
2025-11-28;O_SISEE0126P32.00;SISE_01/2026_AVRUPA_OPSIYON;D_EQ;SSO;D_EQ_EPP;DE_SISE_EPP;SISE.E;2026-01-30;0.33;0.38;-13.16;0;0;0;0;0;0;0;0;0;0;0;;;;;
2025-11-28;O_SISEE0126P33.00;SISE_01/2026_AVRUPA_OPSIYON;D_EQ;SSO;D_EQ_EPP;DE_SISE_EPP;SISE.E;2026-01-30;0.4;0.45;-11.11;0;0;0;0;0;0;0;0;0;0;0;;;;;
2025-11-28;O_SISEE0126P34.00;SISE_01/2026_AVRUPA_OPSIYON;D_EQ;SSO;D_EQ_EPP;DE_SISE_EPP;SISE.E;2026-01-30;0.48;0.55;-12.73;0;0;0;0;0;0;0;0;0;0;0;;;;;
2025-11-28;O_SISEE0126P35.00;SISE_01/2026_AVRUPA_OPSIYON;D_EQ;SSO;D_EQ_EPP;DE_SISE_EPP;SISE.E;2026-01-30;0.58;0.66;-12.12;0;0;0;0;0;0;0;0;0;0;0;;;;;
2025-11-28;O_SISEE0126P36.00;SISE_01/2026_AVRUPA_OPSIYON;D_EQ;SSO;D_EQ_EPP;DE_SISE_EPP;SISE.E;2026-01-30;0.71;0.81;-12.35;0;0;0;0;0;0;0;0;0;0;0;;;;;
2025-11-28;O_SISEE0126P37.00;SISE_01/2026_AVRUPA_OPSIYON;D_EQ;SSO;D_EQ_EPP;DE_SISE_EPP;SISE.E;2026-01-30;0.86;0.98;-12.24;0;0;0;0;0;0;0;0;0;0;0;;;;;
2025-11-28;O_SISEE0126P38.00;SISE_01/2026_AVRUPA_OPSIYON;D_EQ;SSO;D_EQ_EPP;DE_SISE_EPP;SISE.E;2026-01-30;1.06;1.28;-17.19;0;0;0;0;0;0;0;0;0;0;0;;;;;
2025-11-28;O_SISEE0126P39.00;SISE_01/2026_AVRUPA_OPSIYON;D_EQ;SSO;D_EQ_EPP;DE_SISE_EPP;SISE.E;2026-01-30;1.39;1.66;-16.27;0;0;0;0;0;0;0;0;0;0;0;;;;;
2025-11-28;O_SISEE0126P40.00;SISE_01/2026_AVRUPA_OPSIYON;D_EQ;SSO;D_EQ_EPP;DE_SISE_EPP;SISE.E;2026-01-30;1.8;2.15;-16.28;0;0;0;0;0;0;0;0;0;0;0;;;;;
2025-11-28;O_SISEE0126P41.00;SISE_01/2026_AVRUPA_OPSIYON;D_EQ;SSO;D_EQ_EPP;DE_SISE_EPP;SISE.E;2026-01-30;2.32;2.72;-14.71;0;0;0;0;0;0;0;0;0;0;0;;;;;
2025-11-28;O_SISEE0126P42.00;SISE_01/2026_AVRUPA_OPSIYON;D_EQ;SSO;D_EQ_EPP;DE_SISE_EPP;SISE.E;2026-01-30;2.92;3.44;-15.12;0;0;0;0;0;0;0;0;0;0;0;;;;;
2025-11-28;O_SISEE1125C33.00;SISE_11/2025_AVRUPA_OPSIYON;D_EQ;SSO;D_EQ_ECP;DE_SISE_ECP;SISE.E;2025-11-28;4.32;3.63;19.01;0;0;0;0;0;0;0;0;0;2;0;;;;;
2025-11-28;O_SISEE1125C34.00;SISE_11/2025_AVRUPA_OPSIYON;D_EQ;SSO;D_EQ_ECP;DE_SISE_ECP;SISE.E;2025-11-28;3.32;2.64;25.76;0;0;0;0;0;0;0;0;0;244;0;;;;;
2025-11-28;O_SISEE1125C35.00;SISE_11/2025_AVRUPA_OPSIYON;D_EQ;SSO;D_EQ_ECP;DE_SISE_ECP;SISE.E;2025-11-28;2.32;1.64;41.46;0;0;0;0;0;0;0;0;0;151;0;;;;;
2025-11-28;O_SISEE1125C36.00;SISE_11/2025_AVRUPA_OPSIYON;D_EQ;SSO;D_EQ_ECP;DE_SISE_ECP;SISE.E;2025-11-28;1.32;0.69;91.3;0;0;0;0;0;0;0;0;0;1682;0;;;;;
2025-11-28;O_SISEE1125C37.00;SISE_11/2025_AVRUPA_OPSIYON;D_EQ;SSO;D_EQ_ECP;DE_SISE_ECP;SISE.E;2025-11-28;0.32;0.11;190.91;0;0;0;0;0;0;0;0;0;208;0;;;;;
2025-11-28;O_SISEE1125C38.00;SISE_11/2025_AVRUPA_OPSIYON;D_EQ;SSO;D_EQ_ECP;DE_SISE_ECP;SISE.E;2025-11-28;0;0.01;0;0;0;0;0;0;0;0;0;0;408;0;;;;;
2025-11-28;O_SISEE1125C39.00;SISE_11/2025_AVRUPA_OPSIYON;D_EQ;SSO;D_EQ_ECP;DE_SISE_ECP;SISE.E;2025-11-28;0;0.01;0;0;0;0;0;0;0;0;0;0;1800;0;;;;;
2025-11-28;O_SISEE1125C40.00;SISE_11/2025_AVRUPA_OPSIYON;D_EQ;SSO;D_EQ_ECP;DE_SISE_ECP;SISE.E;2025-11-28;0;0.01;0;0;0;0;0;0;0;0;0;0;1292;0;;;;;
2025-11-28;O_SISEE1125C41.00;SISE_11/2025_AVRUPA_OPSIYON;D_EQ;SSO;D_EQ_ECP;DE_SISE_ECP;SISE.E;2025-11-28;0;0.01;0;0;0;0;0;0;0;0;0;0;0;0;;;;;
2025-11-28;O_SISEE1125C42.00;SISE_11/2025_AVRUPA_OPSIYON;D_EQ;SSO;D_EQ_ECP;DE_SISE_ECP;SISE.E;2025-11-28;0;0.01;0;0;0;0;0;0;0;0;0;0;158;0;;;;;
2025-11-28;O_SISEE1125C43.00;SISE_11/2025_AVRUPA_OPSIYON;D_EQ;SSO;D_EQ_ECP;DE_SISE_ECP;SISE.E;2025-11-28;0;0.01;0;0;0;0;0;0;0;0;0;0;4143;0;;;;;
2025-11-28;O_SISEE1125C44.00;SISE_11/2025_AVRUPA_OPSIYON;D_EQ;SSO;D_EQ_ECP;DE_SISE_ECP;SISE.E;2025-11-28;0;0.01;0;0;0;0;0;0;0;0;0;0;0;0;;;;;
2025-11-28;O_SISEE1125C45.00;SISE_11/2025_AVRUPA_OPSIYON;D_EQ;SSO;D_EQ_ECP;DE_SISE_ECP;SISE.E;2025-11-28;0;0.01;0;0;0;0;0;0;0;0;0;0;500;0;;;;;
2025-11-28;O_SISEE1125C46.00;SISE_11/2025_AVRUPA_OPSIYON;D_EQ;SSO;D_EQ_ECP;DE_SISE_ECP;SISE.E;2025-11-28;0;0.01;0;0;0;0;0;0;0;0;0;0;0;0;;;;;
2025-11-28;O_SISEE1125C47.00;SISE_11/2025_AVRUPA_OPSIYON;D_EQ;SSO;D_EQ_ECP;DE_SISE_ECP;SISE.E;2025-11-28;0;0.01;0;0;0;0;0;0;0;0;0;0;0;0;;;;;
2025-11-28;O_SISEE1125C48.00;SISE_11/2025_AVRUPA_OPSIYON;D_EQ;SSO;D_EQ_ECP;DE_SISE_ECP;SISE.E;2025-11-28;0;0.01;0;0;0;0;0;0;0;0;0;0;0;0;;;;;
2025-11-28;O_SISEE1125C49.00;SISE_11/2025_AVRUPA_OPSIYON;D_EQ;SSO;D_EQ_ECP;DE_SISE_ECP;SISE.E;2025-11-28;0;0.01;0;0;0;0;0;0;0;0;0;0;0;0;;;;;
2025-11-28;O_SISEE1125C50.00;SISE_11/2025_AVRUPA_OPSIYON;D_EQ;SSO;D_EQ_ECP;DE_SISE_ECP;SISE.E;2025-11-28;0;0.01;0;0;0;0;0;0;0;0;0;0;0;0;;;;;
2025-11-28;O_SISEE1125P28.00;SISE_11/2025_AVRUPA_OPSIYON;D_EQ;SSO;D_EQ_EPP;DE_SISE_EPP;SISE.E;2025-11-28;0;0.01;0;0;0;0;0;0;0;0;0;0;0;0;;;;;
2025-11-28;O_SISEE1125P29.00;SISE_11/2025_AVRUPA_OPSIYON;D_EQ;SSO;D_EQ_EPP;DE_SISE_EPP;SISE.E;2025-11-28;0;0.01;0;0;0;0;0;0;0;0;0;0;0;0;;;;;
2025-11-28;O_SISEE1125P30.00;SISE_11/2025_AVRUPA_OPSIYON;D_EQ;SSO;D_EQ_EPP;DE_SISE_EPP;SISE.E;2025-11-28;0;0.01;0;0;0;0;0;0;0;0;0;0;0;0;;;;;
2025-11-28;O_SISEE1125P31.00;SISE_11/2025_AVRUPA_OPSIYON;D_EQ;SSO;D_EQ_EPP;DE_SISE_EPP;SISE.E;2025-11-28;0;0.01;0;0;0;0;0;0;0;0;0;0;10;0;;;;;
2025-11-28;O_SISEE1125P32.00;SISE_11/2025_AVRUPA_OPSIYON;D_EQ;SSO;D_EQ_EPP;DE_SISE_EPP;SISE.E;2025-11-28;0;0.01;0;0;0;0;0;0;0;0;0;0;0;0;;;;;
2025-11-28;O_SISEE1125P33.00;SISE_11/2025_AVRUPA_OPSIYON;D_EQ;SSO;D_EQ_EPP;DE_SISE_EPP;SISE.E;2025-11-28;0;0.01;0;0;0;0;0;0;0;0;0;0;54;0;;;;;
2025-11-28;O_SISEE1125P34.00;SISE_11/2025_AVRUPA_OPSIYON;D_EQ;SSO;D_EQ_EPP;DE_SISE_EPP;SISE.E;2025-11-28;0;0.01;0;0;0;0;0;0;0;0;0;0;250;0;;;;;
2025-11-28;O_SISEE1125P35.00;SISE_11/2025_AVRUPA_OPSIYON;D_EQ;SSO;D_EQ_EPP;DE_SISE_EPP;SISE.E;2025-11-28;0;0.01;0;0;0;0;0;0;0;0;0;0;1124;0;;;;;
2025-11-28;O_SISEE1125P36.00;SISE_11/2025_AVRUPA_OPSIYON;D_EQ;SSO;D_EQ_EPP;DE_SISE_EPP;SISE.E;2025-11-28;0;0.05;0;0;0;0;0;0;0;0;0;0;901;0;;;;;
2025-11-28;O_SISEE1125P37.00;SISE_11/2025_AVRUPA_OPSIYON;D_EQ;SSO;D_EQ_EPP;DE_SISE_EPP;SISE.E;2025-11-28;0;0.47;0;0;0;0;0;0;0;0;0;0;259;0;;;;;
2025-11-28;O_SISEE1125P38.00;SISE_11/2025_AVRUPA_OPSIYON;D_EQ;SSO;D_EQ_EPP;DE_SISE_EPP;SISE.E;2025-11-28;0.68;1.36;-50;0;0;0;0;0;0;0;0;0;200;0;;;;;
2025-11-28;O_SISEE1125P39.00;SISE_11/2025_AVRUPA_OPSIYON;D_EQ;SSO;D_EQ_EPP;DE_SISE_EPP;SISE.E;2025-11-28;1.68;2.36;-28.81;0;0;0;0;0;0;0;0;0;2500;0;;;;;
2025-11-28;O_SISEE1125P40.00;SISE_11/2025_AVRUPA_OPSIYON;D_EQ;SSO;D_EQ_EPP;DE_SISE_EPP;SISE.E;2025-11-28;2.68;3.36;-20.24;0;0;0;0;0;0;0;0;0;50;0;;;;;
2025-11-28;O_SISEE1125P41.00;SISE_11/2025_AVRUPA_OPSIYON;D_EQ;SSO;D_EQ_EPP;DE_SISE_EPP;SISE.E;2025-11-28;3.68;4.36;-15.6;0;0;0;0;0;0;0;0;0;0;0;;;;;
2025-11-28;O_SISEE1125P42.00;SISE_11/2025_AVRUPA_OPSIYON;D_EQ;SSO;D_EQ_EPP;DE_SISE_EPP;SISE.E;2025-11-28;4.68;5.36;-12.69;0;0;0;0;0;0;0;0;0;0;0;;;;;
2025-11-28;O_SISEE1125P43.00;SISE_11/2025_AVRUPA_OPSIYON;D_EQ;SSO;D_EQ_EPP;DE_SISE_EPP;SISE.E;2025-11-28;5.68;6.36;-10.69;0;0;0;0;0;0;0;0;0;150;0;;;;;
2025-11-28;O_SISEE1125P44.00;SISE_11/2025_AVRUPA_OPSIYON;D_EQ;SSO;D_EQ_EPP;DE_SISE_EPP;SISE.E;2025-11-28;6.68;7.35;-9.12;0;0;0;0;0;0;0;0;0;0;0;;;;;
2025-11-28;O_SISEE1125P45.00;SISE_11/2025_AVRUPA_OPSIYON;D_EQ;SSO;D_EQ_EPP;DE_SISE_EPP;SISE.E;2025-11-28;7.68;8.35;-8.02;0;0;0;0;0;0;0;0;0;0;0;;;;;
2025-11-28;O_SISEE1225C34.00;SISE_12/2025_AVRUPA_OPSIYON;D_EQ;SSO;D_EQ_ECP;DE_SISE_ECP;SISE.E;2025-12-31;4.75;4.15;14.46;0;0;0;0;0;0;0;0;0;0;0;;;;;
2025-11-28;O_SISEE1225C35.00;SISE_12/2025_AVRUPA_OPSIYON;D_EQ;SSO;D_EQ_ECP;DE_SISE_ECP;SISE.E;2025-12-31;3.9;3.32;17.47;0;0;0;0;0;0;0;0;0;0;0;;;;;
2025-11-28;O_SISEE1225C36.00;SISE_12/2025_AVRUPA_OPSIYON;D_EQ;SSO;D_EQ_ECP;DE_SISE_ECP;SISE.E;2025-12-31;3.09;2.55;21.18;2.8;2.8;2.8;2.8;2.8;3600;280;1;1;317;0;;;;;
2025-11-28;O_SISEE1225C37.00;SISE_12/2025_AVRUPA_OPSIYON;D_EQ;SSO;D_EQ_ECP;DE_SISE_ECP;SISE.E;2025-12-31;2.36;1.92;22.92;1.75;1.75;2.14;2.14;2.04;740000;40850;200;4;42;-116;;;;;
2025-11-28;O_SISEE1225C38.00;SISE_12/2025_AVRUPA_OPSIYON;D_EQ;SSO;D_EQ_ECP;DE_SISE_ECP;SISE.E;2025-12-31;1.76;1.4;25.71;1.24;1.24;1.56;1.56;1.4;380000;14000;100;2;58;-100;;;;;
2025-11-28;O_SISEE1225C39.00;SISE_12/2025_AVRUPA_OPSIYON;D_EQ;SSO;D_EQ_ECP;DE_SISE_ECP;SISE.E;2025-12-31;1.28;1.01;26.73;0;0;0;0;0;0;0;0;0;208;0;;;;;
2025-11-28;O_SISEE1225C40.00;SISE_12/2025_AVRUPA_OPSIYON;D_EQ;SSO;D_EQ_ECP;DE_SISE_ECP;SISE.E;2025-12-31;0.92;0.73;26.03;0.55;0.55;0.55;0.55;0.55;200000;2750;50;1;201;50;;;;;
2025-11-28;O_SISEE1225C41.00;SISE_12/2025_AVRUPA_OPSIYON;D_EQ;SSO;D_EQ_ECP;DE_SISE_ECP;SISE.E;2025-12-31;0.68;0.58;17.24;0.46;0.46;0.49;0.49;0.48;16400;190;4;4;4;4;;;;;
2025-11-28;O_SISEE1225C42.00;SISE_12/2025_AVRUPA_OPSIYON;D_EQ;SSO;D_EQ_ECP;DE_SISE_ECP;SISE.E;2025-12-31;0.53;0.47;12.77;0;0;0;0;0;0;0;0;0;1000;0;;;;;
2025-11-28;O_SISEE1225C43.00;SISE_12/2025_AVRUPA_OPSIYON;D_EQ;SSO;D_EQ_ECP;DE_SISE_ECP;SISE.E;2025-12-31;0.43;0.38;13.16;0;0;0;0;0;0;0;0;0;632;0;;;;;
2025-11-28;O_SISEE1225C44.00;SISE_12/2025_AVRUPA_OPSIYON;D_EQ;SSO;D_EQ_ECP;DE_SISE_ECP;SISE.E;2025-12-31;0.35;0.32;9.38;0;0;0;0;0;0;0;0;0;0;0;;;;;
2025-11-28;O_SISEE1225C45.00;SISE_12/2025_AVRUPA_OPSIYON;D_EQ;SSO;D_EQ_ECP;DE_SISE_ECP;SISE.E;2025-12-31;0.3;0.28;7.14;0;0;0;0;0;0;0;0;0;391;0;;;;;
2025-11-28;O_SISEE1225C46.00;SISE_12/2025_AVRUPA_OPSIYON;D_EQ;SSO;D_EQ_ECP;DE_SISE_ECP;SISE.E;2025-12-31;0.25;0.24;4.17;0;0;0;0;0;0;0;0;0;0;0;;;;;
2025-11-28;O_SISEE1225C47.00;SISE_12/2025_AVRUPA_OPSIYON;D_EQ;SSO;D_EQ_ECP;DE_SISE_ECP;SISE.E;2025-12-31;0.22;0.21;4.76;0;0;0;0;0;0;0;0;0;1310;0;;;;;
2025-11-28;O_SISEE1225P29.00;SISE_12/2025_AVRUPA_OPSIYON;D_EQ;SSO;D_EQ_EPP;DE_SISE_EPP;SISE.E;2025-12-31;0.05;0.07;-28.57;0;0;0;0;0;0;0;0;0;0;0;;;;;
2025-11-28;O_SISEE1225P30.00;SISE_12/2025_AVRUPA_OPSIYON;D_EQ;SSO;D_EQ_EPP;DE_SISE_EPP;SISE.E;2025-12-31;0.07;0.1;-30;0;0;0;0;0;0;0;0;0;0;0;;;;;
2025-11-28;O_SISEE1225P31.00;SISE_12/2025_AVRUPA_OPSIYON;D_EQ;SSO;D_EQ_EPP;DE_SISE_EPP;SISE.E;2025-12-31;0.1;0.14;-28.57;0;0;0;0;0;0;0;0;0;0;0;;;;;
2025-11-28;O_SISEE1225P32.00;SISE_12/2025_AVRUPA_OPSIYON;D_EQ;SSO;D_EQ_EPP;DE_SISE_EPP;SISE.E;2025-12-31;0.15;0.19;-21.05;0;0;0;0;0;0;0;0;0;0;0;;;;;
2025-11-28;O_SISEE1225P33.00;SISE_12/2025_AVRUPA_OPSIYON;D_EQ;SSO;D_EQ_EPP;DE_SISE_EPP;SISE.E;2025-12-31;0.21;0.26;-19.23;0;0;0;0;0;0;0;0;0;0;0;;;;;
2025-11-28;O_SISEE1225P34.00;SISE_12/2025_AVRUPA_OPSIYON;D_EQ;SSO;D_EQ_EPP;DE_SISE_EPP;SISE.E;2025-12-31;0.29;0.37;-21.62;0;0;0;0;0;0;0;0;0;0;0;;;;;
2025-11-28;O_SISEE1225P35.00;SISE_12/2025_AVRUPA_OPSIYON;D_EQ;SSO;D_EQ_EPP;DE_SISE_EPP;SISE.E;2025-12-31;0.4;0.51;-21.57;0;0;0;0;0;0;0;0;0;0;0;;;;;
2025-11-28;O_SISEE1225P36.00;SISE_12/2025_AVRUPA_OPSIYON;D_EQ;SSO;D_EQ_EPP;DE_SISE_EPP;SISE.E;2025-12-31;0.55;0.7;-21.43;0;0;0;0;0;0;0;0;0;160;0;;;;;
2025-11-28;O_SISEE1225P37.00;SISE_12/2025_AVRUPA_OPSIYON;D_EQ;SSO;D_EQ_EPP;DE_SISE_EPP;SISE.E;2025-12-31;0.79;1.04;-24.04;0.82;0.82;0.82;0.82;0.82;2001700;44362;541;3;541;383;;;;;
2025-11-28;O_SISEE1225P38.00;SISE_12/2025_AVRUPA_OPSIYON;D_EQ;SSO;D_EQ_EPP;DE_SISE_EPP;SISE.E;2025-12-31;1.16;1.48;-21.62;1.32;1.24;1.32;1.24;1.26;950000;31400;250;5;92;-66;;;;;
2025-11-28;O_SISEE1225P39.00;SISE_12/2025_AVRUPA_OPSIYON;D_EQ;SSO;D_EQ_EPP;DE_SISE_EPP;SISE.E;2025-12-31;1.64;2.06;-20.39;0;0;0;0;0;0;0;0;0;0;0;;;;;
2025-11-28;O_SISEE1225P40.00;SISE_12/2025_AVRUPA_OPSIYON;D_EQ;SSO;D_EQ_EPP;DE_SISE_EPP;SISE.E;2025-12-31;2.25;2.74;-17.88;0;0;0;0;0;0;0;0;0;0;0;;;;;
2025-11-28;O_SISEE1225P41.00;SISE_12/2025_AVRUPA_OPSIYON;D_EQ;SSO;D_EQ_EPP;DE_SISE_EPP;SISE.E;2025-12-31;2.97;3.55;-16.34;0;0;0;0;0;0;0;0;0;0;0;;;;;
2025-11-28;O_SISEE1225P42.00;SISE_12/2025_AVRUPA_OPSIYON;D_EQ;SSO;D_EQ_EPP;DE_SISE_EPP;SISE.E;2025-12-31;3.8;4.4;-13.64;0;0;0;0;0;0;0;0;0;0;0;;;;;
2025-11-28;O_TAVHLE0126C260.00;TAVHL_01/2026_AVRUPA_OPSIYON;D_EQ;SSO;D_EQ_ECP;DE_TAVHL_ECP;TAVHL.E;2026-01-30;42.46;44.52;-4.63;0;0;0;0;0;0;0;0;0;0;0;;;;;
2025-11-28;O_TAVHLE0126C270.00;TAVHL_01/2026_AVRUPA_OPSIYON;D_EQ;SSO;D_EQ_ECP;DE_TAVHL_ECP;TAVHL.E;2026-01-30;35.3;37.28;-5.31;0;0;0;0;0;0;0;0;0;0;0;;;;;
2025-11-28;O_TAVHLE0126C280.00;TAVHL_01/2026_AVRUPA_OPSIYON;D_EQ;SSO;D_EQ_ECP;DE_TAVHL_ECP;TAVHL.E;2026-01-30;28.77;30.63;-6.07;0;0;0;0;0;0;0;0;0;0;0;;;;;
2025-11-28;O_TAVHLE0126C290.00;TAVHL_01/2026_AVRUPA_OPSIYON;D_EQ;SSO;D_EQ_ECP;DE_TAVHL_ECP;TAVHL.E;2026-01-30;23.12;24.79;-6.74;0;0;0;0;0;0;0;0;0;0;0;;;;;
2025-11-28;O_TAVHLE0126C300.00;TAVHL_01/2026_AVRUPA_OPSIYON;D_EQ;SSO;D_EQ_ECP;DE_TAVHL_ECP;TAVHL.E;2026-01-30;18.32;19.79;-7.43;0;0;0;0;0;0;0;0;0;0;0;;;;;
2025-11-28;O_TAVHLE0126C310.00;TAVHL_01/2026_AVRUPA_OPSIYON;D_EQ;SSO;D_EQ_ECP;DE_TAVHL_ECP;TAVHL.E;2026-01-30;14.36;15.64;-8.18;0;0;0;0;0;0;0;0;0;0;0;;;;;
2025-11-28;O_TAVHLE0126C320.00;TAVHL_01/2026_AVRUPA_OPSIYON;D_EQ;SSO;D_EQ_ECP;DE_TAVHL_ECP;TAVHL.E;2026-01-30;11.3;12.33;-8.35;0;0;0;0;0;0;0;0;0;0;0;;;;;
2025-11-28;O_TAVHLE0126C330.00;TAVHL_01/2026_AVRUPA_OPSIYON;D_EQ;SSO;D_EQ_ECP;DE_TAVHL_ECP;TAVHL.E;2026-01-30;8.89;9.74;-8.73;0;0;0;0;0;0;0;0;0;0;0;;;;;
2025-11-28;O_TAVHLE0126C340.00;TAVHL_01/2026_AVRUPA_OPSIYON;D_EQ;SSO;D_EQ_ECP;DE_TAVHL_ECP;TAVHL.E;2026-01-30;6.97;7.68;-9.24;0;0;0;0;0;0;0;0;0;0;0;;;;;
2025-11-28;O_TAVHLE0126C350.00;TAVHL_01/2026_AVRUPA_OPSIYON;D_EQ;SSO;D_EQ_ECP;DE_TAVHL_ECP;TAVHL.E;2026-01-30;5.46;6.04;-9.6;0;0;0;0;0;0;0;0;0;0;0;;;;;
2025-11-28;O_TAVHLE0126C360.00;TAVHL_01/2026_AVRUPA_OPSIYON;D_EQ;SSO;D_EQ_ECP;DE_TAVHL_ECP;TAVHL.E;2026-01-30;4.28;4.75;-9.89;0;0;0;0;0;0;0;0;0;0;0;;;;;
2025-11-28;O_TAVHLE0126P230.00;TAVHL_01/2026_AVRUPA_OPSIYON;D_EQ;SSO;D_EQ_EPP;DE_TAVHL_EPP;TAVHL.E;2026-01-30;1.19;1.13;5.31;0;0;0;0;0;0;0;0;0;0;0;;;;;
2025-11-28;O_TAVHLE0126P235.00;TAVHL_01/2026_AVRUPA_OPSIYON;D_EQ;SSO;D_EQ_EPP;DE_TAVHL_EPP;TAVHL.E;2026-01-30;1.54;1.45;6.21;0;0;0;0;0;0;0;0;0;0;0;;;;;
2025-11-28;O_TAVHLE0126P240.00;TAVHL_01/2026_AVRUPA_OPSIYON;D_EQ;SSO;D_EQ_EPP;DE_TAVHL_EPP;TAVHL.E;2026-01-30;1.96;1.85;5.95;0;0;0;0;0;0;0;0;0;0;0;;;;;
2025-11-28;O_TAVHLE0126P245.00;TAVHL_01/2026_AVRUPA_OPSIYON;D_EQ;SSO;D_EQ_EPP;DE_TAVHL_EPP;TAVHL.E;2026-01-30;2.46;2.33;5.58;0;0;0;0;0;0;0;0;0;0;0;;;;;
2025-11-28;O_TAVHLE0126P250.00;TAVHL_01/2026_AVRUPA_OPSIYON;D_EQ;SSO;D_EQ_EPP;DE_TAVHL_EPP;TAVHL.E;2026-01-30;3.06;2.9;5.52;0;0;0;0;0;0;0;0;0;0;0;;;;;
2025-11-28;O_TAVHLE0126P260.00;TAVHL_01/2026_AVRUPA_OPSIYON;D_EQ;SSO;D_EQ_EPP;DE_TAVHL_EPP;TAVHL.E;2026-01-30;4.61;4.37;5.49;0;0;0;0;0;0;0;0;0;0;0;;;;;
2025-11-28;O_TAVHLE0126P270.00;TAVHL_01/2026_AVRUPA_OPSIYON;D_EQ;SSO;D_EQ_EPP;DE_TAVHL_EPP;TAVHL.E;2026-01-30;6.7;6.35;5.51;0;0;0;0;0;0;0;0;0;0;0;;;;;
2025-11-28;O_TAVHLE0126P280.00;TAVHL_01/2026_AVRUPA_OPSIYON;D_EQ;SSO;D_EQ_EPP;DE_TAVHL_EPP;TAVHL.E;2026-01-30;9.4;8.94;5.15;0;0;0;0;0;0;0;0;0;0;0;;;;;
2025-11-28;O_TAVHLE0126P290.00;TAVHL_01/2026_AVRUPA_OPSIYON;D_EQ;SSO;D_EQ_EPP;DE_TAVHL_EPP;TAVHL.E;2026-01-30;12.99;12.31;5.52;0;0;0;0;0;0;0;0;0;0;0;;;;;
2025-11-28;O_TAVHLE0126P300.00;TAVHL_01/2026_AVRUPA_OPSIYON;D_EQ;SSO;D_EQ_EPP;DE_TAVHL_EPP;TAVHL.E;2026-01-30;17.43;16.54;5.38;0;0;0;0;0;0;0;0;0;0;0;;;;;
2025-11-28;O_TAVHLE0126P310.00;TAVHL_01/2026_AVRUPA_OPSIYON;D_EQ;SSO;D_EQ_EPP;DE_TAVHL_EPP;TAVHL.E;2026-01-30;22.7;21.62;5;0;0;0;0;0;0;0;0;0;0;0;;;;;
2025-11-28;O_TAVHLE1125C225.00;TAVHL_11/2025_AVRUPA_OPSIYON;D_EQ;SSO;D_EQ_ECP;DE_TAVHL_ECP;TAVHL.E;2025-11-28;53;55.23;-4.04;0;0;0;0;0;0;0;0;0;43;0;;;;;
2025-11-28;O_TAVHLE1125C230.00;TAVHL_11/2025_AVRUPA_OPSIYON;D_EQ;SSO;D_EQ_ECP;DE_TAVHL_ECP;TAVHL.E;2025-11-28;48;50.24;-4.46;0;0;0;0;0;0;0;0;0;0;0;;;;;
2025-11-28;O_TAVHLE1125C235.00;TAVHL_11/2025_AVRUPA_OPSIYON;D_EQ;SSO;D_EQ_ECP;DE_TAVHL_ECP;TAVHL.E;2025-11-28;43;45.24;-4.95;0;0;0;0;0;0;0;0;0;20;0;;;;;
2025-11-28;O_TAVHLE1125C240.00;TAVHL_11/2025_AVRUPA_OPSIYON;D_EQ;SSO;D_EQ_ECP;DE_TAVHL_ECP;TAVHL.E;2025-11-28;38;40.25;-5.59;0;0;0;0;0;0;0;0;0;118;0;;;;;
2025-11-28;O_TAVHLE1125C245.00;TAVHL_11/2025_AVRUPA_OPSIYON;D_EQ;SSO;D_EQ_ECP;DE_TAVHL_ECP;TAVHL.E;2025-11-28;33;35.25;-6.38;0;0;0;0;0;0;0;0;0;10;0;;;;;
2025-11-28;O_TAVHLE1125C250.00;TAVHL_11/2025_AVRUPA_OPSIYON;D_EQ;SSO;D_EQ_ECP;DE_TAVHL_ECP;TAVHL.E;2025-11-28;28;30.26;-7.47;0;0;0;0;0;0;0;0;0;13;0;;;;;
2025-11-28;O_TAVHLE1125C260.00;TAVHL_11/2025_AVRUPA_OPSIYON;D_EQ;SSO;D_EQ_ECP;DE_TAVHL_ECP;TAVHL.E;2025-11-28;18;20.27;-11.2;0;0;0;0;0;0;0;0;0;4;0;;;;;
2025-11-28;O_TAVHLE1125C270.00;TAVHL_11/2025_AVRUPA_OPSIYON;D_EQ;SSO;D_EQ_ECP;DE_TAVHL_ECP;TAVHL.E;2025-11-28;8;10.36;-22.78;9.66;5.75;9.66;6.72;7.63;2700000;76250;100;10;150;0;;;;;
2025-11-28;O_TAVHLE1125C280.00;TAVHL_11/2025_AVRUPA_OPSIYON;D_EQ;SSO;D_EQ_ECP;DE_TAVHL_ECP;TAVHL.E;2025-11-28;0;2.43;0;0.39;0.39;0.39;0.39;0.39;28000;39;1;1;68;-1;;;;;
2025-11-28;O_TAVHLE1125C290.00;TAVHL_11/2025_AVRUPA_OPSIYON;D_EQ;SSO;D_EQ_ECP;DE_TAVHL_ECP;TAVHL.E;2025-11-28;0;0.12;0;0;0;0;0;0;0;0;0;0;103;0;;;;;
2025-11-28;O_TAVHLE1125C300.00;TAVHL_11/2025_AVRUPA_OPSIYON;D_EQ;SSO;D_EQ_ECP;DE_TAVHL_ECP;TAVHL.E;2025-11-28;0;0.01;0;0;0;0;0;0;0;0;0;0;0;0;;;;;
2025-11-28;O_TAVHLE1125C310.00;TAVHL_11/2025_AVRUPA_OPSIYON;D_EQ;SSO;D_EQ_ECP;DE_TAVHL_ECP;TAVHL.E;2025-11-28;0;0.01;0;0;0;0;0;0;0;0;0;0;0;0;;;;;
2025-11-28;O_TAVHLE1125C320.00;TAVHL_11/2025_AVRUPA_OPSIYON;D_EQ;SSO;D_EQ_ECP;DE_TAVHL_ECP;TAVHL.E;2025-11-28;0;0.01;0;0;0;0;0;0;0;0;0;0;0;0;;;;;
2025-11-28;O_TAVHLE1125C330.00;TAVHL_11/2025_AVRUPA_OPSIYON;D_EQ;SSO;D_EQ_ECP;DE_TAVHL_ECP;TAVHL.E;2025-11-28;0;0.01;0;0;0;0;0;0;0;0;0;0;0;0;;;;;
2025-11-28;O_TAVHLE1125C340.00;TAVHL_11/2025_AVRUPA_OPSIYON;D_EQ;SSO;D_EQ_ECP;DE_TAVHL_ECP;TAVHL.E;2025-11-28;0;0.01;0;0;0;0;0;0;0;0;0;0;0;0;;;;;
2025-11-28;O_TAVHLE1125P200.00;TAVHL_11/2025_AVRUPA_OPSIYON;D_EQ;SSO;D_EQ_EPP;DE_TAVHL_EPP;TAVHL.E;2025-11-28;0;0.01;0;0;0;0;0;0;0;0;0;0;0;0;;;;;
2025-11-28;O_TAVHLE1125P205.00;TAVHL_11/2025_AVRUPA_OPSIYON;D_EQ;SSO;D_EQ_EPP;DE_TAVHL_EPP;TAVHL.E;2025-11-28;0;0.01;0;0;0;0;0;0;0;0;0;0;0;0;;;;;
2025-11-28;O_TAVHLE1125P210.00;TAVHL_11/2025_AVRUPA_OPSIYON;D_EQ;SSO;D_EQ_EPP;DE_TAVHL_EPP;TAVHL.E;2025-11-28;0;0.01;0;0;0;0;0;0;0;0;0;0;0;0;;;;;
2025-11-28;O_TAVHLE1125P215.00;TAVHL_11/2025_AVRUPA_OPSIYON;D_EQ;SSO;D_EQ_EPP;DE_TAVHL_EPP;TAVHL.E;2025-11-28;0;0.01;0;0;0;0;0;0;0;0;0;0;0;0;;;;;
2025-11-28;O_TAVHLE1125P220.00;TAVHL_11/2025_AVRUPA_OPSIYON;D_EQ;SSO;D_EQ_EPP;DE_TAVHL_EPP;TAVHL.E;2025-11-28;0;0.01;0;0;0;0;0;0;0;0;0;0;0;0;;;;;
2025-11-28;O_TAVHLE1125P225.00;TAVHL_11/2025_AVRUPA_OPSIYON;D_EQ;SSO;D_EQ_EPP;DE_TAVHL_EPP;TAVHL.E;2025-11-28;0;0.01;0;0;0;0;0;0;0;0;0;0;0;0;;;;;
2025-11-28;O_TAVHLE1125P230.00;TAVHL_11/2025_AVRUPA_OPSIYON;D_EQ;SSO;D_EQ_EPP;DE_TAVHL_EPP;TAVHL.E;2025-11-28;0;0.01;0;0;0;0;0;0;0;0;0;0;11;0;;;;;
2025-11-28;O_TAVHLE1125P235.00;TAVHL_11/2025_AVRUPA_OPSIYON;D_EQ;SSO;D_EQ_EPP;DE_TAVHL_EPP;TAVHL.E;2025-11-28;0;0.01;0;0;0;0;0;0;0;0;0;0;0;0;;;;;
2025-11-28;O_TAVHLE1125P240.00;TAVHL_11/2025_AVRUPA_OPSIYON;D_EQ;SSO;D_EQ_EPP;DE_TAVHL_EPP;TAVHL.E;2025-11-28;0;0.01;0;0;0;0;0;0;0;0;0;0;150;0;;;;;
2025-11-28;O_TAVHLE1125P245.00;TAVHL_11/2025_AVRUPA_OPSIYON;D_EQ;SSO;D_EQ_EPP;DE_TAVHL_EPP;TAVHL.E;2025-11-28;0;0.01;0;0;0;0;0;0;0;0;0;0;10;0;;;;;
2025-11-28;O_TAVHLE1125P250.00;TAVHL_11/2025_AVRUPA_OPSIYON;D_EQ;SSO;D_EQ_EPP;DE_TAVHL_EPP;TAVHL.E;2025-11-28;0;0.01;0;0;0;0;0;0;0;0;0;0;42;0;;;;;
2025-11-28;O_TAVHLE1125P260.00;TAVHL_11/2025_AVRUPA_OPSIYON;D_EQ;SSO;D_EQ_EPP;DE_TAVHL_EPP;TAVHL.E;2025-11-28;0;0.01;0;0;0;0;0;0;0;0;0;0;169;0;;;;;
2025-11-28;O_TAVHLE1125P270.00;TAVHL_11/2025_AVRUPA_OPSIYON;D_EQ;SSO;D_EQ_EPP;DE_TAVHL_EPP;TAVHL.E;2025-11-28;0;0.08;0;0;0;0;0;0;0;0;0;0;131;0;;;;;
2025-11-28;O_TAVHLE1125P280.00;TAVHL_11/2025_AVRUPA_OPSIYON;D_EQ;SSO;D_EQ_EPP;DE_TAVHL_EPP;TAVHL.E;2025-11-28;2;2.14;-6.54;4.04;4.04;4.04;4.04;4.04;280000;4040;10;1;58;0;;;;;
2025-11-28;O_TAVHLE1125P290.00;TAVHL_11/2025_AVRUPA_OPSIYON;D_EQ;SSO;D_EQ_EPP;DE_TAVHL_EPP;TAVHL.E;2025-11-28;12;9.81;22.32;13.99;13.99;13.99;13.99;13.99;290000;13990;10;1;30;0;;;;;
2025-11-28;O_TAVHLE1225C235.00;TAVHL_12/2025_AVRUPA_OPSIYON;D_EQ;SSO;D_EQ_ECP;DE_TAVHL_ECP;TAVHL.E;2025-12-31;51.64;53.84;-4.09;0;0;0;0;0;0;0;0;0;0;0;;;;;
2025-11-28;O_TAVHLE1225C240.00;TAVHL_12/2025_AVRUPA_OPSIYON;D_EQ;SSO;D_EQ_ECP;DE_TAVHL_ECP;TAVHL.E;2025-12-31;47.12;49.3;-4.42;0;0;0;0;0;0;0;0;0;0;0;;;;;
2025-11-28;O_TAVHLE1225C245.00;TAVHL_12/2025_AVRUPA_OPSIYON;D_EQ;SSO;D_EQ_ECP;DE_TAVHL_ECP;TAVHL.E;2025-12-31;42.7;44.86;-4.81;0;0;0;0;0;0;0;0;0;0;0;;;;;
2025-11-28;O_TAVHLE1225C250.00;TAVHL_12/2025_AVRUPA_OPSIYON;D_EQ;SSO;D_EQ_ECP;DE_TAVHL_ECP;TAVHL.E;2025-12-31;38.41;40.54;-5.25;0;0;0;0;0;0;0;0;0;0;0;;;;;
2025-11-28;O_TAVHLE1225C260.00;TAVHL_12/2025_AVRUPA_OPSIYON;D_EQ;SSO;D_EQ_ECP;DE_TAVHL_ECP;TAVHL.E;2025-12-31;30.32;32.35;-6.28;0;0;0;0;0;0;0;0;0;0;0;;;;;
2025-11-28;O_TAVHLE1225C270.00;TAVHL_12/2025_AVRUPA_OPSIYON;D_EQ;SSO;D_EQ_ECP;DE_TAVHL_ECP;TAVHL.E;2025-12-31;23.04;24.93;-7.58;0;0;0;0;0;0;0;0;0;150;0;;;;;
2025-11-28;O_TAVHLE1225C280.00;TAVHL_12/2025_AVRUPA_OPSIYON;D_EQ;SSO;D_EQ_ECP;DE_TAVHL_ECP;TAVHL.E;2025-12-31;16.88;18.54;-8.95;0;0;0;0;0;0;0;0;0;0;0;;;;;
2025-11-28;O_TAVHLE1225C290.00;TAVHL_12/2025_AVRUPA_OPSIYON;D_EQ;SSO;D_EQ_ECP;DE_TAVHL_ECP;TAVHL.E;2025-12-31;11.94;13.33;-10.43;0;0;0;0;0;0;0;0;0;0;0;;;;;
2025-11-28;O_TAVHLE1225C300.00;TAVHL_12/2025_AVRUPA_OPSIYON;D_EQ;SSO;D_EQ_ECP;DE_TAVHL_ECP;TAVHL.E;2025-12-31;8.18;9.31;-12.14;0;0;0;0;0;0;0;0;0;0;0;;;;;
2025-11-28;O_TAVHLE1225C310.00;TAVHL_12/2025_AVRUPA_OPSIYON;D_EQ;SSO;D_EQ_ECP;DE_TAVHL_ECP;TAVHL.E;2025-12-31;5.54;6.38;-13.17;0;0;0;0;0;0;0;0;0;0;0;;;;;
2025-11-28;O_TAVHLE1225C320.00;TAVHL_12/2025_AVRUPA_OPSIYON;D_EQ;SSO;D_EQ_ECP;DE_TAVHL_ECP;TAVHL.E;2025-12-31;3.71;4.33;-14.32;0;0;0;0;0;0;0;0;0;0;0;;;;;
2025-11-28;O_TAVHLE1225C330.00;TAVHL_12/2025_AVRUPA_OPSIYON;D_EQ;SSO;D_EQ_ECP;DE_TAVHL_ECP;TAVHL.E;2025-12-31;2.45;2.9;-15.52;0;0;0;0;0;0;0;0;0;54;0;;;;;
2025-11-28;O_TAVHLE1225C340.00;TAVHL_12/2025_AVRUPA_OPSIYON;D_EQ;SSO;D_EQ_ECP;DE_TAVHL_ECP;TAVHL.E;2025-12-31;1.61;1.93;-16.58;0;0;0;0;0;0;0;0;0;3;0;;;;;
2025-11-28;O_TAVHLE1225C350.00;TAVHL_12/2025_AVRUPA_OPSIYON;D_EQ;SSO;D_EQ_ECP;DE_TAVHL_ECP;TAVHL.E;2025-12-31;1.05;1.27;-17.32;0;0;0;0;0;0;0;0;0;0;0;;;;;
2025-11-28;O_TAVHLE1225P210.00;TAVHL_12/2025_AVRUPA_OPSIYON;D_EQ;SSO;D_EQ_EPP;DE_TAVHL_EPP;TAVHL.E;2025-12-31;0.08;0.08;0;0;0;0;0;0;0;0;0;0;0;0;;;;;
2025-11-28;O_TAVHLE1225P215.00;TAVHL_12/2025_AVRUPA_OPSIYON;D_EQ;SSO;D_EQ_EPP;DE_TAVHL_EPP;TAVHL.E;2025-12-31;0.13;0.13;0;0;0;0;0;0;0;0;0;0;0;0;;;;;
2025-11-28;O_TAVHLE1225P220.00;TAVHL_12/2025_AVRUPA_OPSIYON;D_EQ;SSO;D_EQ_EPP;DE_TAVHL_EPP;TAVHL.E;2025-12-31;0.21;0.2;5;0;0;0;0;0;0;0;0;0;0;0;;;;;
2025-11-28;O_TAVHLE1225P225.00;TAVHL_12/2025_AVRUPA_OPSIYON;D_EQ;SSO;D_EQ_EPP;DE_TAVHL_EPP;TAVHL.E;2025-12-31;0.32;0.3;6.67;0;0;0;0;0;0;0;0;0;0;0;;;;;
2025-11-28;O_TAVHLE1225P230.00;TAVHL_12/2025_AVRUPA_OPSIYON;D_EQ;SSO;D_EQ_EPP;DE_TAVHL_EPP;TAVHL.E;2025-12-31;0.48;0.45;6.67;0;0;0;0;0;0;0;0;0;2;0;;;;;
2025-11-28;O_TAVHLE1225P235.00;TAVHL_12/2025_AVRUPA_OPSIYON;D_EQ;SSO;D_EQ_EPP;DE_TAVHL_EPP;TAVHL.E;2025-12-31;0.71;0.67;5.97;0;0;0;0;0;0;0;0;0;0;0;;;;;
2025-11-28;O_TAVHLE1225P240.00;TAVHL_12/2025_AVRUPA_OPSIYON;D_EQ;SSO;D_EQ_EPP;DE_TAVHL_EPP;TAVHL.E;2025-12-31;1.02;0.95;7.37;0;0;0;0;0;0;0;0;0;0;0;;;;;
2025-11-28;O_TAVHLE1225P245.00;TAVHL_12/2025_AVRUPA_OPSIYON;D_EQ;SSO;D_EQ_EPP;DE_TAVHL_EPP;TAVHL.E;2025-12-31;1.43;1.34;6.72;0;0;0;0;0;0;0;0;0;0;0;;;;;
2025-11-28;O_TAVHLE1225P250.00;TAVHL_12/2025_AVRUPA_OPSIYON;D_EQ;SSO;D_EQ_EPP;DE_TAVHL_EPP;TAVHL.E;2025-12-31;1.97;1.85;6.49;0;0;0;0;0;0;0;0;0;0;0;;;;;
2025-11-28;O_TAVHLE1225P260.00;TAVHL_12/2025_AVRUPA_OPSIYON;D_EQ;SSO;D_EQ_EPP;DE_TAVHL_EPP;TAVHL.E;2025-12-31;3.53;3.31;6.65;0;0;0;0;0;0;0;0;0;0;0;;;;;
2025-11-28;O_TAVHLE1225P270.00;TAVHL_12/2025_AVRUPA_OPSIYON;D_EQ;SSO;D_EQ_EPP;DE_TAVHL_EPP;TAVHL.E;2025-12-31;5.92;5.54;6.86;0;0;0;0;0;0;0;0;0;0;0;;;;;
2025-11-28;O_TAVHLE1225P280.00;TAVHL_12/2025_AVRUPA_OPSIYON;D_EQ;SSO;D_EQ_EPP;DE_TAVHL_EPP;TAVHL.E;2025-12-31;9.42;8.8;7.05;0;0;0;0;0;0;0;0;0;0;0;;;;;
2025-11-28;O_TAVHLE1225P290.00;TAVHL_12/2025_AVRUPA_OPSIYON;D_EQ;SSO;D_EQ_EPP;DE_TAVHL_EPP;TAVHL.E;2025-12-31;14.14;13.24;6.8;0;0;0;0;0;0;0;0;0;0;0;;;;;
2025-11-28;O_TAVHLE1225P300.00;TAVHL_12/2025_AVRUPA_OPSIYON;D_EQ;SSO;D_EQ_EPP;DE_TAVHL_EPP;TAVHL.E;2025-12-31;20.05;18.87;6.25;0;0;0;0;0;0;0;0;0;0;0;;;;;
2025-11-28;O_TCELLE0126C100.00;TCELL_01/2026_AVRUPA_OPSIYON;D_EQ;SSO;D_EQ_ECP;DE_TCELL_ECP;TCELL.E;2026-01-30;6.49;7.23;-10.24;0;0;0;0;0;0;0;0;0;0;0;;;;;
2025-11-28;O_TCELLE0126C105.00;TCELL_01/2026_AVRUPA_OPSIYON;D_EQ;SSO;D_EQ_ECP;DE_TCELL_ECP;TCELL.E;2026-01-30;4.53;5.1;-11.18;3.02;3.02;3.02;3.02;3.02;661500;19026;63;1;63;63;;;;;
2025-11-28;O_TCELLE0126C110.00;TCELL_01/2026_AVRUPA_OPSIYON;D_EQ;SSO;D_EQ_ECP;DE_TCELL_ECP;TCELL.E;2026-01-30;3.29;3.68;-10.6;1.92;1.92;1.92;1.92;1.92;693000;12096;63;1;63;63;;;;;
2025-11-28;O_TCELLE0126C115.00;TCELL_01/2026_AVRUPA_OPSIYON;D_EQ;SSO;D_EQ_ECP;DE_TCELL_ECP;TCELL.E;2026-01-30;2.42;2.71;-10.7;0;0;0;0;0;0;0;0;0;0;0;;;;;
2025-11-28;O_TCELLE0126C120.00;TCELL_01/2026_AVRUPA_OPSIYON;D_EQ;SSO;D_EQ_ECP;DE_TCELL_ECP;TCELL.E;2026-01-30;1.8;2.02;-10.89;0;0;0;0;0;0;0;0;0;0;0;;;;;
2025-11-28;O_TCELLE0126C125.00;TCELL_01/2026_AVRUPA_OPSIYON;D_EQ;SSO;D_EQ_ECP;DE_TCELL_ECP;TCELL.E;2026-01-30;1.37;1.54;-11.04;0;0;0;0;0;0;0;0;0;0;0;;;;;
2025-11-28;O_TCELLE0126C130.00;TCELL_01/2026_AVRUPA_OPSIYON;D_EQ;SSO;D_EQ_ECP;DE_TCELL_ECP;TCELL.E;2026-01-30;1.07;1.19;-10.08;0;0;0;0;0;0;0;0;0;0;0;;;;;
2025-11-28;O_TCELLE0126C135.00;TCELL_01/2026_AVRUPA_OPSIYON;D_EQ;SSO;D_EQ_ECP;DE_TCELL_ECP;TCELL.E;2026-01-30;0.85;0.94;-9.57;0;0;0;0;0;0;0;0;0;0;0;;;;;
2025-11-28;O_TCELLE0126C140.00;TCELL_01/2026_AVRUPA_OPSIYON;D_EQ;SSO;D_EQ_ECP;DE_TCELL_ECP;TCELL.E;2026-01-30;0.68;0.76;-10.53;0;0;0;0;0;0;0;0;0;0;0;;;;;
2025-11-28;O_TCELLE0126C98.00;TCELL_01/2026_AVRUPA_OPSIYON;D_EQ;SSO;D_EQ_ECP;DE_TCELL_ECP;TCELL.E;2026-01-30;7.48;8.28;-9.66;0;0;0;0;0;0;0;0;0;0;0;;;;;
2025-11-28;O_TCELLE0126P100.00;TCELL_01/2026_AVRUPA_OPSIYON;D_EQ;SSO;D_EQ_EPP;DE_TCELL_EPP;TCELL.E;2026-01-30;5.31;4.88;8.81;0;0;0;0;0;0;0;0;0;0;0;;;;;
2025-11-28;O_TCELLE0126P105.00;TCELL_01/2026_AVRUPA_OPSIYON;D_EQ;SSO;D_EQ_EPP;DE_TCELL_EPP;TCELL.E;2026-01-30;7.97;7.36;8.29;10.02;10.02;10.02;10.02;10.02;661500;63126;63;1;63;63;;;;;
2025-11-28;O_TCELLE0126P110.00;TCELL_01/2026_AVRUPA_OPSIYON;D_EQ;SSO;D_EQ_EPP;DE_TCELL_EPP;TCELL.E;2026-01-30;11.34;10.55;7.49;13.6;13.6;13.6;13.6;13.6;693000;85680;63;1;63;63;;;;;
2025-11-28;O_TCELLE0126P115.00;TCELL_01/2026_AVRUPA_OPSIYON;D_EQ;SSO;D_EQ_EPP;DE_TCELL_EPP;TCELL.E;2026-01-30;15.09;14.2;6.27;0;0;0;0;0;0;0;0;0;0;0;;;;;
2025-11-28;O_TCELLE0126P88.00;TCELL_01/2026_AVRUPA_OPSIYON;D_EQ;SSO;D_EQ_EPP;DE_TCELL_EPP;TCELL.E;2026-01-30;1.72;1.59;8.18;0;0;0;0;0;0;0;0;0;0;0;;;;;
2025-11-28;O_TCELLE0126P90.00;TCELL_01/2026_AVRUPA_OPSIYON;D_EQ;SSO;D_EQ_EPP;DE_TCELL_EPP;TCELL.E;2026-01-30;2.1;1.94;8.25;0;0;0;0;0;0;0;0;0;0;0;;;;;
2025-11-28;O_TCELLE0126P92.00;TCELL_01/2026_AVRUPA_OPSIYON;D_EQ;SSO;D_EQ_EPP;DE_TCELL_EPP;TCELL.E;2026-01-30;2.55;2.35;8.51;0;0;0;0;0;0;0;0;0;0;0;;;;;
2025-11-28;O_TCELLE0126P94.00;TCELL_01/2026_AVRUPA_OPSIYON;D_EQ;SSO;D_EQ_EPP;DE_TCELL_EPP;TCELL.E;2026-01-30;3.06;2.83;8.13;0;0;0;0;0;0;0;0;0;0;0;;;;;
2025-11-28;O_TCELLE0126P96.00;TCELL_01/2026_AVRUPA_OPSIYON;D_EQ;SSO;D_EQ_EPP;DE_TCELL_EPP;TCELL.E;2026-01-30;3.69;3.37;9.5;0;0;0;0;0;0;0;0;0;0;0;;;;;
2025-11-28;O_TCELLE0126P98.00;TCELL_01/2026_AVRUPA_OPSIYON;D_EQ;SSO;D_EQ_EPP;DE_TCELL_EPP;TCELL.E;2026-01-30;4.45;4.08;9.07;0;0;0;0;0;0;0;0;0;0;0;;;;;
2025-11-28;O_TCELLE1125C100.00;TCELL_11/2025_AVRUPA_OPSIYON;D_EQ;SSO;D_EQ_ECP;DE_TCELL_ECP;TCELL.E;2025-11-28;0;0.01;0;0;0;0;0;0;0;0;0;0;240;0;;;;;
2025-11-28;O_TCELLE1125C105.00;TCELL_11/2025_AVRUPA_OPSIYON;D_EQ;SSO;D_EQ_ECP;DE_TCELL_ECP;TCELL.E;2025-11-28;0;0.01;0;0;0;0;0;0;0;0;0;0;7;0;;;;;
2025-11-28;O_TCELLE1125C110.00;TCELL_11/2025_AVRUPA_OPSIYON;D_EQ;SSO;D_EQ_ECP;DE_TCELL_ECP;TCELL.E;2025-11-28;0;0.01;0;0;0;0;0;0;0;0;0;0;369;0;;;;;
2025-11-28;O_TCELLE1125C115.00;TCELL_11/2025_AVRUPA_OPSIYON;D_EQ;SSO;D_EQ_ECP;DE_TCELL_ECP;TCELL.E;2025-11-28;0;0.01;0;0;0;0;0;0;0;0;0;0;723;0;;;;;
2025-11-28;O_TCELLE1125C120.00;TCELL_11/2025_AVRUPA_OPSIYON;D_EQ;SSO;D_EQ_ECP;DE_TCELL_ECP;TCELL.E;2025-11-28;0;0.01;0;0;0;0;0;0;0;0;0;0;256;0;;;;;
2025-11-28;O_TCELLE1125C125.00;TCELL_11/2025_AVRUPA_OPSIYON;D_EQ;SSO;D_EQ_ECP;DE_TCELL_ECP;TCELL.E;2025-11-28;0;0.01;0;0;0;0;0;0;0;0;0;0;70;0;;;;;
2025-11-28;O_TCELLE1125C130.00;TCELL_11/2025_AVRUPA_OPSIYON;D_EQ;SSO;D_EQ_ECP;DE_TCELL_ECP;TCELL.E;2025-11-28;0;0.01;0;0;0;0;0;0;0;0;0;0;0;0;;;;;
2025-11-28;O_TCELLE1125C135.00;TCELL_11/2025_AVRUPA_OPSIYON;D_EQ;SSO;D_EQ_ECP;DE_TCELL_ECP;TCELL.E;2025-11-28;0;0.01;0;0;0;0;0;0;0;0;0;0;0;0;;;;;
2025-11-28;O_TCELLE1125C92.00;TCELL_11/2025_AVRUPA_OPSIYON;D_EQ;SSO;D_EQ_ECP;DE_TCELL_ECP;TCELL.E;2025-11-28;1.55;2.76;-43.84;2.88;2.88;2.97;2.97;2.93;460000;14625;50;2;116;0;;;;;
2025-11-28;O_TCELLE1125C94.00;TCELL_11/2025_AVRUPA_OPSIYON;D_EQ;SSO;D_EQ_ECP;DE_TCELL_ECP;TCELL.E;2025-11-28;0;1.15;0;1.23;1.23;1.23;1.23;1.23;470000;6150;50;2;124;0;;;;;
2025-11-28;O_TCELLE1125C96.00;TCELL_11/2025_AVRUPA_OPSIYON;D_EQ;SSO;D_EQ_ECP;DE_TCELL_ECP;TCELL.E;2025-11-28;0;0.28;0;0;0;0;0;0;0;0;0;0;601;0;;;;;
2025-11-28;O_TCELLE1125C98.00;TCELL_11/2025_AVRUPA_OPSIYON;D_EQ;SSO;D_EQ_ECP;DE_TCELL_ECP;TCELL.E;2025-11-28;0;0.04;0;0;0;0;0;0;0;0;0;0;284;0;;;;;
2025-11-28;O_TCELLE1125P100.00;TCELL_11/2025_AVRUPA_OPSIYON;D_EQ;SSO;D_EQ_EPP;DE_TCELL_EPP;TCELL.E;2025-11-28;6.45;5.3;21.7;0;0;0;0;0;0;0;0;0;101;0;;;;;
2025-11-28;O_TCELLE1125P105.00;TCELL_11/2025_AVRUPA_OPSIYON;D_EQ;SSO;D_EQ_EPP;DE_TCELL_EPP;TCELL.E;2025-11-28;11.45;10.29;11.27;0;0;0;0;0;0;0;0;0;555;0;;;;;
2025-11-28;O_TCELLE1125P110.00;TCELL_11/2025_AVRUPA_OPSIYON;D_EQ;SSO;D_EQ_EPP;DE_TCELL_EPP;TCELL.E;2025-11-28;16.45;15.29;7.59;0;0;0;0;0;0;0;0;0;2419;0;;;;;
2025-11-28;O_TCELLE1125P82.00;TCELL_11/2025_AVRUPA_OPSIYON;D_EQ;SSO;D_EQ_EPP;DE_TCELL_EPP;TCELL.E;2025-11-28;0;0.01;0;0;0;0;0;0;0;0;0;0;0;0;;;;;
2025-11-28;O_TCELLE1125P84.00;TCELL_11/2025_AVRUPA_OPSIYON;D_EQ;SSO;D_EQ_EPP;DE_TCELL_EPP;TCELL.E;2025-11-28;0;0.01;0;1.02;1.02;1.02;1.02;1.02;8400;102;1;1;50;-1;;;;;
2025-11-28;O_TCELLE1125P86.00;TCELL_11/2025_AVRUPA_OPSIYON;D_EQ;SSO;D_EQ_EPP;DE_TCELL_EPP;TCELL.E;2025-11-28;0;0.01;0;0;0;0;0;0;0;0;0;0;87;0;;;;;
2025-11-28;O_TCELLE1125P88.00;TCELL_11/2025_AVRUPA_OPSIYON;D_EQ;SSO;D_EQ_EPP;DE_TCELL_EPP;TCELL.E;2025-11-28;0;0.01;0;0;0;0;0;0;0;0;0;0;25;0;;;;;
2025-11-28;O_TCELLE1125P90.00;TCELL_11/2025_AVRUPA_OPSIYON;D_EQ;SSO;D_EQ_EPP;DE_TCELL_EPP;TCELL.E;2025-11-28;0;0.01;0;0;0;0;0;0;0;0;0;0;50;0;;;;;
2025-11-28;O_TCELLE1125P92.00;TCELL_11/2025_AVRUPA_OPSIYON;D_EQ;SSO;D_EQ_EPP;DE_TCELL_EPP;TCELL.E;2025-11-28;0;0.06;0;0.05;0.05;0.05;0.05;0.05;9200;5;1;1;10;0;;;;;
2025-11-28;O_TCELLE1125P94.00;TCELL_11/2025_AVRUPA_OPSIYON;D_EQ;SSO;D_EQ_EPP;DE_TCELL_EPP;TCELL.E;2025-11-28;0.45;0.46;-2.17;0.56;0.56;0.56;0.56;0.56;28200;168;3;2;545;-3;;;;;
2025-11-28;O_TCELLE1125P96.00;TCELL_11/2025_AVRUPA_OPSIYON;D_EQ;SSO;D_EQ_EPP;DE_TCELL_EPP;TCELL.E;2025-11-28;2.45;1.58;55.06;1.38;1.37;1.38;1.37;1.38;480000;6875;50;2;105;0;;;;;
2025-11-28;O_TCELLE1125P98.00;TCELL_11/2025_AVRUPA_OPSIYON;D_EQ;SSO;D_EQ_EPP;DE_TCELL_EPP;TCELL.E;2025-11-28;4.45;3.33;33.63;0;0;0;0;0;0;0;0;0;50;0;;;;;
2025-11-28;O_TCELLE1225C100.00;TCELL_12/2025_AVRUPA_OPSIYON;D_EQ;SSO;D_EQ_ECP;DE_TCELL_ECP;TCELL.E;2025-12-31;3.02;3.57;-15.41;0;0;0;0;0;0;0;0;0;101;0;;;;;
2025-11-28;O_TCELLE1225C105.00;TCELL_12/2025_AVRUPA_OPSIYON;D_EQ;SSO;D_EQ_ECP;DE_TCELL_ECP;TCELL.E;2025-12-31;1.74;2.08;-16.35;1.03;1.01;1.03;1.01;1.02;1312500;12775;125;5;582;125;;;;;
2025-11-28;O_TCELLE1225C110.00;TCELL_12/2025_AVRUPA_OPSIYON;D_EQ;SSO;D_EQ_ECP;DE_TCELL_ECP;TCELL.E;2025-12-31;1.02;1.23;-17.07;0;0;0;0;0;0;0;0;0;1953;0;;;;;
2025-11-28;O_TCELLE1225C115.00;TCELL_12/2025_AVRUPA_OPSIYON;D_EQ;SSO;D_EQ_ECP;DE_TCELL_ECP;TCELL.E;2025-12-31;0.6;0.74;-18.92;0;0;0;0;0;0;0;0;0;0;0;;;;;
2025-11-28;O_TCELLE1225C120.00;TCELL_12/2025_AVRUPA_OPSIYON;D_EQ;SSO;D_EQ_ECP;DE_TCELL_ECP;TCELL.E;2025-12-31;0.36;0.45;-20;0;0;0;0;0;0;0;0;0;30;0;;;;;
2025-11-28;O_TCELLE1225C125.00;TCELL_12/2025_AVRUPA_OPSIYON;D_EQ;SSO;D_EQ_ECP;DE_TCELL_ECP;TCELL.E;2025-12-31;0.23;0.28;-17.86;0;0;0;0;0;0;0;0;0;0;0;;;;;
2025-11-28;O_TCELLE1225C130.00;TCELL_12/2025_AVRUPA_OPSIYON;D_EQ;SSO;D_EQ_ECP;DE_TCELL_ECP;TCELL.E;2025-12-31;0.15;0.18;-16.67;0;0;0;0;0;0;0;0;0;0;0;;;;;
2025-11-28;O_TCELLE1225C135.00;TCELL_12/2025_AVRUPA_OPSIYON;D_EQ;SSO;D_EQ_ECP;DE_TCELL_ECP;TCELL.E;2025-12-31;0.1;0.12;-16.67;0;0;0;0;0;0;0;0;0;0;0;;;;;
2025-11-28;O_TCELLE1225C140.00;TCELL_12/2025_AVRUPA_OPSIYON;D_EQ;SSO;D_EQ_ECP;DE_TCELL_ECP;TCELL.E;2025-12-31;0.07;0.08;-12.5;0;0;0;0;0;0;0;0;0;1;0;;;;;
2025-11-28;O_TCELLE1225C96.00;TCELL_12/2025_AVRUPA_OPSIYON;D_EQ;SSO;D_EQ_ECP;DE_TCELL_ECP;TCELL.E;2025-12-31;4.68;5.42;-13.65;0;0;0;0;0;0;0;0;0;116;0;;;;;
2025-11-28;O_TCELLE1225C98.00;TCELL_12/2025_AVRUPA_OPSIYON;D_EQ;SSO;D_EQ_ECP;DE_TCELL_ECP;TCELL.E;2025-12-31;3.78;4.41;-14.29;0;0;0;0;0;0;0;0;0;123;0;;;;;
2025-11-28;O_TCELLE1225P100.00;TCELL_12/2025_AVRUPA_OPSIYON;D_EQ;SSO;D_EQ_EPP;DE_TCELL_EPP;TCELL.E;2025-12-31;6.09;5.5;10.73;0;0;0;0;0;0;0;0;0;83;0;;;;;
2025-11-28;O_TCELLE1225P105.00;TCELL_12/2025_AVRUPA_OPSIYON;D_EQ;SSO;D_EQ_EPP;DE_TCELL_EPP;TCELL.E;2025-12-31;9.64;8.83;9.17;0;0;0;0;0;0;0;0;0;0;0;;;;;
2025-11-28;O_TCELLE1225P110.00;TCELL_12/2025_AVRUPA_OPSIYON;D_EQ;SSO;D_EQ_EPP;DE_TCELL_EPP;TCELL.E;2025-12-31;13.75;12.81;7.34;0;0;0;0;0;0;0;0;0;17;0;;;;;
2025-11-28;O_TCELLE1225P115.00;TCELL_12/2025_AVRUPA_OPSIYON;D_EQ;SSO;D_EQ_EPP;DE_TCELL_EPP;TCELL.E;2025-12-31;18.17;17.14;6.01;0;0;0;0;0;0;0;0;0;33;0;;;;;
2025-11-28;O_TCELLE1225P86.00;TCELL_12/2025_AVRUPA_OPSIYON;D_EQ;SSO;D_EQ_EPP;DE_TCELL_EPP;TCELL.E;2025-12-31;0.97;0.87;11.49;0;0;0;0;0;0;0;0;0;325;0;;;;;
2025-11-28;O_TCELLE1225P88.00;TCELL_12/2025_AVRUPA_OPSIYON;D_EQ;SSO;D_EQ_EPP;DE_TCELL_EPP;TCELL.E;2025-12-31;1.31;1.18;11.02;0;0;0;0;0;0;0;0;0;100;0;;;;;
2025-11-28;O_TCELLE1225P90.00;TCELL_12/2025_AVRUPA_OPSIYON;D_EQ;SSO;D_EQ_EPP;DE_TCELL_EPP;TCELL.E;2025-12-31;1.75;1.57;11.46;0;0;0;0;0;0;0;0;0;120;0;;;;;
2025-11-28;O_TCELLE1225P92.00;TCELL_12/2025_AVRUPA_OPSIYON;D_EQ;SSO;D_EQ_EPP;DE_TCELL_EPP;TCELL.E;2025-12-31;2.29;2.06;11.17;0;0;0;0;0;0;0;0;0;11;0;;;;;
2025-11-28;O_TCELLE1225P94.00;TCELL_12/2025_AVRUPA_OPSIYON;D_EQ;SSO;D_EQ_EPP;DE_TCELL_EPP;TCELL.E;2025-12-31;3.02;2.69;12.27;3.02;3.02;3.28;3.26;3.17;37600;1266;4;4;6;4;;;;;
2025-11-28;O_TCELLE1225P96.00;TCELL_12/2025_AVRUPA_OPSIYON;D_EQ;SSO;D_EQ_EPP;DE_TCELL_EPP;TCELL.E;2025-12-31;3.89;3.48;11.78;0;0;0;0;0;0;0;0;0;50;0;;;;;
2025-11-28;O_TCELLE1225P98.00;TCELL_12/2025_AVRUPA_OPSIYON;D_EQ;SSO;D_EQ_EPP;DE_TCELL_EPP;TCELL.E;2025-12-31;4.92;4.4;11.82;0;0;0;0;0;0;0;0;0;25;0;;;;;
2025-11-28;O_THYAOE0126C280.00;THYAO_01/2026_AVRUPA_OPSIYON;D_EQ;SSO;D_EQ_ECP;DE_THYAO_ECP;THYAO.E;2026-01-30;22.08;22.23;-0.67;0;0;0;0;0;0;0;0;0;1;0;;;;;
2025-11-28;O_THYAOE0126C290.00;THYAO_01/2026_AVRUPA_OPSIYON;D_EQ;SSO;D_EQ_ECP;DE_THYAO_ECP;THYAO.E;2026-01-30;16.57;16.74;-1.02;0;0;0;0;0;0;0;0;0;0;0;;;;;
2025-11-28;O_THYAOE0126C300.00;THYAO_01/2026_AVRUPA_OPSIYON;D_EQ;SSO;D_EQ_ECP;DE_THYAO_ECP;THYAO.E;2026-01-30;12.27;12.43;-1.29;0;0;0;0;0;0;0;0;0;0;0;;;;;
2025-11-28;O_THYAOE0126C310.00;THYAO_01/2026_AVRUPA_OPSIYON;D_EQ;SSO;D_EQ_ECP;DE_THYAO_ECP;THYAO.E;2026-01-30;9.14;9.29;-1.61;0;0;0;0;0;0;0;0;0;0;0;;;;;
2025-11-28;O_THYAOE0126C320.00;THYAO_01/2026_AVRUPA_OPSIYON;D_EQ;SSO;D_EQ_ECP;DE_THYAO_ECP;THYAO.E;2026-01-30;7.05;7.18;-1.81;0;0;0;0;0;0;0;0;0;0;0;;;;;
2025-11-28;O_THYAOE0126C330.00;THYAO_01/2026_AVRUPA_OPSIYON;D_EQ;SSO;D_EQ_ECP;DE_THYAO_ECP;THYAO.E;2026-01-30;5.5;5.62;-2.14;0;0;0;0;0;0;0;0;0;0;0;;;;;
2025-11-28;O_THYAOE0126C340.00;THYAO_01/2026_AVRUPA_OPSIYON;D_EQ;SSO;D_EQ_ECP;DE_THYAO_ECP;THYAO.E;2026-01-30;4.36;4.46;-2.24;0;0;0;0;0;0;0;0;0;0;0;;;;;
2025-11-28;O_THYAOE0126C350.00;THYAO_01/2026_AVRUPA_OPSIYON;D_EQ;SSO;D_EQ_ECP;DE_THYAO_ECP;THYAO.E;2026-01-30;3.5;3.59;-2.51;0;0;0;0;0;0;0;0;0;0;0;;;;;
2025-11-28;O_THYAOE0126C360.00;THYAO_01/2026_AVRUPA_OPSIYON;D_EQ;SSO;D_EQ_ECP;DE_THYAO_ECP;THYAO.E;2026-01-30;2.86;2.94;-2.72;0;0;0;0;0;0;0;0;0;0;0;;;;;
2025-11-28;O_THYAOE0126C370.00;THYAO_01/2026_AVRUPA_OPSIYON;D_EQ;SSO;D_EQ_ECP;DE_THYAO_ECP;THYAO.E;2026-01-30;2.37;2.44;-2.87;0;0;0;0;0;0;0;0;0;0;0;;;;;
2025-11-28;O_THYAOE0126C380.00;THYAO_01/2026_AVRUPA_OPSIYON;D_EQ;SSO;D_EQ_ECP;DE_THYAO_ECP;THYAO.E;2026-01-30;2;2.06;-2.91;0;0;0;0;0;0;0;0;0;0;0;;;;;
2025-11-28;O_THYAOE0126P240.00;THYAO_01/2026_AVRUPA_OPSIYON;D_EQ;SSO;D_EQ_EPP;DE_THYAO_EPP;THYAO.E;2026-01-30;1.6;1.64;-2.44;0;0;0;0;0;0;0;0;0;0;0;;;;;
2025-11-28;O_THYAOE0126P245.00;THYAO_01/2026_AVRUPA_OPSIYON;D_EQ;SSO;D_EQ_EPP;DE_THYAO_EPP;THYAO.E;2026-01-30;1.99;2.04;-2.45;0;0;0;0;0;0;0;0;0;0;0;;;;;
2025-11-28;O_THYAOE0126P250.00;THYAO_01/2026_AVRUPA_OPSIYON;D_EQ;SSO;D_EQ_EPP;DE_THYAO_EPP;THYAO.E;2026-01-30;2.46;2.51;-1.99;0;0;0;0;0;0;0;0;0;0;0;;;;;
2025-11-28;O_THYAOE0126P260.00;THYAO_01/2026_AVRUPA_OPSIYON;D_EQ;SSO;D_EQ_EPP;DE_THYAO_EPP;THYAO.E;2026-01-30;3.69;3.75;-1.6;0;0;0;0;0;0;0;0;0;0;0;;;;;
2025-11-28;O_THYAOE0126P270.00;THYAO_01/2026_AVRUPA_OPSIYON;D_EQ;SSO;D_EQ_EPP;DE_THYAO_EPP;THYAO.E;2026-01-30;5.42;5.49;-1.28;0;0;0;0;0;0;0;0;0;1500;0;;;;;
2025-11-28;O_THYAOE0126P280.00;THYAO_01/2026_AVRUPA_OPSIYON;D_EQ;SSO;D_EQ_EPP;DE_THYAO_EPP;THYAO.E;2026-01-30;7.95;8.03;-1;0;0;0;0;0;0;0;0;0;0;0;;;;;
2025-11-28;O_THYAOE0126P290.00;THYAO_01/2026_AVRUPA_OPSIYON;D_EQ;SSO;D_EQ_EPP;DE_THYAO_EPP;THYAO.E;2026-01-30;11.69;11.76;-0.6;0;0;0;0;0;0;0;0;0;0;0;;;;;
2025-11-28;O_THYAOE0126P300.00;THYAO_01/2026_AVRUPA_OPSIYON;D_EQ;SSO;D_EQ_EPP;DE_THYAO_EPP;THYAO.E;2026-01-30;16.62;16.68;-0.36;0;0;0;0;0;0;0;0;0;0;0;;;;;
2025-11-28;O_THYAOE0126P310.00;THYAO_01/2026_AVRUPA_OPSIYON;D_EQ;SSO;D_EQ_EPP;DE_THYAO_EPP;THYAO.E;2026-01-30;22.73;22.76;-0.13;0;0;0;0;0;0;0;0;0;0;0;;;;;
2025-11-28;O_THYAOE0126P320.00;THYAO_01/2026_AVRUPA_OPSIYON;D_EQ;SSO;D_EQ_EPP;DE_THYAO_EPP;THYAO.E;2026-01-30;29.88;29.89;-0.03;0;0;0;0;0;0;0;0;0;0;0;;;;;
2025-11-28;O_THYAOE0126P330.00;THYAO_01/2026_AVRUPA_OPSIYON;D_EQ;SSO;D_EQ_EPP;DE_THYAO_EPP;THYAO.E;2026-01-30;37.57;37.55;0.05;0;0;0;0;0;0;0;0;0;0;0;;;;;
2025-11-28;O_THYAOE1125C260.00;THYAO_11/2025_AVRUPA_OPSIYON;D_EQ;SSO;D_EQ_ECP;DE_THYAO_ECP;THYAO.E;2025-11-28;12.75;12.77;-0.16;12.65;12.65;13.45;13.19;13.12;1040000;52490;40;4;33;0;;;;;
2025-11-28;O_THYAOE1125C270.00;THYAO_11/2025_AVRUPA_OPSIYON;D_EQ;SSO;D_EQ_ECP;DE_THYAO_ECP;THYAO.E;2025-11-28;2.75;3.5;-21.43;3.5;3.5;5.56;3.6;4.24;12447000;195556;461;44;150;129;;;;;
2025-11-28;O_THYAOE1125C280.00;THYAO_11/2025_AVRUPA_OPSIYON;D_EQ;SSO;D_EQ_ECP;DE_THYAO_ECP;THYAO.E;2025-11-28;0;0.11;0;0;0;0;0;0;0;0;0;0;110;0;;;;;
2025-11-28;O_THYAOE1125C290.00;THYAO_11/2025_AVRUPA_OPSIYON;D_EQ;SSO;D_EQ_ECP;DE_THYAO_ECP;THYAO.E;2025-11-28;0;0.01;0;0;0;0;0;0;0;0;0;0;1525;0;;;;;
2025-11-28;O_THYAOE1125C300.00;THYAO_11/2025_AVRUPA_OPSIYON;D_EQ;SSO;D_EQ_ECP;DE_THYAO_ECP;THYAO.E;2025-11-28;0;0.01;0;0;0;0;0;0;0;0;0;0;671;0;;;;;
2025-11-28;O_THYAOE1125C310.00;THYAO_11/2025_AVRUPA_OPSIYON;D_EQ;SSO;D_EQ_ECP;DE_THYAO_ECP;THYAO.E;2025-11-28;0;0.01;0;0;0;0;0;0;0;0;0;0;281;0;;;;;
2025-11-28;O_THYAOE1125C320.00;THYAO_11/2025_AVRUPA_OPSIYON;D_EQ;SSO;D_EQ_ECP;DE_THYAO_ECP;THYAO.E;2025-11-28;0;0.01;0;0;0;0;0;0;0;0;0;0;772;0;;;;;
2025-11-28;O_THYAOE1125C330.00;THYAO_11/2025_AVRUPA_OPSIYON;D_EQ;SSO;D_EQ_ECP;DE_THYAO_ECP;THYAO.E;2025-11-28;0;0.01;0;0;0;0;0;0;0;0;0;0;1967;0;;;;;
2025-11-28;O_THYAOE1125C340.00;THYAO_11/2025_AVRUPA_OPSIYON;D_EQ;SSO;D_EQ_ECP;DE_THYAO_ECP;THYAO.E;2025-11-28;0;0.01;0;0;0;0;0;0;0;0;0;0;1414;0;;;;;
2025-11-28;O_THYAOE1125C350.00;THYAO_11/2025_AVRUPA_OPSIYON;D_EQ;SSO;D_EQ_ECP;DE_THYAO_ECP;THYAO.E;2025-11-28;0;0.01;0;0;0;0;0;0;0;0;0;0;1026;0;;;;;
2025-11-28;O_THYAOE1125C360.00;THYAO_11/2025_AVRUPA_OPSIYON;D_EQ;SSO;D_EQ_ECP;DE_THYAO_ECP;THYAO.E;2025-11-28;0;0.01;0;0;0;0;0;0;0;0;0;0;523;0;;;;;
2025-11-28;O_THYAOE1125C370.00;THYAO_11/2025_AVRUPA_OPSIYON;D_EQ;SSO;D_EQ_ECP;DE_THYAO_ECP;THYAO.E;2025-11-28;0;0.01;0;0;0;0;0;0;0;0;0;0;1248;0;;;;;
2025-11-28;O_THYAOE1125C380.00;THYAO_11/2025_AVRUPA_OPSIYON;D_EQ;SSO;D_EQ_ECP;DE_THYAO_ECP;THYAO.E;2025-11-28;0;0.01;0;0;0;0;0;0;0;0;0;0;208;0;;;;;
2025-11-28;O_THYAOE1125C390.00;THYAO_11/2025_AVRUPA_OPSIYON;D_EQ;SSO;D_EQ_ECP;DE_THYAO_ECP;THYAO.E;2025-11-28;0;0.01;0;0;0;0;0;0;0;0;0;0;714;0;;;;;
2025-11-28;O_THYAOE1125C400.00;THYAO_11/2025_AVRUPA_OPSIYON;D_EQ;SSO;D_EQ_ECP;DE_THYAO_ECP;THYAO.E;2025-11-28;0;0.01;0;0;0;0;0;0;0;0;0;0;133;0;;;;;
2025-11-28;O_THYAOE1125C410.00;THYAO_11/2025_AVRUPA_OPSIYON;D_EQ;SSO;D_EQ_ECP;DE_THYAO_ECP;THYAO.E;2025-11-28;0;0.01;0;0;0;0;0;0;0;0;0;0;0;0;;;;;
2025-11-28;O_THYAOE1125C420.00;THYAO_11/2025_AVRUPA_OPSIYON;D_EQ;SSO;D_EQ_ECP;DE_THYAO_ECP;THYAO.E;2025-11-28;0;0.01;0;0;0;0;0;0;0;0;0;0;0;0;;;;;
2025-11-28;O_THYAOE1125C430.00;THYAO_11/2025_AVRUPA_OPSIYON;D_EQ;SSO;D_EQ_ECP;DE_THYAO_ECP;THYAO.E;2025-11-28;0;0.01;0;0;0;0;0;0;0;0;0;0;0;0;;;;;
2025-11-28;O_THYAOE1125P230.00;THYAO_11/2025_AVRUPA_OPSIYON;D_EQ;SSO;D_EQ_EPP;DE_THYAO_EPP;THYAO.E;2025-11-28;0;0.01;0;0;0;0;0;0;0;0;0;0;0;0;;;;;
2025-11-28;O_THYAOE1125P235.00;THYAO_11/2025_AVRUPA_OPSIYON;D_EQ;SSO;D_EQ_EPP;DE_THYAO_EPP;THYAO.E;2025-11-28;0;0.01;0;0;0;0;0;0;0;0;0;0;0;0;;;;;
2025-11-28;O_THYAOE1125P240.00;THYAO_11/2025_AVRUPA_OPSIYON;D_EQ;SSO;D_EQ_EPP;DE_THYAO_EPP;THYAO.E;2025-11-28;0;0.01;0;0;0;0;0;0;0;0;0;0;0;0;;;;;
2025-11-28;O_THYAOE1125P245.00;THYAO_11/2025_AVRUPA_OPSIYON;D_EQ;SSO;D_EQ_EPP;DE_THYAO_EPP;THYAO.E;2025-11-28;0;0.01;0;0;0;0;0;0;0;0;0;0;0;0;;;;;
2025-11-28;O_THYAOE1125P250.00;THYAO_11/2025_AVRUPA_OPSIYON;D_EQ;SSO;D_EQ_EPP;DE_THYAO_EPP;THYAO.E;2025-11-28;0;0.01;0;0;0;0;0;0;0;0;0;0;66;0;;;;;
2025-11-28;O_THYAOE1125P260.00;THYAO_11/2025_AVRUPA_OPSIYON;D_EQ;SSO;D_EQ_EPP;DE_THYAO_EPP;THYAO.E;2025-11-28;0;0.01;0;0;0;0;0;0;0;0;0;0;66;0;;;;;
2025-11-28;O_THYAOE1125P270.00;THYAO_11/2025_AVRUPA_OPSIYON;D_EQ;SSO;D_EQ_EPP;DE_THYAO_EPP;THYAO.E;2025-11-28;0;0.72;0;0;0;0;0;0;0;0;0;0;127;0;;;;;
2025-11-28;O_THYAOE1125P280.00;THYAO_11/2025_AVRUPA_OPSIYON;D_EQ;SSO;D_EQ_EPP;DE_THYAO_EPP;THYAO.E;2025-11-28;7.25;7.32;-0.96;7.56;6.8;7.61;6.87;7.35;1008000;26474;36;6;41;0;;;;;
2025-11-28;O_THYAOE1125P290.00;THYAO_11/2025_AVRUPA_OPSIYON;D_EQ;SSO;D_EQ_EPP;DE_THYAO_EPP;THYAO.E;2025-11-28;17.25;17.2;0.29;0;0;0;0;0;0;0;0;0;800;0;;;;;
2025-11-28;O_THYAOE1125P300.00;THYAO_11/2025_AVRUPA_OPSIYON;D_EQ;SSO;D_EQ_EPP;DE_THYAO_EPP;THYAO.E;2025-11-28;27.25;27.19;0.22;26;24;26;24;24.54;8400000;687010;280;27;271;-70;;;;;
2025-11-28;O_THYAOE1125P310.00;THYAO_11/2025_AVRUPA_OPSIYON;D_EQ;SSO;D_EQ_EPP;DE_THYAO_EPP;THYAO.E;2025-11-28;37.25;37.18;0.19;0;0;0;0;0;0;0;0;0;187;0;;;;;
2025-11-28;O_THYAOE1125P320.00;THYAO_11/2025_AVRUPA_OPSIYON;D_EQ;SSO;D_EQ_EPP;DE_THYAO_EPP;THYAO.E;2025-11-28;47.25;47.17;0.17;0;0;0;0;0;0;0;0;0;127;0;;;;;
2025-11-28;O_THYAOE1125P330.00;THYAO_11/2025_AVRUPA_OPSIYON;D_EQ;SSO;D_EQ_EPP;DE_THYAO_EPP;THYAO.E;2025-11-28;57.25;57.16;0.16;0;0;0;0;0;0;0;0;0;82;0;;;;;
2025-11-28;O_THYAOE1125P340.00;THYAO_11/2025_AVRUPA_OPSIYON;D_EQ;SSO;D_EQ_EPP;DE_THYAO_EPP;THYAO.E;2025-11-28;67.25;67.15;0.15;0;0;0;0;0;0;0;0;0;30;0;;;;;
2025-11-28;O_THYAOE1125P350.00;THYAO_11/2025_AVRUPA_OPSIYON;D_EQ;SSO;D_EQ_EPP;DE_THYAO_EPP;THYAO.E;2025-11-28;77.25;77.14;0.14;0;0;0;0;0;0;0;0;0;310;0;;;;;
2025-11-28;O_THYAOE1125P360.00;THYAO_11/2025_AVRUPA_OPSIYON;D_EQ;SSO;D_EQ_EPP;DE_THYAO_EPP;THYAO.E;2025-11-28;87.25;87.13;0.14;0;0;0;0;0;0;0;0;0;0;0;;;;;
2025-11-28;O_THYAOE1125P370.00;THYAO_11/2025_AVRUPA_OPSIYON;D_EQ;SSO;D_EQ_EPP;DE_THYAO_EPP;THYAO.E;2025-11-28;97.25;97.11;0.14;0;0;0;0;0;0;0;0;0;840;0;;;;;
2025-11-28;O_THYAOE1125P380.00;THYAO_11/2025_AVRUPA_OPSIYON;D_EQ;SSO;D_EQ_EPP;DE_THYAO_EPP;THYAO.E;2025-11-28;107.25;107.1;0.14;0;0;0;0;0;0;0;0;0;0;0;;;;;
2025-11-28;O_THYAOE1225C270.00;THYAO_12/2025_AVRUPA_OPSIYON;D_EQ;SSO;D_EQ_ECP;DE_THYAO_ECP;THYAO.E;2025-12-31;17.14;17.29;-0.87;0;0;0;0;0;0;0;0;0;36;0;;;;;
2025-11-28;O_THYAOE1225C280.00;THYAO_12/2025_AVRUPA_OPSIYON;D_EQ;SSO;D_EQ_ECP;DE_THYAO_ECP;THYAO.E;2025-12-31;11.33;11.51;-1.56;10.25;10.15;10.55;10.55;10.34;1288000;47550;46;5;86;46;;;;;
2025-11-28;O_THYAOE1225C290.00;THYAO_12/2025_AVRUPA_OPSIYON;D_EQ;SSO;D_EQ_ECP;DE_THYAO_ECP;THYAO.E;2025-12-31;7.12;7.3;-2.47;6.15;6.1;7.53;6.8;6.7;957000;22099;33;8;1173;-12;;;;;
2025-11-28;O_THYAOE1225C300.00;THYAO_12/2025_AVRUPA_OPSIYON;D_EQ;SSO;D_EQ_ECP;DE_THYAO_ECP;THYAO.E;2025-12-31;4.39;4.54;-3.3;3.38;3.35;3.38;3.38;3.37;1740000;19574;58;6;83;58;;;;;
2025-11-28;O_THYAOE1225C310.00;THYAO_12/2025_AVRUPA_OPSIYON;D_EQ;SSO;D_EQ_ECP;DE_THYAO_ECP;THYAO.E;2025-12-31;2.81;2.93;-4.1;2.5;2.46;2.5;2.5;2.5;3472000;27960;112;5;1027;112;;;;;
2025-11-28;O_THYAOE1225C320.00;THYAO_12/2025_AVRUPA_OPSIYON;D_EQ;SSO;D_EQ_ECP;DE_THYAO_ECP;THYAO.E;2025-12-31;1.82;1.91;-4.71;1.55;0.86;1.55;1.49;1.49;9664000;44930;302;18;937;252;;;;;
2025-11-28;O_THYAOE1225C330.00;THYAO_12/2025_AVRUPA_OPSIYON;D_EQ;SSO;D_EQ_ECP;DE_THYAO_ECP;THYAO.E;2025-12-31;1.2;1.27;-5.51;0;0;0;0;0;0;0;0;0;269;0;;;;;
2025-11-28;O_THYAOE1225C340.00;THYAO_12/2025_AVRUPA_OPSIYON;D_EQ;SSO;D_EQ_ECP;DE_THYAO_ECP;THYAO.E;2025-12-31;0.8;0.86;-6.98;1;1;1;1;1;4080000;12000;120;10;120;120;;;;;
2025-11-28;O_THYAOE1225C350.00;THYAO_12/2025_AVRUPA_OPSIYON;D_EQ;SSO;D_EQ_ECP;DE_THYAO_ECP;THYAO.E;2025-12-31;0.55;0.6;-8.33;0;0;0;0;0;0;0;0;0;0;0;;;;;
2025-11-28;O_THYAOE1225C360.00;THYAO_12/2025_AVRUPA_OPSIYON;D_EQ;SSO;D_EQ_ECP;DE_THYAO_ECP;THYAO.E;2025-12-31;0.39;0.43;-9.3;0;0;0;0;0;0;0;0;0;0;0;;;;;
2025-11-28;O_THYAOE1225C370.00;THYAO_12/2025_AVRUPA_OPSIYON;D_EQ;SSO;D_EQ_ECP;DE_THYAO_ECP;THYAO.E;2025-12-31;0.28;0.31;-9.68;0;0;0;0;0;0;0;0;0;0;0;;;;;
2025-11-28;O_THYAOE1225C380.00;THYAO_12/2025_AVRUPA_OPSIYON;D_EQ;SSO;D_EQ_ECP;DE_THYAO_ECP;THYAO.E;2025-12-31;0.21;0.23;-8.7;0;0;0;0;0;0;0;0;0;0;0;;;;;
2025-11-28;O_THYAOE1225C390.00;THYAO_12/2025_AVRUPA_OPSIYON;D_EQ;SSO;D_EQ_ECP;DE_THYAO_ECP;THYAO.E;2025-12-31;0.16;0.18;-11.11;0;0;0;0;0;0;0;0;0;0;0;;;;;
2025-11-28;O_THYAOE1225C400.00;THYAO_12/2025_AVRUPA_OPSIYON;D_EQ;SSO;D_EQ_ECP;DE_THYAO_ECP;THYAO.E;2025-12-31;0.13;0.14;-7.14;0;0;0;0;0;0;0;0;0;0;0;;;;;
2025-11-28;O_THYAOE1225P235.00;THYAO_12/2025_AVRUPA_OPSIYON;D_EQ;SSO;D_EQ_EPP;DE_THYAO_EPP;THYAO.E;2025-12-31;0.57;0.61;-6.56;0;0;0;0;0;0;0;0;0;0;0;;;;;
2025-11-28;O_THYAOE1225P240.00;THYAO_12/2025_AVRUPA_OPSIYON;D_EQ;SSO;D_EQ_EPP;DE_THYAO_EPP;THYAO.E;2025-12-31;0.82;0.87;-5.75;0;0;0;0;0;0;0;0;0;0;0;;;;;
2025-11-28;O_THYAOE1225P245.00;THYAO_12/2025_AVRUPA_OPSIYON;D_EQ;SSO;D_EQ_EPP;DE_THYAO_EPP;THYAO.E;2025-12-31;1.15;1.21;-4.96;0;0;0;0;0;0;0;0;0;0;0;;;;;
2025-11-28;O_THYAOE1225P250.00;THYAO_12/2025_AVRUPA_OPSIYON;D_EQ;SSO;D_EQ_EPP;DE_THYAO_EPP;THYAO.E;2025-12-31;1.6;1.67;-4.19;0;0;0;0;0;0;0;0;0;0;0;;;;;
2025-11-28;O_THYAOE1225P260.00;THYAO_12/2025_AVRUPA_OPSIYON;D_EQ;SSO;D_EQ_EPP;DE_THYAO_EPP;THYAO.E;2025-12-31;2.96;3.07;-3.58;0;0;0;0;0;0;0;0;0;35;0;;;;;
2025-11-28;O_THYAOE1225P270.00;THYAO_12/2025_AVRUPA_OPSIYON;D_EQ;SSO;D_EQ_EPP;DE_THYAO_EPP;THYAO.E;2025-12-31;5.27;5.4;-2.41;4.4;4.4;4.45;4.45;4.4;4995000;81485;185;7;309;185;;;;;
2025-11-28;O_THYAOE1225P280.00;THYAO_12/2025_AVRUPA_OPSIYON;D_EQ;SSO;D_EQ_EPP;DE_THYAO_EPP;THYAO.E;2025-12-31;9.13;9.27;-1.51;8.9;7.6;8.9;8.33;8.43;2464000;74180;88;7;78;68;;;;;
2025-11-28;O_THYAOE1225P290.00;THYAO_12/2025_AVRUPA_OPSIYON;D_EQ;SSO;D_EQ_EPP;DE_THYAO_EPP;THYAO.E;2025-12-31;14.58;14.71;-0.88;13.17;13.17;14.05;14.05;13.61;58000;2722;2;2;241;1;;;;;
2025-11-28;O_THYAOE1225P300.00;THYAO_12/2025_AVRUPA_OPSIYON;D_EQ;SSO;D_EQ_EPP;DE_THYAO_EPP;THYAO.E;2025-12-31;21.51;21.61;-0.46;0;0;0;0;0;0;0;0;0;131;0;;;;;
2025-11-28;O_THYAOE1225P310.00;THYAO_12/2025_AVRUPA_OPSIYON;D_EQ;SSO;D_EQ_EPP;DE_THYAO_EPP;THYAO.E;2025-12-31;29.59;29.65;-0.2;0;0;0;0;0;0;0;0;0;28;0;;;;;
2025-11-28;O_THYAOE1225P320.00;THYAO_12/2025_AVRUPA_OPSIYON;D_EQ;SSO;D_EQ_EPP;DE_THYAO_EPP;THYAO.E;2025-12-31;38.26;38.29;-0.08;0;0;0;0;0;0;0;0;0;100;0;;;;;
2025-11-28;O_THYAOE1225P330.00;THYAO_12/2025_AVRUPA_OPSIYON;D_EQ;SSO;D_EQ_EPP;DE_THYAO_EPP;THYAO.E;2025-12-31;47.3;47.29;0.02;0;0;0;0;0;0;0;0;0;18;0;;;;;
2025-11-28;O_THYAOE1225P340.00;THYAO_12/2025_AVRUPA_OPSIYON;D_EQ;SSO;D_EQ_EPP;DE_THYAO_EPP;THYAO.E;2025-12-31;56.57;56.54;0.05;0;0;0;0;0;0;0;0;0;0;0;;;;;
2025-11-28;O_THYAOE1225P350.00;THYAO_12/2025_AVRUPA_OPSIYON;D_EQ;SSO;D_EQ_EPP;DE_THYAO_EPP;THYAO.E;2025-12-31;65.98;65.93;0.08;0;0;0;0;0;0;0;0;0;0;0;;;;;
2025-11-28;O_TOASOE0126C235.00;TOASO_01/2026_AVRUPA_OPSIYON;D_EQ;SSO;D_EQ_ECP;DE_TOASO_ECP;TOASO.E;2026-01-30;22.32;23.24;-3.96;0;0;0;0;0;0;0;0;0;0;0;;;;;
2025-11-28;O_TOASOE0126C240.00;TOASO_01/2026_AVRUPA_OPSIYON;D_EQ;SSO;D_EQ_ECP;DE_TOASO_ECP;TOASO.E;2026-01-30;19.65;20.53;-4.29;0;0;0;0;0;0;0;0;0;0;0;;;;;
2025-11-28;O_TOASOE0126C245.00;TOASO_01/2026_AVRUPA_OPSIYON;D_EQ;SSO;D_EQ_ECP;DE_TOASO_ECP;TOASO.E;2026-01-30;17.2;18.03;-4.6;0;0;0;0;0;0;0;0;0;0;0;;;;;
2025-11-28;O_TOASOE0126C250.00;TOASO_01/2026_AVRUPA_OPSIYON;D_EQ;SSO;D_EQ_ECP;DE_TOASO_ECP;TOASO.E;2026-01-30;15.01;15.78;-4.88;0;0;0;0;0;0;0;0;0;0;0;;;;;
2025-11-28;O_TOASOE0126C260.00;TOASO_01/2026_AVRUPA_OPSIYON;D_EQ;SSO;D_EQ_ECP;DE_TOASO_ECP;TOASO.E;2026-01-30;11.29;11.94;-5.44;0;0;0;0;0;0;0;0;0;0;0;;;;;
2025-11-28;O_TOASOE0126C270.00;TOASO_01/2026_AVRUPA_OPSIYON;D_EQ;SSO;D_EQ_ECP;DE_TOASO_ECP;TOASO.E;2026-01-30;8.47;8.99;-5.78;0;0;0;0;0;0;0;0;0;0;0;;;;;
2025-11-28;O_TOASOE0126C280.00;TOASO_01/2026_AVRUPA_OPSIYON;D_EQ;SSO;D_EQ_ECP;DE_TOASO_ECP;TOASO.E;2026-01-30;6.29;6.69;-5.98;0;0;0;0;0;0;0;0;0;0;0;;;;;
2025-11-28;O_TOASOE0126C290.00;TOASO_01/2026_AVRUPA_OPSIYON;D_EQ;SSO;D_EQ_ECP;DE_TOASO_ECP;TOASO.E;2026-01-30;4.63;4.94;-6.28;0;0;0;0;0;0;0;0;0;0;0;;;;;
2025-11-28;O_TOASOE0126C300.00;TOASO_01/2026_AVRUPA_OPSIYON;D_EQ;SSO;D_EQ_ECP;DE_TOASO_ECP;TOASO.E;2026-01-30;3.4;3.63;-6.34;0;0;0;0;0;0;0;0;0;0;0;;;;;
2025-11-28;O_TOASOE0126C310.00;TOASO_01/2026_AVRUPA_OPSIYON;D_EQ;SSO;D_EQ_ECP;DE_TOASO_ECP;TOASO.E;2026-01-30;2.48;2.65;-6.42;0;0;0;0;0;0;0;0;0;0;0;;;;;
2025-11-28;O_TOASOE0126C320.00;TOASO_01/2026_AVRUPA_OPSIYON;D_EQ;SSO;D_EQ_ECP;DE_TOASO_ECP;TOASO.E;2026-01-30;1.81;1.93;-6.22;0;0;0;0;0;0;0;0;0;0;0;;;;;
2025-11-28;O_TOASOE0126C330.00;TOASO_01/2026_AVRUPA_OPSIYON;D_EQ;SSO;D_EQ_ECP;DE_TOASO_ECP;TOASO.E;2026-01-30;1.32;1.4;-5.71;0;0;0;0;0;0;0;0;0;0;0;;;;;
2025-11-28;O_TOASOE0126C340.00;TOASO_01/2026_AVRUPA_OPSIYON;D_EQ;SSO;D_EQ_ECP;DE_TOASO_ECP;TOASO.E;2026-01-30;0.97;1.02;-4.9;0;0;0;0;0;0;0;0;0;0;0;;;;;
2025-11-28;O_TOASOE0126C350.00;TOASO_01/2026_AVRUPA_OPSIYON;D_EQ;SSO;D_EQ_ECP;DE_TOASO_ECP;TOASO.E;2026-01-30;0.71;0.74;-4.05;0;0;0;0;0;0;0;0;0;0;0;;;;;
2025-11-28;O_TOASOE0126P210.00;TOASO_01/2026_AVRUPA_OPSIYON;D_EQ;SSO;D_EQ_EPP;DE_TOASO_EPP;TOASO.E;2026-01-30;3.23;3.13;3.19;0;0;0;0;0;0;0;0;0;0;0;;;;;
2025-11-28;O_TOASOE0126P215.00;TOASO_01/2026_AVRUPA_OPSIYON;D_EQ;SSO;D_EQ_EPP;DE_TOASO_EPP;TOASO.E;2026-01-30;4.13;4.01;2.99;0;0;0;0;0;0;0;0;0;0;0;;;;;
2025-11-28;O_TOASOE0126P220.00;TOASO_01/2026_AVRUPA_OPSIYON;D_EQ;SSO;D_EQ_EPP;DE_TOASO_EPP;TOASO.E;2026-01-30;5.19;5.05;2.77;0;0;0;0;0;0;0;0;0;0;0;;;;;
2025-11-28;O_TOASOE0126P225.00;TOASO_01/2026_AVRUPA_OPSIYON;D_EQ;SSO;D_EQ_EPP;DE_TOASO_EPP;TOASO.E;2026-01-30;6.45;6.28;2.71;0;0;0;0;0;0;0;0;0;0;0;;;;;
2025-11-28;O_TOASOE0126P230.00;TOASO_01/2026_AVRUPA_OPSIYON;D_EQ;SSO;D_EQ_EPP;DE_TOASO_EPP;TOASO.E;2026-01-30;7.9;7.7;2.6;0;0;0;0;0;0;0;0;0;0;0;;;;;
2025-11-28;O_TOASOE0126P235.00;TOASO_01/2026_AVRUPA_OPSIYON;D_EQ;SSO;D_EQ_EPP;DE_TOASO_EPP;TOASO.E;2026-01-30;9.58;9.33;2.68;0;0;0;0;0;0;0;0;0;0;0;;;;;
2025-11-28;O_TOASOE0126P240.00;TOASO_01/2026_AVRUPA_OPSIYON;D_EQ;SSO;D_EQ_EPP;DE_TOASO_EPP;TOASO.E;2026-01-30;11.53;11.23;2.67;0;0;0;0;0;0;0;0;0;0;0;;;;;
2025-11-28;O_TOASOE0126P245.00;TOASO_01/2026_AVRUPA_OPSIYON;D_EQ;SSO;D_EQ_EPP;DE_TOASO_EPP;TOASO.E;2026-01-30;13.7;13.35;2.62;0;0;0;0;0;0;0;0;0;0;0;;;;;
2025-11-28;O_TOASOE0126P250.00;TOASO_01/2026_AVRUPA_OPSIYON;D_EQ;SSO;D_EQ_EPP;DE_TOASO_EPP;TOASO.E;2026-01-30;16.12;15.71;2.61;0;0;0;0;0;0;0;0;0;0;0;;;;;
2025-11-28;O_TOASOE0126P260.00;TOASO_01/2026_AVRUPA_OPSIYON;D_EQ;SSO;D_EQ_EPP;DE_TOASO_EPP;TOASO.E;2026-01-30;21.65;21.09;2.66;0;0;0;0;0;0;0;0;0;0;0;;;;;
2025-11-28;O_TOASOE0126P270.00;TOASO_01/2026_AVRUPA_OPSIYON;D_EQ;SSO;D_EQ_EPP;DE_TOASO_EPP;TOASO.E;2026-01-30;28.06;27.36;2.56;0;0;0;0;0;0;0;0;0;0;0;;;;;
2025-11-28;O_TOASOE0126P280.00;TOASO_01/2026_AVRUPA_OPSIYON;D_EQ;SSO;D_EQ_EPP;DE_TOASO_EPP;TOASO.E;2026-01-30;35.11;34.3;2.36;0;0;0;0;0;0;0;0;0;0;0;;;;;
2025-11-28;O_TOASOE0126P290.00;TOASO_01/2026_AVRUPA_OPSIYON;D_EQ;SSO;D_EQ_EPP;DE_TOASO_EPP;TOASO.E;2026-01-30;42.7;41.77;2.23;0;0;0;0;0;0;0;0;0;0;0;;;;;
2025-11-28;O_TOASOE0126P300.00;TOASO_01/2026_AVRUPA_OPSIYON;D_EQ;SSO;D_EQ_EPP;DE_TOASO_EPP;TOASO.E;2026-01-30;50.7;49.68;2.05;0;0;0;0;0;0;0;0;0;0;0;;;;;
2025-11-28;O_TOASOE1125C225.00;TOASO_11/2025_AVRUPA_OPSIYON;D_EQ;SSO;D_EQ_ECP;DE_TOASO_ECP;TOASO.E;2025-11-28;4.8;6.2;-22.58;0;0;0;0;0;0;0;0;0;20;0;;;;;
2025-11-28;O_TOASOE1125C230.00;TOASO_11/2025_AVRUPA_OPSIYON;D_EQ;SSO;D_EQ_ECP;DE_TOASO_ECP;TOASO.E;2025-11-28;0;2.47;0;0;0;0;0;0;0;0;0;0;71;0;;;;;
2025-11-28;O_TOASOE1125C235.00;TOASO_11/2025_AVRUPA_OPSIYON;D_EQ;SSO;D_EQ_ECP;DE_TOASO_ECP;TOASO.E;2025-11-28;0;0.58;0;0;0;0;0;0;0;0;0;0;23;0;;;;;
2025-11-28;O_TOASOE1125C240.00;TOASO_11/2025_AVRUPA_OPSIYON;D_EQ;SSO;D_EQ_ECP;DE_TOASO_ECP;TOASO.E;2025-11-28;0;0.07;0;0;0;0;0;0;0;0;0;0;40;0;;;;;
2025-11-28;O_TOASOE1125C245.00;TOASO_11/2025_AVRUPA_OPSIYON;D_EQ;SSO;D_EQ_ECP;DE_TOASO_ECP;TOASO.E;2025-11-28;0;0.01;0;0;0;0;0;0;0;0;0;0;40;0;;;;;
2025-11-28;O_TOASOE1125C250.00;TOASO_11/2025_AVRUPA_OPSIYON;D_EQ;SSO;D_EQ_ECP;DE_TOASO_ECP;TOASO.E;2025-11-28;0;0.01;0;0;0;0;0;0;0;0;0;0;38;0;;;;;
2025-11-28;O_TOASOE1125C260.00;TOASO_11/2025_AVRUPA_OPSIYON;D_EQ;SSO;D_EQ_ECP;DE_TOASO_ECP;TOASO.E;2025-11-28;0;0.01;0;0;0;0;0;0;0;0;0;0;300;0;;;;;
2025-11-28;O_TOASOE1125C270.00;TOASO_11/2025_AVRUPA_OPSIYON;D_EQ;SSO;D_EQ_ECP;DE_TOASO_ECP;TOASO.E;2025-11-28;0;0.01;0;0;0;0;0;0;0;0;0;0;76;0;;;;;
2025-11-28;O_TOASOE1125C280.00;TOASO_11/2025_AVRUPA_OPSIYON;D_EQ;SSO;D_EQ_ECP;DE_TOASO_ECP;TOASO.E;2025-11-28;0;0.01;0;0;0;0;0;0;0;0;0;0;67;0;;;;;
2025-11-28;O_TOASOE1125C290.00;TOASO_11/2025_AVRUPA_OPSIYON;D_EQ;SSO;D_EQ_ECP;DE_TOASO_ECP;TOASO.E;2025-11-28;0;0.01;0;0;0;0;0;0;0;0;0;0;14;0;;;;;
2025-11-28;O_TOASOE1125C300.00;TOASO_11/2025_AVRUPA_OPSIYON;D_EQ;SSO;D_EQ_ECP;DE_TOASO_ECP;TOASO.E;2025-11-28;0;0.01;0;0;0;0;0;0;0;0;0;0;1;0;;;;;
2025-11-28;O_TOASOE1125C310.00;TOASO_11/2025_AVRUPA_OPSIYON;D_EQ;SSO;D_EQ_ECP;DE_TOASO_ECP;TOASO.E;2025-11-28;0;0.01;0;0;0;0;0;0;0;0;0;0;73;0;;;;;
2025-11-28;O_TOASOE1125C320.00;TOASO_11/2025_AVRUPA_OPSIYON;D_EQ;SSO;D_EQ_ECP;DE_TOASO_ECP;TOASO.E;2025-11-28;0;0.01;0;0;0;0;0;0;0;0;0;0;101;0;;;;;
2025-11-28;O_TOASOE1125C330.00;TOASO_11/2025_AVRUPA_OPSIYON;D_EQ;SSO;D_EQ_ECP;DE_TOASO_ECP;TOASO.E;2025-11-28;0;0.01;0;0;0;0;0;0;0;0;0;0;35;0;;;;;
2025-11-28;O_TOASOE1125C340.00;TOASO_11/2025_AVRUPA_OPSIYON;D_EQ;SSO;D_EQ_ECP;DE_TOASO_ECP;TOASO.E;2025-11-28;0;0.01;0;0;0;0;0;0;0;0;0;0;30;0;;;;;
2025-11-28;O_TOASOE1125C350.00;TOASO_11/2025_AVRUPA_OPSIYON;D_EQ;SSO;D_EQ_ECP;DE_TOASO_ECP;TOASO.E;2025-11-28;0;0.01;0;0;0;0;0;0;0;0;0;0;46;0;;;;;
2025-11-28;O_TOASOE1125C360.00;TOASO_11/2025_AVRUPA_OPSIYON;D_EQ;SSO;D_EQ_ECP;DE_TOASO_ECP;TOASO.E;2025-11-28;0;0.01;0;0;0;0;0;0;0;0;0;0;0;0;;;;;
2025-11-28;O_TOASOE1125P200.00;TOASO_11/2025_AVRUPA_OPSIYON;D_EQ;SSO;D_EQ_EPP;DE_TOASO_EPP;TOASO.E;2025-11-28;0;0.01;0;0;0;0;0;0;0;0;0;0;0;0;;;;;
2025-11-28;O_TOASOE1125P205.00;TOASO_11/2025_AVRUPA_OPSIYON;D_EQ;SSO;D_EQ_EPP;DE_TOASO_EPP;TOASO.E;2025-11-28;0;0.01;0;0;0;0;0;0;0;0;0;0;0;0;;;;;
2025-11-28;O_TOASOE1125P210.00;TOASO_11/2025_AVRUPA_OPSIYON;D_EQ;SSO;D_EQ_EPP;DE_TOASO_EPP;TOASO.E;2025-11-28;0;0.01;0;0;0;0;0;0;0;0;0;0;24;0;;;;;
2025-11-28;O_TOASOE1125P215.00;TOASO_11/2025_AVRUPA_OPSIYON;D_EQ;SSO;D_EQ_EPP;DE_TOASO_EPP;TOASO.E;2025-11-28;0;0.01;0;0;0;0;0;0;0;0;0;0;22;0;;;;;
2025-11-28;O_TOASOE1125P220.00;TOASO_11/2025_AVRUPA_OPSIYON;D_EQ;SSO;D_EQ_EPP;DE_TOASO_EPP;TOASO.E;2025-11-28;0;0.02;0;0;0;0;0;0;0;0;0;0;109;0;;;;;
2025-11-28;O_TOASOE1125P225.00;TOASO_11/2025_AVRUPA_OPSIYON;D_EQ;SSO;D_EQ_EPP;DE_TOASO_EPP;TOASO.E;2025-11-28;0;0.26;0;0;0;0;0;0;0;0;0;0;232;0;;;;;
2025-11-28;O_TOASOE1125P230.00;TOASO_11/2025_AVRUPA_OPSIYON;D_EQ;SSO;D_EQ_EPP;DE_TOASO_EPP;TOASO.E;2025-11-28;0.2;1.53;-86.93;0;0;0;0;0;0;0;0;0;177;0;;;;;
2025-11-28;O_TOASOE1125P235.00;TOASO_11/2025_AVRUPA_OPSIYON;D_EQ;SSO;D_EQ_EPP;DE_TOASO_EPP;TOASO.E;2025-11-28;5.2;4.64;12.07;5.02;5.02;5.02;5.02;5.02;235000;5020;10;1;1150;0;;;;;
2025-11-28;O_TOASOE1125P240.00;TOASO_11/2025_AVRUPA_OPSIYON;D_EQ;SSO;D_EQ_EPP;DE_TOASO_EPP;TOASO.E;2025-11-28;10.2;9.12;11.84;0;0;0;0;0;0;0;0;0;356;0;;;;;
2025-11-28;O_TOASOE1125P245.00;TOASO_11/2025_AVRUPA_OPSIYON;D_EQ;SSO;D_EQ_EPP;DE_TOASO_EPP;TOASO.E;2025-11-28;15.2;14.05;8.19;0;0;0;0;0;0;0;0;0;1750;0;;;;;
2025-11-28;O_TOASOE1125P250.00;TOASO_11/2025_AVRUPA_OPSIYON;D_EQ;SSO;D_EQ_EPP;DE_TOASO_EPP;TOASO.E;2025-11-28;20.2;19.04;6.09;0;0;0;0;0;0;0;0;0;204;0;;;;;
2025-11-28;O_TOASOE1125P260.00;TOASO_11/2025_AVRUPA_OPSIYON;D_EQ;SSO;D_EQ_EPP;DE_TOASO_EPP;TOASO.E;2025-11-28;30.2;29.03;4.03;0;0;0;0;0;0;0;0;0;83;0;;;;;
2025-11-28;O_TOASOE1125P270.00;TOASO_11/2025_AVRUPA_OPSIYON;D_EQ;SSO;D_EQ_EPP;DE_TOASO_EPP;TOASO.E;2025-11-28;40.2;39.02;3.02;0;0;0;0;0;0;0;0;0;37;0;;;;;
2025-11-28;O_TOASOE1125P280.00;TOASO_11/2025_AVRUPA_OPSIYON;D_EQ;SSO;D_EQ_EPP;DE_TOASO_EPP;TOASO.E;2025-11-28;50.2;49.01;2.43;0;0;0;0;0;0;0;0;0;20;0;;;;;
2025-11-28;O_TOASOE1125P290.00;TOASO_11/2025_AVRUPA_OPSIYON;D_EQ;SSO;D_EQ_EPP;DE_TOASO_EPP;TOASO.E;2025-11-28;60.2;59;2.03;0;0;0;0;0;0;0;0;0;40;0;;;;;
2025-11-28;O_TOASOE1125P300.00;TOASO_11/2025_AVRUPA_OPSIYON;D_EQ;SSO;D_EQ_EPP;DE_TOASO_EPP;TOASO.E;2025-11-28;70.2;68.99;1.75;0;0;0;0;0;0;0;0;0;23;0;;;;;
2025-11-28;O_TOASOE1125P310.00;TOASO_11/2025_AVRUPA_OPSIYON;D_EQ;SSO;D_EQ_EPP;DE_TOASO_EPP;TOASO.E;2025-11-28;80.2;78.98;1.54;0;0;0;0;0;0;0;0;0;0;0;;;;;
2025-11-28;O_TOASOE1225C230.00;TOASO_12/2025_AVRUPA_OPSIYON;D_EQ;SSO;D_EQ_ECP;DE_TOASO_ECP;TOASO.E;2025-12-31;15.26;16.16;-5.57;0;0;0;0;0;0;0;0;0;0;0;;;;;
2025-11-28;O_TOASOE1225C235.00;TOASO_12/2025_AVRUPA_OPSIYON;D_EQ;SSO;D_EQ_ECP;DE_TOASO_ECP;TOASO.E;2025-12-31;12.59;13.43;-6.25;0;0;0;0;0;0;0;0;0;10;0;;;;;
2025-11-28;O_TOASOE1225C240.00;TOASO_12/2025_AVRUPA_OPSIYON;D_EQ;SSO;D_EQ_ECP;DE_TOASO_ECP;TOASO.E;2025-12-31;10.27;11.03;-6.89;0;0;0;0;0;0;0;0;0;1;0;;;;;
2025-11-28;O_TOASOE1225C245.00;TOASO_12/2025_AVRUPA_OPSIYON;D_EQ;SSO;D_EQ_ECP;DE_TOASO_ECP;TOASO.E;2025-12-31;8.29;8.97;-7.58;0;0;0;0;0;0;0;0;0;23;0;;;;;
2025-11-28;O_TOASOE1225C250.00;TOASO_12/2025_AVRUPA_OPSIYON;D_EQ;SSO;D_EQ_ECP;DE_TOASO_ECP;TOASO.E;2025-12-31;6.61;7.21;-8.32;0;0;0;0;0;0;0;0;0;0;0;;;;;
2025-11-28;O_TOASOE1225C260.00;TOASO_12/2025_AVRUPA_OPSIYON;D_EQ;SSO;D_EQ_ECP;DE_TOASO_ECP;TOASO.E;2025-12-31;4.15;4.59;-9.59;0;0;0;0;0;0;0;0;0;0;0;;;;;
2025-11-28;O_TOASOE1225C270.00;TOASO_12/2025_AVRUPA_OPSIYON;D_EQ;SSO;D_EQ_ECP;DE_TOASO_ECP;TOASO.E;2025-12-31;2.53;2.83;-10.6;0;0;0;0;0;0;0;0;0;0;0;;;;;
2025-11-28;O_TOASOE1225C280.00;TOASO_12/2025_AVRUPA_OPSIYON;D_EQ;SSO;D_EQ_ECP;DE_TOASO_ECP;TOASO.E;2025-12-31;1.5;1.7;-11.76;0;0;0;0;0;0;0;0;0;0;0;;;;;
2025-11-28;O_TOASOE1225C290.00;TOASO_12/2025_AVRUPA_OPSIYON;D_EQ;SSO;D_EQ_ECP;DE_TOASO_ECP;TOASO.E;2025-12-31;0.88;1;-12;0;0;0;0;0;0;0;0;0;0;0;;;;;
2025-11-28;O_TOASOE1225C300.00;TOASO_12/2025_AVRUPA_OPSIYON;D_EQ;SSO;D_EQ_ECP;DE_TOASO_ECP;TOASO.E;2025-12-31;0.5;0.58;-13.79;0;0;0;0;0;0;0;0;0;0;0;;;;;
2025-11-28;O_TOASOE1225C310.00;TOASO_12/2025_AVRUPA_OPSIYON;D_EQ;SSO;D_EQ_ECP;DE_TOASO_ECP;TOASO.E;2025-12-31;0.29;0.33;-12.12;0;0;0;0;0;0;0;0;0;0;0;;;;;
2025-11-28;O_TOASOE1225C320.00;TOASO_12/2025_AVRUPA_OPSIYON;D_EQ;SSO;D_EQ_ECP;DE_TOASO_ECP;TOASO.E;2025-12-31;0.16;0.19;-15.79;0;0;0;0;0;0;0;0;0;0;0;;;;;
2025-11-28;O_TOASOE1225C330.00;TOASO_12/2025_AVRUPA_OPSIYON;D_EQ;SSO;D_EQ_ECP;DE_TOASO_ECP;TOASO.E;2025-12-31;0.09;0.11;-18.18;0;0;0;0;0;0;0;0;0;45;0;;;;;
2025-11-28;O_TOASOE1225C340.00;TOASO_12/2025_AVRUPA_OPSIYON;D_EQ;SSO;D_EQ_ECP;DE_TOASO_ECP;TOASO.E;2025-12-31;0.05;0.06;-16.67;0;0;0;0;0;0;0;0;0;30;0;;;;;
2025-11-28;O_TOASOE1225C350.00;TOASO_12/2025_AVRUPA_OPSIYON;D_EQ;SSO;D_EQ_ECP;DE_TOASO_ECP;TOASO.E;2025-12-31;0.03;0.03;0;0;0;0;0;0;0;0;0;0;0;0;;;;;
2025-11-28;O_TOASOE1225C360.00;TOASO_12/2025_AVRUPA_OPSIYON;D_EQ;SSO;D_EQ_ECP;DE_TOASO_ECP;TOASO.E;2025-12-31;0.02;0.02;0;0;0;0;0;0;0;0;0;0;0;0;;;;;
2025-11-28;O_TOASOE1225C370.00;TOASO_12/2025_AVRUPA_OPSIYON;D_EQ;SSO;D_EQ_ECP;DE_TOASO_ECP;TOASO.E;2025-12-31;0.01;0.01;0;0;0;0;0;0;0;0;0;0;0;0;;;;;
2025-11-28;O_TOASOE1225P205.00;TOASO_12/2025_AVRUPA_OPSIYON;D_EQ;SSO;D_EQ_EPP;DE_TOASO_EPP;TOASO.E;2025-12-31;1.57;1.53;2.61;0;0;0;0;0;0;0;0;0;10;0;;;;;
2025-11-28;O_TOASOE1225P210.00;TOASO_12/2025_AVRUPA_OPSIYON;D_EQ;SSO;D_EQ_EPP;DE_TOASO_EPP;TOASO.E;2025-12-31;2.28;2.22;2.7;0;0;0;0;0;0;0;0;0;6;0;;;;;
2025-11-28;O_TOASOE1225P215.00;TOASO_12/2025_AVRUPA_OPSIYON;D_EQ;SSO;D_EQ_EPP;DE_TOASO_EPP;TOASO.E;2025-12-31;3.21;3.12;2.88;0;0;0;0;0;0;0;0;0;69;0;;;;;
2025-11-28;O_TOASOE1225P220.00;TOASO_12/2025_AVRUPA_OPSIYON;D_EQ;SSO;D_EQ_EPP;DE_TOASO_EPP;TOASO.E;2025-12-31;4.39;4.27;2.81;0;0;0;0;0;0;0;0;0;33;0;;;;;
2025-11-28;O_TOASOE1225P225.00;TOASO_12/2025_AVRUPA_OPSIYON;D_EQ;SSO;D_EQ_EPP;DE_TOASO_EPP;TOASO.E;2025-12-31;5.86;5.7;2.81;0;0;0;0;0;0;0;0;0;700;0;;;;;
2025-11-28;O_TOASOE1225P230.00;TOASO_12/2025_AVRUPA_OPSIYON;D_EQ;SSO;D_EQ_EPP;DE_TOASO_EPP;TOASO.E;2025-12-31;7.69;7.46;3.08;0;0;0;0;0;0;0;0;0;464;0;;;;;
2025-11-28;O_TOASOE1225P235.00;TOASO_12/2025_AVRUPA_OPSIYON;D_EQ;SSO;D_EQ_EPP;DE_TOASO_EPP;TOASO.E;2025-12-31;9.85;9.56;3.03;0;0;0;0;0;0;0;0;0;10;0;;;;;
2025-11-28;O_TOASOE1225P240.00;TOASO_12/2025_AVRUPA_OPSIYON;D_EQ;SSO;D_EQ_EPP;DE_TOASO_EPP;TOASO.E;2025-12-31;12.36;11.98;3.17;0;0;0;0;0;0;0;0;0;100;0;;;;;
2025-11-28;O_TOASOE1225P245.00;TOASO_12/2025_AVRUPA_OPSIYON;D_EQ;SSO;D_EQ_EPP;DE_TOASO_EPP;TOASO.E;2025-12-31;15.21;14.75;3.12;13.9;13.7;13.9;13.7;13.83;1225000;69170;50;6;100;50;;;;;
2025-11-28;O_TOASOE1225P250.00;TOASO_12/2025_AVRUPA_OPSIYON;D_EQ;SSO;D_EQ_EPP;DE_TOASO_EPP;TOASO.E;2025-12-31;18.37;17.82;3.09;0;0;0;0;0;0;0;0;0;0;0;;;;;
2025-11-28;O_TOASOE1225P260.00;TOASO_12/2025_AVRUPA_OPSIYON;D_EQ;SSO;D_EQ_EPP;DE_TOASO_EPP;TOASO.E;2025-12-31;25.57;24.84;2.94;0;0;0;0;0;0;0;0;0;10;0;;;;;
2025-11-28;O_TOASOE1225P270.00;TOASO_12/2025_AVRUPA_OPSIYON;D_EQ;SSO;D_EQ_EPP;DE_TOASO_EPP;TOASO.E;2025-12-31;33.61;32.74;2.66;0;0;0;0;0;0;0;0;0;0;0;;;;;
2025-11-28;O_TOASOE1225P280.00;TOASO_12/2025_AVRUPA_OPSIYON;D_EQ;SSO;D_EQ_EPP;DE_TOASO_EPP;TOASO.E;2025-12-31;42.25;41.26;2.4;0;0;0;0;0;0;0;0;0;0;0;;;;;
2025-11-28;O_TOASOE1225P290.00;TOASO_12/2025_AVRUPA_OPSIYON;D_EQ;SSO;D_EQ_EPP;DE_TOASO_EPP;TOASO.E;2025-12-31;51.28;50.22;2.11;0;0;0;0;0;0;0;0;0;0;0;;;;;
2025-11-28;O_TOASOE1225P300.00;TOASO_12/2025_AVRUPA_OPSIYON;D_EQ;SSO;D_EQ_EPP;DE_TOASO_EPP;TOASO.E;2025-12-31;60.57;59.45;1.88;0;0;0;0;0;0;0;0;0;0;0;;;;;
2025-11-28;O_TOASOE1225P310.00;TOASO_12/2025_AVRUPA_OPSIYON;D_EQ;SSO;D_EQ_EPP;DE_TOASO_EPP;TOASO.E;2025-12-31;70.02;68.85;1.7;0;0;0;0;0;0;0;0;0;1;0;;;;;
2025-11-28;O_TOASOE1225P320.00;TOASO_12/2025_AVRUPA_OPSIYON;D_EQ;SSO;D_EQ_EPP;DE_TOASO_EPP;TOASO.E;2025-12-31;79.55;78.36;1.52;0;0;0;0;0;0;0;0;0;0;0;;;;;
2025-11-28;O_TTKOME0126C52.00;TTKOM_01/2026_AVRUPA_OPSIYON;D_EQ;SSO;D_EQ_ECP;DE_TTKOM_ECP;TTKOM.E;2026-01-30;8.86;9.23;-4.01;0;0;0;0;0;0;0;0;0;0;0;;;;;
2025-11-28;O_TTKOME0126C54.00;TTKOM_01/2026_AVRUPA_OPSIYON;D_EQ;SSO;D_EQ_ECP;DE_TTKOM_ECP;TTKOM.E;2026-01-30;7.43;7.79;-4.62;0;0;0;0;0;0;0;0;0;0;0;;;;;
2025-11-28;O_TTKOME0126C56.00;TTKOM_01/2026_AVRUPA_OPSIYON;D_EQ;SSO;D_EQ_ECP;DE_TTKOM_ECP;TTKOM.E;2026-01-30;6.11;6.45;-5.27;0;0;0;0;0;0;0;0;0;0;0;;;;;
2025-11-28;O_TTKOME0126C58.00;TTKOM_01/2026_AVRUPA_OPSIYON;D_EQ;SSO;D_EQ_ECP;DE_TTKOM_ECP;TTKOM.E;2026-01-30;4.98;5.27;-5.5;0;0;0;0;0;0;0;0;0;0;0;;;;;
2025-11-28;O_TTKOME0126C60.00;TTKOM_01/2026_AVRUPA_OPSIYON;D_EQ;SSO;D_EQ_ECP;DE_TTKOM_ECP;TTKOM.E;2026-01-30;4.01;4.26;-5.87;0;0;0;0;0;0;0;0;0;0;0;;;;;
2025-11-28;O_TTKOME0126C62.00;TTKOM_01/2026_AVRUPA_OPSIYON;D_EQ;SSO;D_EQ_ECP;DE_TTKOM_ECP;TTKOM.E;2026-01-30;3.21;3.44;-6.69;0;0;0;0;0;0;0;0;0;0;0;;;;;
2025-11-28;O_TTKOME0126C64.00;TTKOM_01/2026_AVRUPA_OPSIYON;D_EQ;SSO;D_EQ_ECP;DE_TTKOM_ECP;TTKOM.E;2026-01-30;2.61;2.79;-6.45;0;0;0;0;0;0;0;0;0;0;0;;;;;
2025-11-28;O_TTKOME0126C66.00;TTKOM_01/2026_AVRUPA_OPSIYON;D_EQ;SSO;D_EQ_ECP;DE_TTKOM_ECP;TTKOM.E;2026-01-30;2.14;2.3;-6.96;0;0;0;0;0;0;0;0;0;0;0;;;;;
2025-11-28;O_TTKOME0126C68.00;TTKOM_01/2026_AVRUPA_OPSIYON;D_EQ;SSO;D_EQ_ECP;DE_TTKOM_ECP;TTKOM.E;2026-01-30;1.76;1.9;-7.37;0;0;0;0;0;0;0;0;0;0;0;;;;;
2025-11-28;O_TTKOME0126C70.00;TTKOM_01/2026_AVRUPA_OPSIYON;D_EQ;SSO;D_EQ_ECP;DE_TTKOM_ECP;TTKOM.E;2026-01-30;1.45;1.58;-8.23;0;0;0;0;0;0;0;0;0;0;0;;;;;
2025-11-28;O_TTKOME0126C72.00;TTKOM_01/2026_AVRUPA_OPSIYON;D_EQ;SSO;D_EQ_ECP;DE_TTKOM_ECP;TTKOM.E;2026-01-30;1.21;1.32;-8.33;0;0;0;0;0;0;0;0;0;0;0;;;;;
2025-11-28;O_TTKOME0126C74.00;TTKOM_01/2026_AVRUPA_OPSIYON;D_EQ;SSO;D_EQ_ECP;DE_TTKOM_ECP;TTKOM.E;2026-01-30;1.01;1.11;-9.01;0;0;0;0;0;0;0;0;0;0;0;;;;;
2025-11-28;O_TTKOME0126P46.00;TTKOM_01/2026_AVRUPA_OPSIYON;D_EQ;SSO;D_EQ_EPP;DE_TTKOM_EPP;TTKOM.E;2026-01-30;0.38;0.38;0;0;0;0;0;0;0;0;0;0;0;0;;;;;
2025-11-28;O_TTKOME0126P47.00;TTKOM_01/2026_AVRUPA_OPSIYON;D_EQ;SSO;D_EQ_EPP;DE_TTKOM_EPP;TTKOM.E;2026-01-30;0.47;0.46;2.17;0;0;0;0;0;0;0;0;0;0;0;;;;;
2025-11-28;O_TTKOME0126P48.00;TTKOM_01/2026_AVRUPA_OPSIYON;D_EQ;SSO;D_EQ_EPP;DE_TTKOM_EPP;TTKOM.E;2026-01-30;0.57;0.55;3.64;0;0;0;0;0;0;0;0;0;0;0;;;;;
2025-11-28;O_TTKOME0126P49.00;TTKOM_01/2026_AVRUPA_OPSIYON;D_EQ;SSO;D_EQ_EPP;DE_TTKOM_EPP;TTKOM.E;2026-01-30;0.68;0.66;3.03;0;0;0;0;0;0;0;0;0;0;0;;;;;
2025-11-28;O_TTKOME0126P50.00;TTKOM_01/2026_AVRUPA_OPSIYON;D_EQ;SSO;D_EQ_EPP;DE_TTKOM_EPP;TTKOM.E;2026-01-30;0.81;0.79;2.53;0;0;0;0;0;0;0;0;0;0;0;;;;;
2025-11-28;O_TTKOME0126P52.00;TTKOM_01/2026_AVRUPA_OPSIYON;D_EQ;SSO;D_EQ_EPP;DE_TTKOM_EPP;TTKOM.E;2026-01-30;1.14;1.1;3.64;0;0;0;0;0;0;0;0;0;0;0;;;;;
2025-11-28;O_TTKOME0126P54.00;TTKOM_01/2026_AVRUPA_OPSIYON;D_EQ;SSO;D_EQ_EPP;DE_TTKOM_EPP;TTKOM.E;2026-01-30;1.56;1.51;3.31;0;0;0;0;0;0;0;0;0;0;0;;;;;
2025-11-28;O_TTKOME0126P56.00;TTKOM_01/2026_AVRUPA_OPSIYON;D_EQ;SSO;D_EQ_EPP;DE_TTKOM_EPP;TTKOM.E;2026-01-30;2.09;2.01;3.98;0;0;0;0;0;0;0;0;0;0;0;;;;;
2025-11-28;O_TTKOME0126P58.00;TTKOM_01/2026_AVRUPA_OPSIYON;D_EQ;SSO;D_EQ_EPP;DE_TTKOM_EPP;TTKOM.E;2026-01-30;2.8;2.67;4.87;0;0;0;0;0;0;0;0;0;0;0;;;;;
2025-11-28;O_TTKOME0126P60.00;TTKOM_01/2026_AVRUPA_OPSIYON;D_EQ;SSO;D_EQ_EPP;DE_TTKOM_EPP;TTKOM.E;2026-01-30;3.68;3.51;4.84;0;0;0;0;0;0;0;0;0;0;0;;;;;
2025-11-28;O_TTKOME0126P62.00;TTKOM_01/2026_AVRUPA_OPSIYON;D_EQ;SSO;D_EQ_EPP;DE_TTKOM_EPP;TTKOM.E;2026-01-30;4.73;4.53;4.42;0;0;0;0;0;0;0;0;0;0;0;;;;;
2025-11-28;O_TTKOME0126P64.00;TTKOM_01/2026_AVRUPA_OPSIYON;D_EQ;SSO;D_EQ_EPP;DE_TTKOM_EPP;TTKOM.E;2026-01-30;5.98;5.73;4.36;0;0;0;0;0;0;0;0;0;0;0;;;;;
2025-11-28;O_TTKOME1125C49.00;TTKOM_11/2025_AVRUPA_OPSIYON;D_EQ;SSO;D_EQ_ECP;DE_TTKOM_ECP;TTKOM.E;2025-11-28;6.75;7.15;-5.59;0;0;0;0;0;0;0;0;0;118;0;;;;;
2025-11-28;O_TTKOME1125C50.00;TTKOM_11/2025_AVRUPA_OPSIYON;D_EQ;SSO;D_EQ_ECP;DE_TTKOM_ECP;TTKOM.E;2025-11-28;5.75;6.15;-6.5;0;0;0;0;0;0;0;0;0;440;0;;;;;
2025-11-28;O_TTKOME1125C52.00;TTKOM_11/2025_AVRUPA_OPSIYON;D_EQ;SSO;D_EQ_ECP;DE_TTKOM_ECP;TTKOM.E;2025-11-28;3.75;4.15;-9.64;0;0;0;0;0;0;0;0;0;120;0;;;;;
2025-11-28;O_TTKOME1125C54.00;TTKOM_11/2025_AVRUPA_OPSIYON;D_EQ;SSO;D_EQ_ECP;DE_TTKOM_ECP;TTKOM.E;2025-11-28;1.75;2.17;-19.35;0;0;0;0;0;0;0;0;0;218;0;;;;;
2025-11-28;O_TTKOME1125C56.00;TTKOM_11/2025_AVRUPA_OPSIYON;D_EQ;SSO;D_EQ_ECP;DE_TTKOM_ECP;TTKOM.E;2025-11-28;0;0.57;0;0;0;0;0;0;0;0;0;0;348;0;;;;;
2025-11-28;O_TTKOME1125C58.00;TTKOM_11/2025_AVRUPA_OPSIYON;D_EQ;SSO;D_EQ_ECP;DE_TTKOM_ECP;TTKOM.E;2025-11-28;0;0.04;0;0.05;0.05;0.05;0.05;0.05;5800;5;1;1;687;0;;;;;
2025-11-28;O_TTKOME1125C60.00;TTKOM_11/2025_AVRUPA_OPSIYON;D_EQ;SSO;D_EQ_ECP;DE_TTKOM_ECP;TTKOM.E;2025-11-28;0;0.01;0;0.05;0.03;0.05;0.03;0.04;24000;16;4;2;104;0;;;;;
2025-11-28;O_TTKOME1125C62.00;TTKOM_11/2025_AVRUPA_OPSIYON;D_EQ;SSO;D_EQ_ECP;DE_TTKOM_ECP;TTKOM.E;2025-11-28;0;0.01;0;0;0;0;0;0;0;0;0;0;144;0;;;;;
2025-11-28;O_TTKOME1125C64.00;TTKOM_11/2025_AVRUPA_OPSIYON;D_EQ;SSO;D_EQ_ECP;DE_TTKOM_ECP;TTKOM.E;2025-11-28;0;0.01;0;0;0;0;0;0;0;0;0;0;425;0;;;;;
2025-11-28;O_TTKOME1125C66.00;TTKOM_11/2025_AVRUPA_OPSIYON;D_EQ;SSO;D_EQ_ECP;DE_TTKOM_ECP;TTKOM.E;2025-11-28;0;0.01;0;0;0;0;0;0;0;0;0;0;0;0;;;;;
2025-11-28;O_TTKOME1125C68.00;TTKOM_11/2025_AVRUPA_OPSIYON;D_EQ;SSO;D_EQ_ECP;DE_TTKOM_ECP;TTKOM.E;2025-11-28;0;0.01;0;0;0;0;0;0;0;0;0;0;0;0;;;;;
2025-11-28;O_TTKOME1125C70.00;TTKOM_11/2025_AVRUPA_OPSIYON;D_EQ;SSO;D_EQ_ECP;DE_TTKOM_ECP;TTKOM.E;2025-11-28;0;0.01;0;0;0;0;0;0;0;0;0;0;0;0;;;;;
2025-11-28;O_TTKOME1125C72.00;TTKOM_11/2025_AVRUPA_OPSIYON;D_EQ;SSO;D_EQ_ECP;DE_TTKOM_ECP;TTKOM.E;2025-11-28;0;0.01;0;0;0;0;0;0;0;0;0;0;0;0;;;;;
2025-11-28;O_TTKOME1125P44.00;TTKOM_11/2025_AVRUPA_OPSIYON;D_EQ;SSO;D_EQ_EPP;DE_TTKOM_EPP;TTKOM.E;2025-11-28;0;0.01;0;0;0;0;0;0;0;0;0;0;118;0;;;;;
2025-11-28;O_TTKOME1125P45.00;TTKOM_11/2025_AVRUPA_OPSIYON;D_EQ;SSO;D_EQ_EPP;DE_TTKOM_EPP;TTKOM.E;2025-11-28;0;0.01;0;0;0;0;0;0;0;0;0;0;127;0;;;;;
2025-11-28;O_TTKOME1125P46.00;TTKOM_11/2025_AVRUPA_OPSIYON;D_EQ;SSO;D_EQ_EPP;DE_TTKOM_EPP;TTKOM.E;2025-11-28;0;0.01;0;0;0;0;0;0;0;0;0;0;258;0;;;;;
2025-11-28;O_TTKOME1125P47.00;TTKOM_11/2025_AVRUPA_OPSIYON;D_EQ;SSO;D_EQ_EPP;DE_TTKOM_EPP;TTKOM.E;2025-11-28;0;0.01;0;0;0;0;0;0;0;0;0;0;1;0;;;;;
2025-11-28;O_TTKOME1125P48.00;TTKOM_11/2025_AVRUPA_OPSIYON;D_EQ;SSO;D_EQ_EPP;DE_TTKOM_EPP;TTKOM.E;2025-11-28;0;0.01;0;0;0;0;0;0;0;0;0;0;20;0;;;;;
2025-11-28;O_TTKOME1125P49.00;TTKOM_11/2025_AVRUPA_OPSIYON;D_EQ;SSO;D_EQ_EPP;DE_TTKOM_EPP;TTKOM.E;2025-11-28;0;0.01;0;0;0;0;0;0;0;0;0;0;890;0;;;;;
2025-11-28;O_TTKOME1125P50.00;TTKOM_11/2025_AVRUPA_OPSIYON;D_EQ;SSO;D_EQ_EPP;DE_TTKOM_EPP;TTKOM.E;2025-11-28;0;0.01;0;0;0;0;0;0;0;0;0;0;743;0;;;;;
2025-11-28;O_TTKOME1125P52.00;TTKOM_11/2025_AVRUPA_OPSIYON;D_EQ;SSO;D_EQ_EPP;DE_TTKOM_EPP;TTKOM.E;2025-11-28;0;0.01;0;0;0;0;0;0;0;0;0;0;600;0;;;;;
2025-11-28;O_TTKOME1125P54.00;TTKOM_11/2025_AVRUPA_OPSIYON;D_EQ;SSO;D_EQ_EPP;DE_TTKOM_EPP;TTKOM.E;2025-11-28;0;0.02;0;0;0;0;0;0;0;0;0;0;236;0;;;;;
2025-11-28;O_TTKOME1125P56.00;TTKOM_11/2025_AVRUPA_OPSIYON;D_EQ;SSO;D_EQ_EPP;DE_TTKOM_EPP;TTKOM.E;2025-11-28;0.25;0.41;-39.02;0;0;0;0;0;0;0;0;0;293;0;;;;;
2025-11-28;O_TTKOME1125P58.00;TTKOM_11/2025_AVRUPA_OPSIYON;D_EQ;SSO;D_EQ_EPP;DE_TTKOM_EPP;TTKOM.E;2025-11-28;2.25;1.88;19.68;0;0;0;0;0;0;0;0;0;473;0;;;;;
2025-11-28;O_TTKOME1125P60.00;TTKOM_11/2025_AVRUPA_OPSIYON;D_EQ;SSO;D_EQ_EPP;DE_TTKOM_EPP;TTKOM.E;2025-11-28;4.25;3.84;10.68;0;0;0;0;0;0;0;0;0;163;0;;;;;
2025-11-28;O_TTKOME1125P62.00;TTKOM_11/2025_AVRUPA_OPSIYON;D_EQ;SSO;D_EQ_EPP;DE_TTKOM_EPP;TTKOM.E;2025-11-28;6.25;5.84;7.02;0;0;0;0;0;0;0;0;0;100;0;;;;;
2025-11-28;O_TTKOME1225C50.00;TTKOM_12/2025_AVRUPA_OPSIYON;D_EQ;SSO;D_EQ_ECP;DE_TTKOM_ECP;TTKOM.E;2025-12-31;7.95;8.34;-4.68;0;0;0;0;0;0;0;0;0;62;0;;;;;
2025-11-28;O_TTKOME1225C52.00;TTKOM_12/2025_AVRUPA_OPSIYON;D_EQ;SSO;D_EQ_ECP;DE_TTKOM_ECP;TTKOM.E;2025-12-31;6.35;6.72;-5.51;0;0;0;0;0;0;0;0;0;173;0;;;;;
2025-11-28;O_TTKOME1225C54.00;TTKOM_12/2025_AVRUPA_OPSIYON;D_EQ;SSO;D_EQ_ECP;DE_TTKOM_ECP;TTKOM.E;2025-12-31;4.9;5.24;-6.49;0;0;0;0;0;0;0;0;0;406;0;;;;;
2025-11-28;O_TTKOME1225C56.00;TTKOM_12/2025_AVRUPA_OPSIYON;D_EQ;SSO;D_EQ_ECP;DE_TTKOM_ECP;TTKOM.E;2025-12-31;3.66;3.95;-7.34;0;0;0;0;0;0;0;0;0;13;0;;;;;
2025-11-28;O_TTKOME1225C58.00;TTKOM_12/2025_AVRUPA_OPSIYON;D_EQ;SSO;D_EQ_ECP;DE_TTKOM_ECP;TTKOM.E;2025-12-31;2.65;2.9;-8.62;0;0;0;0;0;0;0;0;0;7;0;;;;;
2025-11-28;O_TTKOME1225C60.00;TTKOM_12/2025_AVRUPA_OPSIYON;D_EQ;SSO;D_EQ_ECP;DE_TTKOM_ECP;TTKOM.E;2025-12-31;1.88;2.09;-10.05;0;0;0;0;0;0;0;0;0;100;0;;;;;
2025-11-28;O_TTKOME1225C62.00;TTKOM_12/2025_AVRUPA_OPSIYON;D_EQ;SSO;D_EQ_ECP;DE_TTKOM_ECP;TTKOM.E;2025-12-31;1.34;1.5;-10.67;0;0;0;0;0;0;0;0;0;200;0;;;;;
2025-11-28;O_TTKOME1225C64.00;TTKOM_12/2025_AVRUPA_OPSIYON;D_EQ;SSO;D_EQ_ECP;DE_TTKOM_ECP;TTKOM.E;2025-12-31;0.96;1.08;-11.11;0;0;0;0;0;0;0;0;0;200;0;;;;;
2025-11-28;O_TTKOME1225C66.00;TTKOM_12/2025_AVRUPA_OPSIYON;D_EQ;SSO;D_EQ_ECP;DE_TTKOM_ECP;TTKOM.E;2025-12-31;0.69;0.79;-12.66;0;0;0;0;0;0;0;0;0;350;0;;;;;
2025-11-28;O_TTKOME1225C68.00;TTKOM_12/2025_AVRUPA_OPSIYON;D_EQ;SSO;D_EQ_ECP;DE_TTKOM_ECP;TTKOM.E;2025-12-31;0.49;0.57;-14.04;0;0;0;0;0;0;0;0;0;720;0;;;;;
2025-11-28;O_TTKOME1225C70.00;TTKOM_12/2025_AVRUPA_OPSIYON;D_EQ;SSO;D_EQ_ECP;DE_TTKOM_ECP;TTKOM.E;2025-12-31;0.36;0.42;-14.29;0;0;0;0;0;0;0;0;0;150;0;;;;;
2025-11-28;O_TTKOME1225C72.00;TTKOM_12/2025_AVRUPA_OPSIYON;D_EQ;SSO;D_EQ_ECP;DE_TTKOM_ECP;TTKOM.E;2025-12-31;0.26;0.31;-16.13;0;0;0;0;0;0;0;0;0;110;0;;;;;
2025-11-28;O_TTKOME1225P45.00;TTKOM_12/2025_AVRUPA_OPSIYON;D_EQ;SSO;D_EQ_EPP;DE_TTKOM_EPP;TTKOM.E;2025-12-31;0.12;0.12;0;0;0;0;0;0;0;0;0;0;0;0;;;;;
2025-11-28;O_TTKOME1225P46.00;TTKOM_12/2025_AVRUPA_OPSIYON;D_EQ;SSO;D_EQ_EPP;DE_TTKOM_EPP;TTKOM.E;2025-12-31;0.16;0.16;0;0;0;0;0;0;0;0;0;0;0;0;;;;;
2025-11-28;O_TTKOME1225P47.00;TTKOM_12/2025_AVRUPA_OPSIYON;D_EQ;SSO;D_EQ_EPP;DE_TTKOM_EPP;TTKOM.E;2025-12-31;0.22;0.22;0;0;0;0;0;0;0;0;0;0;0;0;;;;;
2025-11-28;O_TTKOME1225P48.00;TTKOM_12/2025_AVRUPA_OPSIYON;D_EQ;SSO;D_EQ_EPP;DE_TTKOM_EPP;TTKOM.E;2025-12-31;0.3;0.29;3.45;0;0;0;0;0;0;0;0;0;0;0;;;;;
2025-11-28;O_TTKOME1225P49.00;TTKOM_12/2025_AVRUPA_OPSIYON;D_EQ;SSO;D_EQ_EPP;DE_TTKOM_EPP;TTKOM.E;2025-12-31;0.4;0.38;5.26;0;0;0;0;0;0;0;0;0;0;0;;;;;
2025-11-28;O_TTKOME1225P50.00;TTKOM_12/2025_AVRUPA_OPSIYON;D_EQ;SSO;D_EQ_EPP;DE_TTKOM_EPP;TTKOM.E;2025-12-31;0.52;0.5;4;0;0;0;0;0;0;0;0;0;290;0;;;;;
2025-11-28;O_TTKOME1225P52.00;TTKOM_12/2025_AVRUPA_OPSIYON;D_EQ;SSO;D_EQ_EPP;DE_TTKOM_EPP;TTKOM.E;2025-12-31;0.85;0.81;4.94;0;0;0;0;0;0;0;0;0;63;0;;;;;
2025-11-28;O_TTKOME1225P54.00;TTKOM_12/2025_AVRUPA_OPSIYON;D_EQ;SSO;D_EQ_EPP;DE_TTKOM_EPP;TTKOM.E;2025-12-31;1.32;1.26;4.76;0;0;0;0;0;0;0;0;0;153;0;;;;;
2025-11-28;O_TTKOME1225P56.00;TTKOM_12/2025_AVRUPA_OPSIYON;D_EQ;SSO;D_EQ_EPP;DE_TTKOM_EPP;TTKOM.E;2025-12-31;2.02;1.9;6.32;0;0;0;0;0;0;0;0;0;40;0;;;;;
2025-11-28;O_TTKOME1225P58.00;TTKOM_12/2025_AVRUPA_OPSIYON;D_EQ;SSO;D_EQ_EPP;DE_TTKOM_EPP;TTKOM.E;2025-12-31;2.94;2.79;5.38;0;0;0;0;0;0;0;0;0;60;0;;;;;
2025-11-28;O_TTKOME1225P60.00;TTKOM_12/2025_AVRUPA_OPSIYON;D_EQ;SSO;D_EQ_EPP;DE_TTKOM_EPP;TTKOM.E;2025-12-31;4.11;3.9;5.38;0;0;0;0;0;0;0;0;0;150;0;;;;;
2025-11-28;O_TTKOME1225P62.00;TTKOM_12/2025_AVRUPA_OPSIYON;D_EQ;SSO;D_EQ_EPP;DE_TTKOM_EPP;TTKOM.E;2025-12-31;5.5;5.24;4.96;0;0;0;0;0;0;0;0;0;100;0;;;;;
2025-11-28;O_TUPRSE0126C195.00;TUPRS_01/2026_AVRUPA_OPSIYON;D_EQ;SSO;D_EQ_ECP;DE_TUPRS_ECP;TUPRS.E;2026-01-30;20.16;19.96;1;0;0;0;0;0;0;0;0;0;0;0;;;;;
2025-11-28;O_TUPRSE0126C200.00;TUPRS_01/2026_AVRUPA_OPSIYON;D_EQ;SSO;D_EQ_ECP;DE_TUPRS_ECP;TUPRS.E;2026-01-30;17.04;16.89;0.89;0;0;0;0;0;0;0;0;0;0;0;;;;;
2025-11-28;O_TUPRSE0126C205.00;TUPRS_01/2026_AVRUPA_OPSIYON;D_EQ;SSO;D_EQ_ECP;DE_TUPRS_ECP;TUPRS.E;2026-01-30;14.32;14.2;0.85;0;0;0;0;0;0;0;0;0;0;0;;;;;
2025-11-28;O_TUPRSE0126C210.00;TUPRS_01/2026_AVRUPA_OPSIYON;D_EQ;SSO;D_EQ_ECP;DE_TUPRS_ECP;TUPRS.E;2026-01-30;11.93;11.85;0.68;0;0;0;0;0;0;0;0;0;0;0;;;;;
2025-11-28;O_TUPRSE0126C215.00;TUPRS_01/2026_AVRUPA_OPSIYON;D_EQ;SSO;D_EQ_ECP;DE_TUPRS_ECP;TUPRS.E;2026-01-30;9.91;9.85;0.61;5;5;7.16;7.16;6.08;1204000;34048;56;2;0;0;;;;;
2025-11-28;O_TUPRSE0126C220.00;TUPRS_01/2026_AVRUPA_OPSIYON;D_EQ;SSO;D_EQ_ECP;DE_TUPRS_ECP;TUPRS.E;2026-01-30;8.24;8.22;0.24;0;0;0;0;0;0;0;0;0;0;0;;;;;
2025-11-28;O_TUPRSE0126C225.00;TUPRS_01/2026_AVRUPA_OPSIYON;D_EQ;SSO;D_EQ_ECP;DE_TUPRS_ECP;TUPRS.E;2026-01-30;6.97;6.97;0;0;0;0;0;0;0;0;0;0;0;0;;;;;
2025-11-28;O_TUPRSE0126C230.00;TUPRS_01/2026_AVRUPA_OPSIYON;D_EQ;SSO;D_EQ_ECP;DE_TUPRS_ECP;TUPRS.E;2026-01-30;5.92;5.93;-0.17;0;0;0;0;0;0;0;0;0;0;0;;;;;
2025-11-28;O_TUPRSE0126C235.00;TUPRS_01/2026_AVRUPA_OPSIYON;D_EQ;SSO;D_EQ_ECP;DE_TUPRS_ECP;TUPRS.E;2026-01-30;5.03;5.06;-0.59;0;0;0;0;0;0;0;0;0;0;0;;;;;
2025-11-28;O_TUPRSE0126C240.00;TUPRS_01/2026_AVRUPA_OPSIYON;D_EQ;SSO;D_EQ_ECP;DE_TUPRS_ECP;TUPRS.E;2026-01-30;4.3;4.33;-0.69;0;0;0;0;0;0;0;0;0;0;0;;;;;
2025-11-28;O_TUPRSE0126C245.00;TUPRS_01/2026_AVRUPA_OPSIYON;D_EQ;SSO;D_EQ_ECP;DE_TUPRS_ECP;TUPRS.E;2026-01-30;3.69;3.72;-0.81;0;0;0;0;0;0;0;0;0;0;0;;;;;
2025-11-28;O_TUPRSE0126C250.00;TUPRS_01/2026_AVRUPA_OPSIYON;D_EQ;SSO;D_EQ_ECP;DE_TUPRS_ECP;TUPRS.E;2026-01-30;3.18;3.21;-0.93;0;0;0;0;0;0;0;0;0;0;0;;;;;
2025-11-28;O_TUPRSE0126P170.00;TUPRS_01/2026_AVRUPA_OPSIYON;D_EQ;SSO;D_EQ_EPP;DE_TUPRS_EPP;TUPRS.E;2026-01-30;1.46;1.54;-5.19;0;0;0;0;0;0;0;0;0;0;0;;;;;
2025-11-28;O_TUPRSE0126P175.00;TUPRS_01/2026_AVRUPA_OPSIYON;D_EQ;SSO;D_EQ_EPP;DE_TUPRS_EPP;TUPRS.E;2026-01-30;1.95;2.04;-4.41;0;0;0;0;0;0;0;0;0;0;0;;;;;
2025-11-28;O_TUPRSE0126P180.00;TUPRS_01/2026_AVRUPA_OPSIYON;D_EQ;SSO;D_EQ_EPP;DE_TUPRS_EPP;TUPRS.E;2026-01-30;2.58;2.68;-3.73;0;0;0;0;0;0;0;0;0;0;0;;;;;
2025-11-28;O_TUPRSE0126P185.00;TUPRS_01/2026_AVRUPA_OPSIYON;D_EQ;SSO;D_EQ_EPP;DE_TUPRS_EPP;TUPRS.E;2026-01-30;3.35;3.48;-3.74;0;0;0;0;0;0;0;0;0;0;0;;;;;
2025-11-28;O_TUPRSE0126P190.00;TUPRS_01/2026_AVRUPA_OPSIYON;D_EQ;SSO;D_EQ_EPP;DE_TUPRS_EPP;TUPRS.E;2026-01-30;4.31;4.46;-3.36;0;0;0;0;0;0;0;0;0;0;0;;;;;
2025-11-28;O_TUPRSE0126P195.00;TUPRS_01/2026_AVRUPA_OPSIYON;D_EQ;SSO;D_EQ_EPP;DE_TUPRS_EPP;TUPRS.E;2026-01-30;5.48;5.65;-3.01;0;0;0;0;0;0;0;0;0;0;0;;;;;
2025-11-28;O_TUPRSE0126P200.00;TUPRS_01/2026_AVRUPA_OPSIYON;D_EQ;SSO;D_EQ_EPP;DE_TUPRS_EPP;TUPRS.E;2026-01-30;6.98;7.19;-2.92;0;0;0;0;0;0;0;0;0;0;0;;;;;
2025-11-28;O_TUPRSE0126P205.00;TUPRS_01/2026_AVRUPA_OPSIYON;D_EQ;SSO;D_EQ_EPP;DE_TUPRS_EPP;TUPRS.E;2026-01-30;8.87;9.11;-2.63;0;0;0;0;0;0;0;0;0;0;0;;;;;
2025-11-28;O_TUPRSE0126P210.00;TUPRS_01/2026_AVRUPA_OPSIYON;D_EQ;SSO;D_EQ_EPP;DE_TUPRS_EPP;TUPRS.E;2026-01-30;11.1;11.38;-2.46;0;0;0;0;0;0;0;0;0;0;0;;;;;
2025-11-28;O_TUPRSE0126P215.00;TUPRS_01/2026_AVRUPA_OPSIYON;D_EQ;SSO;D_EQ_EPP;DE_TUPRS_EPP;TUPRS.E;2026-01-30;13.7;13.99;-2.07;14.16;14.16;16.16;16.16;15.16;1204000;84896;56;2;0;0;;;;;
2025-11-28;O_TUPRSE0126P220.00;TUPRS_01/2026_AVRUPA_OPSIYON;D_EQ;SSO;D_EQ_EPP;DE_TUPRS_EPP;TUPRS.E;2026-01-30;16.65;16.98;-1.94;0;0;0;0;0;0;0;0;0;0;0;;;;;
2025-11-28;O_TUPRSE0126P225.00;TUPRS_01/2026_AVRUPA_OPSIYON;D_EQ;SSO;D_EQ_EPP;DE_TUPRS_EPP;TUPRS.E;2026-01-30;20;20.34;-1.67;0;0;0;0;0;0;0;0;0;0;0;;;;;
2025-11-28;O_TUPRSE1125C175.00;TUPRS_11/2025_AVRUPA_OPSIYON;D_EQ;SSO;D_EQ_ECP;DE_TUPRS_ECP;TUPRS.E;2025-11-28;19.8;19.38;2.17;0;0;0;0;0;0;0;0;0;1;0;;;;;
2025-11-28;O_TUPRSE1125C180.00;TUPRS_11/2025_AVRUPA_OPSIYON;D_EQ;SSO;D_EQ_ECP;DE_TUPRS_ECP;TUPRS.E;2025-11-28;14.8;14.39;2.85;0;0;0;0;0;0;0;0;0;2;0;;;;;
2025-11-28;O_TUPRSE1125C185.00;TUPRS_11/2025_AVRUPA_OPSIYON;D_EQ;SSO;D_EQ_ECP;DE_TUPRS_ECP;TUPRS.E;2025-11-28;9.8;9.4;4.26;0;0;0;0;0;0;0;0;0;83;0;;;;;
2025-11-28;O_TUPRSE1125C190.00;TUPRS_11/2025_AVRUPA_OPSIYON;D_EQ;SSO;D_EQ_ECP;DE_TUPRS_ECP;TUPRS.E;2025-11-28;4.8;4.59;4.58;0;0;0;0;0;0;0;0;0;88;0;;;;;
2025-11-28;O_TUPRSE1125C195.00;TUPRS_11/2025_AVRUPA_OPSIYON;D_EQ;SSO;D_EQ_ECP;DE_TUPRS_ECP;TUPRS.E;2025-11-28;0;1.18;0;0;0;0;0;0;0;0;0;0;83;0;;;;;
2025-11-28;O_TUPRSE1125C200.00;TUPRS_11/2025_AVRUPA_OPSIYON;D_EQ;SSO;D_EQ_ECP;DE_TUPRS_ECP;TUPRS.E;2025-11-28;0;0.11;0;0;0;0;0;0;0;0;0;0;36;0;;;;;
2025-11-28;O_TUPRSE1125C205.00;TUPRS_11/2025_AVRUPA_OPSIYON;D_EQ;SSO;D_EQ_ECP;DE_TUPRS_ECP;TUPRS.E;2025-11-28;0;0.01;0;0;0;0;0;0;0;0;0;0;399;0;;;;;
2025-11-28;O_TUPRSE1125C210.00;TUPRS_11/2025_AVRUPA_OPSIYON;D_EQ;SSO;D_EQ_ECP;DE_TUPRS_ECP;TUPRS.E;2025-11-28;0;0.01;0;0;0;0;0;0;0;0;0;0;135;0;;;;;
2025-11-28;O_TUPRSE1125C215.00;TUPRS_11/2025_AVRUPA_OPSIYON;D_EQ;SSO;D_EQ_ECP;DE_TUPRS_ECP;TUPRS.E;2025-11-28;0;0.01;0;0;0;0;0;0;0;0;0;0;15;0;;;;;
2025-11-28;O_TUPRSE1125C220.00;TUPRS_11/2025_AVRUPA_OPSIYON;D_EQ;SSO;D_EQ_ECP;DE_TUPRS_ECP;TUPRS.E;2025-11-28;0;0.01;0;0;0;0;0;0;0;0;0;0;165;0;;;;;
2025-11-28;O_TUPRSE1125C225.00;TUPRS_11/2025_AVRUPA_OPSIYON;D_EQ;SSO;D_EQ_ECP;DE_TUPRS_ECP;TUPRS.E;2025-11-28;0;0.01;0;0;0;0;0;0;0;0;0;0;380;0;;;;;
2025-11-28;O_TUPRSE1125C230.00;TUPRS_11/2025_AVRUPA_OPSIYON;D_EQ;SSO;D_EQ_ECP;DE_TUPRS_ECP;TUPRS.E;2025-11-28;0;0.01;0;0;0;0;0;0;0;0;0;0;950;0;;;;;
2025-11-28;O_TUPRSE1125C235.00;TUPRS_11/2025_AVRUPA_OPSIYON;D_EQ;SSO;D_EQ_ECP;DE_TUPRS_ECP;TUPRS.E;2025-11-28;0;0.01;0;0;0;0;0;0;0;0;0;0;0;0;;;;;
2025-11-28;O_TUPRSE1125C240.00;TUPRS_11/2025_AVRUPA_OPSIYON;D_EQ;SSO;D_EQ_ECP;DE_TUPRS_ECP;TUPRS.E;2025-11-28;0;0.01;0;0;0;0;0;0;0;0;0;0;0;0;;;;;
2025-11-28;O_TUPRSE1125C245.00;TUPRS_11/2025_AVRUPA_OPSIYON;D_EQ;SSO;D_EQ_ECP;DE_TUPRS_ECP;TUPRS.E;2025-11-28;0;0.01;0;0;0;0;0;0;0;0;0;0;0;0;;;;;
2025-11-28;O_TUPRSE1125P150.00;TUPRS_11/2025_AVRUPA_OPSIYON;D_EQ;SSO;D_EQ_EPP;DE_TUPRS_EPP;TUPRS.E;2025-11-28;0;0.01;0;0;0;0;0;0;0;0;0;0;0;0;;;;;
2025-11-28;O_TUPRSE1125P155.00;TUPRS_11/2025_AVRUPA_OPSIYON;D_EQ;SSO;D_EQ_EPP;DE_TUPRS_EPP;TUPRS.E;2025-11-28;0;0.01;0;0;0;0;0;0;0;0;0;0;0;0;;;;;
2025-11-28;O_TUPRSE1125P160.00;TUPRS_11/2025_AVRUPA_OPSIYON;D_EQ;SSO;D_EQ_EPP;DE_TUPRS_EPP;TUPRS.E;2025-11-28;0;0.01;0;0;0;0;0;0;0;0;0;0;0;0;;;;;
2025-11-28;O_TUPRSE1125P165.00;TUPRS_11/2025_AVRUPA_OPSIYON;D_EQ;SSO;D_EQ_EPP;DE_TUPRS_EPP;TUPRS.E;2025-11-28;0;0.01;0;0;0;0;0;0;0;0;0;0;0;0;;;;;
2025-11-28;O_TUPRSE1125P170.00;TUPRS_11/2025_AVRUPA_OPSIYON;D_EQ;SSO;D_EQ_EPP;DE_TUPRS_EPP;TUPRS.E;2025-11-28;0;0.01;0;0;0;0;0;0;0;0;0;0;0;0;;;;;
2025-11-28;O_TUPRSE1125P175.00;TUPRS_11/2025_AVRUPA_OPSIYON;D_EQ;SSO;D_EQ_EPP;DE_TUPRS_EPP;TUPRS.E;2025-11-28;0;0.01;0;0;0;0;0;0;0;0;0;0;1;0;;;;;
2025-11-28;O_TUPRSE1125P180.00;TUPRS_11/2025_AVRUPA_OPSIYON;D_EQ;SSO;D_EQ_EPP;DE_TUPRS_EPP;TUPRS.E;2025-11-28;0;0.01;0;0;0;0;0;0;0;0;0;0;86;0;;;;;
2025-11-28;O_TUPRSE1125P185.00;TUPRS_11/2025_AVRUPA_OPSIYON;D_EQ;SSO;D_EQ_EPP;DE_TUPRS_EPP;TUPRS.E;2025-11-28;0;0.01;0;0;0;0;0;0;0;0;0;0;93;0;;;;;
2025-11-28;O_TUPRSE1125P190.00;TUPRS_11/2025_AVRUPA_OPSIYON;D_EQ;SSO;D_EQ_EPP;DE_TUPRS_EPP;TUPRS.E;2025-11-28;0;0.2;0;0;0;0;0;0;0;0;0;0;409;0;;;;;
2025-11-28;O_TUPRSE1125P195.00;TUPRS_11/2025_AVRUPA_OPSIYON;D_EQ;SSO;D_EQ_EPP;DE_TUPRS_EPP;TUPRS.E;2025-11-28;0.2;1.77;-88.7;1;1;1;1;1;390000;2000;20;2;294;20;;;;;
2025-11-28;O_TUPRSE1125P200.00;TUPRS_11/2025_AVRUPA_OPSIYON;D_EQ;SSO;D_EQ_EPP;DE_TUPRS_EPP;TUPRS.E;2025-11-28;5.2;5.7;-8.77;5.5;5.24;5.5;5.24;5.48;220000;6024;11;2;139;0;;;;;
2025-11-28;O_TUPRSE1125P205.00;TUPRS_11/2025_AVRUPA_OPSIYON;D_EQ;SSO;D_EQ_EPP;DE_TUPRS_EPP;TUPRS.E;2025-11-28;10.2;10.59;-3.68;0;0;0;0;0;0;0;0;0;76;0;;;;;
2025-11-28;O_TUPRSE1125P210.00;TUPRS_11/2025_AVRUPA_OPSIYON;D_EQ;SSO;D_EQ_EPP;DE_TUPRS_EPP;TUPRS.E;2025-11-28;15.2;15.58;-2.44;0;0;0;0;0;0;0;0;0;33;0;;;;;
2025-11-28;O_TUPRSE1125P215.00;TUPRS_11/2025_AVRUPA_OPSIYON;D_EQ;SSO;D_EQ_EPP;DE_TUPRS_EPP;TUPRS.E;2025-11-28;20.2;20.58;-1.85;0;0;0;0;0;0;0;0;0;46;0;;;;;
2025-11-28;O_TUPRSE1125P220.00;TUPRS_11/2025_AVRUPA_OPSIYON;D_EQ;SSO;D_EQ_EPP;DE_TUPRS_EPP;TUPRS.E;2025-11-28;25.2;25.57;-1.45;0;0;0;0;0;0;0;0;0;0;0;;;;;
2025-11-28;O_TUPRSE1225C180.00;TUPRS_12/2025_AVRUPA_OPSIYON;D_EQ;SSO;D_EQ_ECP;DE_TUPRS_ECP;TUPRS.E;2025-12-31;22.69;22.4;1.29;0;0;0;0;0;0;0;0;0;0;0;;;;;
2025-11-28;O_TUPRSE1225C185.00;TUPRS_12/2025_AVRUPA_OPSIYON;D_EQ;SSO;D_EQ_ECP;DE_TUPRS_ECP;TUPRS.E;2025-12-31;18.71;18.47;1.3;0;0;0;0;0;0;0;0;0;0;0;;;;;
2025-11-28;O_TUPRSE1225C190.00;TUPRS_12/2025_AVRUPA_OPSIYON;D_EQ;SSO;D_EQ_ECP;DE_TUPRS_ECP;TUPRS.E;2025-12-31;15.04;14.84;1.35;0;0;0;0;0;0;0;0;0;32;0;;;;;
2025-11-28;O_TUPRSE1225C195.00;TUPRS_12/2025_AVRUPA_OPSIYON;D_EQ;SSO;D_EQ_ECP;DE_TUPRS_ECP;TUPRS.E;2025-12-31;11.84;11.71;1.11;0;0;0;0;0;0;0;0;0;56;0;;;;;
2025-11-28;O_TUPRSE1225C200.00;TUPRS_12/2025_AVRUPA_OPSIYON;D_EQ;SSO;D_EQ_ECP;DE_TUPRS_ECP;TUPRS.E;2025-12-31;9.12;9.03;1;0;0;0;0;0;0;0;0;0;28;0;;;;;
2025-11-28;O_TUPRSE1225C205.00;TUPRS_12/2025_AVRUPA_OPSIYON;D_EQ;SSO;D_EQ_ECP;DE_TUPRS_ECP;TUPRS.E;2025-12-31;6.9;6.86;0.58;0;0;0;0;0;0;0;0;0;28;0;;;;;
2025-11-28;O_TUPRSE1225C210.00;TUPRS_12/2025_AVRUPA_OPSIYON;D_EQ;SSO;D_EQ_ECP;DE_TUPRS_ECP;TUPRS.E;2025-12-31;5.13;5.12;0.2;0;0;0;0;0;0;0;0;0;28;0;;;;;
2025-11-28;O_TUPRSE1225C215.00;TUPRS_12/2025_AVRUPA_OPSIYON;D_EQ;SSO;D_EQ_ECP;DE_TUPRS_ECP;TUPRS.E;2025-12-31;3.84;3.87;-0.78;0;0;0;0;0;0;0;0;0;0;0;;;;;
2025-11-28;O_TUPRSE1225C220.00;TUPRS_12/2025_AVRUPA_OPSIYON;D_EQ;SSO;D_EQ_ECP;DE_TUPRS_ECP;TUPRS.E;2025-12-31;2.9;2.94;-1.36;0;0;0;0;0;0;0;0;0;0;0;;;;;
2025-11-28;O_TUPRSE1225C225.00;TUPRS_12/2025_AVRUPA_OPSIYON;D_EQ;SSO;D_EQ_ECP;DE_TUPRS_ECP;TUPRS.E;2025-12-31;2.19;2.23;-1.79;0;0;0;0;0;0;0;0;0;784;0;;;;;
2025-11-28;O_TUPRSE1225C230.00;TUPRS_12/2025_AVRUPA_OPSIYON;D_EQ;SSO;D_EQ_ECP;DE_TUPRS_ECP;TUPRS.E;2025-12-31;1.66;1.7;-2.35;0;0;0;0;0;0;0;0;0;4;0;;;;;
2025-11-28;O_TUPRSE1225C235.00;TUPRS_12/2025_AVRUPA_OPSIYON;D_EQ;SSO;D_EQ_ECP;DE_TUPRS_ECP;TUPRS.E;2025-12-31;1.26;1.3;-3.08;0;0;0;0;0;0;0;0;0;4;0;;;;;
2025-11-28;O_TUPRSE1225C240.00;TUPRS_12/2025_AVRUPA_OPSIYON;D_EQ;SSO;D_EQ_ECP;DE_TUPRS_ECP;TUPRS.E;2025-12-31;0.96;1;-4;0;0;0;0;0;0;0;0;0;5;0;;;;;
2025-11-28;O_TUPRSE1225C245.00;TUPRS_12/2025_AVRUPA_OPSIYON;D_EQ;SSO;D_EQ_ECP;DE_TUPRS_ECP;TUPRS.E;2025-12-31;0.74;0.77;-3.9;0;0;0;0;0;0;0;0;0;0;0;;;;;
2025-11-28;O_TUPRSE1225P155.00;TUPRS_12/2025_AVRUPA_OPSIYON;D_EQ;SSO;D_EQ_EPP;DE_TUPRS_EPP;TUPRS.E;2025-12-31;0.17;0.19;-10.53;0;0;0;0;0;0;0;0;0;0;0;;;;;
2025-11-28;O_TUPRSE1225P160.00;TUPRS_12/2025_AVRUPA_OPSIYON;D_EQ;SSO;D_EQ_EPP;DE_TUPRS_EPP;TUPRS.E;2025-12-31;0.29;0.32;-9.38;0;0;0;0;0;0;0;0;0;0;0;;;;;
2025-11-28;O_TUPRSE1225P165.00;TUPRS_12/2025_AVRUPA_OPSIYON;D_EQ;SSO;D_EQ_EPP;DE_TUPRS_EPP;TUPRS.E;2025-12-31;0.48;0.53;-9.43;0;0;0;0;0;0;0;0;0;0;0;;;;;
2025-11-28;O_TUPRSE1225P170.00;TUPRS_12/2025_AVRUPA_OPSIYON;D_EQ;SSO;D_EQ_EPP;DE_TUPRS_EPP;TUPRS.E;2025-12-31;0.76;0.84;-9.52;0;0;0;0;0;0;0;0;0;0;0;;;;;
2025-11-28;O_TUPRSE1225P175.00;TUPRS_12/2025_AVRUPA_OPSIYON;D_EQ;SSO;D_EQ_EPP;DE_TUPRS_EPP;TUPRS.E;2025-12-31;1.19;1.3;-8.46;0;0;0;0;0;0;0;0;0;0;0;;;;;
2025-11-28;O_TUPRSE1225P180.00;TUPRS_12/2025_AVRUPA_OPSIYON;D_EQ;SSO;D_EQ_EPP;DE_TUPRS_EPP;TUPRS.E;2025-12-31;1.81;1.94;-6.7;0;0;0;0;0;0;0;0;0;0;0;;;;;
2025-11-28;O_TUPRSE1225P185.00;TUPRS_12/2025_AVRUPA_OPSIYON;D_EQ;SSO;D_EQ_EPP;DE_TUPRS_EPP;TUPRS.E;2025-12-31;2.66;2.84;-6.34;0;0;0;0;0;0;0;0;0;10;0;;;;;
2025-11-28;O_TUPRSE1225P190.00;TUPRS_12/2025_AVRUPA_OPSIYON;D_EQ;SSO;D_EQ_EPP;DE_TUPRS_EPP;TUPRS.E;2025-12-31;3.82;4.04;-5.45;0;0;0;0;0;0;0;0;0;0;0;;;;;
2025-11-28;O_TUPRSE1225P195.00;TUPRS_12/2025_AVRUPA_OPSIYON;D_EQ;SSO;D_EQ_EPP;DE_TUPRS_EPP;TUPRS.E;2025-12-31;5.45;5.73;-4.89;0;0;0;0;0;0;0;0;0;0;0;;;;;
2025-11-28;O_TUPRSE1225P200.00;TUPRS_12/2025_AVRUPA_OPSIYON;D_EQ;SSO;D_EQ_EPP;DE_TUPRS_EPP;TUPRS.E;2025-12-31;7.56;7.88;-4.06;0;0;0;0;0;0;0;0;0;12;0;;;;;
2025-11-28;O_TUPRSE1225P205.00;TUPRS_12/2025_AVRUPA_OPSIYON;D_EQ;SSO;D_EQ_EPP;DE_TUPRS_EPP;TUPRS.E;2025-12-31;10.18;10.53;-3.32;0;0;0;0;0;0;0;0;0;0;0;;;;;
2025-11-28;O_TUPRSE1225P210.00;TUPRS_12/2025_AVRUPA_OPSIYON;D_EQ;SSO;D_EQ_EPP;DE_TUPRS_EPP;TUPRS.E;2025-12-31;13.24;13.62;-2.79;0;0;0;0;0;0;0;0;0;0;0;;;;;
2025-11-28;O_TUPRSE1225P215.00;TUPRS_12/2025_AVRUPA_OPSIYON;D_EQ;SSO;D_EQ_EPP;DE_TUPRS_EPP;TUPRS.E;2025-12-31;16.78;17.19;-2.39;0;0;0;0;0;0;0;0;0;2;0;;;;;
2025-11-28;O_TUPRSE1225P220.00;TUPRS_12/2025_AVRUPA_OPSIYON;D_EQ;SSO;D_EQ_EPP;DE_TUPRS_EPP;TUPRS.E;2025-12-31;20.67;21.09;-1.99;0;0;0;0;0;0;0;0;0;0;0;;;;;
2025-11-28;O_USDTRYKE0126C44000;USDTRY_01/2026_AVRUPA_OPSIYON;D_CR;CRO;D_CR_ECO;DE_USDTRYK_ECO;D_USDTRYK;2026-01-30;989.6;1010.7;-2.09;0;0;0;0;0;0;0;0;0;27;0;;;;;
2025-11-28;O_USDTRYKE0126C44500;USDTRY_01/2026_AVRUPA_OPSIYON;D_CR;CRO;D_CR_ECO;DE_USDTRYK_ECO;D_USDTRYK;2026-01-30;769.9;801.9;-3.99;0;0;0;0;0;0;0;0;0;0;0;;;;;
2025-11-28;O_USDTRYKE0126C45000;USDTRY_01/2026_AVRUPA_OPSIYON;D_CR;CRO;D_CR_ECO;DE_USDTRYK_ECO;D_USDTRYK;2026-01-30;626;640.2;-2.22;0;0;0;0;0;0;0;0;0;1006;0;;;;;
2025-11-28;O_USDTRYKE0126C45500;USDTRY_01/2026_AVRUPA_OPSIYON;D_CR;CRO;D_CR_ECO;DE_USDTRYK_ECO;D_USDTRYK;2026-01-30;514.5;513;0.29;0;0;0;0;0;0;0;0;0;1001;0;;;;;
2025-11-28;O_USDTRYKE0126C46500;USDTRY_01/2026_AVRUPA_OPSIYON;D_CR;CRO;D_CR_ECO;DE_USDTRYK_ECO;D_USDTRYK;2026-01-30;437.3;431.3;1.39;0;0;0;0;0;0;0;0;0;224;0;;;;;
2025-11-28;O_USDTRYKE0126C47000;USDTRY_01/2026_AVRUPA_OPSIYON;D_CR;CRO;D_CR_ECO;DE_USDTRYK_ECO;D_USDTRYK;2026-01-30;396.6;390.6;1.54;0;0;0;0;0;0;0;0;0;122;0;;;;;
2025-11-28;O_USDTRYKE0126C47500;USDTRY_01/2026_AVRUPA_OPSIYON;D_CR;CRO;D_CR_ECO;DE_USDTRYK_ECO;D_USDTRYK;2026-01-30;366;360.2;1.61;0;0;0;0;0;0;0;0;0;56;0;;;;;
2025-11-28;O_USDTRYKE0126C48000;USDTRY_01/2026_AVRUPA_OPSIYON;D_CR;CRO;D_CR_ECO;DE_USDTRYK_ECO;D_USDTRYK;2026-01-30;342.8;337.2;1.66;355;350;355;350;354.8;50448000;372850;1051;24;1183;1051;;;;;
2025-11-28;O_USDTRYKE0126C48500;USDTRY_01/2026_AVRUPA_OPSIYON;D_CR;CRO;D_CR_ECO;DE_USDTRYK_ECO;D_USDTRYK;2026-01-30;325.1;319.7;1.69;0;0;0;0;0;0;0;0;0;101;0;;;;;
2025-11-28;O_USDTRYKE0126C49000;USDTRY_01/2026_AVRUPA_OPSIYON;D_CR;CRO;D_CR_ECO;DE_USDTRYK_ECO;D_USDTRYK;2026-01-30;311.6;332.5;-6.29;0;0;0;0;0;0;0;0;0;151;0;;;;;
2025-11-28;O_USDTRYKE0126C49500;USDTRY_01/2026_AVRUPA_OPSIYON;D_CR;CRO;D_CR_ECO;DE_USDTRYK_ECO;D_USDTRYK;2026-01-30;310.3;299.3;3.68;0;0;0;0;0;0;0;0;0;4505;0;;;;;
2025-11-28;O_USDTRYKE0126P41000;USDTRY_01/2026_AVRUPA_OPSIYON;D_CR;CRO;D_CR_EPO;DE_USDTRYK_EPO;D_USDTRYK;2026-01-30;0.4;0.4;0;0;0;0;0;0;0;0;0;0;0;0;;;;;
2025-11-28;O_USDTRYKE0126P41500;USDTRY_01/2026_AVRUPA_OPSIYON;D_CR;CRO;D_CR_EPO;DE_USDTRYK_EPO;D_USDTRYK;2026-01-30;1.6;1.5;6.67;0;0;0;0;0;0;0;0;0;0;0;;;;;
2025-11-28;O_USDTRYKE0126P42000;USDTRY_01/2026_AVRUPA_OPSIYON;D_CR;CRO;D_CR_EPO;DE_USDTRYK_EPO;D_USDTRYK;2026-01-30;5.5;5.3;3.77;0;0;0;0;0;0;0;0;0;0;0;;;;;
2025-11-28;O_USDTRYKE0126P42500;USDTRY_01/2026_AVRUPA_OPSIYON;D_CR;CRO;D_CR_EPO;DE_USDTRYK_EPO;D_USDTRYK;2026-01-30;16.6;15.8;5.06;0;0;0;0;0;0;0;0;0;0;0;;;;;
2025-11-28;O_USDTRYKE0126P43000;USDTRY_01/2026_AVRUPA_OPSIYON;D_CR;CRO;D_CR_EPO;DE_USDTRYK_EPO;D_USDTRYK;2026-01-30;43.3;41.2;5.1;0;0;0;0;0;0;0;0;0;0;0;;;;;
2025-11-28;O_USDTRYKE0126P43500;USDTRY_01/2026_AVRUPA_OPSIYON;D_CR;CRO;D_CR_EPO;DE_USDTRYK_EPO;D_USDTRYK;2026-01-30;98.8;94.2;4.88;0;0;0;0;0;0;0;0;0;0;0;;;;;
2025-11-28;O_USDTRYKE0126P44000;USDTRY_01/2026_AVRUPA_OPSIYON;D_CR;CRO;D_CR_EPO;DE_USDTRYK_EPO;D_USDTRYK;2026-01-30;232.2;208.8;11.21;0;0;0;0;0;0;0;0;0;0;0;;;;;
2025-11-28;O_USDTRYKE0126P44500;USDTRY_01/2026_AVRUPA_OPSIYON;D_CR;CRO;D_CR_EPO;DE_USDTRYK_EPO;D_USDTRYK;2026-01-30;485.7;472.8;2.73;0;0;0;0;0;0;0;0;0;0;0;;;;;
2025-11-28;O_USDTRYKE0126P45000;USDTRY_01/2026_AVRUPA_OPSIYON;D_CR;CRO;D_CR_EPO;DE_USDTRYK_EPO;D_USDTRYK;2026-01-30;814.9;783.8;3.97;0;0;0;0;0;0;0;0;0;0;0;;;;;
2025-11-28;O_USDTRYKE0126P45500;USDTRY_01/2026_AVRUPA_OPSIYON;D_CR;CRO;D_CR_EPO;DE_USDTRYK_EPO;D_USDTRYK;2026-01-30;1176.5;1129.3;4.18;0;0;0;0;0;0;0;0;0;0;0;;;;;
2025-11-28;O_USDTRYKE0126P46000;USDTRY_01/2026_AVRUPA_OPSIYON;D_CR;CRO;D_CR_EPO;DE_USDTRYK_EPO;D_USDTRYK;2026-01-30;1627.2;1575.5;3.28;0;0;0;0;0;0;0;0;0;0;0;;;;;
2025-11-28;O_USDTRYKE0126P46500;USDTRY_01/2026_AVRUPA_OPSIYON;D_CR;CRO;D_CR_EPO;DE_USDTRYK_EPO;D_USDTRYK;2026-01-30;2045.6;1993.1;2.63;0;0;0;0;0;0;0;0;0;0;0;;;;;
2025-11-28;O_USDTRYKE1125C41500;USDTRY_11/2025_AVRUPA_OPSIYON;D_CR;CRO;D_CR_ECO;DE_USDTRYK_ECO;D_USDTRYK;2025-11-28;893;938.5;-4.85;0;0;0;0;0;0;0;0;0;0;0;;;;;
2025-11-28;O_USDTRYKE1125C42000;USDTRY_11/2025_AVRUPA_OPSIYON;D_CR;CRO;D_CR_ECO;DE_USDTRYK_ECO;D_USDTRYK;2025-11-28;393;440.8;-10.84;0;0;0;0;0;0;0;0;0;101;0;;;;;
2025-11-28;O_USDTRYKE1125C42500;USDTRY_11/2025_AVRUPA_OPSIYON;D_CR;CRO;D_CR_ECO;DE_USDTRYK_ECO;D_USDTRYK;2025-11-28;0;54.7;0;0;0;0;0;0;0;0;0;0;5794;0;;;;;
2025-11-28;O_USDTRYKE1125C43000;USDTRY_11/2025_AVRUPA_OPSIYON;D_CR;CRO;D_CR_ECO;DE_USDTRYK_ECO;D_USDTRYK;2025-11-28;0;5.4;0;0;0;0;0;0;0;0;0;0;6603;0;;;;;
2025-11-28;O_USDTRYKE1125C43500;USDTRY_11/2025_AVRUPA_OPSIYON;D_CR;CRO;D_CR_ECO;DE_USDTRYK_ECO;D_USDTRYK;2025-11-28;0;0.7;0;0;0;0;0;0;0;0;0;0;35941;0;;;;;
2025-11-28;O_USDTRYKE1125C44000;USDTRY_11/2025_AVRUPA_OPSIYON;D_CR;CRO;D_CR_ECO;DE_USDTRYK_ECO;D_USDTRYK;2025-11-28;0;0.1;0;0;0;0;0;0;0;0;0;0;16380;0;;;;;
2025-11-28;O_USDTRYKE1125C45000;USDTRY_11/2025_AVRUPA_OPSIYON;D_CR;CRO;D_CR_ECO;DE_USDTRYK_ECO;D_USDTRYK;2025-11-28;0;0.1;0;0;0;0;0;0;0;0;0;0;1301;0;;;;;
2025-11-28;O_USDTRYKE1125C45500;USDTRY_11/2025_AVRUPA_OPSIYON;D_CR;CRO;D_CR_ECO;DE_USDTRYK_ECO;D_USDTRYK;2025-11-28;0;0.1;0;0;0;0;0;0;0;0;0;0;2503;0;;;;;
2025-11-28;O_USDTRYKE1125C46000;USDTRY_11/2025_AVRUPA_OPSIYON;D_CR;CRO;D_CR_ECO;DE_USDTRYK_ECO;D_USDTRYK;2025-11-28;0;0.1;0;0;0;0;0;0;0;0;0;0;1552;0;;;;;
2025-11-28;O_USDTRYKE1125C46500;USDTRY_11/2025_AVRUPA_OPSIYON;D_CR;CRO;D_CR_ECO;DE_USDTRYK_ECO;D_USDTRYK;2025-11-28;0;0.1;0;0;0;0;0;0;0;0;0;0;1;0;;;;;
2025-11-28;O_USDTRYKE1125C47000;USDTRY_11/2025_AVRUPA_OPSIYON;D_CR;CRO;D_CR_ECO;DE_USDTRYK_ECO;D_USDTRYK;2025-11-28;0;0.1;0;0;0;0;0;0;0;0;0;0;10013;0;;;;;
2025-11-28;O_USDTRYKE1125C47500;USDTRY_11/2025_AVRUPA_OPSIYON;D_CR;CRO;D_CR_ECO;DE_USDTRYK_ECO;D_USDTRYK;2025-11-28;0;0.1;0;0;0;0;0;0;0;0;0;0;7737;0;;;;;
2025-11-28;O_USDTRYKE1125C48000;USDTRY_11/2025_AVRUPA_OPSIYON;D_CR;CRO;D_CR_ECO;DE_USDTRYK_ECO;D_USDTRYK;2025-11-28;0;0.1;0;0;0;0;0;0;0;0;0;0;81680;0;;;;;
2025-11-28;O_USDTRYKE1125C48500;USDTRY_11/2025_AVRUPA_OPSIYON;D_CR;CRO;D_CR_ECO;DE_USDTRYK_ECO;D_USDTRYK;2025-11-28;0;0.1;0;0;0;0;0;0;0;0;0;0;107198;0;;;;;
2025-11-28;O_USDTRYKE1125P38500;USDTRY_11/2025_AVRUPA_OPSIYON;D_CR;CRO;D_CR_EPO;DE_USDTRYK_EPO;D_USDTRYK;2025-11-28;0;0.1;0;0;0;0;0;0;0;0;0;0;0;0;;;;;
2025-11-28;O_USDTRYKE1125P39000;USDTRY_11/2025_AVRUPA_OPSIYON;D_CR;CRO;D_CR_EPO;DE_USDTRYK_EPO;D_USDTRYK;2025-11-28;0;0.1;0;0;0;0;0;0;0;0;0;0;0;0;;;;;
2025-11-28;O_USDTRYKE1125P39500;USDTRY_11/2025_AVRUPA_OPSIYON;D_CR;CRO;D_CR_EPO;DE_USDTRYK_EPO;D_USDTRYK;2025-11-28;0;0.1;0;0;0;0;0;0;0;0;0;0;0;0;;;;;
2025-11-28;O_USDTRYKE1125P40000;USDTRY_11/2025_AVRUPA_OPSIYON;D_CR;CRO;D_CR_EPO;DE_USDTRYK_EPO;D_USDTRYK;2025-11-28;0;0.1;0;0;0;0;0;0;0;0;0;0;0;0;;;;;
2025-11-28;O_USDTRYKE1125P40500;USDTRY_11/2025_AVRUPA_OPSIYON;D_CR;CRO;D_CR_EPO;DE_USDTRYK_EPO;D_USDTRYK;2025-11-28;0;0.1;0;0;0;0;0;0;0;0;0;0;0;0;;;;;
2025-11-28;O_USDTRYKE1125P41000;USDTRY_11/2025_AVRUPA_OPSIYON;D_CR;CRO;D_CR_EPO;DE_USDTRYK_EPO;D_USDTRYK;2025-11-28;0;0.1;0;0;0;0;0;0;0;0;0;0;0;0;;;;;
2025-11-28;O_USDTRYKE1125P41500;USDTRY_11/2025_AVRUPA_OPSIYON;D_CR;CRO;D_CR_EPO;DE_USDTRYK_EPO;D_USDTRYK;2025-11-28;0;0.1;0;0;0;0;0;0;0;0;0;0;0;0;;;;;
2025-11-28;O_USDTRYKE1125P42000;USDTRY_11/2025_AVRUPA_OPSIYON;D_CR;CRO;D_CR_EPO;DE_USDTRYK_EPO;D_USDTRYK;2025-11-28;0;1.9;0;0;0;0;0;0;0;0;0;0;15;0;;;;;
2025-11-28;O_USDTRYKE1125P42500;USDTRY_11/2025_AVRUPA_OPSIYON;D_CR;CRO;D_CR_EPO;DE_USDTRYK_EPO;D_USDTRYK;2025-11-28;107;115.3;-7.2;39.8;39.8;39.8;39.8;39.8;8500000;7960;200;2;2868;200;;;;;
2025-11-28;O_USDTRYKE1125P43000;USDTRY_11/2025_AVRUPA_OPSIYON;D_CR;CRO;D_CR_EPO;DE_USDTRYK_EPO;D_USDTRYK;2025-11-28;607;565.5;7.34;0;0;0;0;0;0;0;0;0;3433;0;;;;;
2025-11-28;O_USDTRYKE1125P43500;USDTRY_11/2025_AVRUPA_OPSIYON;D_CR;CRO;D_CR_EPO;DE_USDTRYK_EPO;D_USDTRYK;2025-11-28;1107;1060.4;4.39;0;0;0;0;0;0;0;0;0;2746;0;;;;;
2025-11-28;O_USDTRYKE1125P44000;USDTRY_11/2025_AVRUPA_OPSIYON;D_CR;CRO;D_CR_EPO;DE_USDTRYK_EPO;D_USDTRYK;2025-11-28;1607;1559.2;3.07;0;0;0;0;0;0;0;0;0;400;0;;;;;
2025-11-28;O_USDTRYKE1125P44500;USDTRY_11/2025_AVRUPA_OPSIYON;D_CR;CRO;D_CR_EPO;DE_USDTRYK_EPO;D_USDTRYK;2025-11-28;2107;2058.8;2.34;0;0;0;0;0;0;0;0;0;0;0;;;;;
2025-11-28;O_USDTRYKE1125P45000;USDTRY_11/2025_AVRUPA_OPSIYON;D_CR;CRO;D_CR_EPO;DE_USDTRYK_EPO;D_USDTRYK;2025-11-28;2607;2558.3;1.9;0;0;0;0;0;0;0;0;0;0;0;;;;;
2025-11-28;O_USDTRYKE1125P45500;USDTRY_11/2025_AVRUPA_OPSIYON;D_CR;CRO;D_CR_EPO;DE_USDTRYK_EPO;D_USDTRYK;2025-11-28;3107;3057.9;1.61;0;0;0;0;0;0;0;0;0;0;0;;;;;
2025-11-28;O_USDTRYKE1225C42500;USDTRY_12/2025_AVRUPA_OPSIYON;D_CR;CRO;D_CR_ECO;DE_USDTRYK_ECO;D_USDTRYK;2025-12-31;1182.5;1225.7;-3.52;0;0;0;0;0;0;0;0;0;0;0;;;;;
2025-11-28;O_USDTRYKE1225C43000;USDTRY_12/2025_AVRUPA_OPSIYON;D_CR;CRO;D_CR_ECO;DE_USDTRYK_ECO;D_USDTRYK;2025-12-31;774.7;814.1;-4.84;0;0;0;0;0;0;0;0;0;735;0;;;;;
2025-11-28;O_USDTRYKE1225C43500;USDTRY_12/2025_AVRUPA_OPSIYON;D_CR;CRO;D_CR_ECO;DE_USDTRYK_ECO;D_USDTRYK;2025-12-31;447.7;506;-11.52;373.6;340.1;373.6;359.3;368.4;25317000;214434.7;582;13;22969;577;;;;;
2025-11-28;O_USDTRYKE1225C44000;USDTRY_12/2025_AVRUPA_OPSIYON;D_CR;CRO;D_CR_ECO;DE_USDTRYK_ECO;D_USDTRYK;2025-12-31;293;345.1;-15.1;309.4;300;311.9;300;306.5;44000000;306500;1000;13;12107;200;;;;;
2025-11-28;O_USDTRYKE1225C44500;USDTRY_12/2025_AVRUPA_OPSIYON;D_CR;CRO;D_CR_ECO;DE_USDTRYK_ECO;D_USDTRYK;2025-12-31;276.9;297.8;-7.02;256;231.5;262;231.5;253.6;8010000;45645;180;3;9668;150;;;;;
2025-11-28;O_USDTRYKE1225C45500;USDTRY_12/2025_AVRUPA_OPSIYON;D_CR;CRO;D_CR_ECO;DE_USDTRYK_ECO;D_USDTRYK;2025-12-31;198.4;210.8;-5.88;0;0;0;0;0;0;0;0;0;21998;0;;;;;
2025-11-28;O_USDTRYKE1225C46000;USDTRY_12/2025_AVRUPA_OPSIYON;D_CR;CRO;D_CR_ECO;DE_USDTRYK_ECO;D_USDTRYK;2025-12-31;178.4;188.3;-5.26;0;0;0;0;0;0;0;0;0;13752;0;;;;;
2025-11-28;O_USDTRYKE1225C46500;USDTRY_12/2025_AVRUPA_OPSIYON;D_CR;CRO;D_CR_ECO;DE_USDTRYK_ECO;D_USDTRYK;2025-12-31;192.4;195.6;-1.64;0;0;0;0;0;0;0;0;0;5172;0;;;;;
2025-11-28;O_USDTRYKE1225C47000;USDTRY_12/2025_AVRUPA_OPSIYON;D_CR;CRO;D_CR_ECO;DE_USDTRYK_ECO;D_USDTRYK;2025-12-31;163.5;166.8;-1.98;0;0;0;0;0;0;0;0;0;5169;0;;;;;
2025-11-28;O_USDTRYKE1225C47500;USDTRY_12/2025_AVRUPA_OPSIYON;D_CR;CRO;D_CR_ECO;DE_USDTRYK_ECO;D_USDTRYK;2025-12-31;141.1;144.6;-2.42;0;0;0;0;0;0;0;0;0;58;0;;;;;
2025-11-28;O_USDTRYKE1225C48000;USDTRY_12/2025_AVRUPA_OPSIYON;D_CR;CRO;D_CR_ECO;DE_USDTRYK_ECO;D_USDTRYK;2025-12-31;123.7;127.2;-2.75;0;0;0;0;0;0;0;0;0;2451;0;;;;;
2025-11-28;O_USDTRYKE1225C48500;USDTRY_12/2025_AVRUPA_OPSIYON;D_CR;CRO;D_CR_ECO;DE_USDTRYK_ECO;D_USDTRYK;2025-12-31;109.8;113.4;-3.17;0;0;0;0;0;0;0;0;0;2843;0;;;;;
2025-11-28;O_USDTRYKE1225C49000;USDTRY_12/2025_AVRUPA_OPSIYON;D_CR;CRO;D_CR_ECO;DE_USDTRYK_ECO;D_USDTRYK;2025-12-31;98.7;102.4;-3.61;0;0;0;0;0;0;0;0;0;225098;0;;;;;
2025-11-28;O_USDTRYKE1225P39500;USDTRY_12/2025_AVRUPA_OPSIYON;D_CR;CRO;D_CR_EPO;DE_USDTRYK_EPO;D_USDTRYK;2025-12-31;0.1;0.1;0;0;0;0;0;0;0;0;0;0;0;0;;;;;
2025-11-28;O_USDTRYKE1225P40000;USDTRY_12/2025_AVRUPA_OPSIYON;D_CR;CRO;D_CR_EPO;DE_USDTRYK_EPO;D_USDTRYK;2025-12-31;0.1;0.1;0;0;0;0;0;0;0;0;0;0;0;0;;;;;
2025-11-28;O_USDTRYKE1225P40500;USDTRY_12/2025_AVRUPA_OPSIYON;D_CR;CRO;D_CR_EPO;DE_USDTRYK_EPO;D_USDTRYK;2025-12-31;0.1;0.1;0;0;0;0;0;0;0;0;0;0;0;0;;;;;
2025-11-28;O_USDTRYKE1225P41000;USDTRY_12/2025_AVRUPA_OPSIYON;D_CR;CRO;D_CR_EPO;DE_USDTRYK_EPO;D_USDTRYK;2025-12-31;0.3;0.3;0;0;0;0;0;0;0;0;0;0;0;0;;;;;
2025-11-28;O_USDTRYKE1225P41500;USDTRY_12/2025_AVRUPA_OPSIYON;D_CR;CRO;D_CR_EPO;DE_USDTRYK_EPO;D_USDTRYK;2025-12-31;2.2;2.1;4.76;0;0;0;0;0;0;0;0;0;0;0;;;;;
2025-11-28;O_USDTRYKE1225P42000;USDTRY_12/2025_AVRUPA_OPSIYON;D_CR;CRO;D_CR_EPO;DE_USDTRYK_EPO;D_USDTRYK;2025-12-31;10.7;10.2;4.9;0;0;0;0;0;0;0;0;0;0;0;;;;;
2025-11-28;O_USDTRYKE1225P42500;USDTRY_12/2025_AVRUPA_OPSIYON;D_CR;CRO;D_CR_EPO;DE_USDTRYK_EPO;D_USDTRYK;2025-12-31;40.3;38.2;5.5;0;0;0;0;0;0;0;0;0;0;0;;;;;
2025-11-28;O_USDTRYKE1225P43000;USDTRY_12/2025_AVRUPA_OPSIYON;D_CR;CRO;D_CR_EPO;DE_USDTRYK_EPO;D_USDTRYK;2025-12-31;117.7;111.4;5.66;25.8;20;26.3;20;24.6;17200000;9840;400;4;1934;400;;;;;
2025-11-28;O_USDTRYKE1225P43500;USDTRY_12/2025_AVRUPA_OPSIYON;D_CR;CRO;D_CR_EPO;DE_USDTRYK_EPO;D_USDTRYK;2025-12-31;276;288.1;-4.2;300;300;325;325;303.7;15486000;108106.5;356;6;14836;351;;;;;
2025-11-28;O_USDTRYKE1225P44000;USDTRY_12/2025_AVRUPA_OPSIYON;D_CR;CRO;D_CR_EPO;DE_USDTRYK_EPO;D_USDTRYK;2025-12-31;606.6;612.2;-0.91;705.2;705.2;705.2;705.2;705.2;44000;705.2;1;1;987;1;;;;;
2025-11-28;O_USDTRYKE1225P44500;USDTRY_12/2025_AVRUPA_OPSIYON;D_CR;CRO;D_CR_EPO;DE_USDTRYK_EPO;D_USDTRYK;2025-12-31;1075.8;1049.7;2.49;0;0;0;0;0;0;0;0;0;200;0;;;;;
2025-11-28;O_USDTRYKE1225P45000;USDTRY_12/2025_AVRUPA_OPSIYON;D_CR;CRO;D_CR_EPO;DE_USDTRYK_EPO;D_USDTRYK;2025-12-31;1513.1;1481.6;2.13;0;0;0;0;0;0;0;0;0;203;0;;;;;
2025-11-28;O_USDTRYKE1225P45500;USDTRY_12/2025_AVRUPA_OPSIYON;D_CR;CRO;D_CR_EPO;DE_USDTRYK_EPO;D_USDTRYK;2025-12-31;1967.9;1932.5;1.83;0;0;0;0;0;0;0;0;0;0;0;;;;;
2025-11-28;O_USDTRYKE1225P46000;USDTRY_12/2025_AVRUPA_OPSIYON;D_CR;CRO;D_CR_EPO;DE_USDTRYK_EPO;D_USDTRYK;2025-12-31;2433.3;2394.8;1.61;0;0;0;0;0;0;0;0;0;0;0;;;;;
2025-11-28;O_VAKBNE0126C25.00;VAKBN_01/2026_AVRUPA_OPSIYON;D_EQ;SSO;D_EQ_ECP;DE_VAKBN_ECP;VAKBN.E;2026-01-30;6.01;5.67;6;0;0;0;0;0;0;0;0;0;0;0;;;;;
2025-11-28;O_VAKBNE0126C26.00;VAKBN_01/2026_AVRUPA_OPSIYON;D_EQ;SSO;D_EQ_ECP;DE_VAKBN_ECP;VAKBN.E;2026-01-30;5.24;4.93;6.29;0;0;0;0;0;0;0;0;0;0;0;;;;;
2025-11-28;O_VAKBNE0126C27.00;VAKBN_01/2026_AVRUPA_OPSIYON;D_EQ;SSO;D_EQ_ECP;DE_VAKBN_ECP;VAKBN.E;2026-01-30;4.53;4.25;6.59;0;0;0;0;0;0;0;0;0;0;0;;;;;
2025-11-28;O_VAKBNE0126C28.00;VAKBN_01/2026_AVRUPA_OPSIYON;D_EQ;SSO;D_EQ_ECP;DE_VAKBN_ECP;VAKBN.E;2026-01-30;3.88;3.62;7.18;0;0;0;0;0;0;0;0;0;0;0;;;;;
2025-11-28;O_VAKBNE0126C29.00;VAKBN_01/2026_AVRUPA_OPSIYON;D_EQ;SSO;D_EQ_ECP;DE_VAKBN_ECP;VAKBN.E;2026-01-30;3.29;3.06;7.52;0;0;0;0;0;0;0;0;0;0;0;;;;;
2025-11-28;O_VAKBNE0126C30.00;VAKBN_01/2026_AVRUPA_OPSIYON;D_EQ;SSO;D_EQ_ECP;DE_VAKBN_ECP;VAKBN.E;2026-01-30;2.76;2.56;7.81;0;0;0;0;0;0;0;0;0;0;0;;;;;
2025-11-28;O_VAKBNE0126C31.00;VAKBN_01/2026_AVRUPA_OPSIYON;D_EQ;SSO;D_EQ_ECP;DE_VAKBN_ECP;VAKBN.E;2026-01-30;2.29;2.12;8.02;0;0;0;0;0;0;0;0;0;0;0;;;;;
2025-11-28;O_VAKBNE0126C32.00;VAKBN_01/2026_AVRUPA_OPSIYON;D_EQ;SSO;D_EQ_ECP;DE_VAKBN_ECP;VAKBN.E;2026-01-30;1.88;1.74;8.05;0;0;0;0;0;0;0;0;0;0;0;;;;;
2025-11-28;O_VAKBNE0126C33.00;VAKBN_01/2026_AVRUPA_OPSIYON;D_EQ;SSO;D_EQ_ECP;DE_VAKBN_ECP;VAKBN.E;2026-01-30;1.54;1.42;8.45;0;0;0;0;0;0;0;0;0;0;0;;;;;
2025-11-28;O_VAKBNE0126C34.00;VAKBN_01/2026_AVRUPA_OPSIYON;D_EQ;SSO;D_EQ_ECP;DE_VAKBN_ECP;VAKBN.E;2026-01-30;1.24;1.14;8.77;0;0;0;0;0;0;0;0;0;0;0;;;;;
2025-11-28;O_VAKBNE0126C35.00;VAKBN_01/2026_AVRUPA_OPSIYON;D_EQ;SSO;D_EQ_ECP;DE_VAKBN_ECP;VAKBN.E;2026-01-30;0.99;0.92;7.61;0.84;0.84;0.84;0.84;0.84;997500;23940;285;1;285;285;;;;;
2025-11-28;O_VAKBNE0126C36.00;VAKBN_01/2026_AVRUPA_OPSIYON;D_EQ;SSO;D_EQ_ECP;DE_VAKBN_ECP;VAKBN.E;2026-01-30;0.79;;0;0;0;0;0;0;0;0;0;0;0;0;;;;;
2025-11-28;O_VAKBNE0126P22.50;VAKBN_01/2026_AVRUPA_OPSIYON;D_EQ;SSO;D_EQ_EPP;DE_VAKBN_EPP;VAKBN.E;2026-01-30;0.09;0.12;-25;0;0;0;0;0;0;0;0;0;0;0;;;;;
2025-11-28;O_VAKBNE0126P23.00;VAKBN_01/2026_AVRUPA_OPSIYON;D_EQ;SSO;D_EQ_EPP;DE_VAKBN_EPP;VAKBN.E;2026-01-30;0.12;0.15;-20;0;0;0;0;0;0;0;0;0;0;0;;;;;
2025-11-28;O_VAKBNE0126P23.50;VAKBN_01/2026_AVRUPA_OPSIYON;D_EQ;SSO;D_EQ_EPP;DE_VAKBN_EPP;VAKBN.E;2026-01-30;0.16;0.2;-20;0;0;0;0;0;0;0;0;0;0;0;;;;;
2025-11-28;O_VAKBNE0126P24.00;VAKBN_01/2026_AVRUPA_OPSIYON;D_EQ;SSO;D_EQ_EPP;DE_VAKBN_EPP;VAKBN.E;2026-01-30;0.2;0.25;-20;0;0;0;0;0;0;0;0;0;0;0;;;;;
2025-11-28;O_VAKBNE0126P24.50;VAKBN_01/2026_AVRUPA_OPSIYON;D_EQ;SSO;D_EQ_EPP;DE_VAKBN_EPP;VAKBN.E;2026-01-30;0.25;0.32;-21.88;0;0;0;0;0;0;0;0;0;0;0;;;;;
2025-11-28;O_VAKBNE0126P25.00;VAKBN_01/2026_AVRUPA_OPSIYON;D_EQ;SSO;D_EQ_EPP;DE_VAKBN_EPP;VAKBN.E;2026-01-30;0.32;0.39;-17.95;0;0;0;0;0;0;0;0;0;0;0;;;;;
2025-11-28;O_VAKBNE0126P26.00;VAKBN_01/2026_AVRUPA_OPSIYON;D_EQ;SSO;D_EQ_EPP;DE_VAKBN_EPP;VAKBN.E;2026-01-30;0.48;0.57;-15.79;0;0;0;0;0;0;0;0;0;0;0;;;;;
2025-11-28;O_VAKBNE0126P27.00;VAKBN_01/2026_AVRUPA_OPSIYON;D_EQ;SSO;D_EQ_EPP;DE_VAKBN_EPP;VAKBN.E;2026-01-30;0.69;0.81;-14.81;0;0;0;0;0;0;0;0;0;0;0;;;;;
2025-11-28;O_VAKBNE0126P28.00;VAKBN_01/2026_AVRUPA_OPSIYON;D_EQ;SSO;D_EQ_EPP;DE_VAKBN_EPP;VAKBN.E;2026-01-30;0.96;1.11;-13.51;0;0;0;0;0;0;0;0;0;0;0;;;;;
2025-11-28;O_VAKBNE0126P29.00;VAKBN_01/2026_AVRUPA_OPSIYON;D_EQ;SSO;D_EQ_EPP;DE_VAKBN_EPP;VAKBN.E;2026-01-30;1.29;1.47;-12.24;0;0;0;0;0;0;0;0;0;0;0;;;;;
2025-11-28;O_VAKBNE0126P30.00;VAKBN_01/2026_AVRUPA_OPSIYON;D_EQ;SSO;D_EQ_EPP;DE_VAKBN_EPP;VAKBN.E;2026-01-30;1.69;1.89;-10.58;0;0;0;0;0;0;0;0;0;0;0;;;;;
2025-11-28;O_VAKBNE0126P31.00;VAKBN_01/2026_AVRUPA_OPSIYON;D_EQ;SSO;D_EQ_EPP;DE_VAKBN_EPP;VAKBN.E;2026-01-30;2.14;;0;0;0;0;0;0;0;0;0;0;0;0;;;;;
2025-11-28;O_VAKBNE1125C22.50;VAKBN_11/2025_AVRUPA_OPSIYON;D_EQ;SSO;D_EQ_ECP;DE_VAKBN_ECP;VAKBN.E;2025-11-28;6.28;5.86;7.17;0;0;0;0;0;0;0;0;0;200;0;;;;;
2025-11-28;O_VAKBNE1125C23.00;VAKBN_11/2025_AVRUPA_OPSIYON;D_EQ;SSO;D_EQ_ECP;DE_VAKBN_ECP;VAKBN.E;2025-11-28;5.78;5.36;7.84;0;0;0;0;0;0;0;0;0;293;0;;;;;
2025-11-28;O_VAKBNE1125C23.50;VAKBN_11/2025_AVRUPA_OPSIYON;D_EQ;SSO;D_EQ_ECP;DE_VAKBN_ECP;VAKBN.E;2025-11-28;5.28;4.86;8.64;0;0;0;0;0;0;0;0;0;200;0;;;;;
2025-11-28;O_VAKBNE1125C24.00;VAKBN_11/2025_AVRUPA_OPSIYON;D_EQ;SSO;D_EQ_ECP;DE_VAKBN_ECP;VAKBN.E;2025-11-28;4.78;4.36;9.63;0;0;0;0;0;0;0;0;0;0;0;;;;;
2025-11-28;O_VAKBNE1125C24.50;VAKBN_11/2025_AVRUPA_OPSIYON;D_EQ;SSO;D_EQ_ECP;DE_VAKBN_ECP;VAKBN.E;2025-11-28;4.28;3.87;10.59;0;0;0;0;0;0;0;0;0;0;0;;;;;
2025-11-28;O_VAKBNE1125C25.00;VAKBN_11/2025_AVRUPA_OPSIYON;D_EQ;SSO;D_EQ_ECP;DE_VAKBN_ECP;VAKBN.E;2025-11-28;3.78;3.37;12.17;0;0;0;0;0;0;0;0;0;11;0;;;;;
2025-11-28;O_VAKBNE1125C26.00;VAKBN_11/2025_AVRUPA_OPSIYON;D_EQ;SSO;D_EQ_ECP;DE_VAKBN_ECP;VAKBN.E;2025-11-28;2.78;2.37;17.3;0;0;0;0;0;0;0;0;0;1;0;;;;;
2025-11-28;O_VAKBNE1125C27.00;VAKBN_11/2025_AVRUPA_OPSIYON;D_EQ;SSO;D_EQ_ECP;DE_VAKBN_ECP;VAKBN.E;2025-11-28;1.78;1.37;29.93;0;0;0;0;0;0;0;0;0;233;0;;;;;
2025-11-28;O_VAKBNE1125C28.00;VAKBN_11/2025_AVRUPA_OPSIYON;D_EQ;SSO;D_EQ_ECP;DE_VAKBN_ECP;VAKBN.E;2025-11-28;0.78;0.5;56;0;0;0;0;0;0;0;0;0;2466;0;;;;;
2025-11-28;O_VAKBNE1125C29.00;VAKBN_11/2025_AVRUPA_OPSIYON;D_EQ;SSO;D_EQ_ECP;DE_VAKBN_ECP;VAKBN.E;2025-11-28;0;0.07;0;0;0;0;0;0;0;0;0;0;233;0;;;;;
2025-11-28;O_VAKBNE1125C30.00;VAKBN_11/2025_AVRUPA_OPSIYON;D_EQ;SSO;D_EQ_ECP;DE_VAKBN_ECP;VAKBN.E;2025-11-28;0;0.01;0;0;0;0;0;0;0;0;0;0;200;0;;;;;
2025-11-28;O_VAKBNE1125C31.00;VAKBN_11/2025_AVRUPA_OPSIYON;D_EQ;SSO;D_EQ_ECP;DE_VAKBN_ECP;VAKBN.E;2025-11-28;0;0.01;0;0;0;0;0;0;0;0;0;0;0;0;;;;;
2025-11-28;O_VAKBNE1125C32.00;VAKBN_11/2025_AVRUPA_OPSIYON;D_EQ;SSO;D_EQ_ECP;DE_VAKBN_ECP;VAKBN.E;2025-11-28;0;0.01;0;0;0;0;0;0;0;0;0;0;380;0;;;;;
2025-11-28;O_VAKBNE1125C33.00;VAKBN_11/2025_AVRUPA_OPSIYON;D_EQ;SSO;D_EQ_ECP;DE_VAKBN_ECP;VAKBN.E;2025-11-28;0;0.01;0;0;0;0;0;0;0;0;0;0;0;0;;;;;
2025-11-28;O_VAKBNE1125C34.00;VAKBN_11/2025_AVRUPA_OPSIYON;D_EQ;SSO;D_EQ_ECP;DE_VAKBN_ECP;VAKBN.E;2025-11-28;0;0.01;0;0;0;0;0;0;0;0;0;0;0;0;;;;;
2025-11-28;O_VAKBNE1125C35.00;VAKBN_11/2025_AVRUPA_OPSIYON;D_EQ;SSO;D_EQ_ECP;DE_VAKBN_ECP;VAKBN.E;2025-11-28;0;0.01;0;0;0;0;0;0;0;0;0;0;0;0;;;;;
2025-11-28;O_VAKBNE1125C36.00;VAKBN_11/2025_AVRUPA_OPSIYON;D_EQ;SSO;D_EQ_ECP;DE_VAKBN_ECP;VAKBN.E;2025-11-28;0;0.01;0;0;0;0;0;0;0;0;0;0;0;0;;;;;
2025-11-28;O_VAKBNE1125C37.00;VAKBN_11/2025_AVRUPA_OPSIYON;D_EQ;SSO;D_EQ_ECP;DE_VAKBN_ECP;VAKBN.E;2025-11-28;0;0.01;0;0;0;0;0;0;0;0;0;0;0;0;;;;;
2025-11-28;O_VAKBNE1125P20.00;VAKBN_11/2025_AVRUPA_OPSIYON;D_EQ;SSO;D_EQ_EPP;DE_VAKBN_EPP;VAKBN.E;2025-11-28;0;0.01;0;0;0;0;0;0;0;0;0;0;0;0;;;;;
2025-11-28;O_VAKBNE1125P20.50;VAKBN_11/2025_AVRUPA_OPSIYON;D_EQ;SSO;D_EQ_EPP;DE_VAKBN_EPP;VAKBN.E;2025-11-28;0;0.01;0;0;0;0;0;0;0;0;0;0;0;0;;;;;
2025-11-28;O_VAKBNE1125P21.00;VAKBN_11/2025_AVRUPA_OPSIYON;D_EQ;SSO;D_EQ_EPP;DE_VAKBN_EPP;VAKBN.E;2025-11-28;0;0.01;0;0;0;0;0;0;0;0;0;0;0;0;;;;;
2025-11-28;O_VAKBNE1125P21.50;VAKBN_11/2025_AVRUPA_OPSIYON;D_EQ;SSO;D_EQ_EPP;DE_VAKBN_EPP;VAKBN.E;2025-11-28;0;0.01;0;0;0;0;0;0;0;0;0;0;0;0;;;;;
2025-11-28;O_VAKBNE1125P22.00;VAKBN_11/2025_AVRUPA_OPSIYON;D_EQ;SSO;D_EQ_EPP;DE_VAKBN_EPP;VAKBN.E;2025-11-28;0;0.01;0;0;0;0;0;0;0;0;0;0;200;0;;;;;
2025-11-28;O_VAKBNE1125P22.50;VAKBN_11/2025_AVRUPA_OPSIYON;D_EQ;SSO;D_EQ_EPP;DE_VAKBN_EPP;VAKBN.E;2025-11-28;0;0.01;0;0;0;0;0;0;0;0;0;0;227;0;;;;;
2025-11-28;O_VAKBNE1125P23.00;VAKBN_11/2025_AVRUPA_OPSIYON;D_EQ;SSO;D_EQ_EPP;DE_VAKBN_EPP;VAKBN.E;2025-11-28;0;0.01;0;0;0;0;0;0;0;0;0;0;0;0;;;;;
2025-11-28;O_VAKBNE1125P23.50;VAKBN_11/2025_AVRUPA_OPSIYON;D_EQ;SSO;D_EQ_EPP;DE_VAKBN_EPP;VAKBN.E;2025-11-28;0;0.01;0;0;0;0;0;0;0;0;0;0;648;0;;;;;
2025-11-28;O_VAKBNE1125P24.00;VAKBN_11/2025_AVRUPA_OPSIYON;D_EQ;SSO;D_EQ_EPP;DE_VAKBN_EPP;VAKBN.E;2025-11-28;0;0.01;0;0;0;0;0;0;0;0;0;0;0;0;;;;;
2025-11-28;O_VAKBNE1125P24.50;VAKBN_11/2025_AVRUPA_OPSIYON;D_EQ;SSO;D_EQ_EPP;DE_VAKBN_EPP;VAKBN.E;2025-11-28;0;0.01;0;0;0;0;0;0;0;0;0;0;0;0;;;;;
2025-11-28;O_VAKBNE1125P25.00;VAKBN_11/2025_AVRUPA_OPSIYON;D_EQ;SSO;D_EQ_EPP;DE_VAKBN_EPP;VAKBN.E;2025-11-28;0;0.01;0;0;0;0;0;0;0;0;0;0;1150;0;;;;;
2025-11-28;O_VAKBNE1125P26.00;VAKBN_11/2025_AVRUPA_OPSIYON;D_EQ;SSO;D_EQ_EPP;DE_VAKBN_EPP;VAKBN.E;2025-11-28;0;0.01;0;0;0;0;0;0;0;0;0;0;13;0;;;;;
2025-11-28;O_VAKBNE1125P27.00;VAKBN_11/2025_AVRUPA_OPSIYON;D_EQ;SSO;D_EQ_EPP;DE_VAKBN_EPP;VAKBN.E;2025-11-28;0;0.01;0;0;0;0;0;0;0;0;0;0;0;0;;;;;
2025-11-28;O_VAKBNE1125P28.00;VAKBN_11/2025_AVRUPA_OPSIYON;D_EQ;SSO;D_EQ_EPP;DE_VAKBN_EPP;VAKBN.E;2025-11-28;0;0.13;0;0;0;0;0;0;0;0;0;0;613;0;;;;;
2025-11-28;O_VAKBNE1125P29.00;VAKBN_11/2025_AVRUPA_OPSIYON;D_EQ;SSO;D_EQ_EPP;DE_VAKBN_EPP;VAKBN.E;2025-11-28;0.22;0.7;-68.57;0;0;0;0;0;0;0;0;0;0;0;;;;;
2025-11-28;O_VAKBNE1125P30.00;VAKBN_11/2025_AVRUPA_OPSIYON;D_EQ;SSO;D_EQ_EPP;DE_VAKBN_EPP;VAKBN.E;2025-11-28;1.22;1.63;-25.15;0;0;0;0;0;0;0;0;0;200;0;;;;;
2025-11-28;O_VAKBNE1125P31.00;VAKBN_11/2025_AVRUPA_OPSIYON;D_EQ;SSO;D_EQ_EPP;DE_VAKBN_EPP;VAKBN.E;2025-11-28;2.22;2.63;-15.59;0;0;0;0;0;0;0;0;0;0;0;;;;;
2025-11-28;O_VAKBNE1125P32.00;VAKBN_11/2025_AVRUPA_OPSIYON;D_EQ;SSO;D_EQ_EPP;DE_VAKBN_EPP;VAKBN.E;2025-11-28;3.22;3.63;-11.29;0;0;0;0;0;0;0;0;0;0;0;;;;;
2025-11-28;O_VAKBNE1225C23.00;VAKBN_12/2025_AVRUPA_OPSIYON;D_EQ;SSO;D_EQ_ECP;DE_VAKBN_ECP;VAKBN.E;2025-12-31;6.6;6.21;6.28;0;0;0;0;0;0;0;0;0;0;0;;;;;
2025-11-28;O_VAKBNE1225C23.50;VAKBN_12/2025_AVRUPA_OPSIYON;D_EQ;SSO;D_EQ_ECP;DE_VAKBN_ECP;VAKBN.E;2025-12-31;6.14;5.75;6.78;0;0;0;0;0;0;0;0;0;0;0;;;;;
2025-11-28;O_VAKBNE1225C24.00;VAKBN_12/2025_AVRUPA_OPSIYON;D_EQ;SSO;D_EQ_ECP;DE_VAKBN_ECP;VAKBN.E;2025-12-31;5.69;5.31;7.16;0;0;0;0;0;0;0;0;0;0;0;;;;;
2025-11-28;O_VAKBNE1225C24.50;VAKBN_12/2025_AVRUPA_OPSIYON;D_EQ;SSO;D_EQ_ECP;DE_VAKBN_ECP;VAKBN.E;2025-12-31;5.24;4.88;7.38;0;0;0;0;0;0;0;0;0;0;0;;;;;
2025-11-28;O_VAKBNE1225C25.00;VAKBN_12/2025_AVRUPA_OPSIYON;D_EQ;SSO;D_EQ_ECP;DE_VAKBN_ECP;VAKBN.E;2025-12-31;4.81;4.46;7.85;0;0;0;0;0;0;0;0;0;0;0;;;;;
2025-11-28;O_VAKBNE1225C26.00;VAKBN_12/2025_AVRUPA_OPSIYON;D_EQ;SSO;D_EQ_ECP;DE_VAKBN_ECP;VAKBN.E;2025-12-31;3.99;3.67;8.72;0;0;0;0;0;0;0;0;0;0;0;;;;;
2025-11-28;O_VAKBNE1225C27.00;VAKBN_12/2025_AVRUPA_OPSIYON;D_EQ;SSO;D_EQ_ECP;DE_VAKBN_ECP;VAKBN.E;2025-12-31;3.24;2.96;9.46;0;0;0;0;0;0;0;0;0;0;0;;;;;
2025-11-28;O_VAKBNE1225C28.00;VAKBN_12/2025_AVRUPA_OPSIYON;D_EQ;SSO;D_EQ_ECP;DE_VAKBN_ECP;VAKBN.E;2025-12-31;2.57;2.34;9.83;0;0;0;0;0;0;0;0;0;1;0;;;;;
2025-11-28;O_VAKBNE1225C29.00;VAKBN_12/2025_AVRUPA_OPSIYON;D_EQ;SSO;D_EQ_ECP;DE_VAKBN_ECP;VAKBN.E;2025-12-31;2;1.8;11.11;0;0;0;0;0;0;0;0;0;2699;0;;;;;
2025-11-28;O_VAKBNE1225C30.00;VAKBN_12/2025_AVRUPA_OPSIYON;D_EQ;SSO;D_EQ_ECP;DE_VAKBN_ECP;VAKBN.E;2025-12-31;1.51;1.36;11.03;0;0;0;0;0;0;0;0;0;2097;0;;;;;
2025-11-28;O_VAKBNE1225C31.00;VAKBN_12/2025_AVRUPA_OPSIYON;D_EQ;SSO;D_EQ_ECP;DE_VAKBN_ECP;VAKBN.E;2025-12-31;1.12;1;12;0.72;0.72;0.72;0.72;0.72;753300;17496;243;1;763;183;;;;;
2025-11-28;O_VAKBNE1225C32.00;VAKBN_12/2025_AVRUPA_OPSIYON;D_EQ;SSO;D_EQ_ECP;DE_VAKBN_ECP;VAKBN.E;2025-12-31;0.81;0.72;12.5;0.46;0.46;0.53;0.53;0.5;1683200;26177;526;2;526;526;;;;;
2025-11-28;O_VAKBNE1225C33.00;VAKBN_12/2025_AVRUPA_OPSIYON;D_EQ;SSO;D_EQ_ECP;DE_VAKBN_ECP;VAKBN.E;2025-12-31;0.58;0.51;13.73;0;0;0;0;0;0;0;0;0;0;0;;;;;
2025-11-28;O_VAKBNE1225C34.00;VAKBN_12/2025_AVRUPA_OPSIYON;D_EQ;SSO;D_EQ_ECP;DE_VAKBN_ECP;VAKBN.E;2025-12-31;0.4;0.36;11.11;0;0;0;0;0;0;0;0;0;0;0;;;;;
2025-11-28;O_VAKBNE1225C35.00;VAKBN_12/2025_AVRUPA_OPSIYON;D_EQ;SSO;D_EQ_ECP;DE_VAKBN_ECP;VAKBN.E;2025-12-31;0.27;0.24;12.5;0;0;0;0;0;0;0;0;0;0;0;;;;;
2025-11-28;O_VAKBNE1225P20.50;VAKBN_12/2025_AVRUPA_OPSIYON;D_EQ;SSO;D_EQ_EPP;DE_VAKBN_EPP;VAKBN.E;2025-12-31;0.01;0.01;0;0;0;0;0;0;0;0;0;0;0;0;;;;;
2025-11-28;O_VAKBNE1225P21.00;VAKBN_12/2025_AVRUPA_OPSIYON;D_EQ;SSO;D_EQ_EPP;DE_VAKBN_EPP;VAKBN.E;2025-12-31;0.01;0.01;0;0;0;0;0;0;0;0;0;0;0;0;;;;;
2025-11-28;O_VAKBNE1225P21.50;VAKBN_12/2025_AVRUPA_OPSIYON;D_EQ;SSO;D_EQ_EPP;DE_VAKBN_EPP;VAKBN.E;2025-12-31;0.01;0.02;-50;0;0;0;0;0;0;0;0;0;0;0;;;;;
2025-11-28;O_VAKBNE1225P22.00;VAKBN_12/2025_AVRUPA_OPSIYON;D_EQ;SSO;D_EQ_EPP;DE_VAKBN_EPP;VAKBN.E;2025-12-31;0.02;0.03;-33.33;0;0;0;0;0;0;0;0;0;0;0;;;;;
2025-11-28;O_VAKBNE1225P22.50;VAKBN_12/2025_AVRUPA_OPSIYON;D_EQ;SSO;D_EQ_EPP;DE_VAKBN_EPP;VAKBN.E;2025-12-31;0.03;0.05;-40;0;0;0;0;0;0;0;0;0;0;0;;;;;
2025-11-28;O_VAKBNE1225P23.00;VAKBN_12/2025_AVRUPA_OPSIYON;D_EQ;SSO;D_EQ_EPP;DE_VAKBN_EPP;VAKBN.E;2025-12-31;0.05;0.07;-28.57;0;0;0;0;0;0;0;0;0;0;0;;;;;
2025-11-28;O_VAKBNE1225P23.50;VAKBN_12/2025_AVRUPA_OPSIYON;D_EQ;SSO;D_EQ_EPP;DE_VAKBN_EPP;VAKBN.E;2025-12-31;0.07;0.1;-30;0;0;0;0;0;0;0;0;0;0;0;;;;;
2025-11-28;O_VAKBNE1225P24.00;VAKBN_12/2025_AVRUPA_OPSIYON;D_EQ;SSO;D_EQ_EPP;DE_VAKBN_EPP;VAKBN.E;2025-12-31;0.1;0.14;-28.57;0.03;0.03;0.03;0.03;0.03;2400000;3000;1000;4;2042;0;;;;;
2025-11-28;O_VAKBNE1225P24.50;VAKBN_12/2025_AVRUPA_OPSIYON;D_EQ;SSO;D_EQ_EPP;DE_VAKBN_EPP;VAKBN.E;2025-12-31;0.14;0.19;-26.32;0;0;0;0;0;0;0;0;0;0;0;;;;;
2025-11-28;O_VAKBNE1225P25.00;VAKBN_12/2025_AVRUPA_OPSIYON;D_EQ;SSO;D_EQ_EPP;DE_VAKBN_EPP;VAKBN.E;2025-12-31;0.19;0.25;-24;0;0;0;0;0;0;0;0;0;700;0;;;;;
2025-11-28;O_VAKBNE1225P26.00;VAKBN_12/2025_AVRUPA_OPSIYON;D_EQ;SSO;D_EQ_EPP;DE_VAKBN_EPP;VAKBN.E;2025-12-31;0.33;0.43;-23.26;0.27;0.27;0.27;0.27;0.27;735800;7641;283;1;1837;3;;;;;
2025-11-28;O_VAKBNE1225P27.00;VAKBN_12/2025_AVRUPA_OPSIYON;D_EQ;SSO;D_EQ_EPP;DE_VAKBN_EPP;VAKBN.E;2025-12-31;0.55;0.68;-19.12;0.46;0.46;0.46;0.46;0.46;764100;13018;283;1;526;283;;;;;
2025-11-28;O_VAKBNE1225P28.00;VAKBN_12/2025_AVRUPA_OPSIYON;D_EQ;SSO;D_EQ_EPP;DE_VAKBN_EPP;VAKBN.E;2025-12-31;0.85;1.02;-16.67;0.83;0.75;0.83;0.75;0.79;1472800;41394;526;2;1012;526;;;;;
2025-11-28;O_VAKBNE1225P29.00;VAKBN_12/2025_AVRUPA_OPSIYON;D_EQ;SSO;D_EQ_EPP;DE_VAKBN_EPP;VAKBN.E;2025-12-31;1.24;1.45;-14.48;1.24;1.14;1.24;1.14;1.19;2900000;118813;1000;5;1486;1000;;;;;
2025-11-28;O_VAKBNE1225P30.00;VAKBN_12/2025_AVRUPA_OPSIYON;D_EQ;SSO;D_EQ_EPP;DE_VAKBN_EPP;VAKBN.E;2025-12-31;1.72;1.98;-13.13;1.7;1.64;1.7;1.64;1.67;2547000;141500;849;3;1335;849;;;;;
2025-11-28;O_XU030E0226C11750.00;BIST 30_02/2026_AVRUPA_OPSIYON;D_IX;INO;D_IX_ECO;DE_BIST30_ECO;D_XU030D;2026-02-27;1290.63;1333.23;-3.2;1298.25;1290;1300;1294.75;1296.8;5875000;648397.5;50;6;35;-43;;;;;
2025-11-28;O_XU030E0226C12000.00;BIST 30_02/2026_AVRUPA_OPSIYON;D_IX;INO;D_IX_ECO;DE_BIST30_ECO;D_XU030D;2026-02-27;1107.79;1148.96;-3.58;0;0;0;0;0;0;0;0;0;37;0;;;;;
2025-11-28;O_XU030E0226C12250.00;BIST 30_02/2026_AVRUPA_OPSIYON;D_IX;INO;D_IX_ECO;DE_BIST30_ECO;D_XU030D;2026-02-27;935.22;972.98;-3.88;0;0;0;0;0;0;0;0;0;55;0;;;;;
2025-11-28;O_XU030E0226C12500.00;BIST 30_02/2026_AVRUPA_OPSIYON;D_IX;INO;D_IX_ECO;DE_BIST30_ECO;D_XU030D;2026-02-27;800.44;833.54;-3.97;0;0;0;0;0;0;0;0;0;104;0;;;;;
2025-11-28;O_XU030E0226C12750.00;BIST 30_02/2026_AVRUPA_OPSIYON;D_IX;INO;D_IX_ECO;DE_BIST30_ECO;D_XU030D;2026-02-27;679.24;709.7;-4.29;717.08;717.08;726.63;722.15;721.02;6375000;360511;50;5;53;30;;;;;
2025-11-28;O_XU030E0226C13000.00;BIST 30_02/2026_AVRUPA_OPSIYON;D_IX;INO;D_IX_ECO;DE_BIST30_ECO;D_XU030D;2026-02-27;584.31;606.65;-3.68;0;0;0;0;0;0;0;0;0;89;0;;;;;
2025-11-28;O_XU030E0226C13250.00;BIST 30_02/2026_AVRUPA_OPSIYON;D_IX;INO;D_IX_ECO;DE_BIST30_ECO;D_XU030D;2026-02-27;476.74;501.72;-4.98;0;0;0;0;0;0;0;0;0;30;0;;;;;
2025-11-28;O_XU030E0226C13500.00;BIST 30_02/2026_AVRUPA_OPSIYON;D_IX;INO;D_IX_ECO;DE_BIST30_ECO;D_XU030D;2026-02-27;394.35;416.62;-5.35;0;0;0;0;0;0;0;0;0;52;0;;;;;
2025-11-28;O_XU030E0226C13750.00;BIST 30_02/2026_AVRUPA_OPSIYON;D_IX;INO;D_IX_ECO;DE_BIST30_ECO;D_XU030D;2026-02-27;323.49;343.13;-5.72;335.8;331.33;335.8;331.33;333.13;825000;19987.5;6;6;213;6;;;;;
2025-11-28;O_XU030E0226C14000.00;BIST 30_02/2026_AVRUPA_OPSIYON;D_IX;INO;D_IX_ECO;DE_BIST30_ECO;D_XU030D;2026-02-27;263.18;280.33;-6.12;0;0;0;0;0;0;0;0;0;87;0;;;;;
2025-11-28;O_XU030E0226C14250.00;BIST 30_02/2026_AVRUPA_OPSIYON;D_IX;INO;D_IX_ECO;DE_BIST30_ECO;D_XU030D;2026-02-27;212.4;227.21;-6.52;0;0;0;0;0;0;0;0;0;50;0;;;;;
2025-11-28;O_XU030E0226C14500.00;BIST 30_02/2026_AVRUPA_OPSIYON;D_IX;INO;D_IX_ECO;DE_BIST30_ECO;D_XU030D;2026-02-27;170.07;182.74;-6.93;165;165;175;175;168.66;5510000;64090;38;13;89;29;;;;;
2025-11-28;O_XU030E0226C14750.00;BIST 30_02/2026_AVRUPA_OPSIYON;D_IX;INO;D_IX_ECO;DE_BIST30_ECO;D_XU030D;2026-02-27;135.13;145.86;-7.36;150.25;150.25;150.25;150.25;150.25;590000;6010;4;1;24;4;;;;;
2025-11-28;O_XU030E0226C15000.00;BIST 30_02/2026_AVRUPA_OPSIYON;D_IX;INO;D_IX_ECO;DE_BIST30_ECO;D_XU030D;2026-02-27;106.57;115.57;-7.79;0;0;0;0;0;0;0;0;0;228;0;;;;;
2025-11-28;O_XU030E0226C15250.00;BIST 30_02/2026_AVRUPA_OPSIYON;D_IX;INO;D_IX_ECO;DE_BIST30_ECO;D_XU030D;2026-02-27;83.43;90.91;-8.23;0;0;0;0;0;0;0;0;0;50;0;;;;;
2025-11-28;O_XU030E0226C15500.00;BIST 30_02/2026_AVRUPA_OPSIYON;D_IX;INO;D_IX_ECO;DE_BIST30_ECO;D_XU030D;2026-02-27;64.86;71.02;-8.67;0;0;0;0;0;0;0;0;0;123;0;;;;;
2025-11-28;O_XU030E0226C15750.00;BIST 30_02/2026_AVRUPA_OPSIYON;D_IX;INO;D_IX_ECO;DE_BIST30_ECO;D_XU030D;2026-02-27;50.07;55.1;-9.13;55.1;55.1;55.1;55.1;55.1;3150000;11020;20;1;183;-20;;;;;
2025-11-28;O_XU030E0226C16000.00;BIST 30_02/2026_AVRUPA_OPSIYON;D_IX;INO;D_IX_ECO;DE_BIST30_ECO;D_XU030D;2026-02-27;38.4;42.48;-9.6;0;0;0;0;0;0;0;0;0;128;0;;;;;
2025-11-28;O_XU030E0226C16250.00;BIST 30_02/2026_AVRUPA_OPSIYON;D_IX;INO;D_IX_ECO;DE_BIST30_ECO;D_XU030D;2026-02-27;29.27;32.54;-10.05;0;0;0;0;0;0;0;0;0;100;0;;;;;
2025-11-28;O_XU030E0226C16500.00;BIST 30_02/2026_AVRUPA_OPSIYON;D_IX;INO;D_IX_ECO;DE_BIST30_ECO;D_XU030D;2026-02-27;22.17;24.77;-10.5;0;0;0;0;0;0;0;0;0;18;0;;;;;
2025-11-28;O_XU030E0226P10250.00;BIST 30_02/2026_AVRUPA_OPSIYON;D_IX;INO;D_IX_EPO;DE_BIST30_EPO;D_XU030D;2026-02-27;107.04;105.68;1.29;0;0;0;0;0;0;0;0;0;5;0;;;;;
2025-11-28;O_XU030E0226P10500.00;BIST 30_02/2026_AVRUPA_OPSIYON;D_IX;INO;D_IX_EPO;DE_BIST30_EPO;D_XU030D;2026-02-27;126;124.19;1.46;100;100;100;100;100;210000;2000;2;2;110;0;;;;;
2025-11-28;O_XU030E0226P10750.00;BIST 30_02/2026_AVRUPA_OPSIYON;D_IX;INO;D_IX_EPO;DE_BIST30_EPO;D_XU030D;2026-02-27;148.15;145.78;1.63;0;0;0;0;0;0;0;0;0;48;0;;;;;
2025-11-28;O_XU030E0226P11000.00;BIST 30_02/2026_AVRUPA_OPSIYON;D_IX;INO;D_IX_EPO;DE_BIST30_EPO;D_XU030D;2026-02-27;174.07;170.99;1.8;0;0;0;0;0;0;0;0;0;46;0;;;;;
2025-11-28;O_XU030E0226P11250.00;BIST 30_02/2026_AVRUPA_OPSIYON;D_IX;INO;D_IX_EPO;DE_BIST30_EPO;D_XU030D;2026-02-27;204.43;200.48;1.97;0;0;0;0;0;0;0;0;0;40;0;;;;;
2025-11-28;O_XU030E0226P11500.00;BIST 30_02/2026_AVRUPA_OPSIYON;D_IX;INO;D_IX_EPO;DE_BIST30_EPO;D_XU030D;2026-02-27;240.04;235.01;2.14;0;0;0;0;0;0;0;0;0;103;0;;;;;
2025-11-28;O_XU030E0226P11750.00;BIST 30_02/2026_AVRUPA_OPSIYON;D_IX;INO;D_IX_EPO;DE_BIST30_EPO;D_XU030D;2026-02-27;281.85;275.5;2.3;0;0;0;0;0;0;0;0;0;128;0;;;;;
2025-11-28;O_XU030E0226P12000.00;BIST 30_02/2026_AVRUPA_OPSIYON;D_IX;INO;D_IX_EPO;DE_BIST30_EPO;D_XU030D;2026-02-27;331;323.02;2.47;0;0;0;0;0;0;0;0;0;73;0;;;;;
2025-11-28;O_XU030E0226P12250.00;BIST 30_02/2026_AVRUPA_OPSIYON;D_IX;INO;D_IX_EPO;DE_BIST30_EPO;D_XU030D;2026-02-27;390.42;378.84;3.06;0;0;0;0;0;0;0;0;0;167;0;;;;;
2025-11-28;O_XU030E0226P12500.00;BIST 30_02/2026_AVRUPA_OPSIYON;D_IX;INO;D_IX_EPO;DE_BIST30_EPO;D_XU030D;2026-02-27;487.61;471.19;3.48;504.66;504.66;504.66;504.66;504.66;1250000;50466;10;2;310;10;;;;;
2025-11-28;O_XU030E0226P12750.00;BIST 30_02/2026_AVRUPA_OPSIYON;D_IX;INO;D_IX_EPO;DE_BIST30_EPO;D_XU030D;2026-02-27;598.4;579.14;3.33;0;0;0;0;0;0;0;0;0;79;0;;;;;
2025-11-28;O_XU030E0226P13000.00;BIST 30_02/2026_AVRUPA_OPSIYON;D_IX;INO;D_IX_EPO;DE_BIST30_EPO;D_XU030D;2026-02-27;735.45;707.88;3.89;0;0;0;0;0;0;0;0;0;46;0;;;;;
2025-11-28;O_XU030E0226P13250.00;BIST 30_02/2026_AVRUPA_OPSIYON;D_IX;INO;D_IX_EPO;DE_BIST30_EPO;D_XU030D;2026-02-27;859.86;834.75;3.01;0;0;0;0;0;0;0;0;0;14;0;;;;;
2025-11-28;O_XU030E0226P13500.00;BIST 30_02/2026_AVRUPA_OPSIYON;D_IX;INO;D_IX_EPO;DE_BIST30_EPO;D_XU030D;2026-02-27;1009.46;981.44;2.85;0;0;0;0;0;0;0;0;0;6;0;;;;;
2025-11-28;O_XU030E0226P13750.00;BIST 30_02/2026_AVRUPA_OPSIYON;D_IX;INO;D_IX_EPO;DE_BIST30_EPO;D_XU030D;2026-02-27;1170.58;1139.74;2.71;0;0;0;0;0;0;0;0;0;5;0;;;;;
2025-11-28;O_XU030E0226P14000.00;BIST 30_02/2026_AVRUPA_OPSIYON;D_IX;INO;D_IX_EPO;DE_BIST30_EPO;D_XU030D;2026-02-27;1342.26;1308.73;2.56;0;0;0;0;0;0;0;0;0;104;0;;;;;
2025-11-28;O_XU030E0226P14250.00;BIST 30_02/2026_AVRUPA_OPSIYON;D_IX;INO;D_IX_EPO;DE_BIST30_EPO;D_XU030D;2026-02-27;1523.46;1487.41;2.42;0;0;0;0;0;0;0;0;0;24;0;;;;;
2025-11-28;O_XU030E0226P14500.00;BIST 30_02/2026_AVRUPA_OPSIYON;D_IX;INO;D_IX_EPO;DE_BIST30_EPO;D_XU030D;2026-02-27;1713.12;1674.73;2.29;0;0;0;0;0;0;0;0;0;16;0;;;;;
2025-11-28;O_XU030E0226P14750.00;BIST 30_02/2026_AVRUPA_OPSIYON;D_IX;INO;D_IX_EPO;DE_BIST30_EPO;D_XU030D;2026-02-27;1910.16;1869.64;2.17;0;0;0;0;0;0;0;0;0;30;0;;;;;
2025-11-28;O_XU030E0226P15000.00;BIST 30_02/2026_AVRUPA_OPSIYON;D_IX;INO;D_IX_EPO;DE_BIST30_EPO;D_XU030D;2026-02-27;2113.58;2071.14;2.05;0;0;0;0;0;0;0;0;0;25;0;;;;;
2025-11-28;O_XU030E0426C12750.00;BIST 30_04/2026_AVRUPA_OPSIYON;D_IX;INO;D_IX_ECO;DE_BIST30_ECO;D_XU030D;2026-04-30;1101.41;1134.36;-2.9;0;0;0;0;0;0;0;0;0;10;0;;;;;
2025-11-28;O_XU030E0426C13000.00;BIST 30_04/2026_AVRUPA_OPSIYON;D_IX;INO;D_IX_ECO;DE_BIST30_ECO;D_XU030D;2026-04-30;979.53;1010.6;-3.07;0;0;0;0;0;0;0;0;0;5;0;;;;;
2025-11-28;O_XU030E0426C13250.00;BIST 30_04/2026_AVRUPA_OPSIYON;D_IX;INO;D_IX_ECO;DE_BIST30_ECO;D_XU030D;2026-04-30;867.43;896.55;-3.25;0;0;0;0;0;0;0;0;0;0;0;;;;;
2025-11-28;O_XU030E0426C13500.00;BIST 30_04/2026_AVRUPA_OPSIYON;D_IX;INO;D_IX_ECO;DE_BIST30_ECO;D_XU030D;2026-04-30;764.92;792.07;-3.43;0;0;0;0;0;0;0;0;0;0;0;;;;;
2025-11-28;O_XU030E0426C13750.00;BIST 30_04/2026_AVRUPA_OPSIYON;D_IX;INO;D_IX_ECO;DE_BIST30_ECO;D_XU030D;2026-04-30;671.72;696.9;-3.61;0;0;0;0;0;0;0;0;0;0;0;;;;;
2025-11-28;O_XU030E0426C14000.00;BIST 30_04/2026_AVRUPA_OPSIYON;D_IX;INO;D_IX_ECO;DE_BIST30_ECO;D_XU030D;2026-04-30;587.47;610.69;-3.8;0;0;0;0;0;0;0;0;0;0;0;;;;;
2025-11-28;O_XU030E0426C14250.00;BIST 30_04/2026_AVRUPA_OPSIYON;D_IX;INO;D_IX_ECO;DE_BIST30_ECO;D_XU030D;2026-04-30;511.74;533.03;-3.99;0;0;0;0;0;0;0;0;0;0;0;;;;;
2025-11-28;O_XU030E0426C14500.00;BIST 30_04/2026_AVRUPA_OPSIYON;D_IX;INO;D_IX_ECO;DE_BIST30_ECO;D_XU030D;2026-04-30;444.02;463.44;-4.19;0;0;0;0;0;0;0;0;0;15;0;;;;;
2025-11-28;O_XU030E0426C14750.00;BIST 30_04/2026_AVRUPA_OPSIYON;D_IX;INO;D_IX_ECO;DE_BIST30_ECO;D_XU030D;2026-04-30;383.78;401.42;-4.39;0;0;0;0;0;0;0;0;0;0;0;;;;;
2025-11-28;O_XU030E0426C15000.00;BIST 30_04/2026_AVRUPA_OPSIYON;D_IX;INO;D_IX_ECO;DE_BIST30_ECO;D_XU030D;2026-04-30;330.49;346.41;-4.6;0;0;0;0;0;0;0;0;0;0;0;;;;;
2025-11-28;O_XU030E0426C15250.00;BIST 30_04/2026_AVRUPA_OPSIYON;D_IX;INO;D_IX_ECO;DE_BIST30_ECO;D_XU030D;2026-04-30;283.56;297.87;-4.8;0;0;0;0;0;0;0;0;0;5;0;;;;;
2025-11-28;O_XU030E0426C15500.00;BIST 30_04/2026_AVRUPA_OPSIYON;D_IX;INO;D_IX_ECO;DE_BIST30_ECO;D_XU030D;2026-04-30;242.43;255.23;-5.02;0;0;0;0;0;0;0;0;0;5;0;;;;;
2025-11-28;O_XU030E0426C15750.00;BIST 30_04/2026_AVRUPA_OPSIYON;D_IX;INO;D_IX_ECO;DE_BIST30_ECO;D_XU030D;2026-04-30;206.56;217.95;-5.23;0;0;0;0;0;0;0;0;0;15;0;;;;;
2025-11-28;O_XU030E0426C16000.00;BIST 30_04/2026_AVRUPA_OPSIYON;D_IX;INO;D_IX_ECO;DE_BIST30_ECO;D_XU030D;2026-04-30;175.41;185.51;-5.44;0;0;0;0;0;0;0;0;0;13;0;;;;;
2025-11-28;O_XU030E0426P11250.00;BIST 30_04/2026_AVRUPA_OPSIYON;D_IX;INO;D_IX_EPO;DE_BIST30_EPO;D_XU030D;2026-04-30;278.09;274.17;1.43;0;0;0;0;0;0;0;0;0;1;0;;;;;
2025-11-28;O_XU030E0426P11500.00;BIST 30_04/2026_AVRUPA_OPSIYON;D_IX;INO;D_IX_EPO;DE_BIST30_EPO;D_XU030D;2026-04-30;309.84;305.21;1.52;0;0;0;0;0;0;0;0;0;0;0;;;;;
2025-11-28;O_XU030E0426P11750.00;BIST 30_04/2026_AVRUPA_OPSIYON;D_IX;INO;D_IX_EPO;DE_BIST30_EPO;D_XU030D;2026-04-30;345.33;339.86;1.61;0;0;0;0;0;0;0;0;0;8;0;;;;;
2025-11-28;O_XU030E0426P12000.00;BIST 30_04/2026_AVRUPA_OPSIYON;D_IX;INO;D_IX_EPO;DE_BIST30_EPO;D_XU030D;2026-04-30;385.08;378.63;1.7;0;0;0;0;0;0;0;0;0;0;0;;;;;
2025-11-28;O_XU030E0426P12250.00;BIST 30_04/2026_AVRUPA_OPSIYON;D_IX;INO;D_IX_EPO;DE_BIST30_EPO;D_XU030D;2026-04-30;429.74;422.14;1.8;0;0;0;0;0;0;0;0;0;0;0;;;;;
2025-11-28;O_XU030E0426P12500.00;BIST 30_04/2026_AVRUPA_OPSIYON;D_IX;INO;D_IX_EPO;DE_BIST30_EPO;D_XU030D;2026-04-30;483.51;471.1;2.63;0;0;0;0;0;0;0;0;0;0;0;;;;;
2025-11-28;O_XU030E0426P12750.00;BIST 30_04/2026_AVRUPA_OPSIYON;D_IX;INO;D_IX_EPO;DE_BIST30_EPO;D_XU030D;2026-04-30;575.05;559.58;2.76;0;0;0;0;0;0;0;0;0;1;0;;;;;
2025-11-28;O_XU030E0426P13000.00;BIST 30_04/2026_AVRUPA_OPSIYON;D_IX;INO;D_IX_EPO;DE_BIST30_EPO;D_XU030D;2026-04-30;676.42;658.9;2.66;0;0;0;0;0;0;0;0;0;0;0;;;;;
2025-11-28;O_XU030E0426P13250.00;BIST 30_04/2026_AVRUPA_OPSIYON;D_IX;INO;D_IX_EPO;DE_BIST30_EPO;D_XU030D;2026-04-30;787.57;767.94;2.56;0;0;0;0;0;0;0;0;0;0;0;;;;;
2025-11-28;O_XU030E0426P13500.00;BIST 30_04/2026_AVRUPA_OPSIYON;D_IX;INO;D_IX_EPO;DE_BIST30_EPO;D_XU030D;2026-04-30;908.31;886.54;2.46;0;0;0;0;0;0;0;0;0;0;0;;;;;
2025-11-28;O_XU030E0426P13750.00;BIST 30_04/2026_AVRUPA_OPSIYON;D_IX;INO;D_IX_EPO;DE_BIST30_EPO;D_XU030D;2026-04-30;1038.36;1014.45;2.36;0;0;0;0;0;0;0;0;0;0;0;;;;;
2025-11-28;O_XU030E0426P14000.00;BIST 30_04/2026_AVRUPA_OPSIYON;D_IX;INO;D_IX_EPO;DE_BIST30_EPO;D_XU030D;2026-04-30;1177.36;1151.33;2.26;0;0;0;0;0;0;0;0;0;0;0;;;;;
2025-11-28;O_XU030E0426P14250.00;BIST 30_04/2026_AVRUPA_OPSIYON;D_IX;INO;D_IX_EPO;DE_BIST30_EPO;D_XU030D;2026-04-30;1324.87;1296.75;2.17;0;0;0;0;0;0;0;0;0;10;0;;;;;
2025-11-28;O_XU030E0426P14500.00;BIST 30_04/2026_AVRUPA_OPSIYON;D_IX;INO;D_IX_EPO;DE_BIST30_EPO;D_XU030D;2026-04-30;1480.39;1450.25;2.08;0;0;0;0;0;0;0;0;0;10;0;;;;;
2025-11-28;O_XU030E1225C11250.00;BIST 30_12/2025_AVRUPA_OPSIYON;D_IX;INO;D_IX_ECO;DE_BIST30_ECO;D_XU030D;2025-12-31;1089.57;1132.88;-3.82;0;0;0;0;0;0;0;0;0;18;0;;;;;
2025-11-28;O_XU030E1225C11500.00;BIST 30_12/2025_AVRUPA_OPSIYON;D_IX;INO;D_IX_ECO;DE_BIST30_ECO;D_XU030D;2025-12-31;885.98;926.23;-4.35;833.25;833.25;834.5;834.5;833.88;2990000;216807.5;26;2;667;-26;;;;;
2025-11-28;O_XU030E1225C11750.00;BIST 30_12/2025_AVRUPA_OPSIYON;D_IX;INO;D_IX_ECO;DE_BIST30_ECO;D_XU030D;2025-12-31;698.13;732.39;-4.68;651.25;651.25;651.25;651.25;651.25;587500;32562.5;5;1;331;0;;;;;
2025-11-28;O_XU030E1225C12000.00;BIST 30_12/2025_AVRUPA_OPSIYON;D_IX;INO;D_IX_ECO;DE_BIST30_ECO;D_XU030D;2025-12-31;542.56;574.08;-5.49;501;501;501;501;501;120000;5010;1;1;583;0;;;;;
2025-11-28;O_XU030E1225C12250.00;BIST 30_12/2025_AVRUPA_OPSIYON;D_IX;INO;D_IX_ECO;DE_BIST30_ECO;D_XU030D;2025-12-31;409.99;439.5;-6.71;361.25;354.75;375;354.75;373.51;31605000;963653;258;11;691;59;;;;;
2025-11-28;O_XU030E1225C12500.00;BIST 30_12/2025_AVRUPA_OPSIYON;D_IX;INO;D_IX_ECO;DE_BIST30_ECO;D_XU030D;2025-12-31;303.55;331.83;-8.52;260.74;260.74;266.49;264;264.45;2375000;50246;19;3;637;-14;;;;;
2025-11-28;O_XU030E1225C12750.00;BIST 30_12/2025_AVRUPA_OPSIYON;D_IX;INO;D_IX_ECO;DE_BIST30_ECO;D_XU030D;2025-12-31;216.59;240.21;-9.83;172.1;172.1;172.1;172.1;172.1;255000;3442;2;1;1471;2;;;;;
2025-11-28;O_XU030E1225C13000.00;BIST 30_12/2025_AVRUPA_OPSIYON;D_IX;INO;D_IX_ECO;DE_BIST30_ECO;D_XU030D;2025-12-31;151.14;169.49;-10.83;115.29;104.34;118.56;112;115.22;7670000;67978.7;59;8;1913;30;;;;;
2025-11-28;O_XU030E1225C13250.00;BIST 30_12/2025_AVRUPA_OPSIYON;D_IX;INO;D_IX_ECO;DE_BIST30_ECO;D_XU030D;2025-12-31;105.26;119.55;-11.95;0;0;0;0;0;0;0;0;0;1884;0;;;;;
2025-11-28;O_XU030E1225C13500.00;BIST 30_12/2025_AVRUPA_OPSIYON;D_IX;INO;D_IX_ECO;DE_BIST30_ECO;D_XU030D;2025-12-31;72.1;82.95;-13.08;38.26;38.26;38.26;38.26;38.26;405000;1147.8;3;1;1166;0;;;;;
2025-11-28;O_XU030E1225C13750.00;BIST 30_12/2025_AVRUPA_OPSIYON;D_IX;INO;D_IX_ECO;DE_BIST30_ECO;D_XU030D;2025-12-31;48.66;56.72;-14.21;32.99;32;33;32.99;32.6;17737500;42059.9;129;15;968;129;;;;;
2025-11-28;O_XU030E1225C14000.00;BIST 30_12/2025_AVRUPA_OPSIYON;D_IX;INO;D_IX_ECO;DE_BIST30_ECO;D_XU030D;2025-12-31;32.42;38.28;-15.31;0;0;0;0;0;0;0;0;0;1581;0;;;;;
2025-11-28;O_XU030E1225C14250.00;BIST 30_12/2025_AVRUPA_OPSIYON;D_IX;INO;D_IX_ECO;DE_BIST30_ECO;D_XU030D;2025-12-31;21.37;25.55;-16.36;5;5;5;5;5;1425000;500;10;2;326;0;;;;;
2025-11-28;O_XU030E1225C14500.00;BIST 30_12/2025_AVRUPA_OPSIYON;D_IX;INO;D_IX_ECO;DE_BIST30_ECO;D_XU030D;2025-12-31;13.95;16.89;-17.41;0;0;0;0;0;0;0;0;0;1221;0;;;;;
2025-11-28;O_XU030E1225C14750.00;BIST 30_12/2025_AVRUPA_OPSIYON;D_IX;INO;D_IX_ECO;DE_BIST30_ECO;D_XU030D;2025-12-31;9.04;11.08;-18.41;0;0;0;0;0;0;0;0;0;341;0;;;;;
2025-11-28;O_XU030E1225C15000.00;BIST 30_12/2025_AVRUPA_OPSIYON;D_IX;INO;D_IX_ECO;DE_BIST30_ECO;D_XU030D;2025-12-31;5.82;7.22;-19.39;0;0;0;0;0;0;0;0;0;162;0;;;;;
2025-11-28;O_XU030E1225C15250.00;BIST 30_12/2025_AVRUPA_OPSIYON;D_IX;INO;D_IX_ECO;DE_BIST30_ECO;D_XU030D;2025-12-31;3.73;4.69;-20.47;0;0;0;0;0;0;0;0;0;419;0;;;;;
2025-11-28;O_XU030E1225C15500.00;BIST 30_12/2025_AVRUPA_OPSIYON;D_IX;INO;D_IX_ECO;DE_BIST30_ECO;D_XU030D;2025-12-31;2.39;3.03;-21.12;0;0;0;0;0;0;0;0;0;35;0;;;;;
2025-11-28;O_XU030E1225C15750.00;BIST 30_12/2025_AVRUPA_OPSIYON;D_IX;INO;D_IX_ECO;DE_BIST30_ECO;D_XU030D;2025-12-31;1.52;1.95;-22.05;0;0;0;0;0;0;0;0;0;68;0;;;;;
2025-11-28;O_XU030E1225C16000.00;BIST 30_12/2025_AVRUPA_OPSIYON;D_IX;INO;D_IX_ECO;DE_BIST30_ECO;D_XU030D;2025-12-31;0.97;1.26;-23.02;0;0;0;0;0;0;0;0;0;65;0;;;;;
2025-11-28;O_XU030E1225C16250.00;BIST 30_12/2025_AVRUPA_OPSIYON;D_IX;INO;D_IX_ECO;DE_BIST30_ECO;D_XU030D;2025-12-31;0.62;0.81;-23.46;0;0;0;0;0;0;0;0;0;18;0;;;;;
2025-11-28;O_XU030E1225P10000.00;BIST 30_12/2025_AVRUPA_OPSIYON;D_IX;INO;D_IX_EPO;DE_BIST30_EPO;D_XU030D;2025-12-31;15.74;15.54;1.29;0;0;0;0;0;0;0;0;0;207;0;;;;;
2025-11-28;O_XU030E1225P10250.00;BIST 30_12/2025_AVRUPA_OPSIYON;D_IX;INO;D_IX_EPO;DE_BIST30_EPO;D_XU030D;2025-12-31;22.99;22.35;2.86;0;0;0;0;0;0;0;0;0;221;0;;;;;
2025-11-28;O_XU030E1225P10500.00;BIST 30_12/2025_AVRUPA_OPSIYON;D_IX;INO;D_IX_EPO;DE_BIST30_EPO;D_XU030D;2025-12-31;33.32;31.96;4.26;0;0;0;0;0;0;0;0;0;1228;0;;;;;
2025-11-28;O_XU030E1225P10750.00;BIST 30_12/2025_AVRUPA_OPSIYON;D_IX;INO;D_IX_EPO;DE_BIST30_EPO;D_XU030D;2025-12-31;47.93;45.45;5.46;0;0;0;0;0;0;0;0;0;1031;0;;;;;
2025-11-28;O_XU030E1225P11000.00;BIST 30_12/2025_AVRUPA_OPSIYON;D_IX;INO;D_IX_EPO;DE_BIST30_EPO;D_XU030D;2025-12-31;68.42;64.26;6.47;55.25;55.25;55.25;55.25;55.25;1100000;5525;10;1;1919;0;;;;;
2025-11-28;O_XU030E1225P11250.00;BIST 30_12/2025_AVRUPA_OPSIYON;D_IX;INO;D_IX_EPO;DE_BIST30_EPO;D_XU030D;2025-12-31;96.87;90.32;7.25;106.49;106.49;106.49;106.49;106.49;1125000;10649;10;1;1117;0;;;;;
2025-11-28;O_XU030E1225P11500.00;BIST 30_12/2025_AVRUPA_OPSIYON;D_IX;INO;D_IX_EPO;DE_BIST30_EPO;D_XU030D;2025-12-31;135.94;126.1;7.8;129.75;129.75;129.75;129.75;129.75;1495000;16867.5;13;1;1412;0;;;;;
2025-11-28;O_XU030E1225P11750.00;BIST 30_12/2025_AVRUPA_OPSIYON;D_IX;INO;D_IX_EPO;DE_BIST30_EPO;D_XU030D;2025-12-31;190.74;174.7;9.18;202.47;190;202.47;194.25;195.99;5405000;90153.5;46;6;554;-4;;;;;
2025-11-28;O_XU030E1225P12000.00;BIST 30_12/2025_AVRUPA_OPSIYON;D_IX;INO;D_IX_EPO;DE_BIST30_EPO;D_XU030D;2025-12-31;277.82;258.81;7.35;285.91;285.91;285.91;285.91;285.91;120000;2859.1;1;1;631;1;;;;;
2025-11-28;O_XU030E1225P12250.00;BIST 30_12/2025_AVRUPA_OPSIYON;D_IX;INO;D_IX_EPO;DE_BIST30_EPO;D_XU030D;2025-12-31;387.9;366.66;5.79;378;378;379;379;378.5;3185000;98410;26;2;611;0;;;;;
2025-11-28;O_XU030E1225P12500.00;BIST 30_12/2025_AVRUPA_OPSIYON;D_IX;INO;D_IX_EPO;DE_BIST30_EPO;D_XU030D;2025-12-31;524.11;501.43;4.52;0;0;0;0;0;0;0;0;0;456;0;;;;;
2025-11-28;O_XU030E1225P12750.00;BIST 30_12/2025_AVRUPA_OPSIYON;D_IX;INO;D_IX_EPO;DE_BIST30_EPO;D_XU030D;2025-12-31;679.81;652.24;4.23;0;0;0;0;0;0;0;0;0;470;0;;;;;
2025-11-28;O_XU030E1225P13000.00;BIST 30_12/2025_AVRUPA_OPSIYON;D_IX;INO;D_IX_EPO;DE_BIST30_EPO;D_XU030D;2025-12-31;857;823.96;4.01;0;0;0;0;0;0;0;0;0;328;0;;;;;
2025-11-28;O_XU030E1225P13250.00;BIST 30_12/2025_AVRUPA_OPSIYON;D_IX;INO;D_IX_EPO;DE_BIST30_EPO;D_XU030D;2025-12-31;1053.78;1016.45;3.67;0;0;0;0;0;0;0;0;0;63;0;;;;;
2025-11-28;O_XU030E1225P13500.00;BIST 30_12/2025_AVRUPA_OPSIYON;D_IX;INO;D_IX_EPO;DE_BIST30_EPO;D_XU030D;2025-12-31;1263.27;1222.28;3.35;0;0;0;0;0;0;0;0;0;172;0;;;;;
2025-11-28;O_XU030E1225P13750.00;BIST 30_12/2025_AVRUPA_OPSIYON;D_IX;INO;D_IX_EPO;DE_BIST30_EPO;D_XU030D;2025-12-31;1482.48;1438.48;3.06;0;0;0;0;0;0;0;0;0;194;0;;;;;
2025-11-28;O_XU030E1225P14000.00;BIST 30_12/2025_AVRUPA_OPSIYON;D_IX;INO;D_IX_EPO;DE_BIST30_EPO;D_XU030D;2025-12-31;1708.89;1662.47;2.79;0;0;0;0;0;0;0;0;0;418;0;;;;;
2025-11-28;O_XU030E1225P14250.00;BIST 30_12/2025_AVRUPA_OPSIYON;D_IX;INO;D_IX_EPO;DE_BIST30_EPO;D_XU030D;2025-12-31;1940.49;1892.18;2.55;0;0;0;0;0;0;0;0;0;92;0;;;;;
2025-11-28;O_XU030E1225P14500.00;BIST 30_12/2025_AVRUPA_OPSIYON;D_IX;INO;D_IX_EPO;DE_BIST30_EPO;D_XU030D;2025-12-31;2175.72;2125.95;2.34;0;0;0;0;0;0;0;0;0;86;0;;;;;
2025-11-28;O_XU030E1225P14750.00;BIST 30_12/2025_AVRUPA_OPSIYON;D_IX;INO;D_IX_EPO;DE_BIST30_EPO;D_XU030D;2025-12-31;2413.47;2362.57;2.15;0;0;0;0;0;0;0;0;0;171;0;;;;;
2025-11-28;O_XU030E1225P9900.00;BIST 30_12/2025_AVRUPA_OPSIYON;D_IX;INO;D_IX_EPO;DE_BIST30_EPO;D_XU030D;2025-12-31;13.5;13.42;0.6;0;0;0;0;0;0;0;0;0;173;0;;;;;
2025-11-28;O_YKBNKE0126C33.00;YKBNK_01/2026_AVRUPA_OPSIYON;D_EQ;SSO;D_EQ_ECP;DE_YKBNK_ECP;YKBNK.E;2026-01-30;5.49;5.32;3.2;0;0;0;0;0;0;0;0;0;0;0;;;;;
2025-11-28;O_YKBNKE0126C34.00;YKBNK_01/2026_AVRUPA_OPSIYON;D_EQ;SSO;D_EQ_ECP;DE_YKBNK_ECP;YKBNK.E;2026-01-30;4.79;4.64;3.23;0;0;0;0;0;0;0;0;0;0;0;;;;;
2025-11-28;O_YKBNKE0126C35.00;YKBNK_01/2026_AVRUPA_OPSIYON;D_EQ;SSO;D_EQ_ECP;DE_YKBNK_ECP;YKBNK.E;2026-01-30;4.13;4;3.25;0;0;0;0;0;0;0;0;0;0;0;;;;;
2025-11-28;O_YKBNKE0126C36.00;YKBNK_01/2026_AVRUPA_OPSIYON;D_EQ;SSO;D_EQ_ECP;DE_YKBNK_ECP;YKBNK.E;2026-01-30;3.54;3.42;3.51;0;0;0;0;0;0;0;0;0;0;0;;;;;
2025-11-28;O_YKBNKE0126C37.00;YKBNK_01/2026_AVRUPA_OPSIYON;D_EQ;SSO;D_EQ_ECP;DE_YKBNK_ECP;YKBNK.E;2026-01-30;3;2.9;3.45;0;0;0;0;0;0;0;0;0;0;0;;;;;
2025-11-28;O_YKBNKE0126C38.00;YKBNK_01/2026_AVRUPA_OPSIYON;D_EQ;SSO;D_EQ_ECP;DE_YKBNK_ECP;YKBNK.E;2026-01-30;2.53;2.45;3.27;0;0;0;0;0;0;0;0;0;187000;0;;;;;
2025-11-28;O_YKBNKE0126C39.00;YKBNK_01/2026_AVRUPA_OPSIYON;D_EQ;SSO;D_EQ_ECP;DE_YKBNK_ECP;YKBNK.E;2026-01-30;2.12;2.05;3.41;0;0;0;0;0;0;0;0;0;0;0;;;;;
2025-11-28;O_YKBNKE0126C40.00;YKBNK_01/2026_AVRUPA_OPSIYON;D_EQ;SSO;D_EQ_ECP;DE_YKBNK_ECP;YKBNK.E;2026-01-30;1.77;1.71;3.51;0;0;0;0;0;0;0;0;0;0;0;;;;;
2025-11-28;O_YKBNKE0126C41.00;YKBNK_01/2026_AVRUPA_OPSIYON;D_EQ;SSO;D_EQ_ECP;DE_YKBNK_ECP;YKBNK.E;2026-01-30;1.48;1.43;3.5;0;0;0;0;0;0;0;0;0;0;0;;;;;
2025-11-28;O_YKBNKE0126C42.00;YKBNK_01/2026_AVRUPA_OPSIYON;D_EQ;SSO;D_EQ_ECP;DE_YKBNK_ECP;YKBNK.E;2026-01-30;1.23;1.19;3.36;0;0;0;0;0;0;0;0;0;0;0;;;;;
2025-11-28;O_YKBNKE0126C43.00;YKBNK_01/2026_AVRUPA_OPSIYON;D_EQ;SSO;D_EQ_ECP;DE_YKBNK_ECP;YKBNK.E;2026-01-30;1.02;0.99;3.03;0;0;0;0;0;0;0;0;0;0;0;;;;;
2025-11-28;O_YKBNKE0126P28.00;YKBNK_01/2026_AVRUPA_OPSIYON;D_EQ;SSO;D_EQ_EPP;DE_YKBNK_EPP;YKBNK.E;2026-01-30;0.11;0.12;-8.33;0;0;0;0;0;0;0;0;0;0;0;;;;;
2025-11-28;O_YKBNKE0126P29.00;YKBNK_01/2026_AVRUPA_OPSIYON;D_EQ;SSO;D_EQ_EPP;DE_YKBNK_EPP;YKBNK.E;2026-01-30;0.16;0.18;-11.11;0;0;0;0;0;0;0;0;0;0;0;;;;;
2025-11-28;O_YKBNKE0126P30.00;YKBNK_01/2026_AVRUPA_OPSIYON;D_EQ;SSO;D_EQ_EPP;DE_YKBNK_EPP;YKBNK.E;2026-01-30;0.24;0.27;-11.11;0;0;0;0;0;0;0;0;0;0;0;;;;;
2025-11-28;O_YKBNKE0126P31.00;YKBNK_01/2026_AVRUPA_OPSIYON;D_EQ;SSO;D_EQ_EPP;DE_YKBNK_EPP;YKBNK.E;2026-01-30;0.35;0.39;-10.26;0;0;0;0;0;0;0;0;0;0;0;;;;;
2025-11-28;O_YKBNKE0126P32.00;YKBNK_01/2026_AVRUPA_OPSIYON;D_EQ;SSO;D_EQ_EPP;DE_YKBNK_EPP;YKBNK.E;2026-01-30;0.49;0.54;-9.26;0;0;0;0;0;0;0;0;0;0;0;;;;;
2025-11-28;O_YKBNKE0126P33.00;YKBNK_01/2026_AVRUPA_OPSIYON;D_EQ;SSO;D_EQ_EPP;DE_YKBNK_EPP;YKBNK.E;2026-01-30;0.67;0.73;-8.22;0;0;0;0;0;0;0;0;0;0;0;;;;;
2025-11-28;O_YKBNKE0126P34.00;YKBNK_01/2026_AVRUPA_OPSIYON;D_EQ;SSO;D_EQ_EPP;DE_YKBNK_EPP;YKBNK.E;2026-01-30;0.89;0.96;-7.29;0.9;0.9;0.91;0.91;0.9;1533400;40768;451;4;451;451;;;;;
2025-11-28;O_YKBNKE0126P35.00;YKBNK_01/2026_AVRUPA_OPSIYON;D_EQ;SSO;D_EQ_EPP;DE_YKBNK_EPP;YKBNK.E;2026-01-30;1.16;1.24;-6.45;0;0;0;0;0;0;0;0;0;0;0;;;;;
2025-11-28;O_YKBNKE0126P36.00;YKBNK_01/2026_AVRUPA_OPSIYON;D_EQ;SSO;D_EQ_EPP;DE_YKBNK_EPP;YKBNK.E;2026-01-30;1.49;1.59;-6.29;0;0;0;0;0;0;0;0;0;0;0;;;;;
2025-11-28;O_YKBNKE0126P37.00;YKBNK_01/2026_AVRUPA_OPSIYON;D_EQ;SSO;D_EQ_EPP;DE_YKBNK_EPP;YKBNK.E;2026-01-30;1.88;1.99;-5.53;0;0;0;0;0;0;0;0;0;0;0;;;;;
2025-11-28;O_YKBNKE0126P38.00;YKBNK_01/2026_AVRUPA_OPSIYON;D_EQ;SSO;D_EQ_EPP;DE_YKBNK_EPP;YKBNK.E;2026-01-30;2.33;2.46;-5.28;0;0;0;0;0;0;0;0;0;0;0;;;;;
2025-11-28;O_YKBNKE1125C28.00;YKBNK_11/2025_AVRUPA_OPSIYON;D_EQ;SSO;D_EQ_ECP;DE_YKBNK_ECP;YKBNK.E;2025-11-28;7.3;7.07;3.25;0.01;0.01;0.01;0.01;0.01;2800;1;1;1;101;0;;;;;
2025-11-28;O_YKBNKE1125C29.00;YKBNK_11/2025_AVRUPA_OPSIYON;D_EQ;SSO;D_EQ_ECP;DE_YKBNK_ECP;YKBNK.E;2025-11-28;6.3;6.07;3.79;0;0;0;0;0;0;0;0;0;479;0;;;;;
2025-11-28;O_YKBNKE1125C30.00;YKBNK_11/2025_AVRUPA_OPSIYON;D_EQ;SSO;D_EQ_ECP;DE_YKBNK_ECP;YKBNK.E;2025-11-28;5.3;5.07;4.54;0;0;0;0;0;0;0;0;0;457;0;;;;;
2025-11-28;O_YKBNKE1125C31.00;YKBNK_11/2025_AVRUPA_OPSIYON;D_EQ;SSO;D_EQ_ECP;DE_YKBNK_ECP;YKBNK.E;2025-11-28;4.3;4.07;5.65;0;0;0;0;0;0;0;0;0;346;0;;;;;
2025-11-28;O_YKBNKE1125C32.00;YKBNK_11/2025_AVRUPA_OPSIYON;D_EQ;SSO;D_EQ_ECP;DE_YKBNK_ECP;YKBNK.E;2025-11-28;3.3;3.07;7.49;3.1;3;3.2;3.1;3.09;1760000;170100;550;6;842;-450;;;;;
2025-11-28;O_YKBNKE1125C33.00;YKBNK_11/2025_AVRUPA_OPSIYON;D_EQ;SSO;D_EQ_ECP;DE_YKBNK_ECP;YKBNK.E;2025-11-28;2.3;2.07;11.11;1.2;1.2;1.2;1.2;1.2;165000;6000;50;1;1194;0;;;;;
2025-11-28;O_YKBNKE1125C34.00;YKBNK_11/2025_AVRUPA_OPSIYON;D_EQ;SSO;D_EQ_ECP;DE_YKBNK_ECP;YKBNK.E;2025-11-28;1.3;1.1;18.18;1.01;0.94;1.2;1.2;1.07;2040000;64300;600;8;688;0;;;;;
2025-11-28;O_YKBNKE1125C35.00;YKBNK_11/2025_AVRUPA_OPSIYON;D_EQ;SSO;D_EQ_ECP;DE_YKBNK_ECP;YKBNK.E;2025-11-28;0.3;0.35;-14.29;0;0;0;0;0;0;0;0;0;1118;0;;;;;
2025-11-28;O_YKBNKE1125C36.00;YKBNK_11/2025_AVRUPA_OPSIYON;D_EQ;SSO;D_EQ_ECP;DE_YKBNK_ECP;YKBNK.E;2025-11-28;0;0.05;0;0;0;0;0;0;0;0;0;0;1106;0;;;;;
2025-11-28;O_YKBNKE1125C37.00;YKBNK_11/2025_AVRUPA_OPSIYON;D_EQ;SSO;D_EQ_ECP;DE_YKBNK_ECP;YKBNK.E;2025-11-28;0;0.01;0;0;0;0;0;0;0;0;0;0;1930;0;;;;;
2025-11-28;O_YKBNKE1125C38.00;YKBNK_11/2025_AVRUPA_OPSIYON;D_EQ;SSO;D_EQ_ECP;DE_YKBNK_ECP;YKBNK.E;2025-11-28;0;0.01;0;0;0;0;0;0;0;0;0;0;1847;0;;;;;
2025-11-28;O_YKBNKE1125C39.00;YKBNK_11/2025_AVRUPA_OPSIYON;D_EQ;SSO;D_EQ_ECP;DE_YKBNK_ECP;YKBNK.E;2025-11-28;0;0.01;0;0;0;0;0;0;0;0;0;0;1665;0;;;;;
2025-11-28;O_YKBNKE1125C40.00;YKBNK_11/2025_AVRUPA_OPSIYON;D_EQ;SSO;D_EQ_ECP;DE_YKBNK_ECP;YKBNK.E;2025-11-28;0;0.01;0;0.01;0.01;0.01;0.01;0.01;1600000;400;400;4;1174;0;;;;;
2025-11-28;O_YKBNKE1125C41.00;YKBNK_11/2025_AVRUPA_OPSIYON;D_EQ;SSO;D_EQ_ECP;DE_YKBNK_ECP;YKBNK.E;2025-11-28;0;0.01;0;0;0;0;0;0;0;0;0;0;1558;0;;;;;
2025-11-28;O_YKBNKE1125C42.00;YKBNK_11/2025_AVRUPA_OPSIYON;D_EQ;SSO;D_EQ_ECP;DE_YKBNK_ECP;YKBNK.E;2025-11-28;0;0.01;0;0;0;0;0;0;0;0;0;0;0;0;;;;;
2025-11-28;O_YKBNKE1125C43.00;YKBNK_11/2025_AVRUPA_OPSIYON;D_EQ;SSO;D_EQ_ECP;DE_YKBNK_ECP;YKBNK.E;2025-11-28;0;0.01;0;0;0;0;0;0;0;0;0;0;230;0;;;;;
2025-11-28;O_YKBNKE1125C44.00;YKBNK_11/2025_AVRUPA_OPSIYON;D_EQ;SSO;D_EQ_ECP;DE_YKBNK_ECP;YKBNK.E;2025-11-28;0;0.01;0;0;0;0;0;0;0;0;0;0;330;0;;;;;
2025-11-28;O_YKBNKE1125P24.00;YKBNK_11/2025_AVRUPA_OPSIYON;D_EQ;SSO;D_EQ_EPP;DE_YKBNK_EPP;YKBNK.E;2025-11-28;0;0.01;0;0;0;0;0;0;0;0;0;0;0;0;;;;;
2025-11-28;O_YKBNKE1125P24.50;YKBNK_11/2025_AVRUPA_OPSIYON;D_EQ;SSO;D_EQ_EPP;DE_YKBNK_EPP;YKBNK.E;2025-11-28;0;0.01;0;0;0;0;0;0;0;0;0;0;175;0;;;;;
2025-11-28;O_YKBNKE1125P25.00;YKBNK_11/2025_AVRUPA_OPSIYON;D_EQ;SSO;D_EQ_EPP;DE_YKBNK_EPP;YKBNK.E;2025-11-28;0;0.01;0;0;0;0;0;0;0;0;0;0;0;0;;;;;
2025-11-28;O_YKBNKE1125P26.00;YKBNK_11/2025_AVRUPA_OPSIYON;D_EQ;SSO;D_EQ_EPP;DE_YKBNK_EPP;YKBNK.E;2025-11-28;0;0.01;0;0;0;0;0;0;0;0;0;0;1002;0;;;;;
2025-11-28;O_YKBNKE1125P27.00;YKBNK_11/2025_AVRUPA_OPSIYON;D_EQ;SSO;D_EQ_EPP;DE_YKBNK_EPP;YKBNK.E;2025-11-28;0;0.01;0;0;0;0;0;0;0;0;0;0;100;0;;;;;
2025-11-28;O_YKBNKE1125P28.00;YKBNK_11/2025_AVRUPA_OPSIYON;D_EQ;SSO;D_EQ_EPP;DE_YKBNK_EPP;YKBNK.E;2025-11-28;0;0.01;0;0;0;0;0;0;0;0;0;0;257;0;;;;;
2025-11-28;O_YKBNKE1125P29.00;YKBNK_11/2025_AVRUPA_OPSIYON;D_EQ;SSO;D_EQ_EPP;DE_YKBNK_EPP;YKBNK.E;2025-11-28;0;0.01;0;0;0;0;0;0;0;0;0;0;3221;0;;;;;
2025-11-28;O_YKBNKE1125P30.00;YKBNK_11/2025_AVRUPA_OPSIYON;D_EQ;SSO;D_EQ_EPP;DE_YKBNK_EPP;YKBNK.E;2025-11-28;0;0.01;0;0;0;0;0;0;0;0;0;0;7204;0;;;;;
2025-11-28;O_YKBNKE1125P31.00;YKBNK_11/2025_AVRUPA_OPSIYON;D_EQ;SSO;D_EQ_EPP;DE_YKBNK_EPP;YKBNK.E;2025-11-28;0;0.01;0;0;0;0;0;0;0;0;0;0;2151;0;;;;;
2025-11-28;O_YKBNKE1125P32.00;YKBNK_11/2025_AVRUPA_OPSIYON;D_EQ;SSO;D_EQ_EPP;DE_YKBNK_EPP;YKBNK.E;2025-11-28;0;0.01;0;0;0;0;0;0;0;0;0;0;5083;0;;;;;
2025-11-28;O_YKBNKE1125P33.00;YKBNK_11/2025_AVRUPA_OPSIYON;D_EQ;SSO;D_EQ_EPP;DE_YKBNK_EPP;YKBNK.E;2025-11-28;0;0.01;0;0;0;0;0;0;0;0;0;0;3747;0;;;;;
2025-11-28;O_YKBNKE1125P34.00;YKBNK_11/2025_AVRUPA_OPSIYON;D_EQ;SSO;D_EQ_EPP;DE_YKBNK_EPP;YKBNK.E;2025-11-28;0;0.03;0;0;0;0;0;0;0;0;0;0;1565;0;;;;;
2025-11-28;O_YKBNKE1125P35.00;YKBNK_11/2025_AVRUPA_OPSIYON;D_EQ;SSO;D_EQ_EPP;DE_YKBNK_EPP;YKBNK.E;2025-11-28;0;0.27;0;0;0;0;0;0;0;0;0;0;673;0;;;;;
2025-11-28;O_YKBNKE1125P36.00;YKBNK_11/2025_AVRUPA_OPSIYON;D_EQ;SSO;D_EQ_EPP;DE_YKBNK_EPP;YKBNK.E;2025-11-28;0.7;0.97;-27.84;0;0;0;0;0;0;0;0;0;50;0;;;;;
2025-11-28;O_YKBNKE1125P37.00;YKBNK_11/2025_AVRUPA_OPSIYON;D_EQ;SSO;D_EQ_EPP;DE_YKBNK_EPP;YKBNK.E;2025-11-28;1.7;1.92;-11.46;0;0;0;0;0;0;0;0;0;150;0;;;;;
2025-11-28;O_YKBNKE1125P38.00;YKBNK_11/2025_AVRUPA_OPSIYON;D_EQ;SSO;D_EQ_EPP;DE_YKBNK_EPP;YKBNK.E;2025-11-28;2.7;2.92;-7.53;0;0;0;0;0;0;0;0;0;0;0;;;;;
2025-11-28;O_YKBNKE1125P39.00;YKBNK_11/2025_AVRUPA_OPSIYON;D_EQ;SSO;D_EQ_EPP;DE_YKBNK_EPP;YKBNK.E;2025-11-28;3.7;3.92;-5.61;0;0;0;0;0;0;0;0;0;0;0;;;;;
2025-11-28;O_YKBNKE1225C29.00;YKBNK_12/2025_AVRUPA_OPSIYON;D_EQ;SSO;D_EQ_ECP;DE_YKBNK_ECP;YKBNK.E;2025-12-31;7.35;7.13;3.09;0;0;0;0;0;0;0;0;0;0;0;;;;;
2025-11-28;O_YKBNKE1225C30.00;YKBNK_12/2025_AVRUPA_OPSIYON;D_EQ;SSO;D_EQ_ECP;DE_YKBNK_ECP;YKBNK.E;2025-12-31;6.43;6.23;3.21;0;0;0;0;0;0;0;0;0;0;0;;;;;
2025-11-28;O_YKBNKE1225C31.00;YKBNK_12/2025_AVRUPA_OPSIYON;D_EQ;SSO;D_EQ_ECP;DE_YKBNK_ECP;YKBNK.E;2025-12-31;5.55;5.36;3.54;0;0;0;0;0;0;0;0;0;0;0;;;;;
2025-11-28;O_YKBNKE1225C32.00;YKBNK_12/2025_AVRUPA_OPSIYON;D_EQ;SSO;D_EQ_ECP;DE_YKBNK_ECP;YKBNK.E;2025-12-31;4.72;4.54;3.96;0;0;0;0;0;0;0;0;0;1;0;;;;;
2025-11-28;O_YKBNKE1225C33.00;YKBNK_12/2025_AVRUPA_OPSIYON;D_EQ;SSO;D_EQ_ECP;DE_YKBNK_ECP;YKBNK.E;2025-12-31;3.93;3.77;4.24;0;0;0;0;0;0;0;0;0;17;0;;;;;
2025-11-28;O_YKBNKE1225C34.00;YKBNK_12/2025_AVRUPA_OPSIYON;D_EQ;SSO;D_EQ_ECP;DE_YKBNK_ECP;YKBNK.E;2025-12-31;3.21;3.07;4.56;0;0;0;0;0;0;0;0;0;17;0;;;;;
2025-11-28;O_YKBNKE1225C35.00;YKBNK_12/2025_AVRUPA_OPSIYON;D_EQ;SSO;D_EQ_ECP;DE_YKBNK_ECP;YKBNK.E;2025-12-31;2.57;2.46;4.47;2.13;2.13;2.13;2.13;2.13;623000;37914;178;2;634;178;;;;;
2025-11-28;O_YKBNKE1225C36.00;YKBNK_12/2025_AVRUPA_OPSIYON;D_EQ;SSO;D_EQ_ECP;DE_YKBNK_ECP;YKBNK.E;2025-12-31;2.02;1.93;4.66;1.41;1.38;1.57;1.57;1.41;80251200;2969190;22292;18;14702;13002;;;;;
2025-11-28;O_YKBNKE1225C37.00;YKBNK_12/2025_AVRUPA_OPSIYON;D_EQ;SSO;D_EQ_ECP;DE_YKBNK_ECP;YKBNK.E;2025-12-31;1.56;1.49;4.7;0.97;0.95;1.11;1.11;0.97;15458600;405958;4178;10;6000;4000;;;;;
2025-11-28;O_YKBNKE1225C38.00;YKBNK_12/2025_AVRUPA_OPSIYON;D_EQ;SSO;D_EQ_ECP;DE_YKBNK_ECP;YKBNK.E;2025-12-31;1.18;1.13;4.42;0.63;0.63;0.77;0.77;0.68;22800000;408000;6000;19;8000;6000;;;;;
2025-11-28;O_YKBNKE1225C39.00;YKBNK_12/2025_AVRUPA_OPSIYON;D_EQ;SSO;D_EQ_ECP;DE_YKBNK_ECP;YKBNK.E;2025-12-31;0.89;0.85;4.71;0.64;0.64;0.64;0.64;0.64;1950000;32000;500;4;3010;0;;;;;
2025-11-28;O_YKBNKE1225C40.00;YKBNK_12/2025_AVRUPA_OPSIYON;D_EQ;SSO;D_EQ_ECP;DE_YKBNK_ECP;YKBNK.E;2025-12-31;0.66;0.63;4.76;0;0;0;0;0;0;0;0;0;1060;0;;;;;
2025-11-28;O_YKBNKE1225C41.00;YKBNK_12/2025_AVRUPA_OPSIYON;D_EQ;SSO;D_EQ_ECP;DE_YKBNK_ECP;YKBNK.E;2025-12-31;0.49;0.47;4.26;0;0;0;0;0;0;0;0;0;447;0;;;;;
2025-11-28;O_YKBNKE1225C42.00;YKBNK_12/2025_AVRUPA_OPSIYON;D_EQ;SSO;D_EQ_ECP;DE_YKBNK_ECP;YKBNK.E;2025-12-31;0.35;0.34;2.94;0;0;0;0;0;0;0;0;0;404;0;;;;;
2025-11-28;O_YKBNKE1225C43.00;YKBNK_12/2025_AVRUPA_OPSIYON;D_EQ;SSO;D_EQ_ECP;DE_YKBNK_ECP;YKBNK.E;2025-12-31;0.26;0.25;4;0;0;0;0;0;0;0;0;0;1161;0;;;;;
2025-11-28;O_YKBNKE1225C44.00;YKBNK_12/2025_AVRUPA_OPSIYON;D_EQ;SSO;D_EQ_ECP;DE_YKBNK_ECP;YKBNK.E;2025-12-31;0.18;0.18;0;0;0;0;0;0;0;0;0;0;710;0;;;;;
2025-11-28;O_YKBNKE1225P24.50;YKBNK_12/2025_AVRUPA_OPSIYON;D_EQ;SSO;D_EQ_EPP;DE_YKBNK_EPP;YKBNK.E;2025-12-31;0.01;0.01;0;0;0;0;0;0;0;0;0;0;0;0;;;;;
2025-11-28;O_YKBNKE1225P25.00;YKBNK_12/2025_AVRUPA_OPSIYON;D_EQ;SSO;D_EQ_EPP;DE_YKBNK_EPP;YKBNK.E;2025-12-31;0.01;0.01;0;0;0;0;0;0;0;0;0;0;0;0;;;;;
2025-11-28;O_YKBNKE1225P26.00;YKBNK_12/2025_AVRUPA_OPSIYON;D_EQ;SSO;D_EQ_EPP;DE_YKBNK_EPP;YKBNK.E;2025-12-31;0.01;0.01;0;0;0;0;0;0;0;0;0;0;0;0;;;;;
2025-11-28;O_YKBNKE1225P27.00;YKBNK_12/2025_AVRUPA_OPSIYON;D_EQ;SSO;D_EQ_EPP;DE_YKBNK_EPP;YKBNK.E;2025-12-31;0.02;0.02;0;0;0;0;0;0;0;0;0;0;0;0;;;;;
2025-11-28;O_YKBNKE1225P28.00;YKBNK_12/2025_AVRUPA_OPSIYON;D_EQ;SSO;D_EQ_EPP;DE_YKBNK_EPP;YKBNK.E;2025-12-31;0.03;0.04;-25;0;0;0;0;0;0;0;0;0;700;0;;;;;
2025-11-28;O_YKBNKE1225P29.00;YKBNK_12/2025_AVRUPA_OPSIYON;D_EQ;SSO;D_EQ_EPP;DE_YKBNK_EPP;YKBNK.E;2025-12-31;0.07;0.08;-12.5;0;0;0;0;0;0;0;0;0;0;0;;;;;
2025-11-28;O_YKBNKE1225P30.00;YKBNK_12/2025_AVRUPA_OPSIYON;D_EQ;SSO;D_EQ_EPP;DE_YKBNK_EPP;YKBNK.E;2025-12-31;0.12;0.15;-20;0;0;0;0;0;0;0;0;0;177;0;;;;;
2025-11-28;O_YKBNKE1225P31.00;YKBNK_12/2025_AVRUPA_OPSIYON;D_EQ;SSO;D_EQ_EPP;DE_YKBNK_EPP;YKBNK.E;2025-12-31;0.21;0.24;-12.5;0;0;0;0;0;0;0;0;0;1814;0;;;;;
2025-11-28;O_YKBNKE1225P32.00;YKBNK_12/2025_AVRUPA_OPSIYON;D_EQ;SSO;D_EQ_EPP;DE_YKBNK_EPP;YKBNK.E;2025-12-31;0.33;0.38;-13.16;0;0;0;0;0;0;0;0;0;11567;0;;;;;
2025-11-28;O_YKBNKE1225P33.00;YKBNK_12/2025_AVRUPA_OPSIYON;D_EQ;SSO;D_EQ_EPP;DE_YKBNK_EPP;YKBNK.E;2025-12-31;0.52;0.58;-10.34;0;0;0;0;0;0;0;0;0;4211;0;;;;;
2025-11-28;O_YKBNKE1225P34.00;YKBNK_12/2025_AVRUPA_OPSIYON;D_EQ;SSO;D_EQ_EPP;DE_YKBNK_EPP;YKBNK.E;2025-12-31;0.76;0.85;-10.59;0.63;0.63;0.63;0.63;0.63;605200;11214;178;1;1429;0;;;;;
2025-11-28;O_YKBNKE1225P35.00;YKBNK_12/2025_AVRUPA_OPSIYON;D_EQ;SSO;D_EQ_EPP;DE_YKBNK_EPP;YKBNK.E;2025-12-31;1.09;1.2;-9.17;0.94;0.94;0.94;0.94;0.94;350000;9400;100;1;378;100;;;;;
2025-11-28;O_YKBNKE1225P36.00;YKBNK_12/2025_AVRUPA_OPSIYON;D_EQ;SSO;D_EQ_EPP;DE_YKBNK_EPP;YKBNK.E;2025-12-31;1.51;1.64;-7.93;1.33;1.33;1.33;1.33;1.33;360000;13300;100;1;590;100;;;;;
2025-11-28;O_YKBNKE1225P37.00;YKBNK_12/2025_AVRUPA_OPSIYON;D_EQ;SSO;D_EQ_EPP;DE_YKBNK_EPP;YKBNK.E;2025-12-31;2.01;2.16;-6.94;0;0;0;0;0;0;0;0;0;100;0;;;;;
2025-11-28;O_YKBNKE1225P38.00;YKBNK_12/2025_AVRUPA_OPSIYON;D_EQ;SSO;D_EQ_EPP;DE_YKBNK_EPP;YKBNK.E;2025-12-31;2.6;2.77;-6.14;0;0;0;0;0;0;0;0;0;0;0;;;;;
2025-11-28;O_YKBNKE1225P39.00;YKBNK_12/2025_AVRUPA_OPSIYON;D_EQ;SSO;D_EQ_EPP;DE_YKBNK_EPP;YKBNK.E;2025-12-31;3.27;3.46;-5.49;0;0;0;0;0;0;0;0;0;0;0;;;;;
2025-11-28;TM_F_USDTRY121225;USDTRY_121225_ESNEK VIS;D_CR;CRF;D_CR_FUT;DE_USDTRY_FUT;D_USDTRY;2025-12-12;42.972;42.9;0.17;43.149;42.86;47.175;42.971;44.773;42534352;0;950;61;124;53;;;;;
2025-11-28;TM_F_USDTRY191225;USDTRY_191225_ESNEK VIS;D_CR;CRF;D_CR_FUT;DE_USDTRY_FUT;D_USDTRY;2025-12-19;43.046;43.125;-0.18;43.121;38.825;43.23;43.23;40.9975;16808989;0;410;13;12;2;;;;;
2025-11-28;TM_F_USDTRY260126;USDTRY_260126_ESNEK VIS;D_CR;CRF;D_CR_FUT;DE_USDTRY_FUT;D_USDTRY;2026-01-26;44.75;44.75;0;0;0;0;0;0;0;0;0;0;2;0;;;;;
2025-11-28;TM_F_USDTRY261225;USDTRY_261225_ESNEK VIS;D_CR;CRF;D_CR_FUT;DE_USDTRY_FUT;D_USDTRY;2025-12-26;43.677;43.677;0;0;0;0;0;0;0;0;0;0;2;0;;;;;
2025-11-28;TM_O_AKBNKE251225P62.00;AKBNK_251225_AVRUPA_ESNEK OPS;D_EQ;SSO;D_EQ_EPP;DE_AKBNK_EPP;AKBNK.E;2025-12-25;1.2;1.49;-19.46;0;0;0;0;0;0;0;0;0;1750;0;;;;;
2025-11-28;TM_O_AKBNKE281125C57.00;AKBNK_281125_AVRUPA_ESNEK OPS;D_EQ;SSO;D_EQ_ECP;DE_AKBNK_ECP;AKBNK.E;2025-11-28;7.75;6.81;13.8;0;0;0;0;0;0;0;0;0;200;0;;;;;
2025-11-28;TM_O_AKBNKE281125C61.99;AKBNK_281125_AVRUPA_ESNEK OPS;D_EQ;SSO;D_EQ_ECP;DE_AKBNK_ECP;AKBNK.E;2025-11-28;2.76;1.89;46.03;0;0;0;0;0;0;0;0;0;0;0;;;;;
2025-11-28;TM_O_AKBNKE281125C62.40;AKBNK_281125_AVRUPA_ESNEK OPS;D_EQ;SSO;D_EQ_ECP;DE_AKBNK_ECP;AKBNK.E;2025-11-28;2.35;1.53;53.59;0;0;0;0;0;0;0;0;0;300;0;;;;;
2025-11-28;TM_O_AKBNKE281125C64.25;AKBNK_281125_AVRUPA_ESNEK OPS;D_EQ;SSO;D_EQ_ECP;DE_AKBNK_ECP;AKBNK.E;2025-11-28;0.5;0.37;35.14;0;0;0;0;0;0;0;0;0;2417;0;;;;;
2025-11-28;TM_O_AKBNKE281125C67.00;AKBNK_281125_AVRUPA_ESNEK OPS;D_EQ;SSO;D_EQ_ECP;DE_AKBNK_ECP;AKBNK.E;2025-11-28;0;0.01;0;0;0;0;0;0;0;0;0;0;800;0;;;;;
2025-11-28;TM_O_AKBNKE281125C67.50;AKBNK_281125_AVRUPA_ESNEK OPS;D_EQ;SSO;D_EQ_ECP;DE_AKBNK_ECP;AKBNK.E;2025-11-28;0;0.01;0;0;0;0;0;0;0;0;0;0;3000;0;;;;;
2025-11-28;TM_O_AKBNKE281125P53.50;AKBNK_281125_AVRUPA_ESNEK OPS;D_EQ;SSO;D_EQ_EPP;DE_AKBNK_EPP;AKBNK.E;2025-11-28;0;0.01;0;0;0;0;0;0;0;0;0;0;3085;0;;;;;
2025-11-28;TM_O_AKBNKE281125P57.00;AKBNK_281125_AVRUPA_ESNEK OPS;D_EQ;SSO;D_EQ_EPP;DE_AKBNK_EPP;AKBNK.E;2025-11-28;0;0.01;0;0;0;0;0;0;0;0;0;0;1750;0;;;;;
2025-11-28;TM_O_AKBNKE281125P59.50;AKBNK_281125_AVRUPA_ESNEK OPS;D_EQ;SSO;D_EQ_EPP;DE_AKBNK_EPP;AKBNK.E;2025-11-28;0;0.01;0;0;0;0;0;0;0;0;0;0;850;0;;;;;
2025-11-28;TM_O_AKBNKE281125P59.90;AKBNK_281125_AVRUPA_ESNEK OPS;D_EQ;SSO;D_EQ_EPP;DE_AKBNK_EPP;AKBNK.E;2025-11-28;0;0.01;0;0;0;0;0;0;0;0;0;0;170;0;;;;;
2025-11-28;TM_O_AKBNKE281125P61.00;AKBNK_281125_AVRUPA_ESNEK OPS;D_EQ;SSO;D_EQ_EPP;DE_AKBNK_EPP;AKBNK.E;2025-11-28;0;0.01;0;0;0;0;0;0;0;0;0;0;1277;0;;;;;
2025-11-28;TM_O_AKBNKE281125P61.45;AKBNK_281125_AVRUPA_ESNEK OPS;D_EQ;SSO;D_EQ_EPP;DE_AKBNK_EPP;AKBNK.E;2025-11-28;0;0.03;0;0;0;0;0;0;0;0;0;0;1805;0;;;;;
2025-11-28;TM_O_AKBNKE281125P62.01;AKBNK_281125_AVRUPA_ESNEK OPS;D_EQ;SSO;D_EQ_EPP;DE_AKBNK_EPP;AKBNK.E;2025-11-28;0;0.06;0;0;0;0;0;0;0;0;0;0;810;0;;;;;
2025-11-28;TM_O_AKBNKE281125P64.01;AKBNK_281125_AVRUPA_ESNEK OPS;D_EQ;SSO;D_EQ_EPP;DE_AKBNK_EPP;AKBNK.E;2025-11-28;0;0.67;0;0;0;0;0;0;0;0;0;0;0;0;;;;;
2025-11-28;TM_O_AKBNKE281125P68.50;AKBNK_281125_AVRUPA_ESNEK OPS;D_EQ;SSO;D_EQ_EPP;DE_AKBNK_EPP;AKBNK.E;2025-11-28;3.75;4.68;-19.87;0;0;0;0;0;0;0;0;0;150;0;;;;;
2025-11-28;TM_O_AKBNKE311225C67.50;AKBNK_311225_AVRUPA_ESNEK OPS;D_EQ;SSO;D_EQ_ECP;DE_AKBNK_ECP;AKBNK.E;2025-12-31;3.06;;0;0;0;0;0;0;51300000;1102000;7600;2;3800;3800;;;;;
2025-11-28;TM_O_AKBNKE311225P61.00;AKBNK_311225_AVRUPA_ESNEK OPS;D_EQ;SSO;D_EQ_EPP;DE_AKBNK_EPP;AKBNK.E;2025-12-31;1.12;1.36;-17.65;0;0;0;0;0;0;0;0;0;250;0;;;;;
2025-11-28;TM_O_AKBNKE311225P62.01;AKBNK_311225_AVRUPA_ESNEK OPS;D_EQ;SSO;D_EQ_EPP;DE_AKBNK_EPP;AKBNK.E;2025-12-31;1.36;1.64;-17.07;0;0;0;0;0;0;0;0;0;342;0;;;;;
2025-11-28;TM_O_AKBNKE311225P63.90;AKBNK_311225_AVRUPA_ESNEK OPS;D_EQ;SSO;D_EQ_EPP;DE_AKBNK_EPP;AKBNK.E;2025-12-31;1.93;2.31;-16.45;0;0;0;0;0;0;0;0;0;500;0;;;;;
2025-11-28;TM_O_AKBNKE311225P64.01;AKBNK_311225_AVRUPA_ESNEK OPS;D_EQ;SSO;D_EQ_EPP;DE_AKBNK_EPP;AKBNK.E;2025-12-31;1.97;2.35;-16.17;0;0;0;0;0;0;0;0;0;800;0;;;;;
2025-11-28;TM_O_ASELSE311225C189.90;ASELS_311225_AVRUPA_ESNEK OPS;D_EQ;SSO;D_EQ_ECP;DE_ASELS_ECP;ASELS.E;2025-12-31;8.73;9.26;-5.72;0;0;0;0;0;0;0;0;0;388;0;;;;;
2025-11-28;TM_O_ASELSE311225C189.99;ASELS_311225_AVRUPA_ESNEK OPS;D_EQ;SSO;D_EQ_ECP;DE_ASELS_ECP;ASELS.E;2025-12-31;8.69;9.22;-5.75;0;0;0;0;0;0;0;0;0;416;0;;;;;
2025-11-28;TM_O_ASELSE311225C190.01;ASELS_311225_AVRUPA_ESNEK OPS;D_EQ;SSO;D_EQ_ECP;DE_ASELS_ECP;ASELS.E;2025-12-31;8.68;9.21;-5.75;0;0;0;0;0;0;0;0;0;416;0;;;;;
2025-11-28;TM_O_BIMASE301225P520.00;BIMAS_301225_AVRUPA_ESNEK OPS;D_EQ;SSO;D_EQ_EPP;DE_BIMAS_EPP;BIMAS.E;2025-12-30;10.35;9.09;13.86;0;0;0;0;0;0;0;0;0;5;0;;;;;
2025-11-28;TM_O_BIMASE311225P540.50;BIMAS_311225_AVRUPA_ESNEK OPS;D_EQ;SSO;D_EQ_EPP;DE_BIMAS_EPP;BIMAS.E;2025-12-31;17.42;;0;7.5;7.5;7.5;7.5;7.5;4972600;69000;92;1;92;92;;;;;
2025-11-28;TM_O_EKGYOE281125P20.10;EKGYO_281125_AVRUPA_ESNEK OPS;D_EQ;SSO;D_EQ_EPP;DE_EKGYO_EPP;EKGYO.E;2025-11-28;0;0.01;0;0;0;0;0;0;0;0;0;0;500;0;;;;;
2025-11-28;TM_O_EKGYOE281125P20.20;EKGYO_281125_AVRUPA_ESNEK OPS;D_EQ;SSO;D_EQ_EPP;DE_EKGYO_EPP;EKGYO.E;2025-11-28;0;0.01;0;0;0;0;0;0;0;0;0;0;700;0;;;;;
2025-11-28;TM_O_EKGYOE311225C22.20;EKGYO_311225_AVRUPA_ESNEK OPS;D_EQ;SSO;D_EQ_ECP;DE_EKGYO_ECP;EKGYO.E;2025-12-31;0.96;0.94;2.13;0;0;0;0;0;0;0;0;0;1200;0;;;;;
2025-11-28;TM_O_EKGYOE311225C22.30;EKGYO_311225_AVRUPA_ESNEK OPS;D_EQ;SSO;D_EQ_ECP;DE_EKGYO_ECP;EKGYO.E;2025-12-31;0.92;0.9;2.22;0;0;0;0;0;0;0;0;0;550;0;;;;;
2025-11-28;TM_O_EKGYOE311225P19.90;EKGYO_311225_AVRUPA_ESNEK OPS;D_EQ;SSO;D_EQ_EPP;DE_EKGYO_EPP;EKGYO.E;2025-12-31;0.38;0.42;-9.52;0;0;0;0;0;0;0;0;0;1000;0;;;;;
2025-11-28;TM_O_EKGYOE311225P20.01;EKGYO_311225_AVRUPA_ESNEK OPS;D_EQ;SSO;D_EQ_EPP;DE_EKGYO_EPP;EKGYO.E;2025-12-31;0.41;0.45;-8.89;0;0;0;0;0;0;0;0;0;1250;0;;;;;
2025-11-28;TM_O_ENKAIE051225P75.00;ENKAI_051225_AVRUPA_ESNEK OPS;D_EQ;SSO;D_EQ_EPP;DE_ENKAI_EPP;ENKAI.E;2025-12-05;0.25;0.32;-21.88;0;0;0;0;0;0;0;0;0;130;0;;;;;
2025-11-28;TM_O_EREGLE011225P27.00;EREGL_011225_AVRUPA_ESNEK OPS;D_EQ;SSO;D_EQ_EPP;DE_EREGL_EPP;EREGL.E;2025-12-01;3.06;3.01;1.66;0;0;0;0;0;0;0;0;0;2660;0;;;;;
2025-11-28;TM_O_EREGLE281125C30.50;EREGL_281125_AVRUPA_ESNEK OPS;D_EQ;SSO;D_EQ_ECP;DE_EREGL_ECP;EREGL.E;2025-11-28;0;0.01;0;0;0;0;0;0;0;0;0;0;2500;0;;;;;
2025-11-28;TM_O_EREGLE281125P24.90;EREGL_281125_AVRUPA_ESNEK OPS;D_EQ;SSO;D_EQ_EPP;DE_EREGL_EPP;EREGL.E;2025-11-28;1.04;1;4;0;0;0;0;0;0;0;0;0;2800;0;;;;;
2025-11-28;TM_O_EREGLE281125P26.50;EREGL_281125_AVRUPA_ESNEK OPS;D_EQ;SSO;D_EQ_EPP;DE_EREGL_EPP;EREGL.E;2025-11-28;2.64;2.59;1.93;2.57;2.57;2.62;2.62;2.62;6625000;654986;2500;9;0;-2500;;;;;
2025-11-28;TM_O_EREGLE281125P27.10;EREGL_281125_AVRUPA_ESNEK OPS;D_EQ;SSO;D_EQ_EPP;DE_EREGL_EPP;EREGL.E;2025-11-28;3.24;3.19;1.57;0;0;0;0;0;0;0;0;0;370;0;;;;;
2025-11-28;TM_O_EREGLE281125P27.99;EREGL_281125_AVRUPA_ESNEK OPS;D_EQ;SSO;D_EQ_EPP;DE_EREGL_EPP;EREGL.E;2025-11-28;4.13;4.08;1.23;0;0;0;0;0;0;0;0;0;1379;0;;;;;
2025-11-28;TM_O_EREGLE311225P23.90;EREGL_311225_AVRUPA_ESNEK OPS;D_EQ;SSO;D_EQ_EPP;DE_EREGL_EPP;EREGL.E;2025-12-31;0.66;0.66;0;0;0;0;0;0;0;0;0;0;1000;0;;;;;
2025-11-28;TM_O_EREGLE311225P25.10;EREGL_311225_AVRUPA_ESNEK OPS;D_EQ;SSO;D_EQ_EPP;DE_EREGL_EPP;EREGL.E;2025-12-31;1.23;1.22;0.82;0;0;0;0;0;0;0;0;0;1000;0;;;;;
2025-11-28;TM_O_EREGLE311225P26.50;EREGL_311225_AVRUPA_ESNEK OPS;D_EQ;SSO;D_EQ_EPP;DE_EREGL_EPP;EREGL.E;2025-12-31;2.15;;0;2.12;2.12;2.12;2.12;2.12;6625000;530000;2500;1;2500;2500;;;;;
2025-11-28;TM_O_EREGLE311225P27.01;EREGL_311225_AVRUPA_ESNEK OPS;D_EQ;SSO;D_EQ_EPP;DE_EREGL_EPP;EREGL.E;2025-12-31;2.54;2.51;1.2;0;0;0;0;0;0;0;0;0;490;0;;;;;
2025-11-28;TM_O_GARANE121225P124.00;GARAN_121225_AVRUPA_ESNEK OPS;D_EQ;SSO;D_EQ_EPP;DE_GARAN_EPP;GARAN.E;2025-12-12;0.28;0.32;-12.5;0;0;0;0;0;0;0;0;0;120;0;;;;;
2025-11-28;TM_O_GARANE300126P152.00;GARAN_300126_AVRUPA_ESNEK OPS;D_EQ;SSO;D_EQ_EPP;DE_GARAN_EPP;GARAN.E;2026-01-30;9.87;9.95;-0.8;0;0;0;0;0;0;0;0;0;2500;0;;;;;
2025-11-28;TM_O_GARANE311225P124.50;GARAN_311225_AVRUPA_ESNEK OPS;D_EQ;SSO;D_EQ_EPP;DE_GARAN_EPP;GARAN.E;2025-12-31;1.08;1.13;-4.42;0;0;0;0;0;0;0;0;0;150;0;;;;;
2025-11-28;TM_O_HALKBE281125P30.01;HALKB_281125_AVRUPA_ESNEK OPS;D_EQ;SSO;D_EQ_EPP;DE_HALKB_EPP;HALKB.E;2025-11-28;0;0.01;0;0;0;0;0;0;0;0;0;0;1000;0;;;;;
2025-11-28;TM_O_HALKBE281125P30.02;HALKB_281125_AVRUPA_ESNEK OPS;D_EQ;SSO;D_EQ_EPP;DE_HALKB_EPP;HALKB.E;2025-11-28;0;0.01;0;0;0;0;0;0;0;0;0;0;1000;0;;;;;
2025-11-28;TM_O_HALKBE281125P30.03;HALKB_281125_AVRUPA_ESNEK OPS;D_EQ;SSO;D_EQ_EPP;DE_HALKB_EPP;HALKB.E;2025-11-28;0;0.01;0;0;0;0;0;0;0;0;0;0;1000;0;;;;;
2025-11-28;TM_O_HALKBE281125P30.04;HALKB_281125_AVRUPA_ESNEK OPS;D_EQ;SSO;D_EQ_EPP;DE_HALKB_EPP;HALKB.E;2025-11-28;0;0.01;0;0;0;0;0;0;0;0;0;0;475;0;;;;;
2025-11-28;TM_O_HALKBE281125P30.05;HALKB_281125_AVRUPA_ESNEK OPS;D_EQ;SSO;D_EQ_EPP;DE_HALKB_EPP;HALKB.E;2025-11-28;0;0.01;0;0;0;0;0;0;0;0;0;0;1000;0;;;;;
2025-11-28;TM_O_ISCTRE281125C13.70;ISCTR_281125_AVRUPA_ESNEK OPS;D_EQ;SSO;D_EQ_ECP;DE_ISCTR_ECP;ISCTR.E;2025-11-28;0;0.02;0;0;0;0;0;0;0;0;0;0;2000;0;;;;;
2025-11-28;TM_O_ISCTRE281125P12.40;ISCTR_281125_AVRUPA_ESNEK OPS;D_EQ;SSO;D_EQ_EPP;DE_ISCTR_EPP;ISCTR.E;2025-11-28;0;0.01;0;0;0;0;0;0;0;0;0;0;12096;0;;;;;
2025-11-28;TM_O_ISCTRE281125P13.06;ISCTR_281125_AVRUPA_ESNEK OPS;D_EQ;SSO;D_EQ_EPP;DE_ISCTR_EPP;ISCTR.E;2025-11-28;0;0.02;0;0;0;0;0;0;0;0;0;0;3828;0;;;;;
2025-11-28;TM_O_ISCTRE281125P13.10;ISCTR_281125_AVRUPA_ESNEK OPS;D_EQ;SSO;D_EQ_EPP;DE_ISCTR_EPP;ISCTR.E;2025-11-28;0;0.03;0;0;0;0;0;0;0;0;0;0;6946;0;;;;;
2025-11-28;TM_O_ISCTRE311225P12.60;ISCTR_311225_AVRUPA_ESNEK OPS;D_EQ;SSO;D_EQ_EPP;DE_ISCTR_EPP;ISCTR.E;2025-12-31;0.19;0.23;-17.39;0;0;0;0;0;0;0;0;0;3000;0;;;;;
2025-11-28;TM_O_ISCTRE311225P14.55;ISCTR_311225_AVRUPA_ESNEK OPS;D_EQ;SSO;D_EQ_EPP;DE_ISCTR_EPP;ISCTR.E;2025-12-31;0.95;1.1;-13.64;0;0;0;0;0;0;0;0;0;700;0;;;;;
2025-11-28;TM_O_KCHOLE051225P175.00;KCHOL_051225_AVRUPA_ESNEK OPS;D_EQ;SSO;D_EQ_EPP;DE_KCHOL_EPP;KCHOL.E;2025-12-05;6.82;6.09;11.99;0;0;0;0;0;0;0;0;0;90;0;;;;;
2025-11-28;TM_O_KCHOLE191225P170.00;KCHOL_191225_AVRUPA_ESNEK OPS;D_EQ;SSO;D_EQ_EPP;DE_KCHOL_EPP;KCHOL.E;2025-12-19;4.99;4.58;8.95;0;0;0;0;0;0;0;0;0;1750;0;;;;;
2025-11-28;TM_O_KCHOLE221225P166.00;KCHOL_221225_AVRUPA_ESNEK OPS;D_EQ;SSO;D_EQ_EPP;DE_KCHOL_EPP;KCHOL.E;2025-12-22;3.6;3.31;8.76;0;0;0;0;0;0;0;0;0;0;0;;;;;
2025-11-28;TM_O_KCHOLE221225P168.00;KCHOL_221225_AVRUPA_ESNEK OPS;D_EQ;SSO;D_EQ_EPP;DE_KCHOL_EPP;KCHOL.E;2025-12-22;4.34;3.99;8.77;0;0;0;0;0;0;0;0;0;1750;0;;;;;
2025-11-28;TM_O_KCHOLE281125P171.00;KCHOL_281125_AVRUPA_ESNEK OPS;D_EQ;SSO;D_EQ_EPP;DE_KCHOL_EPP;KCHOL.E;2025-11-28;2.6;2.03;28.08;0;0;0;0;0;0;0;0;0;225;0;;;;;
2025-11-28;TM_O_KCHOLE281125P180.50;KCHOL_281125_AVRUPA_ESNEK OPS;D_EQ;SSO;D_EQ_EPP;DE_KCHOL_EPP;KCHOL.E;2025-11-28;12.1;10.71;12.98;0;0;0;0;0;0;0;0;0;260;0;;;;;
2025-11-28;TM_O_KCHOLE300126C225.00;KCHOL_300126_AVRUPA_ESNEK OPS;D_EQ;SSO;D_EQ_ECP;DE_KCHOL_ECP;KCHOL.E;2026-01-30;2.09;2.31;-9.52;0;0;0;0;0;0;0;0;0;13000;0;;;;;
2025-11-28;TM_O_KCHOLE311225P160.05;KCHOL_311225_AVRUPA_ESNEK OPS;D_EQ;SSO;D_EQ_EPP;DE_KCHOL_EPP;KCHOL.E;2025-12-31;2.51;2.35;6.81;0;0;0;0;0;0;0;0;0;100;0;;;;;
2025-11-28;TM_O_KCHOLE311225P165.05;KCHOL_311225_AVRUPA_ESNEK OPS;D_EQ;SSO;D_EQ_EPP;DE_KCHOL_EPP;KCHOL.E;2025-12-31;3.77;3.53;6.8;0;0;0;0;0;0;0;0;0;100;0;;;;;
2025-11-28;TM_O_KCHOLE311225P169.00;KCHOL_311225_AVRUPA_ESNEK OPS;D_EQ;SSO;D_EQ_EPP;DE_KCHOL_EPP;KCHOL.E;2025-12-31;5.16;4.79;7.72;0;0;0;0;0;0;0;0;0;100;0;;;;;
2025-11-28;TM_O_KRDMDE011225C29.20;KRDMD_011225_AVRUPA_ESNEK OPS;D_EQ;SSO;D_EQ_ECP;DE_KRDMD_ECP;KRDMD.E;2025-12-01;0.01;0.01;0;0;0;0;0;0;0;0;0;0;2000;0;;;;;
2025-11-28;TM_O_KRDMDE281125C30.75;KRDMD_281125_AVRUPA_ESNEK OPS;D_EQ;SSO;D_EQ_ECP;DE_KRDMD_ECP;KRDMD.E;2025-11-28;0;0.01;0;0;0;0;0;0;0;0;0;0;367;0;;;;;
2025-11-28;TM_O_KRDMDE281125P23.10;KRDMD_281125_AVRUPA_ESNEK OPS;D_EQ;SSO;D_EQ_EPP;DE_KRDMD_EPP;KRDMD.E;2025-11-28;0;0.01;0;0;0;0;0;0;0;0;0;0;6185;0;;;;;
2025-11-28;TM_O_KRDMDE281125P24.25;KRDMD_281125_AVRUPA_ESNEK OPS;D_EQ;SSO;D_EQ_EPP;DE_KRDMD_EPP;KRDMD.E;2025-11-28;0;0.02;0;0;0;0;0;0;0;0;0;0;6585;0;;;;;
2025-11-28;TM_O_KRDMDE311225P24.30;KRDMD_311225_AVRUPA_ESNEK OPS;D_EQ;SSO;D_EQ_EPP;DE_KRDMD_EPP;KRDMD.E;2025-12-31;0.57;0.62;-8.06;0;0;0;0;0;0;0;0;0;6172;0;;;;;
2025-11-28;TM_O_KRDMDE311225P24.80;KRDMD_311225_AVRUPA_ESNEK OPS;D_EQ;SSO;D_EQ_EPP;DE_KRDMD_EPP;KRDMD.E;2025-12-31;0.73;0.79;-7.59;0;0;0;0;0;0;0;0;0;2380;0;;;;;
2025-11-28;TM_O_KRDMDE311225P25.82;KRDMD_311225_AVRUPA_ESNEK OPS;D_EQ;SSO;D_EQ_EPP;DE_KRDMD_EPP;KRDMD.E;2025-12-31;1.17;1.25;-6.4;0;0;0;0;0;0;0;0;0;1549;0;;;;;
2025-11-28;TM_O_PETKME281125P17.70;PETKM_281125_AVRUPA_ESNEK OPS;D_EQ;SSO;D_EQ_EPP;DE_PETKM_EPP;PETKM.E;2025-11-28;0.7;0.83;-15.66;0;0;0;0;0;0;0;0;0;2840;0;;;;;
2025-11-28;TM_O_PETKME281125P17.95;PETKM_281125_AVRUPA_ESNEK OPS;D_EQ;SSO;D_EQ_EPP;DE_PETKM_EPP;PETKM.E;2025-11-28;0.95;1.08;-12.04;0;0;0;0;0;0;0;0;0;4288;0;;;;;
2025-11-28;TM_O_PGSUSE011225P210.00;PGSUS_011225_AVRUPA_ESNEK OPS;D_EQ;SSO;D_EQ_EPP;DE_PGSUS_EPP;PGSUS.E;2025-12-01;8.78;7.24;21.27;0;0;0;0;0;0;0;0;0;280;0;;;;;
2025-11-28;TM_O_PGSUSE281125C227.00;PGSUS_281125_AVRUPA_ESNEK OPS;D_EQ;SSO;D_EQ_ECP;DE_PGSUS_ECP;PGSUS.E;2025-11-28;0;0.01;0;0;0;0;0;0;0;0;0;0;0;0;;;;;
2025-11-28;TM_O_PGSUSE281125P210.05;PGSUS_281125_AVRUPA_ESNEK OPS;D_EQ;SSO;D_EQ_EPP;DE_PGSUS_EPP;PGSUS.E;2025-11-28;9.05;6.92;30.78;0;0;0;0;0;0;0;0;0;260;0;;;;;
2025-11-28;TM_O_PGSUSE281125P212.00;PGSUS_281125_AVRUPA_ESNEK OPS;D_EQ;SSO;D_EQ_EPP;DE_PGSUS_EPP;PGSUS.E;2025-11-28;11;8.81;24.86;0;0;0;0;0;0;0;0;0;1000;0;;;;;
2025-11-28;TM_O_PGSUSE281125P222.00;PGSUS_281125_AVRUPA_ESNEK OPS;D_EQ;SSO;D_EQ_EPP;DE_PGSUS_EPP;PGSUS.E;2025-11-28;21;18.77;11.88;0;0;0;0;0;0;0;0;0;0;0;;;;;
2025-11-28;TM_O_PGSUSE281125P236.50;PGSUS_281125_AVRUPA_ESNEK OPS;D_EQ;SSO;D_EQ_EPP;DE_PGSUS_EPP;PGSUS.E;2025-11-28;35.5;33.25;6.77;0;0;0;0;0;0;0;0;0;199;0;;;;;
2025-11-28;TM_O_PGSUSE281125P237.00;PGSUS_281125_AVRUPA_ESNEK OPS;D_EQ;SSO;D_EQ_EPP;DE_PGSUS_EPP;PGSUS.E;2025-11-28;36;33.75;6.67;0;0;0;0;0;0;0;0;0;43;0;;;;;
2025-11-28;TM_O_PGSUSE281125P240.50;PGSUS_281125_AVRUPA_ESNEK OPS;D_EQ;SSO;D_EQ_EPP;DE_PGSUS_EPP;PGSUS.E;2025-11-28;39.5;37.25;6.04;0;0;0;0;0;0;0;0;0;167;0;;;;;
2025-11-28;TM_O_PGSUSE311225P205.50;PGSUS_311225_AVRUPA_ESNEK OPS;D_EQ;SSO;D_EQ_EPP;DE_PGSUS_EPP;PGSUS.E;2025-12-31;8;7.25;10.34;0;0;0;0;0;0;0;0;0;300;0;;;;;
2025-11-28;TM_O_PGSUSE311225P211.00;PGSUS_311225_AVRUPA_ESNEK OPS;D_EQ;SSO;D_EQ_EPP;DE_PGSUS_EPP;PGSUS.E;2025-12-31;10.81;9.8;10.31;0;0;0;0;0;0;0;0;0;100;0;;;;;
2025-11-28;TM_O_PGSUSE311225P222.00;PGSUS_311225_AVRUPA_ESNEK OPS;D_EQ;SSO;D_EQ_EPP;DE_PGSUS_EPP;PGSUS.E;2025-12-31;18.03;16.55;8.94;0;0;0;0;0;0;0;0;0;66;0;;;;;
2025-11-28;TM_O_PGSUSE311225P226.00;PGSUS_311225_AVRUPA_ESNEK OPS;D_EQ;SSO;D_EQ_EPP;DE_PGSUS_EPP;PGSUS.E;2025-12-31;21.12;19.53;8.14;0;0;0;0;0;0;0;0;0;150;0;;;;;
2025-11-28;TM_O_PGSUSE311225P227.00;PGSUS_311225_AVRUPA_ESNEK OPS;D_EQ;SSO;D_EQ_EPP;DE_PGSUS_EPP;PGSUS.E;2025-12-31;21.92;20.3;7.98;0;0;0;0;0;0;0;0;0;45;0;;;;;
2025-11-28;TM_O_P_USDTRYKE300426C48;FIZIKI_USDTRYK_300426_AVRUPA_ESN;D_CR;PCO;D_CR_ECP;DE_USDTRYKP_ECP;USDTRYKP.CX;2026-04-30;42351;42359.1;-0.02;0;0;0;0;0;0;0;0;0;0;0;;;;;
2025-11-28;TM_O_SAHOLE191225P77.90;SAHOL_191225_AVRUPA_ESNEK OPS;D_EQ;SSO;D_EQ_EPP;DE_SAHOL_EPP;SAHOL.E;2025-12-19;1.27;1.32;-3.79;0;0;0;0;0;0;0;0;0;4300;0;;;;;
2025-11-28;TM_O_SAHOLE281125P84.10;SAHOL_281125_AVRUPA_ESNEK OPS;D_EQ;SSO;D_EQ_EPP;DE_SAHOL_EPP;SAHOL.E;2025-11-28;2.2;2.25;-2.22;0;0;0;0;0;0;0;0;0;120;0;;;;;
2025-11-28;TM_O_SAHOLE281125P84.50;SAHOL_281125_AVRUPA_ESNEK OPS;D_EQ;SSO;D_EQ_EPP;DE_SAHOL_EPP;SAHOL.E;2025-11-28;2.6;2.6;0;0;0;0;0;0;0;0;0;0;0;0;;;;;
2025-11-28;TM_O_SAHOLE281125P89.00;SAHOL_281125_AVRUPA_ESNEK OPS;D_EQ;SSO;D_EQ_EPP;DE_SAHOL_EPP;SAHOL.E;2025-11-28;7.1;7.01;1.28;0;0;0;0;0;0;0;0;0;380;0;;;;;
2025-11-28;TM_O_SAHOLE300126C110.00;SAHOL_300126_AVRUPA_ESNEK OPS;D_EQ;SSO;D_EQ_ECP;DE_SAHOL_ECP;SAHOL.E;2026-01-30;1.03;1.07;-3.74;0;0;0;0;0;0;0;0;0;7100;0;;;;;
2025-11-28;TM_O_SAHOLE300126P74.00;SAHOL_01/2026_AVRUPA_OPSIYON;D_EQ;SSO;D_EQ_EPP;DE_SAHOL_EPP;SAHOL.E;2026-01-30;1.22;1.23;-0.81;0;0;0;0;0;0;0;0;0;57000;0;;;;;
2025-11-28;TM_O_SAHOLE310326P75.00;SAHOL_310326_AVRUPA_ESNEK OPS;D_EQ;SSO;D_EQ_EPP;DE_SAHOL_EPP;SAHOL.E;2026-03-31;1.43;1.43;0;0;0;0;0;0;0;0;0;0;0;0;;;;;
2025-11-28;TM_O_SAHOLE311225P83.00;SAHOL_311225_AVRUPA_ESNEK OPS;D_EQ;SSO;D_EQ_EPP;DE_SAHOL_EPP;SAHOL.E;2025-12-31;3.55;3.58;-0.84;0;0;0;0;0;0;0;0;0;130;0;;;;;
2025-11-28;TM_O_SISEE281125P36.35;SISE_281125_AVRUPA_ESNEK OPS;D_EQ;SSO;D_EQ_EPP;DE_SISE_EPP;SISE.E;2025-11-28;0;0.13;0;0;0;0;0;0;0;0;0;0;2768;0;;;;;
2025-11-28;TM_O_TCELLE281125P101.00;TCELL_281125_AVRUPA_ESNEK OPS;D_EQ;SSO;D_EQ_EPP;DE_TCELL_EPP;TCELL.E;2025-11-28;7.45;6.3;18.25;0;0;0;0;0;0;0;0;0;330;0;;;;;
2025-11-28;TM_O_THYAOE011225C330.00;THYAO_011225_AVRUPA_ESNEK OPS;D_EQ;SSO;D_EQ_ECP;DE_THYAO_ECP;THYAO.E;2025-12-01;0.01;0.01;0;0;0;0;0;0;0;0;0;0;300;0;;;;;
2025-11-28;TM_O_THYAOE281125C299.95;THYAO_281125_AVRUPA_ESNEK OPS;D_EQ;SSO;D_EQ_ECP;DE_THYAO_ECP;THYAO.E;2025-11-28;0;0.01;0;0;0;0;0;0;0;0;0;0;100;0;;;;;
2025-11-28;TM_O_THYAOE281125C305.00;THYAO_281125_AVRUPA_ESNEK OPS;D_EQ;SSO;D_EQ_ECP;DE_THYAO_ECP;THYAO.E;2025-11-28;0;0.01;0;0;0;0;0;0;0;0;0;0;500;0;;;;;
2025-11-28;TM_O_THYAOE281125P272.50;THYAO_281125_AVRUPA_ESNEK OPS;D_EQ;SSO;D_EQ_EPP;DE_THYAO_EPP;THYAO.E;2025-11-28;0;1.64;0;0;0;0;0;0;0;0;0;0;555;0;;;;;
2025-11-28;TM_O_THYAOE281125P290.05;THYAO_281125_AVRUPA_ESNEK OPS;D_EQ;SSO;D_EQ_EPP;DE_THYAO_EPP;THYAO.E;2025-11-28;17.3;17.25;0.29;0;0;0;0;0;0;0;0;0;172;0;;;;;
2025-11-28;TM_O_THYAOE281125P295.00;THYAO_281125_AVRUPA_ESNEK OPS;D_EQ;SSO;D_EQ_EPP;DE_THYAO_EPP;THYAO.E;2025-11-28;22.25;22.19;0.27;0;0;0;0;0;0;0;0;0;83;0;;;;;
2025-11-28;TM_O_THYAOE281125P301.00;THYAO_281125_AVRUPA_ESNEK OPS;D_EQ;SSO;D_EQ_EPP;DE_THYAO_EPP;THYAO.E;2025-11-28;28.25;28.19;0.21;0;0;0;0;0;0;0;0;0;20;0;;;;;
2025-11-28;TM_O_THYAOE311225P270.05;THYAO_311225_AVRUPA_ESNEK OPS;D_EQ;SSO;D_EQ_EPP;DE_THYAO_EPP;THYAO.E;2025-12-31;5.28;;0;2;2;2;2;2;4995925;37000;185;1;185;185;;;;;
2025-11-28;TM_O_THYAOE311225P270.50;THYAO_311225_AVRUPA_ESNEK OPS;D_EQ;SSO;D_EQ_EPP;DE_THYAO_EPP;THYAO.E;2025-12-31;5.43;5.56;-2.34;0;0;0;0;0;0;0;0;0;50;0;;;;;
2025-11-28;TM_O_THYAOE311225P272.25;THYAO_311225_AVRUPA_ESNEK OPS;D_EQ;SSO;D_EQ_EPP;DE_THYAO_EPP;THYAO.E;2025-12-31;6.01;6.15;-2.28;0;0;0;0;0;0;0;0;0;2000;0;;;;;
2025-11-28;TM_O_TOASOE281125P247.00;TOASO_281125_AVRUPA_ESNEK OPS;D_EQ;SSO;D_EQ_EPP;DE_TOASO_EPP;TOASO.E;2025-11-28;17.2;16.04;7.23;0;0;0;0;0;0;0;0;0;220;0;;;;;
2025-11-28;TM_O_TOASOE311225P240.05;TOASO_311225_AVRUPA_ESNEK OPS;D_EQ;SSO;D_EQ_EPP;DE_TOASO_EPP;TOASO.E;2025-12-31;12.39;12.01;3.16;0;0;0;0;0;0;0;0;0;100;0;;;;;
2025-11-28;TM_O_TTKOME281125P56.01;TTKOM_281125_AVRUPA_ESNEK OPS;D_EQ;SSO;D_EQ_EPP;DE_TTKOM_EPP;TTKOM.E;2025-11-28;0.26;0.42;-38.1;0;0;0;0;0;0;0;0;0;215;0;;;;;
2025-11-28;TM_O_USDTRYKE231225C44500;USDTRY_231225_AVRUPA_ESNEK OPS;D_CR;CRO;D_CR_ECO;DE_USDTRYK_ECO;D_USDTRYK;2025-12-23;167.2;180.3;-7.27;0;0;0;0;0;0;0;0;0;200;0;;;;;
2025-11-28;TM_O_USDTRYKE270226C46000;USDTRY_270226_AVRUPA_ESNEK OPS;D_CR;CRO;D_CR_ECO;DE_USDTRYK_ECO;D_USDTRYK;2026-02-27;920;970.7;-5.22;0;0;0;0;0;0;0;0;0;10000;0;;;;;
2025-11-28;TM_O_USDTRYKE281125C44500;USDTRY_11/2025_AVRUPA_OPSIYON;D_CR;CRO;D_CR_ECO;DE_USDTRYK_ECO;D_USDTRYK;2025-11-28;0;0.1;0;0;0;0;0;0;0;0;0;0;21571;0;;;;;
2025-11-28;TM_O_USDTRYKE281125C45100;USDTRY_281125_AVRUPA_ESNEK OPS;D_CR;CRO;D_CR_ECO;DE_USDTRYK_ECO;D_USDTRYK;2025-11-28;0;0.1;0;0;0;0;0;0;0;0;0;0;0;0;;;;;
2025-11-28;TM_O_USDTRYKE300126C46000;USDTRY_01/2026_AVRUPA_OPSIYON;D_CR;CRO;D_CR_ECO;DE_USDTRYK_ECO;D_USDTRYK;2026-01-30;492.1;486.5;1.15;0;0;0;0;0;0;0;0;0;10725;0;;;;;
2025-11-28;TM_O_USDTRYKE300426C48000;USDTRY_300426_AVRUPA_ESNEK OPS;D_CR;CRO;D_CR_ECO;DE_USDTRYK_ECO;D_USDTRYK;2026-04-30;1726;1779.7;-3.02;0;0;0;0;0;0;0;0;0;10000;0;;;;;
2025-11-28;TM_O_USDTRYKE310326C46000;USDTRY_310326_AVRUPA_ESNEK OPS;D_CR;CRO;D_CR_ECO;DE_USDTRYK_ECO;D_USDTRYK;2026-03-31;1698.6;1724.3;-1.49;0;0;0;0;0;0;0;0;0;10000;0;;;;;
2025-11-28;TM_O_USDTRYKE310326C47000;USDTRY_310326_AVRUPA_ESNEK OPS;D_CR;CRO;D_CR_ECO;DE_USDTRYK_ECO;D_USDTRYK;2026-03-31;1407.7;1442.2;-2.39;0;0;0;0;0;0;0;0;0;10000;0;;;;;
2025-11-28;TM_O_USDTRYKE311225C45000;USDTRY_12/2025_AVRUPA_OPSIYON;D_CR;CRO;D_CR_ECO;DE_USDTRYK_ECO;D_USDTRYK;2025-12-31;228.8;244.8;-6.54;0;0;0;0;0;0;0;0;0;18143;0;;;;;
2025-11-28;TM_O_VAKBNE311225P32.00;VAKBN_311225_AVRUPA_ESNEK OPS;D_EQ;SSO;D_EQ_EPP;DE_VAKBN_EPP;VAKBN.E;2025-12-31;2.95;3.27;-9.79;2.6;2.47;2.6;2.47;2.54;11120000;882500;3475;4;6503;3475;;;;;
2025-11-28;TM_O_VAKBNE311225P32.01;VAKBN_311225_AVRUPA_ESNEK OPS;D_EQ;SSO;D_EQ_EPP;DE_VAKBN_EPP;VAKBN.E;2025-12-31;2.96;3.28;-9.76;0;0;0;0;0;0;0;0;0;2560;0;;;;;
2025-11-28;TM_O_VAKBNE311225P32.02;VAKBN_311225_AVRUPA_ESNEK OPS;D_EQ;SSO;D_EQ_EPP;DE_VAKBN_EPP;VAKBN.E;2025-12-31;2.97;3.29;-9.73;0;0;0;0;0;0;0;0;0;468;0;;;;;
2025-11-28;TM_O_VAKBNE311225P32.03;VAKBN_311225_AVRUPA_ESNEK OPS;D_EQ;SSO;D_EQ_EPP;DE_VAKBN_EPP;VAKBN.E;2025-12-31;2.97;;0;1.37;1.28;1.41;1.41;1.36;11130425;472500;3475;4;3475;3475;;;;;
2025-11-28;TM_O_XU030E301225P11600.00;XU030_301225_AVRUPA_ESNEK OPS;D_IX;INO;D_IX_EPO;DE_BIST30_EPO;D_XU030D;2025-12-30;152.25;140.74;8.18;0;0;0;0;0;0;0;0;0;230;0;;;;;
2025-11-28;TM_O_YKBNKE191225P33.00;YKBNK_191225_AVRUPA_ESNEK OPS;D_EQ;SSO;D_EQ_EPP;DE_YKBNK_EPP;YKBNK.E;2025-12-19;0.36;0.42;-14.29;0;0;0;0;0;0;0;0;0;20000;0;;;;;
2025-11-28;TM_O_YKBNKE221225P33.00;YKBNK_221225_AVRUPA_ESNEK OPS;D_EQ;SSO;D_EQ_EPP;DE_YKBNK_EPP;YKBNK.E;2025-12-22;0.4;0.47;-14.89;0;0;0;0;0;0;0;0;0;10000;0;;;;;
2025-11-28;TM_O_YKBNKE281125C32.60;YKBNK_281125_AVRUPA_ESNEK OPS;D_EQ;SSO;D_EQ_ECP;DE_YKBNK_ECP;YKBNK.E;2025-11-28;2.7;2.47;9.31;0;0;0;0;0;0;0;0;0;0;0;;;;;
2025-11-28;TM_O_YKBNKE281125C35.50;YKBNK_281125_AVRUPA_ESNEK OPS;D_EQ;SSO;D_EQ_ECP;DE_YKBNK_ECP;YKBNK.E;2025-11-28;0;0.14;0;0;0;0;0;0;0;0;0;0;8790;0;;;;;
2025-11-28;TM_O_YKBNKE281125P32.10;YKBNK_281125_AVRUPA_ESNEK OPS;D_EQ;SSO;D_EQ_EPP;DE_YKBNK_EPP;YKBNK.E;2025-11-28;0;0.01;0;0;0;0;0;0;0;0;0;0;300;0;;;;;
2025-11-28;TM_O_YKBNKE281125P37.50;YKBNK_281125_AVRUPA_ESNEK OPS;D_EQ;SSO;D_EQ_EPP;DE_YKBNK_EPP;YKBNK.E;2025-11-28;2.2;2.42;-9.09;0;0;0;0;0;0;0;0;0;1350;0;;;;;
2025-11-28;TM_O_YKBNKE281125P37.51;YKBNK_281125_AVRUPA_ESNEK OPS;D_EQ;SSO;D_EQ_EPP;DE_YKBNK_EPP;YKBNK.E;2025-11-28;2.21;2.43;-9.05;0;0;0;0;0;0;0;0;0;270;0;;;;;
2025-11-28;TM_O_YKBNKE281125P38.51;YKBNK_281125_AVRUPA_ESNEK OPS;D_EQ;SSO;D_EQ_EPP;DE_YKBNK_EPP;YKBNK.E;2025-11-28;3.21;3.43;-6.41;0;0;0;0;0;0;0;0;0;0;0;;;;;
2025-11-28;TM_O_YKBNKE311225P34.20;YKBNK_311225_AVRUPA_ESNEK OPS;D_EQ;SSO;D_EQ_EPP;DE_YKBNK_EPP;YKBNK.E;2025-12-31;0.82;0.91;-9.89;0;0;0;0;0;0;0;0;0;2500;0;;;;;
2025-11-28;TM_O_YKBNKE311225P34.50;YKBNK_311225_AVRUPA_ESNEK OPS;D_EQ;SSO;D_EQ_EPP;DE_YKBNK_EPP;YKBNK.E;2025-12-31;0.92;1.01;-8.91;0;0;0;0;0;0;0;0;0;600;0;;;;;
2025-11-28;TM_O_YKBNKE311225P34.72;YKBNK_311225_AVRUPA_ESNEK OPS;D_EQ;SSO;D_EQ_EPP;DE_YKBNK_EPP;YKBNK.E;2025-12-31;0.99;;0;0.71;0.6;0.71;0.6;0.66;69440000;1310000;20000;12;10000;10000;;;;;
2025-11-28;TM_O_YKBNKE311225P35.51;YKBNK_311225_AVRUPA_ESNEK OPS;D_EQ;SSO;D_EQ_EPP;DE_YKBNK_EPP;YKBNK.E;2025-12-31;1.29;1.41;-8.51;0;0;0;0;0;0;0;0;0;555;0;;;;;
