TARIH;SOZLESME KODU;SOZLESME ADI;PAZAR;PAZAR SEGMENTI;SOZLESME TIPI;SOZLESME SINIFI;DAYANAK VARLIK;VADE TARIHI;UZLASMA FIYATI;ONCEKI UZLASMA FIYATI;UZLASMA FIYATI DEGISIMI (%);ACILIS FIYATI;EN DUSUK FIYAT;EN YUKSEK FIYAT;KAPANIS FIYATI; AGIRLIKLI ORTALAMA FIYAT;ISLEM HACMI;PRIM HACMI;ISLEM MIKTARI;ISLEM SAYISI;ACIK POZISYON;ACIK POZISYON DEGISIMI;ACILIS SEANSI FIYATI;ACILIS SEANSI ISLEM HACMI;ACILIS SEANSI PRIM HACMI;ACILIS SEANSI ISLEM MIKTARI;ACILIS SEANSI ISLEM SAYISI
TRADE DATE;INSTRUMENT SERIES;INSTRUMENT NAME;MARKET;MARKET SEGMENT;INSTRUMENT TYPE;INSTRUMENT CLASS;UNDERLYING;EXPIRATION DATE;SETTLEMENT PRICE;PREVIOUS SETTLEMENT PRICE;CHANGE OF SETTLEMENT PRICE (%);OPENING PRICE;LOWEST PRICE;HIGHEST PRICE;CLOSING PRICE;VWAP;TRADED VALUE;PREMIUM VALUE;TRADE VOLUME;TRADE COUNT;OPEN POSITION;OPEN POSITION CHANGE;OPENING SESSION PRICE;TRADED VALUE AT OPENING SESSION;PREMIUM VALUE AT OPENING SESSION;TRADED VOLUME AT OPENING SESSION;TRADE COUNT AT OPENING SESSION
2026-05-08;F_AEFES0526;AEFES_05/2026_VIS;D_EQ;SSF;D_EQ_FPD;DE_AEFES_FPD;AEFES.E;2026-05-25;20.69;20.85;-0.77;20.89;20.42;21.01;20.62;20.77;275477485;0;132646;10239;284365;-1917;20.89;104450;0;50;6
2026-05-08;F_AEFES0626;AEFES_06/2026_VIS;D_EQ;SSF;D_EQ_FPD;DE_AEFES_FPD;AEFES.E;2026-06-30;21.21;21.37;-0.75;21.23;21;21.56;21.23;21.31;16340317;0;7668;775;25346;423;;;;;
2026-05-08;F_AEFES0726;AEFES_07/2026_VIS;D_EQ;SSF;D_EQ_FPD;DE_AEFES_FPD;AEFES.E;2026-07-31;21.98;22.05;-0.32;22.01;21.65;22.2;22.2;21.98;16790687;0;7506;5;347;-7496;;;;;
2026-05-08;F_AKBNK0526;AKBNK_05/2026_VIS;D_EQ;SSF;D_EQ_FPD;DE_AKBNK_FPD;AKBNK.E;2026-05-25;76.87;76.84;0.04;76.56;75.48;77.74;76.94;76.64;3545808183;0;462664;38172;720575;-40253;76.56;2786784;0;364;16
2026-05-08;F_AKBNK0626;AKBNK_06/2026_VIS;D_EQ;SSF;D_EQ_FPD;DE_AKBNK_FPD;AKBNK.E;2026-06-30;79.04;79.01;0.04;78;77.68;79.96;79.18;78.92;185077476;0;23378;2135;34040;5272;78;132600;0;17;4
2026-05-08;F_AKBNK0726;AKBNK_07/2026_VIS;D_EQ;SSF;D_EQ_FPD;DE_AKBNK_FPD;AKBNK.E;2026-07-31;81.58;81.39;0.23;81.78;80.14;82.27;81.31;80.82;1495242;0;185;74;499;34;;;;;
2026-05-08;F_AKSEN0526;AKSEN_05/2026_VIS;D_EQ;SSF;D_EQ_FPD;DE_AKSEN_FPD;AKSEN.E;2026-05-25;88.54;90.28;-1.93;90.17;88.3;91.45;88.47;89.36;190787232;0;21350;5275;93458;822;;;;;
2026-05-08;F_AKSEN0626;AKSEN_06/2026_VIS;D_EQ;SSF;D_EQ_FPD;DE_AKSEN_FPD;AKSEN.E;2026-06-30;90.95;93.14;-2.35;94.25;90.82;94.25;91.06;91.96;5802636;0;631;186;2769;102;;;;;
2026-05-08;F_AKSEN0726;AKSEN_07/2026_VIS;D_EQ;SSF;D_EQ_FPD;DE_AKSEN_FPD;AKSEN.E;2026-07-31;93.96;95.77;-1.89;94;93;95.57;94.02;94.36;575567;0;61;31;79;37;;;;;
2026-05-08;F_ALARK0526;ALARK_05/2026_VIS;D_EQ;SSF;D_EQ_FPD;DE_ALARK_FPD;ALARK.E;2026-05-25;100.85;102.15;-1.27;101.6;100.1;102.2;100.5;101.03;150547070;0;14901;3961;73789;-801;101.6;20320;0;2;2
2026-05-08;F_ALARK0626;ALARK_06/2026_VIS;D_EQ;SSF;D_EQ_FPD;DE_ALARK_FPD;ALARK.E;2026-06-30;103.5;105.2;-1.62;104.55;103;105.1;103.3;104.06;6701650;0;644;195;1267;297;;;;;
2026-05-08;F_ALARK0726;ALARK_07/2026_VIS;D_EQ;SSF;D_EQ_FPD;DE_ALARK_FPD;ALARK.E;2026-07-31;107.5;108.15;-0.6;106.9;106.9;108.4;107.55;107.51;75260;0;7;7;29;1;;;;;
2026-05-08;F_ARCLK0526;ARCLK_05/2026_VIS;D_EQ;SSF;D_EQ_FPD;DE_ARCLK_FPD;ARCLK.E;2026-05-25;116.05;117.65;-1.36;116.95;115.45;117.9;115.45;116.5;146353885;0;12563;3214;38742;-1525;;;;;
2026-05-08;F_ARCLK0626;ARCLK_06/2026_VIS;D_EQ;SSF;D_EQ_FPD;DE_ARCLK_FPD;ARCLK.E;2026-06-30;120;120.85;-0.7;119.2;118.9;120.7;119.15;119.64;3014910;0;252;81;1535;63;;;;;
2026-05-08;F_ARCLK0726;ARCLK_07/2026_VIS;D_EQ;SSF;D_EQ_FPD;DE_ARCLK_FPD;ARCLK.E;2026-07-31;124.65;124.65;0;0;0;0;0;0;0;0;0;0;54;0;;;;;
2026-05-08;F_ASELS0526;ASELS_05/2026_VIS;D_EQ;SSF;D_EQ_FPD;DE_ASELS_FPD;ASELS.E;2026-05-25;436.2;434;0.51;438;432.6;441.8;435.75;437.12;2600593625;0;59494;18301;104912;3871;438;1007400;0;23;9
2026-05-08;F_ASELS0626;ASELS_06/2026_VIS;D_EQ;SSF;D_EQ_FPD;DE_ASELS_FPD;ASELS.E;2026-06-30;447.5;445.15;0.53;448.25;445.85;453;447.65;449.1;235613490;0;5242;1621;11922;282;;;;;
2026-05-08;F_ASELS0726;ASELS_07/2026_VIS;D_EQ;SSF;D_EQ_FPD;DE_ASELS_FPD;ASELS.E;2026-07-31;461.5;458;0.76;458;458;465;460.35;461.95;4249940;0;92;81;211;31;;;;;
2026-05-08;F_ASTOR0526;ASTOR_05/2026_VIS;D_EQ;SSF;D_EQ_FPD;DE_ASTOR_FPD;ASTOR.E;2026-05-25;330.95;324.6;1.96;325.1;317.25;337.4;331.95;325.64;3153507605;0;96840;33133;41106;-1746;325.1;650200;0;20;7
2026-05-08;F_ASTOR0626;ASTOR_06/2026_VIS;D_EQ;SSF;D_EQ_FPD;DE_ASTOR_FPD;ASTOR.E;2026-06-30;338.75;332.35;1.93;331.75;324.9;345;339.45;332.67;145909755;0;4386;1662;6232;386;;;;;
2026-05-08;F_ASTOR0726;ASTOR_07/2026_VIS;D_EQ;SSF;D_EQ_FPD;DE_ASTOR_FPD;ASTOR.E;2026-07-31;348;339.45;2.52;337.05;333.5;349.95;345;341.37;2594375;0;76;70;226;17;;;;;
2026-05-08;F_BIMAS0526;BIMAS_05/2026_VIS;D_EQ;SSF;D_EQ_FPD;DE_BIMAS_FPD;BIMAS.E;2026-05-25;807.6;799.6;1;799.9;793.6;819;808;808.41;1257479570;0;15555;7742;27644;655;799.9;79990;0;1;1
2026-05-08;F_BIMAS0626;BIMAS_06/2026_VIS;D_EQ;SSF;D_EQ_FPD;DE_BIMAS_FPD;BIMAS.E;2026-06-30;826;818.3;0.94;818.9;813;838.9;827.2;827.04;93289680;0;1128;710;2212;99;;;;;
2026-05-08;F_BIMAS0726;BIMAS_07/2026_VIS;D_EQ;SSF;D_EQ_FPD;DE_BIMAS_FPD;BIMAS.E;2026-07-31;854.4;845.3;1.08;840.1;798.7;857.4;852.1;849.8;3484180;0;41;30;48;21;;;;;
2026-05-08;F_BRSAN0526;BRSAN_05/2026_VIS;D_EQ;SSF;D_EQ_FPD;DE_BRSAN_FPD;BRSAN.E;2026-05-25;615.8;635.7;-3.13;627.4;606.3;636.7;616.6;619.98;491953330;0;7935;5380;5268;-181;627.4;439180;0;7;6
2026-05-08;F_BRSAN0626;BRSAN_06/2026_VIS;D_EQ;SSF;D_EQ_FPD;DE_BRSAN_FPD;BRSAN.E;2026-06-30;629.5;654.3;-3.79;647;625.7;651.9;634;635.85;17930870;0;282;191;344;60;;;;;
2026-05-08;F_BRSAN0726;BRSAN_07/2026_VIS;D_EQ;SSF;D_EQ_FPD;DE_BRSAN_FPD;BRSAN.E;2026-07-31;650.4;677.8;-4.04;650.6;642.9;666;650.8;652.49;1761710;0;27;24;28;-3;;;;;
2026-05-08;F_CIMSA0526;CIMSA_05/2026_VIS;D_EQ;SSF;D_EQ_FPD;DE_CIMSA_FPD;CIMSA.E;2026-05-25;59.54;60.18;-1.06;60.09;58.75;60.59;59.57;59.54;149177288;0;25053;5967;40843;-2846;60.09;24036;0;4;4
2026-05-08;F_CIMSA0626;CIMSA_06/2026_VIS;D_EQ;SSF;D_EQ_FPD;DE_CIMSA_FPD;CIMSA.E;2026-06-30;61.12;62.04;-1.48;61.7;60.47;61.94;61.1;61.11;2102126;0;344;98;1234;88;;;;;
2026-05-08;F_CIMSA0726;CIMSA_07/2026_VIS;D_EQ;SSF;D_EQ_FPD;DE_CIMSA_FPD;CIMSA.E;2026-07-31;62.55;64.04;-2.33;62.55;62.55;62.55;62.55;62.55;12510;0;2;1;31;-2;;;;;
2026-05-08;F_CNHTRY0526;CNHTRY_05/2026_VIS;D_CR;CRF;D_CR_FUT;DE_CNHTRY_FUT;D_CNHTRY;2026-05-25;6.8397;6.8397;0;0;0;0;0;0;0;0;0;0;244;0;;;;;
2026-05-08;F_CNHTRY0626;CNHTRY_06/2026_VIS;D_CR;CRF;D_CR_FUT;DE_CNHTRY_FUT;D_CNHTRY;2026-06-30;6.9865;6.9865;0;0;0;0;0;0;0;0;0;0;30;0;;;;;
2026-05-08;F_CNHTRY0826;CNHTRY_08/2026_VIS;D_CR;CRF;D_CR_FUT;DE_CNHTRY_FUT;D_CNHTRY;2026-08-31;7.4073;7.4073;0;0;0;0;0;0;0;0;0;0;0;0;;;;;
2026-05-08;F_CNHTRY1226;CNHTRY_12/2026_VIS;D_CR;CRF;D_CR_FUT;DE_CNHTRY_FUT;D_CNHTRY;2026-12-31;8.3239;8.3239;0;0;0;0;0;0;0;0;0;0;8;0;;;;;
2026-05-08;F_DOAS0526;DOAS_05/2026_VIS;D_EQ;SSF;D_EQ_FPD;DE_DOAS_FPD;DOAS.E;2026-05-25;189.55;192.35;-1.46;191.4;188.75;192;189.8;189.75;50149790;0;2643;1471;6251;305;;;;;
2026-05-08;F_DOAS0626;DOAS_06/2026_VIS;D_EQ;SSF;D_EQ_FPD;DE_DOAS_FPD;DOAS.E;2026-06-30;195.15;198.1;-1.49;197.05;193.95;197.05;195.5;194.93;2007745;0;103;56;303;12;;;;;
2026-05-08;F_DOAS0726;DOAS_07/2026_VIS;D_EQ;SSF;D_EQ_FPD;DE_DOAS_FPD;DOAS.E;2026-07-31;202.1;203.25;-0.57;203.05;201.7;203.05;202.1;202.14;586215;0;29;22;41;29;;;;;
2026-05-08;F_DOHOL0526;DOHOL_05/2026_VIS;D_EQ;SSF;D_EQ_FPD;DE_DOHOL_FPD;DOHOL.E;2026-05-25;25.06;25.01;0.2;24.98;24.71;25.38;25.03;25.15;248172448;0;98682;8008;203165;-4699;24.98;4996;0;2;2
2026-05-08;F_DOHOL0626;DOHOL_06/2026_VIS;D_EQ;SSF;D_EQ_FPD;DE_DOHOL_FPD;DOHOL.E;2026-06-30;25.72;25.66;0.23;25.51;25.38;25.98;25.72;25.76;10096396;0;3919;446;4109;215;;;;;
2026-05-08;F_DOHOL0726;DOHOL_07/2026_VIS;D_EQ;SSF;D_EQ_FPD;DE_DOHOL_FPD;DOHOL.E;2026-07-31;26.49;26.41;0.3;26.11;26.11;26.64;26.4;26.45;737915;0;279;57;151;129;;;;;
2026-05-08;F_EKGYO0526;EKGYO_05/2026_VIS;D_EQ;SSF;D_EQ_FPD;DE_EKGYO_FPD;EKGYO.E;2026-05-25;22.46;22.18;1.26;22.06;21.77;22.63;22.45;22.21;976963423;0;439928;14237;533808;-23100;22.06;92652;0;42;9
2026-05-08;F_EKGYO0626;EKGYO_06/2026_VIS;D_EQ;SSF;D_EQ_FPD;DE_EKGYO_FPD;EKGYO.E;2026-06-30;22.49;22.19;1.35;22.1;21.81;22.63;22.47;22.16;48760255;0;22001;1142;49042;5315;;;;;
2026-05-08;F_EKGYO0726;EKGYO_07/2026_VIS;D_EQ;SSF;D_EQ_FPD;DE_EKGYO_FPD;EKGYO.E;2026-07-31;23.21;22.93;1.22;22.8;22.49;23.28;23.21;22.65;2434504;0;1075;120;540;9;;;;;
2026-05-08;F_ELCBAS0526;BY ELEKTRIK_05/2026_VIS;D_EL;ENF;D_EL_FUT;DE_ELCBAS05B_FUT;D_ELCBAS05;2026-06-01;2655;2950;-10;0;0;0;0;0;0;0;0;0;20;0;;;;;
2026-05-08;F_ELCBAS0626;BY ELEKTRIK_06/2026_VIS;D_EL;ENF;D_EL_FUT;DE_ELCBAS06B_FUT;D_ELCBAS06;2026-06-30;2960;2960;0;0;0;0;0;0;0;0;0;0;20;0;;;;;
2026-05-08;F_ELCBAS0726;BY ELEKTRIK_07/2026_VIS;D_EL;ENF;D_EL_FUT;DE_ELCBAS07B_FUT;D_ELCBAS07;2026-07-31;2951.9;2951.9;0;0;0;0;0;0;0;0;0;0;0;0;;;;;
2026-05-08;F_ELCBAS0826;BY ELEKTRIK_08/2026_VIS;D_EL;ENF;D_EL_FUT;DE_ELCBAS08B_FUT;D_ELCBAS08;2026-08-31;2862.8;2862.8;0;0;0;0;0;0;0;0;0;0;0;0;;;;;
2026-05-08;F_ELCBAS0926;BY ELEKTRIK_09/2026_VIS;D_EL;ENF;D_EL_FUT;DE_ELCBAS09B_FUT;D_ELCBAS09;2026-09-30;2041.1;2041.1;0;0;0;0;0;0;0;0;0;0;0;0;;;;;
2026-05-08;F_ELCBAS1026;BY ELEKTRIK_10/2026_VIS;D_EL;ENF;D_EL_FUT;DE_ELCBAS10B_FUT;D_ELCBAS10;2026-11-02;1599.4;1599.4;0;0;0;0;0;0;0;0;0;0;0;0;;;;;
2026-05-08;F_ELCBAS1126;BY ELEKTRIK_11/2026_VIS;D_EL;ENF;D_EL_FUT;DE_ELCBAS11B_FUT;D_ELCBAS11;2026-11-30;921.1;921.1;0;0;0;0;0;0;0;0;0;0;0;0;;;;;
2026-05-08;F_ELCBASQ127;BY ELEKTRIK_Q1/2026_CASC VIS;D_EL;ENF;D_EL_FUT;DE_ELCBASQ1B_FUT;D_ELCBASQ1;2026-12-30;2443.2;2443.2;0;0;0;0;0;0;0;0;0;0;0;0;;;;;
2026-05-08;F_ELCBASQ128;BY ELEKTRIK_Q1/2027_CASC VIS;D_EL;ENF;D_EL_FUT;DE_ELCBASQ1B_FUT;D_ELCBASQ1;2027-12-30;2951.9;2951.9;0;0;0;0;0;0;0;0;0;0;0;0;;;;;
2026-05-08;F_ELCBASQ227;BY ELEKTRIK_Q2/2027_CASC VIS;D_EL;ENF;D_EL_FUT;DE_ELCBASQ2B_FUT;D_ELCBASQ2;2027-03-30;2443.2;2443.2;0;0;0;0;0;0;0;0;0;0;0;0;;;;;
2026-05-08;F_ELCBASQ228;BY ELEKTRIK_Q2/2028_CASC VIS;D_EL;ENF;D_EL_FUT;DE_ELCBASQ2B_FUT;D_ELCBASQ2;2028-03-30;2951.9;2951.9;0;0;0;0;0;0;0;0;0;0;0;0;;;;;
2026-05-08;F_ELCBASQ326;BY ELEKTRIK_Q3/2026_CASC VIS;D_EL;ENF;D_EL_FUT;DE_ELCBASQ3B_FUT;D_ELCBASQ3;2026-06-29;3350;3350;0;0;0;0;0;0;0;0;0;0;20;0;;;;;
2026-05-08;F_ELCBASQ327;BY ELEKTRIK_Q3/2027_CASC VIS;D_EL;ENF;D_EL_FUT;DE_ELCBASQ3B_FUT;D_ELCBASQ3;2027-06-29;2443.2;2443.2;0;0;0;0;0;0;0;0;0;0;0;0;;;;;
2026-05-08;F_ELCBASQ328;BY ELEKTRIK_Q3/2028_CASC VIS;D_EL;ENF;D_EL_FUT;DE_ELCBASQ3B_FUT;D_ELCBASQ3;2028-06-29;2951.9;2951.9;0;0;0;0;0;0;0;0;0;0;0;0;;;;;
2026-05-08;F_ELCBASQ426;BY ELEKTRIK_Q4/2026_CASC VIS;D_EL;ENF;D_EL_FUT;DE_ELCBASQ4B_FUT;D_ELCBASQ4;2026-09-29;3320;3320;0;0;0;0;0;0;0;0;0;0;20;0;;;;;
2026-05-08;F_ELCBASQ427;BY ELEKTRIK_Q4/2027_CASC VIS;D_EL;ENF;D_EL_FUT;DE_ELCBASQ4B_FUT;D_ELCBASQ4;2027-09-29;2443.2;2443.2;0;0;0;0;0;0;0;0;0;0;0;0;;;;;
2026-05-08;F_ELCBASQ428;BY ELEKTRIK_Q4/2028_CASC VIS;D_EL;ENF;D_EL_FUT;DE_ELCBASQ4B_FUT;D_ELCBASQ4;2028-09-29;2951.9;2951.9;0;0;0;0;0;0;0;0;0;0;0;0;;;;;
2026-05-08;F_ELCBASY27;BY ELEKTRIK_2026_CASC VIS;D_EL;ENF;D_EL_FUT;DE_ELCBASYB_FUT;D_ELCBASY;2026-12-28;2443.2;2443.2;0;0;0;0;0;0;0;0;0;0;0;0;;;;;
2026-05-08;F_ELCBASY28;BY ELEKTRIK_2027_CASC VIS;D_EL;ENF;D_EL_FUT;DE_ELCBASYB_FUT;D_ELCBASY;2027-12-28;2951.9;2951.9;0;0;0;0;0;0;0;0;0;0;0;0;;;;;
2026-05-08;F_ENJSA0526;ENJSA_05/2026_VIS;D_EQ;SSF;D_EQ_FPD;DE_ENJSA_FPD;ENJSA.E;2026-05-25;122.75;122.85;-0.08;123.95;120.45;123.95;122.5;122.38;118835365;0;9710;2176;27588;-310;;;;;
2026-05-08;F_ENJSA0626;ENJSA_06/2026_VIS;D_EQ;SSF;D_EQ_FPD;DE_ENJSA_FPD;ENJSA.E;2026-06-30;126.35;126.25;0.08;126.5;124.1;126.65;126.25;125.06;2326075;0;186;86;607;9;;;;;
2026-05-08;F_ENJSA0726;ENJSA_07/2026_VIS;D_EQ;SSF;D_EQ_FPD;DE_ENJSA_FPD;ENJSA.E;2026-07-31;129.2;129.35;-0.12;130;128.75;130;129;129.19;51675;0;4;3;343;0;;;;;
2026-05-08;F_ENKAI0526;ENKAI_05/2026_VIS;D_EQ;SSF;D_EQ_FPD;DE_ENKAI_FPD;ENKAI.E;2026-05-25;113.75;114.25;-0.44;113.5;113;116.3;113.5;114.51;339489935;0;29648;6546;36609;-800;113.5;11350;0;1;1
2026-05-08;F_ENKAI0626;ENKAI_06/2026_VIS;D_EQ;SSF;D_EQ_FPD;DE_ENKAI_FPD;ENKAI.E;2026-06-30;116.5;116.8;-0.26;116.6;116.3;118.95;116.5;117.43;34453535;0;2934;1065;4251;27;;;;;
2026-05-08;F_ENKAI0726;ENKAI_07/2026_VIS;D_EQ;SSF;D_EQ_FPD;DE_ENKAI_FPD;ENKAI.E;2026-07-31;120.7;121.2;-0.41;121.5;116.35;122.3;120.85;120.47;3348970;0;278;56;206;85;;;;;
2026-05-08;F_EREGL0526;EREGL_05/2026_VIS;D_EQ;SSF;D_EQ_FPD;DE_EREGL_FPD;EREGL.E;2026-05-25;41.84;39.34;6.35;39.12;38.99;41.94;41.9;40.47;2676413326;0;661339;35301;592898;-3759;39.12;195600;0;50;11
2026-05-08;F_EREGL0626;EREGL_06/2026_VIS;D_EQ;SSF;D_EQ_FPD;DE_EREGL_FPD;EREGL.E;2026-06-30;42.44;39.98;6.15;40.06;39.6;42.5;42.48;41.28;222441086;0;53886;3863;89912;4000;;;;;
2026-05-08;F_EREGL0726;EREGL_07/2026_VIS;D_EQ;SSF;D_EQ_FPD;DE_EREGL_FPD;EREGL.E;2026-07-31;43.55;40.93;6.4;40;40;43.65;43.63;42.26;6613760;0;1565;190;1260;109;;;;;
2026-05-08;F_EURTRY0526;EURTRY_05/2026_VIS;D_CR;CRF;D_CR_FUT;DE_EURTRY_FUT;D_EURTRY;2026-05-25;54.233;54.211;0.04;54.137;54.026;54.25;54.245;54.1749;1841945;0;34;30;5758;1;;;;;
2026-05-08;F_EURTRY0626;EURTRY_06/2026_VIS;D_CR;CRF;D_CR_FUT;DE_EURTRY_FUT;D_EURTRY;2026-06-30;55.973;56.023;-0.09;55.572;55.572;56.09;56.09;55.9442;783219;0;14;11;3094;1;;;;;
2026-05-08;F_EURTRY0826;EURTRY_08/2026_VIS;D_CR;CRF;D_CR_FUT;DE_EURTRY_FUT;D_EURTRY;2026-08-31;59.532;59.36;0.29;59.3;59.277;59.8;59.277;59.5319;952511;0;16;10;44;14;;;;;
2026-05-08;F_EURTRY1226;EURTRY_12/2026_VIS;D_CR;CRF;D_CR_FUT;DE_EURTRY_FUT;D_EURTRY;2026-12-31;66.232;66.433;-0.3;66.211;66;66.3;66.3;66.0298;16375401;0;248;38;812;103;;;;;
2026-05-08;F_EURUSD0526;EURUSD_05/2026_VIS;D_CR;CRFU;D_CR_FUT;DE_EURUSD_FUT;D_EURUSD;2026-05-25;1.1792;1.1792;0;1.176;1.1757;1.1801;1.1794;1.1779;57391247.92212;0;1079;220;26129;120;;;;;
2026-05-08;F_EURUSD0626;EURUSD_06/2026_VIS;D_CR;CRFU;D_CR_FUT;DE_EURUSD_FUT;D_EURUSD;2026-06-30;1.1816;1.1814;0.02;1.1794;1.1785;1.1822;1.1814;1.1801;8899214.3667;0;167;63;4756;33;;;;;
2026-05-08;F_EURUSD0826;EURUSD_08/2026_VIS;D_CR;CRFU;D_CR_FUT;DE_EURUSD_FUT;D_EURUSD;2026-08-31;1.1822;1.1848;-0.22;1.1827;1.1803;1.1849;1.1845;1.1822;2402290.47906;0;45;5;234;28;;;;;
2026-05-08;F_EURUSD1226;EURUSD_12/2026_VIS;D_CR;CRFU;D_CR_FUT;DE_EURUSD_FUT;D_EURUSD;2026-12-31;1.1926;1.1913;0.11;1.187;1.187;1.193;1.191;1.1914;4949542.67544;0;92;34;2465;43;;;;;
2026-05-08;F_FROTO0526;FROTO_05/2026_VIS;D_EQ;SSF;D_EQ_FPD;DE_FROTO_FPD;FROTO.E;2026-05-25;99.52;101.2;-1.66;100.95;99.1;100.95;99.5;99.69;464084600;0;46553;10870;89899;3705;100.95;40380;0;4;3
2026-05-08;F_FROTO0626;FROTO_06/2026_VIS;D_EQ;SSF;D_EQ_FPD;DE_FROTO_FPD;FROTO.E;2026-06-30;102.25;104.25;-1.92;103.95;102.05;103.95;102.45;102.47;29081800;0;2814;577;14523;1788;;;;;
2026-05-08;F_FROTO0726;FROTO_07/2026_VIS;D_EQ;SSF;D_EQ_FPD;DE_FROTO_FPD;FROTO.E;2026-07-31;105.95;107.65;-1.58;106.9;105.3;107;105.5;105.86;1693825;0;160;47;453;156;;;;;
2026-05-08;F_GARAN0526;GARAN_05/2026_VIS;D_EQ;SSF;D_EQ_FPD;DE_GARAN_FPD;GARAN.E;2026-05-25;140;140.75;-0.53;139.7;137.6;141.25;140.2;139.41;1315145570;0;94332;15082;207367;-2448;139.7;139700;0;10;5
2026-05-08;F_GARAN0626;GARAN_06/2026_VIS;D_EQ;SSF;D_EQ_FPD;DE_GARAN_FPD;GARAN.E;2026-06-30;143.85;144.3;-0.31;143;141.45;145.05;144.05;142.98;55632915;0;3891;838;6968;532;143;14300;0;1;1
2026-05-08;F_GARAN0726;GARAN_07/2026_VIS;D_EQ;SSF;D_EQ_FPD;DE_GARAN_FPD;GARAN.E;2026-07-31;148.65;149.45;-0.54;147.05;146.8;149.45;148.2;147.62;782395;0;53;32;128;21;;;;;
2026-05-08;F_GBPUSD0526;GBPUSD_05/2026_VIS;D_CR;CRFU;D_CR_FUT;DE_GBPUSD_FUT;D_GBPUSD;2026-05-25;1.3608;1.3608;0;1.3608;1.3608;1.3608;1.3608;1.3608;368694.60768;0;6;1;31;0;;;;;
2026-05-08;F_GBPUSD0626;GBPUSD_06/2026_VIS;D_CR;CRFU;D_CR_FUT;DE_GBPUSD_FUT;D_GBPUSD;2026-06-30;1.363;1.363;0;0;0;0;0;0;0;0;0;0;16;0;;;;;
2026-05-08;F_GBPUSD0826;GBPUSD_08/2026_VIS;D_CR;CRFU;D_CR_FUT;DE_GBPUSD_FUT;D_GBPUSD;2026-08-31;1.3559;1.3559;0;0;0;0;0;0;0;0;0;0;0;0;;;;;
2026-05-08;F_GBPUSD1226;GBPUSD_12/2026_VIS;D_CR;CRFU;D_CR_FUT;DE_GBPUSD_FUT;D_GBPUSD;2026-12-31;1.355;1.355;0;0;0;0;0;0;0;0;0;0;10;0;;;;;
2026-05-08;F_GUBRF0526;GUBRF_05/2026_VIS;D_EQ;SSF;D_EQ_FPD;DE_GUBRF_FPD;GUBRF.E;2026-05-25;619.3;610.5;1.44;607;601.3;621.5;620;613.7;452172640;0;7368;4338;16819;869;;;;;
2026-05-08;F_GUBRF0626;GUBRF_06/2026_VIS;D_EQ;SSF;D_EQ_FPD;DE_GUBRF_FPD;GUBRF.E;2026-06-30;636;629.8;0.98;622.9;618;638;637.5;630.34;168323290;0;2681;927;2448;606;;;;;
2026-05-08;F_GUBRF0726;GUBRF_07/2026_VIS;D_EQ;SSF;D_EQ_FPD;DE_GUBRF_FPD;GUBRF.E;2026-07-31;659.5;651.8;1.18;644.4;638.5;661.3;660.5;647.07;65380520;0;994;93;6435;906;;;;;
2026-05-08;F_HALKB0526;HALKB_05/2026_VIS;D_EQ;SSF;D_EQ_FPD;DE_HALKB_FPD;HALKB.E;2026-05-25;40.5;41.29;-1.91;41.19;40.11;41.19;40.82;40.58;931173893;0;229459;18263;284786;-18895;41.19;24714;0;6;2
2026-05-08;F_HALKB0626;HALKB_06/2026_VIS;D_EQ;SSF;D_EQ_FPD;DE_HALKB_FPD;HALKB.E;2026-06-30;41.7;42.37;-1.58;41.44;41.25;42.24;41.59;41.68;27068603;0;6495;1103;28199;880;;;;;
2026-05-08;F_HALKB0726;HALKB_07/2026_VIS;D_EQ;SSF;D_EQ_FPD;DE_HALKB_FPD;HALKB.E;2026-07-31;42.63;43.36;-1.68;43.21;42.6;43.21;43.11;42.61;2224333;0;522;66;559;181;;;;;
2026-05-08;F_HEKTS0526;HEKTS_05/2026_VIS;D_EQ;SSF;D_EQ_FPD;DE_HEKTS_FPD;HEKTS.E;2026-05-25;4.56;4.15;9.88;4.34;4.26;4.56;4.56;4.43;515869670;0;1164907;6627;1037081;71829;4.34;4309186;0;9929;73
2026-05-08;F_HEKTS0626;HEKTS_06/2026_VIS;D_EQ;SSF;D_EQ_FPD;DE_HEKTS_FPD;HEKTS.E;2026-06-30;4.69;4.27;9.84;4.45;4.43;4.69;4.69;4.56;24730330;0;54217;771;43717;14865;4.45;89000;0;200;14
2026-05-08;F_HEKTS0726;HEKTS_07/2026_VIS;D_EQ;SSF;D_EQ_FPD;DE_HEKTS_FPD;HEKTS.E;2026-07-31;4.86;4.42;9.95;4.68;4.54;4.86;4.86;4.76;5650763;0;11880;281;10524;2697;4.68;234000;0;500;4
2026-05-08;F_ISCTR0526;ISCTR_05/2026_VIS;D_EQ;SSF;D_EQ_FPD;DE_ISCTR_FPD;ISCTR.E;2026-05-25;14.88;14.94;-0.4;14.88;14.67;15.02;14.87;14.86;2491608659;0;1676672;21399;2117803;-56937;14.88;421104;0;283;32
2026-05-08;F_ISCTR0626;ISCTR_06/2026_VIS;D_EQ;SSF;D_EQ_FPD;DE_ISCTR_FPD;ISCTR.E;2026-06-30;15.31;15.36;-0.33;15.4;15.08;15.46;15.32;15.27;116499131;0;76307;1607;80506;6912;;;;;
2026-05-08;F_ISCTR0726;ISCTR_07/2026_VIS;D_EQ;SSF;D_EQ_FPD;DE_ISCTR_FPD;ISCTR.E;2026-07-31;15.78;15.85;-0.44;15.75;15.55;15.86;15.84;15.68;352773;0;225;107;8561;-12;;;;;
2026-05-08;F_KCHOL0526;KCHOL_05/2026_VIS;D_EQ;SSF;D_EQ_FPD;DE_KCHOL_FPD;KCHOL.E;2026-05-25;217.4;216.1;0.6;214.25;212.8;219.7;217.45;216.56;989825925;0;45707;9645;208139;-760;214.25;85700;0;4;4
2026-05-08;F_KCHOL0626;KCHOL_06/2026_VIS;D_EQ;SSF;D_EQ_FPD;DE_KCHOL_FPD;KCHOL.E;2026-06-30;223.9;222.3;0.72;221.6;219.2;226.05;223.9;222.62;50979775;0;2290;758;4826;217;;;;;
2026-05-08;F_KCHOL0726;KCHOL_07/2026_VIS;D_EQ;SSF;D_EQ_FPD;DE_KCHOL_FPD;KCHOL.E;2026-07-31;230.85;228.7;0.94;226.3;226.3;231.85;230.65;229.86;850500;0;37;21;61;-14;;;;;
2026-05-08;F_KONTR0526;KONTR_05/2026_VIS;D_EQ;SSF;D_EQ_FPD;DE_KONTR_FPD;KONTR.E;2026-05-25;10.58;10.43;1.44;10.39;10.21;10.81;10.55;10.5;604861299;0;575822;21514;547736;85435;10.39;140265;0;135;9
2026-05-08;F_KONTR0626;KONTR_06/2026_VIS;D_EQ;SSF;D_EQ_FPD;DE_KONTR_FPD;KONTR.E;2026-06-30;10.87;10.67;1.87;10.85;10.48;11.04;10.83;10.75;15584080;0;14503;1203;16796;-526;10.85;108500;0;100;15
2026-05-08;F_KONTR0726;KONTR_07/2026_VIS;D_EQ;SSF;D_EQ_FPD;DE_KONTR_FPD;KONTR.E;2026-07-31;11.2;11.04;1.45;11.24;10.72;11.36;11.12;11.09;237348;0;214;78;793;98;;;;;
2026-05-08;F_KRDMD0526;KRDMD_05/2026_VIS;D_EQ;SSF;D_EQ_FPD;DE_KRDMD_FPD;KRDMD.E;2026-05-25;41.3;40.6;1.72;40.5;40.22;41.54;41.25;40.96;1109044320;0;270769;19863;205899;-8003;40.5;12150;0;3;3
2026-05-08;F_KRDMD0626;KRDMD_06/2026_VIS;D_EQ;SSF;D_EQ_FPD;DE_KRDMD_FPD;KRDMD.E;2026-06-30;42.32;41.58;1.78;41.65;41.31;42.52;42.25;41.91;13278060;0;3168;667;7213;-99;;;;;
2026-05-08;F_KRDMD0726;KRDMD_07/2026_VIS;D_EQ;SSF;D_EQ_FPD;DE_KRDMD_FPD;KRDMD.E;2026-07-31;43.49;42.7;1.85;43.17;42.63;43.84;43.54;43.35;2124188;0;490;47;270;89;;;;;
2026-05-08;F_MGROS0526;MGROS_05/2026_VIS;D_EQ;SSF;D_EQ_FPD;DE_MGROS_FPD;MGROS.E;2026-05-25;697.2;703;-0.83;701.3;694.3;707.1;697;700.68;369260950;0;5270;3079;11764;-183;701.3;771430;0;11;5
2026-05-08;F_MGROS0626;MGROS_06/2026_VIS;D_EQ;SSF;D_EQ_FPD;DE_MGROS_FPD;MGROS.E;2026-06-30;714.5;722.4;-1.09;725.9;714;726;716.4;719.4;31941270;0;444;329;826;13;;;;;
2026-05-08;F_MGROS0726;MGROS_07/2026_VIS;D_EQ;SSF;D_EQ_FPD;DE_MGROS_FPD;MGROS.E;2026-07-31;743.8;737.7;0.83;738.8;735;746.3;736.5;742.69;2525150;0;34;20;38;10;;;;;
2026-05-08;F_ODAS0526;ODAS_05/2026_VIS;D_EQ;SSF;D_EQ_FPD;DE_ODAS_FPD;ODAS.E;2026-05-25;8.36;8.21;1.83;8.18;8.13;8.47;8.35;8.33;502008097;0;602662;9960;763899;-40080;8.18;146422;0;179;9
2026-05-08;F_ODAS0626;ODAS_06/2026_VIS;D_EQ;SSF;D_EQ_FPD;DE_ODAS_FPD;ODAS.E;2026-06-30;8.6;8.45;1.78;8.38;8.37;8.7;8.6;8.59;24304440;0;28302;737;84684;16889;;;;;
2026-05-08;F_ODAS0726;ODAS_07/2026_VIS;D_EQ;SSF;D_EQ_FPD;DE_ODAS_FPD;ODAS.E;2026-07-31;8.78;8.69;1.04;8.69;8.69;8.92;8.81;8.82;434923;0;493;76;691;263;;;;;
2026-05-08;F_OYAKC0526;OYAKC_05/2026_VIS;D_EQ;SSF;D_EQ_FPD;DE_OYAKC_FPD;OYAKC.E;2026-05-25;24.2;25.64;-5.62;25.1;24.01;25.1;24.2;24.32;439996602;0;180951;19007;161725;26175;25.1;281120;0;112;32
2026-05-08;F_OYAKC0626;OYAKC_06/2026_VIS;D_EQ;SSF;D_EQ_FPD;DE_OYAKC_FPD;OYAKC.E;2026-06-30;24.87;26.31;-5.47;26.15;24.71;26.15;24.87;25.06;11788601;0;4704;763;3884;1283;26.15;13075;0;5;1
2026-05-08;F_OYAKC0726;OYAKC_07/2026_VIS;D_EQ;SSF;D_EQ_FPD;DE_OYAKC_FPD;OYAKC.E;2026-07-31;25.7;26.88;-4.39;26.61;25.5;26.61;25.67;25.74;440208;0;171;64;184;120;;;;;
2026-05-08;F_PETKM0526;PETKM_05/2026_VIS;D_EQ;SSF;D_EQ_FPD;DE_PETKM_FPD;PETKM.E;2026-05-25;25.2;24.2;4.13;24.16;24.16;25.31;25.24;24.85;939248085;0;377934;16410;467898;31393;24.16;84560;0;35;7
2026-05-08;F_PETKM0626;PETKM_06/2026_VIS;D_EQ;SSF;D_EQ_FPD;DE_PETKM_FPD;PETKM.E;2026-06-30;25.83;24.81;4.11;24.93;24.88;25.93;25.9;25.5;25982359;0;10191;1134;11370;-1409;;;;;
2026-05-08;F_PETKM0726;PETKM_07/2026_VIS;D_EQ;SSF;D_EQ_FPD;DE_PETKM_FPD;PETKM.E;2026-07-31;26.59;25.02;6.27;25.6;25.6;26.6;26.52;26.22;2713804;0;1035;161;643;279;;;;;
2026-05-08;F_PGSUS0526;PGSUS_05/2026_VIS;D_EQ;SSF;D_EQ_FPD;DE_PGSUS_FPD;PGSUS.E;2026-05-25;187.2;189.1;-1;187.8;184.45;189.15;187.7;186.98;740319815;0;39593;13979;115498;6417;187.8;206580;0;11;9
2026-05-08;F_PGSUS0626;PGSUS_06/2026_VIS;D_EQ;SSF;D_EQ_FPD;DE_PGSUS_FPD;PGSUS.E;2026-06-30;192.45;194.45;-1.03;192.65;190;194.1;192.55;192.07;80788585;0;4199;1354;8750;1540;;;;;
2026-05-08;F_PGSUS0726;PGSUS_07/2026_VIS;D_EQ;SSF;D_EQ_FPD;DE_PGSUS_FPD;PGSUS.E;2026-07-31;198;200;-1;198.05;196.5;198.85;198;197.63;790520;0;40;31;188;17;;;;;
2026-05-08;F_P_USDTRY0526;FIZ. USDTRY_05/2026_VIS;D_CR;PCF;D_CR_FPD;DE_USDTRYP_FPD;USDTRYP.CX;2026-05-25;47.079;47.079;0;0;0;0;0;0;0;0;0;0;0;0;;;;;
2026-05-08;F_P_USDTRY0626;FIZ. USDTRY_06/2026_VIS;D_CR;PCF;D_CR_FPD;DE_USDTRYP_FPD;USDTRYP.CX;2026-06-30;48.346;48.346;0;0;0;0;0;0;0;0;0;0;0;0;;;;;
2026-05-08;F_P_USDTRY0826;FIZ. USDTRY_08/2026_VIS;D_CR;PCF;D_CR_FPD;DE_USDTRYP_FPD;USDTRYP.CX;2026-08-31;50.238;50.238;0;0;0;0;0;0;0;0;0;0;0;0;;;;;
2026-05-08;F_P_USDTRY1226;FIZ. USDTRY_12/2026_VIS;D_CR;PCF;D_CR_FPD;DE_USDTRYP_FPD;USDTRYP.CX;2026-12-31;56.761;56.761;0;0;0;0;0;0;0;0;0;0;0;0;;;;;
2026-05-08;F_RUBTRY0526;RUBTRY_05/2026_VIS;D_CR;CRF;D_CR_FUT;DE_RUBTRY_FUT;D_RUBTRY;2026-05-25;0.59008;0.59008;0;0;0;0;0;0;0;0;0;0;0;0;;;;;
2026-05-08;F_RUBTRY0626;RUBTRY_06/2026_VIS;D_CR;CRF;D_CR_FUT;DE_RUBTRY_FUT;D_RUBTRY;2026-06-30;0.63215;0.60047;5.28;0;0;0;0;0;0;0;0;0;2;0;;;;;
2026-05-08;F_RUBTRY0826;RUBTRY_08/2026_VIS;D_CR;CRF;D_CR_FUT;DE_RUBTRY_FUT;D_RUBTRY;2026-08-31;0.64182;0.64182;0;0;0;0;0;0;0;0;0;0;0;0;;;;;
2026-05-08;F_RUBTRY1226;RUBTRY_12/2026_VIS;D_CR;CRF;D_CR_FUT;DE_RUBTRY_FUT;D_RUBTRY;2026-12-31;0.6953;0.6953;0;0;0;0;0;0;0;0;0;0;0;0;;;;;
2026-05-08;F_SAHOL0526;SAHOL_05/2026_VIS;D_EQ;SSF;D_EQ_FPD;DE_SAHOL_FPD;SAHOL.E;2026-05-25;102.15;102.35;-0.2;101.25;100.1;103.7;102.25;102;962049785;0;94312;15203;436635;-7203;101.25;303750;0;30;10
2026-05-08;F_SAHOL0626;SAHOL_06/2026_VIS;D_EQ;SSF;D_EQ_FPD;DE_SAHOL_FPD;SAHOL.E;2026-06-30;105.05;105.5;-0.43;104;103.1;106.65;105.2;104.88;43409025;0;4139;931;10593;592;104;83200;0;8;3
2026-05-08;F_SAHOL0726;SAHOL_07/2026_VIS;D_EQ;SSF;D_EQ_FPD;DE_SAHOL_FPD;SAHOL.E;2026-07-31;108.35;108.1;0.23;107.5;106.5;109.5;108.7;107.73;2219190;0;206;44;253;178;;;;;
2026-05-08;F_SASA0526;SASA_05/2026_VIS;D_EQ;SSF;D_EQ_FPD;DE_SASA_FPD;SASA.E;2026-05-25;3.59;3.39;5.9;3.4;3.38;3.65;3.59;3.53;6786484118;0;19200530;25536;11458929;558466;3.4;1020340;0;3001;18
2026-05-08;F_SASA0626;SASA_06/2026_VIS;D_EQ;SSF;D_EQ_FPD;DE_SASA_FPD;SASA.E;2026-06-30;3.68;3.49;5.44;3.48;3.48;3.75;3.69;3.62;231865346;0;639910;3501;624158;29277;3.48;347652;0;999;1
2026-05-08;F_SASA0726;SASA_07/2026_VIS;D_EQ;SSF;D_EQ_FPD;DE_SASA_FPD;SASA.E;2026-07-31;3.76;3.59;4.74;3.6;3.6;3.87;3.78;3.74;4966258;0;13277;334;22655;3370;3.6;10800;0;30;2
2026-05-08;F_SASX100626;SASX 10_06/2026_VIS;D_FR;FIF;D_FR_FUT;DE_SASX10_FUT;D_SASX10;2026-06-30;1558.75;1558.75;0;0;0;0;0;0;0;0;0;0;0;0;;;;;
2026-05-08;F_SASX100826;SASX 10_08/2026_VIS;D_FR;FIF;D_FR_FUT;DE_SASX10_FUT;D_SASX10;2026-08-31;1528;1528;0;0;0;0;0;0;0;0;0;0;0;0;;;;;
2026-05-08;F_SISE0526;SISE_05/2026_VIS;D_EQ;SSF;D_EQ_FPD;DE_SISE_FPD;SISE.E;2026-05-25;53.02;50.21;5.6;50.21;49.94;53.67;53.12;52.27;2375878682;0;454627;40548;362555;42363;50.21;331386;0;66;6
2026-05-08;F_SISE0626;SISE_06/2026_VIS;D_EQ;SSF;D_EQ_FPD;DE_SISE_FPD;SISE.E;2026-06-30;54.1;51.04;6;50.89;50.85;54.7;54.27;53.53;102007656;0;19055;2540;41126;4120;;;;;
2026-05-08;F_SISE0726;SISE_07/2026_VIS;D_EQ;SSF;D_EQ_FPD;DE_SISE_FPD;SISE.E;2026-07-31;55.45;52.68;5.26;53;53;56.46;55.37;54.29;1927291;0;355;117;2439;51;;;;;
2026-05-08;F_SOKM0526;SOKM_05/2026_VIS;D_EQ;SSF;D_EQ_FPD;DE_SOKM_FPD;SOKM.E;2026-05-25;52.34;56.92;-8.05;55.53;51.4;55.6;52.41;52.81;562427155;0;106495;18130;71346;10974;55.53;222120;0;40;16
2026-05-08;F_SOKM0626;SOKM_06/2026_VIS;D_EQ;SSF;D_EQ_FPD;DE_SOKM_FPD;SOKM.E;2026-06-30;53.93;58.33;-7.54;56.52;53.33;57;53.73;54.48;21387929;0;3926;878;5165;1115;;;;;
2026-05-08;F_SOKM0726;SOKM_07/2026_VIS;D_EQ;SSF;D_EQ_FPD;DE_SOKM_FPD;SOKM.E;2026-07-31;55.89;59.81;-6.55;59.91;55.09;59.91;55.75;55.97;1354585;0;242;96;275;178;;;;;
2026-05-08;F_TAVHL0526;TAVHL_05/2026_VIS;D_EQ;SSF;D_EQ_FPD;DE_TAVHL_FPD;TAVHL.E;2026-05-25;290.2;296.3;-2.06;293.65;286.1;295.85;290.05;291.58;388760290;0;13333;6268;54276;137;293.65;293650;0;10;6
2026-05-08;F_TAVHL0626;TAVHL_06/2026_VIS;D_EQ;SSF;D_EQ_FPD;DE_TAVHL_FPD;TAVHL.E;2026-06-30;297.05;304.15;-2.33;301.6;294.15;303.4;297.35;298.46;28621850;0;959;492;1812;85;301.6;392080;0;13;3
2026-05-08;F_TAVHL0726;TAVHL_07/2026_VIS;D_EQ;SSF;D_EQ_FPD;DE_TAVHL_FPD;TAVHL.E;2026-07-31;305.9;310.2;-1.39;306.25;304;309.4;309.4;305.9;397675;0;13;7;42;1;;;;;
2026-05-08;F_TCELL0526;TCELL_05/2026_VIS;D_EQ;SSF;D_EQ_FPD;DE_TCELL_FPD;TCELL.E;2026-05-25;122.65;121.45;0.99;121;119.1;123.45;122.85;121.92;962453045;0;78888;12888;321142;1385;121;60500;0;5;5
2026-05-08;F_TCELL0626;TCELL_06/2026_VIS;D_EQ;SSF;D_EQ_FPD;DE_TCELL_FPD;TCELL.E;2026-06-30;125.9;125.1;0.64;124.95;122.8;127;126.15;125.15;32662955;0;2610;793;10062;356;;;;;
2026-05-08;F_TCELL0726;TCELL_07/2026_VIS;D_EQ;SSF;D_EQ_FPD;DE_TCELL_FPD;TCELL.E;2026-07-31;129.4;129.15;0.19;128.3;127.3;130.15;129.5;129.02;193530;0;15;14;56;2;;;;;
2026-05-08;F_THYAO0526;THYAO_05/2026_VIS;D_EQ;SSF;D_EQ_FPD;DE_THYAO_FPD;THYAO.E;2026-05-25;317.7;319.95;-0.7;317.95;313;321.5;317.4;317.18;3601227630;0;113534;24416;250721;-12509;317.95;1557955;0;49;22
2026-05-08;F_THYAO0626;THYAO_06/2026_VIS;D_EQ;SSF;D_EQ_FPD;DE_THYAO_FPD;THYAO.E;2026-06-30;327.55;330.1;-0.77;328;322.45;331;327.8;326.54;227628065;0;6964;1672;22482;1680;;;;;
2026-05-08;F_THYAO0726;THYAO_07/2026_VIS;D_EQ;SSF;D_EQ_FPD;DE_THYAO_FPD;THYAO.E;2026-07-31;337.7;340.3;-0.76;334.5;333;340.85;337.85;336.47;4205885;0;125;84;221;40;;;;;
2026-05-08;F_TKFEN0526;TKFEN_05/2026_VIS;D_EQ;SSF;D_EQ_FPD;DE_TKFEN_FPD;TKFEN.E;2026-05-25;157.75;152.55;3.41;151.5;149.65;158.8;157.9;154.79;726948950;0;46964;10243;58090;8783;151.5;272700;0;18;6
2026-05-08;F_TKFEN0626;TKFEN_06/2026_VIS;D_EQ;SSF;D_EQ_FPD;DE_TKFEN_FPD;TKFEN.E;2026-06-30;160.9;155.1;3.74;155;153.35;162.2;160.85;158.39;34053380;0;2150;1096;1982;212;;;;;
2026-05-08;F_TKFEN0726;TKFEN_07/2026_VIS;D_EQ;SSF;D_EQ_FPD;DE_TKFEN_FPD;TKFEN.E;2026-07-31;164.35;159.75;2.88;159.95;159.95;165.5;165;163.04;505410;0;31;22;124;9;;;;;
2026-05-08;F_TLREF1M0526;1-AY TLREF_05/2026_VIS;D_FI;TRF;D_FI_FUT;DE_TLREF1M_FUT;D_TLREF1M;2026-05-26;39.93;39.93;0;0;0;0;0;0;0;0;0;0;0;0;;;;;
2026-05-08;F_TLREF1M0626;1-AY TLREF_06/2026_VIS;D_FI;TRF;D_FI_FUT;DE_TLREF1M_FUT;D_TLREF1M;2026-06-30;39.41;39.41;0;0;0;0;0;0;0;0;0;0;0;0;;;;;
2026-05-08;F_TLREF1M0726;1-AY TLREF_07/2026_VIS;D_FI;TRF;D_FI_FUT;DE_TLREF1M_FUT;D_TLREF1M;2026-07-31;37.08;37.08;0;0;0;0;0;0;0;0;0;0;0;0;;;;;
2026-05-08;F_TLREF1M0826;1-AY TLREF_08/2026_VIS;D_FI;TRF;D_FI_FUT;DE_TLREF1M_FUT;D_TLREF1M;2026-08-31;36.85;36.85;0;0;0;0;0;0;0;0;0;0;0;0;;;;;
2026-05-08;F_TLREF1M0926;1-AY TLREF_09/2026_VIS;D_FI;TRF;D_FI_FUT;DE_TLREF1M_FUT;D_TLREF1M;2026-09-30;39.84;39.84;0;0;0;0;0;0;0;0;0;0;0;0;;;;;
2026-05-08;F_TLREF1M1026;1-AY TLREF_10/2026_VIS;D_FI;TRF;D_FI_FUT;DE_TLREF1M_FUT;D_TLREF1M;2026-10-30;40;40;0;0;0;0;0;0;0;0;0;0;0;0;;;;;
2026-05-08;F_TLREF1M1126;1-AY TLREF_11/2026_VIS;D_FI;TRF;D_FI_FUT;DE_TLREF1M_FUT;D_TLREF1M;2026-11-30;39.99;39.99;0;0;0;0;0;0;0;0;0;0;0;0;;;;;
2026-05-08;F_TOASO0526;TOASO_05/2026_VIS;D_EQ;SSF;D_EQ_FPD;DE_TOASO_FPD;TOASO.E;2026-05-25;327.6;327.8;-0.06;325.6;319.1;329.6;327.3;324.14;333053385;0;10275;4645;27083;-497;325.6;32560;0;1;1
2026-05-08;F_TOASO0626;TOASO_06/2026_VIS;D_EQ;SSF;D_EQ_FPD;DE_TOASO_FPD;TOASO.E;2026-06-30;333.55;337.85;-1.27;339.7;328;339.7;333.3;333.03;16951285;0;509;346;1120;9;;;;;
2026-05-08;F_TOASO0726;TOASO_07/2026_VIS;D_EQ;SSF;D_EQ_FPD;DE_TOASO_FPD;TOASO.E;2026-07-31;340.95;340.75;0.06;350.8;338.75;350.8;341.15;340.96;750105;0;22;5;50;-2;;;;;
2026-05-08;F_TRALT0526;TRALT_05/2026_VIS;D_EQ;SSF;D_EQ_FPD;DE_TRALT_FPD;TRALT.E;2026-05-25;44.78;44.3;1.08;43.97;43.68;45.49;44.8;44.63;1080828337;0;242192;16209;290633;-12251;43.97;171483;0;39;7
2026-05-08;F_TRALT0626;TRALT_06/2026_VIS;D_EQ;SSF;D_EQ_FPD;DE_TRALT_FPD;TRALT.E;2026-06-30;46.01;45.54;1.03;45.17;44.95;46.75;45.96;46.09;87356808;0;18725;1003;26539;11029;;;;;
2026-05-08;F_TRALT0726;TRALT_07/2026_VIS;D_EQ;SSF;D_EQ_FPD;DE_TRALT_FPD;TRALT.E;2026-07-31;47.73;46.76;2.07;46.76;46.59;48.01;47.63;47.7;1879458;0;394;55;568;342;;;;;
2026-05-08;F_TRMET0526;TRMET_05/2026_VIS;D_EQ;SSF;D_EQ_FPD;DE_TRMET_FPD;TRMET.E;2026-05-25;125.9;126.35;-0.36;126;124.2;127.4;125.5;125.46;266209535;0;21219;4901;30843;-2180;126;252000;0;20;2
2026-05-08;F_TRMET0626;TRMET_06/2026_VIS;D_EQ;SSF;D_EQ_FPD;DE_TRMET_FPD;TRMET.E;2026-06-30;128.9;129.95;-0.81;129.15;127.85;130.15;129.3;129.14;13456565;0;1042;252;2965;276;;;;;
2026-05-08;F_TRMET0726;TRMET_07/2026_VIS;D_EQ;SSF;D_EQ_FPD;DE_TRMET_FPD;TRMET.E;2026-07-31;131;131;0;0;0;0;0;0;0;0;0;0;56;0;;;;;
2026-05-08;F_TRT020926T17_0626;TRT020926T17_06/2026_VIS;D_BO;BOP;D_BO_FPD;DE_TRT020926T17_FPD;TRT020926T17_KESN_T1;2026-06-30;96.611;96.611;0;0;0;0;0;0;0;0;0;0;0;0;;;;;
2026-05-08;F_TRT131130T14_0626;TRT131130T14_06/2026_VIS;D_BO;BOP;D_BO_FPD;DE_TRT131130T14_FPD;TRT131130T14_KESN_T1;2026-06-30;51.835;51.835;0;0;0;0;0;0;0;0;0;0;0;0;;;;;
2026-05-08;F_TRT131130T14_0926;TRT131130T14_09/2026_VIS;D_BO;BOP;D_BO_FPD;DE_TRT131130T14_FPD;TRT131130T14_KESN_T1;2026-09-30;53.186;53.186;0;0;0;0;0;0;0;0;0;0;0;0;;;;;
2026-05-08;F_TSKB0526;TSKB_05/2026_VIS;D_EQ;SSF;D_EQ_FPD;DE_TSKB_FPD;TSKB.E;2026-05-25;12.63;12.81;-1.41;12.7;12.58;12.88;12.66;12.72;134043529;0;105351;5367;198696;6774;12.7;35560;0;28;5
2026-05-08;F_TSKB0626;TSKB_06/2026_VIS;D_EQ;SSF;D_EQ_FPD;DE_TSKB_FPD;TSKB.E;2026-06-30;12.97;13.16;-1.44;13.05;12.94;13.21;13;13.07;7894614;0;6042;258;11330;-111;;;;;
2026-05-08;F_TSKB0726;TSKB_07/2026_VIS;D_EQ;SSF;D_EQ_FPD;DE_TSKB_FPD;TSKB.E;2026-07-31;13.46;13.6;-1.03;13.36;13.36;13.61;13.4;13.45;1200148;0;892;27;1088;372;;;;;
2026-05-08;F_TTKOM0526;TTKOM_05/2026_VIS;D_EQ;SSF;D_EQ_FPD;DE_TTKOM_FPD;TTKOM.E;2026-05-25;66.96;66.76;0.3;66.4;65.4;67.4;66.96;66.56;659068536;0;99021;15243;111811;4332;66.4;13280;0;2;2
2026-05-08;F_TTKOM0626;TTKOM_06/2026_VIS;D_EQ;SSF;D_EQ_FPD;DE_TTKOM_FPD;TTKOM.E;2026-06-30;68.91;68.46;0.66;67.08;67.08;69.31;68.95;68.62;41157950;0;5998;690;6625;2107;67.08;147576;0;22;4
2026-05-08;F_TTKOM0726;TTKOM_07/2026_VIS;D_EQ;SSF;D_EQ_FPD;DE_TTKOM_FPD;TTKOM.E;2026-07-31;70.88;70.39;0.7;69.41;68.93;71.41;70.93;70.46;542576;0;77;41;175;37;;;;;
2026-05-08;F_TUPRS0526;TUPRS_05/2026_VIS;D_EQ;SSF;D_EQ_FPD;DE_TUPRS_FPD;TUPRS.E;2026-05-25;263.7;265.2;-0.57;266.95;262.6;268.35;263.7;265.99;1117857325;0;42026;10581;109588;-4423;266.95;133475;0;5;3
2026-05-08;F_TUPRS0626;TUPRS_06/2026_VIS;D_EQ;SSF;D_EQ_FPD;DE_TUPRS_FPD;TUPRS.E;2026-06-30;271.35;272.45;-0.4;273.45;270.2;275.75;271.55;273.44;54441560;0;1991;650;5945;157;;;;;
2026-05-08;F_TUPRS0726;TUPRS_07/2026_VIS;D_EQ;SSF;D_EQ_FPD;DE_TUPRS_FPD;TUPRS.E;2026-07-31;281.15;281.3;-0.05;282.8;279.7;282.8;279.7;281.8;1070850;0;38;25;73;4;;;;;
2026-05-08;F_ULKER0526;ULKER_05/2026_VIS;D_EQ;SSF;D_EQ_FPD;DE_ULKER_FPD;ULKER.E;2026-05-25;133.55;133.4;0.11;133.2;131.6;133.95;132.75;132.67;173730005;0;13095;3237;32960;-1274;;;;;
2026-05-08;F_ULKER0626;ULKER_06/2026_VIS;D_EQ;SSF;D_EQ_FPD;DE_ULKER_FPD;ULKER.E;2026-06-30;135.8;136.35;-0.4;135.8;134.5;136;135.7;135.19;8192235;0;606;238;3625;384;;;;;
2026-05-08;F_ULKER0726;ULKER_07/2026_VIS;D_EQ;SSF;D_EQ_FPD;DE_ULKER_FPD;ULKER.E;2026-07-31;139.65;139.85;-0.14;139.6;139.3;140.3;139.55;139.62;767900;0;55;19;965;53;;;;;
2026-05-08;F_USDTRY0127;USDTRY_01/2027_VIS;D_CR;CRF;D_CR_FUT;DE_USDTRY_FUT;D_USDTRY;2027-01-29;57.169;57.09;0.14;57.2;57.122;57.2;57.122;57.1688;285844;0;5;4;1075;3;;;;;
2026-05-08;F_USDTRY0227;USDTRY_02/2027_VIS;D_CR;CRF;D_CR_FUT;DE_USDTRY_FUT;D_USDTRY;2027-02-26;58.519;58.476;0.07;58.48;58.48;58.522;58.522;58.5191;2516320;0;43;5;590;1;;;;;
2026-05-08;F_USDTRY0327;USDTRY_03/2027_VIS;D_CR;CRF;D_CR_FUT;DE_USDTRY_FUT;D_USDTRY;2027-03-31;59.994;60;-0.01;60;59.99;60;59.991;59.9937;179981;0;3;3;7602;1;;;;;
2026-05-08;F_USDTRY0427;USDTRY_04/2027_VIS;D_CR;CRF;D_CR_FUT;DE_USDTRY_FUT;D_USDTRY;2027-04-30;61.46;61.35;0.18;61.4;61.4;61.5;61.42;61.4595;737514;0;12;8;2543;0;;;;;
2026-05-08;F_USDTRY0526;USDTRY_05/2026_VIS;D_CR;CRF;D_CR_FUT;DE_USDTRY_FUT;D_USDTRY;2026-05-25;45.941;45.945;-0.01;45.974;45.939;45.974;45.942;45.9495;23832884750;0;518676;11506;1869420;-72941;45.974;505714;0;11;3
2026-05-08;F_USDTRY0527;USDTRY_05/2027_VIS;D_CR;CRF;D_CR_FUT;DE_USDTRY_FUT;D_USDTRY;2027-05-31;62.779;62.806;-0.04;62.797;62.704;62.8;62.797;62.779;313895;0;5;5;812;4;;;;;
2026-05-08;F_USDTRY0626;USDTRY_06/2026_VIS;D_CR;CRF;D_CR_FUT;DE_USDTRY_FUT;D_USDTRY;2026-06-30;47.462;47.438;0.05;47.448;47.427;47.48;47.472;47.4659;5042020325;0;106224;1483;986199;77740;;;;;
2026-05-08;F_USDTRY0627;USDTRY_06/2027_VIS;D_CR;CRF;D_CR_FUT;DE_USDTRY_FUT;D_USDTRY;2027-06-30;63.795;63.795;0;0;0;0;0;0;0;0;0;0;943;0;;;;;
2026-05-08;F_USDTRY0726;USDTRY_07/2026_VIS;D_CR;CRF;D_CR_FUT;DE_USDTRY_FUT;D_USDTRY;2026-07-31;48.772;48.75;0.05;48.717;48.717;48.79;48.769;48.7734;3098084255;0;63520;411;117603;54488;;;;;
2026-05-08;F_USDTRY0727;USDTRY_07/2027_VIS;D_CR;CRF;D_CR_FUT;DE_USDTRY_FUT;D_USDTRY;2027-07-30;65.206;65.206;0;0;0;0;0;0;0;0;0;0;458;0;;;;;
2026-05-08;F_USDTRY0826;USDTRY_08/2026_VIS;D_CR;CRF;D_CR_FUT;DE_USDTRY_FUT;D_USDTRY;2026-08-31;50.135;50.095;0.08;50.102;50.061;50.151;50.131;50.1455;15725877001;0;313605;777;362887;305785;;;;;
2026-05-08;F_USDTRY0827;USDTRY_08/2027_VIS;D_CR;CRF;D_CR_FUT;DE_USDTRY_FUT;D_USDTRY;2027-08-31;66.75;66.56;0.29;66.75;66.75;66.75;66.75;66.75;66750;0;1;1;3;1;;;;;
2026-05-08;F_USDTRY0926;USDTRY_09/2026_VIS;D_CR;CRF;D_CR_FUT;DE_USDTRY_FUT;D_USDTRY;2026-09-30;51.535;51.481;0.1;51.481;51.481;51.569;51.482;51.5256;1494243;0;29;14;11148;11;51.481;205924;0;4;3
2026-05-08;F_USDTRY1026;USDTRY_10/2026_VIS;D_CR;CRF;D_CR_FUT;DE_USDTRY_FUT;D_USDTRY;2026-10-30;52.917;52.845;0.14;52.852;52.852;52.98;52.93;52.9453;18054351;0;341;59;2879;7;;;;;
2026-05-08;F_USDTRY1126;USDTRY_11/2026_VIS;D_CR;CRF;D_CR_FUT;DE_USDTRY_FUT;D_USDTRY;2026-11-30;54.394;54.3;0.17;54.31;54.31;54.47;54.425;54.3946;2066996;0;38;13;1448;7;;;;;
2026-05-08;F_USDTRY1226;USDTRY_12/2026_VIS;D_CR;CRF;D_CR_FUT;DE_USDTRY_FUT;D_USDTRY;2026-12-31;55.941;55.728;0.38;55.701;55.7;55.973;55.882;55.8511;336167691;0;6019;191;750646;2026;55.701;55701;0;1;1
2026-05-08;F_VAKBN0526;VAKBN_05/2026_VIS;D_EQ;SSF;D_EQ_FPD;DE_VAKBN_FPD;VAKBN.E;2026-05-25;32.66;32.81;-0.46;32.86;32.08;32.93;32.69;32.55;489534407;0;150415;11645;218338;7008;32.86;3286;0;1;1
2026-05-08;F_VAKBN0626;VAKBN_06/2026_VIS;D_EQ;SSF;D_EQ_FPD;DE_VAKBN_FPD;VAKBN.E;2026-06-30;33.56;33.76;-0.59;33.5;33;33.86;33.57;33.56;83811695;0;24713;1715;29063;13056;;;;;
2026-05-08;F_VAKBN0726;VAKBN_07/2026_VIS;D_EQ;SSF;D_EQ_FPD;DE_VAKBN_FPD;VAKBN.E;2026-07-31;34.48;34.85;-1.06;34.54;34.05;34.98;34.88;34.4;247686;0;72;13;94;-38;;;;;
2026-05-08;F_VESTL0526;VESTL_05/2026_VIS;D_EQ;SSF;D_EQ_FPD;DE_VESTL_FPD;VESTL.E;2026-05-25;29.27;29.26;0.03;29.22;29.02;29.7;29.24;29.33;70077243;0;23890;3563;92901;3265;29.22;8766;0;3;3
2026-05-08;F_VESTL0626;VESTL_06/2026_VIS;D_EQ;SSF;D_EQ_FPD;DE_VESTL_FPD;VESTL.E;2026-06-30;30.14;30.08;0.2;29.94;29.86;30.5;30.13;30.11;1436301;0;477;151;2964;165;;;;;
2026-05-08;F_VESTL0726;VESTL_07/2026_VIS;D_EQ;SSF;D_EQ_FPD;DE_VESTL_FPD;VESTL.E;2026-07-31;31.05;30.83;0.71;30.88;30.67;31.22;30.92;31.01;207785;0;67;25;101;32;;;;;
2026-05-08;F_X10XB0626;BIST BDLKT10_06/2026_VIS;D_IX;INF;D_IX_FUT;DE_BISTBDLIKIT10_FUT;D_X10XBD;2026-06-30;20503;20513;-0.05;20369;20369;20658;20650;20503;2050300;0;10;5;39;2;;;;;
2026-05-08;F_X10XB0826;BIST BDLKT10_08/2026_VIS;D_IX;INF;D_IX_FUT;DE_BISTBDLIKIT10_FUT;D_X10XBD;2026-08-31;21631;21631;0;0;0;0;0;0;0;0;0;0;7;0;;;;;
2026-05-08;F_X10XB1026;BIST BDLKT10_10/2026_VIS;D_IX;INF;D_IX_FUT;DE_BISTBDLIKIT10_FUT;D_X10XBD;2026-10-30;23049;23049;0;0;0;0;0;0;0;0;0;0;6;0;;;;;
2026-05-08;F_X10XB1226;BIST BDLKT10_12/2026_VIS;D_IX;INF;D_IX_FUT;DE_BISTBDLIKIT10_FUT;D_X10XBD;2026-12-31;23701;23701;0;0;0;0;0;0;0;0;0;0;4;0;;;;;
2026-05-08;F_XAGUSD0626;ONS GUMUS_06/2026_VIS;D_PM;PMFU;D_PM_FUT;DE_XAGUSD_FUT;D_XAGUSD;2026-06-30;81.5;82.58;-1.31;81.27;80.18;82.4;81.51;81.42;2767409356.85334;0;75270;10226;161566;-7693;81.27;2862503.96796;0;78;16
2026-05-08;F_XAGUSD0826;ONS GUMUS_08/2026_VIS;D_PM;PMFU;D_PM_FUT;DE_XAGUSD_FUT;D_XAGUSD;2026-08-31;82.42;83.55;-1.35;82.1;81.32;83.17;82.47;82.292;512850803.50656;0;13801;1557;15310;5003;;;;;
2026-05-08;F_XAGUSD1026;ONS GUMUS_10/2026_VIS;D_PM;PMFU;D_PM_FUT;DE_XAGUSD_FUT;D_XAGUSD;2026-10-30;83.27;84.8;-1.8;84.8;82.19;84.8;83.25;83.447;9307362.2958;0;247;82;379;79;;;;;
2026-05-08;F_XAUTRYM0626;GR ALTIN_06/2026_VIS;D_PM;PMF;D_PM_FUT;DE_XAUTRY_FUT;D_XAUTRY;2026-06-30;7253.4;7318;-0.88;7293;7231.4;7300.9;7256.1;7261.57;498180187.1;0;68605;4229;939878;10205;7293;481338;0;66;10
2026-05-08;F_XAUTRYM0826;GR ALTIN_08/2026_VIS;D_PM;PMF;D_PM_FUT;DE_XAUTRY_FUT;D_XAUTRY;2026-08-31;7766.9;7832.1;-0.83;7786.1;7745;7815.2;7745;7769.77;1090557183.5;0;140359;1286;232048;134056;;;;;
2026-05-08;F_XAUTRYM1026;GR ALTIN_10/2026_VIS;D_PM;PMF;D_PM_FUT;DE_XAUTRY_FUT;D_XAUTRY;2026-10-30;8344.3;8387.7;-0.52;8380;8316.6;8383.2;8342.1;8357.15;4145146;0;496;105;2486;394;;;;;
2026-05-08;F_XAUUSD0626;ONS ALTIN_06/2026_VIS;D_PM;PMFU;D_PM_FUT;DE_XAUUSD_FUT;D_XAUUSD;2026-06-30;4757.2;4801.2;-0.92;4762.2;4739.7;4787;4755.4;4757.9;7419432489.87114;0;34533;7679;97910;5008;4762.2;5161074.25248;0;24;9
2026-05-08;F_XAUUSD0826;ONS ALTIN_08/2026_VIS;D_PM;PMFU;D_PM_FUT;DE_XAUUSD_FUT;D_XAUUSD;2026-08-31;4824.5;4870.1;-0.94;4844.6;4812.3;4853.8;4822.1;4827.25;1938518862.31602;0;8893;1879;20980;6147;;;;;
2026-05-08;F_XAUUSD1026;ONS ALTIN_10/2026_VIS;D_PM;PMFU;D_PM_FUT;DE_XAUUSD_FUT;D_XAUUSD;2026-10-30;4902;4946;-0.89;4906.8;4883.2;4919.8;4891.1;4904.15;4872004.27758;0;22;19;207;10;;;;;
2026-05-08;F_XCUUSD0626;TON BAKIR_06/2026_VIS;D_MT;MTF;D_MT_FUT;DE_XCUUSD_FUT;D_XCUUSD;2026-06-30;14036;13765.5;1.97;14036;14036;14036;14036;14036;63381.80376;0;1;1;133;0;;;;;
2026-05-08;F_XCUUSD0826;TON BAKIR_08/2026_VIS;D_MT;MTF;D_MT_FUT;DE_XCUUSD_FUT;D_XCUUSD;2026-08-31;14043.5;14043.5;0;0;0;0;0;0;0;0;0;0;52;0;;;;;
2026-05-08;F_XCUUSD1026;TON BAKIR_10/2026_VIS;D_MT;MTF;D_MT_FUT;DE_XCUUSD_FUT;D_XCUUSD;2026-10-30;14390;14390;0;0;0;0;0;0;0;0;0;0;0;0;;;;;
2026-05-08;F_XLBNK0626;BIST L.BANKA_06/2026_VIS;D_IX;INF;D_IX_FUT;DE_BISTLBANKA_FUT;D_XLBNKD;2026-06-30;16294;16298;-0.02;16099;16018;16441;16309;16180.3;845420620;0;5225;1954;6051;101;16099;1609900;0;10;6
2026-05-08;F_XLBNK0826;BIST L.BANKA_08/2026_VIS;D_IX;INF;D_IX_FUT;DE_BISTLBANKA_FUT;D_XLBNKD;2026-08-31;17326;17366;-0.23;17099;15850;17400;17260;17036.38;28280390;0;166;79;605;-27;;;;;
2026-05-08;F_XLBNK1026;BIST L.BANKA_10/2026_VIS;D_IX;INF;D_IX_FUT;DE_BISTLBANKA_FUT;D_XLBNKD;2026-10-30;18050;18263;-1.17;18001;18000;18100;18000;18049.75;721990;0;4;4;9;0;;;;;
2026-05-08;F_XLBNK1226;BIST L.BANKA_12/2026_VIS;D_IX;INF;D_IX_FUT;DE_BISTLBANKA_FUT;D_XLBNKD;2026-12-31;19411;19117;1.54;19379;19010;19873;19873;19410.5;776420;0;4;4;48;0;;;;;
2026-05-08;F_XPDUSD0626;ONS PALADYUM_06/2026_VIS;D_PM;PMFU;D_PM_FUT;DE_XPDUSD_FUT;D_XPDUSD;2026-06-30;1500;1560;-3.85;1534;1495;1540.8;1510.7;1504.99;4689255.51738;0;69;25;389;-14;;;;;
2026-05-08;F_XPDUSD0826;ONS PALADYUM_08/2026_VIS;D_PM;PMFU;D_PM_FUT;DE_XPDUSD_FUT;D_XPDUSD;2026-08-31;1557.7;1593.7;-2.26;1560;1550;1560.9;1560.9;1557.73;281366.25894;0;4;4;36;4;;;;;
2026-05-08;F_XPDUSD1026;ONS PALADYUM_10/2026_VIS;D_PM;PMFU;D_PM_FUT;DE_XPDUSD_FUT;D_XPDUSD;2026-10-30;1648.3;1642.1;0.38;1650.5;1646.1;1650.5;1646.1;1648.3;148863.24756;0;2;2;2;2;;;;;
2026-05-08;F_XPTUSD0626;ONS PLATIN_06/2026_VIS;D_PM;PMFU;D_PM_FUT;DE_XPTUSD_FUT;D_XPTUSD;2026-06-30;2066.5;2121.4;-2.59;2063.2;2061.3;2098.5;2078;2078.76;8166656.90754;0;87;35;885;7;2063.2;745336.77696;0;8;3
2026-05-08;F_XPTUSD0826;ONS PLATIN_08/2026_VIS;D_PM;PMFU;D_PM_FUT;DE_XPTUSD_FUT;D_XPTUSD;2026-08-31;2128.9;2131.5;-0.12;2128.9;2128.9;2128.9;2128.9;2128.9;96133.88574;0;1;1;64;3;;;;;
2026-05-08;F_XPTUSD1026;ONS PLATIN_10/2026_VIS;D_PM;PMFU;D_PM_FUT;DE_XPTUSD_FUT;D_XPTUSD;2026-10-30;2167.5;2147.8;0.92;2190;2150;2190;2155;2167.5;587261.583;0;6;6;6;6;;;;;
2026-05-08;F_XSD250626;BIST XSD25_06/2026_VIS;D_IX;INF;D_IX_FUT;DE_BISTSUR25_FUT;D_XSD25D;2026-06-30;19069;18734;1.79;19069;19069;19069;19069;19069;190690;0;1;1;26;0;;;;;
2026-05-08;F_XSD250826;BIST XSD25_08/2026_VIS;D_IX;INF;D_IX_FUT;DE_BISTSUR25_FUT;D_XSD25D;2026-08-31;19816;19816;0;0;0;0;0;0;0;0;0;0;0;0;;;;;
2026-05-08;F_XSD251026;BIST XSD25_10/2026_VIS;D_IX;INF;D_IX_FUT;DE_BISTSUR25_FUT;D_XSD25D;2026-10-30;20405;20405;0;0;0;0;0;0;0;0;0;0;0;0;;;;;
2026-05-08;F_XSD251226;BIST XSD25_12/2026_VIS;D_IX;INF;D_IX_FUT;DE_BISTSUR25_FUT;D_XSD25D;2026-12-31;21773;21773;0;0;0;0;0;0;0;0;0;0;0;0;;;;;
2026-05-08;F_XU0300626;BIST 30_06/2026_VIS;D_IX;INF;D_IX_FUT;DE_BIST30_FUT;D_XU030D;2026-06-30;17936;17944;-0.04;17870;17783;18148;17924;17965.04;40931376540;0;227839;84798;416326;-1566;17870;32880800;0;184;92
2026-05-08;F_XU0300826;BIST 30_08/2026_VIS;D_IX;INF;D_IX_FUT;DE_BIST30_FUT;D_XU030D;2026-08-31;18909;18910;-0.01;18804;18755;19109;18901;18938.45;432751050;0;2285;1521;8776;281;;;;;
2026-05-08;F_XU0301026;BIST 30_10/2026_VIS;D_IX;INF;D_IX_FUT;DE_BIST30_FUT;D_XU030D;2026-10-30;19834;19791;0.22;19700;19640;19949;19800;19791.57;11083280;0;56;56;103;14;;;;;
2026-05-08;F_XU0301226;BIST 30_12/2026_VIS;D_IX;INF;D_IX_FUT;DE_BIST30_FUT;D_XU030D;2026-12-31;20552;20498;0.26;20355;20346;20671;20523;20549.68;14590270;0;71;53;1104;40;;;;;
2026-05-08;F_YKBNK0526;YKBNK_05/2026_VIS;D_EQ;SSF;D_EQ_FPD;DE_YKBNK_FPD;YKBNK.E;2026-05-25;40.08;39.54;1.37;39.37;38.94;40.48;40.16;39.72;2562437918;0;645239;27424;840110;13170;39.37;633857;0;161;19
2026-05-08;F_YKBNK0626;YKBNK_06/2026_VIS;D_EQ;SSF;D_EQ_FPD;DE_YKBNK_FPD;YKBNK.E;2026-06-30;41.14;40.66;1.18;40.25;40.03;41.61;41.33;40.72;116546080;0;28621;1830;45264;238;;;;;
2026-05-08;F_YKBNK0726;YKBNK_07/2026_VIS;D_EQ;SSF;D_EQ_FPD;DE_YKBNK_FPD;YKBNK.E;2026-07-31;42.05;41.82;0.55;41.12;41.12;42.5;42.08;42.26;650746;0;154;42;434;-58;;;;;
2026-05-08;O_AKBNKE0526C100.00;AKBNK_05/2026_AVRUPA_OPSIYON;D_EQ;SSO;D_EQ_ECP;DE_AKBNK_ECP;AKBNK.E;2026-05-25;0.01;0.01;0;0;0;0;0;0;0;0;0;0;1;0;;;;;
2026-05-08;O_AKBNKE0526C105.00;AKBNK_05/2026_AVRUPA_OPSIYON;D_EQ;SSO;D_EQ_ECP;DE_AKBNK_ECP;AKBNK.E;2026-05-25;0.01;0.01;0;0;0;0;0;0;0;0;0;0;0;0;;;;;
2026-05-08;O_AKBNKE0526C110.00;AKBNK_05/2026_AVRUPA_OPSIYON;D_EQ;SSO;D_EQ_ECP;DE_AKBNK_ECP;AKBNK.E;2026-05-25;0.01;0.01;0;0;0;0;0;0;0;0;0;0;0;0;;;;;
2026-05-08;O_AKBNKE0526C115.00;AKBNK_05/2026_AVRUPA_OPSIYON;D_EQ;SSO;D_EQ_ECP;DE_AKBNK_ECP;AKBNK.E;2026-05-25;0.01;0.01;0;0;0;0;0;0;0;0;0;0;0;0;;;;;
2026-05-08;O_AKBNKE0526C120.00;AKBNK_05/2026_AVRUPA_OPSIYON;D_EQ;SSO;D_EQ_ECP;DE_AKBNK_ECP;AKBNK.E;2026-05-25;0.01;0.01;0;0;0;0;0;0;0;0;0;0;0;0;;;;;
2026-05-08;O_AKBNKE0526C125.00;AKBNK_05/2026_AVRUPA_OPSIYON;D_EQ;SSO;D_EQ_ECP;DE_AKBNK_ECP;AKBNK.E;2026-05-25;0.01;0.01;0;0;0;0;0;0;0;0;0;0;0;0;;;;;
2026-05-08;O_AKBNKE0526C66.00;AKBNK_05/2026_AVRUPA_OPSIYON;D_EQ;SSO;D_EQ_ECP;DE_AKBNK_ECP;AKBNK.E;2026-05-25;10.51;10.54;-0.28;0;0;0;0;0;0;0;0;0;0;0;;;;;
2026-05-08;O_AKBNKE0526C68.00;AKBNK_05/2026_AVRUPA_OPSIYON;D_EQ;SSO;D_EQ_ECP;DE_AKBNK_ECP;AKBNK.E;2026-05-25;8.66;8.71;-0.57;0;0;0;0;0;0;0;0;0;0;0;;;;;
2026-05-08;O_AKBNKE0526C70.00;AKBNK_05/2026_AVRUPA_OPSIYON;D_EQ;SSO;D_EQ_ECP;DE_AKBNK_ECP;AKBNK.E;2026-05-25;6.92;6.98;-0.86;0;0;0;0;0;0;0;0;0;0;0;;;;;
2026-05-08;O_AKBNKE0526C72.00;AKBNK_05/2026_AVRUPA_OPSIYON;D_EQ;SSO;D_EQ_ECP;DE_AKBNK_ECP;AKBNK.E;2026-05-25;5.32;5.4;-1.48;0;0;0;0;0;0;0;0;0;0;0;;;;;
2026-05-08;O_AKBNKE0526C74.00;AKBNK_05/2026_AVRUPA_OPSIYON;D_EQ;SSO;D_EQ_ECP;DE_AKBNK_ECP;AKBNK.E;2026-05-25;3.93;4.01;-2;3.16;3.16;3.16;3.16;3.16;1798200;76788;243;3;626;243;;;;;
2026-05-08;O_AKBNKE0526C76.00;AKBNK_05/2026_AVRUPA_OPSIYON;D_EQ;SSO;D_EQ_ECP;DE_AKBNK_ECP;AKBNK.E;2026-05-25;2.77;2.87;-3.48;0;0;0;0;0;0;0;0;0;2507;0;;;;;
2026-05-08;O_AKBNKE0526C78.00;AKBNK_05/2026_AVRUPA_OPSIYON;D_EQ;SSO;D_EQ_ECP;DE_AKBNK_ECP;AKBNK.E;2026-05-25;1.88;1.97;-4.57;0;0;0;0;0;0;0;0;0;2536;0;;;;;
2026-05-08;O_AKBNKE0526C80.00;AKBNK_05/2026_AVRUPA_OPSIYON;D_EQ;SSO;D_EQ_ECP;DE_AKBNK_ECP;AKBNK.E;2026-05-25;1.21;1.29;-6.2;0;0;0;0;0;0;0;0;0;2005;0;;;;;
2026-05-08;O_AKBNKE0526C82.00;AKBNK_05/2026_AVRUPA_OPSIYON;D_EQ;SSO;D_EQ_ECP;DE_AKBNK_ECP;AKBNK.E;2026-05-25;0.77;0.83;-7.23;0;0;0;0;0;0;0;0;0;1985;0;;;;;
2026-05-08;O_AKBNKE0526C84.00;AKBNK_05/2026_AVRUPA_OPSIYON;D_EQ;SSO;D_EQ_ECP;DE_AKBNK_ECP;AKBNK.E;2026-05-25;0.47;0.52;-9.62;0.34;0.34;0.34;0.34;0.34;6720000;27200;800;4;2601;800;;;;;
2026-05-08;O_AKBNKE0526C86.00;AKBNK_05/2026_AVRUPA_OPSIYON;D_EQ;SSO;D_EQ_ECP;DE_AKBNK_ECP;AKBNK.E;2026-05-25;0.28;0.32;-12.5;0;0;0;0;0;0;0;0;0;983;0;;;;;
2026-05-08;O_AKBNKE0526C88.00;AKBNK_05/2026_AVRUPA_OPSIYON;D_EQ;SSO;D_EQ_ECP;DE_AKBNK_ECP;AKBNK.E;2026-05-25;0.16;0.19;-15.79;0;0;0;0;0;0;0;0;0;450;0;;;;;
2026-05-08;O_AKBNKE0526C90.00;AKBNK_05/2026_AVRUPA_OPSIYON;D_EQ;SSO;D_EQ_ECP;DE_AKBNK_ECP;AKBNK.E;2026-05-25;0.09;0.11;-18.18;0;0;0;0;0;0;0;0;0;550;0;;;;;
2026-05-08;O_AKBNKE0526C92.00;AKBNK_05/2026_AVRUPA_OPSIYON;D_EQ;SSO;D_EQ_ECP;DE_AKBNK_ECP;AKBNK.E;2026-05-25;0.05;0.06;-16.67;0;0;0;0;0;0;0;0;0;1907;0;;;;;
2026-05-08;O_AKBNKE0526C94.00;AKBNK_05/2026_AVRUPA_OPSIYON;D_EQ;SSO;D_EQ_ECP;DE_AKBNK_ECP;AKBNK.E;2026-05-25;0.03;0.04;-25;0;0;0;0;0;0;0;0;0;0;0;;;;;
2026-05-08;O_AKBNKE0526C96.00;AKBNK_05/2026_AVRUPA_OPSIYON;D_EQ;SSO;D_EQ_ECP;DE_AKBNK_ECP;AKBNK.E;2026-05-25;0.02;0.02;0;0;0;0;0;0;0;0;0;0;1;0;;;;;
2026-05-08;O_AKBNKE0526C98.00;AKBNK_05/2026_AVRUPA_OPSIYON;D_EQ;SSO;D_EQ_ECP;DE_AKBNK_ECP;AKBNK.E;2026-05-25;0.01;0.01;0;0;0;0;0;0;0;0;0;0;0;0;;;;;
2026-05-08;O_AKBNKE0526P100.00;AKBNK_05/2026_AVRUPA_OPSIYON;D_EQ;SSO;D_EQ_EPP;DE_AKBNK_EPP;AKBNK.E;2026-05-25;23;22.95;0.22;0;0;0;0;0;0;0;0;0;0;0;;;;;
2026-05-08;O_AKBNKE0526P56.00;AKBNK_05/2026_AVRUPA_OPSIYON;D_EQ;SSO;D_EQ_EPP;DE_AKBNK_EPP;AKBNK.E;2026-05-25;0.01;0.01;0;0;0;0;0;0;0;0;0;0;0;0;;;;;
2026-05-08;O_AKBNKE0526P58.00;AKBNK_05/2026_AVRUPA_OPSIYON;D_EQ;SSO;D_EQ_EPP;DE_AKBNK_EPP;AKBNK.E;2026-05-25;0.01;0.01;0;0;0;0;0;0;0;0;0;0;0;0;;;;;
2026-05-08;O_AKBNKE0526P60.00;AKBNK_05/2026_AVRUPA_OPSIYON;D_EQ;SSO;D_EQ_EPP;DE_AKBNK_EPP;AKBNK.E;2026-05-25;0.01;0.01;0;0;0;0;0;0;0;0;0;0;0;0;;;;;
2026-05-08;O_AKBNKE0526P62.00;AKBNK_05/2026_AVRUPA_OPSIYON;D_EQ;SSO;D_EQ_EPP;DE_AKBNK_EPP;AKBNK.E;2026-05-25;0.02;0.02;0;0;0;0;0;0;0;0;0;0;0;0;;;;;
2026-05-08;O_AKBNKE0526P64.00;AKBNK_05/2026_AVRUPA_OPSIYON;D_EQ;SSO;D_EQ_EPP;DE_AKBNK_EPP;AKBNK.E;2026-05-25;0.04;0.05;-20;0;0;0;0;0;0;0;0;0;0;0;;;;;
2026-05-08;O_AKBNKE0526P66.00;AKBNK_05/2026_AVRUPA_OPSIYON;D_EQ;SSO;D_EQ_EPP;DE_AKBNK_EPP;AKBNK.E;2026-05-25;0.1;0.12;-16.67;0;0;0;0;0;0;0;0;0;0;0;;;;;
2026-05-08;O_AKBNKE0526P68.00;AKBNK_05/2026_AVRUPA_OPSIYON;D_EQ;SSO;D_EQ_EPP;DE_AKBNK_EPP;AKBNK.E;2026-05-25;0.22;0.25;-12;0;0;0;0;0;0;0;0;0;0;0;;;;;
2026-05-08;O_AKBNKE0526P70.00;AKBNK_05/2026_AVRUPA_OPSIYON;D_EQ;SSO;D_EQ_EPP;DE_AKBNK_EPP;AKBNK.E;2026-05-25;0.44;0.48;-8.33;0.37;0.37;0.37;0.37;0.37;7000;37;1;1;500;0;;;;;
2026-05-08;O_AKBNKE0526P72.00;AKBNK_05/2026_AVRUPA_OPSIYON;D_EQ;SSO;D_EQ_EPP;DE_AKBNK_EPP;AKBNK.E;2026-05-25;0.8;0.86;-6.98;0.6;0.56;0.6;0.56;0.58;3600000;28972;500;3;3760;500;;;;;
2026-05-08;O_AKBNKE0526P74.00;AKBNK_05/2026_AVRUPA_OPSIYON;D_EQ;SSO;D_EQ_EPP;DE_AKBNK_EPP;AKBNK.E;2026-05-25;1.38;1.44;-4.17;0.95;0.95;0.95;0.95;0.95;740000;9500;100;1;2386;100;;;;;
2026-05-08;O_AKBNKE0526P76.00;AKBNK_05/2026_AVRUPA_OPSIYON;D_EQ;SSO;D_EQ_EPP;DE_AKBNK_EPP;AKBNK.E;2026-05-25;2.19;2.25;-2.67;0;0;0;0;0;0;0;0;0;1075;0;;;;;
2026-05-08;O_AKBNKE0526P78.00;AKBNK_05/2026_AVRUPA_OPSIYON;D_EQ;SSO;D_EQ_EPP;DE_AKBNK_EPP;AKBNK.E;2026-05-25;3.26;3.32;-1.81;0;0;0;0;0;0;0;0;0;958;0;;;;;
2026-05-08;O_AKBNKE0526P80.00;AKBNK_05/2026_AVRUPA_OPSIYON;D_EQ;SSO;D_EQ_EPP;DE_AKBNK_EPP;AKBNK.E;2026-05-25;4.56;4.61;-1.08;0;0;0;0;0;0;0;0;0;150;0;;;;;
2026-05-08;O_AKBNKE0526P82.00;AKBNK_05/2026_AVRUPA_OPSIYON;D_EQ;SSO;D_EQ_EPP;DE_AKBNK_EPP;AKBNK.E;2026-05-25;6.08;6.11;-0.49;0;0;0;0;0;0;0;0;0;843;0;;;;;
2026-05-08;O_AKBNKE0526P84.00;AKBNK_05/2026_AVRUPA_OPSIYON;D_EQ;SSO;D_EQ_EPP;DE_AKBNK_EPP;AKBNK.E;2026-05-25;7.74;7.76;-0.26;0;0;0;0;0;0;0;0;0;565;0;;;;;
2026-05-08;O_AKBNKE0526P86.00;AKBNK_05/2026_AVRUPA_OPSIYON;D_EQ;SSO;D_EQ_EPP;DE_AKBNK_EPP;AKBNK.E;2026-05-25;9.52;9.52;0;0;0;0;0;0;0;0;0;0;1000;0;;;;;
2026-05-08;O_AKBNKE0526P88.00;AKBNK_05/2026_AVRUPA_OPSIYON;D_EQ;SSO;D_EQ_EPP;DE_AKBNK_EPP;AKBNK.E;2026-05-25;11.37;11.36;0.09;0;0;0;0;0;0;0;0;0;517;0;;;;;
2026-05-08;O_AKBNKE0526P90.00;AKBNK_05/2026_AVRUPA_OPSIYON;D_EQ;SSO;D_EQ_EPP;DE_AKBNK_EPP;AKBNK.E;2026-05-25;13.26;13.24;0.15;0;0;0;0;0;0;0;0;0;0;0;;;;;
2026-05-08;O_AKBNKE0526P92.00;AKBNK_05/2026_AVRUPA_OPSIYON;D_EQ;SSO;D_EQ_EPP;DE_AKBNK_EPP;AKBNK.E;2026-05-25;15.19;15.16;0.2;0;0;0;0;0;0;0;0;0;0;0;;;;;
2026-05-08;O_AKBNKE0526P94.00;AKBNK_05/2026_AVRUPA_OPSIYON;D_EQ;SSO;D_EQ_EPP;DE_AKBNK_EPP;AKBNK.E;2026-05-25;17.13;17.09;0.23;0;0;0;0;0;0;0;0;0;0;0;;;;;
2026-05-08;O_AKBNKE0526P96.00;AKBNK_05/2026_AVRUPA_OPSIYON;D_EQ;SSO;D_EQ_EPP;DE_AKBNK_EPP;AKBNK.E;2026-05-25;19.08;19.04;0.21;0;0;0;0;0;0;0;0;0;0;0;;;;;
2026-05-08;O_AKBNKE0526P98.00;AKBNK_05/2026_AVRUPA_OPSIYON;D_EQ;SSO;D_EQ_EPP;DE_AKBNK_EPP;AKBNK.E;2026-05-25;21.04;20.99;0.24;0;0;0;0;0;0;0;0;0;0;0;;;;;
2026-05-08;O_AKBNKE0626C100.00;AKBNK_06/2026_AVRUPA_OPSIYON;D_EQ;SSO;D_EQ_ECP;DE_AKBNK_ECP;AKBNK.E;2026-06-30;0.47;0.5;-6;0;0;0;0;0;0;0;0;0;0;0;;;;;
2026-05-08;O_AKBNKE0626C105.00;AKBNK_06/2026_AVRUPA_OPSIYON;D_EQ;SSO;D_EQ_ECP;DE_AKBNK_ECP;AKBNK.E;2026-06-30;0.27;0.29;-6.9;0;0;0;0;0;0;0;0;0;0;0;;;;;
2026-05-08;O_AKBNKE0626C70.00;AKBNK_06/2026_AVRUPA_OPSIYON;D_EQ;SSO;D_EQ_ECP;DE_AKBNK_ECP;AKBNK.E;2026-06-30;10.17;10.23;-0.59;0;0;0;0;0;0;0;0;0;0;0;;;;;
2026-05-08;O_AKBNKE0626C72.00;AKBNK_06/2026_AVRUPA_OPSIYON;D_EQ;SSO;D_EQ_ECP;DE_AKBNK_ECP;AKBNK.E;2026-06-30;8.71;8.77;-0.68;0;0;0;0;0;0;0;0;0;50;0;;;;;
2026-05-08;O_AKBNKE0626C74.00;AKBNK_06/2026_AVRUPA_OPSIYON;D_EQ;SSO;D_EQ_ECP;DE_AKBNK_ECP;AKBNK.E;2026-06-30;7.36;7.43;-0.94;0;0;0;0;0;0;0;0;0;0;0;;;;;
2026-05-08;O_AKBNKE0626C76.00;AKBNK_06/2026_AVRUPA_OPSIYON;D_EQ;SSO;D_EQ_ECP;DE_AKBNK_ECP;AKBNK.E;2026-06-30;6.16;6.22;-0.96;0;0;0;0;0;0;0;0;0;4;0;;;;;
2026-05-08;O_AKBNKE0626C78.00;AKBNK_06/2026_AVRUPA_OPSIYON;D_EQ;SSO;D_EQ_ECP;DE_AKBNK_ECP;AKBNK.E;2026-06-30;5.09;5.16;-1.36;0;0;0;0;0;0;0;0;0;0;0;;;;;
2026-05-08;O_AKBNKE0626C80.00;AKBNK_06/2026_AVRUPA_OPSIYON;D_EQ;SSO;D_EQ_ECP;DE_AKBNK_ECP;AKBNK.E;2026-06-30;4.17;4.24;-1.65;0;0;0;0;0;0;0;0;0;0;0;;;;;
2026-05-08;O_AKBNKE0626C82.00;AKBNK_06/2026_AVRUPA_OPSIYON;D_EQ;SSO;D_EQ_ECP;DE_AKBNK_ECP;AKBNK.E;2026-06-30;3.38;3.45;-2.03;0;0;0;0;0;0;0;0;0;0;0;;;;;
2026-05-08;O_AKBNKE0626C84.00;AKBNK_06/2026_AVRUPA_OPSIYON;D_EQ;SSO;D_EQ_ECP;DE_AKBNK_ECP;AKBNK.E;2026-06-30;2.75;2.81;-2.14;0;0;0;0;0;0;0;0;0;10;0;;;;;
2026-05-08;O_AKBNKE0626C86.00;AKBNK_06/2026_AVRUPA_OPSIYON;D_EQ;SSO;D_EQ_ECP;DE_AKBNK_ECP;AKBNK.E;2026-06-30;2.22;2.28;-2.63;0;0;0;0;0;0;0;0;0;0;0;;;;;
2026-05-08;O_AKBNKE0626C88.00;AKBNK_06/2026_AVRUPA_OPSIYON;D_EQ;SSO;D_EQ_ECP;DE_AKBNK_ECP;AKBNK.E;2026-06-30;1.79;1.85;-3.24;0;0;0;0;0;0;0;0;0;0;0;;;;;
2026-05-08;O_AKBNKE0626C90.00;AKBNK_06/2026_AVRUPA_OPSIYON;D_EQ;SSO;D_EQ_ECP;DE_AKBNK_ECP;AKBNK.E;2026-06-30;1.44;1.49;-3.36;0;0;0;0;0;0;0;0;0;306;0;;;;;
2026-05-08;O_AKBNKE0626C92.00;AKBNK_06/2026_AVRUPA_OPSIYON;D_EQ;SSO;D_EQ_ECP;DE_AKBNK_ECP;AKBNK.E;2026-06-30;1.15;1.2;-4.17;0;0;0;0;0;0;0;0;0;20000;0;;;;;
2026-05-08;O_AKBNKE0626C94.00;AKBNK_06/2026_AVRUPA_OPSIYON;D_EQ;SSO;D_EQ_ECP;DE_AKBNK_ECP;AKBNK.E;2026-06-30;0.92;0.96;-4.17;0;0;0;0;0;0;0;0;0;653;0;;;;;
2026-05-08;O_AKBNKE0626C96.00;AKBNK_06/2026_AVRUPA_OPSIYON;D_EQ;SSO;D_EQ_ECP;DE_AKBNK_ECP;AKBNK.E;2026-06-30;0.73;0.77;-5.19;0;0;0;0;0;0;0;0;0;0;0;;;;;
2026-05-08;O_AKBNKE0626C98.00;AKBNK_06/2026_AVRUPA_OPSIYON;D_EQ;SSO;D_EQ_ECP;DE_AKBNK_ECP;AKBNK.E;2026-06-30;0.59;0.62;-4.84;0;0;0;0;0;0;0;0;0;0;0;;;;;
2026-05-08;O_AKBNKE0626P60.00;AKBNK_06/2026_AVRUPA_OPSIYON;D_EQ;SSO;D_EQ_EPP;DE_AKBNK_EPP;AKBNK.E;2026-06-30;0.15;0.17;-11.76;0;0;0;0;0;0;0;0;0;0;0;;;;;
2026-05-08;O_AKBNKE0626P62.00;AKBNK_06/2026_AVRUPA_OPSIYON;D_EQ;SSO;D_EQ_EPP;DE_AKBNK_EPP;AKBNK.E;2026-06-30;0.25;0.26;-3.85;0;0;0;0;0;0;0;0;0;0;0;;;;;
2026-05-08;O_AKBNKE0626P64.00;AKBNK_06/2026_AVRUPA_OPSIYON;D_EQ;SSO;D_EQ_EPP;DE_AKBNK_EPP;AKBNK.E;2026-06-30;0.38;0.4;-5;0;0;0;0;0;0;0;0;0;0;0;;;;;
2026-05-08;O_AKBNKE0626P66.00;AKBNK_06/2026_AVRUPA_OPSIYON;D_EQ;SSO;D_EQ_EPP;DE_AKBNK_EPP;AKBNK.E;2026-06-30;0.57;0.6;-5;0;0;0;0;0;0;0;0;0;0;0;;;;;
2026-05-08;O_AKBNKE0626P68.00;AKBNK_06/2026_AVRUPA_OPSIYON;D_EQ;SSO;D_EQ_EPP;DE_AKBNK_EPP;AKBNK.E;2026-06-30;0.83;0.86;-3.49;0;0;0;0;0;0;0;0;0;0;0;;;;;
2026-05-08;O_AKBNKE0626P70.00;AKBNK_06/2026_AVRUPA_OPSIYON;D_EQ;SSO;D_EQ_EPP;DE_AKBNK_EPP;AKBNK.E;2026-06-30;1.17;1.2;-2.5;0;0;0;0;0;0;0;0;0;0;0;;;;;
2026-05-08;O_AKBNKE0626P72.00;AKBNK_06/2026_AVRUPA_OPSIYON;D_EQ;SSO;D_EQ_EPP;DE_AKBNK_EPP;AKBNK.E;2026-06-30;1.6;1.64;-2.44;0;0;0;0;0;0;0;0;0;0;0;;;;;
2026-05-08;O_AKBNKE0626P74.00;AKBNK_06/2026_AVRUPA_OPSIYON;D_EQ;SSO;D_EQ_EPP;DE_AKBNK_EPP;AKBNK.E;2026-06-30;2.14;2.18;-1.83;0;0;0;0;0;0;0;0;0;2504;0;;;;;
2026-05-08;O_AKBNKE0626P76.00;AKBNK_06/2026_AVRUPA_OPSIYON;D_EQ;SSO;D_EQ_EPP;DE_AKBNK_EPP;AKBNK.E;2026-06-30;2.83;2.87;-1.39;0;0;0;0;0;0;0;0;0;270;0;;;;;
2026-05-08;O_AKBNKE0626P78.00;AKBNK_06/2026_AVRUPA_OPSIYON;D_EQ;SSO;D_EQ_EPP;DE_AKBNK_EPP;AKBNK.E;2026-06-30;3.65;3.69;-1.08;0;0;0;0;0;0;0;0;0;0;0;;;;;
2026-05-08;O_AKBNKE0626P80.00;AKBNK_06/2026_AVRUPA_OPSIYON;D_EQ;SSO;D_EQ_EPP;DE_AKBNK_EPP;AKBNK.E;2026-06-30;4.63;4.66;-0.64;0;0;0;0;0;0;0;0;0;50;0;;;;;
2026-05-08;O_AKBNKE0626P82.00;AKBNK_06/2026_AVRUPA_OPSIYON;D_EQ;SSO;D_EQ_EPP;DE_AKBNK_EPP;AKBNK.E;2026-06-30;5.73;5.77;-0.69;0;0;0;0;0;0;0;0;0;150;0;;;;;
2026-05-08;O_AKBNKE0626P84.00;AKBNK_06/2026_AVRUPA_OPSIYON;D_EQ;SSO;D_EQ_EPP;DE_AKBNK_EPP;AKBNK.E;2026-06-30;6.99;7.02;-0.43;0;0;0;0;0;0;0;0;0;0;0;;;;;
2026-05-08;O_AKBNKE0626P86.00;AKBNK_06/2026_AVRUPA_OPSIYON;D_EQ;SSO;D_EQ_EPP;DE_AKBNK_EPP;AKBNK.E;2026-06-30;8.35;8.38;-0.36;0;0;0;0;0;0;0;0;0;0;0;;;;;
2026-05-08;O_AKBNKE0626P88.00;AKBNK_06/2026_AVRUPA_OPSIYON;D_EQ;SSO;D_EQ_EPP;DE_AKBNK_EPP;AKBNK.E;2026-06-30;9.82;9.84;-0.2;0;0;0;0;0;0;0;0;0;0;0;;;;;
2026-05-08;O_AKBNKE0626P90.00;AKBNK_06/2026_AVRUPA_OPSIYON;D_EQ;SSO;D_EQ_EPP;DE_AKBNK_EPP;AKBNK.E;2026-06-30;11.35;11.37;-0.18;0;0;0;0;0;0;0;0;0;0;0;;;;;
2026-05-08;O_AKBNKE0626P92.00;AKBNK_06/2026_AVRUPA_OPSIYON;D_EQ;SSO;D_EQ_EPP;DE_AKBNK_EPP;AKBNK.E;2026-06-30;12.96;12.97;-0.08;0;0;0;0;0;0;0;0;0;0;0;;;;;
2026-05-08;O_AKBNKE0726C74.00;AKBNK_07/2026_AVRUPA_OPSIYON;D_EQ;SSO;D_EQ_ECP;DE_AKBNK_ECP;AKBNK.E;2026-07-31;10.71;10.77;-0.56;0;0;0;0;0;0;0;0;0;0;0;;;;;
2026-05-08;O_AKBNKE0726C76.00;AKBNK_07/2026_AVRUPA_OPSIYON;D_EQ;SSO;D_EQ_ECP;DE_AKBNK_ECP;AKBNK.E;2026-07-31;9.42;9.49;-0.74;0;0;0;0;0;0;0;0;0;0;0;;;;;
2026-05-08;O_AKBNKE0726C78.00;AKBNK_07/2026_AVRUPA_OPSIYON;D_EQ;SSO;D_EQ_ECP;DE_AKBNK_ECP;AKBNK.E;2026-07-31;8.25;8.32;-0.84;0;0;0;0;0;0;0;0;0;0;0;;;;;
2026-05-08;O_AKBNKE0726C80.00;AKBNK_07/2026_AVRUPA_OPSIYON;D_EQ;SSO;D_EQ_ECP;DE_AKBNK_ECP;AKBNK.E;2026-07-31;7.19;7.26;-0.96;0;0;0;0;0;0;0;0;0;0;0;;;;;
2026-05-08;O_AKBNKE0726C82.00;AKBNK_07/2026_AVRUPA_OPSIYON;D_EQ;SSO;D_EQ_ECP;DE_AKBNK_ECP;AKBNK.E;2026-07-31;6.23;6.3;-1.11;0;0;0;0;0;0;0;0;0;0;0;;;;;
2026-05-08;O_AKBNKE0726C84.00;AKBNK_07/2026_AVRUPA_OPSIYON;D_EQ;SSO;D_EQ_ECP;DE_AKBNK_ECP;AKBNK.E;2026-07-31;5.38;5.45;-1.28;0;0;0;0;0;0;0;0;0;0;0;;;;;
2026-05-08;O_AKBNKE0726C86.00;AKBNK_07/2026_AVRUPA_OPSIYON;D_EQ;SSO;D_EQ_ECP;DE_AKBNK_ECP;AKBNK.E;2026-07-31;4.66;4.73;-1.48;0;0;0;0;0;0;0;0;0;0;0;;;;;
2026-05-08;O_AKBNKE0726C88.00;AKBNK_07/2026_AVRUPA_OPSIYON;D_EQ;SSO;D_EQ_ECP;DE_AKBNK_ECP;AKBNK.E;2026-07-31;4.03;4.1;-1.71;0;0;0;0;0;0;0;0;0;0;0;;;;;
2026-05-08;O_AKBNKE0726C90.00;AKBNK_07/2026_AVRUPA_OPSIYON;D_EQ;SSO;D_EQ_ECP;DE_AKBNK_ECP;AKBNK.E;2026-07-31;3.48;3.55;-1.97;0;0;0;0;0;0;0;0;0;0;0;;;;;
2026-05-08;O_AKBNKE0726C92.00;AKBNK_07/2026_AVRUPA_OPSIYON;D_EQ;SSO;D_EQ_ECP;DE_AKBNK_ECP;AKBNK.E;2026-07-31;3.01;3.07;-1.95;0;0;0;0;0;0;0;0;0;0;0;;;;;
2026-05-08;O_AKBNKE0726C94.00;AKBNK_07/2026_AVRUPA_OPSIYON;D_EQ;SSO;D_EQ_ECP;DE_AKBNK_ECP;AKBNK.E;2026-07-31;2.59;;0;0;0;0;0;0;0;0;0;0;0;0;;;;;
2026-05-08;O_AKBNKE0726P64.00;AKBNK_07/2026_AVRUPA_OPSIYON;D_EQ;SSO;D_EQ_EPP;DE_AKBNK_EPP;AKBNK.E;2026-07-31;0.51;0.53;-3.77;0;0;0;0;0;0;0;0;0;0;0;;;;;
2026-05-08;O_AKBNKE0726P66.00;AKBNK_07/2026_AVRUPA_OPSIYON;D_EQ;SSO;D_EQ_EPP;DE_AKBNK_EPP;AKBNK.E;2026-07-31;0.7;0.72;-2.78;0;0;0;0;0;0;0;0;0;0;0;;;;;
2026-05-08;O_AKBNKE0726P68.00;AKBNK_07/2026_AVRUPA_OPSIYON;D_EQ;SSO;D_EQ_EPP;DE_AKBNK_EPP;AKBNK.E;2026-07-31;0.94;0.96;-2.08;0;0;0;0;0;0;0;0;0;0;0;;;;;
2026-05-08;O_AKBNKE0726P70.00;AKBNK_07/2026_AVRUPA_OPSIYON;D_EQ;SSO;D_EQ_EPP;DE_AKBNK_EPP;AKBNK.E;2026-07-31;1.23;1.26;-2.38;0;0;0;0;0;0;0;0;0;0;0;;;;;
2026-05-08;O_AKBNKE0726P72.00;AKBNK_07/2026_AVRUPA_OPSIYON;D_EQ;SSO;D_EQ_EPP;DE_AKBNK_EPP;AKBNK.E;2026-07-31;1.59;1.62;-1.85;0;0;0;0;0;0;0;0;0;0;0;;;;;
2026-05-08;O_AKBNKE0726P74.00;AKBNK_07/2026_AVRUPA_OPSIYON;D_EQ;SSO;D_EQ_EPP;DE_AKBNK_EPP;AKBNK.E;2026-07-31;2.03;2.06;-1.46;0;0;0;0;0;0;0;0;0;0;0;;;;;
2026-05-08;O_AKBNKE0726P76.00;AKBNK_07/2026_AVRUPA_OPSIYON;D_EQ;SSO;D_EQ_EPP;DE_AKBNK_EPP;AKBNK.E;2026-07-31;2.54;2.57;-1.17;0;0;0;0;0;0;0;0;0;0;0;;;;;
2026-05-08;O_AKBNKE0726P78.00;AKBNK_07/2026_AVRUPA_OPSIYON;D_EQ;SSO;D_EQ_EPP;DE_AKBNK_EPP;AKBNK.E;2026-07-31;3.17;3.2;-0.94;0;0;0;0;0;0;0;0;0;0;0;;;;;
2026-05-08;O_AKBNKE0726P80.00;AKBNK_07/2026_AVRUPA_OPSIYON;D_EQ;SSO;D_EQ_EPP;DE_AKBNK_EPP;AKBNK.E;2026-07-31;3.9;3.93;-0.76;0;0;0;0;0;0;0;0;0;0;0;;;;;
2026-05-08;O_AKBNKE0726P82.00;AKBNK_07/2026_AVRUPA_OPSIYON;D_EQ;SSO;D_EQ_EPP;DE_AKBNK_EPP;AKBNK.E;2026-07-31;4.75;4.77;-0.42;0;0;0;0;0;0;0;0;0;0;0;;;;;
2026-05-08;O_AKBNKE0726P84.00;AKBNK_07/2026_AVRUPA_OPSIYON;D_EQ;SSO;D_EQ_EPP;DE_AKBNK_EPP;AKBNK.E;2026-07-31;5.69;;0;0;0;0;0;0;0;0;0;0;0;0;;;;;
2026-05-08;O_ALARKE0526C100.00;ALARK_05/2026_AVRUPA_OPSIYON;D_EQ;SSO;D_EQ_ECP;DE_ALARK_ECP;ALARK.E;2026-05-25;3.49;4.09;-14.67;0;0;0;0;0;0;0;0;0;113;0;;;;;
2026-05-08;O_ALARKE0526C105.00;ALARK_05/2026_AVRUPA_OPSIYON;D_EQ;SSO;D_EQ_ECP;DE_ALARK_ECP;ALARK.E;2026-05-25;1.49;1.88;-20.74;0;0;0;0;0;0;0;0;0;0;0;;;;;
2026-05-08;O_ALARKE0526C110.00;ALARK_05/2026_AVRUPA_OPSIYON;D_EQ;SSO;D_EQ_ECP;DE_ALARK_ECP;ALARK.E;2026-05-25;0.52;0.78;-33.33;0;0;0;0;0;0;0;0;0;0;0;;;;;
2026-05-08;O_ALARKE0526C115.00;ALARK_05/2026_AVRUPA_OPSIYON;D_EQ;SSO;D_EQ_ECP;DE_ALARK_ECP;ALARK.E;2026-05-25;0.15;0.31;-51.61;0;0;0;0;0;0;0;0;0;0;0;;;;;
2026-05-08;O_ALARKE0526C120.00;ALARK_05/2026_AVRUPA_OPSIYON;D_EQ;SSO;D_EQ_ECP;DE_ALARK_ECP;ALARK.E;2026-05-25;0.03;0.12;-75;0;0;0;0;0;0;0;0;0;0;0;;;;;
2026-05-08;O_ALARKE0526C125.00;ALARK_05/2026_AVRUPA_OPSIYON;D_EQ;SSO;D_EQ_ECP;DE_ALARK_ECP;ALARK.E;2026-05-25;0.01;0.04;-75;0;0;0;0;0;0;0;0;0;0;0;;;;;
2026-05-08;O_ALARKE0526C130.00;ALARK_05/2026_AVRUPA_OPSIYON;D_EQ;SSO;D_EQ_ECP;DE_ALARK_ECP;ALARK.E;2026-05-25;0.01;0.02;-50;0;0;0;0;0;0;0;0;0;0;0;;;;;
2026-05-08;O_ALARKE0526C135.00;ALARK_05/2026_AVRUPA_OPSIYON;D_EQ;SSO;D_EQ_ECP;DE_ALARK_ECP;ALARK.E;2026-05-25;0.01;0.01;0;0;0;0;0;0;0;0;0;0;0;0;;;;;
2026-05-08;O_ALARKE0526C140.00;ALARK_05/2026_AVRUPA_OPSIYON;D_EQ;SSO;D_EQ_ECP;DE_ALARK_ECP;ALARK.E;2026-05-25;0.01;0.01;0;0;0;0;0;0;0;0;0;0;0;0;;;;;
2026-05-08;O_ALARKE0526C90.00;ALARK_05/2026_AVRUPA_OPSIYON;D_EQ;SSO;D_EQ_ECP;DE_ALARK_ECP;ALARK.E;2026-05-25;10.95;11.86;-7.67;0;0;0;0;0;0;0;0;0;0;0;;;;;
2026-05-08;O_ALARKE0526C92.00;ALARK_05/2026_AVRUPA_OPSIYON;D_EQ;SSO;D_EQ_ECP;DE_ALARK_ECP;ALARK.E;2026-05-25;9.17;10.06;-8.85;0;0;0;0;0;0;0;0;0;0;0;;;;;
2026-05-08;O_ALARKE0526C94.00;ALARK_05/2026_AVRUPA_OPSIYON;D_EQ;SSO;D_EQ_ECP;DE_ALARK_ECP;ALARK.E;2026-05-25;7.51;8.35;-10.06;0;0;0;0;0;0;0;0;0;53;0;;;;;
2026-05-08;O_ALARKE0526C96.00;ALARK_05/2026_AVRUPA_OPSIYON;D_EQ;SSO;D_EQ_ECP;DE_ALARK_ECP;ALARK.E;2026-05-25;5.99;6.75;-11.26;5.58;5.54;5.58;5.54;5.56;288000;16680;30;3;37;-30;;;;;
2026-05-08;O_ALARKE0526C98.00;ALARK_05/2026_AVRUPA_OPSIYON;D_EQ;SSO;D_EQ_ECP;DE_ALARK_ECP;ALARK.E;2026-05-25;4.65;5.33;-12.76;0;0;0;0;0;0;0;0;0;6;0;;;;;
2026-05-08;O_ALARKE0526P100.00;ALARK_05/2026_AVRUPA_OPSIYON;D_EQ;SSO;D_EQ_EPP;DE_ALARK_EPP;ALARK.E;2026-05-25;2.59;2.29;13.1;0;0;0;0;0;0;0;0;0;0;0;;;;;
2026-05-08;O_ALARKE0526P105.00;ALARK_05/2026_AVRUPA_OPSIYON;D_EQ;SSO;D_EQ_EPP;DE_ALARK_EPP;ALARK.E;2026-05-25;5.5;4.98;10.44;0;0;0;0;0;0;0;0;0;0;0;;;;;
2026-05-08;O_ALARKE0526P110.00;ALARK_05/2026_AVRUPA_OPSIYON;D_EQ;SSO;D_EQ_EPP;DE_ALARK_EPP;ALARK.E;2026-05-25;9.44;8.79;7.39;0;0;0;0;0;0;0;0;0;0;0;;;;;
2026-05-08;O_ALARKE0526P115.00;ALARK_05/2026_AVRUPA_OPSIYON;D_EQ;SSO;D_EQ_EPP;DE_ALARK_EPP;ALARK.E;2026-05-25;13.98;13.22;5.75;0;0;0;0;0;0;0;0;0;0;0;;;;;
2026-05-08;O_ALARKE0526P80.00;ALARK_05/2026_AVRUPA_OPSIYON;D_EQ;SSO;D_EQ_EPP;DE_ALARK_EPP;ALARK.E;2026-05-25;0.01;0.01;0;0;0;0;0;0;0;0;0;0;5;0;;;;;
2026-05-08;O_ALARKE0526P82.00;ALARK_05/2026_AVRUPA_OPSIYON;D_EQ;SSO;D_EQ_EPP;DE_ALARK_EPP;ALARK.E;2026-05-25;0.01;0.02;-50;0;0;0;0;0;0;0;0;0;0;0;;;;;
2026-05-08;O_ALARKE0526P84.00;ALARK_05/2026_AVRUPA_OPSIYON;D_EQ;SSO;D_EQ_EPP;DE_ALARK_EPP;ALARK.E;2026-05-25;0.02;0.04;-50;0;0;0;0;0;0;0;0;0;0;0;;;;;
2026-05-08;O_ALARKE0526P86.00;ALARK_05/2026_AVRUPA_OPSIYON;D_EQ;SSO;D_EQ_EPP;DE_ALARK_EPP;ALARK.E;2026-05-25;0.05;0.07;-28.57;0;0;0;0;0;0;0;0;0;0;0;;;;;
2026-05-08;O_ALARKE0526P88.00;ALARK_05/2026_AVRUPA_OPSIYON;D_EQ;SSO;D_EQ_EPP;DE_ALARK_EPP;ALARK.E;2026-05-25;0.11;0.14;-21.43;0;0;0;0;0;0;0;0;0;0;0;;;;;
2026-05-08;O_ALARKE0526P90.00;ALARK_05/2026_AVRUPA_OPSIYON;D_EQ;SSO;D_EQ_EPP;DE_ALARK_EPP;ALARK.E;2026-05-25;0.22;0.24;-8.33;0;0;0;0;0;0;0;0;0;0;0;;;;;
2026-05-08;O_ALARKE0526P92.00;ALARK_05/2026_AVRUPA_OPSIYON;D_EQ;SSO;D_EQ_EPP;DE_ALARK_EPP;ALARK.E;2026-05-25;0.41;0.4;2.5;0;0;0;0;0;0;0;0;0;0;0;;;;;
2026-05-08;O_ALARKE0526P94.00;ALARK_05/2026_AVRUPA_OPSIYON;D_EQ;SSO;D_EQ_EPP;DE_ALARK_EPP;ALARK.E;2026-05-25;0.71;0.65;9.23;0.9;0.9;0.9;0.9;0.9;470000;4500;50;5;194;40;;;;;
2026-05-08;O_ALARKE0526P96.00;ALARK_05/2026_AVRUPA_OPSIYON;D_EQ;SSO;D_EQ_EPP;DE_ALARK_EPP;ALARK.E;2026-05-25;1.16;1.02;13.73;0;0;0;0;0;0;0;0;0;0;0;;;;;
2026-05-08;O_ALARKE0526P98.00;ALARK_05/2026_AVRUPA_OPSIYON;D_EQ;SSO;D_EQ_EPP;DE_ALARK_EPP;ALARK.E;2026-05-25;1.78;1.56;14.1;1.94;1.94;1.96;1.96;1.95;490000;9740;50;5;406;50;;;;;
2026-05-08;O_ALARKE0626C100.00;ALARK_06/2026_AVRUPA_OPSIYON;D_EQ;SSO;D_EQ_ECP;DE_ALARK_ECP;ALARK.E;2026-06-30;7.92;8.44;-6.16;0;0;0;0;0;0;0;0;0;0;0;;;;;
2026-05-08;O_ALARKE0626C105.00;ALARK_06/2026_AVRUPA_OPSIYON;D_EQ;SSO;D_EQ_ECP;DE_ALARK_ECP;ALARK.E;2026-06-30;5.35;5.75;-6.96;0;0;0;0;0;0;0;0;0;0;0;;;;;
2026-05-08;O_ALARKE0626C110.00;ALARK_06/2026_AVRUPA_OPSIYON;D_EQ;SSO;D_EQ_ECP;DE_ALARK_ECP;ALARK.E;2026-06-30;3.44;3.8;-9.47;0;0;0;0;0;0;0;0;0;0;0;;;;;
2026-05-08;O_ALARKE0626C115.00;ALARK_06/2026_AVRUPA_OPSIYON;D_EQ;SSO;D_EQ_ECP;DE_ALARK_ECP;ALARK.E;2026-06-30;2.09;2.57;-18.68;0;0;0;0;0;0;0;0;0;0;0;;;;;
2026-05-08;O_ALARKE0626C120.00;ALARK_06/2026_AVRUPA_OPSIYON;D_EQ;SSO;D_EQ_ECP;DE_ALARK_ECP;ALARK.E;2026-06-30;1.2;1.74;-31.03;0;0;0;0;0;0;0;0;0;236;0;;;;;
2026-05-08;O_ALARKE0626C125.00;ALARK_06/2026_AVRUPA_OPSIYON;D_EQ;SSO;D_EQ_ECP;DE_ALARK_ECP;ALARK.E;2026-06-30;0.65;1.19;-45.38;0;0;0;0;0;0;0;0;0;0;0;;;;;
2026-05-08;O_ALARKE0626C130.00;ALARK_06/2026_AVRUPA_OPSIYON;D_EQ;SSO;D_EQ_ECP;DE_ALARK_ECP;ALARK.E;2026-06-30;0.34;0.83;-59.04;0;0;0;0;0;0;0;0;0;0;0;;;;;
2026-05-08;O_ALARKE0626C135.00;ALARK_06/2026_AVRUPA_OPSIYON;D_EQ;SSO;D_EQ_ECP;DE_ALARK_ECP;ALARK.E;2026-06-30;0.17;0.59;-71.19;0;0;0;0;0;0;0;0;0;0;0;;;;;
2026-05-08;O_ALARKE0626C94.00;ALARK_06/2026_AVRUPA_OPSIYON;D_EQ;SSO;D_EQ_ECP;DE_ALARK_ECP;ALARK.E;2026-06-30;11.85;12.64;-6.25;0;0;0;0;0;0;0;0;0;0;0;;;;;
2026-05-08;O_ALARKE0626C96.00;ALARK_06/2026_AVRUPA_OPSIYON;D_EQ;SSO;D_EQ_ECP;DE_ALARK_ECP;ALARK.E;2026-06-30;10.44;11.15;-6.37;0;0;0;0;0;0;0;0;0;0;0;;;;;
2026-05-08;O_ALARKE0626C98.00;ALARK_06/2026_AVRUPA_OPSIYON;D_EQ;SSO;D_EQ_ECP;DE_ALARK_ECP;ALARK.E;2026-06-30;9.12;9.74;-6.37;0;0;0;0;0;0;0;0;0;0;0;;;;;
2026-05-08;O_ALARKE0626P100.00;ALARK_06/2026_AVRUPA_OPSIYON;D_EQ;SSO;D_EQ_EPP;DE_ALARK_EPP;ALARK.E;2026-06-30;3.41;3.03;12.54;0;0;0;0;0;0;0;0;0;0;0;;;;;
2026-05-08;O_ALARKE0626P105.00;ALARK_06/2026_AVRUPA_OPSIYON;D_EQ;SSO;D_EQ_EPP;DE_ALARK_EPP;ALARK.E;2026-06-30;5.57;5.06;10.08;0;0;0;0;0;0;0;0;0;0;0;;;;;
2026-05-08;O_ALARKE0626P110.00;ALARK_06/2026_AVRUPA_OPSIYON;D_EQ;SSO;D_EQ_EPP;DE_ALARK_EPP;ALARK.E;2026-06-30;8.39;7.84;7.02;0;0;0;0;0;0;0;0;0;0;0;;;;;
2026-05-08;O_ALARKE0626P84.00;ALARK_06/2026_AVRUPA_OPSIYON;D_EQ;SSO;D_EQ_EPP;DE_ALARK_EPP;ALARK.E;2026-06-30;0.34;0.41;-17.07;0;0;0;0;0;0;0;0;0;0;0;;;;;
2026-05-08;O_ALARKE0626P86.00;ALARK_06/2026_AVRUPA_OPSIYON;D_EQ;SSO;D_EQ_EPP;DE_ALARK_EPP;ALARK.E;2026-06-30;0.49;0.55;-10.91;0;0;0;0;0;0;0;0;0;0;0;;;;;
2026-05-08;O_ALARKE0626P88.00;ALARK_06/2026_AVRUPA_OPSIYON;D_EQ;SSO;D_EQ_EPP;DE_ALARK_EPP;ALARK.E;2026-06-30;0.68;0.72;-5.56;0;0;0;0;0;0;0;0;0;0;0;;;;;
2026-05-08;O_ALARKE0626P90.00;ALARK_06/2026_AVRUPA_OPSIYON;D_EQ;SSO;D_EQ_EPP;DE_ALARK_EPP;ALARK.E;2026-06-30;0.94;0.95;-1.05;0;0;0;0;0;0;0;0;0;0;0;;;;;
2026-05-08;O_ALARKE0626P92.00;ALARK_06/2026_AVRUPA_OPSIYON;D_EQ;SSO;D_EQ_EPP;DE_ALARK_EPP;ALARK.E;2026-06-30;1.26;1.22;3.28;0;0;0;0;0;0;0;0;0;0;0;;;;;
2026-05-08;O_ALARKE0626P94.00;ALARK_06/2026_AVRUPA_OPSIYON;D_EQ;SSO;D_EQ_EPP;DE_ALARK_EPP;ALARK.E;2026-06-30;1.65;1.55;6.45;0;0;0;0;0;0;0;0;0;0;0;;;;;
2026-05-08;O_ALARKE0626P96.00;ALARK_06/2026_AVRUPA_OPSIYON;D_EQ;SSO;D_EQ_EPP;DE_ALARK_EPP;ALARK.E;2026-06-30;2.13;1.95;9.23;0;0;0;0;0;0;0;0;0;0;0;;;;;
2026-05-08;O_ALARKE0626P98.00;ALARK_06/2026_AVRUPA_OPSIYON;D_EQ;SSO;D_EQ_EPP;DE_ALARK_EPP;ALARK.E;2026-06-30;2.71;2.43;11.52;0;0;0;0;0;0;0;0;0;0;0;;;;;
2026-05-08;O_ALARKE0726C100.00;ALARK_07/2026_AVRUPA_OPSIYON;D_EQ;SSO;D_EQ_ECP;DE_ALARK_ECP;ALARK.E;2026-07-31;12.34;12.83;-3.82;0;0;0;0;0;0;0;0;0;0;0;;;;;
2026-05-08;O_ALARKE0726C105.00;ALARK_07/2026_AVRUPA_OPSIYON;D_EQ;SSO;D_EQ_ECP;DE_ALARK_ECP;ALARK.E;2026-07-31;9.45;9.8;-3.57;0;0;0;0;0;0;0;0;0;0;0;;;;;
2026-05-08;O_ALARKE0726C110.00;ALARK_07/2026_AVRUPA_OPSIYON;D_EQ;SSO;D_EQ_ECP;DE_ALARK_ECP;ALARK.E;2026-07-31;7.03;7.36;-4.48;0;0;0;0;0;0;0;0;0;0;0;;;;;
2026-05-08;O_ALARKE0726C115.00;ALARK_07/2026_AVRUPA_OPSIYON;D_EQ;SSO;D_EQ_ECP;DE_ALARK_ECP;ALARK.E;2026-07-31;5.08;5.56;-8.63;0;0;0;0;0;0;0;0;0;0;0;;;;;
2026-05-08;O_ALARKE0726C120.00;ALARK_07/2026_AVRUPA_OPSIYON;D_EQ;SSO;D_EQ_ECP;DE_ALARK_ECP;ALARK.E;2026-07-31;3.58;4.27;-16.16;0;0;0;0;0;0;0;0;0;0;0;;;;;
2026-05-08;O_ALARKE0726C125.00;ALARK_07/2026_AVRUPA_OPSIYON;D_EQ;SSO;D_EQ_ECP;DE_ALARK_ECP;ALARK.E;2026-07-31;2.45;3.31;-25.98;0;0;0;0;0;0;0;0;0;0;0;;;;;
2026-05-08;O_ALARKE0726C130.00;ALARK_07/2026_AVRUPA_OPSIYON;D_EQ;SSO;D_EQ_ECP;DE_ALARK_ECP;ALARK.E;2026-07-31;1.63;2.59;-37.07;0;0;0;0;0;0;0;0;0;0;0;;;;;
2026-05-08;O_ALARKE0726C135.00;ALARK_07/2026_AVRUPA_OPSIYON;D_EQ;SSO;D_EQ_ECP;DE_ALARK_ECP;ALARK.E;2026-07-31;1.06;2.05;-48.29;0;0;0;0;0;0;0;0;0;0;0;;;;;
2026-05-08;O_ALARKE0726C140.00;ALARK_07/2026_AVRUPA_OPSIYON;D_EQ;SSO;D_EQ_ECP;DE_ALARK_ECP;ALARK.E;2026-07-31;0.66;1.65;-60;0;0;0;0;0;0;0;0;0;0;0;;;;;
2026-05-08;O_ALARKE0726C98.00;ALARK_07/2026_AVRUPA_OPSIYON;D_EQ;SSO;D_EQ_ECP;DE_ALARK_ECP;ALARK.E;2026-07-31;13.61;14.2;-4.15;0;0;0;0;0;0;0;0;0;0;0;;;;;
2026-05-08;O_ALARKE0726P100.00;ALARK_07/2026_AVRUPA_OPSIYON;D_EQ;SSO;D_EQ_EPP;DE_ALARK_EPP;ALARK.E;2026-07-31;3.14;2.72;15.44;0;0;0;0;0;0;0;0;0;0;0;;;;;
2026-05-08;O_ALARKE0726P105.00;ALARK_07/2026_AVRUPA_OPSIYON;D_EQ;SSO;D_EQ_EPP;DE_ALARK_EPP;ALARK.E;2026-07-31;4.75;4.18;13.64;0;0;0;0;0;0;0;0;0;0;0;;;;;
2026-05-08;O_ALARKE0726P110.00;ALARK_07/2026_AVRUPA_OPSIYON;D_EQ;SSO;D_EQ_EPP;DE_ALARK_EPP;ALARK.E;2026-07-31;6.83;6.23;9.63;0;0;0;0;0;0;0;0;0;0;0;;;;;
2026-05-08;O_ALARKE0726P115.00;ALARK_07/2026_AVRUPA_OPSIYON;D_EQ;SSO;D_EQ_EPP;DE_ALARK_EPP;ALARK.E;2026-07-31;9.37;8.92;5.04;0;0;0;0;0;0;0;0;0;0;0;;;;;
2026-05-08;O_ALARKE0726P88.00;ALARK_07/2026_AVRUPA_OPSIYON;D_EQ;SSO;D_EQ_EPP;DE_ALARK_EPP;ALARK.E;2026-07-31;0.88;0.9;-2.22;0;0;0;0;0;0;0;0;0;0;0;;;;;
2026-05-08;O_ALARKE0726P90.00;ALARK_07/2026_AVRUPA_OPSIYON;D_EQ;SSO;D_EQ_EPP;DE_ALARK_EPP;ALARK.E;2026-07-31;1.12;1.1;1.82;0;0;0;0;0;0;0;0;0;0;0;;;;;
2026-05-08;O_ALARKE0726P92.00;ALARK_07/2026_AVRUPA_OPSIYON;D_EQ;SSO;D_EQ_EPP;DE_ALARK_EPP;ALARK.E;2026-07-31;1.41;1.33;6.02;0;0;0;0;0;0;0;0;0;0;0;;;;;
2026-05-08;O_ALARKE0726P94.00;ALARK_07/2026_AVRUPA_OPSIYON;D_EQ;SSO;D_EQ_EPP;DE_ALARK_EPP;ALARK.E;2026-07-31;1.75;1.61;8.7;0;0;0;0;0;0;0;0;0;0;0;;;;;
2026-05-08;O_ALARKE0726P96.00;ALARK_07/2026_AVRUPA_OPSIYON;D_EQ;SSO;D_EQ_EPP;DE_ALARK_EPP;ALARK.E;2026-07-31;2.15;1.93;11.4;0;0;0;0;0;0;0;0;0;0;0;;;;;
2026-05-08;O_ALARKE0726P98.00;ALARK_07/2026_AVRUPA_OPSIYON;D_EQ;SSO;D_EQ_EPP;DE_ALARK_EPP;ALARK.E;2026-07-31;2.61;2.3;13.48;0;0;0;0;0;0;0;0;0;0;0;;;;;
2026-05-08;O_ARCLKE0526C105.00;ARCLK_05/2026_AVRUPA_OPSIYON;D_EQ;SSO;D_EQ_ECP;DE_ARCLK_ECP;ARCLK.E;2026-05-25;11.5;12.36;-6.96;0;0;0;0;0;0;0;0;0;0;0;;;;;
2026-05-08;O_ARCLKE0526C110.00;ARCLK_05/2026_AVRUPA_OPSIYON;D_EQ;SSO;D_EQ_ECP;DE_ARCLK_ECP;ARCLK.E;2026-05-25;7.5;8.26;-9.2;7.4;7.38;7.4;7.38;7.4;440000;29580;40;4;20;0;;;;;
2026-05-08;O_ARCLKE0526C115.00;ARCLK_05/2026_AVRUPA_OPSIYON;D_EQ;SSO;D_EQ_ECP;DE_ARCLK_ECP;ARCLK.E;2026-05-25;4.36;4.97;-12.27;4.72;4.02;4.72;4.02;4.07;483000;17084;42;5;42;42;;;;;
2026-05-08;O_ARCLKE0526C120.00;ARCLK_05/2026_AVRUPA_OPSIYON;D_EQ;SSO;D_EQ_ECP;DE_ARCLK_ECP;ARCLK.E;2026-05-25;2.24;2.66;-15.79;0;0;0;0;0;0;0;0;0;20;0;;;;;
2026-05-08;O_ARCLKE0526C125.00;ARCLK_05/2026_AVRUPA_OPSIYON;D_EQ;SSO;D_EQ_ECP;DE_ARCLK_ECP;ARCLK.E;2026-05-25;1;1.26;-20.63;0;0;0;0;0;0;0;0;0;22;0;;;;;
2026-05-08;O_ARCLKE0526C130.00;ARCLK_05/2026_AVRUPA_OPSIYON;D_EQ;SSO;D_EQ_ECP;DE_ARCLK_ECP;ARCLK.E;2026-05-25;0.39;0.53;-26.42;0;0;0;0;0;0;0;0;0;5;0;;;;;
2026-05-08;O_ARCLKE0526C135.00;ARCLK_05/2026_AVRUPA_OPSIYON;D_EQ;SSO;D_EQ_ECP;DE_ARCLK_ECP;ARCLK.E;2026-05-25;0.14;0.19;-26.32;0;0;0;0;0;0;0;0;0;0;0;;;;;
2026-05-08;O_ARCLKE0526C140.00;ARCLK_05/2026_AVRUPA_OPSIYON;D_EQ;SSO;D_EQ_ECP;DE_ARCLK_ECP;ARCLK.E;2026-05-25;0.04;0.06;-33.33;0;0;0;0;0;0;0;0;0;0;0;;;;;
2026-05-08;O_ARCLKE0526C145.00;ARCLK_05/2026_AVRUPA_OPSIYON;D_EQ;SSO;D_EQ_ECP;DE_ARCLK_ECP;ARCLK.E;2026-05-25;0.01;0.02;-50;0;0;0;0;0;0;0;0;0;0;0;;;;;
2026-05-08;O_ARCLKE0526C150.00;ARCLK_05/2026_AVRUPA_OPSIYON;D_EQ;SSO;D_EQ_ECP;DE_ARCLK_ECP;ARCLK.E;2026-05-25;0.01;0.01;0;0;0;0;0;0;0;0;0;0;0;0;;;;;
2026-05-08;O_ARCLKE0526C155.00;ARCLK_05/2026_AVRUPA_OPSIYON;D_EQ;SSO;D_EQ_ECP;DE_ARCLK_ECP;ARCLK.E;2026-05-25;0.01;0.01;0;0;0;0;0;0;0;0;0;0;0;0;;;;;
2026-05-08;O_ARCLKE0526P100.00;ARCLK_05/2026_AVRUPA_OPSIYON;D_EQ;SSO;D_EQ_EPP;DE_ARCLK_EPP;ARCLK.E;2026-05-25;0.11;0.1;10;0;0;0;0;0;0;0;0;0;0;0;;;;;
2026-05-08;O_ARCLKE0526P105.00;ARCLK_05/2026_AVRUPA_OPSIYON;D_EQ;SSO;D_EQ_EPP;DE_ARCLK_EPP;ARCLK.E;2026-05-25;0.46;0.41;12.2;0;0;0;0;0;0;0;0;0;38;0;;;;;
2026-05-08;O_ARCLKE0526P110.00;ARCLK_05/2026_AVRUPA_OPSIYON;D_EQ;SSO;D_EQ_EPP;DE_ARCLK_EPP;ARCLK.E;2026-05-25;1.37;1.22;12.3;0;0;0;0;0;0;0;0;0;14;0;;;;;
2026-05-08;O_ARCLKE0526P115.00;ARCLK_05/2026_AVRUPA_OPSIYON;D_EQ;SSO;D_EQ_EPP;DE_ARCLK_EPP;ARCLK.E;2026-05-25;3.14;2.84;10.56;0;0;0;0;0;0;0;0;0;391;0;;;;;
2026-05-08;O_ARCLKE0526P120.00;ARCLK_05/2026_AVRUPA_OPSIYON;D_EQ;SSO;D_EQ_EPP;DE_ARCLK_EPP;ARCLK.E;2026-05-25;5.93;5.43;9.21;0;0;0;0;0;0;0;0;0;0;0;;;;;
2026-05-08;O_ARCLKE0526P125.00;ARCLK_05/2026_AVRUPA_OPSIYON;D_EQ;SSO;D_EQ_EPP;DE_ARCLK_EPP;ARCLK.E;2026-05-25;9.61;8.94;7.49;0;0;0;0;0;0;0;0;0;0;0;;;;;
2026-05-08;O_ARCLKE0526P130.00;ARCLK_05/2026_AVRUPA_OPSIYON;D_EQ;SSO;D_EQ_EPP;DE_ARCLK_EPP;ARCLK.E;2026-05-25;13.91;13.11;6.1;0;0;0;0;0;0;0;0;0;0;0;;;;;
2026-05-08;O_ARCLKE0526P92.00;ARCLK_05/2026_AVRUPA_OPSIYON;D_EQ;SSO;D_EQ_EPP;DE_ARCLK_EPP;ARCLK.E;2026-05-25;0.01;0.01;0;0;0;0;0;0;0;0;0;0;0;0;;;;;
2026-05-08;O_ARCLKE0526P94.00;ARCLK_05/2026_AVRUPA_OPSIYON;D_EQ;SSO;D_EQ_EPP;DE_ARCLK_EPP;ARCLK.E;2026-05-25;0.01;0.01;0;0;0;0;0;0;0;0;0;0;0;0;;;;;
2026-05-08;O_ARCLKE0526P96.00;ARCLK_05/2026_AVRUPA_OPSIYON;D_EQ;SSO;D_EQ_EPP;DE_ARCLK_EPP;ARCLK.E;2026-05-25;0.03;0.03;0;0;0;0;0;0;0;0;0;0;6;0;;;;;
2026-05-08;O_ARCLKE0526P98.00;ARCLK_05/2026_AVRUPA_OPSIYON;D_EQ;SSO;D_EQ_EPP;DE_ARCLK_EPP;ARCLK.E;2026-05-25;0.06;0.05;20;0;0;0;0;0;0;0;0;0;0;0;;;;;
2026-05-08;O_ARCLKE0626C110.00;ARCLK_06/2026_AVRUPA_OPSIYON;D_EQ;SSO;D_EQ_ECP;DE_ARCLK_ECP;ARCLK.E;2026-06-30;12.6;13.3;-5.26;0;0;0;0;0;0;0;0;0;0;0;;;;;
2026-05-08;O_ARCLKE0626C115.00;ARCLK_06/2026_AVRUPA_OPSIYON;D_EQ;SSO;D_EQ_ECP;DE_ARCLK_ECP;ARCLK.E;2026-06-30;9.49;10.1;-6.04;0;0;0;0;0;0;0;0;0;0;0;;;;;
2026-05-08;O_ARCLKE0626C120.00;ARCLK_06/2026_AVRUPA_OPSIYON;D_EQ;SSO;D_EQ_ECP;DE_ARCLK_ECP;ARCLK.E;2026-06-30;6.91;7.42;-6.87;0;0;0;0;0;0;0;0;0;0;0;;;;;
2026-05-08;O_ARCLKE0626C125.00;ARCLK_06/2026_AVRUPA_OPSIYON;D_EQ;SSO;D_EQ_ECP;DE_ARCLK_ECP;ARCLK.E;2026-06-30;4.87;5.28;-7.77;4.22;3.82;4.22;3.82;4.06;312500;10150;25;3;25;25;;;;;
2026-05-08;O_ARCLKE0626C130.00;ARCLK_06/2026_AVRUPA_OPSIYON;D_EQ;SSO;D_EQ_ECP;DE_ARCLK_ECP;ARCLK.E;2026-06-30;3.33;3.64;-8.52;0;0;0;0;0;0;0;0;0;0;0;;;;;
2026-05-08;O_ARCLKE0626C135.00;ARCLK_06/2026_AVRUPA_OPSIYON;D_EQ;SSO;D_EQ_ECP;DE_ARCLK_ECP;ARCLK.E;2026-06-30;2.2;2.44;-9.84;0;0;0;0;0;0;0;0;0;0;0;;;;;
2026-05-08;O_ARCLKE0626C140.00;ARCLK_06/2026_AVRUPA_OPSIYON;D_EQ;SSO;D_EQ_ECP;DE_ARCLK_ECP;ARCLK.E;2026-06-30;1.42;1.58;-10.13;0;0;0;0;0;0;0;0;0;0;0;;;;;
2026-05-08;O_ARCLKE0626C145.00;ARCLK_06/2026_AVRUPA_OPSIYON;D_EQ;SSO;D_EQ_ECP;DE_ARCLK_ECP;ARCLK.E;2026-06-30;0.89;1;-11;0;0;0;0;0;0;0;0;0;0;0;;;;;
2026-05-08;O_ARCLKE0626C150.00;ARCLK_06/2026_AVRUPA_OPSIYON;D_EQ;SSO;D_EQ_ECP;DE_ARCLK_ECP;ARCLK.E;2026-06-30;0.54;0.62;-12.9;0;0;0;0;0;0;0;0;0;0;0;;;;;
2026-05-08;O_ARCLKE0626C155.00;ARCLK_06/2026_AVRUPA_OPSIYON;D_EQ;SSO;D_EQ_ECP;DE_ARCLK_ECP;ARCLK.E;2026-06-30;0.32;0.37;-13.51;0;0;0;0;0;0;0;0;0;0;0;;;;;
2026-05-08;O_ARCLKE0626C160.00;ARCLK_06/2026_AVRUPA_OPSIYON;D_EQ;SSO;D_EQ_ECP;DE_ARCLK_ECP;ARCLK.E;2026-06-30;0.19;0.22;-13.64;0;0;0;0;0;0;0;0;0;0;0;;;;;
2026-05-08;O_ARCLKE0626P100.00;ARCLK_06/2026_AVRUPA_OPSIYON;D_EQ;SSO;D_EQ_EPP;DE_ARCLK_EPP;ARCLK.E;2026-06-30;0.69;0.62;11.29;0;0;0;0;0;0;0;0;0;0;0;;;;;
2026-05-08;O_ARCLKE0626P105.00;ARCLK_06/2026_AVRUPA_OPSIYON;D_EQ;SSO;D_EQ_EPP;DE_ARCLK_EPP;ARCLK.E;2026-06-30;1.39;1.26;10.32;0;0;0;0;0;0;0;0;0;0;0;;;;;
2026-05-08;O_ARCLKE0626P110.00;ARCLK_06/2026_AVRUPA_OPSIYON;D_EQ;SSO;D_EQ_EPP;DE_ARCLK_EPP;ARCLK.E;2026-06-30;2.5;2.29;9.17;0;0;0;0;0;0;0;0;0;0;0;;;;;
2026-05-08;O_ARCLKE0626P115.00;ARCLK_06/2026_AVRUPA_OPSIYON;D_EQ;SSO;D_EQ_EPP;DE_ARCLK_EPP;ARCLK.E;2026-06-30;4.11;3.81;7.87;0;0;0;0;0;0;0;0;0;260;0;;;;;
2026-05-08;O_ARCLKE0626P120.00;ARCLK_06/2026_AVRUPA_OPSIYON;D_EQ;SSO;D_EQ_EPP;DE_ARCLK_EPP;ARCLK.E;2026-06-30;6.27;5.86;7;0;0;0;0;0;0;0;0;0;0;0;;;;;
2026-05-08;O_ARCLKE0626P125.00;ARCLK_06/2026_AVRUPA_OPSIYON;D_EQ;SSO;D_EQ_EPP;DE_ARCLK_EPP;ARCLK.E;2026-06-30;8.96;8.45;6.04;0;0;0;0;0;0;0;0;0;0;0;;;;;
2026-05-08;O_ARCLKE0626P130.00;ARCLK_06/2026_AVRUPA_OPSIYON;D_EQ;SSO;D_EQ_EPP;DE_ARCLK_EPP;ARCLK.E;2026-06-30;12.15;11.54;5.29;0;0;0;0;0;0;0;0;0;0;0;;;;;
2026-05-08;O_ARCLKE0626P135.00;ARCLK_06/2026_AVRUPA_OPSIYON;D_EQ;SSO;D_EQ_EPP;DE_ARCLK_EPP;ARCLK.E;2026-06-30;15.76;15.06;4.65;0;0;0;0;0;0;0;0;0;0;0;;;;;
2026-05-08;O_ARCLKE0626P94.00;ARCLK_06/2026_AVRUPA_OPSIYON;D_EQ;SSO;D_EQ_EPP;DE_ARCLK_EPP;ARCLK.E;2026-06-30;0.25;0.22;13.64;0;0;0;0;0;0;0;0;0;0;0;;;;;
2026-05-08;O_ARCLKE0626P96.00;ARCLK_06/2026_AVRUPA_OPSIYON;D_EQ;SSO;D_EQ_EPP;DE_ARCLK_EPP;ARCLK.E;2026-06-30;0.36;0.32;12.5;0;0;0;0;0;0;0;0;0;0;0;;;;;
2026-05-08;O_ARCLKE0626P98.00;ARCLK_06/2026_AVRUPA_OPSIYON;D_EQ;SSO;D_EQ_EPP;DE_ARCLK_EPP;ARCLK.E;2026-06-30;0.51;0.45;13.33;0;0;0;0;0;0;0;0;0;0;0;;;;;
2026-05-08;O_ARCLKE0726C115.00;ARCLK_07/2026_AVRUPA_OPSIYON;D_EQ;SSO;D_EQ_ECP;DE_ARCLK_ECP;ARCLK.E;2026-07-31;14.42;15.09;-4.44;0;0;0;0;0;0;0;0;0;0;0;;;;;
2026-05-08;O_ARCLKE0726C120.00;ARCLK_07/2026_AVRUPA_OPSIYON;D_EQ;SSO;D_EQ_ECP;DE_ARCLK_ECP;ARCLK.E;2026-07-31;11.59;12.18;-4.84;0;0;0;0;0;0;0;0;0;0;0;;;;;
2026-05-08;O_ARCLKE0726C125.00;ARCLK_07/2026_AVRUPA_OPSIYON;D_EQ;SSO;D_EQ_ECP;DE_ARCLK_ECP;ARCLK.E;2026-07-31;9.15;9.67;-5.38;0;0;0;0;0;0;0;0;0;0;0;;;;;
2026-05-08;O_ARCLKE0726C130.00;ARCLK_07/2026_AVRUPA_OPSIYON;D_EQ;SSO;D_EQ_ECP;DE_ARCLK_ECP;ARCLK.E;2026-07-31;7.11;7.54;-5.7;0;0;0;0;0;0;0;0;0;0;0;;;;;
2026-05-08;O_ARCLKE0726C135.00;ARCLK_07/2026_AVRUPA_OPSIYON;D_EQ;SSO;D_EQ_ECP;DE_ARCLK_ECP;ARCLK.E;2026-07-31;5.43;5.79;-6.22;0;0;0;0;0;0;0;0;0;0;0;;;;;
2026-05-08;O_ARCLKE0726C140.00;ARCLK_07/2026_AVRUPA_OPSIYON;D_EQ;SSO;D_EQ_ECP;DE_ARCLK_ECP;ARCLK.E;2026-07-31;4.09;4.38;-6.62;0;0;0;0;0;0;0;0;0;0;0;;;;;
2026-05-08;O_ARCLKE0726C145.00;ARCLK_07/2026_AVRUPA_OPSIYON;D_EQ;SSO;D_EQ_ECP;DE_ARCLK_ECP;ARCLK.E;2026-07-31;3.03;3.26;-7.06;0;0;0;0;0;0;0;0;0;0;0;;;;;
2026-05-08;O_ARCLKE0726C150.00;ARCLK_07/2026_AVRUPA_OPSIYON;D_EQ;SSO;D_EQ_ECP;DE_ARCLK_ECP;ARCLK.E;2026-07-31;2.21;2.4;-7.92;0;0;0;0;0;0;0;0;0;0;0;;;;;
2026-05-08;O_ARCLKE0726C155.00;ARCLK_07/2026_AVRUPA_OPSIYON;D_EQ;SSO;D_EQ_ECP;DE_ARCLK_ECP;ARCLK.E;2026-07-31;1.6;1.74;-8.05;0;0;0;0;0;0;0;0;0;0;0;;;;;
2026-05-08;O_ARCLKE0726P100.00;ARCLK_07/2026_AVRUPA_OPSIYON;D_EQ;SSO;D_EQ_EPP;DE_ARCLK_EPP;ARCLK.E;2026-07-31;0.83;0.75;10.67;0;0;0;0;0;0;0;0;0;0;0;;;;;
2026-05-08;O_ARCLKE0726P105.00;ARCLK_07/2026_AVRUPA_OPSIYON;D_EQ;SSO;D_EQ_EPP;DE_ARCLK_EPP;ARCLK.E;2026-07-31;1.46;1.33;9.77;0;0;0;0;0;0;0;0;0;0;0;;;;;
2026-05-08;O_ARCLKE0726P110.00;ARCLK_07/2026_AVRUPA_OPSIYON;D_EQ;SSO;D_EQ_EPP;DE_ARCLK_EPP;ARCLK.E;2026-07-31;2.39;2.2;8.64;0;0;0;0;0;0;0;0;0;0;0;;;;;
2026-05-08;O_ARCLKE0726P115.00;ARCLK_07/2026_AVRUPA_OPSIYON;D_EQ;SSO;D_EQ_EPP;DE_ARCLK_EPP;ARCLK.E;2026-07-31;3.67;3.41;7.62;0;0;0;0;0;0;0;0;0;0;0;;;;;
2026-05-08;O_ARCLKE0726P120.00;ARCLK_07/2026_AVRUPA_OPSIYON;D_EQ;SSO;D_EQ_EPP;DE_ARCLK_EPP;ARCLK.E;2026-07-31;5.33;4.99;6.81;0;0;0;0;0;0;0;0;0;0;0;;;;;
2026-05-08;O_ARCLKE0726P125.00;ARCLK_07/2026_AVRUPA_OPSIYON;D_EQ;SSO;D_EQ_EPP;DE_ARCLK_EPP;ARCLK.E;2026-07-31;7.39;6.97;6.03;0;0;0;0;0;0;0;0;0;0;0;;;;;
2026-05-08;O_ARCLKE0726P130.00;ARCLK_07/2026_AVRUPA_OPSIYON;D_EQ;SSO;D_EQ_EPP;DE_ARCLK_EPP;ARCLK.E;2026-07-31;9.85;9.34;5.46;0;0;0;0;0;0;0;0;0;0;0;;;;;
2026-05-08;O_ARCLKE0726P96.00;ARCLK_07/2026_AVRUPA_OPSIYON;D_EQ;SSO;D_EQ_EPP;DE_ARCLK_EPP;ARCLK.E;2026-07-31;0.49;0.44;11.36;0;0;0;0;0;0;0;0;0;0;0;;;;;
2026-05-08;O_ARCLKE0726P98.00;ARCLK_07/2026_AVRUPA_OPSIYON;D_EQ;SSO;D_EQ_EPP;DE_ARCLK_EPP;ARCLK.E;2026-07-31;0.64;0.58;10.34;0;0;0;0;0;0;0;0;0;0;0;;;;;
2026-05-08;O_ASELSE0526C330.00;ASELS_05/2026_AVRUPA_OPSIYON;D_EQ;SSO;D_EQ_ECP;DE_ASELS_ECP;ASELS.E;2026-05-25;103.31;101.66;1.62;0;0;0;0;0;0;0;0;0;0;0;;;;;
2026-05-08;O_ASELSE0526C340.00;ASELS_05/2026_AVRUPA_OPSIYON;D_EQ;SSO;D_EQ_ECP;DE_ASELS_ECP;ASELS.E;2026-05-25;93.51;91.89;1.76;0;0;0;0;0;0;0;0;0;0;0;;;;;
2026-05-08;O_ASELSE0526C350.00;ASELS_05/2026_AVRUPA_OPSIYON;D_EQ;SSO;D_EQ_ECP;DE_ASELS_ECP;ASELS.E;2026-05-25;83.74;82.17;1.91;0;0;0;0;0;0;0;0;0;10;0;;;;;
2026-05-08;O_ASELSE0526C360.00;ASELS_05/2026_AVRUPA_OPSIYON;D_EQ;SSO;D_EQ_ECP;DE_ASELS_ECP;ASELS.E;2026-05-25;74.05;72.54;2.08;0;0;0;0;0;0;0;0;0;30;0;;;;;
2026-05-08;O_ASELSE0526C370.00;ASELS_05/2026_AVRUPA_OPSIYON;D_EQ;SSO;D_EQ_ECP;DE_ASELS_ECP;ASELS.E;2026-05-25;64.47;63.06;2.24;0;0;0;0;0;0;0;0;0;30;0;;;;;
2026-05-08;O_ASELSE0526C380.00;ASELS_05/2026_AVRUPA_OPSIYON;D_EQ;SSO;D_EQ_ECP;DE_ASELS_ECP;ASELS.E;2026-05-25;55.1;53.83;2.36;0;0;0;0;0;0;0;0;0;38;0;;;;;
2026-05-08;O_ASELSE0526C390.00;ASELS_05/2026_AVRUPA_OPSIYON;D_EQ;SSO;D_EQ_ECP;DE_ASELS_ECP;ASELS.E;2026-05-25;46.05;44.96;2.42;0;0;0;0;0;0;0;0;0;106;0;;;;;
2026-05-08;O_ASELSE0526C400.00;ASELS_05/2026_AVRUPA_OPSIYON;D_EQ;SSO;D_EQ_ECP;DE_ASELS_ECP;ASELS.E;2026-05-25;37.49;36.6;2.43;0;0;0;0;0;0;0;0;0;71;0;;;;;
2026-05-08;O_ASELSE0526C410.00;ASELS_05/2026_AVRUPA_OPSIYON;D_EQ;SSO;D_EQ_ECP;DE_ASELS_ECP;ASELS.E;2026-05-25;29.59;28.93;2.28;0;0;0;0;0;0;0;0;0;136;0;;;;;
2026-05-08;O_ASELSE0526C420.00;ASELS_05/2026_AVRUPA_OPSIYON;D_EQ;SSO;D_EQ_ECP;DE_ASELS_ECP;ASELS.E;2026-05-25;22.64;22.11;2.4;22.29;22.29;22.3;22.3;22.29;840000;44588;20;3;765;0;;;;;
2026-05-08;O_ASELSE0526C430.00;ASELS_05/2026_AVRUPA_OPSIYON;D_EQ;SSO;D_EQ_ECP;DE_ASELS_ECP;ASELS.E;2026-05-25;16.75;16.43;1.95;15.05;15.05;15.05;15.05;15.05;1849000;64715;43;1;511;0;;;;;
2026-05-08;O_ASELSE0526C440.00;ASELS_05/2026_AVRUPA_OPSIYON;D_EQ;SSO;D_EQ_ECP;DE_ASELS_ECP;ASELS.E;2026-05-25;11.99;11.79;1.7;11.1;10.51;11.1;10.51;10.91;45980000;749085;1045;7;912;487;;;;;
2026-05-08;O_ASELSE0526C450.00;ASELS_05/2026_AVRUPA_OPSIYON;D_EQ;SSO;D_EQ_ECP;DE_ASELS_ECP;ASELS.E;2026-05-25;8.3;8.24;0.73;7.5;7.5;7.5;7.5;7.5;2250000;37500;50;5;303;50;;;;;
2026-05-08;O_ASELSE0526C460.00;ASELS_05/2026_AVRUPA_OPSIYON;D_EQ;SSO;D_EQ_ECP;DE_ASELS_ECP;ASELS.E;2026-05-25;5.62;5.59;0.54;0;0;0;0;0;0;0;0;0;520;0;;;;;
2026-05-08;O_ASELSE0526C470.00;ASELS_05/2026_AVRUPA_OPSIYON;D_EQ;SSO;D_EQ_ECP;DE_ASELS_ECP;ASELS.E;2026-05-25;3.77;3.77;0;0;0;0;0;0;0;0;0;0;383;0;;;;;
2026-05-08;O_ASELSE0526C480.00;ASELS_05/2026_AVRUPA_OPSIYON;D_EQ;SSO;D_EQ_ECP;DE_ASELS_ECP;ASELS.E;2026-05-25;2.48;2.53;-1.98;0;0;0;0;0;0;0;0;0;272;0;;;;;
2026-05-08;O_ASELSE0526C490.00;ASELS_05/2026_AVRUPA_OPSIYON;D_EQ;SSO;D_EQ_ECP;DE_ASELS_ECP;ASELS.E;2026-05-25;1.61;1.68;-4.17;0;0;0;0;0;0;0;0;0;0;0;;;;;
2026-05-08;O_ASELSE0526C500.00;ASELS_05/2026_AVRUPA_OPSIYON;D_EQ;SSO;D_EQ_ECP;DE_ASELS_ECP;ASELS.E;2026-05-25;1.03;1.11;-7.21;0;0;0;0;0;0;0;0;0;0;0;;;;;
2026-05-08;O_ASELSE0526P280.00;ASELS_05/2026_AVRUPA_OPSIYON;D_EQ;SSO;D_EQ_EPP;DE_ASELS_EPP;ASELS.E;2026-05-25;0.01;0.01;0;0;0;0;0;0;0;0;0;0;0;0;;;;;
2026-05-08;O_ASELSE0526P290.00;ASELS_05/2026_AVRUPA_OPSIYON;D_EQ;SSO;D_EQ_EPP;DE_ASELS_EPP;ASELS.E;2026-05-25;0.01;0.01;0;0;0;0;0;0;0;0;0;0;0;0;;;;;
2026-05-08;O_ASELSE0526P300.00;ASELS_05/2026_AVRUPA_OPSIYON;D_EQ;SSO;D_EQ_EPP;DE_ASELS_EPP;ASELS.E;2026-05-25;0.01;0.01;0;0;0;0;0;0;0;0;0;0;0;0;;;;;
2026-05-08;O_ASELSE0526P310.00;ASELS_05/2026_AVRUPA_OPSIYON;D_EQ;SSO;D_EQ_EPP;DE_ASELS_EPP;ASELS.E;2026-05-25;0.01;0.01;0;0;0;0;0;0;0;0;0;0;0;0;;;;;
2026-05-08;O_ASELSE0526P320.00;ASELS_05/2026_AVRUPA_OPSIYON;D_EQ;SSO;D_EQ_EPP;DE_ASELS_EPP;ASELS.E;2026-05-25;0.01;0.01;0;0;0;0;0;0;0;0;0;0;0;0;;;;;
2026-05-08;O_ASELSE0526P330.00;ASELS_05/2026_AVRUPA_OPSIYON;D_EQ;SSO;D_EQ_EPP;DE_ASELS_EPP;ASELS.E;2026-05-25;0.02;0.03;-33.33;0;0;0;0;0;0;0;0;0;0;0;;;;;
2026-05-08;O_ASELSE0526P340.00;ASELS_05/2026_AVRUPA_OPSIYON;D_EQ;SSO;D_EQ_EPP;DE_ASELS_EPP;ASELS.E;2026-05-25;0.04;0.08;-50;0;0;0;0;0;0;0;0;0;86;0;;;;;
2026-05-08;O_ASELSE0526P350.00;ASELS_05/2026_AVRUPA_OPSIYON;D_EQ;SSO;D_EQ_EPP;DE_ASELS_EPP;ASELS.E;2026-05-25;0.1;0.17;-41.18;0;0;0;0;0;0;0;0;0;39;0;;;;;
2026-05-08;O_ASELSE0526P360.00;ASELS_05/2026_AVRUPA_OPSIYON;D_EQ;SSO;D_EQ_EPP;DE_ASELS_EPP;ASELS.E;2026-05-25;0.23;0.36;-36.11;0;0;0;0;0;0;0;0;0;15;0;;;;;
2026-05-08;O_ASELSE0526P370.00;ASELS_05/2026_AVRUPA_OPSIYON;D_EQ;SSO;D_EQ_EPP;DE_ASELS_EPP;ASELS.E;2026-05-25;0.48;0.69;-30.43;0;0;0;0;0;0;0;0;0;38;0;;;;;
2026-05-08;O_ASELSE0526P380.00;ASELS_05/2026_AVRUPA_OPSIYON;D_EQ;SSO;D_EQ_EPP;DE_ASELS_EPP;ASELS.E;2026-05-25;0.93;1.27;-26.77;0;0;0;0;0;0;0;0;0;0;0;;;;;
2026-05-08;O_ASELSE0526P390.00;ASELS_05/2026_AVRUPA_OPSIYON;D_EQ;SSO;D_EQ_EPP;DE_ASELS_EPP;ASELS.E;2026-05-25;1.71;2.22;-22.97;0;0;0;0;0;0;0;0;0;122;0;;;;;
2026-05-08;O_ASELSE0526P400.00;ASELS_05/2026_AVRUPA_OPSIYON;D_EQ;SSO;D_EQ_EPP;DE_ASELS_EPP;ASELS.E;2026-05-25;2.97;3.68;-19.29;2.1;2.1;2.1;2.1;2.1;800000;4200;20;1;713;0;;;;;
2026-05-08;O_ASELSE0526P410.00;ASELS_05/2026_AVRUPA_OPSIYON;D_EQ;SSO;D_EQ_EPP;DE_ASELS_EPP;ASELS.E;2026-05-25;4.89;5.81;-15.83;0;0;0;0;0;0;0;0;0;298;0;;;;;
2026-05-08;O_ASELSE0526P420.00;ASELS_05/2026_AVRUPA_OPSIYON;D_EQ;SSO;D_EQ_EPP;DE_ASELS_EPP;ASELS.E;2026-05-25;7.78;8.81;-11.69;0;0;0;0;0;0;0;0;0;361;0;;;;;
2026-05-08;O_ASELSE0526P430.00;ASELS_05/2026_AVRUPA_OPSIYON;D_EQ;SSO;D_EQ_EPP;DE_ASELS_EPP;ASELS.E;2026-05-25;11.7;12.94;-9.58;8.24;8.24;8.24;8.24;8.24;43000;824;1;1;45;0;;;;;
2026-05-08;O_ASELSE0526P440.00;ASELS_05/2026_AVRUPA_OPSIYON;D_EQ;SSO;D_EQ_EPP;DE_ASELS_EPP;ASELS.E;2026-05-25;16.77;18.12;-7.45;14.1;14.1;14.1;14.1;14.1;1892000;60630;43;5;267;43;;;;;
2026-05-08;O_ASELSE0526P450.00;ASELS_05/2026_AVRUPA_OPSIYON;D_EQ;SSO;D_EQ_EPP;DE_ASELS_EPP;ASELS.E;2026-05-25;22.91;24.39;-6.07;0;0;0;0;0;0;0;0;0;107;0;;;;;
2026-05-08;O_ASELSE0626C340.00;ASELS_06/2026_AVRUPA_OPSIYON;D_EQ;SSO;D_EQ_ECP;DE_ASELS_ECP;ASELS.E;2026-06-30;106.92;105.48;1.37;0;0;0;0;0;0;0;0;0;0;0;;;;;
2026-05-08;O_ASELSE0626C350.00;ASELS_06/2026_AVRUPA_OPSIYON;D_EQ;SSO;D_EQ_ECP;DE_ASELS_ECP;ASELS.E;2026-06-30;97.96;96.59;1.42;0;0;0;0;0;0;0;0;0;0;0;;;;;
2026-05-08;O_ASELSE0626C360.00;ASELS_06/2026_AVRUPA_OPSIYON;D_EQ;SSO;D_EQ_ECP;DE_ASELS_ECP;ASELS.E;2026-06-30;89.17;87.89;1.46;0;0;0;0;0;0;0;0;0;0;0;;;;;
2026-05-08;O_ASELSE0626C370.00;ASELS_06/2026_AVRUPA_OPSIYON;D_EQ;SSO;D_EQ_ECP;DE_ASELS_ECP;ASELS.E;2026-06-30;80.59;79.4;1.5;0;0;0;0;0;0;0;0;0;0;0;;;;;
2026-05-08;O_ASELSE0626C380.00;ASELS_06/2026_AVRUPA_OPSIYON;D_EQ;SSO;D_EQ_ECP;DE_ASELS_ECP;ASELS.E;2026-06-30;72.26;71.18;1.52;0;0;0;0;0;0;0;0;0;0;0;;;;;
2026-05-08;O_ASELSE0626C390.00;ASELS_06/2026_AVRUPA_OPSIYON;D_EQ;SSO;D_EQ_ECP;DE_ASELS_ECP;ASELS.E;2026-06-30;64.24;63.26;1.55;0;0;0;0;0;0;0;0;0;0;0;;;;;
2026-05-08;O_ASELSE0626C400.00;ASELS_06/2026_AVRUPA_OPSIYON;D_EQ;SSO;D_EQ_ECP;DE_ASELS_ECP;ASELS.E;2026-06-30;56.56;55.7;1.54;0;0;0;0;0;0;0;0;0;0;0;;;;;
2026-05-08;O_ASELSE0626C410.00;ASELS_06/2026_AVRUPA_OPSIYON;D_EQ;SSO;D_EQ_ECP;DE_ASELS_ECP;ASELS.E;2026-06-30;49.28;48.55;1.5;0;0;0;0;0;0;0;0;0;0;0;;;;;
2026-05-08;O_ASELSE0626C420.00;ASELS_06/2026_AVRUPA_OPSIYON;D_EQ;SSO;D_EQ_ECP;DE_ASELS_ECP;ASELS.E;2026-06-30;42.46;41.84;1.48;40;40;40;40;40;420000;40000;10;1;132;10;;;;;
2026-05-08;O_ASELSE0626C430.00;ASELS_06/2026_AVRUPA_OPSIYON;D_EQ;SSO;D_EQ_ECP;DE_ASELS_ECP;ASELS.E;2026-06-30;36.3;35.62;1.91;34.3;34.3;36;36;35.15;430000;35150;10;2;20;10;;;;;
2026-05-08;O_ASELSE0626C440.00;ASELS_06/2026_AVRUPA_OPSIYON;D_EQ;SSO;D_EQ_ECP;DE_ASELS_ECP;ASELS.E;2026-06-30;30.79;30.22;1.89;0;0;0;0;0;0;0;0;0;0;0;;;;;
2026-05-08;O_ASELSE0626C450.00;ASELS_06/2026_AVRUPA_OPSIYON;D_EQ;SSO;D_EQ_ECP;DE_ASELS_ECP;ASELS.E;2026-06-30;25.91;25.4;2.01;0;0;0;0;0;0;0;0;0;40;0;;;;;
2026-05-08;O_ASELSE0626C460.00;ASELS_06/2026_AVRUPA_OPSIYON;D_EQ;SSO;D_EQ_ECP;DE_ASELS_ECP;ASELS.E;2026-06-30;21.68;21.25;2.02;0;0;0;0;0;0;0;0;0;0;0;;;;;
2026-05-08;O_ASELSE0626C470.00;ASELS_06/2026_AVRUPA_OPSIYON;D_EQ;SSO;D_EQ_ECP;DE_ASELS_ECP;ASELS.E;2026-06-30;18.05;17.69;2.04;0;0;0;0;0;0;0;0;0;0;0;;;;;
2026-05-08;O_ASELSE0626C480.00;ASELS_06/2026_AVRUPA_OPSIYON;D_EQ;SSO;D_EQ_ECP;DE_ASELS_ECP;ASELS.E;2026-06-30;15.16;14.75;2.78;0;0;0;0;0;0;0;0;0;0;0;;;;;
2026-05-08;O_ASELSE0626C490.00;ASELS_06/2026_AVRUPA_OPSIYON;D_EQ;SSO;D_EQ_ECP;DE_ASELS_ECP;ASELS.E;2026-06-30;12.7;12.42;2.25;0;0;0;0;0;0;0;0;0;0;0;;;;;
2026-05-08;O_ASELSE0626C500.00;ASELS_06/2026_AVRUPA_OPSIYON;D_EQ;SSO;D_EQ_ECP;DE_ASELS_ECP;ASELS.E;2026-06-30;10.63;10.46;1.63;0;0;0;0;0;0;0;0;0;11;0;;;;;
2026-05-08;O_ASELSE0626C520.00;ASELS_06/2026_AVRUPA_OPSIYON;D_EQ;SSO;D_EQ_ECP;DE_ASELS_ECP;ASELS.E;2026-06-30;7.43;7.43;0;0;0;0;0;0;0;0;0;0;1;0;;;;;
2026-05-08;O_ASELSE0626C540.00;ASELS_06/2026_AVRUPA_OPSIYON;D_EQ;SSO;D_EQ_ECP;DE_ASELS_ECP;ASELS.E;2026-06-30;5.21;5.32;-2.07;2.9;2.9;2.9;2.9;2.9;540000;2900;10;1;11;10;;;;;
2026-05-08;O_ASELSE0626P290.00;ASELS_06/2026_AVRUPA_OPSIYON;D_EQ;SSO;D_EQ_EPP;DE_ASELS_EPP;ASELS.E;2026-06-30;0.14;0.18;-22.22;0;0;0;0;0;0;0;0;0;0;0;;;;;
2026-05-08;O_ASELSE0626P300.00;ASELS_06/2026_AVRUPA_OPSIYON;D_EQ;SSO;D_EQ_EPP;DE_ASELS_EPP;ASELS.E;2026-06-30;0.22;0.29;-24.14;0;0;0;0;0;0;0;0;0;0;0;;;;;
2026-05-08;O_ASELSE0626P310.00;ASELS_06/2026_AVRUPA_OPSIYON;D_EQ;SSO;D_EQ_EPP;DE_ASELS_EPP;ASELS.E;2026-06-30;0.35;0.44;-20.45;0;0;0;0;0;0;0;0;0;0;0;;;;;
2026-05-08;O_ASELSE0626P320.00;ASELS_06/2026_AVRUPA_OPSIYON;D_EQ;SSO;D_EQ_EPP;DE_ASELS_EPP;ASELS.E;2026-06-30;0.54;0.66;-18.18;0;0;0;0;0;0;0;0;0;0;0;;;;;
2026-05-08;O_ASELSE0626P330.00;ASELS_06/2026_AVRUPA_OPSIYON;D_EQ;SSO;D_EQ_EPP;DE_ASELS_EPP;ASELS.E;2026-06-30;0.8;0.97;-17.53;0;0;0;0;0;0;0;0;0;0;0;;;;;
2026-05-08;O_ASELSE0626P340.00;ASELS_06/2026_AVRUPA_OPSIYON;D_EQ;SSO;D_EQ_EPP;DE_ASELS_EPP;ASELS.E;2026-06-30;1.17;1.39;-15.83;0;0;0;0;0;0;0;0;0;0;0;;;;;
2026-05-08;O_ASELSE0626P350.00;ASELS_06/2026_AVRUPA_OPSIYON;D_EQ;SSO;D_EQ_EPP;DE_ASELS_EPP;ASELS.E;2026-06-30;1.67;1.96;-14.8;0;0;0;0;0;0;0;0;0;0;0;;;;;
2026-05-08;O_ASELSE0626P360.00;ASELS_06/2026_AVRUPA_OPSIYON;D_EQ;SSO;D_EQ_EPP;DE_ASELS_EPP;ASELS.E;2026-06-30;2.34;2.71;-13.65;0;0;0;0;0;0;0;0;0;10;0;;;;;
2026-05-08;O_ASELSE0626P370.00;ASELS_06/2026_AVRUPA_OPSIYON;D_EQ;SSO;D_EQ_EPP;DE_ASELS_EPP;ASELS.E;2026-06-30;3.23;3.67;-11.99;0;0;0;0;0;0;0;0;0;2;0;;;;;
2026-05-08;O_ASELSE0626P380.00;ASELS_06/2026_AVRUPA_OPSIYON;D_EQ;SSO;D_EQ_EPP;DE_ASELS_EPP;ASELS.E;2026-06-30;4.36;4.9;-11.02;0;0;0;0;0;0;0;0;0;0;0;;;;;
2026-05-08;O_ASELSE0626P390.00;ASELS_06/2026_AVRUPA_OPSIYON;D_EQ;SSO;D_EQ_EPP;DE_ASELS_EPP;ASELS.E;2026-06-30;5.8;6.44;-9.94;0;0;0;0;0;0;0;0;0;1;0;;;;;
2026-05-08;O_ASELSE0626P400.00;ASELS_06/2026_AVRUPA_OPSIYON;D_EQ;SSO;D_EQ_EPP;DE_ASELS_EPP;ASELS.E;2026-06-30;7.59;8.34;-8.99;0;0;0;0;0;0;0;0;0;1;0;;;;;
2026-05-08;O_ASELSE0626P410.00;ASELS_06/2026_AVRUPA_OPSIYON;D_EQ;SSO;D_EQ_EPP;DE_ASELS_EPP;ASELS.E;2026-06-30;9.77;10.63;-8.09;0;0;0;0;0;0;0;0;0;0;0;;;;;
2026-05-08;O_ASELSE0626P420.00;ASELS_06/2026_AVRUPA_OPSIYON;D_EQ;SSO;D_EQ_EPP;DE_ASELS_EPP;ASELS.E;2026-06-30;12.41;13.38;-7.25;0;0;0;0;0;0;0;0;0;0;0;;;;;
2026-05-08;O_ASELSE0626P430.00;ASELS_06/2026_AVRUPA_OPSIYON;D_EQ;SSO;D_EQ_EPP;DE_ASELS_EPP;ASELS.E;2026-06-30;15.71;16.61;-5.42;0;0;0;0;0;0;0;0;0;2;0;;;;;
2026-05-08;O_ASELSE0626P440.00;ASELS_06/2026_AVRUPA_OPSIYON;D_EQ;SSO;D_EQ_EPP;DE_ASELS_EPP;ASELS.E;2026-06-30;19.67;20.67;-4.84;0;0;0;0;0;0;0;0;0;0;0;;;;;
2026-05-08;O_ASELSE0626P450.00;ASELS_06/2026_AVRUPA_OPSIYON;D_EQ;SSO;D_EQ_EPP;DE_ASELS_EPP;ASELS.E;2026-06-30;24.25;25.3;-4.15;24.55;24.55;24.55;24.55;24.55;450000;24550;10;1;88;10;;;;;
2026-05-08;O_ASELSE0626P460.00;ASELS_06/2026_AVRUPA_OPSIYON;D_EQ;SSO;D_EQ_EPP;DE_ASELS_EPP;ASELS.E;2026-06-30;29.49;30.61;-3.66;0;0;0;0;0;0;0;0;0;20;0;;;;;
2026-05-08;O_ASELSE0626P470.00;ASELS_06/2026_AVRUPA_OPSIYON;D_EQ;SSO;D_EQ_EPP;DE_ASELS_EPP;ASELS.E;2026-06-30;35.32;36.5;-3.23;0;0;0;0;0;0;0;0;0;0;0;;;;;
2026-05-08;O_ASELSE0726C450.00;ASELS_07/2026_AVRUPA_OPSIYON;D_EQ;SSO;D_EQ_ECP;DE_ASELS_ECP;ASELS.E;2026-07-31;43.65;42.87;1.82;0;0;0;0;0;0;0;0;0;0;0;;;;;
2026-05-08;O_ASELSE0726C460.00;ASELS_07/2026_AVRUPA_OPSIYON;D_EQ;SSO;D_EQ_ECP;DE_ASELS_ECP;ASELS.E;2026-07-31;38.56;37.85;1.88;0;0;0;0;0;0;0;0;0;0;0;;;;;
2026-05-08;O_ASELSE0726C470.00;ASELS_07/2026_AVRUPA_OPSIYON;D_EQ;SSO;D_EQ_ECP;DE_ASELS_ECP;ASELS.E;2026-07-31;34.03;33.35;2.04;0;0;0;0;0;0;0;0;0;0;0;;;;;
2026-05-08;O_ASELSE0726C480.00;ASELS_07/2026_AVRUPA_OPSIYON;D_EQ;SSO;D_EQ_ECP;DE_ASELS_ECP;ASELS.E;2026-07-31;29.91;29.35;1.91;0;0;0;0;0;0;0;0;0;0;0;;;;;
2026-05-08;O_ASELSE0726C490.00;ASELS_07/2026_AVRUPA_OPSIYON;D_EQ;SSO;D_EQ_ECP;DE_ASELS_ECP;ASELS.E;2026-07-31;26.49;25.82;2.59;0;0;0;0;0;0;0;0;0;0;0;;;;;
2026-05-08;O_ASELSE0726C500.00;ASELS_07/2026_AVRUPA_OPSIYON;D_EQ;SSO;D_EQ_ECP;DE_ASELS_ECP;ASELS.E;2026-07-31;23.5;22.97;2.31;0;0;0;0;0;0;0;0;0;0;0;;;;;
2026-05-08;O_ASELSE0726C520.00;ASELS_07/2026_AVRUPA_OPSIYON;D_EQ;SSO;D_EQ_ECP;DE_ASELS_ECP;ASELS.E;2026-07-31;18.5;18.23;1.48;0;0;0;0;0;0;0;0;0;0;0;;;;;
2026-05-08;O_ASELSE0726C540.00;ASELS_07/2026_AVRUPA_OPSIYON;D_EQ;SSO;D_EQ_ECP;DE_ASELS_ECP;ASELS.E;2026-07-31;14.6;14.55;0.34;0;0;0;0;0;0;0;0;0;0;0;;;;;
2026-05-08;O_ASELSE0726C560.00;ASELS_07/2026_AVRUPA_OPSIYON;D_EQ;SSO;D_EQ_ECP;DE_ASELS_ECP;ASELS.E;2026-07-31;11.58;11.69;-0.94;0;0;0;0;0;0;0;0;0;0;0;;;;;
2026-05-08;O_ASELSE0726P400.00;ASELS_07/2026_AVRUPA_OPSIYON;D_EQ;SSO;D_EQ_EPP;DE_ASELS_EPP;ASELS.E;2026-07-31;8.25;8.8;-6.25;0;0;0;0;0;0;0;0;0;0;0;;;;;
2026-05-08;O_ASELSE0726P410.00;ASELS_07/2026_AVRUPA_OPSIYON;D_EQ;SSO;D_EQ_EPP;DE_ASELS_EPP;ASELS.E;2026-07-31;10.07;10.68;-5.71;0;0;0;0;0;0;0;0;0;0;0;;;;;
2026-05-08;O_ASELSE0726P420.00;ASELS_07/2026_AVRUPA_OPSIYON;D_EQ;SSO;D_EQ_EPP;DE_ASELS_EPP;ASELS.E;2026-07-31;12.17;12.84;-5.22;0;0;0;0;0;0;0;0;0;0;0;;;;;
2026-05-08;O_ASELSE0726P430.00;ASELS_07/2026_AVRUPA_OPSIYON;D_EQ;SSO;D_EQ_EPP;DE_ASELS_EPP;ASELS.E;2026-07-31;14.59;15.33;-4.83;0;0;0;0;0;0;0;0;0;0;0;;;;;
2026-05-08;O_ASELSE0726P440.00;ASELS_07/2026_AVRUPA_OPSIYON;D_EQ;SSO;D_EQ_EPP;DE_ASELS_EPP;ASELS.E;2026-07-31;17.48;18.16;-3.74;0;0;0;0;0;0;0;0;0;0;0;;;;;
2026-05-08;O_ASELSE0726P450.00;ASELS_07/2026_AVRUPA_OPSIYON;D_EQ;SSO;D_EQ_EPP;DE_ASELS_EPP;ASELS.E;2026-07-31;20.95;21.66;-3.28;0;0;0;0;0;0;0;0;0;0;0;;;;;
2026-05-08;O_ASELSE0726P460.00;ASELS_07/2026_AVRUPA_OPSIYON;D_EQ;SSO;D_EQ_EPP;DE_ASELS_EPP;ASELS.E;2026-07-31;24.85;25.63;-3.04;0;0;0;0;0;0;0;0;0;0;0;;;;;
2026-05-08;O_ASELSE0726P470.00;ASELS_07/2026_AVRUPA_OPSIYON;D_EQ;SSO;D_EQ_EPP;DE_ASELS_EPP;ASELS.E;2026-07-31;29.32;30.1;-2.59;0;0;0;0;0;0;0;0;0;0;0;;;;;
2026-05-08;O_ASELSE0726P480.00;ASELS_07/2026_AVRUPA_OPSIYON;D_EQ;SSO;D_EQ_EPP;DE_ASELS_EPP;ASELS.E;2026-07-31;34.2;35.09;-2.54;0;0;0;0;0;0;0;0;0;0;0;;;;;
2026-05-08;O_BIMASE0526C640.00;BIMAS_05/2026_AVRUPA_OPSIYON;D_EQ;SSO;D_EQ_ECP;DE_BIMAS_ECP;BIMAS.E;2026-05-25;161.25;155.92;3.42;0;0;0;0;0;0;0;0;0;0;0;;;;;
2026-05-08;O_BIMASE0526C660.00;BIMAS_05/2026_AVRUPA_OPSIYON;D_EQ;SSO;D_EQ_ECP;DE_BIMAS_ECP;BIMAS.E;2026-05-25;141.65;136.38;3.86;0;0;0;0;0;0;0;0;0;0;0;;;;;
2026-05-08;O_BIMASE0526C680.00;BIMAS_05/2026_AVRUPA_OPSIYON;D_EQ;SSO;D_EQ_ECP;DE_BIMAS_ECP;BIMAS.E;2026-05-25;122.18;117;4.43;0;0;0;0;0;0;0;0;0;0;0;;;;;
2026-05-08;O_BIMASE0526C700.00;BIMAS_05/2026_AVRUPA_OPSIYON;D_EQ;SSO;D_EQ_ECP;DE_BIMAS_ECP;BIMAS.E;2026-05-25;102.98;98;5.08;0;0;0;0;0;0;0;0;0;1;0;;;;;
2026-05-08;O_BIMASE0526C720.00;BIMAS_05/2026_AVRUPA_OPSIYON;D_EQ;SSO;D_EQ_ECP;DE_BIMAS_ECP;BIMAS.E;2026-05-25;84.36;79.72;5.82;0;0;0;0;0;0;0;0;0;21;0;;;;;
2026-05-08;O_BIMASE0526C740.00;BIMAS_05/2026_AVRUPA_OPSIYON;D_EQ;SSO;D_EQ_ECP;DE_BIMAS_ECP;BIMAS.E;2026-05-25;66.75;62.62;6.6;0;0;0;0;0;0;0;0;0;26;0;;;;;
2026-05-08;O_BIMASE0526C760.00;BIMAS_05/2026_AVRUPA_OPSIYON;D_EQ;SSO;D_EQ_ECP;DE_BIMAS_ECP;BIMAS.E;2026-05-25;50.7;47.26;7.28;0;0;0;0;0;0;0;0;0;46;0;;;;;
2026-05-08;O_BIMASE0526C780.00;BIMAS_05/2026_AVRUPA_OPSIYON;D_EQ;SSO;D_EQ_ECP;DE_BIMAS_ECP;BIMAS.E;2026-05-25;36.79;34.08;7.95;39.98;39.98;40.75;40.75;40.49;2340000;121480;30;3;15;10;;;;;
2026-05-08;O_BIMASE0526C800.00;BIMAS_05/2026_AVRUPA_OPSIYON;D_EQ;SSO;D_EQ_ECP;DE_BIMAS_ECP;BIMAS.E;2026-05-25;25.33;23.4;8.25;27.75;27.75;28.41;28.41;27.9;2400000;83712;30;4;66;23;;;;;
2026-05-08;O_BIMASE0526C820.00;BIMAS_05/2026_AVRUPA_OPSIYON;D_EQ;SSO;D_EQ_ECP;DE_BIMAS_ECP;BIMAS.E;2026-05-25;16.5;15.24;8.27;12.15;12.15;18.42;17.5;16.08;13120000;257317;160;14;203;70;;;;;
2026-05-08;O_BIMASE0526C840.00;BIMAS_05/2026_AVRUPA_OPSIYON;D_EQ;SSO;D_EQ_ECP;DE_BIMAS_ECP;BIMAS.E;2026-05-25;10.12;9.42;7.43;10.35;10.35;10.35;10.35;10.35;840000;10350;10;1;10;10;;;;;
2026-05-08;O_BIMASE0526C860.00;BIMAS_05/2026_AVRUPA_OPSIYON;D_EQ;SSO;D_EQ_ECP;DE_BIMAS_ECP;BIMAS.E;2026-05-25;5.87;5.49;6.92;5.45;5.45;6.1;6.1;5.78;1720000;11550;20;2;20;13;;;;;
2026-05-08;O_BIMASE0526C880.00;BIMAS_05/2026_AVRUPA_OPSIYON;D_EQ;SSO;D_EQ_ECP;DE_BIMAS_ECP;BIMAS.E;2026-05-25;3.18;3.03;4.95;2.9;2.9;2.9;2.9;2.9;880000;2900;10;1;11;9;;;;;
2026-05-08;O_BIMASE0526C900.00;BIMAS_05/2026_AVRUPA_OPSIYON;D_EQ;SSO;D_EQ_ECP;DE_BIMAS_ECP;BIMAS.E;2026-05-25;1.62;1.58;2.53;0;0;0;0;0;0;0;0;0;3;0;;;;;
2026-05-08;O_BIMASE0526C920.00;BIMAS_05/2026_AVRUPA_OPSIYON;D_EQ;SSO;D_EQ_ECP;DE_BIMAS_ECP;BIMAS.E;2026-05-25;0.77;0.78;-1.28;0;0;0;0;0;0;0;0;0;0;0;;;;;
2026-05-08;O_BIMASE0526P540.00;BIMAS_05/2026_AVRUPA_OPSIYON;D_EQ;SSO;D_EQ_EPP;DE_BIMAS_EPP;BIMAS.E;2026-05-25;0.01;0.01;0;0;0;0;0;0;0;0;0;0;0;0;;;;;
2026-05-08;O_BIMASE0526P560.00;BIMAS_05/2026_AVRUPA_OPSIYON;D_EQ;SSO;D_EQ_EPP;DE_BIMAS_EPP;BIMAS.E;2026-05-25;0.01;0.01;0;0;0;0;0;0;0;0;0;0;0;0;;;;;
2026-05-08;O_BIMASE0526P580.00;BIMAS_05/2026_AVRUPA_OPSIYON;D_EQ;SSO;D_EQ_EPP;DE_BIMAS_EPP;BIMAS.E;2026-05-25;0.01;0.01;0;0;0;0;0;0;0;0;0;0;0;0;;;;;
2026-05-08;O_BIMASE0526P600.00;BIMAS_05/2026_AVRUPA_OPSIYON;D_EQ;SSO;D_EQ_EPP;DE_BIMAS_EPP;BIMAS.E;2026-05-25;0.01;0.01;0;0;0;0;0;0;0;0;0;0;11;0;;;;;
2026-05-08;O_BIMASE0526P620.00;BIMAS_05/2026_AVRUPA_OPSIYON;D_EQ;SSO;D_EQ_EPP;DE_BIMAS_EPP;BIMAS.E;2026-05-25;0.01;0.01;0;0;0;0;0;0;0;0;0;0;10;0;;;;;
2026-05-08;O_BIMASE0526P640.00;BIMAS_05/2026_AVRUPA_OPSIYON;D_EQ;SSO;D_EQ_EPP;DE_BIMAS_EPP;BIMAS.E;2026-05-25;0.02;0.03;-33.33;0;0;0;0;0;0;0;0;0;0;0;;;;;
2026-05-08;O_BIMASE0526P660.00;BIMAS_05/2026_AVRUPA_OPSIYON;D_EQ;SSO;D_EQ_EPP;DE_BIMAS_EPP;BIMAS.E;2026-05-25;0.08;0.12;-33.33;0;0;0;0;0;0;0;0;0;2;0;;;;;
2026-05-08;O_BIMASE0526P680.00;BIMAS_05/2026_AVRUPA_OPSIYON;D_EQ;SSO;D_EQ_EPP;DE_BIMAS_EPP;BIMAS.E;2026-05-25;0.25;0.38;-34.21;0;0;0;0;0;0;0;0;0;16;0;;;;;
2026-05-08;O_BIMASE0526P700.00;BIMAS_05/2026_AVRUPA_OPSIYON;D_EQ;SSO;D_EQ_EPP;DE_BIMAS_EPP;BIMAS.E;2026-05-25;0.7;1.01;-30.69;0;0;0;0;0;0;0;0;0;50;0;;;;;
2026-05-08;O_BIMASE0526P720.00;BIMAS_05/2026_AVRUPA_OPSIYON;D_EQ;SSO;D_EQ_EPP;DE_BIMAS_EPP;BIMAS.E;2026-05-25;1.73;2.35;-26.38;0;0;0;0;0;0;0;0;0;324;0;;;;;
2026-05-08;O_BIMASE0526P740.00;BIMAS_05/2026_AVRUPA_OPSIYON;D_EQ;SSO;D_EQ_EPP;DE_BIMAS_EPP;BIMAS.E;2026-05-25;3.77;4.88;-22.75;3.2;3.2;3.25;3.25;3.21;2220000;9635;30;2;118;-30;;;;;
2026-05-08;O_BIMASE0526P760.00;BIMAS_05/2026_AVRUPA_OPSIYON;D_EQ;SSO;D_EQ_EPP;DE_BIMAS_EPP;BIMAS.E;2026-05-25;7.37;9.15;-19.45;5.3;5.3;5.3;5.3;5.3;1748000;12190;23;3;23;23;;;;;
2026-05-08;O_BIMASE0526P780.00;BIMAS_05/2026_AVRUPA_OPSIYON;D_EQ;SSO;D_EQ_EPP;DE_BIMAS_EPP;BIMAS.E;2026-05-25;13.1;15.6;-16.03;14.6;9.12;14.6;9.35;10.81;6552000;90812;84;11;12;-43;;;;;
2026-05-08;O_BIMASE0526P800.00;BIMAS_05/2026_AVRUPA_OPSIYON;D_EQ;SSO;D_EQ_EPP;DE_BIMAS_EPP;BIMAS.E;2026-05-25;21.29;24.55;-13.28;15.55;15.38;15.8;15.7;15.65;6880000;134585;86;10;40;4;;;;;
2026-05-08;O_BIMASE0526P820.00;BIMAS_05/2026_AVRUPA_OPSIYON;D_EQ;SSO;D_EQ_EPP;DE_BIMAS_EPP;BIMAS.E;2026-05-25;32.12;36.02;-10.83;25;25;25.02;25.02;25.01;2706000;82520;33;4;12;1;;;;;
2026-05-08;O_BIMASE0626C740.00;BIMAS_06/2026_AVRUPA_OPSIYON;D_EQ;SSO;D_EQ_ECP;DE_BIMAS_ECP;BIMAS.E;2026-06-30;100.83;96.05;4.98;0;0;0;0;0;0;0;0;0;10;0;;;;;
2026-05-08;O_BIMASE0626C760.00;BIMAS_06/2026_AVRUPA_OPSIYON;D_EQ;SSO;D_EQ_ECP;DE_BIMAS_ECP;BIMAS.E;2026-06-30;86.18;81.76;5.41;0;0;0;0;0;0;0;0;0;0;0;;;;;
2026-05-08;O_BIMASE0626C780.00;BIMAS_06/2026_AVRUPA_OPSIYON;D_EQ;SSO;D_EQ_ECP;DE_BIMAS_ECP;BIMAS.E;2026-06-30;72.63;68.84;5.51;0;0;0;0;0;0;0;0;0;0;0;;;;;
2026-05-08;O_BIMASE0626C800.00;BIMAS_06/2026_AVRUPA_OPSIYON;D_EQ;SSO;D_EQ_ECP;DE_BIMAS_ECP;BIMAS.E;2026-06-30;60.66;57.02;6.38;0;0;0;0;0;0;0;0;0;0;0;;;;;
2026-05-08;O_BIMASE0626C820.00;BIMAS_06/2026_AVRUPA_OPSIYON;D_EQ;SSO;D_EQ_ECP;DE_BIMAS_ECP;BIMAS.E;2026-06-30;49.63;46.65;6.39;0;0;0;0;0;0;0;0;0;0;0;;;;;
2026-05-08;O_BIMASE0626C840.00;BIMAS_06/2026_AVRUPA_OPSIYON;D_EQ;SSO;D_EQ_ECP;DE_BIMAS_ECP;BIMAS.E;2026-06-30;40.13;37.51;6.98;0;0;0;0;0;0;0;0;0;0;0;;;;;
2026-05-08;O_BIMASE0626C860.00;BIMAS_06/2026_AVRUPA_OPSIYON;D_EQ;SSO;D_EQ_ECP;DE_BIMAS_ECP;BIMAS.E;2026-06-30;31.76;29.9;6.22;24.1;23.39;24.1;23.39;23.83;4816000;133470;56;4;56;56;;;;;
2026-05-08;O_BIMASE0626C880.00;BIMAS_06/2026_AVRUPA_OPSIYON;D_EQ;SSO;D_EQ_ECP;DE_BIMAS_ECP;BIMAS.E;2026-06-30;25.04;23.32;7.38;0;0;0;0;0;0;0;0;0;0;0;;;;;
2026-05-08;O_BIMASE0626C900.00;BIMAS_06/2026_AVRUPA_OPSIYON;D_EQ;SSO;D_EQ_ECP;DE_BIMAS_ECP;BIMAS.E;2026-06-30;19.13;17.89;6.93;0;0;0;0;0;0;0;0;0;0;0;;;;;
2026-05-08;O_BIMASE0626C920.00;BIMAS_06/2026_AVRUPA_OPSIYON;D_EQ;SSO;D_EQ_ECP;DE_BIMAS_ECP;BIMAS.E;2026-06-30;14.33;13.5;6.15;0;0;0;0;0;0;0;0;0;0;0;;;;;
2026-05-08;O_BIMASE0626C940.00;BIMAS_06/2026_AVRUPA_OPSIYON;D_EQ;SSO;D_EQ_ECP;DE_BIMAS_ECP;BIMAS.E;2026-06-30;10.5;10.01;4.9;7;7;7;7;7;94000;700;1;1;1;1;;;;;
2026-05-08;O_BIMASE0626P640.00;BIMAS_06/2026_AVRUPA_OPSIYON;D_EQ;SSO;D_EQ_EPP;DE_BIMAS_EPP;BIMAS.E;2026-06-30;1.38;1.27;8.66;0;0;0;0;0;0;0;0;0;1;0;;;;;
2026-05-08;O_BIMASE0626P660.00;BIMAS_06/2026_AVRUPA_OPSIYON;D_EQ;SSO;D_EQ_EPP;DE_BIMAS_EPP;BIMAS.E;2026-06-30;2.24;2.14;4.67;0;0;0;0;0;0;0;0;0;0;0;;;;;
2026-05-08;O_BIMASE0626P680.00;BIMAS_06/2026_AVRUPA_OPSIYON;D_EQ;SSO;D_EQ_EPP;DE_BIMAS_EPP;BIMAS.E;2026-06-30;3.51;3.46;1.45;0;0;0;0;0;0;0;0;0;0;0;;;;;
2026-05-08;O_BIMASE0626P700.00;BIMAS_06/2026_AVRUPA_OPSIYON;D_EQ;SSO;D_EQ_EPP;DE_BIMAS_EPP;BIMAS.E;2026-06-30;5.32;5.37;-0.93;0;0;0;0;0;0;0;0;0;0;0;;;;;
2026-05-08;O_BIMASE0626P720.00;BIMAS_06/2026_AVRUPA_OPSIYON;D_EQ;SSO;D_EQ_EPP;DE_BIMAS_EPP;BIMAS.E;2026-06-30;7.8;8.03;-2.86;0;0;0;0;0;0;0;0;0;0;0;;;;;
2026-05-08;O_BIMASE0626P740.00;BIMAS_06/2026_AVRUPA_OPSIYON;D_EQ;SSO;D_EQ_EPP;DE_BIMAS_EPP;BIMAS.E;2026-06-30;11.1;11.59;-4.23;0;0;0;0;0;0;0;0;0;0;0;;;;;
2026-05-08;O_BIMASE0626P760.00;BIMAS_06/2026_AVRUPA_OPSIYON;D_EQ;SSO;D_EQ_EPP;DE_BIMAS_EPP;BIMAS.E;2026-06-30;15.38;16.21;-5.12;0;0;0;0;0;0;0;0;0;0;0;;;;;
2026-05-08;O_BIMASE0626P780.00;BIMAS_06/2026_AVRUPA_OPSIYON;D_EQ;SSO;D_EQ_EPP;DE_BIMAS_EPP;BIMAS.E;2026-06-30;20.76;22.2;-6.49;0;0;0;0;0;0;0;0;0;0;0;;;;;
2026-05-08;O_BIMASE0626P800.00;BIMAS_06/2026_AVRUPA_OPSIYON;D_EQ;SSO;D_EQ_EPP;DE_BIMAS_EPP;BIMAS.E;2026-06-30;27.71;29.29;-5.39;0;0;0;0;0;0;0;0;0;0;0;;;;;
2026-05-08;O_BIMASE0626P820.00;BIMAS_06/2026_AVRUPA_OPSIYON;D_EQ;SSO;D_EQ_EPP;DE_BIMAS_EPP;BIMAS.E;2026-06-30;35.61;37.82;-5.84;0;0;0;0;0;0;0;0;0;0;0;;;;;
2026-05-08;O_BIMASE0626P840.00;BIMAS_06/2026_AVRUPA_OPSIYON;D_EQ;SSO;D_EQ_EPP;DE_BIMAS_EPP;BIMAS.E;2026-06-30;45.04;47.59;-5.36;0;0;0;0;0;0;0;0;0;10;0;;;;;
2026-05-08;O_BIMASE0726C780.00;BIMAS_07/2026_AVRUPA_OPSIYON;D_EQ;SSO;D_EQ_ECP;DE_BIMAS_ECP;BIMAS.E;2026-07-31;109.55;103.99;5.35;0;0;0;0;0;0;0;0;0;0;0;;;;;
2026-05-08;O_BIMASE0726C800.00;BIMAS_07/2026_AVRUPA_OPSIYON;D_EQ;SSO;D_EQ_ECP;DE_BIMAS_ECP;BIMAS.E;2026-07-31;96.76;91.25;6.04;0;0;0;0;0;0;0;0;0;0;0;;;;;
2026-05-08;O_BIMASE0726C820.00;BIMAS_07/2026_AVRUPA_OPSIYON;D_EQ;SSO;D_EQ_ECP;DE_BIMAS_ECP;BIMAS.E;2026-07-31;84.37;79.62;5.97;0;0;0;0;0;0;0;0;0;0;0;;;;;
2026-05-08;O_BIMASE0726C840.00;BIMAS_07/2026_AVRUPA_OPSIYON;D_EQ;SSO;D_EQ_ECP;DE_BIMAS_ECP;BIMAS.E;2026-07-31;73.26;68.79;6.5;0;0;0;0;0;0;0;0;0;0;0;;;;;
2026-05-08;O_BIMASE0726C860.00;BIMAS_07/2026_AVRUPA_OPSIYON;D_EQ;SSO;D_EQ_ECP;DE_BIMAS_ECP;BIMAS.E;2026-07-31;62.83;59.05;6.4;0;0;0;0;0;0;0;0;0;0;0;;;;;
2026-05-08;O_BIMASE0726C880.00;BIMAS_07/2026_AVRUPA_OPSIYON;D_EQ;SSO;D_EQ_ECP;DE_BIMAS_ECP;BIMAS.E;2026-07-31;53.55;50.26;6.55;0;0;0;0;0;0;0;0;0;0;0;;;;;
2026-05-08;O_BIMASE0726C900.00;BIMAS_07/2026_AVRUPA_OPSIYON;D_EQ;SSO;D_EQ_ECP;DE_BIMAS_ECP;BIMAS.E;2026-07-31;44.72;42.15;6.1;0;0;0;0;0;0;0;0;0;0;0;;;;;
2026-05-08;O_BIMASE0726C920.00;BIMAS_07/2026_AVRUPA_OPSIYON;D_EQ;SSO;D_EQ_ECP;DE_BIMAS_ECP;BIMAS.E;2026-07-31;37.29;35.23;5.85;0;0;0;0;0;0;0;0;0;0;0;;;;;
2026-05-08;O_BIMASE0726C940.00;BIMAS_07/2026_AVRUPA_OPSIYON;D_EQ;SSO;D_EQ_ECP;DE_BIMAS_ECP;BIMAS.E;2026-07-31;30.77;29.17;5.49;0;0;0;0;0;0;0;0;0;0;0;;;;;
2026-05-08;O_BIMASE0726C960.00;BIMAS_07/2026_AVRUPA_OPSIYON;D_EQ;SSO;D_EQ_ECP;DE_BIMAS_ECP;BIMAS.E;2026-07-31;25.1;23.94;4.85;0;0;0;0;0;0;0;0;0;0;0;;;;;
2026-05-08;O_BIMASE0726C980.00;BIMAS_07/2026_AVRUPA_OPSIYON;D_EQ;SSO;D_EQ_ECP;DE_BIMAS_ECP;BIMAS.E;2026-07-31;20.23;;0;0;0;0;0;0;0;0;0;0;0;0;;;;;
2026-05-08;O_BIMASE0726P680.00;BIMAS_07/2026_AVRUPA_OPSIYON;D_EQ;SSO;D_EQ_EPP;DE_BIMAS_EPP;BIMAS.E;2026-07-31;5.57;4.81;15.8;0;0;0;0;0;0;0;0;0;0;0;;;;;
2026-05-08;O_BIMASE0726P700.00;BIMAS_07/2026_AVRUPA_OPSIYON;D_EQ;SSO;D_EQ_EPP;DE_BIMAS_EPP;BIMAS.E;2026-07-31;7.54;6.74;11.87;0;0;0;0;0;0;0;0;0;0;0;;;;;
2026-05-08;O_BIMASE0726P720.00;BIMAS_07/2026_AVRUPA_OPSIYON;D_EQ;SSO;D_EQ_EPP;DE_BIMAS_EPP;BIMAS.E;2026-07-31;10.02;9.21;8.79;0;0;0;0;0;0;0;0;0;0;0;;;;;
2026-05-08;O_BIMASE0726P740.00;BIMAS_07/2026_AVRUPA_OPSIYON;D_EQ;SSO;D_EQ_EPP;DE_BIMAS_EPP;BIMAS.E;2026-07-31;13.07;12.32;6.09;0;0;0;0;0;0;0;0;0;0;0;;;;;
2026-05-08;O_BIMASE0726P760.00;BIMAS_07/2026_AVRUPA_OPSIYON;D_EQ;SSO;D_EQ_EPP;DE_BIMAS_EPP;BIMAS.E;2026-07-31;16.77;16.14;3.9;0;0;0;0;0;0;0;0;0;0;0;;;;;
2026-05-08;O_BIMASE0726P780.00;BIMAS_07/2026_AVRUPA_OPSIYON;D_EQ;SSO;D_EQ_EPP;DE_BIMAS_EPP;BIMAS.E;2026-07-31;21.2;20.75;2.17;0;0;0;0;0;0;0;0;0;0;0;;;;;
2026-05-08;O_BIMASE0726P800.00;BIMAS_07/2026_AVRUPA_OPSIYON;D_EQ;SSO;D_EQ_EPP;DE_BIMAS_EPP;BIMAS.E;2026-07-31;26.4;25.98;1.62;0;0;0;0;0;0;0;0;0;0;0;;;;;
2026-05-08;O_BIMASE0726P820.00;BIMAS_07/2026_AVRUPA_OPSIYON;D_EQ;SSO;D_EQ_EPP;DE_BIMAS_EPP;BIMAS.E;2026-07-31;32;32.32;-0.99;0;0;0;0;0;0;0;0;0;0;0;;;;;
2026-05-08;O_BIMASE0726P840.00;BIMAS_07/2026_AVRUPA_OPSIYON;D_EQ;SSO;D_EQ_EPP;DE_BIMAS_EPP;BIMAS.E;2026-07-31;38.88;39.46;-1.47;0;0;0;0;0;0;0;0;0;0;0;;;;;
2026-05-08;O_BIMASE0726P860.00;BIMAS_07/2026_AVRUPA_OPSIYON;D_EQ;SSO;D_EQ_EPP;DE_BIMAS_EPP;BIMAS.E;2026-07-31;46.44;47.69;-2.62;0;0;0;0;0;0;0;0;0;0;0;;;;;
2026-05-08;O_BIMASE0726P880.00;BIMAS_07/2026_AVRUPA_OPSIYON;D_EQ;SSO;D_EQ_EPP;DE_BIMAS_EPP;BIMAS.E;2026-07-31;55.15;;0;0;0;0;0;0;0;0;0;0;0;0;;;;;
2026-05-08;O_EKGYOE0526C19.50;EKGYO_05/2026_AVRUPA_OPSIYON;D_EQ;SSO;D_EQ_ECP;DE_EKGYO_ECP;EKGYO.E;2026-05-25;2.88;2.63;9.51;0;0;0;0;0;0;0;0;0;103;0;;;;;
2026-05-08;O_EKGYOE0526C20.00;EKGYO_05/2026_AVRUPA_OPSIYON;D_EQ;SSO;D_EQ_ECP;DE_EKGYO_ECP;EKGYO.E;2026-05-25;2.43;2.2;10.45;0;0;0;0;0;0;0;0;0;0;0;;;;;
2026-05-08;O_EKGYOE0526C20.50;EKGYO_05/2026_AVRUPA_OPSIYON;D_EQ;SSO;D_EQ_ECP;DE_EKGYO_ECP;EKGYO.E;2026-05-25;2;1.79;11.73;0;0;0;0;0;0;0;0;0;2600;0;;;;;
2026-05-08;O_EKGYOE0526C21.00;EKGYO_05/2026_AVRUPA_OPSIYON;D_EQ;SSO;D_EQ_ECP;DE_EKGYO_ECP;EKGYO.E;2026-05-25;1.61;1.43;12.59;0;0;0;0;0;0;0;0;0;1001;0;;;;;
2026-05-08;O_EKGYOE0526C21.50;EKGYO_05/2026_AVRUPA_OPSIYON;D_EQ;SSO;D_EQ_ECP;DE_EKGYO_ECP;EKGYO.E;2026-05-25;1.26;1.1;14.55;0;0;0;0;0;0;0;0;0;6354;0;;;;;
2026-05-08;O_EKGYOE0526C22.00;EKGYO_05/2026_AVRUPA_OPSIYON;D_EQ;SSO;D_EQ_ECP;DE_EKGYO_ECP;EKGYO.E;2026-05-25;0.96;0.83;15.66;0.76;0.76;0.93;0.93;0.79;11332200;409075;5151;19;5085;-1383;;;;;
2026-05-08;O_EKGYOE0526C22.50;EKGYO_05/2026_AVRUPA_OPSIYON;D_EQ;SSO;D_EQ_ECP;DE_EKGYO_ECP;EKGYO.E;2026-05-25;0.7;0.61;14.75;0;0;0;0;0;0;0;0;0;7700;0;;;;;
2026-05-08;O_EKGYOE0526C23.00;EKGYO_05/2026_AVRUPA_OPSIYON;D_EQ;SSO;D_EQ_ECP;DE_EKGYO_ECP;EKGYO.E;2026-05-25;0.5;0.43;16.28;0.32;0.32;0.32;0.32;0.32;253000;3520;110;4;1829;110;;;;;
2026-05-08;O_EKGYOE0526C23.50;EKGYO_05/2026_AVRUPA_OPSIYON;D_EQ;SSO;D_EQ_ECP;DE_EKGYO_ECP;EKGYO.E;2026-05-25;0.35;0.3;16.67;0.16;0.16;0.22;0.22;0.18;11750;92;5;5;16;5;;;;;
2026-05-08;O_EKGYOE0526C24.00;EKGYO_05/2026_AVRUPA_OPSIYON;D_EQ;SSO;D_EQ_ECP;DE_EKGYO_ECP;EKGYO.E;2026-05-25;0.23;0.2;15;0.11;0.11;0.15;0.15;0.13;9600;51;4;4;10;4;;;;;
2026-05-08;O_EKGYOE0526C24.50;EKGYO_05/2026_AVRUPA_OPSIYON;D_EQ;SSO;D_EQ_ECP;DE_EKGYO_ECP;EKGYO.E;2026-05-25;0.15;0.13;15.38;0;0;0;0;0;0;0;0;0;0;0;;;;;
2026-05-08;O_EKGYOE0526C25.00;EKGYO_05/2026_AVRUPA_OPSIYON;D_EQ;SSO;D_EQ_ECP;DE_EKGYO_ECP;EKGYO.E;2026-05-25;0.1;0.08;25;0;0;0;0;0;0;0;0;0;904;0;;;;;
2026-05-08;O_EKGYOE0526C26.00;EKGYO_05/2026_AVRUPA_OPSIYON;D_EQ;SSO;D_EQ_ECP;DE_EKGYO_ECP;EKGYO.E;2026-05-25;0.04;0.03;33.33;0;0;0;0;0;0;0;0;0;12;0;;;;;
2026-05-08;O_EKGYOE0526C27.00;EKGYO_05/2026_AVRUPA_OPSIYON;D_EQ;SSO;D_EQ_ECP;DE_EKGYO_ECP;EKGYO.E;2026-05-25;0.01;0.01;0;0;0;0;0;0;0;0;0;0;250;0;;;;;
2026-05-08;O_EKGYOE0526C28.00;EKGYO_05/2026_AVRUPA_OPSIYON;D_EQ;SSO;D_EQ_ECP;DE_EKGYO_ECP;EKGYO.E;2026-05-25;0.01;0.01;0;0;0;0;0;0;0;0;0;0;0;0;;;;;
2026-05-08;O_EKGYOE0526C29.00;EKGYO_05/2026_AVRUPA_OPSIYON;D_EQ;SSO;D_EQ_ECP;DE_EKGYO_ECP;EKGYO.E;2026-05-25;0.01;0.01;0;0;0;0;0;0;0;0;0;0;0;0;;;;;
2026-05-08;O_EKGYOE0526C30.00;EKGYO_05/2026_AVRUPA_OPSIYON;D_EQ;SSO;D_EQ_ECP;DE_EKGYO_ECP;EKGYO.E;2026-05-25;0.01;0.01;0;0;0;0;0;0;0;0;0;0;0;0;;;;;
2026-05-08;O_EKGYOE0526C31.00;EKGYO_05/2026_AVRUPA_OPSIYON;D_EQ;SSO;D_EQ_ECP;DE_EKGYO_ECP;EKGYO.E;2026-05-25;0.01;0.01;0;0;0;0;0;0;0;0;0;0;0;0;;;;;
2026-05-08;O_EKGYOE0526C32.00;EKGYO_05/2026_AVRUPA_OPSIYON;D_EQ;SSO;D_EQ_ECP;DE_EKGYO_ECP;EKGYO.E;2026-05-25;0.01;0.01;0;0;0;0;0;0;0;0;0;0;0;0;;;;;
2026-05-08;O_EKGYOE0526P17.00;EKGYO_05/2026_AVRUPA_OPSIYON;D_EQ;SSO;D_EQ_EPP;DE_EKGYO_EPP;EKGYO.E;2026-05-25;0.01;0.01;0;0;0;0;0;0;0;0;0;0;0;0;;;;;
2026-05-08;O_EKGYOE0526P17.50;EKGYO_05/2026_AVRUPA_OPSIYON;D_EQ;SSO;D_EQ_EPP;DE_EKGYO_EPP;EKGYO.E;2026-05-25;0.01;0.01;0;0;0;0;0;0;0;0;0;0;0;0;;;;;
2026-05-08;O_EKGYOE0526P18.00;EKGYO_05/2026_AVRUPA_OPSIYON;D_EQ;SSO;D_EQ_EPP;DE_EKGYO_EPP;EKGYO.E;2026-05-25;0.01;0.01;0;0;0;0;0;0;0;0;0;0;0;0;;;;;
2026-05-08;O_EKGYOE0526P18.50;EKGYO_05/2026_AVRUPA_OPSIYON;D_EQ;SSO;D_EQ_EPP;DE_EKGYO_EPP;EKGYO.E;2026-05-25;0.01;0.02;-50;0;0;0;0;0;0;0;0;0;47;0;;;;;
2026-05-08;O_EKGYOE0526P19.00;EKGYO_05/2026_AVRUPA_OPSIYON;D_EQ;SSO;D_EQ_EPP;DE_EKGYO_EPP;EKGYO.E;2026-05-25;0.02;0.04;-50;0;0;0;0;0;0;0;0;0;13053;0;;;;;
2026-05-08;O_EKGYOE0526P19.50;EKGYO_05/2026_AVRUPA_OPSIYON;D_EQ;SSO;D_EQ_EPP;DE_EKGYO_EPP;EKGYO.E;2026-05-25;0.04;0.07;-42.86;0;0;0;0;0;0;0;0;0;6633;0;;;;;
2026-05-08;O_EKGYOE0526P20.00;EKGYO_05/2026_AVRUPA_OPSIYON;D_EQ;SSO;D_EQ_EPP;DE_EKGYO_EPP;EKGYO.E;2026-05-25;0.08;0.12;-33.33;0.07;0.07;0.07;0.07;0.07;1040000;3640;520;1;5848;-520;;;;;
2026-05-08;O_EKGYOE0526P20.50;EKGYO_05/2026_AVRUPA_OPSIYON;D_EQ;SSO;D_EQ_EPP;DE_EKGYO_EPP;EKGYO.E;2026-05-25;0.14;0.21;-33.33;0;0;0;0;0;0;0;0;0;5800;0;;;;;
2026-05-08;O_EKGYOE0526P21.00;EKGYO_05/2026_AVRUPA_OPSIYON;D_EQ;SSO;D_EQ_EPP;DE_EKGYO_EPP;EKGYO.E;2026-05-25;0.24;0.34;-29.41;0.18;0.18;0.18;0.18;0.18;1927800;16524;918;1;2588;918;;;;;
2026-05-08;O_EKGYOE0526P21.50;EKGYO_05/2026_AVRUPA_OPSIYON;D_EQ;SSO;D_EQ_EPP;DE_EKGYO_EPP;EKGYO.E;2026-05-25;0.38;0.5;-24;0.3;0.26;0.3;0.26;0.28;8600000;112000;4000;11;5450;4000;;;;;
2026-05-08;O_EKGYOE0526P22.00;EKGYO_05/2026_AVRUPA_OPSIYON;D_EQ;SSO;D_EQ_EPP;DE_EKGYO_EPP;EKGYO.E;2026-05-25;0.57;0.72;-20.83;0.45;0.45;0.46;0.45;0.45;7158800;147184;3254;11;300;-2954;;;;;
2026-05-08;O_EKGYOE0526P22.50;EKGYO_05/2026_AVRUPA_OPSIYON;D_EQ;SSO;D_EQ_EPP;DE_EKGYO_EPP;EKGYO.E;2026-05-25;0.81;0.99;-18.18;0;0;0;0;0;0;0;0;0;1330;0;;;;;
2026-05-08;O_EKGYOE0526P23.00;EKGYO_05/2026_AVRUPA_OPSIYON;D_EQ;SSO;D_EQ_EPP;DE_EKGYO_EPP;EKGYO.E;2026-05-25;1.1;1.3;-15.38;0;0;0;0;0;0;0;0;0;0;0;;;;;
2026-05-08;O_EKGYOE0526P23.50;EKGYO_05/2026_AVRUPA_OPSIYON;D_EQ;SSO;D_EQ_EPP;DE_EKGYO_EPP;EKGYO.E;2026-05-25;1.44;1.66;-13.25;0;0;0;0;0;0;0;0;0;6000;0;;;;;
2026-05-08;O_EKGYOE0526P24.00;EKGYO_05/2026_AVRUPA_OPSIYON;D_EQ;SSO;D_EQ_EPP;DE_EKGYO_EPP;EKGYO.E;2026-05-25;1.81;2.05;-11.71;0;0;0;0;0;0;0;0;0;20834;0;;;;;
2026-05-08;O_EKGYOE0526P24.50;EKGYO_05/2026_AVRUPA_OPSIYON;D_EQ;SSO;D_EQ_EPP;DE_EKGYO_EPP;EKGYO.E;2026-05-25;2.22;2.47;-10.12;0;0;0;0;0;0;0;0;0;0;0;;;;;
2026-05-08;O_EKGYOE0526P25.00;EKGYO_05/2026_AVRUPA_OPSIYON;D_EQ;SSO;D_EQ_EPP;DE_EKGYO_EPP;EKGYO.E;2026-05-25;2.66;2.91;-8.59;0;0;0;0;0;0;0;0;0;0;0;;;;;
2026-05-08;O_EKGYOE0526P26.00;EKGYO_05/2026_AVRUPA_OPSIYON;D_EQ;SSO;D_EQ_EPP;DE_EKGYO_EPP;EKGYO.E;2026-05-25;3.58;3.84;-6.77;0;0;0;0;0;0;0;0;0;0;0;;;;;
2026-05-08;O_EKGYOE0526P27.00;EKGYO_05/2026_AVRUPA_OPSIYON;D_EQ;SSO;D_EQ_EPP;DE_EKGYO_EPP;EKGYO.E;2026-05-25;4.54;4.81;-5.61;0;0;0;0;0;0;0;0;0;0;0;;;;;
2026-05-08;O_EKGYOE0626C20.50;EKGYO_06/2026_AVRUPA_OPSIYON;D_EQ;SSO;D_EQ_ECP;DE_EKGYO_ECP;EKGYO.E;2026-06-30;2.96;2.8;5.71;0;0;0;0;0;0;0;0;0;2;0;;;;;
2026-05-08;O_EKGYOE0626C21.00;EKGYO_06/2026_AVRUPA_OPSIYON;D_EQ;SSO;D_EQ_ECP;DE_EKGYO_ECP;EKGYO.E;2026-06-30;2.61;2.46;6.1;0;0;0;0;0;0;0;0;0;0;0;;;;;
2026-05-08;O_EKGYOE0626C21.50;EKGYO_06/2026_AVRUPA_OPSIYON;D_EQ;SSO;D_EQ_ECP;DE_EKGYO_ECP;EKGYO.E;2026-06-30;2.28;2.15;6.05;0;0;0;0;0;0;0;0;0;0;0;;;;;
2026-05-08;O_EKGYOE0626C22.00;EKGYO_06/2026_AVRUPA_OPSIYON;D_EQ;SSO;D_EQ_ECP;DE_EKGYO_ECP;EKGYO.E;2026-06-30;1.97;1.86;5.91;0;0;0;0;0;0;0;0;0;0;0;;;;;
2026-05-08;O_EKGYOE0626C22.50;EKGYO_06/2026_AVRUPA_OPSIYON;D_EQ;SSO;D_EQ_ECP;DE_EKGYO_ECP;EKGYO.E;2026-06-30;1.7;1.6;6.25;0;0;0;0;0;0;0;0;0;0;0;;;;;
2026-05-08;O_EKGYOE0626C23.00;EKGYO_06/2026_AVRUPA_OPSIYON;D_EQ;SSO;D_EQ_ECP;DE_EKGYO_ECP;EKGYO.E;2026-06-30;1.45;1.36;6.62;0;0;0;0;0;0;0;0;0;0;0;;;;;
2026-05-08;O_EKGYOE0626C23.50;EKGYO_06/2026_AVRUPA_OPSIYON;D_EQ;SSO;D_EQ_ECP;DE_EKGYO_ECP;EKGYO.E;2026-06-30;1.23;1.15;6.96;0;0;0;0;0;0;0;0;0;0;0;;;;;
2026-05-08;O_EKGYOE0626C24.00;EKGYO_06/2026_AVRUPA_OPSIYON;D_EQ;SSO;D_EQ_ECP;DE_EKGYO_ECP;EKGYO.E;2026-06-30;1.03;0.97;6.19;0;0;0;0;0;0;0;0;0;0;0;;;;;
2026-05-08;O_EKGYOE0626C24.50;EKGYO_06/2026_AVRUPA_OPSIYON;D_EQ;SSO;D_EQ_ECP;DE_EKGYO_ECP;EKGYO.E;2026-06-30;0.86;0.8;7.5;0;0;0;0;0;0;0;0;0;10;0;;;;;
2026-05-08;O_EKGYOE0626C25.00;EKGYO_06/2026_AVRUPA_OPSIYON;D_EQ;SSO;D_EQ_ECP;DE_EKGYO_ECP;EKGYO.E;2026-06-30;0.71;0.66;7.58;0;0;0;0;0;0;0;0;0;9;0;;;;;
2026-05-08;O_EKGYOE0626C26.00;EKGYO_06/2026_AVRUPA_OPSIYON;D_EQ;SSO;D_EQ_ECP;DE_EKGYO_ECP;EKGYO.E;2026-06-30;0.48;0.43;11.63;0;0;0;0;0;0;0;0;0;12;0;;;;;
2026-05-08;O_EKGYOE0626C27.00;EKGYO_06/2026_AVRUPA_OPSIYON;D_EQ;SSO;D_EQ_ECP;DE_EKGYO_ECP;EKGYO.E;2026-06-30;0.31;0.27;14.81;0;0;0;0;0;0;0;0;0;5;0;;;;;
2026-05-08;O_EKGYOE0626C28.00;EKGYO_06/2026_AVRUPA_OPSIYON;D_EQ;SSO;D_EQ_ECP;DE_EKGYO_ECP;EKGYO.E;2026-06-30;0.2;0.16;25;0;0;0;0;0;0;0;0;0;0;0;;;;;
2026-05-08;O_EKGYOE0626C29.00;EKGYO_06/2026_AVRUPA_OPSIYON;D_EQ;SSO;D_EQ_ECP;DE_EKGYO_ECP;EKGYO.E;2026-06-30;0.13;0.09;44.44;0;0;0;0;0;0;0;0;0;0;0;;;;;
2026-05-08;O_EKGYOE0626P18.00;EKGYO_06/2026_AVRUPA_OPSIYON;D_EQ;SSO;D_EQ_EPP;DE_EKGYO_EPP;EKGYO.E;2026-06-30;0.06;0.1;-40;0.11;0.11;0.12;0.12;0.11;12600;80;7;7;21;7;;;;;
2026-05-08;O_EKGYOE0626P18.50;EKGYO_06/2026_AVRUPA_OPSIYON;D_EQ;SSO;D_EQ_EPP;DE_EKGYO_EPP;EKGYO.E;2026-06-30;0.09;0.15;-40;0.2;0.17;0.2;0.17;0.2;48100;517;26;2;26;26;;;;;
2026-05-08;O_EKGYOE0626P19.00;EKGYO_06/2026_AVRUPA_OPSIYON;D_EQ;SSO;D_EQ_EPP;DE_EKGYO_EPP;EKGYO.E;2026-06-30;0.14;0.21;-33.33;0;0;0;0;0;0;0;0;0;0;0;;;;;
2026-05-08;O_EKGYOE0626P19.50;EKGYO_06/2026_AVRUPA_OPSIYON;D_EQ;SSO;D_EQ_EPP;DE_EKGYO_EPP;EKGYO.E;2026-06-30;0.19;0.28;-32.14;0;0;0;0;0;0;0;0;0;0;0;;;;;
2026-05-08;O_EKGYOE0626P20.00;EKGYO_06/2026_AVRUPA_OPSIYON;D_EQ;SSO;D_EQ_EPP;DE_EKGYO_EPP;EKGYO.E;2026-06-30;0.27;0.37;-27.03;0;0;0;0;0;0;0;0;0;0;0;;;;;
2026-05-08;O_EKGYOE0626P20.50;EKGYO_06/2026_AVRUPA_OPSIYON;D_EQ;SSO;D_EQ_EPP;DE_EKGYO_EPP;EKGYO.E;2026-06-30;0.36;0.48;-25;0;0;0;0;0;0;0;0;0;0;0;;;;;
2026-05-08;O_EKGYOE0626P21.00;EKGYO_06/2026_AVRUPA_OPSIYON;D_EQ;SSO;D_EQ_EPP;DE_EKGYO_EPP;EKGYO.E;2026-06-30;0.48;0.61;-21.31;0;0;0;0;0;0;0;0;0;0;0;;;;;
2026-05-08;O_EKGYOE0626P21.50;EKGYO_06/2026_AVRUPA_OPSIYON;D_EQ;SSO;D_EQ_EPP;DE_EKGYO_EPP;EKGYO.E;2026-06-30;0.62;0.77;-19.48;0;0;0;0;0;0;0;0;0;0;0;;;;;
2026-05-08;O_EKGYOE0626P22.00;EKGYO_06/2026_AVRUPA_OPSIYON;D_EQ;SSO;D_EQ_EPP;DE_EKGYO_EPP;EKGYO.E;2026-06-30;0.79;0.96;-17.71;0;0;0;0;0;0;0;0;0;5000;0;;;;;
2026-05-08;O_EKGYOE0626P22.50;EKGYO_06/2026_AVRUPA_OPSIYON;D_EQ;SSO;D_EQ_EPP;DE_EKGYO_EPP;EKGYO.E;2026-06-30;0.99;1.17;-15.38;0;0;0;0;0;0;0;0;0;0;0;;;;;
2026-05-08;O_EKGYOE0626P23.00;EKGYO_06/2026_AVRUPA_OPSIYON;D_EQ;SSO;D_EQ_EPP;DE_EKGYO_EPP;EKGYO.E;2026-06-30;1.21;1.41;-14.18;0;0;0;0;0;0;0;0;0;1450;0;;;;;
2026-05-08;O_EKGYOE0626P23.50;EKGYO_06/2026_AVRUPA_OPSIYON;D_EQ;SSO;D_EQ_EPP;DE_EKGYO_EPP;EKGYO.E;2026-06-30;1.46;1.66;-12.05;1.95;1.95;1.95;1.95;1.95;2350000;195000;1000;2;1000;1000;;;;;
2026-05-08;O_EKGYOE0626P24.00;EKGYO_06/2026_AVRUPA_OPSIYON;D_EQ;SSO;D_EQ_EPP;DE_EKGYO_EPP;EKGYO.E;2026-06-30;1.74;1.96;-11.22;0;0;0;0;0;0;0;0;0;0;0;;;;;
2026-05-08;O_EKGYOE0626P24.50;EKGYO_06/2026_AVRUPA_OPSIYON;D_EQ;SSO;D_EQ_EPP;DE_EKGYO_EPP;EKGYO.E;2026-06-30;2.04;2.26;-9.73;0;0;0;0;0;0;0;0;0;0;0;;;;;
2026-05-08;O_EKGYOE0726C21.00;EKGYO_07/2026_AVRUPA_OPSIYON;D_EQ;SSO;D_EQ_ECP;DE_EKGYO_ECP;EKGYO.E;2026-07-31;3.59;3.49;2.87;0;0;0;0;0;0;0;0;0;0;0;;;;;
2026-05-08;O_EKGYOE0726C21.50;EKGYO_07/2026_AVRUPA_OPSIYON;D_EQ;SSO;D_EQ_ECP;DE_EKGYO_ECP;EKGYO.E;2026-07-31;3.26;3.17;2.84;0;0;0;0;0;0;0;0;0;0;0;;;;;
2026-05-08;O_EKGYOE0726C22.00;EKGYO_07/2026_AVRUPA_OPSIYON;D_EQ;SSO;D_EQ_ECP;DE_EKGYO_ECP;EKGYO.E;2026-07-31;2.94;2.87;2.44;0;0;0;0;0;0;0;0;0;0;0;;;;;
2026-05-08;O_EKGYOE0726C22.50;EKGYO_07/2026_AVRUPA_OPSIYON;D_EQ;SSO;D_EQ_ECP;DE_EKGYO_ECP;EKGYO.E;2026-07-31;2.65;2.58;2.71;0;0;0;0;0;0;0;0;0;0;0;;;;;
2026-05-08;O_EKGYOE0726C23.00;EKGYO_07/2026_AVRUPA_OPSIYON;D_EQ;SSO;D_EQ_ECP;DE_EKGYO_ECP;EKGYO.E;2026-07-31;2.37;2.31;2.6;0;0;0;0;0;0;0;0;0;0;0;;;;;
2026-05-08;O_EKGYOE0726C23.50;EKGYO_07/2026_AVRUPA_OPSIYON;D_EQ;SSO;D_EQ_ECP;DE_EKGYO_ECP;EKGYO.E;2026-07-31;2.12;2.06;2.91;0;0;0;0;0;0;0;0;0;0;0;;;;;
2026-05-08;O_EKGYOE0726C24.00;EKGYO_07/2026_AVRUPA_OPSIYON;D_EQ;SSO;D_EQ_ECP;DE_EKGYO_ECP;EKGYO.E;2026-07-31;1.88;1.83;2.73;0;0;0;0;0;0;0;0;0;0;0;;;;;
2026-05-08;O_EKGYOE0726C24.50;EKGYO_07/2026_AVRUPA_OPSIYON;D_EQ;SSO;D_EQ_ECP;DE_EKGYO_ECP;EKGYO.E;2026-07-31;1.66;1.61;3.11;0;0;0;0;0;0;0;0;0;0;0;;;;;
2026-05-08;O_EKGYOE0726C25.00;EKGYO_07/2026_AVRUPA_OPSIYON;D_EQ;SSO;D_EQ_ECP;DE_EKGYO_ECP;EKGYO.E;2026-07-31;1.47;1.42;3.52;0;0;0;0;0;0;0;0;0;0;0;;;;;
2026-05-08;O_EKGYOE0726C26.00;EKGYO_07/2026_AVRUPA_OPSIYON;D_EQ;SSO;D_EQ_ECP;DE_EKGYO_ECP;EKGYO.E;2026-07-31;1.13;1.08;4.63;0;0;0;0;0;0;0;0;0;0;0;;;;;
2026-05-08;O_EKGYOE0726C27.00;EKGYO_07/2026_AVRUPA_OPSIYON;D_EQ;SSO;D_EQ_ECP;DE_EKGYO_ECP;EKGYO.E;2026-07-31;0.86;0.8;7.5;0;0;0;0;0;0;0;0;0;0;0;;;;;
2026-05-08;O_EKGYOE0726C28.00;EKGYO_07/2026_AVRUPA_OPSIYON;D_EQ;SSO;D_EQ_ECP;DE_EKGYO_ECP;EKGYO.E;2026-07-31;0.64;;0;0;0;0;0;0;0;0;0;0;0;0;;;;;
2026-05-08;O_EKGYOE0726P18.50;EKGYO_07/2026_AVRUPA_OPSIYON;D_EQ;SSO;D_EQ_EPP;DE_EKGYO_EPP;EKGYO.E;2026-07-31;0.13;0.22;-40.91;0;0;0;0;0;0;0;0;0;0;0;;;;;
2026-05-08;O_EKGYOE0726P19.00;EKGYO_07/2026_AVRUPA_OPSIYON;D_EQ;SSO;D_EQ_EPP;DE_EKGYO_EPP;EKGYO.E;2026-07-31;0.17;0.28;-39.29;0;0;0;0;0;0;0;0;0;0;0;;;;;
2026-05-08;O_EKGYOE0726P19.50;EKGYO_07/2026_AVRUPA_OPSIYON;D_EQ;SSO;D_EQ_EPP;DE_EKGYO_EPP;EKGYO.E;2026-07-31;0.23;0.35;-34.29;0;0;0;0;0;0;0;0;0;0;0;;;;;
2026-05-08;O_EKGYOE0726P20.00;EKGYO_07/2026_AVRUPA_OPSIYON;D_EQ;SSO;D_EQ_EPP;DE_EKGYO_EPP;EKGYO.E;2026-07-31;0.3;0.44;-31.82;0;0;0;0;0;0;0;0;0;0;0;;;;;
2026-05-08;O_EKGYOE0726P20.50;EKGYO_07/2026_AVRUPA_OPSIYON;D_EQ;SSO;D_EQ_EPP;DE_EKGYO_EPP;EKGYO.E;2026-07-31;0.38;0.54;-29.63;0;0;0;0;0;0;0;0;0;0;0;;;;;
2026-05-08;O_EKGYOE0726P21.00;EKGYO_07/2026_AVRUPA_OPSIYON;D_EQ;SSO;D_EQ_EPP;DE_EKGYO_EPP;EKGYO.E;2026-07-31;0.48;0.66;-27.27;0;0;0;0;0;0;0;0;0;0;0;;;;;
2026-05-08;O_EKGYOE0726P21.50;EKGYO_07/2026_AVRUPA_OPSIYON;D_EQ;SSO;D_EQ_EPP;DE_EKGYO_EPP;EKGYO.E;2026-07-31;0.6;0.79;-24.05;0;0;0;0;0;0;0;0;0;0;0;;;;;
2026-05-08;O_EKGYOE0726P22.00;EKGYO_07/2026_AVRUPA_OPSIYON;D_EQ;SSO;D_EQ_EPP;DE_EKGYO_EPP;EKGYO.E;2026-07-31;0.73;0.94;-22.34;0;0;0;0;0;0;0;0;0;0;0;;;;;
2026-05-08;O_EKGYOE0726P22.50;EKGYO_07/2026_AVRUPA_OPSIYON;D_EQ;SSO;D_EQ_EPP;DE_EKGYO_EPP;EKGYO.E;2026-07-31;0.89;1.09;-18.35;0;0;0;0;0;0;0;0;0;0;0;;;;;
2026-05-08;O_EKGYOE0726P23.00;EKGYO_07/2026_AVRUPA_OPSIYON;D_EQ;SSO;D_EQ_EPP;DE_EKGYO_EPP;EKGYO.E;2026-07-31;1.06;1.28;-17.19;0;0;0;0;0;0;0;0;0;0;0;;;;;
2026-05-08;O_EKGYOE0726P23.50;EKGYO_07/2026_AVRUPA_OPSIYON;D_EQ;SSO;D_EQ_EPP;DE_EKGYO_EPP;EKGYO.E;2026-07-31;1.25;1.47;-14.97;0;0;0;0;0;0;0;0;0;0;0;;;;;
2026-05-08;O_EKGYOE0726P24.00;EKGYO_07/2026_AVRUPA_OPSIYON;D_EQ;SSO;D_EQ_EPP;DE_EKGYO_EPP;EKGYO.E;2026-07-31;1.47;;0;0;0;0;0;0;0;0;0;0;0;0;;;;;
2026-05-08;O_ENKAIE0526C100.00;ENKAI_05/2026_AVRUPA_OPSIYON;D_EQ;SSO;D_EQ_ECP;DE_ENKAI_ECP;ENKAI.E;2026-05-25;13.35;13.57;-1.62;0;0;0;0;0;0;0;0;0;61;0;;;;;
2026-05-08;O_ENKAIE0526C105.00;ENKAI_05/2026_AVRUPA_OPSIYON;D_EQ;SSO;D_EQ_ECP;DE_ENKAI_ECP;ENKAI.E;2026-05-25;9.09;9.33;-2.57;0;0;0;0;0;0;0;0;0;212;0;;;;;
2026-05-08;O_ENKAIE0526C110.00;ENKAI_05/2026_AVRUPA_OPSIYON;D_EQ;SSO;D_EQ_ECP;DE_ENKAI_ECP;ENKAI.E;2026-05-25;5.59;5.82;-3.95;0;0;0;0;0;0;0;0;0;50;0;;;;;
2026-05-08;O_ENKAIE0526C115.00;ENKAI_05/2026_AVRUPA_OPSIYON;D_EQ;SSO;D_EQ_ECP;DE_ENKAI_ECP;ENKAI.E;2026-05-25;3.06;3.26;-6.13;0;0;0;0;0;0;0;0;0;40;0;;;;;
2026-05-08;O_ENKAIE0526C120.00;ENKAI_05/2026_AVRUPA_OPSIYON;D_EQ;SSO;D_EQ_ECP;DE_ENKAI_ECP;ENKAI.E;2026-05-25;1.48;1.62;-8.64;0;0;0;0;0;0;0;0;0;211;0;;;;;
2026-05-08;O_ENKAIE0526C125.00;ENKAI_05/2026_AVRUPA_OPSIYON;D_EQ;SSO;D_EQ_ECP;DE_ENKAI_ECP;ENKAI.E;2026-05-25;0.63;0.72;-12.5;0;0;0;0;0;0;0;0;0;32;0;;;;;
2026-05-08;O_ENKAIE0526C130.00;ENKAI_05/2026_AVRUPA_OPSIYON;D_EQ;SSO;D_EQ_ECP;DE_ENKAI_ECP;ENKAI.E;2026-05-25;0.24;0.28;-14.29;0;0;0;0;0;0;0;0;0;0;0;;;;;
2026-05-08;O_ENKAIE0526C135.00;ENKAI_05/2026_AVRUPA_OPSIYON;D_EQ;SSO;D_EQ_ECP;DE_ENKAI_ECP;ENKAI.E;2026-05-25;0.08;0.1;-20;0;0;0;0;0;0;0;0;0;0;0;;;;;
2026-05-08;O_ENKAIE0526C140.00;ENKAI_05/2026_AVRUPA_OPSIYON;D_EQ;SSO;D_EQ_ECP;DE_ENKAI_ECP;ENKAI.E;2026-05-25;0.02;0.03;-33.33;0;0;0;0;0;0;0;0;0;0;0;;;;;
2026-05-08;O_ENKAIE0526C145.00;ENKAI_05/2026_AVRUPA_OPSIYON;D_EQ;SSO;D_EQ_ECP;DE_ENKAI_ECP;ENKAI.E;2026-05-25;0.01;0.01;0;0;0;0;0;0;0;0;0;0;0;0;;;;;
2026-05-08;O_ENKAIE0526C94.00;ENKAI_05/2026_AVRUPA_OPSIYON;D_EQ;SSO;D_EQ_ECP;DE_ENKAI_ECP;ENKAI.E;2026-05-25;19;19.2;-1.04;0;0;0;0;0;0;0;0;0;3;0;;;;;
2026-05-08;O_ENKAIE0526C96.00;ENKAI_05/2026_AVRUPA_OPSIYON;D_EQ;SSO;D_EQ_ECP;DE_ENKAI_ECP;ENKAI.E;2026-05-25;17.07;17.28;-1.22;0;0;0;0;0;0;0;0;0;2;0;;;;;
2026-05-08;O_ENKAIE0526C98.00;ENKAI_05/2026_AVRUPA_OPSIYON;D_EQ;SSO;D_EQ_ECP;DE_ENKAI_ECP;ENKAI.E;2026-05-25;15.19;15.4;-1.36;0;0;0;0;0;0;0;0;0;1;0;;;;;
2026-05-08;O_ENKAIE0526P100.00;ENKAI_05/2026_AVRUPA_OPSIYON;D_EQ;SSO;D_EQ_EPP;DE_ENKAI_EPP;ENKAI.E;2026-05-25;0.29;0.31;-6.45;0;0;0;0;0;0;0;0;0;107;0;;;;;
2026-05-08;O_ENKAIE0526P105.00;ENKAI_05/2026_AVRUPA_OPSIYON;D_EQ;SSO;D_EQ_EPP;DE_ENKAI_EPP;ENKAI.E;2026-05-25;0.95;0.98;-3.06;0.8;0.68;0.8;0.68;0.72;1575000;10800;150;6;122;-50;;;;;
2026-05-08;O_ENKAIE0526P110.00;ENKAI_05/2026_AVRUPA_OPSIYON;D_EQ;SSO;D_EQ_EPP;DE_ENKAI_EPP;ENKAI.E;2026-05-25;2.36;2.38;-0.84;1.44;1.44;1.44;1.44;1.44;11000;144;1;1;61;1;;;;;
2026-05-08;O_ENKAIE0526P115.00;ENKAI_05/2026_AVRUPA_OPSIYON;D_EQ;SSO;D_EQ_EPP;DE_ENKAI_EPP;ENKAI.E;2026-05-25;4.74;4.72;0.42;0;0;0;0;0;0;0;0;0;71;0;;;;;
2026-05-08;O_ENKAIE0526P120.00;ENKAI_05/2026_AVRUPA_OPSIYON;D_EQ;SSO;D_EQ_EPP;DE_ENKAI_EPP;ENKAI.E;2026-05-25;8.07;7.99;1;0;0;0;0;0;0;0;0;0;32;0;;;;;
2026-05-08;O_ENKAIE0526P84.00;ENKAI_05/2026_AVRUPA_OPSIYON;D_EQ;SSO;D_EQ_EPP;DE_ENKAI_EPP;ENKAI.E;2026-05-25;0.01;0.01;0;0;0;0;0;0;0;0;0;0;5;0;;;;;
2026-05-08;O_ENKAIE0526P86.00;ENKAI_05/2026_AVRUPA_OPSIYON;D_EQ;SSO;D_EQ_EPP;DE_ENKAI_EPP;ENKAI.E;2026-05-25;0.01;0.01;0;0;0;0;0;0;0;0;0;0;0;0;;;;;
2026-05-08;O_ENKAIE0526P88.00;ENKAI_05/2026_AVRUPA_OPSIYON;D_EQ;SSO;D_EQ_EPP;DE_ENKAI_EPP;ENKAI.E;2026-05-25;0.01;0.01;0;0;0;0;0;0;0;0;0;0;0;0;;;;;
2026-05-08;O_ENKAIE0526P90.00;ENKAI_05/2026_AVRUPA_OPSIYON;D_EQ;SSO;D_EQ_EPP;DE_ENKAI_EPP;ENKAI.E;2026-05-25;0.01;0.01;0;0;0;0;0;0;0;0;0;0;0;0;;;;;
2026-05-08;O_ENKAIE0526P92.00;ENKAI_05/2026_AVRUPA_OPSIYON;D_EQ;SSO;D_EQ_EPP;DE_ENKAI_EPP;ENKAI.E;2026-05-25;0.02;0.03;-33.33;0;0;0;0;0;0;0;0;0;0;0;;;;;
2026-05-08;O_ENKAIE0526P94.00;ENKAI_05/2026_AVRUPA_OPSIYON;D_EQ;SSO;D_EQ_EPP;DE_ENKAI_EPP;ENKAI.E;2026-05-25;0.05;0.05;0;0;0;0;0;0;0;0;0;0;0;0;;;;;
2026-05-08;O_ENKAIE0526P96.00;ENKAI_05/2026_AVRUPA_OPSIYON;D_EQ;SSO;D_EQ_EPP;DE_ENKAI_EPP;ENKAI.E;2026-05-25;0.09;0.1;-10;0;0;0;0;0;0;0;0;0;198;0;;;;;
2026-05-08;O_ENKAIE0526P98.00;ENKAI_05/2026_AVRUPA_OPSIYON;D_EQ;SSO;D_EQ_EPP;DE_ENKAI_EPP;ENKAI.E;2026-05-25;0.17;0.18;-5.56;0;0;0;0;0;0;0;0;0;23;0;;;;;
2026-05-08;O_ENKAIE0626C100.00;ENKAI_06/2026_AVRUPA_OPSIYON;D_EQ;SSO;D_EQ_ECP;DE_ENKAI_ECP;ENKAI.E;2026-06-30;17.8;18;-1.11;0;0;0;0;0;0;0;0;0;0;0;;;;;
2026-05-08;O_ENKAIE0626C105.00;ENKAI_06/2026_AVRUPA_OPSIYON;D_EQ;SSO;D_EQ_ECP;DE_ENKAI_ECP;ENKAI.E;2026-06-30;14.04;14.23;-1.34;0;0;0;0;0;0;0;0;0;2;0;;;;;
2026-05-08;O_ENKAIE0626C110.00;ENKAI_06/2026_AVRUPA_OPSIYON;D_EQ;SSO;D_EQ_ECP;DE_ENKAI_ECP;ENKAI.E;2026-06-30;10.74;10.92;-1.65;10;10;10;10;10;55000;5000;5;1;10;0;;;;;
2026-05-08;O_ENKAIE0626C115.00;ENKAI_06/2026_AVRUPA_OPSIYON;D_EQ;SSO;D_EQ_ECP;DE_ENKAI_ECP;ENKAI.E;2026-06-30;7.97;8.13;-1.97;0;0;0;0;0;0;0;0;0;9;0;;;;;
2026-05-08;O_ENKAIE0626C120.00;ENKAI_06/2026_AVRUPA_OPSIYON;D_EQ;SSO;D_EQ_ECP;DE_ENKAI_ECP;ENKAI.E;2026-06-30;5.73;5.88;-2.55;0;0;0;0;0;0;0;0;0;0;0;;;;;
2026-05-08;O_ENKAIE0626C125.00;ENKAI_06/2026_AVRUPA_OPSIYON;D_EQ;SSO;D_EQ_ECP;DE_ENKAI_ECP;ENKAI.E;2026-06-30;4;4.12;-2.91;0;0;0;0;0;0;0;0;0;0;0;;;;;
2026-05-08;O_ENKAIE0626C130.00;ENKAI_06/2026_AVRUPA_OPSIYON;D_EQ;SSO;D_EQ_ECP;DE_ENKAI_ECP;ENKAI.E;2026-06-30;2.71;2.81;-3.56;0;0;0;0;0;0;0;0;0;0;0;;;;;
2026-05-08;O_ENKAIE0626C135.00;ENKAI_06/2026_AVRUPA_OPSIYON;D_EQ;SSO;D_EQ_ECP;DE_ENKAI_ECP;ENKAI.E;2026-06-30;1.79;1.86;-3.76;0;0;0;0;0;0;0;0;0;0;0;;;;;
2026-05-08;O_ENKAIE0626C140.00;ENKAI_06/2026_AVRUPA_OPSIYON;D_EQ;SSO;D_EQ_ECP;DE_ENKAI_ECP;ENKAI.E;2026-06-30;1.15;1.21;-4.96;0;0;0;0;0;0;0;0;0;0;0;;;;;
2026-05-08;O_ENKAIE0626C145.00;ENKAI_06/2026_AVRUPA_OPSIYON;D_EQ;SSO;D_EQ_ECP;DE_ENKAI_ECP;ENKAI.E;2026-06-30;0.72;0.76;-5.26;0;0;0;0;0;0;0;0;0;0;0;;;;;
2026-05-08;O_ENKAIE0626C98.00;ENKAI_06/2026_AVRUPA_OPSIYON;D_EQ;SSO;D_EQ_ECP;DE_ENKAI_ECP;ENKAI.E;2026-06-30;19.42;19.62;-1.02;0;0;0;0;0;0;0;0;0;0;0;;;;;
2026-05-08;O_ENKAIE0626P100.00;ENKAI_06/2026_AVRUPA_OPSIYON;D_EQ;SSO;D_EQ_EPP;DE_ENKAI_EPP;ENKAI.E;2026-06-30;1.13;1.13;0;0;0;0;0;0;0;0;0;0;0;0;;;;;
2026-05-08;O_ENKAIE0626P105.00;ENKAI_06/2026_AVRUPA_OPSIYON;D_EQ;SSO;D_EQ_EPP;DE_ENKAI_EPP;ENKAI.E;2026-06-30;2.1;2.09;0.48;0;0;0;0;0;0;0;0;0;0;0;;;;;
2026-05-08;O_ENKAIE0626P110.00;ENKAI_06/2026_AVRUPA_OPSIYON;D_EQ;SSO;D_EQ_EPP;DE_ENKAI_EPP;ENKAI.E;2026-06-30;3.53;3.51;0.57;0;0;0;0;0;0;0;0;0;0;0;;;;;
2026-05-08;O_ENKAIE0626P115.00;ENKAI_06/2026_AVRUPA_OPSIYON;D_EQ;SSO;D_EQ_EPP;DE_ENKAI_EPP;ENKAI.E;2026-06-30;5.49;5.45;0.73;0;0;0;0;0;0;0;0;0;0;0;;;;;
2026-05-08;O_ENKAIE0626P120.00;ENKAI_06/2026_AVRUPA_OPSIYON;D_EQ;SSO;D_EQ_EPP;DE_ENKAI_EPP;ENKAI.E;2026-06-30;7.99;7.92;0.88;0;0;0;0;0;0;0;0;0;0;0;;;;;
2026-05-08;O_ENKAIE0626P88.00;ENKAI_06/2026_AVRUPA_OPSIYON;D_EQ;SSO;D_EQ_EPP;DE_ENKAI_EPP;ENKAI.E;2026-06-30;0.16;0.16;0;0;0;0;0;0;0;0;0;0;0;0;;;;;
2026-05-08;O_ENKAIE0626P90.00;ENKAI_06/2026_AVRUPA_OPSIYON;D_EQ;SSO;D_EQ_EPP;DE_ENKAI_EPP;ENKAI.E;2026-06-30;0.23;0.23;0;0;0;0;0;0;0;0;0;0;0;0;;;;;
2026-05-08;O_ENKAIE0626P92.00;ENKAI_06/2026_AVRUPA_OPSIYON;D_EQ;SSO;D_EQ_EPP;DE_ENKAI_EPP;ENKAI.E;2026-06-30;0.33;0.33;0;0;0;0;0;0;0;0;0;0;0;0;;;;;
2026-05-08;O_ENKAIE0626P94.00;ENKAI_06/2026_AVRUPA_OPSIYON;D_EQ;SSO;D_EQ_EPP;DE_ENKAI_EPP;ENKAI.E;2026-06-30;0.47;0.47;0;0;0;0;0;0;0;0;0;0;0;0;;;;;
2026-05-08;O_ENKAIE0626P96.00;ENKAI_06/2026_AVRUPA_OPSIYON;D_EQ;SSO;D_EQ_EPP;DE_ENKAI_EPP;ENKAI.E;2026-06-30;0.64;0.64;0;0;0;0;0;0;0;0;0;0;0;0;;;;;
2026-05-08;O_ENKAIE0626P98.00;ENKAI_06/2026_AVRUPA_OPSIYON;D_EQ;SSO;D_EQ_EPP;DE_ENKAI_EPP;ENKAI.E;2026-06-30;0.86;0.86;0;0;0;0;0;0;0;0;0;0;0;0;;;;;
2026-05-08;O_ENKAIE0726C105.00;ENKAI_07/2026_AVRUPA_OPSIYON;D_EQ;SSO;D_EQ_ECP;DE_ENKAI_ECP;ENKAI.E;2026-07-31;18.96;19.16;-1.04;0;0;0;0;0;0;0;0;0;0;0;;;;;
2026-05-08;O_ENKAIE0726C110.00;ENKAI_07/2026_AVRUPA_OPSIYON;D_EQ;SSO;D_EQ_ECP;DE_ENKAI_ECP;ENKAI.E;2026-07-31;15.64;15.83;-1.2;0;0;0;0;0;0;0;0;0;0;0;;;;;
2026-05-08;O_ENKAIE0726C115.00;ENKAI_07/2026_AVRUPA_OPSIYON;D_EQ;SSO;D_EQ_ECP;DE_ENKAI_ECP;ENKAI.E;2026-07-31;12.69;12.87;-1.4;0;0;0;0;0;0;0;0;0;0;0;;;;;
2026-05-08;O_ENKAIE0726C120.00;ENKAI_07/2026_AVRUPA_OPSIYON;D_EQ;SSO;D_EQ_ECP;DE_ENKAI_ECP;ENKAI.E;2026-07-31;10.13;10.29;-1.55;0;0;0;0;0;0;0;0;0;0;0;;;;;
2026-05-08;O_ENKAIE0726C125.00;ENKAI_07/2026_AVRUPA_OPSIYON;D_EQ;SSO;D_EQ_ECP;DE_ENKAI_ECP;ENKAI.E;2026-07-31;7.96;8.1;-1.73;0;0;0;0;0;0;0;0;0;0;0;;;;;
2026-05-08;O_ENKAIE0726C130.00;ENKAI_07/2026_AVRUPA_OPSIYON;D_EQ;SSO;D_EQ_ECP;DE_ENKAI_ECP;ENKAI.E;2026-07-31;6.15;6.28;-2.07;0;0;0;0;0;0;0;0;0;0;0;;;;;
2026-05-08;O_ENKAIE0726C135.00;ENKAI_07/2026_AVRUPA_OPSIYON;D_EQ;SSO;D_EQ_ECP;DE_ENKAI_ECP;ENKAI.E;2026-07-31;4.69;4.8;-2.29;0;0;0;0;0;0;0;0;0;0;0;;;;;
2026-05-08;O_ENKAIE0726C140.00;ENKAI_07/2026_AVRUPA_OPSIYON;D_EQ;SSO;D_EQ_ECP;DE_ENKAI_ECP;ENKAI.E;2026-07-31;3.53;3.62;-2.49;0;0;0;0;0;0;0;0;0;0;0;;;;;
2026-05-08;O_ENKAIE0726C145.00;ENKAI_07/2026_AVRUPA_OPSIYON;D_EQ;SSO;D_EQ_ECP;DE_ENKAI_ECP;ENKAI.E;2026-07-31;2.62;2.69;-2.6;0;0;0;0;0;0;0;0;0;0;0;;;;;
2026-05-08;O_ENKAIE0726C150.00;ENKAI_07/2026_AVRUPA_OPSIYON;D_EQ;SSO;D_EQ_ECP;DE_ENKAI_ECP;ENKAI.E;2026-07-31;1.92;1.98;-3.03;0;0;0;0;0;0;0;0;0;0;0;;;;;
2026-05-08;O_ENKAIE0726P100.00;ENKAI_07/2026_AVRUPA_OPSIYON;D_EQ;SSO;D_EQ_EPP;DE_ENKAI_EPP;ENKAI.E;2026-07-31;1.27;1.26;0.79;0;0;0;0;0;0;0;0;0;0;0;;;;;
2026-05-08;O_ENKAIE0726P105.00;ENKAI_07/2026_AVRUPA_OPSIYON;D_EQ;SSO;D_EQ_EPP;DE_ENKAI_EPP;ENKAI.E;2026-07-31;2.11;2.09;0.96;0;0;0;0;0;0;0;0;0;0;0;;;;;
2026-05-08;O_ENKAIE0726P110.00;ENKAI_07/2026_AVRUPA_OPSIYON;D_EQ;SSO;D_EQ_EPP;DE_ENKAI_EPP;ENKAI.E;2026-07-31;3.29;3.25;1.23;0;0;0;0;0;0;0;0;0;0;0;;;;;
2026-05-08;O_ENKAIE0726P115.00;ENKAI_07/2026_AVRUPA_OPSIYON;D_EQ;SSO;D_EQ_EPP;DE_ENKAI_EPP;ENKAI.E;2026-07-31;4.84;4.78;1.26;0;0;0;0;0;0;0;0;0;0;0;;;;;
2026-05-08;O_ENKAIE0726P120.00;ENKAI_07/2026_AVRUPA_OPSIYON;D_EQ;SSO;D_EQ_EPP;DE_ENKAI_EPP;ENKAI.E;2026-07-31;6.77;6.7;1.04;0;0;0;0;0;0;0;0;0;0;0;;;;;
2026-05-08;O_ENKAIE0726P125.00;ENKAI_07/2026_AVRUPA_OPSIYON;D_EQ;SSO;D_EQ_EPP;DE_ENKAI_EPP;ENKAI.E;2026-07-31;9.1;9;1.11;0;0;0;0;0;0;0;0;0;0;0;;;;;
2026-05-08;O_ENKAIE0726P92.00;ENKAI_07/2026_AVRUPA_OPSIYON;D_EQ;SSO;D_EQ_EPP;DE_ENKAI_EPP;ENKAI.E;2026-07-31;0.48;0.47;2.13;0;0;0;0;0;0;0;0;0;0;0;;;;;
2026-05-08;O_ENKAIE0726P94.00;ENKAI_07/2026_AVRUPA_OPSIYON;D_EQ;SSO;D_EQ_EPP;DE_ENKAI_EPP;ENKAI.E;2026-07-31;0.62;0.62;0;0;0;0;0;0;0;0;0;0;0;0;;;;;
2026-05-08;O_ENKAIE0726P96.00;ENKAI_07/2026_AVRUPA_OPSIYON;D_EQ;SSO;D_EQ_EPP;DE_ENKAI_EPP;ENKAI.E;2026-07-31;0.8;0.79;1.27;0;0;0;0;0;0;0;0;0;0;0;;;;;
2026-05-08;O_ENKAIE0726P98.00;ENKAI_07/2026_AVRUPA_OPSIYON;D_EQ;SSO;D_EQ_EPP;DE_ENKAI_EPP;ENKAI.E;2026-07-31;1.02;1.01;0.99;0;0;0;0;0;0;0;0;0;0;0;;;;;
2026-05-08;O_EREGLE0526C27.00;EREGL_05/2026_AVRUPA_OPSIYON;D_EQ;SSO;D_EQ_ECP;DE_EREGL_ECP;EREGL.E;2026-05-25;14.73;11.98;22.95;0;0;0;0;0;0;0;0;0;0;0;;;;;
2026-05-08;O_EREGLE0526C28.00;EREGL_05/2026_AVRUPA_OPSIYON;D_EQ;SSO;D_EQ_ECP;DE_EREGL_ECP;EREGL.E;2026-05-25;13.75;11;25;0;0;0;0;0;0;0;0;0;1;0;;;;;
2026-05-08;O_EREGLE0526C29.00;EREGL_05/2026_AVRUPA_OPSIYON;D_EQ;SSO;D_EQ_ECP;DE_EREGL_ECP;EREGL.E;2026-05-25;12.77;10.02;27.45;0;0;0;0;0;0;0;0;0;0;0;;;;;
2026-05-08;O_EREGLE0526C30.00;EREGL_05/2026_AVRUPA_OPSIYON;D_EQ;SSO;D_EQ_ECP;DE_EREGL_ECP;EREGL.E;2026-05-25;11.79;9.04;30.42;0;0;0;0;0;0;0;0;0;1443;0;;;;;
2026-05-08;O_EREGLE0526C31.00;EREGL_05/2026_AVRUPA_OPSIYON;D_EQ;SSO;D_EQ_ECP;DE_EREGL_ECP;EREGL.E;2026-05-25;10.8;8.06;34;0;0;0;0;0;0;0;0;0;10;0;;;;;
2026-05-08;O_EREGLE0526C32.00;EREGL_05/2026_AVRUPA_OPSIYON;D_EQ;SSO;D_EQ_ECP;DE_EREGL_ECP;EREGL.E;2026-05-25;9.82;7.08;38.7;0;0;0;0;0;0;0;0;0;332;0;;;;;
2026-05-08;O_EREGLE0526C33.00;EREGL_05/2026_AVRUPA_OPSIYON;D_EQ;SSO;D_EQ_ECP;DE_EREGL_ECP;EREGL.E;2026-05-25;8.84;6.11;44.68;0;0;0;0;0;0;0;0;0;405;0;;;;;
2026-05-08;O_EREGLE0526C34.00;EREGL_05/2026_AVRUPA_OPSIYON;D_EQ;SSO;D_EQ_ECP;DE_EREGL_ECP;EREGL.E;2026-05-25;7.86;5.15;52.62;0;0;0;0;0;0;0;0;0;658;0;;;;;
2026-05-08;O_EREGLE0526C35.00;EREGL_05/2026_AVRUPA_OPSIYON;D_EQ;SSO;D_EQ_ECP;DE_EREGL_ECP;EREGL.E;2026-05-25;6.88;4.22;63.03;0;0;0;0;0;0;0;0;0;5772;0;;;;;
2026-05-08;O_EREGLE0526C36.00;EREGL_05/2026_AVRUPA_OPSIYON;D_EQ;SSO;D_EQ_ECP;DE_EREGL_ECP;EREGL.E;2026-05-25;5.91;3.35;76.42;0;0;0;0;0;0;0;0;0;1659;0;;;;;
2026-05-08;O_EREGLE0526C37.00;EREGL_05/2026_AVRUPA_OPSIYON;D_EQ;SSO;D_EQ_ECP;DE_EREGL_ECP;EREGL.E;2026-05-25;4.97;2.56;94.14;0;0;0;0;0;0;0;0;0;1664;0;;;;;
2026-05-08;O_EREGLE0526C38.00;EREGL_05/2026_AVRUPA_OPSIYON;D_EQ;SSO;D_EQ_ECP;DE_EREGL_ECP;EREGL.E;2026-05-25;4.06;1.87;117.11;2.18;2.18;3.52;3.34;3.41;4639800;416860;1221;17;2380;-200;;;;;
2026-05-08;O_EREGLE0526C39.00;EREGL_05/2026_AVRUPA_OPSIYON;D_EQ;SSO;D_EQ_ECP;DE_EREGL_ECP;EREGL.E;2026-05-25;3.21;1.31;145.04;2.66;2.53;2.68;2.53;2.61;3510000;234800;900;9;2982;-100;;;;;
2026-05-08;O_EREGLE0526C40.00;EREGL_05/2026_AVRUPA_OPSIYON;D_EQ;SSO;D_EQ_ECP;DE_EREGL_ECP;EREGL.E;2026-05-25;2.44;0.87;180.46;0.88;0.88;1.9;1.8;1.03;480000;12301;120;24;5763;90;;;;;
2026-05-08;O_EREGLE0526C41.00;EREGL_05/2026_AVRUPA_OPSIYON;D_EQ;SSO;D_EQ_ECP;DE_EREGL_ECP;EREGL.E;2026-05-25;1.78;0.55;223.64;1.03;1.03;1.35;1.2;1.27;2890500;89713;705;12;1346;-304;;;;;
2026-05-08;O_EREGLE0526C42.00;EREGL_05/2026_AVRUPA_OPSIYON;D_EQ;SSO;D_EQ_ECP;DE_EREGL_ECP;EREGL.E;2026-05-25;1.25;0.33;278.79;0.45;0.45;0.91;0.78;0.8;3452400;65826;822;30;1535;794;;;;;
2026-05-08;O_EREGLE0526C43.00;EREGL_05/2026_AVRUPA_OPSIYON;D_EQ;SSO;D_EQ_ECP;DE_EREGL_ECP;EREGL.E;2026-05-25;0.83;0.19;336.84;0.3;0.3;0.59;0.56;0.48;4932100;55399;1147;55;1735;-665;;;;;
2026-05-08;O_EREGLE0526C44.00;EREGL_05/2026_AVRUPA_OPSIYON;D_EQ;SSO;D_EQ_ECP;DE_EREGL_ECP;EREGL.E;2026-05-25;0.53;0.1;430;0;0;0;0;0;0;0;0;0;0;0;;;;;
2026-05-08;O_EREGLE0526C45.00;EREGL_05/2026_AVRUPA_OPSIYON;D_EQ;SSO;D_EQ_ECP;DE_EREGL_ECP;EREGL.E;2026-05-25;0.32;;0;0;0;0;0;0;0;0;0;0;0;0;;;;;
2026-05-08;O_EREGLE0526P23.50;EREGL_05/2026_AVRUPA_OPSIYON;D_EQ;SSO;D_EQ_EPP;DE_EREGL_EPP;EREGL.E;2026-05-25;0.01;0.01;0;0;0;0;0;0;0;0;0;0;0;0;;;;;
2026-05-08;O_EREGLE0526P24.00;EREGL_05/2026_AVRUPA_OPSIYON;D_EQ;SSO;D_EQ_EPP;DE_EREGL_EPP;EREGL.E;2026-05-25;0.01;0.01;0;0;0;0;0;0;0;0;0;0;0;0;;;;;
2026-05-08;O_EREGLE0526P24.50;EREGL_05/2026_AVRUPA_OPSIYON;D_EQ;SSO;D_EQ_EPP;DE_EREGL_EPP;EREGL.E;2026-05-25;0.01;0.01;0;0;0;0;0;0;0;0;0;0;0;0;;;;;
2026-05-08;O_EREGLE0526P25.00;EREGL_05/2026_AVRUPA_OPSIYON;D_EQ;SSO;D_EQ_EPP;DE_EREGL_EPP;EREGL.E;2026-05-25;0.01;0.01;0;0;0;0;0;0;0;0;0;0;0;0;;;;;
2026-05-08;O_EREGLE0526P26.00;EREGL_05/2026_AVRUPA_OPSIYON;D_EQ;SSO;D_EQ_EPP;DE_EREGL_EPP;EREGL.E;2026-05-25;0.01;0.01;0;0;0;0;0;0;0;0;0;0;0;0;;;;;
2026-05-08;O_EREGLE0526P27.00;EREGL_05/2026_AVRUPA_OPSIYON;D_EQ;SSO;D_EQ_EPP;DE_EREGL_EPP;EREGL.E;2026-05-25;0.01;0.01;0;0;0;0;0;0;0;0;0;0;0;0;;;;;
2026-05-08;O_EREGLE0526P28.00;EREGL_05/2026_AVRUPA_OPSIYON;D_EQ;SSO;D_EQ_EPP;DE_EREGL_EPP;EREGL.E;2026-05-25;0.01;0.01;0;0;0;0;0;0;0;0;0;0;0;0;;;;;
2026-05-08;O_EREGLE0526P29.00;EREGL_05/2026_AVRUPA_OPSIYON;D_EQ;SSO;D_EQ_EPP;DE_EREGL_EPP;EREGL.E;2026-05-25;0.01;0.01;0;0;0;0;0;0;0;0;0;0;5;0;;;;;
2026-05-08;O_EREGLE0526P30.00;EREGL_05/2026_AVRUPA_OPSIYON;D_EQ;SSO;D_EQ_EPP;DE_EREGL_EPP;EREGL.E;2026-05-25;0.01;0.01;0;0;0;0;0;0;0;0;0;0;0;0;;;;;
2026-05-08;O_EREGLE0526P31.00;EREGL_05/2026_AVRUPA_OPSIYON;D_EQ;SSO;D_EQ_EPP;DE_EREGL_EPP;EREGL.E;2026-05-25;0.01;0.01;0;0;0;0;0;0;0;0;0;0;100;0;;;;;
2026-05-08;O_EREGLE0526P32.00;EREGL_05/2026_AVRUPA_OPSIYON;D_EQ;SSO;D_EQ_EPP;DE_EREGL_EPP;EREGL.E;2026-05-25;0.01;0.01;0;0;0;0;0;0;0;0;0;0;775;0;;;;;
2026-05-08;O_EREGLE0526P33.00;EREGL_05/2026_AVRUPA_OPSIYON;D_EQ;SSO;D_EQ_EPP;DE_EREGL_EPP;EREGL.E;2026-05-25;0.01;0.01;0;0;0;0;0;0;0;0;0;0;320;0;;;;;
2026-05-08;O_EREGLE0526P34.00;EREGL_05/2026_AVRUPA_OPSIYON;D_EQ;SSO;D_EQ_EPP;DE_EREGL_EPP;EREGL.E;2026-05-25;0.01;0.04;-75;0;0;0;0;0;0;0;0;0;800;0;;;;;
2026-05-08;O_EREGLE0526P35.00;EREGL_05/2026_AVRUPA_OPSIYON;D_EQ;SSO;D_EQ_EPP;DE_EREGL_EPP;EREGL.E;2026-05-25;0.01;0.09;-88.89;0.01;0.01;0.01;0.01;0.01;343000;98;98;1;2480;0;;;;;
2026-05-08;O_EREGLE0526P36.00;EREGL_05/2026_AVRUPA_OPSIYON;D_EQ;SSO;D_EQ_EPP;DE_EREGL_EPP;EREGL.E;2026-05-25;0.02;0.2;-90;0;0;0;0;0;0;0;0;0;8349;0;;;;;
2026-05-08;O_EREGLE0526P37.00;EREGL_05/2026_AVRUPA_OPSIYON;D_EQ;SSO;D_EQ_EPP;DE_EREGL_EPP;EREGL.E;2026-05-25;0.06;0.39;-84.62;0.31;0.08;0.31;0.09;0.26;48100;336;13;4;14525;0;;;;;
2026-05-08;O_EREGLE0526P38.00;EREGL_05/2026_AVRUPA_OPSIYON;D_EQ;SSO;D_EQ_EPP;DE_EREGL_EPP;EREGL.E;2026-05-25;0.13;0.69;-81.16;0.54;0.54;0.54;0.54;0.54;38000;540;10;1;3064;0;;;;;
2026-05-08;O_EREGLE0526P39.00;EREGL_05/2026_AVRUPA_OPSIYON;D_EQ;SSO;D_EQ_EPP;DE_EREGL_EPP;EREGL.E;2026-05-25;0.26;1.1;-76.36;0.9;0.3;0.9;0.3;0.74;2769000;52690;710;7;3200;700;;;;;
2026-05-08;O_EREGLE0526P40.00;EREGL_05/2026_AVRUPA_OPSIYON;D_EQ;SSO;D_EQ_EPP;DE_EREGL_EPP;EREGL.E;2026-05-25;0.48;;0;0.41;0.41;0.52;0.52;0.51;440000;5610;110;3;100;100;;;;;
2026-05-08;O_EREGLE0626C30.00;EREGL_06/2026_AVRUPA_OPSIYON;D_EQ;SSO;D_EQ_ECP;DE_EREGL_ECP;EREGL.E;2026-06-30;12.87;10.14;26.92;0;0;0;0;0;0;0;0;0;0;0;;;;;
2026-05-08;O_EREGLE0626C31.00;EREGL_06/2026_AVRUPA_OPSIYON;D_EQ;SSO;D_EQ_ECP;DE_EREGL_ECP;EREGL.E;2026-06-30;11.93;9.21;29.53;0;0;0;0;0;0;0;0;0;0;0;;;;;
2026-05-08;O_EREGLE0626C32.00;EREGL_06/2026_AVRUPA_OPSIYON;D_EQ;SSO;D_EQ_ECP;DE_EREGL_ECP;EREGL.E;2026-06-30;10.99;8.3;32.41;0;0;0;0;0;0;0;0;0;0;0;;;;;
2026-05-08;O_EREGLE0626C33.00;EREGL_06/2026_AVRUPA_OPSIYON;D_EQ;SSO;D_EQ_ECP;DE_EREGL_ECP;EREGL.E;2026-06-30;10.06;7.41;35.76;0;0;0;0;0;0;0;0;0;0;0;;;;;
2026-05-08;O_EREGLE0626C34.00;EREGL_06/2026_AVRUPA_OPSIYON;D_EQ;SSO;D_EQ_ECP;DE_EREGL_ECP;EREGL.E;2026-06-30;9.14;6.55;39.54;0;0;0;0;0;0;0;0;0;0;0;;;;;
2026-05-08;O_EREGLE0626C35.00;EREGL_06/2026_AVRUPA_OPSIYON;D_EQ;SSO;D_EQ_ECP;DE_EREGL_ECP;EREGL.E;2026-06-30;8.24;5.72;44.06;0;0;0;0;0;0;0;0;0;251;0;;;;;
2026-05-08;O_EREGLE0626C36.00;EREGL_06/2026_AVRUPA_OPSIYON;D_EQ;SSO;D_EQ_ECP;DE_EREGL_ECP;EREGL.E;2026-06-30;7.36;4.94;48.99;0;0;0;0;0;0;0;0;0;601;0;;;;;
2026-05-08;O_EREGLE0626C37.00;EREGL_06/2026_AVRUPA_OPSIYON;D_EQ;SSO;D_EQ_ECP;DE_EREGL_ECP;EREGL.E;2026-06-30;6.52;4.21;54.87;0;0;0;0;0;0;0;0;0;250;0;;;;;
2026-05-08;O_EREGLE0626C38.00;EREGL_06/2026_AVRUPA_OPSIYON;D_EQ;SSO;D_EQ_ECP;DE_EREGL_ECP;EREGL.E;2026-06-30;5.71;3.55;60.85;0;0;0;0;0;0;0;0;0;0;0;;;;;
2026-05-08;O_EREGLE0626C39.00;EREGL_06/2026_AVRUPA_OPSIYON;D_EQ;SSO;D_EQ_ECP;DE_EREGL_ECP;EREGL.E;2026-06-30;4.94;2.95;67.46;0;0;0;0;0;0;0;0;0;5600;0;;;;;
2026-05-08;O_EREGLE0626C40.00;EREGL_06/2026_AVRUPA_OPSIYON;D_EQ;SSO;D_EQ_ECP;DE_EREGL_ECP;EREGL.E;2026-06-30;4.24;2.42;75.21;0;0;0;0;0;0;0;0;0;78;0;;;;;
2026-05-08;O_EREGLE0626C41.00;EREGL_06/2026_AVRUPA_OPSIYON;D_EQ;SSO;D_EQ_ECP;DE_EREGL_ECP;EREGL.E;2026-06-30;3.59;1.96;83.16;0;0;0;0;0;0;0;0;0;282;0;;;;;
2026-05-08;O_EREGLE0626C42.00;EREGL_06/2026_AVRUPA_OPSIYON;D_EQ;SSO;D_EQ_ECP;DE_EREGL_ECP;EREGL.E;2026-06-30;3;1.56;92.31;1.35;1.35;1.35;1.35;1.35;84000;2700;20;1;56;0;;;;;
2026-05-08;O_EREGLE0626C43.00;EREGL_06/2026_AVRUPA_OPSIYON;D_EQ;SSO;D_EQ_ECP;DE_EREGL_ECP;EREGL.E;2026-06-30;2.48;1.23;101.63;0.93;0.9;1.07;1.04;0.96;4300000;96464;1000;10;1885;-736;;;;;
2026-05-08;O_EREGLE0626C44.00;EREGL_06/2026_AVRUPA_OPSIYON;D_EQ;SSO;D_EQ_ECP;DE_EREGL_ECP;EREGL.E;2026-06-30;2.03;0.96;111.46;0;0;0;0;0;0;0;0;0;1202;0;;;;;
2026-05-08;O_EREGLE0626C45.00;EREGL_06/2026_AVRUPA_OPSIYON;D_EQ;SSO;D_EQ_ECP;DE_EREGL_ECP;EREGL.E;2026-06-30;1.64;0.74;121.62;0;0;0;0;0;0;0;0;0;800;0;;;;;
2026-05-08;O_EREGLE0626C46.00;EREGL_06/2026_AVRUPA_OPSIYON;D_EQ;SSO;D_EQ_ECP;DE_EREGL_ECP;EREGL.E;2026-06-30;1.3;0.56;132.14;0;0;0;0;0;0;0;0;0;0;0;;;;;
2026-05-08;O_EREGLE0626C47.00;EREGL_06/2026_AVRUPA_OPSIYON;D_EQ;SSO;D_EQ_ECP;DE_EREGL_ECP;EREGL.E;2026-06-30;1.03;;0;0;0;0;0;0;0;0;0;0;0;0;;;;;
2026-05-08;O_EREGLE0626P25.00;EREGL_06/2026_AVRUPA_OPSIYON;D_EQ;SSO;D_EQ_EPP;DE_EREGL_EPP;EREGL.E;2026-06-30;0.01;0.01;0;0;0;0;0;0;0;0;0;0;0;0;;;;;
2026-05-08;O_EREGLE0626P26.00;EREGL_06/2026_AVRUPA_OPSIYON;D_EQ;SSO;D_EQ_EPP;DE_EREGL_EPP;EREGL.E;2026-06-30;0.01;0.01;0;0;0;0;0;0;0;0;0;0;0;0;;;;;
2026-05-08;O_EREGLE0626P27.00;EREGL_06/2026_AVRUPA_OPSIYON;D_EQ;SSO;D_EQ_EPP;DE_EREGL_EPP;EREGL.E;2026-06-30;0.01;0.01;0;0;0;0;0;0;0;0;0;0;0;0;;;;;
2026-05-08;O_EREGLE0626P28.00;EREGL_06/2026_AVRUPA_OPSIYON;D_EQ;SSO;D_EQ_EPP;DE_EREGL_EPP;EREGL.E;2026-06-30;0.01;0.01;0;0;0;0;0;0;0;0;0;0;0;0;;;;;
2026-05-08;O_EREGLE0626P29.00;EREGL_06/2026_AVRUPA_OPSIYON;D_EQ;SSO;D_EQ_EPP;DE_EREGL_EPP;EREGL.E;2026-06-30;0.01;0.01;0;0;0;0;0;0;0;0;0;0;0;0;;;;;
2026-05-08;O_EREGLE0626P30.00;EREGL_06/2026_AVRUPA_OPSIYON;D_EQ;SSO;D_EQ_EPP;DE_EREGL_EPP;EREGL.E;2026-06-30;0.01;0.02;-50;0;0;0;0;0;0;0;0;0;0;0;;;;;
2026-05-08;O_EREGLE0626P31.00;EREGL_06/2026_AVRUPA_OPSIYON;D_EQ;SSO;D_EQ_EPP;DE_EREGL_EPP;EREGL.E;2026-06-30;0.01;0.04;-75;0;0;0;0;0;0;0;0;0;0;0;;;;;
2026-05-08;O_EREGLE0626P32.00;EREGL_06/2026_AVRUPA_OPSIYON;D_EQ;SSO;D_EQ_EPP;DE_EREGL_EPP;EREGL.E;2026-06-30;0.02;0.07;-71.43;0;0;0;0;0;0;0;0;0;0;0;;;;;
2026-05-08;O_EREGLE0626P33.00;EREGL_06/2026_AVRUPA_OPSIYON;D_EQ;SSO;D_EQ_EPP;DE_EREGL_EPP;EREGL.E;2026-06-30;0.03;0.13;-76.92;0;0;0;0;0;0;0;0;0;0;0;;;;;
2026-05-08;O_EREGLE0626P34.00;EREGL_06/2026_AVRUPA_OPSIYON;D_EQ;SSO;D_EQ_EPP;DE_EREGL_EPP;EREGL.E;2026-06-30;0.06;0.21;-71.43;0.08;0.08;0.08;0.08;0.08;6800;16;2;2;2;2;;;;;
2026-05-08;O_EREGLE0626P35.00;EREGL_06/2026_AVRUPA_OPSIYON;D_EQ;SSO;D_EQ_EPP;DE_EREGL_EPP;EREGL.E;2026-06-30;0.1;0.33;-69.7;0;0;0;0;0;0;0;0;0;0;0;;;;;
2026-05-08;O_EREGLE0626P36.00;EREGL_06/2026_AVRUPA_OPSIYON;D_EQ;SSO;D_EQ_EPP;DE_EREGL_EPP;EREGL.E;2026-06-30;0.17;0.49;-65.31;0;0;0;0;0;0;0;0;0;105;0;;;;;
2026-05-08;O_EREGLE0626P37.00;EREGL_06/2026_AVRUPA_OPSIYON;D_EQ;SSO;D_EQ_EPP;DE_EREGL_EPP;EREGL.E;2026-06-30;0.27;0.71;-61.97;0.52;0.34;0.52;0.34;0.42;1110000;12600;300;4;451;250;;;;;
2026-05-08;O_EREGLE0626P38.00;EREGL_06/2026_AVRUPA_OPSIYON;D_EQ;SSO;D_EQ_EPP;DE_EREGL_EPP;EREGL.E;2026-06-30;0.41;0.99;-58.59;0.55;0.55;0.55;0.55;0.55;456000;6600;120;1;320;120;;;;;
2026-05-08;O_EREGLE0626P39.00;EREGL_06/2026_AVRUPA_OPSIYON;D_EQ;SSO;D_EQ_EPP;DE_EREGL_EPP;EREGL.E;2026-06-30;0.59;1.34;-55.97;0;0;0;0;0;0;0;0;0;770;0;;;;;
2026-05-08;O_EREGLE0626P40.00;EREGL_06/2026_AVRUPA_OPSIYON;D_EQ;SSO;D_EQ_EPP;DE_EREGL_EPP;EREGL.E;2026-06-30;0.83;1.75;-52.57;0;0;0;0;0;0;0;0;0;50;0;;;;;
2026-05-08;O_EREGLE0626P41.00;EREGL_06/2026_AVRUPA_OPSIYON;D_EQ;SSO;D_EQ_EPP;DE_EREGL_EPP;EREGL.E;2026-06-30;1.13;2.24;-49.55;0;0;0;0;0;0;0;0;0;0;0;;;;;
2026-05-08;O_EREGLE0626P42.00;EREGL_06/2026_AVRUPA_OPSIYON;D_EQ;SSO;D_EQ_EPP;DE_EREGL_EPP;EREGL.E;2026-06-30;1.49;;0;1.5;1.5;1.5;1.5;1.5;4200;150;1;1;1;1;;;;;
2026-05-08;O_EREGLE0726C37.00;EREGL_07/2026_AVRUPA_OPSIYON;D_EQ;SSO;D_EQ_ECP;DE_EREGL_ECP;EREGL.E;2026-07-31;8.27;5.9;40.17;0;0;0;0;0;0;0;0;0;0;0;;;;;
2026-05-08;O_EREGLE0726C38.00;EREGL_07/2026_AVRUPA_OPSIYON;D_EQ;SSO;D_EQ_ECP;DE_EREGL_ECP;EREGL.E;2026-07-31;7.5;5.22;43.68;0;0;0;0;0;0;0;0;0;0;0;;;;;
2026-05-08;O_EREGLE0726C39.00;EREGL_07/2026_AVRUPA_OPSIYON;D_EQ;SSO;D_EQ_ECP;DE_EREGL_ECP;EREGL.E;2026-07-31;6.75;4.59;47.06;0;0;0;0;0;0;0;0;0;0;0;;;;;
2026-05-08;O_EREGLE0726C40.00;EREGL_07/2026_AVRUPA_OPSIYON;D_EQ;SSO;D_EQ_ECP;DE_EREGL_ECP;EREGL.E;2026-07-31;6.04;4;51;0;0;0;0;0;0;0;0;0;0;0;;;;;
2026-05-08;O_EREGLE0726C41.00;EREGL_07/2026_AVRUPA_OPSIYON;D_EQ;SSO;D_EQ_ECP;DE_EREGL_ECP;EREGL.E;2026-07-31;5.37;3.47;54.76;0;0;0;0;0;0;0;0;0;0;0;;;;;
2026-05-08;O_EREGLE0726C42.00;EREGL_07/2026_AVRUPA_OPSIYON;D_EQ;SSO;D_EQ_ECP;DE_EREGL_ECP;EREGL.E;2026-07-31;4.74;2.98;59.06;0;0;0;0;0;0;0;0;0;0;0;;;;;
2026-05-08;O_EREGLE0726C43.00;EREGL_07/2026_AVRUPA_OPSIYON;D_EQ;SSO;D_EQ_ECP;DE_EREGL_ECP;EREGL.E;2026-07-31;4.17;2.55;63.53;0;0;0;0;0;0;0;0;0;0;0;;;;;
2026-05-08;O_EREGLE0726C44.00;EREGL_07/2026_AVRUPA_OPSIYON;D_EQ;SSO;D_EQ_ECP;DE_EREGL_ECP;EREGL.E;2026-07-31;3.63;2.16;68.06;0;0;0;0;0;0;0;0;0;0;0;;;;;
2026-05-08;O_EREGLE0726C45.00;EREGL_07/2026_AVRUPA_OPSIYON;D_EQ;SSO;D_EQ_ECP;DE_EREGL_ECP;EREGL.E;2026-07-31;3.15;1.82;73.08;0;0;0;0;0;0;0;0;0;0;0;;;;;
2026-05-08;O_EREGLE0726C46.00;EREGL_07/2026_AVRUPA_OPSIYON;D_EQ;SSO;D_EQ_ECP;DE_EREGL_ECP;EREGL.E;2026-07-31;2.71;1.52;78.29;0;0;0;0;0;0;0;0;0;0;0;;;;;
2026-05-08;O_EREGLE0726C47.00;EREGL_07/2026_AVRUPA_OPSIYON;D_EQ;SSO;D_EQ_ECP;DE_EREGL_ECP;EREGL.E;2026-07-31;2.32;1.27;82.68;0;0;0;0;0;0;0;0;0;0;0;;;;;
2026-05-08;O_EREGLE0726C48.00;EREGL_07/2026_AVRUPA_OPSIYON;D_EQ;SSO;D_EQ_ECP;DE_EREGL_ECP;EREGL.E;2026-07-31;1.98;;0;0;0;0;0;0;0;0;0;0;0;0;;;;;
2026-05-08;O_EREGLE0726P32.00;EREGL_07/2026_AVRUPA_OPSIYON;D_EQ;SSO;D_EQ_EPP;DE_EREGL_EPP;EREGL.E;2026-07-31;0.03;0.1;-70;0;0;0;0;0;0;0;0;0;0;0;;;;;
2026-05-08;O_EREGLE0726P33.00;EREGL_07/2026_AVRUPA_OPSIYON;D_EQ;SSO;D_EQ_EPP;DE_EREGL_EPP;EREGL.E;2026-07-31;0.06;0.16;-62.5;0;0;0;0;0;0;0;0;0;0;0;;;;;
2026-05-08;O_EREGLE0726P34.00;EREGL_07/2026_AVRUPA_OPSIYON;D_EQ;SSO;D_EQ_EPP;DE_EREGL_EPP;EREGL.E;2026-07-31;0.09;0.24;-62.5;0;0;0;0;0;0;0;0;0;0;0;;;;;
2026-05-08;O_EREGLE0726P35.00;EREGL_07/2026_AVRUPA_OPSIYON;D_EQ;SSO;D_EQ_EPP;DE_EREGL_EPP;EREGL.E;2026-07-31;0.14;0.34;-58.82;0;0;0;0;0;0;0;0;0;0;0;;;;;
2026-05-08;O_EREGLE0726P36.00;EREGL_07/2026_AVRUPA_OPSIYON;D_EQ;SSO;D_EQ_EPP;DE_EREGL_EPP;EREGL.E;2026-07-31;0.21;0.48;-56.25;0;0;0;0;0;0;0;0;0;0;0;;;;;
2026-05-08;O_EREGLE0726P37.00;EREGL_07/2026_AVRUPA_OPSIYON;D_EQ;SSO;D_EQ_EPP;DE_EREGL_EPP;EREGL.E;2026-07-31;0.3;0.66;-54.55;0;0;0;0;0;0;0;0;0;0;0;;;;;
2026-05-08;O_EREGLE0726P38.00;EREGL_07/2026_AVRUPA_OPSIYON;D_EQ;SSO;D_EQ_EPP;DE_EREGL_EPP;EREGL.E;2026-07-31;0.42;0.88;-52.27;0;0;0;0;0;0;0;0;0;0;0;;;;;
2026-05-08;O_EREGLE0726P39.00;EREGL_07/2026_AVRUPA_OPSIYON;D_EQ;SSO;D_EQ_EPP;DE_EREGL_EPP;EREGL.E;2026-07-31;0.57;1.15;-50.43;0;0;0;0;0;0;0;0;0;0;0;;;;;
2026-05-08;O_EREGLE0726P40.00;EREGL_07/2026_AVRUPA_OPSIYON;D_EQ;SSO;D_EQ_EPP;DE_EREGL_EPP;EREGL.E;2026-07-31;0.76;1.46;-47.95;0;0;0;0;0;0;0;0;0;0;0;;;;;
2026-05-08;O_EREGLE0726P41.00;EREGL_07/2026_AVRUPA_OPSIYON;D_EQ;SSO;D_EQ_EPP;DE_EREGL_EPP;EREGL.E;2026-07-31;0.99;1.82;-45.6;0;0;0;0;0;0;0;0;0;0;0;;;;;
2026-05-08;O_EREGLE0726P42.00;EREGL_07/2026_AVRUPA_OPSIYON;D_EQ;SSO;D_EQ_EPP;DE_EREGL_EPP;EREGL.E;2026-07-31;1.27;2.24;-43.3;0;0;0;0;0;0;0;0;0;0;0;;;;;
2026-05-08;O_EREGLE0726P43.00;EREGL_07/2026_AVRUPA_OPSIYON;D_EQ;SSO;D_EQ_EPP;DE_EREGL_EPP;EREGL.E;2026-07-31;1.59;;0;0;0;0;0;0;0;0;0;0;0;0;;;;;
2026-05-08;O_FROTOE0526C100.00;FROTO_05/2026_AVRUPA_OPSIYON;D_EQ;SSO;D_EQ_ECP;DE_FROTO_ECP;FROTO.E;2026-05-25;2.8;3.58;-21.79;0;0;0;0;0;0;0;0;0;400;0;;;;;
2026-05-08;O_FROTOE0526C105.00;FROTO_05/2026_AVRUPA_OPSIYON;D_EQ;SSO;D_EQ_ECP;DE_FROTO_ECP;FROTO.E;2026-05-25;1.16;1.6;-27.5;0;0;0;0;0;0;0;0;0;17;0;;;;;
2026-05-08;O_FROTOE0526C110.00;FROTO_05/2026_AVRUPA_OPSIYON;D_EQ;SSO;D_EQ_ECP;DE_FROTO_ECP;FROTO.E;2026-05-25;0.4;0.6;-33.33;0;0;0;0;0;0;0;0;0;209;0;;;;;
2026-05-08;O_FROTOE0526C115.00;FROTO_05/2026_AVRUPA_OPSIYON;D_EQ;SSO;D_EQ_ECP;DE_FROTO_ECP;FROTO.E;2026-05-25;0.11;0.18;-38.89;0;0;0;0;0;0;0;0;0;4;0;;;;;
2026-05-08;O_FROTOE0526C120.00;FROTO_05/2026_AVRUPA_OPSIYON;D_EQ;SSO;D_EQ_ECP;DE_FROTO_ECP;FROTO.E;2026-05-25;0.03;0.05;-40;0;0;0;0;0;0;0;0;0;0;0;;;;;
2026-05-08;O_FROTOE0526C125.00;FROTO_05/2026_AVRUPA_OPSIYON;D_EQ;SSO;D_EQ_ECP;DE_FROTO_ECP;FROTO.E;2026-05-25;0.01;0.01;0;0;0;0;0;0;0;0;0;0;0;0;;;;;
2026-05-08;O_FROTOE0526C130.00;FROTO_05/2026_AVRUPA_OPSIYON;D_EQ;SSO;D_EQ_ECP;DE_FROTO_ECP;FROTO.E;2026-05-25;0.01;0.01;0;0;0;0;0;0;0;0;0;0;0;0;;;;;
2026-05-08;O_FROTOE0526C135.00;FROTO_05/2026_AVRUPA_OPSIYON;D_EQ;SSO;D_EQ_ECP;DE_FROTO_ECP;FROTO.E;2026-05-25;0.01;0.01;0;0;0;0;0;0;0;0;0;0;0;0;;;;;
2026-05-08;O_FROTOE0526C140.00;FROTO_05/2026_AVRUPA_OPSIYON;D_EQ;SSO;D_EQ_ECP;DE_FROTO_ECP;FROTO.E;2026-05-25;0.01;0.01;0;0;0;0;0;0;0;0;0;0;0;0;;;;;
2026-05-08;O_FROTOE0526C145.00;FROTO_05/2026_AVRUPA_OPSIYON;D_EQ;SSO;D_EQ_ECP;DE_FROTO_ECP;FROTO.E;2026-05-25;0.01;0.01;0;0;0;0;0;0;0;0;0;0;0;0;;;;;
2026-05-08;O_FROTOE0526C150.00;FROTO_05/2026_AVRUPA_OPSIYON;D_EQ;SSO;D_EQ_ECP;DE_FROTO_ECP;FROTO.E;2026-05-25;0.01;0.01;0;0;0;0;0;0;0;0;0;0;0;0;;;;;
2026-05-08;O_FROTOE0526C155.00;FROTO_05/2026_AVRUPA_OPSIYON;D_EQ;SSO;D_EQ_ECP;DE_FROTO_ECP;FROTO.E;2026-05-25;0.01;0.01;0;0;0;0;0;0;0;0;0;0;0;0;;;;;
2026-05-08;O_FROTOE0526C96.00;FROTO_05/2026_AVRUPA_OPSIYON;D_EQ;SSO;D_EQ_ECP;DE_FROTO_ECP;FROTO.E;2026-05-25;4.94;6;-17.67;0;0;0;0;0;0;0;0;0;0;0;;;;;
2026-05-08;O_FROTOE0526C98.00;FROTO_05/2026_AVRUPA_OPSIYON;D_EQ;SSO;D_EQ_ECP;DE_FROTO_ECP;FROTO.E;2026-05-25;3.77;4.7;-19.79;0;0;0;0;0;0;0;0;0;195;0;;;;;
2026-05-08;O_FROTOE0526P100.00;FROTO_05/2026_AVRUPA_OPSIYON;D_EQ;SSO;D_EQ_EPP;DE_FROTO_EPP;FROTO.E;2026-05-25;3.54;2.82;25.53;0;0;0;0;0;0;0;0;0;1762;0;;;;;
2026-05-08;O_FROTOE0526P105.00;FROTO_05/2026_AVRUPA_OPSIYON;D_EQ;SSO;D_EQ_EPP;DE_FROTO_EPP;FROTO.E;2026-05-25;6.82;5.75;18.61;0;0;0;0;0;0;0;0;0;727;0;;;;;
2026-05-08;O_FROTOE0526P110.00;FROTO_05/2026_AVRUPA_OPSIYON;D_EQ;SSO;D_EQ_EPP;DE_FROTO_EPP;FROTO.E;2026-05-25;10.97;9.65;13.68;0;0;0;0;0;0;0;0;0;80;0;;;;;
2026-05-08;O_FROTOE0526P115.00;FROTO_05/2026_AVRUPA_OPSIYON;D_EQ;SSO;D_EQ_EPP;DE_FROTO_EPP;FROTO.E;2026-05-25;15.6;14.15;10.25;0;0;0;0;0;0;0;0;0;30;0;;;;;
2026-05-08;O_FROTOE0526P120.00;FROTO_05/2026_AVRUPA_OPSIYON;D_EQ;SSO;D_EQ_EPP;DE_FROTO_EPP;FROTO.E;2026-05-25;20.42;18.92;7.93;0;0;0;0;0;0;0;0;0;0;0;;;;;
2026-05-08;O_FROTOE0526P125.00;FROTO_05/2026_AVRUPA_OPSIYON;D_EQ;SSO;D_EQ_EPP;DE_FROTO_EPP;FROTO.E;2026-05-25;25.31;23.79;6.39;0;0;0;0;0;0;0;0;0;0;0;;;;;
2026-05-08;O_FROTOE0526P130.00;FROTO_05/2026_AVRUPA_OPSIYON;D_EQ;SSO;D_EQ_EPP;DE_FROTO_EPP;FROTO.E;2026-05-25;30.22;28.69;5.33;0;0;0;0;0;0;0;0;0;0;0;;;;;
2026-05-08;O_FROTOE0526P86.00;FROTO_05/2026_AVRUPA_OPSIYON;D_EQ;SSO;D_EQ_EPP;DE_FROTO_EPP;FROTO.E;2026-05-25;0.11;0.07;57.14;0;0;0;0;0;0;0;0;0;0;0;;;;;
2026-05-08;O_FROTOE0526P88.00;FROTO_05/2026_AVRUPA_OPSIYON;D_EQ;SSO;D_EQ_EPP;DE_FROTO_EPP;FROTO.E;2026-05-25;0.22;0.15;46.67;0;0;0;0;0;0;0;0;0;0;0;;;;;
2026-05-08;O_FROTOE0526P90.00;FROTO_05/2026_AVRUPA_OPSIYON;D_EQ;SSO;D_EQ_EPP;DE_FROTO_EPP;FROTO.E;2026-05-25;0.41;0.28;46.43;0;0;0;0;0;0;0;0;0;0;0;;;;;
2026-05-08;O_FROTOE0526P92.00;FROTO_05/2026_AVRUPA_OPSIYON;D_EQ;SSO;D_EQ_EPP;DE_FROTO_EPP;FROTO.E;2026-05-25;0.71;0.5;42;0;0;0;0;0;0;0;0;0;0;0;;;;;
2026-05-08;O_FROTOE0526P94.00;FROTO_05/2026_AVRUPA_OPSIYON;D_EQ;SSO;D_EQ_EPP;DE_FROTO_EPP;FROTO.E;2026-05-25;1.15;0.84;36.9;0;0;0;0;0;0;0;0;0;0;0;;;;;
2026-05-08;O_FROTOE0526P96.00;FROTO_05/2026_AVRUPA_OPSIYON;D_EQ;SSO;D_EQ_EPP;DE_FROTO_EPP;FROTO.E;2026-05-25;1.76;1.32;33.33;0;0;0;0;0;0;0;0;0;300;0;;;;;
2026-05-08;O_FROTOE0526P98.00;FROTO_05/2026_AVRUPA_OPSIYON;D_EQ;SSO;D_EQ_EPP;DE_FROTO_EPP;FROTO.E;2026-05-25;2.55;1.98;28.79;1.84;1.84;1.84;1.84;1.84;4625600;86848;472;12;472;472;;;;;
2026-05-08;O_FROTOE0626C100.00;FROTO_06/2026_AVRUPA_OPSIYON;D_EQ;SSO;D_EQ_ECP;DE_FROTO_ECP;FROTO.E;2026-06-30;7.02;7.87;-10.8;0;0;0;0;0;0;0;0;0;0;0;;;;;
2026-05-08;O_FROTOE0626C105.00;FROTO_06/2026_AVRUPA_OPSIYON;D_EQ;SSO;D_EQ_ECP;DE_FROTO_ECP;FROTO.E;2026-06-30;4.72;5.36;-11.94;0;0;0;0;0;0;0;0;0;0;0;;;;;
2026-05-08;O_FROTOE0626C110.00;FROTO_06/2026_AVRUPA_OPSIYON;D_EQ;SSO;D_EQ_ECP;DE_FROTO_ECP;FROTO.E;2026-06-30;3.03;3.49;-13.18;0;0;0;0;0;0;0;0;0;0;0;;;;;
2026-05-08;O_FROTOE0626C115.00;FROTO_06/2026_AVRUPA_OPSIYON;D_EQ;SSO;D_EQ_ECP;DE_FROTO_ECP;FROTO.E;2026-06-30;1.86;2.17;-14.29;0;0;0;0;0;0;0;0;0;0;0;;;;;
2026-05-08;O_FROTOE0626C120.00;FROTO_06/2026_AVRUPA_OPSIYON;D_EQ;SSO;D_EQ_ECP;DE_FROTO_ECP;FROTO.E;2026-06-30;1.1;1.29;-14.73;0;0;0;0;0;0;0;0;0;400;0;;;;;
2026-05-08;O_FROTOE0626C125.00;FROTO_06/2026_AVRUPA_OPSIYON;D_EQ;SSO;D_EQ_ECP;DE_FROTO_ECP;FROTO.E;2026-06-30;0.62;0.74;-16.22;0;0;0;0;0;0;0;0;0;400;0;;;;;
2026-05-08;O_FROTOE0626C130.00;FROTO_06/2026_AVRUPA_OPSIYON;D_EQ;SSO;D_EQ_ECP;DE_FROTO_ECP;FROTO.E;2026-06-30;0.34;0.41;-17.07;0;0;0;0;0;0;0;0;0;0;0;;;;;
2026-05-08;O_FROTOE0626C135.00;FROTO_06/2026_AVRUPA_OPSIYON;D_EQ;SSO;D_EQ_ECP;DE_FROTO_ECP;FROTO.E;2026-06-30;0.18;0.22;-18.18;0;0;0;0;0;0;0;0;0;0;0;;;;;
2026-05-08;O_FROTOE0626C140.00;FROTO_06/2026_AVRUPA_OPSIYON;D_EQ;SSO;D_EQ_ECP;DE_FROTO_ECP;FROTO.E;2026-06-30;0.09;0.11;-18.18;0;0;0;0;0;0;0;0;0;0;0;;;;;
2026-05-08;O_FROTOE0626C145.00;FROTO_06/2026_AVRUPA_OPSIYON;D_EQ;SSO;D_EQ_ECP;DE_FROTO_ECP;FROTO.E;2026-06-30;0.05;0.06;-16.67;0;0;0;0;0;0;0;0;0;0;0;;;;;
2026-05-08;O_FROTOE0626C150.00;FROTO_06/2026_AVRUPA_OPSIYON;D_EQ;SSO;D_EQ_ECP;DE_FROTO_ECP;FROTO.E;2026-06-30;0.02;0.03;-33.33;0;0;0;0;0;0;0;0;0;0;0;;;;;
2026-05-08;O_FROTOE0626C98.00;FROTO_06/2026_AVRUPA_OPSIYON;D_EQ;SSO;D_EQ_ECP;DE_FROTO_ECP;FROTO.E;2026-06-30;8.12;9.06;-10.38;0;0;0;0;0;0;0;0;0;0;0;;;;;
2026-05-08;O_FROTOE0626P100.00;FROTO_06/2026_AVRUPA_OPSIYON;D_EQ;SSO;D_EQ_EPP;DE_FROTO_EPP;FROTO.E;2026-06-30;4.15;3.5;18.57;0;0;0;0;0;0;0;0;0;0;0;;;;;
2026-05-08;O_FROTOE0626P105.00;FROTO_06/2026_AVRUPA_OPSIYON;D_EQ;SSO;D_EQ_EPP;DE_FROTO_EPP;FROTO.E;2026-06-30;6.58;5.72;15.03;0;0;0;0;0;0;0;0;0;0;0;;;;;
2026-05-08;O_FROTOE0626P110.00;FROTO_06/2026_AVRUPA_OPSIYON;D_EQ;SSO;D_EQ_EPP;DE_FROTO_EPP;FROTO.E;2026-06-30;9.62;8.58;12.12;0;0;0;0;0;0;0;0;0;590;0;;;;;
2026-05-08;O_FROTOE0626P115.00;FROTO_06/2026_AVRUPA_OPSIYON;D_EQ;SSO;D_EQ_EPP;DE_FROTO_EPP;FROTO.E;2026-06-30;13.19;11.98;10.1;0;0;0;0;0;0;0;0;0;0;0;;;;;
2026-05-08;O_FROTOE0626P120.00;FROTO_06/2026_AVRUPA_OPSIYON;D_EQ;SSO;D_EQ_EPP;DE_FROTO_EPP;FROTO.E;2026-06-30;17.15;15.83;8.34;0;0;0;0;0;0;0;0;0;0;0;;;;;
2026-05-08;O_FROTOE0626P125.00;FROTO_06/2026_AVRUPA_OPSIYON;D_EQ;SSO;D_EQ_EPP;DE_FROTO_EPP;FROTO.E;2026-06-30;21.41;20;7.05;0;0;0;0;0;0;0;0;0;0;0;;;;;
2026-05-08;O_FROTOE0626P88.00;FROTO_06/2026_AVRUPA_OPSIYON;D_EQ;SSO;D_EQ_EPP;DE_FROTO_EPP;FROTO.E;2026-06-30;0.87;0.67;29.85;0;0;0;0;0;0;0;0;0;0;0;;;;;
2026-05-08;O_FROTOE0626P90.00;FROTO_06/2026_AVRUPA_OPSIYON;D_EQ;SSO;D_EQ_EPP;DE_FROTO_EPP;FROTO.E;2026-06-30;1.2;0.93;29.03;0;0;0;0;0;0;0;0;0;0;0;;;;;
2026-05-08;O_FROTOE0626P92.00;FROTO_06/2026_AVRUPA_OPSIYON;D_EQ;SSO;D_EQ_EPP;DE_FROTO_EPP;FROTO.E;2026-06-30;1.6;1.27;25.98;0;0;0;0;0;0;0;0;0;0;0;;;;;
2026-05-08;O_FROTOE0626P94.00;FROTO_06/2026_AVRUPA_OPSIYON;D_EQ;SSO;D_EQ_EPP;DE_FROTO_EPP;FROTO.E;2026-06-30;2.09;1.69;23.67;0;0;0;0;0;0;0;0;0;0;0;;;;;
2026-05-08;O_FROTOE0626P96.00;FROTO_06/2026_AVRUPA_OPSIYON;D_EQ;SSO;D_EQ_EPP;DE_FROTO_EPP;FROTO.E;2026-06-30;2.67;2.19;21.92;0;0;0;0;0;0;0;0;0;0;0;;;;;
2026-05-08;O_FROTOE0626P98.00;FROTO_06/2026_AVRUPA_OPSIYON;D_EQ;SSO;D_EQ_EPP;DE_FROTO_EPP;FROTO.E;2026-06-30;3.36;2.8;20;0;0;0;0;0;0;0;0;0;0;0;;;;;
2026-05-08;O_FROTOE0726C100.00;FROTO_07/2026_AVRUPA_OPSIYON;D_EQ;SSO;D_EQ_ECP;DE_FROTO_ECP;FROTO.E;2026-07-31;11.14;12.11;-8.01;0;0;0;0;0;0;0;0;0;0;0;;;;;
2026-05-08;O_FROTOE0726C105.00;FROTO_07/2026_AVRUPA_OPSIYON;D_EQ;SSO;D_EQ_ECP;DE_FROTO_ECP;FROTO.E;2026-07-31;8.5;9.3;-8.6;0;0;0;0;0;0;0;0;0;0;0;;;;;
2026-05-08;O_FROTOE0726C110.00;FROTO_07/2026_AVRUPA_OPSIYON;D_EQ;SSO;D_EQ_ECP;DE_FROTO_ECP;FROTO.E;2026-07-31;6.33;6.97;-9.18;0;0;0;0;0;0;0;0;0;0;0;;;;;
2026-05-08;O_FROTOE0726C115.00;FROTO_07/2026_AVRUPA_OPSIYON;D_EQ;SSO;D_EQ_ECP;DE_FROTO_ECP;FROTO.E;2026-07-31;4.61;5.1;-9.61;0;0;0;0;0;0;0;0;0;0;0;;;;;
2026-05-08;O_FROTOE0726C120.00;FROTO_07/2026_AVRUPA_OPSIYON;D_EQ;SSO;D_EQ_ECP;DE_FROTO_ECP;FROTO.E;2026-07-31;3.28;3.64;-9.89;0;0;0;0;0;0;0;0;0;0;0;;;;;
2026-05-08;O_FROTOE0726C125.00;FROTO_07/2026_AVRUPA_OPSIYON;D_EQ;SSO;D_EQ_ECP;DE_FROTO_ECP;FROTO.E;2026-07-31;2.28;2.55;-10.59;0;0;0;0;0;0;0;0;0;0;0;;;;;
2026-05-08;O_FROTOE0726C130.00;FROTO_07/2026_AVRUPA_OPSIYON;D_EQ;SSO;D_EQ_ECP;DE_FROTO_ECP;FROTO.E;2026-07-31;1.56;1.75;-10.86;0;0;0;0;0;0;0;0;0;0;0;;;;;
2026-05-08;O_FROTOE0726C135.00;FROTO_07/2026_AVRUPA_OPSIYON;D_EQ;SSO;D_EQ_ECP;DE_FROTO_ECP;FROTO.E;2026-07-31;1.05;1.17;-10.26;0;0;0;0;0;0;0;0;0;0;0;;;;;
2026-05-08;O_FROTOE0726P100.00;FROTO_07/2026_AVRUPA_OPSIYON;D_EQ;SSO;D_EQ_EPP;DE_FROTO_EPP;FROTO.E;2026-07-31;3.6;3.05;18.03;0;0;0;0;0;0;0;0;0;0;0;;;;;
2026-05-08;O_FROTOE0726P105.00;FROTO_07/2026_AVRUPA_OPSIYON;D_EQ;SSO;D_EQ_EPP;DE_FROTO_EPP;FROTO.E;2026-07-31;5.45;4.74;14.98;0;0;0;0;0;0;0;0;0;0;0;;;;;
2026-05-08;O_FROTOE0726P110.00;FROTO_07/2026_AVRUPA_OPSIYON;D_EQ;SSO;D_EQ_EPP;DE_FROTO_EPP;FROTO.E;2026-07-31;7.78;6.9;12.75;0;0;0;0;0;0;0;0;0;0;0;;;;;
2026-05-08;O_FROTOE0726P90.00;FROTO_07/2026_AVRUPA_OPSIYON;D_EQ;SSO;D_EQ_EPP;DE_FROTO_EPP;FROTO.E;2026-07-31;1.24;0.99;25.25;0;0;0;0;0;0;0;0;0;0;0;;;;;
2026-05-08;O_FROTOE0726P92.00;FROTO_07/2026_AVRUPA_OPSIYON;D_EQ;SSO;D_EQ_EPP;DE_FROTO_EPP;FROTO.E;2026-07-31;1.58;1.27;24.41;0;0;0;0;0;0;0;0;0;0;0;;;;;
2026-05-08;O_FROTOE0726P94.00;FROTO_07/2026_AVRUPA_OPSIYON;D_EQ;SSO;D_EQ_EPP;DE_FROTO_EPP;FROTO.E;2026-07-31;1.98;1.62;22.22;0;0;0;0;0;0;0;0;0;0;0;;;;;
2026-05-08;O_FROTOE0726P96.00;FROTO_07/2026_AVRUPA_OPSIYON;D_EQ;SSO;D_EQ_EPP;DE_FROTO_EPP;FROTO.E;2026-07-31;2.45;2.03;20.69;0;0;0;0;0;0;0;0;0;0;0;;;;;
2026-05-08;O_FROTOE0726P98.00;FROTO_07/2026_AVRUPA_OPSIYON;D_EQ;SSO;D_EQ_EPP;DE_FROTO_EPP;FROTO.E;2026-07-31;2.99;2.5;19.6;0;0;0;0;0;0;0;0;0;0;0;;;;;
2026-05-08;O_GARANE0526C125.00;GARAN_05/2026_AVRUPA_OPSIYON;D_EQ;SSO;D_EQ_ECP;DE_GARAN_ECP;GARAN.E;2026-05-25;15.03;15.5;-3.03;0;0;0;0;0;0;0;0;0;0;0;;;;;
2026-05-08;O_GARANE0526C130.00;GARAN_05/2026_AVRUPA_OPSIYON;D_EQ;SSO;D_EQ_ECP;DE_GARAN_ECP;GARAN.E;2026-05-25;10.71;11.14;-3.86;0;0;0;0;0;0;0;0;0;0;0;;;;;
2026-05-08;O_GARANE0526C135.00;GARAN_05/2026_AVRUPA_OPSIYON;D_EQ;SSO;D_EQ_ECP;DE_GARAN_ECP;GARAN.E;2026-05-25;6.99;7.34;-4.77;0;0;0;0;0;0;0;0;0;20;0;;;;;
2026-05-08;O_GARANE0526C140.00;GARAN_05/2026_AVRUPA_OPSIYON;D_EQ;SSO;D_EQ_ECP;DE_GARAN_ECP;GARAN.E;2026-05-25;4.17;4.43;-5.87;0;0;0;0;0;0;0;0;0;90;0;;;;;
2026-05-08;O_GARANE0526C145.00;GARAN_05/2026_AVRUPA_OPSIYON;D_EQ;SSO;D_EQ_ECP;DE_GARAN_ECP;GARAN.E;2026-05-25;2.31;2.51;-7.97;0;0;0;0;0;0;0;0;0;0;0;;;;;
2026-05-08;O_GARANE0526C150.00;GARAN_05/2026_AVRUPA_OPSIYON;D_EQ;SSO;D_EQ_ECP;DE_GARAN_ECP;GARAN.E;2026-05-25;1.31;1.47;-10.88;0;0;0;0;0;0;0;0;0;42;0;;;;;
2026-05-08;O_GARANE0526C155.00;GARAN_05/2026_AVRUPA_OPSIYON;D_EQ;SSO;D_EQ_ECP;DE_GARAN_ECP;GARAN.E;2026-05-25;0.77;0.92;-16.3;0;0;0;0;0;0;0;0;0;0;0;;;;;
2026-05-08;O_GARANE0526C160.00;GARAN_05/2026_AVRUPA_OPSIYON;D_EQ;SSO;D_EQ_ECP;DE_GARAN_ECP;GARAN.E;2026-05-25;0.47;0.6;-21.67;0;0;0;0;0;0;0;0;0;0;0;;;;;
2026-05-08;O_GARANE0526C165.00;GARAN_05/2026_AVRUPA_OPSIYON;D_EQ;SSO;D_EQ_ECP;DE_GARAN_ECP;GARAN.E;2026-05-25;0.29;0.4;-27.5;0;0;0;0;0;0;0;0;0;0;0;;;;;
2026-05-08;O_GARANE0526C170.00;GARAN_05/2026_AVRUPA_OPSIYON;D_EQ;SSO;D_EQ_ECP;DE_GARAN_ECP;GARAN.E;2026-05-25;0.19;0.29;-34.48;0;0;0;0;0;0;0;0;0;0;0;;;;;
2026-05-08;O_GARANE0526C175.00;GARAN_05/2026_AVRUPA_OPSIYON;D_EQ;SSO;D_EQ_ECP;DE_GARAN_ECP;GARAN.E;2026-05-25;0.13;0.21;-38.1;0;0;0;0;0;0;0;0;0;0;0;;;;;
2026-05-08;O_GARANE0526C180.00;GARAN_05/2026_AVRUPA_OPSIYON;D_EQ;SSO;D_EQ_ECP;DE_GARAN_ECP;GARAN.E;2026-05-25;0.09;0.16;-43.75;0;0;0;0;0;0;0;0;0;0;0;;;;;
2026-05-08;O_GARANE0526C185.00;GARAN_05/2026_AVRUPA_OPSIYON;D_EQ;SSO;D_EQ_ECP;DE_GARAN_ECP;GARAN.E;2026-05-25;0.07;0.13;-46.15;0;0;0;0;0;0;0;0;0;0;0;;;;;
2026-05-08;O_GARANE0526C190.00;GARAN_05/2026_AVRUPA_OPSIYON;D_EQ;SSO;D_EQ_ECP;DE_GARAN_ECP;GARAN.E;2026-05-25;0.05;0.08;-37.5;0;0;0;0;0;0;0;0;0;0;0;;;;;
2026-05-08;O_GARANE0526C195.00;GARAN_05/2026_AVRUPA_OPSIYON;D_EQ;SSO;D_EQ_ECP;DE_GARAN_ECP;GARAN.E;2026-05-25;0.03;0.05;-40;0;0;0;0;0;0;0;0;0;0;0;;;;;
2026-05-08;O_GARANE0526C200.00;GARAN_05/2026_AVRUPA_OPSIYON;D_EQ;SSO;D_EQ_ECP;DE_GARAN_ECP;GARAN.E;2026-05-25;0.02;0.03;-33.33;0;0;0;0;0;0;0;0;0;0;0;;;;;
2026-05-08;O_GARANE0526P100.00;GARAN_05/2026_AVRUPA_OPSIYON;D_EQ;SSO;D_EQ_EPP;DE_GARAN_EPP;GARAN.E;2026-05-25;0.01;0.01;0;0;0;0;0;0;0;0;0;0;0;0;;;;;
2026-05-08;O_GARANE0526P105.00;GARAN_05/2026_AVRUPA_OPSIYON;D_EQ;SSO;D_EQ_EPP;DE_GARAN_EPP;GARAN.E;2026-05-25;0.02;0.03;-33.33;0;0;0;0;0;0;0;0;0;0;0;;;;;
2026-05-08;O_GARANE0526P110.00;GARAN_05/2026_AVRUPA_OPSIYON;D_EQ;SSO;D_EQ_EPP;DE_GARAN_EPP;GARAN.E;2026-05-25;0.04;0.07;-42.86;0;0;0;0;0;0;0;0;0;0;0;;;;;
2026-05-08;O_GARANE0526P115.00;GARAN_05/2026_AVRUPA_OPSIYON;D_EQ;SSO;D_EQ_EPP;DE_GARAN_EPP;GARAN.E;2026-05-25;0.11;0.14;-21.43;0;0;0;0;0;0;0;0;0;0;0;;;;;
2026-05-08;O_GARANE0526P120.00;GARAN_05/2026_AVRUPA_OPSIYON;D_EQ;SSO;D_EQ_EPP;DE_GARAN_EPP;GARAN.E;2026-05-25;0.25;0.29;-13.79;0;0;0;0;0;0;0;0;0;0;0;;;;;
2026-05-08;O_GARANE0526P125.00;GARAN_05/2026_AVRUPA_OPSIYON;D_EQ;SSO;D_EQ_EPP;DE_GARAN_EPP;GARAN.E;2026-05-25;0.54;0.58;-6.9;0;0;0;0;0;0;0;0;0;500;0;;;;;
2026-05-08;O_GARANE0526P130.00;GARAN_05/2026_AVRUPA_OPSIYON;D_EQ;SSO;D_EQ_EPP;DE_GARAN_EPP;GARAN.E;2026-05-25;1.13;1.13;0;0;0;0;0;0;0;0;0;0;0;0;;;;;
2026-05-08;O_GARANE0526P135.00;GARAN_05/2026_AVRUPA_OPSIYON;D_EQ;SSO;D_EQ_EPP;DE_GARAN_EPP;GARAN.E;2026-05-25;2.32;2.23;4.04;0;0;0;0;0;0;0;0;0;425;0;;;;;
2026-05-08;O_GARANE0526P140.00;GARAN_05/2026_AVRUPA_OPSIYON;D_EQ;SSO;D_EQ_EPP;DE_GARAN_EPP;GARAN.E;2026-05-25;4.41;4.23;4.26;0;0;0;0;0;0;0;0;0;4;0;;;;;
2026-05-08;O_GARANE0526P145.00;GARAN_05/2026_AVRUPA_OPSIYON;D_EQ;SSO;D_EQ_EPP;DE_GARAN_EPP;GARAN.E;2026-05-25;7.47;7.22;3.46;0;0;0;0;0;0;0;0;0;0;0;;;;;
2026-05-08;O_GARANE0526P150.00;GARAN_05/2026_AVRUPA_OPSIYON;D_EQ;SSO;D_EQ_EPP;DE_GARAN_EPP;GARAN.E;2026-05-25;11.38;11.09;2.61;0;0;0;0;0;0;0;0;0;0;0;;;;;
2026-05-08;O_GARANE0526P155.00;GARAN_05/2026_AVRUPA_OPSIYON;D_EQ;SSO;D_EQ_EPP;DE_GARAN_EPP;GARAN.E;2026-05-25;15.75;15.44;2.01;0;0;0;0;0;0;0;0;0;77;0;;;;;
2026-05-08;O_GARANE0526P160.00;GARAN_05/2026_AVRUPA_OPSIYON;D_EQ;SSO;D_EQ_EPP;DE_GARAN_EPP;GARAN.E;2026-05-25;20.36;20.03;1.65;0;0;0;0;0;0;0;0;0;0;0;;;;;
2026-05-08;O_GARANE0526P165.00;GARAN_05/2026_AVRUPA_OPSIYON;D_EQ;SSO;D_EQ_EPP;DE_GARAN_EPP;GARAN.E;2026-05-25;25.1;24.74;1.46;0;0;0;0;0;0;0;0;0;0;0;;;;;
2026-05-08;O_GARANE0526P170.00;GARAN_05/2026_AVRUPA_OPSIYON;D_EQ;SSO;D_EQ_EPP;DE_GARAN_EPP;GARAN.E;2026-05-25;29.91;29.53;1.29;0;0;0;0;0;0;0;0;0;0;0;;;;;
2026-05-08;O_GARANE0526P175.00;GARAN_05/2026_AVRUPA_OPSIYON;D_EQ;SSO;D_EQ_EPP;DE_GARAN_EPP;GARAN.E;2026-05-25;34.76;34.36;1.16;0;0;0;0;0;0;0;0;0;0;0;;;;;
2026-05-08;O_GARANE0626C130.00;GARAN_06/2026_AVRUPA_OPSIYON;D_EQ;SSO;D_EQ_ECP;DE_GARAN_ECP;GARAN.E;2026-06-30;16.97;17.41;-2.53;0;0;0;0;0;0;0;0;0;0;0;;;;;
2026-05-08;O_GARANE0626C135.00;GARAN_06/2026_AVRUPA_OPSIYON;D_EQ;SSO;D_EQ_ECP;DE_GARAN_ECP;GARAN.E;2026-06-30;13.24;13.57;-2.43;0;0;0;0;0;0;0;0;0;0;0;;;;;
2026-05-08;O_GARANE0626C140.00;GARAN_06/2026_AVRUPA_OPSIYON;D_EQ;SSO;D_EQ_ECP;DE_GARAN_ECP;GARAN.E;2026-06-30;10.13;10.36;-2.22;0;0;0;0;0;0;0;0;0;38;0;;;;;
2026-05-08;O_GARANE0626C145.00;GARAN_06/2026_AVRUPA_OPSIYON;D_EQ;SSO;D_EQ_ECP;DE_GARAN_ECP;GARAN.E;2026-06-30;7.62;7.78;-2.06;0;0;0;0;0;0;0;0;0;0;0;;;;;
2026-05-08;O_GARANE0626C150.00;GARAN_06/2026_AVRUPA_OPSIYON;D_EQ;SSO;D_EQ_ECP;DE_GARAN_ECP;GARAN.E;2026-06-30;5.7;5.85;-2.56;0;0;0;0;0;0;0;0;0;0;0;;;;;
2026-05-08;O_GARANE0626C155.00;GARAN_06/2026_AVRUPA_OPSIYON;D_EQ;SSO;D_EQ_ECP;DE_GARAN_ECP;GARAN.E;2026-06-30;4.55;4.72;-3.6;0;0;0;0;0;0;0;0;0;1000;0;;;;;
2026-05-08;O_GARANE0626C160.00;GARAN_06/2026_AVRUPA_OPSIYON;D_EQ;SSO;D_EQ_ECP;DE_GARAN_ECP;GARAN.E;2026-06-30;3.72;3.95;-5.82;0;0;0;0;0;0;0;0;0;0;0;;;;;
2026-05-08;O_GARANE0626C165.00;GARAN_06/2026_AVRUPA_OPSIYON;D_EQ;SSO;D_EQ_ECP;DE_GARAN_ECP;GARAN.E;2026-06-30;3.1;3.39;-8.55;0;0;0;0;0;0;0;0;0;0;0;;;;;
2026-05-08;O_GARANE0626C170.00;GARAN_06/2026_AVRUPA_OPSIYON;D_EQ;SSO;D_EQ_ECP;DE_GARAN_ECP;GARAN.E;2026-06-30;2.63;2.97;-11.45;0;0;0;0;0;0;0;0;0;0;0;;;;;
2026-05-08;O_GARANE0626C175.00;GARAN_06/2026_AVRUPA_OPSIYON;D_EQ;SSO;D_EQ_ECP;DE_GARAN_ECP;GARAN.E;2026-06-30;2.28;2.65;-13.96;0;0;0;0;0;0;0;0;0;0;0;;;;;
2026-05-08;O_GARANE0626C180.00;GARAN_06/2026_AVRUPA_OPSIYON;D_EQ;SSO;D_EQ_ECP;DE_GARAN_ECP;GARAN.E;2026-06-30;2;2.41;-17.01;0;0;0;0;0;0;0;0;0;0;0;;;;;
2026-05-08;O_GARANE0626C185.00;GARAN_06/2026_AVRUPA_OPSIYON;D_EQ;SSO;D_EQ_ECP;DE_GARAN_ECP;GARAN.E;2026-06-30;1.79;2.23;-19.73;0;0;0;0;0;0;0;0;0;0;0;;;;;
2026-05-08;O_GARANE0626C190.00;GARAN_06/2026_AVRUPA_OPSIYON;D_EQ;SSO;D_EQ_ECP;DE_GARAN_ECP;GARAN.E;2026-06-30;1.63;2.09;-22.01;0;0;0;0;0;0;0;0;0;0;0;;;;;
2026-05-08;O_GARANE0626P105.00;GARAN_06/2026_AVRUPA_OPSIYON;D_EQ;SSO;D_EQ_EPP;DE_GARAN_EPP;GARAN.E;2026-06-30;0.48;0.62;-22.58;0;0;0;0;0;0;0;0;0;0;0;;;;;
2026-05-08;O_GARANE0626P110.00;GARAN_06/2026_AVRUPA_OPSIYON;D_EQ;SSO;D_EQ_EPP;DE_GARAN_EPP;GARAN.E;2026-06-30;0.7;0.85;-17.65;0;0;0;0;0;0;0;0;0;0;0;;;;;
2026-05-08;O_GARANE0626P115.00;GARAN_06/2026_AVRUPA_OPSIYON;D_EQ;SSO;D_EQ_EPP;DE_GARAN_EPP;GARAN.E;2026-06-30;0.99;1.14;-13.16;0;0;0;0;0;0;0;0;0;0;0;;;;;
2026-05-08;O_GARANE0626P120.00;GARAN_06/2026_AVRUPA_OPSIYON;D_EQ;SSO;D_EQ_EPP;DE_GARAN_EPP;GARAN.E;2026-06-30;1.4;1.52;-7.89;0;0;0;0;0;0;0;0;0;0;0;;;;;
2026-05-08;O_GARANE0626P125.00;GARAN_06/2026_AVRUPA_OPSIYON;D_EQ;SSO;D_EQ_EPP;DE_GARAN_EPP;GARAN.E;2026-06-30;1.95;2.03;-3.94;0;0;0;0;0;0;0;0;0;0;0;;;;;
2026-05-08;O_GARANE0626P130.00;GARAN_06/2026_AVRUPA_OPSIYON;D_EQ;SSO;D_EQ_EPP;DE_GARAN_EPP;GARAN.E;2026-06-30;2.69;2.7;-0.37;0;0;0;0;0;0;0;0;0;30;0;;;;;
2026-05-08;O_GARANE0626P135.00;GARAN_06/2026_AVRUPA_OPSIYON;D_EQ;SSO;D_EQ_EPP;DE_GARAN_EPP;GARAN.E;2026-06-30;3.69;3.59;2.79;0;0;0;0;0;0;0;0;0;0;0;;;;;
2026-05-08;O_GARANE0626P140.00;GARAN_06/2026_AVRUPA_OPSIYON;D_EQ;SSO;D_EQ_EPP;DE_GARAN_EPP;GARAN.E;2026-06-30;5.31;5.1;4.12;0;0;0;0;0;0;0;0;0;30;0;;;;;
2026-05-08;O_GARANE0626P145.00;GARAN_06/2026_AVRUPA_OPSIYON;D_EQ;SSO;D_EQ_EPP;DE_GARAN_EPP;GARAN.E;2026-06-30;7.54;7.25;4;0;0;0;0;0;0;0;0;0;0;0;;;;;
2026-05-08;O_GARANE0626P150.00;GARAN_06/2026_AVRUPA_OPSIYON;D_EQ;SSO;D_EQ_EPP;DE_GARAN_EPP;GARAN.E;2026-06-30;10.35;10.05;2.99;0;0;0;0;0;0;0;0;0;0;0;;;;;
2026-05-08;O_GARANE0626P155.00;GARAN_06/2026_AVRUPA_OPSIYON;D_EQ;SSO;D_EQ_EPP;DE_GARAN_EPP;GARAN.E;2026-06-30;13.93;13.64;2.13;0;0;0;0;0;0;0;0;0;0;0;;;;;
2026-05-08;O_GARANE0626P160.00;GARAN_06/2026_AVRUPA_OPSIYON;D_EQ;SSO;D_EQ_EPP;DE_GARAN_EPP;GARAN.E;2026-06-30;17.83;17.6;1.31;0;0;0;0;0;0;0;0;0;0;0;;;;;
2026-05-08;O_GARANE0626P165.00;GARAN_06/2026_AVRUPA_OPSIYON;D_EQ;SSO;D_EQ_EPP;DE_GARAN_EPP;GARAN.E;2026-06-30;21.94;21.77;0.78;0;0;0;0;0;0;0;0;0;0;0;;;;;
2026-05-08;O_GARANE0726C135.00;GARAN_07/2026_AVRUPA_OPSIYON;D_EQ;SSO;D_EQ_ECP;DE_GARAN_ECP;GARAN.E;2026-07-31;19.55;19.97;-2.1;0;0;0;0;0;0;0;0;0;0;0;;;;;
2026-05-08;O_GARANE0726C140.00;GARAN_07/2026_AVRUPA_OPSIYON;D_EQ;SSO;D_EQ_ECP;DE_GARAN_ECP;GARAN.E;2026-07-31;16.02;16.29;-1.66;0;0;0;0;0;0;0;0;0;0;0;;;;;
2026-05-08;O_GARANE0726C145.00;GARAN_07/2026_AVRUPA_OPSIYON;D_EQ;SSO;D_EQ_ECP;DE_GARAN_ECP;GARAN.E;2026-07-31;13.13;13.33;-1.5;0;0;0;0;0;0;0;0;0;0;0;;;;;
2026-05-08;O_GARANE0726C150.00;GARAN_07/2026_AVRUPA_OPSIYON;D_EQ;SSO;D_EQ_ECP;DE_GARAN_ECP;GARAN.E;2026-07-31;10.72;10.87;-1.38;0;0;0;0;0;0;0;0;0;0;0;;;;;
2026-05-08;O_GARANE0726C155.00;GARAN_07/2026_AVRUPA_OPSIYON;D_EQ;SSO;D_EQ_ECP;DE_GARAN_ECP;GARAN.E;2026-07-31;8.83;8.93;-1.12;0;0;0;0;0;0;0;0;0;0;0;;;;;
2026-05-08;O_GARANE0726C160.00;GARAN_07/2026_AVRUPA_OPSIYON;D_EQ;SSO;D_EQ_ECP;DE_GARAN_ECP;GARAN.E;2026-07-31;7.65;7.86;-2.67;0;0;0;0;0;0;0;0;0;0;0;;;;;
2026-05-08;O_GARANE0726C165.00;GARAN_07/2026_AVRUPA_OPSIYON;D_EQ;SSO;D_EQ_ECP;DE_GARAN_ECP;GARAN.E;2026-07-31;6.73;7.04;-4.4;0;0;0;0;0;0;0;0;0;0;0;;;;;
2026-05-08;O_GARANE0726C170.00;GARAN_07/2026_AVRUPA_OPSIYON;D_EQ;SSO;D_EQ_ECP;DE_GARAN_ECP;GARAN.E;2026-07-31;6;6.4;-6.25;0;0;0;0;0;0;0;0;0;0;0;;;;;
2026-05-08;O_GARANE0726C175.00;GARAN_07/2026_AVRUPA_OPSIYON;D_EQ;SSO;D_EQ_ECP;DE_GARAN_ECP;GARAN.E;2026-07-31;5.43;5.92;-8.28;0;0;0;0;0;0;0;0;0;0;0;;;;;
2026-05-08;O_GARANE0726C180.00;GARAN_07/2026_AVRUPA_OPSIYON;D_EQ;SSO;D_EQ_ECP;DE_GARAN_ECP;GARAN.E;2026-07-31;4.97;5.54;-10.29;0;0;0;0;0;0;0;0;0;0;0;;;;;
2026-05-08;O_GARANE0726P110.00;GARAN_07/2026_AVRUPA_OPSIYON;D_EQ;SSO;D_EQ_EPP;DE_GARAN_EPP;GARAN.E;2026-07-31;1.15;1.38;-16.67;0;0;0;0;0;0;0;0;0;0;0;;;;;
2026-05-08;O_GARANE0726P115.00;GARAN_07/2026_AVRUPA_OPSIYON;D_EQ;SSO;D_EQ_EPP;DE_GARAN_EPP;GARAN.E;2026-07-31;1.47;1.68;-12.5;0;0;0;0;0;0;0;0;0;0;0;;;;;
2026-05-08;O_GARANE0726P120.00;GARAN_07/2026_AVRUPA_OPSIYON;D_EQ;SSO;D_EQ_EPP;DE_GARAN_EPP;GARAN.E;2026-07-31;1.87;2.05;-8.78;0;0;0;0;0;0;0;0;0;0;0;;;;;
2026-05-08;O_GARANE0726P125.00;GARAN_07/2026_AVRUPA_OPSIYON;D_EQ;SSO;D_EQ_EPP;DE_GARAN_EPP;GARAN.E;2026-07-31;2.35;2.48;-5.24;0;0;0;0;0;0;0;0;0;0;0;;;;;
2026-05-08;O_GARANE0726P130.00;GARAN_07/2026_AVRUPA_OPSIYON;D_EQ;SSO;D_EQ_EPP;DE_GARAN_EPP;GARAN.E;2026-07-31;2.95;3.01;-1.99;0;0;0;0;0;0;0;0;0;0;0;;;;;
2026-05-08;O_GARANE0726P135.00;GARAN_07/2026_AVRUPA_OPSIYON;D_EQ;SSO;D_EQ_EPP;DE_GARAN_EPP;GARAN.E;2026-07-31;3.69;3.66;0.82;0;0;0;0;0;0;0;0;0;0;0;;;;;
2026-05-08;O_GARANE0726P140.00;GARAN_07/2026_AVRUPA_OPSIYON;D_EQ;SSO;D_EQ_EPP;DE_GARAN_EPP;GARAN.E;2026-07-31;4.66;4.47;4.25;0;0;0;0;0;0;0;0;0;0;0;;;;;
2026-05-08;O_GARANE0726P145.00;GARAN_07/2026_AVRUPA_OPSIYON;D_EQ;SSO;D_EQ_EPP;DE_GARAN_EPP;GARAN.E;2026-07-31;6.26;6;4.33;0;0;0;0;0;0;0;0;0;0;0;;;;;
2026-05-08;O_GARANE0726P150.00;GARAN_07/2026_AVRUPA_OPSIYON;D_EQ;SSO;D_EQ_EPP;DE_GARAN_EPP;GARAN.E;2026-07-31;8.35;8.03;3.99;0;0;0;0;0;0;0;0;0;0;0;;;;;
2026-05-08;O_GARANE0726P155.00;GARAN_07/2026_AVRUPA_OPSIYON;D_EQ;SSO;D_EQ_EPP;DE_GARAN_EPP;GARAN.E;2026-07-31;10.96;10.59;3.49;0;0;0;0;0;0;0;0;0;0;0;;;;;
2026-05-08;O_HALKBE0526C36.00;HALKB_05/2026_AVRUPA_OPSIYON;D_EQ;SSO;D_EQ_ECP;DE_HALKB_ECP;HALKB.E;2026-05-25;4.6;5.15;-10.68;0;0;0;0;0;0;0;0;0;50;0;;;;;
2026-05-08;O_HALKBE0526C37.00;HALKB_05/2026_AVRUPA_OPSIYON;D_EQ;SSO;D_EQ_ECP;DE_HALKB_ECP;HALKB.E;2026-05-25;3.76;4.29;-12.35;0;0;0;0;0;0;0;0;0;150;0;;;;;
2026-05-08;O_HALKBE0526C38.00;HALKB_05/2026_AVRUPA_OPSIYON;D_EQ;SSO;D_EQ_ECP;DE_HALKB_ECP;HALKB.E;2026-05-25;2.98;3.48;-14.37;0;0;0;0;0;0;0;0;0;616;0;;;;;
2026-05-08;O_HALKBE0526C39.00;HALKB_05/2026_AVRUPA_OPSIYON;D_EQ;SSO;D_EQ_ECP;DE_HALKB_ECP;HALKB.E;2026-05-25;2.3;2.74;-16.06;0;0;0;0;0;0;0;0;0;50;0;;;;;
2026-05-08;O_HALKBE0526C40.00;HALKB_05/2026_AVRUPA_OPSIYON;D_EQ;SSO;D_EQ_ECP;DE_HALKB_ECP;HALKB.E;2026-05-25;1.72;2.11;-18.48;0;0;0;0;0;0;0;0;0;50;0;;;;;
2026-05-08;O_HALKBE0526C41.00;HALKB_05/2026_AVRUPA_OPSIYON;D_EQ;SSO;D_EQ_ECP;DE_HALKB_ECP;HALKB.E;2026-05-25;1.26;1.57;-19.75;0;0;0;0;0;0;0;0;0;0;0;;;;;
2026-05-08;O_HALKBE0526C42.00;HALKB_05/2026_AVRUPA_OPSIYON;D_EQ;SSO;D_EQ_ECP;DE_HALKB_ECP;HALKB.E;2026-05-25;0.89;1.14;-21.93;0;0;0;0;0;0;0;0;0;1005;0;;;;;
2026-05-08;O_HALKBE0526C43.00;HALKB_05/2026_AVRUPA_OPSIYON;D_EQ;SSO;D_EQ_ECP;DE_HALKB_ECP;HALKB.E;2026-05-25;0.62;0.81;-23.46;0;0;0;0;0;0;0;0;0;0;0;;;;;
2026-05-08;O_HALKBE0526C44.00;HALKB_05/2026_AVRUPA_OPSIYON;D_EQ;SSO;D_EQ_ECP;DE_HALKB_ECP;HALKB.E;2026-05-25;0.43;0.57;-24.56;0;0;0;0;0;0;0;0;0;0;0;;;;;
2026-05-08;O_HALKBE0526C45.00;HALKB_05/2026_AVRUPA_OPSIYON;D_EQ;SSO;D_EQ_ECP;DE_HALKB_ECP;HALKB.E;2026-05-25;0.29;0.4;-27.5;0;0;0;0;0;0;0;0;0;1000;0;;;;;
2026-05-08;O_HALKBE0526C46.00;HALKB_05/2026_AVRUPA_OPSIYON;D_EQ;SSO;D_EQ_ECP;DE_HALKB_ECP;HALKB.E;2026-05-25;0.2;0.28;-28.57;0;0;0;0;0;0;0;0;0;0;0;;;;;
2026-05-08;O_HALKBE0526C47.00;HALKB_05/2026_AVRUPA_OPSIYON;D_EQ;SSO;D_EQ_ECP;DE_HALKB_ECP;HALKB.E;2026-05-25;0.13;0.19;-31.58;0;0;0;0;0;0;0;0;0;0;0;;;;;
2026-05-08;O_HALKBE0526C48.00;HALKB_05/2026_AVRUPA_OPSIYON;D_EQ;SSO;D_EQ_ECP;DE_HALKB_ECP;HALKB.E;2026-05-25;0.09;0.13;-30.77;0;0;0;0;0;0;0;0;0;0;0;;;;;
2026-05-08;O_HALKBE0526C49.00;HALKB_05/2026_AVRUPA_OPSIYON;D_EQ;SSO;D_EQ_ECP;DE_HALKB_ECP;HALKB.E;2026-05-25;0.06;0.09;-33.33;0;0;0;0;0;0;0;0;0;0;0;;;;;
2026-05-08;O_HALKBE0526C50.00;HALKB_05/2026_AVRUPA_OPSIYON;D_EQ;SSO;D_EQ_ECP;DE_HALKB_ECP;HALKB.E;2026-05-25;0.04;0.06;-33.33;0;0;0;0;0;0;0;0;0;0;0;;;;;
2026-05-08;O_HALKBE0526C52.00;HALKB_05/2026_AVRUPA_OPSIYON;D_EQ;SSO;D_EQ_ECP;DE_HALKB_ECP;HALKB.E;2026-05-25;0.02;0.03;-33.33;0;0;0;0;0;0;0;0;0;0;0;;;;;
2026-05-08;O_HALKBE0526C54.00;HALKB_05/2026_AVRUPA_OPSIYON;D_EQ;SSO;D_EQ_ECP;DE_HALKB_ECP;HALKB.E;2026-05-25;0.01;0.01;0;0;0;0;0;0;0;0;0;0;0;0;;;;;
2026-05-08;O_HALKBE0526C56.00;HALKB_05/2026_AVRUPA_OPSIYON;D_EQ;SSO;D_EQ_ECP;DE_HALKB_ECP;HALKB.E;2026-05-25;0.01;0.01;0;0;0;0;0;0;0;0;0;0;0;0;;;;;
2026-05-08;O_HALKBE0526C58.00;HALKB_05/2026_AVRUPA_OPSIYON;D_EQ;SSO;D_EQ_ECP;DE_HALKB_ECP;HALKB.E;2026-05-25;0.01;0.01;0;0;0;0;0;0;0;0;0;0;0;0;;;;;
2026-05-08;O_HALKBE0526C60.00;HALKB_05/2026_AVRUPA_OPSIYON;D_EQ;SSO;D_EQ_ECP;DE_HALKB_ECP;HALKB.E;2026-05-25;0.01;0.01;0;0;0;0;0;0;0;0;0;0;0;0;;;;;
2026-05-08;O_HALKBE0526C62.00;HALKB_05/2026_AVRUPA_OPSIYON;D_EQ;SSO;D_EQ_ECP;DE_HALKB_ECP;HALKB.E;2026-05-25;0.01;0.01;0;0;0;0;0;0;0;0;0;0;0;0;;;;;
2026-05-08;O_HALKBE0526C64.00;HALKB_05/2026_AVRUPA_OPSIYON;D_EQ;SSO;D_EQ_ECP;DE_HALKB_ECP;HALKB.E;2026-05-25;0.01;0.01;0;0;0;0;0;0;0;0;0;0;0;0;;;;;
2026-05-08;O_HALKBE0526C66.00;HALKB_05/2026_AVRUPA_OPSIYON;D_EQ;SSO;D_EQ_ECP;DE_HALKB_ECP;HALKB.E;2026-05-25;0.01;0.01;0;0;0;0;0;0;0;0;0;0;0;0;;;;;
2026-05-08;O_HALKBE0526P31.00;HALKB_05/2026_AVRUPA_OPSIYON;D_EQ;SSO;D_EQ_EPP;DE_HALKB_EPP;HALKB.E;2026-05-25;0.01;0.01;0;0;0;0;0;0;0;0;0;0;0;0;;;;;
2026-05-08;O_HALKBE0526P32.00;HALKB_05/2026_AVRUPA_OPSIYON;D_EQ;SSO;D_EQ_EPP;DE_HALKB_EPP;HALKB.E;2026-05-25;0.01;0.01;0;0;0;0;0;0;0;0;0;0;0;0;;;;;
2026-05-08;O_HALKBE0526P33.00;HALKB_05/2026_AVRUPA_OPSIYON;D_EQ;SSO;D_EQ_EPP;DE_HALKB_EPP;HALKB.E;2026-05-25;0.03;0.02;50;0;0;0;0;0;0;0;0;0;0;0;;;;;
2026-05-08;O_HALKBE0526P34.00;HALKB_05/2026_AVRUPA_OPSIYON;D_EQ;SSO;D_EQ_EPP;DE_HALKB_EPP;HALKB.E;2026-05-25;0.06;0.05;20;0;0;0;0;0;0;0;0;0;0;0;;;;;
2026-05-08;O_HALKBE0526P35.00;HALKB_05/2026_AVRUPA_OPSIYON;D_EQ;SSO;D_EQ_EPP;DE_HALKB_EPP;HALKB.E;2026-05-25;0.12;0.09;33.33;0;0;0;0;0;0;0;0;0;1260;0;;;;;
2026-05-08;O_HALKBE0526P36.00;HALKB_05/2026_AVRUPA_OPSIYON;D_EQ;SSO;D_EQ_EPP;DE_HALKB_EPP;HALKB.E;2026-05-25;0.21;0.16;31.25;0;0;0;0;0;0;0;0;0;0;0;;;;;
2026-05-08;O_HALKBE0526P37.00;HALKB_05/2026_AVRUPA_OPSIYON;D_EQ;SSO;D_EQ_EPP;DE_HALKB_EPP;HALKB.E;2026-05-25;0.35;0.28;25;0;0;0;0;0;0;0;0;0;1000;0;;;;;
2026-05-08;O_HALKBE0526P38.00;HALKB_05/2026_AVRUPA_OPSIYON;D_EQ;SSO;D_EQ_EPP;DE_HALKB_EPP;HALKB.E;2026-05-25;0.56;0.45;24.44;0;0;0;0;0;0;0;0;0;250;0;;;;;
2026-05-08;O_HALKBE0526P39.00;HALKB_05/2026_AVRUPA_OPSIYON;D_EQ;SSO;D_EQ_EPP;DE_HALKB_EPP;HALKB.E;2026-05-25;0.86;0.7;22.86;0;0;0;0;0;0;0;0;0;1200;0;;;;;
2026-05-08;O_HALKBE0526P40.00;HALKB_05/2026_AVRUPA_OPSIYON;D_EQ;SSO;D_EQ_EPP;DE_HALKB_EPP;HALKB.E;2026-05-25;1.26;1.04;21.15;0;0;0;0;0;0;0;0;0;50;0;;;;;
2026-05-08;O_HALKBE0526P41.00;HALKB_05/2026_AVRUPA_OPSIYON;D_EQ;SSO;D_EQ_EPP;DE_HALKB_EPP;HALKB.E;2026-05-25;1.78;1.49;19.46;0;0;0;0;0;0;0;0;0;1000;0;;;;;
2026-05-08;O_HALKBE0526P42.00;HALKB_05/2026_AVRUPA_OPSIYON;D_EQ;SSO;D_EQ_EPP;DE_HALKB_EPP;HALKB.E;2026-05-25;2.39;2.04;17.16;0;0;0;0;0;0;0;0;0;565;0;;;;;
2026-05-08;O_HALKBE0526P43.00;HALKB_05/2026_AVRUPA_OPSIYON;D_EQ;SSO;D_EQ_EPP;DE_HALKB_EPP;HALKB.E;2026-05-25;3.11;2.69;15.61;0;0;0;0;0;0;0;0;0;0;0;;;;;
2026-05-08;O_HALKBE0526P44.00;HALKB_05/2026_AVRUPA_OPSIYON;D_EQ;SSO;D_EQ_EPP;DE_HALKB_EPP;HALKB.E;2026-05-25;3.9;3.44;13.37;0;0;0;0;0;0;0;0;0;0;0;;;;;
2026-05-08;O_HALKBE0526P45.00;HALKB_05/2026_AVRUPA_OPSIYON;D_EQ;SSO;D_EQ_EPP;DE_HALKB_EPP;HALKB.E;2026-05-25;4.74;4.25;11.53;0;0;0;0;0;0;0;0;0;0;0;;;;;
2026-05-08;O_HALKBE0526P46.00;HALKB_05/2026_AVRUPA_OPSIYON;D_EQ;SSO;D_EQ_EPP;DE_HALKB_EPP;HALKB.E;2026-05-25;5.63;5.1;10.39;0;0;0;0;0;0;0;0;0;0;0;;;;;
2026-05-08;O_HALKBE0526P47.00;HALKB_05/2026_AVRUPA_OPSIYON;D_EQ;SSO;D_EQ_EPP;DE_HALKB_EPP;HALKB.E;2026-05-25;6.55;6;9.17;0;0;0;0;0;0;0;0;0;0;0;;;;;
2026-05-08;O_HALKBE0526P48.00;HALKB_05/2026_AVRUPA_OPSIYON;D_EQ;SSO;D_EQ_EPP;DE_HALKB_EPP;HALKB.E;2026-05-25;7.49;6.92;8.24;0;0;0;0;0;0;0;0;0;0;0;;;;;
2026-05-08;O_HALKBE0526P49.00;HALKB_05/2026_AVRUPA_OPSIYON;D_EQ;SSO;D_EQ_EPP;DE_HALKB_EPP;HALKB.E;2026-05-25;8.44;7.86;7.38;0;0;0;0;0;0;0;0;0;0;0;;;;;
2026-05-08;O_HALKBE0526P50.00;HALKB_05/2026_AVRUPA_OPSIYON;D_EQ;SSO;D_EQ_EPP;DE_HALKB_EPP;HALKB.E;2026-05-25;9.4;8.81;6.7;0;0;0;0;0;0;0;0;0;0;0;;;;;
2026-05-08;O_HALKBE0526P52.00;HALKB_05/2026_AVRUPA_OPSIYON;D_EQ;SSO;D_EQ_EPP;DE_HALKB_EPP;HALKB.E;2026-05-25;11.35;10.74;5.68;0;0;0;0;0;0;0;0;0;0;0;;;;;
2026-05-08;O_HALKBE0526P54.00;HALKB_05/2026_AVRUPA_OPSIYON;D_EQ;SSO;D_EQ_EPP;DE_HALKB_EPP;HALKB.E;2026-05-25;13.3;12.69;4.81;0;0;0;0;0;0;0;0;0;0;0;;;;;
2026-05-08;O_HALKBE0526P56.00;HALKB_05/2026_AVRUPA_OPSIYON;D_EQ;SSO;D_EQ_EPP;DE_HALKB_EPP;HALKB.E;2026-05-25;15.26;14.65;4.16;0;0;0;0;0;0;0;0;0;0;0;;;;;
2026-05-08;O_HALKBE0626C37.00;HALKB_06/2026_AVRUPA_OPSIYON;D_EQ;SSO;D_EQ_ECP;DE_HALKB_ECP;HALKB.E;2026-06-30;5.61;6.1;-8.03;0;0;0;0;0;0;0;0;0;0;0;;;;;
2026-05-08;O_HALKBE0626C38.00;HALKB_06/2026_AVRUPA_OPSIYON;D_EQ;SSO;D_EQ_ECP;DE_HALKB_ECP;HALKB.E;2026-06-30;4.9;5.36;-8.58;0;0;0;0;0;0;0;0;0;0;0;;;;;
2026-05-08;O_HALKBE0626C39.00;HALKB_06/2026_AVRUPA_OPSIYON;D_EQ;SSO;D_EQ_ECP;DE_HALKB_ECP;HALKB.E;2026-06-30;4.24;4.67;-9.21;0;0;0;0;0;0;0;0;0;0;0;;;;;
2026-05-08;O_HALKBE0626C40.00;HALKB_06/2026_AVRUPA_OPSIYON;D_EQ;SSO;D_EQ_ECP;DE_HALKB_ECP;HALKB.E;2026-06-30;3.64;4.03;-9.68;0;0;0;0;0;0;0;0;0;0;0;;;;;
2026-05-08;O_HALKBE0626C41.00;HALKB_06/2026_AVRUPA_OPSIYON;D_EQ;SSO;D_EQ_ECP;DE_HALKB_ECP;HALKB.E;2026-06-30;3.11;3.46;-10.12;0;0;0;0;0;0;0;0;0;0;0;;;;;
2026-05-08;O_HALKBE0626C42.00;HALKB_06/2026_AVRUPA_OPSIYON;D_EQ;SSO;D_EQ_ECP;DE_HALKB_ECP;HALKB.E;2026-06-30;2.64;2.95;-10.51;0;0;0;0;0;0;0;0;0;0;0;;;;;
2026-05-08;O_HALKBE0626C43.00;HALKB_06/2026_AVRUPA_OPSIYON;D_EQ;SSO;D_EQ_ECP;DE_HALKB_ECP;HALKB.E;2026-06-30;2.23;2.51;-11.16;0;0;0;0;0;0;0;0;0;0;0;;;;;
2026-05-08;O_HALKBE0626C44.00;HALKB_06/2026_AVRUPA_OPSIYON;D_EQ;SSO;D_EQ_ECP;DE_HALKB_ECP;HALKB.E;2026-06-30;1.89;2.12;-10.85;0;0;0;0;0;0;0;0;0;3000;0;;;;;
2026-05-08;O_HALKBE0626C45.00;HALKB_06/2026_AVRUPA_OPSIYON;D_EQ;SSO;D_EQ_ECP;DE_HALKB_ECP;HALKB.E;2026-06-30;1.61;1.8;-10.56;0;0;0;0;0;0;0;0;0;0;0;;;;;
2026-05-08;O_HALKBE0626C46.00;HALKB_06/2026_AVRUPA_OPSIYON;D_EQ;SSO;D_EQ_ECP;DE_HALKB_ECP;HALKB.E;2026-06-30;1.37;1.54;-11.04;0;0;0;0;0;0;0;0;0;0;0;;;;;
2026-05-08;O_HALKBE0626C47.00;HALKB_06/2026_AVRUPA_OPSIYON;D_EQ;SSO;D_EQ_ECP;DE_HALKB_ECP;HALKB.E;2026-06-30;1.16;1.31;-11.45;0;0;0;0;0;0;0;0;0;44;0;;;;;
2026-05-08;O_HALKBE0626C48.00;HALKB_06/2026_AVRUPA_OPSIYON;D_EQ;SSO;D_EQ_ECP;DE_HALKB_ECP;HALKB.E;2026-06-30;0.99;1.12;-11.61;0;0;0;0;0;0;0;0;0;0;0;;;;;
2026-05-08;O_HALKBE0626C49.00;HALKB_06/2026_AVRUPA_OPSIYON;D_EQ;SSO;D_EQ_ECP;DE_HALKB_ECP;HALKB.E;2026-06-30;0.85;0.95;-10.53;0;0;0;0;0;0;0;0;0;0;0;;;;;
2026-05-08;O_HALKBE0626C50.00;HALKB_06/2026_AVRUPA_OPSIYON;D_EQ;SSO;D_EQ_ECP;DE_HALKB_ECP;HALKB.E;2026-06-30;0.72;0.81;-11.11;0;0;0;0;0;0;0;0;0;0;0;;;;;
2026-05-08;O_HALKBE0626C52.00;HALKB_06/2026_AVRUPA_OPSIYON;D_EQ;SSO;D_EQ_ECP;DE_HALKB_ECP;HALKB.E;2026-06-30;0.53;0.6;-11.67;0;0;0;0;0;0;0;0;0;0;0;;;;;
2026-05-08;O_HALKBE0626P32.00;HALKB_06/2026_AVRUPA_OPSIYON;D_EQ;SSO;D_EQ_EPP;DE_HALKB_EPP;HALKB.E;2026-06-30;0.2;0.17;17.65;0;0;0;0;0;0;0;0;0;0;0;;;;;
2026-05-08;O_HALKBE0626P33.00;HALKB_06/2026_AVRUPA_OPSIYON;D_EQ;SSO;D_EQ_EPP;DE_HALKB_EPP;HALKB.E;2026-06-30;0.28;0.24;16.67;0;0;0;0;0;0;0;0;0;0;0;;;;;
2026-05-08;O_HALKBE0626P34.00;HALKB_06/2026_AVRUPA_OPSIYON;D_EQ;SSO;D_EQ_EPP;DE_HALKB_EPP;HALKB.E;2026-06-30;0.38;0.32;18.75;0;0;0;0;0;0;0;0;0;0;0;;;;;
2026-05-08;O_HALKBE0626P35.00;HALKB_06/2026_AVRUPA_OPSIYON;D_EQ;SSO;D_EQ_EPP;DE_HALKB_EPP;HALKB.E;2026-06-30;0.51;0.44;15.91;0;0;0;0;0;0;0;0;0;0;0;;;;;
2026-05-08;O_HALKBE0626P36.00;HALKB_06/2026_AVRUPA_OPSIYON;D_EQ;SSO;D_EQ_EPP;DE_HALKB_EPP;HALKB.E;2026-06-30;0.67;0.58;15.52;0;0;0;0;0;0;0;0;0;0;0;;;;;
2026-05-08;O_HALKBE0626P37.00;HALKB_06/2026_AVRUPA_OPSIYON;D_EQ;SSO;D_EQ_EPP;DE_HALKB_EPP;HALKB.E;2026-06-30;0.86;0.75;14.67;0;0;0;0;0;0;0;0;0;0;0;;;;;
2026-05-08;O_HALKBE0626P38.00;HALKB_06/2026_AVRUPA_OPSIYON;D_EQ;SSO;D_EQ_EPP;DE_HALKB_EPP;HALKB.E;2026-06-30;1.1;0.96;14.58;0;0;0;0;0;0;0;0;0;0;0;;;;;
2026-05-08;O_HALKBE0626P39.00;HALKB_06/2026_AVRUPA_OPSIYON;D_EQ;SSO;D_EQ_EPP;DE_HALKB_EPP;HALKB.E;2026-06-30;1.38;1.22;13.11;0;0;0;0;0;0;0;0;0;0;0;;;;;
2026-05-08;O_HALKBE0626P40.00;HALKB_06/2026_AVRUPA_OPSIYON;D_EQ;SSO;D_EQ_EPP;DE_HALKB_EPP;HALKB.E;2026-06-30;1.73;1.52;13.82;0;0;0;0;0;0;0;0;0;0;0;;;;;
2026-05-08;O_HALKBE0626P41.00;HALKB_06/2026_AVRUPA_OPSIYON;D_EQ;SSO;D_EQ_EPP;DE_HALKB_EPP;HALKB.E;2026-06-30;2.15;1.9;13.16;0;0;0;0;0;0;0;0;0;0;0;;;;;
2026-05-08;O_HALKBE0626P42.00;HALKB_06/2026_AVRUPA_OPSIYON;D_EQ;SSO;D_EQ_EPP;DE_HALKB_EPP;HALKB.E;2026-06-30;2.62;2.33;12.45;0;0;0;0;0;0;0;0;0;0;0;;;;;
2026-05-08;O_HALKBE0626P43.00;HALKB_06/2026_AVRUPA_OPSIYON;D_EQ;SSO;D_EQ_EPP;DE_HALKB_EPP;HALKB.E;2026-06-30;3.16;2.84;11.27;0;0;0;0;0;0;0;0;0;0;0;;;;;
2026-05-08;O_HALKBE0626P44.00;HALKB_06/2026_AVRUPA_OPSIYON;D_EQ;SSO;D_EQ_EPP;DE_HALKB_EPP;HALKB.E;2026-06-30;3.76;3.39;10.91;0;0;0;0;0;0;0;0;0;0;0;;;;;
2026-05-08;O_HALKBE0626P45.00;HALKB_06/2026_AVRUPA_OPSIYON;D_EQ;SSO;D_EQ_EPP;DE_HALKB_EPP;HALKB.E;2026-06-30;4.43;4.02;10.2;0;0;0;0;0;0;0;0;0;0;0;;;;;
2026-05-08;O_HALKBE0626P46.00;HALKB_06/2026_AVRUPA_OPSIYON;D_EQ;SSO;D_EQ_EPP;DE_HALKB_EPP;HALKB.E;2026-06-30;5.14;4.7;9.36;0;0;0;0;0;0;0;0;0;0;0;;;;;
2026-05-08;O_HALKBE0726C39.00;HALKB_07/2026_AVRUPA_OPSIYON;D_EQ;SSO;D_EQ_ECP;DE_HALKB_ECP;HALKB.E;2026-07-31;6.06;6.52;-7.06;0;0;0;0;0;0;0;0;0;0;0;;;;;
2026-05-08;O_HALKBE0726C40.00;HALKB_07/2026_AVRUPA_OPSIYON;D_EQ;SSO;D_EQ_ECP;DE_HALKB_ECP;HALKB.E;2026-07-31;5.42;5.86;-7.51;0;0;0;0;0;0;0;0;0;0;0;;;;;
2026-05-08;O_HALKBE0726C41.00;HALKB_07/2026_AVRUPA_OPSIYON;D_EQ;SSO;D_EQ_ECP;DE_HALKB_ECP;HALKB.E;2026-07-31;4.84;5.24;-7.63;0;0;0;0;0;0;0;0;0;0;0;;;;;
2026-05-08;O_HALKBE0726C42.00;HALKB_07/2026_AVRUPA_OPSIYON;D_EQ;SSO;D_EQ_ECP;DE_HALKB_ECP;HALKB.E;2026-07-31;4.31;4.68;-7.91;0;0;0;0;0;0;0;0;0;0;0;;;;;
2026-05-08;O_HALKBE0726C43.00;HALKB_07/2026_AVRUPA_OPSIYON;D_EQ;SSO;D_EQ_ECP;DE_HALKB_ECP;HALKB.E;2026-07-31;3.83;4.17;-8.15;0;0;0;0;0;0;0;0;0;0;0;;;;;
2026-05-08;O_HALKBE0726C44.00;HALKB_07/2026_AVRUPA_OPSIYON;D_EQ;SSO;D_EQ_ECP;DE_HALKB_ECP;HALKB.E;2026-07-31;3.4;3.71;-8.36;0;0;0;0;0;0;0;0;0;0;0;;;;;
2026-05-08;O_HALKBE0726C45.00;HALKB_07/2026_AVRUPA_OPSIYON;D_EQ;SSO;D_EQ_ECP;DE_HALKB_ECP;HALKB.E;2026-07-31;3.02;3.29;-8.21;0;0;0;0;0;0;0;0;0;0;0;;;;;
2026-05-08;O_HALKBE0726C46.00;HALKB_07/2026_AVRUPA_OPSIYON;D_EQ;SSO;D_EQ_ECP;DE_HALKB_ECP;HALKB.E;2026-07-31;2.71;2.94;-7.82;0;0;0;0;0;0;0;0;0;0;0;;;;;
2026-05-08;O_HALKBE0726C47.00;HALKB_07/2026_AVRUPA_OPSIYON;D_EQ;SSO;D_EQ_ECP;DE_HALKB_ECP;HALKB.E;2026-07-31;2.43;2.63;-7.6;0;0;0;0;0;0;0;0;0;0;0;;;;;
2026-05-08;O_HALKBE0726C48.00;HALKB_07/2026_AVRUPA_OPSIYON;D_EQ;SSO;D_EQ_ECP;DE_HALKB_ECP;HALKB.E;2026-07-31;2.18;;0;0;0;0;0;0;0;0;0;0;0;0;;;;;
2026-05-08;O_HALKBE0726C49.00;HALKB_07/2026_AVRUPA_OPSIYON;D_EQ;SSO;D_EQ_ECP;DE_HALKB_ECP;HALKB.E;2026-07-31;1.96;;0;0;0;0;0;0;0;0;0;0;0;0;;;;;
2026-05-08;O_HALKBE0726C50.00;HALKB_07/2026_AVRUPA_OPSIYON;D_EQ;SSO;D_EQ_ECP;DE_HALKB_ECP;HALKB.E;2026-07-31;1.76;;0;0;0;0;0;0;0;0;0;0;0;0;;;;;
2026-05-08;O_HALKBE0726P34.00;HALKB_07/2026_AVRUPA_OPSIYON;D_EQ;SSO;D_EQ_EPP;DE_HALKB_EPP;HALKB.E;2026-07-31;0.5;0.44;13.64;0;0;0;0;0;0;0;0;0;0;0;;;;;
2026-05-08;O_HALKBE0726P35.00;HALKB_07/2026_AVRUPA_OPSIYON;D_EQ;SSO;D_EQ_EPP;DE_HALKB_EPP;HALKB.E;2026-07-31;0.63;0.55;14.55;0;0;0;0;0;0;0;0;0;0;0;;;;;
2026-05-08;O_HALKBE0726P36.00;HALKB_07/2026_AVRUPA_OPSIYON;D_EQ;SSO;D_EQ_EPP;DE_HALKB_EPP;HALKB.E;2026-07-31;0.77;0.68;13.24;0;0;0;0;0;0;0;0;0;0;0;;;;;
2026-05-08;O_HALKBE0726P37.00;HALKB_07/2026_AVRUPA_OPSIYON;D_EQ;SSO;D_EQ_EPP;DE_HALKB_EPP;HALKB.E;2026-07-31;0.95;0.84;13.1;0;0;0;0;0;0;0;0;0;0;0;;;;;
2026-05-08;O_HALKBE0726P38.00;HALKB_07/2026_AVRUPA_OPSIYON;D_EQ;SSO;D_EQ_EPP;DE_HALKB_EPP;HALKB.E;2026-07-31;1.15;1.02;12.75;0;0;0;0;0;0;0;0;0;0;0;;;;;
2026-05-08;O_HALKBE0726P39.00;HALKB_07/2026_AVRUPA_OPSIYON;D_EQ;SSO;D_EQ_EPP;DE_HALKB_EPP;HALKB.E;2026-07-31;1.38;1.23;12.2;0;0;0;0;0;0;0;0;0;0;0;;;;;
2026-05-08;O_HALKBE0726P40.00;HALKB_07/2026_AVRUPA_OPSIYON;D_EQ;SSO;D_EQ_EPP;DE_HALKB_EPP;HALKB.E;2026-07-31;1.64;1.48;10.81;0;0;0;0;0;0;0;0;0;0;0;;;;;
2026-05-08;O_HALKBE0726P41.00;HALKB_07/2026_AVRUPA_OPSIYON;D_EQ;SSO;D_EQ_EPP;DE_HALKB_EPP;HALKB.E;2026-07-31;1.96;1.75;12;0;0;0;0;0;0;0;0;0;0;0;;;;;
2026-05-08;O_HALKBE0726P42.00;HALKB_07/2026_AVRUPA_OPSIYON;D_EQ;SSO;D_EQ_EPP;DE_HALKB_EPP;HALKB.E;2026-07-31;2.33;2.1;10.95;0;0;0;0;0;0;0;0;0;0;0;;;;;
2026-05-08;O_HALKBE0726P43.00;HALKB_07/2026_AVRUPA_OPSIYON;D_EQ;SSO;D_EQ_EPP;DE_HALKB_EPP;HALKB.E;2026-07-31;2.75;;0;0;0;0;0;0;0;0;0;0;0;0;;;;;
2026-05-08;O_HALKBE0726P44.00;HALKB_07/2026_AVRUPA_OPSIYON;D_EQ;SSO;D_EQ_EPP;DE_HALKB_EPP;HALKB.E;2026-07-31;3.22;;0;0;0;0;0;0;0;0;0;0;0;0;;;;;
2026-05-08;O_HALKBE0726P45.00;HALKB_07/2026_AVRUPA_OPSIYON;D_EQ;SSO;D_EQ_EPP;DE_HALKB_EPP;HALKB.E;2026-07-31;3.74;;0;0;0;0;0;0;0;0;0;0;0;0;;;;;
2026-05-08;O_ISCTRE0526C13.00;ISCTR_05/2026_AVRUPA_OPSIYON;D_EQ;SSO;D_EQ_ECP;DE_ISCTR_ECP;ISCTR.E;2026-05-25;1.81;1.87;-3.21;0;0;0;0;0;0;0;0;0;1;0;;;;;
2026-05-08;O_ISCTRE0526C13.50;ISCTR_05/2026_AVRUPA_OPSIYON;D_EQ;SSO;D_EQ_ECP;DE_ISCTR_ECP;ISCTR.E;2026-05-25;1.38;1.43;-3.5;0;0;0;0;0;0;0;0;0;100;0;;;;;
2026-05-08;O_ISCTRE0526C14.00;ISCTR_05/2026_AVRUPA_OPSIYON;D_EQ;SSO;D_EQ_ECP;DE_ISCTR_ECP;ISCTR.E;2026-05-25;0.98;1.04;-5.77;0;0;0;0;0;0;0;0;0;2;0;;;;;
2026-05-08;O_ISCTRE0526C14.50;ISCTR_05/2026_AVRUPA_OPSIYON;D_EQ;SSO;D_EQ_ECP;DE_ISCTR_ECP;ISCTR.E;2026-05-25;0.66;0.71;-7.04;0.67;0.65;0.67;0.65;0.66;2900;132;2;2;12658;0;;;;;
2026-05-08;O_ISCTRE0526C15.00;ISCTR_05/2026_AVRUPA_OPSIYON;D_EQ;SSO;D_EQ_ECP;DE_ISCTR_ECP;ISCTR.E;2026-05-25;0.41;0.45;-8.89;0;0;0;0;0;0;0;0;0;920;0;;;;;
2026-05-08;O_ISCTRE0526C15.50;ISCTR_05/2026_AVRUPA_OPSIYON;D_EQ;SSO;D_EQ_ECP;DE_ISCTR_ECP;ISCTR.E;2026-05-25;0.24;0.27;-11.11;0.23;0.23;0.25;0.25;0.24;2325000;35500;1500;3;5070;1500;;;;;
2026-05-08;O_ISCTRE0526C16.00;ISCTR_05/2026_AVRUPA_OPSIYON;D_EQ;SSO;D_EQ_ECP;DE_ISCTR_ECP;ISCTR.E;2026-05-25;0.13;0.16;-18.75;0;0;0;0;0;0;0;0;0;15205;0;;;;;
2026-05-08;O_ISCTRE0526C16.50;ISCTR_05/2026_AVRUPA_OPSIYON;D_EQ;SSO;D_EQ_ECP;DE_ISCTR_ECP;ISCTR.E;2026-05-25;0.07;0.09;-22.22;0.06;0.06;0.06;0.06;0.06;990000;3600;600;3;50300;0;;;;;
2026-05-08;O_ISCTRE0526C17.00;ISCTR_05/2026_AVRUPA_OPSIYON;D_EQ;SSO;D_EQ_ECP;DE_ISCTR_ECP;ISCTR.E;2026-05-25;0.03;0.04;-25;0;0;0;0;0;0;0;0;0;6600;0;;;;;
2026-05-08;O_ISCTRE0526C17.50;ISCTR_05/2026_AVRUPA_OPSIYON;D_EQ;SSO;D_EQ_ECP;DE_ISCTR_ECP;ISCTR.E;2026-05-25;0.02;0.02;0;0;0;0;0;0;0;0;0;0;7;0;;;;;
2026-05-08;O_ISCTRE0526C18.00;ISCTR_05/2026_AVRUPA_OPSIYON;D_EQ;SSO;D_EQ_ECP;DE_ISCTR_ECP;ISCTR.E;2026-05-25;0.01;0.01;0;0;0;0;0;0;0;0;0;0;0;0;;;;;
2026-05-08;O_ISCTRE0526C18.50;ISCTR_05/2026_AVRUPA_OPSIYON;D_EQ;SSO;D_EQ_ECP;DE_ISCTR_ECP;ISCTR.E;2026-05-25;0.01;0.01;0;0;0;0;0;0;0;0;0;0;250;0;;;;;
2026-05-08;O_ISCTRE0526C19.00;ISCTR_05/2026_AVRUPA_OPSIYON;D_EQ;SSO;D_EQ_ECP;DE_ISCTR_ECP;ISCTR.E;2026-05-25;0.01;0.01;0;0;0;0;0;0;0;0;0;0;0;0;;;;;
2026-05-08;O_ISCTRE0526C19.50;ISCTR_05/2026_AVRUPA_OPSIYON;D_EQ;SSO;D_EQ_ECP;DE_ISCTR_ECP;ISCTR.E;2026-05-25;0.01;0.01;0;0;0;0;0;0;0;0;0;0;0;0;;;;;
2026-05-08;O_ISCTRE0526C20.00;ISCTR_05/2026_AVRUPA_OPSIYON;D_EQ;SSO;D_EQ_ECP;DE_ISCTR_ECP;ISCTR.E;2026-05-25;0.01;0.01;0;0;0;0;0;0;0;0;0;0;0;0;;;;;
2026-05-08;O_ISCTRE0526C20.50;ISCTR_05/2026_AVRUPA_OPSIYON;D_EQ;SSO;D_EQ_ECP;DE_ISCTR_ECP;ISCTR.E;2026-05-25;0.01;0.01;0;0;0;0;0;0;0;0;0;0;0;0;;;;;
2026-05-08;O_ISCTRE0526C21.00;ISCTR_05/2026_AVRUPA_OPSIYON;D_EQ;SSO;D_EQ_ECP;DE_ISCTR_ECP;ISCTR.E;2026-05-25;0.01;0.01;0;0;0;0;0;0;0;0;0;0;0;0;;;;;
2026-05-08;O_ISCTRE0526P10.50;ISCTR_05/2026_AVRUPA_OPSIYON;D_EQ;SSO;D_EQ_EPP;DE_ISCTR_EPP;ISCTR.E;2026-05-25;0.01;0.01;0;0;0;0;0;0;0;0;0;0;0;0;;;;;
2026-05-08;O_ISCTRE0526P11.00;ISCTR_05/2026_AVRUPA_OPSIYON;D_EQ;SSO;D_EQ_EPP;DE_ISCTR_EPP;ISCTR.E;2026-05-25;0.01;0.01;0;0;0;0;0;0;0;0;0;0;0;0;;;;;
2026-05-08;O_ISCTRE0526P11.50;ISCTR_05/2026_AVRUPA_OPSIYON;D_EQ;SSO;D_EQ_EPP;DE_ISCTR_EPP;ISCTR.E;2026-05-25;0.01;0.01;0;0;0;0;0;0;0;0;0;0;0;0;;;;;
2026-05-08;O_ISCTRE0526P12.00;ISCTR_05/2026_AVRUPA_OPSIYON;D_EQ;SSO;D_EQ_EPP;DE_ISCTR_EPP;ISCTR.E;2026-05-25;0.01;0.01;0;0;0;0;0;0;0;0;0;0;0;0;;;;;
2026-05-08;O_ISCTRE0526P12.50;ISCTR_05/2026_AVRUPA_OPSIYON;D_EQ;SSO;D_EQ_EPP;DE_ISCTR_EPP;ISCTR.E;2026-05-25;0.01;0.01;0;0;0;0;0;0;0;0;0;0;0;0;;;;;
2026-05-08;O_ISCTRE0526P13.00;ISCTR_05/2026_AVRUPA_OPSIYON;D_EQ;SSO;D_EQ_EPP;DE_ISCTR_EPP;ISCTR.E;2026-05-25;0.04;0.04;0;0;0;0;0;0;0;0;0;0;403;0;;;;;
2026-05-08;O_ISCTRE0526P13.50;ISCTR_05/2026_AVRUPA_OPSIYON;D_EQ;SSO;D_EQ_EPP;DE_ISCTR_EPP;ISCTR.E;2026-05-25;0.09;0.09;0;0;0;0;0;0;0;0;0;0;1284;0;;;;;
2026-05-08;O_ISCTRE0526P14.00;ISCTR_05/2026_AVRUPA_OPSIYON;D_EQ;SSO;D_EQ_EPP;DE_ISCTR_EPP;ISCTR.E;2026-05-25;0.19;0.19;0;0;0;0;0;0;0;0;0;0;152;0;;;;;
2026-05-08;O_ISCTRE0526P14.50;ISCTR_05/2026_AVRUPA_OPSIYON;D_EQ;SSO;D_EQ_EPP;DE_ISCTR_EPP;ISCTR.E;2026-05-25;0.36;0.35;2.86;0.3;0.23;0.3;0.23;0.26;6090000;108000;4200;9;16193;200;;;;;
2026-05-08;O_ISCTRE0526P15.00;ISCTR_05/2026_AVRUPA_OPSIYON;D_EQ;SSO;D_EQ_EPP;DE_ISCTR_EPP;ISCTR.E;2026-05-25;0.6;0.59;1.69;0.55;0.45;0.55;0.45;0.5;3300000;109400;2200;7;27579;0;;;;;
2026-05-08;O_ISCTRE0526P15.50;ISCTR_05/2026_AVRUPA_OPSIYON;D_EQ;SSO;D_EQ_EPP;DE_ISCTR_EPP;ISCTR.E;2026-05-25;0.92;0.9;2.22;0.77;0.77;0.77;0.77;0.77;465000;23100;300;3;1178;0;;;;;
2026-05-08;O_ISCTRE0526P16.00;ISCTR_05/2026_AVRUPA_OPSIYON;D_EQ;SSO;D_EQ_EPP;DE_ISCTR_EPP;ISCTR.E;2026-05-25;1.3;1.27;2.36;0;0;0;0;0;0;0;0;0;0;0;;;;;
2026-05-08;O_ISCTRE0526P16.50;ISCTR_05/2026_AVRUPA_OPSIYON;D_EQ;SSO;D_EQ_EPP;DE_ISCTR_EPP;ISCTR.E;2026-05-25;1.73;1.69;2.37;0;0;0;0;0;0;0;0;0;0;0;;;;;
2026-05-08;O_ISCTRE0526P17.00;ISCTR_05/2026_AVRUPA_OPSIYON;D_EQ;SSO;D_EQ_EPP;DE_ISCTR_EPP;ISCTR.E;2026-05-25;2.19;2.14;2.34;0;0;0;0;0;0;0;0;0;0;0;;;;;
2026-05-08;O_ISCTRE0526P17.50;ISCTR_05/2026_AVRUPA_OPSIYON;D_EQ;SSO;D_EQ_EPP;DE_ISCTR_EPP;ISCTR.E;2026-05-25;2.66;2.61;1.92;0;0;0;0;0;0;0;0;0;0;0;;;;;
2026-05-08;O_ISCTRE0526P18.00;ISCTR_05/2026_AVRUPA_OPSIYON;D_EQ;SSO;D_EQ_EPP;DE_ISCTR_EPP;ISCTR.E;2026-05-25;3.14;3.09;1.62;0;0;0;0;0;0;0;0;0;0;0;;;;;
2026-05-08;O_ISCTRE0526P18.50;ISCTR_05/2026_AVRUPA_OPSIYON;D_EQ;SSO;D_EQ_EPP;DE_ISCTR_EPP;ISCTR.E;2026-05-25;3.63;3.57;1.68;0;0;0;0;0;0;0;0;0;0;0;;;;;
2026-05-08;O_ISCTRE0626C14.00;ISCTR_06/2026_AVRUPA_OPSIYON;D_EQ;SSO;D_EQ_ECP;DE_ISCTR_ECP;ISCTR.E;2026-06-30;1.65;1.7;-2.94;0;0;0;0;0;0;0;0;0;0;0;;;;;
2026-05-08;O_ISCTRE0626C14.50;ISCTR_06/2026_AVRUPA_OPSIYON;D_EQ;SSO;D_EQ_ECP;DE_ISCTR_ECP;ISCTR.E;2026-06-30;1.33;1.38;-3.62;0;0;0;0;0;0;0;0;0;0;0;;;;;
2026-05-08;O_ISCTRE0626C15.00;ISCTR_06/2026_AVRUPA_OPSIYON;D_EQ;SSO;D_EQ_ECP;DE_ISCTR_ECP;ISCTR.E;2026-06-30;1.06;1.1;-3.64;0;0;0;0;0;0;0;0;0;1;0;;;;;
2026-05-08;O_ISCTRE0626C15.50;ISCTR_06/2026_AVRUPA_OPSIYON;D_EQ;SSO;D_EQ_ECP;DE_ISCTR_ECP;ISCTR.E;2026-06-30;0.83;0.86;-3.49;0;0;0;0;0;0;0;0;0;0;0;;;;;
2026-05-08;O_ISCTRE0626C16.00;ISCTR_06/2026_AVRUPA_OPSIYON;D_EQ;SSO;D_EQ_ECP;DE_ISCTR_ECP;ISCTR.E;2026-06-30;0.64;0.67;-4.48;0.52;0.52;0.52;0.52;0.52;800000;26000;500;1;500;500;;;;;
2026-05-08;O_ISCTRE0626C16.50;ISCTR_06/2026_AVRUPA_OPSIYON;D_EQ;SSO;D_EQ_ECP;DE_ISCTR_ECP;ISCTR.E;2026-06-30;0.49;0.51;-3.92;0;0;0;0;0;0;0;0;0;0;0;;;;;
2026-05-08;O_ISCTRE0626C17.00;ISCTR_06/2026_AVRUPA_OPSIYON;D_EQ;SSO;D_EQ_ECP;DE_ISCTR_ECP;ISCTR.E;2026-06-30;0.37;0.39;-5.13;0;0;0;0;0;0;0;0;0;0;0;;;;;
2026-05-08;O_ISCTRE0626C17.50;ISCTR_06/2026_AVRUPA_OPSIYON;D_EQ;SSO;D_EQ_ECP;DE_ISCTR_ECP;ISCTR.E;2026-06-30;0.27;0.3;-10;0;0;0;0;0;0;0;0;0;5800;0;;;;;
2026-05-08;O_ISCTRE0626C18.00;ISCTR_06/2026_AVRUPA_OPSIYON;D_EQ;SSO;D_EQ_ECP;DE_ISCTR_ECP;ISCTR.E;2026-06-30;0.2;0.22;-9.09;0;0;0;0;0;0;0;0;0;200;0;;;;;
2026-05-08;O_ISCTRE0626C18.50;ISCTR_06/2026_AVRUPA_OPSIYON;D_EQ;SSO;D_EQ_ECP;DE_ISCTR_ECP;ISCTR.E;2026-06-30;0.15;0.17;-11.76;0.1;0.09;0.1;0.09;0.09;2590000;13000;1400;7;2000;1400;;;;;
2026-05-08;O_ISCTRE0626C19.00;ISCTR_06/2026_AVRUPA_OPSIYON;D_EQ;SSO;D_EQ_ECP;DE_ISCTR_ECP;ISCTR.E;2026-06-30;0.11;0.13;-15.38;0;0;0;0;0;0;0;0;0;0;0;;;;;
2026-05-08;O_ISCTRE0626C19.50;ISCTR_06/2026_AVRUPA_OPSIYON;D_EQ;SSO;D_EQ_ECP;DE_ISCTR_ECP;ISCTR.E;2026-06-30;0.08;0.09;-11.11;0;0;0;0;0;0;0;0;0;0;0;;;;;
2026-05-08;O_ISCTRE0626P11.50;ISCTR_06/2026_AVRUPA_OPSIYON;D_EQ;SSO;D_EQ_EPP;DE_ISCTR_EPP;ISCTR.E;2026-06-30;0.03;0.03;0;0;0;0;0;0;0;0;0;0;0;0;;;;;
2026-05-08;O_ISCTRE0626P12.00;ISCTR_06/2026_AVRUPA_OPSIYON;D_EQ;SSO;D_EQ_EPP;DE_ISCTR_EPP;ISCTR.E;2026-06-30;0.05;0.05;0;0;0;0;0;0;0;0;0;0;0;0;;;;;
2026-05-08;O_ISCTRE0626P12.50;ISCTR_06/2026_AVRUPA_OPSIYON;D_EQ;SSO;D_EQ_EPP;DE_ISCTR_EPP;ISCTR.E;2026-06-30;0.09;0.09;0;0.07;0.07;0.08;0.08;0.08;2500;15;2;2;2;2;;;;;
2026-05-08;O_ISCTRE0626P13.00;ISCTR_06/2026_AVRUPA_OPSIYON;D_EQ;SSO;D_EQ_EPP;DE_ISCTR_EPP;ISCTR.E;2026-06-30;0.15;0.15;0;0.11;0.11;0.12;0.12;0.12;3900;35;3;3;17;3;;;;;
2026-05-08;O_ISCTRE0626P13.50;ISCTR_06/2026_AVRUPA_OPSIYON;D_EQ;SSO;D_EQ_EPP;DE_ISCTR_EPP;ISCTR.E;2026-06-30;0.23;0.23;0;0.19;0.19;0.2;0.2;0.2;2700;39;2;2;12;2;;;;;
2026-05-08;O_ISCTRE0626P14.00;ISCTR_06/2026_AVRUPA_OPSIYON;D_EQ;SSO;D_EQ_EPP;DE_ISCTR_EPP;ISCTR.E;2026-06-30;0.35;0.35;0;0;0;0;0;0;0;0;0;0;150;0;;;;;
2026-05-08;O_ISCTRE0626P14.50;ISCTR_06/2026_AVRUPA_OPSIYON;D_EQ;SSO;D_EQ_EPP;DE_ISCTR_EPP;ISCTR.E;2026-06-30;0.51;0.49;4.08;0.43;0.43;0.43;0.43;0.43;1015000;30100;700;1;700;700;;;;;
2026-05-08;O_ISCTRE0626P15.00;ISCTR_06/2026_AVRUPA_OPSIYON;D_EQ;SSO;D_EQ_EPP;DE_ISCTR_EPP;ISCTR.E;2026-06-30;0.7;0.69;1.45;0;0;0;0;0;0;0;0;0;0;0;;;;;
2026-05-08;O_ISCTRE0626P15.50;ISCTR_06/2026_AVRUPA_OPSIYON;D_EQ;SSO;D_EQ_EPP;DE_ISCTR_EPP;ISCTR.E;2026-06-30;0.95;0.92;3.26;0;0;0;0;0;0;0;0;0;0;0;;;;;
2026-05-08;O_ISCTRE0626P16.00;ISCTR_06/2026_AVRUPA_OPSIYON;D_EQ;SSO;D_EQ_EPP;DE_ISCTR_EPP;ISCTR.E;2026-06-30;1.23;1.2;2.5;0;0;0;0;0;0;0;0;0;0;0;;;;;
2026-05-08;O_ISCTRE0626P16.50;ISCTR_06/2026_AVRUPA_OPSIYON;D_EQ;SSO;D_EQ_EPP;DE_ISCTR_EPP;ISCTR.E;2026-06-30;1.55;1.52;1.97;0;0;0;0;0;0;0;0;0;0;0;;;;;
2026-05-08;O_ISCTRE0626P17.00;ISCTR_06/2026_AVRUPA_OPSIYON;D_EQ;SSO;D_EQ_EPP;DE_ISCTR_EPP;ISCTR.E;2026-06-30;1.9;1.87;1.6;0;0;0;0;0;0;0;0;0;0;0;;;;;
2026-05-08;O_ISCTRE0726C14.50;ISCTR_07/2026_AVRUPA_OPSIYON;D_EQ;SSO;D_EQ_ECP;DE_ISCTR_ECP;ISCTR.E;2026-07-31;1.98;2.02;-1.98;0;0;0;0;0;0;0;0;0;0;0;;;;;
2026-05-08;O_ISCTRE0726C15.00;ISCTR_07/2026_AVRUPA_OPSIYON;D_EQ;SSO;D_EQ_ECP;DE_ISCTR_ECP;ISCTR.E;2026-07-31;1.68;1.72;-2.33;0;0;0;0;0;0;0;0;0;0;0;;;;;
2026-05-08;O_ISCTRE0726C15.50;ISCTR_07/2026_AVRUPA_OPSIYON;D_EQ;SSO;D_EQ_ECP;DE_ISCTR_ECP;ISCTR.E;2026-07-31;1.42;1.46;-2.74;0;0;0;0;0;0;0;0;0;0;0;;;;;
2026-05-08;O_ISCTRE0726C16.00;ISCTR_07/2026_AVRUPA_OPSIYON;D_EQ;SSO;D_EQ_ECP;DE_ISCTR_ECP;ISCTR.E;2026-07-31;1.18;1.22;-3.28;0;0;0;0;0;0;0;0;0;0;0;;;;;
2026-05-08;O_ISCTRE0726C16.50;ISCTR_07/2026_AVRUPA_OPSIYON;D_EQ;SSO;D_EQ_ECP;DE_ISCTR_ECP;ISCTR.E;2026-07-31;0.98;1.02;-3.92;0;0;0;0;0;0;0;0;0;0;0;;;;;
2026-05-08;O_ISCTRE0726C17.00;ISCTR_07/2026_AVRUPA_OPSIYON;D_EQ;SSO;D_EQ_ECP;DE_ISCTR_ECP;ISCTR.E;2026-07-31;0.82;0.85;-3.53;0;0;0;0;0;0;0;0;0;40000;0;;;;;
2026-05-08;O_ISCTRE0726C17.50;ISCTR_07/2026_AVRUPA_OPSIYON;D_EQ;SSO;D_EQ_ECP;DE_ISCTR_ECP;ISCTR.E;2026-07-31;0.67;0.71;-5.63;0;0;0;0;0;0;0;0;0;0;0;;;;;
2026-05-08;O_ISCTRE0726C18.00;ISCTR_07/2026_AVRUPA_OPSIYON;D_EQ;SSO;D_EQ_ECP;DE_ISCTR_ECP;ISCTR.E;2026-07-31;0.55;0.58;-5.17;0;0;0;0;0;0;0;0;0;0;0;;;;;
2026-05-08;O_ISCTRE0726C18.50;ISCTR_07/2026_AVRUPA_OPSIYON;D_EQ;SSO;D_EQ_ECP;DE_ISCTR_ECP;ISCTR.E;2026-07-31;0.45;0.48;-6.25;0;0;0;0;0;0;0;0;0;0;0;;;;;
2026-05-08;O_ISCTRE0726C19.00;ISCTR_07/2026_AVRUPA_OPSIYON;D_EQ;SSO;D_EQ_ECP;DE_ISCTR_ECP;ISCTR.E;2026-07-31;0.37;;0;0;0;0;0;0;0;0;0;0;0;0;;;;;
2026-05-08;O_ISCTRE0726P12.00;ISCTR_07/2026_AVRUPA_OPSIYON;D_EQ;SSO;D_EQ_EPP;DE_ISCTR_EPP;ISCTR.E;2026-07-31;0.07;0.08;-12.5;0;0;0;0;0;0;0;0;0;0;0;;;;;
2026-05-08;O_ISCTRE0726P12.50;ISCTR_07/2026_AVRUPA_OPSIYON;D_EQ;SSO;D_EQ_EPP;DE_ISCTR_EPP;ISCTR.E;2026-07-31;0.11;0.12;-8.33;0;0;0;0;0;0;0;0;0;0;0;;;;;
2026-05-08;O_ISCTRE0726P13.00;ISCTR_07/2026_AVRUPA_OPSIYON;D_EQ;SSO;D_EQ_EPP;DE_ISCTR_EPP;ISCTR.E;2026-07-31;0.17;0.17;0;0;0;0;0;0;0;0;0;0;0;0;;;;;
2026-05-08;O_ISCTRE0726P13.50;ISCTR_07/2026_AVRUPA_OPSIYON;D_EQ;SSO;D_EQ_EPP;DE_ISCTR_EPP;ISCTR.E;2026-07-31;0.25;0.25;0;0;0;0;0;0;0;0;0;0;0;0;;;;;
2026-05-08;O_ISCTRE0726P14.00;ISCTR_07/2026_AVRUPA_OPSIYON;D_EQ;SSO;D_EQ_EPP;DE_ISCTR_EPP;ISCTR.E;2026-07-31;0.35;0.34;2.94;0;0;0;0;0;0;0;0;0;0;0;;;;;
2026-05-08;O_ISCTRE0726P14.50;ISCTR_07/2026_AVRUPA_OPSIYON;D_EQ;SSO;D_EQ_EPP;DE_ISCTR_EPP;ISCTR.E;2026-07-31;0.47;0.46;2.17;0;0;0;0;0;0;0;0;0;0;0;;;;;
2026-05-08;O_ISCTRE0726P15.00;ISCTR_07/2026_AVRUPA_OPSIYON;D_EQ;SSO;D_EQ_EPP;DE_ISCTR_EPP;ISCTR.E;2026-07-31;0.62;0.61;1.64;0;0;0;0;0;0;0;0;0;0;0;;;;;
2026-05-08;O_ISCTRE0726P15.50;ISCTR_07/2026_AVRUPA_OPSIYON;D_EQ;SSO;D_EQ_EPP;DE_ISCTR_EPP;ISCTR.E;2026-07-31;0.81;0.79;2.53;0;0;0;0;0;0;0;0;0;0;0;;;;;
2026-05-08;O_ISCTRE0726P16.00;ISCTR_07/2026_AVRUPA_OPSIYON;D_EQ;SSO;D_EQ_EPP;DE_ISCTR_EPP;ISCTR.E;2026-07-31;1.03;1.01;1.98;0;0;0;0;0;0;0;0;0;0;0;;;;;
2026-05-08;O_ISCTRE0726P16.50;ISCTR_07/2026_AVRUPA_OPSIYON;D_EQ;SSO;D_EQ_EPP;DE_ISCTR_EPP;ISCTR.E;2026-07-31;1.28;;0;0;0;0;0;0;0;0;0;0;0;0;;;;;
2026-05-08;O_KCHOLE0526C190.00;KCHOL_05/2026_AVRUPA_OPSIYON;D_EQ;SSO;D_EQ_ECP;DE_KCHOL_ECP;KCHOL.E;2026-05-25;26.57;25.37;4.73;0;0;0;0;0;0;0;0;0;0;0;;;;;
2026-05-08;O_KCHOLE0526C195.00;KCHOL_05/2026_AVRUPA_OPSIYON;D_EQ;SSO;D_EQ_ECP;DE_KCHOL_ECP;KCHOL.E;2026-05-25;21.97;20.85;5.37;0;0;0;0;0;0;0;0;0;50;0;;;;;
2026-05-08;O_KCHOLE0526C200.00;KCHOL_05/2026_AVRUPA_OPSIYON;D_EQ;SSO;D_EQ_ECP;DE_KCHOL_ECP;KCHOL.E;2026-05-25;17.62;16.62;6.02;0;0;0;0;0;0;0;0;0;60;0;;;;;
2026-05-08;O_KCHOLE0526C205.00;KCHOL_05/2026_AVRUPA_OPSIYON;D_EQ;SSO;D_EQ_ECP;DE_KCHOL_ECP;KCHOL.E;2026-05-25;13.65;12.81;6.56;0;0;0;0;0;0;0;0;0;4010;0;;;;;
2026-05-08;O_KCHOLE0526C210.00;KCHOL_05/2026_AVRUPA_OPSIYON;D_EQ;SSO;D_EQ_ECP;DE_KCHOL_ECP;KCHOL.E;2026-05-25;10.18;9.5;7.16;0;0;0;0;0;0;0;0;0;171;0;;;;;
2026-05-08;O_KCHOLE0526C215.00;KCHOL_05/2026_AVRUPA_OPSIYON;D_EQ;SSO;D_EQ_ECP;DE_KCHOL_ECP;KCHOL.E;2026-05-25;7.28;6.77;7.53;4.95;4.95;4.95;4.95;4.95;2150000;49500;100;2;2782;100;;;;;
2026-05-08;O_KCHOLE0526C220.00;KCHOL_05/2026_AVRUPA_OPSIYON;D_EQ;SSO;D_EQ_ECP;DE_KCHOL_ECP;KCHOL.E;2026-05-25;4.98;4.63;7.56;4.73;4.73;4.73;4.73;4.73;22000;473;1;1;844;0;;;;;
2026-05-08;O_KCHOLE0526C225.00;KCHOL_05/2026_AVRUPA_OPSIYON;D_EQ;SSO;D_EQ_ECP;DE_KCHOL_ECP;KCHOL.E;2026-05-25;3.25;3.02;7.62;1.83;1.77;2.82;2.7;2.45;6885000;74896;306;6;1504;-196;;;;;
2026-05-08;O_KCHOLE0526C230.00;KCHOL_05/2026_AVRUPA_OPSIYON;D_EQ;SSO;D_EQ_ECP;DE_KCHOL_ECP;KCHOL.E;2026-05-25;2.03;1.89;7.41;0;0;0;0;0;0;0;0;0;544;0;;;;;
2026-05-08;O_KCHOLE0526C235.00;KCHOL_05/2026_AVRUPA_OPSIYON;D_EQ;SSO;D_EQ_ECP;DE_KCHOL_ECP;KCHOL.E;2026-05-25;1.21;1.13;7.08;1.08;1.02;1.08;1.02;1.05;5922000;26496;252;3;1440;252;;;;;
2026-05-08;O_KCHOLE0526C240.00;KCHOL_05/2026_AVRUPA_OPSIYON;D_EQ;SSO;D_EQ_ECP;DE_KCHOL_ECP;KCHOL.E;2026-05-25;0.69;0.65;6.15;0;0;0;0;0;0;0;0;0;693;0;;;;;
2026-05-08;O_KCHOLE0526C245.00;KCHOL_05/2026_AVRUPA_OPSIYON;D_EQ;SSO;D_EQ_ECP;DE_KCHOL_ECP;KCHOL.E;2026-05-25;0.37;0.36;2.78;0;0;0;0;0;0;0;0;0;943;0;;;;;
2026-05-08;O_KCHOLE0526C250.00;KCHOL_05/2026_AVRUPA_OPSIYON;D_EQ;SSO;D_EQ_ECP;DE_KCHOL_ECP;KCHOL.E;2026-05-25;0.19;0.19;0;0;0;0;0;0;0;0;0;0;252;0;;;;;
2026-05-08;O_KCHOLE0526P165.00;KCHOL_05/2026_AVRUPA_OPSIYON;D_EQ;SSO;D_EQ_EPP;DE_KCHOL_EPP;KCHOL.E;2026-05-25;0.01;0.01;0;0;0;0;0;0;0;0;0;0;0;0;;;;;
2026-05-08;O_KCHOLE0526P170.00;KCHOL_05/2026_AVRUPA_OPSIYON;D_EQ;SSO;D_EQ_EPP;DE_KCHOL_EPP;KCHOL.E;2026-05-25;0.01;0.01;0;0;0;0;0;0;0;0;0;0;0;0;;;;;
2026-05-08;O_KCHOLE0526P175.00;KCHOL_05/2026_AVRUPA_OPSIYON;D_EQ;SSO;D_EQ_EPP;DE_KCHOL_EPP;KCHOL.E;2026-05-25;0.01;0.02;-50;0;0;0;0;0;0;0;0;0;3;0;;;;;
2026-05-08;O_KCHOLE0526P180.00;KCHOL_05/2026_AVRUPA_OPSIYON;D_EQ;SSO;D_EQ_EPP;DE_KCHOL_EPP;KCHOL.E;2026-05-25;0.03;0.05;-40;0;0;0;0;0;0;0;0;0;180;0;;;;;
2026-05-08;O_KCHOLE0526P185.00;KCHOL_05/2026_AVRUPA_OPSIYON;D_EQ;SSO;D_EQ_EPP;DE_KCHOL_EPP;KCHOL.E;2026-05-25;0.09;0.14;-35.71;0;0;0;0;0;0;0;0;0;180;0;;;;;
2026-05-08;O_KCHOLE0526P190.00;KCHOL_05/2026_AVRUPA_OPSIYON;D_EQ;SSO;D_EQ_EPP;DE_KCHOL_EPP;KCHOL.E;2026-05-25;0.24;0.34;-29.41;0;0;0;0;0;0;0;0;0;3550;0;;;;;
2026-05-08;O_KCHOLE0526P195.00;KCHOL_05/2026_AVRUPA_OPSIYON;D_EQ;SSO;D_EQ_EPP;DE_KCHOL_EPP;KCHOL.E;2026-05-25;0.54;0.73;-26.03;0;0;0;0;0;0;0;0;0;750;0;;;;;
2026-05-08;O_KCHOLE0526P200.00;KCHOL_05/2026_AVRUPA_OPSIYON;D_EQ;SSO;D_EQ_EPP;DE_KCHOL_EPP;KCHOL.E;2026-05-25;1.11;1.41;-21.28;1;1;1;1;1;1000000;5000;50;1;838;0;;;;;
2026-05-08;O_KCHOLE0526P205.00;KCHOL_05/2026_AVRUPA_OPSIYON;D_EQ;SSO;D_EQ_EPP;DE_KCHOL_EPP;KCHOL.E;2026-05-25;2.05;2.5;-18;2.22;2.22;2.22;2.22;2.22;2050000;22200;100;2;400;100;;;;;
2026-05-08;O_KCHOLE0526P210.00;KCHOL_05/2026_AVRUPA_OPSIYON;D_EQ;SSO;D_EQ_EPP;DE_KCHOL_EPP;KCHOL.E;2026-05-25;3.49;4.1;-14.88;0;0;0;0;0;0;0;0;0;50;0;;;;;
2026-05-08;O_KCHOLE0526P215.00;KCHOL_05/2026_AVRUPA_OPSIYON;D_EQ;SSO;D_EQ_EPP;DE_KCHOL_EPP;KCHOL.E;2026-05-25;5.51;6.28;-12.26;0;0;0;0;0;0;0;0;0;167;0;;;;;
2026-05-08;O_KCHOLE0526P220.00;KCHOL_05/2026_AVRUPA_OPSIYON;D_EQ;SSO;D_EQ_EPP;DE_KCHOL_EPP;KCHOL.E;2026-05-25;8.12;9.04;-10.18;6.69;6.69;6.69;6.69;6.69;88000;2676;4;1;14;4;;;;;
2026-05-08;O_KCHOLE0526P225.00;KCHOL_05/2026_AVRUPA_OPSIYON;D_EQ;SSO;D_EQ_EPP;DE_KCHOL_EPP;KCHOL.E;2026-05-25;11.3;12.35;-8.5;0;0;0;0;0;0;0;0;0;42;0;;;;;
2026-05-08;O_KCHOLE0626C205.00;KCHOL_06/2026_AVRUPA_OPSIYON;D_EQ;SSO;D_EQ_ECP;DE_KCHOL_ECP;KCHOL.E;2026-06-30;22.82;21.91;4.15;0;0;0;0;0;0;0;0;0;500;0;;;;;
2026-05-08;O_KCHOLE0626C210.00;KCHOL_06/2026_AVRUPA_OPSIYON;D_EQ;SSO;D_EQ_ECP;DE_KCHOL_ECP;KCHOL.E;2026-06-30;19.47;18.65;4.4;0;0;0;0;0;0;0;0;0;60;0;;;;;
2026-05-08;O_KCHOLE0626C215.00;KCHOL_06/2026_AVRUPA_OPSIYON;D_EQ;SSO;D_EQ_ECP;DE_KCHOL_ECP;KCHOL.E;2026-06-30;16.43;15.7;4.65;0;0;0;0;0;0;0;0;0;0;0;;;;;
2026-05-08;O_KCHOLE0626C220.00;KCHOL_06/2026_AVRUPA_OPSIYON;D_EQ;SSO;D_EQ_ECP;DE_KCHOL_ECP;KCHOL.E;2026-06-30;13.7;13.06;4.9;0;0;0;0;0;0;0;0;0;20;0;;;;;
2026-05-08;O_KCHOLE0626C225.00;KCHOL_06/2026_AVRUPA_OPSIYON;D_EQ;SSO;D_EQ_ECP;DE_KCHOL_ECP;KCHOL.E;2026-06-30;11.29;10.75;5.02;0;0;0;0;0;0;0;0;0;0;0;;;;;
2026-05-08;O_KCHOLE0626C230.00;KCHOL_06/2026_AVRUPA_OPSIYON;D_EQ;SSO;D_EQ_ECP;DE_KCHOL_ECP;KCHOL.E;2026-06-30;9.2;8.75;5.14;0;0;0;0;0;0;0;0;0;0;0;;;;;
2026-05-08;O_KCHOLE0626C235.00;KCHOL_06/2026_AVRUPA_OPSIYON;D_EQ;SSO;D_EQ_ECP;DE_KCHOL_ECP;KCHOL.E;2026-06-30;7.42;7.04;5.4;0;0;0;0;0;0;0;0;0;30;0;;;;;
2026-05-08;O_KCHOLE0626C240.00;KCHOL_06/2026_AVRUPA_OPSIYON;D_EQ;SSO;D_EQ_ECP;DE_KCHOL_ECP;KCHOL.E;2026-06-30;5.91;5.6;5.54;0;0;0;0;0;0;0;0;0;30;0;;;;;
2026-05-08;O_KCHOLE0626C245.00;KCHOL_06/2026_AVRUPA_OPSIYON;D_EQ;SSO;D_EQ_ECP;DE_KCHOL_ECP;KCHOL.E;2026-06-30;4.66;4.41;5.67;0;0;0;0;0;0;0;0;0;146;0;;;;;
2026-05-08;O_KCHOLE0626C250.00;KCHOL_06/2026_AVRUPA_OPSIYON;D_EQ;SSO;D_EQ_ECP;DE_KCHOL_ECP;KCHOL.E;2026-06-30;3.64;3.44;5.81;0;0;0;0;0;0;0;0;0;348;0;;;;;
2026-05-08;O_KCHOLE0626C260.00;KCHOL_06/2026_AVRUPA_OPSIYON;D_EQ;SSO;D_EQ_ECP;DE_KCHOL_ECP;KCHOL.E;2026-06-30;2.15;2.03;5.91;1.26;1.26;1.8;1.8;1.43;6188000;33942;238;5;760;238;;;;;
2026-05-08;O_KCHOLE0626C270.00;KCHOL_06/2026_AVRUPA_OPSIYON;D_EQ;SSO;D_EQ_ECP;DE_KCHOL_ECP;KCHOL.E;2026-06-30;1.22;1.15;6.09;0;0;0;0;0;0;0;0;0;0;0;;;;;
2026-05-08;O_KCHOLE0626P180.00;KCHOL_06/2026_AVRUPA_OPSIYON;D_EQ;SSO;D_EQ_EPP;DE_KCHOL_EPP;KCHOL.E;2026-06-30;0.49;0.57;-14.04;0;0;0;0;0;0;0;0;0;1;0;;;;;
2026-05-08;O_KCHOLE0626P185.00;KCHOL_06/2026_AVRUPA_OPSIYON;D_EQ;SSO;D_EQ_EPP;DE_KCHOL_EPP;KCHOL.E;2026-06-30;0.8;0.92;-13.04;0;0;0;0;0;0;0;0;0;0;0;;;;;
2026-05-08;O_KCHOLE0626P190.00;KCHOL_06/2026_AVRUPA_OPSIYON;D_EQ;SSO;D_EQ_EPP;DE_KCHOL_EPP;KCHOL.E;2026-06-30;1.25;1.42;-11.97;0;0;0;0;0;0;0;0;0;50;0;;;;;
2026-05-08;O_KCHOLE0626P195.00;KCHOL_06/2026_AVRUPA_OPSIYON;D_EQ;SSO;D_EQ_EPP;DE_KCHOL_EPP;KCHOL.E;2026-06-30;1.88;2.11;-10.9;0;0;0;0;0;0;0;0;0;0;0;;;;;
2026-05-08;O_KCHOLE0626P200.00;KCHOL_06/2026_AVRUPA_OPSIYON;D_EQ;SSO;D_EQ_EPP;DE_KCHOL_EPP;KCHOL.E;2026-06-30;2.72;3.03;-10.23;0;0;0;0;0;0;0;0;0;0;0;;;;;
2026-05-08;O_KCHOLE0626P205.00;KCHOL_06/2026_AVRUPA_OPSIYON;D_EQ;SSO;D_EQ_EPP;DE_KCHOL_EPP;KCHOL.E;2026-06-30;3.82;4.2;-9.05;0;0;0;0;0;0;0;0;0;0;0;;;;;
2026-05-08;O_KCHOLE0626P210.00;KCHOL_06/2026_AVRUPA_OPSIYON;D_EQ;SSO;D_EQ_EPP;DE_KCHOL_EPP;KCHOL.E;2026-06-30;5.2;5.67;-8.29;0;0;0;0;0;0;0;0;0;0;0;;;;;
2026-05-08;O_KCHOLE0626P215.00;KCHOL_06/2026_AVRUPA_OPSIYON;D_EQ;SSO;D_EQ_EPP;DE_KCHOL_EPP;KCHOL.E;2026-06-30;6.88;7.44;-7.53;0;0;0;0;0;0;0;0;0;0;0;;;;;
2026-05-08;O_KCHOLE0626P220.00;KCHOL_06/2026_AVRUPA_OPSIYON;D_EQ;SSO;D_EQ_EPP;DE_KCHOL_EPP;KCHOL.E;2026-06-30;8.89;9.54;-6.81;0;0;0;0;0;0;0;0;0;10;0;;;;;
2026-05-08;O_KCHOLE0626P225.00;KCHOL_06/2026_AVRUPA_OPSIYON;D_EQ;SSO;D_EQ_EPP;DE_KCHOL_EPP;KCHOL.E;2026-06-30;11.22;11.95;-6.11;0;0;0;0;0;0;0;0;0;20;0;;;;;
2026-05-08;O_KCHOLE0626P230.00;KCHOL_06/2026_AVRUPA_OPSIYON;D_EQ;SSO;D_EQ_EPP;DE_KCHOL_EPP;KCHOL.E;2026-06-30;13.86;14.67;-5.52;0;0;0;0;0;0;0;0;0;20;0;;;;;
2026-05-08;O_KCHOLE0626P235.00;KCHOL_06/2026_AVRUPA_OPSIYON;D_EQ;SSO;D_EQ_EPP;DE_KCHOL_EPP;KCHOL.E;2026-06-30;16.8;17.69;-5.03;0;0;0;0;0;0;0;0;0;0;0;;;;;
2026-05-08;O_KCHOLE0726C210.00;KCHOL_07/2026_AVRUPA_OPSIYON;D_EQ;SSO;D_EQ_ECP;DE_KCHOL_ECP;KCHOL.E;2026-07-31;28.72;27.8;3.31;0;0;0;0;0;0;0;0;0;0;0;;;;;
2026-05-08;O_KCHOLE0726C215.00;KCHOL_07/2026_AVRUPA_OPSIYON;D_EQ;SSO;D_EQ_ECP;DE_KCHOL_ECP;KCHOL.E;2026-07-31;25.51;24.66;3.45;0;0;0;0;0;0;0;0;0;0;0;;;;;
2026-05-08;O_KCHOLE0726C220.00;KCHOL_07/2026_AVRUPA_OPSIYON;D_EQ;SSO;D_EQ_ECP;DE_KCHOL_ECP;KCHOL.E;2026-07-31;22.51;21.73;3.59;0;0;0;0;0;0;0;0;0;0;0;;;;;
2026-05-08;O_KCHOLE0726C225.00;KCHOL_07/2026_AVRUPA_OPSIYON;D_EQ;SSO;D_EQ_ECP;DE_KCHOL_ECP;KCHOL.E;2026-07-31;19.75;19.04;3.73;0;0;0;0;0;0;0;0;0;0;0;;;;;
2026-05-08;O_KCHOLE0726C230.00;KCHOL_07/2026_AVRUPA_OPSIYON;D_EQ;SSO;D_EQ_ECP;DE_KCHOL_ECP;KCHOL.E;2026-07-31;17.23;16.58;3.92;0;0;0;0;0;0;0;0;0;0;0;;;;;
2026-05-08;O_KCHOLE0726C235.00;KCHOL_07/2026_AVRUPA_OPSIYON;D_EQ;SSO;D_EQ_ECP;DE_KCHOL_ECP;KCHOL.E;2026-07-31;14.93;14.36;3.97;0;0;0;0;0;0;0;0;0;0;0;;;;;
2026-05-08;O_KCHOLE0726C240.00;KCHOL_07/2026_AVRUPA_OPSIYON;D_EQ;SSO;D_EQ_ECP;DE_KCHOL_ECP;KCHOL.E;2026-07-31;12.86;12.36;4.05;0;0;0;0;0;0;0;0;0;0;0;;;;;
2026-05-08;O_KCHOLE0726C245.00;KCHOL_07/2026_AVRUPA_OPSIYON;D_EQ;SSO;D_EQ_ECP;DE_KCHOL_ECP;KCHOL.E;2026-07-31;11.02;10.58;4.16;0;0;0;0;0;0;0;0;0;0;0;;;;;
2026-05-08;O_KCHOLE0726C250.00;KCHOL_07/2026_AVRUPA_OPSIYON;D_EQ;SSO;D_EQ_ECP;DE_KCHOL_ECP;KCHOL.E;2026-07-31;9.4;9.01;4.33;0;0;0;0;0;0;0;0;0;0;0;;;;;
2026-05-08;O_KCHOLE0726C260.00;KCHOL_07/2026_AVRUPA_OPSIYON;D_EQ;SSO;D_EQ_ECP;DE_KCHOL_ECP;KCHOL.E;2026-07-31;6.71;6.42;4.52;0;0;0;0;0;0;0;0;0;0;0;;;;;
2026-05-08;O_KCHOLE0726C270.00;KCHOL_07/2026_AVRUPA_OPSIYON;D_EQ;SSO;D_EQ_ECP;DE_KCHOL_ECP;KCHOL.E;2026-07-31;4.7;4.49;4.68;0;0;0;0;0;0;0;0;0;0;0;;;;;
2026-05-08;O_KCHOLE0726P185.00;KCHOL_07/2026_AVRUPA_OPSIYON;D_EQ;SSO;D_EQ_EPP;DE_KCHOL_EPP;KCHOL.E;2026-07-31;0.98;1.09;-10.09;0;0;0;0;0;0;0;0;0;0;0;;;;;
2026-05-08;O_KCHOLE0726P190.00;KCHOL_07/2026_AVRUPA_OPSIYON;D_EQ;SSO;D_EQ_EPP;DE_KCHOL_EPP;KCHOL.E;2026-07-31;1.4;1.55;-9.68;0;0;0;0;0;0;0;0;0;0;0;;;;;
2026-05-08;O_KCHOLE0726P195.00;KCHOL_07/2026_AVRUPA_OPSIYON;D_EQ;SSO;D_EQ_EPP;DE_KCHOL_EPP;KCHOL.E;2026-07-31;1.96;2.15;-8.84;0;0;0;0;0;0;0;0;0;0;0;;;;;
2026-05-08;O_KCHOLE0726P200.00;KCHOL_07/2026_AVRUPA_OPSIYON;D_EQ;SSO;D_EQ_EPP;DE_KCHOL_EPP;KCHOL.E;2026-07-31;2.67;2.9;-7.93;0;0;0;0;0;0;0;0;0;0;0;;;;;
2026-05-08;O_KCHOLE0726P205.00;KCHOL_07/2026_AVRUPA_OPSIYON;D_EQ;SSO;D_EQ_EPP;DE_KCHOL_EPP;KCHOL.E;2026-07-31;3.55;3.84;-7.55;0;0;0;0;0;0;0;0;0;0;0;;;;;
2026-05-08;O_KCHOLE0726P210.00;KCHOL_07/2026_AVRUPA_OPSIYON;D_EQ;SSO;D_EQ_EPP;DE_KCHOL_EPP;KCHOL.E;2026-07-31;4.63;4.97;-6.84;0;0;0;0;0;0;0;0;0;0;0;;;;;
2026-05-08;O_KCHOLE0726P215.00;KCHOL_07/2026_AVRUPA_OPSIYON;D_EQ;SSO;D_EQ_EPP;DE_KCHOL_EPP;KCHOL.E;2026-07-31;5.91;6.31;-6.34;0;0;0;0;0;0;0;0;0;0;0;;;;;
2026-05-08;O_KCHOLE0726P220.00;KCHOL_07/2026_AVRUPA_OPSIYON;D_EQ;SSO;D_EQ_EPP;DE_KCHOL_EPP;KCHOL.E;2026-07-31;7.41;7.88;-5.96;0;0;0;0;0;0;0;0;0;0;0;;;;;
2026-05-08;O_KCHOLE0726P225.00;KCHOL_07/2026_AVRUPA_OPSIYON;D_EQ;SSO;D_EQ_EPP;DE_KCHOL_EPP;KCHOL.E;2026-07-31;9.15;9.68;-5.48;0;0;0;0;0;0;0;0;0;0;0;;;;;
2026-05-08;O_KCHOLE0726P230.00;KCHOL_07/2026_AVRUPA_OPSIYON;D_EQ;SSO;D_EQ_EPP;DE_KCHOL_EPP;KCHOL.E;2026-07-31;11.12;11.72;-5.12;0;0;0;0;0;0;0;0;0;0;0;;;;;
2026-05-08;O_KCHOLE0726P235.00;KCHOL_07/2026_AVRUPA_OPSIYON;D_EQ;SSO;D_EQ_EPP;DE_KCHOL_EPP;KCHOL.E;2026-07-31;13.32;13.98;-4.72;0;0;0;0;0;0;0;0;0;0;0;;;;;
2026-05-08;O_KRDMDE0526C29.00;KRDMD_05/2026_AVRUPA_OPSIYON;D_EQ;SSO;D_EQ_ECP;DE_KRDMD_ECP;KRDMD.E;2026-05-25;12.03;11.34;6.08;0;0;0;0;0;0;0;0;0;0;0;;;;;
2026-05-08;O_KRDMDE0526C30.00;KRDMD_05/2026_AVRUPA_OPSIYON;D_EQ;SSO;D_EQ_ECP;DE_KRDMD_ECP;KRDMD.E;2026-05-25;11.05;10.36;6.66;0;0;0;0;0;0;0;0;0;0;0;;;;;
2026-05-08;O_KRDMDE0526C31.00;KRDMD_05/2026_AVRUPA_OPSIYON;D_EQ;SSO;D_EQ_ECP;DE_KRDMD_ECP;KRDMD.E;2026-05-25;10.06;9.38;7.25;0;0;0;0;0;0;0;0;0;0;0;;;;;
2026-05-08;O_KRDMDE0526C32.00;KRDMD_05/2026_AVRUPA_OPSIYON;D_EQ;SSO;D_EQ_ECP;DE_KRDMD_ECP;KRDMD.E;2026-05-25;9.08;8.4;8.1;0;0;0;0;0;0;0;0;0;0;0;;;;;
2026-05-08;O_KRDMDE0526C33.00;KRDMD_05/2026_AVRUPA_OPSIYON;D_EQ;SSO;D_EQ_ECP;DE_KRDMD_ECP;KRDMD.E;2026-05-25;8.1;7.42;9.16;0;0;0;0;0;0;0;0;0;351;0;;;;;
2026-05-08;O_KRDMDE0526C34.00;KRDMD_05/2026_AVRUPA_OPSIYON;D_EQ;SSO;D_EQ_ECP;DE_KRDMD_ECP;KRDMD.E;2026-05-25;7.13;6.46;10.37;0;0;0;0;0;0;0;0;0;251;0;;;;;
2026-05-08;O_KRDMDE0526C35.00;KRDMD_05/2026_AVRUPA_OPSIYON;D_EQ;SSO;D_EQ_ECP;DE_KRDMD_ECP;KRDMD.E;2026-05-25;6.17;5.52;11.78;0;0;0;0;0;0;0;0;0;378;0;;;;;
2026-05-08;O_KRDMDE0526C36.00;KRDMD_05/2026_AVRUPA_OPSIYON;D_EQ;SSO;D_EQ_ECP;DE_KRDMD_ECP;KRDMD.E;2026-05-25;5.24;4.61;13.67;0;0;0;0;0;0;0;0;0;725;0;;;;;
2026-05-08;O_KRDMDE0526C37.00;KRDMD_05/2026_AVRUPA_OPSIYON;D_EQ;SSO;D_EQ_ECP;DE_KRDMD_ECP;KRDMD.E;2026-05-25;4.34;3.76;15.43;0;0;0;0;0;0;0;0;0;350;0;;;;;
2026-05-08;O_KRDMDE0526C38.00;KRDMD_05/2026_AVRUPA_OPSIYON;D_EQ;SSO;D_EQ_ECP;DE_KRDMD_ECP;KRDMD.E;2026-05-25;3.5;2.97;17.85;0;0;0;0;0;0;0;0;0;400;0;;;;;
2026-05-08;O_KRDMDE0526C39.00;KRDMD_05/2026_AVRUPA_OPSIYON;D_EQ;SSO;D_EQ_ECP;DE_KRDMD_ECP;KRDMD.E;2026-05-25;2.75;2.28;20.61;0;0;0;0;0;0;0;0;0;5550;0;;;;;
2026-05-08;O_KRDMDE0526C40.00;KRDMD_05/2026_AVRUPA_OPSIYON;D_EQ;SSO;D_EQ_ECP;DE_KRDMD_ECP;KRDMD.E;2026-05-25;2.09;1.7;22.94;1.58;1.58;1.68;1.68;1.62;96000;3892;24;24;5119;24;;;;;
2026-05-08;O_KRDMDE0526C41.00;KRDMD_05/2026_AVRUPA_OPSIYON;D_EQ;SSO;D_EQ_ECP;DE_KRDMD_ECP;KRDMD.E;2026-05-25;1.53;1.22;25.41;1.58;1.5;1.58;1.5;1.55;4879000;184266;1190;8;660;410;;;;;
2026-05-08;O_KRDMDE0526C42.00;KRDMD_05/2026_AVRUPA_OPSIYON;D_EQ;SSO;D_EQ_ECP;DE_KRDMD_ECP;KRDMD.E;2026-05-25;1.08;0.84;28.57;0;0;0;0;0;0;0;0;0;91;0;;;;;
2026-05-08;O_KRDMDE0526C43.00;KRDMD_05/2026_AVRUPA_OPSIYON;D_EQ;SSO;D_EQ_ECP;DE_KRDMD_ECP;KRDMD.E;2026-05-25;0.74;0.56;32.14;0;0;0;0;0;0;0;0;0;0;0;;;;;
2026-05-08;O_KRDMDE0526C44.00;KRDMD_05/2026_AVRUPA_OPSIYON;D_EQ;SSO;D_EQ_ECP;DE_KRDMD_ECP;KRDMD.E;2026-05-25;0.49;0.36;36.11;0;0;0;0;0;0;0;0;0;427;0;;;;;
2026-05-08;O_KRDMDE0526C45.00;KRDMD_05/2026_AVRUPA_OPSIYON;D_EQ;SSO;D_EQ_ECP;DE_KRDMD_ECP;KRDMD.E;2026-05-25;0.31;0.23;34.78;0.19;0.19;0.19;0.19;0.19;396000;1672;88;1;849;88;;;;;
2026-05-08;O_KRDMDE0526C46.00;KRDMD_05/2026_AVRUPA_OPSIYON;D_EQ;SSO;D_EQ_ECP;DE_KRDMD_ECP;KRDMD.E;2026-05-25;0.19;0.14;35.71;0;0;0;0;0;0;0;0;0;209;0;;;;;
2026-05-08;O_KRDMDE0526C47.00;KRDMD_05/2026_AVRUPA_OPSIYON;D_EQ;SSO;D_EQ_ECP;DE_KRDMD_ECP;KRDMD.E;2026-05-25;0.11;0.08;37.5;0;0;0;0;0;0;0;0;0;104;0;;;;;
2026-05-08;O_KRDMDE0526P24.50;KRDMD_05/2026_AVRUPA_OPSIYON;D_EQ;SSO;D_EQ_EPP;DE_KRDMD_EPP;KRDMD.E;2026-05-25;0.01;0.01;0;0;0;0;0;0;0;0;0;0;0;0;;;;;
2026-05-08;O_KRDMDE0526P25.00;KRDMD_05/2026_AVRUPA_OPSIYON;D_EQ;SSO;D_EQ_EPP;DE_KRDMD_EPP;KRDMD.E;2026-05-25;0.01;0.01;0;0;0;0;0;0;0;0;0;0;0;0;;;;;
2026-05-08;O_KRDMDE0526P26.00;KRDMD_05/2026_AVRUPA_OPSIYON;D_EQ;SSO;D_EQ_EPP;DE_KRDMD_EPP;KRDMD.E;2026-05-25;0.01;0.01;0;0;0;0;0;0;0;0;0;0;0;0;;;;;
2026-05-08;O_KRDMDE0526P27.00;KRDMD_05/2026_AVRUPA_OPSIYON;D_EQ;SSO;D_EQ_EPP;DE_KRDMD_EPP;KRDMD.E;2026-05-25;0.01;0.01;0;0;0;0;0;0;0;0;0;0;0;0;;;;;
2026-05-08;O_KRDMDE0526P28.00;KRDMD_05/2026_AVRUPA_OPSIYON;D_EQ;SSO;D_EQ_EPP;DE_KRDMD_EPP;KRDMD.E;2026-05-25;0.01;0.01;0;0;0;0;0;0;0;0;0;0;0;0;;;;;
2026-05-08;O_KRDMDE0526P29.00;KRDMD_05/2026_AVRUPA_OPSIYON;D_EQ;SSO;D_EQ_EPP;DE_KRDMD_EPP;KRDMD.E;2026-05-25;0.01;0.01;0;0;0;0;0;0;0;0;0;0;0;0;;;;;
2026-05-08;O_KRDMDE0526P30.00;KRDMD_05/2026_AVRUPA_OPSIYON;D_EQ;SSO;D_EQ_EPP;DE_KRDMD_EPP;KRDMD.E;2026-05-25;0.01;0.01;0;0;0;0;0;0;0;0;0;0;0;0;;;;;
2026-05-08;O_KRDMDE0526P31.00;KRDMD_05/2026_AVRUPA_OPSIYON;D_EQ;SSO;D_EQ_EPP;DE_KRDMD_EPP;KRDMD.E;2026-05-25;0.01;0.01;0;0;0;0;0;0;0;0;0;0;0;0;;;;;
2026-05-08;O_KRDMDE0526P32.00;KRDMD_05/2026_AVRUPA_OPSIYON;D_EQ;SSO;D_EQ_EPP;DE_KRDMD_EPP;KRDMD.E;2026-05-25;0.01;0.01;0;0;0;0;0;0;0;0;0;0;0;0;;;;;
2026-05-08;O_KRDMDE0526P33.00;KRDMD_05/2026_AVRUPA_OPSIYON;D_EQ;SSO;D_EQ_EPP;DE_KRDMD_EPP;KRDMD.E;2026-05-25;0.01;0.01;0;0;0;0;0;0;0;0;0;0;0;0;;;;;
2026-05-08;O_KRDMDE0526P34.00;KRDMD_05/2026_AVRUPA_OPSIYON;D_EQ;SSO;D_EQ_EPP;DE_KRDMD_EPP;KRDMD.E;2026-05-25;0.02;0.03;-33.33;0;0;0;0;0;0;0;0;0;0;0;;;;;
2026-05-08;O_KRDMDE0526P35.00;KRDMD_05/2026_AVRUPA_OPSIYON;D_EQ;SSO;D_EQ_EPP;DE_KRDMD_EPP;KRDMD.E;2026-05-25;0.04;0.07;-42.86;0;0;0;0;0;0;0;0;0;80;0;;;;;
2026-05-08;O_KRDMDE0526P36.00;KRDMD_05/2026_AVRUPA_OPSIYON;D_EQ;SSO;D_EQ_EPP;DE_KRDMD_EPP;KRDMD.E;2026-05-25;0.08;0.14;-42.86;0.16;0.13;0.16;0.13;0.13;669600;2421;186;2;436;186;;;;;
2026-05-08;O_KRDMDE0526P37.00;KRDMD_05/2026_AVRUPA_OPSIYON;D_EQ;SSO;D_EQ_EPP;DE_KRDMD_EPP;KRDMD.E;2026-05-25;0.17;0.27;-37.04;0.19;0.19;0.25;0.25;0.2;1742700;9286;471;4;2112;471;;;;;
2026-05-08;O_KRDMDE0526P38.00;KRDMD_05/2026_AVRUPA_OPSIYON;D_EQ;SSO;D_EQ_EPP;DE_KRDMD_EPP;KRDMD.E;2026-05-25;0.32;0.47;-31.91;0;0;0;0;0;0;0;0;0;258;0;;;;;
2026-05-08;O_KRDMDE0526P39.00;KRDMD_05/2026_AVRUPA_OPSIYON;D_EQ;SSO;D_EQ_EPP;DE_KRDMD_EPP;KRDMD.E;2026-05-25;0.54;0.76;-28.95;0;0;0;0;0;0;0;0;0;375;0;;;;;
2026-05-08;O_KRDMDE0526P40.00;KRDMD_05/2026_AVRUPA_OPSIYON;D_EQ;SSO;D_EQ_EPP;DE_KRDMD_EPP;KRDMD.E;2026-05-25;0.86;1.15;-25.22;0;0;0;0;0;0;0;0;0;475;0;;;;;
2026-05-08;O_KRDMDE0526P41.00;KRDMD_05/2026_AVRUPA_OPSIYON;D_EQ;SSO;D_EQ_EPP;DE_KRDMD_EPP;KRDMD.E;2026-05-25;1.29;1.66;-22.29;0;0;0;0;0;0;0;0;0;200;0;;;;;
2026-05-08;O_KRDMDE0526P42.00;KRDMD_05/2026_AVRUPA_OPSIYON;D_EQ;SSO;D_EQ_EPP;DE_KRDMD_EPP;KRDMD.E;2026-05-25;1.83;2.26;-19.03;0;0;0;0;0;0;0;0;0;100;0;;;;;
2026-05-08;O_KRDMDE0626C33.00;KRDMD_06/2026_AVRUPA_OPSIYON;D_EQ;SSO;D_EQ_ECP;DE_KRDMD_ECP;KRDMD.E;2026-06-30;9.39;8.74;7.44;0;0;0;0;0;0;0;0;0;0;0;;;;;
2026-05-08;O_KRDMDE0626C34.00;KRDMD_06/2026_AVRUPA_OPSIYON;D_EQ;SSO;D_EQ_ECP;DE_KRDMD_ECP;KRDMD.E;2026-06-30;8.51;7.87;8.13;0;0;0;0;0;0;0;0;0;0;0;;;;;
2026-05-08;O_KRDMDE0626C35.00;KRDMD_06/2026_AVRUPA_OPSIYON;D_EQ;SSO;D_EQ_ECP;DE_KRDMD_ECP;KRDMD.E;2026-06-30;7.65;7.03;8.82;0;0;0;0;0;0;0;0;0;0;0;;;;;
2026-05-08;O_KRDMDE0626C36.00;KRDMD_06/2026_AVRUPA_OPSIYON;D_EQ;SSO;D_EQ_ECP;DE_KRDMD_ECP;KRDMD.E;2026-06-30;6.83;6.23;9.63;0;0;0;0;0;0;0;0;0;0;0;;;;;
2026-05-08;O_KRDMDE0626C37.00;KRDMD_06/2026_AVRUPA_OPSIYON;D_EQ;SSO;D_EQ_ECP;DE_KRDMD_ECP;KRDMD.E;2026-06-30;6.04;5.47;10.42;0;0;0;0;0;0;0;0;0;0;0;;;;;
2026-05-08;O_KRDMDE0626C38.00;KRDMD_06/2026_AVRUPA_OPSIYON;D_EQ;SSO;D_EQ_ECP;DE_KRDMD_ECP;KRDMD.E;2026-06-30;5.3;4.77;11.11;0;0;0;0;0;0;0;0;0;0;0;;;;;
2026-05-08;O_KRDMDE0626C39.00;KRDMD_06/2026_AVRUPA_OPSIYON;D_EQ;SSO;D_EQ_ECP;DE_KRDMD_ECP;KRDMD.E;2026-06-30;4.61;4.11;12.17;0;0;0;0;0;0;0;0;0;0;0;;;;;
2026-05-08;O_KRDMDE0626C40.00;KRDMD_06/2026_AVRUPA_OPSIYON;D_EQ;SSO;D_EQ_ECP;DE_KRDMD_ECP;KRDMD.E;2026-06-30;3.97;3.52;12.78;0;0;0;0;0;0;0;0;0;0;0;;;;;
2026-05-08;O_KRDMDE0626C41.00;KRDMD_06/2026_AVRUPA_OPSIYON;D_EQ;SSO;D_EQ_ECP;DE_KRDMD_ECP;KRDMD.E;2026-06-30;3.39;2.98;13.76;0;0;0;0;0;0;0;0;0;0;0;;;;;
2026-05-08;O_KRDMDE0626C42.00;KRDMD_06/2026_AVRUPA_OPSIYON;D_EQ;SSO;D_EQ_ECP;DE_KRDMD_ECP;KRDMD.E;2026-06-30;2.87;2.5;14.8;0;0;0;0;0;0;0;0;0;0;0;;;;;
2026-05-08;O_KRDMDE0626C43.00;KRDMD_06/2026_AVRUPA_OPSIYON;D_EQ;SSO;D_EQ_ECP;DE_KRDMD_ECP;KRDMD.E;2026-06-30;2.41;2.08;15.87;0;0;0;0;0;0;0;0;0;50;0;;;;;
2026-05-08;O_KRDMDE0626C44.00;KRDMD_06/2026_AVRUPA_OPSIYON;D_EQ;SSO;D_EQ_ECP;DE_KRDMD_ECP;KRDMD.E;2026-06-30;2;1.71;16.96;0;0;0;0;0;0;0;0;0;25;0;;;;;
2026-05-08;O_KRDMDE0626C45.00;KRDMD_06/2026_AVRUPA_OPSIYON;D_EQ;SSO;D_EQ_ECP;DE_KRDMD_ECP;KRDMD.E;2026-06-30;1.65;1.4;17.86;0;0;0;0;0;0;0;0;0;75;0;;;;;
2026-05-08;O_KRDMDE0626C46.00;KRDMD_06/2026_AVRUPA_OPSIYON;D_EQ;SSO;D_EQ_ECP;DE_KRDMD_ECP;KRDMD.E;2026-06-30;1.35;1.13;19.47;0;0;0;0;0;0;0;0;0;0;0;;;;;
2026-05-08;O_KRDMDE0626C47.00;KRDMD_06/2026_AVRUPA_OPSIYON;D_EQ;SSO;D_EQ_ECP;DE_KRDMD_ECP;KRDMD.E;2026-06-30;1.1;0.91;20.88;0;0;0;0;0;0;0;0;0;0;0;;;;;
2026-05-08;O_KRDMDE0626C48.00;KRDMD_06/2026_AVRUPA_OPSIYON;D_EQ;SSO;D_EQ_ECP;DE_KRDMD_ECP;KRDMD.E;2026-06-30;0.88;0.73;20.55;0;0;0;0;0;0;0;0;0;0;0;;;;;
2026-05-08;O_KRDMDE0626C49.00;KRDMD_06/2026_AVRUPA_OPSIYON;D_EQ;SSO;D_EQ_ECP;DE_KRDMD_ECP;KRDMD.E;2026-06-30;0.7;0.57;22.81;0;0;0;0;0;0;0;0;0;0;0;;;;;
2026-05-08;O_KRDMDE0626P28.00;KRDMD_06/2026_AVRUPA_OPSIYON;D_EQ;SSO;D_EQ_EPP;DE_KRDMD_EPP;KRDMD.E;2026-06-30;0.01;0.01;0;0;0;0;0;0;0;0;0;0;0;0;;;;;
2026-05-08;O_KRDMDE0626P29.00;KRDMD_06/2026_AVRUPA_OPSIYON;D_EQ;SSO;D_EQ_EPP;DE_KRDMD_EPP;KRDMD.E;2026-06-30;0.01;0.01;0;0;0;0;0;0;0;0;0;0;0;0;;;;;
2026-05-08;O_KRDMDE0626P30.00;KRDMD_06/2026_AVRUPA_OPSIYON;D_EQ;SSO;D_EQ_EPP;DE_KRDMD_EPP;KRDMD.E;2026-06-30;0.02;0.03;-33.33;0;0;0;0;0;0;0;0;0;0;0;;;;;
2026-05-08;O_KRDMDE0626P31.00;KRDMD_06/2026_AVRUPA_OPSIYON;D_EQ;SSO;D_EQ_EPP;DE_KRDMD_EPP;KRDMD.E;2026-06-30;0.03;0.05;-40;0;0;0;0;0;0;0;0;0;0;0;;;;;
2026-05-08;O_KRDMDE0626P32.00;KRDMD_06/2026_AVRUPA_OPSIYON;D_EQ;SSO;D_EQ_EPP;DE_KRDMD_EPP;KRDMD.E;2026-06-30;0.06;0.08;-25;0;0;0;0;0;0;0;0;0;0;0;;;;;
2026-05-08;O_KRDMDE0626P33.00;KRDMD_06/2026_AVRUPA_OPSIYON;D_EQ;SSO;D_EQ_EPP;DE_KRDMD_EPP;KRDMD.E;2026-06-30;0.1;0.13;-23.08;0;0;0;0;0;0;0;0;0;0;0;;;;;
2026-05-08;O_KRDMDE0626P34.00;KRDMD_06/2026_AVRUPA_OPSIYON;D_EQ;SSO;D_EQ_EPP;DE_KRDMD_EPP;KRDMD.E;2026-06-30;0.16;0.21;-23.81;0;0;0;0;0;0;0;0;0;0;0;;;;;
2026-05-08;O_KRDMDE0626P35.00;KRDMD_06/2026_AVRUPA_OPSIYON;D_EQ;SSO;D_EQ_EPP;DE_KRDMD_EPP;KRDMD.E;2026-06-30;0.25;0.32;-21.88;0;0;0;0;0;0;0;0;0;0;0;;;;;
2026-05-08;O_KRDMDE0626P36.00;KRDMD_06/2026_AVRUPA_OPSIYON;D_EQ;SSO;D_EQ_EPP;DE_KRDMD_EPP;KRDMD.E;2026-06-30;0.37;0.46;-19.57;0;0;0;0;0;0;0;0;0;0;0;;;;;
2026-05-08;O_KRDMDE0626P37.00;KRDMD_06/2026_AVRUPA_OPSIYON;D_EQ;SSO;D_EQ_EPP;DE_KRDMD_EPP;KRDMD.E;2026-06-30;0.53;0.65;-18.46;0;0;0;0;0;0;0;0;0;0;0;;;;;
2026-05-08;O_KRDMDE0626P38.00;KRDMD_06/2026_AVRUPA_OPSIYON;D_EQ;SSO;D_EQ_EPP;DE_KRDMD_EPP;KRDMD.E;2026-06-30;0.74;0.89;-16.85;0;0;0;0;0;0;0;0;0;0;0;;;;;
2026-05-08;O_KRDMDE0626P39.00;KRDMD_06/2026_AVRUPA_OPSIYON;D_EQ;SSO;D_EQ_EPP;DE_KRDMD_EPP;KRDMD.E;2026-06-30;0.99;1.18;-16.1;0;0;0;0;0;0;0;0;0;0;0;;;;;
2026-05-08;O_KRDMDE0626P40.00;KRDMD_06/2026_AVRUPA_OPSIYON;D_EQ;SSO;D_EQ_EPP;DE_KRDMD_EPP;KRDMD.E;2026-06-30;1.31;1.53;-14.38;0;0;0;0;0;0;0;0;0;0;0;;;;;
2026-05-08;O_KRDMDE0626P41.00;KRDMD_06/2026_AVRUPA_OPSIYON;D_EQ;SSO;D_EQ_EPP;DE_KRDMD_EPP;KRDMD.E;2026-06-30;1.67;1.94;-13.92;0;0;0;0;0;0;0;0;0;0;0;;;;;
2026-05-08;O_KRDMDE0626P42.00;KRDMD_06/2026_AVRUPA_OPSIYON;D_EQ;SSO;D_EQ_EPP;DE_KRDMD_EPP;KRDMD.E;2026-06-30;2.1;2.4;-12.5;0;0;0;0;0;0;0;0;0;75;0;;;;;
2026-05-08;O_KRDMDE0626P43.00;KRDMD_06/2026_AVRUPA_OPSIYON;D_EQ;SSO;D_EQ_EPP;DE_KRDMD_EPP;KRDMD.E;2026-06-30;2.58;2.93;-11.95;0;0;0;0;0;0;0;0;0;0;0;;;;;
2026-05-08;O_KRDMDE0626P44.00;KRDMD_06/2026_AVRUPA_OPSIYON;D_EQ;SSO;D_EQ_EPP;DE_KRDMD_EPP;KRDMD.E;2026-06-30;3.12;3.51;-11.11;0;0;0;0;0;0;0;0;0;0;0;;;;;
2026-05-08;O_KRDMDE0726C41.00;KRDMD_07/2026_AVRUPA_OPSIYON;D_EQ;SSO;D_EQ_ECP;DE_KRDMD_ECP;KRDMD.E;2026-07-31;5.16;4.68;10.26;0;0;0;0;0;0;0;0;0;0;0;;;;;
2026-05-08;O_KRDMDE0726C42.00;KRDMD_07/2026_AVRUPA_OPSIYON;D_EQ;SSO;D_EQ_ECP;DE_KRDMD_ECP;KRDMD.E;2026-07-31;4.59;4.14;10.87;0;0;0;0;0;0;0;0;0;0;0;;;;;
2026-05-08;O_KRDMDE0726C43.00;KRDMD_07/2026_AVRUPA_OPSIYON;D_EQ;SSO;D_EQ_ECP;DE_KRDMD_ECP;KRDMD.E;2026-07-31;4.07;3.65;11.51;0;0;0;0;0;0;0;0;0;0;0;;;;;
2026-05-08;O_KRDMDE0726C44.00;KRDMD_07/2026_AVRUPA_OPSIYON;D_EQ;SSO;D_EQ_ECP;DE_KRDMD_ECP;KRDMD.E;2026-07-31;3.59;3.2;12.19;0;0;0;0;0;0;0;0;0;0;0;;;;;
2026-05-08;O_KRDMDE0726C45.00;KRDMD_07/2026_AVRUPA_OPSIYON;D_EQ;SSO;D_EQ_ECP;DE_KRDMD_ECP;KRDMD.E;2026-07-31;3.15;2.8;12.5;0;0;0;0;0;0;0;0;0;0;0;;;;;
2026-05-08;O_KRDMDE0726C46.00;KRDMD_07/2026_AVRUPA_OPSIYON;D_EQ;SSO;D_EQ_ECP;DE_KRDMD_ECP;KRDMD.E;2026-07-31;2.76;2.43;13.58;0;0;0;0;0;0;0;0;0;0;0;;;;;
2026-05-08;O_KRDMDE0726C47.00;KRDMD_07/2026_AVRUPA_OPSIYON;D_EQ;SSO;D_EQ_ECP;DE_KRDMD_ECP;KRDMD.E;2026-07-31;2.4;2.1;14.29;0;0;0;0;0;0;0;0;0;0;0;;;;;
2026-05-08;O_KRDMDE0726C48.00;KRDMD_07/2026_AVRUPA_OPSIYON;D_EQ;SSO;D_EQ_ECP;DE_KRDMD_ECP;KRDMD.E;2026-07-31;2.08;1.81;14.92;0;0;0;0;0;0;0;0;0;0;0;;;;;
2026-05-08;O_KRDMDE0726C49.00;KRDMD_07/2026_AVRUPA_OPSIYON;D_EQ;SSO;D_EQ_ECP;DE_KRDMD_ECP;KRDMD.E;2026-07-31;1.79;1.56;14.74;0;0;0;0;0;0;0;0;0;0;0;;;;;
2026-05-08;O_KRDMDE0726C50.00;KRDMD_07/2026_AVRUPA_OPSIYON;D_EQ;SSO;D_EQ_ECP;DE_KRDMD_ECP;KRDMD.E;2026-07-31;1.54;1.33;15.79;0;0;0;0;0;0;0;0;0;0;0;;;;;
2026-05-08;O_KRDMDE0726P36.00;KRDMD_07/2026_AVRUPA_OPSIYON;D_EQ;SSO;D_EQ_EPP;DE_KRDMD_EPP;KRDMD.E;2026-07-31;0.43;0.51;-15.69;0;0;0;0;0;0;0;0;0;0;0;;;;;
2026-05-08;O_KRDMDE0726P37.00;KRDMD_07/2026_AVRUPA_OPSIYON;D_EQ;SSO;D_EQ_EPP;DE_KRDMD_EPP;KRDMD.E;2026-07-31;0.58;0.67;-13.43;0;0;0;0;0;0;0;0;0;0;0;;;;;
2026-05-08;O_KRDMDE0726P38.00;KRDMD_07/2026_AVRUPA_OPSIYON;D_EQ;SSO;D_EQ_EPP;DE_KRDMD_EPP;KRDMD.E;2026-07-31;0.76;0.87;-12.64;0;0;0;0;0;0;0;0;0;0;0;;;;;
2026-05-08;O_KRDMDE0726P39.00;KRDMD_07/2026_AVRUPA_OPSIYON;D_EQ;SSO;D_EQ_EPP;DE_KRDMD_EPP;KRDMD.E;2026-07-31;0.97;1.11;-12.61;0;0;0;0;0;0;0;0;0;0;0;;;;;
2026-05-08;O_KRDMDE0726P40.00;KRDMD_07/2026_AVRUPA_OPSIYON;D_EQ;SSO;D_EQ_EPP;DE_KRDMD_EPP;KRDMD.E;2026-07-31;1.22;1.39;-12.23;0;0;0;0;0;0;0;0;0;0;0;;;;;
2026-05-08;O_KRDMDE0726P41.00;KRDMD_07/2026_AVRUPA_OPSIYON;D_EQ;SSO;D_EQ_EPP;DE_KRDMD_EPP;KRDMD.E;2026-07-31;1.52;1.71;-11.11;0;0;0;0;0;0;0;0;0;0;0;;;;;
2026-05-08;O_KRDMDE0726P42.00;KRDMD_07/2026_AVRUPA_OPSIYON;D_EQ;SSO;D_EQ_EPP;DE_KRDMD_EPP;KRDMD.E;2026-07-31;1.85;2.08;-11.06;0;0;0;0;0;0;0;0;0;0;0;;;;;
2026-05-08;O_KRDMDE0726P43.00;KRDMD_07/2026_AVRUPA_OPSIYON;D_EQ;SSO;D_EQ_EPP;DE_KRDMD_EPP;KRDMD.E;2026-07-31;2.23;2.48;-10.08;0;0;0;0;0;0;0;0;0;0;0;;;;;
2026-05-08;O_KRDMDE0726P44.00;KRDMD_07/2026_AVRUPA_OPSIYON;D_EQ;SSO;D_EQ_EPP;DE_KRDMD_EPP;KRDMD.E;2026-07-31;2.65;2.93;-9.56;0;0;0;0;0;0;0;0;0;0;0;;;;;
2026-05-08;O_KRDMDE0726P45.00;KRDMD_07/2026_AVRUPA_OPSIYON;D_EQ;SSO;D_EQ_EPP;DE_KRDMD_EPP;KRDMD.E;2026-07-31;3.11;3.43;-9.33;0;0;0;0;0;0;0;0;0;0;0;;;;;
2026-05-08;O_PETKME0526C18.00;PETKM_05/2026_AVRUPA_OPSIYON;D_EQ;SSO;D_EQ_ECP;DE_PETKM_ECP;PETKM.E;2026-05-25;7.04;6.1;15.41;0;0;0;0;0;0;0;0;0;0;0;;;;;
2026-05-08;O_PETKME0526C18.50;PETKM_05/2026_AVRUPA_OPSIYON;D_EQ;SSO;D_EQ_ECP;DE_PETKM_ECP;PETKM.E;2026-05-25;6.55;5.61;16.76;0;0;0;0;0;0;0;0;0;0;0;;;;;
2026-05-08;O_PETKME0526C19.00;PETKM_05/2026_AVRUPA_OPSIYON;D_EQ;SSO;D_EQ_ECP;DE_PETKM_ECP;PETKM.E;2026-05-25;6.05;5.12;18.16;0;0;0;0;0;0;0;0;0;1;0;;;;;
2026-05-08;O_PETKME0526C19.50;PETKM_05/2026_AVRUPA_OPSIYON;D_EQ;SSO;D_EQ_ECP;DE_PETKM_ECP;PETKM.E;2026-05-25;5.57;4.64;20.04;0;0;0;0;0;0;0;0;0;0;0;;;;;
2026-05-08;O_PETKME0526C20.00;PETKM_05/2026_AVRUPA_OPSIYON;D_EQ;SSO;D_EQ_ECP;DE_PETKM_ECP;PETKM.E;2026-05-25;5.08;4.16;22.12;0;0;0;0;0;0;0;0;0;1;0;;;;;
2026-05-08;O_PETKME0526C20.50;PETKM_05/2026_AVRUPA_OPSIYON;D_EQ;SSO;D_EQ_ECP;DE_PETKM_ECP;PETKM.E;2026-05-25;4.6;3.69;24.66;0;0;0;0;0;0;0;0;0;2;0;;;;;
2026-05-08;O_PETKME0526C21.00;PETKM_05/2026_AVRUPA_OPSIYON;D_EQ;SSO;D_EQ_ECP;DE_PETKM_ECP;PETKM.E;2026-05-25;4.12;3.24;27.16;0;0;0;0;0;0;0;0;0;1;0;;;;;
2026-05-08;O_PETKME0526C21.50;PETKM_05/2026_AVRUPA_OPSIYON;D_EQ;SSO;D_EQ_ECP;DE_PETKM_ECP;PETKM.E;2026-05-25;3.65;2.8;30.36;0;0;0;0;0;0;0;0;0;2;0;;;;;
2026-05-08;O_PETKME0526C22.00;PETKM_05/2026_AVRUPA_OPSIYON;D_EQ;SSO;D_EQ_ECP;DE_PETKM_ECP;PETKM.E;2026-05-25;3.2;2.39;33.89;0;0;0;0;0;0;0;0;0;100;0;;;;;
2026-05-08;O_PETKME0526C22.50;PETKM_05/2026_AVRUPA_OPSIYON;D_EQ;SSO;D_EQ_ECP;DE_PETKM_ECP;PETKM.E;2026-05-25;2.77;2.01;37.81;0;0;0;0;0;0;0;0;0;101;0;;;;;
2026-05-08;O_PETKME0526C23.00;PETKM_05/2026_AVRUPA_OPSIYON;D_EQ;SSO;D_EQ_ECP;DE_PETKM_ECP;PETKM.E;2026-05-25;2.36;1.66;42.17;0;0;0;0;0;0;0;0;0;894;0;;;;;
2026-05-08;O_PETKME0526C23.50;PETKM_05/2026_AVRUPA_OPSIYON;D_EQ;SSO;D_EQ_ECP;DE_PETKM_ECP;PETKM.E;2026-05-25;1.98;1.35;46.67;1.54;1.54;1.54;1.54;1.54;2350;154;1;1;767;1;;;;;
2026-05-08;O_PETKME0526C24.00;PETKM_05/2026_AVRUPA_OPSIYON;D_EQ;SSO;D_EQ_ECP;DE_PETKM_ECP;PETKM.E;2026-05-25;1.63;1.07;52.34;0;0;0;0;0;0;0;0;0;0;0;;;;;
2026-05-08;O_PETKME0526C24.50;PETKM_05/2026_AVRUPA_OPSIYON;D_EQ;SSO;D_EQ_ECP;DE_PETKM_ECP;PETKM.E;2026-05-25;1.32;0.84;57.14;1.29;1.29;1.29;1.29;1.29;490000;25800;200;2;200;200;;;;;
2026-05-08;O_PETKME0526C25.00;PETKM_05/2026_AVRUPA_OPSIYON;D_EQ;SSO;D_EQ_ECP;DE_PETKM_ECP;PETKM.E;2026-05-25;1.06;0.65;63.08;0.97;0.97;1.02;1.02;1;500000;19900;200;2;11606;0;;;;;
2026-05-08;O_PETKME0526C26.00;PETKM_05/2026_AVRUPA_OPSIYON;D_EQ;SSO;D_EQ_ECP;DE_PETKM_ECP;PETKM.E;2026-05-25;0.64;0.36;77.78;0.6;0.6;0.6;0.6;0.6;260000;6000;100;1;3183;0;;;;;
2026-05-08;O_PETKME0526C27.00;PETKM_05/2026_AVRUPA_OPSIYON;D_EQ;SSO;D_EQ_ECP;DE_PETKM_ECP;PETKM.E;2026-05-25;0.36;0.19;89.47;0;0;0;0;0;0;0;0;0;963;0;;;;;
2026-05-08;O_PETKME0526C28.00;PETKM_05/2026_AVRUPA_OPSIYON;D_EQ;SSO;D_EQ_ECP;DE_PETKM_ECP;PETKM.E;2026-05-25;0.18;0.09;100;0;0;0;0;0;0;0;0;0;1149;0;;;;;
2026-05-08;O_PETKME0526C29.00;PETKM_05/2026_AVRUPA_OPSIYON;D_EQ;SSO;D_EQ_ECP;DE_PETKM_ECP;PETKM.E;2026-05-25;0.09;0.04;125;0;0;0;0;0;0;0;0;0;240;0;;;;;
2026-05-08;O_PETKME0526C30.00;PETKM_05/2026_AVRUPA_OPSIYON;D_EQ;SSO;D_EQ_ECP;DE_PETKM_ECP;PETKM.E;2026-05-25;0.04;0.02;100;0;0;0;0;0;0;0;0;0;0;0;;;;;
2026-05-08;O_PETKME0526C31.00;PETKM_05/2026_AVRUPA_OPSIYON;D_EQ;SSO;D_EQ_ECP;DE_PETKM_ECP;PETKM.E;2026-05-25;0.02;0.01;100;0;0;0;0;0;0;0;0;0;0;0;;;;;
2026-05-08;O_PETKME0526C32.00;PETKM_05/2026_AVRUPA_OPSIYON;D_EQ;SSO;D_EQ_ECP;DE_PETKM_ECP;PETKM.E;2026-05-25;0.01;0.01;0;0;0;0;0;0;0;0;0;0;0;0;;;;;
2026-05-08;O_PETKME0526P15.50;PETKM_05/2026_AVRUPA_OPSIYON;D_EQ;SSO;D_EQ_EPP;DE_PETKM_EPP;PETKM.E;2026-05-25;0.01;0.01;0;0;0;0;0;0;0;0;0;0;0;0;;;;;
2026-05-08;O_PETKME0526P16.00;PETKM_05/2026_AVRUPA_OPSIYON;D_EQ;SSO;D_EQ_EPP;DE_PETKM_EPP;PETKM.E;2026-05-25;0.01;0.01;0;0;0;0;0;0;0;0;0;0;0;0;;;;;
2026-05-08;O_PETKME0526P16.50;PETKM_05/2026_AVRUPA_OPSIYON;D_EQ;SSO;D_EQ_EPP;DE_PETKM_EPP;PETKM.E;2026-05-25;0.01;0.01;0;0;0;0;0;0;0;0;0;0;0;0;;;;;
2026-05-08;O_PETKME0526P17.00;PETKM_05/2026_AVRUPA_OPSIYON;D_EQ;SSO;D_EQ_EPP;DE_PETKM_EPP;PETKM.E;2026-05-25;0.01;0.01;0;0;0;0;0;0;0;0;0;0;0;0;;;;;
2026-05-08;O_PETKME0526P17.50;PETKM_05/2026_AVRUPA_OPSIYON;D_EQ;SSO;D_EQ_EPP;DE_PETKM_EPP;PETKM.E;2026-05-25;0.01;0.01;0;0;0;0;0;0;0;0;0;0;0;0;;;;;
2026-05-08;O_PETKME0526P18.00;PETKM_05/2026_AVRUPA_OPSIYON;D_EQ;SSO;D_EQ_EPP;DE_PETKM_EPP;PETKM.E;2026-05-25;0.01;0.01;0;0;0;0;0;0;0;0;0;0;0;0;;;;;
2026-05-08;O_PETKME0526P18.50;PETKM_05/2026_AVRUPA_OPSIYON;D_EQ;SSO;D_EQ_EPP;DE_PETKM_EPP;PETKM.E;2026-05-25;0.01;0.01;0;0;0;0;0;0;0;0;0;0;0;0;;;;;
2026-05-08;O_PETKME0526P19.00;PETKM_05/2026_AVRUPA_OPSIYON;D_EQ;SSO;D_EQ_EPP;DE_PETKM_EPP;PETKM.E;2026-05-25;0.01;0.01;0;0;0;0;0;0;0;0;0;0;0;0;;;;;
2026-05-08;O_PETKME0526P19.50;PETKM_05/2026_AVRUPA_OPSIYON;D_EQ;SSO;D_EQ_EPP;DE_PETKM_EPP;PETKM.E;2026-05-25;0.01;0.01;0;0;0;0;0;0;0;0;0;0;0;0;;;;;
2026-05-08;O_PETKME0526P20.00;PETKM_05/2026_AVRUPA_OPSIYON;D_EQ;SSO;D_EQ_EPP;DE_PETKM_EPP;PETKM.E;2026-05-25;0.01;0.03;-66.67;0;0;0;0;0;0;0;0;0;246;0;;;;;
2026-05-08;O_PETKME0526P20.50;PETKM_05/2026_AVRUPA_OPSIYON;D_EQ;SSO;D_EQ_EPP;DE_PETKM_EPP;PETKM.E;2026-05-25;0.02;0.05;-60;0;0;0;0;0;0;0;0;0;799;0;;;;;
2026-05-08;O_PETKME0526P21.00;PETKM_05/2026_AVRUPA_OPSIYON;D_EQ;SSO;D_EQ_EPP;DE_PETKM_EPP;PETKM.E;2026-05-25;0.03;0.09;-66.67;0;0;0;0;0;0;0;0;0;13;0;;;;;
2026-05-08;O_PETKME0526P21.50;PETKM_05/2026_AVRUPA_OPSIYON;D_EQ;SSO;D_EQ_EPP;DE_PETKM_EPP;PETKM.E;2026-05-25;0.05;0.14;-64.29;0.11;0.09;0.11;0.1;0.1;15050;69;7;7;344;7;;;;;
2026-05-08;O_PETKME0526P22.00;PETKM_05/2026_AVRUPA_OPSIYON;D_EQ;SSO;D_EQ_EPP;DE_PETKM_EPP;PETKM.E;2026-05-25;0.09;0.22;-59.09;0;0;0;0;0;0;0;0;0;264;0;;;;;
2026-05-08;O_PETKME0526P22.50;PETKM_05/2026_AVRUPA_OPSIYON;D_EQ;SSO;D_EQ_EPP;DE_PETKM_EPP;PETKM.E;2026-05-25;0.15;0.33;-54.55;0;0;0;0;0;0;0;0;0;311;0;;;;;
2026-05-08;O_PETKME0526P23.00;PETKM_05/2026_AVRUPA_OPSIYON;D_EQ;SSO;D_EQ_EPP;DE_PETKM_EPP;PETKM.E;2026-05-25;0.23;0.47;-51.06;0;0;0;0;0;0;0;0;0;5000;0;;;;;
2026-05-08;O_PETKME0526P23.50;PETKM_05/2026_AVRUPA_OPSIYON;D_EQ;SSO;D_EQ_EPP;DE_PETKM_EPP;PETKM.E;2026-05-25;0.34;0.65;-47.69;0;0;0;0;0;0;0;0;0;100;0;;;;;
2026-05-08;O_PETKME0526P24.00;PETKM_05/2026_AVRUPA_OPSIYON;D_EQ;SSO;D_EQ_EPP;DE_PETKM_EPP;PETKM.E;2026-05-25;0.49;0.87;-43.68;0;0;0;0;0;0;0;0;0;500;0;;;;;
2026-05-08;O_PETKME0526P24.50;PETKM_05/2026_AVRUPA_OPSIYON;D_EQ;SSO;D_EQ_EPP;DE_PETKM_EPP;PETKM.E;2026-05-25;0.67;1.13;-40.71;0;0;0;0;0;0;0;0;0;0;0;;;;;
2026-05-08;O_PETKME0526P25.00;PETKM_05/2026_AVRUPA_OPSIYON;D_EQ;SSO;D_EQ_EPP;DE_PETKM_EPP;PETKM.E;2026-05-25;0.9;1.42;-36.62;0;0;0;0;0;0;0;0;0;200;0;;;;;
2026-05-08;O_PETKME0526P26.00;PETKM_05/2026_AVRUPA_OPSIYON;D_EQ;SSO;D_EQ_EPP;DE_PETKM_EPP;PETKM.E;2026-05-25;1.46;2.12;-31.13;0;0;0;0;0;0;0;0;0;100;0;;;;;
2026-05-08;O_PETKME0526P27.00;PETKM_05/2026_AVRUPA_OPSIYON;D_EQ;SSO;D_EQ_EPP;DE_PETKM_EPP;PETKM.E;2026-05-25;2.16;2.93;-26.28;0;0;0;0;0;0;0;0;0;0;0;;;;;
2026-05-08;O_PETKME0626C21.50;PETKM_06/2026_AVRUPA_OPSIYON;D_EQ;SSO;D_EQ_ECP;DE_PETKM_ECP;PETKM.E;2026-06-30;4.64;3.84;20.83;0;0;0;0;0;0;0;0;0;0;0;;;;;
2026-05-08;O_PETKME0626C22.00;PETKM_06/2026_AVRUPA_OPSIYON;D_EQ;SSO;D_EQ_ECP;DE_PETKM_ECP;PETKM.E;2026-06-30;4.24;3.48;21.84;0;0;0;0;0;0;0;0;0;0;0;;;;;
2026-05-08;O_PETKME0626C22.50;PETKM_06/2026_AVRUPA_OPSIYON;D_EQ;SSO;D_EQ_ECP;DE_PETKM_ECP;PETKM.E;2026-06-30;3.87;3.14;23.25;0;0;0;0;0;0;0;0;0;0;0;;;;;
2026-05-08;O_PETKME0626C23.00;PETKM_06/2026_AVRUPA_OPSIYON;D_EQ;SSO;D_EQ_ECP;DE_PETKM_ECP;PETKM.E;2026-06-30;3.51;2.82;24.47;0;0;0;0;0;0;0;0;0;200;0;;;;;
2026-05-08;O_PETKME0626C23.50;PETKM_06/2026_AVRUPA_OPSIYON;D_EQ;SSO;D_EQ_ECP;DE_PETKM_ECP;PETKM.E;2026-06-30;3.17;2.52;25.79;0;0;0;0;0;0;0;0;0;0;0;;;;;
2026-05-08;O_PETKME0626C24.00;PETKM_06/2026_AVRUPA_OPSIYON;D_EQ;SSO;D_EQ_ECP;DE_PETKM_ECP;PETKM.E;2026-06-30;2.85;2.24;27.23;0;0;0;0;0;0;0;0;0;0;0;;;;;
2026-05-08;O_PETKME0626C24.50;PETKM_06/2026_AVRUPA_OPSIYON;D_EQ;SSO;D_EQ_ECP;DE_PETKM_ECP;PETKM.E;2026-06-30;2.55;1.98;28.79;0;0;0;0;0;0;0;0;0;0;0;;;;;
2026-05-08;O_PETKME0626C25.00;PETKM_06/2026_AVRUPA_OPSIYON;D_EQ;SSO;D_EQ_ECP;DE_PETKM_ECP;PETKM.E;2026-06-30;2.27;1.74;30.46;0;0;0;0;0;0;0;0;0;0;0;;;;;
2026-05-08;O_PETKME0626C26.00;PETKM_06/2026_AVRUPA_OPSIYON;D_EQ;SSO;D_EQ_ECP;DE_PETKM_ECP;PETKM.E;2026-06-30;1.78;1.33;33.83;0;0;0;0;0;0;0;0;0;0;0;;;;;
2026-05-08;O_PETKME0626C27.00;PETKM_06/2026_AVRUPA_OPSIYON;D_EQ;SSO;D_EQ_ECP;DE_PETKM_ECP;PETKM.E;2026-06-30;1.37;1;37;0.64;0.64;0.67;0.67;0.66;270000;6550;100;2;5100;100;;;;;
2026-05-08;O_PETKME0626C28.00;PETKM_06/2026_AVRUPA_OPSIYON;D_EQ;SSO;D_EQ_ECP;DE_PETKM_ECP;PETKM.E;2026-06-30;1.04;0.74;40.54;0.57;0.57;0.57;0.57;0.57;140000;2850;50;1;50;50;;;;;
2026-05-08;O_PETKME0626C29.00;PETKM_06/2026_AVRUPA_OPSIYON;D_EQ;SSO;D_EQ_ECP;DE_PETKM_ECP;PETKM.E;2026-06-30;0.77;0.54;42.59;0;0;0;0;0;0;0;0;0;6;0;;;;;
2026-05-08;O_PETKME0626C30.00;PETKM_06/2026_AVRUPA_OPSIYON;D_EQ;SSO;D_EQ_ECP;DE_PETKM_ECP;PETKM.E;2026-06-30;0.57;0.39;46.15;0.26;0.26;0.26;0.26;0.26;3000;26;1;1;7;1;;;;;
2026-05-08;O_PETKME0626C31.00;PETKM_06/2026_AVRUPA_OPSIYON;D_EQ;SSO;D_EQ_ECP;DE_PETKM_ECP;PETKM.E;2026-06-30;0.41;0.27;51.85;0.16;0.16;0.16;0.16;0.16;3100;16;1;1;1;1;;;;;
2026-05-08;O_PETKME0626C32.00;PETKM_06/2026_AVRUPA_OPSIYON;D_EQ;SSO;D_EQ_ECP;DE_PETKM_ECP;PETKM.E;2026-06-30;0.29;0.19;52.63;0;0;0;0;0;0;0;0;0;0;0;;;;;
2026-05-08;O_PETKME0626C33.00;PETKM_06/2026_AVRUPA_OPSIYON;D_EQ;SSO;D_EQ_ECP;DE_PETKM_ECP;PETKM.E;2026-06-30;0.2;0.13;53.85;0;0;0;0;0;0;0;0;0;0;0;;;;;
2026-05-08;O_PETKME0626P19.00;PETKM_06/2026_AVRUPA_OPSIYON;D_EQ;SSO;D_EQ_EPP;DE_PETKM_EPP;PETKM.E;2026-06-30;0.05;0.09;-44.44;0;0;0;0;0;0;0;0;0;0;0;;;;;
2026-05-08;O_PETKME0626P19.50;PETKM_06/2026_AVRUPA_OPSIYON;D_EQ;SSO;D_EQ_EPP;DE_PETKM_EPP;PETKM.E;2026-06-30;0.07;0.13;-46.15;0;0;0;0;0;0;0;0;0;0;0;;;;;
2026-05-08;O_PETKME0626P20.00;PETKM_06/2026_AVRUPA_OPSIYON;D_EQ;SSO;D_EQ_EPP;DE_PETKM_EPP;PETKM.E;2026-06-30;0.1;0.18;-44.44;0;0;0;0;0;0;0;0;0;19;0;;;;;
2026-05-08;O_PETKME0626P20.50;PETKM_06/2026_AVRUPA_OPSIYON;D_EQ;SSO;D_EQ_EPP;DE_PETKM_EPP;PETKM.E;2026-06-30;0.14;0.24;-41.67;0;0;0;0;0;0;0;0;0;8;0;;;;;
2026-05-08;O_PETKME0626P21.00;PETKM_06/2026_AVRUPA_OPSIYON;D_EQ;SSO;D_EQ_EPP;DE_PETKM_EPP;PETKM.E;2026-06-30;0.2;0.31;-35.48;0;0;0;0;0;0;0;0;0;5;0;;;;;
2026-05-08;O_PETKME0626P21.50;PETKM_06/2026_AVRUPA_OPSIYON;D_EQ;SSO;D_EQ_EPP;DE_PETKM_EPP;PETKM.E;2026-06-30;0.26;0.41;-36.59;0;0;0;0;0;0;0;0;0;0;0;;;;;
2026-05-08;O_PETKME0626P22.00;PETKM_06/2026_AVRUPA_OPSIYON;D_EQ;SSO;D_EQ_EPP;DE_PETKM_EPP;PETKM.E;2026-06-30;0.34;0.52;-34.62;0;0;0;0;0;0;0;0;0;0;0;;;;;
2026-05-08;O_PETKME0626P22.50;PETKM_06/2026_AVRUPA_OPSIYON;D_EQ;SSO;D_EQ_EPP;DE_PETKM_EPP;PETKM.E;2026-06-30;0.44;0.65;-32.31;0;0;0;0;0;0;0;0;0;0;0;;;;;
2026-05-08;O_PETKME0626P23.00;PETKM_06/2026_AVRUPA_OPSIYON;D_EQ;SSO;D_EQ_EPP;DE_PETKM_EPP;PETKM.E;2026-06-30;0.55;0.8;-31.25;0;0;0;0;0;0;0;0;0;0;0;;;;;
2026-05-08;O_PETKME0626P23.50;PETKM_06/2026_AVRUPA_OPSIYON;D_EQ;SSO;D_EQ_EPP;DE_PETKM_EPP;PETKM.E;2026-06-30;0.69;0.97;-28.87;0;0;0;0;0;0;0;0;0;0;0;;;;;
2026-05-08;O_PETKME0626P24.00;PETKM_06/2026_AVRUPA_OPSIYON;D_EQ;SSO;D_EQ_EPP;DE_PETKM_EPP;PETKM.E;2026-06-30;0.84;1.16;-27.59;0;0;0;0;0;0;0;0;0;0;0;;;;;
2026-05-08;O_PETKME0626P24.50;PETKM_06/2026_AVRUPA_OPSIYON;D_EQ;SSO;D_EQ_EPP;DE_PETKM_EPP;PETKM.E;2026-06-30;1.01;1.38;-26.81;0;0;0;0;0;0;0;0;0;0;0;;;;;
2026-05-08;O_PETKME0626P25.00;PETKM_06/2026_AVRUPA_OPSIYON;D_EQ;SSO;D_EQ_EPP;DE_PETKM_EPP;PETKM.E;2026-06-30;1.21;1.62;-25.31;0;0;0;0;0;0;0;0;0;0;0;;;;;
2026-05-08;O_PETKME0626P26.00;PETKM_06/2026_AVRUPA_OPSIYON;D_EQ;SSO;D_EQ_EPP;DE_PETKM_EPP;PETKM.E;2026-06-30;1.66;2.15;-22.79;0;0;0;0;0;0;0;0;0;0;0;;;;;
2026-05-08;O_PETKME0626P27.00;PETKM_06/2026_AVRUPA_OPSIYON;D_EQ;SSO;D_EQ_EPP;DE_PETKM_EPP;PETKM.E;2026-06-30;2.2;2.77;-20.58;0;0;0;0;0;0;0;0;0;156;0;;;;;
2026-05-08;O_PETKME0626P28.00;PETKM_06/2026_AVRUPA_OPSIYON;D_EQ;SSO;D_EQ_EPP;DE_PETKM_EPP;PETKM.E;2026-06-30;2.81;3.45;-18.55;0;0;0;0;0;0;0;0;0;0;0;;;;;
2026-05-08;O_PETKME0726C25.00;PETKM_07/2026_AVRUPA_OPSIYON;D_EQ;SSO;D_EQ_ECP;DE_PETKM_ECP;PETKM.E;2026-07-31;3.37;2.77;21.66;0;0;0;0;0;0;0;0;0;0;0;;;;;
2026-05-08;O_PETKME0726C26.00;PETKM_07/2026_AVRUPA_OPSIYON;D_EQ;SSO;D_EQ_ECP;DE_PETKM_ECP;PETKM.E;2026-07-31;2.84;2.3;23.48;0;0;0;0;0;0;0;0;0;0;0;;;;;
2026-05-08;O_PETKME0726C27.00;PETKM_07/2026_AVRUPA_OPSIYON;D_EQ;SSO;D_EQ_ECP;DE_PETKM_ECP;PETKM.E;2026-07-31;2.37;1.89;25.4;0;0;0;0;0;0;0;0;0;0;0;;;;;
2026-05-08;O_PETKME0726C28.00;PETKM_07/2026_AVRUPA_OPSIYON;D_EQ;SSO;D_EQ_ECP;DE_PETKM_ECP;PETKM.E;2026-07-31;1.96;1.55;26.45;0;0;0;0;0;0;0;0;0;0;0;;;;;
2026-05-08;O_PETKME0726C29.00;PETKM_07/2026_AVRUPA_OPSIYON;D_EQ;SSO;D_EQ_ECP;DE_PETKM_ECP;PETKM.E;2026-07-31;1.61;1.25;28.8;0;0;0;0;0;0;0;0;0;0;0;;;;;
2026-05-08;O_PETKME0726C30.00;PETKM_07/2026_AVRUPA_OPSIYON;D_EQ;SSO;D_EQ_ECP;DE_PETKM_ECP;PETKM.E;2026-07-31;1.31;1;31;0;0;0;0;0;0;0;0;0;0;0;;;;;
2026-05-08;O_PETKME0726C31.00;PETKM_07/2026_AVRUPA_OPSIYON;D_EQ;SSO;D_EQ_ECP;DE_PETKM_ECP;PETKM.E;2026-07-31;1.06;0.8;32.5;0;0;0;0;0;0;0;0;0;0;0;;;;;
2026-05-08;O_PETKME0726C32.00;PETKM_07/2026_AVRUPA_OPSIYON;D_EQ;SSO;D_EQ_ECP;DE_PETKM_ECP;PETKM.E;2026-07-31;0.85;0.63;34.92;0;0;0;0;0;0;0;0;0;0;0;;;;;
2026-05-08;O_PETKME0726P22.50;PETKM_07/2026_AVRUPA_OPSIYON;D_EQ;SSO;D_EQ_EPP;DE_PETKM_EPP;PETKM.E;2026-07-31;0.49;0.67;-26.87;0;0;0;0;0;0;0;0;0;0;0;;;;;
2026-05-08;O_PETKME0726P23.00;PETKM_07/2026_AVRUPA_OPSIYON;D_EQ;SSO;D_EQ_EPP;DE_PETKM_EPP;PETKM.E;2026-07-31;0.59;0.8;-26.25;0;0;0;0;0;0;0;0;0;0;0;;;;;
2026-05-08;O_PETKME0726P23.50;PETKM_07/2026_AVRUPA_OPSIYON;D_EQ;SSO;D_EQ_EPP;DE_PETKM_EPP;PETKM.E;2026-07-31;0.7;0.94;-25.53;0;0;0;0;0;0;0;0;0;0;0;;;;;
2026-05-08;O_PETKME0726P24.00;PETKM_07/2026_AVRUPA_OPSIYON;D_EQ;SSO;D_EQ_EPP;DE_PETKM_EPP;PETKM.E;2026-07-31;0.84;1.1;-23.64;0;0;0;0;0;0;0;0;0;0;0;;;;;
2026-05-08;O_PETKME0726P24.50;PETKM_07/2026_AVRUPA_OPSIYON;D_EQ;SSO;D_EQ_EPP;DE_PETKM_EPP;PETKM.E;2026-07-31;0.98;1.28;-23.44;0;0;0;0;0;0;0;0;0;0;0;;;;;
2026-05-08;O_PETKME0726P25.00;PETKM_07/2026_AVRUPA_OPSIYON;D_EQ;SSO;D_EQ_EPP;DE_PETKM_EPP;PETKM.E;2026-07-31;1.14;1.47;-22.45;0;0;0;0;0;0;0;0;0;0;0;;;;;
2026-05-08;O_PETKME0726P26.00;PETKM_07/2026_AVRUPA_OPSIYON;D_EQ;SSO;D_EQ_EPP;DE_PETKM_EPP;PETKM.E;2026-07-31;1.51;1.9;-20.53;0;0;0;0;0;0;0;0;0;0;0;;;;;
2026-05-08;O_PETKME0726P27.00;PETKM_07/2026_AVRUPA_OPSIYON;D_EQ;SSO;D_EQ_EPP;DE_PETKM_EPP;PETKM.E;2026-07-31;1.94;2.39;-18.83;0;0;0;0;0;0;0;0;0;0;0;;;;;
2026-05-08;O_PGSUSE0526C175.00;PGSUS_05/2026_AVRUPA_OPSIYON;D_EQ;SSO;D_EQ_ECP;DE_PGSUS_ECP;PGSUS.E;2026-05-25;15.91;16.85;-5.58;0;0;0;0;0;0;0;0;0;80;0;;;;;
2026-05-08;O_PGSUSE0526C180.00;PGSUS_05/2026_AVRUPA_OPSIYON;D_EQ;SSO;D_EQ_ECP;DE_PGSUS_ECP;PGSUS.E;2026-05-25;12.03;12.92;-6.89;0;0;0;0;0;0;0;0;0;250;0;;;;;
2026-05-08;O_PGSUSE0526C185.00;PGSUS_05/2026_AVRUPA_OPSIYON;D_EQ;SSO;D_EQ_ECP;DE_PGSUS_ECP;PGSUS.E;2026-05-25;8.7;9.51;-8.52;0;0;0;0;0;0;0;0;0;10;0;;;;;
2026-05-08;O_PGSUSE0526C190.00;PGSUS_05/2026_AVRUPA_OPSIYON;D_EQ;SSO;D_EQ_ECP;DE_PGSUS_ECP;PGSUS.E;2026-05-25;6;6.7;-10.45;0;0;0;0;0;0;0;0;0;196;0;;;;;
2026-05-08;O_PGSUSE0526C195.00;PGSUS_05/2026_AVRUPA_OPSIYON;D_EQ;SSO;D_EQ_ECP;DE_PGSUS_ECP;PGSUS.E;2026-05-25;3.93;4.5;-12.67;0;0;0;0;0;0;0;0;0;52;0;;;;;
2026-05-08;O_PGSUSE0526C200.00;PGSUS_05/2026_AVRUPA_OPSIYON;D_EQ;SSO;D_EQ_ECP;DE_PGSUS_ECP;PGSUS.E;2026-05-25;2.45;2.88;-14.93;1.11;0.99;1.11;0.99;1.05;400000;2100;20;2;850;20;;;;;
2026-05-08;O_PGSUSE0526C205.00;PGSUS_05/2026_AVRUPA_OPSIYON;D_EQ;SSO;D_EQ_ECP;DE_PGSUS_ECP;PGSUS.E;2026-05-25;1.44;1.76;-18.18;0.6;0.6;0.63;0.63;0.61;4100000;12291;200;2;753;200;;;;;
2026-05-08;O_PGSUSE0526C210.00;PGSUS_05/2026_AVRUPA_OPSIYON;D_EQ;SSO;D_EQ_ECP;DE_PGSUS_ECP;PGSUS.E;2026-05-25;0.81;1.02;-20.59;0;0;0;0;0;0;0;0;0;1135;0;;;;;
2026-05-08;O_PGSUSE0526C215.00;PGSUS_05/2026_AVRUPA_OPSIYON;D_EQ;SSO;D_EQ_ECP;DE_PGSUS_ECP;PGSUS.E;2026-05-25;0.43;0.57;-24.56;0;0;0;0;0;0;0;0;0;309;0;;;;;
2026-05-08;O_PGSUSE0526C220.00;PGSUS_05/2026_AVRUPA_OPSIYON;D_EQ;SSO;D_EQ_ECP;DE_PGSUS_ECP;PGSUS.E;2026-05-25;0.22;0.3;-26.67;0;0;0;0;0;0;0;0;0;10;0;;;;;
2026-05-08;O_PGSUSE0526C225.00;PGSUS_05/2026_AVRUPA_OPSIYON;D_EQ;SSO;D_EQ_ECP;DE_PGSUS_ECP;PGSUS.E;2026-05-25;0.1;0.15;-33.33;0;0;0;0;0;0;0;0;0;68;0;;;;;
2026-05-08;O_PGSUSE0526C230.00;PGSUS_05/2026_AVRUPA_OPSIYON;D_EQ;SSO;D_EQ_ECP;DE_PGSUS_ECP;PGSUS.E;2026-05-25;0.05;0.07;-28.57;0;0;0;0;0;0;0;0;0;68;0;;;;;
2026-05-08;O_PGSUSE0526C235.00;PGSUS_05/2026_AVRUPA_OPSIYON;D_EQ;SSO;D_EQ_ECP;DE_PGSUS_ECP;PGSUS.E;2026-05-25;0.02;0.03;-33.33;0;0;0;0;0;0;0;0;0;400;0;;;;;
2026-05-08;O_PGSUSE0526C240.00;PGSUS_05/2026_AVRUPA_OPSIYON;D_EQ;SSO;D_EQ_ECP;DE_PGSUS_ECP;PGSUS.E;2026-05-25;0.01;0.02;-50;0;0;0;0;0;0;0;0;0;0;0;;;;;
2026-05-08;O_PGSUSE0526P150.00;PGSUS_05/2026_AVRUPA_OPSIYON;D_EQ;SSO;D_EQ_EPP;DE_PGSUS_EPP;PGSUS.E;2026-05-25;0.01;0.01;0;0;0;0;0;0;0;0;0;0;0;0;;;;;
2026-05-08;O_PGSUSE0526P155.00;PGSUS_05/2026_AVRUPA_OPSIYON;D_EQ;SSO;D_EQ_EPP;DE_PGSUS_EPP;PGSUS.E;2026-05-25;0.02;0.03;-33.33;0;0;0;0;0;0;0;0;0;0;0;;;;;
2026-05-08;O_PGSUSE0526P160.00;PGSUS_05/2026_AVRUPA_OPSIYON;D_EQ;SSO;D_EQ_EPP;DE_PGSUS_EPP;PGSUS.E;2026-05-25;0.08;0.08;0;0;0;0;0;0;0;0;0;0;0;0;;;;;
2026-05-08;O_PGSUSE0526P165.00;PGSUS_05/2026_AVRUPA_OPSIYON;D_EQ;SSO;D_EQ_EPP;DE_PGSUS_EPP;PGSUS.E;2026-05-25;0.22;0.22;0;0;0;0;0;0;0;0;0;0;0;0;;;;;
2026-05-08;O_PGSUSE0526P170.00;PGSUS_05/2026_AVRUPA_OPSIYON;D_EQ;SSO;D_EQ_EPP;DE_PGSUS_EPP;PGSUS.E;2026-05-25;0.54;0.52;3.85;0;0;0;0;0;0;0;0;0;4;0;;;;;
2026-05-08;O_PGSUSE0526P175.00;PGSUS_05/2026_AVRUPA_OPSIYON;D_EQ;SSO;D_EQ_EPP;DE_PGSUS_EPP;PGSUS.E;2026-05-25;1.14;1.1;3.64;0;0;0;0;0;0;0;0;0;1532;0;;;;;
2026-05-08;O_PGSUSE0526P180.00;PGSUS_05/2026_AVRUPA_OPSIYON;D_EQ;SSO;D_EQ_EPP;DE_PGSUS_EPP;PGSUS.E;2026-05-25;2.17;2.08;4.33;2.64;2.64;2.64;2.64;2.64;1854000;27192;103;1;2008;0;;;;;
2026-05-08;O_PGSUSE0526P185.00;PGSUS_05/2026_AVRUPA_OPSIYON;D_EQ;SSO;D_EQ_EPP;DE_PGSUS_EPP;PGSUS.E;2026-05-25;3.76;3.58;5.03;3.36;3.36;3.75;3.69;3.6;555000;10800;30;3;564;30;;;;;
2026-05-08;O_PGSUSE0526P190.00;PGSUS_05/2026_AVRUPA_OPSIYON;D_EQ;SSO;D_EQ_EPP;DE_PGSUS_EPP;PGSUS.E;2026-05-25;5.97;5.67;5.29;6.1;6.1;6.1;6.1;6.1;1083000;34770;57;6;1297;57;;;;;
2026-05-08;O_PGSUSE0526P195.00;PGSUS_05/2026_AVRUPA_OPSIYON;D_EQ;SSO;D_EQ_EPP;DE_PGSUS_EPP;PGSUS.E;2026-05-25;8.81;8.38;5.13;9.6;8.3;9.6;8.3;9.03;8385000;388200;430;15;589;430;;;;;
2026-05-08;O_PGSUSE0526P200.00;PGSUS_05/2026_AVRUPA_OPSIYON;D_EQ;SSO;D_EQ_EPP;DE_PGSUS_EPP;PGSUS.E;2026-05-25;12.24;11.67;4.88;0;0;0;0;0;0;0;0;0;30;0;;;;;
2026-05-08;O_PGSUSE0526P205.00;PGSUS_05/2026_AVRUPA_OPSIYON;D_EQ;SSO;D_EQ_EPP;DE_PGSUS_EPP;PGSUS.E;2026-05-25;16.15;15.45;4.53;0;0;0;0;0;0;0;0;0;10;0;;;;;
2026-05-08;O_PGSUSE0526P210.00;PGSUS_05/2026_AVRUPA_OPSIYON;D_EQ;SSO;D_EQ_EPP;DE_PGSUS_EPP;PGSUS.E;2026-05-25;20.42;19.62;4.08;0;0;0;0;0;0;0;0;0;50;0;;;;;
2026-05-08;O_PGSUSE0526P215.00;PGSUS_05/2026_AVRUPA_OPSIYON;D_EQ;SSO;D_EQ_EPP;DE_PGSUS_EPP;PGSUS.E;2026-05-25;24.96;24.08;3.65;0;0;0;0;0;0;0;0;0;0;0;;;;;
2026-05-08;O_PGSUSE0626C185.00;PGSUS_06/2026_AVRUPA_OPSIYON;D_EQ;SSO;D_EQ_ECP;DE_PGSUS_ECP;PGSUS.E;2026-06-30;17.08;17.85;-4.31;11.46;11.4;11.46;11.4;11.43;370000;22860;20;2;110;20;;;;;
2026-05-08;O_PGSUSE0626C190.00;PGSUS_06/2026_AVRUPA_OPSIYON;D_EQ;SSO;D_EQ_ECP;DE_PGSUS_ECP;PGSUS.E;2026-06-30;14.17;14.9;-4.9;0;0;0;0;0;0;0;0;0;10;0;;;;;
2026-05-08;O_PGSUSE0626C195.00;PGSUS_06/2026_AVRUPA_OPSIYON;D_EQ;SSO;D_EQ_ECP;DE_PGSUS_ECP;PGSUS.E;2026-06-30;11.62;12.28;-5.37;0;0;0;0;0;0;0;0;0;20;0;;;;;
2026-05-08;O_PGSUSE0626C200.00;PGSUS_06/2026_AVRUPA_OPSIYON;D_EQ;SSO;D_EQ_ECP;DE_PGSUS_ECP;PGSUS.E;2026-06-30;9.4;9.99;-5.91;0;0;0;0;0;0;0;0;0;700;0;;;;;
2026-05-08;O_PGSUSE0626C205.00;PGSUS_06/2026_AVRUPA_OPSIYON;D_EQ;SSO;D_EQ_ECP;DE_PGSUS_ECP;PGSUS.E;2026-06-30;7.51;8.03;-6.48;0;0;0;0;0;0;0;0;0;110;0;;;;;
2026-05-08;O_PGSUSE0626C210.00;PGSUS_06/2026_AVRUPA_OPSIYON;D_EQ;SSO;D_EQ_ECP;DE_PGSUS_ECP;PGSUS.E;2026-06-30;5.92;6.38;-7.21;0;0;0;0;0;0;0;0;0;50;0;;;;;
2026-05-08;O_PGSUSE0626C215.00;PGSUS_06/2026_AVRUPA_OPSIYON;D_EQ;SSO;D_EQ_ECP;DE_PGSUS_ECP;PGSUS.E;2026-06-30;4.61;5.01;-7.98;0;0;0;0;0;0;0;0;0;30;0;;;;;
2026-05-08;O_PGSUSE0626C220.00;PGSUS_06/2026_AVRUPA_OPSIYON;D_EQ;SSO;D_EQ_ECP;DE_PGSUS_ECP;PGSUS.E;2026-06-30;3.55;3.88;-8.51;0;0;0;0;0;0;0;0;0;93;0;;;;;
2026-05-08;O_PGSUSE0626C225.00;PGSUS_06/2026_AVRUPA_OPSIYON;D_EQ;SSO;D_EQ_ECP;DE_PGSUS_ECP;PGSUS.E;2026-06-30;2.7;2.98;-9.4;1.14;1.14;1.2;1.2;1.17;4252500;22113;189;3;451;189;;;;;
2026-05-08;O_PGSUSE0626C230.00;PGSUS_06/2026_AVRUPA_OPSIYON;D_EQ;SSO;D_EQ_ECP;DE_PGSUS_ECP;PGSUS.E;2026-06-30;2.03;2.26;-10.18;0;0;0;0;0;0;0;0;0;0;0;;;;;
2026-05-08;O_PGSUSE0626C235.00;PGSUS_06/2026_AVRUPA_OPSIYON;D_EQ;SSO;D_EQ_ECP;DE_PGSUS_ECP;PGSUS.E;2026-06-30;1.51;1.7;-11.18;0;0;0;0;0;0;0;0;0;0;0;;;;;
2026-05-08;O_PGSUSE0626C240.00;PGSUS_06/2026_AVRUPA_OPSIYON;D_EQ;SSO;D_EQ_ECP;DE_PGSUS_ECP;PGSUS.E;2026-06-30;1.11;1.26;-11.9;0;0;0;0;0;0;0;0;0;0;0;;;;;
2026-05-08;O_PGSUSE0626C245.00;PGSUS_06/2026_AVRUPA_OPSIYON;D_EQ;SSO;D_EQ_ECP;DE_PGSUS_ECP;PGSUS.E;2026-06-30;0.81;0.93;-12.9;0;0;0;0;0;0;0;0;0;0;0;;;;;
2026-05-08;O_PGSUSE0626P160.00;PGSUS_06/2026_AVRUPA_OPSIYON;D_EQ;SSO;D_EQ_EPP;DE_PGSUS_EPP;PGSUS.E;2026-06-30;0.74;0.71;4.23;0;0;0;0;0;0;0;0;0;0;0;;;;;
2026-05-08;O_PGSUSE0626P165.00;PGSUS_06/2026_AVRUPA_OPSIYON;D_EQ;SSO;D_EQ_EPP;DE_PGSUS_EPP;PGSUS.E;2026-06-30;1.2;1.15;4.35;0;0;0;0;0;0;0;0;0;0;0;;;;;
2026-05-08;O_PGSUSE0626P170.00;PGSUS_06/2026_AVRUPA_OPSIYON;D_EQ;SSO;D_EQ_EPP;DE_PGSUS_EPP;PGSUS.E;2026-06-30;1.86;1.79;3.91;0;0;0;0;0;0;0;0;0;0;0;;;;;
2026-05-08;O_PGSUSE0626P175.00;PGSUS_06/2026_AVRUPA_OPSIYON;D_EQ;SSO;D_EQ_EPP;DE_PGSUS_EPP;PGSUS.E;2026-06-30;2.76;2.66;3.76;0;0;0;0;0;0;0;0;0;0;0;;;;;
2026-05-08;O_PGSUSE0626P180.00;PGSUS_06/2026_AVRUPA_OPSIYON;D_EQ;SSO;D_EQ_EPP;DE_PGSUS_EPP;PGSUS.E;2026-06-30;3.95;3.8;3.95;0;0;0;0;0;0;0;0;0;20;0;;;;;
2026-05-08;O_PGSUSE0626P185.00;PGSUS_06/2026_AVRUPA_OPSIYON;D_EQ;SSO;D_EQ_EPP;DE_PGSUS_EPP;PGSUS.E;2026-06-30;5.44;5.24;3.82;0;0;0;0;0;0;0;0;0;300;0;;;;;
2026-05-08;O_PGSUSE0626P190.00;PGSUS_06/2026_AVRUPA_OPSIYON;D_EQ;SSO;D_EQ_EPP;DE_PGSUS_EPP;PGSUS.E;2026-06-30;7.28;7.01;3.85;7.74;7.74;7.74;7.74;7.74;532000;21672;28;1;588;28;;;;;
2026-05-08;O_PGSUSE0626P195.00;PGSUS_06/2026_AVRUPA_OPSIYON;D_EQ;SSO;D_EQ_EPP;DE_PGSUS_EPP;PGSUS.E;2026-06-30;9.45;9.12;3.62;0;0;0;0;0;0;0;0;0;30;0;;;;;
2026-05-08;O_PGSUSE0626P200.00;PGSUS_06/2026_AVRUPA_OPSIYON;D_EQ;SSO;D_EQ_EPP;DE_PGSUS_EPP;PGSUS.E;2026-06-30;11.96;11.56;3.46;0;0;0;0;0;0;0;0;0;50;0;;;;;
2026-05-08;O_PGSUSE0626P205.00;PGSUS_06/2026_AVRUPA_OPSIYON;D_EQ;SSO;D_EQ_EPP;DE_PGSUS_EPP;PGSUS.E;2026-06-30;14.8;14.32;3.35;0;0;0;0;0;0;0;0;0;60;0;;;;;
2026-05-08;O_PGSUSE0626P210.00;PGSUS_06/2026_AVRUPA_OPSIYON;D_EQ;SSO;D_EQ_EPP;DE_PGSUS_EPP;PGSUS.E;2026-06-30;17.95;17.4;3.16;0;0;0;0;0;0;0;0;0;0;0;;;;;
2026-05-08;O_PGSUSE0626P215.00;PGSUS_06/2026_AVRUPA_OPSIYON;D_EQ;SSO;D_EQ_EPP;DE_PGSUS_EPP;PGSUS.E;2026-06-30;21.37;20.75;2.99;0;0;0;0;0;0;0;0;0;0;0;;;;;
2026-05-08;O_PGSUSE0626P220.00;PGSUS_06/2026_AVRUPA_OPSIYON;D_EQ;SSO;D_EQ_EPP;DE_PGSUS_EPP;PGSUS.E;2026-06-30;25.04;24.36;2.79;0;0;0;0;0;0;0;0;0;0;0;;;;;
2026-05-08;O_PGSUSE0726C190.00;PGSUS_07/2026_AVRUPA_OPSIYON;D_EQ;SSO;D_EQ_ECP;DE_PGSUS_ECP;PGSUS.E;2026-07-31;22.14;22.93;-3.45;0;0;0;0;0;0;0;0;0;0;0;;;;;
2026-05-08;O_PGSUSE0726C195.00;PGSUS_07/2026_AVRUPA_OPSIYON;D_EQ;SSO;D_EQ_ECP;DE_PGSUS_ECP;PGSUS.E;2026-07-31;19.3;20.06;-3.79;0;0;0;0;0;0;0;0;0;0;0;;;;;
2026-05-08;O_PGSUSE0726C200.00;PGSUS_07/2026_AVRUPA_OPSIYON;D_EQ;SSO;D_EQ_ECP;DE_PGSUS_ECP;PGSUS.E;2026-07-31;16.72;17.43;-4.07;0;0;0;0;0;0;0;0;0;0;0;;;;;
2026-05-08;O_PGSUSE0726C205.00;PGSUS_07/2026_AVRUPA_OPSIYON;D_EQ;SSO;D_EQ_ECP;DE_PGSUS_ECP;PGSUS.E;2026-07-31;14.38;15.04;-4.39;0;0;0;0;0;0;0;0;0;0;0;;;;;
2026-05-08;O_PGSUSE0726C210.00;PGSUS_07/2026_AVRUPA_OPSIYON;D_EQ;SSO;D_EQ_ECP;DE_PGSUS_ECP;PGSUS.E;2026-07-31;12.29;12.9;-4.73;0;0;0;0;0;0;0;0;0;0;0;;;;;
2026-05-08;O_PGSUSE0726C215.00;PGSUS_07/2026_AVRUPA_OPSIYON;D_EQ;SSO;D_EQ_ECP;DE_PGSUS_ECP;PGSUS.E;2026-07-31;10.43;10.99;-5.1;0;0;0;0;0;0;0;0;0;0;0;;;;;
2026-05-08;O_PGSUSE0726C220.00;PGSUS_07/2026_AVRUPA_OPSIYON;D_EQ;SSO;D_EQ_ECP;DE_PGSUS_ECP;PGSUS.E;2026-07-31;8.8;9.31;-5.48;0;0;0;0;0;0;0;0;0;0;0;;;;;
2026-05-08;O_PGSUSE0726C225.00;PGSUS_07/2026_AVRUPA_OPSIYON;D_EQ;SSO;D_EQ_ECP;DE_PGSUS_ECP;PGSUS.E;2026-07-31;7.38;7.83;-5.75;0;0;0;0;0;0;0;0;0;0;0;;;;;
2026-05-08;O_PGSUSE0726C230.00;PGSUS_07/2026_AVRUPA_OPSIYON;D_EQ;SSO;D_EQ_ECP;DE_PGSUS_ECP;PGSUS.E;2026-07-31;6.15;6.56;-6.25;0;0;0;0;0;0;0;0;0;0;0;;;;;
2026-05-08;O_PGSUSE0726C235.00;PGSUS_07/2026_AVRUPA_OPSIYON;D_EQ;SSO;D_EQ_ECP;DE_PGSUS_ECP;PGSUS.E;2026-07-31;5.1;;0;0;0;0;0;0;0;0;0;0;0;0;;;;;
2026-05-08;O_PGSUSE0726P165.00;PGSUS_07/2026_AVRUPA_OPSIYON;D_EQ;SSO;D_EQ_EPP;DE_PGSUS_EPP;PGSUS.E;2026-07-31;1.39;1.34;3.73;0;0;0;0;0;0;0;0;0;0;0;;;;;
2026-05-08;O_PGSUSE0726P170.00;PGSUS_07/2026_AVRUPA_OPSIYON;D_EQ;SSO;D_EQ_EPP;DE_PGSUS_EPP;PGSUS.E;2026-07-31;2;1.92;4.17;0;0;0;0;0;0;0;0;0;0;0;;;;;
2026-05-08;O_PGSUSE0726P175.00;PGSUS_07/2026_AVRUPA_OPSIYON;D_EQ;SSO;D_EQ_EPP;DE_PGSUS_EPP;PGSUS.E;2026-07-31;2.77;2.67;3.75;0;0;0;0;0;0;0;0;0;0;0;;;;;
2026-05-08;O_PGSUSE0726P180.00;PGSUS_07/2026_AVRUPA_OPSIYON;D_EQ;SSO;D_EQ_EPP;DE_PGSUS_EPP;PGSUS.E;2026-07-31;3.74;3.61;3.6;0;0;0;0;0;0;0;0;0;0;0;;;;;
2026-05-08;O_PGSUSE0726P185.00;PGSUS_07/2026_AVRUPA_OPSIYON;D_EQ;SSO;D_EQ_EPP;DE_PGSUS_EPP;PGSUS.E;2026-07-31;4.93;4.76;3.57;0;0;0;0;0;0;0;0;0;0;0;;;;;
2026-05-08;O_PGSUSE0726P190.00;PGSUS_07/2026_AVRUPA_OPSIYON;D_EQ;SSO;D_EQ_EPP;DE_PGSUS_EPP;PGSUS.E;2026-07-31;6.35;6.13;3.59;0;0;0;0;0;0;0;0;0;0;0;;;;;
2026-05-08;O_PGSUSE0726P195.00;PGSUS_07/2026_AVRUPA_OPSIYON;D_EQ;SSO;D_EQ_EPP;DE_PGSUS_EPP;PGSUS.E;2026-07-31;8.01;7.75;3.35;0;0;0;0;0;0;0;0;0;0;0;;;;;
2026-05-08;O_PGSUSE0726P200.00;PGSUS_07/2026_AVRUPA_OPSIYON;D_EQ;SSO;D_EQ_EPP;DE_PGSUS_EPP;PGSUS.E;2026-07-31;9.93;9.61;3.33;0;0;0;0;0;0;0;0;0;0;0;;;;;
2026-05-08;O_PGSUSE0726P205.00;PGSUS_07/2026_AVRUPA_OPSIYON;D_EQ;SSO;D_EQ_EPP;DE_PGSUS_EPP;PGSUS.E;2026-07-31;12.09;11.72;3.16;0;0;0;0;0;0;0;0;0;0;0;;;;;
2026-05-08;O_PGSUSE0726P210.00;PGSUS_07/2026_AVRUPA_OPSIYON;D_EQ;SSO;D_EQ_EPP;DE_PGSUS_EPP;PGSUS.E;2026-07-31;14.49;;0;0;0;0;0;0;0;0;0;0;0;0;;;;;
2026-05-08;O_P_USDTRYKE0526C46000;FIZ. USDTRY_05/2026_AVRUPA_OPSIYON;D_CR;PCO;D_CR_ECP;DE_USDTRYKP_ECP;USDTRYKP.CX;2026-05-25;356.9;371.2;-3.85;0;0;0;0;0;0;0;0;0;0;0;;;;;
2026-05-08;O_P_USDTRYKE0526C46500;FIZ. USDTRY_05/2026_AVRUPA_OPSIYON;D_CR;PCO;D_CR_ECP;DE_USDTRYKP_ECP;USDTRYKP.CX;2026-05-25;173.9;185.5;-6.25;0;0;0;0;0;0;0;0;0;0;0;;;;;
2026-05-08;O_P_USDTRYKE0526C47000;FIZ. USDTRY_05/2026_AVRUPA_OPSIYON;D_CR;PCO;D_CR_ECP;DE_USDTRYKP_ECP;USDTRYKP.CX;2026-05-25;125.7;143.6;-12.47;0;0;0;0;0;0;0;0;0;0;0;;;;;
2026-05-08;O_P_USDTRYKE0526P46000;FIZ. USDTRY_05/2026_AVRUPA_OPSIYON;D_CR;PCO;D_CR_EPP;DE_USDTRYKP_EPP;USDTRYKP.CX;2026-05-25;424.3;431.6;-1.69;0;0;0;0;0;0;0;0;0;0;0;;;;;
2026-05-08;O_P_USDTRYKE0526P46500;FIZ. USDTRY_05/2026_AVRUPA_OPSIYON;D_CR;PCO;D_CR_EPP;DE_USDTRYKP_EPP;USDTRYKP.CX;2026-05-25;733.7;737.9;-0.57;0;0;0;0;0;0;0;0;0;0;0;;;;;
2026-05-08;O_P_USDTRYKE0526P47000;FIZ. USDTRY_05/2026_AVRUPA_OPSIYON;D_CR;PCO;D_CR_EPP;DE_USDTRYKP_EPP;USDTRYKP.CX;2026-05-25;1177.9;1187.9;-0.84;0;0;0;0;0;0;0;0;0;0;0;;;;;
2026-05-08;O_P_USDTRYKE0626C47500;FIZ. USDTRY_06/2026_AVRUPA_OPSIYON;D_CR;PCO;D_CR_ECP;DE_USDTRYKP_ECP;USDTRYKP.CX;2026-06-30;702.9;748.4;-6.08;0;0;0;0;0;0;0;0;0;0;0;;;;;
2026-05-08;O_P_USDTRYKE0626P47500;FIZ. USDTRY_06/2026_AVRUPA_OPSIYON;D_CR;PCO;D_CR_EPP;DE_USDTRYKP_EPP;USDTRYKP.CX;2026-06-30;749.4;788.1;-4.91;0;0;0;0;0;0;0;0;0;0;0;;;;;
2026-05-08;O_SAHOLE0526C100.00;SAHOL_05/2026_AVRUPA_OPSIYON;D_EQ;SSO;D_EQ_ECP;DE_SAHOL_ECP;SAHOL.E;2026-05-25;4.73;4.89;-3.27;4.1;4.1;4.1;4.1;4.1;200000;8200;20;2;12;1;;;;;
2026-05-08;O_SAHOLE0526C105.00;SAHOL_05/2026_AVRUPA_OPSIYON;D_EQ;SSO;D_EQ_ECP;DE_SAHOL_ECP;SAHOL.E;2026-05-25;2.5;2.65;-5.66;1.42;1.34;1.42;1.38;1.35;2320500;29752;221;5;713;-186;;;;;
2026-05-08;O_SAHOLE0526C110.00;SAHOL_05/2026_AVRUPA_OPSIYON;D_EQ;SSO;D_EQ_ECP;DE_SAHOL_ECP;SAHOL.E;2026-05-25;1.18;1.28;-7.81;0.66;0.66;0.66;0.66;0.66;2068000;12408;188;1;5810;188;;;;;
2026-05-08;O_SAHOLE0526C115.00;SAHOL_05/2026_AVRUPA_OPSIYON;D_EQ;SSO;D_EQ_ECP;DE_SAHOL_ECP;SAHOL.E;2026-05-25;0.49;0.55;-10.91;0;0;0;0;0;0;0;0;0;2828;0;;;;;
2026-05-08;O_SAHOLE0526C120.00;SAHOL_05/2026_AVRUPA_OPSIYON;D_EQ;SSO;D_EQ_ECP;DE_SAHOL_ECP;SAHOL.E;2026-05-25;0.18;0.21;-14.29;0;0;0;0;0;0;0;0;0;2594;0;;;;;
2026-05-08;O_SAHOLE0526C125.00;SAHOL_05/2026_AVRUPA_OPSIYON;D_EQ;SSO;D_EQ_ECP;DE_SAHOL_ECP;SAHOL.E;2026-05-25;0.06;0.08;-25;0;0;0;0;0;0;0;0;0;2110;0;;;;;
2026-05-08;O_SAHOLE0526C130.00;SAHOL_05/2026_AVRUPA_OPSIYON;D_EQ;SSO;D_EQ_ECP;DE_SAHOL_ECP;SAHOL.E;2026-05-25;0.02;0.02;0;0;0;0;0;0;0;0;0;0;0;0;;;;;
2026-05-08;O_SAHOLE0526C135.00;SAHOL_05/2026_AVRUPA_OPSIYON;D_EQ;SSO;D_EQ_ECP;DE_SAHOL_ECP;SAHOL.E;2026-05-25;0.01;0.01;0;0;0;0;0;0;0;0;0;0;0;0;;;;;
2026-05-08;O_SAHOLE0526C140.00;SAHOL_05/2026_AVRUPA_OPSIYON;D_EQ;SSO;D_EQ_ECP;DE_SAHOL_ECP;SAHOL.E;2026-05-25;0.01;0.01;0;0;0;0;0;0;0;0;0;0;0;0;;;;;
2026-05-08;O_SAHOLE0526C92.00;SAHOL_05/2026_AVRUPA_OPSIYON;D_EQ;SSO;D_EQ_ECP;DE_SAHOL_ECP;SAHOL.E;2026-05-25;10.3;10.43;-1.25;0;0;0;0;0;0;0;0;0;30;0;;;;;
2026-05-08;O_SAHOLE0526C94.00;SAHOL_05/2026_AVRUPA_OPSIYON;D_EQ;SSO;D_EQ_ECP;DE_SAHOL_ECP;SAHOL.E;2026-05-25;8.7;8.85;-1.69;0;0;0;0;0;0;0;0;0;0;0;;;;;
2026-05-08;O_SAHOLE0526C96.00;SAHOL_05/2026_AVRUPA_OPSIYON;D_EQ;SSO;D_EQ_ECP;DE_SAHOL_ECP;SAHOL.E;2026-05-25;7.22;7.38;-2.17;0;0;0;0;0;0;0;0;0;200;0;;;;;
2026-05-08;O_SAHOLE0526C98.00;SAHOL_05/2026_AVRUPA_OPSIYON;D_EQ;SSO;D_EQ_ECP;DE_SAHOL_ECP;SAHOL.E;2026-05-25;5.9;6.06;-2.64;5.46;5.46;5.46;5.46;5.46;98000;5460;10;1;1500;0;;;;;
2026-05-08;O_SAHOLE0526P100.00;SAHOL_05/2026_AVRUPA_OPSIYON;D_EQ;SSO;D_EQ_EPP;DE_SAHOL_EPP;SAHOL.E;2026-05-25;2.97;3.03;-1.98;0;0;0;0;0;0;0;0;0;1050;0;;;;;
2026-05-08;O_SAHOLE0526P105.00;SAHOL_05/2026_AVRUPA_OPSIYON;D_EQ;SSO;D_EQ_EPP;DE_SAHOL_EPP;SAHOL.E;2026-05-25;5.66;5.7;-0.7;4.24;4.24;4.24;4.24;4.24;315000;12720;30;3;3343;0;;;;;
2026-05-08;O_SAHOLE0526P110.00;SAHOL_05/2026_AVRUPA_OPSIYON;D_EQ;SSO;D_EQ_EPP;DE_SAHOL_EPP;SAHOL.E;2026-05-25;9.25;9.24;0.11;0;0;0;0;0;0;0;0;0;0;0;;;;;
2026-05-08;O_SAHOLE0526P115.00;SAHOL_05/2026_AVRUPA_OPSIYON;D_EQ;SSO;D_EQ_EPP;DE_SAHOL_EPP;SAHOL.E;2026-05-25;13.47;13.42;0.37;0;0;0;0;0;0;0;0;0;0;0;;;;;
2026-05-08;O_SAHOLE0526P82.00;SAHOL_05/2026_AVRUPA_OPSIYON;D_EQ;SSO;D_EQ_EPP;DE_SAHOL_EPP;SAHOL.E;2026-05-25;0.04;0.04;0;0;0;0;0;0;0;0;0;0;0;0;;;;;
2026-05-08;O_SAHOLE0526P84.00;SAHOL_05/2026_AVRUPA_OPSIYON;D_EQ;SSO;D_EQ_EPP;DE_SAHOL_EPP;SAHOL.E;2026-05-25;0.07;0.08;-12.5;0;0;0;0;0;0;0;0;0;0;0;;;;;
2026-05-08;O_SAHOLE0526P86.00;SAHOL_05/2026_AVRUPA_OPSIYON;D_EQ;SSO;D_EQ_EPP;DE_SAHOL_EPP;SAHOL.E;2026-05-25;0.14;0.16;-12.5;0;0;0;0;0;0;0;0;0;0;0;;;;;
2026-05-08;O_SAHOLE0526P88.00;SAHOL_05/2026_AVRUPA_OPSIYON;D_EQ;SSO;D_EQ_EPP;DE_SAHOL_EPP;SAHOL.E;2026-05-25;0.25;0.28;-10.71;0;0;0;0;0;0;0;0;0;188;0;;;;;
2026-05-08;O_SAHOLE0526P90.00;SAHOL_05/2026_AVRUPA_OPSIYON;D_EQ;SSO;D_EQ_EPP;DE_SAHOL_EPP;SAHOL.E;2026-05-25;0.42;0.46;-8.7;0;0;0;0;0;0;0;0;0;2500;0;;;;;
2026-05-08;O_SAHOLE0526P92.00;SAHOL_05/2026_AVRUPA_OPSIYON;D_EQ;SSO;D_EQ_EPP;DE_SAHOL_EPP;SAHOL.E;2026-05-25;0.68;0.73;-6.85;0;0;0;0;0;0;0;0;0;0;0;;;;;
2026-05-08;O_SAHOLE0526P94.00;SAHOL_05/2026_AVRUPA_OPSIYON;D_EQ;SSO;D_EQ_EPP;DE_SAHOL_EPP;SAHOL.E;2026-05-25;1.05;1.1;-4.55;0;0;0;0;0;0;0;0;0;160;0;;;;;
2026-05-08;O_SAHOLE0526P96.00;SAHOL_05/2026_AVRUPA_OPSIYON;D_EQ;SSO;D_EQ_EPP;DE_SAHOL_EPP;SAHOL.E;2026-05-25;1.54;1.6;-3.75;0;0;0;0;0;0;0;0;0;50;0;;;;;
2026-05-08;O_SAHOLE0526P98.00;SAHOL_05/2026_AVRUPA_OPSIYON;D_EQ;SSO;D_EQ_EPP;DE_SAHOL_EPP;SAHOL.E;2026-05-25;2.18;2.24;-2.68;1.58;1.44;1.58;1.44;1.55;4900000;77404;500;5;652;480;;;;;
2026-05-08;O_SAHOLE0626C100.00;SAHOL_06/2026_AVRUPA_OPSIYON;D_EQ;SSO;D_EQ_ECP;DE_SAHOL_ECP;SAHOL.E;2026-06-30;9.59;9.7;-1.13;0;0;0;0;0;0;0;0;0;50;0;;;;;
2026-05-08;O_SAHOLE0626C105.00;SAHOL_06/2026_AVRUPA_OPSIYON;D_EQ;SSO;D_EQ_ECP;DE_SAHOL_ECP;SAHOL.E;2026-06-30;7.04;7.15;-1.54;0;0;0;0;0;0;0;0;0;335;0;;;;;
2026-05-08;O_SAHOLE0626C110.00;SAHOL_06/2026_AVRUPA_OPSIYON;D_EQ;SSO;D_EQ_ECP;DE_SAHOL_ECP;SAHOL.E;2026-06-30;5.02;5.12;-1.95;0;0;0;0;0;0;0;0;0;10;0;;;;;
2026-05-08;O_SAHOLE0626C115.00;SAHOL_06/2026_AVRUPA_OPSIYON;D_EQ;SSO;D_EQ_ECP;DE_SAHOL_ECP;SAHOL.E;2026-06-30;3.48;3.57;-2.52;0;0;0;0;0;0;0;0;0;0;0;;;;;
2026-05-08;O_SAHOLE0626C120.00;SAHOL_06/2026_AVRUPA_OPSIYON;D_EQ;SSO;D_EQ_ECP;DE_SAHOL_ECP;SAHOL.E;2026-06-30;2.35;2.42;-2.89;0;0;0;0;0;0;0;0;0;1450;0;;;;;
2026-05-08;O_SAHOLE0626C125.00;SAHOL_06/2026_AVRUPA_OPSIYON;D_EQ;SSO;D_EQ_ECP;DE_SAHOL_ECP;SAHOL.E;2026-06-30;1.55;1.61;-3.73;0;0;0;0;0;0;0;0;0;0;0;;;;;
2026-05-08;O_SAHOLE0626C130.00;SAHOL_06/2026_AVRUPA_OPSIYON;D_EQ;SSO;D_EQ_ECP;DE_SAHOL_ECP;SAHOL.E;2026-06-30;1;1.04;-3.85;0;0;0;0;0;0;0;0;0;0;0;;;;;
2026-05-08;O_SAHOLE0626C135.00;SAHOL_06/2026_AVRUPA_OPSIYON;D_EQ;SSO;D_EQ_ECP;DE_SAHOL_ECP;SAHOL.E;2026-06-30;0.63;0.66;-4.55;0;0;0;0;0;0;0;0;0;0;0;;;;;
2026-05-08;O_SAHOLE0626C140.00;SAHOL_06/2026_AVRUPA_OPSIYON;D_EQ;SSO;D_EQ_ECP;DE_SAHOL_ECP;SAHOL.E;2026-06-30;0.39;0.41;-4.88;0;0;0;0;0;0;0;0;0;0;0;;;;;
2026-05-08;O_SAHOLE0626C145.00;SAHOL_06/2026_AVRUPA_OPSIYON;D_EQ;SSO;D_EQ_ECP;DE_SAHOL_ECP;SAHOL.E;2026-06-30;0.24;0.25;-4;0;0;0;0;0;0;0;0;0;0;0;;;;;
2026-05-08;O_SAHOLE0626C96.00;SAHOL_06/2026_AVRUPA_OPSIYON;D_EQ;SSO;D_EQ_ECP;DE_SAHOL_ECP;SAHOL.E;2026-06-30;12.01;12.13;-0.99;0;0;0;0;0;0;0;0;0;0;0;;;;;
2026-05-08;O_SAHOLE0626C98.00;SAHOL_06/2026_AVRUPA_OPSIYON;D_EQ;SSO;D_EQ_ECP;DE_SAHOL_ECP;SAHOL.E;2026-06-30;10.76;10.87;-1.01;0;0;0;0;0;0;0;0;0;60;0;;;;;
2026-05-08;O_SAHOLE0626P100.00;SAHOL_06/2026_AVRUPA_OPSIYON;D_EQ;SSO;D_EQ_EPP;DE_SAHOL_EPP;SAHOL.E;2026-06-30;4.22;4.23;-0.24;0;0;0;0;0;0;0;0;0;0;0;;;;;
2026-05-08;O_SAHOLE0626P105.00;SAHOL_06/2026_AVRUPA_OPSIYON;D_EQ;SSO;D_EQ_EPP;DE_SAHOL_EPP;SAHOL.E;2026-06-30;6.41;6.41;0;0;0;0;0;0;0;0;0;0;438;0;;;;;
2026-05-08;O_SAHOLE0626P110.00;SAHOL_06/2026_AVRUPA_OPSIYON;D_EQ;SSO;D_EQ_EPP;DE_SAHOL_EPP;SAHOL.E;2026-06-30;9.12;9.11;0.11;0;0;0;0;0;0;0;0;0;10;0;;;;;
2026-05-08;O_SAHOLE0626P115.00;SAHOL_06/2026_AVRUPA_OPSIYON;D_EQ;SSO;D_EQ_EPP;DE_SAHOL_EPP;SAHOL.E;2026-06-30;12.31;12.28;0.24;0;0;0;0;0;0;0;0;0;0;0;;;;;
2026-05-08;O_SAHOLE0626P120.00;SAHOL_06/2026_AVRUPA_OPSIYON;D_EQ;SSO;D_EQ_EPP;DE_SAHOL_EPP;SAHOL.E;2026-06-30;15.91;15.86;0.32;0;0;0;0;0;0;0;0;0;0;0;;;;;
2026-05-08;O_SAHOLE0626P86.00;SAHOL_06/2026_AVRUPA_OPSIYON;D_EQ;SSO;D_EQ_EPP;DE_SAHOL_EPP;SAHOL.E;2026-06-30;0.82;0.84;-2.38;0;0;0;0;0;0;0;0;0;0;0;;;;;
2026-05-08;O_SAHOLE0626P88.00;SAHOL_06/2026_AVRUPA_OPSIYON;D_EQ;SSO;D_EQ_EPP;DE_SAHOL_EPP;SAHOL.E;2026-06-30;1.1;1.11;-0.9;0;0;0;0;0;0;0;0;0;1500;0;;;;;
2026-05-08;O_SAHOLE0626P90.00;SAHOL_06/2026_AVRUPA_OPSIYON;D_EQ;SSO;D_EQ_EPP;DE_SAHOL_EPP;SAHOL.E;2026-06-30;1.43;1.45;-1.38;0;0;0;0;0;0;0;0;0;0;0;;;;;
2026-05-08;O_SAHOLE0626P92.00;SAHOL_06/2026_AVRUPA_OPSIYON;D_EQ;SSO;D_EQ_EPP;DE_SAHOL_EPP;SAHOL.E;2026-06-30;1.83;1.85;-1.08;0;0;0;0;0;0;0;0;0;0;0;;;;;
2026-05-08;O_SAHOLE0626P94.00;SAHOL_06/2026_AVRUPA_OPSIYON;D_EQ;SSO;D_EQ_EPP;DE_SAHOL_EPP;SAHOL.E;2026-06-30;2.31;2.32;-0.43;0;0;0;0;0;0;0;0;0;0;0;;;;;
2026-05-08;O_SAHOLE0626P96.00;SAHOL_06/2026_AVRUPA_OPSIYON;D_EQ;SSO;D_EQ_EPP;DE_SAHOL_EPP;SAHOL.E;2026-06-30;2.86;2.88;-0.69;0;0;0;0;0;0;0;0;0;0;0;;;;;
2026-05-08;O_SAHOLE0626P98.00;SAHOL_06/2026_AVRUPA_OPSIYON;D_EQ;SSO;D_EQ_EPP;DE_SAHOL_EPP;SAHOL.E;2026-06-30;3.5;3.51;-0.28;0;0;0;0;0;0;0;0;0;0;0;;;;;
2026-05-08;O_SAHOLE0726C100.00;SAHOL_07/2026_AVRUPA_OPSIYON;D_EQ;SSO;D_EQ_ECP;DE_SAHOL_ECP;SAHOL.E;2026-07-31;14.05;14.16;-0.78;0;0;0;0;0;0;0;0;0;0;0;;;;;
2026-05-08;O_SAHOLE0726C105.00;SAHOL_07/2026_AVRUPA_OPSIYON;D_EQ;SSO;D_EQ_ECP;DE_SAHOL_ECP;SAHOL.E;2026-07-31;11.31;11.42;-0.96;9.29;9.29;9.29;9.29;9.29;3150000;278700;300;1;300;300;;;;;
2026-05-08;O_SAHOLE0726C110.00;SAHOL_07/2026_AVRUPA_OPSIYON;D_EQ;SSO;D_EQ_ECP;DE_SAHOL_ECP;SAHOL.E;2026-07-31;8.97;9.07;-1.1;0;0;0;0;0;0;0;0;0;0;0;;;;;
2026-05-08;O_SAHOLE0726C115.00;SAHOL_07/2026_AVRUPA_OPSIYON;D_EQ;SSO;D_EQ_ECP;DE_SAHOL_ECP;SAHOL.E;2026-07-31;7.01;7.11;-1.41;0;0;0;0;0;0;0;0;0;0;0;;;;;
2026-05-08;O_SAHOLE0726C120.00;SAHOL_07/2026_AVRUPA_OPSIYON;D_EQ;SSO;D_EQ_ECP;DE_SAHOL_ECP;SAHOL.E;2026-07-31;5.4;5.49;-1.64;0;0;0;0;0;0;0;0;0;0;0;;;;;
2026-05-08;O_SAHOLE0726C125.00;SAHOL_07/2026_AVRUPA_OPSIYON;D_EQ;SSO;D_EQ_ECP;DE_SAHOL_ECP;SAHOL.E;2026-07-31;4.11;4.19;-1.91;0;0;0;0;0;0;0;0;0;0;0;;;;;
2026-05-08;O_SAHOLE0726C130.00;SAHOL_07/2026_AVRUPA_OPSIYON;D_EQ;SSO;D_EQ_ECP;DE_SAHOL_ECP;SAHOL.E;2026-07-31;3.09;3.16;-2.22;0;0;0;0;0;0;0;0;0;0;0;;;;;
2026-05-08;O_SAHOLE0726C135.00;SAHOL_07/2026_AVRUPA_OPSIYON;D_EQ;SSO;D_EQ_ECP;DE_SAHOL_ECP;SAHOL.E;2026-07-31;2.3;2.35;-2.13;0;0;0;0;0;0;0;0;0;0;0;;;;;
2026-05-08;O_SAHOLE0726C140.00;SAHOL_07/2026_AVRUPA_OPSIYON;D_EQ;SSO;D_EQ_ECP;DE_SAHOL_ECP;SAHOL.E;2026-07-31;1.69;1.74;-2.87;0;0;0;0;0;0;0;0;0;0;0;;;;;
2026-05-08;O_SAHOLE0726C98.00;SAHOL_07/2026_AVRUPA_OPSIYON;D_EQ;SSO;D_EQ_ECP;DE_SAHOL_ECP;SAHOL.E;2026-07-31;15.25;15.36;-0.72;0;0;0;0;0;0;0;0;0;0;0;;;;;
2026-05-08;O_SAHOLE0726P100.00;SAHOL_07/2026_AVRUPA_OPSIYON;D_EQ;SSO;D_EQ_EPP;DE_SAHOL_EPP;SAHOL.E;2026-07-31;4;4;0;0;0;0;0;0;0;0;0;0;0;0;;;;;
2026-05-08;O_SAHOLE0726P105.00;SAHOL_07/2026_AVRUPA_OPSIYON;D_EQ;SSO;D_EQ_EPP;DE_SAHOL_EPP;SAHOL.E;2026-07-31;5.76;5.75;0.17;0;0;0;0;0;0;0;0;0;0;0;;;;;
2026-05-08;O_SAHOLE0726P110.00;SAHOL_07/2026_AVRUPA_OPSIYON;D_EQ;SSO;D_EQ_EPP;DE_SAHOL_EPP;SAHOL.E;2026-07-31;7.92;7.9;0.25;0;0;0;0;0;0;0;0;0;0;0;;;;;
2026-05-08;O_SAHOLE0726P115.00;SAHOL_07/2026_AVRUPA_OPSIYON;D_EQ;SSO;D_EQ_EPP;DE_SAHOL_EPP;SAHOL.E;2026-07-31;10.46;10.42;0.38;0;0;0;0;0;0;0;0;0;0;0;;;;;
2026-05-08;O_SAHOLE0726P88.00;SAHOL_07/2026_AVRUPA_OPSIYON;D_EQ;SSO;D_EQ_EPP;DE_SAHOL_EPP;SAHOL.E;2026-07-31;1.3;1.31;-0.76;0;0;0;0;0;0;0;0;0;0;0;;;;;
2026-05-08;O_SAHOLE0726P90.00;SAHOL_07/2026_AVRUPA_OPSIYON;D_EQ;SSO;D_EQ_EPP;DE_SAHOL_EPP;SAHOL.E;2026-07-31;1.62;1.62;0;0;0;0;0;0;0;0;0;0;5100;0;;;;;
2026-05-08;O_SAHOLE0726P92.00;SAHOL_07/2026_AVRUPA_OPSIYON;D_EQ;SSO;D_EQ_EPP;DE_SAHOL_EPP;SAHOL.E;2026-07-31;1.98;1.98;0;0;0;0;0;0;0;0;0;0;0;0;;;;;
2026-05-08;O_SAHOLE0726P94.00;SAHOL_07/2026_AVRUPA_OPSIYON;D_EQ;SSO;D_EQ_EPP;DE_SAHOL_EPP;SAHOL.E;2026-07-31;2.4;2.4;0;0;0;0;0;0;0;0;0;0;0;0;;;;;
2026-05-08;O_SAHOLE0726P96.00;SAHOL_07/2026_AVRUPA_OPSIYON;D_EQ;SSO;D_EQ_EPP;DE_SAHOL_EPP;SAHOL.E;2026-07-31;2.87;2.87;0;0;0;0;0;0;0;0;0;0;0;0;;;;;
2026-05-08;O_SAHOLE0726P98.00;SAHOL_07/2026_AVRUPA_OPSIYON;D_EQ;SSO;D_EQ_EPP;DE_SAHOL_EPP;SAHOL.E;2026-07-31;3.41;3.41;0;0;0;0;0;0;0;0;0;0;0;0;;;;;
2026-05-08;O_SISEE0526C42.00;SISE_05/2026_AVRUPA_OPSIYON;D_EQ;SSO;D_EQ_ECP;DE_SISE_ECP;SISE.E;2026-05-25;10.54;7.92;33.08;0;0;0;0;0;0;0;0;0;0;0;;;;;
2026-05-08;O_SISEE0526C43.00;SISE_05/2026_AVRUPA_OPSIYON;D_EQ;SSO;D_EQ_ECP;DE_SISE_ECP;SISE.E;2026-05-25;9.56;6.96;37.36;0;0;0;0;0;0;0;0;0;0;0;;;;;
2026-05-08;O_SISEE0526C44.00;SISE_05/2026_AVRUPA_OPSIYON;D_EQ;SSO;D_EQ_ECP;DE_SISE_ECP;SISE.E;2026-05-25;8.59;6.02;42.69;0;0;0;0;0;0;0;0;0;0;0;;;;;
2026-05-08;O_SISEE0526C45.00;SISE_05/2026_AVRUPA_OPSIYON;D_EQ;SSO;D_EQ_ECP;DE_SISE_ECP;SISE.E;2026-05-25;7.62;5.12;48.83;0;0;0;0;0;0;0;0;0;3;0;;;;;
2026-05-08;O_SISEE0526C46.00;SISE_05/2026_AVRUPA_OPSIYON;D_EQ;SSO;D_EQ_ECP;DE_SISE_ECP;SISE.E;2026-05-25;6.68;4.26;56.81;7.5;7.5;7.5;7.5;7.5;230000;37500;50;1;798;-50;;;;;
2026-05-08;O_SISEE0526C47.00;SISE_05/2026_AVRUPA_OPSIYON;D_EQ;SSO;D_EQ_ECP;DE_SISE_ECP;SISE.E;2026-05-25;5.76;3.47;65.99;0;0;0;0;0;0;0;0;0;225;0;;;;;
2026-05-08;O_SISEE0526C48.00;SISE_05/2026_AVRUPA_OPSIYON;D_EQ;SSO;D_EQ_ECP;DE_SISE_ECP;SISE.E;2026-05-25;4.87;2.76;76.45;3.24;3.24;5.49;5.49;4.81;4555200;456233;949;20;774;53;;;;;
2026-05-08;O_SISEE0526C49.00;SISE_05/2026_AVRUPA_OPSIYON;D_EQ;SSO;D_EQ_ECP;DE_SISE_ECP;SISE.E;2026-05-25;4.05;2.13;90.14;3.77;3.77;4.37;4.37;4.03;4880400;401820;996;19;544;-200;;;;;
2026-05-08;O_SISEE0526C50.00;SISE_05/2026_AVRUPA_OPSIYON;D_EQ;SSO;D_EQ_ECP;DE_SISE_ECP;SISE.E;2026-05-25;3.29;1.6;105.63;2.32;2.32;2.96;2.96;2.67;1500000;80200;300;6;12298;0;;;;;
2026-05-08;O_SISEE0526C52.00;SISE_05/2026_AVRUPA_OPSIYON;D_EQ;SSO;D_EQ_ECP;DE_SISE_ECP;SISE.E;2026-05-25;2.02;0.83;143.37;1.9;1.9;2.2;2.2;2.1;780000;31500;150;3;6281;-50;;;;;
2026-05-08;O_SISEE0526C54.00;SISE_05/2026_AVRUPA_OPSIYON;D_EQ;SSO;D_EQ_ECP;DE_SISE_ECP;SISE.E;2026-05-25;1.12;0.38;194.74;0.32;0.32;1.18;1.17;0.96;4330800;76614;802;8;3762;250;;;;;
2026-05-08;O_SISEE0526C56.00;SISE_05/2026_AVRUPA_OPSIYON;D_EQ;SSO;D_EQ_ECP;DE_SISE_ECP;SISE.E;2026-05-25;0.55;0.16;243.75;0.45;0.45;0.55;0.54;0.53;1400000;13200;250;5;1250;250;;;;;
2026-05-08;O_SISEE0526C58.00;SISE_05/2026_AVRUPA_OPSIYON;D_EQ;SSO;D_EQ_ECP;DE_SISE_ECP;SISE.E;2026-05-25;0.25;0.06;316.67;0;0;0;0;0;0;0;0;0;2852;0;;;;;
2026-05-08;O_SISEE0526C60.00;SISE_05/2026_AVRUPA_OPSIYON;D_EQ;SSO;D_EQ_ECP;DE_SISE_ECP;SISE.E;2026-05-25;0.1;0.02;400;0;0;0;0;0;0;0;0;0;0;0;;;;;
2026-05-08;O_SISEE0526C62.00;SISE_05/2026_AVRUPA_OPSIYON;D_EQ;SSO;D_EQ_ECP;DE_SISE_ECP;SISE.E;2026-05-25;0.04;0.01;300;0;0;0;0;0;0;0;0;0;0;0;;;;;
2026-05-08;O_SISEE0526C64.00;SISE_05/2026_AVRUPA_OPSIYON;D_EQ;SSO;D_EQ_ECP;DE_SISE_ECP;SISE.E;2026-05-25;0.01;0.01;0;0;0;0;0;0;0;0;0;0;0;0;;;;;
2026-05-08;O_SISEE0526P37.00;SISE_05/2026_AVRUPA_OPSIYON;D_EQ;SSO;D_EQ_EPP;DE_SISE_EPP;SISE.E;2026-05-25;0.01;0.01;0;0;0;0;0;0;0;0;0;0;0;0;;;;;
2026-05-08;O_SISEE0526P38.00;SISE_05/2026_AVRUPA_OPSIYON;D_EQ;SSO;D_EQ_EPP;DE_SISE_EPP;SISE.E;2026-05-25;0.01;0.01;0;0;0;0;0;0;0;0;0;0;0;0;;;;;
2026-05-08;O_SISEE0526P39.00;SISE_05/2026_AVRUPA_OPSIYON;D_EQ;SSO;D_EQ_EPP;DE_SISE_EPP;SISE.E;2026-05-25;0.01;0.01;0;0;0;0;0;0;0;0;0;0;0;0;;;;;
2026-05-08;O_SISEE0526P40.00;SISE_05/2026_AVRUPA_OPSIYON;D_EQ;SSO;D_EQ_EPP;DE_SISE_EPP;SISE.E;2026-05-25;0.01;0.01;0;0;0;0;0;0;0;0;0;0;0;0;;;;;
2026-05-08;O_SISEE0526P41.00;SISE_05/2026_AVRUPA_OPSIYON;D_EQ;SSO;D_EQ_EPP;DE_SISE_EPP;SISE.E;2026-05-25;0.01;0.01;0;0;0;0;0;0;0;0;0;0;0;0;;;;;
2026-05-08;O_SISEE0526P42.00;SISE_05/2026_AVRUPA_OPSIYON;D_EQ;SSO;D_EQ_EPP;DE_SISE_EPP;SISE.E;2026-05-25;0.01;0.02;-50;0;0;0;0;0;0;0;0;0;0;0;;;;;
2026-05-08;O_SISEE0526P43.00;SISE_05/2026_AVRUPA_OPSIYON;D_EQ;SSO;D_EQ_EPP;DE_SISE_EPP;SISE.E;2026-05-25;0.01;0.04;-75;0;0;0;0;0;0;0;0;0;0;0;;;;;
2026-05-08;O_SISEE0526P44.00;SISE_05/2026_AVRUPA_OPSIYON;D_EQ;SSO;D_EQ_EPP;DE_SISE_EPP;SISE.E;2026-05-25;0.02;0.09;-77.78;0;0;0;0;0;0;0;0;0;0;0;;;;;
2026-05-08;O_SISEE0526P45.00;SISE_05/2026_AVRUPA_OPSIYON;D_EQ;SSO;D_EQ_EPP;DE_SISE_EPP;SISE.E;2026-05-25;0.03;0.16;-81.25;0;0;0;0;0;0;0;0;0;1;0;;;;;
2026-05-08;O_SISEE0526P46.00;SISE_05/2026_AVRUPA_OPSIYON;D_EQ;SSO;D_EQ_EPP;DE_SISE_EPP;SISE.E;2026-05-25;0.07;0.29;-75.86;0;0;0;0;0;0;0;0;0;2583;0;;;;;
2026-05-08;O_SISEE0526P47.00;SISE_05/2026_AVRUPA_OPSIYON;D_EQ;SSO;D_EQ_EPP;DE_SISE_EPP;SISE.E;2026-05-25;0.13;0.48;-72.92;0;0;0;0;0;0;0;0;0;426;0;;;;;
2026-05-08;O_SISEE0526P48.00;SISE_05/2026_AVRUPA_OPSIYON;D_EQ;SSO;D_EQ_EPP;DE_SISE_EPP;SISE.E;2026-05-25;0.23;0.75;-69.33;0.46;0.46;0.46;0.46;0.46;2400000;23000;500;2;1221;-500;;;;;
2026-05-08;O_SISEE0526P49.00;SISE_05/2026_AVRUPA_OPSIYON;D_EQ;SSO;D_EQ_EPP;DE_SISE_EPP;SISE.E;2026-05-25;0.39;1.1;-64.55;0.78;0.21;0.78;0.21;0.65;2616600;34577;534;6;533;433;;;;;
2026-05-08;O_SISEE0526P50.00;SISE_05/2026_AVRUPA_OPSIYON;D_EQ;SSO;D_EQ_EPP;DE_SISE_EPP;SISE.E;2026-05-25;0.61;1.56;-60.9;0.57;0.35;0.57;0.35;0.49;1615000;15705;323;7;238;200;;;;;
2026-05-08;O_SISEE0526P52.00;SISE_05/2026_AVRUPA_OPSIYON;D_EQ;SSO;D_EQ_EPP;DE_SISE_EPP;SISE.E;2026-05-25;1.31;2.75;-52.36;1.18;0.98;1.2;0.98;1.13;3666000;79800;705;12;826;-45;;;;;
2026-05-08;O_SISEE0526P54.00;SISE_05/2026_AVRUPA_OPSIYON;D_EQ;SSO;D_EQ_EPP;DE_SISE_EPP;SISE.E;2026-05-25;2.37;4.26;-44.37;0;0;0;0;0;0;0;0;0;0;0;;;;;
2026-05-08;O_SISEE0626C47.00;SISE_06/2026_AVRUPA_OPSIYON;D_EQ;SSO;D_EQ_ECP;DE_SISE_ECP;SISE.E;2026-06-30;7.8;5.59;39.53;0;0;0;0;0;0;0;0;0;1;0;;;;;
2026-05-08;O_SISEE0626C48.00;SISE_06/2026_AVRUPA_OPSIYON;D_EQ;SSO;D_EQ_ECP;DE_SISE_ECP;SISE.E;2026-06-30;7.02;4.92;42.68;0;0;0;0;0;0;0;0;0;125;0;;;;;
2026-05-08;O_SISEE0626C49.00;SISE_06/2026_AVRUPA_OPSIYON;D_EQ;SSO;D_EQ_ECP;DE_SISE_ECP;SISE.E;2026-06-30;6.28;4.29;46.39;0;0;0;0;0;0;0;0;0;75;0;;;;;
2026-05-08;O_SISEE0626C50.00;SISE_06/2026_AVRUPA_OPSIYON;D_EQ;SSO;D_EQ_ECP;DE_SISE_ECP;SISE.E;2026-06-30;5.58;3.71;50.4;0;0;0;0;0;0;0;0;0;100;0;;;;;
2026-05-08;O_SISEE0626C52.00;SISE_06/2026_AVRUPA_OPSIYON;D_EQ;SSO;D_EQ_ECP;DE_SISE_ECP;SISE.E;2026-06-30;4.32;2.72;58.82;0;0;0;0;0;0;0;0;0;25;0;;;;;
2026-05-08;O_SISEE0626C54.00;SISE_06/2026_AVRUPA_OPSIYON;D_EQ;SSO;D_EQ_ECP;DE_SISE_ECP;SISE.E;2026-06-30;3.25;1.93;68.39;0;0;0;0;0;16200000;978000;3000;1;3253;3000;;;;;
2026-05-08;O_SISEE0626C56.00;SISE_06/2026_AVRUPA_OPSIYON;D_EQ;SSO;D_EQ_ECP;DE_SISE_ECP;SISE.E;2026-06-30;2.38;1.33;78.95;0;0;0;0;0;0;0;0;0;1860;0;;;;;
2026-05-08;O_SISEE0626C58.00;SISE_06/2026_AVRUPA_OPSIYON;D_EQ;SSO;D_EQ_ECP;DE_SISE_ECP;SISE.E;2026-06-30;1.7;0.89;91.01;0;0;0;0;0;0;0;0;0;400;0;;;;;
2026-05-08;O_SISEE0626C60.00;SISE_06/2026_AVRUPA_OPSIYON;D_EQ;SSO;D_EQ_ECP;DE_SISE_ECP;SISE.E;2026-06-30;1.18;0.58;103.45;0;0;0;0;0;0;0;0;0;1400;0;;;;;
2026-05-08;O_SISEE0626C62.00;SISE_06/2026_AVRUPA_OPSIYON;D_EQ;SSO;D_EQ_ECP;DE_SISE_ECP;SISE.E;2026-06-30;0.8;0.37;116.22;0;0;0;0;0;0;0;0;0;801;0;;;;;
2026-05-08;O_SISEE0626C64.00;SISE_06/2026_AVRUPA_OPSIYON;D_EQ;SSO;D_EQ_ECP;DE_SISE_ECP;SISE.E;2026-06-30;0.53;0.23;130.43;0;0;0;0;0;0;0;0;0;0;0;;;;;
2026-05-08;O_SISEE0626P42.00;SISE_06/2026_AVRUPA_OPSIYON;D_EQ;SSO;D_EQ_EPP;DE_SISE_EPP;SISE.E;2026-06-30;0.07;0.17;-58.82;0;0;0;0;0;0;0;0;0;0;0;;;;;
2026-05-08;O_SISEE0626P43.00;SISE_06/2026_AVRUPA_OPSIYON;D_EQ;SSO;D_EQ_EPP;DE_SISE_EPP;SISE.E;2026-06-30;0.11;0.25;-56;0;0;0;0;0;0;0;0;0;0;0;;;;;
2026-05-08;O_SISEE0626P44.00;SISE_06/2026_AVRUPA_OPSIYON;D_EQ;SSO;D_EQ_EPP;DE_SISE_EPP;SISE.E;2026-06-30;0.17;0.36;-52.78;0;0;0;0;0;0;0;0;0;0;0;;;;;
2026-05-08;O_SISEE0626P45.00;SISE_06/2026_AVRUPA_OPSIYON;D_EQ;SSO;D_EQ_EPP;DE_SISE_EPP;SISE.E;2026-06-30;0.25;0.5;-50;0;0;0;0;0;0;0;0;0;0;0;;;;;
2026-05-08;O_SISEE0626P46.00;SISE_06/2026_AVRUPA_OPSIYON;D_EQ;SSO;D_EQ_EPP;DE_SISE_EPP;SISE.E;2026-06-30;0.35;0.68;-48.53;0;0;0;0;0;0;0;0;0;0;0;;;;;
2026-05-08;O_SISEE0626P47.00;SISE_06/2026_AVRUPA_OPSIYON;D_EQ;SSO;D_EQ_EPP;DE_SISE_EPP;SISE.E;2026-06-30;0.48;0.9;-46.67;0;0;0;0;0;0;0;0;0;0;0;;;;;
2026-05-08;O_SISEE0626P48.00;SISE_06/2026_AVRUPA_OPSIYON;D_EQ;SSO;D_EQ_EPP;DE_SISE_EPP;SISE.E;2026-06-30;0.65;1.17;-44.44;0;0;0;0;0;0;0;0;0;0;0;;;;;
2026-05-08;O_SISEE0626P49.00;SISE_06/2026_AVRUPA_OPSIYON;D_EQ;SSO;D_EQ_EPP;DE_SISE_EPP;SISE.E;2026-06-30;0.85;1.49;-42.95;0;0;0;0;0;0;0;0;0;0;0;;;;;
2026-05-08;O_SISEE0626P50.00;SISE_06/2026_AVRUPA_OPSIYON;D_EQ;SSO;D_EQ_EPP;DE_SISE_EPP;SISE.E;2026-06-30;1.1;1.86;-40.86;0;0;0;0;0;0;0;0;0;303;0;;;;;
2026-05-08;O_SISEE0626P52.00;SISE_06/2026_AVRUPA_OPSIYON;D_EQ;SSO;D_EQ_EPP;DE_SISE_EPP;SISE.E;2026-06-30;1.73;2.76;-37.32;0;0;0;0;0;0;0;0;0;100;0;;;;;
2026-05-08;O_SISEE0626P54.00;SISE_06/2026_AVRUPA_OPSIYON;D_EQ;SSO;D_EQ_EPP;DE_SISE_EPP;SISE.E;2026-06-30;2.55;3.86;-33.94;0;0;0;0;0;0;0;0;0;75;0;;;;;
2026-05-08;O_SISEE0726C49.00;SISE_07/2026_AVRUPA_OPSIYON;D_EQ;SSO;D_EQ_ECP;DE_SISE_ECP;SISE.E;2026-07-31;8.56;6.42;33.33;0;0;0;0;0;0;0;0;0;0;0;;;;;
2026-05-08;O_SISEE0726C50.00;SISE_07/2026_AVRUPA_OPSIYON;D_EQ;SSO;D_EQ_ECP;DE_SISE_ECP;SISE.E;2026-07-31;7.86;5.8;35.52;0;0;0;0;0;0;0;0;0;0;0;;;;;
2026-05-08;O_SISEE0726C52.00;SISE_07/2026_AVRUPA_OPSIYON;D_EQ;SSO;D_EQ_ECP;DE_SISE_ECP;SISE.E;2026-07-31;6.55;4.68;39.96;0;0;0;0;0;0;0;0;0;0;0;;;;;
2026-05-08;O_SISEE0726C54.00;SISE_07/2026_AVRUPA_OPSIYON;D_EQ;SSO;D_EQ_ECP;DE_SISE_ECP;SISE.E;2026-07-31;5.39;3.72;44.89;0;0;0;0;0;0;0;0;0;0;0;;;;;
2026-05-08;O_SISEE0726C56.00;SISE_07/2026_AVRUPA_OPSIYON;D_EQ;SSO;D_EQ_ECP;DE_SISE_ECP;SISE.E;2026-07-31;4.37;2.91;50.17;0;0;0;0;0;0;0;0;0;0;0;;;;;
2026-05-08;O_SISEE0726C58.00;SISE_07/2026_AVRUPA_OPSIYON;D_EQ;SSO;D_EQ_ECP;DE_SISE_ECP;SISE.E;2026-07-31;3.49;2.24;55.8;0;0;0;0;0;0;0;0;0;0;0;;;;;
2026-05-08;O_SISEE0726C60.00;SISE_07/2026_AVRUPA_OPSIYON;D_EQ;SSO;D_EQ_ECP;DE_SISE_ECP;SISE.E;2026-07-31;2.75;1.7;61.76;0;0;0;0;0;0;0;0;0;0;0;;;;;
2026-05-08;O_SISEE0726C62.00;SISE_07/2026_AVRUPA_OPSIYON;D_EQ;SSO;D_EQ_ECP;DE_SISE_ECP;SISE.E;2026-07-31;2.14;1.27;68.5;0;0;0;0;0;0;0;0;0;0;0;;;;;
2026-05-08;O_SISEE0726C64.00;SISE_07/2026_AVRUPA_OPSIYON;D_EQ;SSO;D_EQ_ECP;DE_SISE_ECP;SISE.E;2026-07-31;1.64;0.94;74.47;0;0;0;0;0;0;0;0;0;0;0;;;;;
2026-05-08;O_SISEE0726C66.00;SISE_07/2026_AVRUPA_OPSIYON;D_EQ;SSO;D_EQ_ECP;DE_SISE_ECP;SISE.E;2026-07-31;1.25;0.68;83.82;0;0;0;0;0;0;0;0;0;0;0;;;;;
2026-05-08;O_SISEE0726P44.00;SISE_07/2026_AVRUPA_OPSIYON;D_EQ;SSO;D_EQ_EPP;DE_SISE_EPP;SISE.E;2026-07-31;0.23;0.4;-42.5;0;0;0;0;0;0;0;0;0;0;0;;;;;
2026-05-08;O_SISEE0726P45.00;SISE_07/2026_AVRUPA_OPSIYON;D_EQ;SSO;D_EQ_EPP;DE_SISE_EPP;SISE.E;2026-07-31;0.3;0.52;-42.31;0;0;0;0;0;0;0;0;0;0;0;;;;;
2026-05-08;O_SISEE0726P46.00;SISE_07/2026_AVRUPA_OPSIYON;D_EQ;SSO;D_EQ_EPP;DE_SISE_EPP;SISE.E;2026-07-31;0.4;0.68;-41.18;0;0;0;0;0;0;0;0;0;0;0;;;;;
2026-05-08;O_SISEE0726P47.00;SISE_07/2026_AVRUPA_OPSIYON;D_EQ;SSO;D_EQ_EPP;DE_SISE_EPP;SISE.E;2026-07-31;0.52;0.86;-39.53;0;0;0;0;0;0;0;0;0;0;0;;;;;
2026-05-08;O_SISEE0726P48.00;SISE_07/2026_AVRUPA_OPSIYON;D_EQ;SSO;D_EQ_EPP;DE_SISE_EPP;SISE.E;2026-07-31;0.66;1.07;-38.32;0;0;0;0;0;0;0;0;0;0;0;;;;;
2026-05-08;O_SISEE0726P49.00;SISE_07/2026_AVRUPA_OPSIYON;D_EQ;SSO;D_EQ_EPP;DE_SISE_EPP;SISE.E;2026-07-31;0.83;1.32;-37.12;0;0;0;0;0;0;0;0;0;0;0;;;;;
2026-05-08;O_SISEE0726P50.00;SISE_07/2026_AVRUPA_OPSIYON;D_EQ;SSO;D_EQ_EPP;DE_SISE_EPP;SISE.E;2026-07-31;1.03;1.6;-35.63;0;0;0;0;0;0;0;0;0;0;0;;;;;
2026-05-08;O_SISEE0726P52.00;SISE_07/2026_AVRUPA_OPSIYON;D_EQ;SSO;D_EQ_EPP;DE_SISE_EPP;SISE.E;2026-07-31;1.53;2.28;-32.89;0;0;0;0;0;0;0;0;0;0;0;;;;;
2026-05-08;O_SISEE0726P54.00;SISE_07/2026_AVRUPA_OPSIYON;D_EQ;SSO;D_EQ_EPP;DE_SISE_EPP;SISE.E;2026-07-31;2.16;3.12;-30.77;0;0;0;0;0;0;0;0;0;0;0;;;;;
2026-05-08;O_SISEE0726P56.00;SISE_07/2026_AVRUPA_OPSIYON;D_EQ;SSO;D_EQ_EPP;DE_SISE_EPP;SISE.E;2026-07-31;2.94;4.1;-28.29;0;0;0;0;0;0;0;0;0;0;0;;;;;
2026-05-08;O_TAVHLE0526C270.00;TAVHL_05/2026_AVRUPA_OPSIYON;D_EQ;SSO;D_EQ_ECP;DE_TAVHL_ECP;TAVHL.E;2026-05-25;21.32;26.77;-20.36;0;0;0;0;0;0;0;0;0;1;0;;;;;
2026-05-08;O_TAVHLE0526C280.00;TAVHL_05/2026_AVRUPA_OPSIYON;D_EQ;SSO;D_EQ_ECP;DE_TAVHL_ECP;TAVHL.E;2026-05-25;14.31;19.05;-24.88;0;0;0;0;0;0;0;0;0;23;0;;;;;
2026-05-08;O_TAVHLE0526C290.00;TAVHL_05/2026_AVRUPA_OPSIYON;D_EQ;SSO;D_EQ_ECP;DE_TAVHL_ECP;TAVHL.E;2026-05-25;8.89;12.69;-29.94;9.75;9.75;9.75;9.75;9.75;870000;29250;30;3;58;30;;;;;
2026-05-08;O_TAVHLE0526C300.00;TAVHL_05/2026_AVRUPA_OPSIYON;D_EQ;SSO;D_EQ_ECP;DE_TAVHL_ECP;TAVHL.E;2026-05-25;5.08;7.87;-35.45;5.8;5.8;5.8;5.8;5.8;30000;580;1;1;222;-1;;;;;
2026-05-08;O_TAVHLE0526C310.00;TAVHL_05/2026_AVRUPA_OPSIYON;D_EQ;SSO;D_EQ_ECP;DE_TAVHL_ECP;TAVHL.E;2026-05-25;2.67;4.53;-41.06;0;0;0;0;0;0;0;0;0;120;0;;;;;
2026-05-08;O_TAVHLE0526C320.00;TAVHL_05/2026_AVRUPA_OPSIYON;D_EQ;SSO;D_EQ_ECP;DE_TAVHL_ECP;TAVHL.E;2026-05-25;1.28;2.42;-47.11;0;0;0;0;0;0;0;0;0;40;0;;;;;
2026-05-08;O_TAVHLE0526C330.00;TAVHL_05/2026_AVRUPA_OPSIYON;D_EQ;SSO;D_EQ_ECP;DE_TAVHL_ECP;TAVHL.E;2026-05-25;0.57;1.2;-52.5;0;0;0;0;0;0;0;0;0;30;0;;;;;
2026-05-08;O_TAVHLE0526C340.00;TAVHL_05/2026_AVRUPA_OPSIYON;D_EQ;SSO;D_EQ_ECP;DE_TAVHL_ECP;TAVHL.E;2026-05-25;0.23;0.55;-58.18;0;0;0;0;0;0;0;0;0;10;0;;;;;
2026-05-08;O_TAVHLE0526C350.00;TAVHL_05/2026_AVRUPA_OPSIYON;D_EQ;SSO;D_EQ_ECP;DE_TAVHL_ECP;TAVHL.E;2026-05-25;0.09;0.24;-62.5;0;0;0;0;0;0;0;0;0;0;0;;;;;
2026-05-08;O_TAVHLE0526C360.00;TAVHL_05/2026_AVRUPA_OPSIYON;D_EQ;SSO;D_EQ_ECP;DE_TAVHL_ECP;TAVHL.E;2026-05-25;0.03;0.09;-66.67;0;0;0;0;0;0;0;0;0;0;0;;;;;
2026-05-08;O_TAVHLE0526C370.00;TAVHL_05/2026_AVRUPA_OPSIYON;D_EQ;SSO;D_EQ_ECP;DE_TAVHL_ECP;TAVHL.E;2026-05-25;0.01;0.04;-75;0;0;0;0;0;0;0;0;0;0;0;;;;;
2026-05-08;O_TAVHLE0526C380.00;TAVHL_05/2026_AVRUPA_OPSIYON;D_EQ;SSO;D_EQ_ECP;DE_TAVHL_ECP;TAVHL.E;2026-05-25;0.01;0.01;0;0;0;0;0;0;0;0;0;0;0;0;;;;;
2026-05-08;O_TAVHLE0526C390.00;TAVHL_05/2026_AVRUPA_OPSIYON;D_EQ;SSO;D_EQ_ECP;DE_TAVHL_ECP;TAVHL.E;2026-05-25;0.01;0.01;0;0;0;0;0;0;0;0;0;0;0;0;;;;;
2026-05-08;O_TAVHLE0526C400.00;TAVHL_05/2026_AVRUPA_OPSIYON;D_EQ;SSO;D_EQ_ECP;DE_TAVHL_ECP;TAVHL.E;2026-05-25;0.01;0.01;0;0;0;0;0;0;0;0;0;0;0;0;;;;;
2026-05-08;O_TAVHLE0526C410.00;TAVHL_05/2026_AVRUPA_OPSIYON;D_EQ;SSO;D_EQ_ECP;DE_TAVHL_ECP;TAVHL.E;2026-05-25;0.01;0.01;0;0;0;0;0;0;0;0;0;0;0;0;;;;;
2026-05-08;O_TAVHLE0526C420.00;TAVHL_05/2026_AVRUPA_OPSIYON;D_EQ;SSO;D_EQ_ECP;DE_TAVHL_ECP;TAVHL.E;2026-05-25;0.01;0.01;0;0;0;0;0;0;0;0;0;0;0;0;;;;;
2026-05-08;O_TAVHLE0526P235.00;TAVHL_05/2026_AVRUPA_OPSIYON;D_EQ;SSO;D_EQ_EPP;DE_TAVHL_EPP;TAVHL.E;2026-05-25;0.04;0.02;100;0;0;0;0;0;0;0;0;0;0;0;;;;;
2026-05-08;O_TAVHLE0526P240.00;TAVHL_05/2026_AVRUPA_OPSIYON;D_EQ;SSO;D_EQ_EPP;DE_TAVHL_EPP;TAVHL.E;2026-05-25;0.09;0.05;80;0;0;0;0;0;0;0;0;0;0;0;;;;;
2026-05-08;O_TAVHLE0526P245.00;TAVHL_05/2026_AVRUPA_OPSIYON;D_EQ;SSO;D_EQ_EPP;DE_TAVHL_EPP;TAVHL.E;2026-05-25;0.18;0.11;63.64;0;0;0;0;0;0;0;0;0;0;0;;;;;
2026-05-08;O_TAVHLE0526P250.00;TAVHL_05/2026_AVRUPA_OPSIYON;D_EQ;SSO;D_EQ_EPP;DE_TAVHL_EPP;TAVHL.E;2026-05-25;0.34;0.21;61.9;0;0;0;0;0;0;0;0;0;0;0;;;;;
2026-05-08;O_TAVHLE0526P260.00;TAVHL_05/2026_AVRUPA_OPSIYON;D_EQ;SSO;D_EQ_EPP;DE_TAVHL_EPP;TAVHL.E;2026-05-25;1.04;0.68;52.94;0;0;0;0;0;0;0;0;0;0;0;;;;;
2026-05-08;O_TAVHLE0526P270.00;TAVHL_05/2026_AVRUPA_OPSIYON;D_EQ;SSO;D_EQ_EPP;DE_TAVHL_EPP;TAVHL.E;2026-05-25;2.58;1.76;46.59;2.6;2.6;2.6;2.6;2.6;270000;2600;10;1;100;-10;;;;;
2026-05-08;O_TAVHLE0526P280.00;TAVHL_05/2026_AVRUPA_OPSIYON;D_EQ;SSO;D_EQ_EPP;DE_TAVHL_EPP;TAVHL.E;2026-05-25;5.4;3.85;40.26;4.8;3.95;4.8;3.95;4.38;1400000;21875;50;2;50;0;;;;;
2026-05-08;O_TAVHLE0526P290.00;TAVHL_05/2026_AVRUPA_OPSIYON;D_EQ;SSO;D_EQ_EPP;DE_TAVHL_EPP;TAVHL.E;2026-05-25;9.8;7.3;34.25;0;0;0;0;0;0;0;0;0;110;0;;;;;
2026-05-08;O_TAVHLE0526P300.00;TAVHL_05/2026_AVRUPA_OPSIYON;D_EQ;SSO;D_EQ_EPP;DE_TAVHL_EPP;TAVHL.E;2026-05-25;15.82;12.3;28.62;14.1;14.1;14.1;14.1;14.1;1200000;56400;40;4;40;40;;;;;
2026-05-08;O_TAVHLE0526P310.00;TAVHL_05/2026_AVRUPA_OPSIYON;D_EQ;SSO;D_EQ_EPP;DE_TAVHL_EPP;TAVHL.E;2026-05-25;23.23;18.77;23.76;0;0;0;0;0;0;0;0;0;0;0;;;;;
2026-05-08;O_TAVHLE0526P320.00;TAVHL_05/2026_AVRUPA_OPSIYON;D_EQ;SSO;D_EQ_EPP;DE_TAVHL_EPP;TAVHL.E;2026-05-25;31.67;26.48;19.6;0;0;0;0;0;0;0;0;0;0;0;;;;;
2026-05-08;O_TAVHLE0526P330.00;TAVHL_05/2026_AVRUPA_OPSIYON;D_EQ;SSO;D_EQ_EPP;DE_TAVHL_EPP;TAVHL.E;2026-05-25;40.78;35.07;16.28;0;0;0;0;0;0;0;0;0;4;0;;;;;
2026-05-08;O_TAVHLE0526P340.00;TAVHL_05/2026_AVRUPA_OPSIYON;D_EQ;SSO;D_EQ_EPP;DE_TAVHL_EPP;TAVHL.E;2026-05-25;50.27;44.24;13.63;0;0;0;0;0;0;0;0;0;0;0;;;;;
2026-05-08;O_TAVHLE0526P350.00;TAVHL_05/2026_AVRUPA_OPSIYON;D_EQ;SSO;D_EQ_EPP;DE_TAVHL_EPP;TAVHL.E;2026-05-25;59.95;53.74;11.56;0;0;0;0;0;0;0;0;0;0;0;;;;;
2026-05-08;O_TAVHLE0526P360.00;TAVHL_05/2026_AVRUPA_OPSIYON;D_EQ;SSO;D_EQ_EPP;DE_TAVHL_EPP;TAVHL.E;2026-05-25;69.72;63.41;9.95;0;0;0;0;0;0;0;0;0;10;0;;;;;
2026-05-08;O_TAVHLE0526P370.00;TAVHL_05/2026_AVRUPA_OPSIYON;D_EQ;SSO;D_EQ_EPP;DE_TAVHL_EPP;TAVHL.E;2026-05-25;79.52;73.17;8.68;0;0;0;0;0;0;0;0;0;30;0;;;;;
2026-05-08;O_TAVHLE0626C280.00;TAVHL_06/2026_AVRUPA_OPSIYON;D_EQ;SSO;D_EQ_ECP;DE_TAVHL_ECP;TAVHL.E;2026-06-30;27.19;31.98;-14.98;0;0;0;0;0;0;0;0;0;10;0;;;;;
2026-05-08;O_TAVHLE0626C290.00;TAVHL_06/2026_AVRUPA_OPSIYON;D_EQ;SSO;D_EQ_ECP;DE_TAVHL_ECP;TAVHL.E;2026-06-30;21.41;25.7;-16.69;0;0;0;0;0;0;0;0;0;10;0;;;;;
2026-05-08;O_TAVHLE0626C300.00;TAVHL_06/2026_AVRUPA_OPSIYON;D_EQ;SSO;D_EQ_ECP;DE_TAVHL_ECP;TAVHL.E;2026-06-30;16.51;20.26;-18.51;0;0;0;0;0;0;0;0;0;0;0;;;;;
2026-05-08;O_TAVHLE0626C310.00;TAVHL_06/2026_AVRUPA_OPSIYON;D_EQ;SSO;D_EQ_ECP;DE_TAVHL_ECP;TAVHL.E;2026-06-30;12.46;15.66;-20.43;0;0;0;0;0;0;0;0;0;0;0;;;;;
2026-05-08;O_TAVHLE0626C320.00;TAVHL_06/2026_AVRUPA_OPSIYON;D_EQ;SSO;D_EQ_ECP;DE_TAVHL_ECP;TAVHL.E;2026-06-30;9.22;11.88;-22.39;0;0;0;0;0;0;0;0;0;0;0;;;;;
2026-05-08;O_TAVHLE0626C330.00;TAVHL_06/2026_AVRUPA_OPSIYON;D_EQ;SSO;D_EQ_ECP;DE_TAVHL_ECP;TAVHL.E;2026-06-30;6.68;8.84;-24.43;0;0;0;0;0;0;0;0;0;10;0;;;;;
2026-05-08;O_TAVHLE0626C340.00;TAVHL_06/2026_AVRUPA_OPSIYON;D_EQ;SSO;D_EQ_ECP;DE_TAVHL_ECP;TAVHL.E;2026-06-30;4.75;6.46;-26.47;0;0;0;0;0;0;0;0;0;0;0;;;;;
2026-05-08;O_TAVHLE0626C350.00;TAVHL_06/2026_AVRUPA_OPSIYON;D_EQ;SSO;D_EQ_ECP;DE_TAVHL_ECP;TAVHL.E;2026-06-30;3.32;4.64;-28.45;0;0;0;0;0;0;0;0;0;0;0;;;;;
2026-05-08;O_TAVHLE0626C360.00;TAVHL_06/2026_AVRUPA_OPSIYON;D_EQ;SSO;D_EQ_ECP;DE_TAVHL_ECP;TAVHL.E;2026-06-30;2.28;3.27;-30.28;0;0;0;0;0;0;0;0;0;0;0;;;;;
2026-05-08;O_TAVHLE0626C370.00;TAVHL_06/2026_AVRUPA_OPSIYON;D_EQ;SSO;D_EQ_ECP;DE_TAVHL_ECP;TAVHL.E;2026-06-30;1.54;2.27;-32.16;0;0;0;0;0;0;0;0;0;0;0;;;;;
2026-05-08;O_TAVHLE0626C380.00;TAVHL_06/2026_AVRUPA_OPSIYON;D_EQ;SSO;D_EQ_ECP;DE_TAVHL_ECP;TAVHL.E;2026-06-30;1.02;1.56;-34.62;0;0;0;0;0;0;0;0;0;0;0;;;;;
2026-05-08;O_TAVHLE0626C390.00;TAVHL_06/2026_AVRUPA_OPSIYON;D_EQ;SSO;D_EQ_ECP;DE_TAVHL_ECP;TAVHL.E;2026-06-30;0.67;1.05;-36.19;0;0;0;0;0;0;0;0;0;0;0;;;;;
2026-05-08;O_TAVHLE0626C400.00;TAVHL_06/2026_AVRUPA_OPSIYON;D_EQ;SSO;D_EQ_ECP;DE_TAVHL_ECP;TAVHL.E;2026-06-30;0.43;0.7;-38.57;0;0;0;0;0;0;0;0;0;0;0;;;;;
2026-05-08;O_TAVHLE0626C410.00;TAVHL_06/2026_AVRUPA_OPSIYON;D_EQ;SSO;D_EQ_ECP;DE_TAVHL_ECP;TAVHL.E;2026-06-30;0.27;0.46;-41.3;0;0;0;0;0;0;0;0;0;0;0;;;;;
2026-05-08;O_TAVHLE0626C420.00;TAVHL_06/2026_AVRUPA_OPSIYON;D_EQ;SSO;D_EQ_ECP;DE_TAVHL_ECP;TAVHL.E;2026-06-30;0.17;0.3;-43.33;0;0;0;0;0;0;0;0;0;0;0;;;;;
2026-05-08;O_TAVHLE0626C430.00;TAVHL_06/2026_AVRUPA_OPSIYON;D_EQ;SSO;D_EQ_ECP;DE_TAVHL_ECP;TAVHL.E;2026-06-30;0.11;0.19;-42.11;0;0;0;0;0;0;0;0;0;0;0;;;;;
2026-05-08;O_TAVHLE0626C440.00;TAVHL_06/2026_AVRUPA_OPSIYON;D_EQ;SSO;D_EQ_ECP;DE_TAVHL_ECP;TAVHL.E;2026-06-30;0.07;0.12;-41.67;0;0;0;0;0;0;0;0;0;0;0;;;;;
2026-05-08;O_TAVHLE0626P240.00;TAVHL_06/2026_AVRUPA_OPSIYON;D_EQ;SSO;D_EQ_EPP;DE_TAVHL_EPP;TAVHL.E;2026-06-30;0.99;0.75;32;0;0;0;0;0;0;0;0;0;0;0;;;;;
2026-05-08;O_TAVHLE0626P245.00;TAVHL_06/2026_AVRUPA_OPSIYON;D_EQ;SSO;D_EQ_EPP;DE_TAVHL_EPP;TAVHL.E;2026-06-30;1.38;1.06;30.19;1.5;1.5;1.5;1.5;1.5;24500;150;1;1;1;1;;;;;
2026-05-08;O_TAVHLE0626P250.00;TAVHL_06/2026_AVRUPA_OPSIYON;D_EQ;SSO;D_EQ_EPP;DE_TAVHL_EPP;TAVHL.E;2026-06-30;1.88;1.45;29.66;0;0;0;0;0;0;0;0;0;0;0;;;;;
2026-05-08;O_TAVHLE0626P260.00;TAVHL_06/2026_AVRUPA_OPSIYON;D_EQ;SSO;D_EQ_EPP;DE_TAVHL_EPP;TAVHL.E;2026-06-30;3.28;2.59;26.64;0;0;0;0;0;0;0;0;0;0;0;;;;;
2026-05-08;O_TAVHLE0626P270.00;TAVHL_06/2026_AVRUPA_OPSIYON;D_EQ;SSO;D_EQ_EPP;DE_TAVHL_EPP;TAVHL.E;2026-06-30;5.33;4.29;24.24;0;0;0;0;0;0;0;0;0;0;0;;;;;
2026-05-08;O_TAVHLE0626P280.00;TAVHL_06/2026_AVRUPA_OPSIYON;D_EQ;SSO;D_EQ_EPP;DE_TAVHL_EPP;TAVHL.E;2026-06-30;8.16;6.68;22.16;0;0;0;0;0;0;0;0;0;0;0;;;;;
2026-05-08;O_TAVHLE0626P290.00;TAVHL_06/2026_AVRUPA_OPSIYON;D_EQ;SSO;D_EQ_EPP;DE_TAVHL_EPP;TAVHL.E;2026-06-30;11.84;9.85;20.2;0;0;0;0;0;0;0;0;0;0;0;;;;;
2026-05-08;O_TAVHLE0626P300.00;TAVHL_06/2026_AVRUPA_OPSIYON;D_EQ;SSO;D_EQ_EPP;DE_TAVHL_EPP;TAVHL.E;2026-06-30;16.4;13.86;18.33;0;0;0;0;0;0;0;0;0;0;0;;;;;
2026-05-08;O_TAVHLE0626P310.00;TAVHL_06/2026_AVRUPA_OPSIYON;D_EQ;SSO;D_EQ_EPP;DE_TAVHL_EPP;TAVHL.E;2026-06-30;21.82;18.71;16.62;0;0;0;0;0;0;0;0;0;0;0;;;;;
2026-05-08;O_TAVHLE0626P320.00;TAVHL_06/2026_AVRUPA_OPSIYON;D_EQ;SSO;D_EQ_EPP;DE_TAVHL_EPP;TAVHL.E;2026-06-30;28.04;24.38;15.01;27.6;27.6;27.6;27.6;27.6;960000;82800;30;3;30;30;;;;;
2026-05-08;O_TAVHLE0626P330.00;TAVHL_06/2026_AVRUPA_OPSIYON;D_EQ;SSO;D_EQ_EPP;DE_TAVHL_EPP;TAVHL.E;2026-06-30;34.97;30.8;13.54;0;0;0;0;0;0;0;0;0;0;0;;;;;
2026-05-08;O_TAVHLE0626P340.00;TAVHL_06/2026_AVRUPA_OPSIYON;D_EQ;SSO;D_EQ_EPP;DE_TAVHL_EPP;TAVHL.E;2026-06-30;42.5;37.87;12.23;0;0;0;0;0;0;0;0;0;0;0;;;;;
2026-05-08;O_TAVHLE0626P350.00;TAVHL_06/2026_AVRUPA_OPSIYON;D_EQ;SSO;D_EQ_EPP;DE_TAVHL_EPP;TAVHL.E;2026-06-30;50.53;45.5;11.05;0;0;0;0;0;0;0;0;0;0;0;;;;;
2026-05-08;O_TAVHLE0626P360.00;TAVHL_06/2026_AVRUPA_OPSIYON;D_EQ;SSO;D_EQ_EPP;DE_TAVHL_EPP;TAVHL.E;2026-06-30;58.95;53.59;10;0;0;0;0;0;0;0;0;0;0;0;;;;;
2026-05-08;O_TAVHLE0626P370.00;TAVHL_06/2026_AVRUPA_OPSIYON;D_EQ;SSO;D_EQ_EPP;DE_TAVHL_EPP;TAVHL.E;2026-06-30;67.67;62.05;9.06;0;0;0;0;0;0;0;0;0;0;0;;;;;
2026-05-08;O_TAVHLE0626P380.00;TAVHL_06/2026_AVRUPA_OPSIYON;D_EQ;SSO;D_EQ_EPP;DE_TAVHL_EPP;TAVHL.E;2026-06-30;76.62;70.78;8.25;0;0;0;0;0;0;0;0;0;0;0;;;;;
2026-05-08;O_TAVHLE0626P390.00;TAVHL_06/2026_AVRUPA_OPSIYON;D_EQ;SSO;D_EQ_EPP;DE_TAVHL_EPP;TAVHL.E;2026-06-30;85.73;79.73;7.53;0;0;0;0;0;0;0;0;0;0;0;;;;;
2026-05-08;O_TAVHLE0726C290.00;TAVHL_07/2026_AVRUPA_OPSIYON;D_EQ;SSO;D_EQ_ECP;DE_TAVHL_ECP;TAVHL.E;2026-07-31;33.52;38.32;-12.53;0;0;0;0;0;0;0;0;0;0;0;;;;;
2026-05-08;O_TAVHLE0726C300.00;TAVHL_07/2026_AVRUPA_OPSIYON;D_EQ;SSO;D_EQ_ECP;DE_TAVHL_ECP;TAVHL.E;2026-07-31;28.04;32.46;-13.62;0;0;0;0;0;0;0;0;0;0;0;;;;;
2026-05-08;O_TAVHLE0726C310.00;TAVHL_07/2026_AVRUPA_OPSIYON;D_EQ;SSO;D_EQ_ECP;DE_TAVHL_ECP;TAVHL.E;2026-07-31;23.19;27.2;-14.74;0;0;0;0;0;0;0;0;0;0;0;;;;;
2026-05-08;O_TAVHLE0726C320.00;TAVHL_07/2026_AVRUPA_OPSIYON;D_EQ;SSO;D_EQ_ECP;DE_TAVHL_ECP;TAVHL.E;2026-07-31;18.98;22.57;-15.91;0;0;0;0;0;0;0;0;0;0;0;;;;;
2026-05-08;O_TAVHLE0726C330.00;TAVHL_07/2026_AVRUPA_OPSIYON;D_EQ;SSO;D_EQ_ECP;DE_TAVHL_ECP;TAVHL.E;2026-07-31;15.36;18.54;-17.15;0;0;0;0;0;0;0;0;0;0;0;;;;;
2026-05-08;O_TAVHLE0726C340.00;TAVHL_07/2026_AVRUPA_OPSIYON;D_EQ;SSO;D_EQ_ECP;DE_TAVHL_ECP;TAVHL.E;2026-07-31;12.31;15.08;-18.37;0;0;0;0;0;0;0;0;0;0;0;;;;;
2026-05-08;O_TAVHLE0726C350.00;TAVHL_07/2026_AVRUPA_OPSIYON;D_EQ;SSO;D_EQ_ECP;DE_TAVHL_ECP;TAVHL.E;2026-07-31;9.77;12.15;-19.59;0;0;0;0;0;0;0;0;0;0;0;;;;;
2026-05-08;O_TAVHLE0726C360.00;TAVHL_07/2026_AVRUPA_OPSIYON;D_EQ;SSO;D_EQ_ECP;DE_TAVHL_ECP;TAVHL.E;2026-07-31;7.68;9.71;-20.91;0;0;0;0;0;0;0;0;0;0;0;;;;;
2026-05-08;O_TAVHLE0726C370.00;TAVHL_07/2026_AVRUPA_OPSIYON;D_EQ;SSO;D_EQ_ECP;DE_TAVHL_ECP;TAVHL.E;2026-07-31;5.99;7.69;-22.11;0;0;0;0;0;0;0;0;0;0;0;;;;;
2026-05-08;O_TAVHLE0726P245.00;TAVHL_07/2026_AVRUPA_OPSIYON;D_EQ;SSO;D_EQ_EPP;DE_TAVHL_EPP;TAVHL.E;2026-07-31;1.73;1.4;23.57;0;0;0;0;0;0;0;0;0;0;0;;;;;
2026-05-08;O_TAVHLE0726P250.00;TAVHL_07/2026_AVRUPA_OPSIYON;D_EQ;SSO;D_EQ_EPP;DE_TAVHL_EPP;TAVHL.E;2026-07-31;2.21;1.8;22.78;0;0;0;0;0;0;0;0;0;0;0;;;;;
2026-05-08;O_TAVHLE0726P260.00;TAVHL_07/2026_AVRUPA_OPSIYON;D_EQ;SSO;D_EQ_EPP;DE_TAVHL_EPP;TAVHL.E;2026-07-31;3.49;2.87;21.6;0;0;0;0;0;0;0;0;0;0;0;;;;;
2026-05-08;O_TAVHLE0726P270.00;TAVHL_07/2026_AVRUPA_OPSIYON;D_EQ;SSO;D_EQ_EPP;DE_TAVHL_EPP;TAVHL.E;2026-07-31;5.23;4.36;19.95;0;0;0;0;0;0;0;0;0;0;0;;;;;
2026-05-08;O_TAVHLE0726P280.00;TAVHL_07/2026_AVRUPA_OPSIYON;D_EQ;SSO;D_EQ_EPP;DE_TAVHL_EPP;TAVHL.E;2026-07-31;7.51;6.34;18.45;0;0;0;0;0;0;0;0;0;0;0;;;;;
2026-05-08;O_TAVHLE0726P290.00;TAVHL_07/2026_AVRUPA_OPSIYON;D_EQ;SSO;D_EQ_EPP;DE_TAVHL_EPP;TAVHL.E;2026-07-31;10.39;8.86;17.27;0;0;0;0;0;0;0;0;0;0;0;;;;;
2026-05-08;O_TAVHLE0726P300.00;TAVHL_07/2026_AVRUPA_OPSIYON;D_EQ;SSO;D_EQ_EPP;DE_TAVHL_EPP;TAVHL.E;2026-07-31;13.9;11.98;16.03;0;0;0;0;0;0;0;0;0;0;0;;;;;
2026-05-08;O_TAVHLE0726P310.00;TAVHL_07/2026_AVRUPA_OPSIYON;D_EQ;SSO;D_EQ_EPP;DE_TAVHL_EPP;TAVHL.E;2026-07-31;18.05;15.71;14.89;0;0;0;0;0;0;0;0;0;0;0;;;;;
2026-05-08;O_TAVHLE0726P320.00;TAVHL_07/2026_AVRUPA_OPSIYON;D_EQ;SSO;D_EQ_EPP;DE_TAVHL_EPP;TAVHL.E;2026-07-31;22.83;20.06;13.81;0;0;0;0;0;0;0;0;0;0;0;;;;;
2026-05-08;O_TCELLE0526C105.00;TCELL_05/2026_AVRUPA_OPSIYON;D_EQ;SSO;D_EQ_ECP;DE_TCELL_ECP;TCELL.E;2026-05-25;16.97;15.75;7.75;0;0;0;0;0;0;0;0;0;0;0;;;;;
2026-05-08;O_TCELLE0526C110.00;TCELL_05/2026_AVRUPA_OPSIYON;D_EQ;SSO;D_EQ_ECP;DE_TCELL_ECP;TCELL.E;2026-05-25;12.39;11.3;9.65;0;0;0;0;0;0;0;0;0;37;0;;;;;
2026-05-08;O_TCELLE0526C115.00;TCELL_05/2026_AVRUPA_OPSIYON;D_EQ;SSO;D_EQ_ECP;DE_TCELL_ECP;TCELL.E;2026-05-25;8.29;7.42;11.73;0;0;0;0;0;0;0;0;0;10;0;;;;;
2026-05-08;O_TCELLE0526C120.00;TCELL_05/2026_AVRUPA_OPSIYON;D_EQ;SSO;D_EQ_ECP;DE_TCELL_ECP;TCELL.E;2026-05-25;5;4.4;13.64;0;0;0;0;0;0;0;0;0;11;0;;;;;
2026-05-08;O_TCELLE0526C125.00;TCELL_05/2026_AVRUPA_OPSIYON;D_EQ;SSO;D_EQ_ECP;DE_TCELL_ECP;TCELL.E;2026-05-25;2.7;2.35;14.89;1.84;1.84;1.84;1.84;1.84;937500;13800;75;6;153;50;;;;;
2026-05-08;O_TCELLE0526C130.00;TCELL_05/2026_AVRUPA_OPSIYON;D_EQ;SSO;D_EQ_ECP;DE_TCELL_ECP;TCELL.E;2026-05-25;1.31;1.13;15.93;0.7;0.7;0.7;0.7;0.7;13000;70;1;1;1155;1;;;;;
2026-05-08;O_TCELLE0526C135.00;TCELL_05/2026_AVRUPA_OPSIYON;D_EQ;SSO;D_EQ_ECP;DE_TCELL_ECP;TCELL.E;2026-05-25;0.58;0.5;16;0;0;0;0;0;0;0;0;0;339;0;;;;;
2026-05-08;O_TCELLE0526C140.00;TCELL_05/2026_AVRUPA_OPSIYON;D_EQ;SSO;D_EQ_ECP;DE_TCELL_ECP;TCELL.E;2026-05-25;0.23;0.2;15;0;0;0;0;0;0;0;0;0;326;0;;;;;
2026-05-08;O_TCELLE0526C145.00;TCELL_05/2026_AVRUPA_OPSIYON;D_EQ;SSO;D_EQ_ECP;DE_TCELL_ECP;TCELL.E;2026-05-25;0.09;0.08;12.5;0;0;0;0;0;0;0;0;0;226;0;;;;;
2026-05-08;O_TCELLE0526C150.00;TCELL_05/2026_AVRUPA_OPSIYON;D_EQ;SSO;D_EQ_ECP;DE_TCELL_ECP;TCELL.E;2026-05-25;0.03;0.03;0;0;0;0;0;0;0;0;0;0;0;0;;;;;
2026-05-08;O_TCELLE0526C155.00;TCELL_05/2026_AVRUPA_OPSIYON;D_EQ;SSO;D_EQ_ECP;DE_TCELL_ECP;TCELL.E;2026-05-25;0.01;0.01;0;0;0;0;0;0;0;0;0;0;0;0;;;;;
2026-05-08;O_TCELLE0526P100.00;TCELL_05/2026_AVRUPA_OPSIYON;D_EQ;SSO;D_EQ_EPP;DE_TCELL_EPP;TCELL.E;2026-05-25;0.03;0.05;-40;0;0;0;0;0;0;0;0;0;0;0;;;;;
2026-05-08;O_TCELLE0526P105.00;TCELL_05/2026_AVRUPA_OPSIYON;D_EQ;SSO;D_EQ_EPP;DE_TCELL_EPP;TCELL.E;2026-05-25;0.13;0.2;-35;0;0;0;0;0;0;0;0;0;2;0;;;;;
2026-05-08;O_TCELLE0526P110.00;TCELL_05/2026_AVRUPA_OPSIYON;D_EQ;SSO;D_EQ_EPP;DE_TCELL_EPP;TCELL.E;2026-05-25;0.46;0.66;-30.3;0;0;0;0;0;0;0;0;0;15;0;;;;;
2026-05-08;O_TCELLE0526P115.00;TCELL_05/2026_AVRUPA_OPSIYON;D_EQ;SSO;D_EQ_EPP;DE_TCELL_EPP;TCELL.E;2026-05-25;1.27;1.69;-24.85;0;0;0;0;0;0;0;0;0;149;0;;;;;
2026-05-08;O_TCELLE0526P120.00;TCELL_05/2026_AVRUPA_OPSIYON;D_EQ;SSO;D_EQ_EPP;DE_TCELL_EPP;TCELL.E;2026-05-25;2.9;3.58;-18.99;0;0;0;0;0;0;0;0;0;5725;0;;;;;
2026-05-08;O_TCELLE0526P125.00;TCELL_05/2026_AVRUPA_OPSIYON;D_EQ;SSO;D_EQ_EPP;DE_TCELL_EPP;TCELL.E;2026-05-25;5.5;6.43;-14.46;0;0;0;0;0;0;0;0;0;60;0;;;;;
2026-05-08;O_TCELLE0526P130.00;TCELL_05/2026_AVRUPA_OPSIYON;D_EQ;SSO;D_EQ_EPP;DE_TCELL_EPP;TCELL.E;2026-05-25;9.03;10.12;-10.77;0;0;0;0;0;0;0;0;0;0;0;;;;;
2026-05-08;O_TCELLE0526P92.00;TCELL_05/2026_AVRUPA_OPSIYON;D_EQ;SSO;D_EQ_EPP;DE_TCELL_EPP;TCELL.E;2026-05-25;0.01;0.01;0;0;0;0;0;0;0;0;0;0;6;0;;;;;
2026-05-08;O_TCELLE0526P94.00;TCELL_05/2026_AVRUPA_OPSIYON;D_EQ;SSO;D_EQ_EPP;DE_TCELL_EPP;TCELL.E;2026-05-25;0.01;0.01;0;0;0;0;0;0;0;0;0;0;0;0;;;;;
2026-05-08;O_TCELLE0526P96.00;TCELL_05/2026_AVRUPA_OPSIYON;D_EQ;SSO;D_EQ_EPP;DE_TCELL_EPP;TCELL.E;2026-05-25;0.01;0.01;0;0;0;0;0;0;0;0;0;0;0;0;;;;;
2026-05-08;O_TCELLE0526P98.00;TCELL_05/2026_AVRUPA_OPSIYON;D_EQ;SSO;D_EQ_EPP;DE_TCELL_EPP;TCELL.E;2026-05-25;0.01;0.03;-66.67;0;0;0;0;0;0;0;0;0;0;0;;;;;
2026-05-08;O_TCELLE0626C110.00;TCELL_06/2026_AVRUPA_OPSIYON;D_EQ;SSO;D_EQ_ECP;DE_TCELL_ECP;TCELL.E;2026-06-30;17.36;16.31;6.44;0;0;0;0;0;0;0;0;0;0;0;;;;;
2026-05-08;O_TCELLE0626C115.00;TCELL_06/2026_AVRUPA_OPSIYON;D_EQ;SSO;D_EQ_ECP;DE_TCELL_ECP;TCELL.E;2026-06-30;13.65;12.74;7.14;0;0;0;0;0;0;0;0;0;0;0;;;;;
2026-05-08;O_TCELLE0626C120.00;TCELL_06/2026_AVRUPA_OPSIYON;D_EQ;SSO;D_EQ_ECP;DE_TCELL_ECP;TCELL.E;2026-06-30;10.4;9.66;7.66;0;0;0;0;0;0;0;0;0;60;0;;;;;
2026-05-08;O_TCELLE0626C125.00;TCELL_06/2026_AVRUPA_OPSIYON;D_EQ;SSO;D_EQ_ECP;DE_TCELL_ECP;TCELL.E;2026-06-30;7.71;7.12;8.29;0;0;0;0;0;0;0;0;0;0;0;;;;;
2026-05-08;O_TCELLE0626C130.00;TCELL_06/2026_AVRUPA_OPSIYON;D_EQ;SSO;D_EQ_ECP;DE_TCELL_ECP;TCELL.E;2026-06-30;5.56;5.11;8.81;0;0;0;0;0;0;0;0;0;0;0;;;;;
2026-05-08;O_TCELLE0626C135.00;TCELL_06/2026_AVRUPA_OPSIYON;D_EQ;SSO;D_EQ_ECP;DE_TCELL_ECP;TCELL.E;2026-06-30;3.95;3.61;9.42;0;0;0;0;0;0;0;0;0;0;0;;;;;
2026-05-08;O_TCELLE0626C140.00;TCELL_06/2026_AVRUPA_OPSIYON;D_EQ;SSO;D_EQ_ECP;DE_TCELL_ECP;TCELL.E;2026-06-30;2.76;2.51;9.96;0;0;0;0;0;0;0;0;0;0;0;;;;;
2026-05-08;O_TCELLE0626C145.00;TCELL_06/2026_AVRUPA_OPSIYON;D_EQ;SSO;D_EQ_ECP;DE_TCELL_ECP;TCELL.E;2026-06-30;1.9;1.72;10.47;0;0;0;0;0;0;0;0;0;412;0;;;;;
2026-05-08;O_TCELLE0626C150.00;TCELL_06/2026_AVRUPA_OPSIYON;D_EQ;SSO;D_EQ_ECP;DE_TCELL_ECP;TCELL.E;2026-06-30;1.29;1.16;11.21;0.72;0.72;0.78;0.78;0.75;6180000;30694;412;4;721;412;;;;;
2026-05-08;O_TCELLE0626C155.00;TCELL_06/2026_AVRUPA_OPSIYON;D_EQ;SSO;D_EQ_ECP;DE_TCELL_ECP;TCELL.E;2026-06-30;0.87;0.77;12.99;0;0;0;0;0;0;0;0;0;0;0;;;;;
2026-05-08;O_TCELLE0626C160.00;TCELL_06/2026_AVRUPA_OPSIYON;D_EQ;SSO;D_EQ_ECP;DE_TCELL_ECP;TCELL.E;2026-06-30;0.58;0.51;13.73;0;0;0;0;0;0;0;0;0;0;0;;;;;
2026-05-08;O_TCELLE0626P100.00;TCELL_06/2026_AVRUPA_OPSIYON;D_EQ;SSO;D_EQ_EPP;DE_TCELL_EPP;TCELL.E;2026-06-30;0.39;0.47;-17.02;0;0;0;0;0;0;0;0;0;0;0;;;;;
2026-05-08;O_TCELLE0626P105.00;TCELL_06/2026_AVRUPA_OPSIYON;D_EQ;SSO;D_EQ_EPP;DE_TCELL_EPP;TCELL.E;2026-06-30;0.79;0.93;-15.05;0;0;0;0;0;0;0;0;0;0;0;;;;;
2026-05-08;O_TCELLE0626P110.00;TCELL_06/2026_AVRUPA_OPSIYON;D_EQ;SSO;D_EQ_EPP;DE_TCELL_EPP;TCELL.E;2026-06-30;1.45;1.7;-14.71;0;0;0;0;0;0;0;0;0;0;0;;;;;
2026-05-08;O_TCELLE0626P115.00;TCELL_06/2026_AVRUPA_OPSIYON;D_EQ;SSO;D_EQ_EPP;DE_TCELL_EPP;TCELL.E;2026-06-30;2.48;2.85;-12.98;0;0;0;0;0;0;0;0;0;304;0;;;;;
2026-05-08;O_TCELLE0626P120.00;TCELL_06/2026_AVRUPA_OPSIYON;D_EQ;SSO;D_EQ_EPP;DE_TCELL_EPP;TCELL.E;2026-06-30;3.96;4.5;-12;0;0;0;0;0;0;0;0;0;2000;0;;;;;
2026-05-08;O_TCELLE0626P125.00;TCELL_06/2026_AVRUPA_OPSIYON;D_EQ;SSO;D_EQ_EPP;DE_TCELL_EPP;TCELL.E;2026-06-30;6;6.68;-10.18;6.02;5.56;6.02;5.66;5.83;4462500;208084;357;7;357;357;;;;;
2026-05-08;O_TCELLE0626P130.00;TCELL_06/2026_AVRUPA_OPSIYON;D_EQ;SSO;D_EQ_EPP;DE_TCELL_EPP;TCELL.E;2026-06-30;8.58;9.4;-8.72;0;0;0;0;0;0;0;0;0;0;0;;;;;
2026-05-08;O_TCELLE0626P135.00;TCELL_06/2026_AVRUPA_OPSIYON;D_EQ;SSO;D_EQ_EPP;DE_TCELL_EPP;TCELL.E;2026-06-30;11.7;12.63;-7.36;0;0;0;0;0;0;0;0;0;0;0;;;;;
2026-05-08;O_TCELLE0626P94.00;TCELL_06/2026_AVRUPA_OPSIYON;D_EQ;SSO;D_EQ_EPP;DE_TCELL_EPP;TCELL.E;2026-06-30;0.15;0.18;-16.67;0;0;0;0;0;0;0;0;0;0;0;;;;;
2026-05-08;O_TCELLE0626P96.00;TCELL_06/2026_AVRUPA_OPSIYON;D_EQ;SSO;D_EQ_EPP;DE_TCELL_EPP;TCELL.E;2026-06-30;0.21;0.25;-16;0;0;0;0;0;0;0;0;0;0;0;;;;;
2026-05-08;O_TCELLE0626P98.00;TCELL_06/2026_AVRUPA_OPSIYON;D_EQ;SSO;D_EQ_EPP;DE_TCELL_EPP;TCELL.E;2026-06-30;0.28;0.35;-20;0;0;0;0;0;0;0;0;0;0;0;;;;;
2026-05-08;O_TCELLE0726C115.00;TCELL_07/2026_AVRUPA_OPSIYON;D_EQ;SSO;D_EQ_ECP;DE_TCELL_ECP;TCELL.E;2026-07-31;18.98;18;5.44;0;0;0;0;0;0;0;0;0;0;0;;;;;
2026-05-08;O_TCELLE0726C120.00;TCELL_07/2026_AVRUPA_OPSIYON;D_EQ;SSO;D_EQ_ECP;DE_TCELL_ECP;TCELL.E;2026-07-31;15.65;14.78;5.89;0;0;0;0;0;0;0;0;0;0;0;;;;;
2026-05-08;O_TCELLE0726C125.00;TCELL_07/2026_AVRUPA_OPSIYON;D_EQ;SSO;D_EQ_ECP;DE_TCELL_ECP;TCELL.E;2026-07-31;12.69;11.95;6.19;0;0;0;0;0;0;0;0;0;0;0;;;;;
2026-05-08;O_TCELLE0726C130.00;TCELL_07/2026_AVRUPA_OPSIYON;D_EQ;SSO;D_EQ_ECP;DE_TCELL_ECP;TCELL.E;2026-07-31;10.15;9.54;6.39;0;0;0;0;0;0;0;0;0;0;0;;;;;
2026-05-08;O_TCELLE0726C135.00;TCELL_07/2026_AVRUPA_OPSIYON;D_EQ;SSO;D_EQ_ECP;DE_TCELL_ECP;TCELL.E;2026-07-31;8.02;7.53;6.51;0;0;0;0;0;0;0;0;0;0;0;;;;;
2026-05-08;O_TCELLE0726C140.00;TCELL_07/2026_AVRUPA_OPSIYON;D_EQ;SSO;D_EQ_ECP;DE_TCELL_ECP;TCELL.E;2026-07-31;6.32;5.91;6.94;0;0;0;0;0;0;0;0;0;0;0;;;;;
2026-05-08;O_TCELLE0726C145.00;TCELL_07/2026_AVRUPA_OPSIYON;D_EQ;SSO;D_EQ_ECP;DE_TCELL_ECP;TCELL.E;2026-07-31;4.95;4.6;7.61;0;0;0;0;0;0;0;0;0;0;0;;;;;
2026-05-08;O_TCELLE0726C150.00;TCELL_07/2026_AVRUPA_OPSIYON;D_EQ;SSO;D_EQ_ECP;DE_TCELL_ECP;TCELL.E;2026-07-31;3.85;3.56;8.15;0;0;0;0;0;0;0;0;0;0;0;;;;;
2026-05-08;O_TCELLE0726C155.00;TCELL_07/2026_AVRUPA_OPSIYON;D_EQ;SSO;D_EQ_ECP;DE_TCELL_ECP;TCELL.E;2026-07-31;2.98;2.74;8.76;0;0;0;0;0;0;0;0;0;0;0;;;;;
2026-05-08;O_TCELLE0726C160.00;TCELL_07/2026_AVRUPA_OPSIYON;D_EQ;SSO;D_EQ_ECP;DE_TCELL_ECP;TCELL.E;2026-07-31;2.3;2.1;9.52;0;0;0;0;0;0;0;0;0;0;0;;;;;
2026-05-08;O_TCELLE0726P100.00;TCELL_07/2026_AVRUPA_OPSIYON;D_EQ;SSO;D_EQ_EPP;DE_TCELL_EPP;TCELL.E;2026-07-31;0.56;0.63;-11.11;0;0;0;0;0;0;0;0;0;0;0;;;;;
2026-05-08;O_TCELLE0726P105.00;TCELL_07/2026_AVRUPA_OPSIYON;D_EQ;SSO;D_EQ_EPP;DE_TCELL_EPP;TCELL.E;2026-07-31;0.96;1.09;-11.93;0;0;0;0;0;0;0;0;0;0;0;;;;;
2026-05-08;O_TCELLE0726P110.00;TCELL_07/2026_AVRUPA_OPSIYON;D_EQ;SSO;D_EQ_EPP;DE_TCELL_EPP;TCELL.E;2026-07-31;1.57;1.77;-11.3;0;0;0;0;0;0;0;0;0;0;0;;;;;
2026-05-08;O_TCELLE0726P115.00;TCELL_07/2026_AVRUPA_OPSIYON;D_EQ;SSO;D_EQ_EPP;DE_TCELL_EPP;TCELL.E;2026-07-31;2.43;2.72;-10.66;0;0;0;0;0;0;0;0;0;0;0;;;;;
2026-05-08;O_TCELLE0726P120.00;TCELL_07/2026_AVRUPA_OPSIYON;D_EQ;SSO;D_EQ_EPP;DE_TCELL_EPP;TCELL.E;2026-07-31;3.59;3.99;-10.03;0;0;0;0;0;0;0;0;0;0;0;;;;;
2026-05-08;O_TCELLE0726P125.00;TCELL_07/2026_AVRUPA_OPSIYON;D_EQ;SSO;D_EQ_EPP;DE_TCELL_EPP;TCELL.E;2026-07-31;5.14;5.66;-9.19;0;0;0;0;0;0;0;0;0;0;0;;;;;
2026-05-08;O_TCELLE0726P130.00;TCELL_07/2026_AVRUPA_OPSIYON;D_EQ;SSO;D_EQ_EPP;DE_TCELL_EPP;TCELL.E;2026-07-31;7.09;7.73;-8.28;0;0;0;0;0;0;0;0;0;0;0;;;;;
2026-05-08;O_TCELLE0726P135.00;TCELL_07/2026_AVRUPA_OPSIYON;D_EQ;SSO;D_EQ_EPP;DE_TCELL_EPP;TCELL.E;2026-07-31;9.46;10.21;-7.35;0;0;0;0;0;0;0;0;0;0;0;;;;;
2026-05-08;O_TCELLE0726P96.00;TCELL_07/2026_AVRUPA_OPSIYON;D_EQ;SSO;D_EQ_EPP;DE_TCELL_EPP;TCELL.E;2026-07-31;0.34;0.39;-12.82;0;0;0;0;0;0;0;0;0;0;0;;;;;
2026-05-08;O_TCELLE0726P98.00;TCELL_07/2026_AVRUPA_OPSIYON;D_EQ;SSO;D_EQ_EPP;DE_TCELL_EPP;TCELL.E;2026-07-31;0.44;0.5;-12;0;0;0;0;0;0;0;0;0;0;0;;;;;
2026-05-08;O_THYAOE0526C290.00;THYAO_05/2026_AVRUPA_OPSIYON;D_EQ;SSO;D_EQ_ECP;DE_THYAO_ECP;THYAO.E;2026-05-25;27.66;29.39;-5.89;0;0;0;0;0;0;0;0;0;0;0;;;;;
2026-05-08;O_THYAOE0526C310.00;THYAO_05/2026_AVRUPA_OPSIYON;D_EQ;SSO;D_EQ_ECP;DE_THYAO_ECP;THYAO.E;2026-05-25;13.23;14.67;-9.82;0;0;0;0;0;0;0;0;0;3;0;;;;;
2026-05-08;O_THYAOE0526C320.00;THYAO_05/2026_AVRUPA_OPSIYON;D_EQ;SSO;D_EQ_ECP;DE_THYAO_ECP;THYAO.E;2026-05-25;8.22;9.4;-12.55;0;0;0;0;0;0;0;0;0;475;0;;;;;
2026-05-08;O_THYAOE0526C330.00;THYAO_05/2026_AVRUPA_OPSIYON;D_EQ;SSO;D_EQ_ECP;DE_THYAO_ECP;THYAO.E;2026-05-25;4.73;5.61;-15.69;0;0;0;0;0;0;0;0;0;2387;0;;;;;
2026-05-08;O_THYAOE0526C340.00;THYAO_05/2026_AVRUPA_OPSIYON;D_EQ;SSO;D_EQ_ECP;DE_THYAO_ECP;THYAO.E;2026-05-25;2.52;3.12;-19.23;1.5;1.45;1.9;1.9;1.62;5916000;28130;174;3;3153;174;;;;;
2026-05-08;O_THYAOE0526C350.00;THYAO_05/2026_AVRUPA_OPSIYON;D_EQ;SSO;D_EQ_ECP;DE_THYAO_ECP;THYAO.E;2026-05-25;1.24;1.61;-22.98;0;0;0;0;0;0;0;0;0;2431;0;;;;;
2026-05-08;O_THYAOE0526C360.00;THYAO_05/2026_AVRUPA_OPSIYON;D_EQ;SSO;D_EQ_ECP;DE_THYAO_ECP;THYAO.E;2026-05-25;0.56;0.77;-27.27;0;0;0;0;0;0;0;0;0;516;0;;;;;
2026-05-08;O_THYAOE0526C370.00;THYAO_05/2026_AVRUPA_OPSIYON;D_EQ;SSO;D_EQ_ECP;DE_THYAO_ECP;THYAO.E;2026-05-25;0.24;0.35;-31.43;0;0;0;0;0;0;0;0;0;1270;0;;;;;
2026-05-08;O_THYAOE0526C380.00;THYAO_05/2026_AVRUPA_OPSIYON;D_EQ;SSO;D_EQ_ECP;DE_THYAO_ECP;THYAO.E;2026-05-25;0.09;0.15;-40;0;0;0;0;0;0;0;0;0;811;0;;;;;
2026-05-08;O_THYAOE0526C390.00;THYAO_05/2026_AVRUPA_OPSIYON;D_EQ;SSO;D_EQ_ECP;DE_THYAO_ECP;THYAO.E;2026-05-25;0.03;0.06;-50;0;0;0;0;0;0;0;0;0;2027;0;;;;;
2026-05-08;O_THYAOE0526C400.00;THYAO_05/2026_AVRUPA_OPSIYON;D_EQ;SSO;D_EQ_ECP;DE_THYAO_ECP;THYAO.E;2026-05-25;0.01;0.02;-50;0;0;0;0;0;0;0;0;0;672;0;;;;;
2026-05-08;O_THYAOE0526P245.00;THYAO_05/2026_AVRUPA_OPSIYON;D_EQ;SSO;D_EQ_EPP;DE_THYAO_EPP;THYAO.E;2026-05-25;0.01;0.01;0;0;0;0;0;0;0;0;0;0;0;0;;;;;
2026-05-08;O_THYAOE0526P250.00;THYAO_05/2026_AVRUPA_OPSIYON;D_EQ;SSO;D_EQ_EPP;DE_THYAO_EPP;THYAO.E;2026-05-25;0.01;0.01;0;0;0;0;0;0;0;0;0;0;0;0;;;;;
2026-05-08;O_THYAOE0526P260.00;THYAO_05/2026_AVRUPA_OPSIYON;D_EQ;SSO;D_EQ_EPP;DE_THYAO_EPP;THYAO.E;2026-05-25;0.04;0.05;-20;0;0;0;0;0;0;0;0;0;100;0;;;;;
2026-05-08;O_THYAOE0526P270.00;THYAO_05/2026_AVRUPA_OPSIYON;D_EQ;SSO;D_EQ_EPP;DE_THYAO_EPP;THYAO.E;2026-05-25;0.18;0.18;0;0;0;0;0;0;0;0;0;0;0;0;;;;;
2026-05-08;O_THYAOE0526P280.00;THYAO_05/2026_AVRUPA_OPSIYON;D_EQ;SSO;D_EQ_EPP;DE_THYAO_EPP;THYAO.E;2026-05-25;0.59;0.58;1.72;0;0;0;0;0;0;0;0;0;1110;0;;;;;
2026-05-08;O_THYAOE0526P290.00;THYAO_05/2026_AVRUPA_OPSIYON;D_EQ;SSO;D_EQ_EPP;DE_THYAO_EPP;THYAO.E;2026-05-25;1.57;1.51;3.97;1;1;1;1;1;1160000;4000;40;4;228;40;;;;;
2026-05-08;O_THYAOE0526P300.00;THYAO_05/2026_AVRUPA_OPSIYON;D_EQ;SSO;D_EQ_EPP;DE_THYAO_EPP;THYAO.E;2026-05-25;3.51;3.33;5.41;2;2;2.2;2.2;2.02;21600000;170900;720;8;1907;700;;;;;
2026-05-08;O_THYAOE0526P310.00;THYAO_05/2026_AVRUPA_OPSIYON;D_EQ;SSO;D_EQ_EPP;DE_THYAO_EPP;THYAO.E;2026-05-25;6.79;6.41;5.93;0;0;0;0;0;0;0;0;0;70;0;;;;;
2026-05-08;O_THYAOE0526P320.00;THYAO_05/2026_AVRUPA_OPSIYON;D_EQ;SSO;D_EQ_EPP;DE_THYAO_EPP;THYAO.E;2026-05-25;11.61;10.96;5.93;8.23;8.23;8.23;8.23;8.23;64000;1646;2;1;448;0;;;;;
2026-05-08;O_THYAOE0526P330.00;THYAO_05/2026_AVRUPA_OPSIYON;D_EQ;SSO;D_EQ_EPP;DE_THYAO_EPP;THYAO.E;2026-05-25;17.94;16.99;5.59;14.65;14.65;14.65;14.65;14.65;1914000;84970;58;6;100;-19;;;;;
2026-05-08;O_THYAOE0526P340.00;THYAO_05/2026_AVRUPA_OPSIYON;D_EQ;SSO;D_EQ_EPP;DE_THYAO_EPP;THYAO.E;2026-05-25;25.55;24.31;5.1;0;0;0;0;0;0;0;0;0;2410;0;;;;;
2026-05-08;O_THYAOE0526P350.00;THYAO_05/2026_AVRUPA_OPSIYON;D_EQ;SSO;D_EQ_EPP;DE_THYAO_EPP;THYAO.E;2026-05-25;34.1;32.61;4.57;0;0;0;0;0;0;0;0;0;20;0;;;;;
2026-05-08;O_THYAOE0626C310.00;THYAO_06/2026_AVRUPA_OPSIYON;D_EQ;SSO;D_EQ_ECP;DE_THYAO_ECP;THYAO.E;2026-06-30;27.03;28.46;-5.02;23.55;23.55;23.55;23.55;23.55;930000;70650;30;3;53;0;;;;;
2026-05-08;O_THYAOE0626C320.00;THYAO_06/2026_AVRUPA_OPSIYON;D_EQ;SSO;D_EQ_ECP;DE_THYAO_ECP;THYAO.E;2026-06-30;21.42;22.72;-5.72;17.1;17.1;17.1;17.1;17.1;1216000;64980;38;4;38;38;;;;;
2026-05-08;O_THYAOE0626C330.00;THYAO_06/2026_AVRUPA_OPSIYON;D_EQ;SSO;D_EQ_ECP;DE_THYAO_ECP;THYAO.E;2026-06-30;16.64;17.8;-6.52;11.85;11.85;11.85;11.85;11.85;1254000;45030;38;4;58;38;;;;;
2026-05-08;O_THYAOE0626C340.00;THYAO_06/2026_AVRUPA_OPSIYON;D_EQ;SSO;D_EQ_ECP;DE_THYAO_ECP;THYAO.E;2026-06-30;12.69;13.69;-7.3;8.14;8.14;8.14;8.14;8.14;340000;8140;10;1;68;0;;;;;
2026-05-08;O_THYAOE0626C350.00;THYAO_06/2026_AVRUPA_OPSIYON;D_EQ;SSO;D_EQ_ECP;DE_THYAO_ECP;THYAO.E;2026-06-30;9.49;10.34;-8.22;5.46;5.46;5.46;5.46;5.46;350000;5460;10;1;68;10;;;;;
2026-05-08;O_THYAOE0626C360.00;THYAO_06/2026_AVRUPA_OPSIYON;D_EQ;SSO;D_EQ_ECP;DE_THYAO_ECP;THYAO.E;2026-06-30;6.96;7.67;-9.26;0;0;0;0;0;0;0;0;0;504;0;;;;;
2026-05-08;O_THYAOE0626C370.00;THYAO_06/2026_AVRUPA_OPSIYON;D_EQ;SSO;D_EQ_ECP;DE_THYAO_ECP;THYAO.E;2026-06-30;5.02;5.59;-10.2;0;0;0;0;0;0;0;0;0;238;0;;;;;
2026-05-08;O_THYAOE0626C380.00;THYAO_06/2026_AVRUPA_OPSIYON;D_EQ;SSO;D_EQ_ECP;DE_THYAO_ECP;THYAO.E;2026-06-30;3.56;4.01;-11.22;1.3;1.3;1.85;1.85;1.45;5776000;22040;152;4;532;152;;;;;
2026-05-08;O_THYAOE0626C390.00;THYAO_06/2026_AVRUPA_OPSIYON;D_EQ;SSO;D_EQ_ECP;DE_THYAO_ECP;THYAO.E;2026-06-30;2.48;2.83;-12.37;0;0;0;0;0;0;0;0;0;0;0;;;;;
2026-05-08;O_THYAOE0626C400.00;THYAO_06/2026_AVRUPA_OPSIYON;D_EQ;SSO;D_EQ_ECP;DE_THYAO_ECP;THYAO.E;2026-06-30;1.7;1.96;-13.27;0;0;0;0;0;0;0;0;0;0;0;;;;;
2026-05-08;O_THYAOE0626C410.00;THYAO_06/2026_AVRUPA_OPSIYON;D_EQ;SSO;D_EQ_ECP;DE_THYAO_ECP;THYAO.E;2026-06-30;1.15;1.34;-14.18;0;0;0;0;0;0;0;0;0;0;0;;;;;
2026-05-08;O_THYAOE0626C420.00;THYAO_06/2026_AVRUPA_OPSIYON;D_EQ;SSO;D_EQ_ECP;DE_THYAO_ECP;THYAO.E;2026-06-30;0.76;0.91;-16.48;0;0;0;0;0;0;0;0;0;0;0;;;;;
2026-05-08;O_THYAOE0626P260.00;THYAO_06/2026_AVRUPA_OPSIYON;D_EQ;SSO;D_EQ_EPP;DE_THYAO_EPP;THYAO.E;2026-06-30;0.73;0.7;4.29;0;0;0;0;0;0;0;0;0;0;0;;;;;
2026-05-08;O_THYAOE0626P270.00;THYAO_06/2026_AVRUPA_OPSIYON;D_EQ;SSO;D_EQ_EPP;DE_THYAO_EPP;THYAO.E;2026-06-30;1.39;1.34;3.73;0;0;0;0;0;0;0;0;0;0;0;;;;;
2026-05-08;O_THYAOE0626P280.00;THYAO_06/2026_AVRUPA_OPSIYON;D_EQ;SSO;D_EQ_EPP;DE_THYAO_EPP;THYAO.E;2026-06-30;2.47;2.37;4.22;0;0;0;0;0;0;0;0;0;5;0;;;;;
2026-05-08;O_THYAOE0626P290.00;THYAO_06/2026_AVRUPA_OPSIYON;D_EQ;SSO;D_EQ_EPP;DE_THYAO_EPP;THYAO.E;2026-06-30;4.08;3.91;4.35;0;0;0;0;0;0;0;0;0;20;0;;;;;
2026-05-08;O_THYAOE0626P300.00;THYAO_06/2026_AVRUPA_OPSIYON;D_EQ;SSO;D_EQ_EPP;DE_THYAO_EPP;THYAO.E;2026-06-30;6.35;6.1;4.1;4.55;3.91;4.55;4;4.27;27000000;390611;900;18;510;500;;;;;
2026-05-08;O_THYAOE0626P310.00;THYAO_06/2026_AVRUPA_OPSIYON;D_EQ;SSO;D_EQ_EPP;DE_THYAO_EPP;THYAO.E;2026-06-30;9.39;9.01;4.22;0;0;0;0;0;0;0;0;0;0;0;;;;;
2026-05-08;O_THYAOE0626P320.00;THYAO_06/2026_AVRUPA_OPSIYON;D_EQ;SSO;D_EQ_EPP;DE_THYAO_EPP;THYAO.E;2026-06-30;13.24;12.73;4.01;0;0;0;0;0;0;0;0;0;300;0;;;;;
2026-05-08;O_THYAOE0626P330.00;THYAO_06/2026_AVRUPA_OPSIYON;D_EQ;SSO;D_EQ_EPP;DE_THYAO_EPP;THYAO.E;2026-06-30;17.93;17.26;3.88;0;0;0;0;0;0;0;0;0;0;0;;;;;
2026-05-08;O_THYAOE0626P340.00;THYAO_06/2026_AVRUPA_OPSIYON;D_EQ;SSO;D_EQ_EPP;DE_THYAO_EPP;THYAO.E;2026-06-30;23.43;22.61;3.63;19.35;19.35;19.35;19.35;19.35;1020000;58050;30;3;68;30;;;;;
2026-05-08;O_THYAOE0626P350.00;THYAO_06/2026_AVRUPA_OPSIYON;D_EQ;SSO;D_EQ_EPP;DE_THYAO_EPP;THYAO.E;2026-06-30;29.7;28.71;3.45;0;0;0;0;0;0;0;0;0;1058;0;;;;;
2026-05-08;O_THYAOE0626P360.00;THYAO_06/2026_AVRUPA_OPSIYON;D_EQ;SSO;D_EQ_EPP;DE_THYAO_EPP;THYAO.E;2026-06-30;36.64;35.49;3.24;0;0;0;0;0;0;0;0;0;0;0;;;;;
2026-05-08;O_THYAOE0626P370.00;THYAO_06/2026_AVRUPA_OPSIYON;D_EQ;SSO;D_EQ_EPP;DE_THYAO_EPP;THYAO.E;2026-06-30;44.16;42.86;3.03;0;0;0;0;0;0;0;0;0;0;0;;;;;
2026-05-08;O_THYAOE0726C320.00;THYAO_07/2026_AVRUPA_OPSIYON;D_EQ;SSO;D_EQ_ECP;DE_THYAO_ECP;THYAO.E;2026-07-31;34.46;35.93;-4.09;0;0;0;0;0;0;0;0;0;0;0;;;;;
2026-05-08;O_THYAOE0726C330.00;THYAO_07/2026_AVRUPA_OPSIYON;D_EQ;SSO;D_EQ_ECP;DE_THYAO_ECP;THYAO.E;2026-07-31;29.02;30.39;-4.51;0;0;0;0;0;0;0;0;0;0;0;;;;;
2026-05-08;O_THYAOE0726C340.00;THYAO_07/2026_AVRUPA_OPSIYON;D_EQ;SSO;D_EQ_ECP;DE_THYAO_ECP;THYAO.E;2026-07-31;24.19;25.45;-4.95;0;0;0;0;0;0;0;0;0;0;0;;;;;
2026-05-08;O_THYAOE0726C350.00;THYAO_07/2026_AVRUPA_OPSIYON;D_EQ;SSO;D_EQ_ECP;DE_THYAO_ECP;THYAO.E;2026-07-31;19.96;21.11;-5.45;0;0;0;0;0;0;0;0;0;0;0;;;;;
2026-05-08;O_THYAOE0726C360.00;THYAO_07/2026_AVRUPA_OPSIYON;D_EQ;SSO;D_EQ_ECP;DE_THYAO_ECP;THYAO.E;2026-07-31;16.31;17.34;-5.94;0;0;0;0;0;0;0;0;0;0;0;;;;;
2026-05-08;O_THYAOE0726C370.00;THYAO_07/2026_AVRUPA_OPSIYON;D_EQ;SSO;D_EQ_ECP;DE_THYAO_ECP;THYAO.E;2026-07-31;13.2;14.12;-6.52;0;0;0;0;0;0;0;0;0;0;0;;;;;
2026-05-08;O_THYAOE0726C380.00;THYAO_07/2026_AVRUPA_OPSIYON;D_EQ;SSO;D_EQ_ECP;DE_THYAO_ECP;THYAO.E;2026-07-31;10.59;11.39;-7.02;0;0;0;0;0;0;0;0;0;0;0;;;;;
2026-05-08;O_THYAOE0726C390.00;THYAO_07/2026_AVRUPA_OPSIYON;D_EQ;SSO;D_EQ_ECP;DE_THYAO_ECP;THYAO.E;2026-07-31;8.41;9.1;-7.58;0;0;0;0;0;0;0;0;0;0;0;;;;;
2026-05-08;O_THYAOE0726C400.00;THYAO_07/2026_AVRUPA_OPSIYON;D_EQ;SSO;D_EQ_ECP;DE_THYAO_ECP;THYAO.E;2026-07-31;6.63;7.22;-8.17;0;0;0;0;0;0;0;0;0;0;0;;;;;
2026-05-08;O_THYAOE0726P270.00;THYAO_07/2026_AVRUPA_OPSIYON;D_EQ;SSO;D_EQ_EPP;DE_THYAO_EPP;THYAO.E;2026-07-31;1.71;1.65;3.64;0;0;0;0;0;0;0;0;0;0;0;;;;;
2026-05-08;O_THYAOE0726P280.00;THYAO_07/2026_AVRUPA_OPSIYON;D_EQ;SSO;D_EQ_EPP;DE_THYAO_EPP;THYAO.E;2026-07-31;2.72;2.62;3.82;0;0;0;0;0;0;0;0;0;0;0;;;;;
2026-05-08;O_THYAOE0726P290.00;THYAO_07/2026_AVRUPA_OPSIYON;D_EQ;SSO;D_EQ_EPP;DE_THYAO_EPP;THYAO.E;2026-07-31;4.11;3.96;3.79;0;0;0;0;0;0;0;0;0;0;0;;;;;
2026-05-08;O_THYAOE0726P300.00;THYAO_07/2026_AVRUPA_OPSIYON;D_EQ;SSO;D_EQ_EPP;DE_THYAO_EPP;THYAO.E;2026-07-31;5.97;5.76;3.65;0;0;0;0;0;0;0;0;0;0;0;;;;;
2026-05-08;O_THYAOE0726P310.00;THYAO_07/2026_AVRUPA_OPSIYON;D_EQ;SSO;D_EQ_EPP;DE_THYAO_EPP;THYAO.E;2026-07-31;8.36;8.06;3.72;0;0;0;0;0;0;0;0;0;0;0;;;;;
2026-05-08;O_THYAOE0726P320.00;THYAO_07/2026_AVRUPA_OPSIYON;D_EQ;SSO;D_EQ_EPP;DE_THYAO_EPP;THYAO.E;2026-07-31;11.32;10.92;3.66;0;0;0;0;0;0;0;0;0;0;0;;;;;
2026-05-08;O_THYAOE0726P330.00;THYAO_07/2026_AVRUPA_OPSIYON;D_EQ;SSO;D_EQ_EPP;DE_THYAO_EPP;THYAO.E;2026-07-31;14.87;14.37;3.48;0;0;0;0;0;0;0;0;0;0;0;;;;;
2026-05-08;O_THYAOE0726P340.00;THYAO_07/2026_AVRUPA_OPSIYON;D_EQ;SSO;D_EQ_EPP;DE_THYAO_EPP;THYAO.E;2026-07-31;19.04;18.42;3.37;0;0;0;0;0;0;0;0;0;0;0;;;;;
2026-05-08;O_THYAOE0726P350.00;THYAO_07/2026_AVRUPA_OPSIYON;D_EQ;SSO;D_EQ_EPP;DE_THYAO_EPP;THYAO.E;2026-07-31;23.81;23.06;3.25;0;0;0;0;0;0;0;0;0;0;0;;;;;
2026-05-08;O_TOASOE0526C260.00;TOASO_05/2026_AVRUPA_OPSIYON;D_EQ;SSO;D_EQ_ECP;DE_TOASO_ECP;TOASO.E;2026-05-25;64.84;65.61;-1.17;0;0;0;0;0;0;0;0;0;0;0;;;;;
2026-05-08;O_TOASOE0526C270.00;TOASO_05/2026_AVRUPA_OPSIYON;D_EQ;SSO;D_EQ_ECP;DE_TOASO_ECP;TOASO.E;2026-05-25;55.1;55.89;-1.41;0;0;0;0;0;0;0;0;0;0;0;;;;;
2026-05-08;O_TOASOE0526C280.00;TOASO_05/2026_AVRUPA_OPSIYON;D_EQ;SSO;D_EQ_ECP;DE_TOASO_ECP;TOASO.E;2026-05-25;45.53;46.34;-1.75;0;0;0;0;0;0;0;0;0;50;0;;;;;
2026-05-08;O_TOASOE0526C290.00;TOASO_05/2026_AVRUPA_OPSIYON;D_EQ;SSO;D_EQ_ECP;DE_TOASO_ECP;TOASO.E;2026-05-25;36.32;37.16;-2.26;0;0;0;0;0;0;0;0;0;50;0;;;;;
2026-05-08;O_TOASOE0526C300.00;TOASO_05/2026_AVRUPA_OPSIYON;D_EQ;SSO;D_EQ_ECP;DE_TOASO_ECP;TOASO.E;2026-05-25;27.77;28.63;-3;0;0;0;0;0;0;0;0;0;51;0;;;;;
2026-05-08;O_TOASOE0526C310.00;TOASO_05/2026_AVRUPA_OPSIYON;D_EQ;SSO;D_EQ_ECP;DE_TOASO_ECP;TOASO.E;2026-05-25;20.21;21.05;-3.99;0;0;0;0;0;0;0;0;0;33;0;;;;;
2026-05-08;O_TOASOE0526C320.00;TOASO_05/2026_AVRUPA_OPSIYON;D_EQ;SSO;D_EQ_ECP;DE_TOASO_ECP;TOASO.E;2026-05-25;13.92;14.71;-5.37;11.85;11.85;11.85;11.85;11.85;2016000;74655;63;1;1492;0;;;;;
2026-05-08;O_TOASOE0526C330.00;TOASO_05/2026_AVRUPA_OPSIYON;D_EQ;SSO;D_EQ_ECP;DE_TOASO_ECP;TOASO.E;2026-05-25;9.04;9.72;-7;0;0;0;0;0;0;0;0;0;40;0;;;;;
2026-05-08;O_TOASOE0526C340.00;TOASO_05/2026_AVRUPA_OPSIYON;D_EQ;SSO;D_EQ_ECP;DE_TOASO_ECP;TOASO.E;2026-05-25;5.51;6.06;-9.08;0;0;0;0;0;0;0;0;0;0;0;;;;;
2026-05-08;O_TOASOE0526C350.00;TOASO_05/2026_AVRUPA_OPSIYON;D_EQ;SSO;D_EQ_ECP;DE_TOASO_ECP;TOASO.E;2026-05-25;3.16;3.57;-11.48;0;0;0;0;0;0;0;0;0;0;0;;;;;
2026-05-08;O_TOASOE0526C360.00;TOASO_05/2026_AVRUPA_OPSIYON;D_EQ;SSO;D_EQ_ECP;DE_TOASO_ECP;TOASO.E;2026-05-25;1.7;1.98;-14.14;0;0;0;0;0;0;0;0;0;0;0;;;;;
2026-05-08;O_TOASOE0526C370.00;TOASO_05/2026_AVRUPA_OPSIYON;D_EQ;SSO;D_EQ_ECP;DE_TOASO_ECP;TOASO.E;2026-05-25;0.86;1.04;-17.31;0;0;0;0;0;0;0;0;0;0;0;;;;;
2026-05-08;O_TOASOE0526C380.00;TOASO_05/2026_AVRUPA_OPSIYON;D_EQ;SSO;D_EQ_ECP;DE_TOASO_ECP;TOASO.E;2026-05-25;0.41;0.51;-19.61;0;0;0;0;0;0;0;0;0;0;0;;;;;
2026-05-08;O_TOASOE0526C390.00;TOASO_05/2026_AVRUPA_OPSIYON;D_EQ;SSO;D_EQ_ECP;DE_TOASO_ECP;TOASO.E;2026-05-25;0.18;0.24;-25;0;0;0;0;0;0;0;0;0;0;0;;;;;
2026-05-08;O_TOASOE0526C400.00;TOASO_05/2026_AVRUPA_OPSIYON;D_EQ;SSO;D_EQ_ECP;DE_TOASO_ECP;TOASO.E;2026-05-25;0.08;0.11;-27.27;0;0;0;0;0;0;0;0;0;0;0;;;;;
2026-05-08;O_TOASOE0526P230.00;TOASO_05/2026_AVRUPA_OPSIYON;D_EQ;SSO;D_EQ_EPP;DE_TOASO_EPP;TOASO.E;2026-05-25;0.01;0.01;0;0;0;0;0;0;0;0;0;0;0;0;;;;;
2026-05-08;O_TOASOE0526P235.00;TOASO_05/2026_AVRUPA_OPSIYON;D_EQ;SSO;D_EQ_EPP;DE_TOASO_EPP;TOASO.E;2026-05-25;0.01;0.01;0;0;0;0;0;0;0;0;0;0;12;0;;;;;
2026-05-08;O_TOASOE0526P240.00;TOASO_05/2026_AVRUPA_OPSIYON;D_EQ;SSO;D_EQ_EPP;DE_TOASO_EPP;TOASO.E;2026-05-25;0.01;0.01;0;0;0;0;0;0;0;0;0;0;0;0;;;;;
2026-05-08;O_TOASOE0526P245.00;TOASO_05/2026_AVRUPA_OPSIYON;D_EQ;SSO;D_EQ_EPP;DE_TOASO_EPP;TOASO.E;2026-05-25;0.01;0.01;0;0;0;0;0;0;0;0;0;0;0;0;;;;;
2026-05-08;O_TOASOE0526P250.00;TOASO_05/2026_AVRUPA_OPSIYON;D_EQ;SSO;D_EQ_EPP;DE_TOASO_EPP;TOASO.E;2026-05-25;0.01;0.01;0;0;0;0;0;0;0;0;0;0;0;0;;;;;
2026-05-08;O_TOASOE0526P260.00;TOASO_05/2026_AVRUPA_OPSIYON;D_EQ;SSO;D_EQ_EPP;DE_TOASO_EPP;TOASO.E;2026-05-25;0.03;0.03;0;0;0;0;0;0;0;0;0;0;0;0;;;;;
2026-05-08;O_TOASOE0526P270.00;TOASO_05/2026_AVRUPA_OPSIYON;D_EQ;SSO;D_EQ_EPP;DE_TOASO_EPP;TOASO.E;2026-05-25;0.11;0.13;-15.38;0;0;0;0;0;0;0;0;0;100;0;;;;;
2026-05-08;O_TOASOE0526P280.00;TOASO_05/2026_AVRUPA_OPSIYON;D_EQ;SSO;D_EQ_EPP;DE_TOASO_EPP;TOASO.E;2026-05-25;0.37;0.4;-7.5;0;0;0;0;0;0;0;0;0;14;0;;;;;
2026-05-08;O_TOASOE0526P290.00;TOASO_05/2026_AVRUPA_OPSIYON;D_EQ;SSO;D_EQ_EPP;DE_TOASO_EPP;TOASO.E;2026-05-25;0.99;1.03;-3.88;0;0;0;0;0;0;0;0;0;0;0;;;;;
2026-05-08;O_TOASOE0526P300.00;TOASO_05/2026_AVRUPA_OPSIYON;D_EQ;SSO;D_EQ_EPP;DE_TOASO_EPP;TOASO.E;2026-05-25;2.26;2.31;-2.16;0;0;0;0;0;0;0;0;0;550;0;;;;;
2026-05-08;O_TOASOE0526P310.00;TOASO_05/2026_AVRUPA_OPSIYON;D_EQ;SSO;D_EQ_EPP;DE_TOASO_EPP;TOASO.E;2026-05-25;4.52;4.55;-0.66;3.65;3.65;3.65;3.65;3.65;310000;3650;10;1;23;-10;;;;;
2026-05-08;O_TOASOE0526P320.00;TOASO_05/2026_AVRUPA_OPSIYON;D_EQ;SSO;D_EQ_EPP;DE_TOASO_EPP;TOASO.E;2026-05-25;8.06;8.01;0.62;0;0;0;0;0;0;0;0;0;73;0;;;;;
2026-05-08;O_TOASOE0526P330.00;TOASO_05/2026_AVRUPA_OPSIYON;D_EQ;SSO;D_EQ_EPP;DE_TOASO_EPP;TOASO.E;2026-05-25;13;12.84;1.25;0;0;0;0;0;0;0;0;0;30;0;;;;;
2026-05-08;O_TOASOE0526P340.00;TOASO_05/2026_AVRUPA_OPSIYON;D_EQ;SSO;D_EQ_EPP;DE_TOASO_EPP;TOASO.E;2026-05-25;19.3;19;1.58;0;0;0;0;0;0;0;0;0;0;0;;;;;
2026-05-08;O_TOASOE0526P350.00;TOASO_05/2026_AVRUPA_OPSIYON;D_EQ;SSO;D_EQ_EPP;DE_TOASO_EPP;TOASO.E;2026-05-25;26.77;26.32;1.71;0;0;0;0;0;0;0;0;0;0;0;;;;;
2026-05-08;O_TOASOE0626C270.00;TOASO_06/2026_AVRUPA_OPSIYON;D_EQ;SSO;D_EQ_ECP;DE_TOASO_ECP;TOASO.E;2026-06-30;65.98;66.74;-1.14;0;0;0;0;0;0;0;0;0;0;0;;;;;
2026-05-08;O_TOASOE0626C280.00;TOASO_06/2026_AVRUPA_OPSIYON;D_EQ;SSO;D_EQ_ECP;DE_TOASO_ECP;TOASO.E;2026-06-30;57.42;58.18;-1.31;0;0;0;0;0;0;0;0;0;10;0;;;;;
2026-05-08;O_TOASOE0626C290.00;TOASO_06/2026_AVRUPA_OPSIYON;D_EQ;SSO;D_EQ_ECP;DE_TOASO_ECP;TOASO.E;2026-06-30;49.3;50.06;-1.52;0;0;0;0;0;0;0;0;0;30;0;;;;;
2026-05-08;O_TOASOE0626C300.00;TOASO_06/2026_AVRUPA_OPSIYON;D_EQ;SSO;D_EQ_ECP;DE_TOASO_ECP;TOASO.E;2026-06-30;41.73;42.47;-1.74;0;0;0;0;0;0;0;0;0;0;0;;;;;
2026-05-08;O_TOASOE0626C310.00;TOASO_06/2026_AVRUPA_OPSIYON;D_EQ;SSO;D_EQ_ECP;DE_TOASO_ECP;TOASO.E;2026-06-30;34.81;35.52;-2;0;0;0;0;0;0;0;0;0;10;0;;;;;
2026-05-08;O_TOASOE0626C320.00;TOASO_06/2026_AVRUPA_OPSIYON;D_EQ;SSO;D_EQ_ECP;DE_TOASO_ECP;TOASO.E;2026-06-30;28.59;29.27;-2.32;0;0;0;0;0;0;0;0;0;38;0;;;;;
2026-05-08;O_TOASOE0626C330.00;TOASO_06/2026_AVRUPA_OPSIYON;D_EQ;SSO;D_EQ_ECP;DE_TOASO_ECP;TOASO.E;2026-06-30;23.13;23.76;-2.65;20.9;20.9;20.9;20.9;20.9;1320000;83600;40;2;100;40;;;;;
2026-05-08;O_TOASOE0626C340.00;TOASO_06/2026_AVRUPA_OPSIYON;D_EQ;SSO;D_EQ_ECP;DE_TOASO_ECP;TOASO.E;2026-06-30;18.43;19;-3;0;0;0;0;0;0;0;0;0;0;0;;;;;
2026-05-08;O_TOASOE0626C350.00;TOASO_06/2026_AVRUPA_OPSIYON;D_EQ;SSO;D_EQ_ECP;DE_TOASO_ECP;TOASO.E;2026-06-30;14.45;14.97;-3.47;0;0;0;0;0;0;0;0;0;0;0;;;;;
2026-05-08;O_TOASOE0626C360.00;TOASO_06/2026_AVRUPA_OPSIYON;D_EQ;SSO;D_EQ_ECP;DE_TOASO_ECP;TOASO.E;2026-06-30;11.17;11.62;-3.87;0;0;0;0;0;0;0;0;0;0;0;;;;;
2026-05-08;O_TOASOE0626C370.00;TOASO_06/2026_AVRUPA_OPSIYON;D_EQ;SSO;D_EQ_ECP;DE_TOASO_ECP;TOASO.E;2026-06-30;8.51;8.89;-4.27;0;0;0;0;0;0;0;0;0;0;0;;;;;
2026-05-08;O_TOASOE0626C380.00;TOASO_06/2026_AVRUPA_OPSIYON;D_EQ;SSO;D_EQ_ECP;DE_TOASO_ECP;TOASO.E;2026-06-30;6.39;6.71;-4.77;0;0;0;0;0;0;0;0;0;0;0;;;;;
2026-05-08;O_TOASOE0626C390.00;TOASO_06/2026_AVRUPA_OPSIYON;D_EQ;SSO;D_EQ_ECP;DE_TOASO_ECP;TOASO.E;2026-06-30;4.73;5;-5.4;0;0;0;0;0;0;0;0;0;0;0;;;;;
2026-05-08;O_TOASOE0626C400.00;TOASO_06/2026_AVRUPA_OPSIYON;D_EQ;SSO;D_EQ_ECP;DE_TOASO_ECP;TOASO.E;2026-06-30;3.46;;0;0;0;0;0;0;0;0;0;0;0;0;;;;;
2026-05-08;O_TOASOE0626P235.00;TOASO_06/2026_AVRUPA_OPSIYON;D_EQ;SSO;D_EQ_EPP;DE_TOASO_EPP;TOASO.E;2026-06-30;0.1;0.1;0;0;0;0;0;0;0;0;0;0;0;0;;;;;
2026-05-08;O_TOASOE0626P240.00;TOASO_06/2026_AVRUPA_OPSIYON;D_EQ;SSO;D_EQ_EPP;DE_TOASO_EPP;TOASO.E;2026-06-30;0.15;0.15;0;0;0;0;0;0;0;0;0;0;0;0;;;;;
2026-05-08;O_TOASOE0626P245.00;TOASO_06/2026_AVRUPA_OPSIYON;D_EQ;SSO;D_EQ_EPP;DE_TOASO_EPP;TOASO.E;2026-06-30;0.23;0.23;0;0;0;0;0;0;0;0;0;0;0;0;;;;;
2026-05-08;O_TOASOE0626P250.00;TOASO_06/2026_AVRUPA_OPSIYON;D_EQ;SSO;D_EQ_EPP;DE_TOASO_EPP;TOASO.E;2026-06-30;0.33;0.33;0;0;0;0;0;0;0;0;0;0;0;0;;;;;
2026-05-08;O_TOASOE0626P260.00;TOASO_06/2026_AVRUPA_OPSIYON;D_EQ;SSO;D_EQ_EPP;DE_TOASO_EPP;TOASO.E;2026-06-30;0.66;0.66;0;0;0;0;0;0;0;0;0;0;0;0;;;;;
2026-05-08;O_TOASOE0626P270.00;TOASO_06/2026_AVRUPA_OPSIYON;D_EQ;SSO;D_EQ_EPP;DE_TOASO_EPP;TOASO.E;2026-06-30;1.23;1.23;0;1.5;1.5;1.5;1.5;1.5;27000;150;1;1;1;1;;;;;
2026-05-08;O_TOASOE0626P280.00;TOASO_06/2026_AVRUPA_OPSIYON;D_EQ;SSO;D_EQ_EPP;DE_TOASO_EPP;TOASO.E;2026-06-30;2.13;2.12;0.47;0;0;0;0;0;0;0;0;0;0;0;;;;;
2026-05-08;O_TOASOE0626P290.00;TOASO_06/2026_AVRUPA_OPSIYON;D_EQ;SSO;D_EQ_EPP;DE_TOASO_EPP;TOASO.E;2026-06-30;3.48;3.45;0.87;0;0;0;0;0;0;0;0;0;0;0;;;;;
2026-05-08;O_TOASOE0626P300.00;TOASO_06/2026_AVRUPA_OPSIYON;D_EQ;SSO;D_EQ_EPP;DE_TOASO_EPP;TOASO.E;2026-06-30;5.38;5.32;1.13;0;0;0;0;0;0;0;0;0;0;0;;;;;
2026-05-08;O_TOASOE0626P310.00;TOASO_06/2026_AVRUPA_OPSIYON;D_EQ;SSO;D_EQ_EPP;DE_TOASO_EPP;TOASO.E;2026-06-30;7.92;7.83;1.15;0;0;0;0;0;0;0;0;0;0;0;;;;;
2026-05-08;O_TOASOE0626P320.00;TOASO_06/2026_AVRUPA_OPSIYON;D_EQ;SSO;D_EQ_EPP;DE_TOASO_EPP;TOASO.E;2026-06-30;11.17;11.03;1.27;0;0;0;0;0;0;0;0;0;0;0;;;;;
2026-05-08;O_TOASOE0626P330.00;TOASO_06/2026_AVRUPA_OPSIYON;D_EQ;SSO;D_EQ_EPP;DE_TOASO_EPP;TOASO.E;2026-06-30;15.17;14.97;1.34;0;0;0;0;0;0;0;0;0;20;0;;;;;
2026-05-08;O_TOASOE0626P340.00;TOASO_06/2026_AVRUPA_OPSIYON;D_EQ;SSO;D_EQ_EPP;DE_TOASO_EPP;TOASO.E;2026-06-30;19.92;19.66;1.32;0;0;0;0;0;0;0;0;0;0;0;;;;;
2026-05-08;O_TOASOE0626P350.00;TOASO_06/2026_AVRUPA_OPSIYON;D_EQ;SSO;D_EQ_EPP;DE_TOASO_EPP;TOASO.E;2026-06-30;25.42;;0;0;0;0;0;0;0;0;0;0;0;0;;;;;
2026-05-08;O_TOASOE0726C300.00;TOASO_07/2026_AVRUPA_OPSIYON;D_EQ;SSO;D_EQ_ECP;DE_TOASO_ECP;TOASO.E;2026-07-31;55.86;56.62;-1.34;0;0;0;0;0;0;0;0;0;0;0;;;;;
2026-05-08;O_TOASOE0726C310.00;TOASO_07/2026_AVRUPA_OPSIYON;D_EQ;SSO;D_EQ_ECP;DE_TOASO_ECP;TOASO.E;2026-07-31;48.97;49.71;-1.49;0;0;0;0;0;0;0;0;0;0;0;;;;;
2026-05-08;O_TOASOE0726C320.00;TOASO_07/2026_AVRUPA_OPSIYON;D_EQ;SSO;D_EQ_ECP;DE_TOASO_ECP;TOASO.E;2026-07-31;42.58;43.3;-1.66;0;0;0;0;0;0;0;0;0;0;0;;;;;
2026-05-08;O_TOASOE0726C330.00;TOASO_07/2026_AVRUPA_OPSIYON;D_EQ;SSO;D_EQ_ECP;DE_TOASO_ECP;TOASO.E;2026-07-31;36.72;37.41;-1.84;0;0;0;0;0;0;0;0;0;0;0;;;;;
2026-05-08;O_TOASOE0726C340.00;TOASO_07/2026_AVRUPA_OPSIYON;D_EQ;SSO;D_EQ_ECP;DE_TOASO_ECP;TOASO.E;2026-07-31;31.41;32.06;-2.03;0;0;0;0;0;0;0;0;0;0;0;;;;;
2026-05-08;O_TOASOE0726C350.00;TOASO_07/2026_AVRUPA_OPSIYON;D_EQ;SSO;D_EQ_ECP;DE_TOASO_ECP;TOASO.E;2026-07-31;26.66;27.26;-2.2;0;0;0;0;0;0;0;0;0;0;0;;;;;
2026-05-08;O_TOASOE0726C360.00;TOASO_07/2026_AVRUPA_OPSIYON;D_EQ;SSO;D_EQ_ECP;DE_TOASO_ECP;TOASO.E;2026-07-31;22.44;23;-2.43;0;0;0;0;0;0;0;0;0;0;0;;;;;
2026-05-08;O_TOASOE0726C370.00;TOASO_07/2026_AVRUPA_OPSIYON;D_EQ;SSO;D_EQ_ECP;DE_TOASO_ECP;TOASO.E;2026-07-31;18.75;19.26;-2.65;0;0;0;0;0;0;0;0;0;0;0;;;;;
2026-05-08;O_TOASOE0726C380.00;TOASO_07/2026_AVRUPA_OPSIYON;D_EQ;SSO;D_EQ_ECP;DE_TOASO_ECP;TOASO.E;2026-07-31;15.55;16.01;-2.87;0;0;0;0;0;0;0;0;0;0;0;;;;;
2026-05-08;O_TOASOE0726C390.00;TOASO_07/2026_AVRUPA_OPSIYON;D_EQ;SSO;D_EQ_ECP;DE_TOASO_ECP;TOASO.E;2026-07-31;12.8;13.21;-3.1;0;0;0;0;0;0;0;0;0;0;0;;;;;
2026-05-08;O_TOASOE0726C400.00;TOASO_07/2026_AVRUPA_OPSIYON;D_EQ;SSO;D_EQ_ECP;DE_TOASO_ECP;TOASO.E;2026-07-31;10.46;10.83;-3.42;0;0;0;0;0;0;0;0;0;0;0;;;;;
2026-05-08;O_TOASOE0726C410.00;TOASO_07/2026_AVRUPA_OPSIYON;D_EQ;SSO;D_EQ_ECP;DE_TOASO_ECP;TOASO.E;2026-07-31;8.5;;0;0;0;0;0;0;0;0;0;0;0;0;;;;;
2026-05-08;O_TOASOE0726P250.00;TOASO_07/2026_AVRUPA_OPSIYON;D_EQ;SSO;D_EQ_EPP;DE_TOASO_EPP;TOASO.E;2026-07-31;0.6;0.59;1.69;0;0;0;0;0;0;0;0;0;0;0;;;;;
2026-05-08;O_TOASOE0726P260.00;TOASO_07/2026_AVRUPA_OPSIYON;D_EQ;SSO;D_EQ_EPP;DE_TOASO_EPP;TOASO.E;2026-07-31;1.02;1.01;0.99;0;0;0;0;0;0;0;0;0;0;0;;;;;
2026-05-08;O_TOASOE0726P270.00;TOASO_07/2026_AVRUPA_OPSIYON;D_EQ;SSO;D_EQ_EPP;DE_TOASO_EPP;TOASO.E;2026-07-31;1.66;1.64;1.22;0;0;0;0;0;0;0;0;0;0;0;;;;;
2026-05-08;O_TOASOE0726P280.00;TOASO_07/2026_AVRUPA_OPSIYON;D_EQ;SSO;D_EQ_EPP;DE_TOASO_EPP;TOASO.E;2026-07-31;2.57;2.54;1.18;0;0;0;0;0;0;0;0;0;0;0;;;;;
2026-05-08;O_TOASOE0726P290.00;TOASO_07/2026_AVRUPA_OPSIYON;D_EQ;SSO;D_EQ_EPP;DE_TOASO_EPP;TOASO.E;2026-07-31;3.82;3.77;1.33;0;0;0;0;0;0;0;0;0;0;0;;;;;
2026-05-08;O_TOASOE0726P300.00;TOASO_07/2026_AVRUPA_OPSIYON;D_EQ;SSO;D_EQ_EPP;DE_TOASO_EPP;TOASO.E;2026-07-31;5.47;5.4;1.3;0;0;0;0;0;0;0;0;0;0;0;;;;;
2026-05-08;O_TOASOE0726P310.00;TOASO_07/2026_AVRUPA_OPSIYON;D_EQ;SSO;D_EQ_EPP;DE_TOASO_EPP;TOASO.E;2026-07-31;7.58;7.47;1.47;0;0;0;0;0;0;0;0;0;0;0;;;;;
2026-05-08;O_TOASOE0726P320.00;TOASO_07/2026_AVRUPA_OPSIYON;D_EQ;SSO;D_EQ_EPP;DE_TOASO_EPP;TOASO.E;2026-07-31;10.19;10.04;1.49;0;0;0;0;0;0;0;0;0;0;0;;;;;
2026-05-08;O_TOASOE0726P330.00;TOASO_07/2026_AVRUPA_OPSIYON;D_EQ;SSO;D_EQ_EPP;DE_TOASO_EPP;TOASO.E;2026-07-31;13.32;13.13;1.45;0;0;0;0;0;0;0;0;0;0;0;;;;;
2026-05-08;O_TOASOE0726P340.00;TOASO_07/2026_AVRUPA_OPSIYON;D_EQ;SSO;D_EQ_EPP;DE_TOASO_EPP;TOASO.E;2026-07-31;17.01;16.77;1.43;0;0;0;0;0;0;0;0;0;0;0;;;;;
2026-05-08;O_TOASOE0726P350.00;TOASO_07/2026_AVRUPA_OPSIYON;D_EQ;SSO;D_EQ_EPP;DE_TOASO_EPP;TOASO.E;2026-07-31;21.25;20.95;1.43;0;0;0;0;0;0;0;0;0;0;0;;;;;
2026-05-08;O_TOASOE0726P360.00;TOASO_07/2026_AVRUPA_OPSIYON;D_EQ;SSO;D_EQ_EPP;DE_TOASO_EPP;TOASO.E;2026-07-31;26.03;;0;0;0;0;0;0;0;0;0;0;0;0;;;;;
2026-05-08;O_TTKOME0526C58.00;TTKOM_05/2026_AVRUPA_OPSIYON;D_EQ;SSO;D_EQ_ECP;DE_TTKOM_ECP;TTKOM.E;2026-05-25;9.2;9.36;-1.71;0;0;0;0;0;0;0;0;0;0;0;;;;;
2026-05-08;O_TTKOME0526C60.00;TTKOM_05/2026_AVRUPA_OPSIYON;D_EQ;SSO;D_EQ_ECP;DE_TTKOM_ECP;TTKOM.E;2026-05-25;7.36;7.53;-2.26;0;0;0;0;0;0;0;0;0;0;0;;;;;
2026-05-08;O_TTKOME0526C62.00;TTKOM_05/2026_AVRUPA_OPSIYON;D_EQ;SSO;D_EQ_ECP;DE_TTKOM_ECP;TTKOM.E;2026-05-25;5.65;5.82;-2.92;0;0;0;0;0;0;0;0;0;66;0;;;;;
2026-05-08;O_TTKOME0526C64.00;TTKOM_05/2026_AVRUPA_OPSIYON;D_EQ;SSO;D_EQ_ECP;DE_TTKOM_ECP;TTKOM.E;2026-05-25;4.14;4.3;-3.72;3.86;3.86;3.86;3.86;3.86;320000;19300;50;2;350;50;;;;;
2026-05-08;O_TTKOME0526C66.00;TTKOM_05/2026_AVRUPA_OPSIYON;D_EQ;SSO;D_EQ_ECP;DE_TTKOM_ECP;TTKOM.E;2026-05-25;2.88;3.03;-4.95;0;0;0;0;0;0;0;0;0;50;0;;;;;
2026-05-08;O_TTKOME0526C68.00;TTKOM_05/2026_AVRUPA_OPSIYON;D_EQ;SSO;D_EQ_ECP;DE_TTKOM_ECP;TTKOM.E;2026-05-25;1.89;2.02;-6.44;0;0;0;0;0;0;0;0;0;0;0;;;;;
2026-05-08;O_TTKOME0526C70.00;TTKOM_05/2026_AVRUPA_OPSIYON;D_EQ;SSO;D_EQ_ECP;DE_TTKOM_ECP;TTKOM.E;2026-05-25;1.17;1.27;-7.87;0;0;0;0;0;0;0;0;0;0;0;;;;;
2026-05-08;O_TTKOME0526C72.00;TTKOM_05/2026_AVRUPA_OPSIYON;D_EQ;SSO;D_EQ_ECP;DE_TTKOM_ECP;TTKOM.E;2026-05-25;0.68;0.76;-10.53;0.58;0.58;0.58;0.58;0.58;1440000;11600;200;1;1401;200;;;;;
2026-05-08;O_TTKOME0526C74.00;TTKOM_05/2026_AVRUPA_OPSIYON;D_EQ;SSO;D_EQ_ECP;DE_TTKOM_ECP;TTKOM.E;2026-05-25;0.37;0.43;-13.95;0;0;0;0;0;0;0;0;0;91;0;;;;;
2026-05-08;O_TTKOME0526C76.00;TTKOM_05/2026_AVRUPA_OPSIYON;D_EQ;SSO;D_EQ_ECP;DE_TTKOM_ECP;TTKOM.E;2026-05-25;0.19;0.23;-17.39;0;0;0;0;0;0;0;0;0;0;0;;;;;
2026-05-08;O_TTKOME0526C78.00;TTKOM_05/2026_AVRUPA_OPSIYON;D_EQ;SSO;D_EQ_ECP;DE_TTKOM_ECP;TTKOM.E;2026-05-25;0.09;0.11;-18.18;0;0;0;0;0;0;0;0;0;1;0;;;;;
2026-05-08;O_TTKOME0526C80.00;TTKOM_05/2026_AVRUPA_OPSIYON;D_EQ;SSO;D_EQ_ECP;DE_TTKOM_ECP;TTKOM.E;2026-05-25;0.04;0.05;-20;0;0;0;0;0;0;0;0;0;0;0;;;;;
2026-05-08;O_TTKOME0526C82.00;TTKOM_05/2026_AVRUPA_OPSIYON;D_EQ;SSO;D_EQ_ECP;DE_TTKOM_ECP;TTKOM.E;2026-05-25;0.02;0.02;0;0;0;0;0;0;0;0;0;0;0;0;;;;;
2026-05-08;O_TTKOME0526C84.00;TTKOM_05/2026_AVRUPA_OPSIYON;D_EQ;SSO;D_EQ_ECP;DE_TTKOM_ECP;TTKOM.E;2026-05-25;0.01;0.01;0;0;0;0;0;0;0;0;0;0;0;0;;;;;
2026-05-08;O_TTKOME0526C86.00;TTKOM_05/2026_AVRUPA_OPSIYON;D_EQ;SSO;D_EQ_ECP;DE_TTKOM_ECP;TTKOM.E;2026-05-25;0.01;0.01;0;0;0;0;0;0;0;0;0;0;0;0;;;;;
2026-05-08;O_TTKOME0526P49.00;TTKOM_05/2026_AVRUPA_OPSIYON;D_EQ;SSO;D_EQ_EPP;DE_TTKOM_EPP;TTKOM.E;2026-05-25;0.01;0.01;0;0;0;0;0;0;0;0;0;0;60;0;;;;;
2026-05-08;O_TTKOME0526P50.00;TTKOM_05/2026_AVRUPA_OPSIYON;D_EQ;SSO;D_EQ_EPP;DE_TTKOM_EPP;TTKOM.E;2026-05-25;0.01;0.01;0;0;0;0;0;0;0;0;0;0;0;0;;;;;
2026-05-08;O_TTKOME0526P52.00;TTKOM_05/2026_AVRUPA_OPSIYON;D_EQ;SSO;D_EQ_EPP;DE_TTKOM_EPP;TTKOM.E;2026-05-25;0.01;0.01;0;0;0;0;0;0;0;0;0;0;0;0;;;;;
2026-05-08;O_TTKOME0526P54.00;TTKOM_05/2026_AVRUPA_OPSIYON;D_EQ;SSO;D_EQ_EPP;DE_TTKOM_EPP;TTKOM.E;2026-05-25;0.01;0.01;0;0;0;0;0;0;0;0;0;0;0;0;;;;;
2026-05-08;O_TTKOME0526P56.00;TTKOM_05/2026_AVRUPA_OPSIYON;D_EQ;SSO;D_EQ_EPP;DE_TTKOM_EPP;TTKOM.E;2026-05-25;0.03;0.03;0;0;0;0;0;0;0;0;0;0;0;0;;;;;
2026-05-08;O_TTKOME0526P58.00;TTKOM_05/2026_AVRUPA_OPSIYON;D_EQ;SSO;D_EQ_EPP;DE_TTKOM_EPP;TTKOM.E;2026-05-25;0.08;0.08;0;0;0;0;0;0;0;0;0;0;1;0;;;;;
2026-05-08;O_TTKOME0526P60.00;TTKOM_05/2026_AVRUPA_OPSIYON;D_EQ;SSO;D_EQ_EPP;DE_TTKOM_EPP;TTKOM.E;2026-05-25;0.21;0.21;0;0;0;0;0;0;0;0;0;0;40;0;;;;;
2026-05-08;O_TTKOME0526P62.00;TTKOM_05/2026_AVRUPA_OPSIYON;D_EQ;SSO;D_EQ_EPP;DE_TTKOM_EPP;TTKOM.E;2026-05-25;0.46;0.47;-2.13;0;0;0;0;0;0;0;0;0;600;0;;;;;
2026-05-08;O_TTKOME0526P64.00;TTKOM_05/2026_AVRUPA_OPSIYON;D_EQ;SSO;D_EQ_EPP;DE_TTKOM_EPP;TTKOM.E;2026-05-25;0.92;0.92;0;0;0;0;0;0;0;0;0;0;193;0;;;;;
2026-05-08;O_TTKOME0526P66.00;TTKOM_05/2026_AVRUPA_OPSIYON;D_EQ;SSO;D_EQ_EPP;DE_TTKOM_EPP;TTKOM.E;2026-05-25;1.62;1.6;1.25;0;0;0;0;0;0;0;0;0;927;0;;;;;
2026-05-08;O_TTKOME0526P68.00;TTKOM_05/2026_AVRUPA_OPSIYON;D_EQ;SSO;D_EQ_EPP;DE_TTKOM_EPP;TTKOM.E;2026-05-25;2.59;2.56;1.17;0;0;0;0;0;0;0;0;0;553;0;;;;;
2026-05-08;O_TTKOME0526P70.00;TTKOM_05/2026_AVRUPA_OPSIYON;D_EQ;SSO;D_EQ_EPP;DE_TTKOM_EPP;TTKOM.E;2026-05-25;3.84;3.77;1.86;3.78;3.78;3.78;3.78;3.78;350000;18900;50;2;50;50;;;;;
2026-05-08;O_TTKOME0526P72.00;TTKOM_05/2026_AVRUPA_OPSIYON;D_EQ;SSO;D_EQ_EPP;DE_TTKOM_EPP;TTKOM.E;2026-05-25;5.32;5.22;1.92;0;0;0;0;0;0;0;0;0;0;0;;;;;
2026-05-08;O_TTKOME0526P74.00;TTKOM_05/2026_AVRUPA_OPSIYON;D_EQ;SSO;D_EQ_EPP;DE_TTKOM_EPP;TTKOM.E;2026-05-25;6.97;6.85;1.75;0;0;0;0;0;0;0;0;0;25;0;;;;;
2026-05-08;O_TTKOME0526P76.00;TTKOM_05/2026_AVRUPA_OPSIYON;D_EQ;SSO;D_EQ_EPP;DE_TTKOM_EPP;TTKOM.E;2026-05-25;8.76;8.62;1.62;0;0;0;0;0;0;0;0;0;0;0;;;;;
2026-05-08;O_TTKOME0626C60.00;TTKOM_06/2026_AVRUPA_OPSIYON;D_EQ;SSO;D_EQ_ECP;DE_TTKOM_ECP;TTKOM.E;2026-06-30;10.04;10.18;-1.38;0;0;0;0;0;0;0;0;0;0;0;;;;;
2026-05-08;O_TTKOME0626C62.00;TTKOM_06/2026_AVRUPA_OPSIYON;D_EQ;SSO;D_EQ_ECP;DE_TTKOM_ECP;TTKOM.E;2026-06-30;8.53;8.67;-1.61;7.6;7.6;8;8;7.88;620000;78800;100;4;100;0;;;;;
2026-05-08;O_TTKOME0626C64.00;TTKOM_06/2026_AVRUPA_OPSIYON;D_EQ;SSO;D_EQ_ECP;DE_TTKOM_ECP;TTKOM.E;2026-06-30;7.14;7.27;-1.79;6.28;6.28;6.28;6.28;6.28;320000;31400;50;1;50;50;;;;;
2026-05-08;O_TTKOME0626C66.00;TTKOM_06/2026_AVRUPA_OPSIYON;D_EQ;SSO;D_EQ_ECP;DE_TTKOM_ECP;TTKOM.E;2026-06-30;5.89;6.01;-2;0;0;0;0;0;0;0;0;0;0;0;;;;;
2026-05-08;O_TTKOME0626C68.00;TTKOM_06/2026_AVRUPA_OPSIYON;D_EQ;SSO;D_EQ_ECP;DE_TTKOM_ECP;TTKOM.E;2026-06-30;4.79;4.9;-2.24;3.6;3.6;3.74;3.74;3.7;680000;36980;100;2;0;-100;;;;;
2026-05-08;O_TTKOME0626C70.00;TTKOM_06/2026_AVRUPA_OPSIYON;D_EQ;SSO;D_EQ_ECP;DE_TTKOM_ECP;TTKOM.E;2026-06-30;3.83;3.94;-2.79;0;0;0;0;0;0;0;0;0;0;0;;;;;
2026-05-08;O_TTKOME0626C72.00;TTKOM_06/2026_AVRUPA_OPSIYON;D_EQ;SSO;D_EQ_ECP;DE_TTKOM_ECP;TTKOM.E;2026-06-30;3.03;3.12;-2.88;0;0;0;0;0;0;0;0;0;0;0;;;;;
2026-05-08;O_TTKOME0626C74.00;TTKOM_06/2026_AVRUPA_OPSIYON;D_EQ;SSO;D_EQ_ECP;DE_TTKOM_ECP;TTKOM.E;2026-06-30;2.35;2.43;-3.29;0;0;0;0;0;0;0;0;0;0;0;;;;;
2026-05-08;O_TTKOME0626C76.00;TTKOM_06/2026_AVRUPA_OPSIYON;D_EQ;SSO;D_EQ_ECP;DE_TTKOM_ECP;TTKOM.E;2026-06-30;1.81;1.87;-3.21;0;0;0;0;0;0;0;0;0;0;0;;;;;
2026-05-08;O_TTKOME0626C78.00;TTKOM_06/2026_AVRUPA_OPSIYON;D_EQ;SSO;D_EQ_ECP;DE_TTKOM_ECP;TTKOM.E;2026-06-30;1.37;1.42;-3.52;0;0;0;0;0;0;0;0;0;0;0;;;;;
2026-05-08;O_TTKOME0626C80.00;TTKOM_06/2026_AVRUPA_OPSIYON;D_EQ;SSO;D_EQ_ECP;DE_TTKOM_ECP;TTKOM.E;2026-06-30;1.02;1.07;-4.67;0;0;0;0;0;0;0;0;0;100;0;;;;;
2026-05-08;O_TTKOME0626C82.00;TTKOM_06/2026_AVRUPA_OPSIYON;D_EQ;SSO;D_EQ_ECP;DE_TTKOM_ECP;TTKOM.E;2026-06-30;0.75;0.79;-5.06;0.48;0.48;0.5;0.5;0.49;3001200;17934;366;2;366;366;;;;;
2026-05-08;O_TTKOME0626C84.00;TTKOM_06/2026_AVRUPA_OPSIYON;D_EQ;SSO;D_EQ_ECP;DE_TTKOM_ECP;TTKOM.E;2026-06-30;0.55;0.58;-5.17;0;0;0;0;0;0;0;0;0;0;0;;;;;
2026-05-08;O_TTKOME0626P50.00;TTKOM_06/2026_AVRUPA_OPSIYON;D_EQ;SSO;D_EQ_EPP;DE_TTKOM_EPP;TTKOM.E;2026-06-30;0.03;0.03;0;0;0;0;0;0;0;0;0;0;0;0;;;;;
2026-05-08;O_TTKOME0626P52.00;TTKOM_06/2026_AVRUPA_OPSIYON;D_EQ;SSO;D_EQ_EPP;DE_TTKOM_EPP;TTKOM.E;2026-06-30;0.07;0.07;0;0;0;0;0;0;0;0;0;0;10;0;;;;;
2026-05-08;O_TTKOME0626P54.00;TTKOM_06/2026_AVRUPA_OPSIYON;D_EQ;SSO;D_EQ_EPP;DE_TTKOM_EPP;TTKOM.E;2026-06-30;0.14;0.14;0;0;0;0;0;0;0;0;0;0;0;0;;;;;
2026-05-08;O_TTKOME0626P56.00;TTKOM_06/2026_AVRUPA_OPSIYON;D_EQ;SSO;D_EQ_EPP;DE_TTKOM_EPP;TTKOM.E;2026-06-30;0.26;0.26;0;0;0;0;0;0;0;0;0;0;100;0;;;;;
2026-05-08;O_TTKOME0626P58.00;TTKOM_06/2026_AVRUPA_OPSIYON;D_EQ;SSO;D_EQ_EPP;DE_TTKOM_EPP;TTKOM.E;2026-06-30;0.45;0.44;2.27;0;0;0;0;0;0;0;0;0;0;0;;;;;
2026-05-08;O_TTKOME0626P60.00;TTKOM_06/2026_AVRUPA_OPSIYON;D_EQ;SSO;D_EQ_EPP;DE_TTKOM_EPP;TTKOM.E;2026-06-30;0.72;0.7;2.86;0;0;0;0;0;0;0;0;0;0;0;;;;;
2026-05-08;O_TTKOME0626P62.00;TTKOM_06/2026_AVRUPA_OPSIYON;D_EQ;SSO;D_EQ_EPP;DE_TTKOM_EPP;TTKOM.E;2026-06-30;1.1;1.08;1.85;0;0;0;0;0;0;0;0;0;0;0;;;;;
2026-05-08;O_TTKOME0626P64.00;TTKOM_06/2026_AVRUPA_OPSIYON;D_EQ;SSO;D_EQ_EPP;DE_TTKOM_EPP;TTKOM.E;2026-06-30;1.6;1.57;1.91;0;0;0;0;0;0;0;0;0;0;0;;;;;
2026-05-08;O_TTKOME0626P66.00;TTKOM_06/2026_AVRUPA_OPSIYON;D_EQ;SSO;D_EQ_EPP;DE_TTKOM_EPP;TTKOM.E;2026-06-30;2.25;2.21;1.81;0;0;0;0;0;0;0;0;0;0;0;;;;;
2026-05-08;O_TTKOME0626P68.00;TTKOM_06/2026_AVRUPA_OPSIYON;D_EQ;SSO;D_EQ_EPP;DE_TTKOM_EPP;TTKOM.E;2026-06-30;3.04;2.99;1.67;0;0;0;0;0;0;0;0;0;0;0;;;;;
2026-05-08;O_TTKOME0626P70.00;TTKOM_06/2026_AVRUPA_OPSIYON;D_EQ;SSO;D_EQ_EPP;DE_TTKOM_EPP;TTKOM.E;2026-06-30;3.98;3.91;1.79;4.18;4.1;4.18;4.1;4.14;2499000;147834;357;2;357;357;;;;;
2026-05-08;O_TTKOME0626P72.00;TTKOM_06/2026_AVRUPA_OPSIYON;D_EQ;SSO;D_EQ_EPP;DE_TTKOM_EPP;TTKOM.E;2026-06-30;5.06;4.98;1.61;0;0;0;0;0;0;0;0;0;138;0;;;;;
2026-05-08;O_TTKOME0626P74.00;TTKOM_06/2026_AVRUPA_OPSIYON;D_EQ;SSO;D_EQ_EPP;DE_TTKOM_EPP;TTKOM.E;2026-06-30;6.28;6.19;1.45;0;0;0;0;0;0;0;0;0;0;0;;;;;
2026-05-08;O_TTKOME0726C64.00;TTKOM_07/2026_AVRUPA_OPSIYON;D_EQ;SSO;D_EQ_ECP;DE_TTKOM_ECP;TTKOM.E;2026-07-31;10.06;10.2;-1.37;0;0;0;0;0;0;0;0;0;0;0;;;;;
2026-05-08;O_TTKOME0726C66.00;TTKOM_07/2026_AVRUPA_OPSIYON;D_EQ;SSO;D_EQ_ECP;DE_TTKOM_ECP;TTKOM.E;2026-07-31;8.77;8.9;-1.46;0;0;0;0;0;0;0;0;0;0;0;;;;;
2026-05-08;O_TTKOME0726C68.00;TTKOM_07/2026_AVRUPA_OPSIYON;D_EQ;SSO;D_EQ_ECP;DE_TTKOM_ECP;TTKOM.E;2026-07-31;7.59;7.72;-1.68;0;0;0;0;0;0;0;0;0;0;0;;;;;
2026-05-08;O_TTKOME0726C70.00;TTKOM_07/2026_AVRUPA_OPSIYON;D_EQ;SSO;D_EQ_ECP;DE_TTKOM_ECP;TTKOM.E;2026-07-31;6.52;6.63;-1.66;0;0;0;0;0;0;0;0;0;0;0;;;;;
2026-05-08;O_TTKOME0726C72.00;TTKOM_07/2026_AVRUPA_OPSIYON;D_EQ;SSO;D_EQ_ECP;DE_TTKOM_ECP;TTKOM.E;2026-07-31;5.55;5.66;-1.94;0;0;0;0;0;0;0;0;0;0;0;;;;;
2026-05-08;O_TTKOME0726C74.00;TTKOM_07/2026_AVRUPA_OPSIYON;D_EQ;SSO;D_EQ_ECP;DE_TTKOM_ECP;TTKOM.E;2026-07-31;4.7;4.79;-1.88;0;0;0;0;0;0;0;0;0;0;0;;;;;
2026-05-08;O_TTKOME0726C76.00;TTKOM_07/2026_AVRUPA_OPSIYON;D_EQ;SSO;D_EQ_ECP;DE_TTKOM_ECP;TTKOM.E;2026-07-31;3.94;4.03;-2.23;0;0;0;0;0;0;0;0;0;0;0;;;;;
2026-05-08;O_TTKOME0726C78.00;TTKOM_07/2026_AVRUPA_OPSIYON;D_EQ;SSO;D_EQ_ECP;DE_TTKOM_ECP;TTKOM.E;2026-07-31;3.28;3.36;-2.38;0;0;0;0;0;0;0;0;0;0;0;;;;;
2026-05-08;O_TTKOME0726C80.00;TTKOM_07/2026_AVRUPA_OPSIYON;D_EQ;SSO;D_EQ_ECP;DE_TTKOM_ECP;TTKOM.E;2026-07-31;2.72;2.79;-2.51;0;0;0;0;0;0;0;0;0;0;0;;;;;
2026-05-08;O_TTKOME0726C82.00;TTKOM_07/2026_AVRUPA_OPSIYON;D_EQ;SSO;D_EQ_ECP;DE_TTKOM_ECP;TTKOM.E;2026-07-31;2.23;2.29;-2.62;0;0;0;0;0;0;0;0;0;0;0;;;;;
2026-05-08;O_TTKOME0726C84.00;TTKOM_07/2026_AVRUPA_OPSIYON;D_EQ;SSO;D_EQ_ECP;DE_TTKOM_ECP;TTKOM.E;2026-07-31;1.82;1.87;-2.67;0;0;0;0;0;0;0;0;0;0;0;;;;;
2026-05-08;O_TTKOME0726P54.00;TTKOM_07/2026_AVRUPA_OPSIYON;D_EQ;SSO;D_EQ_EPP;DE_TTKOM_EPP;TTKOM.E;2026-07-31;0.22;0.21;4.76;0;0;0;0;0;0;0;0;0;0;0;;;;;
2026-05-08;O_TTKOME0726P56.00;TTKOM_07/2026_AVRUPA_OPSIYON;D_EQ;SSO;D_EQ_EPP;DE_TTKOM_EPP;TTKOM.E;2026-07-31;0.35;0.34;2.94;0;0;0;0;0;0;0;0;0;0;0;;;;;
2026-05-08;O_TTKOME0726P58.00;TTKOM_07/2026_AVRUPA_OPSIYON;D_EQ;SSO;D_EQ_EPP;DE_TTKOM_EPP;TTKOM.E;2026-07-31;0.53;0.52;1.92;0;0;0;0;0;0;0;0;0;0;0;;;;;
2026-05-08;O_TTKOME0726P60.00;TTKOM_07/2026_AVRUPA_OPSIYON;D_EQ;SSO;D_EQ_EPP;DE_TTKOM_EPP;TTKOM.E;2026-07-31;0.78;0.76;2.63;0;0;0;0;0;0;0;0;0;0;0;;;;;
2026-05-08;O_TTKOME0726P62.00;TTKOM_07/2026_AVRUPA_OPSIYON;D_EQ;SSO;D_EQ_EPP;DE_TTKOM_EPP;TTKOM.E;2026-07-31;1.11;1.08;2.78;0;0;0;0;0;0;0;0;0;0;0;;;;;
2026-05-08;O_TTKOME0726P64.00;TTKOM_07/2026_AVRUPA_OPSIYON;D_EQ;SSO;D_EQ_EPP;DE_TTKOM_EPP;TTKOM.E;2026-07-31;1.53;1.49;2.68;0;0;0;0;0;0;0;0;0;0;0;;;;;
2026-05-08;O_TTKOME0726P66.00;TTKOM_07/2026_AVRUPA_OPSIYON;D_EQ;SSO;D_EQ_EPP;DE_TTKOM_EPP;TTKOM.E;2026-07-31;2.04;2;2;0;0;0;0;0;0;0;0;0;0;0;;;;;
2026-05-08;O_TTKOME0726P68.00;TTKOM_07/2026_AVRUPA_OPSIYON;D_EQ;SSO;D_EQ_EPP;DE_TTKOM_EPP;TTKOM.E;2026-07-31;2.66;2.61;1.92;0;0;0;0;0;0;0;0;0;0;0;;;;;
2026-05-08;O_TTKOME0726P70.00;TTKOM_07/2026_AVRUPA_OPSIYON;D_EQ;SSO;D_EQ_EPP;DE_TTKOM_EPP;TTKOM.E;2026-07-31;3.39;3.32;2.11;0;0;0;0;0;0;0;0;0;0;0;;;;;
2026-05-08;O_TTKOME0726P72.00;TTKOM_07/2026_AVRUPA_OPSIYON;D_EQ;SSO;D_EQ_EPP;DE_TTKOM_EPP;TTKOM.E;2026-07-31;4.22;4.15;1.69;0;0;0;0;0;0;0;0;0;0;0;;;;;
2026-05-08;O_TTKOME0726P74.00;TTKOM_07/2026_AVRUPA_OPSIYON;D_EQ;SSO;D_EQ_EPP;DE_TTKOM_EPP;TTKOM.E;2026-07-31;5.16;5.08;1.57;0;0;0;0;0;0;0;0;0;0;0;;;;;
2026-05-08;O_TUPRSE0526C230.00;TUPRS_05/2026_AVRUPA_OPSIYON;D_EQ;SSO;D_EQ_ECP;DE_TUPRS_ECP;TUPRS.E;2026-05-25;33.21;34.28;-3.12;0;0;0;0;0;0;0;0;0;0;0;;;;;
2026-05-08;O_TUPRSE0526C235.00;TUPRS_05/2026_AVRUPA_OPSIYON;D_EQ;SSO;D_EQ_ECP;DE_TUPRS_ECP;TUPRS.E;2026-05-25;28.74;29.82;-3.62;0;0;0;0;0;0;0;0;0;0;0;;;;;
2026-05-08;O_TUPRSE0526C240.00;TUPRS_05/2026_AVRUPA_OPSIYON;D_EQ;SSO;D_EQ_ECP;DE_TUPRS_ECP;TUPRS.E;2026-05-25;24.46;25.55;-4.27;0;0;0;0;0;0;0;0;0;0;0;;;;;
2026-05-08;O_TUPRSE0526C245.00;TUPRS_05/2026_AVRUPA_OPSIYON;D_EQ;SSO;D_EQ_ECP;DE_TUPRS_ECP;TUPRS.E;2026-05-25;20.45;21.54;-5.06;0;0;0;0;0;0;0;0;0;60;0;;;;;
2026-05-08;O_TUPRSE0526C250.00;TUPRS_05/2026_AVRUPA_OPSIYON;D_EQ;SSO;D_EQ_ECP;DE_TUPRS_ECP;TUPRS.E;2026-05-25;16.77;17.82;-5.89;18.26;18.26;18.26;18.26;18.26;350000;25564;14;2;119;0;;;;;
2026-05-08;O_TUPRSE0526C260.00;TUPRS_05/2026_AVRUPA_OPSIYON;D_EQ;SSO;D_EQ_ECP;DE_TUPRS_ECP;TUPRS.E;2026-05-25;10.64;11.59;-8.2;0;0;0;0;0;0;0;0;0;64;0;;;;;
2026-05-08;O_TUPRSE0526C270.00;TUPRS_05/2026_AVRUPA_OPSIYON;D_EQ;SSO;D_EQ_ECP;DE_TUPRS_ECP;TUPRS.E;2026-05-25;6.22;7.01;-11.27;5.73;5.48;5.73;5.48;5.51;2025000;41350;75;3;205;55;;;;;
2026-05-08;O_TUPRSE0526C280.00;TUPRS_05/2026_AVRUPA_OPSIYON;D_EQ;SSO;D_EQ_ECP;DE_TUPRS_ECP;TUPRS.E;2026-05-25;3.4;3.98;-14.57;3.36;3;3.36;3;3.27;1120000;13080;40;4;160;4;;;;;
2026-05-08;O_TUPRSE0526C290.00;TUPRS_05/2026_AVRUPA_OPSIYON;D_EQ;SSO;D_EQ_ECP;DE_TUPRS_ECP;TUPRS.E;2026-05-25;1.76;2.18;-19.27;1.24;1.17;1.24;1.17;1.19;3422000;14016;118;6;1021;88;;;;;
2026-05-08;O_TUPRSE0526C300.00;TUPRS_05/2026_AVRUPA_OPSIYON;D_EQ;SSO;D_EQ_ECP;DE_TUPRS_ECP;TUPRS.E;2026-05-25;0.87;1.14;-23.68;0;0;0;0;0;0;0;0;0;158;0;;;;;
2026-05-08;O_TUPRSE0526C310.00;TUPRS_05/2026_AVRUPA_OPSIYON;D_EQ;SSO;D_EQ_ECP;DE_TUPRS_ECP;TUPRS.E;2026-05-25;0.41;0.58;-29.31;0;0;0;0;0;0;0;0;0;0;0;;;;;
2026-05-08;O_TUPRSE0526C320.00;TUPRS_05/2026_AVRUPA_OPSIYON;D_EQ;SSO;D_EQ_ECP;DE_TUPRS_ECP;TUPRS.E;2026-05-25;0.19;0.29;-34.48;0;0;0;0;0;0;0;0;0;2;0;;;;;
2026-05-08;O_TUPRSE0526C330.00;TUPRS_05/2026_AVRUPA_OPSIYON;D_EQ;SSO;D_EQ_ECP;DE_TUPRS_ECP;TUPRS.E;2026-05-25;0.09;0.14;-35.71;0;0;0;0;0;0;0;0;0;1;0;;;;;
2026-05-08;O_TUPRSE0526C340.00;TUPRS_05/2026_AVRUPA_OPSIYON;D_EQ;SSO;D_EQ_ECP;DE_TUPRS_ECP;TUPRS.E;2026-05-25;0.04;0.07;-42.86;0;0;0;0;0;0;0;0;0;0;0;;;;;
2026-05-08;O_TUPRSE0526P205.00;TUPRS_05/2026_AVRUPA_OPSIYON;D_EQ;SSO;D_EQ_EPP;DE_TUPRS_EPP;TUPRS.E;2026-05-25;0.03;0.04;-25;0;0;0;0;0;0;0;0;0;0;0;;;;;
2026-05-08;O_TUPRSE0526P210.00;TUPRS_05/2026_AVRUPA_OPSIYON;D_EQ;SSO;D_EQ_EPP;DE_TUPRS_EPP;TUPRS.E;2026-05-25;0.06;0.08;-25;0;0;0;0;0;0;0;0;0;0;0;;;;;
2026-05-08;O_TUPRSE0526P215.00;TUPRS_05/2026_AVRUPA_OPSIYON;D_EQ;SSO;D_EQ_EPP;DE_TUPRS_EPP;TUPRS.E;2026-05-25;0.12;0.15;-20;0;0;0;0;0;0;0;0;0;0;0;;;;;
2026-05-08;O_TUPRSE0526P220.00;TUPRS_05/2026_AVRUPA_OPSIYON;D_EQ;SSO;D_EQ_EPP;DE_TUPRS_EPP;TUPRS.E;2026-05-25;0.22;0.26;-15.38;0;0;0;0;0;0;0;0;0;0;0;;;;;
2026-05-08;O_TUPRSE0526P225.00;TUPRS_05/2026_AVRUPA_OPSIYON;D_EQ;SSO;D_EQ_EPP;DE_TUPRS_EPP;TUPRS.E;2026-05-25;0.4;0.46;-13.04;0;0;0;0;0;0;0;0;0;0;0;;;;;
2026-05-08;O_TUPRSE0526P230.00;TUPRS_05/2026_AVRUPA_OPSIYON;D_EQ;SSO;D_EQ_EPP;DE_TUPRS_EPP;TUPRS.E;2026-05-25;0.68;0.76;-10.53;0;0;0;0;0;0;0;0;0;0;0;;;;;
2026-05-08;O_TUPRSE0526P235.00;TUPRS_05/2026_AVRUPA_OPSIYON;D_EQ;SSO;D_EQ_EPP;DE_TUPRS_EPP;TUPRS.E;2026-05-25;1.11;1.2;-7.5;0;0;0;0;0;0;0;0;0;0;0;;;;;
2026-05-08;O_TUPRSE0526P240.00;TUPRS_05/2026_AVRUPA_OPSIYON;D_EQ;SSO;D_EQ_EPP;DE_TUPRS_EPP;TUPRS.E;2026-05-25;1.75;1.85;-5.41;1.08;1.08;1.2;1.2;1.14;1344000;6384;56;2;56;56;;;;;
2026-05-08;O_TUPRSE0526P245.00;TUPRS_05/2026_AVRUPA_OPSIYON;D_EQ;SSO;D_EQ_EPP;DE_TUPRS_EPP;TUPRS.E;2026-05-25;2.66;2.74;-2.92;1.79;1.79;1.79;1.79;1.79;2450000;17900;100;2;128;100;;;;;
2026-05-08;O_TUPRSE0526P250.00;TUPRS_05/2026_AVRUPA_OPSIYON;D_EQ;SSO;D_EQ_EPP;DE_TUPRS_EPP;TUPRS.E;2026-05-25;3.88;3.93;-1.27;2.76;2.76;2.8;2.8;2.79;750000;8360;30;3;217;0;;;;;
2026-05-08;O_TUPRSE0526P260.00;TUPRS_05/2026_AVRUPA_OPSIYON;D_EQ;SSO;D_EQ_EPP;DE_TUPRS_EPP;TUPRS.E;2026-05-25;7.58;7.51;0.93;0;0;0;0;0;13000000;367500;500;1;1687;0;;;;;
2026-05-08;O_TUPRSE0526P270.00;TUPRS_05/2026_AVRUPA_OPSIYON;D_EQ;SSO;D_EQ_EPP;DE_TUPRS_EPP;TUPRS.E;2026-05-25;12.99;12.74;1.96;0;0;0;0;0;0;0;0;0;515;0;;;;;
2026-05-08;O_TUPRSE0526P280.00;TUPRS_05/2026_AVRUPA_OPSIYON;D_EQ;SSO;D_EQ_EPP;DE_TUPRS_EPP;TUPRS.E;2026-05-25;19.98;19.53;2.3;16.13;16.13;16.13;16.13;16.13;392000;22582;14;2;250;0;;;;;
2026-05-08;O_TUPRSE0526P290.00;TUPRS_05/2026_AVRUPA_OPSIYON;D_EQ;SSO;D_EQ_EPP;DE_TUPRS_EPP;TUPRS.E;2026-05-25;28.18;27.54;2.32;0;0;0;0;0;0;0;0;0;183;0;;;;;
2026-05-08;O_TUPRSE0626C260.00;TUPRS_06/2026_AVRUPA_OPSIYON;D_EQ;SSO;D_EQ_ECP;DE_TUPRS_ECP;TUPRS.E;2026-06-30;22.67;23.65;-4.14;0;0;0;0;0;0;0;0;0;0;0;;;;;
2026-05-08;O_TUPRSE0626C270.00;TUPRS_06/2026_AVRUPA_OPSIYON;D_EQ;SSO;D_EQ_ECP;DE_TUPRS_ECP;TUPRS.E;2026-06-30;17.46;18.36;-4.9;0;0;0;0;0;0;0;0;0;1;0;;;;;
2026-05-08;O_TUPRSE0626C280.00;TUPRS_06/2026_AVRUPA_OPSIYON;D_EQ;SSO;D_EQ_ECP;DE_TUPRS_ECP;TUPRS.E;2026-06-30;13.23;14.05;-5.84;0;0;0;0;0;0;0;0;0;100;0;;;;;
2026-05-08;O_TUPRSE0626C290.00;TUPRS_06/2026_AVRUPA_OPSIYON;D_EQ;SSO;D_EQ_ECP;DE_TUPRS_ECP;TUPRS.E;2026-06-30;9.97;10.69;-6.74;0;0;0;0;0;0;0;0;0;0;0;;;;;
2026-05-08;O_TUPRSE0626C300.00;TUPRS_06/2026_AVRUPA_OPSIYON;D_EQ;SSO;D_EQ_ECP;DE_TUPRS_ECP;TUPRS.E;2026-06-30;7.48;8.14;-8.11;0;0;0;0;0;0;0;0;0;0;0;;;;;
2026-05-08;O_TUPRSE0626C310.00;TUPRS_06/2026_AVRUPA_OPSIYON;D_EQ;SSO;D_EQ_ECP;DE_TUPRS_ECP;TUPRS.E;2026-06-30;5.58;6.18;-9.71;0;0;0;0;0;0;0;0;0;0;0;;;;;
2026-05-08;O_TUPRSE0626C320.00;TUPRS_06/2026_AVRUPA_OPSIYON;D_EQ;SSO;D_EQ_ECP;DE_TUPRS_ECP;TUPRS.E;2026-06-30;4.14;4.67;-11.35;0;0;0;0;0;0;0;0;0;0;0;;;;;
2026-05-08;O_TUPRSE0626C330.00;TUPRS_06/2026_AVRUPA_OPSIYON;D_EQ;SSO;D_EQ_ECP;DE_TUPRS_ECP;TUPRS.E;2026-06-30;3.07;3.54;-13.28;0;0;0;0;0;0;0;0;0;0;0;;;;;
2026-05-08;O_TUPRSE0626C340.00;TUPRS_06/2026_AVRUPA_OPSIYON;D_EQ;SSO;D_EQ_ECP;DE_TUPRS_ECP;TUPRS.E;2026-06-30;2.28;2.68;-14.93;0;0;0;0;0;0;0;0;0;0;0;;;;;
2026-05-08;O_TUPRSE0626C350.00;TUPRS_06/2026_AVRUPA_OPSIYON;D_EQ;SSO;D_EQ_ECP;DE_TUPRS_ECP;TUPRS.E;2026-06-30;1.69;2.04;-17.16;0;0;0;0;0;0;0;0;0;0;0;;;;;
2026-05-08;O_TUPRSE0626P230.00;TUPRS_06/2026_AVRUPA_OPSIYON;D_EQ;SSO;D_EQ_EPP;DE_TUPRS_EPP;TUPRS.E;2026-06-30;2.85;2.98;-4.36;0;0;0;0;0;0;0;0;0;0;0;;;;;
2026-05-08;O_TUPRSE0626P235.00;TUPRS_06/2026_AVRUPA_OPSIYON;D_EQ;SSO;D_EQ_EPP;DE_TUPRS_EPP;TUPRS.E;2026-06-30;3.64;3.76;-3.19;0;0;0;0;0;0;0;0;0;0;0;;;;;
2026-05-08;O_TUPRSE0626P240.00;TUPRS_06/2026_AVRUPA_OPSIYON;D_EQ;SSO;D_EQ_EPP;DE_TUPRS_EPP;TUPRS.E;2026-06-30;4.57;4.68;-2.35;0;0;0;0;0;0;0;0;0;0;0;;;;;
2026-05-08;O_TUPRSE0626P245.00;TUPRS_06/2026_AVRUPA_OPSIYON;D_EQ;SSO;D_EQ_EPP;DE_TUPRS_EPP;TUPRS.E;2026-06-30;5.68;5.77;-1.56;0;0;0;0;0;0;0;0;0;0;0;;;;;
2026-05-08;O_TUPRSE0626P250.00;TUPRS_06/2026_AVRUPA_OPSIYON;D_EQ;SSO;D_EQ_EPP;DE_TUPRS_EPP;TUPRS.E;2026-06-30;6.97;7.03;-0.85;0;0;0;0;0;0;0;0;0;20;0;;;;;
2026-05-08;O_TUPRSE0626P260.00;TUPRS_06/2026_AVRUPA_OPSIYON;D_EQ;SSO;D_EQ_EPP;DE_TUPRS_EPP;TUPRS.E;2026-06-30;10.22;10.19;0.29;0;0;0;0;0;0;0;0;0;0;0;;;;;
2026-05-08;O_TUPRSE0626P270.00;TUPRS_06/2026_AVRUPA_OPSIYON;D_EQ;SSO;D_EQ_EPP;DE_TUPRS_EPP;TUPRS.E;2026-06-30;14.46;14.35;0.77;12;12;12;12;12;27000;1200;1;1;1;1;;;;;
2026-05-08;O_TUPRSE0626P280.00;TUPRS_06/2026_AVRUPA_OPSIYON;D_EQ;SSO;D_EQ_EPP;DE_TUPRS_EPP;TUPRS.E;2026-06-30;19.7;19.49;1.08;0;0;0;0;0;0;0;0;0;140;0;;;;;
2026-05-08;O_TUPRSE0626P290.00;TUPRS_06/2026_AVRUPA_OPSIYON;D_EQ;SSO;D_EQ_EPP;DE_TUPRS_EPP;TUPRS.E;2026-06-30;25.9;25.59;1.21;0;0;0;0;0;0;0;0;0;0;0;;;;;
2026-05-08;O_TUPRSE0626P300.00;TUPRS_06/2026_AVRUPA_OPSIYON;D_EQ;SSO;D_EQ_EPP;DE_TUPRS_EPP;TUPRS.E;2026-06-30;32.87;32.49;1.17;0;0;0;0;0;0;0;0;0;0;0;;;;;
2026-05-08;O_TUPRSE0726C270.00;TUPRS_07/2026_AVRUPA_OPSIYON;D_EQ;SSO;D_EQ_ECP;DE_TUPRS_ECP;TUPRS.E;2026-07-31;28.36;;0;0;0;0;0;0;0;0;0;0;0;0;;;;;
2026-05-08;O_TUPRSE0726C280.00;TUPRS_07/2026_AVRUPA_OPSIYON;D_EQ;SSO;D_EQ_ECP;DE_TUPRS_ECP;TUPRS.E;2026-07-31;23.39;24.35;-3.94;0;0;0;0;0;0;0;0;0;0;0;;;;;
2026-05-08;O_TUPRSE0726C290.00;TUPRS_07/2026_AVRUPA_OPSIYON;D_EQ;SSO;D_EQ_ECP;DE_TUPRS_ECP;TUPRS.E;2026-07-31;19.15;20.06;-4.54;0;0;0;0;0;0;0;0;0;0;0;;;;;
2026-05-08;O_TUPRSE0726C300.00;TUPRS_07/2026_AVRUPA_OPSIYON;D_EQ;SSO;D_EQ_ECP;DE_TUPRS_ECP;TUPRS.E;2026-07-31;15.78;16.64;-5.17;0;0;0;0;0;0;0;0;0;0;0;;;;;
2026-05-08;O_TUPRSE0726C310.00;TUPRS_07/2026_AVRUPA_OPSIYON;D_EQ;SSO;D_EQ_ECP;DE_TUPRS_ECP;TUPRS.E;2026-07-31;12.96;13.8;-6.09;0;0;0;0;0;0;0;0;0;0;0;;;;;
2026-05-08;O_TUPRSE0726C320.00;TUPRS_07/2026_AVRUPA_OPSIYON;D_EQ;SSO;D_EQ_ECP;DE_TUPRS_ECP;TUPRS.E;2026-07-31;10.64;11.44;-6.99;0;0;0;0;0;0;0;0;0;0;0;;;;;
2026-05-08;O_TUPRSE0726C330.00;TUPRS_07/2026_AVRUPA_OPSIYON;D_EQ;SSO;D_EQ_ECP;DE_TUPRS_ECP;TUPRS.E;2026-07-31;8.73;9.5;-8.11;0;0;0;0;0;0;0;0;0;0;0;;;;;
2026-05-08;O_TUPRSE0726C340.00;TUPRS_07/2026_AVRUPA_OPSIYON;D_EQ;SSO;D_EQ_ECP;DE_TUPRS_ECP;TUPRS.E;2026-07-31;7.16;7.9;-9.37;0;0;0;0;0;0;0;0;0;0;0;;;;;
2026-05-08;O_TUPRSE0726C350.00;TUPRS_07/2026_AVRUPA_OPSIYON;D_EQ;SSO;D_EQ_ECP;DE_TUPRS_ECP;TUPRS.E;2026-07-31;5.89;6.58;-10.49;0;0;0;0;0;0;0;0;0;0;0;;;;;
2026-05-08;O_TUPRSE0726C360.00;TUPRS_07/2026_AVRUPA_OPSIYON;D_EQ;SSO;D_EQ_ECP;DE_TUPRS_ECP;TUPRS.E;2026-07-31;4.85;5.5;-11.82;0;0;0;0;0;0;0;0;0;0;0;;;;;
2026-05-08;O_TUPRSE0726P235.00;TUPRS_07/2026_AVRUPA_OPSIYON;D_EQ;SSO;D_EQ_EPP;DE_TUPRS_EPP;TUPRS.E;2026-07-31;4.1;;0;0;0;0;0;0;0;0;0;0;0;0;;;;;
2026-05-08;O_TUPRSE0726P240.00;TUPRS_07/2026_AVRUPA_OPSIYON;D_EQ;SSO;D_EQ_EPP;DE_TUPRS_EPP;TUPRS.E;2026-07-31;4.92;5.06;-2.77;0;0;0;0;0;0;0;0;0;0;0;;;;;
2026-05-08;O_TUPRSE0726P245.00;TUPRS_07/2026_AVRUPA_OPSIYON;D_EQ;SSO;D_EQ_EPP;DE_TUPRS_EPP;TUPRS.E;2026-07-31;5.86;5.99;-2.17;0;0;0;0;0;0;0;0;0;0;0;;;;;
2026-05-08;O_TUPRSE0726P250.00;TUPRS_07/2026_AVRUPA_OPSIYON;D_EQ;SSO;D_EQ_EPP;DE_TUPRS_EPP;TUPRS.E;2026-07-31;6.92;7.03;-1.56;0;0;0;0;0;0;0;0;0;0;0;;;;;
2026-05-08;O_TUPRSE0726P260.00;TUPRS_07/2026_AVRUPA_OPSIYON;D_EQ;SSO;D_EQ_EPP;DE_TUPRS_EPP;TUPRS.E;2026-07-31;9.45;9.5;-0.53;0;0;0;0;0;0;0;0;0;0;0;;;;;
2026-05-08;O_TUPRSE0726P270.00;TUPRS_07/2026_AVRUPA_OPSIYON;D_EQ;SSO;D_EQ_EPP;DE_TUPRS_EPP;TUPRS.E;2026-07-31;12.73;12.7;0.24;0;0;0;0;0;0;0;0;0;0;0;;;;;
2026-05-08;O_TUPRSE0726P280.00;TUPRS_07/2026_AVRUPA_OPSIYON;D_EQ;SSO;D_EQ_EPP;DE_TUPRS_EPP;TUPRS.E;2026-07-31;16.76;16.66;0.6;0;0;0;0;0;0;0;0;0;0;0;;;;;
2026-05-08;O_TUPRSE0726P290.00;TUPRS_07/2026_AVRUPA_OPSIYON;D_EQ;SSO;D_EQ_EPP;DE_TUPRS_EPP;TUPRS.E;2026-07-31;21.52;21.35;0.8;0;0;0;0;0;0;0;0;0;0;0;;;;;
2026-05-08;O_TUPRSE0726P300.00;TUPRS_07/2026_AVRUPA_OPSIYON;D_EQ;SSO;D_EQ_EPP;DE_TUPRS_EPP;TUPRS.E;2026-07-31;27.14;26.91;0.85;0;0;0;0;0;0;0;0;0;0;0;;;;;
2026-05-08;O_TUPRSE0726P310.00;TUPRS_07/2026_AVRUPA_OPSIYON;D_EQ;SSO;D_EQ_EPP;DE_TUPRS_EPP;TUPRS.E;2026-07-31;33.32;33.06;0.79;0;0;0;0;0;0;0;0;0;0;0;;;;;
2026-05-08;O_USDTRYKE0526C45000;USDTRY_05/2026_AVRUPA_OPSIYON;D_CR;CRO;D_CR_ECO;DE_USDTRYK_ECO;D_USDTRYK;2026-05-25;1005.9;1017.9;-1.18;0;0;0;0;0;0;0;0;0;0;0;;;;;
2026-05-08;O_USDTRYKE0526C45500;USDTRY_05/2026_AVRUPA_OPSIYON;D_CR;CRO;D_CR_ECO;DE_USDTRYK_ECO;D_USDTRYK;2026-05-25;636.6;650.8;-2.18;438.9;404.4;438.9;404.4;414.4;151879000;1383282.6;3338;66;3738;3338;;;;;
2026-05-08;O_USDTRYKE0526C46000;USDTRY_05/2026_AVRUPA_OPSIYON;D_CR;CRO;D_CR_ECO;DE_USDTRYK_ECO;D_USDTRYK;2026-05-25;356.9;371.2;-3.85;177.8;150;177.8;156.1;157;218960000;747352.6;4760;28;56376;0;;;;;
2026-05-08;O_USDTRYKE0526C47000;USDTRY_05/2026_AVRUPA_OPSIYON;D_CR;CRO;D_CR_ECO;DE_USDTRYK_ECO;D_USDTRYK;2026-05-25;125.7;143.6;-12.47;93.2;93.2;93.2;93.2;93.2;2820000;5592;60;1;37624;60;;;;;
2026-05-08;O_USDTRYKE0526C47500;USDTRY_05/2026_AVRUPA_OPSIYON;D_CR;CRO;D_CR_ECO;DE_USDTRYK_ECO;D_USDTRYK;2026-05-25;110.1;128.7;-14.45;114.7;73.7;114.7;73.8;87.9;27455000;50829.7;578;10;37533;100;;;;;
2026-05-08;O_USDTRYKE0526C48000;USDTRY_05/2026_AVRUPA_OPSIYON;D_CR;CRO;D_CR_ECO;DE_USDTRYK_ECO;D_USDTRYK;2026-05-25;84.7;101.2;-16.3;0;0;0;0;0;0;0;0;0;28634;0;;;;;
2026-05-08;O_USDTRYKE0526C48500;USDTRY_05/2026_AVRUPA_OPSIYON;D_CR;CRO;D_CR_ECO;DE_USDTRYK_ECO;D_USDTRYK;2026-05-25;68.2;83.1;-17.93;60;60;60;60;60;4850000;6000;100;1;34350;0;;;;;
2026-05-08;O_USDTRYKE0526C49000;USDTRY_05/2026_AVRUPA_OPSIYON;D_CR;CRO;D_CR_ECO;DE_USDTRYK_ECO;D_USDTRYK;2026-05-25;57.1;70.7;-19.24;0;0;0;0;0;0;0;0;0;21700;0;;;;;
2026-05-08;O_USDTRYKE0526C49500;USDTRY_05/2026_AVRUPA_OPSIYON;D_CR;CRO;D_CR_ECO;DE_USDTRYK_ECO;D_USDTRYK;2026-05-25;49.3;61.9;-20.36;0;0;0;0;0;0;0;0;0;46000;0;;;;;
2026-05-08;O_USDTRYKE0526C50000;USDTRY_05/2026_AVRUPA_OPSIYON;D_CR;CRO;D_CR_ECO;DE_USDTRYK_ECO;D_USDTRYK;2026-05-25;43.7;55.6;-21.4;0;0;0;0;0;0;0;0;0;2625;0;;;;;
2026-05-08;O_USDTRYKE0526P42000;USDTRY_05/2026_AVRUPA_OPSIYON;D_CR;CRO;D_CR_EPO;DE_USDTRYK_EPO;D_USDTRYK;2026-05-25;0.1;0.1;0;0;0;0;0;0;0;0;0;0;0;0;;;;;
2026-05-08;O_USDTRYKE0526P42500;USDTRY_05/2026_AVRUPA_OPSIYON;D_CR;CRO;D_CR_EPO;DE_USDTRYK_EPO;D_USDTRYK;2026-05-25;0.1;0.1;0;0;0;0;0;0;0;0;0;0;10;0;;;;;
2026-05-08;O_USDTRYKE0526P43000;USDTRY_05/2026_AVRUPA_OPSIYON;D_CR;CRO;D_CR_EPO;DE_USDTRYK_EPO;D_USDTRYK;2026-05-25;0.3;0.4;-25;0;0;0;0;0;0;0;0;0;0;0;;;;;
2026-05-08;O_USDTRYKE0526P43500;USDTRY_05/2026_AVRUPA_OPSIYON;D_CR;CRO;D_CR_EPO;DE_USDTRYK_EPO;D_USDTRYK;2026-05-25;1.8;2.2;-18.18;0;0;0;0;0;0;0;0;0;0;0;;;;;
2026-05-08;O_USDTRYKE0526P44000;USDTRY_05/2026_AVRUPA_OPSIYON;D_CR;CRO;D_CR_EPO;DE_USDTRYK_EPO;D_USDTRYK;2026-05-25;8.3;9.7;-14.43;0;0;0;0;0;0;0;0;0;0;0;;;;;
2026-05-08;O_USDTRYKE0526P44500;USDTRY_05/2026_AVRUPA_OPSIYON;D_CR;CRO;D_CR_EPO;DE_USDTRYK_EPO;D_USDTRYK;2026-05-25;30.3;33.7;-10.09;0;0;0;0;0;0;0;0;0;0;0;;;;;
2026-05-08;O_USDTRYKE0526P45000;USDTRY_05/2026_AVRUPA_OPSIYON;D_CR;CRO;D_CR_EPO;DE_USDTRYK_EPO;D_USDTRYK;2026-05-25;88.6;94.5;-6.24;0;0;0;0;0;0;0;0;0;1;0;;;;;
2026-05-08;O_USDTRYKE0526P45500;USDTRY_05/2026_AVRUPA_OPSIYON;D_CR;CRO;D_CR_EPO;DE_USDTRYK_EPO;D_USDTRYK;2026-05-25;211.6;219.4;-3.56;0;0;0;0;0;0;0;0;0;1299;0;;;;;
2026-05-08;O_USDTRYKE0526P46000;USDTRY_05/2026_AVRUPA_OPSIYON;D_CR;CRO;D_CR_EPO;DE_USDTRYK_EPO;D_USDTRYK;2026-05-25;424.3;431.6;-1.69;0;0;0;0;0;0;0;0;0;23676;0;;;;;
2026-05-08;O_USDTRYKE0526P46500;USDTRY_05/2026_AVRUPA_OPSIYON;D_CR;CRO;D_CR_EPO;DE_USDTRYK_EPO;D_USDTRYK;2026-05-25;733.7;737.9;-0.57;0;0;0;0;0;0;0;0;0;23853;0;;;;;
2026-05-08;O_USDTRYKE0526P47000;USDTRY_05/2026_AVRUPA_OPSIYON;D_CR;CRO;D_CR_EPO;DE_USDTRYK_EPO;D_USDTRYK;2026-05-25;1177.9;1187.9;-0.84;0;0;0;0;0;0;0;0;0;13160;0;;;;;
2026-05-08;O_USDTRYKE0526P47500;USDTRY_05/2026_AVRUPA_OPSIYON;D_CR;CRO;D_CR_EPO;DE_USDTRYK_EPO;D_USDTRYK;2026-05-25;1654.6;1664.9;-0.62;0;0;0;0;0;0;0;0;0;2350;0;;;;;
2026-05-08;O_USDTRYKE0526P48000;USDTRY_05/2026_AVRUPA_OPSIYON;D_CR;CRO;D_CR_EPO;DE_USDTRYK_EPO;D_USDTRYK;2026-05-25;2121.6;2129.4;-0.37;0;0;0;0;0;0;0;0;0;0;0;;;;;
2026-05-08;O_USDTRYKE0626C46500;USDTRY_06/2026_AVRUPA_OPSIYON;D_CR;CRO;D_CR_ECO;DE_USDTRYK_ECO;D_USDTRYK;2026-06-30;1227.9;1237.2;-0.75;0;0;0;0;0;0;0;0;0;2;0;;;;;
2026-05-08;O_USDTRYKE0626C47000;USDTRY_06/2026_AVRUPA_OPSIYON;D_CR;CRO;D_CR_ECO;DE_USDTRYK_ECO;D_USDTRYK;2026-06-30;920.7;930.3;-1.03;691;671.3;691;673.5;684.9;14194000;206824.8;302;5;10608;302;;;;;
2026-05-08;O_USDTRYKE0626C48000;USDTRY_06/2026_AVRUPA_OPSIYON;D_CR;CRO;D_CR_ECO;DE_USDTRYK_ECO;D_USDTRYK;2026-06-30;597.2;638;-6.39;490;490;510;500;499.4;63360000;659200;1320;4;20181;-100;;;;;
2026-05-08;O_USDTRYKE0626C48500;USDTRY_06/2026_AVRUPA_OPSIYON;D_CR;CRO;D_CR_ECO;DE_USDTRYK_ECO;D_USDTRYK;2026-06-30;544.8;580.9;-6.21;490.9;454.3;490.9;454.3;470.6;122462500;1188287.5;2525;9;59318;1625;;;;;
2026-05-08;O_USDTRYKE0626C49000;USDTRY_06/2026_AVRUPA_OPSIYON;D_CR;CRO;D_CR_ECO;DE_USDTRYK_ECO;D_USDTRYK;2026-06-30;511.5;543.1;-5.82;437;437;437;437;437;122500000;1092500;2500;4;71725;1000;;;;;
2026-05-08;O_USDTRYKE0626C49500;USDTRY_06/2026_AVRUPA_OPSIYON;D_CR;CRO;D_CR_ECO;DE_USDTRYK_ECO;D_USDTRYK;2026-06-30;490.7;518.3;-5.33;0;0;0;0;0;0;0;0;0;27281;0;;;;;
2026-05-08;O_USDTRYKE0626C50000;USDTRY_06/2026_AVRUPA_OPSIYON;D_CR;CRO;D_CR_ECO;DE_USDTRYK_ECO;D_USDTRYK;2026-06-30;464.1;482.8;-3.87;0;0;0;0;0;0;0;0;0;24157;0;;;;;
2026-05-08;O_USDTRYKE0626C51000;USDTRY_06/2026_AVRUPA_OPSIYON;D_CR;CRO;D_CR_ECO;DE_USDTRYK_ECO;D_USDTRYK;2026-06-30;388.2;404.6;-4.05;0;0;0;0;0;0;0;0;0;13355;0;;;;;
2026-05-08;O_USDTRYKE0626C52000;USDTRY_06/2026_AVRUPA_OPSIYON;D_CR;CRO;D_CR_ECO;DE_USDTRYK_ECO;D_USDTRYK;2026-06-30;337.5;352.2;-4.17;0;0;0;0;0;0;0;0;0;2150;0;;;;;
2026-05-08;O_USDTRYKE0626C53000;USDTRY_06/2026_AVRUPA_OPSIYON;D_CR;CRO;D_CR_ECO;DE_USDTRYK_ECO;D_USDTRYK;2026-06-30;302.9;316.2;-4.21;0;0;0;0;0;0;0;0;0;251;0;;;;;
2026-05-08;O_USDTRYKE0626P43500;USDTRY_06/2026_AVRUPA_OPSIYON;D_CR;CRO;D_CR_EPO;DE_USDTRYK_EPO;D_USDTRYK;2026-06-30;6.4;6.8;-5.88;0;0;0;0;0;0;0;0;0;0;0;;;;;
2026-05-08;O_USDTRYKE0626P44000;USDTRY_06/2026_AVRUPA_OPSIYON;D_CR;CRO;D_CR_EPO;DE_USDTRYK_EPO;D_USDTRYK;2026-06-30;14.8;15.5;-4.52;0;0;0;0;0;0;0;0;0;0;0;;;;;
2026-05-08;O_USDTRYKE0626P44500;USDTRY_06/2026_AVRUPA_OPSIYON;D_CR;CRO;D_CR_EPO;DE_USDTRYK_EPO;D_USDTRYK;2026-06-30;31.6;32.8;-3.66;0;0;0;0;0;0;0;0;0;0;0;;;;;
2026-05-08;O_USDTRYKE0626P45000;USDTRY_06/2026_AVRUPA_OPSIYON;D_CR;CRO;D_CR_EPO;DE_USDTRYK_EPO;D_USDTRYK;2026-06-30;62.6;64.4;-2.8;0;0;0;0;0;0;0;0;0;0;0;;;;;
2026-05-08;O_USDTRYKE0626P45500;USDTRY_06/2026_AVRUPA_OPSIYON;D_CR;CRO;D_CR_EPO;DE_USDTRYK_EPO;D_USDTRYK;2026-06-30;115.4;117.8;-2.04;0;0;0;0;0;0;0;0;0;0;0;;;;;
2026-05-08;O_USDTRYKE0626P46000;USDTRY_06/2026_AVRUPA_OPSIYON;D_CR;CRO;D_CR_EPO;DE_USDTRYK_EPO;D_USDTRYK;2026-06-30;198.6;201.6;-1.49;0;0;0;0;0;0;0;0;0;0;0;;;;;
2026-05-08;O_USDTRYKE0626P46500;USDTRY_06/2026_AVRUPA_OPSIYON;D_CR;CRO;D_CR_EPO;DE_USDTRYK_EPO;D_USDTRYK;2026-06-30;321.2;324.5;-1.02;54.8;54.7;54.8;54.7;54.8;139500;164.3;3;3;2728;3;;;;;
2026-05-08;O_USDTRYKE0626P47000;USDTRY_06/2026_AVRUPA_OPSIYON;D_CR;CRO;D_CR_EPO;DE_USDTRYK_EPO;D_USDTRYK;2026-06-30;490.7;493.7;-0.61;263.2;228.1;263.2;228.1;242.3;23406000;120643.8;498;8;8235;242;;;;;
2026-05-08;O_USDTRYKE0626P47500;USDTRY_06/2026_AVRUPA_OPSIYON;D_CR;CRO;D_CR_EPO;DE_USDTRYK_EPO;D_USDTRYK;2026-06-30;749.4;788.1;-4.91;600.1;560.1;620;591;570.4;20472500;245841;431;18;820;20;;;;;
2026-05-08;O_USDTRYKE0626P48000;USDTRY_06/2026_AVRUPA_OPSIYON;D_CR;CRO;D_CR_EPO;DE_USDTRYK_EPO;D_USDTRYK;2026-06-30;1120.4;1153.9;-2.9;1018.1;1008.8;1018.1;1008.8;1017.9;6432000;136397.5;134;6;1868;103;;;;;
2026-05-08;O_USDTRYKE0626P48500;USDTRY_06/2026_AVRUPA_OPSIYON;D_CR;CRO;D_CR_EPO;DE_USDTRYK_EPO;D_USDTRYK;2026-06-30;1544.6;1572.9;-1.8;0;0;0;0;0;0;0;0;0;213;0;;;;;
2026-05-08;O_USDTRYKE0626P49000;USDTRY_06/2026_AVRUPA_OPSIYON;D_CR;CRO;D_CR_EPO;DE_USDTRYK_EPO;D_USDTRYK;2026-06-30;1987.9;2011.3;-1.16;0;0;0;0;0;0;0;0;0;1;0;;;;;
2026-05-08;O_USDTRYKE0626P49500;USDTRY_06/2026_AVRUPA_OPSIYON;D_CR;CRO;D_CR_EPO;DE_USDTRYK_EPO;D_USDTRYK;2026-06-30;2443.7;2462.7;-0.77;0;0;0;0;0;0;0;0;0;0;0;;;;;
2026-05-08;O_USDTRYKE0626P50000;USDTRY_06/2026_AVRUPA_OPSIYON;D_CR;CRO;D_CR_EPO;DE_USDTRYK_EPO;D_USDTRYK;2026-06-30;2893.7;2903.3;-0.33;0;0;0;0;0;0;0;0;0;0;0;;;;;
2026-05-08;O_USDTRYKE0726C47500;USDTRY_07/2026_AVRUPA_OPSIYON;D_CR;CRO;D_CR_ECO;DE_USDTRYK_ECO;D_USDTRYK;2026-07-31;1527.6;;0;0;0;0;0;0;0;0;0;0;0;0;;;;;
2026-05-08;O_USDTRYKE0726C48500;USDTRY_07/2026_AVRUPA_OPSIYON;D_CR;CRO;D_CR_ECO;DE_USDTRYK_ECO;D_USDTRYK;2026-07-31;1168.7;1220.5;-4.24;760;760;839.9;770;814.6;178237500;2993535.8;3675;40;17675;3300;;;;;
2026-05-08;O_USDTRYKE0726C49000;USDTRY_07/2026_AVRUPA_OPSIYON;D_CR;CRO;D_CR_ECO;DE_USDTRYK_ECO;D_USDTRYK;2026-07-31;1050.3;1090.6;-3.7;700;690;700;690;695;98049000;1390700;2001;3;42078;1001;;;;;
2026-05-08;O_USDTRYKE0726C49500;USDTRY_07/2026_AVRUPA_OPSIYON;D_CR;CRO;D_CR_ECO;DE_USDTRYK_ECO;D_USDTRYK;2026-07-31;937.4;969.8;-3.34;600;590;600.1;590;598.2;121423500;1467390;2453;26;67006;2002;;;;;
2026-05-08;O_USDTRYKE0726C50000;USDTRY_07/2026_AVRUPA_OPSIYON;D_CR;CRO;D_CR_ECO;DE_USDTRYK_ECO;D_USDTRYK;2026-07-31;873.2;905.9;-3.61;575.1;550;575.1;550;568.5;195250000;2219815.4;3905;43;30329;-757;;;;;
2026-05-08;O_USDTRYKE0726C51000;USDTRY_07/2026_AVRUPA_OPSIYON;D_CR;CRO;D_CR_ECO;DE_USDTRYK_ECO;D_USDTRYK;2026-07-31;786.2;819.3;-4.04;450.1;450;450.1;450;450;191301000;1688125;3751;9;21921;3751;;;;;
2026-05-08;O_USDTRYKE0726C52000;USDTRY_07/2026_AVRUPA_OPSIYON;D_CR;CRO;D_CR_ECO;DE_USDTRYK_ECO;D_USDTRYK;2026-07-31;735.4;768.6;-4.32;400.1;390;400.1;390;396.1;170716000;1300528;3283;16;3525;2000;;;;;
2026-05-08;O_USDTRYKE0726C53000;USDTRY_07/2026_AVRUPA_OPSIYON;D_CR;CRO;D_CR_ECO;DE_USDTRYK_ECO;D_USDTRYK;2026-07-31;658.1;698.7;-5.81;0;0;0;0;0;0;0;0;0;2000;0;;;;;
2026-05-08;O_USDTRYKE0726C54000;USDTRY_07/2026_AVRUPA_OPSIYON;D_CR;CRO;D_CR_ECO;DE_USDTRYK_ECO;D_USDTRYK;2026-07-31;581;616.9;-5.82;0;0;0;0;0;0;0;0;0;1;0;;;;;
2026-05-08;O_USDTRYKE0726C55000;USDTRY_07/2026_AVRUPA_OPSIYON;D_CR;CRO;D_CR_ECO;DE_USDTRYK_ECO;D_USDTRYK;2026-07-31;521.8;553.5;-5.73;0;0;0;0;0;0;0;0;0;5900;0;;;;;
2026-05-08;O_USDTRYKE0726C56000;USDTRY_07/2026_AVRUPA_OPSIYON;D_CR;CRO;D_CR_ECO;DE_USDTRYK_ECO;D_USDTRYK;2026-07-31;475.9;503.9;-5.56;0;0;0;0;0;0;0;0;0;0;0;;;;;
2026-05-08;O_USDTRYKE0726P44500;USDTRY_07/2026_AVRUPA_OPSIYON;D_CR;CRO;D_CR_EPO;DE_USDTRYK_EPO;D_USDTRYK;2026-07-31;24.5;;0;0;0;0;0;0;0;0;0;0;0;0;;;;;
2026-05-08;O_USDTRYKE0726P45000;USDTRY_07/2026_AVRUPA_OPSIYON;D_CR;CRO;D_CR_EPO;DE_USDTRYK_EPO;D_USDTRYK;2026-07-31;43.9;44.9;-2.23;0;0;0;0;0;0;0;0;0;0;0;;;;;
2026-05-08;O_USDTRYKE0726P45500;USDTRY_07/2026_AVRUPA_OPSIYON;D_CR;CRO;D_CR_EPO;DE_USDTRYK_EPO;D_USDTRYK;2026-07-31;75;76.3;-1.7;0;0;0;0;0;0;0;0;0;0;0;;;;;
2026-05-08;O_USDTRYKE0726P46000;USDTRY_07/2026_AVRUPA_OPSIYON;D_CR;CRO;D_CR_EPO;DE_USDTRYK_EPO;D_USDTRYK;2026-07-31;122.3;124;-1.37;0;0;0;0;0;0;0;0;0;0;0;;;;;
2026-05-08;O_USDTRYKE0726P46500;USDTRY_07/2026_AVRUPA_OPSIYON;D_CR;CRO;D_CR_EPO;DE_USDTRYK_EPO;D_USDTRYK;2026-07-31;191.1;193.2;-1.09;0;0;0;0;0;0;0;0;0;0;0;;;;;
2026-05-08;O_USDTRYKE0726P47000;USDTRY_07/2026_AVRUPA_OPSIYON;D_CR;CRO;D_CR_EPO;DE_USDTRYK_EPO;D_USDTRYK;2026-07-31;286.7;289;-0.8;0;0;0;0;0;0;0;0;0;0;0;;;;;
2026-05-08;O_USDTRYKE0726P47500;USDTRY_07/2026_AVRUPA_OPSIYON;D_CR;CRO;D_CR_EPO;DE_USDTRYK_EPO;D_USDTRYK;2026-07-31;424.2;489.5;-13.34;0;0;0;0;0;0;0;0;0;720;0;;;;;
2026-05-08;O_USDTRYKE0726P48000;USDTRY_07/2026_AVRUPA_OPSIYON;D_CR;CRO;D_CR_EPO;DE_USDTRYK_EPO;D_USDTRYK;2026-07-31;683.7;739.9;-7.6;0;0;0;0;0;0;0;0;0;0;0;;;;;
2026-05-08;O_USDTRYKE0726P48500;USDTRY_07/2026_AVRUPA_OPSIYON;D_CR;CRO;D_CR_EPO;DE_USDTRYK_EPO;D_USDTRYK;2026-07-31;994.3;1040.6;-4.45;0;0;0;0;0;0;0;0;0;0;0;;;;;
2026-05-08;O_USDTRYKE0726P49000;USDTRY_07/2026_AVRUPA_OPSIYON;D_CR;CRO;D_CR_EPO;DE_USDTRYK_EPO;D_USDTRYK;2026-07-31;1340.4;1374.9;-2.51;0;0;0;0;0;0;0;0;0;0;0;;;;;
2026-05-08;O_USDTRYKE0726P49500;USDTRY_07/2026_AVRUPA_OPSIYON;D_CR;CRO;D_CR_EPO;DE_USDTRYK_EPO;D_USDTRYK;2026-07-31;1692;1718.1;-1.52;0;0;0;0;0;0;0;0;0;0;0;;;;;
2026-05-08;O_USDTRYKE0726P50000;USDTRY_07/2026_AVRUPA_OPSIYON;D_CR;CRO;D_CR_EPO;DE_USDTRYK_EPO;D_USDTRYK;2026-07-31;2092.3;2118.4;-1.23;0;0;0;0;0;0;0;0;0;0;0;;;;;
2026-05-08;O_VAKBNE0526C30.00;VAKBN_05/2026_AVRUPA_OPSIYON;D_EQ;SSO;D_EQ_ECP;DE_VAKBN_ECP;VAKBN.E;2026-05-25;2.82;2.94;-4.08;0;0;0;0;0;0;0;0;0;0;0;;;;;
2026-05-08;O_VAKBNE0526C31.00;VAKBN_05/2026_AVRUPA_OPSIYON;D_EQ;SSO;D_EQ_ECP;DE_VAKBN_ECP;VAKBN.E;2026-05-25;2.09;2.22;-5.86;0;0;0;0;0;0;0;0;0;0;0;;;;;
2026-05-08;O_VAKBNE0526C32.00;VAKBN_05/2026_AVRUPA_OPSIYON;D_EQ;SSO;D_EQ_ECP;DE_VAKBN_ECP;VAKBN.E;2026-05-25;1.48;1.6;-7.5;0;0;0;0;0;0;0;0;0;0;0;;;;;
2026-05-08;O_VAKBNE0526C33.00;VAKBN_05/2026_AVRUPA_OPSIYON;D_EQ;SSO;D_EQ_ECP;DE_VAKBN_ECP;VAKBN.E;2026-05-25;1;1.11;-9.91;0;0;0;0;0;0;0;0;0;591;0;;;;;
2026-05-08;O_VAKBNE0526C34.00;VAKBN_05/2026_AVRUPA_OPSIYON;D_EQ;SSO;D_EQ_ECP;DE_VAKBN_ECP;VAKBN.E;2026-05-25;0.64;0.74;-13.51;0;0;0;0;0;0;0;0;0;598;0;;;;;
2026-05-08;O_VAKBNE0526C35.00;VAKBN_05/2026_AVRUPA_OPSIYON;D_EQ;SSO;D_EQ_ECP;DE_VAKBN_ECP;VAKBN.E;2026-05-25;0.39;0.47;-17.02;0;0;0;0;0;0;0;0;0;25;0;;;;;
2026-05-08;O_VAKBNE0526C36.00;VAKBN_05/2026_AVRUPA_OPSIYON;D_EQ;SSO;D_EQ_ECP;DE_VAKBN_ECP;VAKBN.E;2026-05-25;0.23;0.28;-17.86;0;0;0;0;0;0;0;0;0;0;0;;;;;
2026-05-08;O_VAKBNE0526C37.00;VAKBN_05/2026_AVRUPA_OPSIYON;D_EQ;SSO;D_EQ_ECP;DE_VAKBN_ECP;VAKBN.E;2026-05-25;0.13;0.17;-23.53;0;0;0;0;0;0;0;0;0;25;0;;;;;
2026-05-08;O_VAKBNE0526C38.00;VAKBN_05/2026_AVRUPA_OPSIYON;D_EQ;SSO;D_EQ_ECP;DE_VAKBN_ECP;VAKBN.E;2026-05-25;0.07;0.09;-22.22;0;0;0;0;0;0;0;0;0;200;0;;;;;
2026-05-08;O_VAKBNE0526C39.00;VAKBN_05/2026_AVRUPA_OPSIYON;D_EQ;SSO;D_EQ_ECP;DE_VAKBN_ECP;VAKBN.E;2026-05-25;0.03;0.05;-40;0;0;0;0;0;0;0;0;0;0;0;;;;;
2026-05-08;O_VAKBNE0526C40.00;VAKBN_05/2026_AVRUPA_OPSIYON;D_EQ;SSO;D_EQ_ECP;DE_VAKBN_ECP;VAKBN.E;2026-05-25;0.02;0.03;-33.33;0;0;0;0;0;0;0;0;0;0;0;;;;;
2026-05-08;O_VAKBNE0526C41.00;VAKBN_05/2026_AVRUPA_OPSIYON;D_EQ;SSO;D_EQ_ECP;DE_VAKBN_ECP;VAKBN.E;2026-05-25;0.01;0.01;0;0;0;0;0;0;0;0;0;0;0;0;;;;;
2026-05-08;O_VAKBNE0526C42.00;VAKBN_05/2026_AVRUPA_OPSIYON;D_EQ;SSO;D_EQ_ECP;DE_VAKBN_ECP;VAKBN.E;2026-05-25;0.01;0.01;0;0;0;0;0;0;0;0;0;0;500;0;;;;;
2026-05-08;O_VAKBNE0526C43.00;VAKBN_05/2026_AVRUPA_OPSIYON;D_EQ;SSO;D_EQ_ECP;DE_VAKBN_ECP;VAKBN.E;2026-05-25;0.01;0.01;0;0;0;0;0;0;0;0;0;0;0;0;;;;;
2026-05-08;O_VAKBNE0526C44.00;VAKBN_05/2026_AVRUPA_OPSIYON;D_EQ;SSO;D_EQ_ECP;DE_VAKBN_ECP;VAKBN.E;2026-05-25;0.01;0.01;0;0;0;0;0;0;0;0;0;0;0;0;;;;;
2026-05-08;O_VAKBNE0526C45.00;VAKBN_05/2026_AVRUPA_OPSIYON;D_EQ;SSO;D_EQ_ECP;DE_VAKBN_ECP;VAKBN.E;2026-05-25;0.01;0.01;0;0;0;0;0;0;0;0;0;0;0;0;;;;;
2026-05-08;O_VAKBNE0526C46.00;VAKBN_05/2026_AVRUPA_OPSIYON;D_EQ;SSO;D_EQ_ECP;DE_VAKBN_ECP;VAKBN.E;2026-05-25;0.01;0.01;0;0;0;0;0;0;0;0;0;0;0;0;;;;;
2026-05-08;O_VAKBNE0526C47.00;VAKBN_05/2026_AVRUPA_OPSIYON;D_EQ;SSO;D_EQ_ECP;DE_VAKBN_ECP;VAKBN.E;2026-05-25;0.01;0.01;0;0;0;0;0;0;0;0;0;0;0;0;;;;;
2026-05-08;O_VAKBNE0526C48.00;VAKBN_05/2026_AVRUPA_OPSIYON;D_EQ;SSO;D_EQ_ECP;DE_VAKBN_ECP;VAKBN.E;2026-05-25;0.01;0.01;0;0;0;0;0;0;0;0;0;0;0;0;;;;;
2026-05-08;O_VAKBNE0526C49.00;VAKBN_05/2026_AVRUPA_OPSIYON;D_EQ;SSO;D_EQ_ECP;DE_VAKBN_ECP;VAKBN.E;2026-05-25;0.01;0.01;0;0;0;0;0;0;0;0;0;0;0;0;;;;;
2026-05-08;O_VAKBNE0526C50.00;VAKBN_05/2026_AVRUPA_OPSIYON;D_EQ;SSO;D_EQ_ECP;DE_VAKBN_ECP;VAKBN.E;2026-05-25;0.01;0.01;0;0;0;0;0;0;0;0;0;0;0;0;;;;;
2026-05-08;O_VAKBNE0526P25.00;VAKBN_05/2026_AVRUPA_OPSIYON;D_EQ;SSO;D_EQ_EPP;DE_VAKBN_EPP;VAKBN.E;2026-05-25;0.01;0.01;0;0;0;0;0;0;0;0;0;0;0;0;;;;;
2026-05-08;O_VAKBNE0526P26.00;VAKBN_05/2026_AVRUPA_OPSIYON;D_EQ;SSO;D_EQ_EPP;DE_VAKBN_EPP;VAKBN.E;2026-05-25;0.01;0.01;0;0;0;0;0;0;0;0;0;0;0;0;;;;;
2026-05-08;O_VAKBNE0526P27.00;VAKBN_05/2026_AVRUPA_OPSIYON;D_EQ;SSO;D_EQ_EPP;DE_VAKBN_EPP;VAKBN.E;2026-05-25;0.02;0.03;-33.33;0;0;0;0;0;0;0;0;0;0;0;;;;;
2026-05-08;O_VAKBNE0526P28.00;VAKBN_05/2026_AVRUPA_OPSIYON;D_EQ;SSO;D_EQ_EPP;DE_VAKBN_EPP;VAKBN.E;2026-05-25;0.06;0.07;-14.29;0;0;0;0;0;0;0;0;0;0;0;;;;;
2026-05-08;O_VAKBNE0526P29.00;VAKBN_05/2026_AVRUPA_OPSIYON;D_EQ;SSO;D_EQ_EPP;DE_VAKBN_EPP;VAKBN.E;2026-05-25;0.14;0.16;-12.5;0;0;0;0;0;0;0;0;0;0;0;;;;;
2026-05-08;O_VAKBNE0526P30.00;VAKBN_05/2026_AVRUPA_OPSIYON;D_EQ;SSO;D_EQ_EPP;DE_VAKBN_EPP;VAKBN.E;2026-05-25;0.3;0.33;-9.09;0;0;0;0;0;0;0;0;0;0;0;;;;;
2026-05-08;O_VAKBNE0526P31.00;VAKBN_05/2026_AVRUPA_OPSIYON;D_EQ;SSO;D_EQ_EPP;DE_VAKBN_EPP;VAKBN.E;2026-05-25;0.55;0.58;-5.17;0;0;0;0;0;0;0;0;0;325;0;;;;;
2026-05-08;O_VAKBNE0526P32.00;VAKBN_05/2026_AVRUPA_OPSIYON;D_EQ;SSO;D_EQ_EPP;DE_VAKBN_EPP;VAKBN.E;2026-05-25;0.92;0.95;-3.16;0.82;0.71;0.82;0.71;0.77;12915200;310206;4036;21;6276;4036;;;;;
2026-05-08;O_VAKBNE0526P33.00;VAKBN_05/2026_AVRUPA_OPSIYON;D_EQ;SSO;D_EQ_EPP;DE_VAKBN_EPP;VAKBN.E;2026-05-25;1.42;1.44;-1.39;0;0;0;0;0;0;0;0;0;0;0;;;;;
2026-05-08;O_VAKBNE0526P34.00;VAKBN_05/2026_AVRUPA_OPSIYON;D_EQ;SSO;D_EQ_EPP;DE_VAKBN_EPP;VAKBN.E;2026-05-25;2.05;2.05;0;0;0;0;0;0;0;0;0;0;0;0;;;;;
2026-05-08;O_VAKBNE0526P35.00;VAKBN_05/2026_AVRUPA_OPSIYON;D_EQ;SSO;D_EQ_EPP;DE_VAKBN_EPP;VAKBN.E;2026-05-25;2.78;2.76;0.72;0;0;0;0;0;0;0;0;0;0;0;;;;;
2026-05-08;O_VAKBNE0526P36.00;VAKBN_05/2026_AVRUPA_OPSIYON;D_EQ;SSO;D_EQ_EPP;DE_VAKBN_EPP;VAKBN.E;2026-05-25;3.6;3.56;1.12;0;0;0;0;0;0;0;0;0;0;0;;;;;
2026-05-08;O_VAKBNE0526P37.00;VAKBN_05/2026_AVRUPA_OPSIYON;D_EQ;SSO;D_EQ_EPP;DE_VAKBN_EPP;VAKBN.E;2026-05-25;4.48;4.42;1.36;0;0;0;0;0;0;0;0;0;0;0;;;;;
2026-05-08;O_VAKBNE0526P38.00;VAKBN_05/2026_AVRUPA_OPSIYON;D_EQ;SSO;D_EQ_EPP;DE_VAKBN_EPP;VAKBN.E;2026-05-25;5.4;5.33;1.31;0;0;0;0;0;0;0;0;0;0;0;;;;;
2026-05-08;O_VAKBNE0526P39.00;VAKBN_05/2026_AVRUPA_OPSIYON;D_EQ;SSO;D_EQ_EPP;DE_VAKBN_EPP;VAKBN.E;2026-05-25;6.35;6.27;1.28;0;0;0;0;0;0;0;0;0;0;0;;;;;
2026-05-08;O_VAKBNE0526P40.00;VAKBN_05/2026_AVRUPA_OPSIYON;D_EQ;SSO;D_EQ_EPP;DE_VAKBN_EPP;VAKBN.E;2026-05-25;7.31;7.22;1.25;0;0;0;0;0;0;0;0;0;0;0;;;;;
2026-05-08;O_VAKBNE0526P41.00;VAKBN_05/2026_AVRUPA_OPSIYON;D_EQ;SSO;D_EQ_EPP;DE_VAKBN_EPP;VAKBN.E;2026-05-25;8.29;8.19;1.22;0;0;0;0;0;0;0;0;0;0;0;;;;;
2026-05-08;O_VAKBNE0526P42.00;VAKBN_05/2026_AVRUPA_OPSIYON;D_EQ;SSO;D_EQ_EPP;DE_VAKBN_EPP;VAKBN.E;2026-05-25;9.27;9.17;1.09;0;0;0;0;0;0;0;0;0;0;0;;;;;
2026-05-08;O_VAKBNE0526P43.00;VAKBN_05/2026_AVRUPA_OPSIYON;D_EQ;SSO;D_EQ_EPP;DE_VAKBN_EPP;VAKBN.E;2026-05-25;10.25;10.14;1.08;0;0;0;0;0;0;0;0;0;0;0;;;;;
2026-05-08;O_VAKBNE0526P44.00;VAKBN_05/2026_AVRUPA_OPSIYON;D_EQ;SSO;D_EQ_EPP;DE_VAKBN_EPP;VAKBN.E;2026-05-25;11.23;11.12;0.99;0;0;0;0;0;0;0;0;0;0;0;;;;;
2026-05-08;O_VAKBNE0526P45.00;VAKBN_05/2026_AVRUPA_OPSIYON;D_EQ;SSO;D_EQ_EPP;DE_VAKBN_EPP;VAKBN.E;2026-05-25;12.21;12.11;0.83;0;0;0;0;0;0;0;0;0;0;0;;;;;
2026-05-08;O_VAKBNE0626C31.00;VAKBN_06/2026_AVRUPA_OPSIYON;D_EQ;SSO;D_EQ_ECP;DE_VAKBN_ECP;VAKBN.E;2026-06-30;3.62;3.75;-3.47;0;0;0;0;0;0;0;0;0;0;0;;;;;
2026-05-08;O_VAKBNE0626C32.00;VAKBN_06/2026_AVRUPA_OPSIYON;D_EQ;SSO;D_EQ_ECP;DE_VAKBN_ECP;VAKBN.E;2026-06-30;3.02;3.15;-4.13;0;0;0;0;0;0;0;0;0;0;0;;;;;
2026-05-08;O_VAKBNE0626C33.00;VAKBN_06/2026_AVRUPA_OPSIYON;D_EQ;SSO;D_EQ_ECP;DE_VAKBN_ECP;VAKBN.E;2026-06-30;2.49;2.61;-4.6;0;0;0;0;0;0;0;0;0;0;0;;;;;
2026-05-08;O_VAKBNE0626C34.00;VAKBN_06/2026_AVRUPA_OPSIYON;D_EQ;SSO;D_EQ_ECP;DE_VAKBN_ECP;VAKBN.E;2026-06-30;2.02;2.14;-5.61;0;0;0;0;0;0;0;0;0;0;0;;;;;
2026-05-08;O_VAKBNE0626C35.00;VAKBN_06/2026_AVRUPA_OPSIYON;D_EQ;SSO;D_EQ_ECP;DE_VAKBN_ECP;VAKBN.E;2026-06-30;1.63;1.74;-6.32;0;0;0;0;0;0;0;0;0;0;0;;;;;
2026-05-08;O_VAKBNE0626C36.00;VAKBN_06/2026_AVRUPA_OPSIYON;D_EQ;SSO;D_EQ_ECP;DE_VAKBN_ECP;VAKBN.E;2026-06-30;1.29;1.4;-7.86;0;0;0;0;0;0;0;0;0;0;0;;;;;
2026-05-08;O_VAKBNE0626C37.00;VAKBN_06/2026_AVRUPA_OPSIYON;D_EQ;SSO;D_EQ_ECP;DE_VAKBN_ECP;VAKBN.E;2026-06-30;1.01;1.11;-9.01;0;0;0;0;0;0;0;0;0;0;0;;;;;
2026-05-08;O_VAKBNE0626C38.00;VAKBN_06/2026_AVRUPA_OPSIYON;D_EQ;SSO;D_EQ_ECP;DE_VAKBN_ECP;VAKBN.E;2026-06-30;0.79;0.88;-10.23;0;0;0;0;0;0;0;0;0;0;0;;;;;
2026-05-08;O_VAKBNE0626C39.00;VAKBN_06/2026_AVRUPA_OPSIYON;D_EQ;SSO;D_EQ_ECP;DE_VAKBN_ECP;VAKBN.E;2026-06-30;0.61;0.68;-10.29;0;0;0;0;0;0;0;0;0;0;0;;;;;
2026-05-08;O_VAKBNE0626C40.00;VAKBN_06/2026_AVRUPA_OPSIYON;D_EQ;SSO;D_EQ_ECP;DE_VAKBN_ECP;VAKBN.E;2026-06-30;0.46;0.53;-13.21;0;0;0;0;0;0;0;0;0;0;0;;;;;
2026-05-08;O_VAKBNE0626C41.00;VAKBN_06/2026_AVRUPA_OPSIYON;D_EQ;SSO;D_EQ_ECP;DE_VAKBN_ECP;VAKBN.E;2026-06-30;0.35;0.4;-12.5;0;0;0;0;0;0;0;0;0;0;0;;;;;
2026-05-08;O_VAKBNE0626C42.00;VAKBN_06/2026_AVRUPA_OPSIYON;D_EQ;SSO;D_EQ_ECP;DE_VAKBN_ECP;VAKBN.E;2026-06-30;0.26;0.31;-16.13;0;0;0;0;0;0;0;0;0;0;0;;;;;
2026-05-08;O_VAKBNE0626C43.00;VAKBN_06/2026_AVRUPA_OPSIYON;D_EQ;SSO;D_EQ_ECP;DE_VAKBN_ECP;VAKBN.E;2026-06-30;0.19;0.23;-17.39;0;0;0;0;0;0;0;0;0;0;0;;;;;
2026-05-08;O_VAKBNE0626C44.00;VAKBN_06/2026_AVRUPA_OPSIYON;D_EQ;SSO;D_EQ_ECP;DE_VAKBN_ECP;VAKBN.E;2026-06-30;0.14;0.17;-17.65;0;0;0;0;0;0;0;0;0;0;0;;;;;
2026-05-08;O_VAKBNE0626P26.00;VAKBN_06/2026_AVRUPA_OPSIYON;D_EQ;SSO;D_EQ_EPP;DE_VAKBN_EPP;VAKBN.E;2026-06-30;0.11;0.12;-8.33;0;0;0;0;0;0;0;0;0;0;0;;;;;
2026-05-08;O_VAKBNE0626P27.00;VAKBN_06/2026_AVRUPA_OPSIYON;D_EQ;SSO;D_EQ_EPP;DE_VAKBN_EPP;VAKBN.E;2026-06-30;0.19;0.21;-9.52;0;0;0;0;0;0;0;0;0;0;0;;;;;
2026-05-08;O_VAKBNE0626P28.00;VAKBN_06/2026_AVRUPA_OPSIYON;D_EQ;SSO;D_EQ_EPP;DE_VAKBN_EPP;VAKBN.E;2026-06-30;0.3;0.33;-9.09;0;0;0;0;0;0;0;0;0;0;0;;;;;
2026-05-08;O_VAKBNE0626P29.00;VAKBN_06/2026_AVRUPA_OPSIYON;D_EQ;SSO;D_EQ_EPP;DE_VAKBN_EPP;VAKBN.E;2026-06-30;0.46;0.49;-6.12;0;0;0;0;0;0;0;0;0;0;0;;;;;
2026-05-08;O_VAKBNE0626P30.00;VAKBN_06/2026_AVRUPA_OPSIYON;D_EQ;SSO;D_EQ_EPP;DE_VAKBN_EPP;VAKBN.E;2026-06-30;0.68;0.71;-4.23;0;0;0;0;0;0;0;0;0;0;0;;;;;
2026-05-08;O_VAKBNE0626P31.00;VAKBN_06/2026_AVRUPA_OPSIYON;D_EQ;SSO;D_EQ_EPP;DE_VAKBN_EPP;VAKBN.E;2026-06-30;0.96;0.99;-3.03;0;0;0;0;0;0;0;0;0;0;0;;;;;
2026-05-08;O_VAKBNE0626P32.00;VAKBN_06/2026_AVRUPA_OPSIYON;D_EQ;SSO;D_EQ_EPP;DE_VAKBN_EPP;VAKBN.E;2026-06-30;1.3;1.34;-2.99;0;0;0;0;0;0;0;0;0;0;0;;;;;
2026-05-08;O_VAKBNE0626P33.00;VAKBN_06/2026_AVRUPA_OPSIYON;D_EQ;SSO;D_EQ_EPP;DE_VAKBN_EPP;VAKBN.E;2026-06-30;1.72;1.75;-1.71;0;0;0;0;0;0;0;0;0;0;0;;;;;
2026-05-08;O_VAKBNE0626P34.00;VAKBN_06/2026_AVRUPA_OPSIYON;D_EQ;SSO;D_EQ_EPP;DE_VAKBN_EPP;VAKBN.E;2026-06-30;2.2;2.23;-1.35;0;0;0;0;0;0;0;0;0;0;0;;;;;
2026-05-08;O_VAKBNE0626P35.00;VAKBN_06/2026_AVRUPA_OPSIYON;D_EQ;SSO;D_EQ_EPP;DE_VAKBN_EPP;VAKBN.E;2026-06-30;2.75;2.77;-0.72;0;0;0;0;0;0;0;0;0;0;0;;;;;
2026-05-08;O_VAKBNE0626P36.00;VAKBN_06/2026_AVRUPA_OPSIYON;D_EQ;SSO;D_EQ_EPP;DE_VAKBN_EPP;VAKBN.E;2026-06-30;3.36;3.37;-0.3;0;0;0;0;0;0;0;0;0;0;0;;;;;
2026-05-08;O_VAKBNE0626P37.00;VAKBN_06/2026_AVRUPA_OPSIYON;D_EQ;SSO;D_EQ_EPP;DE_VAKBN_EPP;VAKBN.E;2026-06-30;4.03;4.03;0;0;0;0;0;0;0;0;0;0;0;0;;;;;
2026-05-08;O_VAKBNE0626P38.00;VAKBN_06/2026_AVRUPA_OPSIYON;D_EQ;SSO;D_EQ_EPP;DE_VAKBN_EPP;VAKBN.E;2026-06-30;4.75;4.74;0.21;0;0;0;0;0;0;0;0;0;0;0;;;;;
2026-05-08;O_VAKBNE0626P39.00;VAKBN_06/2026_AVRUPA_OPSIYON;D_EQ;SSO;D_EQ_EPP;DE_VAKBN_EPP;VAKBN.E;2026-06-30;5.51;5.49;0.36;0;0;0;0;0;0;0;0;0;0;0;;;;;
2026-05-08;O_VAKBNE0726C32.00;VAKBN_07/2026_AVRUPA_OPSIYON;D_EQ;SSO;D_EQ_ECP;DE_VAKBN_ECP;VAKBN.E;2026-07-31;4.44;4.58;-3.06;0;0;0;0;0;0;0;0;0;0;0;;;;;
2026-05-08;O_VAKBNE0726C33.00;VAKBN_07/2026_AVRUPA_OPSIYON;D_EQ;SSO;D_EQ_ECP;DE_VAKBN_ECP;VAKBN.E;2026-07-31;3.87;4.01;-3.49;0;0;0;0;0;0;0;0;0;0;0;;;;;
2026-05-08;O_VAKBNE0726C34.00;VAKBN_07/2026_AVRUPA_OPSIYON;D_EQ;SSO;D_EQ_ECP;DE_VAKBN_ECP;VAKBN.E;2026-07-31;3.36;3.5;-4;0;0;0;0;0;0;0;0;0;0;0;;;;;
2026-05-08;O_VAKBNE0726C35.00;VAKBN_07/2026_AVRUPA_OPSIYON;D_EQ;SSO;D_EQ_ECP;DE_VAKBN_ECP;VAKBN.E;2026-07-31;2.89;3.03;-4.62;0;0;0;0;0;0;0;0;0;0;0;;;;;
2026-05-08;O_VAKBNE0726C36.00;VAKBN_07/2026_AVRUPA_OPSIYON;D_EQ;SSO;D_EQ_ECP;DE_VAKBN_ECP;VAKBN.E;2026-07-31;2.47;2.61;-5.36;0;0;0;0;0;0;0;0;0;0;0;;;;;
2026-05-08;O_VAKBNE0726C37.00;VAKBN_07/2026_AVRUPA_OPSIYON;D_EQ;SSO;D_EQ_ECP;DE_VAKBN_ECP;VAKBN.E;2026-07-31;2.11;2.24;-5.8;0;0;0;0;0;0;0;0;0;0;0;;;;;
2026-05-08;O_VAKBNE0726C38.00;VAKBN_07/2026_AVRUPA_OPSIYON;D_EQ;SSO;D_EQ_ECP;DE_VAKBN_ECP;VAKBN.E;2026-07-31;1.78;1.9;-6.32;0;0;0;0;0;0;0;0;0;0;0;;;;;
2026-05-08;O_VAKBNE0726C39.00;VAKBN_07/2026_AVRUPA_OPSIYON;D_EQ;SSO;D_EQ_ECP;DE_VAKBN_ECP;VAKBN.E;2026-07-31;1.5;1.62;-7.41;0;0;0;0;0;0;0;0;0;0;0;;;;;
2026-05-08;O_VAKBNE0726C40.00;VAKBN_07/2026_AVRUPA_OPSIYON;D_EQ;SSO;D_EQ_ECP;DE_VAKBN_ECP;VAKBN.E;2026-07-31;1.25;1.36;-8.09;0;0;0;0;0;0;0;0;0;0;0;;;;;
2026-05-08;O_VAKBNE0726C41.00;VAKBN_07/2026_AVRUPA_OPSIYON;D_EQ;SSO;D_EQ_ECP;DE_VAKBN_ECP;VAKBN.E;2026-07-31;1.04;1.14;-8.77;0;0;0;0;0;0;0;0;0;0;0;;;;;
2026-05-08;O_VAKBNE0726P27.00;VAKBN_07/2026_AVRUPA_OPSIYON;D_EQ;SSO;D_EQ_EPP;DE_VAKBN_EPP;VAKBN.E;2026-07-31;0.25;0.27;-7.41;0;0;0;0;0;0;0;0;0;0;0;;;;;
2026-05-08;O_VAKBNE0726P28.00;VAKBN_07/2026_AVRUPA_OPSIYON;D_EQ;SSO;D_EQ_EPP;DE_VAKBN_EPP;VAKBN.E;2026-07-31;0.36;0.39;-7.69;0;0;0;0;0;0;0;0;0;0;0;;;;;
2026-05-08;O_VAKBNE0726P29.00;VAKBN_07/2026_AVRUPA_OPSIYON;D_EQ;SSO;D_EQ_EPP;DE_VAKBN_EPP;VAKBN.E;2026-07-31;0.51;0.55;-7.27;0;0;0;0;0;0;0;0;0;0;0;;;;;
2026-05-08;O_VAKBNE0726P30.00;VAKBN_07/2026_AVRUPA_OPSIYON;D_EQ;SSO;D_EQ_EPP;DE_VAKBN_EPP;VAKBN.E;2026-07-31;0.71;0.74;-4.05;0;0;0;0;0;0;0;0;0;0;0;;;;;
2026-05-08;O_VAKBNE0726P31.00;VAKBN_07/2026_AVRUPA_OPSIYON;D_EQ;SSO;D_EQ_EPP;DE_VAKBN_EPP;VAKBN.E;2026-07-31;0.94;0.98;-4.08;0;0;0;0;0;0;0;0;0;0;0;;;;;
2026-05-08;O_VAKBNE0726P32.00;VAKBN_07/2026_AVRUPA_OPSIYON;D_EQ;SSO;D_EQ_EPP;DE_VAKBN_EPP;VAKBN.E;2026-07-31;1.22;1.27;-3.94;0;0;0;0;0;0;0;0;0;0;0;;;;;
2026-05-08;O_VAKBNE0726P33.00;VAKBN_07/2026_AVRUPA_OPSIYON;D_EQ;SSO;D_EQ_EPP;DE_VAKBN_EPP;VAKBN.E;2026-07-31;1.56;1.6;-2.5;0;0;0;0;0;0;0;0;0;0;0;;;;;
2026-05-08;O_VAKBNE0726P34.00;VAKBN_07/2026_AVRUPA_OPSIYON;D_EQ;SSO;D_EQ_EPP;DE_VAKBN_EPP;VAKBN.E;2026-07-31;1.94;1.98;-2.02;0;0;0;0;0;0;0;0;0;0;0;;;;;
2026-05-08;O_VAKBNE0726P35.00;VAKBN_07/2026_AVRUPA_OPSIYON;D_EQ;SSO;D_EQ_EPP;DE_VAKBN_EPP;VAKBN.E;2026-07-31;2.38;2.41;-1.24;0;0;0;0;0;0;0;0;0;0;0;;;;;
2026-05-08;O_VAKBNE0726P36.00;VAKBN_07/2026_AVRUPA_OPSIYON;D_EQ;SSO;D_EQ_EPP;DE_VAKBN_EPP;VAKBN.E;2026-07-31;2.86;2.89;-1.04;0;0;0;0;0;0;0;0;0;0;0;;;;;
2026-05-08;O_XU030E0626C13500.00;BIST 30_06/2026_AVRUPA_OPSIYON;D_IX;INO;D_IX_ECO;DE_BIST30_ECO;D_XU030D;2026-06-30;4288.14;4236.24;1.23;0;0;0;0;0;0;0;0;0;10;0;;;;;
2026-05-08;O_XU030E0626C13750.00;BIST 30_06/2026_AVRUPA_OPSIYON;D_IX;INO;D_IX_ECO;DE_BIST30_ECO;D_XU030D;2026-06-30;4051.74;4000.38;1.28;0;0;0;0;0;0;0;0;0;6;0;;;;;
2026-05-08;O_XU030E0626C14000.00;BIST 30_06/2026_AVRUPA_OPSIYON;D_IX;INO;D_IX_ECO;DE_BIST30_ECO;D_XU030D;2026-06-30;3816.06;3765.3;1.35;0;0;0;0;0;0;0;0;0;23;0;;;;;
2026-05-08;O_XU030E0626C14250.00;BIST 30_06/2026_AVRUPA_OPSIYON;D_IX;INO;D_IX_ECO;DE_BIST30_ECO;D_XU030D;2026-06-30;3581.26;3531.17;1.42;0;0;0;0;0;0;0;0;0;49;0;;;;;
2026-05-08;O_XU030E0626C14500.00;BIST 30_06/2026_AVRUPA_OPSIYON;D_IX;INO;D_IX_ECO;DE_BIST30_ECO;D_XU030D;2026-06-30;3347.53;3298.18;1.5;0;0;0;0;0;0;0;0;0;210;0;;;;;
2026-05-08;O_XU030E0626C14750.00;BIST 30_06/2026_AVRUPA_OPSIYON;D_IX;INO;D_IX_ECO;DE_BIST30_ECO;D_XU030D;2026-06-30;3115.09;3066.6;1.58;0;0;0;0;0;0;0;0;0;151;0;;;;;
2026-05-08;O_XU030E0626C15000.00;BIST 30_06/2026_AVRUPA_OPSIYON;D_IX;INO;D_IX_ECO;DE_BIST30_ECO;D_XU030D;2026-06-30;2884.25;2836.73;1.68;0;0;0;0;0;0;0;0;0;166;0;;;;;
2026-05-08;O_XU030E0626C15250.00;BIST 30_06/2026_AVRUPA_OPSIYON;D_IX;INO;D_IX_ECO;DE_BIST30_ECO;D_XU030D;2026-06-30;2658.06;2611.7;1.78;0;0;0;0;0;0;0;0;0;123;0;;;;;
2026-05-08;O_XU030E0626C15500.00;BIST 30_06/2026_AVRUPA_OPSIYON;D_IX;INO;D_IX_ECO;DE_BIST30_ECO;D_XU030D;2026-06-30;2441.57;2397.01;1.86;0;0;0;0;0;0;0;0;0;66;0;;;;;
2026-05-08;O_XU030E0626C15750.00;BIST 30_06/2026_AVRUPA_OPSIYON;D_IX;INO;D_IX_ECO;DE_BIST30_ECO;D_XU030D;2026-06-30;2231.41;2188.87;1.94;0;0;0;0;0;0;0;0;0;59;0;;;;;
2026-05-08;O_XU030E0626C16000.00;BIST 30_06/2026_AVRUPA_OPSIYON;D_IX;INO;D_IX_ECO;DE_BIST30_ECO;D_XU030D;2026-06-30;2028.58;1988.28;2.03;0;0;0;0;0;0;0;0;0;62;0;;;;;
2026-05-08;O_XU030E0626C16250.00;BIST 30_06/2026_AVRUPA_OPSIYON;D_IX;INO;D_IX_ECO;DE_BIST30_ECO;D_XU030D;2026-06-30;1834.04;1796.17;2.11;0;0;0;0;0;0;0;0;0;319;0;;;;;
2026-05-08;O_XU030E0626C16500.00;BIST 30_06/2026_AVRUPA_OPSIYON;D_IX;INO;D_IX_ECO;DE_BIST30_ECO;D_XU030D;2026-06-30;1648.72;1613.43;2.19;0;0;0;0;0;0;0;0;0;421;0;;;;;
2026-05-08;O_XU030E0626C16750.00;BIST 30_06/2026_AVRUPA_OPSIYON;D_IX;INO;D_IX_ECO;DE_BIST30_ECO;D_XU030D;2026-06-30;1473.42;1440.84;2.26;0;0;0;0;0;0;0;0;0;320;0;;;;;
2026-05-08;O_XU030E0626C17000.00;BIST 30_06/2026_AVRUPA_OPSIYON;D_IX;INO;D_IX_ECO;DE_BIST30_ECO;D_XU030D;2026-06-30;1308.83;1279.03;2.33;0;0;0;0;0;0;0;0;0;2656;0;;;;;
2026-05-08;O_XU030E0626C17250.00;BIST 30_06/2026_AVRUPA_OPSIYON;D_IX;INO;D_IX_ECO;DE_BIST30_ECO;D_XU030D;2026-06-30;1155.48;1128.48;2.39;953;945;1084.25;1080.75;1011.96;14835000;870289;86;9;1042;0;;;;;
2026-05-08;O_XU030E0626C17500.00;BIST 30_06/2026_AVRUPA_OPSIYON;D_IX;INO;D_IX_ECO;DE_BIST30_ECO;D_XU030D;2026-06-30;1013.72;989.5;2.45;796.25;785;860.75;785;831.14;8575000;407260;49;6;1333;7;;;;;
2026-05-08;O_XU030E0626C17750.00;BIST 30_06/2026_AVRUPA_OPSIYON;D_IX;INO;D_IX_ECO;DE_BIST30_ECO;D_XU030D;2026-06-30;883.73;862.22;2.49;532.51;532.51;630.75;630.75;597.01;11182500;376117;63;6;384;0;;;;;
2026-05-08;O_XU030E0626C18000.00;BIST 30_06/2026_AVRUPA_OPSIYON;D_IX;INO;D_IX_ECO;DE_BIST30_ECO;D_XU030D;2026-06-30;765.49;746.59;2.53;405.5;395.25;514;514;439.53;22680000;553809.3;126;13;1668;17;;;;;
2026-05-08;O_XU030E0626C18250.00;BIST 30_06/2026_AVRUPA_OPSIYON;D_IX;INO;D_IX_ECO;DE_BIST30_ECO;D_XU030D;2026-06-30;658.82;642.38;2.56;282.25;282.25;399.25;353.5;337.81;21352500;395241.7;117;16;252;6;;;;;
2026-05-08;O_XU030E0626C18500.00;BIST 30_06/2026_AVRUPA_OPSIYON;D_IX;INO;D_IX_ECO;DE_BIST30_ECO;D_XU030D;2026-06-30;563.37;549.22;2.58;206.51;206.51;310.97;300;274.74;26270000;390131.6;142;15;147;-42;;;;;
2026-05-08;O_XU030E0626C18750.00;BIST 30_06/2026_AVRUPA_OPSIYON;D_IX;INO;D_IX_ECO;DE_BIST30_ECO;D_XU030D;2026-06-30;478.66;466.62;2.58;149;149;219.76;219.76;173.71;28125000;260568.2;150;21;713;106;;;;;
2026-05-08;O_XU030E0626C19000.00;BIST 30_06/2026_AVRUPA_OPSIYON;D_IX;INO;D_IX_ECO;DE_BIST30_ECO;D_XU030D;2026-06-30;404.09;393.95;2.57;104.5;104.5;126.01;126;118.17;9690000;60266.2;51;5;984;-39;;;;;
2026-05-08;O_XU030E0626C19250.00;BIST 30_06/2026_AVRUPA_OPSIYON;D_IX;INO;D_IX_ECO;DE_BIST30_ECO;D_XU030D;2026-06-30;338.98;330.52;2.56;55.75;50;73.25;73.25;60.24;6737500;21085;35;4;1011;-33;;;;;
2026-05-08;O_XU030E0626C19500.00;BIST 30_06/2026_AVRUPA_OPSIYON;D_IX;INO;D_IX_ECO;DE_BIST30_ECO;D_XU030D;2026-06-30;282.57;275.6;2.53;74.99;74.99;80;75;77.28;15405000;61047.8;79;13;953;76;;;;;
2026-05-08;O_XU030E0626C19750.00;BIST 30_06/2026_AVRUPA_OPSIYON;D_IX;INO;D_IX_ECO;DE_BIST30_ECO;D_XU030D;2026-06-30;234.08;228.4;2.49;55;55;60;60;57.5;395000;1150;2;2;874;1;;;;;
2026-05-08;O_XU030E0626C20000.00;BIST 30_06/2026_AVRUPA_OPSIYON;D_IX;INO;D_IX_ECO;DE_BIST30_ECO;D_XU030D;2026-06-30;192.72;;0;0;0;0;0;0;0;0;0;0;0;0;;;;;
2026-05-08;O_XU030E0626P12000.00;BIST 30_06/2026_AVRUPA_OPSIYON;D_IX;INO;D_IX_EPO;DE_BIST30_EPO;D_XU030D;2026-06-30;4.04;4.64;-12.93;0;0;0;0;0;0;0;0;0;50;0;;;;;
2026-05-08;O_XU030E0626P12250.00;BIST 30_06/2026_AVRUPA_OPSIYON;D_IX;INO;D_IX_EPO;DE_BIST30_EPO;D_XU030D;2026-06-30;5.03;5.76;-12.67;0;0;0;0;0;0;0;0;0;30;0;;;;;
2026-05-08;O_XU030E0626P12500.00;BIST 30_06/2026_AVRUPA_OPSIYON;D_IX;INO;D_IX_EPO;DE_BIST30_EPO;D_XU030D;2026-06-30;6.24;7.12;-12.36;0;0;0;0;0;0;0;0;0;3;0;;;;;
2026-05-08;O_XU030E0626P12750.00;BIST 30_06/2026_AVRUPA_OPSIYON;D_IX;INO;D_IX_EPO;DE_BIST30_EPO;D_XU030D;2026-06-30;7.73;8.79;-12.06;0;0;0;0;0;0;0;0;0;148;0;;;;;
2026-05-08;O_XU030E0626P13000.00;BIST 30_06/2026_AVRUPA_OPSIYON;D_IX;INO;D_IX_EPO;DE_BIST30_EPO;D_XU030D;2026-06-30;9.55;10.82;-11.74;0;0;0;0;0;0;0;0;0;260;0;;;;;
2026-05-08;O_XU030E0626P13250.00;BIST 30_06/2026_AVRUPA_OPSIYON;D_IX;INO;D_IX_EPO;DE_BIST30_EPO;D_XU030D;2026-06-30;11.76;13.28;-11.45;0;0;0;0;0;0;0;0;0;411;0;;;;;
2026-05-08;O_XU030E0626P13500.00;BIST 30_06/2026_AVRUPA_OPSIYON;D_IX;INO;D_IX_EPO;DE_BIST30_EPO;D_XU030D;2026-06-30;14.46;16.28;-11.18;0;0;0;0;0;0;0;0;0;421;0;;;;;
2026-05-08;O_XU030E0626P13750.00;BIST 30_06/2026_AVRUPA_OPSIYON;D_IX;INO;D_IX_EPO;DE_BIST30_EPO;D_XU030D;2026-06-30;17.76;19.92;-10.84;0;0;0;0;0;0;0;0;0;36;0;;;;;
2026-05-08;O_XU030E0626P14000.00;BIST 30_06/2026_AVRUPA_OPSIYON;D_IX;INO;D_IX_EPO;DE_BIST30_EPO;D_XU030D;2026-06-30;21.77;24.34;-10.56;0;0;0;0;0;0;0;0;0;53;0;;;;;
2026-05-08;O_XU030E0626P14250.00;BIST 30_06/2026_AVRUPA_OPSIYON;D_IX;INO;D_IX_EPO;DE_BIST30_EPO;D_XU030D;2026-06-30;26.66;29.71;-10.27;0;0;0;0;0;0;0;0;0;107;0;;;;;
2026-05-08;O_XU030E0626P14500.00;BIST 30_06/2026_AVRUPA_OPSIYON;D_IX;INO;D_IX_EPO;DE_BIST30_EPO;D_XU030D;2026-06-30;32.61;36.23;-9.99;0;0;0;0;0;0;0;0;0;239;0;;;;;
2026-05-08;O_XU030E0626P14750.00;BIST 30_06/2026_AVRUPA_OPSIYON;D_IX;INO;D_IX_EPO;DE_BIST30_EPO;D_XU030D;2026-06-30;39.87;44.15;-9.69;0;0;0;0;0;0;0;0;0;146;0;;;;;
2026-05-08;O_XU030E0626P15000.00;BIST 30_06/2026_AVRUPA_OPSIYON;D_IX;INO;D_IX_EPO;DE_BIST30_EPO;D_XU030D;2026-06-30;48.72;53.77;-9.39;0;0;0;0;0;0;0;0;0;176;0;;;;;
2026-05-08;O_XU030E0626P15250.00;BIST 30_06/2026_AVRUPA_OPSIYON;D_IX;INO;D_IX_EPO;DE_BIST30_EPO;D_XU030D;2026-06-30;62.22;68.25;-8.84;0;0;0;0;0;0;0;0;0;107;0;;;;;
2026-05-08;O_XU030E0626P15500.00;BIST 30_06/2026_AVRUPA_OPSIYON;D_IX;INO;D_IX_EPO;DE_BIST30_EPO;D_XU030D;2026-06-30;85.42;93.06;-8.21;74;74;94;94;84;310000;1680;2;2;354;-2;;;;;
2026-05-08;O_XU030E0626P15750.00;BIST 30_06/2026_AVRUPA_OPSIYON;D_IX;INO;D_IX_EPO;DE_BIST30_EPO;D_XU030D;2026-06-30;114.95;124.42;-7.61;0;0;0;0;0;0;0;0;0;5276;0;;;;;
2026-05-08;O_XU030E0626P16000.00;BIST 30_06/2026_AVRUPA_OPSIYON;D_IX;INO;D_IX_EPO;DE_BIST30_EPO;D_XU030D;2026-06-30;151.81;163.33;-7.05;118.25;118.25;118.25;118.25;118.25;160000;1182.5;1;1;1230;0;;;;;
2026-05-08;O_XU030E0626P16250.00;BIST 30_06/2026_AVRUPA_OPSIYON;D_IX;INO;D_IX_EPO;DE_BIST30_EPO;D_XU030D;2026-06-30;196.97;210.72;-6.53;0;0;0;0;0;0;0;0;0;3270;0;;;;;
2026-05-08;O_XU030E0626P16500.00;BIST 30_06/2026_AVRUPA_OPSIYON;D_IX;INO;D_IX_EPO;DE_BIST30_EPO;D_XU030D;2026-06-30;251.34;267.49;-6.04;190;185;212.49;199.49;199.37;3300000;39873.5;20;4;2124;5;;;;;
2026-05-08;O_XU030E0626P16750.00;BIST 30_06/2026_AVRUPA_OPSIYON;D_IX;INO;D_IX_EPO;DE_BIST30_EPO;D_XU030D;2026-06-30;315.73;334.4;-5.58;245.75;197;260;198;249.4;53097500;790590;317;31;2301;300;;;;;
2026-05-08;O_XU030E0626P17000.00;BIST 30_06/2026_AVRUPA_OPSIYON;D_IX;INO;D_IX_EPO;DE_BIST30_EPO;D_XU030D;2026-06-30;390.83;412.09;-5.16;254.49;226.75;355.25;230;289.24;331160000;5634419.1;1948;173;5480;1436;;;;;
2026-05-08;O_XU030E0626P17250.00;BIST 30_06/2026_AVRUPA_OPSIYON;D_IX;INO;D_IX_EPO;DE_BIST30_EPO;D_XU030D;2026-06-30;477.17;501.04;-4.76;274.9;246.49;322.39;264.5;291.4;45195000;763466.3;262;54;816;106;;;;;
2026-05-08;O_XU030E0626P17500.00;BIST 30_06/2026_AVRUPA_OPSIYON;D_IX;INO;D_IX_EPO;DE_BIST30_EPO;D_XU030D;2026-06-30;575.1;601.56;-4.4;329.25;316;380;325.5;334.4;57225000;1093475.6;327;38;3243;-135;;;;;
2026-05-08;O_XU030E0626P17750.00;BIST 30_06/2026_AVRUPA_OPSIYON;D_IX;INO;D_IX_EPO;DE_BIST30_EPO;D_XU030D;2026-06-30;684.8;713.78;-4.06;459.48;408.75;459.48;415.75;425.56;9762500;234059.5;55;6;1172;25;;;;;
2026-05-08;O_XU030E0626P18000.00;BIST 30_06/2026_AVRUPA_OPSIYON;D_IX;INO;D_IX_EPO;DE_BIST30_EPO;D_XU030D;2026-06-30;806.25;837.65;-3.75;506.25;435.75;576.5;500;511.93;107640000;3061343.1;598;65;2906;418;;;;;
2026-05-08;O_XU030E0626P18250.00;BIST 30_06/2026_AVRUPA_OPSIYON;D_IX;INO;D_IX_EPO;DE_BIST30_EPO;D_XU030D;2026-06-30;939.27;972.94;-3.46;648.75;534.25;704.83;625.75;633.04;56575000;1962414.6;310;53;4437;0;;;;;
2026-05-08;O_XU030E0626P18500.00;BIST 30_06/2026_AVRUPA_OPSIYON;D_IX;INO;D_IX_EPO;DE_BIST30_EPO;D_XU030D;2026-06-30;1083.52;;0;815.25;695;815.25;735.5;772.9;44215000;1847240;239;25;239;239;;;;;
2026-05-08;O_XU030E0826C15500.00;BIST 30_08/2026_AVRUPA_OPSIYON;D_IX;INO;D_IX_ECO;DE_BIST30_ECO;D_XU030D;2026-08-31;3151.38;3106.09;1.46;0;0;0;0;0;0;0;0;0;10;0;;;;;
2026-05-08;O_XU030E0826C15750.00;BIST 30_08/2026_AVRUPA_OPSIYON;D_IX;INO;D_IX_ECO;DE_BIST30_ECO;D_XU030D;2026-08-31;2958.38;2914.51;1.51;0;0;0;0;0;0;0;0;0;1;0;;;;;
2026-05-08;O_XU030E0826C16000.00;BIST 30_08/2026_AVRUPA_OPSIYON;D_IX;INO;D_IX_ECO;DE_BIST30_ECO;D_XU030D;2026-08-31;2770.87;2728.5;1.55;0;0;0;0;0;0;0;0;0;10;0;;;;;
2026-05-08;O_XU030E0826C16250.00;BIST 30_08/2026_AVRUPA_OPSIYON;D_IX;INO;D_IX_ECO;DE_BIST30_ECO;D_XU030D;2026-08-31;2589.24;2548.47;1.6;0;0;0;0;0;0;0;0;0;0;0;;;;;
2026-05-08;O_XU030E0826C16500.00;BIST 30_08/2026_AVRUPA_OPSIYON;D_IX;INO;D_IX_ECO;DE_BIST30_ECO;D_XU030D;2026-08-31;2413.87;2374.75;1.65;0;0;0;0;0;0;0;0;0;0;0;;;;;
2026-05-08;O_XU030E0826C16750.00;BIST 30_08/2026_AVRUPA_OPSIYON;D_IX;INO;D_IX_ECO;DE_BIST30_ECO;D_XU030D;2026-08-31;2245.06;2207.66;1.69;0;0;0;0;0;0;0;0;0;5;0;;;;;
2026-05-08;O_XU030E0826C17000.00;BIST 30_08/2026_AVRUPA_OPSIYON;D_IX;INO;D_IX_ECO;DE_BIST30_ECO;D_XU030D;2026-08-31;2083.09;2047.46;1.74;0;0;0;0;0;0;0;0;0;28;0;;;;;
2026-05-08;O_XU030E0826C17250.00;BIST 30_08/2026_AVRUPA_OPSIYON;D_IX;INO;D_IX_ECO;DE_BIST30_ECO;D_XU030D;2026-08-31;1928.18;1894.36;1.79;0;0;0;0;0;0;0;0;0;46;0;;;;;
2026-05-08;O_XU030E0826C17500.00;BIST 30_08/2026_AVRUPA_OPSIYON;D_IX;INO;D_IX_ECO;DE_BIST30_ECO;D_XU030D;2026-08-31;1780.53;1748.52;1.83;0;0;0;0;0;0;0;0;0;13;0;;;;;
2026-05-08;O_XU030E0826C17750.00;BIST 30_08/2026_AVRUPA_OPSIYON;D_IX;INO;D_IX_ECO;DE_BIST30_ECO;D_XU030D;2026-08-31;1640.24;1610.07;1.87;1594;1594;1594;1594;1594;2307500;207220;13;2;43;13;;;;;
2026-05-08;O_XU030E0826C18000.00;BIST 30_08/2026_AVRUPA_OPSIYON;D_IX;INO;D_IX_ECO;DE_BIST30_ECO;D_XU030D;2026-08-31;1507.39;1479.05;1.92;1430.5;1430.5;1430.5;1430.5;1430.5;2340000;185965;13;2;30;0;;;;;
2026-05-08;O_XU030E0826C18250.00;BIST 30_08/2026_AVRUPA_OPSIYON;D_IX;INO;D_IX_ECO;DE_BIST30_ECO;D_XU030D;2026-08-31;1382;1355.47;1.96;1274;1274;1274;1274;1274;2372500;165620;13;2;37;13;;;;;
2026-05-08;O_XU030E0826C18500.00;BIST 30_08/2026_AVRUPA_OPSIYON;D_IX;INO;D_IX_ECO;DE_BIST30_ECO;D_XU030D;2026-08-31;1264.04;1239.29;2;1125.75;1125.75;1125.75;1125.75;1125.75;2405000;146347.5;13;2;53;13;;;;;
2026-05-08;O_XU030E0826C18750.00;BIST 30_08/2026_AVRUPA_OPSIYON;D_IX;INO;D_IX_ECO;DE_BIST30_ECO;D_XU030D;2026-08-31;1153.43;1130.42;2.04;986.75;986.75;986.75;986.75;986.75;2437500;128277.5;13;2;70;13;;;;;
2026-05-08;O_XU030E0826C19000.00;BIST 30_08/2026_AVRUPA_OPSIYON;D_IX;INO;D_IX_ECO;DE_BIST30_ECO;D_XU030D;2026-08-31;1050.03;1028.72;2.07;0;0;0;0;0;0;0;0;0;140;0;;;;;
2026-05-08;O_XU030E0826C19250.00;BIST 30_08/2026_AVRUPA_OPSIYON;D_IX;INO;D_IX_ECO;DE_BIST30_ECO;D_XU030D;2026-08-31;953.7;934.02;2.11;0;0;0;0;0;0;0;0;0;8;0;;;;;
2026-05-08;O_XU030E0826C19500.00;BIST 30_08/2026_AVRUPA_OPSIYON;D_IX;INO;D_IX_ECO;DE_BIST30_ECO;D_XU030D;2026-08-31;864.23;846.12;2.14;631.25;629.82;631.25;629.82;630.75;3900000;126149.9;20;2;56;7;;;;;
2026-05-08;O_XU030E0826C19750.00;BIST 30_08/2026_AVRUPA_OPSIYON;D_IX;INO;D_IX_ECO;DE_BIST30_ECO;D_XU030D;2026-08-31;781.38;764.78;2.17;532.75;532.75;532.75;532.75;532.75;592500;15982.5;3;1;62;0;;;;;
2026-05-08;O_XU030E0826C20000.00;BIST 30_08/2026_AVRUPA_OPSIYON;D_IX;INO;D_IX_ECO;DE_BIST30_ECO;D_XU030D;2026-08-31;704.9;689.73;2.2;470.5;463.25;480;463.25;469.66;6600000;154987.5;33;4;79;13;;;;;
2026-05-08;O_XU030E0826C20250.00;BIST 30_08/2026_AVRUPA_OPSIYON;D_IX;INO;D_IX_ECO;DE_BIST30_ECO;D_XU030D;2026-08-31;634.52;620.69;2.23;413;394.75;418.25;418.25;406.28;9112500;182827.5;45;7;112;35;;;;;
2026-05-08;O_XU030E0826C20500.00;BIST 30_08/2026_AVRUPA_OPSIYON;D_IX;INO;D_IX_ECO;DE_BIST30_ECO;D_XU030D;2026-08-31;569.92;557.37;2.25;330.5;330.5;353.5;350.5;339.36;10865000;179862.5;53;8;217;53;;;;;
2026-05-08;O_XU030E0826C20750.00;BIST 30_08/2026_AVRUPA_OPSIYON;D_IX;INO;D_IX_ECO;DE_BIST30_ECO;D_XU030D;2026-08-31;510.82;499.46;2.27;300;276.5;300;276.5;287.72;3320000;46035;16;4;64;14;;;;;
2026-05-08;O_XU030E0826P14000.00;BIST 30_08/2026_AVRUPA_OPSIYON;D_IX;INO;D_IX_EPO;DE_BIST30_EPO;D_XU030D;2026-08-31;55.87;58.93;-5.19;0;0;0;0;0;0;0;0;0;0;0;;;;;
2026-05-08;O_XU030E0826P14250.00;BIST 30_08/2026_AVRUPA_OPSIYON;D_IX;INO;D_IX_EPO;DE_BIST30_EPO;D_XU030D;2026-08-31;62.47;65.86;-5.15;0;0;0;0;0;0;0;0;0;65;0;;;;;
2026-05-08;O_XU030E0826P14500.00;BIST 30_08/2026_AVRUPA_OPSIYON;D_IX;INO;D_IX_EPO;DE_BIST30_EPO;D_XU030D;2026-08-31;70.37;74.54;-5.59;0;0;0;0;0;0;0;0;0;40;0;;;;;
2026-05-08;O_XU030E0826P14750.00;BIST 30_08/2026_AVRUPA_OPSIYON;D_IX;INO;D_IX_EPO;DE_BIST30_EPO;D_XU030D;2026-08-31;89.28;94.3;-5.32;0;0;0;0;0;0;0;0;0;30;0;;;;;
2026-05-08;O_XU030E0826P15000.00;BIST 30_08/2026_AVRUPA_OPSIYON;D_IX;INO;D_IX_EPO;DE_BIST30_EPO;D_XU030D;2026-08-31;111.95;117.92;-5.06;0;0;0;0;0;0;0;0;0;30;0;;;;;
2026-05-08;O_XU030E0826P15250.00;BIST 30_08/2026_AVRUPA_OPSIYON;D_IX;INO;D_IX_EPO;DE_BIST30_EPO;D_XU030D;2026-08-31;138.83;145.85;-4.81;0;0;0;0;0;0;0;0;0;0;0;;;;;
2026-05-08;O_XU030E0826P15500.00;BIST 30_08/2026_AVRUPA_OPSIYON;D_IX;INO;D_IX_EPO;DE_BIST30_EPO;D_XU030D;2026-08-31;170.35;178.53;-4.58;0;0;0;0;0;0;0;0;0;10;0;;;;;
2026-05-08;O_XU030E0826P15750.00;BIST 30_08/2026_AVRUPA_OPSIYON;D_IX;INO;D_IX_EPO;DE_BIST30_EPO;D_XU030D;2026-08-31;206.95;216.39;-4.36;0;0;0;0;0;0;0;0;0;60;0;;;;;
2026-05-08;O_XU030E0826P16000.00;BIST 30_08/2026_AVRUPA_OPSIYON;D_IX;INO;D_IX_EPO;DE_BIST30_EPO;D_XU030D;2026-08-31;249.06;259.83;-4.15;0;0;0;0;0;0;0;0;0;40;0;;;;;
2026-05-08;O_XU030E0826P16250.00;BIST 30_08/2026_AVRUPA_OPSIYON;D_IX;INO;D_IX_EPO;DE_BIST30_EPO;D_XU030D;2026-08-31;297.04;309.24;-3.95;0;0;0;0;0;0;0;0;0;49;0;;;;;
2026-05-08;O_XU030E0826P16500.00;BIST 30_08/2026_AVRUPA_OPSIYON;D_IX;INO;D_IX_EPO;DE_BIST30_EPO;D_XU030D;2026-08-31;351.28;364.96;-3.75;350.5;337.75;350.5;337.75;344.13;330000;6882.5;2;2;52;-1;;;;;
2026-05-08;O_XU030E0826P16750.00;BIST 30_08/2026_AVRUPA_OPSIYON;D_IX;INO;D_IX_EPO;DE_BIST30_EPO;D_XU030D;2026-08-31;412.08;427.31;-3.56;0;0;0;0;0;0;0;0;0;29;0;;;;;
2026-05-08;O_XU030E0826P17000.00;BIST 30_08/2026_AVRUPA_OPSIYON;D_IX;INO;D_IX_EPO;DE_BIST30_EPO;D_XU030D;2026-08-31;479.72;496.55;-3.39;429.25;429.25;429.25;429.25;429.25;340000;8585;2;1;11;-2;;;;;
2026-05-08;O_XU030E0826P17250.00;BIST 30_08/2026_AVRUPA_OPSIYON;D_IX;INO;D_IX_EPO;DE_BIST30_EPO;D_XU030D;2026-08-31;554.44;572.89;-3.22;0;0;0;0;0;0;0;0;0;16;0;;;;;
2026-05-08;O_XU030E0826P17500.00;BIST 30_08/2026_AVRUPA_OPSIYON;D_IX;INO;D_IX_EPO;DE_BIST30_EPO;D_XU030D;2026-08-31;636.39;656.5;-3.06;0;0;0;0;0;0;0;0;0;16;0;;;;;
2026-05-08;O_XU030E0826P17750.00;BIST 30_08/2026_AVRUPA_OPSIYON;D_IX;INO;D_IX_EPO;DE_BIST30_EPO;D_XU030D;2026-08-31;725.72;747.49;-2.91;0;0;0;0;0;0;0;0;0;17;0;;;;;
2026-05-08;O_XU030E0826P18000.00;BIST 30_08/2026_AVRUPA_OPSIYON;D_IX;INO;D_IX_EPO;DE_BIST30_EPO;D_XU030D;2026-08-31;822.48;845.91;-2.77;0;0;0;0;0;0;0;0;0;100;0;;;;;
2026-05-08;O_XU030E0826P18250.00;BIST 30_08/2026_AVRUPA_OPSIYON;D_IX;INO;D_IX_EPO;DE_BIST30_EPO;D_XU030D;2026-08-31;926.7;951.77;-2.63;0;0;0;0;0;0;0;0;0;30;0;;;;;
2026-05-08;O_XU030E0826P18500.00;BIST 30_08/2026_AVRUPA_OPSIYON;D_IX;INO;D_IX_EPO;DE_BIST30_EPO;D_XU030D;2026-08-31;1038.35;1065.04;-2.51;0;0;0;0;0;0;0;0;0;10;0;;;;;
2026-05-08;O_XU030E0826P18750.00;BIST 30_08/2026_AVRUPA_OPSIYON;D_IX;INO;D_IX_EPO;DE_BIST30_EPO;D_XU030D;2026-08-31;1157.35;1185.61;-2.38;881;822;881;834.71;849.09;6187500;280201;33;4;140;0;;;;;
2026-05-08;O_XU030E0826P19000.00;BIST 30_08/2026_AVRUPA_OPSIYON;D_IX;INO;D_IX_EPO;DE_BIST30_EPO;D_XU030D;2026-08-31;1283.57;1313.35;-2.27;981;935.5;981;935.5;962.35;8170000;413811;43;5;52;-30;;;;;
2026-05-08;O_XU030E0826P19250.00;BIST 30_08/2026_AVRUPA_OPSIYON;D_IX;INO;D_IX_EPO;DE_BIST30_EPO;D_XU030D;2026-08-31;1416.85;1448.1;-2.16;1101;1044.25;1105;1049;1077.03;9625000;538512.5;50;6;36;36;;;;;
2026-05-08;O_XU030E1026C18250.00;BIST 30_10/2026_AVRUPA_OPSIYON;D_IX;INO;D_IX_ECO;DE_BIST30_ECO;D_XU030D;2026-10-30;1911.5;1880.1;1.67;0;0;0;0;0;0;0;0;0;5;0;;;;;
2026-05-08;O_XU030E1026C18500.00;BIST 30_10/2026_AVRUPA_OPSIYON;D_IX;INO;D_IX_ECO;DE_BIST30_ECO;D_XU030D;2026-10-30;1787.97;1758.04;1.7;0;0;0;0;0;0;0;0;0;2;0;;;;;
2026-05-08;O_XU030E1026C18750.00;BIST 30_10/2026_AVRUPA_OPSIYON;D_IX;INO;D_IX_ECO;DE_BIST30_ECO;D_XU030D;2026-10-30;1670.19;1641.71;1.73;1776.25;1776.25;1776.25;1776.25;1776.25;937500;88812.5;5;1;10;5;;;;;
2026-05-08;O_XU030E1026C19000.00;BIST 30_10/2026_AVRUPA_OPSIYON;D_IX;INO;D_IX_ECO;DE_BIST30_ECO;D_XU030D;2026-10-30;1558.11;1531.07;1.77;0;0;0;0;0;0;0;0;0;0;0;;;;;
2026-05-08;O_XU030E1026C19250.00;BIST 30_10/2026_AVRUPA_OPSIYON;D_IX;INO;D_IX_ECO;DE_BIST30_ECO;D_XU030D;2026-10-30;1451.66;1426.03;1.8;0;0;0;0;0;0;0;0;0;0;0;;;;;
2026-05-08;O_XU030E1026C19500.00;BIST 30_10/2026_AVRUPA_OPSIYON;D_IX;INO;D_IX_ECO;DE_BIST30_ECO;D_XU030D;2026-10-30;1350.74;1326.5;1.83;0;0;0;0;0;0;0;0;0;0;0;;;;;
2026-05-08;O_XU030E1026C19750.00;BIST 30_10/2026_AVRUPA_OPSIYON;D_IX;INO;D_IX_ECO;DE_BIST30_ECO;D_XU030D;2026-10-30;1255.25;1232.35;1.86;0;0;0;0;0;0;0;0;0;0;0;;;;;
2026-05-08;O_XU030E1026C20000.00;BIST 30_10/2026_AVRUPA_OPSIYON;D_IX;INO;D_IX_ECO;DE_BIST30_ECO;D_XU030D;2026-10-30;1165.05;1143.48;1.89;0;0;0;0;0;0;0;0;0;1;0;;;;;
2026-05-08;O_XU030E1026C20250.00;BIST 30_10/2026_AVRUPA_OPSIYON;D_IX;INO;D_IX_ECO;DE_BIST30_ECO;D_XU030D;2026-10-30;1080.01;1059.72;1.91;838.25;838.25;838.25;838.25;838.25;1417500;58677.5;7;1;7;7;;;;;
2026-05-08;O_XU030E1026C20500.00;BIST 30_10/2026_AVRUPA_OPSIYON;D_IX;INO;D_IX_ECO;DE_BIST30_ECO;D_XU030D;2026-10-30;999.97;980.91;1.94;0;0;0;0;0;0;0;0;0;0;0;;;;;
2026-05-08;O_XU030E1026C20750.00;BIST 30_10/2026_AVRUPA_OPSIYON;D_IX;INO;D_IX_ECO;DE_BIST30_ECO;D_XU030D;2026-10-30;924.77;906.9;1.97;0;0;0;0;0;0;0;0;0;0;0;;;;;
2026-05-08;O_XU030E1026C21000.00;BIST 30_10/2026_AVRUPA_OPSIYON;D_IX;INO;D_IX_ECO;DE_BIST30_ECO;D_XU030D;2026-10-30;854.22;837.51;2;0;0;0;0;0;0;0;0;0;1;0;;;;;
2026-05-08;O_XU030E1026C21250.00;BIST 30_10/2026_AVRUPA_OPSIYON;D_IX;INO;D_IX_ECO;DE_BIST30_ECO;D_XU030D;2026-10-30;788.16;772.55;2.02;0;0;0;0;0;0;0;0;0;0;0;;;;;
2026-05-08;O_XU030E1026C21500.00;BIST 30_10/2026_AVRUPA_OPSIYON;D_IX;INO;D_IX_ECO;DE_BIST30_ECO;D_XU030D;2026-10-30;726.39;711.84;2.04;392.25;392.25;392.25;392.25;392.25;645000;11767.5;3;1;3;3;;;;;
2026-05-08;O_XU030E1026P16750.00;BIST 30_10/2026_AVRUPA_OPSIYON;D_IX;INO;D_IX_EPO;DE_BIST30_EPO;D_XU030D;2026-10-30;485.49;499.6;-2.82;0;0;0;0;0;0;0;0;0;0;0;;;;;
2026-05-08;O_XU030E1026P17000.00;BIST 30_10/2026_AVRUPA_OPSIYON;D_IX;INO;D_IX_EPO;DE_BIST30_EPO;D_XU030D;2026-10-30;550.63;565.99;-2.71;0;0;0;0;0;0;0;0;0;0;0;;;;;
2026-05-08;O_XU030E1026P17250.00;BIST 30_10/2026_AVRUPA_OPSIYON;D_IX;INO;D_IX_EPO;DE_BIST30_EPO;D_XU030D;2026-10-30;621.29;637.93;-2.61;0;0;0;0;0;0;0;0;0;0;0;;;;;
2026-05-08;O_XU030E1026P17500.00;BIST 30_10/2026_AVRUPA_OPSIYON;D_IX;INO;D_IX_EPO;DE_BIST30_EPO;D_XU030D;2026-10-30;697.57;715.52;-2.51;0;0;0;0;0;0;0;0;0;0;0;;;;;
2026-05-08;O_XU030E1026P17750.00;BIST 30_10/2026_AVRUPA_OPSIYON;D_IX;INO;D_IX_EPO;DE_BIST30_EPO;D_XU030D;2026-10-30;779.56;798.82;-2.41;0;0;0;0;0;0;0;0;0;0;0;;;;;
2026-05-08;O_XU030E1026P18000.00;BIST 30_10/2026_AVRUPA_OPSIYON;D_IX;INO;D_IX_EPO;DE_BIST30_EPO;D_XU030D;2026-10-30;867.3;887.89;-2.32;0;0;0;0;0;0;0;0;0;0;0;;;;;
2026-05-08;O_XU030E1026P18250.00;BIST 30_10/2026_AVRUPA_OPSIYON;D_IX;INO;D_IX_EPO;DE_BIST30_EPO;D_XU030D;2026-10-30;960.82;982.73;-2.23;0;0;0;0;0;0;0;0;0;0;0;;;;;
2026-05-08;O_XU030E1026P18500.00;BIST 30_10/2026_AVRUPA_OPSIYON;D_IX;INO;D_IX_EPO;DE_BIST30_EPO;D_XU030D;2026-10-30;1060.12;1083.34;-2.14;0;0;0;0;0;0;0;0;0;0;0;;;;;
2026-05-08;O_XU030E1026P18750.00;BIST 30_10/2026_AVRUPA_OPSIYON;D_IX;INO;D_IX_EPO;DE_BIST30_EPO;D_XU030D;2026-10-30;1165.16;1189.7;-2.06;0;0;0;0;0;0;0;0;0;0;0;;;;;
2026-05-08;O_XU030E1026P19000.00;BIST 30_10/2026_AVRUPA_OPSIYON;D_IX;INO;D_IX_EPO;DE_BIST30_EPO;D_XU030D;2026-10-30;1275.91;1301.73;-1.98;0;0;0;0;0;0;0;0;0;5;0;;;;;
2026-05-08;O_XU030E1026P19250.00;BIST 30_10/2026_AVRUPA_OPSIYON;D_IX;INO;D_IX_EPO;DE_BIST30_EPO;D_XU030D;2026-10-30;1392.29;1419.37;-1.91;0;0;0;0;0;0;0;0;0;0;0;;;;;
2026-05-08;O_XU030E1026P19500.00;BIST 30_10/2026_AVRUPA_OPSIYON;D_IX;INO;D_IX_EPO;DE_BIST30_EPO;D_XU030D;2026-10-30;1514.19;1542.52;-1.84;0;0;0;0;0;0;0;0;0;5;0;;;;;
2026-05-08;O_XU030E1026P19750.00;BIST 30_10/2026_AVRUPA_OPSIYON;D_IX;INO;D_IX_EPO;DE_BIST30_EPO;D_XU030D;2026-10-30;1641.53;1671.06;-1.77;0;0;0;0;0;0;0;0;0;0;0;;;;;
2026-05-08;O_XU030E1026P20000.00;BIST 30_10/2026_AVRUPA_OPSIYON;D_IX;INO;D_IX_EPO;DE_BIST30_EPO;D_XU030D;2026-10-30;1774.15;1804.86;-1.7;0;0;0;0;0;0;0;0;0;1;0;;;;;
2026-05-08;O_YKBNKE0526C33.00;YKBNK_05/2026_AVRUPA_OPSIYON;D_EQ;SSO;D_EQ_ECP;DE_YKBNK_ECP;YKBNK.E;2026-05-25;6.89;6.29;9.54;0;0;0;0;0;0;0;0;0;0;0;;;;;
2026-05-08;O_YKBNKE0526C34.00;YKBNK_05/2026_AVRUPA_OPSIYON;D_EQ;SSO;D_EQ_ECP;DE_YKBNK_ECP;YKBNK.E;2026-05-25;5.92;5.34;10.86;0;0;0;0;0;0;0;0;0;0;0;;;;;
2026-05-08;O_YKBNKE0526C35.00;YKBNK_05/2026_AVRUPA_OPSIYON;D_EQ;SSO;D_EQ_ECP;DE_YKBNK_ECP;YKBNK.E;2026-05-25;4.98;4.42;12.67;0;0;0;0;0;0;0;0;0;0;0;;;;;
2026-05-08;O_YKBNKE0526C36.00;YKBNK_05/2026_AVRUPA_OPSIYON;D_EQ;SSO;D_EQ_ECP;DE_YKBNK_ECP;YKBNK.E;2026-05-25;4.07;3.55;14.65;0;0;0;0;0;0;0;0;0;0;0;;;;;
2026-05-08;O_YKBNKE0526C37.00;YKBNK_05/2026_AVRUPA_OPSIYON;D_EQ;SSO;D_EQ_ECP;DE_YKBNK_ECP;YKBNK.E;2026-05-25;3.23;2.76;17.03;0;0;0;0;0;0;0;0;0;2500;0;;;;;
2026-05-08;O_YKBNKE0526C38.00;YKBNK_05/2026_AVRUPA_OPSIYON;D_EQ;SSO;D_EQ_ECP;DE_YKBNK_ECP;YKBNK.E;2026-05-25;2.47;2.06;19.9;2.54;2.54;2.54;2.54;2.54;190000;12700;50;1;1000;0;;;;;
2026-05-08;O_YKBNKE0526C39.00;YKBNK_05/2026_AVRUPA_OPSIYON;D_EQ;SSO;D_EQ_ECP;DE_YKBNK_ECP;YKBNK.E;2026-05-25;1.82;1.48;22.97;0;0;0;0;0;0;0;0;0;300;0;;;;;
2026-05-08;O_YKBNKE0526C40.00;YKBNK_05/2026_AVRUPA_OPSIYON;D_EQ;SSO;D_EQ_ECP;DE_YKBNK_ECP;YKBNK.E;2026-05-25;1.29;1.02;26.47;0.67;0.65;1.3;1.15;0.82;2800000;57200;700;4;4916;500;;;;;
2026-05-08;O_YKBNKE0526C41.00;YKBNK_05/2026_AVRUPA_OPSIYON;D_EQ;SSO;D_EQ_ECP;DE_YKBNK_ECP;YKBNK.E;2026-05-25;0.87;0.67;29.85;0;0;0;0;0;0;0;0;0;101413;0;;;;;
2026-05-08;O_YKBNKE0526C43.00;YKBNK_05/2026_AVRUPA_OPSIYON;D_EQ;SSO;D_EQ_ECP;DE_YKBNK_ECP;YKBNK.E;2026-05-25;0.35;0.25;40;0.32;0.32;0.32;0.32;0.32;2580000;19200;600;3;833;0;;;;;
2026-05-08;O_YKBNKE0526C44.00;YKBNK_05/2026_AVRUPA_OPSIYON;D_EQ;SSO;D_EQ_ECP;DE_YKBNK_ECP;YKBNK.E;2026-05-25;0.2;0.15;33.33;0;0;0;0;0;0;0;0;0;800;0;;;;;
2026-05-08;O_YKBNKE0526C45.00;YKBNK_05/2026_AVRUPA_OPSIYON;D_EQ;SSO;D_EQ_ECP;DE_YKBNK_ECP;YKBNK.E;2026-05-25;0.12;0.08;50;0;0;0;0;0;0;0;0;0;2400;0;;;;;
2026-05-08;O_YKBNKE0526C46.00;YKBNK_05/2026_AVRUPA_OPSIYON;D_EQ;SSO;D_EQ_ECP;DE_YKBNK_ECP;YKBNK.E;2026-05-25;0.06;0.04;50;0;0;0;0;0;0;0;0;0;3;0;;;;;
2026-05-08;O_YKBNKE0526C47.00;YKBNK_05/2026_AVRUPA_OPSIYON;D_EQ;SSO;D_EQ_ECP;DE_YKBNK_ECP;YKBNK.E;2026-05-25;0.03;0.02;50;0;0;0;0;0;0;0;0;0;1;0;;;;;
2026-05-08;O_YKBNKE0526C48.00;YKBNK_05/2026_AVRUPA_OPSIYON;D_EQ;SSO;D_EQ_ECP;DE_YKBNK_ECP;YKBNK.E;2026-05-25;0.02;0.01;100;0;0;0;0;0;0;0;0;0;0;0;;;;;
2026-05-08;O_YKBNKE0526C49.00;YKBNK_05/2026_AVRUPA_OPSIYON;D_EQ;SSO;D_EQ_ECP;DE_YKBNK_ECP;YKBNK.E;2026-05-25;0.01;0.01;0;0;0;0;0;0;0;0;0;0;0;0;;;;;
2026-05-08;O_YKBNKE0526C50.00;YKBNK_05/2026_AVRUPA_OPSIYON;D_EQ;SSO;D_EQ_ECP;DE_YKBNK_ECP;YKBNK.E;2026-05-25;0.01;0.01;0;0;0;0;0;0;0;0;0;0;0;0;;;;;
2026-05-08;O_YKBNKE0526C52.00;YKBNK_05/2026_AVRUPA_OPSIYON;D_EQ;SSO;D_EQ_ECP;DE_YKBNK_ECP;YKBNK.E;2026-05-25;0.01;0.01;0;0;0;0;0;0;0;0;0;0;0;0;;;;;
2026-05-08;O_YKBNKE0526C54.00;YKBNK_05/2026_AVRUPA_OPSIYON;D_EQ;SSO;D_EQ_ECP;DE_YKBNK_ECP;YKBNK.E;2026-05-25;0.01;0.01;0;0;0;0;0;0;0;0;0;0;0;0;;;;;
2026-05-08;O_YKBNKE0526C56.00;YKBNK_05/2026_AVRUPA_OPSIYON;D_EQ;SSO;D_EQ_ECP;DE_YKBNK_ECP;YKBNK.E;2026-05-25;0.01;0.01;0;0;0;0;0;0;0;0;0;0;0;0;;;;;
2026-05-08;O_YKBNKE0526P28.00;YKBNK_05/2026_AVRUPA_OPSIYON;D_EQ;SSO;D_EQ_EPP;DE_YKBNK_EPP;YKBNK.E;2026-05-25;0.01;0.01;0;0;0;0;0;0;0;0;0;0;0;0;;;;;
2026-05-08;O_YKBNKE0526P29.00;YKBNK_05/2026_AVRUPA_OPSIYON;D_EQ;SSO;D_EQ_EPP;DE_YKBNK_EPP;YKBNK.E;2026-05-25;0.01;0.01;0;0;0;0;0;0;0;0;0;0;0;0;;;;;
2026-05-08;O_YKBNKE0526P30.00;YKBNK_05/2026_AVRUPA_OPSIYON;D_EQ;SSO;D_EQ_EPP;DE_YKBNK_EPP;YKBNK.E;2026-05-25;0.01;0.01;0;0;0;0;0;0;0;0;0;0;100;0;;;;;
2026-05-08;O_YKBNKE0526P31.00;YKBNK_05/2026_AVRUPA_OPSIYON;D_EQ;SSO;D_EQ_EPP;DE_YKBNK_EPP;YKBNK.E;2026-05-25;0.01;0.01;0;0;0;0;0;0;0;0;0;0;100;0;;;;;
2026-05-08;O_YKBNKE0526P32.00;YKBNK_05/2026_AVRUPA_OPSIYON;D_EQ;SSO;D_EQ_EPP;DE_YKBNK_EPP;YKBNK.E;2026-05-25;0.01;0.01;0;0;0;0;0;0;0;0;0;0;0;0;;;;;
2026-05-08;O_YKBNKE0526P33.00;YKBNK_05/2026_AVRUPA_OPSIYON;D_EQ;SSO;D_EQ_EPP;DE_YKBNK_EPP;YKBNK.E;2026-05-25;0.01;0.02;-50;0;0;0;0;0;0;0;0;0;0;0;;;;;
2026-05-08;O_YKBNKE0526P34.00;YKBNK_05/2026_AVRUPA_OPSIYON;D_EQ;SSO;D_EQ_EPP;DE_YKBNK_EPP;YKBNK.E;2026-05-25;0.03;0.05;-40;0;0;0;0;0;0;0;0;0;15;0;;;;;
2026-05-08;O_YKBNKE0526P35.00;YKBNK_05/2026_AVRUPA_OPSIYON;D_EQ;SSO;D_EQ_EPP;DE_YKBNK_EPP;YKBNK.E;2026-05-25;0.07;0.11;-36.36;0.09;0.08;0.09;0.08;0.09;7000;17;2;2;152;0;;;;;
2026-05-08;O_YKBNKE0526P36.00;YKBNK_05/2026_AVRUPA_OPSIYON;D_EQ;SSO;D_EQ_EPP;DE_YKBNK_EPP;YKBNK.E;2026-05-25;0.14;0.22;-36.36;0.15;0.13;0.15;0.13;0.13;2512800;9076;698;8;1697;-384;;;;;
2026-05-08;O_YKBNKE0526P37.00;YKBNK_05/2026_AVRUPA_OPSIYON;D_EQ;SSO;D_EQ_EPP;DE_YKBNK_EPP;YKBNK.E;2026-05-25;0.28;0.41;-31.71;0;0;0;0;0;0;0;0;0;4;0;;;;;
2026-05-08;O_YKBNKE0526P38.00;YKBNK_05/2026_AVRUPA_OPSIYON;D_EQ;SSO;D_EQ_EPP;DE_YKBNK_EPP;YKBNK.E;2026-05-25;0.51;0.7;-27.14;0.64;0.6;0.64;0.6;0.62;3800000;62440;1000;3;1000;1000;;;;;
2026-05-08;O_YKBNKE0526P39.00;YKBNK_05/2026_AVRUPA_OPSIYON;D_EQ;SSO;D_EQ_EPP;DE_YKBNK_EPP;YKBNK.E;2026-05-25;0.84;1.1;-23.64;0.85;0.68;0.87;0.69;0.82;4496700;94740;1153;8;1200;500;;;;;
2026-05-08;O_YKBNKE0526P40.00;YKBNK_05/2026_AVRUPA_OPSIYON;D_EQ;SSO;D_EQ_EPP;DE_YKBNK_EPP;YKBNK.E;2026-05-25;1.28;1.62;-20.99;0;0;0;0;0;0;0;0;0;5;0;;;;;
2026-05-08;O_YKBNKE0526P41.00;YKBNK_05/2026_AVRUPA_OPSIYON;D_EQ;SSO;D_EQ_EPP;DE_YKBNK_EPP;YKBNK.E;2026-05-25;1.85;2.25;-17.78;1.54;1.54;1.54;1.54;1.54;820000;30800;200;2;200;200;;;;;
2026-05-08;O_YKBNKE0526P42.00;YKBNK_05/2026_AVRUPA_OPSIYON;D_EQ;SSO;D_EQ_EPP;DE_YKBNK_EPP;YKBNK.E;2026-05-25;2.52;2.98;-15.44;0;0;0;0;0;0;0;0;0;2150;0;;;;;
2026-05-08;O_YKBNKE0526P43.00;YKBNK_05/2026_AVRUPA_OPSIYON;D_EQ;SSO;D_EQ_EPP;DE_YKBNK_EPP;YKBNK.E;2026-05-25;3.29;3.8;-13.42;0;0;0;0;0;0;0;0;0;0;0;;;;;
2026-05-08;O_YKBNKE0526P44.00;YKBNK_05/2026_AVRUPA_OPSIYON;D_EQ;SSO;D_EQ_EPP;DE_YKBNK_EPP;YKBNK.E;2026-05-25;4.13;4.67;-11.56;0;0;0;0;0;0;0;0;0;0;0;;;;;
2026-05-08;O_YKBNKE0526P45.00;YKBNK_05/2026_AVRUPA_OPSIYON;D_EQ;SSO;D_EQ_EPP;DE_YKBNK_EPP;YKBNK.E;2026-05-25;5.03;5.59;-10.02;0;0;0;0;0;0;0;0;0;0;0;;;;;
2026-05-08;O_YKBNKE0526P46.00;YKBNK_05/2026_AVRUPA_OPSIYON;D_EQ;SSO;D_EQ_EPP;DE_YKBNK_EPP;YKBNK.E;2026-05-25;5.96;6.53;-8.73;0;0;0;0;0;0;0;0;0;0;0;;;;;
2026-05-08;O_YKBNKE0526P47.00;YKBNK_05/2026_AVRUPA_OPSIYON;D_EQ;SSO;D_EQ_EPP;DE_YKBNK_EPP;YKBNK.E;2026-05-25;6.91;7.49;-7.74;0;0;0;0;0;0;0;0;0;0;0;;;;;
2026-05-08;O_YKBNKE0526P48.00;YKBNK_05/2026_AVRUPA_OPSIYON;D_EQ;SSO;D_EQ_EPP;DE_YKBNK_EPP;YKBNK.E;2026-05-25;7.87;8.46;-6.97;0;0;0;0;0;0;0;0;0;0;0;;;;;
2026-05-08;O_YKBNKE0626C35.00;YKBNK_06/2026_AVRUPA_OPSIYON;D_EQ;SSO;D_EQ_ECP;DE_YKBNK_ECP;YKBNK.E;2026-06-30;6.48;5.94;9.09;0;0;0;0;0;0;0;0;0;0;0;;;;;
2026-05-08;O_YKBNKE0626C36.00;YKBNK_06/2026_AVRUPA_OPSIYON;D_EQ;SSO;D_EQ_ECP;DE_YKBNK_ECP;YKBNK.E;2026-06-30;5.68;5.17;9.86;0;0;0;0;0;0;0;0;0;0;0;;;;;
2026-05-08;O_YKBNKE0626C37.00;YKBNK_06/2026_AVRUPA_OPSIYON;D_EQ;SSO;D_EQ_ECP;DE_YKBNK_ECP;YKBNK.E;2026-06-30;4.93;4.45;10.79;0;0;0;0;0;0;0;0;0;0;0;;;;;
2026-05-08;O_YKBNKE0626C38.00;YKBNK_06/2026_AVRUPA_OPSIYON;D_EQ;SSO;D_EQ_ECP;DE_YKBNK_ECP;YKBNK.E;2026-06-30;4.24;3.79;11.87;0;0;0;0;0;0;0;0;0;200;0;;;;;
2026-05-08;O_YKBNKE0626C39.00;YKBNK_06/2026_AVRUPA_OPSIYON;D_EQ;SSO;D_EQ_ECP;DE_YKBNK_ECP;YKBNK.E;2026-06-30;3.6;3.19;12.85;0;0;0;0;0;21450000;1991000;5500;1;5500;5500;;;;;
2026-05-08;O_YKBNKE0626C40.00;YKBNK_06/2026_AVRUPA_OPSIYON;D_EQ;SSO;D_EQ_ECP;DE_YKBNK_ECP;YKBNK.E;2026-06-30;3.02;2.65;13.96;2.35;2.35;2.36;2.36;2.36;800000;47100;200;2;200;200;;;;;
2026-05-08;O_YKBNKE0626C41.00;YKBNK_06/2026_AVRUPA_OPSIYON;D_EQ;SSO;D_EQ_ECP;DE_YKBNK_ECP;YKBNK.E;2026-06-30;2.51;2.18;15.14;0;0;0;0;0;0;0;0;0;0;0;;;;;
2026-05-08;O_YKBNKE0626C42.00;YKBNK_06/2026_AVRUPA_OPSIYON;D_EQ;SSO;D_EQ_ECP;DE_YKBNK_ECP;YKBNK.E;2026-06-30;2.06;1.77;16.38;0;0;0;0;0;0;0;0;0;0;0;;;;;
2026-05-08;O_YKBNKE0626C44.00;YKBNK_06/2026_AVRUPA_OPSIYON;D_EQ;SSO;D_EQ_ECP;DE_YKBNK_ECP;YKBNK.E;2026-06-30;1.35;1.13;19.47;0.77;0.77;1.1;1.1;0.91;11220000;232150;2550;28;4138;2550;;;;;
2026-05-08;O_YKBNKE0626C45.00;YKBNK_06/2026_AVRUPA_OPSIYON;D_EQ;SSO;D_EQ_ECP;DE_YKBNK_ECP;YKBNK.E;2026-06-30;1.07;0.89;20.22;0;0;0;0;0;0;0;0;0;0;0;;;;;
2026-05-08;O_YKBNKE0626C46.00;YKBNK_06/2026_AVRUPA_OPSIYON;D_EQ;SSO;D_EQ_ECP;DE_YKBNK_ECP;YKBNK.E;2026-06-30;0.84;0.69;21.74;0;0;0;0;0;0;0;0;0;1509;0;;;;;
2026-05-08;O_YKBNKE0626C47.00;YKBNK_06/2026_AVRUPA_OPSIYON;D_EQ;SSO;D_EQ_ECP;DE_YKBNK_ECP;YKBNK.E;2026-06-30;0.66;0.53;24.53;0.33;0.33;0.45;0.45;0.39;9400;78;2;2;10;2;;;;;
2026-05-08;O_YKBNKE0626C48.00;YKBNK_06/2026_AVRUPA_OPSIYON;D_EQ;SSO;D_EQ_ECP;DE_YKBNK_ECP;YKBNK.E;2026-06-30;0.51;0.41;24.39;0.25;0.25;0.41;0.41;0.41;988800;8400;206;3;205;202;;;;;
2026-05-08;O_YKBNKE0626C49.00;YKBNK_06/2026_AVRUPA_OPSIYON;D_EQ;SSO;D_EQ_ECP;DE_YKBNK_ECP;YKBNK.E;2026-06-30;0.39;0.31;25.81;0;0;0;0;0;0;0;0;0;0;0;;;;;
2026-05-08;O_YKBNKE0626P30.00;YKBNK_06/2026_AVRUPA_OPSIYON;D_EQ;SSO;D_EQ_EPP;DE_YKBNK_EPP;YKBNK.E;2026-06-30;0.02;0.03;-33.33;0;0;0;0;0;0;0;0;0;0;0;;;;;
2026-05-08;O_YKBNKE0626P31.00;YKBNK_06/2026_AVRUPA_OPSIYON;D_EQ;SSO;D_EQ_EPP;DE_YKBNK_EPP;YKBNK.E;2026-06-30;0.04;0.05;-20;0;0;0;0;0;0;0;0;0;0;0;;;;;
2026-05-08;O_YKBNKE0626P32.00;YKBNK_06/2026_AVRUPA_OPSIYON;D_EQ;SSO;D_EQ_EPP;DE_YKBNK_EPP;YKBNK.E;2026-06-30;0.07;0.09;-22.22;0;0;0;0;0;0;0;0;0;0;0;;;;;
2026-05-08;O_YKBNKE0626P33.00;YKBNK_06/2026_AVRUPA_OPSIYON;D_EQ;SSO;D_EQ_EPP;DE_YKBNK_EPP;YKBNK.E;2026-06-30;0.12;0.15;-20;0;0;0;0;0;0;0;0;0;0;0;;;;;
2026-05-08;O_YKBNKE0626P34.00;YKBNK_06/2026_AVRUPA_OPSIYON;D_EQ;SSO;D_EQ_EPP;DE_YKBNK_EPP;YKBNK.E;2026-06-30;0.2;0.24;-16.67;0;0;0;0;0;0;0;0;0;14;0;;;;;
2026-05-08;O_YKBNKE0626P35.00;YKBNK_06/2026_AVRUPA_OPSIYON;D_EQ;SSO;D_EQ_EPP;DE_YKBNK_EPP;YKBNK.E;2026-06-30;0.3;0.37;-18.92;0;0;0;0;0;0;0;0;0;0;0;;;;;
2026-05-08;O_YKBNKE0626P36.00;YKBNK_06/2026_AVRUPA_OPSIYON;D_EQ;SSO;D_EQ_EPP;DE_YKBNK_EPP;YKBNK.E;2026-06-30;0.45;0.54;-16.67;0;0;0;0;0;0;0;0;0;0;0;;;;;
2026-05-08;O_YKBNKE0626P37.00;YKBNK_06/2026_AVRUPA_OPSIYON;D_EQ;SSO;D_EQ_EPP;DE_YKBNK_EPP;YKBNK.E;2026-06-30;0.65;0.77;-15.58;0;0;0;0;0;0;0;0;0;900;0;;;;;
2026-05-08;O_YKBNKE0626P38.00;YKBNK_06/2026_AVRUPA_OPSIYON;D_EQ;SSO;D_EQ_EPP;DE_YKBNK_EPP;YKBNK.E;2026-06-30;0.9;1.05;-14.29;0;0;0;0;0;0;0;0;0;0;0;;;;;
2026-05-08;O_YKBNKE0626P39.00;YKBNK_06/2026_AVRUPA_OPSIYON;D_EQ;SSO;D_EQ_EPP;DE_YKBNK_EPP;YKBNK.E;2026-06-30;1.2;1.39;-13.67;0;0;0;0;0;0;0;0;0;0;0;;;;;
2026-05-08;O_YKBNKE0626P40.00;YKBNK_06/2026_AVRUPA_OPSIYON;D_EQ;SSO;D_EQ_EPP;DE_YKBNK_EPP;YKBNK.E;2026-06-30;1.58;1.8;-12.22;1.79;1.79;1.79;1.79;1.79;400000;17900;100;1;100;100;;;;;
2026-05-08;O_YKBNKE0626P41.00;YKBNK_06/2026_AVRUPA_OPSIYON;D_EQ;SSO;D_EQ_EPP;DE_YKBNK_EPP;YKBNK.E;2026-06-30;2.01;2.28;-11.84;0;0;0;0;0;0;0;0;0;0;0;;;;;
2026-05-08;O_YKBNKE0626P42.00;YKBNK_06/2026_AVRUPA_OPSIYON;D_EQ;SSO;D_EQ_EPP;DE_YKBNK_EPP;YKBNK.E;2026-06-30;2.51;2.82;-10.99;0;0;0;0;0;0;0;0;0;0;0;;;;;
2026-05-08;O_YKBNKE0626P43.00;YKBNK_06/2026_AVRUPA_OPSIYON;D_EQ;SSO;D_EQ_EPP;DE_YKBNK_EPP;YKBNK.E;2026-06-30;3.07;3.41;-9.97;0;0;0;0;0;0;0;0;0;0;0;;;;;
2026-05-08;O_YKBNKE0626P44.00;YKBNK_06/2026_AVRUPA_OPSIYON;D_EQ;SSO;D_EQ_EPP;DE_YKBNK_EPP;YKBNK.E;2026-06-30;3.69;4.07;-9.34;0;0;0;0;0;0;0;0;0;0;0;;;;;
2026-05-08;O_YKBNKE0726C38.00;YKBNK_07/2026_AVRUPA_OPSIYON;D_EQ;SSO;D_EQ_ECP;DE_YKBNK_ECP;YKBNK.E;2026-07-31;5.97;5.48;8.94;0;0;0;0;0;0;0;0;0;0;0;;;;;
2026-05-08;O_YKBNKE0726C39.00;YKBNK_07/2026_AVRUPA_OPSIYON;D_EQ;SSO;D_EQ_ECP;DE_YKBNK_ECP;YKBNK.E;2026-07-31;5.31;4.85;9.48;0;0;0;0;0;0;0;0;0;0;0;;;;;
2026-05-08;O_YKBNKE0726C40.00;YKBNK_07/2026_AVRUPA_OPSIYON;D_EQ;SSO;D_EQ_ECP;DE_YKBNK_ECP;YKBNK.E;2026-07-31;4.7;4.27;10.07;0;0;0;0;0;0;0;0;0;0;0;;;;;
2026-05-08;O_YKBNKE0726C41.00;YKBNK_07/2026_AVRUPA_OPSIYON;D_EQ;SSO;D_EQ_ECP;DE_YKBNK_ECP;YKBNK.E;2026-07-31;4.14;3.73;10.99;0;0;0;0;0;0;0;0;0;0;0;;;;;
2026-05-08;O_YKBNKE0726C42.00;YKBNK_07/2026_AVRUPA_OPSIYON;D_EQ;SSO;D_EQ_ECP;DE_YKBNK_ECP;YKBNK.E;2026-07-31;3.62;3.24;11.73;0;0;0;0;0;0;0;0;0;0;0;;;;;
2026-05-08;O_YKBNKE0726C43.00;YKBNK_07/2026_AVRUPA_OPSIYON;D_EQ;SSO;D_EQ_ECP;DE_YKBNK_ECP;YKBNK.E;2026-07-31;3.15;2.8;12.5;0;0;0;0;0;0;0;0;0;0;0;;;;;
2026-05-08;O_YKBNKE0726C44.00;YKBNK_07/2026_AVRUPA_OPSIYON;D_EQ;SSO;D_EQ_ECP;DE_YKBNK_ECP;YKBNK.E;2026-07-31;2.72;2.41;12.86;0;0;0;0;0;0;0;0;0;187000;0;;;;;
2026-05-08;O_YKBNKE0726C45.00;YKBNK_07/2026_AVRUPA_OPSIYON;D_EQ;SSO;D_EQ_ECP;DE_YKBNK_ECP;YKBNK.E;2026-07-31;2.34;2.06;13.59;0;0;0;0;0;0;0;0;0;0;0;;;;;
2026-05-08;O_YKBNKE0726C46.00;YKBNK_07/2026_AVRUPA_OPSIYON;D_EQ;SSO;D_EQ_ECP;DE_YKBNK_ECP;YKBNK.E;2026-07-31;2;1.75;14.29;0;0;0;0;0;0;0;0;0;0;0;;;;;
2026-05-08;O_YKBNKE0726C47.00;YKBNK_07/2026_AVRUPA_OPSIYON;D_EQ;SSO;D_EQ_ECP;DE_YKBNK_ECP;YKBNK.E;2026-07-31;1.71;1.47;16.33;0;0;0;0;0;0;0;0;0;0;0;;;;;
2026-05-08;O_YKBNKE0726C48.00;YKBNK_07/2026_AVRUPA_OPSIYON;D_EQ;SSO;D_EQ_ECP;DE_YKBNK_ECP;YKBNK.E;2026-07-31;1.44;;0;0;0;0;0;0;0;0;0;0;0;0;;;;;
2026-05-08;O_YKBNKE0726P33.00;YKBNK_07/2026_AVRUPA_OPSIYON;D_EQ;SSO;D_EQ_EPP;DE_YKBNK_EPP;YKBNK.E;2026-07-31;0.17;0.19;-10.53;0;0;0;0;0;0;0;0;0;0;0;;;;;
2026-05-08;O_YKBNKE0726P34.00;YKBNK_07/2026_AVRUPA_OPSIYON;D_EQ;SSO;D_EQ_EPP;DE_YKBNK_EPP;YKBNK.E;2026-07-31;0.24;0.28;-14.29;0;0;0;0;0;0;0;0;0;0;0;;;;;
2026-05-08;O_YKBNKE0726P35.00;YKBNK_07/2026_AVRUPA_OPSIYON;D_EQ;SSO;D_EQ_EPP;DE_YKBNK_EPP;YKBNK.E;2026-07-31;0.35;0.4;-12.5;0;0;0;0;0;0;0;0;0;0;0;;;;;
2026-05-08;O_YKBNKE0726P36.00;YKBNK_07/2026_AVRUPA_OPSIYON;D_EQ;SSO;D_EQ_EPP;DE_YKBNK_EPP;YKBNK.E;2026-07-31;0.48;0.55;-12.73;0;0;0;0;0;0;0;0;0;0;0;;;;;
2026-05-08;O_YKBNKE0726P37.00;YKBNK_07/2026_AVRUPA_OPSIYON;D_EQ;SSO;D_EQ_EPP;DE_YKBNK_EPP;YKBNK.E;2026-07-31;0.65;0.73;-10.96;0;0;0;0;0;0;0;0;0;0;0;;;;;
2026-05-08;O_YKBNKE0726P38.00;YKBNK_07/2026_AVRUPA_OPSIYON;D_EQ;SSO;D_EQ_EPP;DE_YKBNK_EPP;YKBNK.E;2026-07-31;0.85;0.96;-11.46;0;0;0;0;0;0;0;0;0;0;0;;;;;
2026-05-08;O_YKBNKE0726P39.00;YKBNK_07/2026_AVRUPA_OPSIYON;D_EQ;SSO;D_EQ_EPP;DE_YKBNK_EPP;YKBNK.E;2026-07-31;1.1;1.23;-10.57;0;0;0;0;0;0;0;0;0;0;0;;;;;
2026-05-08;O_YKBNKE0726P40.00;YKBNK_07/2026_AVRUPA_OPSIYON;D_EQ;SSO;D_EQ_EPP;DE_YKBNK_EPP;YKBNK.E;2026-07-31;1.39;1.55;-10.32;0;0;0;0;0;0;0;0;0;0;0;;;;;
2026-05-08;O_YKBNKE0726P41.00;YKBNK_07/2026_AVRUPA_OPSIYON;D_EQ;SSO;D_EQ_EPP;DE_YKBNK_EPP;YKBNK.E;2026-07-31;1.72;1.91;-9.95;0;0;0;0;0;0;0;0;0;0;0;;;;;
2026-05-08;O_YKBNKE0726P42.00;YKBNK_07/2026_AVRUPA_OPSIYON;D_EQ;SSO;D_EQ_EPP;DE_YKBNK_EPP;YKBNK.E;2026-07-31;2.1;2.32;-9.48;0;0;0;0;0;0;0;0;0;0;0;;;;;
2026-05-08;O_YKBNKE0726P43.00;YKBNK_07/2026_AVRUPA_OPSIYON;D_EQ;SSO;D_EQ_EPP;DE_YKBNK_EPP;YKBNK.E;2026-07-31;2.53;;0;0;0;0;0;0;0;0;0;0;0;0;;;;;
2026-05-08;TM_F_USDTRY120626;USDTRY_120626_ESNEK VIS;D_CR;CRF;D_CR_FUT;DE_USDTRY_FUT;D_USDTRY;2026-06-12;46.91;46.91;0;0;0;0;0;0;0;0;0;0;3;0;;;;;
2026-05-08;TM_F_USDTRY150526;USDTRY_150526_ESNEK VIS;D_CR;CRF;D_CR_FUT;DE_USDTRY_FUT;D_USDTRY;2026-05-15;45.401;45.401;0;0;0;0;0;0;0;0;0;0;10;0;;;;;
2026-05-08;TM_O_AKBNKE110526P68.00;AKBNK_110526_AVRUPA_ESNEK OPS;D_EQ;SSO;D_EQ_EPP;DE_AKBNK_EPP;AKBNK.E;2026-05-11;0.01;0.01;0;0;0;0;0;0;0;0;0;0;1500;0;;;;;
2026-05-08;TM_O_AKBNKE250526C87.50;AKBNK_250526_AVRUPA_ESNEK OPS;D_EQ;SSO;D_EQ_ECP;DE_AKBNK_ECP;AKBNK.E;2026-05-25;0.19;0.22;-13.64;0;0;0;0;0;0;0;0;0;4588;0;;;;;
2026-05-08;TM_O_AKBNKE250526P76.01;AKBNK_250526_AVRUPA_ESNEK OPS;D_EQ;SSO;D_EQ_EPP;DE_AKBNK_EPP;AKBNK.E;2026-05-25;2.19;2.26;-3.1;0;0;0;0;0;0;0;0;0;975;0;;;;;
2026-05-08;TM_O_AKBNKE250526P78.01;AKBNK_250526_AVRUPA_ESNEK OPS;D_EQ;SSO;D_EQ_EPP;DE_AKBNK_EPP;AKBNK.E;2026-05-25;3.26;3.32;-1.81;0;0;0;0;0;0;0;0;0;658;0;;;;;
2026-05-08;TM_O_AKBNKE250526P84.01;AKBNK_250526_AVRUPA_ESNEK OPS;D_EQ;SSO;D_EQ_EPP;DE_AKBNK_EPP;AKBNK.E;2026-05-25;7.75;7.77;-0.26;0;0;0;0;0;0;0;0;0;490;0;;;;;
2026-05-08;TM_O_AKBNKE250526P84.02;AKBNK_250526_AVRUPA_ESNEK OPS;D_EQ;SSO;D_EQ_EPP;DE_AKBNK_EPP;AKBNK.E;2026-05-25;7.76;7.78;-0.26;0;0;0;0;0;0;0;0;0;0;0;;;;;
2026-05-08;TM_O_AKBNKE250526P86.10;AKBNK_250526_AVRUPA_ESNEK OPS;D_EQ;SSO;D_EQ_EPP;DE_AKBNK_EPP;AKBNK.E;2026-05-25;9.61;9.61;0;0;0;0;0;0;0;0;0;0;118;0;;;;;
2026-05-08;TM_O_AKBNKE250526P88.50;AKBNK_250526_AVRUPA_ESNEK OPS;D_EQ;SSO;D_EQ_EPP;DE_AKBNK_EPP;AKBNK.E;2026-05-25;11.84;11.82;0.17;0;0;0;0;0;0;0;0;0;116;0;;;;;
2026-05-08;TM_O_AKBNKE250526P88.60;AKBNK_250526_AVRUPA_ESNEK OPS;D_EQ;SSO;D_EQ_EPP;DE_AKBNK_EPP;AKBNK.E;2026-05-25;11.93;11.92;0.08;0;0;0;0;0;0;0;0;0;120;0;;;;;
2026-05-08;TM_O_AKBNKE300626P76.01;AKBNK_300626_AVRUPA_ESNEK OPS;D_EQ;SSO;D_EQ_EPP;DE_AKBNK_EPP;AKBNK.E;2026-06-30;2.83;2.87;-1.39;0;0;0;0;0;0;0;0;0;270;0;;;;;
2026-05-08;TM_O_AKBNKE310726P65.00;AKBNK_310726_AVRUPA_ESNEK OPS;D_EQ;SSO;D_EQ_EPP;DE_AKBNK_EPP;AKBNK.E;2026-07-31;0.6;0.62;-3.23;0;0;0;0;0;0;0;0;0;55000;0;;;;;
2026-05-08;TM_O_ALARKE250526P98.01;ALARK_250526_AVRUPA_ESNEK OPS;D_EQ;SSO;D_EQ_EPP;DE_ALARK_EPP;ALARK.E;2026-05-25;1.78;1.56;14.1;0;0;0;0;0;0;0;0;0;306;0;;;;;
2026-05-08;TM_O_ARCLKE250526P115.05;ARCLK_250526_AVRUPA_ESNEK OPS;D_EQ;SSO;D_EQ_EPP;DE_ARCLK_EPP;ARCLK.E;2026-05-25;3.17;2.86;10.84;0;0;0;0;0;0;0;0;0;391;0;;;;;
2026-05-08;TM_O_ARCLKE300626P115.05;ARCLK_300626_AVRUPA_ESNEK OPS;D_EQ;SSO;D_EQ_EPP;DE_ARCLK_EPP;ARCLK.E;2026-06-30;4.13;3.83;7.83;0;0;0;0;0;0;0;0;0;260;0;;;;;
2026-05-08;TM_O_ASELSE250526C445.00;ASELS_250526_AVRUPA_ESNEK OPS;D_EQ;SSO;D_EQ_ECP;DE_ASELS_ECP;ASELS.E;2026-05-25;10.02;9.89;1.31;0;0;0;0;0;0;0;0;0;412;0;;;;;
2026-05-08;TM_O_ASELSE250526C455.00;ASELS_250526_AVRUPA_ESNEK OPS;D_EQ;SSO;D_EQ_ECP;DE_ASELS_ECP;ASELS.E;2026-05-25;6.82;6.81;0.15;0;0;0;0;0;0;0;0;0;500;0;;;;;
2026-05-08;TM_O_ASELSE250526C465.00;ASELS_250526_AVRUPA_ESNEK OPS;D_EQ;SSO;D_EQ_ECP;DE_ASELS_ECP;ASELS.E;2026-05-25;4.61;4.59;0.44;0;0;0;0;0;0;0;0;0;500;0;;;;;
2026-05-08;TM_O_BIMASE010626C780.00;BIMAS_010626_AVRUPA_ESNEK OPS;D_EQ;SSO;D_EQ_ECP;DE_BIMAS_ECP;BIMAS.E;2026-06-01;44.56;41.6;7.12;0;0;0;0;0;0;0;0;0;96;0;;;;;
2026-05-08;TM_O_BIMASE250526C894.00;BIMAS_250526_AVRUPA_ESNEK OPS;D_EQ;SSO;D_EQ_ECP;DE_BIMAS_ECP;BIMAS.E;2026-05-25;1.99;1.93;3.11;0;0;0;0;0;0;0;0;0;245;0;;;;;
2026-05-08;TM_O_EKGYOE250526C23.40;EKGYO_250526_AVRUPA_ESNEK OPS;D_EQ;SSO;D_EQ_ECP;DE_EKGYO_ECP;EKGYO.E;2026-05-25;0.38;0.32;18.75;0;0;0;0;0;0;0;0;0;665;0;;;;;
2026-05-08;TM_O_EKGYOE250526P19.40;EKGYO_250526_AVRUPA_ESNEK OPS;D_EQ;SSO;D_EQ_EPP;DE_EKGYO_EPP;EKGYO.E;2026-05-25;0.04;0.06;-33.33;0;0;0;0;0;0;0;0;0;3100;0;;;;;
2026-05-08;TM_O_EKGYOE250526P19.75;EKGYO_250526_AVRUPA_ESNEK OPS;D_EQ;SSO;D_EQ_EPP;DE_EKGYO_EPP;EKGYO.E;2026-05-25;0.06;0.09;-33.33;0;0;0;0;0;0;0;0;0;1000;0;;;;;
2026-05-08;TM_O_EKGYOE250526P19.76;EKGYO_250526_AVRUPA_ESNEK OPS;D_EQ;SSO;D_EQ_EPP;DE_EKGYO_EPP;EKGYO.E;2026-05-25;0.06;0.09;-33.33;0;0;0;0;0;0;0;0;0;2500;0;;;;;
2026-05-08;TM_O_EKGYOE250526P20.75;EKGYO_250526_AVRUPA_ESNEK OPS;D_EQ;SSO;D_EQ_EPP;DE_EKGYO_EPP;EKGYO.E;2026-05-25;0.19;0.27;-29.63;0;0;0;0;0;0;0;0;0;5000;0;;;;;
2026-05-08;TM_O_EKGYOE250526P22.51;EKGYO_250526_AVRUPA_ESNEK OPS;D_EQ;SSO;D_EQ_EPP;DE_EKGYO_EPP;EKGYO.E;2026-05-25;0.81;0.99;-18.18;0;0;0;0;0;0;0;0;0;1330;0;;;;;
2026-05-08;TM_O_EREGLE250526C36.50;EREGL_250526_AVRUPA_ESNEK OPS;D_EQ;SSO;D_EQ_ECP;DE_EREGL_ECP;EREGL.E;2026-05-25;5.44;2.94;85.03;0;0;0;0;0;0;0;0;0;5000;0;;;;;
2026-05-08;TM_O_EREGLE250526C37.02;EREGL_250526_AVRUPA_ESNEK OPS;D_EQ;SSO;D_EQ_ECP;DE_EREGL_ECP;EREGL.E;2026-05-25;4.95;;0;2.46;2;2.46;2;2.23;7404000;446000;2000;2;1000;1000;;;;;
2026-05-08;TM_O_EREGLE250526P35.20;EREGL_250526_AVRUPA_ESNEK OPS;D_EQ;SSO;D_EQ_EPP;DE_EREGL_EPP;EREGL.E;2026-05-25;0.01;0.11;-90.91;0;0;0;0;0;0;0;0;0;0;0;;;;;
2026-05-08;TM_O_FROTOE250526C119.00;FROTO_250526_AVRUPA_ESNEK OPS;D_EQ;SSO;D_EQ_ECP;DE_FROTO_ECP;FROTO.E;2026-05-25;0.04;0.06;-33.33;0;0;0;0;0;0;0;0;0;1682;0;;;;;
2026-05-08;TM_O_FROTOE250526P100.05;FROTO_250526_AVRUPA_ESNEK OPS;D_EQ;SSO;D_EQ_EPP;DE_FROTO_EPP;FROTO.E;2026-05-25;3.57;2.84;25.7;0;0;0;0;0;0;0;0;0;100;0;;;;;
2026-05-08;TM_O_FROTOE250526P100.10;FROTO_250526_AVRUPA_ESNEK OPS;D_EQ;SSO;D_EQ_EPP;DE_FROTO_EPP;FROTO.E;2026-05-25;3.6;2.87;25.44;0;0;0;0;0;0;0;0;0;1462;0;;;;;
2026-05-08;TM_O_FROTOE250526P105.05;FROTO_250526_AVRUPA_ESNEK OPS;D_EQ;SSO;D_EQ_EPP;DE_FROTO_EPP;FROTO.E;2026-05-25;6.86;5.78;18.69;0;0;0;0;0;0;0;0;0;580;0;;;;;
2026-05-08;TM_O_FROTOE300626P110.05;FROTO_300626_AVRUPA_ESNEK OPS;D_EQ;SSO;D_EQ_EPP;DE_FROTO_EPP;FROTO.E;2026-06-30;9.66;8.61;12.2;0;0;0;0;0;0;0;0;0;590;0;;;;;
2026-05-08;TM_O_GARANE150526P135.50;GARAN_150526_AVRUPA_ESNEK OPS;D_EQ;SSO;D_EQ_EPP;DE_GARAN_EPP;GARAN.E;2026-05-15;1.57;1.55;1.29;0;0;0;0;0;0;0;0;0;350;0;;;;;
2026-05-08;TM_O_GARANE250526C155.80;GARAN_250526_AVRUPA_ESNEK OPS;D_EQ;SSO;D_EQ_ECP;DE_GARAN_ECP;GARAN.E;2026-05-25;0.72;0.86;-16.28;0;0;0;0;0;0;0;0;0;847;0;;;;;
2026-05-08;TM_O_GARANE250526P134.00;GARAN_250526_AVRUPA_ESNEK OPS;D_EQ;SSO;D_EQ_EPP;DE_GARAN_EPP;GARAN.E;2026-05-25;2;1.93;3.63;0;0;0;0;0;0;0;0;0;2140;0;;;;;
2026-05-08;TM_O_GARANE250526P142.00;GARAN_250526_AVRUPA_ESNEK OPS;D_EQ;SSO;D_EQ_EPP;DE_GARAN_EPP;GARAN.E;2026-05-25;5.54;5.33;3.94;0;0;0;0;0;0;0;0;0;5000;0;;;;;
2026-05-08;TM_O_GARANE250526P153.50;GARAN_250526_AVRUPA_ESNEK OPS;D_EQ;SSO;D_EQ_EPP;DE_GARAN_EPP;GARAN.E;2026-05-25;14.42;14.11;2.2;0;0;0;0;0;0;0;0;0;2140;0;;;;;
2026-05-08;TM_O_GARANE250526P155.05;GARAN_250526_AVRUPA_ESNEK OPS;D_EQ;SSO;D_EQ_EPP;DE_GARAN_EPP;GARAN.E;2026-05-25;15.8;15.49;2;0;0;0;0;0;0;0;0;0;77;0;;;;;
2026-05-08;TM_O_HALKBE250526P42.01;HALKB_250526_AVRUPA_ESNEK OPS;D_EQ;SSO;D_EQ_EPP;DE_HALKB_EPP;HALKB.E;2026-05-25;2.4;2.05;17.07;0;0;0;0;0;0;0;0;0;565;0;;;;;
2026-05-08;TM_O_ISCTRE010626C17.50;ISCTR_010626_AVRUPA_ESNEK OPS;D_EQ;SSO;D_EQ_ECP;DE_ISCTR_ECP;ISCTR.E;2026-06-01;0.05;0.06;-16.67;0;0;0;0;0;0;0;0;0;50000;0;;;;;
2026-05-08;TM_O_ISCTRE080626C14.95;ISCTR_080626_AVRUPA_ESNEK OPS;D_EQ;SSO;D_EQ_ECP;DE_ISCTR_ECP;ISCTR.E;2026-06-08;0.71;;0;0.57;0.32;0.57;0.32;0.45;14950000;445000;10000;2;5000;5000;;;;;
2026-05-08;TM_O_ISCTRE250526P14.51;ISCTR_250526_AVRUPA_ESNEK OPS;D_EQ;SSO;D_EQ_EPP;DE_ISCTR_EPP;ISCTR.E;2026-05-25;0.36;0.35;2.86;0;0;0;0;0;0;0;0;0;3450;0;;;;;
2026-05-08;TM_O_ISCTRE250526P14.52;ISCTR_250526_AVRUPA_ESNEK OPS;D_EQ;SSO;D_EQ_EPP;DE_ISCTR_EPP;ISCTR.E;2026-05-25;0.37;0.36;2.78;0;0;0;0;0;0;0;0;0;1030;0;;;;;
2026-05-08;TM_O_ISCTRE250526P15.51;ISCTR_250526_AVRUPA_ESNEK OPS;D_EQ;SSO;D_EQ_EPP;DE_ISCTR_EPP;ISCTR.E;2026-05-25;0.93;0.9;3.33;0;0;0;0;0;0;0;0;0;1178;0;;;;;
2026-05-08;TM_O_ISCTRE250526P16.10;ISCTR_250526_AVRUPA_ESNEK OPS;D_EQ;SSO;D_EQ_EPP;DE_ISCTR_EPP;ISCTR.E;2026-05-25;1.39;1.35;2.96;0;0;0;0;0;0;0;0;0;1300;0;;;;;
2026-05-08;TM_O_ISCTRE250526P16.40;ISCTR_250526_AVRUPA_ESNEK OPS;D_EQ;SSO;D_EQ_EPP;DE_ISCTR_EPP;ISCTR.E;2026-05-25;1.64;1.6;2.5;0;0;0;0;0;0;0;0;0;650;0;;;;;
2026-05-08;TM_O_ISCTRE250526P16.80;ISCTR_250526_AVRUPA_ESNEK OPS;D_EQ;SSO;D_EQ_EPP;DE_ISCTR_EPP;ISCTR.E;2026-05-25;2;1.96;2.04;0;0;0;0;0;0;0;0;0;620;0;;;;;
2026-05-08;TM_O_KCHOLE010626C225.00;KCHOL_010626_AVRUPA_ESNEK OPS;D_EQ;SSO;D_EQ_ECP;DE_KCHOL_ECP;KCHOL.E;2026-06-01;4.89;4.57;7;0;0;0;0;0;0;0;0;0;1570;0;;;;;
2026-05-08;TM_O_KCHOLE050626C215.00;KCHOL_050626_AVRUPA_ESNEK OPS;D_EQ;SSO;D_EQ_ECP;DE_KCHOL_ECP;KCHOL.E;2026-06-05;10.36;9.76;6.15;0;0;0;0;0;0;0;0;0;1000;0;;;;;
2026-05-08;TM_O_KCHOLE250526C204.00;KCHOL_250526_AVRUPA_ESNEK OPS;D_EQ;SSO;D_EQ_ECP;DE_KCHOL_ECP;KCHOL.E;2026-05-25;14.41;13.53;6.5;0;0;0;0;0;0;0;0;0;300;0;;;;;
2026-05-08;TM_O_KCHOLE250526C226.00;KCHOL_250526_AVRUPA_ESNEK OPS;D_EQ;SSO;D_EQ_ECP;DE_KCHOL_ECP;KCHOL.E;2026-05-25;2.97;2.76;7.61;0;0;0;0;0;0;0;0;0;570;0;;;;;
2026-05-08;TM_O_KCHOLE250526P196.00;KCHOL_250526_AVRUPA_ESNEK OPS;D_EQ;SSO;D_EQ_EPP;DE_KCHOL_EPP;KCHOL.E;2026-05-25;0.63;0.83;-24.1;0;0;0;0;0;0;0;0;0;150;0;;;;;
2026-05-08;TM_O_KCHOLE250526P199.00;KCHOL_250526_AVRUPA_ESNEK OPS;D_EQ;SSO;D_EQ_EPP;DE_KCHOL_EPP;KCHOL.E;2026-05-25;0.97;1.24;-21.77;0;0;0;0;0;0;0;0;0;275;0;;;;;
2026-05-08;TM_O_KCHOLE250526P201.00;KCHOL_250526_AVRUPA_ESNEK OPS;D_EQ;SSO;D_EQ_EPP;DE_KCHOL_EPP;KCHOL.E;2026-05-25;1.26;1.59;-20.75;0;0;0;0;0;0;0;0;0;275;0;;;;;
2026-05-08;TM_O_KCHOLE250526P215.05;KCHOL_250526_AVRUPA_ESNEK OPS;D_EQ;SSO;D_EQ_EPP;DE_KCHOL_EPP;KCHOL.E;2026-05-25;5.53;6.3;-12.22;0;0;0;0;0;0;0;0;0;167;0;;;;;
2026-05-08;TM_O_KCHOLE310726C252.50;KCHOL_310726_AVRUPA_ESNEK OPS;D_EQ;SSO;D_EQ_ECP;DE_KCHOL_ECP;KCHOL.E;2026-07-31;8.66;8.29;4.46;0;0;0;0;0;0;0;0;0;13000;0;;;;;
2026-05-08;TM_O_PETKME220526C22.00;PETKM_220526_AVRUPA_ESNEK OPS;D_EQ;SSO;D_EQ_ECP;DE_PETKM_ECP;PETKM.E;2026-05-22;3.11;2.28;36.4;0;0;0;0;0;0;0;0;0;3000;0;;;;;
2026-05-08;TM_O_PETKME250526C26.70;PETKM_250526_AVRUPA_ESNEK OPS;D_EQ;SSO;D_EQ_ECP;DE_PETKM_ECP;PETKM.E;2026-05-25;0.43;0.23;86.96;0;0;0;0;0;0;0;0;0;5700;0;;;;;
2026-05-08;TM_O_PGSUSE010626C210.00;PGSUS_010626_AVRUPA_ESNEK OPS;D_EQ;SSO;D_EQ_ECP;DE_PGSUS_ECP;PGSUS.E;2026-06-01;1.64;1.93;-15.03;0;0;0;0;0;0;0;0;0;400;0;;;;;
2026-05-08;TM_O_PGSUSE010626P210.00;PGSUS_010626_AVRUPA_ESNEK OPS;D_EQ;SSO;D_EQ_EPP;DE_PGSUS_EPP;PGSUS.E;2026-06-01;19.76;19.04;3.78;0;0;0;0;0;0;0;0;0;0;0;;;;;
2026-05-08;TM_O_PGSUSE150526P183.00;PGSUS_150526_AVRUPA_ESNEK OPS;D_EQ;SSO;D_EQ_EPP;DE_PGSUS_EPP;PGSUS.E;2026-05-15;1.79;1.74;2.87;0;0;0;0;0;0;0;0;0;110;0;;;;;
2026-05-08;TM_O_PGSUSE250526C214.00;PGSUS_250526_AVRUPA_ESNEK OPS;D_EQ;SSO;D_EQ_ECP;DE_PGSUS_ECP;PGSUS.E;2026-05-25;0.49;0.64;-23.44;0;0;0;0;0;0;0;0;0;80;0;;;;;
2026-05-08;TM_O_PGSUSE250526P190.05;PGSUS_250526_AVRUPA_ESNEK OPS;D_EQ;SSO;D_EQ_EPP;DE_PGSUS_EPP;PGSUS.E;2026-05-25;5.99;5.69;5.27;0;0;0;0;0;0;0;0;0;104;0;;;;;
2026-05-08;TM_O_PGSUSE250526P195.05;PGSUS_250526_AVRUPA_ESNEK OPS;D_EQ;SSO;D_EQ_EPP;DE_PGSUS_EPP;PGSUS.E;2026-05-25;8.84;8.41;5.11;0;0;0;0;0;0;0;0;0;154;0;;;;;
2026-05-08;TM_O_PGSUSE250526P206.20;PGSUS_250526_AVRUPA_ESNEK OPS;D_EQ;SSO;D_EQ_EPP;DE_PGSUS_EPP;PGSUS.E;2026-05-25;17.14;16.42;4.38;0;0;0;0;0;0;0;0;0;5000;0;;;;;
2026-05-08;TM_O_PGSUSE250526P216.00;PGSUS_250526_AVRUPA_ESNEK OPS;D_EQ;SSO;D_EQ_EPP;DE_PGSUS_EPP;PGSUS.E;2026-05-25;25.89;24.99;3.6;0;0;0;0;0;0;0;0;0;48;0;;;;;
2026-05-08;TM_O_P_USDTRYKE250526P46200;FIZIKI_USDTRYK_250526_AVRUPA_ESN;D_CR;PCO;D_CR_EPP;DE_USDTRYKP_EPP;USDTRYKP.CX;2026-05-25;536.9;543.2;-1.16;0;0;0;0;0;0;0;0;0;0;0;;;;;
2026-05-08;TM_O_SAHOLE140526C107.50;SAHOL_140526_AVRUPA_ESNEK OPS;D_EQ;SSO;D_EQ_ECP;DE_SAHOL_ECP;SAHOL.E;2026-05-14;0.36;0.47;-23.4;0;0;0;0;0;0;0;0;0;1100;0;;;;;
2026-05-08;TM_O_SAHOLE250526P100.05;SAHOL_250526_AVRUPA_ESNEK OPS;D_EQ;SSO;D_EQ_EPP;DE_SAHOL_EPP;SAHOL.E;2026-05-25;3;3.06;-1.96;0;0;0;0;0;0;0;0;0;350;0;;;;;
2026-05-08;TM_O_SAHOLE250526P91.00;SAHOL_250526_AVRUPA_ESNEK OPS;D_EQ;SSO;D_EQ_EPP;DE_SAHOL_EPP;SAHOL.E;2026-05-25;0.54;0.58;-6.9;0;0;0;0;0;0;0;0;0;330;0;;;;;
2026-05-08;TM_O_SAHOLE250526P98.01;SAHOL_250526_AVRUPA_ESNEK OPS;D_EQ;SSO;D_EQ_EPP;DE_SAHOL_EPP;SAHOL.E;2026-05-25;2.18;2.24;-2.68;0;0;0;0;0;0;0;0;0;102;0;;;;;
2026-05-08;TM_O_SISEE250526C48.50;SISE_250526_AVRUPA_ESNEK OPS;D_EQ;SSO;D_EQ_ECP;DE_SISE_ECP;SISE.E;2026-05-25;4.45;2.43;83.13;0;0;0;0;0;0;0;0;0;500;0;;;;;
2026-05-08;TM_O_SISEE250526P49.01;SISE_250526_AVRUPA_ESNEK OPS;D_EQ;SSO;D_EQ_EPP;DE_SISE_EPP;SISE.E;2026-05-25;0.39;;0;0.4;0.4;0.4;0.4;0.4;2009410;16400;410;1;410;410;;;;;
2026-05-08;TM_O_TAVHLE250526P265.00;TAVHL_250526_AVRUPA_ESNEK OPS;D_EQ;SSO;D_EQ_EPP;DE_TAVHL_EPP;TAVHL.E;2026-05-25;1.67;1.11;50.45;0;0;0;0;0;0;0;0;0;600;0;;;;;
2026-05-08;TM_O_TAVHLE250526P275.00;TAVHL_250526_AVRUPA_ESNEK OPS;D_EQ;SSO;D_EQ_EPP;DE_TAVHL_EPP;TAVHL.E;2026-05-25;3.81;2.65;43.77;0;0;0;0;0;0;0;0;0;600;0;;;;;
2026-05-08;TM_O_TAVHLE250526P285.00;TAVHL_250526_AVRUPA_ESNEK OPS;D_EQ;SSO;D_EQ_EPP;DE_TAVHL_EPP;TAVHL.E;2026-05-25;7.4;5.39;37.29;0;0;0;0;0;0;0;0;0;600;0;;;;;
2026-05-08;TM_O_TCELLE010626C125.00;TCELL_010626_AVRUPA_ESNEK OPS;D_EQ;SSO;D_EQ_ECP;DE_TCELL_ECP;TCELL.E;2026-06-01;3.77;3.35;12.54;0;0;0;0;0;0;0;0;0;500;0;;;;;
2026-05-08;TM_O_TCELLE250526C117.00;TCELL_250526_AVRUPA_ESNEK OPS;D_EQ;SSO;D_EQ_ECP;DE_TCELL_ECP;TCELL.E;2026-05-25;6.86;6.1;12.46;0;0;0;0;0;0;0;0;0;400;0;;;;;
2026-05-08;TM_O_TCELLE250526C137.00;TCELL_250526_AVRUPA_ESNEK OPS;D_EQ;SSO;D_EQ_ECP;DE_TCELL_ECP;TCELL.E;2026-05-25;0.41;0.35;17.14;0;0;0;0;0;0;0;0;0;1458;0;;;;;
2026-05-08;TM_O_TCELLE250526P104.90;TCELL_250526_AVRUPA_ESNEK OPS;D_EQ;SSO;D_EQ_EPP;DE_TCELL_EPP;TCELL.E;2026-05-25;0.13;0.2;-35;0;0;0;0;0;0;0;0;0;1000;0;;;;;
2026-05-08;TM_O_TCELLE250526P107.00;TCELL_250526_AVRUPA_ESNEK OPS;D_EQ;SSO;D_EQ_EPP;DE_TCELL_EPP;TCELL.E;2026-05-25;0.22;0.34;-35.29;0;0;0;0;0;0;0;0;0;290;0;;;;;
2026-05-08;TM_O_TCELLE250526P116.00;TCELL_250526_AVRUPA_ESNEK OPS;D_EQ;SSO;D_EQ_EPP;DE_TCELL_EPP;TCELL.E;2026-05-25;1.52;1.99;-23.62;0;0;0;0;0;0;0;0;0;850;0;;;;;
2026-05-08;TM_O_TCELLE250526P120.05;TCELL_250526_AVRUPA_ESNEK OPS;D_EQ;SSO;D_EQ_EPP;DE_TCELL_EPP;TCELL.E;2026-05-25;2.92;3.6;-18.89;0;0;0;0;0;0;0;0;0;725;0;;;;;
2026-05-08;TM_O_TCELLE300626P115.04;TCELL_300626_AVRUPA_ESNEK OPS;D_EQ;SSO;D_EQ_EPP;DE_TCELL_EPP;TCELL.E;2026-06-30;2.49;2.86;-12.94;0;0;0;0;0;0;0;0;0;304;0;;;;;
2026-05-08;TM_O_TCELLE300626P115.05;TCELL_300626_AVRUPA_ESNEK OPS;D_EQ;SSO;D_EQ_EPP;DE_TCELL_EPP;TCELL.E;2026-06-30;2.49;2.87;-13.24;0;0;0;0;0;0;0;0;0;1000;0;;;;;
2026-05-08;TM_O_TCELLE300626P116.00;TCELL_300626_AVRUPA_ESNEK OPS;D_EQ;SSO;D_EQ_EPP;DE_TCELL_EPP;TCELL.E;2026-06-30;2.74;3.14;-12.74;0;0;0;0;0;0;0;0;0;1000;0;;;;;
2026-05-08;TM_O_TCELLE300626P125.05;TCELL_300626_AVRUPA_ESNEK OPS;D_EQ;SSO;D_EQ_EPP;DE_TCELL_EPP;TCELL.E;2026-06-30;6.02;;0;2.9;2.6;2.9;2.85;2.83;4464285;101180;357;5;357;357;;;;;
2026-05-08;TM_O_THYAOE010626P315.00;THYAO_010626_AVRUPA_ESNEK OPS;D_EQ;SSO;D_EQ_EPP;DE_THYAO_EPP;THYAO.E;2026-06-01;9.75;9.25;5.41;0;0;0;0;0;0;0;0;0;640;0;;;;;
2026-05-08;TM_O_THYAOE080526C350.00;THYAO_080526_AVRUPA_ESNEK OPS;D_EQ;SSO;D_EQ_ECP;DE_THYAO_ECP;THYAO.E;2026-05-08;0;0.01;0;0;0;0;0;0;0;0;0;0;100;0;;;;;
2026-05-08;TM_O_THYAOE140526C345.00;THYAO_140526_AVRUPA_ESNEK OPS;D_EQ;SSO;D_EQ_ECP;DE_THYAO_ECP;THYAO.E;2026-05-14;0.1;0.23;-56.52;0;0;0;0;0;0;0;0;0;300;0;;;;;
2026-05-08;TM_O_THYAOE250526C300.00;THYAO_05/2026_AVRUPA_OPSIYON;D_EQ;SSO;D_EQ_ECP;DE_THYAO_ECP;THYAO.E;2026-05-25;19.77;21.4;-7.62;0;0;0;0;0;0;0;0;0;0;0;;;;;
2026-05-08;TM_O_THYAOE250526C313.00;THYAO_250526_AVRUPA_ESNEK OPS;D_EQ;SSO;D_EQ_ECP;DE_THYAO_ECP;THYAO.E;2026-05-25;11.56;12.93;-10.6;0;0;0;0;0;0;0;0;0;65;0;;;;;
2026-05-08;TM_O_THYAOE250526C325.00;THYAO_250526_AVRUPA_ESNEK OPS;D_EQ;SSO;D_EQ_ECP;DE_THYAO_ECP;THYAO.E;2026-05-25;6.3;7.33;-14.05;0;0;0;0;0;0;0;0;0;407;0;;;;;
2026-05-08;TM_O_THYAOE250526C340.01;THYAO_250526_AVRUPA_ESNEK OPS;D_EQ;SSO;D_EQ_ECP;DE_THYAO_ECP;THYAO.E;2026-05-25;2.51;3.12;-19.55;0;0;0;0;0;0;0;0;0;50;0;;;;;
2026-05-08;TM_O_THYAOE250526C349.99;THYAO_250526_AVRUPA_ESNEK OPS;D_EQ;SSO;D_EQ_ECP;DE_THYAO_ECP;THYAO.E;2026-05-25;1.24;1.61;-22.98;0;0;0;0;0;0;0;0;0;295;0;;;;;
2026-05-08;TM_O_THYAOE250526P308.00;THYAO_250526_AVRUPA_ESNEK OPS;D_EQ;SSO;D_EQ_EPP;DE_THYAO_EPP;THYAO.E;2026-05-25;6.01;5.68;5.81;0;0;0;0;0;0;0;0;0;787;0;;;;;
2026-05-08;TM_O_TOASOE250526P312.00;TOASO_250526_AVRUPA_ESNEK OPS;D_EQ;SSO;D_EQ_EPP;DE_TOASO_EPP;TOASO.E;2026-05-25;5.12;5.14;-0.39;0;0;0;0;0;0;0;0;0;190;0;;;;;
2026-05-08;TM_O_TTKOME250526P64.01;TTKOM_250526_AVRUPA_ESNEK OPS;D_EQ;SSO;D_EQ_EPP;DE_TTKOM_EPP;TTKOM.E;2026-05-25;0.92;0.92;0;0;0;0;0;0;0;0;0;0;120;0;;;;;
2026-05-08;TM_O_TTKOME250526P66.01;TTKOM_250526_AVRUPA_ESNEK OPS;D_EQ;SSO;D_EQ_EPP;DE_TTKOM_EPP;TTKOM.E;2026-05-25;1.62;1.61;0.62;0;0;0;0;0;0;0;0;0;327;0;;;;;
2026-05-08;TM_O_TTKOME250526P66.02;TTKOM_250526_AVRUPA_ESNEK OPS;D_EQ;SSO;D_EQ_EPP;DE_TTKOM_EPP;TTKOM.E;2026-05-25;1.63;1.61;1.24;0;0;0;0;0;0;0;0;0;600;0;;;;;
2026-05-08;TM_O_TTKOME250526P68.01;TTKOM_250526_AVRUPA_ESNEK OPS;D_EQ;SSO;D_EQ_EPP;DE_TTKOM_EPP;TTKOM.E;2026-05-25;2.6;2.56;1.56;0;0;0;0;0;0;0;0;0;89;0;;;;;
2026-05-08;TM_O_TTKOME250526P68.02;TTKOM_250526_AVRUPA_ESNEK OPS;D_EQ;SSO;D_EQ_EPP;DE_TTKOM_EPP;TTKOM.E;2026-05-25;2.61;2.57;1.56;0;0;0;0;0;0;0;0;0;325;0;;;;;
2026-05-08;TM_O_TTKOME250526P68.03;TTKOM_250526_AVRUPA_ESNEK OPS;D_EQ;SSO;D_EQ_EPP;DE_TTKOM_EPP;TTKOM.E;2026-05-25;2.61;2.57;1.56;0;0;0;0;0;0;0;0;0;139;0;;;;;
2026-05-08;TM_O_TTKOME300626P70.01;TTKOM_300626_AVRUPA_ESNEK OPS;D_EQ;SSO;D_EQ_EPP;DE_TTKOM_EPP;TTKOM.E;2026-06-30;3.98;;0;2.1;2.1;2.1;2.1;2.1;2499357;74970;357;1;357;357;;;;;
2026-05-08;TM_O_TTKOME300626P72.01;TTKOM_300626_AVRUPA_ESNEK OPS;D_EQ;SSO;D_EQ_EPP;DE_TTKOM_EPP;TTKOM.E;2026-06-30;5.07;4.99;1.6;0;0;0;0;0;0;0;0;0;138;0;;;;;
2026-05-08;TM_O_TUPRSE010626C280.00;TUPRS_010626_AVRUPA_ESNEK OPS;D_EQ;SSO;D_EQ_ECP;DE_TUPRS_ECP;TUPRS.E;2026-06-01;5.37;6.02;-10.8;0;0;0;0;0;0;0;0;0;1000;0;;;;;
2026-05-08;TM_O_TUPRSE080526P235.00;TUPRS_080526_AVRUPA_ESNEK OPS;D_EQ;SSO;D_EQ_EPP;DE_TUPRS_EPP;TUPRS.E;2026-05-08;0;0.01;0;0;0;0;0;0;0;0;0;0;500;0;;;;;
2026-05-08;TM_O_TUPRSE080526P238.00;TUPRS_080526_AVRUPA_ESNEK OPS;D_EQ;SSO;D_EQ_EPP;DE_TUPRS_EPP;TUPRS.E;2026-05-08;0;0.01;0;0;0;0;0;0;0;0;0;0;0;0;;;;;
2026-05-08;TM_O_TUPRSE250526C285.00;TUPRS_250526_AVRUPA_ESNEK OPS;D_EQ;SSO;D_EQ_ECP;DE_TUPRS_ECP;TUPRS.E;2026-05-25;2.47;2.96;-16.55;0;0;0;0;0;0;0;0;0;100;0;;;;;
2026-05-08;TM_O_USDTRYKE010626C46500;USDTRY_010626_AVRUPA_ESNEK OPS;D_CR;CRO;D_CR_ECO;DE_USDTRYK_ECO;D_USDTRYK;2026-06-01;341.2;353;-3.34;0;0;0;0;0;0;0;0;0;10000;0;;;;;
2026-05-08;TM_O_USDTRYKE010626C51000;USDTRY_010626_AVRUPA_ESNEK OPS;D_CR;CRO;D_CR_ECO;DE_USDTRYK_ECO;D_USDTRYK;2026-06-01;99.4;114.7;-13.34;0;0;0;0;0;0;0;0;0;20000;0;;;;;
2026-05-08;TM_O_USDTRYKE010626C52000;USDTRY_010626_AVRUPA_ESNEK OPS;D_CR;CRO;D_CR_ECO;DE_USDTRYK_ECO;D_USDTRYK;2026-06-01;88.7;107.5;-17.49;0;0;0;0;0;0;0;0;0;50000;0;;;;;
2026-05-08;TM_O_USDTRYKE030626C52000;USDTRY_030626_AVRUPA_ESNEK OPS;D_CR;CRO;D_CR_ECO;DE_USDTRYK_ECO;D_USDTRYK;2026-06-03;113.5;129.3;-12.22;0;0;0;0;0;0;0;0;0;20000;0;;;;;
2026-05-08;TM_O_USDTRYKE040626C46500;USDTRY_040626_AVRUPA_ESNEK OPS;D_CR;CRO;D_CR_ECO;DE_USDTRYK_ECO;D_USDTRYK;2026-06-04;421.3;433;-2.7;0;0;0;0;0;0;0;0;0;5000;0;;;;;
2026-05-08;TM_O_USDTRYKE040626C47000;USDTRY_040626_AVRUPA_ESNEK OPS;D_CR;CRO;D_CR_ECO;DE_USDTRYK_ECO;D_USDTRYK;2026-06-04;277.2;297.6;-6.85;0;0;0;0;0;0;0;0;0;5000;0;;;;;
2026-05-08;TM_O_USDTRYKE040626C52000;USDTRY_040626_AVRUPA_ESNEK OPS;D_CR;CRO;D_CR_ECO;DE_USDTRYK_ECO;D_USDTRYK;2026-06-04;124.7;140.8;-11.43;0;0;0;0;0;0;0;0;0;0;0;;;;;
2026-05-08;TM_O_USDTRYKE070726C47000;USDTRY_070726_AVRUPA_ESNEK OPS;D_CR;CRO;D_CR_ECO;DE_USDTRYK_ECO;D_USDTRYK;2026-07-07;1137.1;1098.8;3.49;0;0;0;0;0;0;0;0;0;10000;0;;;;;
2026-05-08;TM_O_USDTRYKE090626C47250;USDTRY_090626_AVRUPA_ESNEK OPS;D_CR;CRO;D_CR_ECO;DE_USDTRYK_ECO;D_USDTRYK;2026-06-09;352.5;372.8;-5.45;0;0;0;0;0;0;0;0;0;20000;0;;;;;
2026-05-08;TM_O_USDTRYKE090626C53000;USDTRY_090626_AVRUPA_ESNEK OPS;D_CR;CRO;D_CR_ECO;DE_USDTRYK_ECO;D_USDTRYK;2026-06-09;113.2;120.8;-6.29;0;0;0;0;0;0;0;0;0;0;0;;;;;
2026-05-08;TM_O_USDTRYKE110526C46000;USDTRY_110526_AVRUPA_ESNEK OPS;D_CR;CRO;D_CR_ECO;DE_USDTRYK_ECO;D_USDTRYK;2026-05-11;13.9;52.3;-73.42;0;0;0;0;0;0;0;0;0;0;0;;;;;
2026-05-08;TM_O_USDTRYKE110526P46000;USDTRY_110526_AVRUPA_ESNEK OPS;D_CR;CRO;D_CR_EPO;DE_USDTRYK_EPO;D_USDTRYK;2026-05-11;658.3;689.3;-4.5;0;0;0;0;0;0;0;0;0;1000;0;;;;;
2026-05-08;TM_O_USDTRYKE110626C49000;USDTRY_110626_AVRUPA_ESNEK OPS;D_CR;CRO;D_CR_ECO;DE_USDTRYK_ECO;D_USDTRYK;2026-06-11;309.1;324.1;-4.63;0;0;0;0;0;0;0;0;0;1500;0;;;;;
2026-05-08;TM_O_USDTRYKE140526C46400;USDTRY_140526_AVRUPA_ESNEK OPS;D_CR;CRO;D_CR_ECO;DE_USDTRYK_ECO;D_USDTRYK;2026-05-14;33.3;29.9;11.37;0;0;0;0;0;0;0;0;0;0;0;;;;;
2026-05-08;TM_O_USDTRYKE201026C50300;USDTRY_201026_AVRUPA_ESNEK OPS;D_CR;CRO;D_CR_ECO;DE_USDTRYK_ECO;D_USDTRYK;2026-10-20;2740.6;;0;0;0;0;0;0;503000000;21850000;10000;1;10000;10000;;;;;
2026-05-08;TM_O_USDTRYKE220526C45500;USDTRY_220526_AVRUPA_ESNEK OPS;D_CR;CRO;D_CR_ECO;DE_USDTRYK_ECO;D_USDTRYK;2026-05-22;524.4;;0;460;460;505;505;482.5;51870000;550050;1140;2;570;570;;;;;
2026-05-08;TM_O_USDTRYKE220526C46500;USDTRY_220526_AVRUPA_ESNEK OPS;D_CR;CRO;D_CR_ECO;DE_USDTRYK_ECO;D_USDTRYK;2026-05-22;113.8;131.4;-13.39;0;0;0;0;0;0;0;0;0;10000;0;;;;;
2026-05-08;TM_O_USDTRYKE220526C51000;USDTRY_220526_AVRUPA_ESNEK OPS;D_CR;CRO;D_CR_ECO;DE_USDTRYK_ECO;D_USDTRYK;2026-05-22;6.9;13.2;-47.73;0;0;0;0;0;0;0;0;0;0;0;;;;;
2026-05-08;TM_O_USDTRYKE220526C52000;USDTRY_220526_AVRUPA_ESNEK OPS;D_CR;CRO;D_CR_ECO;DE_USDTRYK_ECO;D_USDTRYK;2026-05-22;1.8;4.2;-57.14;0;0;0;0;0;0;0;0;0;0;0;;;;;
2026-05-08;TM_O_USDTRYKE250526C46500;USDTRY_05/2026_AVRUPA_OPSIYON;D_CR;CRO;D_CR_ECO;DE_USDTRYK_ECO;D_USDTRYK;2026-05-25;173.9;185.5;-6.25;127.5;127.5;127.5;127.5;127.5;4650000;12750;100;2;14101;0;;;;;
2026-05-08;TM_O_USDTRYKE250526C51000;USDTRY_05/2026_AVRUPA_OPSIYON;D_CR;CRO;D_CR_ECO;DE_USDTRYK_ECO;D_USDTRYK;2026-05-25;26.2;39.8;-34.17;0;0;0;0;0;0;0;0;0;0;0;;;;;
2026-05-08;TM_O_USDTRYKE250526C52000;USDTRY_05/2026_AVRUPA_OPSIYON;D_CR;CRO;D_CR_ECO;DE_USDTRYK_ECO;D_USDTRYK;2026-05-25;9.8;16.6;-40.96;0;0;0;0;0;0;0;0;0;1;0;;;;;
2026-05-08;TM_O_USDTRYKE250526P45700;USDTRY_250526_AVRUPA_ESNEK OPS;D_CR;CRO;D_CR_EPO;DE_USDTRYK_EPO;D_USDTRYK;2026-05-25;285;292.9;-2.7;0;0;0;0;0;0;0;0;0;200000;0;;;;;
2026-05-08;TM_O_USDTRYKE250526P46200;USDTRY_250526_AVRUPA_ESNEK OPS;D_CR;CRO;D_CR_EPO;DE_USDTRYK_EPO;D_USDTRYK;2026-05-25;536.9;543.2;-1.16;0;0;0;0;0;0;0;0;0;75000;0;;;;;
2026-05-08;TM_O_USDTRYKE280726C56000;USDTRY_280726_AVRUPA_ESNEK OPS;D_CR;CRO;D_CR_ECO;DE_USDTRYK_ECO;D_USDTRYK;2026-07-28;448.5;473.9;-5.36;0;0;0;0;0;0;0;0;0;0;0;;;;;
2026-05-08;TM_O_USDTRYKE280726C57000;USDTRY_280726_AVRUPA_ESNEK OPS;D_CR;CRO;D_CR_ECO;DE_USDTRYK_ECO;D_USDTRYK;2026-07-28;413.9;436.4;-5.16;0;0;0;0;0;0;0;0;0;0;0;;;;;
2026-05-08;TM_O_USDTRYKE300626C47500;USDTRY_06/2026_AVRUPA_OPSIYON;D_CR;CRO;D_CR_ECO;DE_USDTRYK_ECO;D_USDTRYK;2026-06-30;702.9;748.4;-6.08;530.5;530.5;530.5;530.5;530.5;4750000;53050;100;1;40730;100;;;;;
2026-05-08;TM_O_USDTRYKE300626C54000;USDTRY_06/2026_AVRUPA_OPSIYON;D_CR;CRO;D_CR_ECO;DE_USDTRYK_ECO;D_USDTRYK;2026-06-30;279;291.1;-4.16;0;0;0;0;0;0;0;0;0;0;0;;;;;
2026-05-08;TM_O_USDTRYKE300626C55000;USDTRY_06/2026_AVRUPA_OPSIYON;D_CR;CRO;D_CR_ECO;DE_USDTRYK_ECO;D_USDTRYK;2026-06-30;262.4;273.7;-4.13;0;0;0;0;0;0;0;0;0;0;0;;;;;
2026-05-08;TM_O_USDTRYKE300626C56000;USDTRY_06/2026_AVRUPA_OPSIYON;D_CR;CRO;D_CR_ECO;DE_USDTRYK_ECO;D_USDTRYK;2026-06-30;251.2;261.7;-4.01;0;0;0;0;0;0;0;0;0;0;0;;;;;
2026-05-08;TM_O_USDTRYKE300626C57000;USDTRY_300626_AVRUPA_ESNEK OPS;D_CR;CRO;D_CR_ECO;DE_USDTRYK_ECO;D_USDTRYK;2026-06-30;243.9;253.8;-3.9;0;0;0;0;0;0;0;0;0;0;0;;;;;
2026-05-08;TM_O_USDTRYKE301026C52000;USDTRY_301026_AVRUPA_ESNEK OPS;D_CR;CRO;D_CR_ECO;DE_USDTRYK_ECO;D_USDTRYK;2026-10-30;2346.9;2363.9;-0.72;0;0;0;0;0;0;0;0;0;10000;0;;;;;
2026-05-08;TM_O_USDTRYKE310726C48000;USDTRY_07/2026_AVRUPA_OPSIYON;D_CR;CRO;D_CR_ECO;DE_USDTRYK_ECO;D_USDTRYK;2026-07-31;1322.6;1383.8;-4.42;0;0;0;0;0;0;0;0;0;36820;0;;;;;
2026-05-08;TM_O_VAKBNE250526P32.01;VAKBN_250526_AVRUPA_ESNEK OPS;D_EQ;SSO;D_EQ_EPP;DE_VAKBN_EPP;VAKBN.E;2026-05-25;0.93;0.95;-2.11;0;0;0;0;0;0;0;0;0;2240;0;;;;;
2026-05-08;TM_O_VAKBNE250526P32.02;VAKBN_250526_AVRUPA_ESNEK OPS;D_EQ;SSO;D_EQ_EPP;DE_VAKBN_EPP;VAKBN.E;2026-05-25;0.93;;0;0.41;0.36;0.41;0.36;0.38;12923272;154354;4036;3;4036;4036;;;;;
2026-05-08;TM_O_YKBNKE250526C42.00;YKBNK_05/2026_AVRUPA_OPSIYON;D_EQ;SSO;D_EQ_ECP;DE_YKBNK_ECP;YKBNK.E;2026-05-25;0.56;0.42;33.33;0;0;0;0;0;0;0;0;0;0;0;;;;;
2026-05-08;TM_O_YKBNKE250526P35.10;YKBNK_250526_AVRUPA_ESNEK OPS;D_EQ;SSO;D_EQ_EPP;DE_YKBNK_EPP;YKBNK.E;2026-05-25;0.07;0.12;-41.67;0;0;0;0;0;0;0;0;0;850;0;;;;;
2026-05-08;TM_O_YKBNKE250526P39.01;YKBNK_250526_AVRUPA_ESNEK OPS;D_EQ;SSO;D_EQ_EPP;DE_YKBNK_EPP;YKBNK.E;2026-05-25;0.84;;0;0.43;0.43;0.43;0.43;0.43;2547353;28079;653;1;653;653;;;;;
2026-05-08;TM_O_YKBNKE250526P39.50;YKBNK_250526_AVRUPA_ESNEK OPS;D_EQ;SSO;D_EQ_EPP;DE_YKBNK_EPP;YKBNK.E;2026-05-25;1.05;1.34;-21.64;0;0;0;0;0;0;0;0;0;250;0;;;;;
2026-05-08;TM_O_YKBNKE300626C43.00;YKBNK_06/2026_AVRUPA_OPSIYON;D_EQ;SSO;D_EQ_ECP;DE_YKBNK_ECP;YKBNK.E;2026-06-30;1.68;1.42;18.31;0;0;0;0;0;0;0;0;0;0;0;;;;;
