TARIH;SOZLESME KODU;SOZLESME ADI;PAZAR;PAZAR SEGMENTI;SOZLESME TIPI;SOZLESME SINIFI;DAYANAK VARLIK;VADE TARIHI;UZLASMA FIYATI;ONCEKI UZLASMA FIYATI;UZLASMA FIYATI DEGISIMI (%);ACILIS FIYATI;EN DUSUK FIYAT;EN YUKSEK FIYAT;KAPANIS FIYATI; AGIRLIKLI ORTALAMA FIYAT;ISLEM HACMI;PRIM HACMI;ISLEM MIKTARI;ISLEM SAYISI;ACIK POZISYON;ACIK POZISYON DEGISIMI;ACILIS SEANSI FIYATI;ACILIS SEANSI ISLEM HACMI;ACILIS SEANSI PRIM HACMI;ACILIS SEANSI ISLEM MIKTARI;ACILIS SEANSI ISLEM SAYISI
TRADE DATE;INSTRUMENT SERIES;INSTRUMENT NAME;MARKET;MARKET SEGMENT;INSTRUMENT TYPE;INSTRUMENT CLASS;UNDERLYING;EXPIRATION DATE;SETTLEMENT PRICE;PREVIOUS SETTLEMENT PRICE;CHANGE OF SETTLEMENT PRICE (%);OPENING PRICE;LOWEST PRICE;HIGHEST PRICE;CLOSING PRICE;VWAP;TRADED VALUE;PREMIUM VALUE;TRADE VOLUME;TRADE COUNT;OPEN POSITION;OPEN POSITION CHANGE;OPENING SESSION PRICE;TRADED VALUE AT OPENING SESSION;PREMIUM VALUE AT OPENING SESSION;TRADED VOLUME AT OPENING SESSION;TRADE COUNT AT OPENING SESSION
2025-10-08;F_AEFES1025;AEFES_10/2025_VIS;D_EQ;SSF;D_EQ_FPD;DE_AEFES_FPD;AEFES.E;2025-10-31;14.3;14.13;1.2;14.12;14.12;14.91;14.3;14.51;325180597;0;224082;10296;446523;-6926;14.12;29652;0;21;3
2025-10-08;F_AEFES1125;AEFES_11/2025_VIS;D_EQ;SSF;D_EQ_FPD;DE_AEFES_FPD;AEFES.E;2025-11-28;14.67;14.48;1.31;14.44;14.44;15.28;14.67;14.86;21269199;0;14313;874;43008;6619;;;;;
2025-10-08;F_AEFES1225;AEFES_12/2025_VIS;D_EQ;SSF;D_EQ_FPD;DE_AEFES_FPD;AEFES.E;2025-12-31;15.18;14.94;1.61;14.95;14.95;15.55;15.17;15.28;1266888;0;829;100;3795;625;;;;;
2025-10-08;F_AKBNK1025;AKBNK_10/2025_VIS;D_EQ;SSF;D_EQ_FPD;DE_AKBNK_FPD;AKBNK.E;2025-10-31;59.5;60.39;-1.47;60.36;59.4;61.42;59.57;60.5;2169933941;0;358729;30386;517256;449;60.36;905400;0;150;10
2025-10-08;F_AKBNK1125;AKBNK_11/2025_VIS;D_EQ;SSF;D_EQ_FPD;DE_AKBNK_FPD;AKBNK.E;2025-11-28;61.07;61.93;-1.39;62;60.95;62.9;61;62.07;26105450;0;4206;993;10878;876;;;;;
2025-10-08;F_AKBNK1225;AKBNK_12/2025_VIS;D_EQ;SSF;D_EQ_FPD;DE_AKBNK_FPD;AKBNK.E;2025-12-31;63.03;63.51;-0.76;64;62.9;64.47;63.09;63.18;593864;0;94;23;347;50;;;;;
2025-10-08;F_AKSEN1025;AKSEN_10/2025_VIS;D_EQ;SSF;D_EQ_FPD;DE_AKSEN_FPD;AKSEN.E;2025-10-31;39.69;41.11;-3.45;41.16;39.32;41.8;39.78;40.92;177973214;0;43497;6615;39493;-2145;;;;;
2025-10-08;F_AKSEN1125;AKSEN_11/2025_VIS;D_EQ;SSF;D_EQ_FPD;DE_AKSEN_FPD;AKSEN.E;2025-11-28;40.81;41.96;-2.74;42.49;40.7;42.63;40.78;41.91;5875862;0;1402;294;2552;442;;;;;
2025-10-08;F_AKSEN1225;AKSEN_12/2025_VIS;D_EQ;SSF;D_EQ_FPD;DE_AKSEN_FPD;AKSEN.E;2025-12-31;42.64;43.28;-1.48;43.36;42.22;44.04;42.22;43.53;2120063;0;487;109;633;342;;;;;
2025-10-08;F_ALARK1025;ALARK_10/2025_VIS;D_EQ;SSF;D_EQ_FPD;DE_ALARK_FPD;ALARK.E;2025-10-31;80.35;81.46;-1.36;81.4;80.26;82.39;80.31;81.42;91295536;0;11213;3426;70718;-216;;;;;
2025-10-08;F_ALARK1125;ALARK_11/2025_VIS;D_EQ;SSF;D_EQ_FPD;DE_ALARK_FPD;ALARK.E;2025-11-28;82.72;83.46;-0.89;83.37;82.04;84.33;82.69;83.47;2754665;0;330;118;1131;-5;;;;;
2025-10-08;F_ALARK1225;ALARK_12/2025_VIS;D_EQ;SSF;D_EQ_FPD;DE_ALARK_FPD;ALARK.E;2025-12-31;85.51;84.92;0.69;86.49;85.02;86.49;85.02;85.51;128264;0;15;8;81;10;;;;;
2025-10-08;F_ARCLK1025;ARCLK_10/2025_VIS;D_EQ;SSF;D_EQ_FPD;DE_ARCLK_FPD;ARCLK.E;2025-10-31;119.2;119.1;0.08;119.95;118.95;123.8;119.05;121.54;178226160;0;14664;4133;23271;1491;119.95;23990;0;2;2
2025-10-08;F_ARCLK1125;ARCLK_11/2025_VIS;D_EQ;SSF;D_EQ_FPD;DE_ARCLK_FPD;ARCLK.E;2025-11-28;121.95;121.6;0.29;122.55;121.75;126.7;121.75;124.08;1761935;0;142;64;531;42;;;;;
2025-10-08;F_ARCLK1225;ARCLK_12/2025_VIS;D_EQ;SSF;D_EQ_FPD;DE_ARCLK_FPD;ARCLK.E;2025-12-31;129.35;126.25;2.46;126.25;125.9;130;127;126.51;1087995;0;86;24;83;-8;;;;;
2025-10-08;F_ASELS1025;ASELS_10/2025_VIS;D_EQ;SSF;D_EQ_FPD;DE_ASELS_FPD;ASELS.E;2025-10-31;220.3;214.25;2.82;214.45;213.1;220.65;220.2;217.29;1508495205;0;69424;15021;116998;1805;;;;;
2025-10-08;F_ASELS1125;ASELS_11/2025_VIS;D_EQ;SSF;D_EQ_FPD;DE_ASELS_FPD;ASELS.E;2025-11-28;225.2;218.75;2.95;216.55;216.55;225.65;225.1;221.83;48181355;0;2172;550;6394;162;;;;;
2025-10-08;F_ASELS1225;ASELS_12/2025_VIS;D_EQ;SSF;D_EQ_FPD;DE_ASELS_FPD;ASELS.E;2025-12-31;229.65;224.35;2.36;220;220;230;229.95;228.02;2029400;0;89;44;269;31;;;;;
2025-10-08;F_ASTOR1025;ASTOR_10/2025_VIS;D_EQ;SSF;D_EQ_FPD;DE_ASTOR_FPD;ASTOR.E;2025-10-31;94.23;96.13;-1.98;96.68;94.07;96.68;94.08;95.33;264898226;0;27788;9608;84675;2574;96.68;9668;0;1;1
2025-10-08;F_ASTOR1125;ASTOR_11/2025_VIS;D_EQ;SSF;D_EQ_FPD;DE_ASTOR_FPD;ASTOR.E;2025-11-28;96.62;98.14;-1.55;98.64;96.52;98.64;96.65;97.44;13368289;0;1372;259;2712;788;;;;;
2025-10-08;F_ASTOR1225;ASTOR_12/2025_VIS;D_EQ;SSF;D_EQ_FPD;DE_ASTOR_FPD;ASTOR.E;2025-12-31;99.83;101.15;-1.3;101.8;99.09;101.8;99.6;99.75;1057373;0;106;28;109;-36;;;;;
2025-10-08;F_BIMAS1025;BIMAS_10/2025_VIS;D_EQ;SSF;D_EQ_FPD;DE_BIMAS_FPD;BIMAS.E;2025-10-31;568.1;580.1;-2.07;576;557.6;576;567.4;567.31;1531737840;0;27000;10529;21880;-845;576;2534400;0;44;15
2025-10-08;F_BIMAS1125;BIMAS_11/2025_VIS;D_EQ;SSF;D_EQ_FPD;DE_BIMAS_FPD;BIMAS.E;2025-11-28;581.2;592.3;-1.87;587.1;571.6;588.4;581.8;580.84;15624710;0;269;120;518;0;;;;;
2025-10-08;F_BIMAS1225;BIMAS_12/2025_VIS;D_EQ;SSF;D_EQ_FPD;DE_BIMAS_FPD;BIMAS.E;2025-12-31;592.7;605.3;-2.08;595;589.7;595;594.2;592.71;414900;0;7;6;16;3;;;;;
2025-10-08;F_BRSAN1025;BRSAN_10/2025_VIS;D_EQ;SSF;D_EQ_FPD;DE_BRSAN_FPD;BRSAN.E;2025-10-31;408.4;415.4;-1.69;416.55;407.4;420;410.45;414.57;119478140;0;2882;1767;2253;19;416.55;41655;0;1;1
2025-10-08;F_BRSAN1125;BRSAN_11/2025_VIS;D_EQ;SSF;D_EQ_FPD;DE_BRSAN_FPD;BRSAN.E;2025-11-28;420;425.2;-1.22;421.6;418.9;429.1;418.9;422.35;4603600;0;109;75;284;14;;;;;
2025-10-08;F_BRSAN1225;BRSAN_12/2025_VIS;D_EQ;SSF;D_EQ_FPD;DE_BRSAN_FPD;BRSAN.E;2025-12-31;435;435;0;0;0;0;0;0;0;0;0;0;4;0;;;;;
2025-10-08;F_CIMSA1025;CIMSA_10/2025_VIS;D_EQ;SSF;D_EQ_FPD;DE_CIMSA_FPD;CIMSA.E;2025-10-31;44.39;44.69;-0.67;44.84;44.22;45.55;44.26;44.87;134111379;0;29887;5577;59503;2525;44.84;4484;0;1;1
2025-10-08;F_CIMSA1125;CIMSA_11/2025_VIS;D_EQ;SSF;D_EQ_FPD;DE_CIMSA_FPD;CIMSA.E;2025-11-28;45.47;45.86;-0.85;45.92;45.37;46.6;45.5;45.97;1199942;0;261;50;1393;145;;;;;
2025-10-08;F_CIMSA1225;CIMSA_12/2025_VIS;D_EQ;SSF;D_EQ_FPD;DE_CIMSA_FPD;CIMSA.E;2025-12-31;47.53;47.05;1.02;48.06;47.23;48.06;47.23;47.53;14258;0;3;3;54;-1;;;;;
2025-10-08;F_CNHTRY1025;CNHTRY_10/2025_VIS;D_CR;CRF;D_CR_FUT;DE_CNHTRY_FUT;D_CNHTRY;2025-10-31;5.9528;6.0084;-0.93;5.9519;5.9519;5.9675;5.9525;5.9528;1309610;0;22;4;6;-8;;;;;
2025-10-08;F_CNHTRY1125;CNHTRY_11/2025_VIS;D_CR;CRF;D_CR_FUT;DE_CNHTRY_FUT;D_CNHTRY;2025-11-28;6.1527;6.1527;0;0;0;0;0;0;0;0;0;0;0;0;;;;;
2025-10-08;F_CNHTRY1225;CNHTRY_12/2025_VIS;D_CR;CRF;D_CR_FUT;DE_CNHTRY_FUT;D_CNHTRY;2025-12-31;6.3002;6.3002;0;0;0;0;0;0;0;0;0;0;95;0;;;;;
2025-10-08;F_CNHTRY1226;CNHTRY_12/2026_VIS;D_CR;CRF;D_CR_FUT;DE_CNHTRY_FUT;D_CNHTRY;2026-12-31;8.217;8.217;0;0;0;0;0;0;0;0;0;0;0;0;;;;;
2025-10-08;F_DOAS1025;DOAS_10/2025_VIS;D_EQ;SSF;D_EQ_FPD;DE_DOAS_FPD;DOAS.E;2025-10-31;179.7;180.25;-0.31;181;177;185.85;179.75;183.05;56726400;0;3099;1519;6582;-132;;;;;
2025-10-08;F_DOAS1125;DOAS_11/2025_VIS;D_EQ;SSF;D_EQ_FPD;DE_DOAS_FPD;DOAS.E;2025-11-28;186.5;185.85;0.35;185.9;185.9;190;186.55;187.64;881890;0;47;34;180;20;;;;;
2025-10-08;F_DOAS1225;DOAS_12/2025_VIS;D_EQ;SSF;D_EQ_FPD;DE_DOAS_FPD;DOAS.E;2025-12-31;192.05;190.85;0.63;193.7;190;194.55;190;192.72;2216295;0;115;39;110;26;;;;;
2025-10-08;F_DOHOL1025;DOHOL_10/2025_VIS;D_EQ;SSF;D_EQ_FPD;DE_DOHOL_FPD;DOHOL.E;2025-10-31;18.17;18.36;-1.03;18.34;18.11;18.5;18.18;18.27;148433845;0;81231;4469;233062;-1605;;;;;
2025-10-08;F_DOHOL1125;DOHOL_11/2025_VIS;D_EQ;SSF;D_EQ_FPD;DE_DOHOL_FPD;DOHOL.E;2025-11-28;18.7;18.76;-0.32;18.76;18.58;18.92;18.79;18.7;3055361;0;1634;98;7315;787;;;;;
2025-10-08;F_DOHOL1225;DOHOL_12/2025_VIS;D_EQ;SSF;D_EQ_FPD;DE_DOHOL_FPD;DOHOL.E;2025-12-31;19.09;19.28;-0.99;19.26;19.02;19.36;19.15;19.13;164495;0;86;37;453;0;;;;;
2025-10-08;F_EKGYO1025;EKGYO_10/2025_VIS;D_EQ;SSF;D_EQ_FPD;DE_EKGYO_FPD;EKGYO.E;2025-10-31;20.13;20.02;0.55;20.02;19.79;20.6;20.12;20.19;1248851286;0;618538;17266;785404;7731;20.02;40040;0;20;3
2025-10-08;F_EKGYO1125;EKGYO_11/2025_VIS;D_EQ;SSF;D_EQ_FPD;DE_EKGYO_FPD;EKGYO.E;2025-11-28;20.63;20.48;0.73;20.54;20.28;21.07;20.62;20.68;11754885;0;5684;478;15989;-869;;;;;
2025-10-08;F_EKGYO1225;EKGYO_12/2025_VIS;D_EQ;SSF;D_EQ_FPD;DE_EKGYO_FPD;EKGYO.E;2025-12-31;21.36;20.84;2.5;21.3;21.15;21.66;21.41;21.48;367252;0;171;103;865;-23;;;;;
2025-10-08;F_ELCBAS0126;BY ELEKTRIK_01/2026_VIS;D_EL;ENF;D_EL_FUT;DE_ELCBAS01B_FUT;D_ELCBAS01;2026-02-02;2249.1;2249.1;0;0;0;0;0;0;0;0;0;0;0;0;;;;;
2025-10-08;F_ELCBAS0226;BY ELEKTRIK_02/2026_VIS;D_EL;ENF;D_EL_FUT;DE_ELCBAS02B_FUT;D_ELCBAS02;2026-03-02;2977.8;2977.8;0;0;0;0;0;0;0;0;0;0;0;0;;;;;
2025-10-08;F_ELCBAS0326;BY ELEKTRIK_03/2026_VIS;D_EL;ENF;D_EL_FUT;DE_ELCBAS03B_FUT;D_ELCBAS03;2026-03-31;2939;2939;0;0;0;0;0;0;0;0;0;0;0;0;;;;;
2025-10-08;F_ELCBAS0426;BY ELEKTRIK_04/2026_VIS;D_EL;ENF;D_EL_FUT;DE_ELCBAS04B_FUT;D_ELCBAS04;2026-04-30;2714.2;2714.2;0;0;0;0;0;0;0;0;0;0;0;0;;;;;
2025-10-08;F_ELCBAS1025;BY ELEKTRIK_10/2025_VIS;D_EL;ENF;D_EL_FUT;DE_ELCBAS10B_FUT;D_ELCBAS10;2025-10-31;2145.7;2145.7;0;0;0;0;0;0;0;0;0;0;0;0;;;;;
2025-10-08;F_ELCBAS1125;BY ELEKTRIK_11/2025_VIS;D_EL;ENF;D_EL_FUT;DE_ELCBAS11B_FUT;D_ELCBAS11;2025-12-01;2475.1;2475.1;0;0;0;0;0;0;0;0;0;0;0;0;;;;;
2025-10-08;F_ELCBAS1225;BY ELEKTRIK_12/2025_VIS;D_EL;ENF;D_EL_FUT;DE_ELCBAS12B_FUT;D_ELCBAS12;2025-12-31;2452.3;2452.3;0;0;0;0;0;0;0;0;0;0;0;0;;;;;
2025-10-08;F_ELCBASQ126;BY ELEKTRIK_Q1/2025_CASC VIS;D_EL;ENF;D_EL_FUT;DE_ELCBASQ1B_FUT;D_ELCBASQ1;2025-12-30;2450;2450;0;0;0;0;0;0;0;0;0;0;0;0;;;;;
2025-10-08;F_ELCBASQ127;BY ELEKTRIK_Q1/2026_CASC VIS;D_EL;ENF;D_EL_FUT;DE_ELCBASQ1B_FUT;D_ELCBASQ1;2026-12-30;2443.2;2443.2;0;0;0;0;0;0;0;0;0;0;0;0;;;;;
2025-10-08;F_ELCBASQ226;BY ELEKTRIK_Q2/2026_CASC VIS;D_EL;ENF;D_EL_FUT;DE_ELCBASQ2B_FUT;D_ELCBASQ2;2026-03-30;3100;3100;0;0;0;0;0;0;0;0;0;0;0;0;;;;;
2025-10-08;F_ELCBASQ227;BY ELEKTRIK_Q2/2027_CASC VIS;D_EL;ENF;D_EL_FUT;DE_ELCBASQ2B_FUT;D_ELCBASQ2;2027-03-30;2443.2;2443.2;0;0;0;0;0;0;0;0;0;0;0;0;;;;;
2025-10-08;F_ELCBASQ326;BY ELEKTRIK_Q3/2026_CASC VIS;D_EL;ENF;D_EL_FUT;DE_ELCBASQ3B_FUT;D_ELCBASQ3;2026-06-29;3800;3800;0;0;0;0;0;0;0;0;0;0;0;0;;;;;
2025-10-08;F_ELCBASQ327;BY ELEKTRIK_Q3/2027_CASC VIS;D_EL;ENF;D_EL_FUT;DE_ELCBASQ3B_FUT;D_ELCBASQ3;2027-06-29;2443.2;2443.2;0;0;0;0;0;0;0;0;0;0;0;0;;;;;
2025-10-08;F_ELCBASQ426;BY ELEKTRIK_Q4/2026_CASC VIS;D_EL;ENF;D_EL_FUT;DE_ELCBASQ4B_FUT;D_ELCBASQ4;2026-09-29;3700;3700;0;0;0;0;0;0;0;0;0;0;0;0;;;;;
2025-10-08;F_ELCBASQ427;BY ELEKTRIK_Q4/2027_CASC VIS;D_EL;ENF;D_EL_FUT;DE_ELCBASQ4B_FUT;D_ELCBASQ4;2027-09-29;2443.2;2443.2;0;0;0;0;0;0;0;0;0;0;0;0;;;;;
2025-10-08;F_ELCBASY26;BY ELEKTRIK_2025_CASC VIS;D_EL;ENF;D_EL_FUT;DE_ELCBASYB_FUT;D_ELCBASY;2025-12-26;3263;3263;0;0;0;0;0;0;0;0;0;0;0;0;;;;;
2025-10-08;F_ELCBASY27;BY ELEKTRIK_2026_CASC VIS;D_EL;ENF;D_EL_FUT;DE_ELCBASYB_FUT;D_ELCBASY;2026-12-28;2443.2;2443.2;0;0;0;0;0;0;0;0;0;0;0;0;;;;;
2025-10-08;F_ENJSA1025;ENJSA_10/2025_VIS;D_EQ;SSF;D_EQ_FPD;DE_ENJSA_FPD;ENJSA.E;2025-10-31;82.29;81.81;0.59;81.55;80.94;83.9;82.26;82.49;102451321;0;12420;3031;75961;-221;;;;;
2025-10-08;F_ENJSA1125;ENJSA_11/2025_VIS;D_EQ;SSF;D_EQ_FPD;DE_ENJSA_FPD;ENJSA.E;2025-11-28;83.56;83.24;0.38;83.86;82.78;85.65;84;84.32;2411642;0;286;146;597;-19;;;;;
2025-10-08;F_ENJSA1225;ENJSA_12/2025_VIS;D_EQ;SSF;D_EQ_FPD;DE_ENJSA_FPD;ENJSA.E;2025-12-31;86.97;86.43;0.62;89.5;85.5;89.5;85.54;87.17;880368;0;101;17;50;12;;;;;
2025-10-08;F_ENKAI1025;ENKAI_10/2025_VIS;D_EQ;SSF;D_EQ_FPD;DE_ENKAI_FPD;ENKAI.E;2025-10-31;70.69;70.25;0.63;70;69.36;71.66;70.81;70.49;276445274;0;39216;8981;58823;-2102;;;;;
2025-10-08;F_ENKAI1125;ENKAI_11/2025_VIS;D_EQ;SSF;D_EQ_FPD;DE_ENKAI_FPD;ENKAI.E;2025-11-28;72.24;71.91;0.46;71.95;71.05;73.12;72.2;72.09;5666646;0;786;219;1817;13;;;;;
2025-10-08;F_ENKAI1225;ENKAI_12/2025_VIS;D_EQ;SSF;D_EQ_FPD;DE_ENKAI_FPD;ENKAI.E;2025-12-31;74;74.1;-0.13;74;73.45;75.08;73.45;74;96198;0;13;3;29;10;;;;;
2025-10-08;F_EREGL1025;EREGL_10/2025_VIS;D_EQ;SSF;D_EQ_FPD;DE_EREGL_FPD;EREGL.E;2025-10-31;28.42;29.73;-4.41;29.34;28.26;29.41;28.48;28.54;1793053613;0;628295;24343;788036;48607;29.34;5486580;0;1870;64
2025-10-08;F_EREGL1125;EREGL_11/2025_VIS;D_EQ;SSF;D_EQ_FPD;DE_EREGL_FPD;EREGL.E;2025-11-28;29.15;30.45;-4.27;30.3;28.99;30.34;29.18;29.22;34848948;0;11926;1344;13815;3494;;;;;
2025-10-08;F_EREGL1225;EREGL_12/2025_VIS;D_EQ;SSF;D_EQ_FPD;DE_EREGL_FPD;EREGL.E;2025-12-31;29.99;31.53;-4.88;30.68;29.93;30.78;29.98;30.11;894403;0;297;89;477;269;;;;;
2025-10-08;F_EURTRY1025;EURTRY_10/2025_VIS;D_CR;CRF;D_CR_FUT;DE_EURTRY_FUT;D_EURTRY;2025-10-31;49.542;49.697;-0.31;49.5;49.387;49.576;49.49;49.4915;9452879;0;191;65;8390;-19;;;;;
2025-10-08;F_EURTRY1125;EURTRY_11/2025_VIS;D_CR;CRF;D_CR_FUT;DE_EURTRY_FUT;D_EURTRY;2025-11-28;50.818;51.113;-0.58;50.76;50.76;50.88;50.81;50.8177;660630;0;13;3;682;0;;;;;
2025-10-08;F_EURTRY1225;EURTRY_12/2025_VIS;D_CR;CRF;D_CR_FUT;DE_EURTRY_FUT;D_EURTRY;2025-12-31;52.348;52.5;-0.29;52.34;52.22;52.35;52.34;52.3435;14499157;0;277;20;12224;-233;;;;;
2025-10-08;F_EURTRY1226;EURTRY_12/2026_VIS;D_CR;CRF;D_CR_FUT;DE_EURTRY_FUT;D_EURTRY;2026-12-31;69.533;69.834;-0.43;69.6;69.5;69.6;69.5;69.5333;208600;0;3;3;115;-1;;;;;
2025-10-08;F_EURUSD1025;EURUSD_10/2025_VIS;D_CR;CRFU;D_CR_FUT;DE_EURUSD_FUT;D_EURUSD;2025-10-31;1.1634;1.1683;-0.42;1.1642;1.1626;1.166;1.1633;1.1639;592106957.81532;0;12223;518;24127;-813;1.1642;1162943.59536;0;24;15
2025-10-08;F_EURUSD1125;EURUSD_11/2025_VIS;D_CR;CRFU;D_CR_FUT;DE_EURUSD_FUT;D_EURUSD;2025-11-28;1.1661;1.1692;-0.27;1.165;1.1646;1.167;1.1655;1.1661;64260741.5508;0;1324;71;943;193;;;;;
2025-10-08;F_EURUSD1225;EURUSD_12/2025_VIS;D_CR;CRFU;D_CR_FUT;DE_EURUSD_FUT;D_EURUSD;2025-12-31;1.1688;1.1722;-0.29;1.1679;1.167;1.1698;1.168;1.1677;48261643.09836;0;993;85;5082;163;1.1679;48609.98343;0;1;1
2025-10-08;F_EURUSD1226;EURUSD_12/2026_VIS;D_CR;CRFU;D_CR_FUT;DE_EURUSD_FUT;D_EURUSD;2026-12-31;1.1873;1.192;-0.39;1.1872;1.187;1.1874;1.1872;1.1873;543571.07766;0;11;5;168;10;;;;;
2025-10-08;F_FROTO1025;FROTO_10/2025_VIS;D_EQ;SSF;D_EQ_FPD;DE_FROTO_FPD;FROTO.E;2025-10-31;98.21;99.77;-1.56;99.79;97.96;100.75;98.35;99.25;262280824;0;26425;6153;42829;811;;;;;
2025-10-08;F_FROTO1125;FROTO_11/2025_VIS;D_EQ;SSF;D_EQ_FPD;DE_FROTO_FPD;FROTO.E;2025-11-28;100.2;102.05;-1.81;102.4;100.1;102.6;100.1;101.53;11066770;0;1090;237;5984;795;;;;;
2025-10-08;F_FROTO1225;FROTO_12/2025_VIS;D_EQ;SSF;D_EQ_FPD;DE_FROTO_FPD;FROTO.E;2025-12-31;104.5;104.1;0.38;104.7;103.5;104.7;103.5;104.5;62700;0;6;3;10;5;;;;;
2025-10-08;F_GARAN1025;GARAN_10/2025_VIS;D_EQ;SSF;D_EQ_FPD;DE_GARAN_FPD;GARAN.E;2025-10-31;134.05;137.2;-2.3;137.45;133.75;138.85;134.4;136.48;1446695015;0;106001;13713;132085;14495;137.45;109960;0;8;1
2025-10-08;F_GARAN1125;GARAN_11/2025_VIS;D_EQ;SSF;D_EQ_FPD;DE_GARAN_FPD;GARAN.E;2025-11-28;137.75;140.4;-1.89;140.2;137.05;142.25;137.8;139.94;15378930;0;1099;201;3328;412;;;;;
2025-10-08;F_GARAN1225;GARAN_12/2025_VIS;D_EQ;SSF;D_EQ_FPD;DE_GARAN_FPD;GARAN.E;2025-12-31;142.4;143.8;-0.97;146.3;141.6;146.75;141.6;143.31;1504730;0;105;24;524;77;;;;;
2025-10-08;F_GBPUSD1025;GBPUSD_10/2025_VIS;D_CR;CRFU;D_CR_FUT;DE_GBPUSD_FUT;D_GBPUSD;2025-10-31;1.3421;1.3456;-0.26;1.3423;1.34;1.3441;1.3418;1.3421;502748.5143;0;9;6;116;0;;;;;
2025-10-08;F_GBPUSD1125;GBPUSD_11/2025_VIS;D_CR;CRFU;D_CR_FUT;DE_GBPUSD_FUT;D_GBPUSD;2025-11-28;1.3412;1.3455;-0.32;1.3447;1.3376;1.3447;1.3376;1.3411;111641.88591;0;2;2;26;0;;;;;
2025-10-08;F_GBPUSD1225;GBPUSD_12/2025_VIS;D_CR;CRFU;D_CR_FUT;DE_GBPUSD_FUT;D_GBPUSD;2025-12-31;1.3453;1.3474;-0.16;1.3453;1.3453;1.3453;1.3453;1.3453;55993.67301;0;1;1;42;1;1.3453;55993.67301;0;1;1
2025-10-08;F_GBPUSD1226;GBPUSD_12/2026_VIS;D_CR;CRFU;D_CR_FUT;DE_GBPUSD_FUT;D_GBPUSD;2026-12-31;1.3848;1.3798;0.36;1.4145;1.37;1.4145;1.37;1.3848;172917.35265;0;3;3;2;1;;;;;
2025-10-08;F_GUBRF1025;GUBRF_10/2025_VIS;D_EQ;SSF;D_EQ_FPD;DE_GUBRF_FPD;GUBRF.E;2025-10-31;294.9;286.55;2.91;286.9;284.75;298.55;294.7;293.67;371198770;0;12640;6450;35721;320;286.9;28690;0;1;1
2025-10-08;F_GUBRF1125;GUBRF_11/2025_VIS;D_EQ;SSF;D_EQ_FPD;DE_GUBRF_FPD;GUBRF.E;2025-11-28;302.85;294.95;2.68;294.95;292.05;305.6;303.05;300.72;9653040;0;321;191;1697;-120;;;;;
2025-10-08;F_GUBRF1225;GUBRF_12/2025_VIS;D_EQ;SSF;D_EQ_FPD;DE_GUBRF_FPD;GUBRF.E;2025-12-31;313.05;303.7;3.08;304.65;301.35;315.15;315.15;311.22;16540655;0;520;94;3703;462;;;;;
2025-10-08;F_HALKB1025;HALKB_10/2025_VIS;D_EQ;SSF;D_EQ_FPD;DE_HALKB_FPD;HALKB.E;2025-10-31;28.19;26.66;5.74;27.05;27.05;29.21;28.16;28.36;3205340347;0;1130256;54008;381837;80422;27.05;1347090;0;498;18
2025-10-08;F_HALKB1125;HALKB_11/2025_VIS;D_EQ;SSF;D_EQ_FPD;DE_HALKB_FPD;HALKB.E;2025-11-28;28.97;27.33;6;27.82;27.67;29.88;28.87;29;77870429;0;26849;2248;16853;2689;;;;;
2025-10-08;F_HALKB1225;HALKB_12/2025_VIS;D_EQ;SSF;D_EQ_FPD;DE_HALKB_FPD;HALKB.E;2025-12-31;29.91;28.01;6.78;29.5;29.3;30.6;29.9;29.91;3152528;0;1054;182;569;68;;;;;
2025-10-08;F_HEKTS1025;HEKTS_10/2025_VIS;D_EQ;SSF;D_EQ_FPD;DE_HEKTS_FPD;HEKTS.E;2025-10-31;3.41;3.49;-2.29;3.5;3.4;3.51;3.41;3.47;105485842;0;304279;2102;440778;22805;3.5;14000;0;40;3
2025-10-08;F_HEKTS1125;HEKTS_11/2025_VIS;D_EQ;SSF;D_EQ_FPD;DE_HEKTS_FPD;HEKTS.E;2025-11-28;3.51;3.57;-1.68;3.61;3.49;3.61;3.49;3.55;7467864;0;21019;343;27342;2578;;;;;
2025-10-08;F_HEKTS1225;HEKTS_12/2025_VIS;D_EQ;SSF;D_EQ_FPD;DE_HEKTS_FPD;HEKTS.E;2025-12-31;3.64;3.67;-0.82;3.69;3.62;3.7;3.64;3.67;187233;0;510;73;1599;458;;;;;
2025-10-08;F_ISCTR1025;ISCTR_10/2025_VIS;D_EQ;SSF;D_EQ_FPD;DE_ISCTR_FPD;ISCTR.E;2025-10-31;12.89;13.18;-2.2;13.17;12.83;13.3;12.89;13.08;1696647972;0;1296858;18751;1882372;8690;13.17;92190;0;70;5
2025-10-08;F_ISCTR1125;ISCTR_11/2025_VIS;D_EQ;SSF;D_EQ_FPD;DE_ISCTR_FPD;ISCTR.E;2025-11-28;13.22;13.5;-2.07;13.6;13.16;13.75;13.22;13.4;11821774;0;8819;520;30872;2293;13.6;5440;0;4;2
2025-10-08;F_ISCTR1225;ISCTR_12/2025_VIS;D_EQ;SSF;D_EQ_FPD;DE_ISCTR_FPD;ISCTR.E;2025-12-31;13.61;13.85;-1.73;13.96;13.6;14.02;13.6;13.77;195570;0;142;64;1735;116;;;;;
2025-10-08;F_KCHOL1025;KCHOL_10/2025_VIS;D_EQ;SSF;D_EQ_FPD;DE_KCHOL_FPD;KCHOL.E;2025-10-31;172.55;174.6;-1.17;174.6;170.95;176.35;172.45;173.45;999222245;0;57608;11278;259295;-4430;174.6;34920;0;2;1
2025-10-08;F_KCHOL1125;KCHOL_11/2025_VIS;D_EQ;SSF;D_EQ_FPD;DE_KCHOL_FPD;KCHOL.E;2025-11-28;175.75;178.7;-1.65;178.05;175.6;180.5;177.15;177.76;7963435;0;448;188;1797;124;;;;;
2025-10-08;F_KCHOL1225;KCHOL_12/2025_VIS;D_EQ;SSF;D_EQ_FPD;DE_KCHOL_FPD;KCHOL.E;2025-12-31;181.1;183.4;-1.25;184.65;180.5;185.55;181.65;183.29;953110;0;52;44;155;10;;;;;
2025-10-08;F_KONTR1025;KONTR_10/2025_VIS;D_EQ;SSF;D_EQ_FPD;DE_KONTR_FPD;KONTR.E;2025-10-31;30.58;31.02;-1.42;31.41;30.33;32.1;30.55;31.12;481415578;0;154691;18324;62652;-4973;31.41;282690;0;90;12
2025-10-08;F_KONTR1125;KONTR_11/2025_VIS;D_EQ;SSF;D_EQ_FPD;DE_KONTR_FPD;KONTR.E;2025-11-28;31.25;31.81;-1.76;31.54;31.21;32.83;31.25;31.75;6299850;0;1984;505;5490;411;;;;;
2025-10-08;F_KONTR1225;KONTR_12/2025_VIS;D_EQ;SSF;D_EQ_FPD;DE_KONTR_FPD;KONTR.E;2025-12-31;32.25;32.62;-1.13;32.77;32.21;33.42;32.25;32.57;709969;0;218;90;137;12;;;;;
2025-10-08;F_KOZAA1025;KOZAA_10/2025_VIS;D_EQ;SSF;D_EQ_FPD;DE_KOZAA_FPD;KOZAA.E;2025-10-31;91.5;89.64;2.07;89.62;89.49;93.12;91.71;91.69;368963233;0;40211;9401;49474;2942;89.62;98582;0;11;11
2025-10-08;F_KOZAA1125;KOZAA_11/2025_VIS;D_EQ;SSF;D_EQ_FPD;DE_KOZAA_FPD;KOZAA.E;2025-11-28;93.94;91.32;2.87;91.72;91.71;95.35;94.07;94.25;5692462;0;604;190;677;225;;;;;
2025-10-08;F_KOZAA1225;KOZAA_12/2025_VIS;D_EQ;SSF;D_EQ_FPD;DE_KOZAA_FPD;KOZAA.E;2025-12-31;96.79;94.53;2.39;97.79;95.52;97.79;97;97.09;242717;0;25;18;100;10;;;;;
2025-10-08;F_KOZAL1025;KOZAL_10/2025_VIS;D_EQ;SSF;D_EQ_FPD;DE_KOZAL_FPD;KOZAL.E;2025-10-31;25.96;25.57;1.53;25.97;25.56;26.53;25.93;26.07;554768288;0;212807;14146;242401;28314;25.97;15582;0;6;6
2025-10-08;F_KOZAL1125;KOZAL_11/2025_VIS;D_EQ;SSF;D_EQ_FPD;DE_KOZAL_FPD;KOZAL.E;2025-11-28;26.62;26.2;1.6;26.2;26.2;27.17;26.64;26.74;7182498;0;2686;435;11169;175;;;;;
2025-10-08;F_KOZAL1225;KOZAL_12/2025_VIS;D_EQ;SSF;D_EQ_FPD;DE_KOZAL_FPD;KOZAL.E;2025-12-31;27.38;27.21;0.62;27.2;27.05;27.85;27.23;27.57;385925;0;140;51;245;57;;;;;
2025-10-08;F_KRDMD1025;KRDMD_10/2025_VIS;D_EQ;SSF;D_EQ_FPD;DE_KRDMD_FPD;KRDMD.E;2025-10-31;27.25;28.58;-4.65;28.59;26.79;28.59;27.22;27.29;653518202;0;239501;15712;240573;11273;28.59;2498766;0;874;17
2025-10-08;F_KRDMD1125;KRDMD_11/2025_VIS;D_EQ;SSF;D_EQ_FPD;DE_KRDMD_FPD;KRDMD.E;2025-11-28;27.92;29.12;-4.12;29;27.51;29.07;27.9;27.91;11822769;0;4236;491;6012;746;29;43500;0;15;1
2025-10-08;F_KRDMD1225;KRDMD_12/2025_VIS;D_EQ;SSF;D_EQ_FPD;DE_KRDMD_FPD;KRDMD.E;2025-12-31;29.26;29.56;-1.01;28.36;28.36;31.47;30.48;28.51;658640;0;231;23;232;200;;;;;
2025-10-08;F_MGROS1025;MGROS_10/2025_VIS;D_EQ;SSF;D_EQ_FPD;DE_MGROS_FPD;MGROS.E;2025-10-31;467.65;478.7;-2.31;480.95;465.5;480.95;467;472.21;275772920;0;5840;3132;18815;-113;;;;;
2025-10-08;F_MGROS1125;MGROS_11/2025_VIS;D_EQ;SSF;D_EQ_FPD;DE_MGROS_FPD;MGROS.E;2025-11-28;480.7;491.25;-2.15;488.95;477.6;492;480;483.96;21536330;0;445;165;699;265;;;;;
2025-10-08;F_MGROS1225;MGROS_12/2025_VIS;D_EQ;SSF;D_EQ_FPD;DE_MGROS_FPD;MGROS.E;2025-12-31;493.9;499.75;-1.17;500.6;490.2;500.6;494;494.4;642715;0;13;11;25;8;;;;;
2025-10-08;F_ODAS1025;ODAS_10/2025_VIS;D_EQ;SSF;D_EQ_FPD;DE_ODAS_FPD;ODAS.E;2025-10-31;5.32;5.41;-1.66;5.42;5.31;5.47;5.33;5.4;77548131;0;143564;2835;339000;-6892;;;;;
2025-10-08;F_ODAS1125;ODAS_11/2025_VIS;D_EQ;SSF;D_EQ_FPD;DE_ODAS_FPD;ODAS.E;2025-11-28;5.46;5.54;-1.44;5.55;5.45;5.61;5.45;5.54;2124652;0;3833;197;30782;2065;;;;;
2025-10-08;F_ODAS1225;ODAS_12/2025_VIS;D_EQ;SSF;D_EQ_FPD;DE_ODAS_FPD;ODAS.E;2025-12-31;5.61;5.73;-2.09;5.78;5.58;5.78;5.58;5.71;174193;0;305;44;774;215;;;;;
2025-10-08;F_OYAKC1025;OYAKC_10/2025_VIS;D_EQ;SSF;D_EQ_FPD;DE_OYAKC_FPD;OYAKC.E;2025-10-31;20.46;20.74;-1.35;20.79;20.41;21.15;20.51;20.72;126585275;0;61083;4960;179612;4939;;;;;
2025-10-08;F_OYAKC1125;OYAKC_11/2025_VIS;D_EQ;SSF;D_EQ_FPD;DE_OYAKC_FPD;OYAKC.E;2025-11-28;21.01;21.3;-1.36;21.4;20.97;21.67;21;21.29;6063826;0;2848;220;15588;2414;;;;;
2025-10-08;F_OYAKC1225;OYAKC_12/2025_VIS;D_EQ;SSF;D_EQ_FPD;DE_OYAKC_FPD;OYAKC.E;2025-12-31;21.78;22;-1;22.32;21.77;22.32;21.77;21.92;287155;0;131;53;257;47;;;;;
2025-10-08;F_PETKM1025;PETKM_10/2025_VIS;D_EQ;SSF;D_EQ_FPD;DE_PETKM_FPD;PETKM.E;2025-10-31;19.58;19.77;-0.96;19.76;19.23;19.96;19.58;19.68;502415908;0;255249;10994;488181;-9382;19.76;13832;0;7;3
2025-10-08;F_PETKM1125;PETKM_11/2025_VIS;D_EQ;SSF;D_EQ_FPD;DE_PETKM_FPD;PETKM.E;2025-11-28;20.11;20.25;-0.69;20.17;19.76;20.47;20.08;20.22;10598823;0;5241;319;20531;1647;;;;;
2025-10-08;F_PETKM1225;PETKM_12/2025_VIS;D_EQ;SSF;D_EQ_FPD;DE_PETKM_FPD;PETKM.E;2025-12-31;20.5;20.7;-0.97;20.92;20.3;20.92;20.3;20.57;32912;0;16;16;71;0;;;;;
2025-10-08;F_PGSUS1025;PGSUS_10/2025_VIS;D_EQ;SSF;D_EQ_FPD;DE_PGSUS_FPD;PGSUS.E;2025-10-31;221.75;230.05;-3.61;230.6;220.55;230.65;221.65;224.97;1188666275;0;52837;14767;82515;2770;230.6;23060;0;1;1
2025-10-08;F_PGSUS1125;PGSUS_11/2025_VIS;D_EQ;SSF;D_EQ_FPD;DE_PGSUS_FPD;PGSUS.E;2025-11-28;227.1;234.8;-3.28;235.7;226.35;235.9;227.8;229.52;122816280;0;5322;305;7006;4511;;;;;
2025-10-08;F_PGSUS1225;PGSUS_12/2025_VIS;D_EQ;SSF;D_EQ_FPD;DE_PGSUS_FPD;PGSUS.E;2025-12-31;234.5;242.8;-3.42;243.8;233.5;243.8;233.7;239.59;3282420;0;137;86;527;123;;;;;
2025-10-08;F_P_USDTRY1025;FIZ. USDTRY_10/2025_VIS;D_CR;PCF;D_CR_FPD;DE_USDTRYP_FPD;USDTRYP.CX;2025-10-31;44.321;44.321;0;0;0;0;0;0;0;0;0;0;0;0;;;;;
2025-10-08;F_P_USDTRY1125;FIZ. USDTRY_11/2025_VIS;D_CR;PCF;D_CR_FPD;DE_USDTRYP_FPD;USDTRYP.CX;2025-11-28;43.685;43.685;0;0;0;0;0;0;0;0;0;0;0;0;;;;;
2025-10-08;F_P_USDTRY1225;FIZ. USDTRY_12/2025_VIS;D_CR;PCF;D_CR_FPD;DE_USDTRYP_FPD;USDTRYP.CX;2025-12-31;46.747;46.747;0;0;0;0;0;0;0;0;0;0;0;0;;;;;
2025-10-08;F_P_USDTRY1226;FIZ. USDTRY_12/2026_VIS;D_CR;PCF;D_CR_FPD;DE_USDTRYP_FPD;USDTRYP.CX;2026-12-31;59.547;59.547;0;0;0;0;0;0;0;0;0;0;0;0;;;;;
2025-10-08;F_RUBTRY1025;RUBTRY_10/2025_VIS;D_CR;CRF;D_CR_FUT;DE_RUBTRY_FUT;D_RUBTRY;2025-10-31;0.50003;0.50003;0;0;0;0;0;0;0;0;0;0;0;0;;;;;
2025-10-08;F_RUBTRY1125;RUBTRY_11/2025_VIS;D_CR;CRF;D_CR_FUT;DE_RUBTRY_FUT;D_RUBTRY;2025-11-28;0.53179;0.53179;0;0;0;0;0;0;0;0;0;0;0;0;;;;;
2025-10-08;F_RUBTRY1225;RUBTRY_12/2025_VIS;D_CR;CRF;D_CR_FUT;DE_RUBTRY_FUT;D_RUBTRY;2025-12-31;0.51192;0.51192;0;0;0;0;0;0;0;0;0;0;0;0;;;;;
2025-10-08;F_RUBTRY1226;RUBTRY_12/2026_VIS;D_CR;CRF;D_CR_FUT;DE_RUBTRY_FUT;D_RUBTRY;2026-12-31;0.59298;0.59298;0;0;0;0;0;0;0;0;0;0;0;0;;;;;
2025-10-08;F_SAHOL1025;SAHOL_10/2025_VIS;D_EQ;SSF;D_EQ_FPD;DE_SAHOL_FPD;SAHOL.E;2025-10-31;84.56;86.33;-2.05;86.4;84.28;87.73;84.48;85.82;692219655;0;80664;17800;346606;7992;;;;;
2025-10-08;F_SAHOL1125;SAHOL_11/2025_VIS;D_EQ;SSF;D_EQ_FPD;DE_SAHOL_FPD;SAHOL.E;2025-11-28;86.58;88.68;-2.37;88.32;86.5;89.65;86.58;87.76;38570074;0;4395;338;6132;2862;;;;;
2025-10-08;F_SAHOL1225;SAHOL_12/2025_VIS;D_EQ;SSF;D_EQ_FPD;DE_SAHOL_FPD;SAHOL.E;2025-12-31;89.61;91.47;-2.03;91.25;88.29;92.5;89.9;90.45;850221;0;94;30;368;64;;;;;
2025-10-08;F_SASA1025;SASA_10/2025_VIS;D_EQ;SSF;D_EQ_FPD;DE_SASA_FPD;SASA.E;2025-10-31;3.23;3.31;-2.42;3.3;3.23;3.34;3.23;3.28;579181884;0;1763912;6788;2337239;26118;3.3;542190;0;1643;12
2025-10-08;F_SASA1125;SASA_11/2025_VIS;D_EQ;SSF;D_EQ_FPD;DE_SASA_FPD;SASA.E;2025-11-28;3.31;3.39;-2.36;3.38;3.31;3.42;3.31;3.37;14697595;0;43629;547;173578;6325;;;;;
2025-10-08;F_SASA1225;SASA_12/2025_VIS;D_EQ;SSF;D_EQ_FPD;DE_SASA_FPD;SASA.E;2025-12-31;3.42;3.49;-2.01;3.48;3.42;3.53;3.44;3.5;500542;0;1431;100;8894;937;;;;;
2025-10-08;F_SASX101025;SASX 10_10/2025_VIS;D_FR;FIF;D_FR_FUT;DE_SASX10_FUT;D_SASX10;2025-10-31;1464.75;1464.75;0;0;0;0;0;0;0;0;0;0;0;0;;;;;
2025-10-08;F_SASX101225;SASX 10_12/2025_VIS;D_FR;FIF;D_FR_FUT;DE_SASX10_FUT;D_SASX10;2025-12-31;1483.5;1483.5;0;0;0;0;0;0;0;0;0;0;0;0;;;;;
2025-10-08;F_SISE1025;SISE_10/2025_VIS;D_EQ;SSF;D_EQ_FPD;DE_SISE_FPD;SISE.E;2025-10-31;35.82;36.21;-1.08;36.2;35.75;36.46;35.86;36.13;342331574;0;94756;8454;296834;12239;;;;;
2025-10-08;F_SISE1125;SISE_11/2025_VIS;D_EQ;SSF;D_EQ_FPD;DE_SISE_FPD;SISE.E;2025-11-28;36.77;37.19;-1.13;36.92;36.68;37.37;36.75;37.02;10568194;0;2855;578;23330;1624;;;;;
2025-10-08;F_SISE1225;SISE_12/2025_VIS;D_EQ;SSF;D_EQ_FPD;DE_SISE_FPD;SISE.E;2025-12-31;37.67;38.26;-1.54;38.14;37.5;38.52;37.77;38.17;3290239;0;862;88;2022;711;;;;;
2025-10-08;F_SOKM1025;SOKM_10/2025_VIS;D_EQ;SSF;D_EQ_FPD;DE_SOKM_FPD;SOKM.E;2025-10-31;39.07;37.85;3.22;38.39;37.63;39.98;39.06;39.06;170260527;0;43590;9826;43631;1829;38.39;767800;0;200;8
2025-10-08;F_SOKM1125;SOKM_11/2025_VIS;D_EQ;SSF;D_EQ_FPD;DE_SOKM_FPD;SOKM.E;2025-11-28;40.08;38.91;3.01;39.21;38.6;40.97;40.07;40.13;3816319;0;951;142;1390;339;;;;;
2025-10-08;F_SOKM1225;SOKM_12/2025_VIS;D_EQ;SSF;D_EQ_FPD;DE_SOKM_FPD;SOKM.E;2025-12-31;41.1;40;2.75;40.6;40.6;42.12;41.16;41.31;342849;0;83;47;235;41;;;;;
2025-10-08;F_TAVHL1025;TAVHL_10/2025_VIS;D_EQ;SSF;D_EQ_FPD;DE_TAVHL_FPD;TAVHL.E;2025-10-31;239.5;243.05;-1.46;242.85;237.1;244.95;239.25;240.3;188613675;0;7849;4271;56866;-487;;;;;
2025-10-08;F_TAVHL1125;TAVHL_11/2025_VIS;D_EQ;SSF;D_EQ_FPD;DE_TAVHL_FPD;TAVHL.E;2025-11-28;244.45;248.2;-1.51;248.05;243.25;249.35;245.2;244.99;1690440;0;69;35;489;12;;;;;
2025-10-08;F_TAVHL1225;TAVHL_12/2025_VIS;D_EQ;SSF;D_EQ_FPD;DE_TAVHL_FPD;TAVHL.E;2025-12-31;250.2;254.1;-1.53;250.9;249.3;251.1;250;250.21;925770;0;37;10;59;-7;;;;;
2025-10-08;F_TCELL1025;TCELL_10/2025_VIS;D_EQ;SSF;D_EQ_FPD;DE_TCELL_FPD;TCELL.E;2025-10-31;101;102.85;-1.8;102.6;99.84;103.4;101;101.45;568888871;0;56078;8009;160526;4865;102.6;20520;0;2;2
2025-10-08;F_TCELL1125;TCELL_11/2025_VIS;D_EQ;SSF;D_EQ_FPD;DE_TCELL_FPD;TCELL.E;2025-11-28;103.8;105.35;-1.47;105.45;102.45;105.95;103.8;104.22;11828735;0;1135;250;38632;247;;;;;
2025-10-08;F_TCELL1225;TCELL_12/2025_VIS;D_EQ;SSF;D_EQ_FPD;DE_TCELL_FPD;TCELL.E;2025-12-31;105.9;107.25;-1.26;107.25;105.1;107.25;106.1;106.8;4998130;0;468;84;2361;424;;;;;
2025-10-08;F_THYAO1025;THYAO_10/2025_VIS;D_EQ;SSF;D_EQ_FPD;DE_THYAO_FPD;THYAO.E;2025-10-31;317;320.85;-1.2;320.95;314.3;324;317.15;319.01;2985856640;0;93598;22321;127087;-4960;320.95;481425;0;15;6
2025-10-08;F_THYAO1125;THYAO_11/2025_VIS;D_EQ;SSF;D_EQ_FPD;DE_THYAO_FPD;THYAO.E;2025-11-28;324.3;329.45;-1.56;328.65;322.55;331.9;325.05;326.61;21948305;0;672;317;3656;125;;;;;
2025-10-08;F_THYAO1225;THYAO_12/2025_VIS;D_EQ;SSF;D_EQ_FPD;DE_THYAO_FPD;THYAO.E;2025-12-31;335.25;338.6;-0.99;341.8;333.95;342.7;333.95;339.19;2747435;0;81;56;885;39;;;;;
2025-10-08;F_TKFEN1025;TKFEN_10/2025_VIS;D_EQ;SSF;D_EQ_FPD;DE_TKFEN_FPD;TKFEN.E;2025-10-31;82.31;85.84;-4.11;86.31;81.82;86.91;82.35;84.39;178619291;0;21165;5632;33815;-364;;;;;
2025-10-08;F_TKFEN1125;TKFEN_11/2025_VIS;D_EQ;SSF;D_EQ_FPD;DE_TKFEN_FPD;TKFEN.E;2025-11-28;84.15;87.04;-3.32;87.9;84.15;88;84.15;85.95;3790523;0;441;196;1368;169;;;;;
2025-10-08;F_TKFEN1225;TKFEN_12/2025_VIS;D_EQ;SSF;D_EQ_FPD;DE_TKFEN_FPD;TKFEN.E;2025-12-31;87.44;89.78;-2.61;90.3;86.55;90.36;86.55;89.21;1543286;0;173;93;278;169;;;;;
2025-10-08;F_TLREF1M0126;1-AY TLREF_01/2026_VIS;D_FI;TRF;D_FI_FUT;DE_TLREF1M_FUT;D_TLREF1M;2026-01-30;40;40;0;0;0;0;0;0;0;0;0;0;0;0;;;;;
2025-10-08;F_TLREF1M0226;1-AY TLREF_02/2026_VIS;D_FI;TRF;D_FI_FUT;DE_TLREF1M_FUT;D_TLREF1M;2026-02-27;40;40;0;0;0;0;0;0;0;0;0;0;0;0;;;;;
2025-10-08;F_TLREF1M0326;1-AY TLREF_03/2026_VIS;D_FI;TRF;D_FI_FUT;DE_TLREF1M_FUT;D_TLREF1M;2026-03-31;40;40;0;0;0;0;0;0;0;0;0;0;0;0;;;;;
2025-10-08;F_TLREF1M0426;1-AY TLREF_04/2026_VIS;D_FI;TRF;D_FI_FUT;DE_TLREF1M_FUT;D_TLREF1M;2026-04-30;40.18;40.18;0;0;0;0;0;0;0;0;0;0;0;0;;;;;
2025-10-08;F_TLREF1M1025;1-AY TLREF_10/2025_VIS;D_FI;TRF;D_FI_FUT;DE_TLREF1M_FUT;D_TLREF1M;2025-10-31;40;40;0;0;0;0;0;0;0;0;0;0;0;0;;;;;
2025-10-08;F_TLREF1M1125;1-AY TLREF_11/2025_VIS;D_FI;TRF;D_FI_FUT;DE_TLREF1M_FUT;D_TLREF1M;2025-11-28;40;40;0;0;0;0;0;0;0;0;0;0;0;0;;;;;
2025-10-08;F_TLREF1M1225;1-AY TLREF_12/2025_VIS;D_FI;TRF;D_FI_FUT;DE_TLREF1M_FUT;D_TLREF1M;2025-12-31;40;40;0;0;0;0;0;0;0;0;0;0;0;0;;;;;
2025-10-08;F_TOASO1025;TOASO_10/2025_VIS;D_EQ;SSF;D_EQ_FPD;DE_TOASO_FPD;TOASO.E;2025-10-31;288.9;284.75;1.46;286;283.55;291.35;288.6;288.85;505205495;0;17490;7491;37142;-1404;;;;;
2025-10-08;F_TOASO1125;TOASO_11/2025_VIS;D_EQ;SSF;D_EQ_FPD;DE_TOASO_FPD;TOASO.E;2025-11-28;295.8;290.7;1.75;291;291;297.65;295.05;295.79;5176320;0;175;98;377;3;;;;;
2025-10-08;F_TOASO1225;TOASO_12/2025_VIS;D_EQ;SSF;D_EQ_FPD;DE_TOASO_FPD;TOASO.E;2025-12-31;303.75;296.2;2.55;305.4;302.5;305.4;302.5;303.76;151880;0;5;5;7;1;;;;;
2025-10-08;F_TRT020926T17_0326;TRT020926T17_03/2026_VIS;D_BO;BOP;D_BO_FPD;DE_TRT020926T17_FPD;TRT020926T17_KESN_T1;2026-03-31;92.956;92.956;0;0;0;0;0;0;0;0;0;0;0;0;;;;;
2025-10-08;F_TRT020926T17_1225;TRT020926T17_12/2025_VIS;D_BO;BOP;D_BO_FPD;DE_TRT020926T17_FPD;TRT020926T17_KESN_T1;2025-12-31;88.105;88.105;0;0;0;0;0;0;0;0;0;0;0;0;;;;;
2025-10-08;F_TRT131130T14_0326;TRT131130T14_03/2026_VIS;D_BO;BOP;D_BO_FPD;DE_TRT131130T14_FPD;TRT131130T14_KESN_T1;2026-03-31;50.112;50.112;0;0;0;0;0;0;0;0;0;0;0;0;;;;;
2025-10-08;F_TRT131130T14_1225;TRT131130T14_12/2025_VIS;D_BO;BOP;D_BO_FPD;DE_TRT131130T14_FPD;TRT131130T14_KESN_T1;2025-12-31;54.555;54.555;0;0;0;0;0;0;0;0;0;0;0;0;;;;;
2025-10-08;F_TSKB1025;TSKB_10/2025_VIS;D_EQ;SSF;D_EQ_FPD;DE_TSKB_FPD;TSKB.E;2025-10-31;13.38;13.27;0.83;13.27;13.18;13.53;13.35;13.35;80362902;0;60206;2520;213408;-1757;;;;;
2025-10-08;F_TSKB1125;TSKB_11/2025_VIS;D_EQ;SSF;D_EQ_FPD;DE_TSKB_FPD;TSKB.E;2025-11-28;13.66;13.48;1.34;13.5;13.5;13.85;13.67;13.68;440513;0;322;53;4798;6;13.5;1350;0;1;1
2025-10-08;F_TSKB1225;TSKB_12/2025_VIS;D_EQ;SSF;D_EQ_FPD;DE_TSKB_FPD;TSKB.E;2025-12-31;13.89;13.99;-0.71;14.04;13.85;14.14;13.85;13.89;23617;0;17;4;360;-1;;;;;
2025-10-08;F_TTKOM1025;TTKOM_10/2025_VIS;D_EQ;SSF;D_EQ_FPD;DE_TTKOM_FPD;TTKOM.E;2025-10-31;51.82;53.47;-3.09;53.69;51.49;54.45;51.88;52.88;336465697;0;63633;7819;120990;-2006;53.69;32214;0;6;4
2025-10-08;F_TTKOM1125;TTKOM_11/2025_VIS;D_EQ;SSF;D_EQ_FPD;DE_TTKOM_FPD;TTKOM.E;2025-11-28;53.06;54.9;-3.35;54.88;52.8;55.65;53.1;54.1;5339275;0;987;243;5124;127;;;;;
2025-10-08;F_TTKOM1225;TTKOM_12/2025_VIS;D_EQ;SSF;D_EQ_FPD;DE_TTKOM_FPD;TTKOM.E;2025-12-31;53.84;55.53;-3.04;56.99;52.17;56.99;54.56;55.51;877122;0;158;57;118;-12;;;;;
2025-10-08;F_TUPRS1025;TUPRS_10/2025_VIS;D_EQ;SSF;D_EQ_FPD;DE_TUPRS_FPD;TUPRS.E;2025-10-31;184.8;184.75;0.03;185.15;181.75;186.25;184.6;184.41;823944405;0;44681;9660;95319;-2099;185.15;18515;0;1;1
2025-10-08;F_TUPRS1125;TUPRS_11/2025_VIS;D_EQ;SSF;D_EQ_FPD;DE_TUPRS_FPD;TUPRS.E;2025-11-28;189.4;189.2;0.11;188.45;187;190.1;189.2;188.53;4694290;0;249;83;994;4;;;;;
2025-10-08;F_TUPRS1225;TUPRS_12/2025_VIS;D_EQ;SSF;D_EQ_FPD;DE_TUPRS_FPD;TUPRS.E;2025-12-31;193.8;194.15;-0.18;193.9;192.8;194.8;193.55;193.9;1047085;0;54;18;80;46;;;;;
2025-10-08;F_ULKER1025;ULKER_10/2025_VIS;D_EQ;SSF;D_EQ_FPD;DE_ULKER_FPD;ULKER.E;2025-10-31;107.5;108.2;-0.65;108.3;106.9;109.95;107.5;108.23;100124360;0;9251;2684;32453;1527;;;;;
2025-10-08;F_ULKER1125;ULKER_11/2025_VIS;D_EQ;SSF;D_EQ_FPD;DE_ULKER_FPD;ULKER.E;2025-11-28;110.15;110.7;-0.5;112.15;109.7;112.2;109.9;111.15;255640;0;23;21;799;9;;;;;
2025-10-08;F_ULKER1225;ULKER_12/2025_VIS;D_EQ;SSF;D_EQ_FPD;DE_ULKER_FPD;ULKER.E;2025-12-31;114.85;114.4;0.39;114.4;113.05;115.85;113.5;114.57;320790;0;28;18;389;2;;;;;
2025-10-08;F_USDTRY0126;USDTRY_01/2026_VIS;D_CR;CRF;D_CR_FUT;DE_USDTRY_FUT;D_USDTRY;2026-01-30;45.847;45.826;0.05;45.79;45.79;45.92;45.835;45.8842;24226855;0;528;84;12916;-310;;;;;
2025-10-08;F_USDTRY0127;USDTRY_01/2027_VIS;D_CR;CRF;D_CR_FUT;DE_USDTRY_FUT;D_USDTRY;2027-01-29;60.073;60.02;0.09;60.01;60.01;60.239;60.239;60.0731;420512;0;7;5;39;5;;;;;
2025-10-08;F_USDTRY0226;USDTRY_02/2026_VIS;D_CR;CRF;D_CR_FUT;DE_USDTRY_FUT;D_USDTRY;2026-02-27;46.962;46.987;-0.05;46.903;46.903;46.992;46.964;46.9679;13291907;0;283;89;5004;40;;;;;
2025-10-08;F_USDTRY0326;USDTRY_03/2026_VIS;D_CR;CRF;D_CR_FUT;DE_USDTRY_FUT;D_USDTRY;2026-03-31;48.123;48.157;-0.07;48.101;48.101;48.267;48.111;48.1672;28515011;0;592;31;6149;253;;;;;
2025-10-08;F_USDTRY0426;USDTRY_04/2026_VIS;D_CR;CRF;D_CR_FUT;DE_USDTRY_FUT;D_USDTRY;2026-04-30;49.158;49.168;-0.02;49.121;49.121;49.17;49.125;49.1579;115127884;0;2342;54;5767;850;;;;;
2025-10-08;F_USDTRY0526;USDTRY_05/2026_VIS;D_CR;CRF;D_CR_FUT;DE_USDTRY_FUT;D_USDTRY;2026-05-25;50.087;50.137;-0.1;50.15;49.931;50.15;50.094;50.045;229005895;0;4576;154;15644;3439;;;;;
2025-10-08;F_USDTRY0626;USDTRY_06/2026_VIS;D_CR;CRF;D_CR_FUT;DE_USDTRY_FUT;D_USDTRY;2026-06-30;51.362;51.466;-0.2;51.321;51.321;51.4;51.39;51.3621;1078605;0;21;10;8862;17;;;;;
2025-10-08;F_USDTRY0726;USDTRY_07/2026_VIS;D_CR;CRF;D_CR_FUT;DE_USDTRY_FUT;D_USDTRY;2026-07-31;52.306;52.521;-0.41;52.313;52.3;52.503;52.5;52.3064;12815071;0;245;10;2260;240;;;;;
2025-10-08;F_USDTRY0826;USDTRY_08/2026_VIS;D_CR;CRF;D_CR_FUT;DE_USDTRY_FUT;D_USDTRY;2026-08-31;53.62;53.618;0;53.713;53.62;53.725;53.62;53.7158;64727526;0;1205;85;2361;524;;;;;
2025-10-08;F_USDTRY0926;USDTRY_09/2026_VIS;D_CR;CRF;D_CR_FUT;DE_USDTRY_FUT;D_USDTRY;2026-09-30;54.878;54.868;0.02;54.952;54.863;54.952;54.88;54.8915;5544045;0;101;15;5605;-75;;;;;
2025-10-08;F_USDTRY1025;USDTRY_10/2025_VIS;D_CR;CRF;D_CR_FUT;DE_USDTRY_FUT;D_USDTRY;2025-10-31;42.535;42.56;-0.06;42.53;42.524;42.56;42.536;42.5381;4524562505;0;106365;3129;2601843;-51371;;;;;
2025-10-08;F_USDTRY1026;USDTRY_10/2026_VIS;D_CR;CRF;D_CR_FUT;DE_USDTRY_FUT;D_USDTRY;2026-10-30;56.19;56.146;0.08;56.19;56.19;56.19;56.19;56.19;56190000;0;1000;35;1839;827;;;;;
2025-10-08;F_USDTRY1125;USDTRY_11/2025_VIS;D_CR;CRF;D_CR_FUT;DE_USDTRY_FUT;D_USDTRY;2025-11-28;43.567;43.604;-0.08;43.579;43.552;43.587;43.571;43.5696;2972751612;0;68230;791;483390;21212;;;;;
2025-10-08;F_USDTRY1126;USDTRY_11/2026_VIS;D_CR;CRF;D_CR_FUT;DE_USDTRY_FUT;D_USDTRY;2026-11-30;57.539;57.539;0;0;0;0;0;0;0;0;0;0;1340;0;;;;;
2025-10-08;F_USDTRY1225;USDTRY_12/2025_VIS;D_CR;CRF;D_CR_FUT;DE_USDTRY_FUT;D_USDTRY;2025-12-31;44.814;44.854;-0.09;44.822;44.79;44.844;44.815;44.8239;1838630156;0;41019;1161;693574;33209;;;;;
2025-10-08;F_USDTRY1226;USDTRY_12/2026_VIS;D_CR;CRF;D_CR_FUT;DE_USDTRY_FUT;D_USDTRY;2026-12-31;58.757;58.81;-0.09;58.8;58.752;58.8;58.752;58.7686;6405772;0;109;23;13774;10;;;;;
2025-10-08;F_VAKBN1025;VAKBN_10/2025_VIS;D_EQ;SSF;D_EQ_FPD;DE_VAKBN_FPD;VAKBN.E;2025-10-31;25.07;25.36;-1.14;25.58;24.97;26.35;25.09;25.74;546600822;0;212324;13653;256370;7619;;;;;
2025-10-08;F_VAKBN1125;VAKBN_11/2025_VIS;D_EQ;SSF;D_EQ_FPD;DE_VAKBN_FPD;VAKBN.E;2025-11-28;25.68;25.92;-0.93;26.5;25.65;26.96;25.65;26.37;14476754;0;5490;427;8816;262;;;;;
2025-10-08;F_VAKBN1225;VAKBN_12/2025_VIS;D_EQ;SSF;D_EQ_FPD;DE_VAKBN_FPD;VAKBN.E;2025-12-31;26.75;26.71;0.15;26.99;24.04;29;24.9;26.24;2361796;0;900;123;484;217;;;;;
2025-10-08;F_VESTL1025;VESTL_10/2025_VIS;D_EQ;SSF;D_EQ_FPD;DE_VESTL_FPD;VESTL.E;2025-10-31;34.64;35.39;-2.12;35.67;34.37;35.67;34.64;34.93;68208743;0;19528;3749;64346;3584;35.67;171216;0;48;13
2025-10-08;F_VESTL1125;VESTL_11/2025_VIS;D_EQ;SSF;D_EQ_FPD;DE_VESTL_FPD;VESTL.E;2025-11-28;35.34;36.22;-2.43;36.21;35.25;36.37;35.33;35.87;3759595;0;1048;233;4616;99;;;;;
2025-10-08;F_VESTL1225;VESTL_12/2025_VIS;D_EQ;SSF;D_EQ_FPD;DE_VESTL_FPD;VESTL.E;2025-12-31;36.54;37.19;-1.75;38.98;36.4;38.98;36.4;36.92;653509;0;177;85;899;161;;;;;
2025-10-08;F_X10XB0226;BIST BDLKT10_02/2026_VIS;D_IX;INF;D_IX_FUT;DE_BISTBDLIKIT10_FUT;D_X10XBD;2026-02-27;16460;16460;0;0;0;0;0;0;0;0;0;0;0;0;;;;;
2025-10-08;F_X10XB1025;BIST BDLKT10_10/2025_VIS;D_IX;INF;D_IX_FUT;DE_BISTBDLIKIT10_FUT;D_X10XBD;2025-10-31;14406;14556;-1.03;14402;14402;14409;14409;14405.5;288110;0;2;2;71;1;;;;;
2025-10-08;F_X10XB1225;BIST BDLKT10_12/2025_VIS;D_IX;INF;D_IX_FUT;DE_BISTBDLIKIT10_FUT;D_X10XBD;2025-12-31;15235;15312;-0.5;15235;15235;15235;15235;15235;152350;0;1;1;46;0;;;;;
2025-10-08;F_XAGUSD0226;ONS GUMUS_02/2026_VIS;D_PM;PMFU;D_PM_FUT;DE_XAGUSD_FUT;D_XAGUSD;2026-02-27;49.52;48.48;2.15;48.93;48.89;49.64;49.64;49.203;101658500.78583;0;4964;471;16478;646;;;;;
2025-10-08;F_XAGUSD1025;ONS GUMUS_10/2025_VIS;D_PM;PMFU;D_PM_FUT;DE_XAGUSD_FUT;D_XAGUSD;2025-10-31;49.22;48.01;2.52;48.41;48.4;49.34;49.24;48.811;3002326159.93665;0;147781;11779;351056;11580;48.41;6689489.57004;0;332;26
2025-10-08;F_XAGUSD1225;ONS GUMUS_12/2025_VIS;D_PM;PMFU;D_PM_FUT;DE_XAGUSD_FUT;D_XAGUSD;2025-12-31;49.33;48.19;2.37;48.61;48.61;49.45;49.36;48.949;472457706.12384;0;23190;1868;125599;1566;48.61;40464.61674;0;2;2
2025-10-08;F_XAUTRYM0226;GR ALTIN_02/2026_VIS;D_PM;PMF;D_PM_FUT;DE_XAUTRY_FUT;D_XAUTRY;2026-02-27;6222.9;6131.2;1.5;6150.6;6150.6;6225.2;6221;6205.07;8643667.9;0;1393;446;6955;424;6150.6;6150.6;0;1;1
2025-10-08;F_XAUTRYM1025;GR ALTIN_10/2025_VIS;D_PM;PMF;D_PM_FUT;DE_XAUTRY_FUT;D_XAUTRY;2025-10-31;5555.3;5471.4;1.53;5505.5;5505.5;5560.4;5554.6;5539.67;1044648550;0;188576;5129;506496;23497;5505.5;220220;0;40;13
2025-10-08;F_XAUTRYM1225;GR ALTIN_12/2025_VIS;D_PM;PMF;D_PM_FUT;DE_XAUTRY_FUT;D_XAUTRY;2025-12-31;5893.1;5804.7;1.52;5840.8;5840.8;5898.9;5892.1;5881.1;109817692.9;0;18673;1410;90798;4247;5840.8;251154.4;0;43;25
2025-10-08;F_XAUUSD0226;ONS ALTIN_02/2026_VIS;D_PM;PMFU;D_PM_FUT;DE_XAUUSD_FUT;D_XAUUSD;2026-02-27;4113.8;4053.5;1.49;4090.5;4090.5;4121;4120;4114.56;243181924.53372;0;1420;225;3105;71;4090.5;340507.1277;0;2;2
2025-10-08;F_XAUUSD1025;ONS ALTIN_10/2025_VIS;D_PM;PMFU;D_PM_FUT;DE_XAUUSD_FUT;D_XAUUSD;2025-10-31;4062.5;3998.3;1.61;4034.8;4034.8;4065.2;4061.4;4052.88;8106121609.88085;0;48054;11190;161557;-3173;4034.8;11755466.4612;0;70;24
2025-10-08;F_XAUUSD1225;ONS ALTIN_12/2025_VIS;D_PM;PMFU;D_PM_FUT;DE_XAUUSD_FUT;D_XAUUSD;2025-12-31;4091;4026.2;1.61;4061.1;4061.1;4093.1;4089.4;4080.15;870340705.22046;0;5125;1751;10284;652;4061.1;6930225.32067;0;41;17
2025-10-08;F_XCUUSD0226;TON BAKIR_02/2026_VIS;D_MT;MTF;D_MT_FUT;DE_XCUUSD_FUT;D_XCUUSD;2026-02-27;12236;11800;3.69;12854.5;11250.5;12854.5;11994;12133.68;1818087.883125;0;36;15;41;4;;;;;
2025-10-08;F_XCUUSD1025;TON BAKIR_10/2025_VIS;D_MT;MTF;D_MT_FUT;DE_XCUUSD_FUT;D_XCUUSD;2025-10-31;11254.5;11001;2.3;11903.5;11013.5;11903.5;11111.5;11345.77;2030589.55356;0;43;23;23;9;;;;;
2025-10-08;F_XCUUSD1225;TON BAKIR_12/2025_VIS;D_MT;MTF;D_MT_FUT;DE_XCUUSD_FUT;D_XCUUSD;2025-12-31;11661;11019.5;5.82;11699.5;11646;11699.5;11646;11661.13;194142.338565;0;4;4;18;2;;;;;
2025-10-08;F_XLBNK0226;BIST L.BANKA_02/2026_VIS;D_IX;INF;D_IX_FUT;DE_BISTLBANKA_FUT;D_XLBNKD;2026-02-27;14782;14922;-0.94;15078;14607;15498;14765;14913.55;3280980;0;22;18;62;6;;;;;
2025-10-08;F_XLBNK1025;BIST L.BANKA_10/2025_VIS;D_IX;INF;D_IX_FUT;DE_BISTLBANKA_FUT;D_XLBNKD;2025-10-31;13151;13302;-1.14;13399;13087;13526;13147;13314.84;216499220;0;1626;951;10635;125;;;;;
2025-10-08;F_XLBNK1225;BIST L.BANKA_12/2025_VIS;D_IX;INF;D_IX_FUT;DE_BISTLBANKA_FUT;D_XLBNKD;2025-12-31;13912;14042;-0.93;14084;13861;14270;13861;14086.44;19016690;0;135;113;628;33;;;;;
2025-10-08;F_XPDUSD0226;ONS PALADYUM_02/2026_VIS;D_PM;PMFU;D_PM_FUT;DE_XPDUSD_FUT;D_XPDUSD;2026-02-27;1488.8;1413.1;5.36;1519.8;1447.5;1519.8;1515;1483.01;2530740.87378;0;41;35;60;12;;;;;
2025-10-08;F_XPDUSD1025;ONS PALADYUM_10/2025_VIS;D_PM;PMFU;D_PM_FUT;DE_XPDUSD_FUT;D_XPDUSD;2025-10-31;1449.1;1385.6;4.58;1392.7;1392;1455;1452.2;1422.32;55825159.23321;0;943;303;1587;-381;;;;;
2025-10-08;F_XPDUSD1225;ONS PALADYUM_12/2025_VIS;D_PM;PMFU;D_PM_FUT;DE_XPDUSD_FUT;D_XPDUSD;2025-12-31;1466.4;1408.8;4.09;1410.2;1410.2;1479.9;1473.7;1446.44;9271283.62104;0;154;69;931;3;1410.2;58694.92134;0;1;1
2025-10-08;F_XPTUSD0226;ONS PLATIN_02/2026_VIS;D_PM;PMFU;D_PM_FUT;DE_XPTUSD_FUT;D_XPTUSD;2026-02-27;1727.5;1702.8;1.45;1704.2;1704.2;1744.8;1744.8;1725.8;6033764.65956;0;84;32;777;35;;;;;
2025-10-08;F_XPTUSD1025;ONS PLATIN_10/2025_VIS;D_PM;PMFU;D_PM_FUT;DE_XPTUSD_FUT;D_XPTUSD;2025-10-31;1673.8;1643.3;1.86;1676.3;1644.7;1687.1;1668.9;1666.9;96020650.06101;0;1384;251;2627;196;;;;;
2025-10-08;F_XPTUSD1225;ONS PLATIN_12/2025_VIS;D_PM;PMFU;D_PM_FUT;DE_XPTUSD_FUT;D_XPTUSD;2025-12-31;1697.6;1674;1.41;1696.5;1678;1710.3;1699.2;1689.84;58728892.97154;0;835;94;1182;413;;;;;
2025-10-08;F_XSD250226;BIST XSD25_02/2026_VIS;D_IX;INF;D_IX_FUT;DE_BISTSUR25_FUT;D_XSD25D;2026-02-27;16410;16410;0;0;0;0;0;0;0;0;0;0;0;0;;;;;
2025-10-08;F_XSD251025;BIST XSD25_10/2025_VIS;D_IX;INF;D_IX_FUT;DE_BISTSUR25_FUT;D_XSD25D;2025-10-31;14425;14689;-1.8;14251;14251;14599;14599;14425;288500;0;2;2;1;0;;;;;
2025-10-08;F_XSD251225;BIST XSD25_12/2025_VIS;D_IX;INF;D_IX_FUT;DE_BISTSUR25_FUT;D_XSD25D;2025-12-31;15697;15697;0;0;0;0;0;0;0;0;0;0;1;0;;;;;
2025-10-08;F_XU0300226;BIST 30_02/2026_VIS;D_IX;INF;D_IX_FUT;DE_BIST30_FUT;D_XU030D;2026-02-27;13339;13424;-0.63;13420;13300;13520;13357;13401.24;31358900;0;234;136;642;120;;;;;
2025-10-08;F_XU0301025;BIST 30_10/2025_VIS;D_IX;INF;D_IX_FUT;DE_BIST30_FUT;D_XU030D;2025-10-31;12051;12162;-0.91;12173;11982;12258;12052;12102.5;25474016910;0;210486;72245;509631;1806;12173;19841990;0;163;39
2025-10-08;F_XU0301225;BIST 30_12/2025_VIS;D_IX;INF;D_IX_FUT;DE_BIST30_FUT;D_XU030D;2025-12-31;12681;12795;-0.89;12800;12622;12881;12682;12727.29;527357040;0;4144;1966;19530;235;12800;128000;0;1;1
2025-10-08;F_YKBNK1025;YKBNK_10/2025_VIS;D_EQ;SSF;D_EQ_FPD;DE_YKBNK_FPD;YKBNK.E;2025-10-31;32.13;32.23;-0.31;32.38;31.95;32.83;32.22;32.42;1892089658;0;583587;22093;779479;-15128;32.38;12952;0;4;1
2025-10-08;F_YKBNK1125;YKBNK_11/2025_VIS;D_EQ;SSF;D_EQ_FPD;DE_YKBNK_FPD;YKBNK.E;2025-11-28;32.94;33.04;-0.3;33.25;32.76;33.63;33.03;33.2;30307832;0;9129;448;20407;4118;;;;;
2025-10-08;F_YKBNK1225;YKBNK_12/2025_VIS;D_EQ;SSF;D_EQ_FPD;DE_YKBNK_FPD;YKBNK.E;2025-12-31;33.8;33.78;0.06;34.29;33.78;34.74;33.79;34.26;986721;0;288;49;288;148;;;;;
2025-10-08;O_AKBNKE1025C58.00;AKBNK_10/2025_AVRUPA_OPSIYON;D_EQ;SSO;D_EQ_ECP;DE_AKBNK_ECP;AKBNK.E;2025-10-31;3.28;4.01;-18.2;0;0;0;0;0;0;0;0;0;0;0;;;;;
2025-10-08;O_AKBNKE1025C60.00;AKBNK_10/2025_AVRUPA_OPSIYON;D_EQ;SSO;D_EQ_ECP;DE_AKBNK_ECP;AKBNK.E;2025-10-31;2.28;2.89;-21.11;0;0;0;0;0;0;0;0;0;0;0;;;;;
2025-10-08;O_AKBNKE1025C62.00;AKBNK_10/2025_AVRUPA_OPSIYON;D_EQ;SSO;D_EQ_ECP;DE_AKBNK_ECP;AKBNK.E;2025-10-31;1.52;2;-24;1.98;1.98;1.98;1.98;1.98;93000;2970;15;1;270;0;;;;;
2025-10-08;O_AKBNKE1025C64.00;AKBNK_10/2025_AVRUPA_OPSIYON;D_EQ;SSO;D_EQ_ECP;DE_AKBNK_ECP;AKBNK.E;2025-10-31;1;1.35;-25.93;0;0;0;0;0;0;0;0;0;398;0;;;;;
2025-10-08;O_AKBNKE1025C66.00;AKBNK_10/2025_AVRUPA_OPSIYON;D_EQ;SSO;D_EQ_ECP;DE_AKBNK_ECP;AKBNK.E;2025-10-31;0.64;0.89;-28.09;0;0;0;0;0;0;0;0;0;1416;0;;;;;
2025-10-08;O_AKBNKE1025C68.00;AKBNK_10/2025_AVRUPA_OPSIYON;D_EQ;SSO;D_EQ_ECP;DE_AKBNK_ECP;AKBNK.E;2025-10-31;0.4;0.58;-31.03;0;0;0;0;0;0;0;0;0;1300;0;;;;;
2025-10-08;O_AKBNKE1025C70.00;AKBNK_10/2025_AVRUPA_OPSIYON;D_EQ;SSO;D_EQ_ECP;DE_AKBNK_ECP;AKBNK.E;2025-10-31;0.25;0.37;-32.43;0;0;0;0;0;0;0;0;0;54;0;;;;;
2025-10-08;O_AKBNKE1025C72.00;AKBNK_10/2025_AVRUPA_OPSIYON;D_EQ;SSO;D_EQ_ECP;DE_AKBNK_ECP;AKBNK.E;2025-10-31;0.15;0.23;-34.78;0;0;0;0;0;0;0;0;0;50;0;;;;;
2025-10-08;O_AKBNKE1025C74.00;AKBNK_10/2025_AVRUPA_OPSIYON;D_EQ;SSO;D_EQ_ECP;DE_AKBNK_ECP;AKBNK.E;2025-10-31;0.09;0.14;-35.71;0;0;0;0;0;0;0;0;0;50;0;;;;;
2025-10-08;O_AKBNKE1025C76.00;AKBNK_10/2025_AVRUPA_OPSIYON;D_EQ;SSO;D_EQ_ECP;DE_AKBNK_ECP;AKBNK.E;2025-10-31;0.05;0.09;-44.44;0;0;0;0;0;0;0;0;0;388;0;;;;;
2025-10-08;O_AKBNKE1025C78.00;AKBNK_10/2025_AVRUPA_OPSIYON;D_EQ;SSO;D_EQ_ECP;DE_AKBNK_ECP;AKBNK.E;2025-10-31;0.03;0.05;-40;0;0;0;0;0;0;0;0;0;111;0;;;;;
2025-10-08;O_AKBNKE1025C80.00;AKBNK_10/2025_AVRUPA_OPSIYON;D_EQ;SSO;D_EQ_ECP;DE_AKBNK_ECP;AKBNK.E;2025-10-31;0.02;0.03;-33.33;0;0;0;0;0;0;0;0;0;5;0;;;;;
2025-10-08;O_AKBNKE1025C82.00;AKBNK_10/2025_AVRUPA_OPSIYON;D_EQ;SSO;D_EQ_ECP;DE_AKBNK_ECP;AKBNK.E;2025-10-31;0.01;0.02;-50;0;0;0;0;0;0;0;0;0;0;0;;;;;
2025-10-08;O_AKBNKE1025C84.00;AKBNK_10/2025_AVRUPA_OPSIYON;D_EQ;SSO;D_EQ_ECP;DE_AKBNK_ECP;AKBNK.E;2025-10-31;0.01;0.01;0;0;0;0;0;0;0;0;0;0;0;0;;;;;
2025-10-08;O_AKBNKE1025C86.00;AKBNK_10/2025_AVRUPA_OPSIYON;D_EQ;SSO;D_EQ_ECP;DE_AKBNK_ECP;AKBNK.E;2025-10-31;0.01;0.01;0;0;0;0;0;0;0;0;0;0;167;0;;;;;
2025-10-08;O_AKBNKE1025C88.00;AKBNK_10/2025_AVRUPA_OPSIYON;D_EQ;SSO;D_EQ_ECP;DE_AKBNK_ECP;AKBNK.E;2025-10-31;0.01;0.01;0;0;0;0;0;0;0;0;0;0;0;0;;;;;
2025-10-08;O_AKBNKE1025P49.00;AKBNK_10/2025_AVRUPA_OPSIYON;D_EQ;SSO;D_EQ_EPP;DE_AKBNK_EPP;AKBNK.E;2025-10-31;0.11;0.09;22.22;0;0;0;0;0;0;0;0;0;0;0;;;;;
2025-10-08;O_AKBNKE1025P50.00;AKBNK_10/2025_AVRUPA_OPSIYON;D_EQ;SSO;D_EQ_EPP;DE_AKBNK_EPP;AKBNK.E;2025-10-31;0.16;0.13;23.08;0;0;0;0;0;0;0;0;0;0;0;;;;;
2025-10-08;O_AKBNKE1025P52.00;AKBNK_10/2025_AVRUPA_OPSIYON;D_EQ;SSO;D_EQ_EPP;DE_AKBNK_EPP;AKBNK.E;2025-10-31;0.34;0.27;25.93;0;0;0;0;0;0;0;0;0;0;0;;;;;
2025-10-08;O_AKBNKE1025P54.00;AKBNK_10/2025_AVRUPA_OPSIYON;D_EQ;SSO;D_EQ_EPP;DE_AKBNK_EPP;AKBNK.E;2025-10-31;0.63;0.51;23.53;0;0;0;0;0;0;0;0;0;1513;0;;;;;
2025-10-08;O_AKBNKE1025P56.00;AKBNK_10/2025_AVRUPA_OPSIYON;D_EQ;SSO;D_EQ_EPP;DE_AKBNK_EPP;AKBNK.E;2025-10-31;1.1;0.9;22.22;0;0;0;0;0;0;0;0;0;4959;0;;;;;
2025-10-08;O_AKBNKE1025P58.00;AKBNK_10/2025_AVRUPA_OPSIYON;D_EQ;SSO;D_EQ_EPP;DE_AKBNK_EPP;AKBNK.E;2025-10-31;1.81;1.48;22.3;0;0;0;0;0;0;0;0;0;4829;0;;;;;
2025-10-08;O_AKBNKE1025P60.00;AKBNK_10/2025_AVRUPA_OPSIYON;D_EQ;SSO;D_EQ_EPP;DE_AKBNK_EPP;AKBNK.E;2025-10-31;2.76;2.31;19.48;2.48;2.38;2.54;2.54;2.39;1896000;75404;316;7;2511;300;;;;;
2025-10-08;O_AKBNKE1025P62.00;AKBNK_10/2025_AVRUPA_OPSIYON;D_EQ;SSO;D_EQ_EPP;DE_AKBNK_EPP;AKBNK.E;2025-10-31;3.96;3.37;17.51;0;0;0;0;0;0;0;0;0;810;0;;;;;
2025-10-08;O_AKBNKE1025P64.00;AKBNK_10/2025_AVRUPA_OPSIYON;D_EQ;SSO;D_EQ_EPP;DE_AKBNK_EPP;AKBNK.E;2025-10-31;5.38;4.67;15.2;0;0;0;0;0;0;0;0;0;161;0;;;;;
2025-10-08;O_AKBNKE1025P66.00;AKBNK_10/2025_AVRUPA_OPSIYON;D_EQ;SSO;D_EQ_EPP;DE_AKBNK_EPP;AKBNK.E;2025-10-31;6.98;6.16;13.31;0;0;0;0;0;0;0;0;0;167;0;;;;;
2025-10-08;O_AKBNKE1025P68.00;AKBNK_10/2025_AVRUPA_OPSIYON;D_EQ;SSO;D_EQ_EPP;DE_AKBNK_EPP;AKBNK.E;2025-10-31;8.69;7.8;11.41;0;0;0;0;0;0;0;0;0;10;0;;;;;
2025-10-08;O_AKBNKE1025P70.00;AKBNK_10/2025_AVRUPA_OPSIYON;D_EQ;SSO;D_EQ_EPP;DE_AKBNK_EPP;AKBNK.E;2025-10-31;10.49;9.54;9.96;0;0;0;0;0;0;0;0;0;2733;0;;;;;
2025-10-08;O_AKBNKE1025P72.00;AKBNK_10/2025_AVRUPA_OPSIYON;D_EQ;SSO;D_EQ_EPP;DE_AKBNK_EPP;AKBNK.E;2025-10-31;12.35;11.35;8.81;0;0;0;0;0;0;0;0;0;100;0;;;;;
2025-10-08;O_AKBNKE1025P74.00;AKBNK_10/2025_AVRUPA_OPSIYON;D_EQ;SSO;D_EQ_EPP;DE_AKBNK_EPP;AKBNK.E;2025-10-31;14.24;13.22;7.72;0;0;0;0;0;0;0;0;0;150;0;;;;;
2025-10-08;O_AKBNKE1025P76.00;AKBNK_10/2025_AVRUPA_OPSIYON;D_EQ;SSO;D_EQ_EPP;DE_AKBNK_EPP;AKBNK.E;2025-10-31;16.16;15.11;6.95;0;0;0;0;0;0;0;0;0;163;0;;;;;
2025-10-08;O_AKBNKE1025P78.00;AKBNK_10/2025_AVRUPA_OPSIYON;D_EQ;SSO;D_EQ_EPP;DE_AKBNK_EPP;AKBNK.E;2025-10-31;18.09;17.03;6.22;0;0;0;0;0;0;0;0;0;0;0;;;;;
2025-10-08;O_AKBNKE1125C60.00;AKBNK_11/2025_AVRUPA_OPSIYON;D_EQ;SSO;D_EQ_ECP;DE_AKBNK_ECP;AKBNK.E;2025-11-28;4.33;5.02;-13.75;0;0;0;0;0;0;0;0;0;2;0;;;;;
2025-10-08;O_AKBNKE1125C62.00;AKBNK_11/2025_AVRUPA_OPSIYON;D_EQ;SSO;D_EQ_ECP;DE_AKBNK_ECP;AKBNK.E;2025-11-28;3.42;4.01;-14.71;0;0;0;0;0;0;0;0;0;0;0;;;;;
2025-10-08;O_AKBNKE1125C64.00;AKBNK_11/2025_AVRUPA_OPSIYON;D_EQ;SSO;D_EQ_ECP;DE_AKBNK_ECP;AKBNK.E;2025-11-28;2.67;3.18;-16.04;0;0;0;0;0;0;0;0;0;2;0;;;;;
2025-10-08;O_AKBNKE1125C66.00;AKBNK_11/2025_AVRUPA_OPSIYON;D_EQ;SSO;D_EQ_ECP;DE_AKBNK_ECP;AKBNK.E;2025-11-28;2.09;2.5;-16.4;0;0;0;0;0;0;0;0;0;0;0;;;;;
2025-10-08;O_AKBNKE1125C68.00;AKBNK_11/2025_AVRUPA_OPSIYON;D_EQ;SSO;D_EQ_ECP;DE_AKBNK_ECP;AKBNK.E;2025-11-28;1.63;1.96;-16.84;0;0;0;0;0;0;0;0;0;0;0;;;;;
2025-10-08;O_AKBNKE1125C70.00;AKBNK_11/2025_AVRUPA_OPSIYON;D_EQ;SSO;D_EQ_ECP;DE_AKBNK_ECP;AKBNK.E;2025-11-28;1.26;1.54;-18.18;0;0;0;0;0;0;0;0;0;2;0;;;;;
2025-10-08;O_AKBNKE1125C72.00;AKBNK_11/2025_AVRUPA_OPSIYON;D_EQ;SSO;D_EQ_ECP;DE_AKBNK_ECP;AKBNK.E;2025-11-28;0.97;1.2;-19.17;0;0;0;0;0;0;0;0;0;0;0;;;;;
2025-10-08;O_AKBNKE1125C74.00;AKBNK_11/2025_AVRUPA_OPSIYON;D_EQ;SSO;D_EQ_ECP;DE_AKBNK_ECP;AKBNK.E;2025-11-28;0.75;0.94;-20.21;0;0;0;0;0;0;0;0;0;0;0;;;;;
2025-10-08;O_AKBNKE1125C76.00;AKBNK_11/2025_AVRUPA_OPSIYON;D_EQ;SSO;D_EQ_ECP;DE_AKBNK_ECP;AKBNK.E;2025-11-28;0.58;0.73;-20.55;0;0;0;0;0;0;0;0;0;200;0;;;;;
2025-10-08;O_AKBNKE1125C78.00;AKBNK_11/2025_AVRUPA_OPSIYON;D_EQ;SSO;D_EQ_ECP;DE_AKBNK_ECP;AKBNK.E;2025-11-28;0.45;0.57;-21.05;0;0;0;0;0;0;0;0;0;0;0;;;;;
2025-10-08;O_AKBNKE1125C80.00;AKBNK_11/2025_AVRUPA_OPSIYON;D_EQ;SSO;D_EQ_ECP;DE_AKBNK_ECP;AKBNK.E;2025-11-28;0.35;0.44;-20.45;0;0;0;0;0;0;0;0;0;23;0;;;;;
2025-10-08;O_AKBNKE1125C82.00;AKBNK_11/2025_AVRUPA_OPSIYON;D_EQ;SSO;D_EQ_ECP;DE_AKBNK_ECP;AKBNK.E;2025-11-28;0.27;0.34;-20.59;0;0;0;0;0;0;0;0;0;0;0;;;;;
2025-10-08;O_AKBNKE1125C84.00;AKBNK_11/2025_AVRUPA_OPSIYON;D_EQ;SSO;D_EQ_ECP;DE_AKBNK_ECP;AKBNK.E;2025-11-28;0.21;0.27;-22.22;0;0;0;0;0;0;0;0;0;200;0;;;;;
2025-10-08;O_AKBNKE1125C86.00;AKBNK_11/2025_AVRUPA_OPSIYON;D_EQ;SSO;D_EQ_ECP;DE_AKBNK_ECP;AKBNK.E;2025-11-28;0.16;0.21;-23.81;0;0;0;0;0;0;0;0;0;20;0;;;;;
2025-10-08;O_AKBNKE1125C88.00;AKBNK_11/2025_AVRUPA_OPSIYON;D_EQ;SSO;D_EQ_ECP;DE_AKBNK_ECP;AKBNK.E;2025-11-28;0.13;0.16;-18.75;0;0;0;0;0;0;0;0;0;0;0;;;;;
2025-10-08;O_AKBNKE1125P50.00;AKBNK_11/2025_AVRUPA_OPSIYON;D_EQ;SSO;D_EQ_EPP;DE_AKBNK_EPP;AKBNK.E;2025-11-28;0.52;0.44;18.18;0;0;0;0;0;0;0;0;0;0;0;;;;;
2025-10-08;O_AKBNKE1125P52.00;AKBNK_11/2025_AVRUPA_OPSIYON;D_EQ;SSO;D_EQ_EPP;DE_AKBNK_EPP;AKBNK.E;2025-11-28;0.79;0.69;14.49;0;0;0;0;0;0;0;0;0;535;0;;;;;
2025-10-08;O_AKBNKE1125P54.00;AKBNK_11/2025_AVRUPA_OPSIYON;D_EQ;SSO;D_EQ_EPP;DE_AKBNK_EPP;AKBNK.E;2025-11-28;1.17;1.02;14.71;1.32;1.32;1.32;1.32;1.32;2511000;61380;465;5;465;465;;;;;
2025-10-08;O_AKBNKE1125P56.00;AKBNK_11/2025_AVRUPA_OPSIYON;D_EQ;SSO;D_EQ_EPP;DE_AKBNK_EPP;AKBNK.E;2025-11-28;1.67;1.46;14.38;1.7;1.7;1.7;1.7;1.7;56000;1700;10;6;10;10;;;;;
2025-10-08;O_AKBNKE1125P58.00;AKBNK_11/2025_AVRUPA_OPSIYON;D_EQ;SSO;D_EQ_EPP;DE_AKBNK_EPP;AKBNK.E;2025-11-28;2.31;2.03;13.79;2.32;2.13;2.32;2.13;2.23;116000;4450;20;12;1127;20;;;;;
2025-10-08;O_AKBNKE1125P60.00;AKBNK_11/2025_AVRUPA_OPSIYON;D_EQ;SSO;D_EQ_EPP;DE_AKBNK_EPP;AKBNK.E;2025-11-28;3.13;2.75;13.82;2.83;2.83;2.83;2.83;2.83;60000;2830;10;6;20;10;;;;;
2025-10-08;O_AKBNKE1125P62.00;AKBNK_11/2025_AVRUPA_OPSIYON;D_EQ;SSO;D_EQ_EPP;DE_AKBNK_EPP;AKBNK.E;2025-11-28;4.12;3.65;12.88;0;0;0;0;0;0;0;0;0;0;0;;;;;
2025-10-08;O_AKBNKE1125P64.00;AKBNK_11/2025_AVRUPA_OPSIYON;D_EQ;SSO;D_EQ_EPP;DE_AKBNK_EPP;AKBNK.E;2025-11-28;5.26;4.7;11.91;0;0;0;0;0;0;0;0;0;0;0;;;;;
2025-10-08;O_AKBNKE1125P66.00;AKBNK_11/2025_AVRUPA_OPSIYON;D_EQ;SSO;D_EQ_EPP;DE_AKBNK_EPP;AKBNK.E;2025-11-28;6.58;5.92;11.15;0;0;0;0;0;0;0;0;0;0;0;;;;;
2025-10-08;O_AKBNKE1125P68.00;AKBNK_11/2025_AVRUPA_OPSIYON;D_EQ;SSO;D_EQ_EPP;DE_AKBNK_EPP;AKBNK.E;2025-11-28;8.01;7.28;10.03;7.94;7.94;7.94;7.94;7.94;6800;794;1;1;10;0;;;;;
2025-10-08;O_AKBNKE1125P70.00;AKBNK_11/2025_AVRUPA_OPSIYON;D_EQ;SSO;D_EQ_EPP;DE_AKBNK_EPP;AKBNK.E;2025-11-28;9.54;8.75;9.03;0;0;0;0;0;0;0;0;0;0;0;;;;;
2025-10-08;O_AKBNKE1125P72.00;AKBNK_11/2025_AVRUPA_OPSIYON;D_EQ;SSO;D_EQ_EPP;DE_AKBNK_EPP;AKBNK.E;2025-11-28;11.15;10.31;8.15;0;0;0;0;0;0;0;0;0;10;0;;;;;
2025-10-08;O_AKBNKE1125P74.00;AKBNK_11/2025_AVRUPA_OPSIYON;D_EQ;SSO;D_EQ_EPP;DE_AKBNK_EPP;AKBNK.E;2025-11-28;12.83;11.94;7.45;0;0;0;0;0;0;0;0;0;50;0;;;;;
2025-10-08;O_AKBNKE1125P76.00;AKBNK_11/2025_AVRUPA_OPSIYON;D_EQ;SSO;D_EQ_EPP;DE_AKBNK_EPP;AKBNK.E;2025-11-28;14.55;13.62;6.83;0;0;0;0;0;0;0;0;0;115;0;;;;;
2025-10-08;O_AKBNKE1125P78.00;AKBNK_11/2025_AVRUPA_OPSIYON;D_EQ;SSO;D_EQ_EPP;DE_AKBNK_EPP;AKBNK.E;2025-11-28;16.31;15.35;6.25;0;0;0;0;0;0;0;0;0;150;0;;;;;
2025-10-08;O_AKBNKE1225C62.00;AKBNK_12/2025_AVRUPA_OPSIYON;D_EQ;SSO;D_EQ_ECP;DE_AKBNK_ECP;AKBNK.E;2025-12-31;5.98;6.69;-10.61;0;0;0;0;0;0;0;0;0;0;0;;;;;
2025-10-08;O_AKBNKE1225C64.00;AKBNK_12/2025_AVRUPA_OPSIYON;D_EQ;SSO;D_EQ_ECP;DE_AKBNK_ECP;AKBNK.E;2025-12-31;5.06;5.71;-11.38;0;0;0;0;0;0;0;0;0;0;0;;;;;
2025-10-08;O_AKBNKE1225C66.00;AKBNK_12/2025_AVRUPA_OPSIYON;D_EQ;SSO;D_EQ_ECP;DE_AKBNK_ECP;AKBNK.E;2025-12-31;4.27;4.84;-11.78;0;0;0;0;0;0;0;0;0;0;0;;;;;
2025-10-08;O_AKBNKE1225C68.00;AKBNK_12/2025_AVRUPA_OPSIYON;D_EQ;SSO;D_EQ_ECP;DE_AKBNK_ECP;AKBNK.E;2025-12-31;3.61;4.1;-11.95;0;0;0;0;0;0;0;0;0;0;0;;;;;
2025-10-08;O_AKBNKE1225C70.00;AKBNK_12/2025_AVRUPA_OPSIYON;D_EQ;SSO;D_EQ_ECP;DE_AKBNK_ECP;AKBNK.E;2025-12-31;3.06;3.49;-12.32;0;0;0;0;0;0;0;0;0;0;0;;;;;
2025-10-08;O_AKBNKE1225C72.00;AKBNK_12/2025_AVRUPA_OPSIYON;D_EQ;SSO;D_EQ_ECP;DE_AKBNK_ECP;AKBNK.E;2025-12-31;2.59;2.97;-12.79;0;0;0;0;0;0;0;0;0;0;0;;;;;
2025-10-08;O_AKBNKE1225C74.00;AKBNK_12/2025_AVRUPA_OPSIYON;D_EQ;SSO;D_EQ_ECP;DE_AKBNK_ECP;AKBNK.E;2025-12-31;2.19;2.52;-13.1;0;0;0;0;0;0;0;0;0;0;0;;;;;
2025-10-08;O_AKBNKE1225C76.00;AKBNK_12/2025_AVRUPA_OPSIYON;D_EQ;SSO;D_EQ_ECP;DE_AKBNK_ECP;AKBNK.E;2025-12-31;1.85;2.14;-13.55;0;0;0;0;0;0;0;0;0;0;0;;;;;
2025-10-08;O_AKBNKE1225C78.00;AKBNK_12/2025_AVRUPA_OPSIYON;D_EQ;SSO;D_EQ_ECP;DE_AKBNK_ECP;AKBNK.E;2025-12-31;1.57;1.82;-13.74;0;0;0;0;0;0;0;0;0;0;0;;;;;
2025-10-08;O_AKBNKE1225C80.00;AKBNK_12/2025_AVRUPA_OPSIYON;D_EQ;SSO;D_EQ_ECP;DE_AKBNK_ECP;AKBNK.E;2025-12-31;1.33;1.55;-14.19;0;0;0;0;0;0;0;0;0;0;0;;;;;
2025-10-08;O_AKBNKE1225C82.00;AKBNK_12/2025_AVRUPA_OPSIYON;D_EQ;SSO;D_EQ_ECP;DE_AKBNK_ECP;AKBNK.E;2025-12-31;1.13;1.32;-14.39;0;0;0;0;0;0;0;0;0;0;0;;;;;
2025-10-08;O_AKBNKE1225P52.00;AKBNK_12/2025_AVRUPA_OPSIYON;D_EQ;SSO;D_EQ_EPP;DE_AKBNK_EPP;AKBNK.E;2025-12-31;0.98;0.88;11.36;0;0;0;0;0;0;0;0;0;0;0;;;;;
2025-10-08;O_AKBNKE1225P54.00;AKBNK_12/2025_AVRUPA_OPSIYON;D_EQ;SSO;D_EQ_EPP;DE_AKBNK_EPP;AKBNK.E;2025-12-31;1.33;1.19;11.76;0;0;0;0;0;27000000;575000;5000;1;10000;5000;;;;;
2025-10-08;O_AKBNKE1225P56.00;AKBNK_12/2025_AVRUPA_OPSIYON;D_EQ;SSO;D_EQ_EPP;DE_AKBNK_EPP;AKBNK.E;2025-12-31;1.76;1.58;11.39;0;0;0;0;0;0;0;0;0;0;0;;;;;
2025-10-08;O_AKBNKE1225P58.00;AKBNK_12/2025_AVRUPA_OPSIYON;D_EQ;SSO;D_EQ_EPP;DE_AKBNK_EPP;AKBNK.E;2025-12-31;2.28;2.06;10.68;0;0;0;0;0;0;0;0;0;0;0;;;;;
2025-10-08;O_AKBNKE1225P60.00;AKBNK_12/2025_AVRUPA_OPSIYON;D_EQ;SSO;D_EQ_EPP;DE_AKBNK_EPP;AKBNK.E;2025-12-31;2.89;2.62;10.31;0;0;0;0;0;0;0;0;0;0;0;;;;;
2025-10-08;O_AKBNKE1225P62.00;AKBNK_12/2025_AVRUPA_OPSIYON;D_EQ;SSO;D_EQ_EPP;DE_AKBNK_EPP;AKBNK.E;2025-12-31;3.65;3.29;10.94;0;0;0;0;0;0;0;0;0;0;0;;;;;
2025-10-08;O_AKBNKE1225P64.00;AKBNK_12/2025_AVRUPA_OPSIYON;D_EQ;SSO;D_EQ_EPP;DE_AKBNK_EPP;AKBNK.E;2025-12-31;4.53;4.11;10.22;0;0;0;0;0;0;0;0;0;0;0;;;;;
2025-10-08;O_AKBNKE1225P66.00;AKBNK_12/2025_AVRUPA_OPSIYON;D_EQ;SSO;D_EQ_EPP;DE_AKBNK_EPP;AKBNK.E;2025-12-31;5.54;5.04;9.92;0;0;0;0;0;0;0;0;0;0;0;;;;;
2025-10-08;O_AKBNKE1225P68.00;AKBNK_12/2025_AVRUPA_OPSIYON;D_EQ;SSO;D_EQ_EPP;DE_AKBNK_EPP;AKBNK.E;2025-12-31;6.68;6.09;9.69;0;0;0;0;0;0;0;0;0;0;0;;;;;
2025-10-08;O_AKBNKE1225P70.00;AKBNK_12/2025_AVRUPA_OPSIYON;D_EQ;SSO;D_EQ_EPP;DE_AKBNK_EPP;AKBNK.E;2025-12-31;7.92;7.28;8.79;0;0;0;0;0;0;0;0;0;0;0;;;;;
2025-10-08;O_AKBNKE1225P72.00;AKBNK_12/2025_AVRUPA_OPSIYON;D_EQ;SSO;D_EQ_EPP;DE_AKBNK_EPP;AKBNK.E;2025-12-31;9.25;8.55;8.19;0;0;0;0;0;0;0;0;0;0;0;;;;;
2025-10-08;O_ALARKE1025C100.00;ALARK_10/2025_AVRUPA_OPSIYON;D_EQ;SSO;D_EQ_ECP;DE_ALARK_ECP;ALARK.E;2025-10-31;0.17;0.21;-19.05;0;0;0;0;0;0;0;0;0;0;0;;;;;
2025-10-08;O_ALARKE1025C105.00;ALARK_10/2025_AVRUPA_OPSIYON;D_EQ;SSO;D_EQ_ECP;DE_ALARK_ECP;ALARK.E;2025-10-31;0.09;0.11;-18.18;0;0;0;0;0;0;0;0;0;0;0;;;;;
2025-10-08;O_ALARKE1025C110.00;ALARK_10/2025_AVRUPA_OPSIYON;D_EQ;SSO;D_EQ_ECP;DE_ALARK_ECP;ALARK.E;2025-10-31;0.05;0.06;-16.67;0;0;0;0;0;0;0;0;0;0;0;;;;;
2025-10-08;O_ALARKE1025C115.00;ALARK_10/2025_AVRUPA_OPSIYON;D_EQ;SSO;D_EQ_ECP;DE_ALARK_ECP;ALARK.E;2025-10-31;0.03;0.04;-25;0;0;0;0;0;0;0;0;0;0;0;;;;;
2025-10-08;O_ALARKE1025C120.00;ALARK_10/2025_AVRUPA_OPSIYON;D_EQ;SSO;D_EQ_ECP;DE_ALARK_ECP;ALARK.E;2025-10-31;0.02;0.03;-33.33;0;0;0;0;0;0;0;0;0;0;0;;;;;
2025-10-08;O_ALARKE1025C125.00;ALARK_10/2025_AVRUPA_OPSIYON;D_EQ;SSO;D_EQ_ECP;DE_ALARK_ECP;ALARK.E;2025-10-31;0.02;0.02;0;0;0;0;0;0;0;0;0;0;0;0;;;;;
2025-10-08;O_ALARKE1025C130.00;ALARK_10/2025_AVRUPA_OPSIYON;D_EQ;SSO;D_EQ_ECP;DE_ALARK_ECP;ALARK.E;2025-10-31;0.01;0.01;0;0;0;0;0;0;0;0;0;0;0;0;;;;;
2025-10-08;O_ALARKE1025C135.00;ALARK_10/2025_AVRUPA_OPSIYON;D_EQ;SSO;D_EQ_ECP;DE_ALARK_ECP;ALARK.E;2025-10-31;0.01;0.01;0;0;0;0;0;0;0;0;0;0;0;0;;;;;
2025-10-08;O_ALARKE1025C78.00;ALARK_10/2025_AVRUPA_OPSIYON;D_EQ;SSO;D_EQ_ECP;DE_ALARK_ECP;ALARK.E;2025-10-31;4.34;5.06;-14.23;0;0;0;0;0;0;0;0;0;0;0;;;;;
2025-10-08;O_ALARKE1025C80.00;ALARK_10/2025_AVRUPA_OPSIYON;D_EQ;SSO;D_EQ_ECP;DE_ALARK_ECP;ALARK.E;2025-10-31;3.25;3.87;-16.02;0;0;0;0;0;0;0;0;0;77;0;;;;;
2025-10-08;O_ALARKE1025C82.00;ALARK_10/2025_AVRUPA_OPSIYON;D_EQ;SSO;D_EQ_ECP;DE_ALARK_ECP;ALARK.E;2025-10-31;2.38;2.89;-17.65;0;0;0;0;0;0;0;0;0;532;0;;;;;
2025-10-08;O_ALARKE1025C84.00;ALARK_10/2025_AVRUPA_OPSIYON;D_EQ;SSO;D_EQ_ECP;DE_ALARK_ECP;ALARK.E;2025-10-31;1.7;2.12;-19.81;0;0;0;0;0;0;0;0;0;130;0;;;;;
2025-10-08;O_ALARKE1025C86.00;ALARK_10/2025_AVRUPA_OPSIYON;D_EQ;SSO;D_EQ_ECP;DE_ALARK_ECP;ALARK.E;2025-10-31;1.24;1.54;-19.48;0;0;0;0;0;0;0;0;0;9;0;;;;;
2025-10-08;O_ALARKE1025C88.00;ALARK_10/2025_AVRUPA_OPSIYON;D_EQ;SSO;D_EQ_ECP;DE_ALARK_ECP;ALARK.E;2025-10-31;0.92;1.14;-19.3;0;0;0;0;0;0;0;0;0;682;0;;;;;
2025-10-08;O_ALARKE1025C90.00;ALARK_10/2025_AVRUPA_OPSIYON;D_EQ;SSO;D_EQ_ECP;DE_ALARK_ECP;ALARK.E;2025-10-31;0.68;0.85;-20;0;0;0;0;0;0;0;0;0;750;0;;;;;
2025-10-08;O_ALARKE1025C92.00;ALARK_10/2025_AVRUPA_OPSIYON;D_EQ;SSO;D_EQ_ECP;DE_ALARK_ECP;ALARK.E;2025-10-31;0.5;0.63;-20.63;0;0;0;0;0;0;0;0;0;0;0;;;;;
2025-10-08;O_ALARKE1025C94.00;ALARK_10/2025_AVRUPA_OPSIYON;D_EQ;SSO;D_EQ_ECP;DE_ALARK_ECP;ALARK.E;2025-10-31;0.38;0.47;-19.15;0;0;0;0;0;0;0;0;0;0;0;;;;;
2025-10-08;O_ALARKE1025C96.00;ALARK_10/2025_AVRUPA_OPSIYON;D_EQ;SSO;D_EQ_ECP;DE_ALARK_ECP;ALARK.E;2025-10-31;0.28;0.36;-22.22;0;0;0;0;0;0;0;0;0;750;0;;;;;
2025-10-08;O_ALARKE1025C98.00;ALARK_10/2025_AVRUPA_OPSIYON;D_EQ;SSO;D_EQ_ECP;DE_ALARK_ECP;ALARK.E;2025-10-31;0.22;0.27;-18.52;0;0;0;0;0;0;0;0;0;0;0;;;;;
2025-10-08;O_ALARKE1025P100.00;ALARK_10/2025_AVRUPA_OPSIYON;D_EQ;SSO;D_EQ_EPP;DE_ALARK_EPP;ALARK.E;2025-10-31;19.3;18.34;5.23;0;0;0;0;0;0;0;0;0;0;0;;;;;
2025-10-08;O_ALARKE1025P105.00;ALARK_10/2025_AVRUPA_OPSIYON;D_EQ;SSO;D_EQ_EPP;DE_ALARK_EPP;ALARK.E;2025-10-31;24.11;23.12;4.28;0;0;0;0;0;0;0;0;0;0;0;;;;;
2025-10-08;O_ALARKE1025P110.00;ALARK_10/2025_AVRUPA_OPSIYON;D_EQ;SSO;D_EQ_EPP;DE_ALARK_EPP;ALARK.E;2025-10-31;28.95;27.95;3.58;0;0;0;0;0;0;0;0;0;0;0;;;;;
2025-10-08;O_ALARKE1025P68.00;ALARK_10/2025_AVRUPA_OPSIYON;D_EQ;SSO;D_EQ_EPP;DE_ALARK_EPP;ALARK.E;2025-10-31;0.24;0.21;14.29;0;0;0;0;0;0;0;0;0;0;0;;;;;
2025-10-08;O_ALARKE1025P70.00;ALARK_10/2025_AVRUPA_OPSIYON;D_EQ;SSO;D_EQ_EPP;DE_ALARK_EPP;ALARK.E;2025-10-31;0.38;0.34;11.76;0;0;0;0;0;0;0;0;0;0;0;;;;;
2025-10-08;O_ALARKE1025P72.00;ALARK_10/2025_AVRUPA_OPSIYON;D_EQ;SSO;D_EQ_EPP;DE_ALARK_EPP;ALARK.E;2025-10-31;0.6;0.53;13.21;0;0;0;0;0;0;0;0;0;0;0;;;;;
2025-10-08;O_ALARKE1025P74.00;ALARK_10/2025_AVRUPA_OPSIYON;D_EQ;SSO;D_EQ_EPP;DE_ALARK_EPP;ALARK.E;2025-10-31;0.91;0.8;13.75;0;0;0;0;0;0;0;0;0;0;0;;;;;
2025-10-08;O_ALARKE1025P76.00;ALARK_10/2025_AVRUPA_OPSIYON;D_EQ;SSO;D_EQ_EPP;DE_ALARK_EPP;ALARK.E;2025-10-31;1.35;1.19;13.45;0;0;0;0;0;0;0;0;0;0;0;;;;;
2025-10-08;O_ALARKE1025P78.00;ALARK_10/2025_AVRUPA_OPSIYON;D_EQ;SSO;D_EQ_EPP;DE_ALARK_EPP;ALARK.E;2025-10-31;2;1.73;15.61;0;0;0;0;0;0;0;0;0;193;0;;;;;
2025-10-08;O_ALARKE1025P80.00;ALARK_10/2025_AVRUPA_OPSIYON;D_EQ;SSO;D_EQ_EPP;DE_ALARK_EPP;ALARK.E;2025-10-31;2.85;2.5;14;0;0;0;0;0;0;0;0;0;1065;0;;;;;
2025-10-08;O_ALARKE1025P82.00;ALARK_10/2025_AVRUPA_OPSIYON;D_EQ;SSO;D_EQ_EPP;DE_ALARK_EPP;ALARK.E;2025-10-31;3.94;3.47;13.54;0;0;0;0;0;0;0;0;0;189;0;;;;;
2025-10-08;O_ALARKE1025P84.00;ALARK_10/2025_AVRUPA_OPSIYON;D_EQ;SSO;D_EQ_EPP;DE_ALARK_EPP;ALARK.E;2025-10-31;5.22;4.65;12.26;0;0;0;0;0;0;0;0;0;20;0;;;;;
2025-10-08;O_ALARKE1025P86.00;ALARK_10/2025_AVRUPA_OPSIYON;D_EQ;SSO;D_EQ_EPP;DE_ALARK_EPP;ALARK.E;2025-10-31;6.71;6.02;11.46;0;0;0;0;0;0;0;0;0;12;0;;;;;
2025-10-08;O_ALARKE1025P88.00;ALARK_10/2025_AVRUPA_OPSIYON;D_EQ;SSO;D_EQ_EPP;DE_ALARK_EPP;ALARK.E;2025-10-31;8.33;7.57;10.04;0;0;0;0;0;0;0;0;0;0;0;;;;;
2025-10-08;O_ALARKE1025P90.00;ALARK_10/2025_AVRUPA_OPSIYON;D_EQ;SSO;D_EQ_EPP;DE_ALARK_EPP;ALARK.E;2025-10-31;10.05;9.23;8.88;0;0;0;0;0;0;0;0;0;23;0;;;;;
2025-10-08;O_ALARKE1025P92.00;ALARK_10/2025_AVRUPA_OPSIYON;D_EQ;SSO;D_EQ_EPP;DE_ALARK_EPP;ALARK.E;2025-10-31;11.83;10.96;7.94;0;0;0;0;0;0;0;0;0;230;0;;;;;
2025-10-08;O_ALARKE1025P94.00;ALARK_10/2025_AVRUPA_OPSIYON;D_EQ;SSO;D_EQ_EPP;DE_ALARK_EPP;ALARK.E;2025-10-31;13.65;12.76;6.97;0;0;0;0;0;0;0;0;0;80;0;;;;;
2025-10-08;O_ALARKE1025P96.00;ALARK_10/2025_AVRUPA_OPSIYON;D_EQ;SSO;D_EQ_EPP;DE_ALARK_EPP;ALARK.E;2025-10-31;15.51;14.59;6.31;0;0;0;0;0;0;0;0;0;0;0;;;;;
2025-10-08;O_ALARKE1025P98.00;ALARK_10/2025_AVRUPA_OPSIYON;D_EQ;SSO;D_EQ_EPP;DE_ALARK_EPP;ALARK.E;2025-10-31;17.4;16.45;5.78;0;0;0;0;0;0;0;0;0;0;0;;;;;
2025-10-08;O_ALARKE1125C100.00;ALARK_11/2025_AVRUPA_OPSIYON;D_EQ;SSO;D_EQ_ECP;DE_ALARK_ECP;ALARK.E;2025-11-28;1.11;1.23;-9.76;0;0;0;0;0;0;0;0;0;120;0;;;;;
2025-10-08;O_ALARKE1125C105.00;ALARK_11/2025_AVRUPA_OPSIYON;D_EQ;SSO;D_EQ_ECP;DE_ALARK_ECP;ALARK.E;2025-11-28;0.82;0.89;-7.87;0;0;0;0;0;0;0;0;0;0;0;;;;;
2025-10-08;O_ALARKE1125C110.00;ALARK_11/2025_AVRUPA_OPSIYON;D_EQ;SSO;D_EQ_ECP;DE_ALARK_ECP;ALARK.E;2025-11-28;0.63;0.67;-5.97;0;0;0;0;0;0;0;0;0;0;0;;;;;
2025-10-08;O_ALARKE1125C115.00;ALARK_11/2025_AVRUPA_OPSIYON;D_EQ;SSO;D_EQ_ECP;DE_ALARK_ECP;ALARK.E;2025-11-28;0.5;0.52;-3.85;0;0;0;0;0;0;0;0;0;0;0;;;;;
2025-10-08;O_ALARKE1125C120.00;ALARK_11/2025_AVRUPA_OPSIYON;D_EQ;SSO;D_EQ_ECP;DE_ALARK_ECP;ALARK.E;2025-11-28;0.41;0.42;-2.38;0;0;0;0;0;0;0;0;0;0;0;;;;;
2025-10-08;O_ALARKE1125C80.00;ALARK_11/2025_AVRUPA_OPSIYON;D_EQ;SSO;D_EQ_ECP;DE_ALARK_ECP;ALARK.E;2025-11-28;5.94;6.62;-10.27;0;0;0;0;0;0;0;0;0;3;0;;;;;
2025-10-08;O_ALARKE1125C82.00;ALARK_11/2025_AVRUPA_OPSIYON;D_EQ;SSO;D_EQ_ECP;DE_ALARK_ECP;ALARK.E;2025-11-28;4.91;5.52;-11.05;0;0;0;0;0;0;0;0;0;7;0;;;;;
2025-10-08;O_ALARKE1125C84.00;ALARK_11/2025_AVRUPA_OPSIYON;D_EQ;SSO;D_EQ_ECP;DE_ALARK_ECP;ALARK.E;2025-11-28;4.04;4.56;-11.4;0;0;0;0;0;0;0;0;0;0;0;;;;;
2025-10-08;O_ALARKE1125C86.00;ALARK_11/2025_AVRUPA_OPSIYON;D_EQ;SSO;D_EQ_ECP;DE_ALARK_ECP;ALARK.E;2025-11-28;3.31;3.77;-12.2;0;0;0;0;0;0;0;0;0;0;0;;;;;
2025-10-08;O_ALARKE1125C88.00;ALARK_11/2025_AVRUPA_OPSIYON;D_EQ;SSO;D_EQ_ECP;DE_ALARK_ECP;ALARK.E;2025-11-28;2.75;3.09;-11;0;0;0;0;0;0;0;0;0;0;0;;;;;
2025-10-08;O_ALARKE1125C90.00;ALARK_11/2025_AVRUPA_OPSIYON;D_EQ;SSO;D_EQ_ECP;DE_ALARK_ECP;ALARK.E;2025-11-28;2.33;2.61;-10.73;0;0;0;0;0;0;0;0;0;0;0;;;;;
2025-10-08;O_ALARKE1125C92.00;ALARK_11/2025_AVRUPA_OPSIYON;D_EQ;SSO;D_EQ_ECP;DE_ALARK_ECP;ALARK.E;2025-11-28;1.98;2.22;-10.81;0;0;0;0;0;0;0;0;0;0;0;;;;;
2025-10-08;O_ALARKE1125C94.00;ALARK_11/2025_AVRUPA_OPSIYON;D_EQ;SSO;D_EQ_ECP;DE_ALARK_ECP;ALARK.E;2025-11-28;1.7;1.9;-10.53;0;0;0;0;0;0;0;0;0;0;0;;;;;
2025-10-08;O_ALARKE1125C96.00;ALARK_11/2025_AVRUPA_OPSIYON;D_EQ;SSO;D_EQ_ECP;DE_ALARK_ECP;ALARK.E;2025-11-28;1.46;1.63;-10.43;0;0;0;0;0;0;0;0;0;0;0;;;;;
2025-10-08;O_ALARKE1125C98.00;ALARK_11/2025_AVRUPA_OPSIYON;D_EQ;SSO;D_EQ_ECP;DE_ALARK_ECP;ALARK.E;2025-11-28;1.27;1.41;-9.93;0;0;0;0;0;0;0;0;0;0;0;;;;;
2025-10-08;O_ALARKE1125P70.00;ALARK_11/2025_AVRUPA_OPSIYON;D_EQ;SSO;D_EQ_EPP;DE_ALARK_EPP;ALARK.E;2025-11-28;0.99;0.9;10;0;0;0;0;0;0;0;0;0;0;0;;;;;
2025-10-08;O_ALARKE1125P72.00;ALARK_11/2025_AVRUPA_OPSIYON;D_EQ;SSO;D_EQ_EPP;DE_ALARK_EPP;ALARK.E;2025-11-28;1.28;1.17;9.4;0;0;0;0;0;0;0;0;0;0;0;;;;;
2025-10-08;O_ALARKE1125P74.00;ALARK_11/2025_AVRUPA_OPSIYON;D_EQ;SSO;D_EQ_EPP;DE_ALARK_EPP;ALARK.E;2025-11-28;1.64;1.5;9.33;0;0;0;0;0;0;0;0;0;0;0;;;;;
2025-10-08;O_ALARKE1125P76.00;ALARK_11/2025_AVRUPA_OPSIYON;D_EQ;SSO;D_EQ_EPP;DE_ALARK_EPP;ALARK.E;2025-11-28;2.07;1.9;8.95;0;0;0;0;0;0;0;0;0;5;0;;;;;
2025-10-08;O_ALARKE1125P78.00;ALARK_11/2025_AVRUPA_OPSIYON;D_EQ;SSO;D_EQ_EPP;DE_ALARK_EPP;ALARK.E;2025-11-28;2.6;2.39;8.79;0;0;0;0;0;0;0;0;0;3;0;;;;;
2025-10-08;O_ALARKE1125P80.00;ALARK_11/2025_AVRUPA_OPSIYON;D_EQ;SSO;D_EQ_EPP;DE_ALARK_EPP;ALARK.E;2025-11-28;3.31;3;10.33;0;0;0;0;0;0;0;0;0;10;0;;;;;
2025-10-08;O_ALARKE1125P82.00;ALARK_11/2025_AVRUPA_OPSIYON;D_EQ;SSO;D_EQ_EPP;DE_ALARK_EPP;ALARK.E;2025-11-28;4.17;3.8;9.74;0;0;0;0;0;0;0;0;0;0;0;;;;;
2025-10-08;O_ALARKE1125P84.00;ALARK_11/2025_AVRUPA_OPSIYON;D_EQ;SSO;D_EQ_EPP;DE_ALARK_EPP;ALARK.E;2025-11-28;5.19;4.73;9.73;0;0;0;0;0;0;0;0;0;0;0;;;;;
2025-10-08;O_ALARKE1125P86.00;ALARK_11/2025_AVRUPA_OPSIYON;D_EQ;SSO;D_EQ_EPP;DE_ALARK_EPP;ALARK.E;2025-11-28;6.36;5.83;9.09;0;0;0;0;0;0;0;0;0;0;0;;;;;
2025-10-08;O_ALARKE1125P88.00;ALARK_11/2025_AVRUPA_OPSIYON;D_EQ;SSO;D_EQ_EPP;DE_ALARK_EPP;ALARK.E;2025-11-28;7.7;7.05;9.22;0;0;0;0;0;0;0;0;0;0;0;;;;;
2025-10-08;O_ALARKE1125P90.00;ALARK_11/2025_AVRUPA_OPSIYON;D_EQ;SSO;D_EQ_EPP;DE_ALARK_EPP;ALARK.E;2025-11-28;9.17;8.47;8.26;0;0;0;0;0;0;0;0;0;0;0;;;;;
2025-10-08;O_ALARKE1125P92.00;ALARK_11/2025_AVRUPA_OPSIYON;D_EQ;SSO;D_EQ_EPP;DE_ALARK_EPP;ALARK.E;2025-11-28;10.72;9.97;7.52;0;0;0;0;0;0;0;0;0;0;0;;;;;
2025-10-08;O_ALARKE1125P94.00;ALARK_11/2025_AVRUPA_OPSIYON;D_EQ;SSO;D_EQ_EPP;DE_ALARK_EPP;ALARK.E;2025-11-28;12.34;11.55;6.84;0;0;0;0;0;0;0;0;0;0;0;;;;;
2025-10-08;O_ALARKE1125P96.00;ALARK_11/2025_AVRUPA_OPSIYON;D_EQ;SSO;D_EQ_EPP;DE_ALARK_EPP;ALARK.E;2025-11-28;14;13.17;6.3;0;0;0;0;0;0;0;0;0;0;0;;;;;
2025-10-08;O_ALARKE1125P98.00;ALARK_11/2025_AVRUPA_OPSIYON;D_EQ;SSO;D_EQ_EPP;DE_ALARK_EPP;ALARK.E;2025-11-28;15.7;14.85;5.72;0;0;0;0;0;0;0;0;0;0;0;;;;;
2025-10-08;O_ALARKE1225C100.00;ALARK_12/2025_AVRUPA_OPSIYON;D_EQ;SSO;D_EQ_ECP;DE_ALARK_ECP;ALARK.E;2025-12-31;2.93;3.14;-6.69;0;0;0;0;0;0;0;0;0;0;0;;;;;
2025-10-08;O_ALARKE1225C105.00;ALARK_12/2025_AVRUPA_OPSIYON;D_EQ;SSO;D_EQ_ECP;DE_ALARK_ECP;ALARK.E;2025-12-31;2.38;2.52;-5.56;0;0;0;0;0;0;0;0;0;0;0;;;;;
2025-10-08;O_ALARKE1225C82.00;ALARK_12/2025_AVRUPA_OPSIYON;D_EQ;SSO;D_EQ_ECP;DE_ALARK_ECP;ALARK.E;2025-12-31;8.39;9.12;-8;0;0;0;0;0;0;0;0;0;0;0;;;;;
2025-10-08;O_ALARKE1225C84.00;ALARK_12/2025_AVRUPA_OPSIYON;D_EQ;SSO;D_EQ_ECP;DE_ALARK_ECP;ALARK.E;2025-12-31;7.33;8;-8.38;0;0;0;0;0;0;0;0;0;0;0;;;;;
2025-10-08;O_ALARKE1225C86.00;ALARK_12/2025_AVRUPA_OPSIYON;D_EQ;SSO;D_EQ_ECP;DE_ALARK_ECP;ALARK.E;2025-12-31;6.37;6.99;-8.87;0;0;0;0;0;0;0;0;0;0;0;;;;;
2025-10-08;O_ALARKE1225C88.00;ALARK_12/2025_AVRUPA_OPSIYON;D_EQ;SSO;D_EQ_ECP;DE_ALARK_ECP;ALARK.E;2025-12-31;5.56;6.11;-9;0;0;0;0;0;0;0;0;0;0;0;;;;;
2025-10-08;O_ALARKE1225C90.00;ALARK_12/2025_AVRUPA_OPSIYON;D_EQ;SSO;D_EQ_ECP;DE_ALARK_ECP;ALARK.E;2025-12-31;4.84;5.34;-9.36;0;0;0;0;0;0;0;0;0;0;0;;;;;
2025-10-08;O_ALARKE1225C92.00;ALARK_12/2025_AVRUPA_OPSIYON;D_EQ;SSO;D_EQ_ECP;DE_ALARK_ECP;ALARK.E;2025-12-31;4.34;4.71;-7.86;0;0;0;0;0;0;0;0;0;0;0;;;;;
2025-10-08;O_ALARKE1225C94.00;ALARK_12/2025_AVRUPA_OPSIYON;D_EQ;SSO;D_EQ_ECP;DE_ALARK_ECP;ALARK.E;2025-12-31;3.91;4.23;-7.57;0;0;0;0;0;0;0;0;0;0;0;;;;;
2025-10-08;O_ALARKE1225C96.00;ALARK_12/2025_AVRUPA_OPSIYON;D_EQ;SSO;D_EQ_ECP;DE_ALARK_ECP;ALARK.E;2025-12-31;3.53;3.81;-7.35;0;0;0;0;0;0;0;0;0;0;0;;;;;
2025-10-08;O_ALARKE1225C98.00;ALARK_12/2025_AVRUPA_OPSIYON;D_EQ;SSO;D_EQ_ECP;DE_ALARK_ECP;ALARK.E;2025-12-31;3.21;3.45;-6.96;0;0;0;0;0;0;0;0;0;0;0;;;;;
2025-10-08;O_ALARKE1225P72.00;ALARK_12/2025_AVRUPA_OPSIYON;D_EQ;SSO;D_EQ_EPP;DE_ALARK_EPP;ALARK.E;2025-12-31;1.55;1.44;7.64;0;0;0;0;0;0;0;0;0;0;0;;;;;
2025-10-08;O_ALARKE1225P74.00;ALARK_12/2025_AVRUPA_OPSIYON;D_EQ;SSO;D_EQ_EPP;DE_ALARK_EPP;ALARK.E;2025-12-31;1.86;1.73;7.51;0;0;0;0;0;0;0;0;0;0;0;;;;;
2025-10-08;O_ALARKE1225P76.00;ALARK_12/2025_AVRUPA_OPSIYON;D_EQ;SSO;D_EQ_EPP;DE_ALARK_EPP;ALARK.E;2025-12-31;2.21;2.06;7.28;0;0;0;0;0;0;0;0;0;0;0;;;;;
2025-10-08;O_ALARKE1225P78.00;ALARK_12/2025_AVRUPA_OPSIYON;D_EQ;SSO;D_EQ_EPP;DE_ALARK_EPP;ALARK.E;2025-12-31;2.61;2.45;6.53;0;0;0;0;0;0;0;0;0;0;0;;;;;
2025-10-08;O_ALARKE1225P80.00;ALARK_12/2025_AVRUPA_OPSIYON;D_EQ;SSO;D_EQ_EPP;DE_ALARK_EPP;ALARK.E;2025-12-31;3.08;2.89;6.57;0;0;0;0;0;0;0;0;0;0;0;;;;;
2025-10-08;O_ALARKE1225P82.00;ALARK_12/2025_AVRUPA_OPSIYON;D_EQ;SSO;D_EQ_EPP;DE_ALARK_EPP;ALARK.E;2025-12-31;3.65;3.39;7.67;0;0;0;0;0;0;0;0;0;0;0;;;;;
2025-10-08;O_ALARKE1225P84.00;ALARK_12/2025_AVRUPA_OPSIYON;D_EQ;SSO;D_EQ_EPP;DE_ALARK_EPP;ALARK.E;2025-12-31;4.39;4.07;7.86;0;0;0;0;0;0;0;0;0;0;0;;;;;
2025-10-08;O_ALARKE1225P86.00;ALARK_12/2025_AVRUPA_OPSIYON;D_EQ;SSO;D_EQ_EPP;DE_ALARK_EPP;ALARK.E;2025-12-31;5.23;4.85;7.84;0;0;0;0;0;0;0;0;0;0;0;;;;;
2025-10-08;O_ALARKE1225P88.00;ALARK_12/2025_AVRUPA_OPSIYON;D_EQ;SSO;D_EQ_EPP;DE_ALARK_EPP;ALARK.E;2025-12-31;6.22;5.77;7.8;0;0;0;0;0;0;0;0;0;0;0;;;;;
2025-10-08;O_ALARKE1225P90.00;ALARK_12/2025_AVRUPA_OPSIYON;D_EQ;SSO;D_EQ_EPP;DE_ALARK_EPP;ALARK.E;2025-12-31;7.3;6.79;7.51;0;0;0;0;0;0;0;0;0;0;0;;;;;
2025-10-08;O_ALARKE1225P92.00;ALARK_12/2025_AVRUPA_OPSIYON;D_EQ;SSO;D_EQ_EPP;DE_ALARK_EPP;ALARK.E;2025-12-31;8.6;7.96;8.04;0;0;0;0;0;0;0;0;0;0;0;;;;;
2025-10-08;O_ARCLKE1025C115.00;ARCLK_10/2025_AVRUPA_OPSIYON;D_EQ;SSO;D_EQ_ECP;DE_ARCLK_ECP;ARCLK.E;2025-10-31;6.61;6.98;-5.3;0;0;0;0;0;0;0;0;0;0;0;;;;;
2025-10-08;O_ARCLKE1025C120.00;ARCLK_10/2025_AVRUPA_OPSIYON;D_EQ;SSO;D_EQ_ECP;DE_ARCLK_ECP;ARCLK.E;2025-10-31;3.98;4.28;-7.01;0;0;0;0;0;0;0;0;0;20;0;;;;;
2025-10-08;O_ARCLKE1025C125.00;ARCLK_10/2025_AVRUPA_OPSIYON;D_EQ;SSO;D_EQ_ECP;DE_ARCLK_ECP;ARCLK.E;2025-10-31;2.24;2.46;-8.94;0;0;0;0;0;0;0;0;0;35;0;;;;;
2025-10-08;O_ARCLKE1025C130.00;ARCLK_10/2025_AVRUPA_OPSIYON;D_EQ;SSO;D_EQ_ECP;DE_ARCLK_ECP;ARCLK.E;2025-10-31;1.29;1.41;-8.51;0;0;0;0;0;0;0;0;0;25;0;;;;;
2025-10-08;O_ARCLKE1025C135.00;ARCLK_10/2025_AVRUPA_OPSIYON;D_EQ;SSO;D_EQ_ECP;DE_ARCLK_ECP;ARCLK.E;2025-10-31;0.74;0.8;-7.5;0;0;0;0;0;0;0;0;0;16;0;;;;;
2025-10-08;O_ARCLKE1025C140.00;ARCLK_10/2025_AVRUPA_OPSIYON;D_EQ;SSO;D_EQ_ECP;DE_ARCLK_ECP;ARCLK.E;2025-10-31;0.43;0.46;-6.52;0;0;0;0;0;0;0;0;0;0;0;;;;;
2025-10-08;O_ARCLKE1025C145.00;ARCLK_10/2025_AVRUPA_OPSIYON;D_EQ;SSO;D_EQ_ECP;DE_ARCLK_ECP;ARCLK.E;2025-10-31;0.25;0.26;-3.85;0;0;0;0;0;0;0;0;0;0;0;;;;;
2025-10-08;O_ARCLKE1025C150.00;ARCLK_10/2025_AVRUPA_OPSIYON;D_EQ;SSO;D_EQ_ECP;DE_ARCLK_ECP;ARCLK.E;2025-10-31;0.15;0.15;0;0;0;0;0;0;0;0;0;0;0;0;;;;;
2025-10-08;O_ARCLKE1025C155.00;ARCLK_10/2025_AVRUPA_OPSIYON;D_EQ;SSO;D_EQ_ECP;DE_ARCLK_ECP;ARCLK.E;2025-10-31;0.1;0.09;11.11;0;0;0;0;0;0;0;0;0;0;0;;;;;
2025-10-08;O_ARCLKE1025C160.00;ARCLK_10/2025_AVRUPA_OPSIYON;D_EQ;SSO;D_EQ_ECP;DE_ARCLK_ECP;ARCLK.E;2025-10-31;0.06;0.06;0;0;0;0;0;0;0;0;0;0;0;0;;;;;
2025-10-08;O_ARCLKE1025C165.00;ARCLK_10/2025_AVRUPA_OPSIYON;D_EQ;SSO;D_EQ_ECP;DE_ARCLK_ECP;ARCLK.E;2025-10-31;0.04;0.03;33.33;0;0;0;0;0;0;0;0;0;0;0;;;;;
2025-10-08;O_ARCLKE1025C170.00;ARCLK_10/2025_AVRUPA_OPSIYON;D_EQ;SSO;D_EQ_ECP;DE_ARCLK_ECP;ARCLK.E;2025-10-31;0.03;0.02;50;0;0;0;0;0;0;0;0;0;0;0;;;;;
2025-10-08;O_ARCLKE1025C175.00;ARCLK_10/2025_AVRUPA_OPSIYON;D_EQ;SSO;D_EQ_ECP;DE_ARCLK_ECP;ARCLK.E;2025-10-31;0.02;0.01;100;0;0;0;0;0;0;0;0;0;0;0;;;;;
2025-10-08;O_ARCLKE1025C180.00;ARCLK_10/2025_AVRUPA_OPSIYON;D_EQ;SSO;D_EQ_ECP;DE_ARCLK_ECP;ARCLK.E;2025-10-31;0.01;0.01;0;0;0;0;0;0;0;0;0;0;0;0;;;;;
2025-10-08;O_ARCLKE1025C185.00;ARCLK_10/2025_AVRUPA_OPSIYON;D_EQ;SSO;D_EQ_ECP;DE_ARCLK_ECP;ARCLK.E;2025-10-31;0.01;0.01;0;0;0;0;0;0;0;0;0;0;0;0;;;;;
2025-10-08;O_ARCLKE1025P100.00;ARCLK_10/2025_AVRUPA_OPSIYON;D_EQ;SSO;D_EQ_EPP;DE_ARCLK_EPP;ARCLK.E;2025-10-31;0.26;0.25;4;0;0;0;0;0;0;0;0;0;0;0;;;;;
2025-10-08;O_ARCLKE1025P105.00;ARCLK_10/2025_AVRUPA_OPSIYON;D_EQ;SSO;D_EQ_EPP;DE_ARCLK_EPP;ARCLK.E;2025-10-31;0.62;0.61;1.64;0;0;0;0;0;0;0;0;0;0;0;;;;;
2025-10-08;O_ARCLKE1025P110.00;ARCLK_10/2025_AVRUPA_OPSIYON;D_EQ;SSO;D_EQ_EPP;DE_ARCLK_EPP;ARCLK.E;2025-10-31;1.34;1.32;1.52;0;0;0;0;0;0;0;0;0;0;0;;;;;
2025-10-08;O_ARCLKE1025P115.00;ARCLK_10/2025_AVRUPA_OPSIYON;D_EQ;SSO;D_EQ_EPP;DE_ARCLK_EPP;ARCLK.E;2025-10-31;2.69;2.64;1.89;0;0;0;0;0;0;0;0;0;4;0;;;;;
2025-10-08;O_ARCLKE1025P120.00;ARCLK_10/2025_AVRUPA_OPSIYON;D_EQ;SSO;D_EQ_EPP;DE_ARCLK_EPP;ARCLK.E;2025-10-31;4.94;4.82;2.49;0;0;0;0;0;0;0;0;0;111;0;;;;;
2025-10-08;O_ARCLKE1025P125.00;ARCLK_10/2025_AVRUPA_OPSIYON;D_EQ;SSO;D_EQ_EPP;DE_ARCLK_EPP;ARCLK.E;2025-10-31;8.08;7.88;2.54;5.84;5.84;5.84;5.84;5.84;62500;2920;5;1;213;5;;;;;
2025-10-08;O_ARCLKE1025P130.00;ARCLK_10/2025_AVRUPA_OPSIYON;D_EQ;SSO;D_EQ_EPP;DE_ARCLK_EPP;ARCLK.E;2025-10-31;12.01;11.7;2.65;0;0;0;0;0;0;0;0;0;17;0;;;;;
2025-10-08;O_ARCLKE1025P135.00;ARCLK_10/2025_AVRUPA_OPSIYON;D_EQ;SSO;D_EQ_EPP;DE_ARCLK_EPP;ARCLK.E;2025-10-31;16.35;15.97;2.38;0;0;0;0;0;0;0;0;0;43;0;;;;;
2025-10-08;O_ARCLKE1025P140.00;ARCLK_10/2025_AVRUPA_OPSIYON;D_EQ;SSO;D_EQ_EPP;DE_ARCLK_EPP;ARCLK.E;2025-10-31;20.92;20.5;2.05;0;0;0;0;0;0;0;0;0;120;0;;;;;
2025-10-08;O_ARCLKE1025P145.00;ARCLK_10/2025_AVRUPA_OPSIYON;D_EQ;SSO;D_EQ_EPP;DE_ARCLK_EPP;ARCLK.E;2025-10-31;25.62;25.18;1.75;0;0;0;0;0;0;0;0;0;23;0;;;;;
2025-10-08;O_ARCLKE1025P150.00;ARCLK_10/2025_AVRUPA_OPSIYON;D_EQ;SSO;D_EQ_EPP;DE_ARCLK_EPP;ARCLK.E;2025-10-31;30.4;29.95;1.5;0;0;0;0;0;0;0;0;0;34;0;;;;;
2025-10-08;O_ARCLKE1025P155.00;ARCLK_10/2025_AVRUPA_OPSIYON;D_EQ;SSO;D_EQ_EPP;DE_ARCLK_EPP;ARCLK.E;2025-10-31;35.23;34.77;1.32;0;0;0;0;0;0;0;0;0;0;0;;;;;
2025-10-08;O_ARCLKE1025P160.00;ARCLK_10/2025_AVRUPA_OPSIYON;D_EQ;SSO;D_EQ_EPP;DE_ARCLK_EPP;ARCLK.E;2025-10-31;40.08;39.61;1.19;0;0;0;0;0;0;0;0;0;0;0;;;;;
2025-10-08;O_ARCLKE1025P96.00;ARCLK_10/2025_AVRUPA_OPSIYON;D_EQ;SSO;D_EQ_EPP;DE_ARCLK_EPP;ARCLK.E;2025-10-31;0.12;0.11;9.09;0;0;0;0;0;0;0;0;0;0;0;;;;;
2025-10-08;O_ARCLKE1025P98.00;ARCLK_10/2025_AVRUPA_OPSIYON;D_EQ;SSO;D_EQ_EPP;DE_ARCLK_EPP;ARCLK.E;2025-10-31;0.18;0.17;5.88;0;0;0;0;0;0;0;0;0;0;0;;;;;
2025-10-08;O_ARCLKE1125C115.00;ARCLK_11/2025_AVRUPA_OPSIYON;D_EQ;SSO;D_EQ_ECP;DE_ARCLK_ECP;ARCLK.E;2025-11-28;10.71;;0;0;0;0;0;0;0;0;0;0;0;0;;;;;
2025-10-08;O_ARCLKE1125C120.00;ARCLK_11/2025_AVRUPA_OPSIYON;D_EQ;SSO;D_EQ_ECP;DE_ARCLK_ECP;ARCLK.E;2025-11-28;7.81;8.12;-3.82;0;0;0;0;0;0;0;0;0;0;0;;;;;
2025-10-08;O_ARCLKE1125C125.00;ARCLK_11/2025_AVRUPA_OPSIYON;D_EQ;SSO;D_EQ_ECP;DE_ARCLK_ECP;ARCLK.E;2025-11-28;5.57;5.83;-4.46;0;0;0;0;0;0;0;0;0;7;0;;;;;
2025-10-08;O_ARCLKE1125C130.00;ARCLK_11/2025_AVRUPA_OPSIYON;D_EQ;SSO;D_EQ_ECP;DE_ARCLK_ECP;ARCLK.E;2025-11-28;3.96;4.14;-4.35;0;0;0;0;0;0;0;0;0;1;0;;;;;
2025-10-08;O_ARCLKE1125C135.00;ARCLK_11/2025_AVRUPA_OPSIYON;D_EQ;SSO;D_EQ_ECP;DE_ARCLK_ECP;ARCLK.E;2025-11-28;2.93;3.03;-3.3;0;0;0;0;0;0;0;0;0;0;0;;;;;
2025-10-08;O_ARCLKE1125C140.00;ARCLK_11/2025_AVRUPA_OPSIYON;D_EQ;SSO;D_EQ_ECP;DE_ARCLK_ECP;ARCLK.E;2025-11-28;2.2;2.23;-1.35;0;0;0;0;0;0;0;0;0;0;0;;;;;
2025-10-08;O_ARCLKE1125C145.00;ARCLK_11/2025_AVRUPA_OPSIYON;D_EQ;SSO;D_EQ_ECP;DE_ARCLK_ECP;ARCLK.E;2025-11-28;1.67;1.66;0.6;0;0;0;0;0;0;0;0;0;0;0;;;;;
2025-10-08;O_ARCLKE1125C150.00;ARCLK_11/2025_AVRUPA_OPSIYON;D_EQ;SSO;D_EQ_ECP;DE_ARCLK_ECP;ARCLK.E;2025-11-28;1.29;1.25;3.2;0;0;0;0;0;0;0;0;0;0;0;;;;;
2025-10-08;O_ARCLKE1125C155.00;ARCLK_11/2025_AVRUPA_OPSIYON;D_EQ;SSO;D_EQ_ECP;DE_ARCLK_ECP;ARCLK.E;2025-11-28;1.01;0.95;6.32;0;0;0;0;0;0;0;0;0;0;0;;;;;
2025-10-08;O_ARCLKE1125C160.00;ARCLK_11/2025_AVRUPA_OPSIYON;D_EQ;SSO;D_EQ_ECP;DE_ARCLK_ECP;ARCLK.E;2025-11-28;0.81;0.74;9.46;0;0;0;0;0;0;0;0;0;0;0;;;;;
2025-10-08;O_ARCLKE1125C165.00;ARCLK_11/2025_AVRUPA_OPSIYON;D_EQ;SSO;D_EQ_ECP;DE_ARCLK_ECP;ARCLK.E;2025-11-28;0.66;0.58;13.79;0;0;0;0;0;0;0;0;0;0;0;;;;;
2025-10-08;O_ARCLKE1125C170.00;ARCLK_11/2025_AVRUPA_OPSIYON;D_EQ;SSO;D_EQ_ECP;DE_ARCLK_ECP;ARCLK.E;2025-11-28;0.55;0.47;17.02;0;0;0;0;0;0;0;0;0;0;0;;;;;
2025-10-08;O_ARCLKE1125C175.00;ARCLK_11/2025_AVRUPA_OPSIYON;D_EQ;SSO;D_EQ_ECP;DE_ARCLK_ECP;ARCLK.E;2025-11-28;0.46;0.38;21.05;0;0;0;0;0;0;0;0;0;0;0;;;;;
2025-10-08;O_ARCLKE1125C180.00;ARCLK_11/2025_AVRUPA_OPSIYON;D_EQ;SSO;D_EQ_ECP;DE_ARCLK_ECP;ARCLK.E;2025-11-28;0.4;0.31;29.03;0;0;0;0;0;0;0;0;0;0;0;;;;;
2025-10-08;O_ARCLKE1125P100.00;ARCLK_11/2025_AVRUPA_OPSIYON;D_EQ;SSO;D_EQ_EPP;DE_ARCLK_EPP;ARCLK.E;2025-11-28;0.91;0.84;8.33;0;0;0;0;0;0;0;0;0;0;0;;;;;
2025-10-08;O_ARCLKE1125P105.00;ARCLK_11/2025_AVRUPA_OPSIYON;D_EQ;SSO;D_EQ_EPP;DE_ARCLK_EPP;ARCLK.E;2025-11-28;1.49;1.41;5.67;0;0;0;0;0;0;0;0;0;10;0;;;;;
2025-10-08;O_ARCLKE1125P110.00;ARCLK_11/2025_AVRUPA_OPSIYON;D_EQ;SSO;D_EQ_EPP;DE_ARCLK_EPP;ARCLK.E;2025-11-28;2.35;2.27;3.52;0;0;0;0;0;0;0;0;0;0;0;;;;;
2025-10-08;O_ARCLKE1125P115.00;ARCLK_11/2025_AVRUPA_OPSIYON;D_EQ;SSO;D_EQ_EPP;DE_ARCLK_EPP;ARCLK.E;2025-11-28;3.56;3.5;1.71;0;0;0;0;0;0;0;0;0;1;0;;;;;
2025-10-08;O_ARCLKE1125P120.00;ARCLK_11/2025_AVRUPA_OPSIYON;D_EQ;SSO;D_EQ_EPP;DE_ARCLK_EPP;ARCLK.E;2025-11-28;5.4;5.3;1.89;0;0;0;0;0;0;0;0;0;0;0;;;;;
2025-10-08;O_ARCLKE1125P125.00;ARCLK_11/2025_AVRUPA_OPSIYON;D_EQ;SSO;D_EQ_EPP;DE_ARCLK_EPP;ARCLK.E;2025-11-28;7.9;7.74;2.07;0;0;0;0;0;0;0;0;0;0;0;;;;;
2025-10-08;O_ARCLKE1125P130.00;ARCLK_11/2025_AVRUPA_OPSIYON;D_EQ;SSO;D_EQ_EPP;DE_ARCLK_EPP;ARCLK.E;2025-11-28;11.04;10.79;2.32;0;0;0;0;0;0;0;0;0;0;0;;;;;
2025-10-08;O_ARCLKE1125P135.00;ARCLK_11/2025_AVRUPA_OPSIYON;D_EQ;SSO;D_EQ_EPP;DE_ARCLK_EPP;ARCLK.E;2025-11-28;14.75;14.42;2.29;0;0;0;0;0;0;0;0;0;0;0;;;;;
2025-10-08;O_ARCLKE1125P140.00;ARCLK_11/2025_AVRUPA_OPSIYON;D_EQ;SSO;D_EQ_EPP;DE_ARCLK_EPP;ARCLK.E;2025-11-28;18.76;18.36;2.18;0;0;0;0;0;0;0;0;0;0;0;;;;;
2025-10-08;O_ARCLKE1125P145.00;ARCLK_11/2025_AVRUPA_OPSIYON;D_EQ;SSO;D_EQ_EPP;DE_ARCLK_EPP;ARCLK.E;2025-11-28;22.97;22.52;2;0;0;0;0;0;0;0;0;0;0;0;;;;;
2025-10-08;O_ARCLKE1125P150.00;ARCLK_11/2025_AVRUPA_OPSIYON;D_EQ;SSO;D_EQ_EPP;DE_ARCLK_EPP;ARCLK.E;2025-11-28;27.33;26.85;1.79;0;0;0;0;0;0;0;0;0;0;0;;;;;
2025-10-08;O_ARCLKE1125P155.00;ARCLK_11/2025_AVRUPA_OPSIYON;D_EQ;SSO;D_EQ_EPP;DE_ARCLK_EPP;ARCLK.E;2025-11-28;31.8;31.29;1.63;0;0;0;0;0;0;0;0;0;0;0;;;;;
2025-10-08;O_ARCLKE1125P96.00;ARCLK_11/2025_AVRUPA_OPSIYON;D_EQ;SSO;D_EQ_EPP;DE_ARCLK_EPP;ARCLK.E;2025-11-28;0.6;;0;0;0;0;0;0;0;0;0;0;0;0;;;;;
2025-10-08;O_ARCLKE1125P98.00;ARCLK_11/2025_AVRUPA_OPSIYON;D_EQ;SSO;D_EQ_EPP;DE_ARCLK_EPP;ARCLK.E;2025-11-28;0.74;0.67;10.45;0;0;0;0;0;0;0;0;0;0;0;;;;;
2025-10-08;O_ARCLKE1225C120.00;ARCLK_12/2025_AVRUPA_OPSIYON;D_EQ;SSO;D_EQ_ECP;DE_ARCLK_ECP;ARCLK.E;2025-12-31;13.03;13.39;-2.69;0;0;0;0;0;0;0;0;0;0;0;;;;;
2025-10-08;O_ARCLKE1225C125.00;ARCLK_12/2025_AVRUPA_OPSIYON;D_EQ;SSO;D_EQ_ECP;DE_ARCLK_ECP;ARCLK.E;2025-12-31;10.34;10.66;-3;0;0;0;0;0;0;0;0;0;0;0;;;;;
2025-10-08;O_ARCLKE1225C130.00;ARCLK_12/2025_AVRUPA_OPSIYON;D_EQ;SSO;D_EQ_ECP;DE_ARCLK_ECP;ARCLK.E;2025-12-31;8.14;8.42;-3.33;0;0;0;0;0;0;0;0;0;0;0;;;;;
2025-10-08;O_ARCLKE1225C135.00;ARCLK_12/2025_AVRUPA_OPSIYON;D_EQ;SSO;D_EQ_ECP;DE_ARCLK_ECP;ARCLK.E;2025-12-31;6.49;6.67;-2.7;0;0;0;0;0;0;0;0;0;0;0;;;;;
2025-10-08;O_ARCLKE1225C140.00;ARCLK_12/2025_AVRUPA_OPSIYON;D_EQ;SSO;D_EQ_ECP;DE_ARCLK_ECP;ARCLK.E;2025-12-31;5.34;5.44;-1.84;0;0;0;0;0;0;0;0;0;0;0;;;;;
2025-10-08;O_ARCLKE1225C145.00;ARCLK_12/2025_AVRUPA_OPSIYON;D_EQ;SSO;D_EQ_ECP;DE_ARCLK_ECP;ARCLK.E;2025-12-31;4.44;4.46;-0.45;0;0;0;0;0;0;0;0;0;0;0;;;;;
2025-10-08;O_ARCLKE1225C150.00;ARCLK_12/2025_AVRUPA_OPSIYON;D_EQ;SSO;D_EQ_ECP;DE_ARCLK_ECP;ARCLK.E;2025-12-31;3.74;3.69;1.36;0;0;0;0;0;0;0;0;0;0;0;;;;;
2025-10-08;O_ARCLKE1225C155.00;ARCLK_12/2025_AVRUPA_OPSIYON;D_EQ;SSO;D_EQ_ECP;DE_ARCLK_ECP;ARCLK.E;2025-12-31;3.18;3.08;3.25;0;0;0;0;0;0;0;0;0;0;0;;;;;
2025-10-08;O_ARCLKE1225C160.00;ARCLK_12/2025_AVRUPA_OPSIYON;D_EQ;SSO;D_EQ_ECP;DE_ARCLK_ECP;ARCLK.E;2025-12-31;2.74;2.6;5.38;0;0;0;0;0;0;0;0;0;0;0;;;;;
2025-10-08;O_ARCLKE1225C165.00;ARCLK_12/2025_AVRUPA_OPSIYON;D_EQ;SSO;D_EQ_ECP;DE_ARCLK_ECP;ARCLK.E;2025-12-31;2.4;2.22;8.11;0;0;0;0;0;0;0;0;0;0;0;;;;;
2025-10-08;O_ARCLKE1225C170.00;ARCLK_12/2025_AVRUPA_OPSIYON;D_EQ;SSO;D_EQ_ECP;DE_ARCLK_ECP;ARCLK.E;2025-12-31;2.12;1.92;10.42;0;0;0;0;0;0;0;0;0;0;0;;;;;
2025-10-08;O_ARCLKE1225P100.00;ARCLK_12/2025_AVRUPA_OPSIYON;D_EQ;SSO;D_EQ_EPP;DE_ARCLK_EPP;ARCLK.E;2025-12-31;1.3;1.18;10.17;0;0;0;0;0;0;0;0;0;0;0;;;;;
2025-10-08;O_ARCLKE1225P105.00;ARCLK_12/2025_AVRUPA_OPSIYON;D_EQ;SSO;D_EQ_EPP;DE_ARCLK_EPP;ARCLK.E;2025-12-31;1.86;1.73;7.51;0;0;0;0;0;0;0;0;0;0;0;;;;;
2025-10-08;O_ARCLKE1225P110.00;ARCLK_12/2025_AVRUPA_OPSIYON;D_EQ;SSO;D_EQ_EPP;DE_ARCLK_EPP;ARCLK.E;2025-12-31;2.59;2.47;4.86;0;0;0;0;0;0;0;0;0;0;0;;;;;
2025-10-08;O_ARCLKE1225P115.00;ARCLK_12/2025_AVRUPA_OPSIYON;D_EQ;SSO;D_EQ_EPP;DE_ARCLK_EPP;ARCLK.E;2025-12-31;3.55;3.45;2.9;0;0;0;0;0;0;0;0;0;0;0;;;;;
2025-10-08;O_ARCLKE1225P120.00;ARCLK_12/2025_AVRUPA_OPSIYON;D_EQ;SSO;D_EQ_EPP;DE_ARCLK_EPP;ARCLK.E;2025-12-31;4.78;4.7;1.7;0;0;0;0;0;0;0;0;0;0;0;;;;;
2025-10-08;O_ARCLKE1225P125.00;ARCLK_12/2025_AVRUPA_OPSIYON;D_EQ;SSO;D_EQ_EPP;DE_ARCLK_EPP;ARCLK.E;2025-12-31;6.58;6.46;1.86;0;0;0;0;0;0;0;0;0;0;0;;;;;
2025-10-08;O_ARCLKE1225P130.00;ARCLK_12/2025_AVRUPA_OPSIYON;D_EQ;SSO;D_EQ_EPP;DE_ARCLK_EPP;ARCLK.E;2025-12-31;8.88;8.71;1.95;0;0;0;0;0;0;0;0;0;0;0;;;;;
2025-10-08;O_ARCLKE1225P135.00;ARCLK_12/2025_AVRUPA_OPSIYON;D_EQ;SSO;D_EQ_EPP;DE_ARCLK_EPP;ARCLK.E;2025-12-31;11.72;11.46;2.27;0;0;0;0;0;0;0;0;0;0;0;;;;;
2025-10-08;O_ARCLKE1225P140.00;ARCLK_12/2025_AVRUPA_OPSIYON;D_EQ;SSO;D_EQ_EPP;DE_ARCLK_EPP;ARCLK.E;2025-12-31;15.07;14.71;2.45;0;0;0;0;0;0;0;0;0;0;0;;;;;
2025-10-08;O_ARCLKE1225P145.00;ARCLK_12/2025_AVRUPA_OPSIYON;D_EQ;SSO;D_EQ_EPP;DE_ARCLK_EPP;ARCLK.E;2025-12-31;18.67;18.23;2.41;0;0;0;0;0;0;0;0;0;0;0;;;;;
2025-10-08;O_ARCLKE1225P98.00;ARCLK_12/2025_AVRUPA_OPSIYON;D_EQ;SSO;D_EQ_EPP;DE_ARCLK_EPP;ARCLK.E;2025-12-31;1.12;1.01;10.89;0;0;0;0;0;0;0;0;0;0;0;;;;;
2025-10-08;O_ASELSE1025C175.00;ASELS_10/2025_AVRUPA_OPSIYON;D_EQ;SSO;D_EQ_ECP;DE_ASELS_ECP;ASELS.E;2025-10-31;45.09;38.39;17.45;0;0;0;0;0;0;0;0;0;20;0;;;;;
2025-10-08;O_ASELSE1025C180.00;ASELS_10/2025_AVRUPA_OPSIYON;D_EQ;SSO;D_EQ_ECP;DE_ASELS_ECP;ASELS.E;2025-10-31;40.32;33.75;19.47;0;0;0;0;0;0;0;0;0;33;0;;;;;
2025-10-08;O_ASELSE1025C185.00;ASELS_10/2025_AVRUPA_OPSIYON;D_EQ;SSO;D_EQ_ECP;DE_ASELS_ECP;ASELS.E;2025-10-31;35.61;29.24;21.79;0;0;0;0;0;0;0;0;0;30;0;;;;;
2025-10-08;O_ASELSE1025C190.00;ASELS_10/2025_AVRUPA_OPSIYON;D_EQ;SSO;D_EQ_ECP;DE_ASELS_ECP;ASELS.E;2025-10-31;31;24.9;24.5;0;0;0;0;0;0;0;0;0;43;0;;;;;
2025-10-08;O_ASELSE1025C195.00;ASELS_10/2025_AVRUPA_OPSIYON;D_EQ;SSO;D_EQ_ECP;DE_ASELS_ECP;ASELS.E;2025-10-31;26.54;20.78;27.72;0;0;0;0;0;0;0;0;0;20;0;;;;;
2025-10-08;O_ASELSE1025C200.00;ASELS_10/2025_AVRUPA_OPSIYON;D_EQ;SSO;D_EQ_ECP;DE_ASELS_ECP;ASELS.E;2025-10-31;22.26;16.94;31.4;20;20;20;20;20;20000;2000;1;1;30;0;;;;;
2025-10-08;O_ASELSE1025C205.00;ASELS_10/2025_AVRUPA_OPSIYON;D_EQ;SSO;D_EQ_ECP;DE_ASELS_ECP;ASELS.E;2025-10-31;18.26;13.45;35.76;0;0;0;0;0;0;0;0;0;64;0;;;;;
2025-10-08;O_ASELSE1025C210.00;ASELS_10/2025_AVRUPA_OPSIYON;D_EQ;SSO;D_EQ_ECP;DE_ASELS_ECP;ASELS.E;2025-10-31;14.69;10.36;41.8;0;0;0;0;0;0;0;0;0;420;0;;;;;
2025-10-08;O_ASELSE1025C215.00;ASELS_10/2025_AVRUPA_OPSIYON;D_EQ;SSO;D_EQ_ECP;DE_ASELS_ECP;ASELS.E;2025-10-31;11.54;7.84;47.19;10.78;10.78;10.78;10.78;10.78;107500;5390;5;1;42;5;;;;;
2025-10-08;O_ASELSE1025C220.00;ASELS_10/2025_AVRUPA_OPSIYON;D_EQ;SSO;D_EQ_ECP;DE_ASELS_ECP;ASELS.E;2025-10-31;8.92;5.78;54.33;7.88;7.88;7.88;7.88;7.88;44000;1576;2;1;367;0;;;;;
2025-10-08;O_ASELSE1025C225.00;ASELS_10/2025_AVRUPA_OPSIYON;D_EQ;SSO;D_EQ_ECP;DE_ASELS_ECP;ASELS.E;2025-10-31;6.74;4.19;60.86;0;0;0;0;0;0;0;0;0;100;0;;;;;
2025-10-08;O_ASELSE1025C230.00;ASELS_10/2025_AVRUPA_OPSIYON;D_EQ;SSO;D_EQ_ECP;DE_ASELS_ECP;ASELS.E;2025-10-31;5.13;2.99;71.57;4.6;4.4;4.6;4.4;4.5;1748000;34200;76;4;129;0;;;;;
2025-10-08;O_ASELSE1025C235.00;ASELS_10/2025_AVRUPA_OPSIYON;D_EQ;SSO;D_EQ_ECP;DE_ASELS_ECP;ASELS.E;2025-10-31;3.89;2.15;80.93;0;0;0;0;0;0;0;0;0;187;0;;;;;
2025-10-08;O_ASELSE1025C240.00;ASELS_10/2025_AVRUPA_OPSIYON;D_EQ;SSO;D_EQ_ECP;DE_ASELS_ECP;ASELS.E;2025-10-31;2.94;1.56;88.46;0;0;0;0;0;0;0;0;0;223;0;;;;;
2025-10-08;O_ASELSE1025C245.00;ASELS_10/2025_AVRUPA_OPSIYON;D_EQ;SSO;D_EQ_ECP;DE_ASELS_ECP;ASELS.E;2025-10-31;2.22;1.14;94.74;0;0;0;0;0;0;0;0;0;52;0;;;;;
2025-10-08;O_ASELSE1025C250.00;ASELS_10/2025_AVRUPA_OPSIYON;D_EQ;SSO;D_EQ_ECP;DE_ASELS_ECP;ASELS.E;2025-10-31;1.68;0.83;102.41;0;0;0;0;0;0;0;0;0;6900;0;;;;;
2025-10-08;O_ASELSE1025C260.00;ASELS_10/2025_AVRUPA_OPSIYON;D_EQ;SSO;D_EQ_ECP;DE_ASELS_ECP;ASELS.E;2025-10-31;0.96;0.45;113.33;0;0;0;0;0;0;0;0;0;0;0;;;;;
2025-10-08;O_ASELSE1025P150.00;ASELS_10/2025_AVRUPA_OPSIYON;D_EQ;SSO;D_EQ_EPP;DE_ASELS_EPP;ASELS.E;2025-10-31;0.01;0.02;-50;0;0;0;0;0;0;0;0;0;0;0;;;;;
2025-10-08;O_ASELSE1025P155.00;ASELS_10/2025_AVRUPA_OPSIYON;D_EQ;SSO;D_EQ_EPP;DE_ASELS_EPP;ASELS.E;2025-10-31;0.01;0.03;-66.67;0;0;0;0;0;0;0;0;0;4;0;;;;;
2025-10-08;O_ASELSE1025P160.00;ASELS_10/2025_AVRUPA_OPSIYON;D_EQ;SSO;D_EQ_EPP;DE_ASELS_EPP;ASELS.E;2025-10-31;0.02;0.07;-71.43;0;0;0;0;0;0;0;0;0;1;0;;;;;
2025-10-08;O_ASELSE1025P165.00;ASELS_10/2025_AVRUPA_OPSIYON;D_EQ;SSO;D_EQ_EPP;DE_ASELS_EPP;ASELS.E;2025-10-31;0.04;0.12;-66.67;0;0;0;0;0;0;0;0;0;0;0;;;;;
2025-10-08;O_ASELSE1025P170.00;ASELS_10/2025_AVRUPA_OPSIYON;D_EQ;SSO;D_EQ_EPP;DE_ASELS_EPP;ASELS.E;2025-10-31;0.08;0.22;-63.64;0;0;0;0;0;0;0;0;0;1;0;;;;;
2025-10-08;O_ASELSE1025P175.00;ASELS_10/2025_AVRUPA_OPSIYON;D_EQ;SSO;D_EQ_EPP;DE_ASELS_EPP;ASELS.E;2025-10-31;0.15;0.37;-59.46;0;0;0;0;0;0;0;0;0;0;0;;;;;
2025-10-08;O_ASELSE1025P180.00;ASELS_10/2025_AVRUPA_OPSIYON;D_EQ;SSO;D_EQ_EPP;DE_ASELS_EPP;ASELS.E;2025-10-31;0.26;0.61;-57.38;0;0;0;0;0;0;0;0;0;20;0;;;;;
2025-10-08;O_ASELSE1025P185.00;ASELS_10/2025_AVRUPA_OPSIYON;D_EQ;SSO;D_EQ_EPP;DE_ASELS_EPP;ASELS.E;2025-10-31;0.43;0.97;-55.67;0;0;0;0;0;0;0;0;0;0;0;;;;;
2025-10-08;O_ASELSE1025P190.00;ASELS_10/2025_AVRUPA_OPSIYON;D_EQ;SSO;D_EQ_EPP;DE_ASELS_EPP;ASELS.E;2025-10-31;0.71;1.51;-52.98;0;0;0;0;0;0;0;0;0;506;0;;;;;
2025-10-08;O_ASELSE1025P195.00;ASELS_10/2025_AVRUPA_OPSIYON;D_EQ;SSO;D_EQ_EPP;DE_ASELS_EPP;ASELS.E;2025-10-31;1.12;2.27;-50.66;0;0;0;0;0;0;0;0;0;116;0;;;;;
2025-10-08;O_ASELSE1025P200.00;ASELS_10/2025_AVRUPA_OPSIYON;D_EQ;SSO;D_EQ_EPP;DE_ASELS_EPP;ASELS.E;2025-10-31;1.73;3.31;-47.73;0;0;0;0;0;0;0;0;0;226;0;;;;;
2025-10-08;O_ASELSE1025P205.00;ASELS_10/2025_AVRUPA_OPSIYON;D_EQ;SSO;D_EQ_EPP;DE_ASELS_EPP;ASELS.E;2025-10-31;2.61;4.69;-44.35;0;0;0;0;0;0;0;0;0;41;0;;;;;
2025-10-08;O_ASELSE1025P210.00;ASELS_10/2025_AVRUPA_OPSIYON;D_EQ;SSO;D_EQ_EPP;DE_ASELS_EPP;ASELS.E;2025-10-31;3.92;6.47;-39.41;0;0;0;0;0;0;0;0;0;40;0;;;;;
2025-10-08;O_ASELSE1025P215.00;ASELS_10/2025_AVRUPA_OPSIYON;D_EQ;SSO;D_EQ_EPP;DE_ASELS_EPP;ASELS.E;2025-10-31;5.66;8.84;-35.97;0;0;0;0;0;0;0;0;0;76;0;;;;;
2025-10-08;O_ASELSE1025P220.00;ASELS_10/2025_AVRUPA_OPSIYON;D_EQ;SSO;D_EQ_EPP;DE_ASELS_EPP;ASELS.E;2025-10-31;7.91;11.65;-32.1;0;0;0;0;0;0;0;0;0;311;0;;;;;
2025-10-08;O_ASELSE1025P225.00;ASELS_10/2025_AVRUPA_OPSIYON;D_EQ;SSO;D_EQ_EPP;DE_ASELS_EPP;ASELS.E;2025-10-31;10.62;14.94;-28.92;0;0;0;0;0;0;0;0;0;22;0;;;;;
2025-10-08;O_ASELSE1025P230.00;ASELS_10/2025_AVRUPA_OPSIYON;D_EQ;SSO;D_EQ_EPP;DE_ASELS_EPP;ASELS.E;2025-10-31;13.89;18.61;-25.36;0;0;0;0;0;0;0;0;0;25;0;;;;;
2025-10-08;O_ASELSE1125C180.00;ASELS_11/2025_AVRUPA_OPSIYON;D_EQ;SSO;D_EQ_ECP;DE_ASELS_ECP;ASELS.E;2025-11-28;46.29;40.05;15.58;0;0;0;0;0;0;0;0;0;0;0;;;;;
2025-10-08;O_ASELSE1125C185.00;ASELS_11/2025_AVRUPA_OPSIYON;D_EQ;SSO;D_EQ_ECP;DE_ASELS_ECP;ASELS.E;2025-11-28;41.94;35.91;16.79;0;0;0;0;0;0;0;0;0;0;0;;;;;
2025-10-08;O_ASELSE1125C190.00;ASELS_11/2025_AVRUPA_OPSIYON;D_EQ;SSO;D_EQ_ECP;DE_ASELS_ECP;ASELS.E;2025-11-28;37.69;31.9;18.15;0;0;0;0;0;0;0;0;0;0;0;;;;;
2025-10-08;O_ASELSE1125C195.00;ASELS_11/2025_AVRUPA_OPSIYON;D_EQ;SSO;D_EQ_ECP;DE_ASELS_ECP;ASELS.E;2025-11-28;33.58;28.07;19.63;0;0;0;0;0;0;0;0;0;0;0;;;;;
2025-10-08;O_ASELSE1125C200.00;ASELS_11/2025_AVRUPA_OPSIYON;D_EQ;SSO;D_EQ_ECP;DE_ASELS_ECP;ASELS.E;2025-11-28;29.61;24.42;21.25;0;0;0;0;0;0;0;0;0;0;0;;;;;
2025-10-08;O_ASELSE1125C205.00;ASELS_11/2025_AVRUPA_OPSIYON;D_EQ;SSO;D_EQ_ECP;DE_ASELS_ECP;ASELS.E;2025-11-28;25.82;20.99;23.01;0;0;0;0;0;0;0;0;0;28;0;;;;;
2025-10-08;O_ASELSE1125C210.00;ASELS_11/2025_AVRUPA_OPSIYON;D_EQ;SSO;D_EQ_ECP;DE_ASELS_ECP;ASELS.E;2025-11-28;22.23;17.8;24.89;0;0;0;0;0;0;0;0;0;28;0;;;;;
2025-10-08;O_ASELSE1125C215.00;ASELS_11/2025_AVRUPA_OPSIYON;D_EQ;SSO;D_EQ_ECP;DE_ASELS_ECP;ASELS.E;2025-11-28;19.07;14.87;28.24;0;0;0;0;0;0;0;0;0;28;0;;;;;
2025-10-08;O_ASELSE1125C220.00;ASELS_11/2025_AVRUPA_OPSIYON;D_EQ;SSO;D_EQ_ECP;DE_ASELS_ECP;ASELS.E;2025-11-28;16.2;12.38;30.86;0;0;0;0;0;0;0;0;0;20;0;;;;;
2025-10-08;O_ASELSE1125C225.00;ASELS_11/2025_AVRUPA_OPSIYON;D_EQ;SSO;D_EQ_ECP;DE_ASELS_ECP;ASELS.E;2025-11-28;13.71;10.22;34.15;0;0;0;0;0;0;0;0;0;28;0;;;;;
2025-10-08;O_ASELSE1125C230.00;ASELS_11/2025_AVRUPA_OPSIYON;D_EQ;SSO;D_EQ_ECP;DE_ASELS_ECP;ASELS.E;2025-11-28;11.53;8.4;37.26;0;0;0;0;0;0;0;0;0;112;0;;;;;
2025-10-08;O_ASELSE1125C235.00;ASELS_11/2025_AVRUPA_OPSIYON;D_EQ;SSO;D_EQ_ECP;DE_ASELS_ECP;ASELS.E;2025-11-28;9.76;6.89;41.65;0;0;0;0;0;0;0;0;0;0;0;;;;;
2025-10-08;O_ASELSE1125C240.00;ASELS_11/2025_AVRUPA_OPSIYON;D_EQ;SSO;D_EQ_ECP;DE_ASELS_ECP;ASELS.E;2025-11-28;8.35;5.66;47.53;0;0;0;0;0;0;0;0;0;0;0;;;;;
2025-10-08;O_ASELSE1125C245.00;ASELS_11/2025_AVRUPA_OPSIYON;D_EQ;SSO;D_EQ_ECP;DE_ASELS_ECP;ASELS.E;2025-11-28;7.15;4.76;50.21;0;0;0;0;0;0;0;0;0;0;0;;;;;
2025-10-08;O_ASELSE1125C250.00;ASELS_11/2025_AVRUPA_OPSIYON;D_EQ;SSO;D_EQ_ECP;DE_ASELS_ECP;ASELS.E;2025-11-28;6.14;4.01;53.12;0;0;0;0;0;0;0;0;0;0;0;;;;;
2025-10-08;O_ASELSE1125C260.00;ASELS_11/2025_AVRUPA_OPSIYON;D_EQ;SSO;D_EQ_ECP;DE_ASELS_ECP;ASELS.E;2025-11-28;4.57;2.89;58.13;0;0;0;0;0;0;0;0;0;0;0;;;;;
2025-10-08;O_ASELSE1125C270.00;ASELS_11/2025_AVRUPA_OPSIYON;D_EQ;SSO;D_EQ_ECP;DE_ASELS_ECP;ASELS.E;2025-11-28;3.45;2.11;63.51;0;0;0;0;0;0;0;0;0;0;0;;;;;
2025-10-08;O_ASELSE1125P155.00;ASELS_11/2025_AVRUPA_OPSIYON;D_EQ;SSO;D_EQ_EPP;DE_ASELS_EPP;ASELS.E;2025-11-28;0.23;0.38;-39.47;0;0;0;0;0;0;0;0;0;0;0;;;;;
2025-10-08;O_ASELSE1125P160.00;ASELS_11/2025_AVRUPA_OPSIYON;D_EQ;SSO;D_EQ_EPP;DE_ASELS_EPP;ASELS.E;2025-11-28;0.33;0.54;-38.89;0;0;0;0;0;0;0;0;0;0;0;;;;;
2025-10-08;O_ASELSE1125P165.00;ASELS_11/2025_AVRUPA_OPSIYON;D_EQ;SSO;D_EQ_EPP;DE_ASELS_EPP;ASELS.E;2025-11-28;0.46;0.75;-38.67;0;0;0;0;0;0;0;0;0;0;0;;;;;
2025-10-08;O_ASELSE1125P170.00;ASELS_11/2025_AVRUPA_OPSIYON;D_EQ;SSO;D_EQ_EPP;DE_ASELS_EPP;ASELS.E;2025-11-28;0.64;1.03;-37.86;0;0;0;0;0;0;0;0;0;0;0;;;;;
2025-10-08;O_ASELSE1125P175.00;ASELS_11/2025_AVRUPA_OPSIYON;D_EQ;SSO;D_EQ_EPP;DE_ASELS_EPP;ASELS.E;2025-11-28;0.87;1.4;-37.86;0;0;0;0;0;0;0;0;0;0;0;;;;;
2025-10-08;O_ASELSE1125P180.00;ASELS_11/2025_AVRUPA_OPSIYON;D_EQ;SSO;D_EQ_EPP;DE_ASELS_EPP;ASELS.E;2025-11-28;1.18;1.87;-36.9;0;0;0;0;0;0;0;0;0;0;0;;;;;
2025-10-08;O_ASELSE1125P185.00;ASELS_11/2025_AVRUPA_OPSIYON;D_EQ;SSO;D_EQ_EPP;DE_ASELS_EPP;ASELS.E;2025-11-28;1.57;2.46;-36.18;0;0;0;0;0;0;0;0;0;0;0;;;;;
2025-10-08;O_ASELSE1125P190.00;ASELS_11/2025_AVRUPA_OPSIYON;D_EQ;SSO;D_EQ_EPP;DE_ASELS_EPP;ASELS.E;2025-11-28;2.07;3.19;-35.11;0;0;0;0;0;0;0;0;0;0;0;;;;;
2025-10-08;O_ASELSE1125P195.00;ASELS_11/2025_AVRUPA_OPSIYON;D_EQ;SSO;D_EQ_EPP;DE_ASELS_EPP;ASELS.E;2025-11-28;2.69;4.09;-34.23;0;0;0;0;0;0;0;0;0;0;0;;;;;
2025-10-08;O_ASELSE1125P200.00;ASELS_11/2025_AVRUPA_OPSIYON;D_EQ;SSO;D_EQ_EPP;DE_ASELS_EPP;ASELS.E;2025-11-28;3.47;5.18;-33.01;0;0;0;0;0;0;0;0;0;1;0;;;;;
2025-10-08;O_ASELSE1125P205.00;ASELS_11/2025_AVRUPA_OPSIYON;D_EQ;SSO;D_EQ_EPP;DE_ASELS_EPP;ASELS.E;2025-11-28;4.42;6.49;-31.9;0;0;0;0;0;0;0;0;0;0;0;;;;;
2025-10-08;O_ASELSE1125P210.00;ASELS_11/2025_AVRUPA_OPSIYON;D_EQ;SSO;D_EQ_EPP;DE_ASELS_EPP;ASELS.E;2025-11-28;5.57;8.04;-30.72;0;0;0;0;0;0;0;0;0;0;0;;;;;
2025-10-08;O_ASELSE1125P215.00;ASELS_11/2025_AVRUPA_OPSIYON;D_EQ;SSO;D_EQ_EPP;DE_ASELS_EPP;ASELS.E;2025-11-28;7.15;9.84;-27.34;0;0;0;0;0;0;0;0;0;0;0;;;;;
2025-10-08;O_ASELSE1125P220.00;ASELS_11/2025_AVRUPA_OPSIYON;D_EQ;SSO;D_EQ_EPP;DE_ASELS_EPP;ASELS.E;2025-11-28;9.02;12.09;-25.39;0;0;0;0;0;0;0;0;0;0;0;;;;;
2025-10-08;O_ASELSE1125P225.00;ASELS_11/2025_AVRUPA_OPSIYON;D_EQ;SSO;D_EQ_EPP;DE_ASELS_EPP;ASELS.E;2025-11-28;11.27;14.66;-23.12;0;0;0;0;0;0;0;0;0;0;0;;;;;
2025-10-08;O_ASELSE1125P230.00;ASELS_11/2025_AVRUPA_OPSIYON;D_EQ;SSO;D_EQ_EPP;DE_ASELS_EPP;ASELS.E;2025-11-28;13.83;17.58;-21.33;0;0;0;0;0;0;0;0;0;0;0;;;;;
2025-10-08;O_ASELSE1125P235.00;ASELS_11/2025_AVRUPA_OPSIYON;D_EQ;SSO;D_EQ_EPP;DE_ASELS_EPP;ASELS.E;2025-11-28;16.81;20.8;-19.18;0;0;0;0;0;0;0;0;0;0;0;;;;;
2025-10-08;O_ASELSE1225C220.00;ASELS_12/2025_AVRUPA_OPSIYON;D_EQ;SSO;D_EQ_ECP;DE_ASELS_ECP;ASELS.E;2025-12-31;25.94;;0;0;0;0;0;0;0;0;0;0;0;0;;;;;
2025-10-08;O_ASELSE1225C225.00;ASELS_12/2025_AVRUPA_OPSIYON;D_EQ;SSO;D_EQ_ECP;DE_ASELS_ECP;ASELS.E;2025-12-31;23.15;;0;0;0;0;0;0;0;0;0;0;0;0;;;;;
2025-10-08;O_ASELSE1225C230.00;ASELS_12/2025_AVRUPA_OPSIYON;D_EQ;SSO;D_EQ_ECP;DE_ASELS_ECP;ASELS.E;2025-12-31;20.54;16.59;23.81;0;0;0;0;0;0;0;0;0;0;0;;;;;
2025-10-08;O_ASELSE1225C235.00;ASELS_12/2025_AVRUPA_OPSIYON;D_EQ;SSO;D_EQ_ECP;DE_ASELS_ECP;ASELS.E;2025-12-31;18.23;14.45;26.16;0;0;0;0;0;0;0;0;0;0;0;;;;;
2025-10-08;O_ASELSE1225C240.00;ASELS_12/2025_AVRUPA_OPSIYON;D_EQ;SSO;D_EQ_ECP;DE_ASELS_ECP;ASELS.E;2025-12-31;16.12;12.64;27.53;0;0;0;0;0;0;0;0;0;0;0;;;;;
2025-10-08;O_ASELSE1225C245.00;ASELS_12/2025_AVRUPA_OPSIYON;D_EQ;SSO;D_EQ_ECP;DE_ASELS_ECP;ASELS.E;2025-12-31;14.5;11.02;31.58;0;0;0;0;0;0;0;0;0;0;0;;;;;
2025-10-08;O_ASELSE1225C250.00;ASELS_12/2025_AVRUPA_OPSIYON;D_EQ;SSO;D_EQ_ECP;DE_ASELS_ECP;ASELS.E;2025-12-31;13.08;9.74;34.29;0;0;0;0;0;0;0;0;0;0;0;;;;;
2025-10-08;O_ASELSE1225C260.00;ASELS_12/2025_AVRUPA_OPSIYON;D_EQ;SSO;D_EQ_ECP;DE_ASELS_ECP;ASELS.E;2025-12-31;10.71;7.81;37.13;0;0;0;0;0;0;0;0;0;0;0;;;;;
2025-10-08;O_ASELSE1225C270.00;ASELS_12/2025_AVRUPA_OPSIYON;D_EQ;SSO;D_EQ_ECP;DE_ASELS_ECP;ASELS.E;2025-12-31;8.88;6.34;40.06;0;0;0;0;0;0;0;0;0;0;0;;;;;
2025-10-08;O_ASELSE1225C280.00;ASELS_12/2025_AVRUPA_OPSIYON;D_EQ;SSO;D_EQ_ECP;DE_ASELS_ECP;ASELS.E;2025-12-31;7.45;5.21;42.99;0;0;0;0;0;0;0;0;0;0;0;;;;;
2025-10-08;O_ASELSE1225P195.00;ASELS_12/2025_AVRUPA_OPSIYON;D_EQ;SSO;D_EQ_EPP;DE_ASELS_EPP;ASELS.E;2025-12-31;2.41;;0;0;0;0;0;0;0;0;0;0;0;0;;;;;
2025-10-08;O_ASELSE1225P200.00;ASELS_12/2025_AVRUPA_OPSIYON;D_EQ;SSO;D_EQ_EPP;DE_ASELS_EPP;ASELS.E;2025-12-31;3.18;;0;0;0;0;0;0;0;0;0;0;0;0;;;;;
2025-10-08;O_ASELSE1225P205.00;ASELS_12/2025_AVRUPA_OPSIYON;D_EQ;SSO;D_EQ_EPP;DE_ASELS_EPP;ASELS.E;2025-12-31;4.83;6.56;-26.37;0;0;0;0;0;0;0;0;0;0;0;;;;;
2025-10-08;O_ASELSE1225P210.00;ASELS_12/2025_AVRUPA_OPSIYON;D_EQ;SSO;D_EQ_EPP;DE_ASELS_EPP;ASELS.E;2025-12-31;5.75;7.74;-25.71;0;0;0;0;0;0;0;0;0;0;0;;;;;
2025-10-08;O_ASELSE1225P215.00;ASELS_12/2025_AVRUPA_OPSIYON;D_EQ;SSO;D_EQ_EPP;DE_ASELS_EPP;ASELS.E;2025-12-31;6.8;9.09;-25.19;0;0;0;0;0;0;0;0;0;0;0;;;;;
2025-10-08;O_ASELSE1225P220.00;ASELS_12/2025_AVRUPA_OPSIYON;D_EQ;SSO;D_EQ_EPP;DE_ASELS_EPP;ASELS.E;2025-12-31;8.13;10.6;-23.3;0;0;0;0;0;0;0;0;0;0;0;;;;;
2025-10-08;O_ASELSE1225P225.00;ASELS_12/2025_AVRUPA_OPSIYON;D_EQ;SSO;D_EQ_EPP;DE_ASELS_EPP;ASELS.E;2025-12-31;9.76;12.37;-21.1;0;0;0;0;0;0;0;0;0;0;0;;;;;
2025-10-08;O_ASELSE1225P230.00;ASELS_12/2025_AVRUPA_OPSIYON;D_EQ;SSO;D_EQ_EPP;DE_ASELS_EPP;ASELS.E;2025-12-31;11.63;14.52;-19.9;0;0;0;0;0;0;0;0;0;0;0;;;;;
2025-10-08;O_ASELSE1225P235.00;ASELS_12/2025_AVRUPA_OPSIYON;D_EQ;SSO;D_EQ_EPP;DE_ASELS_EPP;ASELS.E;2025-12-31;13.82;16.88;-18.13;0;0;0;0;0;0;0;0;0;0;0;;;;;
2025-10-08;O_ASELSE1225P240.00;ASELS_12/2025_AVRUPA_OPSIYON;D_EQ;SSO;D_EQ_EPP;DE_ASELS_EPP;ASELS.E;2025-12-31;16.21;19.56;-17.13;0;0;0;0;0;0;0;0;0;0;0;;;;;
2025-10-08;O_BIMASE1025C500.00;BIMAS_10/2025_AVRUPA_OPSIYON;D_EQ;SSO;D_EQ_ECP;DE_BIMAS_ECP;BIMAS.E;2025-10-31;70.28;81.2;-13.45;0;0;0;0;0;0;0;0;0;30;0;;;;;
2025-10-08;O_BIMASE1025C520.00;BIMAS_10/2025_AVRUPA_OPSIYON;D_EQ;SSO;D_EQ_ECP;DE_BIMAS_ECP;BIMAS.E;2025-10-31;53.26;63.59;-16.24;0;0;0;0;0;0;0;0;0;14;0;;;;;
2025-10-08;O_BIMASE1025C540.00;BIMAS_10/2025_AVRUPA_OPSIYON;D_EQ;SSO;D_EQ_ECP;DE_BIMAS_ECP;BIMAS.E;2025-10-31;38.01;47.4;-19.81;0;0;0;0;0;0;0;0;0;68;0;;;;;
2025-10-08;O_BIMASE1025C560.00;BIMAS_10/2025_AVRUPA_OPSIYON;D_EQ;SSO;D_EQ_ECP;DE_BIMAS_ECP;BIMAS.E;2025-10-31;25.65;33.39;-23.18;0;0;0;0;0;0;0;0;0;32;0;;;;;
2025-10-08;O_BIMASE1025C580.00;BIMAS_10/2025_AVRUPA_OPSIYON;D_EQ;SSO;D_EQ_ECP;DE_BIMAS_ECP;BIMAS.E;2025-10-31;16.33;22.28;-26.71;0;0;0;0;0;0;0;0;0;40;0;;;;;
2025-10-08;O_BIMASE1025C600.00;BIMAS_10/2025_AVRUPA_OPSIYON;D_EQ;SSO;D_EQ_ECP;DE_BIMAS_ECP;BIMAS.E;2025-10-31;9.92;14.2;-30.14;0;0;0;0;0;0;0;0;0;28;0;;;;;
2025-10-08;O_BIMASE1025C620.00;BIMAS_10/2025_AVRUPA_OPSIYON;D_EQ;SSO;D_EQ_ECP;DE_BIMAS_ECP;BIMAS.E;2025-10-31;6.06;8.83;-31.37;0;0;0;0;0;0;0;0;0;0;0;;;;;
2025-10-08;O_BIMASE1025C640.00;BIMAS_10/2025_AVRUPA_OPSIYON;D_EQ;SSO;D_EQ_ECP;DE_BIMAS_ECP;BIMAS.E;2025-10-31;3.66;5.52;-33.7;0;0;0;0;0;0;0;0;0;40;0;;;;;
2025-10-08;O_BIMASE1025C660.00;BIMAS_10/2025_AVRUPA_OPSIYON;D_EQ;SSO;D_EQ_ECP;DE_BIMAS_ECP;BIMAS.E;2025-10-31;2.2;3.43;-35.86;0;0;0;0;0;0;0;0;0;0;0;;;;;
2025-10-08;O_BIMASE1025C680.00;BIMAS_10/2025_AVRUPA_OPSIYON;D_EQ;SSO;D_EQ_ECP;DE_BIMAS_ECP;BIMAS.E;2025-10-31;1.32;2.13;-38.03;0;0;0;0;0;0;0;0;0;0;0;;;;;
2025-10-08;O_BIMASE1025C700.00;BIMAS_10/2025_AVRUPA_OPSIYON;D_EQ;SSO;D_EQ_ECP;DE_BIMAS_ECP;BIMAS.E;2025-10-31;0.8;1.33;-39.85;0;0;0;0;0;0;0;0;0;0;0;;;;;
2025-10-08;O_BIMASE1025P450.00;BIMAS_10/2025_AVRUPA_OPSIYON;D_EQ;SSO;D_EQ_EPP;DE_BIMAS_EPP;BIMAS.E;2025-10-31;0.28;0.22;27.27;0;0;0;0;0;0;0;0;0;25;0;;;;;
2025-10-08;O_BIMASE1025P460.00;BIMAS_10/2025_AVRUPA_OPSIYON;D_EQ;SSO;D_EQ_EPP;DE_BIMAS_EPP;BIMAS.E;2025-10-31;0.46;0.36;27.78;0;0;0;0;0;0;0;0;0;65;0;;;;;
2025-10-08;O_BIMASE1025P470.00;BIMAS_10/2025_AVRUPA_OPSIYON;D_EQ;SSO;D_EQ_EPP;DE_BIMAS_EPP;BIMAS.E;2025-10-31;0.72;0.55;30.91;0;0;0;0;0;0;0;0;0;0;0;;;;;
2025-10-08;O_BIMASE1025P480.00;BIMAS_10/2025_AVRUPA_OPSIYON;D_EQ;SSO;D_EQ_EPP;DE_BIMAS_EPP;BIMAS.E;2025-10-31;1.11;0.85;30.59;0;0;0;0;0;0;0;0;0;13;0;;;;;
2025-10-08;O_BIMASE1025P490.00;BIMAS_10/2025_AVRUPA_OPSIYON;D_EQ;SSO;D_EQ_EPP;DE_BIMAS_EPP;BIMAS.E;2025-10-31;1.66;1.27;30.71;0;0;0;0;0;0;0;0;0;130;0;;;;;
2025-10-08;O_BIMASE1025P500.00;BIMAS_10/2025_AVRUPA_OPSIYON;D_EQ;SSO;D_EQ_EPP;DE_BIMAS_EPP;BIMAS.E;2025-10-31;2.45;1.86;31.72;3.55;3.55;3.55;3.55;3.55;900000;6390;18;1;68;-18;;;;;
2025-10-08;O_BIMASE1025P520.00;BIMAS_10/2025_AVRUPA_OPSIYON;D_EQ;SSO;D_EQ_EPP;DE_BIMAS_EPP;BIMAS.E;2025-10-31;4.95;3.76;31.65;0;0;0;0;0;0;0;0;0;254;0;;;;;
2025-10-08;O_BIMASE1025P540.00;BIMAS_10/2025_AVRUPA_OPSIYON;D_EQ;SSO;D_EQ_EPP;DE_BIMAS_EPP;BIMAS.E;2025-10-31;9.23;7.07;30.55;11.25;11.25;11.25;11.25;11.25;972000;20250;18;1;40;-18;;;;;
2025-10-08;O_BIMASE1025P560.00;BIMAS_10/2025_AVRUPA_OPSIYON;D_EQ;SSO;D_EQ_EPP;DE_BIMAS_EPP;BIMAS.E;2025-10-31;16.4;12.57;30.47;18.65;18.65;19.39;19.39;19.02;1120000;38040;20;2;90;0;;;;;
2025-10-08;O_BIMASE1025P580.00;BIMAS_10/2025_AVRUPA_OPSIYON;D_EQ;SSO;D_EQ_EPP;DE_BIMAS_EPP;BIMAS.E;2025-10-31;26.61;20.97;26.9;29.75;29.75;29.75;29.75;29.75;1044000;53550;18;2;18;18;;;;;
2025-10-08;O_BIMASE1025P600.00;BIMAS_10/2025_AVRUPA_OPSIYON;D_EQ;SSO;D_EQ_EPP;DE_BIMAS_EPP;BIMAS.E;2025-10-31;39.72;32.39;22.63;42.02;42.02;43.1;43.1;42.56;1200000;85120;20;2;10;9;;;;;
2025-10-08;O_BIMASE1125C500.00;BIMAS_11/2025_AVRUPA_OPSIYON;D_EQ;SSO;D_EQ_ECP;DE_BIMAS_ECP;BIMAS.E;2025-11-28;87.95;98.5;-10.71;0;0;0;0;0;0;0;0;0;0;0;;;;;
2025-10-08;O_BIMASE1125C520.00;BIMAS_11/2025_AVRUPA_OPSIYON;D_EQ;SSO;D_EQ_ECP;DE_BIMAS_ECP;BIMAS.E;2025-11-28;72.18;82.24;-12.23;0;0;0;0;0;0;0;0;0;0;0;;;;;
2025-10-08;O_BIMASE1125C540.00;BIMAS_11/2025_AVRUPA_OPSIYON;D_EQ;SSO;D_EQ_ECP;DE_BIMAS_ECP;BIMAS.E;2025-11-28;57.61;67.02;-14.04;0;0;0;0;0;0;0;0;0;0;0;;;;;
2025-10-08;O_BIMASE1125C560.00;BIMAS_11/2025_AVRUPA_OPSIYON;D_EQ;SSO;D_EQ_ECP;DE_BIMAS_ECP;BIMAS.E;2025-11-28;44.61;53.08;-15.96;0;0;0;0;0;0;0;0;0;0;0;;;;;
2025-10-08;O_BIMASE1125C580.00;BIMAS_11/2025_AVRUPA_OPSIYON;D_EQ;SSO;D_EQ_ECP;DE_BIMAS_ECP;BIMAS.E;2025-11-28;33.95;41.08;-17.36;0;0;0;0;0;0;0;0;0;50;0;;;;;
2025-10-08;O_BIMASE1125C600.00;BIMAS_11/2025_AVRUPA_OPSIYON;D_EQ;SSO;D_EQ_ECP;DE_BIMAS_ECP;BIMAS.E;2025-11-28;25.4;31.2;-18.59;0;0;0;0;0;0;0;0;0;0;0;;;;;
2025-10-08;O_BIMASE1125C620.00;BIMAS_11/2025_AVRUPA_OPSIYON;D_EQ;SSO;D_EQ_ECP;DE_BIMAS_ECP;BIMAS.E;2025-11-28;18.87;23.46;-19.57;0;0;0;0;0;0;0;0;0;1;0;;;;;
2025-10-08;O_BIMASE1125C640.00;BIMAS_11/2025_AVRUPA_OPSIYON;D_EQ;SSO;D_EQ_ECP;DE_BIMAS_ECP;BIMAS.E;2025-11-28;14.35;17.77;-19.25;0;0;0;0;0;0;0;0;0;5;0;;;;;
2025-10-08;O_BIMASE1125C660.00;BIMAS_11/2025_AVRUPA_OPSIYON;D_EQ;SSO;D_EQ_ECP;DE_BIMAS_ECP;BIMAS.E;2025-11-28;10.95;13.68;-19.96;0;0;0;0;0;0;0;0;0;15;0;;;;;
2025-10-08;O_BIMASE1125C680.00;BIMAS_11/2025_AVRUPA_OPSIYON;D_EQ;SSO;D_EQ_ECP;DE_BIMAS_ECP;BIMAS.E;2025-11-28;8.4;10.58;-20.6;0;0;0;0;0;0;0;0;0;3;0;;;;;
2025-10-08;O_BIMASE1125C700.00;BIMAS_11/2025_AVRUPA_OPSIYON;D_EQ;SSO;D_EQ_ECP;DE_BIMAS_ECP;BIMAS.E;2025-11-28;6.49;8.24;-21.24;0;0;0;0;0;0;0;0;0;14;0;;;;;
2025-10-08;O_BIMASE1125C720.00;BIMAS_11/2025_AVRUPA_OPSIYON;D_EQ;SSO;D_EQ_ECP;DE_BIMAS_ECP;BIMAS.E;2025-11-28;5.06;6.47;-21.79;0;0;0;0;0;0;0;0;0;10;0;;;;;
2025-10-08;O_BIMASE1125P450.00;BIMAS_11/2025_AVRUPA_OPSIYON;D_EQ;SSO;D_EQ_EPP;DE_BIMAS_EPP;BIMAS.E;2025-11-28;1.82;1.56;16.67;0;0;0;0;0;0;0;0;0;0;0;;;;;
2025-10-08;O_BIMASE1125P460.00;BIMAS_11/2025_AVRUPA_OPSIYON;D_EQ;SSO;D_EQ_EPP;DE_BIMAS_EPP;BIMAS.E;2025-11-28;2.36;2.01;17.41;0;0;0;0;0;0;0;0;0;0;0;;;;;
2025-10-08;O_BIMASE1125P470.00;BIMAS_11/2025_AVRUPA_OPSIYON;D_EQ;SSO;D_EQ_EPP;DE_BIMAS_EPP;BIMAS.E;2025-11-28;3.03;2.58;17.44;2.75;2.7;2.75;2.7;2.73;940000;5465;20;2;20;20;;;;;
2025-10-08;O_BIMASE1125P480.00;BIMAS_11/2025_AVRUPA_OPSIYON;D_EQ;SSO;D_EQ_EPP;DE_BIMAS_EPP;BIMAS.E;2025-11-28;3.86;3.28;17.68;0;0;0;0;0;0;0;0;0;0;0;;;;;
2025-10-08;O_BIMASE1125P490.00;BIMAS_11/2025_AVRUPA_OPSIYON;D_EQ;SSO;D_EQ_EPP;DE_BIMAS_EPP;BIMAS.E;2025-11-28;4.88;4.13;18.16;0;0;0;0;0;0;0;0;0;0;0;;;;;
2025-10-08;O_BIMASE1125P500.00;BIMAS_11/2025_AVRUPA_OPSIYON;D_EQ;SSO;D_EQ_EPP;DE_BIMAS_EPP;BIMAS.E;2025-11-28;6.1;5.15;18.45;0;0;0;0;0;0;0;0;0;0;0;;;;;
2025-10-08;O_BIMASE1125P520.00;BIMAS_11/2025_AVRUPA_OPSIYON;D_EQ;SSO;D_EQ_EPP;DE_BIMAS_EPP;BIMAS.E;2025-11-28;9.29;7.84;18.49;0;0;0;0;0;0;0;0;0;0;0;;;;;
2025-10-08;O_BIMASE1125P540.00;BIMAS_11/2025_AVRUPA_OPSIYON;D_EQ;SSO;D_EQ_EPP;DE_BIMAS_EPP;BIMAS.E;2025-11-28;13.69;11.57;18.32;0;0;0;0;0;0;0;0;0;0;0;;;;;
2025-10-08;O_BIMASE1125P560.00;BIMAS_11/2025_AVRUPA_OPSIYON;D_EQ;SSO;D_EQ_EPP;DE_BIMAS_EPP;BIMAS.E;2025-11-28;19.65;16.56;18.66;0;0;0;0;0;0;0;0;0;0;0;;;;;
2025-10-08;O_BIMASE1125P580.00;BIMAS_11/2025_AVRUPA_OPSIYON;D_EQ;SSO;D_EQ_EPP;DE_BIMAS_EPP;BIMAS.E;2025-11-28;27.96;23.51;18.93;0;0;0;0;0;0;0;0;0;0;0;;;;;
2025-10-08;O_BIMASE1125P600.00;BIMAS_11/2025_AVRUPA_OPSIYON;D_EQ;SSO;D_EQ_EPP;DE_BIMAS_EPP;BIMAS.E;2025-11-28;38.38;32.58;17.8;0;0;0;0;0;0;0;0;0;0;0;;;;;
2025-10-08;O_BIMASE1125P620.00;BIMAS_11/2025_AVRUPA_OPSIYON;D_EQ;SSO;D_EQ_EPP;DE_BIMAS_EPP;BIMAS.E;2025-11-28;50.81;43.79;16.03;0;0;0;0;0;0;0;0;0;0;0;;;;;
2025-10-08;O_BIMASE1225C560.00;BIMAS_12/2025_AVRUPA_OPSIYON;D_EQ;SSO;D_EQ_ECP;DE_BIMAS_ECP;BIMAS.E;2025-12-31;70.67;80.12;-11.79;0;0;0;0;0;0;0;0;0;0;0;;;;;
2025-10-08;O_BIMASE1225C580.00;BIMAS_12/2025_AVRUPA_OPSIYON;D_EQ;SSO;D_EQ_ECP;DE_BIMAS_ECP;BIMAS.E;2025-12-31;58.32;66.98;-12.93;0;0;0;0;0;0;0;0;0;0;0;;;;;
2025-10-08;O_BIMASE1225C600.00;BIMAS_12/2025_AVRUPA_OPSIYON;D_EQ;SSO;D_EQ_ECP;DE_BIMAS_ECP;BIMAS.E;2025-12-31;47.89;55.42;-13.59;0;0;0;0;0;0;0;0;0;0;0;;;;;
2025-10-08;O_BIMASE1225C620.00;BIMAS_12/2025_AVRUPA_OPSIYON;D_EQ;SSO;D_EQ_ECP;DE_BIMAS_ECP;BIMAS.E;2025-12-31;39.09;45.51;-14.11;0;0;0;0;0;0;0;0;0;0;0;;;;;
2025-10-08;O_BIMASE1225C640.00;BIMAS_12/2025_AVRUPA_OPSIYON;D_EQ;SSO;D_EQ_ECP;DE_BIMAS_ECP;BIMAS.E;2025-12-31;31.87;37.35;-14.67;0;0;0;0;0;0;0;0;0;0;0;;;;;
2025-10-08;O_BIMASE1225C660.00;BIMAS_12/2025_AVRUPA_OPSIYON;D_EQ;SSO;D_EQ_ECP;DE_BIMAS_ECP;BIMAS.E;2025-12-31;26.61;30.88;-13.83;0;0;0;0;0;0;0;0;0;0;0;;;;;
2025-10-08;O_BIMASE1225C680.00;BIMAS_12/2025_AVRUPA_OPSIYON;D_EQ;SSO;D_EQ_ECP;DE_BIMAS_ECP;BIMAS.E;2025-12-31;22.32;26;-14.15;0;0;0;0;0;0;0;0;0;0;0;;;;;
2025-10-08;O_BIMASE1225C700.00;BIMAS_12/2025_AVRUPA_OPSIYON;D_EQ;SSO;D_EQ_ECP;DE_BIMAS_ECP;BIMAS.E;2025-12-31;18.81;21.99;-14.46;0;0;0;0;0;0;0;0;0;0;0;;;;;
2025-10-08;O_BIMASE1225C720.00;BIMAS_12/2025_AVRUPA_OPSIYON;D_EQ;SSO;D_EQ_ECP;DE_BIMAS_ECP;BIMAS.E;2025-12-31;15.96;18.72;-14.74;0;0;0;0;0;0;0;0;0;0;0;;;;;
2025-10-08;O_BIMASE1225C740.00;BIMAS_12/2025_AVRUPA_OPSIYON;D_EQ;SSO;D_EQ_ECP;DE_BIMAS_ECP;BIMAS.E;2025-12-31;13.63;16.03;-14.97;0;0;0;0;0;0;0;0;0;0;0;;;;;
2025-10-08;O_BIMASE1225P480.00;BIMAS_12/2025_AVRUPA_OPSIYON;D_EQ;SSO;D_EQ_EPP;DE_BIMAS_EPP;BIMAS.E;2025-12-31;5.44;4.84;12.4;0;0;0;0;0;0;0;0;0;0;0;;;;;
2025-10-08;O_BIMASE1225P490.00;BIMAS_12/2025_AVRUPA_OPSIYON;D_EQ;SSO;D_EQ_EPP;DE_BIMAS_EPP;BIMAS.E;2025-12-31;6.44;5.73;12.39;0;0;0;0;0;0;0;0;0;0;0;;;;;
2025-10-08;O_BIMASE1225P500.00;BIMAS_12/2025_AVRUPA_OPSIYON;D_EQ;SSO;D_EQ_EPP;DE_BIMAS_EPP;BIMAS.E;2025-12-31;7.59;6.74;12.61;0;0;0;0;0;0;0;0;0;0;0;;;;;
2025-10-08;O_BIMASE1225P520.00;BIMAS_12/2025_AVRUPA_OPSIYON;D_EQ;SSO;D_EQ_EPP;DE_BIMAS_EPP;BIMAS.E;2025-12-31;10.39;9.19;13.06;0;0;0;0;0;0;0;0;0;0;0;;;;;
2025-10-08;O_BIMASE1225P540.00;BIMAS_12/2025_AVRUPA_OPSIYON;D_EQ;SSO;D_EQ_EPP;DE_BIMAS_EPP;BIMAS.E;2025-12-31;13.96;12.31;13.4;0;0;0;0;0;0;0;0;0;0;0;;;;;
2025-10-08;O_BIMASE1225P560.00;BIMAS_12/2025_AVRUPA_OPSIYON;D_EQ;SSO;D_EQ_EPP;DE_BIMAS_EPP;BIMAS.E;2025-12-31;18.42;16.23;13.49;0;0;0;0;0;0;0;0;0;0;0;;;;;
2025-10-08;O_BIMASE1225P580.00;BIMAS_12/2025_AVRUPA_OPSIYON;D_EQ;SSO;D_EQ_EPP;DE_BIMAS_EPP;BIMAS.E;2025-12-31;24.05;21.06;14.2;0;0;0;0;0;0;0;0;0;0;0;;;;;
2025-10-08;O_BIMASE1225P600.00;BIMAS_12/2025_AVRUPA_OPSIYON;D_EQ;SSO;D_EQ_EPP;DE_BIMAS_EPP;BIMAS.E;2025-12-31;31.62;27.47;15.11;0;0;0;0;0;0;0;0;0;0;0;;;;;
2025-10-08;O_BIMASE1225P620.00;BIMAS_12/2025_AVRUPA_OPSIYON;D_EQ;SSO;D_EQ_EPP;DE_BIMAS_EPP;BIMAS.E;2025-12-31;40.81;35.52;14.89;0;0;0;0;0;0;0;0;0;0;0;;;;;
2025-10-08;O_BIMASE1225P640.00;BIMAS_12/2025_AVRUPA_OPSIYON;D_EQ;SSO;D_EQ_EPP;DE_BIMAS_EPP;BIMAS.E;2025-12-31;51.58;45.33;13.79;0;0;0;0;0;0;0;0;0;0;0;;;;;
2025-10-08;O_EKGYOE1025C19.00;EKGYO_10/2025_AVRUPA_OPSIYON;D_EQ;SSO;D_EQ_ECP;DE_EKGYO_ECP;EKGYO.E;2025-10-31;1.52;1.49;2.01;0;0;0;0;0;0;0;0;0;5006;0;;;;;
2025-10-08;O_EKGYOE1025C19.50;EKGYO_10/2025_AVRUPA_OPSIYON;D_EQ;SSO;D_EQ_ECP;DE_EKGYO_ECP;EKGYO.E;2025-10-31;1.21;1.19;1.68;1.12;1.06;1.12;1.06;1.09;19500;1090;10;2;11;10;;;;;
2025-10-08;O_EKGYOE1025C20.00;EKGYO_10/2025_AVRUPA_OPSIYON;D_EQ;SSO;D_EQ_ECP;DE_EKGYO_ECP;EKGYO.E;2025-10-31;0.94;0.92;2.17;0;0;0;0;0;0;0;0;0;100;0;;;;;
2025-10-08;O_EKGYOE1025C20.50;EKGYO_10/2025_AVRUPA_OPSIYON;D_EQ;SSO;D_EQ_ECP;DE_EKGYO_ECP;EKGYO.E;2025-10-31;0.71;0.7;1.43;0;0;0;0;0;0;0;0;0;2486;0;;;;;
2025-10-08;O_EKGYOE1025C21.00;EKGYO_10/2025_AVRUPA_OPSIYON;D_EQ;SSO;D_EQ_ECP;DE_EKGYO_ECP;EKGYO.E;2025-10-31;0.53;0.53;0;0;0;0;0;0;0;0;0;0;3140;0;;;;;
2025-10-08;O_EKGYOE1025C21.50;EKGYO_10/2025_AVRUPA_OPSIYON;D_EQ;SSO;D_EQ_ECP;DE_EKGYO_ECP;EKGYO.E;2025-10-31;0.39;0.39;0;0;0;0;0;0;0;0;0;0;0;0;;;;;
2025-10-08;O_EKGYOE1025C22.00;EKGYO_10/2025_AVRUPA_OPSIYON;D_EQ;SSO;D_EQ_ECP;DE_EKGYO_ECP;EKGYO.E;2025-10-31;0.28;0.28;0;0;0;0;0;0;0;0;0;0;55;0;;;;;
2025-10-08;O_EKGYOE1025C22.50;EKGYO_10/2025_AVRUPA_OPSIYON;D_EQ;SSO;D_EQ_ECP;DE_EKGYO_ECP;EKGYO.E;2025-10-31;0.2;0.2;0;0;0;0;0;0;0;0;0;0;3;0;;;;;
2025-10-08;O_EKGYOE1025C23.00;EKGYO_10/2025_AVRUPA_OPSIYON;D_EQ;SSO;D_EQ_ECP;DE_EKGYO_ECP;EKGYO.E;2025-10-31;0.14;0.14;0;0;0;0;0;0;0;0;0;0;339;0;;;;;
2025-10-08;O_EKGYOE1025C23.50;EKGYO_10/2025_AVRUPA_OPSIYON;D_EQ;SSO;D_EQ_ECP;DE_EKGYO_ECP;EKGYO.E;2025-10-31;0.1;0.1;0;0;0;0;0;0;0;0;0;0;1009;0;;;;;
2025-10-08;O_EKGYOE1025C24.00;EKGYO_10/2025_AVRUPA_OPSIYON;D_EQ;SSO;D_EQ_ECP;DE_EKGYO_ECP;EKGYO.E;2025-10-31;0.07;0.07;0;0;0;0;0;0;0;0;0;0;934;0;;;;;
2025-10-08;O_EKGYOE1025C24.50;EKGYO_10/2025_AVRUPA_OPSIYON;D_EQ;SSO;D_EQ_ECP;DE_EKGYO_ECP;EKGYO.E;2025-10-31;0.04;0.05;-20;0;0;0;0;0;0;0;0;0;5;0;;;;;
2025-10-08;O_EKGYOE1025C25.00;EKGYO_10/2025_AVRUPA_OPSIYON;D_EQ;SSO;D_EQ_ECP;DE_EKGYO_ECP;EKGYO.E;2025-10-31;0.03;0.03;0;0;0;0;0;0;0;0;0;0;6;0;;;;;
2025-10-08;O_EKGYOE1025C26.00;EKGYO_10/2025_AVRUPA_OPSIYON;D_EQ;SSO;D_EQ_ECP;DE_EKGYO_ECP;EKGYO.E;2025-10-31;0.01;0.01;0;0;0;0;0;0;0;0;0;0;0;0;;;;;
2025-10-08;O_EKGYOE1025C27.00;EKGYO_10/2025_AVRUPA_OPSIYON;D_EQ;SSO;D_EQ_ECP;DE_EKGYO_ECP;EKGYO.E;2025-10-31;0.01;0.01;0;0;0;0;0;0;0;0;0;0;0;0;;;;;
2025-10-08;O_EKGYOE1025P16.50;EKGYO_10/2025_AVRUPA_OPSIYON;D_EQ;SSO;D_EQ_EPP;DE_EKGYO_EPP;EKGYO.E;2025-10-31;0.03;0.04;-25;0;0;0;0;0;0;0;0;0;0;0;;;;;
2025-10-08;O_EKGYOE1025P17.00;EKGYO_10/2025_AVRUPA_OPSIYON;D_EQ;SSO;D_EQ_EPP;DE_EKGYO_EPP;EKGYO.E;2025-10-31;0.06;0.07;-14.29;0;0;0;0;0;0;0;0;0;18;0;;;;;
2025-10-08;O_EKGYOE1025P17.50;EKGYO_10/2025_AVRUPA_OPSIYON;D_EQ;SSO;D_EQ_EPP;DE_EKGYO_EPP;EKGYO.E;2025-10-31;0.1;0.12;-16.67;0;0;0;0;0;0;0;0;0;20;0;;;;;
2025-10-08;O_EKGYOE1025P18.00;EKGYO_10/2025_AVRUPA_OPSIYON;D_EQ;SSO;D_EQ_EPP;DE_EKGYO_EPP;EKGYO.E;2025-10-31;0.17;0.19;-10.53;0;0;0;0;0;0;0;0;0;1736;0;;;;;
2025-10-08;O_EKGYOE1025P18.50;EKGYO_10/2025_AVRUPA_OPSIYON;D_EQ;SSO;D_EQ_EPP;DE_EKGYO_EPP;EKGYO.E;2025-10-31;0.26;0.29;-10.34;0;0;0;0;0;0;0;0;0;8364;0;;;;;
2025-10-08;O_EKGYOE1025P19.00;EKGYO_10/2025_AVRUPA_OPSIYON;D_EQ;SSO;D_EQ_EPP;DE_EKGYO_EPP;EKGYO.E;2025-10-31;0.39;0.43;-9.3;0.43;0.43;0.43;0.43;0.43;1900000;43000;1000;4;1800;1000;;;;;
2025-10-08;O_EKGYOE1025P19.50;EKGYO_10/2025_AVRUPA_OPSIYON;D_EQ;SSO;D_EQ_EPP;DE_EKGYO_EPP;EKGYO.E;2025-10-31;0.57;0.61;-6.56;0;0;0;0;0;0;0;0;0;276;0;;;;;
2025-10-08;O_EKGYOE1025P20.00;EKGYO_10/2025_AVRUPA_OPSIYON;D_EQ;SSO;D_EQ_EPP;DE_EKGYO_EPP;EKGYO.E;2025-10-31;0.79;0.83;-4.82;0;0;0;0;0;0;0;0;0;3465;0;;;;;
2025-10-08;O_EKGYOE1025P20.50;EKGYO_10/2025_AVRUPA_OPSIYON;D_EQ;SSO;D_EQ_EPP;DE_EKGYO_EPP;EKGYO.E;2025-10-31;1.05;1.1;-4.55;0;0;0;0;0;0;0;0;0;181;0;;;;;
2025-10-08;O_EKGYOE1025P21.00;EKGYO_10/2025_AVRUPA_OPSIYON;D_EQ;SSO;D_EQ_EPP;DE_EKGYO_EPP;EKGYO.E;2025-10-31;1.35;1.41;-4.26;0;0;0;0;0;0;0;0;0;388;0;;;;;
2025-10-08;O_EKGYOE1025P21.50;EKGYO_10/2025_AVRUPA_OPSIYON;D_EQ;SSO;D_EQ_EPP;DE_EKGYO_EPP;EKGYO.E;2025-10-31;1.7;1.76;-3.41;0;0;0;0;0;0;0;0;0;4532;0;;;;;
2025-10-08;O_EKGYOE1025P22.00;EKGYO_10/2025_AVRUPA_OPSIYON;D_EQ;SSO;D_EQ_EPP;DE_EKGYO_EPP;EKGYO.E;2025-10-31;2.08;2.14;-2.8;0;0;0;0;0;0;0;0;0;0;0;;;;;
2025-10-08;O_EKGYOE1025P22.50;EKGYO_10/2025_AVRUPA_OPSIYON;D_EQ;SSO;D_EQ_EPP;DE_EKGYO_EPP;EKGYO.E;2025-10-31;2.49;2.55;-2.35;0;0;0;0;0;0;0;0;0;9779;0;;;;;
2025-10-08;O_EKGYOE1025P23.00;EKGYO_10/2025_AVRUPA_OPSIYON;D_EQ;SSO;D_EQ_EPP;DE_EKGYO_EPP;EKGYO.E;2025-10-31;2.92;2.98;-2.01;0;0;0;0;0;0;0;0;0;300;0;;;;;
2025-10-08;O_EKGYOE1025P23.50;EKGYO_10/2025_AVRUPA_OPSIYON;D_EQ;SSO;D_EQ_EPP;DE_EKGYO_EPP;EKGYO.E;2025-10-31;3.36;3.42;-1.75;0;0;0;0;0;0;0;0;0;100;0;;;;;
2025-10-08;O_EKGYOE1125C19.50;EKGYO_11/2025_AVRUPA_OPSIYON;D_EQ;SSO;D_EQ_ECP;DE_EKGYO_ECP;EKGYO.E;2025-11-28;1.93;1.9;1.58;0;0;0;0;0;0;0;0;0;25;0;;;;;
2025-10-08;O_EKGYOE1125C20.00;EKGYO_11/2025_AVRUPA_OPSIYON;D_EQ;SSO;D_EQ_ECP;DE_EKGYO_ECP;EKGYO.E;2025-11-28;1.65;1.63;1.23;0;0;0;0;0;0;0;0;0;0;0;;;;;
2025-10-08;O_EKGYOE1125C20.50;EKGYO_11/2025_AVRUPA_OPSIYON;D_EQ;SSO;D_EQ_ECP;DE_EKGYO_ECP;EKGYO.E;2025-11-28;1.4;1.38;1.45;0;0;0;0;0;0;0;0;0;0;0;;;;;
2025-10-08;O_EKGYOE1125C21.00;EKGYO_11/2025_AVRUPA_OPSIYON;D_EQ;SSO;D_EQ_ECP;DE_EKGYO_ECP;EKGYO.E;2025-11-28;1.18;1.16;1.72;0;0;0;0;0;0;0;0;0;6;0;;;;;
2025-10-08;O_EKGYOE1125C21.50;EKGYO_11/2025_AVRUPA_OPSIYON;D_EQ;SSO;D_EQ_ECP;DE_EKGYO_ECP;EKGYO.E;2025-11-28;0.99;0.97;2.06;0;0;0;0;0;0;0;0;0;0;0;;;;;
2025-10-08;O_EKGYOE1125C22.00;EKGYO_11/2025_AVRUPA_OPSIYON;D_EQ;SSO;D_EQ_ECP;DE_EKGYO_ECP;EKGYO.E;2025-11-28;0.82;0.81;1.23;0;0;0;0;0;0;0;0;0;0;0;;;;;
2025-10-08;O_EKGYOE1125C22.50;EKGYO_11/2025_AVRUPA_OPSIYON;D_EQ;SSO;D_EQ_ECP;DE_EKGYO_ECP;EKGYO.E;2025-11-28;0.68;0.67;1.49;0;0;0;0;0;0;0;0;0;0;0;;;;;
2025-10-08;O_EKGYOE1125C23.00;EKGYO_11/2025_AVRUPA_OPSIYON;D_EQ;SSO;D_EQ_ECP;DE_EKGYO_ECP;EKGYO.E;2025-11-28;0.56;0.56;0;0;0;0;0;0;0;0;0;0;0;0;;;;;
2025-10-08;O_EKGYOE1125C23.50;EKGYO_11/2025_AVRUPA_OPSIYON;D_EQ;SSO;D_EQ_ECP;DE_EKGYO_ECP;EKGYO.E;2025-11-28;0.46;0.46;0;0;0;0;0;0;0;0;0;0;0;0;;;;;
2025-10-08;O_EKGYOE1125C24.00;EKGYO_11/2025_AVRUPA_OPSIYON;D_EQ;SSO;D_EQ_ECP;DE_EKGYO_ECP;EKGYO.E;2025-11-28;0.38;0.38;0;0;0;0;0;0;0;0;0;0;0;0;;;;;
2025-10-08;O_EKGYOE1125C24.50;EKGYO_11/2025_AVRUPA_OPSIYON;D_EQ;SSO;D_EQ_ECP;DE_EKGYO_ECP;EKGYO.E;2025-11-28;0.31;0.31;0;0;0;0;0;0;0;0;0;0;392;0;;;;;
2025-10-08;O_EKGYOE1125C25.00;EKGYO_11/2025_AVRUPA_OPSIYON;D_EQ;SSO;D_EQ_ECP;DE_EKGYO_ECP;EKGYO.E;2025-11-28;0.25;0.25;0;0;0;0;0;0;0;0;0;0;25;0;;;;;
2025-10-08;O_EKGYOE1125C26.00;EKGYO_11/2025_AVRUPA_OPSIYON;D_EQ;SSO;D_EQ_ECP;DE_EKGYO_ECP;EKGYO.E;2025-11-28;0.17;0.17;0;0;0;0;0;0;0;0;0;0;3;0;;;;;
2025-10-08;O_EKGYOE1125C27.00;EKGYO_11/2025_AVRUPA_OPSIYON;D_EQ;SSO;D_EQ_ECP;DE_EKGYO_ECP;EKGYO.E;2025-11-28;0.11;0.11;0;0;0;0;0;0;0;0;0;0;42;0;;;;;
2025-10-08;O_EKGYOE1125P17.00;EKGYO_11/2025_AVRUPA_OPSIYON;D_EQ;SSO;D_EQ_EPP;DE_EKGYO_EPP;EKGYO.E;2025-11-28;0.17;0.19;-10.53;0;0;0;0;0;0;0;0;0;13;0;;;;;
2025-10-08;O_EKGYOE1125P17.50;EKGYO_11/2025_AVRUPA_OPSIYON;D_EQ;SSO;D_EQ_EPP;DE_EKGYO_EPP;EKGYO.E;2025-11-28;0.25;0.26;-3.85;0;0;0;0;0;0;0;0;0;11;0;;;;;
2025-10-08;O_EKGYOE1125P18.00;EKGYO_11/2025_AVRUPA_OPSIYON;D_EQ;SSO;D_EQ_EPP;DE_EKGYO_EPP;EKGYO.E;2025-11-28;0.33;0.35;-5.71;0;0;0;0;0;0;0;0;0;6;0;;;;;
2025-10-08;O_EKGYOE1125P18.50;EKGYO_11/2025_AVRUPA_OPSIYON;D_EQ;SSO;D_EQ_EPP;DE_EKGYO_EPP;EKGYO.E;2025-11-28;0.45;0.47;-4.26;0.62;0.62;0.62;0.62;0.62;18500;620;10;6;11;10;;;;;
2025-10-08;O_EKGYOE1125P19.00;EKGYO_11/2025_AVRUPA_OPSIYON;D_EQ;SSO;D_EQ_EPP;DE_EKGYO_EPP;EKGYO.E;2025-11-28;0.58;0.61;-4.92;0.78;0.78;0.78;0.78;0.78;19000;780;10;6;420;10;;;;;
2025-10-08;O_EKGYOE1125P19.50;EKGYO_11/2025_AVRUPA_OPSIYON;D_EQ;SSO;D_EQ_EPP;DE_EKGYO_EPP;EKGYO.E;2025-11-28;0.75;0.77;-2.6;0.96;0.96;0.96;0.96;0.96;19500;960;10;6;40;10;;;;;
2025-10-08;O_EKGYOE1125P20.00;EKGYO_11/2025_AVRUPA_OPSIYON;D_EQ;SSO;D_EQ_EPP;DE_EKGYO_EPP;EKGYO.E;2025-11-28;0.94;0.97;-3.09;0;0;0;0;0;0;0;0;0;10;0;;;;;
2025-10-08;O_EKGYOE1125P20.50;EKGYO_11/2025_AVRUPA_OPSIYON;D_EQ;SSO;D_EQ_EPP;DE_EKGYO_EPP;EKGYO.E;2025-11-28;1.16;1.2;-3.33;0;0;0;0;0;0;0;0;0;0;0;;;;;
2025-10-08;O_EKGYOE1125P21.00;EKGYO_11/2025_AVRUPA_OPSIYON;D_EQ;SSO;D_EQ_EPP;DE_EKGYO_EPP;EKGYO.E;2025-11-28;1.41;1.45;-2.76;0;0;0;0;0;0;0;0;0;0;0;;;;;
2025-10-08;O_EKGYOE1125P21.50;EKGYO_11/2025_AVRUPA_OPSIYON;D_EQ;SSO;D_EQ_EPP;DE_EKGYO_EPP;EKGYO.E;2025-11-28;1.69;1.74;-2.87;0;0;0;0;0;0;0;0;0;0;0;;;;;
2025-10-08;O_EKGYOE1125P22.00;EKGYO_11/2025_AVRUPA_OPSIYON;D_EQ;SSO;D_EQ_EPP;DE_EKGYO_EPP;EKGYO.E;2025-11-28;2;2.05;-2.44;0;0;0;0;0;0;0;0;0;0;0;;;;;
2025-10-08;O_EKGYOE1125P22.50;EKGYO_11/2025_AVRUPA_OPSIYON;D_EQ;SSO;D_EQ_EPP;DE_EKGYO_EPP;EKGYO.E;2025-11-28;2.34;2.39;-2.09;0;0;0;0;0;0;0;0;0;0;0;;;;;
2025-10-08;O_EKGYOE1125P23.00;EKGYO_11/2025_AVRUPA_OPSIYON;D_EQ;SSO;D_EQ_EPP;DE_EKGYO_EPP;EKGYO.E;2025-11-28;2.69;2.74;-1.82;0;0;0;0;0;0;0;0;0;0;0;;;;;
2025-10-08;O_EKGYOE1125P23.50;EKGYO_11/2025_AVRUPA_OPSIYON;D_EQ;SSO;D_EQ_EPP;DE_EKGYO_EPP;EKGYO.E;2025-11-28;3.07;3.12;-1.6;0;0;0;0;0;0;0;0;0;4500;0;;;;;
2025-10-08;O_EKGYOE1225C20.50;EKGYO_12/2025_AVRUPA_OPSIYON;D_EQ;SSO;D_EQ_ECP;DE_EKGYO_ECP;EKGYO.E;2025-12-31;2.29;2.26;1.33;0;0;0;0;0;0;0;0;0;0;0;;;;;
2025-10-08;O_EKGYOE1225C21.00;EKGYO_12/2025_AVRUPA_OPSIYON;D_EQ;SSO;D_EQ_ECP;DE_EKGYO_ECP;EKGYO.E;2025-12-31;2.04;2.01;1.49;0;0;0;0;0;0;0;0;0;0;0;;;;;
2025-10-08;O_EKGYOE1225C21.50;EKGYO_12/2025_AVRUPA_OPSIYON;D_EQ;SSO;D_EQ_ECP;DE_EKGYO_ECP;EKGYO.E;2025-12-31;1.81;1.78;1.69;0;0;0;0;0;0;0;0;0;0;0;;;;;
2025-10-08;O_EKGYOE1225C22.00;EKGYO_12/2025_AVRUPA_OPSIYON;D_EQ;SSO;D_EQ_ECP;DE_EKGYO_ECP;EKGYO.E;2025-12-31;1.6;1.58;1.27;0;0;0;0;0;0;0;0;0;1300;0;;;;;
2025-10-08;O_EKGYOE1225C22.50;EKGYO_12/2025_AVRUPA_OPSIYON;D_EQ;SSO;D_EQ_ECP;DE_EKGYO_ECP;EKGYO.E;2025-12-31;1.41;1.39;1.44;0;0;0;0;0;0;0;0;0;0;0;;;;;
2025-10-08;O_EKGYOE1225C23.00;EKGYO_12/2025_AVRUPA_OPSIYON;D_EQ;SSO;D_EQ_ECP;DE_EKGYO_ECP;EKGYO.E;2025-12-31;1.24;1.23;0.81;0;0;0;0;0;0;0;0;0;0;0;;;;;
2025-10-08;O_EKGYOE1225C23.50;EKGYO_12/2025_AVRUPA_OPSIYON;D_EQ;SSO;D_EQ_ECP;DE_EKGYO_ECP;EKGYO.E;2025-12-31;1.1;1.08;1.85;0;0;0;0;0;0;0;0;0;0;0;;;;;
2025-10-08;O_EKGYOE1225C24.00;EKGYO_12/2025_AVRUPA_OPSIYON;D_EQ;SSO;D_EQ_ECP;DE_EKGYO_ECP;EKGYO.E;2025-12-31;0.96;0.95;1.05;0;0;0;0;0;0;0;0;0;0;0;;;;;
2025-10-08;O_EKGYOE1225C24.50;EKGYO_12/2025_AVRUPA_OPSIYON;D_EQ;SSO;D_EQ_ECP;DE_EKGYO_ECP;EKGYO.E;2025-12-31;0.85;0.84;1.19;0;0;0;0;0;0;0;0;0;0;0;;;;;
2025-10-08;O_EKGYOE1225C25.00;EKGYO_12/2025_AVRUPA_OPSIYON;D_EQ;SSO;D_EQ_ECP;DE_EKGYO_ECP;EKGYO.E;2025-12-31;0.74;0.74;0;0;0;0;0;0;0;0;0;0;0;0;;;;;
2025-10-08;O_EKGYOE1225C26.00;EKGYO_12/2025_AVRUPA_OPSIYON;D_EQ;SSO;D_EQ_ECP;DE_EKGYO_ECP;EKGYO.E;2025-12-31;0.57;0.57;0;0;0;0;0;0;0;0;0;0;0;0;;;;;
2025-10-08;O_EKGYOE1225P18.00;EKGYO_12/2025_AVRUPA_OPSIYON;D_EQ;SSO;D_EQ_EPP;DE_EKGYO_EPP;EKGYO.E;2025-12-31;0.38;0.4;-5;0;0;0;0;0;0;0;0;0;0;0;;;;;
2025-10-08;O_EKGYOE1225P18.50;EKGYO_12/2025_AVRUPA_OPSIYON;D_EQ;SSO;D_EQ_EPP;DE_EKGYO_EPP;EKGYO.E;2025-12-31;0.48;0.5;-4;0;0;0;0;0;0;0;0;0;0;0;;;;;
2025-10-08;O_EKGYOE1225P19.00;EKGYO_12/2025_AVRUPA_OPSIYON;D_EQ;SSO;D_EQ_EPP;DE_EKGYO_EPP;EKGYO.E;2025-12-31;0.6;0.62;-3.23;0;0;0;0;0;0;0;0;0;0;0;;;;;
2025-10-08;O_EKGYOE1225P19.50;EKGYO_12/2025_AVRUPA_OPSIYON;D_EQ;SSO;D_EQ_EPP;DE_EKGYO_EPP;EKGYO.E;2025-12-31;0.73;0.75;-2.67;0;0;0;0;0;0;0;0;0;0;0;;;;;
2025-10-08;O_EKGYOE1225P20.00;EKGYO_12/2025_AVRUPA_OPSIYON;D_EQ;SSO;D_EQ_EPP;DE_EKGYO_EPP;EKGYO.E;2025-12-31;0.88;0.91;-3.3;0;0;0;0;0;0;0;0;0;0;0;;;;;
2025-10-08;O_EKGYOE1225P20.50;EKGYO_12/2025_AVRUPA_OPSIYON;D_EQ;SSO;D_EQ_EPP;DE_EKGYO_EPP;EKGYO.E;2025-12-31;1.05;1.08;-2.78;0;0;0;0;0;0;0;0;0;0;0;;;;;
2025-10-08;O_EKGYOE1225P21.00;EKGYO_12/2025_AVRUPA_OPSIYON;D_EQ;SSO;D_EQ_EPP;DE_EKGYO_EPP;EKGYO.E;2025-12-31;1.25;1.28;-2.34;0;0;0;0;0;0;0;0;0;0;0;;;;;
2025-10-08;O_EKGYOE1225P21.50;EKGYO_12/2025_AVRUPA_OPSIYON;D_EQ;SSO;D_EQ_EPP;DE_EKGYO_EPP;EKGYO.E;2025-12-31;1.47;1.5;-2;0;0;0;0;0;0;0;0;0;0;0;;;;;
2025-10-08;O_EKGYOE1225P22.00;EKGYO_12/2025_AVRUPA_OPSIYON;D_EQ;SSO;D_EQ_EPP;DE_EKGYO_EPP;EKGYO.E;2025-12-31;1.71;1.74;-1.72;0;0;0;0;0;0;0;0;0;0;0;;;;;
2025-10-08;O_EKGYOE1225P22.50;EKGYO_12/2025_AVRUPA_OPSIYON;D_EQ;SSO;D_EQ_EPP;DE_EKGYO_EPP;EKGYO.E;2025-12-31;1.97;2;-1.5;0;0;0;0;0;0;0;0;0;0;0;;;;;
2025-10-08;O_EKGYOE1225P23.00;EKGYO_12/2025_AVRUPA_OPSIYON;D_EQ;SSO;D_EQ_EPP;DE_EKGYO_EPP;EKGYO.E;2025-12-31;2.25;2.29;-1.75;0;0;0;0;0;0;0;0;0;0;0;;;;;
2025-10-08;O_ENKAIE1025C68.00;ENKAI_10/2025_AVRUPA_OPSIYON;D_EQ;SSO;D_EQ_ECP;DE_ENKAI_ECP;ENKAI.E;2025-10-31;4.48;4.62;-3.03;4.5;4.5;4.5;4.5;4.5;149600;9900;22;3;234;22;;;;;
2025-10-08;O_ENKAIE1025C70.00;ENKAI_10/2025_AVRUPA_OPSIYON;D_EQ;SSO;D_EQ_ECP;DE_ENKAI_ECP;ENKAI.E;2025-10-31;3.3;3.43;-3.79;0;0;0;0;0;0;0;0;0;206;0;;;;;
2025-10-08;O_ENKAIE1025C72.00;ENKAI_10/2025_AVRUPA_OPSIYON;D_EQ;SSO;D_EQ_ECP;DE_ENKAI_ECP;ENKAI.E;2025-10-31;2.35;2.47;-4.86;0;0;0;0;0;0;0;0;0;2500;0;;;;;
2025-10-08;O_ENKAIE1025C74.00;ENKAI_10/2025_AVRUPA_OPSIYON;D_EQ;SSO;D_EQ_ECP;DE_ENKAI_ECP;ENKAI.E;2025-10-31;1.62;1.72;-5.81;0;0;0;0;0;0;0;0;0;41;0;;;;;
2025-10-08;O_ENKAIE1025C76.00;ENKAI_10/2025_AVRUPA_OPSIYON;D_EQ;SSO;D_EQ_ECP;DE_ENKAI_ECP;ENKAI.E;2025-10-31;1.08;1.17;-7.69;0;0;0;0;0;0;0;0;0;5;0;;;;;
2025-10-08;O_ENKAIE1025C78.00;ENKAI_10/2025_AVRUPA_OPSIYON;D_EQ;SSO;D_EQ_ECP;DE_ENKAI_ECP;ENKAI.E;2025-10-31;0.71;0.78;-8.97;0;0;0;0;0;0;0;0;0;0;0;;;;;
2025-10-08;O_ENKAIE1025C80.00;ENKAI_10/2025_AVRUPA_OPSIYON;D_EQ;SSO;D_EQ_ECP;DE_ENKAI_ECP;ENKAI.E;2025-10-31;0.45;0.51;-11.76;0;0;0;0;0;0;0;0;0;0;0;;;;;
2025-10-08;O_ENKAIE1025C82.00;ENKAI_10/2025_AVRUPA_OPSIYON;D_EQ;SSO;D_EQ_ECP;DE_ENKAI_ECP;ENKAI.E;2025-10-31;0.28;0.32;-12.5;0;0;0;0;0;0;0;0;0;0;0;;;;;
2025-10-08;O_ENKAIE1025C84.00;ENKAI_10/2025_AVRUPA_OPSIYON;D_EQ;SSO;D_EQ_ECP;DE_ENKAI_ECP;ENKAI.E;2025-10-31;0.17;0.2;-15;0;0;0;0;0;0;0;0;0;0;0;;;;;
2025-10-08;O_ENKAIE1025C86.00;ENKAI_10/2025_AVRUPA_OPSIYON;D_EQ;SSO;D_EQ_ECP;DE_ENKAI_ECP;ENKAI.E;2025-10-31;0.1;0.13;-23.08;0;0;0;0;0;0;0;0;0;0;0;;;;;
2025-10-08;O_ENKAIE1025C88.00;ENKAI_10/2025_AVRUPA_OPSIYON;D_EQ;SSO;D_EQ_ECP;DE_ENKAI_ECP;ENKAI.E;2025-10-31;0.06;0.08;-25;0;0;0;0;0;0;0;0;0;0;0;;;;;
2025-10-08;O_ENKAIE1025C90.00;ENKAI_10/2025_AVRUPA_OPSIYON;D_EQ;SSO;D_EQ_ECP;DE_ENKAI_ECP;ENKAI.E;2025-10-31;0.04;0.05;-20;0;0;0;0;0;0;0;0;0;0;0;;;;;
2025-10-08;O_ENKAIE1025C92.00;ENKAI_10/2025_AVRUPA_OPSIYON;D_EQ;SSO;D_EQ_ECP;DE_ENKAI_ECP;ENKAI.E;2025-10-31;0.02;0.03;-33.33;0;0;0;0;0;0;0;0;0;0;0;;;;;
2025-10-08;O_ENKAIE1025P58.00;ENKAI_10/2025_AVRUPA_OPSIYON;D_EQ;SSO;D_EQ_EPP;DE_ENKAI_EPP;ENKAI.E;2025-10-31;0.06;0.06;0;0;0;0;0;0;0;0;0;0;5;0;;;;;
2025-10-08;O_ENKAIE1025P60.00;ENKAI_10/2025_AVRUPA_OPSIYON;D_EQ;SSO;D_EQ_EPP;DE_ENKAI_EPP;ENKAI.E;2025-10-31;0.13;0.14;-7.14;0;0;0;0;0;0;0;0;0;0;0;;;;;
2025-10-08;O_ENKAIE1025P62.00;ENKAI_10/2025_AVRUPA_OPSIYON;D_EQ;SSO;D_EQ_EPP;DE_ENKAI_EPP;ENKAI.E;2025-10-31;0.26;0.28;-7.14;0;0;0;0;0;0;0;0;0;0;0;;;;;
2025-10-08;O_ENKAIE1025P64.00;ENKAI_10/2025_AVRUPA_OPSIYON;D_EQ;SSO;D_EQ_EPP;DE_ENKAI_EPP;ENKAI.E;2025-10-31;0.5;0.52;-3.85;0;0;0;0;0;0;0;0;0;0;0;;;;;
2025-10-08;O_ENKAIE1025P66.00;ENKAI_10/2025_AVRUPA_OPSIYON;D_EQ;SSO;D_EQ_EPP;DE_ENKAI_EPP;ENKAI.E;2025-10-31;0.87;0.89;-2.25;0;0;0;0;0;0;0;0;0;20;0;;;;;
2025-10-08;O_ENKAIE1025P68.00;ENKAI_10/2025_AVRUPA_OPSIYON;D_EQ;SSO;D_EQ_EPP;DE_ENKAI_EPP;ENKAI.E;2025-10-31;1.42;1.44;-1.39;0;0;0;0;0;0;0;0;0;20;0;;;;;
2025-10-08;O_ENKAIE1025P70.00;ENKAI_10/2025_AVRUPA_OPSIYON;D_EQ;SSO;D_EQ_EPP;DE_ENKAI_EPP;ENKAI.E;2025-10-31;2.2;2.2;0;0;0;0;0;0;0;0;0;0;30;0;;;;;
2025-10-08;O_ENKAIE1025P72.00;ENKAI_10/2025_AVRUPA_OPSIYON;D_EQ;SSO;D_EQ_EPP;DE_ENKAI_EPP;ENKAI.E;2025-10-31;3.2;3.19;0.31;0;0;0;0;0;0;0;0;0;73;0;;;;;
2025-10-08;O_ENKAIE1025P74.00;ENKAI_10/2025_AVRUPA_OPSIYON;D_EQ;SSO;D_EQ_EPP;DE_ENKAI_EPP;ENKAI.E;2025-10-31;4.42;4.39;0.68;0;0;0;0;0;0;0;0;0;0;0;;;;;
2025-10-08;O_ENKAIE1025P76.00;ENKAI_10/2025_AVRUPA_OPSIYON;D_EQ;SSO;D_EQ_EPP;DE_ENKAI_EPP;ENKAI.E;2025-10-31;5.83;5.79;0.69;0;0;0;0;0;0;0;0;0;83;0;;;;;
2025-10-08;O_ENKAIE1025P78.00;ENKAI_10/2025_AVRUPA_OPSIYON;D_EQ;SSO;D_EQ_EPP;DE_ENKAI_EPP;ENKAI.E;2025-10-31;7.41;7.35;0.82;0;0;0;0;0;0;0;0;0;104;0;;;;;
2025-10-08;O_ENKAIE1025P80.00;ENKAI_10/2025_AVRUPA_OPSIYON;D_EQ;SSO;D_EQ_EPP;DE_ENKAI_EPP;ENKAI.E;2025-10-31;9.11;9.03;0.89;0;0;0;0;0;0;0;0;0;77;0;;;;;
2025-10-08;O_ENKAIE1025P82.00;ENKAI_10/2025_AVRUPA_OPSIYON;D_EQ;SSO;D_EQ_EPP;DE_ENKAI_EPP;ENKAI.E;2025-10-31;10.89;10.8;0.83;0;0;0;0;0;0;0;0;0;41;0;;;;;
2025-10-08;O_ENKAIE1125C70.00;ENKAI_11/2025_AVRUPA_OPSIYON;D_EQ;SSO;D_EQ_ECP;DE_ENKAI_ECP;ENKAI.E;2025-11-28;5.71;5.82;-1.89;0;0;0;0;0;0;0;0;0;93;0;;;;;
2025-10-08;O_ENKAIE1125C72.00;ENKAI_11/2025_AVRUPA_OPSIYON;D_EQ;SSO;D_EQ_ECP;DE_ENKAI_ECP;ENKAI.E;2025-11-28;4.65;4.76;-2.31;0;0;0;0;0;0;0;0;0;80;0;;;;;
2025-10-08;O_ENKAIE1125C74.00;ENKAI_11/2025_AVRUPA_OPSIYON;D_EQ;SSO;D_EQ_ECP;DE_ENKAI_ECP;ENKAI.E;2025-11-28;3.74;3.84;-2.6;0;0;0;0;0;0;0;0;0;2;0;;;;;
2025-10-08;O_ENKAIE1125C76.00;ENKAI_11/2025_AVRUPA_OPSIYON;D_EQ;SSO;D_EQ_ECP;DE_ENKAI_ECP;ENKAI.E;2025-11-28;2.98;3.07;-2.93;0;0;0;0;0;0;0;0;0;0;0;;;;;
2025-10-08;O_ENKAIE1125C78.00;ENKAI_11/2025_AVRUPA_OPSIYON;D_EQ;SSO;D_EQ_ECP;DE_ENKAI_ECP;ENKAI.E;2025-11-28;2.35;2.43;-3.29;0;0;0;0;0;0;0;0;0;0;0;;;;;
2025-10-08;O_ENKAIE1125C80.00;ENKAI_11/2025_AVRUPA_OPSIYON;D_EQ;SSO;D_EQ_ECP;DE_ENKAI_ECP;ENKAI.E;2025-11-28;1.85;1.92;-3.65;0;0;0;0;0;0;0;0;0;0;0;;;;;
2025-10-08;O_ENKAIE1125C82.00;ENKAI_11/2025_AVRUPA_OPSIYON;D_EQ;SSO;D_EQ_ECP;DE_ENKAI_ECP;ENKAI.E;2025-11-28;1.44;1.51;-4.64;0;0;0;0;0;0;0;0;0;0;0;;;;;
2025-10-08;O_ENKAIE1125C84.00;ENKAI_11/2025_AVRUPA_OPSIYON;D_EQ;SSO;D_EQ_ECP;DE_ENKAI_ECP;ENKAI.E;2025-11-28;1.12;1.18;-5.08;0;0;0;0;0;0;0;0;0;0;0;;;;;
2025-10-08;O_ENKAIE1125C86.00;ENKAI_11/2025_AVRUPA_OPSIYON;D_EQ;SSO;D_EQ_ECP;DE_ENKAI_ECP;ENKAI.E;2025-11-28;0.86;0.92;-6.52;0;0;0;0;0;0;0;0;0;115;0;;;;;
2025-10-08;O_ENKAIE1125C88.00;ENKAI_11/2025_AVRUPA_OPSIYON;D_EQ;SSO;D_EQ_ECP;DE_ENKAI_ECP;ENKAI.E;2025-11-28;0.66;0.71;-7.04;0;0;0;0;0;0;0;0;0;0;0;;;;;
2025-10-08;O_ENKAIE1125C90.00;ENKAI_11/2025_AVRUPA_OPSIYON;D_EQ;SSO;D_EQ_ECP;DE_ENKAI_ECP;ENKAI.E;2025-11-28;0.5;0.55;-9.09;0;0;0;0;0;0;0;0;0;0;0;;;;;
2025-10-08;O_ENKAIE1125C92.00;ENKAI_11/2025_AVRUPA_OPSIYON;D_EQ;SSO;D_EQ_ECP;DE_ENKAI_ECP;ENKAI.E;2025-11-28;0.38;0.43;-11.63;0;0;0;0;0;0;0;0;0;0;0;;;;;
2025-10-08;O_ENKAIE1125C94.00;ENKAI_11/2025_AVRUPA_OPSIYON;D_EQ;SSO;D_EQ_ECP;DE_ENKAI_ECP;ENKAI.E;2025-11-28;0.29;0.33;-12.12;0;0;0;0;0;0;0;0;0;0;0;;;;;
2025-10-08;O_ENKAIE1125P60.00;ENKAI_11/2025_AVRUPA_OPSIYON;D_EQ;SSO;D_EQ_EPP;DE_ENKAI_EPP;ENKAI.E;2025-11-28;0.43;0.45;-4.44;0;0;0;0;0;0;0;0;0;0;0;;;;;
2025-10-08;O_ENKAIE1125P62.00;ENKAI_11/2025_AVRUPA_OPSIYON;D_EQ;SSO;D_EQ_EPP;DE_ENKAI_EPP;ENKAI.E;2025-11-28;0.67;0.68;-1.47;0;0;0;0;0;0;0;0;0;0;0;;;;;
2025-10-08;O_ENKAIE1125P64.00;ENKAI_11/2025_AVRUPA_OPSIYON;D_EQ;SSO;D_EQ_EPP;DE_ENKAI_EPP;ENKAI.E;2025-11-28;0.99;1;-1;0;0;0;0;0;0;0;0;0;0;0;;;;;
2025-10-08;O_ENKAIE1125P66.00;ENKAI_11/2025_AVRUPA_OPSIYON;D_EQ;SSO;D_EQ_EPP;DE_ENKAI_EPP;ENKAI.E;2025-11-28;1.41;1.43;-1.4;0;0;0;0;0;0;0;0;0;0;0;;;;;
2025-10-08;O_ENKAIE1125P68.00;ENKAI_11/2025_AVRUPA_OPSIYON;D_EQ;SSO;D_EQ_EPP;DE_ENKAI_EPP;ENKAI.E;2025-11-28;1.96;1.96;0;0;0;0;0;0;0;0;0;0;0;0;;;;;
2025-10-08;O_ENKAIE1125P70.00;ENKAI_11/2025_AVRUPA_OPSIYON;D_EQ;SSO;D_EQ_EPP;DE_ENKAI_EPP;ENKAI.E;2025-11-28;2.64;2.63;0.38;0;0;0;0;0;0;0;0;0;0;0;;;;;
2025-10-08;O_ENKAIE1125P72.00;ENKAI_11/2025_AVRUPA_OPSIYON;D_EQ;SSO;D_EQ_EPP;DE_ENKAI_EPP;ENKAI.E;2025-11-28;3.48;3.46;0.58;0;0;0;0;0;0;0;0;0;0;0;;;;;
2025-10-08;O_ENKAIE1125P74.00;ENKAI_11/2025_AVRUPA_OPSIYON;D_EQ;SSO;D_EQ_EPP;DE_ENKAI_EPP;ENKAI.E;2025-11-28;4.47;4.44;0.68;0;0;0;0;0;0;0;0;0;0;0;;;;;
2025-10-08;O_ENKAIE1125P76.00;ENKAI_11/2025_AVRUPA_OPSIYON;D_EQ;SSO;D_EQ_EPP;DE_ENKAI_EPP;ENKAI.E;2025-11-28;5.6;5.56;0.72;0;0;0;0;0;0;0;0;0;0;0;;;;;
2025-10-08;O_ENKAIE1125P78.00;ENKAI_11/2025_AVRUPA_OPSIYON;D_EQ;SSO;D_EQ_EPP;DE_ENKAI_EPP;ENKAI.E;2025-11-28;6.87;6.82;0.73;0;0;0;0;0;0;0;0;0;0;0;;;;;
2025-10-08;O_ENKAIE1125P80.00;ENKAI_11/2025_AVRUPA_OPSIYON;D_EQ;SSO;D_EQ_EPP;DE_ENKAI_EPP;ENKAI.E;2025-11-28;8.26;8.21;0.61;0;0;0;0;0;0;0;0;0;0;0;;;;;
2025-10-08;O_ENKAIE1125P82.00;ENKAI_11/2025_AVRUPA_OPSIYON;D_EQ;SSO;D_EQ_EPP;DE_ENKAI_EPP;ENKAI.E;2025-11-28;9.75;9.69;0.62;0;0;0;0;0;0;0;0;0;0;0;;;;;
2025-10-08;O_ENKAIE1125P84.00;ENKAI_11/2025_AVRUPA_OPSIYON;D_EQ;SSO;D_EQ_EPP;DE_ENKAI_EPP;ENKAI.E;2025-11-28;11.32;11.26;0.53;0;0;0;0;0;0;0;0;0;0;0;;;;;
2025-10-08;O_ENKAIE1225C72.00;ENKAI_12/2025_AVRUPA_OPSIYON;D_EQ;SSO;D_EQ_ECP;DE_ENKAI_ECP;ENKAI.E;2025-12-31;7.74;7.86;-1.53;0;0;0;0;0;0;0;0;0;0;0;;;;;
2025-10-08;O_ENKAIE1225C74.00;ENKAI_12/2025_AVRUPA_OPSIYON;D_EQ;SSO;D_EQ_ECP;DE_ENKAI_ECP;ENKAI.E;2025-12-31;6.69;6.8;-1.62;0;0;0;0;0;0;0;0;0;0;0;;;;;
2025-10-08;O_ENKAIE1225C76.00;ENKAI_12/2025_AVRUPA_OPSIYON;D_EQ;SSO;D_EQ_ECP;DE_ENKAI_ECP;ENKAI.E;2025-12-31;5.74;5.84;-1.71;0;0;0;0;0;0;0;0;0;0;0;;;;;
2025-10-08;O_ENKAIE1225C78.00;ENKAI_12/2025_AVRUPA_OPSIYON;D_EQ;SSO;D_EQ_ECP;DE_ENKAI_ECP;ENKAI.E;2025-12-31;4.91;5;-1.8;0;0;0;0;0;0;0;0;0;0;0;;;;;
2025-10-08;O_ENKAIE1225C80.00;ENKAI_12/2025_AVRUPA_OPSIYON;D_EQ;SSO;D_EQ_ECP;DE_ENKAI_ECP;ENKAI.E;2025-12-31;4.17;4.26;-2.11;0;0;0;0;0;0;0;0;0;0;0;;;;;
2025-10-08;O_ENKAIE1225C82.00;ENKAI_12/2025_AVRUPA_OPSIYON;D_EQ;SSO;D_EQ_ECP;DE_ENKAI_ECP;ENKAI.E;2025-12-31;3.56;3.65;-2.47;0;0;0;0;0;0;0;0;0;0;0;;;;;
2025-10-08;O_ENKAIE1225C84.00;ENKAI_12/2025_AVRUPA_OPSIYON;D_EQ;SSO;D_EQ_ECP;DE_ENKAI_ECP;ENKAI.E;2025-12-31;3.02;3.11;-2.89;0;0;0;0;0;0;0;0;0;0;0;;;;;
2025-10-08;O_ENKAIE1225C86.00;ENKAI_12/2025_AVRUPA_OPSIYON;D_EQ;SSO;D_EQ_ECP;DE_ENKAI_ECP;ENKAI.E;2025-12-31;2.56;2.65;-3.4;0;0;0;0;0;0;0;0;0;0;0;;;;;
2025-10-08;O_ENKAIE1225C88.00;ENKAI_12/2025_AVRUPA_OPSIYON;D_EQ;SSO;D_EQ_ECP;DE_ENKAI_ECP;ENKAI.E;2025-12-31;2.16;2.25;-4;0;0;0;0;0;0;0;0;0;0;0;;;;;
2025-10-08;O_ENKAIE1225C90.00;ENKAI_12/2025_AVRUPA_OPSIYON;D_EQ;SSO;D_EQ_ECP;DE_ENKAI_ECP;ENKAI.E;2025-12-31;1.83;1.91;-4.19;0;0;0;0;0;0;0;0;0;0;0;;;;;
2025-10-08;O_ENKAIE1225P62.00;ENKAI_12/2025_AVRUPA_OPSIYON;D_EQ;SSO;D_EQ_EPP;DE_ENKAI_EPP;ENKAI.E;2025-12-31;0.8;0.82;-2.44;0;0;0;0;0;0;0;0;0;0;0;;;;;
2025-10-08;O_ENKAIE1225P64.00;ENKAI_12/2025_AVRUPA_OPSIYON;D_EQ;SSO;D_EQ_EPP;DE_ENKAI_EPP;ENKAI.E;2025-12-31;1.1;1.11;-0.9;0;0;0;0;0;0;0;0;0;0;0;;;;;
2025-10-08;O_ENKAIE1225P66.00;ENKAI_12/2025_AVRUPA_OPSIYON;D_EQ;SSO;D_EQ_EPP;DE_ENKAI_EPP;ENKAI.E;2025-12-31;1.46;1.47;-0.68;0;0;0;0;0;0;0;0;0;0;0;;;;;
2025-10-08;O_ENKAIE1225P68.00;ENKAI_12/2025_AVRUPA_OPSIYON;D_EQ;SSO;D_EQ_EPP;DE_ENKAI_EPP;ENKAI.E;2025-12-31;1.9;1.91;-0.52;0;0;0;0;0;0;0;0;0;0;0;;;;;
2025-10-08;O_ENKAIE1225P70.00;ENKAI_12/2025_AVRUPA_OPSIYON;D_EQ;SSO;D_EQ_EPP;DE_ENKAI_EPP;ENKAI.E;2025-12-31;2.43;2.43;0;0;0;0;0;0;0;0;0;0;0;0;;;;;
2025-10-08;O_ENKAIE1225P72.00;ENKAI_12/2025_AVRUPA_OPSIYON;D_EQ;SSO;D_EQ_EPP;DE_ENKAI_EPP;ENKAI.E;2025-12-31;3.06;3.04;0.66;0;0;0;0;0;0;0;0;0;0;0;;;;;
2025-10-08;O_ENKAIE1225P74.00;ENKAI_12/2025_AVRUPA_OPSIYON;D_EQ;SSO;D_EQ_EPP;DE_ENKAI_EPP;ENKAI.E;2025-12-31;3.8;3.78;0.53;0;0;0;0;0;0;0;0;0;0;0;;;;;
2025-10-08;O_ENKAIE1225P76.00;ENKAI_12/2025_AVRUPA_OPSIYON;D_EQ;SSO;D_EQ_EPP;DE_ENKAI_EPP;ENKAI.E;2025-12-31;4.66;4.62;0.87;0;0;0;0;0;0;0;0;0;0;0;;;;;
2025-10-08;O_ENKAIE1225P78.00;ENKAI_12/2025_AVRUPA_OPSIYON;D_EQ;SSO;D_EQ_EPP;DE_ENKAI_EPP;ENKAI.E;2025-12-31;5.62;5.58;0.72;0;0;0;0;0;0;0;0;0;0;0;;;;;
2025-10-08;O_ENKAIE1225P80.00;ENKAI_12/2025_AVRUPA_OPSIYON;D_EQ;SSO;D_EQ_EPP;DE_ENKAI_EPP;ENKAI.E;2025-12-31;6.69;6.64;0.75;0;0;0;0;0;0;0;0;0;0;0;;;;;
2025-10-08;O_EREGLE1025C26.00;EREGL_10/2025_AVRUPA_OPSIYON;D_EQ;SSO;D_EQ_ECP;DE_EREGL_ECP;EREGL.E;2025-10-31;2.62;3.71;-29.38;0;0;0;0;0;0;0;0;0;0;0;;;;;
2025-10-08;O_EREGLE1025C27.00;EREGL_10/2025_AVRUPA_OPSIYON;D_EQ;SSO;D_EQ_ECP;DE_EREGL_ECP;EREGL.E;2025-10-31;1.85;2.85;-35.09;0;0;0;0;0;0;0;0;0;0;0;;;;;
2025-10-08;O_EREGLE1025C28.00;EREGL_10/2025_AVRUPA_OPSIYON;D_EQ;SSO;D_EQ_ECP;DE_EREGL_ECP;EREGL.E;2025-10-31;1.23;2.07;-40.58;1.31;1.31;1.31;1.31;1.31;14000;655;5;1;122;0;;;;;
2025-10-08;O_EREGLE1025C29.00;EREGL_10/2025_AVRUPA_OPSIYON;D_EQ;SSO;D_EQ_ECP;DE_EREGL_ECP;EREGL.E;2025-10-31;0.76;1.42;-46.48;0.75;0.75;0.75;0.75;0.75;290000;7500;100;1;826;100;;;;;
2025-10-08;O_EREGLE1025C30.00;EREGL_10/2025_AVRUPA_OPSIYON;D_EQ;SSO;D_EQ_ECP;DE_EREGL_ECP;EREGL.E;2025-10-31;0.43;0.92;-53.26;0.45;0.45;0.45;0.45;0.45;300000;4500;100;1;1692;100;;;;;
2025-10-08;O_EREGLE1025C31.00;EREGL_10/2025_AVRUPA_OPSIYON;D_EQ;SSO;D_EQ_ECP;DE_EREGL_ECP;EREGL.E;2025-10-31;0.23;0.55;-58.18;0.25;0.25;0.25;0.25;0.25;3100000;25000;1000;2;3102;1000;;;;;
2025-10-08;O_EREGLE1025C32.00;EREGL_10/2025_AVRUPA_OPSIYON;D_EQ;SSO;D_EQ_ECP;DE_EREGL_ECP;EREGL.E;2025-10-31;0.12;0.31;-61.29;0;0;0;0;0;0;0;0;0;1425;0;;;;;
2025-10-08;O_EREGLE1025C33.00;EREGL_10/2025_AVRUPA_OPSIYON;D_EQ;SSO;D_EQ_ECP;DE_EREGL_ECP;EREGL.E;2025-10-31;0.05;0.17;-70.59;0;0;0;0;0;0;0;0;0;2600;0;;;;;
2025-10-08;O_EREGLE1025C34.00;EREGL_10/2025_AVRUPA_OPSIYON;D_EQ;SSO;D_EQ_ECP;DE_EREGL_ECP;EREGL.E;2025-10-31;0.02;0.08;-75;0;0;0;0;0;0;0;0;0;2000;0;;;;;
2025-10-08;O_EREGLE1025C35.00;EREGL_10/2025_AVRUPA_OPSIYON;D_EQ;SSO;D_EQ_ECP;DE_EREGL_ECP;EREGL.E;2025-10-31;0.01;0.04;-75;0;0;0;0;0;0;0;0;0;1000;0;;;;;
2025-10-08;O_EREGLE1025C36.00;EREGL_10/2025_AVRUPA_OPSIYON;D_EQ;SSO;D_EQ_ECP;DE_EREGL_ECP;EREGL.E;2025-10-31;0.01;0.02;-50;0;0;0;0;0;0;0;0;0;103;0;;;;;
2025-10-08;O_EREGLE1025C37.00;EREGL_10/2025_AVRUPA_OPSIYON;D_EQ;SSO;D_EQ_ECP;DE_EREGL_ECP;EREGL.E;2025-10-31;0.01;0.01;0;0;0;0;0;0;0;0;0;0;3;0;;;;;
2025-10-08;O_EREGLE1025C38.00;EREGL_10/2025_AVRUPA_OPSIYON;D_EQ;SSO;D_EQ_ECP;DE_EREGL_ECP;EREGL.E;2025-10-31;0.01;0.01;0;0;0;0;0;0;0;0;0;0;2;0;;;;;
2025-10-08;O_EREGLE1025C39.00;EREGL_10/2025_AVRUPA_OPSIYON;D_EQ;SSO;D_EQ_ECP;DE_EREGL_ECP;EREGL.E;2025-10-31;0.01;0.01;0;0;0;0;0;0;0;0;0;0;0;0;;;;;
2025-10-08;O_EREGLE1025C40.00;EREGL_10/2025_AVRUPA_OPSIYON;D_EQ;SSO;D_EQ_ECP;DE_EREGL_ECP;EREGL.E;2025-10-31;0.01;0.01;0;0;0;0;0;0;0;0;0;0;0;0;;;;;
2025-10-08;O_EREGLE1025P23.00;EREGL_10/2025_AVRUPA_OPSIYON;D_EQ;SSO;D_EQ_EPP;DE_EREGL_EPP;EREGL.E;2025-10-31;0.01;0.01;0;0;0;0;0;0;0;0;0;0;0;0;;;;;
2025-10-08;O_EREGLE1025P23.50;EREGL_10/2025_AVRUPA_OPSIYON;D_EQ;SSO;D_EQ_EPP;DE_EREGL_EPP;EREGL.E;2025-10-31;0.01;0.01;0;0;0;0;0;0;0;0;0;0;3;0;;;;;
2025-10-08;O_EREGLE1025P24.00;EREGL_10/2025_AVRUPA_OPSIYON;D_EQ;SSO;D_EQ_EPP;DE_EREGL_EPP;EREGL.E;2025-10-31;0.02;0.01;100;0;0;0;0;0;0;0;0;0;2;0;;;;;
2025-10-08;O_EREGLE1025P24.50;EREGL_10/2025_AVRUPA_OPSIYON;D_EQ;SSO;D_EQ_EPP;DE_EREGL_EPP;EREGL.E;2025-10-31;0.04;0.01;300;0;0;0;0;0;0;0;0;0;0;0;;;;;
2025-10-08;O_EREGLE1025P25.00;EREGL_10/2025_AVRUPA_OPSIYON;D_EQ;SSO;D_EQ_EPP;DE_EREGL_EPP;EREGL.E;2025-10-31;0.07;0.02;250;0;0;0;0;0;0;0;0;0;0;0;;;;;
2025-10-08;O_EREGLE1025P26.00;EREGL_10/2025_AVRUPA_OPSIYON;D_EQ;SSO;D_EQ_EPP;DE_EREGL_EPP;EREGL.E;2025-10-31;0.18;0.07;157.14;0;0;0;0;0;0;0;0;0;0;0;;;;;
2025-10-08;O_EREGLE1025P27.00;EREGL_10/2025_AVRUPA_OPSIYON;D_EQ;SSO;D_EQ_EPP;DE_EREGL_EPP;EREGL.E;2025-10-31;0.39;0.18;116.67;0.3;0.3;0.49;0.45;0.46;2705400;46428;1002;5;1003;1002;;;;;
2025-10-08;O_EREGLE1025P28.00;EREGL_10/2025_AVRUPA_OPSIYON;D_EQ;SSO;D_EQ_EPP;DE_EREGL_EPP;EREGL.E;2025-10-31;0.75;0.38;97.37;0;0;0;0;0;0;0;0;0;1;0;;;;;
2025-10-08;O_EREGLE1025P29.00;EREGL_10/2025_AVRUPA_OPSIYON;D_EQ;SSO;D_EQ_EPP;DE_EREGL_EPP;EREGL.E;2025-10-31;1.25;0.71;76.06;0;0;0;0;0;0;0;0;0;3411;0;;;;;
2025-10-08;O_EREGLE1025P30.00;EREGL_10/2025_AVRUPA_OPSIYON;D_EQ;SSO;D_EQ_EPP;DE_EREGL_EPP;EREGL.E;2025-10-31;1.9;1.18;61.02;1.97;1.97;1.97;1.97;1.97;15000;985;5;1;1471;5;;;;;
2025-10-08;O_EREGLE1025P31.00;EREGL_10/2025_AVRUPA_OPSIYON;D_EQ;SSO;D_EQ_EPP;DE_EREGL_EPP;EREGL.E;2025-10-31;2.68;1.79;49.72;2.8;2.8;2.8;2.8;2.8;892800;80640;288;6;7103;288;;;;;
2025-10-08;O_EREGLE1025P32.00;EREGL_10/2025_AVRUPA_OPSIYON;D_EQ;SSO;D_EQ_EPP;DE_EREGL_EPP;EREGL.E;2025-10-31;3.54;2.52;40.48;0;0;0;0;0;0;0;0;0;977;0;;;;;
2025-10-08;O_EREGLE1025P33.00;EREGL_10/2025_AVRUPA_OPSIYON;D_EQ;SSO;D_EQ_EPP;DE_EREGL_EPP;EREGL.E;2025-10-31;4.45;3.35;32.84;0;0;0;0;0;0;0;0;0;2000;0;;;;;
2025-10-08;O_EREGLE1025P34.00;EREGL_10/2025_AVRUPA_OPSIYON;D_EQ;SSO;D_EQ_EPP;DE_EREGL_EPP;EREGL.E;2025-10-31;5.4;4.25;27.06;0;0;0;0;0;0;0;0;0;150;0;;;;;
2025-10-08;O_EREGLE1025P35.00;EREGL_10/2025_AVRUPA_OPSIYON;D_EQ;SSO;D_EQ_EPP;DE_EREGL_EPP;EREGL.E;2025-10-31;6.36;5.18;22.78;0;0;0;0;0;0;0;0;0;326;0;;;;;
2025-10-08;O_EREGLE1125C27.00;EREGL_11/2025_AVRUPA_OPSIYON;D_EQ;SSO;D_EQ_ECP;DE_EREGL_ECP;EREGL.E;2025-11-28;2.78;3.75;-25.87;0;0;0;0;0;0;0;0;0;0;0;;;;;
2025-10-08;O_EREGLE1125C28.00;EREGL_11/2025_AVRUPA_OPSIYON;D_EQ;SSO;D_EQ_ECP;DE_EREGL_ECP;EREGL.E;2025-11-28;2.14;3.02;-29.14;2.26;2.11;2.26;2.11;2.12;294000;22230;105;5;105;105;;;;;
2025-10-08;O_EREGLE1125C29.00;EREGL_11/2025_AVRUPA_OPSIYON;D_EQ;SSO;D_EQ_ECP;DE_EREGL_ECP;EREGL.E;2025-11-28;1.61;2.37;-32.07;0;0;0;0;0;0;0;0;0;328;0;;;;;
2025-10-08;O_EREGLE1125C30.00;EREGL_11/2025_AVRUPA_OPSIYON;D_EQ;SSO;D_EQ_ECP;DE_EREGL_ECP;EREGL.E;2025-11-28;1.18;1.82;-35.16;0;0;0;0;0;0;0;0;0;278;0;;;;;
2025-10-08;O_EREGLE1125C31.00;EREGL_11/2025_AVRUPA_OPSIYON;D_EQ;SSO;D_EQ_ECP;DE_EREGL_ECP;EREGL.E;2025-11-28;0.84;1.36;-38.24;0;0;0;0;0;0;0;0;0;0;0;;;;;
2025-10-08;O_EREGLE1125C32.00;EREGL_11/2025_AVRUPA_OPSIYON;D_EQ;SSO;D_EQ_ECP;DE_EREGL_ECP;EREGL.E;2025-11-28;0.58;0.99;-41.41;0;0;0;0;0;0;0;0;0;54;0;;;;;
2025-10-08;O_EREGLE1125C33.00;EREGL_11/2025_AVRUPA_OPSIYON;D_EQ;SSO;D_EQ_ECP;DE_EREGL_ECP;EREGL.E;2025-11-28;0.39;0.71;-45.07;0;0;0;0;0;0;0;0;0;0;0;;;;;
2025-10-08;O_EREGLE1125C34.00;EREGL_11/2025_AVRUPA_OPSIYON;D_EQ;SSO;D_EQ_ECP;DE_EREGL_ECP;EREGL.E;2025-11-28;0.26;0.49;-46.94;0;0;0;0;0;0;0;0;0;0;0;;;;;
2025-10-08;O_EREGLE1125C35.00;EREGL_11/2025_AVRUPA_OPSIYON;D_EQ;SSO;D_EQ_ECP;DE_EREGL_ECP;EREGL.E;2025-11-28;0.17;0.34;-50;0;0;0;0;0;0;0;0;0;30;0;;;;;
2025-10-08;O_EREGLE1125C36.00;EREGL_11/2025_AVRUPA_OPSIYON;D_EQ;SSO;D_EQ_ECP;DE_EREGL_ECP;EREGL.E;2025-11-28;0.11;0.22;-50;0.19;0.16;0.19;0.16;0.18;10800000;53600;3000;30;3000;3000;;;;;
2025-10-08;O_EREGLE1125C37.00;EREGL_11/2025_AVRUPA_OPSIYON;D_EQ;SSO;D_EQ_ECP;DE_EREGL_ECP;EREGL.E;2025-11-28;0.07;0.15;-53.33;0;0;0;0;0;0;0;0;0;0;0;;;;;
2025-10-08;O_EREGLE1125C38.00;EREGL_11/2025_AVRUPA_OPSIYON;D_EQ;SSO;D_EQ_ECP;DE_EREGL_ECP;EREGL.E;2025-11-28;0.04;0.09;-55.56;0;0;0;0;0;0;0;0;0;0;0;;;;;
2025-10-08;O_EREGLE1125C39.00;EREGL_11/2025_AVRUPA_OPSIYON;D_EQ;SSO;D_EQ_ECP;DE_EREGL_ECP;EREGL.E;2025-11-28;0.02;0.06;-66.67;0;0;0;0;0;0;0;0;0;0;0;;;;;
2025-10-08;O_EREGLE1125C40.00;EREGL_11/2025_AVRUPA_OPSIYON;D_EQ;SSO;D_EQ_ECP;DE_EREGL_ECP;EREGL.E;2025-11-28;0.01;0.04;-75;0;0;0;0;0;0;0;0;0;0;0;;;;;
2025-10-08;O_EREGLE1125C41.00;EREGL_11/2025_AVRUPA_OPSIYON;D_EQ;SSO;D_EQ_ECP;DE_EREGL_ECP;EREGL.E;2025-11-28;0.01;0.02;-50;0;0;0;0;0;0;0;0;0;0;0;;;;;
2025-10-08;O_EREGLE1125P23.50;EREGL_11/2025_AVRUPA_OPSIYON;D_EQ;SSO;D_EQ_EPP;DE_EREGL_EPP;EREGL.E;2025-11-28;0.06;0.03;100;0;0;0;0;0;0;0;0;0;0;0;;;;;
2025-10-08;O_EREGLE1125P24.00;EREGL_11/2025_AVRUPA_OPSIYON;D_EQ;SSO;D_EQ_EPP;DE_EREGL_EPP;EREGL.E;2025-11-28;0.09;0.05;80;0;0;0;0;0;0;0;0;0;0;0;;;;;
2025-10-08;O_EREGLE1125P24.50;EREGL_11/2025_AVRUPA_OPSIYON;D_EQ;SSO;D_EQ_EPP;DE_EREGL_EPP;EREGL.E;2025-11-28;0.13;0.07;85.71;0;0;0;0;0;0;0;0;0;0;0;;;;;
2025-10-08;O_EREGLE1125P25.00;EREGL_11/2025_AVRUPA_OPSIYON;D_EQ;SSO;D_EQ_EPP;DE_EREGL_EPP;EREGL.E;2025-11-28;0.18;0.1;80;0.3;0.3;0.3;0.3;0.3;2500;30;1;1;1;1;;;;;
2025-10-08;O_EREGLE1125P26.00;EREGL_11/2025_AVRUPA_OPSIYON;D_EQ;SSO;D_EQ_EPP;DE_EREGL_EPP;EREGL.E;2025-11-28;0.33;0.19;73.68;0.4;0.4;0.4;0.4;0.4;5200;80;2;2;2;2;;;;;
2025-10-08;O_EREGLE1125P27.00;EREGL_11/2025_AVRUPA_OPSIYON;D_EQ;SSO;D_EQ_EPP;DE_EREGL_EPP;EREGL.E;2025-11-28;0.56;0.33;69.7;0.55;0.55;0.65;0.65;0.6;5400;120;2;2;2;2;;;;;
2025-10-08;O_EREGLE1125P28.00;EREGL_11/2025_AVRUPA_OPSIYON;D_EQ;SSO;D_EQ_EPP;DE_EREGL_EPP;EREGL.E;2025-11-28;0.87;0.55;58.18;0;0;0;0;0;0;0;0;0;0;0;;;;;
2025-10-08;O_EREGLE1125P29.00;EREGL_11/2025_AVRUPA_OPSIYON;D_EQ;SSO;D_EQ_EPP;DE_EREGL_EPP;EREGL.E;2025-11-28;1.29;0.85;51.76;0;0;0;0;0;0;0;0;0;0;0;;;;;
2025-10-08;O_EREGLE1125P30.00;EREGL_11/2025_AVRUPA_OPSIYON;D_EQ;SSO;D_EQ_EPP;DE_EREGL_EPP;EREGL.E;2025-11-28;1.8;1.24;45.16;0;0;0;0;0;0;0;0;0;0;0;;;;;
2025-10-08;O_EREGLE1125P31.00;EREGL_11/2025_AVRUPA_OPSIYON;D_EQ;SSO;D_EQ_EPP;DE_EREGL_EPP;EREGL.E;2025-11-28;2.41;1.73;39.31;0;0;0;0;0;0;0;0;0;150;0;;;;;
2025-10-08;O_EREGLE1125P32.00;EREGL_11/2025_AVRUPA_OPSIYON;D_EQ;SSO;D_EQ_EPP;DE_EREGL_EPP;EREGL.E;2025-11-28;3.11;2.3;35.22;0;0;0;0;0;0;0;0;0;175;0;;;;;
2025-10-08;O_EREGLE1125P33.00;EREGL_11/2025_AVRUPA_OPSIYON;D_EQ;SSO;D_EQ_EPP;DE_EREGL_EPP;EREGL.E;2025-11-28;3.87;2.97;30.3;4.03;4.03;4.03;4.03;4.03;330000;40300;100;4;303;100;;;;;
2025-10-08;O_EREGLE1125P34.00;EREGL_11/2025_AVRUPA_OPSIYON;D_EQ;SSO;D_EQ_EPP;DE_EREGL_EPP;EREGL.E;2025-11-28;4.68;3.7;26.49;0;0;0;0;0;0;0;0;0;303;0;;;;;
2025-10-08;O_EREGLE1125P35.00;EREGL_11/2025_AVRUPA_OPSIYON;D_EQ;SSO;D_EQ_EPP;DE_EREGL_EPP;EREGL.E;2025-11-28;5.54;4.49;23.39;0;0;0;0;0;0;0;0;0;353;0;;;;;
2025-10-08;O_EREGLE1125P36.00;EREGL_11/2025_AVRUPA_OPSIYON;D_EQ;SSO;D_EQ_EPP;DE_EREGL_EPP;EREGL.E;2025-11-28;6.43;5.33;20.64;0;0;0;0;0;0;0;0;0;0;0;;;;;
2025-10-08;O_EREGLE1225C30.00;EREGL_12/2025_AVRUPA_OPSIYON;D_EQ;SSO;D_EQ_ECP;DE_EREGL_ECP;EREGL.E;2025-12-31;2.28;3.08;-25.97;0;0;0;0;0;0;0;0;0;0;0;;;;;
2025-10-08;O_EREGLE1225C31.00;EREGL_12/2025_AVRUPA_OPSIYON;D_EQ;SSO;D_EQ_ECP;DE_EREGL_ECP;EREGL.E;2025-12-31;1.83;2.54;-27.95;0;0;0;0;0;0;0;0;0;0;0;;;;;
2025-10-08;O_EREGLE1225C32.00;EREGL_12/2025_AVRUPA_OPSIYON;D_EQ;SSO;D_EQ_ECP;DE_EREGL_ECP;EREGL.E;2025-12-31;1.45;2.07;-29.95;0;0;0;0;0;0;0;0;0;0;0;;;;;
2025-10-08;O_EREGLE1225C33.00;EREGL_12/2025_AVRUPA_OPSIYON;D_EQ;SSO;D_EQ_ECP;DE_EREGL_ECP;EREGL.E;2025-12-31;1.14;1.67;-31.74;0;0;0;0;0;0;0;0;0;0;0;;;;;
2025-10-08;O_EREGLE1225C34.00;EREGL_12/2025_AVRUPA_OPSIYON;D_EQ;SSO;D_EQ_ECP;DE_EREGL_ECP;EREGL.E;2025-12-31;0.88;1.33;-33.83;0;0;0;0;0;0;0;0;0;0;0;;;;;
2025-10-08;O_EREGLE1225C35.00;EREGL_12/2025_AVRUPA_OPSIYON;D_EQ;SSO;D_EQ_ECP;DE_EREGL_ECP;EREGL.E;2025-12-31;0.68;1.04;-34.62;0;0;0;0;0;0;0;0;0;0;0;;;;;
2025-10-08;O_EREGLE1225C36.00;EREGL_12/2025_AVRUPA_OPSIYON;D_EQ;SSO;D_EQ_ECP;DE_EREGL_ECP;EREGL.E;2025-12-31;0.51;0.81;-37.04;0;0;0;0;0;0;0;0;0;0;0;;;;;
2025-10-08;O_EREGLE1225C37.00;EREGL_12/2025_AVRUPA_OPSIYON;D_EQ;SSO;D_EQ_ECP;DE_EREGL_ECP;EREGL.E;2025-12-31;0.38;0.63;-39.68;0;0;0;0;0;0;0;0;0;0;0;;;;;
2025-10-08;O_EREGLE1225C38.00;EREGL_12/2025_AVRUPA_OPSIYON;D_EQ;SSO;D_EQ_ECP;DE_EREGL_ECP;EREGL.E;2025-12-31;0.29;0.48;-39.58;0;0;0;0;0;0;0;0;0;0;0;;;;;
2025-10-08;O_EREGLE1225C39.00;EREGL_12/2025_AVRUPA_OPSIYON;D_EQ;SSO;D_EQ_ECP;DE_EREGL_ECP;EREGL.E;2025-12-31;0.21;0.36;-41.67;0;0;0;0;0;0;0;0;0;0;0;;;;;
2025-10-08;O_EREGLE1225P25.00;EREGL_12/2025_AVRUPA_OPSIYON;D_EQ;SSO;D_EQ_EPP;DE_EREGL_EPP;EREGL.E;2025-12-31;0.21;0.13;61.54;0;0;0;0;0;0;0;0;0;0;0;;;;;
2025-10-08;O_EREGLE1225P26.00;EREGL_12/2025_AVRUPA_OPSIYON;D_EQ;SSO;D_EQ_EPP;DE_EREGL_EPP;EREGL.E;2025-12-31;0.34;0.21;61.9;0;0;0;0;0;0;0;0;0;0;0;;;;;
2025-10-08;O_EREGLE1225P27.00;EREGL_12/2025_AVRUPA_OPSIYON;D_EQ;SSO;D_EQ_EPP;DE_EREGL_EPP;EREGL.E;2025-12-31;0.52;0.34;52.94;0;0;0;0;0;0;0;0;0;0;0;;;;;
2025-10-08;O_EREGLE1225P28.00;EREGL_12/2025_AVRUPA_OPSIYON;D_EQ;SSO;D_EQ_EPP;DE_EREGL_EPP;EREGL.E;2025-12-31;0.76;0.51;49.02;0;0;0;0;0;0;0;0;0;0;0;;;;;
2025-10-08;O_EREGLE1225P29.00;EREGL_12/2025_AVRUPA_OPSIYON;D_EQ;SSO;D_EQ_EPP;DE_EREGL_EPP;EREGL.E;2025-12-31;1.07;0.74;44.59;0;0;0;0;0;0;0;0;0;0;0;;;;;
2025-10-08;O_EREGLE1225P30.00;EREGL_12/2025_AVRUPA_OPSIYON;D_EQ;SSO;D_EQ_EPP;DE_EREGL_EPP;EREGL.E;2025-12-31;1.45;1.03;40.78;0;0;0;0;0;0;0;0;0;0;0;;;;;
2025-10-08;O_EREGLE1225P31.00;EREGL_12/2025_AVRUPA_OPSIYON;D_EQ;SSO;D_EQ_EPP;DE_EREGL_EPP;EREGL.E;2025-12-31;1.9;1.39;36.69;0;0;0;0;0;0;0;0;0;0;0;;;;;
2025-10-08;O_EREGLE1225P32.00;EREGL_12/2025_AVRUPA_OPSIYON;D_EQ;SSO;D_EQ_EPP;DE_EREGL_EPP;EREGL.E;2025-12-31;2.42;1.82;32.97;0;0;0;0;0;0;0;0;0;0;0;;;;;
2025-10-08;O_EREGLE1225P33.00;EREGL_12/2025_AVRUPA_OPSIYON;D_EQ;SSO;D_EQ_EPP;DE_EREGL_EPP;EREGL.E;2025-12-31;3;2.31;29.87;0;0;0;0;0;0;0;0;0;0;0;;;;;
2025-10-08;O_EREGLE1225P34.00;EREGL_12/2025_AVRUPA_OPSIYON;D_EQ;SSO;D_EQ_EPP;DE_EREGL_EPP;EREGL.E;2025-12-31;3.65;2.87;27.18;0;0;0;0;0;0;0;0;0;0;0;;;;;
2025-10-08;O_FROTOE1025C100.00;FROTO_10/2025_AVRUPA_OPSIYON;D_EQ;SSO;D_EQ_ECP;DE_FROTO_ECP;FROTO.E;2025-10-31;2.84;3.65;-22.19;0;0;0;0;0;0;0;0;0;12;0;;;;;
2025-10-08;O_FROTOE1025C105.00;FROTO_10/2025_AVRUPA_OPSIYON;D_EQ;SSO;D_EQ_ECP;DE_FROTO_ECP;FROTO.E;2025-10-31;1.4;1.86;-24.73;1.64;1.51;1.66;1.52;1.54;38461500;562458;3663;65;3703;3623;;;;;
2025-10-08;O_FROTOE1025C110.00;FROTO_10/2025_AVRUPA_OPSIYON;D_EQ;SSO;D_EQ_ECP;DE_FROTO_ECP;FROTO.E;2025-10-31;0.69;0.97;-28.87;0;0;0;0;0;0;0;0;0;40;0;;;;;
2025-10-08;O_FROTOE1025C115.00;FROTO_10/2025_AVRUPA_OPSIYON;D_EQ;SSO;D_EQ_ECP;DE_FROTO_ECP;FROTO.E;2025-10-31;0.34;0.5;-32;0;0;0;0;0;0;0;0;0;0;0;;;;;
2025-10-08;O_FROTOE1025C120.00;FROTO_10/2025_AVRUPA_OPSIYON;D_EQ;SSO;D_EQ_ECP;DE_FROTO_ECP;FROTO.E;2025-10-31;0.17;0.26;-34.62;0;0;0;0;0;0;0;0;0;0;0;;;;;
2025-10-08;O_FROTOE1025C125.00;FROTO_10/2025_AVRUPA_OPSIYON;D_EQ;SSO;D_EQ_ECP;DE_FROTO_ECP;FROTO.E;2025-10-31;0.09;0.14;-35.71;0;0;0;0;0;0;0;0;0;0;0;;;;;
2025-10-08;O_FROTOE1025C130.00;FROTO_10/2025_AVRUPA_OPSIYON;D_EQ;SSO;D_EQ_ECP;DE_FROTO_ECP;FROTO.E;2025-10-31;0.05;0.08;-37.5;0;0;0;0;0;0;0;0;0;0;0;;;;;
2025-10-08;O_FROTOE1025C135.00;FROTO_10/2025_AVRUPA_OPSIYON;D_EQ;SSO;D_EQ_ECP;DE_FROTO_ECP;FROTO.E;2025-10-31;0.03;0.05;-40;0;0;0;0;0;0;0;0;0;0;0;;;;;
2025-10-08;O_FROTOE1025C140.00;FROTO_10/2025_AVRUPA_OPSIYON;D_EQ;SSO;D_EQ_ECP;DE_FROTO_ECP;FROTO.E;2025-10-31;0.02;0.03;-33.33;0;0;0;0;0;0;0;0;0;0;0;;;;;
2025-10-08;O_FROTOE1025C145.00;FROTO_10/2025_AVRUPA_OPSIYON;D_EQ;SSO;D_EQ_ECP;DE_FROTO_ECP;FROTO.E;2025-10-31;0.01;0.02;-50;0;0;0;0;0;0;0;0;0;0;0;;;;;
2025-10-08;O_FROTOE1025C150.00;FROTO_10/2025_AVRUPA_OPSIYON;D_EQ;SSO;D_EQ_ECP;DE_FROTO_ECP;FROTO.E;2025-10-31;0.01;0.01;0;0;0;0;0;0;0;0;0;0;0;0;;;;;
2025-10-08;O_FROTOE1025C155.00;FROTO_10/2025_AVRUPA_OPSIYON;D_EQ;SSO;D_EQ_ECP;DE_FROTO_ECP;FROTO.E;2025-10-31;0.01;0.01;0;0;0;0;0;0;0;0;0;0;0;0;;;;;
2025-10-08;O_FROTOE1025C96.00;FROTO_10/2025_AVRUPA_OPSIYON;D_EQ;SSO;D_EQ_ECP;DE_FROTO_ECP;FROTO.E;2025-10-31;4.77;5.85;-18.46;0;0;0;0;0;0;0;0;0;0;0;;;;;
2025-10-08;O_FROTOE1025C98.00;FROTO_10/2025_AVRUPA_OPSIYON;D_EQ;SSO;D_EQ_ECP;DE_FROTO_ECP;FROTO.E;2025-10-31;3.71;4.67;-20.56;0;0;0;0;0;0;0;0;0;31;0;;;;;
2025-10-08;O_FROTOE1025P100.00;FROTO_10/2025_AVRUPA_OPSIYON;D_EQ;SSO;D_EQ_EPP;DE_FROTO_EPP;FROTO.E;2025-10-31;4.58;3.83;19.58;0;0;0;0;0;0;0;0;0;0;0;;;;;
2025-10-08;O_FROTOE1025P105.00;FROTO_10/2025_AVRUPA_OPSIYON;D_EQ;SSO;D_EQ_EPP;DE_FROTO_EPP;FROTO.E;2025-10-31;8.01;6.92;15.75;0;0;0;0;0;0;0;0;0;53;0;;;;;
2025-10-08;O_FROTOE1025P110.00;FROTO_10/2025_AVRUPA_OPSIYON;D_EQ;SSO;D_EQ_EPP;DE_FROTO_EPP;FROTO.E;2025-10-31;12.19;10.9;11.83;0;0;0;0;0;0;0;0;0;320;0;;;;;
2025-10-08;O_FROTOE1025P115.00;FROTO_10/2025_AVRUPA_OPSIYON;D_EQ;SSO;D_EQ_EPP;DE_FROTO_EPP;FROTO.E;2025-10-31;16.72;15.31;9.21;0;0;0;0;0;0;0;0;0;180;0;;;;;
2025-10-08;O_FROTOE1025P120.00;FROTO_10/2025_AVRUPA_OPSIYON;D_EQ;SSO;D_EQ_EPP;DE_FROTO_EPP;FROTO.E;2025-10-31;21.43;19.95;7.42;0;0;0;0;0;0;0;0;0;30;0;;;;;
2025-10-08;O_FROTOE1025P125.00;FROTO_10/2025_AVRUPA_OPSIYON;D_EQ;SSO;D_EQ_EPP;DE_FROTO_EPP;FROTO.E;2025-10-31;26.23;24.71;6.15;0;0;0;0;0;0;0;0;0;0;0;;;;;
2025-10-08;O_FROTOE1025P130.00;FROTO_10/2025_AVRUPA_OPSIYON;D_EQ;SSO;D_EQ_EPP;DE_FROTO_EPP;FROTO.E;2025-10-31;31.07;29.52;5.25;0;0;0;0;0;0;0;0;0;0;0;;;;;
2025-10-08;O_FROTOE1025P86.00;FROTO_10/2025_AVRUPA_OPSIYON;D_EQ;SSO;D_EQ_EPP;DE_FROTO_EPP;FROTO.E;2025-10-31;0.42;0.35;20;0;0;0;0;0;0;0;0;0;0;0;;;;;
2025-10-08;O_FROTOE1025P88.00;FROTO_10/2025_AVRUPA_OPSIYON;D_EQ;SSO;D_EQ_EPP;DE_FROTO_EPP;FROTO.E;2025-10-31;0.63;0.53;18.87;0;0;0;0;0;0;0;0;0;0;0;;;;;
2025-10-08;O_FROTOE1025P90.00;FROTO_10/2025_AVRUPA_OPSIYON;D_EQ;SSO;D_EQ_EPP;DE_FROTO_EPP;FROTO.E;2025-10-31;0.92;0.77;19.48;0;0;0;0;0;0;0;0;0;0;0;;;;;
2025-10-08;O_FROTOE1025P92.00;FROTO_10/2025_AVRUPA_OPSIYON;D_EQ;SSO;D_EQ_EPP;DE_FROTO_EPP;FROTO.E;2025-10-31;1.32;1.1;20;0;0;0;0;0;0;0;0;0;0;0;;;;;
2025-10-08;O_FROTOE1025P94.00;FROTO_10/2025_AVRUPA_OPSIYON;D_EQ;SSO;D_EQ_EPP;DE_FROTO_EPP;FROTO.E;2025-10-31;1.87;1.53;22.22;0;0;0;0;0;0;0;0;0;0;0;;;;;
2025-10-08;O_FROTOE1025P96.00;FROTO_10/2025_AVRUPA_OPSIYON;D_EQ;SSO;D_EQ_EPP;DE_FROTO_EPP;FROTO.E;2025-10-31;2.59;2.13;21.6;0;0;0;0;0;0;0;0;0;0;0;;;;;
2025-10-08;O_FROTOE1025P98.00;FROTO_10/2025_AVRUPA_OPSIYON;D_EQ;SSO;D_EQ_EPP;DE_FROTO_EPP;FROTO.E;2025-10-31;3.49;2.9;20.34;0;0;0;0;0;0;0;0;0;1;0;;;;;
2025-10-08;O_FROTOE1125C100.00;FROTO_11/2025_AVRUPA_OPSIYON;D_EQ;SSO;D_EQ_ECP;DE_FROTO_ECP;FROTO.E;2025-11-28;5.89;6.86;-14.14;0;0;0;0;0;0;0;0;0;20;0;;;;;
2025-10-08;O_FROTOE1125C105.00;FROTO_11/2025_AVRUPA_OPSIYON;D_EQ;SSO;D_EQ_ECP;DE_FROTO_ECP;FROTO.E;2025-11-28;3.86;4.59;-15.9;0;0;0;0;0;0;0;0;0;20;0;;;;;
2025-10-08;O_FROTOE1125C110.00;FROTO_11/2025_AVRUPA_OPSIYON;D_EQ;SSO;D_EQ_ECP;DE_FROTO_ECP;FROTO.E;2025-11-28;2.59;3.07;-15.64;0;0;0;0;0;0;0;0;0;20;0;;;;;
2025-10-08;O_FROTOE1125C115.00;FROTO_11/2025_AVRUPA_OPSIYON;D_EQ;SSO;D_EQ_ECP;DE_FROTO_ECP;FROTO.E;2025-11-28;1.78;2.14;-16.82;0;0;0;0;0;0;0;0;0;20;0;;;;;
2025-10-08;O_FROTOE1125C120.00;FROTO_11/2025_AVRUPA_OPSIYON;D_EQ;SSO;D_EQ_ECP;DE_FROTO_ECP;FROTO.E;2025-11-28;1.24;1.52;-18.42;0;0;0;0;0;0;0;0;0;0;0;;;;;
2025-10-08;O_FROTOE1125C125.00;FROTO_11/2025_AVRUPA_OPSIYON;D_EQ;SSO;D_EQ_ECP;DE_FROTO_ECP;FROTO.E;2025-11-28;0.88;1.1;-20;0;0;0;0;0;0;0;0;0;0;0;;;;;
2025-10-08;O_FROTOE1125C130.00;FROTO_11/2025_AVRUPA_OPSIYON;D_EQ;SSO;D_EQ_ECP;DE_FROTO_ECP;FROTO.E;2025-11-28;0.65;0.81;-19.75;0;0;0;0;0;0;0;0;0;0;0;;;;;
2025-10-08;O_FROTOE1125C135.00;FROTO_11/2025_AVRUPA_OPSIYON;D_EQ;SSO;D_EQ_ECP;DE_FROTO_ECP;FROTO.E;2025-11-28;0.48;0.62;-22.58;0;0;0;0;0;0;0;0;0;0;0;;;;;
2025-10-08;O_FROTOE1125C140.00;FROTO_11/2025_AVRUPA_OPSIYON;D_EQ;SSO;D_EQ_ECP;DE_FROTO_ECP;FROTO.E;2025-11-28;0.37;0.48;-22.92;0;0;0;0;0;0;0;0;0;0;0;;;;;
2025-10-08;O_FROTOE1125C145.00;FROTO_11/2025_AVRUPA_OPSIYON;D_EQ;SSO;D_EQ_ECP;DE_FROTO_ECP;FROTO.E;2025-11-28;0.29;0.39;-25.64;0;0;0;0;0;0;0;0;0;0;0;;;;;
2025-10-08;O_FROTOE1125C150.00;FROTO_11/2025_AVRUPA_OPSIYON;D_EQ;SSO;D_EQ_ECP;DE_FROTO_ECP;FROTO.E;2025-11-28;0.24;0.32;-25;0;0;0;0;0;0;0;0;0;0;0;;;;;
2025-10-08;O_FROTOE1125C98.00;FROTO_11/2025_AVRUPA_OPSIYON;D_EQ;SSO;D_EQ_ECP;DE_FROTO_ECP;FROTO.E;2025-11-28;6.92;7.97;-13.17;0;0;0;0;0;0;0;0;0;0;0;;;;;
2025-10-08;O_FROTOE1125P100.00;FROTO_11/2025_AVRUPA_OPSIYON;D_EQ;SSO;D_EQ_EPP;DE_FROTO_EPP;FROTO.E;2025-11-28;4.82;4.24;13.68;0;0;0;0;0;0;0;0;0;0;0;;;;;
2025-10-08;O_FROTOE1125P105.00;FROTO_11/2025_AVRUPA_OPSIYON;D_EQ;SSO;D_EQ_EPP;DE_FROTO_EPP;FROTO.E;2025-11-28;7.53;6.7;12.39;0;0;0;0;0;0;0;0;0;2;0;;;;;
2025-10-08;O_FROTOE1125P110.00;FROTO_11/2025_AVRUPA_OPSIYON;D_EQ;SSO;D_EQ_EPP;DE_FROTO_EPP;FROTO.E;2025-11-28;11;9.92;10.89;0;0;0;0;0;0;0;0;0;0;0;;;;;
2025-10-08;O_FROTOE1125P115.00;FROTO_11/2025_AVRUPA_OPSIYON;D_EQ;SSO;D_EQ_EPP;DE_FROTO_EPP;FROTO.E;2025-11-28;14.93;13.73;8.74;0;0;0;0;0;0;0;0;0;0;0;;;;;
2025-10-08;O_FROTOE1125P120.00;FROTO_11/2025_AVRUPA_OPSIYON;D_EQ;SSO;D_EQ_EPP;DE_FROTO_EPP;FROTO.E;2025-11-28;19.13;17.84;7.23;0;0;0;0;0;0;0;0;0;0;0;;;;;
2025-10-08;O_FROTOE1125P125.00;FROTO_11/2025_AVRUPA_OPSIYON;D_EQ;SSO;D_EQ_EPP;DE_FROTO_EPP;FROTO.E;2025-11-28;23.52;22.16;6.14;0;0;0;0;0;0;0;0;0;0;0;;;;;
2025-10-08;O_FROTOE1125P88.00;FROTO_11/2025_AVRUPA_OPSIYON;D_EQ;SSO;D_EQ_EPP;DE_FROTO_EPP;FROTO.E;2025-11-28;1.35;1.22;10.66;0.94;0.94;0.94;0.94;0.94;880000;9400;100;4;100;100;;;;;
2025-10-08;O_FROTOE1125P90.00;FROTO_11/2025_AVRUPA_OPSIYON;D_EQ;SSO;D_EQ_EPP;DE_FROTO_EPP;FROTO.E;2025-11-28;1.7;1.52;11.84;0;0;0;0;0;0;0;0;0;0;0;;;;;
2025-10-08;O_FROTOE1125P92.00;FROTO_11/2025_AVRUPA_OPSIYON;D_EQ;SSO;D_EQ_EPP;DE_FROTO_EPP;FROTO.E;2025-11-28;2.12;1.89;12.17;0;0;0;0;0;0;0;0;0;0;0;;;;;
2025-10-08;O_FROTOE1125P94.00;FROTO_11/2025_AVRUPA_OPSIYON;D_EQ;SSO;D_EQ_EPP;DE_FROTO_EPP;FROTO.E;2025-11-28;2.62;2.33;12.45;0;0;0;0;0;0;0;0;0;0;0;;;;;
2025-10-08;O_FROTOE1125P96.00;FROTO_11/2025_AVRUPA_OPSIYON;D_EQ;SSO;D_EQ_EPP;DE_FROTO_EPP;FROTO.E;2025-11-28;3.2;2.84;12.68;0;0;0;0;0;0;0;0;0;0;0;;;;;
2025-10-08;O_FROTOE1125P98.00;FROTO_11/2025_AVRUPA_OPSIYON;D_EQ;SSO;D_EQ_EPP;DE_FROTO_EPP;FROTO.E;2025-11-28;3.96;3.46;14.45;0;0;0;0;0;0;0;0;0;10;0;;;;;
2025-10-08;O_FROTOE1225C100.00;FROTO_12/2025_AVRUPA_OPSIYON;D_EQ;SSO;D_EQ_ECP;DE_FROTO_ECP;FROTO.E;2025-12-31;10.1;11.29;-10.54;0;0;0;0;0;0;0;0;0;0;0;;;;;
2025-10-08;O_FROTOE1225C105.00;FROTO_12/2025_AVRUPA_OPSIYON;D_EQ;SSO;D_EQ_ECP;DE_FROTO_ECP;FROTO.E;2025-12-31;7.57;8.54;-11.36;0;0;0;0;0;0;0;0;0;0;0;;;;;
2025-10-08;O_FROTOE1225C110.00;FROTO_12/2025_AVRUPA_OPSIYON;D_EQ;SSO;D_EQ_ECP;DE_FROTO_ECP;FROTO.E;2025-12-31;5.64;6.41;-12.01;0;0;0;0;0;0;0;0;0;0;0;;;;;
2025-10-08;O_FROTOE1225C115.00;FROTO_12/2025_AVRUPA_OPSIYON;D_EQ;SSO;D_EQ_ECP;DE_FROTO_ECP;FROTO.E;2025-12-31;4.38;4.95;-11.52;0;0;0;0;0;0;0;0;0;0;0;;;;;
2025-10-08;O_FROTOE1225C120.00;FROTO_12/2025_AVRUPA_OPSIYON;D_EQ;SSO;D_EQ_ECP;DE_FROTO_ECP;FROTO.E;2025-12-31;3.45;3.92;-11.99;0;0;0;0;0;0;0;0;0;0;0;;;;;
2025-10-08;O_FROTOE1225C125.00;FROTO_12/2025_AVRUPA_OPSIYON;D_EQ;SSO;D_EQ_ECP;DE_FROTO_ECP;FROTO.E;2025-12-31;2.75;3.16;-12.97;0;0;0;0;0;0;0;0;0;0;0;;;;;
2025-10-08;O_FROTOE1225C130.00;FROTO_12/2025_AVRUPA_OPSIYON;D_EQ;SSO;D_EQ_ECP;DE_FROTO_ECP;FROTO.E;2025-12-31;2.23;2.58;-13.57;0;0;0;0;0;0;0;0;0;0;0;;;;;
2025-10-08;O_FROTOE1225C135.00;FROTO_12/2025_AVRUPA_OPSIYON;D_EQ;SSO;D_EQ_ECP;DE_FROTO_ECP;FROTO.E;2025-12-31;1.85;2.15;-13.95;0;0;0;0;0;0;0;0;0;0;0;;;;;
2025-10-08;O_FROTOE1225C140.00;FROTO_12/2025_AVRUPA_OPSIYON;D_EQ;SSO;D_EQ_ECP;DE_FROTO_ECP;FROTO.E;2025-12-31;1.55;1.82;-14.84;0;0;0;0;0;0;0;0;0;0;0;;;;;
2025-10-08;O_FROTOE1225P100.00;FROTO_12/2025_AVRUPA_OPSIYON;D_EQ;SSO;D_EQ_EPP;DE_FROTO_EPP;FROTO.E;2025-12-31;4.16;3.78;10.05;0;0;0;0;0;0;0;0;0;0;0;;;;;
2025-10-08;O_FROTOE1225P105.00;FROTO_12/2025_AVRUPA_OPSIYON;D_EQ;SSO;D_EQ_EPP;DE_FROTO_EPP;FROTO.E;2025-12-31;6.13;5.53;10.85;0;0;0;0;0;0;0;0;0;0;0;;;;;
2025-10-08;O_FROTOE1225P110.00;FROTO_12/2025_AVRUPA_OPSIYON;D_EQ;SSO;D_EQ_EPP;DE_FROTO_EPP;FROTO.E;2025-12-31;8.69;7.89;10.14;0;0;0;0;0;0;0;0;0;0;0;;;;;
2025-10-08;O_FROTOE1225P115.00;FROTO_12/2025_AVRUPA_OPSIYON;D_EQ;SSO;D_EQ_EPP;DE_FROTO_EPP;FROTO.E;2025-12-31;11.93;10.91;9.35;0;0;0;0;0;0;0;0;0;0;0;;;;;
2025-10-08;O_FROTOE1225P90.00;FROTO_12/2025_AVRUPA_OPSIYON;D_EQ;SSO;D_EQ_EPP;DE_FROTO_EPP;FROTO.E;2025-12-31;1.9;1.77;7.34;0;0;0;0;0;0;0;0;0;0;0;;;;;
2025-10-08;O_FROTOE1225P92.00;FROTO_12/2025_AVRUPA_OPSIYON;D_EQ;SSO;D_EQ_EPP;DE_FROTO_EPP;FROTO.E;2025-12-31;2.24;2.07;8.21;0;0;0;0;0;0;0;0;0;0;0;;;;;
2025-10-08;O_FROTOE1225P94.00;FROTO_12/2025_AVRUPA_OPSIYON;D_EQ;SSO;D_EQ_EPP;DE_FROTO_EPP;FROTO.E;2025-12-31;2.63;2.43;8.23;0;0;0;0;0;0;0;0;0;0;0;;;;;
2025-10-08;O_FROTOE1225P96.00;FROTO_12/2025_AVRUPA_OPSIYON;D_EQ;SSO;D_EQ_EPP;DE_FROTO_EPP;FROTO.E;2025-12-31;3.07;2.82;8.87;0;0;0;0;0;0;0;0;0;0;0;;;;;
2025-10-08;O_FROTOE1225P98.00;FROTO_12/2025_AVRUPA_OPSIYON;D_EQ;SSO;D_EQ_EPP;DE_FROTO_EPP;FROTO.E;2025-12-31;3.57;3.27;9.17;0;0;0;0;0;0;0;0;0;0;0;;;;;
2025-10-08;O_GARANE1025C130.00;GARAN_10/2025_AVRUPA_OPSIYON;D_EQ;SSO;D_EQ_ECP;DE_GARAN_ECP;GARAN.E;2025-10-31;7.3;10.02;-27.15;0;0;0;0;0;0;0;0;0;0;0;;;;;
2025-10-08;O_GARANE1025C135.00;GARAN_10/2025_AVRUPA_OPSIYON;D_EQ;SSO;D_EQ_ECP;DE_GARAN_ECP;GARAN.E;2025-10-31;4.7;6.87;-31.59;0;0;0;0;0;0;0;0;0;0;0;;;;;
2025-10-08;O_GARANE1025C140.00;GARAN_10/2025_AVRUPA_OPSIYON;D_EQ;SSO;D_EQ_ECP;DE_GARAN_ECP;GARAN.E;2025-10-31;2.87;4.46;-35.65;4.5;3.48;4.5;3.48;3.95;182000;5133;13;3;213;-5;;;;;
2025-10-08;O_GARANE1025C145.00;GARAN_10/2025_AVRUPA_OPSIYON;D_EQ;SSO;D_EQ_ECP;DE_GARAN_ECP;GARAN.E;2025-10-31;1.75;2.77;-36.82;0;0;0;0;0;0;0;0;0;440;0;;;;;
2025-10-08;O_GARANE1025C150.00;GARAN_10/2025_AVRUPA_OPSIYON;D_EQ;SSO;D_EQ_ECP;DE_GARAN_ECP;GARAN.E;2025-10-31;1.06;1.74;-39.08;0;0;0;0;0;0;0;0;0;355;0;;;;;
2025-10-08;O_GARANE1025C155.00;GARAN_10/2025_AVRUPA_OPSIYON;D_EQ;SSO;D_EQ_ECP;DE_GARAN_ECP;GARAN.E;2025-10-31;0.64;1.08;-40.74;0;0;0;0;0;0;0;0;0;210;0;;;;;
2025-10-08;O_GARANE1025C160.00;GARAN_10/2025_AVRUPA_OPSIYON;D_EQ;SSO;D_EQ_ECP;DE_GARAN_ECP;GARAN.E;2025-10-31;0.39;0.67;-41.79;0;0;0;0;0;0;0;0;0;0;0;;;;;
2025-10-08;O_GARANE1025C165.00;GARAN_10/2025_AVRUPA_OPSIYON;D_EQ;SSO;D_EQ_ECP;DE_GARAN_ECP;GARAN.E;2025-10-31;0.23;0.42;-45.24;0;0;0;0;0;0;0;0;0;0;0;;;;;
2025-10-08;O_GARANE1025C170.00;GARAN_10/2025_AVRUPA_OPSIYON;D_EQ;SSO;D_EQ_ECP;DE_GARAN_ECP;GARAN.E;2025-10-31;0.15;0.26;-42.31;0;0;0;0;0;0;0;0;0;0;0;;;;;
2025-10-08;O_GARANE1025C175.00;GARAN_10/2025_AVRUPA_OPSIYON;D_EQ;SSO;D_EQ_ECP;DE_GARAN_ECP;GARAN.E;2025-10-31;0.09;0.17;-47.06;0;0;0;0;0;0;0;0;0;0;0;;;;;
2025-10-08;O_GARANE1025C180.00;GARAN_10/2025_AVRUPA_OPSIYON;D_EQ;SSO;D_EQ_ECP;DE_GARAN_ECP;GARAN.E;2025-10-31;0.06;0.11;-45.45;0;0;0;0;0;0;0;0;0;0;0;;;;;
2025-10-08;O_GARANE1025C185.00;GARAN_10/2025_AVRUPA_OPSIYON;D_EQ;SSO;D_EQ_ECP;DE_GARAN_ECP;GARAN.E;2025-10-31;0.04;0.07;-42.86;0;0;0;0;0;0;0;0;0;0;0;;;;;
2025-10-08;O_GARANE1025C190.00;GARAN_10/2025_AVRUPA_OPSIYON;D_EQ;SSO;D_EQ_ECP;DE_GARAN_ECP;GARAN.E;2025-10-31;0.03;0.05;-40;0;0;0;0;0;0;0;0;0;0;0;;;;;
2025-10-08;O_GARANE1025C195.00;GARAN_10/2025_AVRUPA_OPSIYON;D_EQ;SSO;D_EQ_ECP;DE_GARAN_ECP;GARAN.E;2025-10-31;0.02;0.03;-33.33;0;0;0;0;0;0;0;0;0;0;0;;;;;
2025-10-08;O_GARANE1025P105.00;GARAN_10/2025_AVRUPA_OPSIYON;D_EQ;SSO;D_EQ_EPP;DE_GARAN_EPP;GARAN.E;2025-10-31;0.07;0.05;40;0;0;0;0;0;0;0;0;0;0;0;;;;;
2025-10-08;O_GARANE1025P110.00;GARAN_10/2025_AVRUPA_OPSIYON;D_EQ;SSO;D_EQ_EPP;DE_GARAN_EPP;GARAN.E;2025-10-31;0.19;0.13;46.15;0;0;0;0;0;0;0;0;0;0;0;;;;;
2025-10-08;O_GARANE1025P115.00;GARAN_10/2025_AVRUPA_OPSIYON;D_EQ;SSO;D_EQ_EPP;DE_GARAN_EPP;GARAN.E;2025-10-31;0.44;0.3;46.67;0;0;0;0;0;0;0;0;0;0;0;;;;;
2025-10-08;O_GARANE1025P120.00;GARAN_10/2025_AVRUPA_OPSIYON;D_EQ;SSO;D_EQ_EPP;DE_GARAN_EPP;GARAN.E;2025-10-31;0.94;0.64;46.88;0;0;0;0;0;0;0;0;0;0;0;;;;;
2025-10-08;O_GARANE1025P125.00;GARAN_10/2025_AVRUPA_OPSIYON;D_EQ;SSO;D_EQ_EPP;DE_GARAN_EPP;GARAN.E;2025-10-31;1.82;1.26;44.44;0;0;0;0;0;0;0;0;0;0;0;;;;;
2025-10-08;O_GARANE1025P130.00;GARAN_10/2025_AVRUPA_OPSIYON;D_EQ;SSO;D_EQ_EPP;DE_GARAN_EPP;GARAN.E;2025-10-31;3.32;2.31;43.72;3.38;3.38;3.39;3.39;3.38;143000;3719;11;2;1;1;;;;;
2025-10-08;O_GARANE1025P135.00;GARAN_10/2025_AVRUPA_OPSIYON;D_EQ;SSO;D_EQ_EPP;DE_GARAN_EPP;GARAN.E;2025-10-31;5.6;4.03;38.96;5.21;5.21;5.66;5.66;5.44;27000;1087;2;2;83;2;;;;;
2025-10-08;O_GARANE1025P140.00;GARAN_10/2025_AVRUPA_OPSIYON;D_EQ;SSO;D_EQ_EPP;DE_GARAN_EPP;GARAN.E;2025-10-31;8.66;6.51;33.03;0;0;0;0;0;0;0;0;0;0;0;;;;;
2025-10-08;O_GARANE1025P145.00;GARAN_10/2025_AVRUPA_OPSIYON;D_EQ;SSO;D_EQ_EPP;DE_GARAN_EPP;GARAN.E;2025-10-31;12.42;9.69;28.17;12.44;12.44;12.44;12.44;12.44;29000;2488;2;1;2580;0;;;;;
2025-10-08;O_GARANE1025P150.00;GARAN_10/2025_AVRUPA_OPSIYON;D_EQ;SSO;D_EQ_EPP;DE_GARAN_EPP;GARAN.E;2025-10-31;16.61;13.54;22.67;0;0;0;0;0;0;0;0;0;1002;0;;;;;
2025-10-08;O_GARANE1025P155.00;GARAN_10/2025_AVRUPA_OPSIYON;D_EQ;SSO;D_EQ_EPP;DE_GARAN_EPP;GARAN.E;2025-10-31;21.07;17.76;18.64;0;0;0;0;0;0;0;0;0;0;0;;;;;
2025-10-08;O_GARANE1025P160.00;GARAN_10/2025_AVRUPA_OPSIYON;D_EQ;SSO;D_EQ_EPP;DE_GARAN_EPP;GARAN.E;2025-10-31;25.7;22.23;15.61;0;0;0;0;0;0;0;0;0;0;0;;;;;
2025-10-08;O_GARANE1025P165.00;GARAN_10/2025_AVRUPA_OPSIYON;D_EQ;SSO;D_EQ_EPP;DE_GARAN_EPP;GARAN.E;2025-10-31;30.43;26.85;13.33;0;0;0;0;0;0;0;0;0;0;0;;;;;
2025-10-08;O_GARANE1025P170.00;GARAN_10/2025_AVRUPA_OPSIYON;D_EQ;SSO;D_EQ_EPP;DE_GARAN_EPP;GARAN.E;2025-10-31;35.22;31.57;11.56;0;0;0;0;0;0;0;0;0;600;0;;;;;
2025-10-08;O_GARANE1125C135.00;GARAN_11/2025_AVRUPA_OPSIYON;D_EQ;SSO;D_EQ_ECP;DE_GARAN_ECP;GARAN.E;2025-11-28;9.09;11.52;-21.09;0;0;0;0;0;0;0;0;0;0;0;;;;;
2025-10-08;O_GARANE1125C140.00;GARAN_11/2025_AVRUPA_OPSIYON;D_EQ;SSO;D_EQ_ECP;DE_GARAN_ECP;GARAN.E;2025-11-28;6.79;8.84;-23.19;0;0;0;0;0;0;0;0;0;0;0;;;;;
2025-10-08;O_GARANE1125C145.00;GARAN_11/2025_AVRUPA_OPSIYON;D_EQ;SSO;D_EQ_ECP;DE_GARAN_ECP;GARAN.E;2025-11-28;5.01;6.66;-24.77;0;0;0;0;0;0;0;0;0;0;0;;;;;
2025-10-08;O_GARANE1125C150.00;GARAN_11/2025_AVRUPA_OPSIYON;D_EQ;SSO;D_EQ_ECP;DE_GARAN_ECP;GARAN.E;2025-11-28;3.81;4.99;-23.65;4.71;3.68;4.87;3.74;4.42;2850000;84050;190;19;303;190;;;;;
2025-10-08;O_GARANE1125C155.00;GARAN_11/2025_AVRUPA_OPSIYON;D_EQ;SSO;D_EQ_ECP;DE_GARAN_ECP;GARAN.E;2025-11-28;2.91;3.84;-24.22;0;0;0;0;0;0;0;0;0;0;0;;;;;
2025-10-08;O_GARANE1125C160.00;GARAN_11/2025_AVRUPA_OPSIYON;D_EQ;SSO;D_EQ_ECP;DE_GARAN_ECP;GARAN.E;2025-11-28;2.23;2.96;-24.66;0;0;0;0;0;0;0;0;0;0;0;;;;;
2025-10-08;O_GARANE1125C165.00;GARAN_11/2025_AVRUPA_OPSIYON;D_EQ;SSO;D_EQ_ECP;DE_GARAN_ECP;GARAN.E;2025-11-28;1.73;2.3;-24.78;0;0;0;0;0;0;0;0;0;0;0;;;;;
2025-10-08;O_GARANE1125C170.00;GARAN_11/2025_AVRUPA_OPSIYON;D_EQ;SSO;D_EQ_ECP;DE_GARAN_ECP;GARAN.E;2025-11-28;1.35;1.8;-25;0;0;0;0;0;0;0;0;0;0;0;;;;;
2025-10-08;O_GARANE1125C175.00;GARAN_11/2025_AVRUPA_OPSIYON;D_EQ;SSO;D_EQ_ECP;DE_GARAN_ECP;GARAN.E;2025-11-28;1.07;1.42;-24.65;0;0;0;0;0;0;0;0;0;0;0;;;;;
2025-10-08;O_GARANE1125C180.00;GARAN_11/2025_AVRUPA_OPSIYON;D_EQ;SSO;D_EQ_ECP;DE_GARAN_ECP;GARAN.E;2025-11-28;0.85;1.14;-25.44;0;0;0;0;0;0;0;0;0;0;0;;;;;
2025-10-08;O_GARANE1125C185.00;GARAN_11/2025_AVRUPA_OPSIYON;D_EQ;SSO;D_EQ_ECP;DE_GARAN_ECP;GARAN.E;2025-11-28;0.69;0.92;-25;0;0;0;0;0;0;0;0;0;0;0;;;;;
2025-10-08;O_GARANE1125C190.00;GARAN_11/2025_AVRUPA_OPSIYON;D_EQ;SSO;D_EQ_ECP;DE_GARAN_ECP;GARAN.E;2025-11-28;0.56;0.75;-25.33;0;0;0;0;0;0;0;0;0;0;0;;;;;
2025-10-08;O_GARANE1125P110.00;GARAN_11/2025_AVRUPA_OPSIYON;D_EQ;SSO;D_EQ_EPP;DE_GARAN_EPP;GARAN.E;2025-11-28;0.79;0.62;27.42;0;0;0;0;0;0;0;0;0;0;0;;;;;
2025-10-08;O_GARANE1125P115.00;GARAN_11/2025_AVRUPA_OPSIYON;D_EQ;SSO;D_EQ_EPP;DE_GARAN_EPP;GARAN.E;2025-11-28;1.27;1;27;0;0;0;0;0;0;0;0;0;0;0;;;;;
2025-10-08;O_GARANE1125P120.00;GARAN_11/2025_AVRUPA_OPSIYON;D_EQ;SSO;D_EQ_EPP;DE_GARAN_EPP;GARAN.E;2025-11-28;1.98;1.57;26.11;0;0;0;0;0;0;0;0;0;0;0;;;;;
2025-10-08;O_GARANE1125P125.00;GARAN_11/2025_AVRUPA_OPSIYON;D_EQ;SSO;D_EQ_EPP;DE_GARAN_EPP;GARAN.E;2025-11-28;2.97;2.37;25.32;0;0;0;0;0;0;0;0;0;0;0;;;;;
2025-10-08;O_GARANE1125P130.00;GARAN_11/2025_AVRUPA_OPSIYON;D_EQ;SSO;D_EQ_EPP;DE_GARAN_EPP;GARAN.E;2025-11-28;4.31;3.46;24.57;0;0;0;0;0;0;0;0;0;0;0;;;;;
2025-10-08;O_GARANE1125P135.00;GARAN_11/2025_AVRUPA_OPSIYON;D_EQ;SSO;D_EQ_EPP;DE_GARAN_EPP;GARAN.E;2025-11-28;6.21;4.91;26.48;0;0;0;0;0;0;0;0;0;0;0;;;;;
2025-10-08;O_GARANE1125P140.00;GARAN_11/2025_AVRUPA_OPSIYON;D_EQ;SSO;D_EQ_EPP;DE_GARAN_EPP;GARAN.E;2025-11-28;8.65;6.96;24.28;0;0;0;0;0;0;0;0;0;0;0;;;;;
2025-10-08;O_GARANE1125P145.00;GARAN_11/2025_AVRUPA_OPSIYON;D_EQ;SSO;D_EQ_EPP;DE_GARAN_EPP;GARAN.E;2025-11-28;11.61;9.52;21.95;0;0;0;0;0;0;0;0;0;5001;0;;;;;
2025-10-08;O_GARANE1125P150.00;GARAN_11/2025_AVRUPA_OPSIYON;D_EQ;SSO;D_EQ_EPP;DE_GARAN_EPP;GARAN.E;2025-11-28;15.15;12.59;20.33;0;0;0;0;0;0;0;0;0;0;0;;;;;
2025-10-08;O_GARANE1125P155.00;GARAN_11/2025_AVRUPA_OPSIYON;D_EQ;SSO;D_EQ_EPP;DE_GARAN_EPP;GARAN.E;2025-11-28;18.99;16.17;17.44;0;0;0;0;0;0;0;0;0;0;0;;;;;
2025-10-08;O_GARANE1125P160.00;GARAN_11/2025_AVRUPA_OPSIYON;D_EQ;SSO;D_EQ_EPP;DE_GARAN_EPP;GARAN.E;2025-11-28;23.06;20.03;15.13;0;0;0;0;0;0;0;0;0;0;0;;;;;
2025-10-08;O_GARANE1125P165.00;GARAN_11/2025_AVRUPA_OPSIYON;D_EQ;SSO;D_EQ_EPP;DE_GARAN_EPP;GARAN.E;2025-11-28;27.29;24.11;13.19;0;0;0;0;0;0;0;0;0;0;0;;;;;
2025-10-08;O_GARANE1225C140.00;GARAN_12/2025_AVRUPA_OPSIYON;D_EQ;SSO;D_EQ_ECP;DE_GARAN_ECP;GARAN.E;2025-12-31;12.3;14.81;-16.95;0;0;0;0;0;0;0;0;0;0;0;;;;;
2025-10-08;O_GARANE1225C145.00;GARAN_12/2025_AVRUPA_OPSIYON;D_EQ;SSO;D_EQ_ECP;DE_GARAN_ECP;GARAN.E;2025-12-31;10.01;12.21;-18.02;0;0;0;0;0;0;0;0;0;0;0;;;;;
2025-10-08;O_GARANE1225C150.00;GARAN_12/2025_AVRUPA_OPSIYON;D_EQ;SSO;D_EQ_ECP;DE_GARAN_ECP;GARAN.E;2025-12-31;8.12;10.01;-18.88;0;0;0;0;0;0;0;0;0;0;0;;;;;
2025-10-08;O_GARANE1225C155.00;GARAN_12/2025_AVRUPA_OPSIYON;D_EQ;SSO;D_EQ_ECP;DE_GARAN_ECP;GARAN.E;2025-12-31;6.77;8.2;-17.44;0;0;0;0;0;0;0;0;0;0;0;;;;;
2025-10-08;O_GARANE1225C160.00;GARAN_12/2025_AVRUPA_OPSIYON;D_EQ;SSO;D_EQ_ECP;DE_GARAN_ECP;GARAN.E;2025-12-31;5.68;6.89;-17.56;0;0;0;0;0;0;0;0;0;0;0;;;;;
2025-10-08;O_GARANE1225C165.00;GARAN_12/2025_AVRUPA_OPSIYON;D_EQ;SSO;D_EQ_ECP;DE_GARAN_ECP;GARAN.E;2025-12-31;4.79;5.82;-17.7;0;0;0;0;0;0;0;0;0;0;0;;;;;
2025-10-08;O_GARANE1225C170.00;GARAN_12/2025_AVRUPA_OPSIYON;D_EQ;SSO;D_EQ_ECP;DE_GARAN_ECP;GARAN.E;2025-12-31;4.07;4.94;-17.61;0;0;0;0;0;0;0;0;0;0;0;;;;;
2025-10-08;O_GARANE1225C175.00;GARAN_12/2025_AVRUPA_OPSIYON;D_EQ;SSO;D_EQ_ECP;DE_GARAN_ECP;GARAN.E;2025-12-31;3.48;4.22;-17.54;0;0;0;0;0;0;0;0;0;0;0;;;;;
2025-10-08;O_GARANE1225C180.00;GARAN_12/2025_AVRUPA_OPSIYON;D_EQ;SSO;D_EQ_ECP;DE_GARAN_ECP;GARAN.E;2025-12-31;3;3.64;-17.58;0;0;0;0;0;0;0;0;0;0;0;;;;;
2025-10-08;O_GARANE1225C185.00;GARAN_12/2025_AVRUPA_OPSIYON;D_EQ;SSO;D_EQ_ECP;DE_GARAN_ECP;GARAN.E;2025-12-31;2.61;3.15;-17.14;0;0;0;0;0;0;0;0;0;0;0;;;;;
2025-10-08;O_GARANE1225C190.00;GARAN_12/2025_AVRUPA_OPSIYON;D_EQ;SSO;D_EQ_ECP;DE_GARAN_ECP;GARAN.E;2025-12-31;2.29;2.76;-17.03;0;0;0;0;0;0;0;0;0;0;0;;;;;
2025-10-08;O_GARANE1225P115.00;GARAN_12/2025_AVRUPA_OPSIYON;D_EQ;SSO;D_EQ_EPP;DE_GARAN_EPP;GARAN.E;2025-12-31;1.69;1.42;19.01;0;0;0;0;0;0;0;0;0;0;0;;;;;
2025-10-08;O_GARANE1225P120.00;GARAN_12/2025_AVRUPA_OPSIYON;D_EQ;SSO;D_EQ_EPP;DE_GARAN_EPP;GARAN.E;2025-12-31;2.35;1.98;18.69;0;0;0;0;0;0;0;0;0;0;0;;;;;
2025-10-08;O_GARANE1225P125.00;GARAN_12/2025_AVRUPA_OPSIYON;D_EQ;SSO;D_EQ_EPP;DE_GARAN_EPP;GARAN.E;2025-12-31;3.18;2.69;18.22;0;0;0;0;0;0;0;0;0;0;0;;;;;
2025-10-08;O_GARANE1225P130.00;GARAN_12/2025_AVRUPA_OPSIYON;D_EQ;SSO;D_EQ_EPP;DE_GARAN_EPP;GARAN.E;2025-12-31;4.24;3.58;18.44;0;0;0;0;0;0;0;0;0;0;0;;;;;
2025-10-08;O_GARANE1225P135.00;GARAN_12/2025_AVRUPA_OPSIYON;D_EQ;SSO;D_EQ_EPP;DE_GARAN_EPP;GARAN.E;2025-12-31;5.54;4.7;17.87;0;0;0;0;0;0;0;0;0;0;0;;;;;
2025-10-08;O_GARANE1225P140.00;GARAN_12/2025_AVRUPA_OPSIYON;D_EQ;SSO;D_EQ_EPP;DE_GARAN_EPP;GARAN.E;2025-12-31;7.33;6.09;20.36;0;0;0;0;0;0;0;0;0;0;0;;;;;
2025-10-08;O_GARANE1225P145.00;GARAN_12/2025_AVRUPA_OPSIYON;D_EQ;SSO;D_EQ_EPP;DE_GARAN_EPP;GARAN.E;2025-12-31;9.54;7.98;19.55;0;0;0;0;0;0;0;0;0;0;0;;;;;
2025-10-08;O_GARANE1225P150.00;GARAN_12/2025_AVRUPA_OPSIYON;D_EQ;SSO;D_EQ_EPP;DE_GARAN_EPP;GARAN.E;2025-12-31;12.15;10.27;18.31;0;0;0;0;0;0;0;0;0;0;0;;;;;
2025-10-08;O_GARANE1225P155.00;GARAN_12/2025_AVRUPA_OPSIYON;D_EQ;SSO;D_EQ_EPP;DE_GARAN_EPP;GARAN.E;2025-12-31;15.3;12.95;18.15;0;0;0;0;0;0;0;0;0;0;0;;;;;
2025-10-08;O_GARANE1225P160.00;GARAN_12/2025_AVRUPA_OPSIYON;D_EQ;SSO;D_EQ_EPP;DE_GARAN_EPP;GARAN.E;2025-12-31;18.71;16.14;15.92;0;0;0;0;0;0;0;0;0;0;0;;;;;
2025-10-08;O_GARANE1225P165.00;GARAN_12/2025_AVRUPA_OPSIYON;D_EQ;SSO;D_EQ_EPP;DE_GARAN_EPP;GARAN.E;2025-12-31;22.31;19.56;14.06;0;0;0;0;0;0;0;0;0;0;0;;;;;
2025-10-08;O_HALKBE1025C24.50;HALKB_10/2025_AVRUPA_OPSIYON;D_EQ;SSO;D_EQ_ECP;DE_HALKB_ECP;HALKB.E;2025-10-31;4.03;2.63;53.23;0;0;0;0;0;0;0;0;0;80;0;;;;;
2025-10-08;O_HALKBE1025C25.00;HALKB_10/2025_AVRUPA_OPSIYON;D_EQ;SSO;D_EQ_ECP;DE_HALKB_ECP;HALKB.E;2025-10-31;3.61;2.27;59.03;0;0;0;0;0;0;0;0;0;0;0;;;;;
2025-10-08;O_HALKBE1025C26.00;HALKB_10/2025_AVRUPA_OPSIYON;D_EQ;SSO;D_EQ_ECP;DE_HALKB_ECP;HALKB.E;2025-10-31;2.82;1.65;70.91;0;0;0;0;0;0;0;0;0;60;0;;;;;
2025-10-08;O_HALKBE1025C27.00;HALKB_10/2025_AVRUPA_OPSIYON;D_EQ;SSO;D_EQ_ECP;DE_HALKB_ECP;HALKB.E;2025-10-31;2.11;1.16;81.9;2.65;2.65;2.72;2.72;2.7;378000;37800;140;7;163;140;;;;;
2025-10-08;O_HALKBE1025C28.00;HALKB_10/2025_AVRUPA_OPSIYON;D_EQ;SSO;D_EQ_ECP;DE_HALKB_ECP;HALKB.E;2025-10-31;1.53;0.79;93.67;1.53;1.53;2.15;2.15;2.14;282800;21613;101;6;190;100;;;;;
2025-10-08;O_HALKBE1025C29.00;HALKB_10/2025_AVRUPA_OPSIYON;D_EQ;SSO;D_EQ_ECP;DE_HALKB_ECP;HALKB.E;2025-10-31;1.08;0.53;103.77;1.65;1.65;1.65;1.65;1.65;58000;3300;20;1;540;20;;;;;
2025-10-08;O_HALKBE1025C30.00;HALKB_10/2025_AVRUPA_OPSIYON;D_EQ;SSO;D_EQ_ECP;DE_HALKB_ECP;HALKB.E;2025-10-31;0.74;0.35;111.43;1.15;1.03;1.24;1.05;1.11;3705000;137075;1235;47;1475;666;;;;;
2025-10-08;O_HALKBE1025C31.00;HALKB_10/2025_AVRUPA_OPSIYON;D_EQ;SSO;D_EQ_ECP;DE_HALKB_ECP;HALKB.E;2025-10-31;0.52;0.22;136.36;0;0;0;0;0;0;0;0;0;2020;0;;;;;
2025-10-08;O_HALKBE1025C32.00;HALKB_10/2025_AVRUPA_OPSIYON;D_EQ;SSO;D_EQ_ECP;DE_HALKB_ECP;HALKB.E;2025-10-31;0.36;0.14;157.14;0;0;0;0;0;0;0;0;0;800;0;;;;;
2025-10-08;O_HALKBE1025C33.00;HALKB_10/2025_AVRUPA_OPSIYON;D_EQ;SSO;D_EQ_ECP;DE_HALKB_ECP;HALKB.E;2025-10-31;0.25;0.09;177.78;0;0;0;0;0;0;0;0;0;550;0;;;;;
2025-10-08;O_HALKBE1025C34.00;HALKB_10/2025_AVRUPA_OPSIYON;D_EQ;SSO;D_EQ_ECP;DE_HALKB_ECP;HALKB.E;2025-10-31;0.17;0.06;183.33;0;0;0;0;0;0;0;0;0;0;0;;;;;
2025-10-08;O_HALKBE1025C35.00;HALKB_10/2025_AVRUPA_OPSIYON;D_EQ;SSO;D_EQ_ECP;DE_HALKB_ECP;HALKB.E;2025-10-31;0.12;0.04;200;0;0;0;0;0;0;0;0;0;10900;0;;;;;
2025-10-08;O_HALKBE1025C36.00;HALKB_10/2025_AVRUPA_OPSIYON;D_EQ;SSO;D_EQ_ECP;DE_HALKB_ECP;HALKB.E;2025-10-31;0.09;0.02;350;0;0;0;0;0;0;0;0;0;1000;0;;;;;
2025-10-08;O_HALKBE1025C37.00;HALKB_10/2025_AVRUPA_OPSIYON;D_EQ;SSO;D_EQ_ECP;DE_HALKB_ECP;HALKB.E;2025-10-31;0.06;0.01;500;0;0;0;0;0;0;0;0;0;1000;0;;;;;
2025-10-08;O_HALKBE1025C38.00;HALKB_10/2025_AVRUPA_OPSIYON;D_EQ;SSO;D_EQ_ECP;DE_HALKB_ECP;HALKB.E;2025-10-31;0.04;0.01;300;0;0;0;0;0;0;0;0;0;0;0;;;;;
2025-10-08;O_HALKBE1025P22.00;HALKB_10/2025_AVRUPA_OPSIYON;D_EQ;SSO;D_EQ_EPP;DE_HALKB_EPP;HALKB.E;2025-10-31;0.04;0.09;-55.56;0;0;0;0;0;0;0;0;0;0;0;;;;;
2025-10-08;O_HALKBE1025P22.50;HALKB_10/2025_AVRUPA_OPSIYON;D_EQ;SSO;D_EQ_EPP;DE_HALKB_EPP;HALKB.E;2025-10-31;0.06;0.13;-53.85;0;0;0;0;0;0;0;0;0;0;0;;;;;
2025-10-08;O_HALKBE1025P23.00;HALKB_10/2025_AVRUPA_OPSIYON;D_EQ;SSO;D_EQ_EPP;DE_HALKB_EPP;HALKB.E;2025-10-31;0.08;0.18;-55.56;0;0;0;0;0;0;0;0;0;0;0;;;;;
2025-10-08;O_HALKBE1025P23.50;HALKB_10/2025_AVRUPA_OPSIYON;D_EQ;SSO;D_EQ_EPP;DE_HALKB_EPP;HALKB.E;2025-10-31;0.12;0.25;-52;0;0;0;0;0;0;0;0;0;0;0;;;;;
2025-10-08;O_HALKBE1025P24.00;HALKB_10/2025_AVRUPA_OPSIYON;D_EQ;SSO;D_EQ_EPP;DE_HALKB_EPP;HALKB.E;2025-10-31;0.16;0.34;-52.94;0;0;0;0;0;0;0;0;0;0;0;;;;;
2025-10-08;O_HALKBE1025P24.50;HALKB_10/2025_AVRUPA_OPSIYON;D_EQ;SSO;D_EQ_EPP;DE_HALKB_EPP;HALKB.E;2025-10-31;0.21;0.44;-52.27;0;0;0;0;0;0;0;0;0;0;0;;;;;
2025-10-08;O_HALKBE1025P25.00;HALKB_10/2025_AVRUPA_OPSIYON;D_EQ;SSO;D_EQ_EPP;DE_HALKB_EPP;HALKB.E;2025-10-31;0.28;0.58;-51.72;0;0;0;0;0;0;0;0;0;0;0;;;;;
2025-10-08;O_HALKBE1025P26.00;HALKB_10/2025_AVRUPA_OPSIYON;D_EQ;SSO;D_EQ_EPP;DE_HALKB_EPP;HALKB.E;2025-10-31;0.46;0.93;-50.54;0;0;0;0;0;0;0;0;0;670;0;;;;;
2025-10-08;O_HALKBE1025P27.00;HALKB_10/2025_AVRUPA_OPSIYON;D_EQ;SSO;D_EQ_EPP;DE_HALKB_EPP;HALKB.E;2025-10-31;0.73;1.41;-48.23;0;0;0;0;0;0;0;0;0;1;0;;;;;
2025-10-08;O_HALKBE1025P28.00;HALKB_10/2025_AVRUPA_OPSIYON;D_EQ;SSO;D_EQ_EPP;DE_HALKB_EPP;HALKB.E;2025-10-31;1.13;2.02;-44.06;1.4;1.4;1.4;1.4;1.4;56000;2800;20;1;50;0;;;;;
2025-10-08;O_HALKBE1025P29.00;HALKB_10/2025_AVRUPA_OPSIYON;D_EQ;SSO;D_EQ_EPP;DE_HALKB_EPP;HALKB.E;2025-10-31;1.65;2.73;-39.56;1.9;1.9;1.9;1.9;1.9;2900;190;1;1;61;1;;;;;
2025-10-08;O_HALKBE1025P30.00;HALKB_10/2025_AVRUPA_OPSIYON;D_EQ;SSO;D_EQ_EPP;DE_HALKB_EPP;HALKB.E;2025-10-31;2.3;3.53;-34.84;2.5;2.45;2.5;2.45;2.48;9000;744;3;3;43;3;;;;;
2025-10-08;O_HALKBE1025P31.00;HALKB_10/2025_AVRUPA_OPSIYON;D_EQ;SSO;D_EQ_EPP;DE_HALKB_EPP;HALKB.E;2025-10-31;3.05;4.38;-30.37;0;0;0;0;0;0;0;0;0;100;0;;;;;
2025-10-08;O_HALKBE1025P32.00;HALKB_10/2025_AVRUPA_OPSIYON;D_EQ;SSO;D_EQ_EPP;DE_HALKB_EPP;HALKB.E;2025-10-31;3.86;5.27;-26.76;0;0;0;0;0;0;0;0;0;20;0;;;;;
2025-10-08;O_HALKBE1025P33.00;HALKB_10/2025_AVRUPA_OPSIYON;D_EQ;SSO;D_EQ_EPP;DE_HALKB_EPP;HALKB.E;2025-10-31;4.73;6.2;-23.71;0;0;0;0;0;0;0;0;0;0;0;;;;;
2025-10-08;O_HALKBE1125C25.00;HALKB_11/2025_AVRUPA_OPSIYON;D_EQ;SSO;D_EQ_ECP;DE_HALKB_ECP;HALKB.E;2025-11-28;4.62;3.27;41.28;0;0;0;0;0;0;0;0;0;50;0;;;;;
2025-10-08;O_HALKBE1125C26.00;HALKB_11/2025_AVRUPA_OPSIYON;D_EQ;SSO;D_EQ_ECP;DE_HALKB_ECP;HALKB.E;2025-11-28;3.89;2.65;46.79;4.24;4.24;4.24;4.24;4.24;104000;16960;40;2;100;40;;;;;
2025-10-08;O_HALKBE1125C27.00;HALKB_11/2025_AVRUPA_OPSIYON;D_EQ;SSO;D_EQ_ECP;DE_HALKB_ECP;HALKB.E;2025-11-28;3.21;2.12;51.42;3.57;3.57;3.61;3.61;3.6;324000;43240;120;6;474;120;;;;;
2025-10-08;O_HALKBE1125C28.00;HALKB_11/2025_AVRUPA_OPSIYON;D_EQ;SSO;D_EQ_ECP;DE_HALKB_ECP;HALKB.E;2025-11-28;2.61;1.68;55.36;3;3;3.03;3.03;3.03;336000;36300;120;6;170;120;;;;;
2025-10-08;O_HALKBE1125C29.00;HALKB_11/2025_AVRUPA_OPSIYON;D_EQ;SSO;D_EQ_ECP;DE_HALKB_ECP;HALKB.E;2025-11-28;2.1;1.32;59.09;2.5;2.5;2.52;2.52;2.52;348000;30200;120;6;170;120;;;;;
2025-10-08;O_HALKBE1125C30.00;HALKB_11/2025_AVRUPA_OPSIYON;D_EQ;SSO;D_EQ_ECP;DE_HALKB_ECP;HALKB.E;2025-11-28;1.68;1.04;61.54;2.09;2.09;2.09;2.09;2.09;60000;4180;20;1;70;20;;;;;
2025-10-08;O_HALKBE1125C31.00;HALKB_11/2025_AVRUPA_OPSIYON;D_EQ;SSO;D_EQ_ECP;DE_HALKB_ECP;HALKB.E;2025-11-28;1.35;0.82;64.63;1.31;1.31;1.69;1.69;1.38;756400;33739;244;6;204;204;;;;;
2025-10-08;O_HALKBE1125C32.00;HALKB_11/2025_AVRUPA_OPSIYON;D_EQ;SSO;D_EQ_ECP;DE_HALKB_ECP;HALKB.E;2025-11-28;1.1;0.65;69.23;1.02;1.02;1.37;1.22;1.15;5216000;187417;1630;55;1530;1480;;;;;
2025-10-08;O_HALKBE1125C33.00;HALKB_11/2025_AVRUPA_OPSIYON;D_EQ;SSO;D_EQ_ECP;DE_HALKB_ECP;HALKB.E;2025-11-28;0.9;0.51;76.47;1.09;1.09;1.1;1.1;1.09;330000;10920;100;5;1100;0;;;;;
2025-10-08;O_HALKBE1125C34.00;HALKB_11/2025_AVRUPA_OPSIYON;D_EQ;SSO;D_EQ_ECP;DE_HALKB_ECP;HALKB.E;2025-11-28;0.74;0.4;85;0;0;0;0;0;0;0;0;0;5190;0;;;;;
2025-10-08;O_HALKBE1125C35.00;HALKB_11/2025_AVRUPA_OPSIYON;D_EQ;SSO;D_EQ_ECP;DE_HALKB_ECP;HALKB.E;2025-11-28;0.62;0.32;93.75;0;0;0;0;0;0;0;0;0;10553;0;;;;;
2025-10-08;O_HALKBE1125C36.00;HALKB_11/2025_AVRUPA_OPSIYON;D_EQ;SSO;D_EQ_ECP;DE_HALKB_ECP;HALKB.E;2025-11-28;0.51;0.25;104;0;0;0;0;0;0;0;0;0;1900;0;;;;;
2025-10-08;O_HALKBE1125C37.00;HALKB_11/2025_AVRUPA_OPSIYON;D_EQ;SSO;D_EQ_ECP;DE_HALKB_ECP;HALKB.E;2025-11-28;0.43;0.2;115;0;0;0;0;0;0;0;0;0;0;0;;;;;
2025-10-08;O_HALKBE1125P22.50;HALKB_11/2025_AVRUPA_OPSIYON;D_EQ;SSO;D_EQ_EPP;DE_HALKB_EPP;HALKB.E;2025-11-28;0.24;0.34;-29.41;0;0;0;0;0;0;0;0;0;0;0;;;;;
2025-10-08;O_HALKBE1125P23.00;HALKB_11/2025_AVRUPA_OPSIYON;D_EQ;SSO;D_EQ_EPP;DE_HALKB_EPP;HALKB.E;2025-11-28;0.29;0.42;-30.95;0;0;0;0;0;0;0;0;0;0;0;;;;;
2025-10-08;O_HALKBE1125P23.50;HALKB_11/2025_AVRUPA_OPSIYON;D_EQ;SSO;D_EQ_EPP;DE_HALKB_EPP;HALKB.E;2025-11-28;0.35;0.51;-31.37;0;0;0;0;0;0;0;0;0;0;0;;;;;
2025-10-08;O_HALKBE1125P24.00;HALKB_11/2025_AVRUPA_OPSIYON;D_EQ;SSO;D_EQ_EPP;DE_HALKB_EPP;HALKB.E;2025-11-28;0.42;0.61;-31.15;0;0;0;0;0;0;0;0;0;0;0;;;;;
2025-10-08;O_HALKBE1125P24.50;HALKB_11/2025_AVRUPA_OPSIYON;D_EQ;SSO;D_EQ_EPP;DE_HALKB_EPP;HALKB.E;2025-11-28;0.5;0.73;-31.51;0;0;0;0;0;0;0;0;0;0;0;;;;;
2025-10-08;O_HALKBE1125P25.00;HALKB_11/2025_AVRUPA_OPSIYON;D_EQ;SSO;D_EQ_EPP;DE_HALKB_EPP;HALKB.E;2025-11-28;0.59;0.87;-32.18;0;0;0;0;0;0;0;0;0;0;0;;;;;
2025-10-08;O_HALKBE1125P26.00;HALKB_11/2025_AVRUPA_OPSIYON;D_EQ;SSO;D_EQ_EPP;DE_HALKB_EPP;HALKB.E;2025-11-28;0.81;1.2;-32.5;0;0;0;0;0;0;0;0;0;0;0;;;;;
2025-10-08;O_HALKBE1125P27.00;HALKB_11/2025_AVRUPA_OPSIYON;D_EQ;SSO;D_EQ_EPP;DE_HALKB_EPP;HALKB.E;2025-11-28;1.08;1.62;-33.33;1.28;1.28;1.31;1.31;1.31;324000;15660;120;6;120;120;;;;;
2025-10-08;O_HALKBE1125P28.00;HALKB_11/2025_AVRUPA_OPSIYON;D_EQ;SSO;D_EQ_EPP;DE_HALKB_EPP;HALKB.E;2025-11-28;1.42;2.13;-33.33;1.6;1.6;1.68;1.68;1.67;336000;20000;120;6;120;120;;;;;
2025-10-08;O_HALKBE1125P29.00;HALKB_11/2025_AVRUPA_OPSIYON;D_EQ;SSO;D_EQ_EPP;DE_HALKB_EPP;HALKB.E;2025-11-28;1.86;2.71;-31.37;2.11;2.11;2.11;2.11;2.11;290000;21100;100;5;100;100;;;;;
2025-10-08;O_HALKBE1125P30.00;HALKB_11/2025_AVRUPA_OPSIYON;D_EQ;SSO;D_EQ_EPP;DE_HALKB_EPP;HALKB.E;2025-11-28;2.39;3.38;-29.29;2.61;2.61;2.61;2.61;2.61;180000;15660;60;3;60;60;;;;;
2025-10-08;O_HALKBE1125P31.00;HALKB_11/2025_AVRUPA_OPSIYON;D_EQ;SSO;D_EQ_EPP;DE_HALKB_EPP;HALKB.E;2025-11-28;3.01;4.11;-26.76;3.17;3.17;3.17;3.17;3.17;310000;31700;100;5;100;100;;;;;
2025-10-08;O_HALKBE1125P32.00;HALKB_11/2025_AVRUPA_OPSIYON;D_EQ;SSO;D_EQ_EPP;DE_HALKB_EPP;HALKB.E;2025-11-28;3.71;4.88;-23.98;3.79;3.79;3.79;3.79;3.79;320000;37900;100;5;100;100;;;;;
2025-10-08;O_HALKBE1225C27.00;HALKB_12/2025_AVRUPA_OPSIYON;D_EQ;SSO;D_EQ_ECP;DE_HALKB_ECP;HALKB.E;2025-12-31;4.61;3.35;37.61;0;0;0;0;0;0;0;0;0;0;0;;;;;
2025-10-08;O_HALKBE1225C28.00;HALKB_12/2025_AVRUPA_OPSIYON;D_EQ;SSO;D_EQ_ECP;DE_HALKB_ECP;HALKB.E;2025-12-31;3.98;2.85;39.65;0;0;0;0;0;0;0;0;0;0;0;;;;;
2025-10-08;O_HALKBE1225C29.00;HALKB_12/2025_AVRUPA_OPSIYON;D_EQ;SSO;D_EQ_ECP;DE_HALKB_ECP;HALKB.E;2025-12-31;3.4;2.41;41.08;0;0;0;0;0;0;0;0;0;0;0;;;;;
2025-10-08;O_HALKBE1225C30.00;HALKB_12/2025_AVRUPA_OPSIYON;D_EQ;SSO;D_EQ_ECP;DE_HALKB_ECP;HALKB.E;2025-12-31;2.91;2.04;42.65;0;0;0;0;0;0;0;0;0;0;0;;;;;
2025-10-08;O_HALKBE1225C31.00;HALKB_12/2025_AVRUPA_OPSIYON;D_EQ;SSO;D_EQ_ECP;DE_HALKB_ECP;HALKB.E;2025-12-31;2.49;1.74;43.1;0;0;0;0;0;0;0;0;0;0;0;;;;;
2025-10-08;O_HALKBE1225C32.00;HALKB_12/2025_AVRUPA_OPSIYON;D_EQ;SSO;D_EQ_ECP;DE_HALKB_ECP;HALKB.E;2025-12-31;2.14;1.48;44.59;0;0;0;0;0;0;0;0;0;0;0;;;;;
2025-10-08;O_HALKBE1225C33.00;HALKB_12/2025_AVRUPA_OPSIYON;D_EQ;SSO;D_EQ_ECP;DE_HALKB_ECP;HALKB.E;2025-12-31;1.87;1.27;47.24;0;0;0;0;0;0;0;0;0;0;0;;;;;
2025-10-08;O_HALKBE1225C34.00;HALKB_12/2025_AVRUPA_OPSIYON;D_EQ;SSO;D_EQ_ECP;DE_HALKB_ECP;HALKB.E;2025-12-31;1.64;1.08;51.85;0;0;0;0;0;0;0;0;0;0;0;;;;;
2025-10-08;O_HALKBE1225C35.00;HALKB_12/2025_AVRUPA_OPSIYON;D_EQ;SSO;D_EQ_ECP;DE_HALKB_ECP;HALKB.E;2025-12-31;1.45;0.93;55.91;0;0;0;0;0;0;0;0;0;0;0;;;;;
2025-10-08;O_HALKBE1225C36.00;HALKB_12/2025_AVRUPA_OPSIYON;D_EQ;SSO;D_EQ_ECP;DE_HALKB_ECP;HALKB.E;2025-12-31;1.29;0.8;61.25;0;0;0;0;0;0;0;0;0;0;0;;;;;
2025-10-08;O_HALKBE1225C37.00;HALKB_12/2025_AVRUPA_OPSIYON;D_EQ;SSO;D_EQ_ECP;DE_HALKB_ECP;HALKB.E;2025-12-31;1.14;0.69;65.22;0;0;0;0;0;0;0;0;0;0;0;;;;;
2025-10-08;O_HALKBE1225C38.00;HALKB_12/2025_AVRUPA_OPSIYON;D_EQ;SSO;D_EQ_ECP;DE_HALKB_ECP;HALKB.E;2025-12-31;1.02;0.59;72.88;0;0;0;0;0;0;0;0;0;0;0;;;;;
2025-10-08;O_HALKBE1225P23.50;HALKB_12/2025_AVRUPA_OPSIYON;D_EQ;SSO;D_EQ_EPP;DE_HALKB_EPP;HALKB.E;2025-12-31;0.5;0.61;-18.03;0;0;0;0;0;0;0;0;0;0;0;;;;;
2025-10-08;O_HALKBE1225P24.00;HALKB_12/2025_AVRUPA_OPSIYON;D_EQ;SSO;D_EQ_EPP;DE_HALKB_EPP;HALKB.E;2025-12-31;0.57;0.7;-18.57;0;0;0;0;0;0;0;0;0;0;0;;;;;
2025-10-08;O_HALKBE1225P24.50;HALKB_12/2025_AVRUPA_OPSIYON;D_EQ;SSO;D_EQ_EPP;DE_HALKB_EPP;HALKB.E;2025-12-31;0.65;0.81;-19.75;0;0;0;0;0;0;0;0;0;0;0;;;;;
2025-10-08;O_HALKBE1225P25.00;HALKB_12/2025_AVRUPA_OPSIYON;D_EQ;SSO;D_EQ_EPP;DE_HALKB_EPP;HALKB.E;2025-12-31;0.74;0.93;-20.43;0;0;0;0;0;0;0;0;0;0;0;;;;;
2025-10-08;O_HALKBE1225P26.00;HALKB_12/2025_AVRUPA_OPSIYON;D_EQ;SSO;D_EQ_EPP;DE_HALKB_EPP;HALKB.E;2025-12-31;0.93;1.2;-22.5;0;0;0;0;0;0;0;0;0;0;0;;;;;
2025-10-08;O_HALKBE1225P27.00;HALKB_12/2025_AVRUPA_OPSIYON;D_EQ;SSO;D_EQ_EPP;DE_HALKB_EPP;HALKB.E;2025-12-31;1.16;1.52;-23.68;0;0;0;0;0;0;0;0;0;0;0;;;;;
2025-10-08;O_HALKBE1225P28.00;HALKB_12/2025_AVRUPA_OPSIYON;D_EQ;SSO;D_EQ_EPP;DE_HALKB_EPP;HALKB.E;2025-12-31;1.43;1.92;-25.52;0;0;0;0;0;0;0;0;0;0;0;;;;;
2025-10-08;O_HALKBE1225P29.00;HALKB_12/2025_AVRUPA_OPSIYON;D_EQ;SSO;D_EQ_EPP;DE_HALKB_EPP;HALKB.E;2025-12-31;1.75;2.39;-26.78;0;0;0;0;0;0;0;0;0;0;0;;;;;
2025-10-08;O_HALKBE1225P30.00;HALKB_12/2025_AVRUPA_OPSIYON;D_EQ;SSO;D_EQ_EPP;DE_HALKB_EPP;HALKB.E;2025-12-31;2.16;2.91;-25.77;0;0;0;0;0;0;0;0;0;0;0;;;;;
2025-10-08;O_HALKBE1225P31.00;HALKB_12/2025_AVRUPA_OPSIYON;D_EQ;SSO;D_EQ_EPP;DE_HALKB_EPP;HALKB.E;2025-12-31;2.64;3.51;-24.79;0;0;0;0;0;0;0;0;0;0;0;;;;;
2025-10-08;O_HALKBE1225P32.00;HALKB_12/2025_AVRUPA_OPSIYON;D_EQ;SSO;D_EQ_EPP;DE_HALKB_EPP;HALKB.E;2025-12-31;3.18;4.15;-23.37;0;0;0;0;0;0;0;0;0;0;0;;;;;
2025-10-08;O_HALKBE1225P33.00;HALKB_12/2025_AVRUPA_OPSIYON;D_EQ;SSO;D_EQ_EPP;DE_HALKB_EPP;HALKB.E;2025-12-31;3.82;4.83;-20.91;0;0;0;0;0;0;0;0;0;0;0;;;;;
2025-10-08;O_ISCTRE1025C12.50;ISCTR_10/2025_AVRUPA_OPSIYON;D_EQ;SSO;D_EQ_ECP;DE_ISCTR_ECP;ISCTR.E;2025-10-31;0.74;0.95;-22.11;0;0;0;0;0;0;0;0;0;110;0;;;;;
2025-10-08;O_ISCTRE1025C13.00;ISCTR_10/2025_AVRUPA_OPSIYON;D_EQ;SSO;D_EQ_ECP;DE_ISCTR_ECP;ISCTR.E;2025-10-31;0.48;0.65;-26.15;0;0;0;0;0;0;0;0;0;778;0;;;;;
2025-10-08;O_ISCTRE1025C13.50;ISCTR_10/2025_AVRUPA_OPSIYON;D_EQ;SSO;D_EQ_ECP;DE_ISCTR_ECP;ISCTR.E;2025-10-31;0.29;0.42;-30.95;0.48;0.48;0.48;0.48;0.48;67500;2400;50;1;2315;50;;;;;
2025-10-08;O_ISCTRE1025C14.00;ISCTR_10/2025_AVRUPA_OPSIYON;D_EQ;SSO;D_EQ_ECP;DE_ISCTR_ECP;ISCTR.E;2025-10-31;0.18;0.26;-30.77;0;0;0;0;0;0;0;0;0;1157;0;;;;;
2025-10-08;O_ISCTRE1025C14.50;ISCTR_10/2025_AVRUPA_OPSIYON;D_EQ;SSO;D_EQ_ECP;DE_ISCTR_ECP;ISCTR.E;2025-10-31;0.11;0.17;-35.29;0.15;0.15;0.15;0.15;0.15;580000;6000;400;1;1587;0;;;;;
2025-10-08;O_ISCTRE1025C15.00;ISCTR_10/2025_AVRUPA_OPSIYON;D_EQ;SSO;D_EQ_ECP;DE_ISCTR_ECP;ISCTR.E;2025-10-31;0.07;0.1;-30;0;0;0;0;0;0;0;0;0;2500;0;;;;;
2025-10-08;O_ISCTRE1025C15.50;ISCTR_10/2025_AVRUPA_OPSIYON;D_EQ;SSO;D_EQ_ECP;DE_ISCTR_ECP;ISCTR.E;2025-10-31;0.04;0.07;-42.86;0;0;0;0;0;0;0;0;0;802;0;;;;;
2025-10-08;O_ISCTRE1025C16.00;ISCTR_10/2025_AVRUPA_OPSIYON;D_EQ;SSO;D_EQ_ECP;DE_ISCTR_ECP;ISCTR.E;2025-10-31;0.02;0.04;-50;0;0;0;0;0;0;0;0;0;28910;0;;;;;
2025-10-08;O_ISCTRE1025C16.50;ISCTR_10/2025_AVRUPA_OPSIYON;D_EQ;SSO;D_EQ_ECP;DE_ISCTR_ECP;ISCTR.E;2025-10-31;0.02;0.03;-33.33;0;0;0;0;0;0;0;0;0;26;0;;;;;
2025-10-08;O_ISCTRE1025C17.00;ISCTR_10/2025_AVRUPA_OPSIYON;D_EQ;SSO;D_EQ_ECP;DE_ISCTR_ECP;ISCTR.E;2025-10-31;0.01;0.02;-50;0;0;0;0;0;0;0;0;0;1012;0;;;;;
2025-10-08;O_ISCTRE1025C17.50;ISCTR_10/2025_AVRUPA_OPSIYON;D_EQ;SSO;D_EQ_ECP;DE_ISCTR_ECP;ISCTR.E;2025-10-31;0.01;0.01;0;0;0;0;0;0;0;0;0;0;7;0;;;;;
2025-10-08;O_ISCTRE1025C18.00;ISCTR_10/2025_AVRUPA_OPSIYON;D_EQ;SSO;D_EQ_ECP;DE_ISCTR_ECP;ISCTR.E;2025-10-31;0.01;0.01;0;0;0;0;0;0;0;0;0;0;10005;0;;;;;
2025-10-08;O_ISCTRE1025C18.50;ISCTR_10/2025_AVRUPA_OPSIYON;D_EQ;SSO;D_EQ_ECP;DE_ISCTR_ECP;ISCTR.E;2025-10-31;0.01;0.01;0;0;0;0;0;0;0;0;0;0;20009;0;;;;;
2025-10-08;O_ISCTRE1025C19.00;ISCTR_10/2025_AVRUPA_OPSIYON;D_EQ;SSO;D_EQ_ECP;DE_ISCTR_ECP;ISCTR.E;2025-10-31;0.01;0.01;0;0;0;0;0;0;0;0;0;0;0;0;;;;;
2025-10-08;O_ISCTRE1025C19.50;ISCTR_10/2025_AVRUPA_OPSIYON;D_EQ;SSO;D_EQ_ECP;DE_ISCTR_ECP;ISCTR.E;2025-10-31;0.01;0.01;0;0;0;0;0;0;0;0;0;0;0;0;;;;;
2025-10-08;O_ISCTRE1025P10.00;ISCTR_10/2025_AVRUPA_OPSIYON;D_EQ;SSO;D_EQ_EPP;DE_ISCTR_EPP;ISCTR.E;2025-10-31;0.01;0.01;0;0;0;0;0;0;0;0;0;0;0;0;;;;;
2025-10-08;O_ISCTRE1025P10.50;ISCTR_10/2025_AVRUPA_OPSIYON;D_EQ;SSO;D_EQ_EPP;DE_ISCTR_EPP;ISCTR.E;2025-10-31;0.02;0.01;100;0;0;0;0;0;0;0;0;0;0;0;;;;;
2025-10-08;O_ISCTRE1025P11.00;ISCTR_10/2025_AVRUPA_OPSIYON;D_EQ;SSO;D_EQ_EPP;DE_ISCTR_EPP;ISCTR.E;2025-10-31;0.05;0.03;66.67;0;0;0;0;0;0;0;0;0;0;0;;;;;
2025-10-08;O_ISCTRE1025P11.50;ISCTR_10/2025_AVRUPA_OPSIYON;D_EQ;SSO;D_EQ_EPP;DE_ISCTR_EPP;ISCTR.E;2025-10-31;0.1;0.07;42.86;0;0;0;0;0;0;0;0;0;1;0;;;;;
2025-10-08;O_ISCTRE1025P12.00;ISCTR_10/2025_AVRUPA_OPSIYON;D_EQ;SSO;D_EQ_EPP;DE_ISCTR_EPP;ISCTR.E;2025-10-31;0.19;0.14;35.71;0.2;0.2;0.2;0.2;0.2;1200;20;1;1;9;1;;;;;
2025-10-08;O_ISCTRE1025P12.50;ISCTR_10/2025_AVRUPA_OPSIYON;D_EQ;SSO;D_EQ_EPP;DE_ISCTR_EPP;ISCTR.E;2025-10-31;0.34;0.26;30.77;0.26;0.26;0.4;0.4;0.26;2225000;46294;1780;4;3787;1;;;;;
2025-10-08;O_ISCTRE1025P13.00;ISCTR_10/2025_AVRUPA_OPSIYON;D_EQ;SSO;D_EQ_EPP;DE_ISCTR_EPP;ISCTR.E;2025-10-31;0.57;0.44;29.55;0.43;0.43;0.43;0.43;0.43;770900;25499;593;1;637;592;;;;;
2025-10-08;O_ISCTRE1025P13.50;ISCTR_10/2025_AVRUPA_OPSIYON;D_EQ;SSO;D_EQ_EPP;DE_ISCTR_EPP;ISCTR.E;2025-10-31;0.87;0.7;24.29;0.73;0.73;0.73;0.73;0.73;2700;146;2;1;12311;0;;;;;
2025-10-08;O_ISCTRE1025P14.00;ISCTR_10/2025_AVRUPA_OPSIYON;D_EQ;SSO;D_EQ_EPP;DE_ISCTR_EPP;ISCTR.E;2025-10-31;1.25;1.03;21.36;0;0;0;0;0;0;0;0;0;943;0;;;;;
2025-10-08;O_ISCTRE1025P14.50;ISCTR_10/2025_AVRUPA_OPSIYON;D_EQ;SSO;D_EQ_EPP;DE_ISCTR_EPP;ISCTR.E;2025-10-31;1.67;1.42;17.61;0;0;0;0;0;0;0;0;0;1196;0;;;;;
2025-10-08;O_ISCTRE1025P15.00;ISCTR_10/2025_AVRUPA_OPSIYON;D_EQ;SSO;D_EQ_EPP;DE_ISCTR_EPP;ISCTR.E;2025-10-31;2.11;1.84;14.67;0;0;0;0;0;0;0;0;0;310;0;;;;;
2025-10-08;O_ISCTRE1025P15.50;ISCTR_10/2025_AVRUPA_OPSIYON;D_EQ;SSO;D_EQ_EPP;DE_ISCTR_EPP;ISCTR.E;2025-10-31;2.57;2.29;12.23;0;0;0;0;0;0;0;0;0;0;0;;;;;
2025-10-08;O_ISCTRE1025P16.00;ISCTR_10/2025_AVRUPA_OPSIYON;D_EQ;SSO;D_EQ_EPP;DE_ISCTR_EPP;ISCTR.E;2025-10-31;3.05;2.76;10.51;0;0;0;0;0;0;0;0;0;601;0;;;;;
2025-10-08;O_ISCTRE1025P16.50;ISCTR_10/2025_AVRUPA_OPSIYON;D_EQ;SSO;D_EQ_EPP;DE_ISCTR_EPP;ISCTR.E;2025-10-31;3.53;3.23;9.29;0;0;0;0;0;0;0;0;0;393;0;;;;;
2025-10-08;O_ISCTRE1025P17.00;ISCTR_10/2025_AVRUPA_OPSIYON;D_EQ;SSO;D_EQ_EPP;DE_ISCTR_EPP;ISCTR.E;2025-10-31;4.01;3.71;8.09;0;0;0;0;0;0;0;0;0;0;0;;;;;
2025-10-08;O_ISCTRE1125C13.00;ISCTR_11/2025_AVRUPA_OPSIYON;D_EQ;SSO;D_EQ_ECP;DE_ISCTR_ECP;ISCTR.E;2025-11-28;0.91;1.11;-18.02;0;0;0;0;0;0;0;0;0;0;0;;;;;
2025-10-08;O_ISCTRE1125C13.50;ISCTR_11/2025_AVRUPA_OPSIYON;D_EQ;SSO;D_EQ_ECP;DE_ISCTR_ECP;ISCTR.E;2025-11-28;0.68;0.85;-20;0;0;0;0;0;0;0;0;0;0;0;;;;;
2025-10-08;O_ISCTRE1125C14.00;ISCTR_11/2025_AVRUPA_OPSIYON;D_EQ;SSO;D_EQ_ECP;DE_ISCTR_ECP;ISCTR.E;2025-11-28;0.51;0.64;-20.31;0;0;0;0;0;0;0;0;0;0;0;;;;;
2025-10-08;O_ISCTRE1125C14.50;ISCTR_11/2025_AVRUPA_OPSIYON;D_EQ;SSO;D_EQ_ECP;DE_ISCTR_ECP;ISCTR.E;2025-11-28;0.39;0.48;-18.75;0;0;0;0;0;0;0;0;0;8;0;;;;;
2025-10-08;O_ISCTRE1125C15.00;ISCTR_11/2025_AVRUPA_OPSIYON;D_EQ;SSO;D_EQ_ECP;DE_ISCTR_ECP;ISCTR.E;2025-11-28;0.3;0.37;-18.92;0;0;0;0;0;0;0;0;0;0;0;;;;;
2025-10-08;O_ISCTRE1125C15.50;ISCTR_11/2025_AVRUPA_OPSIYON;D_EQ;SSO;D_EQ_ECP;DE_ISCTR_ECP;ISCTR.E;2025-11-28;0.23;0.29;-20.69;0;0;0;0;0;0;0;0;0;0;0;;;;;
2025-10-08;O_ISCTRE1125C16.00;ISCTR_11/2025_AVRUPA_OPSIYON;D_EQ;SSO;D_EQ_ECP;DE_ISCTR_ECP;ISCTR.E;2025-11-28;0.18;0.23;-21.74;0;0;0;0;0;0;0;0;0;0;0;;;;;
2025-10-08;O_ISCTRE1125C16.50;ISCTR_11/2025_AVRUPA_OPSIYON;D_EQ;SSO;D_EQ_ECP;DE_ISCTR_ECP;ISCTR.E;2025-11-28;0.14;0.18;-22.22;0;0;0;0;0;0;0;0;0;0;0;;;;;
2025-10-08;O_ISCTRE1125C17.00;ISCTR_11/2025_AVRUPA_OPSIYON;D_EQ;SSO;D_EQ_ECP;DE_ISCTR_ECP;ISCTR.E;2025-11-28;0.11;0.14;-21.43;0;0;0;0;0;0;0;0;0;1;0;;;;;
2025-10-08;O_ISCTRE1125C17.50;ISCTR_11/2025_AVRUPA_OPSIYON;D_EQ;SSO;D_EQ_ECP;DE_ISCTR_ECP;ISCTR.E;2025-11-28;0.09;0.11;-18.18;0;0;0;0;0;0;0;0;0;21003;0;;;;;
2025-10-08;O_ISCTRE1125C18.00;ISCTR_11/2025_AVRUPA_OPSIYON;D_EQ;SSO;D_EQ_ECP;DE_ISCTR_ECP;ISCTR.E;2025-11-28;0.07;0.09;-22.22;0;0;0;0;0;0;0;0;0;1151;0;;;;;
2025-10-08;O_ISCTRE1125C18.50;ISCTR_11/2025_AVRUPA_OPSIYON;D_EQ;SSO;D_EQ_ECP;DE_ISCTR_ECP;ISCTR.E;2025-11-28;0.06;0.07;-14.29;0;0;0;0;0;0;0;0;0;2;0;;;;;
2025-10-08;O_ISCTRE1125C19.00;ISCTR_11/2025_AVRUPA_OPSIYON;D_EQ;SSO;D_EQ_ECP;DE_ISCTR_ECP;ISCTR.E;2025-11-28;0.05;0.06;-16.67;0;0;0;0;0;0;0;0;0;0;0;;;;;
2025-10-08;O_ISCTRE1125C19.50;ISCTR_11/2025_AVRUPA_OPSIYON;D_EQ;SSO;D_EQ_ECP;DE_ISCTR_ECP;ISCTR.E;2025-11-28;0.04;0.05;-20;0;0;0;0;0;0;0;0;0;0;0;;;;;
2025-10-08;O_ISCTRE1125P10.50;ISCTR_11/2025_AVRUPA_OPSIYON;D_EQ;SSO;D_EQ_EPP;DE_ISCTR_EPP;ISCTR.E;2025-11-28;0.08;0.07;14.29;0;0;0;0;0;0;0;0;0;0;0;;;;;
2025-10-08;O_ISCTRE1125P11.00;ISCTR_11/2025_AVRUPA_OPSIYON;D_EQ;SSO;D_EQ_EPP;DE_ISCTR_EPP;ISCTR.E;2025-11-28;0.13;0.11;18.18;0.14;0.14;0.14;0.14;0.14;2200;28;2;2;5;2;;;;;
2025-10-08;O_ISCTRE1125P11.50;ISCTR_11/2025_AVRUPA_OPSIYON;D_EQ;SSO;D_EQ_EPP;DE_ISCTR_EPP;ISCTR.E;2025-11-28;0.21;0.17;23.53;0;0;0;0;0;0;0;0;0;404;0;;;;;
2025-10-08;O_ISCTRE1125P12.00;ISCTR_11/2025_AVRUPA_OPSIYON;D_EQ;SSO;D_EQ_EPP;DE_ISCTR_EPP;ISCTR.E;2025-11-28;0.31;0.26;19.23;0.33;0.33;0.39;0.39;0.35;7200;212;6;6;412;6;;;;;
2025-10-08;O_ISCTRE1125P12.50;ISCTR_11/2025_AVRUPA_OPSIYON;D_EQ;SSO;D_EQ_EPP;DE_ISCTR_EPP;ISCTR.E;2025-11-28;0.45;0.37;21.62;0.45;0.45;0.45;0.45;0.45;2500;90;2;2;11;2;;;;;
2025-10-08;O_ISCTRE1125P13.00;ISCTR_11/2025_AVRUPA_OPSIYON;D_EQ;SSO;D_EQ_EPP;DE_ISCTR_EPP;ISCTR.E;2025-11-28;0.64;0.53;20.75;0;0;0;0;0;0;0;0;0;2;0;;;;;
2025-10-08;O_ISCTRE1125P13.50;ISCTR_11/2025_AVRUPA_OPSIYON;D_EQ;SSO;D_EQ_EPP;DE_ISCTR_EPP;ISCTR.E;2025-11-28;0.89;0.75;18.67;0;0;0;0;0;0;0;0;0;0;0;;;;;
2025-10-08;O_ISCTRE1125P14.00;ISCTR_11/2025_AVRUPA_OPSIYON;D_EQ;SSO;D_EQ_EPP;DE_ISCTR_EPP;ISCTR.E;2025-11-28;1.18;1.01;16.83;0;0;0;0;0;0;0;0;0;0;0;;;;;
2025-10-08;O_ISCTRE1125P14.50;ISCTR_11/2025_AVRUPA_OPSIYON;D_EQ;SSO;D_EQ_EPP;DE_ISCTR_EPP;ISCTR.E;2025-11-28;1.54;1.33;15.79;0;0;0;0;0;0;0;0;0;0;0;;;;;
2025-10-08;O_ISCTRE1125P15.00;ISCTR_11/2025_AVRUPA_OPSIYON;D_EQ;SSO;D_EQ_EPP;DE_ISCTR_EPP;ISCTR.E;2025-11-28;1.92;1.69;13.61;0;0;0;0;0;0;0;0;0;0;0;;;;;
2025-10-08;O_ISCTRE1125P15.50;ISCTR_11/2025_AVRUPA_OPSIYON;D_EQ;SSO;D_EQ_EPP;DE_ISCTR_EPP;ISCTR.E;2025-11-28;2.33;2.08;12.02;0;0;0;0;0;0;0;0;0;0;0;;;;;
2025-10-08;O_ISCTRE1125P16.00;ISCTR_11/2025_AVRUPA_OPSIYON;D_EQ;SSO;D_EQ_EPP;DE_ISCTR_EPP;ISCTR.E;2025-11-28;2.75;2.49;10.44;0;0;0;0;0;0;0;0;0;0;0;;;;;
2025-10-08;O_ISCTRE1125P16.50;ISCTR_11/2025_AVRUPA_OPSIYON;D_EQ;SSO;D_EQ_EPP;DE_ISCTR_EPP;ISCTR.E;2025-11-28;3.19;2.92;9.25;0;0;0;0;0;0;0;0;0;0;0;;;;;
2025-10-08;O_ISCTRE1125P17.00;ISCTR_11/2025_AVRUPA_OPSIYON;D_EQ;SSO;D_EQ_EPP;DE_ISCTR_EPP;ISCTR.E;2025-11-28;3.63;3.35;8.36;0;0;0;0;0;0;0;0;0;100;0;;;;;
2025-10-08;O_ISCTRE1225C13.50;ISCTR_12/2025_AVRUPA_OPSIYON;D_EQ;SSO;D_EQ_ECP;DE_ISCTR_ECP;ISCTR.E;2025-12-31;1.22;1.42;-14.08;0;0;0;0;0;0;0;0;0;0;0;;;;;
2025-10-08;O_ISCTRE1225C14.00;ISCTR_12/2025_AVRUPA_OPSIYON;D_EQ;SSO;D_EQ_ECP;DE_ISCTR_ECP;ISCTR.E;2025-12-31;1;1.17;-14.53;0;0;0;0;0;0;0;0;0;0;0;;;;;
2025-10-08;O_ISCTRE1225C14.50;ISCTR_12/2025_AVRUPA_OPSIYON;D_EQ;SSO;D_EQ_ECP;DE_ISCTR_ECP;ISCTR.E;2025-12-31;0.81;0.96;-15.63;0;0;0;0;0;0;0;0;0;0;0;;;;;
2025-10-08;O_ISCTRE1225C15.00;ISCTR_12/2025_AVRUPA_OPSIYON;D_EQ;SSO;D_EQ_ECP;DE_ISCTR_ECP;ISCTR.E;2025-12-31;0.68;0.8;-15;0;0;0;0;0;0;0;0;0;0;0;;;;;
2025-10-08;O_ISCTRE1225C15.50;ISCTR_12/2025_AVRUPA_OPSIYON;D_EQ;SSO;D_EQ_ECP;DE_ISCTR_ECP;ISCTR.E;2025-12-31;0.57;0.67;-14.93;0;0;0;0;0;0;0;0;0;0;0;;;;;
2025-10-08;O_ISCTRE1225C16.00;ISCTR_12/2025_AVRUPA_OPSIYON;D_EQ;SSO;D_EQ_ECP;DE_ISCTR_ECP;ISCTR.E;2025-12-31;0.48;0.57;-15.79;0;0;0;0;0;0;0;0;0;0;0;;;;;
2025-10-08;O_ISCTRE1225C16.50;ISCTR_12/2025_AVRUPA_OPSIYON;D_EQ;SSO;D_EQ_ECP;DE_ISCTR_ECP;ISCTR.E;2025-12-31;0.41;0.48;-14.58;0;0;0;0;0;0;0;0;0;0;0;;;;;
2025-10-08;O_ISCTRE1225C17.00;ISCTR_12/2025_AVRUPA_OPSIYON;D_EQ;SSO;D_EQ_ECP;DE_ISCTR_ECP;ISCTR.E;2025-12-31;0.35;0.41;-14.63;0;0;0;0;0;0;0;0;0;0;0;;;;;
2025-10-08;O_ISCTRE1225C17.50;ISCTR_12/2025_AVRUPA_OPSIYON;D_EQ;SSO;D_EQ_ECP;DE_ISCTR_ECP;ISCTR.E;2025-12-31;0.3;0.36;-16.67;0;0;0;0;0;0;0;0;0;0;0;;;;;
2025-10-08;O_ISCTRE1225C18.00;ISCTR_12/2025_AVRUPA_OPSIYON;D_EQ;SSO;D_EQ_ECP;DE_ISCTR_ECP;ISCTR.E;2025-12-31;0.27;0.31;-12.9;0;0;0;0;0;0;0;0;0;0;0;;;;;
2025-10-08;O_ISCTRE1225C18.50;ISCTR_12/2025_AVRUPA_OPSIYON;D_EQ;SSO;D_EQ_ECP;DE_ISCTR_ECP;ISCTR.E;2025-12-31;0.23;0.27;-14.81;0;0;0;0;0;0;0;0;0;0;0;;;;;
2025-10-08;O_ISCTRE1225C19.00;ISCTR_12/2025_AVRUPA_OPSIYON;D_EQ;SSO;D_EQ_ECP;DE_ISCTR_ECP;ISCTR.E;2025-12-31;0.21;0.24;-12.5;0;0;0;0;0;0;0;0;0;0;0;;;;;
2025-10-08;O_ISCTRE1225P11.00;ISCTR_12/2025_AVRUPA_OPSIYON;D_EQ;SSO;D_EQ_EPP;DE_ISCTR_EPP;ISCTR.E;2025-12-31;0.18;0.15;20;0;0;0;0;0;0;0;0;0;0;0;;;;;
2025-10-08;O_ISCTRE1225P11.50;ISCTR_12/2025_AVRUPA_OPSIYON;D_EQ;SSO;D_EQ_EPP;DE_ISCTR_EPP;ISCTR.E;2025-12-31;0.25;0.21;19.05;0;0;0;0;0;0;0;0;0;0;0;;;;;
2025-10-08;O_ISCTRE1225P12.00;ISCTR_12/2025_AVRUPA_OPSIYON;D_EQ;SSO;D_EQ_EPP;DE_ISCTR_EPP;ISCTR.E;2025-12-31;0.33;0.29;13.79;0;0;0;0;0;0;0;0;0;0;0;;;;;
2025-10-08;O_ISCTRE1225P12.50;ISCTR_12/2025_AVRUPA_OPSIYON;D_EQ;SSO;D_EQ_EPP;DE_ISCTR_EPP;ISCTR.E;2025-12-31;0.44;0.39;12.82;0;0;0;0;0;0;0;0;0;0;0;;;;;
2025-10-08;O_ISCTRE1225P13.00;ISCTR_12/2025_AVRUPA_OPSIYON;D_EQ;SSO;D_EQ_EPP;DE_ISCTR_EPP;ISCTR.E;2025-12-31;0.58;0.51;13.73;0;0;0;0;0;0;0;0;0;0;0;;;;;
2025-10-08;O_ISCTRE1225P13.50;ISCTR_12/2025_AVRUPA_OPSIYON;D_EQ;SSO;D_EQ_EPP;DE_ISCTR_EPP;ISCTR.E;2025-12-31;0.76;0.66;15.15;0;0;0;0;0;0;0;0;0;0;0;;;;;
2025-10-08;O_ISCTRE1225P14.00;ISCTR_12/2025_AVRUPA_OPSIYON;D_EQ;SSO;D_EQ_EPP;DE_ISCTR_EPP;ISCTR.E;2025-12-31;0.99;0.86;15.12;0;0;0;0;0;0;0;0;0;0;0;;;;;
2025-10-08;O_ISCTRE1225P14.50;ISCTR_12/2025_AVRUPA_OPSIYON;D_EQ;SSO;D_EQ_EPP;DE_ISCTR_EPP;ISCTR.E;2025-12-31;1.26;1.1;14.55;0;0;0;0;0;0;0;0;0;0;0;;;;;
2025-10-08;O_ISCTRE1225P15.00;ISCTR_12/2025_AVRUPA_OPSIYON;D_EQ;SSO;D_EQ_EPP;DE_ISCTR_EPP;ISCTR.E;2025-12-31;1.57;1.38;13.77;0;0;0;0;0;0;0;0;0;0;0;;;;;
2025-10-08;O_ISCTRE1225P15.50;ISCTR_12/2025_AVRUPA_OPSIYON;D_EQ;SSO;D_EQ_EPP;DE_ISCTR_EPP;ISCTR.E;2025-12-31;1.91;1.71;11.7;0;0;0;0;0;0;0;0;0;0;0;;;;;
2025-10-08;O_ISCTRE1225P16.00;ISCTR_12/2025_AVRUPA_OPSIYON;D_EQ;SSO;D_EQ_EPP;DE_ISCTR_EPP;ISCTR.E;2025-12-31;2.28;2.05;11.22;0;0;0;0;0;0;0;0;0;0;0;;;;;
2025-10-08;O_ISCTRE1225P16.50;ISCTR_12/2025_AVRUPA_OPSIYON;D_EQ;SSO;D_EQ_EPP;DE_ISCTR_EPP;ISCTR.E;2025-12-31;2.65;2.42;9.5;0;0;0;0;0;0;0;0;0;0;0;;;;;
2025-10-08;O_KCHOLE1025C165.00;KCHOL_10/2025_AVRUPA_OPSIYON;D_EQ;SSO;D_EQ_ECP;DE_KCHOL_ECP;KCHOL.E;2025-10-31;10.55;12.18;-13.38;0;0;0;0;0;0;0;0;0;0;0;;;;;
2025-10-08;O_KCHOLE1025C170.00;KCHOL_10/2025_AVRUPA_OPSIYON;D_EQ;SSO;D_EQ_ECP;DE_KCHOL_ECP;KCHOL.E;2025-10-31;7.58;8.97;-15.5;0;0;0;0;0;0;0;0;0;62;0;;;;;
2025-10-08;O_KCHOLE1025C175.00;KCHOL_10/2025_AVRUPA_OPSIYON;D_EQ;SSO;D_EQ_ECP;DE_KCHOL_ECP;KCHOL.E;2025-10-31;5.23;6.36;-17.77;0;0;0;0;0;0;0;0;0;120;0;;;;;
2025-10-08;O_KCHOLE1025C180.00;KCHOL_10/2025_AVRUPA_OPSIYON;D_EQ;SSO;D_EQ_ECP;DE_KCHOL_ECP;KCHOL.E;2025-10-31;3.49;4.37;-20.14;0;0;0;0;0;0;0;0;0;150;0;;;;;
2025-10-08;O_KCHOLE1025C185.00;KCHOL_10/2025_AVRUPA_OPSIYON;D_EQ;SSO;D_EQ_ECP;DE_KCHOL_ECP;KCHOL.E;2025-10-31;2.31;2.93;-21.16;0;0;0;0;0;0;0;0;0;188;0;;;;;
2025-10-08;O_KCHOLE1025C190.00;KCHOL_10/2025_AVRUPA_OPSIYON;D_EQ;SSO;D_EQ_ECP;DE_KCHOL_ECP;KCHOL.E;2025-10-31;1.52;1.98;-23.23;0;0;0;0;0;0;0;0;0;253;0;;;;;
2025-10-08;O_KCHOLE1025C195.00;KCHOL_10/2025_AVRUPA_OPSIYON;D_EQ;SSO;D_EQ_ECP;DE_KCHOL_ECP;KCHOL.E;2025-10-31;0.99;1.32;-25;0;0;0;0;0;0;0;0;0;2020;0;;;;;
2025-10-08;O_KCHOLE1025C200.00;KCHOL_10/2025_AVRUPA_OPSIYON;D_EQ;SSO;D_EQ_ECP;DE_KCHOL_ECP;KCHOL.E;2025-10-31;0.64;0.87;-26.44;0.84;0.8;0.84;0.8;0.83;13440000;55680;672;15;4034;0;;;;;
2025-10-08;O_KCHOLE1025C205.00;KCHOL_10/2025_AVRUPA_OPSIYON;D_EQ;SSO;D_EQ_ECP;DE_KCHOL_ECP;KCHOL.E;2025-10-31;0.42;0.58;-27.59;0;0;0;0;0;0;0;0;0;2449;0;;;;;
2025-10-08;O_KCHOLE1025C210.00;KCHOL_10/2025_AVRUPA_OPSIYON;D_EQ;SSO;D_EQ_ECP;DE_KCHOL_ECP;KCHOL.E;2025-10-31;0.27;0.38;-28.95;0;0;0;0;0;0;0;0;0;581;0;;;;;
2025-10-08;O_KCHOLE1025C215.00;KCHOL_10/2025_AVRUPA_OPSIYON;D_EQ;SSO;D_EQ_ECP;DE_KCHOL_ECP;KCHOL.E;2025-10-31;0.18;0.25;-28;0;0;0;0;0;0;0;0;0;60;0;;;;;
2025-10-08;O_KCHOLE1025C220.00;KCHOL_10/2025_AVRUPA_OPSIYON;D_EQ;SSO;D_EQ_ECP;DE_KCHOL_ECP;KCHOL.E;2025-10-31;0.12;0.17;-29.41;0;0;0;0;0;0;0;0;0;0;0;;;;;
2025-10-08;O_KCHOLE1025C225.00;KCHOL_10/2025_AVRUPA_OPSIYON;D_EQ;SSO;D_EQ_ECP;DE_KCHOL_ECP;KCHOL.E;2025-10-31;0.08;0.11;-27.27;0;0;0;0;0;0;0;0;0;0;0;;;;;
2025-10-08;O_KCHOLE1025C230.00;KCHOL_10/2025_AVRUPA_OPSIYON;D_EQ;SSO;D_EQ_ECP;DE_KCHOL_ECP;KCHOL.E;2025-10-31;0.05;0.08;-37.5;0;0;0;0;0;0;0;0;0;0;0;;;;;
2025-10-08;O_KCHOLE1025C235.00;KCHOL_10/2025_AVRUPA_OPSIYON;D_EQ;SSO;D_EQ_ECP;DE_KCHOL_ECP;KCHOL.E;2025-10-31;0.04;0.05;-20;0;0;0;0;0;0;0;0;0;0;0;;;;;
2025-10-08;O_KCHOLE1025P140.00;KCHOL_10/2025_AVRUPA_OPSIYON;D_EQ;SSO;D_EQ_EPP;DE_KCHOL_EPP;KCHOL.E;2025-10-31;0.15;0.13;15.38;0;0;0;0;0;0;0;0;0;0;0;;;;;
2025-10-08;O_KCHOLE1025P145.00;KCHOL_10/2025_AVRUPA_OPSIYON;D_EQ;SSO;D_EQ_EPP;DE_KCHOL_EPP;KCHOL.E;2025-10-31;0.31;0.27;14.81;0;0;0;0;0;0;0;0;0;0;0;;;;;
2025-10-08;O_KCHOLE1025P150.00;KCHOL_10/2025_AVRUPA_OPSIYON;D_EQ;SSO;D_EQ_EPP;DE_KCHOL_EPP;KCHOL.E;2025-10-31;0.61;0.53;15.09;0;0;0;0;0;0;0;0;0;1;0;;;;;
2025-10-08;O_KCHOLE1025P155.00;KCHOL_10/2025_AVRUPA_OPSIYON;D_EQ;SSO;D_EQ_EPP;DE_KCHOL_EPP;KCHOL.E;2025-10-31;1.13;0.98;15.31;0;0;0;0;0;0;0;0;0;602;0;;;;;
2025-10-08;O_KCHOLE1025P160.00;KCHOL_10/2025_AVRUPA_OPSIYON;D_EQ;SSO;D_EQ_EPP;DE_KCHOL_EPP;KCHOL.E;2025-10-31;1.96;1.71;14.62;2.42;2.42;2.72;2.72;2.59;560000;9060;35;7;846;35;;;;;
2025-10-08;O_KCHOLE1025P165.00;KCHOL_10/2025_AVRUPA_OPSIYON;D_EQ;SSO;D_EQ_EPP;DE_KCHOL_EPP;KCHOL.E;2025-10-31;3.25;2.81;15.66;0;0;0;0;0;0;0;0;0;135;0;;;;;
2025-10-08;O_KCHOLE1025P170.00;KCHOL_10/2025_AVRUPA_OPSIYON;D_EQ;SSO;D_EQ_EPP;DE_KCHOL_EPP;KCHOL.E;2025-10-31;5.16;4.48;15.18;0;0;0;0;0;0;0;0;0;815;0;;;;;
2025-10-08;O_KCHOLE1025P175.00;KCHOL_10/2025_AVRUPA_OPSIYON;D_EQ;SSO;D_EQ_EPP;DE_KCHOL_EPP;KCHOL.E;2025-10-31;7.69;6.74;14.09;0;0;0;0;0;0;0;0;0;1084;0;;;;;
2025-10-08;O_KCHOLE1025P180.00;KCHOL_10/2025_AVRUPA_OPSIYON;D_EQ;SSO;D_EQ_EPP;DE_KCHOL_EPP;KCHOL.E;2025-10-31;10.83;9.63;12.46;0;0;0;0;0;0;0;0;0;875;0;;;;;
2025-10-08;O_KCHOLE1025P185.00;KCHOL_10/2025_AVRUPA_OPSIYON;D_EQ;SSO;D_EQ_EPP;DE_KCHOL_EPP;KCHOL.E;2025-10-31;14.53;13.07;11.17;0;0;0;0;0;0;0;0;0;1729;0;;;;;
2025-10-08;O_KCHOLE1025P190.00;KCHOL_10/2025_AVRUPA_OPSIYON;D_EQ;SSO;D_EQ_EPP;DE_KCHOL_EPP;KCHOL.E;2025-10-31;18.63;16.99;9.65;0;0;0;0;0;0;0;0;0;43;0;;;;;
2025-10-08;O_KCHOLE1025P195.00;KCHOL_10/2025_AVRUPA_OPSIYON;D_EQ;SSO;D_EQ_EPP;DE_KCHOL_EPP;KCHOL.E;2025-10-31;22.98;21.21;8.35;0;0;0;0;0;0;0;0;0;106;0;;;;;
2025-10-08;O_KCHOLE1025P200.00;KCHOL_10/2025_AVRUPA_OPSIYON;D_EQ;SSO;D_EQ_EPP;DE_KCHOL_EPP;KCHOL.E;2025-10-31;27.51;25.64;7.29;0;0;0;0;0;0;0;0;0;0;0;;;;;
2025-10-08;O_KCHOLE1025P205.00;KCHOL_10/2025_AVRUPA_OPSIYON;D_EQ;SSO;D_EQ_EPP;DE_KCHOL_EPP;KCHOL.E;2025-10-31;32.17;30.22;6.45;0;0;0;0;0;0;0;0;0;250;0;;;;;
2025-10-08;O_KCHOLE1025P210.00;KCHOL_10/2025_AVRUPA_OPSIYON;D_EQ;SSO;D_EQ_EPP;DE_KCHOL_EPP;KCHOL.E;2025-10-31;36.9;34.9;5.73;0;0;0;0;0;0;0;0;0;0;0;;;;;
2025-10-08;O_KCHOLE1125C170.00;KCHOL_11/2025_AVRUPA_OPSIYON;D_EQ;SSO;D_EQ_ECP;DE_KCHOL_ECP;KCHOL.E;2025-11-28;13.31;14.81;-10.13;0;0;0;0;0;0;0;0;0;0;0;;;;;
2025-10-08;O_KCHOLE1125C175.00;KCHOL_11/2025_AVRUPA_OPSIYON;D_EQ;SSO;D_EQ_ECP;DE_KCHOL_ECP;KCHOL.E;2025-11-28;10.65;11.97;-11.03;0;0;0;0;0;0;0;0;0;0;0;;;;;
2025-10-08;O_KCHOLE1125C180.00;KCHOL_11/2025_AVRUPA_OPSIYON;D_EQ;SSO;D_EQ_ECP;DE_KCHOL_ECP;KCHOL.E;2025-11-28;8.4;9.52;-11.76;0;0;0;0;0;0;0;0;0;1;0;;;;;
2025-10-08;O_KCHOLE1125C185.00;KCHOL_11/2025_AVRUPA_OPSIYON;D_EQ;SSO;D_EQ_ECP;DE_KCHOL_ECP;KCHOL.E;2025-11-28;6.57;7.53;-12.75;0;0;0;0;0;0;0;0;0;3;0;;;;;
2025-10-08;O_KCHOLE1125C190.00;KCHOL_11/2025_AVRUPA_OPSIYON;D_EQ;SSO;D_EQ_ECP;DE_KCHOL_ECP;KCHOL.E;2025-11-28;5.18;5.92;-12.5;0;0;0;0;0;0;0;0;0;0;0;;;;;
2025-10-08;O_KCHOLE1125C195.00;KCHOL_11/2025_AVRUPA_OPSIYON;D_EQ;SSO;D_EQ_ECP;DE_KCHOL_ECP;KCHOL.E;2025-11-28;4.12;4.73;-12.9;0;0;0;0;0;0;0;0;0;0;0;;;;;
2025-10-08;O_KCHOLE1125C200.00;KCHOL_11/2025_AVRUPA_OPSIYON;D_EQ;SSO;D_EQ_ECP;DE_KCHOL_ECP;KCHOL.E;2025-11-28;3.28;3.79;-13.46;0;0;0;0;0;0;0;0;0;0;0;;;;;
2025-10-08;O_KCHOLE1125C205.00;KCHOL_11/2025_AVRUPA_OPSIYON;D_EQ;SSO;D_EQ_ECP;DE_KCHOL_ECP;KCHOL.E;2025-11-28;2.61;3.03;-13.86;2.25;2.25;2.25;2.25;2.25;1025000;11250;50;2;50;50;;;;;
2025-10-08;O_KCHOLE1125C210.00;KCHOL_11/2025_AVRUPA_OPSIYON;D_EQ;SSO;D_EQ_ECP;DE_KCHOL_ECP;KCHOL.E;2025-11-28;2.09;2.44;-14.34;0;0;0;0;0;0;0;0;0;100;0;;;;;
2025-10-08;O_KCHOLE1125C215.00;KCHOL_11/2025_AVRUPA_OPSIYON;D_EQ;SSO;D_EQ_ECP;DE_KCHOL_ECP;KCHOL.E;2025-11-28;1.68;1.97;-14.72;0;0;0;0;0;0;0;0;0;105;0;;;;;
2025-10-08;O_KCHOLE1125C220.00;KCHOL_11/2025_AVRUPA_OPSIYON;D_EQ;SSO;D_EQ_ECP;DE_KCHOL_ECP;KCHOL.E;2025-11-28;1.36;1.6;-15;0.8;0.8;0.8;0.8;0.8;1100000;4000;50;2;50;50;;;;;
2025-10-08;O_KCHOLE1125C225.00;KCHOL_11/2025_AVRUPA_OPSIYON;D_EQ;SSO;D_EQ_ECP;DE_KCHOL_ECP;KCHOL.E;2025-11-28;1.11;1.3;-14.62;0;0;0;0;0;0;0;0;0;0;0;;;;;
2025-10-08;O_KCHOLE1125C230.00;KCHOL_11/2025_AVRUPA_OPSIYON;D_EQ;SSO;D_EQ_ECP;DE_KCHOL_ECP;KCHOL.E;2025-11-28;0.91;1.07;-14.95;0;0;0;0;0;0;0;0;0;0;0;;;;;
2025-10-08;O_KCHOLE1125P145.00;KCHOL_11/2025_AVRUPA_OPSIYON;D_EQ;SSO;D_EQ_EPP;DE_KCHOL_EPP;KCHOL.E;2025-11-28;1.11;1.01;9.9;0;0;0;0;0;0;0;0;0;0;0;;;;;
2025-10-08;O_KCHOLE1125P150.00;KCHOL_11/2025_AVRUPA_OPSIYON;D_EQ;SSO;D_EQ_EPP;DE_KCHOL_EPP;KCHOL.E;2025-11-28;1.63;1.49;9.4;0;0;0;0;0;0;0;0;0;0;0;;;;;
2025-10-08;O_KCHOLE1125P155.00;KCHOL_11/2025_AVRUPA_OPSIYON;D_EQ;SSO;D_EQ_EPP;DE_KCHOL_EPP;KCHOL.E;2025-11-28;2.35;2.14;9.81;3;3;3;3;3;15500;300;1;1;2;1;;;;;
2025-10-08;O_KCHOLE1125P160.00;KCHOL_11/2025_AVRUPA_OPSIYON;D_EQ;SSO;D_EQ_EPP;DE_KCHOL_EPP;KCHOL.E;2025-11-28;3.31;3.01;9.97;4;4;4;4;4;16000;400;1;1;1;1;;;;;
2025-10-08;O_KCHOLE1125P165.00;KCHOL_11/2025_AVRUPA_OPSIYON;D_EQ;SSO;D_EQ_EPP;DE_KCHOL_EPP;KCHOL.E;2025-11-28;4.54;4.13;9.93;0;0;0;0;0;0;0;0;0;0;0;;;;;
2025-10-08;O_KCHOLE1125P170.00;KCHOL_11/2025_AVRUPA_OPSIYON;D_EQ;SSO;D_EQ_EPP;DE_KCHOL_EPP;KCHOL.E;2025-11-28;6.12;5.55;10.27;0;0;0;0;0;0;0;0;0;270;0;;;;;
2025-10-08;O_KCHOLE1125P175.00;KCHOL_11/2025_AVRUPA_OPSIYON;D_EQ;SSO;D_EQ_EPP;DE_KCHOL_EPP;KCHOL.E;2025-11-28;8.2;7.44;10.22;0;0;0;0;0;0;0;0;0;0;0;;;;;
2025-10-08;O_KCHOLE1125P180.00;KCHOL_11/2025_AVRUPA_OPSIYON;D_EQ;SSO;D_EQ_EPP;DE_KCHOL_EPP;KCHOL.E;2025-11-28;10.69;9.74;9.75;0;0;0;0;0;0;0;0;0;0;0;;;;;
2025-10-08;O_KCHOLE1125P185.00;KCHOL_11/2025_AVRUPA_OPSIYON;D_EQ;SSO;D_EQ_EPP;DE_KCHOL_EPP;KCHOL.E;2025-11-28;13.6;12.48;8.97;0;0;0;0;0;0;0;0;0;0;0;;;;;
2025-10-08;O_KCHOLE1125P190.00;KCHOL_11/2025_AVRUPA_OPSIYON;D_EQ;SSO;D_EQ_EPP;DE_KCHOL_EPP;KCHOL.E;2025-11-28;16.96;15.61;8.65;0;0;0;0;0;0;0;0;0;0;0;;;;;
2025-10-08;O_KCHOLE1125P195.00;KCHOL_11/2025_AVRUPA_OPSIYON;D_EQ;SSO;D_EQ_EPP;DE_KCHOL_EPP;KCHOL.E;2025-11-28;20.63;19.16;7.67;0;0;0;0;0;0;0;0;0;0;0;;;;;
2025-10-08;O_KCHOLE1125P200.00;KCHOL_11/2025_AVRUPA_OPSIYON;D_EQ;SSO;D_EQ_EPP;DE_KCHOL_EPP;KCHOL.E;2025-11-28;24.53;22.95;6.88;0;0;0;0;0;0;0;0;0;0;0;;;;;
2025-10-08;O_KCHOLE1125P205.00;KCHOL_11/2025_AVRUPA_OPSIYON;D_EQ;SSO;D_EQ_EPP;DE_KCHOL_EPP;KCHOL.E;2025-11-28;28.61;26.93;6.24;0;0;0;0;0;0;0;0;0;0;0;;;;;
2025-10-08;O_KCHOLE1225C175.00;KCHOL_12/2025_AVRUPA_OPSIYON;D_EQ;SSO;D_EQ_ECP;DE_KCHOL_ECP;KCHOL.E;2025-12-31;18.07;19.66;-8.09;0;0;0;0;0;0;0;0;0;0;0;;;;;
2025-10-08;O_KCHOLE1225C180.00;KCHOL_12/2025_AVRUPA_OPSIYON;D_EQ;SSO;D_EQ_ECP;DE_KCHOL_ECP;KCHOL.E;2025-12-31;15.41;16.82;-8.38;0;0;0;0;0;0;0;0;0;0;0;;;;;
2025-10-08;O_KCHOLE1225C185.00;KCHOL_12/2025_AVRUPA_OPSIYON;D_EQ;SSO;D_EQ_ECP;DE_KCHOL_ECP;KCHOL.E;2025-12-31;13.04;14.31;-8.87;0;0;0;0;0;0;0;0;0;0;0;;;;;
2025-10-08;O_KCHOLE1225C190.00;KCHOL_12/2025_AVRUPA_OPSIYON;D_EQ;SSO;D_EQ_ECP;DE_KCHOL_ECP;KCHOL.E;2025-12-31;11.02;12.15;-9.3;0;0;0;0;0;0;0;0;0;0;0;;;;;
2025-10-08;O_KCHOLE1225C195.00;KCHOL_12/2025_AVRUPA_OPSIYON;D_EQ;SSO;D_EQ_ECP;DE_KCHOL_ECP;KCHOL.E;2025-12-31;9.35;10.27;-8.96;0;0;0;0;0;0;0;0;0;0;0;;;;;
2025-10-08;O_KCHOLE1225C200.00;KCHOL_12/2025_AVRUPA_OPSIYON;D_EQ;SSO;D_EQ_ECP;DE_KCHOL_ECP;KCHOL.E;2025-12-31;8.03;8.84;-9.16;0;0;0;0;0;0;0;0;0;0;0;;;;;
2025-10-08;O_KCHOLE1225C205.00;KCHOL_12/2025_AVRUPA_OPSIYON;D_EQ;SSO;D_EQ_ECP;DE_KCHOL_ECP;KCHOL.E;2025-12-31;6.92;7.63;-9.31;0;0;0;0;0;0;0;0;0;0;0;;;;;
2025-10-08;O_KCHOLE1225C210.00;KCHOL_12/2025_AVRUPA_OPSIYON;D_EQ;SSO;D_EQ_ECP;DE_KCHOL_ECP;KCHOL.E;2025-12-31;5.98;6.6;-9.39;0;0;0;0;0;0;0;0;0;0;0;;;;;
2025-10-08;O_KCHOLE1225C215.00;KCHOL_12/2025_AVRUPA_OPSIYON;D_EQ;SSO;D_EQ_ECP;DE_KCHOL_ECP;KCHOL.E;2025-12-31;5.18;5.72;-9.44;0;0;0;0;0;0;0;0;0;0;0;;;;;
2025-10-08;O_KCHOLE1225C220.00;KCHOL_12/2025_AVRUPA_OPSIYON;D_EQ;SSO;D_EQ_ECP;DE_KCHOL_ECP;KCHOL.E;2025-12-31;4.5;4.98;-9.64;0;0;0;0;0;0;0;0;0;13000;0;;;;;
2025-10-08;O_KCHOLE1225P150.00;KCHOL_12/2025_AVRUPA_OPSIYON;D_EQ;SSO;D_EQ_EPP;DE_KCHOL_EPP;KCHOL.E;2025-12-31;2.08;1.93;7.77;0;0;0;0;0;0;0;0;0;0;0;;;;;
2025-10-08;O_KCHOLE1225P155.00;KCHOL_12/2025_AVRUPA_OPSIYON;D_EQ;SSO;D_EQ_EPP;DE_KCHOL_EPP;KCHOL.E;2025-12-31;2.73;2.54;7.48;0;0;0;0;0;0;0;0;0;0;0;;;;;
2025-10-08;O_KCHOLE1225P160.00;KCHOL_12/2025_AVRUPA_OPSIYON;D_EQ;SSO;D_EQ_EPP;DE_KCHOL_EPP;KCHOL.E;2025-12-31;3.53;3.28;7.62;0;0;0;0;0;0;0;0;0;0;0;;;;;
2025-10-08;O_KCHOLE1225P165.00;KCHOL_12/2025_AVRUPA_OPSIYON;D_EQ;SSO;D_EQ_EPP;DE_KCHOL_EPP;KCHOL.E;2025-12-31;4.51;4.19;7.64;0;0;0;0;0;0;0;0;0;0;0;;;;;
2025-10-08;O_KCHOLE1225P170.00;KCHOL_12/2025_AVRUPA_OPSIYON;D_EQ;SSO;D_EQ_EPP;DE_KCHOL_EPP;KCHOL.E;2025-12-31;5.68;5.28;7.58;0;0;0;0;0;0;0;0;0;0;0;;;;;
2025-10-08;O_KCHOLE1225P175.00;KCHOL_12/2025_AVRUPA_OPSIYON;D_EQ;SSO;D_EQ_EPP;DE_KCHOL_EPP;KCHOL.E;2025-12-31;7.09;6.58;7.75;0;0;0;0;0;0;0;0;0;0;0;;;;;
2025-10-08;O_KCHOLE1225P180.00;KCHOL_12/2025_AVRUPA_OPSIYON;D_EQ;SSO;D_EQ_EPP;DE_KCHOL_EPP;KCHOL.E;2025-12-31;8.92;8.24;8.25;0;0;0;0;0;0;0;0;0;0;0;;;;;
2025-10-08;O_KCHOLE1225P185.00;KCHOL_12/2025_AVRUPA_OPSIYON;D_EQ;SSO;D_EQ_EPP;DE_KCHOL_EPP;KCHOL.E;2025-12-31;11.06;10.22;8.22;0;0;0;0;0;0;0;0;0;0;0;;;;;
2025-10-08;O_KCHOLE1225P190.00;KCHOL_12/2025_AVRUPA_OPSIYON;D_EQ;SSO;D_EQ_EPP;DE_KCHOL_EPP;KCHOL.E;2025-12-31;13.54;12.55;7.89;0;0;0;0;0;0;0;0;0;0;0;;;;;
2025-10-08;O_KCHOLE1225P195.00;KCHOL_12/2025_AVRUPA_OPSIYON;D_EQ;SSO;D_EQ_EPP;DE_KCHOL_EPP;KCHOL.E;2025-12-31;16.36;15.17;7.84;0;0;0;0;0;0;0;0;0;0;0;;;;;
2025-10-08;O_KRDMDE1025C26.00;KRDMD_10/2025_AVRUPA_OPSIYON;D_EQ;SSO;D_EQ_ECP;DE_KRDMD_ECP;KRDMD.E;2025-10-31;1.87;2.82;-33.69;0;0;0;0;0;0;0;0;0;25;0;;;;;
2025-10-08;O_KRDMDE1025C27.00;KRDMD_10/2025_AVRUPA_OPSIYON;D_EQ;SSO;D_EQ_ECP;DE_KRDMD_ECP;KRDMD.E;2025-10-31;1.28;2.09;-38.76;1.23;1.23;1.23;1.23;1.23;791100;36039;293;1;203;113;;;;;
2025-10-08;O_KRDMDE1025C28.00;KRDMD_10/2025_AVRUPA_OPSIYON;D_EQ;SSO;D_EQ_ECP;DE_KRDMD_ECP;KRDMD.E;2025-10-31;0.83;1.48;-43.92;0.89;0.75;0.89;0.75;0.82;1640800;48052;586;2;383;0;;;;;
2025-10-08;O_KRDMDE1025C29.00;KRDMD_10/2025_AVRUPA_OPSIYON;D_EQ;SSO;D_EQ_ECP;DE_KRDMD_ECP;KRDMD.E;2025-10-31;0.52;1;-48;0.47;0.47;0.47;0.47;0.47;849700;13771;293;1;293;293;;;;;
2025-10-08;O_KRDMDE1025C30.00;KRDMD_10/2025_AVRUPA_OPSIYON;D_EQ;SSO;D_EQ_ECP;DE_KRDMD_ECP;KRDMD.E;2025-10-31;0.31;0.65;-52.31;0;0;0;0;0;0;0;0;0;100;0;;;;;
2025-10-08;O_KRDMDE1025C31.00;KRDMD_10/2025_AVRUPA_OPSIYON;D_EQ;SSO;D_EQ_ECP;DE_KRDMD_ECP;KRDMD.E;2025-10-31;0.18;0.41;-56.1;0;0;0;0;0;0;0;0;0;0;0;;;;;
2025-10-08;O_KRDMDE1025C32.00;KRDMD_10/2025_AVRUPA_OPSIYON;D_EQ;SSO;D_EQ_ECP;DE_KRDMD_ECP;KRDMD.E;2025-10-31;0.1;0.25;-60;0;0;0;0;0;0;0;0;0;0;0;;;;;
2025-10-08;O_KRDMDE1025C33.00;KRDMD_10/2025_AVRUPA_OPSIYON;D_EQ;SSO;D_EQ_ECP;DE_KRDMD_ECP;KRDMD.E;2025-10-31;0.05;0.15;-66.67;0;0;0;0;0;0;0;0;0;0;0;;;;;
2025-10-08;O_KRDMDE1025C34.00;KRDMD_10/2025_AVRUPA_OPSIYON;D_EQ;SSO;D_EQ_ECP;DE_KRDMD_ECP;KRDMD.E;2025-10-31;0.03;0.09;-66.67;0;0;0;0;0;0;0;0;0;0;0;;;;;
2025-10-08;O_KRDMDE1025C35.00;KRDMD_10/2025_AVRUPA_OPSIYON;D_EQ;SSO;D_EQ_ECP;DE_KRDMD_ECP;KRDMD.E;2025-10-31;0.02;0.05;-60;0;0;0;0;0;0;0;0;0;0;0;;;;;
2025-10-08;O_KRDMDE1025C36.00;KRDMD_10/2025_AVRUPA_OPSIYON;D_EQ;SSO;D_EQ_ECP;DE_KRDMD_ECP;KRDMD.E;2025-10-31;0.01;0.03;-66.67;0;0;0;0;0;0;0;0;0;5;0;;;;;
2025-10-08;O_KRDMDE1025C37.00;KRDMD_10/2025_AVRUPA_OPSIYON;D_EQ;SSO;D_EQ_ECP;DE_KRDMD_ECP;KRDMD.E;2025-10-31;0.01;0.02;-50;0;0;0;0;0;0;0;0;0;0;0;;;;;
2025-10-08;O_KRDMDE1025C38.00;KRDMD_10/2025_AVRUPA_OPSIYON;D_EQ;SSO;D_EQ_ECP;DE_KRDMD_ECP;KRDMD.E;2025-10-31;0.01;0.01;0;0;0;0;0;0;0;0;0;0;0;0;;;;;
2025-10-08;O_KRDMDE1025C39.00;KRDMD_10/2025_AVRUPA_OPSIYON;D_EQ;SSO;D_EQ_ECP;DE_KRDMD_ECP;KRDMD.E;2025-10-31;0.01;0.01;0;0;0;0;0;0;0;0;0;0;0;0;;;;;
2025-10-08;O_KRDMDE1025P23.00;KRDMD_10/2025_AVRUPA_OPSIYON;D_EQ;SSO;D_EQ_EPP;DE_KRDMD_EPP;KRDMD.E;2025-10-31;0.06;0.03;100;0;0;0;0;0;0;0;0;0;100;0;;;;;
2025-10-08;O_KRDMDE1025P23.50;KRDMD_10/2025_AVRUPA_OPSIYON;D_EQ;SSO;D_EQ_EPP;DE_KRDMD_EPP;KRDMD.E;2025-10-31;0.09;0.05;80;0;0;0;0;0;0;0;0;0;0;0;;;;;
2025-10-08;O_KRDMDE1025P24.00;KRDMD_10/2025_AVRUPA_OPSIYON;D_EQ;SSO;D_EQ_EPP;DE_KRDMD_EPP;KRDMD.E;2025-10-31;0.14;0.07;100;0;0;0;0;0;0;0;0;0;0;0;;;;;
2025-10-08;O_KRDMDE1025P24.50;KRDMD_10/2025_AVRUPA_OPSIYON;D_EQ;SSO;D_EQ_EPP;DE_KRDMD_EPP;KRDMD.E;2025-10-31;0.21;0.1;110;0;0;0;0;0;0;0;0;0;203;0;;;;;
2025-10-08;O_KRDMDE1025P25.00;KRDMD_10/2025_AVRUPA_OPSIYON;D_EQ;SSO;D_EQ_EPP;DE_KRDMD_EPP;KRDMD.E;2025-10-31;0.3;0.15;100;0;0;0;0;0;0;0;0;0;609;0;;;;;
2025-10-08;O_KRDMDE1025P26.00;KRDMD_10/2025_AVRUPA_OPSIYON;D_EQ;SSO;D_EQ_EPP;DE_KRDMD_EPP;KRDMD.E;2025-10-31;0.55;0.3;83.33;0.62;0.62;0.62;0.62;0.62;761800;18166;293;1;902;43;;;;;
2025-10-08;O_KRDMDE1025P27.00;KRDMD_10/2025_AVRUPA_OPSIYON;D_EQ;SSO;D_EQ_EPP;DE_KRDMD_EPP;KRDMD.E;2025-10-31;0.94;0.54;74.07;0.98;0.98;0.98;0.98;0.98;791100;28714;293;1;393;293;;;;;
2025-10-08;O_KRDMDE1025P28.00;KRDMD_10/2025_AVRUPA_OPSIYON;D_EQ;SSO;D_EQ_EPP;DE_KRDMD_EPP;KRDMD.E;2025-10-31;1.47;0.91;61.54;1.43;1.43;1.43;1.43;1.43;820400;41899;293;1;293;177;;;;;
2025-10-08;O_KRDMDE1025P29.00;KRDMD_10/2025_AVRUPA_OPSIYON;D_EQ;SSO;D_EQ_EPP;DE_KRDMD_EPP;KRDMD.E;2025-10-31;2.13;1.41;51.06;2.15;2.15;2.15;2.15;2.15;849700;62995;293;1;295;293;;;;;
2025-10-08;O_KRDMDE1025P30.00;KRDMD_10/2025_AVRUPA_OPSIYON;D_EQ;SSO;D_EQ_EPP;DE_KRDMD_EPP;KRDMD.E;2025-10-31;2.9;2.03;42.86;2.9;2.9;2.9;2.9;2.9;879000;84970;293;1;643;293;;;;;
2025-10-08;O_KRDMDE1025P31.00;KRDMD_10/2025_AVRUPA_OPSIYON;D_EQ;SSO;D_EQ_EPP;DE_KRDMD_EPP;KRDMD.E;2025-10-31;3.75;2.77;35.38;0;0;0;0;0;0;0;0;0;278;0;;;;;
2025-10-08;O_KRDMDE1025P32.00;KRDMD_10/2025_AVRUPA_OPSIYON;D_EQ;SSO;D_EQ_EPP;DE_KRDMD_EPP;KRDMD.E;2025-10-31;4.64;3.58;29.61;0;0;0;0;0;0;0;0;0;644;0;;;;;
2025-10-08;O_KRDMDE1025P33.00;KRDMD_10/2025_AVRUPA_OPSIYON;D_EQ;SSO;D_EQ_EPP;DE_KRDMD_EPP;KRDMD.E;2025-10-31;5.57;4.46;24.89;0;0;0;0;0;0;0;0;0;0;0;;;;;
2025-10-08;O_KRDMDE1025P34.00;KRDMD_10/2025_AVRUPA_OPSIYON;D_EQ;SSO;D_EQ_EPP;DE_KRDMD_EPP;KRDMD.E;2025-10-31;6.52;5.37;21.42;0;0;0;0;0;0;0;0;0;0;0;;;;;
2025-10-08;O_KRDMDE1125C27.00;KRDMD_11/2025_AVRUPA_OPSIYON;D_EQ;SSO;D_EQ_ECP;DE_KRDMD_ECP;KRDMD.E;2025-11-28;2.23;3.09;-27.83;0;0;0;0;0;0;0;0;0;208;0;;;;;
2025-10-08;O_KRDMDE1125C28.00;KRDMD_11/2025_AVRUPA_OPSIYON;D_EQ;SSO;D_EQ_ECP;DE_KRDMD_ECP;KRDMD.E;2025-11-28;1.72;2.47;-30.36;0;0;0;0;0;0;0;0;0;0;0;;;;;
2025-10-08;O_KRDMDE1125C29.00;KRDMD_11/2025_AVRUPA_OPSIYON;D_EQ;SSO;D_EQ_ECP;DE_KRDMD_ECP;KRDMD.E;2025-11-28;1.31;1.94;-32.47;0;0;0;0;0;0;0;0;0;0;0;;;;;
2025-10-08;O_KRDMDE1125C30.00;KRDMD_11/2025_AVRUPA_OPSIYON;D_EQ;SSO;D_EQ_ECP;DE_KRDMD_ECP;KRDMD.E;2025-11-28;0.98;1.5;-34.67;0;0;0;0;0;0;0;0;0;0;0;;;;;
2025-10-08;O_KRDMDE1125C31.00;KRDMD_11/2025_AVRUPA_OPSIYON;D_EQ;SSO;D_EQ_ECP;DE_KRDMD_ECP;KRDMD.E;2025-11-28;0.73;1.15;-36.52;0;0;0;0;0;0;0;0;0;4;0;;;;;
2025-10-08;O_KRDMDE1125C32.00;KRDMD_11/2025_AVRUPA_OPSIYON;D_EQ;SSO;D_EQ_ECP;DE_KRDMD_ECP;KRDMD.E;2025-11-28;0.54;0.88;-38.64;0;0;0;0;0;0;0;0;0;160;0;;;;;
2025-10-08;O_KRDMDE1125C33.00;KRDMD_11/2025_AVRUPA_OPSIYON;D_EQ;SSO;D_EQ_ECP;DE_KRDMD_ECP;KRDMD.E;2025-11-28;0.39;0.67;-41.79;0;0;0;0;0;0;0;0;0;0;0;;;;;
2025-10-08;O_KRDMDE1125C34.00;KRDMD_11/2025_AVRUPA_OPSIYON;D_EQ;SSO;D_EQ_ECP;DE_KRDMD_ECP;KRDMD.E;2025-11-28;0.29;0.5;-42;0;0;0;0;0;0;0;0;0;50;0;;;;;
2025-10-08;O_KRDMDE1125C35.00;KRDMD_11/2025_AVRUPA_OPSIYON;D_EQ;SSO;D_EQ_ECP;DE_KRDMD_ECP;KRDMD.E;2025-11-28;0.21;0.38;-44.74;0;0;0;0;0;0;0;0;0;0;0;;;;;
2025-10-08;O_KRDMDE1125C36.00;KRDMD_11/2025_AVRUPA_OPSIYON;D_EQ;SSO;D_EQ_ECP;DE_KRDMD_ECP;KRDMD.E;2025-11-28;0.15;0.28;-46.43;0;0;0;0;0;0;0;0;0;0;0;;;;;
2025-10-08;O_KRDMDE1125C37.00;KRDMD_11/2025_AVRUPA_OPSIYON;D_EQ;SSO;D_EQ_ECP;DE_KRDMD_ECP;KRDMD.E;2025-11-28;0.11;0.21;-47.62;0;0;0;0;0;0;0;0;0;40;0;;;;;
2025-10-08;O_KRDMDE1125C38.00;KRDMD_11/2025_AVRUPA_OPSIYON;D_EQ;SSO;D_EQ_ECP;DE_KRDMD_ECP;KRDMD.E;2025-11-28;0.08;0.16;-50;0;0;0;0;0;0;0;0;0;203;0;;;;;
2025-10-08;O_KRDMDE1125P23.50;KRDMD_11/2025_AVRUPA_OPSIYON;D_EQ;SSO;D_EQ_EPP;DE_KRDMD_EPP;KRDMD.E;2025-11-28;0.25;0.17;47.06;0;0;0;0;0;0;0;0;0;0;0;;;;;
2025-10-08;O_KRDMDE1125P24.00;KRDMD_11/2025_AVRUPA_OPSIYON;D_EQ;SSO;D_EQ_EPP;DE_KRDMD_EPP;KRDMD.E;2025-11-28;0.33;0.22;50;0;0;0;0;0;0;0;0;0;0;0;;;;;
2025-10-08;O_KRDMDE1125P24.50;KRDMD_11/2025_AVRUPA_OPSIYON;D_EQ;SSO;D_EQ_EPP;DE_KRDMD_EPP;KRDMD.E;2025-11-28;0.42;0.28;50;0;0;0;0;0;0;0;0;0;0;0;;;;;
2025-10-08;O_KRDMDE1125P25.00;KRDMD_11/2025_AVRUPA_OPSIYON;D_EQ;SSO;D_EQ_EPP;DE_KRDMD_EPP;KRDMD.E;2025-11-28;0.52;0.35;48.57;0;0;0;0;0;0;0;0;0;0;0;;;;;
2025-10-08;O_KRDMDE1125P26.00;KRDMD_11/2025_AVRUPA_OPSIYON;D_EQ;SSO;D_EQ_EPP;DE_KRDMD_EPP;KRDMD.E;2025-11-28;0.78;0.53;47.17;0;0;0;0;0;0;0;0;0;0;0;;;;;
2025-10-08;O_KRDMDE1125P27.00;KRDMD_11/2025_AVRUPA_OPSIYON;D_EQ;SSO;D_EQ_EPP;DE_KRDMD_EPP;KRDMD.E;2025-11-28;1.13;0.79;43.04;0;0;0;0;0;0;0;0;0;0;0;;;;;
2025-10-08;O_KRDMDE1125P28.00;KRDMD_11/2025_AVRUPA_OPSIYON;D_EQ;SSO;D_EQ_EPP;DE_KRDMD_EPP;KRDMD.E;2025-11-28;1.58;1.11;42.34;0;0;0;0;0;0;0;0;0;0;0;;;;;
2025-10-08;O_KRDMDE1125P29.00;KRDMD_11/2025_AVRUPA_OPSIYON;D_EQ;SSO;D_EQ_EPP;DE_KRDMD_EPP;KRDMD.E;2025-11-28;2.11;1.53;37.91;0;0;0;0;0;0;0;0;0;0;0;;;;;
2025-10-08;O_KRDMDE1125P30.00;KRDMD_11/2025_AVRUPA_OPSIYON;D_EQ;SSO;D_EQ_EPP;DE_KRDMD_EPP;KRDMD.E;2025-11-28;2.73;2.04;33.82;0;0;0;0;0;0;0;0;0;0;0;;;;;
2025-10-08;O_KRDMDE1125P31.00;KRDMD_11/2025_AVRUPA_OPSIYON;D_EQ;SSO;D_EQ_EPP;DE_KRDMD_EPP;KRDMD.E;2025-11-28;3.43;2.64;29.92;0;0;0;0;0;0;0;0;0;0;0;;;;;
2025-10-08;O_KRDMDE1125P32.00;KRDMD_11/2025_AVRUPA_OPSIYON;D_EQ;SSO;D_EQ_EPP;DE_KRDMD_EPP;KRDMD.E;2025-11-28;4.19;3.31;26.59;0;0;0;0;0;0;0;0;0;0;0;;;;;
2025-10-08;O_KRDMDE1125P33.00;KRDMD_11/2025_AVRUPA_OPSIYON;D_EQ;SSO;D_EQ_EPP;DE_KRDMD_EPP;KRDMD.E;2025-11-28;4.99;4.05;23.21;5.04;5.04;5.04;5.04;5.04;66000;10080;20;1;0;0;;;;;
2025-10-08;O_KRDMDE1225C29.00;KRDMD_12/2025_AVRUPA_OPSIYON;D_EQ;SSO;D_EQ_ECP;DE_KRDMD_ECP;KRDMD.E;2025-12-31;2.42;3.19;-24.14;0;0;0;0;0;0;0;0;0;0;0;;;;;
2025-10-08;O_KRDMDE1225C30.00;KRDMD_12/2025_AVRUPA_OPSIYON;D_EQ;SSO;D_EQ_ECP;DE_KRDMD_ECP;KRDMD.E;2025-12-31;1.99;2.69;-26.02;0;0;0;0;0;0;0;0;0;0;0;;;;;
2025-10-08;O_KRDMDE1225C31.00;KRDMD_12/2025_AVRUPA_OPSIYON;D_EQ;SSO;D_EQ_ECP;DE_KRDMD_ECP;KRDMD.E;2025-12-31;1.64;2.24;-26.79;0;0;0;0;0;0;0;0;0;0;0;;;;;
2025-10-08;O_KRDMDE1225C32.00;KRDMD_12/2025_AVRUPA_OPSIYON;D_EQ;SSO;D_EQ_ECP;DE_KRDMD_ECP;KRDMD.E;2025-12-31;1.34;1.86;-27.96;0;0;0;0;0;0;0;0;0;0;0;;;;;
2025-10-08;O_KRDMDE1225C33.00;KRDMD_12/2025_AVRUPA_OPSIYON;D_EQ;SSO;D_EQ_ECP;DE_KRDMD_ECP;KRDMD.E;2025-12-31;1.1;1.55;-29.03;0;0;0;0;0;0;0;0;0;0;0;;;;;
2025-10-08;O_KRDMDE1225C34.00;KRDMD_12/2025_AVRUPA_OPSIYON;D_EQ;SSO;D_EQ_ECP;DE_KRDMD_ECP;KRDMD.E;2025-12-31;0.9;1.29;-30.23;0;0;0;0;0;0;0;0;0;0;0;;;;;
2025-10-08;O_KRDMDE1225C35.00;KRDMD_12/2025_AVRUPA_OPSIYON;D_EQ;SSO;D_EQ_ECP;DE_KRDMD_ECP;KRDMD.E;2025-12-31;0.73;1.07;-31.78;0;0;0;0;0;0;0;0;0;0;0;;;;;
2025-10-08;O_KRDMDE1225C36.00;KRDMD_12/2025_AVRUPA_OPSIYON;D_EQ;SSO;D_EQ_ECP;DE_KRDMD_ECP;KRDMD.E;2025-12-31;0.59;0.89;-33.71;0;0;0;0;0;0;0;0;0;0;0;;;;;
2025-10-08;O_KRDMDE1225C37.00;KRDMD_12/2025_AVRUPA_OPSIYON;D_EQ;SSO;D_EQ_ECP;DE_KRDMD_ECP;KRDMD.E;2025-12-31;0.48;0.74;-35.14;0;0;0;0;0;0;0;0;0;0;0;;;;;
2025-10-08;O_KRDMDE1225P24.50;KRDMD_12/2025_AVRUPA_OPSIYON;D_EQ;SSO;D_EQ_EPP;DE_KRDMD_EPP;KRDMD.E;2025-12-31;0.47;0.35;34.29;0;0;0;0;0;0;0;0;0;0;0;;;;;
2025-10-08;O_KRDMDE1225P25.00;KRDMD_12/2025_AVRUPA_OPSIYON;D_EQ;SSO;D_EQ_EPP;DE_KRDMD_EPP;KRDMD.E;2025-12-31;0.56;0.42;33.33;0;0;0;0;0;0;0;0;0;0;0;;;;;
2025-10-08;O_KRDMDE1225P26.00;KRDMD_12/2025_AVRUPA_OPSIYON;D_EQ;SSO;D_EQ_EPP;DE_KRDMD_EPP;KRDMD.E;2025-12-31;0.78;0.58;34.48;0;0;0;0;0;0;0;0;0;0;0;;;;;
2025-10-08;O_KRDMDE1225P27.00;KRDMD_12/2025_AVRUPA_OPSIYON;D_EQ;SSO;D_EQ_EPP;DE_KRDMD_EPP;KRDMD.E;2025-12-31;1.06;0.79;34.18;0;0;0;0;0;0;0;0;0;0;0;;;;;
2025-10-08;O_KRDMDE1225P28.00;KRDMD_12/2025_AVRUPA_OPSIYON;D_EQ;SSO;D_EQ_EPP;DE_KRDMD_EPP;KRDMD.E;2025-12-31;1.39;1.05;32.38;0;0;0;0;0;0;0;0;0;0;0;;;;;
2025-10-08;O_KRDMDE1225P29.00;KRDMD_12/2025_AVRUPA_OPSIYON;D_EQ;SSO;D_EQ_EPP;DE_KRDMD_EPP;KRDMD.E;2025-12-31;1.8;1.37;31.39;0;0;0;0;0;0;0;0;0;0;0;;;;;
2025-10-08;O_KRDMDE1225P30.00;KRDMD_12/2025_AVRUPA_OPSIYON;D_EQ;SSO;D_EQ_EPP;DE_KRDMD_EPP;KRDMD.E;2025-12-31;2.28;1.76;29.55;0;0;0;0;0;0;0;0;0;0;0;;;;;
2025-10-08;O_KRDMDE1225P31.00;KRDMD_12/2025_AVRUPA_OPSIYON;D_EQ;SSO;D_EQ_EPP;DE_KRDMD_EPP;KRDMD.E;2025-12-31;2.82;2.21;27.6;0;0;0;0;0;0;0;0;0;0;0;;;;;
2025-10-08;O_KRDMDE1225P32.00;KRDMD_12/2025_AVRUPA_OPSIYON;D_EQ;SSO;D_EQ_EPP;DE_KRDMD_EPP;KRDMD.E;2025-12-31;3.43;2.73;25.64;0;0;0;0;0;0;0;0;0;0;0;;;;;
2025-10-08;O_PETKME1025C17.50;PETKM_10/2025_AVRUPA_OPSIYON;D_EQ;SSO;D_EQ_ECP;DE_PETKM_ECP;PETKM.E;2025-10-31;2.18;2.34;-6.84;0;0;0;0;0;0;0;0;0;50;0;;;;;
2025-10-08;O_PETKME1025C18.00;PETKM_10/2025_AVRUPA_OPSIYON;D_EQ;SSO;D_EQ_ECP;DE_PETKM_ECP;PETKM.E;2025-10-31;1.76;1.91;-7.85;0;0;0;0;0;0;0;0;0;177;0;;;;;
2025-10-08;O_PETKME1025C18.50;PETKM_10/2025_AVRUPA_OPSIYON;D_EQ;SSO;D_EQ_ECP;DE_PETKM_ECP;PETKM.E;2025-10-31;1.36;1.51;-9.93;0;0;0;0;0;0;0;0;0;0;0;;;;;
2025-10-08;O_PETKME1025C19.00;PETKM_10/2025_AVRUPA_OPSIYON;D_EQ;SSO;D_EQ_ECP;DE_PETKM_ECP;PETKM.E;2025-10-31;1.02;1.15;-11.3;0;0;0;0;0;0;0;0;0;0;0;;;;;
2025-10-08;O_PETKME1025C19.50;PETKM_10/2025_AVRUPA_OPSIYON;D_EQ;SSO;D_EQ_ECP;DE_PETKM_ECP;PETKM.E;2025-10-31;0.74;0.85;-12.94;0;0;0;0;0;0;0;0;0;2500;0;;;;;
2025-10-08;O_PETKME1025C20.00;PETKM_10/2025_AVRUPA_OPSIYON;D_EQ;SSO;D_EQ_ECP;DE_PETKM_ECP;PETKM.E;2025-10-31;0.52;0.61;-14.75;0;0;0;0;0;0;0;0;0;0;0;;;;;
2025-10-08;O_PETKME1025C20.50;PETKM_10/2025_AVRUPA_OPSIYON;D_EQ;SSO;D_EQ_ECP;DE_PETKM_ECP;PETKM.E;2025-10-31;0.36;0.43;-16.28;0;0;0;0;0;0;0;0;0;200;0;;;;;
2025-10-08;O_PETKME1025C21.00;PETKM_10/2025_AVRUPA_OPSIYON;D_EQ;SSO;D_EQ_ECP;DE_PETKM_ECP;PETKM.E;2025-10-31;0.26;0.31;-16.13;0.29;0.29;0.29;0.29;0.29;840000;11600;400;2;2000;400;;;;;
2025-10-08;O_PETKME1025C21.50;PETKM_10/2025_AVRUPA_OPSIYON;D_EQ;SSO;D_EQ_ECP;DE_PETKM_ECP;PETKM.E;2025-10-31;0.19;0.23;-17.39;0.2;0.2;0.22;0.22;0.22;991150;10139;461;6;1341;461;;;;;
2025-10-08;O_PETKME1025C22.00;PETKM_10/2025_AVRUPA_OPSIYON;D_EQ;SSO;D_EQ_ECP;DE_PETKM_ECP;PETKM.E;2025-10-31;0.14;0.17;-17.65;0;0;0;0;0;0;0;0;0;5001;0;;;;;
2025-10-08;O_PETKME1025C22.50;PETKM_10/2025_AVRUPA_OPSIYON;D_EQ;SSO;D_EQ_ECP;DE_PETKM_ECP;PETKM.E;2025-10-31;0.11;0.13;-15.38;0;0;0;0;0;0;0;0;0;0;0;;;;;
2025-10-08;O_PETKME1025C23.00;PETKM_10/2025_AVRUPA_OPSIYON;D_EQ;SSO;D_EQ_ECP;DE_PETKM_ECP;PETKM.E;2025-10-31;0.08;0.1;-20;0;0;0;0;0;0;0;0;0;0;0;;;;;
2025-10-08;O_PETKME1025C23.50;PETKM_10/2025_AVRUPA_OPSIYON;D_EQ;SSO;D_EQ_ECP;DE_PETKM_ECP;PETKM.E;2025-10-31;0.06;0.08;-25;0;0;0;0;0;0;0;0;0;0;0;;;;;
2025-10-08;O_PETKME1025C24.00;PETKM_10/2025_AVRUPA_OPSIYON;D_EQ;SSO;D_EQ_ECP;DE_PETKM_ECP;PETKM.E;2025-10-31;0.05;0.06;-16.67;0;0;0;0;0;0;0;0;0;0;0;;;;;
2025-10-08;O_PETKME1025C24.50;PETKM_10/2025_AVRUPA_OPSIYON;D_EQ;SSO;D_EQ_ECP;DE_PETKM_ECP;PETKM.E;2025-10-31;0.04;0.05;-20;0;0;0;0;0;0;0;0;0;0;0;;;;;
2025-10-08;O_PETKME1025C25.00;PETKM_10/2025_AVRUPA_OPSIYON;D_EQ;SSO;D_EQ_ECP;DE_PETKM_ECP;PETKM.E;2025-10-31;0.03;0.04;-25;0;0;0;0;0;0;0;0;0;0;0;;;;;
2025-10-08;O_PETKME1025C26.00;PETKM_10/2025_AVRUPA_OPSIYON;D_EQ;SSO;D_EQ_ECP;DE_PETKM_ECP;PETKM.E;2025-10-31;0.02;0.03;-33.33;0;0;0;0;0;0;0;0;0;0;0;;;;;
2025-10-08;O_PETKME1025C27.00;PETKM_10/2025_AVRUPA_OPSIYON;D_EQ;SSO;D_EQ_ECP;DE_PETKM_ECP;PETKM.E;2025-10-31;0.02;0.02;0;0;0;0;0;0;0;0;0;0;0;0;;;;;
2025-10-08;O_PETKME1025C28.00;PETKM_10/2025_AVRUPA_OPSIYON;D_EQ;SSO;D_EQ_ECP;DE_PETKM_ECP;PETKM.E;2025-10-31;0.01;0.02;-50;0;0;0;0;0;0;0;0;0;0;0;;;;;
2025-10-08;O_PETKME1025P15.00;PETKM_10/2025_AVRUPA_OPSIYON;D_EQ;SSO;D_EQ_EPP;DE_PETKM_EPP;PETKM.E;2025-10-31;0.01;0.01;0;0;0;0;0;0;0;0;0;0;0;0;;;;;
2025-10-08;O_PETKME1025P15.50;PETKM_10/2025_AVRUPA_OPSIYON;D_EQ;SSO;D_EQ_EPP;DE_PETKM_EPP;PETKM.E;2025-10-31;0.02;0.02;0;0;0;0;0;0;0;0;0;0;0;0;;;;;
2025-10-08;O_PETKME1025P16.00;PETKM_10/2025_AVRUPA_OPSIYON;D_EQ;SSO;D_EQ_EPP;DE_PETKM_EPP;PETKM.E;2025-10-31;0.03;0.03;0;0;0;0;0;0;0;0;0;0;0;0;;;;;
2025-10-08;O_PETKME1025P16.50;PETKM_10/2025_AVRUPA_OPSIYON;D_EQ;SSO;D_EQ_EPP;DE_PETKM_EPP;PETKM.E;2025-10-31;0.05;0.05;0;0;0;0;0;0;0;0;0;0;0;0;;;;;
2025-10-08;O_PETKME1025P17.00;PETKM_10/2025_AVRUPA_OPSIYON;D_EQ;SSO;D_EQ_EPP;DE_PETKM_EPP;PETKM.E;2025-10-31;0.08;0.07;14.29;0;0;0;0;0;0;0;0;0;0;0;;;;;
2025-10-08;O_PETKME1025P17.50;PETKM_10/2025_AVRUPA_OPSIYON;D_EQ;SSO;D_EQ_EPP;DE_PETKM_EPP;PETKM.E;2025-10-31;0.12;0.11;9.09;0;0;0;0;0;0;0;0;0;0;0;;;;;
2025-10-08;O_PETKME1025P18.00;PETKM_10/2025_AVRUPA_OPSIYON;D_EQ;SSO;D_EQ_EPP;DE_PETKM_EPP;PETKM.E;2025-10-31;0.18;0.17;5.88;0;0;0;0;0;0;0;0;0;8;0;;;;;
2025-10-08;O_PETKME1025P18.50;PETKM_10/2025_AVRUPA_OPSIYON;D_EQ;SSO;D_EQ_EPP;DE_PETKM_EPP;PETKM.E;2025-10-31;0.27;0.25;8;0;0;0;0;0;0;0;0;0;0;0;;;;;
2025-10-08;O_PETKME1025P19.00;PETKM_10/2025_AVRUPA_OPSIYON;D_EQ;SSO;D_EQ_EPP;DE_PETKM_EPP;PETKM.E;2025-10-31;0.42;0.38;10.53;0.44;0.44;0.44;0.44;0.44;380000;8800;200;1;2500;0;;;;;
2025-10-08;O_PETKME1025P19.50;PETKM_10/2025_AVRUPA_OPSIYON;D_EQ;SSO;D_EQ_EPP;DE_PETKM_EPP;PETKM.E;2025-10-31;0.63;0.57;10.53;0;0;0;0;0;0;0;0;0;0;0;;;;;
2025-10-08;O_PETKME1025P20.00;PETKM_10/2025_AVRUPA_OPSIYON;D_EQ;SSO;D_EQ_EPP;DE_PETKM_EPP;PETKM.E;2025-10-31;0.9;0.82;9.76;0.8;0.8;0.8;0.8;0.8;200000;8000;100;1;101;0;;;;;
2025-10-08;O_PETKME1025P20.50;PETKM_10/2025_AVRUPA_OPSIYON;D_EQ;SSO;D_EQ_EPP;DE_PETKM_EPP;PETKM.E;2025-10-31;1.22;1.12;8.93;0;0;0;0;0;0;0;0;0;100;0;;;;;
2025-10-08;O_PETKME1025P21.00;PETKM_10/2025_AVRUPA_OPSIYON;D_EQ;SSO;D_EQ_EPP;DE_PETKM_EPP;PETKM.E;2025-10-31;1.61;1.49;8.05;0;0;0;0;0;0;0;0;0;0;0;;;;;
2025-10-08;O_PETKME1025P21.50;PETKM_10/2025_AVRUPA_OPSIYON;D_EQ;SSO;D_EQ_EPP;DE_PETKM_EPP;PETKM.E;2025-10-31;2.03;1.9;6.84;0;0;0;0;0;0;0;0;0;0;0;;;;;
2025-10-08;O_PETKME1025P22.00;PETKM_10/2025_AVRUPA_OPSIYON;D_EQ;SSO;D_EQ_EPP;DE_PETKM_EPP;PETKM.E;2025-10-31;2.47;2.33;6.01;0;0;0;0;0;0;0;0;0;0;0;;;;;
2025-10-08;O_PETKME1025P22.50;PETKM_10/2025_AVRUPA_OPSIYON;D_EQ;SSO;D_EQ_EPP;DE_PETKM_EPP;PETKM.E;2025-10-31;2.92;2.77;5.42;0;0;0;0;0;0;0;0;0;0;0;;;;;
2025-10-08;O_PETKME1025P23.00;PETKM_10/2025_AVRUPA_OPSIYON;D_EQ;SSO;D_EQ_EPP;DE_PETKM_EPP;PETKM.E;2025-10-31;3.39;3.23;4.95;0;0;0;0;0;0;0;0;0;0;0;;;;;
2025-10-08;O_PETKME1025P23.50;PETKM_10/2025_AVRUPA_OPSIYON;D_EQ;SSO;D_EQ_EPP;DE_PETKM_EPP;PETKM.E;2025-10-31;3.86;3.7;4.32;0;0;0;0;0;0;0;0;0;0;0;;;;;
2025-10-08;O_PETKME1025P24.00;PETKM_10/2025_AVRUPA_OPSIYON;D_EQ;SSO;D_EQ_EPP;DE_PETKM_EPP;PETKM.E;2025-10-31;4.33;4.17;3.84;0;0;0;0;0;0;0;0;0;0;0;;;;;
2025-10-08;O_PETKME1125C18.00;PETKM_11/2025_AVRUPA_OPSIYON;D_EQ;SSO;D_EQ_ECP;DE_PETKM_ECP;PETKM.E;2025-11-28;2.43;2.58;-5.81;0;0;0;0;0;0;0;0;0;0;0;;;;;
2025-10-08;O_PETKME1125C18.50;PETKM_11/2025_AVRUPA_OPSIYON;D_EQ;SSO;D_EQ_ECP;DE_PETKM_ECP;PETKM.E;2025-11-28;2.05;2.2;-6.82;2.01;2.01;2.01;2.01;2.01;185000;20100;100;1;100;100;;;;;
2025-10-08;O_PETKME1125C19.00;PETKM_11/2025_AVRUPA_OPSIYON;D_EQ;SSO;D_EQ_ECP;DE_PETKM_ECP;PETKM.E;2025-11-28;1.69;1.83;-7.65;0;0;0;0;0;0;0;0;0;0;0;;;;;
2025-10-08;O_PETKME1125C19.50;PETKM_11/2025_AVRUPA_OPSIYON;D_EQ;SSO;D_EQ_ECP;DE_PETKM_ECP;PETKM.E;2025-11-28;1.37;1.49;-8.05;0;0;0;0;0;0;0;0;0;0;0;;;;;
2025-10-08;O_PETKME1125C20.00;PETKM_11/2025_AVRUPA_OPSIYON;D_EQ;SSO;D_EQ_ECP;DE_PETKM_ECP;PETKM.E;2025-11-28;1.11;1.22;-9.02;0;0;0;0;0;0;0;0;0;0;0;;;;;
2025-10-08;O_PETKME1125C20.50;PETKM_11/2025_AVRUPA_OPSIYON;D_EQ;SSO;D_EQ_ECP;DE_PETKM_ECP;PETKM.E;2025-11-28;0.89;0.98;-9.18;0;0;0;0;0;0;0;0;0;17;0;;;;;
2025-10-08;O_PETKME1125C21.00;PETKM_11/2025_AVRUPA_OPSIYON;D_EQ;SSO;D_EQ_ECP;DE_PETKM_ECP;PETKM.E;2025-11-28;0.71;0.79;-10.13;0;0;0;0;0;0;0;0;0;6;0;;;;;
2025-10-08;O_PETKME1125C21.50;PETKM_11/2025_AVRUPA_OPSIYON;D_EQ;SSO;D_EQ_ECP;DE_PETKM_ECP;PETKM.E;2025-11-28;0.59;0.64;-7.81;0;0;0;0;0;0;0;0;0;0;0;;;;;
2025-10-08;O_PETKME1125C22.00;PETKM_11/2025_AVRUPA_OPSIYON;D_EQ;SSO;D_EQ_ECP;DE_PETKM_ECP;PETKM.E;2025-11-28;0.5;0.55;-9.09;0;0;0;0;0;0;0;0;0;0;0;;;;;
2025-10-08;O_PETKME1125C22.50;PETKM_11/2025_AVRUPA_OPSIYON;D_EQ;SSO;D_EQ_ECP;DE_PETKM_ECP;PETKM.E;2025-11-28;0.43;0.47;-8.51;0;0;0;0;0;0;0;0;0;2;0;;;;;
2025-10-08;O_PETKME1125C23.00;PETKM_11/2025_AVRUPA_OPSIYON;D_EQ;SSO;D_EQ_ECP;DE_PETKM_ECP;PETKM.E;2025-11-28;0.37;0.41;-9.76;0;0;0;0;0;0;0;0;0;2;0;;;;;
2025-10-08;O_PETKME1125C23.50;PETKM_11/2025_AVRUPA_OPSIYON;D_EQ;SSO;D_EQ_ECP;DE_PETKM_ECP;PETKM.E;2025-11-28;0.33;0.36;-8.33;0;0;0;0;0;0;0;0;0;1;0;;;;;
2025-10-08;O_PETKME1125C24.00;PETKM_11/2025_AVRUPA_OPSIYON;D_EQ;SSO;D_EQ_ECP;DE_PETKM_ECP;PETKM.E;2025-11-28;0.29;0.32;-9.38;0;0;0;0;0;0;0;0;0;0;0;;;;;
2025-10-08;O_PETKME1125C24.50;PETKM_11/2025_AVRUPA_OPSIYON;D_EQ;SSO;D_EQ_ECP;DE_PETKM_ECP;PETKM.E;2025-11-28;0.26;0.29;-10.34;0;0;0;0;0;0;0;0;0;0;0;;;;;
2025-10-08;O_PETKME1125C25.00;PETKM_11/2025_AVRUPA_OPSIYON;D_EQ;SSO;D_EQ_ECP;DE_PETKM_ECP;PETKM.E;2025-11-28;0.23;0.26;-11.54;0;0;0;0;0;0;0;0;0;0;0;;;;;
2025-10-08;O_PETKME1125P15.50;PETKM_11/2025_AVRUPA_OPSIYON;D_EQ;SSO;D_EQ_EPP;DE_PETKM_EPP;PETKM.E;2025-11-28;0.1;0.1;0;0;0;0;0;0;0;0;0;0;0;0;;;;;
2025-10-08;O_PETKME1125P16.00;PETKM_11/2025_AVRUPA_OPSIYON;D_EQ;SSO;D_EQ_EPP;DE_PETKM_EPP;PETKM.E;2025-11-28;0.13;0.13;0;0;0;0;0;0;0;0;0;0;0;0;;;;;
2025-10-08;O_PETKME1125P16.50;PETKM_11/2025_AVRUPA_OPSIYON;D_EQ;SSO;D_EQ_EPP;DE_PETKM_EPP;PETKM.E;2025-11-28;0.17;0.16;6.25;0;0;0;0;0;0;0;0;0;0;0;;;;;
2025-10-08;O_PETKME1125P17.00;PETKM_11/2025_AVRUPA_OPSIYON;D_EQ;SSO;D_EQ_EPP;DE_PETKM_EPP;PETKM.E;2025-11-28;0.21;0.21;0;0;0;0;0;0;0;0;0;0;0;0;;;;;
2025-10-08;O_PETKME1125P17.50;PETKM_11/2025_AVRUPA_OPSIYON;D_EQ;SSO;D_EQ_EPP;DE_PETKM_EPP;PETKM.E;2025-11-28;0.27;0.26;3.85;0;0;0;0;0;0;0;0;0;0;0;;;;;
2025-10-08;O_PETKME1125P18.00;PETKM_11/2025_AVRUPA_OPSIYON;D_EQ;SSO;D_EQ_EPP;DE_PETKM_EPP;PETKM.E;2025-11-28;0.35;0.33;6.06;0;0;0;0;0;0;0;0;0;0;0;;;;;
2025-10-08;O_PETKME1125P18.50;PETKM_11/2025_AVRUPA_OPSIYON;D_EQ;SSO;D_EQ_EPP;DE_PETKM_EPP;PETKM.E;2025-11-28;0.44;0.42;4.76;0;0;0;0;0;0;0;0;0;0;0;;;;;
2025-10-08;O_PETKME1125P19.00;PETKM_11/2025_AVRUPA_OPSIYON;D_EQ;SSO;D_EQ_EPP;DE_PETKM_EPP;PETKM.E;2025-11-28;0.55;0.53;3.77;0;0;0;0;0;0;0;0;0;0;0;;;;;
2025-10-08;O_PETKME1125P19.50;PETKM_11/2025_AVRUPA_OPSIYON;D_EQ;SSO;D_EQ_EPP;DE_PETKM_EPP;PETKM.E;2025-11-28;0.72;0.67;7.46;0;0;0;0;0;0;0;0;0;0;0;;;;;
2025-10-08;O_PETKME1125P20.00;PETKM_11/2025_AVRUPA_OPSIYON;D_EQ;SSO;D_EQ_EPP;DE_PETKM_EPP;PETKM.E;2025-11-28;0.92;0.86;6.98;0;0;0;0;0;0;0;0;0;0;0;;;;;
2025-10-08;O_PETKME1125P20.50;PETKM_11/2025_AVRUPA_OPSIYON;D_EQ;SSO;D_EQ_EPP;DE_PETKM_EPP;PETKM.E;2025-11-28;1.18;1.1;7.27;0;0;0;0;0;0;0;0;0;0;0;;;;;
2025-10-08;O_PETKME1125P21.00;PETKM_11/2025_AVRUPA_OPSIYON;D_EQ;SSO;D_EQ_EPP;DE_PETKM_EPP;PETKM.E;2025-11-28;1.48;1.38;7.25;0;0;0;0;0;0;0;0;0;0;0;;;;;
2025-10-08;O_PETKME1125P21.50;PETKM_11/2025_AVRUPA_OPSIYON;D_EQ;SSO;D_EQ_EPP;DE_PETKM_EPP;PETKM.E;2025-11-28;1.83;1.71;7.02;0;0;0;0;0;0;0;0;0;0;0;;;;;
2025-10-08;O_PETKME1125P22.00;PETKM_11/2025_AVRUPA_OPSIYON;D_EQ;SSO;D_EQ_EPP;DE_PETKM_EPP;PETKM.E;2025-11-28;2.21;2.09;5.74;0;0;0;0;0;0;0;0;0;0;0;;;;;
2025-10-08;O_PETKME1125P22.50;PETKM_11/2025_AVRUPA_OPSIYON;D_EQ;SSO;D_EQ_EPP;DE_PETKM_EPP;PETKM.E;2025-11-28;2.62;2.48;5.65;0;0;0;0;0;0;0;0;0;0;0;;;;;
2025-10-08;O_PETKME1225C19.00;PETKM_12/2025_AVRUPA_OPSIYON;D_EQ;SSO;D_EQ_ECP;DE_PETKM_ECP;PETKM.E;2025-12-31;2.62;2.78;-5.76;0;0;0;0;0;0;0;0;0;0;0;;;;;
2025-10-08;O_PETKME1225C19.50;PETKM_12/2025_AVRUPA_OPSIYON;D_EQ;SSO;D_EQ_ECP;DE_PETKM_ECP;PETKM.E;2025-12-31;2.27;2.42;-6.2;0;0;0;0;0;0;0;0;0;0;0;;;;;
2025-10-08;O_PETKME1225C20.00;PETKM_12/2025_AVRUPA_OPSIYON;D_EQ;SSO;D_EQ_ECP;DE_PETKM_ECP;PETKM.E;2025-12-31;1.95;2.08;-6.25;0;0;0;0;0;0;0;0;0;0;0;;;;;
2025-10-08;O_PETKME1225C20.50;PETKM_12/2025_AVRUPA_OPSIYON;D_EQ;SSO;D_EQ_ECP;DE_PETKM_ECP;PETKM.E;2025-12-31;1.67;1.79;-6.7;0;0;0;0;0;0;0;0;0;0;0;;;;;
2025-10-08;O_PETKME1225C21.00;PETKM_12/2025_AVRUPA_OPSIYON;D_EQ;SSO;D_EQ_ECP;DE_PETKM_ECP;PETKM.E;2025-12-31;1.43;1.54;-7.14;0;0;0;0;0;0;0;0;0;0;0;;;;;
2025-10-08;O_PETKME1225C21.50;PETKM_12/2025_AVRUPA_OPSIYON;D_EQ;SSO;D_EQ_ECP;DE_PETKM_ECP;PETKM.E;2025-12-31;1.23;1.32;-6.82;0;0;0;0;0;0;0;0;0;0;0;;;;;
2025-10-08;O_PETKME1225C22.00;PETKM_12/2025_AVRUPA_OPSIYON;D_EQ;SSO;D_EQ_ECP;DE_PETKM_ECP;PETKM.E;2025-12-31;1.06;1.14;-7.02;0;0;0;0;0;0;0;0;0;0;0;;;;;
2025-10-08;O_PETKME1225C22.50;PETKM_12/2025_AVRUPA_OPSIYON;D_EQ;SSO;D_EQ_ECP;DE_PETKM_ECP;PETKM.E;2025-12-31;0.95;1.01;-5.94;0;0;0;0;0;0;0;0;0;0;0;;;;;
2025-10-08;O_PETKME1225C23.00;PETKM_12/2025_AVRUPA_OPSIYON;D_EQ;SSO;D_EQ_ECP;DE_PETKM_ECP;PETKM.E;2025-12-31;0.86;0.92;-6.52;0;0;0;0;0;0;0;0;0;0;0;;;;;
2025-10-08;O_PETKME1225C23.50;PETKM_12/2025_AVRUPA_OPSIYON;D_EQ;SSO;D_EQ_ECP;DE_PETKM_ECP;PETKM.E;2025-12-31;0.79;0.84;-5.95;0;0;0;0;0;0;0;0;0;0;0;;;;;
2025-10-08;O_PETKME1225C24.00;PETKM_12/2025_AVRUPA_OPSIYON;D_EQ;SSO;D_EQ_ECP;DE_PETKM_ECP;PETKM.E;2025-12-31;0.73;;0;0;0;0;0;0;0;0;0;0;0;0;;;;;
2025-10-08;O_PETKME1225P16.50;PETKM_12/2025_AVRUPA_OPSIYON;D_EQ;SSO;D_EQ_EPP;DE_PETKM_EPP;PETKM.E;2025-12-31;0.25;0.25;0;0;0;0;0;0;0;0;0;0;0;0;;;;;
2025-10-08;O_PETKME1225P17.00;PETKM_12/2025_AVRUPA_OPSIYON;D_EQ;SSO;D_EQ_EPP;DE_PETKM_EPP;PETKM.E;2025-12-31;0.29;0.29;0;0;0;0;0;0;0;0;0;0;0;0;;;;;
2025-10-08;O_PETKME1225P17.50;PETKM_12/2025_AVRUPA_OPSIYON;D_EQ;SSO;D_EQ_EPP;DE_PETKM_EPP;PETKM.E;2025-12-31;0.35;0.34;2.94;0;0;0;0;0;0;0;0;0;0;0;;;;;
2025-10-08;O_PETKME1225P18.00;PETKM_12/2025_AVRUPA_OPSIYON;D_EQ;SSO;D_EQ_EPP;DE_PETKM_EPP;PETKM.E;2025-12-31;0.41;0.4;2.5;0;0;0;0;0;0;0;0;0;0;0;;;;;
2025-10-08;O_PETKME1225P18.50;PETKM_12/2025_AVRUPA_OPSIYON;D_EQ;SSO;D_EQ_EPP;DE_PETKM_EPP;PETKM.E;2025-12-31;0.48;0.47;2.13;0;0;0;0;0;0;0;0;0;0;0;;;;;
2025-10-08;O_PETKME1225P19.00;PETKM_12/2025_AVRUPA_OPSIYON;D_EQ;SSO;D_EQ_EPP;DE_PETKM_EPP;PETKM.E;2025-12-31;0.56;0.55;1.82;0;0;0;0;0;0;0;0;0;0;0;;;;;
2025-10-08;O_PETKME1225P19.50;PETKM_12/2025_AVRUPA_OPSIYON;D_EQ;SSO;D_EQ_EPP;DE_PETKM_EPP;PETKM.E;2025-12-31;0.66;0.64;3.13;0;0;0;0;0;0;0;0;0;0;0;;;;;
2025-10-08;O_PETKME1225P20.00;PETKM_12/2025_AVRUPA_OPSIYON;D_EQ;SSO;D_EQ_EPP;DE_PETKM_EPP;PETKM.E;2025-12-31;0.79;0.74;6.76;0;0;0;0;0;0;0;0;0;0;0;;;;;
2025-10-08;O_PETKME1225P20.50;PETKM_12/2025_AVRUPA_OPSIYON;D_EQ;SSO;D_EQ_EPP;DE_PETKM_EPP;PETKM.E;2025-12-31;0.96;0.91;5.49;0;0;0;0;0;0;0;0;0;0;0;;;;;
2025-10-08;O_PETKME1225P21.00;PETKM_12/2025_AVRUPA_OPSIYON;D_EQ;SSO;D_EQ_EPP;DE_PETKM_EPP;PETKM.E;2025-12-31;1.17;1.1;6.36;0;0;0;0;0;0;0;0;0;0;0;;;;;
2025-10-08;O_PETKME1225P21.50;PETKM_12/2025_AVRUPA_OPSIYON;D_EQ;SSO;D_EQ_EPP;DE_PETKM_EPP;PETKM.E;2025-12-31;1.42;;0;0;0;0;0;0;0;0;0;0;0;0;;;;;
2025-10-08;O_PGSUSE1025C215.00;PGSUS_10/2025_AVRUPA_OPSIYON;D_EQ;SSO;D_EQ_ECP;DE_PGSUS_ECP;PGSUS.E;2025-10-31;12.01;17.83;-32.64;0;0;0;0;0;0;0;0;0;78;0;;;;;
2025-10-08;O_PGSUSE1025C220.00;PGSUS_10/2025_AVRUPA_OPSIYON;D_EQ;SSO;D_EQ_ECP;DE_PGSUS_ECP;PGSUS.E;2025-10-31;9.23;14.32;-35.54;10.94;10;10.94;10;10.47;44000;2094;2;2;22;1;;;;;
2025-10-08;O_PGSUSE1025C225.00;PGSUS_10/2025_AVRUPA_OPSIYON;D_EQ;SSO;D_EQ_ECP;DE_PGSUS_ECP;PGSUS.E;2025-10-31;6.97;11.31;-38.37;7.17;7.17;7.17;7.17;7.17;45000;1434;2;1;20;-2;;;;;
2025-10-08;O_PGSUSE1025C230.00;PGSUS_10/2025_AVRUPA_OPSIYON;D_EQ;SSO;D_EQ_ECP;DE_PGSUS_ECP;PGSUS.E;2025-10-31;5.16;8.73;-40.89;6.17;5.03;6.55;5.05;6.31;10281000;282151;447;26;1653;447;;;;;
2025-10-08;O_PGSUSE1025C235.00;PGSUS_10/2025_AVRUPA_OPSIYON;D_EQ;SSO;D_EQ_ECP;DE_PGSUS_ECP;PGSUS.E;2025-10-31;3.81;6.67;-42.88;4.3;4.2;4.3;4.2;4.24;211500;3820;9;2;130;9;;;;;
2025-10-08;O_PGSUSE1025C240.00;PGSUS_10/2025_AVRUPA_OPSIYON;D_EQ;SSO;D_EQ_ECP;DE_PGSUS_ECP;PGSUS.E;2025-10-31;2.86;5;-42.8;2.96;2.96;2.96;2.96;2.96;24000;296;1;1;155;-1;;;;;
2025-10-08;O_PGSUSE1025C245.00;PGSUS_10/2025_AVRUPA_OPSIYON;D_EQ;SSO;D_EQ_ECP;DE_PGSUS_ECP;PGSUS.E;2025-10-31;2.14;3.81;-43.83;0;0;0;0;0;0;0;0;0;23;0;;;;;
2025-10-08;O_PGSUSE1025C250.00;PGSUS_10/2025_AVRUPA_OPSIYON;D_EQ;SSO;D_EQ_ECP;DE_PGSUS_ECP;PGSUS.E;2025-10-31;1.6;2.92;-45.21;1.1;1.1;1.1;1.1;1.1;500000;2200;20;1;62;0;;;;;
2025-10-08;O_PGSUSE1025C260.00;PGSUS_10/2025_AVRUPA_OPSIYON;D_EQ;SSO;D_EQ_ECP;DE_PGSUS_ECP;PGSUS.E;2025-10-31;0.91;1.73;-47.4;0.85;0.85;0.85;0.85;0.85;2080000;6800;80;3;593;80;;;;;
2025-10-08;O_PGSUSE1025C270.00;PGSUS_10/2025_AVRUPA_OPSIYON;D_EQ;SSO;D_EQ_ECP;DE_PGSUS_ECP;PGSUS.E;2025-10-31;0.53;1.04;-49.04;0;0;0;0;0;0;0;0;0;115;0;;;;;
2025-10-08;O_PGSUSE1025C280.00;PGSUS_10/2025_AVRUPA_OPSIYON;D_EQ;SSO;D_EQ_ECP;DE_PGSUS_ECP;PGSUS.E;2025-10-31;0.31;0.64;-51.56;0;0;0;0;0;0;0;0;0;0;0;;;;;
2025-10-08;O_PGSUSE1025C290.00;PGSUS_10/2025_AVRUPA_OPSIYON;D_EQ;SSO;D_EQ_ECP;DE_PGSUS_ECP;PGSUS.E;2025-10-31;0.19;0.41;-53.66;0;0;0;0;0;0;0;0;0;1;0;;;;;
2025-10-08;O_PGSUSE1025C300.00;PGSUS_10/2025_AVRUPA_OPSIYON;D_EQ;SSO;D_EQ_ECP;DE_PGSUS_ECP;PGSUS.E;2025-10-31;0.12;0.27;-55.56;0;0;0;0;0;0;0;0;0;0;0;;;;;
2025-10-08;O_PGSUSE1025C310.00;PGSUS_10/2025_AVRUPA_OPSIYON;D_EQ;SSO;D_EQ_ECP;DE_PGSUS_ECP;PGSUS.E;2025-10-31;0.08;0.18;-55.56;0;0;0;0;0;0;0;0;0;20;0;;;;;
2025-10-08;O_PGSUSE1025C320.00;PGSUS_10/2025_AVRUPA_OPSIYON;D_EQ;SSO;D_EQ_ECP;DE_PGSUS_ECP;PGSUS.E;2025-10-31;0.06;0.13;-53.85;0;0;0;0;0;0;0;0;0;0;0;;;;;
2025-10-08;O_PGSUSE1025C330.00;PGSUS_10/2025_AVRUPA_OPSIYON;D_EQ;SSO;D_EQ_ECP;DE_PGSUS_ECP;PGSUS.E;2025-10-31;0.04;0.09;-55.56;0;0;0;0;0;0;0;0;0;0;0;;;;;
2025-10-08;O_PGSUSE1025C340.00;PGSUS_10/2025_AVRUPA_OPSIYON;D_EQ;SSO;D_EQ_ECP;DE_PGSUS_ECP;PGSUS.E;2025-10-31;0.03;0.07;-57.14;0;0;0;0;0;0;0;0;0;0;0;;;;;
2025-10-08;O_PGSUSE1025C350.00;PGSUS_10/2025_AVRUPA_OPSIYON;D_EQ;SSO;D_EQ_ECP;DE_PGSUS_ECP;PGSUS.E;2025-10-31;0.02;0.05;-60;0;0;0;0;0;0;0;0;0;0;0;;;;;
2025-10-08;O_PGSUSE1025C360.00;PGSUS_10/2025_AVRUPA_OPSIYON;D_EQ;SSO;D_EQ_ECP;DE_PGSUS_ECP;PGSUS.E;2025-10-31;0.02;0.04;-50;0;0;0;0;0;0;0;0;0;0;0;;;;;
2025-10-08;O_PGSUSE1025P190.00;PGSUS_10/2025_AVRUPA_OPSIYON;D_EQ;SSO;D_EQ_EPP;DE_PGSUS_EPP;PGSUS.E;2025-10-31;0.75;0.49;53.06;0;0;0;0;0;0;0;0;0;0;0;;;;;
2025-10-08;O_PGSUSE1025P195.00;PGSUS_10/2025_AVRUPA_OPSIYON;D_EQ;SSO;D_EQ_EPP;DE_PGSUS_EPP;PGSUS.E;2025-10-31;1.17;0.75;56;0;0;0;0;0;0;0;0;0;0;0;;;;;
2025-10-08;O_PGSUSE1025P200.00;PGSUS_10/2025_AVRUPA_OPSIYON;D_EQ;SSO;D_EQ_EPP;DE_PGSUS_EPP;PGSUS.E;2025-10-31;1.78;1.14;56.14;0;0;0;0;0;0;0;0;0;250;0;;;;;
2025-10-08;O_PGSUSE1025P205.00;PGSUS_10/2025_AVRUPA_OPSIYON;D_EQ;SSO;D_EQ_EPP;DE_PGSUS_EPP;PGSUS.E;2025-10-31;2.62;1.68;55.95;0;0;0;0;0;0;0;0;0;92;0;;;;;
2025-10-08;O_PGSUSE1025P210.00;PGSUS_10/2025_AVRUPA_OPSIYON;D_EQ;SSO;D_EQ_EPP;DE_PGSUS_EPP;PGSUS.E;2025-10-31;3.77;2.42;55.79;0;0;0;0;0;0;0;0;0;341;0;;;;;
2025-10-08;O_PGSUSE1025P215.00;PGSUS_10/2025_AVRUPA_OPSIYON;D_EQ;SSO;D_EQ_EPP;DE_PGSUS_EPP;PGSUS.E;2025-10-31;5.42;3.42;58.48;0;0;0;0;0;0;0;0;0;374;0;;;;;
2025-10-08;O_PGSUSE1025P220.00;PGSUS_10/2025_AVRUPA_OPSIYON;D_EQ;SSO;D_EQ_EPP;DE_PGSUS_EPP;PGSUS.E;2025-10-31;7.53;4.79;57.2;0;0;0;0;0;0;0;0;0;791;0;;;;;
2025-10-08;O_PGSUSE1025P225.00;PGSUS_10/2025_AVRUPA_OPSIYON;D_EQ;SSO;D_EQ_EPP;DE_PGSUS_EPP;PGSUS.E;2025-10-31;10.14;6.66;52.25;0;0;0;0;0;0;0;0;0;904;0;;;;;
2025-10-08;O_PGSUSE1025P230.00;PGSUS_10/2025_AVRUPA_OPSIYON;D_EQ;SSO;D_EQ_EPP;DE_PGSUS_EPP;PGSUS.E;2025-10-31;13.22;8.96;47.54;10.99;10.99;11;11;10.99;69000;3298;3;3;223;0;;;;;
2025-10-08;O_PGSUSE1025P235.00;PGSUS_10/2025_AVRUPA_OPSIYON;D_EQ;SSO;D_EQ_EPP;DE_PGSUS_EPP;PGSUS.E;2025-10-31;16.75;11.77;42.31;0;0;0;0;0;0;0;0;0;46;0;;;;;
2025-10-08;O_PGSUSE1025P240.00;PGSUS_10/2025_AVRUPA_OPSIYON;D_EQ;SSO;D_EQ_EPP;DE_PGSUS_EPP;PGSUS.E;2025-10-31;20.68;14.98;38.05;17.25;17.25;17.25;17.25;17.25;24000;1725;1;1;34;1;;;;;
2025-10-08;O_PGSUSE1025P245.00;PGSUS_10/2025_AVRUPA_OPSIYON;D_EQ;SSO;D_EQ_EPP;DE_PGSUS_EPP;PGSUS.E;2025-10-31;24.84;18.66;33.12;0;0;0;0;0;0;0;0;0;30;0;;;;;
2025-10-08;O_PGSUSE1025P250.00;PGSUS_10/2025_AVRUPA_OPSIYON;D_EQ;SSO;D_EQ_EPP;DE_PGSUS_EPP;PGSUS.E;2025-10-31;29.19;22.65;28.87;0;0;0;0;0;0;0;0;0;39;0;;;;;
2025-10-08;O_PGSUSE1025P260.00;PGSUS_10/2025_AVRUPA_OPSIYON;D_EQ;SSO;D_EQ_EPP;DE_PGSUS_EPP;PGSUS.E;2025-10-31;38.26;31.21;22.59;0;0;0;0;0;0;0;0;0;0;0;;;;;
2025-10-08;O_PGSUSE1025P270.00;PGSUS_10/2025_AVRUPA_OPSIYON;D_EQ;SSO;D_EQ_EPP;DE_PGSUS_EPP;PGSUS.E;2025-10-31;47.64;40.28;18.27;0;0;0;0;0;0;0;0;0;80;0;;;;;
2025-10-08;O_PGSUSE1025P280.00;PGSUS_10/2025_AVRUPA_OPSIYON;D_EQ;SSO;D_EQ_EPP;DE_PGSUS_EPP;PGSUS.E;2025-10-31;57.19;49.63;15.23;0;0;0;0;0;0;0;0;0;0;0;;;;;
2025-10-08;O_PGSUSE1025P290.00;PGSUS_10/2025_AVRUPA_OPSIYON;D_EQ;SSO;D_EQ_EPP;DE_PGSUS_EPP;PGSUS.E;2025-10-31;66.83;59.15;12.98;0;0;0;0;0;0;0;0;0;0;0;;;;;
2025-10-08;O_PGSUSE1025P300.00;PGSUS_10/2025_AVRUPA_OPSIYON;D_EQ;SSO;D_EQ_EPP;DE_PGSUS_EPP;PGSUS.E;2025-10-31;76.53;68.77;11.28;0;0;0;0;0;0;0;0;0;0;0;;;;;
2025-10-08;O_PGSUSE1025P310.00;PGSUS_10/2025_AVRUPA_OPSIYON;D_EQ;SSO;D_EQ_EPP;DE_PGSUS_EPP;PGSUS.E;2025-10-31;86.25;78.43;9.97;0;0;0;0;0;0;0;0;0;30;0;;;;;
2025-10-08;O_PGSUSE1125C225.00;PGSUS_11/2025_AVRUPA_OPSIYON;D_EQ;SSO;D_EQ_ECP;DE_PGSUS_ECP;PGSUS.E;2025-11-28;14.04;19.06;-26.34;0;0;0;0;0;0;0;0;0;0;0;;;;;
2025-10-08;O_PGSUSE1125C230.00;PGSUS_11/2025_AVRUPA_OPSIYON;D_EQ;SSO;D_EQ_ECP;DE_PGSUS_ECP;PGSUS.E;2025-11-28;11.74;16.26;-27.8;0;0;0;0;0;0;0;0;0;0;0;;;;;
2025-10-08;O_PGSUSE1125C235.00;PGSUS_11/2025_AVRUPA_OPSIYON;D_EQ;SSO;D_EQ_ECP;DE_PGSUS_ECP;PGSUS.E;2025-11-28;9.8;13.74;-28.68;0;0;0;0;0;0;0;0;0;0;0;;;;;
2025-10-08;O_PGSUSE1125C240.00;PGSUS_11/2025_AVRUPA_OPSIYON;D_EQ;SSO;D_EQ_ECP;DE_PGSUS_ECP;PGSUS.E;2025-11-28;8.14;11.58;-29.71;0;0;0;0;0;0;0;0;0;0;0;;;;;
2025-10-08;O_PGSUSE1125C245.00;PGSUS_11/2025_AVRUPA_OPSIYON;D_EQ;SSO;D_EQ_ECP;DE_PGSUS_ECP;PGSUS.E;2025-11-28;6.95;9.74;-28.64;0;0;0;0;0;0;0;0;0;1;0;;;;;
2025-10-08;O_PGSUSE1125C250.00;PGSUS_11/2025_AVRUPA_OPSIYON;D_EQ;SSO;D_EQ_ECP;DE_PGSUS_ECP;PGSUS.E;2025-11-28;5.94;8.22;-27.74;0;0;0;0;0;0;0;0;0;0;0;;;;;
2025-10-08;O_PGSUSE1125C260.00;PGSUS_11/2025_AVRUPA_OPSIYON;D_EQ;SSO;D_EQ_ECP;DE_PGSUS_ECP;PGSUS.E;2025-11-28;4.39;6.15;-28.62;0;0;0;0;0;0;0;0;0;0;0;;;;;
2025-10-08;O_PGSUSE1125C270.00;PGSUS_11/2025_AVRUPA_OPSIYON;D_EQ;SSO;D_EQ_ECP;DE_PGSUS_ECP;PGSUS.E;2025-11-28;3.3;4.67;-29.34;0;0;0;0;0;0;0;0;0;0;0;;;;;
2025-10-08;O_PGSUSE1125C280.00;PGSUS_11/2025_AVRUPA_OPSIYON;D_EQ;SSO;D_EQ_ECP;DE_PGSUS_ECP;PGSUS.E;2025-11-28;2.53;3.61;-29.92;1.05;1.05;1.05;1.05;1.05;840000;3150;30;2;30;30;;;;;
2025-10-08;O_PGSUSE1125C290.00;PGSUS_11/2025_AVRUPA_OPSIYON;D_EQ;SSO;D_EQ_ECP;DE_PGSUS_ECP;PGSUS.E;2025-11-28;1.98;2.85;-30.53;0;0;0;0;0;0;0;0;0;0;0;;;;;
2025-10-08;O_PGSUSE1125C300.00;PGSUS_11/2025_AVRUPA_OPSIYON;D_EQ;SSO;D_EQ_ECP;DE_PGSUS_ECP;PGSUS.E;2025-11-28;1.58;2.29;-31;0;0;0;0;0;0;0;0;0;0;0;;;;;
2025-10-08;O_PGSUSE1125C310.00;PGSUS_11/2025_AVRUPA_OPSIYON;D_EQ;SSO;D_EQ_ECP;DE_PGSUS_ECP;PGSUS.E;2025-11-28;1.28;1.88;-31.91;0;0;0;0;0;0;0;0;0;0;0;;;;;
2025-10-08;O_PGSUSE1125C320.00;PGSUS_11/2025_AVRUPA_OPSIYON;D_EQ;SSO;D_EQ_ECP;DE_PGSUS_ECP;PGSUS.E;2025-11-28;1.07;1.58;-32.28;0;0;0;0;0;0;0;0;0;0;0;;;;;
2025-10-08;O_PGSUSE1125C330.00;PGSUS_11/2025_AVRUPA_OPSIYON;D_EQ;SSO;D_EQ_ECP;DE_PGSUS_ECP;PGSUS.E;2025-11-28;0.9;1.34;-32.84;0;0;0;0;0;0;0;0;0;0;0;;;;;
2025-10-08;O_PGSUSE1125P200.00;PGSUS_11/2025_AVRUPA_OPSIYON;D_EQ;SSO;D_EQ_EPP;DE_PGSUS_EPP;PGSUS.E;2025-11-28;3.61;2.81;28.47;2.8;2.8;3.5;3.5;2.98;660000;9850;33;4;33;33;;;;;
2025-10-08;O_PGSUSE1125P205.00;PGSUS_11/2025_AVRUPA_OPSIYON;D_EQ;SSO;D_EQ_EPP;DE_PGSUS_EPP;PGSUS.E;2025-11-28;4.55;3.52;29.26;4;4;4;4;4;20500;400;1;1;1;1;;;;;
2025-10-08;O_PGSUSE1125P210.00;PGSUS_11/2025_AVRUPA_OPSIYON;D_EQ;SSO;D_EQ_EPP;DE_PGSUS_EPP;PGSUS.E;2025-11-28;5.69;4.39;29.61;5;5;5;5;5;21000;500;1;1;1;1;;;;;
2025-10-08;O_PGSUSE1125P215.00;PGSUS_11/2025_AVRUPA_OPSIYON;D_EQ;SSO;D_EQ_EPP;DE_PGSUS_EPP;PGSUS.E;2025-11-28;7.05;5.42;30.07;0;0;0;0;0;0;0;0;0;0;0;;;;;
2025-10-08;O_PGSUSE1125P220.00;PGSUS_11/2025_AVRUPA_OPSIYON;D_EQ;SSO;D_EQ_EPP;DE_PGSUS_EPP;PGSUS.E;2025-11-28;8.79;6.65;32.18;0;0;0;0;0;0;0;0;0;10;0;;;;;
2025-10-08;O_PGSUSE1125P225.00;PGSUS_11/2025_AVRUPA_OPSIYON;D_EQ;SSO;D_EQ_EPP;DE_PGSUS_EPP;PGSUS.E;2025-11-28;10.9;8.1;34.57;0;0;0;0;0;0;0;0;0;0;0;;;;;
2025-10-08;O_PGSUSE1125P230.00;PGSUS_11/2025_AVRUPA_OPSIYON;D_EQ;SSO;D_EQ_EPP;DE_PGSUS_EPP;PGSUS.E;2025-11-28;13.35;10.04;32.97;0;0;0;0;0;0;0;0;0;700;0;;;;;
2025-10-08;O_PGSUSE1125P235.00;PGSUS_11/2025_AVRUPA_OPSIYON;D_EQ;SSO;D_EQ_EPP;DE_PGSUS_EPP;PGSUS.E;2025-11-28;16.15;12.25;31.84;0;0;0;0;0;0;0;0;0;30;0;;;;;
2025-10-08;O_PGSUSE1125P240.00;PGSUS_11/2025_AVRUPA_OPSIYON;D_EQ;SSO;D_EQ_EPP;DE_PGSUS_EPP;PGSUS.E;2025-11-28;19.23;14.84;29.58;0;0;0;0;0;0;0;0;0;50;0;;;;;
2025-10-08;O_PGSUSE1125P245.00;PGSUS_11/2025_AVRUPA_OPSIYON;D_EQ;SSO;D_EQ_EPP;DE_PGSUS_EPP;PGSUS.E;2025-11-28;22.78;17.73;28.48;0;0;0;0;0;0;0;0;0;50;0;;;;;
2025-10-08;O_PGSUSE1125P250.00;PGSUS_11/2025_AVRUPA_OPSIYON;D_EQ;SSO;D_EQ_EPP;DE_PGSUS_EPP;PGSUS.E;2025-11-28;26.51;20.95;26.54;0;0;0;0;0;0;0;0;0;110;0;;;;;
2025-10-08;O_PGSUSE1125P260.00;PGSUS_11/2025_AVRUPA_OPSIYON;D_EQ;SSO;D_EQ_EPP;DE_PGSUS_EPP;PGSUS.E;2025-11-28;34.44;28.35;21.48;0;0;0;0;0;0;0;0;0;0;0;;;;;
2025-10-08;O_PGSUSE1125P270.00;PGSUS_11/2025_AVRUPA_OPSIYON;D_EQ;SSO;D_EQ_EPP;DE_PGSUS_EPP;PGSUS.E;2025-11-28;42.84;36.34;17.89;0;0;0;0;0;0;0;0;0;0;0;;;;;
2025-10-08;O_PGSUSE1125P280.00;PGSUS_11/2025_AVRUPA_OPSIYON;D_EQ;SSO;D_EQ_EPP;DE_PGSUS_EPP;PGSUS.E;2025-11-28;51.55;44.75;15.2;0;0;0;0;0;0;0;0;0;0;0;;;;;
2025-10-08;O_PGSUSE1225C230.00;PGSUS_12/2025_AVRUPA_OPSIYON;D_EQ;SSO;D_EQ_ECP;DE_PGSUS_ECP;PGSUS.E;2025-12-31;20.99;26.57;-21;0;0;0;0;0;0;0;0;0;0;0;;;;;
2025-10-08;O_PGSUSE1225C235.00;PGSUS_12/2025_AVRUPA_OPSIYON;D_EQ;SSO;D_EQ_ECP;DE_PGSUS_ECP;PGSUS.E;2025-12-31;18.49;23.6;-21.65;0;0;0;0;0;0;0;0;0;0;0;;;;;
2025-10-08;O_PGSUSE1225C240.00;PGSUS_12/2025_AVRUPA_OPSIYON;D_EQ;SSO;D_EQ_ECP;DE_PGSUS_ECP;PGSUS.E;2025-12-31;16.32;20.97;-22.17;0;0;0;0;0;0;0;0;0;0;0;;;;;
2025-10-08;O_PGSUSE1225C245.00;PGSUS_12/2025_AVRUPA_OPSIYON;D_EQ;SSO;D_EQ_ECP;DE_PGSUS_ECP;PGSUS.E;2025-12-31;14.39;18.54;-22.38;0;0;0;0;0;0;0;0;0;0;0;;;;;
2025-10-08;O_PGSUSE1225C250.00;PGSUS_12/2025_AVRUPA_OPSIYON;D_EQ;SSO;D_EQ_ECP;DE_PGSUS_ECP;PGSUS.E;2025-12-31;12.77;16.47;-22.47;0;0;0;0;0;0;0;0;0;0;0;;;;;
2025-10-08;O_PGSUSE1225C260.00;PGSUS_12/2025_AVRUPA_OPSIYON;D_EQ;SSO;D_EQ_ECP;DE_PGSUS_ECP;PGSUS.E;2025-12-31;10.41;13.1;-20.53;0;0;0;0;0;0;0;0;0;0;0;;;;;
2025-10-08;O_PGSUSE1225C270.00;PGSUS_12/2025_AVRUPA_OPSIYON;D_EQ;SSO;D_EQ_ECP;DE_PGSUS_ECP;PGSUS.E;2025-12-31;8.59;10.85;-20.83;0;0;0;0;0;0;0;0;0;0;0;;;;;
2025-10-08;O_PGSUSE1225C280.00;PGSUS_12/2025_AVRUPA_OPSIYON;D_EQ;SSO;D_EQ_ECP;DE_PGSUS_ECP;PGSUS.E;2025-12-31;7.18;9.11;-21.19;0;0;0;0;0;0;0;0;0;0;0;;;;;
2025-10-08;O_PGSUSE1225C290.00;PGSUS_12/2025_AVRUPA_OPSIYON;D_EQ;SSO;D_EQ_ECP;DE_PGSUS_ECP;PGSUS.E;2025-12-31;6.09;7.76;-21.52;0;0;0;0;0;0;0;0;0;0;0;;;;;
2025-10-08;O_PGSUSE1225C300.00;PGSUS_12/2025_AVRUPA_OPSIYON;D_EQ;SSO;D_EQ_ECP;DE_PGSUS_ECP;PGSUS.E;2025-12-31;5.24;6.7;-21.79;0;0;0;0;0;0;0;0;0;0;0;;;;;
2025-10-08;O_PGSUSE1225P205.00;PGSUS_12/2025_AVRUPA_OPSIYON;D_EQ;SSO;D_EQ_EPP;DE_PGSUS_EPP;PGSUS.E;2025-12-31;5.06;4.26;18.78;0;0;0;0;0;0;0;0;0;0;0;;;;;
2025-10-08;O_PGSUSE1225P210.00;PGSUS_12/2025_AVRUPA_OPSIYON;D_EQ;SSO;D_EQ_EPP;DE_PGSUS_EPP;PGSUS.E;2025-12-31;5.97;5;19.4;0;0;0;0;0;0;0;0;0;0;0;;;;;
2025-10-08;O_PGSUSE1225P215.00;PGSUS_12/2025_AVRUPA_OPSIYON;D_EQ;SSO;D_EQ_EPP;DE_PGSUS_EPP;PGSUS.E;2025-12-31;7.02;5.84;20.21;0;0;0;0;0;0;0;0;0;0;0;;;;;
2025-10-08;O_PGSUSE1225P220.00;PGSUS_12/2025_AVRUPA_OPSIYON;D_EQ;SSO;D_EQ_EPP;DE_PGSUS_EPP;PGSUS.E;2025-12-31;8.2;6.8;20.59;0;0;0;0;0;0;0;0;0;0;0;;;;;
2025-10-08;O_PGSUSE1225P225.00;PGSUS_12/2025_AVRUPA_OPSIYON;D_EQ;SSO;D_EQ_EPP;DE_PGSUS_EPP;PGSUS.E;2025-12-31;9.58;7.88;21.57;0;0;0;0;0;0;0;0;0;0;0;;;;;
2025-10-08;O_PGSUSE1225P230.00;PGSUS_12/2025_AVRUPA_OPSIYON;D_EQ;SSO;D_EQ_EPP;DE_PGSUS_EPP;PGSUS.E;2025-12-31;11.38;9.1;25.05;0;0;0;0;0;0;0;0;0;0;0;;;;;
2025-10-08;O_PGSUSE1225P235.00;PGSUS_12/2025_AVRUPA_OPSIYON;D_EQ;SSO;D_EQ_EPP;DE_PGSUS_EPP;PGSUS.E;2025-12-31;13.39;10.62;26.08;0;0;0;0;0;0;0;0;0;0;0;;;;;
2025-10-08;O_PGSUSE1225P240.00;PGSUS_12/2025_AVRUPA_OPSIYON;D_EQ;SSO;D_EQ_EPP;DE_PGSUS_EPP;PGSUS.E;2025-12-31;15.71;12.49;25.78;0;0;0;0;0;0;0;0;0;0;0;;;;;
2025-10-08;O_PGSUSE1225P245.00;PGSUS_12/2025_AVRUPA_OPSIYON;D_EQ;SSO;D_EQ_EPP;DE_PGSUS_EPP;PGSUS.E;2025-12-31;18.28;14.55;25.64;0;0;0;0;0;0;0;0;0;0;0;;;;;
2025-10-08;O_PGSUSE1225P250.00;PGSUS_12/2025_AVRUPA_OPSIYON;D_EQ;SSO;D_EQ_EPP;DE_PGSUS_EPP;PGSUS.E;2025-12-31;21.15;16.98;24.56;0;0;0;0;0;0;0;0;0;0;0;;;;;
2025-10-08;O_P_USDTRYKE1025C42500;FIZ. USDTRY_10/2025_AVRUPA_OPSIYON;D_CR;PCO;D_CR_ECP;DE_USDTRYKP_ECP;USDTRYKP.CX;2025-10-31;371.2;403.1;-7.91;0;0;0;0;0;0;0;0;0;0;0;;;;;
2025-10-08;O_P_USDTRYKE1025C43000;FIZ. USDTRY_10/2025_AVRUPA_OPSIYON;D_CR;PCO;D_CR_ECP;DE_USDTRYKP_ECP;USDTRYKP.CX;2025-10-31;234.4;258.3;-9.25;0;0;0;0;0;0;0;0;0;0;0;;;;;
2025-10-08;O_P_USDTRYKE1025C43500;FIZ. USDTRY_10/2025_AVRUPA_OPSIYON;D_CR;PCO;D_CR_ECP;DE_USDTRYKP_ECP;USDTRYKP.CX;2025-10-31;182.2;202.7;-10.11;0;0;0;0;0;0;0;0;0;0;0;;;;;
2025-10-08;O_P_USDTRYKE1025P42500;FIZ. USDTRY_10/2025_AVRUPA_OPSIYON;D_CR;PCO;D_CR_EPP;DE_USDTRYKP_EPP;USDTRYKP.CX;2025-10-31;325.6;331.9;-1.9;0;0;0;0;0;0;0;0;0;0;0;;;;;
2025-10-08;O_P_USDTRYKE1025P43000;FIZ. USDTRY_10/2025_AVRUPA_OPSIYON;D_CR;PCO;D_CR_EPP;DE_USDTRYKP_EPP;USDTRYKP.CX;2025-10-31;678.4;676.3;0.31;0;0;0;0;0;0;0;0;0;0;0;;;;;
2025-10-08;O_P_USDTRYKE1025P43500;FIZ. USDTRY_10/2025_AVRUPA_OPSIYON;D_CR;PCO;D_CR_EPP;DE_USDTRYKP_EPP;USDTRYKP.CX;2025-10-31;1116;1110;0.54;0;0;0;0;0;0;0;0;0;0;0;;;;;
2025-10-08;O_P_USDTRYKE1125C43500;FIZ. USDTRY_11/2025_AVRUPA_OPSIYON;D_CR;PCO;D_CR_ECP;DE_USDTRYKP_ECP;USDTRYKP.CX;2025-11-28;735.6;768.8;-4.32;0;0;0;0;0;0;0;0;0;0;0;;;;;
2025-10-08;O_P_USDTRYKE1125P43500;FIZ. USDTRY_11/2025_AVRUPA_OPSIYON;D_CR;PCO;D_CR_EPP;DE_USDTRYKP_EPP;USDTRYKP.CX;2025-11-28;604.4;612;-1.24;0;0;0;0;0;0;0;0;0;0;0;;;;;
2025-10-08;O_SAHOLE1025C100.00;SAHOL_10/2025_AVRUPA_OPSIYON;D_EQ;SSO;D_EQ_ECP;DE_SAHOL_ECP;SAHOL.E;2025-10-31;0.31;0.53;-41.51;0;0;0;0;0;0;0;0;0;900;0;;;;;
2025-10-08;O_SAHOLE1025C105.00;SAHOL_10/2025_AVRUPA_OPSIYON;D_EQ;SSO;D_EQ_ECP;DE_SAHOL_ECP;SAHOL.E;2025-10-31;0.11;0.21;-47.62;0;0;0;0;0;0;0;0;0;1118;0;;;;;
2025-10-08;O_SAHOLE1025C110.00;SAHOL_10/2025_AVRUPA_OPSIYON;D_EQ;SSO;D_EQ_ECP;DE_SAHOL_ECP;SAHOL.E;2025-10-31;0.04;0.08;-50;0;0;0;0;0;0;0;0;0;100;0;;;;;
2025-10-08;O_SAHOLE1025C115.00;SAHOL_10/2025_AVRUPA_OPSIYON;D_EQ;SSO;D_EQ_ECP;DE_SAHOL_ECP;SAHOL.E;2025-10-31;0.01;0.03;-66.67;0;0;0;0;0;0;0;0;0;1630;0;;;;;
2025-10-08;O_SAHOLE1025C120.00;SAHOL_10/2025_AVRUPA_OPSIYON;D_EQ;SSO;D_EQ_ECP;DE_SAHOL_ECP;SAHOL.E;2025-10-31;0.01;0.01;0;0;0;0;0;0;0;0;0;0;130;0;;;;;
2025-10-08;O_SAHOLE1025C125.00;SAHOL_10/2025_AVRUPA_OPSIYON;D_EQ;SSO;D_EQ_ECP;DE_SAHOL_ECP;SAHOL.E;2025-10-31;0.01;0.01;0;0;0;0;0;0;0;0;0;0;0;0;;;;;
2025-10-08;O_SAHOLE1025C130.00;SAHOL_10/2025_AVRUPA_OPSIYON;D_EQ;SSO;D_EQ_ECP;DE_SAHOL_ECP;SAHOL.E;2025-10-31;0.01;0.01;0;0;0;0;0;0;0;0;0;0;0;0;;;;;
2025-10-08;O_SAHOLE1025C135.00;SAHOL_10/2025_AVRUPA_OPSIYON;D_EQ;SSO;D_EQ_ECP;DE_SAHOL_ECP;SAHOL.E;2025-10-31;0.01;0.01;0;0;0;0;0;0;0;0;0;0;0;0;;;;;
2025-10-08;O_SAHOLE1025C82.00;SAHOL_10/2025_AVRUPA_OPSIYON;D_EQ;SSO;D_EQ_ECP;DE_SAHOL_ECP;SAHOL.E;2025-10-31;5.05;6.38;-20.85;5.18;5.18;5.18;5.18;5.18;328000;20720;40;4;40;40;;;;;
2025-10-08;O_SAHOLE1025C84.00;SAHOL_10/2025_AVRUPA_OPSIYON;D_EQ;SSO;D_EQ_ECP;DE_SAHOL_ECP;SAHOL.E;2025-10-31;3.99;5.18;-22.97;0;0;0;0;0;0;0;0;0;1000;0;;;;;
2025-10-08;O_SAHOLE1025C86.00;SAHOL_10/2025_AVRUPA_OPSIYON;D_EQ;SSO;D_EQ_ECP;DE_SAHOL_ECP;SAHOL.E;2025-10-31;3.1;4.13;-24.94;3.19;2.86;3.25;2.86;3.14;1659800;60609;193;10;501;193;;;;;
2025-10-08;O_SAHOLE1025C88.00;SAHOL_10/2025_AVRUPA_OPSIYON;D_EQ;SSO;D_EQ_ECP;DE_SAHOL_ECP;SAHOL.E;2025-10-31;2.36;3.24;-27.16;0;0;0;0;0;0;0;0;0;110;0;;;;;
2025-10-08;O_SAHOLE1025C90.00;SAHOL_10/2025_AVRUPA_OPSIYON;D_EQ;SSO;D_EQ_ECP;DE_SAHOL_ECP;SAHOL.E;2025-10-31;1.76;2.5;-29.6;0;0;0;0;0;0;0;0;0;409;0;;;;;
2025-10-08;O_SAHOLE1025C92.00;SAHOL_10/2025_AVRUPA_OPSIYON;D_EQ;SSO;D_EQ_ECP;DE_SAHOL_ECP;SAHOL.E;2025-10-31;1.29;1.9;-32.11;1.94;1.94;1.94;1.94;1.94;9200;194;1;1;58;0;;;;;
2025-10-08;O_SAHOLE1025C94.00;SAHOL_10/2025_AVRUPA_OPSIYON;D_EQ;SSO;D_EQ_ECP;DE_SAHOL_ECP;SAHOL.E;2025-10-31;0.93;1.41;-34.04;0;0;0;0;0;0;0;0;0;7;0;;;;;
2025-10-08;O_SAHOLE1025C96.00;SAHOL_10/2025_AVRUPA_OPSIYON;D_EQ;SSO;D_EQ_ECP;DE_SAHOL_ECP;SAHOL.E;2025-10-31;0.66;1.04;-36.54;0;0;0;0;0;0;0;0;0;400;0;;;;;
2025-10-08;O_SAHOLE1025C98.00;SAHOL_10/2025_AVRUPA_OPSIYON;D_EQ;SSO;D_EQ_ECP;DE_SAHOL_ECP;SAHOL.E;2025-10-31;0.45;0.75;-40;0;0;0;0;0;0;0;0;0;400;0;;;;;
2025-10-08;O_SAHOLE1025P100.00;SAHOL_10/2025_AVRUPA_OPSIYON;D_EQ;SSO;D_EQ_EPP;DE_SAHOL_EPP;SAHOL.E;2025-10-31;15.39;13.71;12.25;0;0;0;0;0;0;0;0;0;73;0;;;;;
2025-10-08;O_SAHOLE1025P105.00;SAHOL_10/2025_AVRUPA_OPSIYON;D_EQ;SSO;D_EQ_EPP;DE_SAHOL_EPP;SAHOL.E;2025-10-31;20.08;18.27;9.91;0;0;0;0;0;0;0;0;0;63;0;;;;;
2025-10-08;O_SAHOLE1025P110.00;SAHOL_10/2025_AVRUPA_OPSIYON;D_EQ;SSO;D_EQ_EPP;DE_SAHOL_EPP;SAHOL.E;2025-10-31;24.88;23.01;8.13;0;0;0;0;0;0;0;0;0;63;0;;;;;
2025-10-08;O_SAHOLE1025P72.00;SAHOL_10/2025_AVRUPA_OPSIYON;D_EQ;SSO;D_EQ_EPP;DE_SAHOL_EPP;SAHOL.E;2025-10-31;0.3;0.22;36.36;0;0;0;0;0;0;0;0;0;0;0;;;;;
2025-10-08;O_SAHOLE1025P74.00;SAHOL_10/2025_AVRUPA_OPSIYON;D_EQ;SSO;D_EQ_EPP;DE_SAHOL_EPP;SAHOL.E;2025-10-31;0.51;0.38;34.21;0;0;0;0;0;0;0;0;0;0;0;;;;;
2025-10-08;O_SAHOLE1025P76.00;SAHOL_10/2025_AVRUPA_OPSIYON;D_EQ;SSO;D_EQ_EPP;DE_SAHOL_EPP;SAHOL.E;2025-10-31;0.82;0.61;34.43;0;0;0;0;0;0;0;0;0;358;0;;;;;
2025-10-08;O_SAHOLE1025P78.00;SAHOL_10/2025_AVRUPA_OPSIYON;D_EQ;SSO;D_EQ_EPP;DE_SAHOL_EPP;SAHOL.E;2025-10-31;1.26;0.95;32.63;0;0;0;0;0;0;0;0;0;1214;0;;;;;
2025-10-08;O_SAHOLE1025P80.00;SAHOL_10/2025_AVRUPA_OPSIYON;D_EQ;SSO;D_EQ_EPP;DE_SAHOL_EPP;SAHOL.E;2025-10-31;1.83;1.41;29.79;0;0;0;0;0;0;0;0;0;4140;0;;;;;
2025-10-08;O_SAHOLE1025P82.00;SAHOL_10/2025_AVRUPA_OPSIYON;D_EQ;SSO;D_EQ_EPP;DE_SAHOL_EPP;SAHOL.E;2025-10-31;2.56;2.01;27.36;0;0;0;0;0;0;0;0;0;2848;0;;;;;
2025-10-08;O_SAHOLE1025P84.00;SAHOL_10/2025_AVRUPA_OPSIYON;D_EQ;SSO;D_EQ_EPP;DE_SAHOL_EPP;SAHOL.E;2025-10-31;3.45;2.76;25;2.02;2.02;2.02;2.02;2.02;739200;17776;88;1;628;88;;;;;
2025-10-08;O_SAHOLE1025P86.00;SAHOL_10/2025_AVRUPA_OPSIYON;D_EQ;SSO;D_EQ_EPP;DE_SAHOL_EPP;SAHOL.E;2025-10-31;4.51;3.66;23.22;0;0;0;0;0;0;0;0;0;108;0;;;;;
2025-10-08;O_SAHOLE1025P88.00;SAHOL_10/2025_AVRUPA_OPSIYON;D_EQ;SSO;D_EQ_EPP;DE_SAHOL_EPP;SAHOL.E;2025-10-31;5.72;4.72;21.19;0;0;0;0;0;0;0;0;0;1006;0;;;;;
2025-10-08;O_SAHOLE1025P90.00;SAHOL_10/2025_AVRUPA_OPSIYON;D_EQ;SSO;D_EQ_EPP;DE_SAHOL_EPP;SAHOL.E;2025-10-31;7.08;5.93;19.39;0;0;0;0;0;0;0;0;0;380;0;;;;;
2025-10-08;O_SAHOLE1025P92.00;SAHOL_10/2025_AVRUPA_OPSIYON;D_EQ;SSO;D_EQ_EPP;DE_SAHOL_EPP;SAHOL.E;2025-10-31;8.56;7.28;17.58;0;0;0;0;0;0;0;0;0;40;0;;;;;
2025-10-08;O_SAHOLE1025P94.00;SAHOL_10/2025_AVRUPA_OPSIYON;D_EQ;SSO;D_EQ_EPP;DE_SAHOL_EPP;SAHOL.E;2025-10-31;10.15;8.74;16.13;0;0;0;0;0;0;0;0;0;200;0;;;;;
2025-10-08;O_SAHOLE1025P96.00;SAHOL_10/2025_AVRUPA_OPSIYON;D_EQ;SSO;D_EQ_EPP;DE_SAHOL_EPP;SAHOL.E;2025-10-31;11.83;10.32;14.63;0;0;0;0;0;0;0;0;0;98;0;;;;;
2025-10-08;O_SAHOLE1025P98.00;SAHOL_10/2025_AVRUPA_OPSIYON;D_EQ;SSO;D_EQ_EPP;DE_SAHOL_EPP;SAHOL.E;2025-10-31;13.59;11.98;13.44;0;0;0;0;0;0;0;0;0;153;0;;;;;
2025-10-08;O_SAHOLE1125C100.00;SAHOL_11/2025_AVRUPA_OPSIYON;D_EQ;SSO;D_EQ_ECP;DE_SAHOL_ECP;SAHOL.E;2025-11-28;1.72;2.26;-23.89;1.56;1.54;1.56;1.54;1.55;2000000;30936;200;5;200;200;;;;;
2025-10-08;O_SAHOLE1125C105.00;SAHOL_11/2025_AVRUPA_OPSIYON;D_EQ;SSO;D_EQ_ECP;DE_SAHOL_ECP;SAHOL.E;2025-11-28;1.02;1.39;-26.62;0;0;0;0;0;0;0;0;0;100;0;;;;;
2025-10-08;O_SAHOLE1125C110.00;SAHOL_11/2025_AVRUPA_OPSIYON;D_EQ;SSO;D_EQ_ECP;DE_SAHOL_ECP;SAHOL.E;2025-11-28;0.59;0.83;-28.92;0.36;0.36;0.36;0.36;0.36;2200000;7200;200;3;7300;200;;;;;
2025-10-08;O_SAHOLE1125C115.00;SAHOL_11/2025_AVRUPA_OPSIYON;D_EQ;SSO;D_EQ_ECP;DE_SAHOL_ECP;SAHOL.E;2025-11-28;0.33;0.48;-31.25;0;0;0;0;0;0;0;0;0;0;0;;;;;
2025-10-08;O_SAHOLE1125C120.00;SAHOL_11/2025_AVRUPA_OPSIYON;D_EQ;SSO;D_EQ_ECP;DE_SAHOL_ECP;SAHOL.E;2025-11-28;0.18;0.27;-33.33;0;0;0;0;0;0;0;0;0;0;0;;;;;
2025-10-08;O_SAHOLE1125C125.00;SAHOL_11/2025_AVRUPA_OPSIYON;D_EQ;SSO;D_EQ_ECP;DE_SAHOL_ECP;SAHOL.E;2025-11-28;0.1;0.15;-33.33;0;0;0;0;0;0;0;0;0;0;0;;;;;
2025-10-08;O_SAHOLE1125C130.00;SAHOL_11/2025_AVRUPA_OPSIYON;D_EQ;SSO;D_EQ_ECP;DE_SAHOL_ECP;SAHOL.E;2025-11-28;0.05;0.08;-37.5;0;0;0;0;0;0;0;0;0;0;0;;;;;
2025-10-08;O_SAHOLE1125C135.00;SAHOL_11/2025_AVRUPA_OPSIYON;D_EQ;SSO;D_EQ_ECP;DE_SAHOL_ECP;SAHOL.E;2025-11-28;0.03;0.04;-25;0;0;0;0;0;0;0;0;0;0;0;;;;;
2025-10-08;O_SAHOLE1125C84.00;SAHOL_11/2025_AVRUPA_OPSIYON;D_EQ;SSO;D_EQ_ECP;DE_SAHOL_ECP;SAHOL.E;2025-11-28;7.02;8.29;-15.32;0;0;0;0;0;0;0;0;0;0;0;;;;;
2025-10-08;O_SAHOLE1125C86.00;SAHOL_11/2025_AVRUPA_OPSIYON;D_EQ;SSO;D_EQ_ECP;DE_SAHOL_ECP;SAHOL.E;2025-11-28;6.03;7.2;-16.25;0;0;0;0;0;0;0;0;0;0;0;;;;;
2025-10-08;O_SAHOLE1125C88.00;SAHOL_11/2025_AVRUPA_OPSIYON;D_EQ;SSO;D_EQ_ECP;DE_SAHOL_ECP;SAHOL.E;2025-11-28;5.14;6.22;-17.36;0;0;0;0;0;0;0;0;0;0;0;;;;;
2025-10-08;O_SAHOLE1125C90.00;SAHOL_11/2025_AVRUPA_OPSIYON;D_EQ;SSO;D_EQ_ECP;DE_SAHOL_ECP;SAHOL.E;2025-11-28;4.35;5.33;-18.39;0;0;0;0;0;0;0;0;0;0;0;;;;;
2025-10-08;O_SAHOLE1125C92.00;SAHOL_11/2025_AVRUPA_OPSIYON;D_EQ;SSO;D_EQ_ECP;DE_SAHOL_ECP;SAHOL.E;2025-11-28;3.66;4.54;-19.38;0;0;0;0;0;0;0;0;0;2;0;;;;;
2025-10-08;O_SAHOLE1125C94.00;SAHOL_11/2025_AVRUPA_OPSIYON;D_EQ;SSO;D_EQ_ECP;DE_SAHOL_ECP;SAHOL.E;2025-11-28;3.06;3.85;-20.52;0;0;0;0;0;0;0;0;0;0;0;;;;;
2025-10-08;O_SAHOLE1125C96.00;SAHOL_11/2025_AVRUPA_OPSIYON;D_EQ;SSO;D_EQ_ECP;DE_SAHOL_ECP;SAHOL.E;2025-11-28;2.54;3.24;-21.6;0;0;0;0;0;0;0;0;0;0;0;;;;;
2025-10-08;O_SAHOLE1125C98.00;SAHOL_11/2025_AVRUPA_OPSIYON;D_EQ;SSO;D_EQ_ECP;DE_SAHOL_ECP;SAHOL.E;2025-11-28;2.1;2.71;-22.51;0;0;0;0;0;0;0;0;0;0;0;;;;;
2025-10-08;O_SAHOLE1125P100.00;SAHOL_11/2025_AVRUPA_OPSIYON;D_EQ;SSO;D_EQ_EPP;DE_SAHOL_EPP;SAHOL.E;2025-11-28;14;12.64;10.76;12.04;12.04;12.04;12.04;12.04;680000;81872;68;1;0;0;;;;;
2025-10-08;O_SAHOLE1125P105.00;SAHOL_11/2025_AVRUPA_OPSIYON;D_EQ;SSO;D_EQ_EPP;DE_SAHOL_EPP;SAHOL.E;2025-11-28;18.04;16.51;9.27;0;0;0;0;0;0;0;0;0;0;0;;;;;
2025-10-08;O_SAHOLE1125P110.00;SAHOL_11/2025_AVRUPA_OPSIYON;D_EQ;SSO;D_EQ_EPP;DE_SAHOL_EPP;SAHOL.E;2025-11-28;22.35;20.68;8.08;0;0;0;0;0;0;0;0;0;0;0;;;;;
2025-10-08;O_SAHOLE1125P74.00;SAHOL_11/2025_AVRUPA_OPSIYON;D_EQ;SSO;D_EQ_EPP;DE_SAHOL_EPP;SAHOL.E;2025-11-28;1.14;0.93;22.58;0;0;0;0;0;0;0;0;0;200;0;;;;;
2025-10-08;O_SAHOLE1125P76.00;SAHOL_11/2025_AVRUPA_OPSIYON;D_EQ;SSO;D_EQ_EPP;DE_SAHOL_EPP;SAHOL.E;2025-11-28;1.55;1.27;22.05;0;0;0;0;0;0;0;0;0;0;0;;;;;
2025-10-08;O_SAHOLE1125P78.00;SAHOL_11/2025_AVRUPA_OPSIYON;D_EQ;SSO;D_EQ_EPP;DE_SAHOL_EPP;SAHOL.E;2025-11-28;2.04;1.69;20.71;0;0;0;0;0;0;0;0;0;0;0;;;;;
2025-10-08;O_SAHOLE1125P80.00;SAHOL_11/2025_AVRUPA_OPSIYON;D_EQ;SSO;D_EQ_EPP;DE_SAHOL_EPP;SAHOL.E;2025-11-28;2.63;2.2;19.55;0;0;0;0;0;0;0;0;0;1;0;;;;;
2025-10-08;O_SAHOLE1125P82.00;SAHOL_11/2025_AVRUPA_OPSIYON;D_EQ;SSO;D_EQ_EPP;DE_SAHOL_EPP;SAHOL.E;2025-11-28;3.33;2.81;18.51;0;0;0;0;0;0;0;0;0;0;0;;;;;
2025-10-08;O_SAHOLE1125P84.00;SAHOL_11/2025_AVRUPA_OPSIYON;D_EQ;SSO;D_EQ_EPP;DE_SAHOL_EPP;SAHOL.E;2025-11-28;4.13;3.51;17.66;0;0;0;0;0;0;0;0;0;250;0;;;;;
2025-10-08;O_SAHOLE1125P86.00;SAHOL_11/2025_AVRUPA_OPSIYON;D_EQ;SSO;D_EQ_EPP;DE_SAHOL_EPP;SAHOL.E;2025-11-28;5.03;4.32;16.44;0;0;0;0;0;0;0;0;0;0;0;;;;;
2025-10-08;O_SAHOLE1125P88.00;SAHOL_11/2025_AVRUPA_OPSIYON;D_EQ;SSO;D_EQ_EPP;DE_SAHOL_EPP;SAHOL.E;2025-11-28;6.04;5.23;15.49;0;0;0;0;0;0;0;0;0;0;0;;;;;
2025-10-08;O_SAHOLE1125P90.00;SAHOL_11/2025_AVRUPA_OPSIYON;D_EQ;SSO;D_EQ_EPP;DE_SAHOL_EPP;SAHOL.E;2025-11-28;7.15;6.24;14.58;0;0;0;0;0;0;0;0;0;0;0;;;;;
2025-10-08;O_SAHOLE1125P92.00;SAHOL_11/2025_AVRUPA_OPSIYON;D_EQ;SSO;D_EQ_EPP;DE_SAHOL_EPP;SAHOL.E;2025-11-28;8.36;7.35;13.74;0;0;0;0;0;0;0;0;0;0;0;;;;;
2025-10-08;O_SAHOLE1125P94.00;SAHOL_11/2025_AVRUPA_OPSIYON;D_EQ;SSO;D_EQ_EPP;DE_SAHOL_EPP;SAHOL.E;2025-11-28;9.65;8.55;12.87;0;0;0;0;0;0;0;0;0;0;0;;;;;
2025-10-08;O_SAHOLE1125P96.00;SAHOL_11/2025_AVRUPA_OPSIYON;D_EQ;SSO;D_EQ_EPP;DE_SAHOL_EPP;SAHOL.E;2025-11-28;11.03;9.83;12.21;0;0;0;0;0;0;0;0;0;0;0;;;;;
2025-10-08;O_SAHOLE1125P98.00;SAHOL_11/2025_AVRUPA_OPSIYON;D_EQ;SSO;D_EQ_EPP;DE_SAHOL_EPP;SAHOL.E;2025-11-28;12.48;11.2;11.43;0;0;0;0;0;0;0;0;0;0;0;;;;;
2025-10-08;O_SAHOLE1225C100.00;SAHOL_12/2025_AVRUPA_OPSIYON;D_EQ;SSO;D_EQ_ECP;DE_SAHOL_ECP;SAHOL.E;2025-12-31;4.31;5.14;-16.15;0;0;0;0;0;0;0;0;0;0;0;;;;;
2025-10-08;O_SAHOLE1225C105.00;SAHOL_12/2025_AVRUPA_OPSIYON;D_EQ;SSO;D_EQ_ECP;DE_SAHOL_ECP;SAHOL.E;2025-12-31;3.1;3.77;-17.77;0;0;0;0;0;0;0;0;0;0;0;;;;;
2025-10-08;O_SAHOLE1225C110.00;SAHOL_12/2025_AVRUPA_OPSIYON;D_EQ;SSO;D_EQ_ECP;DE_SAHOL_ECP;SAHOL.E;2025-12-31;2.19;2.72;-19.49;0;0;0;0;0;0;0;0;0;0;0;;;;;
2025-10-08;O_SAHOLE1225C115.00;SAHOL_12/2025_AVRUPA_OPSIYON;D_EQ;SSO;D_EQ_ECP;DE_SAHOL_ECP;SAHOL.E;2025-12-31;1.53;1.94;-21.13;0;0;0;0;0;0;0;0;0;0;0;;;;;
2025-10-08;O_SAHOLE1225C120.00;SAHOL_12/2025_AVRUPA_OPSIYON;D_EQ;SSO;D_EQ_ECP;DE_SAHOL_ECP;SAHOL.E;2025-12-31;1.05;1.36;-22.79;0;0;0;0;0;0;0;0;0;0;0;;;;;
2025-10-08;O_SAHOLE1225C86.00;SAHOL_12/2025_AVRUPA_OPSIYON;D_EQ;SSO;D_EQ_ECP;DE_SAHOL_ECP;SAHOL.E;2025-12-31;9.79;11.13;-12.04;0;0;0;0;0;0;0;0;0;0;0;;;;;
2025-10-08;O_SAHOLE1225C88.00;SAHOL_12/2025_AVRUPA_OPSIYON;D_EQ;SSO;D_EQ_ECP;DE_SAHOL_ECP;SAHOL.E;2025-12-31;8.79;10.06;-12.62;0;0;0;0;0;0;0;0;0;0;0;;;;;
2025-10-08;O_SAHOLE1225C90.00;SAHOL_12/2025_AVRUPA_OPSIYON;D_EQ;SSO;D_EQ_ECP;DE_SAHOL_ECP;SAHOL.E;2025-12-31;7.87;9.07;-13.23;0;0;0;0;0;0;0;0;0;0;0;;;;;
2025-10-08;O_SAHOLE1225C92.00;SAHOL_12/2025_AVRUPA_OPSIYON;D_EQ;SSO;D_EQ_ECP;DE_SAHOL_ECP;SAHOL.E;2025-12-31;7.02;8.14;-13.76;0;0;0;0;0;0;0;0;0;0;0;;;;;
2025-10-08;O_SAHOLE1225C94.00;SAHOL_12/2025_AVRUPA_OPSIYON;D_EQ;SSO;D_EQ_ECP;DE_SAHOL_ECP;SAHOL.E;2025-12-31;6.24;7.29;-14.4;0;0;0;0;0;0;0;0;0;0;0;;;;;
2025-10-08;O_SAHOLE1225C96.00;SAHOL_12/2025_AVRUPA_OPSIYON;D_EQ;SSO;D_EQ_ECP;DE_SAHOL_ECP;SAHOL.E;2025-12-31;5.53;6.51;-15.05;0;0;0;0;0;0;0;0;0;0;0;;;;;
2025-10-08;O_SAHOLE1225C98.00;SAHOL_12/2025_AVRUPA_OPSIYON;D_EQ;SSO;D_EQ_ECP;DE_SAHOL_ECP;SAHOL.E;2025-12-31;4.89;5.8;-15.69;0;0;0;0;0;0;0;0;0;0;0;;;;;
2025-10-08;O_SAHOLE1225P76.00;SAHOL_12/2025_AVRUPA_OPSIYON;D_EQ;SSO;D_EQ_EPP;DE_SAHOL_EPP;SAHOL.E;2025-12-31;1.72;1.46;17.81;0;0;0;0;0;0;0;0;0;0;0;;;;;
2025-10-08;O_SAHOLE1225P78.00;SAHOL_12/2025_AVRUPA_OPSIYON;D_EQ;SSO;D_EQ_EPP;DE_SAHOL_EPP;SAHOL.E;2025-12-31;2.15;1.85;16.22;0;0;0;0;0;0;0;0;0;0;0;;;;;
2025-10-08;O_SAHOLE1225P80.00;SAHOL_12/2025_AVRUPA_OPSIYON;D_EQ;SSO;D_EQ_EPP;DE_SAHOL_EPP;SAHOL.E;2025-12-31;2.65;2.29;15.72;0;0;0;0;0;0;0;0;0;0;0;;;;;
2025-10-08;O_SAHOLE1225P82.00;SAHOL_12/2025_AVRUPA_OPSIYON;D_EQ;SSO;D_EQ_EPP;DE_SAHOL_EPP;SAHOL.E;2025-12-31;3.23;2.8;15.36;0;0;0;0;0;0;0;0;0;0;0;;;;;
2025-10-08;O_SAHOLE1225P84.00;SAHOL_12/2025_AVRUPA_OPSIYON;D_EQ;SSO;D_EQ_EPP;DE_SAHOL_EPP;SAHOL.E;2025-12-31;3.88;3.39;14.45;0;0;0;0;0;0;0;0;0;0;0;;;;;
2025-10-08;O_SAHOLE1225P86.00;SAHOL_12/2025_AVRUPA_OPSIYON;D_EQ;SSO;D_EQ_EPP;DE_SAHOL_EPP;SAHOL.E;2025-12-31;4.6;4.04;13.86;0;0;0;0;0;0;0;0;0;0;0;;;;;
2025-10-08;O_SAHOLE1225P88.00;SAHOL_12/2025_AVRUPA_OPSIYON;D_EQ;SSO;D_EQ_EPP;DE_SAHOL_EPP;SAHOL.E;2025-12-31;5.4;4.77;13.21;0;0;0;0;0;0;0;0;0;0;0;;;;;
2025-10-08;O_SAHOLE1225P90.00;SAHOL_12/2025_AVRUPA_OPSIYON;D_EQ;SSO;D_EQ_EPP;DE_SAHOL_EPP;SAHOL.E;2025-12-31;6.28;5.57;12.75;0;0;0;0;0;0;0;0;0;0;0;;;;;
2025-10-08;O_SAHOLE1225P92.00;SAHOL_12/2025_AVRUPA_OPSIYON;D_EQ;SSO;D_EQ_EPP;DE_SAHOL_EPP;SAHOL.E;2025-12-31;7.23;6.45;12.09;0;0;0;0;0;0;0;0;0;0;0;;;;;
2025-10-08;O_SAHOLE1225P94.00;SAHOL_12/2025_AVRUPA_OPSIYON;D_EQ;SSO;D_EQ_EPP;DE_SAHOL_EPP;SAHOL.E;2025-12-31;8.25;7.39;11.64;0;0;0;0;0;0;0;0;0;0;0;;;;;
2025-10-08;O_SAHOLE1225P96.00;SAHOL_12/2025_AVRUPA_OPSIYON;D_EQ;SSO;D_EQ_EPP;DE_SAHOL_EPP;SAHOL.E;2025-12-31;9.34;8.41;11.06;0;0;0;0;0;0;0;0;0;0;0;;;;;
2025-10-08;O_SAHOLE1225P98.00;SAHOL_12/2025_AVRUPA_OPSIYON;D_EQ;SSO;D_EQ_EPP;DE_SAHOL_EPP;SAHOL.E;2025-12-31;10.5;9.49;10.64;0;0;0;0;0;0;0;0;0;0;0;;;;;
2025-10-08;O_SISEE1025C35.00;SISE_10/2025_AVRUPA_OPSIYON;D_EQ;SSO;D_EQ_ECP;DE_SISE_ECP;SISE.E;2025-10-31;1.58;1.84;-14.13;0;0;0;0;0;0;0;0;0;0;0;;;;;
2025-10-08;O_SISEE1025C36.00;SISE_10/2025_AVRUPA_OPSIYON;D_EQ;SSO;D_EQ_ECP;DE_SISE_ECP;SISE.E;2025-10-31;1.05;1.26;-16.67;0;0;0;0;0;0;0;0;0;10;0;;;;;
2025-10-08;O_SISEE1025C37.00;SISE_10/2025_AVRUPA_OPSIYON;D_EQ;SSO;D_EQ_ECP;DE_SISE_ECP;SISE.E;2025-10-31;0.68;0.84;-19.05;0;0;0;0;0;0;0;0;0;85;0;;;;;
2025-10-08;O_SISEE1025C38.00;SISE_10/2025_AVRUPA_OPSIYON;D_EQ;SSO;D_EQ_ECP;DE_SISE_ECP;SISE.E;2025-10-31;0.45;0.54;-16.67;0;0;0;0;0;0;0;0;0;100;0;;;;;
2025-10-08;O_SISEE1025C39.00;SISE_10/2025_AVRUPA_OPSIYON;D_EQ;SSO;D_EQ_ECP;DE_SISE_ECP;SISE.E;2025-10-31;0.33;0.4;-17.5;0;0;0;0;0;0;0;0;0;183;0;;;;;
2025-10-08;O_SISEE1025C40.00;SISE_10/2025_AVRUPA_OPSIYON;D_EQ;SSO;D_EQ_ECP;DE_SISE_ECP;SISE.E;2025-10-31;0.25;0.3;-16.67;0;0;0;0;0;0;0;0;0;0;0;;;;;
2025-10-08;O_SISEE1025C41.00;SISE_10/2025_AVRUPA_OPSIYON;D_EQ;SSO;D_EQ_ECP;DE_SISE_ECP;SISE.E;2025-10-31;0.19;0.24;-20.83;0;0;0;0;0;0;0;0;0;4725;0;;;;;
2025-10-08;O_SISEE1025C42.00;SISE_10/2025_AVRUPA_OPSIYON;D_EQ;SSO;D_EQ_ECP;DE_SISE_ECP;SISE.E;2025-10-31;0.16;0.19;-15.79;0;0;0;0;0;0;0;0;0;2500;0;;;;;
2025-10-08;O_SISEE1025C43.00;SISE_10/2025_AVRUPA_OPSIYON;D_EQ;SSO;D_EQ_ECP;DE_SISE_ECP;SISE.E;2025-10-31;0.13;0.16;-18.75;0;0;0;0;0;0;0;0;0;2766;0;;;;;
2025-10-08;O_SISEE1025C44.00;SISE_10/2025_AVRUPA_OPSIYON;D_EQ;SSO;D_EQ_ECP;DE_SISE_ECP;SISE.E;2025-10-31;0.11;0.14;-21.43;0;0;0;0;0;0;0;0;0;1504;0;;;;;
2025-10-08;O_SISEE1025C45.00;SISE_10/2025_AVRUPA_OPSIYON;D_EQ;SSO;D_EQ_ECP;DE_SISE_ECP;SISE.E;2025-10-31;0.1;0.12;-16.67;0;0;0;0;0;0;0;0;0;3392;0;;;;;
2025-10-08;O_SISEE1025C46.00;SISE_10/2025_AVRUPA_OPSIYON;D_EQ;SSO;D_EQ_ECP;DE_SISE_ECP;SISE.E;2025-10-31;0.09;0.11;-18.18;0;0;0;0;0;0;0;0;0;0;0;;;;;
2025-10-08;O_SISEE1025C47.00;SISE_10/2025_AVRUPA_OPSIYON;D_EQ;SSO;D_EQ_ECP;DE_SISE_ECP;SISE.E;2025-10-31;0.08;0.1;-20;0;0;0;0;0;0;0;0;0;0;0;;;;;
2025-10-08;O_SISEE1025C48.00;SISE_10/2025_AVRUPA_OPSIYON;D_EQ;SSO;D_EQ_ECP;DE_SISE_ECP;SISE.E;2025-10-31;0.07;0.09;-22.22;0;0;0;0;0;0;0;0;0;0;0;;;;;
2025-10-08;O_SISEE1025C49.00;SISE_10/2025_AVRUPA_OPSIYON;D_EQ;SSO;D_EQ_ECP;DE_SISE_ECP;SISE.E;2025-10-31;0.07;0.09;-22.22;0;0;0;0;0;0;0;0;0;0;0;;;;;
2025-10-08;O_SISEE1025C50.00;SISE_10/2025_AVRUPA_OPSIYON;D_EQ;SSO;D_EQ_ECP;DE_SISE_ECP;SISE.E;2025-10-31;0.06;0.08;-25;0;0;0;0;0;0;0;0;0;0;0;;;;;
2025-10-08;O_SISEE1025C52.00;SISE_10/2025_AVRUPA_OPSIYON;D_EQ;SSO;D_EQ_ECP;DE_SISE_ECP;SISE.E;2025-10-31;0.05;0.06;-16.67;0;0;0;0;0;0;0;0;0;0;0;;;;;
2025-10-08;O_SISEE1025C54.00;SISE_10/2025_AVRUPA_OPSIYON;D_EQ;SSO;D_EQ_ECP;DE_SISE_ECP;SISE.E;2025-10-31;0.03;0.04;-25;0;0;0;0;0;0;0;0;0;0;0;;;;;
2025-10-08;O_SISEE1025C56.00;SISE_10/2025_AVRUPA_OPSIYON;D_EQ;SSO;D_EQ_ECP;DE_SISE_ECP;SISE.E;2025-10-31;0.01;0.02;-50;0;0;0;0;0;0;0;0;0;0;0;;;;;
2025-10-08;O_SISEE1025P30.00;SISE_10/2025_AVRUPA_OPSIYON;D_EQ;SSO;D_EQ_EPP;DE_SISE_EPP;SISE.E;2025-10-31;0.08;0.08;0;0;0;0;0;0;0;0;0;0;0;0;;;;;
2025-10-08;O_SISEE1025P31.00;SISE_10/2025_AVRUPA_OPSIYON;D_EQ;SSO;D_EQ_EPP;DE_SISE_EPP;SISE.E;2025-10-31;0.12;0.12;0;0;0;0;0;0;0;0;0;0;0;0;;;;;
2025-10-08;O_SISEE1025P32.00;SISE_10/2025_AVRUPA_OPSIYON;D_EQ;SSO;D_EQ_EPP;DE_SISE_EPP;SISE.E;2025-10-31;0.19;0.18;5.56;0;0;0;0;0;0;0;0;0;0;0;;;;;
2025-10-08;O_SISEE1025P33.00;SISE_10/2025_AVRUPA_OPSIYON;D_EQ;SSO;D_EQ_EPP;DE_SISE_EPP;SISE.E;2025-10-31;0.29;0.27;7.41;0;0;0;0;0;0;0;0;0;0;0;;;;;
2025-10-08;O_SISEE1025P34.00;SISE_10/2025_AVRUPA_OPSIYON;D_EQ;SSO;D_EQ_EPP;DE_SISE_EPP;SISE.E;2025-10-31;0.45;0.41;9.76;0;0;0;0;0;0;0;0;0;3;0;;;;;
2025-10-08;O_SISEE1025P35.00;SISE_10/2025_AVRUPA_OPSIYON;D_EQ;SSO;D_EQ_EPP;DE_SISE_EPP;SISE.E;2025-10-31;0.75;0.66;13.64;0;0;0;0;0;0;0;0;0;4;0;;;;;
2025-10-08;O_SISEE1025P36.00;SISE_10/2025_AVRUPA_OPSIYON;D_EQ;SSO;D_EQ_EPP;DE_SISE_EPP;SISE.E;2025-10-31;1.2;1.05;14.29;0;0;0;0;0;0;0;0;0;1002;0;;;;;
2025-10-08;O_SISEE1025P37.00;SISE_10/2025_AVRUPA_OPSIYON;D_EQ;SSO;D_EQ_EPP;DE_SISE_EPP;SISE.E;2025-10-31;1.81;1.6;13.13;0;0;0;0;0;0;0;0;0;1142;0;;;;;
2025-10-08;O_SISEE1025P38.00;SISE_10/2025_AVRUPA_OPSIYON;D_EQ;SSO;D_EQ_EPP;DE_SISE_EPP;SISE.E;2025-10-31;2.55;2.28;11.84;2.38;2.38;2.38;2.38;2.38;988000;61880;260;5;5732;260;;;;;
2025-10-08;O_SISEE1025P39.00;SISE_10/2025_AVRUPA_OPSIYON;D_EQ;SSO;D_EQ_EPP;DE_SISE_EPP;SISE.E;2025-10-31;3.4;3.11;9.32;0;0;0;0;0;0;0;0;0;2500;0;;;;;
2025-10-08;O_SISEE1025P40.00;SISE_10/2025_AVRUPA_OPSIYON;D_EQ;SSO;D_EQ_EPP;DE_SISE_EPP;SISE.E;2025-10-31;4.3;3.99;7.77;0;0;0;0;0;0;0;0;0;60;0;;;;;
2025-10-08;O_SISEE1025P41.00;SISE_10/2025_AVRUPA_OPSIYON;D_EQ;SSO;D_EQ_EPP;DE_SISE_EPP;SISE.E;2025-10-31;5.22;4.91;6.31;0;0;0;0;0;0;0;0;0;0;0;;;;;
2025-10-08;O_SISEE1025P42.00;SISE_10/2025_AVRUPA_OPSIYON;D_EQ;SSO;D_EQ_EPP;DE_SISE_EPP;SISE.E;2025-10-31;6.16;5.84;5.48;0;0;0;0;0;0;0;0;0;1000;0;;;;;
2025-10-08;O_SISEE1025P43.00;SISE_10/2025_AVRUPA_OPSIYON;D_EQ;SSO;D_EQ_EPP;DE_SISE_EPP;SISE.E;2025-10-31;7.11;6.78;4.87;0;0;0;0;0;0;0;0;0;20;0;;;;;
2025-10-08;O_SISEE1025P44.00;SISE_10/2025_AVRUPA_OPSIYON;D_EQ;SSO;D_EQ_EPP;DE_SISE_EPP;SISE.E;2025-10-31;8.07;7.73;4.4;0;0;0;0;0;0;0;0;0;0;0;;;;;
2025-10-08;O_SISEE1025P45.00;SISE_10/2025_AVRUPA_OPSIYON;D_EQ;SSO;D_EQ_EPP;DE_SISE_EPP;SISE.E;2025-10-31;9.03;8.69;3.91;0;0;0;0;0;0;0;0;0;0;0;;;;;
2025-10-08;O_SISEE1025P46.00;SISE_10/2025_AVRUPA_OPSIYON;D_EQ;SSO;D_EQ_EPP;DE_SISE_EPP;SISE.E;2025-10-31;10;9.65;3.63;0;0;0;0;0;0;0;0;0;0;0;;;;;
2025-10-08;O_SISEE1025P47.00;SISE_10/2025_AVRUPA_OPSIYON;D_EQ;SSO;D_EQ_EPP;DE_SISE_EPP;SISE.E;2025-10-31;10.97;10.62;3.3;0;0;0;0;0;0;0;0;0;0;0;;;;;
2025-10-08;O_SISEE1025P48.00;SISE_10/2025_AVRUPA_OPSIYON;D_EQ;SSO;D_EQ_EPP;DE_SISE_EPP;SISE.E;2025-10-31;11.94;11.59;3.02;0;0;0;0;0;0;0;0;0;0;0;;;;;
2025-10-08;O_SISEE1125C36.00;SISE_11/2025_AVRUPA_OPSIYON;D_EQ;SSO;D_EQ_ECP;DE_SISE_ECP;SISE.E;2025-11-28;2.13;2.38;-10.5;0;0;0;0;0;0;0;0;0;0;0;;;;;
2025-10-08;O_SISEE1125C37.00;SISE_11/2025_AVRUPA_OPSIYON;D_EQ;SSO;D_EQ_ECP;DE_SISE_ECP;SISE.E;2025-11-28;1.63;1.84;-11.41;0;0;0;0;0;0;0;0;0;0;0;;;;;
2025-10-08;O_SISEE1125C38.00;SISE_11/2025_AVRUPA_OPSIYON;D_EQ;SSO;D_EQ_ECP;DE_SISE_ECP;SISE.E;2025-11-28;1.25;1.41;-11.35;0;0;0;0;0;0;0;0;0;30;0;;;;;
2025-10-08;O_SISEE1125C39.00;SISE_11/2025_AVRUPA_OPSIYON;D_EQ;SSO;D_EQ_ECP;DE_SISE_ECP;SISE.E;2025-11-28;0.98;1.09;-10.09;0;0;0;0;0;0;0;0;0;3;0;;;;;
2025-10-08;O_SISEE1125C40.00;SISE_11/2025_AVRUPA_OPSIYON;D_EQ;SSO;D_EQ_ECP;DE_SISE_ECP;SISE.E;2025-11-28;0.84;0.92;-8.7;0;0;0;0;0;0;0;0;0;0;0;;;;;
2025-10-08;O_SISEE1125C41.00;SISE_11/2025_AVRUPA_OPSIYON;D_EQ;SSO;D_EQ_ECP;DE_SISE_ECP;SISE.E;2025-11-28;0.74;0.81;-8.64;0;0;0;0;0;0;0;0;0;0;0;;;;;
2025-10-08;O_SISEE1125C42.00;SISE_11/2025_AVRUPA_OPSIYON;D_EQ;SSO;D_EQ_ECP;DE_SISE_ECP;SISE.E;2025-11-28;0.66;0.72;-8.33;0;0;0;0;0;0;0;0;0;158;0;;;;;
2025-10-08;O_SISEE1125C43.00;SISE_11/2025_AVRUPA_OPSIYON;D_EQ;SSO;D_EQ_ECP;DE_SISE_ECP;SISE.E;2025-11-28;0.6;0.66;-9.09;0.42;0.42;0.42;0.42;0.42;4755800;46452;1106;7;1106;1106;;;;;
2025-10-08;O_SISEE1125C44.00;SISE_11/2025_AVRUPA_OPSIYON;D_EQ;SSO;D_EQ_ECP;DE_SISE_ECP;SISE.E;2025-11-28;0.56;0.61;-8.2;0;0;0;0;0;0;0;0;0;0;0;;;;;
2025-10-08;O_SISEE1125C45.00;SISE_11/2025_AVRUPA_OPSIYON;D_EQ;SSO;D_EQ_ECP;DE_SISE_ECP;SISE.E;2025-11-28;0.53;0.58;-8.62;0;0;0;0;0;0;0;0;0;500;0;;;;;
2025-10-08;O_SISEE1125C46.00;SISE_11/2025_AVRUPA_OPSIYON;D_EQ;SSO;D_EQ_ECP;DE_SISE_ECP;SISE.E;2025-11-28;0.5;0.55;-9.09;0;0;0;0;0;0;0;0;0;0;0;;;;;
2025-10-08;O_SISEE1125C47.00;SISE_11/2025_AVRUPA_OPSIYON;D_EQ;SSO;D_EQ_ECP;DE_SISE_ECP;SISE.E;2025-11-28;0.48;0.53;-9.43;0;0;0;0;0;0;0;0;0;0;0;;;;;
2025-10-08;O_SISEE1125C48.00;SISE_11/2025_AVRUPA_OPSIYON;D_EQ;SSO;D_EQ_ECP;DE_SISE_ECP;SISE.E;2025-11-28;0.47;0.52;-9.62;0;0;0;0;0;0;0;0;0;0;0;;;;;
2025-10-08;O_SISEE1125C49.00;SISE_11/2025_AVRUPA_OPSIYON;D_EQ;SSO;D_EQ_ECP;DE_SISE_ECP;SISE.E;2025-11-28;0.46;0.51;-9.8;0;0;0;0;0;0;0;0;0;0;0;;;;;
2025-10-08;O_SISEE1125C50.00;SISE_11/2025_AVRUPA_OPSIYON;D_EQ;SSO;D_EQ_ECP;DE_SISE_ECP;SISE.E;2025-11-28;0.45;0.5;-10;0;0;0;0;0;0;0;0;0;0;0;;;;;
2025-10-08;O_SISEE1125P31.00;SISE_11/2025_AVRUPA_OPSIYON;D_EQ;SSO;D_EQ_EPP;DE_SISE_EPP;SISE.E;2025-11-28;0.39;0.39;0;0;0;0;0;0;0;0;0;0;0;0;;;;;
2025-10-08;O_SISEE1125P32.00;SISE_11/2025_AVRUPA_OPSIYON;D_EQ;SSO;D_EQ_EPP;DE_SISE_EPP;SISE.E;2025-11-28;0.48;0.47;2.13;0;0;0;0;0;0;0;0;0;0;0;;;;;
2025-10-08;O_SISEE1125P33.00;SISE_11/2025_AVRUPA_OPSIYON;D_EQ;SSO;D_EQ_EPP;DE_SISE_EPP;SISE.E;2025-11-28;0.59;0.58;1.72;0.55;0.55;0.55;0.55;0.55;3300;55;1;1;3;1;;;;;
2025-10-08;O_SISEE1125P34.00;SISE_11/2025_AVRUPA_OPSIYON;D_EQ;SSO;D_EQ_EPP;DE_SISE_EPP;SISE.E;2025-11-28;0.74;0.71;4.23;0;0;0;0;0;0;0;0;0;0;0;;;;;
2025-10-08;O_SISEE1125P35.00;SISE_11/2025_AVRUPA_OPSIYON;D_EQ;SSO;D_EQ_EPP;DE_SISE_EPP;SISE.E;2025-11-28;0.93;0.88;5.68;0;0;0;0;0;0;0;0;0;0;0;;;;;
2025-10-08;O_SISEE1125P36.00;SISE_11/2025_AVRUPA_OPSIYON;D_EQ;SSO;D_EQ_EPP;DE_SISE_EPP;SISE.E;2025-11-28;1.27;1.16;9.48;0;0;0;0;0;0;0;0;0;0;0;;;;;
2025-10-08;O_SISEE1125P37.00;SISE_11/2025_AVRUPA_OPSIYON;D_EQ;SSO;D_EQ_EPP;DE_SISE_EPP;SISE.E;2025-11-28;1.71;1.57;8.92;0;0;0;0;0;0;0;0;0;1;0;;;;;
2025-10-08;O_SISEE1125P38.00;SISE_11/2025_AVRUPA_OPSIYON;D_EQ;SSO;D_EQ_EPP;DE_SISE_EPP;SISE.E;2025-11-28;2.29;2.09;9.57;0;0;0;0;0;0;0;0;0;0;0;;;;;
2025-10-08;O_SISEE1125P39.00;SISE_11/2025_AVRUPA_OPSIYON;D_EQ;SSO;D_EQ_EPP;DE_SISE_EPP;SISE.E;2025-11-28;2.96;2.71;9.23;0;0;0;0;0;0;0;0;0;0;0;;;;;
2025-10-08;O_SISEE1125P40.00;SISE_11/2025_AVRUPA_OPSIYON;D_EQ;SSO;D_EQ_EPP;DE_SISE_EPP;SISE.E;2025-11-28;3.77;3.49;8.02;0;0;0;0;0;0;0;0;0;150;0;;;;;
2025-10-08;O_SISEE1125P41.00;SISE_11/2025_AVRUPA_OPSIYON;D_EQ;SSO;D_EQ_EPP;DE_SISE_EPP;SISE.E;2025-11-28;4.62;4.33;6.7;0;0;0;0;0;0;0;0;0;0;0;;;;;
2025-10-08;O_SISEE1125P42.00;SISE_11/2025_AVRUPA_OPSIYON;D_EQ;SSO;D_EQ_EPP;DE_SISE_EPP;SISE.E;2025-11-28;5.49;5.19;5.78;0;0;0;0;0;0;0;0;0;0;0;;;;;
2025-10-08;O_SISEE1125P43.00;SISE_11/2025_AVRUPA_OPSIYON;D_EQ;SSO;D_EQ_EPP;DE_SISE_EPP;SISE.E;2025-11-28;6.38;6.08;4.93;0;0;0;0;0;0;0;0;0;150;0;;;;;
2025-10-08;O_SISEE1125P44.00;SISE_11/2025_AVRUPA_OPSIYON;D_EQ;SSO;D_EQ_EPP;DE_SISE_EPP;SISE.E;2025-11-28;7.28;6.98;4.3;0;0;0;0;0;0;0;0;0;0;0;;;;;
2025-10-08;O_SISEE1125P45.00;SISE_11/2025_AVRUPA_OPSIYON;D_EQ;SSO;D_EQ_EPP;DE_SISE_EPP;SISE.E;2025-11-28;8.2;7.89;3.93;0;0;0;0;0;0;0;0;0;0;0;;;;;
2025-10-08;O_SISEE1225C37.00;SISE_12/2025_AVRUPA_OPSIYON;D_EQ;SSO;D_EQ_ECP;DE_SISE_ECP;SISE.E;2025-12-31;3.09;3.35;-7.76;0;0;0;0;0;0;0;0;0;0;0;;;;;
2025-10-08;O_SISEE1225C38.00;SISE_12/2025_AVRUPA_OPSIYON;D_EQ;SSO;D_EQ_ECP;DE_SISE_ECP;SISE.E;2025-12-31;2.55;2.79;-8.6;0;0;0;0;0;0;0;0;0;0;0;;;;;
2025-10-08;O_SISEE1225C39.00;SISE_12/2025_AVRUPA_OPSIYON;D_EQ;SSO;D_EQ_ECP;DE_SISE_ECP;SISE.E;2025-12-31;2.12;2.32;-8.62;0;0;0;0;0;0;0;0;0;0;0;;;;;
2025-10-08;O_SISEE1225C40.00;SISE_12/2025_AVRUPA_OPSIYON;D_EQ;SSO;D_EQ_ECP;DE_SISE_ECP;SISE.E;2025-12-31;1.77;1.94;-8.76;0;0;0;0;0;0;0;0;0;0;0;;;;;
2025-10-08;O_SISEE1225C41.00;SISE_12/2025_AVRUPA_OPSIYON;D_EQ;SSO;D_EQ_ECP;DE_SISE_ECP;SISE.E;2025-12-31;1.59;1.69;-5.92;0;0;0;0;0;0;0;0;0;0;0;;;;;
2025-10-08;O_SISEE1225C42.00;SISE_12/2025_AVRUPA_OPSIYON;D_EQ;SSO;D_EQ_ECP;DE_SISE_ECP;SISE.E;2025-12-31;1.47;1.56;-5.77;0;0;0;0;0;0;0;0;0;0;0;;;;;
2025-10-08;O_SISEE1225C43.00;SISE_12/2025_AVRUPA_OPSIYON;D_EQ;SSO;D_EQ_ECP;DE_SISE_ECP;SISE.E;2025-12-31;1.37;1.46;-6.16;0;0;0;0;0;0;0;0;0;0;0;;;;;
2025-10-08;O_SISEE1225C44.00;SISE_12/2025_AVRUPA_OPSIYON;D_EQ;SSO;D_EQ_ECP;DE_SISE_ECP;SISE.E;2025-12-31;1.3;1.38;-5.8;0;0;0;0;0;0;0;0;0;0;0;;;;;
2025-10-08;O_SISEE1225C45.00;SISE_12/2025_AVRUPA_OPSIYON;D_EQ;SSO;D_EQ_ECP;DE_SISE_ECP;SISE.E;2025-12-31;1.25;1.32;-5.3;0;0;0;0;0;0;0;0;0;0;0;;;;;
2025-10-08;O_SISEE1225C46.00;SISE_12/2025_AVRUPA_OPSIYON;D_EQ;SSO;D_EQ_ECP;DE_SISE_ECP;SISE.E;2025-12-31;1.21;1.28;-5.47;0;0;0;0;0;0;0;0;0;0;0;;;;;
2025-10-08;O_SISEE1225C47.00;SISE_12/2025_AVRUPA_OPSIYON;D_EQ;SSO;D_EQ_ECP;DE_SISE_ECP;SISE.E;2025-12-31;1.17;1.25;-6.4;0;0;0;0;0;0;0;0;0;0;0;;;;;
2025-10-08;O_SISEE1225P32.00;SISE_12/2025_AVRUPA_OPSIYON;D_EQ;SSO;D_EQ_EPP;DE_SISE_EPP;SISE.E;2025-12-31;0.64;0.65;-1.54;0;0;0;0;0;0;0;0;0;0;0;;;;;
2025-10-08;O_SISEE1225P33.00;SISE_12/2025_AVRUPA_OPSIYON;D_EQ;SSO;D_EQ_EPP;DE_SISE_EPP;SISE.E;2025-12-31;0.73;0.73;0;0;0;0;0;0;0;0;0;0;0;0;;;;;
2025-10-08;O_SISEE1225P34.00;SISE_12/2025_AVRUPA_OPSIYON;D_EQ;SSO;D_EQ_EPP;DE_SISE_EPP;SISE.E;2025-12-31;0.84;0.83;1.2;0;0;0;0;0;0;0;0;0;0;0;;;;;
2025-10-08;O_SISEE1225P35.00;SISE_12/2025_AVRUPA_OPSIYON;D_EQ;SSO;D_EQ_EPP;DE_SISE_EPP;SISE.E;2025-12-31;0.96;0.94;2.13;0;0;0;0;0;0;0;0;0;0;0;;;;;
2025-10-08;O_SISEE1225P36.00;SISE_12/2025_AVRUPA_OPSIYON;D_EQ;SSO;D_EQ_EPP;DE_SISE_EPP;SISE.E;2025-12-31;1.1;1.07;2.8;0;0;0;0;0;0;0;0;0;0;0;;;;;
2025-10-08;O_SISEE1225P37.00;SISE_12/2025_AVRUPA_OPSIYON;D_EQ;SSO;D_EQ_EPP;DE_SISE_EPP;SISE.E;2025-12-31;1.37;1.28;7.03;0;0;0;0;0;0;0;0;0;0;0;;;;;
2025-10-08;O_SISEE1225P38.00;SISE_12/2025_AVRUPA_OPSIYON;D_EQ;SSO;D_EQ_EPP;DE_SISE_EPP;SISE.E;2025-12-31;1.73;1.61;7.45;0;0;0;0;0;0;0;0;0;0;0;;;;;
2025-10-08;O_SISEE1225P39.00;SISE_12/2025_AVRUPA_OPSIYON;D_EQ;SSO;D_EQ_EPP;DE_SISE_EPP;SISE.E;2025-12-31;2.21;2.03;8.87;0;0;0;0;0;0;0;0;0;0;0;;;;;
2025-10-08;O_SISEE1225P40.00;SISE_12/2025_AVRUPA_OPSIYON;D_EQ;SSO;D_EQ_EPP;DE_SISE_EPP;SISE.E;2025-12-31;2.75;2.56;7.42;0;0;0;0;0;0;0;0;0;0;0;;;;;
2025-10-08;O_SISEE1225P41.00;SISE_12/2025_AVRUPA_OPSIYON;D_EQ;SSO;D_EQ_EPP;DE_SISE_EPP;SISE.E;2025-12-31;3.48;3.21;8.41;0;0;0;0;0;0;0;0;0;0;0;;;;;
2025-10-08;O_SISEE1225P42.00;SISE_12/2025_AVRUPA_OPSIYON;D_EQ;SSO;D_EQ_EPP;DE_SISE_EPP;SISE.E;2025-12-31;4.25;3.97;7.05;0;0;0;0;0;0;0;0;0;0;0;;;;;
2025-10-08;O_TAVHLE1025C230.00;TAVHL_10/2025_AVRUPA_OPSIYON;D_EQ;SSO;D_EQ_ECP;DE_TAVHL_ECP;TAVHL.E;2025-10-31;14.34;16.86;-14.95;0;0;0;0;0;0;0;0;0;0;0;;;;;
2025-10-08;O_TAVHLE1025C235.00;TAVHL_10/2025_AVRUPA_OPSIYON;D_EQ;SSO;D_EQ_ECP;DE_TAVHL_ECP;TAVHL.E;2025-10-31;11.4;13.66;-16.54;0;0;0;0;0;0;0;0;0;46;0;;;;;
2025-10-08;O_TAVHLE1025C240.00;TAVHL_10/2025_AVRUPA_OPSIYON;D_EQ;SSO;D_EQ_ECP;DE_TAVHL_ECP;TAVHL.E;2025-10-31;8.87;10.87;-18.4;0;0;0;0;0;0;0;0;0;43;0;;;;;
2025-10-08;O_TAVHLE1025C245.00;TAVHL_10/2025_AVRUPA_OPSIYON;D_EQ;SSO;D_EQ_ECP;DE_TAVHL_ECP;TAVHL.E;2025-10-31;6.8;8.49;-19.91;0;0;0;0;0;0;0;0;0;20;0;;;;;
2025-10-08;O_TAVHLE1025C250.00;TAVHL_10/2025_AVRUPA_OPSIYON;D_EQ;SSO;D_EQ_ECP;DE_TAVHL_ECP;TAVHL.E;2025-10-31;5.1;6.53;-21.9;0;0;0;0;0;0;0;0;0;355;0;;;;;
2025-10-08;O_TAVHLE1025C260.00;TAVHL_10/2025_AVRUPA_OPSIYON;D_EQ;SSO;D_EQ_ECP;DE_TAVHL_ECP;TAVHL.E;2025-10-31;2.81;3.72;-24.46;0;0;0;0;0;0;0;0;0;188;0;;;;;
2025-10-08;O_TAVHLE1025C270.00;TAVHL_10/2025_AVRUPA_OPSIYON;D_EQ;SSO;D_EQ_ECP;DE_TAVHL_ECP;TAVHL.E;2025-10-31;1.49;2.05;-27.32;0;0;0;0;0;0;0;0;0;23;0;;;;;
2025-10-08;O_TAVHLE1025C280.00;TAVHL_10/2025_AVRUPA_OPSIYON;D_EQ;SSO;D_EQ_ECP;DE_TAVHL_ECP;TAVHL.E;2025-10-31;0.76;1.09;-30.28;0;0;0;0;0;0;0;0;0;0;0;;;;;
2025-10-08;O_TAVHLE1025C290.00;TAVHL_10/2025_AVRUPA_OPSIYON;D_EQ;SSO;D_EQ_ECP;DE_TAVHL_ECP;TAVHL.E;2025-10-31;0.38;0.57;-33.33;0;0;0;0;0;0;0;0;0;0;0;;;;;
2025-10-08;O_TAVHLE1025C300.00;TAVHL_10/2025_AVRUPA_OPSIYON;D_EQ;SSO;D_EQ_ECP;DE_TAVHL_ECP;TAVHL.E;2025-10-31;0.19;0.29;-34.48;0;0;0;0;0;0;0;0;0;0;0;;;;;
2025-10-08;O_TAVHLE1025C310.00;TAVHL_10/2025_AVRUPA_OPSIYON;D_EQ;SSO;D_EQ_ECP;DE_TAVHL_ECP;TAVHL.E;2025-10-31;0.09;0.15;-40;0;0;0;0;0;0;0;0;0;0;0;;;;;
2025-10-08;O_TAVHLE1025C320.00;TAVHL_10/2025_AVRUPA_OPSIYON;D_EQ;SSO;D_EQ_ECP;DE_TAVHL_ECP;TAVHL.E;2025-10-31;0.05;0.07;-28.57;0;0;0;0;0;0;0;0;0;0;0;;;;;
2025-10-08;O_TAVHLE1025C330.00;TAVHL_10/2025_AVRUPA_OPSIYON;D_EQ;SSO;D_EQ_ECP;DE_TAVHL_ECP;TAVHL.E;2025-10-31;0.02;0.04;-50;0;0;0;0;0;0;0;0;0;0;0;;;;;
2025-10-08;O_TAVHLE1025C340.00;TAVHL_10/2025_AVRUPA_OPSIYON;D_EQ;SSO;D_EQ_ECP;DE_TAVHL_ECP;TAVHL.E;2025-10-31;0.01;0.02;-50;0;0;0;0;0;0;0;0;0;0;0;;;;;
2025-10-08;O_TAVHLE1025P205.00;TAVHL_10/2025_AVRUPA_OPSIYON;D_EQ;SSO;D_EQ_EPP;DE_TAVHL_EPP;TAVHL.E;2025-10-31;0.63;0.52;21.15;0;0;0;0;0;0;0;0;0;0;0;;;;;
2025-10-08;O_TAVHLE1025P210.00;TAVHL_10/2025_AVRUPA_OPSIYON;D_EQ;SSO;D_EQ_EPP;DE_TAVHL_EPP;TAVHL.E;2025-10-31;1.03;0.86;19.77;0;0;0;0;0;0;0;0;0;0;0;;;;;
2025-10-08;O_TAVHLE1025P215.00;TAVHL_10/2025_AVRUPA_OPSIYON;D_EQ;SSO;D_EQ_EPP;DE_TAVHL_EPP;TAVHL.E;2025-10-31;1.62;1.35;20;0;0;0;0;0;0;0;0;0;0;0;;;;;
2025-10-08;O_TAVHLE1025P220.00;TAVHL_10/2025_AVRUPA_OPSIYON;D_EQ;SSO;D_EQ_EPP;DE_TAVHL_EPP;TAVHL.E;2025-10-31;2.46;2.05;20;0;0;0;0;0;0;0;0;0;30;0;;;;;
2025-10-08;O_TAVHLE1025P225.00;TAVHL_10/2025_AVRUPA_OPSIYON;D_EQ;SSO;D_EQ_EPP;DE_TAVHL_EPP;TAVHL.E;2025-10-31;3.59;3.01;19.27;0;0;0;0;0;0;0;0;0;10;0;;;;;
2025-10-08;O_TAVHLE1025P230.00;TAVHL_10/2025_AVRUPA_OPSIYON;D_EQ;SSO;D_EQ_EPP;DE_TAVHL_EPP;TAVHL.E;2025-10-31;5.1;4.28;19.16;0;0;0;0;0;0;0;0;0;214;0;;;;;
2025-10-08;O_TAVHLE1025P235.00;TAVHL_10/2025_AVRUPA_OPSIYON;D_EQ;SSO;D_EQ_EPP;DE_TAVHL_EPP;TAVHL.E;2025-10-31;7.04;5.97;17.92;0;0;0;0;0;0;0;0;0;0;0;;;;;
2025-10-08;O_TAVHLE1025P240.00;TAVHL_10/2025_AVRUPA_OPSIYON;D_EQ;SSO;D_EQ_EPP;DE_TAVHL_EPP;TAVHL.E;2025-10-31;9.4;8.05;16.77;0;0;0;0;0;0;0;0;0;264;0;;;;;
2025-10-08;O_TAVHLE1025P245.00;TAVHL_10/2025_AVRUPA_OPSIYON;D_EQ;SSO;D_EQ_EPP;DE_TAVHL_EPP;TAVHL.E;2025-10-31;12.2;10.55;15.64;0;0;0;0;0;0;0;0;0;13;0;;;;;
2025-10-08;O_TAVHLE1025P250.00;TAVHL_10/2025_AVRUPA_OPSIYON;D_EQ;SSO;D_EQ_EPP;DE_TAVHL_EPP;TAVHL.E;2025-10-31;15.39;13.46;14.34;0;0;0;0;0;0;0;0;0;431;0;;;;;
2025-10-08;O_TAVHLE1025P260.00;TAVHL_10/2025_AVRUPA_OPSIYON;D_EQ;SSO;D_EQ_EPP;DE_TAVHL_EPP;TAVHL.E;2025-10-31;22.86;20.41;12;0;0;0;0;0;0;0;0;0;134;0;;;;;
2025-10-08;O_TAVHLE1025P270.00;TAVHL_10/2025_AVRUPA_OPSIYON;D_EQ;SSO;D_EQ_EPP;DE_TAVHL_EPP;TAVHL.E;2025-10-31;31.3;28.49;9.86;0;0;0;0;0;0;0;0;0;83;0;;;;;
2025-10-08;O_TAVHLE1025P280.00;TAVHL_10/2025_AVRUPA_OPSIYON;D_EQ;SSO;D_EQ_EPP;DE_TAVHL_EPP;TAVHL.E;2025-10-31;40.34;37.28;8.21;0;0;0;0;0;0;0;0;0;43;0;;;;;
2025-10-08;O_TAVHLE1025P290.00;TAVHL_10/2025_AVRUPA_OPSIYON;D_EQ;SSO;D_EQ_EPP;DE_TAVHL_EPP;TAVHL.E;2025-10-31;49.72;46.51;6.9;0;0;0;0;0;0;0;0;0;0;0;;;;;
2025-10-08;O_TAVHLE1125C240.00;TAVHL_11/2025_AVRUPA_OPSIYON;D_EQ;SSO;D_EQ_ECP;DE_TAVHL_ECP;TAVHL.E;2025-11-28;16.76;18.96;-11.6;0;0;0;0;0;0;0;0;0;0;0;;;;;
2025-10-08;O_TAVHLE1125C245.00;TAVHL_11/2025_AVRUPA_OPSIYON;D_EQ;SSO;D_EQ_ECP;DE_TAVHL_ECP;TAVHL.E;2025-11-28;14.29;16.31;-12.39;0;0;0;0;0;0;0;0;0;0;0;;;;;
2025-10-08;O_TAVHLE1125C250.00;TAVHL_11/2025_AVRUPA_OPSIYON;D_EQ;SSO;D_EQ_ECP;DE_TAVHL_ECP;TAVHL.E;2025-11-28;12.11;13.92;-13;0;0;0;0;0;0;0;0;0;0;0;;;;;
2025-10-08;O_TAVHLE1125C260.00;TAVHL_11/2025_AVRUPA_OPSIYON;D_EQ;SSO;D_EQ_ECP;DE_TAVHL_ECP;TAVHL.E;2025-11-28;8.57;10.01;-14.39;0;0;0;0;0;0;0;0;0;1;0;;;;;
2025-10-08;O_TAVHLE1125C270.00;TAVHL_11/2025_AVRUPA_OPSIYON;D_EQ;SSO;D_EQ_ECP;DE_TAVHL_ECP;TAVHL.E;2025-11-28;6.09;7.15;-14.83;0;0;0;0;0;0;0;0;0;0;0;;;;;
2025-10-08;O_TAVHLE1125C280.00;TAVHL_11/2025_AVRUPA_OPSIYON;D_EQ;SSO;D_EQ_ECP;DE_TAVHL_ECP;TAVHL.E;2025-11-28;4.28;5.09;-15.91;0;0;0;0;0;0;0;0;0;0;0;;;;;
2025-10-08;O_TAVHLE1125C290.00;TAVHL_11/2025_AVRUPA_OPSIYON;D_EQ;SSO;D_EQ_ECP;DE_TAVHL_ECP;TAVHL.E;2025-11-28;3;3.6;-16.67;0;0;0;0;0;0;0;0;0;0;0;;;;;
2025-10-08;O_TAVHLE1125C300.00;TAVHL_11/2025_AVRUPA_OPSIYON;D_EQ;SSO;D_EQ_ECP;DE_TAVHL_ECP;TAVHL.E;2025-11-28;2.09;2.54;-17.72;0;0;0;0;0;0;0;0;0;0;0;;;;;
2025-10-08;O_TAVHLE1125C310.00;TAVHL_11/2025_AVRUPA_OPSIYON;D_EQ;SSO;D_EQ_ECP;DE_TAVHL_ECP;TAVHL.E;2025-11-28;1.47;1.79;-17.88;0;0;0;0;0;0;0;0;0;0;0;;;;;
2025-10-08;O_TAVHLE1125C320.00;TAVHL_11/2025_AVRUPA_OPSIYON;D_EQ;SSO;D_EQ_ECP;DE_TAVHL_ECP;TAVHL.E;2025-11-28;1.03;1.27;-18.9;0;0;0;0;0;0;0;0;0;0;0;;;;;
2025-10-08;O_TAVHLE1125C330.00;TAVHL_11/2025_AVRUPA_OPSIYON;D_EQ;SSO;D_EQ_ECP;DE_TAVHL_ECP;TAVHL.E;2025-11-28;0.73;0.9;-18.89;0;0;0;0;0;0;0;0;0;0;0;;;;;
2025-10-08;O_TAVHLE1125C340.00;TAVHL_11/2025_AVRUPA_OPSIYON;D_EQ;SSO;D_EQ_ECP;DE_TAVHL_ECP;TAVHL.E;2025-11-28;0.52;0.64;-18.75;0;0;0;0;0;0;0;0;0;0;0;;;;;
2025-10-08;O_TAVHLE1125P215.00;TAVHL_11/2025_AVRUPA_OPSIYON;D_EQ;SSO;D_EQ_EPP;DE_TAVHL_EPP;TAVHL.E;2025-11-28;3.31;2.92;13.36;0;0;0;0;0;0;0;0;0;0;0;;;;;
2025-10-08;O_TAVHLE1125P220.00;TAVHL_11/2025_AVRUPA_OPSIYON;D_EQ;SSO;D_EQ_EPP;DE_TAVHL_EPP;TAVHL.E;2025-11-28;4.29;3.8;12.89;0;0;0;0;0;0;0;0;0;0;0;;;;;
2025-10-08;O_TAVHLE1125P225.00;TAVHL_11/2025_AVRUPA_OPSIYON;D_EQ;SSO;D_EQ_EPP;DE_TAVHL_EPP;TAVHL.E;2025-11-28;5.48;4.86;12.76;0;0;0;0;0;0;0;0;0;0;0;;;;;
2025-10-08;O_TAVHLE1125P230.00;TAVHL_11/2025_AVRUPA_OPSIYON;D_EQ;SSO;D_EQ_EPP;DE_TAVHL_EPP;TAVHL.E;2025-11-28;6.89;6.13;12.4;0;0;0;0;0;0;0;0;0;0;0;;;;;
2025-10-08;O_TAVHLE1125P235.00;TAVHL_11/2025_AVRUPA_OPSIYON;D_EQ;SSO;D_EQ_EPP;DE_TAVHL_EPP;TAVHL.E;2025-11-28;8.55;7.63;12.06;0;0;0;0;0;0;0;0;0;0;0;;;;;
2025-10-08;O_TAVHLE1125P240.00;TAVHL_11/2025_AVRUPA_OPSIYON;D_EQ;SSO;D_EQ_EPP;DE_TAVHL_EPP;TAVHL.E;2025-11-28;10.55;9.41;12.11;0;0;0;0;0;0;0;0;0;0;0;;;;;
2025-10-08;O_TAVHLE1125P245.00;TAVHL_11/2025_AVRUPA_OPSIYON;D_EQ;SSO;D_EQ_EPP;DE_TAVHL_EPP;TAVHL.E;2025-11-28;12.82;11.5;11.48;0;0;0;0;0;0;0;0;0;0;0;;;;;
2025-10-08;O_TAVHLE1125P250.00;TAVHL_11/2025_AVRUPA_OPSIYON;D_EQ;SSO;D_EQ_EPP;DE_TAVHL_EPP;TAVHL.E;2025-11-28;15.39;13.85;11.12;0;0;0;0;0;0;0;0;0;0;0;;;;;
2025-10-08;O_TAVHLE1125P260.00;TAVHL_11/2025_AVRUPA_OPSIYON;D_EQ;SSO;D_EQ_EPP;DE_TAVHL_EPP;TAVHL.E;2025-11-28;21.33;19.4;9.95;0;0;0;0;0;0;0;0;0;0;0;;;;;
2025-10-08;O_TAVHLE1125P270.00;TAVHL_11/2025_AVRUPA_OPSIYON;D_EQ;SSO;D_EQ_EPP;DE_TAVHL_EPP;TAVHL.E;2025-11-28;28.32;26.03;8.8;0;0;0;0;0;0;0;0;0;0;0;;;;;
2025-10-08;O_TAVHLE1125P280.00;TAVHL_11/2025_AVRUPA_OPSIYON;D_EQ;SSO;D_EQ_EPP;DE_TAVHL_EPP;TAVHL.E;2025-11-28;36;33.44;7.66;0;0;0;0;0;0;0;0;0;150;0;;;;;
2025-10-08;O_TAVHLE1125P290.00;TAVHL_11/2025_AVRUPA_OPSIYON;D_EQ;SSO;D_EQ_EPP;DE_TAVHL_EPP;TAVHL.E;2025-11-28;44.2;41.42;6.71;0;0;0;0;0;0;0;0;0;0;0;;;;;
2025-10-08;O_TAVHLE1225C245.00;TAVHL_12/2025_AVRUPA_OPSIYON;D_EQ;SSO;D_EQ_ECP;DE_TAVHL_ECP;TAVHL.E;2025-12-31;24.51;26.9;-8.88;0;0;0;0;0;0;0;0;0;0;0;;;;;
2025-10-08;O_TAVHLE1225C250.00;TAVHL_12/2025_AVRUPA_OPSIYON;D_EQ;SSO;D_EQ_ECP;DE_TAVHL_ECP;TAVHL.E;2025-12-31;21.94;24.17;-9.23;0;0;0;0;0;0;0;0;0;0;0;;;;;
2025-10-08;O_TAVHLE1225C260.00;TAVHL_12/2025_AVRUPA_OPSIYON;D_EQ;SSO;D_EQ_ECP;DE_TAVHL_ECP;TAVHL.E;2025-12-31;17.41;19.33;-9.93;0;0;0;0;0;0;0;0;0;0;0;;;;;
2025-10-08;O_TAVHLE1225C270.00;TAVHL_12/2025_AVRUPA_OPSIYON;D_EQ;SSO;D_EQ_ECP;DE_TAVHL_ECP;TAVHL.E;2025-12-31;13.73;15.34;-10.5;0;0;0;0;0;0;0;0;0;0;0;;;;;
2025-10-08;O_TAVHLE1225C280.00;TAVHL_12/2025_AVRUPA_OPSIYON;D_EQ;SSO;D_EQ_ECP;DE_TAVHL_ECP;TAVHL.E;2025-12-31;10.92;12.23;-10.71;0;0;0;0;0;0;0;0;0;0;0;;;;;
2025-10-08;O_TAVHLE1225C290.00;TAVHL_12/2025_AVRUPA_OPSIYON;D_EQ;SSO;D_EQ_ECP;DE_TAVHL_ECP;TAVHL.E;2025-12-31;8.67;9.76;-11.17;0;0;0;0;0;0;0;0;0;0;0;;;;;
2025-10-08;O_TAVHLE1225C300.00;TAVHL_12/2025_AVRUPA_OPSIYON;D_EQ;SSO;D_EQ_ECP;DE_TAVHL_ECP;TAVHL.E;2025-12-31;6.89;7.78;-11.44;0;0;0;0;0;0;0;0;0;0;0;;;;;
2025-10-08;O_TAVHLE1225C310.00;TAVHL_12/2025_AVRUPA_OPSIYON;D_EQ;SSO;D_EQ_ECP;DE_TAVHL_ECP;TAVHL.E;2025-12-31;5.48;6.21;-11.76;0;0;0;0;0;0;0;0;0;0;0;;;;;
2025-10-08;O_TAVHLE1225C320.00;TAVHL_12/2025_AVRUPA_OPSIYON;D_EQ;SSO;D_EQ_ECP;DE_TAVHL_ECP;TAVHL.E;2025-12-31;4.37;4.97;-12.07;0;0;0;0;0;0;0;0;0;0;0;;;;;
2025-10-08;O_TAVHLE1225P220.00;TAVHL_12/2025_AVRUPA_OPSIYON;D_EQ;SSO;D_EQ_EPP;DE_TAVHL_EPP;TAVHL.E;2025-12-31;4.6;4.17;10.31;0;0;0;0;0;0;0;0;0;0;0;;;;;
2025-10-08;O_TAVHLE1225P225.00;TAVHL_12/2025_AVRUPA_OPSIYON;D_EQ;SSO;D_EQ_EPP;DE_TAVHL_EPP;TAVHL.E;2025-12-31;5.58;5.06;10.28;0;0;0;0;0;0;0;0;0;0;0;;;;;
2025-10-08;O_TAVHLE1225P230.00;TAVHL_12/2025_AVRUPA_OPSIYON;D_EQ;SSO;D_EQ_EPP;DE_TAVHL_EPP;TAVHL.E;2025-12-31;6.71;6.1;10;0;0;0;0;0;0;0;0;0;0;0;;;;;
2025-10-08;O_TAVHLE1225P235.00;TAVHL_12/2025_AVRUPA_OPSIYON;D_EQ;SSO;D_EQ_EPP;DE_TAVHL_EPP;TAVHL.E;2025-12-31;7.99;7.28;9.75;0;0;0;0;0;0;0;0;0;0;0;;;;;
2025-10-08;O_TAVHLE1225P240.00;TAVHL_12/2025_AVRUPA_OPSIYON;D_EQ;SSO;D_EQ_EPP;DE_TAVHL_EPP;TAVHL.E;2025-12-31;9.43;8.61;9.52;0;0;0;0;0;0;0;0;0;0;0;;;;;
2025-10-08;O_TAVHLE1225P245.00;TAVHL_12/2025_AVRUPA_OPSIYON;D_EQ;SSO;D_EQ_EPP;DE_TAVHL_EPP;TAVHL.E;2025-12-31;11.1;10.11;9.79;0;0;0;0;0;0;0;0;0;0;0;;;;;
2025-10-08;O_TAVHLE1225P250.00;TAVHL_12/2025_AVRUPA_OPSIYON;D_EQ;SSO;D_EQ_EPP;DE_TAVHL_EPP;TAVHL.E;2025-12-31;13.02;11.88;9.6;0;0;0;0;0;0;0;0;0;0;0;;;;;
2025-10-08;O_TAVHLE1225P260.00;TAVHL_12/2025_AVRUPA_OPSIYON;D_EQ;SSO;D_EQ_EPP;DE_TAVHL_EPP;TAVHL.E;2025-12-31;17.49;16.02;9.18;0;0;0;0;0;0;0;0;0;0;0;;;;;
2025-10-08;O_TAVHLE1225P270.00;TAVHL_12/2025_AVRUPA_OPSIYON;D_EQ;SSO;D_EQ_EPP;DE_TAVHL_EPP;TAVHL.E;2025-12-31;22.81;21.01;8.57;0;0;0;0;0;0;0;0;0;0;0;;;;;
2025-10-08;O_TCELLE1025C100.00;TCELL_10/2025_AVRUPA_OPSIYON;D_EQ;SSO;D_EQ_ECP;DE_TCELL_ECP;TCELL.E;2025-10-31;4.13;5.45;-24.22;4.36;4.36;4.36;4.36;4.36;10000;436;1;1;567;0;;;;;
2025-10-08;O_TCELLE1025C105.00;TCELL_10/2025_AVRUPA_OPSIYON;D_EQ;SSO;D_EQ_ECP;DE_TCELL_ECP;TCELL.E;2025-10-31;2.13;3.02;-29.47;0;0;0;0;0;0;0;0;0;65;0;;;;;
2025-10-08;O_TCELLE1025C110.00;TCELL_10/2025_AVRUPA_OPSIYON;D_EQ;SSO;D_EQ_ECP;DE_TCELL_ECP;TCELL.E;2025-10-31;1.07;1.58;-32.28;0;0;0;0;0;0;0;0;0;26;0;;;;;
2025-10-08;O_TCELLE1025C115.00;TCELL_10/2025_AVRUPA_OPSIYON;D_EQ;SSO;D_EQ_ECP;DE_TCELL_ECP;TCELL.E;2025-10-31;0.54;0.85;-36.47;0;0;0;0;0;0;0;0;0;1289;0;;;;;
2025-10-08;O_TCELLE1025C120.00;TCELL_10/2025_AVRUPA_OPSIYON;D_EQ;SSO;D_EQ_ECP;DE_TCELL_ECP;TCELL.E;2025-10-31;0.27;0.47;-42.55;0;0;0;0;0;0;0;0;0;0;0;;;;;
2025-10-08;O_TCELLE1025C125.00;TCELL_10/2025_AVRUPA_OPSIYON;D_EQ;SSO;D_EQ_ECP;DE_TCELL_ECP;TCELL.E;2025-10-31;0.14;0.26;-46.15;0;0;0;0;0;0;0;0;0;0;0;;;;;
2025-10-08;O_TCELLE1025C130.00;TCELL_10/2025_AVRUPA_OPSIYON;D_EQ;SSO;D_EQ_ECP;DE_TCELL_ECP;TCELL.E;2025-10-31;0.07;0.15;-53.33;0;0;0;0;0;0;0;0;0;0;0;;;;;
2025-10-08;O_TCELLE1025C135.00;TCELL_10/2025_AVRUPA_OPSIYON;D_EQ;SSO;D_EQ_ECP;DE_TCELL_ECP;TCELL.E;2025-10-31;0.04;0.09;-55.56;0;0;0;0;0;0;0;0;0;0;0;;;;;
2025-10-08;O_TCELLE1025C92.00;TCELL_10/2025_AVRUPA_OPSIYON;D_EQ;SSO;D_EQ_ECP;DE_TCELL_ECP;TCELL.E;2025-10-31;9.52;11.39;-16.42;0;0;0;0;0;0;0;0;0;0;0;;;;;
2025-10-08;O_TCELLE1025C94.00;TCELL_10/2025_AVRUPA_OPSIYON;D_EQ;SSO;D_EQ_ECP;DE_TCELL_ECP;TCELL.E;2025-10-31;7.95;9.73;-18.29;0;0;0;0;0;0;0;0;0;186;0;;;;;
2025-10-08;O_TCELLE1025C96.00;TCELL_10/2025_AVRUPA_OPSIYON;D_EQ;SSO;D_EQ_ECP;DE_TCELL_ECP;TCELL.E;2025-10-31;6.5;8.16;-20.34;0;0;0;0;0;0;0;0;0;190;0;;;;;
2025-10-08;O_TCELLE1025C98.00;TCELL_10/2025_AVRUPA_OPSIYON;D_EQ;SSO;D_EQ_ECP;DE_TCELL_ECP;TCELL.E;2025-10-31;5.24;6.71;-21.91;0;0;0;0;0;0;0;0;0;239;0;;;;;
2025-10-08;O_TCELLE1025P100.00;TCELL_10/2025_AVRUPA_OPSIYON;D_EQ;SSO;D_EQ_EPP;DE_TCELL_EPP;TCELL.E;2025-10-31;3.32;2.59;28.19;0;0;0;0;0;0;0;0;0;63;0;;;;;
2025-10-08;O_TCELLE1025P105.00;TCELL_10/2025_AVRUPA_OPSIYON;D_EQ;SSO;D_EQ_EPP;DE_TCELL_EPP;TCELL.E;2025-10-31;6.2;5.02;23.51;0;0;0;0;0;0;0;0;0;151;0;;;;;
2025-10-08;O_TCELLE1025P110.00;TCELL_10/2025_AVRUPA_OPSIYON;D_EQ;SSO;D_EQ_EPP;DE_TCELL_EPP;TCELL.E;2025-10-31;10.02;8.47;18.3;0;0;0;0;0;0;0;0;0;1739;0;;;;;
2025-10-08;O_TCELLE1025P82.00;TCELL_10/2025_AVRUPA_OPSIYON;D_EQ;SSO;D_EQ_EPP;DE_TCELL_EPP;TCELL.E;2025-10-31;0.1;0.1;0;0;0;0;0;0;0;0;0;0;1;0;;;;;
2025-10-08;O_TCELLE1025P84.00;TCELL_10/2025_AVRUPA_OPSIYON;D_EQ;SSO;D_EQ_EPP;DE_TCELL_EPP;TCELL.E;2025-10-31;0.17;0.15;13.33;0;0;0;0;0;0;0;0;0;1;0;;;;;
2025-10-08;O_TCELLE1025P86.00;TCELL_10/2025_AVRUPA_OPSIYON;D_EQ;SSO;D_EQ_EPP;DE_TCELL_EPP;TCELL.E;2025-10-31;0.27;0.23;17.39;0;0;0;0;0;0;0;0;0;0;0;;;;;
2025-10-08;O_TCELLE1025P88.00;TCELL_10/2025_AVRUPA_OPSIYON;D_EQ;SSO;D_EQ_EPP;DE_TCELL_EPP;TCELL.E;2025-10-31;0.41;0.34;20.59;0;0;0;0;0;0;0;0;0;0;0;;;;;
2025-10-08;O_TCELLE1025P90.00;TCELL_10/2025_AVRUPA_OPSIYON;D_EQ;SSO;D_EQ_EPP;DE_TCELL_EPP;TCELL.E;2025-10-31;0.61;0.5;22;0;0;0;0;0;0;0;0;0;1;0;;;;;
2025-10-08;O_TCELLE1025P92.00;TCELL_10/2025_AVRUPA_OPSIYON;D_EQ;SSO;D_EQ_EPP;DE_TCELL_EPP;TCELL.E;2025-10-31;0.89;0.72;23.61;0;0;0;0;0;0;0;0;0;83;0;;;;;
2025-10-08;O_TCELLE1025P94.00;TCELL_10/2025_AVRUPA_OPSIYON;D_EQ;SSO;D_EQ_EPP;DE_TCELL_EPP;TCELL.E;2025-10-31;1.27;1.01;25.74;0;0;0;0;0;0;0;0;0;534;0;;;;;
2025-10-08;O_TCELLE1025P96.00;TCELL_10/2025_AVRUPA_OPSIYON;D_EQ;SSO;D_EQ_EPP;DE_TCELL_EPP;TCELL.E;2025-10-31;1.78;1.39;28.06;0;0;0;0;0;0;0;0;0;0;0;;;;;
2025-10-08;O_TCELLE1025P98.00;TCELL_10/2025_AVRUPA_OPSIYON;D_EQ;SSO;D_EQ_EPP;DE_TCELL_EPP;TCELL.E;2025-10-31;2.47;1.89;30.69;0;0;0;0;0;0;0;0;0;1855;0;;;;;
2025-10-08;O_TCELLE1125C100.00;TCELL_11/2025_AVRUPA_OPSIYON;D_EQ;SSO;D_EQ_ECP;DE_TCELL_ECP;TCELL.E;2025-11-28;7.47;8.94;-16.44;0;0;0;0;0;0;0;0;0;63;0;;;;;
2025-10-08;O_TCELLE1125C105.00;TCELL_11/2025_AVRUPA_OPSIYON;D_EQ;SSO;D_EQ_ECP;DE_TCELL_ECP;TCELL.E;2025-11-28;5.04;6.18;-18.45;0;0;0;0;0;0;0;0;0;50;0;;;;;
2025-10-08;O_TCELLE1125C110.00;TCELL_11/2025_AVRUPA_OPSIYON;D_EQ;SSO;D_EQ_ECP;DE_TCELL_ECP;TCELL.E;2025-11-28;3.34;4.16;-19.71;0;0;0;0;0;0;0;0;0;26;0;;;;;
2025-10-08;O_TCELLE1125C115.00;TCELL_11/2025_AVRUPA_OPSIYON;D_EQ;SSO;D_EQ_ECP;DE_TCELL_ECP;TCELL.E;2025-11-28;2.3;2.9;-20.69;0;0;0;0;0;0;0;0;0;1;0;;;;;
2025-10-08;O_TCELLE1125C120.00;TCELL_11/2025_AVRUPA_OPSIYON;D_EQ;SSO;D_EQ_ECP;DE_TCELL_ECP;TCELL.E;2025-11-28;1.6;2.09;-23.44;1.25;1.25;1.25;1.25;1.25;1020000;10625;85;4;207;85;;;;;
2025-10-08;O_TCELLE1125C125.00;TCELL_11/2025_AVRUPA_OPSIYON;D_EQ;SSO;D_EQ_ECP;DE_TCELL_ECP;TCELL.E;2025-11-28;1.13;1.53;-26.14;0;0;0;0;0;0;0;0;0;70;0;;;;;
2025-10-08;O_TCELLE1125C130.00;TCELL_11/2025_AVRUPA_OPSIYON;D_EQ;SSO;D_EQ_ECP;DE_TCELL_ECP;TCELL.E;2025-11-28;0.81;1.15;-29.57;0;0;0;0;0;0;0;0;0;0;0;;;;;
2025-10-08;O_TCELLE1125C135.00;TCELL_11/2025_AVRUPA_OPSIYON;D_EQ;SSO;D_EQ_ECP;DE_TCELL_ECP;TCELL.E;2025-11-28;0.6;0.89;-32.58;0;0;0;0;0;0;0;0;0;0;0;;;;;
2025-10-08;O_TCELLE1125C94.00;TCELL_11/2025_AVRUPA_OPSIYON;D_EQ;SSO;D_EQ_ECP;DE_TCELL_ECP;TCELL.E;2025-11-28;11.4;13.2;-13.64;0;0;0;0;0;0;0;0;0;0;0;;;;;
2025-10-08;O_TCELLE1125C96.00;TCELL_11/2025_AVRUPA_OPSIYON;D_EQ;SSO;D_EQ_ECP;DE_TCELL_ECP;TCELL.E;2025-11-28;9.99;11.71;-14.69;0;0;0;0;0;0;0;0;0;151;0;;;;;
2025-10-08;O_TCELLE1125C98.00;TCELL_11/2025_AVRUPA_OPSIYON;D_EQ;SSO;D_EQ_ECP;DE_TCELL_ECP;TCELL.E;2025-11-28;8.66;10.28;-15.76;0;0;0;0;0;0;0;0;0;151;0;;;;;
2025-10-08;O_TCELLE1125P100.00;TCELL_11/2025_AVRUPA_OPSIYON;D_EQ;SSO;D_EQ_EPP;DE_TCELL_EPP;TCELL.E;2025-11-28;3.85;3.27;17.74;0;0;0;0;0;0;0;0;0;113;0;;;;;
2025-10-08;O_TCELLE1125P105.00;TCELL_11/2025_AVRUPA_OPSIYON;D_EQ;SSO;D_EQ_EPP;DE_TCELL_EPP;TCELL.E;2025-11-28;6.16;5.24;17.56;0;0;0;0;0;0;0;0;0;530;0;;;;;
2025-10-08;O_TCELLE1125P110.00;TCELL_11/2025_AVRUPA_OPSIYON;D_EQ;SSO;D_EQ_EPP;DE_TCELL_EPP;TCELL.E;2025-11-28;9.2;7.97;15.43;0;0;0;0;0;0;0;0;0;2300;0;;;;;
2025-10-08;O_TCELLE1125P84.00;TCELL_11/2025_AVRUPA_OPSIYON;D_EQ;SSO;D_EQ_EPP;DE_TCELL_EPP;TCELL.E;2025-11-28;0.64;0.61;4.92;0;0;0;0;0;0;0;0;0;0;0;;;;;
2025-10-08;O_TCELLE1125P86.00;TCELL_11/2025_AVRUPA_OPSIYON;D_EQ;SSO;D_EQ_EPP;DE_TCELL_EPP;TCELL.E;2025-11-28;0.83;0.78;6.41;0;0;0;0;0;0;0;0;0;0;0;;;;;
2025-10-08;O_TCELLE1125P88.00;TCELL_11/2025_AVRUPA_OPSIYON;D_EQ;SSO;D_EQ_EPP;DE_TCELL_EPP;TCELL.E;2025-11-28;1.06;0.97;9.28;0;0;0;0;0;0;0;0;0;25;0;;;;;
2025-10-08;O_TCELLE1125P90.00;TCELL_11/2025_AVRUPA_OPSIYON;D_EQ;SSO;D_EQ_EPP;DE_TCELL_EPP;TCELL.E;2025-11-28;1.34;1.21;10.74;0;0;0;0;0;0;0;0;0;25;0;;;;;
2025-10-08;O_TCELLE1125P92.00;TCELL_11/2025_AVRUPA_OPSIYON;D_EQ;SSO;D_EQ_EPP;DE_TCELL_EPP;TCELL.E;2025-11-28;1.68;1.5;12;0;0;0;0;0;0;0;0;0;25;0;;;;;
2025-10-08;O_TCELLE1125P94.00;TCELL_11/2025_AVRUPA_OPSIYON;D_EQ;SSO;D_EQ_EPP;DE_TCELL_EPP;TCELL.E;2025-11-28;2.09;1.84;13.59;0;0;0;0;0;0;0;0;0;40;0;;;;;
2025-10-08;O_TCELLE1125P96.00;TCELL_11/2025_AVRUPA_OPSIYON;D_EQ;SSO;D_EQ_EPP;DE_TCELL_EPP;TCELL.E;2025-11-28;2.58;2.25;14.67;0;0;0;0;0;0;0;0;0;25;0;;;;;
2025-10-08;O_TCELLE1125P98.00;TCELL_11/2025_AVRUPA_OPSIYON;D_EQ;SSO;D_EQ_EPP;DE_TCELL_EPP;TCELL.E;2025-11-28;3.14;2.72;15.44;0;0;0;0;0;0;0;0;0;50;0;;;;;
2025-10-08;O_TCELLE1225C100.00;TCELL_12/2025_AVRUPA_OPSIYON;D_EQ;SSO;D_EQ_ECP;DE_TCELL_ECP;TCELL.E;2025-12-31;12.04;13.76;-12.5;0;0;0;0;0;0;0;0;0;0;0;;;;;
2025-10-08;O_TCELLE1225C105.00;TCELL_12/2025_AVRUPA_OPSIYON;D_EQ;SSO;D_EQ_ECP;DE_TCELL_ECP;TCELL.E;2025-12-31;9.17;10.59;-13.41;0;0;0;0;0;0;0;0;0;0;0;;;;;
2025-10-08;O_TCELLE1225C110.00;TCELL_12/2025_AVRUPA_OPSIYON;D_EQ;SSO;D_EQ_ECP;DE_TCELL_ECP;TCELL.E;2025-12-31;6.9;8.06;-14.39;0;0;0;0;0;0;0;0;0;0;0;;;;;
2025-10-08;O_TCELLE1225C115.00;TCELL_12/2025_AVRUPA_OPSIYON;D_EQ;SSO;D_EQ_ECP;DE_TCELL_ECP;TCELL.E;2025-12-31;5.26;6.12;-14.05;0;0;0;0;0;0;0;0;0;0;0;;;;;
2025-10-08;O_TCELLE1225C120.00;TCELL_12/2025_AVRUPA_OPSIYON;D_EQ;SSO;D_EQ_ECP;DE_TCELL_ECP;TCELL.E;2025-12-31;4.13;4.88;-15.37;0;0;0;0;0;0;0;0;0;0;0;;;;;
2025-10-08;O_TCELLE1225C125.00;TCELL_12/2025_AVRUPA_OPSIYON;D_EQ;SSO;D_EQ_ECP;DE_TCELL_ECP;TCELL.E;2025-12-31;3.28;3.96;-17.17;0;0;0;0;0;0;0;0;0;0;0;;;;;
2025-10-08;O_TCELLE1225C130.00;TCELL_12/2025_AVRUPA_OPSIYON;D_EQ;SSO;D_EQ_ECP;DE_TCELL_ECP;TCELL.E;2025-12-31;2.64;3.26;-19.02;0;0;0;0;0;0;0;0;0;0;0;;;;;
2025-10-08;O_TCELLE1225C135.00;TCELL_12/2025_AVRUPA_OPSIYON;D_EQ;SSO;D_EQ_ECP;DE_TCELL_ECP;TCELL.E;2025-12-31;2.16;2.73;-20.88;0;0;0;0;0;0;0;0;0;0;0;;;;;
2025-10-08;O_TCELLE1225C140.00;TCELL_12/2025_AVRUPA_OPSIYON;D_EQ;SSO;D_EQ_ECP;DE_TCELL_ECP;TCELL.E;2025-12-31;1.79;2.33;-23.18;0;0;0;0;0;0;0;0;0;0;0;;;;;
2025-10-08;O_TCELLE1225P100.00;TCELL_12/2025_AVRUPA_OPSIYON;D_EQ;SSO;D_EQ_EPP;DE_TCELL_EPP;TCELL.E;2025-12-31;3.54;3.21;10.28;0;0;0;0;0;0;0;0;0;0;0;;;;;
2025-10-08;O_TCELLE1225P105.00;TCELL_12/2025_AVRUPA_OPSIYON;D_EQ;SSO;D_EQ_EPP;DE_TCELL_EPP;TCELL.E;2025-12-31;5.17;4.52;14.38;0;0;0;0;0;0;0;0;0;0;0;;;;;
2025-10-08;O_TCELLE1225P110.00;TCELL_12/2025_AVRUPA_OPSIYON;D_EQ;SSO;D_EQ_EPP;DE_TCELL_EPP;TCELL.E;2025-12-31;7.41;6.49;14.18;0;0;0;0;0;0;0;0;0;0;0;;;;;
2025-10-08;O_TCELLE1225P115.00;TCELL_12/2025_AVRUPA_OPSIYON;D_EQ;SSO;D_EQ_EPP;DE_TCELL_EPP;TCELL.E;2025-12-31;10.26;9.04;13.5;0;0;0;0;0;0;0;0;0;0;0;;;;;
2025-10-08;O_TCELLE1225P90.00;TCELL_12/2025_AVRUPA_OPSIYON;D_EQ;SSO;D_EQ_EPP;DE_TCELL_EPP;TCELL.E;2025-12-31;1.6;1.54;3.9;0;0;0;0;0;0;0;0;0;0;0;;;;;
2025-10-08;O_TCELLE1225P92.00;TCELL_12/2025_AVRUPA_OPSIYON;D_EQ;SSO;D_EQ_EPP;DE_TCELL_EPP;TCELL.E;2025-12-31;1.9;1.8;5.56;0;0;0;0;0;0;0;0;0;0;0;;;;;
2025-10-08;O_TCELLE1225P94.00;TCELL_12/2025_AVRUPA_OPSIYON;D_EQ;SSO;D_EQ_EPP;DE_TCELL_EPP;TCELL.E;2025-12-31;2.24;2.09;7.18;0;0;0;0;0;0;0;0;0;0;0;;;;;
2025-10-08;O_TCELLE1225P96.00;TCELL_12/2025_AVRUPA_OPSIYON;D_EQ;SSO;D_EQ_EPP;DE_TCELL_EPP;TCELL.E;2025-12-31;2.62;2.42;8.26;0;0;0;0;0;0;0;0;0;0;0;;;;;
2025-10-08;O_TCELLE1225P98.00;TCELL_12/2025_AVRUPA_OPSIYON;D_EQ;SSO;D_EQ_EPP;DE_TCELL_EPP;TCELL.E;2025-12-31;3.06;2.79;9.68;0;0;0;0;0;0;0;0;0;0;0;;;;;
2025-10-08;O_THYAOE1025C300.00;THYAO_10/2025_AVRUPA_OPSIYON;D_EQ;SSO;D_EQ_ECP;DE_THYAO_ECP;THYAO.E;2025-10-31;20.75;24.05;-13.72;0;0;0;0;0;0;0;0;0;0;0;;;;;
2025-10-08;O_THYAOE1025C310.00;THYAO_10/2025_AVRUPA_OPSIYON;D_EQ;SSO;D_EQ_ECP;DE_THYAO_ECP;THYAO.E;2025-10-31;13.94;16.69;-16.48;0;0;0;0;0;0;0;0;0;206;0;;;;;
2025-10-08;O_THYAOE1025C320.00;THYAO_10/2025_AVRUPA_OPSIYON;D_EQ;SSO;D_EQ_ECP;DE_THYAO_ECP;THYAO.E;2025-10-31;8.72;10.87;-19.78;0;0;0;0;0;0;0;0;0;4000;0;;;;;
2025-10-08;O_THYAOE1025C330.00;THYAO_10/2025_AVRUPA_OPSIYON;D_EQ;SSO;D_EQ_ECP;DE_THYAO_ECP;THYAO.E;2025-10-31;5.17;6.71;-22.95;4.25;4.2;4.25;4.2;4.22;990000;12670;30;3;727;30;;;;;
2025-10-08;O_THYAOE1025C340.00;THYAO_10/2025_AVRUPA_OPSIYON;D_EQ;SSO;D_EQ_ECP;DE_THYAO_ECP;THYAO.E;2025-10-31;3.09;4;-22.75;0;0;0;0;0;0;0;0;0;432;0;;;;;
2025-10-08;O_THYAOE1025C350.00;THYAO_10/2025_AVRUPA_OPSIYON;D_EQ;SSO;D_EQ_ECP;DE_THYAO_ECP;THYAO.E;2025-10-31;1.91;2.51;-23.9;0;0;0;0;0;0;0;0;0;504;0;;;;;
2025-10-08;O_THYAOE1025C360.00;THYAO_10/2025_AVRUPA_OPSIYON;D_EQ;SSO;D_EQ_ECP;DE_THYAO_ECP;THYAO.E;2025-10-31;1.2;1.6;-25;1.15;1.1;1.15;1.15;1.14;9072000;28700;252;10;1864;252;;;;;
2025-10-08;O_THYAOE1025C370.00;THYAO_10/2025_AVRUPA_OPSIYON;D_EQ;SSO;D_EQ_ECP;DE_THYAO_ECP;THYAO.E;2025-10-31;0.77;1.04;-25.96;0;0;0;0;0;0;0;0;0;2672;0;;;;;
2025-10-08;O_THYAOE1025C380.00;THYAO_10/2025_AVRUPA_OPSIYON;D_EQ;SSO;D_EQ_ECP;DE_THYAO_ECP;THYAO.E;2025-10-31;0.51;0.69;-26.09;0;0;0;0;0;0;0;0;0;320;0;;;;;
2025-10-08;O_THYAOE1025C390.00;THYAO_10/2025_AVRUPA_OPSIYON;D_EQ;SSO;D_EQ_ECP;DE_THYAO_ECP;THYAO.E;2025-10-31;0.34;0.47;-27.66;0;0;0;0;0;0;0;0;0;0;0;;;;;
2025-10-08;O_THYAOE1025C400.00;THYAO_10/2025_AVRUPA_OPSIYON;D_EQ;SSO;D_EQ_ECP;DE_THYAO_ECP;THYAO.E;2025-10-31;0.24;0.33;-27.27;0;0;0;0;0;0;0;0;0;0;0;;;;;
2025-10-08;O_THYAOE1025C410.00;THYAO_10/2025_AVRUPA_OPSIYON;D_EQ;SSO;D_EQ_ECP;DE_THYAO_ECP;THYAO.E;2025-10-31;0.17;0.24;-29.17;0;0;0;0;0;0;0;0;0;0;0;;;;;
2025-10-08;O_THYAOE1025C420.00;THYAO_10/2025_AVRUPA_OPSIYON;D_EQ;SSO;D_EQ_ECP;DE_THYAO_ECP;THYAO.E;2025-10-31;0.13;0.17;-23.53;0;0;0;0;0;0;0;0;0;0;0;;;;;
2025-10-08;O_THYAOE1025C430.00;THYAO_10/2025_AVRUPA_OPSIYON;D_EQ;SSO;D_EQ_ECP;DE_THYAO_ECP;THYAO.E;2025-10-31;0.1;0.13;-23.08;0;0;0;0;0;0;0;0;0;0;0;;;;;
2025-10-08;O_THYAOE1025P250.00;THYAO_10/2025_AVRUPA_OPSIYON;D_EQ;SSO;D_EQ_EPP;DE_THYAO_EPP;THYAO.E;2025-10-31;0.09;0.09;0;0;0;0;0;0;0;0;0;0;0;0;;;;;
2025-10-08;O_THYAOE1025P260.00;THYAO_10/2025_AVRUPA_OPSIYON;D_EQ;SSO;D_EQ_EPP;DE_THYAO_EPP;THYAO.E;2025-10-31;0.21;0.19;10.53;0;0;0;0;0;0;0;0;0;0;0;;;;;
2025-10-08;O_THYAOE1025P270.00;THYAO_10/2025_AVRUPA_OPSIYON;D_EQ;SSO;D_EQ_EPP;DE_THYAO_EPP;THYAO.E;2025-10-31;0.45;0.4;12.5;0;0;0;0;0;0;0;0;0;0;0;;;;;
2025-10-08;O_THYAOE1025P280.00;THYAO_10/2025_AVRUPA_OPSIYON;D_EQ;SSO;D_EQ_EPP;DE_THYAO_EPP;THYAO.E;2025-10-31;0.93;0.81;14.81;0;0;0;0;0;0;0;0;0;84;0;;;;;
2025-10-08;O_THYAOE1025P290.00;THYAO_10/2025_AVRUPA_OPSIYON;D_EQ;SSO;D_EQ_EPP;DE_THYAO_EPP;THYAO.E;2025-10-31;1.82;1.57;15.92;1.4;1.4;1.4;1.4;1.4;812000;3920;28;3;238;28;;;;;
2025-10-08;O_THYAOE1025P300.00;THYAO_10/2025_AVRUPA_OPSIYON;D_EQ;SSO;D_EQ_EPP;DE_THYAO_EPP;THYAO.E;2025-10-31;3.4;2.9;17.24;2.7;2.7;2.7;2.7;2.7;840000;7560;28;3;530;0;;;;;
2025-10-08;O_THYAOE1025P310.00;THYAO_10/2025_AVRUPA_OPSIYON;D_EQ;SSO;D_EQ_EPP;DE_THYAO_EPP;THYAO.E;2025-10-31;6.35;5.29;20.04;4.81;4.81;4.95;4.91;4.9;1798000;28430;58;6;221;48;;;;;
2025-10-08;O_THYAOE1025P320.00;THYAO_10/2025_AVRUPA_OPSIYON;D_EQ;SSO;D_EQ_EPP;DE_THYAO_EPP;THYAO.E;2025-10-31;10.9;9.22;18.22;0;0;0;0;0;0;0;0;0;54;0;;;;;
2025-10-08;O_THYAOE1025P330.00;THYAO_10/2025_AVRUPA_OPSIYON;D_EQ;SSO;D_EQ_EPP;DE_THYAO_EPP;THYAO.E;2025-10-31;17.11;14.81;15.53;14.97;14.97;14.97;14.97;14.97;330000;14970;10;2;96;10;;;;;
2025-10-08;O_THYAOE1025P340.00;THYAO_10/2025_AVRUPA_OPSIYON;D_EQ;SSO;D_EQ_EPP;DE_THYAO_EPP;THYAO.E;2025-10-31;24.79;21.86;13.4;0;0;0;0;0;0;0;0;0;78;0;;;;;
2025-10-08;O_THYAOE1025P350.00;THYAO_10/2025_AVRUPA_OPSIYON;D_EQ;SSO;D_EQ_EPP;DE_THYAO_EPP;THYAO.E;2025-10-31;33.38;30.13;10.79;0;0;0;0;0;0;0;0;0;18;0;;;;;
2025-10-08;O_THYAOE1025P360.00;THYAO_10/2025_AVRUPA_OPSIYON;D_EQ;SSO;D_EQ_EPP;DE_THYAO_EPP;THYAO.E;2025-10-31;42.43;38.97;8.88;0;0;0;0;0;0;0;0;0;18;0;;;;;
2025-10-08;O_THYAOE1025P370.00;THYAO_10/2025_AVRUPA_OPSIYON;D_EQ;SSO;D_EQ_EPP;DE_THYAO_EPP;THYAO.E;2025-10-31;51.76;48.16;7.48;0;0;0;0;0;0;0;0;0;0;0;;;;;
2025-10-08;O_THYAOE1025P380.00;THYAO_10/2025_AVRUPA_OPSIYON;D_EQ;SSO;D_EQ_EPP;DE_THYAO_EPP;THYAO.E;2025-10-31;61.27;57.56;6.45;0;0;0;0;0;0;0;0;0;0;0;;;;;
2025-10-08;O_THYAOE1125C310.00;THYAO_11/2025_AVRUPA_OPSIYON;D_EQ;SSO;D_EQ_ECP;DE_THYAO_ECP;THYAO.E;2025-11-28;23.97;27.04;-11.35;0;0;0;0;0;0;0;0;0;0;0;;;;;
2025-10-08;O_THYAOE1125C320.00;THYAO_11/2025_AVRUPA_OPSIYON;D_EQ;SSO;D_EQ_ECP;DE_THYAO_ECP;THYAO.E;2025-11-28;18.06;20.6;-12.33;0;0;0;0;0;0;0;0;0;8;0;;;;;
2025-10-08;O_THYAOE1125C330.00;THYAO_11/2025_AVRUPA_OPSIYON;D_EQ;SSO;D_EQ_ECP;DE_THYAO_ECP;THYAO.E;2025-11-28;13.26;15.33;-13.5;0;0;0;0;0;0;0;0;0;8;0;;;;;
2025-10-08;O_THYAOE1125C340.00;THYAO_11/2025_AVRUPA_OPSIYON;D_EQ;SSO;D_EQ_ECP;DE_THYAO_ECP;THYAO.E;2025-11-28;9.64;11.3;-14.69;0;0;0;0;0;0;0;0;0;10;0;;;;;
2025-10-08;O_THYAOE1125C350.00;THYAO_11/2025_AVRUPA_OPSIYON;D_EQ;SSO;D_EQ_ECP;DE_THYAO_ECP;THYAO.E;2025-11-28;7.23;8.31;-13;6.98;6.98;6.98;6.98;6.98;350000;6980;10;1;40;10;;;;;
2025-10-08;O_THYAOE1125C360.00;THYAO_11/2025_AVRUPA_OPSIYON;D_EQ;SSO;D_EQ_ECP;DE_THYAO_ECP;THYAO.E;2025-11-28;5.63;6.47;-12.98;0;0;0;0;0;0;0;0;0;18;0;;;;;
2025-10-08;O_THYAOE1125C370.00;THYAO_11/2025_AVRUPA_OPSIYON;D_EQ;SSO;D_EQ_ECP;DE_THYAO_ECP;THYAO.E;2025-11-28;4.45;5.11;-12.92;3.39;2.54;3.39;2.6;3.03;8954000;73212;242;22;485;242;;;;;
2025-10-08;O_THYAOE1125C380.00;THYAO_11/2025_AVRUPA_OPSIYON;D_EQ;SSO;D_EQ_ECP;DE_THYAO_ECP;THYAO.E;2025-11-28;3.57;4.1;-12.93;0;0;0;0;0;0;0;0;0;172;0;;;;;
2025-10-08;O_THYAOE1125C390.00;THYAO_11/2025_AVRUPA_OPSIYON;D_EQ;SSO;D_EQ_ECP;DE_THYAO_ECP;THYAO.E;2025-11-28;2.92;3.34;-12.57;0;0;0;0;0;0;0;0;0;381;0;;;;;
2025-10-08;O_THYAOE1125C400.00;THYAO_11/2025_AVRUPA_OPSIYON;D_EQ;SSO;D_EQ_ECP;DE_THYAO_ECP;THYAO.E;2025-11-28;2.43;2.77;-12.27;0;0;0;0;0;0;0;0;0;133;0;;;;;
2025-10-08;O_THYAOE1125C410.00;THYAO_11/2025_AVRUPA_OPSIYON;D_EQ;SSO;D_EQ_ECP;DE_THYAO_ECP;THYAO.E;2025-11-28;2.05;2.34;-12.39;0;0;0;0;0;0;0;0;0;0;0;;;;;
2025-10-08;O_THYAOE1125C420.00;THYAO_11/2025_AVRUPA_OPSIYON;D_EQ;SSO;D_EQ_ECP;DE_THYAO_ECP;THYAO.E;2025-11-28;1.77;2;-11.5;0;0;0;0;0;0;0;0;0;0;0;;;;;
2025-10-08;O_THYAOE1125C430.00;THYAO_11/2025_AVRUPA_OPSIYON;D_EQ;SSO;D_EQ_ECP;DE_THYAO_ECP;THYAO.E;2025-11-28;1.54;1.74;-11.49;0;0;0;0;0;0;0;0;0;0;0;;;;;
2025-10-08;O_THYAOE1125P260.00;THYAO_11/2025_AVRUPA_OPSIYON;D_EQ;SSO;D_EQ_EPP;DE_THYAO_EPP;THYAO.E;2025-11-28;1.17;1.09;7.34;0;0;0;0;0;0;0;0;0;0;0;;;;;
2025-10-08;O_THYAOE1125P270.00;THYAO_11/2025_AVRUPA_OPSIYON;D_EQ;SSO;D_EQ_EPP;DE_THYAO_EPP;THYAO.E;2025-11-28;1.76;1.62;8.64;0;0;0;0;0;0;0;0;0;0;0;;;;;
2025-10-08;O_THYAOE1125P280.00;THYAO_11/2025_AVRUPA_OPSIYON;D_EQ;SSO;D_EQ_EPP;DE_THYAO_EPP;THYAO.E;2025-11-28;2.6;2.38;9.24;0;0;0;0;0;0;0;0;0;0;0;;;;;
2025-10-08;O_THYAOE1125P290.00;THYAO_11/2025_AVRUPA_OPSIYON;D_EQ;SSO;D_EQ_EPP;DE_THYAO_EPP;THYAO.E;2025-11-28;3.79;3.45;9.86;0;0;0;0;0;0;0;0;0;1;0;;;;;
2025-10-08;O_THYAOE1125P300.00;THYAO_11/2025_AVRUPA_OPSIYON;D_EQ;SSO;D_EQ_EPP;DE_THYAO_EPP;THYAO.E;2025-11-28;5.44;4.93;10.34;0;0;0;0;0;0;0;0;0;1;0;;;;;
2025-10-08;O_THYAOE1125P310.00;THYAO_11/2025_AVRUPA_OPSIYON;D_EQ;SSO;D_EQ_EPP;DE_THYAO_EPP;THYAO.E;2025-11-28;7.69;6.96;10.49;6.61;6.59;6.61;6.59;6.6;310000;6602;10;3;90;10;;;;;
2025-10-08;O_THYAOE1125P320.00;THYAO_11/2025_AVRUPA_OPSIYON;D_EQ;SSO;D_EQ_EPP;DE_THYAO_EPP;THYAO.E;2025-11-28;11.26;9.98;12.83;0;0;0;0;0;0;0;0;0;18;0;;;;;
2025-10-08;O_THYAOE1125P330.00;THYAO_11/2025_AVRUPA_OPSIYON;D_EQ;SSO;D_EQ_EPP;DE_THYAO_EPP;THYAO.E;2025-11-28;15.94;14.19;12.33;0;0;0;0;0;0;0;0;0;8;0;;;;;
2025-10-08;O_THYAOE1125P340.00;THYAO_11/2025_AVRUPA_OPSIYON;D_EQ;SSO;D_EQ_EPP;DE_THYAO_EPP;THYAO.E;2025-11-28;21.81;19.63;11.11;0;0;0;0;0;0;0;0;0;10;0;;;;;
2025-10-08;O_THYAOE1125P350.00;THYAO_11/2025_AVRUPA_OPSIYON;D_EQ;SSO;D_EQ_EPP;DE_THYAO_EPP;THYAO.E;2025-11-28;28.88;26.12;10.57;0;0;0;0;0;0;0;0;0;310;0;;;;;
2025-10-08;O_THYAOE1125P360.00;THYAO_11/2025_AVRUPA_OPSIYON;D_EQ;SSO;D_EQ_EPP;DE_THYAO_EPP;THYAO.E;2025-11-28;36.76;33.75;8.92;0;0;0;0;0;0;0;0;0;0;0;;;;;
2025-10-08;O_THYAOE1125P370.00;THYAO_11/2025_AVRUPA_OPSIYON;D_EQ;SSO;D_EQ_EPP;DE_THYAO_EPP;THYAO.E;2025-11-28;45.06;41.86;7.64;0;0;0;0;0;0;0;0;0;840;0;;;;;
2025-10-08;O_THYAOE1125P380.00;THYAO_11/2025_AVRUPA_OPSIYON;D_EQ;SSO;D_EQ_EPP;DE_THYAO_EPP;THYAO.E;2025-11-28;53.67;50.32;6.66;0;0;0;0;0;0;0;0;0;0;0;;;;;
2025-10-08;O_THYAOE1225C320.00;THYAO_12/2025_AVRUPA_OPSIYON;D_EQ;SSO;D_EQ_ECP;DE_THYAO_ECP;THYAO.E;2025-12-31;31.67;34.87;-9.18;0;0;0;0;0;0;0;0;0;0;0;;;;;
2025-10-08;O_THYAOE1225C330.00;THYAO_12/2025_AVRUPA_OPSIYON;D_EQ;SSO;D_EQ_ECP;DE_THYAO_ECP;THYAO.E;2025-12-31;25.78;28.48;-9.48;0;0;0;0;0;0;0;0;0;0;0;;;;;
2025-10-08;O_THYAOE1225C340.00;THYAO_12/2025_AVRUPA_OPSIYON;D_EQ;SSO;D_EQ_ECP;DE_THYAO_ECP;THYAO.E;2025-12-31;20.72;23.1;-10.3;0;0;0;0;0;0;0;0;0;0;0;;;;;
2025-10-08;O_THYAOE1225C350.00;THYAO_12/2025_AVRUPA_OPSIYON;D_EQ;SSO;D_EQ_ECP;DE_THYAO_ECP;THYAO.E;2025-12-31;16.7;18.68;-10.6;0;0;0;0;0;0;0;0;0;0;0;;;;;
2025-10-08;O_THYAOE1225C360.00;THYAO_12/2025_AVRUPA_OPSIYON;D_EQ;SSO;D_EQ_ECP;DE_THYAO_ECP;THYAO.E;2025-12-31;13.68;15.05;-9.1;0;0;0;0;0;0;0;0;0;0;0;;;;;
2025-10-08;O_THYAOE1225C370.00;THYAO_12/2025_AVRUPA_OPSIYON;D_EQ;SSO;D_EQ_ECP;DE_THYAO_ECP;THYAO.E;2025-12-31;11.63;12.77;-8.93;0;0;0;0;0;0;0;0;0;0;0;;;;;
2025-10-08;O_THYAOE1225C380.00;THYAO_12/2025_AVRUPA_OPSIYON;D_EQ;SSO;D_EQ_ECP;DE_THYAO_ECP;THYAO.E;2025-12-31;10;10.96;-8.76;0;0;0;0;0;0;0;0;0;0;0;;;;;
2025-10-08;O_THYAOE1225C390.00;THYAO_12/2025_AVRUPA_OPSIYON;D_EQ;SSO;D_EQ_ECP;DE_THYAO_ECP;THYAO.E;2025-12-31;8.7;9.51;-8.52;0;0;0;0;0;0;0;0;0;0;0;;;;;
2025-10-08;O_THYAOE1225C400.00;THYAO_12/2025_AVRUPA_OPSIYON;D_EQ;SSO;D_EQ_ECP;DE_THYAO_ECP;THYAO.E;2025-12-31;7.67;8.36;-8.25;0;0;0;0;0;0;0;0;0;0;0;;;;;
2025-10-08;O_THYAOE1225P270.00;THYAO_12/2025_AVRUPA_OPSIYON;D_EQ;SSO;D_EQ_EPP;DE_THYAO_EPP;THYAO.E;2025-12-31;2.59;2.44;6.15;0;0;0;0;0;0;0;0;0;0;0;;;;;
2025-10-08;O_THYAOE1225P280.00;THYAO_12/2025_AVRUPA_OPSIYON;D_EQ;SSO;D_EQ_EPP;DE_THYAO_EPP;THYAO.E;2025-12-31;3.39;3.18;6.6;0;0;0;0;0;0;0;0;0;0;0;;;;;
2025-10-08;O_THYAOE1225P290.00;THYAO_12/2025_AVRUPA_OPSIYON;D_EQ;SSO;D_EQ_EPP;DE_THYAO_EPP;THYAO.E;2025-12-31;4.4;4.12;6.8;0;0;0;0;0;0;0;0;0;0;0;;;;;
2025-10-08;O_THYAOE1225P300.00;THYAO_12/2025_AVRUPA_OPSIYON;D_EQ;SSO;D_EQ_EPP;DE_THYAO_EPP;THYAO.E;2025-12-31;5.67;5.3;6.98;0;0;0;0;0;0;0;0;0;0;0;;;;;
2025-10-08;O_THYAOE1225P310.00;THYAO_12/2025_AVRUPA_OPSIYON;D_EQ;SSO;D_EQ_EPP;DE_THYAO_EPP;THYAO.E;2025-12-31;7.28;6.77;7.53;0;0;0;0;0;0;0;0;0;0;0;;;;;
2025-10-08;O_THYAOE1225P320.00;THYAO_12/2025_AVRUPA_OPSIYON;D_EQ;SSO;D_EQ_EPP;DE_THYAO_EPP;THYAO.E;2025-12-31;9.28;8.61;7.78;0;0;0;0;0;0;0;0;0;0;0;;;;;
2025-10-08;O_THYAOE1225P330.00;THYAO_12/2025_AVRUPA_OPSIYON;D_EQ;SSO;D_EQ_EPP;DE_THYAO_EPP;THYAO.E;2025-12-31;12.38;11.21;10.44;0;0;0;0;0;0;0;0;0;0;0;;;;;
2025-10-08;O_THYAOE1225P340.00;THYAO_12/2025_AVRUPA_OPSIYON;D_EQ;SSO;D_EQ_EPP;DE_THYAO_EPP;THYAO.E;2025-12-31;16.32;14.82;10.12;0;0;0;0;0;0;0;0;0;0;0;;;;;
2025-10-08;O_THYAOE1225P350.00;THYAO_12/2025_AVRUPA_OPSIYON;D_EQ;SSO;D_EQ_EPP;DE_THYAO_EPP;THYAO.E;2025-12-31;21.29;19.38;9.86;0;0;0;0;0;0;0;0;0;0;0;;;;;
2025-10-08;O_TOASOE1025C230.00;TOASO_10/2025_AVRUPA_OPSIYON;D_EQ;SSO;D_EQ_ECP;DE_TOASO_ECP;TOASO.E;2025-10-31;58.37;54.7;6.71;0;0;0;0;0;0;0;0;0;0;0;;;;;
2025-10-08;O_TOASOE1025C235.00;TOASO_10/2025_AVRUPA_OPSIYON;D_EQ;SSO;D_EQ_ECP;DE_TOASO_ECP;TOASO.E;2025-10-31;53.6;49.98;7.24;0;0;0;0;0;0;0;0;0;0;0;;;;;
2025-10-08;O_TOASOE1025C240.00;TOASO_10/2025_AVRUPA_OPSIYON;D_EQ;SSO;D_EQ_ECP;DE_TOASO_ECP;TOASO.E;2025-10-31;48.89;45.34;7.83;0;0;0;0;0;0;0;0;0;0;0;;;;;
2025-10-08;O_TOASOE1025C245.00;TOASO_10/2025_AVRUPA_OPSIYON;D_EQ;SSO;D_EQ_ECP;DE_TOASO_ECP;TOASO.E;2025-10-31;44.26;40.8;8.48;0;0;0;0;0;0;0;0;0;0;0;;;;;
2025-10-08;O_TOASOE1025C250.00;TOASO_10/2025_AVRUPA_OPSIYON;D_EQ;SSO;D_EQ_ECP;DE_TOASO_ECP;TOASO.E;2025-10-31;39.73;36.39;9.18;0;0;0;0;0;0;0;0;0;120;0;;;;;
2025-10-08;O_TOASOE1025C260.00;TOASO_10/2025_AVRUPA_OPSIYON;D_EQ;SSO;D_EQ_ECP;DE_TOASO_ECP;TOASO.E;2025-10-31;31.12;28.08;10.83;0;0;0;0;0;0;0;0;0;50;0;;;;;
2025-10-08;O_TOASOE1025C270.00;TOASO_10/2025_AVRUPA_OPSIYON;D_EQ;SSO;D_EQ_ECP;DE_TOASO_ECP;TOASO.E;2025-10-31;23.32;20.69;12.71;0;0;0;0;0;0;0;0;0;20;0;;;;;
2025-10-08;O_TOASOE1025C280.00;TOASO_10/2025_AVRUPA_OPSIYON;D_EQ;SSO;D_EQ_ECP;DE_TOASO_ECP;TOASO.E;2025-10-31;16.65;14.55;14.43;16.5;16.5;16.5;16.5;16.5;280000;16500;10;1;40;0;;;;;
2025-10-08;O_TOASOE1025C290.00;TOASO_10/2025_AVRUPA_OPSIYON;D_EQ;SSO;D_EQ_ECP;DE_TOASO_ECP;TOASO.E;2025-10-31;11.33;9.77;15.97;0;0;0;0;0;0;0;0;0;0;0;;;;;
2025-10-08;O_TOASOE1025C300.00;TOASO_10/2025_AVRUPA_OPSIYON;D_EQ;SSO;D_EQ_ECP;DE_TOASO_ECP;TOASO.E;2025-10-31;7.37;6.27;17.54;7.26;7.25;7.26;7.25;7.25;1200000;29010;40;2;40;40;;;;;
2025-10-08;O_TOASOE1025C310.00;TOASO_10/2025_AVRUPA_OPSIYON;D_EQ;SSO;D_EQ_ECP;DE_TOASO_ECP;TOASO.E;2025-10-31;4.64;3.96;17.17;0;0;0;0;0;0;0;0;0;0;0;;;;;
2025-10-08;O_TOASOE1025C320.00;TOASO_10/2025_AVRUPA_OPSIYON;D_EQ;SSO;D_EQ_ECP;DE_TOASO_ECP;TOASO.E;2025-10-31;2.85;2.43;17.28;2.7;2.7;2.7;2.7;2.7;640000;5400;20;1;20;20;;;;;
2025-10-08;O_TOASOE1025C330.00;TOASO_10/2025_AVRUPA_OPSIYON;D_EQ;SSO;D_EQ_ECP;DE_TOASO_ECP;TOASO.E;2025-10-31;1.71;1.46;17.12;0;0;0;0;0;0;0;0;0;0;0;;;;;
2025-10-08;O_TOASOE1025C340.00;TOASO_10/2025_AVRUPA_OPSIYON;D_EQ;SSO;D_EQ_ECP;DE_TOASO_ECP;TOASO.E;2025-10-31;1;0.87;14.94;0;0;0;0;0;0;0;0;0;0;0;;;;;
2025-10-08;O_TOASOE1025C350.00;TOASO_10/2025_AVRUPA_OPSIYON;D_EQ;SSO;D_EQ_ECP;DE_TOASO_ECP;TOASO.E;2025-10-31;0.58;;0;0;0;0;0;0;0;0;0;0;0;0;;;;;
2025-10-08;O_TOASOE1025P205.00;TOASO_10/2025_AVRUPA_OPSIYON;D_EQ;SSO;D_EQ_EPP;DE_TOASO_EPP;TOASO.E;2025-10-31;0.01;0.02;-50;0;0;0;0;0;0;0;0;0;0;0;;;;;
2025-10-08;O_TOASOE1025P210.00;TOASO_10/2025_AVRUPA_OPSIYON;D_EQ;SSO;D_EQ_EPP;DE_TOASO_EPP;TOASO.E;2025-10-31;0.02;0.03;-33.33;0;0;0;0;0;0;0;0;0;0;0;;;;;
2025-10-08;O_TOASOE1025P215.00;TOASO_10/2025_AVRUPA_OPSIYON;D_EQ;SSO;D_EQ_EPP;DE_TOASO_EPP;TOASO.E;2025-10-31;0.03;0.06;-50;0;0;0;0;0;0;0;0;0;0;0;;;;;
2025-10-08;O_TOASOE1025P220.00;TOASO_10/2025_AVRUPA_OPSIYON;D_EQ;SSO;D_EQ_EPP;DE_TOASO_EPP;TOASO.E;2025-10-31;0.06;0.1;-40;0;0;0;0;0;0;0;0;0;30;0;;;;;
2025-10-08;O_TOASOE1025P225.00;TOASO_10/2025_AVRUPA_OPSIYON;D_EQ;SSO;D_EQ_EPP;DE_TOASO_EPP;TOASO.E;2025-10-31;0.1;0.17;-41.18;0;0;0;0;0;0;0;0;0;0;0;;;;;
2025-10-08;O_TOASOE1025P230.00;TOASO_10/2025_AVRUPA_OPSIYON;D_EQ;SSO;D_EQ_EPP;DE_TOASO_EPP;TOASO.E;2025-10-31;0.18;0.27;-33.33;0;0;0;0;0;0;0;0;0;0;0;;;;;
2025-10-08;O_TOASOE1025P235.00;TOASO_10/2025_AVRUPA_OPSIYON;D_EQ;SSO;D_EQ_EPP;DE_TOASO_EPP;TOASO.E;2025-10-31;0.29;0.44;-34.09;0;0;0;0;0;0;0;0;0;0;0;;;;;
2025-10-08;O_TOASOE1025P240.00;TOASO_10/2025_AVRUPA_OPSIYON;D_EQ;SSO;D_EQ_EPP;DE_TOASO_EPP;TOASO.E;2025-10-31;0.46;0.67;-31.34;0;0;0;0;0;0;0;0;0;0;0;;;;;
2025-10-08;O_TOASOE1025P245.00;TOASO_10/2025_AVRUPA_OPSIYON;D_EQ;SSO;D_EQ_EPP;DE_TOASO_EPP;TOASO.E;2025-10-31;0.71;1.01;-29.7;0;0;0;0;0;0;0;0;0;0;0;;;;;
2025-10-08;O_TOASOE1025P250.00;TOASO_10/2025_AVRUPA_OPSIYON;D_EQ;SSO;D_EQ_EPP;DE_TOASO_EPP;TOASO.E;2025-10-31;1.07;1.47;-27.21;0;0;0;0;0;0;0;0;0;11;0;;;;;
2025-10-08;O_TOASOE1025P260.00;TOASO_10/2025_AVRUPA_OPSIYON;D_EQ;SSO;D_EQ_EPP;DE_TOASO_EPP;TOASO.E;2025-10-31;2.22;2.92;-23.97;0;0;0;0;0;0;0;0;0;14;0;;;;;
2025-10-08;O_TOASOE1025P270.00;TOASO_10/2025_AVRUPA_OPSIYON;D_EQ;SSO;D_EQ_EPP;DE_TOASO_EPP;TOASO.E;2025-10-31;4.18;5.27;-20.68;0;0;0;0;0;0;0;0;0;0;0;;;;;
2025-10-08;O_TOASOE1025P280.00;TOASO_10/2025_AVRUPA_OPSIYON;D_EQ;SSO;D_EQ_EPP;DE_TOASO_EPP;TOASO.E;2025-10-31;7.28;8.89;-18.11;0;0;0;0;0;0;0;0;0;23;0;;;;;
2025-10-08;O_TOASOE1025P290.00;TOASO_10/2025_AVRUPA_OPSIYON;D_EQ;SSO;D_EQ_EPP;DE_TOASO_EPP;TOASO.E;2025-10-31;11.72;13.86;-15.44;0;0;0;0;0;0;0;0;0;23;0;;;;;
2025-10-08;O_TOASOE1025P300.00;TOASO_10/2025_AVRUPA_OPSIYON;D_EQ;SSO;D_EQ_EPP;DE_TOASO_EPP;TOASO.E;2025-10-31;17.52;;0;0;0;0;0;0;0;0;0;0;0;0;;;;;
2025-10-08;O_TOASOE1125C235.00;TOASO_11/2025_AVRUPA_OPSIYON;D_EQ;SSO;D_EQ_ECP;DE_TOASO_ECP;TOASO.E;2025-11-28;61.23;57.76;6.01;0;0;0;0;0;0;0;0;0;0;0;;;;;
2025-10-08;O_TOASOE1125C240.00;TOASO_11/2025_AVRUPA_OPSIYON;D_EQ;SSO;D_EQ_ECP;DE_TOASO_ECP;TOASO.E;2025-11-28;56.89;53.5;6.34;0;0;0;0;0;0;0;0;0;0;0;;;;;
2025-10-08;O_TOASOE1125C245.00;TOASO_11/2025_AVRUPA_OPSIYON;D_EQ;SSO;D_EQ_ECP;DE_TOASO_ECP;TOASO.E;2025-11-28;52.65;49.34;6.71;0;0;0;0;0;0;0;0;0;23;0;;;;;
2025-10-08;O_TOASOE1125C250.00;TOASO_11/2025_AVRUPA_OPSIYON;D_EQ;SSO;D_EQ_ECP;DE_TOASO_ECP;TOASO.E;2025-11-28;48.51;45.3;7.09;0;0;0;0;0;0;0;0;0;23;0;;;;;
2025-10-08;O_TOASOE1125C260.00;TOASO_11/2025_AVRUPA_OPSIYON;D_EQ;SSO;D_EQ_ECP;DE_TOASO_ECP;TOASO.E;2025-11-28;40.63;37.64;7.94;0;0;0;0;0;0;0;0;0;23;0;;;;;
2025-10-08;O_TOASOE1125C270.00;TOASO_11/2025_AVRUPA_OPSIYON;D_EQ;SSO;D_EQ_ECP;DE_TOASO_ECP;TOASO.E;2025-11-28;33.35;30.61;8.95;0;0;0;0;0;0;0;0;0;0;0;;;;;
2025-10-08;O_TOASOE1125C280.00;TOASO_11/2025_AVRUPA_OPSIYON;D_EQ;SSO;D_EQ_ECP;DE_TOASO_ECP;TOASO.E;2025-11-28;26.77;24.33;10.03;0;0;0;0;0;0;0;0;0;0;0;;;;;
2025-10-08;O_TOASOE1125C290.00;TOASO_11/2025_AVRUPA_OPSIYON;D_EQ;SSO;D_EQ_ECP;DE_TOASO_ECP;TOASO.E;2025-11-28;21.1;19.06;10.7;0;0;0;0;0;0;0;0;0;14;0;;;;;
2025-10-08;O_TOASOE1125C300.00;TOASO_11/2025_AVRUPA_OPSIYON;D_EQ;SSO;D_EQ_ECP;DE_TOASO_ECP;TOASO.E;2025-11-28;16.34;14.68;11.31;0;0;0;0;0;0;0;0;0;1;0;;;;;
2025-10-08;O_TOASOE1125C310.00;TOASO_11/2025_AVRUPA_OPSIYON;D_EQ;SSO;D_EQ_ECP;DE_TOASO_ECP;TOASO.E;2025-11-28;12.49;11.16;11.92;0;0;0;0;0;0;0;0;0;0;0;;;;;
2025-10-08;O_TOASOE1125C320.00;TOASO_11/2025_AVRUPA_OPSIYON;D_EQ;SSO;D_EQ_ECP;DE_TOASO_ECP;TOASO.E;2025-11-28;9.52;8.53;11.61;0;0;0;0;0;0;0;0;0;0;0;;;;;
2025-10-08;O_TOASOE1125C330.00;TOASO_11/2025_AVRUPA_OPSIYON;D_EQ;SSO;D_EQ_ECP;DE_TOASO_ECP;TOASO.E;2025-11-28;7.24;6.48;11.73;0;0;0;0;0;0;0;0;0;4;0;;;;;
2025-10-08;O_TOASOE1125C340.00;TOASO_11/2025_AVRUPA_OPSIYON;D_EQ;SSO;D_EQ_ECP;DE_TOASO_ECP;TOASO.E;2025-11-28;5.48;4.91;11.61;0;0;0;0;0;0;0;0;0;30;0;;;;;
2025-10-08;O_TOASOE1125C350.00;TOASO_11/2025_AVRUPA_OPSIYON;D_EQ;SSO;D_EQ_ECP;DE_TOASO_ECP;TOASO.E;2025-11-28;4.13;3.71;11.32;3;3;3;3;3;805000;6900;23;2;46;23;;;;;
2025-10-08;O_TOASOE1125P210.00;TOASO_11/2025_AVRUPA_OPSIYON;D_EQ;SSO;D_EQ_EPP;DE_TOASO_EPP;TOASO.E;2025-11-28;0.28;0.36;-22.22;0;0;0;0;0;0;0;0;0;0;0;;;;;
2025-10-08;O_TOASOE1125P215.00;TOASO_11/2025_AVRUPA_OPSIYON;D_EQ;SSO;D_EQ_EPP;DE_TOASO_EPP;TOASO.E;2025-11-28;0.39;0.51;-23.53;0;0;0;0;0;0;0;0;0;0;0;;;;;
2025-10-08;O_TOASOE1125P220.00;TOASO_11/2025_AVRUPA_OPSIYON;D_EQ;SSO;D_EQ_EPP;DE_TOASO_EPP;TOASO.E;2025-11-28;0.54;0.69;-21.74;0;0;0;0;0;0;0;0;0;0;0;;;;;
2025-10-08;O_TOASOE1125P225.00;TOASO_11/2025_AVRUPA_OPSIYON;D_EQ;SSO;D_EQ_EPP;DE_TOASO_EPP;TOASO.E;2025-11-28;0.74;0.93;-20.43;0;0;0;0;0;0;0;0;0;0;0;;;;;
2025-10-08;O_TOASOE1125P230.00;TOASO_11/2025_AVRUPA_OPSIYON;D_EQ;SSO;D_EQ_EPP;DE_TOASO_EPP;TOASO.E;2025-11-28;1;1.24;-19.35;0;0;0;0;0;0;0;0;0;0;0;;;;;
2025-10-08;O_TOASOE1125P235.00;TOASO_11/2025_AVRUPA_OPSIYON;D_EQ;SSO;D_EQ_EPP;DE_TOASO_EPP;TOASO.E;2025-11-28;1.32;1.62;-18.52;0;0;0;0;0;0;0;0;0;0;0;;;;;
2025-10-08;O_TOASOE1125P240.00;TOASO_11/2025_AVRUPA_OPSIYON;D_EQ;SSO;D_EQ_EPP;DE_TOASO_EPP;TOASO.E;2025-11-28;1.73;2.1;-17.62;0;0;0;0;0;0;0;0;0;0;0;;;;;
2025-10-08;O_TOASOE1125P245.00;TOASO_11/2025_AVRUPA_OPSIYON;D_EQ;SSO;D_EQ_EPP;DE_TOASO_EPP;TOASO.E;2025-11-28;2.23;2.68;-16.79;0;0;0;0;0;0;0;0;0;0;0;;;;;
2025-10-08;O_TOASOE1125P250.00;TOASO_11/2025_AVRUPA_OPSIYON;D_EQ;SSO;D_EQ_EPP;DE_TOASO_EPP;TOASO.E;2025-11-28;2.84;3.38;-15.98;0;0;0;0;0;0;0;0;0;0;0;;;;;
2025-10-08;O_TOASOE1125P260.00;TOASO_11/2025_AVRUPA_OPSIYON;D_EQ;SSO;D_EQ_EPP;DE_TOASO_EPP;TOASO.E;2025-11-28;4.43;5.18;-14.48;0;0;0;0;0;0;0;0;0;0;0;;;;;
2025-10-08;O_TOASOE1125P270.00;TOASO_11/2025_AVRUPA_OPSIYON;D_EQ;SSO;D_EQ_EPP;DE_TOASO_EPP;TOASO.E;2025-11-28;6.63;7.64;-13.22;0;0;0;0;0;0;0;0;0;20;0;;;;;
2025-10-08;O_TOASOE1125P280.00;TOASO_11/2025_AVRUPA_OPSIYON;D_EQ;SSO;D_EQ_EPP;DE_TOASO_EPP;TOASO.E;2025-11-28;9.54;10.83;-11.91;0;0;0;0;0;0;0;0;0;10;0;;;;;
2025-10-08;O_TOASOE1125P290.00;TOASO_11/2025_AVRUPA_OPSIYON;D_EQ;SSO;D_EQ_EPP;DE_TOASO_EPP;TOASO.E;2025-11-28;13.35;15.02;-11.12;0;0;0;0;0;0;0;0;0;10;0;;;;;
2025-10-08;O_TOASOE1125P300.00;TOASO_11/2025_AVRUPA_OPSIYON;D_EQ;SSO;D_EQ_EPP;DE_TOASO_EPP;TOASO.E;2025-11-28;18.08;20.12;-10.14;0;0;0;0;0;0;0;0;0;23;0;;;;;
2025-10-08;O_TOASOE1225C270.00;TOASO_12/2025_AVRUPA_OPSIYON;D_EQ;SSO;D_EQ_ECP;DE_TOASO_ECP;TOASO.E;2025-12-31;46.8;43.89;6.63;0;0;0;0;0;0;0;0;0;0;0;;;;;
2025-10-08;O_TOASOE1225C280.00;TOASO_12/2025_AVRUPA_OPSIYON;D_EQ;SSO;D_EQ_ECP;DE_TOASO_ECP;TOASO.E;2025-12-31;40.15;37.43;7.27;0;0;0;0;0;0;0;0;0;0;0;;;;;
2025-10-08;O_TOASOE1225C290.00;TOASO_12/2025_AVRUPA_OPSIYON;D_EQ;SSO;D_EQ_ECP;DE_TOASO_ECP;TOASO.E;2025-12-31;34.01;31.51;7.93;0;0;0;0;0;0;0;0;0;0;0;;;;;
2025-10-08;O_TOASOE1225C300.00;TOASO_12/2025_AVRUPA_OPSIYON;D_EQ;SSO;D_EQ_ECP;DE_TOASO_ECP;TOASO.E;2025-12-31;28.58;26.4;8.26;0;0;0;0;0;0;0;0;0;0;0;;;;;
2025-10-08;O_TOASOE1225C310.00;TOASO_12/2025_AVRUPA_OPSIYON;D_EQ;SSO;D_EQ_ECP;DE_TOASO_ECP;TOASO.E;2025-12-31;23.84;21.95;8.61;0;0;0;0;0;0;0;0;0;0;0;;;;;
2025-10-08;O_TOASOE1225C320.00;TOASO_12/2025_AVRUPA_OPSIYON;D_EQ;SSO;D_EQ_ECP;DE_TOASO_ECP;TOASO.E;2025-12-31;19.79;18.15;9.04;0;0;0;0;0;0;0;0;0;0;0;;;;;
2025-10-08;O_TOASOE1225C330.00;TOASO_12/2025_AVRUPA_OPSIYON;D_EQ;SSO;D_EQ_ECP;DE_TOASO_ECP;TOASO.E;2025-12-31;16.45;15.15;8.58;0;0;0;0;0;0;0;0;0;0;0;;;;;
2025-10-08;O_TOASOE1225C340.00;TOASO_12/2025_AVRUPA_OPSIYON;D_EQ;SSO;D_EQ_ECP;DE_TOASO_ECP;TOASO.E;2025-12-31;13.72;12.63;8.63;0;0;0;0;0;0;0;0;0;0;0;;;;;
2025-10-08;O_TOASOE1225C350.00;TOASO_12/2025_AVRUPA_OPSIYON;D_EQ;SSO;D_EQ_ECP;DE_TOASO_ECP;TOASO.E;2025-12-31;11.42;10.52;8.56;0;0;0;0;0;0;0;0;0;0;0;;;;;
2025-10-08;O_TOASOE1225C360.00;TOASO_12/2025_AVRUPA_OPSIYON;D_EQ;SSO;D_EQ_ECP;DE_TOASO_ECP;TOASO.E;2025-12-31;9.51;;0;0;0;0;0;0;0;0;0;0;0;0;;;;;
2025-10-08;O_TOASOE1225P235.00;TOASO_12/2025_AVRUPA_OPSIYON;D_EQ;SSO;D_EQ_EPP;DE_TOASO_EPP;TOASO.E;2025-12-31;2.02;2.33;-13.3;0;0;0;0;0;0;0;0;0;0;0;;;;;
2025-10-08;O_TOASOE1225P240.00;TOASO_12/2025_AVRUPA_OPSIYON;D_EQ;SSO;D_EQ_EPP;DE_TOASO_EPP;TOASO.E;2025-12-31;2.46;2.82;-12.77;0;0;0;0;0;0;0;0;0;0;0;;;;;
2025-10-08;O_TOASOE1225P245.00;TOASO_12/2025_AVRUPA_OPSIYON;D_EQ;SSO;D_EQ_EPP;DE_TOASO_EPP;TOASO.E;2025-12-31;2.98;3.4;-12.35;0;0;0;0;0;0;0;0;0;0;0;;;;;
2025-10-08;O_TOASOE1225P250.00;TOASO_12/2025_AVRUPA_OPSIYON;D_EQ;SSO;D_EQ_EPP;DE_TOASO_EPP;TOASO.E;2025-12-31;3.58;4.06;-11.82;0;0;0;0;0;0;0;0;0;0;0;;;;;
2025-10-08;O_TOASOE1225P260.00;TOASO_12/2025_AVRUPA_OPSIYON;D_EQ;SSO;D_EQ_EPP;DE_TOASO_EPP;TOASO.E;2025-12-31;5.04;5.67;-11.11;0;0;0;0;0;0;0;0;0;0;0;;;;;
2025-10-08;O_TOASOE1225P270.00;TOASO_12/2025_AVRUPA_OPSIYON;D_EQ;SSO;D_EQ_EPP;DE_TOASO_EPP;TOASO.E;2025-12-31;6.92;7.71;-10.25;0;0;0;0;0;0;0;0;0;0;0;;;;;
2025-10-08;O_TOASOE1225P280.00;TOASO_12/2025_AVRUPA_OPSIYON;D_EQ;SSO;D_EQ_EPP;DE_TOASO_EPP;TOASO.E;2025-12-31;9.27;10.23;-9.38;0;0;0;0;0;0;0;0;0;0;0;;;;;
2025-10-08;O_TOASOE1225P290.00;TOASO_12/2025_AVRUPA_OPSIYON;D_EQ;SSO;D_EQ_EPP;DE_TOASO_EPP;TOASO.E;2025-12-31;12.13;13.3;-8.8;0;0;0;0;0;0;0;0;0;0;0;;;;;
2025-10-08;O_TOASOE1225P300.00;TOASO_12/2025_AVRUPA_OPSIYON;D_EQ;SSO;D_EQ_EPP;DE_TOASO_EPP;TOASO.E;2025-12-31;15.69;17.17;-8.62;0;0;0;0;0;0;0;0;0;0;0;;;;;
2025-10-08;O_TOASOE1225P310.00;TOASO_12/2025_AVRUPA_OPSIYON;D_EQ;SSO;D_EQ_EPP;DE_TOASO_EPP;TOASO.E;2025-12-31;19.95;;0;0;0;0;0;0;0;0;0;0;0;0;;;;;
2025-10-08;O_TTKOME1025C50.00;TTKOM_10/2025_AVRUPA_OPSIYON;D_EQ;SSO;D_EQ_ECP;DE_TTKOM_ECP;TTKOM.E;2025-10-31;3.26;4.36;-25.23;0;0;0;0;0;0;0;0;0;3;0;;;;;
2025-10-08;O_TTKOME1025C52.00;TTKOM_10/2025_AVRUPA_OPSIYON;D_EQ;SSO;D_EQ_ECP;DE_TTKOM_ECP;TTKOM.E;2025-10-31;2.15;3.05;-29.51;0;0;0;0;0;0;0;0;0;51;0;;;;;
2025-10-08;O_TTKOME1025C54.00;TTKOM_10/2025_AVRUPA_OPSIYON;D_EQ;SSO;D_EQ_ECP;DE_TTKOM_ECP;TTKOM.E;2025-10-31;1.36;2.03;-33;0;0;0;0;0;0;0;0;0;5;0;;;;;
2025-10-08;O_TTKOME1025C56.00;TTKOM_10/2025_AVRUPA_OPSIYON;D_EQ;SSO;D_EQ_ECP;DE_TTKOM_ECP;TTKOM.E;2025-10-31;0.85;1.3;-34.62;0;0;0;0;0;0;0;0;0;0;0;;;;;
2025-10-08;O_TTKOME1025C58.00;TTKOM_10/2025_AVRUPA_OPSIYON;D_EQ;SSO;D_EQ_ECP;DE_TTKOM_ECP;TTKOM.E;2025-10-31;0.54;0.83;-34.94;0;0;0;0;0;0;0;0;0;100;0;;;;;
2025-10-08;O_TTKOME1025C60.00;TTKOM_10/2025_AVRUPA_OPSIYON;D_EQ;SSO;D_EQ_ECP;DE_TTKOM_ECP;TTKOM.E;2025-10-31;0.34;0.53;-35.85;0;0;0;0;0;0;0;0;0;0;0;;;;;
2025-10-08;O_TTKOME1025C62.00;TTKOM_10/2025_AVRUPA_OPSIYON;D_EQ;SSO;D_EQ_ECP;DE_TTKOM_ECP;TTKOM.E;2025-10-31;0.22;0.34;-35.29;0;0;0;0;0;0;0;0;0;1;0;;;;;
2025-10-08;O_TTKOME1025C64.00;TTKOM_10/2025_AVRUPA_OPSIYON;D_EQ;SSO;D_EQ_ECP;DE_TTKOM_ECP;TTKOM.E;2025-10-31;0.14;0.22;-36.36;0;0;0;0;0;0;0;0;0;0;0;;;;;
2025-10-08;O_TTKOME1025C66.00;TTKOM_10/2025_AVRUPA_OPSIYON;D_EQ;SSO;D_EQ_ECP;DE_TTKOM_ECP;TTKOM.E;2025-10-31;0.1;0.14;-28.57;0;0;0;0;0;0;0;0;0;0;0;;;;;
2025-10-08;O_TTKOME1025C68.00;TTKOM_10/2025_AVRUPA_OPSIYON;D_EQ;SSO;D_EQ_ECP;DE_TTKOM_ECP;TTKOM.E;2025-10-31;0.06;0.09;-33.33;0;0;0;0;0;0;0;0;0;17;0;;;;;
2025-10-08;O_TTKOME1025C70.00;TTKOM_10/2025_AVRUPA_OPSIYON;D_EQ;SSO;D_EQ_ECP;DE_TTKOM_ECP;TTKOM.E;2025-10-31;0.05;0.06;-16.67;0;0;0;0;0;0;0;0;0;0;0;;;;;
2025-10-08;O_TTKOME1025C72.00;TTKOM_10/2025_AVRUPA_OPSIYON;D_EQ;SSO;D_EQ_ECP;DE_TTKOM_ECP;TTKOM.E;2025-10-31;0.03;0.04;-25;0;0;0;0;0;0;0;0;0;0;0;;;;;
2025-10-08;O_TTKOME1025C74.00;TTKOM_10/2025_AVRUPA_OPSIYON;D_EQ;SSO;D_EQ_ECP;DE_TTKOM_ECP;TTKOM.E;2025-10-31;0.02;0.03;-33.33;0;0;0;0;0;0;0;0;0;0;0;;;;;
2025-10-08;O_TTKOME1025C76.00;TTKOM_10/2025_AVRUPA_OPSIYON;D_EQ;SSO;D_EQ_ECP;DE_TTKOM_ECP;TTKOM.E;2025-10-31;0.02;0.02;0;0;0;0;0;0;0;0;0;0;0;0;;;;;
2025-10-08;O_TTKOME1025C78.00;TTKOM_10/2025_AVRUPA_OPSIYON;D_EQ;SSO;D_EQ_ECP;DE_TTKOM_ECP;TTKOM.E;2025-10-31;0.01;0.01;0;0;0;0;0;0;0;0;0;0;0;0;;;;;
2025-10-08;O_TTKOME1025P45.00;TTKOM_10/2025_AVRUPA_OPSIYON;D_EQ;SSO;D_EQ_EPP;DE_TTKOM_EPP;TTKOM.E;2025-10-31;0.26;0.17;52.94;0;0;0;0;0;0;0;0;0;125;0;;;;;
2025-10-08;O_TTKOME1025P46.00;TTKOM_10/2025_AVRUPA_OPSIYON;D_EQ;SSO;D_EQ_EPP;DE_TTKOM_EPP;TTKOM.E;2025-10-31;0.37;0.25;48;0;0;0;0;0;0;0;0;0;2;0;;;;;
2025-10-08;O_TTKOME1025P47.00;TTKOM_10/2025_AVRUPA_OPSIYON;D_EQ;SSO;D_EQ_EPP;DE_TTKOM_EPP;TTKOM.E;2025-10-31;0.51;0.35;45.71;0;0;0;0;0;0;0;0;0;2;0;;;;;
2025-10-08;O_TTKOME1025P48.00;TTKOM_10/2025_AVRUPA_OPSIYON;D_EQ;SSO;D_EQ_EPP;DE_TTKOM_EPP;TTKOM.E;2025-10-31;0.69;0.49;40.82;0;0;0;0;0;0;0;0;0;5;0;;;;;
2025-10-08;O_TTKOME1025P49.00;TTKOM_10/2025_AVRUPA_OPSIYON;D_EQ;SSO;D_EQ_EPP;DE_TTKOM_EPP;TTKOM.E;2025-10-31;0.92;0.66;39.39;0;0;0;0;0;0;0;0;0;2;0;;;;;
2025-10-08;O_TTKOME1025P50.00;TTKOM_10/2025_AVRUPA_OPSIYON;D_EQ;SSO;D_EQ_EPP;DE_TTKOM_EPP;TTKOM.E;2025-10-31;1.23;0.88;39.77;0;0;0;0;0;0;0;0;0;93;0;;;;;
2025-10-08;O_TTKOME1025P52.00;TTKOM_10/2025_AVRUPA_OPSIYON;D_EQ;SSO;D_EQ_EPP;DE_TTKOM_EPP;TTKOM.E;2025-10-31;2.07;1.52;36.18;0;0;0;0;0;0;0;0;0;246;0;;;;;
2025-10-08;O_TTKOME1025P54.00;TTKOM_10/2025_AVRUPA_OPSIYON;D_EQ;SSO;D_EQ_EPP;DE_TTKOM_EPP;TTKOM.E;2025-10-31;3.23;2.45;31.84;0;0;0;0;0;0;0;0;0;30;0;;;;;
2025-10-08;O_TTKOME1025P56.00;TTKOM_10/2025_AVRUPA_OPSIYON;D_EQ;SSO;D_EQ_EPP;DE_TTKOM_EPP;TTKOM.E;2025-10-31;4.68;3.67;27.52;0;0;0;0;0;0;0;0;0;100;0;;;;;
2025-10-08;O_TTKOME1025P58.00;TTKOM_10/2025_AVRUPA_OPSIYON;D_EQ;SSO;D_EQ_EPP;DE_TTKOM_EPP;TTKOM.E;2025-10-31;6.32;5.15;22.72;0;0;0;0;0;0;0;0;0;200;0;;;;;
2025-10-08;O_TTKOME1025P60.00;TTKOM_10/2025_AVRUPA_OPSIYON;D_EQ;SSO;D_EQ_EPP;DE_TTKOM_EPP;TTKOM.E;2025-10-31;8.07;6.8;18.68;0;0;0;0;0;0;0;0;0;1100;0;;;;;
2025-10-08;O_TTKOME1025P62.00;TTKOM_10/2025_AVRUPA_OPSIYON;D_EQ;SSO;D_EQ_EPP;DE_TTKOM_EPP;TTKOM.E;2025-10-31;9.9;8.56;15.65;0;0;0;0;0;0;0;0;0;50;0;;;;;
2025-10-08;O_TTKOME1025P64.00;TTKOM_10/2025_AVRUPA_OPSIYON;D_EQ;SSO;D_EQ_EPP;DE_TTKOM_EPP;TTKOM.E;2025-10-31;11.78;10.39;13.38;0;0;0;0;0;0;0;0;0;50;0;;;;;
2025-10-08;O_TTKOME1025P66.00;TTKOM_10/2025_AVRUPA_OPSIYON;D_EQ;SSO;D_EQ_EPP;DE_TTKOM_EPP;TTKOM.E;2025-10-31;13.68;12.26;11.58;0;0;0;0;0;0;0;0;0;50;0;;;;;
2025-10-08;O_TTKOME1025P68.00;TTKOM_10/2025_AVRUPA_OPSIYON;D_EQ;SSO;D_EQ_EPP;DE_TTKOM_EPP;TTKOM.E;2025-10-31;15.61;14.16;10.24;0;0;0;0;0;0;0;0;0;0;0;;;;;
2025-10-08;O_TTKOME1125C50.00;TTKOM_11/2025_AVRUPA_OPSIYON;D_EQ;SSO;D_EQ_ECP;DE_TTKOM_ECP;TTKOM.E;2025-11-28;5.14;6.27;-18.02;0;0;0;0;0;0;0;0;0;218;0;;;;;
2025-10-08;O_TTKOME1125C52.00;TTKOM_11/2025_AVRUPA_OPSIYON;D_EQ;SSO;D_EQ_ECP;DE_TTKOM_ECP;TTKOM.E;2025-11-28;3.94;4.94;-20.24;0;0;0;0;0;0;0;0;0;118;0;;;;;
2025-10-08;O_TTKOME1125C54.00;TTKOM_11/2025_AVRUPA_OPSIYON;D_EQ;SSO;D_EQ_ECP;DE_TTKOM_ECP;TTKOM.E;2025-11-28;2.98;3.82;-21.99;0;0;0;0;0;0;0;0;0;0;0;;;;;
2025-10-08;O_TTKOME1125C56.00;TTKOM_11/2025_AVRUPA_OPSIYON;D_EQ;SSO;D_EQ_ECP;DE_TTKOM_ECP;TTKOM.E;2025-11-28;2.24;2.92;-23.29;0;0;0;0;0;0;0;0;0;2;0;;;;;
2025-10-08;O_TTKOME1125C58.00;TTKOM_11/2025_AVRUPA_OPSIYON;D_EQ;SSO;D_EQ_ECP;DE_TTKOM_ECP;TTKOM.E;2025-11-28;1.73;2.21;-21.72;0;0;0;0;0;0;0;0;0;685;0;;;;;
2025-10-08;O_TTKOME1125C60.00;TTKOM_11/2025_AVRUPA_OPSIYON;D_EQ;SSO;D_EQ_ECP;DE_TTKOM_ECP;TTKOM.E;2025-11-28;1.36;1.72;-20.93;0;0;0;0;0;0;0;0;0;1;0;;;;;
2025-10-08;O_TTKOME1125C62.00;TTKOM_11/2025_AVRUPA_OPSIYON;D_EQ;SSO;D_EQ_ECP;DE_TTKOM_ECP;TTKOM.E;2025-11-28;1.07;1.34;-20.15;0;0;0;0;0;0;0;0;0;2;0;;;;;
2025-10-08;O_TTKOME1125C64.00;TTKOM_11/2025_AVRUPA_OPSIYON;D_EQ;SSO;D_EQ_ECP;DE_TTKOM_ECP;TTKOM.E;2025-11-28;0.86;1.06;-18.87;0;0;0;0;0;0;0;0;0;0;0;;;;;
2025-10-08;O_TTKOME1125C66.00;TTKOM_11/2025_AVRUPA_OPSIYON;D_EQ;SSO;D_EQ_ECP;DE_TTKOM_ECP;TTKOM.E;2025-11-28;0.7;0.84;-16.67;0;0;0;0;0;0;0;0;0;0;0;;;;;
2025-10-08;O_TTKOME1125C68.00;TTKOM_11/2025_AVRUPA_OPSIYON;D_EQ;SSO;D_EQ_ECP;DE_TTKOM_ECP;TTKOM.E;2025-11-28;0.57;0.67;-14.93;0;0;0;0;0;0;0;0;0;0;0;;;;;
2025-10-08;O_TTKOME1125C70.00;TTKOM_11/2025_AVRUPA_OPSIYON;D_EQ;SSO;D_EQ_ECP;DE_TTKOM_ECP;TTKOM.E;2025-11-28;0.47;0.54;-12.96;0;0;0;0;0;0;0;0;0;0;0;;;;;
2025-10-08;O_TTKOME1125C72.00;TTKOM_11/2025_AVRUPA_OPSIYON;D_EQ;SSO;D_EQ_ECP;DE_TTKOM_ECP;TTKOM.E;2025-11-28;0.4;0.44;-9.09;0;0;0;0;0;0;0;0;0;0;0;;;;;
2025-10-08;O_TTKOME1125P45.00;TTKOM_11/2025_AVRUPA_OPSIYON;D_EQ;SSO;D_EQ_EPP;DE_TTKOM_EPP;TTKOM.E;2025-11-28;0.67;0.51;31.37;0;0;0;0;0;0;0;0;0;0;0;;;;;
2025-10-08;O_TTKOME1125P46.00;TTKOM_11/2025_AVRUPA_OPSIYON;D_EQ;SSO;D_EQ_EPP;DE_TTKOM_EPP;TTKOM.E;2025-11-28;0.82;0.64;28.13;0;0;0;0;0;0;0;0;0;1;0;;;;;
2025-10-08;O_TTKOME1125P47.00;TTKOM_11/2025_AVRUPA_OPSIYON;D_EQ;SSO;D_EQ_EPP;DE_TTKOM_EPP;TTKOM.E;2025-11-28;0.99;0.78;26.92;0;0;0;0;0;0;0;0;0;0;0;;;;;
2025-10-08;O_TTKOME1125P48.00;TTKOM_11/2025_AVRUPA_OPSIYON;D_EQ;SSO;D_EQ_EPP;DE_TTKOM_EPP;TTKOM.E;2025-11-28;1.2;0.95;26.32;0;0;0;0;0;0;0;0;0;0;0;;;;;
2025-10-08;O_TTKOME1125P49.00;TTKOM_11/2025_AVRUPA_OPSIYON;D_EQ;SSO;D_EQ_EPP;DE_TTKOM_EPP;TTKOM.E;2025-11-28;1.43;1.15;24.35;0;0;0;0;0;0;0;0;0;0;0;;;;;
2025-10-08;O_TTKOME1125P50.00;TTKOM_11/2025_AVRUPA_OPSIYON;D_EQ;SSO;D_EQ_EPP;DE_TTKOM_EPP;TTKOM.E;2025-11-28;1.7;1.38;23.19;0;0;0;0;0;0;0;0;0;118;0;;;;;
2025-10-08;O_TTKOME1125P52.00;TTKOM_11/2025_AVRUPA_OPSIYON;D_EQ;SSO;D_EQ_EPP;DE_TTKOM_EPP;TTKOM.E;2025-11-28;2.41;1.95;23.59;0;0;0;0;0;0;0;0;0;118;0;;;;;
2025-10-08;O_TTKOME1125P54.00;TTKOM_11/2025_AVRUPA_OPSIYON;D_EQ;SSO;D_EQ_EPP;DE_TTKOM_EPP;TTKOM.E;2025-11-28;3.34;2.73;22.34;0;0;0;0;0;0;0;0;0;0;0;;;;;
2025-10-08;O_TTKOME1125P56.00;TTKOM_11/2025_AVRUPA_OPSIYON;D_EQ;SSO;D_EQ_EPP;DE_TTKOM_EPP;TTKOM.E;2025-11-28;4.49;3.72;20.7;0;0;0;0;0;0;0;0;0;0;0;;;;;
2025-10-08;O_TTKOME1125P58.00;TTKOM_11/2025_AVRUPA_OPSIYON;D_EQ;SSO;D_EQ_EPP;DE_TTKOM_EPP;TTKOM.E;2025-11-28;5.88;4.9;20;0;0;0;0;0;0;0;0;0;0;0;;;;;
2025-10-08;O_TTKOME1125P60.00;TTKOM_11/2025_AVRUPA_OPSIYON;D_EQ;SSO;D_EQ_EPP;DE_TTKOM_EPP;TTKOM.E;2025-11-28;7.4;6.31;17.27;0;0;0;0;0;0;0;0;0;0;0;;;;;
2025-10-08;O_TTKOME1125P62.00;TTKOM_11/2025_AVRUPA_OPSIYON;D_EQ;SSO;D_EQ_EPP;DE_TTKOM_EPP;TTKOM.E;2025-11-28;9.02;7.83;15.2;0;0;0;0;0;0;0;0;0;100;0;;;;;
2025-10-08;O_TTKOME1225C54.00;TTKOM_12/2025_AVRUPA_OPSIYON;D_EQ;SSO;D_EQ_ECP;DE_TTKOM_ECP;TTKOM.E;2025-12-31;5.2;6.21;-16.26;0;0;0;0;0;0;0;0;0;0;0;;;;;
2025-10-08;O_TTKOME1225C56.00;TTKOM_12/2025_AVRUPA_OPSIYON;D_EQ;SSO;D_EQ_ECP;DE_TTKOM_ECP;TTKOM.E;2025-12-31;4.26;5.16;-17.44;0;0;0;0;0;0;0;0;0;0;0;;;;;
2025-10-08;O_TTKOME1225C58.00;TTKOM_12/2025_AVRUPA_OPSIYON;D_EQ;SSO;D_EQ_ECP;DE_TTKOM_ECP;TTKOM.E;2025-12-31;3.49;4.26;-18.08;0;0;0;0;0;0;0;0;0;0;0;;;;;
2025-10-08;O_TTKOME1225C60.00;TTKOM_12/2025_AVRUPA_OPSIYON;D_EQ;SSO;D_EQ_ECP;DE_TTKOM_ECP;TTKOM.E;2025-12-31;2.95;3.51;-15.95;0;0;0;0;0;0;0;0;0;0;0;;;;;
2025-10-08;O_TTKOME1225C62.00;TTKOM_12/2025_AVRUPA_OPSIYON;D_EQ;SSO;D_EQ_ECP;DE_TTKOM_ECP;TTKOM.E;2025-12-31;2.52;2.97;-15.15;0;0;0;0;0;0;0;0;0;0;0;;;;;
2025-10-08;O_TTKOME1225C64.00;TTKOM_12/2025_AVRUPA_OPSIYON;D_EQ;SSO;D_EQ_ECP;DE_TTKOM_ECP;TTKOM.E;2025-12-31;2.17;2.53;-14.23;0;0;0;0;0;0;0;0;0;0;0;;;;;
2025-10-08;O_TTKOME1225C66.00;TTKOM_12/2025_AVRUPA_OPSIYON;D_EQ;SSO;D_EQ_ECP;DE_TTKOM_ECP;TTKOM.E;2025-12-31;1.88;2.16;-12.96;0;0;0;0;0;0;0;0;0;0;0;;;;;
2025-10-08;O_TTKOME1225C68.00;TTKOM_12/2025_AVRUPA_OPSIYON;D_EQ;SSO;D_EQ_ECP;DE_TTKOM_ECP;TTKOM.E;2025-12-31;1.65;1.86;-11.29;0;0;0;0;0;0;0;0;0;0;0;;;;;
2025-10-08;O_TTKOME1225C70.00;TTKOM_12/2025_AVRUPA_OPSIYON;D_EQ;SSO;D_EQ_ECP;DE_TTKOM_ECP;TTKOM.E;2025-12-31;1.46;1.61;-9.32;0;0;0;0;0;0;0;0;0;0;0;;;;;
2025-10-08;O_TTKOME1225P47.00;TTKOM_12/2025_AVRUPA_OPSIYON;D_EQ;SSO;D_EQ_EPP;DE_TTKOM_EPP;TTKOM.E;2025-12-31;1.17;0.96;21.88;0;0;0;0;0;0;0;0;0;0;0;;;;;
2025-10-08;O_TTKOME1225P48.00;TTKOM_12/2025_AVRUPA_OPSIYON;D_EQ;SSO;D_EQ_EPP;DE_TTKOM_EPP;TTKOM.E;2025-12-31;1.35;1.12;20.54;0;0;0;0;0;0;0;0;0;0;0;;;;;
2025-10-08;O_TTKOME1225P49.00;TTKOM_12/2025_AVRUPA_OPSIYON;D_EQ;SSO;D_EQ_EPP;DE_TTKOM_EPP;TTKOM.E;2025-12-31;1.54;1.29;19.38;0;0;0;0;0;0;0;0;0;0;0;;;;;
2025-10-08;O_TTKOME1225P50.00;TTKOM_12/2025_AVRUPA_OPSIYON;D_EQ;SSO;D_EQ_EPP;DE_TTKOM_EPP;TTKOM.E;2025-12-31;1.75;1.48;18.24;0;0;0;0;0;0;0;0;0;0;0;;;;;
2025-10-08;O_TTKOME1225P52.00;TTKOM_12/2025_AVRUPA_OPSIYON;D_EQ;SSO;D_EQ_EPP;DE_TTKOM_EPP;TTKOM.E;2025-12-31;2.25;1.93;16.58;0;0;0;0;0;0;0;0;0;0;0;;;;;
2025-10-08;O_TTKOME1225P54.00;TTKOM_12/2025_AVRUPA_OPSIYON;D_EQ;SSO;D_EQ_EPP;DE_TTKOM_EPP;TTKOM.E;2025-12-31;2.93;2.48;18.15;0;0;0;0;0;0;0;0;0;0;0;;;;;
2025-10-08;O_TTKOME1225P56.00;TTKOM_12/2025_AVRUPA_OPSIYON;D_EQ;SSO;D_EQ_EPP;DE_TTKOM_EPP;TTKOM.E;2025-12-31;3.79;3.22;17.7;0;0;0;0;0;0;0;0;0;0;0;;;;;
2025-10-08;O_TTKOME1225P58.00;TTKOM_12/2025_AVRUPA_OPSIYON;D_EQ;SSO;D_EQ_EPP;DE_TTKOM_EPP;TTKOM.E;2025-12-31;4.82;4.11;17.27;0;0;0;0;0;0;0;0;0;0;0;;;;;
2025-10-08;O_TTKOME1225P60.00;TTKOM_12/2025_AVRUPA_OPSIYON;D_EQ;SSO;D_EQ_EPP;DE_TTKOM_EPP;TTKOM.E;2025-12-31;6.07;5.16;17.64;0;0;0;0;0;0;0;0;0;0;0;;;;;
2025-10-08;O_TUPRSE1025C165.00;TUPRS_10/2025_AVRUPA_OPSIYON;D_EQ;SSO;D_EQ_ECP;DE_TUPRS_ECP;TUPRS.E;2025-10-31;20.37;20.68;-1.5;0;0;0;0;0;0;0;0;0;30;0;;;;;
2025-10-08;O_TUPRSE1025C170.00;TUPRS_10/2025_AVRUPA_OPSIYON;D_EQ;SSO;D_EQ_ECP;DE_TUPRS_ECP;TUPRS.E;2025-10-31;16.16;16.48;-1.94;0;0;0;0;0;0;0;0;0;22;0;;;;;
2025-10-08;O_TUPRSE1025C175.00;TUPRS_10/2025_AVRUPA_OPSIYON;D_EQ;SSO;D_EQ_ECP;DE_TUPRS_ECP;TUPRS.E;2025-10-31;12.3;12.63;-2.61;0;0;0;0;0;0;0;0;0;0;0;;;;;
2025-10-08;O_TUPRSE1025C180.00;TUPRS_10/2025_AVRUPA_OPSIYON;D_EQ;SSO;D_EQ_ECP;DE_TUPRS_ECP;TUPRS.E;2025-10-31;9.03;9.35;-3.42;8.6;8.6;8.61;8.61;8.6;900000;43002;50;6;148;48;;;;;
2025-10-08;O_TUPRSE1025C185.00;TUPRS_10/2025_AVRUPA_OPSIYON;D_EQ;SSO;D_EQ_ECP;DE_TUPRS_ECP;TUPRS.E;2025-10-31;6.36;6.65;-4.36;5.94;5.94;5.94;5.94;5.94;185000;5940;10;1;0;0;;;;;
2025-10-08;O_TUPRSE1025C190.00;TUPRS_10/2025_AVRUPA_OPSIYON;D_EQ;SSO;D_EQ_ECP;DE_TUPRS_ECP;TUPRS.E;2025-10-31;4.35;4.6;-5.43;3.86;3.77;3.86;3.77;3.81;399000;8007;21;3;1;0;;;;;
2025-10-08;O_TUPRSE1025C195.00;TUPRS_10/2025_AVRUPA_OPSIYON;D_EQ;SSO;D_EQ_ECP;DE_TUPRS_ECP;TUPRS.E;2025-10-31;2.89;3.09;-6.47;2.4;2.4;2.4;2.4;2.4;936000;11520;48;5;51;48;;;;;
2025-10-08;O_TUPRSE1025C200.00;TUPRS_10/2025_AVRUPA_OPSIYON;D_EQ;SSO;D_EQ_ECP;DE_TUPRS_ECP;TUPRS.E;2025-10-31;1.97;2.13;-7.51;0;0;0;0;0;0;0;0;0;336;0;;;;;
2025-10-08;O_TUPRSE1025C205.00;TUPRS_10/2025_AVRUPA_OPSIYON;D_EQ;SSO;D_EQ_ECP;DE_TUPRS_ECP;TUPRS.E;2025-10-31;1.34;1.46;-8.22;0;0;0;0;0;0;0;0;0;68;0;;;;;
2025-10-08;O_TUPRSE1025C210.00;TUPRS_10/2025_AVRUPA_OPSIYON;D_EQ;SSO;D_EQ_ECP;DE_TUPRS_ECP;TUPRS.E;2025-10-31;0.91;1.01;-9.9;0.64;0.64;0.68;0.64;0.65;11550000;35482;550;21;1000;540;;;;;
2025-10-08;O_TUPRSE1025C215.00;TUPRS_10/2025_AVRUPA_OPSIYON;D_EQ;SSO;D_EQ_ECP;DE_TUPRS_ECP;TUPRS.E;2025-10-31;0.62;0.7;-11.43;0;0;0;0;0;0;0;0;0;0;0;;;;;
2025-10-08;O_TUPRSE1025C220.00;TUPRS_10/2025_AVRUPA_OPSIYON;D_EQ;SSO;D_EQ_ECP;DE_TUPRS_ECP;TUPRS.E;2025-10-31;0.43;0.49;-12.24;0;0;0;0;0;0;0;0;0;0;0;;;;;
2025-10-08;O_TUPRSE1025C225.00;TUPRS_10/2025_AVRUPA_OPSIYON;D_EQ;SSO;D_EQ_ECP;DE_TUPRS_ECP;TUPRS.E;2025-10-31;0.3;0.34;-11.76;0;0;0;0;0;0;0;0;0;0;0;;;;;
2025-10-08;O_TUPRSE1025C230.00;TUPRS_10/2025_AVRUPA_OPSIYON;D_EQ;SSO;D_EQ_ECP;DE_TUPRS_ECP;TUPRS.E;2025-10-31;0.21;0.24;-12.5;0;0;0;0;0;0;0;0;0;0;0;;;;;
2025-10-08;O_TUPRSE1025C235.00;TUPRS_10/2025_AVRUPA_OPSIYON;D_EQ;SSO;D_EQ_ECP;DE_TUPRS_ECP;TUPRS.E;2025-10-31;0.15;0.18;-16.67;0;0;0;0;0;0;0;0;0;0;0;;;;;
2025-10-08;O_TUPRSE1025C240.00;TUPRS_10/2025_AVRUPA_OPSIYON;D_EQ;SSO;D_EQ_ECP;DE_TUPRS_ECP;TUPRS.E;2025-10-31;0.11;0.13;-15.38;0;0;0;0;0;0;0;0;0;0;0;;;;;
2025-10-08;O_TUPRSE1025P140.00;TUPRS_10/2025_AVRUPA_OPSIYON;D_EQ;SSO;D_EQ_EPP;DE_TUPRS_EPP;TUPRS.E;2025-10-31;0.04;0.04;0;0;0;0;0;0;0;0;0;0;0;0;;;;;
2025-10-08;O_TUPRSE1025P145.00;TUPRS_10/2025_AVRUPA_OPSIYON;D_EQ;SSO;D_EQ_EPP;DE_TUPRS_EPP;TUPRS.E;2025-10-31;0.08;0.08;0;0;0;0;0;0;0;0;0;0;0;0;;;;;
2025-10-08;O_TUPRSE1025P150.00;TUPRS_10/2025_AVRUPA_OPSIYON;D_EQ;SSO;D_EQ_EPP;DE_TUPRS_EPP;TUPRS.E;2025-10-31;0.15;0.17;-11.76;0;0;0;0;0;0;0;0;0;1;0;;;;;
2025-10-08;O_TUPRSE1025P155.00;TUPRS_10/2025_AVRUPA_OPSIYON;D_EQ;SSO;D_EQ_EPP;DE_TUPRS_EPP;TUPRS.E;2025-10-31;0.29;0.32;-9.38;0;0;0;0;0;0;0;0;0;0;0;;;;;
2025-10-08;O_TUPRSE1025P160.00;TUPRS_10/2025_AVRUPA_OPSIYON;D_EQ;SSO;D_EQ_EPP;DE_TUPRS_EPP;TUPRS.E;2025-10-31;0.54;0.58;-6.9;0;0;0;0;0;0;0;0;0;1;0;;;;;
2025-10-08;O_TUPRSE1025P165.00;TUPRS_10/2025_AVRUPA_OPSIYON;D_EQ;SSO;D_EQ_EPP;DE_TUPRS_EPP;TUPRS.E;2025-10-31;0.96;1.01;-4.95;0;0;0;0;0;0;0;0;0;0;0;;;;;
2025-10-08;O_TUPRSE1025P170.00;TUPRS_10/2025_AVRUPA_OPSIYON;D_EQ;SSO;D_EQ_EPP;DE_TUPRS_EPP;TUPRS.E;2025-10-31;1.64;1.69;-2.96;0;0;0;0;0;0;0;0;0;9;0;;;;;
2025-10-08;O_TUPRSE1025P175.00;TUPRS_10/2025_AVRUPA_OPSIYON;D_EQ;SSO;D_EQ_EPP;DE_TUPRS_EPP;TUPRS.E;2025-10-31;2.66;2.71;-1.85;0;0;0;0;0;0;0;0;0;130;0;;;;;
2025-10-08;O_TUPRSE1025P180.00;TUPRS_10/2025_AVRUPA_OPSIYON;D_EQ;SSO;D_EQ_EPP;DE_TUPRS_EPP;TUPRS.E;2025-10-31;4.27;4.3;-0.7;4.26;4.26;4.26;4.26;4.26;180000;4260;10;1;11;0;;;;;
2025-10-08;O_TUPRSE1025P185.00;TUPRS_10/2025_AVRUPA_OPSIYON;D_EQ;SSO;D_EQ_EPP;DE_TUPRS_EPP;TUPRS.E;2025-10-31;6.48;6.48;0;6.99;6.42;6.99;6.42;6.71;370000;13410;20;2;120;0;;;;;
2025-10-08;O_TUPRSE1025P190.00;TUPRS_10/2025_AVRUPA_OPSIYON;D_EQ;SSO;D_EQ_EPP;DE_TUPRS_EPP;TUPRS.E;2025-10-31;9.35;9.31;0.43;9.83;9.21;9.83;9.21;9.52;380000;19040;20;2;41;0;;;;;
2025-10-08;O_TUPRSE1025P195.00;TUPRS_10/2025_AVRUPA_OPSIYON;D_EQ;SSO;D_EQ_EPP;DE_TUPRS_EPP;TUPRS.E;2025-10-31;12.78;12.68;0.79;0;0;0;0;0;0;0;0;0;60;0;;;;;
2025-10-08;O_TUPRSE1025P200.00;TUPRS_10/2025_AVRUPA_OPSIYON;D_EQ;SSO;D_EQ_EPP;DE_TUPRS_EPP;TUPRS.E;2025-10-31;16.74;16.6;0.84;0;0;0;0;0;0;0;0;0;10;0;;;;;
2025-10-08;O_TUPRSE1025P205.00;TUPRS_10/2025_AVRUPA_OPSIYON;D_EQ;SSO;D_EQ_EPP;DE_TUPRS_EPP;TUPRS.E;2025-10-31;20.99;20.81;0.86;0;0;0;0;0;0;0;0;0;10;0;;;;;
2025-10-08;O_TUPRSE1025P210.00;TUPRS_10/2025_AVRUPA_OPSIYON;D_EQ;SSO;D_EQ_EPP;DE_TUPRS_EPP;TUPRS.E;2025-10-31;25.44;25.23;0.83;0;0;0;0;0;0;0;0;0;0;0;;;;;
2025-10-08;O_TUPRSE1025P215.00;TUPRS_10/2025_AVRUPA_OPSIYON;D_EQ;SSO;D_EQ_EPP;DE_TUPRS_EPP;TUPRS.E;2025-10-31;30.04;29.79;0.84;0;0;0;0;0;0;0;0;0;0;0;;;;;
2025-10-08;O_TUPRSE1125C175.00;TUPRS_11/2025_AVRUPA_OPSIYON;D_EQ;SSO;D_EQ_ECP;DE_TUPRS_ECP;TUPRS.E;2025-11-28;18.59;18.88;-1.54;0;0;0;0;0;0;0;0;0;1;0;;;;;
2025-10-08;O_TUPRSE1125C180.00;TUPRS_11/2025_AVRUPA_OPSIYON;D_EQ;SSO;D_EQ_ECP;DE_TUPRS_ECP;TUPRS.E;2025-11-28;15.15;15.44;-1.88;0;0;0;0;0;0;0;0;0;0;0;;;;;
2025-10-08;O_TUPRSE1125C185.00;TUPRS_11/2025_AVRUPA_OPSIYON;D_EQ;SSO;D_EQ_ECP;DE_TUPRS_ECP;TUPRS.E;2025-11-28;12.23;12.5;-2.16;0;0;0;0;0;0;0;0;0;0;0;;;;;
2025-10-08;O_TUPRSE1125C190.00;TUPRS_11/2025_AVRUPA_OPSIYON;D_EQ;SSO;D_EQ_ECP;DE_TUPRS_ECP;TUPRS.E;2025-11-28;9.71;9.96;-2.51;0;0;0;0;0;0;0;0;0;3;0;;;;;
2025-10-08;O_TUPRSE1125C195.00;TUPRS_11/2025_AVRUPA_OPSIYON;D_EQ;SSO;D_EQ_ECP;DE_TUPRS_ECP;TUPRS.E;2025-11-28;7.68;7.9;-2.78;0;0;0;0;0;0;0;0;0;1;0;;;;;
2025-10-08;O_TUPRSE1125C200.00;TUPRS_11/2025_AVRUPA_OPSIYON;D_EQ;SSO;D_EQ_ECP;DE_TUPRS_ECP;TUPRS.E;2025-11-28;6.01;6.2;-3.06;0;0;0;0;0;0;0;0;0;700;0;;;;;
2025-10-08;O_TUPRSE1125C205.00;TUPRS_11/2025_AVRUPA_OPSIYON;D_EQ;SSO;D_EQ_ECP;DE_TUPRS_ECP;TUPRS.E;2025-11-28;4.86;5.02;-3.19;0;0;0;0;0;0;0;0;0;9;0;;;;;
2025-10-08;O_TUPRSE1125C210.00;TUPRS_11/2025_AVRUPA_OPSIYON;D_EQ;SSO;D_EQ_ECP;DE_TUPRS_ECP;TUPRS.E;2025-11-28;3.96;4.09;-3.18;0;0;0;0;0;0;0;0;0;0;0;;;;;
2025-10-08;O_TUPRSE1125C215.00;TUPRS_11/2025_AVRUPA_OPSIYON;D_EQ;SSO;D_EQ_ECP;DE_TUPRS_ECP;TUPRS.E;2025-11-28;3.24;3.35;-3.28;0;0;0;0;0;0;0;0;0;0;0;;;;;
2025-10-08;O_TUPRSE1125C220.00;TUPRS_11/2025_AVRUPA_OPSIYON;D_EQ;SSO;D_EQ_ECP;DE_TUPRS_ECP;TUPRS.E;2025-11-28;2.66;2.76;-3.62;0;0;0;0;0;0;0;0;0;0;0;;;;;
2025-10-08;O_TUPRSE1125C225.00;TUPRS_11/2025_AVRUPA_OPSIYON;D_EQ;SSO;D_EQ_ECP;DE_TUPRS_ECP;TUPRS.E;2025-11-28;2.21;2.3;-3.91;0;0;0;0;0;0;0;0;0;0;0;;;;;
2025-10-08;O_TUPRSE1125C230.00;TUPRS_11/2025_AVRUPA_OPSIYON;D_EQ;SSO;D_EQ_ECP;DE_TUPRS_ECP;TUPRS.E;2025-11-28;1.85;1.92;-3.65;0;0;0;0;0;0;0;0;0;0;0;;;;;
2025-10-08;O_TUPRSE1125C235.00;TUPRS_11/2025_AVRUPA_OPSIYON;D_EQ;SSO;D_EQ_ECP;DE_TUPRS_ECP;TUPRS.E;2025-11-28;1.56;1.62;-3.7;0;0;0;0;0;0;0;0;0;0;0;;;;;
2025-10-08;O_TUPRSE1125C240.00;TUPRS_11/2025_AVRUPA_OPSIYON;D_EQ;SSO;D_EQ_ECP;DE_TUPRS_ECP;TUPRS.E;2025-11-28;1.33;1.38;-3.62;0;0;0;0;0;0;0;0;0;0;0;;;;;
2025-10-08;O_TUPRSE1125C245.00;TUPRS_11/2025_AVRUPA_OPSIYON;D_EQ;SSO;D_EQ_ECP;DE_TUPRS_ECP;TUPRS.E;2025-11-28;1.14;1.18;-3.39;0;0;0;0;0;0;0;0;0;0;0;;;;;
2025-10-08;O_TUPRSE1125P150.00;TUPRS_11/2025_AVRUPA_OPSIYON;D_EQ;SSO;D_EQ_EPP;DE_TUPRS_EPP;TUPRS.E;2025-11-28;0.79;0.8;-1.25;0;0;0;0;0;0;0;0;0;0;0;;;;;
2025-10-08;O_TUPRSE1125P155.00;TUPRS_11/2025_AVRUPA_OPSIYON;D_EQ;SSO;D_EQ_EPP;DE_TUPRS_EPP;TUPRS.E;2025-11-28;1.13;1.14;-0.88;0;0;0;0;0;0;0;0;0;0;0;;;;;
2025-10-08;O_TUPRSE1125P160.00;TUPRS_11/2025_AVRUPA_OPSIYON;D_EQ;SSO;D_EQ_EPP;DE_TUPRS_EPP;TUPRS.E;2025-11-28;1.59;1.61;-1.24;0;0;0;0;0;0;0;0;0;0;0;;;;;
2025-10-08;O_TUPRSE1125P165.00;TUPRS_11/2025_AVRUPA_OPSIYON;D_EQ;SSO;D_EQ_EPP;DE_TUPRS_EPP;TUPRS.E;2025-11-28;2.21;2.22;-0.45;0;0;0;0;0;0;0;0;0;0;0;;;;;
2025-10-08;O_TUPRSE1125P170.00;TUPRS_11/2025_AVRUPA_OPSIYON;D_EQ;SSO;D_EQ_EPP;DE_TUPRS_EPP;TUPRS.E;2025-11-28;3.01;3.03;-0.66;0;0;0;0;0;0;0;0;0;0;0;;;;;
2025-10-08;O_TUPRSE1125P175.00;TUPRS_11/2025_AVRUPA_OPSIYON;D_EQ;SSO;D_EQ_EPP;DE_TUPRS_EPP;TUPRS.E;2025-11-28;4.04;4.06;-0.49;0;0;0;0;0;0;0;0;0;0;0;;;;;
2025-10-08;O_TUPRSE1125P180.00;TUPRS_11/2025_AVRUPA_OPSIYON;D_EQ;SSO;D_EQ_EPP;DE_TUPRS_EPP;TUPRS.E;2025-11-28;5.35;5.36;-0.19;0;0;0;0;0;0;0;0;0;0;0;;;;;
2025-10-08;O_TUPRSE1125P185.00;TUPRS_11/2025_AVRUPA_OPSIYON;D_EQ;SSO;D_EQ_EPP;DE_TUPRS_EPP;TUPRS.E;2025-11-28;7.16;7.15;0.14;0;0;0;0;0;0;0;0;0;0;0;;;;;
2025-10-08;O_TUPRSE1125P190.00;TUPRS_11/2025_AVRUPA_OPSIYON;D_EQ;SSO;D_EQ_EPP;DE_TUPRS_EPP;TUPRS.E;2025-11-28;9.39;9.35;0.43;0;0;0;0;0;0;0;0;0;0;0;;;;;
2025-10-08;O_TUPRSE1125P195.00;TUPRS_11/2025_AVRUPA_OPSIYON;D_EQ;SSO;D_EQ_EPP;DE_TUPRS_EPP;TUPRS.E;2025-11-28;12.09;12.02;0.58;0;0;0;0;0;0;0;0;0;30;0;;;;;
2025-10-08;O_TUPRSE1125P200.00;TUPRS_11/2025_AVRUPA_OPSIYON;D_EQ;SSO;D_EQ_EPP;DE_TUPRS_EPP;TUPRS.E;2025-11-28;15.16;15.06;0.66;0;0;0;0;0;0;0;0;0;30;0;;;;;
2025-10-08;O_TUPRSE1125P205.00;TUPRS_11/2025_AVRUPA_OPSIYON;D_EQ;SSO;D_EQ_EPP;DE_TUPRS_EPP;TUPRS.E;2025-11-28;18.76;18.62;0.75;0;0;0;0;0;0;0;0;0;0;0;;;;;
2025-10-08;O_TUPRSE1125P210.00;TUPRS_11/2025_AVRUPA_OPSIYON;D_EQ;SSO;D_EQ_EPP;DE_TUPRS_EPP;TUPRS.E;2025-11-28;22.6;22.43;0.76;0;0;0;0;0;0;0;0;0;0;0;;;;;
2025-10-08;O_TUPRSE1125P215.00;TUPRS_11/2025_AVRUPA_OPSIYON;D_EQ;SSO;D_EQ_EPP;DE_TUPRS_EPP;TUPRS.E;2025-11-28;26.62;26.42;0.76;0;0;0;0;0;0;0;0;0;0;0;;;;;
2025-10-08;O_TUPRSE1125P220.00;TUPRS_11/2025_AVRUPA_OPSIYON;D_EQ;SSO;D_EQ_EPP;DE_TUPRS_EPP;TUPRS.E;2025-11-28;30.79;30.57;0.72;0;0;0;0;0;0;0;0;0;0;0;;;;;
2025-10-08;O_TUPRSE1225C190.00;TUPRS_12/2025_AVRUPA_OPSIYON;D_EQ;SSO;D_EQ_ECP;DE_TUPRS_ECP;TUPRS.E;2025-12-31;17.42;17.7;-1.58;0;0;0;0;0;0;0;0;0;0;0;;;;;
2025-10-08;O_TUPRSE1225C195.00;TUPRS_12/2025_AVRUPA_OPSIYON;D_EQ;SSO;D_EQ_ECP;DE_TUPRS_ECP;TUPRS.E;2025-12-31;14.82;15.09;-1.79;0;0;0;0;0;0;0;0;0;0;0;;;;;
2025-10-08;O_TUPRSE1225C200.00;TUPRS_12/2025_AVRUPA_OPSIYON;D_EQ;SSO;D_EQ_ECP;DE_TUPRS_ECP;TUPRS.E;2025-12-31;12.57;12.82;-1.95;0;0;0;0;0;0;0;0;0;0;0;;;;;
2025-10-08;O_TUPRSE1225C205.00;TUPRS_12/2025_AVRUPA_OPSIYON;D_EQ;SSO;D_EQ_ECP;DE_TUPRS_ECP;TUPRS.E;2025-12-31;10.65;10.88;-2.11;0;0;0;0;0;0;0;0;0;0;0;;;;;
2025-10-08;O_TUPRSE1225C210.00;TUPRS_12/2025_AVRUPA_OPSIYON;D_EQ;SSO;D_EQ_ECP;DE_TUPRS_ECP;TUPRS.E;2025-12-31;9.16;9.35;-2.03;0;0;0;0;0;0;0;0;0;0;0;;;;;
2025-10-08;O_TUPRSE1225C215.00;TUPRS_12/2025_AVRUPA_OPSIYON;D_EQ;SSO;D_EQ_ECP;DE_TUPRS_ECP;TUPRS.E;2025-12-31;8;8.17;-2.08;0;0;0;0;0;0;0;0;0;0;0;;;;;
2025-10-08;O_TUPRSE1225C220.00;TUPRS_12/2025_AVRUPA_OPSIYON;D_EQ;SSO;D_EQ_ECP;DE_TUPRS_ECP;TUPRS.E;2025-12-31;7.02;7.17;-2.09;0;0;0;0;0;0;0;0;0;0;0;;;;;
2025-10-08;O_TUPRSE1225C225.00;TUPRS_12/2025_AVRUPA_OPSIYON;D_EQ;SSO;D_EQ_ECP;DE_TUPRS_ECP;TUPRS.E;2025-12-31;6.19;6.32;-2.06;0;0;0;0;0;0;0;0;0;0;0;;;;;
2025-10-08;O_TUPRSE1225C230.00;TUPRS_12/2025_AVRUPA_OPSIYON;D_EQ;SSO;D_EQ_ECP;DE_TUPRS_ECP;TUPRS.E;2025-12-31;5.5;5.61;-1.96;0;0;0;0;0;0;0;0;0;0;0;;;;;
2025-10-08;O_TUPRSE1225C235.00;TUPRS_12/2025_AVRUPA_OPSIYON;D_EQ;SSO;D_EQ_ECP;DE_TUPRS_ECP;TUPRS.E;2025-12-31;4.9;5;-2;0;0;0;0;0;0;0;0;0;0;0;;;;;
2025-10-08;O_TUPRSE1225C240.00;TUPRS_12/2025_AVRUPA_OPSIYON;D_EQ;SSO;D_EQ_ECP;DE_TUPRS_ECP;TUPRS.E;2025-12-31;4.4;4.48;-1.79;0;0;0;0;0;0;0;0;0;0;0;;;;;
2025-10-08;O_TUPRSE1225P165.00;TUPRS_12/2025_AVRUPA_OPSIYON;D_EQ;SSO;D_EQ_EPP;DE_TUPRS_EPP;TUPRS.E;2025-12-31;2.67;2.67;0;0;0;0;0;0;0;0;0;0;0;0;;;;;
2025-10-08;O_TUPRSE1225P170.00;TUPRS_12/2025_AVRUPA_OPSIYON;D_EQ;SSO;D_EQ_EPP;DE_TUPRS_EPP;TUPRS.E;2025-12-31;3.35;3.35;0;0;0;0;0;0;0;0;0;0;0;0;;;;;
2025-10-08;O_TUPRSE1225P175.00;TUPRS_12/2025_AVRUPA_OPSIYON;D_EQ;SSO;D_EQ_EPP;DE_TUPRS_EPP;TUPRS.E;2025-12-31;4.17;4.17;0;0;0;0;0;0;0;0;0;0;0;0;;;;;
2025-10-08;O_TUPRSE1225P180.00;TUPRS_12/2025_AVRUPA_OPSIYON;D_EQ;SSO;D_EQ_EPP;DE_TUPRS_EPP;TUPRS.E;2025-12-31;5.15;5.14;0.19;0;0;0;0;0;0;0;0;0;0;0;;;;;
2025-10-08;O_TUPRSE1225P185.00;TUPRS_12/2025_AVRUPA_OPSIYON;D_EQ;SSO;D_EQ_EPP;DE_TUPRS_EPP;TUPRS.E;2025-12-31;6.31;6.3;0.16;0;0;0;0;0;0;0;0;0;0;0;;;;;
2025-10-08;O_TUPRSE1225P190.00;TUPRS_12/2025_AVRUPA_OPSIYON;D_EQ;SSO;D_EQ_EPP;DE_TUPRS_EPP;TUPRS.E;2025-12-31;7.84;7.8;0.51;0;0;0;0;0;0;0;0;0;0;0;;;;;
2025-10-08;O_TUPRSE1225P195.00;TUPRS_12/2025_AVRUPA_OPSIYON;D_EQ;SSO;D_EQ_EPP;DE_TUPRS_EPP;TUPRS.E;2025-12-31;9.73;9.68;0.52;0;0;0;0;0;0;0;0;0;0;0;;;;;
2025-10-08;O_TUPRSE1225P200.00;TUPRS_12/2025_AVRUPA_OPSIYON;D_EQ;SSO;D_EQ_EPP;DE_TUPRS_EPP;TUPRS.E;2025-12-31;11.98;11.9;0.67;0;0;0;0;0;0;0;0;0;0;0;;;;;
2025-10-08;O_TUPRSE1225P205.00;TUPRS_12/2025_AVRUPA_OPSIYON;D_EQ;SSO;D_EQ_EPP;DE_TUPRS_EPP;TUPRS.E;2025-12-31;14.56;14.45;0.76;0;0;0;0;0;0;0;0;0;0;0;;;;;
2025-10-08;O_TUPRSE1225P210.00;TUPRS_12/2025_AVRUPA_OPSIYON;D_EQ;SSO;D_EQ_EPP;DE_TUPRS_EPP;TUPRS.E;2025-12-31;17.57;17.42;0.86;0;0;0;0;0;0;0;0;0;0;0;;;;;
2025-10-08;O_TUPRSE1225P215.00;TUPRS_12/2025_AVRUPA_OPSIYON;D_EQ;SSO;D_EQ_EPP;DE_TUPRS_EPP;TUPRS.E;2025-12-31;20.91;20.73;0.87;0;0;0;0;0;0;0;0;0;0;0;;;;;
2025-10-08;O_USDTRYKE1025C41500;USDTRY_10/2025_AVRUPA_OPSIYON;D_CR;CRO;D_CR_ECO;DE_USDTRYK_ECO;D_USDTRYK;2025-10-31;1050.6;1075.6;-2.32;0;0;0;0;0;0;0;0;0;200;0;;;;;
2025-10-08;O_USDTRYKE1025C42000;USDTRY_10/2025_AVRUPA_OPSIYON;D_CR;CRO;D_CR_ECO;DE_USDTRYK_ECO;D_USDTRYK;2025-10-31;633.1;657.2;-3.67;0;0;0;0;0;0;0;0;0;400;0;;;;;
2025-10-08;O_USDTRYKE1025C42500;USDTRY_10/2025_AVRUPA_OPSIYON;D_CR;CRO;D_CR_ECO;DE_USDTRYK_ECO;D_USDTRYK;2025-10-31;371.2;403.1;-7.91;348.1;334.4;380;366;356.2;114750000;961840;2700;34;21205;52;;;;;
2025-10-08;O_USDTRYKE1025C43000;USDTRY_10/2025_AVRUPA_OPSIYON;D_CR;CRO;D_CR_ECO;DE_USDTRYK_ECO;D_USDTRYK;2025-10-31;234.4;258.3;-9.25;298.5;298.5;339.4;326;321;82990000;619604;1930;22;115791;-1601;;;;;
2025-10-08;O_USDTRYKE1025C43500;USDTRY_10/2025_AVRUPA_OPSIYON;D_CR;CRO;D_CR_ECO;DE_USDTRYK_ECO;D_USDTRYK;2025-10-31;182.2;202.7;-10.11;278.7;271.1;291.4;280.8;280.6;255388500;1647129.2;5871;65;22058;562;;;;;
2025-10-08;O_USDTRYKE1025C44000;USDTRY_10/2025_AVRUPA_OPSIYON;D_CR;CRO;D_CR_ECO;DE_USDTRYK_ECO;D_USDTRYK;2025-10-31;155.4;171.8;-9.55;220;220;230;229;225.1;59488000;304364;1352;31;12195;1098;;;;;
2025-10-08;O_USDTRYKE1025C44500;USDTRY_10/2025_AVRUPA_OPSIYON;D_CR;CRO;D_CR_ECO;DE_USDTRYK_ECO;D_USDTRYK;2025-10-31;125.7;140.3;-10.41;200;180;200;180;186.7;105910000;444347;2380;58;7536;2027;;;;;
2025-10-08;O_USDTRYKE1025C45000;USDTRY_10/2025_AVRUPA_OPSIYON;D_CR;CRO;D_CR_ECO;DE_USDTRYK_ECO;D_USDTRYK;2025-10-31;106.1;119.3;-11.06;0;0;0;0;0;0;0;0;0;21131;0;;;;;
2025-10-08;O_USDTRYKE1025C45500;USDTRY_10/2025_AVRUPA_OPSIYON;D_CR;CRO;D_CR_ECO;DE_USDTRYK_ECO;D_USDTRYK;2025-10-31;92.7;104.9;-11.63;123;123;123;123;123;455000;1230;10;1;13471;10;;;;;
2025-10-08;O_USDTRYKE1025C46000;USDTRY_10/2025_AVRUPA_OPSIYON;D_CR;CRO;D_CR_ECO;DE_USDTRYK_ECO;D_USDTRYK;2025-10-31;83.3;94.7;-12.04;0;0;0;0;0;0;0;0;0;12248;0;;;;;
2025-10-08;O_USDTRYKE1025C46500;USDTRY_10/2025_AVRUPA_OPSIYON;D_CR;CRO;D_CR_ECO;DE_USDTRYK_ECO;D_USDTRYK;2025-10-31;76.5;87.3;-12.37;0;0;0;0;0;0;0;0;0;12779;0;;;;;
2025-10-08;O_USDTRYKE1025C47000;USDTRY_10/2025_AVRUPA_OPSIYON;D_CR;CRO;D_CR_ECO;DE_USDTRYK_ECO;D_USDTRYK;2025-10-31;71.6;82;-12.68;0;0;0;0;0;0;0;0;0;61905;0;;;;;
2025-10-08;O_USDTRYKE1025C47500;USDTRY_10/2025_AVRUPA_OPSIYON;D_CR;CRO;D_CR_ECO;DE_USDTRYK_ECO;D_USDTRYK;2025-10-31;68;78.2;-13.04;0;0;0;0;0;0;0;0;0;8255;0;;;;;
2025-10-08;O_USDTRYKE1025C48000;USDTRY_10/2025_AVRUPA_OPSIYON;D_CR;CRO;D_CR_ECO;DE_USDTRYK_ECO;D_USDTRYK;2025-10-31;54.6;68.4;-20.18;0;0;0;0;0;0;0;0;0;52896;0;;;;;
2025-10-08;O_USDTRYKE1025P38500;USDTRY_10/2025_AVRUPA_OPSIYON;D_CR;CRO;D_CR_EPO;DE_USDTRYK_EPO;D_USDTRYK;2025-10-31;0.1;0.1;0;0;0;0;0;0;0;0;0;0;0;0;;;;;
2025-10-08;O_USDTRYKE1025P39000;USDTRY_10/2025_AVRUPA_OPSIYON;D_CR;CRO;D_CR_EPO;DE_USDTRYK_EPO;D_USDTRYK;2025-10-31;0.1;0.1;0;0;0;0;0;0;0;0;0;0;0;0;;;;;
2025-10-08;O_USDTRYKE1025P39500;USDTRY_10/2025_AVRUPA_OPSIYON;D_CR;CRO;D_CR_EPO;DE_USDTRYK_EPO;D_USDTRYK;2025-10-31;0.1;0.1;0;0;0;0;0;0;0;0;0;0;0;0;;;;;
2025-10-08;O_USDTRYKE1025P40000;USDTRY_10/2025_AVRUPA_OPSIYON;D_CR;CRO;D_CR_EPO;DE_USDTRYK_EPO;D_USDTRYK;2025-10-31;0.1;0.1;0;0;0;0;0;0;0;0;0;0;0;0;;;;;
2025-10-08;O_USDTRYKE1025P40500;USDTRY_10/2025_AVRUPA_OPSIYON;D_CR;CRO;D_CR_EPO;DE_USDTRYK_EPO;D_USDTRYK;2025-10-31;0.5;0.6;-16.67;0;0;0;0;0;0;0;0;0;0;0;;;;;
2025-10-08;O_USDTRYKE1025P41000;USDTRY_10/2025_AVRUPA_OPSIYON;D_CR;CRO;D_CR_EPO;DE_USDTRYK_EPO;D_USDTRYK;2025-10-31;4.6;4.8;-4.17;0;0;0;0;0;0;0;0;0;0;0;;;;;
2025-10-08;O_USDTRYKE1025P41500;USDTRY_10/2025_AVRUPA_OPSIYON;D_CR;CRO;D_CR_EPO;DE_USDTRYK_EPO;D_USDTRYK;2025-10-31;25.5;25.8;-1.16;0;0;0;0;0;0;0;0;0;5;0;;;;;
2025-10-08;O_USDTRYKE1025P42000;USDTRY_10/2025_AVRUPA_OPSIYON;D_CR;CRO;D_CR_EPO;DE_USDTRYK_EPO;D_USDTRYK;2025-10-31;97.8;96.6;1.24;40.4;40.4;40.4;40.4;40.4;840000;808;20;1;1130;0;;;;;
2025-10-08;O_USDTRYKE1025P42500;USDTRY_10/2025_AVRUPA_OPSIYON;D_CR;CRO;D_CR_EPO;DE_USDTRYK_EPO;D_USDTRYK;2025-10-31;325.6;331.9;-1.9;325;266.7;359;350;322;250835000;1900298;5902;58;22524;1975;;;;;
2025-10-08;O_USDTRYKE1025P43000;USDTRY_10/2025_AVRUPA_OPSIYON;D_CR;CRO;D_CR_EPO;DE_USDTRYK_EPO;D_USDTRYK;2025-10-31;678.4;676.3;0.31;755.4;751.8;774.5;774.5;762.7;21500000;381370;500;5;2302;87;;;;;
2025-10-08;O_USDTRYKE1025P43500;USDTRY_10/2025_AVRUPA_OPSIYON;D_CR;CRO;D_CR_EPO;DE_USDTRYK_EPO;D_USDTRYK;2025-10-31;1116;1110;0.54;0;0;0;0;0;0;0;0;0;2600;0;;;;;
2025-10-08;O_USDTRYKE1025P44000;USDTRY_10/2025_AVRUPA_OPSIYON;D_CR;CRO;D_CR_EPO;DE_USDTRYK_EPO;D_USDTRYK;2025-10-31;1578.9;1568.3;0.68;0;0;0;0;0;0;0;0;0;300;0;;;;;
2025-10-08;O_USDTRYKE1025P44500;USDTRY_10/2025_AVRUPA_OPSIYON;D_CR;CRO;D_CR_EPO;DE_USDTRYK_EPO;D_USDTRYK;2025-10-31;2038.9;2026.1;0.63;0;0;0;0;0;0;0;0;0;0;0;;;;;
2025-10-08;O_USDTRYKE1025P45000;USDTRY_10/2025_AVRUPA_OPSIYON;D_CR;CRO;D_CR_EPO;DE_USDTRYK_EPO;D_USDTRYK;2025-10-31;2509;2494.4;0.59;0;0;0;0;0;0;0;0;0;0;0;;;;;
2025-10-08;O_USDTRYKE1125C42500;USDTRY_11/2025_AVRUPA_OPSIYON;D_CR;CRO;D_CR_ECO;DE_USDTRYK_ECO;D_USDTRYK;2025-11-28;1174.2;1197.4;-1.94;0;0;0;0;0;0;0;0;0;15;0;;;;;
2025-10-08;O_USDTRYKE1125C43000;USDTRY_11/2025_AVRUPA_OPSIYON;D_CR;CRO;D_CR_ECO;DE_USDTRYK_ECO;D_USDTRYK;2025-11-28;950.7;988.7;-3.84;727.2;727.2;727.2;727.2;727.2;860000;14544;20;1;200;0;;;;;
2025-10-08;O_USDTRYKE1125C43500;USDTRY_11/2025_AVRUPA_OPSIYON;D_CR;CRO;D_CR_ECO;DE_USDTRYK_ECO;D_USDTRYK;2025-11-28;735.6;768.8;-4.32;605.6;544.8;605.9;578.6;588.3;109228500;1477124.8;2511;48;3062;2011;;;;;
2025-10-08;O_USDTRYKE1125C44000;USDTRY_11/2025_AVRUPA_OPSIYON;D_CR;CRO;D_CR_ECO;DE_USDTRYK_ECO;D_USDTRYK;2025-11-28;558.3;586.8;-4.86;554.5;554.1;554.5;554.1;554.3;8800000;110860;200;2;2101;200;;;;;
2025-10-08;O_USDTRYKE1125C45000;USDTRY_11/2025_AVRUPA_OPSIYON;D_CR;CRO;D_CR_ECO;DE_USDTRYK_ECO;D_USDTRYK;2025-11-28;413.4;430.5;-3.97;0;0;0;0;0;0;0;0;0;228;0;;;;;
2025-10-08;O_USDTRYKE1125C45500;USDTRY_11/2025_AVRUPA_OPSIYON;D_CR;CRO;D_CR_ECO;DE_USDTRYK_ECO;D_USDTRYK;2025-11-28;381.5;397.5;-4.03;0;0;0;0;0;0;0;0;0;2102;0;;;;;
2025-10-08;O_USDTRYKE1125C46000;USDTRY_11/2025_AVRUPA_OPSIYON;D_CR;CRO;D_CR_ECO;DE_USDTRYK_ECO;D_USDTRYK;2025-11-28;360.1;375.3;-4.05;0;0;0;0;0;0;0;0;0;1552;0;;;;;
2025-10-08;O_USDTRYKE1125C46500;USDTRY_11/2025_AVRUPA_OPSIYON;D_CR;CRO;D_CR_ECO;DE_USDTRYK_ECO;D_USDTRYK;2025-11-28;337.5;351.7;-4.04;0;0;0;0;0;0;0;0;0;1;0;;;;;
2025-10-08;O_USDTRYKE1125C47000;USDTRY_11/2025_AVRUPA_OPSIYON;D_CR;CRO;D_CR_ECO;DE_USDTRYK_ECO;D_USDTRYK;2025-11-28;299.5;312.3;-4.1;0;0;0;0;0;0;0;0;0;10285;0;;;;;
2025-10-08;O_USDTRYKE1125C47500;USDTRY_11/2025_AVRUPA_OPSIYON;D_CR;CRO;D_CR_ECO;DE_USDTRYK_ECO;D_USDTRYK;2025-11-28;268.7;280.4;-4.17;0;0;0;0;0;0;0;0;0;7587;0;;;;;
2025-10-08;O_USDTRYKE1125C48000;USDTRY_11/2025_AVRUPA_OPSIYON;D_CR;CRO;D_CR_ECO;DE_USDTRYK_ECO;D_USDTRYK;2025-11-28;243.7;254.4;-4.21;0;0;0;0;0;0;0;0;0;56605;0;;;;;
2025-10-08;O_USDTRYKE1125C48500;USDTRY_11/2025_AVRUPA_OPSIYON;D_CR;CRO;D_CR_ECO;DE_USDTRYK_ECO;D_USDTRYK;2025-11-28;223.1;232.9;-4.21;0;0;0;0;0;0;0;0;0;41043;0;;;;;
2025-10-08;O_USDTRYKE1125P39500;USDTRY_11/2025_AVRUPA_OPSIYON;D_CR;CRO;D_CR_EPO;DE_USDTRYK_EPO;D_USDTRYK;2025-11-28;0.1;0.1;0;0;0;0;0;0;0;0;0;0;0;0;;;;;
2025-10-08;O_USDTRYKE1125P40000;USDTRY_11/2025_AVRUPA_OPSIYON;D_CR;CRO;D_CR_EPO;DE_USDTRYK_EPO;D_USDTRYK;2025-11-28;0.1;0.1;0;0;0;0;0;0;0;0;0;0;0;0;;;;;
2025-10-08;O_USDTRYKE1125P40500;USDTRY_11/2025_AVRUPA_OPSIYON;D_CR;CRO;D_CR_EPO;DE_USDTRYK_EPO;D_USDTRYK;2025-11-28;0.7;0.7;0;0;0;0;0;0;0;0;0;0;0;0;;;;;
2025-10-08;O_USDTRYKE1125P41000;USDTRY_11/2025_AVRUPA_OPSIYON;D_CR;CRO;D_CR_EPO;DE_USDTRYK_EPO;D_USDTRYK;2025-11-28;3;3.1;-3.23;0;0;0;0;0;0;0;0;0;0;0;;;;;
2025-10-08;O_USDTRYKE1125P41500;USDTRY_11/2025_AVRUPA_OPSIYON;D_CR;CRO;D_CR_EPO;DE_USDTRYK_EPO;D_USDTRYK;2025-11-28;11.2;11.1;0.9;0;0;0;0;0;0;0;0;0;0;0;;;;;
2025-10-08;O_USDTRYKE1125P42000;USDTRY_11/2025_AVRUPA_OPSIYON;D_CR;CRO;D_CR_EPO;DE_USDTRYK_EPO;D_USDTRYK;2025-11-28;34.2;33.8;1.18;0;0;0;0;0;0;0;0;0;0;0;;;;;
2025-10-08;O_USDTRYKE1125P42500;USDTRY_11/2025_AVRUPA_OPSIYON;D_CR;CRO;D_CR_EPO;DE_USDTRYK_EPO;D_USDTRYK;2025-11-28;88.1;86.6;1.73;0;0;0;0;0;0;0;0;0;600;0;;;;;
2025-10-08;O_USDTRYKE1125P43000;USDTRY_11/2025_AVRUPA_OPSIYON;D_CR;CRO;D_CR_EPO;DE_USDTRYK_EPO;D_USDTRYK;2025-11-28;342;354.9;-3.63;0;0;0;0;0;0;0;0;0;911;0;;;;;
2025-10-08;O_USDTRYKE1125P43500;USDTRY_11/2025_AVRUPA_OPSIYON;D_CR;CRO;D_CR_EPO;DE_USDTRYK_EPO;D_USDTRYK;2025-11-28;604.4;612;-1.24;0;0;0;0;0;0;0;0;0;900;0;;;;;
2025-10-08;O_USDTRYKE1125P44000;USDTRY_11/2025_AVRUPA_OPSIYON;D_CR;CRO;D_CR_EPO;DE_USDTRYK_EPO;D_USDTRYK;2025-11-28;904.5;907.1;-0.29;0;0;0;0;0;0;0;0;0;400;0;;;;;
2025-10-08;O_USDTRYKE1125P44500;USDTRY_11/2025_AVRUPA_OPSIYON;D_CR;CRO;D_CR_EPO;DE_USDTRYK_EPO;D_USDTRYK;2025-11-28;1285;1277.2;0.61;0;0;0;0;0;0;0;0;0;0;0;;;;;
2025-10-08;O_USDTRYKE1125P45000;USDTRY_11/2025_AVRUPA_OPSIYON;D_CR;CRO;D_CR_EPO;DE_USDTRYK_EPO;D_USDTRYK;2025-11-28;1714.6;1704.9;0.57;0;0;0;0;0;0;0;0;0;0;0;;;;;
2025-10-08;O_USDTRYKE1125P45500;USDTRY_11/2025_AVRUPA_OPSIYON;D_CR;CRO;D_CR_EPO;DE_USDTRYK_EPO;D_USDTRYK;2025-11-28;2160.1;2148.9;0.52;0;0;0;0;0;0;0;0;0;0;0;;;;;
2025-10-08;O_USDTRYKE1225C44000;USDTRY_12/2025_AVRUPA_OPSIYON;D_CR;CRO;D_CR_ECO;DE_USDTRYK_ECO;D_USDTRYK;2025-12-31;1292.6;1339.9;-3.53;0;0;0;0;0;0;0;0;0;0;0;;;;;
2025-10-08;O_USDTRYKE1225C44500;USDTRY_12/2025_AVRUPA_OPSIYON;D_CR;CRO;D_CR_ECO;DE_USDTRYK_ECO;D_USDTRYK;2025-12-31;1118.7;1159.2;-3.49;0;0;0;0;0;0;0;0;0;0;0;;;;;
2025-10-08;O_USDTRYKE1225C45500;USDTRY_12/2025_AVRUPA_OPSIYON;D_CR;CRO;D_CR_ECO;DE_USDTRYK_ECO;D_USDTRYK;2025-12-31;770.2;802.2;-3.99;0;0;0;0;0;0;0;0;0;0;0;;;;;
2025-10-08;O_USDTRYKE1225C46000;USDTRY_12/2025_AVRUPA_OPSIYON;D_CR;CRO;D_CR_ECO;DE_USDTRYK_ECO;D_USDTRYK;2025-12-31;650;673.1;-3.43;0;0;0;0;0;0;0;0;0;0;0;;;;;
2025-10-08;O_USDTRYKE1225C46500;USDTRY_12/2025_AVRUPA_OPSIYON;D_CR;CRO;D_CR_ECO;DE_USDTRYK_ECO;D_USDTRYK;2025-12-31;596.8;618.2;-3.46;0;0;0;0;0;0;0;0;0;0;0;;;;;
2025-10-08;O_USDTRYKE1225C47000;USDTRY_12/2025_AVRUPA_OPSIYON;D_CR;CRO;D_CR_ECO;DE_USDTRYK_ECO;D_USDTRYK;2025-12-31;556.9;576.9;-3.47;0;0;0;0;0;0;0;0;0;0;0;;;;;
2025-10-08;O_USDTRYKE1225C47500;USDTRY_12/2025_AVRUPA_OPSIYON;D_CR;CRO;D_CR_ECO;DE_USDTRYK_ECO;D_USDTRYK;2025-12-31;526.9;545.6;-3.43;0;0;0;0;0;0;0;0;0;0;0;;;;;
2025-10-08;O_USDTRYKE1225C48000;USDTRY_12/2025_AVRUPA_OPSIYON;D_CR;CRO;D_CR_ECO;DE_USDTRYK_ECO;D_USDTRYK;2025-12-31;504.3;522;-3.39;0;0;0;0;0;0;0;0;0;0;0;;;;;
2025-10-08;O_USDTRYKE1225C48500;USDTRY_12/2025_AVRUPA_OPSIYON;D_CR;CRO;D_CR_ECO;DE_USDTRYK_ECO;D_USDTRYK;2025-12-31;487.4;504.2;-3.33;0;0;0;0;0;0;0;0;0;2;0;;;;;
2025-10-08;O_USDTRYKE1225C49000;USDTRY_12/2025_AVRUPA_OPSIYON;D_CR;CRO;D_CR_ECO;DE_USDTRYK_ECO;D_USDTRYK;2025-12-31;474.9;490.9;-3.26;0;0;0;0;0;0;0;0;0;0;0;;;;;
2025-10-08;O_USDTRYKE1225P41000;USDTRY_12/2025_AVRUPA_OPSIYON;D_CR;CRO;D_CR_EPO;DE_USDTRYK_EPO;D_USDTRYK;2025-12-31;1.5;1.5;0;0;0;0;0;0;0;0;0;0;0;0;;;;;
2025-10-08;O_USDTRYKE1225P41500;USDTRY_12/2025_AVRUPA_OPSIYON;D_CR;CRO;D_CR_EPO;DE_USDTRYK_EPO;D_USDTRYK;2025-12-31;4.7;4.7;0;0;0;0;0;0;0;0;0;0;0;0;;;;;
2025-10-08;O_USDTRYKE1225P42000;USDTRY_12/2025_AVRUPA_OPSIYON;D_CR;CRO;D_CR_EPO;DE_USDTRYK_EPO;D_USDTRYK;2025-12-31;12.8;12.7;0.79;0;0;0;0;0;0;0;0;0;0;0;;;;;
2025-10-08;O_USDTRYKE1225P42500;USDTRY_12/2025_AVRUPA_OPSIYON;D_CR;CRO;D_CR_EPO;DE_USDTRYK_EPO;D_USDTRYK;2025-12-31;31.2;30.8;1.3;0;0;0;0;0;0;0;0;0;0;0;;;;;
2025-10-08;O_USDTRYKE1225P43000;USDTRY_12/2025_AVRUPA_OPSIYON;D_CR;CRO;D_CR_EPO;DE_USDTRYK_EPO;D_USDTRYK;2025-12-31;68.1;67.1;1.49;0;0;0;0;0;0;0;0;0;0;0;;;;;
2025-10-08;O_USDTRYKE1225P43500;USDTRY_12/2025_AVRUPA_OPSIYON;D_CR;CRO;D_CR_EPO;DE_USDTRYK_EPO;D_USDTRYK;2025-12-31;174.5;179.7;-2.89;0;0;0;0;0;0;0;0;0;0;0;;;;;
2025-10-08;O_USDTRYKE1225P44000;USDTRY_12/2025_AVRUPA_OPSIYON;D_CR;CRO;D_CR_EPO;DE_USDTRYK_EPO;D_USDTRYK;2025-12-31;497.7;521.2;-4.51;0;0;0;0;0;0;0;0;0;0;0;;;;;
2025-10-08;O_USDTRYKE1225P44500;USDTRY_12/2025_AVRUPA_OPSIYON;D_CR;CRO;D_CR_EPO;DE_USDTRYK_EPO;D_USDTRYK;2025-12-31;788.3;804.6;-2.03;0;0;0;0;0;0;0;0;0;0;0;;;;;
2025-10-08;O_USDTRYKE1225P45000;USDTRY_12/2025_AVRUPA_OPSIYON;D_CR;CRO;D_CR_EPO;DE_USDTRYK_EPO;D_USDTRYK;2025-12-31;1061.6;1073.6;-1.12;0;0;0;0;0;0;0;0;0;0;0;;;;;
2025-10-08;O_USDTRYKE1225P45500;USDTRY_12/2025_AVRUPA_OPSIYON;D_CR;CRO;D_CR_EPO;DE_USDTRYK_EPO;D_USDTRYK;2025-12-31;1368.9;1375.8;-0.5;0;0;0;0;0;0;0;0;0;0;0;;;;;
2025-10-08;O_USDTRYKE1225P46000;USDTRY_12/2025_AVRUPA_OPSIYON;D_CR;CRO;D_CR_EPO;DE_USDTRYK_EPO;D_USDTRYK;2025-12-31;1713.2;1710.8;0.14;0;0;0;0;0;0;0;0;0;0;0;;;;;
2025-10-08;O_VAKBNE1025C24.50;VAKBN_10/2025_AVRUPA_OPSIYON;D_EQ;SSO;D_EQ_ECP;DE_VAKBN_ECP;VAKBN.E;2025-10-31;1.46;;0;1.98;1.98;1.98;1.98;1.98;122500;9900;50;2;50;50;;;;;
2025-10-08;O_VAKBNE1025C25.00;VAKBN_10/2025_AVRUPA_OPSIYON;D_EQ;SSO;D_EQ_ECP;DE_VAKBN_ECP;VAKBN.E;2025-10-31;1.2;1.43;-16.08;0;0;0;0;0;0;0;0;0;325;0;;;;;
2025-10-08;O_VAKBNE1025C26.00;VAKBN_10/2025_AVRUPA_OPSIYON;D_EQ;SSO;D_EQ_ECP;DE_VAKBN_ECP;VAKBN.E;2025-10-31;0.79;0.97;-18.56;0;0;0;0;0;0;0;0;0;378;0;;;;;
2025-10-08;O_VAKBNE1025C27.00;VAKBN_10/2025_AVRUPA_OPSIYON;D_EQ;SSO;D_EQ_ECP;DE_VAKBN_ECP;VAKBN.E;2025-10-31;0.5;0.63;-20.63;0;0;0;0;0;0;0;0;0;1200;0;;;;;
2025-10-08;O_VAKBNE1025C28.00;VAKBN_10/2025_AVRUPA_OPSIYON;D_EQ;SSO;D_EQ_ECP;DE_VAKBN_ECP;VAKBN.E;2025-10-31;0.3;0.4;-25;0.5;0.5;0.51;0.51;0.51;560000;10100;200;2;1744;200;;;;;
2025-10-08;O_VAKBNE1025C29.00;VAKBN_10/2025_AVRUPA_OPSIYON;D_EQ;SSO;D_EQ_ECP;DE_VAKBN_ECP;VAKBN.E;2025-10-31;0.17;0.24;-29.17;0;0;0;0;0;0;0;0;0;940;0;;;;;
2025-10-08;O_VAKBNE1025C30.00;VAKBN_10/2025_AVRUPA_OPSIYON;D_EQ;SSO;D_EQ_ECP;DE_VAKBN_ECP;VAKBN.E;2025-10-31;0.09;0.14;-35.71;0;0;0;0;0;0;0;0;0;10;0;;;;;
2025-10-08;O_VAKBNE1025C31.00;VAKBN_10/2025_AVRUPA_OPSIYON;D_EQ;SSO;D_EQ_ECP;DE_VAKBN_ECP;VAKBN.E;2025-10-31;0.05;0.08;-37.5;0;0;0;0;0;0;0;0;0;0;0;;;;;
2025-10-08;O_VAKBNE1025C32.00;VAKBN_10/2025_AVRUPA_OPSIYON;D_EQ;SSO;D_EQ_ECP;DE_VAKBN_ECP;VAKBN.E;2025-10-31;0.03;0.04;-25;0;0;0;0;0;0;0;0;0;0;0;;;;;
2025-10-08;O_VAKBNE1025C33.00;VAKBN_10/2025_AVRUPA_OPSIYON;D_EQ;SSO;D_EQ_ECP;DE_VAKBN_ECP;VAKBN.E;2025-10-31;0.01;0.02;-50;0;0;0;0;0;0;0;0;0;0;0;;;;;
2025-10-08;O_VAKBNE1025C34.00;VAKBN_10/2025_AVRUPA_OPSIYON;D_EQ;SSO;D_EQ_ECP;DE_VAKBN_ECP;VAKBN.E;2025-10-31;0.01;0.01;0;0;0;0;0;0;0;0;0;0;0;0;;;;;
2025-10-08;O_VAKBNE1025C35.00;VAKBN_10/2025_AVRUPA_OPSIYON;D_EQ;SSO;D_EQ_ECP;DE_VAKBN_ECP;VAKBN.E;2025-10-31;0.01;0.01;0;0;0;0;0;0;0;0;0;0;0;0;;;;;
2025-10-08;O_VAKBNE1025C36.00;VAKBN_10/2025_AVRUPA_OPSIYON;D_EQ;SSO;D_EQ_ECP;DE_VAKBN_ECP;VAKBN.E;2025-10-31;0.01;0.01;0;0;0;0;0;0;0;0;0;0;0;0;;;;;
2025-10-08;O_VAKBNE1025C37.00;VAKBN_10/2025_AVRUPA_OPSIYON;D_EQ;SSO;D_EQ_ECP;DE_VAKBN_ECP;VAKBN.E;2025-10-31;0.01;0.01;0;0;0;0;0;0;0;0;0;0;0;0;;;;;
2025-10-08;O_VAKBNE1025C38.00;VAKBN_10/2025_AVRUPA_OPSIYON;D_EQ;SSO;D_EQ_ECP;DE_VAKBN_ECP;VAKBN.E;2025-10-31;0.01;0.01;0;0;0;0;0;0;0;0;0;0;0;0;;;;;
2025-10-08;O_VAKBNE1025P22.00;VAKBN_10/2025_AVRUPA_OPSIYON;D_EQ;SSO;D_EQ_EPP;DE_VAKBN_EPP;VAKBN.E;2025-10-31;0.19;;0;0;0;0;0;0;0;0;0;0;0;0;;;;;
2025-10-08;O_VAKBNE1025P22.50;VAKBN_10/2025_AVRUPA_OPSIYON;D_EQ;SSO;D_EQ_EPP;DE_VAKBN_EPP;VAKBN.E;2025-10-31;0.28;0.23;21.74;0;0;0;0;0;0;0;0;0;0;0;;;;;
2025-10-08;O_VAKBNE1025P23.00;VAKBN_10/2025_AVRUPA_OPSIYON;D_EQ;SSO;D_EQ_EPP;DE_VAKBN_EPP;VAKBN.E;2025-10-31;0.39;0.33;18.18;0;0;0;0;0;0;0;0;0;0;0;;;;;
2025-10-08;O_VAKBNE1025P23.50;VAKBN_10/2025_AVRUPA_OPSIYON;D_EQ;SSO;D_EQ_EPP;DE_VAKBN_EPP;VAKBN.E;2025-10-31;0.53;0.45;17.78;0;0;0;0;0;0;0;0;0;0;0;;;;;
2025-10-08;O_VAKBNE1025P24.00;VAKBN_10/2025_AVRUPA_OPSIYON;D_EQ;SSO;D_EQ_EPP;DE_VAKBN_EPP;VAKBN.E;2025-10-31;0.7;0.6;16.67;0;0;0;0;0;0;0;0;0;0;0;;;;;
2025-10-08;O_VAKBNE1025P24.50;VAKBN_10/2025_AVRUPA_OPSIYON;D_EQ;SSO;D_EQ_EPP;DE_VAKBN_EPP;VAKBN.E;2025-10-31;0.9;0.78;15.38;0;0;0;0;0;0;0;0;0;0;0;;;;;
2025-10-08;O_VAKBNE1025P25.00;VAKBN_10/2025_AVRUPA_OPSIYON;D_EQ;SSO;D_EQ_EPP;DE_VAKBN_EPP;VAKBN.E;2025-10-31;1.13;0.99;14.14;1;1;1;1;1;312500;12500;125;5;453;125;;;;;
2025-10-08;O_VAKBNE1025P26.00;VAKBN_10/2025_AVRUPA_OPSIYON;D_EQ;SSO;D_EQ_EPP;DE_VAKBN_EPP;VAKBN.E;2025-10-31;1.7;1.51;12.58;1.49;1.49;1.49;1.49;1.49;811200;46488;312;12;2296;312;;;;;
2025-10-08;O_VAKBNE1025P27.00;VAKBN_10/2025_AVRUPA_OPSIYON;D_EQ;SSO;D_EQ_EPP;DE_VAKBN_EPP;VAKBN.E;2025-10-31;2.38;2.15;10.7;2.1;2.1;2.1;2.1;2.1;877500;68250;325;13;2981;325;;;;;
2025-10-08;O_VAKBNE1025P28.00;VAKBN_10/2025_AVRUPA_OPSIYON;D_EQ;SSO;D_EQ_EPP;DE_VAKBN_EPP;VAKBN.E;2025-10-31;3.16;2.88;9.72;2.82;2.82;2.82;2.82;2.82;700000;70500;250;10;250;250;;;;;
2025-10-08;O_VAKBNE1025P29.00;VAKBN_10/2025_AVRUPA_OPSIYON;D_EQ;SSO;D_EQ_EPP;DE_VAKBN_EPP;VAKBN.E;2025-10-31;4.01;3.7;8.38;0;0;0;0;0;0;0;0;0;105;0;;;;;
2025-10-08;O_VAKBNE1025P30.00;VAKBN_10/2025_AVRUPA_OPSIYON;D_EQ;SSO;D_EQ_EPP;DE_VAKBN_EPP;VAKBN.E;2025-10-31;4.9;4.58;6.99;0;0;0;0;0;0;0;0;0;50;0;;;;;
2025-10-08;O_VAKBNE1025P31.00;VAKBN_10/2025_AVRUPA_OPSIYON;D_EQ;SSO;D_EQ_EPP;DE_VAKBN_EPP;VAKBN.E;2025-10-31;5.84;5.49;6.38;0;0;0;0;0;0;0;0;0;100;0;;;;;
2025-10-08;O_VAKBNE1025P32.00;VAKBN_10/2025_AVRUPA_OPSIYON;D_EQ;SSO;D_EQ_EPP;DE_VAKBN_EPP;VAKBN.E;2025-10-31;6.79;6.43;5.6;0;0;0;0;0;0;0;0;0;20;0;;;;;
2025-10-08;O_VAKBNE1025P33.00;VAKBN_10/2025_AVRUPA_OPSIYON;D_EQ;SSO;D_EQ_EPP;DE_VAKBN_EPP;VAKBN.E;2025-10-31;7.75;7.39;4.87;0;0;0;0;0;0;0;0;0;0;0;;;;;
2025-10-08;O_VAKBNE1125C25.00;VAKBN_11/2025_AVRUPA_OPSIYON;D_EQ;SSO;D_EQ_ECP;DE_VAKBN_ECP;VAKBN.E;2025-11-28;2.13;2.37;-10.13;0;0;0;0;0;0;0;0;0;0;0;;;;;
2025-10-08;O_VAKBNE1125C26.00;VAKBN_11/2025_AVRUPA_OPSIYON;D_EQ;SSO;D_EQ_ECP;DE_VAKBN_ECP;VAKBN.E;2025-11-28;1.66;1.87;-11.23;0;0;0;0;0;0;0;0;0;0;0;;;;;
2025-10-08;O_VAKBNE1125C27.00;VAKBN_11/2025_AVRUPA_OPSIYON;D_EQ;SSO;D_EQ_ECP;DE_VAKBN_ECP;VAKBN.E;2025-11-28;1.27;1.46;-13.01;0;0;0;0;0;0;0;0;0;238;0;;;;;
2025-10-08;O_VAKBNE1125C28.00;VAKBN_11/2025_AVRUPA_OPSIYON;D_EQ;SSO;D_EQ_ECP;DE_VAKBN_ECP;VAKBN.E;2025-11-28;0.96;1.11;-13.51;0;0;0;0;0;0;0;0;0;466;0;;;;;
2025-10-08;O_VAKBNE1125C29.00;VAKBN_11/2025_AVRUPA_OPSIYON;D_EQ;SSO;D_EQ_ECP;DE_VAKBN_ECP;VAKBN.E;2025-11-28;0.72;0.84;-14.29;0;0;0;0;0;0;0;0;0;233;0;;;;;
2025-10-08;O_VAKBNE1125C30.00;VAKBN_11/2025_AVRUPA_OPSIYON;D_EQ;SSO;D_EQ_ECP;DE_VAKBN_ECP;VAKBN.E;2025-11-28;0.52;0.62;-16.13;0.67;0.67;0.69;0.69;0.68;600000;13600;200;2;200;200;;;;;
2025-10-08;O_VAKBNE1125C31.00;VAKBN_11/2025_AVRUPA_OPSIYON;D_EQ;SSO;D_EQ_ECP;DE_VAKBN_ECP;VAKBN.E;2025-11-28;0.38;0.46;-17.39;0;0;0;0;0;0;0;0;0;0;0;;;;;
2025-10-08;O_VAKBNE1125C32.00;VAKBN_11/2025_AVRUPA_OPSIYON;D_EQ;SSO;D_EQ_ECP;DE_VAKBN_ECP;VAKBN.E;2025-11-28;0.27;0.33;-18.18;0;0;0;0;0;0;0;0;0;380;0;;;;;
2025-10-08;O_VAKBNE1125C33.00;VAKBN_11/2025_AVRUPA_OPSIYON;D_EQ;SSO;D_EQ_ECP;DE_VAKBN_ECP;VAKBN.E;2025-11-28;0.19;0.24;-20.83;0;0;0;0;0;0;0;0;0;0;0;;;;;
2025-10-08;O_VAKBNE1125C34.00;VAKBN_11/2025_AVRUPA_OPSIYON;D_EQ;SSO;D_EQ_ECP;DE_VAKBN_ECP;VAKBN.E;2025-11-28;0.13;0.17;-23.53;0;0;0;0;0;0;0;0;0;0;0;;;;;
2025-10-08;O_VAKBNE1125C35.00;VAKBN_11/2025_AVRUPA_OPSIYON;D_EQ;SSO;D_EQ_ECP;DE_VAKBN_ECP;VAKBN.E;2025-11-28;0.09;0.12;-25;0;0;0;0;0;0;0;0;0;0;0;;;;;
2025-10-08;O_VAKBNE1125C36.00;VAKBN_11/2025_AVRUPA_OPSIYON;D_EQ;SSO;D_EQ_ECP;DE_VAKBN_ECP;VAKBN.E;2025-11-28;0.06;0.08;-25;0;0;0;0;0;0;0;0;0;0;0;;;;;
2025-10-08;O_VAKBNE1125C37.00;VAKBN_11/2025_AVRUPA_OPSIYON;D_EQ;SSO;D_EQ_ECP;DE_VAKBN_ECP;VAKBN.E;2025-11-28;0.04;0.06;-33.33;0;0;0;0;0;0;0;0;0;0;0;;;;;
2025-10-08;O_VAKBNE1125P22.50;VAKBN_11/2025_AVRUPA_OPSIYON;D_EQ;SSO;D_EQ_EPP;DE_VAKBN_EPP;VAKBN.E;2025-11-28;0.52;0.46;13.04;0;0;0;0;0;0;0;0;0;0;0;;;;;
2025-10-08;O_VAKBNE1125P23.00;VAKBN_11/2025_AVRUPA_OPSIYON;D_EQ;SSO;D_EQ_EPP;DE_VAKBN_EPP;VAKBN.E;2025-11-28;0.64;0.57;12.28;0;0;0;0;0;0;0;0;0;0;0;;;;;
2025-10-08;O_VAKBNE1125P23.50;VAKBN_11/2025_AVRUPA_OPSIYON;D_EQ;SSO;D_EQ_EPP;DE_VAKBN_EPP;VAKBN.E;2025-11-28;0.79;0.71;11.27;0;0;0;0;0;0;0;0;0;0;0;;;;;
2025-10-08;O_VAKBNE1125P24.00;VAKBN_11/2025_AVRUPA_OPSIYON;D_EQ;SSO;D_EQ_EPP;DE_VAKBN_EPP;VAKBN.E;2025-11-28;0.96;0.86;11.63;0;0;0;0;0;0;0;0;0;0;0;;;;;
2025-10-08;O_VAKBNE1125P24.50;VAKBN_11/2025_AVRUPA_OPSIYON;D_EQ;SSO;D_EQ_EPP;DE_VAKBN_EPP;VAKBN.E;2025-11-28;1.15;1.04;10.58;0;0;0;0;0;0;0;0;0;0;0;;;;;
2025-10-08;O_VAKBNE1125P25.00;VAKBN_11/2025_AVRUPA_OPSIYON;D_EQ;SSO;D_EQ_EPP;DE_VAKBN_EPP;VAKBN.E;2025-11-28;1.35;1.23;9.76;0;0;0;0;0;0;0;0;0;1050;0;;;;;
2025-10-08;O_VAKBNE1125P26.00;VAKBN_11/2025_AVRUPA_OPSIYON;D_EQ;SSO;D_EQ_EPP;DE_VAKBN_EPP;VAKBN.E;2025-11-28;1.84;1.68;9.52;0;0;0;0;0;0;0;0;0;5;0;;;;;
2025-10-08;O_VAKBNE1125P27.00;VAKBN_11/2025_AVRUPA_OPSIYON;D_EQ;SSO;D_EQ_EPP;DE_VAKBN_EPP;VAKBN.E;2025-11-28;2.4;2.21;8.6;0;0;0;0;0;0;0;0;0;0;0;;;;;
2025-10-08;O_VAKBNE1125P28.00;VAKBN_11/2025_AVRUPA_OPSIYON;D_EQ;SSO;D_EQ_EPP;DE_VAKBN_EPP;VAKBN.E;2025-11-28;3.03;2.82;7.45;0;0;0;0;0;0;0;0;0;0;0;;;;;
2025-10-08;O_VAKBNE1125P29.00;VAKBN_11/2025_AVRUPA_OPSIYON;D_EQ;SSO;D_EQ_EPP;DE_VAKBN_EPP;VAKBN.E;2025-11-28;3.74;3.49;7.16;0;0;0;0;0;0;0;0;0;0;0;;;;;
2025-10-08;O_VAKBNE1125P30.00;VAKBN_11/2025_AVRUPA_OPSIYON;D_EQ;SSO;D_EQ_EPP;DE_VAKBN_EPP;VAKBN.E;2025-11-28;4.49;4.22;6.4;0;0;0;0;0;0;0;0;0;0;0;;;;;
2025-10-08;O_VAKBNE1125P31.00;VAKBN_11/2025_AVRUPA_OPSIYON;D_EQ;SSO;D_EQ_EPP;DE_VAKBN_EPP;VAKBN.E;2025-11-28;5.3;5;6;0;0;0;0;0;0;0;0;0;0;0;;;;;
2025-10-08;O_VAKBNE1125P32.00;VAKBN_11/2025_AVRUPA_OPSIYON;D_EQ;SSO;D_EQ_EPP;DE_VAKBN_EPP;VAKBN.E;2025-11-28;6.14;5.83;5.32;0;0;0;0;0;0;0;0;0;0;0;;;;;
2025-10-08;O_VAKBNE1225C26.00;VAKBN_12/2025_AVRUPA_OPSIYON;D_EQ;SSO;D_EQ_ECP;DE_VAKBN_ECP;VAKBN.E;2025-12-31;2.77;3.02;-8.28;0;0;0;0;0;0;0;0;0;0;0;;;;;
2025-10-08;O_VAKBNE1225C27.00;VAKBN_12/2025_AVRUPA_OPSIYON;D_EQ;SSO;D_EQ_ECP;DE_VAKBN_ECP;VAKBN.E;2025-12-31;2.32;2.54;-8.66;0;0;0;0;0;0;0;0;0;0;0;;;;;
2025-10-08;O_VAKBNE1225C28.00;VAKBN_12/2025_AVRUPA_OPSIYON;D_EQ;SSO;D_EQ_ECP;DE_VAKBN_ECP;VAKBN.E;2025-12-31;1.93;2.13;-9.39;0;0;0;0;0;0;0;0;0;0;0;;;;;
2025-10-08;O_VAKBNE1225C29.00;VAKBN_12/2025_AVRUPA_OPSIYON;D_EQ;SSO;D_EQ_ECP;DE_VAKBN_ECP;VAKBN.E;2025-12-31;1.59;1.77;-10.17;0;0;0;0;0;0;0;0;0;0;0;;;;;
2025-10-08;O_VAKBNE1225C30.00;VAKBN_12/2025_AVRUPA_OPSIYON;D_EQ;SSO;D_EQ_ECP;DE_VAKBN_ECP;VAKBN.E;2025-12-31;1.3;1.46;-10.96;0;0;0;0;0;0;0;0;0;0;0;;;;;
2025-10-08;O_VAKBNE1225C31.00;VAKBN_12/2025_AVRUPA_OPSIYON;D_EQ;SSO;D_EQ_ECP;DE_VAKBN_ECP;VAKBN.E;2025-12-31;1.06;1.19;-10.92;0;0;0;0;0;0;0;0;0;0;0;;;;;
2025-10-08;O_VAKBNE1225C32.00;VAKBN_12/2025_AVRUPA_OPSIYON;D_EQ;SSO;D_EQ_ECP;DE_VAKBN_ECP;VAKBN.E;2025-12-31;0.85;0.97;-12.37;0;0;0;0;0;0;0;0;0;0;0;;;;;
2025-10-08;O_VAKBNE1225C33.00;VAKBN_12/2025_AVRUPA_OPSIYON;D_EQ;SSO;D_EQ_ECP;DE_VAKBN_ECP;VAKBN.E;2025-12-31;0.69;0.79;-12.66;0;0;0;0;0;0;0;0;0;0;0;;;;;
2025-10-08;O_VAKBNE1225C34.00;VAKBN_12/2025_AVRUPA_OPSIYON;D_EQ;SSO;D_EQ_ECP;DE_VAKBN_ECP;VAKBN.E;2025-12-31;0.55;0.63;-12.7;0;0;0;0;0;0;0;0;0;0;0;;;;;
2025-10-08;O_VAKBNE1225C35.00;VAKBN_12/2025_AVRUPA_OPSIYON;D_EQ;SSO;D_EQ_ECP;DE_VAKBN_ECP;VAKBN.E;2025-12-31;0.44;0.51;-13.73;0;0;0;0;0;0;0;0;0;0;0;;;;;
2025-10-08;O_VAKBNE1225P23.00;VAKBN_12/2025_AVRUPA_OPSIYON;D_EQ;SSO;D_EQ_EPP;DE_VAKBN_EPP;VAKBN.E;2025-12-31;0.69;0.63;9.52;0;0;0;0;0;0;0;0;0;0;0;;;;;
2025-10-08;O_VAKBNE1225P23.50;VAKBN_12/2025_AVRUPA_OPSIYON;D_EQ;SSO;D_EQ_EPP;DE_VAKBN_EPP;VAKBN.E;2025-12-31;0.82;0.75;9.33;0;0;0;0;0;0;0;0;0;0;0;;;;;
2025-10-08;O_VAKBNE1225P24.00;VAKBN_12/2025_AVRUPA_OPSIYON;D_EQ;SSO;D_EQ_EPP;DE_VAKBN_EPP;VAKBN.E;2025-12-31;0.96;0.88;9.09;0;0;0;0;0;0;0;0;0;0;0;;;;;
2025-10-08;O_VAKBNE1225P24.50;VAKBN_12/2025_AVRUPA_OPSIYON;D_EQ;SSO;D_EQ_EPP;DE_VAKBN_EPP;VAKBN.E;2025-12-31;1.12;1.03;8.74;0;0;0;0;0;0;0;0;0;0;0;;;;;
2025-10-08;O_VAKBNE1225P25.00;VAKBN_12/2025_AVRUPA_OPSIYON;D_EQ;SSO;D_EQ_EPP;DE_VAKBN_EPP;VAKBN.E;2025-12-31;1.29;1.19;8.4;0;0;0;0;0;0;0;0;0;0;0;;;;;
2025-10-08;O_VAKBNE1225P26.00;VAKBN_12/2025_AVRUPA_OPSIYON;D_EQ;SSO;D_EQ_EPP;DE_VAKBN_EPP;VAKBN.E;2025-12-31;1.68;1.55;8.39;0;0;0;0;0;0;0;0;0;0;0;;;;;
2025-10-08;O_VAKBNE1225P27.00;VAKBN_12/2025_AVRUPA_OPSIYON;D_EQ;SSO;D_EQ_EPP;DE_VAKBN_EPP;VAKBN.E;2025-12-31;2.13;1.98;7.58;0;0;0;0;0;0;0;0;0;0;0;;;;;
2025-10-08;O_VAKBNE1225P28.00;VAKBN_12/2025_AVRUPA_OPSIYON;D_EQ;SSO;D_EQ_EPP;DE_VAKBN_EPP;VAKBN.E;2025-12-31;2.64;2.46;7.32;0;0;0;0;0;0;0;0;0;0;0;;;;;
2025-10-08;O_VAKBNE1225P29.00;VAKBN_12/2025_AVRUPA_OPSIYON;D_EQ;SSO;D_EQ_EPP;DE_VAKBN_EPP;VAKBN.E;2025-12-31;3.2;3;6.67;0;0;0;0;0;0;0;0;0;0;0;;;;;
2025-10-08;O_VAKBNE1225P30.00;VAKBN_12/2025_AVRUPA_OPSIYON;D_EQ;SSO;D_EQ_EPP;DE_VAKBN_EPP;VAKBN.E;2025-12-31;3.81;3.59;6.13;0;0;0;0;0;0;0;0;0;0;0;;;;;
2025-10-08;O_XU030E0226C12500.00;BIST 30_02/2026_AVRUPA_OPSIYON;D_IX;INO;D_IX_ECO;DE_BIST30_ECO;D_XU030D;2026-02-27;1135.77;1204.18;-5.68;0;0;0;0;0;0;0;0;0;10;0;;;;;
2025-10-08;O_XU030E0226C12750.00;BIST 30_02/2026_AVRUPA_OPSIYON;D_IX;INO;D_IX_ECO;DE_BIST30_ECO;D_XU030D;2026-02-27;978.12;1044.98;-6.4;0;0;0;0;0;0;0;0;0;0;0;;;;;
2025-10-08;O_XU030E0226C13000.00;BIST 30_02/2026_AVRUPA_OPSIYON;D_IX;INO;D_IX_ECO;DE_BIST30_ECO;D_XU030D;2026-02-27;838.23;893.61;-6.2;0;0;0;0;0;0;0;0;0;7;0;;;;;
2025-10-08;O_XU030E0226C13250.00;BIST 30_02/2026_AVRUPA_OPSIYON;D_IX;INO;D_IX_ECO;DE_BIST30_ECO;D_XU030D;2026-02-27;764.5;794.81;-3.81;0;0;0;0;0;0;0;0;0;10;0;;;;;
2025-10-08;O_XU030E0226C13500.00;BIST 30_02/2026_AVRUPA_OPSIYON;D_IX;INO;D_IX_ECO;DE_BIST30_ECO;D_XU030D;2026-02-27;705.23;731.44;-3.58;0;0;0;0;0;0;0;0;0;8;0;;;;;
2025-10-08;O_XU030E0226C13750.00;BIST 30_02/2026_AVRUPA_OPSIYON;D_IX;INO;D_IX_ECO;DE_BIST30_ECO;D_XU030D;2026-02-27;645.34;676.92;-4.67;0;0;0;0;0;0;0;0;0;300;0;;;;;
2025-10-08;O_XU030E0226C14000.00;BIST 30_02/2026_AVRUPA_OPSIYON;D_IX;INO;D_IX_ECO;DE_BIST30_ECO;D_XU030D;2026-02-27;554.09;597.87;-7.32;0;0;0;0;0;0;0;0;0;11;0;;;;;
2025-10-08;O_XU030E0226C14250.00;BIST 30_02/2026_AVRUPA_OPSIYON;D_IX;INO;D_IX_ECO;DE_BIST30_ECO;D_XU030D;2026-02-27;471.38;512.07;-7.95;0;0;0;0;0;0;0;0;0;0;0;;;;;
2025-10-08;O_XU030E0226C14500.00;BIST 30_02/2026_AVRUPA_OPSIYON;D_IX;INO;D_IX_ECO;DE_BIST30_ECO;D_XU030D;2026-02-27;400.27;430.73;-7.07;0;0;0;0;0;0;0;0;0;0;0;;;;;
2025-10-08;O_XU030E0226C14750.00;BIST 30_02/2026_AVRUPA_OPSIYON;D_IX;INO;D_IX_ECO;DE_BIST30_ECO;D_XU030D;2026-02-27;345.7;373.16;-7.36;0;0;0;0;0;0;0;0;0;1;0;;;;;
2025-10-08;O_XU030E0226C15000.00;BIST 30_02/2026_AVRUPA_OPSIYON;D_IX;INO;D_IX_ECO;DE_BIST30_ECO;D_XU030D;2026-02-27;297.52;322.17;-7.65;0;0;0;0;0;0;0;0;0;52;0;;;;;
2025-10-08;O_XU030E0226C15250.00;BIST 30_02/2026_AVRUPA_OPSIYON;D_IX;INO;D_IX_ECO;DE_BIST30_ECO;D_XU030D;2026-02-27;255.2;277.22;-7.94;246.5;246.5;247.75;247.75;247.13;305000;4942.5;2;2;12;2;;;;;
2025-10-08;O_XU030E0226C15500.00;BIST 30_02/2026_AVRUPA_OPSIYON;D_IX;INO;D_IX_ECO;DE_BIST30_ECO;D_XU030D;2026-02-27;218.18;237.77;-8.24;202.75;202.75;204.5;204.5;203.63;310000;4072.5;2;2;17;2;;;;;
2025-10-08;O_XU030E0226C15750.00;BIST 30_02/2026_AVRUPA_OPSIYON;D_IX;INO;D_IX_ECO;DE_BIST30_ECO;D_XU030D;2026-02-27;185.94;203.29;-8.53;167.25;167.25;167.25;167.25;167.25;315000;3345;2;1;4;2;;;;;
2025-10-08;O_XU030E0226C16000.00;BIST 30_02/2026_AVRUPA_OPSIYON;D_IX;INO;D_IX_ECO;DE_BIST30_ECO;D_XU030D;2026-02-27;157.97;173.28;-8.84;122;122;122;122;122;480000;3660;3;2;5;3;;;;;
2025-10-08;O_XU030E0226C16250.00;BIST 30_02/2026_AVRUPA_OPSIYON;D_IX;INO;D_IX_ECO;DE_BIST30_ECO;D_XU030D;2026-02-27;133.82;147.27;-9.13;96;96;96;96;96;487500;2880;3;2;5;3;;;;;
2025-10-08;O_XU030E0226C16500.00;BIST 30_02/2026_AVRUPA_OPSIYON;D_IX;INO;D_IX_ECO;DE_BIST30_ECO;D_XU030D;2026-02-27;113.03;124.8;-9.43;0;0;0;0;0;0;0;0;0;11;0;;;;;
2025-10-08;O_XU030E0226P11000.00;BIST 30_02/2026_AVRUPA_OPSIYON;D_IX;INO;D_IX_EPO;DE_BIST30_EPO;D_XU030D;2026-02-27;308.93;295.86;4.42;0;0;0;0;0;0;0;0;0;0;0;;;;;
2025-10-08;O_XU030E0226P11250.00;BIST 30_02/2026_AVRUPA_OPSIYON;D_IX;INO;D_IX_EPO;DE_BIST30_EPO;D_XU030D;2026-02-27;343.97;330.22;4.16;0;0;0;0;0;0;0;0;0;0;0;;;;;
2025-10-08;O_XU030E0226P11500.00;BIST 30_02/2026_AVRUPA_OPSIYON;D_IX;INO;D_IX_EPO;DE_BIST30_EPO;D_XU030D;2026-02-27;382.88;368.37;3.94;0;0;0;0;0;0;0;0;0;0;0;;;;;
2025-10-08;O_XU030E0226P11750.00;BIST 30_02/2026_AVRUPA_OPSIYON;D_IX;INO;D_IX_EPO;DE_BIST30_EPO;D_XU030D;2026-02-27;426.15;410.79;3.74;0;0;0;0;0;0;0;0;0;120;0;;;;;
2025-10-08;O_XU030E0226P12000.00;BIST 30_02/2026_AVRUPA_OPSIYON;D_IX;INO;D_IX_EPO;DE_BIST30_EPO;D_XU030D;2026-02-27;474.36;458.02;3.57;0;0;0;0;0;0;0;0;0;50;0;;;;;
2025-10-08;O_XU030E0226P12250.00;BIST 30_02/2026_AVRUPA_OPSIYON;D_IX;INO;D_IX_EPO;DE_BIST30_EPO;D_XU030D;2026-02-27;528.18;510.67;3.43;0;0;0;0;0;0;0;0;0;157;0;;;;;
2025-10-08;O_XU030E0226P12500.00;BIST 30_02/2026_AVRUPA_OPSIYON;D_IX;INO;D_IX_EPO;DE_BIST30_EPO;D_XU030D;2026-02-27;588.37;569.45;3.32;0;0;0;0;0;0;0;0;0;250;0;;;;;
2025-10-08;O_XU030E0226P12750.00;BIST 30_02/2026_AVRUPA_OPSIYON;D_IX;INO;D_IX_EPO;DE_BIST30_EPO;D_XU030D;2026-02-27;655.78;635.16;3.25;0;0;0;0;0;0;0;0;0;0;0;;;;;
2025-10-08;O_XU030E0226P13000.00;BIST 30_02/2026_AVRUPA_OPSIYON;D_IX;INO;D_IX_EPO;DE_BIST30_EPO;D_XU030D;2026-02-27;740.97;708.69;4.55;0;0;0;0;0;0;0;0;0;1;0;;;;;
2025-10-08;O_XU030E0226P13250.00;BIST 30_02/2026_AVRUPA_OPSIYON;D_IX;INO;D_IX_EPO;DE_BIST30_EPO;D_XU030D;2026-02-27;892.31;834.79;6.89;0;0;0;0;0;0;0;0;0;0;0;;;;;
2025-10-08;O_XU030E0226P13500.00;BIST 30_02/2026_AVRUPA_OPSIYON;D_IX;INO;D_IX_EPO;DE_BIST30_EPO;D_XU030D;2026-02-27;1058.11;996.33;6.2;0;0;0;0;0;0;0;0;0;0;0;;;;;
2025-10-08;O_XU030E0226P13750.00;BIST 30_02/2026_AVRUPA_OPSIYON;D_IX;INO;D_IX_EPO;DE_BIST30_EPO;D_XU030D;2026-02-27;1223.3;1166.72;4.85;0;0;0;0;0;0;0;0;0;0;0;;;;;
2025-10-08;O_XU030E0226P14000.00;BIST 30_02/2026_AVRUPA_OPSIYON;D_IX;INO;D_IX_EPO;DE_BIST30_EPO;D_XU030D;2026-02-27;1357.12;1312.57;3.39;0;0;0;0;0;0;0;0;0;0;0;;;;;
2025-10-08;O_XU030E0226P14250.00;BIST 30_02/2026_AVRUPA_OPSIYON;D_IX;INO;D_IX_EPO;DE_BIST30_EPO;D_XU030D;2026-02-27;1499.48;1451.68;3.29;0;0;0;0;0;0;0;0;0;0;0;;;;;
2025-10-08;O_XU030E0226P14500.00;BIST 30_02/2026_AVRUPA_OPSIYON;D_IX;INO;D_IX_EPO;DE_BIST30_EPO;D_XU030D;2026-02-27;1653.44;1595.25;3.65;0;0;0;0;0;0;0;0;0;0;0;;;;;
2025-10-08;O_XU030E0226P14750.00;BIST 30_02/2026_AVRUPA_OPSIYON;D_IX;INO;D_IX_EPO;DE_BIST30_EPO;D_XU030D;2026-02-27;1823.94;1762.58;3.48;0;0;0;0;0;0;0;0;0;0;0;;;;;
2025-10-08;O_XU030E0226P15000.00;BIST 30_02/2026_AVRUPA_OPSIYON;D_IX;INO;D_IX_EPO;DE_BIST30_EPO;D_XU030D;2026-02-27;2000.83;1936.5;3.32;0;0;0;0;0;0;0;0;0;25;0;;;;;
2025-10-08;O_XU030E1025C11000.00;BIST 30_10/2025_AVRUPA_OPSIYON;D_IX;INO;D_IX_ECO;DE_BIST30_ECO;D_XU030D;2025-10-31;1092.78;1172.29;-6.78;0;0;0;0;0;0;0;0;0;197;0;;;;;
2025-10-08;O_XU030E1025C11250.00;BIST 30_10/2025_AVRUPA_OPSIYON;D_IX;INO;D_IX_ECO;DE_BIST30_ECO;D_XU030D;2025-10-31;880.58;955.64;-7.85;0;0;0;0;0;0;0;0;0;33;0;;;;;
2025-10-08;O_XU030E1025C11500.00;BIST 30_10/2025_AVRUPA_OPSIYON;D_IX;INO;D_IX_ECO;DE_BIST30_ECO;D_XU030D;2025-10-31;683.69;751.44;-9.02;839.25;695.5;839.25;695.5;743.71;5635000;364418.5;49;7;119;-13;;;;;
2025-10-08;O_XU030E1025C11750.00;BIST 30_10/2025_AVRUPA_OPSIYON;D_IX;INO;D_IX_ECO;DE_BIST30_ECO;D_XU030D;2025-10-31;522.78;574.94;-9.07;636;517.82;669.25;517.82;576.38;10810000;530271.5;92;10;149;17;;;;;
2025-10-08;O_XU030E1025C12000.00;BIST 30_10/2025_AVRUPA_OPSIYON;D_IX;INO;D_IX_ECO;DE_BIST30_ECO;D_XU030D;2025-10-31;388.07;427.71;-9.27;410.5;408;498;408;430.11;26160000;937632.3;218;28;842;-63;;;;;
2025-10-08;O_XU030E1025C12250.00;BIST 30_10/2025_AVRUPA_OPSIYON;D_IX;INO;D_IX_ECO;DE_BIST30_ECO;D_XU030D;2025-10-31;279.19;306.87;-9.02;361.75;342;361.75;342;356.26;2205000;64127.5;18;3;486;-13;;;;;
2025-10-08;O_XU030E1025C12500.00;BIST 30_10/2025_AVRUPA_OPSIYON;D_IX;INO;D_IX_ECO;DE_BIST30_ECO;D_XU030D;2025-10-31;193.07;212.26;-9.04;193.02;175;261.18;184.93;212.57;12375000;210439.8;99;18;1144;19;;;;;
2025-10-08;O_XU030E1025C12750.00;BIST 30_10/2025_AVRUPA_OPSIYON;D_IX;INO;D_IX_ECO;DE_BIST30_ECO;D_XU030D;2025-10-31;129.52;141.34;-8.36;119.25;119.25;129;129;124.13;255000;2482.5;2;2;987;0;;;;;
2025-10-08;O_XU030E1025C13000.00;BIST 30_10/2025_AVRUPA_OPSIYON;D_IX;INO;D_IX_ECO;DE_BIST30_ECO;D_XU030D;2025-10-31;85.7;92.82;-7.67;80;64;80;64;72;260000;1440;2;2;2538;-1;;;;;
2025-10-08;O_XU030E1025C13250.00;BIST 30_10/2025_AVRUPA_OPSIYON;D_IX;INO;D_IX_ECO;DE_BIST30_ECO;D_XU030D;2025-10-31;55.39;60.25;-8.07;0;0;0;0;0;0;0;0;0;803;0;;;;;
2025-10-08;O_XU030E1025C13500.00;BIST 30_10/2025_AVRUPA_OPSIYON;D_IX;INO;D_IX_ECO;DE_BIST30_ECO;D_XU030D;2025-10-31;35.04;38.39;-8.73;0;0;0;0;0;0;0;0;0;1253;0;;;;;
2025-10-08;O_XU030E1025C13750.00;BIST 30_10/2025_AVRUPA_OPSIYON;D_IX;INO;D_IX_ECO;DE_BIST30_ECO;D_XU030D;2025-10-31;21.74;24.07;-9.68;0;0;0;0;0;0;0;0;0;1217;0;;;;;
2025-10-08;O_XU030E1025C14000.00;BIST 30_10/2025_AVRUPA_OPSIYON;D_IX;INO;D_IX_ECO;DE_BIST30_ECO;D_XU030D;2025-10-31;13.26;14.9;-11.01;0;0;0;0;0;0;0;0;0;1313;0;;;;;
2025-10-08;O_XU030E1025C14250.00;BIST 30_10/2025_AVRUPA_OPSIYON;D_IX;INO;D_IX_ECO;DE_BIST30_ECO;D_XU030D;2025-10-31;7.97;9.13;-12.71;0;0;0;0;0;0;0;0;0;496;0;;;;;
2025-10-08;O_XU030E1025C14500.00;BIST 30_10/2025_AVRUPA_OPSIYON;D_IX;INO;D_IX_ECO;DE_BIST30_ECO;D_XU030D;2025-10-31;4.73;5.55;-14.77;0;0;0;0;0;0;0;0;0;925;0;;;;;
2025-10-08;O_XU030E1025C14750.00;BIST 30_10/2025_AVRUPA_OPSIYON;D_IX;INO;D_IX_ECO;DE_BIST30_ECO;D_XU030D;2025-10-31;2.78;3.35;-17.01;0;0;0;0;0;0;0;0;0;484;0;;;;;
2025-10-08;O_XU030E1025C15000.00;BIST 30_10/2025_AVRUPA_OPSIYON;D_IX;INO;D_IX_ECO;DE_BIST30_ECO;D_XU030D;2025-10-31;1.61;2.02;-20.3;0;0;0;0;0;0;0;0;0;1185;0;;;;;
2025-10-08;O_XU030E1025C15250.00;BIST 30_10/2025_AVRUPA_OPSIYON;D_IX;INO;D_IX_ECO;DE_BIST30_ECO;D_XU030D;2025-10-31;0.93;1.21;-23.14;0;0;0;0;0;0;0;0;0;153;0;;;;;
2025-10-08;O_XU030E1025C15500.00;BIST 30_10/2025_AVRUPA_OPSIYON;D_IX;INO;D_IX_ECO;DE_BIST30_ECO;D_XU030D;2025-10-31;0.54;0.73;-26.03;0;0;0;0;0;0;0;0;0;431;0;;;;;
2025-10-08;O_XU030E1025P10000.00;BIST 30_10/2025_AVRUPA_OPSIYON;D_IX;INO;D_IX_EPO;DE_BIST30_EPO;D_XU030D;2025-10-31;11.49;10.11;13.65;0;0;0;0;0;0;0;0;0;115;0;;;;;
2025-10-08;O_XU030E1025P10250.00;BIST 30_10/2025_AVRUPA_OPSIYON;D_IX;INO;D_IX_EPO;DE_BIST30_EPO;D_XU030D;2025-10-31;18.04;15.74;14.61;0;0;0;0;0;0;0;0;0;135;0;;;;;
2025-10-08;O_XU030E1025P10500.00;BIST 30_10/2025_AVRUPA_OPSIYON;D_IX;INO;D_IX_EPO;DE_BIST30_EPO;D_XU030D;2025-10-31;28.03;24.27;15.49;0;0;0;0;0;0;0;0;0;251;0;;;;;
2025-10-08;O_XU030E1025P10750.00;BIST 30_10/2025_AVRUPA_OPSIYON;D_IX;INO;D_IX_EPO;DE_BIST30_EPO;D_XU030D;2025-10-31;43.06;37.1;16.06;0;0;0;0;0;0;0;0;0;237;0;;;;;
2025-10-08;O_XU030E1025P11000.00;BIST 30_10/2025_AVRUPA_OPSIYON;D_IX;INO;D_IX_EPO;DE_BIST30_EPO;D_XU030D;2025-10-31;65.4;56.17;16.43;0;0;0;0;0;0;0;0;0;418;0;;;;;
2025-10-08;O_XU030E1025P11250.00;BIST 30_10/2025_AVRUPA_OPSIYON;D_IX;INO;D_IX_EPO;DE_BIST30_EPO;D_XU030D;2025-10-31;98.06;84.16;16.52;0;0;0;0;0;0;0;0;0;620;0;;;;;
2025-10-08;O_XU030E1025P11500.00;BIST 30_10/2025_AVRUPA_OPSIYON;D_IX;INO;D_IX_EPO;DE_BIST30_EPO;D_XU030D;2025-10-31;146.02;124.59;17.2;163.39;163.39;164;164;163.94;12650000;180339;110;11;703;100;;;;;
2025-10-08;O_XU030E1025P11750.00;BIST 30_10/2025_AVRUPA_OPSIYON;D_IX;INO;D_IX_EPO;DE_BIST30_EPO;D_XU030D;2025-10-31;229.96;192.73;19.32;230.75;210;259;245.48;244.67;7167500;149250.9;61;10;656;16;;;;;
2025-10-08;O_XU030E1025P12000.00;BIST 30_10/2025_AVRUPA_OPSIYON;D_IX;INO;D_IX_EPO;DE_BIST30_EPO;D_XU030D;2025-10-31;340.11;290.13;17.23;295;281.75;368;344.76;337.26;4440000;124787.4;37;10;1301;10;;;;;
2025-10-08;O_XU030E1025P12250.00;BIST 30_10/2025_AVRUPA_OPSIYON;D_IX;INO;D_IX_EPO;DE_BIST30_EPO;D_XU030D;2025-10-31;476.09;413.93;15.02;371.25;371.25;488.72;476;456.16;8820000;328435.4;72;12;1446;8;;;;;
2025-10-08;O_XU030E1025P12500.00;BIST 30_10/2025_AVRUPA_OPSIYON;D_IX;INO;D_IX_EPO;DE_BIST30_EPO;D_XU030D;2025-10-31;634.82;563.95;12.57;603.75;603.75;634.5;634.5;619.13;3250000;160972.5;26;4;2485;0;;;;;
2025-10-08;O_XU030E1025P12750.00;BIST 30_10/2025_AVRUPA_OPSIYON;D_IX;INO;D_IX_EPO;DE_BIST30_EPO;D_XU030D;2025-10-31;816.13;737.66;10.64;778.49;778.49;812.75;779.76;794.01;6630000;412883.4;52;8;514;5;;;;;
2025-10-08;O_XU030E1025P13000.00;BIST 30_10/2025_AVRUPA_OPSIYON;D_IX;INO;D_IX_EPO;DE_BIST30_EPO;D_XU030D;2025-10-31;1017.17;933.78;8.93;0;0;0;0;0;0;0;0;0;592;0;;;;;
2025-10-08;O_XU030E1025P13250.00;BIST 30_10/2025_AVRUPA_OPSIYON;D_IX;INO;D_IX_EPO;DE_BIST30_EPO;D_XU030D;2025-10-31;1231.71;1145.84;7.49;0;0;0;0;0;0;0;0;0;269;0;;;;;
2025-10-08;O_XU030E1025P13500.00;BIST 30_10/2025_AVRUPA_OPSIYON;D_IX;INO;D_IX_EPO;DE_BIST30_EPO;D_XU030D;2025-10-31;1456.21;1368.61;6.4;0;0;0;0;0;0;0;0;0;60;0;;;;;
2025-10-08;O_XU030E1025P13750.00;BIST 30_10/2025_AVRUPA_OPSIYON;D_IX;INO;D_IX_EPO;DE_BIST30_EPO;D_XU030D;2025-10-31;1687.77;1598.93;5.56;16.11;16.11;16.11;16.11;16.11;137500;161.1;1;1;384;-1;;;;;
2025-10-08;O_XU030E1025P14000.00;BIST 30_10/2025_AVRUPA_OPSIYON;D_IX;INO;D_IX_EPO;DE_BIST30_EPO;D_XU030D;2025-10-31;1924.15;1834.39;4.89;0;0;0;0;0;0;0;0;0;170;0;;;;;
2025-10-08;O_XU030E1025P9800.00;BIST 30_10/2025_AVRUPA_OPSIYON;D_IX;INO;D_IX_EPO;DE_BIST30_EPO;D_XU030D;2025-10-31;7.95;7.06;12.61;0;0;0;0;0;0;0;0;0;25;0;;;;;
2025-10-08;O_XU030E1025P9900.00;BIST 30_10/2025_AVRUPA_OPSIYON;D_IX;INO;D_IX_EPO;DE_BIST30_EPO;D_XU030D;2025-10-31;9.57;8.46;13.12;0;0;0;0;0;0;0;0;0;186;0;;;;;
2025-10-08;O_XU030E1225C12000.00;BIST 30_12/2025_AVRUPA_OPSIYON;D_IX;INO;D_IX_ECO;DE_BIST30_ECO;D_XU030D;2025-12-31;1012.55;1086.11;-6.77;0;0;0;0;0;0;0;0;0;230;0;;;;;
2025-10-08;O_XU030E1225C12250.00;BIST 30_12/2025_AVRUPA_OPSIYON;D_IX;INO;D_IX_ECO;DE_BIST30_ECO;D_XU030D;2025-12-31;856.83;918.51;-6.72;0;0;0;0;0;0;0;0;0;191;0;;;;;
2025-10-08;O_XU030E1225C12500.00;BIST 30_12/2025_AVRUPA_OPSIYON;D_IX;INO;D_IX_ECO;DE_BIST30_ECO;D_XU030D;2025-12-31;738.99;788.26;-6.25;794.09;729.75;794.09;729.75;767.75;5000000;307100.5;40;5;150;0;;;;;
2025-10-08;O_XU030E1225C12750.00;BIST 30_12/2025_AVRUPA_OPSIYON;D_IX;INO;D_IX_ECO;DE_BIST30_ECO;D_XU030D;2025-12-31;634.41;678.11;-6.44;670.29;670.29;670.29;670.29;670.29;2550000;134058;20;1;44;0;;;;;
2025-10-08;O_XU030E1225C13000.00;BIST 30_12/2025_AVRUPA_OPSIYON;D_IX;INO;D_IX_ECO;DE_BIST30_ECO;D_XU030D;2025-12-31;536.44;581.77;-7.79;0;0;0;0;0;0;0;0;0;29;0;;;;;
2025-10-08;O_XU030E1225C13250.00;BIST 30_12/2025_AVRUPA_OPSIYON;D_IX;INO;D_IX_ECO;DE_BIST30_ECO;D_XU030D;2025-12-31;442.76;483.45;-8.42;449.75;449.75;457.5;457.5;453.63;1325000;45362.5;10;2;209;0;;;;;
2025-10-08;O_XU030E1225C13500.00;BIST 30_12/2025_AVRUPA_OPSIYON;D_IX;INO;D_IX_ECO;DE_BIST30_ECO;D_XU030D;2025-12-31;360.9;396.98;-9.09;393;393;393.41;393.41;393.14;2700000;78628.7;20;2;115;13;;;;;
2025-10-08;O_XU030E1225C13750.00;BIST 30_12/2025_AVRUPA_OPSIYON;D_IX;INO;D_IX_ECO;DE_BIST30_ECO;D_XU030D;2025-12-31;294.98;321.9;-8.36;298.75;298.75;298.75;298.75;298.75;687500;14937.5;5;1;99;0;;;;;
2025-10-08;O_XU030E1225C14000.00;BIST 30_12/2025_AVRUPA_OPSIYON;D_IX;INO;D_IX_ECO;DE_BIST30_ECO;D_XU030D;2025-12-31;246.3;268.9;-8.4;255;255;255;255;255;1400000;25500;10;1;237;10;;;;;
2025-10-08;O_XU030E1225C14250.00;BIST 30_12/2025_AVRUPA_OPSIYON;D_IX;INO;D_IX_ECO;DE_BIST30_ECO;D_XU030D;2025-12-31;205.3;224.07;-8.38;190;190;190;190;190;4275000;57000;30;3;97;30;;;;;
2025-10-08;O_XU030E1225C14500.00;BIST 30_12/2025_AVRUPA_OPSIYON;D_IX;INO;D_IX_ECO;DE_BIST30_ECO;D_XU030D;2025-12-31;170.92;186.33;-8.27;0;0;0;0;0;0;0;0;0;102;0;;;;;
2025-10-08;O_XU030E1225C14750.00;BIST 30_12/2025_AVRUPA_OPSIYON;D_IX;INO;D_IX_ECO;DE_BIST30_ECO;D_XU030D;2025-12-31;142.19;154.72;-8.1;0;0;0;0;0;0;0;0;0;207;0;;;;;
2025-10-08;O_XU030E1225C15000.00;BIST 30_12/2025_AVRUPA_OPSIYON;D_IX;INO;D_IX_ECO;DE_BIST30_ECO;D_XU030D;2025-12-31;118.25;128.33;-7.85;0;0;0;0;0;0;0;0;0;83;0;;;;;
2025-10-08;O_XU030E1225C15250.00;BIST 30_12/2025_AVRUPA_OPSIYON;D_IX;INO;D_IX_ECO;DE_BIST30_ECO;D_XU030D;2025-12-31;98.36;106.37;-7.53;72;72;79;75;75.23;5947500;29340;39;8;125;26;;;;;
2025-10-08;O_XU030E1225C15500.00;BIST 30_12/2025_AVRUPA_OPSIYON;D_IX;INO;D_IX_ECO;DE_BIST30_ECO;D_XU030D;2025-12-31;81.86;88.14;-7.13;55;55;55;55;55;1550000;5500;10;2;35;0;;;;;
2025-10-08;O_XU030E1225C15750.00;BIST 30_12/2025_AVRUPA_OPSIYON;D_IX;INO;D_IX_ECO;DE_BIST30_ECO;D_XU030D;2025-12-31;68.18;73.04;-6.65;0;0;0;0;0;0;0;0;0;68;0;;;;;
2025-10-08;O_XU030E1225C16000.00;BIST 30_12/2025_AVRUPA_OPSIYON;D_IX;INO;D_IX_ECO;DE_BIST30_ECO;D_XU030D;2025-12-31;56.85;60.55;-6.11;0;0;0;0;0;0;0;0;0;65;0;;;;;
2025-10-08;O_XU030E1225C16250.00;BIST 30_12/2025_AVRUPA_OPSIYON;D_IX;INO;D_IX_ECO;DE_BIST30_ECO;D_XU030D;2025-12-31;47.48;50.23;-5.47;0;0;0;0;0;0;0;0;0;18;0;;;;;
2025-10-08;O_XU030E1225P10500.00;BIST 30_12/2025_AVRUPA_OPSIYON;D_IX;INO;D_IX_EPO;DE_BIST30_EPO;D_XU030D;2025-12-31;162.35;155.26;4.57;0;0;0;0;0;0;0;0;0;160;0;;;;;
2025-10-08;O_XU030E1225P10750.00;BIST 30_12/2025_AVRUPA_OPSIYON;D_IX;INO;D_IX_EPO;DE_BIST30_EPO;D_XU030D;2025-12-31;189.89;182.04;4.31;0;0;0;0;0;0;0;0;0;107;0;;;;;
2025-10-08;O_XU030E1225P11000.00;BIST 30_12/2025_AVRUPA_OPSIYON;D_IX;INO;D_IX_EPO;DE_BIST30_EPO;D_XU030D;2025-12-31;221.87;213.14;4.1;0;0;0;0;0;0;0;0;0;113;0;;;;;
2025-10-08;O_XU030E1225P11250.00;BIST 30_12/2025_AVRUPA_OPSIYON;D_IX;INO;D_IX_EPO;DE_BIST30_EPO;D_XU030D;2025-12-31;259.04;249.25;3.93;0;0;0;0;0;0;0;0;0;77;0;;;;;
2025-10-08;O_XU030E1225P11500.00;BIST 30_12/2025_AVRUPA_OPSIYON;D_IX;INO;D_IX_EPO;DE_BIST30_EPO;D_XU030D;2025-12-31;302.25;291.18;3.8;0;0;0;0;0;0;0;0;0;153;0;;;;;
2025-10-08;O_XU030E1225P11750.00;BIST 30_12/2025_AVRUPA_OPSIYON;D_IX;INO;D_IX_EPO;DE_BIST30_EPO;D_XU030D;2025-12-31;352.53;339.87;3.72;0;0;0;0;0;0;0;0;0;13;0;;;;;
2025-10-08;O_XU030E1225P12000.00;BIST 30_12/2025_AVRUPA_OPSIYON;D_IX;INO;D_IX_EPO;DE_BIST30_EPO;D_XU030D;2025-12-31;411.01;396.37;3.69;0;0;0;0;0;0;0;0;0;50;0;;;;;
2025-10-08;O_XU030E1225P12250.00;BIST 30_12/2025_AVRUPA_OPSIYON;D_IX;INO;D_IX_EPO;DE_BIST30_EPO;D_XU030D;2025-12-31;488.61;461.9;5.78;513;501.47;513;501.47;502.02;2572500;105424;21;2;241;0;;;;;
2025-10-08;O_XU030E1225P12500.00;BIST 30_12/2025_AVRUPA_OPSIYON;D_IX;INO;D_IX_EPO;DE_BIST30_EPO;D_XU030D;2025-12-31;604.09;564.78;6.96;0;0;0;0;0;0;0;0;0;120;0;;;;;
2025-10-08;O_XU030E1225P12750.00;BIST 30_12/2025_AVRUPA_OPSIYON;D_IX;INO;D_IX_EPO;DE_BIST30_EPO;D_XU030D;2025-12-31;732.83;687.76;6.55;0;0;0;0;0;0;0;0;0;219;0;;;;;
2025-10-08;O_XU030E1225P13000.00;BIST 30_12/2025_AVRUPA_OPSIYON;D_IX;INO;D_IX_EPO;DE_BIST30_EPO;D_XU030D;2025-12-31;868.18;824.55;5.29;0;0;0;0;0;0;0;0;0;63;0;;;;;
2025-10-08;O_XU030E1225P13250.00;BIST 30_12/2025_AVRUPA_OPSIYON;D_IX;INO;D_IX_EPO;DE_BIST30_EPO;D_XU030D;2025-12-31;1007.83;959.36;5.05;0;0;0;0;0;0;0;0;0;28;0;;;;;
2025-10-08;O_XU030E1225P13500.00;BIST 30_12/2025_AVRUPA_OPSIYON;D_IX;INO;D_IX_EPO;DE_BIST30_EPO;D_XU030D;2025-12-31;1159.29;1106.02;4.82;0;0;0;0;0;0;0;0;0;35;0;;;;;
2025-10-08;O_XU030E1225P13750.00;BIST 30_12/2025_AVRUPA_OPSIYON;D_IX;INO;D_IX_EPO;DE_BIST30_EPO;D_XU030D;2025-12-31;1326.69;1264.07;4.95;0;0;0;0;0;0;0;0;0;57;0;;;;;
2025-10-08;O_XU030E1225P14000.00;BIST 30_12/2025_AVRUPA_OPSIYON;D_IX;INO;D_IX_EPO;DE_BIST30_EPO;D_XU030D;2025-12-31;1511.34;1444.2;4.65;0;0;0;0;0;0;0;0;0;84;0;;;;;
2025-10-08;O_XU030E1225P14250.00;BIST 30_12/2025_AVRUPA_OPSIYON;D_IX;INO;D_IX_EPO;DE_BIST30_EPO;D_XU030D;2025-12-31;1703.66;1632.5;4.36;0;0;0;0;0;0;0;0;0;92;0;;;;;
2025-10-08;O_XU030E1225P14500.00;BIST 30_12/2025_AVRUPA_OPSIYON;D_IX;INO;D_IX_EPO;DE_BIST30_EPO;D_XU030D;2025-12-31;1902.6;1827.9;4.09;0;0;0;0;0;0;0;0;0;86;0;;;;;
2025-10-08;O_XU030E1225P14750.00;BIST 30_12/2025_AVRUPA_OPSIYON;D_IX;INO;D_IX_EPO;DE_BIST30_EPO;D_XU030D;2025-12-31;2107.19;2029.41;3.83;0;0;0;0;0;0;0;0;0;171;0;;;;;
2025-10-08;O_YKBNKE1025C30.00;YKBNK_10/2025_AVRUPA_OPSIYON;D_EQ;SSO;D_EQ_ECP;DE_YKBNK_ECP;YKBNK.E;2025-10-31;2.61;2.7;-3.33;0;0;0;0;0;0;0;0;0;278;0;;;;;
2025-10-08;O_YKBNKE1025C31.00;YKBNK_10/2025_AVRUPA_OPSIYON;D_EQ;SSO;D_EQ_ECP;DE_YKBNK_ECP;YKBNK.E;2025-10-31;1.94;2.03;-4.43;0;0;0;0;0;0;0;0;0;55;0;;;;;
2025-10-08;O_YKBNKE1025C32.00;YKBNK_10/2025_AVRUPA_OPSIYON;D_EQ;SSO;D_EQ_ECP;DE_YKBNK_ECP;YKBNK.E;2025-10-31;1.4;1.47;-4.76;0;0;0;0;0;0;0;0;0;1178;0;;;;;
2025-10-08;O_YKBNKE1025C33.00;YKBNK_10/2025_AVRUPA_OPSIYON;D_EQ;SSO;D_EQ_ECP;DE_YKBNK_ECP;YKBNK.E;2025-10-31;0.97;1.04;-6.73;0;0;0;0;0;0;0;0;0;730;0;;;;;
2025-10-08;O_YKBNKE1025C34.00;YKBNK_10/2025_AVRUPA_OPSIYON;D_EQ;SSO;D_EQ_ECP;DE_YKBNK_ECP;YKBNK.E;2025-10-31;0.65;0.7;-7.14;0;0;0;0;0;0;0;0;0;2250;0;;;;;
2025-10-08;O_YKBNKE1025C36.00;YKBNK_10/2025_AVRUPA_OPSIYON;D_EQ;SSO;D_EQ_ECP;DE_YKBNK_ECP;YKBNK.E;2025-10-31;0.27;0.31;-12.9;0.26;0.26;0.26;0.26;0.26;892800;6448;248;1;5870;248;;;;;
2025-10-08;O_YKBNKE1025C37.00;YKBNK_10/2025_AVRUPA_OPSIYON;D_EQ;SSO;D_EQ_ECP;DE_YKBNK_ECP;YKBNK.E;2025-10-31;0.17;0.2;-15;0;0;0;0;0;0;0;0;0;105100;0;;;;;
2025-10-08;O_YKBNKE1025C38.00;YKBNK_10/2025_AVRUPA_OPSIYON;D_EQ;SSO;D_EQ_ECP;DE_YKBNK_ECP;YKBNK.E;2025-10-31;0.11;0.12;-8.33;0;0;0;0;0;0;0;0;0;500;0;;;;;
2025-10-08;O_YKBNKE1025C39.00;YKBNK_10/2025_AVRUPA_OPSIYON;D_EQ;SSO;D_EQ_ECP;DE_YKBNK_ECP;YKBNK.E;2025-10-31;0.06;0.08;-25;0;0;0;0;0;0;0;0;0;500;0;;;;;
2025-10-08;O_YKBNKE1025C40.00;YKBNK_10/2025_AVRUPA_OPSIYON;D_EQ;SSO;D_EQ_ECP;DE_YKBNK_ECP;YKBNK.E;2025-10-31;0.04;0.05;-20;0;0;0;0;0;0;0;0;0;700;0;;;;;
2025-10-08;O_YKBNKE1025C41.00;YKBNK_10/2025_AVRUPA_OPSIYON;D_EQ;SSO;D_EQ_ECP;DE_YKBNK_ECP;YKBNK.E;2025-10-31;0.02;0.03;-33.33;0;0;0;0;0;0;0;0;0;200;0;;;;;
2025-10-08;O_YKBNKE1025C42.00;YKBNK_10/2025_AVRUPA_OPSIYON;D_EQ;SSO;D_EQ_ECP;DE_YKBNK_ECP;YKBNK.E;2025-10-31;0.01;0.02;-50;0;0;0;0;0;0;0;0;0;500;0;;;;;
2025-10-08;O_YKBNKE1025C43.00;YKBNK_10/2025_AVRUPA_OPSIYON;D_EQ;SSO;D_EQ_ECP;DE_YKBNK_ECP;YKBNK.E;2025-10-31;0.01;0.01;0;0;0;0;0;0;0;0;0;0;0;0;;;;;
2025-10-08;O_YKBNKE1025P25.00;YKBNK_10/2025_AVRUPA_OPSIYON;D_EQ;SSO;D_EQ_EPP;DE_YKBNK_EPP;YKBNK.E;2025-10-31;0.01;0.01;0;0;0;0;0;0;0;0;0;0;300;0;;;;;
2025-10-08;O_YKBNKE1025P26.00;YKBNK_10/2025_AVRUPA_OPSIYON;D_EQ;SSO;D_EQ_EPP;DE_YKBNK_EPP;YKBNK.E;2025-10-31;0.03;0.03;0;0;0;0;0;0;0;0;0;0;0;0;;;;;
2025-10-08;O_YKBNKE1025P27.00;YKBNK_10/2025_AVRUPA_OPSIYON;D_EQ;SSO;D_EQ_EPP;DE_YKBNK_EPP;YKBNK.E;2025-10-31;0.07;0.08;-12.5;0;0;0;0;0;0;0;0;0;556;0;;;;;
2025-10-08;O_YKBNKE1025P28.00;YKBNK_10/2025_AVRUPA_OPSIYON;D_EQ;SSO;D_EQ_EPP;DE_YKBNK_EPP;YKBNK.E;2025-10-31;0.15;0.16;-6.25;0;0;0;0;0;0;0;0;0;1268;0;;;;;
2025-10-08;O_YKBNKE1025P29.00;YKBNK_10/2025_AVRUPA_OPSIYON;D_EQ;SSO;D_EQ_EPP;DE_YKBNK_EPP;YKBNK.E;2025-10-31;0.28;0.29;-3.45;0;0;0;0;0;0;0;0;0;1406;0;;;;;
2025-10-08;O_YKBNKE1025P30.00;YKBNK_10/2025_AVRUPA_OPSIYON;D_EQ;SSO;D_EQ_EPP;DE_YKBNK_EPP;YKBNK.E;2025-10-31;0.5;0.5;0;0;0;0;0;0;0;0;0;0;2600;0;;;;;
2025-10-08;O_YKBNKE1025P31.00;YKBNK_10/2025_AVRUPA_OPSIYON;D_EQ;SSO;D_EQ_EPP;DE_YKBNK_EPP;YKBNK.E;2025-10-31;0.81;0.8;1.25;0.63;0.63;0.64;0.64;0.64;1537600;31496;496;2;676;496;;;;;
2025-10-08;O_YKBNKE1025P32.00;YKBNK_10/2025_AVRUPA_OPSIYON;D_EQ;SSO;D_EQ_EPP;DE_YKBNK_EPP;YKBNK.E;2025-10-31;1.24;1.23;0.81;0;0;0;0;0;0;0;0;0;1515;0;;;;;
2025-10-08;O_YKBNKE1025P33.00;YKBNK_10/2025_AVRUPA_OPSIYON;D_EQ;SSO;D_EQ_EPP;DE_YKBNK_EPP;YKBNK.E;2025-10-31;1.79;1.76;1.7;0;0;0;0;0;0;0;0;0;934;0;;;;;
2025-10-08;O_YKBNKE1025P34.00;YKBNK_10/2025_AVRUPA_OPSIYON;D_EQ;SSO;D_EQ_EPP;DE_YKBNK_EPP;YKBNK.E;2025-10-31;2.45;2.41;1.66;0;0;0;0;0;0;0;0;0;577;0;;;;;
2025-10-08;O_YKBNKE1025P35.00;YKBNK_10/2025_AVRUPA_OPSIYON;D_EQ;SSO;D_EQ_EPP;DE_YKBNK_EPP;YKBNK.E;2025-10-31;3.2;3.15;1.59;0;0;0;0;0;0;0;0;0;812;0;;;;;
2025-10-08;O_YKBNKE1025P36.00;YKBNK_10/2025_AVRUPA_OPSIYON;D_EQ;SSO;D_EQ_EPP;DE_YKBNK_EPP;YKBNK.E;2025-10-31;4.02;3.96;1.52;0;0;0;0;0;0;0;0;0;270;0;;;;;
2025-10-08;O_YKBNKE1025P37.00;YKBNK_10/2025_AVRUPA_OPSIYON;D_EQ;SSO;D_EQ_EPP;DE_YKBNK_EPP;YKBNK.E;2025-10-31;4.9;4.82;1.66;0;0;0;0;0;0;0;0;0;426;0;;;;;
2025-10-08;O_YKBNKE1025P38.00;YKBNK_10/2025_AVRUPA_OPSIYON;D_EQ;SSO;D_EQ_EPP;DE_YKBNK_EPP;YKBNK.E;2025-10-31;5.81;5.72;1.57;0;0;0;0;0;0;0;0;0;50;0;;;;;
2025-10-08;O_YKBNKE1125C31.00;YKBNK_11/2025_AVRUPA_OPSIYON;D_EQ;SSO;D_EQ_ECP;DE_YKBNK_ECP;YKBNK.E;2025-11-28;3.09;3.17;-2.52;0;0;0;0;0;0;0;0;0;0;0;;;;;
2025-10-08;O_YKBNKE1125C32.00;YKBNK_11/2025_AVRUPA_OPSIYON;D_EQ;SSO;D_EQ_ECP;DE_YKBNK_ECP;YKBNK.E;2025-11-28;2.51;2.59;-3.09;0;0;0;0;0;0;0;0;0;4;0;;;;;
2025-10-08;O_YKBNKE1125C33.00;YKBNK_11/2025_AVRUPA_OPSIYON;D_EQ;SSO;D_EQ_ECP;DE_YKBNK_ECP;YKBNK.E;2025-11-28;2.02;2.09;-3.35;0;0;0;0;0;0;0;0;0;0;0;;;;;
2025-10-08;O_YKBNKE1125C34.00;YKBNK_11/2025_AVRUPA_OPSIYON;D_EQ;SSO;D_EQ_ECP;DE_YKBNK_ECP;YKBNK.E;2025-11-28;1.6;1.67;-4.19;0;0;0;0;0;0;0;0;0;0;0;;;;;
2025-10-08;O_YKBNKE1125C35.00;YKBNK_11/2025_AVRUPA_OPSIYON;D_EQ;SSO;D_EQ_ECP;DE_YKBNK_ECP;YKBNK.E;2025-11-28;1.26;1.32;-4.55;0;0;0;0;0;0;0;0;0;4;0;;;;;
2025-10-08;O_YKBNKE1125C36.00;YKBNK_11/2025_AVRUPA_OPSIYON;D_EQ;SSO;D_EQ_ECP;DE_YKBNK_ECP;YKBNK.E;2025-11-28;0.99;1.04;-4.81;0;0;0;0;0;0;0;0;0;0;0;;;;;
2025-10-08;O_YKBNKE1125C37.00;YKBNK_11/2025_AVRUPA_OPSIYON;D_EQ;SSO;D_EQ_ECP;DE_YKBNK_ECP;YKBNK.E;2025-11-28;0.78;0.82;-4.88;0;0;0;0;0;0;0;0;0;0;0;;;;;
2025-10-08;O_YKBNKE1125C38.00;YKBNK_11/2025_AVRUPA_OPSIYON;D_EQ;SSO;D_EQ_ECP;DE_YKBNK_ECP;YKBNK.E;2025-11-28;0.6;0.64;-6.25;0;0;0;0;0;0;0;0;0;0;0;;;;;
2025-10-08;O_YKBNKE1125C39.00;YKBNK_11/2025_AVRUPA_OPSIYON;D_EQ;SSO;D_EQ_ECP;DE_YKBNK_ECP;YKBNK.E;2025-11-28;0.46;0.5;-8;0;0;0;0;0;0;0;0;0;0;0;;;;;
2025-10-08;O_YKBNKE1125C40.00;YKBNK_11/2025_AVRUPA_OPSIYON;D_EQ;SSO;D_EQ_ECP;DE_YKBNK_ECP;YKBNK.E;2025-11-28;0.36;0.38;-5.26;0;0;0;0;0;0;0;0;0;700;0;;;;;
2025-10-08;O_YKBNKE1125C41.00;YKBNK_11/2025_AVRUPA_OPSIYON;D_EQ;SSO;D_EQ_ECP;DE_YKBNK_ECP;YKBNK.E;2025-11-28;0.27;0.3;-10;0;0;0;0;0;0;0;0;0;1212;0;;;;;
2025-10-08;O_YKBNKE1125C42.00;YKBNK_11/2025_AVRUPA_OPSIYON;D_EQ;SSO;D_EQ_ECP;DE_YKBNK_ECP;YKBNK.E;2025-11-28;0.21;0.23;-8.7;0;0;0;0;0;0;0;0;0;0;0;;;;;
2025-10-08;O_YKBNKE1125C43.00;YKBNK_11/2025_AVRUPA_OPSIYON;D_EQ;SSO;D_EQ_ECP;DE_YKBNK_ECP;YKBNK.E;2025-11-28;0.16;0.18;-11.11;0;0;0;0;0;0;0;0;0;230;0;;;;;
2025-10-08;O_YKBNKE1125C44.00;YKBNK_11/2025_AVRUPA_OPSIYON;D_EQ;SSO;D_EQ_ECP;DE_YKBNK_ECP;YKBNK.E;2025-11-28;0.12;0.13;-7.69;0;0;0;0;0;0;0;0;0;330;0;;;;;
2025-10-08;O_YKBNKE1125P26.00;YKBNK_11/2025_AVRUPA_OPSIYON;D_EQ;SSO;D_EQ_EPP;DE_YKBNK_EPP;YKBNK.E;2025-11-28;0.15;0.15;0;0;0;0;0;0;0;0;0;0;0;0;;;;;
2025-10-08;O_YKBNKE1125P27.00;YKBNK_11/2025_AVRUPA_OPSIYON;D_EQ;SSO;D_EQ_EPP;DE_YKBNK_EPP;YKBNK.E;2025-11-28;0.24;0.24;0;0;0;0;0;0;0;0;0;0;100;0;;;;;
2025-10-08;O_YKBNKE1125P28.00;YKBNK_11/2025_AVRUPA_OPSIYON;D_EQ;SSO;D_EQ_EPP;DE_YKBNK_EPP;YKBNK.E;2025-11-28;0.37;0.37;0;0;0;0;0;0;0;0;0;0;173;0;;;;;
2025-10-08;O_YKBNKE1125P29.00;YKBNK_11/2025_AVRUPA_OPSIYON;D_EQ;SSO;D_EQ_EPP;DE_YKBNK_EPP;YKBNK.E;2025-11-28;0.55;0.55;0;0;0;0;0;0;0;0;0;0;173;0;;;;;
2025-10-08;O_YKBNKE1125P30.00;YKBNK_11/2025_AVRUPA_OPSIYON;D_EQ;SSO;D_EQ_EPP;DE_YKBNK_EPP;YKBNK.E;2025-11-28;0.78;0.78;0;0;0;0;0;0;0;0;0;0;173;0;;;;;
2025-10-08;O_YKBNKE1125P31.00;YKBNK_11/2025_AVRUPA_OPSIYON;D_EQ;SSO;D_EQ_EPP;DE_YKBNK_EPP;YKBNK.E;2025-11-28;1.08;1.08;0;1.06;1.03;1.16;1.16;1.09;93000;3271;30;11;227;30;;;;;
2025-10-08;O_YKBNKE1125P32.00;YKBNK_11/2025_AVRUPA_OPSIYON;D_EQ;SSO;D_EQ_EPP;DE_YKBNK_EPP;YKBNK.E;2025-11-28;1.46;1.45;0.69;1.36;1.33;1.37;1.37;1.35;2620800;110815;819;13;849;819;;;;;
2025-10-08;O_YKBNKE1125P33.00;YKBNK_11/2025_AVRUPA_OPSIYON;D_EQ;SSO;D_EQ_EPP;DE_YKBNK_EPP;YKBNK.E;2025-11-28;1.91;1.89;1.06;0;0;0;0;0;0;0;0;0;10;0;;;;;
2025-10-08;O_YKBNKE1125P34.00;YKBNK_11/2025_AVRUPA_OPSIYON;D_EQ;SSO;D_EQ_EPP;DE_YKBNK_EPP;YKBNK.E;2025-11-28;2.45;2.42;1.24;0;0;0;0;0;0;0;0;0;0;0;;;;;
2025-10-08;O_YKBNKE1125P35.00;YKBNK_11/2025_AVRUPA_OPSIYON;D_EQ;SSO;D_EQ_EPP;DE_YKBNK_EPP;YKBNK.E;2025-11-28;3.05;3.02;0.99;0;0;0;0;0;0;0;0;0;0;0;;;;;
2025-10-08;O_YKBNKE1125P36.00;YKBNK_11/2025_AVRUPA_OPSIYON;D_EQ;SSO;D_EQ_EPP;DE_YKBNK_EPP;YKBNK.E;2025-11-28;3.73;3.69;1.08;0;0;0;0;0;0;0;0;0;0;0;;;;;
2025-10-08;O_YKBNKE1125P37.00;YKBNK_11/2025_AVRUPA_OPSIYON;D_EQ;SSO;D_EQ_EPP;DE_YKBNK_EPP;YKBNK.E;2025-11-28;4.46;4.41;1.13;0;0;0;0;0;0;0;0;0;0;0;;;;;
2025-10-08;O_YKBNKE1125P38.00;YKBNK_11/2025_AVRUPA_OPSIYON;D_EQ;SSO;D_EQ_EPP;DE_YKBNK_EPP;YKBNK.E;2025-11-28;5.24;5.18;1.16;0;0;0;0;0;0;0;0;0;0;0;;;;;
2025-10-08;O_YKBNKE1125P39.00;YKBNK_11/2025_AVRUPA_OPSIYON;D_EQ;SSO;D_EQ_EPP;DE_YKBNK_EPP;YKBNK.E;2025-11-28;6.05;5.98;1.17;0;0;0;0;0;0;0;0;0;0;0;;;;;
2025-10-08;O_YKBNKE1225C33.00;YKBNK_12/2025_AVRUPA_OPSIYON;D_EQ;SSO;D_EQ_ECP;DE_YKBNK_ECP;YKBNK.E;2025-12-31;3.42;3.51;-2.56;0;0;0;0;0;0;0;0;0;0;0;;;;;
2025-10-08;O_YKBNKE1225C34.00;YKBNK_12/2025_AVRUPA_OPSIYON;D_EQ;SSO;D_EQ_ECP;DE_YKBNK_ECP;YKBNK.E;2025-12-31;2.93;3.02;-2.98;0;0;0;0;0;0;0;0;0;0;0;;;;;
2025-10-08;O_YKBNKE1225C35.00;YKBNK_12/2025_AVRUPA_OPSIYON;D_EQ;SSO;D_EQ_ECP;DE_YKBNK_ECP;YKBNK.E;2025-12-31;2.5;2.58;-3.1;0;0;0;0;0;0;0;0;0;0;0;;;;;
2025-10-08;O_YKBNKE1225C36.00;YKBNK_12/2025_AVRUPA_OPSIYON;D_EQ;SSO;D_EQ_ECP;DE_YKBNK_ECP;YKBNK.E;2025-12-31;2.12;2.19;-3.2;0;0;0;0;0;0;0;0;0;0;0;;;;;
2025-10-08;O_YKBNKE1225C37.00;YKBNK_12/2025_AVRUPA_OPSIYON;D_EQ;SSO;D_EQ_ECP;DE_YKBNK_ECP;YKBNK.E;2025-12-31;1.8;1.87;-3.74;0;0;0;0;0;0;0;0;0;187000;0;;;;;
2025-10-08;O_YKBNKE1225C38.00;YKBNK_12/2025_AVRUPA_OPSIYON;D_EQ;SSO;D_EQ_ECP;DE_YKBNK_ECP;YKBNK.E;2025-12-31;1.53;1.59;-3.77;0;0;0;0;0;0;0;0;0;0;0;;;;;
2025-10-08;O_YKBNKE1225C39.00;YKBNK_12/2025_AVRUPA_OPSIYON;D_EQ;SSO;D_EQ_ECP;DE_YKBNK_ECP;YKBNK.E;2025-12-31;1.3;1.35;-3.7;0;0;0;0;0;0;0;0;0;0;0;;;;;
2025-10-08;O_YKBNKE1225C40.00;YKBNK_12/2025_AVRUPA_OPSIYON;D_EQ;SSO;D_EQ_ECP;DE_YKBNK_ECP;YKBNK.E;2025-12-31;1.1;1.15;-4.35;0;0;0;0;0;0;0;0;0;0;0;;;;;
2025-10-08;O_YKBNKE1225C41.00;YKBNK_12/2025_AVRUPA_OPSIYON;D_EQ;SSO;D_EQ_ECP;DE_YKBNK_ECP;YKBNK.E;2025-12-31;0.93;0.97;-4.12;0;0;0;0;0;0;0;0;0;0;0;;;;;
2025-10-08;O_YKBNKE1225C42.00;YKBNK_12/2025_AVRUPA_OPSIYON;D_EQ;SSO;D_EQ_ECP;DE_YKBNK_ECP;YKBNK.E;2025-12-31;0.78;0.82;-4.88;0;0;0;0;0;0;0;0;0;0;0;;;;;
2025-10-08;O_YKBNKE1225C43.00;YKBNK_12/2025_AVRUPA_OPSIYON;D_EQ;SSO;D_EQ_ECP;DE_YKBNK_ECP;YKBNK.E;2025-12-31;0.66;0.7;-5.71;0;0;0;0;0;0;0;0;0;0;0;;;;;
2025-10-08;O_YKBNKE1225C44.00;YKBNK_12/2025_AVRUPA_OPSIYON;D_EQ;SSO;D_EQ_ECP;DE_YKBNK_ECP;YKBNK.E;2025-12-31;0.56;0.59;-5.08;0;0;0;0;0;0;0;0;0;0;0;;;;;
2025-10-08;O_YKBNKE1225P28.00;YKBNK_12/2025_AVRUPA_OPSIYON;D_EQ;SSO;D_EQ_EPP;DE_YKBNK_EPP;YKBNK.E;2025-12-31;0.46;0.46;0;0;0;0;0;0;0;0;0;0;0;0;;;;;
2025-10-08;O_YKBNKE1225P29.00;YKBNK_12/2025_AVRUPA_OPSIYON;D_EQ;SSO;D_EQ_EPP;DE_YKBNK_EPP;YKBNK.E;2025-12-31;0.62;0.63;-1.59;0;0;0;0;0;0;0;0;0;0;0;;;;;
2025-10-08;O_YKBNKE1225P30.00;YKBNK_12/2025_AVRUPA_OPSIYON;D_EQ;SSO;D_EQ_EPP;DE_YKBNK_EPP;YKBNK.E;2025-12-31;0.82;0.83;-1.2;0;0;0;0;0;0;0;0;0;0;0;;;;;
2025-10-08;O_YKBNKE1225P31.00;YKBNK_12/2025_AVRUPA_OPSIYON;D_EQ;SSO;D_EQ_EPP;DE_YKBNK_EPP;YKBNK.E;2025-12-31;1.07;1.07;0;0;0;0;0;0;0;0;0;0;0;0;;;;;
2025-10-08;O_YKBNKE1225P32.00;YKBNK_12/2025_AVRUPA_OPSIYON;D_EQ;SSO;D_EQ_EPP;DE_YKBNK_EPP;YKBNK.E;2025-12-31;1.36;1.36;0;0;0;0;0;0;0;0;0;0;0;0;;;;;
2025-10-08;O_YKBNKE1225P33.00;YKBNK_12/2025_AVRUPA_OPSIYON;D_EQ;SSO;D_EQ_EPP;DE_YKBNK_EPP;YKBNK.E;2025-12-31;1.71;1.7;0.59;0;0;0;0;0;0;0;0;0;0;0;;;;;
2025-10-08;O_YKBNKE1225P34.00;YKBNK_12/2025_AVRUPA_OPSIYON;D_EQ;SSO;D_EQ_EPP;DE_YKBNK_EPP;YKBNK.E;2025-12-31;2.12;2.1;0.95;0;0;0;0;0;0;0;0;0;0;0;;;;;
2025-10-08;O_YKBNKE1225P35.00;YKBNK_12/2025_AVRUPA_OPSIYON;D_EQ;SSO;D_EQ_EPP;DE_YKBNK_EPP;YKBNK.E;2025-12-31;2.58;2.56;0.78;0;0;0;0;0;0;0;0;0;0;0;;;;;
2025-10-08;O_YKBNKE1225P36.00;YKBNK_12/2025_AVRUPA_OPSIYON;D_EQ;SSO;D_EQ_EPP;DE_YKBNK_EPP;YKBNK.E;2025-12-31;3.1;3.07;0.98;0;0;0;0;0;0;0;0;0;0;0;;;;;
2025-10-08;O_YKBNKE1225P37.00;YKBNK_12/2025_AVRUPA_OPSIYON;D_EQ;SSO;D_EQ_EPP;DE_YKBNK_EPP;YKBNK.E;2025-12-31;3.69;3.65;1.1;0;0;0;0;0;0;0;0;0;0;0;;;;;
2025-10-08;O_YKBNKE1225P38.00;YKBNK_12/2025_AVRUPA_OPSIYON;D_EQ;SSO;D_EQ_EPP;DE_YKBNK_EPP;YKBNK.E;2025-12-31;4.31;4.27;0.94;0;0;0;0;0;0;0;0;0;0;0;;;;;
2025-10-08;O_YKBNKE1225P39.00;YKBNK_12/2025_AVRUPA_OPSIYON;D_EQ;SSO;D_EQ_EPP;DE_YKBNK_EPP;YKBNK.E;2025-12-31;4.98;4.93;1.01;0;0;0;0;0;0;0;0;0;0;0;;;;;
2025-10-08;TM_F_USDTRY101025;USDTRY_101025_ESNEK VIS;D_CR;CRF;D_CR_FUT;DE_USDTRY_FUT;D_USDTRY;2025-10-10;41.731;41.922;-0.46;41.75;41.7;41.75;41.7;41.7313;333850;0;8;4;9;-1;;;;;
2025-10-08;TM_F_USDTRY141125;USDTRY_141125_ESNEK VIS;D_CR;CRF;D_CR_FUT;DE_USDTRY_FUT;D_USDTRY;2025-11-14;43.33;43.33;0;0;0;0;0;0;0;0;0;0;0;0;;;;;
2025-10-08;TM_F_USDTRY191225;USDTRY_191225_ESNEK VIS;D_CR;CRF;D_CR_FUT;DE_USDTRY_FUT;D_USDTRY;2025-12-19;44.65;44.65;0;0;0;0;0;0;0;0;0;0;7;0;;;;;
2025-10-08;TM_F_USDTRY241025;USDTRY_241025_ESNEK VIS;D_CR;CRF;D_CR_FUT;DE_USDTRY_FUT;D_USDTRY;2025-10-24;42.351;42.351;0;0;0;0;0;0;0;0;0;0;10;0;;;;;
2025-10-08;TM_O_AKBNKE161025C70.00;AKBNK_161025_AVRUPA_ESNEK OPS;D_EQ;SSO;D_EQ_ECP;DE_AKBNK_ECP;AKBNK.E;2025-10-16;0.01;0.02;-50;0;0;0;0;0;0;0;0;0;300;0;;;;;
2025-10-08;TM_O_AKBNKE201025C71.00;AKBNK_201025_AVRUPA_ESNEK OPS;D_EQ;SSO;D_EQ_ECP;DE_AKBNK_ECP;AKBNK.E;2025-10-20;0.02;0.05;-60;0;0;0;0;0;0;0;0;0;800;0;;;;;
2025-10-08;TM_O_AKBNKE301025P60.00;AKBNK_301025_AVRUPA_ESNEK OPS;D_EQ;SSO;D_EQ_EPP;DE_AKBNK_EPP;AKBNK.E;2025-10-30;2.74;2.28;20.18;0;0;0;0;0;0;0;0;0;350;0;;;;;
2025-10-08;TM_O_AKBNKE311025C67.00;AKBNK_311025_AVRUPA_ESNEK OPS;D_EQ;SSO;D_EQ_ECP;DE_AKBNK_ECP;AKBNK.E;2025-10-31;0.51;0.72;-29.17;0;0;0;0;0;0;0;0;0;3000;0;;;;;
2025-10-08;TM_O_AKBNKE311025P59.00;AKBNK_311025_AVRUPA_ESNEK OPS;D_EQ;SSO;D_EQ_EPP;DE_AKBNK_EPP;AKBNK.E;2025-10-31;2.25;1.87;20.32;0;0;0;0;0;0;0;0;0;2521;0;;;;;
2025-10-08;TM_O_AKBNKE311025P61.00;AKBNK_311025_AVRUPA_ESNEK OPS;D_EQ;SSO;D_EQ_EPP;DE_AKBNK_EPP;AKBNK.E;2025-10-31;3.33;2.81;18.51;0;0;0;0;0;0;0;0;0;169;0;;;;;
2025-10-08;TM_O_AKBNKE311025P61.60;AKBNK_311025_AVRUPA_ESNEK OPS;D_EQ;SSO;D_EQ_EPP;DE_AKBNK_EPP;AKBNK.E;2025-10-31;3.7;3.14;17.83;0;0;0;0;0;0;0;0;0;1687;0;;;;;
2025-10-08;TM_O_AKBNKE311025P62.05;AKBNK_311025_AVRUPA_ESNEK OPS;D_EQ;SSO;D_EQ_EPP;DE_AKBNK_EPP;AKBNK.E;2025-10-31;3.99;3.4;17.35;0;0;0;0;0;0;0;0;0;2417;0;;;;;
2025-10-08;TM_O_AKBNKE311025P63.00;AKBNK_311025_AVRUPA_ESNEK OPS;D_EQ;SSO;D_EQ_EPP;DE_AKBNK_EPP;AKBNK.E;2025-10-31;4.64;3.99;16.29;0;0;0;0;0;0;0;0;0;1103;0;;;;;
2025-10-08;TM_O_AKBNKE311025P70.01;AKBNK_311025_AVRUPA_ESNEK OPS;D_EQ;SSO;D_EQ_EPP;DE_AKBNK_EPP;AKBNK.E;2025-10-31;10.5;9.55;9.95;0;0;0;0;0;0;0;0;0;170;0;;;;;
2025-10-08;TM_O_ALARKE311025P93.00;ALARK_311025_AVRUPA_ESNEK OPS;D_EQ;SSO;D_EQ_EPP;DE_ALARK_EPP;ALARK.E;2025-10-31;12.73;11.85;7.43;0;0;0;0;0;0;0;0;0;230;0;;;;;
2025-10-08;TM_O_ALARKE311025P98.10;ALARK_311025_AVRUPA_ESNEK OPS;D_EQ;SSO;D_EQ_EPP;DE_ALARK_EPP;ALARK.E;2025-10-31;17.49;16.55;5.68;0;0;0;0;0;0;0;0;0;610;0;;;;;
2025-10-08;TM_O_BIMASE311025C550.00;BIMAS_311025_AVRUPA_ESNEK OPS;D_EQ;SSO;D_EQ_ECP;DE_BIMAS_ECP;BIMAS.E;2025-10-31;31.47;40.01;-21.34;0;0;0;0;0;0;0;0;0;200;0;;;;;
2025-10-08;TM_O_BIMASE311025C550.05;BIMAS_311025_AVRUPA_ESNEK OPS;D_EQ;SSO;D_EQ_ECP;DE_BIMAS_ECP;BIMAS.E;2025-10-31;31.44;39.97;-21.34;0;0;0;0;0;0;0;0;0;190;0;;;;;
2025-10-08;TM_O_EKGYOE311025C20.60;EKGYO_311025_AVRUPA_ESNEK OPS;D_EQ;SSO;D_EQ_ECP;DE_EKGYO_ECP;EKGYO.E;2025-10-31;0.67;0.67;0;0;0;0;0;0;0;0;0;0;1000;0;;;;;
2025-10-08;TM_O_EKGYOE311025P20.10;EKGYO_311025_AVRUPA_ESNEK OPS;D_EQ;SSO;D_EQ_EPP;DE_EKGYO_EPP;EKGYO.E;2025-10-31;0.83;0.88;-5.68;0;0;0;0;0;0;0;0;0;1500;0;;;;;
2025-10-08;TM_O_EKGYOE311025P21.25;EKGYO_311025_AVRUPA_ESNEK OPS;D_EQ;SSO;D_EQ_EPP;DE_EKGYO_EPP;EKGYO.E;2025-10-31;1.52;1.58;-3.8;0;0;0;0;0;0;0;0;0;1200;0;;;;;
2025-10-08;TM_O_EREGLE311025C32.50;EREGL_311025_AVRUPA_ESNEK OPS;D_EQ;SSO;D_EQ_ECP;DE_EREGL_ECP;EREGL.E;2025-10-31;0.08;0.23;-65.22;0;0;0;0;0;0;0;0;0;2500;0;;;;;
2025-10-08;TM_O_EREGLE311025P29.30;EREGL_311025_AVRUPA_ESNEK OPS;D_EQ;SSO;D_EQ_EPP;DE_EREGL_EPP;EREGL.E;2025-10-31;1.43;0.83;72.29;0;0;0;0;0;0;0;0;0;3400;0;;;;;
2025-10-08;TM_O_FROTOE311025P103.00;FROTO_311025_AVRUPA_ESNEK OPS;D_EQ;SSO;D_EQ_EPP;DE_FROTO_EPP;FROTO.E;2025-10-31;6.51;5.57;16.88;0;0;0;0;0;0;0;0;0;203;0;;;;;
2025-10-08;TM_O_FROTOE311025P112.50;FROTO_311025_AVRUPA_ESNEK OPS;D_EQ;SSO;D_EQ_EPP;DE_FROTO_EPP;FROTO.E;2025-10-31;14.42;13.07;10.33;0;0;0;0;0;0;0;0;0;230;0;;;;;
2025-10-08;TM_O_GARANE151025P140.00;GARAN_151025_AVRUPA_ESNEK OPS;D_EQ;SSO;D_EQ_EPP;DE_GARAN_EPP;GARAN.E;2025-10-15;8.61;5.8;48.45;0;0;0;0;0;0;0;0;0;2140;0;;;;;
2025-10-08;TM_O_GARANE311025P133.00;GARAN_311025_AVRUPA_ESNEK OPS;D_EQ;SSO;D_EQ_EPP;DE_GARAN_EPP;GARAN.E;2025-10-31;4.6;;0;2.15;2.15;2.15;2.15;2.15;14975800;242090;1126;5;1126;1126;;;;;
2025-10-08;TM_O_GARANE311025P144.00;GARAN_311025_AVRUPA_ESNEK OPS;D_EQ;SSO;D_EQ_EPP;DE_GARAN_EPP;GARAN.E;2025-10-31;11.63;9;29.22;0;0;0;0;0;0;0;0;0;350;0;;;;;
2025-10-08;TM_O_ISCTRE311025C14.70;ISCTR_311025_AVRUPA_ESNEK OPS;D_EQ;SSO;D_EQ_ECP;DE_ISCTR_ECP;ISCTR.E;2025-10-31;0.09;0.14;-35.71;0;0;0;0;0;0;0;0;0;2000;0;;;;;
2025-10-08;TM_O_ISCTRE311025C15.30;ISCTR_311025_AVRUPA_ESNEK OPS;D_EQ;SSO;D_EQ_ECP;DE_ISCTR_ECP;ISCTR.E;2025-10-31;0.05;0.08;-37.5;0;0;0;0;0;0;0;0;0;1144;0;;;;;
2025-10-08;TM_O_ISCTRE311025P12.75;ISCTR_311025_AVRUPA_ESNEK OPS;D_EQ;SSO;D_EQ_EPP;DE_ISCTR_EPP;ISCTR.E;2025-10-31;0.44;0.34;29.41;0;0;0;0;0;0;0;0;0;11764;0;;;;;
2025-10-08;TM_O_ISCTRE311025P13.02;ISCTR_311025_AVRUPA_ESNEK OPS;D_EQ;SSO;D_EQ_EPP;DE_ISCTR_EPP;ISCTR.E;2025-10-31;0.58;;0;0.34;0.27;0.34;0.27;0.31;9999360;234240;7680;2;3840;3840;;;;;
2025-10-08;TM_O_KCHOLE301025P192.50;KCHOL_301025_AVRUPA_ESNEK OPS;D_EQ;SSO;D_EQ_EPP;DE_KCHOL_EPP;KCHOL.E;2025-10-30;20.87;19.14;9.04;0;0;0;0;0;0;0;0;0;0;0;;;;;
2025-10-08;TM_O_KCHOLE311025C184.00;KCHOL_311025_AVRUPA_ESNEK OPS;D_EQ;SSO;D_EQ_ECP;DE_KCHOL_ECP;KCHOL.E;2025-10-31;2.51;3.17;-20.82;0;0;0;0;0;0;0;0;0;32;0;;;;;
2025-10-08;TM_O_KCHOLE311025P168.60;KCHOL_311025_AVRUPA_ESNEK OPS;D_EQ;SSO;D_EQ_EPP;DE_KCHOL_EPP;KCHOL.E;2025-10-31;4.57;3.95;15.7;0;0;0;0;0;0;0;0;0;296;0;;;;;
2025-10-08;TM_O_KCHOLE311025P172.00;KCHOL_311025_AVRUPA_ESNEK OPS;D_EQ;SSO;D_EQ_EPP;DE_KCHOL_EPP;KCHOL.E;2025-10-31;6.09;5.31;14.69;0;0;0;0;0;0;0;0;0;116;0;;;;;
2025-10-08;TM_O_KCHOLE311025P172.60;KCHOL_311025_AVRUPA_ESNEK OPS;D_EQ;SSO;D_EQ_EPP;DE_KCHOL_EPP;KCHOL.E;2025-10-31;6.39;5.58;14.52;0;0;0;0;0;0;0;0;0;865;0;;;;;
2025-10-08;TM_O_KCHOLE311025P173.30;KCHOL_311025_AVRUPA_ESNEK OPS;D_EQ;SSO;D_EQ_EPP;DE_KCHOL_EPP;KCHOL.E;2025-10-31;6.75;5.9;14.41;0;0;0;0;0;0;0;0;0;849;0;;;;;
2025-10-08;TM_O_KCHOLE311025P179.00;KCHOL_311025_AVRUPA_ESNEK OPS;D_EQ;SSO;D_EQ_EPP;DE_KCHOL_EPP;KCHOL.E;2025-10-31;10.16;9.01;12.76;0;0;0;0;0;0;0;0;0;2500;0;;;;;
2025-10-08;TM_O_KCHOLE311025P192.50;KCHOL_311025_AVRUPA_ESNEK OPS;D_EQ;SSO;D_EQ_EPP;DE_KCHOL_EPP;KCHOL.E;2025-10-31;20.78;19.07;8.97;0;0;0;0;0;0;0;0;0;125;0;;;;;
2025-10-08;TM_O_KRDMDE311025P26.20;KRDMD_311025_AVRUPA_ESNEK OPS;D_EQ;SSO;D_EQ_EPP;DE_KRDMD_EPP;KRDMD.E;2025-10-31;0.62;;0;0.41;0.41;0.41;0.41;0.41;30171920;541252;11516;6;5758;5758;;;;;
2025-10-08;TM_O_KRDMDE311025P27.50;KRDMD_311025_AVRUPA_ESNEK OPS;D_EQ;SSO;D_EQ_EPP;DE_KRDMD_EPP;KRDMD.E;2025-10-31;1.19;0.71;67.61;0;0;0;0;0;0;0;0;0;550;0;;;;;
2025-10-08;TM_O_KRDMDE311025P29.51;KRDMD_311025_AVRUPA_ESNEK OPS;D_EQ;SSO;D_EQ_EPP;DE_KRDMD_EPP;KRDMD.E;2025-10-31;2.51;1.71;46.78;0;0;0;0;0;0;0;0;0;340;0;;;;;
2025-10-08;TM_O_KRDMDE311025P32.01;KRDMD_311025_AVRUPA_ESNEK OPS;D_EQ;SSO;D_EQ_EPP;DE_KRDMD_EPP;KRDMD.E;2025-10-31;4.65;3.59;29.53;0;0;0;0;0;0;0;0;0;1600;0;;;;;
2025-10-08;TM_O_PGSUSE141125C250.00;PGSUS_141125_AVRUPA_ESNEK OPS;D_EQ;SSO;D_EQ_ECP;DE_PGSUS_ECP;PGSUS.E;2025-11-14;3.7;5.58;-33.69;0;0;0;0;0;0;0;0;0;810;0;;;;;
2025-10-08;TM_O_PGSUSE271025C250.00;PGSUS_271025_AVRUPA_ESNEK OPS;D_EQ;SSO;D_EQ_ECP;DE_PGSUS_ECP;PGSUS.E;2025-10-27;1.08;2.18;-50.46;0;0;0;0;0;0;0;0;0;100;0;;;;;
2025-10-08;TM_O_PGSUSE301025P215.00;PGSUS_301025_AVRUPA_ESNEK OPS;D_EQ;SSO;D_EQ_EPP;DE_PGSUS_EPP;PGSUS.E;2025-10-30;5.33;3.32;60.54;0;0;0;0;0;0;0;0;0;1200;0;;;;;
2025-10-08;TM_O_PGSUSE311025C242.50;PGSUS_311025_AVRUPA_ESNEK OPS;D_EQ;SSO;D_EQ_ECP;DE_PGSUS_ECP;PGSUS.E;2025-10-31;2.47;4.34;-43.09;0;0;0;0;0;0;0;0;0;12;0;;;;;
2025-10-08;TM_O_PGSUSE311025P222.00;PGSUS_311025_AVRUPA_ESNEK OPS;D_EQ;SSO;D_EQ_EPP;DE_PGSUS_EPP;PGSUS.E;2025-10-31;8.5;5.49;54.83;0;0;0;0;0;0;0;0;0;181;0;;;;;
2025-10-08;TM_O_PGSUSE311025P226.00;PGSUS_311025_AVRUPA_ESNEK OPS;D_EQ;SSO;D_EQ_EPP;DE_PGSUS_EPP;PGSUS.E;2025-10-31;10.73;7.09;51.34;0;0;0;0;0;0;0;0;0;260;0;;;;;
2025-10-08;TM_O_PGSUSE311025P237.00;PGSUS_311025_AVRUPA_ESNEK OPS;D_EQ;SSO;D_EQ_EPP;DE_PGSUS_EPP;PGSUS.E;2025-10-31;18.29;13.01;40.58;0;0;0;0;0;0;0;0;0;60;0;;;;;
2025-10-08;TM_O_PGSUSE311025P243.00;PGSUS_311025_AVRUPA_ESNEK OPS;D_EQ;SSO;D_EQ_EPP;DE_PGSUS_EPP;PGSUS.E;2025-10-31;23.15;17.13;35.14;0;0;0;0;0;0;0;0;0;40;0;;;;;
2025-10-08;TM_O_PGSUSE311025P251.01;PGSUS_311025_AVRUPA_ESNEK OPS;D_EQ;SSO;D_EQ_EPP;DE_PGSUS_EPP;PGSUS.E;2025-10-31;30.08;23.48;28.11;0;0;0;0;0;0;0;0;0;80;0;;;;;
2025-10-08;TM_O_PGSUSE311025P260.01;PGSUS_311025_AVRUPA_ESNEK OPS;D_EQ;SSO;D_EQ_EPP;DE_PGSUS_EPP;PGSUS.E;2025-10-31;38.27;31.22;22.58;0;0;0;0;0;0;0;0;0;40;0;;;;;
2025-10-08;TM_O_PGSUSE311025P267.00;PGSUS_311025_AVRUPA_ESNEK OPS;D_EQ;SSO;D_EQ_EPP;DE_PGSUS_EPP;PGSUS.E;2025-10-31;44.8;37.52;19.4;0;0;0;0;0;0;0;0;0;42;0;;;;;
2025-10-08;TM_O_PGSUSE311025P273.00;PGSUS_311025_AVRUPA_ESNEK OPS;D_EQ;SSO;D_EQ_EPP;DE_PGSUS_EPP;PGSUS.E;2025-10-31;50.49;43.06;17.25;0;0;0;0;0;0;0;0;0;80;0;;;;;
2025-10-08;TM_O_SAHOLE311025P80.75;SAHOL_311025_AVRUPA_ESNEK OPS;D_EQ;SSO;D_EQ_EPP;DE_SAHOL_EPP;SAHOL.E;2025-10-31;2.09;1.62;29.01;0;0;0;0;0;0;0;0;0;1863;0;;;;;
2025-10-08;TM_O_SAHOLE311025P94.10;SAHOL_311025_AVRUPA_ESNEK OPS;D_EQ;SSO;D_EQ_EPP;DE_SAHOL_EPP;SAHOL.E;2025-10-31;10.24;8.82;16.1;0;0;0;0;0;0;0;0;0;107;0;;;;;
2025-10-08;TM_O_SAHOLE311025P96.50;SAHOL_311025_AVRUPA_ESNEK OPS;D_EQ;SSO;D_EQ_EPP;DE_SAHOL_EPP;SAHOL.E;2025-10-31;12.27;10.73;14.35;0;0;0;0;0;0;0;0;0;150;0;;;;;
2025-10-08;TM_O_TAVHLE301025C270.00;TAVHL_301025_AVRUPA_ESNEK OPS;D_EQ;SSO;D_EQ_ECP;DE_TAVHL_ECP;TAVHL.E;2025-10-30;1.35;1.89;-28.57;0;0;0;0;0;0;0;0;0;100;0;;;;;
2025-10-08;TM_O_TAVHLE301025P250.05;TAVHL_301025_AVRUPA_ESNEK OPS;D_EQ;SSO;D_EQ_EPP;DE_TAVHL_EPP;TAVHL.E;2025-10-30;15.41;13.46;14.49;0;0;0;0;0;0;0;0;0;0;0;;;;;
2025-10-08;TM_O_TAVHLE311025C249.95;TAVHL_311025_AVRUPA_ESNEK OPS;D_EQ;SSO;D_EQ_ECP;DE_TAVHL_ECP;TAVHL.E;2025-10-31;5.12;6.55;-21.83;0;0;0;0;0;0;0;0;0;155;0;;;;;
2025-10-08;TM_O_TAVHLE311025C259.95;TAVHL_311025_AVRUPA_ESNEK OPS;D_EQ;SSO;D_EQ_ECP;DE_TAVHL_ECP;TAVHL.E;2025-10-31;2.82;3.73;-24.4;0;0;0;0;0;0;0;0;0;188;0;;;;;
2025-10-08;TM_O_TAVHLE311025P240.05;TAVHL_311025_AVRUPA_ESNEK OPS;D_EQ;SSO;D_EQ_EPP;DE_TAVHL_EPP;TAVHL.E;2025-10-31;9.42;8.07;16.73;0;0;0;0;0;0;0;0;0;64;0;;;;;
2025-10-08;TM_O_TAVHLE311025P250.05;TAVHL_311025_AVRUPA_ESNEK OPS;D_EQ;SSO;D_EQ_EPP;DE_TAVHL_EPP;TAVHL.E;2025-10-31;15.42;13.49;14.31;0;0;0;0;0;0;0;0;0;196;0;;;;;
2025-10-08;TM_O_TCELLE311025C102.50;TCELL_311025_AVRUPA_ESNEK OPS;D_EQ;SSO;D_EQ_ECP;DE_TCELL_ECP;TCELL.E;2025-10-31;3.01;4.1;-26.59;0;0;0;0;0;0;0;0;0;60;0;;;;;
2025-10-08;TM_O_TCELLE311025C106.00;TCELL_311025_AVRUPA_ESNEK OPS;D_EQ;SSO;D_EQ_ECP;DE_TCELL_ECP;TCELL.E;2025-10-31;1.85;2.65;-30.19;0;0;0;0;0;0;0;0;0;130;0;;;;;
2025-10-08;TM_O_TCELLE311025C99.90;TCELL_311025_AVRUPA_ESNEK OPS;D_EQ;SSO;D_EQ_ECP;DE_TCELL_ECP;TCELL.E;2025-10-31;4.18;5.51;-24.14;0;0;0;0;0;0;0;0;0;1000;0;;;;;
2025-10-08;TM_O_TCELLE311025P100.50;TCELL_311025_AVRUPA_ESNEK OPS;D_EQ;SSO;D_EQ_EPP;DE_TCELL_EPP;TCELL.E;2025-10-31;3.55;2.78;27.7;0;0;0;0;0;0;0;0;0;99;0;;;;;
2025-10-08;TM_O_TCELLE311025P119.00;TCELL_311025_AVRUPA_ESNEK OPS;D_EQ;SSO;D_EQ_EPP;DE_TCELL_EPP;TCELL.E;2025-10-31;18.04;16.19;11.43;0;0;0;0;0;0;0;0;0;422;0;;;;;
2025-10-08;TM_O_THYAOE151025C340.00;THYAO_151025_AVRUPA_ESNEK OPS;D_EQ;SSO;D_EQ_ECP;DE_THYAO_ECP;THYAO.E;2025-10-15;0.22;0.51;-56.86;0;0;0;0;0;0;0;0;0;310;0;;;;;
2025-10-08;TM_O_THYAOE151025C345.00;THYAO_151025_AVRUPA_ESNEK OPS;D_EQ;SSO;D_EQ_ECP;DE_THYAO_ECP;THYAO.E;2025-10-15;0.12;0.29;-58.62;0;0;0;0;0;0;0;0;0;100;0;;;;;
2025-10-08;TM_O_THYAOE161025C340.00;THYAO_161025_AVRUPA_ESNEK OPS;D_EQ;SSO;D_EQ_ECP;DE_THYAO_ECP;THYAO.E;2025-10-16;0.33;0.67;-50.75;0;0;0;0;0;0;0;0;0;90;0;;;;;
2025-10-08;TM_O_THYAOE231025C325.00;THYAO_231025_AVRUPA_ESNEK OPS;D_EQ;SSO;D_EQ_ECP;DE_THYAO_ECP;THYAO.E;2025-10-23;4.11;5.71;-28.02;0;0;0;0;0;0;0;0;0;266;0;;;;;
2025-10-08;TM_O_THYAOE301025C330.00;THYAO_301025_AVRUPA_ESNEK OPS;D_EQ;SSO;D_EQ_ECP;DE_THYAO_ECP;THYAO.E;2025-10-30;4.88;6.39;-23.63;0;0;0;0;0;0;0;0;0;150;0;;;;;
2025-10-08;TM_O_THYAOE311025C319.95;THYAO_311025_AVRUPA_ESNEK OPS;D_EQ;SSO;D_EQ_ECP;DE_THYAO_ECP;THYAO.E;2025-10-31;8.74;10.89;-19.74;0;0;0;0;0;0;0;0;0;4000;0;;;;;
2025-10-08;TM_O_THYAOE311025C327.50;THYAO_311025_AVRUPA_ESNEK OPS;D_EQ;SSO;D_EQ_ECP;DE_THYAO_ECP;THYAO.E;2025-10-31;5.93;7.6;-21.97;0;0;0;0;0;0;0;0;0;18;0;;;;;
2025-10-08;TM_O_THYAOE311025C336.00;THYAO_311025_AVRUPA_ESNEK OPS;D_EQ;SSO;D_EQ_ECP;DE_THYAO_ECP;THYAO.E;2025-10-31;3.75;4.89;-23.31;0;0;0;0;0;0;0;0;0;50;0;;;;;
2025-10-08;TM_O_THYAOE311025C337.00;THYAO_311025_AVRUPA_ESNEK OPS;D_EQ;SSO;D_EQ_ECP;DE_THYAO_ECP;THYAO.E;2025-10-31;3.57;4.63;-22.89;0;0;0;0;0;0;0;0;0;45;0;;;;;
2025-10-08;TM_O_THYAOE311025C339.00;THYAO_311025_AVRUPA_ESNEK OPS;D_EQ;SSO;D_EQ_ECP;DE_THYAO_ECP;THYAO.E;2025-10-31;3.24;4.19;-22.67;0;0;0;0;0;0;0;0;0;200;0;;;;;
2025-10-08;TM_O_THYAOE311025P315.00;THYAO_311025_AVRUPA_ESNEK OPS;D_EQ;SSO;D_EQ_EPP;DE_THYAO_EPP;THYAO.E;2025-10-31;8.41;7.07;18.95;0;0;0;0;0;0;0;0;0;13;0;;;;;
2025-10-08;TM_O_THYAOE311025P321.00;THYAO_311025_AVRUPA_ESNEK OPS;D_EQ;SSO;D_EQ_EPP;DE_THYAO_EPP;THYAO.E;2025-10-31;11.45;9.7;18.04;0;0;0;0;0;0;0;0;0;50;0;;;;;
2025-10-08;TM_O_THYAOE311025P401.00;THYAO_311025_AVRUPA_ESNEK OPS;D_EQ;SSO;D_EQ_EPP;DE_THYAO_EPP;THYAO.E;2025-10-31;81.49;77.67;4.92;0;0;0;0;0;0;0;0;0;50;0;;;;;
2025-10-08;TM_O_THYAOE311025P402.00;THYAO_311025_AVRUPA_ESNEK OPS;D_EQ;SSO;D_EQ_EPP;DE_THYAO_EPP;THYAO.E;2025-10-31;82.46;78.64;4.86;0;0;0;0;0;0;0;0;0;125;0;;;;;
2025-10-08;TM_O_TTKOME311025P53.00;TTKOM_311025_AVRUPA_ESNEK OPS;D_EQ;SSO;D_EQ_EPP;DE_TTKOM_EPP;TTKOM.E;2025-10-31;2.62;1.95;34.36;0;0;0;0;0;0;0;0;0;250;0;;;;;
2025-10-08;TM_O_USDTRYKE281125C44500;USDTRY_11/2025_AVRUPA_OPSIYON;D_CR;CRO;D_CR_ECO;DE_USDTRYK_ECO;D_USDTRYK;2025-11-28;461.2;479.9;-3.9;475.1;450;475.1;460;467.1;71200000;747345;1600;16;26501;1500;;;;;
2025-10-08;TM_O_USDTRYKE300126C46000;USDTRY_300126_AVRUPA_ESNEK OPS;D_CR;CRO;D_CR_ECO;DE_USDTRYK_ECO;D_USDTRYK;2026-01-30;1292.5;1328.7;-2.72;0;0;0;0;0;0;0;0;0;10000;0;;;;;
2025-10-08;TM_O_USDTRYKE311225C45000;USDTRY_12/2025_AVRUPA_OPSIYON;D_CR;CRO;D_CR_ECO;DE_USDTRYK_ECO;D_USDTRYK;2025-12-31;927.5;964.1;-3.8;0;0;0;0;0;0;0;0;0;10000;0;;;;;
2025-10-08;TM_O_YKBNKE301025C35.50;YKBNK_301025_AVRUPA_ESNEK OPS;D_EQ;SSO;D_EQ_ECP;DE_YKBNK_ECP;YKBNK.E;2025-10-30;0.32;0.35;-8.57;0;0;0;0;0;0;0;0;0;8790;0;;;;;
2025-10-08;TM_O_YKBNKE311025C35.00;YKBNK_10/2025_AVRUPA_OPSIYON;D_EQ;SSO;D_EQ_ECP;DE_YKBNK_ECP;YKBNK.E;2025-10-31;0.43;0.47;-8.51;0;0;0;0;0;0;0;0;0;500;0;;;;;
2025-10-08;TM_O_YKBNKE311025P32.10;YKBNK_311025_AVRUPA_ESNEK OPS;D_EQ;SSO;D_EQ_EPP;DE_YKBNK_EPP;YKBNK.E;2025-10-31;1.29;1.27;1.57;0;0;0;0;0;0;0;0;0;311;0;;;;;
2025-10-08;TM_O_YKBNKE311025P32.40;YKBNK_311025_AVRUPA_ESNEK OPS;D_EQ;SSO;D_EQ_EPP;DE_YKBNK_EPP;YKBNK.E;2025-10-31;1.44;;0;0.81;0.81;0.81;0.81;0.81;997920;24948;308;1;308;308;;;;;
2025-10-08;TM_O_YKBNKE311025P34.90;YKBNK_311025_AVRUPA_ESNEK OPS;D_EQ;SSO;D_EQ_EPP;DE_YKBNK_EPP;YKBNK.E;2025-10-31;3.12;3.07;1.63;0;0;0;0;0;0;0;0;0;426;0;;;;;
