TARIH;SOZLESME KODU;SOZLESME ADI;PAZAR;PAZAR SEGMENTI;SOZLESME TIPI;SOZLESME SINIFI;DAYANAK VARLIK;VADE TARIHI;UZLASMA FIYATI;ONCEKI UZLASMA FIYATI;UZLASMA FIYATI DEGISIMI (%);ACILIS FIYATI;EN DUSUK FIYAT;EN YUKSEK FIYAT;KAPANIS FIYATI; AGIRLIKLI ORTALAMA FIYAT;ISLEM HACMI;PRIM HACMI;ISLEM MIKTARI;ISLEM SAYISI;ACIK POZISYON;ACIK POZISYON DEGISIMI;ACILIS SEANSI FIYATI;ACILIS SEANSI ISLEM HACMI;ACILIS SEANSI PRIM HACMI;ACILIS SEANSI ISLEM MIKTARI;ACILIS SEANSI ISLEM SAYISI
TRADE DATE;INSTRUMENT SERIES;INSTRUMENT NAME;MARKET;MARKET SEGMENT;INSTRUMENT TYPE;INSTRUMENT CLASS;UNDERLYING;EXPIRATION DATE;SETTLEMENT PRICE;PREVIOUS SETTLEMENT PRICE;CHANGE OF SETTLEMENT PRICE (%);OPENING PRICE;LOWEST PRICE;HIGHEST PRICE;CLOSING PRICE;VWAP;TRADED VALUE;PREMIUM VALUE;TRADE VOLUME;TRADE COUNT;OPEN POSITION;OPEN POSITION CHANGE;OPENING SESSION PRICE;TRADED VALUE AT OPENING SESSION;PREMIUM VALUE AT OPENING SESSION;TRADED VOLUME AT OPENING SESSION;TRADE COUNT AT OPENING SESSION
2026-05-06;F_AEFES0526;AEFES_05/2026_VIS;D_EQ;SSF;D_EQ_FPD;DE_AEFES_FPD;AEFES.E;2026-05-25;20.4;19.67;3.71;19.6;19.48;20.58;20.36;20.15;474133598;0;235295;13231;276853;5799;19.6;215600;0;110;8
2026-05-06;F_AEFES0626;AEFES_06/2026_VIS;D_EQ;SSF;D_EQ_FPD;DE_AEFES_FPD;AEFES.E;2026-06-30;20.92;20.19;3.62;20.34;20.02;21.16;20.97;20.74;48175921;0;23227;1884;17050;10675;;;;;
2026-05-06;F_AEFES0726;AEFES_07/2026_VIS;D_EQ;SSF;D_EQ_FPD;DE_AEFES_FPD;AEFES.E;2026-07-31;21.44;20.82;2.98;20.8;20.66;21.99;21.35;21.39;449131;0;210;26;263;109;;;;;
2026-05-06;F_AKBNK0526;AKBNK_05/2026_VIS;D_EQ;SSF;D_EQ_FPD;DE_AKBNK_FPD;AKBNK.E;2026-05-25;76.35;72.65;5.09;73.65;73.63;77.33;76.39;75.76;6417686816;0;847135;72732;758067;-2945;73.65;12115425;0;1645;83
2026-05-06;F_AKBNK0626;AKBNK_06/2026_VIS;D_EQ;SSF;D_EQ_FPD;DE_AKBNK_FPD;AKBNK.E;2026-06-30;78.58;74.83;5.01;75.3;75.3;79.55;78.54;78.1;478852612;0;61351;8228;26459;8834;75.3;82830;0;11;3
2026-05-06;F_AKBNK0726;AKBNK_07/2026_VIS;D_EQ;SSF;D_EQ_FPD;DE_AKBNK_FPD;AKBNK.E;2026-07-31;80.81;76.76;5.28;78.33;78.33;81.88;80.91;80.22;2190100;0;273;140;341;67;;;;;
2026-05-06;F_AKSEN0526;AKSEN_05/2026_VIS;D_EQ;SSF;D_EQ_FPD;DE_AKSEN_FPD;AKSEN.E;2026-05-25;91.22;89.48;1.94;89.59;89.59;91.9;91.15;90.93;238352369;0;26213;5922;94658;-2534;;;;;
2026-05-06;F_AKSEN0626;AKSEN_06/2026_VIS;D_EQ;SSF;D_EQ_FPD;DE_AKSEN_FPD;AKSEN.E;2026-06-30;93.71;91.4;2.53;91.5;91.5;94.28;93.79;93.51;7649333;0;818;221;2597;107;;;;;
2026-05-06;F_AKSEN0726;AKSEN_07/2026_VIS;D_EQ;SSF;D_EQ_FPD;DE_AKSEN_FPD;AKSEN.E;2026-07-31;96.94;93.77;3.38;96.04;96.04;97;96.76;96.75;270893;0;28;14;27;27;;;;;
2026-05-06;F_ALARK0526;ALARK_05/2026_VIS;D_EQ;SSF;D_EQ_FPD;DE_ALARK_FPD;ALARK.E;2026-05-25;102.9;97.18;5.89;97.17;96.95;103.35;103.1;100;293161656;0;29315;7268;75262;-2717;;;;;
2026-05-06;F_ALARK0626;ALARK_06/2026_VIS;D_EQ;SSF;D_EQ_FPD;DE_ALARK_FPD;ALARK.E;2026-06-30;105.65;99.78;5.88;100.2;99.7;106;105.5;103.43;8895105;0;860;302;1060;330;;;;;
2026-05-06;F_ALARK0726;ALARK_07/2026_VIS;D_EQ;SSF;D_EQ_FPD;DE_ALARK_FPD;ALARK.E;2026-07-31;107.6;102;5.49;104.6;104.6;108.9;108.9;106.66;202655;0;19;14;13;9;;;;;
2026-05-06;F_ARCLK0526;ARCLK_05/2026_VIS;D_EQ;SSF;D_EQ_FPD;DE_ARCLK_FPD;ARCLK.E;2026-05-25;116.15;114.3;1.62;115.05;114.5;117.45;116;115.95;198729735;0;17140;4557;38214;-1566;;;;;
2026-05-06;F_ARCLK0626;ARCLK_06/2026_VIS;D_EQ;SSF;D_EQ_FPD;DE_ARCLK_FPD;ARCLK.E;2026-06-30;119.35;117.1;1.92;119.05;117.8;120.65;119.3;118.92;4590160;0;386;135;1270;30;;;;;
2026-05-06;F_ARCLK0726;ARCLK_07/2026_VIS;D_EQ;SSF;D_EQ_FPD;DE_ARCLK_FPD;ARCLK.E;2026-07-31;122.8;119.35;2.89;121.35;121.35;123.55;123.55;122.71;233150;0;19;11;7;3;;;;;
2026-05-06;F_ASELS0526;ASELS_05/2026_VIS;D_EQ;SSF;D_EQ_FPD;DE_ASELS_FPD;ASELS.E;2026-05-25;444.55;437.2;1.68;437.75;437.25;459.85;444.25;449.8;3824475175;0;85026;24538;102933;-5797;437.75;3283125;0;75;8
2026-05-06;F_ASELS0626;ASELS_06/2026_VIS;D_EQ;SSF;D_EQ_FPD;DE_ASELS_FPD;ASELS.E;2026-06-30;457.45;447;2.34;449.4;448.8;472.1;457.3;463.36;557534695;0;11982;3718;10350;2277;;;;;
2026-05-06;F_ASELS0726;ASELS_07/2026_VIS;D_EQ;SSF;D_EQ_FPD;DE_ASELS_FPD;ASELS.E;2026-07-31;472.2;460.1;2.63;462.75;462;483.65;470.25;474.23;7967065;0;168;134;137;75;;;;;
2026-05-06;F_ASTOR0526;ASTOR_05/2026_VIS;D_EQ;SSF;D_EQ_FPD;DE_ASTOR_FPD;ASTOR.E;2026-05-25;321.15;301;6.69;302;300.65;322;321.65;313;3828379015;0;122314;36458;47218;-5328;302;120800;0;4;3
2026-05-06;F_ASTOR0626;ASTOR_06/2026_VIS;D_EQ;SSF;D_EQ_FPD;DE_ASTOR_FPD;ASTOR.E;2026-06-30;327.5;308;6.33;309;307.8;328.35;327.05;319.11;269709005;0;8452;3168;4939;1986;;;;;
2026-05-06;F_ASTOR0726;ASTOR_07/2026_VIS;D_EQ;SSF;D_EQ_FPD;DE_ASTOR_FPD;ASTOR.E;2026-07-31;333.55;309.9;7.63;322.65;318.2;335;335;327.92;4951610;0;151;100;151;60;;;;;
2026-05-06;F_BIMAS0526;BIMAS_05/2026_VIS;D_EQ;SSF;D_EQ_FPD;DE_BIMAS_FPD;BIMAS.E;2026-05-25;803.3;766.4;4.81;770;769.9;804.5;803.9;794.59;1422718430;0;17905;9316;26428;1085;770;462000;0;6;4
2026-05-06;F_BIMAS0626;BIMAS_06/2026_VIS;D_EQ;SSF;D_EQ_FPD;DE_BIMAS_FPD;BIMAS.E;2026-06-30;820.6;780.6;5.12;788;788;825.1;818.2;816.24;206100500;0;2525;1490;1958;1395;;;;;
2026-05-06;F_BIMAS0726;BIMAS_07/2026_VIS;D_EQ;SSF;D_EQ_FPD;DE_BIMAS_FPD;BIMAS.E;2026-07-31;842.2;789.8;6.63;808.9;808.9;844.8;843.1;838.48;2096210;0;25;18;21;8;;;;;
2026-05-06;F_BRSAN0526;BRSAN_05/2026_VIS;D_EQ;SSF;D_EQ_FPD;DE_BRSAN_FPD;BRSAN.E;2026-05-25;638.7;580.7;9.99;582.9;581;638.7;638.7;621.19;665170820;0;10708;6416;5073;-542;582.9;116580;0;2;2
2026-05-06;F_BRSAN0626;BRSAN_06/2026_VIS;D_EQ;SSF;D_EQ_FPD;DE_BRSAN_FPD;BRSAN.E;2026-06-30;656.4;596.9;9.97;601.7;601.7;656.4;656.4;641.23;18595660;0;290;216;237;33;;;;;
2026-05-06;F_BRSAN0726;BRSAN_07/2026_VIS;D_EQ;SSF;D_EQ_FPD;DE_BRSAN_FPD;BRSAN.E;2026-07-31;665.5;611.5;8.83;642;642;672.5;672.5;658.62;1778280;0;27;25;18;17;;;;;
2026-05-06;F_CIMSA0526;CIMSA_05/2026_VIS;D_EQ;SSF;D_EQ_FPD;DE_CIMSA_FPD;CIMSA.E;2026-05-25;60.02;59.31;1.2;59.5;59.29;60.83;60.08;60.12;196806721;0;32733;5872;46749;-2360;;;;;
2026-05-06;F_CIMSA0626;CIMSA_06/2026_VIS;D_EQ;SSF;D_EQ_FPD;DE_CIMSA_FPD;CIMSA.E;2026-06-30;61.71;60.98;1.2;61.21;60.87;62.31;61.68;61.77;3693815;0;598;160;1072;20;;;;;
2026-05-06;F_CIMSA0726;CIMSA_07/2026_VIS;D_EQ;SSF;D_EQ_FPD;DE_CIMSA_FPD;CIMSA.E;2026-07-31;63.6;63.88;-0.44;63.51;63.01;65.55;63.47;63.6;127201;0;20;9;7;7;;;;;
2026-05-06;F_CNHTRY0526;CNHTRY_05/2026_VIS;D_CR;CRF;D_CR_FUT;DE_CNHTRY_FUT;D_CNHTRY;2026-05-25;6.8397;6.8397;0;0;0;0;0;0;0;0;0;0;244;0;;;;;
2026-05-06;F_CNHTRY0626;CNHTRY_06/2026_VIS;D_CR;CRF;D_CR_FUT;DE_CNHTRY_FUT;D_CNHTRY;2026-06-30;6.9865;6.9865;0;0;0;0;0;0;0;0;0;0;30;0;;;;;
2026-05-06;F_CNHTRY0826;CNHTRY_08/2026_VIS;D_CR;CRF;D_CR_FUT;DE_CNHTRY_FUT;D_CNHTRY;2026-08-31;7.4073;7.4073;0;0;0;0;0;0;0;0;0;0;0;0;;;;;
2026-05-06;F_CNHTRY1226;CNHTRY_12/2026_VIS;D_CR;CRF;D_CR_FUT;DE_CNHTRY_FUT;D_CNHTRY;2026-12-31;8.3239;8.3239;0;0;0;0;0;0;0;0;0;0;8;0;;;;;
2026-05-06;F_DOAS0526;DOAS_05/2026_VIS;D_EQ;SSF;D_EQ_FPD;DE_DOAS_FPD;DOAS.E;2026-05-25;189.85;185.7;2.23;186;186;190.65;189.05;188.69;82023925;0;4347;2191;6270;409;;;;;
2026-05-06;F_DOAS0626;DOAS_06/2026_VIS;D_EQ;SSF;D_EQ_FPD;DE_DOAS_FPD;DOAS.E;2026-06-30;194.65;190.25;2.31;191.55;190.85;195.2;195.15;193.66;2033415;0;105;80;268;-14;;;;;
2026-05-06;F_DOAS0726;DOAS_07/2026_VIS;D_EQ;SSF;D_EQ_FPD;DE_DOAS_FPD;DOAS.E;2026-07-31;198.7;195.35;1.71;196;196;201.25;199;197.81;356060;0;18;16;5;-8;;;;;
2026-05-06;F_DOHOL0526;DOHOL_05/2026_VIS;D_EQ;SSF;D_EQ_FPD;DE_DOHOL_FPD;DOHOL.E;2026-05-25;25.15;24.09;4.4;24.14;23.74;25.32;25.15;24.63;426538793;0;173192;13350;218870;-12311;24.14;72420;0;30;9
2026-05-06;F_DOHOL0626;DOHOL_06/2026_VIS;D_EQ;SSF;D_EQ_FPD;DE_DOHOL_FPD;DOHOL.E;2026-06-30;25.63;24.67;3.89;24.7;24.37;25.8;25.71;25.3;21558202;0;8520;618;4221;2094;;;;;
2026-05-06;F_DOHOL0726;DOHOL_07/2026_VIS;D_EQ;SSF;D_EQ_FPD;DE_DOHOL_FPD;DOHOL.E;2026-07-31;25.91;25.16;2.98;25.5;25.5;26.2;26.2;25.91;62187;0;24;7;18;17;;;;;
2026-05-06;F_EKGYO0526;EKGYO_05/2026_VIS;D_EQ;SSF;D_EQ_FPD;DE_EKGYO_FPD;EKGYO.E;2026-05-25;21.78;20.77;4.86;20.95;20.9;22.04;21.79;21.62;1472209649;0;681058;20786;576555;3483;20.95;219975;0;105;13
2026-05-06;F_EKGYO0626;EKGYO_06/2026_VIS;D_EQ;SSF;D_EQ_FPD;DE_EKGYO_FPD;EKGYO.E;2026-06-30;21.76;20.76;4.82;20.9;20.9;22.06;21.82;21.62;133246637;0;61629;2734;34354;5854;;;;;
2026-05-06;F_EKGYO0726;EKGYO_07/2026_VIS;D_EQ;SSF;D_EQ_FPD;DE_EKGYO_FPD;EKGYO.E;2026-07-31;22.19;21.25;4.42;21.49;21.49;22.66;22.37;22.28;888777;0;399;104;482;186;;;;;
2026-05-06;F_ELCBAS0526;BY ELEKTRIK_05/2026_VIS;D_EL;ENF;D_EL_FUT;DE_ELCBAS05B_FUT;D_ELCBAS05;2026-06-01;2950;2950;0;0;0;0;0;0;0;0;0;0;20;0;;;;;
2026-05-06;F_ELCBAS0626;BY ELEKTRIK_06/2026_VIS;D_EL;ENF;D_EL_FUT;DE_ELCBAS06B_FUT;D_ELCBAS06;2026-06-30;2960;2960;0;0;0;0;0;0;0;0;0;0;20;0;;;;;
2026-05-06;F_ELCBAS0726;BY ELEKTRIK_07/2026_VIS;D_EL;ENF;D_EL_FUT;DE_ELCBAS07B_FUT;D_ELCBAS07;2026-07-31;2951.9;2951.9;0;0;0;0;0;0;0;0;0;0;0;0;;;;;
2026-05-06;F_ELCBAS0826;BY ELEKTRIK_08/2026_VIS;D_EL;ENF;D_EL_FUT;DE_ELCBAS08B_FUT;D_ELCBAS08;2026-08-31;2862.8;2862.8;0;0;0;0;0;0;0;0;0;0;0;0;;;;;
2026-05-06;F_ELCBAS0926;BY ELEKTRIK_09/2026_VIS;D_EL;ENF;D_EL_FUT;DE_ELCBAS09B_FUT;D_ELCBAS09;2026-09-30;2041.1;2041.1;0;0;0;0;0;0;0;0;0;0;0;0;;;;;
2026-05-06;F_ELCBAS1026;BY ELEKTRIK_10/2026_VIS;D_EL;ENF;D_EL_FUT;DE_ELCBAS10B_FUT;D_ELCBAS10;2026-11-02;1599.4;1599.4;0;0;0;0;0;0;0;0;0;0;0;0;;;;;
2026-05-06;F_ELCBAS1126;BY ELEKTRIK_11/2026_VIS;D_EL;ENF;D_EL_FUT;DE_ELCBAS11B_FUT;D_ELCBAS11;2026-11-30;921.1;921.1;0;0;0;0;0;0;0;0;0;0;0;0;;;;;
2026-05-06;F_ELCBASQ127;BY ELEKTRIK_Q1/2026_CASC VIS;D_EL;ENF;D_EL_FUT;DE_ELCBASQ1B_FUT;D_ELCBASQ1;2026-12-30;2443.2;2443.2;0;0;0;0;0;0;0;0;0;0;0;0;;;;;
2026-05-06;F_ELCBASQ128;BY ELEKTRIK_Q1/2027_CASC VIS;D_EL;ENF;D_EL_FUT;DE_ELCBASQ1B_FUT;D_ELCBASQ1;2027-12-30;2951.9;2951.9;0;0;0;0;0;0;0;0;0;0;0;0;;;;;
2026-05-06;F_ELCBASQ227;BY ELEKTRIK_Q2/2027_CASC VIS;D_EL;ENF;D_EL_FUT;DE_ELCBASQ2B_FUT;D_ELCBASQ2;2027-03-30;2443.2;2443.2;0;0;0;0;0;0;0;0;0;0;0;0;;;;;
2026-05-06;F_ELCBASQ228;BY ELEKTRIK_Q2/2028_CASC VIS;D_EL;ENF;D_EL_FUT;DE_ELCBASQ2B_FUT;D_ELCBASQ2;2028-03-30;2951.9;2951.9;0;0;0;0;0;0;0;0;0;0;0;0;;;;;
2026-05-06;F_ELCBASQ326;BY ELEKTRIK_Q3/2026_CASC VIS;D_EL;ENF;D_EL_FUT;DE_ELCBASQ3B_FUT;D_ELCBASQ3;2026-06-29;3350;3350;0;0;0;0;0;0;0;0;0;0;20;0;;;;;
2026-05-06;F_ELCBASQ327;BY ELEKTRIK_Q3/2027_CASC VIS;D_EL;ENF;D_EL_FUT;DE_ELCBASQ3B_FUT;D_ELCBASQ3;2027-06-29;2443.2;2443.2;0;0;0;0;0;0;0;0;0;0;0;0;;;;;
2026-05-06;F_ELCBASQ328;BY ELEKTRIK_Q3/2028_CASC VIS;D_EL;ENF;D_EL_FUT;DE_ELCBASQ3B_FUT;D_ELCBASQ3;2028-06-29;2951.9;2951.9;0;0;0;0;0;0;0;0;0;0;0;0;;;;;
2026-05-06;F_ELCBASQ426;BY ELEKTRIK_Q4/2026_CASC VIS;D_EL;ENF;D_EL_FUT;DE_ELCBASQ4B_FUT;D_ELCBASQ4;2026-09-29;3320;3320;0;0;0;0;0;0;0;0;0;0;20;0;;;;;
2026-05-06;F_ELCBASQ427;BY ELEKTRIK_Q4/2027_CASC VIS;D_EL;ENF;D_EL_FUT;DE_ELCBASQ4B_FUT;D_ELCBASQ4;2027-09-29;2443.2;2443.2;0;0;0;0;0;0;0;0;0;0;0;0;;;;;
2026-05-06;F_ELCBASQ428;BY ELEKTRIK_Q4/2028_CASC VIS;D_EL;ENF;D_EL_FUT;DE_ELCBASQ4B_FUT;D_ELCBASQ4;2028-09-29;2951.9;2951.9;0;0;0;0;0;0;0;0;0;0;0;0;;;;;
2026-05-06;F_ELCBASY27;BY ELEKTRIK_2026_CASC VIS;D_EL;ENF;D_EL_FUT;DE_ELCBASYB_FUT;D_ELCBASY;2026-12-28;2443.2;2443.2;0;0;0;0;0;0;0;0;0;0;0;0;;;;;
2026-05-06;F_ELCBASY28;BY ELEKTRIK_2027_CASC VIS;D_EL;ENF;D_EL_FUT;DE_ELCBASYB_FUT;D_ELCBASY;2027-12-28;2951.9;2951.9;0;0;0;0;0;0;0;0;0;0;0;0;;;;;
2026-05-06;F_ENJSA0526;ENJSA_05/2026_VIS;D_EQ;SSF;D_EQ_FPD;DE_ENJSA_FPD;ENJSA.E;2026-05-25;120.3;121.2;-0.74;122.85;118.25;123.65;120.3;120.17;162289845;0;13505;4339;26520;-64;;;;;
2026-05-06;F_ENJSA0626;ENJSA_06/2026_VIS;D_EQ;SSF;D_EQ_FPD;DE_ENJSA_FPD;ENJSA.E;2026-06-30;123.5;124.25;-0.6;126.5;121.7;126.5;123.65;123.18;4927175;0;400;158;640;67;;;;;
2026-05-06;F_ENJSA0726;ENJSA_07/2026_VIS;D_EQ;SSF;D_EQ_FPD;DE_ENJSA_FPD;ENJSA.E;2026-07-31;126.45;127.9;-1.13;130.3;125;130.3;127;126.57;1974425;0;156;45;352;106;;;;;
2026-05-06;F_ENKAI0526;ENKAI_05/2026_VIS;D_EQ;SSF;D_EQ_FPD;DE_ENKAI_FPD;ENKAI.E;2026-05-25;112.85;108.5;4.01;109.45;109.05;113.45;112.5;111.69;561468250;0;50271;9656;38116;6175;109.45;21890;0;2;1
2026-05-06;F_ENKAI0626;ENKAI_06/2026_VIS;D_EQ;SSF;D_EQ_FPD;DE_ENKAI_FPD;ENKAI.E;2026-06-30;115.7;110.95;4.28;112.05;111.7;116.3;115.75;114.71;65511080;0;5711;1604;3649;2741;;;;;
2026-05-06;F_ENKAI0726;ENKAI_07/2026_VIS;D_EQ;SSF;D_EQ_FPD;DE_ENKAI_FPD;ENKAI.E;2026-07-31;117.4;112.25;4.59;117.1;117.1;119.2;119.1;117.38;692530;0;59;11;79;54;;;;;
2026-05-06;F_EREGL0526;EREGL_05/2026_VIS;D_EQ;SSF;D_EQ_FPD;DE_EREGL_FPD;EREGL.E;2026-05-25;38.45;38.11;0.89;38.45;37.81;39.56;38.49;38.54;4070100998;0;1056176;49353;591179;1329;38.45;146110;0;38;9
2026-05-06;F_EREGL0626;EREGL_06/2026_VIS;D_EQ;SSF;D_EQ_FPD;DE_EREGL_FPD;EREGL.E;2026-06-30;39.04;38.7;0.88;39.01;38.48;40.19;39.04;39.23;433733015;0;110486;6627;79141;56392;;;;;
2026-05-06;F_EREGL0726;EREGL_07/2026_VIS;D_EQ;SSF;D_EQ_FPD;DE_EREGL_FPD;EREGL.E;2026-07-31;40.12;40.04;0.2;40.48;39.5;41.24;40.04;40.16;4710928;0;1173;142;979;391;;;;;
2026-05-06;F_EURTRY0526;EURTRY_05/2026_VIS;D_CR;CRF;D_CR_FUT;DE_EURTRY_FUT;D_EURTRY;2026-05-25;54.169;53.96;0.39;54.021;54.021;54.34;54.17;54.084;26392986;0;488;62;5838;-316;;;;;
2026-05-06;F_EURTRY0626;EURTRY_06/2026_VIS;D_CR;CRF;D_CR_FUT;DE_EURTRY_FUT;D_EURTRY;2026-06-30;56.006;55.833;0.31;55.839;55.839;56.1;55.96;55.986;2127468;0;38;15;3041;33;;;;;
2026-05-06;F_EURTRY0826;EURTRY_08/2026_VIS;D_CR;CRF;D_CR_FUT;DE_EURTRY_FUT;D_EURTRY;2026-08-31;59.36;59.119;0.41;59.36;59.36;59.36;59.36;59.36;59360;0;1;1;30;1;;;;;
2026-05-06;F_EURTRY1226;EURTRY_12/2026_VIS;D_CR;CRF;D_CR_FUT;DE_EURTRY_FUT;D_EURTRY;2026-12-31;66.581;66.336;0.37;66.501;66.485;66.689;66.485;66.579;2463423;0;37;11;733;30;;;;;
2026-05-06;F_EURUSD0526;EURUSD_05/2026_VIS;D_CR;CRFU;D_CR_FUT;DE_EURUSD_FUT;D_EURUSD;2026-05-25;1.1769;1.1726;0.37;1.174;1.174;1.1814;1.1769;1.1779;491015814.31168;0;9236;1251;19203;288;1.174;529871.986;0;10;2
2026-05-06;F_EURUSD0626;EURUSD_06/2026_VIS;D_CR;CRFU;D_CR_FUT;DE_EURUSD_FUT;D_EURUSD;2026-06-30;1.1784;1.173;0.46;1.1763;1.1763;1.1828;1.179;1.1805;50614428.23598;0;950;67;4136;554;1.1763;53091.00657;0;1;1
2026-05-06;F_EURUSD0826;EURUSD_08/2026_VIS;D_CR;CRFU;D_CR_FUT;DE_EURUSD_FUT;D_EURUSD;2026-08-31;1.183;1.1763;0.57;1.183;1.1825;1.1865;1.183;1.1838;1923525.57698;0;36;21;27;22;;;;;
2026-05-06;F_EURUSD1226;EURUSD_12/2026_VIS;D_CR;CRFU;D_CR_FUT;DE_EURUSD_FUT;D_EURUSD;2026-12-31;1.1925;1.1886;0.33;1.1925;1.1921;1.194;1.1921;1.1925;8234625.89432;0;153;8;2420;7;;;;;
2026-05-06;F_FROTO0526;FROTO_05/2026_VIS;D_EQ;SSF;D_EQ_FPD;DE_FROTO_FPD;FROTO.E;2026-05-25;101.6;99.96;1.64;99.79;99.09;102.4;101.8;101.36;779624576;0;76915;17149;80610;4020;99.79;299370;0;30;5
2026-05-06;F_FROTO0626;FROTO_06/2026_VIS;D_EQ;SSF;D_EQ_FPD;DE_FROTO_FPD;FROTO.E;2026-06-30;104.5;102.95;1.51;102.1;102.1;105.4;104.6;104.54;107608785;0;10226;2702;7550;5512;;;;;
2026-05-06;F_FROTO0726;FROTO_07/2026_VIS;D_EQ;SSF;D_EQ_FPD;DE_FROTO_FPD;FROTO.E;2026-07-31;107.55;106.15;1.32;107;106.5;108;107.5;107.56;957310;0;89;22;188;57;;;;;
2026-05-06;F_GARAN0526;GARAN_05/2026_VIS;D_EQ;SSF;D_EQ_FPD;DE_GARAN_FPD;GARAN.E;2026-05-25;140.25;132.75;5.65;133.7;133.7;141.2;140.35;137.86;3103683955;0;225137;29276;191126;1504;133.7;387730;0;29;9
2026-05-06;F_GARAN0626;GARAN_06/2026_VIS;D_EQ;SSF;D_EQ_FPD;DE_GARAN_FPD;GARAN.E;2026-06-30;144.2;136.4;5.72;137.75;137.75;145;144;141.73;136741305;0;9648;2285;5587;2056;;;;;
2026-05-06;F_GARAN0726;GARAN_07/2026_VIS;D_EQ;SSF;D_EQ_FPD;DE_GARAN_FPD;GARAN.E;2026-07-31;145.95;140.4;3.95;132.75;132.7;148.4;148.4;143.66;1321680;0;92;68;108;40;;;;;
2026-05-06;F_GBPUSD0526;GBPUSD_05/2026_VIS;D_CR;CRFU;D_CR_FUT;DE_GBPUSD_FUT;D_GBPUSD;2026-05-25;1.3608;1.356;0.35;1.3607;1.36;1.3613;1.36;1.3608;737009.50666;0;12;4;31;4;;;;;
2026-05-06;F_GBPUSD0626;GBPUSD_06/2026_VIS;D_CR;CRFU;D_CR_FUT;DE_GBPUSD_FUT;D_GBPUSD;2026-06-30;1.363;1.3596;0.25;1.363;1.363;1.363;1.363;1.363;369105.0342;0;6;1;16;-6;;;;;
2026-05-06;F_GBPUSD0826;GBPUSD_08/2026_VIS;D_CR;CRFU;D_CR_FUT;DE_GBPUSD_FUT;D_GBPUSD;2026-08-31;1.3559;1.3559;0;0;0;0;0;0;0;0;0;0;0;0;;;;;
2026-05-06;F_GBPUSD1226;GBPUSD_12/2026_VIS;D_CR;CRFU;D_CR_FUT;DE_GBPUSD_FUT;D_GBPUSD;2026-12-31;1.355;1.355;0;0;0;0;0;0;0;0;0;0;10;0;;;;;
2026-05-06;F_GUBRF0526;GUBRF_05/2026_VIS;D_EQ;SSF;D_EQ_FPD;DE_GUBRF_FPD;GUBRF.E;2026-05-25;600.1;565.2;6.17;568;568;607;600.8;593.11;927975450;0;15646;6958;16062;1029;;;;;
2026-05-06;F_GUBRF0626;GUBRF_06/2026_VIS;D_EQ;SSF;D_EQ_FPD;DE_GUBRF_FPD;GUBRF.E;2026-06-30;616.4;581.8;5.95;587.8;586.6;623.7;617.6;607.29;79393060;0;1314;685;1673;155;;;;;
2026-05-06;F_GUBRF0726;GUBRF_07/2026_VIS;D_EQ;SSF;D_EQ_FPD;DE_GUBRF_FPD;GUBRF.E;2026-07-31;638;601.2;6.12;606.6;606.3;639.9;639.9;626.23;84996360;0;1342;84;5446;1281;;;;;
2026-05-06;F_HALKB0526;HALKB_05/2026_VIS;D_EQ;SSF;D_EQ_FPD;DE_HALKB_FPD;HALKB.E;2026-05-25;39.12;37.39;4.63;37.59;37.59;39.7;39.18;38.84;816083406;0;210141;14897;295207;8959;37.59;402213;0;107;10
2026-05-06;F_HALKB0626;HALKB_06/2026_VIS;D_EQ;SSF;D_EQ_FPD;DE_HALKB_FPD;HALKB.E;2026-06-30;40.24;38.49;4.55;38.75;38.75;40.73;40.25;39.91;19279994;0;4831;796;21126;-1003;;;;;
2026-05-06;F_HALKB0726;HALKB_07/2026_VIS;D_EQ;SSF;D_EQ_FPD;DE_HALKB_FPD;HALKB.E;2026-07-31;41.15;39;5.51;40.54;40.32;41.68;41.18;41.28;1023644;0;248;95;170;127;;;;;
2026-05-06;F_HEKTS0526;HEKTS_05/2026_VIS;D_EQ;SSF;D_EQ_FPD;DE_HEKTS_FPD;HEKTS.E;2026-05-25;3.78;3.44;9.88;3.51;3.49;3.78;3.78;3.65;298578275;0;818644;3896;943050;101524;3.51;395577;0;1127;25
2026-05-06;F_HEKTS0626;HEKTS_06/2026_VIS;D_EQ;SSF;D_EQ_FPD;DE_HEKTS_FPD;HEKTS.E;2026-06-30;3.89;3.54;9.89;3.59;3.59;3.89;3.89;3.76;6689050;0;17785;270;25227;6577;;;;;
2026-05-06;F_HEKTS0726;HEKTS_07/2026_VIS;D_EQ;SSF;D_EQ_FPD;DE_HEKTS_FPD;HEKTS.E;2026-07-31;4.02;3.66;9.84;3.7;3.7;4.02;4.02;4;445878;0;1116;53;3170;768;;;;;
2026-05-06;F_ISCTR0526;ISCTR_05/2026_VIS;D_EQ;SSF;D_EQ_FPD;DE_ISCTR_FPD;ISCTR.E;2026-05-25;14.88;14.4;3.33;14.54;14.49;15.15;14.87;14.83;4279847522;0;2886689;38808;2147180;85851;14.54;2282780;0;1570;66
2026-05-06;F_ISCTR0626;ISCTR_06/2026_VIS;D_EQ;SSF;D_EQ_FPD;DE_ISCTR_FPD;ISCTR.E;2026-06-30;15.32;14.81;3.44;15.14;14.9;15.58;15.3;15.29;141252880;0;92377;2517;57317;23072;;;;;
2026-05-06;F_ISCTR0726;ISCTR_07/2026_VIS;D_EQ;SSF;D_EQ_FPD;DE_ISCTR_FPD;ISCTR.E;2026-07-31;15.75;15.25;3.28;15.99;15.3;16;15.75;15.62;3327385;0;2130;197;1375;-485;;;;;
2026-05-06;F_KCHOL0526;KCHOL_05/2026_VIS;D_EQ;SSF;D_EQ_FPD;DE_KCHOL_FPD;KCHOL.E;2026-05-25;215.5;207.4;3.91;208.75;208.75;219.35;214.85;214.68;1672702995;0;77916;15347;207316;-2518;208.75;146125;0;7;3
2026-05-06;F_KCHOL0626;KCHOL_06/2026_VIS;D_EQ;SSF;D_EQ_FPD;DE_KCHOL_FPD;KCHOL.E;2026-06-30;222.05;213.25;4.13;215.45;214.8;225.75;221.45;221.59;115558090;0;5215;1659;4186;2505;;;;;
2026-05-06;F_KCHOL0726;KCHOL_07/2026_VIS;D_EQ;SSF;D_EQ_FPD;DE_KCHOL_FPD;KCHOL.E;2026-07-31;228.5;218.7;4.48;222;222;231.4;228.95;228.75;1807140;0;79;61;61;24;;;;;
2026-05-06;F_KONTR0526;KONTR_05/2026_VIS;D_EQ;SSF;D_EQ_FPD;DE_KONTR_FPD;KONTR.E;2026-05-25;10.05;9.89;1.62;9.98;9.83;10.25;10.08;10.04;436976346;0;435182;18966;515522;40105;9.98;7984;0;8;3
2026-05-06;F_KONTR0626;KONTR_06/2026_VIS;D_EQ;SSF;D_EQ_FPD;DE_KONTR_FPD;KONTR.E;2026-06-30;10.3;10.14;1.58;10.2;10.09;10.48;10.31;10.27;18010847;0;17535;1741;20971;3101;;;;;
2026-05-06;F_KONTR0726;KONTR_07/2026_VIS;D_EQ;SSF;D_EQ_FPD;DE_KONTR_FPD;KONTR.E;2026-07-31;10.54;10.44;0.96;10.6;10.3;11.01;10.54;10.64;617048;0;580;102;674;201;;;;;
2026-05-06;F_KRDMD0526;KRDMD_05/2026_VIS;D_EQ;SSF;D_EQ_FPD;DE_KRDMD_FPD;KRDMD.E;2026-05-25;40.57;40.79;-0.54;41.29;39.88;41.7;40.58;40.83;1495511555;0;366277;33851;207460;5345;41.29;330320;0;80;23
2026-05-06;F_KRDMD0626;KRDMD_06/2026_VIS;D_EQ;SSF;D_EQ_FPD;DE_KRDMD_FPD;KRDMD.E;2026-06-30;41.55;41.83;-0.67;42.01;40.93;42.8;41.55;42.05;64288465;0;15290;2485;6464;2861;;;;;
2026-05-06;F_KRDMD0726;KRDMD_07/2026_VIS;D_EQ;SSF;D_EQ_FPD;DE_KRDMD_FPD;KRDMD.E;2026-07-31;42.4;42.86;-1.07;42.7;42.39;43.84;43.29;42.73;820402;0;192;64;172;140;;;;;
2026-05-06;F_MGROS0526;MGROS_05/2026_VIS;D_EQ;SSF;D_EQ_FPD;DE_MGROS_FPD;MGROS.E;2026-05-25;695.9;657.3;5.87;680;674.7;700;697;689.4;1131161680;0;16408;8137;12553;-81;680;3060000;0;45;39
2026-05-06;F_MGROS0626;MGROS_06/2026_VIS;D_EQ;SSF;D_EQ_FPD;DE_MGROS_FPD;MGROS.E;2026-06-30;714.9;677.3;5.55;688;688;717.7;713.9;711.23;93100270;0;1309;862;751;468;688;68800;0;1;1
2026-05-06;F_MGROS0726;MGROS_07/2026_VIS;D_EQ;SSF;D_EQ_FPD;DE_MGROS_FPD;MGROS.E;2026-07-31;733.6;693.3;5.81;706.9;706.9;737.9;735.7;726.96;2398970;0;33;31;25;13;;;;;
2026-05-06;F_ODAS0526;ODAS_05/2026_VIS;D_EQ;SSF;D_EQ_FPD;DE_ODAS_FPD;ODAS.E;2026-05-25;7.83;7.72;1.42;7.92;7.66;8.06;7.85;7.83;687145217;0;877776;16747;773856;51021;7.92;1778040;0;2245;38
2026-05-06;F_ODAS0626;ODAS_06/2026_VIS;D_EQ;SSF;D_EQ_FPD;DE_ODAS_FPD;ODAS.E;2026-06-30;8.05;7.98;0.88;8.12;7.88;8.26;8.09;8.05;46111867;0;56676;929;57527;37454;8.12;16240;0;20;3
2026-05-06;F_ODAS0726;ODAS_07/2026_VIS;D_EQ;SSF;D_EQ_FPD;DE_ODAS_FPD;ODAS.E;2026-07-31;8.05;8.07;-0.25;8.4;8;8.47;8.27;8.31;183576;0;221;42;190;38;;;;;
2026-05-06;F_OYAKC0526;OYAKC_05/2026_VIS;D_EQ;SSF;D_EQ_FPD;DE_OYAKC_FPD;OYAKC.E;2026-05-25;25.19;24.68;2.07;24.78;24.61;25.65;25.02;25.25;354409066;0;140380;12872;150614;27263;24.78;27258;0;11;4
2026-05-06;F_OYAKC0626;OYAKC_06/2026_VIS;D_EQ;SSF;D_EQ_FPD;DE_OYAKC_FPD;OYAKC.E;2026-06-30;25.78;25.36;1.66;25.5;25.42;26.31;25.9;25.94;1543148;0;595;113;1967;144;;;;;
2026-05-06;F_OYAKC0726;OYAKC_07/2026_VIS;D_EQ;SSF;D_EQ_FPD;DE_OYAKC_FPD;OYAKC.E;2026-07-31;26.76;25.9;3.32;26.15;25.96;26.95;26.69;26.54;87581;0;33;23;30;-12;;;;;
2026-05-06;F_PETKM0526;PETKM_05/2026_VIS;D_EQ;SSF;D_EQ_FPD;DE_PETKM_FPD;PETKM.E;2026-05-25;24.74;24.51;0.94;24.46;23.85;25.45;24.75;24.55;1209023402;0;492475;25468;395331;-9179;24.46;2446;0;1;1
2026-05-06;F_PETKM0626;PETKM_06/2026_VIS;D_EQ;SSF;D_EQ_FPD;DE_PETKM_FPD;PETKM.E;2026-06-30;25.39;25.16;0.91;25.01;24.43;26.03;25.34;25.27;92966041;0;36788;3022;10903;5932;;;;;
2026-05-06;F_PETKM0726;PETKM_07/2026_VIS;D_EQ;SSF;D_EQ_FPD;DE_PETKM_FPD;PETKM.E;2026-07-31;25.87;25.75;0.47;25.8;25.3;26.75;26.1;25.91;1515552;0;585;213;252;86;;;;;
2026-05-06;F_PGSUS0526;PGSUS_05/2026_VIS;D_EQ;SSF;D_EQ_FPD;DE_PGSUS_FPD;PGSUS.E;2026-05-25;187.35;182.25;2.8;184.45;183.85;191.85;187.2;188.23;1264027655;0;67152;21290;103225;7570;184.45;221340;0;12;8
2026-05-06;F_PGSUS0626;PGSUS_06/2026_VIS;D_EQ;SSF;D_EQ_FPD;DE_PGSUS_FPD;PGSUS.E;2026-06-30;192.5;187.3;2.78;188.85;188.75;197.4;192.85;194;113275655;0;5816;2267;6747;2195;;;;;
2026-05-06;F_PGSUS0726;PGSUS_07/2026_VIS;D_EQ;SSF;D_EQ_FPD;DE_PGSUS_FPD;PGSUS.E;2026-07-31;199.5;192.75;3.5;195.5;194.7;202.6;198.15;199.42;1774825;0;89;72;45;12;;;;;
2026-05-06;F_P_USDTRY0526;FIZ. USDTRY_05/2026_VIS;D_CR;PCF;D_CR_FPD;DE_USDTRYP_FPD;USDTRYP.CX;2026-05-25;47.079;47.079;0;0;0;0;0;0;0;0;0;0;0;0;;;;;
2026-05-06;F_P_USDTRY0626;FIZ. USDTRY_06/2026_VIS;D_CR;PCF;D_CR_FPD;DE_USDTRYP_FPD;USDTRYP.CX;2026-06-30;48.346;48.346;0;0;0;0;0;0;0;0;0;0;0;0;;;;;
2026-05-06;F_P_USDTRY0826;FIZ. USDTRY_08/2026_VIS;D_CR;PCF;D_CR_FPD;DE_USDTRYP_FPD;USDTRYP.CX;2026-08-31;50.238;50.238;0;0;0;0;0;0;0;0;0;0;0;0;;;;;
2026-05-06;F_P_USDTRY1226;FIZ. USDTRY_12/2026_VIS;D_CR;PCF;D_CR_FPD;DE_USDTRYP_FPD;USDTRYP.CX;2026-12-31;56.761;56.761;0;0;0;0;0;0;0;0;0;0;0;0;;;;;
2026-05-06;F_RUBTRY0526;RUBTRY_05/2026_VIS;D_CR;CRF;D_CR_FUT;DE_RUBTRY_FUT;D_RUBTRY;2026-05-25;0.59008;0.59008;0;0;0;0;0;0;0;0;0;0;0;0;;;;;
2026-05-06;F_RUBTRY0626;RUBTRY_06/2026_VIS;D_CR;CRF;D_CR_FUT;DE_RUBTRY_FUT;D_RUBTRY;2026-06-30;0.60047;0.60047;0;0;0;0;0;0;0;0;0;0;2;0;;;;;
2026-05-06;F_RUBTRY0826;RUBTRY_08/2026_VIS;D_CR;CRF;D_CR_FUT;DE_RUBTRY_FUT;D_RUBTRY;2026-08-31;0.64182;0.64182;0;0;0;0;0;0;0;0;0;0;0;0;;;;;
2026-05-06;F_RUBTRY1226;RUBTRY_12/2026_VIS;D_CR;CRF;D_CR_FUT;DE_RUBTRY_FUT;D_RUBTRY;2026-12-31;0.6953;0.6953;0;0;0;0;0;0;0;0;0;0;0;0;;;;;
2026-05-06;F_SAHOL0526;SAHOL_05/2026_VIS;D_EQ;SSF;D_EQ_FPD;DE_SAHOL_FPD;SAHOL.E;2026-05-25;103.55;97.91;5.76;99;98.79;105;104.05;102.43;1732665599;0;169134;25462;436429;-10315;99;475200;0;48;17
2026-05-06;F_SAHOL0626;SAHOL_06/2026_VIS;D_EQ;SSF;D_EQ_FPD;DE_SAHOL_FPD;SAHOL.E;2026-06-30;106.65;100.65;5.96;102;102;108.15;106.85;105.7;80955950;0;7659;2063;8401;3668;;;;;
2026-05-06;F_SAHOL0726;SAHOL_07/2026_VIS;D_EQ;SSF;D_EQ_FPD;DE_SAHOL_FPD;SAHOL.E;2026-07-31;108.35;103.7;4.48;105.2;104.9;110.25;109;107.99;637165;0;59;16;45;24;;;;;
2026-05-06;F_SASA0526;SASA_05/2026_VIS;D_EQ;SSF;D_EQ_FPD;DE_SASA_FPD;SASA.E;2026-05-25;3.18;3.06;3.92;3.07;3.04;3.24;3.18;3.14;4125112485;0;13132280;21139;11203504;181958;3.07;3220430;0;10490;32
2026-05-06;F_SASA0626;SASA_06/2026_VIS;D_EQ;SSF;D_EQ_FPD;DE_SASA_FPD;SASA.E;2026-06-30;3.28;3.15;4.13;3.16;3.13;3.33;3.28;3.23;216019055;0;665566;2650;580561;205478;;;;;
2026-05-06;F_SASA0726;SASA_07/2026_VIS;D_EQ;SSF;D_EQ_FPD;DE_SASA_FPD;SASA.E;2026-07-31;3.36;3.26;3.07;3.27;2.94;3.45;3.36;3.33;24399344;0;71471;264;115253;64788;;;;;
2026-05-06;F_SASX100626;SASX 10_06/2026_VIS;D_FR;FIF;D_FR_FUT;DE_SASX10_FUT;D_SASX10;2026-06-30;1558.75;1558.75;0;0;0;0;0;0;0;0;0;0;0;0;;;;;
2026-05-06;F_SASX100826;SASX 10_08/2026_VIS;D_FR;FIF;D_FR_FUT;DE_SASX10_FUT;D_SASX10;2026-08-31;1528;1528;0;0;0;0;0;0;0;0;0;0;0;0;;;;;
2026-05-06;F_SISE0526;SISE_05/2026_VIS;D_EQ;SSF;D_EQ_FPD;DE_SISE_FPD;SISE.E;2026-05-25;50.99;49.18;3.68;49.5;49.33;53.94;50.95;51.62;3722929028;0;721171;59399;348324;68052;49.5;306900;0;62;10
2026-05-06;F_SISE0626;SISE_06/2026_VIS;D_EQ;SSF;D_EQ_FPD;DE_SISE_FPD;SISE.E;2026-06-30;51.95;50.05;3.8;50.51;50.21;54.87;51.9;52.35;266442269;0;50813;6304;34897;18082;;;;;
2026-05-06;F_SISE0726;SISE_07/2026_VIS;D_EQ;SSF;D_EQ_FPD;DE_SISE_FPD;SISE.E;2026-07-31;53.46;51.58;3.64;52;52;56.3;53.4;53.77;2489631;0;463;140;2295;116;;;;;
2026-05-06;F_SOKM0526;SOKM_05/2026_VIS;D_EQ;SSF;D_EQ_FPD;DE_SOKM_FPD;SOKM.E;2026-05-25;55.44;53.18;4.25;53.6;53.16;55.8;55.63;54.83;294744440;0;53801;8184;58451;-1647;;;;;
2026-05-06;F_SOKM0626;SOKM_06/2026_VIS;D_EQ;SSF;D_EQ_FPD;DE_SOKM_FPD;SOKM.E;2026-06-30;57.04;54.63;4.41;55;55;57.19;56.91;56.43;8864565;0;1571;319;3865;241;;;;;
2026-05-06;F_SOKM0726;SOKM_07/2026_VIS;D_EQ;SSF;D_EQ_FPD;DE_SOKM_FPD;SOKM.E;2026-07-31;58.84;56.34;4.44;57;57;59;58.78;58.37;531146;0;91;48;81;23;;;;;
2026-05-06;F_TAVHL0526;TAVHL_05/2026_VIS;D_EQ;SSF;D_EQ_FPD;DE_TAVHL_FPD;TAVHL.E;2026-05-25;295.25;282.2;4.62;283.95;283.95;298.8;295.4;293.17;607176575;0;20711;9493;53378;-752;283.95;567900;0;20;5
2026-05-06;F_TAVHL0626;TAVHL_06/2026_VIS;D_EQ;SSF;D_EQ_FPD;DE_TAVHL_FPD;TAVHL.E;2026-06-30;301.7;289.75;4.12;291.7;291.7;307.7;303.85;302.33;55839505;0;1847;1052;1470;743;;;;;
2026-05-06;F_TAVHL0726;TAVHL_07/2026_VIS;D_EQ;SSF;D_EQ_FPD;DE_TAVHL_FPD;TAVHL.E;2026-07-31;308.8;293.95;5.05;302;302;311.85;309.85;308.22;739735;0;24;12;23;-16;;;;;
2026-05-06;F_TCELL0526;TCELL_05/2026_VIS;D_EQ;SSF;D_EQ_FPD;DE_TCELL_FPD;TCELL.E;2026-05-25;121.25;118.15;2.62;118.55;118.1;122.2;120.5;120.52;1521904155;0;126283;21251;312827;-190;118.55;59275;0;5;5
2026-05-06;F_TCELL0626;TCELL_06/2026_VIS;D_EQ;SSF;D_EQ_FPD;DE_TCELL_FPD;TCELL.E;2026-06-30;125.05;121.2;3.18;123;121.35;125.8;124.4;124.21;106932165;0;8609;1980;8632;4848;;;;;
2026-05-06;F_TCELL0726;TCELL_07/2026_VIS;D_EQ;SSF;D_EQ_FPD;DE_TCELL_FPD;TCELL.E;2026-07-31;128.4;123.55;3.93;135.9;124.25;135.9;127.05;128.19;999860;0;78;54;47;42;;;;;
2026-05-06;F_THYAO0526;THYAO_05/2026_VIS;D_EQ;SSF;D_EQ_FPD;DE_THYAO_FPD;THYAO.E;2026-05-25;318.15;308.85;3.01;312.4;312.4;324.65;318;318.9;6289955690;0;197237;35744;257028;11958;312.4;1218360;0;39;17
2026-05-06;F_THYAO0626;THYAO_06/2026_VIS;D_EQ;SSF;D_EQ_FPD;DE_THYAO_FPD;THYAO.E;2026-06-30;327.6;318.1;2.99;320.45;320.45;334.2;327.4;329.94;747528500;0;22524;5992;16039;5653;;;;;
2026-05-06;F_THYAO0726;THYAO_07/2026_VIS;D_EQ;SSF;D_EQ_FPD;DE_THYAO_FPD;THYAO.E;2026-07-31;337.35;327.7;2.94;329.8;329.8;343.15;337.75;335.65;5739685;0;171;122;141;52;;;;;
2026-05-06;F_TKFEN0526;TKFEN_05/2026_VIS;D_EQ;SSF;D_EQ_FPD;DE_TKFEN_FPD;TKFEN.E;2026-05-25;145.8;139.55;4.48;140;139.6;147.05;145.6;143.51;544169485;0;37919;10385;42138;1869;140;28000;0;2;2
2026-05-06;F_TKFEN0626;TKFEN_06/2026_VIS;D_EQ;SSF;D_EQ_FPD;DE_TKFEN_FPD;TKFEN.E;2026-06-30;149.65;143;4.65;145.35;143.1;150.95;149.75;147.51;59893235;0;4035;503;2393;1427;;;;;
2026-05-06;F_TKFEN0726;TKFEN_07/2026_VIS;D_EQ;SSF;D_EQ_FPD;DE_TKFEN_FPD;TKFEN.E;2026-07-31;154.6;146.3;5.67;149.3;149.3;155;153.5;152.21;2146100;0;141;60;116;84;;;;;
2026-05-06;F_TLREF1M0526;1-AY TLREF_05/2026_VIS;D_FI;TRF;D_FI_FUT;DE_TLREF1M_FUT;D_TLREF1M;2026-05-26;39.93;39.93;0;0;0;0;0;0;0;0;0;0;0;0;;;;;
2026-05-06;F_TLREF1M0626;1-AY TLREF_06/2026_VIS;D_FI;TRF;D_FI_FUT;DE_TLREF1M_FUT;D_TLREF1M;2026-06-30;39.41;39.41;0;0;0;0;0;0;0;0;0;0;0;0;;;;;
2026-05-06;F_TLREF1M0726;1-AY TLREF_07/2026_VIS;D_FI;TRF;D_FI_FUT;DE_TLREF1M_FUT;D_TLREF1M;2026-07-31;37.08;37.08;0;0;0;0;0;0;0;0;0;0;0;0;;;;;
2026-05-06;F_TLREF1M0826;1-AY TLREF_08/2026_VIS;D_FI;TRF;D_FI_FUT;DE_TLREF1M_FUT;D_TLREF1M;2026-08-31;36.85;36.85;0;0;0;0;0;0;0;0;0;0;0;0;;;;;
2026-05-06;F_TLREF1M0926;1-AY TLREF_09/2026_VIS;D_FI;TRF;D_FI_FUT;DE_TLREF1M_FUT;D_TLREF1M;2026-09-30;39.84;39.84;0;0;0;0;0;0;0;0;0;0;0;0;;;;;
2026-05-06;F_TLREF1M1026;1-AY TLREF_10/2026_VIS;D_FI;TRF;D_FI_FUT;DE_TLREF1M_FUT;D_TLREF1M;2026-10-30;40;40;0;0;0;0;0;0;0;0;0;0;0;0;;;;;
2026-05-06;F_TLREF1M1126;1-AY TLREF_11/2026_VIS;D_FI;TRF;D_FI_FUT;DE_TLREF1M_FUT;D_TLREF1M;2026-11-30;39.99;39.99;0;0;0;0;0;0;0;0;0;0;0;0;;;;;
2026-05-06;F_TOASO0526;TOASO_05/2026_VIS;D_EQ;SSF;D_EQ_FPD;DE_TOASO_FPD;TOASO.E;2026-05-25;320.45;304.75;5.15;309;305.8;320.7;320.45;312.84;736930705;0;23556;9158;27880;-2236;309;525300;0;17;5
2026-05-06;F_TOASO0626;TOASO_06/2026_VIS;D_EQ;SSF;D_EQ_FPD;DE_TOASO_FPD;TOASO.E;2026-06-30;328.35;311.1;5.54;315;314.3;328.7;328.2;324.12;54849755;0;1685;795;1376;1108;;;;;
2026-05-06;F_TOASO0726;TOASO_07/2026_VIS;D_EQ;SSF;D_EQ_FPD;DE_TOASO_FPD;TOASO.E;2026-07-31;337.75;317.9;6.24;331.7;331.7;338.5;338.5;337.76;743065;0;22;7;50;17;;;;;
2026-05-06;F_TRALT0526;TRALT_05/2026_VIS;D_EQ;SSF;D_EQ_FPD;DE_TRALT_FPD;TRALT.E;2026-05-25;43.15;41.75;3.35;42.4;42.4;44.56;43.26;43.62;1491224527;0;341876;23906;295832;5986;42.4;915840;0;216;27
2026-05-06;F_TRALT0626;TRALT_06/2026_VIS;D_EQ;SSF;D_EQ_FPD;DE_TRALT_FPD;TRALT.E;2026-06-30;44.49;42.92;3.66;43.3;43.3;45.81;44.45;45.01;80278920;0;17807;3045;12304;7220;;;;;
2026-05-06;F_TRALT0726;TRALT_07/2026_VIS;D_EQ;SSF;D_EQ_FPD;DE_TRALT_FPD;TRALT.E;2026-07-31;46.04;43.93;4.8;45;44.89;47;45.92;46.27;1360239;0;294;112;189;66;;;;;
2026-05-06;F_TRMET0526;TRMET_05/2026_VIS;D_EQ;SSF;D_EQ_FPD;DE_TRMET_FPD;TRMET.E;2026-05-25;122.15;120.1;1.71;121.8;119.75;125.35;121.65;123.02;497916295;0;40474;8148;32433;2091;121.8;475020;0;39;9
2026-05-06;F_TRMET0626;TRMET_06/2026_VIS;D_EQ;SSF;D_EQ_FPD;DE_TRMET_FPD;TRMET.E;2026-06-30;126.1;123.35;2.23;125.95;124.25;128.75;126;126.56;64434050;0;5052;369;2715;1930;;;;;
2026-05-06;F_TRMET0726;TRMET_07/2026_VIS;D_EQ;SSF;D_EQ_FPD;DE_TRMET_FPD;TRMET.E;2026-07-31;132.1;126.25;4.63;132.25;132.05;132.25;132.05;132.14;158565;0;12;12;54;-12;;;;;
2026-05-06;F_TRT020926T17_0626;TRT020926T17_06/2026_VIS;D_BO;BOP;D_BO_FPD;DE_TRT020926T17_FPD;TRT020926T17_KESN_T1;2026-06-30;96.611;96.611;0;0;0;0;0;0;0;0;0;0;0;0;;;;;
2026-05-06;F_TRT131130T14_0626;TRT131130T14_06/2026_VIS;D_BO;BOP;D_BO_FPD;DE_TRT131130T14_FPD;TRT131130T14_KESN_T1;2026-06-30;51.835;51.835;0;0;0;0;0;0;0;0;0;0;0;0;;;;;
2026-05-06;F_TRT131130T14_0926;TRT131130T14_09/2026_VIS;D_BO;BOP;D_BO_FPD;DE_TRT131130T14_FPD;TRT131130T14_KESN_T1;2026-09-30;53.186;53.186;0;0;0;0;0;0;0;0;0;0;0;0;;;;;
2026-05-06;F_TSKB0526;TSKB_05/2026_VIS;D_EQ;SSF;D_EQ_FPD;DE_TSKB_FPD;TSKB.E;2026-05-25;12.3;11.98;2.67;12.04;12.04;12.51;12.32;12.28;146914336;0;119623;5291;191456;12087;12.04;6020;0;5;1
2026-05-06;F_TSKB0626;TSKB_06/2026_VIS;D_EQ;SSF;D_EQ_FPD;DE_TSKB_FPD;TSKB.E;2026-06-30;12.64;12.33;2.51;12.38;12.38;12.8;12.62;12.58;5765800;0;4583;196;10411;1741;;;;;
2026-05-06;F_TSKB0726;TSKB_07/2026_VIS;D_EQ;SSF;D_EQ_FPD;DE_TSKB_FPD;TSKB.E;2026-07-31;13.01;12.63;3.01;12.75;12.75;13.13;13.1;13.02;376415;0;289;37;275;225;;;;;
2026-05-06;F_TTKOM0526;TTKOM_05/2026_VIS;D_EQ;SSF;D_EQ_FPD;DE_TTKOM_FPD;TTKOM.E;2026-05-25;67.5;64.23;5.09;64.48;64.48;67.68;67.39;66.15;392164284;0;59258;10136;86408;-5326;;;;;
2026-05-06;F_TTKOM0626;TTKOM_06/2026_VIS;D_EQ;SSF;D_EQ_FPD;DE_TTKOM_FPD;TTKOM.E;2026-06-30;69.2;65.82;5.14;66.48;66.4;69.34;69.34;68.28;39164283;0;5736;1055;4093;3034;;;;;
2026-05-06;F_TTKOM0726;TTKOM_07/2026_VIS;D_EQ;SSF;D_EQ_FPD;DE_TTKOM_FPD;TTKOM.E;2026-07-31;70.4;66.05;6.59;68.99;68.22;71.44;70.54;69.93;895080;0;128;42;107;95;;;;;
2026-05-06;F_TUPRS0526;TUPRS_05/2026_VIS;D_EQ;SSF;D_EQ_FPD;DE_TUPRS_FPD;TUPRS.E;2026-05-25;278.1;277.95;0.05;275;266.35;280.85;277.95;274.73;2845109185;0;103559;23838;109556;-5078;;;;;
2026-05-06;F_TUPRS0626;TUPRS_06/2026_VIS;D_EQ;SSF;D_EQ_FPD;DE_TUPRS_FPD;TUPRS.E;2026-06-30;286.4;286.1;0.1;283.3;274.3;289.25;286;283.12;196794005;0;6951;2301;4652;3352;;;;;
2026-05-06;F_TUPRS0726;TUPRS_07/2026_VIS;D_EQ;SSF;D_EQ_FPD;DE_TUPRS_FPD;TUPRS.E;2026-07-31;290.95;294.75;-1.29;295;283.6;296.4;291.75;291.07;2037480;0;70;61;35;22;;;;;
2026-05-06;F_ULKER0526;ULKER_05/2026_VIS;D_EQ;SSF;D_EQ_FPD;DE_ULKER_FPD;ULKER.E;2026-05-25;132.55;130.95;1.22;130.8;129.7;137.95;132.4;131.43;377742060;0;28742;6776;30997;4539;130.8;130800;0;10;2
2026-05-06;F_ULKER0626;ULKER_06/2026_VIS;D_EQ;SSF;D_EQ_FPD;DE_ULKER_FPD;ULKER.E;2026-06-30;135.8;135.5;0.22;142.75;133.2;142.75;135.55;134.95;24573985;0;1821;632;2976;1023;;;;;
2026-05-06;F_ULKER0726;ULKER_07/2026_VIS;D_EQ;SSF;D_EQ_FPD;DE_ULKER_FPD;ULKER.E;2026-07-31;139.55;136.3;2.38;144.85;136.5;144.85;140.3;139.69;265410;0;19;12;911;10;;;;;
2026-05-06;F_USDTRY0127;USDTRY_01/2027_VIS;D_CR;CRF;D_CR_FUT;DE_USDTRY_FUT;D_USDTRY;2027-01-29;57.202;57.401;-0.35;57.4;57.101;57.4;57.15;57.2022;1430055;0;25;5;1005;3;;;;;
2026-05-06;F_USDTRY0227;USDTRY_02/2027_VIS;D_CR;CRF;D_CR_FUT;DE_USDTRY_FUT;D_USDTRY;2027-02-26;58.715;58.897;-0.31;58.849;58.59;58.849;58.59;58.7146;704575;0;12;10;598;0;;;;;
2026-05-06;F_USDTRY0327;USDTRY_03/2027_VIS;D_CR;CRF;D_CR_FUT;DE_USDTRY_FUT;D_USDTRY;2027-03-31;59.935;60.247;-0.52;59.834;59.834;60.2;60;59.9349;1857981;0;31;9;4430;2;;;;;
2026-05-06;F_USDTRY0427;USDTRY_04/2027_VIS;D_CR;CRF;D_CR_FUT;DE_USDTRY_FUT;D_USDTRY;2027-04-30;61.427;61.725;-0.48;61.4;61.35;61.68;61.4;61.6361;36180417;0;587;55;2543;-65;;;;;
2026-05-06;F_USDTRY0526;USDTRY_05/2026_VIS;D_CR;CRF;D_CR_FUT;DE_USDTRY_FUT;D_USDTRY;2026-05-25;45.95;46;-0.11;45.98;45.944;45.984;45.95;45.9654;17669472267;0;384408;38253;1830594;322397;45.98;183920;0;4;4
2026-05-06;F_USDTRY0527;USDTRY_05/2027_VIS;D_CR;CRF;D_CR_FUT;DE_USDTRY_FUT;D_USDTRY;2027-05-31;62.707;63.014;-0.49;62.707;62.707;62.707;62.707;62.707;2257452;0;36;6;807;0;;;;;
2026-05-06;F_USDTRY0626;USDTRY_06/2026_VIS;D_CR;CRF;D_CR_FUT;DE_USDTRY_FUT;D_USDTRY;2026-06-30;47.474;47.559;-0.18;47.55;47.451;47.551;47.473;47.4855;11741223017;0;247259;8586;813463;117318;47.55;95100;0;2;2
2026-05-06;F_USDTRY0627;USDTRY_06/2027_VIS;D_CR;CRF;D_CR_FUT;DE_USDTRY_FUT;D_USDTRY;2027-06-30;64;64.228;-0.35;64;64;64;64;64;1280000;0;20;4;933;1;;;;;
2026-05-06;F_USDTRY0726;USDTRY_07/2026_VIS;D_CR;CRF;D_CR_FUT;DE_USDTRY_FUT;D_USDTRY;2026-07-31;48.823;48.96;-0.28;48.851;48.75;48.939;48.823;48.8286;306692272;0;6281;226;47647;1087;;;;;
2026-05-06;F_USDTRY0727;USDTRY_07/2027_VIS;D_CR;CRF;D_CR_FUT;DE_USDTRY_FUT;D_USDTRY;2027-07-30;65.206;65.517;-0.47;65.218;65.2;65.218;65.2;65.206;195618;0;3;3;458;2;;;;;
2026-05-06;F_USDTRY0826;USDTRY_08/2026_VIS;D_CR;CRF;D_CR_FUT;DE_USDTRY_FUT;D_USDTRY;2026-08-31;50.186;50.36;-0.35;50.403;50.14;50.403;50.179;50.1919;84422776;0;1682;145;53498;600;;;;;
2026-05-06;F_USDTRY0827;USDTRY_08/2027_VIS;D_CR;CRF;D_CR_FUT;DE_USDTRY_FUT;D_USDTRY;2027-08-31;66.301;66.301;0;0;0;0;0;0;0;0;0;0;1;0;;;;;
2026-05-06;F_USDTRY0926;USDTRY_09/2026_VIS;D_CR;CRF;D_CR_FUT;DE_USDTRY_FUT;D_USDTRY;2026-09-30;51.566;51.778;-0.41;51.748;51.551;51.749;51.551;51.6198;26377729;0;511;87;10855;-124;;;;;
2026-05-06;F_USDTRY1026;USDTRY_10/2026_VIS;D_CR;CRF;D_CR_FUT;DE_USDTRY_FUT;D_USDTRY;2026-10-30;52.912;53.206;-0.55;53.18;52.821;53.191;52.917;52.9343;42400386;0;801;113;2944;277;;;;;
2026-05-06;F_USDTRY1126;USDTRY_11/2026_VIS;D_CR;CRF;D_CR_FUT;DE_USDTRY_FUT;D_USDTRY;2026-11-30;54.382;54.668;-0.52;54.661;54.354;54.784;54.39;54.5335;5344285;0;98;46;1386;10;;;;;
2026-05-06;F_USDTRY1226;USDTRY_12/2026_VIS;D_CR;CRF;D_CR_FUT;DE_USDTRY_FUT;D_USDTRY;2026-12-31;55.846;56.066;-0.39;56.08;55.706;56.102;55.777;55.8531;946653450;0;16949;706;748826;-3693;;;;;
2026-05-06;F_VAKBN0526;VAKBN_05/2026_VIS;D_EQ;SSF;D_EQ_FPD;DE_VAKBN_FPD;VAKBN.E;2026-05-25;32.29;31.65;2.02;32;31.96;32.9;32.3;32.42;908135636;0;280146;20152;218474;61844;32;268800;0;84;9
2026-05-06;F_VAKBN0626;VAKBN_06/2026_VIS;D_EQ;SSF;D_EQ_FPD;DE_VAKBN_FPD;VAKBN.E;2026-06-30;33.18;32.48;2.16;33.1;32.84;33.81;33.18;33.28;46437062;0;13953;1521;9325;5260;;;;;
2026-05-06;F_VAKBN0726;VAKBN_07/2026_VIS;D_EQ;SSF;D_EQ_FPD;DE_VAKBN_FPD;VAKBN.E;2026-07-31;34.1;33.29;2.43;34.17;33.84;34.77;34.1;34.26;195266;0;57;32;52;-16;34.17;3417;0;1;1
2026-05-06;F_VESTL0526;VESTL_05/2026_VIS;D_EQ;SSF;D_EQ_FPD;DE_VESTL_FPD;VESTL.E;2026-05-25;29.06;28.52;1.89;28.6;28.6;29.28;29.07;29;66317152;0;22865;3822;82617;695;28.6;5720;0;2;2
2026-05-06;F_VESTL0626;VESTL_06/2026_VIS;D_EQ;SSF;D_EQ_FPD;DE_VESTL_FPD;VESTL.E;2026-06-30;29.89;29.33;1.91;29.47;29.47;30.05;29.8;29.83;1688403;0;566;108;2739;188;;;;;
2026-05-06;F_VESTL0726;VESTL_07/2026_VIS;D_EQ;SSF;D_EQ_FPD;DE_VESTL_FPD;VESTL.E;2026-07-31;30.55;29.86;2.31;30.49;30.49;30.62;30.62;30.55;45832;0;15;10;22;2;;;;;
2026-05-06;F_X10XB0626;BIST BDLKT10_06/2026_VIS;D_IX;INF;D_IX_FUT;DE_BISTBDLIKIT10_FUT;D_X10XBD;2026-06-30;20663;20058;3.02;20286;20286;20811;20586;20529.94;13755060;0;67;20;64;4;;;;;
2026-05-06;F_X10XB0826;BIST BDLKT10_08/2026_VIS;D_IX;INF;D_IX_FUT;DE_BISTBDLIKIT10_FUT;D_X10XBD;2026-08-31;21819;21084;3.49;21868;21771;21868;21792;21818.7;2181870;0;10;8;8;-4;;;;;
2026-05-06;F_X10XB1026;BIST BDLKT10_10/2026_VIS;D_IX;INF;D_IX_FUT;DE_BISTBDLIKIT10_FUT;D_X10XBD;2026-10-30;22935;21903;4.71;23022;22802;23022;22950;22950.71;3213100;0;14;12;6;6;;;;;
2026-05-06;F_X10XB1226;BIST BDLKT10_12/2026_VIS;D_IX;INF;D_IX_FUT;DE_BISTBDLIKIT10_FUT;D_X10XBD;2026-12-31;23701;22805;3.93;0;0;0;0;0;0;0;0;0;4;0;;;;;
2026-05-06;F_XAGUSD0626;ONS GUMUS_06/2026_VIS;D_PM;PMFU;D_PM_FUT;DE_XAGUSD_FUT;D_XAGUSD;2026-06-30;78.31;74.68;4.86;76.66;76.54;78.69;78.23;77.705;2894972868.25453;0;82545;12300;171726;-5653;76.66;22766568.21292;0;658;61
2026-05-06;F_XAGUSD0826;ONS GUMUS_08/2026_VIS;D_PM;PMFU;D_PM_FUT;DE_XAGUSD_FUT;D_XAGUSD;2026-08-31;79.34;75.66;4.86;77.67;77.61;79.7;79.37;78.689;151508237.71468;0;4266;893;8285;-200;77.67;350555.0013;0;10;6
2026-05-06;F_XAGUSD1026;ONS GUMUS_10/2026_VIS;D_PM;PMFU;D_PM_FUT;DE_XAGUSD_FUT;D_XAGUSD;2026-10-30;80.38;76.82;4.63;78.4;78.4;80.75;80.4;79.579;4381883.35557;0;122;71;289;26;78.4;353849.776;0;10;2
2026-05-06;F_XAUTRYM0626;GR ALTIN_06/2026_VIS;D_PM;PMF;D_PM_FUT;DE_XAUTRY_FUT;D_XAUTRY;2026-06-30;7251;7078.4;2.44;7180.2;7180.2;7279.1;7270;7231.87;951902463.7;0;131626;6963;917012;14339;7180.2;854443.8;0;119;50
2026-05-06;F_XAUTRYM0826;GR ALTIN_08/2026_VIS;D_PM;PMF;D_PM_FUT;DE_XAUTRY_FUT;D_XAUTRY;2026-08-31;7784.7;7602;2.4;7700;7700;7810;7784.8;7763.96;36940925.2;0;4758;858;97721;223;7700;492800;0;64;28
2026-05-06;F_XAUTRYM1026;GR ALTIN_10/2026_VIS;D_PM;PMF;D_PM_FUT;DE_XAUTRY_FUT;D_XAUTRY;2026-10-30;8339.4;8149;2.34;8257.3;8252.7;8359.6;8333.9;8331.61;27994201.6;0;3360;124;3432;3133;8257.3;8257.3;0;1;1
2026-05-06;F_XAUUSD0626;ONS ALTIN_06/2026_VIS;D_PM;PMFU;D_PM_FUT;DE_XAUUSD_FUT;D_XAUUSD;2026-06-30;4750.3;4629.1;2.62;4703.8;4703.8;4770.8;4748.9;4740.78;8581651532.96136;0;40107;9780;95754;4017;4703.8;4670618.45404;0;22;17
2026-05-06;F_XAUUSD0826;ONS ALTIN_08/2026_VIS;D_PM;PMFU;D_PM_FUT;DE_XAUUSD_FUT;D_XAUUSD;2026-08-31;4820.7;4699.8;2.57;4770.7;4730.7;4842.1;4817.1;4806.1;1045291311.89014;0;4819;1659;11139;2092;;;;;
2026-05-06;F_XAUUSD1026;ONS ALTIN_10/2026_VIS;D_PM;PMFU;D_PM_FUT;DE_XAUUSD_FUT;D_XAUUSD;2026-10-30;4877.2;4743.6;2.82;4840.4;4840.4;4902.1;4901;4876.28;16286319.57855;0;74;46;182;27;;;;;
2026-05-06;F_XCUUSD0626;TON BAKIR_06/2026_VIS;D_MT;MTF;D_MT_FUT;DE_XCUUSD_FUT;D_XCUUSD;2026-06-30;13729;13488.5;1.78;13666;13500;14040;13899.5;13734.47;991824.222585;0;16;16;134;-5;;;;;
2026-05-06;F_XCUUSD0826;TON BAKIR_08/2026_VIS;D_MT;MTF;D_MT_FUT;DE_XCUUSD_FUT;D_XCUUSD;2026-08-31;14043.5;13715.5;2.39;14200;13930.5;14200;13930.5;14043.5;190151.377395;0;3;3;52;0;;;;;
2026-05-06;F_XCUUSD1026;TON BAKIR_10/2026_VIS;D_MT;MTF;D_MT_FUT;DE_XCUUSD_FUT;D_XCUUSD;2026-10-30;14390;14390;0;0;0;0;0;0;0;0;0;0;0;0;;;;;
2026-05-06;F_XLBNK0626;BIST L.BANKA_06/2026_VIS;D_IX;INF;D_IX_FUT;DE_BISTLBANKA_FUT;D_XLBNKD;2026-06-30;16119;15445;4.36;15650;15607;16373;16111;15997.66;1069923290;0;6688;3115;5923;-481;15650;469500;0;3;3
2026-05-06;F_XLBNK0826;BIST L.BANKA_08/2026_VIS;D_IX;INF;D_IX_FUT;DE_BISTLBANKA_FUT;D_XLBNKD;2026-08-31;17074;16300;4.75;16741;16672;17365;17047;16997.64;16317730;0;96;62;623;17;;;;;
2026-05-06;F_XLBNK1026;BIST L.BANKA_10/2026_VIS;D_IX;INF;D_IX_FUT;DE_BISTLBANKA_FUT;D_XLBNKD;2026-10-30;17923;17160;4.45;17824;17700;18095;18025;17922.86;1254600;0;7;7;7;4;;;;;
2026-05-06;F_XLBNK1226;BIST L.BANKA_12/2026_VIS;D_IX;INF;D_IX_FUT;DE_BISTLBANKA_FUT;D_XLBNKD;2026-12-31;19358;18308;5.74;18748;18748;19800;19489;19358.33;1742250;0;9;9;46;-1;;;;;
2026-05-06;F_XPDUSD0626;ONS PALADYUM_06/2026_VIS;D_PM;PMFU;D_PM_FUT;DE_XPDUSD_FUT;D_XPDUSD;2026-06-30;1572.8;1530.6;2.76;1590;1540.3;1590;1573.9;1569.67;10697627.95122;0;151;52;383;-57;;;;;
2026-05-06;F_XPDUSD0826;ONS PALADYUM_08/2026_VIS;D_PM;PMFU;D_PM_FUT;DE_XPDUSD_FUT;D_XPDUSD;2026-08-31;1616.8;1585.1;2;1616.8;1616.8;1616.8;1616.8;1616.8;72972.48952;0;1;1;33;1;;;;;
2026-05-06;F_XPDUSD1026;ONS PALADYUM_10/2026_VIS;D_PM;PMFU;D_PM_FUT;DE_XPDUSD_FUT;D_XPDUSD;2026-10-30;1642.1;1642.1;0;0;0;0;0;0;0;0;0;0;0;0;;;;;
2026-05-06;F_XPTUSD0626;ONS PLATIN_06/2026_VIS;D_PM;PMFU;D_PM_FUT;DE_XPTUSD_FUT;D_XPTUSD;2026-06-30;2064.8;2005.7;2.95;2067.8;2023.6;2080.6;2076.7;2046.53;15887281.74187;0;172;67;862;-26;;;;;
2026-05-06;F_XPTUSD0826;ONS PLATIN_08/2026_VIS;D_PM;PMFU;D_PM_FUT;DE_XPTUSD_FUT;D_XPTUSD;2026-08-31;2096.2;2058.7;1.82;2096;2096;2096.5;2096;2096.23;378443.23811;0;4;4;64;3;;;;;
2026-05-06;F_XPTUSD1026;ONS PLATIN_10/2026_VIS;D_PM;PMFU;D_PM_FUT;DE_XPTUSD_FUT;D_XPTUSD;2026-10-30;2147.8;2019.2;6.37;0;0;0;0;0;0;0;0;0;0;0;;;;;
2026-05-06;F_XSD250626;BIST XSD25_06/2026_VIS;D_IX;INF;D_IX_FUT;DE_BISTSUR25_FUT;D_XSD25D;2026-06-30;19290;18055;6.84;19400;19180;19400;19180;19290;385800;0;2;2;26;0;;;;;
2026-05-06;F_XSD250826;BIST XSD25_08/2026_VIS;D_IX;INF;D_IX_FUT;DE_BISTSUR25_FUT;D_XSD25D;2026-08-31;19816;19816;0;0;0;0;0;0;0;0;0;0;0;0;;;;;
2026-05-06;F_XSD251026;BIST XSD25_10/2026_VIS;D_IX;INF;D_IX_FUT;DE_BISTSUR25_FUT;D_XSD25D;2026-10-30;20405;20405;0;0;0;0;0;0;0;0;0;0;0;0;;;;;
2026-05-06;F_XSD251226;BIST XSD25_12/2026_VIS;D_IX;INF;D_IX_FUT;DE_BISTSUR25_FUT;D_XSD25D;2026-12-31;21773;21773;0;0;0;0;0;0;0;0;0;0;0;0;;;;;
2026-05-06;F_XU0300626;BIST 30_06/2026_VIS;D_IX;INF;D_IX_FUT;DE_BIST30_FUT;D_XU030D;2026-06-30;17971;17380;3.4;17519;17512;18219;17951;17944.28;77769886790;0;433414;135374;419339;4685;17519;117202110;0;669;200
2026-05-06;F_XU0300826;BIST 30_08/2026_VIS;D_IX;INF;D_IX_FUT;DE_BIST30_FUT;D_XU030D;2026-08-31;18916;18317;3.27;18499;18482;19172;18910;18856.15;737537360;0;3911;2490;7747;1188;18499;1479920;0;8;5
2026-05-06;F_XU0301026;BIST 30_10/2026_VIS;D_IX;INF;D_IX_FUT;DE_BIST30_FUT;D_XU030D;2026-10-30;19781;19077;3.69;19275;19275;19976;19732;19746.44;15994620;0;81;74;78;45;;;;;
2026-05-06;F_XU0301226;BIST 30_12/2026_VIS;D_IX;INF;D_IX_FUT;DE_BIST30_FUT;D_XU030D;2026-12-31;20463;19842;3.13;19950;19950;20730;20421;20322.2;39425060;0;194;163;1059;56;;;;;
2026-05-06;F_YKBNK0526;YKBNK_05/2026_VIS;D_EQ;SSF;D_EQ_FPD;DE_YKBNK_FPD;YKBNK.E;2026-05-25;38.73;36.96;4.79;37.45;37.26;39.84;38.68;38.54;4750187243;0;1232588;50608;868083;82126;37.45;726530;0;194;24
2026-05-06;F_YKBNK0626;YKBNK_06/2026_VIS;D_EQ;SSF;D_EQ_FPD;DE_YKBNK_FPD;YKBNK.E;2026-06-30;39.86;38.07;4.7;38.73;38.35;40.97;39.82;39.7;207216901;0;52026;2855;33450;18529;;;;;
2026-05-06;F_YKBNK0726;YKBNK_07/2026_VIS;D_EQ;SSF;D_EQ_FPD;DE_YKBNK_FPD;YKBNK.E;2026-07-31;41.78;39.2;6.58;39.96;39.74;42;41.03;40.99;987905;0;241;58;226;186;;;;;
2026-05-06;O_AKBNKE0526C100.00;AKBNK_05/2026_AVRUPA_OPSIYON;D_EQ;SSO;D_EQ_ECP;DE_AKBNK_ECP;AKBNK.E;2026-05-25;0.01;0.01;0;0;0;0;0;0;0;0;0;0;1;0;;;;;
2026-05-06;O_AKBNKE0526C105.00;AKBNK_05/2026_AVRUPA_OPSIYON;D_EQ;SSO;D_EQ_ECP;DE_AKBNK_ECP;AKBNK.E;2026-05-25;0.01;0.01;0;0;0;0;0;0;0;0;0;0;0;0;;;;;
2026-05-06;O_AKBNKE0526C110.00;AKBNK_05/2026_AVRUPA_OPSIYON;D_EQ;SSO;D_EQ_ECP;DE_AKBNK_ECP;AKBNK.E;2026-05-25;0.01;0.01;0;0;0;0;0;0;0;0;0;0;0;0;;;;;
2026-05-06;O_AKBNKE0526C115.00;AKBNK_05/2026_AVRUPA_OPSIYON;D_EQ;SSO;D_EQ_ECP;DE_AKBNK_ECP;AKBNK.E;2026-05-25;0.01;0.01;0;0;0;0;0;0;0;0;0;0;0;0;;;;;
2026-05-06;O_AKBNKE0526C120.00;AKBNK_05/2026_AVRUPA_OPSIYON;D_EQ;SSO;D_EQ_ECP;DE_AKBNK_ECP;AKBNK.E;2026-05-25;0.01;0.01;0;0;0;0;0;0;0;0;0;0;0;0;;;;;
2026-05-06;O_AKBNKE0526C125.00;AKBNK_05/2026_AVRUPA_OPSIYON;D_EQ;SSO;D_EQ_ECP;DE_AKBNK_ECP;AKBNK.E;2026-05-25;0.01;0.01;0;0;0;0;0;0;0;0;0;0;0;0;;;;;
2026-05-06;O_AKBNKE0526C66.00;AKBNK_05/2026_AVRUPA_OPSIYON;D_EQ;SSO;D_EQ_ECP;DE_AKBNK_ECP;AKBNK.E;2026-05-25;9.82;6.61;48.56;0;0;0;0;0;0;0;0;0;0;0;;;;;
2026-05-06;O_AKBNKE0526C68.00;AKBNK_05/2026_AVRUPA_OPSIYON;D_EQ;SSO;D_EQ_ECP;DE_AKBNK_ECP;AKBNK.E;2026-05-25;8.04;5.06;58.89;0;0;0;0;0;0;0;0;0;0;0;;;;;
2026-05-06;O_AKBNKE0526C70.00;AKBNK_05/2026_AVRUPA_OPSIYON;D_EQ;SSO;D_EQ_ECP;DE_AKBNK_ECP;AKBNK.E;2026-05-25;6.37;3.73;70.78;0;0;0;0;0;0;0;0;0;0;0;;;;;
2026-05-06;O_AKBNKE0526C72.00;AKBNK_05/2026_AVRUPA_OPSIYON;D_EQ;SSO;D_EQ_ECP;DE_AKBNK_ECP;AKBNK.E;2026-05-25;4.87;2.64;84.47;0;0;0;0;0;0;0;0;0;0;0;;;;;
2026-05-06;O_AKBNKE0526C74.00;AKBNK_05/2026_AVRUPA_OPSIYON;D_EQ;SSO;D_EQ_ECP;DE_AKBNK_ECP;AKBNK.E;2026-05-25;3.59;1.8;99.44;0;0;0;0;0;0;0;0;0;183;0;;;;;
2026-05-06;O_AKBNKE0526C76.00;AKBNK_05/2026_AVRUPA_OPSIYON;D_EQ;SSO;D_EQ_ECP;DE_AKBNK_ECP;AKBNK.E;2026-05-25;2.54;1.18;115.25;2;2;2.59;2.59;2;15253200;401813;2007;14;2507;7;;;;;
2026-05-06;O_AKBNKE0526C78.00;AKBNK_05/2026_AVRUPA_OPSIYON;D_EQ;SSO;D_EQ_ECP;DE_AKBNK_ECP;AKBNK.E;2026-05-25;1.74;0.76;128.95;0;0;0;0;0;0;0;0;0;1536;0;;;;;
2026-05-06;O_AKBNKE0526C80.00;AKBNK_05/2026_AVRUPA_OPSIYON;D_EQ;SSO;D_EQ_ECP;DE_AKBNK_ECP;AKBNK.E;2026-05-25;1.15;0.48;139.58;0.86;0.86;0.86;0.86;0.86;160000;1720;20;1;1000;0;;;;;
2026-05-06;O_AKBNKE0526C82.00;AKBNK_05/2026_AVRUPA_OPSIYON;D_EQ;SSO;D_EQ_ECP;DE_AKBNK_ECP;AKBNK.E;2026-05-25;0.74;0.29;155.17;0.46;0.46;0.62;0.61;0.55;8200000;55200;1000;7;1975;600;;;;;
2026-05-06;O_AKBNKE0526C84.00;AKBNK_05/2026_AVRUPA_OPSIYON;D_EQ;SSO;D_EQ_ECP;DE_AKBNK_ECP;AKBNK.E;2026-05-25;0.47;0.17;176.47;0;0;0;0;0;0;0;0;0;1801;0;;;;;
2026-05-06;O_AKBNKE0526C86.00;AKBNK_05/2026_AVRUPA_OPSIYON;D_EQ;SSO;D_EQ_ECP;DE_AKBNK_ECP;AKBNK.E;2026-05-25;0.29;0.1;190;0;0;0;0;0;0;0;0;0;983;0;;;;;
2026-05-06;O_AKBNKE0526C88.00;AKBNK_05/2026_AVRUPA_OPSIYON;D_EQ;SSO;D_EQ_ECP;DE_AKBNK_ECP;AKBNK.E;2026-05-25;0.18;0.06;200;0;0;0;0;0;0;0;0;0;450;0;;;;;
2026-05-06;O_AKBNKE0526C90.00;AKBNK_05/2026_AVRUPA_OPSIYON;D_EQ;SSO;D_EQ_ECP;DE_AKBNK_ECP;AKBNK.E;2026-05-25;0.11;0.03;266.67;0;0;0;0;0;0;0;0;0;550;0;;;;;
2026-05-06;O_AKBNKE0526C92.00;AKBNK_05/2026_AVRUPA_OPSIYON;D_EQ;SSO;D_EQ_ECP;DE_AKBNK_ECP;AKBNK.E;2026-05-25;0.06;0.02;200;0;0;0;0;0;0;0;0;0;1907;0;;;;;
2026-05-06;O_AKBNKE0526C94.00;AKBNK_05/2026_AVRUPA_OPSIYON;D_EQ;SSO;D_EQ_ECP;DE_AKBNK_ECP;AKBNK.E;2026-05-25;0.04;0.01;300;0;0;0;0;0;0;0;0;0;0;0;;;;;
2026-05-06;O_AKBNKE0526C96.00;AKBNK_05/2026_AVRUPA_OPSIYON;D_EQ;SSO;D_EQ_ECP;DE_AKBNK_ECP;AKBNK.E;2026-05-25;0.02;0.01;100;0;0;0;0;0;0;0;0;0;1;0;;;;;
2026-05-06;O_AKBNKE0526C98.00;AKBNK_05/2026_AVRUPA_OPSIYON;D_EQ;SSO;D_EQ_ECP;DE_AKBNK_ECP;AKBNK.E;2026-05-25;0.01;0.01;0;0;0;0;0;0;0;0;0;0;0;0;;;;;
2026-05-06;O_AKBNKE0526P100.00;AKBNK_05/2026_AVRUPA_OPSIYON;D_EQ;SSO;D_EQ_EPP;DE_AKBNK_EPP;AKBNK.E;2026-05-25;23.7;27.24;-13;0;0;0;0;0;0;0;0;0;0;0;;;;;
2026-05-06;O_AKBNKE0526P56.00;AKBNK_05/2026_AVRUPA_OPSIYON;D_EQ;SSO;D_EQ_EPP;DE_AKBNK_EPP;AKBNK.E;2026-05-25;0.01;0.01;0;0;0;0;0;0;0;0;0;0;0;0;;;;;
2026-05-06;O_AKBNKE0526P58.00;AKBNK_05/2026_AVRUPA_OPSIYON;D_EQ;SSO;D_EQ_EPP;DE_AKBNK_EPP;AKBNK.E;2026-05-25;0.01;0.02;-50;0;0;0;0;0;0;0;0;0;0;0;;;;;
2026-05-06;O_AKBNKE0526P60.00;AKBNK_05/2026_AVRUPA_OPSIYON;D_EQ;SSO;D_EQ_EPP;DE_AKBNK_EPP;AKBNK.E;2026-05-25;0.01;0.06;-83.33;0;0;0;0;0;0;0;0;0;0;0;;;;;
2026-05-06;O_AKBNKE0526P62.00;AKBNK_05/2026_AVRUPA_OPSIYON;D_EQ;SSO;D_EQ_EPP;DE_AKBNK_EPP;AKBNK.E;2026-05-25;0.04;0.14;-71.43;0;0;0;0;0;0;0;0;0;0;0;;;;;
2026-05-06;O_AKBNKE0526P64.00;AKBNK_05/2026_AVRUPA_OPSIYON;D_EQ;SSO;D_EQ_EPP;DE_AKBNK_EPP;AKBNK.E;2026-05-25;0.08;0.29;-72.41;0;0;0;0;0;0;0;0;0;0;0;;;;;
2026-05-06;O_AKBNKE0526P66.00;AKBNK_05/2026_AVRUPA_OPSIYON;D_EQ;SSO;D_EQ_EPP;DE_AKBNK_EPP;AKBNK.E;2026-05-25;0.18;0.55;-67.27;0;0;0;0;0;0;0;0;0;0;0;;;;;
2026-05-06;O_AKBNKE0526P68.00;AKBNK_05/2026_AVRUPA_OPSIYON;D_EQ;SSO;D_EQ_EPP;DE_AKBNK_EPP;AKBNK.E;2026-05-25;0.36;0.96;-62.5;0;0;0;0;0;0;0;0;0;0;0;;;;;
2026-05-06;O_AKBNKE0526P70.00;AKBNK_05/2026_AVRUPA_OPSIYON;D_EQ;SSO;D_EQ_EPP;DE_AKBNK_EPP;AKBNK.E;2026-05-25;0.65;1.59;-59.12;0;0;0;0;0;0;0;0;0;500;0;;;;;
2026-05-06;O_AKBNKE0526P72.00;AKBNK_05/2026_AVRUPA_OPSIYON;D_EQ;SSO;D_EQ_EPP;DE_AKBNK_EPP;AKBNK.E;2026-05-25;1.11;2.46;-54.88;0.92;0.92;0.92;0.92;0.92;108000;1380;15;1;3260;0;;;;;
2026-05-06;O_AKBNKE0526P74.00;AKBNK_05/2026_AVRUPA_OPSIYON;D_EQ;SSO;D_EQ_EPP;DE_AKBNK_EPP;AKBNK.E;2026-05-25;1.79;3.57;-49.86;1.39;1.1;1.39;1.1;1.26;2220000;37900;300;3;1400;300;;;;;
2026-05-06;O_AKBNKE0526P76.00;AKBNK_05/2026_AVRUPA_OPSIYON;D_EQ;SSO;D_EQ_EPP;DE_AKBNK_EPP;AKBNK.E;2026-05-25;2.71;4.92;-44.92;0;0;0;0;0;0;0;0;0;200;0;;;;;
2026-05-06;O_AKBNKE0526P78.00;AKBNK_05/2026_AVRUPA_OPSIYON;D_EQ;SSO;D_EQ_EPP;DE_AKBNK_EPP;AKBNK.E;2026-05-25;3.86;6.45;-40.16;3.15;3.08;3.15;3.08;3.11;5132400;204919;658;6;958;357;;;;;
2026-05-06;O_AKBNKE0526P80.00;AKBNK_05/2026_AVRUPA_OPSIYON;D_EQ;SSO;D_EQ_EPP;DE_AKBNK_EPP;AKBNK.E;2026-05-25;5.23;8.13;-35.67;0;0;0;0;0;0;0;0;0;150;0;;;;;
2026-05-06;O_AKBNKE0526P82.00;AKBNK_05/2026_AVRUPA_OPSIYON;D_EQ;SSO;D_EQ_EPP;DE_AKBNK_EPP;AKBNK.E;2026-05-25;6.79;9.9;-31.41;0;0;0;0;0;0;0;0;0;843;0;;;;;
2026-05-06;O_AKBNKE0526P84.00;AKBNK_05/2026_AVRUPA_OPSIYON;D_EQ;SSO;D_EQ_EPP;DE_AKBNK_EPP;AKBNK.E;2026-05-25;8.47;11.74;-27.85;0;0;0;0;0;0;0;0;0;565;0;;;;;
2026-05-06;O_AKBNKE0526P86.00;AKBNK_05/2026_AVRUPA_OPSIYON;D_EQ;SSO;D_EQ_EPP;DE_AKBNK_EPP;AKBNK.E;2026-05-25;10.26;13.63;-24.72;0;0;0;0;0;0;0;0;0;1000;0;;;;;
2026-05-06;O_AKBNKE0526P88.00;AKBNK_05/2026_AVRUPA_OPSIYON;D_EQ;SSO;D_EQ_EPP;DE_AKBNK_EPP;AKBNK.E;2026-05-25;12.1;15.55;-22.19;0;0;0;0;0;0;0;0;0;517;0;;;;;
2026-05-06;O_AKBNKE0526P90.00;AKBNK_05/2026_AVRUPA_OPSIYON;D_EQ;SSO;D_EQ_EPP;DE_AKBNK_EPP;AKBNK.E;2026-05-25;13.99;17.48;-19.97;0;0;0;0;0;0;0;0;0;0;0;;;;;
2026-05-06;O_AKBNKE0526P92.00;AKBNK_05/2026_AVRUPA_OPSIYON;D_EQ;SSO;D_EQ_EPP;DE_AKBNK_EPP;AKBNK.E;2026-05-25;15.91;19.42;-18.07;0;0;0;0;0;0;0;0;0;0;0;;;;;
2026-05-06;O_AKBNKE0526P94.00;AKBNK_05/2026_AVRUPA_OPSIYON;D_EQ;SSO;D_EQ_EPP;DE_AKBNK_EPP;AKBNK.E;2026-05-25;17.85;21.37;-16.47;0;0;0;0;0;0;0;0;0;0;0;;;;;
2026-05-06;O_AKBNKE0526P96.00;AKBNK_05/2026_AVRUPA_OPSIYON;D_EQ;SSO;D_EQ_EPP;DE_AKBNK_EPP;AKBNK.E;2026-05-25;19.79;23.33;-15.17;0;0;0;0;0;0;0;0;0;0;0;;;;;
2026-05-06;O_AKBNKE0526P98.00;AKBNK_05/2026_AVRUPA_OPSIYON;D_EQ;SSO;D_EQ_EPP;DE_AKBNK_EPP;AKBNK.E;2026-05-25;21.74;25.28;-14;0;0;0;0;0;0;0;0;0;0;0;;;;;
2026-05-06;O_AKBNKE0626C100.00;AKBNK_06/2026_AVRUPA_OPSIYON;D_EQ;SSO;D_EQ_ECP;DE_AKBNK_ECP;AKBNK.E;2026-06-30;0.48;0.27;77.78;0;0;0;0;0;0;0;0;0;0;0;;;;;
2026-05-06;O_AKBNKE0626C105.00;AKBNK_06/2026_AVRUPA_OPSIYON;D_EQ;SSO;D_EQ_ECP;DE_AKBNK_ECP;AKBNK.E;2026-06-30;0.28;0.16;75;0;0;0;0;0;0;0;0;0;0;0;;;;;
2026-05-06;O_AKBNKE0626C70.00;AKBNK_06/2026_AVRUPA_OPSIYON;D_EQ;SSO;D_EQ_ECP;DE_AKBNK_ECP;AKBNK.E;2026-06-30;9.63;6.89;39.77;0;0;0;0;0;0;0;0;0;0;0;;;;;
2026-05-06;O_AKBNKE0626C72.00;AKBNK_06/2026_AVRUPA_OPSIYON;D_EQ;SSO;D_EQ_ECP;DE_AKBNK_ECP;AKBNK.E;2026-06-30;8.23;5.73;43.63;0;0;0;0;0;0;0;0;0;50;0;;;;;
2026-05-06;O_AKBNKE0626C74.00;AKBNK_06/2026_AVRUPA_OPSIYON;D_EQ;SSO;D_EQ_ECP;DE_AKBNK_ECP;AKBNK.E;2026-06-30;6.93;4.7;47.45;0;0;0;0;0;0;0;0;0;0;0;;;;;
2026-05-06;O_AKBNKE0626C76.00;AKBNK_06/2026_AVRUPA_OPSIYON;D_EQ;SSO;D_EQ_ECP;DE_AKBNK_ECP;AKBNK.E;2026-06-30;5.8;3.83;51.44;0;0;0;0;0;0;0;0;0;4;0;;;;;
2026-05-06;O_AKBNKE0626C78.00;AKBNK_06/2026_AVRUPA_OPSIYON;D_EQ;SSO;D_EQ_ECP;DE_AKBNK_ECP;AKBNK.E;2026-06-30;4.79;3.09;55.02;0;0;0;0;0;0;0;0;0;0;0;;;;;
2026-05-06;O_AKBNKE0626C80.00;AKBNK_06/2026_AVRUPA_OPSIYON;D_EQ;SSO;D_EQ_ECP;DE_AKBNK_ECP;AKBNK.E;2026-06-30;3.93;2.5;57.2;0;0;0;0;0;0;0;0;0;0;0;;;;;
2026-05-06;O_AKBNKE0626C82.00;AKBNK_06/2026_AVRUPA_OPSIYON;D_EQ;SSO;D_EQ_ECP;DE_AKBNK_ECP;AKBNK.E;2026-06-30;3.2;2.02;58.42;0;0;0;0;0;0;0;0;0;0;0;;;;;
2026-05-06;O_AKBNKE0626C84.00;AKBNK_06/2026_AVRUPA_OPSIYON;D_EQ;SSO;D_EQ_ECP;DE_AKBNK_ECP;AKBNK.E;2026-06-30;2.62;1.62;61.73;2.54;2.54;2.54;2.54;2.54;84000;2540;10;1;10;10;;;;;
2026-05-06;O_AKBNKE0626C86.00;AKBNK_06/2026_AVRUPA_OPSIYON;D_EQ;SSO;D_EQ_ECP;DE_AKBNK_ECP;AKBNK.E;2026-06-30;2.13;1.3;63.85;0;0;0;0;0;0;0;0;0;0;0;;;;;
2026-05-06;O_AKBNKE0626C88.00;AKBNK_06/2026_AVRUPA_OPSIYON;D_EQ;SSO;D_EQ_ECP;DE_AKBNK_ECP;AKBNK.E;2026-06-30;1.73;1.04;66.35;0;0;0;0;0;0;0;0;0;0;0;;;;;
2026-05-06;O_AKBNKE0626C90.00;AKBNK_06/2026_AVRUPA_OPSIYON;D_EQ;SSO;D_EQ_ECP;DE_AKBNK_ECP;AKBNK.E;2026-06-30;1.4;0.83;68.67;0;0;0;0;0;0;0;0;0;306;0;;;;;
2026-05-06;O_AKBNKE0626C92.00;AKBNK_06/2026_AVRUPA_OPSIYON;D_EQ;SSO;D_EQ_ECP;DE_AKBNK_ECP;AKBNK.E;2026-06-30;1.13;0.66;71.21;0;0;0;0;0;0;0;0;0;20000;0;;;;;
2026-05-06;O_AKBNKE0626C94.00;AKBNK_06/2026_AVRUPA_OPSIYON;D_EQ;SSO;D_EQ_ECP;DE_AKBNK_ECP;AKBNK.E;2026-06-30;0.91;0.53;71.7;0.65;0.65;0.66;0.66;0.65;4700000;32700;500;4;500;200;;;;;
2026-05-06;O_AKBNKE0626C96.00;AKBNK_06/2026_AVRUPA_OPSIYON;D_EQ;SSO;D_EQ_ECP;DE_AKBNK_ECP;AKBNK.E;2026-06-30;0.73;0.42;73.81;0;0;0;0;0;0;0;0;0;0;0;;;;;
2026-05-06;O_AKBNKE0626C98.00;AKBNK_06/2026_AVRUPA_OPSIYON;D_EQ;SSO;D_EQ_ECP;DE_AKBNK_ECP;AKBNK.E;2026-06-30;0.59;0.34;73.53;0;0;0;0;0;0;0;0;0;0;0;;;;;
2026-05-06;O_AKBNKE0626P60.00;AKBNK_06/2026_AVRUPA_OPSIYON;D_EQ;SSO;D_EQ_EPP;DE_AKBNK_EPP;AKBNK.E;2026-06-30;0.21;0.39;-46.15;0;0;0;0;0;0;0;0;0;0;0;;;;;
2026-05-06;O_AKBNKE0626P62.00;AKBNK_06/2026_AVRUPA_OPSIYON;D_EQ;SSO;D_EQ_EPP;DE_AKBNK_EPP;AKBNK.E;2026-06-30;0.33;0.59;-44.07;0;0;0;0;0;0;0;0;0;0;0;;;;;
2026-05-06;O_AKBNKE0626P64.00;AKBNK_06/2026_AVRUPA_OPSIYON;D_EQ;SSO;D_EQ_EPP;DE_AKBNK_EPP;AKBNK.E;2026-06-30;0.49;0.85;-42.35;0;0;0;0;0;0;0;0;0;0;0;;;;;
2026-05-06;O_AKBNKE0626P66.00;AKBNK_06/2026_AVRUPA_OPSIYON;D_EQ;SSO;D_EQ_EPP;DE_AKBNK_EPP;AKBNK.E;2026-06-30;0.71;1.21;-41.32;0;0;0;0;0;0;0;0;0;0;0;;;;;
2026-05-06;O_AKBNKE0626P68.00;AKBNK_06/2026_AVRUPA_OPSIYON;D_EQ;SSO;D_EQ_EPP;DE_AKBNK_EPP;AKBNK.E;2026-06-30;1.01;1.66;-39.16;0;0;0;0;0;0;0;0;0;0;0;;;;;
2026-05-06;O_AKBNKE0626P70.00;AKBNK_06/2026_AVRUPA_OPSIYON;D_EQ;SSO;D_EQ_EPP;DE_AKBNK_EPP;AKBNK.E;2026-06-30;1.39;2.23;-37.67;0;0;0;0;0;0;0;0;0;0;0;;;;;
2026-05-06;O_AKBNKE0626P72.00;AKBNK_06/2026_AVRUPA_OPSIYON;D_EQ;SSO;D_EQ_EPP;DE_AKBNK_EPP;AKBNK.E;2026-06-30;1.87;2.95;-36.61;0;0;0;0;0;0;0;0;0;0;0;;;;;
2026-05-06;O_AKBNKE0626P74.00;AKBNK_06/2026_AVRUPA_OPSIYON;D_EQ;SSO;D_EQ_EPP;DE_AKBNK_EPP;AKBNK.E;2026-06-30;2.47;3.81;-35.17;0;0;0;0;0;18500000;450000;2500;1;2504;2500;;;;;
2026-05-06;O_AKBNKE0626P76.00;AKBNK_06/2026_AVRUPA_OPSIYON;D_EQ;SSO;D_EQ_EPP;DE_AKBNK_EPP;AKBNK.E;2026-06-30;3.22;4.82;-33.2;0;0;0;0;0;0;0;0;0;270;0;;;;;
2026-05-06;O_AKBNKE0626P78.00;AKBNK_06/2026_AVRUPA_OPSIYON;D_EQ;SSO;D_EQ_EPP;DE_AKBNK_EPP;AKBNK.E;2026-06-30;4.1;5.97;-31.32;0;0;0;0;0;0;0;0;0;0;0;;;;;
2026-05-06;O_AKBNKE0626P80.00;AKBNK_06/2026_AVRUPA_OPSIYON;D_EQ;SSO;D_EQ_EPP;DE_AKBNK_EPP;AKBNK.E;2026-06-30;5.13;7.27;-29.44;0;0;0;0;0;0;0;0;0;50;0;;;;;
2026-05-06;O_AKBNKE0626P82.00;AKBNK_06/2026_AVRUPA_OPSIYON;D_EQ;SSO;D_EQ_EPP;DE_AKBNK_EPP;AKBNK.E;2026-06-30;6.29;8.67;-27.45;0;0;0;0;0;0;0;0;0;150;0;;;;;
2026-05-06;O_AKBNKE0626P84.00;AKBNK_06/2026_AVRUPA_OPSIYON;D_EQ;SSO;D_EQ_EPP;DE_AKBNK_EPP;AKBNK.E;2026-06-30;7.59;10.16;-25.3;0;0;0;0;0;0;0;0;0;0;0;;;;;
2026-05-06;O_AKBNKE0626P86.00;AKBNK_06/2026_AVRUPA_OPSIYON;D_EQ;SSO;D_EQ_EPP;DE_AKBNK_EPP;AKBNK.E;2026-06-30;8.99;11.73;-23.36;0;0;0;0;0;0;0;0;0;0;0;;;;;
2026-05-06;O_AKBNKE0626P88.00;AKBNK_06/2026_AVRUPA_OPSIYON;D_EQ;SSO;D_EQ_EPP;DE_AKBNK_EPP;AKBNK.E;2026-06-30;10.48;13.35;-21.5;0;0;0;0;0;0;0;0;0;0;0;;;;;
2026-05-06;O_AKBNKE0626P90.00;AKBNK_06/2026_AVRUPA_OPSIYON;D_EQ;SSO;D_EQ_EPP;DE_AKBNK_EPP;AKBNK.E;2026-06-30;12.04;15.03;-19.89;0;0;0;0;0;0;0;0;0;0;0;;;;;
2026-05-06;O_AKBNKE0626P92.00;AKBNK_06/2026_AVRUPA_OPSIYON;D_EQ;SSO;D_EQ_EPP;DE_AKBNK_EPP;AKBNK.E;2026-06-30;13.66;16.75;-18.45;0;0;0;0;0;0;0;0;0;0;0;;;;;
2026-05-06;O_AKBNKE0726C74.00;AKBNK_07/2026_AVRUPA_OPSIYON;D_EQ;SSO;D_EQ_ECP;DE_AKBNK_ECP;AKBNK.E;2026-07-31;10.23;7.65;33.73;0;0;0;0;0;0;0;0;0;0;0;;;;;
2026-05-06;O_AKBNKE0726C76.00;AKBNK_07/2026_AVRUPA_OPSIYON;D_EQ;SSO;D_EQ_ECP;DE_AKBNK_ECP;AKBNK.E;2026-07-31;8.99;6.62;35.8;0;0;0;0;0;0;0;0;0;0;0;;;;;
2026-05-06;O_AKBNKE0726C78.00;AKBNK_07/2026_AVRUPA_OPSIYON;D_EQ;SSO;D_EQ_ECP;DE_AKBNK_ECP;AKBNK.E;2026-07-31;7.87;5.71;37.83;0;0;0;0;0;0;0;0;0;0;0;;;;;
2026-05-06;O_AKBNKE0726C80.00;AKBNK_07/2026_AVRUPA_OPSIYON;D_EQ;SSO;D_EQ_ECP;DE_AKBNK_ECP;AKBNK.E;2026-07-31;6.85;4.91;39.51;0;0;0;0;0;0;0;0;0;0;0;;;;;
2026-05-06;O_AKBNKE0726C82.00;AKBNK_07/2026_AVRUPA_OPSIYON;D_EQ;SSO;D_EQ_ECP;DE_AKBNK_ECP;AKBNK.E;2026-07-31;5.95;4.24;40.33;0;0;0;0;0;0;0;0;0;0;0;;;;;
2026-05-06;O_AKBNKE0726C84.00;AKBNK_07/2026_AVRUPA_OPSIYON;D_EQ;SSO;D_EQ_ECP;DE_AKBNK_ECP;AKBNK.E;2026-07-31;5.15;3.65;41.1;0;0;0;0;0;0;0;0;0;0;0;;;;;
2026-05-06;O_AKBNKE0726C86.00;AKBNK_07/2026_AVRUPA_OPSIYON;D_EQ;SSO;D_EQ_ECP;DE_AKBNK_ECP;AKBNK.E;2026-07-31;4.48;3.15;42.22;0;0;0;0;0;0;0;0;0;0;0;;;;;
2026-05-06;O_AKBNKE0726C88.00;AKBNK_07/2026_AVRUPA_OPSIYON;D_EQ;SSO;D_EQ_ECP;DE_AKBNK_ECP;AKBNK.E;2026-07-31;3.89;2.71;43.54;0;0;0;0;0;0;0;0;0;0;0;;;;;
2026-05-06;O_AKBNKE0726C90.00;AKBNK_07/2026_AVRUPA_OPSIYON;D_EQ;SSO;D_EQ_ECP;DE_AKBNK_ECP;AKBNK.E;2026-07-31;3.37;2.33;44.64;0;0;0;0;0;0;0;0;0;0;0;;;;;
2026-05-06;O_AKBNKE0726C92.00;AKBNK_07/2026_AVRUPA_OPSIYON;D_EQ;SSO;D_EQ_ECP;DE_AKBNK_ECP;AKBNK.E;2026-07-31;2.92;2;46;0;0;0;0;0;0;0;0;0;0;0;;;;;
2026-05-06;O_AKBNKE0726P64.00;AKBNK_07/2026_AVRUPA_OPSIYON;D_EQ;SSO;D_EQ_EPP;DE_AKBNK_EPP;AKBNK.E;2026-07-31;0.62;0.94;-34.04;0;0;0;0;0;0;0;0;0;0;0;;;;;
2026-05-06;O_AKBNKE0726P66.00;AKBNK_07/2026_AVRUPA_OPSIYON;D_EQ;SSO;D_EQ_EPP;DE_AKBNK_EPP;AKBNK.E;2026-07-31;0.83;1.25;-33.6;0;0;0;0;0;0;0;0;0;0;0;;;;;
2026-05-06;O_AKBNKE0726P68.00;AKBNK_07/2026_AVRUPA_OPSIYON;D_EQ;SSO;D_EQ_EPP;DE_AKBNK_EPP;AKBNK.E;2026-07-31;1.1;1.62;-32.1;0;0;0;0;0;0;0;0;0;0;0;;;;;
2026-05-06;O_AKBNKE0726P70.00;AKBNK_07/2026_AVRUPA_OPSIYON;D_EQ;SSO;D_EQ_EPP;DE_AKBNK_EPP;AKBNK.E;2026-07-31;1.42;2.07;-31.4;0;0;0;0;0;0;0;0;0;0;0;;;;;
2026-05-06;O_AKBNKE0726P72.00;AKBNK_07/2026_AVRUPA_OPSIYON;D_EQ;SSO;D_EQ_EPP;DE_AKBNK_EPP;AKBNK.E;2026-07-31;1.81;2.6;-30.38;0;0;0;0;0;0;0;0;0;0;0;;;;;
2026-05-06;O_AKBNKE0726P74.00;AKBNK_07/2026_AVRUPA_OPSIYON;D_EQ;SSO;D_EQ_EPP;DE_AKBNK_EPP;AKBNK.E;2026-07-31;2.28;3.26;-30.06;0;0;0;0;0;0;0;0;0;0;0;;;;;
2026-05-06;O_AKBNKE0726P76.00;AKBNK_07/2026_AVRUPA_OPSIYON;D_EQ;SSO;D_EQ_EPP;DE_AKBNK_EPP;AKBNK.E;2026-07-31;2.83;4.03;-29.78;0;0;0;0;0;0;0;0;0;0;0;;;;;
2026-05-06;O_AKBNKE0726P78.00;AKBNK_07/2026_AVRUPA_OPSIYON;D_EQ;SSO;D_EQ_EPP;DE_AKBNK_EPP;AKBNK.E;2026-07-31;3.51;4.91;-28.51;0;0;0;0;0;0;0;0;0;0;0;;;;;
2026-05-06;O_AKBNKE0726P80.00;AKBNK_07/2026_AVRUPA_OPSIYON;D_EQ;SSO;D_EQ_EPP;DE_AKBNK_EPP;AKBNK.E;2026-07-31;4.29;5.9;-27.29;0;0;0;0;0;0;0;0;0;0;0;;;;;
2026-05-06;O_AKBNKE0726P82.00;AKBNK_07/2026_AVRUPA_OPSIYON;D_EQ;SSO;D_EQ_EPP;DE_AKBNK_EPP;AKBNK.E;2026-07-31;5.18;7.02;-26.21;0;0;0;0;0;0;0;0;0;0;0;;;;;
2026-05-06;O_ALARKE0526C100.00;ALARK_05/2026_AVRUPA_OPSIYON;D_EQ;SSO;D_EQ_ECP;DE_ALARK_ECP;ALARK.E;2026-05-25;4.51;1.81;149.17;0;0;0;0;0;0;0;0;0;0;0;;;;;
2026-05-06;O_ALARKE0526C105.00;ALARK_05/2026_AVRUPA_OPSIYON;D_EQ;SSO;D_EQ_ECP;DE_ALARK_ECP;ALARK.E;2026-05-25;2.17;0.7;210;0;0;0;0;0;0;0;0;0;0;0;;;;;
2026-05-06;O_ALARKE0526C110.00;ALARK_05/2026_AVRUPA_OPSIYON;D_EQ;SSO;D_EQ_ECP;DE_ALARK_ECP;ALARK.E;2026-05-25;0.96;0.23;317.39;0;0;0;0;0;0;0;0;0;0;0;;;;;
2026-05-06;O_ALARKE0526C115.00;ALARK_05/2026_AVRUPA_OPSIYON;D_EQ;SSO;D_EQ_ECP;DE_ALARK_ECP;ALARK.E;2026-05-25;0.41;0.07;485.71;0;0;0;0;0;0;0;0;0;0;0;;;;;
2026-05-06;O_ALARKE0526C120.00;ALARK_05/2026_AVRUPA_OPSIYON;D_EQ;SSO;D_EQ_ECP;DE_ALARK_ECP;ALARK.E;2026-05-25;0.17;0.02;750;0;0;0;0;0;0;0;0;0;0;0;;;;;
2026-05-06;O_ALARKE0526C125.00;ALARK_05/2026_AVRUPA_OPSIYON;D_EQ;SSO;D_EQ_ECP;DE_ALARK_ECP;ALARK.E;2026-05-25;0.07;0.01;600;0;0;0;0;0;0;0;0;0;0;0;;;;;
2026-05-06;O_ALARKE0526C130.00;ALARK_05/2026_AVRUPA_OPSIYON;D_EQ;SSO;D_EQ_ECP;DE_ALARK_ECP;ALARK.E;2026-05-25;0.03;0.01;200;0;0;0;0;0;0;0;0;0;0;0;;;;;
2026-05-06;O_ALARKE0526C135.00;ALARK_05/2026_AVRUPA_OPSIYON;D_EQ;SSO;D_EQ_ECP;DE_ALARK_ECP;ALARK.E;2026-05-25;0.01;0.01;0;0;0;0;0;0;0;0;0;0;0;0;;;;;
2026-05-06;O_ALARKE0526C140.00;ALARK_05/2026_AVRUPA_OPSIYON;D_EQ;SSO;D_EQ_ECP;DE_ALARK_ECP;ALARK.E;2026-05-25;0.01;0.01;0;0;0;0;0;0;0;0;0;0;0;0;;;;;
2026-05-06;O_ALARKE0526C90.00;ALARK_05/2026_AVRUPA_OPSIYON;D_EQ;SSO;D_EQ_ECP;DE_ALARK_ECP;ALARK.E;2026-05-25;12.35;7.34;68.26;0;0;0;0;0;0;0;0;0;0;0;;;;;
2026-05-06;O_ALARKE0526C92.00;ALARK_05/2026_AVRUPA_OPSIYON;D_EQ;SSO;D_EQ_ECP;DE_ALARK_ECP;ALARK.E;2026-05-25;10.56;5.86;80.2;0;0;0;0;0;0;0;0;0;0;0;;;;;
2026-05-06;O_ALARKE0526C94.00;ALARK_05/2026_AVRUPA_OPSIYON;D_EQ;SSO;D_EQ_ECP;DE_ALARK_ECP;ALARK.E;2026-05-25;8.84;4.56;93.86;5.65;5.65;8.9;8.88;8.83;479400;45025;51;6;53;50;;;;;
2026-05-06;O_ALARKE0526C96.00;ALARK_05/2026_AVRUPA_OPSIYON;D_EQ;SSO;D_EQ_ECP;DE_ALARK_ECP;ALARK.E;2026-05-25;7.22;3.45;109.28;3.75;3.75;4.65;4.65;4.2;873600;38220;91;91;67;-74;;;;;
2026-05-06;O_ALARKE0526C98.00;ALARK_05/2026_AVRUPA_OPSIYON;D_EQ;SSO;D_EQ_ECP;DE_ALARK_ECP;ALARK.E;2026-05-25;5.78;2.54;127.56;4.52;4.5;4.52;4.5;4.51;88200;4056;9;2;6;-9;;;;;
2026-05-06;O_ALARKE0526P100.00;ALARK_05/2026_AVRUPA_OPSIYON;D_EQ;SSO;D_EQ_EPP;DE_ALARK_EPP;ALARK.E;2026-05-25;2.25;5.1;-55.88;0;0;0;0;0;0;0;0;0;0;0;;;;;
2026-05-06;O_ALARKE0526P105.00;ALARK_05/2026_AVRUPA_OPSIYON;D_EQ;SSO;D_EQ_EPP;DE_ALARK_EPP;ALARK.E;2026-05-25;4.81;8.89;-45.89;0;0;0;0;0;0;0;0;0;0;0;;;;;
2026-05-06;O_ALARKE0526P110.00;ALARK_05/2026_AVRUPA_OPSIYON;D_EQ;SSO;D_EQ_EPP;DE_ALARK_EPP;ALARK.E;2026-05-25;8.51;13.32;-36.11;0;0;0;0;0;0;0;0;0;0;0;;;;;
2026-05-06;O_ALARKE0526P115.00;ALARK_05/2026_AVRUPA_OPSIYON;D_EQ;SSO;D_EQ_EPP;DE_ALARK_EPP;ALARK.E;2026-05-25;12.85;18.05;-28.81;0;0;0;0;0;0;0;0;0;0;0;;;;;
2026-05-06;O_ALARKE0526P80.00;ALARK_05/2026_AVRUPA_OPSIYON;D_EQ;SSO;D_EQ_EPP;DE_ALARK_EPP;ALARK.E;2026-05-25;0.02;0.03;-33.33;0;0;0;0;0;0;0;0;0;5;0;;;;;
2026-05-06;O_ALARKE0526P82.00;ALARK_05/2026_AVRUPA_OPSIYON;D_EQ;SSO;D_EQ_EPP;DE_ALARK_EPP;ALARK.E;2026-05-25;0.04;0.07;-42.86;0;0;0;0;0;0;0;0;0;0;0;;;;;
2026-05-06;O_ALARKE0526P84.00;ALARK_05/2026_AVRUPA_OPSIYON;D_EQ;SSO;D_EQ_EPP;DE_ALARK_EPP;ALARK.E;2026-05-25;0.06;0.15;-60;0;0;0;0;0;0;0;0;0;0;0;;;;;
2026-05-06;O_ALARKE0526P86.00;ALARK_05/2026_AVRUPA_OPSIYON;D_EQ;SSO;D_EQ_EPP;DE_ALARK_EPP;ALARK.E;2026-05-25;0.11;0.28;-60.71;0;0;0;0;0;0;0;0;0;0;0;;;;;
2026-05-06;O_ALARKE0526P88.00;ALARK_05/2026_AVRUPA_OPSIYON;D_EQ;SSO;D_EQ_EPP;DE_ALARK_EPP;ALARK.E;2026-05-25;0.18;0.5;-64;0;0;0;0;0;0;0;0;0;0;0;;;;;
2026-05-06;O_ALARKE0526P90.00;ALARK_05/2026_AVRUPA_OPSIYON;D_EQ;SSO;D_EQ_EPP;DE_ALARK_EPP;ALARK.E;2026-05-25;0.29;0.83;-65.06;0;0;0;0;0;0;0;0;0;0;0;;;;;
2026-05-06;O_ALARKE0526P92.00;ALARK_05/2026_AVRUPA_OPSIYON;D_EQ;SSO;D_EQ_EPP;DE_ALARK_EPP;ALARK.E;2026-05-25;0.46;1.31;-64.89;0;0;0;0;0;0;0;0;0;0;0;;;;;
2026-05-06;O_ALARKE0526P94.00;ALARK_05/2026_AVRUPA_OPSIYON;D_EQ;SSO;D_EQ_EPP;DE_ALARK_EPP;ALARK.E;2026-05-25;0.7;1.97;-64.47;0;0;0;0;0;0;0;0;0;154;0;;;;;
2026-05-06;O_ALARKE0526P96.00;ALARK_05/2026_AVRUPA_OPSIYON;D_EQ;SSO;D_EQ_EPP;DE_ALARK_EPP;ALARK.E;2026-05-25;1.04;2.82;-63.12;0;0;0;0;0;0;0;0;0;0;0;;;;;
2026-05-06;O_ALARKE0526P98.00;ALARK_05/2026_AVRUPA_OPSIYON;D_EQ;SSO;D_EQ_EPP;DE_ALARK_EPP;ALARK.E;2026-05-25;1.57;3.87;-59.43;0;0;0;0;0;0;0;0;0;306;0;;;;;
2026-05-06;O_ALARKE0626C100.00;ALARK_06/2026_AVRUPA_OPSIYON;D_EQ;SSO;D_EQ_ECP;DE_ALARK_ECP;ALARK.E;2026-06-30;9.12;5.4;68.89;0;0;0;0;0;0;0;0;0;0;0;;;;;
2026-05-06;O_ALARKE0626C105.00;ALARK_06/2026_AVRUPA_OPSIYON;D_EQ;SSO;D_EQ_ECP;DE_ALARK_ECP;ALARK.E;2026-06-30;6.3;3.47;81.56;0;0;0;0;0;0;0;0;0;0;0;;;;;
2026-05-06;O_ALARKE0626C110.00;ALARK_06/2026_AVRUPA_OPSIYON;D_EQ;SSO;D_EQ_ECP;DE_ALARK_ECP;ALARK.E;2026-06-30;4.18;2.15;94.42;0;0;0;0;0;0;0;0;0;0;0;;;;;
2026-05-06;O_ALARKE0626C115.00;ALARK_06/2026_AVRUPA_OPSIYON;D_EQ;SSO;D_EQ_ECP;DE_ALARK_ECP;ALARK.E;2026-06-30;2.88;1.29;123.26;0;0;0;0;0;0;0;0;0;0;0;;;;;
2026-05-06;O_ALARKE0626C120.00;ALARK_06/2026_AVRUPA_OPSIYON;D_EQ;SSO;D_EQ_ECP;DE_ALARK_ECP;ALARK.E;2026-06-30;1.94;0.75;158.67;0.92;0.92;0.94;0.94;0.93;2832000;21948;236;2;236;236;;;;;
2026-05-06;O_ALARKE0626C125.00;ALARK_06/2026_AVRUPA_OPSIYON;D_EQ;SSO;D_EQ_ECP;DE_ALARK_ECP;ALARK.E;2026-06-30;1.31;0.42;211.9;0;0;0;0;0;0;0;0;0;0;0;;;;;
2026-05-06;O_ALARKE0626C130.00;ALARK_06/2026_AVRUPA_OPSIYON;D_EQ;SSO;D_EQ_ECP;DE_ALARK_ECP;ALARK.E;2026-06-30;0.89;0.23;286.96;0;0;0;0;0;0;0;0;0;0;0;;;;;
2026-05-06;O_ALARKE0626C135.00;ALARK_06/2026_AVRUPA_OPSIYON;D_EQ;SSO;D_EQ_ECP;DE_ALARK_ECP;ALARK.E;2026-06-30;0.61;0.13;369.23;0;0;0;0;0;0;0;0;0;0;0;;;;;
2026-05-06;O_ALARKE0626C94.00;ALARK_06/2026_AVRUPA_OPSIYON;D_EQ;SSO;D_EQ_ECP;DE_ALARK_ECP;ALARK.E;2026-06-30;13.39;8.63;55.16;0;0;0;0;0;0;0;0;0;0;0;;;;;
2026-05-06;O_ALARKE0626C96.00;ALARK_06/2026_AVRUPA_OPSIYON;D_EQ;SSO;D_EQ_ECP;DE_ALARK_ECP;ALARK.E;2026-06-30;11.88;7.45;59.46;0;0;0;0;0;0;0;0;0;0;0;;;;;
2026-05-06;O_ALARKE0626C98.00;ALARK_06/2026_AVRUPA_OPSIYON;D_EQ;SSO;D_EQ_ECP;DE_ALARK_ECP;ALARK.E;2026-06-30;10.43;6.37;63.74;0;0;0;0;0;0;0;0;0;0;0;;;;;
2026-05-06;O_ALARKE0626P100.00;ALARK_06/2026_AVRUPA_OPSIYON;D_EQ;SSO;D_EQ_EPP;DE_ALARK_EPP;ALARK.E;2026-06-30;3.25;5.09;-36.15;0;0;0;0;0;0;0;0;0;0;0;;;;;
2026-05-06;O_ALARKE0626P105.00;ALARK_06/2026_AVRUPA_OPSIYON;D_EQ;SSO;D_EQ_EPP;DE_ALARK_EPP;ALARK.E;2026-06-30;5.16;7.88;-34.52;0;0;0;0;0;0;0;0;0;0;0;;;;;
2026-05-06;O_ALARKE0626P110.00;ALARK_06/2026_AVRUPA_OPSIYON;D_EQ;SSO;D_EQ_EPP;DE_ALARK_EPP;ALARK.E;2026-06-30;7.75;11.27;-31.23;0;0;0;0;0;0;0;0;0;0;0;;;;;
2026-05-06;O_ALARKE0626P84.00;ALARK_06/2026_AVRUPA_OPSIYON;D_EQ;SSO;D_EQ_EPP;DE_ALARK_EPP;ALARK.E;2026-06-30;0.69;0.63;9.52;0;0;0;0;0;0;0;0;0;0;0;;;;;
2026-05-06;O_ALARKE0626P86.00;ALARK_06/2026_AVRUPA_OPSIYON;D_EQ;SSO;D_EQ_EPP;DE_ALARK_EPP;ALARK.E;2026-06-30;0.85;0.88;-3.41;0;0;0;0;0;0;0;0;0;0;0;;;;;
2026-05-06;O_ALARKE0626P88.00;ALARK_06/2026_AVRUPA_OPSIYON;D_EQ;SSO;D_EQ_EPP;DE_ALARK_EPP;ALARK.E;2026-06-30;1.04;1.19;-12.61;0;0;0;0;0;0;0;0;0;0;0;;;;;
2026-05-06;O_ALARKE0626P90.00;ALARK_06/2026_AVRUPA_OPSIYON;D_EQ;SSO;D_EQ_EPP;DE_ALARK_EPP;ALARK.E;2026-06-30;1.27;1.59;-20.13;0;0;0;0;0;0;0;0;0;0;0;;;;;
2026-05-06;O_ALARKE0626P92.00;ALARK_06/2026_AVRUPA_OPSIYON;D_EQ;SSO;D_EQ_EPP;DE_ALARK_EPP;ALARK.E;2026-06-30;1.54;2.08;-25.96;0;0;0;0;0;0;0;0;0;0;0;;;;;
2026-05-06;O_ALARKE0626P94.00;ALARK_06/2026_AVRUPA_OPSIYON;D_EQ;SSO;D_EQ_EPP;DE_ALARK_EPP;ALARK.E;2026-06-30;1.86;2.66;-30.08;0;0;0;0;0;0;0;0;0;0;0;;;;;
2026-05-06;O_ALARKE0626P96.00;ALARK_06/2026_AVRUPA_OPSIYON;D_EQ;SSO;D_EQ_EPP;DE_ALARK_EPP;ALARK.E;2026-06-30;2.24;3.36;-33.33;0;0;0;0;0;0;0;0;0;0;0;;;;;
2026-05-06;O_ALARKE0626P98.00;ALARK_06/2026_AVRUPA_OPSIYON;D_EQ;SSO;D_EQ_EPP;DE_ALARK_EPP;ALARK.E;2026-06-30;2.68;4.17;-35.73;0;0;0;0;0;0;0;0;0;0;0;;;;;
2026-05-06;O_ALARKE0726C100.00;ALARK_07/2026_AVRUPA_OPSIYON;D_EQ;SSO;D_EQ_ECP;DE_ALARK_ECP;ALARK.E;2026-07-31;13.89;9.22;50.65;0;0;0;0;0;0;0;0;0;0;0;;;;;
2026-05-06;O_ALARKE0726C105.00;ALARK_07/2026_AVRUPA_OPSIYON;D_EQ;SSO;D_EQ_ECP;DE_ALARK_ECP;ALARK.E;2026-07-31;10.69;6.82;56.74;0;0;0;0;0;0;0;0;0;0;0;;;;;
2026-05-06;O_ALARKE0726C110.00;ALARK_07/2026_AVRUPA_OPSIYON;D_EQ;SSO;D_EQ_ECP;DE_ALARK_ECP;ALARK.E;2026-07-31;8.07;4.95;63.03;0;0;0;0;0;0;0;0;0;0;0;;;;;
2026-05-06;O_ALARKE0726C115.00;ALARK_07/2026_AVRUPA_OPSIYON;D_EQ;SSO;D_EQ_ECP;DE_ALARK_ECP;ALARK.E;2026-07-31;6.05;3.53;71.39;0;0;0;0;0;0;0;0;0;0;0;;;;;
2026-05-06;O_ALARKE0726C120.00;ALARK_07/2026_AVRUPA_OPSIYON;D_EQ;SSO;D_EQ_ECP;DE_ALARK_ECP;ALARK.E;2026-07-31;4.65;2.48;87.5;0;0;0;0;0;0;0;0;0;0;0;;;;;
2026-05-06;O_ALARKE0726C125.00;ALARK_07/2026_AVRUPA_OPSIYON;D_EQ;SSO;D_EQ_ECP;DE_ALARK_ECP;ALARK.E;2026-07-31;3.57;1.71;108.77;0;0;0;0;0;0;0;0;0;0;0;;;;;
2026-05-06;O_ALARKE0726C130.00;ALARK_07/2026_AVRUPA_OPSIYON;D_EQ;SSO;D_EQ_ECP;DE_ALARK_ECP;ALARK.E;2026-07-31;2.76;1.17;135.9;0;0;0;0;0;0;0;0;0;0;0;;;;;
2026-05-06;O_ALARKE0726C135.00;ALARK_07/2026_AVRUPA_OPSIYON;D_EQ;SSO;D_EQ_ECP;DE_ALARK_ECP;ALARK.E;2026-07-31;2.15;0.79;172.15;0;0;0;0;0;0;0;0;0;0;0;;;;;
2026-05-06;O_ALARKE0726C98.00;ALARK_07/2026_AVRUPA_OPSIYON;D_EQ;SSO;D_EQ_ECP;DE_ALARK_ECP;ALARK.E;2026-07-31;15.29;10.32;48.16;0;0;0;0;0;0;0;0;0;0;0;;;;;
2026-05-06;O_ALARKE0726P100.00;ALARK_07/2026_AVRUPA_OPSIYON;D_EQ;SSO;D_EQ_EPP;DE_ALARK_EPP;ALARK.E;2026-07-31;3.32;4.18;-20.57;0;0;0;0;0;0;0;0;0;0;0;;;;;
2026-05-06;O_ALARKE0726P105.00;ALARK_07/2026_AVRUPA_OPSIYON;D_EQ;SSO;D_EQ_EPP;DE_ALARK_EPP;ALARK.E;2026-07-31;4.6;6.27;-26.63;0;0;0;0;0;0;0;0;0;0;0;;;;;
2026-05-06;O_ALARKE0726P110.00;ALARK_07/2026_AVRUPA_OPSIYON;D_EQ;SSO;D_EQ_EPP;DE_ALARK_EPP;ALARK.E;2026-07-31;6.47;8.87;-27.06;0;0;0;0;0;0;0;0;0;0;0;;;;;
2026-05-06;O_ALARKE0726P88.00;ALARK_07/2026_AVRUPA_OPSIYON;D_EQ;SSO;D_EQ_EPP;DE_ALARK_EPP;ALARK.E;2026-07-31;1.49;1.21;23.14;0;0;0;0;0;0;0;0;0;0;0;;;;;
2026-05-06;O_ALARKE0726P90.00;ALARK_07/2026_AVRUPA_OPSIYON;D_EQ;SSO;D_EQ_EPP;DE_ALARK_EPP;ALARK.E;2026-07-31;1.72;1.53;12.42;0;0;0;0;0;0;0;0;0;0;0;;;;;
2026-05-06;O_ALARKE0726P92.00;ALARK_07/2026_AVRUPA_OPSIYON;D_EQ;SSO;D_EQ_EPP;DE_ALARK_EPP;ALARK.E;2026-07-31;1.97;1.92;2.6;0;0;0;0;0;0;0;0;0;0;0;;;;;
2026-05-06;O_ALARKE0726P94.00;ALARK_07/2026_AVRUPA_OPSIYON;D_EQ;SSO;D_EQ_EPP;DE_ALARK_EPP;ALARK.E;2026-07-31;2.25;2.37;-5.06;0;0;0;0;0;0;0;0;0;0;0;;;;;
2026-05-06;O_ALARKE0726P96.00;ALARK_07/2026_AVRUPA_OPSIYON;D_EQ;SSO;D_EQ_EPP;DE_ALARK_EPP;ALARK.E;2026-07-31;2.57;2.89;-11.07;0;0;0;0;0;0;0;0;0;0;0;;;;;
2026-05-06;O_ALARKE0726P98.00;ALARK_07/2026_AVRUPA_OPSIYON;D_EQ;SSO;D_EQ_EPP;DE_ALARK_EPP;ALARK.E;2026-07-31;2.92;3.49;-16.33;0;0;0;0;0;0;0;0;0;0;0;;;;;
2026-05-06;O_ARCLKE0526C105.00;ARCLK_05/2026_AVRUPA_OPSIYON;D_EQ;SSO;D_EQ_ECP;DE_ARCLK_ECP;ARCLK.E;2026-05-25;11.33;9.58;18.27;0;0;0;0;0;0;0;0;0;0;0;;;;;
2026-05-06;O_ARCLKE0526C110.00;ARCLK_05/2026_AVRUPA_OPSIYON;D_EQ;SSO;D_EQ_ECP;DE_ARCLK_ECP;ARCLK.E;2026-05-25;7.37;5.99;23.04;0;0;0;0;0;0;0;0;0;20;0;;;;;
2026-05-06;O_ARCLKE0526C115.00;ARCLK_05/2026_AVRUPA_OPSIYON;D_EQ;SSO;D_EQ_ECP;DE_ARCLK_ECP;ARCLK.E;2026-05-25;4.34;3.39;28.02;0;0;0;0;0;0;0;0;0;0;0;;;;;
2026-05-06;O_ARCLKE0526C120.00;ARCLK_05/2026_AVRUPA_OPSIYON;D_EQ;SSO;D_EQ_ECP;DE_ARCLK_ECP;ARCLK.E;2026-05-25;2.33;1.81;28.73;0;0;0;0;0;0;0;0;0;20;0;;;;;
2026-05-06;O_ARCLKE0526C125.00;ARCLK_05/2026_AVRUPA_OPSIYON;D_EQ;SSO;D_EQ_ECP;DE_ARCLK_ECP;ARCLK.E;2026-05-25;1.26;1.01;24.75;0;0;0;0;0;0;0;0;0;22;0;;;;;
2026-05-06;O_ARCLKE0526C130.00;ARCLK_05/2026_AVRUPA_OPSIYON;D_EQ;SSO;D_EQ_ECP;DE_ARCLK_ECP;ARCLK.E;2026-05-25;0.69;0.57;21.05;0;0;0;0;0;0;0;0;0;5;0;;;;;
2026-05-06;O_ARCLKE0526C135.00;ARCLK_05/2026_AVRUPA_OPSIYON;D_EQ;SSO;D_EQ_ECP;DE_ARCLK_ECP;ARCLK.E;2026-05-25;0.39;0.33;18.18;0;0;0;0;0;0;0;0;0;0;0;;;;;
2026-05-06;O_ARCLKE0526C140.00;ARCLK_05/2026_AVRUPA_OPSIYON;D_EQ;SSO;D_EQ_ECP;DE_ARCLK_ECP;ARCLK.E;2026-05-25;0.23;0.2;15;0;0;0;0;0;0;0;0;0;0;0;;;;;
2026-05-06;O_ARCLKE0526C145.00;ARCLK_05/2026_AVRUPA_OPSIYON;D_EQ;SSO;D_EQ_ECP;DE_ARCLK_ECP;ARCLK.E;2026-05-25;0.14;0.12;16.67;0;0;0;0;0;0;0;0;0;0;0;;;;;
2026-05-06;O_ARCLKE0526C150.00;ARCLK_05/2026_AVRUPA_OPSIYON;D_EQ;SSO;D_EQ_ECP;DE_ARCLK_ECP;ARCLK.E;2026-05-25;0.09;0.08;12.5;0;0;0;0;0;0;0;0;0;0;0;;;;;
2026-05-06;O_ARCLKE0526C155.00;ARCLK_05/2026_AVRUPA_OPSIYON;D_EQ;SSO;D_EQ_ECP;DE_ARCLK_ECP;ARCLK.E;2026-05-25;0.06;0.05;20;0;0;0;0;0;0;0;0;0;0;0;;;;;
2026-05-06;O_ARCLKE0526P100.00;ARCLK_05/2026_AVRUPA_OPSIYON;D_EQ;SSO;D_EQ_EPP;DE_ARCLK_EPP;ARCLK.E;2026-05-25;0.32;0.49;-34.69;0;0;0;0;0;0;0;0;0;0;0;;;;;
2026-05-06;O_ARCLKE0526P105.00;ARCLK_05/2026_AVRUPA_OPSIYON;D_EQ;SSO;D_EQ_EPP;DE_ARCLK_EPP;ARCLK.E;2026-05-25;0.78;1.12;-30.36;0;0;0;0;0;0;0;0;0;38;0;;;;;
2026-05-06;O_ARCLKE0526P110.00;ARCLK_05/2026_AVRUPA_OPSIYON;D_EQ;SSO;D_EQ_EPP;DE_ARCLK_EPP;ARCLK.E;2026-05-25;1.72;2.42;-28.93;0;0;0;0;0;0;0;0;0;14;0;;;;;
2026-05-06;O_ARCLKE0526P115.00;ARCLK_05/2026_AVRUPA_OPSIYON;D_EQ;SSO;D_EQ_EPP;DE_ARCLK_EPP;ARCLK.E;2026-05-25;3.58;4.72;-24.15;0;0;0;0;0;0;0;0;0;0;0;;;;;
2026-05-06;O_ARCLKE0526P120.00;ARCLK_05/2026_AVRUPA_OPSIYON;D_EQ;SSO;D_EQ_EPP;DE_ARCLK_EPP;ARCLK.E;2026-05-25;6.48;8.04;-19.4;0;0;0;0;0;0;0;0;0;0;0;;;;;
2026-05-06;O_ARCLKE0526P125.00;ARCLK_05/2026_AVRUPA_OPSIYON;D_EQ;SSO;D_EQ_EPP;DE_ARCLK_EPP;ARCLK.E;2026-05-25;10.31;12.13;-15;0;0;0;0;0;0;0;0;0;0;0;;;;;
2026-05-06;O_ARCLKE0526P130.00;ARCLK_05/2026_AVRUPA_OPSIYON;D_EQ;SSO;D_EQ_EPP;DE_ARCLK_EPP;ARCLK.E;2026-05-25;14.65;16.59;-11.69;0;0;0;0;0;0;0;0;0;0;0;;;;;
2026-05-06;O_ARCLKE0526P92.00;ARCLK_05/2026_AVRUPA_OPSIYON;D_EQ;SSO;D_EQ_EPP;DE_ARCLK_EPP;ARCLK.E;2026-05-25;0.06;0.11;-45.45;0;0;0;0;0;0;0;0;0;0;0;;;;;
2026-05-06;O_ARCLKE0526P94.00;ARCLK_05/2026_AVRUPA_OPSIYON;D_EQ;SSO;D_EQ_EPP;DE_ARCLK_EPP;ARCLK.E;2026-05-25;0.1;0.16;-37.5;0;0;0;0;0;0;0;0;0;0;0;;;;;
2026-05-06;O_ARCLKE0526P96.00;ARCLK_05/2026_AVRUPA_OPSIYON;D_EQ;SSO;D_EQ_EPP;DE_ARCLK_EPP;ARCLK.E;2026-05-25;0.15;0.24;-37.5;0;0;0;0;0;0;0;0;0;6;0;;;;;
2026-05-06;O_ARCLKE0526P98.00;ARCLK_05/2026_AVRUPA_OPSIYON;D_EQ;SSO;D_EQ_EPP;DE_ARCLK_EPP;ARCLK.E;2026-05-25;0.22;0.34;-35.29;0;0;0;0;0;0;0;0;0;0;0;;;;;
2026-05-06;O_ARCLKE0626C110.00;ARCLK_06/2026_AVRUPA_OPSIYON;D_EQ;SSO;D_EQ_ECP;DE_ARCLK_ECP;ARCLK.E;2026-06-30;12.62;11.01;14.62;0;0;0;0;0;0;0;0;0;0;0;;;;;
2026-05-06;O_ARCLKE0626C115.00;ARCLK_06/2026_AVRUPA_OPSIYON;D_EQ;SSO;D_EQ_ECP;DE_ARCLK_ECP;ARCLK.E;2026-06-30;9.38;8.1;15.8;0;0;0;0;0;0;0;0;0;0;0;;;;;
2026-05-06;O_ARCLKE0626C120.00;ARCLK_06/2026_AVRUPA_OPSIYON;D_EQ;SSO;D_EQ_ECP;DE_ARCLK_ECP;ARCLK.E;2026-06-30;6.84;5.87;16.52;0;0;0;0;0;0;0;0;0;0;0;;;;;
2026-05-06;O_ARCLKE0626C125.00;ARCLK_06/2026_AVRUPA_OPSIYON;D_EQ;SSO;D_EQ_ECP;DE_ARCLK_ECP;ARCLK.E;2026-06-30;4.97;4.36;13.99;0;0;0;0;0;0;0;0;0;0;0;;;;;
2026-05-06;O_ARCLKE0626C130.00;ARCLK_06/2026_AVRUPA_OPSIYON;D_EQ;SSO;D_EQ_ECP;DE_ARCLK_ECP;ARCLK.E;2026-06-30;3.82;3.38;13.02;0;0;0;0;0;0;0;0;0;0;0;;;;;
2026-05-06;O_ARCLKE0626C135.00;ARCLK_06/2026_AVRUPA_OPSIYON;D_EQ;SSO;D_EQ_ECP;DE_ARCLK_ECP;ARCLK.E;2026-06-30;2.99;2.67;11.99;0;0;0;0;0;0;0;0;0;0;0;;;;;
2026-05-06;O_ARCLKE0626C140.00;ARCLK_06/2026_AVRUPA_OPSIYON;D_EQ;SSO;D_EQ_ECP;DE_ARCLK_ECP;ARCLK.E;2026-06-30;2.39;2.16;10.65;0;0;0;0;0;0;0;0;0;0;0;;;;;
2026-05-06;O_ARCLKE0626C145.00;ARCLK_06/2026_AVRUPA_OPSIYON;D_EQ;SSO;D_EQ_ECP;DE_ARCLK_ECP;ARCLK.E;2026-06-30;1.95;1.78;9.55;0;0;0;0;0;0;0;0;0;0;0;;;;;
2026-05-06;O_ARCLKE0626C150.00;ARCLK_06/2026_AVRUPA_OPSIYON;D_EQ;SSO;D_EQ_ECP;DE_ARCLK_ECP;ARCLK.E;2026-06-30;1.63;1.5;8.67;0;0;0;0;0;0;0;0;0;0;0;;;;;
2026-05-06;O_ARCLKE0626C155.00;ARCLK_06/2026_AVRUPA_OPSIYON;D_EQ;SSO;D_EQ_ECP;DE_ARCLK_ECP;ARCLK.E;2026-06-30;1.38;1.29;6.98;0;0;0;0;0;0;0;0;0;0;0;;;;;
2026-05-06;O_ARCLKE0626C160.00;ARCLK_06/2026_AVRUPA_OPSIYON;D_EQ;SSO;D_EQ_ECP;DE_ARCLK_ECP;ARCLK.E;2026-06-30;1.2;1.13;6.19;0;0;0;0;0;0;0;0;0;0;0;;;;;
2026-05-06;O_ARCLKE0626P100.00;ARCLK_06/2026_AVRUPA_OPSIYON;D_EQ;SSO;D_EQ_EPP;DE_ARCLK_EPP;ARCLK.E;2026-06-30;1.34;1.57;-14.65;0;0;0;0;0;0;0;0;0;0;0;;;;;
2026-05-06;O_ARCLKE0626P105.00;ARCLK_06/2026_AVRUPA_OPSIYON;D_EQ;SSO;D_EQ_EPP;DE_ARCLK_EPP;ARCLK.E;2026-06-30;2.02;2.37;-14.77;0;0;0;0;0;0;0;0;0;0;0;;;;;
2026-05-06;O_ARCLKE0626P110.00;ARCLK_06/2026_AVRUPA_OPSIYON;D_EQ;SSO;D_EQ_EPP;DE_ARCLK_EPP;ARCLK.E;2026-06-30;2.99;3.48;-14.08;0;0;0;0;0;0;0;0;0;0;0;;;;;
2026-05-06;O_ARCLKE0626P115.00;ARCLK_06/2026_AVRUPA_OPSIYON;D_EQ;SSO;D_EQ_EPP;DE_ARCLK_EPP;ARCLK.E;2026-06-30;4.48;5.29;-15.31;0;0;0;0;0;0;0;0;0;260;0;;;;;
2026-05-06;O_ARCLKE0626P120.00;ARCLK_06/2026_AVRUPA_OPSIYON;D_EQ;SSO;D_EQ_EPP;DE_ARCLK_EPP;ARCLK.E;2026-06-30;6.66;7.77;-14.29;0;0;0;0;0;0;0;0;0;0;0;;;;;
2026-05-06;O_ARCLKE0626P125.00;ARCLK_06/2026_AVRUPA_OPSIYON;D_EQ;SSO;D_EQ_EPP;DE_ARCLK_EPP;ARCLK.E;2026-06-30;9.51;10.98;-13.39;0;0;0;0;0;0;0;0;0;0;0;;;;;
2026-05-06;O_ARCLKE0626P130.00;ARCLK_06/2026_AVRUPA_OPSIYON;D_EQ;SSO;D_EQ_EPP;DE_ARCLK_EPP;ARCLK.E;2026-06-30;13.09;14.72;-11.07;0;0;0;0;0;0;0;0;0;0;0;;;;;
2026-05-06;O_ARCLKE0626P135.00;ARCLK_06/2026_AVRUPA_OPSIYON;D_EQ;SSO;D_EQ_EPP;DE_ARCLK_EPP;ARCLK.E;2026-06-30;16.98;18.73;-9.34;0;0;0;0;0;0;0;0;0;0;0;;;;;
2026-05-06;O_ARCLKE0626P94.00;ARCLK_06/2026_AVRUPA_OPSIYON;D_EQ;SSO;D_EQ_EPP;DE_ARCLK_EPP;ARCLK.E;2026-06-30;0.79;0.93;-15.05;0;0;0;0;0;0;0;0;0;0;0;;;;;
2026-05-06;O_ARCLKE0626P96.00;ARCLK_06/2026_AVRUPA_OPSIYON;D_EQ;SSO;D_EQ_EPP;DE_ARCLK_EPP;ARCLK.E;2026-06-30;0.94;1.12;-16.07;0;0;0;0;0;0;0;0;0;0;0;;;;;
2026-05-06;O_ARCLKE0626P98.00;ARCLK_06/2026_AVRUPA_OPSIYON;D_EQ;SSO;D_EQ_EPP;DE_ARCLK_EPP;ARCLK.E;2026-06-30;1.12;1.33;-15.79;0;0;0;0;0;0;0;0;0;0;0;;;;;
2026-05-06;O_ARCLKE0726C115.00;ARCLK_07/2026_AVRUPA_OPSIYON;D_EQ;SSO;D_EQ_ECP;DE_ARCLK_ECP;ARCLK.E;2026-07-31;14.35;12.85;11.67;0;0;0;0;0;0;0;0;0;0;0;;;;;
2026-05-06;O_ARCLKE0726C120.00;ARCLK_07/2026_AVRUPA_OPSIYON;D_EQ;SSO;D_EQ_ECP;DE_ARCLK_ECP;ARCLK.E;2026-07-31;11.46;10.19;12.46;0;0;0;0;0;0;0;0;0;0;0;;;;;
2026-05-06;O_ARCLKE0726C125.00;ARCLK_07/2026_AVRUPA_OPSIYON;D_EQ;SSO;D_EQ_ECP;DE_ARCLK_ECP;ARCLK.E;2026-07-31;9.12;8.08;12.87;0;0;0;0;0;0;0;0;0;0;0;;;;;
2026-05-06;O_ARCLKE0726C130.00;ARCLK_07/2026_AVRUPA_OPSIYON;D_EQ;SSO;D_EQ_ECP;DE_ARCLK_ECP;ARCLK.E;2026-07-31;7.41;6.73;10.1;0;0;0;0;0;0;0;0;0;0;0;;;;;
2026-05-06;O_ARCLKE0726C135.00;ARCLK_07/2026_AVRUPA_OPSIYON;D_EQ;SSO;D_EQ_ECP;DE_ARCLK_ECP;ARCLK.E;2026-07-31;6.24;5.71;9.28;0;0;0;0;0;0;0;0;0;0;0;;;;;
2026-05-06;O_ARCLKE0726C140.00;ARCLK_07/2026_AVRUPA_OPSIYON;D_EQ;SSO;D_EQ_ECP;DE_ARCLK_ECP;ARCLK.E;2026-07-31;5.33;4.91;8.55;0;0;0;0;0;0;0;0;0;0;0;;;;;
2026-05-06;O_ARCLKE0726C145.00;ARCLK_07/2026_AVRUPA_OPSIYON;D_EQ;SSO;D_EQ_ECP;DE_ARCLK_ECP;ARCLK.E;2026-07-31;4.63;4.29;7.93;0;0;0;0;0;0;0;0;0;0;0;;;;;
2026-05-06;O_ARCLKE0726C150.00;ARCLK_07/2026_AVRUPA_OPSIYON;D_EQ;SSO;D_EQ_ECP;DE_ARCLK_ECP;ARCLK.E;2026-07-31;4.08;3.81;7.09;0;0;0;0;0;0;0;0;0;0;0;;;;;
2026-05-06;O_ARCLKE0726P100.00;ARCLK_07/2026_AVRUPA_OPSIYON;D_EQ;SSO;D_EQ_EPP;DE_ARCLK_EPP;ARCLK.E;2026-07-31;1.68;1.87;-10.16;0;0;0;0;0;0;0;0;0;0;0;;;;;
2026-05-06;O_ARCLKE0726P105.00;ARCLK_07/2026_AVRUPA_OPSIYON;D_EQ;SSO;D_EQ_EPP;DE_ARCLK_EPP;ARCLK.E;2026-07-31;2.28;2.54;-10.24;0;0;0;0;0;0;0;0;0;0;0;;;;;
2026-05-06;O_ARCLKE0726P110.00;ARCLK_07/2026_AVRUPA_OPSIYON;D_EQ;SSO;D_EQ_EPP;DE_ARCLK_EPP;ARCLK.E;2026-07-31;3.05;3.39;-10.03;0;0;0;0;0;0;0;0;0;0;0;;;;;
2026-05-06;O_ARCLKE0726P115.00;ARCLK_07/2026_AVRUPA_OPSIYON;D_EQ;SSO;D_EQ_EPP;DE_ARCLK_EPP;ARCLK.E;2026-07-31;4.04;4.61;-12.36;0;0;0;0;0;0;0;0;0;0;0;;;;;
2026-05-06;O_ARCLKE0726P120.00;ARCLK_07/2026_AVRUPA_OPSIYON;D_EQ;SSO;D_EQ_EPP;DE_ARCLK_EPP;ARCLK.E;2026-07-31;5.64;6.43;-12.29;0;0;0;0;0;0;0;0;0;0;0;;;;;
2026-05-06;O_ARCLKE0726P125.00;ARCLK_07/2026_AVRUPA_OPSIYON;D_EQ;SSO;D_EQ_EPP;DE_ARCLK_EPP;ARCLK.E;2026-07-31;7.78;8.8;-11.59;0;0;0;0;0;0;0;0;0;0;0;;;;;
2026-05-06;O_ARCLKE0726P96.00;ARCLK_07/2026_AVRUPA_OPSIYON;D_EQ;SSO;D_EQ_EPP;DE_ARCLK_EPP;ARCLK.E;2026-07-31;1.3;1.46;-10.96;0;0;0;0;0;0;0;0;0;0;0;;;;;
2026-05-06;O_ARCLKE0726P98.00;ARCLK_07/2026_AVRUPA_OPSIYON;D_EQ;SSO;D_EQ_EPP;DE_ARCLK_EPP;ARCLK.E;2026-07-31;1.48;1.65;-10.3;0;0;0;0;0;0;0;0;0;0;0;;;;;
2026-05-06;O_ASELSE0526C330.00;ASELS_05/2026_AVRUPA_OPSIYON;D_EQ;SSO;D_EQ_ECP;DE_ASELS_ECP;ASELS.E;2026-05-25;112.23;103.1;8.86;0;0;0;0;0;0;0;0;0;0;0;;;;;
2026-05-06;O_ASELSE0526C340.00;ASELS_05/2026_AVRUPA_OPSIYON;D_EQ;SSO;D_EQ_ECP;DE_ASELS_ECP;ASELS.E;2026-05-25;102.45;93.36;9.74;0;0;0;0;0;0;0;0;0;0;0;;;;;
2026-05-06;O_ASELSE0526C350.00;ASELS_05/2026_AVRUPA_OPSIYON;D_EQ;SSO;D_EQ_ECP;DE_ASELS_ECP;ASELS.E;2026-05-25;92.69;83.68;10.77;0;0;0;0;0;0;0;0;0;10;0;;;;;
2026-05-06;O_ASELSE0526C360.00;ASELS_05/2026_AVRUPA_OPSIYON;D_EQ;SSO;D_EQ_ECP;DE_ASELS_ECP;ASELS.E;2026-05-25;82.99;74.1;12;0;0;0;0;0;0;0;0;0;30;0;;;;;
2026-05-06;O_ASELSE0526C370.00;ASELS_05/2026_AVRUPA_OPSIYON;D_EQ;SSO;D_EQ_ECP;DE_ASELS_ECP;ASELS.E;2026-05-25;73.37;64.68;13.44;0;0;0;0;0;0;0;0;0;30;0;;;;;
2026-05-06;O_ASELSE0526C380.00;ASELS_05/2026_AVRUPA_OPSIYON;D_EQ;SSO;D_EQ_ECP;DE_ASELS_ECP;ASELS.E;2026-05-25;63.92;55.51;15.15;0;0;0;0;0;0;0;0;0;38;0;;;;;
2026-05-06;O_ASELSE0526C390.00;ASELS_05/2026_AVRUPA_OPSIYON;D_EQ;SSO;D_EQ_ECP;DE_ASELS_ECP;ASELS.E;2026-05-25;54.71;46.7;17.15;0;0;0;0;0;0;0;0;0;106;0;;;;;
2026-05-06;O_ASELSE0526C400.00;ASELS_05/2026_AVRUPA_OPSIYON;D_EQ;SSO;D_EQ_ECP;DE_ASELS_ECP;ASELS.E;2026-05-25;45.87;38.39;19.48;0;0;0;0;0;0;0;0;0;71;0;;;;;
2026-05-06;O_ASELSE0526C410.00;ASELS_05/2026_AVRUPA_OPSIYON;D_EQ;SSO;D_EQ_ECP;DE_ASELS_ECP;ASELS.E;2026-05-25;37.54;30.74;22.12;0;0;0;0;0;0;0;0;0;136;0;;;;;
2026-05-06;O_ASELSE0526C420.00;ASELS_05/2026_AVRUPA_OPSIYON;D_EQ;SSO;D_EQ_ECP;DE_ASELS_ECP;ASELS.E;2026-05-25;29.98;23.91;25.39;40.24;33.9;40.24;33.9;34.82;3066000;254200;73;8;765;0;;;;;
2026-05-06;O_ASELSE0526C430.00;ASELS_05/2026_AVRUPA_OPSIYON;D_EQ;SSO;D_EQ_ECP;DE_ASELS_ECP;ASELS.E;2026-05-25;23.31;18.14;28.5;26.15;26.05;26.15;26.05;26.1;27649000;1761615;643;6;507;-182;;;;;
2026-05-06;O_ASELSE0526C440.00;ASELS_05/2026_AVRUPA_OPSIYON;D_EQ;SSO;D_EQ_ECP;DE_ASELS_ECP;ASELS.E;2026-05-25;17.64;13.36;32.04;14.35;14.35;21.55;19.21;18.56;3520000;148460;80;8;425;0;;;;;
2026-05-06;O_ASELSE0526C450.00;ASELS_05/2026_AVRUPA_OPSIYON;D_EQ;SSO;D_EQ_ECP;DE_ASELS_ECP;ASELS.E;2026-05-25;13;9.62;35.14;9.5;9.5;15.9;13.3;13;5850000;168950;130;10;263;43;;;;;
2026-05-06;O_ASELSE0526C460.00;ASELS_05/2026_AVRUPA_OPSIYON;D_EQ;SSO;D_EQ_ECP;DE_ASELS_ECP;ASELS.E;2026-05-25;9.39;6.74;39.32;8;8;10.1;10.1;8.78;4692000;89520;102;9;520;62;;;;;
2026-05-06;O_ASELSE0526C470.00;ASELS_05/2026_AVRUPA_OPSIYON;D_EQ;SSO;D_EQ_ECP;DE_ASELS_ECP;ASELS.E;2026-05-25;6.71;4.72;42.16;5.71;5.55;7.71;5.55;6.71;7520000;107392;160;12;383;122;;;;;
2026-05-06;O_ASELSE0526C480.00;ASELS_05/2026_AVRUPA_OPSIYON;D_EQ;SSO;D_EQ_ECP;DE_ASELS_ECP;ASELS.E;2026-05-25;4.72;3.28;43.9;3.1;1.7;3.2;1.7;3.03;10368000;65520;216;15;272;158;;;;;
2026-05-06;O_ASELSE0526C490.00;ASELS_05/2026_AVRUPA_OPSIYON;D_EQ;SSO;D_EQ_ECP;DE_ASELS_ECP;ASELS.E;2026-05-25;3.27;2.25;45.33;0;0;0;0;0;0;0;0;0;0;0;;;;;
2026-05-06;O_ASELSE0526C500.00;ASELS_05/2026_AVRUPA_OPSIYON;D_EQ;SSO;D_EQ_ECP;DE_ASELS_ECP;ASELS.E;2026-05-25;2.24;1.54;45.45;0;0;0;0;0;0;0;0;0;0;0;;;;;
2026-05-06;O_ASELSE0526P280.00;ASELS_05/2026_AVRUPA_OPSIYON;D_EQ;SSO;D_EQ_EPP;DE_ASELS_EPP;ASELS.E;2026-05-25;0.01;0.01;0;0;0;0;0;0;0;0;0;0;0;0;;;;;
2026-05-06;O_ASELSE0526P290.00;ASELS_05/2026_AVRUPA_OPSIYON;D_EQ;SSO;D_EQ_EPP;DE_ASELS_EPP;ASELS.E;2026-05-25;0.01;0.01;0;0;0;0;0;0;0;0;0;0;0;0;;;;;
2026-05-06;O_ASELSE0526P300.00;ASELS_05/2026_AVRUPA_OPSIYON;D_EQ;SSO;D_EQ_EPP;DE_ASELS_EPP;ASELS.E;2026-05-25;0.01;0.01;0;0;0;0;0;0;0;0;0;0;0;0;;;;;
2026-05-06;O_ASELSE0526P310.00;ASELS_05/2026_AVRUPA_OPSIYON;D_EQ;SSO;D_EQ_EPP;DE_ASELS_EPP;ASELS.E;2026-05-25;0.01;0.01;0;0;0;0;0;0;0;0;0;0;0;0;;;;;
2026-05-06;O_ASELSE0526P320.00;ASELS_05/2026_AVRUPA_OPSIYON;D_EQ;SSO;D_EQ_EPP;DE_ASELS_EPP;ASELS.E;2026-05-25;0.01;0.02;-50;0;0;0;0;0;0;0;0;0;0;0;;;;;
2026-05-06;O_ASELSE0526P330.00;ASELS_05/2026_AVRUPA_OPSIYON;D_EQ;SSO;D_EQ_EPP;DE_ASELS_EPP;ASELS.E;2026-05-25;0.01;0.05;-80;0;0;0;0;0;0;0;0;0;0;0;;;;;
2026-05-06;O_ASELSE0526P340.00;ASELS_05/2026_AVRUPA_OPSIYON;D_EQ;SSO;D_EQ_EPP;DE_ASELS_EPP;ASELS.E;2026-05-25;0.04;0.1;-60;0;0;0;0;0;0;0;0;0;86;0;;;;;
2026-05-06;O_ASELSE0526P350.00;ASELS_05/2026_AVRUPA_OPSIYON;D_EQ;SSO;D_EQ_EPP;DE_ASELS_EPP;ASELS.E;2026-05-25;0.08;0.22;-63.64;0;0;0;0;0;0;0;0;0;39;0;;;;;
2026-05-06;O_ASELSE0526P360.00;ASELS_05/2026_AVRUPA_OPSIYON;D_EQ;SSO;D_EQ_EPP;DE_ASELS_EPP;ASELS.E;2026-05-25;0.18;0.43;-58.14;0;0;0;0;0;0;0;0;0;15;0;;;;;
2026-05-06;O_ASELSE0526P370.00;ASELS_05/2026_AVRUPA_OPSIYON;D_EQ;SSO;D_EQ_EPP;DE_ASELS_EPP;ASELS.E;2026-05-25;0.38;0.8;-52.5;0;0;0;0;0;0;0;0;0;38;0;;;;;
2026-05-06;O_ASELSE0526P380.00;ASELS_05/2026_AVRUPA_OPSIYON;D_EQ;SSO;D_EQ_EPP;DE_ASELS_EPP;ASELS.E;2026-05-25;0.72;1.43;-49.65;0;0;0;0;0;0;0;0;0;0;0;;;;;
2026-05-06;O_ASELSE0526P390.00;ASELS_05/2026_AVRUPA_OPSIYON;D_EQ;SSO;D_EQ_EPP;DE_ASELS_EPP;ASELS.E;2026-05-25;1.32;2.41;-45.23;0;0;0;0;0;0;0;0;0;122;0;;;;;
2026-05-06;O_ASELSE0526P400.00;ASELS_05/2026_AVRUPA_OPSIYON;D_EQ;SSO;D_EQ_EPP;DE_ASELS_EPP;ASELS.E;2026-05-25;2.28;3.9;-41.54;0;0;0;0;0;0;0;0;0;577;0;;;;;
2026-05-06;O_ASELSE0526P410.00;ASELS_05/2026_AVRUPA_OPSIYON;D_EQ;SSO;D_EQ_EPP;DE_ASELS_EPP;ASELS.E;2026-05-25;3.76;6.04;-37.75;1.26;1.26;1.26;1.26;1.26;41000;126;1;1;298;-1;;;;;
2026-05-06;O_ASELSE0526P420.00;ASELS_05/2026_AVRUPA_OPSIYON;D_EQ;SSO;D_EQ_EPP;DE_ASELS_EPP;ASELS.E;2026-05-25;6;9.01;-33.41;2.45;2.45;3.9;3.9;2.69;1176000;7540;28;3;261;20;;;;;
2026-05-06;O_ASELSE0526P430.00;ASELS_05/2026_AVRUPA_OPSIYON;D_EQ;SSO;D_EQ_EPP;DE_ASELS_EPP;ASELS.E;2026-05-25;9.13;13.03;-29.93;5.2;4.4;5.2;4.4;4.73;1075000;11815;25;3;45;23;;;;;
2026-05-06;O_ASELSE0526P440.00;ASELS_05/2026_AVRUPA_OPSIYON;D_EQ;SSO;D_EQ_EPP;DE_ASELS_EPP;ASELS.E;2026-05-25;13.27;18.04;-26.44;13.05;7;13.05;7;8.69;3124000;61715;71;9;184;71;;;;;
2026-05-06;O_ASELSE0526P450.00;ASELS_05/2026_AVRUPA_OPSIYON;D_EQ;SSO;D_EQ_EPP;DE_ASELS_EPP;ASELS.E;2026-05-25;18.44;24.1;-23.49;14.05;9.25;14.05;11;11.24;2790000;69700;62;7;107;-40;;;;;
2026-05-06;O_ASELSE0626C340.00;ASELS_06/2026_AVRUPA_OPSIYON;D_EQ;SSO;D_EQ_ECP;DE_ASELS_ECP;ASELS.E;2026-06-30;115.56;106.89;8.11;0;0;0;0;0;0;0;0;0;0;0;;;;;
2026-05-06;O_ASELSE0626C350.00;ASELS_06/2026_AVRUPA_OPSIYON;D_EQ;SSO;D_EQ_ECP;DE_ASELS_ECP;ASELS.E;2026-06-30;106.53;98.02;8.68;0;0;0;0;0;0;0;0;0;0;0;;;;;
2026-05-06;O_ASELSE0626C360.00;ASELS_06/2026_AVRUPA_OPSIYON;D_EQ;SSO;D_EQ_ECP;DE_ASELS_ECP;ASELS.E;2026-06-30;97.63;89.33;9.29;0;0;0;0;0;0;0;0;0;0;0;;;;;
2026-05-06;O_ASELSE0626C370.00;ASELS_06/2026_AVRUPA_OPSIYON;D_EQ;SSO;D_EQ_ECP;DE_ASELS_ECP;ASELS.E;2026-06-30;88.92;80.86;9.97;0;0;0;0;0;0;0;0;0;0;0;;;;;
2026-05-06;O_ASELSE0626C380.00;ASELS_06/2026_AVRUPA_OPSIYON;D_EQ;SSO;D_EQ_ECP;DE_ASELS_ECP;ASELS.E;2026-06-30;80.42;72.64;10.71;0;0;0;0;0;0;0;0;0;0;0;;;;;
2026-05-06;O_ASELSE0626C390.00;ASELS_06/2026_AVRUPA_OPSIYON;D_EQ;SSO;D_EQ_ECP;DE_ASELS_ECP;ASELS.E;2026-06-30;72.19;64.74;11.51;0;0;0;0;0;0;0;0;0;0;0;;;;;
2026-05-06;O_ASELSE0626C400.00;ASELS_06/2026_AVRUPA_OPSIYON;D_EQ;SSO;D_EQ_ECP;DE_ASELS_ECP;ASELS.E;2026-06-30;64.27;57.18;12.4;0;0;0;0;0;0;0;0;0;0;0;;;;;
2026-05-06;O_ASELSE0626C410.00;ASELS_06/2026_AVRUPA_OPSIYON;D_EQ;SSO;D_EQ_ECP;DE_ASELS_ECP;ASELS.E;2026-06-30;56.7;50.02;13.35;0;0;0;0;0;0;0;0;0;0;0;;;;;
2026-05-06;O_ASELSE0626C420.00;ASELS_06/2026_AVRUPA_OPSIYON;D_EQ;SSO;D_EQ_ECP;DE_ASELS_ECP;ASELS.E;2026-06-30;49.54;43.29;14.44;51.75;51.75;51.75;51.75;51.75;840000;103500;20;2;112;20;;;;;
2026-05-06;O_ASELSE0626C430.00;ASELS_06/2026_AVRUPA_OPSIYON;D_EQ;SSO;D_EQ_ECP;DE_ASELS_ECP;ASELS.E;2026-06-30;42.97;37.07;15.92;41.6;41.6;41.6;41.6;41.6;430000;41600;10;1;5;-10;;;;;
2026-05-06;O_ASELSE0626C440.00;ASELS_06/2026_AVRUPA_OPSIYON;D_EQ;SSO;D_EQ_ECP;DE_ASELS_ECP;ASELS.E;2026-06-30;37.02;31.64;17;0;0;0;0;0;0;0;0;0;0;0;;;;;
2026-05-06;O_ASELSE0626C450.00;ASELS_06/2026_AVRUPA_OPSIYON;D_EQ;SSO;D_EQ_ECP;DE_ASELS_ECP;ASELS.E;2026-06-30;31.66;26.76;18.31;33.35;33.35;33.35;33.35;33.35;900000;66700;20;2;40;20;;;;;
2026-05-06;O_ASELSE0626C460.00;ASELS_06/2026_AVRUPA_OPSIYON;D_EQ;SSO;D_EQ_ECP;DE_ASELS_ECP;ASELS.E;2026-06-30;26.94;22.55;19.47;0;0;0;0;0;0;0;0;0;0;0;;;;;
2026-05-06;O_ASELSE0626C470.00;ASELS_06/2026_AVRUPA_OPSIYON;D_EQ;SSO;D_EQ_ECP;DE_ASELS_ECP;ASELS.E;2026-06-30;22.79;18.89;20.65;0;0;0;0;0;0;0;0;0;0;0;;;;;
2026-05-06;O_ASELSE0626C480.00;ASELS_06/2026_AVRUPA_OPSIYON;D_EQ;SSO;D_EQ_ECP;DE_ASELS_ECP;ASELS.E;2026-06-30;19.42;15.89;22.22;0;0;0;0;0;0;0;0;0;0;0;;;;;
2026-05-06;O_ASELSE0626C490.00;ASELS_06/2026_AVRUPA_OPSIYON;D_EQ;SSO;D_EQ_ECP;DE_ASELS_ECP;ASELS.E;2026-06-30;16.51;13.45;22.75;0;0;0;0;0;0;0;0;0;0;0;;;;;
2026-05-06;O_ASELSE0626C500.00;ASELS_06/2026_AVRUPA_OPSIYON;D_EQ;SSO;D_EQ_ECP;DE_ASELS_ECP;ASELS.E;2026-06-30;14.01;11.38;23.11;0;0;0;0;0;0;0;0;0;11;0;;;;;
2026-05-06;O_ASELSE0626C520.00;ASELS_06/2026_AVRUPA_OPSIYON;D_EQ;SSO;D_EQ_ECP;DE_ASELS_ECP;ASELS.E;2026-06-30;10.08;8.15;23.68;0;0;0;0;0;0;0;0;0;1;0;;;;;
2026-05-06;O_ASELSE0626C540.00;ASELS_06/2026_AVRUPA_OPSIYON;D_EQ;SSO;D_EQ_ECP;DE_ASELS_ECP;ASELS.E;2026-06-30;7.25;5.87;23.51;5;5;5;5;5;54000;500;1;1;1;1;;;;;
2026-05-06;O_ASELSE0626P290.00;ASELS_06/2026_AVRUPA_OPSIYON;D_EQ;SSO;D_EQ_EPP;DE_ASELS_EPP;ASELS.E;2026-06-30;0.1;0.18;-44.44;0;0;0;0;0;0;0;0;0;0;0;;;;;
2026-05-06;O_ASELSE0626P300.00;ASELS_06/2026_AVRUPA_OPSIYON;D_EQ;SSO;D_EQ_EPP;DE_ASELS_EPP;ASELS.E;2026-06-30;0.16;0.28;-42.86;0;0;0;0;0;0;0;0;0;0;0;;;;;
2026-05-06;O_ASELSE0626P310.00;ASELS_06/2026_AVRUPA_OPSIYON;D_EQ;SSO;D_EQ_EPP;DE_ASELS_EPP;ASELS.E;2026-06-30;0.25;0.44;-43.18;0;0;0;0;0;0;0;0;0;0;0;;;;;
2026-05-06;O_ASELSE0626P320.00;ASELS_06/2026_AVRUPA_OPSIYON;D_EQ;SSO;D_EQ_EPP;DE_ASELS_EPP;ASELS.E;2026-06-30;0.39;0.65;-40;0;0;0;0;0;0;0;0;0;0;0;;;;;
2026-05-06;O_ASELSE0626P330.00;ASELS_06/2026_AVRUPA_OPSIYON;D_EQ;SSO;D_EQ_EPP;DE_ASELS_EPP;ASELS.E;2026-06-30;0.6;0.96;-37.5;0;0;0;0;0;0;0;0;0;0;0;;;;;
2026-05-06;O_ASELSE0626P340.00;ASELS_06/2026_AVRUPA_OPSIYON;D_EQ;SSO;D_EQ_EPP;DE_ASELS_EPP;ASELS.E;2026-06-30;0.89;1.38;-35.51;0;0;0;0;0;0;0;0;0;0;0;;;;;
2026-05-06;O_ASELSE0626P350.00;ASELS_06/2026_AVRUPA_OPSIYON;D_EQ;SSO;D_EQ_EPP;DE_ASELS_EPP;ASELS.E;2026-06-30;1.3;1.95;-33.33;0;0;0;0;0;0;0;0;0;0;0;;;;;
2026-05-06;O_ASELSE0626P360.00;ASELS_06/2026_AVRUPA_OPSIYON;D_EQ;SSO;D_EQ_EPP;DE_ASELS_EPP;ASELS.E;2026-06-30;1.85;2.69;-31.23;0;0;0;0;0;0;0;0;0;0;0;;;;;
2026-05-06;O_ASELSE0626P370.00;ASELS_06/2026_AVRUPA_OPSIYON;D_EQ;SSO;D_EQ_EPP;DE_ASELS_EPP;ASELS.E;2026-06-30;2.57;3.65;-29.59;0;0;0;0;0;0;0;0;0;0;0;;;;;
2026-05-06;O_ASELSE0626P380.00;ASELS_06/2026_AVRUPA_OPSIYON;D_EQ;SSO;D_EQ_EPP;DE_ASELS_EPP;ASELS.E;2026-06-30;3.52;4.87;-27.72;0;0;0;0;0;0;0;0;0;0;0;;;;;
2026-05-06;O_ASELSE0626P390.00;ASELS_06/2026_AVRUPA_OPSIYON;D_EQ;SSO;D_EQ_EPP;DE_ASELS_EPP;ASELS.E;2026-06-30;4.73;6.4;-26.09;0;0;0;0;0;0;0;0;0;1;0;;;;;
2026-05-06;O_ASELSE0626P400.00;ASELS_06/2026_AVRUPA_OPSIYON;D_EQ;SSO;D_EQ_EPP;DE_ASELS_EPP;ASELS.E;2026-06-30;6.26;8.28;-24.4;0;0;0;0;0;0;0;0;0;1;0;;;;;
2026-05-06;O_ASELSE0626P410.00;ASELS_06/2026_AVRUPA_OPSIYON;D_EQ;SSO;D_EQ_EPP;DE_ASELS_EPP;ASELS.E;2026-06-30;8.13;10.55;-22.94;0;0;0;0;0;0;0;0;0;0;0;;;;;
2026-05-06;O_ASELSE0626P420.00;ASELS_06/2026_AVRUPA_OPSIYON;D_EQ;SSO;D_EQ_EPP;DE_ASELS_EPP;ASELS.E;2026-06-30;10.42;13.26;-21.42;0;0;0;0;0;0;0;0;0;0;0;;;;;
2026-05-06;O_ASELSE0626P430.00;ASELS_06/2026_AVRUPA_OPSIYON;D_EQ;SSO;D_EQ_EPP;DE_ASELS_EPP;ASELS.E;2026-06-30;13.29;16.47;-19.31;0;0;0;0;0;0;0;0;0;0;0;;;;;
2026-05-06;O_ASELSE0626P440.00;ASELS_06/2026_AVRUPA_OPSIYON;D_EQ;SSO;D_EQ_EPP;DE_ASELS_EPP;ASELS.E;2026-06-30;16.78;20.47;-18.03;0;0;0;0;0;0;0;0;0;0;0;;;;;
2026-05-06;O_ASELSE0626P450.00;ASELS_06/2026_AVRUPA_OPSIYON;D_EQ;SSO;D_EQ_EPP;DE_ASELS_EPP;ASELS.E;2026-06-30;20.86;25.02;-16.63;0;0;0;0;0;0;0;0;0;58;0;;;;;
2026-05-06;O_ASELSE0626P460.00;ASELS_06/2026_AVRUPA_OPSIYON;D_EQ;SSO;D_EQ_EPP;DE_ASELS_EPP;ASELS.E;2026-06-30;25.59;30.25;-15.4;0;0;0;0;0;0;0;0;0;20;0;;;;;
2026-05-06;O_ASELSE0626P470.00;ASELS_06/2026_AVRUPA_OPSIYON;D_EQ;SSO;D_EQ_EPP;DE_ASELS_EPP;ASELS.E;2026-06-30;30.89;36.02;-14.24;0;0;0;0;0;0;0;0;0;0;0;;;;;
2026-05-06;O_ASELSE0726C450.00;ASELS_07/2026_AVRUPA_OPSIYON;D_EQ;SSO;D_EQ_ECP;DE_ASELS_ECP;ASELS.E;2026-07-31;50.13;44.35;13.03;0;0;0;0;0;0;0;0;0;0;0;;;;;
2026-05-06;O_ASELSE0726C460.00;ASELS_07/2026_AVRUPA_OPSIYON;D_EQ;SSO;D_EQ_ECP;DE_ASELS_ECP;ASELS.E;2026-07-31;44.71;39.28;13.82;0;0;0;0;0;0;0;0;0;0;0;;;;;
2026-05-06;O_ASELSE0726C470.00;ASELS_07/2026_AVRUPA_OPSIYON;D_EQ;SSO;D_EQ_ECP;DE_ASELS_ECP;ASELS.E;2026-07-31;39.82;34.76;14.56;0;0;0;0;0;0;0;0;0;0;0;;;;;
2026-05-06;O_ASELSE0726C480.00;ASELS_07/2026_AVRUPA_OPSIYON;D_EQ;SSO;D_EQ_ECP;DE_ASELS_ECP;ASELS.E;2026-07-31;35.34;30.69;15.15;0;0;0;0;0;0;0;0;0;0;0;;;;;
2026-05-06;O_ASELSE0726C490.00;ASELS_07/2026_AVRUPA_OPSIYON;D_EQ;SSO;D_EQ_ECP;DE_ASELS_ECP;ASELS.E;2026-07-31;31.59;27.15;16.35;0;0;0;0;0;0;0;0;0;0;0;;;;;
2026-05-06;O_ASELSE0726C500.00;ASELS_07/2026_AVRUPA_OPSIYON;D_EQ;SSO;D_EQ_ECP;DE_ASELS_ECP;ASELS.E;2026-07-31;28.23;24.21;16.6;0;0;0;0;0;0;0;0;0;0;0;;;;;
2026-05-06;O_ASELSE0726C520.00;ASELS_07/2026_AVRUPA_OPSIYON;D_EQ;SSO;D_EQ_ECP;DE_ASELS_ECP;ASELS.E;2026-07-31;22.55;19.28;16.96;0;0;0;0;0;0;0;0;0;0;0;;;;;
2026-05-06;O_ASELSE0726C540.00;ASELS_07/2026_AVRUPA_OPSIYON;D_EQ;SSO;D_EQ_ECP;DE_ASELS_ECP;ASELS.E;2026-07-31;18.05;15.42;17.06;0;0;0;0;0;0;0;0;0;0;0;;;;;
2026-05-06;O_ASELSE0726C560.00;ASELS_07/2026_AVRUPA_OPSIYON;D_EQ;SSO;D_EQ_ECP;DE_ASELS_ECP;ASELS.E;2026-07-31;14.5;9.66;50.1;0;0;0;0;0;0;0;0;0;0;0;;;;;
2026-05-06;O_ASELSE0726P400.00;ASELS_07/2026_AVRUPA_OPSIYON;D_EQ;SSO;D_EQ_EPP;DE_ASELS_EPP;ASELS.E;2026-07-31;6.82;8.61;-20.79;0;0;0;0;0;0;0;0;0;0;0;;;;;
2026-05-06;O_ASELSE0726P410.00;ASELS_07/2026_AVRUPA_OPSIYON;D_EQ;SSO;D_EQ_EPP;DE_ASELS_EPP;ASELS.E;2026-07-31;8.41;10.47;-19.68;0;0;0;0;0;0;0;0;0;0;0;;;;;
2026-05-06;O_ASELSE0726P420.00;ASELS_07/2026_AVRUPA_OPSIYON;D_EQ;SSO;D_EQ_EPP;DE_ASELS_EPP;ASELS.E;2026-07-31;10.27;12.61;-18.56;0;0;0;0;0;0;0;0;0;0;0;;;;;
2026-05-06;O_ASELSE0726P430.00;ASELS_07/2026_AVRUPA_OPSIYON;D_EQ;SSO;D_EQ_EPP;DE_ASELS_EPP;ASELS.E;2026-07-31;12.41;15.07;-17.65;0;0;0;0;0;0;0;0;0;0;0;;;;;
2026-05-06;O_ASELSE0726P440.00;ASELS_07/2026_AVRUPA_OPSIYON;D_EQ;SSO;D_EQ_EPP;DE_ASELS_EPP;ASELS.E;2026-07-31;15.03;17.87;-15.89;0;0;0;0;0;0;0;0;0;0;0;;;;;
2026-05-06;O_ASELSE0726P450.00;ASELS_07/2026_AVRUPA_OPSIYON;D_EQ;SSO;D_EQ_EPP;DE_ASELS_EPP;ASELS.E;2026-07-31;18.15;21.36;-15.03;0;0;0;0;0;0;0;0;0;0;0;;;;;
2026-05-06;O_ASELSE0726P460.00;ASELS_07/2026_AVRUPA_OPSIYON;D_EQ;SSO;D_EQ_EPP;DE_ASELS_EPP;ASELS.E;2026-07-31;21.71;25.26;-14.05;0;0;0;0;0;0;0;0;0;0;0;;;;;
2026-05-06;O_ASELSE0726P470.00;ASELS_07/2026_AVRUPA_OPSIYON;D_EQ;SSO;D_EQ_EPP;DE_ASELS_EPP;ASELS.E;2026-07-31;25.8;29.7;-13.13;0;0;0;0;0;0;0;0;0;0;0;;;;;
2026-05-06;O_ASELSE0726P480.00;ASELS_07/2026_AVRUPA_OPSIYON;D_EQ;SSO;D_EQ_EPP;DE_ASELS_EPP;ASELS.E;2026-07-31;30.29;34.47;-12.13;0;0;0;0;0;0;0;0;0;0;0;;;;;
2026-05-06;O_BIMASE0526C640.00;BIMAS_05/2026_AVRUPA_OPSIYON;D_EQ;SSO;D_EQ_ECP;DE_BIMAS_ECP;BIMAS.E;2026-05-25;153.6;120.55;27.42;0;0;0;0;0;0;0;0;0;0;0;;;;;
2026-05-06;O_BIMASE0526C660.00;BIMAS_05/2026_AVRUPA_OPSIYON;D_EQ;SSO;D_EQ_ECP;DE_BIMAS_ECP;BIMAS.E;2026-05-25;134.13;101.55;32.08;0;0;0;0;0;0;0;0;0;0;0;;;;;
2026-05-06;O_BIMASE0526C680.00;BIMAS_05/2026_AVRUPA_OPSIYON;D_EQ;SSO;D_EQ_ECP;DE_BIMAS_ECP;BIMAS.E;2026-05-25;114.88;83.22;38.04;0;0;0;0;0;0;0;0;0;0;0;;;;;
2026-05-06;O_BIMASE0526C700.00;BIMAS_05/2026_AVRUPA_OPSIYON;D_EQ;SSO;D_EQ_ECP;DE_BIMAS_ECP;BIMAS.E;2026-05-25;96.08;65.99;45.6;0;0;0;0;0;0;0;0;0;1;0;;;;;
2026-05-06;O_BIMASE0526C720.00;BIMAS_05/2026_AVRUPA_OPSIYON;D_EQ;SSO;D_EQ_ECP;DE_BIMAS_ECP;BIMAS.E;2026-05-25;78.08;50.38;54.98;0;0;0;0;0;0;0;0;0;21;0;;;;;
2026-05-06;O_BIMASE0526C740.00;BIMAS_05/2026_AVRUPA_OPSIYON;D_EQ;SSO;D_EQ_ECP;DE_BIMAS_ECP;BIMAS.E;2026-05-25;61.35;36.89;66.31;0;0;0;0;0;0;0;0;0;26;0;;;;;
2026-05-06;O_BIMASE0526C760.00;BIMAS_05/2026_AVRUPA_OPSIYON;D_EQ;SSO;D_EQ_ECP;DE_BIMAS_ECP;BIMAS.E;2026-05-25;46.41;25.78;80.02;33.5;33.5;33.5;33.5;33.5;760000;33500;10;1;46;10;;;;;
2026-05-06;O_BIMASE0526C780.00;BIMAS_05/2026_AVRUPA_OPSIYON;D_EQ;SSO;D_EQ_ECP;DE_BIMAS_ECP;BIMAS.E;2026-05-25;33.62;17.14;96.15;0;0;0;0;0;0;0;0;0;5;0;;;;;
2026-05-06;O_BIMASE0526C800.00;BIMAS_05/2026_AVRUPA_OPSIYON;D_EQ;SSO;D_EQ_ECP;DE_BIMAS_ECP;BIMAS.E;2026-05-25;23.25;10.85;114.29;0;0;0;0;0;0;0;0;0;43;0;;;;;
2026-05-06;O_BIMASE0526C820.00;BIMAS_05/2026_AVRUPA_OPSIYON;D_EQ;SSO;D_EQ_ECP;DE_BIMAS_ECP;BIMAS.E;2026-05-25;15.3;6.5;135.38;11.35;11.35;15.4;14.3;13.52;8200000;135225;100;11;133;100;;;;;
2026-05-06;O_BIMASE0526C840.00;BIMAS_05/2026_AVRUPA_OPSIYON;D_EQ;SSO;D_EQ_ECP;DE_BIMAS_ECP;BIMAS.E;2026-05-25;9.59;3.69;159.89;0;0;0;0;0;0;0;0;0;0;0;;;;;
2026-05-06;O_BIMASE0526C860.00;BIMAS_05/2026_AVRUPA_OPSIYON;D_EQ;SSO;D_EQ_ECP;DE_BIMAS_ECP;BIMAS.E;2026-05-25;5.68;1.98;186.87;0;0;0;0;0;0;0;0;0;36;0;;;;;
2026-05-06;O_BIMASE0526C880.00;BIMAS_05/2026_AVRUPA_OPSIYON;D_EQ;SSO;D_EQ_ECP;DE_BIMAS_ECP;BIMAS.E;2026-05-25;3.19;1.01;215.84;0;0;0;0;0;0;0;0;0;2;0;;;;;
2026-05-06;O_BIMASE0526C900.00;BIMAS_05/2026_AVRUPA_OPSIYON;D_EQ;SSO;D_EQ_ECP;DE_BIMAS_ECP;BIMAS.E;2026-05-25;1.7;0.49;246.94;0;0;0;0;0;0;0;0;0;3;0;;;;;
2026-05-06;O_BIMASE0526C920.00;BIMAS_05/2026_AVRUPA_OPSIYON;D_EQ;SSO;D_EQ_ECP;DE_BIMAS_ECP;BIMAS.E;2026-05-25;0.86;0.22;290.91;0;0;0;0;0;0;0;0;0;0;0;;;;;
2026-05-06;O_BIMASE0526P540.00;BIMAS_05/2026_AVRUPA_OPSIYON;D_EQ;SSO;D_EQ_EPP;DE_BIMAS_EPP;BIMAS.E;2026-05-25;0.01;0.01;0;0;0;0;0;0;0;0;0;0;0;0;;;;;
2026-05-06;O_BIMASE0526P560.00;BIMAS_05/2026_AVRUPA_OPSIYON;D_EQ;SSO;D_EQ_EPP;DE_BIMAS_EPP;BIMAS.E;2026-05-25;0.01;0.01;0;0;0;0;0;0;0;0;0;0;0;0;;;;;
2026-05-06;O_BIMASE0526P580.00;BIMAS_05/2026_AVRUPA_OPSIYON;D_EQ;SSO;D_EQ_EPP;DE_BIMAS_EPP;BIMAS.E;2026-05-25;0.01;0.01;0;0;0;0;0;0;0;0;0;0;0;0;;;;;
2026-05-06;O_BIMASE0526P600.00;BIMAS_05/2026_AVRUPA_OPSIYON;D_EQ;SSO;D_EQ_EPP;DE_BIMAS_EPP;BIMAS.E;2026-05-25;0.01;0.03;-66.67;0;0;0;0;0;0;0;0;0;11;0;;;;;
2026-05-06;O_BIMASE0526P620.00;BIMAS_05/2026_AVRUPA_OPSIYON;D_EQ;SSO;D_EQ_EPP;DE_BIMAS_EPP;BIMAS.E;2026-05-25;0.02;0.12;-83.33;0;0;0;0;0;0;0;0;0;10;0;;;;;
2026-05-06;O_BIMASE0526P640.00;BIMAS_05/2026_AVRUPA_OPSIYON;D_EQ;SSO;D_EQ_EPP;DE_BIMAS_EPP;BIMAS.E;2026-05-25;0.06;0.36;-83.33;0;0;0;0;0;0;0;0;0;0;0;;;;;
2026-05-06;O_BIMASE0526P660.00;BIMAS_05/2026_AVRUPA_OPSIYON;D_EQ;SSO;D_EQ_EPP;DE_BIMAS_EPP;BIMAS.E;2026-05-25;0.2;0.95;-78.95;0;0;0;0;0;0;0;0;0;2;0;;;;;
2026-05-06;O_BIMASE0526P680.00;BIMAS_05/2026_AVRUPA_OPSIYON;D_EQ;SSO;D_EQ_EPP;DE_BIMAS_EPP;BIMAS.E;2026-05-25;0.56;2.2;-74.55;0;0;0;0;0;0;0;0;0;16;0;;;;;
2026-05-06;O_BIMASE0526P700.00;BIMAS_05/2026_AVRUPA_OPSIYON;D_EQ;SSO;D_EQ_EPP;DE_BIMAS_EPP;BIMAS.E;2026-05-25;1.37;4.57;-70.02;0;0;0;0;0;0;0;0;0;50;0;;;;;
2026-05-06;O_BIMASE0526P720.00;BIMAS_05/2026_AVRUPA_OPSIYON;D_EQ;SSO;D_EQ_EPP;DE_BIMAS_EPP;BIMAS.E;2026-05-25;2.98;8.55;-65.15;4.9;3.05;4.9;3.05;3.96;3168000;17440;44;6;294;37;;;;;
2026-05-06;O_BIMASE0526P740.00;BIMAS_05/2026_AVRUPA_OPSIYON;D_EQ;SSO;D_EQ_EPP;DE_BIMAS_EPP;BIMAS.E;2026-05-25;5.86;14.64;-59.97;5.19;4.55;5.2;4.55;4.92;5402000;35950;73;8;128;73;;;;;
2026-05-06;O_BIMASE0526P760.00;BIMAS_05/2026_AVRUPA_OPSIYON;D_EQ;SSO;D_EQ_EPP;DE_BIMAS_EPP;BIMAS.E;2026-05-25;10.53;23.12;-54.46;0;0;0;0;0;0;0;0;0;0;0;;;;;
2026-05-06;O_BIMASE0526P780.00;BIMAS_05/2026_AVRUPA_OPSIYON;D_EQ;SSO;D_EQ_EPP;DE_BIMAS_EPP;BIMAS.E;2026-05-25;17.34;34.07;-49.1;0;0;0;0;0;0;0;0;0;55;0;;;;;
2026-05-06;O_BIMASE0526P800.00;BIMAS_05/2026_AVRUPA_OPSIYON;D_EQ;SSO;D_EQ_EPP;DE_BIMAS_EPP;BIMAS.E;2026-05-25;26.58;47.36;-43.88;0;0;0;0;0;0;0;0;0;36;0;;;;;
2026-05-06;O_BIMASE0526P820.00;BIMAS_05/2026_AVRUPA_OPSIYON;D_EQ;SSO;D_EQ_EPP;DE_BIMAS_EPP;BIMAS.E;2026-05-25;38.24;62.6;-38.91;0;0;0;0;0;0;0;0;0;11;0;;;;;
2026-05-06;O_BIMASE0626C740.00;BIMAS_06/2026_AVRUPA_OPSIYON;D_EQ;SSO;D_EQ_ECP;DE_BIMAS_ECP;BIMAS.E;2026-06-30;95.39;69.96;36.35;0;0;0;0;0;0;0;0;0;10;0;;;;;
2026-05-06;O_BIMASE0626C760.00;BIMAS_06/2026_AVRUPA_OPSIYON;D_EQ;SSO;D_EQ_ECP;DE_BIMAS_ECP;BIMAS.E;2026-06-30;81.31;58.19;39.73;0;0;0;0;0;0;0;0;0;0;0;;;;;
2026-05-06;O_BIMASE0626C780.00;BIMAS_06/2026_AVRUPA_OPSIYON;D_EQ;SSO;D_EQ_ECP;DE_BIMAS_ECP;BIMAS.E;2026-06-30;68.67;47.52;44.51;0;0;0;0;0;0;0;0;0;0;0;;;;;
2026-05-06;O_BIMASE0626C800.00;BIMAS_06/2026_AVRUPA_OPSIYON;D_EQ;SSO;D_EQ_ECP;DE_BIMAS_ECP;BIMAS.E;2026-06-30;56.99;38.32;48.72;0;0;0;0;0;0;0;0;0;0;0;;;;;
2026-05-06;O_BIMASE0626C820.00;BIMAS_06/2026_AVRUPA_OPSIYON;D_EQ;SSO;D_EQ_ECP;DE_BIMAS_ECP;BIMAS.E;2026-06-30;46.75;30.33;54.14;0;0;0;0;0;0;0;0;0;0;0;;;;;
2026-05-06;O_BIMASE0626C840.00;BIMAS_06/2026_AVRUPA_OPSIYON;D_EQ;SSO;D_EQ_ECP;DE_BIMAS_ECP;BIMAS.E;2026-06-30;37.65;23.83;57.99;0;0;0;0;0;0;0;0;0;0;0;;;;;
2026-05-06;O_BIMASE0626C860.00;BIMAS_06/2026_AVRUPA_OPSIYON;D_EQ;SSO;D_EQ_ECP;DE_BIMAS_ECP;BIMAS.E;2026-06-30;30.16;18.26;65.17;0;0;0;0;0;0;0;0;0;0;0;;;;;
2026-05-06;O_BIMASE0626C880.00;BIMAS_06/2026_AVRUPA_OPSIYON;D_EQ;SSO;D_EQ_ECP;DE_BIMAS_ECP;BIMAS.E;2026-06-30;23.53;13.75;71.13;0;0;0;0;0;0;0;0;0;0;0;;;;;
2026-05-06;O_BIMASE0626C900.00;BIMAS_06/2026_AVRUPA_OPSIYON;D_EQ;SSO;D_EQ_ECP;DE_BIMAS_ECP;BIMAS.E;2026-06-30;18.04;10.17;77.38;0;0;0;0;0;0;0;0;0;0;0;;;;;
2026-05-06;O_BIMASE0626C920.00;BIMAS_06/2026_AVRUPA_OPSIYON;D_EQ;SSO;D_EQ_ECP;DE_BIMAS_ECP;BIMAS.E;2026-06-30;13.58;7.38;84.01;0;0;0;0;0;0;0;0;0;0;0;;;;;
2026-05-06;O_BIMASE0626C940.00;BIMAS_06/2026_AVRUPA_OPSIYON;D_EQ;SSO;D_EQ_ECP;DE_BIMAS_ECP;BIMAS.E;2026-06-30;10.03;5.26;90.68;0;0;0;0;0;0;0;0;0;0;0;;;;;
2026-05-06;O_BIMASE0626P640.00;BIMAS_06/2026_AVRUPA_OPSIYON;D_EQ;SSO;D_EQ_EPP;DE_BIMAS_EPP;BIMAS.E;2026-06-30;1.78;3.25;-45.23;0;0;0;0;0;0;0;0;0;1;0;;;;;
2026-05-06;O_BIMASE0626P660.00;BIMAS_06/2026_AVRUPA_OPSIYON;D_EQ;SSO;D_EQ_EPP;DE_BIMAS_EPP;BIMAS.E;2026-06-30;2.85;5.07;-43.79;0;0;0;0;0;0;0;0;0;0;0;;;;;
2026-05-06;O_BIMASE0626P680.00;BIMAS_06/2026_AVRUPA_OPSIYON;D_EQ;SSO;D_EQ_EPP;DE_BIMAS_EPP;BIMAS.E;2026-06-30;4.39;7.6;-42.24;0;0;0;0;0;0;0;0;0;0;0;;;;;
2026-05-06;O_BIMASE0626P700.00;BIMAS_06/2026_AVRUPA_OPSIYON;D_EQ;SSO;D_EQ_EPP;DE_BIMAS_EPP;BIMAS.E;2026-06-30;6.53;11.01;-40.69;0;0;0;0;0;0;0;0;0;0;0;;;;;
2026-05-06;O_BIMASE0626P720.00;BIMAS_06/2026_AVRUPA_OPSIYON;D_EQ;SSO;D_EQ_EPP;DE_BIMAS_EPP;BIMAS.E;2026-06-30;9.42;15.45;-39.03;0;0;0;0;0;0;0;0;0;0;0;;;;;
2026-05-06;O_BIMASE0626P740.00;BIMAS_06/2026_AVRUPA_OPSIYON;D_EQ;SSO;D_EQ_EPP;DE_BIMAS_EPP;BIMAS.E;2026-06-30;13.21;21.05;-37.24;0;0;0;0;0;0;0;0;0;0;0;;;;;
2026-05-06;O_BIMASE0626P760.00;BIMAS_06/2026_AVRUPA_OPSIYON;D_EQ;SSO;D_EQ_EPP;DE_BIMAS_EPP;BIMAS.E;2026-06-30;18.01;28.14;-36;0;0;0;0;0;0;0;0;0;0;0;;;;;
2026-05-06;O_BIMASE0626P780.00;BIMAS_06/2026_AVRUPA_OPSIYON;D_EQ;SSO;D_EQ_EPP;DE_BIMAS_EPP;BIMAS.E;2026-06-30;24.26;36.35;-33.26;0;0;0;0;0;0;0;0;0;0;0;;;;;
2026-05-06;O_BIMASE0626P800.00;BIMAS_06/2026_AVRUPA_OPSIYON;D_EQ;SSO;D_EQ_EPP;DE_BIMAS_EPP;BIMAS.E;2026-06-30;31.47;46.02;-31.62;0;0;0;0;0;0;0;0;0;0;0;;;;;
2026-05-06;O_BIMASE0626P820.00;BIMAS_06/2026_AVRUPA_OPSIYON;D_EQ;SSO;D_EQ_EPP;DE_BIMAS_EPP;BIMAS.E;2026-06-30;40.12;56.89;-29.48;0;0;0;0;0;0;0;0;0;0;0;;;;;
2026-05-06;O_BIMASE0626P840.00;BIMAS_06/2026_AVRUPA_OPSIYON;D_EQ;SSO;D_EQ_EPP;DE_BIMAS_EPP;BIMAS.E;2026-06-30;49.9;69.26;-27.95;0;0;0;0;0;0;0;0;0;10;0;;;;;
2026-05-06;O_BIMASE0726C780.00;BIMAS_07/2026_AVRUPA_OPSIYON;D_EQ;SSO;D_EQ_ECP;DE_BIMAS_ECP;BIMAS.E;2026-07-31;104.48;79.8;30.93;0;0;0;0;0;0;0;0;0;0;0;;;;;
2026-05-06;O_BIMASE0726C800.00;BIMAS_07/2026_AVRUPA_OPSIYON;D_EQ;SSO;D_EQ_ECP;DE_BIMAS_ECP;BIMAS.E;2026-07-31;91.75;69.05;32.87;0;0;0;0;0;0;0;0;0;0;0;;;;;
2026-05-06;O_BIMASE0726C820.00;BIMAS_07/2026_AVRUPA_OPSIYON;D_EQ;SSO;D_EQ_ECP;DE_BIMAS_ECP;BIMAS.E;2026-07-31;80.22;59.1;35.74;0;0;0;0;0;0;0;0;0;0;0;;;;;
2026-05-06;O_BIMASE0726C840.00;BIMAS_07/2026_AVRUPA_OPSIYON;D_EQ;SSO;D_EQ_ECP;DE_BIMAS_ECP;BIMAS.E;2026-07-31;69.38;50.26;38.04;0;0;0;0;0;0;0;0;0;0;0;;;;;
2026-05-06;O_BIMASE0726C860.00;BIMAS_07/2026_AVRUPA_OPSIYON;D_EQ;SSO;D_EQ_ECP;DE_BIMAS_ECP;BIMAS.E;2026-07-31;59.64;42.05;41.83;0;0;0;0;0;0;0;0;0;0;0;;;;;
2026-05-06;O_BIMASE0726C880.00;BIMAS_07/2026_AVRUPA_OPSIYON;D_EQ;SSO;D_EQ_ECP;DE_BIMAS_ECP;BIMAS.E;2026-07-31;50.4;35.07;43.71;0;0;0;0;0;0;0;0;0;0;0;;;;;
2026-05-06;O_BIMASE0726C900.00;BIMAS_07/2026_AVRUPA_OPSIYON;D_EQ;SSO;D_EQ_ECP;DE_BIMAS_ECP;BIMAS.E;2026-07-31;42.5;28.98;46.65;0;0;0;0;0;0;0;0;0;0;0;;;;;
2026-05-06;O_BIMASE0726C920.00;BIMAS_07/2026_AVRUPA_OPSIYON;D_EQ;SSO;D_EQ_ECP;DE_BIMAS_ECP;BIMAS.E;2026-07-31;35.49;23.71;49.68;0;0;0;0;0;0;0;0;0;0;0;;;;;
2026-05-06;O_BIMASE0726C940.00;BIMAS_07/2026_AVRUPA_OPSIYON;D_EQ;SSO;D_EQ_ECP;DE_BIMAS_ECP;BIMAS.E;2026-07-31;29.34;;0;0;0;0;0;0;0;0;0;0;0;0;;;;;
2026-05-06;O_BIMASE0726P680.00;BIMAS_07/2026_AVRUPA_OPSIYON;D_EQ;SSO;D_EQ_EPP;DE_BIMAS_EPP;BIMAS.E;2026-07-31;6.28;9.08;-30.84;0;0;0;0;0;0;0;0;0;0;0;;;;;
2026-05-06;O_BIMASE0726P700.00;BIMAS_07/2026_AVRUPA_OPSIYON;D_EQ;SSO;D_EQ_EPP;DE_BIMAS_EPP;BIMAS.E;2026-07-31;8.47;12.14;-30.23;0;0;0;0;0;0;0;0;0;0;0;;;;;
2026-05-06;O_BIMASE0726P720.00;BIMAS_07/2026_AVRUPA_OPSIYON;D_EQ;SSO;D_EQ_EPP;DE_BIMAS_EPP;BIMAS.E;2026-07-31;11.2;15.9;-29.56;0;0;0;0;0;0;0;0;0;0;0;;;;;
2026-05-06;O_BIMASE0726P740.00;BIMAS_07/2026_AVRUPA_OPSIYON;D_EQ;SSO;D_EQ_EPP;DE_BIMAS_EPP;BIMAS.E;2026-07-31;14.54;20.44;-28.86;0;0;0;0;0;0;0;0;0;0;0;;;;;
2026-05-06;O_BIMASE0726P760.00;BIMAS_07/2026_AVRUPA_OPSIYON;D_EQ;SSO;D_EQ_EPP;DE_BIMAS_EPP;BIMAS.E;2026-07-31;18.57;25.81;-28.05;0;0;0;0;0;0;0;0;0;0;0;;;;;
2026-05-06;O_BIMASE0726P780.00;BIMAS_07/2026_AVRUPA_OPSIYON;D_EQ;SSO;D_EQ_EPP;DE_BIMAS_EPP;BIMAS.E;2026-07-31;23.36;31.8;-26.54;0;0;0;0;0;0;0;0;0;0;0;;;;;
2026-05-06;O_BIMASE0726P800.00;BIMAS_07/2026_AVRUPA_OPSIYON;D_EQ;SSO;D_EQ_EPP;DE_BIMAS_EPP;BIMAS.E;2026-07-31;28.58;38.98;-26.68;0;0;0;0;0;0;0;0;0;0;0;;;;;
2026-05-06;O_BIMASE0726P820.00;BIMAS_07/2026_AVRUPA_OPSIYON;D_EQ;SSO;D_EQ_EPP;DE_BIMAS_EPP;BIMAS.E;2026-07-31;34.99;46.95;-25.47;0;0;0;0;0;0;0;0;0;0;0;;;;;
2026-05-06;O_BIMASE0726P840.00;BIMAS_07/2026_AVRUPA_OPSIYON;D_EQ;SSO;D_EQ_EPP;DE_BIMAS_EPP;BIMAS.E;2026-07-31;42.09;;0;0;0;0;0;0;0;0;0;0;0;0;;;;;
2026-05-06;O_EKGYOE0526C19.50;EKGYO_05/2026_AVRUPA_OPSIYON;D_EQ;SSO;D_EQ_ECP;DE_EKGYO_ECP;EKGYO.E;2026-05-25;2.22;1.47;51.02;0;0;0;0;0;0;0;0;0;103;0;;;;;
2026-05-06;O_EKGYOE0526C20.00;EKGYO_05/2026_AVRUPA_OPSIYON;D_EQ;SSO;D_EQ_ECP;DE_EKGYO_ECP;EKGYO.E;2026-05-25;1.82;1.14;59.65;0;0;0;0;0;0;0;0;0;0;0;;;;;
2026-05-06;O_EKGYOE0526C20.50;EKGYO_05/2026_AVRUPA_OPSIYON;D_EQ;SSO;D_EQ_ECP;DE_EKGYO_ECP;EKGYO.E;2026-05-25;1.45;0.86;68.6;1.09;1.09;1.09;1.09;1.09;205000;10900;100;1;2600;-100;;;;;
2026-05-06;O_EKGYOE0526C21.00;EKGYO_05/2026_AVRUPA_OPSIYON;D_EQ;SSO;D_EQ_ECP;DE_EKGYO_ECP;EKGYO.E;2026-05-25;1.13;0.63;79.37;0.79;0.79;1.12;1.12;0.79;424200;16024;202;4;1000;0;;;;;
2026-05-06;O_EKGYOE0526C21.50;EKGYO_05/2026_AVRUPA_OPSIYON;D_EQ;SSO;D_EQ_ECP;DE_EKGYO_ECP;EKGYO.E;2026-05-25;0.85;0.45;88.89;0.62;0.62;0.81;0.73;0.73;1139500;38681;530;11;6354;520;;;;;
2026-05-06;O_EKGYOE0526C22.00;EKGYO_05/2026_AVRUPA_OPSIYON;D_EQ;SSO;D_EQ_ECP;DE_EKGYO_ECP;EKGYO.E;2026-05-25;0.63;0.31;103.23;0.4;0.4;0.6;0.6;0.57;1344200;34846;611;18;7568;-111;;;;;
2026-05-06;O_EKGYOE0526C22.50;EKGYO_05/2026_AVRUPA_OPSIYON;D_EQ;SSO;D_EQ_ECP;DE_EKGYO_ECP;EKGYO.E;2026-05-25;0.45;0.21;114.29;0.33;0.27;0.36;0.27;0.32;9225000;132750;4100;16;8700;-3450;;;;;
2026-05-06;O_EKGYOE0526C23.00;EKGYO_05/2026_AVRUPA_OPSIYON;D_EQ;SSO;D_EQ_ECP;DE_EKGYO_ECP;EKGYO.E;2026-05-25;0.31;0.14;121.43;0.15;0.15;0.22;0.17;0.21;1653700;15391;719;12;1719;719;;;;;
2026-05-06;O_EKGYOE0526C23.50;EKGYO_05/2026_AVRUPA_OPSIYON;D_EQ;SSO;D_EQ_ECP;DE_EKGYO_ECP;EKGYO.E;2026-05-25;0.21;0.09;133.33;0.1;0.1;0.17;0.17;0.14;21150;124;9;9;9;9;;;;;
2026-05-06;O_EKGYOE0526C24.00;EKGYO_05/2026_AVRUPA_OPSIYON;D_EQ;SSO;D_EQ_ECP;DE_EKGYO_ECP;EKGYO.E;2026-05-25;0.14;0.05;180;0;0;0;0;0;0;0;0;0;0;0;;;;;
2026-05-06;O_EKGYOE0526C24.50;EKGYO_05/2026_AVRUPA_OPSIYON;D_EQ;SSO;D_EQ_ECP;DE_EKGYO_ECP;EKGYO.E;2026-05-25;0.09;0.03;200;0;0;0;0;0;0;0;0;0;0;0;;;;;
2026-05-06;O_EKGYOE0526C25.00;EKGYO_05/2026_AVRUPA_OPSIYON;D_EQ;SSO;D_EQ_ECP;DE_EKGYO_ECP;EKGYO.E;2026-05-25;0.05;0.02;150;0;0;0;0;0;0;0;0;0;904;0;;;;;
2026-05-06;O_EKGYOE0526C26.00;EKGYO_05/2026_AVRUPA_OPSIYON;D_EQ;SSO;D_EQ_ECP;DE_EKGYO_ECP;EKGYO.E;2026-05-25;0.02;0.01;100;0;0;0;0;0;0;0;0;0;12;0;;;;;
2026-05-06;O_EKGYOE0526C27.00;EKGYO_05/2026_AVRUPA_OPSIYON;D_EQ;SSO;D_EQ_ECP;DE_EKGYO_ECP;EKGYO.E;2026-05-25;0.01;0.01;0;0;0;0;0;0;0;0;0;0;250;0;;;;;
2026-05-06;O_EKGYOE0526C28.00;EKGYO_05/2026_AVRUPA_OPSIYON;D_EQ;SSO;D_EQ_ECP;DE_EKGYO_ECP;EKGYO.E;2026-05-25;0.01;0.01;0;0;0;0;0;0;0;0;0;0;0;0;;;;;
2026-05-06;O_EKGYOE0526C29.00;EKGYO_05/2026_AVRUPA_OPSIYON;D_EQ;SSO;D_EQ_ECP;DE_EKGYO_ECP;EKGYO.E;2026-05-25;0.01;0.01;0;0;0;0;0;0;0;0;0;0;0;0;;;;;
2026-05-06;O_EKGYOE0526C30.00;EKGYO_05/2026_AVRUPA_OPSIYON;D_EQ;SSO;D_EQ_ECP;DE_EKGYO_ECP;EKGYO.E;2026-05-25;0.01;0.01;0;0;0;0;0;0;0;0;0;0;0;0;;;;;
2026-05-06;O_EKGYOE0526C31.00;EKGYO_05/2026_AVRUPA_OPSIYON;D_EQ;SSO;D_EQ_ECP;DE_EKGYO_ECP;EKGYO.E;2026-05-25;0.01;0.01;0;0;0;0;0;0;0;0;0;0;0;0;;;;;
2026-05-06;O_EKGYOE0526C32.00;EKGYO_05/2026_AVRUPA_OPSIYON;D_EQ;SSO;D_EQ_ECP;DE_EKGYO_ECP;EKGYO.E;2026-05-25;0.01;0.01;0;0;0;0;0;0;0;0;0;0;0;0;;;;;
2026-05-06;O_EKGYOE0526P17.00;EKGYO_05/2026_AVRUPA_OPSIYON;D_EQ;SSO;D_EQ_EPP;DE_EKGYO_EPP;EKGYO.E;2026-05-25;0.01;0.01;0;0;0;0;0;0;0;0;0;0;0;0;;;;;
2026-05-06;O_EKGYOE0526P17.50;EKGYO_05/2026_AVRUPA_OPSIYON;D_EQ;SSO;D_EQ_EPP;DE_EKGYO_EPP;EKGYO.E;2026-05-25;0.01;0.03;-66.67;0;0;0;0;0;0;0;0;0;0;0;;;;;
2026-05-06;O_EKGYOE0526P18.00;EKGYO_05/2026_AVRUPA_OPSIYON;D_EQ;SSO;D_EQ_EPP;DE_EKGYO_EPP;EKGYO.E;2026-05-25;0.02;0.06;-66.67;0;0;0;0;0;0;0;0;0;0;0;;;;;
2026-05-06;O_EKGYOE0526P18.50;EKGYO_05/2026_AVRUPA_OPSIYON;D_EQ;SSO;D_EQ_EPP;DE_EKGYO_EPP;EKGYO.E;2026-05-25;0.03;0.11;-72.73;0;0;0;0;0;0;0;0;0;47;0;;;;;
2026-05-06;O_EKGYOE0526P19.00;EKGYO_05/2026_AVRUPA_OPSIYON;D_EQ;SSO;D_EQ_EPP;DE_EKGYO_EPP;EKGYO.E;2026-05-25;0.07;0.19;-63.16;0;0;0;0;0;0;0;0;0;13053;0;;;;;
2026-05-06;O_EKGYOE0526P19.50;EKGYO_05/2026_AVRUPA_OPSIYON;D_EQ;SSO;D_EQ_EPP;DE_EKGYO_EPP;EKGYO.E;2026-05-25;0.12;0.31;-61.29;0;0;0;0;0;0;0;0;0;6633;0;;;;;
2026-05-06;O_EKGYOE0526P20.00;EKGYO_05/2026_AVRUPA_OPSIYON;D_EQ;SSO;D_EQ_EPP;DE_EKGYO_EPP;EKGYO.E;2026-05-25;0.21;0.47;-55.32;0.16;0.16;0.16;0.16;0.16;3672000;29376;1836;2;4368;1836;;;;;
2026-05-06;O_EKGYOE0526P20.50;EKGYO_05/2026_AVRUPA_OPSIYON;D_EQ;SSO;D_EQ_EPP;DE_EKGYO_EPP;EKGYO.E;2026-05-25;0.33;0.68;-51.47;0.25;0.25;0.25;0.25;0.25;2050000;25000;1000;9;5800;-200;;;;;
2026-05-06;O_EKGYOE0526P21.00;EKGYO_05/2026_AVRUPA_OPSIYON;D_EQ;SSO;D_EQ_EPP;DE_EKGYO_EPP;EKGYO.E;2026-05-25;0.5;0.94;-46.81;0.34;0.34;0.34;0.34;0.34;2100;34;1;1;1670;-1;;;;;
2026-05-06;O_EKGYOE0526P21.50;EKGYO_05/2026_AVRUPA_OPSIYON;D_EQ;SSO;D_EQ_EPP;DE_EKGYO_EPP;EKGYO.E;2026-05-25;0.71;1.25;-43.2;0;0;0;0;0;0;0;0;0;1450;0;;;;;
2026-05-06;O_EKGYOE0526P22.00;EKGYO_05/2026_AVRUPA_OPSIYON;D_EQ;SSO;D_EQ_EPP;DE_EKGYO_EPP;EKGYO.E;2026-05-25;0.98;1.6;-38.75;0.85;0.85;0.85;0.85;0.85;7158800;276590;3254;9;3254;3254;;;;;
2026-05-06;O_EKGYOE0526P22.50;EKGYO_05/2026_AVRUPA_OPSIYON;D_EQ;SSO;D_EQ_EPP;DE_EKGYO_EPP;EKGYO.E;2026-05-25;1.29;1.99;-35.18;0;0;0;0;0;0;0;0;0;1330;0;;;;;
2026-05-06;O_EKGYOE0526P23.00;EKGYO_05/2026_AVRUPA_OPSIYON;D_EQ;SSO;D_EQ_EPP;DE_EKGYO_EPP;EKGYO.E;2026-05-25;1.64;2.4;-31.67;0;0;0;0;0;0;0;0;0;0;0;;;;;
2026-05-06;O_EKGYOE0526P23.50;EKGYO_05/2026_AVRUPA_OPSIYON;D_EQ;SSO;D_EQ_EPP;DE_EKGYO_EPP;EKGYO.E;2026-05-25;2.03;2.84;-28.52;0;0;0;0;0;0;0;0;0;6000;0;;;;;
2026-05-06;O_EKGYOE0526P24.00;EKGYO_05/2026_AVRUPA_OPSIYON;D_EQ;SSO;D_EQ_EPP;DE_EKGYO_EPP;EKGYO.E;2026-05-25;2.45;3.3;-25.76;0;0;0;0;0;0;0;0;0;20834;0;;;;;
2026-05-06;O_EKGYOE0526P24.50;EKGYO_05/2026_AVRUPA_OPSIYON;D_EQ;SSO;D_EQ_EPP;DE_EKGYO_EPP;EKGYO.E;2026-05-25;2.89;3.77;-23.34;0;0;0;0;0;0;0;0;0;0;0;;;;;
2026-05-06;O_EKGYOE0526P25.00;EKGYO_05/2026_AVRUPA_OPSIYON;D_EQ;SSO;D_EQ_EPP;DE_EKGYO_EPP;EKGYO.E;2026-05-25;3.34;4.24;-21.23;0;0;0;0;0;0;0;0;0;0;0;;;;;
2026-05-06;O_EKGYOE0526P26.00;EKGYO_05/2026_AVRUPA_OPSIYON;D_EQ;SSO;D_EQ_EPP;DE_EKGYO_EPP;EKGYO.E;2026-05-25;4.29;5.21;-17.66;0;0;0;0;0;0;0;0;0;0;0;;;;;
2026-05-06;O_EKGYOE0526P27.00;EKGYO_05/2026_AVRUPA_OPSIYON;D_EQ;SSO;D_EQ_EPP;DE_EKGYO_EPP;EKGYO.E;2026-05-25;5.26;6.19;-15.02;0;0;0;0;0;0;0;0;0;0;0;;;;;
2026-05-06;O_EKGYOE0626C20.50;EKGYO_06/2026_AVRUPA_OPSIYON;D_EQ;SSO;D_EQ_ECP;DE_EKGYO_ECP;EKGYO.E;2026-06-30;2.41;1.77;36.16;0;0;0;0;0;0;0;0;0;50;0;;;;;
2026-05-06;O_EKGYOE0626C21.00;EKGYO_06/2026_AVRUPA_OPSIYON;D_EQ;SSO;D_EQ_ECP;DE_EKGYO_ECP;EKGYO.E;2026-06-30;2.1;1.51;39.07;0;0;0;0;0;0;0;0;0;0;0;;;;;
2026-05-06;O_EKGYOE0626C21.50;EKGYO_06/2026_AVRUPA_OPSIYON;D_EQ;SSO;D_EQ_ECP;DE_EKGYO_ECP;EKGYO.E;2026-06-30;1.81;1.28;41.41;0;0;0;0;0;0;0;0;0;0;0;;;;;
2026-05-06;O_EKGYOE0626C22.00;EKGYO_06/2026_AVRUPA_OPSIYON;D_EQ;SSO;D_EQ_ECP;DE_EKGYO_ECP;EKGYO.E;2026-06-30;1.55;1.07;44.86;0;0;0;0;0;0;0;0;0;0;0;;;;;
2026-05-06;O_EKGYOE0626C22.50;EKGYO_06/2026_AVRUPA_OPSIYON;D_EQ;SSO;D_EQ_ECP;DE_EKGYO_ECP;EKGYO.E;2026-06-30;1.32;0.89;48.31;0;0;0;0;0;0;0;0;0;0;0;;;;;
2026-05-06;O_EKGYOE0626C23.00;EKGYO_06/2026_AVRUPA_OPSIYON;D_EQ;SSO;D_EQ_ECP;DE_EKGYO_ECP;EKGYO.E;2026-06-30;1.11;0.74;50;0;0;0;0;0;0;0;0;0;0;0;;;;;
2026-05-06;O_EKGYOE0626C23.50;EKGYO_06/2026_AVRUPA_OPSIYON;D_EQ;SSO;D_EQ_ECP;DE_EKGYO_ECP;EKGYO.E;2026-06-30;0.93;0.6;55;0;0;0;0;0;0;0;0;0;0;0;;;;;
2026-05-06;O_EKGYOE0626C24.00;EKGYO_06/2026_AVRUPA_OPSIYON;D_EQ;SSO;D_EQ_ECP;DE_EKGYO_ECP;EKGYO.E;2026-06-30;0.77;0.49;57.14;0;0;0;0;0;0;0;0;0;0;0;;;;;
2026-05-06;O_EKGYOE0626C24.50;EKGYO_06/2026_AVRUPA_OPSIYON;D_EQ;SSO;D_EQ_ECP;DE_EKGYO_ECP;EKGYO.E;2026-06-30;0.64;0.4;60;0.4;0.4;0.4;0.4;0.4;24500;400;10;1;10;10;;;;;
2026-05-06;O_EKGYOE0626C25.00;EKGYO_06/2026_AVRUPA_OPSIYON;D_EQ;SSO;D_EQ_ECP;DE_EKGYO_ECP;EKGYO.E;2026-06-30;0.52;0.32;62.5;0.16;0.16;0.23;0.23;0.19;17500;131;7;7;9;7;;;;;
2026-05-06;O_EKGYOE0626C26.00;EKGYO_06/2026_AVRUPA_OPSIYON;D_EQ;SSO;D_EQ_ECP;DE_EKGYO_ECP;EKGYO.E;2026-06-30;0.34;0.2;70;0.1;0.1;0.19;0.19;0.15;31200;180;12;12;12;12;;;;;
2026-05-06;O_EKGYOE0626C27.00;EKGYO_06/2026_AVRUPA_OPSIYON;D_EQ;SSO;D_EQ_ECP;DE_EKGYO_ECP;EKGYO.E;2026-06-30;0.22;0.12;83.33;0;0;0;0;0;0;0;0;0;0;0;;;;;
2026-05-06;O_EKGYOE0626C28.00;EKGYO_06/2026_AVRUPA_OPSIYON;D_EQ;SSO;D_EQ_ECP;DE_EKGYO_ECP;EKGYO.E;2026-06-30;0.14;0.07;100;0;0;0;0;0;0;0;0;0;0;0;;;;;
2026-05-06;O_EKGYOE0626C29.00;EKGYO_06/2026_AVRUPA_OPSIYON;D_EQ;SSO;D_EQ_ECP;DE_EKGYO_ECP;EKGYO.E;2026-06-30;0.08;0.04;100;0;0;0;0;0;0;0;0;0;0;0;;;;;
2026-05-06;O_EKGYOE0626P18.00;EKGYO_06/2026_AVRUPA_OPSIYON;D_EQ;SSO;D_EQ_EPP;DE_EKGYO_EPP;EKGYO.E;2026-06-30;0.11;0.2;-45;0;0;0;0;0;0;0;0;0;0;0;;;;;
2026-05-06;O_EKGYOE0626P18.50;EKGYO_06/2026_AVRUPA_OPSIYON;D_EQ;SSO;D_EQ_EPP;DE_EKGYO_EPP;EKGYO.E;2026-06-30;0.16;0.28;-42.86;0;0;0;0;0;0;0;0;0;0;0;;;;;
2026-05-06;O_EKGYOE0626P19.00;EKGYO_06/2026_AVRUPA_OPSIYON;D_EQ;SSO;D_EQ_EPP;DE_EKGYO_EPP;EKGYO.E;2026-06-30;0.22;0.39;-43.59;0;0;0;0;0;0;0;0;0;0;0;;;;;
2026-05-06;O_EKGYOE0626P19.50;EKGYO_06/2026_AVRUPA_OPSIYON;D_EQ;SSO;D_EQ_EPP;DE_EKGYO_EPP;EKGYO.E;2026-06-30;0.31;0.51;-39.22;0;0;0;0;0;0;0;0;0;0;0;;;;;
2026-05-06;O_EKGYOE0626P20.00;EKGYO_06/2026_AVRUPA_OPSIYON;D_EQ;SSO;D_EQ_EPP;DE_EKGYO_EPP;EKGYO.E;2026-06-30;0.42;0.67;-37.31;0;0;0;0;0;0;0;0;0;0;0;;;;;
2026-05-06;O_EKGYOE0626P20.50;EKGYO_06/2026_AVRUPA_OPSIYON;D_EQ;SSO;D_EQ_EPP;DE_EKGYO_EPP;EKGYO.E;2026-06-30;0.55;0.85;-35.29;0;0;0;0;0;0;0;0;0;0;0;;;;;
2026-05-06;O_EKGYOE0626P21.00;EKGYO_06/2026_AVRUPA_OPSIYON;D_EQ;SSO;D_EQ_EPP;DE_EKGYO_EPP;EKGYO.E;2026-06-30;0.71;1.06;-33.02;0;0;0;0;0;0;0;0;0;0;0;;;;;
2026-05-06;O_EKGYOE0626P21.50;EKGYO_06/2026_AVRUPA_OPSIYON;D_EQ;SSO;D_EQ_EPP;DE_EKGYO_EPP;EKGYO.E;2026-06-30;0.89;1.3;-31.54;0;0;0;0;0;0;0;0;0;0;0;;;;;
2026-05-06;O_EKGYOE0626P22.00;EKGYO_06/2026_AVRUPA_OPSIYON;D_EQ;SSO;D_EQ_EPP;DE_EKGYO_EPP;EKGYO.E;2026-06-30;1.11;1.57;-29.3;0;0;0;0;0;0;0;0;0;5000;0;;;;;
2026-05-06;O_EKGYOE0626P22.50;EKGYO_06/2026_AVRUPA_OPSIYON;D_EQ;SSO;D_EQ_EPP;DE_EKGYO_EPP;EKGYO.E;2026-06-30;1.34;1.86;-27.96;0;0;0;0;0;0;0;0;0;0;0;;;;;
2026-05-06;O_EKGYOE0626P23.00;EKGYO_06/2026_AVRUPA_OPSIYON;D_EQ;SSO;D_EQ_EPP;DE_EKGYO_EPP;EKGYO.E;2026-06-30;1.61;2.17;-25.81;1.81;1.81;1.85;1.85;1.84;3335000;266450;1450;5;1450;1450;;;;;
2026-05-06;O_EKGYOE0626P23.50;EKGYO_06/2026_AVRUPA_OPSIYON;D_EQ;SSO;D_EQ_EPP;DE_EKGYO_EPP;EKGYO.E;2026-06-30;1.9;2.51;-24.3;0;0;0;0;0;0;0;0;0;0;0;;;;;
2026-05-06;O_EKGYOE0626P24.00;EKGYO_06/2026_AVRUPA_OPSIYON;D_EQ;SSO;D_EQ_EPP;DE_EKGYO_EPP;EKGYO.E;2026-06-30;2.22;2.87;-22.65;0;0;0;0;0;0;0;0;0;0;0;;;;;
2026-05-06;O_EKGYOE0626P24.50;EKGYO_06/2026_AVRUPA_OPSIYON;D_EQ;SSO;D_EQ_EPP;DE_EKGYO_EPP;EKGYO.E;2026-06-30;2.55;3.25;-21.54;0;0;0;0;0;0;0;0;0;0;0;;;;;
2026-05-06;O_EKGYOE0726C21.00;EKGYO_07/2026_AVRUPA_OPSIYON;D_EQ;SSO;D_EQ_ECP;DE_EKGYO_ECP;EKGYO.E;2026-07-31;3.03;2.37;27.85;0;0;0;0;0;0;0;0;0;0;0;;;;;
2026-05-06;O_EKGYOE0726C21.50;EKGYO_07/2026_AVRUPA_OPSIYON;D_EQ;SSO;D_EQ_ECP;DE_EKGYO_ECP;EKGYO.E;2026-07-31;2.73;2.11;29.38;0;0;0;0;0;0;0;0;0;0;0;;;;;
2026-05-06;O_EKGYOE0726C22.00;EKGYO_07/2026_AVRUPA_OPSIYON;D_EQ;SSO;D_EQ_ECP;DE_EKGYO_ECP;EKGYO.E;2026-07-31;2.45;1.87;31.02;0;0;0;0;0;0;0;0;0;0;0;;;;;
2026-05-06;O_EKGYOE0726C22.50;EKGYO_07/2026_AVRUPA_OPSIYON;D_EQ;SSO;D_EQ_ECP;DE_EKGYO_ECP;EKGYO.E;2026-07-31;2.19;1.65;32.73;0;0;0;0;0;0;0;0;0;0;0;;;;;
2026-05-06;O_EKGYOE0726C23.00;EKGYO_07/2026_AVRUPA_OPSIYON;D_EQ;SSO;D_EQ_ECP;DE_EKGYO_ECP;EKGYO.E;2026-07-31;1.95;1.45;34.48;0;0;0;0;0;0;0;0;0;0;0;;;;;
2026-05-06;O_EKGYOE0726C23.50;EKGYO_07/2026_AVRUPA_OPSIYON;D_EQ;SSO;D_EQ_ECP;DE_EKGYO_ECP;EKGYO.E;2026-07-31;1.72;1.27;35.43;0;0;0;0;0;0;0;0;0;0;0;;;;;
2026-05-06;O_EKGYOE0726C24.00;EKGYO_07/2026_AVRUPA_OPSIYON;D_EQ;SSO;D_EQ_ECP;DE_EKGYO_ECP;EKGYO.E;2026-07-31;1.52;1.1;38.18;0;0;0;0;0;0;0;0;0;0;0;;;;;
2026-05-06;O_EKGYOE0726C24.50;EKGYO_07/2026_AVRUPA_OPSIYON;D_EQ;SSO;D_EQ_ECP;DE_EKGYO_ECP;EKGYO.E;2026-07-31;1.34;0.96;39.58;0;0;0;0;0;0;0;0;0;0;0;;;;;
2026-05-06;O_EKGYOE0726C25.00;EKGYO_07/2026_AVRUPA_OPSIYON;D_EQ;SSO;D_EQ_ECP;DE_EKGYO_ECP;EKGYO.E;2026-07-31;1.17;0.83;40.96;0;0;0;0;0;0;0;0;0;0;0;;;;;
2026-05-06;O_EKGYOE0726C26.00;EKGYO_07/2026_AVRUPA_OPSIYON;D_EQ;SSO;D_EQ_ECP;DE_EKGYO_ECP;EKGYO.E;2026-07-31;0.89;0.61;45.9;0;0;0;0;0;0;0;0;0;0;0;;;;;
2026-05-06;O_EKGYOE0726P18.50;EKGYO_07/2026_AVRUPA_OPSIYON;D_EQ;SSO;D_EQ_EPP;DE_EKGYO_EPP;EKGYO.E;2026-07-31;0.19;0.3;-36.67;0;0;0;0;0;0;0;0;0;0;0;;;;;
2026-05-06;O_EKGYOE0726P19.00;EKGYO_07/2026_AVRUPA_OPSIYON;D_EQ;SSO;D_EQ_EPP;DE_EKGYO_EPP;EKGYO.E;2026-07-31;0.25;0.39;-35.9;0;0;0;0;0;0;0;0;0;0;0;;;;;
2026-05-06;O_EKGYOE0726P19.50;EKGYO_07/2026_AVRUPA_OPSIYON;D_EQ;SSO;D_EQ_EPP;DE_EKGYO_EPP;EKGYO.E;2026-07-31;0.33;0.5;-34;0;0;0;0;0;0;0;0;0;0;0;;;;;
2026-05-06;O_EKGYOE0726P20.00;EKGYO_07/2026_AVRUPA_OPSIYON;D_EQ;SSO;D_EQ_EPP;DE_EKGYO_EPP;EKGYO.E;2026-07-31;0.42;0.62;-32.26;0;0;0;0;0;0;0;0;0;0;0;;;;;
2026-05-06;O_EKGYOE0726P20.50;EKGYO_07/2026_AVRUPA_OPSIYON;D_EQ;SSO;D_EQ_EPP;DE_EKGYO_EPP;EKGYO.E;2026-07-31;0.53;0.77;-31.17;0;0;0;0;0;0;0;0;0;0;0;;;;;
2026-05-06;O_EKGYOE0726P21.00;EKGYO_07/2026_AVRUPA_OPSIYON;D_EQ;SSO;D_EQ_EPP;DE_EKGYO_EPP;EKGYO.E;2026-07-31;0.66;0.93;-29.03;0;0;0;0;0;0;0;0;0;0;0;;;;;
2026-05-06;O_EKGYOE0726P21.50;EKGYO_07/2026_AVRUPA_OPSIYON;D_EQ;SSO;D_EQ_EPP;DE_EKGYO_EPP;EKGYO.E;2026-07-31;0.8;1.12;-28.57;0;0;0;0;0;0;0;0;0;0;0;;;;;
2026-05-06;O_EKGYOE0726P22.00;EKGYO_07/2026_AVRUPA_OPSIYON;D_EQ;SSO;D_EQ_EPP;DE_EKGYO_EPP;EKGYO.E;2026-07-31;0.97;1.33;-27.07;0;0;0;0;0;0;0;0;0;0;0;;;;;
2026-05-06;O_EKGYOE0726P22.50;EKGYO_07/2026_AVRUPA_OPSIYON;D_EQ;SSO;D_EQ_EPP;DE_EKGYO_EPP;EKGYO.E;2026-07-31;1.16;1.55;-25.16;0;0;0;0;0;0;0;0;0;0;0;;;;;
2026-05-06;O_EKGYOE0726P23.00;EKGYO_07/2026_AVRUPA_OPSIYON;D_EQ;SSO;D_EQ_EPP;DE_EKGYO_EPP;EKGYO.E;2026-07-31;1.36;1.8;-24.44;0;0;0;0;0;0;0;0;0;0;0;;;;;
2026-05-06;O_ENKAIE0526C100.00;ENKAI_05/2026_AVRUPA_OPSIYON;D_EQ;SSO;D_EQ_ECP;DE_ENKAI_ECP;ENKAI.E;2026-05-25;12.9;9.21;40.07;0;0;0;0;0;0;0;0;0;61;0;;;;;
2026-05-06;O_ENKAIE0526C105.00;ENKAI_05/2026_AVRUPA_OPSIYON;D_EQ;SSO;D_EQ_ECP;DE_ENKAI_ECP;ENKAI.E;2026-05-25;8.8;5.76;52.78;6.36;6.32;6.36;6.32;6.34;735000;44360;70;7;180;70;;;;;
2026-05-06;O_ENKAIE0526C110.00;ENKAI_05/2026_AVRUPA_OPSIYON;D_EQ;SSO;D_EQ_ECP;DE_ENKAI_ECP;ENKAI.E;2026-05-25;5.48;3.24;69.14;0;0;0;0;0;0;0;0;0;50;0;;;;;
2026-05-06;O_ENKAIE0526C115.00;ENKAI_05/2026_AVRUPA_OPSIYON;D_EQ;SSO;D_EQ_ECP;DE_ENKAI_ECP;ENKAI.E;2026-05-25;3.07;1.63;88.34;2.08;2.08;2.08;2.08;2.08;667000;12064;58;1;40;-58;;;;;
2026-05-06;O_ENKAIE0526C120.00;ENKAI_05/2026_AVRUPA_OPSIYON;D_EQ;SSO;D_EQ_ECP;DE_ENKAI_ECP;ENKAI.E;2026-05-25;1.55;0.73;112.33;0.72;0.72;0.72;0.72;0.72;696000;4176;58;1;211;58;;;;;
2026-05-06;O_ENKAIE0526C125.00;ENKAI_05/2026_AVRUPA_OPSIYON;D_EQ;SSO;D_EQ_ECP;DE_ENKAI_ECP;ENKAI.E;2026-05-25;0.7;0.3;133.33;0;0;0;0;0;0;0;0;0;32;0;;;;;
2026-05-06;O_ENKAIE0526C130.00;ENKAI_05/2026_AVRUPA_OPSIYON;D_EQ;SSO;D_EQ_ECP;DE_ENKAI_ECP;ENKAI.E;2026-05-25;0.29;0.11;163.64;0;0;0;0;0;0;0;0;0;0;0;;;;;
2026-05-06;O_ENKAIE0526C135.00;ENKAI_05/2026_AVRUPA_OPSIYON;D_EQ;SSO;D_EQ_ECP;DE_ENKAI_ECP;ENKAI.E;2026-05-25;0.11;0.04;175;0;0;0;0;0;0;0;0;0;0;0;;;;;
2026-05-06;O_ENKAIE0526C140.00;ENKAI_05/2026_AVRUPA_OPSIYON;D_EQ;SSO;D_EQ_ECP;DE_ENKAI_ECP;ENKAI.E;2026-05-25;0.04;0.01;300;0;0;0;0;0;0;0;0;0;0;0;;;;;
2026-05-06;O_ENKAIE0526C145.00;ENKAI_05/2026_AVRUPA_OPSIYON;D_EQ;SSO;D_EQ_ECP;DE_ENKAI_ECP;ENKAI.E;2026-05-25;0.01;0.01;0;0;0;0;0;0;0;0;0;0;0;0;;;;;
2026-05-06;O_ENKAIE0526C94.00;ENKAI_05/2026_AVRUPA_OPSIYON;D_EQ;SSO;D_EQ_ECP;DE_ENKAI_ECP;ENKAI.E;2026-05-25;18.43;14.3;28.88;0;0;0;0;0;0;0;0;0;3;0;;;;;
2026-05-06;O_ENKAIE0526C96.00;ENKAI_05/2026_AVRUPA_OPSIYON;D_EQ;SSO;D_EQ_ECP;DE_ENKAI_ECP;ENKAI.E;2026-05-25;16.54;12.52;32.11;0;0;0;0;0;0;0;0;0;2;0;;;;;
2026-05-06;O_ENKAIE0526C98.00;ENKAI_05/2026_AVRUPA_OPSIYON;D_EQ;SSO;D_EQ_ECP;DE_ENKAI_ECP;ENKAI.E;2026-05-25;14.69;10.81;35.89;0;0;0;0;0;0;0;0;0;1;0;;;;;
2026-05-06;O_ENKAIE0526P100.00;ENKAI_05/2026_AVRUPA_OPSIYON;D_EQ;SSO;D_EQ_EPP;DE_ENKAI_EPP;ENKAI.E;2026-05-25;0.44;1.05;-58.1;0.74;0.74;0.74;0.74;0.74;1070000;7918;107;1;107;107;;;;;
2026-05-06;O_ENKAIE0526P105.00;ENKAI_05/2026_AVRUPA_OPSIYON;D_EQ;SSO;D_EQ_EPP;DE_ENKAI_EPP;ENKAI.E;2026-05-25;1.25;2.49;-49.8;1.22;1.22;1.22;1.22;1.22;1050000;12200;100;4;142;-70;;;;;
2026-05-06;O_ENKAIE0526P110.00;ENKAI_05/2026_AVRUPA_OPSIYON;D_EQ;SSO;D_EQ_EPP;DE_ENKAI_EPP;ENKAI.E;2026-05-25;2.82;4.87;-42.09;0;0;0;0;0;0;0;0;0;60;0;;;;;
2026-05-06;O_ENKAIE0526P115.00;ENKAI_05/2026_AVRUPA_OPSIYON;D_EQ;SSO;D_EQ_EPP;DE_ENKAI_EPP;ENKAI.E;2026-05-25;5.32;8.16;-34.8;0;0;0;0;0;0;0;0;0;71;0;;;;;
2026-05-06;O_ENKAIE0526P120.00;ENKAI_05/2026_AVRUPA_OPSIYON;D_EQ;SSO;D_EQ_EPP;DE_ENKAI_EPP;ENKAI.E;2026-05-25;8.7;12.16;-28.45;0;0;0;0;0;0;0;0;0;0;0;;;;;
2026-05-06;O_ENKAIE0526P84.00;ENKAI_05/2026_AVRUPA_OPSIYON;D_EQ;SSO;D_EQ_EPP;DE_ENKAI_EPP;ENKAI.E;2026-05-25;0.01;0.01;0;0;0;0;0;0;0;0;0;0;5;0;;;;;
2026-05-06;O_ENKAIE0526P86.00;ENKAI_05/2026_AVRUPA_OPSIYON;D_EQ;SSO;D_EQ_EPP;DE_ENKAI_EPP;ENKAI.E;2026-05-25;0.01;0.02;-50;0;0;0;0;0;0;0;0;0;0;0;;;;;
2026-05-06;O_ENKAIE0526P88.00;ENKAI_05/2026_AVRUPA_OPSIYON;D_EQ;SSO;D_EQ_EPP;DE_ENKAI_EPP;ENKAI.E;2026-05-25;0.01;0.04;-75;0;0;0;0;0;0;0;0;0;0;0;;;;;
2026-05-06;O_ENKAIE0526P90.00;ENKAI_05/2026_AVRUPA_OPSIYON;D_EQ;SSO;D_EQ_EPP;DE_ENKAI_EPP;ENKAI.E;2026-05-25;0.02;0.08;-75;0;0;0;0;0;0;0;0;0;0;0;;;;;
2026-05-06;O_ENKAIE0526P92.00;ENKAI_05/2026_AVRUPA_OPSIYON;D_EQ;SSO;D_EQ_EPP;DE_ENKAI_EPP;ENKAI.E;2026-05-25;0.04;0.15;-73.33;0;0;0;0;0;0;0;0;0;0;0;;;;;
2026-05-06;O_ENKAIE0526P94.00;ENKAI_05/2026_AVRUPA_OPSIYON;D_EQ;SSO;D_EQ_EPP;DE_ENKAI_EPP;ENKAI.E;2026-05-25;0.09;0.26;-65.38;0;0;0;0;0;0;0;0;0;0;0;;;;;
2026-05-06;O_ENKAIE0526P96.00;ENKAI_05/2026_AVRUPA_OPSIYON;D_EQ;SSO;D_EQ_EPP;DE_ENKAI_EPP;ENKAI.E;2026-05-25;0.15;0.44;-65.91;0;0;0;0;0;0;0;0;0;198;0;;;;;
2026-05-06;O_ENKAIE0526P98.00;ENKAI_05/2026_AVRUPA_OPSIYON;D_EQ;SSO;D_EQ_EPP;DE_ENKAI_EPP;ENKAI.E;2026-05-25;0.27;0.69;-60.87;0;0;0;0;0;0;0;0;0;23;0;;;;;
2026-05-06;O_ENKAIE0626C100.00;ENKAI_06/2026_AVRUPA_OPSIYON;D_EQ;SSO;D_EQ_ECP;DE_ENKAI_ECP;ENKAI.E;2026-06-30;17.39;13.83;25.74;0;0;0;0;0;0;0;0;0;0;0;;;;;
2026-05-06;O_ENKAIE0626C105.00;ENKAI_06/2026_AVRUPA_OPSIYON;D_EQ;SSO;D_EQ_ECP;DE_ENKAI_ECP;ENKAI.E;2026-06-30;13.72;10.55;30.05;12.3;12.3;12.3;12.3;12.3;10500;1230;1;1;2;1;;;;;
2026-05-06;O_ENKAIE0626C110.00;ENKAI_06/2026_AVRUPA_OPSIYON;D_EQ;SSO;D_EQ_ECP;DE_ENKAI_ECP;ENKAI.E;2026-06-30;10.52;7.8;34.87;0;0;0;0;0;0;0;0;0;10;0;;;;;
2026-05-06;O_ENKAIE0626C115.00;ENKAI_06/2026_AVRUPA_OPSIYON;D_EQ;SSO;D_EQ_ECP;DE_ENKAI_ECP;ENKAI.E;2026-06-30;7.83;5.59;40.07;6;6;6;6;6;103500;5400;9;1;9;9;;;;;
2026-05-06;O_ENKAIE0626C120.00;ENKAI_06/2026_AVRUPA_OPSIYON;D_EQ;SSO;D_EQ_ECP;DE_ENKAI_ECP;ENKAI.E;2026-06-30;5.67;3.89;45.76;0;0;0;0;0;0;0;0;0;0;0;;;;;
2026-05-06;O_ENKAIE0626C125.00;ENKAI_06/2026_AVRUPA_OPSIYON;D_EQ;SSO;D_EQ_ECP;DE_ENKAI_ECP;ENKAI.E;2026-06-30;3.99;2.63;51.71;0;0;0;0;0;0;0;0;0;0;0;;;;;
2026-05-06;O_ENKAIE0626C130.00;ENKAI_06/2026_AVRUPA_OPSIYON;D_EQ;SSO;D_EQ_ECP;DE_ENKAI_ECP;ENKAI.E;2026-06-30;2.73;1.73;57.8;0;0;0;0;0;0;0;0;0;0;0;;;;;
2026-05-06;O_ENKAIE0626C135.00;ENKAI_06/2026_AVRUPA_OPSIYON;D_EQ;SSO;D_EQ_ECP;DE_ENKAI_ECP;ENKAI.E;2026-06-30;1.82;1.1;65.45;0;0;0;0;0;0;0;0;0;0;0;;;;;
2026-05-06;O_ENKAIE0626C140.00;ENKAI_06/2026_AVRUPA_OPSIYON;D_EQ;SSO;D_EQ_ECP;DE_ENKAI_ECP;ENKAI.E;2026-06-30;1.19;0.69;72.46;0;0;0;0;0;0;0;0;0;0;0;;;;;
2026-05-06;O_ENKAIE0626C145.00;ENKAI_06/2026_AVRUPA_OPSIYON;D_EQ;SSO;D_EQ_ECP;DE_ENKAI_ECP;ENKAI.E;2026-06-30;0.76;0.42;80.95;0;0;0;0;0;0;0;0;0;0;0;;;;;
2026-05-06;O_ENKAIE0626C98.00;ENKAI_06/2026_AVRUPA_OPSIYON;D_EQ;SSO;D_EQ_ECP;DE_ENKAI_ECP;ENKAI.E;2026-06-30;18.97;15.28;24.15;0;0;0;0;0;0;0;0;0;0;0;;;;;
2026-05-06;O_ENKAIE0626P100.00;ENKAI_06/2026_AVRUPA_OPSIYON;D_EQ;SSO;D_EQ_EPP;DE_ENKAI_EPP;ENKAI.E;2026-06-30;1.32;2.07;-36.23;0;0;0;0;0;0;0;0;0;0;0;;;;;
2026-05-06;O_ENKAIE0626P105.00;ENKAI_06/2026_AVRUPA_OPSIYON;D_EQ;SSO;D_EQ_EPP;DE_ENKAI_EPP;ENKAI.E;2026-06-30;2.37;3.5;-32.29;0;0;0;0;0;0;0;0;0;0;0;;;;;
2026-05-06;O_ENKAIE0626P110.00;ENKAI_06/2026_AVRUPA_OPSIYON;D_EQ;SSO;D_EQ_EPP;DE_ENKAI_EPP;ENKAI.E;2026-06-30;3.9;5.47;-28.7;0;0;0;0;0;0;0;0;0;0;0;;;;;
2026-05-06;O_ENKAIE0626P115.00;ENKAI_06/2026_AVRUPA_OPSIYON;D_EQ;SSO;D_EQ_EPP;DE_ENKAI_EPP;ENKAI.E;2026-06-30;5.93;7.98;-25.69;0;0;0;0;0;0;0;0;0;0;0;;;;;
2026-05-06;O_ENKAIE0626P120.00;ENKAI_06/2026_AVRUPA_OPSIYON;D_EQ;SSO;D_EQ_EPP;DE_ENKAI_EPP;ENKAI.E;2026-06-30;8.49;10.99;-22.75;0;0;0;0;0;0;0;0;0;0;0;;;;;
2026-05-06;O_ENKAIE0626P88.00;ENKAI_06/2026_AVRUPA_OPSIYON;D_EQ;SSO;D_EQ_EPP;DE_ENKAI_EPP;ENKAI.E;2026-06-30;0.2;0.37;-45.95;0;0;0;0;0;0;0;0;0;0;0;;;;;
2026-05-06;O_ENKAIE0626P90.00;ENKAI_06/2026_AVRUPA_OPSIYON;D_EQ;SSO;D_EQ_EPP;DE_ENKAI_EPP;ENKAI.E;2026-06-30;0.29;0.52;-44.23;0;0;0;0;0;0;0;0;0;0;0;;;;;
2026-05-06;O_ENKAIE0626P92.00;ENKAI_06/2026_AVRUPA_OPSIYON;D_EQ;SSO;D_EQ_EPP;DE_ENKAI_EPP;ENKAI.E;2026-06-30;0.41;0.72;-43.06;0;0;0;0;0;0;0;0;0;0;0;;;;;
2026-05-06;O_ENKAIE0626P94.00;ENKAI_06/2026_AVRUPA_OPSIYON;D_EQ;SSO;D_EQ_EPP;DE_ENKAI_EPP;ENKAI.E;2026-06-30;0.57;0.96;-40.63;0;0;0;0;0;0;0;0;0;0;0;;;;;
2026-05-06;O_ENKAIE0626P96.00;ENKAI_06/2026_AVRUPA_OPSIYON;D_EQ;SSO;D_EQ_EPP;DE_ENKAI_EPP;ENKAI.E;2026-06-30;0.77;1.26;-38.89;0;0;0;0;0;0;0;0;0;0;0;;;;;
2026-05-06;O_ENKAIE0626P98.00;ENKAI_06/2026_AVRUPA_OPSIYON;D_EQ;SSO;D_EQ_EPP;DE_ENKAI_EPP;ENKAI.E;2026-06-30;1.02;1.63;-37.42;0;0;0;0;0;0;0;0;0;0;0;;;;;
2026-05-06;O_ENKAIE0726C105.00;ENKAI_07/2026_AVRUPA_OPSIYON;D_EQ;SSO;D_EQ_ECP;DE_ENKAI_ECP;ENKAI.E;2026-07-31;18.62;15.23;22.26;0;0;0;0;0;0;0;0;0;0;0;;;;;
2026-05-06;O_ENKAIE0726C110.00;ENKAI_07/2026_AVRUPA_OPSIYON;D_EQ;SSO;D_EQ_ECP;DE_ENKAI_ECP;ENKAI.E;2026-07-31;15.38;12.3;25.04;0;0;0;0;0;0;0;0;0;0;0;;;;;
2026-05-06;O_ENKAIE0726C115.00;ENKAI_07/2026_AVRUPA_OPSIYON;D_EQ;SSO;D_EQ_ECP;DE_ENKAI_ECP;ENKAI.E;2026-07-31;12.5;9.77;27.94;0;0;0;0;0;0;0;0;0;0;0;;;;;
2026-05-06;O_ENKAIE0726C120.00;ENKAI_07/2026_AVRUPA_OPSIYON;D_EQ;SSO;D_EQ_ECP;DE_ENKAI_ECP;ENKAI.E;2026-07-31;10;7.63;31.06;0;0;0;0;0;0;0;0;0;0;0;;;;;
2026-05-06;O_ENKAIE0726C125.00;ENKAI_07/2026_AVRUPA_OPSIYON;D_EQ;SSO;D_EQ_ECP;DE_ENKAI_ECP;ENKAI.E;2026-07-31;7.88;5.87;34.24;0;0;0;0;0;0;0;0;0;0;0;;;;;
2026-05-06;O_ENKAIE0726C130.00;ENKAI_07/2026_AVRUPA_OPSIYON;D_EQ;SSO;D_EQ_ECP;DE_ENKAI_ECP;ENKAI.E;2026-07-31;6.13;4.45;37.75;0;0;0;0;0;0;0;0;0;0;0;;;;;
2026-05-06;O_ENKAIE0726C135.00;ENKAI_07/2026_AVRUPA_OPSIYON;D_EQ;SSO;D_EQ_ECP;DE_ENKAI_ECP;ENKAI.E;2026-07-31;4.69;3.32;41.27;0;0;0;0;0;0;0;0;0;0;0;;;;;
2026-05-06;O_ENKAIE0726C140.00;ENKAI_07/2026_AVRUPA_OPSIYON;D_EQ;SSO;D_EQ_ECP;DE_ENKAI_ECP;ENKAI.E;2026-07-31;3.55;2.45;44.9;0;0;0;0;0;0;0;0;0;0;0;;;;;
2026-05-06;O_ENKAIE0726C145.00;ENKAI_07/2026_AVRUPA_OPSIYON;D_EQ;SSO;D_EQ_ECP;DE_ENKAI_ECP;ENKAI.E;2026-07-31;2.65;1.79;48.04;0;0;0;0;0;0;0;0;0;0;0;;;;;
2026-05-06;O_ENKAIE0726P100.00;ENKAI_07/2026_AVRUPA_OPSIYON;D_EQ;SSO;D_EQ_EPP;DE_ENKAI_EPP;ENKAI.E;2026-07-31;1.44;2.05;-29.76;0;0;0;0;0;0;0;0;0;0;0;;;;;
2026-05-06;O_ENKAIE0726P105.00;ENKAI_07/2026_AVRUPA_OPSIYON;D_EQ;SSO;D_EQ_EPP;DE_ENKAI_EPP;ENKAI.E;2026-07-31;2.34;3.22;-27.33;0;0;0;0;0;0;0;0;0;0;0;;;;;
2026-05-06;O_ENKAIE0726P110.00;ENKAI_07/2026_AVRUPA_OPSIYON;D_EQ;SSO;D_EQ_EPP;DE_ENKAI_EPP;ENKAI.E;2026-07-31;3.58;4.77;-24.95;0;0;0;0;0;0;0;0;0;0;0;;;;;
2026-05-06;O_ENKAIE0726P115.00;ENKAI_07/2026_AVRUPA_OPSIYON;D_EQ;SSO;D_EQ_EPP;DE_ENKAI_EPP;ENKAI.E;2026-07-31;5.19;6.73;-22.88;0;0;0;0;0;0;0;0;0;0;0;;;;;
2026-05-06;O_ENKAIE0726P120.00;ENKAI_07/2026_AVRUPA_OPSIYON;D_EQ;SSO;D_EQ_EPP;DE_ENKAI_EPP;ENKAI.E;2026-07-31;7.18;9.07;-20.84;0;0;0;0;0;0;0;0;0;0;0;;;;;
2026-05-06;O_ENKAIE0726P92.00;ENKAI_07/2026_AVRUPA_OPSIYON;D_EQ;SSO;D_EQ_EPP;DE_ENKAI_EPP;ENKAI.E;2026-07-31;0.56;0.85;-34.12;0;0;0;0;0;0;0;0;0;0;0;;;;;
2026-05-06;O_ENKAIE0726P94.00;ENKAI_07/2026_AVRUPA_OPSIYON;D_EQ;SSO;D_EQ_EPP;DE_ENKAI_EPP;ENKAI.E;2026-07-31;0.72;1.08;-33.33;0;0;0;0;0;0;0;0;0;0;0;;;;;
2026-05-06;O_ENKAIE0726P96.00;ENKAI_07/2026_AVRUPA_OPSIYON;D_EQ;SSO;D_EQ_EPP;DE_ENKAI_EPP;ENKAI.E;2026-07-31;0.92;1.36;-32.35;0;0;0;0;0;0;0;0;0;0;0;;;;;
2026-05-06;O_ENKAIE0726P98.00;ENKAI_07/2026_AVRUPA_OPSIYON;D_EQ;SSO;D_EQ_EPP;DE_ENKAI_EPP;ENKAI.E;2026-07-31;1.16;1.68;-30.95;0;0;0;0;0;0;0;0;0;0;0;;;;;
2026-05-06;O_EREGLE0526C27.00;EREGL_05/2026_AVRUPA_OPSIYON;D_EQ;SSO;D_EQ_ECP;DE_EREGL_ECP;EREGL.E;2026-05-25;11.21;10.78;3.99;0;0;0;0;0;0;0;0;0;0;0;;;;;
2026-05-06;O_EREGLE0526C28.00;EREGL_05/2026_AVRUPA_OPSIYON;D_EQ;SSO;D_EQ_ECP;DE_EREGL_ECP;EREGL.E;2026-05-25;10.23;9.8;4.39;0;0;0;0;0;0;0;0;0;1;0;;;;;
2026-05-06;O_EREGLE0526C29.00;EREGL_05/2026_AVRUPA_OPSIYON;D_EQ;SSO;D_EQ_ECP;DE_EREGL_ECP;EREGL.E;2026-05-25;9.25;8.82;4.88;0;0;0;0;0;0;0;0;0;0;0;;;;;
2026-05-06;O_EREGLE0526C30.00;EREGL_05/2026_AVRUPA_OPSIYON;D_EQ;SSO;D_EQ_ECP;DE_EREGL_ECP;EREGL.E;2026-05-25;8.27;7.84;5.48;0;0;0;0;0;0;0;0;0;1443;0;;;;;
2026-05-06;O_EREGLE0526C31.00;EREGL_05/2026_AVRUPA_OPSIYON;D_EQ;SSO;D_EQ_ECP;DE_EREGL_ECP;EREGL.E;2026-05-25;7.29;6.86;6.27;0;0;0;0;0;0;0;0;0;10;0;;;;;
2026-05-06;O_EREGLE0526C32.00;EREGL_05/2026_AVRUPA_OPSIYON;D_EQ;SSO;D_EQ_ECP;DE_EREGL_ECP;EREGL.E;2026-05-25;6.32;5.9;7.12;0;0;0;0;0;0;0;0;0;332;0;;;;;
2026-05-06;O_EREGLE0526C33.00;EREGL_05/2026_AVRUPA_OPSIYON;D_EQ;SSO;D_EQ_ECP;DE_EREGL_ECP;EREGL.E;2026-05-25;5.36;4.95;8.28;0;0;0;0;0;0;0;0;0;405;0;;;;;
2026-05-06;O_EREGLE0526C34.00;EREGL_05/2026_AVRUPA_OPSIYON;D_EQ;SSO;D_EQ_ECP;DE_EREGL_ECP;EREGL.E;2026-05-25;4.43;4.04;9.65;0;0;0;0;0;0;0;0;0;658;0;;;;;
2026-05-06;O_EREGLE0526C35.00;EREGL_05/2026_AVRUPA_OPSIYON;D_EQ;SSO;D_EQ_ECP;DE_EREGL_ECP;EREGL.E;2026-05-25;3.54;3.19;10.97;0;0;0;0;0;0;0;0;0;5783;0;;;;;
2026-05-06;O_EREGLE0526C36.00;EREGL_05/2026_AVRUPA_OPSIYON;D_EQ;SSO;D_EQ_ECP;DE_EREGL_ECP;EREGL.E;2026-05-25;2.73;2.42;12.81;0;0;0;0;0;0;0;0;0;1659;0;;;;;
2026-05-06;O_EREGLE0526C37.00;EREGL_05/2026_AVRUPA_OPSIYON;D_EQ;SSO;D_EQ_ECP;DE_EREGL_ECP;EREGL.E;2026-05-25;2.02;1.76;14.77;2;1.8;2.71;2.38;2.11;7030000;401500;1900;15;1664;0;;;;;
2026-05-06;O_EREGLE0526C38.00;EREGL_05/2026_AVRUPA_OPSIYON;D_EQ;SSO;D_EQ_ECP;DE_EREGL_ECP;EREGL.E;2026-05-25;1.43;1.22;17.21;1.25;1.25;1.96;1.29;1.68;5027400;222430;1323;16;2580;-1300;;;;;
2026-05-06;O_EREGLE0526C39.00;EREGL_05/2026_AVRUPA_OPSIYON;D_EQ;SSO;D_EQ_ECP;DE_EREGL_ECP;EREGL.E;2026-05-25;0.96;0.81;18.52;0.82;0.73;1.36;1.09;0.83;25693200;545971;6588;53;4682;-5162;;;;;
2026-05-06;O_EREGLE0526C40.00;EREGL_05/2026_AVRUPA_OPSIYON;D_EQ;SSO;D_EQ_ECP;DE_EREGL_ECP;EREGL.E;2026-05-25;0.62;0.51;21.57;0.55;0.36;0.8;0.66;0.51;37984000;488922;9496;82;5663;-2737;;;;;
2026-05-06;O_EREGLE0526C41.00;EREGL_05/2026_AVRUPA_OPSIYON;D_EQ;SSO;D_EQ_ECP;DE_EREGL_ECP;EREGL.E;2026-05-25;0.37;0.31;19.35;0.35;0.3;0.5;0.31;0.43;5125000;53925;1250;21;1250;1250;;;;;
2026-05-06;O_EREGLE0526C42.00;EREGL_05/2026_AVRUPA_OPSIYON;D_EQ;SSO;D_EQ_ECP;DE_EREGL_ECP;EREGL.E;2026-05-25;0.22;0.18;22.22;0.12;0.12;0.32;0.32;0.27;1713600;11085;408;18;408;408;;;;;
2026-05-06;O_EREGLE0526C43.00;EREGL_05/2026_AVRUPA_OPSIYON;D_EQ;SSO;D_EQ_ECP;DE_EREGL_ECP;EREGL.E;2026-05-25;0.12;0.1;20;0.18;0.04;0.18;0.04;0.17;10745700;43596;2499;17;2400;2400;;;;;
2026-05-06;O_EREGLE0526C44.00;EREGL_05/2026_AVRUPA_OPSIYON;D_EQ;SSO;D_EQ_ECP;DE_EREGL_ECP;EREGL.E;2026-05-25;0.06;;0;0;0;0;0;0;0;0;0;0;0;0;;;;;
2026-05-06;O_EREGLE0526P23.50;EREGL_05/2026_AVRUPA_OPSIYON;D_EQ;SSO;D_EQ_EPP;DE_EREGL_EPP;EREGL.E;2026-05-25;0.01;0.01;0;0;0;0;0;0;0;0;0;0;0;0;;;;;
2026-05-06;O_EREGLE0526P24.00;EREGL_05/2026_AVRUPA_OPSIYON;D_EQ;SSO;D_EQ_EPP;DE_EREGL_EPP;EREGL.E;2026-05-25;0.01;0.01;0;0;0;0;0;0;0;0;0;0;0;0;;;;;
2026-05-06;O_EREGLE0526P24.50;EREGL_05/2026_AVRUPA_OPSIYON;D_EQ;SSO;D_EQ_EPP;DE_EREGL_EPP;EREGL.E;2026-05-25;0.01;0.01;0;0;0;0;0;0;0;0;0;0;0;0;;;;;
2026-05-06;O_EREGLE0526P25.00;EREGL_05/2026_AVRUPA_OPSIYON;D_EQ;SSO;D_EQ_EPP;DE_EREGL_EPP;EREGL.E;2026-05-25;0.01;0.01;0;0;0;0;0;0;0;0;0;0;0;0;;;;;
2026-05-06;O_EREGLE0526P26.00;EREGL_05/2026_AVRUPA_OPSIYON;D_EQ;SSO;D_EQ_EPP;DE_EREGL_EPP;EREGL.E;2026-05-25;0.01;0.01;0;0;0;0;0;0;0;0;0;0;0;0;;;;;
2026-05-06;O_EREGLE0526P27.00;EREGL_05/2026_AVRUPA_OPSIYON;D_EQ;SSO;D_EQ_EPP;DE_EREGL_EPP;EREGL.E;2026-05-25;0.01;0.01;0;0;0;0;0;0;0;0;0;0;0;0;;;;;
2026-05-06;O_EREGLE0526P28.00;EREGL_05/2026_AVRUPA_OPSIYON;D_EQ;SSO;D_EQ_EPP;DE_EREGL_EPP;EREGL.E;2026-05-25;0.01;0.01;0;0;0;0;0;0;0;0;0;0;0;0;;;;;
2026-05-06;O_EREGLE0526P29.00;EREGL_05/2026_AVRUPA_OPSIYON;D_EQ;SSO;D_EQ_EPP;DE_EREGL_EPP;EREGL.E;2026-05-25;0.01;0.01;0;0;0;0;0;0;0;0;0;0;5;0;;;;;
2026-05-06;O_EREGLE0526P30.00;EREGL_05/2026_AVRUPA_OPSIYON;D_EQ;SSO;D_EQ_EPP;DE_EREGL_EPP;EREGL.E;2026-05-25;0.01;0.01;0;0;0;0;0;0;0;0;0;0;0;0;;;;;
2026-05-06;O_EREGLE0526P31.00;EREGL_05/2026_AVRUPA_OPSIYON;D_EQ;SSO;D_EQ_EPP;DE_EREGL_EPP;EREGL.E;2026-05-25;0.01;0.01;0;0;0;0;0;0;0;0;0;0;100;0;;;;;
2026-05-06;O_EREGLE0526P32.00;EREGL_05/2026_AVRUPA_OPSIYON;D_EQ;SSO;D_EQ_EPP;DE_EREGL_EPP;EREGL.E;2026-05-25;0.01;0.02;-50;0;0;0;0;0;0;0;0;0;775;0;;;;;
2026-05-06;O_EREGLE0526P33.00;EREGL_05/2026_AVRUPA_OPSIYON;D_EQ;SSO;D_EQ_EPP;DE_EREGL_EPP;EREGL.E;2026-05-25;0.03;0.05;-40;0.1;0.1;0.1;0.1;0.1;3300;10;1;1;320;0;;;;;
2026-05-06;O_EREGLE0526P34.00;EREGL_05/2026_AVRUPA_OPSIYON;D_EQ;SSO;D_EQ_EPP;DE_EREGL_EPP;EREGL.E;2026-05-25;0.08;0.12;-33.33;0.15;0.12;0.19;0.19;0.15;37400;165;11;11;800;0;;;;;
2026-05-06;O_EREGLE0526P35.00;EREGL_05/2026_AVRUPA_OPSIYON;D_EQ;SSO;D_EQ_EPP;DE_EREGL_EPP;EREGL.E;2026-05-25;0.18;0.24;-25;0.23;0.18;0.31;0.31;0.23;1221500;8167;349;5;2008;299;;;;;
2026-05-06;O_EREGLE0526P36.00;EREGL_05/2026_AVRUPA_OPSIYON;D_EQ;SSO;D_EQ_EPP;DE_EREGL_EPP;EREGL.E;2026-05-25;0.35;0.46;-23.91;0.27;0.27;0.46;0.46;0.38;568800;5966;158;3;6533;158;;;;;
2026-05-06;O_EREGLE0526P37.00;EREGL_05/2026_AVRUPA_OPSIYON;D_EQ;SSO;D_EQ_EPP;DE_EREGL_EPP;EREGL.E;2026-05-25;0.61;0.78;-21.79;0.64;0.34;0.77;0.69;0.76;38076700;780599;10291;44;14525;10000;;;;;
2026-05-06;O_EREGLE0526P38.00;EREGL_05/2026_AVRUPA_OPSIYON;D_EQ;SSO;D_EQ_EPP;DE_EREGL_EPP;EREGL.E;2026-05-25;1;1.22;-18.03;1.01;0.6;1.06;0.63;0.8;8584200;179988;2259;23;3059;559;;;;;
2026-05-06;O_EREGLE0526P39.00;EREGL_05/2026_AVRUPA_OPSIYON;D_EQ;SSO;D_EQ_EPP;DE_EREGL_EPP;EREGL.E;2026-05-25;1.52;;0;0.82;0.82;0.85;0.85;0.83;58500;1245;15;2;15;15;;;;;
2026-05-06;O_EREGLE0626C30.00;EREGL_06/2026_AVRUPA_OPSIYON;D_EQ;SSO;D_EQ_ECP;DE_EREGL_ECP;EREGL.E;2026-06-30;9.38;8.96;4.69;0;0;0;0;0;0;0;0;0;0;0;;;;;
2026-05-06;O_EREGLE0626C31.00;EREGL_06/2026_AVRUPA_OPSIYON;D_EQ;SSO;D_EQ_ECP;DE_EREGL_ECP;EREGL.E;2026-06-30;8.46;8.05;5.09;0;0;0;0;0;0;0;0;0;0;0;;;;;
2026-05-06;O_EREGLE0626C32.00;EREGL_06/2026_AVRUPA_OPSIYON;D_EQ;SSO;D_EQ_ECP;DE_EREGL_ECP;EREGL.E;2026-06-30;7.57;7.16;5.73;0;0;0;0;0;0;0;0;0;0;0;;;;;
2026-05-06;O_EREGLE0626C33.00;EREGL_06/2026_AVRUPA_OPSIYON;D_EQ;SSO;D_EQ_ECP;DE_EREGL_ECP;EREGL.E;2026-06-30;6.69;6.3;6.19;0;0;0;0;0;0;0;0;0;0;0;;;;;
2026-05-06;O_EREGLE0626C34.00;EREGL_06/2026_AVRUPA_OPSIYON;D_EQ;SSO;D_EQ_ECP;DE_EREGL_ECP;EREGL.E;2026-06-30;5.86;5.48;6.93;0;0;0;0;0;0;0;0;0;0;0;;;;;
2026-05-06;O_EREGLE0626C35.00;EREGL_06/2026_AVRUPA_OPSIYON;D_EQ;SSO;D_EQ_ECP;DE_EREGL_ECP;EREGL.E;2026-06-30;5.06;4.71;7.43;0;0;0;0;0;0;0;0;0;251;0;;;;;
2026-05-06;O_EREGLE0626C36.00;EREGL_06/2026_AVRUPA_OPSIYON;D_EQ;SSO;D_EQ_ECP;DE_EREGL_ECP;EREGL.E;2026-06-30;4.32;4;8;0;0;0;0;0;0;0;0;0;601;0;;;;;
2026-05-06;O_EREGLE0626C37.00;EREGL_06/2026_AVRUPA_OPSIYON;D_EQ;SSO;D_EQ_ECP;DE_EREGL_ECP;EREGL.E;2026-06-30;3.64;3.35;8.66;3.41;3.41;3.41;3.41;3.41;925000;85250;250;5;250;250;;;;;
2026-05-06;O_EREGLE0626C38.00;EREGL_06/2026_AVRUPA_OPSIYON;D_EQ;SSO;D_EQ_ECP;DE_EREGL_ECP;EREGL.E;2026-06-30;3.03;2.77;9.39;0;0;0;0;0;0;0;0;0;0;0;;;;;
2026-05-06;O_EREGLE0626C39.00;EREGL_06/2026_AVRUPA_OPSIYON;D_EQ;SSO;D_EQ_ECP;DE_EREGL_ECP;EREGL.E;2026-06-30;2.49;2.25;10.67;1.82;1.75;1.82;1.75;1.79;2340000;107500;600;7;5600;600;;;;;
2026-05-06;O_EREGLE0626C40.00;EREGL_06/2026_AVRUPA_OPSIYON;D_EQ;SSO;D_EQ_ECP;DE_EREGL_ECP;EREGL.E;2026-06-30;2.01;1.81;11.05;0;0;0;0;0;0;0;0;0;50;0;;;;;
2026-05-06;O_EREGLE0626C41.00;EREGL_06/2026_AVRUPA_OPSIYON;D_EQ;SSO;D_EQ_ECP;DE_EREGL_ECP;EREGL.E;2026-06-30;1.61;1.43;12.59;0;0;0;0;0;0;0;0;0;282;0;;;;;
2026-05-06;O_EREGLE0626C42.00;EREGL_06/2026_AVRUPA_OPSIYON;D_EQ;SSO;D_EQ_ECP;DE_EREGL_ECP;EREGL.E;2026-06-30;1.27;1.12;13.39;0.6;0.6;0.6;0.6;0.6;84000;1200;20;1;56;0;;;;;
2026-05-06;O_EREGLE0626C43.00;EREGL_06/2026_AVRUPA_OPSIYON;D_EQ;SSO;D_EQ_ECP;DE_EREGL_ECP;EREGL.E;2026-06-30;0.98;0.87;12.64;0.44;0.44;0.67;0.67;0.46;3616300;38935;841;6;3643;840;;;;;
2026-05-06;O_EREGLE0626C44.00;EREGL_06/2026_AVRUPA_OPSIYON;D_EQ;SSO;D_EQ_ECP;DE_EREGL_ECP;EREGL.E;2026-06-30;0.75;0.66;13.64;0.3;0.3;0.45;0.45;0.34;5297600;40560;1204;11;1202;1200;;;;;
2026-05-06;O_EREGLE0626C45.00;EREGL_06/2026_AVRUPA_OPSIYON;D_EQ;SSO;D_EQ_ECP;DE_EREGL_ECP;EREGL.E;2026-06-30;0.57;;0;0.24;0.23;0.24;0.23;0.24;3600000;19000;800;4;800;800;;;;;
2026-05-06;O_EREGLE0626P25.00;EREGL_06/2026_AVRUPA_OPSIYON;D_EQ;SSO;D_EQ_EPP;DE_EREGL_EPP;EREGL.E;2026-06-30;0.01;0.01;0;0;0;0;0;0;0;0;0;0;0;0;;;;;
2026-05-06;O_EREGLE0626P26.00;EREGL_06/2026_AVRUPA_OPSIYON;D_EQ;SSO;D_EQ_EPP;DE_EREGL_EPP;EREGL.E;2026-06-30;0.01;0.01;0;0;0;0;0;0;0;0;0;0;0;0;;;;;
2026-05-06;O_EREGLE0626P27.00;EREGL_06/2026_AVRUPA_OPSIYON;D_EQ;SSO;D_EQ_EPP;DE_EREGL_EPP;EREGL.E;2026-06-30;0.01;0.01;0;0;0;0;0;0;0;0;0;0;0;0;;;;;
2026-05-06;O_EREGLE0626P28.00;EREGL_06/2026_AVRUPA_OPSIYON;D_EQ;SSO;D_EQ_EPP;DE_EREGL_EPP;EREGL.E;2026-06-30;0.01;0.01;0;0;0;0;0;0;0;0;0;0;0;0;;;;;
2026-05-06;O_EREGLE0626P29.00;EREGL_06/2026_AVRUPA_OPSIYON;D_EQ;SSO;D_EQ_EPP;DE_EREGL_EPP;EREGL.E;2026-06-30;0.01;0.02;-50;0;0;0;0;0;0;0;0;0;0;0;;;;;
2026-05-06;O_EREGLE0626P30.00;EREGL_06/2026_AVRUPA_OPSIYON;D_EQ;SSO;D_EQ_EPP;DE_EREGL_EPP;EREGL.E;2026-06-30;0.03;0.04;-25;0;0;0;0;0;0;0;0;0;0;0;;;;;
2026-05-06;O_EREGLE0626P31.00;EREGL_06/2026_AVRUPA_OPSIYON;D_EQ;SSO;D_EQ_EPP;DE_EREGL_EPP;EREGL.E;2026-06-30;0.06;0.07;-14.29;0;0;0;0;0;0;0;0;0;0;0;;;;;
2026-05-06;O_EREGLE0626P32.00;EREGL_06/2026_AVRUPA_OPSIYON;D_EQ;SSO;D_EQ_EPP;DE_EREGL_EPP;EREGL.E;2026-06-30;0.1;0.13;-23.08;0;0;0;0;0;0;0;0;0;0;0;;;;;
2026-05-06;O_EREGLE0626P33.00;EREGL_06/2026_AVRUPA_OPSIYON;D_EQ;SSO;D_EQ_EPP;DE_EREGL_EPP;EREGL.E;2026-06-30;0.18;0.21;-14.29;0;0;0;0;0;0;0;0;0;0;0;;;;;
2026-05-06;O_EREGLE0626P34.00;EREGL_06/2026_AVRUPA_OPSIYON;D_EQ;SSO;D_EQ_EPP;DE_EREGL_EPP;EREGL.E;2026-06-30;0.28;0.34;-17.65;0;0;0;0;0;0;0;0;0;0;0;;;;;
2026-05-06;O_EREGLE0626P35.00;EREGL_06/2026_AVRUPA_OPSIYON;D_EQ;SSO;D_EQ_EPP;DE_EREGL_EPP;EREGL.E;2026-06-30;0.44;0.51;-13.73;0;0;0;0;0;0;0;0;0;0;0;;;;;
2026-05-06;O_EREGLE0626P36.00;EREGL_06/2026_AVRUPA_OPSIYON;D_EQ;SSO;D_EQ_EPP;DE_EREGL_EPP;EREGL.E;2026-06-30;0.64;0.74;-13.51;0;0;0;0;0;0;0;0;0;105;0;;;;;
2026-05-06;O_EREGLE0626P37.00;EREGL_06/2026_AVRUPA_OPSIYON;D_EQ;SSO;D_EQ_EPP;DE_EREGL_EPP;EREGL.E;2026-06-30;0.91;1.03;-11.65;0;0;0;0;0;0;0;0;0;201;0;;;;;
2026-05-06;O_EREGLE0626P38.00;EREGL_06/2026_AVRUPA_OPSIYON;D_EQ;SSO;D_EQ_EPP;DE_EREGL_EPP;EREGL.E;2026-06-30;1.24;1.39;-10.79;0;0;0;0;0;0;0;0;0;200;0;;;;;
2026-05-06;O_EREGLE0626P39.00;EREGL_06/2026_AVRUPA_OPSIYON;D_EQ;SSO;D_EQ_EPP;DE_EREGL_EPP;EREGL.E;2026-06-30;1.64;1.82;-9.89;1.38;1.29;1.38;1.32;1.35;3003000;104290;770;9;770;470;;;;;
2026-05-06;O_EREGLE0626P40.00;EREGL_06/2026_AVRUPA_OPSIYON;D_EQ;SSO;D_EQ_EPP;DE_EREGL_EPP;EREGL.E;2026-06-30;2.11;;0;2.13;2.13;2.13;2.13;2.13;200000;10650;50;1;50;50;;;;;
2026-05-06;O_EREGLE0726C37.00;EREGL_07/2026_AVRUPA_OPSIYON;D_EQ;SSO;D_EQ_ECP;DE_EREGL_ECP;EREGL.E;2026-07-31;5.29;4.96;6.65;0;0;0;0;0;0;0;0;0;0;0;;;;;
2026-05-06;O_EREGLE0726C38.00;EREGL_07/2026_AVRUPA_OPSIYON;D_EQ;SSO;D_EQ_ECP;DE_EREGL_ECP;EREGL.E;2026-07-31;4.64;4.34;6.91;0;0;0;0;0;0;0;0;0;0;0;;;;;
2026-05-06;O_EREGLE0726C39.00;EREGL_07/2026_AVRUPA_OPSIYON;D_EQ;SSO;D_EQ_ECP;DE_EREGL_ECP;EREGL.E;2026-07-31;4.05;3.77;7.43;0;0;0;0;0;0;0;0;0;0;0;;;;;
2026-05-06;O_EREGLE0726C40.00;EREGL_07/2026_AVRUPA_OPSIYON;D_EQ;SSO;D_EQ_ECP;DE_EREGL_ECP;EREGL.E;2026-07-31;3.5;3.25;7.69;0;0;0;0;0;0;0;0;0;0;0;;;;;
2026-05-06;O_EREGLE0726C41.00;EREGL_07/2026_AVRUPA_OPSIYON;D_EQ;SSO;D_EQ_ECP;DE_EREGL_ECP;EREGL.E;2026-07-31;3.01;2.78;8.27;0;0;0;0;0;0;0;0;0;0;0;;;;;
2026-05-06;O_EREGLE0726C42.00;EREGL_07/2026_AVRUPA_OPSIYON;D_EQ;SSO;D_EQ_ECP;DE_EREGL_ECP;EREGL.E;2026-07-31;2.57;2.36;8.9;0;0;0;0;0;0;0;0;0;0;0;;;;;
2026-05-06;O_EREGLE0726C43.00;EREGL_07/2026_AVRUPA_OPSIYON;D_EQ;SSO;D_EQ_ECP;DE_EREGL_ECP;EREGL.E;2026-07-31;2.18;1.99;9.55;0;0;0;0;0;0;0;0;0;0;0;;;;;
2026-05-06;O_EREGLE0726C44.00;EREGL_07/2026_AVRUPA_OPSIYON;D_EQ;SSO;D_EQ_ECP;DE_EREGL_ECP;EREGL.E;2026-07-31;1.83;1.66;10.24;0;0;0;0;0;0;0;0;0;0;0;;;;;
2026-05-06;O_EREGLE0726C45.00;EREGL_07/2026_AVRUPA_OPSIYON;D_EQ;SSO;D_EQ_ECP;DE_EREGL_ECP;EREGL.E;2026-07-31;1.53;1.38;10.87;0;0;0;0;0;0;0;0;0;0;0;;;;;
2026-05-06;O_EREGLE0726C46.00;EREGL_07/2026_AVRUPA_OPSIYON;D_EQ;SSO;D_EQ_ECP;DE_EREGL_ECP;EREGL.E;2026-07-31;1.27;;0;0;0;0;0;0;0;0;0;0;0;0;;;;;
2026-05-06;O_EREGLE0726P32.00;EREGL_07/2026_AVRUPA_OPSIYON;D_EQ;SSO;D_EQ_EPP;DE_EREGL_EPP;EREGL.E;2026-07-31;0.13;0.16;-18.75;0;0;0;0;0;0;0;0;0;0;0;;;;;
2026-05-06;O_EREGLE0726P33.00;EREGL_07/2026_AVRUPA_OPSIYON;D_EQ;SSO;D_EQ_EPP;DE_EREGL_EPP;EREGL.E;2026-07-31;0.21;0.24;-12.5;0;0;0;0;0;0;0;0;0;0;0;;;;;
2026-05-06;O_EREGLE0726P34.00;EREGL_07/2026_AVRUPA_OPSIYON;D_EQ;SSO;D_EQ_EPP;DE_EREGL_EPP;EREGL.E;2026-07-31;0.3;0.35;-14.29;0;0;0;0;0;0;0;0;0;0;0;;;;;
2026-05-06;O_EREGLE0726P35.00;EREGL_07/2026_AVRUPA_OPSIYON;D_EQ;SSO;D_EQ_EPP;DE_EREGL_EPP;EREGL.E;2026-07-31;0.43;0.49;-12.24;0;0;0;0;0;0;0;0;0;0;0;;;;;
2026-05-06;O_EREGLE0726P36.00;EREGL_07/2026_AVRUPA_OPSIYON;D_EQ;SSO;D_EQ_EPP;DE_EREGL_EPP;EREGL.E;2026-07-31;0.6;0.67;-10.45;0;0;0;0;0;0;0;0;0;0;0;;;;;
2026-05-06;O_EREGLE0726P37.00;EREGL_07/2026_AVRUPA_OPSIYON;D_EQ;SSO;D_EQ_EPP;DE_EREGL_EPP;EREGL.E;2026-07-31;0.81;0.9;-10;0;0;0;0;0;0;0;0;0;0;0;;;;;
2026-05-06;O_EREGLE0726P38.00;EREGL_07/2026_AVRUPA_OPSIYON;D_EQ;SSO;D_EQ_EPP;DE_EREGL_EPP;EREGL.E;2026-07-31;1.06;1.17;-9.4;0;0;0;0;0;0;0;0;0;0;0;;;;;
2026-05-06;O_EREGLE0726P39.00;EREGL_07/2026_AVRUPA_OPSIYON;D_EQ;SSO;D_EQ_EPP;DE_EREGL_EPP;EREGL.E;2026-07-31;1.36;1.5;-9.33;0;0;0;0;0;0;0;0;0;0;0;;;;;
2026-05-06;O_EREGLE0726P40.00;EREGL_07/2026_AVRUPA_OPSIYON;D_EQ;SSO;D_EQ_EPP;DE_EREGL_EPP;EREGL.E;2026-07-31;1.72;1.87;-8.02;0;0;0;0;0;0;0;0;0;0;0;;;;;
2026-05-06;O_EREGLE0726P41.00;EREGL_07/2026_AVRUPA_OPSIYON;D_EQ;SSO;D_EQ_EPP;DE_EREGL_EPP;EREGL.E;2026-07-31;2.12;;0;0;0;0;0;0;0;0;0;0;0;0;;;;;
2026-05-06;O_FROTOE0526C100.00;FROTO_05/2026_AVRUPA_OPSIYON;D_EQ;SSO;D_EQ_ECP;DE_FROTO_ECP;FROTO.E;2026-05-25;3.86;3.45;11.88;2.96;2.94;3.42;3.24;3.09;4000000;123676;400;6;400;400;;;;;
2026-05-06;O_FROTOE0526C105.00;FROTO_05/2026_AVRUPA_OPSIYON;D_EQ;SSO;D_EQ_ECP;DE_FROTO_ECP;FROTO.E;2026-05-25;1.83;1.6;14.38;0;0;0;0;0;0;0;0;0;41;0;;;;;
2026-05-06;O_FROTOE0526C110.00;FROTO_05/2026_AVRUPA_OPSIYON;D_EQ;SSO;D_EQ_ECP;DE_FROTO_ECP;FROTO.E;2026-05-25;0.74;0.63;17.46;0.62;0.62;0.72;0.64;0.64;363000;2118;33;5;135;33;;;;;
2026-05-06;O_FROTOE0526C115.00;FROTO_05/2026_AVRUPA_OPSIYON;D_EQ;SSO;D_EQ_ECP;DE_FROTO_ECP;FROTO.E;2026-05-25;0.25;0.22;13.64;0;0;0;0;0;0;0;0;0;4;0;;;;;
2026-05-06;O_FROTOE0526C120.00;FROTO_05/2026_AVRUPA_OPSIYON;D_EQ;SSO;D_EQ_ECP;DE_FROTO_ECP;FROTO.E;2026-05-25;0.08;0.06;33.33;0;0;0;0;0;0;0;0;0;0;0;;;;;
2026-05-06;O_FROTOE0526C125.00;FROTO_05/2026_AVRUPA_OPSIYON;D_EQ;SSO;D_EQ_ECP;DE_FROTO_ECP;FROTO.E;2026-05-25;0.02;0.02;0;0;0;0;0;0;0;0;0;0;0;0;;;;;
2026-05-06;O_FROTOE0526C130.00;FROTO_05/2026_AVRUPA_OPSIYON;D_EQ;SSO;D_EQ_ECP;DE_FROTO_ECP;FROTO.E;2026-05-25;0.01;0.01;0;0;0;0;0;0;0;0;0;0;0;0;;;;;
2026-05-06;O_FROTOE0526C135.00;FROTO_05/2026_AVRUPA_OPSIYON;D_EQ;SSO;D_EQ_ECP;DE_FROTO_ECP;FROTO.E;2026-05-25;0.01;0.01;0;0;0;0;0;0;0;0;0;0;0;0;;;;;
2026-05-06;O_FROTOE0526C140.00;FROTO_05/2026_AVRUPA_OPSIYON;D_EQ;SSO;D_EQ_ECP;DE_FROTO_ECP;FROTO.E;2026-05-25;0.01;0.01;0;0;0;0;0;0;0;0;0;0;0;0;;;;;
2026-05-06;O_FROTOE0526C145.00;FROTO_05/2026_AVRUPA_OPSIYON;D_EQ;SSO;D_EQ_ECP;DE_FROTO_ECP;FROTO.E;2026-05-25;0.01;0.01;0;0;0;0;0;0;0;0;0;0;0;0;;;;;
2026-05-06;O_FROTOE0526C150.00;FROTO_05/2026_AVRUPA_OPSIYON;D_EQ;SSO;D_EQ_ECP;DE_FROTO_ECP;FROTO.E;2026-05-25;0.01;0.01;0;0;0;0;0;0;0;0;0;0;0;0;;;;;
2026-05-06;O_FROTOE0526C155.00;FROTO_05/2026_AVRUPA_OPSIYON;D_EQ;SSO;D_EQ_ECP;DE_FROTO_ECP;FROTO.E;2026-05-25;0.01;0.01;0;0;0;0;0;0;0;0;0;0;0;0;;;;;
2026-05-06;O_FROTOE0526C96.00;FROTO_05/2026_AVRUPA_OPSIYON;D_EQ;SSO;D_EQ_ECP;DE_FROTO_ECP;FROTO.E;2026-05-25;6.29;5.72;9.97;0;0;0;0;0;0;0;0;0;0;0;;;;;
2026-05-06;O_FROTOE0526C98.00;FROTO_05/2026_AVRUPA_OPSIYON;D_EQ;SSO;D_EQ_ECP;DE_FROTO_ECP;FROTO.E;2026-05-25;4.99;4.5;10.89;0;0;0;0;0;0;0;0;0;195;0;;;;;
2026-05-06;O_FROTOE0526P100.00;FROTO_05/2026_AVRUPA_OPSIYON;D_EQ;SSO;D_EQ_EPP;DE_FROTO_EPP;FROTO.E;2026-05-25;2.91;3.34;-12.87;2.21;2.12;2.21;2.12;2.13;1000000;21300;100;3;300;100;;;;;
2026-05-06;O_FROTOE0526P105.00;FROTO_05/2026_AVRUPA_OPSIYON;D_EQ;SSO;D_EQ_EPP;DE_FROTO_EPP;FROTO.E;2026-05-25;5.77;6.39;-9.7;4.51;4.34;4.52;4.34;4.42;6090000;256523;580;12;727;580;;;;;
2026-05-06;O_FROTOE0526P110.00;FROTO_05/2026_AVRUPA_OPSIYON;D_EQ;SSO;D_EQ_EPP;DE_FROTO_EPP;FROTO.E;2026-05-25;9.58;10.32;-7.17;0;0;0;0;0;0;0;0;0;80;0;;;;;
2026-05-06;O_FROTOE0526P115.00;FROTO_05/2026_AVRUPA_OPSIYON;D_EQ;SSO;D_EQ_EPP;DE_FROTO_EPP;FROTO.E;2026-05-25;14;14.8;-5.41;0;0;0;0;0;0;0;0;0;30;0;;;;;
2026-05-06;O_FROTOE0526P120.00;FROTO_05/2026_AVRUPA_OPSIYON;D_EQ;SSO;D_EQ_EPP;DE_FROTO_EPP;FROTO.E;2026-05-25;18.72;19.54;-4.2;0;0;0;0;0;0;0;0;0;0;0;;;;;
2026-05-06;O_FROTOE0526P125.00;FROTO_05/2026_AVRUPA_OPSIYON;D_EQ;SSO;D_EQ_EPP;DE_FROTO_EPP;FROTO.E;2026-05-25;23.57;24.39;-3.36;0;0;0;0;0;0;0;0;0;0;0;;;;;
2026-05-06;O_FROTOE0526P130.00;FROTO_05/2026_AVRUPA_OPSIYON;D_EQ;SSO;D_EQ_EPP;DE_FROTO_EPP;FROTO.E;2026-05-25;28.46;29.27;-2.77;0;0;0;0;0;0;0;0;0;0;0;;;;;
2026-05-06;O_FROTOE0526P86.00;FROTO_05/2026_AVRUPA_OPSIYON;D_EQ;SSO;D_EQ_EPP;DE_FROTO_EPP;FROTO.E;2026-05-25;0.09;0.13;-30.77;0;0;0;0;0;0;0;0;0;0;0;;;;;
2026-05-06;O_FROTOE0526P88.00;FROTO_05/2026_AVRUPA_OPSIYON;D_EQ;SSO;D_EQ_EPP;DE_FROTO_EPP;FROTO.E;2026-05-25;0.18;0.24;-25;0;0;0;0;0;0;0;0;0;0;0;;;;;
2026-05-06;O_FROTOE0526P90.00;FROTO_05/2026_AVRUPA_OPSIYON;D_EQ;SSO;D_EQ_EPP;DE_FROTO_EPP;FROTO.E;2026-05-25;0.33;0.43;-23.26;0;0;0;0;0;0;0;0;0;0;0;;;;;
2026-05-06;O_FROTOE0526P92.00;FROTO_05/2026_AVRUPA_OPSIYON;D_EQ;SSO;D_EQ_EPP;DE_FROTO_EPP;FROTO.E;2026-05-25;0.57;0.72;-20.83;0;0;0;0;0;0;0;0;0;0;0;;;;;
2026-05-06;O_FROTOE0526P94.00;FROTO_05/2026_AVRUPA_OPSIYON;D_EQ;SSO;D_EQ_EPP;DE_FROTO_EPP;FROTO.E;2026-05-25;0.92;1.13;-18.58;0;0;0;0;0;0;0;0;0;0;0;;;;;
2026-05-06;O_FROTOE0526P96.00;FROTO_05/2026_AVRUPA_OPSIYON;D_EQ;SSO;D_EQ_EPP;DE_FROTO_EPP;FROTO.E;2026-05-25;1.41;1.7;-17.06;0;0;0;0;0;0;0;0;0;300;0;;;;;
2026-05-06;O_FROTOE0526P98.00;FROTO_05/2026_AVRUPA_OPSIYON;D_EQ;SSO;D_EQ_EPP;DE_FROTO_EPP;FROTO.E;2026-05-25;2.07;2.43;-14.81;0;0;0;0;0;0;0;0;0;0;0;;;;;
2026-05-06;O_FROTOE0626C100.00;FROTO_06/2026_AVRUPA_OPSIYON;D_EQ;SSO;D_EQ_ECP;DE_FROTO_ECP;FROTO.E;2026-06-30;8.19;7.63;7.34;0;0;0;0;0;0;0;0;0;0;0;;;;;
2026-05-06;O_FROTOE0626C105.00;FROTO_06/2026_AVRUPA_OPSIYON;D_EQ;SSO;D_EQ_ECP;DE_FROTO_ECP;FROTO.E;2026-06-30;5.67;5.23;8.41;0;0;0;0;0;0;0;0;0;0;0;;;;;
2026-05-06;O_FROTOE0626C110.00;FROTO_06/2026_AVRUPA_OPSIYON;D_EQ;SSO;D_EQ_ECP;DE_FROTO_ECP;FROTO.E;2026-06-30;3.77;3.43;9.91;0;0;0;0;0;0;0;0;0;0;0;;;;;
2026-05-06;O_FROTOE0626C115.00;FROTO_06/2026_AVRUPA_OPSIYON;D_EQ;SSO;D_EQ_ECP;DE_FROTO_ECP;FROTO.E;2026-06-30;2.4;2.16;11.11;0;0;0;0;0;0;0;0;0;0;0;;;;;
2026-05-06;O_FROTOE0626C120.00;FROTO_06/2026_AVRUPA_OPSIYON;D_EQ;SSO;D_EQ_ECP;DE_FROTO_ECP;FROTO.E;2026-06-30;1.47;1.31;12.21;0;0;0;0;0;0;0;0;0;0;0;;;;;
2026-05-06;O_FROTOE0626C125.00;FROTO_06/2026_AVRUPA_OPSIYON;D_EQ;SSO;D_EQ_ECP;DE_FROTO_ECP;FROTO.E;2026-06-30;0.87;0.76;14.47;0;0;0;0;0;0;0;0;0;0;0;;;;;
2026-05-06;O_FROTOE0626C130.00;FROTO_06/2026_AVRUPA_OPSIYON;D_EQ;SSO;D_EQ_ECP;DE_FROTO_ECP;FROTO.E;2026-06-30;0.49;0.43;13.95;0;0;0;0;0;0;0;0;0;0;0;;;;;
2026-05-06;O_FROTOE0626C135.00;FROTO_06/2026_AVRUPA_OPSIYON;D_EQ;SSO;D_EQ_ECP;DE_FROTO_ECP;FROTO.E;2026-06-30;0.27;0.23;17.39;0;0;0;0;0;0;0;0;0;0;0;;;;;
2026-05-06;O_FROTOE0626C140.00;FROTO_06/2026_AVRUPA_OPSIYON;D_EQ;SSO;D_EQ_ECP;DE_FROTO_ECP;FROTO.E;2026-06-30;0.15;0.12;25;0;0;0;0;0;0;0;0;0;0;0;;;;;
2026-05-06;O_FROTOE0626C145.00;FROTO_06/2026_AVRUPA_OPSIYON;D_EQ;SSO;D_EQ_ECP;DE_FROTO_ECP;FROTO.E;2026-06-30;0.08;0.06;33.33;0;0;0;0;0;0;0;0;0;0;0;;;;;
2026-05-06;O_FROTOE0626C150.00;FROTO_06/2026_AVRUPA_OPSIYON;D_EQ;SSO;D_EQ_ECP;DE_FROTO_ECP;FROTO.E;2026-06-30;0.04;0.03;33.33;0;0;0;0;0;0;0;0;0;0;0;;;;;
2026-05-06;O_FROTOE0626C98.00;FROTO_06/2026_AVRUPA_OPSIYON;D_EQ;SSO;D_EQ_ECP;DE_FROTO_ECP;FROTO.E;2026-06-30;9.37;8.77;6.84;0;0;0;0;0;0;0;0;0;0;0;;;;;
2026-05-06;O_FROTOE0626P100.00;FROTO_06/2026_AVRUPA_OPSIYON;D_EQ;SSO;D_EQ_EPP;DE_FROTO_EPP;FROTO.E;2026-06-30;3.62;3.92;-7.65;0;0;0;0;0;0;0;0;0;0;0;;;;;
2026-05-06;O_FROTOE0626P105.00;FROTO_06/2026_AVRUPA_OPSIYON;D_EQ;SSO;D_EQ_EPP;DE_FROTO_EPP;FROTO.E;2026-06-30;5.83;6.23;-6.42;0;0;0;0;0;0;0;0;0;0;0;;;;;
2026-05-06;O_FROTOE0626P110.00;FROTO_06/2026_AVRUPA_OPSIYON;D_EQ;SSO;D_EQ_EPP;DE_FROTO_EPP;FROTO.E;2026-06-30;8.65;9.15;-5.46;0;0;0;0;0;0;0;0;0;0;0;;;;;
2026-05-06;O_FROTOE0626P115.00;FROTO_06/2026_AVRUPA_OPSIYON;D_EQ;SSO;D_EQ_EPP;DE_FROTO_EPP;FROTO.E;2026-06-30;12;12.6;-4.76;0;0;0;0;0;0;0;0;0;0;0;;;;;
2026-05-06;O_FROTOE0626P120.00;FROTO_06/2026_AVRUPA_OPSIYON;D_EQ;SSO;D_EQ_EPP;DE_FROTO_EPP;FROTO.E;2026-06-30;15.79;16.46;-4.07;0;0;0;0;0;0;0;0;0;0;0;;;;;
2026-05-06;O_FROTOE0626P125.00;FROTO_06/2026_AVRUPA_OPSIYON;D_EQ;SSO;D_EQ_EPP;DE_FROTO_EPP;FROTO.E;2026-06-30;19.91;20.63;-3.49;0;0;0;0;0;0;0;0;0;0;0;;;;;
2026-05-06;O_FROTOE0626P88.00;FROTO_06/2026_AVRUPA_OPSIYON;D_EQ;SSO;D_EQ_EPP;DE_FROTO_EPP;FROTO.E;2026-06-30;0.74;0.82;-9.76;0;0;0;0;0;0;0;0;0;0;0;;;;;
2026-05-06;O_FROTOE0626P90.00;FROTO_06/2026_AVRUPA_OPSIYON;D_EQ;SSO;D_EQ_EPP;DE_FROTO_EPP;FROTO.E;2026-06-30;1.01;1.13;-10.62;0;0;0;0;0;0;0;0;0;0;0;;;;;
2026-05-06;O_FROTOE0626P92.00;FROTO_06/2026_AVRUPA_OPSIYON;D_EQ;SSO;D_EQ_EPP;DE_FROTO_EPP;FROTO.E;2026-06-30;1.36;1.51;-9.93;0;0;0;0;0;0;0;0;0;0;0;;;;;
2026-05-06;O_FROTOE0626P94.00;FROTO_06/2026_AVRUPA_OPSIYON;D_EQ;SSO;D_EQ_EPP;DE_FROTO_EPP;FROTO.E;2026-06-30;1.79;1.97;-9.14;0;0;0;0;0;0;0;0;0;0;0;;;;;
2026-05-06;O_FROTOE0626P96.00;FROTO_06/2026_AVRUPA_OPSIYON;D_EQ;SSO;D_EQ_EPP;DE_FROTO_EPP;FROTO.E;2026-06-30;2.31;2.52;-8.33;0;0;0;0;0;0;0;0;0;0;0;;;;;
2026-05-06;O_FROTOE0626P98.00;FROTO_06/2026_AVRUPA_OPSIYON;D_EQ;SSO;D_EQ_EPP;DE_FROTO_EPP;FROTO.E;2026-06-30;2.92;3.17;-7.89;0;0;0;0;0;0;0;0;0;0;0;;;;;
2026-05-06;O_FROTOE0726C100.00;FROTO_07/2026_AVRUPA_OPSIYON;D_EQ;SSO;D_EQ_ECP;DE_FROTO_ECP;FROTO.E;2026-07-31;12.45;11.81;5.42;0;0;0;0;0;0;0;0;0;0;0;;;;;
2026-05-06;O_FROTOE0726C105.00;FROTO_07/2026_AVRUPA_OPSIYON;D_EQ;SSO;D_EQ_ECP;DE_FROTO_ECP;FROTO.E;2026-07-31;9.66;9.1;6.15;0;0;0;0;0;0;0;0;0;0;0;;;;;
2026-05-06;O_FROTOE0726C110.00;FROTO_07/2026_AVRUPA_OPSIYON;D_EQ;SSO;D_EQ_ECP;DE_FROTO_ECP;FROTO.E;2026-07-31;7.32;6.84;7.02;0;0;0;0;0;0;0;0;0;0;0;;;;;
2026-05-06;O_FROTOE0726C115.00;FROTO_07/2026_AVRUPA_OPSIYON;D_EQ;SSO;D_EQ_ECP;DE_FROTO_ECP;FROTO.E;2026-07-31;5.43;5.03;7.95;0;0;0;0;0;0;0;0;0;0;0;;;;;
2026-05-06;O_FROTOE0726C120.00;FROTO_07/2026_AVRUPA_OPSIYON;D_EQ;SSO;D_EQ_ECP;DE_FROTO_ECP;FROTO.E;2026-07-31;3.94;3.62;8.84;0;0;0;0;0;0;0;0;0;0;0;;;;;
2026-05-06;O_FROTOE0726C125.00;FROTO_07/2026_AVRUPA_OPSIYON;D_EQ;SSO;D_EQ_ECP;DE_FROTO_ECP;FROTO.E;2026-07-31;2.8;2.56;9.38;0;0;0;0;0;0;0;0;0;0;0;;;;;
2026-05-06;O_FROTOE0726C130.00;FROTO_07/2026_AVRUPA_OPSIYON;D_EQ;SSO;D_EQ_ECP;DE_FROTO_ECP;FROTO.E;2026-07-31;1.96;1.77;10.73;0;0;0;0;0;0;0;0;0;0;0;;;;;
2026-05-06;O_FROTOE0726C135.00;FROTO_07/2026_AVRUPA_OPSIYON;D_EQ;SSO;D_EQ_ECP;DE_FROTO_ECP;FROTO.E;2026-07-31;1.34;1.2;11.67;0;0;0;0;0;0;0;0;0;0;0;;;;;
2026-05-06;O_FROTOE0726P100.00;FROTO_07/2026_AVRUPA_OPSIYON;D_EQ;SSO;D_EQ_EPP;DE_FROTO_EPP;FROTO.E;2026-07-31;3.18;3.38;-5.92;0;0;0;0;0;0;0;0;0;0;0;;;;;
2026-05-06;O_FROTOE0726P105.00;FROTO_07/2026_AVRUPA_OPSIYON;D_EQ;SSO;D_EQ_EPP;DE_FROTO_EPP;FROTO.E;2026-07-31;4.87;5.14;-5.25;0;0;0;0;0;0;0;0;0;0;0;;;;;
2026-05-06;O_FROTOE0726P110.00;FROTO_07/2026_AVRUPA_OPSIYON;D_EQ;SSO;D_EQ_EPP;DE_FROTO_EPP;FROTO.E;2026-07-31;7.02;7.37;-4.75;0;0;0;0;0;0;0;0;0;0;0;;;;;
2026-05-06;O_FROTOE0726P90.00;FROTO_07/2026_AVRUPA_OPSIYON;D_EQ;SSO;D_EQ_EPP;DE_FROTO_EPP;FROTO.E;2026-07-31;1.07;1.16;-7.76;0;0;0;0;0;0;0;0;0;0;0;;;;;
2026-05-06;O_FROTOE0726P92.00;FROTO_07/2026_AVRUPA_OPSIYON;D_EQ;SSO;D_EQ_EPP;DE_FROTO_EPP;FROTO.E;2026-07-31;1.37;1.47;-6.8;0;0;0;0;0;0;0;0;0;0;0;;;;;
2026-05-06;O_FROTOE0726P94.00;FROTO_07/2026_AVRUPA_OPSIYON;D_EQ;SSO;D_EQ_EPP;DE_FROTO_EPP;FROTO.E;2026-07-31;1.73;1.85;-6.49;0;0;0;0;0;0;0;0;0;0;0;;;;;
2026-05-06;O_FROTOE0726P96.00;FROTO_07/2026_AVRUPA_OPSIYON;D_EQ;SSO;D_EQ_EPP;DE_FROTO_EPP;FROTO.E;2026-07-31;2.15;2.29;-6.11;0;0;0;0;0;0;0;0;0;0;0;;;;;
2026-05-06;O_FROTOE0726P98.00;FROTO_07/2026_AVRUPA_OPSIYON;D_EQ;SSO;D_EQ_EPP;DE_FROTO_EPP;FROTO.E;2026-07-31;2.63;2.8;-6.07;0;0;0;0;0;0;0;0;0;0;0;;;;;
2026-05-06;O_GARANE0526C125.00;GARAN_05/2026_AVRUPA_OPSIYON;D_EQ;SSO;D_EQ_ECP;DE_GARAN_ECP;GARAN.E;2026-05-25;14.73;8.73;68.73;0;0;0;0;0;0;0;0;0;0;0;;;;;
2026-05-06;O_GARANE0526C130.00;GARAN_05/2026_AVRUPA_OPSIYON;D_EQ;SSO;D_EQ_ECP;DE_GARAN_ECP;GARAN.E;2026-05-25;10.52;5.52;90.58;0;0;0;0;0;0;0;0;0;0;0;;;;;
2026-05-06;O_GARANE0526C135.00;GARAN_05/2026_AVRUPA_OPSIYON;D_EQ;SSO;D_EQ_ECP;DE_GARAN_ECP;GARAN.E;2026-05-25;6.95;3.24;114.51;6.08;6.08;6.08;6.08;6.08;135000;6080;10;1;20;0;;;;;
2026-05-06;O_GARANE0526C140.00;GARAN_05/2026_AVRUPA_OPSIYON;D_EQ;SSO;D_EQ_ECP;DE_GARAN_ECP;GARAN.E;2026-05-25;4.25;1.87;127.27;0;0;0;0;0;0;0;0;0;90;0;;;;;
2026-05-06;O_GARANE0526C145.00;GARAN_05/2026_AVRUPA_OPSIYON;D_EQ;SSO;D_EQ_ECP;DE_GARAN_ECP;GARAN.E;2026-05-25;2.44;1.15;112.17;0;0;0;0;0;0;0;0;0;0;0;;;;;
2026-05-06;O_GARANE0526C150.00;GARAN_05/2026_AVRUPA_OPSIYON;D_EQ;SSO;D_EQ_ECP;DE_GARAN_ECP;GARAN.E;2026-05-25;1.43;0.73;95.89;0;0;0;0;0;0;0;0;0;42;0;;;;;
2026-05-06;O_GARANE0526C155.00;GARAN_05/2026_AVRUPA_OPSIYON;D_EQ;SSO;D_EQ_ECP;DE_GARAN_ECP;GARAN.E;2026-05-25;0.86;0.48;79.17;0;0;0;0;0;0;0;0;0;0;0;;;;;
2026-05-06;O_GARANE0526C160.00;GARAN_05/2026_AVRUPA_OPSIYON;D_EQ;SSO;D_EQ_ECP;DE_GARAN_ECP;GARAN.E;2026-05-25;0.52;0.32;62.5;0;0;0;0;0;0;0;0;0;0;0;;;;;
2026-05-06;O_GARANE0526C165.00;GARAN_05/2026_AVRUPA_OPSIYON;D_EQ;SSO;D_EQ_ECP;DE_GARAN_ECP;GARAN.E;2026-05-25;0.33;0.23;43.48;0;0;0;0;0;0;0;0;0;0;0;;;;;
2026-05-06;O_GARANE0526C170.00;GARAN_05/2026_AVRUPA_OPSIYON;D_EQ;SSO;D_EQ_ECP;DE_GARAN_ECP;GARAN.E;2026-05-25;0.21;0.17;23.53;0;0;0;0;0;0;0;0;0;0;0;;;;;
2026-05-06;O_GARANE0526C175.00;GARAN_05/2026_AVRUPA_OPSIYON;D_EQ;SSO;D_EQ_ECP;DE_GARAN_ECP;GARAN.E;2026-05-25;0.14;0.13;7.69;0;0;0;0;0;0;0;0;0;0;0;;;;;
2026-05-06;O_GARANE0526C180.00;GARAN_05/2026_AVRUPA_OPSIYON;D_EQ;SSO;D_EQ_ECP;DE_GARAN_ECP;GARAN.E;2026-05-25;0.1;0.1;0;0;0;0;0;0;0;0;0;0;0;0;;;;;
2026-05-06;O_GARANE0526C185.00;GARAN_05/2026_AVRUPA_OPSIYON;D_EQ;SSO;D_EQ_ECP;DE_GARAN_ECP;GARAN.E;2026-05-25;0.07;0.06;16.67;0;0;0;0;0;0;0;0;0;0;0;;;;;
2026-05-06;O_GARANE0526C190.00;GARAN_05/2026_AVRUPA_OPSIYON;D_EQ;SSO;D_EQ_ECP;DE_GARAN_ECP;GARAN.E;2026-05-25;0.05;0.03;66.67;0;0;0;0;0;0;0;0;0;0;0;;;;;
2026-05-06;O_GARANE0526C195.00;GARAN_05/2026_AVRUPA_OPSIYON;D_EQ;SSO;D_EQ_ECP;DE_GARAN_ECP;GARAN.E;2026-05-25;0.04;0.02;100;0;0;0;0;0;0;0;0;0;0;0;;;;;
2026-05-06;O_GARANE0526C200.00;GARAN_05/2026_AVRUPA_OPSIYON;D_EQ;SSO;D_EQ_ECP;DE_GARAN_ECP;GARAN.E;2026-05-25;0.03;0.01;200;0;0;0;0;0;0;0;0;0;0;0;;;;;
2026-05-06;O_GARANE0526P100.00;GARAN_05/2026_AVRUPA_OPSIYON;D_EQ;SSO;D_EQ_EPP;DE_GARAN_EPP;GARAN.E;2026-05-25;0.01;0.04;-75;0;0;0;0;0;0;0;0;0;0;0;;;;;
2026-05-06;O_GARANE0526P105.00;GARAN_05/2026_AVRUPA_OPSIYON;D_EQ;SSO;D_EQ_EPP;DE_GARAN_EPP;GARAN.E;2026-05-25;0.02;0.1;-80;0;0;0;0;0;0;0;0;0;0;0;;;;;
2026-05-06;O_GARANE0526P110.00;GARAN_05/2026_AVRUPA_OPSIYON;D_EQ;SSO;D_EQ_EPP;DE_GARAN_EPP;GARAN.E;2026-05-25;0.06;0.22;-72.73;0;0;0;0;0;0;0;0;0;0;0;;;;;
2026-05-06;O_GARANE0526P115.00;GARAN_05/2026_AVRUPA_OPSIYON;D_EQ;SSO;D_EQ_EPP;DE_GARAN_EPP;GARAN.E;2026-05-25;0.14;0.45;-68.89;0;0;0;0;0;0;0;0;0;0;0;;;;;
2026-05-06;O_GARANE0526P120.00;GARAN_05/2026_AVRUPA_OPSIYON;D_EQ;SSO;D_EQ_EPP;DE_GARAN_EPP;GARAN.E;2026-05-25;0.32;0.91;-64.84;0;0;0;0;0;0;0;0;0;0;0;;;;;
2026-05-06;O_GARANE0526P125.00;GARAN_05/2026_AVRUPA_OPSIYON;D_EQ;SSO;D_EQ_EPP;DE_GARAN_EPP;GARAN.E;2026-05-25;0.68;1.75;-61.14;0.47;0.47;0.47;0.47;0.47;1250000;4700;100;6;500;-100;;;;;
2026-05-06;O_GARANE0526P130.00;GARAN_05/2026_AVRUPA_OPSIYON;D_EQ;SSO;D_EQ_EPP;DE_GARAN_EPP;GARAN.E;2026-05-25;1.37;3.44;-60.17;1.3;1.3;1.3;1.3;1.3;5005000;50050;385;7;0;-385;;;;;
2026-05-06;O_GARANE0526P135.00;GARAN_05/2026_AVRUPA_OPSIYON;D_EQ;SSO;D_EQ_EPP;DE_GARAN_EPP;GARAN.E;2026-05-25;2.7;6.06;-55.45;2.34;1.95;2.34;2;2.01;1485000;22090;110;11;485;-100;;;;;
2026-05-06;O_GARANE0526P140.00;GARAN_05/2026_AVRUPA_OPSIYON;D_EQ;SSO;D_EQ_EPP;DE_GARAN_EPP;GARAN.E;2026-05-25;4.9;9.58;-48.85;4.75;4.75;4.75;4.75;4.75;700000;23750;50;5;4;-50;;;;;
2026-05-06;O_GARANE0526P145.00;GARAN_05/2026_AVRUPA_OPSIYON;D_EQ;SSO;D_EQ_EPP;DE_GARAN_EPP;GARAN.E;2026-05-25;8;13.76;-41.86;0;0;0;0;0;0;0;0;0;0;0;;;;;
2026-05-06;O_GARANE0526P150.00;GARAN_05/2026_AVRUPA_OPSIYON;D_EQ;SSO;D_EQ_EPP;DE_GARAN_EPP;GARAN.E;2026-05-25;11.9;18.24;-34.76;0;0;0;0;0;0;0;0;0;0;0;;;;;
2026-05-06;O_GARANE0526P155.00;GARAN_05/2026_AVRUPA_OPSIYON;D_EQ;SSO;D_EQ_EPP;DE_GARAN_EPP;GARAN.E;2026-05-25;16.22;22.88;-29.11;0;0;0;0;0;0;0;0;0;77;0;;;;;
2026-05-06;O_GARANE0526P160.00;GARAN_05/2026_AVRUPA_OPSIYON;D_EQ;SSO;D_EQ_EPP;DE_GARAN_EPP;GARAN.E;2026-05-25;20.79;27.63;-24.76;0;0;0;0;0;0;0;0;0;0;0;;;;;
2026-05-06;O_GARANE0526P165.00;GARAN_05/2026_AVRUPA_OPSIYON;D_EQ;SSO;D_EQ_EPP;DE_GARAN_EPP;GARAN.E;2026-05-25;25.5;32.43;-21.37;0;0;0;0;0;0;0;0;0;0;0;;;;;
2026-05-06;O_GARANE0526P170.00;GARAN_05/2026_AVRUPA_OPSIYON;D_EQ;SSO;D_EQ_EPP;DE_GARAN_EPP;GARAN.E;2026-05-25;30.28;37.27;-18.76;0;0;0;0;0;0;0;0;0;0;0;;;;;
2026-05-06;O_GARANE0526P175.00;GARAN_05/2026_AVRUPA_OPSIYON;D_EQ;SSO;D_EQ_EPP;DE_GARAN_EPP;GARAN.E;2026-05-25;35.11;42.12;-16.64;0;0;0;0;0;0;0;0;0;0;0;;;;;
2026-05-06;O_GARANE0626C130.00;GARAN_06/2026_AVRUPA_OPSIYON;D_EQ;SSO;D_EQ_ECP;DE_GARAN_ECP;GARAN.E;2026-06-30;16.68;11.18;49.19;0;0;0;0;0;0;0;0;0;0;0;;;;;
2026-05-06;O_GARANE0626C135.00;GARAN_06/2026_AVRUPA_OPSIYON;D_EQ;SSO;D_EQ_ECP;DE_GARAN_ECP;GARAN.E;2026-06-30;13.04;8.41;55.05;0;0;0;0;0;0;0;0;0;0;0;;;;;
2026-05-06;O_GARANE0626C140.00;GARAN_06/2026_AVRUPA_OPSIYON;D_EQ;SSO;D_EQ_ECP;DE_GARAN_ECP;GARAN.E;2026-06-30;10.04;6.31;59.11;8.85;8;8.85;8;8.52;532000;32380;38;5;38;38;;;;;
2026-05-06;O_GARANE0626C145.00;GARAN_06/2026_AVRUPA_OPSIYON;D_EQ;SSO;D_EQ_ECP;DE_GARAN_ECP;GARAN.E;2026-06-30;7.61;4.91;54.99;0;0;0;0;0;0;0;0;0;0;0;;;;;
2026-05-06;O_GARANE0626C150.00;GARAN_06/2026_AVRUPA_OPSIYON;D_EQ;SSO;D_EQ_ECP;DE_GARAN_ECP;GARAN.E;2026-06-30;5.74;4.01;43.14;0;0;0;0;0;0;0;0;0;0;0;;;;;
2026-05-06;O_GARANE0626C155.00;GARAN_06/2026_AVRUPA_OPSIYON;D_EQ;SSO;D_EQ_ECP;DE_GARAN_ECP;GARAN.E;2026-06-30;4.58;3.35;36.72;3.5;3.5;3.5;3.5;3.5;15500000;350000;1000;2;1000;1000;;;;;
2026-05-06;O_GARANE0626C160.00;GARAN_06/2026_AVRUPA_OPSIYON;D_EQ;SSO;D_EQ_ECP;DE_GARAN_ECP;GARAN.E;2026-06-30;3.7;2.85;29.82;0;0;0;0;0;0;0;0;0;0;0;;;;;
2026-05-06;O_GARANE0626C165.00;GARAN_06/2026_AVRUPA_OPSIYON;D_EQ;SSO;D_EQ_ECP;DE_GARAN_ECP;GARAN.E;2026-06-30;3.05;2.48;22.98;0;0;0;0;0;0;0;0;0;0;0;;;;;
2026-05-06;O_GARANE0626C170.00;GARAN_06/2026_AVRUPA_OPSIYON;D_EQ;SSO;D_EQ_ECP;DE_GARAN_ECP;GARAN.E;2026-06-30;2.54;2.2;15.45;0;0;0;0;0;0;0;0;0;0;0;;;;;
2026-05-06;O_GARANE0626C175.00;GARAN_06/2026_AVRUPA_OPSIYON;D_EQ;SSO;D_EQ_ECP;DE_GARAN_ECP;GARAN.E;2026-06-30;2.16;1.98;9.09;0;0;0;0;0;0;0;0;0;0;0;;;;;
2026-05-06;O_GARANE0626C180.00;GARAN_06/2026_AVRUPA_OPSIYON;D_EQ;SSO;D_EQ_ECP;DE_GARAN_ECP;GARAN.E;2026-06-30;1.87;1.81;3.31;0;0;0;0;0;0;0;0;0;0;0;;;;;
2026-05-06;O_GARANE0626C185.00;GARAN_06/2026_AVRUPA_OPSIYON;D_EQ;SSO;D_EQ_ECP;DE_GARAN_ECP;GARAN.E;2026-06-30;1.63;1.68;-2.98;0;0;0;0;0;0;0;0;0;0;0;;;;;
2026-05-06;O_GARANE0626C190.00;GARAN_06/2026_AVRUPA_OPSIYON;D_EQ;SSO;D_EQ_ECP;DE_GARAN_ECP;GARAN.E;2026-06-30;1.45;1.35;7.41;0;0;0;0;0;0;0;0;0;0;0;;;;;
2026-05-06;O_GARANE0626P105.00;GARAN_06/2026_AVRUPA_OPSIYON;D_EQ;SSO;D_EQ_EPP;DE_GARAN_EPP;GARAN.E;2026-06-30;0.45;0.85;-47.06;0;0;0;0;0;0;0;0;0;0;0;;;;;
2026-05-06;O_GARANE0626P110.00;GARAN_06/2026_AVRUPA_OPSIYON;D_EQ;SSO;D_EQ_EPP;DE_GARAN_EPP;GARAN.E;2026-06-30;0.67;1.2;-44.17;0;0;0;0;0;0;0;0;0;0;0;;;;;
2026-05-06;O_GARANE0626P115.00;GARAN_06/2026_AVRUPA_OPSIYON;D_EQ;SSO;D_EQ_EPP;DE_GARAN_EPP;GARAN.E;2026-06-30;0.99;1.67;-40.72;0;0;0;0;0;0;0;0;0;0;0;;;;;
2026-05-06;O_GARANE0626P120.00;GARAN_06/2026_AVRUPA_OPSIYON;D_EQ;SSO;D_EQ_EPP;DE_GARAN_EPP;GARAN.E;2026-06-30;1.43;2.3;-37.83;0;0;0;0;0;0;0;0;0;0;0;;;;;
2026-05-06;O_GARANE0626P125.00;GARAN_06/2026_AVRUPA_OPSIYON;D_EQ;SSO;D_EQ_EPP;DE_GARAN_EPP;GARAN.E;2026-06-30;2.03;3.16;-35.76;0;0;0;0;0;0;0;0;0;0;0;;;;;
2026-05-06;O_GARANE0626P130.00;GARAN_06/2026_AVRUPA_OPSIYON;D_EQ;SSO;D_EQ_EPP;DE_GARAN_EPP;GARAN.E;2026-06-30;2.84;4.42;-35.75;2.65;2.62;2.65;2.62;2.64;390000;7920;30;3;30;30;;;;;
2026-05-06;O_GARANE0626P135.00;GARAN_06/2026_AVRUPA_OPSIYON;D_EQ;SSO;D_EQ_EPP;DE_GARAN_EPP;GARAN.E;2026-06-30;3.93;6.37;-38.3;0;0;0;0;0;0;0;0;0;0;0;;;;;
2026-05-06;O_GARANE0626P140.00;GARAN_06/2026_AVRUPA_OPSIYON;D_EQ;SSO;D_EQ_EPP;DE_GARAN_EPP;GARAN.E;2026-06-30;5.65;8.98;-37.08;6.08;5.89;6.08;6;5.99;420000;17970;30;4;30;30;;;;;
2026-05-06;O_GARANE0626P145.00;GARAN_06/2026_AVRUPA_OPSIYON;D_EQ;SSO;D_EQ_EPP;DE_GARAN_EPP;GARAN.E;2026-06-30;7.94;12.3;-35.45;0;0;0;0;0;0;0;0;0;0;0;;;;;
2026-05-06;O_GARANE0626P150.00;GARAN_06/2026_AVRUPA_OPSIYON;D_EQ;SSO;D_EQ_EPP;DE_GARAN_EPP;GARAN.E;2026-06-30;10.79;16.12;-33.06;0;0;0;0;0;0;0;0;0;0;0;;;;;
2026-05-06;O_GARANE0626P155.00;GARAN_06/2026_AVRUPA_OPSIYON;D_EQ;SSO;D_EQ_EPP;DE_GARAN_EPP;GARAN.E;2026-06-30;14.35;20.17;-28.85;0;0;0;0;0;0;0;0;0;0;0;;;;;
2026-05-06;O_GARANE0626P160.00;GARAN_06/2026_AVRUPA_OPSIYON;D_EQ;SSO;D_EQ_EPP;DE_GARAN_EPP;GARAN.E;2026-06-30;18.2;24.39;-25.38;0;0;0;0;0;0;0;0;0;0;0;;;;;
2026-05-06;O_GARANE0626P165.00;GARAN_06/2026_AVRUPA_OPSIYON;D_EQ;SSO;D_EQ_EPP;DE_GARAN_EPP;GARAN.E;2026-06-30;22.26;28.73;-22.52;0;0;0;0;0;0;0;0;0;0;0;;;;;
2026-05-06;O_GARANE0726C135.00;GARAN_07/2026_AVRUPA_OPSIYON;D_EQ;SSO;D_EQ_ECP;DE_GARAN_ECP;GARAN.E;2026-07-31;19.28;13.83;39.41;0;0;0;0;0;0;0;0;0;0;0;;;;;
2026-05-06;O_GARANE0726C140.00;GARAN_07/2026_AVRUPA_OPSIYON;D_EQ;SSO;D_EQ_ECP;DE_GARAN_ECP;GARAN.E;2026-07-31;15.89;11.21;41.75;0;0;0;0;0;0;0;0;0;0;0;;;;;
2026-05-06;O_GARANE0726C145.00;GARAN_07/2026_AVRUPA_OPSIYON;D_EQ;SSO;D_EQ_ECP;DE_GARAN_ECP;GARAN.E;2026-07-31;13.05;9.13;42.94;0;0;0;0;0;0;0;0;0;0;0;;;;;
2026-05-06;O_GARANE0726C150.00;GARAN_07/2026_AVRUPA_OPSIYON;D_EQ;SSO;D_EQ_ECP;DE_GARAN_ECP;GARAN.E;2026-07-31;10.7;7.84;36.48;0;0;0;0;0;0;0;0;0;0;0;;;;;
2026-05-06;O_GARANE0726C155.00;GARAN_07/2026_AVRUPA_OPSIYON;D_EQ;SSO;D_EQ_ECP;DE_GARAN_ECP;GARAN.E;2026-07-31;8.86;6.88;28.78;0;0;0;0;0;0;0;0;0;0;0;;;;;
2026-05-06;O_GARANE0726C160.00;GARAN_07/2026_AVRUPA_OPSIYON;D_EQ;SSO;D_EQ_ECP;DE_GARAN_ECP;GARAN.E;2026-07-31;7.63;6.14;24.27;0;0;0;0;0;0;0;0;0;0;0;;;;;
2026-05-06;O_GARANE0726C165.00;GARAN_07/2026_AVRUPA_OPSIYON;D_EQ;SSO;D_EQ_ECP;DE_GARAN_ECP;GARAN.E;2026-07-31;6.65;5.56;19.6;0;0;0;0;0;0;0;0;0;0;0;;;;;
2026-05-06;O_GARANE0726C170.00;GARAN_07/2026_AVRUPA_OPSIYON;D_EQ;SSO;D_EQ_ECP;DE_GARAN_ECP;GARAN.E;2026-07-31;5.86;5.1;14.9;0;0;0;0;0;0;0;0;0;0;0;;;;;
2026-05-06;O_GARANE0726C175.00;GARAN_07/2026_AVRUPA_OPSIYON;D_EQ;SSO;D_EQ_ECP;DE_GARAN_ECP;GARAN.E;2026-07-31;5.23;4.74;10.34;0;0;0;0;0;0;0;0;0;0;0;;;;;
2026-05-06;O_GARANE0726P110.00;GARAN_07/2026_AVRUPA_OPSIYON;D_EQ;SSO;D_EQ_EPP;DE_GARAN_EPP;GARAN.E;2026-07-31;1.07;1.64;-34.76;0;0;0;0;0;0;0;0;0;0;0;;;;;
2026-05-06;O_GARANE0726P115.00;GARAN_07/2026_AVRUPA_OPSIYON;D_EQ;SSO;D_EQ_EPP;DE_GARAN_EPP;GARAN.E;2026-07-31;1.4;2.08;-32.69;0;0;0;0;0;0;0;0;0;0;0;;;;;
2026-05-06;O_GARANE0726P120.00;GARAN_07/2026_AVRUPA_OPSIYON;D_EQ;SSO;D_EQ_EPP;DE_GARAN_EPP;GARAN.E;2026-07-31;1.82;2.61;-30.27;0;0;0;0;0;0;0;0;0;0;0;;;;;
2026-05-06;O_GARANE0726P125.00;GARAN_07/2026_AVRUPA_OPSIYON;D_EQ;SSO;D_EQ_EPP;DE_GARAN_EPP;GARAN.E;2026-07-31;2.34;3.27;-28.44;0;0;0;0;0;0;0;0;0;0;0;;;;;
2026-05-06;O_GARANE0726P130.00;GARAN_07/2026_AVRUPA_OPSIYON;D_EQ;SSO;D_EQ_EPP;DE_GARAN_EPP;GARAN.E;2026-07-31;3;4.09;-26.65;0;0;0;0;0;0;0;0;0;0;0;;;;;
2026-05-06;O_GARANE0726P135.00;GARAN_07/2026_AVRUPA_OPSIYON;D_EQ;SSO;D_EQ_EPP;DE_GARAN_EPP;GARAN.E;2026-07-31;3.82;5.41;-29.39;0;0;0;0;0;0;0;0;0;0;0;;;;;
2026-05-06;O_GARANE0726P140.00;GARAN_07/2026_AVRUPA_OPSIYON;D_EQ;SSO;D_EQ_EPP;DE_GARAN_EPP;GARAN.E;2026-07-31;4.91;7.27;-32.46;0;0;0;0;0;0;0;0;0;0;0;;;;;
2026-05-06;O_GARANE0726P145.00;GARAN_07/2026_AVRUPA_OPSIYON;D_EQ;SSO;D_EQ_EPP;DE_GARAN_EPP;GARAN.E;2026-07-31;6.56;9.67;-32.16;0;0;0;0;0;0;0;0;0;0;0;;;;;
2026-05-06;O_GARANE0726P150.00;GARAN_07/2026_AVRUPA_OPSIYON;D_EQ;SSO;D_EQ_EPP;DE_GARAN_EPP;GARAN.E;2026-07-31;8.7;12.86;-32.35;0;0;0;0;0;0;0;0;0;0;0;;;;;
2026-05-06;O_HALKBE0526C36.00;HALKB_05/2026_AVRUPA_OPSIYON;D_EQ;SSO;D_EQ_ECP;DE_HALKB_ECP;HALKB.E;2026-05-25;3.31;2.13;55.4;3.26;3.26;3.26;3.26;3.26;180000;16300;50;1;50;50;;;;;
2026-05-06;O_HALKBE0526C37.00;HALKB_05/2026_AVRUPA_OPSIYON;D_EQ;SSO;D_EQ_ECP;DE_HALKB_ECP;HALKB.E;2026-05-25;2.6;1.59;63.52;2.52;2.52;2.54;2.54;2.53;555000;38000;150;3;150;150;;;;;
2026-05-06;O_HALKBE0526C38.00;HALKB_05/2026_AVRUPA_OPSIYON;D_EQ;SSO;D_EQ_ECP;DE_HALKB_ECP;HALKB.E;2026-05-25;1.99;1.15;73.04;1.89;1.88;1.89;1.88;1.88;1140000;56500;300;6;200;100;;;;;
2026-05-06;O_HALKBE0526C39.00;HALKB_05/2026_AVRUPA_OPSIYON;D_EQ;SSO;D_EQ_ECP;DE_HALKB_ECP;HALKB.E;2026-05-25;1.48;0.8;85;0;0;0;0;0;0;0;0;0;50;0;;;;;
2026-05-06;O_HALKBE0526C40.00;HALKB_05/2026_AVRUPA_OPSIYON;D_EQ;SSO;D_EQ_ECP;DE_HALKB_ECP;HALKB.E;2026-05-25;1.07;0.54;98.15;0;0;0;0;0;0;0;0;0;0;0;;;;;
2026-05-06;O_HALKBE0526C41.00;HALKB_05/2026_AVRUPA_OPSIYON;D_EQ;SSO;D_EQ_ECP;DE_HALKB_ECP;HALKB.E;2026-05-25;0.76;0.36;111.11;0.59;0.59;0.6;0.6;0.59;20500;297;5;5;178;-5;;;;;
2026-05-06;O_HALKBE0526C42.00;HALKB_05/2026_AVRUPA_OPSIYON;D_EQ;SSO;D_EQ_ECP;DE_HALKB_ECP;HALKB.E;2026-05-25;0.53;0.23;130.43;0.39;0.39;0.4;0.4;0.4;21000;199;5;5;1858;-5;;;;;
2026-05-06;O_HALKBE0526C43.00;HALKB_05/2026_AVRUPA_OPSIYON;D_EQ;SSO;D_EQ_ECP;DE_HALKB_ECP;HALKB.E;2026-05-25;0.37;0.14;164.29;0;0;0;0;0;0;0;0;0;0;0;;;;;
2026-05-06;O_HALKBE0526C44.00;HALKB_05/2026_AVRUPA_OPSIYON;D_EQ;SSO;D_EQ_ECP;DE_HALKB_ECP;HALKB.E;2026-05-25;0.25;0.08;212.5;0;0;0;0;0;0;0;0;0;0;0;;;;;
2026-05-06;O_HALKBE0526C45.00;HALKB_05/2026_AVRUPA_OPSIYON;D_EQ;SSO;D_EQ_ECP;DE_HALKB_ECP;HALKB.E;2026-05-25;0.17;0.05;240;0;0;0;0;0;0;0;0;0;1000;0;;;;;
2026-05-06;O_HALKBE0526C46.00;HALKB_05/2026_AVRUPA_OPSIYON;D_EQ;SSO;D_EQ_ECP;DE_HALKB_ECP;HALKB.E;2026-05-25;0.11;0.03;266.67;0;0;0;0;0;0;0;0;0;0;0;;;;;
2026-05-06;O_HALKBE0526C47.00;HALKB_05/2026_AVRUPA_OPSIYON;D_EQ;SSO;D_EQ_ECP;DE_HALKB_ECP;HALKB.E;2026-05-25;0.07;0.02;250;0;0;0;0;0;0;0;0;0;0;0;;;;;
2026-05-06;O_HALKBE0526C48.00;HALKB_05/2026_AVRUPA_OPSIYON;D_EQ;SSO;D_EQ_ECP;DE_HALKB_ECP;HALKB.E;2026-05-25;0.05;0.01;400;0;0;0;0;0;0;0;0;0;0;0;;;;;
2026-05-06;O_HALKBE0526C49.00;HALKB_05/2026_AVRUPA_OPSIYON;D_EQ;SSO;D_EQ_ECP;DE_HALKB_ECP;HALKB.E;2026-05-25;0.03;0.01;200;0;0;0;0;0;0;0;0;0;0;0;;;;;
2026-05-06;O_HALKBE0526C50.00;HALKB_05/2026_AVRUPA_OPSIYON;D_EQ;SSO;D_EQ_ECP;DE_HALKB_ECP;HALKB.E;2026-05-25;0.02;0.01;100;0;0;0;0;0;0;0;0;0;0;0;;;;;
2026-05-06;O_HALKBE0526C52.00;HALKB_05/2026_AVRUPA_OPSIYON;D_EQ;SSO;D_EQ_ECP;DE_HALKB_ECP;HALKB.E;2026-05-25;0.01;0.01;0;0;0;0;0;0;0;0;0;0;0;0;;;;;
2026-05-06;O_HALKBE0526C54.00;HALKB_05/2026_AVRUPA_OPSIYON;D_EQ;SSO;D_EQ_ECP;DE_HALKB_ECP;HALKB.E;2026-05-25;0.01;0.01;0;0;0;0;0;0;0;0;0;0;0;0;;;;;
2026-05-06;O_HALKBE0526C56.00;HALKB_05/2026_AVRUPA_OPSIYON;D_EQ;SSO;D_EQ_ECP;DE_HALKB_ECP;HALKB.E;2026-05-25;0.01;0.01;0;0;0;0;0;0;0;0;0;0;0;0;;;;;
2026-05-06;O_HALKBE0526C58.00;HALKB_05/2026_AVRUPA_OPSIYON;D_EQ;SSO;D_EQ_ECP;DE_HALKB_ECP;HALKB.E;2026-05-25;0.01;0.01;0;0;0;0;0;0;0;0;0;0;0;0;;;;;
2026-05-06;O_HALKBE0526C60.00;HALKB_05/2026_AVRUPA_OPSIYON;D_EQ;SSO;D_EQ_ECP;DE_HALKB_ECP;HALKB.E;2026-05-25;0.01;0.01;0;0;0;0;0;0;0;0;0;0;0;0;;;;;
2026-05-06;O_HALKBE0526C62.00;HALKB_05/2026_AVRUPA_OPSIYON;D_EQ;SSO;D_EQ_ECP;DE_HALKB_ECP;HALKB.E;2026-05-25;0.01;0.01;0;0;0;0;0;0;0;0;0;0;0;0;;;;;
2026-05-06;O_HALKBE0526C64.00;HALKB_05/2026_AVRUPA_OPSIYON;D_EQ;SSO;D_EQ_ECP;DE_HALKB_ECP;HALKB.E;2026-05-25;0.01;0.01;0;0;0;0;0;0;0;0;0;0;0;0;;;;;
2026-05-06;O_HALKBE0526C66.00;HALKB_05/2026_AVRUPA_OPSIYON;D_EQ;SSO;D_EQ_ECP;DE_HALKB_ECP;HALKB.E;2026-05-25;0.01;0.01;0;0;0;0;0;0;0;0;0;0;0;0;;;;;
2026-05-06;O_HALKBE0526P31.00;HALKB_05/2026_AVRUPA_OPSIYON;D_EQ;SSO;D_EQ_EPP;DE_HALKB_EPP;HALKB.E;2026-05-25;0.02;0.05;-60;0;0;0;0;0;0;0;0;0;0;0;;;;;
2026-05-06;O_HALKBE0526P32.00;HALKB_05/2026_AVRUPA_OPSIYON;D_EQ;SSO;D_EQ_EPP;DE_HALKB_EPP;HALKB.E;2026-05-25;0.05;0.1;-50;0;0;0;0;0;0;0;0;0;0;0;;;;;
2026-05-06;O_HALKBE0526P33.00;HALKB_05/2026_AVRUPA_OPSIYON;D_EQ;SSO;D_EQ_EPP;DE_HALKB_EPP;HALKB.E;2026-05-25;0.1;0.2;-50;0;0;0;0;0;0;0;0;0;0;0;;;;;
2026-05-06;O_HALKBE0526P34.00;HALKB_05/2026_AVRUPA_OPSIYON;D_EQ;SSO;D_EQ_EPP;DE_HALKB_EPP;HALKB.E;2026-05-25;0.17;0.36;-52.78;0;0;0;0;0;0;0;0;0;0;0;;;;;
2026-05-06;O_HALKBE0526P35.00;HALKB_05/2026_AVRUPA_OPSIYON;D_EQ;SSO;D_EQ_EPP;DE_HALKB_EPP;HALKB.E;2026-05-25;0.3;0.6;-50;0.45;0.19;0.45;0.19;0.32;350000;3200;100;2;1260;0;;;;;
2026-05-06;O_HALKBE0526P36.00;HALKB_05/2026_AVRUPA_OPSIYON;D_EQ;SSO;D_EQ_EPP;DE_HALKB_EPP;HALKB.E;2026-05-25;0.49;0.93;-47.31;0;0;0;0;0;0;0;0;0;0;0;;;;;
2026-05-06;O_HALKBE0526P37.00;HALKB_05/2026_AVRUPA_OPSIYON;D_EQ;SSO;D_EQ_EPP;DE_HALKB_EPP;HALKB.E;2026-05-25;0.75;1.37;-45.26;0.57;0.57;0.57;0.57;0.57;185000;2850;50;1;1000;0;;;;;
2026-05-06;O_HALKBE0526P38.00;HALKB_05/2026_AVRUPA_OPSIYON;D_EQ;SSO;D_EQ_EPP;DE_HALKB_EPP;HALKB.E;2026-05-25;1.12;1.9;-41.05;0.89;0.89;0.89;0.89;0.89;570000;13350;150;3;150;150;;;;;
2026-05-06;O_HALKBE0526P39.00;HALKB_05/2026_AVRUPA_OPSIYON;D_EQ;SSO;D_EQ_EPP;DE_HALKB_EPP;HALKB.E;2026-05-25;1.59;2.54;-37.4;0;0;0;0;0;0;0;0;0;1000;0;;;;;
2026-05-06;O_HALKBE0526P40.00;HALKB_05/2026_AVRUPA_OPSIYON;D_EQ;SSO;D_EQ_EPP;DE_HALKB_EPP;HALKB.E;2026-05-25;2.17;3.26;-33.44;0;0;0;0;0;0;0;0;0;50;0;;;;;
2026-05-06;O_HALKBE0526P41.00;HALKB_05/2026_AVRUPA_OPSIYON;D_EQ;SSO;D_EQ_EPP;DE_HALKB_EPP;HALKB.E;2026-05-25;2.84;4.05;-29.88;0;0;0;0;0;0;0;0;0;1000;0;;;;;
2026-05-06;O_HALKBE0526P42.00;HALKB_05/2026_AVRUPA_OPSIYON;D_EQ;SSO;D_EQ_EPP;DE_HALKB_EPP;HALKB.E;2026-05-25;3.59;4.9;-26.73;0;0;0;0;0;0;0;0;0;565;0;;;;;
2026-05-06;O_HALKBE0526P43.00;HALKB_05/2026_AVRUPA_OPSIYON;D_EQ;SSO;D_EQ_EPP;DE_HALKB_EPP;HALKB.E;2026-05-25;4.4;5.79;-24.01;0;0;0;0;0;0;0;0;0;0;0;;;;;
2026-05-06;O_HALKBE0526P44.00;HALKB_05/2026_AVRUPA_OPSIYON;D_EQ;SSO;D_EQ_EPP;DE_HALKB_EPP;HALKB.E;2026-05-25;5.27;6.72;-21.58;0;0;0;0;0;0;0;0;0;0;0;;;;;
2026-05-06;O_HALKBE0526P45.00;HALKB_05/2026_AVRUPA_OPSIYON;D_EQ;SSO;D_EQ_EPP;DE_HALKB_EPP;HALKB.E;2026-05-25;6.17;7.66;-19.45;0;0;0;0;0;0;0;0;0;0;0;;;;;
2026-05-06;O_HALKBE0526P46.00;HALKB_05/2026_AVRUPA_OPSIYON;D_EQ;SSO;D_EQ_EPP;DE_HALKB_EPP;HALKB.E;2026-05-25;7.09;8.62;-17.75;0;0;0;0;0;0;0;0;0;0;0;;;;;
2026-05-06;O_HALKBE0526P47.00;HALKB_05/2026_AVRUPA_OPSIYON;D_EQ;SSO;D_EQ_EPP;DE_HALKB_EPP;HALKB.E;2026-05-25;8.03;9.59;-16.27;0;0;0;0;0;0;0;0;0;0;0;;;;;
2026-05-06;O_HALKBE0526P48.00;HALKB_05/2026_AVRUPA_OPSIYON;D_EQ;SSO;D_EQ_EPP;DE_HALKB_EPP;HALKB.E;2026-05-25;8.99;10.56;-14.87;0;0;0;0;0;0;0;0;0;0;0;;;;;
2026-05-06;O_HALKBE0526P49.00;HALKB_05/2026_AVRUPA_OPSIYON;D_EQ;SSO;D_EQ_EPP;DE_HALKB_EPP;HALKB.E;2026-05-25;9.95;11.53;-13.7;0;0;0;0;0;0;0;0;0;0;0;;;;;
2026-05-06;O_HALKBE0526P50.00;HALKB_05/2026_AVRUPA_OPSIYON;D_EQ;SSO;D_EQ_EPP;DE_HALKB_EPP;HALKB.E;2026-05-25;10.92;12.51;-12.71;0;0;0;0;0;0;0;0;0;0;0;;;;;
2026-05-06;O_HALKBE0526P52.00;HALKB_05/2026_AVRUPA_OPSIYON;D_EQ;SSO;D_EQ_EPP;DE_HALKB_EPP;HALKB.E;2026-05-25;12.87;14.47;-11.06;0;0;0;0;0;0;0;0;0;0;0;;;;;
2026-05-06;O_HALKBE0526P54.00;HALKB_05/2026_AVRUPA_OPSIYON;D_EQ;SSO;D_EQ_EPP;DE_HALKB_EPP;HALKB.E;2026-05-25;14.83;16.43;-9.74;0;0;0;0;0;0;0;0;0;0;0;;;;;
2026-05-06;O_HALKBE0526P56.00;HALKB_05/2026_AVRUPA_OPSIYON;D_EQ;SSO;D_EQ_EPP;DE_HALKB_EPP;HALKB.E;2026-05-25;16.78;18.39;-8.75;0;0;0;0;0;0;0;0;0;0;0;;;;;
2026-05-06;O_HALKBE0626C37.00;HALKB_06/2026_AVRUPA_OPSIYON;D_EQ;SSO;D_EQ_ECP;DE_HALKB_ECP;HALKB.E;2026-06-30;4.43;;0;0;0;0;0;0;0;0;0;0;0;0;;;;;
2026-05-06;O_HALKBE0626C38.00;HALKB_06/2026_AVRUPA_OPSIYON;D_EQ;SSO;D_EQ_ECP;DE_HALKB_ECP;HALKB.E;2026-06-30;3.81;2.77;37.55;0;0;0;0;0;0;0;0;0;0;0;;;;;
2026-05-06;O_HALKBE0626C39.00;HALKB_06/2026_AVRUPA_OPSIYON;D_EQ;SSO;D_EQ_ECP;DE_HALKB_ECP;HALKB.E;2026-06-30;3.26;2.32;40.52;0;0;0;0;0;0;0;0;0;0;0;;;;;
2026-05-06;O_HALKBE0626C40.00;HALKB_06/2026_AVRUPA_OPSIYON;D_EQ;SSO;D_EQ_ECP;DE_HALKB_ECP;HALKB.E;2026-06-30;2.77;1.93;43.52;0;0;0;0;0;0;0;0;0;0;0;;;;;
2026-05-06;O_HALKBE0626C41.00;HALKB_06/2026_AVRUPA_OPSIYON;D_EQ;SSO;D_EQ_ECP;DE_HALKB_ECP;HALKB.E;2026-06-30;2.34;1.59;47.17;0;0;0;0;0;0;0;0;0;0;0;;;;;
2026-05-06;O_HALKBE0626C42.00;HALKB_06/2026_AVRUPA_OPSIYON;D_EQ;SSO;D_EQ_ECP;DE_HALKB_ECP;HALKB.E;2026-06-30;1.97;1.3;51.54;0;0;0;0;0;0;0;0;0;0;0;;;;;
2026-05-06;O_HALKBE0626C43.00;HALKB_06/2026_AVRUPA_OPSIYON;D_EQ;SSO;D_EQ_ECP;DE_HALKB_ECP;HALKB.E;2026-06-30;1.67;1.05;59.05;0;0;0;0;0;0;0;0;0;0;0;;;;;
2026-05-06;O_HALKBE0626C44.00;HALKB_06/2026_AVRUPA_OPSIYON;D_EQ;SSO;D_EQ_ECP;DE_HALKB_ECP;HALKB.E;2026-06-30;1.41;0.85;65.88;0;0;0;0;0;0;0;0;0;0;0;;;;;
2026-05-06;O_HALKBE0626C45.00;HALKB_06/2026_AVRUPA_OPSIYON;D_EQ;SSO;D_EQ_ECP;DE_HALKB_ECP;HALKB.E;2026-06-30;1.19;0.68;75;0;0;0;0;0;0;0;0;0;0;0;;;;;
2026-05-06;O_HALKBE0626C46.00;HALKB_06/2026_AVRUPA_OPSIYON;D_EQ;SSO;D_EQ_ECP;DE_HALKB_ECP;HALKB.E;2026-06-30;1;0.54;85.19;0;0;0;0;0;0;0;0;0;0;0;;;;;
2026-05-06;O_HALKBE0626C47.00;HALKB_06/2026_AVRUPA_OPSIYON;D_EQ;SSO;D_EQ_ECP;DE_HALKB_ECP;HALKB.E;2026-06-30;0.84;0.42;100;0;0;0;0;0;0;0;0;0;0;0;;;;;
2026-05-06;O_HALKBE0626C48.00;HALKB_06/2026_AVRUPA_OPSIYON;D_EQ;SSO;D_EQ_ECP;DE_HALKB_ECP;HALKB.E;2026-06-30;0.71;0.33;115.15;0;0;0;0;0;0;0;0;0;0;0;;;;;
2026-05-06;O_HALKBE0626C49.00;HALKB_06/2026_AVRUPA_OPSIYON;D_EQ;SSO;D_EQ_ECP;DE_HALKB_ECP;HALKB.E;2026-06-30;0.6;0.26;130.77;0;0;0;0;0;0;0;0;0;0;0;;;;;
2026-05-06;O_HALKBE0626C50.00;HALKB_06/2026_AVRUPA_OPSIYON;D_EQ;SSO;D_EQ_ECP;DE_HALKB_ECP;HALKB.E;2026-06-30;0.5;0.2;150;0;0;0;0;0;0;0;0;0;0;0;;;;;
2026-05-06;O_HALKBE0626C52.00;HALKB_06/2026_AVRUPA_OPSIYON;D_EQ;SSO;D_EQ_ECP;DE_HALKB_ECP;HALKB.E;2026-06-30;0.36;0.12;200;0;0;0;0;0;0;0;0;0;0;0;;;;;
2026-05-06;O_HALKBE0626P32.00;HALKB_06/2026_AVRUPA_OPSIYON;D_EQ;SSO;D_EQ_EPP;DE_HALKB_EPP;HALKB.E;2026-06-30;0.3;;0;0;0;0;0;0;0;0;0;0;0;0;;;;;
2026-05-06;O_HALKBE0626P33.00;HALKB_06/2026_AVRUPA_OPSIYON;D_EQ;SSO;D_EQ_EPP;DE_HALKB_EPP;HALKB.E;2026-06-30;0.42;0.55;-23.64;0;0;0;0;0;0;0;0;0;0;0;;;;;
2026-05-06;O_HALKBE0626P34.00;HALKB_06/2026_AVRUPA_OPSIYON;D_EQ;SSO;D_EQ_EPP;DE_HALKB_EPP;HALKB.E;2026-06-30;0.57;0.76;-25;0;0;0;0;0;0;0;0;0;0;0;;;;;
2026-05-06;O_HALKBE0626P35.00;HALKB_06/2026_AVRUPA_OPSIYON;D_EQ;SSO;D_EQ_EPP;DE_HALKB_EPP;HALKB.E;2026-06-30;0.75;1.02;-26.47;0;0;0;0;0;0;0;0;0;0;0;;;;;
2026-05-06;O_HALKBE0626P36.00;HALKB_06/2026_AVRUPA_OPSIYON;D_EQ;SSO;D_EQ_EPP;DE_HALKB_EPP;HALKB.E;2026-06-30;0.98;1.34;-26.87;0;0;0;0;0;0;0;0;0;0;0;;;;;
2026-05-06;O_HALKBE0626P37.00;HALKB_06/2026_AVRUPA_OPSIYON;D_EQ;SSO;D_EQ_EPP;DE_HALKB_EPP;HALKB.E;2026-06-30;1.25;1.72;-27.33;0;0;0;0;0;0;0;0;0;0;0;;;;;
2026-05-06;O_HALKBE0626P38.00;HALKB_06/2026_AVRUPA_OPSIYON;D_EQ;SSO;D_EQ_EPP;DE_HALKB_EPP;HALKB.E;2026-06-30;1.57;2.16;-27.31;0;0;0;0;0;0;0;0;0;0;0;;;;;
2026-05-06;O_HALKBE0626P39.00;HALKB_06/2026_AVRUPA_OPSIYON;D_EQ;SSO;D_EQ_EPP;DE_HALKB_EPP;HALKB.E;2026-06-30;1.97;2.65;-25.66;0;0;0;0;0;0;0;0;0;0;0;;;;;
2026-05-06;O_HALKBE0626P40.00;HALKB_06/2026_AVRUPA_OPSIYON;D_EQ;SSO;D_EQ_EPP;DE_HALKB_EPP;HALKB.E;2026-06-30;2.42;3.2;-24.38;0;0;0;0;0;0;0;0;0;0;0;;;;;
2026-05-06;O_HALKBE0626P41.00;HALKB_06/2026_AVRUPA_OPSIYON;D_EQ;SSO;D_EQ_EPP;DE_HALKB_EPP;HALKB.E;2026-06-30;2.94;3.81;-22.83;0;0;0;0;0;0;0;0;0;0;0;;;;;
2026-05-06;O_HALKBE0626P42.00;HALKB_06/2026_AVRUPA_OPSIYON;D_EQ;SSO;D_EQ_EPP;DE_HALKB_EPP;HALKB.E;2026-06-30;3.51;4.46;-21.3;0;0;0;0;0;0;0;0;0;0;0;;;;;
2026-05-06;O_HALKBE0626P43.00;HALKB_06/2026_AVRUPA_OPSIYON;D_EQ;SSO;D_EQ_EPP;DE_HALKB_EPP;HALKB.E;2026-06-30;4.15;5.16;-19.57;0;0;0;0;0;0;0;0;0;0;0;;;;;
2026-05-06;O_HALKBE0626P44.00;HALKB_06/2026_AVRUPA_OPSIYON;D_EQ;SSO;D_EQ_EPP;DE_HALKB_EPP;HALKB.E;2026-06-30;4.84;5.9;-17.97;0;0;0;0;0;0;0;0;0;0;0;;;;;
2026-05-06;O_HALKBE0626P45.00;HALKB_06/2026_AVRUPA_OPSIYON;D_EQ;SSO;D_EQ_EPP;DE_HALKB_EPP;HALKB.E;2026-06-30;5.56;6.67;-16.64;0;0;0;0;0;0;0;0;0;0;0;;;;;
2026-05-06;O_HALKBE0626P46.00;HALKB_06/2026_AVRUPA_OPSIYON;D_EQ;SSO;D_EQ_EPP;DE_HALKB_EPP;HALKB.E;2026-06-30;6.32;7.47;-15.39;0;0;0;0;0;0;0;0;0;0;0;;;;;
2026-05-06;O_HALKBE0726C39.00;HALKB_07/2026_AVRUPA_OPSIYON;D_EQ;SSO;D_EQ_ECP;DE_HALKB_ECP;HALKB.E;2026-07-31;4.94;3.83;28.98;0;0;0;0;0;0;0;0;0;0;0;;;;;
2026-05-06;O_HALKBE0726C40.00;HALKB_07/2026_AVRUPA_OPSIYON;D_EQ;SSO;D_EQ_ECP;DE_HALKB_ECP;HALKB.E;2026-07-31;4.4;3.37;30.56;0;0;0;0;0;0;0;0;0;0;0;;;;;
2026-05-06;O_HALKBE0726C41.00;HALKB_07/2026_AVRUPA_OPSIYON;D_EQ;SSO;D_EQ_ECP;DE_HALKB_ECP;HALKB.E;2026-07-31;3.91;2.95;32.54;0;0;0;0;0;0;0;0;0;0;0;;;;;
2026-05-06;O_HALKBE0726C42.00;HALKB_07/2026_AVRUPA_OPSIYON;D_EQ;SSO;D_EQ_ECP;DE_HALKB_ECP;HALKB.E;2026-07-31;3.46;2.58;34.11;0;0;0;0;0;0;0;0;0;0;0;;;;;
2026-05-06;O_HALKBE0726C43.00;HALKB_07/2026_AVRUPA_OPSIYON;D_EQ;SSO;D_EQ_ECP;DE_HALKB_ECP;HALKB.E;2026-07-31;3.06;2.24;36.61;0;0;0;0;0;0;0;0;0;0;0;;;;;
2026-05-06;O_HALKBE0726C44.00;HALKB_07/2026_AVRUPA_OPSIYON;D_EQ;SSO;D_EQ_ECP;DE_HALKB_ECP;HALKB.E;2026-07-31;2.73;1.93;41.45;0;0;0;0;0;0;0;0;0;0;0;;;;;
2026-05-06;O_HALKBE0726C45.00;HALKB_07/2026_AVRUPA_OPSIYON;D_EQ;SSO;D_EQ_ECP;DE_HALKB_ECP;HALKB.E;2026-07-31;2.43;1.67;45.51;0;0;0;0;0;0;0;0;0;0;0;;;;;
2026-05-06;O_HALKBE0726C46.00;HALKB_07/2026_AVRUPA_OPSIYON;D_EQ;SSO;D_EQ_ECP;DE_HALKB_ECP;HALKB.E;2026-07-31;2.16;1.43;51.05;0;0;0;0;0;0;0;0;0;0;0;;;;;
2026-05-06;O_HALKBE0726C47.00;HALKB_07/2026_AVRUPA_OPSIYON;D_EQ;SSO;D_EQ_ECP;DE_HALKB_ECP;HALKB.E;2026-07-31;1.92;1.22;57.38;0;0;0;0;0;0;0;0;0;0;0;;;;;
2026-05-06;O_HALKBE0726P34.00;HALKB_07/2026_AVRUPA_OPSIYON;D_EQ;SSO;D_EQ_EPP;DE_HALKB_EPP;HALKB.E;2026-07-31;0.66;0.78;-15.38;0;0;0;0;0;0;0;0;0;0;0;;;;;
2026-05-06;O_HALKBE0726P35.00;HALKB_07/2026_AVRUPA_OPSIYON;D_EQ;SSO;D_EQ_EPP;DE_HALKB_EPP;HALKB.E;2026-07-31;0.83;1.01;-17.82;0;0;0;0;0;0;0;0;0;0;0;;;;;
2026-05-06;O_HALKBE0726P36.00;HALKB_07/2026_AVRUPA_OPSIYON;D_EQ;SSO;D_EQ_EPP;DE_HALKB_EPP;HALKB.E;2026-07-31;1.02;1.27;-19.69;0;0;0;0;0;0;0;0;0;0;0;;;;;
2026-05-06;O_HALKBE0726P37.00;HALKB_07/2026_AVRUPA_OPSIYON;D_EQ;SSO;D_EQ_EPP;DE_HALKB_EPP;HALKB.E;2026-07-31;1.25;1.58;-20.89;0;0;0;0;0;0;0;0;0;0;0;;;;;
2026-05-06;O_HALKBE0726P38.00;HALKB_07/2026_AVRUPA_OPSIYON;D_EQ;SSO;D_EQ_EPP;DE_HALKB_EPP;HALKB.E;2026-07-31;1.51;1.93;-21.76;0;0;0;0;0;0;0;0;0;0;0;;;;;
2026-05-06;O_HALKBE0726P39.00;HALKB_07/2026_AVRUPA_OPSIYON;D_EQ;SSO;D_EQ_EPP;DE_HALKB_EPP;HALKB.E;2026-07-31;1.81;2.32;-21.98;0;0;0;0;0;0;0;0;0;0;0;;;;;
2026-05-06;O_HALKBE0726P40.00;HALKB_07/2026_AVRUPA_OPSIYON;D_EQ;SSO;D_EQ_EPP;DE_HALKB_EPP;HALKB.E;2026-07-31;2.17;2.76;-21.38;0;0;0;0;0;0;0;0;0;0;0;;;;;
2026-05-06;O_HALKBE0726P41.00;HALKB_07/2026_AVRUPA_OPSIYON;D_EQ;SSO;D_EQ_EPP;DE_HALKB_EPP;HALKB.E;2026-07-31;2.57;3.23;-20.43;0;0;0;0;0;0;0;0;0;0;0;;;;;
2026-05-06;O_HALKBE0726P42.00;HALKB_07/2026_AVRUPA_OPSIYON;D_EQ;SSO;D_EQ_EPP;DE_HALKB_EPP;HALKB.E;2026-07-31;3.03;3.75;-19.2;0;0;0;0;0;0;0;0;0;0;0;;;;;
2026-05-06;O_ISCTRE0526C13.00;ISCTR_05/2026_AVRUPA_OPSIYON;D_EQ;SSO;D_EQ_ECP;DE_ISCTR_ECP;ISCTR.E;2026-05-25;1.8;1.39;29.5;0;0;0;0;0;0;0;0;0;1;0;;;;;
2026-05-06;O_ISCTRE0526C13.50;ISCTR_05/2026_AVRUPA_OPSIYON;D_EQ;SSO;D_EQ_ECP;DE_ISCTR_ECP;ISCTR.E;2026-05-25;1.37;1;37;0;0;0;0;0;0;0;0;0;100;0;;;;;
2026-05-06;O_ISCTRE0526C14.00;ISCTR_05/2026_AVRUPA_OPSIYON;D_EQ;SSO;D_EQ_ECP;DE_ISCTR_ECP;ISCTR.E;2026-05-25;0.99;0.69;43.48;0;0;0;0;0;0;0;0;0;2;0;;;;;
2026-05-06;O_ISCTRE0526C14.50;ISCTR_05/2026_AVRUPA_OPSIYON;D_EQ;SSO;D_EQ_ECP;DE_ISCTR_ECP;ISCTR.E;2026-05-25;0.68;0.45;51.11;0;0;0;0;0;0;0;0;0;12658;0;;;;;
2026-05-06;O_ISCTRE0526C15.00;ISCTR_05/2026_AVRUPA_OPSIYON;D_EQ;SSO;D_EQ_ECP;DE_ISCTR_ECP;ISCTR.E;2026-05-25;0.44;0.27;62.96;0.33;0.3;0.36;0.36;0.31;1476000;30840;984;6;920;740;;;;;
2026-05-06;O_ISCTRE0526C15.50;ISCTR_05/2026_AVRUPA_OPSIYON;D_EQ;SSO;D_EQ_ECP;DE_ISCTR_ECP;ISCTR.E;2026-05-25;0.27;0.16;68.75;0.2;0.2;0.28;0.28;0.27;1658500;29400;1070;2;3570;1070;;;;;
2026-05-06;O_ISCTRE0526C16.00;ISCTR_05/2026_AVRUPA_OPSIYON;D_EQ;SSO;D_EQ_ECP;DE_ISCTR_ECP;ISCTR.E;2026-05-25;0.16;0.09;77.78;0.1;0.1;0.15;0.15;0.13;2246400;18050;1404;13;15204;1404;;;;;
2026-05-06;O_ISCTRE0526C16.50;ISCTR_05/2026_AVRUPA_OPSIYON;D_EQ;SSO;D_EQ_ECP;DE_ISCTR_ECP;ISCTR.E;2026-05-25;0.09;0.05;80;0.07;0.07;0.07;0.07;0.07;5280000;22400;3200;16;50200;0;;;;;
2026-05-06;O_ISCTRE0526C17.00;ISCTR_05/2026_AVRUPA_OPSIYON;D_EQ;SSO;D_EQ_ECP;DE_ISCTR_ECP;ISCTR.E;2026-05-25;0.05;0.02;150;0;0;0;0;0;0;0;0;0;6600;0;;;;;
2026-05-06;O_ISCTRE0526C17.50;ISCTR_05/2026_AVRUPA_OPSIYON;D_EQ;SSO;D_EQ_ECP;DE_ISCTR_ECP;ISCTR.E;2026-05-25;0.03;0.01;200;0;0;0;0;0;0;0;0;0;7;0;;;;;
2026-05-06;O_ISCTRE0526C18.00;ISCTR_05/2026_AVRUPA_OPSIYON;D_EQ;SSO;D_EQ_ECP;DE_ISCTR_ECP;ISCTR.E;2026-05-25;0.01;0.01;0;0;0;0;0;0;0;0;0;0;0;0;;;;;
2026-05-06;O_ISCTRE0526C18.50;ISCTR_05/2026_AVRUPA_OPSIYON;D_EQ;SSO;D_EQ_ECP;DE_ISCTR_ECP;ISCTR.E;2026-05-25;0.01;0.01;0;0;0;0;0;0;0;0;0;0;250;0;;;;;
2026-05-06;O_ISCTRE0526C19.00;ISCTR_05/2026_AVRUPA_OPSIYON;D_EQ;SSO;D_EQ_ECP;DE_ISCTR_ECP;ISCTR.E;2026-05-25;0.01;0.01;0;0;0;0;0;0;0;0;0;0;0;0;;;;;
2026-05-06;O_ISCTRE0526C19.50;ISCTR_05/2026_AVRUPA_OPSIYON;D_EQ;SSO;D_EQ_ECP;DE_ISCTR_ECP;ISCTR.E;2026-05-25;0.01;0.01;0;0;0;0;0;0;0;0;0;0;0;0;;;;;
2026-05-06;O_ISCTRE0526C20.00;ISCTR_05/2026_AVRUPA_OPSIYON;D_EQ;SSO;D_EQ_ECP;DE_ISCTR_ECP;ISCTR.E;2026-05-25;0.01;0.01;0;0;0;0;0;0;0;0;0;0;0;0;;;;;
2026-05-06;O_ISCTRE0526C20.50;ISCTR_05/2026_AVRUPA_OPSIYON;D_EQ;SSO;D_EQ_ECP;DE_ISCTR_ECP;ISCTR.E;2026-05-25;0.01;0.01;0;0;0;0;0;0;0;0;0;0;0;0;;;;;
2026-05-06;O_ISCTRE0526C21.00;ISCTR_05/2026_AVRUPA_OPSIYON;D_EQ;SSO;D_EQ_ECP;DE_ISCTR_ECP;ISCTR.E;2026-05-25;0.01;0.01;0;0;0;0;0;0;0;0;0;0;0;0;;;;;
2026-05-06;O_ISCTRE0526P10.50;ISCTR_05/2026_AVRUPA_OPSIYON;D_EQ;SSO;D_EQ_EPP;DE_ISCTR_EPP;ISCTR.E;2026-05-25;0.01;0.01;0;0;0;0;0;0;0;0;0;0;0;0;;;;;
2026-05-06;O_ISCTRE0526P11.00;ISCTR_05/2026_AVRUPA_OPSIYON;D_EQ;SSO;D_EQ_EPP;DE_ISCTR_EPP;ISCTR.E;2026-05-25;0.01;0.01;0;0;0;0;0;0;0;0;0;0;0;0;;;;;
2026-05-06;O_ISCTRE0526P11.50;ISCTR_05/2026_AVRUPA_OPSIYON;D_EQ;SSO;D_EQ_EPP;DE_ISCTR_EPP;ISCTR.E;2026-05-25;0.01;0.01;0;0;0;0;0;0;0;0;0;0;0;0;;;;;
2026-05-06;O_ISCTRE0526P12.00;ISCTR_05/2026_AVRUPA_OPSIYON;D_EQ;SSO;D_EQ_EPP;DE_ISCTR_EPP;ISCTR.E;2026-05-25;0.01;0.02;-50;0;0;0;0;0;0;0;0;0;0;0;;;;;
2026-05-06;O_ISCTRE0526P12.50;ISCTR_05/2026_AVRUPA_OPSIYON;D_EQ;SSO;D_EQ_EPP;DE_ISCTR_EPP;ISCTR.E;2026-05-25;0.02;0.05;-60;0;0;0;0;0;0;0;0;0;0;0;;;;;
2026-05-06;O_ISCTRE0526P13.00;ISCTR_05/2026_AVRUPA_OPSIYON;D_EQ;SSO;D_EQ_EPP;DE_ISCTR_EPP;ISCTR.E;2026-05-25;0.05;0.11;-54.55;0.05;0.05;0.05;0.05;0.05;130000;500;100;1;403;100;;;;;
2026-05-06;O_ISCTRE0526P13.50;ISCTR_05/2026_AVRUPA_OPSIYON;D_EQ;SSO;D_EQ_EPP;DE_ISCTR_EPP;ISCTR.E;2026-05-25;0.12;0.22;-45.45;0.11;0.11;0.11;0.11;0.11;135000;1100;100;1;1284;0;;;;;
2026-05-06;O_ISCTRE0526P14.00;ISCTR_05/2026_AVRUPA_OPSIYON;D_EQ;SSO;D_EQ_EPP;DE_ISCTR_EPP;ISCTR.E;2026-05-25;0.23;0.39;-41.03;0.15;0.15;0.15;0.15;0.15;140000;1500;100;1;152;91;;;;;
2026-05-06;O_ISCTRE0526P14.50;ISCTR_05/2026_AVRUPA_OPSIYON;D_EQ;SSO;D_EQ_EPP;DE_ISCTR_EPP;ISCTR.E;2026-05-25;0.41;0.64;-35.94;0.29;0.26;0.29;0.26;0.27;4350000;81625;3000;13;15893;625;;;;;
2026-05-06;O_ISCTRE0526P15.00;ISCTR_05/2026_AVRUPA_OPSIYON;D_EQ;SSO;D_EQ_EPP;DE_ISCTR_EPP;ISCTR.E;2026-05-25;0.66;0.95;-30.53;0.59;0.5;0.59;0.52;0.57;10825500;414931;7217;28;9829;7217;;;;;
2026-05-06;O_ISCTRE0526P15.50;ISCTR_05/2026_AVRUPA_OPSIYON;D_EQ;SSO;D_EQ_EPP;DE_ISCTR_EPP;ISCTR.E;2026-05-25;0.98;1.33;-26.32;0;0;0;0;0;0;0;0;0;1178;0;;;;;
2026-05-06;O_ISCTRE0526P16.00;ISCTR_05/2026_AVRUPA_OPSIYON;D_EQ;SSO;D_EQ_EPP;DE_ISCTR_EPP;ISCTR.E;2026-05-25;1.36;1.75;-22.29;0;0;0;0;0;0;0;0;0;0;0;;;;;
2026-05-06;O_ISCTRE0526P16.50;ISCTR_05/2026_AVRUPA_OPSIYON;D_EQ;SSO;D_EQ_EPP;DE_ISCTR_EPP;ISCTR.E;2026-05-25;1.78;2.2;-19.09;0;0;0;0;0;0;0;0;0;0;0;;;;;
2026-05-06;O_ISCTRE0526P17.00;ISCTR_05/2026_AVRUPA_OPSIYON;D_EQ;SSO;D_EQ_EPP;DE_ISCTR_EPP;ISCTR.E;2026-05-25;2.23;2.66;-16.17;0;0;0;0;0;0;0;0;0;0;0;;;;;
2026-05-06;O_ISCTRE0526P17.50;ISCTR_05/2026_AVRUPA_OPSIYON;D_EQ;SSO;D_EQ_EPP;DE_ISCTR_EPP;ISCTR.E;2026-05-25;2.69;3.14;-14.33;0;0;0;0;0;0;0;0;0;0;0;;;;;
2026-05-06;O_ISCTRE0526P18.00;ISCTR_05/2026_AVRUPA_OPSIYON;D_EQ;SSO;D_EQ_EPP;DE_ISCTR_EPP;ISCTR.E;2026-05-25;3.17;3.62;-12.43;0;0;0;0;0;0;0;0;0;0;0;;;;;
2026-05-06;O_ISCTRE0526P18.50;ISCTR_05/2026_AVRUPA_OPSIYON;D_EQ;SSO;D_EQ_EPP;DE_ISCTR_EPP;ISCTR.E;2026-05-25;3.65;4.11;-11.19;0;0;0;0;0;0;0;0;0;0;0;;;;;
2026-05-06;O_ISCTRE0626C14.00;ISCTR_06/2026_AVRUPA_OPSIYON;D_EQ;SSO;D_EQ_ECP;DE_ISCTR_ECP;ISCTR.E;2026-06-30;1.66;1.32;25.76;0;0;0;0;0;0;0;0;0;0;0;;;;;
2026-05-06;O_ISCTRE0626C14.50;ISCTR_06/2026_AVRUPA_OPSIYON;D_EQ;SSO;D_EQ_ECP;DE_ISCTR_ECP;ISCTR.E;2026-06-30;1.34;1.05;27.62;0;0;0;0;0;0;0;0;0;0;0;;;;;
2026-05-06;O_ISCTRE0626C15.00;ISCTR_06/2026_AVRUPA_OPSIYON;D_EQ;SSO;D_EQ_ECP;DE_ISCTR_ECP;ISCTR.E;2026-06-30;1.07;0.83;28.92;0;0;0;0;0;0;0;0;0;0;0;;;;;
2026-05-06;O_ISCTRE0626C15.50;ISCTR_06/2026_AVRUPA_OPSIYON;D_EQ;SSO;D_EQ_ECP;DE_ISCTR_ECP;ISCTR.E;2026-06-30;0.85;0.64;32.81;0;0;0;0;0;0;0;0;0;0;0;;;;;
2026-05-06;O_ISCTRE0626C16.00;ISCTR_06/2026_AVRUPA_OPSIYON;D_EQ;SSO;D_EQ_ECP;DE_ISCTR_ECP;ISCTR.E;2026-06-30;0.66;0.49;34.69;0;0;0;0;0;0;0;0;0;0;0;;;;;
2026-05-06;O_ISCTRE0626C16.50;ISCTR_06/2026_AVRUPA_OPSIYON;D_EQ;SSO;D_EQ_ECP;DE_ISCTR_ECP;ISCTR.E;2026-06-30;0.52;0.37;40.54;0;0;0;0;0;0;0;0;0;0;0;;;;;
2026-05-06;O_ISCTRE0626C17.00;ISCTR_06/2026_AVRUPA_OPSIYON;D_EQ;SSO;D_EQ_ECP;DE_ISCTR_ECP;ISCTR.E;2026-06-30;0.4;0.28;42.86;0;0;0;0;0;0;0;0;0;0;0;;;;;
2026-05-06;O_ISCTRE0626C17.50;ISCTR_06/2026_AVRUPA_OPSIYON;D_EQ;SSO;D_EQ_ECP;DE_ISCTR_ECP;ISCTR.E;2026-06-30;0.31;0.21;47.62;0.18;0.18;0.2;0.2;0.19;2457000;27273;1404;16;5800;1400;;;;;
2026-05-06;O_ISCTRE0626C18.00;ISCTR_06/2026_AVRUPA_OPSIYON;D_EQ;SSO;D_EQ_ECP;DE_ISCTR_ECP;ISCTR.E;2026-06-30;0.24;0.16;50;0.1;0.1;0.13;0.13;0.12;7200;46;4;4;4;4;;;;;
2026-05-06;O_ISCTRE0626C18.50;ISCTR_06/2026_AVRUPA_OPSIYON;D_EQ;SSO;D_EQ_ECP;DE_ISCTR_ECP;ISCTR.E;2026-06-30;0.18;0.12;50;0;0;0;0;0;0;0;0;0;0;0;;;;;
2026-05-06;O_ISCTRE0626C19.00;ISCTR_06/2026_AVRUPA_OPSIYON;D_EQ;SSO;D_EQ_ECP;DE_ISCTR_ECP;ISCTR.E;2026-06-30;0.14;0.09;55.56;0;0;0;0;0;0;0;0;0;0;0;;;;;
2026-05-06;O_ISCTRE0626C19.50;ISCTR_06/2026_AVRUPA_OPSIYON;D_EQ;SSO;D_EQ_ECP;DE_ISCTR_ECP;ISCTR.E;2026-06-30;0.11;0.06;83.33;0;0;0;0;0;0;0;0;0;0;0;;;;;
2026-05-06;O_ISCTRE0626P11.50;ISCTR_06/2026_AVRUPA_OPSIYON;D_EQ;SSO;D_EQ_EPP;DE_ISCTR_EPP;ISCTR.E;2026-06-30;0.04;0.05;-20;0;0;0;0;0;0;0;0;0;0;0;;;;;
2026-05-06;O_ISCTRE0626P12.00;ISCTR_06/2026_AVRUPA_OPSIYON;D_EQ;SSO;D_EQ_EPP;DE_ISCTR_EPP;ISCTR.E;2026-06-30;0.07;0.09;-22.22;0;0;0;0;0;0;0;0;0;0;0;;;;;
2026-05-06;O_ISCTRE0626P12.50;ISCTR_06/2026_AVRUPA_OPSIYON;D_EQ;SSO;D_EQ_EPP;DE_ISCTR_EPP;ISCTR.E;2026-06-30;0.11;0.16;-31.25;0;0;0;0;0;0;0;0;0;0;0;;;;;
2026-05-06;O_ISCTRE0626P13.00;ISCTR_06/2026_AVRUPA_OPSIYON;D_EQ;SSO;D_EQ_EPP;DE_ISCTR_EPP;ISCTR.E;2026-06-30;0.18;0.24;-25;0;0;0;0;0;0;0;0;0;0;0;;;;;
2026-05-06;O_ISCTRE0626P13.50;ISCTR_06/2026_AVRUPA_OPSIYON;D_EQ;SSO;D_EQ_EPP;DE_ISCTR_EPP;ISCTR.E;2026-06-30;0.27;0.36;-25;0;0;0;0;0;0;0;0;0;0;0;;;;;
2026-05-06;O_ISCTRE0626P14.00;ISCTR_06/2026_AVRUPA_OPSIYON;D_EQ;SSO;D_EQ_EPP;DE_ISCTR_EPP;ISCTR.E;2026-06-30;0.39;0.52;-25;0;0;0;0;0;0;0;0;0;0;0;;;;;
2026-05-06;O_ISCTRE0626P14.50;ISCTR_06/2026_AVRUPA_OPSIYON;D_EQ;SSO;D_EQ_EPP;DE_ISCTR_EPP;ISCTR.E;2026-06-30;0.55;0.72;-23.61;0;0;0;0;0;0;0;0;0;0;0;;;;;
2026-05-06;O_ISCTRE0626P15.00;ISCTR_06/2026_AVRUPA_OPSIYON;D_EQ;SSO;D_EQ_EPP;DE_ISCTR_EPP;ISCTR.E;2026-06-30;0.75;0.97;-22.68;0;0;0;0;0;0;0;0;0;0;0;;;;;
2026-05-06;O_ISCTRE0626P15.50;ISCTR_06/2026_AVRUPA_OPSIYON;D_EQ;SSO;D_EQ_EPP;DE_ISCTR_EPP;ISCTR.E;2026-06-30;0.99;1.25;-20.8;0;0;0;0;0;0;0;0;0;0;0;;;;;
2026-05-06;O_ISCTRE0626P16.00;ISCTR_06/2026_AVRUPA_OPSIYON;D_EQ;SSO;D_EQ_EPP;DE_ISCTR_EPP;ISCTR.E;2026-06-30;1.28;1.57;-18.47;0;0;0;0;0;0;0;0;0;0;0;;;;;
2026-05-06;O_ISCTRE0626P16.50;ISCTR_06/2026_AVRUPA_OPSIYON;D_EQ;SSO;D_EQ_EPP;DE_ISCTR_EPP;ISCTR.E;2026-06-30;1.61;1.93;-16.58;0;0;0;0;0;0;0;0;0;0;0;;;;;
2026-05-06;O_ISCTRE0626P17.00;ISCTR_06/2026_AVRUPA_OPSIYON;D_EQ;SSO;D_EQ_EPP;DE_ISCTR_EPP;ISCTR.E;2026-06-30;1.96;2.31;-15.15;0;0;0;0;0;0;0;0;0;0;0;;;;;
2026-05-06;O_ISCTRE0726C14.50;ISCTR_07/2026_AVRUPA_OPSIYON;D_EQ;SSO;D_EQ_ECP;DE_ISCTR_ECP;ISCTR.E;2026-07-31;1.99;;0;0;0;0;0;0;0;0;0;0;0;0;;;;;
2026-05-06;O_ISCTRE0726C15.00;ISCTR_07/2026_AVRUPA_OPSIYON;D_EQ;SSO;D_EQ_ECP;DE_ISCTR_ECP;ISCTR.E;2026-07-31;1.69;1.39;21.58;0;0;0;0;0;0;0;0;0;0;0;;;;;
2026-05-06;O_ISCTRE0726C15.50;ISCTR_07/2026_AVRUPA_OPSIYON;D_EQ;SSO;D_EQ_ECP;DE_ISCTR_ECP;ISCTR.E;2026-07-31;1.43;1.16;23.28;0;0;0;0;0;0;0;0;0;0;0;;;;;
2026-05-06;O_ISCTRE0726C16.00;ISCTR_07/2026_AVRUPA_OPSIYON;D_EQ;SSO;D_EQ_ECP;DE_ISCTR_ECP;ISCTR.E;2026-07-31;1.21;0.97;24.74;0;0;0;0;0;0;0;0;0;0;0;;;;;
2026-05-06;O_ISCTRE0726C16.50;ISCTR_07/2026_AVRUPA_OPSIYON;D_EQ;SSO;D_EQ_ECP;DE_ISCTR_ECP;ISCTR.E;2026-07-31;1.01;0.81;24.69;0;0;0;0;0;0;0;0;0;0;0;;;;;
2026-05-06;O_ISCTRE0726C17.00;ISCTR_07/2026_AVRUPA_OPSIYON;D_EQ;SSO;D_EQ_ECP;DE_ISCTR_ECP;ISCTR.E;2026-07-31;0.85;0.67;26.87;0;0;0;0;0;17000000;600000;10000;1;20000;10000;;;;;
2026-05-06;O_ISCTRE0726C17.50;ISCTR_07/2026_AVRUPA_OPSIYON;D_EQ;SSO;D_EQ_ECP;DE_ISCTR_ECP;ISCTR.E;2026-07-31;0.72;0.55;30.91;0;0;0;0;0;0;0;0;0;0;0;;;;;
2026-05-06;O_ISCTRE0726C18.00;ISCTR_07/2026_AVRUPA_OPSIYON;D_EQ;SSO;D_EQ_ECP;DE_ISCTR_ECP;ISCTR.E;2026-07-31;0.6;0.45;33.33;0;0;0;0;0;0;0;0;0;0;0;;;;;
2026-05-06;O_ISCTRE0726C18.50;ISCTR_07/2026_AVRUPA_OPSIYON;D_EQ;SSO;D_EQ_ECP;DE_ISCTR_ECP;ISCTR.E;2026-07-31;0.5;0.37;35.14;0;0;0;0;0;0;0;0;0;0;0;;;;;
2026-05-06;O_ISCTRE0726P12.00;ISCTR_07/2026_AVRUPA_OPSIYON;D_EQ;SSO;D_EQ_EPP;DE_ISCTR_EPP;ISCTR.E;2026-07-31;0.1;;0;0;0;0;0;0;0;0;0;0;0;0;;;;;
2026-05-06;O_ISCTRE0726P12.50;ISCTR_07/2026_AVRUPA_OPSIYON;D_EQ;SSO;D_EQ_EPP;DE_ISCTR_EPP;ISCTR.E;2026-07-31;0.14;0.18;-22.22;0;0;0;0;0;0;0;0;0;0;0;;;;;
2026-05-06;O_ISCTRE0726P13.00;ISCTR_07/2026_AVRUPA_OPSIYON;D_EQ;SSO;D_EQ_EPP;DE_ISCTR_EPP;ISCTR.E;2026-07-31;0.2;0.25;-20;0;0;0;0;0;0;0;0;0;0;0;;;;;
2026-05-06;O_ISCTRE0726P13.50;ISCTR_07/2026_AVRUPA_OPSIYON;D_EQ;SSO;D_EQ_EPP;DE_ISCTR_EPP;ISCTR.E;2026-07-31;0.28;0.35;-20;0;0;0;0;0;0;0;0;0;0;0;;;;;
2026-05-06;O_ISCTRE0726P14.00;ISCTR_07/2026_AVRUPA_OPSIYON;D_EQ;SSO;D_EQ_EPP;DE_ISCTR_EPP;ISCTR.E;2026-07-31;0.38;0.48;-20.83;0;0;0;0;0;0;0;0;0;0;0;;;;;
2026-05-06;O_ISCTRE0726P14.50;ISCTR_07/2026_AVRUPA_OPSIYON;D_EQ;SSO;D_EQ_EPP;DE_ISCTR_EPP;ISCTR.E;2026-07-31;0.51;0.64;-20.31;0;0;0;0;0;0;0;0;0;0;0;;;;;
2026-05-06;O_ISCTRE0726P15.00;ISCTR_07/2026_AVRUPA_OPSIYON;D_EQ;SSO;D_EQ_EPP;DE_ISCTR_EPP;ISCTR.E;2026-07-31;0.66;0.82;-19.51;0;0;0;0;0;0;0;0;0;0;0;;;;;
2026-05-06;O_ISCTRE0726P15.50;ISCTR_07/2026_AVRUPA_OPSIYON;D_EQ;SSO;D_EQ_EPP;DE_ISCTR_EPP;ISCTR.E;2026-07-31;0.85;1.04;-18.27;0;0;0;0;0;0;0;0;0;0;0;;;;;
2026-05-06;O_ISCTRE0726P16.00;ISCTR_07/2026_AVRUPA_OPSIYON;D_EQ;SSO;D_EQ_EPP;DE_ISCTR_EPP;ISCTR.E;2026-07-31;1.07;1.3;-17.69;0;0;0;0;0;0;0;0;0;0;0;;;;;
2026-05-06;O_KCHOLE0526C190.00;KCHOL_05/2026_AVRUPA_OPSIYON;D_EQ;SSO;D_EQ_ECP;DE_KCHOL_ECP;KCHOL.E;2026-05-25;24.67;17.18;43.6;0;0;0;0;0;0;0;0;0;0;0;;;;;
2026-05-06;O_KCHOLE0526C195.00;KCHOL_05/2026_AVRUPA_OPSIYON;D_EQ;SSO;D_EQ_ECP;DE_KCHOL_ECP;KCHOL.E;2026-05-25;20.23;13.34;51.65;0;0;0;0;0;0;0;0;0;50;0;;;;;
2026-05-06;O_KCHOLE0526C200.00;KCHOL_05/2026_AVRUPA_OPSIYON;D_EQ;SSO;D_EQ_ECP;DE_KCHOL_ECP;KCHOL.E;2026-05-25;16.11;10;61.1;17.49;17.49;17.49;17.49;17.49;800000;69960;40;4;60;40;;;;;
2026-05-06;O_KCHOLE0526C205.00;KCHOL_05/2026_AVRUPA_OPSIYON;D_EQ;SSO;D_EQ_ECP;DE_KCHOL_ECP;KCHOL.E;2026-05-25;12.42;7.21;72.26;13.74;13.41;13.74;13.41;13.47;1230000;80790;60;6;4010;-36;;;;;
2026-05-06;O_KCHOLE0526C210.00;KCHOL_05/2026_AVRUPA_OPSIYON;D_EQ;SSO;D_EQ_ECP;DE_KCHOL_ECP;KCHOL.E;2026-05-25;9.23;5;84.6;5.59;5.59;11.25;11.25;8.22;798000;31250;38;28;171;34;;;;;
2026-05-06;O_KCHOLE0526C215.00;KCHOL_05/2026_AVRUPA_OPSIYON;D_EQ;SSO;D_EQ_ECP;DE_KCHOL_ECP;KCHOL.E;2026-05-25;6.61;3.32;99.1;0;0;0;0;0;0;0;0;0;2682;0;;;;;
2026-05-06;O_KCHOLE0526C220.00;KCHOL_05/2026_AVRUPA_OPSIYON;D_EQ;SSO;D_EQ_ECP;DE_KCHOL_ECP;KCHOL.E;2026-05-25;4.55;2.12;114.62;5.04;3.52;5.16;3.52;4.65;3410000;72065;155;8;291;-34;;;;;
2026-05-06;O_KCHOLE0526C225.00;KCHOL_05/2026_AVRUPA_OPSIYON;D_EQ;SSO;D_EQ_ECP;DE_KCHOL_ECP;KCHOL.E;2026-05-25;3.01;1.29;133.33;2.49;2.49;2.85;2.85;2.57;1125000;12870;50;5;1700;50;;;;;
2026-05-06;O_KCHOLE0526C230.00;KCHOL_05/2026_AVRUPA_OPSIYON;D_EQ;SSO;D_EQ_ECP;DE_KCHOL_ECP;KCHOL.E;2026-05-25;1.91;0.76;151.32;0.99;0.99;2.01;1.71;1.63;9016000;64086;392;8;544;352;;;;;
2026-05-06;O_KCHOLE0526C235.00;KCHOL_05/2026_AVRUPA_OPSIYON;D_EQ;SSO;D_EQ_ECP;DE_KCHOL_ECP;KCHOL.E;2026-05-25;1.17;0.43;172.09;0;0;0;0;0;0;0;0;0;650;0;;;;;
2026-05-06;O_KCHOLE0526C240.00;KCHOL_05/2026_AVRUPA_OPSIYON;D_EQ;SSO;D_EQ_ECP;DE_KCHOL_ECP;KCHOL.E;2026-05-25;0.69;0.23;200;0;0;0;0;0;0;0;0;0;693;0;;;;;
2026-05-06;O_KCHOLE0526C245.00;KCHOL_05/2026_AVRUPA_OPSIYON;D_EQ;SSO;D_EQ_ECP;DE_KCHOL_ECP;KCHOL.E;2026-05-25;0.39;0.12;225;0;0;0;0;0;0;0;0;0;943;0;;;;;
2026-05-06;O_KCHOLE0526C250.00;KCHOL_05/2026_AVRUPA_OPSIYON;D_EQ;SSO;D_EQ_ECP;DE_KCHOL_ECP;KCHOL.E;2026-05-25;0.21;0.06;250;0;0;0;0;0;0;0;0;0;252;0;;;;;
2026-05-06;O_KCHOLE0526P165.00;KCHOL_05/2026_AVRUPA_OPSIYON;D_EQ;SSO;D_EQ_EPP;DE_KCHOL_EPP;KCHOL.E;2026-05-25;0.01;0.02;-50;0;0;0;0;0;0;0;0;0;0;0;;;;;
2026-05-06;O_KCHOLE0526P170.00;KCHOL_05/2026_AVRUPA_OPSIYON;D_EQ;SSO;D_EQ_EPP;DE_KCHOL_EPP;KCHOL.E;2026-05-25;0.01;0.05;-80;0;0;0;0;0;0;0;0;0;0;0;;;;;
2026-05-06;O_KCHOLE0526P175.00;KCHOL_05/2026_AVRUPA_OPSIYON;D_EQ;SSO;D_EQ_EPP;DE_KCHOL_EPP;KCHOL.E;2026-05-25;0.03;0.14;-78.57;0;0;0;0;0;0;0;0;0;3;0;;;;;
2026-05-06;O_KCHOLE0526P180.00;KCHOL_05/2026_AVRUPA_OPSIYON;D_EQ;SSO;D_EQ_EPP;DE_KCHOL_EPP;KCHOL.E;2026-05-25;0.08;0.33;-75.76;0;0;0;0;0;0;0;0;0;180;0;;;;;
2026-05-06;O_KCHOLE0526P185.00;KCHOL_05/2026_AVRUPA_OPSIYON;D_EQ;SSO;D_EQ_EPP;DE_KCHOL_EPP;KCHOL.E;2026-05-25;0.2;0.7;-71.43;0;0;0;0;0;0;0;0;0;180;0;;;;;
2026-05-06;O_KCHOLE0526P190.00;KCHOL_05/2026_AVRUPA_OPSIYON;D_EQ;SSO;D_EQ_EPP;DE_KCHOL_EPP;KCHOL.E;2026-05-25;0.45;1.37;-67.15;0;0;0;0;0;0;0;0;0;3550;0;;;;;
2026-05-06;O_KCHOLE0526P195.00;KCHOL_05/2026_AVRUPA_OPSIYON;D_EQ;SSO;D_EQ_EPP;DE_KCHOL_EPP;KCHOL.E;2026-05-25;0.92;2.42;-61.98;1.3;0.96;1.3;1.07;1.22;7410000;46250;380;13;750;-256;;;;;
2026-05-06;O_KCHOLE0526P200.00;KCHOL_05/2026_AVRUPA_OPSIYON;D_EQ;SSO;D_EQ_EPP;DE_KCHOL_EPP;KCHOL.E;2026-05-25;1.7;3.98;-57.29;2;1.47;2;1.47;1.63;1900000;15440;95;10;838;95;;;;;
2026-05-06;O_KCHOLE0526P205.00;KCHOL_05/2026_AVRUPA_OPSIYON;D_EQ;SSO;D_EQ_EPP;DE_KCHOL_EPP;KCHOL.E;2026-05-25;2.9;6.09;-52.38;3;2.28;3;2.28;2.93;5740000;81960;280;12;300;-160;;;;;
2026-05-06;O_KCHOLE0526P210.00;KCHOL_05/2026_AVRUPA_OPSIYON;D_EQ;SSO;D_EQ_EPP;DE_KCHOL_EPP;KCHOL.E;2026-05-25;4.62;8.77;-47.32;3.13;3.13;3.13;3.13;3.13;210000;3130;10;1;50;10;;;;;
2026-05-06;O_KCHOLE0526P215.00;KCHOL_05/2026_AVRUPA_OPSIYON;D_EQ;SSO;D_EQ_EPP;DE_KCHOL_EPP;KCHOL.E;2026-05-25;6.9;11.99;-42.45;0;0;0;0;0;0;0;0;0;167;0;;;;;
2026-05-06;O_KCHOLE0526P220.00;KCHOL_05/2026_AVRUPA_OPSIYON;D_EQ;SSO;D_EQ_EPP;DE_KCHOL_EPP;KCHOL.E;2026-05-25;9.74;15.68;-37.88;0;0;0;0;0;0;0;0;0;0;0;;;;;
2026-05-06;O_KCHOLE0526P225.00;KCHOL_05/2026_AVRUPA_OPSIYON;D_EQ;SSO;D_EQ_EPP;DE_KCHOL_EPP;KCHOL.E;2026-05-25;13.1;19.76;-33.7;0;0;0;0;0;0;0;0;0;42;0;;;;;
2026-05-06;O_KCHOLE0626C205.00;KCHOL_06/2026_AVRUPA_OPSIYON;D_EQ;SSO;D_EQ_ECP;DE_KCHOL_ECP;KCHOL.E;2026-06-30;21.48;15.67;37.08;20.58;20.58;20.58;20.58;20.58;205000;20580;10;1;500;0;;;;;
2026-05-06;O_KCHOLE0626C210.00;KCHOL_06/2026_AVRUPA_OPSIYON;D_EQ;SSO;D_EQ_ECP;DE_KCHOL_ECP;KCHOL.E;2026-06-30;18.28;13.02;40.4;17.52;17.1;17.52;17.1;17.24;1260000;103440;60;6;60;60;;;;;
2026-05-06;O_KCHOLE0626C215.00;KCHOL_06/2026_AVRUPA_OPSIYON;D_EQ;SSO;D_EQ_ECP;DE_KCHOL_ECP;KCHOL.E;2026-06-30;15.39;10.69;43.97;0;0;0;0;0;0;0;0;0;0;0;;;;;
2026-05-06;O_KCHOLE0626C220.00;KCHOL_06/2026_AVRUPA_OPSIYON;D_EQ;SSO;D_EQ_ECP;DE_KCHOL_ECP;KCHOL.E;2026-06-30;12.82;8.68;47.7;0;0;0;0;0;0;0;0;0;0;0;;;;;
2026-05-06;O_KCHOLE0626C225.00;KCHOL_06/2026_AVRUPA_OPSIYON;D_EQ;SSO;D_EQ_ECP;DE_KCHOL_ECP;KCHOL.E;2026-06-30;10.57;6.97;51.65;0;0;0;0;0;0;0;0;0;0;0;;;;;
2026-05-06;O_KCHOLE0626C230.00;KCHOL_06/2026_AVRUPA_OPSIYON;D_EQ;SSO;D_EQ_ECP;DE_KCHOL_ECP;KCHOL.E;2026-06-30;8.61;5.53;55.7;0;0;0;0;0;0;0;0;0;0;0;;;;;
2026-05-06;O_KCHOLE0626C235.00;KCHOL_06/2026_AVRUPA_OPSIYON;D_EQ;SSO;D_EQ_ECP;DE_KCHOL_ECP;KCHOL.E;2026-06-30;6.96;4.34;60.37;5.58;5.58;6.18;6.18;5.93;705000;17790;30;4;30;30;;;;;
2026-05-06;O_KCHOLE0626C240.00;KCHOL_06/2026_AVRUPA_OPSIYON;D_EQ;SSO;D_EQ_ECP;DE_KCHOL_ECP;KCHOL.E;2026-06-30;5.56;3.37;64.99;4.53;4.38;4.53;4.38;4.43;720000;13290;30;3;30;30;;;;;
2026-05-06;O_KCHOLE0626C245.00;KCHOL_06/2026_AVRUPA_OPSIYON;D_EQ;SSO;D_EQ_ECP;DE_KCHOL_ECP;KCHOL.E;2026-06-30;4.4;2.59;69.88;3.33;3.21;3.33;3.24;3.26;735000;9780;30;3;146;30;;;;;
2026-05-06;O_KCHOLE0626C250.00;KCHOL_06/2026_AVRUPA_OPSIYON;D_EQ;SSO;D_EQ_ECP;DE_KCHOL_ECP;KCHOL.E;2026-06-30;3.45;1.97;75.13;1.5;1.5;1.71;1.71;1.61;2900000;18618;116;2;348;116;;;;;
2026-05-06;O_KCHOLE0626C260.00;KCHOL_06/2026_AVRUPA_OPSIYON;D_EQ;SSO;D_EQ_ECP;DE_KCHOL_ECP;KCHOL.E;2026-06-30;2.07;1.11;86.49;0;0;0;0;0;0;0;0;0;0;0;;;;;
2026-05-06;O_KCHOLE0626C270.00;KCHOL_06/2026_AVRUPA_OPSIYON;D_EQ;SSO;D_EQ_ECP;DE_KCHOL_ECP;KCHOL.E;2026-06-30;1.2;0.6;100;0;0;0;0;0;0;0;0;0;0;0;;;;;
2026-05-06;O_KCHOLE0626P180.00;KCHOL_06/2026_AVRUPA_OPSIYON;D_EQ;SSO;D_EQ_EPP;DE_KCHOL_EPP;KCHOL.E;2026-06-30;0.67;1.29;-48.06;0;0;0;0;0;0;0;0;0;1;0;;;;;
2026-05-06;O_KCHOLE0626P185.00;KCHOL_06/2026_AVRUPA_OPSIYON;D_EQ;SSO;D_EQ_EPP;DE_KCHOL_EPP;KCHOL.E;2026-06-30;1.06;1.94;-45.36;0;0;0;0;0;0;0;0;0;0;0;;;;;
2026-05-06;O_KCHOLE0626P190.00;KCHOL_06/2026_AVRUPA_OPSIYON;D_EQ;SSO;D_EQ_EPP;DE_KCHOL_EPP;KCHOL.E;2026-06-30;1.61;2.83;-43.11;0;0;0;0;0;0;0;0;0;50;0;;;;;
2026-05-06;O_KCHOLE0626P195.00;KCHOL_06/2026_AVRUPA_OPSIYON;D_EQ;SSO;D_EQ_EPP;DE_KCHOL_EPP;KCHOL.E;2026-06-30;2.36;3.98;-40.7;0;0;0;0;0;0;0;0;0;0;0;;;;;
2026-05-06;O_KCHOLE0626P200.00;KCHOL_06/2026_AVRUPA_OPSIYON;D_EQ;SSO;D_EQ_EPP;DE_KCHOL_EPP;KCHOL.E;2026-06-30;3.33;5.41;-38.45;0;0;0;0;0;0;0;0;0;0;0;;;;;
2026-05-06;O_KCHOLE0626P205.00;KCHOL_06/2026_AVRUPA_OPSIYON;D_EQ;SSO;D_EQ_EPP;DE_KCHOL_EPP;KCHOL.E;2026-06-30;4.57;7.16;-36.17;0;0;0;0;0;0;0;0;0;0;0;;;;;
2026-05-06;O_KCHOLE0626P210.00;KCHOL_06/2026_AVRUPA_OPSIYON;D_EQ;SSO;D_EQ_EPP;DE_KCHOL_EPP;KCHOL.E;2026-06-30;6.09;9.23;-34.02;0;0;0;0;0;0;0;0;0;0;0;;;;;
2026-05-06;O_KCHOLE0626P215.00;KCHOL_06/2026_AVRUPA_OPSIYON;D_EQ;SSO;D_EQ_EPP;DE_KCHOL_EPP;KCHOL.E;2026-06-30;7.93;11.62;-31.76;0;0;0;0;0;0;0;0;0;0;0;;;;;
2026-05-06;O_KCHOLE0626P220.00;KCHOL_06/2026_AVRUPA_OPSIYON;D_EQ;SSO;D_EQ_EPP;DE_KCHOL_EPP;KCHOL.E;2026-06-30;10.08;14.32;-29.61;0;0;0;0;0;0;0;0;0;0;0;;;;;
2026-05-06;O_KCHOLE0626P225.00;KCHOL_06/2026_AVRUPA_OPSIYON;D_EQ;SSO;D_EQ_EPP;DE_KCHOL_EPP;KCHOL.E;2026-06-30;12.55;17.33;-27.58;0;0;0;0;0;0;0;0;0;20;0;;;;;
2026-05-06;O_KCHOLE0626P230.00;KCHOL_06/2026_AVRUPA_OPSIYON;D_EQ;SSO;D_EQ_EPP;DE_KCHOL_EPP;KCHOL.E;2026-06-30;15.32;20.61;-25.67;13.89;13.89;13.89;13.89;13.89;460000;27780;20;2;20;20;;;;;
2026-05-06;O_KCHOLE0626P235.00;KCHOL_06/2026_AVRUPA_OPSIYON;D_EQ;SSO;D_EQ_EPP;DE_KCHOL_EPP;KCHOL.E;2026-06-30;18.38;24.13;-23.83;0;0;0;0;0;0;0;0;0;0;0;;;;;
2026-05-06;O_KCHOLE0726C210.00;KCHOL_07/2026_AVRUPA_OPSIYON;D_EQ;SSO;D_EQ_ECP;DE_KCHOL_ECP;KCHOL.E;2026-07-31;27.38;21.34;28.3;0;0;0;0;0;0;0;0;0;0;0;;;;;
2026-05-06;O_KCHOLE0726C215.00;KCHOL_07/2026_AVRUPA_OPSIYON;D_EQ;SSO;D_EQ_ECP;DE_KCHOL_ECP;KCHOL.E;2026-07-31;24.28;18.65;30.19;0;0;0;0;0;0;0;0;0;0;0;;;;;
2026-05-06;O_KCHOLE0726C220.00;KCHOL_07/2026_AVRUPA_OPSIYON;D_EQ;SSO;D_EQ_ECP;DE_KCHOL_ECP;KCHOL.E;2026-07-31;21.41;16.2;32.16;0;0;0;0;0;0;0;0;0;0;0;;;;;
2026-05-06;O_KCHOLE0726C225.00;KCHOL_07/2026_AVRUPA_OPSIYON;D_EQ;SSO;D_EQ_ECP;DE_KCHOL_ECP;KCHOL.E;2026-07-31;18.77;13.98;34.26;0;0;0;0;0;0;0;0;0;0;0;;;;;
2026-05-06;O_KCHOLE0726C230.00;KCHOL_07/2026_AVRUPA_OPSIYON;D_EQ;SSO;D_EQ_ECP;DE_KCHOL_ECP;KCHOL.E;2026-07-31;16.36;12;36.33;0;0;0;0;0;0;0;0;0;0;0;;;;;
2026-05-06;O_KCHOLE0726C235.00;KCHOL_07/2026_AVRUPA_OPSIYON;D_EQ;SSO;D_EQ_ECP;DE_KCHOL_ECP;KCHOL.E;2026-07-31;14.18;10.23;38.61;0;0;0;0;0;0;0;0;0;0;0;;;;;
2026-05-06;O_KCHOLE0726C240.00;KCHOL_07/2026_AVRUPA_OPSIYON;D_EQ;SSO;D_EQ_ECP;DE_KCHOL_ECP;KCHOL.E;2026-07-31;12.23;8.67;41.06;0;0;0;0;0;0;0;0;0;0;0;;;;;
2026-05-06;O_KCHOLE0726C245.00;KCHOL_07/2026_AVRUPA_OPSIYON;D_EQ;SSO;D_EQ_ECP;DE_KCHOL_ECP;KCHOL.E;2026-07-31;10.49;7.31;43.5;0;0;0;0;0;0;0;0;0;0;0;;;;;
2026-05-06;O_KCHOLE0726C250.00;KCHOL_07/2026_AVRUPA_OPSIYON;D_EQ;SSO;D_EQ_ECP;DE_KCHOL_ECP;KCHOL.E;2026-07-31;8.96;6.13;46.17;0;0;0;0;0;0;0;0;0;0;0;;;;;
2026-05-06;O_KCHOLE0726P185.00;KCHOL_07/2026_AVRUPA_OPSIYON;D_EQ;SSO;D_EQ_EPP;DE_KCHOL_EPP;KCHOL.E;2026-07-31;1.23;1.98;-37.88;0;0;0;0;0;0;0;0;0;0;0;;;;;
2026-05-06;O_KCHOLE0726P190.00;KCHOL_07/2026_AVRUPA_OPSIYON;D_EQ;SSO;D_EQ_EPP;DE_KCHOL_EPP;KCHOL.E;2026-07-31;1.73;2.71;-36.16;0;0;0;0;0;0;0;0;0;0;0;;;;;
2026-05-06;O_KCHOLE0726P195.00;KCHOL_07/2026_AVRUPA_OPSIYON;D_EQ;SSO;D_EQ_EPP;DE_KCHOL_EPP;KCHOL.E;2026-07-31;2.36;3.63;-34.99;0;0;0;0;0;0;0;0;0;0;0;;;;;
2026-05-06;O_KCHOLE0726P200.00;KCHOL_07/2026_AVRUPA_OPSIYON;D_EQ;SSO;D_EQ_EPP;DE_KCHOL_EPP;KCHOL.E;2026-07-31;3.16;4.74;-33.33;0;0;0;0;0;0;0;0;0;0;0;;;;;
2026-05-06;O_KCHOLE0726P205.00;KCHOL_07/2026_AVRUPA_OPSIYON;D_EQ;SSO;D_EQ_EPP;DE_KCHOL_EPP;KCHOL.E;2026-07-31;4.14;6.07;-31.8;0;0;0;0;0;0;0;0;0;0;0;;;;;
2026-05-06;O_KCHOLE0726P210.00;KCHOL_07/2026_AVRUPA_OPSIYON;D_EQ;SSO;D_EQ_EPP;DE_KCHOL_EPP;KCHOL.E;2026-07-31;5.31;7.63;-30.41;0;0;0;0;0;0;0;0;0;0;0;;;;;
2026-05-06;O_KCHOLE0726P215.00;KCHOL_07/2026_AVRUPA_OPSIYON;D_EQ;SSO;D_EQ_EPP;DE_KCHOL_EPP;KCHOL.E;2026-07-31;6.7;9.42;-28.87;0;0;0;0;0;0;0;0;0;0;0;;;;;
2026-05-06;O_KCHOLE0726P220.00;KCHOL_07/2026_AVRUPA_OPSIYON;D_EQ;SSO;D_EQ_EPP;DE_KCHOL_EPP;KCHOL.E;2026-07-31;8.31;11.45;-27.42;0;0;0;0;0;0;0;0;0;0;0;;;;;
2026-05-06;O_KCHOLE0726P225.00;KCHOL_07/2026_AVRUPA_OPSIYON;D_EQ;SSO;D_EQ_EPP;DE_KCHOL_EPP;KCHOL.E;2026-07-31;10.16;13.72;-25.95;0;0;0;0;0;0;0;0;0;0;0;;;;;
2026-05-06;O_KRDMDE0526C29.00;KRDMD_05/2026_AVRUPA_OPSIYON;D_EQ;SSO;D_EQ_ECP;DE_KRDMD_ECP;KRDMD.E;2026-05-25;11.47;11.88;-3.45;0;0;0;0;0;0;0;0;0;0;0;;;;;
2026-05-06;O_KRDMDE0526C30.00;KRDMD_05/2026_AVRUPA_OPSIYON;D_EQ;SSO;D_EQ_ECP;DE_KRDMD_ECP;KRDMD.E;2026-05-25;10.49;10.9;-3.76;0;0;0;0;0;0;0;0;0;0;0;;;;;
2026-05-06;O_KRDMDE0526C31.00;KRDMD_05/2026_AVRUPA_OPSIYON;D_EQ;SSO;D_EQ_ECP;DE_KRDMD_ECP;KRDMD.E;2026-05-25;9.51;9.92;-4.13;0;0;0;0;0;0;0;0;0;0;0;;;;;
2026-05-06;O_KRDMDE0526C32.00;KRDMD_05/2026_AVRUPA_OPSIYON;D_EQ;SSO;D_EQ_ECP;DE_KRDMD_ECP;KRDMD.E;2026-05-25;8.53;8.94;-4.59;0;0;0;0;0;0;0;0;0;0;0;;;;;
2026-05-06;O_KRDMDE0526C33.00;KRDMD_05/2026_AVRUPA_OPSIYON;D_EQ;SSO;D_EQ_ECP;DE_KRDMD_ECP;KRDMD.E;2026-05-25;7.56;7.97;-5.14;0;0;0;0;0;0;0;0;0;351;0;;;;;
2026-05-06;O_KRDMDE0526C34.00;KRDMD_05/2026_AVRUPA_OPSIYON;D_EQ;SSO;D_EQ_ECP;DE_KRDMD_ECP;KRDMD.E;2026-05-25;6.6;7.01;-5.85;0;0;0;0;0;0;0;0;0;251;0;;;;;
2026-05-06;O_KRDMDE0526C35.00;KRDMD_05/2026_AVRUPA_OPSIYON;D_EQ;SSO;D_EQ_ECP;DE_KRDMD_ECP;KRDMD.E;2026-05-25;5.66;6.07;-6.75;0;0;0;0;0;0;0;0;0;378;0;;;;;
2026-05-06;O_KRDMDE0526C36.00;KRDMD_05/2026_AVRUPA_OPSIYON;D_EQ;SSO;D_EQ_ECP;DE_KRDMD_ECP;KRDMD.E;2026-05-25;4.76;5.16;-7.75;0;0;0;0;0;0;0;0;0;725;0;;;;;
2026-05-06;O_KRDMDE0526C37.00;KRDMD_05/2026_AVRUPA_OPSIYON;D_EQ;SSO;D_EQ_ECP;DE_KRDMD_ECP;KRDMD.E;2026-05-25;3.91;4.29;-8.86;0;0;0;0;0;0;0;0;0;350;0;;;;;
2026-05-06;O_KRDMDE0526C38.00;KRDMD_05/2026_AVRUPA_OPSIYON;D_EQ;SSO;D_EQ_ECP;DE_KRDMD_ECP;KRDMD.E;2026-05-25;3.13;3.49;-10.32;0;0;0;0;0;0;0;0;0;400;0;;;;;
2026-05-06;O_KRDMDE0526C39.00;KRDMD_05/2026_AVRUPA_OPSIYON;D_EQ;SSO;D_EQ_ECP;DE_KRDMD_ECP;KRDMD.E;2026-05-25;2.44;2.77;-11.91;0;0;0;0;0;0;0;0;0;5178;0;;;;;
2026-05-06;O_KRDMDE0526C40.00;KRDMD_05/2026_AVRUPA_OPSIYON;D_EQ;SSO;D_EQ_ECP;DE_KRDMD_ECP;KRDMD.E;2026-05-25;1.84;2.14;-14.02;0;0;0;0;0;0;0;0;0;5480;0;;;;;
2026-05-06;O_KRDMDE0526C41.00;KRDMD_05/2026_AVRUPA_OPSIYON;D_EQ;SSO;D_EQ_ECP;DE_KRDMD_ECP;KRDMD.E;2026-05-25;1.35;1.6;-15.63;0;0;0;0;0;0;0;0;0;250;0;;;;;
2026-05-06;O_KRDMDE0526C42.00;KRDMD_05/2026_AVRUPA_OPSIYON;D_EQ;SSO;D_EQ_ECP;DE_KRDMD_ECP;KRDMD.E;2026-05-25;0.96;1.17;-17.95;0;0;0;0;0;0;0;0;0;91;0;;;;;
2026-05-06;O_KRDMDE0526C43.00;KRDMD_05/2026_AVRUPA_OPSIYON;D_EQ;SSO;D_EQ_ECP;DE_KRDMD_ECP;KRDMD.E;2026-05-25;0.66;0.83;-20.48;0;0;0;0;0;0;0;0;0;0;0;;;;;
2026-05-06;O_KRDMDE0526C44.00;KRDMD_05/2026_AVRUPA_OPSIYON;D_EQ;SSO;D_EQ_ECP;DE_KRDMD_ECP;KRDMD.E;2026-05-25;0.44;0.57;-22.81;0.25;0.25;0.25;0.25;0.25;550000;3125;125;1;241;125;;;;;
2026-05-06;O_KRDMDE0526C45.00;KRDMD_05/2026_AVRUPA_OPSIYON;D_EQ;SSO;D_EQ_ECP;DE_KRDMD_ECP;KRDMD.E;2026-05-25;0.28;0.38;-26.32;0.18;0.18;0.18;0.18;0.18;1674000;6696;372;2;392;372;;;;;
2026-05-06;O_KRDMDE0526C46.00;KRDMD_05/2026_AVRUPA_OPSIYON;D_EQ;SSO;D_EQ_ECP;DE_KRDMD_ECP;KRDMD.E;2026-05-25;0.18;0.25;-28;0.15;0.14;0.15;0.14;0.14;961400;2982;209;3;209;209;;;;;
2026-05-06;O_KRDMDE0526C47.00;KRDMD_05/2026_AVRUPA_OPSIYON;D_EQ;SSO;D_EQ_ECP;DE_KRDMD_ECP;KRDMD.E;2026-05-25;0.11;;0;0.07;0.07;0.07;0.07;0.07;488800;728;104;1;104;104;;;;;
2026-05-06;O_KRDMDE0526P24.50;KRDMD_05/2026_AVRUPA_OPSIYON;D_EQ;SSO;D_EQ_EPP;DE_KRDMD_EPP;KRDMD.E;2026-05-25;0.01;0.01;0;0;0;0;0;0;0;0;0;0;0;0;;;;;
2026-05-06;O_KRDMDE0526P25.00;KRDMD_05/2026_AVRUPA_OPSIYON;D_EQ;SSO;D_EQ_EPP;DE_KRDMD_EPP;KRDMD.E;2026-05-25;0.01;0.01;0;0;0;0;0;0;0;0;0;0;0;0;;;;;
2026-05-06;O_KRDMDE0526P26.00;KRDMD_05/2026_AVRUPA_OPSIYON;D_EQ;SSO;D_EQ_EPP;DE_KRDMD_EPP;KRDMD.E;2026-05-25;0.01;0.01;0;0;0;0;0;0;0;0;0;0;0;0;;;;;
2026-05-06;O_KRDMDE0526P27.00;KRDMD_05/2026_AVRUPA_OPSIYON;D_EQ;SSO;D_EQ_EPP;DE_KRDMD_EPP;KRDMD.E;2026-05-25;0.01;0.01;0;0;0;0;0;0;0;0;0;0;0;0;;;;;
2026-05-06;O_KRDMDE0526P28.00;KRDMD_05/2026_AVRUPA_OPSIYON;D_EQ;SSO;D_EQ_EPP;DE_KRDMD_EPP;KRDMD.E;2026-05-25;0.01;0.01;0;0;0;0;0;0;0;0;0;0;0;0;;;;;
2026-05-06;O_KRDMDE0526P29.00;KRDMD_05/2026_AVRUPA_OPSIYON;D_EQ;SSO;D_EQ_EPP;DE_KRDMD_EPP;KRDMD.E;2026-05-25;0.01;0.01;0;0;0;0;0;0;0;0;0;0;0;0;;;;;
2026-05-06;O_KRDMDE0526P30.00;KRDMD_05/2026_AVRUPA_OPSIYON;D_EQ;SSO;D_EQ_EPP;DE_KRDMD_EPP;KRDMD.E;2026-05-25;0.01;0.01;0;0;0;0;0;0;0;0;0;0;0;0;;;;;
2026-05-06;O_KRDMDE0526P31.00;KRDMD_05/2026_AVRUPA_OPSIYON;D_EQ;SSO;D_EQ_EPP;DE_KRDMD_EPP;KRDMD.E;2026-05-25;0.01;0.01;0;0;0;0;0;0;0;0;0;0;0;0;;;;;
2026-05-06;O_KRDMDE0526P32.00;KRDMD_05/2026_AVRUPA_OPSIYON;D_EQ;SSO;D_EQ_EPP;DE_KRDMD_EPP;KRDMD.E;2026-05-25;0.01;0.01;0;0;0;0;0;0;0;0;0;0;0;0;;;;;
2026-05-06;O_KRDMDE0526P33.00;KRDMD_05/2026_AVRUPA_OPSIYON;D_EQ;SSO;D_EQ_EPP;DE_KRDMD_EPP;KRDMD.E;2026-05-25;0.01;0.01;0;0;0;0;0;0;0;0;0;0;0;0;;;;;
2026-05-06;O_KRDMDE0526P34.00;KRDMD_05/2026_AVRUPA_OPSIYON;D_EQ;SSO;D_EQ_EPP;DE_KRDMD_EPP;KRDMD.E;2026-05-25;0.04;0.03;33.33;0;0;0;0;0;0;0;0;0;0;0;;;;;
2026-05-06;O_KRDMDE0526P35.00;KRDMD_05/2026_AVRUPA_OPSIYON;D_EQ;SSO;D_EQ_EPP;DE_KRDMD_EPP;KRDMD.E;2026-05-25;0.08;0.07;14.29;0;0;0;0;0;0;0;0;0;80;0;;;;;
2026-05-06;O_KRDMDE0526P36.00;KRDMD_05/2026_AVRUPA_OPSIYON;D_EQ;SSO;D_EQ_EPP;DE_KRDMD_EPP;KRDMD.E;2026-05-25;0.16;0.14;14.29;0.12;0.12;0.16;0.16;0.14;900000;3496;250;2;250;249;;;;;
2026-05-06;O_KRDMDE0526P37.00;KRDMD_05/2026_AVRUPA_OPSIYON;D_EQ;SSO;D_EQ_EPP;DE_KRDMD_EPP;KRDMD.E;2026-05-25;0.29;0.25;16;0.24;0.22;0.24;0.22;0.23;976800;5968;264;2;955;264;;;;;
2026-05-06;O_KRDMDE0526P38.00;KRDMD_05/2026_AVRUPA_OPSIYON;D_EQ;SSO;D_EQ_EPP;DE_KRDMD_EPP;KRDMD.E;2026-05-25;0.49;0.43;13.95;0.38;0.38;0.38;0.38;0.38;463600;4636;122;1;258;0;;;;;
2026-05-06;O_KRDMDE0526P39.00;KRDMD_05/2026_AVRUPA_OPSIYON;D_EQ;SSO;D_EQ_EPP;DE_KRDMD_EPP;KRDMD.E;2026-05-25;0.77;0.68;13.24;0;0;0;0;0;0;0;0;0;375;0;;;;;
2026-05-06;O_KRDMDE0526P40.00;KRDMD_05/2026_AVRUPA_OPSIYON;D_EQ;SSO;D_EQ_EPP;DE_KRDMD_EPP;KRDMD.E;2026-05-25;1.16;1.03;12.62;0;0;0;0;0;0;0;0;0;475;0;;;;;
2026-05-06;O_KRDMDE0526P41.00;KRDMD_05/2026_AVRUPA_OPSIYON;D_EQ;SSO;D_EQ_EPP;DE_KRDMD_EPP;KRDMD.E;2026-05-25;1.65;1.48;11.49;1.35;1.35;1.35;1.35;1.35;820000;27000;200;2;200;200;;;;;
2026-05-06;O_KRDMDE0526P42.00;KRDMD_05/2026_AVRUPA_OPSIYON;D_EQ;SSO;D_EQ_EPP;DE_KRDMD_EPP;KRDMD.E;2026-05-25;2.24;;0;1.87;1.87;1.87;1.87;1.87;420000;18700;100;1;100;100;;;;;
2026-05-06;O_KRDMDE0626C33.00;KRDMD_06/2026_AVRUPA_OPSIYON;D_EQ;SSO;D_EQ_ECP;DE_KRDMD_ECP;KRDMD.E;2026-06-30;8.88;9.28;-4.31;0;0;0;0;0;0;0;0;0;0;0;;;;;
2026-05-06;O_KRDMDE0626C34.00;KRDMD_06/2026_AVRUPA_OPSIYON;D_EQ;SSO;D_EQ_ECP;DE_KRDMD_ECP;KRDMD.E;2026-06-30;8.02;8.41;-4.64;0;0;0;0;0;0;0;0;0;0;0;;;;;
2026-05-06;O_KRDMDE0626C35.00;KRDMD_06/2026_AVRUPA_OPSIYON;D_EQ;SSO;D_EQ_ECP;DE_KRDMD_ECP;KRDMD.E;2026-06-30;7.18;7.57;-5.15;0;0;0;0;0;0;0;0;0;0;0;;;;;
2026-05-06;O_KRDMDE0626C36.00;KRDMD_06/2026_AVRUPA_OPSIYON;D_EQ;SSO;D_EQ_ECP;DE_KRDMD_ECP;KRDMD.E;2026-06-30;6.39;6.76;-5.47;0;0;0;0;0;0;0;0;0;0;0;;;;;
2026-05-06;O_KRDMDE0626C37.00;KRDMD_06/2026_AVRUPA_OPSIYON;D_EQ;SSO;D_EQ_ECP;DE_KRDMD_ECP;KRDMD.E;2026-06-30;5.63;5.99;-6.01;0;0;0;0;0;0;0;0;0;0;0;;;;;
2026-05-06;O_KRDMDE0626C38.00;KRDMD_06/2026_AVRUPA_OPSIYON;D_EQ;SSO;D_EQ_ECP;DE_KRDMD_ECP;KRDMD.E;2026-06-30;4.93;5.27;-6.45;0;0;0;0;0;0;0;0;0;0;0;;;;;
2026-05-06;O_KRDMDE0626C39.00;KRDMD_06/2026_AVRUPA_OPSIYON;D_EQ;SSO;D_EQ_ECP;DE_KRDMD_ECP;KRDMD.E;2026-06-30;4.27;4.59;-6.97;0;0;0;0;0;0;0;0;0;0;0;;;;;
2026-05-06;O_KRDMDE0626C40.00;KRDMD_06/2026_AVRUPA_OPSIYON;D_EQ;SSO;D_EQ_ECP;DE_KRDMD_ECP;KRDMD.E;2026-06-30;3.67;3.97;-7.56;0;0;0;0;0;0;0;0;0;0;0;;;;;
2026-05-06;O_KRDMDE0626C41.00;KRDMD_06/2026_AVRUPA_OPSIYON;D_EQ;SSO;D_EQ_ECP;DE_KRDMD_ECP;KRDMD.E;2026-06-30;3.13;3.41;-8.21;0;0;0;0;0;0;0;0;0;0;0;;;;;
2026-05-06;O_KRDMDE0626C42.00;KRDMD_06/2026_AVRUPA_OPSIYON;D_EQ;SSO;D_EQ_ECP;DE_KRDMD_ECP;KRDMD.E;2026-06-30;2.65;2.9;-8.62;0;0;0;0;0;0;0;0;0;0;0;;;;;
2026-05-06;O_KRDMDE0626C43.00;KRDMD_06/2026_AVRUPA_OPSIYON;D_EQ;SSO;D_EQ_ECP;DE_KRDMD_ECP;KRDMD.E;2026-06-30;2.22;2.45;-9.39;0;0;0;0;0;0;0;0;0;50;0;;;;;
2026-05-06;O_KRDMDE0626C44.00;KRDMD_06/2026_AVRUPA_OPSIYON;D_EQ;SSO;D_EQ_ECP;DE_KRDMD_ECP;KRDMD.E;2026-06-30;1.84;2.05;-10.24;0;0;0;0;0;0;0;0;0;25;0;;;;;
2026-05-06;O_KRDMDE0626C45.00;KRDMD_06/2026_AVRUPA_OPSIYON;D_EQ;SSO;D_EQ_ECP;DE_KRDMD_ECP;KRDMD.E;2026-06-30;1.52;1.7;-10.59;0;0;0;0;0;0;0;0;0;75;0;;;;;
2026-05-06;O_KRDMDE0626C46.00;KRDMD_06/2026_AVRUPA_OPSIYON;D_EQ;SSO;D_EQ_ECP;DE_KRDMD_ECP;KRDMD.E;2026-06-30;1.24;1.4;-11.43;0;0;0;0;0;0;0;0;0;0;0;;;;;
2026-05-06;O_KRDMDE0626C47.00;KRDMD_06/2026_AVRUPA_OPSIYON;D_EQ;SSO;D_EQ_ECP;DE_KRDMD_ECP;KRDMD.E;2026-06-30;1.01;1.15;-12.17;0;0;0;0;0;0;0;0;0;0;0;;;;;
2026-05-06;O_KRDMDE0626C48.00;KRDMD_06/2026_AVRUPA_OPSIYON;D_EQ;SSO;D_EQ_ECP;DE_KRDMD_ECP;KRDMD.E;2026-06-30;0.81;;0;0;0;0;0;0;0;0;0;0;0;0;;;;;
2026-05-06;O_KRDMDE0626C49.00;KRDMD_06/2026_AVRUPA_OPSIYON;D_EQ;SSO;D_EQ_ECP;DE_KRDMD_ECP;KRDMD.E;2026-06-30;0.65;;0;0;0;0;0;0;0;0;0;0;0;0;;;;;
2026-05-06;O_KRDMDE0626P28.00;KRDMD_06/2026_AVRUPA_OPSIYON;D_EQ;SSO;D_EQ_EPP;DE_KRDMD_EPP;KRDMD.E;2026-06-30;0.01;0.01;0;0;0;0;0;0;0;0;0;0;0;0;;;;;
2026-05-06;O_KRDMDE0626P29.00;KRDMD_06/2026_AVRUPA_OPSIYON;D_EQ;SSO;D_EQ_EPP;DE_KRDMD_EPP;KRDMD.E;2026-06-30;0.02;0.01;100;0;0;0;0;0;0;0;0;0;0;0;;;;;
2026-05-06;O_KRDMDE0626P30.00;KRDMD_06/2026_AVRUPA_OPSIYON;D_EQ;SSO;D_EQ_EPP;DE_KRDMD_EPP;KRDMD.E;2026-06-30;0.03;0.03;0;0;0;0;0;0;0;0;0;0;0;0;;;;;
2026-05-06;O_KRDMDE0626P31.00;KRDMD_06/2026_AVRUPA_OPSIYON;D_EQ;SSO;D_EQ_EPP;DE_KRDMD_EPP;KRDMD.E;2026-06-30;0.05;0.05;0;0;0;0;0;0;0;0;0;0;0;0;;;;;
2026-05-06;O_KRDMDE0626P32.00;KRDMD_06/2026_AVRUPA_OPSIYON;D_EQ;SSO;D_EQ_EPP;DE_KRDMD_EPP;KRDMD.E;2026-06-30;0.09;0.08;12.5;0;0;0;0;0;0;0;0;0;0;0;;;;;
2026-05-06;O_KRDMDE0626P33.00;KRDMD_06/2026_AVRUPA_OPSIYON;D_EQ;SSO;D_EQ_EPP;DE_KRDMD_EPP;KRDMD.E;2026-06-30;0.15;0.13;15.38;0;0;0;0;0;0;0;0;0;0;0;;;;;
2026-05-06;O_KRDMDE0626P34.00;KRDMD_06/2026_AVRUPA_OPSIYON;D_EQ;SSO;D_EQ_EPP;DE_KRDMD_EPP;KRDMD.E;2026-06-30;0.23;0.2;15;0;0;0;0;0;0;0;0;0;0;0;;;;;
2026-05-06;O_KRDMDE0626P35.00;KRDMD_06/2026_AVRUPA_OPSIYON;D_EQ;SSO;D_EQ_EPP;DE_KRDMD_EPP;KRDMD.E;2026-06-30;0.34;0.3;13.33;0;0;0;0;0;0;0;0;0;0;0;;;;;
2026-05-06;O_KRDMDE0626P36.00;KRDMD_06/2026_AVRUPA_OPSIYON;D_EQ;SSO;D_EQ_EPP;DE_KRDMD_EPP;KRDMD.E;2026-06-30;0.48;0.44;9.09;0;0;0;0;0;0;0;0;0;0;0;;;;;
2026-05-06;O_KRDMDE0626P37.00;KRDMD_06/2026_AVRUPA_OPSIYON;D_EQ;SSO;D_EQ_EPP;DE_KRDMD_EPP;KRDMD.E;2026-06-30;0.67;0.61;9.84;0;0;0;0;0;0;0;0;0;0;0;;;;;
2026-05-06;O_KRDMDE0626P38.00;KRDMD_06/2026_AVRUPA_OPSIYON;D_EQ;SSO;D_EQ_EPP;DE_KRDMD_EPP;KRDMD.E;2026-06-30;0.91;0.83;9.64;0;0;0;0;0;0;0;0;0;0;0;;;;;
2026-05-06;O_KRDMDE0626P39.00;KRDMD_06/2026_AVRUPA_OPSIYON;D_EQ;SSO;D_EQ_EPP;DE_KRDMD_EPP;KRDMD.E;2026-06-30;1.2;1.1;9.09;0;0;0;0;0;0;0;0;0;0;0;;;;;
2026-05-06;O_KRDMDE0626P40.00;KRDMD_06/2026_AVRUPA_OPSIYON;D_EQ;SSO;D_EQ_EPP;DE_KRDMD_EPP;KRDMD.E;2026-06-30;1.55;1.43;8.39;0;0;0;0;0;0;0;0;0;0;0;;;;;
2026-05-06;O_KRDMDE0626P41.00;KRDMD_06/2026_AVRUPA_OPSIYON;D_EQ;SSO;D_EQ_EPP;DE_KRDMD_EPP;KRDMD.E;2026-06-30;1.95;1.81;7.73;0;0;0;0;0;0;0;0;0;0;0;;;;;
2026-05-06;O_KRDMDE0626P42.00;KRDMD_06/2026_AVRUPA_OPSIYON;D_EQ;SSO;D_EQ_EPP;DE_KRDMD_EPP;KRDMD.E;2026-06-30;2.41;2.24;7.59;0;0;0;0;0;0;0;0;0;75;0;;;;;
2026-05-06;O_KRDMDE0626P43.00;KRDMD_06/2026_AVRUPA_OPSIYON;D_EQ;SSO;D_EQ_EPP;DE_KRDMD_EPP;KRDMD.E;2026-06-30;2.92;;0;0;0;0;0;0;0;0;0;0;0;0;;;;;
2026-05-06;O_KRDMDE0626P44.00;KRDMD_06/2026_AVRUPA_OPSIYON;D_EQ;SSO;D_EQ_EPP;DE_KRDMD_EPP;KRDMD.E;2026-06-30;3.49;;0;0;0;0;0;0;0;0;0;0;0;0;;;;;
2026-05-06;O_KRDMDE0726C41.00;KRDMD_07/2026_AVRUPA_OPSIYON;D_EQ;SSO;D_EQ_ECP;DE_KRDMD_ECP;KRDMD.E;2026-07-31;4.85;5.16;-6.01;0;0;0;0;0;0;0;0;0;0;0;;;;;
2026-05-06;O_KRDMDE0726C42.00;KRDMD_07/2026_AVRUPA_OPSIYON;D_EQ;SSO;D_EQ_ECP;DE_KRDMD_ECP;KRDMD.E;2026-07-31;4.31;4.6;-6.3;0;0;0;0;0;0;0;0;0;0;0;;;;;
2026-05-06;O_KRDMDE0726C43.00;KRDMD_07/2026_AVRUPA_OPSIYON;D_EQ;SSO;D_EQ_ECP;DE_KRDMD_ECP;KRDMD.E;2026-07-31;3.82;4.09;-6.6;0;0;0;0;0;0;0;0;0;0;0;;;;;
2026-05-06;O_KRDMDE0726C44.00;KRDMD_07/2026_AVRUPA_OPSIYON;D_EQ;SSO;D_EQ_ECP;DE_KRDMD_ECP;KRDMD.E;2026-07-31;3.36;3.62;-7.18;0;0;0;0;0;0;0;0;0;0;0;;;;;
2026-05-06;O_KRDMDE0726C45.00;KRDMD_07/2026_AVRUPA_OPSIYON;D_EQ;SSO;D_EQ_ECP;DE_KRDMD_ECP;KRDMD.E;2026-07-31;2.95;3.19;-7.52;0;0;0;0;0;0;0;0;0;0;0;;;;;
2026-05-06;O_KRDMDE0726C46.00;KRDMD_07/2026_AVRUPA_OPSIYON;D_EQ;SSO;D_EQ_ECP;DE_KRDMD_ECP;KRDMD.E;2026-07-31;2.58;2.8;-7.86;0;0;0;0;0;0;0;0;0;0;0;;;;;
2026-05-06;O_KRDMDE0726C47.00;KRDMD_07/2026_AVRUPA_OPSIYON;D_EQ;SSO;D_EQ_ECP;DE_KRDMD_ECP;KRDMD.E;2026-07-31;2.24;2.45;-8.57;0;0;0;0;0;0;0;0;0;0;0;;;;;
2026-05-06;O_KRDMDE0726C48.00;KRDMD_07/2026_AVRUPA_OPSIYON;D_EQ;SSO;D_EQ_ECP;DE_KRDMD_ECP;KRDMD.E;2026-07-31;1.94;2.13;-8.92;0;0;0;0;0;0;0;0;0;0;0;;;;;
2026-05-06;O_KRDMDE0726C49.00;KRDMD_07/2026_AVRUPA_OPSIYON;D_EQ;SSO;D_EQ_ECP;DE_KRDMD_ECP;KRDMD.E;2026-07-31;1.68;;0;0;0;0;0;0;0;0;0;0;0;0;;;;;
2026-05-06;O_KRDMDE0726C50.00;KRDMD_07/2026_AVRUPA_OPSIYON;D_EQ;SSO;D_EQ_ECP;DE_KRDMD_ECP;KRDMD.E;2026-07-31;1.44;;0;0;0;0;0;0;0;0;0;0;0;0;;;;;
2026-05-06;O_KRDMDE0726P36.00;KRDMD_07/2026_AVRUPA_OPSIYON;D_EQ;SSO;D_EQ_EPP;DE_KRDMD_EPP;KRDMD.E;2026-07-31;0.53;0.49;8.16;0;0;0;0;0;0;0;0;0;0;0;;;;;
2026-05-06;O_KRDMDE0726P37.00;KRDMD_07/2026_AVRUPA_OPSIYON;D_EQ;SSO;D_EQ_EPP;DE_KRDMD_EPP;KRDMD.E;2026-07-31;0.7;0.64;9.38;0;0;0;0;0;0;0;0;0;0;0;;;;;
2026-05-06;O_KRDMDE0726P38.00;KRDMD_07/2026_AVRUPA_OPSIYON;D_EQ;SSO;D_EQ_EPP;DE_KRDMD_EPP;KRDMD.E;2026-07-31;0.9;0.83;8.43;0;0;0;0;0;0;0;0;0;0;0;;;;;
2026-05-06;O_KRDMDE0726P39.00;KRDMD_07/2026_AVRUPA_OPSIYON;D_EQ;SSO;D_EQ_EPP;DE_KRDMD_EPP;KRDMD.E;2026-07-31;1.14;1.05;8.57;0;0;0;0;0;0;0;0;0;0;0;;;;;
2026-05-06;O_KRDMDE0726P40.00;KRDMD_07/2026_AVRUPA_OPSIYON;D_EQ;SSO;D_EQ_EPP;DE_KRDMD_EPP;KRDMD.E;2026-07-31;1.41;1.32;6.82;0;0;0;0;0;0;0;0;0;0;0;;;;;
2026-05-06;O_KRDMDE0726P41.00;KRDMD_07/2026_AVRUPA_OPSIYON;D_EQ;SSO;D_EQ_EPP;DE_KRDMD_EPP;KRDMD.E;2026-07-31;1.73;1.62;6.79;0;0;0;0;0;0;0;0;0;0;0;;;;;
2026-05-06;O_KRDMDE0726P42.00;KRDMD_07/2026_AVRUPA_OPSIYON;D_EQ;SSO;D_EQ_EPP;DE_KRDMD_EPP;KRDMD.E;2026-07-31;2.1;1.96;7.14;0;0;0;0;0;0;0;0;0;0;0;;;;;
2026-05-06;O_KRDMDE0726P43.00;KRDMD_07/2026_AVRUPA_OPSIYON;D_EQ;SSO;D_EQ_EPP;DE_KRDMD_EPP;KRDMD.E;2026-07-31;2.5;2.35;6.38;0;0;0;0;0;0;0;0;0;0;0;;;;;
2026-05-06;O_KRDMDE0726P44.00;KRDMD_07/2026_AVRUPA_OPSIYON;D_EQ;SSO;D_EQ_EPP;DE_KRDMD_EPP;KRDMD.E;2026-07-31;2.94;;0;0;0;0;0;0;0;0;0;0;0;0;;;;;
2026-05-06;O_KRDMDE0726P45.00;KRDMD_07/2026_AVRUPA_OPSIYON;D_EQ;SSO;D_EQ_EPP;DE_KRDMD_EPP;KRDMD.E;2026-07-31;3.43;;0;0;0;0;0;0;0;0;0;0;0;0;;;;;
2026-05-06;O_PETKME0526C18.00;PETKM_05/2026_AVRUPA_OPSIYON;D_EQ;SSO;D_EQ_ECP;DE_PETKM_ECP;PETKM.E;2026-05-25;6.47;6.49;-0.31;0;0;0;0;0;0;0;0;0;0;0;;;;;
2026-05-06;O_PETKME0526C18.50;PETKM_05/2026_AVRUPA_OPSIYON;D_EQ;SSO;D_EQ_ECP;DE_PETKM_ECP;PETKM.E;2026-05-25;5.99;6;-0.17;0;0;0;0;0;0;0;0;0;0;0;;;;;
2026-05-06;O_PETKME0526C19.00;PETKM_05/2026_AVRUPA_OPSIYON;D_EQ;SSO;D_EQ_ECP;DE_PETKM_ECP;PETKM.E;2026-05-25;5.5;5.52;-0.36;0;0;0;0;0;0;0;0;0;1;0;;;;;
2026-05-06;O_PETKME0526C19.50;PETKM_05/2026_AVRUPA_OPSIYON;D_EQ;SSO;D_EQ_ECP;DE_PETKM_ECP;PETKM.E;2026-05-25;5.01;5.04;-0.6;0;0;0;0;0;0;0;0;0;0;0;;;;;
2026-05-06;O_PETKME0526C20.00;PETKM_05/2026_AVRUPA_OPSIYON;D_EQ;SSO;D_EQ_ECP;DE_PETKM_ECP;PETKM.E;2026-05-25;4.54;4.56;-0.44;0;0;0;0;0;0;0;0;0;1;0;;;;;
2026-05-06;O_PETKME0526C20.50;PETKM_05/2026_AVRUPA_OPSIYON;D_EQ;SSO;D_EQ_ECP;DE_PETKM_ECP;PETKM.E;2026-05-25;4.07;4.09;-0.49;0;0;0;0;0;0;0;0;0;2;0;;;;;
2026-05-06;O_PETKME0526C21.00;PETKM_05/2026_AVRUPA_OPSIYON;D_EQ;SSO;D_EQ_ECP;DE_PETKM_ECP;PETKM.E;2026-05-25;3.61;3.63;-0.55;0;0;0;0;0;0;0;0;0;1;0;;;;;
2026-05-06;O_PETKME0526C21.50;PETKM_05/2026_AVRUPA_OPSIYON;D_EQ;SSO;D_EQ_ECP;DE_PETKM_ECP;PETKM.E;2026-05-25;3.16;3.19;-0.94;0;0;0;0;0;0;0;0;0;2;0;;;;;
2026-05-06;O_PETKME0526C22.00;PETKM_05/2026_AVRUPA_OPSIYON;D_EQ;SSO;D_EQ_ECP;DE_PETKM_ECP;PETKM.E;2026-05-25;2.74;2.77;-1.08;0;0;0;0;0;0;0;0;0;100;0;;;;;
2026-05-06;O_PETKME0526C22.50;PETKM_05/2026_AVRUPA_OPSIYON;D_EQ;SSO;D_EQ_ECP;DE_PETKM_ECP;PETKM.E;2026-05-25;2.34;2.37;-1.27;0;0;0;0;0;0;0;0;0;101;0;;;;;
2026-05-06;O_PETKME0526C23.00;PETKM_05/2026_AVRUPA_OPSIYON;D_EQ;SSO;D_EQ_ECP;DE_PETKM_ECP;PETKM.E;2026-05-25;1.98;2.01;-1.49;1.67;1.49;1.93;1.93;1.8;4535600;354350;1972;17;794;794;;;;;
2026-05-06;O_PETKME0526C23.50;PETKM_05/2026_AVRUPA_OPSIYON;D_EQ;SSO;D_EQ_ECP;DE_PETKM_ECP;PETKM.E;2026-05-25;1.64;1.67;-1.8;1.36;1.2;1.57;1.57;1.45;2267750;140140;965;8;466;465;;;;;
2026-05-06;O_PETKME0526C24.00;PETKM_05/2026_AVRUPA_OPSIYON;D_EQ;SSO;D_EQ_ECP;DE_PETKM_ECP;PETKM.E;2026-05-25;1.35;1.38;-2.17;1.24;1.24;1.35;1.35;1.28;720000;38300;300;3;200;200;;;;;
2026-05-06;O_PETKME0526C24.50;PETKM_05/2026_AVRUPA_OPSIYON;D_EQ;SSO;D_EQ_ECP;DE_PETKM_ECP;PETKM.E;2026-05-25;1.09;1.11;-1.8;1.07;1.07;1.07;1.07;1.07;245000;10700;100;1;0;0;;;;;
2026-05-06;O_PETKME0526C25.00;PETKM_05/2026_AVRUPA_OPSIYON;D_EQ;SSO;D_EQ_ECP;DE_PETKM_ECP;PETKM.E;2026-05-25;0.86;0.89;-3.37;1.08;0.54;1.14;0.65;0.92;247500;9145;99;99;11631;-1;;;;;
2026-05-06;O_PETKME0526C26.00;PETKM_05/2026_AVRUPA_OPSIYON;D_EQ;SSO;D_EQ_ECP;DE_PETKM_ECP;PETKM.E;2026-05-25;0.52;0.54;-3.7;0.32;0.32;0.4;0.4;0.32;262600;3240;101;2;3183;99;;;;;
2026-05-06;O_PETKME0526C27.00;PETKM_05/2026_AVRUPA_OPSIYON;D_EQ;SSO;D_EQ_ECP;DE_PETKM_ECP;PETKM.E;2026-05-25;0.29;0.31;-6.45;0;0;0;0;0;0;0;0;0;718;0;;;;;
2026-05-06;O_PETKME0526C28.00;PETKM_05/2026_AVRUPA_OPSIYON;D_EQ;SSO;D_EQ_ECP;DE_PETKM_ECP;PETKM.E;2026-05-25;0.16;0.17;-5.88;0;0;0;0;0;0;0;0;0;1149;0;;;;;
2026-05-06;O_PETKME0526C29.00;PETKM_05/2026_AVRUPA_OPSIYON;D_EQ;SSO;D_EQ_ECP;DE_PETKM_ECP;PETKM.E;2026-05-25;0.08;0.09;-11.11;0;0;0;0;0;0;0;0;0;240;0;;;;;
2026-05-06;O_PETKME0526C30.00;PETKM_05/2026_AVRUPA_OPSIYON;D_EQ;SSO;D_EQ_ECP;DE_PETKM_ECP;PETKM.E;2026-05-25;0.04;0.04;0;0;0;0;0;0;0;0;0;0;0;0;;;;;
2026-05-06;O_PETKME0526C31.00;PETKM_05/2026_AVRUPA_OPSIYON;D_EQ;SSO;D_EQ_ECP;DE_PETKM_ECP;PETKM.E;2026-05-25;0.02;0.02;0;0;0;0;0;0;0;0;0;0;0;0;;;;;
2026-05-06;O_PETKME0526C32.00;PETKM_05/2026_AVRUPA_OPSIYON;D_EQ;SSO;D_EQ_ECP;DE_PETKM_ECP;PETKM.E;2026-05-25;0.01;0.01;0;0;0;0;0;0;0;0;0;0;0;0;;;;;
2026-05-06;O_PETKME0526P15.50;PETKM_05/2026_AVRUPA_OPSIYON;D_EQ;SSO;D_EQ_EPP;DE_PETKM_EPP;PETKM.E;2026-05-25;0.01;0.01;0;0;0;0;0;0;0;0;0;0;0;0;;;;;
2026-05-06;O_PETKME0526P16.00;PETKM_05/2026_AVRUPA_OPSIYON;D_EQ;SSO;D_EQ_EPP;DE_PETKM_EPP;PETKM.E;2026-05-25;0.01;0.01;0;0;0;0;0;0;0;0;0;0;0;0;;;;;
2026-05-06;O_PETKME0526P16.50;PETKM_05/2026_AVRUPA_OPSIYON;D_EQ;SSO;D_EQ_EPP;DE_PETKM_EPP;PETKM.E;2026-05-25;0.01;0.01;0;0;0;0;0;0;0;0;0;0;0;0;;;;;
2026-05-06;O_PETKME0526P17.00;PETKM_05/2026_AVRUPA_OPSIYON;D_EQ;SSO;D_EQ_EPP;DE_PETKM_EPP;PETKM.E;2026-05-25;0.01;0.01;0;0;0;0;0;0;0;0;0;0;0;0;;;;;
2026-05-06;O_PETKME0526P17.50;PETKM_05/2026_AVRUPA_OPSIYON;D_EQ;SSO;D_EQ_EPP;DE_PETKM_EPP;PETKM.E;2026-05-25;0.01;0.01;0;0;0;0;0;0;0;0;0;0;0;0;;;;;
2026-05-06;O_PETKME0526P18.00;PETKM_05/2026_AVRUPA_OPSIYON;D_EQ;SSO;D_EQ_EPP;DE_PETKM_EPP;PETKM.E;2026-05-25;0.01;0.01;0;0;0;0;0;0;0;0;0;0;0;0;;;;;
2026-05-06;O_PETKME0526P18.50;PETKM_05/2026_AVRUPA_OPSIYON;D_EQ;SSO;D_EQ_EPP;DE_PETKM_EPP;PETKM.E;2026-05-25;0.01;0.01;0;0;0;0;0;0;0;0;0;0;0;0;;;;;
2026-05-06;O_PETKME0526P19.00;PETKM_05/2026_AVRUPA_OPSIYON;D_EQ;SSO;D_EQ_EPP;DE_PETKM_EPP;PETKM.E;2026-05-25;0.01;0.01;0;0;0;0;0;0;0;0;0;0;0;0;;;;;
2026-05-06;O_PETKME0526P19.50;PETKM_05/2026_AVRUPA_OPSIYON;D_EQ;SSO;D_EQ_EPP;DE_PETKM_EPP;PETKM.E;2026-05-25;0.01;0.01;0;0;0;0;0;0;0;0;0;0;0;0;;;;;
2026-05-06;O_PETKME0526P20.00;PETKM_05/2026_AVRUPA_OPSIYON;D_EQ;SSO;D_EQ_EPP;DE_PETKM_EPP;PETKM.E;2026-05-25;0.02;0.03;-33.33;0;0;0;0;0;0;0;0;0;246;0;;;;;
2026-05-06;O_PETKME0526P20.50;PETKM_05/2026_AVRUPA_OPSIYON;D_EQ;SSO;D_EQ_EPP;DE_PETKM_EPP;PETKM.E;2026-05-25;0.04;0.05;-20;0;0;0;0;0;0;0;0;0;799;0;;;;;
2026-05-06;O_PETKME0526P21.00;PETKM_05/2026_AVRUPA_OPSIYON;D_EQ;SSO;D_EQ_EPP;DE_PETKM_EPP;PETKM.E;2026-05-25;0.08;0.08;0;0.11;0.11;0.12;0.11;0.11;6300;34;3;3;8;3;;;;;
2026-05-06;O_PETKME0526P21.50;PETKM_05/2026_AVRUPA_OPSIYON;D_EQ;SSO;D_EQ_EPP;DE_PETKM_EPP;PETKM.E;2026-05-25;0.12;0.13;-7.69;0.15;0.15;0.19;0.19;0.17;12900;102;6;6;330;6;;;;;
2026-05-06;O_PETKME0526P22.00;PETKM_05/2026_AVRUPA_OPSIYON;D_EQ;SSO;D_EQ_EPP;DE_PETKM_EPP;PETKM.E;2026-05-25;0.19;0.2;-5;0.24;0.24;0.24;0.24;0.24;323400;3528;147;1;255;147;;;;;
2026-05-06;O_PETKME0526P22.50;PETKM_05/2026_AVRUPA_OPSIYON;D_EQ;SSO;D_EQ_EPP;DE_PETKM_EPP;PETKM.E;2026-05-25;0.28;0.29;-3.45;0;0;0;0;0;0;0;0;0;214;0;;;;;
2026-05-06;O_PETKME0526P23.00;PETKM_05/2026_AVRUPA_OPSIYON;D_EQ;SSO;D_EQ_EPP;DE_PETKM_EPP;PETKM.E;2026-05-25;0.41;0.41;0;0.43;0.43;0.43;0.43;0.43;2300;43;1;1;5000;0;;;;;
2026-05-06;O_PETKME0526P23.50;PETKM_05/2026_AVRUPA_OPSIYON;D_EQ;SSO;D_EQ_EPP;DE_PETKM_EPP;PETKM.E;2026-05-25;0.56;0.57;-1.75;0;0;0;0;0;0;0;0;0;100;0;;;;;
2026-05-06;O_PETKME0526P24.00;PETKM_05/2026_AVRUPA_OPSIYON;D_EQ;SSO;D_EQ_EPP;DE_PETKM_EPP;PETKM.E;2026-05-25;0.76;0.76;0;0.89;0.89;0.89;0.89;0.89;480000;17800;200;2;500;200;;;;;
2026-05-06;O_PETKME0526P24.50;PETKM_05/2026_AVRUPA_OPSIYON;D_EQ;SSO;D_EQ_EPP;DE_PETKM_EPP;PETKM.E;2026-05-25;0.99;0.99;0;0;0;0;0;0;0;0;0;0;0;0;;;;;
2026-05-06;O_PETKME0526P25.00;PETKM_05/2026_AVRUPA_OPSIYON;D_EQ;SSO;D_EQ_EPP;DE_PETKM_EPP;PETKM.E;2026-05-25;1.25;1.25;0;1.23;1.23;1.23;1.23;1.23;500000;24600;200;2;200;200;;;;;
2026-05-06;O_PETKME0526P26.00;PETKM_05/2026_AVRUPA_OPSIYON;D_EQ;SSO;D_EQ_EPP;DE_PETKM_EPP;PETKM.E;2026-05-25;1.89;1.89;0;0;0;0;0;0;0;0;0;0;100;0;;;;;
2026-05-06;O_PETKME0526P27.00;PETKM_05/2026_AVRUPA_OPSIYON;D_EQ;SSO;D_EQ_EPP;DE_PETKM_EPP;PETKM.E;2026-05-25;2.64;2.63;0.38;0;0;0;0;0;0;0;0;0;0;0;;;;;
2026-05-06;O_PETKME0626C21.50;PETKM_06/2026_AVRUPA_OPSIYON;D_EQ;SSO;D_EQ_ECP;DE_PETKM_ECP;PETKM.E;2026-06-30;4.19;4.21;-0.48;0;0;0;0;0;0;0;0;0;0;0;;;;;
2026-05-06;O_PETKME0626C22.00;PETKM_06/2026_AVRUPA_OPSIYON;D_EQ;SSO;D_EQ_ECP;DE_PETKM_ECP;PETKM.E;2026-06-30;3.83;3.84;-0.26;0;0;0;0;0;0;0;0;0;0;0;;;;;
2026-05-06;O_PETKME0626C22.50;PETKM_06/2026_AVRUPA_OPSIYON;D_EQ;SSO;D_EQ_ECP;DE_PETKM_ECP;PETKM.E;2026-06-30;3.47;3.49;-0.57;0;0;0;0;0;0;0;0;0;0;0;;;;;
2026-05-06;O_PETKME0626C23.00;PETKM_06/2026_AVRUPA_OPSIYON;D_EQ;SSO;D_EQ_ECP;DE_PETKM_ECP;PETKM.E;2026-06-30;3.14;3.16;-0.63;0;0;0;0;0;0;0;0;0;200;0;;;;;
2026-05-06;O_PETKME0626C23.50;PETKM_06/2026_AVRUPA_OPSIYON;D_EQ;SSO;D_EQ_ECP;DE_PETKM_ECP;PETKM.E;2026-06-30;2.83;2.84;-0.35;0;0;0;0;0;0;0;0;0;0;0;;;;;
2026-05-06;O_PETKME0626C24.00;PETKM_06/2026_AVRUPA_OPSIYON;D_EQ;SSO;D_EQ_ECP;DE_PETKM_ECP;PETKM.E;2026-06-30;2.53;2.55;-0.78;0;0;0;0;0;0;0;0;0;0;0;;;;;
2026-05-06;O_PETKME0626C24.50;PETKM_06/2026_AVRUPA_OPSIYON;D_EQ;SSO;D_EQ_ECP;DE_PETKM_ECP;PETKM.E;2026-06-30;2.26;2.28;-0.88;0;0;0;0;0;0;0;0;0;0;0;;;;;
2026-05-06;O_PETKME0626C25.00;PETKM_06/2026_AVRUPA_OPSIYON;D_EQ;SSO;D_EQ_ECP;DE_PETKM_ECP;PETKM.E;2026-06-30;2.01;2.02;-0.5;0;0;0;0;0;0;0;0;0;0;0;;;;;
2026-05-06;O_PETKME0626C26.00;PETKM_06/2026_AVRUPA_OPSIYON;D_EQ;SSO;D_EQ_ECP;DE_PETKM_ECP;PETKM.E;2026-06-30;1.57;1.58;-0.63;0;0;0;0;0;0;0;0;0;0;0;;;;;
2026-05-06;O_PETKME0626C27.00;PETKM_06/2026_AVRUPA_OPSIYON;D_EQ;SSO;D_EQ_ECP;DE_PETKM_ECP;PETKM.E;2026-06-30;1.21;1.22;-0.82;0;0;0;0;0;0;0;0;0;5000;0;;;;;
2026-05-06;O_PETKME0626C28.00;PETKM_06/2026_AVRUPA_OPSIYON;D_EQ;SSO;D_EQ_ECP;DE_PETKM_ECP;PETKM.E;2026-06-30;0.91;0.92;-1.09;0;0;0;0;0;0;0;0;0;0;0;;;;;
2026-05-06;O_PETKME0626C29.00;PETKM_06/2026_AVRUPA_OPSIYON;D_EQ;SSO;D_EQ_ECP;DE_PETKM_ECP;PETKM.E;2026-06-30;0.68;0.69;-1.45;0.35;0.3;0.44;0.3;0.38;14500;191;5;5;6;5;;;;;
2026-05-06;O_PETKME0626C30.00;PETKM_06/2026_AVRUPA_OPSIYON;D_EQ;SSO;D_EQ_ECP;DE_PETKM_ECP;PETKM.E;2026-06-30;0.5;0.51;-1.96;0.27;0.19;0.28;0.2;0.25;18000;149;6;6;6;6;;;;;
2026-05-06;O_PETKME0626C31.00;PETKM_06/2026_AVRUPA_OPSIYON;D_EQ;SSO;D_EQ_ECP;DE_PETKM_ECP;PETKM.E;2026-06-30;0.36;0.37;-2.7;0;0;0;0;0;0;0;0;0;0;0;;;;;
2026-05-06;O_PETKME0626C32.00;PETKM_06/2026_AVRUPA_OPSIYON;D_EQ;SSO;D_EQ_ECP;DE_PETKM_ECP;PETKM.E;2026-06-30;0.26;0.26;0;0;0;0;0;0;0;0;0;0;0;0;;;;;
2026-05-06;O_PETKME0626C33.00;PETKM_06/2026_AVRUPA_OPSIYON;D_EQ;SSO;D_EQ_ECP;DE_PETKM_ECP;PETKM.E;2026-06-30;0.19;0.19;0;0;0;0;0;0;0;0;0;0;0;0;;;;;
2026-05-06;O_PETKME0626P19.00;PETKM_06/2026_AVRUPA_OPSIYON;D_EQ;SSO;D_EQ_EPP;DE_PETKM_EPP;PETKM.E;2026-06-30;0.09;0.08;12.5;0;0;0;0;0;0;0;0;0;0;0;;;;;
2026-05-06;O_PETKME0626P19.50;PETKM_06/2026_AVRUPA_OPSIYON;D_EQ;SSO;D_EQ_EPP;DE_PETKM_EPP;PETKM.E;2026-06-30;0.12;0.12;0;0;0;0;0;0;0;0;0;0;0;0;;;;;
2026-05-06;O_PETKME0626P20.00;PETKM_06/2026_AVRUPA_OPSIYON;D_EQ;SSO;D_EQ_EPP;DE_PETKM_EPP;PETKM.E;2026-06-30;0.17;0.16;6.25;0;0;0;0;0;0;0;0;0;0;0;;;;;
2026-05-06;O_PETKME0626P20.50;PETKM_06/2026_AVRUPA_OPSIYON;D_EQ;SSO;D_EQ_EPP;DE_PETKM_EPP;PETKM.E;2026-06-30;0.22;0.22;0;0;0;0;0;0;0;0;0;0;0;0;;;;;
2026-05-06;O_PETKME0626P21.00;PETKM_06/2026_AVRUPA_OPSIYON;D_EQ;SSO;D_EQ_EPP;DE_PETKM_EPP;PETKM.E;2026-06-30;0.29;0.29;0;0;0;0;0;0;0;0;0;0;0;0;;;;;
2026-05-06;O_PETKME0626P21.50;PETKM_06/2026_AVRUPA_OPSIYON;D_EQ;SSO;D_EQ_EPP;DE_PETKM_EPP;PETKM.E;2026-06-30;0.38;0.37;2.7;0;0;0;0;0;0;0;0;0;0;0;;;;;
2026-05-06;O_PETKME0626P22.00;PETKM_06/2026_AVRUPA_OPSIYON;D_EQ;SSO;D_EQ_EPP;DE_PETKM_EPP;PETKM.E;2026-06-30;0.48;0.48;0;0;0;0;0;0;0;0;0;0;0;0;;;;;
2026-05-06;O_PETKME0626P22.50;PETKM_06/2026_AVRUPA_OPSIYON;D_EQ;SSO;D_EQ_EPP;DE_PETKM_EPP;PETKM.E;2026-06-30;0.6;0.59;1.69;0;0;0;0;0;0;0;0;0;0;0;;;;;
2026-05-06;O_PETKME0626P23.00;PETKM_06/2026_AVRUPA_OPSIYON;D_EQ;SSO;D_EQ_EPP;DE_PETKM_EPP;PETKM.E;2026-06-30;0.74;0.73;1.37;0;0;0;0;0;0;0;0;0;0;0;;;;;
2026-05-06;O_PETKME0626P23.50;PETKM_06/2026_AVRUPA_OPSIYON;D_EQ;SSO;D_EQ_EPP;DE_PETKM_EPP;PETKM.E;2026-06-30;0.9;0.89;1.12;0;0;0;0;0;0;0;0;0;0;0;;;;;
2026-05-06;O_PETKME0626P24.00;PETKM_06/2026_AVRUPA_OPSIYON;D_EQ;SSO;D_EQ_EPP;DE_PETKM_EPP;PETKM.E;2026-06-30;1.08;1.07;0.93;0;0;0;0;0;0;0;0;0;0;0;;;;;
2026-05-06;O_PETKME0626P24.50;PETKM_06/2026_AVRUPA_OPSIYON;D_EQ;SSO;D_EQ_EPP;DE_PETKM_EPP;PETKM.E;2026-06-30;1.28;1.27;0.79;0;0;0;0;0;0;0;0;0;0;0;;;;;
2026-05-06;O_PETKME0626P25.00;PETKM_06/2026_AVRUPA_OPSIYON;D_EQ;SSO;D_EQ_EPP;DE_PETKM_EPP;PETKM.E;2026-06-30;1.5;1.49;0.67;0;0;0;0;0;0;0;0;0;0;0;;;;;
2026-05-06;O_PETKME0626P26.00;PETKM_06/2026_AVRUPA_OPSIYON;D_EQ;SSO;D_EQ_EPP;DE_PETKM_EPP;PETKM.E;2026-06-30;2;1.99;0.5;0;0;0;0;0;0;0;0;0;0;0;;;;;
2026-05-06;O_PETKME0626P27.00;PETKM_06/2026_AVRUPA_OPSIYON;D_EQ;SSO;D_EQ_EPP;DE_PETKM_EPP;PETKM.E;2026-06-30;2.58;2.57;0.39;2.66;2.66;2.66;2.66;2.66;421200;41496;156;1;156;156;;;;;
2026-05-06;O_PETKME0626P28.00;PETKM_06/2026_AVRUPA_OPSIYON;D_EQ;SSO;D_EQ_EPP;DE_PETKM_EPP;PETKM.E;2026-06-30;3.23;3.21;0.62;0;0;0;0;0;0;0;0;0;0;0;;;;;
2026-05-06;O_PETKME0726C25.00;PETKM_07/2026_AVRUPA_OPSIYON;D_EQ;SSO;D_EQ_ECP;DE_PETKM_ECP;PETKM.E;2026-07-31;3.07;3.08;-0.32;0;0;0;0;0;0;0;0;0;0;0;;;;;
2026-05-06;O_PETKME0726C26.00;PETKM_07/2026_AVRUPA_OPSIYON;D_EQ;SSO;D_EQ_ECP;DE_PETKM_ECP;PETKM.E;2026-07-31;2.58;2.59;-0.39;0;0;0;0;0;0;0;0;0;0;0;;;;;
2026-05-06;O_PETKME0726C27.00;PETKM_07/2026_AVRUPA_OPSIYON;D_EQ;SSO;D_EQ_ECP;DE_PETKM_ECP;PETKM.E;2026-07-31;2.15;2.16;-0.46;0;0;0;0;0;0;0;0;0;0;0;;;;;
2026-05-06;O_PETKME0726C28.00;PETKM_07/2026_AVRUPA_OPSIYON;D_EQ;SSO;D_EQ_ECP;DE_PETKM_ECP;PETKM.E;2026-07-31;1.78;1.79;-0.56;0;0;0;0;0;0;0;0;0;0;0;;;;;
2026-05-06;O_PETKME0726C29.00;PETKM_07/2026_AVRUPA_OPSIYON;D_EQ;SSO;D_EQ_ECP;DE_PETKM_ECP;PETKM.E;2026-07-31;1.46;1.47;-0.68;0;0;0;0;0;0;0;0;0;0;0;;;;;
2026-05-06;O_PETKME0726C30.00;PETKM_07/2026_AVRUPA_OPSIYON;D_EQ;SSO;D_EQ_ECP;DE_PETKM_ECP;PETKM.E;2026-07-31;1.19;1.19;0;0;0;0;0;0;0;0;0;0;0;0;;;;;
2026-05-06;O_PETKME0726C31.00;PETKM_07/2026_AVRUPA_OPSIYON;D_EQ;SSO;D_EQ_ECP;DE_PETKM_ECP;PETKM.E;2026-07-31;0.96;0.97;-1.03;0;0;0;0;0;0;0;0;0;0;0;;;;;
2026-05-06;O_PETKME0726C32.00;PETKM_07/2026_AVRUPA_OPSIYON;D_EQ;SSO;D_EQ_ECP;DE_PETKM_ECP;PETKM.E;2026-07-31;0.78;0.78;0;0;0;0;0;0;0;0;0;0;0;0;;;;;
2026-05-06;O_PETKME0726P22.50;PETKM_07/2026_AVRUPA_OPSIYON;D_EQ;SSO;D_EQ_EPP;DE_PETKM_EPP;PETKM.E;2026-07-31;0.63;0.62;1.61;0;0;0;0;0;0;0;0;0;0;0;;;;;
2026-05-06;O_PETKME0726P23.00;PETKM_07/2026_AVRUPA_OPSIYON;D_EQ;SSO;D_EQ_EPP;DE_PETKM_EPP;PETKM.E;2026-07-31;0.75;0.74;1.35;0;0;0;0;0;0;0;0;0;0;0;;;;;
2026-05-06;O_PETKME0726P23.50;PETKM_07/2026_AVRUPA_OPSIYON;D_EQ;SSO;D_EQ_EPP;DE_PETKM_EPP;PETKM.E;2026-07-31;0.89;0.87;2.3;0;0;0;0;0;0;0;0;0;0;0;;;;;
2026-05-06;O_PETKME0726P24.00;PETKM_07/2026_AVRUPA_OPSIYON;D_EQ;SSO;D_EQ_EPP;DE_PETKM_EPP;PETKM.E;2026-07-31;1.04;1.02;1.96;0;0;0;0;0;0;0;0;0;0;0;;;;;
2026-05-06;O_PETKME0726P24.50;PETKM_07/2026_AVRUPA_OPSIYON;D_EQ;SSO;D_EQ_EPP;DE_PETKM_EPP;PETKM.E;2026-07-31;1.21;1.19;1.68;0;0;0;0;0;0;0;0;0;0;0;;;;;
2026-05-06;O_PETKME0726P25.00;PETKM_07/2026_AVRUPA_OPSIYON;D_EQ;SSO;D_EQ_EPP;DE_PETKM_EPP;PETKM.E;2026-07-31;1.39;1.37;1.46;0;0;0;0;0;0;0;0;0;0;0;;;;;
2026-05-06;O_PETKME0726P26.00;PETKM_07/2026_AVRUPA_OPSIYON;D_EQ;SSO;D_EQ_EPP;DE_PETKM_EPP;PETKM.E;2026-07-31;1.79;1.77;1.13;0;0;0;0;0;0;0;0;0;0;0;;;;;
2026-05-06;O_PETKME0726P27.00;PETKM_07/2026_AVRUPA_OPSIYON;D_EQ;SSO;D_EQ_EPP;DE_PETKM_EPP;PETKM.E;2026-07-31;2.26;2.24;0.89;0;0;0;0;0;0;0;0;0;0;0;;;;;
2026-05-06;O_PGSUSE0526C175.00;PGSUS_05/2026_AVRUPA_OPSIYON;D_EQ;SSO;D_EQ_ECP;DE_PGSUS_ECP;PGSUS.E;2026-05-25;14.47;;0;15.09;15.09;15.09;15.09;15.09;1400000;120720;80;8;80;80;;;;;
2026-05-06;O_PGSUSE0526C180.00;PGSUS_05/2026_AVRUPA_OPSIYON;D_EQ;SSO;D_EQ_ECP;DE_PGSUS_ECP;PGSUS.E;2026-05-25;10.88;7.46;45.84;11.1;11.1;11.1;11.1;11.1;1440000;88800;80;8;250;0;;;;;
2026-05-06;O_PGSUSE0526C185.00;PGSUS_05/2026_AVRUPA_OPSIYON;D_EQ;SSO;D_EQ_ECP;DE_PGSUS_ECP;PGSUS.E;2026-05-25;7.85;5.1;53.92;0;0;0;0;0;0;0;0;0;10;0;;;;;
2026-05-06;O_PGSUSE0526C190.00;PGSUS_05/2026_AVRUPA_OPSIYON;D_EQ;SSO;D_EQ_ECP;DE_PGSUS_ECP;PGSUS.E;2026-05-25;5.42;3.33;62.76;5.05;4.65;5.2;5.19;4.94;3686000;95894;194;8;194;144;;;;;
2026-05-06;O_PGSUSE0526C195.00;PGSUS_05/2026_AVRUPA_OPSIYON;D_EQ;SSO;D_EQ_ECP;DE_PGSUS_ECP;PGSUS.E;2026-05-25;3.58;2.07;72.95;3.42;3.42;3.55;3.55;3.44;234000;4130;12;2;2;-8;;;;;
2026-05-06;O_PGSUSE0526C200.00;PGSUS_05/2026_AVRUPA_OPSIYON;D_EQ;SSO;D_EQ_ECP;DE_PGSUS_ECP;PGSUS.E;2026-05-25;2.26;1.23;83.74;1;1;1;1;1;140000;700;7;1;830;7;;;;;
2026-05-06;O_PGSUSE0526C205.00;PGSUS_05/2026_AVRUPA_OPSIYON;D_EQ;SSO;D_EQ_ECP;DE_PGSUS_ECP;PGSUS.E;2026-05-25;1.36;0.7;94.29;0.81;0.81;1.14;0.87;0.96;5125000;23931;250;8;553;250;;;;;
2026-05-06;O_PGSUSE0526C210.00;PGSUS_05/2026_AVRUPA_OPSIYON;D_EQ;SSO;D_EQ_ECP;DE_PGSUS_ECP;PGSUS.E;2026-05-25;0.79;0.38;107.89;0;0;0;0;0;0;0;0;0;1135;0;;;;;
2026-05-06;O_PGSUSE0526C215.00;PGSUS_05/2026_AVRUPA_OPSIYON;D_EQ;SSO;D_EQ_ECP;DE_PGSUS_ECP;PGSUS.E;2026-05-25;0.43;0.2;115;0;0;0;0;0;0;0;0;0;309;0;;;;;
2026-05-06;O_PGSUSE0526C220.00;PGSUS_05/2026_AVRUPA_OPSIYON;D_EQ;SSO;D_EQ_ECP;DE_PGSUS_ECP;PGSUS.E;2026-05-25;0.23;0.1;130;0;0;0;0;0;0;0;0;0;10;0;;;;;
2026-05-06;O_PGSUSE0526C225.00;PGSUS_05/2026_AVRUPA_OPSIYON;D_EQ;SSO;D_EQ_ECP;DE_PGSUS_ECP;PGSUS.E;2026-05-25;0.12;0.05;140;0;0;0;0;0;0;0;0;0;68;0;;;;;
2026-05-06;O_PGSUSE0526C230.00;PGSUS_05/2026_AVRUPA_OPSIYON;D_EQ;SSO;D_EQ_ECP;DE_PGSUS_ECP;PGSUS.E;2026-05-25;0.06;0.02;200;0;0;0;0;0;0;0;0;0;68;0;;;;;
2026-05-06;O_PGSUSE0526C235.00;PGSUS_05/2026_AVRUPA_OPSIYON;D_EQ;SSO;D_EQ_ECP;DE_PGSUS_ECP;PGSUS.E;2026-05-25;0.03;0.01;200;0;0;0;0;0;0;0;0;0;400;0;;;;;
2026-05-06;O_PGSUSE0526C240.00;PGSUS_05/2026_AVRUPA_OPSIYON;D_EQ;SSO;D_EQ_ECP;DE_PGSUS_ECP;PGSUS.E;2026-05-25;0.01;0.01;0;0;0;0;0;0;0;0;0;0;0;0;;;;;
2026-05-06;O_PGSUSE0526P150.00;PGSUS_05/2026_AVRUPA_OPSIYON;D_EQ;SSO;D_EQ_EPP;DE_PGSUS_EPP;PGSUS.E;2026-05-25;0.02;;0;0;0;0;0;0;0;0;0;0;0;0;;;;;
2026-05-06;O_PGSUSE0526P155.00;PGSUS_05/2026_AVRUPA_OPSIYON;D_EQ;SSO;D_EQ_EPP;DE_PGSUS_EPP;PGSUS.E;2026-05-25;0.06;0.17;-64.71;0;0;0;0;0;0;0;0;0;0;0;;;;;
2026-05-06;O_PGSUSE0526P160.00;PGSUS_05/2026_AVRUPA_OPSIYON;D_EQ;SSO;D_EQ_EPP;DE_PGSUS_EPP;PGSUS.E;2026-05-25;0.17;0.42;-59.52;0;0;0;0;0;0;0;0;0;0;0;;;;;
2026-05-06;O_PGSUSE0526P165.00;PGSUS_05/2026_AVRUPA_OPSIYON;D_EQ;SSO;D_EQ_EPP;DE_PGSUS_EPP;PGSUS.E;2026-05-25;0.42;0.92;-54.35;0;0;0;0;0;0;0;0;0;0;0;;;;;
2026-05-06;O_PGSUSE0526P170.00;PGSUS_05/2026_AVRUPA_OPSIYON;D_EQ;SSO;D_EQ_EPP;DE_PGSUS_EPP;PGSUS.E;2026-05-25;0.9;1.78;-49.44;0.39;0.39;0.39;0.39;0.39;51000;117;3;1;4;3;;;;;
2026-05-06;O_PGSUSE0526P175.00;PGSUS_05/2026_AVRUPA_OPSIYON;D_EQ;SSO;D_EQ_EPP;DE_PGSUS_EPP;PGSUS.E;2026-05-25;1.74;3.13;-44.41;0;0;0;0;0;0;0;0;0;1532;0;;;;;
2026-05-06;O_PGSUSE0526P180.00;PGSUS_05/2026_AVRUPA_OPSIYON;D_EQ;SSO;D_EQ_EPP;DE_PGSUS_EPP;PGSUS.E;2026-05-25;3.05;5.05;-39.6;0;0;0;0;0;0;0;0;0;2008;0;;;;;
2026-05-06;O_PGSUSE0526P185.00;PGSUS_05/2026_AVRUPA_OPSIYON;D_EQ;SSO;D_EQ_EPP;DE_PGSUS_EPP;PGSUS.E;2026-05-25;4.92;7.59;-35.18;0;0;0;0;0;0;0;0;0;534;0;;;;;
2026-05-06;O_PGSUSE0526P190.00;PGSUS_05/2026_AVRUPA_OPSIYON;D_EQ;SSO;D_EQ_EPP;DE_PGSUS_EPP;PGSUS.E;2026-05-25;7.4;10.71;-30.91;4.8;4.78;6.4;6.15;5.8;9063000;276579;477;14;904;427;;;;;
2026-05-06;O_PGSUSE0526P195.00;PGSUS_05/2026_AVRUPA_OPSIYON;D_EQ;SSO;D_EQ_EPP;DE_PGSUS_EPP;PGSUS.E;2026-05-25;10.46;14.36;-27.16;0;0;0;0;0;0;0;0;0;159;0;;;;;
2026-05-06;O_PGSUSE0526P200.00;PGSUS_05/2026_AVRUPA_OPSIYON;D_EQ;SSO;D_EQ_EPP;DE_PGSUS_EPP;PGSUS.E;2026-05-25;14.04;18.41;-23.74;0;0;0;0;0;0;0;0;0;30;0;;;;;
2026-05-06;O_PGSUSE0526P205.00;PGSUS_05/2026_AVRUPA_OPSIYON;D_EQ;SSO;D_EQ_EPP;DE_PGSUS_EPP;PGSUS.E;2026-05-25;18.05;22.78;-20.76;0;0;0;0;0;0;0;0;0;10;0;;;;;
2026-05-06;O_PGSUSE0526P210.00;PGSUS_05/2026_AVRUPA_OPSIYON;D_EQ;SSO;D_EQ_EPP;DE_PGSUS_EPP;PGSUS.E;2026-05-25;22.37;27.35;-18.21;0;0;0;0;0;0;0;0;0;50;0;;;;;
2026-05-06;O_PGSUSE0526P215.00;PGSUS_05/2026_AVRUPA_OPSIYON;D_EQ;SSO;D_EQ_EPP;DE_PGSUS_EPP;PGSUS.E;2026-05-25;26.92;32.07;-16.06;0;0;0;0;0;0;0;0;0;0;0;;;;;
2026-05-06;O_PGSUSE0626C185.00;PGSUS_06/2026_AVRUPA_OPSIYON;D_EQ;SSO;D_EQ_ECP;DE_PGSUS_ECP;PGSUS.E;2026-06-30;15.97;12.51;27.66;11.04;11.04;14.25;14.25;12.87;1295000;90120;70;7;70;70;;;;;
2026-05-06;O_PGSUSE0626C190.00;PGSUS_06/2026_AVRUPA_OPSIYON;D_EQ;SSO;D_EQ_ECP;DE_PGSUS_ECP;PGSUS.E;2026-06-30;13.23;10.15;30.34;0;0;0;0;0;0;0;0;0;10;0;;;;;
2026-05-06;O_PGSUSE0626C195.00;PGSUS_06/2026_AVRUPA_OPSIYON;D_EQ;SSO;D_EQ_ECP;DE_PGSUS_ECP;PGSUS.E;2026-06-30;10.83;8.14;33.05;0;0;0;0;0;0;0;0;0;20;0;;;;;
2026-05-06;O_PGSUSE0626C200.00;PGSUS_06/2026_AVRUPA_OPSIYON;D_EQ;SSO;D_EQ_ECP;DE_PGSUS_ECP;PGSUS.E;2026-06-30;8.76;6.44;36.02;0;0;0;0;0;0;0;0;0;700;0;;;;;
2026-05-06;O_PGSUSE0626C205.00;PGSUS_06/2026_AVRUPA_OPSIYON;D_EQ;SSO;D_EQ_ECP;DE_PGSUS_ECP;PGSUS.E;2026-06-30;7;5.03;39.17;0;0;0;0;0;0;0;0;0;30;0;;;;;
2026-05-06;O_PGSUSE0626C210.00;PGSUS_06/2026_AVRUPA_OPSIYON;D_EQ;SSO;D_EQ_ECP;DE_PGSUS_ECP;PGSUS.E;2026-06-30;5.53;3.88;42.53;0;0;0;0;0;0;0;0;0;30;0;;;;;
2026-05-06;O_PGSUSE0626C215.00;PGSUS_06/2026_AVRUPA_OPSIYON;D_EQ;SSO;D_EQ_ECP;DE_PGSUS_ECP;PGSUS.E;2026-06-30;4.32;2.96;45.95;0;0;0;0;0;0;0;0;0;30;0;;;;;
2026-05-06;O_PGSUSE0626C220.00;PGSUS_06/2026_AVRUPA_OPSIYON;D_EQ;SSO;D_EQ_ECP;DE_PGSUS_ECP;PGSUS.E;2026-06-30;3.33;2.23;49.33;1.35;1.35;1.35;1.35;1.35;1386000;8505;63;1;93;63;;;;;
2026-05-06;O_PGSUSE0626C225.00;PGSUS_06/2026_AVRUPA_OPSIYON;D_EQ;SSO;D_EQ_ECP;DE_PGSUS_ECP;PGSUS.E;2026-06-30;2.55;1.67;52.69;0;0;0;0;0;0;0;0;0;136;0;;;;;
2026-05-06;O_PGSUSE0626C230.00;PGSUS_06/2026_AVRUPA_OPSIYON;D_EQ;SSO;D_EQ_ECP;DE_PGSUS_ECP;PGSUS.E;2026-06-30;1.93;1.23;56.91;0;0;0;0;0;0;0;0;0;0;0;;;;;
2026-05-06;O_PGSUSE0626C235.00;PGSUS_06/2026_AVRUPA_OPSIYON;D_EQ;SSO;D_EQ_ECP;DE_PGSUS_ECP;PGSUS.E;2026-06-30;1.44;0.9;60;0;0;0;0;0;0;0;0;0;0;0;;;;;
2026-05-06;O_PGSUSE0626C240.00;PGSUS_06/2026_AVRUPA_OPSIYON;D_EQ;SSO;D_EQ_ECP;DE_PGSUS_ECP;PGSUS.E;2026-06-30;1.07;0.65;64.62;0;0;0;0;0;0;0;0;0;0;0;;;;;
2026-05-06;O_PGSUSE0626C245.00;PGSUS_06/2026_AVRUPA_OPSIYON;D_EQ;SSO;D_EQ_ECP;DE_PGSUS_ECP;PGSUS.E;2026-06-30;0.78;0.47;65.96;0;0;0;0;0;0;0;0;0;0;0;;;;;
2026-05-06;O_PGSUSE0626P160.00;PGSUS_06/2026_AVRUPA_OPSIYON;D_EQ;SSO;D_EQ_EPP;DE_PGSUS_EPP;PGSUS.E;2026-06-30;0.99;1.47;-32.65;0;0;0;0;0;0;0;0;0;0;0;;;;;
2026-05-06;O_PGSUSE0626P165.00;PGSUS_06/2026_AVRUPA_OPSIYON;D_EQ;SSO;D_EQ_EPP;DE_PGSUS_EPP;PGSUS.E;2026-06-30;1.55;2.25;-31.11;0;0;0;0;0;0;0;0;0;0;0;;;;;
2026-05-06;O_PGSUSE0626P170.00;PGSUS_06/2026_AVRUPA_OPSIYON;D_EQ;SSO;D_EQ_EPP;DE_PGSUS_EPP;PGSUS.E;2026-06-30;2.34;3.29;-28.88;0;0;0;0;0;0;0;0;0;0;0;;;;;
2026-05-06;O_PGSUSE0626P175.00;PGSUS_06/2026_AVRUPA_OPSIYON;D_EQ;SSO;D_EQ_EPP;DE_PGSUS_EPP;PGSUS.E;2026-06-30;3.38;4.64;-27.16;0;0;0;0;0;0;0;0;0;0;0;;;;;
2026-05-06;O_PGSUSE0626P180.00;PGSUS_06/2026_AVRUPA_OPSIYON;D_EQ;SSO;D_EQ_EPP;DE_PGSUS_EPP;PGSUS.E;2026-06-30;4.72;6.31;-25.2;0;0;0;0;0;0;0;0;0;20;0;;;;;
2026-05-06;O_PGSUSE0626P185.00;PGSUS_06/2026_AVRUPA_OPSIYON;D_EQ;SSO;D_EQ_EPP;DE_PGSUS_EPP;PGSUS.E;2026-06-30;6.37;8.33;-23.53;6.59;4.92;6.6;4.92;6.04;1110000;36230;60;6;60;60;;;;;
2026-05-06;O_PGSUSE0626P190.00;PGSUS_06/2026_AVRUPA_OPSIYON;D_EQ;SSO;D_EQ_EPP;DE_PGSUS_EPP;PGSUS.E;2026-06-30;8.36;10.69;-21.8;0;0;0;0;0;0;0;0;0;10;0;;;;;
2026-05-06;O_PGSUSE0626P195.00;PGSUS_06/2026_AVRUPA_OPSIYON;D_EQ;SSO;D_EQ_EPP;DE_PGSUS_EPP;PGSUS.E;2026-06-30;10.68;13.39;-20.24;0;0;0;0;0;0;0;0;0;30;0;;;;;
2026-05-06;O_PGSUSE0626P200.00;PGSUS_06/2026_AVRUPA_OPSIYON;D_EQ;SSO;D_EQ_EPP;DE_PGSUS_EPP;PGSUS.E;2026-06-30;13.33;16.41;-18.77;0;0;0;0;0;0;0;0;0;30;0;;;;;
2026-05-06;O_PGSUSE0626P205.00;PGSUS_06/2026_AVRUPA_OPSIYON;D_EQ;SSO;D_EQ_EPP;DE_PGSUS_EPP;PGSUS.E;2026-06-30;16.29;19.72;-17.39;0;0;0;0;0;0;0;0;0;0;0;;;;;
2026-05-06;O_PGSUSE0626P210.00;PGSUS_06/2026_AVRUPA_OPSIYON;D_EQ;SSO;D_EQ_EPP;DE_PGSUS_EPP;PGSUS.E;2026-06-30;19.54;23.29;-16.1;0;0;0;0;0;0;0;0;0;0;0;;;;;
2026-05-06;O_PGSUSE0626P215.00;PGSUS_06/2026_AVRUPA_OPSIYON;D_EQ;SSO;D_EQ_EPP;DE_PGSUS_EPP;PGSUS.E;2026-06-30;23.05;27.09;-14.91;0;0;0;0;0;0;0;0;0;0;0;;;;;
2026-05-06;O_PGSUSE0626P220.00;PGSUS_06/2026_AVRUPA_OPSIYON;D_EQ;SSO;D_EQ_EPP;DE_PGSUS_EPP;PGSUS.E;2026-06-30;26.79;31.08;-13.8;0;0;0;0;0;0;0;0;0;0;0;;;;;
2026-05-06;O_PGSUSE0726C190.00;PGSUS_07/2026_AVRUPA_OPSIYON;D_EQ;SSO;D_EQ_ECP;DE_PGSUS_ECP;PGSUS.E;2026-07-31;21;17.32;21.25;0;0;0;0;0;0;0;0;0;0;0;;;;;
2026-05-06;O_PGSUSE0726C195.00;PGSUS_07/2026_AVRUPA_OPSIYON;D_EQ;SSO;D_EQ_ECP;DE_PGSUS_ECP;PGSUS.E;2026-07-31;18.3;14.89;22.9;0;0;0;0;0;0;0;0;0;0;0;;;;;
2026-05-06;O_PGSUSE0726C200.00;PGSUS_07/2026_AVRUPA_OPSIYON;D_EQ;SSO;D_EQ_ECP;DE_PGSUS_ECP;PGSUS.E;2026-07-31;15.83;12.72;24.45;0;0;0;0;0;0;0;0;0;0;0;;;;;
2026-05-06;O_PGSUSE0726C205.00;PGSUS_07/2026_AVRUPA_OPSIYON;D_EQ;SSO;D_EQ_ECP;DE_PGSUS_ECP;PGSUS.E;2026-07-31;13.62;10.79;26.23;0;0;0;0;0;0;0;0;0;0;0;;;;;
2026-05-06;O_PGSUSE0726C210.00;PGSUS_07/2026_AVRUPA_OPSIYON;D_EQ;SSO;D_EQ_ECP;DE_PGSUS_ECP;PGSUS.E;2026-07-31;11.64;9.1;27.91;0;0;0;0;0;0;0;0;0;0;0;;;;;
2026-05-06;O_PGSUSE0726C215.00;PGSUS_07/2026_AVRUPA_OPSIYON;D_EQ;SSO;D_EQ_ECP;DE_PGSUS_ECP;PGSUS.E;2026-07-31;9.88;7.62;29.66;0;0;0;0;0;0;0;0;0;0;0;;;;;
2026-05-06;O_PGSUSE0726C220.00;PGSUS_07/2026_AVRUPA_OPSIYON;D_EQ;SSO;D_EQ_ECP;DE_PGSUS_ECP;PGSUS.E;2026-07-31;8.34;6.34;31.55;0;0;0;0;0;0;0;0;0;0;0;;;;;
2026-05-06;O_PGSUSE0726C225.00;PGSUS_07/2026_AVRUPA_OPSIYON;D_EQ;SSO;D_EQ_ECP;DE_PGSUS_ECP;PGSUS.E;2026-07-31;7;5.24;33.59;0;0;0;0;0;0;0;0;0;0;0;;;;;
2026-05-06;O_PGSUSE0726P165.00;PGSUS_07/2026_AVRUPA_OPSIYON;D_EQ;SSO;D_EQ_EPP;DE_PGSUS_EPP;PGSUS.E;2026-07-31;1.71;2.28;-25;0;0;0;0;0;0;0;0;0;0;0;;;;;
2026-05-06;O_PGSUSE0726P170.00;PGSUS_07/2026_AVRUPA_OPSIYON;D_EQ;SSO;D_EQ_EPP;DE_PGSUS_EPP;PGSUS.E;2026-07-31;2.4;3.14;-23.57;0;0;0;0;0;0;0;0;0;0;0;;;;;
2026-05-06;O_PGSUSE0726P175.00;PGSUS_07/2026_AVRUPA_OPSIYON;D_EQ;SSO;D_EQ_EPP;DE_PGSUS_EPP;PGSUS.E;2026-07-31;3.27;4.22;-22.51;0;0;0;0;0;0;0;0;0;0;0;;;;;
2026-05-06;O_PGSUSE0726P180.00;PGSUS_07/2026_AVRUPA_OPSIYON;D_EQ;SSO;D_EQ_EPP;DE_PGSUS_EPP;PGSUS.E;2026-07-31;4.35;5.53;-21.34;0;0;0;0;0;0;0;0;0;0;0;;;;;
2026-05-06;O_PGSUSE0726P185.00;PGSUS_07/2026_AVRUPA_OPSIYON;D_EQ;SSO;D_EQ_EPP;DE_PGSUS_EPP;PGSUS.E;2026-07-31;5.65;7.08;-20.2;0;0;0;0;0;0;0;0;0;0;0;;;;;
2026-05-06;O_PGSUSE0726P190.00;PGSUS_07/2026_AVRUPA_OPSIYON;D_EQ;SSO;D_EQ_EPP;DE_PGSUS_EPP;PGSUS.E;2026-07-31;7.19;8.89;-19.12;0;0;0;0;0;0;0;0;0;0;0;;;;;
2026-05-06;O_PGSUSE0726P195.00;PGSUS_07/2026_AVRUPA_OPSIYON;D_EQ;SSO;D_EQ_EPP;DE_PGSUS_EPP;PGSUS.E;2026-07-31;8.97;10.94;-18.01;0;0;0;0;0;0;0;0;0;0;0;;;;;
2026-05-06;O_PGSUSE0726P200.00;PGSUS_07/2026_AVRUPA_OPSIYON;D_EQ;SSO;D_EQ_EPP;DE_PGSUS_EPP;PGSUS.E;2026-07-31;10.99;13.25;-17.06;0;0;0;0;0;0;0;0;0;0;0;;;;;
2026-05-06;O_P_USDTRYKE0526C46000;FIZ. USDTRY_05/2026_AVRUPA_OPSIYON;D_CR;PCO;D_CR_ECP;DE_USDTRYKP_ECP;USDTRYKP.CX;2026-05-25;395.3;421.5;-6.22;0;0;0;0;0;0;0;0;0;0;0;;;;;
2026-05-06;O_P_USDTRYKE0526C46500;FIZ. USDTRY_05/2026_AVRUPA_OPSIYON;D_CR;PCO;D_CR_ECP;DE_USDTRYKP_ECP;USDTRYKP.CX;2026-05-25;208.8;222.9;-6.33;0;0;0;0;0;0;0;0;0;0;0;;;;;
2026-05-06;O_P_USDTRYKE0526C47000;FIZ. USDTRY_05/2026_AVRUPA_OPSIYON;D_CR;PCO;D_CR_ECP;DE_USDTRYKP_ECP;USDTRYKP.CX;2026-05-25;174.4;185;-5.73;0;0;0;0;0;0;0;0;0;0;0;;;;;
2026-05-06;O_P_USDTRYKE0526P46000;FIZ. USDTRY_05/2026_AVRUPA_OPSIYON;D_CR;PCO;D_CR_EPP;DE_USDTRYKP_EPP;USDTRYKP.CX;2026-05-25;427.9;422.2;1.35;0;0;0;0;0;0;0;0;0;0;0;;;;;
2026-05-06;O_P_USDTRYKE0526P46500;FIZ. USDTRY_05/2026_AVRUPA_OPSIYON;D_CR;PCO;D_CR_EPP;DE_USDTRYKP_EPP;USDTRYKP.CX;2026-05-25;732.9;714.6;2.56;0;0;0;0;0;0;0;0;0;0;0;;;;;
2026-05-06;O_P_USDTRYKE0526P47000;FIZ. USDTRY_05/2026_AVRUPA_OPSIYON;D_CR;PCO;D_CR_EPP;DE_USDTRYKP_EPP;USDTRYKP.CX;2026-05-25;1189.9;1167.7;1.9;0;0;0;0;0;0;0;0;0;0;0;;;;;
2026-05-06;O_P_USDTRYKE0626C47500;FIZ. USDTRY_06/2026_AVRUPA_OPSIYON;D_CR;PCO;D_CR_ECP;DE_USDTRYKP_ECP;USDTRYKP.CX;2026-06-30;815.4;814.5;0.11;0;0;0;0;0;0;0;0;0;0;0;;;;;
2026-05-06;O_P_USDTRYKE0626P47500;FIZ. USDTRY_06/2026_AVRUPA_OPSIYON;D_CR;PCO;D_CR_EPP;DE_USDTRYKP_EPP;USDTRYKP.CX;2026-06-30;827.2;794.5;4.12;0;0;0;0;0;0;0;0;0;0;0;;;;;
2026-05-06;O_SAHOLE0526C100.00;SAHOL_05/2026_AVRUPA_OPSIYON;D_EQ;SSO;D_EQ_ECP;DE_SAHOL_ECP;SAHOL.E;2026-05-25;5.48;2.81;95.02;3.02;3.02;3.02;3.02;3.02;20000;604;2;1;52;2;;;;;
2026-05-06;O_SAHOLE0526C105.00;SAHOL_05/2026_AVRUPA_OPSIYON;D_EQ;SSO;D_EQ_ECP;DE_SAHOL_ECP;SAHOL.E;2026-05-25;3.08;1.38;123.19;0.9;0.9;1.82;1.82;0.98;2310000;21640;220;4;2498;210;;;;;
2026-05-06;O_SAHOLE0526C110.00;SAHOL_05/2026_AVRUPA_OPSIYON;D_EQ;SSO;D_EQ_ECP;DE_SAHOL_ECP;SAHOL.E;2026-05-25;1.56;0.61;155.74;0;0;0;0;0;0;0;0;0;3822;0;;;;;
2026-05-06;O_SAHOLE0526C115.00;SAHOL_05/2026_AVRUPA_OPSIYON;D_EQ;SSO;D_EQ_ECP;DE_SAHOL_ECP;SAHOL.E;2026-05-25;0.72;0.24;200;0;0;0;0;0;0;0;0;0;2828;0;;;;;
2026-05-06;O_SAHOLE0526C120.00;SAHOL_05/2026_AVRUPA_OPSIYON;D_EQ;SSO;D_EQ_ECP;DE_SAHOL_ECP;SAHOL.E;2026-05-25;0.3;0.09;233.33;0;0;0;0;0;0;0;0;0;2594;0;;;;;
2026-05-06;O_SAHOLE0526C125.00;SAHOL_05/2026_AVRUPA_OPSIYON;D_EQ;SSO;D_EQ_ECP;DE_SAHOL_ECP;SAHOL.E;2026-05-25;0.11;0.03;266.67;0;0;0;0;0;0;0;0;0;2110;0;;;;;
2026-05-06;O_SAHOLE0526C130.00;SAHOL_05/2026_AVRUPA_OPSIYON;D_EQ;SSO;D_EQ_ECP;DE_SAHOL_ECP;SAHOL.E;2026-05-25;0.04;0.01;300;0;0;0;0;0;0;0;0;0;0;0;;;;;
2026-05-06;O_SAHOLE0526C135.00;SAHOL_05/2026_AVRUPA_OPSIYON;D_EQ;SSO;D_EQ_ECP;DE_SAHOL_ECP;SAHOL.E;2026-05-25;0.01;0.01;0;0;0;0;0;0;0;0;0;0;0;0;;;;;
2026-05-06;O_SAHOLE0526C140.00;SAHOL_05/2026_AVRUPA_OPSIYON;D_EQ;SSO;D_EQ_ECP;DE_SAHOL_ECP;SAHOL.E;2026-05-25;0.01;0.01;0;0;0;0;0;0;0;0;0;0;0;0;;;;;
2026-05-06;O_SAHOLE0526C92.00;SAHOL_05/2026_AVRUPA_OPSIYON;D_EQ;SSO;D_EQ_ECP;DE_SAHOL_ECP;SAHOL.E;2026-05-25;11.18;6.98;60.17;0;0;0;0;0;0;0;0;0;30;0;;;;;
2026-05-06;O_SAHOLE0526C94.00;SAHOL_05/2026_AVRUPA_OPSIYON;D_EQ;SSO;D_EQ_ECP;DE_SAHOL_ECP;SAHOL.E;2026-05-25;9.56;5.7;67.72;0;0;0;0;0;0;0;0;0;0;0;;;;;
2026-05-06;O_SAHOLE0526C96.00;SAHOL_05/2026_AVRUPA_OPSIYON;D_EQ;SSO;D_EQ_ECP;DE_SAHOL_ECP;SAHOL.E;2026-05-25;8.07;4.59;75.82;0;0;0;0;0;0;0;0;0;200;0;;;;;
2026-05-06;O_SAHOLE0526C98.00;SAHOL_05/2026_AVRUPA_OPSIYON;D_EQ;SSO;D_EQ_ECP;DE_SAHOL_ECP;SAHOL.E;2026-05-25;6.7;3.62;85.08;0;0;0;0;0;0;0;0;0;1500;0;;;;;
2026-05-06;O_SAHOLE0526P100.00;SAHOL_05/2026_AVRUPA_OPSIYON;D_EQ;SSO;D_EQ_EPP;DE_SAHOL_EPP;SAHOL.E;2026-05-25;2.82;5.45;-48.26;0;0;0;0;0;0;0;0;0;1050;0;;;;;
2026-05-06;O_SAHOLE0526P105.00;SAHOL_05/2026_AVRUPA_OPSIYON;D_EQ;SSO;D_EQ_EPP;DE_SAHOL_EPP;SAHOL.E;2026-05-25;5.33;8.92;-40.25;0;0;0;0;0;0;0;0;0;3343;0;;;;;
2026-05-06;O_SAHOLE0526P110.00;SAHOL_05/2026_AVRUPA_OPSIYON;D_EQ;SSO;D_EQ_EPP;DE_SAHOL_EPP;SAHOL.E;2026-05-25;8.71;13.04;-33.21;0;0;0;0;0;0;0;0;0;0;0;;;;;
2026-05-06;O_SAHOLE0526P115.00;SAHOL_05/2026_AVRUPA_OPSIYON;D_EQ;SSO;D_EQ_EPP;DE_SAHOL_EPP;SAHOL.E;2026-05-25;12.76;17.57;-27.38;0;0;0;0;0;0;0;0;0;0;0;;;;;
2026-05-06;O_SAHOLE0526P82.00;SAHOL_05/2026_AVRUPA_OPSIYON;D_EQ;SSO;D_EQ_EPP;DE_SAHOL_EPP;SAHOL.E;2026-05-25;0.04;0.19;-78.95;0;0;0;0;0;0;0;0;0;0;0;;;;;
2026-05-06;O_SAHOLE0526P84.00;SAHOL_05/2026_AVRUPA_OPSIYON;D_EQ;SSO;D_EQ_EPP;DE_SAHOL_EPP;SAHOL.E;2026-05-25;0.08;0.32;-75;0;0;0;0;0;0;0;0;0;0;0;;;;;
2026-05-06;O_SAHOLE0526P86.00;SAHOL_05/2026_AVRUPA_OPSIYON;D_EQ;SSO;D_EQ_EPP;DE_SAHOL_EPP;SAHOL.E;2026-05-25;0.15;0.53;-71.7;0;0;0;0;0;0;0;0;0;0;0;;;;;
2026-05-06;O_SAHOLE0526P88.00;SAHOL_05/2026_AVRUPA_OPSIYON;D_EQ;SSO;D_EQ_EPP;DE_SAHOL_EPP;SAHOL.E;2026-05-25;0.26;0.83;-68.67;0;0;0;0;0;0;0;0;0;188;0;;;;;
2026-05-06;O_SAHOLE0526P90.00;SAHOL_05/2026_AVRUPA_OPSIYON;D_EQ;SSO;D_EQ_EPP;DE_SAHOL_EPP;SAHOL.E;2026-05-25;0.43;1.24;-65.32;0;0;0;0;0;0;0;0;0;2500;0;;;;;
2026-05-06;O_SAHOLE0526P92.00;SAHOL_05/2026_AVRUPA_OPSIYON;D_EQ;SSO;D_EQ_EPP;DE_SAHOL_EPP;SAHOL.E;2026-05-25;0.68;1.78;-61.8;0;0;0;0;0;0;0;0;0;0;0;;;;;
2026-05-06;O_SAHOLE0526P94.00;SAHOL_05/2026_AVRUPA_OPSIYON;D_EQ;SSO;D_EQ_EPP;DE_SAHOL_EPP;SAHOL.E;2026-05-25;1.02;2.47;-58.7;0;0;0;0;0;0;0;0;0;160;0;;;;;
2026-05-06;O_SAHOLE0526P96.00;SAHOL_05/2026_AVRUPA_OPSIYON;D_EQ;SSO;D_EQ_EPP;DE_SAHOL_EPP;SAHOL.E;2026-05-25;1.49;3.31;-54.98;0;0;0;0;0;0;0;0;0;0;0;;;;;
2026-05-06;O_SAHOLE0526P98.00;SAHOL_05/2026_AVRUPA_OPSIYON;D_EQ;SSO;D_EQ_EPP;DE_SAHOL_EPP;SAHOL.E;2026-05-25;2.08;4.3;-51.63;0;0;0;0;0;0;0;0;0;102;0;;;;;
2026-05-06;O_SAHOLE0626C100.00;SAHOL_06/2026_AVRUPA_OPSIYON;D_EQ;SSO;D_EQ_ECP;DE_SAHOL_ECP;SAHOL.E;2026-06-30;10.29;7.05;45.96;8.46;8.28;8.46;8.28;8.35;500000;41760;50;5;50;50;;;;;
2026-05-06;O_SAHOLE0626C105.00;SAHOL_06/2026_AVRUPA_OPSIYON;D_EQ;SSO;D_EQ_ECP;DE_SAHOL_ECP;SAHOL.E;2026-06-30;7.66;5.01;52.89;5.88;5.4;5.88;5.45;5.66;3517500;189485;335;6;335;335;;;;;
2026-05-06;O_SAHOLE0626C110.00;SAHOL_06/2026_AVRUPA_OPSIYON;D_EQ;SSO;D_EQ_ECP;DE_SAHOL_ECP;SAHOL.E;2026-06-30;5.54;3.45;60.58;3.47;3.47;3.47;3.47;3.47;110000;3470;10;1;10;10;;;;;
2026-05-06;O_SAHOLE0626C115.00;SAHOL_06/2026_AVRUPA_OPSIYON;D_EQ;SSO;D_EQ_ECP;DE_SAHOL_ECP;SAHOL.E;2026-06-30;3.91;2.32;68.53;0;0;0;0;0;0;0;0;0;0;0;;;;;
2026-05-06;O_SAHOLE0626C120.00;SAHOL_06/2026_AVRUPA_OPSIYON;D_EQ;SSO;D_EQ_ECP;DE_SAHOL_ECP;SAHOL.E;2026-06-30;2.69;1.52;76.97;0;0;0;0;0;0;0;0;0;1450;0;;;;;
2026-05-06;O_SAHOLE0626C125.00;SAHOL_06/2026_AVRUPA_OPSIYON;D_EQ;SSO;D_EQ_ECP;DE_SAHOL_ECP;SAHOL.E;2026-06-30;1.8;0.97;85.57;0;0;0;0;0;0;0;0;0;0;0;;;;;
2026-05-06;O_SAHOLE0626C130.00;SAHOL_06/2026_AVRUPA_OPSIYON;D_EQ;SSO;D_EQ_ECP;DE_SAHOL_ECP;SAHOL.E;2026-06-30;1.18;0.61;93.44;0;0;0;0;0;0;0;0;0;0;0;;;;;
2026-05-06;O_SAHOLE0626C135.00;SAHOL_06/2026_AVRUPA_OPSIYON;D_EQ;SSO;D_EQ_ECP;DE_SAHOL_ECP;SAHOL.E;2026-06-30;0.76;0.37;105.41;0;0;0;0;0;0;0;0;0;0;0;;;;;
2026-05-06;O_SAHOLE0626C140.00;SAHOL_06/2026_AVRUPA_OPSIYON;D_EQ;SSO;D_EQ_ECP;DE_SAHOL_ECP;SAHOL.E;2026-06-30;0.48;0.23;108.7;0;0;0;0;0;0;0;0;0;0;0;;;;;
2026-05-06;O_SAHOLE0626C145.00;SAHOL_06/2026_AVRUPA_OPSIYON;D_EQ;SSO;D_EQ_ECP;DE_SAHOL_ECP;SAHOL.E;2026-06-30;0.3;0.13;130.77;0;0;0;0;0;0;0;0;0;0;0;;;;;
2026-05-06;O_SAHOLE0626C96.00;SAHOL_06/2026_AVRUPA_OPSIYON;D_EQ;SSO;D_EQ_ECP;DE_SAHOL_ECP;SAHOL.E;2026-06-30;12.77;9.07;40.79;0;0;0;0;0;0;0;0;0;0;0;;;;;
2026-05-06;O_SAHOLE0626C98.00;SAHOL_06/2026_AVRUPA_OPSIYON;D_EQ;SSO;D_EQ_ECP;DE_SAHOL_ECP;SAHOL.E;2026-06-30;11.49;8.01;43.45;9.82;9.62;9.82;9.62;9.69;588000;58120;60;6;60;60;;;;;
2026-05-06;O_SAHOLE0626P100.00;SAHOL_06/2026_AVRUPA_OPSIYON;D_EQ;SSO;D_EQ_EPP;DE_SAHOL_EPP;SAHOL.E;2026-06-30;4.02;6.08;-33.88;0;0;0;0;0;0;0;0;0;0;0;;;;;
2026-05-06;O_SAHOLE0626P105.00;SAHOL_06/2026_AVRUPA_OPSIYON;D_EQ;SSO;D_EQ_EPP;DE_SAHOL_EPP;SAHOL.E;2026-06-30;6.11;8.76;-30.25;4.35;4;4.35;4.16;4.2;6699000;267758;638;12;438;438;;;;;
2026-05-06;O_SAHOLE0626P110.00;SAHOL_06/2026_AVRUPA_OPSIYON;D_EQ;SSO;D_EQ_EPP;DE_SAHOL_EPP;SAHOL.E;2026-06-30;8.72;11.93;-26.91;7.32;7.32;7.32;7.32;7.32;110000;7320;10;1;10;10;;;;;
2026-05-06;O_SAHOLE0626P115.00;SAHOL_06/2026_AVRUPA_OPSIYON;D_EQ;SSO;D_EQ_EPP;DE_SAHOL_EPP;SAHOL.E;2026-06-30;11.81;15.51;-23.86;0;0;0;0;0;0;0;0;0;0;0;;;;;
2026-05-06;O_SAHOLE0626P120.00;SAHOL_06/2026_AVRUPA_OPSIYON;D_EQ;SSO;D_EQ_EPP;DE_SAHOL_EPP;SAHOL.E;2026-06-30;15.31;19.42;-21.16;0;0;0;0;0;0;0;0;0;0;0;;;;;
2026-05-06;O_SAHOLE0626P86.00;SAHOL_06/2026_AVRUPA_OPSIYON;D_EQ;SSO;D_EQ_EPP;DE_SAHOL_EPP;SAHOL.E;2026-06-30;0.79;1.45;-45.52;0;0;0;0;0;0;0;0;0;0;0;;;;;
2026-05-06;O_SAHOLE0626P88.00;SAHOL_06/2026_AVRUPA_OPSIYON;D_EQ;SSO;D_EQ_EPP;DE_SAHOL_EPP;SAHOL.E;2026-06-30;1.05;1.87;-43.85;0;0;0;0;0;0;0;0;0;1500;0;;;;;
2026-05-06;O_SAHOLE0626P90.00;SAHOL_06/2026_AVRUPA_OPSIYON;D_EQ;SSO;D_EQ_EPP;DE_SAHOL_EPP;SAHOL.E;2026-06-30;1.36;2.36;-42.37;0;0;0;0;0;0;0;0;0;0;0;;;;;
2026-05-06;O_SAHOLE0626P92.00;SAHOL_06/2026_AVRUPA_OPSIYON;D_EQ;SSO;D_EQ_EPP;DE_SAHOL_EPP;SAHOL.E;2026-06-30;1.74;2.93;-40.61;0;0;0;0;0;0;0;0;0;0;0;;;;;
2026-05-06;O_SAHOLE0626P94.00;SAHOL_06/2026_AVRUPA_OPSIYON;D_EQ;SSO;D_EQ_EPP;DE_SAHOL_EPP;SAHOL.E;2026-06-30;2.2;3.59;-38.72;0;0;0;0;0;0;0;0;0;0;0;;;;;
2026-05-06;O_SAHOLE0626P96.00;SAHOL_06/2026_AVRUPA_OPSIYON;D_EQ;SSO;D_EQ_EPP;DE_SAHOL_EPP;SAHOL.E;2026-06-30;2.72;4.33;-37.18;0;0;0;0;0;0;0;0;0;0;0;;;;;
2026-05-06;O_SAHOLE0626P98.00;SAHOL_06/2026_AVRUPA_OPSIYON;D_EQ;SSO;D_EQ_EPP;DE_SAHOL_EPP;SAHOL.E;2026-06-30;3.33;5.16;-35.47;0;0;0;0;0;0;0;0;0;0;0;;;;;
2026-05-06;O_SAHOLE0726C100.00;SAHOL_07/2026_AVRUPA_OPSIYON;D_EQ;SSO;D_EQ_ECP;DE_SAHOL_ECP;SAHOL.E;2026-07-31;14.79;11.12;33;0;0;0;0;0;0;0;0;0;0;0;;;;;
2026-05-06;O_SAHOLE0726C105.00;SAHOL_07/2026_AVRUPA_OPSIYON;D_EQ;SSO;D_EQ_ECP;DE_SAHOL_ECP;SAHOL.E;2026-07-31;11.99;8.77;36.72;0;0;0;0;0;0;0;0;0;0;0;;;;;
2026-05-06;O_SAHOLE0726C110.00;SAHOL_07/2026_AVRUPA_OPSIYON;D_EQ;SSO;D_EQ_ECP;DE_SAHOL_ECP;SAHOL.E;2026-07-31;9.58;6.81;40.68;0;0;0;0;0;0;0;0;0;0;0;;;;;
2026-05-06;O_SAHOLE0726C115.00;SAHOL_07/2026_AVRUPA_OPSIYON;D_EQ;SSO;D_EQ_ECP;DE_SAHOL_ECP;SAHOL.E;2026-07-31;7.55;5.21;44.91;0;0;0;0;0;0;0;0;0;0;0;;;;;
2026-05-06;O_SAHOLE0726C120.00;SAHOL_07/2026_AVRUPA_OPSIYON;D_EQ;SSO;D_EQ_ECP;DE_SAHOL_ECP;SAHOL.E;2026-07-31;5.87;3.93;49.36;0;0;0;0;0;0;0;0;0;0;0;;;;;
2026-05-06;O_SAHOLE0726C125.00;SAHOL_07/2026_AVRUPA_OPSIYON;D_EQ;SSO;D_EQ_ECP;DE_SAHOL_ECP;SAHOL.E;2026-07-31;4.51;2.93;53.92;0;0;0;0;0;0;0;0;0;0;0;;;;;
2026-05-06;O_SAHOLE0726C130.00;SAHOL_07/2026_AVRUPA_OPSIYON;D_EQ;SSO;D_EQ_ECP;DE_SAHOL_ECP;SAHOL.E;2026-07-31;3.42;2.16;58.33;0;0;0;0;0;0;0;0;0;0;0;;;;;
2026-05-06;O_SAHOLE0726C135.00;SAHOL_07/2026_AVRUPA_OPSIYON;D_EQ;SSO;D_EQ_ECP;DE_SAHOL_ECP;SAHOL.E;2026-07-31;2.57;1.58;62.66;0;0;0;0;0;0;0;0;0;0;0;;;;;
2026-05-06;O_SAHOLE0726C98.00;SAHOL_07/2026_AVRUPA_OPSIYON;D_EQ;SSO;D_EQ_ECP;DE_SAHOL_ECP;SAHOL.E;2026-07-31;16.01;12.18;31.44;0;0;0;0;0;0;0;0;0;0;0;;;;;
2026-05-06;O_SAHOLE0726P100.00;SAHOL_07/2026_AVRUPA_OPSIYON;D_EQ;SSO;D_EQ_EPP;DE_SAHOL_EPP;SAHOL.E;2026-07-31;3.82;5.44;-29.78;0;0;0;0;0;0;0;0;0;0;0;;;;;
2026-05-06;O_SAHOLE0726P105.00;SAHOL_07/2026_AVRUPA_OPSIYON;D_EQ;SSO;D_EQ_EPP;DE_SAHOL_EPP;SAHOL.E;2026-07-31;5.51;7.57;-27.21;0;0;0;0;0;0;0;0;0;0;0;;;;;
2026-05-06;O_SAHOLE0726P110.00;SAHOL_07/2026_AVRUPA_OPSIYON;D_EQ;SSO;D_EQ_EPP;DE_SAHOL_EPP;SAHOL.E;2026-07-31;7.59;10.09;-24.78;0;0;0;0;0;0;0;0;0;0;0;;;;;
2026-05-06;O_SAHOLE0726P88.00;SAHOL_07/2026_AVRUPA_OPSIYON;D_EQ;SSO;D_EQ_EPP;DE_SAHOL_EPP;SAHOL.E;2026-07-31;1.24;1.96;-36.73;0;0;0;0;0;0;0;0;0;0;0;;;;;
2026-05-06;O_SAHOLE0726P90.00;SAHOL_07/2026_AVRUPA_OPSIYON;D_EQ;SSO;D_EQ_EPP;DE_SAHOL_EPP;SAHOL.E;2026-07-31;1.54;2.39;-35.56;0;0;0;0;0;0;0;0;0;5100;0;;;;;
2026-05-06;O_SAHOLE0726P92.00;SAHOL_07/2026_AVRUPA_OPSIYON;D_EQ;SSO;D_EQ_EPP;DE_SAHOL_EPP;SAHOL.E;2026-07-31;1.88;2.87;-34.49;0;0;0;0;0;0;0;0;0;0;0;;;;;
2026-05-06;O_SAHOLE0726P94.00;SAHOL_07/2026_AVRUPA_OPSIYON;D_EQ;SSO;D_EQ_EPP;DE_SAHOL_EPP;SAHOL.E;2026-07-31;2.28;3.42;-33.33;0;0;0;0;0;0;0;0;0;0;0;;;;;
2026-05-06;O_SAHOLE0726P96.00;SAHOL_07/2026_AVRUPA_OPSIYON;D_EQ;SSO;D_EQ_EPP;DE_SAHOL_EPP;SAHOL.E;2026-07-31;2.74;4.03;-32.01;0;0;0;0;0;0;0;0;0;0;0;;;;;
2026-05-06;O_SAHOLE0726P98.00;SAHOL_07/2026_AVRUPA_OPSIYON;D_EQ;SSO;D_EQ_EPP;DE_SAHOL_EPP;SAHOL.E;2026-07-31;3.25;4.7;-30.85;0;0;0;0;0;0;0;0;0;0;0;;;;;
2026-05-06;O_SISEE0526C42.00;SISE_05/2026_AVRUPA_OPSIYON;D_EQ;SSO;D_EQ_ECP;DE_SISE_ECP;SISE.E;2026-05-25;8.46;6.78;24.78;0;0;0;0;0;0;0;0;0;0;0;;;;;
2026-05-06;O_SISEE0526C43.00;SISE_05/2026_AVRUPA_OPSIYON;D_EQ;SSO;D_EQ_ECP;DE_SISE_ECP;SISE.E;2026-05-25;7.5;5.85;28.21;0;0;0;0;0;0;0;0;0;0;0;;;;;
2026-05-06;O_SISEE0526C44.00;SISE_05/2026_AVRUPA_OPSIYON;D_EQ;SSO;D_EQ_ECP;DE_SISE_ECP;SISE.E;2026-05-25;6.56;4.96;32.26;0;0;0;0;0;0;0;0;0;0;0;;;;;
2026-05-06;O_SISEE0526C45.00;SISE_05/2026_AVRUPA_OPSIYON;D_EQ;SSO;D_EQ_ECP;DE_SISE_ECP;SISE.E;2026-05-25;5.64;4.12;36.89;0;0;0;0;0;0;0;0;0;3;0;;;;;
2026-05-06;O_SISEE0526C46.00;SISE_05/2026_AVRUPA_OPSIYON;D_EQ;SSO;D_EQ_ECP;DE_SISE_ECP;SISE.E;2026-05-25;4.77;3.35;42.39;0;0;0;0;0;0;0;0;0;848;0;;;;;
2026-05-06;O_SISEE0526C47.00;SISE_05/2026_AVRUPA_OPSIYON;D_EQ;SSO;D_EQ_ECP;DE_SISE_ECP;SISE.E;2026-05-25;3.95;2.65;49.06;0;0;0;0;0;0;0;0;0;225;0;;;;;
2026-05-06;O_SISEE0526C48.00;SISE_05/2026_AVRUPA_OPSIYON;D_EQ;SSO;D_EQ_ECP;DE_SISE_ECP;SISE.E;2026-05-25;3.2;2.05;56.1;2.28;2.28;5.73;3.62;4.44;20601600;1907008;4292;87;721;286;;;;;
2026-05-06;O_SISEE0526C49.00;SISE_05/2026_AVRUPA_OPSIYON;D_EQ;SSO;D_EQ_ECP;DE_SISE_ECP;SISE.E;2026-05-25;2.53;1.54;64.29;1.54;1.54;4.84;2.86;3.75;21716800;1661692;4432;87;744;694;;;;;
2026-05-06;O_SISEE0526C50.00;SISE_05/2026_AVRUPA_OPSIYON;D_EQ;SSO;D_EQ_ECP;DE_SISE_ECP;SISE.E;2026-05-25;1.96;1.13;73.45;2.48;2.13;3.99;2.18;3.12;17400000;1085290;3480;73;12121;-114;;;;;
2026-05-06;O_SISEE0526C52.00;SISE_05/2026_AVRUPA_OPSIYON;D_EQ;SSO;D_EQ_ECP;DE_SISE_ECP;SISE.E;2026-05-25;1.08;0.55;96.36;0.91;0.91;2.5;1.3;1.98;15340000;583337;2950;56;4287;87;;;;;
2026-05-06;O_SISEE0526C54.00;SISE_05/2026_AVRUPA_OPSIYON;D_EQ;SSO;D_EQ_ECP;DE_SISE_ECP;SISE.E;2026-05-25;0.53;0.24;120.83;0.43;0.43;1.38;0.53;0.84;7884000;122200;1460;30;1110;510;;;;;
2026-05-06;O_SISEE0526C56.00;SISE_05/2026_AVRUPA_OPSIYON;D_EQ;SSO;D_EQ_ECP;DE_SISE_ECP;SISE.E;2026-05-25;0.24;0.1;140;0;0;0;0;0;0;0;0;0;1000;0;;;;;
2026-05-06;O_SISEE0526C58.00;SISE_05/2026_AVRUPA_OPSIYON;D_EQ;SSO;D_EQ_ECP;DE_SISE_ECP;SISE.E;2026-05-25;0.09;0.03;200;0.25;0.25;0.3;0.3;0.28;11600;55;2;2;2852;2;;;;;
2026-05-06;O_SISEE0526C60.00;SISE_05/2026_AVRUPA_OPSIYON;D_EQ;SSO;D_EQ_ECP;DE_SISE_ECP;SISE.E;2026-05-25;0.03;0.01;200;0;0;0;0;0;0;0;0;0;0;0;;;;;
2026-05-06;O_SISEE0526C62.00;SISE_05/2026_AVRUPA_OPSIYON;D_EQ;SSO;D_EQ_ECP;DE_SISE_ECP;SISE.E;2026-05-25;0.01;0.01;0;0;0;0;0;0;0;0;0;0;0;0;;;;;
2026-05-06;O_SISEE0526C64.00;SISE_05/2026_AVRUPA_OPSIYON;D_EQ;SSO;D_EQ_ECP;DE_SISE_ECP;SISE.E;2026-05-25;0.01;0.01;0;0;0;0;0;0;0;0;0;0;0;0;;;;;
2026-05-06;O_SISEE0526P37.00;SISE_05/2026_AVRUPA_OPSIYON;D_EQ;SSO;D_EQ_EPP;DE_SISE_EPP;SISE.E;2026-05-25;0.01;0.01;0;0;0;0;0;0;0;0;0;0;0;0;;;;;
2026-05-06;O_SISEE0526P38.00;SISE_05/2026_AVRUPA_OPSIYON;D_EQ;SSO;D_EQ_EPP;DE_SISE_EPP;SISE.E;2026-05-25;0.01;0.01;0;0;0;0;0;0;0;0;0;0;0;0;;;;;
2026-05-06;O_SISEE0526P39.00;SISE_05/2026_AVRUPA_OPSIYON;D_EQ;SSO;D_EQ_EPP;DE_SISE_EPP;SISE.E;2026-05-25;0.01;0.01;0;0;0;0;0;0;0;0;0;0;0;0;;;;;
2026-05-06;O_SISEE0526P40.00;SISE_05/2026_AVRUPA_OPSIYON;D_EQ;SSO;D_EQ_EPP;DE_SISE_EPP;SISE.E;2026-05-25;0.01;0.01;0;0;0;0;0;0;0;0;0;0;0;0;;;;;
2026-05-06;O_SISEE0526P41.00;SISE_05/2026_AVRUPA_OPSIYON;D_EQ;SSO;D_EQ_EPP;DE_SISE_EPP;SISE.E;2026-05-25;0.01;0.02;-50;0;0;0;0;0;0;0;0;0;0;0;;;;;
2026-05-06;O_SISEE0526P42.00;SISE_05/2026_AVRUPA_OPSIYON;D_EQ;SSO;D_EQ_EPP;DE_SISE_EPP;SISE.E;2026-05-25;0.02;0.05;-60;0;0;0;0;0;0;0;0;0;0;0;;;;;
2026-05-06;O_SISEE0526P43.00;SISE_05/2026_AVRUPA_OPSIYON;D_EQ;SSO;D_EQ_EPP;DE_SISE_EPP;SISE.E;2026-05-25;0.04;0.11;-63.64;0;0;0;0;0;0;0;0;0;0;0;;;;;
2026-05-06;O_SISEE0526P44.00;SISE_05/2026_AVRUPA_OPSIYON;D_EQ;SSO;D_EQ_EPP;DE_SISE_EPP;SISE.E;2026-05-25;0.07;0.19;-63.16;0;0;0;0;0;0;0;0;0;0;0;;;;;
2026-05-06;O_SISEE0526P45.00;SISE_05/2026_AVRUPA_OPSIYON;D_EQ;SSO;D_EQ_EPP;DE_SISE_EPP;SISE.E;2026-05-25;0.14;0.33;-57.58;0.22;0.22;0.22;0.22;0.22;4500;22;1;1;1;1;;;;;
2026-05-06;O_SISEE0526P46.00;SISE_05/2026_AVRUPA_OPSIYON;D_EQ;SSO;D_EQ_EPP;DE_SISE_EPP;SISE.E;2026-05-25;0.25;0.54;-53.7;0;0;0;0;0;0;0;0;0;2500;0;;;;;
2026-05-06;O_SISEE0526P47.00;SISE_05/2026_AVRUPA_OPSIYON;D_EQ;SSO;D_EQ_EPP;DE_SISE_EPP;SISE.E;2026-05-25;0.41;0.83;-50.6;0.32;0.26;0.32;0.31;0.3;4855100;31458;1033;8;275;-820;;;;;
2026-05-06;O_SISEE0526P48.00;SISE_05/2026_AVRUPA_OPSIYON;D_EQ;SSO;D_EQ_EPP;DE_SISE_EPP;SISE.E;2026-05-25;0.64;1.2;-46.67;0.35;0.35;0.35;0.35;0.35;9998400;72905;2083;25;1570;-1023;;;;;
2026-05-06;O_SISEE0526P49.00;SISE_05/2026_AVRUPA_OPSIYON;D_EQ;SSO;D_EQ_EPP;DE_SISE_EPP;SISE.E;2026-05-25;0.95;1.67;-43.11;0.88;0.88;0.88;0.88;0.88;490000;8800;100;2;100;100;;;;;
2026-05-06;O_SISEE0526P50.00;SISE_05/2026_AVRUPA_OPSIYON;D_EQ;SSO;D_EQ_EPP;DE_SISE_EPP;SISE.E;2026-05-25;1.36;2.24;-39.29;1.17;0.67;1.2;1.18;1.07;8775000;187699;1755;19;38;-1517;;;;;
2026-05-06;O_SISEE0526P52.00;SISE_05/2026_AVRUPA_OPSIYON;D_EQ;SSO;D_EQ_EPP;DE_SISE_EPP;SISE.E;2026-05-25;2.44;3.62;-32.6;2.92;0.88;2.92;2.04;1.66;11689600;372392;2248;43;621;348;;;;;
2026-05-06;O_SISEE0526P54.00;SISE_05/2026_AVRUPA_OPSIYON;D_EQ;SSO;D_EQ_EPP;DE_SISE_EPP;SISE.E;2026-05-25;3.86;5.27;-26.76;0;0;0;0;0;0;0;0;0;0;0;;;;;
2026-05-06;O_SISEE0626C47.00;SISE_06/2026_AVRUPA_OPSIYON;D_EQ;SSO;D_EQ_ECP;DE_SISE_ECP;SISE.E;2026-06-30;6.05;4.72;28.18;0;0;0;0;0;0;0;0;0;1;0;;;;;
2026-05-06;O_SISEE0626C48.00;SISE_06/2026_AVRUPA_OPSIYON;D_EQ;SSO;D_EQ_ECP;DE_SISE_ECP;SISE.E;2026-06-30;5.36;4.1;30.73;4.25;4.25;6.61;6.61;6.51;604800;82025;126;6;125;125;;;;;
2026-05-06;O_SISEE0626C49.00;SISE_06/2026_AVRUPA_OPSIYON;D_EQ;SSO;D_EQ_ECP;DE_SISE_ECP;SISE.E;2026-06-30;4.71;3.54;33.05;5.43;5.43;6.01;5.82;5.75;2205000;258850;450;18;75;75;;;;;
2026-05-06;O_SISEE0626C50.00;SISE_06/2026_AVRUPA_OPSIYON;D_EQ;SSO;D_EQ_ECP;DE_SISE_ECP;SISE.E;2026-06-30;4.11;3.03;35.64;4.7;4.7;5.25;5.07;4.97;1875000;186550;375;15;100;100;;;;;
2026-05-06;O_SISEE0626C52.00;SISE_06/2026_AVRUPA_OPSIYON;D_EQ;SSO;D_EQ_ECP;DE_SISE_ECP;SISE.E;2026-06-30;3.06;2.16;41.67;3.45;3.45;3.86;3.72;3.68;1300000;92025;250;10;25;25;;;;;
2026-05-06;O_SISEE0626C54.00;SISE_06/2026_AVRUPA_OPSIYON;D_EQ;SSO;D_EQ_ECP;DE_SISE_ECP;SISE.E;2026-06-30;2.21;1.5;47.33;2.3;2.3;2.7;2.61;2.62;1090800;53003;202;10;253;0;;;;;
2026-05-06;O_SISEE0626C56.00;SISE_06/2026_AVRUPA_OPSIYON;D_EQ;SSO;D_EQ_ECP;DE_SISE_ECP;SISE.E;2026-06-30;1.55;1.01;53.47;1.81;1.77;1.81;1.77;1.79;280000;8950;50;2;1860;0;;;;;
2026-05-06;O_SISEE0626C58.00;SISE_06/2026_AVRUPA_OPSIYON;D_EQ;SSO;D_EQ_ECP;DE_SISE_ECP;SISE.E;2026-06-30;1.06;0.66;60.61;0.45;0.45;0.46;0.46;0.46;2320000;18200;400;2;400;400;;;;;
2026-05-06;O_SISEE0626C60.00;SISE_06/2026_AVRUPA_OPSIYON;D_EQ;SSO;D_EQ_ECP;DE_SISE_ECP;SISE.E;2026-06-30;0.71;0.42;69.05;0.4;0.4;0.43;0.43;0.42;6000000;41800;1000;5;1000;1000;;;;;
2026-05-06;O_SISEE0626C62.00;SISE_06/2026_AVRUPA_OPSIYON;D_EQ;SSO;D_EQ_ECP;DE_SISE_ECP;SISE.E;2026-06-30;0.46;0.26;76.92;0.3;0.3;0.3;0.3;0.3;6200;30;1;1;1;1;;;;;
2026-05-06;O_SISEE0626C64.00;SISE_06/2026_AVRUPA_OPSIYON;D_EQ;SSO;D_EQ_ECP;DE_SISE_ECP;SISE.E;2026-06-30;0.29;0.16;81.25;0;0;0;0;0;0;0;0;0;0;0;;;;;
2026-05-06;O_SISEE0626P42.00;SISE_06/2026_AVRUPA_OPSIYON;D_EQ;SSO;D_EQ_EPP;DE_SISE_EPP;SISE.E;2026-06-30;0.15;0.25;-40;0;0;0;0;0;0;0;0;0;0;0;;;;;
2026-05-06;O_SISEE0626P43.00;SISE_06/2026_AVRUPA_OPSIYON;D_EQ;SSO;D_EQ_EPP;DE_SISE_EPP;SISE.E;2026-06-30;0.23;0.37;-37.84;0;0;0;0;0;0;0;0;0;0;0;;;;;
2026-05-06;O_SISEE0626P44.00;SISE_06/2026_AVRUPA_OPSIYON;D_EQ;SSO;D_EQ_EPP;DE_SISE_EPP;SISE.E;2026-06-30;0.32;0.51;-37.25;0;0;0;0;0;0;0;0;0;0;0;;;;;
2026-05-06;O_SISEE0626P45.00;SISE_06/2026_AVRUPA_OPSIYON;D_EQ;SSO;D_EQ_EPP;DE_SISE_EPP;SISE.E;2026-06-30;0.45;0.69;-34.78;0;0;0;0;0;0;0;0;0;0;0;;;;;
2026-05-06;O_SISEE0626P46.00;SISE_06/2026_AVRUPA_OPSIYON;D_EQ;SSO;D_EQ_EPP;DE_SISE_EPP;SISE.E;2026-06-30;0.62;0.92;-32.61;0;0;0;0;0;0;0;0;0;0;0;;;;;
2026-05-06;O_SISEE0626P47.00;SISE_06/2026_AVRUPA_OPSIYON;D_EQ;SSO;D_EQ_EPP;DE_SISE_EPP;SISE.E;2026-06-30;0.82;1.2;-31.67;0;0;0;0;0;0;0;0;0;0;0;;;;;
2026-05-06;O_SISEE0626P48.00;SISE_06/2026_AVRUPA_OPSIYON;D_EQ;SSO;D_EQ_EPP;DE_SISE_EPP;SISE.E;2026-06-30;1.07;1.52;-29.61;0;0;0;0;0;0;0;0;0;0;0;;;;;
2026-05-06;O_SISEE0626P49.00;SISE_06/2026_AVRUPA_OPSIYON;D_EQ;SSO;D_EQ_EPP;DE_SISE_EPP;SISE.E;2026-06-30;1.36;1.9;-28.42;0;0;0;0;0;0;0;0;0;0;0;;;;;
2026-05-06;O_SISEE0626P50.00;SISE_06/2026_AVRUPA_OPSIYON;D_EQ;SSO;D_EQ_EPP;DE_SISE_EPP;SISE.E;2026-06-30;1.7;2.33;-27.04;0.86;0.86;0.86;0.86;0.86;250000;4300;50;2;50;50;;;;;
2026-05-06;O_SISEE0626P52.00;SISE_06/2026_AVRUPA_OPSIYON;D_EQ;SSO;D_EQ_EPP;DE_SISE_EPP;SISE.E;2026-06-30;2.54;3.36;-24.4;1.36;1.36;1.36;1.36;1.36;520000;13600;100;4;100;100;;;;;
2026-05-06;O_SISEE0626P54.00;SISE_06/2026_AVRUPA_OPSIYON;D_EQ;SSO;D_EQ_EPP;DE_SISE_EPP;SISE.E;2026-06-30;3.59;4.58;-21.62;2.09;2.09;2.09;2.09;2.09;405000;15675;75;3;75;75;;;;;
2026-05-06;O_SISEE0726C49.00;SISE_07/2026_AVRUPA_OPSIYON;D_EQ;SSO;D_EQ_ECP;DE_SISE_ECP;SISE.E;2026-07-31;6.87;5.56;23.56;0;0;0;0;0;0;0;0;0;0;0;;;;;
2026-05-06;O_SISEE0726C50.00;SISE_07/2026_AVRUPA_OPSIYON;D_EQ;SSO;D_EQ_ECP;DE_SISE_ECP;SISE.E;2026-07-31;6.24;4.99;25.05;0;0;0;0;0;0;0;0;0;0;0;;;;;
2026-05-06;O_SISEE0726C52.00;SISE_07/2026_AVRUPA_OPSIYON;D_EQ;SSO;D_EQ_ECP;DE_SISE_ECP;SISE.E;2026-07-31;5.09;3.97;28.21;0;0;0;0;0;0;0;0;0;0;0;;;;;
2026-05-06;O_SISEE0726C54.00;SISE_07/2026_AVRUPA_OPSIYON;D_EQ;SSO;D_EQ_ECP;DE_SISE_ECP;SISE.E;2026-07-31;4.08;3.1;31.61;0;0;0;0;0;0;0;0;0;0;0;;;;;
2026-05-06;O_SISEE0726C56.00;SISE_07/2026_AVRUPA_OPSIYON;D_EQ;SSO;D_EQ_ECP;DE_SISE_ECP;SISE.E;2026-07-31;3.22;2.39;34.73;0;0;0;0;0;0;0;0;0;0;0;;;;;
2026-05-06;O_SISEE0726C58.00;SISE_07/2026_AVRUPA_OPSIYON;D_EQ;SSO;D_EQ_ECP;DE_SISE_ECP;SISE.E;2026-07-31;2.51;1.81;38.67;0;0;0;0;0;0;0;0;0;0;0;;;;;
2026-05-06;O_SISEE0726C60.00;SISE_07/2026_AVRUPA_OPSIYON;D_EQ;SSO;D_EQ_ECP;DE_SISE_ECP;SISE.E;2026-07-31;1.93;1.35;42.96;0;0;0;0;0;0;0;0;0;0;0;;;;;
2026-05-06;O_SISEE0726C62.00;SISE_07/2026_AVRUPA_OPSIYON;D_EQ;SSO;D_EQ_ECP;DE_SISE_ECP;SISE.E;2026-07-31;1.46;0.99;47.47;0;0;0;0;0;0;0;0;0;0;0;;;;;
2026-05-06;O_SISEE0726C64.00;SISE_07/2026_AVRUPA_OPSIYON;D_EQ;SSO;D_EQ_ECP;DE_SISE_ECP;SISE.E;2026-07-31;1.09;0.72;51.39;0;0;0;0;0;0;0;0;0;0;0;;;;;
2026-05-06;O_SISEE0726P44.00;SISE_07/2026_AVRUPA_OPSIYON;D_EQ;SSO;D_EQ_EPP;DE_SISE_EPP;SISE.E;2026-07-31;0.37;0.52;-28.85;0;0;0;0;0;0;0;0;0;0;0;;;;;
2026-05-06;O_SISEE0726P45.00;SISE_07/2026_AVRUPA_OPSIYON;D_EQ;SSO;D_EQ_EPP;DE_SISE_EPP;SISE.E;2026-07-31;0.48;0.67;-28.36;0;0;0;0;0;0;0;0;0;0;0;;;;;
2026-05-06;O_SISEE0726P46.00;SISE_07/2026_AVRUPA_OPSIYON;D_EQ;SSO;D_EQ_EPP;DE_SISE_EPP;SISE.E;2026-07-31;0.62;0.85;-27.06;0;0;0;0;0;0;0;0;0;0;0;;;;;
2026-05-06;O_SISEE0726P47.00;SISE_07/2026_AVRUPA_OPSIYON;D_EQ;SSO;D_EQ_EPP;DE_SISE_EPP;SISE.E;2026-07-31;0.79;1.07;-26.17;0;0;0;0;0;0;0;0;0;0;0;;;;;
2026-05-06;O_SISEE0726P48.00;SISE_07/2026_AVRUPA_OPSIYON;D_EQ;SSO;D_EQ_EPP;DE_SISE_EPP;SISE.E;2026-07-31;0.99;1.32;-25;0;0;0;0;0;0;0;0;0;0;0;;;;;
2026-05-06;O_SISEE0726P49.00;SISE_07/2026_AVRUPA_OPSIYON;D_EQ;SSO;D_EQ_EPP;DE_SISE_EPP;SISE.E;2026-07-31;1.22;1.61;-24.22;0;0;0;0;0;0;0;0;0;0;0;;;;;
2026-05-06;O_SISEE0726P50.00;SISE_07/2026_AVRUPA_OPSIYON;D_EQ;SSO;D_EQ_EPP;DE_SISE_EPP;SISE.E;2026-07-31;1.48;1.94;-23.71;0;0;0;0;0;0;0;0;0;0;0;;;;;
2026-05-06;O_SISEE0726P52.00;SISE_07/2026_AVRUPA_OPSIYON;D_EQ;SSO;D_EQ_EPP;DE_SISE_EPP;SISE.E;2026-07-31;2.12;2.71;-21.77;0;0;0;0;0;0;0;0;0;0;0;;;;;
2026-05-06;O_SISEE0726P54.00;SISE_07/2026_AVRUPA_OPSIYON;D_EQ;SSO;D_EQ_EPP;DE_SISE_EPP;SISE.E;2026-07-31;2.91;3.64;-20.05;0;0;0;0;0;0;0;0;0;0;0;;;;;
2026-05-06;O_TAVHLE0526C270.00;TAVHL_05/2026_AVRUPA_OPSIYON;D_EQ;SSO;D_EQ_ECP;DE_TAVHL_ECP;TAVHL.E;2026-05-25;27.21;16.58;64.11;0;0;0;0;0;0;0;0;0;1;0;;;;;
2026-05-06;O_TAVHLE0526C280.00;TAVHL_05/2026_AVRUPA_OPSIYON;D_EQ;SSO;D_EQ_ECP;DE_TAVHL_ECP;TAVHL.E;2026-05-25;19.47;10.82;79.94;14;14;14;14;14;6636000;331800;237;10;23;-214;;;;;
2026-05-06;O_TAVHLE0526C290.00;TAVHL_05/2026_AVRUPA_OPSIYON;D_EQ;SSO;D_EQ_ECP;DE_TAVHL_ECP;TAVHL.E;2026-05-25;13.14;6.57;100;12;12;12;12;12;290000;12000;10;1;28;0;;;;;
2026-05-06;O_TAVHLE0526C300.00;TAVHL_05/2026_AVRUPA_OPSIYON;D_EQ;SSO;D_EQ_ECP;DE_TAVHL_ECP;TAVHL.E;2026-05-25;8.34;3.72;124.19;5.75;5.75;7.15;7.15;7.13;1830000;43475;61;3;223;-61;;;;;
2026-05-06;O_TAVHLE0526C310.00;TAVHL_05/2026_AVRUPA_OPSIYON;D_EQ;SSO;D_EQ_ECP;DE_TAVHL_ECP;TAVHL.E;2026-05-25;5;1.95;156.41;3.76;3.76;3.76;3.76;3.76;310000;3760;10;1;120;0;;;;;
2026-05-06;O_TAVHLE0526C320.00;TAVHL_05/2026_AVRUPA_OPSIYON;D_EQ;SSO;D_EQ_ECP;DE_TAVHL_ECP;TAVHL.E;2026-05-25;2.96;0.96;208.33;0;0;0;0;0;0;0;0;0;40;0;;;;;
2026-05-06;O_TAVHLE0526C330.00;TAVHL_05/2026_AVRUPA_OPSIYON;D_EQ;SSO;D_EQ_ECP;DE_TAVHL_ECP;TAVHL.E;2026-05-25;1.71;0.44;288.64;0;0;0;0;0;0;0;0;0;30;0;;;;;
2026-05-06;O_TAVHLE0526C340.00;TAVHL_05/2026_AVRUPA_OPSIYON;D_EQ;SSO;D_EQ_ECP;DE_TAVHL_ECP;TAVHL.E;2026-05-25;0.97;0.19;410.53;0;0;0;0;0;0;0;0;0;10;0;;;;;
2026-05-06;O_TAVHLE0526C350.00;TAVHL_05/2026_AVRUPA_OPSIYON;D_EQ;SSO;D_EQ_ECP;DE_TAVHL_ECP;TAVHL.E;2026-05-25;0.55;0.08;587.5;0;0;0;0;0;0;0;0;0;0;0;;;;;
2026-05-06;O_TAVHLE0526C360.00;TAVHL_05/2026_AVRUPA_OPSIYON;D_EQ;SSO;D_EQ_ECP;DE_TAVHL_ECP;TAVHL.E;2026-05-25;0.3;0.03;900;0;0;0;0;0;0;0;0;0;0;0;;;;;
2026-05-06;O_TAVHLE0526C370.00;TAVHL_05/2026_AVRUPA_OPSIYON;D_EQ;SSO;D_EQ_ECP;DE_TAVHL_ECP;TAVHL.E;2026-05-25;0.17;0.01;1600;0;0;0;0;0;0;0;0;0;0;0;;;;;
2026-05-06;O_TAVHLE0526C380.00;TAVHL_05/2026_AVRUPA_OPSIYON;D_EQ;SSO;D_EQ_ECP;DE_TAVHL_ECP;TAVHL.E;2026-05-25;0.1;0.01;900;0;0;0;0;0;0;0;0;0;0;0;;;;;
2026-05-06;O_TAVHLE0526C390.00;TAVHL_05/2026_AVRUPA_OPSIYON;D_EQ;SSO;D_EQ_ECP;DE_TAVHL_ECP;TAVHL.E;2026-05-25;0.05;0.01;400;0;0;0;0;0;0;0;0;0;0;0;;;;;
2026-05-06;O_TAVHLE0526C400.00;TAVHL_05/2026_AVRUPA_OPSIYON;D_EQ;SSO;D_EQ_ECP;DE_TAVHL_ECP;TAVHL.E;2026-05-25;0.03;0.01;200;0;0;0;0;0;0;0;0;0;0;0;;;;;
2026-05-06;O_TAVHLE0526C410.00;TAVHL_05/2026_AVRUPA_OPSIYON;D_EQ;SSO;D_EQ_ECP;DE_TAVHL_ECP;TAVHL.E;2026-05-25;0.02;0.01;100;0;0;0;0;0;0;0;0;0;0;0;;;;;
2026-05-06;O_TAVHLE0526C420.00;TAVHL_05/2026_AVRUPA_OPSIYON;D_EQ;SSO;D_EQ_ECP;DE_TAVHL_ECP;TAVHL.E;2026-05-25;0.01;0.01;0;0;0;0;0;0;0;0;0;0;0;0;;;;;
2026-05-06;O_TAVHLE0526P235.00;TAVHL_05/2026_AVRUPA_OPSIYON;D_EQ;SSO;D_EQ_EPP;DE_TAVHL_EPP;TAVHL.E;2026-05-25;0.09;0.19;-52.63;0;0;0;0;0;0;0;0;0;0;0;;;;;
2026-05-06;O_TAVHLE0526P240.00;TAVHL_05/2026_AVRUPA_OPSIYON;D_EQ;SSO;D_EQ_EPP;DE_TAVHL_EPP;TAVHL.E;2026-05-25;0.16;0.35;-54.29;0;0;0;0;0;0;0;0;0;0;0;;;;;
2026-05-06;O_TAVHLE0526P245.00;TAVHL_05/2026_AVRUPA_OPSIYON;D_EQ;SSO;D_EQ_EPP;DE_TAVHL_EPP;TAVHL.E;2026-05-25;0.26;0.61;-57.38;0;0;0;0;0;0;0;0;0;0;0;;;;;
2026-05-06;O_TAVHLE0526P250.00;TAVHL_05/2026_AVRUPA_OPSIYON;D_EQ;SSO;D_EQ_EPP;DE_TAVHL_EPP;TAVHL.E;2026-05-25;0.42;1.01;-58.42;0;0;0;0;0;0;0;0;0;0;0;;;;;
2026-05-06;O_TAVHLE0526P260.00;TAVHL_05/2026_AVRUPA_OPSIYON;D_EQ;SSO;D_EQ_EPP;DE_TAVHL_EPP;TAVHL.E;2026-05-25;1.01;2.44;-58.61;0;0;0;0;0;0;0;0;0;0;0;;;;;
2026-05-06;O_TAVHLE0526P270.00;TAVHL_05/2026_AVRUPA_OPSIYON;D_EQ;SSO;D_EQ_EPP;DE_TAVHL_EPP;TAVHL.E;2026-05-25;2.17;5.02;-56.77;3.94;3.25;3.94;3.25;3.37;1620000;20190;60;2;110;60;;;;;
2026-05-06;O_TAVHLE0526P280.00;TAVHL_05/2026_AVRUPA_OPSIYON;D_EQ;SSO;D_EQ_EPP;DE_TAVHL_EPP;TAVHL.E;2026-05-25;4.23;9.05;-53.26;5.5;4.1;5.5;4.1;5.14;1708000;31330;61;5;50;40;;;;;
2026-05-06;O_TAVHLE0526P290.00;TAVHL_05/2026_AVRUPA_OPSIYON;D_EQ;SSO;D_EQ_EPP;DE_TAVHL_EPP;TAVHL.E;2026-05-25;7.71;14.6;-47.19;0;0;0;0;0;0;0;0;0;110;0;;;;;
2026-05-06;O_TAVHLE0526P300.00;TAVHL_05/2026_AVRUPA_OPSIYON;D_EQ;SSO;D_EQ_EPP;DE_TAVHL_EPP;TAVHL.E;2026-05-25;12.71;21.53;-40.97;0;0;0;0;0;0;0;0;0;0;0;;;;;
2026-05-06;O_TAVHLE0526P310.00;TAVHL_05/2026_AVRUPA_OPSIYON;D_EQ;SSO;D_EQ_EPP;DE_TAVHL_EPP;TAVHL.E;2026-05-25;19.18;29.57;-35.14;0;0;0;0;0;0;0;0;0;0;0;;;;;
2026-05-06;O_TAVHLE0526P320.00;TAVHL_05/2026_AVRUPA_OPSIYON;D_EQ;SSO;D_EQ_EPP;DE_TAVHL_EPP;TAVHL.E;2026-05-25;26.95;38.36;-29.74;0;0;0;0;0;0;0;0;0;0;0;;;;;
2026-05-06;O_TAVHLE0526P330.00;TAVHL_05/2026_AVRUPA_OPSIYON;D_EQ;SSO;D_EQ_EPP;DE_TAVHL_EPP;TAVHL.E;2026-05-25;35.5;47.64;-25.48;0.02;0.02;0.02;0.02;0.02;132000;8;4;1;4;0;;;;;
2026-05-06;O_TAVHLE0526P340.00;TAVHL_05/2026_AVRUPA_OPSIYON;D_EQ;SSO;D_EQ_EPP;DE_TAVHL_EPP;TAVHL.E;2026-05-25;44.56;57.18;-22.07;0;0;0;0;0;0;0;0;0;0;0;;;;;
2026-05-06;O_TAVHLE0526P350.00;TAVHL_05/2026_AVRUPA_OPSIYON;D_EQ;SSO;D_EQ_EPP;DE_TAVHL_EPP;TAVHL.E;2026-05-25;53.94;66.86;-19.32;0;0;0;0;0;0;0;0;0;0;0;;;;;
2026-05-06;O_TAVHLE0526P360.00;TAVHL_05/2026_AVRUPA_OPSIYON;D_EQ;SSO;D_EQ_EPP;DE_TAVHL_EPP;TAVHL.E;2026-05-25;63.5;76.61;-17.11;0;0;0;0;0;0;0;0;0;10;0;;;;;
2026-05-06;O_TAVHLE0526P370.00;TAVHL_05/2026_AVRUPA_OPSIYON;D_EQ;SSO;D_EQ_EPP;DE_TAVHL_EPP;TAVHL.E;2026-05-25;73.17;86.39;-15.3;0;0;0;0;0;0;0;0;0;30;0;;;;;
2026-05-06;O_TAVHLE0626C280.00;TAVHL_06/2026_AVRUPA_OPSIYON;D_EQ;SSO;D_EQ_ECP;DE_TAVHL_ECP;TAVHL.E;2026-06-30;32.68;22.87;42.89;0;0;0;0;0;0;0;0;0;0;0;;;;;
2026-05-06;O_TAVHLE0626C290.00;TAVHL_06/2026_AVRUPA_OPSIYON;D_EQ;SSO;D_EQ_ECP;DE_TAVHL_ECP;TAVHL.E;2026-06-30;26.19;17.79;47.22;0;0;0;0;0;0;0;0;0;0;0;;;;;
2026-05-06;O_TAVHLE0626C300.00;TAVHL_06/2026_AVRUPA_OPSIYON;D_EQ;SSO;D_EQ_ECP;DE_TAVHL_ECP;TAVHL.E;2026-06-30;20.71;13.56;52.73;0;0;0;0;0;0;0;0;0;0;0;;;;;
2026-05-06;O_TAVHLE0626C310.00;TAVHL_06/2026_AVRUPA_OPSIYON;D_EQ;SSO;D_EQ_ECP;DE_TAVHL_ECP;TAVHL.E;2026-06-30;16.16;10.13;59.53;0;0;0;0;0;0;0;0;0;0;0;;;;;
2026-05-06;O_TAVHLE0626C320.00;TAVHL_06/2026_AVRUPA_OPSIYON;D_EQ;SSO;D_EQ_ECP;DE_TAVHL_ECP;TAVHL.E;2026-06-30;12.52;7.43;68.51;0;0;0;0;0;0;0;0;0;0;0;;;;;
2026-05-06;O_TAVHLE0626C330.00;TAVHL_06/2026_AVRUPA_OPSIYON;D_EQ;SSO;D_EQ_ECP;DE_TAVHL_ECP;TAVHL.E;2026-06-30;9.83;5.34;84.08;0;0;0;0;0;0;0;0;0;0;0;;;;;
2026-05-06;O_TAVHLE0626C340.00;TAVHL_06/2026_AVRUPA_OPSIYON;D_EQ;SSO;D_EQ_ECP;DE_TAVHL_ECP;TAVHL.E;2026-06-30;7.71;3.78;103.97;0;0;0;0;0;0;0;0;0;0;0;;;;;
2026-05-06;O_TAVHLE0626C350.00;TAVHL_06/2026_AVRUPA_OPSIYON;D_EQ;SSO;D_EQ_ECP;DE_TAVHL_ECP;TAVHL.E;2026-06-30;6.06;2.63;130.42;0;0;0;0;0;0;0;0;0;0;0;;;;;
2026-05-06;O_TAVHLE0626C360.00;TAVHL_06/2026_AVRUPA_OPSIYON;D_EQ;SSO;D_EQ_ECP;DE_TAVHL_ECP;TAVHL.E;2026-06-30;4.78;1.8;165.56;0;0;0;0;0;0;0;0;0;0;0;;;;;
2026-05-06;O_TAVHLE0626C370.00;TAVHL_06/2026_AVRUPA_OPSIYON;D_EQ;SSO;D_EQ_ECP;DE_TAVHL_ECP;TAVHL.E;2026-06-30;3.79;1.21;213.22;0;0;0;0;0;0;0;0;0;0;0;;;;;
2026-05-06;O_TAVHLE0626C380.00;TAVHL_06/2026_AVRUPA_OPSIYON;D_EQ;SSO;D_EQ_ECP;DE_TAVHL_ECP;TAVHL.E;2026-06-30;3.01;0.8;276.25;0;0;0;0;0;0;0;0;0;0;0;;;;;
2026-05-06;O_TAVHLE0626C390.00;TAVHL_06/2026_AVRUPA_OPSIYON;D_EQ;SSO;D_EQ_ECP;DE_TAVHL_ECP;TAVHL.E;2026-06-30;2.42;0.53;356.6;0;0;0;0;0;0;0;0;0;0;0;;;;;
2026-05-06;O_TAVHLE0626C400.00;TAVHL_06/2026_AVRUPA_OPSIYON;D_EQ;SSO;D_EQ_ECP;DE_TAVHL_ECP;TAVHL.E;2026-06-30;1.95;0.34;473.53;0;0;0;0;0;0;0;0;0;0;0;;;;;
2026-05-06;O_TAVHLE0626C410.00;TAVHL_06/2026_AVRUPA_OPSIYON;D_EQ;SSO;D_EQ_ECP;DE_TAVHL_ECP;TAVHL.E;2026-06-30;1.59;0.22;622.73;0;0;0;0;0;0;0;0;0;0;0;;;;;
2026-05-06;O_TAVHLE0626C420.00;TAVHL_06/2026_AVRUPA_OPSIYON;D_EQ;SSO;D_EQ_ECP;DE_TAVHL_ECP;TAVHL.E;2026-06-30;1.3;0.14;828.57;0;0;0;0;0;0;0;0;0;0;0;;;;;
2026-05-06;O_TAVHLE0626C430.00;TAVHL_06/2026_AVRUPA_OPSIYON;D_EQ;SSO;D_EQ_ECP;DE_TAVHL_ECP;TAVHL.E;2026-06-30;1.08;0.09;1100;0;0;0;0;0;0;0;0;0;0;0;;;;;
2026-05-06;O_TAVHLE0626C440.00;TAVHL_06/2026_AVRUPA_OPSIYON;D_EQ;SSO;D_EQ_ECP;DE_TAVHL_ECP;TAVHL.E;2026-06-30;0.9;0.05;1700;0;0;0;0;0;0;0;0;0;0;0;;;;;
2026-05-06;O_TAVHLE0626P240.00;TAVHL_06/2026_AVRUPA_OPSIYON;D_EQ;SSO;D_EQ_EPP;DE_TAVHL_EPP;TAVHL.E;2026-06-30;1.43;1.68;-14.88;0;0;0;0;0;0;0;0;0;0;0;;;;;
2026-05-06;O_TAVHLE0626P245.00;TAVHL_06/2026_AVRUPA_OPSIYON;D_EQ;SSO;D_EQ_EPP;DE_TAVHL_EPP;TAVHL.E;2026-06-30;1.81;2.25;-19.56;0;0;0;0;0;0;0;0;0;0;0;;;;;
2026-05-06;O_TAVHLE0626P250.00;TAVHL_06/2026_AVRUPA_OPSIYON;D_EQ;SSO;D_EQ_EPP;DE_TAVHL_EPP;TAVHL.E;2026-06-30;2.27;2.96;-23.31;0;0;0;0;0;0;0;0;0;0;0;;;;;
2026-05-06;O_TAVHLE0626P260.00;TAVHL_06/2026_AVRUPA_OPSIYON;D_EQ;SSO;D_EQ_EPP;DE_TAVHL_EPP;TAVHL.E;2026-06-30;3.47;4.88;-28.89;0;0;0;0;0;0;0;0;0;0;0;;;;;
2026-05-06;O_TAVHLE0626P270.00;TAVHL_06/2026_AVRUPA_OPSIYON;D_EQ;SSO;D_EQ_EPP;DE_TAVHL_EPP;TAVHL.E;2026-06-30;5.13;7.53;-31.87;0;0;0;0;0;0;0;0;0;0;0;;;;;
2026-05-06;O_TAVHLE0626P280.00;TAVHL_06/2026_AVRUPA_OPSIYON;D_EQ;SSO;D_EQ_EPP;DE_TAVHL_EPP;TAVHL.E;2026-06-30;7.35;11.01;-33.24;0;0;0;0;0;0;0;0;0;0;0;;;;;
2026-05-06;O_TAVHLE0626P290.00;TAVHL_06/2026_AVRUPA_OPSIYON;D_EQ;SSO;D_EQ_EPP;DE_TAVHL_EPP;TAVHL.E;2026-06-30;10.3;15.36;-32.94;0;0;0;0;0;0;0;0;0;0;0;;;;;
2026-05-06;O_TAVHLE0626P300.00;TAVHL_06/2026_AVRUPA_OPSIYON;D_EQ;SSO;D_EQ_EPP;DE_TAVHL_EPP;TAVHL.E;2026-06-30;14.26;20.57;-30.68;0;0;0;0;0;0;0;0;0;0;0;;;;;
2026-05-06;O_TAVHLE0626P310.00;TAVHL_06/2026_AVRUPA_OPSIYON;D_EQ;SSO;D_EQ_EPP;DE_TAVHL_EPP;TAVHL.E;2026-06-30;19.16;26.57;-27.89;0;0;0;0;0;0;0;0;0;0;0;;;;;
2026-05-06;O_TAVHLE0626P320.00;TAVHL_06/2026_AVRUPA_OPSIYON;D_EQ;SSO;D_EQ_EPP;DE_TAVHL_EPP;TAVHL.E;2026-06-30;24.96;33.3;-25.05;0;0;0;0;0;0;0;0;0;0;0;;;;;
2026-05-06;O_TAVHLE0626P330.00;TAVHL_06/2026_AVRUPA_OPSIYON;D_EQ;SSO;D_EQ_EPP;DE_TAVHL_EPP;TAVHL.E;2026-06-30;31.71;40.65;-21.99;0;0;0;0;0;0;0;0;0;0;0;;;;;
2026-05-06;O_TAVHLE0626P340.00;TAVHL_06/2026_AVRUPA_OPSIYON;D_EQ;SSO;D_EQ_EPP;DE_TAVHL_EPP;TAVHL.E;2026-06-30;39.04;48.52;-19.54;0;0;0;0;0;0;0;0;0;0;0;;;;;
2026-05-06;O_TAVHLE0626P350.00;TAVHL_06/2026_AVRUPA_OPSIYON;D_EQ;SSO;D_EQ_EPP;DE_TAVHL_EPP;TAVHL.E;2026-06-30;46.83;56.8;-17.55;0;0;0;0;0;0;0;0;0;0;0;;;;;
2026-05-06;O_TAVHLE0626P360.00;TAVHL_06/2026_AVRUPA_OPSIYON;D_EQ;SSO;D_EQ_EPP;DE_TAVHL_EPP;TAVHL.E;2026-06-30;55;65.41;-15.91;0;0;0;0;0;0;0;0;0;0;0;;;;;
2026-05-06;O_TAVHLE0626P370.00;TAVHL_06/2026_AVRUPA_OPSIYON;D_EQ;SSO;D_EQ_EPP;DE_TAVHL_EPP;TAVHL.E;2026-06-30;63.44;74.26;-14.57;0;0;0;0;0;0;0;0;0;0;0;;;;;
2026-05-06;O_TAVHLE0626P380.00;TAVHL_06/2026_AVRUPA_OPSIYON;D_EQ;SSO;D_EQ_EPP;DE_TAVHL_EPP;TAVHL.E;2026-06-30;72.12;83.28;-13.4;0;0;0;0;0;0;0;0;0;0;0;;;;;
2026-05-06;O_TAVHLE0626P390.00;TAVHL_06/2026_AVRUPA_OPSIYON;D_EQ;SSO;D_EQ_EPP;DE_TAVHL_EPP;TAVHL.E;2026-06-30;80.96;92.44;-12.42;0;0;0;0;0;0;0;0;0;0;0;;;;;
2026-05-06;O_TAVHLE0726C290.00;TAVHL_07/2026_AVRUPA_OPSIYON;D_EQ;SSO;D_EQ_ECP;DE_TAVHL_ECP;TAVHL.E;2026-07-31;39.05;29.17;33.87;0;0;0;0;0;0;0;0;0;0;0;;;;;
2026-05-06;O_TAVHLE0726C300.00;TAVHL_07/2026_AVRUPA_OPSIYON;D_EQ;SSO;D_EQ_ECP;DE_TAVHL_ECP;TAVHL.E;2026-07-31;33;24.21;36.31;0;0;0;0;0;0;0;0;0;0;0;;;;;
2026-05-06;O_TAVHLE0726C310.00;TAVHL_07/2026_AVRUPA_OPSIYON;D_EQ;SSO;D_EQ_ECP;DE_TAVHL_ECP;TAVHL.E;2026-07-31;27.68;19.88;39.24;0;0;0;0;0;0;0;0;0;0;0;;;;;
2026-05-06;O_TAVHLE0726C320.00;TAVHL_07/2026_AVRUPA_OPSIYON;D_EQ;SSO;D_EQ_ECP;DE_TAVHL_ECP;TAVHL.E;2026-07-31;23.16;16.16;43.32;0;0;0;0;0;0;0;0;0;0;0;;;;;
2026-05-06;O_TAVHLE0726C330.00;TAVHL_07/2026_AVRUPA_OPSIYON;D_EQ;SSO;D_EQ_ECP;DE_TAVHL_ECP;TAVHL.E;2026-07-31;19.41;13;49.31;0;0;0;0;0;0;0;0;0;0;0;;;;;
2026-05-06;O_TAVHLE0726C340.00;TAVHL_07/2026_AVRUPA_OPSIYON;D_EQ;SSO;D_EQ_ECP;DE_TAVHL_ECP;TAVHL.E;2026-07-31;16.44;10.36;58.69;0;0;0;0;0;0;0;0;0;0;0;;;;;
2026-05-06;O_TAVHLE0726C350.00;TAVHL_07/2026_AVRUPA_OPSIYON;D_EQ;SSO;D_EQ_ECP;DE_TAVHL_ECP;TAVHL.E;2026-07-31;13.95;8.18;70.54;0;0;0;0;0;0;0;0;0;0;0;;;;;
2026-05-06;O_TAVHLE0726C360.00;TAVHL_07/2026_AVRUPA_OPSIYON;D_EQ;SSO;D_EQ_ECP;DE_TAVHL_ECP;TAVHL.E;2026-07-31;11.87;6.4;85.47;0;0;0;0;0;0;0;0;0;0;0;;;;;
2026-05-06;O_TAVHLE0726P245.00;TAVHL_07/2026_AVRUPA_OPSIYON;D_EQ;SSO;D_EQ_EPP;DE_TAVHL_EPP;TAVHL.E;2026-07-31;2.44;2.51;-2.79;0;0;0;0;0;0;0;0;0;0;0;;;;;
2026-05-06;O_TAVHLE0726P250.00;TAVHL_07/2026_AVRUPA_OPSIYON;D_EQ;SSO;D_EQ_EPP;DE_TAVHL_EPP;TAVHL.E;2026-07-31;2.9;3.16;-8.23;0;0;0;0;0;0;0;0;0;0;0;;;;;
2026-05-06;O_TAVHLE0726P260.00;TAVHL_07/2026_AVRUPA_OPSIYON;D_EQ;SSO;D_EQ_EPP;DE_TAVHL_EPP;TAVHL.E;2026-07-31;4.02;4.79;-16.08;0;0;0;0;0;0;0;0;0;0;0;;;;;
2026-05-06;O_TAVHLE0726P270.00;TAVHL_07/2026_AVRUPA_OPSIYON;D_EQ;SSO;D_EQ_EPP;DE_TAVHL_EPP;TAVHL.E;2026-07-31;5.46;6.95;-21.44;0;0;0;0;0;0;0;0;0;0;0;;;;;
2026-05-06;O_TAVHLE0726P280.00;TAVHL_07/2026_AVRUPA_OPSIYON;D_EQ;SSO;D_EQ_EPP;DE_TAVHL_EPP;TAVHL.E;2026-07-31;7.27;9.69;-24.97;0;0;0;0;0;0;0;0;0;0;0;;;;;
2026-05-06;O_TAVHLE0726P290.00;TAVHL_07/2026_AVRUPA_OPSIYON;D_EQ;SSO;D_EQ_EPP;DE_TAVHL_EPP;TAVHL.E;2026-07-31;9.52;13.05;-27.05;0;0;0;0;0;0;0;0;0;0;0;;;;;
2026-05-06;O_TAVHLE0726P300.00;TAVHL_07/2026_AVRUPA_OPSIYON;D_EQ;SSO;D_EQ_EPP;DE_TAVHL_EPP;TAVHL.E;2026-07-31;12.43;17.06;-27.14;0;0;0;0;0;0;0;0;0;0;0;;;;;
2026-05-06;O_TAVHLE0726P310.00;TAVHL_07/2026_AVRUPA_OPSIYON;D_EQ;SSO;D_EQ_EPP;DE_TAVHL_EPP;TAVHL.E;2026-07-31;16.09;21.69;-25.82;0;0;0;0;0;0;0;0;0;0;0;;;;;
2026-05-06;O_TCELLE0526C105.00;TCELL_05/2026_AVRUPA_OPSIYON;D_EQ;SSO;D_EQ_ECP;DE_TCELL_ECP;TCELL.E;2026-05-25;15.07;12.86;17.19;0;0;0;0;0;0;0;0;0;0;0;;;;;
2026-05-06;O_TCELLE0526C110.00;TCELL_05/2026_AVRUPA_OPSIYON;D_EQ;SSO;D_EQ_ECP;DE_TCELL_ECP;TCELL.E;2026-05-25;10.73;8.77;22.35;0;0;0;0;0;0;0;0;0;37;0;;;;;
2026-05-06;O_TCELLE0526C115.00;TCELL_05/2026_AVRUPA_OPSIYON;D_EQ;SSO;D_EQ_ECP;DE_TCELL_ECP;TCELL.E;2026-05-25;7;5.45;28.44;0;0;0;0;0;0;0;0;0;10;0;;;;;
2026-05-06;O_TCELLE0526C120.00;TCELL_05/2026_AVRUPA_OPSIYON;D_EQ;SSO;D_EQ_ECP;DE_TCELL_ECP;TCELL.E;2026-05-25;4.15;3.06;35.62;0;0;0;0;0;0;0;0;0;11;0;;;;;
2026-05-06;O_TCELLE0526C125.00;TCELL_05/2026_AVRUPA_OPSIYON;D_EQ;SSO;D_EQ_ECP;DE_TCELL_ECP;TCELL.E;2026-05-25;2.23;1.57;42.04;1.5;1.5;1.5;1.5;1.5;12500;150;1;1;102;1;;;;;
2026-05-06;O_TCELLE0526C130.00;TCELL_05/2026_AVRUPA_OPSIYON;D_EQ;SSO;D_EQ_ECP;DE_TCELL_ECP;TCELL.E;2026-05-25;1.13;0.75;50.67;0.9;0.9;0.96;0.96;0.93;6357000;45314;489;3;1154;489;;;;;
2026-05-06;O_TCELLE0526C135.00;TCELL_05/2026_AVRUPA_OPSIYON;D_EQ;SSO;D_EQ_ECP;DE_TCELL_ECP;TCELL.E;2026-05-25;0.54;0.34;58.82;0;0;0;0;0;0;0;0;0;339;0;;;;;
2026-05-06;O_TCELLE0526C140.00;TCELL_05/2026_AVRUPA_OPSIYON;D_EQ;SSO;D_EQ_ECP;DE_TCELL_ECP;TCELL.E;2026-05-25;0.25;0.14;78.57;0;0;0;0;0;0;0;0;0;326;0;;;;;
2026-05-06;O_TCELLE0526C145.00;TCELL_05/2026_AVRUPA_OPSIYON;D_EQ;SSO;D_EQ_ECP;DE_TCELL_ECP;TCELL.E;2026-05-25;0.11;0.06;83.33;0;0;0;0;0;0;0;0;0;226;0;;;;;
2026-05-06;O_TCELLE0526C150.00;TCELL_05/2026_AVRUPA_OPSIYON;D_EQ;SSO;D_EQ_ECP;DE_TCELL_ECP;TCELL.E;2026-05-25;0.05;0.02;150;0;0;0;0;0;0;0;0;0;0;0;;;;;
2026-05-06;O_TCELLE0526C155.00;TCELL_05/2026_AVRUPA_OPSIYON;D_EQ;SSO;D_EQ_ECP;DE_TCELL_ECP;TCELL.E;2026-05-25;0.02;0.01;100;0;0;0;0;0;0;0;0;0;0;0;;;;;
2026-05-06;O_TCELLE0526P100.00;TCELL_05/2026_AVRUPA_OPSIYON;D_EQ;SSO;D_EQ_EPP;DE_TCELL_EPP;TCELL.E;2026-05-25;0.09;0.15;-40;0;0;0;0;0;0;0;0;0;0;0;;;;;
2026-05-06;O_TCELLE0526P105.00;TCELL_05/2026_AVRUPA_OPSIYON;D_EQ;SSO;D_EQ_EPP;DE_TCELL_EPP;TCELL.E;2026-05-25;0.32;0.5;-36;0;0;0;0;0;0;0;0;0;2;0;;;;;
2026-05-06;O_TCELLE0526P110.00;TCELL_05/2026_AVRUPA_OPSIYON;D_EQ;SSO;D_EQ_EPP;DE_TCELL_EPP;TCELL.E;2026-05-25;0.88;1.31;-32.82;0;0;0;0;0;0;0;0;0;15;0;;;;;
2026-05-06;O_TCELLE0526P115.00;TCELL_05/2026_AVRUPA_OPSIYON;D_EQ;SSO;D_EQ_EPP;DE_TCELL_EPP;TCELL.E;2026-05-25;2.04;2.88;-29.17;1.02;1.02;1.16;1.14;1.1;287500;2740;25;4;25;25;;;;;
2026-05-06;O_TCELLE0526P120.00;TCELL_05/2026_AVRUPA_OPSIYON;D_EQ;SSO;D_EQ_EPP;DE_TCELL_EPP;TCELL.E;2026-05-25;4.1;5.39;-23.93;3.52;2.84;3.52;2.84;3.23;8700000;234098;725;16;5725;725;;;;;
2026-05-06;O_TCELLE0526P125.00;TCELL_05/2026_AVRUPA_OPSIYON;D_EQ;SSO;D_EQ_EPP;DE_TCELL_EPP;TCELL.E;2026-05-25;7.08;8.8;-19.55;0;0;0;0;0;0;0;0;0;60;0;;;;;
2026-05-06;O_TCELLE0526P130.00;TCELL_05/2026_AVRUPA_OPSIYON;D_EQ;SSO;D_EQ_EPP;DE_TCELL_EPP;TCELL.E;2026-05-25;10.89;12.87;-15.38;0;0;0;0;0;0;0;0;0;0;0;;;;;
2026-05-06;O_TCELLE0526P92.00;TCELL_05/2026_AVRUPA_OPSIYON;D_EQ;SSO;D_EQ_EPP;DE_TCELL_EPP;TCELL.E;2026-05-25;0.01;0.01;0;0;0;0;0;0;0;0;0;0;6;0;;;;;
2026-05-06;O_TCELLE0526P94.00;TCELL_05/2026_AVRUPA_OPSIYON;D_EQ;SSO;D_EQ_EPP;DE_TCELL_EPP;TCELL.E;2026-05-25;0.02;0.03;-33.33;0;0;0;0;0;0;0;0;0;0;0;;;;;
2026-05-06;O_TCELLE0526P96.00;TCELL_05/2026_AVRUPA_OPSIYON;D_EQ;SSO;D_EQ_EPP;DE_TCELL_EPP;TCELL.E;2026-05-25;0.03;0.05;-40;0;0;0;0;0;0;0;0;0;0;0;;;;;
2026-05-06;O_TCELLE0526P98.00;TCELL_05/2026_AVRUPA_OPSIYON;D_EQ;SSO;D_EQ_EPP;DE_TCELL_EPP;TCELL.E;2026-05-25;0.05;0.09;-44.44;0;0;0;0;0;0;0;0;0;0;0;;;;;
2026-05-06;O_TCELLE0626C110.00;TCELL_06/2026_AVRUPA_OPSIYON;D_EQ;SSO;D_EQ_ECP;DE_TCELL_ECP;TCELL.E;2026-06-30;15.83;13.81;14.63;0;0;0;0;0;0;0;0;0;0;0;;;;;
2026-05-06;O_TCELLE0626C115.00;TCELL_06/2026_AVRUPA_OPSIYON;D_EQ;SSO;D_EQ_ECP;DE_TCELL_ECP;TCELL.E;2026-06-30;12.31;10.53;16.9;0;0;0;0;0;0;0;0;0;0;0;;;;;
2026-05-06;O_TCELLE0626C120.00;TCELL_06/2026_AVRUPA_OPSIYON;D_EQ;SSO;D_EQ_ECP;DE_TCELL_ECP;TCELL.E;2026-06-30;9.3;7.8;19.23;0;0;0;0;0;0;0;0;0;0;0;;;;;
2026-05-06;O_TCELLE0626C125.00;TCELL_06/2026_AVRUPA_OPSIYON;D_EQ;SSO;D_EQ_ECP;DE_TCELL_ECP;TCELL.E;2026-06-30;6.86;5.64;21.63;0;0;0;0;0;0;0;0;0;0;0;;;;;
2026-05-06;O_TCELLE0626C130.00;TCELL_06/2026_AVRUPA_OPSIYON;D_EQ;SSO;D_EQ_ECP;DE_TCELL_ECP;TCELL.E;2026-06-30;4.96;4.02;23.38;0;0;0;0;0;0;0;0;0;0;0;;;;;
2026-05-06;O_TCELLE0626C135.00;TCELL_06/2026_AVRUPA_OPSIYON;D_EQ;SSO;D_EQ_ECP;DE_TCELL_ECP;TCELL.E;2026-06-30;3.6;2.83;27.21;0;0;0;0;0;0;0;0;0;0;0;;;;;
2026-05-06;O_TCELLE0626C140.00;TCELL_06/2026_AVRUPA_OPSIYON;D_EQ;SSO;D_EQ_ECP;DE_TCELL_ECP;TCELL.E;2026-06-30;2.59;1.97;31.47;0;0;0;0;0;0;0;0;0;0;0;;;;;
2026-05-06;O_TCELLE0626C145.00;TCELL_06/2026_AVRUPA_OPSIYON;D_EQ;SSO;D_EQ_ECP;DE_TCELL_ECP;TCELL.E;2026-06-30;1.86;1.36;36.76;0.96;0.94;1.06;1.06;0.99;5974000;40788;412;4;412;412;;;;;
2026-05-06;O_TCELLE0626C150.00;TCELL_06/2026_AVRUPA_OPSIYON;D_EQ;SSO;D_EQ_ECP;DE_TCELL_ECP;TCELL.E;2026-06-30;1.33;0.94;41.49;0;0;0;0;0;0;0;0;0;0;0;;;;;
2026-05-06;O_TCELLE0626C155.00;TCELL_06/2026_AVRUPA_OPSIYON;D_EQ;SSO;D_EQ_ECP;DE_TCELL_ECP;TCELL.E;2026-06-30;0.96;0.64;50;0;0;0;0;0;0;0;0;0;0;0;;;;;
2026-05-06;O_TCELLE0626C160.00;TCELL_06/2026_AVRUPA_OPSIYON;D_EQ;SSO;D_EQ_ECP;DE_TCELL_ECP;TCELL.E;2026-06-30;0.69;0.44;56.82;0;0;0;0;0;0;0;0;0;0;0;;;;;
2026-05-06;O_TCELLE0626P100.00;TCELL_06/2026_AVRUPA_OPSIYON;D_EQ;SSO;D_EQ_EPP;DE_TCELL_EPP;TCELL.E;2026-06-30;0.65;0.75;-13.33;0;0;0;0;0;0;0;0;0;0;0;;;;;
2026-05-06;O_TCELLE0626P105.00;TCELL_06/2026_AVRUPA_OPSIYON;D_EQ;SSO;D_EQ_EPP;DE_TCELL_EPP;TCELL.E;2026-06-30;1.18;1.39;-15.11;0;0;0;0;0;0;0;0;0;0;0;;;;;
2026-05-06;O_TCELLE0626P110.00;TCELL_06/2026_AVRUPA_OPSIYON;D_EQ;SSO;D_EQ_EPP;DE_TCELL_EPP;TCELL.E;2026-06-30;2.01;2.38;-15.55;0;0;0;0;0;0;0;0;0;0;0;;;;;
2026-05-06;O_TCELLE0626P115.00;TCELL_06/2026_AVRUPA_OPSIYON;D_EQ;SSO;D_EQ_EPP;DE_TCELL_EPP;TCELL.E;2026-06-30;3.21;3.81;-15.75;0;0;0;0;0;0;0;0;0;304;0;;;;;
2026-05-06;O_TCELLE0626P120.00;TCELL_06/2026_AVRUPA_OPSIYON;D_EQ;SSO;D_EQ_EPP;DE_TCELL_EPP;TCELL.E;2026-06-30;4.92;5.81;-15.32;0;0;0;0;0;0;0;0;0;2000;0;;;;;
2026-05-06;O_TCELLE0626P125.00;TCELL_06/2026_AVRUPA_OPSIYON;D_EQ;SSO;D_EQ_EPP;DE_TCELL_EPP;TCELL.E;2026-06-30;7.2;8.36;-13.88;0;0;0;0;0;0;0;0;0;0;0;;;;;
2026-05-06;O_TCELLE0626P130.00;TCELL_06/2026_AVRUPA_OPSIYON;D_EQ;SSO;D_EQ_EPP;DE_TCELL_EPP;TCELL.E;2026-06-30;10.03;11.46;-12.48;0;0;0;0;0;0;0;0;0;0;0;;;;;
2026-05-06;O_TCELLE0626P135.00;TCELL_06/2026_AVRUPA_OPSIYON;D_EQ;SSO;D_EQ_EPP;DE_TCELL_EPP;TCELL.E;2026-06-30;13.39;14.99;-10.67;0;0;0;0;0;0;0;0;0;0;0;;;;;
2026-05-06;O_TCELLE0626P94.00;TCELL_06/2026_AVRUPA_OPSIYON;D_EQ;SSO;D_EQ_EPP;DE_TCELL_EPP;TCELL.E;2026-06-30;0.29;0.32;-9.38;0;0;0;0;0;0;0;0;0;0;0;;;;;
2026-05-06;O_TCELLE0626P96.00;TCELL_06/2026_AVRUPA_OPSIYON;D_EQ;SSO;D_EQ_EPP;DE_TCELL_EPP;TCELL.E;2026-06-30;0.38;0.43;-11.63;0;0;0;0;0;0;0;0;0;0;0;;;;;
2026-05-06;O_TCELLE0626P98.00;TCELL_06/2026_AVRUPA_OPSIYON;D_EQ;SSO;D_EQ_EPP;DE_TCELL_EPP;TCELL.E;2026-06-30;0.5;0.58;-13.79;0;0;0;0;0;0;0;0;0;0;0;;;;;
2026-05-06;O_TCELLE0726C115.00;TCELL_07/2026_AVRUPA_OPSIYON;D_EQ;SSO;D_EQ_ECP;DE_TCELL_ECP;TCELL.E;2026-07-31;17.57;15.59;12.7;0;0;0;0;0;0;0;0;0;0;0;;;;;
2026-05-06;O_TCELLE0726C120.00;TCELL_07/2026_AVRUPA_OPSIYON;D_EQ;SSO;D_EQ_ECP;DE_TCELL_ECP;TCELL.E;2026-07-31;14.36;12.61;13.88;0;0;0;0;0;0;0;0;0;0;0;;;;;
2026-05-06;O_TCELLE0726C125.00;TCELL_07/2026_AVRUPA_OPSIYON;D_EQ;SSO;D_EQ_ECP;DE_TCELL_ECP;TCELL.E;2026-07-31;11.61;10.07;15.29;0;0;0;0;0;0;0;0;0;0;0;;;;;
2026-05-06;O_TCELLE0726C130.00;TCELL_07/2026_AVRUPA_OPSIYON;D_EQ;SSO;D_EQ_ECP;DE_TCELL_ECP;TCELL.E;2026-07-31;9.28;7.94;16.88;0;0;0;0;0;0;0;0;0;0;0;;;;;
2026-05-06;O_TCELLE0726C135.00;TCELL_07/2026_AVRUPA_OPSIYON;D_EQ;SSO;D_EQ_ECP;DE_TCELL_ECP;TCELL.E;2026-07-31;7.41;6.27;18.18;0;0;0;0;0;0;0;0;0;0;0;;;;;
2026-05-06;O_TCELLE0726C140.00;TCELL_07/2026_AVRUPA_OPSIYON;D_EQ;SSO;D_EQ_ECP;DE_TCELL_ECP;TCELL.E;2026-07-31;5.93;4.92;20.53;0;0;0;0;0;0;0;0;0;0;0;;;;;
2026-05-06;O_TCELLE0726C145.00;TCELL_07/2026_AVRUPA_OPSIYON;D_EQ;SSO;D_EQ_ECP;DE_TCELL_ECP;TCELL.E;2026-07-31;4.75;3.85;23.38;0;0;0;0;0;0;0;0;0;0;0;;;;;
2026-05-06;O_TCELLE0726C150.00;TCELL_07/2026_AVRUPA_OPSIYON;D_EQ;SSO;D_EQ_ECP;DE_TCELL_ECP;TCELL.E;2026-07-31;3.8;3;26.67;0;0;0;0;0;0;0;0;0;0;0;;;;;
2026-05-06;O_TCELLE0726C155.00;TCELL_07/2026_AVRUPA_OPSIYON;D_EQ;SSO;D_EQ_ECP;DE_TCELL_ECP;TCELL.E;2026-07-31;3.04;;0;0;0;0;0;0;0;0;0;0;0;0;;;;;
2026-05-06;O_TCELLE0726P100.00;TCELL_07/2026_AVRUPA_OPSIYON;D_EQ;SSO;D_EQ_EPP;DE_TCELL_EPP;TCELL.E;2026-07-31;0.86;0.92;-6.52;0;0;0;0;0;0;0;0;0;0;0;;;;;
2026-05-06;O_TCELLE0726P105.00;TCELL_07/2026_AVRUPA_OPSIYON;D_EQ;SSO;D_EQ_EPP;DE_TCELL_EPP;TCELL.E;2026-07-31;1.37;1.5;-8.67;0;0;0;0;0;0;0;0;0;0;0;;;;;
2026-05-06;O_TCELLE0726P110.00;TCELL_07/2026_AVRUPA_OPSIYON;D_EQ;SSO;D_EQ_EPP;DE_TCELL_EPP;TCELL.E;2026-07-31;2.09;2.33;-10.3;0;0;0;0;0;0;0;0;0;0;0;;;;;
2026-05-06;O_TCELLE0726P115.00;TCELL_07/2026_AVRUPA_OPSIYON;D_EQ;SSO;D_EQ_EPP;DE_TCELL_EPP;TCELL.E;2026-07-31;3.06;3.45;-11.3;0;0;0;0;0;0;0;0;0;0;0;;;;;
2026-05-06;O_TCELLE0726P120.00;TCELL_07/2026_AVRUPA_OPSIYON;D_EQ;SSO;D_EQ_EPP;DE_TCELL_EPP;TCELL.E;2026-07-31;4.34;4.95;-12.32;0;0;0;0;0;0;0;0;0;0;0;;;;;
2026-05-06;O_TCELLE0726P125.00;TCELL_07/2026_AVRUPA_OPSIYON;D_EQ;SSO;D_EQ_EPP;DE_TCELL_EPP;TCELL.E;2026-07-31;6.07;6.88;-11.77;0;0;0;0;0;0;0;0;0;0;0;;;;;
2026-05-06;O_TCELLE0726P130.00;TCELL_07/2026_AVRUPA_OPSIYON;D_EQ;SSO;D_EQ_EPP;DE_TCELL_EPP;TCELL.E;2026-07-31;8.23;;0;0;0;0;0;0;0;0;0;0;0;0;;;;;
2026-05-06;O_TCELLE0726P96.00;TCELL_07/2026_AVRUPA_OPSIYON;D_EQ;SSO;D_EQ_EPP;DE_TCELL_EPP;TCELL.E;2026-07-31;0.57;0.59;-3.39;0;0;0;0;0;0;0;0;0;0;0;;;;;
2026-05-06;O_TCELLE0726P98.00;TCELL_07/2026_AVRUPA_OPSIYON;D_EQ;SSO;D_EQ_EPP;DE_TCELL_EPP;TCELL.E;2026-07-31;0.71;0.74;-4.05;0;0;0;0;0;0;0;0;0;0;0;;;;;
2026-05-06;O_THYAOE0526C290.00;THYAO_05/2026_AVRUPA_OPSIYON;D_EQ;SSO;D_EQ_ECP;DE_THYAO_ECP;THYAO.E;2026-05-25;27.43;20.76;32.13;0;0;0;0;0;0;0;0;0;0;0;;;;;
2026-05-06;O_THYAOE0526C310.00;THYAO_05/2026_AVRUPA_OPSIYON;D_EQ;SSO;D_EQ_ECP;DE_THYAO_ECP;THYAO.E;2026-05-25;13.45;9.17;46.67;14.3;14.3;14.3;14.3;14.3;1550000;71500;50;5;3;-50;;;;;
2026-05-06;O_THYAOE0526C320.00;THYAO_05/2026_AVRUPA_OPSIYON;D_EQ;SSO;D_EQ_ECP;DE_THYAO_ECP;THYAO.E;2026-05-25;8.58;5.53;55.15;6;6;9.91;9.65;9.2;8800000;253134;275;20;475;260;;;;;
2026-05-06;O_THYAOE0526C330.00;THYAO_05/2026_AVRUPA_OPSIYON;D_EQ;SSO;D_EQ_ECP;DE_THYAO_ECP;THYAO.E;2026-05-25;5.11;3.11;64.31;3.55;3.55;6;5.36;4.43;3762000;50486;114;4;1579;62;;;;;
2026-05-06;O_THYAOE0526C340.00;THYAO_05/2026_AVRUPA_OPSIYON;D_EQ;SSO;D_EQ_ECP;DE_THYAO_ECP;THYAO.E;2026-05-25;2.84;1.64;73.17;2.21;2.21;2.91;2.9;2.65;9146000;71354;269;12;2979;-111;;;;;
2026-05-06;O_THYAOE0526C350.00;THYAO_05/2026_AVRUPA_OPSIYON;D_EQ;SSO;D_EQ_ECP;DE_THYAO_ECP;THYAO.E;2026-05-25;1.48;0.81;82.72;1.05;0.8;1.7;1.05;1.36;19950000;77710;570;16;2063;558;;;;;
2026-05-06;O_THYAOE0526C360.00;THYAO_05/2026_AVRUPA_OPSIYON;D_EQ;SSO;D_EQ_ECP;DE_THYAO_ECP;THYAO.E;2026-05-25;0.72;0.37;94.59;0;0;0;0;0;0;0;0;0;516;0;;;;;
2026-05-06;O_THYAOE0526C370.00;THYAO_05/2026_AVRUPA_OPSIYON;D_EQ;SSO;D_EQ_ECP;DE_THYAO_ECP;THYAO.E;2026-05-25;0.33;0.16;106.25;0;0;0;0;0;0;0;0;0;1270;0;;;;;
2026-05-06;O_THYAOE0526C380.00;THYAO_05/2026_AVRUPA_OPSIYON;D_EQ;SSO;D_EQ_ECP;DE_THYAO_ECP;THYAO.E;2026-05-25;0.14;0.07;100;0;0;0;0;0;0;0;0;0;811;0;;;;;
2026-05-06;O_THYAOE0526C390.00;THYAO_05/2026_AVRUPA_OPSIYON;D_EQ;SSO;D_EQ_ECP;DE_THYAO_ECP;THYAO.E;2026-05-25;0.06;0.03;100;0;0;0;0;0;0;0;0;0;2027;0;;;;;
2026-05-06;O_THYAOE0526C400.00;THYAO_05/2026_AVRUPA_OPSIYON;D_EQ;SSO;D_EQ_ECP;DE_THYAO_ECP;THYAO.E;2026-05-25;0.02;0.01;100;0;0;0;0;0;0;0;0;0;672;0;;;;;
2026-05-06;O_THYAOE0526P245.00;THYAO_05/2026_AVRUPA_OPSIYON;D_EQ;SSO;D_EQ_EPP;DE_THYAO_EPP;THYAO.E;2026-05-25;0.01;0.03;-66.67;0;0;0;0;0;0;0;0;0;0;0;;;;;
2026-05-06;O_THYAOE0526P250.00;THYAO_05/2026_AVRUPA_OPSIYON;D_EQ;SSO;D_EQ_EPP;DE_THYAO_EPP;THYAO.E;2026-05-25;0.02;0.07;-71.43;0;0;0;0;0;0;0;0;0;0;0;;;;;
2026-05-06;O_THYAOE0526P260.00;THYAO_05/2026_AVRUPA_OPSIYON;D_EQ;SSO;D_EQ_EPP;DE_THYAO_EPP;THYAO.E;2026-05-25;0.08;0.24;-66.67;0;0;0;0;0;0;0;0;0;100;0;;;;;
2026-05-06;O_THYAOE0526P270.00;THYAO_05/2026_AVRUPA_OPSIYON;D_EQ;SSO;D_EQ_EPP;DE_THYAO_EPP;THYAO.E;2026-05-25;0.29;0.72;-59.72;0;0;0;0;0;0;0;0;0;0;0;;;;;
2026-05-06;O_THYAOE0526P280.00;THYAO_05/2026_AVRUPA_OPSIYON;D_EQ;SSO;D_EQ_EPP;DE_THYAO_EPP;THYAO.E;2026-05-25;0.83;1.78;-53.37;0;0;0;0;0;0;0;0;0;1110;0;;;;;
2026-05-06;O_THYAOE0526P290.00;THYAO_05/2026_AVRUPA_OPSIYON;D_EQ;SSO;D_EQ_EPP;DE_THYAO_EPP;THYAO.E;2026-05-25;2;3.79;-47.23;1.6;0.95;1.6;1.1;1.24;1972000;8450;68;7;178;68;;;;;
2026-05-06;O_THYAOE0526P300.00;THYAO_05/2026_AVRUPA_OPSIYON;D_EQ;SSO;D_EQ_EPP;DE_THYAO_EPP;THYAO.E;2026-05-25;4.17;7.06;-40.93;2.65;1.6;2.65;2.4;2.18;6030000;43825;201;5;1207;17;;;;;
2026-05-06;O_THYAOE0526P310.00;THYAO_05/2026_AVRUPA_OPSIYON;D_EQ;SSO;D_EQ_EPP;DE_THYAO_EPP;THYAO.E;2026-05-25;7.63;11.78;-35.23;4.95;4.95;4.95;4.95;4.95;930000;14850;30;3;30;20;;;;;
2026-05-06;O_THYAOE0526P320.00;THYAO_05/2026_AVRUPA_OPSIYON;D_EQ;SSO;D_EQ_EPP;DE_THYAO_EPP;THYAO.E;2026-05-25;12.56;17.93;-29.95;0;0;0;0;0;0;0;0;0;448;0;;;;;
2026-05-06;O_THYAOE0526P330.00;THYAO_05/2026_AVRUPA_OPSIYON;D_EQ;SSO;D_EQ_EPP;DE_THYAO_EPP;THYAO.E;2026-05-25;18.9;25.31;-25.33;0;0;0;0;0;0;0;0;0;119;0;;;;;
2026-05-06;O_THYAOE0526P340.00;THYAO_05/2026_AVRUPA_OPSIYON;D_EQ;SSO;D_EQ_EPP;DE_THYAO_EPP;THYAO.E;2026-05-25;26.44;33.63;-21.38;0;0;0;0;0;0;0;0;0;2410;0;;;;;
2026-05-06;O_THYAOE0526P350.00;THYAO_05/2026_AVRUPA_OPSIYON;D_EQ;SSO;D_EQ_EPP;DE_THYAO_EPP;THYAO.E;2026-05-25;34.87;42.59;-18.13;0;0;0;0;0;0;0;0;0;20;0;;;;;
2026-05-06;O_THYAOE0626C310.00;THYAO_06/2026_AVRUPA_OPSIYON;D_EQ;SSO;D_EQ_ECP;DE_THYAO_ECP;THYAO.E;2026-06-30;26.99;21.73;24.21;0;0;0;0;0;0;0;0;0;53;0;;;;;
2026-05-06;O_THYAOE0626C320.00;THYAO_06/2026_AVRUPA_OPSIYON;D_EQ;SSO;D_EQ_ECP;DE_THYAO_ECP;THYAO.E;2026-06-30;21.47;16.95;26.67;0;0;0;0;0;0;0;0;0;0;0;;;;;
2026-05-06;O_THYAOE0626C330.00;THYAO_06/2026_AVRUPA_OPSIYON;D_EQ;SSO;D_EQ_ECP;DE_THYAO_ECP;THYAO.E;2026-06-30;16.78;12.98;29.28;10.82;10.82;10.82;10.82;10.82;660000;21640;20;2;20;20;;;;;
2026-05-06;O_THYAOE0626C340.00;THYAO_06/2026_AVRUPA_OPSIYON;D_EQ;SSO;D_EQ_ECP;DE_THYAO_ECP;THYAO.E;2026-06-30;12.87;9.75;32;7.5;7.5;7.5;7.5;7.5;1020000;22500;30;1;68;30;;;;;
2026-05-06;O_THYAOE0626C350.00;THYAO_06/2026_AVRUPA_OPSIYON;D_EQ;SSO;D_EQ_ECP;DE_THYAO_ECP;THYAO.E;2026-06-30;9.7;7.2;34.72;0;0;0;0;0;0;0;0;0;58;0;;;;;
2026-05-06;O_THYAOE0626C360.00;THYAO_06/2026_AVRUPA_OPSIYON;D_EQ;SSO;D_EQ_ECP;DE_THYAO_ECP;THYAO.E;2026-06-30;7.19;5.23;37.48;3.05;3.05;5.05;5.05;3.28;3096000;28230;86;3;504;86;;;;;
2026-05-06;O_THYAOE0626C370.00;THYAO_06/2026_AVRUPA_OPSIYON;D_EQ;SSO;D_EQ_ECP;DE_THYAO_ECP;THYAO.E;2026-06-30;5.23;3.73;40.21;2.1;2.1;2.8;2.8;2.45;2812000;18620;76;2;200;76;;;;;
2026-05-06;O_THYAOE0626C380.00;THYAO_06/2026_AVRUPA_OPSIYON;D_EQ;SSO;D_EQ_ECP;DE_THYAO_ECP;THYAO.E;2026-06-30;3.75;2.62;43.13;1.6;1.6;2.4;2;2.04;8664000;46550;228;6;228;228;;;;;
2026-05-06;O_THYAOE0626C390.00;THYAO_06/2026_AVRUPA_OPSIYON;D_EQ;SSO;D_EQ_ECP;DE_THYAO_ECP;THYAO.E;2026-06-30;2.64;1.81;45.86;0;0;0;0;0;0;0;0;0;0;0;;;;;
2026-05-06;O_THYAOE0626C400.00;THYAO_06/2026_AVRUPA_OPSIYON;D_EQ;SSO;D_EQ_ECP;DE_THYAO_ECP;THYAO.E;2026-06-30;1.84;1.24;48.39;0;0;0;0;0;0;0;0;0;0;0;;;;;
2026-05-06;O_THYAOE0626C410.00;THYAO_06/2026_AVRUPA_OPSIYON;D_EQ;SSO;D_EQ_ECP;DE_THYAO_ECP;THYAO.E;2026-06-30;1.26;0.83;51.81;0;0;0;0;0;0;0;0;0;0;0;;;;;
2026-05-06;O_THYAOE0626C420.00;THYAO_06/2026_AVRUPA_OPSIYON;D_EQ;SSO;D_EQ_ECP;DE_THYAO_ECP;THYAO.E;2026-06-30;0.85;0.55;54.55;0;0;0;0;0;0;0;0;0;0;0;;;;;
2026-05-06;O_THYAOE0626P260.00;THYAO_06/2026_AVRUPA_OPSIYON;D_EQ;SSO;D_EQ_EPP;DE_THYAO_EPP;THYAO.E;2026-06-30;0.86;1.39;-38.13;0;0;0;0;0;0;0;0;0;0;0;;;;;
2026-05-06;O_THYAOE0626P270.00;THYAO_06/2026_AVRUPA_OPSIYON;D_EQ;SSO;D_EQ_EPP;DE_THYAO_EPP;THYAO.E;2026-06-30;1.6;2.46;-34.96;0;0;0;0;0;0;0;0;0;0;0;;;;;
2026-05-06;O_THYAOE0626P280.00;THYAO_06/2026_AVRUPA_OPSIYON;D_EQ;SSO;D_EQ_EPP;DE_THYAO_EPP;THYAO.E;2026-06-30;2.77;4.07;-31.94;0;0;0;0;0;0;0;0;0;5;0;;;;;
2026-05-06;O_THYAOE0626P290.00;THYAO_06/2026_AVRUPA_OPSIYON;D_EQ;SSO;D_EQ_EPP;DE_THYAO_EPP;THYAO.E;2026-06-30;4.48;6.33;-29.23;0;0;0;0;0;0;0;0;0;20;0;;;;;
2026-05-06;O_THYAOE0626P300.00;THYAO_06/2026_AVRUPA_OPSIYON;D_EQ;SSO;D_EQ_EPP;DE_THYAO_EPP;THYAO.E;2026-06-30;6.86;9.35;-26.63;0;0;0;0;0;0;0;0;0;10;0;;;;;
2026-05-06;O_THYAOE0626P310.00;THYAO_06/2026_AVRUPA_OPSIYON;D_EQ;SSO;D_EQ_EPP;DE_THYAO_EPP;THYAO.E;2026-06-30;9.98;13.17;-24.22;0;0;0;0;0;0;0;0;0;0;0;;;;;
2026-05-06;O_THYAOE0626P320.00;THYAO_06/2026_AVRUPA_OPSIYON;D_EQ;SSO;D_EQ_EPP;DE_THYAO_EPP;THYAO.E;2026-06-30;13.92;17.83;-21.93;0;0;0;0;0;0;0;0;0;300;0;;;;;
2026-05-06;O_THYAOE0626P330.00;THYAO_06/2026_AVRUPA_OPSIYON;D_EQ;SSO;D_EQ_EPP;DE_THYAO_EPP;THYAO.E;2026-06-30;18.66;23.29;-19.88;0;0;0;0;0;0;0;0;0;0;0;;;;;
2026-05-06;O_THYAOE0626P340.00;THYAO_06/2026_AVRUPA_OPSIYON;D_EQ;SSO;D_EQ_EPP;DE_THYAO_EPP;THYAO.E;2026-06-30;24.2;29.5;-17.97;0;0;0;0;0;0;0;0;0;38;0;;;;;
2026-05-06;O_THYAOE0626P350.00;THYAO_06/2026_AVRUPA_OPSIYON;D_EQ;SSO;D_EQ_EPP;DE_THYAO_EPP;THYAO.E;2026-06-30;30.47;36.38;-16.25;0;0;0;0;0;0;0;0;0;1038;0;;;;;
2026-05-06;O_THYAOE0626P360.00;THYAO_06/2026_AVRUPA_OPSIYON;D_EQ;SSO;D_EQ_EPP;DE_THYAO_EPP;THYAO.E;2026-06-30;37.4;43.84;-14.69;0;0;0;0;0;0;0;0;0;0;0;;;;;
2026-05-06;O_THYAOE0626P370.00;THYAO_06/2026_AVRUPA_OPSIYON;D_EQ;SSO;D_EQ_EPP;DE_THYAO_EPP;THYAO.E;2026-06-30;44.89;51.77;-13.29;0;0;0;0;0;0;0;0;0;0;0;;;;;
2026-05-06;O_THYAOE0726C320.00;THYAO_07/2026_AVRUPA_OPSIYON;D_EQ;SSO;D_EQ_ECP;DE_THYAO_ECP;THYAO.E;2026-07-31;34.44;28.99;18.8;0;0;0;0;0;0;0;0;0;0;0;;;;;
2026-05-06;O_THYAOE0726C330.00;THYAO_07/2026_AVRUPA_OPSIYON;D_EQ;SSO;D_EQ_ECP;DE_THYAO_ECP;THYAO.E;2026-07-31;29.08;24.17;20.31;0;0;0;0;0;0;0;0;0;0;0;;;;;
2026-05-06;O_THYAOE0726C340.00;THYAO_07/2026_AVRUPA_OPSIYON;D_EQ;SSO;D_EQ_ECP;DE_THYAO_ECP;THYAO.E;2026-07-31;24.31;19.96;21.79;0;0;0;0;0;0;0;0;0;0;0;;;;;
2026-05-06;O_THYAOE0726C350.00;THYAO_07/2026_AVRUPA_OPSIYON;D_EQ;SSO;D_EQ_ECP;DE_THYAO_ECP;THYAO.E;2026-07-31;20.13;16.33;23.27;0;0;0;0;0;0;0;0;0;0;0;;;;;
2026-05-06;O_THYAOE0726C360.00;THYAO_07/2026_AVRUPA_OPSIYON;D_EQ;SSO;D_EQ_ECP;DE_THYAO_ECP;THYAO.E;2026-07-31;16.51;13.23;24.79;0;0;0;0;0;0;0;0;0;0;0;;;;;
2026-05-06;O_THYAOE0726C370.00;THYAO_07/2026_AVRUPA_OPSIYON;D_EQ;SSO;D_EQ_ECP;DE_THYAO_ECP;THYAO.E;2026-07-31;13.43;10.62;26.46;0;0;0;0;0;0;0;0;0;0;0;;;;;
2026-05-06;O_THYAOE0726C380.00;THYAO_07/2026_AVRUPA_OPSIYON;D_EQ;SSO;D_EQ_ECP;DE_THYAO_ECP;THYAO.E;2026-07-31;10.82;8.45;28.05;0;0;0;0;0;0;0;0;0;0;0;;;;;
2026-05-06;O_THYAOE0726C390.00;THYAO_07/2026_AVRUPA_OPSIYON;D_EQ;SSO;D_EQ_ECP;DE_THYAO_ECP;THYAO.E;2026-07-31;8.64;6.67;29.54;0;0;0;0;0;0;0;0;0;0;0;;;;;
2026-05-06;O_THYAOE0726C400.00;THYAO_07/2026_AVRUPA_OPSIYON;D_EQ;SSO;D_EQ_ECP;DE_THYAO_ECP;THYAO.E;2026-07-31;6.85;5.22;31.23;0;0;0;0;0;0;0;0;0;0;0;;;;;
2026-05-06;O_THYAOE0726P270.00;THYAO_07/2026_AVRUPA_OPSIYON;D_EQ;SSO;D_EQ_EPP;DE_THYAO_EPP;THYAO.E;2026-07-31;1.89;2.66;-28.95;0;0;0;0;0;0;0;0;0;0;0;;;;;
2026-05-06;O_THYAOE0726P280.00;THYAO_07/2026_AVRUPA_OPSIYON;D_EQ;SSO;D_EQ_EPP;DE_THYAO_EPP;THYAO.E;2026-07-31;2.96;4.05;-26.91;0;0;0;0;0;0;0;0;0;0;0;;;;;
2026-05-06;O_THYAOE0726P290.00;THYAO_07/2026_AVRUPA_OPSIYON;D_EQ;SSO;D_EQ_EPP;DE_THYAO_EPP;THYAO.E;2026-07-31;4.42;5.9;-25.08;0;0;0;0;0;0;0;0;0;0;0;;;;;
2026-05-06;O_THYAOE0726P300.00;THYAO_07/2026_AVRUPA_OPSIYON;D_EQ;SSO;D_EQ_EPP;DE_THYAO_EPP;THYAO.E;2026-07-31;6.35;8.27;-23.22;0;0;0;0;0;0;0;0;0;0;0;;;;;
2026-05-06;O_THYAOE0726P310.00;THYAO_07/2026_AVRUPA_OPSIYON;D_EQ;SSO;D_EQ_EPP;DE_THYAO_EPP;THYAO.E;2026-07-31;8.81;11.21;-21.41;0;0;0;0;0;0;0;0;0;0;0;;;;;
2026-05-06;O_THYAOE0726P320.00;THYAO_07/2026_AVRUPA_OPSIYON;D_EQ;SSO;D_EQ_EPP;DE_THYAO_EPP;THYAO.E;2026-07-31;11.82;14.76;-19.92;0;0;0;0;0;0;0;0;0;0;0;;;;;
2026-05-06;O_THYAOE0726P330.00;THYAO_07/2026_AVRUPA_OPSIYON;D_EQ;SSO;D_EQ_EPP;DE_THYAO_EPP;THYAO.E;2026-07-31;15.43;18.91;-18.4;0;0;0;0;0;0;0;0;0;0;0;;;;;
2026-05-06;O_THYAOE0726P340.00;THYAO_07/2026_AVRUPA_OPSIYON;D_EQ;SSO;D_EQ_EPP;DE_THYAO_EPP;THYAO.E;2026-07-31;19.64;23.66;-16.99;0;0;0;0;0;0;0;0;0;0;0;;;;;
2026-05-06;O_THYAOE0726P350.00;THYAO_07/2026_AVRUPA_OPSIYON;D_EQ;SSO;D_EQ_EPP;DE_THYAO_EPP;THYAO.E;2026-07-31;24.43;28.98;-15.7;0;0;0;0;0;0;0;0;0;0;0;;;;;
2026-05-06;O_TOASOE0526C260.00;TOASO_05/2026_AVRUPA_OPSIYON;D_EQ;SSO;D_EQ_ECP;DE_TOASO_ECP;TOASO.E;2026-05-25;57.82;44.11;31.08;0;0;0;0;0;0;0;0;0;0;0;;;;;
2026-05-06;O_TOASOE0526C270.00;TOASO_05/2026_AVRUPA_OPSIYON;D_EQ;SSO;D_EQ_ECP;DE_TOASO_ECP;TOASO.E;2026-05-25;48.33;35.08;37.77;0;0;0;0;0;0;0;0;0;0;0;;;;;
2026-05-06;O_TOASOE0526C280.00;TOASO_05/2026_AVRUPA_OPSIYON;D_EQ;SSO;D_EQ_ECP;DE_TOASO_ECP;TOASO.E;2026-05-25;39.17;26.77;46.32;0;0;0;0;0;0;0;0;0;50;0;;;;;
2026-05-06;O_TOASOE0526C290.00;TOASO_05/2026_AVRUPA_OPSIYON;D_EQ;SSO;D_EQ_ECP;DE_TOASO_ECP;TOASO.E;2026-05-25;30.56;19.49;56.8;0;0;0;0;0;0;0;0;0;50;0;;;;;
2026-05-06;O_TOASOE0526C300.00;TOASO_05/2026_AVRUPA_OPSIYON;D_EQ;SSO;D_EQ_ECP;DE_TOASO_ECP;TOASO.E;2026-05-25;22.76;13.48;68.84;22.9;22.9;22.9;22.9;22.9;600000;45800;20;2;51;20;;;;;
2026-05-06;O_TOASOE0526C310.00;TOASO_05/2026_AVRUPA_OPSIYON;D_EQ;SSO;D_EQ_ECP;DE_TOASO_ECP;TOASO.E;2026-05-25;16.18;8.83;83.24;0;0;0;0;0;0;0;0;0;33;0;;;;;
2026-05-06;O_TOASOE0526C320.00;TOASO_05/2026_AVRUPA_OPSIYON;D_EQ;SSO;D_EQ_ECP;DE_TOASO_ECP;TOASO.E;2026-05-25;10.94;5.47;100;0;0;0;0;0;0;0;0;0;1492;0;;;;;
2026-05-06;O_TOASOE0526C330.00;TOASO_05/2026_AVRUPA_OPSIYON;D_EQ;SSO;D_EQ_ECP;DE_TOASO_ECP;TOASO.E;2026-05-25;7.06;3.2;120.63;0;0;0;0;0;0;0;0;0;0;0;;;;;
2026-05-06;O_TOASOE0526C340.00;TOASO_05/2026_AVRUPA_OPSIYON;D_EQ;SSO;D_EQ_ECP;DE_TOASO_ECP;TOASO.E;2026-05-25;4.44;1.77;150.85;0;0;0;0;0;0;0;0;0;0;0;;;;;
2026-05-06;O_TOASOE0526C350.00;TOASO_05/2026_AVRUPA_OPSIYON;D_EQ;SSO;D_EQ_ECP;DE_TOASO_ECP;TOASO.E;2026-05-25;2.74;0.93;194.62;0;0;0;0;0;0;0;0;0;0;0;;;;;
2026-05-06;O_TOASOE0526C360.00;TOASO_05/2026_AVRUPA_OPSIYON;D_EQ;SSO;D_EQ_ECP;DE_TOASO_ECP;TOASO.E;2026-05-25;1.66;0.46;260.87;0;0;0;0;0;0;0;0;0;0;0;;;;;
2026-05-06;O_TOASOE0526C370.00;TOASO_05/2026_AVRUPA_OPSIYON;D_EQ;SSO;D_EQ_ECP;DE_TOASO_ECP;TOASO.E;2026-05-25;0.99;0.22;350;0;0;0;0;0;0;0;0;0;0;0;;;;;
2026-05-06;O_TOASOE0526C380.00;TOASO_05/2026_AVRUPA_OPSIYON;D_EQ;SSO;D_EQ_ECP;DE_TOASO_ECP;TOASO.E;2026-05-25;0.58;0.1;480;0;0;0;0;0;0;0;0;0;0;0;;;;;
2026-05-06;O_TOASOE0526C390.00;TOASO_05/2026_AVRUPA_OPSIYON;D_EQ;SSO;D_EQ_ECP;DE_TOASO_ECP;TOASO.E;2026-05-25;0.34;0.04;750;0;0;0;0;0;0;0;0;0;0;0;;;;;
2026-05-06;O_TOASOE0526C400.00;TOASO_05/2026_AVRUPA_OPSIYON;D_EQ;SSO;D_EQ_ECP;DE_TOASO_ECP;TOASO.E;2026-05-25;0.2;0.02;900;0;0;0;0;0;0;0;0;0;0;0;;;;;
2026-05-06;O_TOASOE0526P230.00;TOASO_05/2026_AVRUPA_OPSIYON;D_EQ;SSO;D_EQ_EPP;DE_TOASO_EPP;TOASO.E;2026-05-25;0.01;0.01;0;0;0;0;0;0;0;0;0;0;0;0;;;;;
2026-05-06;O_TOASOE0526P235.00;TOASO_05/2026_AVRUPA_OPSIYON;D_EQ;SSO;D_EQ_EPP;DE_TOASO_EPP;TOASO.E;2026-05-25;0.02;0.02;0;0;0;0;0;0;0;0;0;0;12;0;;;;;
2026-05-06;O_TOASOE0526P240.00;TOASO_05/2026_AVRUPA_OPSIYON;D_EQ;SSO;D_EQ_EPP;DE_TOASO_EPP;TOASO.E;2026-05-25;0.03;0.05;-40;0;0;0;0;0;0;0;0;0;0;0;;;;;
2026-05-06;O_TOASOE0526P245.00;TOASO_05/2026_AVRUPA_OPSIYON;D_EQ;SSO;D_EQ_EPP;DE_TOASO_EPP;TOASO.E;2026-05-25;0.05;0.09;-44.44;0;0;0;0;0;0;0;0;0;0;0;;;;;
2026-05-06;O_TOASOE0526P250.00;TOASO_05/2026_AVRUPA_OPSIYON;D_EQ;SSO;D_EQ_EPP;DE_TOASO_EPP;TOASO.E;2026-05-25;0.08;0.17;-52.94;0;0;0;0;0;0;0;0;0;0;0;;;;;
2026-05-06;O_TOASOE0526P260.00;TOASO_05/2026_AVRUPA_OPSIYON;D_EQ;SSO;D_EQ_EPP;DE_TOASO_EPP;TOASO.E;2026-05-25;0.22;0.5;-56;0;0;0;0;0;0;0;0;0;0;0;;;;;
2026-05-06;O_TOASOE0526P270.00;TOASO_05/2026_AVRUPA_OPSIYON;D_EQ;SSO;D_EQ_EPP;DE_TOASO_EPP;TOASO.E;2026-05-25;0.54;1.26;-57.14;0;0;0;0;0;0;0;0;0;100;0;;;;;
2026-05-06;O_TOASOE0526P280.00;TOASO_05/2026_AVRUPA_OPSIYON;D_EQ;SSO;D_EQ_EPP;DE_TOASO_EPP;TOASO.E;2026-05-25;1.19;2.75;-56.73;0;0;0;0;0;0;0;0;0;14;0;;;;;
2026-05-06;O_TOASOE0526P290.00;TOASO_05/2026_AVRUPA_OPSIYON;D_EQ;SSO;D_EQ_EPP;DE_TOASO_EPP;TOASO.E;2026-05-25;2.38;5.27;-54.84;0;0;0;0;0;0;0;0;0;0;0;;;;;
2026-05-06;O_TOASOE0526P300.00;TOASO_05/2026_AVRUPA_OPSIYON;D_EQ;SSO;D_EQ_EPP;DE_TOASO_EPP;TOASO.E;2026-05-25;4.39;9.05;-51.49;0;0;0;0;0;0;0;0;0;550;0;;;;;
2026-05-06;O_TOASOE0526P310.00;TOASO_05/2026_AVRUPA_OPSIYON;D_EQ;SSO;D_EQ_EPP;DE_TOASO_EPP;TOASO.E;2026-05-25;7.61;14.19;-46.37;0;0;0;0;0;0;0;0;0;63;0;;;;;
2026-05-06;O_TOASOE0526P320.00;TOASO_05/2026_AVRUPA_OPSIYON;D_EQ;SSO;D_EQ_EPP;DE_TOASO_EPP;TOASO.E;2026-05-25;12.17;20.62;-40.98;0;0;0;0;0;0;0;0;0;73;0;;;;;
2026-05-06;O_TOASOE0526P330.00;TOASO_05/2026_AVRUPA_OPSIYON;D_EQ;SSO;D_EQ_EPP;DE_TOASO_EPP;TOASO.E;2026-05-25;18.1;28.15;-35.7;16.05;16.05;16.15;16.15;16.08;990000;48250;30;3;30;30;;;;;
2026-05-06;O_TOASOE0526P340.00;TOASO_05/2026_AVRUPA_OPSIYON;D_EQ;SSO;D_EQ_EPP;DE_TOASO_EPP;TOASO.E;2026-05-25;25.28;36.52;-30.78;0;0;0;0;0;0;0;0;0;0;0;;;;;
2026-05-06;O_TOASOE0526P350.00;TOASO_05/2026_AVRUPA_OPSIYON;D_EQ;SSO;D_EQ_EPP;DE_TOASO_EPP;TOASO.E;2026-05-25;33.39;45.47;-26.57;0;0;0;0;0;0;0;0;0;0;0;;;;;
2026-05-06;O_TOASOE0626C270.00;TOASO_06/2026_AVRUPA_OPSIYON;D_EQ;SSO;D_EQ_ECP;DE_TOASO_ECP;TOASO.E;2026-06-30;60.24;47.15;27.76;0;0;0;0;0;0;0;0;0;0;0;;;;;
2026-05-06;O_TOASOE0626C280.00;TOASO_06/2026_AVRUPA_OPSIYON;D_EQ;SSO;D_EQ_ECP;DE_TOASO_ECP;TOASO.E;2026-06-30;52.08;39.7;31.18;0;0;0;0;0;0;0;0;0;10;0;;;;;
2026-05-06;O_TOASOE0626C290.00;TOASO_06/2026_AVRUPA_OPSIYON;D_EQ;SSO;D_EQ_ECP;DE_TOASO_ECP;TOASO.E;2026-06-30;44.36;32.93;34.71;0;0;0;0;0;0;0;0;0;30;0;;;;;
2026-05-06;O_TOASOE0626C300.00;TOASO_06/2026_AVRUPA_OPSIYON;D_EQ;SSO;D_EQ_ECP;DE_TOASO_ECP;TOASO.E;2026-06-30;37.16;26.88;38.24;0;0;0;0;0;0;0;0;0;0;0;;;;;
2026-05-06;O_TOASOE0626C310.00;TOASO_06/2026_AVRUPA_OPSIYON;D_EQ;SSO;D_EQ_ECP;DE_TOASO_ECP;TOASO.E;2026-06-30;30.55;21.61;41.37;24;24;24;24;24;310000;24000;10;1;10;10;;;;;
2026-05-06;O_TOASOE0626C320.00;TOASO_06/2026_AVRUPA_OPSIYON;D_EQ;SSO;D_EQ_ECP;DE_TOASO_ECP;TOASO.E;2026-06-30;24.88;17.1;45.5;0;0;0;0;0;0;0;0;0;38;0;;;;;
2026-05-06;O_TOASOE0626C330.00;TOASO_06/2026_AVRUPA_OPSIYON;D_EQ;SSO;D_EQ_ECP;DE_TOASO_ECP;TOASO.E;2026-06-30;20;13.33;50.04;12.8;12.8;13.48;13.48;13.14;1980000;78840;60;5;60;60;;;;;
2026-05-06;O_TOASOE0626C340.00;TOASO_06/2026_AVRUPA_OPSIYON;D_EQ;SSO;D_EQ_ECP;DE_TOASO_ECP;TOASO.E;2026-06-30;15.94;10.23;55.82;0;0;0;0;0;0;0;0;0;0;0;;;;;
2026-05-06;O_TOASOE0626C350.00;TOASO_06/2026_AVRUPA_OPSIYON;D_EQ;SSO;D_EQ_ECP;DE_TOASO_ECP;TOASO.E;2026-06-30;12.77;7.74;64.99;0;0;0;0;0;0;0;0;0;0;0;;;;;
2026-05-06;O_TOASOE0626C360.00;TOASO_06/2026_AVRUPA_OPSIYON;D_EQ;SSO;D_EQ_ECP;DE_TOASO_ECP;TOASO.E;2026-06-30;10.25;5.78;77.34;0;0;0;0;0;0;0;0;0;0;0;;;;;
2026-05-06;O_TOASOE0626C370.00;TOASO_06/2026_AVRUPA_OPSIYON;D_EQ;SSO;D_EQ_ECP;DE_TOASO_ECP;TOASO.E;2026-06-30;8.22;4.25;93.41;0;0;0;0;0;0;0;0;0;0;0;;;;;
2026-05-06;O_TOASOE0626C380.00;TOASO_06/2026_AVRUPA_OPSIYON;D_EQ;SSO;D_EQ_ECP;DE_TOASO_ECP;TOASO.E;2026-06-30;6.6;3.09;113.59;0;0;0;0;0;0;0;0;0;0;0;;;;;
2026-05-06;O_TOASOE0626P235.00;TOASO_06/2026_AVRUPA_OPSIYON;D_EQ;SSO;D_EQ_EPP;DE_TOASO_EPP;TOASO.E;2026-06-30;0.53;0.47;12.77;0;0;0;0;0;0;0;0;0;0;0;;;;;
2026-05-06;O_TOASOE0626P240.00;TOASO_06/2026_AVRUPA_OPSIYON;D_EQ;SSO;D_EQ_EPP;DE_TOASO_EPP;TOASO.E;2026-06-30;0.69;0.67;2.99;0;0;0;0;0;0;0;0;0;0;0;;;;;
2026-05-06;O_TOASOE0626P245.00;TOASO_06/2026_AVRUPA_OPSIYON;D_EQ;SSO;D_EQ_EPP;DE_TOASO_EPP;TOASO.E;2026-06-30;0.89;0.92;-3.26;0;0;0;0;0;0;0;0;0;0;0;;;;;
2026-05-06;O_TOASOE0626P250.00;TOASO_06/2026_AVRUPA_OPSIYON;D_EQ;SSO;D_EQ_EPP;DE_TOASO_EPP;TOASO.E;2026-06-30;1.13;1.25;-9.6;0;0;0;0;0;0;0;0;0;0;0;;;;;
2026-05-06;O_TOASOE0626P260.00;TOASO_06/2026_AVRUPA_OPSIYON;D_EQ;SSO;D_EQ_EPP;DE_TOASO_EPP;TOASO.E;2026-06-30;1.78;2.2;-19.09;0;0;0;0;0;0;0;0;0;0;0;;;;;
2026-05-06;O_TOASOE0626P270.00;TOASO_06/2026_AVRUPA_OPSIYON;D_EQ;SSO;D_EQ_EPP;DE_TOASO_EPP;TOASO.E;2026-06-30;2.71;3.61;-24.93;0;0;0;0;0;0;0;0;0;0;0;;;;;
2026-05-06;O_TOASOE0626P280.00;TOASO_06/2026_AVRUPA_OPSIYON;D_EQ;SSO;D_EQ_EPP;DE_TOASO_EPP;TOASO.E;2026-06-30;4;5.6;-28.57;0;0;0;0;0;0;0;0;0;0;0;;;;;
2026-05-06;O_TOASOE0626P290.00;TOASO_06/2026_AVRUPA_OPSIYON;D_EQ;SSO;D_EQ_EPP;DE_TOASO_EPP;TOASO.E;2026-06-30;5.72;8.25;-30.67;0;0;0;0;0;0;0;0;0;0;0;;;;;
2026-05-06;O_TOASOE0626P300.00;TOASO_06/2026_AVRUPA_OPSIYON;D_EQ;SSO;D_EQ_EPP;DE_TOASO_EPP;TOASO.E;2026-06-30;7.96;11.64;-31.62;0;0;0;0;0;0;0;0;0;0;0;;;;;
2026-05-06;O_TOASOE0626P310.00;TOASO_06/2026_AVRUPA_OPSIYON;D_EQ;SSO;D_EQ_EPP;DE_TOASO_EPP;TOASO.E;2026-06-30;10.8;15.8;-31.65;0;0;0;0;0;0;0;0;0;0;0;;;;;
2026-05-06;O_TOASOE0626P320.00;TOASO_06/2026_AVRUPA_OPSIYON;D_EQ;SSO;D_EQ_EPP;DE_TOASO_EPP;TOASO.E;2026-06-30;14.57;20.73;-29.72;0;0;0;0;0;0;0;0;0;0;0;;;;;
2026-05-06;O_TOASOE0626P330.00;TOASO_06/2026_AVRUPA_OPSIYON;D_EQ;SSO;D_EQ_EPP;DE_TOASO_EPP;TOASO.E;2026-06-30;19.14;26.39;-27.47;0;0;0;0;0;0;0;0;0;0;0;;;;;
2026-05-06;O_TOASOE0726C300.00;TOASO_07/2026_AVRUPA_OPSIYON;D_EQ;SSO;D_EQ_ECP;DE_TOASO_ECP;TOASO.E;2026-07-31;51.33;39.91;28.61;0;0;0;0;0;0;0;0;0;0;0;;;;;
2026-05-06;O_TOASOE0726C310.00;TOASO_07/2026_AVRUPA_OPSIYON;D_EQ;SSO;D_EQ_ECP;DE_TOASO_ECP;TOASO.E;2026-07-31;44.61;34.22;30.36;0;0;0;0;0;0;0;0;0;0;0;;;;;
2026-05-06;O_TOASOE0726C320.00;TOASO_07/2026_AVRUPA_OPSIYON;D_EQ;SSO;D_EQ_ECP;DE_TOASO_ECP;TOASO.E;2026-07-31;38.4;29.09;32;0;0;0;0;0;0;0;0;0;0;0;;;;;
2026-05-06;O_TOASOE0726C330.00;TOASO_07/2026_AVRUPA_OPSIYON;D_EQ;SSO;D_EQ_ECP;DE_TOASO_ECP;TOASO.E;2026-07-31;32.94;24.53;34.28;0;0;0;0;0;0;0;0;0;0;0;;;;;
2026-05-06;O_TOASOE0726C340.00;TOASO_07/2026_AVRUPA_OPSIYON;D_EQ;SSO;D_EQ_ECP;DE_TOASO_ECP;TOASO.E;2026-07-31;28.11;20.52;36.99;0;0;0;0;0;0;0;0;0;0;0;;;;;
2026-05-06;O_TOASOE0726C350.00;TOASO_07/2026_AVRUPA_OPSIYON;D_EQ;SSO;D_EQ_ECP;DE_TOASO_ECP;TOASO.E;2026-07-31;23.89;17.03;40.28;0;0;0;0;0;0;0;0;0;0;0;;;;;
2026-05-06;O_TOASOE0726C360.00;TOASO_07/2026_AVRUPA_OPSIYON;D_EQ;SSO;D_EQ_ECP;DE_TOASO_ECP;TOASO.E;2026-07-31;20.51;14.03;46.19;0;0;0;0;0;0;0;0;0;0;0;;;;;
2026-05-06;O_TOASOE0726C370.00;TOASO_07/2026_AVRUPA_OPSIYON;D_EQ;SSO;D_EQ_ECP;DE_TOASO_ECP;TOASO.E;2026-07-31;17.64;11.47;53.79;0;0;0;0;0;0;0;0;0;0;0;;;;;
2026-05-06;O_TOASOE0726C380.00;TOASO_07/2026_AVRUPA_OPSIYON;D_EQ;SSO;D_EQ_ECP;DE_TOASO_ECP;TOASO.E;2026-07-31;15.19;9.32;62.98;0;0;0;0;0;0;0;0;0;0;0;;;;;
2026-05-06;O_TOASOE0726P250.00;TOASO_07/2026_AVRUPA_OPSIYON;D_EQ;SSO;D_EQ_EPP;DE_TOASO_EPP;TOASO.E;2026-07-31;1.76;1.64;7.32;0;0;0;0;0;0;0;0;0;0;0;;;;;
2026-05-06;O_TOASOE0726P260.00;TOASO_07/2026_AVRUPA_OPSIYON;D_EQ;SSO;D_EQ_EPP;DE_TOASO_EPP;TOASO.E;2026-07-31;2.49;2.58;-3.49;0;0;0;0;0;0;0;0;0;0;0;;;;;
2026-05-06;O_TOASOE0726P270.00;TOASO_07/2026_AVRUPA_OPSIYON;D_EQ;SSO;D_EQ_EPP;DE_TOASO_EPP;TOASO.E;2026-07-31;3.43;3.88;-11.6;0;0;0;0;0;0;0;0;0;0;0;;;;;
2026-05-06;O_TOASOE0726P280.00;TOASO_07/2026_AVRUPA_OPSIYON;D_EQ;SSO;D_EQ_EPP;DE_TOASO_EPP;TOASO.E;2026-07-31;4.64;5.59;-16.99;0;0;0;0;0;0;0;0;0;0;0;;;;;
2026-05-06;O_TOASOE0726P290.00;TOASO_07/2026_AVRUPA_OPSIYON;D_EQ;SSO;D_EQ_EPP;DE_TOASO_EPP;TOASO.E;2026-07-31;6.15;7.79;-21.05;0;0;0;0;0;0;0;0;0;0;0;;;;;
2026-05-06;O_TOASOE0726P300.00;TOASO_07/2026_AVRUPA_OPSIYON;D_EQ;SSO;D_EQ_EPP;DE_TOASO_EPP;TOASO.E;2026-07-31;8.01;10.51;-23.79;0;0;0;0;0;0;0;0;0;0;0;;;;;
2026-05-06;O_TOASOE0726P310.00;TOASO_07/2026_AVRUPA_OPSIYON;D_EQ;SSO;D_EQ_EPP;DE_TOASO_EPP;TOASO.E;2026-07-31;10.27;13.78;-25.47;0;0;0;0;0;0;0;0;0;0;0;;;;;
2026-05-06;O_TOASOE0726P320.00;TOASO_07/2026_AVRUPA_OPSIYON;D_EQ;SSO;D_EQ_EPP;DE_TOASO_EPP;TOASO.E;2026-07-31;13.03;17.61;-26.01;0;0;0;0;0;0;0;0;0;0;0;;;;;
2026-05-06;O_TOASOE0726P330.00;TOASO_07/2026_AVRUPA_OPSIYON;D_EQ;SSO;D_EQ_EPP;DE_TOASO_EPP;TOASO.E;2026-07-31;16.54;22.01;-24.85;0;0;0;0;0;0;0;0;0;0;0;;;;;
2026-05-06;O_TTKOME0526C58.00;TTKOM_05/2026_AVRUPA_OPSIYON;D_EQ;SSO;D_EQ_ECP;DE_TTKOM_ECP;TTKOM.E;2026-05-25;8.92;6.23;43.18;0;0;0;0;0;0;0;0;0;0;0;;;;;
2026-05-06;O_TTKOME0526C60.00;TTKOM_05/2026_AVRUPA_OPSIYON;D_EQ;SSO;D_EQ_ECP;DE_TTKOM_ECP;TTKOM.E;2026-05-25;7.13;4.66;53;0;0;0;0;0;0;0;0;0;0;0;;;;;
2026-05-06;O_TTKOME0526C62.00;TTKOM_05/2026_AVRUPA_OPSIYON;D_EQ;SSO;D_EQ_ECP;DE_TTKOM_ECP;TTKOM.E;2026-05-25;5.49;3.32;65.36;0;0;0;0;0;0;0;0;0;66;0;;;;;
2026-05-06;O_TTKOME0526C64.00;TTKOM_05/2026_AVRUPA_OPSIYON;D_EQ;SSO;D_EQ_ECP;DE_TTKOM_ECP;TTKOM.E;2026-05-25;4.05;2.24;80.8;4.06;4.06;4.06;4.06;4.06;160000;10150;25;1;0;0;;;;;
2026-05-06;O_TTKOME0526C66.00;TTKOM_05/2026_AVRUPA_OPSIYON;D_EQ;SSO;D_EQ_ECP;DE_TTKOM_ECP;TTKOM.E;2026-05-25;2.85;1.43;99.3;0;0;0;0;0;0;0;0;0;50;0;;;;;
2026-05-06;O_TTKOME0526C68.00;TTKOM_05/2026_AVRUPA_OPSIYON;D_EQ;SSO;D_EQ_ECP;DE_TTKOM_ECP;TTKOM.E;2026-05-25;1.91;0.87;119.54;0;0;0;0;0;0;0;0;0;0;0;;;;;
2026-05-06;O_TTKOME0526C70.00;TTKOM_05/2026_AVRUPA_OPSIYON;D_EQ;SSO;D_EQ_ECP;DE_TTKOM_ECP;TTKOM.E;2026-05-25;1.22;0.49;148.98;0;0;0;0;0;0;0;0;0;0;0;;;;;
2026-05-06;O_TTKOME0526C72.00;TTKOM_05/2026_AVRUPA_OPSIYON;D_EQ;SSO;D_EQ_ECP;DE_TTKOM_ECP;TTKOM.E;2026-05-25;0.74;0.27;174.07;0.38;0.38;0.38;0.38;0.38;1440000;7600;200;1;1201;200;;;;;
2026-05-06;O_TTKOME0526C74.00;TTKOM_05/2026_AVRUPA_OPSIYON;D_EQ;SSO;D_EQ_ECP;DE_TTKOM_ECP;TTKOM.E;2026-05-25;0.43;0.14;207.14;0;0;0;0;0;0;0;0;0;1;0;;;;;
2026-05-06;O_TTKOME0526C76.00;TTKOM_05/2026_AVRUPA_OPSIYON;D_EQ;SSO;D_EQ_ECP;DE_TTKOM_ECP;TTKOM.E;2026-05-25;0.24;0.07;242.86;0;0;0;0;0;0;0;0;0;0;0;;;;;
2026-05-06;O_TTKOME0526C78.00;TTKOM_05/2026_AVRUPA_OPSIYON;D_EQ;SSO;D_EQ_ECP;DE_TTKOM_ECP;TTKOM.E;2026-05-25;0.12;0.03;300;0;0;0;0;0;0;0;0;0;1;0;;;;;
2026-05-06;O_TTKOME0526C80.00;TTKOM_05/2026_AVRUPA_OPSIYON;D_EQ;SSO;D_EQ_ECP;DE_TTKOM_ECP;TTKOM.E;2026-05-25;0.06;0.01;500;0;0;0;0;0;0;0;0;0;0;0;;;;;
2026-05-06;O_TTKOME0526C82.00;TTKOM_05/2026_AVRUPA_OPSIYON;D_EQ;SSO;D_EQ_ECP;DE_TTKOM_ECP;TTKOM.E;2026-05-25;0.03;0.01;200;0;0;0;0;0;0;0;0;0;0;0;;;;;
2026-05-06;O_TTKOME0526C84.00;TTKOM_05/2026_AVRUPA_OPSIYON;D_EQ;SSO;D_EQ_ECP;DE_TTKOM_ECP;TTKOM.E;2026-05-25;0.01;0.01;0;0;0;0;0;0;0;0;0;0;0;0;;;;;
2026-05-06;O_TTKOME0526C86.00;TTKOM_05/2026_AVRUPA_OPSIYON;D_EQ;SSO;D_EQ_ECP;DE_TTKOM_ECP;TTKOM.E;2026-05-25;0.01;0.01;0;0;0;0;0;0;0;0;0;0;0;0;;;;;
2026-05-06;O_TTKOME0526P49.00;TTKOM_05/2026_AVRUPA_OPSIYON;D_EQ;SSO;D_EQ_EPP;DE_TTKOM_EPP;TTKOM.E;2026-05-25;0.01;0.01;0;0;0;0;0;0;0;0;0;0;60;0;;;;;
2026-05-06;O_TTKOME0526P50.00;TTKOM_05/2026_AVRUPA_OPSIYON;D_EQ;SSO;D_EQ_EPP;DE_TTKOM_EPP;TTKOM.E;2026-05-25;0.01;0.01;0;0;0;0;0;0;0;0;0;0;0;0;;;;;
2026-05-06;O_TTKOME0526P52.00;TTKOM_05/2026_AVRUPA_OPSIYON;D_EQ;SSO;D_EQ_EPP;DE_TTKOM_EPP;TTKOM.E;2026-05-25;0.01;0.02;-50;0;0;0;0;0;0;0;0;0;0;0;;;;;
2026-05-06;O_TTKOME0526P54.00;TTKOM_05/2026_AVRUPA_OPSIYON;D_EQ;SSO;D_EQ_EPP;DE_TTKOM_EPP;TTKOM.E;2026-05-25;0.02;0.06;-66.67;0;0;0;0;0;0;0;0;0;0;0;;;;;
2026-05-06;O_TTKOME0526P56.00;TTKOM_05/2026_AVRUPA_OPSIYON;D_EQ;SSO;D_EQ_EPP;DE_TTKOM_EPP;TTKOM.E;2026-05-25;0.05;0.16;-68.75;0;0;0;0;0;0;0;0;0;0;0;;;;;
2026-05-06;O_TTKOME0526P58.00;TTKOM_05/2026_AVRUPA_OPSIYON;D_EQ;SSO;D_EQ_EPP;DE_TTKOM_EPP;TTKOM.E;2026-05-25;0.13;0.38;-65.79;0;0;0;0;0;0;0;0;0;1;0;;;;;
2026-05-06;O_TTKOME0526P60.00;TTKOM_05/2026_AVRUPA_OPSIYON;D_EQ;SSO;D_EQ_EPP;DE_TTKOM_EPP;TTKOM.E;2026-05-25;0.31;0.77;-59.74;0;0;0;0;0;0;0;0;0;40;0;;;;;
2026-05-06;O_TTKOME0526P62.00;TTKOM_05/2026_AVRUPA_OPSIYON;D_EQ;SSO;D_EQ_EPP;DE_TTKOM_EPP;TTKOM.E;2026-05-25;0.63;1.39;-54.68;0;0;0;0;0;0;0;0;0;600;0;;;;;
2026-05-06;O_TTKOME0526P64.00;TTKOM_05/2026_AVRUPA_OPSIYON;D_EQ;SSO;D_EQ_EPP;DE_TTKOM_EPP;TTKOM.E;2026-05-25;1.15;2.27;-49.34;0;0;0;0;0;0;0;0;0;120;0;;;;;
2026-05-06;O_TTKOME0526P66.00;TTKOM_05/2026_AVRUPA_OPSIYON;D_EQ;SSO;D_EQ_EPP;DE_TTKOM_EPP;TTKOM.E;2026-05-25;1.91;3.42;-44.15;1.59;1.56;1.59;1.56;1.58;2158200;51512;327;8;327;227;;;;;
2026-05-06;O_TTKOME0526P68.00;TTKOM_05/2026_AVRUPA_OPSIYON;D_EQ;SSO;D_EQ_EPP;DE_TTKOM_EPP;TTKOM.E;2026-05-25;2.93;4.81;-39.09;0;0;0;0;0;0;0;0;0;553;0;;;;;
2026-05-06;O_TTKOME0526P70.00;TTKOM_05/2026_AVRUPA_OPSIYON;D_EQ;SSO;D_EQ_EPP;DE_TTKOM_EPP;TTKOM.E;2026-05-25;4.2;6.4;-34.38;0;0;0;0;0;0;0;0;0;0;0;;;;;
2026-05-06;O_TTKOME0526P72.00;TTKOM_05/2026_AVRUPA_OPSIYON;D_EQ;SSO;D_EQ_EPP;DE_TTKOM_EPP;TTKOM.E;2026-05-25;5.68;8.13;-30.14;0;0;0;0;0;0;0;0;0;0;0;;;;;
2026-05-06;O_TTKOME0526P74.00;TTKOM_05/2026_AVRUPA_OPSIYON;D_EQ;SSO;D_EQ_EPP;DE_TTKOM_EPP;TTKOM.E;2026-05-25;7.33;9.96;-26.41;0;0;0;0;0;0;0;0;0;25;0;;;;;
2026-05-06;O_TTKOME0526P76.00;TTKOM_05/2026_AVRUPA_OPSIYON;D_EQ;SSO;D_EQ_EPP;DE_TTKOM_EPP;TTKOM.E;2026-05-25;9.1;11.85;-23.21;0;0;0;0;0;0;0;0;0;0;0;;;;;
2026-05-06;O_TTKOME0626C60.00;TTKOM_06/2026_AVRUPA_OPSIYON;D_EQ;SSO;D_EQ_ECP;DE_TTKOM_ECP;TTKOM.E;2026-06-30;9.85;7.39;33.29;0;0;0;0;0;0;0;0;0;0;0;;;;;
2026-05-06;O_TTKOME0626C62.00;TTKOM_06/2026_AVRUPA_OPSIYON;D_EQ;SSO;D_EQ_ECP;DE_TTKOM_ECP;TTKOM.E;2026-06-30;8.37;6.1;37.21;0;0;0;0;0;0;0;0;0;100;0;;;;;
2026-05-06;O_TTKOME0626C64.00;TTKOM_06/2026_AVRUPA_OPSIYON;D_EQ;SSO;D_EQ_ECP;DE_TTKOM_ECP;TTKOM.E;2026-06-30;7.02;4.95;41.82;0;0;0;0;0;0;0;0;0;0;0;;;;;
2026-05-06;O_TTKOME0626C66.00;TTKOM_06/2026_AVRUPA_OPSIYON;D_EQ;SSO;D_EQ_ECP;DE_TTKOM_ECP;TTKOM.E;2026-06-30;5.81;3.96;46.72;0;0;0;0;0;0;0;0;0;0;0;;;;;
2026-05-06;O_TTKOME0626C68.00;TTKOM_06/2026_AVRUPA_OPSIYON;D_EQ;SSO;D_EQ_ECP;DE_TTKOM_ECP;TTKOM.E;2026-06-30;4.74;3.11;52.41;0;0;0;0;0;0;0;0;0;0;0;;;;;
2026-05-06;O_TTKOME0626C70.00;TTKOM_06/2026_AVRUPA_OPSIYON;D_EQ;SSO;D_EQ_ECP;DE_TTKOM_ECP;TTKOM.E;2026-06-30;3.82;2.41;58.51;0;0;0;0;0;0;0;0;0;0;0;;;;;
2026-05-06;O_TTKOME0626C72.00;TTKOM_06/2026_AVRUPA_OPSIYON;D_EQ;SSO;D_EQ_ECP;DE_TTKOM_ECP;TTKOM.E;2026-06-30;3.04;1.84;65.22;0;0;0;0;0;0;0;0;0;50;0;;;;;
2026-05-06;O_TTKOME0626C74.00;TTKOM_06/2026_AVRUPA_OPSIYON;D_EQ;SSO;D_EQ_ECP;DE_TTKOM_ECP;TTKOM.E;2026-06-30;2.39;1.39;71.94;0;0;0;0;0;0;0;0;0;50;0;;;;;
2026-05-06;O_TTKOME0626C76.00;TTKOM_06/2026_AVRUPA_OPSIYON;D_EQ;SSO;D_EQ_ECP;DE_TTKOM_ECP;TTKOM.E;2026-06-30;1.85;1.03;79.61;0;0;0;0;0;0;0;0;0;0;0;;;;;
2026-05-06;O_TTKOME0626C78.00;TTKOM_06/2026_AVRUPA_OPSIYON;D_EQ;SSO;D_EQ_ECP;DE_TTKOM_ECP;TTKOM.E;2026-06-30;1.42;0.75;89.33;0;0;0;0;0;0;0;0;0;0;0;;;;;
2026-05-06;O_TTKOME0626C80.00;TTKOM_06/2026_AVRUPA_OPSIYON;D_EQ;SSO;D_EQ_ECP;DE_TTKOM_ECP;TTKOM.E;2026-06-30;1.08;0.54;100;0;0;0;0;0;0;0;0;0;0;0;;;;;
2026-05-06;O_TTKOME0626C82.00;TTKOM_06/2026_AVRUPA_OPSIYON;D_EQ;SSO;D_EQ_ECP;DE_TTKOM_ECP;TTKOM.E;2026-06-30;0.81;0.39;107.69;0;0;0;0;0;0;0;0;0;0;0;;;;;
2026-05-06;O_TTKOME0626C84.00;TTKOM_06/2026_AVRUPA_OPSIYON;D_EQ;SSO;D_EQ_ECP;DE_TTKOM_ECP;TTKOM.E;2026-06-30;0.6;0.27;122.22;0;0;0;0;0;0;0;0;0;0;0;;;;;
2026-05-06;O_TTKOME0626P50.00;TTKOM_06/2026_AVRUPA_OPSIYON;D_EQ;SSO;D_EQ_EPP;DE_TTKOM_EPP;TTKOM.E;2026-06-30;0.05;0.1;-50;0;0;0;0;0;0;0;0;0;0;0;;;;;
2026-05-06;O_TTKOME0626P52.00;TTKOM_06/2026_AVRUPA_OPSIYON;D_EQ;SSO;D_EQ_EPP;DE_TTKOM_EPP;TTKOM.E;2026-06-30;0.11;0.19;-42.11;0;0;0;0;0;0;0;0;0;10;0;;;;;
2026-05-06;O_TTKOME0626P54.00;TTKOM_06/2026_AVRUPA_OPSIYON;D_EQ;SSO;D_EQ_EPP;DE_TTKOM_EPP;TTKOM.E;2026-06-30;0.2;0.33;-39.39;0;0;0;0;0;0;0;0;0;0;0;;;;;
2026-05-06;O_TTKOME0626P56.00;TTKOM_06/2026_AVRUPA_OPSIYON;D_EQ;SSO;D_EQ_EPP;DE_TTKOM_EPP;TTKOM.E;2026-06-30;0.34;0.56;-39.29;0;0;0;0;0;0;0;0;0;0;0;;;;;
2026-05-06;O_TTKOME0626P58.00;TTKOM_06/2026_AVRUPA_OPSIYON;D_EQ;SSO;D_EQ_EPP;DE_TTKOM_EPP;TTKOM.E;2026-06-30;0.55;0.89;-38.2;0;0;0;0;0;0;0;0;0;0;0;;;;;
2026-05-06;O_TTKOME0626P60.00;TTKOM_06/2026_AVRUPA_OPSIYON;D_EQ;SSO;D_EQ_EPP;DE_TTKOM_EPP;TTKOM.E;2026-06-30;0.86;1.35;-36.3;0;0;0;0;0;0;0;0;0;0;0;;;;;
2026-05-06;O_TTKOME0626P62.00;TTKOM_06/2026_AVRUPA_OPSIYON;D_EQ;SSO;D_EQ_EPP;DE_TTKOM_EPP;TTKOM.E;2026-06-30;1.27;1.94;-34.54;0;0;0;0;0;0;0;0;0;0;0;;;;;
2026-05-06;O_TTKOME0626P64.00;TTKOM_06/2026_AVRUPA_OPSIYON;D_EQ;SSO;D_EQ_EPP;DE_TTKOM_EPP;TTKOM.E;2026-06-30;1.81;2.68;-32.46;0;0;0;0;0;0;0;0;0;0;0;;;;;
2026-05-06;O_TTKOME0626P66.00;TTKOM_06/2026_AVRUPA_OPSIYON;D_EQ;SSO;D_EQ_EPP;DE_TTKOM_EPP;TTKOM.E;2026-06-30;2.49;3.57;-30.25;0;0;0;0;0;0;0;0;0;0;0;;;;;
2026-05-06;O_TTKOME0626P68.00;TTKOM_06/2026_AVRUPA_OPSIYON;D_EQ;SSO;D_EQ_EPP;DE_TTKOM_EPP;TTKOM.E;2026-06-30;3.31;4.61;-28.2;0;0;0;0;0;0;0;0;0;0;0;;;;;
2026-05-06;O_TTKOME0626P70.00;TTKOM_06/2026_AVRUPA_OPSIYON;D_EQ;SSO;D_EQ_EPP;DE_TTKOM_EPP;TTKOM.E;2026-06-30;4.27;5.8;-26.38;0;0;0;0;0;0;0;0;0;0;0;;;;;
2026-05-06;O_TTKOME0626P72.00;TTKOM_06/2026_AVRUPA_OPSIYON;D_EQ;SSO;D_EQ_EPP;DE_TTKOM_EPP;TTKOM.E;2026-06-30;5.38;7.12;-24.44;0;0;0;0;0;0;0;0;0;0;0;;;;;
2026-05-06;O_TTKOME0626P74.00;TTKOM_06/2026_AVRUPA_OPSIYON;D_EQ;SSO;D_EQ_EPP;DE_TTKOM_EPP;TTKOM.E;2026-06-30;6.62;8.55;-22.57;0;0;0;0;0;0;0;0;0;0;0;;;;;
2026-05-06;O_TTKOME0726C64.00;TTKOM_07/2026_AVRUPA_OPSIYON;D_EQ;SSO;D_EQ_ECP;DE_TTKOM_ECP;TTKOM.E;2026-07-31;9.93;7.63;30.14;0;0;0;0;0;0;0;0;0;0;0;;;;;
2026-05-06;O_TTKOME0726C66.00;TTKOM_07/2026_AVRUPA_OPSIYON;D_EQ;SSO;D_EQ_ECP;DE_TTKOM_ECP;TTKOM.E;2026-07-31;8.67;6.53;32.77;0;0;0;0;0;0;0;0;0;0;0;;;;;
2026-05-06;O_TTKOME0726C68.00;TTKOM_07/2026_AVRUPA_OPSIYON;D_EQ;SSO;D_EQ_ECP;DE_TTKOM_ECP;TTKOM.E;2026-07-31;7.52;5.54;35.74;0;0;0;0;0;0;0;0;0;0;0;;;;;
2026-05-06;O_TTKOME0726C70.00;TTKOM_07/2026_AVRUPA_OPSIYON;D_EQ;SSO;D_EQ_ECP;DE_TTKOM_ECP;TTKOM.E;2026-07-31;6.47;4.66;38.84;0;0;0;0;0;0;0;0;0;0;0;;;;;
2026-05-06;O_TTKOME0726C72.00;TTKOM_07/2026_AVRUPA_OPSIYON;D_EQ;SSO;D_EQ_ECP;DE_TTKOM_ECP;TTKOM.E;2026-07-31;5.53;3.89;42.16;0;0;0;0;0;0;0;0;0;0;0;;;;;
2026-05-06;O_TTKOME0726C74.00;TTKOM_07/2026_AVRUPA_OPSIYON;D_EQ;SSO;D_EQ_ECP;DE_TTKOM_ECP;TTKOM.E;2026-07-31;4.7;3.22;45.96;0;0;0;0;0;0;0;0;0;0;0;;;;;
2026-05-06;O_TTKOME0726C76.00;TTKOM_07/2026_AVRUPA_OPSIYON;D_EQ;SSO;D_EQ_ECP;DE_TTKOM_ECP;TTKOM.E;2026-07-31;3.97;2.65;49.81;0;0;0;0;0;0;0;0;0;0;0;;;;;
2026-05-06;O_TTKOME0726C78.00;TTKOM_07/2026_AVRUPA_OPSIYON;D_EQ;SSO;D_EQ_ECP;DE_TTKOM_ECP;TTKOM.E;2026-07-31;3.33;2.16;54.17;0;0;0;0;0;0;0;0;0;0;0;;;;;
2026-05-06;O_TTKOME0726C80.00;TTKOM_07/2026_AVRUPA_OPSIYON;D_EQ;SSO;D_EQ_ECP;DE_TTKOM_ECP;TTKOM.E;2026-07-31;2.78;1.75;58.86;0;0;0;0;0;0;0;0;0;0;0;;;;;
2026-05-06;O_TTKOME0726P54.00;TTKOM_07/2026_AVRUPA_OPSIYON;D_EQ;SSO;D_EQ_EPP;DE_TTKOM_EPP;TTKOM.E;2026-07-31;0.28;0.4;-30;0;0;0;0;0;0;0;0;0;0;0;;;;;
2026-05-06;O_TTKOME0726P56.00;TTKOM_07/2026_AVRUPA_OPSIYON;D_EQ;SSO;D_EQ_EPP;DE_TTKOM_EPP;TTKOM.E;2026-07-31;0.43;0.62;-30.65;0;0;0;0;0;0;0;0;0;0;0;;;;;
2026-05-06;O_TTKOME0726P58.00;TTKOM_07/2026_AVRUPA_OPSIYON;D_EQ;SSO;D_EQ_EPP;DE_TTKOM_EPP;TTKOM.E;2026-07-31;0.63;0.91;-30.77;0;0;0;0;0;0;0;0;0;0;0;;;;;
2026-05-06;O_TTKOME0726P60.00;TTKOM_07/2026_AVRUPA_OPSIYON;D_EQ;SSO;D_EQ_EPP;DE_TTKOM_EPP;TTKOM.E;2026-07-31;0.91;1.28;-28.91;0;0;0;0;0;0;0;0;0;0;0;;;;;
2026-05-06;O_TTKOME0726P62.00;TTKOM_07/2026_AVRUPA_OPSIYON;D_EQ;SSO;D_EQ_EPP;DE_TTKOM_EPP;TTKOM.E;2026-07-31;1.26;1.76;-28.41;0;0;0;0;0;0;0;0;0;0;0;;;;;
2026-05-06;O_TTKOME0726P64.00;TTKOM_07/2026_AVRUPA_OPSIYON;D_EQ;SSO;D_EQ_EPP;DE_TTKOM_EPP;TTKOM.E;2026-07-31;1.71;2.34;-26.92;0;0;0;0;0;0;0;0;0;0;0;;;;;
2026-05-06;O_TTKOME0726P66.00;TTKOM_07/2026_AVRUPA_OPSIYON;D_EQ;SSO;D_EQ_EPP;DE_TTKOM_EPP;TTKOM.E;2026-07-31;2.24;3.03;-26.07;0;0;0;0;0;0;0;0;0;0;0;;;;;
2026-05-06;O_TTKOME0726P68.00;TTKOM_07/2026_AVRUPA_OPSIYON;D_EQ;SSO;D_EQ_EPP;DE_TTKOM_EPP;TTKOM.E;2026-07-31;2.89;3.83;-24.54;0;0;0;0;0;0;0;0;0;0;0;;;;;
2026-05-06;O_TTKOME0726P70.00;TTKOM_07/2026_AVRUPA_OPSIYON;D_EQ;SSO;D_EQ_EPP;DE_TTKOM_EPP;TTKOM.E;2026-07-31;3.63;4.74;-23.42;0;0;0;0;0;0;0;0;0;0;0;;;;;
2026-05-06;O_TUPRSE0526C230.00;TUPRS_05/2026_AVRUPA_OPSIYON;D_EQ;SSO;D_EQ_ECP;DE_TUPRS_ECP;TUPRS.E;2026-05-25;46.18;45.87;0.68;0;0;0;0;0;0;0;0;0;0;0;;;;;
2026-05-06;O_TUPRSE0526C235.00;TUPRS_05/2026_AVRUPA_OPSIYON;D_EQ;SSO;D_EQ_ECP;DE_TUPRS_ECP;TUPRS.E;2026-05-25;41.53;41.2;0.8;0;0;0;0;0;0;0;0;0;0;0;;;;;
2026-05-06;O_TUPRSE0526C240.00;TUPRS_05/2026_AVRUPA_OPSIYON;D_EQ;SSO;D_EQ_ECP;DE_TUPRS_ECP;TUPRS.E;2026-05-25;36.98;36.65;0.9;0;0;0;0;0;0;0;0;0;0;0;;;;;
2026-05-06;O_TUPRSE0526C245.00;TUPRS_05/2026_AVRUPA_OPSIYON;D_EQ;SSO;D_EQ_ECP;DE_TUPRS_ECP;TUPRS.E;2026-05-25;32.53;32.23;0.93;0;0;0;0;0;0;0;0;0;60;0;;;;;
2026-05-06;O_TUPRSE0526C250.00;TUPRS_05/2026_AVRUPA_OPSIYON;D_EQ;SSO;D_EQ_ECP;DE_TUPRS_ECP;TUPRS.E;2026-05-25;28.23;28.01;0.79;0;0;0;0;0;0;0;0;0;119;0;;;;;
2026-05-06;O_TUPRSE0526C260.00;TUPRS_05/2026_AVRUPA_OPSIYON;D_EQ;SSO;D_EQ_ECP;DE_TUPRS_ECP;TUPRS.E;2026-05-25;20.2;20.27;-0.35;17.52;17.52;17.52;17.52;17.52;338000;22776;13;1;64;13;;;;;
2026-05-06;O_TUPRSE0526C270.00;TUPRS_05/2026_AVRUPA_OPSIYON;D_EQ;SSO;D_EQ_ECP;DE_TUPRS_ECP;TUPRS.E;2026-05-25;13.63;13.87;-1.73;0;0;0;0;0;0;0;0;0;150;0;;;;;
2026-05-06;O_TUPRSE0526C280.00;TUPRS_05/2026_AVRUPA_OPSIYON;D_EQ;SSO;D_EQ_ECP;DE_TUPRS_ECP;TUPRS.E;2026-05-25;8.69;8.94;-2.8;6.65;6.65;7.1;7.1;6.92;840000;20750;30;3;196;30;;;;;
2026-05-06;O_TUPRSE0526C290.00;TUPRS_05/2026_AVRUPA_OPSIYON;D_EQ;SSO;D_EQ_ECP;DE_TUPRS_ECP;TUPRS.E;2026-05-25;5.34;5.47;-2.38;0;0;0;0;0;0;0;0;0;882;0;;;;;
2026-05-06;O_TUPRSE0526C300.00;TUPRS_05/2026_AVRUPA_OPSIYON;D_EQ;SSO;D_EQ_ECP;DE_TUPRS_ECP;TUPRS.E;2026-05-25;3.49;3.26;7.06;1.28;1.28;2.4;2.4;2.21;1800000;13280;60;3;158;60;;;;;
2026-05-06;O_TUPRSE0526C310.00;TUPRS_05/2026_AVRUPA_OPSIYON;D_EQ;SSO;D_EQ_ECP;DE_TUPRS_ECP;TUPRS.E;2026-05-25;2.32;1.88;23.4;0;0;0;0;0;0;0;0;0;0;0;;;;;
2026-05-06;O_TUPRSE0526C320.00;TUPRS_05/2026_AVRUPA_OPSIYON;D_EQ;SSO;D_EQ_ECP;DE_TUPRS_ECP;TUPRS.E;2026-05-25;1.58;1.05;50.48;0;0;0;0;0;0;0;0;0;2;0;;;;;
2026-05-06;O_TUPRSE0526C330.00;TUPRS_05/2026_AVRUPA_OPSIYON;D_EQ;SSO;D_EQ_ECP;DE_TUPRS_ECP;TUPRS.E;2026-05-25;1.11;0.58;91.38;0;0;0;0;0;0;0;0;0;1;0;;;;;
2026-05-06;O_TUPRSE0526C340.00;TUPRS_05/2026_AVRUPA_OPSIYON;D_EQ;SSO;D_EQ_ECP;DE_TUPRS_ECP;TUPRS.E;2026-05-25;0.8;0.31;158.06;0;0;0;0;0;0;0;0;0;0;0;;;;;
2026-05-06;O_TUPRSE0526P205.00;TUPRS_05/2026_AVRUPA_OPSIYON;D_EQ;SSO;D_EQ_EPP;DE_TUPRS_EPP;TUPRS.E;2026-05-25;0.11;0.02;450;0;0;0;0;0;0;0;0;0;0;0;;;;;
2026-05-06;O_TUPRSE0526P210.00;TUPRS_05/2026_AVRUPA_OPSIYON;D_EQ;SSO;D_EQ_EPP;DE_TUPRS_EPP;TUPRS.E;2026-05-25;0.17;0.04;325;0;0;0;0;0;0;0;0;0;0;0;;;;;
2026-05-06;O_TUPRSE0526P215.00;TUPRS_05/2026_AVRUPA_OPSIYON;D_EQ;SSO;D_EQ_EPP;DE_TUPRS_EPP;TUPRS.E;2026-05-25;0.24;0.07;242.86;0;0;0;0;0;0;0;0;0;0;0;;;;;
2026-05-06;O_TUPRSE0526P220.00;TUPRS_05/2026_AVRUPA_OPSIYON;D_EQ;SSO;D_EQ_EPP;DE_TUPRS_EPP;TUPRS.E;2026-05-25;0.34;0.13;161.54;0;0;0;0;0;0;0;0;0;0;0;;;;;
2026-05-06;O_TUPRSE0526P225.00;TUPRS_05/2026_AVRUPA_OPSIYON;D_EQ;SSO;D_EQ_EPP;DE_TUPRS_EPP;TUPRS.E;2026-05-25;0.48;0.23;108.7;0;0;0;0;0;0;0;0;0;0;0;;;;;
2026-05-06;O_TUPRSE0526P230.00;TUPRS_05/2026_AVRUPA_OPSIYON;D_EQ;SSO;D_EQ_EPP;DE_TUPRS_EPP;TUPRS.E;2026-05-25;0.67;0.38;76.32;0;0;0;0;0;0;0;0;0;0;0;;;;;
2026-05-06;O_TUPRSE0526P235.00;TUPRS_05/2026_AVRUPA_OPSIYON;D_EQ;SSO;D_EQ_EPP;DE_TUPRS_EPP;TUPRS.E;2026-05-25;0.93;0.61;52.46;0;0;0;0;0;0;0;0;0;0;0;;;;;
2026-05-06;O_TUPRSE0526P240.00;TUPRS_05/2026_AVRUPA_OPSIYON;D_EQ;SSO;D_EQ_EPP;DE_TUPRS_EPP;TUPRS.E;2026-05-25;1.28;0.95;34.74;0;0;0;0;0;0;0;0;0;0;0;;;;;
2026-05-06;O_TUPRSE0526P245.00;TUPRS_05/2026_AVRUPA_OPSIYON;D_EQ;SSO;D_EQ_EPP;DE_TUPRS_EPP;TUPRS.E;2026-05-25;1.74;1.44;20.83;0;0;0;0;0;0;0;0;0;0;0;;;;;
2026-05-06;O_TUPRSE0526P250.00;TUPRS_05/2026_AVRUPA_OPSIYON;D_EQ;SSO;D_EQ_EPP;DE_TUPRS_EPP;TUPRS.E;2026-05-25;2.34;2.11;10.9;1.64;1.64;1.64;1.64;1.64;300000;1968;12;1;22;12;;;;;
2026-05-06;O_TUPRSE0526P260.00;TUPRS_05/2026_AVRUPA_OPSIYON;D_EQ;SSO;D_EQ_EPP;DE_TUPRS_EPP;TUPRS.E;2026-05-25;4.11;4.16;-1.2;0;0;0;0;0;0;0;0;0;698;0;;;;;
2026-05-06;O_TUPRSE0526P270.00;TUPRS_05/2026_AVRUPA_OPSIYON;D_EQ;SSO;D_EQ_EPP;DE_TUPRS_EPP;TUPRS.E;2026-05-25;7.34;7.55;-2.78;6.38;6.38;6.38;6.38;6.38;6750000;159500;250;15;515;250;;;;;
2026-05-06;O_TUPRSE0526P280.00;TUPRS_05/2026_AVRUPA_OPSIYON;D_EQ;SSO;D_EQ_EPP;DE_TUPRS_EPP;TUPRS.E;2026-05-25;12.2;12.42;-1.77;14.8;14.8;14.8;14.8;14.8;840000;44400;30;3;250;0;;;;;
2026-05-06;O_TUPRSE0526P290.00;TUPRS_05/2026_AVRUPA_OPSIYON;D_EQ;SSO;D_EQ_EPP;DE_TUPRS_EPP;TUPRS.E;2026-05-25;18.66;18.74;-0.43;18.21;18.21;22.16;22.16;19.93;667000;45833;23;3;183;3;;;;;
2026-05-06;O_TUPRSE0626C260.00;TUPRS_06/2026_AVRUPA_OPSIYON;D_EQ;SSO;D_EQ_ECP;DE_TUPRS_ECP;TUPRS.E;2026-06-30;33.44;32.74;2.14;0;0;0;0;0;0;0;0;0;0;0;;;;;
2026-05-06;O_TUPRSE0626C270.00;TUPRS_06/2026_AVRUPA_OPSIYON;D_EQ;SSO;D_EQ_ECP;DE_TUPRS_ECP;TUPRS.E;2026-06-30;26.46;26.32;0.53;0;0;0;0;0;0;0;0;0;1;0;;;;;
2026-05-06;O_TUPRSE0626C280.00;TUPRS_06/2026_AVRUPA_OPSIYON;D_EQ;SSO;D_EQ_ECP;DE_TUPRS_ECP;TUPRS.E;2026-06-30;20.83;20.88;-0.24;14.32;14.16;14.9;14.73;14.53;2800000;145310;100;6;100;100;;;;;
2026-05-06;O_TUPRSE0626C290.00;TUPRS_06/2026_AVRUPA_OPSIYON;D_EQ;SSO;D_EQ_ECP;DE_TUPRS_ECP;TUPRS.E;2026-06-30;16.31;16.33;-0.12;0;0;0;0;0;0;0;0;0;0;0;;;;;
2026-05-06;O_TUPRSE0626C300.00;TUPRS_06/2026_AVRUPA_OPSIYON;D_EQ;SSO;D_EQ_ECP;DE_TUPRS_ECP;TUPRS.E;2026-06-30;12.94;12.66;2.21;0;0;0;0;0;0;0;0;0;0;0;;;;;
2026-05-06;O_TUPRSE0626C310.00;TUPRS_06/2026_AVRUPA_OPSIYON;D_EQ;SSO;D_EQ_ECP;DE_TUPRS_ECP;TUPRS.E;2026-06-30;10.81;9.87;9.52;0;0;0;0;0;0;0;0;0;0;0;;;;;
2026-05-06;O_TUPRSE0626C320.00;TUPRS_06/2026_AVRUPA_OPSIYON;D_EQ;SSO;D_EQ_ECP;DE_TUPRS_ECP;TUPRS.E;2026-06-30;9.17;7.65;19.87;0;0;0;0;0;0;0;0;0;0;0;;;;;
2026-05-06;O_TUPRSE0626C330.00;TUPRS_06/2026_AVRUPA_OPSIYON;D_EQ;SSO;D_EQ_ECP;DE_TUPRS_ECP;TUPRS.E;2026-06-30;7.9;5.93;33.22;0;0;0;0;0;0;0;0;0;0;0;;;;;
2026-05-06;O_TUPRSE0626C340.00;TUPRS_06/2026_AVRUPA_OPSIYON;D_EQ;SSO;D_EQ_ECP;DE_TUPRS_ECP;TUPRS.E;2026-06-30;6.9;4.58;50.66;0;0;0;0;0;0;0;0;0;0;0;;;;;
2026-05-06;O_TUPRSE0626C350.00;TUPRS_06/2026_AVRUPA_OPSIYON;D_EQ;SSO;D_EQ_ECP;DE_TUPRS_ECP;TUPRS.E;2026-06-30;6.12;3.55;72.39;0;0;0;0;0;0;0;0;0;0;0;;;;;
2026-05-06;O_TUPRSE0626P230.00;TUPRS_06/2026_AVRUPA_OPSIYON;D_EQ;SSO;D_EQ_EPP;DE_TUPRS_EPP;TUPRS.E;2026-06-30;3.52;2.05;71.71;0;0;0;0;0;0;0;0;0;0;0;;;;;
2026-05-06;O_TUPRSE0626P235.00;TUPRS_06/2026_AVRUPA_OPSIYON;D_EQ;SSO;D_EQ_EPP;DE_TUPRS_EPP;TUPRS.E;2026-06-30;4.06;2.6;56.15;0;0;0;0;0;0;0;0;0;0;0;;;;;
2026-05-06;O_TUPRSE0626P240.00;TUPRS_06/2026_AVRUPA_OPSIYON;D_EQ;SSO;D_EQ_EPP;DE_TUPRS_EPP;TUPRS.E;2026-06-30;4.66;3.26;42.94;0;0;0;0;0;0;0;0;0;0;0;;;;;
2026-05-06;O_TUPRSE0626P245.00;TUPRS_06/2026_AVRUPA_OPSIYON;D_EQ;SSO;D_EQ_EPP;DE_TUPRS_EPP;TUPRS.E;2026-06-30;5.34;4.04;32.18;0;0;0;0;0;0;0;0;0;0;0;;;;;
2026-05-06;O_TUPRSE0626P250.00;TUPRS_06/2026_AVRUPA_OPSIYON;D_EQ;SSO;D_EQ_EPP;DE_TUPRS_EPP;TUPRS.E;2026-06-30;6.11;4.96;23.19;0;0;0;0;0;0;0;0;0;0;0;;;;;
2026-05-06;O_TUPRSE0626P260.00;TUPRS_06/2026_AVRUPA_OPSIYON;D_EQ;SSO;D_EQ_EPP;DE_TUPRS_EPP;TUPRS.E;2026-06-30;7.97;7.27;9.63;0;0;0;0;0;0;0;0;0;0;0;;;;;
2026-05-06;O_TUPRSE0626P270.00;TUPRS_06/2026_AVRUPA_OPSIYON;D_EQ;SSO;D_EQ_EPP;DE_TUPRS_EPP;TUPRS.E;2026-06-30;10.43;10.28;1.46;0;0;0;0;0;0;0;0;0;0;0;;;;;
2026-05-06;O_TUPRSE0626P280.00;TUPRS_06/2026_AVRUPA_OPSIYON;D_EQ;SSO;D_EQ_EPP;DE_TUPRS_EPP;TUPRS.E;2026-06-30;14.25;14.27;-0.14;12.68;12;12.68;12;12.35;3920000;172860;140;6;140;140;;;;;
2026-05-06;O_TUPRSE0626P290.00;TUPRS_06/2026_AVRUPA_OPSIYON;D_EQ;SSO;D_EQ_EPP;DE_TUPRS_EPP;TUPRS.E;2026-06-30;19.17;19.15;0.1;0;0;0;0;0;0;0;0;0;0;0;;;;;
2026-05-06;O_TUPRSE0626P300.00;TUPRS_06/2026_AVRUPA_OPSIYON;D_EQ;SSO;D_EQ_EPP;DE_TUPRS_EPP;TUPRS.E;2026-06-30;25.25;24.92;1.32;0;0;0;0;0;0;0;0;0;0;0;;;;;
2026-05-06;O_TUPRSE0726C280.00;TUPRS_07/2026_AVRUPA_OPSIYON;D_EQ;SSO;D_EQ_ECP;DE_TUPRS_ECP;TUPRS.E;2026-07-31;32.77;32.52;0.77;0;0;0;0;0;0;0;0;0;0;0;;;;;
2026-05-06;O_TUPRSE0726C290.00;TUPRS_07/2026_AVRUPA_OPSIYON;D_EQ;SSO;D_EQ_ECP;DE_TUPRS_ECP;TUPRS.E;2026-07-31;27.35;27.32;0.11;0;0;0;0;0;0;0;0;0;0;0;;;;;
2026-05-06;O_TUPRSE0726C300.00;TUPRS_07/2026_AVRUPA_OPSIYON;D_EQ;SSO;D_EQ_ECP;DE_TUPRS_ECP;TUPRS.E;2026-07-31;23;22.85;0.66;0;0;0;0;0;0;0;0;0;0;0;;;;;
2026-05-06;O_TUPRSE0726C310.00;TUPRS_07/2026_AVRUPA_OPSIYON;D_EQ;SSO;D_EQ_ECP;DE_TUPRS_ECP;TUPRS.E;2026-07-31;19.78;19.12;3.45;0;0;0;0;0;0;0;0;0;0;0;;;;;
2026-05-06;O_TUPRSE0726C320.00;TUPRS_07/2026_AVRUPA_OPSIYON;D_EQ;SSO;D_EQ_ECP;DE_TUPRS_ECP;TUPRS.E;2026-07-31;17.6;16.07;9.52;0;0;0;0;0;0;0;0;0;0;0;;;;;
2026-05-06;O_TUPRSE0726C330.00;TUPRS_07/2026_AVRUPA_OPSIYON;D_EQ;SSO;D_EQ_ECP;DE_TUPRS_ECP;TUPRS.E;2026-07-31;15.85;13.5;17.41;0;0;0;0;0;0;0;0;0;0;0;;;;;
2026-05-06;O_TUPRSE0726C340.00;TUPRS_07/2026_AVRUPA_OPSIYON;D_EQ;SSO;D_EQ_ECP;DE_TUPRS_ECP;TUPRS.E;2026-07-31;14.42;11.35;27.05;0;0;0;0;0;0;0;0;0;0;0;;;;;
2026-05-06;O_TUPRSE0726C350.00;TUPRS_07/2026_AVRUPA_OPSIYON;D_EQ;SSO;D_EQ_ECP;DE_TUPRS_ECP;TUPRS.E;2026-07-31;13.27;9.55;38.95;0;0;0;0;0;0;0;0;0;0;0;;;;;
2026-05-06;O_TUPRSE0726C360.00;TUPRS_07/2026_AVRUPA_OPSIYON;D_EQ;SSO;D_EQ_ECP;DE_TUPRS_ECP;TUPRS.E;2026-07-31;12.33;8.05;53.17;0;0;0;0;0;0;0;0;0;0;0;;;;;
2026-05-06;O_TUPRSE0726P240.00;TUPRS_07/2026_AVRUPA_OPSIYON;D_EQ;SSO;D_EQ_EPP;DE_TUPRS_EPP;TUPRS.E;2026-07-31;5.97;3.81;56.69;0;0;0;0;0;0;0;0;0;0;0;;;;;
2026-05-06;O_TUPRSE0726P245.00;TUPRS_07/2026_AVRUPA_OPSIYON;D_EQ;SSO;D_EQ_EPP;DE_TUPRS_EPP;TUPRS.E;2026-07-31;6.57;4.52;45.35;0;0;0;0;0;0;0;0;0;0;0;;;;;
2026-05-06;O_TUPRSE0726P250.00;TUPRS_07/2026_AVRUPA_OPSIYON;D_EQ;SSO;D_EQ_EPP;DE_TUPRS_EPP;TUPRS.E;2026-07-31;7.23;5.33;35.65;0;0;0;0;0;0;0;0;0;0;0;;;;;
2026-05-06;O_TUPRSE0726P260.00;TUPRS_07/2026_AVRUPA_OPSIYON;D_EQ;SSO;D_EQ_EPP;DE_TUPRS_EPP;TUPRS.E;2026-07-31;8.72;7.26;20.11;0;0;0;0;0;0;0;0;0;0;0;;;;;
2026-05-06;O_TUPRSE0726P270.00;TUPRS_07/2026_AVRUPA_OPSIYON;D_EQ;SSO;D_EQ_EPP;DE_TUPRS_EPP;TUPRS.E;2026-07-31;10.5;9.67;8.58;0;0;0;0;0;0;0;0;0;0;0;;;;;
2026-05-06;O_TUPRSE0726P280.00;TUPRS_07/2026_AVRUPA_OPSIYON;D_EQ;SSO;D_EQ_EPP;DE_TUPRS_EPP;TUPRS.E;2026-07-31;13;12.7;2.36;0;0;0;0;0;0;0;0;0;0;0;;;;;
2026-05-06;O_TUPRSE0726P290.00;TUPRS_07/2026_AVRUPA_OPSIYON;D_EQ;SSO;D_EQ_EPP;DE_TUPRS_EPP;TUPRS.E;2026-07-31;16.56;16.45;0.67;0;0;0;0;0;0;0;0;0;0;0;;;;;
2026-05-06;O_TUPRSE0726P300.00;TUPRS_07/2026_AVRUPA_OPSIYON;D_EQ;SSO;D_EQ_EPP;DE_TUPRS_EPP;TUPRS.E;2026-07-31;21.19;20.94;1.19;0;0;0;0;0;0;0;0;0;0;0;;;;;
2026-05-06;O_TUPRSE0726P310.00;TUPRS_07/2026_AVRUPA_OPSIYON;D_EQ;SSO;D_EQ_EPP;DE_TUPRS_EPP;TUPRS.E;2026-07-31;26.94;26.18;2.9;0;0;0;0;0;0;0;0;0;0;0;;;;;
2026-05-06;O_USDTRYKE0526C45000;USDTRY_05/2026_AVRUPA_OPSIYON;D_CR;CRO;D_CR_ECO;DE_USDTRYK_ECO;D_USDTRYK;2026-05-25;1047;1079.3;-2.99;0;0;0;0;0;0;0;0;0;0;0;;;;;
2026-05-06;O_USDTRYKE0526C45500;USDTRY_05/2026_AVRUPA_OPSIYON;D_CR;CRO;D_CR_ECO;DE_USDTRYK_ECO;D_USDTRYK;2026-05-25;678.9;709.5;-4.31;500;500;500;500;500;91000;1000;2;1;400;0;;;;;
2026-05-06;O_USDTRYKE0526C46000;USDTRY_05/2026_AVRUPA_OPSIYON;D_CR;CRO;D_CR_ECO;DE_USDTRYK_ECO;D_USDTRYK;2026-05-25;395.3;421.5;-6.22;206;200;207.2;200;203;209392000;923960;4552;9;56176;2500;;;;;
2026-05-06;O_USDTRYKE0526C47000;USDTRY_05/2026_AVRUPA_OPSIYON;D_CR;CRO;D_CR_ECO;DE_USDTRYK_ECO;D_USDTRYK;2026-05-25;174.4;185;-5.73;138.3;127;138.3;127.5;130.9;14100000;39280;300;3;37701;300;;;;;
2026-05-06;O_USDTRYKE0526C47500;USDTRY_05/2026_AVRUPA_OPSIYON;D_CR;CRO;D_CR_ECO;DE_USDTRYK_ECO;D_USDTRYK;2026-05-25;157.4;166.8;-5.64;0;0;0;0;0;0;0;0;0;37233;0;;;;;
2026-05-06;O_USDTRYKE0526C48000;USDTRY_05/2026_AVRUPA_OPSIYON;D_CR;CRO;D_CR_ECO;DE_USDTRYK_ECO;D_USDTRYK;2026-05-25;125;134.1;-6.79;110;110;110;110;110;9600000;22000;200;2;26363;0;;;;;
2026-05-06;O_USDTRYKE0526C48500;USDTRY_05/2026_AVRUPA_OPSIYON;D_CR;CRO;D_CR_ECO;DE_USDTRYK_ECO;D_USDTRYK;2026-05-25;103.1;112.1;-8.03;110;100;110;105;105;742050000;1607000;15300;12;34350;15000;;;;;
2026-05-06;O_USDTRYKE0526C49000;USDTRY_05/2026_AVRUPA_OPSIYON;D_CR;CRO;D_CR_ECO;DE_USDTRYK_ECO;D_USDTRYK;2026-05-25;87.8;96.7;-9.2;95;95;95;95;95;735000000;1425000;15000;3;21700;15000;;;;;
2026-05-06;O_USDTRYKE0526C49500;USDTRY_05/2026_AVRUPA_OPSIYON;D_CR;CRO;D_CR_ECO;DE_USDTRYK_ECO;D_USDTRYK;2026-05-25;76.8;85.6;-10.28;85;80;85;85;85;1680525000;2884750;33950;19;45200;31200;;;;;
2026-05-06;O_USDTRYKE0526C50000;USDTRY_05/2026_AVRUPA_OPSIYON;D_CR;CRO;D_CR_ECO;DE_USDTRYK_ECO;D_USDTRYK;2026-05-25;68.8;77.5;-11.23;0;0;0;0;0;0;0;0;0;2625;0;;;;;
2026-05-06;O_USDTRYKE0526P42000;USDTRY_05/2026_AVRUPA_OPSIYON;D_CR;CRO;D_CR_EPO;DE_USDTRYK_EPO;D_USDTRYK;2026-05-25;0.1;0.1;0;0;0;0;0;0;0;0;0;0;0;0;;;;;
2026-05-06;O_USDTRYKE0526P42500;USDTRY_05/2026_AVRUPA_OPSIYON;D_CR;CRO;D_CR_EPO;DE_USDTRYK_EPO;D_USDTRYK;2026-05-25;0.1;0.1;0;0;0;0;0;0;0;0;0;0;10;0;;;;;
2026-05-06;O_USDTRYKE0526P43000;USDTRY_05/2026_AVRUPA_OPSIYON;D_CR;CRO;D_CR_EPO;DE_USDTRYK_EPO;D_USDTRYK;2026-05-25;0.5;0.6;-16.67;0;0;0;0;0;0;0;0;0;0;0;;;;;
2026-05-06;O_USDTRYKE0526P43500;USDTRY_05/2026_AVRUPA_OPSIYON;D_CR;CRO;D_CR_EPO;DE_USDTRYK_EPO;D_USDTRYK;2026-05-25;2.6;2.9;-10.34;0;0;0;0;0;0;0;0;0;0;0;;;;;
2026-05-06;O_USDTRYKE0526P44000;USDTRY_05/2026_AVRUPA_OPSIYON;D_CR;CRO;D_CR_EPO;DE_USDTRYK_EPO;D_USDTRYK;2026-05-25;10.7;11.5;-6.96;0;0;0;0;0;0;0;0;0;0;0;;;;;
2026-05-06;O_USDTRYKE0526P44500;USDTRY_05/2026_AVRUPA_OPSIYON;D_CR;CRO;D_CR_EPO;DE_USDTRYK_EPO;D_USDTRYK;2026-05-25;35.5;36.8;-3.53;0;0;0;0;0;0;0;0;0;0;0;;;;;
2026-05-06;O_USDTRYKE0526P45000;USDTRY_05/2026_AVRUPA_OPSIYON;D_CR;CRO;D_CR_EPO;DE_USDTRYK_EPO;D_USDTRYK;2026-05-25;96.6;97.9;-1.33;0;0;0;0;0;0;0;0;0;0;0;;;;;
2026-05-06;O_USDTRYKE0526P45500;USDTRY_05/2026_AVRUPA_OPSIYON;D_CR;CRO;D_CR_EPO;DE_USDTRYK_EPO;D_USDTRYK;2026-05-25;220;219.2;0.36;0;0;0;0;0;0;0;0;0;1400;0;;;;;
2026-05-06;O_USDTRYKE0526P46000;USDTRY_05/2026_AVRUPA_OPSIYON;D_CR;CRO;D_CR_EPO;DE_USDTRYK_EPO;D_USDTRYK;2026-05-25;427.9;422.2;1.35;259.8;257.3;270;270;261.4;181700000;1032470;3950;35;18876;650;;;;;
2026-05-06;O_USDTRYKE0526P46500;USDTRY_05/2026_AVRUPA_OPSIYON;D_CR;CRO;D_CR_EPO;DE_USDTRYK_EPO;D_USDTRYK;2026-05-25;732.9;714.6;2.56;638.6;635;675;650.1;645.5;190650000;2646739.8;4100;36;23653;3075;;;;;
2026-05-06;O_USDTRYKE0526P47000;USDTRY_05/2026_AVRUPA_OPSIYON;D_CR;CRO;D_CR_EPO;DE_USDTRYK_EPO;D_USDTRYK;2026-05-25;1189.9;1167.7;1.9;0;0;0;0;0;0;0;0;0;13160;0;;;;;
2026-05-06;O_USDTRYKE0526P47500;USDTRY_05/2026_AVRUPA_OPSIYON;D_CR;CRO;D_CR_EPO;DE_USDTRYK_EPO;D_USDTRYK;2026-05-25;1664.4;1640.6;1.45;0;0;0;0;0;0;0;0;0;2350;0;;;;;
2026-05-06;O_USDTRYKE0526P48000;USDTRY_05/2026_AVRUPA_OPSIYON;D_CR;CRO;D_CR_EPO;DE_USDTRYK_EPO;D_USDTRYK;2026-05-25;2123.5;2099;1.17;0;0;0;0;0;0;0;0;0;0;0;;;;;
2026-05-06;O_USDTRYKE0626C46500;USDTRY_06/2026_AVRUPA_OPSIYON;D_CR;CRO;D_CR_ECO;DE_USDTRYK_ECO;D_USDTRYK;2026-06-30;1261.3;1288.3;-2.1;0;0;0;0;0;0;0;0;0;2;0;;;;;
2026-05-06;O_USDTRYKE0626C47000;USDTRY_06/2026_AVRUPA_OPSIYON;D_CR;CRO;D_CR_ECO;DE_USDTRYK_ECO;D_USDTRYK;2026-06-30;956.3;977.3;-2.15;749.9;723.8;790.7;730;755.5;559582000;8659930.1;11906;18;8906;6106;;;;;
2026-05-06;O_USDTRYKE0626C48000;USDTRY_06/2026_AVRUPA_OPSIYON;D_CR;CRO;D_CR_ECO;DE_USDTRYK_ECO;D_USDTRYK;2026-06-30;693.7;686.6;1.03;484.4;484.4;566.9;530;516.1;384000000;4128760;8000;14;20281;7100;;;;;
2026-05-06;O_USDTRYKE0626C48500;USDTRY_06/2026_AVRUPA_OPSIYON;D_CR;CRO;D_CR_ECO;DE_USDTRYK_ECO;D_USDTRYK;2026-06-30;630.7;627.3;0.54;450.2;450.2;540;494.1;499.5;352837500;3633957;7275;39;56363;2700;;;;;
2026-05-06;O_USDTRYKE0626C49000;USDTRY_06/2026_AVRUPA_OPSIYON;D_CR;CRO;D_CR_ECO;DE_USDTRYK_ECO;D_USDTRYK;2026-06-30;587.5;588;-0.09;400;400;400;400;400;2450000;20000;50;1;70725;0;;;;;
2026-05-06;O_USDTRYKE0626C49500;USDTRY_06/2026_AVRUPA_OPSIYON;D_CR;CRO;D_CR_ECO;DE_USDTRYK_ECO;D_USDTRYK;2026-06-30;558;562.2;-0.75;0;0;0;0;0;0;0;0;0;27281;0;;;;;
2026-05-06;O_USDTRYKE0626C50000;USDTRY_06/2026_AVRUPA_OPSIYON;D_CR;CRO;D_CR_ECO;DE_USDTRYK_ECO;D_USDTRYK;2026-06-30;517;520;-0.58;300;300;324;324;319.4;260000000;1660800;5200;15;24157;5000;;;;;
2026-05-06;O_USDTRYKE0626C51000;USDTRY_06/2026_AVRUPA_OPSIYON;D_CR;CRO;D_CR_ECO;DE_USDTRYK_ECO;D_USDTRYK;2026-06-30;433.1;438;-1.12;277;277;277;277;277;15300000;83100;300;3;13355;0;;;;;
2026-05-06;O_USDTRYKE0626C52000;USDTRY_06/2026_AVRUPA_OPSIYON;D_CR;CRO;D_CR_ECO;DE_USDTRYK_ECO;D_USDTRYK;2026-06-30;376.2;382.6;-1.67;251;221;251;229;233.7;15600000;70100;300;3;2150;145;;;;;
2026-05-06;O_USDTRYKE0626C53000;USDTRY_06/2026_AVRUPA_OPSIYON;D_CR;CRO;D_CR_ECO;DE_USDTRYK_ECO;D_USDTRYK;2026-06-30;336.6;344.4;-2.26;0;0;0;0;0;0;0;0;0;251;0;;;;;
2026-05-06;O_USDTRYKE0626P43500;USDTRY_06/2026_AVRUPA_OPSIYON;D_CR;CRO;D_CR_EPO;DE_USDTRYK_EPO;D_USDTRYK;2026-06-30;6.9;7;-1.43;0;0;0;0;0;0;0;0;0;0;0;;;;;
2026-05-06;O_USDTRYKE0626P44000;USDTRY_06/2026_AVRUPA_OPSIYON;D_CR;CRO;D_CR_EPO;DE_USDTRYK_EPO;D_USDTRYK;2026-06-30;15.7;15.9;-1.26;0;0;0;0;0;0;0;0;0;0;0;;;;;
2026-05-06;O_USDTRYKE0626P44500;USDTRY_06/2026_AVRUPA_OPSIYON;D_CR;CRO;D_CR_EPO;DE_USDTRYK_EPO;D_USDTRYK;2026-06-30;33.1;33.1;0;0;0;0;0;0;0;0;0;0;0;0;;;;;
2026-05-06;O_USDTRYKE0626P45000;USDTRY_06/2026_AVRUPA_OPSIYON;D_CR;CRO;D_CR_EPO;DE_USDTRYK_EPO;D_USDTRYK;2026-06-30;64.5;64.3;0.31;0;0;0;0;0;0;0;0;0;0;0;;;;;
2026-05-06;O_USDTRYKE0626P45500;USDTRY_06/2026_AVRUPA_OPSIYON;D_CR;CRO;D_CR_EPO;DE_USDTRYK_EPO;D_USDTRYK;2026-06-30;117.5;116.6;0.77;0;0;0;0;0;0;0;0;0;0;0;;;;;
2026-05-06;O_USDTRYKE0626P46000;USDTRY_06/2026_AVRUPA_OPSIYON;D_CR;CRO;D_CR_EPO;DE_USDTRYK_EPO;D_USDTRYK;2026-06-30;200.3;198.2;1.06;0;0;0;0;0;0;0;0;0;0;0;;;;;
2026-05-06;O_USDTRYKE0626P46500;USDTRY_06/2026_AVRUPA_OPSIYON;D_CR;CRO;D_CR_EPO;DE_USDTRYK_EPO;D_USDTRYK;2026-06-30;321.6;317.6;1.26;42.5;42.5;70;70;54.3;31155000;36390;670;8;2470;670;;;;;
2026-05-06;O_USDTRYKE0626P47000;USDTRY_06/2026_AVRUPA_OPSIYON;D_CR;CRO;D_CR_EPO;DE_USDTRYK_EPO;D_USDTRYK;2026-06-30;492.4;481.9;2.18;280;280;290;290;286;41971000;255420.7;893;12;1693;793;;;;;
2026-05-06;O_USDTRYKE0626P47500;USDTRY_06/2026_AVRUPA_OPSIYON;D_CR;CRO;D_CR_EPO;DE_USDTRYK_EPO;D_USDTRYK;2026-06-30;827.2;794.5;4.12;641;641;641;641;641;522500;7051;11;2;800;0;;;;;
2026-05-06;O_USDTRYKE0626P48000;USDTRY_06/2026_AVRUPA_OPSIYON;D_CR;CRO;D_CR_EPO;DE_USDTRYK_EPO;D_USDTRYK;2026-06-30;1181.2;1141.9;3.44;1055.1;1055.1;1055.1;1055.1;1055.1;4800000;105510;100;1;1000;0;;;;;
2026-05-06;O_USDTRYKE0626P48500;USDTRY_06/2026_AVRUPA_OPSIYON;D_CR;CRO;D_CR_EPO;DE_USDTRYK_EPO;D_USDTRYK;2026-06-30;1593.9;1557.9;2.31;0;0;0;0;0;0;0;0;0;212;0;;;;;
2026-05-06;O_USDTRYKE0626P49000;USDTRY_06/2026_AVRUPA_OPSIYON;D_CR;CRO;D_CR_EPO;DE_USDTRYK_EPO;D_USDTRYK;2026-06-30;2026.6;1993.9;1.64;0;0;0;0;0;0;0;0;0;1;0;;;;;
2026-05-06;O_USDTRYKE0626P49500;USDTRY_06/2026_AVRUPA_OPSIYON;D_CR;CRO;D_CR_EPO;DE_USDTRYK_EPO;D_USDTRYK;2026-06-30;2472.7;2443.4;1.2;0;0;0;0;0;0;0;0;0;0;0;;;;;
2026-05-06;O_USDTRYKE0626P50000;USDTRY_06/2026_AVRUPA_OPSIYON;D_CR;CRO;D_CR_EPO;DE_USDTRYK_EPO;D_USDTRYK;2026-06-30;2907.5;2876.6;1.07;0;0;0;0;0;0;0;0;0;0;0;;;;;
2026-05-06;O_USDTRYKE0726C48500;USDTRY_07/2026_AVRUPA_OPSIYON;D_CR;CRO;D_CR_ECO;DE_USDTRYK_ECO;D_USDTRYK;2026-07-31;1253.1;1221.6;2.58;950;900;950;900;919.2;227319500;4308317.4;4687;28;9338;3137;;;;;
2026-05-06;O_USDTRYKE0726C49000;USDTRY_07/2026_AVRUPA_OPSIYON;D_CR;CRO;D_CR_ECO;DE_USDTRYK_ECO;D_USDTRYK;2026-07-31;1083.7;1073.9;0.91;850.1;810;850.1;810;835.2;263522000;4491512.9;5378;68;10927;4252;;;;;
2026-05-06;O_USDTRYKE0726C49500;USDTRY_07/2026_AVRUPA_OPSIYON;D_CR;CRO;D_CR_ECO;DE_USDTRYK_ECO;D_USDTRYK;2026-07-31;997.6;945.5;5.51;750.1;750;750.1;750;750;356400000;5400200;7200;79;9950;4000;;;;;
2026-05-06;O_USDTRYKE0726C50000;USDTRY_07/2026_AVRUPA_OPSIYON;D_CR;CRO;D_CR_ECO;DE_USDTRYK_ECO;D_USDTRYK;2026-07-31;931.3;888.2;4.85;680.1;600;680.1;679.9;662.7;291750000;3866893.5;5835;78;8385;5285;;;;;
2026-05-06;O_USDTRYKE0726C51000;USDTRY_07/2026_AVRUPA_OPSIYON;D_CR;CRO;D_CR_ECO;DE_USDTRYK_ECO;D_USDTRYK;2026-07-31;840.5;814.7;3.17;560.1;560;590;590;561.2;63750000;701510;1250;13;4620;1250;;;;;
2026-05-06;O_USDTRYKE0726C52000;USDTRY_07/2026_AVRUPA_OPSIYON;D_CR;CRO;D_CR_ECO;DE_USDTRYK_ECO;D_USDTRYK;2026-07-31;786.4;776.4;1.29;0;0;0;0;0;0;0;0;0;10;0;;;;;
2026-05-06;O_USDTRYKE0726C53000;USDTRY_07/2026_AVRUPA_OPSIYON;D_CR;CRO;D_CR_ECO;DE_USDTRYK_ECO;D_USDTRYK;2026-07-31;715.9;723.3;-1.02;0;0;0;0;0;0;0;0;0;10;0;;;;;
2026-05-06;O_USDTRYKE0726C54000;USDTRY_07/2026_AVRUPA_OPSIYON;D_CR;CRO;D_CR_ECO;DE_USDTRYK_ECO;D_USDTRYK;2026-07-31;632.1;639.5;-1.16;275;275;275;275;275;54000;275;1;1;1;1;;;;;
2026-05-06;O_USDTRYKE0726C55000;USDTRY_07/2026_AVRUPA_OPSIYON;D_CR;CRO;D_CR_ECO;DE_USDTRYK_ECO;D_USDTRYK;2026-07-31;567;574.6;-1.32;225;225;320.1;320.1;318.9;8800000;51027;160;13;5900;0;;;;;
2026-05-06;O_USDTRYKE0726C56000;USDTRY_07/2026_AVRUPA_OPSIYON;D_CR;CRO;D_CR_ECO;DE_USDTRYK_ECO;D_USDTRYK;2026-07-31;516;523.7;-1.47;0;0;0;0;0;0;0;0;0;0;0;;;;;
2026-05-06;O_USDTRYKE0726P45000;USDTRY_07/2026_AVRUPA_OPSIYON;D_CR;CRO;D_CR_EPO;DE_USDTRYK_EPO;D_USDTRYK;2026-07-31;44.8;44.6;0.45;0;0;0;0;0;0;0;0;0;0;0;;;;;
2026-05-06;O_USDTRYKE0726P45500;USDTRY_07/2026_AVRUPA_OPSIYON;D_CR;CRO;D_CR_EPO;DE_USDTRYK_EPO;D_USDTRYK;2026-07-31;76.1;75.5;0.79;0;0;0;0;0;0;0;0;0;0;0;;;;;
2026-05-06;O_USDTRYKE0726P46000;USDTRY_07/2026_AVRUPA_OPSIYON;D_CR;CRO;D_CR_EPO;DE_USDTRYK_EPO;D_USDTRYK;2026-07-31;123.4;122.2;0.98;0;0;0;0;0;0;0;0;0;0;0;;;;;
2026-05-06;O_USDTRYKE0726P46500;USDTRY_07/2026_AVRUPA_OPSIYON;D_CR;CRO;D_CR_EPO;DE_USDTRYK_EPO;D_USDTRYK;2026-07-31;191.8;189.8;1.05;0;0;0;0;0;0;0;0;0;0;0;;;;;
2026-05-06;O_USDTRYKE0726P47000;USDTRY_07/2026_AVRUPA_OPSIYON;D_CR;CRO;D_CR_EPO;DE_USDTRYK_EPO;D_USDTRYK;2026-07-31;286.7;283.4;1.16;0;0;0;0;0;0;0;0;0;0;0;;;;;
2026-05-06;O_USDTRYKE0726P47500;USDTRY_07/2026_AVRUPA_OPSIYON;D_CR;CRO;D_CR_EPO;DE_USDTRYK_EPO;D_USDTRYK;2026-07-31;499;485.4;2.8;0;0;0;0;0;0;0;0;0;320;0;;;;;
2026-05-06;O_USDTRYKE0726P48000;USDTRY_07/2026_AVRUPA_OPSIYON;D_CR;CRO;D_CR_EPO;DE_USDTRYK_EPO;D_USDTRYK;2026-07-31;745.2;703.7;5.9;0;0;0;0;0;0;0;0;0;0;0;;;;;
2026-05-06;O_USDTRYKE0726P48500;USDTRY_07/2026_AVRUPA_OPSIYON;D_CR;CRO;D_CR_EPO;DE_USDTRYK_EPO;D_USDTRYK;2026-07-31;1046.8;984.9;6.28;0;0;0;0;0;0;0;0;0;0;0;;;;;
2026-05-06;O_USDTRYKE0726P49000;USDTRY_07/2026_AVRUPA_OPSIYON;D_CR;CRO;D_CR_EPO;DE_USDTRYK_EPO;D_USDTRYK;2026-07-31;1341;1300.4;3.12;0;0;0;0;0;0;0;0;0;0;0;;;;;
2026-05-06;O_USDTRYKE0726P49500;USDTRY_07/2026_AVRUPA_OPSIYON;D_CR;CRO;D_CR_EPO;DE_USDTRYK_EPO;D_USDTRYK;2026-07-31;1718.6;1635.3;5.09;0;0;0;0;0;0;0;0;0;0;0;;;;;
2026-05-06;O_USDTRYKE0726P50000;USDTRY_07/2026_AVRUPA_OPSIYON;D_CR;CRO;D_CR_EPO;DE_USDTRYK_EPO;D_USDTRYK;2026-07-31;2116.1;2041.3;3.66;0;0;0;0;0;0;0;0;0;0;0;;;;;
2026-05-06;O_VAKBNE0526C30.00;VAKBN_05/2026_AVRUPA_OPSIYON;D_EQ;SSO;D_EQ_ECP;DE_VAKBN_ECP;VAKBN.E;2026-05-25;2.51;2.13;17.84;0;0;0;0;0;0;0;0;0;0;0;;;;;
2026-05-06;O_VAKBNE0526C31.00;VAKBN_05/2026_AVRUPA_OPSIYON;D_EQ;SSO;D_EQ_ECP;DE_VAKBN_ECP;VAKBN.E;2026-05-25;1.85;1.54;20.13;0;0;0;0;0;0;0;0;0;0;0;;;;;
2026-05-06;O_VAKBNE0526C32.00;VAKBN_05/2026_AVRUPA_OPSIYON;D_EQ;SSO;D_EQ_ECP;DE_VAKBN_ECP;VAKBN.E;2026-05-25;1.31;1.07;22.43;0;0;0;0;0;0;0;0;0;0;0;;;;;
2026-05-06;O_VAKBNE0526C33.00;VAKBN_05/2026_AVRUPA_OPSIYON;D_EQ;SSO;D_EQ_ECP;DE_VAKBN_ECP;VAKBN.E;2026-05-25;0.89;0.71;25.35;0;0;0;0;0;0;0;0;0;591;0;;;;;
2026-05-06;O_VAKBNE0526C34.00;VAKBN_05/2026_AVRUPA_OPSIYON;D_EQ;SSO;D_EQ_ECP;DE_VAKBN_ECP;VAKBN.E;2026-05-25;0.58;0.45;28.89;0;0;0;0;0;0;0;0;0;598;0;;;;;
2026-05-06;O_VAKBNE0526C35.00;VAKBN_05/2026_AVRUPA_OPSIYON;D_EQ;SSO;D_EQ_ECP;DE_VAKBN_ECP;VAKBN.E;2026-05-25;0.36;0.28;28.57;0;0;0;0;0;0;0;0;0;25;0;;;;;
2026-05-06;O_VAKBNE0526C36.00;VAKBN_05/2026_AVRUPA_OPSIYON;D_EQ;SSO;D_EQ_ECP;DE_VAKBN_ECP;VAKBN.E;2026-05-25;0.21;0.16;31.25;0;0;0;0;0;0;0;0;0;0;0;;;;;
2026-05-06;O_VAKBNE0526C37.00;VAKBN_05/2026_AVRUPA_OPSIYON;D_EQ;SSO;D_EQ_ECP;DE_VAKBN_ECP;VAKBN.E;2026-05-25;0.12;0.09;33.33;0;0;0;0;0;0;0;0;0;25;0;;;;;
2026-05-06;O_VAKBNE0526C38.00;VAKBN_05/2026_AVRUPA_OPSIYON;D_EQ;SSO;D_EQ_ECP;DE_VAKBN_ECP;VAKBN.E;2026-05-25;0.07;0.05;40;0;0;0;0;0;0;0;0;0;200;0;;;;;
2026-05-06;O_VAKBNE0526C39.00;VAKBN_05/2026_AVRUPA_OPSIYON;D_EQ;SSO;D_EQ_ECP;DE_VAKBN_ECP;VAKBN.E;2026-05-25;0.04;0.03;33.33;0;0;0;0;0;0;0;0;0;0;0;;;;;
2026-05-06;O_VAKBNE0526C40.00;VAKBN_05/2026_AVRUPA_OPSIYON;D_EQ;SSO;D_EQ_ECP;DE_VAKBN_ECP;VAKBN.E;2026-05-25;0.02;0.01;100;0;0;0;0;0;0;0;0;0;0;0;;;;;
2026-05-06;O_VAKBNE0526C41.00;VAKBN_05/2026_AVRUPA_OPSIYON;D_EQ;SSO;D_EQ_ECP;DE_VAKBN_ECP;VAKBN.E;2026-05-25;0.01;0.01;0;0;0;0;0;0;0;0;0;0;0;0;;;;;
2026-05-06;O_VAKBNE0526C42.00;VAKBN_05/2026_AVRUPA_OPSIYON;D_EQ;SSO;D_EQ_ECP;DE_VAKBN_ECP;VAKBN.E;2026-05-25;0.01;0.01;0;0;0;0;0;0;0;0;0;0;500;0;;;;;
2026-05-06;O_VAKBNE0526C43.00;VAKBN_05/2026_AVRUPA_OPSIYON;D_EQ;SSO;D_EQ_ECP;DE_VAKBN_ECP;VAKBN.E;2026-05-25;0.01;0.01;0;0;0;0;0;0;0;0;0;0;0;0;;;;;
2026-05-06;O_VAKBNE0526C44.00;VAKBN_05/2026_AVRUPA_OPSIYON;D_EQ;SSO;D_EQ_ECP;DE_VAKBN_ECP;VAKBN.E;2026-05-25;0.01;0.01;0;0;0;0;0;0;0;0;0;0;0;0;;;;;
2026-05-06;O_VAKBNE0526C45.00;VAKBN_05/2026_AVRUPA_OPSIYON;D_EQ;SSO;D_EQ_ECP;DE_VAKBN_ECP;VAKBN.E;2026-05-25;0.01;0.01;0;0;0;0;0;0;0;0;0;0;0;0;;;;;
2026-05-06;O_VAKBNE0526C46.00;VAKBN_05/2026_AVRUPA_OPSIYON;D_EQ;SSO;D_EQ_ECP;DE_VAKBN_ECP;VAKBN.E;2026-05-25;0.01;0.01;0;0;0;0;0;0;0;0;0;0;0;0;;;;;
2026-05-06;O_VAKBNE0526C47.00;VAKBN_05/2026_AVRUPA_OPSIYON;D_EQ;SSO;D_EQ_ECP;DE_VAKBN_ECP;VAKBN.E;2026-05-25;0.01;0.01;0;0;0;0;0;0;0;0;0;0;0;0;;;;;
2026-05-06;O_VAKBNE0526C48.00;VAKBN_05/2026_AVRUPA_OPSIYON;D_EQ;SSO;D_EQ_ECP;DE_VAKBN_ECP;VAKBN.E;2026-05-25;0.01;0.01;0;0;0;0;0;0;0;0;0;0;0;0;;;;;
2026-05-06;O_VAKBNE0526C49.00;VAKBN_05/2026_AVRUPA_OPSIYON;D_EQ;SSO;D_EQ_ECP;DE_VAKBN_ECP;VAKBN.E;2026-05-25;0.01;0.01;0;0;0;0;0;0;0;0;0;0;0;0;;;;;
2026-05-06;O_VAKBNE0526C50.00;VAKBN_05/2026_AVRUPA_OPSIYON;D_EQ;SSO;D_EQ_ECP;DE_VAKBN_ECP;VAKBN.E;2026-05-25;0.01;0.01;0;0;0;0;0;0;0;0;0;0;0;0;;;;;
2026-05-06;O_VAKBNE0526P25.00;VAKBN_05/2026_AVRUPA_OPSIYON;D_EQ;SSO;D_EQ_EPP;DE_VAKBN_EPP;VAKBN.E;2026-05-25;0.01;0.01;0;0;0;0;0;0;0;0;0;0;0;0;;;;;
2026-05-06;O_VAKBNE0526P26.00;VAKBN_05/2026_AVRUPA_OPSIYON;D_EQ;SSO;D_EQ_EPP;DE_VAKBN_EPP;VAKBN.E;2026-05-25;0.02;0.04;-50;0;0;0;0;0;0;0;0;0;0;0;;;;;
2026-05-06;O_VAKBNE0526P27.00;VAKBN_05/2026_AVRUPA_OPSIYON;D_EQ;SSO;D_EQ_EPP;DE_VAKBN_EPP;VAKBN.E;2026-05-25;0.05;0.09;-44.44;0;0;0;0;0;0;0;0;0;0;0;;;;;
2026-05-06;O_VAKBNE0526P28.00;VAKBN_05/2026_AVRUPA_OPSIYON;D_EQ;SSO;D_EQ_EPP;DE_VAKBN_EPP;VAKBN.E;2026-05-25;0.12;0.19;-36.84;0;0;0;0;0;0;0;0;0;0;0;;;;;
2026-05-06;O_VAKBNE0526P29.00;VAKBN_05/2026_AVRUPA_OPSIYON;D_EQ;SSO;D_EQ_EPP;DE_VAKBN_EPP;VAKBN.E;2026-05-25;0.25;0.37;-32.43;0;0;0;0;0;0;0;0;0;0;0;;;;;
2026-05-06;O_VAKBNE0526P30.00;VAKBN_05/2026_AVRUPA_OPSIYON;D_EQ;SSO;D_EQ_EPP;DE_VAKBN_EPP;VAKBN.E;2026-05-25;0.47;0.65;-27.69;0;0;0;0;0;0;0;0;0;0;0;;;;;
2026-05-06;O_VAKBNE0526P31.00;VAKBN_05/2026_AVRUPA_OPSIYON;D_EQ;SSO;D_EQ_EPP;DE_VAKBN_EPP;VAKBN.E;2026-05-25;0.79;1.04;-24.04;0;0;0;0;0;0;0;0;0;325;0;;;;;
2026-05-06;O_VAKBNE0526P32.00;VAKBN_05/2026_AVRUPA_OPSIYON;D_EQ;SSO;D_EQ_EPP;DE_VAKBN_EPP;VAKBN.E;2026-05-25;1.22;1.55;-21.29;0.77;0.74;0.98;0.92;0.9;7168000;201329;2240;7;2240;2240;;;;;
2026-05-06;O_VAKBNE0526P33.00;VAKBN_05/2026_AVRUPA_OPSIYON;D_EQ;SSO;D_EQ_EPP;DE_VAKBN_EPP;VAKBN.E;2026-05-25;1.78;2.17;-17.97;0;0;0;0;0;0;0;0;0;0;0;;;;;
2026-05-06;O_VAKBNE0526P34.00;VAKBN_05/2026_AVRUPA_OPSIYON;D_EQ;SSO;D_EQ_EPP;DE_VAKBN_EPP;VAKBN.E;2026-05-25;2.45;2.89;-15.22;0;0;0;0;0;0;0;0;0;0;0;;;;;
2026-05-06;O_VAKBNE0526P35.00;VAKBN_05/2026_AVRUPA_OPSIYON;D_EQ;SSO;D_EQ_EPP;DE_VAKBN_EPP;VAKBN.E;2026-05-25;3.21;3.7;-13.24;0;0;0;0;0;0;0;0;0;0;0;;;;;
2026-05-06;O_VAKBNE0526P36.00;VAKBN_05/2026_AVRUPA_OPSIYON;D_EQ;SSO;D_EQ_EPP;DE_VAKBN_EPP;VAKBN.E;2026-05-25;4.05;4.56;-11.18;0;0;0;0;0;0;0;0;0;0;0;;;;;
2026-05-06;O_VAKBNE0526P37.00;VAKBN_05/2026_AVRUPA_OPSIYON;D_EQ;SSO;D_EQ_EPP;DE_VAKBN_EPP;VAKBN.E;2026-05-25;4.94;5.47;-9.69;0;0;0;0;0;0;0;0;0;0;0;;;;;
2026-05-06;O_VAKBNE0526P38.00;VAKBN_05/2026_AVRUPA_OPSIYON;D_EQ;SSO;D_EQ_EPP;DE_VAKBN_EPP;VAKBN.E;2026-05-25;5.86;6.41;-8.58;0;0;0;0;0;0;0;0;0;0;0;;;;;
2026-05-06;O_VAKBNE0526P39.00;VAKBN_05/2026_AVRUPA_OPSIYON;D_EQ;SSO;D_EQ_EPP;DE_VAKBN_EPP;VAKBN.E;2026-05-25;6.81;7.36;-7.47;0;0;0;0;0;0;0;0;0;0;0;;;;;
2026-05-06;O_VAKBNE0526P40.00;VAKBN_05/2026_AVRUPA_OPSIYON;D_EQ;SSO;D_EQ_EPP;DE_VAKBN_EPP;VAKBN.E;2026-05-25;7.77;8.33;-6.72;0;0;0;0;0;0;0;0;0;0;0;;;;;
2026-05-06;O_VAKBNE0526P41.00;VAKBN_05/2026_AVRUPA_OPSIYON;D_EQ;SSO;D_EQ_EPP;DE_VAKBN_EPP;VAKBN.E;2026-05-25;8.75;9.3;-5.91;0;0;0;0;0;0;0;0;0;0;0;;;;;
2026-05-06;O_VAKBNE0526P42.00;VAKBN_05/2026_AVRUPA_OPSIYON;D_EQ;SSO;D_EQ_EPP;DE_VAKBN_EPP;VAKBN.E;2026-05-25;9.72;10.28;-5.45;0;0;0;0;0;0;0;0;0;0;0;;;;;
2026-05-06;O_VAKBNE0526P43.00;VAKBN_05/2026_AVRUPA_OPSIYON;D_EQ;SSO;D_EQ_EPP;DE_VAKBN_EPP;VAKBN.E;2026-05-25;10.7;11.26;-4.97;0;0;0;0;0;0;0;0;0;0;0;;;;;
2026-05-06;O_VAKBNE0526P44.00;VAKBN_05/2026_AVRUPA_OPSIYON;D_EQ;SSO;D_EQ_EPP;DE_VAKBN_EPP;VAKBN.E;2026-05-25;11.68;12.23;-4.5;0;0;0;0;0;0;0;0;0;0;0;;;;;
2026-05-06;O_VAKBNE0526P45.00;VAKBN_05/2026_AVRUPA_OPSIYON;D_EQ;SSO;D_EQ_EPP;DE_VAKBN_EPP;VAKBN.E;2026-05-25;12.66;13.21;-4.16;0;0;0;0;0;0;0;0;0;0;0;;;;;
2026-05-06;O_VAKBNE0626C31.00;VAKBN_06/2026_AVRUPA_OPSIYON;D_EQ;SSO;D_EQ_ECP;DE_VAKBN_ECP;VAKBN.E;2026-06-30;3.35;2.99;12.04;0;0;0;0;0;0;0;0;0;0;0;;;;;
2026-05-06;O_VAKBNE0626C32.00;VAKBN_06/2026_AVRUPA_OPSIYON;D_EQ;SSO;D_EQ_ECP;DE_VAKBN_ECP;VAKBN.E;2026-06-30;2.79;2.47;12.96;0;0;0;0;0;0;0;0;0;0;0;;;;;
2026-05-06;O_VAKBNE0626C33.00;VAKBN_06/2026_AVRUPA_OPSIYON;D_EQ;SSO;D_EQ_ECP;DE_VAKBN_ECP;VAKBN.E;2026-06-30;2.3;2.02;13.86;0;0;0;0;0;0;0;0;0;0;0;;;;;
2026-05-06;O_VAKBNE0626C34.00;VAKBN_06/2026_AVRUPA_OPSIYON;D_EQ;SSO;D_EQ_ECP;DE_VAKBN_ECP;VAKBN.E;2026-06-30;1.87;1.63;14.72;0;0;0;0;0;0;0;0;0;0;0;;;;;
2026-05-06;O_VAKBNE0626C35.00;VAKBN_06/2026_AVRUPA_OPSIYON;D_EQ;SSO;D_EQ_ECP;DE_VAKBN_ECP;VAKBN.E;2026-06-30;1.51;1.3;16.15;0;0;0;0;0;0;0;0;0;0;0;;;;;
2026-05-06;O_VAKBNE0626C36.00;VAKBN_06/2026_AVRUPA_OPSIYON;D_EQ;SSO;D_EQ_ECP;DE_VAKBN_ECP;VAKBN.E;2026-06-30;1.2;1.03;16.5;0;0;0;0;0;0;0;0;0;0;0;;;;;
2026-05-06;O_VAKBNE0626C37.00;VAKBN_06/2026_AVRUPA_OPSIYON;D_EQ;SSO;D_EQ_ECP;DE_VAKBN_ECP;VAKBN.E;2026-06-30;0.95;0.81;17.28;0;0;0;0;0;0;0;0;0;0;0;;;;;
2026-05-06;O_VAKBNE0626C38.00;VAKBN_06/2026_AVRUPA_OPSIYON;D_EQ;SSO;D_EQ_ECP;DE_VAKBN_ECP;VAKBN.E;2026-06-30;0.74;0.63;17.46;0;0;0;0;0;0;0;0;0;0;0;;;;;
2026-05-06;O_VAKBNE0626C39.00;VAKBN_06/2026_AVRUPA_OPSIYON;D_EQ;SSO;D_EQ_ECP;DE_VAKBN_ECP;VAKBN.E;2026-06-30;0.57;0.48;18.75;0;0;0;0;0;0;0;0;0;0;0;;;;;
2026-05-06;O_VAKBNE0626C40.00;VAKBN_06/2026_AVRUPA_OPSIYON;D_EQ;SSO;D_EQ_ECP;DE_VAKBN_ECP;VAKBN.E;2026-06-30;0.44;0.37;18.92;0;0;0;0;0;0;0;0;0;0;0;;;;;
2026-05-06;O_VAKBNE0626C41.00;VAKBN_06/2026_AVRUPA_OPSIYON;D_EQ;SSO;D_EQ_ECP;DE_VAKBN_ECP;VAKBN.E;2026-06-30;0.33;0.28;17.86;0;0;0;0;0;0;0;0;0;0;0;;;;;
2026-05-06;O_VAKBNE0626C42.00;VAKBN_06/2026_AVRUPA_OPSIYON;D_EQ;SSO;D_EQ_ECP;DE_VAKBN_ECP;VAKBN.E;2026-06-30;0.25;0.21;19.05;0;0;0;0;0;0;0;0;0;0;0;;;;;
2026-05-06;O_VAKBNE0626C43.00;VAKBN_06/2026_AVRUPA_OPSIYON;D_EQ;SSO;D_EQ_ECP;DE_VAKBN_ECP;VAKBN.E;2026-06-30;0.19;0.15;26.67;0;0;0;0;0;0;0;0;0;0;0;;;;;
2026-05-06;O_VAKBNE0626C44.00;VAKBN_06/2026_AVRUPA_OPSIYON;D_EQ;SSO;D_EQ_ECP;DE_VAKBN_ECP;VAKBN.E;2026-06-30;0.14;0.11;27.27;0;0;0;0;0;0;0;0;0;0;0;;;;;
2026-05-06;O_VAKBNE0626P26.00;VAKBN_06/2026_AVRUPA_OPSIYON;D_EQ;SSO;D_EQ_EPP;DE_VAKBN_EPP;VAKBN.E;2026-06-30;0.16;0.21;-23.81;0;0;0;0;0;0;0;0;0;0;0;;;;;
2026-05-06;O_VAKBNE0626P27.00;VAKBN_06/2026_AVRUPA_OPSIYON;D_EQ;SSO;D_EQ_EPP;DE_VAKBN_EPP;VAKBN.E;2026-06-30;0.26;0.33;-21.21;0;0;0;0;0;0;0;0;0;0;0;;;;;
2026-05-06;O_VAKBNE0626P28.00;VAKBN_06/2026_AVRUPA_OPSIYON;D_EQ;SSO;D_EQ_EPP;DE_VAKBN_EPP;VAKBN.E;2026-06-30;0.4;0.51;-21.57;0;0;0;0;0;0;0;0;0;0;0;;;;;
2026-05-06;O_VAKBNE0626P29.00;VAKBN_06/2026_AVRUPA_OPSIYON;D_EQ;SSO;D_EQ_EPP;DE_VAKBN_EPP;VAKBN.E;2026-06-30;0.6;0.73;-17.81;0;0;0;0;0;0;0;0;0;0;0;;;;;
2026-05-06;O_VAKBNE0626P30.00;VAKBN_06/2026_AVRUPA_OPSIYON;D_EQ;SSO;D_EQ_EPP;DE_VAKBN_EPP;VAKBN.E;2026-06-30;0.85;1.02;-16.67;0;0;0;0;0;0;0;0;0;0;0;;;;;
2026-05-06;O_VAKBNE0626P31.00;VAKBN_06/2026_AVRUPA_OPSIYON;D_EQ;SSO;D_EQ_EPP;DE_VAKBN_EPP;VAKBN.E;2026-06-30;1.17;1.38;-15.22;0;0;0;0;0;0;0;0;0;0;0;;;;;
2026-05-06;O_VAKBNE0626P32.00;VAKBN_06/2026_AVRUPA_OPSIYON;D_EQ;SSO;D_EQ_EPP;DE_VAKBN_EPP;VAKBN.E;2026-06-30;1.55;1.8;-13.89;0;0;0;0;0;0;0;0;0;0;0;;;;;
2026-05-06;O_VAKBNE0626P33.00;VAKBN_06/2026_AVRUPA_OPSIYON;D_EQ;SSO;D_EQ_EPP;DE_VAKBN_EPP;VAKBN.E;2026-06-30;2;2.29;-12.66;0;0;0;0;0;0;0;0;0;0;0;;;;;
2026-05-06;O_VAKBNE0626P34.00;VAKBN_06/2026_AVRUPA_OPSIYON;D_EQ;SSO;D_EQ_EPP;DE_VAKBN_EPP;VAKBN.E;2026-06-30;2.52;2.85;-11.58;0;0;0;0;0;0;0;0;0;0;0;;;;;
2026-05-06;O_VAKBNE0626P35.00;VAKBN_06/2026_AVRUPA_OPSIYON;D_EQ;SSO;D_EQ_EPP;DE_VAKBN_EPP;VAKBN.E;2026-06-30;3.1;3.46;-10.4;0;0;0;0;0;0;0;0;0;0;0;;;;;
2026-05-06;O_VAKBNE0626P36.00;VAKBN_06/2026_AVRUPA_OPSIYON;D_EQ;SSO;D_EQ_EPP;DE_VAKBN_EPP;VAKBN.E;2026-06-30;3.74;4.13;-9.44;0;0;0;0;0;0;0;0;0;0;0;;;;;
2026-05-06;O_VAKBNE0626P37.00;VAKBN_06/2026_AVRUPA_OPSIYON;D_EQ;SSO;D_EQ_EPP;DE_VAKBN_EPP;VAKBN.E;2026-06-30;4.43;4.85;-8.66;0;0;0;0;0;0;0;0;0;0;0;;;;;
2026-05-06;O_VAKBNE0626P38.00;VAKBN_06/2026_AVRUPA_OPSIYON;D_EQ;SSO;D_EQ_EPP;DE_VAKBN_EPP;VAKBN.E;2026-06-30;5.16;5.61;-8.02;0;0;0;0;0;0;0;0;0;0;0;;;;;
2026-05-06;O_VAKBNE0626P39.00;VAKBN_06/2026_AVRUPA_OPSIYON;D_EQ;SSO;D_EQ_EPP;DE_VAKBN_EPP;VAKBN.E;2026-06-30;5.94;6.41;-7.33;0;0;0;0;0;0;0;0;0;0;0;;;;;
2026-05-06;O_VAKBNE0726C32.00;VAKBN_07/2026_AVRUPA_OPSIYON;D_EQ;SSO;D_EQ_ECP;DE_VAKBN_ECP;VAKBN.E;2026-07-31;4.18;3.81;9.71;0;0;0;0;0;0;0;0;0;0;0;;;;;
2026-05-06;O_VAKBNE0726C33.00;VAKBN_07/2026_AVRUPA_OPSIYON;D_EQ;SSO;D_EQ_ECP;DE_VAKBN_ECP;VAKBN.E;2026-07-31;3.64;3.31;9.97;0;0;0;0;0;0;0;0;0;0;0;;;;;
2026-05-06;O_VAKBNE0726C34.00;VAKBN_07/2026_AVRUPA_OPSIYON;D_EQ;SSO;D_EQ_ECP;DE_VAKBN_ECP;VAKBN.E;2026-07-31;3.16;2.85;10.88;0;0;0;0;0;0;0;0;0;0;0;;;;;
2026-05-06;O_VAKBNE0726C35.00;VAKBN_07/2026_AVRUPA_OPSIYON;D_EQ;SSO;D_EQ_ECP;DE_VAKBN_ECP;VAKBN.E;2026-07-31;2.72;2.45;11.02;0;0;0;0;0;0;0;0;0;0;0;;;;;
2026-05-06;O_VAKBNE0726C36.00;VAKBN_07/2026_AVRUPA_OPSIYON;D_EQ;SSO;D_EQ_ECP;DE_VAKBN_ECP;VAKBN.E;2026-07-31;2.33;2.09;11.48;0;0;0;0;0;0;0;0;0;0;0;;;;;
2026-05-06;O_VAKBNE0726C37.00;VAKBN_07/2026_AVRUPA_OPSIYON;D_EQ;SSO;D_EQ_ECP;DE_VAKBN_ECP;VAKBN.E;2026-07-31;1.99;1.77;12.43;0;0;0;0;0;0;0;0;0;0;0;;;;;
2026-05-06;O_VAKBNE0726C38.00;VAKBN_07/2026_AVRUPA_OPSIYON;D_EQ;SSO;D_EQ_ECP;DE_VAKBN_ECP;VAKBN.E;2026-07-31;1.68;1.49;12.75;0;0;0;0;0;0;0;0;0;0;0;;;;;
2026-05-06;O_VAKBNE0726C39.00;VAKBN_07/2026_AVRUPA_OPSIYON;D_EQ;SSO;D_EQ_ECP;DE_VAKBN_ECP;VAKBN.E;2026-07-31;1.42;1.25;13.6;0;0;0;0;0;0;0;0;0;0;0;;;;;
2026-05-06;O_VAKBNE0726C40.00;VAKBN_07/2026_AVRUPA_OPSIYON;D_EQ;SSO;D_EQ_ECP;DE_VAKBN_ECP;VAKBN.E;2026-07-31;1.19;1.05;13.33;0;0;0;0;0;0;0;0;0;0;0;;;;;
2026-05-06;O_VAKBNE0726C41.00;VAKBN_07/2026_AVRUPA_OPSIYON;D_EQ;SSO;D_EQ_ECP;DE_VAKBN_ECP;VAKBN.E;2026-07-31;1;0.87;14.94;0;0;0;0;0;0;0;0;0;0;0;;;;;
2026-05-06;O_VAKBNE0726P27.00;VAKBN_07/2026_AVRUPA_OPSIYON;D_EQ;SSO;D_EQ_EPP;DE_VAKBN_EPP;VAKBN.E;2026-07-31;0.32;0.39;-17.95;0;0;0;0;0;0;0;0;0;0;0;;;;;
2026-05-06;O_VAKBNE0726P28.00;VAKBN_07/2026_AVRUPA_OPSIYON;D_EQ;SSO;D_EQ_EPP;DE_VAKBN_EPP;VAKBN.E;2026-07-31;0.46;0.55;-16.36;0;0;0;0;0;0;0;0;0;0;0;;;;;
2026-05-06;O_VAKBNE0726P29.00;VAKBN_07/2026_AVRUPA_OPSIYON;D_EQ;SSO;D_EQ_EPP;DE_VAKBN_EPP;VAKBN.E;2026-07-31;0.64;0.75;-14.67;0;0;0;0;0;0;0;0;0;0;0;;;;;
2026-05-06;O_VAKBNE0726P30.00;VAKBN_07/2026_AVRUPA_OPSIYON;D_EQ;SSO;D_EQ_EPP;DE_VAKBN_EPP;VAKBN.E;2026-07-31;0.86;0.99;-13.13;0;0;0;0;0;0;0;0;0;0;0;;;;;
2026-05-06;O_VAKBNE0726P31.00;VAKBN_07/2026_AVRUPA_OPSIYON;D_EQ;SSO;D_EQ_EPP;DE_VAKBN_EPP;VAKBN.E;2026-07-31;1.12;1.29;-13.18;0;0;0;0;0;0;0;0;0;0;0;;;;;
2026-05-06;O_VAKBNE0726P32.00;VAKBN_07/2026_AVRUPA_OPSIYON;D_EQ;SSO;D_EQ_EPP;DE_VAKBN_EPP;VAKBN.E;2026-07-31;1.43;1.63;-12.27;0;0;0;0;0;0;0;0;0;0;0;;;;;
2026-05-06;O_VAKBNE0726P33.00;VAKBN_07/2026_AVRUPA_OPSIYON;D_EQ;SSO;D_EQ_EPP;DE_VAKBN_EPP;VAKBN.E;2026-07-31;1.79;2.02;-11.39;0;0;0;0;0;0;0;0;0;0;0;;;;;
2026-05-06;O_VAKBNE0726P34.00;VAKBN_07/2026_AVRUPA_OPSIYON;D_EQ;SSO;D_EQ_EPP;DE_VAKBN_EPP;VAKBN.E;2026-07-31;2.21;2.46;-10.16;0;0;0;0;0;0;0;0;0;0;0;;;;;
2026-05-06;O_VAKBNE0726P35.00;VAKBN_07/2026_AVRUPA_OPSIYON;D_EQ;SSO;D_EQ_EPP;DE_VAKBN_EPP;VAKBN.E;2026-07-31;2.67;2.95;-9.49;0;0;0;0;0;0;0;0;0;0;0;;;;;
2026-05-06;O_VAKBNE0726P36.00;VAKBN_07/2026_AVRUPA_OPSIYON;D_EQ;SSO;D_EQ_EPP;DE_VAKBN_EPP;VAKBN.E;2026-07-31;3.17;3.49;-9.17;0;0;0;0;0;0;0;0;0;0;0;;;;;
2026-05-06;O_XU030E0626C13500.00;BIST 30_06/2026_AVRUPA_OPSIYON;D_IX;INO;D_IX_ECO;DE_BIST30_ECO;D_XU030D;2026-06-30;4257.42;3752.26;13.46;0;0;0;0;0;0;0;0;0;10;0;;;;;
2026-05-06;O_XU030E0626C13750.00;BIST 30_06/2026_AVRUPA_OPSIYON;D_IX;INO;D_IX_ECO;DE_BIST30_ECO;D_XU030D;2026-06-30;4023.6;3520.77;14.28;0;0;0;0;0;0;0;0;0;6;0;;;;;
2026-05-06;O_XU030E0626C14000.00;BIST 30_06/2026_AVRUPA_OPSIYON;D_IX;INO;D_IX_ECO;DE_BIST30_ECO;D_XU030D;2026-06-30;3790.84;3290.74;15.2;0;0;0;0;0;0;0;0;0;23;0;;;;;
2026-05-06;O_XU030E0626C14250.00;BIST 30_06/2026_AVRUPA_OPSIYON;D_IX;INO;D_IX_ECO;DE_BIST30_ECO;D_XU030D;2026-06-30;3559.31;3062.46;16.22;0;0;0;0;0;0;0;0;0;49;0;;;;;
2026-05-06;O_XU030E0626C14500.00;BIST 30_06/2026_AVRUPA_OPSIYON;D_IX;INO;D_IX_ECO;DE_BIST30_ECO;D_XU030D;2026-06-30;3329.25;2836.24;17.38;0;0;0;0;0;0;0;0;0;210;0;;;;;
2026-05-06;O_XU030E0626C14750.00;BIST 30_06/2026_AVRUPA_OPSIYON;D_IX;INO;D_IX_ECO;DE_BIST30_ECO;D_XU030D;2026-06-30;3100.93;2612.49;18.7;0;0;0;0;0;0;0;0;0;151;0;;;;;
2026-05-06;O_XU030E0626C15000.00;BIST 30_06/2026_AVRUPA_OPSIYON;D_IX;INO;D_IX_ECO;DE_BIST30_ECO;D_XU030D;2026-06-30;2874.68;2391.67;20.2;15.76;15.76;15.76;15.76;15.76;150000;157.6;1;1;166;1;;;;;
2026-05-06;O_XU030E0626C15250.00;BIST 30_06/2026_AVRUPA_OPSIYON;D_IX;INO;D_IX_ECO;DE_BIST30_ECO;D_XU030D;2026-06-30;2650.88;2174.33;21.92;0;0;0;0;0;0;0;0;0;123;0;;;;;
2026-05-06;O_XU030E0626C15500.00;BIST 30_06/2026_AVRUPA_OPSIYON;D_IX;INO;D_IX_ECO;DE_BIST30_ECO;D_XU030D;2026-06-30;2429.99;1962.24;23.84;0;0;0;0;0;0;0;0;0;66;0;;;;;
2026-05-06;O_XU030E0626C15750.00;BIST 30_06/2026_AVRUPA_OPSIYON;D_IX;INO;D_IX_ECO;DE_BIST30_ECO;D_XU030D;2026-06-30;2212.54;1770.5;24.97;0;0;0;0;0;0;0;0;0;59;0;;;;;
2026-05-06;O_XU030E0626C16000.00;BIST 30_06/2026_AVRUPA_OPSIYON;D_IX;INO;D_IX_ECO;DE_BIST30_ECO;D_XU030D;2026-06-30;2002.53;1588.25;26.08;0;0;0;0;0;0;0;0;0;62;0;;;;;
2026-05-06;O_XU030E0626C16250.00;BIST 30_06/2026_AVRUPA_OPSIYON;D_IX;INO;D_IX_ECO;DE_BIST30_ECO;D_XU030D;2026-06-30;1810.71;1416.27;27.85;0;0;0;0;0;0;0;0;0;319;0;;;;;
2026-05-06;O_XU030E0626C16500.00;BIST 30_06/2026_AVRUPA_OPSIYON;D_IX;INO;D_IX_ECO;DE_BIST30_ECO;D_XU030D;2026-06-30;1628.18;1255.22;29.71;0;0;0;0;0;0;0;0;0;421;0;;;;;
2026-05-06;O_XU030E0626C16750.00;BIST 30_06/2026_AVRUPA_OPSIYON;D_IX;INO;D_IX_ECO;DE_BIST30_ECO;D_XU030D;2026-06-30;1455.69;1105.58;31.67;0;0;0;0;0;0;0;0;0;320;0;;;;;
2026-05-06;O_XU030E0626C17000.00;BIST 30_06/2026_AVRUPA_OPSIYON;D_IX;INO;D_IX_ECO;DE_BIST30_ECO;D_XU030D;2026-06-30;1293.87;967.64;33.71;885.66;865;1252.25;1247;985.8;36720000;2129333.5;216;17;2656;36;;;;;
2026-05-06;O_XU030E0626C17250.00;BIST 30_06/2026_AVRUPA_OPSIYON;D_IX;INO;D_IX_ECO;DE_BIST30_ECO;D_XU030D;2026-06-30;1143.19;841.53;35.85;799.75;776.62;1062.5;871.25;974.82;26392500;1491467;153;18;1042;-24;;;;;
2026-05-06;O_XU030E0626C17500.00;BIST 30_06/2026_AVRUPA_OPSIYON;D_IX;INO;D_IX_ECO;DE_BIST30_ECO;D_XU030D;2026-06-30;1003.95;727.16;38.06;579.75;579.75;877.5;701;817.85;35175000;1643875;201;23;1359;41;;;;;
2026-05-06;O_XU030E0626C17750.00;BIST 30_06/2026_AVRUPA_OPSIYON;D_IX;INO;D_IX_ECO;DE_BIST30_ECO;D_XU030D;2026-06-30;876.29;624.3;40.36;459.87;421.75;709.44;535.21;536.06;56800000;1715386.2;320;50;355;138;;;;;
2026-05-06;O_XU030E0626C18000.00;BIST 30_06/2026_AVRUPA_OPSIYON;D_IX;INO;D_IX_ECO;DE_BIST30_ECO;D_XU030D;2026-06-30;760.17;532.56;42.74;348.92;318.75;560;400.5;442.11;129060000;3169900.2;717;101;479;197;;;;;
2026-05-06;O_XU030E0626C18250.00;BIST 30_06/2026_AVRUPA_OPSIYON;D_IX;INO;D_IX_ECO;DE_BIST30_ECO;D_XU030D;2026-06-30;655.35;451.38;45.19;242.25;242.25;404.75;280;337.8;20440000;378337.5;112;16;256;5;;;;;
2026-05-06;O_XU030E0626C18500.00;BIST 30_06/2026_AVRUPA_OPSIYON;D_IX;INO;D_IX_ECO;DE_BIST30_ECO;D_XU030D;2026-06-30;561.51;380.15;47.71;176.25;176.25;300;183.75;242.62;26640000;349370;144;16;240;-4;;;;;
2026-05-06;O_XU030E0626C18750.00;BIST 30_06/2026_AVRUPA_OPSIYON;D_IX;INO;D_IX_ECO;DE_BIST30_ECO;D_XU030D;2026-06-30;478.14;318.13;50.3;128.75;125;220.5;140;152.6;45000000;366250;240;24;524;72;;;;;
2026-05-06;O_XU030E0626C19000.00;BIST 30_06/2026_AVRUPA_OPSIYON;D_IX;INO;D_IX_ECO;DE_BIST30_ECO;D_XU030D;2026-06-30;404.65;264.58;52.94;94.75;94.75;161.5;126;138.13;31540000;229300;166;18;858;20;;;;;
2026-05-06;O_XU030E0626C19250.00;BIST 30_06/2026_AVRUPA_OPSIYON;D_IX;INO;D_IX_ECO;DE_BIST30_ECO;D_XU030D;2026-06-30;340.37;218.68;55.65;70.75;70.5;118.5;85.25;86.93;26565000;119970;138;14;1044;64;;;;;
2026-05-06;O_XU030E0626C19500.00;BIST 30_06/2026_AVRUPA_OPSIYON;D_IX;INO;D_IX_ECO;DE_BIST30_ECO;D_XU030D;2026-06-30;284.58;179.64;58.42;53.75;30;93.5;30;66.78;56745000;194332.5;291;26;875;204;;;;;
2026-05-06;O_XU030E0626C19750.00;BIST 30_06/2026_AVRUPA_OPSIYON;D_IX;INO;D_IX_ECO;DE_BIST30_ECO;D_XU030D;2026-06-30;236.51;146.69;61.23;0;0;0;0;0;0;0;0;0;869;0;;;;;
2026-05-06;O_XU030E0626P12000.00;BIST 30_06/2026_AVRUPA_OPSIYON;D_IX;INO;D_IX_EPO;DE_BIST30_EPO;D_XU030D;2026-06-30;8.57;11.99;-28.52;0;0;0;0;0;0;0;0;0;50;0;;;;;
2026-05-06;O_XU030E0626P12250.00;BIST 30_06/2026_AVRUPA_OPSIYON;D_IX;INO;D_IX_EPO;DE_BIST30_EPO;D_XU030D;2026-06-30;10.46;14.61;-28.41;0;0;0;0;0;0;0;0;0;30;0;;;;;
2026-05-06;O_XU030E0626P12500.00;BIST 30_06/2026_AVRUPA_OPSIYON;D_IX;INO;D_IX_EPO;DE_BIST30_EPO;D_XU030D;2026-06-30;12.73;17.75;-28.28;0;0;0;0;0;0;0;0;0;3;0;;;;;
2026-05-06;O_XU030E0626P12750.00;BIST 30_06/2026_AVRUPA_OPSIYON;D_IX;INO;D_IX_EPO;DE_BIST30_EPO;D_XU030D;2026-06-30;15.45;21.51;-28.17;0;0;0;0;0;0;0;0;0;148;0;;;;;
2026-05-06;O_XU030E0626P13000.00;BIST 30_06/2026_AVRUPA_OPSIYON;D_IX;INO;D_IX_EPO;DE_BIST30_EPO;D_XU030D;2026-06-30;18.7;26;-28.08;0;0;0;0;0;0;0;0;0;260;0;;;;;
2026-05-06;O_XU030E0626P13250.00;BIST 30_06/2026_AVRUPA_OPSIYON;D_IX;INO;D_IX_EPO;DE_BIST30_EPO;D_XU030D;2026-06-30;22.57;31.37;-28.05;0;0;0;0;0;0;0;0;0;411;0;;;;;
2026-05-06;O_XU030E0626P13500.00;BIST 30_06/2026_AVRUPA_OPSIYON;D_IX;INO;D_IX_EPO;DE_BIST30_EPO;D_XU030D;2026-06-30;27.19;37.77;-28.01;0;0;0;0;0;0;0;0;0;421;0;;;;;
2026-05-06;O_XU030E0626P13750.00;BIST 30_06/2026_AVRUPA_OPSIYON;D_IX;INO;D_IX_EPO;DE_BIST30_EPO;D_XU030D;2026-06-30;32.69;45.4;-28;0;0;0;0;0;0;0;0;0;36;0;;;;;
2026-05-06;O_XU030E0626P14000.00;BIST 30_06/2026_AVRUPA_OPSIYON;D_IX;INO;D_IX_EPO;DE_BIST30_EPO;D_XU030D;2026-06-30;39.23;54.49;-28.01;0;0;0;0;0;0;0;0;0;53;0;;;;;
2026-05-06;O_XU030E0626P14250.00;BIST 30_06/2026_AVRUPA_OPSIYON;D_IX;INO;D_IX_EPO;DE_BIST30_EPO;D_XU030D;2026-06-30;47.01;65.33;-28.04;0;0;0;0;0;0;0;0;0;107;0;;;;;
2026-05-06;O_XU030E0626P14500.00;BIST 30_06/2026_AVRUPA_OPSIYON;D_IX;INO;D_IX_EPO;DE_BIST30_EPO;D_XU030D;2026-06-30;56.26;78.24;-28.09;0;0;0;0;0;0;0;0;0;254;0;;;;;
2026-05-06;O_XU030E0626P14750.00;BIST 30_06/2026_AVRUPA_OPSIYON;D_IX;INO;D_IX_EPO;DE_BIST30_EPO;D_XU030D;2026-06-30;67.25;93.6;-28.15;0;0;0;0;0;0;0;0;0;146;0;;;;;
2026-05-06;O_XU030E0626P15000.00;BIST 30_06/2026_AVRUPA_OPSIYON;D_IX;INO;D_IX_EPO;DE_BIST30_EPO;D_XU030D;2026-06-30;80.31;111.9;-28.23;0;0;0;0;0;0;0;0;0;176;0;;;;;
2026-05-06;O_XU030E0626P15250.00;BIST 30_06/2026_AVRUPA_OPSIYON;D_IX;INO;D_IX_EPO;DE_BIST30_EPO;D_XU030D;2026-06-30;95.82;133.68;-28.32;0;0;0;0;0;0;0;0;0;107;0;;;;;
2026-05-06;O_XU030E0626P15500.00;BIST 30_06/2026_AVRUPA_OPSIYON;D_IX;INO;D_IX_EPO;DE_BIST30_EPO;D_XU030D;2026-06-30;114.24;160.71;-28.92;93.77;76.5;93.77;76.5;83.76;620000;3350.2;4;4;356;0;;;;;
2026-05-06;O_XU030E0626P15750.00;BIST 30_06/2026_AVRUPA_OPSIYON;D_IX;INO;D_IX_EPO;DE_BIST30_EPO;D_XU030D;2026-06-30;136.11;208.09;-34.59;106.75;81.5;106.75;85;93.64;5985000;35585;38;4;5276;20;;;;;
2026-05-06;O_XU030E0626P16000.00;BIST 30_06/2026_AVRUPA_OPSIYON;D_IX;INO;D_IX_EPO;DE_BIST30_EPO;D_XU030D;2026-06-30;165.41;264.96;-37.57;105.25;105.25;105.25;105.25;105.25;1600000;10525;10;1;1221;0;;;;;
2026-05-06;O_XU030E0626P16250.00;BIST 30_06/2026_AVRUPA_OPSIYON;D_IX;INO;D_IX_EPO;DE_BIST30_EPO;D_XU030D;2026-06-30;212.9;332.11;-35.89;222;81.5;222;81.75;127.27;21937500;171815;135;12;3270;15;;;;;
2026-05-06;O_XU030E0626P16500.00;BIST 30_06/2026_AVRUPA_OPSIYON;D_IX;INO;D_IX_EPO;DE_BIST30_EPO;D_XU030D;2026-06-30;269.68;410.18;-34.25;204.25;108.25;245;125;190.59;359370000;4151147.5;2178;152;2126;1438;;;;;
2026-05-06;O_XU030E0626P16750.00;BIST 30_06/2026_AVRUPA_OPSIYON;D_IX;INO;D_IX_EPO;DE_BIST30_EPO;D_XU030D;2026-06-30;336.5;499.66;-32.65;254.75;131.25;254.75;135;153.29;298317500;2730130.8;1781;108;1601;1152;;;;;
2026-05-06;O_XU030E0626P17000.00;BIST 30_06/2026_AVRUPA_OPSIYON;D_IX;INO;D_IX_EPO;DE_BIST30_EPO;D_XU030D;2026-06-30;413.99;600.84;-31.1;320.41;161.67;327.75;164.75;187.46;74120000;817306;436;46;3544;85;;;;;
2026-05-06;O_XU030E0626P17250.00;BIST 30_06/2026_AVRUPA_OPSIYON;D_IX;INO;D_IX_EPO;DE_BIST30_EPO;D_XU030D;2026-06-30;502.62;713.84;-29.59;375.25;211;375.25;229.23;277.48;38122500;613220;221;22;680;-11;;;;;
2026-05-06;O_XU030E0626P17500.00;BIST 30_06/2026_AVRUPA_OPSIYON;D_IX;INO;D_IX_EPO;DE_BIST30_EPO;D_XU030D;2026-06-30;602.7;838.6;-28.13;475;260;475;286;368.19;41125000;865244.9;235;31;3474;20;;;;;
2026-05-06;O_XU030E0626P17750.00;BIST 30_06/2026_AVRUPA_OPSIYON;D_IX;INO;D_IX_EPO;DE_BIST30_EPO;D_XU030D;2026-06-30;714.35;974.86;-26.72;574.75;279.75;574.75;360.25;516.15;161702500;4702154;911;77;1122;665;;;;;
2026-05-06;O_XU030E0626P18000.00;BIST 30_06/2026_AVRUPA_OPSIYON;D_IX;INO;D_IX_EPO;DE_BIST30_EPO;D_XU030D;2026-06-30;837.53;1122.23;-25.37;704.25;352.75;705;438.05;421.74;433980000;10168069;2411;304;2303;1893;;;;;
2026-05-06;O_XU030E0626P18250.00;BIST 30_06/2026_AVRUPA_OPSIYON;D_IX;INO;D_IX_EPO;DE_BIST30_EPO;D_XU030D;2026-06-30;972.03;1280.18;-24.07;798.25;420.5;798.25;549.75;496.51;820155000;22313300.1;4494;399;4317;4277;;;;;
2026-05-06;O_XU030E0826C15500.00;BIST 30_08/2026_AVRUPA_OPSIYON;D_IX;INO;D_IX_ECO;DE_BIST30_ECO;D_XU030D;2026-08-31;3117.45;2674.29;16.57;0;0;0;0;0;0;0;0;0;10;0;;;;;
2026-05-06;O_XU030E0826C15750.00;BIST 30_08/2026_AVRUPA_OPSIYON;D_IX;INO;D_IX_ECO;DE_BIST30_ECO;D_XU030D;2026-08-31;2926.03;2494.35;17.31;0;0;0;0;0;0;0;0;0;1;0;;;;;
2026-05-06;O_XU030E0826C16000.00;BIST 30_08/2026_AVRUPA_OPSIYON;D_IX;INO;D_IX_ECO;DE_BIST30_ECO;D_XU030D;2026-08-31;2740.17;2320.85;18.07;0;0;0;0;0;0;0;0;0;10;0;;;;;
2026-05-06;O_XU030E0826C16250.00;BIST 30_08/2026_AVRUPA_OPSIYON;D_IX;INO;D_IX_ECO;DE_BIST30_ECO;D_XU030D;2026-08-31;2560.26;2154.12;18.85;0;0;0;0;0;0;0;0;0;0;0;;;;;
2026-05-06;O_XU030E0826C16500.00;BIST 30_08/2026_AVRUPA_OPSIYON;D_IX;INO;D_IX_ECO;DE_BIST30_ECO;D_XU030D;2026-08-31;2386.62;1994.43;19.66;0;0;0;0;0;0;0;0;0;0;0;;;;;
2026-05-06;O_XU030E0826C16750.00;BIST 30_08/2026_AVRUPA_OPSIYON;D_IX;INO;D_IX_ECO;DE_BIST30_ECO;D_XU030D;2026-08-31;2219.58;1842;20.5;0;0;0;0;0;0;0;0;0;5;0;;;;;
2026-05-06;O_XU030E0826C17000.00;BIST 30_08/2026_AVRUPA_OPSIYON;D_IX;INO;D_IX_ECO;DE_BIST30_ECO;D_XU030D;2026-08-31;2059.38;1697;21.35;0;0;0;0;0;0;0;0;0;28;0;;;;;
2026-05-06;O_XU030E0826C17250.00;BIST 30_08/2026_AVRUPA_OPSIYON;D_IX;INO;D_IX_ECO;DE_BIST30_ECO;D_XU030D;2026-08-31;1906.24;1559.53;22.23;0;0;0;0;0;0;0;0;0;46;0;;;;;
2026-05-06;O_XU030E0826C17500.00;BIST 30_08/2026_AVRUPA_OPSIYON;D_IX;INO;D_IX_ECO;DE_BIST30_ECO;D_XU030D;2026-08-31;1760.33;1429.65;23.13;0;0;0;0;0;0;0;0;0;13;0;;;;;
2026-05-06;O_XU030E0826C17750.00;BIST 30_08/2026_AVRUPA_OPSIYON;D_IX;INO;D_IX_ECO;DE_BIST30_ECO;D_XU030D;2026-08-31;1621.76;1307.37;24.05;1575.5;1575.5;1575.5;1575.5;1575.5;177500;15755;1;1;10;1;;;;;
2026-05-06;O_XU030E0826C18000.00;BIST 30_08/2026_AVRUPA_OPSIYON;D_IX;INO;D_IX_ECO;DE_BIST30_ECO;D_XU030D;2026-08-31;1490.58;1192.62;24.98;1441.69;1441.69;1441.69;1441.69;1441.69;1800000;144169;10;1;30;0;;;;;
2026-05-06;O_XU030E0826C18250.00;BIST 30_08/2026_AVRUPA_OPSIYON;D_IX;INO;D_IX_ECO;DE_BIST30_ECO;D_XU030D;2026-08-31;1366.8;1085.3;25.94;1342.5;1342.5;1363.25;1363.25;1359;4380000;326160;24;4;24;-2;;;;;
2026-05-06;O_XU030E0826C18500.00;BIST 30_08/2026_AVRUPA_OPSIYON;D_IX;INO;D_IX_ECO;DE_BIST30_ECO;D_XU030D;2026-08-31;1250.38;985.26;26.91;1189.5;1189.5;1208.25;1208.25;1196.81;6660000;430852.5;36;5;40;10;;;;;
2026-05-06;O_XU030E0826C18750.00;BIST 30_08/2026_AVRUPA_OPSIYON;D_IX;INO;D_IX_ECO;DE_BIST30_ECO;D_XU030D;2026-08-31;1141.23;892.32;27.89;1066.35;1000.74;1076.5;1000.74;1048.47;6750000;377448;36;5;29;16;;;;;
2026-05-06;O_XU030E0826C19000.00;BIST 30_08/2026_AVRUPA_OPSIYON;D_IX;INO;D_IX_ECO;DE_BIST30_ECO;D_XU030D;2026-08-31;1039.22;806.26;28.89;949.5;820.87;949.5;839.75;868.14;22800000;1041762;120;19;107;98;;;;;
2026-05-06;O_XU030E0826C19250.00;BIST 30_08/2026_AVRUPA_OPSIYON;D_IX;INO;D_IX_ECO;DE_BIST30_ECO;D_XU030D;2026-08-31;944.19;726.81;29.91;832;713.75;832;713.75;824.39;5967500;255560;31;5;8;-15;;;;;
2026-05-06;O_XU030E0826C19500.00;BIST 30_08/2026_AVRUPA_OPSIYON;D_IX;INO;D_IX_ECO;DE_BIST30_ECO;D_XU030D;2026-08-31;855.92;653.69;30.94;647;630.5;647;630.5;645.5;2145000;71005;11;2;49;10;;;;;
2026-05-06;O_XU030E0826C19750.00;BIST 30_08/2026_AVRUPA_OPSIYON;D_IX;INO;D_IX_ECO;DE_BIST30_ECO;D_XU030D;2026-08-31;774.19;586.61;31.98;616.5;572.25;631.75;572.25;621.01;4740000;149042.5;24;4;62;3;;;;;
2026-05-06;O_XU030E0826C20000.00;BIST 30_08/2026_AVRUPA_OPSIYON;D_IX;INO;D_IX_ECO;DE_BIST30_ECO;D_XU030D;2026-08-31;698.74;525.26;33.03;536.5;446.75;548.75;446.75;515.59;7400000;190770;37;7;66;13;;;;;
2026-05-06;O_XU030E0826C20250.00;BIST 30_08/2026_AVRUPA_OPSIYON;D_IX;INO;D_IX_ECO;DE_BIST30_ECO;D_XU030D;2026-08-31;629.29;469.3;34.09;471.25;382.5;478.75;387.25;466.91;9112500;210110;45;8;77;17;;;;;
2026-05-06;O_XU030E0826C20500.00;BIST 30_08/2026_AVRUPA_OPSIYON;D_IX;INO;D_IX_ECO;DE_BIST30_ECO;D_XU030D;2026-08-31;565.54;418.42;35.16;302.25;302.25;410.25;405;351.76;8405000;144220;41;7;128;30;;;;;
2026-05-06;O_XU030E0826P14000.00;BIST 30_08/2026_AVRUPA_OPSIYON;D_IX;INO;D_IX_EPO;DE_BIST30_EPO;D_XU030D;2026-08-31;67.54;86.21;-21.66;0;0;0;0;0;0;0;0;0;0;0;;;;;
2026-05-06;O_XU030E0826P14250.00;BIST 30_08/2026_AVRUPA_OPSIYON;D_IX;INO;D_IX_EPO;DE_BIST30_EPO;D_XU030D;2026-08-31;75.26;95.78;-21.42;50;50;60;55;52.35;9405000;34550;66;14;65;45;;;;;
2026-05-06;O_XU030E0826P14500.00;BIST 30_08/2026_AVRUPA_OPSIYON;D_IX;INO;D_IX_EPO;DE_BIST30_EPO;D_XU030D;2026-08-31;83.85;111.71;-24.94;70;70;70;70;70;5800000;28000;40;8;40;40;;;;;
2026-05-06;O_XU030E0826P14750.00;BIST 30_08/2026_AVRUPA_OPSIYON;D_IX;INO;D_IX_EPO;DE_BIST30_EPO;D_XU030D;2026-08-31;95.01;139.06;-31.68;90;90;90;90;90;4425000;27000;30;6;30;30;;;;;
2026-05-06;O_XU030E0826P15000.00;BIST 30_08/2026_AVRUPA_OPSIYON;D_IX;INO;D_IX_EPO;DE_BIST30_EPO;D_XU030D;2026-08-31;118.69;171.21;-30.68;105;105;110;110;109.38;6000000;43750;40;12;30;30;;;;;
2026-05-06;O_XU030E0826P15250.00;BIST 30_08/2026_AVRUPA_OPSIYON;D_IX;INO;D_IX_EPO;DE_BIST30_EPO;D_XU030D;2026-08-31;146.66;208.61;-29.7;0;0;0;0;0;0;0;0;0;0;0;;;;;
2026-05-06;O_XU030E0826P15500.00;BIST 30_08/2026_AVRUPA_OPSIYON;D_IX;INO;D_IX_EPO;DE_BIST30_EPO;D_XU030D;2026-08-31;179.37;251.7;-28.74;0;0;0;0;0;0;0;0;0;10;0;;;;;
2026-05-06;O_XU030E0826P15750.00;BIST 30_08/2026_AVRUPA_OPSIYON;D_IX;INO;D_IX_EPO;DE_BIST30_EPO;D_XU030D;2026-08-31;217.22;300.86;-27.8;0;0;0;0;0;0;0;0;0;60;0;;;;;
2026-05-06;O_XU030E0826P16000.00;BIST 30_08/2026_AVRUPA_OPSIYON;D_IX;INO;D_IX_EPO;DE_BIST30_EPO;D_XU030D;2026-08-31;260.64;356.47;-26.88;0;0;0;0;0;0;0;0;0;40;0;;;;;
2026-05-06;O_XU030E0826P16250.00;BIST 30_08/2026_AVRUPA_OPSIYON;D_IX;INO;D_IX_EPO;DE_BIST30_EPO;D_XU030D;2026-08-31;310;418.84;-25.99;274.5;255.75;274.5;255.75;265.47;5850000;95570;36;5;49;36;;;;;
2026-05-06;O_XU030E0826P16500.00;BIST 30_08/2026_AVRUPA_OPSIYON;D_IX;INO;D_IX_EPO;DE_BIST30_EPO;D_XU030D;2026-08-31;365.63;488.25;-25.11;310;263.5;310;263.5;284.28;7095000;122240;43;5;13;-6;;;;;
2026-05-06;O_XU030E0826P16750.00;BIST 30_08/2026_AVRUPA_OPSIYON;D_IX;INO;D_IX_EPO;DE_BIST30_EPO;D_XU030D;2026-08-31;427.86;564.93;-24.26;350.75;283;350.75;283;317.52;5527500;104780;33;4;16;-1;;;;;
2026-05-06;O_XU030E0826P17000.00;BIST 30_08/2026_AVRUPA_OPSIYON;D_IX;INO;D_IX_EPO;DE_BIST30_EPO;D_XU030D;2026-08-31;496.94;649.03;-23.43;391.5;334.5;391.5;334.5;357.86;7310000;153880;43;5;2;-21;;;;;
2026-05-06;O_XU030E0826P17250.00;BIST 30_08/2026_AVRUPA_OPSIYON;D_IX;INO;D_IX_EPO;DE_BIST30_EPO;D_XU030D;2026-08-31;573.07;740.66;-22.63;357.75;357.75;377;377;369.17;5175000;110750;30;3;16;10;;;;;
2026-05-06;O_XU030E0826P17500.00;BIST 30_08/2026_AVRUPA_OPSIYON;D_IX;INO;D_IX_EPO;DE_BIST30_EPO;D_XU030D;2026-08-31;656.44;839.89;-21.84;415.55;415.55;442.48;424.75;428.46;4025000;98545.5;23;3;16;3;;;;;
2026-05-06;O_XU030E0826P17750.00;BIST 30_08/2026_AVRUPA_OPSIYON;D_IX;INO;D_IX_EPO;DE_BIST30_EPO;D_XU030D;2026-08-31;747.13;946.71;-21.08;450.01;450.01;497.78;478.75;472.28;5857500;155853.5;33;4;27;7;;;;;
2026-05-06;O_XU030E0826P18000.00;BIST 30_08/2026_AVRUPA_OPSIYON;D_IX;INO;D_IX_EPO;DE_BIST30_EPO;D_XU030D;2026-08-31;845.23;1061.06;-20.34;552.75;476.25;558.14;539.5;544.08;25020000;756273.5;139;17;105;57;;;;;
2026-05-06;O_XU030E0826P18250.00;BIST 30_08/2026_AVRUPA_OPSIYON;D_IX;INO;D_IX_EPO;DE_BIST30_EPO;D_XU030D;2026-08-31;950.72;1182.84;-19.62;586.79;586.79;625.74;625.74;606.27;3650000;121253;20;2;30;0;;;;;
2026-05-06;O_XU030E0826P18500.00;BIST 30_08/2026_AVRUPA_OPSIYON;D_IX;INO;D_IX_EPO;DE_BIST30_EPO;D_XU030D;2026-08-31;1063.57;1311.91;-18.93;0;0;0;0;0;0;0;0;0;10;0;;;;;
2026-05-06;O_XU030E0826P18750.00;BIST 30_08/2026_AVRUPA_OPSIYON;D_IX;INO;D_IX_EPO;DE_BIST30_EPO;D_XU030D;2026-08-31;1183.7;1448.08;-18.26;771.25;689.5;771.25;771;751.03;26250000;1051442.5;140;14;140;113;;;;;
2026-05-06;O_XU030E0826P19000.00;BIST 30_08/2026_AVRUPA_OPSIYON;D_IX;INO;D_IX_EPO;DE_BIST30_EPO;D_XU030D;2026-08-31;1310.96;1591.11;-17.61;998;810.75;1005;925.5;894.61;18620000;876722.5;98;15;42;21;;;;;
2026-05-06;O_XU030E1026C18250.00;BIST 30_10/2026_AVRUPA_OPSIYON;D_IX;INO;D_IX_ECO;DE_BIST30_ECO;D_XU030D;2026-10-30;1889.89;1575.99;19.92;0;0;0;0;0;0;0;0;0;5;0;;;;;
2026-05-06;O_XU030E1026C18500.00;BIST 30_10/2026_AVRUPA_OPSIYON;D_IX;INO;D_IX_ECO;DE_BIST30_ECO;D_XU030D;2026-10-30;1767.71;1466.85;20.51;0;0;0;0;0;0;0;0;0;2;0;;;;;
2026-05-06;O_XU030E1026C18750.00;BIST 30_10/2026_AVRUPA_OPSIYON;D_IX;INO;D_IX_ECO;DE_BIST30_ECO;D_XU030D;2026-10-30;1651.24;1363.43;21.11;0;0;0;0;0;0;0;0;0;1;0;;;;;
2026-05-06;O_XU030E1026C19000.00;BIST 30_10/2026_AVRUPA_OPSIYON;D_IX;INO;D_IX_ECO;DE_BIST30_ECO;D_XU030D;2026-10-30;1540.45;1265.61;21.72;0;0;0;0;0;0;0;0;0;0;0;;;;;
2026-05-06;O_XU030E1026C19250.00;BIST 30_10/2026_AVRUPA_OPSIYON;D_IX;INO;D_IX_ECO;DE_BIST30_ECO;D_XU030D;2026-10-30;1435.23;1173.27;22.33;0;0;0;0;0;0;0;0;0;0;0;;;;;
2026-05-06;O_XU030E1026C19500.00;BIST 30_10/2026_AVRUPA_OPSIYON;D_IX;INO;D_IX_ECO;DE_BIST30_ECO;D_XU030D;2026-10-30;1335.51;1086.26;22.95;0;0;0;0;0;0;0;0;0;0;0;;;;;
2026-05-06;O_XU030E1026C19750.00;BIST 30_10/2026_AVRUPA_OPSIYON;D_IX;INO;D_IX_ECO;DE_BIST30_ECO;D_XU030D;2026-10-30;1241.16;1004.44;23.57;0;0;0;0;0;0;0;0;0;0;0;;;;;
2026-05-06;O_XU030E1026C20000.00;BIST 30_10/2026_AVRUPA_OPSIYON;D_IX;INO;D_IX_ECO;DE_BIST30_ECO;D_XU030D;2026-10-30;1152.05;927.62;24.19;943.75;943.75;943.75;943.75;943.75;200000;9437.5;1;1;1;1;;;;;
2026-05-06;O_XU030E1026C20250.00;BIST 30_10/2026_AVRUPA_OPSIYON;D_IX;INO;D_IX_ECO;DE_BIST30_ECO;D_XU030D;2026-10-30;1068.06;855.63;24.83;0;0;0;0;0;0;0;0;0;0;0;;;;;
2026-05-06;O_XU030E1026C20500.00;BIST 30_10/2026_AVRUPA_OPSIYON;D_IX;INO;D_IX_ECO;DE_BIST30_ECO;D_XU030D;2026-10-30;989.01;788.29;25.46;0;0;0;0;0;0;0;0;0;0;0;;;;;
2026-05-06;O_XU030E1026C20750.00;BIST 30_10/2026_AVRUPA_OPSIYON;D_IX;INO;D_IX_ECO;DE_BIST30_ECO;D_XU030D;2026-10-30;914.74;725.39;26.1;0;0;0;0;0;0;0;0;0;0;0;;;;;
2026-05-06;O_XU030E1026C21000.00;BIST 30_10/2026_AVRUPA_OPSIYON;D_IX;INO;D_IX_ECO;DE_BIST30_ECO;D_XU030D;2026-10-30;845.08;666.75;26.75;650;650;650;650;650;210000;6500;1;1;1;1;;;;;
2026-05-06;O_XU030E1026P16750.00;BIST 30_10/2026_AVRUPA_OPSIYON;D_IX;INO;D_IX_EPO;DE_BIST30_EPO;D_XU030D;2026-10-30;499.8;626.88;-20.27;0;0;0;0;0;0;0;0;0;0;0;;;;;
2026-05-06;O_XU030E1026P17000.00;BIST 30_10/2026_AVRUPA_OPSIYON;D_IX;INO;D_IX_EPO;DE_BIST30_EPO;D_XU030D;2026-10-30;566.06;704.89;-19.7;0;0;0;0;0;0;0;0;0;0;0;;;;;
2026-05-06;O_XU030E1026P17250.00;BIST 30_10/2026_AVRUPA_OPSIYON;D_IX;INO;D_IX_EPO;DE_BIST30_EPO;D_XU030D;2026-10-30;637.85;788.76;-19.13;0;0;0;0;0;0;0;0;0;0;0;;;;;
2026-05-06;O_XU030E1026P17500.00;BIST 30_10/2026_AVRUPA_OPSIYON;D_IX;INO;D_IX_EPO;DE_BIST30_EPO;D_XU030D;2026-10-30;715.27;878.53;-18.58;0;0;0;0;0;0;0;0;0;0;0;;;;;
2026-05-06;O_XU030E1026P17750.00;BIST 30_10/2026_AVRUPA_OPSIYON;D_IX;INO;D_IX_EPO;DE_BIST30_EPO;D_XU030D;2026-10-30;798.38;974.21;-18.05;0;0;0;0;0;0;0;0;0;0;0;;;;;
2026-05-06;O_XU030E1026P18000.00;BIST 30_10/2026_AVRUPA_OPSIYON;D_IX;INO;D_IX_EPO;DE_BIST30_EPO;D_XU030D;2026-10-30;887.23;1075.8;-17.53;0;0;0;0;0;0;0;0;0;0;0;;;;;
2026-05-06;O_XU030E1026P18250.00;BIST 30_10/2026_AVRUPA_OPSIYON;D_IX;INO;D_IX_EPO;DE_BIST30_EPO;D_XU030D;2026-10-30;981.83;1183.25;-17.02;0;0;0;0;0;0;0;0;0;0;0;;;;;
2026-05-06;O_XU030E1026P18500.00;BIST 30_10/2026_AVRUPA_OPSIYON;D_IX;INO;D_IX_EPO;DE_BIST30_EPO;D_XU030D;2026-10-30;1082.18;1296.5;-16.53;0;0;0;0;0;0;0;0;0;0;0;;;;;
2026-05-06;O_XU030E1026P18750.00;BIST 30_10/2026_AVRUPA_OPSIYON;D_IX;INO;D_IX_EPO;DE_BIST30_EPO;D_XU030D;2026-10-30;1188.25;1415.47;-16.05;0;0;0;0;0;0;0;0;0;0;0;;;;;
2026-05-06;O_XU030E1026P19000.00;BIST 30_10/2026_AVRUPA_OPSIYON;D_IX;INO;D_IX_EPO;DE_BIST30_EPO;D_XU030D;2026-10-30;1299.99;1540.03;-15.59;0;0;0;0;0;0;0;0;0;0;0;;;;;
2026-05-06;O_XU030E1026P19250.00;BIST 30_10/2026_AVRUPA_OPSIYON;D_IX;INO;D_IX_EPO;DE_BIST30_EPO;D_XU030D;2026-10-30;1417.31;1670.08;-15.14;0;0;0;0;0;0;0;0;0;0;0;;;;;
2026-05-06;O_XU030E1026P19500.00;BIST 30_10/2026_AVRUPA_OPSIYON;D_IX;INO;D_IX_EPO;DE_BIST30_EPO;D_XU030D;2026-10-30;1540.11;1805.46;-14.7;1260;1116.25;1260;1116.25;1177.5;585000;35325;3;3;5;0;;;;;
2026-05-06;O_YKBNKE0526C33.00;YKBNK_05/2026_AVRUPA_OPSIYON;D_EQ;SSO;D_EQ_ECP;DE_YKBNK_ECP;YKBNK.E;2026-05-25;5.46;3.93;38.93;0;0;0;0;0;0;0;0;0;0;0;;;;;
2026-05-06;O_YKBNKE0526C34.00;YKBNK_05/2026_AVRUPA_OPSIYON;D_EQ;SSO;D_EQ_ECP;DE_YKBNK_ECP;YKBNK.E;2026-05-25;4.54;3.1;46.45;0;0;0;0;0;0;0;0;0;0;0;;;;;
2026-05-06;O_YKBNKE0526C35.00;YKBNK_05/2026_AVRUPA_OPSIYON;D_EQ;SSO;D_EQ_ECP;DE_YKBNK_ECP;YKBNK.E;2026-05-25;3.68;2.36;55.93;0;0;0;0;0;0;0;0;0;0;0;;;;;
2026-05-06;O_YKBNKE0526C36.00;YKBNK_05/2026_AVRUPA_OPSIYON;D_EQ;SSO;D_EQ_ECP;DE_YKBNK_ECP;YKBNK.E;2026-05-25;2.89;1.73;67.05;0;0;0;0;0;0;0;0;0;0;0;;;;;
2026-05-06;O_YKBNKE0526C37.00;YKBNK_05/2026_AVRUPA_OPSIYON;D_EQ;SSO;D_EQ_ECP;DE_YKBNK_ECP;YKBNK.E;2026-05-25;2.19;1.22;79.51;0;0;0;0;0;0;0;0;0;2500;0;;;;;
2026-05-06;O_YKBNKE0526C38.00;YKBNK_05/2026_AVRUPA_OPSIYON;D_EQ;SSO;D_EQ_ECP;DE_YKBNK_ECP;YKBNK.E;2026-05-25;1.6;0.82;95.12;0;0;0;0;0;0;0;0;0;1000;0;;;;;
2026-05-06;O_YKBNKE0526C39.00;YKBNK_05/2026_AVRUPA_OPSIYON;D_EQ;SSO;D_EQ_ECP;DE_YKBNK_ECP;YKBNK.E;2026-05-25;1.13;0.53;113.21;0;0;0;0;0;0;0;0;0;300;0;;;;;
2026-05-06;O_YKBNKE0526C40.00;YKBNK_05/2026_AVRUPA_OPSIYON;D_EQ;SSO;D_EQ_ECP;DE_YKBNK_ECP;YKBNK.E;2026-05-25;0.76;0.33;130.3;0.45;0.45;0.47;0.47;0.46;2400000;27800;600;3;650;600;;;;;
2026-05-06;O_YKBNKE0526C41.00;YKBNK_05/2026_AVRUPA_OPSIYON;D_EQ;SSO;D_EQ_ECP;DE_YKBNK_ECP;YKBNK.E;2026-05-25;0.49;0.2;145;0;0;0;0;0;0;0;0;0;100000;0;;;;;
2026-05-06;O_YKBNKE0526C43.00;YKBNK_05/2026_AVRUPA_OPSIYON;D_EQ;SSO;D_EQ_ECP;DE_YKBNK_ECP;YKBNK.E;2026-05-25;0.19;0.06;216.67;0;0;0;0;0;0;0;0;0;831;0;;;;;
2026-05-06;O_YKBNKE0526C44.00;YKBNK_05/2026_AVRUPA_OPSIYON;D_EQ;SSO;D_EQ_ECP;DE_YKBNK_ECP;YKBNK.E;2026-05-25;0.11;0.03;266.67;0;0;0;0;0;0;0;0;0;800;0;;;;;
2026-05-06;O_YKBNKE0526C45.00;YKBNK_05/2026_AVRUPA_OPSIYON;D_EQ;SSO;D_EQ_ECP;DE_YKBNK_ECP;YKBNK.E;2026-05-25;0.06;0.02;200;0;0;0;0;0;0;0;0;0;2400;0;;;;;
2026-05-06;O_YKBNKE0526C46.00;YKBNK_05/2026_AVRUPA_OPSIYON;D_EQ;SSO;D_EQ_ECP;DE_YKBNK_ECP;YKBNK.E;2026-05-25;0.03;0.01;200;0;0;0;0;0;0;0;0;0;3;0;;;;;
2026-05-06;O_YKBNKE0526C47.00;YKBNK_05/2026_AVRUPA_OPSIYON;D_EQ;SSO;D_EQ_ECP;DE_YKBNK_ECP;YKBNK.E;2026-05-25;0.02;0.01;100;0;0;0;0;0;0;0;0;0;1;0;;;;;
2026-05-06;O_YKBNKE0526C48.00;YKBNK_05/2026_AVRUPA_OPSIYON;D_EQ;SSO;D_EQ_ECP;DE_YKBNK_ECP;YKBNK.E;2026-05-25;0.01;0.01;0;0;0;0;0;0;0;0;0;0;0;0;;;;;
2026-05-06;O_YKBNKE0526C49.00;YKBNK_05/2026_AVRUPA_OPSIYON;D_EQ;SSO;D_EQ_ECP;DE_YKBNK_ECP;YKBNK.E;2026-05-25;0.01;0.01;0;0;0;0;0;0;0;0;0;0;0;0;;;;;
2026-05-06;O_YKBNKE0526C50.00;YKBNK_05/2026_AVRUPA_OPSIYON;D_EQ;SSO;D_EQ_ECP;DE_YKBNK_ECP;YKBNK.E;2026-05-25;0.01;0.01;0;0;0;0;0;0;0;0;0;0;0;0;;;;;
2026-05-06;O_YKBNKE0526C52.00;YKBNK_05/2026_AVRUPA_OPSIYON;D_EQ;SSO;D_EQ_ECP;DE_YKBNK_ECP;YKBNK.E;2026-05-25;0.01;0.01;0;0;0;0;0;0;0;0;0;0;0;0;;;;;
2026-05-06;O_YKBNKE0526C54.00;YKBNK_05/2026_AVRUPA_OPSIYON;D_EQ;SSO;D_EQ_ECP;DE_YKBNK_ECP;YKBNK.E;2026-05-25;0.01;0.01;0;0;0;0;0;0;0;0;0;0;0;0;;;;;
2026-05-06;O_YKBNKE0526C56.00;YKBNK_05/2026_AVRUPA_OPSIYON;D_EQ;SSO;D_EQ_ECP;DE_YKBNK_ECP;YKBNK.E;2026-05-25;0.01;0.01;0;0;0;0;0;0;0;0;0;0;0;0;;;;;
2026-05-06;O_YKBNKE0526P28.00;YKBNK_05/2026_AVRUPA_OPSIYON;D_EQ;SSO;D_EQ_EPP;DE_YKBNK_EPP;YKBNK.E;2026-05-25;0.01;0.01;0;0;0;0;0;0;0;0;0;0;0;0;;;;;
2026-05-06;O_YKBNKE0526P29.00;YKBNK_05/2026_AVRUPA_OPSIYON;D_EQ;SSO;D_EQ_EPP;DE_YKBNK_EPP;YKBNK.E;2026-05-25;0.01;0.01;0;0;0;0;0;0;0;0;0;0;0;0;;;;;
2026-05-06;O_YKBNKE0526P30.00;YKBNK_05/2026_AVRUPA_OPSIYON;D_EQ;SSO;D_EQ_EPP;DE_YKBNK_EPP;YKBNK.E;2026-05-25;0.01;0.01;0;0;0;0;0;0;0;0;0;0;100;0;;;;;
2026-05-06;O_YKBNKE0526P31.00;YKBNK_05/2026_AVRUPA_OPSIYON;D_EQ;SSO;D_EQ_EPP;DE_YKBNK_EPP;YKBNK.E;2026-05-25;0.01;0.03;-66.67;0;0;0;0;0;0;0;0;0;100;0;;;;;
2026-05-06;O_YKBNKE0526P32.00;YKBNK_05/2026_AVRUPA_OPSIYON;D_EQ;SSO;D_EQ_EPP;DE_YKBNK_EPP;YKBNK.E;2026-05-25;0.02;0.08;-75;0;0;0;0;0;0;0;0;0;0;0;;;;;
2026-05-06;O_YKBNKE0526P33.00;YKBNK_05/2026_AVRUPA_OPSIYON;D_EQ;SSO;D_EQ_EPP;DE_YKBNK_EPP;YKBNK.E;2026-05-25;0.05;0.17;-70.59;0;0;0;0;0;0;0;0;0;0;0;;;;;
2026-05-06;O_YKBNKE0526P34.00;YKBNK_05/2026_AVRUPA_OPSIYON;D_EQ;SSO;D_EQ_EPP;DE_YKBNK_EPP;YKBNK.E;2026-05-25;0.12;0.32;-62.5;0;0;0;0;0;0;0;0;0;15;0;;;;;
2026-05-06;O_YKBNKE0526P35.00;YKBNK_05/2026_AVRUPA_OPSIYON;D_EQ;SSO;D_EQ_EPP;DE_YKBNK_EPP;YKBNK.E;2026-05-25;0.23;0.56;-58.93;0;0;0;0;0;0;0;0;0;152;0;;;;;
2026-05-06;O_YKBNKE0526P36.00;YKBNK_05/2026_AVRUPA_OPSIYON;D_EQ;SSO;D_EQ_EPP;DE_YKBNK_EPP;YKBNK.E;2026-05-25;0.42;0.91;-53.85;0;0;0;0;0;0;0;0;0;2085;0;;;;;
2026-05-06;O_YKBNKE0526P37.00;YKBNK_05/2026_AVRUPA_OPSIYON;D_EQ;SSO;D_EQ_EPP;DE_YKBNK_EPP;YKBNK.E;2026-05-25;0.7;1.38;-49.28;0;0;0;0;0;0;0;0;0;4;0;;;;;
2026-05-06;O_YKBNKE0526P38.00;YKBNK_05/2026_AVRUPA_OPSIYON;D_EQ;SSO;D_EQ_EPP;DE_YKBNK_EPP;YKBNK.E;2026-05-25;1.1;1.96;-43.88;0;0;0;0;0;0;0;0;0;0;0;;;;;
2026-05-06;O_YKBNKE0526P39.00;YKBNK_05/2026_AVRUPA_OPSIYON;D_EQ;SSO;D_EQ_EPP;DE_YKBNK_EPP;YKBNK.E;2026-05-25;1.6;2.65;-39.62;1.29;1;1.29;1;1.17;1560000;46900;400;4;400;400;;;;;
2026-05-06;O_YKBNKE0526P40.00;YKBNK_05/2026_AVRUPA_OPSIYON;D_EQ;SSO;D_EQ_EPP;DE_YKBNK_EPP;YKBNK.E;2026-05-25;2.22;3.43;-35.28;0;0;0;0;0;0;0;0;0;5;0;;;;;
2026-05-06;O_YKBNKE0526P41.00;YKBNK_05/2026_AVRUPA_OPSIYON;D_EQ;SSO;D_EQ_EPP;DE_YKBNK_EPP;YKBNK.E;2026-05-25;2.93;4.28;-31.54;0;0;0;0;0;0;0;0;0;0;0;;;;;
2026-05-06;O_YKBNKE0526P42.00;YKBNK_05/2026_AVRUPA_OPSIYON;D_EQ;SSO;D_EQ_EPP;DE_YKBNK_EPP;YKBNK.E;2026-05-25;3.73;5.17;-27.85;0;0;0;0;0;0;0;0;0;2150;0;;;;;
2026-05-06;O_YKBNKE0526P43.00;YKBNK_05/2026_AVRUPA_OPSIYON;D_EQ;SSO;D_EQ_EPP;DE_YKBNK_EPP;YKBNK.E;2026-05-25;4.58;6.1;-24.92;0;0;0;0;0;0;0;0;0;0;0;;;;;
2026-05-06;O_YKBNKE0526P44.00;YKBNK_05/2026_AVRUPA_OPSIYON;D_EQ;SSO;D_EQ_EPP;DE_YKBNK_EPP;YKBNK.E;2026-05-25;5.49;7.05;-22.13;0;0;0;0;0;0;0;0;0;0;0;;;;;
2026-05-06;O_YKBNKE0526P45.00;YKBNK_05/2026_AVRUPA_OPSIYON;D_EQ;SSO;D_EQ_EPP;DE_YKBNK_EPP;YKBNK.E;2026-05-25;6.42;8.01;-19.85;0;0;0;0;0;0;0;0;0;0;0;;;;;
2026-05-06;O_YKBNKE0526P46.00;YKBNK_05/2026_AVRUPA_OPSIYON;D_EQ;SSO;D_EQ_EPP;DE_YKBNK_EPP;YKBNK.E;2026-05-25;7.37;8.98;-17.93;0;0;0;0;0;0;0;0;0;0;0;;;;;
2026-05-06;O_YKBNKE0526P47.00;YKBNK_05/2026_AVRUPA_OPSIYON;D_EQ;SSO;D_EQ_EPP;DE_YKBNK_EPP;YKBNK.E;2026-05-25;8.34;9.96;-16.27;0;0;0;0;0;0;0;0;0;0;0;;;;;
2026-05-06;O_YKBNKE0526P48.00;YKBNK_05/2026_AVRUPA_OPSIYON;D_EQ;SSO;D_EQ_EPP;DE_YKBNK_EPP;YKBNK.E;2026-05-25;9.31;10.93;-14.82;0;0;0;0;0;0;0;0;0;0;0;;;;;
2026-05-06;O_YKBNKE0626C35.00;YKBNK_06/2026_AVRUPA_OPSIYON;D_EQ;SSO;D_EQ_ECP;DE_YKBNK_ECP;YKBNK.E;2026-06-30;5.27;3.96;33.08;0;0;0;0;0;0;0;0;0;0;0;;;;;
2026-05-06;O_YKBNKE0626C36.00;YKBNK_06/2026_AVRUPA_OPSIYON;D_EQ;SSO;D_EQ_ECP;DE_YKBNK_ECP;YKBNK.E;2026-06-30;4.55;3.33;36.64;0;0;0;0;0;0;0;0;0;0;0;;;;;
2026-05-06;O_YKBNKE0626C37.00;YKBNK_06/2026_AVRUPA_OPSIYON;D_EQ;SSO;D_EQ_ECP;DE_YKBNK_ECP;YKBNK.E;2026-06-30;3.89;2.77;40.43;0;0;0;0;0;0;0;0;0;0;0;;;;;
2026-05-06;O_YKBNKE0626C38.00;YKBNK_06/2026_AVRUPA_OPSIYON;D_EQ;SSO;D_EQ_ECP;DE_YKBNK_ECP;YKBNK.E;2026-06-30;3.29;2.28;44.3;0;0;0;0;0;0;0;0;0;0;0;;;;;
2026-05-06;O_YKBNKE0626C39.00;YKBNK_06/2026_AVRUPA_OPSIYON;D_EQ;SSO;D_EQ_ECP;DE_YKBNK_ECP;YKBNK.E;2026-06-30;2.75;1.85;48.65;0;0;0;0;0;0;0;0;0;0;0;;;;;
2026-05-06;O_YKBNKE0626C40.00;YKBNK_06/2026_AVRUPA_OPSIYON;D_EQ;SSO;D_EQ_ECP;DE_YKBNK_ECP;YKBNK.E;2026-06-30;2.28;1.49;53.02;0;0;0;0;0;0;0;0;0;0;0;;;;;
2026-05-06;O_YKBNKE0626C41.00;YKBNK_06/2026_AVRUPA_OPSIYON;D_EQ;SSO;D_EQ_ECP;DE_YKBNK_ECP;YKBNK.E;2026-06-30;1.86;1.19;56.3;0;0;0;0;0;0;0;0;0;0;0;;;;;
2026-05-06;O_YKBNKE0626C42.00;YKBNK_06/2026_AVRUPA_OPSIYON;D_EQ;SSO;D_EQ_ECP;DE_YKBNK_ECP;YKBNK.E;2026-06-30;1.51;0.94;60.64;0;0;0;0;0;0;0;0;0;0;0;;;;;
2026-05-06;O_YKBNKE0626C44.00;YKBNK_06/2026_AVRUPA_OPSIYON;D_EQ;SSO;D_EQ_ECP;DE_YKBNK_ECP;YKBNK.E;2026-06-30;0.96;0.57;68.42;0;0;0;0;0;0;0;0;0;0;0;;;;;
2026-05-06;O_YKBNKE0626C45.00;YKBNK_06/2026_AVRUPA_OPSIYON;D_EQ;SSO;D_EQ_ECP;DE_YKBNK_ECP;YKBNK.E;2026-06-30;0.76;0.43;76.74;0;0;0;0;0;0;0;0;0;0;0;;;;;
2026-05-06;O_YKBNKE0626C46.00;YKBNK_06/2026_AVRUPA_OPSIYON;D_EQ;SSO;D_EQ_ECP;DE_YKBNK_ECP;YKBNK.E;2026-06-30;0.59;0.33;78.79;0.25;0.25;0.46;0.41;0.42;6021400;55344;1309;9;1309;1309;;;;;
2026-05-06;O_YKBNKE0626C47.00;YKBNK_06/2026_AVRUPA_OPSIYON;D_EQ;SSO;D_EQ_ECP;DE_YKBNK_ECP;YKBNK.E;2026-06-30;0.46;0.25;84;0.18;0.18;0.3;0.3;0.23;37600;183;8;8;8;8;;;;;
2026-05-06;O_YKBNKE0626C48.00;YKBNK_06/2026_AVRUPA_OPSIYON;D_EQ;SSO;D_EQ_ECP;DE_YKBNK_ECP;YKBNK.E;2026-06-30;0.35;0.19;84.21;0;0;0;0;0;0;0;0;0;0;0;;;;;
2026-05-06;O_YKBNKE0626C49.00;YKBNK_06/2026_AVRUPA_OPSIYON;D_EQ;SSO;D_EQ_ECP;DE_YKBNK_ECP;YKBNK.E;2026-06-30;0.26;0.14;85.71;0;0;0;0;0;0;0;0;0;0;0;;;;;
2026-05-06;O_YKBNKE0626P30.00;YKBNK_06/2026_AVRUPA_OPSIYON;D_EQ;SSO;D_EQ_EPP;DE_YKBNK_EPP;YKBNK.E;2026-06-30;0.06;0.11;-45.45;0;0;0;0;0;0;0;0;0;0;0;;;;;
2026-05-06;O_YKBNKE0626P31.00;YKBNK_06/2026_AVRUPA_OPSIYON;D_EQ;SSO;D_EQ_EPP;DE_YKBNK_EPP;YKBNK.E;2026-06-30;0.1;0.19;-47.37;0;0;0;0;0;0;0;0;0;0;0;;;;;
2026-05-06;O_YKBNKE0626P32.00;YKBNK_06/2026_AVRUPA_OPSIYON;D_EQ;SSO;D_EQ_EPP;DE_YKBNK_EPP;YKBNK.E;2026-06-30;0.16;0.3;-46.67;0;0;0;0;0;0;0;0;0;0;0;;;;;
2026-05-06;O_YKBNKE0626P33.00;YKBNK_06/2026_AVRUPA_OPSIYON;D_EQ;SSO;D_EQ_EPP;DE_YKBNK_EPP;YKBNK.E;2026-06-30;0.25;0.44;-43.18;0;0;0;0;0;0;0;0;0;0;0;;;;;
2026-05-06;O_YKBNKE0626P34.00;YKBNK_06/2026_AVRUPA_OPSIYON;D_EQ;SSO;D_EQ_EPP;DE_YKBNK_EPP;YKBNK.E;2026-06-30;0.38;0.64;-40.63;0;0;0;0;0;0;0;0;0;0;0;;;;;
2026-05-06;O_YKBNKE0626P35.00;YKBNK_06/2026_AVRUPA_OPSIYON;D_EQ;SSO;D_EQ_EPP;DE_YKBNK_EPP;YKBNK.E;2026-06-30;0.56;0.9;-37.78;0;0;0;0;0;0;0;0;0;0;0;;;;;
2026-05-06;O_YKBNKE0626P36.00;YKBNK_06/2026_AVRUPA_OPSIYON;D_EQ;SSO;D_EQ_EPP;DE_YKBNK_EPP;YKBNK.E;2026-06-30;0.79;1.21;-34.71;0;0;0;0;0;0;0;0;0;0;0;;;;;
2026-05-06;O_YKBNKE0626P37.00;YKBNK_06/2026_AVRUPA_OPSIYON;D_EQ;SSO;D_EQ_EPP;DE_YKBNK_EPP;YKBNK.E;2026-06-30;1.07;1.59;-32.7;0.9;0.86;0.9;0.86;0.88;3330000;79200;900;3;900;900;;;;;
2026-05-06;O_YKBNKE0626P38.00;YKBNK_06/2026_AVRUPA_OPSIYON;D_EQ;SSO;D_EQ_EPP;DE_YKBNK_EPP;YKBNK.E;2026-06-30;1.41;2.04;-30.88;0;0;0;0;0;0;0;0;0;0;0;;;;;
2026-05-06;O_YKBNKE0626P39.00;YKBNK_06/2026_AVRUPA_OPSIYON;D_EQ;SSO;D_EQ_EPP;DE_YKBNK_EPP;YKBNK.E;2026-06-30;1.82;2.56;-28.91;0;0;0;0;0;0;0;0;0;0;0;;;;;
2026-05-06;O_YKBNKE0626P40.00;YKBNK_06/2026_AVRUPA_OPSIYON;D_EQ;SSO;D_EQ_EPP;DE_YKBNK_EPP;YKBNK.E;2026-06-30;2.29;3.14;-27.07;0;0;0;0;0;0;0;0;0;0;0;;;;;
2026-05-06;O_YKBNKE0626P41.00;YKBNK_06/2026_AVRUPA_OPSIYON;D_EQ;SSO;D_EQ_EPP;DE_YKBNK_EPP;YKBNK.E;2026-06-30;2.82;3.78;-25.4;0;0;0;0;0;0;0;0;0;0;0;;;;;
2026-05-06;O_YKBNKE0626P42.00;YKBNK_06/2026_AVRUPA_OPSIYON;D_EQ;SSO;D_EQ_EPP;DE_YKBNK_EPP;YKBNK.E;2026-06-30;3.41;4.48;-23.88;0;0;0;0;0;0;0;0;0;0;0;;;;;
2026-05-06;O_YKBNKE0626P43.00;YKBNK_06/2026_AVRUPA_OPSIYON;D_EQ;SSO;D_EQ_EPP;DE_YKBNK_EPP;YKBNK.E;2026-06-30;4.06;5.22;-22.22;0;0;0;0;0;0;0;0;0;0;0;;;;;
2026-05-06;O_YKBNKE0626P44.00;YKBNK_06/2026_AVRUPA_OPSIYON;D_EQ;SSO;D_EQ_EPP;DE_YKBNK_EPP;YKBNK.E;2026-06-30;4.75;5.99;-20.7;0;0;0;0;0;0;0;0;0;0;0;;;;;
2026-05-06;O_YKBNKE0726C38.00;YKBNK_07/2026_AVRUPA_OPSIYON;D_EQ;SSO;D_EQ_ECP;DE_YKBNK_ECP;YKBNK.E;2026-07-31;4.93;3.76;31.12;0;0;0;0;0;0;0;0;0;0;0;;;;;
2026-05-06;O_YKBNKE0726C39.00;YKBNK_07/2026_AVRUPA_OPSIYON;D_EQ;SSO;D_EQ_ECP;DE_YKBNK_ECP;YKBNK.E;2026-07-31;4.35;3.26;33.44;0;0;0;0;0;0;0;0;0;0;0;;;;;
2026-05-06;O_YKBNKE0726C40.00;YKBNK_07/2026_AVRUPA_OPSIYON;D_EQ;SSO;D_EQ_ECP;DE_YKBNK_ECP;YKBNK.E;2026-07-31;3.82;2.81;35.94;0;0;0;0;0;0;0;0;0;0;0;;;;;
2026-05-06;O_YKBNKE0726C41.00;YKBNK_07/2026_AVRUPA_OPSIYON;D_EQ;SSO;D_EQ_ECP;DE_YKBNK_ECP;YKBNK.E;2026-07-31;3.33;2.41;38.17;0;0;0;0;0;0;0;0;0;0;0;;;;;
2026-05-06;O_YKBNKE0726C42.00;YKBNK_07/2026_AVRUPA_OPSIYON;D_EQ;SSO;D_EQ_ECP;DE_YKBNK_ECP;YKBNK.E;2026-07-31;2.89;2.05;40.98;0;0;0;0;0;0;0;0;0;0;0;;;;;
2026-05-06;O_YKBNKE0726C43.00;YKBNK_07/2026_AVRUPA_OPSIYON;D_EQ;SSO;D_EQ_ECP;DE_YKBNK_ECP;YKBNK.E;2026-07-31;2.49;1.74;43.1;0;0;0;0;0;0;0;0;0;0;0;;;;;
2026-05-06;O_YKBNKE0726C44.00;YKBNK_07/2026_AVRUPA_OPSIYON;D_EQ;SSO;D_EQ_ECP;DE_YKBNK_ECP;YKBNK.E;2026-07-31;2.14;1.47;45.58;0;0;0;0;0;0;0;0;0;187000;0;;;;;
2026-05-06;O_YKBNKE0726C45.00;YKBNK_07/2026_AVRUPA_OPSIYON;D_EQ;SSO;D_EQ_ECP;DE_YKBNK_ECP;YKBNK.E;2026-07-31;1.83;1.24;47.58;0;0;0;0;0;0;0;0;0;0;0;;;;;
2026-05-06;O_YKBNKE0726C46.00;YKBNK_07/2026_AVRUPA_OPSIYON;D_EQ;SSO;D_EQ_ECP;DE_YKBNK_ECP;YKBNK.E;2026-07-31;1.55;1.04;49.04;0;0;0;0;0;0;0;0;0;0;0;;;;;
2026-05-06;O_YKBNKE0726P33.00;YKBNK_07/2026_AVRUPA_OPSIYON;D_EQ;SSO;D_EQ_EPP;DE_YKBNK_EPP;YKBNK.E;2026-07-31;0.3;0.46;-34.78;0;0;0;0;0;0;0;0;0;0;0;;;;;
2026-05-06;O_YKBNKE0726P34.00;YKBNK_07/2026_AVRUPA_OPSIYON;D_EQ;SSO;D_EQ_EPP;DE_YKBNK_EPP;YKBNK.E;2026-07-31;0.42;0.63;-33.33;0;0;0;0;0;0;0;0;0;0;0;;;;;
2026-05-06;O_YKBNKE0726P35.00;YKBNK_07/2026_AVRUPA_OPSIYON;D_EQ;SSO;D_EQ_EPP;DE_YKBNK_EPP;YKBNK.E;2026-07-31;0.57;0.84;-32.14;0;0;0;0;0;0;0;0;0;0;0;;;;;
2026-05-06;O_YKBNKE0726P36.00;YKBNK_07/2026_AVRUPA_OPSIYON;D_EQ;SSO;D_EQ_EPP;DE_YKBNK_EPP;YKBNK.E;2026-07-31;0.76;1.09;-30.28;0;0;0;0;0;0;0;0;0;0;0;;;;;
2026-05-06;O_YKBNKE0726P37.00;YKBNK_07/2026_AVRUPA_OPSIYON;D_EQ;SSO;D_EQ_EPP;DE_YKBNK_EPP;YKBNK.E;2026-07-31;0.99;1.39;-28.78;0;0;0;0;0;0;0;0;0;0;0;;;;;
2026-05-06;O_YKBNKE0726P38.00;YKBNK_07/2026_AVRUPA_OPSIYON;D_EQ;SSO;D_EQ_EPP;DE_YKBNK_EPP;YKBNK.E;2026-07-31;1.27;1.73;-26.59;0;0;0;0;0;0;0;0;0;0;0;;;;;
2026-05-06;O_YKBNKE0726P39.00;YKBNK_07/2026_AVRUPA_OPSIYON;D_EQ;SSO;D_EQ_EPP;DE_YKBNK_EPP;YKBNK.E;2026-07-31;1.58;2.13;-25.82;0;0;0;0;0;0;0;0;0;0;0;;;;;
2026-05-06;O_YKBNKE0726P40.00;YKBNK_07/2026_AVRUPA_OPSIYON;D_EQ;SSO;D_EQ_EPP;DE_YKBNK_EPP;YKBNK.E;2026-07-31;1.95;2.57;-24.12;0;0;0;0;0;0;0;0;0;0;0;;;;;
2026-05-06;O_YKBNKE0726P41.00;YKBNK_07/2026_AVRUPA_OPSIYON;D_EQ;SSO;D_EQ_EPP;DE_YKBNK_EPP;YKBNK.E;2026-07-31;2.36;3.07;-23.13;0;0;0;0;0;0;0;0;0;0;0;;;;;
2026-05-06;TM_F_USDTRY120626;USDTRY_120626_ESNEK VIS;D_CR;CRF;D_CR_FUT;DE_USDTRY_FUT;D_USDTRY;2026-06-12;46.91;46.91;0;0;0;0;0;0;0;0;0;0;3;0;;;;;
2026-05-06;TM_F_USDTRY150526;USDTRY_150526_ESNEK VIS;D_CR;CRF;D_CR_FUT;DE_USDTRY_FUT;D_USDTRY;2026-05-15;45.401;45.401;0;45.321;45.321;45.56;45.56;45.4007;136202;0;3;3;10;1;;;;;
2026-05-06;TM_O_AKBNKE110526P68.00;AKBNK_110526_AVRUPA_ESNEK OPS;D_EQ;SSO;D_EQ_EPP;DE_AKBNK_EPP;AKBNK.E;2026-05-11;0.03;0.34;-91.18;0;0;0;0;0;0;0;0;0;1500;0;;;;;
2026-05-06;TM_O_AKBNKE250526C87.50;AKBNK_250526_AVRUPA_ESNEK OPS;D_EQ;SSO;D_EQ_ECP;DE_AKBNK_ECP;AKBNK.E;2026-05-25;0.2;0.07;185.71;0;0;0;0;0;0;0;0;0;4588;0;;;;;
2026-05-06;TM_O_AKBNKE250526P78.01;AKBNK_250526_AVRUPA_ESNEK OPS;D_EQ;SSO;D_EQ_EPP;DE_AKBNK_EPP;AKBNK.E;2026-05-25;3.87;;0;1.9;1.9;1.9;1.9;1.9;5133058;125020;658;1;658;658;;;;;
2026-05-06;TM_O_AKBNKE250526P84.01;AKBNK_250526_AVRUPA_ESNEK OPS;D_EQ;SSO;D_EQ_EPP;DE_AKBNK_EPP;AKBNK.E;2026-05-25;8.48;11.75;-27.83;0;0;0;0;0;0;0;0;0;490;0;;;;;
2026-05-06;TM_O_AKBNKE250526P84.02;AKBNK_250526_AVRUPA_ESNEK OPS;D_EQ;SSO;D_EQ_EPP;DE_AKBNK_EPP;AKBNK.E;2026-05-25;8.49;11.76;-27.81;0;0;0;0;0;0;0;0;0;0;0;;;;;
2026-05-06;TM_O_AKBNKE250526P86.10;AKBNK_250526_AVRUPA_ESNEK OPS;D_EQ;SSO;D_EQ_EPP;DE_AKBNK_EPP;AKBNK.E;2026-05-25;10.35;13.73;-24.62;0;0;0;0;0;0;0;0;0;118;0;;;;;
2026-05-06;TM_O_AKBNKE250526P88.50;AKBNK_250526_AVRUPA_ESNEK OPS;D_EQ;SSO;D_EQ_EPP;DE_AKBNK_EPP;AKBNK.E;2026-05-25;12.57;16.03;-21.58;0;0;0;0;0;0;0;0;0;116;0;;;;;
2026-05-06;TM_O_AKBNKE250526P88.60;AKBNK_250526_AVRUPA_ESNEK OPS;D_EQ;SSO;D_EQ_EPP;DE_AKBNK_EPP;AKBNK.E;2026-05-25;12.67;16.13;-21.45;0;0;0;0;0;0;0;0;0;120;0;;;;;
2026-05-06;TM_O_AKBNKE300626P76.01;AKBNK_300626_AVRUPA_ESNEK OPS;D_EQ;SSO;D_EQ_EPP;DE_AKBNK_EPP;AKBNK.E;2026-06-30;3.22;4.83;-33.33;0;0;0;0;0;0;0;0;0;270;0;;;;;
2026-05-06;TM_O_AKBNKE310726P65.00;AKBNK_310726_AVRUPA_ESNEK OPS;D_EQ;SSO;D_EQ_EPP;DE_AKBNK_EPP;AKBNK.E;2026-07-31;0.72;1.09;-33.94;0;0;0;0;0;0;0;0;0;55000;0;;;;;
2026-05-06;TM_O_ALARKE250526P98.01;ALARK_250526_AVRUPA_ESNEK OPS;D_EQ;SSO;D_EQ_EPP;DE_ALARK_EPP;ALARK.E;2026-05-25;1.56;3.87;-59.69;0;0;0;0;0;0;0;0;0;306;0;;;;;
2026-05-06;TM_O_ARCLKE300626P115.05;ARCLK_300626_AVRUPA_ESNEK OPS;D_EQ;SSO;D_EQ_EPP;DE_ARCLK_EPP;ARCLK.E;2026-06-30;4.5;5.31;-15.25;0;0;0;0;0;0;0;0;0;260;0;;;;;
2026-05-06;TM_O_ASELSE250526C445.00;ASELS_250526_AVRUPA_ESNEK OPS;D_EQ;SSO;D_EQ_ECP;DE_ASELS_ECP;ASELS.E;2026-05-25;15.2;11.37;33.69;0;0;0;0;0;0;0;0;0;412;0;;;;;
2026-05-06;TM_O_ASELSE250526C455.00;ASELS_250526_AVRUPA_ESNEK OPS;D_EQ;SSO;D_EQ_ECP;DE_ASELS_ECP;ASELS.E;2026-05-25;11.06;8.08;36.88;0;0;0;0;0;0;0;0;0;500;0;;;;;
2026-05-06;TM_O_ASELSE250526C465.00;ASELS_250526_AVRUPA_ESNEK OPS;D_EQ;SSO;D_EQ_ECP;DE_ASELS_ECP;ASELS.E;2026-05-25;7.96;5.65;40.88;0;0;0;0;0;0;0;0;0;500;0;;;;;
2026-05-06;TM_O_BIMASE010626C780.00;BIMAS_010626_AVRUPA_ESNEK OPS;D_EQ;SSO;D_EQ_ECP;DE_BIMAS_ECP;BIMAS.E;2026-06-01;41.09;23.39;75.67;0;0;0;0;0;0;0;0;0;96;0;;;;;
2026-05-06;TM_O_BIMASE250526C894.00;BIMAS_250526_AVRUPA_ESNEK OPS;D_EQ;SSO;D_EQ_ECP;DE_BIMAS_ECP;BIMAS.E;2026-05-25;2.06;0.61;237.7;0;0;0;0;0;0;0;0;0;245;0;;;;;
2026-05-06;TM_O_EKGYOE250526C23.40;EKGYO_250526_AVRUPA_ESNEK OPS;D_EQ;SSO;D_EQ_ECP;DE_EKGYO_ECP;EKGYO.E;2026-05-25;0.23;0.09;155.56;0;0;0;0;0;0;0;0;0;665;0;;;;;
2026-05-06;TM_O_EKGYOE250526P19.40;EKGYO_250526_AVRUPA_ESNEK OPS;D_EQ;SSO;D_EQ_EPP;DE_EKGYO_EPP;EKGYO.E;2026-05-25;0.11;0.28;-60.71;0;0;0;0;0;0;0;0;0;3100;0;;;;;
2026-05-06;TM_O_EKGYOE250526P19.75;EKGYO_250526_AVRUPA_ESNEK OPS;D_EQ;SSO;D_EQ_EPP;DE_EKGYO_EPP;EKGYO.E;2026-05-25;0.16;0.38;-57.89;0;0;0;0;0;0;0;0;0;1000;0;;;;;
2026-05-06;TM_O_EKGYOE250526P19.76;EKGYO_250526_AVRUPA_ESNEK OPS;D_EQ;SSO;D_EQ_EPP;DE_EKGYO_EPP;EKGYO.E;2026-05-25;0.16;0.38;-57.89;0;0;0;0;0;0;0;0;0;2500;0;;;;;
2026-05-06;TM_O_EKGYOE250526P20.75;EKGYO_250526_AVRUPA_ESNEK OPS;D_EQ;SSO;D_EQ_EPP;DE_EKGYO_EPP;EKGYO.E;2026-05-25;0.41;0.8;-48.75;0;0;0;0;0;0;0;0;0;5000;0;;;;;
2026-05-06;TM_O_EKGYOE250526P22.51;EKGYO_250526_AVRUPA_ESNEK OPS;D_EQ;SSO;D_EQ_EPP;DE_EKGYO_EPP;EKGYO.E;2026-05-25;1.29;1.99;-35.18;0;0;0;0;0;0;0;0;0;1330;0;;;;;
2026-05-06;TM_O_EREGLE250526C36.50;EREGL_250526_AVRUPA_ESNEK OPS;D_EQ;SSO;D_EQ_ECP;DE_EREGL_ECP;EREGL.E;2026-05-25;2.36;2.07;14.01;0;0;0;0;0;0;0;0;0;5000;0;;;;;
2026-05-06;TM_O_EREGLE250526P35.20;EREGL_250526_AVRUPA_ESNEK OPS;D_EQ;SSO;D_EQ_EPP;DE_EREGL_EPP;EREGL.E;2026-05-25;0.2;0.28;-28.57;0.2;0.2;0.2;0.2;0.2;5984000;34000;1700;6;0;-1700;;;;;
2026-05-06;TM_O_FROTOE250526C119.00;FROTO_250526_AVRUPA_ESNEK OPS;D_EQ;SSO;D_EQ_ECP;DE_FROTO_ECP;FROTO.E;2026-05-25;0.1;0.08;25;0;0;0;0;0;0;0;0;0;1682;0;;;;;
2026-05-06;TM_O_FROTOE250526P100.05;FROTO_250526_AVRUPA_ESNEK OPS;D_EQ;SSO;D_EQ_EPP;DE_FROTO_EPP;FROTO.E;2026-05-25;2.93;;0;1.1;1.1;1.1;1.1;1.1;1000500;11000;100;1;100;100;;;;;
2026-05-06;TM_O_FROTOE250526P105.05;FROTO_250526_AVRUPA_ESNEK OPS;D_EQ;SSO;D_EQ_EPP;DE_FROTO_EPP;FROTO.E;2026-05-25;5.81;;0;2.28;2.28;2.28;2.28;2.28;6092900;132240;580;1;580;580;;;;;
2026-05-06;TM_O_GARANE150526P135.50;GARAN_150526_AVRUPA_ESNEK OPS;D_EQ;SSO;D_EQ_EPP;DE_GARAN_EPP;GARAN.E;2026-05-15;2.08;6.11;-65.96;0;0;0;0;0;0;0;0;0;350;0;;;;;
2026-05-06;TM_O_GARANE250526C155.80;GARAN_250526_AVRUPA_ESNEK OPS;D_EQ;SSO;D_EQ_ECP;DE_GARAN_ECP;GARAN.E;2026-05-25;0.8;0.45;77.78;0;0;0;0;0;0;0;0;0;847;0;;;;;
2026-05-06;TM_O_GARANE250526P134.00;GARAN_250526_AVRUPA_ESNEK OPS;D_EQ;SSO;D_EQ_EPP;DE_GARAN_EPP;GARAN.E;2026-05-25;2.37;5.47;-56.67;0;0;0;0;0;0;0;0;0;2140;0;;;;;
2026-05-06;TM_O_GARANE250526P142.00;GARAN_250526_AVRUPA_ESNEK OPS;D_EQ;SSO;D_EQ_EPP;DE_GARAN_EPP;GARAN.E;2026-05-25;6.05;11.21;-46.03;0;0;0;0;0;0;0;0;0;5000;0;;;;;
2026-05-06;TM_O_GARANE250526P153.50;GARAN_250526_AVRUPA_ESNEK OPS;D_EQ;SSO;D_EQ_EPP;DE_GARAN_EPP;GARAN.E;2026-05-25;14.9;21.48;-30.63;0;0;0;0;0;0;0;0;0;2140;0;;;;;
2026-05-06;TM_O_GARANE250526P155.05;GARAN_250526_AVRUPA_ESNEK OPS;D_EQ;SSO;D_EQ_EPP;DE_GARAN_EPP;GARAN.E;2026-05-25;16.27;22.93;-29.04;0;0;0;0;0;0;0;0;0;77;0;;;;;
2026-05-06;TM_O_HALKBE250526P42.01;HALKB_250526_AVRUPA_ESNEK OPS;D_EQ;SSO;D_EQ_EPP;DE_HALKB_EPP;HALKB.E;2026-05-25;3.6;4.91;-26.68;0;0;0;0;0;0;0;0;0;565;0;;;;;
2026-05-06;TM_O_ISCTRE010626C17.50;ISCTR_010626_AVRUPA_ESNEK OPS;D_EQ;SSO;D_EQ_ECP;DE_ISCTR_ECP;ISCTR.E;2026-06-01;0.06;0.03;100;0;0;0;0;0;0;0;0;0;50000;0;;;;;
2026-05-06;TM_O_ISCTRE070526C14.50;ISCTR_070526_AVRUPA_ESNEK OPS;D_EQ;SSO;D_EQ_ECP;DE_ISCTR_ECP;ISCTR.E;2026-05-07;0.13;0.03;333.33;0;0;0;0;0;0;0;0;0;5000;0;;;;;
2026-05-06;TM_O_ISCTRE250526P14.51;ISCTR_250526_AVRUPA_ESNEK OPS;D_EQ;SSO;D_EQ_EPP;DE_ISCTR_EPP;ISCTR.E;2026-05-25;0.41;0.64;-35.94;0;0;0;0;0;0;0;0;0;3450;0;;;;;
2026-05-06;TM_O_ISCTRE250526P15.51;ISCTR_250526_AVRUPA_ESNEK OPS;D_EQ;SSO;D_EQ_EPP;DE_ISCTR_EPP;ISCTR.E;2026-05-25;0.98;1.34;-26.87;0;0;0;0;0;0;0;0;0;1178;0;;;;;
2026-05-06;TM_O_ISCTRE250526P16.10;ISCTR_250526_AVRUPA_ESNEK OPS;D_EQ;SSO;D_EQ_EPP;DE_ISCTR_EPP;ISCTR.E;2026-05-25;1.44;1.84;-21.74;0;0;0;0;0;0;0;0;0;1300;0;;;;;
2026-05-06;TM_O_ISCTRE250526P16.40;ISCTR_250526_AVRUPA_ESNEK OPS;D_EQ;SSO;D_EQ_EPP;DE_ISCTR_EPP;ISCTR.E;2026-05-25;1.69;2.11;-19.91;0;0;0;0;0;0;0;0;0;650;0;;;;;
2026-05-06;TM_O_ISCTRE250526P16.80;ISCTR_250526_AVRUPA_ESNEK OPS;D_EQ;SSO;D_EQ_EPP;DE_ISCTR_EPP;ISCTR.E;2026-05-25;2.05;2.48;-17.34;0;0;0;0;0;0;0;0;0;620;0;;;;;
2026-05-06;TM_O_KCHOLE010626C225.00;KCHOL_010626_AVRUPA_ESNEK OPS;D_EQ;SSO;D_EQ_ECP;DE_KCHOL_ECP;KCHOL.E;2026-06-01;4.51;2.27;98.68;0;0;0;0;0;0;0;0;0;1570;0;;;;;
2026-05-06;TM_O_KCHOLE050626C215.00;KCHOL_050626_AVRUPA_ESNEK OPS;D_EQ;SSO;D_EQ_ECP;DE_KCHOL_ECP;KCHOL.E;2026-06-05;9.53;5.64;68.97;0;0;0;0;0;0;0;0;0;1000;0;;;;;
2026-05-06;TM_O_KCHOLE250526C204.00;KCHOL_250526_AVRUPA_ESNEK OPS;D_EQ;SSO;D_EQ_ECP;DE_KCHOL_ECP;KCHOL.E;2026-05-25;13.12;7.72;69.95;0;0;0;0;0;0;0;0;0;300;0;;;;;
2026-05-06;TM_O_KCHOLE250526C226.00;KCHOL_250526_AVRUPA_ESNEK OPS;D_EQ;SSO;D_EQ_ECP;DE_KCHOL_ECP;KCHOL.E;2026-05-25;2.75;1.17;135.04;0;0;0;0;0;0;0;0;0;570;0;;;;;
2026-05-06;TM_O_KCHOLE250526P196.00;KCHOL_250526_AVRUPA_ESNEK OPS;D_EQ;SSO;D_EQ_EPP;DE_KCHOL_EPP;KCHOL.E;2026-05-25;1.04;2.69;-61.34;0;0;0;0;0;0;0;0;0;150;0;;;;;
2026-05-06;TM_O_KCHOLE250526P199.00;KCHOL_250526_AVRUPA_ESNEK OPS;D_EQ;SSO;D_EQ_EPP;DE_KCHOL_EPP;KCHOL.E;2026-05-25;1.51;3.62;-58.29;0;0;0;0;0;0;0;0;0;275;0;;;;;
2026-05-06;TM_O_KCHOLE250526P201.00;KCHOL_250526_AVRUPA_ESNEK OPS;D_EQ;SSO;D_EQ_EPP;DE_KCHOL_EPP;KCHOL.E;2026-05-25;1.9;4.35;-56.32;0;0;0;0;0;0;0;0;0;275;0;;;;;
2026-05-06;TM_O_KCHOLE250526P215.05;KCHOL_250526_AVRUPA_ESNEK OPS;D_EQ;SSO;D_EQ_EPP;DE_KCHOL_EPP;KCHOL.E;2026-05-25;6.92;12.03;-42.48;0;0;0;0;0;0;0;0;0;167;0;;;;;
2026-05-06;TM_O_KCHOLE310726C252.50;KCHOL_310726_AVRUPA_ESNEK OPS;D_EQ;SSO;D_EQ_ECP;DE_KCHOL_ECP;KCHOL.E;2026-07-31;8.26;5.6;47.5;0;0;0;0;0;0;0;0;0;13000;0;;;;;
2026-05-06;TM_O_PETKME220526C22.00;PETKM_220526_AVRUPA_ESNEK OPS;D_EQ;SSO;D_EQ_ECP;DE_PETKM_ECP;PETKM.E;2026-05-22;2.64;2.67;-1.12;0;0;0;0;0;0;0;0;0;3000;0;;;;;
2026-05-06;TM_O_PETKME250526C26.70;PETKM_250526_AVRUPA_ESNEK OPS;D_EQ;SSO;D_EQ_ECP;DE_PETKM_ECP;PETKM.E;2026-05-25;0.35;0.37;-5.41;0;0;0;0;0;0;0;0;0;5700;0;;;;;
2026-05-06;TM_O_PGSUSE010626C210.00;PGSUS_010626_AVRUPA_ESNEK OPS;D_EQ;SSO;D_EQ_ECP;DE_PGSUS_ECP;PGSUS.E;2026-06-01;1.54;0.86;79.07;0;0;0;0;0;0;0;0;0;400;0;;;;;
2026-05-06;TM_O_PGSUSE010626P210.00;PGSUS_010626_AVRUPA_ESNEK OPS;D_EQ;SSO;D_EQ_EPP;DE_PGSUS_EPP;PGSUS.E;2026-06-01;21.64;26.33;-17.81;0;0;0;0;0;0;0;0;0;0;0;;;;;
2026-05-06;TM_O_PGSUSE150526P183.00;PGSUS_150526_AVRUPA_ESNEK OPS;D_EQ;SSO;D_EQ_EPP;DE_PGSUS_EPP;PGSUS.E;2026-05-15;2.98;5.74;-48.08;0;0;0;0;0;0;0;0;0;110;0;;;;;
2026-05-06;TM_O_PGSUSE250526C214.00;PGSUS_250526_AVRUPA_ESNEK OPS;D_EQ;SSO;D_EQ_ECP;DE_PGSUS_ECP;PGSUS.E;2026-05-25;0.49;0.23;113.04;0;0;0;0;0;0;0;0;0;80;0;;;;;
2026-05-06;TM_O_PGSUSE250526P190.05;PGSUS_250526_AVRUPA_ESNEK OPS;D_EQ;SSO;D_EQ_EPP;DE_PGSUS_EPP;PGSUS.E;2026-05-25;7.43;10.75;-30.88;0;0;0;0;0;0;0;0;0;104;0;;;;;
2026-05-06;TM_O_PGSUSE250526P195.05;PGSUS_250526_AVRUPA_ESNEK OPS;D_EQ;SSO;D_EQ_EPP;DE_PGSUS_EPP;PGSUS.E;2026-05-25;10.5;14.39;-27.03;0;0;0;0;0;0;0;0;0;154;0;;;;;
2026-05-06;TM_O_PGSUSE250526P206.20;PGSUS_250526_AVRUPA_ESNEK OPS;D_EQ;SSO;D_EQ_EPP;DE_PGSUS_EPP;PGSUS.E;2026-05-25;19.06;23.86;-20.12;0;0;0;0;0;0;0;0;0;5000;0;;;;;
2026-05-06;TM_O_PGSUSE250526P216.00;PGSUS_250526_AVRUPA_ESNEK OPS;D_EQ;SSO;D_EQ_EPP;DE_PGSUS_EPP;PGSUS.E;2026-05-25;27.85;33.02;-15.66;0;0;0;0;0;0;0;0;0;48;0;;;;;
2026-05-06;TM_O_P_USDTRYKE250526P46200;FIZIKI_USDTRYK_250526_AVRUPA_ESN;D_CR;PCO;D_CR_EPP;DE_USDTRYKP_EPP;USDTRYKP.CX;2026-05-25;537;528.6;1.59;0;0;0;0;0;0;0;0;0;0;0;;;;;
2026-05-06;TM_O_SAHOLE060526C108.00;SAHOL_060526_AVRUPA_ESNEK OPS;D_EQ;SSO;D_EQ_ECP;DE_SAHOL_ECP;SAHOL.E;2026-05-06;0;0.01;0;0;0;0;0;0;0;0;0;0;0;0;;;;;
2026-05-06;TM_O_SAHOLE140526C107.50;SAHOL_140526_AVRUPA_ESNEK OPS;D_EQ;SSO;D_EQ_ECP;DE_SAHOL_ECP;SAHOL.E;2026-05-14;0.72;0.16;350;0;0;0;0;0;0;0;0;0;1100;0;;;;;
2026-05-06;TM_O_SAHOLE250526P100.05;SAHOL_250526_AVRUPA_ESNEK OPS;D_EQ;SSO;D_EQ_EPP;DE_SAHOL_EPP;SAHOL.E;2026-05-25;2.84;5.48;-48.18;0;0;0;0;0;0;0;0;0;350;0;;;;;
2026-05-06;TM_O_SAHOLE250526P91.00;SAHOL_250526_AVRUPA_ESNEK OPS;D_EQ;SSO;D_EQ_EPP;DE_SAHOL_EPP;SAHOL.E;2026-05-25;0.54;1.49;-63.76;0;0;0;0;0;0;0;0;0;330;0;;;;;
2026-05-06;TM_O_SAHOLE250526P98.01;SAHOL_250526_AVRUPA_ESNEK OPS;D_EQ;SSO;D_EQ_EPP;DE_SAHOL_EPP;SAHOL.E;2026-05-25;2.08;4.31;-51.74;0;0;0;0;0;0;0;0;0;102;0;;;;;
2026-05-06;TM_O_SISEE250526C48.50;SISE_250526_AVRUPA_ESNEK OPS;D_EQ;SSO;D_EQ_ECP;DE_SISE_ECP;SISE.E;2026-05-25;2.86;1.79;59.78;0;0;0;0;0;0;0;0;0;500;0;;;;;
2026-05-06;TM_O_TAVHLE250526P265.00;TAVHL_250526_AVRUPA_ESNEK OPS;D_EQ;SSO;D_EQ_EPP;DE_TAVHL_EPP;TAVHL.E;2026-05-25;1.5;3.56;-57.87;0;0;0;0;0;0;0;0;0;600;0;;;;;
2026-05-06;TM_O_TAVHLE250526P275.00;TAVHL_250526_AVRUPA_ESNEK OPS;D_EQ;SSO;D_EQ_EPP;DE_TAVHL_EPP;TAVHL.E;2026-05-25;3.06;6.84;-55.26;0;0;0;0;0;0;0;0;0;600;0;;;;;
2026-05-06;TM_O_TAVHLE250526P285.00;TAVHL_250526_AVRUPA_ESNEK OPS;D_EQ;SSO;D_EQ_EPP;DE_TAVHL_EPP;TAVHL.E;2026-05-25;5.79;11.64;-50.26;0;0;0;0;0;0;0;0;0;600;0;;;;;
2026-05-06;TM_O_TCELLE010626C125.00;TCELL_010626_AVRUPA_ESNEK OPS;D_EQ;SSO;D_EQ_ECP;DE_TCELL_ECP;TCELL.E;2026-06-01;3.19;2.37;34.6;0;0;0;0;0;0;0;0;0;500;0;;;;;
2026-05-06;TM_O_TCELLE250526C117.00;TCELL_250526_AVRUPA_ESNEK OPS;D_EQ;SSO;D_EQ_ECP;DE_TCELL_ECP;TCELL.E;2026-05-25;5.75;4.38;31.28;0;0;0;0;0;0;0;0;0;400;0;;;;;
2026-05-06;TM_O_TCELLE250526C137.00;TCELL_250526_AVRUPA_ESNEK OPS;D_EQ;SSO;D_EQ_ECP;DE_TCELL_ECP;TCELL.E;2026-05-25;0.4;0.24;66.67;0;0;0;0;0;0;0;0;0;1458;0;;;;;
2026-05-06;TM_O_TCELLE250526P104.90;TCELL_250526_AVRUPA_ESNEK OPS;D_EQ;SSO;D_EQ_EPP;DE_TCELL_EPP;TCELL.E;2026-05-25;0.31;0.49;-36.73;0;0;0;0;0;0;0;0;0;1000;0;;;;;
2026-05-06;TM_O_TCELLE250526P107.00;TCELL_250526_AVRUPA_ESNEK OPS;D_EQ;SSO;D_EQ_EPP;DE_TCELL_EPP;TCELL.E;2026-05-25;0.49;0.75;-34.67;0;0;0;0;0;0;0;0;0;290;0;;;;;
2026-05-06;TM_O_TCELLE250526P116.00;TCELL_250526_AVRUPA_ESNEK OPS;D_EQ;SSO;D_EQ_EPP;DE_TCELL_EPP;TCELL.E;2026-05-25;2.38;3.3;-27.88;0;0;0;0;0;0;0;0;0;850;0;;;;;
2026-05-06;TM_O_TCELLE250526P120.05;TCELL_250526_AVRUPA_ESNEK OPS;D_EQ;SSO;D_EQ_EPP;DE_TCELL_EPP;TCELL.E;2026-05-25;4.12;;0;1.55;1.35;1.55;1.35;1.51;8703625;109675;725;3;725;725;;;;;
2026-05-06;TM_O_TCELLE300626P115.04;TCELL_300626_AVRUPA_ESNEK OPS;D_EQ;SSO;D_EQ_EPP;DE_TCELL_EPP;TCELL.E;2026-06-30;3.22;3.83;-15.93;0;0;0;0;0;0;0;0;0;304;0;;;;;
2026-05-06;TM_O_TCELLE300626P115.05;TCELL_300626_AVRUPA_ESNEK OPS;D_EQ;SSO;D_EQ_EPP;DE_TCELL_EPP;TCELL.E;2026-06-30;3.22;3.83;-15.93;0;0;0;0;0;0;0;0;0;1000;0;;;;;
2026-05-06;TM_O_TCELLE300626P116.00;TCELL_300626_AVRUPA_ESNEK OPS;D_EQ;SSO;D_EQ_EPP;DE_TCELL_EPP;TCELL.E;2026-06-30;3.5;;0;2;2;2;2;2;11600000;200000;1000;2;1000;1000;;;;;
2026-05-06;TM_O_THYAOE010626P315.00;THYAO_010626_AVRUPA_ESNEK OPS;D_EQ;SSO;D_EQ_EPP;DE_THYAO_EPP;THYAO.E;2026-06-01;10.56;14.98;-29.51;0;0;0;0;0;0;0;0;0;640;0;;;;;
2026-05-06;TM_O_THYAOE080526C350.00;THYAO_080526_AVRUPA_ESNEK OPS;D_EQ;SSO;D_EQ_ECP;DE_THYAO_ECP;THYAO.E;2026-05-08;0.01;0.01;0;0;0;0;0;0;0;0;0;0;100;0;;;;;
2026-05-06;TM_O_THYAOE140526C345.00;THYAO_140526_AVRUPA_ESNEK OPS;D_EQ;SSO;D_EQ_ECP;DE_THYAO_ECP;THYAO.E;2026-05-14;0.24;0.09;166.67;0;0;0;0;0;0;0;0;0;300;0;;;;;
2026-05-06;TM_O_THYAOE250526C300.00;THYAO_05/2026_AVRUPA_OPSIYON;D_EQ;SSO;D_EQ_ECP;DE_THYAO_ECP;THYAO.E;2026-05-25;19.79;14.24;38.97;0;0;0;0;0;0;0;0;0;0;0;;;;;
2026-05-06;TM_O_THYAOE250526C313.00;THYAO_250526_AVRUPA_ESNEK OPS;D_EQ;SSO;D_EQ_ECP;DE_THYAO_ECP;THYAO.E;2026-05-25;11.84;7.93;49.31;0;0;0;0;0;0;0;0;0;65;0;;;;;
2026-05-06;TM_O_THYAOE250526C325.00;THYAO_250526_AVRUPA_ESNEK OPS;D_EQ;SSO;D_EQ_ECP;DE_THYAO_ECP;THYAO.E;2026-05-25;6.68;4.18;59.81;3.32;3.32;3.32;3.32;3.32;12187500;124500;375;2;407;375;;;;;
2026-05-06;TM_O_THYAOE250526C340.01;THYAO_250526_AVRUPA_ESNEK OPS;D_EQ;SSO;D_EQ_ECP;DE_THYAO_ECP;THYAO.E;2026-05-25;2.84;1.64;73.17;0;0;0;0;0;0;0;0;0;50;0;;;;;
2026-05-06;TM_O_THYAOE250526C349.99;THYAO_250526_AVRUPA_ESNEK OPS;D_EQ;SSO;D_EQ_ECP;DE_THYAO_ECP;THYAO.E;2026-05-25;1.48;0.81;82.72;0;0;0;0;0;0;0;0;0;295;0;;;;;
2026-05-06;TM_O_THYAOE250526P308.00;THYAO_250526_AVRUPA_ESNEK OPS;D_EQ;SSO;D_EQ_EPP;DE_THYAO_EPP;THYAO.E;2026-05-25;6.83;10.72;-36.29;0;0;0;0;0;0;0;0;0;787;0;;;;;
2026-05-06;TM_O_TOASOE250526P312.00;TOASO_250526_AVRUPA_ESNEK OPS;D_EQ;SSO;D_EQ_EPP;DE_TOASO_EPP;TOASO.E;2026-05-25;8.41;;0;6.7;4.87;6.7;4.87;5.79;11856000;219830;380;2;190;190;;;;;
2026-05-06;TM_O_TTKOME250526P64.01;TTKOM_250526_AVRUPA_ESNEK OPS;D_EQ;SSO;D_EQ_EPP;DE_TTKOM_EPP;TTKOM.E;2026-05-25;1.15;2.28;-49.56;0;0;0;0;0;0;0;0;0;120;0;;;;;
2026-05-06;TM_O_TTKOME250526P66.01;TTKOM_250526_AVRUPA_ESNEK OPS;D_EQ;SSO;D_EQ_EPP;DE_TTKOM_EPP;TTKOM.E;2026-05-25;1.91;;0;0.7;0.7;0.7;0.7;0.7;2158527;22890;327;1;327;327;;;;;
2026-05-06;TM_O_TTKOME250526P68.01;TTKOM_250526_AVRUPA_ESNEK OPS;D_EQ;SSO;D_EQ_EPP;DE_TTKOM_EPP;TTKOM.E;2026-05-25;2.94;4.82;-39;0;0;0;0;0;0;0;0;0;89;0;;;;;
2026-05-06;TM_O_TTKOME250526P68.02;TTKOM_250526_AVRUPA_ESNEK OPS;D_EQ;SSO;D_EQ_EPP;DE_TTKOM_EPP;TTKOM.E;2026-05-25;2.94;4.83;-39.13;0;0;0;0;0;0;0;0;0;325;0;;;;;
2026-05-06;TM_O_TTKOME250526P68.03;TTKOM_250526_AVRUPA_ESNEK OPS;D_EQ;SSO;D_EQ_EPP;DE_TTKOM_EPP;TTKOM.E;2026-05-25;2.95;4.84;-39.05;0;0;0;0;0;0;0;0;0;139;0;;;;;
2026-05-06;TM_O_TUPRSE010626C280.00;TUPRS_010626_AVRUPA_ESNEK OPS;D_EQ;SSO;D_EQ_ECP;DE_TUPRS_ECP;TUPRS.E;2026-06-01;11.31;11.53;-1.91;0;0;0;0;0;0;0;0;0;1000;0;;;;;
2026-05-06;TM_O_TUPRSE080526P235.00;TUPRS_080526_AVRUPA_ESNEK OPS;D_EQ;SSO;D_EQ_EPP;DE_TUPRS_EPP;TUPRS.E;2026-05-08;0.01;0.01;0;0;0;0;0;0;0;0;0;0;500;0;;;;;
2026-05-06;TM_O_TUPRSE080526P238.00;TUPRS_080526_AVRUPA_ESNEK OPS;D_EQ;SSO;D_EQ_EPP;DE_TUPRS_EPP;TUPRS.E;2026-05-08;0.01;0.01;0;0;0;0;0;0;0;0;0;0;0;0;;;;;
2026-05-06;TM_O_TUPRSE250526C285.00;TUPRS_250526_AVRUPA_ESNEK OPS;D_EQ;SSO;D_EQ_ECP;DE_TUPRS_ECP;TUPRS.E;2026-05-25;6.83;7.04;-2.98;0;0;0;0;0;0;0;0;0;100;0;;;;;
2026-05-06;TM_O_USDTRYKE010626C46500;USDTRY_010626_AVRUPA_ESNEK OPS;D_CR;CRO;D_CR_ECO;DE_USDTRYK_ECO;D_USDTRYK;2026-06-01;373.6;396.1;-5.68;0;0;0;0;0;0;0;0;0;10000;0;;;;;
2026-05-06;TM_O_USDTRYKE010626C51000;USDTRY_010626_AVRUPA_ESNEK OPS;D_CR;CRO;D_CR_ECO;DE_USDTRYK_ECO;D_USDTRYK;2026-06-01;130.3;140.6;-7.33;0;0;0;0;0;0;0;0;0;20000;0;;;;;
2026-05-06;TM_O_USDTRYKE010626C52000;USDTRY_010626_AVRUPA_ESNEK OPS;D_CR;CRO;D_CR_ECO;DE_USDTRYK_ECO;D_USDTRYK;2026-06-01;121;132.2;-8.47;0;0;0;0;0;520000000;1600000;10000;1;50000;0;;;;;
2026-05-06;TM_O_USDTRYKE030626C52000;USDTRY_030626_AVRUPA_ESNEK OPS;D_CR;CRO;D_CR_ECO;DE_USDTRYK_ECO;D_USDTRYK;2026-06-03;143.6;155;-7.35;0;0;0;0;0;520000000;1600000;10000;1;20000;0;;;;;
2026-05-06;TM_O_USDTRYKE040626C46500;USDTRY_040626_AVRUPA_ESNEK OPS;D_CR;CRO;D_CR_ECO;DE_USDTRYK_ECO;D_USDTRYK;2026-06-04;454.4;477.8;-4.9;0;0;0;0;0;0;0;0;0;5000;0;;;;;
2026-05-06;TM_O_USDTRYKE040626C47000;USDTRY_040626_AVRUPA_ESNEK OPS;D_CR;CRO;D_CR_ECO;DE_USDTRYK_ECO;D_USDTRYK;2026-06-04;334.8;358.4;-6.58;0;0;0;0;0;0;0;0;0;5000;0;;;;;
2026-05-06;TM_O_USDTRYKE040626C52000;USDTRY_040626_AVRUPA_ESNEK OPS;D_CR;CRO;D_CR_ECO;DE_USDTRYK_ECO;D_USDTRYK;2026-06-04;155.3;117.2;32.51;0;0;0;0;0;0;0;0;0;0;0;;;;;
2026-05-06;TM_O_USDTRYKE090626C47250;USDTRY_090626_AVRUPA_ESNEK OPS;D_CR;CRO;D_CR_ECO;DE_USDTRYK_ECO;D_USDTRYK;2026-06-09;414.6;412.5;0.51;0;0;0;0;0;0;0;0;0;20000;0;;;;;
2026-05-06;TM_O_USDTRYKE090626C53000;USDTRY_090626_AVRUPA_ESNEK OPS;D_CR;CRO;D_CR_ECO;DE_USDTRYK_ECO;D_USDTRYK;2026-06-09;133.2;140.8;-5.4;0;0;0;0;0;0;0;0;0;0;0;;;;;
2026-05-06;TM_O_USDTRYKE110526C46000;USDTRY_110526_AVRUPA_ESNEK OPS;D_CR;CRO;D_CR_ECO;DE_USDTRYK_ECO;D_USDTRYK;2026-05-11;85;82.9;2.53;0;0;0;0;0;0;0;0;0;0;0;;;;;
2026-05-06;TM_O_USDTRYKE110526P46000;USDTRY_110526_AVRUPA_ESNEK OPS;D_CR;CRO;D_CR_EPO;DE_USDTRYK_EPO;D_USDTRYK;2026-05-11;693.5;659;5.24;0;0;0;0;0;0;0;0;0;1000;0;;;;;
2026-05-06;TM_O_USDTRYKE110626C49000;USDTRY_110626_AVRUPA_ESNEK OPS;D_CR;CRO;D_CR_ECO;DE_USDTRYK_ECO;D_USDTRYK;2026-06-11;294.2;301;-2.26;0;0;0;0;0;0;0;0;0;1500;0;;;;;
2026-05-06;TM_O_USDTRYKE140526C46400;USDTRY_140526_AVRUPA_ESNEK OPS;D_CR;CRO;D_CR_ECO;DE_USDTRYK_ECO;D_USDTRYK;2026-05-14;50;65;-23.08;0;0;0;0;0;0;0;0;0;0;0;;;;;
2026-05-06;TM_O_USDTRYKE220526C46500;USDTRY_220526_AVRUPA_ESNEK OPS;D_CR;CRO;D_CR_ECO;DE_USDTRYK_ECO;D_USDTRYK;2026-05-22;164.7;177.5;-7.21;0;0;0;0;0;0;0;0;0;10000;0;;;;;
2026-05-06;TM_O_USDTRYKE220526C51000;USDTRY_220526_AVRUPA_ESNEK OPS;D_CR;CRO;D_CR_ECO;DE_USDTRYK_ECO;D_USDTRYK;2026-05-22;22.8;30.2;-24.5;0;0;0;0;0;0;0;0;0;0;0;;;;;
2026-05-06;TM_O_USDTRYKE220526C52000;USDTRY_220526_AVRUPA_ESNEK OPS;D_CR;CRO;D_CR_ECO;DE_USDTRYK_ECO;D_USDTRYK;2026-05-22;8.3;11.8;-29.66;0;0;0;0;0;0;0;0;0;0;0;;;;;
2026-05-06;TM_O_USDTRYKE250526C46500;USDTRY_05/2026_AVRUPA_OPSIYON;D_CR;CRO;D_CR_ECO;DE_USDTRYK_ECO;D_USDTRYK;2026-05-25;214.6;224.3;-4.32;160;160;170;170;169.5;930000000;3694910;20000;23;14101;-600;;;;;
2026-05-06;TM_O_USDTRYKE250526C51000;USDTRY_05/2026_AVRUPA_OPSIYON;D_CR;CRO;D_CR_ECO;DE_USDTRYK_ECO;D_USDTRYK;2026-05-25;58;68.5;-15.33;0;0;0;0;0;0;0;0;0;0;0;;;;;
2026-05-06;TM_O_USDTRYKE250526C52000;USDTRY_05/2026_AVRUPA_OPSIYON;D_CR;CRO;D_CR_ECO;DE_USDTRYK_ECO;D_USDTRYK;2026-05-25;26.5;34.3;-22.74;0;0;0;0;0;0;0;0;0;1;0;;;;;
2026-05-06;TM_O_USDTRYKE250526P45700;USDTRY_250526_AVRUPA_ESNEK OPS;D_CR;CRO;D_CR_EPO;DE_USDTRYK_EPO;D_USDTRYK;2026-05-25;292.2;289.8;0.83;0;0;0;0;0;0;0;0;0;200000;0;;;;;
2026-05-06;TM_O_USDTRYKE250526P46200;USDTRY_250526_AVRUPA_ESNEK OPS;D_CR;CRO;D_CR_EPO;DE_USDTRYK_EPO;D_USDTRYK;2026-05-25;537;528.6;1.59;0;0;0;0;0;0;0;0;0;75000;0;;;;;
2026-05-06;TM_O_USDTRYKE280726C56000;USDTRY_280726_AVRUPA_ESNEK OPS;D_CR;CRO;D_CR_ECO;DE_USDTRYK_ECO;D_USDTRYK;2026-07-28;487;494.9;-1.6;0;0;0;0;0;0;0;0;0;0;0;;;;;
2026-05-06;TM_O_USDTRYKE280726C57000;USDTRY_280726_AVRUPA_ESNEK OPS;D_CR;CRO;D_CR_ECO;DE_USDTRYK_ECO;D_USDTRYK;2026-07-28;448.2;456.3;-1.78;0;0;0;0;0;0;0;0;0;0;0;;;;;
2026-05-06;TM_O_USDTRYKE300626C47500;USDTRY_06/2026_AVRUPA_OPSIYON;D_CR;CRO;D_CR_ECO;DE_USDTRYK_ECO;D_USDTRYK;2026-06-30;815.4;814.5;0.11;596.3;570;600.7;570;586.9;617975000;7891663;13010;21;40300;8000;;;;;
2026-05-06;TM_O_USDTRYKE300626C54000;USDTRY_06/2026_AVRUPA_OPSIYON;D_CR;CRO;D_CR_ECO;DE_USDTRYK_ECO;D_USDTRYK;2026-06-30;308.7;317.7;-2.83;0;0;0;0;0;0;0;0;0;0;0;;;;;
2026-05-06;TM_O_USDTRYKE300626C55000;USDTRY_06/2026_AVRUPA_OPSIYON;D_CR;CRO;D_CR_ECO;DE_USDTRYK_ECO;D_USDTRYK;2026-06-30;289;299.1;-3.38;0;0;0;0;0;0;0;0;0;0;0;;;;;
2026-05-06;TM_O_USDTRYKE300626C56000;USDTRY_06/2026_AVRUPA_OPSIYON;D_CR;CRO;D_CR_ECO;DE_USDTRYK_ECO;D_USDTRYK;2026-06-30;275.2;286.3;-3.88;0;0;0;0;0;0;0;0;0;0;0;;;;;
2026-05-06;TM_O_USDTRYKE300626C57000;USDTRY_300626_AVRUPA_ESNEK OPS;D_CR;CRO;D_CR_ECO;DE_USDTRYK_ECO;D_USDTRYK;2026-06-30;265.8;277.9;-4.35;0;0;0;0;0;0;0;0;0;0;0;;;;;
2026-05-06;TM_O_USDTRYKE310726C48000;USDTRY_07/2026_AVRUPA_OPSIYON;D_CR;CRO;D_CR_ECO;DE_USDTRYK_ECO;D_USDTRYK;2026-07-31;1415.2;1403.7;0.82;1200;950;1200;950;1126.7;1037760000;23675245.5;21620;23;26820;10870;;;;;
2026-05-06;TM_O_VAKBNE250526P32.01;VAKBN_250526_AVRUPA_ESNEK OPS;D_EQ;SSO;D_EQ_EPP;DE_VAKBN_EPP;VAKBN.E;2026-05-25;1.23;;0;0.36;0.36;0.5;0.5;0.46;7170240;103040;2240;2;2240;2240;;;;;
2026-05-06;TM_O_YKBNKE250526C42.00;YKBNK_05/2026_AVRUPA_OPSIYON;D_EQ;SSO;D_EQ_ECP;DE_YKBNK_ECP;YKBNK.E;2026-05-25;0.31;0.12;158.33;0;0;0;0;0;0;0;0;0;0;0;;;;;
2026-05-06;TM_O_YKBNKE250526P35.10;YKBNK_250526_AVRUPA_ESNEK OPS;D_EQ;SSO;D_EQ_EPP;DE_YKBNK_EPP;YKBNK.E;2026-05-25;0.25;0.59;-57.63;0;0;0;0;0;0;0;0;0;850;0;;;;;
2026-05-06;TM_O_YKBNKE250526P39.50;YKBNK_250526_AVRUPA_ESNEK OPS;D_EQ;SSO;D_EQ_EPP;DE_YKBNK_EPP;YKBNK.E;2026-05-25;1.9;3.03;-37.29;0;0;0;0;0;0;0;0;0;250;0;;;;;
2026-05-06;TM_O_YKBNKE300626C43.00;YKBNK_06/2026_AVRUPA_OPSIYON;D_EQ;SSO;D_EQ_ECP;DE_YKBNK_ECP;YKBNK.E;2026-06-30;1.21;0.73;65.75;0;0;0;0;0;0;0;0;0;0;0;;;;;
