TARIH;SOZLESME KODU;SOZLESME ADI;PAZAR;PAZAR SEGMENTI;SOZLESME TIPI;SOZLESME SINIFI;DAYANAK VARLIK;VADE TARIHI;UZLASMA FIYATI;ONCEKI UZLASMA FIYATI;UZLASMA FIYATI DEGISIMI (%);ACILIS FIYATI;EN DUSUK FIYAT;EN YUKSEK FIYAT;KAPANIS FIYATI; AGIRLIKLI ORTALAMA FIYAT;ISLEM HACMI;PRIM HACMI;ISLEM MIKTARI;ISLEM SAYISI;ACIK POZISYON;ACIK POZISYON DEGISIMI;ACILIS SEANSI FIYATI;ACILIS SEANSI ISLEM HACMI;ACILIS SEANSI PRIM HACMI;ACILIS SEANSI ISLEM MIKTARI;ACILIS SEANSI ISLEM SAYISI
TRADE DATE;INSTRUMENT SERIES;INSTRUMENT NAME;MARKET;MARKET SEGMENT;INSTRUMENT TYPE;INSTRUMENT CLASS;UNDERLYING;EXPIRATION DATE;SETTLEMENT PRICE;PREVIOUS SETTLEMENT PRICE;CHANGE OF SETTLEMENT PRICE (%);OPENING PRICE;LOWEST PRICE;HIGHEST PRICE;CLOSING PRICE;VWAP;TRADED VALUE;PREMIUM VALUE;TRADE VOLUME;TRADE COUNT;OPEN POSITION;OPEN POSITION CHANGE;OPENING SESSION PRICE;TRADED VALUE AT OPENING SESSION;PREMIUM VALUE AT OPENING SESSION;TRADED VOLUME AT OPENING SESSION;TRADE COUNT AT OPENING SESSION
2025-10-16;F_AEFES1025;AEFES_10/2025_VIS;D_EQ;SSF;D_EQ_FPD;DE_AEFES_FPD;AEFES.E;2025-10-31;14.1;14.19;-0.63;14.19;14.01;14.53;14.09;14.24;250775329;0;176062;10036;343528;-8498;14.19;32637;0;23;3
2025-10-16;F_AEFES1125;AEFES_11/2025_VIS;D_EQ;SSF;D_EQ_FPD;DE_AEFES_FPD;AEFES.E;2025-11-28;14.43;14.63;-1.37;14.6;14.39;14.87;14.43;14.62;34547745;0;23625;1194;121362;-6638;14.6;1460;0;1;1
2025-10-16;F_AEFES1225;AEFES_12/2025_VIS;D_EQ;SSF;D_EQ_FPD;DE_AEFES_FPD;AEFES.E;2025-12-31;14.88;14.99;-0.73;15.47;14.85;15.47;14.87;15;834110;0;556;135;4213;220;;;;;
2025-10-16;F_AKBNK1025;AKBNK_10/2025_VIS;D_EQ;SSF;D_EQ_FPD;DE_AKBNK_FPD;AKBNK.E;2025-10-31;56.07;54.62;2.65;54.77;54.36;56.87;56.1;55.88;2730924819;0;488748;52119;559331;10915;54.77;547700;0;100;27
2025-10-16;F_AKBNK1125;AKBNK_11/2025_VIS;D_EQ;SSF;D_EQ_FPD;DE_AKBNK_FPD;AKBNK.E;2025-11-28;57.5;56.06;2.57;56;55.8;58.3;57.52;57.24;130071354;0;22723;3574;33929;35;;;;;
2025-10-16;F_AKBNK1225;AKBNK_12/2025_VIS;D_EQ;SSF;D_EQ_FPD;DE_AKBNK_FPD;AKBNK.E;2025-12-31;59.05;57.51;2.68;57.75;57.63;59.85;58.01;59.18;9486443;0;1603;184;3596;1360;;;;;
2025-10-16;F_AKSEN1025;AKSEN_10/2025_VIS;D_EQ;SSF;D_EQ_FPD;DE_AKSEN_FPD;AKSEN.E;2025-10-31;49.5;48.81;1.41;48.76;47.69;50.77;49.27;49.35;505197278;0;102373;14556;66446;7375;;;;;
2025-10-16;F_AKSEN1125;AKSEN_11/2025_VIS;D_EQ;SSF;D_EQ_FPD;DE_AKSEN_FPD;AKSEN.E;2025-11-28;50.48;49.96;1.04;49.5;48.89;51.9;50.21;50.56;32281150;0;6385;843;17193;1900;49.5;4950;0;1;1
2025-10-16;F_AKSEN1225;AKSEN_12/2025_VIS;D_EQ;SSF;D_EQ_FPD;DE_AKSEN_FPD;AKSEN.E;2025-12-31;52.11;51.44;1.3;50.93;50.28;53.6;52.2;51.58;2346947;0;455;120;890;211;;;;;
2025-10-16;F_ALARK1025;ALARK_10/2025_VIS;D_EQ;SSF;D_EQ_FPD;DE_ALARK_FPD;ALARK.E;2025-10-31;78.66;79.07;-0.52;79.2;78.31;80.64;78.7;79.75;105049499;0;13173;4427;71249;831;;;;;
2025-10-16;F_ALARK1125;ALARK_11/2025_VIS;D_EQ;SSF;D_EQ_FPD;DE_ALARK_FPD;ALARK.E;2025-11-28;80.78;81;-0.27;80.61;80.55;82.45;80.56;81.75;2722337;0;333;118;1309;-75;;;;;
2025-10-16;F_ALARK1225;ALARK_12/2025_VIS;D_EQ;SSF;D_EQ_FPD;DE_ALARK_FPD;ALARK.E;2025-12-31;83.68;82.86;0.99;84.5;83.44;84.5;83.5;83.68;41838;0;5;4;265;-2;;;;;
2025-10-16;F_ARCLK1025;ARCLK_10/2025_VIS;D_EQ;SSF;D_EQ_FPD;DE_ARCLK_FPD;ARCLK.E;2025-10-31;108.3;111.55;-2.91;112.35;107.95;112.35;108.05;109.6;153917240;0;14044;4608;32353;-1154;112.35;33705;0;3;1
2025-10-16;F_ARCLK1125;ARCLK_11/2025_VIS;D_EQ;SSF;D_EQ_FPD;DE_ARCLK_FPD;ARCLK.E;2025-11-28;111.1;114.05;-2.59;115.95;111;115.95;111;112.45;5082595;0;452;193;1322;269;;;;;
2025-10-16;F_ARCLK1225;ARCLK_12/2025_VIS;D_EQ;SSF;D_EQ_FPD;DE_ARCLK_FPD;ARCLK.E;2025-12-31;114.7;116.4;-1.46;117.2;114.6;117.2;114.6;116.01;3572995;0;308;124;760;298;;;;;
2025-10-16;F_ASELS1025;ASELS_10/2025_VIS;D_EQ;SSF;D_EQ_FPD;DE_ASELS_FPD;ASELS.E;2025-10-31;207;211.15;-1.97;211.15;206.7;213.6;207.05;210.58;1046934195;0;49716;11941;122710;-2247;;;;;
2025-10-16;F_ASELS1125;ASELS_11/2025_VIS;D_EQ;SSF;D_EQ_FPD;DE_ASELS_FPD;ASELS.E;2025-11-28;212.05;216;-1.83;215.6;211.9;218.65;211.95;216.41;110650075;0;5113;1285;7540;-105;;;;;
2025-10-16;F_ASELS1225;ASELS_12/2025_VIS;D_EQ;SSF;D_EQ_FPD;DE_ASELS_FPD;ASELS.E;2025-12-31;218.6;221.55;-1.33;224.95;218.6;224.95;218.6;220.69;2626230;0;119;96;713;29;;;;;
2025-10-16;F_ASTOR1025;ASTOR_10/2025_VIS;D_EQ;SSF;D_EQ_FPD;DE_ASTOR_FPD;ASTOR.E;2025-10-31;94.25;94.37;-0.13;94;93.07;95;94.38;93.99;294383213;0;31320;10990;86160;1770;;;;;
2025-10-16;F_ASTOR1125;ASTOR_11/2025_VIS;D_EQ;SSF;D_EQ_FPD;DE_ASTOR_FPD;ASTOR.E;2025-11-28;96.07;96.6;-0.55;96.77;95.55;97.1;96.33;96.49;17330475;0;1796;481;3142;192;;;;;
2025-10-16;F_ASTOR1225;ASTOR_12/2025_VIS;D_EQ;SSF;D_EQ_FPD;DE_ASTOR_FPD;ASTOR.E;2025-12-31;99.27;98.27;1.02;99.36;98.78;100.55;98.78;99.47;288476;0;29;19;300;-5;;;;;
2025-10-16;F_BIMAS1025;BIMAS_10/2025_VIS;D_EQ;SSF;D_EQ_FPD;DE_BIMAS_FPD;BIMAS.E;2025-10-31;546.9;555.3;-1.51;553;535.2;554.3;548;543.76;1136630520;0;20903;10286;24271;-19;;;;;
2025-10-16;F_BIMAS1125;BIMAS_11/2025_VIS;D_EQ;SSF;D_EQ_FPD;DE_BIMAS_FPD;BIMAS.E;2025-11-28;560.2;566.8;-1.16;568.8;549.3;568.8;560.9;556.55;16473920;0;296;208;621;-3;;;;;
2025-10-16;F_BIMAS1225;BIMAS_12/2025_VIS;D_EQ;SSF;D_EQ_FPD;DE_BIMAS_FPD;BIMAS.E;2025-12-31;569.2;589.4;-3.43;582;564.4;582;574;571.72;2629910;0;46;41;142;27;;;;;
2025-10-16;F_BRSAN1025;BRSAN_10/2025_VIS;D_EQ;SSF;D_EQ_FPD;DE_BRSAN_FPD;BRSAN.E;2025-10-31;400.65;409.15;-2.08;407.7;397.35;413.55;401.5;405.34;104009735;0;2566;1732;2412;111;;;;;
2025-10-16;F_BRSAN1125;BRSAN_11/2025_VIS;D_EQ;SSF;D_EQ_FPD;DE_BRSAN_FPD;BRSAN.E;2025-11-28;409.2;418.7;-2.27;420.75;408.1;420.75;409.3;411.69;1976105;0;48;28;287;8;;;;;
2025-10-16;F_BRSAN1225;BRSAN_12/2025_VIS;D_EQ;SSF;D_EQ_FPD;DE_BRSAN_FPD;BRSAN.E;2025-12-31;427.65;430.4;-0.64;426.6;421.15;429.65;421.15;427.66;3720650;0;87;9;9;-2;;;;;
2025-10-16;F_CIMSA1025;CIMSA_10/2025_VIS;D_EQ;SSF;D_EQ_FPD;DE_CIMSA_FPD;CIMSA.E;2025-10-31;42.83;43.61;-1.79;43.4;42.64;44.02;42.98;43.37;100576496;0;23191;5029;69882;-906;;;;;
2025-10-16;F_CIMSA1125;CIMSA_11/2025_VIS;D_EQ;SSF;D_EQ_FPD;DE_CIMSA_FPD;CIMSA.E;2025-11-28;43.89;44.61;-1.61;44.41;43.68;45.05;43.97;44.29;2090655;0;472;129;1817;73;;;;;
2025-10-16;F_CIMSA1225;CIMSA_12/2025_VIS;D_EQ;SSF;D_EQ_FPD;DE_CIMSA_FPD;CIMSA.E;2025-12-31;45.9;45.79;0.24;45.79;45.25;46.18;45.25;45.89;156019;0;34;12;283;30;;;;;
2025-10-16;F_CNHTRY1025;CNHTRY_10/2025_VIS;D_CR;CRF;D_CR_FUT;DE_CNHTRY_FUT;D_CNHTRY;2025-10-31;5.943;5.943;0;0;0;0;0;0;0;0;0;0;21;0;;;;;
2025-10-16;F_CNHTRY1125;CNHTRY_11/2025_VIS;D_CR;CRF;D_CR_FUT;DE_CNHTRY_FUT;D_CNHTRY;2025-11-28;6.1054;6.1054;0;0;0;0;0;0;0;0;0;0;25;0;;;;;
2025-10-16;F_CNHTRY1225;CNHTRY_12/2025_VIS;D_CR;CRF;D_CR_FUT;DE_CNHTRY_FUT;D_CNHTRY;2025-12-31;6.2817;6.2817;0;0;0;0;0;0;0;0;0;0;105;0;;;;;
2025-10-16;F_CNHTRY1226;CNHTRY_12/2026_VIS;D_CR;CRF;D_CR_FUT;DE_CNHTRY_FUT;D_CNHTRY;2026-12-31;8.217;8.217;0;0;0;0;0;0;0;0;0;0;0;0;;;;;
2025-10-16;F_DOAS1025;DOAS_10/2025_VIS;D_EQ;SSF;D_EQ_FPD;DE_DOAS_FPD;DOAS.E;2025-10-31;172.85;175.25;-1.37;175.9;172;179.25;172.45;175.73;62701150;0;3568;1948;5758;188;;;;;
2025-10-16;F_DOAS1125;DOAS_11/2025_VIS;D_EQ;SSF;D_EQ_FPD;DE_DOAS_FPD;DOAS.E;2025-11-28;177.3;179.6;-1.28;179.45;176.95;183.35;177.8;180.04;1350270;0;75;63;272;14;;;;;
2025-10-16;F_DOAS1225;DOAS_12/2025_VIS;D_EQ;SSF;D_EQ_FPD;DE_DOAS_FPD;DOAS.E;2025-12-31;183.3;184.45;-0.62;187.7;179;187.7;181.8;182.95;585435;0;32;21;122;3;;;;;
2025-10-16;F_DOHOL1025;DOHOL_10/2025_VIS;D_EQ;SSF;D_EQ_FPD;DE_DOHOL_FPD;DOHOL.E;2025-10-31;18.35;18.58;-1.24;18.6;18.29;18.86;18.39;18.51;179790782;0;97113;6364;244491;15710;18.6;1860;0;1;1
2025-10-16;F_DOHOL1125;DOHOL_11/2025_VIS;D_EQ;SSF;D_EQ_FPD;DE_DOHOL_FPD;DOHOL.E;2025-11-28;18.85;18.99;-0.74;19;18.74;19.3;18.81;19.05;14611188;0;7671;538;16489;2715;;;;;
2025-10-16;F_DOHOL1225;DOHOL_12/2025_VIS;D_EQ;SSF;D_EQ_FPD;DE_DOHOL_FPD;DOHOL.E;2025-12-31;19.36;19.19;0.89;19.4;19.3;19.8;19.3;19.46;192640;0;99;31;543;34;;;;;
2025-10-16;F_EKGYO1025;EKGYO_10/2025_VIS;D_EQ;SSF;D_EQ_FPD;DE_EKGYO_FPD;EKGYO.E;2025-10-31;18.74;18.91;-0.9;18.8;18.45;19.14;18.73;18.81;909039568;0;483220;15826;763746;-17928;18.8;56400;0;30;10
2025-10-16;F_EKGYO1125;EKGYO_11/2025_VIS;D_EQ;SSF;D_EQ_FPD;DE_EKGYO_FPD;EKGYO.E;2025-11-28;19.21;19.38;-0.88;19.34;18.94;19.58;19.17;19.27;34578857;0;17943;920;36625;1483;;;;;
2025-10-16;F_EKGYO1225;EKGYO_12/2025_VIS;D_EQ;SSF;D_EQ_FPD;DE_EKGYO_FPD;EKGYO.E;2025-12-31;20.01;19.89;0.6;19.99;19.67;20.13;19.8;19.94;237281;0;119;45;2142;76;;;;;
2025-10-16;F_ELCBAS0126;BY ELEKTRIK_01/2026_VIS;D_EL;ENF;D_EL_FUT;DE_ELCBAS01B_FUT;D_ELCBAS01;2026-02-02;2249.1;2249.1;0;0;0;0;0;0;0;0;0;0;0;0;;;;;
2025-10-16;F_ELCBAS0226;BY ELEKTRIK_02/2026_VIS;D_EL;ENF;D_EL_FUT;DE_ELCBAS02B_FUT;D_ELCBAS02;2026-03-02;2977.8;2977.8;0;0;0;0;0;0;0;0;0;0;0;0;;;;;
2025-10-16;F_ELCBAS0326;BY ELEKTRIK_03/2026_VIS;D_EL;ENF;D_EL_FUT;DE_ELCBAS03B_FUT;D_ELCBAS03;2026-03-31;2939;2939;0;0;0;0;0;0;0;0;0;0;0;0;;;;;
2025-10-16;F_ELCBAS0426;BY ELEKTRIK_04/2026_VIS;D_EL;ENF;D_EL_FUT;DE_ELCBAS04B_FUT;D_ELCBAS04;2026-04-30;2714.2;2714.2;0;0;0;0;0;0;0;0;0;0;0;0;;;;;
2025-10-16;F_ELCBAS1025;BY ELEKTRIK_10/2025_VIS;D_EL;ENF;D_EL_FUT;DE_ELCBAS10B_FUT;D_ELCBAS10;2025-10-31;2145.7;2145.7;0;0;0;0;0;0;0;0;0;0;0;0;;;;;
2025-10-16;F_ELCBAS1125;BY ELEKTRIK_11/2025_VIS;D_EL;ENF;D_EL_FUT;DE_ELCBAS11B_FUT;D_ELCBAS11;2025-12-01;2475.1;2475.1;0;0;0;0;0;0;0;0;0;0;0;0;;;;;
2025-10-16;F_ELCBAS1225;BY ELEKTRIK_12/2025_VIS;D_EL;ENF;D_EL_FUT;DE_ELCBAS12B_FUT;D_ELCBAS12;2025-12-31;2452.3;2452.3;0;0;0;0;0;0;0;0;0;0;0;0;;;;;
2025-10-16;F_ELCBASQ126;BY ELEKTRIK_Q1/2025_CASC VIS;D_EL;ENF;D_EL_FUT;DE_ELCBASQ1B_FUT;D_ELCBASQ1;2025-12-30;2450;2450;0;0;0;0;0;0;0;0;0;0;0;0;;;;;
2025-10-16;F_ELCBASQ127;BY ELEKTRIK_Q1/2026_CASC VIS;D_EL;ENF;D_EL_FUT;DE_ELCBASQ1B_FUT;D_ELCBASQ1;2026-12-30;2443.2;2443.2;0;0;0;0;0;0;0;0;0;0;0;0;;;;;
2025-10-16;F_ELCBASQ226;BY ELEKTRIK_Q2/2026_CASC VIS;D_EL;ENF;D_EL_FUT;DE_ELCBASQ2B_FUT;D_ELCBASQ2;2026-03-30;3100;3100;0;0;0;0;0;0;0;0;0;0;0;0;;;;;
2025-10-16;F_ELCBASQ227;BY ELEKTRIK_Q2/2027_CASC VIS;D_EL;ENF;D_EL_FUT;DE_ELCBASQ2B_FUT;D_ELCBASQ2;2027-03-30;2443.2;2443.2;0;0;0;0;0;0;0;0;0;0;0;0;;;;;
2025-10-16;F_ELCBASQ326;BY ELEKTRIK_Q3/2026_CASC VIS;D_EL;ENF;D_EL_FUT;DE_ELCBASQ3B_FUT;D_ELCBASQ3;2026-06-29;3800;3800;0;0;0;0;0;0;0;0;0;0;0;0;;;;;
2025-10-16;F_ELCBASQ327;BY ELEKTRIK_Q3/2027_CASC VIS;D_EL;ENF;D_EL_FUT;DE_ELCBASQ3B_FUT;D_ELCBASQ3;2027-06-29;2443.2;2443.2;0;0;0;0;0;0;0;0;0;0;0;0;;;;;
2025-10-16;F_ELCBASQ426;BY ELEKTRIK_Q4/2026_CASC VIS;D_EL;ENF;D_EL_FUT;DE_ELCBASQ4B_FUT;D_ELCBASQ4;2026-09-29;3700;3700;0;0;0;0;0;0;0;0;0;0;0;0;;;;;
2025-10-16;F_ELCBASQ427;BY ELEKTRIK_Q4/2027_CASC VIS;D_EL;ENF;D_EL_FUT;DE_ELCBASQ4B_FUT;D_ELCBASQ4;2027-09-29;2443.2;2443.2;0;0;0;0;0;0;0;0;0;0;0;0;;;;;
2025-10-16;F_ELCBASY26;BY ELEKTRIK_2025_CASC VIS;D_EL;ENF;D_EL_FUT;DE_ELCBASYB_FUT;D_ELCBASY;2025-12-26;3263;3263;0;0;0;0;0;0;0;0;0;0;0;0;;;;;
2025-10-16;F_ELCBASY27;BY ELEKTRIK_2026_CASC VIS;D_EL;ENF;D_EL_FUT;DE_ELCBASYB_FUT;D_ELCBASY;2026-12-28;2443.2;2443.2;0;0;0;0;0;0;0;0;0;0;0;0;;;;;
2025-10-16;F_ENJSA1025;ENJSA_10/2025_VIS;D_EQ;SSF;D_EQ_FPD;DE_ENJSA_FPD;ENJSA.E;2025-10-31;78.3;80.42;-2.64;80.65;77.99;81.94;78.3;79.79;116610486;0;14614;3932;76967;61;80.65;596810;0;74;8
2025-10-16;F_ENJSA1125;ENJSA_11/2025_VIS;D_EQ;SSF;D_EQ_FPD;DE_ENJSA_FPD;ENJSA.E;2025-11-28;79.4;81.24;-2.26;81.04;79.15;82.75;79.21;80.72;3963248;0;491;190;1607;112;;;;;
2025-10-16;F_ENJSA1225;ENJSA_12/2025_VIS;D_EQ;SSF;D_EQ_FPD;DE_ENJSA_FPD;ENJSA.E;2025-12-31;82.4;82.12;0.34;83.47;81.81;85;82.49;83.41;458766;0;55;35;61;-7;;;;;
2025-10-16;F_ENKAI1025;ENKAI_10/2025_VIS;D_EQ;SSF;D_EQ_FPD;DE_ENKAI_FPD;ENKAI.E;2025-10-31;71.81;74.38;-3.46;74.3;71.08;75.12;71.83;73;306582553;0;41997;10899;53876;-604;;;;;
2025-10-16;F_ENKAI1125;ENKAI_11/2025_VIS;D_EQ;SSF;D_EQ_FPD;DE_ENKAI_FPD;ENKAI.E;2025-11-28;73.49;76.45;-3.87;75.66;72.9;76.74;73.57;74.29;20140637;0;2711;524;3620;1232;;;;;
2025-10-16;F_ENKAI1225;ENKAI_12/2025_VIS;D_EQ;SSF;D_EQ_FPD;DE_ENKAI_FPD;ENKAI.E;2025-12-31;75.69;78.3;-3.33;78.18;75.6;78.64;75.6;76.65;1119101;0;146;50;196;115;;;;;
2025-10-16;F_EREGL1025;EREGL_10/2025_VIS;D_EQ;SSF;D_EQ_FPD;DE_EREGL_FPD;EREGL.E;2025-10-31;27.5;28.19;-2.45;28.15;27.47;28.19;27.51;27.74;1324849846;0;477612;16426;662686;-112679;28.15;2750255;0;977;9
2025-10-16;F_EREGL1125;EREGL_11/2025_VIS;D_EQ;SSF;D_EQ_FPD;DE_EREGL_FPD;EREGL.E;2025-11-28;28.23;28.86;-2.18;28.8;28.21;28.91;28.21;28.45;37603296;0;13218;869;21859;1912;;;;;
2025-10-16;F_EREGL1225;EREGL_12/2025_VIS;D_EQ;SSF;D_EQ_FPD;DE_EREGL_FPD;EREGL.E;2025-12-31;29.16;29.59;-1.45;29.56;29.05;29.58;29.19;29.28;992579;0;339;62;1286;80;;;;;
2025-10-16;F_EURTRY1025;EURTRY_10/2025_VIS;D_CR;CRF;D_CR_FUT;DE_EURTRY_FUT;D_EURTRY;2025-10-31;49.467;49.319;0.3;49.423;49.367;49.511;49.511;49.4423;2323787;0;47;16;8329;-8;;;;;
2025-10-16;F_EURTRY1125;EURTRY_11/2025_VIS;D_CR;CRF;D_CR_FUT;DE_EURTRY_FUT;D_EURTRY;2025-11-28;50.791;50.713;0.15;50.693;50.693;50.85;50.8;50.7916;28494060;0;561;38;1164;435;;;;;
2025-10-16;F_EURTRY1225;EURTRY_12/2025_VIS;D_CR;CRF;D_CR_FUT;DE_EURTRY_FUT;D_EURTRY;2025-12-31;52.351;52.25;0.19;52.275;52.275;52.4;52.4;52.3373;1413106;0;27;11;11530;6;;;;;
2025-10-16;F_EURTRY1226;EURTRY_12/2026_VIS;D_CR;CRF;D_CR_FUT;DE_EURTRY_FUT;D_EURTRY;2026-12-31;70.074;70;0.11;70.4;70;70.4;70.2;70.0744;981042;0;14;9;120;11;;;;;
2025-10-16;F_EURUSD1025;EURUSD_10/2025_VIS;D_CR;CRFU;D_CR_FUT;DE_EURUSD_FUT;D_EURUSD;2025-10-31;1.1685;1.1633;0.45;1.167;1.1656;1.1688;1.1687;1.1674;204761413.54154;0;4200;320;23906;-336;;;;;
2025-10-16;F_EURUSD1125;EURUSD_11/2025_VIS;D_CR;CRFU;D_CR_FUT;DE_EURUSD_FUT;D_EURUSD;2025-11-28;1.1703;1.1654;0.42;1.1692;1.1672;1.1707;1.1704;1.1697;71169170.56947;0;1457;88;2144;877;;;;;
2025-10-16;F_EURUSD1225;EURUSD_12/2025_VIS;D_CR;CRFU;D_CR_FUT;DE_EURUSD_FUT;D_EURUSD;2025-12-31;1.1735;1.1694;0.35;1.1704;1.17;1.1738;1.1737;1.1713;38936086.8683;0;796;90;5146;102;1.1704;48877.19144;0;1;1
2025-10-16;F_EURUSD1226;EURUSD_12/2026_VIS;D_CR;CRFU;D_CR_FUT;DE_EURUSD_FUT;D_EURUSD;2026-12-31;1.191;1.1852;0.49;1.1919;1.188;1.1957;1.19;1.191;1144007.74951;0;23;10;234;1;;;;;
2025-10-16;F_FROTO1025;FROTO_10/2025_VIS;D_EQ;SSF;D_EQ_FPD;DE_FROTO_FPD;FROTO.E;2025-10-31;91.65;93.15;-1.61;93.15;91.07;93.53;91.74;92.31;243636744;0;26393;6801;56851;1977;93.15;18630;0;2;1
2025-10-16;F_FROTO1125;FROTO_11/2025_VIS;D_EQ;SSF;D_EQ_FPD;DE_FROTO_FPD;FROTO.E;2025-11-28;91.54;93.02;-1.59;93.45;90.85;93.54;91.72;92.28;22330962;0;2420;412;8214;259;;;;;
2025-10-16;F_FROTO1225;FROTO_12/2025_VIS;D_EQ;SSF;D_EQ_FPD;DE_FROTO_FPD;FROTO.E;2025-12-31;94.07;96.03;-2.04;90.1;90.1;96;93.01;94.09;244639;0;26;15;533;10;;;;;
2025-10-16;F_GARAN1025;GARAN_10/2025_VIS;D_EQ;SSF;D_EQ_FPD;DE_GARAN_FPD;GARAN.E;2025-10-31;122.15;120.9;1.03;121.05;119.25;123.6;122.15;121.89;1584437070;0;129985;19479;142203;-6708;121.05;689985;0;57;11
2025-10-16;F_GARAN1125;GARAN_11/2025_VIS;D_EQ;SSF;D_EQ_FPD;DE_GARAN_FPD;GARAN.E;2025-11-28;125.4;123.85;1.25;123.5;122.5;126.55;125.15;125.02;109238865;0;8738;1327;11500;4337;;;;;
2025-10-16;F_GARAN1225;GARAN_12/2025_VIS;D_EQ;SSF;D_EQ_FPD;DE_GARAN_FPD;GARAN.E;2025-12-31;128.9;127.05;1.46;128.05;126.35;130;129.05;128.95;5996325;0;465;157;961;106;;;;;
2025-10-16;F_GBPUSD1025;GBPUSD_10/2025_VIS;D_CR;CRFU;D_CR_FUT;DE_GBPUSD_FUT;D_GBPUSD;2025-10-31;1.3439;1.3358;0.61;1.3423;1.3423;1.3454;1.345;1.3439;1234737.91537;0;22;4;117;-11;;;;;
2025-10-16;F_GBPUSD1125;GBPUSD_11/2025_VIS;D_CR;CRFU;D_CR_FUT;DE_GBPUSD_FUT;D_GBPUSD;2025-11-28;1.3412;1.3412;0;0;0;0;0;0;0;0;0;0;26;0;;;;;
2025-10-16;F_GBPUSD1225;GBPUSD_12/2025_VIS;D_CR;CRFU;D_CR_FUT;DE_GBPUSD_FUT;D_GBPUSD;2025-12-31;1.3421;1.3349;0.54;1.348;1.3361;1.348;1.3361;1.3421;112090.96851;0;2;2;41;-1;;;;;
2025-10-16;F_GBPUSD1226;GBPUSD_12/2026_VIS;D_CR;CRFU;D_CR_FUT;DE_GBPUSD_FUT;D_GBPUSD;2026-12-31;1.32;1.32;0;0;0;0;0;0;0;0;0;0;1;0;;;;;
2025-10-16;F_GUBRF1025;GUBRF_10/2025_VIS;D_EQ;SSF;D_EQ_FPD;DE_GUBRF_FPD;GUBRF.E;2025-10-31;277.4;280.45;-1.09;279.7;274.2;282.75;277.5;278.45;308548985;0;11081;5576;36536;1153;279.7;27970;0;1;1
2025-10-16;F_GUBRF1125;GUBRF_11/2025_VIS;D_EQ;SSF;D_EQ_FPD;DE_GUBRF_FPD;GUBRF.E;2025-11-28;284.2;288;-1.32;287.6;281.15;289.85;284.6;284.13;9887710;0;348;159;1926;40;;;;;
2025-10-16;F_GUBRF1225;GUBRF_12/2025_VIS;D_EQ;SSF;D_EQ_FPD;DE_GUBRF_FPD;GUBRF.E;2025-12-31;293.2;299.3;-2.04;297.4;290;299.1;293.7;293.31;5924875;0;202;102;3628;-35;;;;;
2025-10-16;F_HALKB1025;HALKB_10/2025_VIS;D_EQ;SSF;D_EQ_FPD;DE_HALKB_FPD;HALKB.E;2025-10-31;26.12;26.23;-0.42;26.07;25.9;26.99;26.13;26.4;425737231;0;161277;11524;294495;-4884;;;;;
2025-10-16;F_HALKB1125;HALKB_11/2025_VIS;D_EQ;SSF;D_EQ_FPD;DE_HALKB_FPD;HALKB.E;2025-11-28;26.75;26.91;-0.59;26.58;26.56;27.61;26.75;27.05;26799129;0;9907;758;20429;-951;26.58;79740;0;30;3
2025-10-16;F_HALKB1225;HALKB_12/2025_VIS;D_EQ;SSF;D_EQ_FPD;DE_HALKB_FPD;HALKB.E;2025-12-31;27.53;27.49;0.15;28.01;27.32;28.41;27.4;27.82;731760;0;263;97;1267;51;;;;;
2025-10-16;F_HEKTS1025;HEKTS_10/2025_VIS;D_EQ;SSF;D_EQ_FPD;DE_HEKTS_FPD;HEKTS.E;2025-10-31;3.27;3.41;-4.11;3.38;3.25;3.43;3.28;3.32;149721821;0;450548;3078;444703;-4252;3.38;145340;0;430;7
2025-10-16;F_HEKTS1125;HEKTS_11/2025_VIS;D_EQ;SSF;D_EQ_FPD;DE_HEKTS_FPD;HEKTS.E;2025-11-28;3.34;3.49;-4.3;3.5;3.33;3.52;3.35;3.42;7544694;0;22048;335;40548;9853;;;;;
2025-10-16;F_HEKTS1225;HEKTS_12/2025_VIS;D_EQ;SSF;D_EQ_FPD;DE_HEKTS_FPD;HEKTS.E;2025-12-31;3.47;3.56;-2.53;3.59;3.45;3.61;3.47;3.49;340404;0;975;112;4033;570;;;;;
2025-10-16;F_ISCTR1025;ISCTR_10/2025_VIS;D_EQ;SSF;D_EQ_FPD;DE_ISCTR_FPD;ISCTR.E;2025-10-31;11.76;12.01;-2.08;11.97;11.68;12.1;11.75;11.88;1804446480;0;1518815;22897;1996495;60868;11.97;57456;0;48;9
2025-10-16;F_ISCTR1125;ISCTR_11/2025_VIS;D_EQ;SSF;D_EQ_FPD;DE_ISCTR_FPD;ISCTR.E;2025-11-28;12.08;12.31;-1.87;12.26;11.99;12.39;12.06;12.18;52385632;0;43004;1237;87336;22180;;;;;
2025-10-16;F_ISCTR1225;ISCTR_12/2025_VIS;D_EQ;SSF;D_EQ_FPD;DE_ISCTR_FPD;ISCTR.E;2025-12-31;12.4;12.72;-2.52;12.64;12.4;12.74;12.42;12.63;1818626;0;1440;188;14576;1069;;;;;
2025-10-16;F_KCHOL1025;KCHOL_10/2025_VIS;D_EQ;SSF;D_EQ_FPD;DE_KCHOL_FPD;KCHOL.E;2025-10-31;158.3;161.1;-1.74;161.3;157.6;162.25;158.25;160.01;868237540;0;54263;10625;278364;8123;161.3;467770;0;29;6
2025-10-16;F_KCHOL1125;KCHOL_11/2025_VIS;D_EQ;SSF;D_EQ_FPD;DE_KCHOL_FPD;KCHOL.E;2025-11-28;162.55;165;-1.48;165;161.85;166.35;162.45;164.62;71084820;0;4318;546;10995;1557;;;;;
2025-10-16;F_KCHOL1225;KCHOL_12/2025_VIS;D_EQ;SSF;D_EQ_FPD;DE_KCHOL_FPD;KCHOL.E;2025-12-31;168.1;170.1;-1.18;169.45;167;170.6;169.35;169.66;11180385;0;659;228;1476;632;;;;;
2025-10-16;F_KONTR1025;KONTR_10/2025_VIS;D_EQ;SSF;D_EQ_FPD;DE_KONTR_FPD;KONTR.E;2025-10-31;30.88;31.89;-3.17;31.58;30.73;32.06;30.89;31.36;438640358;0;139872;14683;71514;-2518;31.58;85266;0;27;10
2025-10-16;F_KONTR1125;KONTR_11/2025_VIS;D_EQ;SSF;D_EQ_FPD;DE_KONTR_FPD;KONTR.E;2025-11-28;31.6;32.58;-3.01;32.51;31.46;32.65;31.6;32;9984948;0;3120;563;6995;1205;;;;;
2025-10-16;F_KONTR1225;KONTR_12/2025_VIS;D_EQ;SSF;D_EQ_FPD;DE_KONTR_FPD;KONTR.E;2025-12-31;32.97;33.75;-2.31;33.45;32.5;33.65;32.64;33.26;1503574;0;452;96;896;298;;;;;
2025-10-16;F_KOZAA1025;KOZAA_10/2025_VIS;D_EQ;SSF;D_EQ_FPD;DE_KOZAA_FPD;KOZAA.E;2025-10-31;92.54;91.42;1.23;90.91;90.7;93.47;92.8;92.29;275363247;0;29836;8321;55625;2453;90.91;18182;0;2;1
2025-10-16;F_KOZAA1125;KOZAA_11/2025_VIS;D_EQ;SSF;D_EQ_FPD;DE_KOZAA_FPD;KOZAA.E;2025-11-28;94.83;93.9;0.99;93.9;93.85;95.62;94.92;94.55;8386361;0;887;409;2763;641;;;;;
2025-10-16;F_KOZAA1225;KOZAA_12/2025_VIS;D_EQ;SSF;D_EQ_FPD;DE_KOZAA_FPD;KOZAA.E;2025-12-31;97.38;96.72;0.68;96.27;96.27;97.79;97.79;97.52;429108;0;44;20;127;30;;;;;
2025-10-16;F_KOZAL1025;KOZAL_10/2025_VIS;D_EQ;SSF;D_EQ_FPD;DE_KOZAL_FPD;KOZAL.E;2025-10-31;25.35;24.48;3.55;24.36;24.08;25.44;25.36;25.04;577529428;0;230611;15861;238592;21071;;;;;
2025-10-16;F_KOZAL1125;KOZAL_11/2025_VIS;D_EQ;SSF;D_EQ_FPD;DE_KOZAL_FPD;KOZAL.E;2025-11-28;25.99;25.14;3.38;25.18;24.71;26.01;26;25.68;30337542;0;11815;975;19207;4115;;;;;
2025-10-16;F_KOZAL1225;KOZAL_12/2025_VIS;D_EQ;SSF;D_EQ_FPD;DE_KOZAL_FPD;KOZAL.E;2025-12-31;26.53;25.82;2.75;25.6;25.4;26.69;26.6;26.4;541164;0;205;59;812;131;;;;;
2025-10-16;F_KRDMD1025;KRDMD_10/2025_VIS;D_EQ;SSF;D_EQ_FPD;DE_KRDMD_FPD;KRDMD.E;2025-10-31;25.21;25.77;-2.17;25.72;24.9;25.9;25.28;25.4;262488017;0;103344;8186;209782;-8379;25.72;51440;0;20;2
2025-10-16;F_KRDMD1125;KRDMD_11/2025_VIS;D_EQ;SSF;D_EQ_FPD;DE_KRDMD_FPD;KRDMD.E;2025-11-28;25.84;26.42;-2.2;26.34;25.55;26.55;25.94;26.03;11447992;0;4398;513;13326;545;;;;;
2025-10-16;F_KRDMD1225;KRDMD_12/2025_VIS;D_EQ;SSF;D_EQ_FPD;DE_KRDMD_FPD;KRDMD.E;2025-12-31;26.75;27.08;-1.22;27.45;26.5;27.91;27.53;26.86;3104975;0;1156;99;2003;1080;;;;;
2025-10-16;F_MGROS1025;MGROS_10/2025_VIS;D_EQ;SSF;D_EQ_FPD;DE_MGROS_FPD;MGROS.E;2025-10-31;443.95;451.2;-1.61;453;442.8;453.05;443.1;448.2;217065635;0;4843;3137;17391;-690;453;45300;0;1;1
2025-10-16;F_MGROS1125;MGROS_11/2025_VIS;D_EQ;SSF;D_EQ_FPD;DE_MGROS_FPD;MGROS.E;2025-11-28;456.4;461.8;-1.17;460.7;454.05;464.25;455.6;458.45;23472510;0;512;219;1813;245;;;;;
2025-10-16;F_MGROS1225;MGROS_12/2025_VIS;D_EQ;SSF;D_EQ_FPD;DE_MGROS_FPD;MGROS.E;2025-12-31;471.55;474.15;-0.55;470;469.5;475.05;470;472.27;1416800;0;30;18;82;-2;;;;;
2025-10-16;F_ODAS1025;ODAS_10/2025_VIS;D_EQ;SSF;D_EQ_FPD;DE_ODAS_FPD;ODAS.E;2025-10-31;5.27;5.32;-0.94;5.31;5.24;5.38;5.27;5.32;95147828;0;178917;3084;325827;4533;5.31;7965;0;15;4
2025-10-16;F_ODAS1125;ODAS_11/2025_VIS;D_EQ;SSF;D_EQ_FPD;DE_ODAS_FPD;ODAS.E;2025-11-28;5.4;5.46;-1.1;5.45;5.39;5.5;5.41;5.46;3517762;0;6440;201;54223;3922;;;;;
2025-10-16;F_ODAS1225;ODAS_12/2025_VIS;D_EQ;SSF;D_EQ_FPD;DE_ODAS_FPD;ODAS.E;2025-12-31;5.59;5.57;0.36;5.63;5.56;5.67;5.56;5.6;257204;0;459;32;1345;243;;;;;
2025-10-16;F_OYAKC1025;OYAKC_10/2025_VIS;D_EQ;SSF;D_EQ_FPD;DE_OYAKC_FPD;OYAKC.E;2025-10-31;20.43;20.94;-2.44;20.89;20.22;21.08;20.46;20.54;147689849;0;71906;5119;200446;6581;20.89;104450;0;50;2
2025-10-16;F_OYAKC1125;OYAKC_11/2025_VIS;D_EQ;SSF;D_EQ_FPD;DE_OYAKC_FPD;OYAKC.E;2025-11-28;20.95;21.52;-2.65;21.4;20.75;21.56;21.04;21.01;19197570;0;9139;383;27815;7725;;;;;
2025-10-16;F_OYAKC1225;OYAKC_12/2025_VIS;D_EQ;SSF;D_EQ_FPD;DE_OYAKC_FPD;OYAKC.E;2025-12-31;21.66;22.13;-2.12;22;21.5;22;22;21.79;95894;0;44;25;498;37;;;;;
2025-10-16;F_PETKM1025;PETKM_10/2025_VIS;D_EQ;SSF;D_EQ_FPD;DE_PETKM_FPD;PETKM.E;2025-10-31;19.11;21.23;-9.99;21.21;19.11;21.79;19.11;20.26;1851793262;0;914006;31897;445556;-82362;21.21;40299;0;19;4
2025-10-16;F_PETKM1125;PETKM_11/2025_VIS;D_EQ;SSF;D_EQ_FPD;DE_PETKM_FPD;PETKM.E;2025-11-28;19.6;21.77;-9.97;21.78;19.6;22.31;19.6;20.75;108756857;0;52413;2626;52630;9836;;;;;
2025-10-16;F_PETKM1225;PETKM_12/2025_VIS;D_EQ;SSF;D_EQ_FPD;DE_PETKM_FPD;PETKM.E;2025-12-31;20.3;22.1;-8.14;22.57;19.89;22.76;19.89;20.5;2386619;0;1164;144;641;331;;;;;
2025-10-16;F_PGSUS1025;PGSUS_10/2025_VIS;D_EQ;SSF;D_EQ_FPD;DE_PGSUS_FPD;PGSUS.E;2025-10-31;210.85;212.8;-0.92;212.8;210.1;215.6;210.85;212.87;1286114395;0;60419;13327;84173;2171;;;;;
2025-10-16;F_PGSUS1125;PGSUS_11/2025_VIS;D_EQ;SSF;D_EQ_FPD;DE_PGSUS_FPD;PGSUS.E;2025-11-28;216.15;218;-0.85;221.65;215.5;221.65;216.65;218.19;45993885;0;2108;651;8948;207;221.65;22165;0;1;1
2025-10-16;F_PGSUS1225;PGSUS_12/2025_VIS;D_EQ;SSF;D_EQ_FPD;DE_PGSUS_FPD;PGSUS.E;2025-12-31;224.1;224;0.04;225.7;223.5;227.4;223.6;224.31;5159085;0;230;144;1037;214;;;;;
2025-10-16;F_P_USDTRY1025;FIZ. USDTRY_10/2025_VIS;D_CR;PCF;D_CR_FPD;DE_USDTRYP_FPD;USDTRYP.CX;2025-10-31;44.321;44.321;0;0;0;0;0;0;0;0;0;0;0;0;;;;;
2025-10-16;F_P_USDTRY1125;FIZ. USDTRY_11/2025_VIS;D_CR;PCF;D_CR_FPD;DE_USDTRYP_FPD;USDTRYP.CX;2025-11-28;43.685;43.685;0;0;0;0;0;0;0;0;0;0;0;0;;;;;
2025-10-16;F_P_USDTRY1225;FIZ. USDTRY_12/2025_VIS;D_CR;PCF;D_CR_FPD;DE_USDTRYP_FPD;USDTRYP.CX;2025-12-31;46.747;46.747;0;0;0;0;0;0;0;0;0;0;0;0;;;;;
2025-10-16;F_P_USDTRY1226;FIZ. USDTRY_12/2026_VIS;D_CR;PCF;D_CR_FPD;DE_USDTRYP_FPD;USDTRYP.CX;2026-12-31;59.547;59.547;0;0;0;0;0;0;0;0;0;0;0;0;;;;;
2025-10-16;F_RUBTRY1025;RUBTRY_10/2025_VIS;D_CR;CRF;D_CR_FUT;DE_RUBTRY_FUT;D_RUBTRY;2025-10-31;0.52795;0.52795;0;0;0;0;0;0;0;0;0;0;0;0;;;;;
2025-10-16;F_RUBTRY1125;RUBTRY_11/2025_VIS;D_CR;CRF;D_CR_FUT;DE_RUBTRY_FUT;D_RUBTRY;2025-11-28;0.53179;0.53179;0;0;0;0;0;0;0;0;0;0;0;0;;;;;
2025-10-16;F_RUBTRY1225;RUBTRY_12/2025_VIS;D_CR;CRF;D_CR_FUT;DE_RUBTRY_FUT;D_RUBTRY;2025-12-31;0.54053;0.54053;0;0;0;0;0;0;0;0;0;0;0;0;;;;;
2025-10-16;F_RUBTRY1226;RUBTRY_12/2026_VIS;D_CR;CRF;D_CR_FUT;DE_RUBTRY_FUT;D_RUBTRY;2026-12-31;0.59298;0.59298;0;0;0;0;0;0;0;0;0;0;0;0;;;;;
2025-10-16;F_SAHOL1025;SAHOL_10/2025_VIS;D_EQ;SSF;D_EQ_FPD;DE_SAHOL_FPD;SAHOL.E;2025-10-31;78.9;80.29;-1.73;80;78.54;80.95;78.87;79.75;913179268;0;114512;17839;333398;8018;80;16000;0;2;2
2025-10-16;F_SAHOL1125;SAHOL_11/2025_VIS;D_EQ;SSF;D_EQ_FPD;DE_SAHOL_FPD;SAHOL.E;2025-11-28;80.97;82.42;-1.76;82.31;80.6;83.01;81.01;81.65;55659466;0;6817;992;16749;4408;;;;;
2025-10-16;F_SAHOL1225;SAHOL_12/2025_VIS;D_EQ;SSF;D_EQ_FPD;DE_SAHOL_FPD;SAHOL.E;2025-12-31;83.05;84.55;-1.77;83.75;82.9;85.24;83;84.29;6810286;0;808;78;1380;697;;;;;
2025-10-16;F_SASA1025;SASA_10/2025_VIS;D_EQ;SSF;D_EQ_FPD;DE_SASA_FPD;SASA.E;2025-10-31;3.11;3.19;-2.51;3.25;3.1;3.28;3.12;3.17;948874606;0;2991237;8706;2403383;-67989;3.25;6870825;0;21141;95
2025-10-16;F_SASA1125;SASA_11/2025_VIS;D_EQ;SSF;D_EQ_FPD;DE_SASA_FPD;SASA.E;2025-11-28;3.18;3.26;-2.45;3.28;3.17;3.33;3.19;3.25;44956420;0;138450;1366;326665;21016;;;;;
2025-10-16;F_SASA1225;SASA_12/2025_VIS;D_EQ;SSF;D_EQ_FPD;DE_SASA_FPD;SASA.E;2025-12-31;3.26;3.34;-2.4;3.33;3.26;3.43;3.26;3.29;1834661;0;5577;289;23648;739;;;;;
2025-10-16;F_SASX101025;SASX 10_10/2025_VIS;D_FR;FIF;D_FR_FUT;DE_SASX10_FUT;D_SASX10;2025-10-31;1464.75;1464.75;0;0;0;0;0;0;0;0;0;0;0;0;;;;;
2025-10-16;F_SASX101225;SASX 10_12/2025_VIS;D_FR;FIF;D_FR_FUT;DE_SASX10_FUT;D_SASX10;2025-12-31;1483.5;1483.5;0;0;0;0;0;0;0;0;0;0;0;0;;;;;
2025-10-16;F_SISE1025;SISE_10/2025_VIS;D_EQ;SSF;D_EQ_FPD;DE_SISE_FPD;SISE.E;2025-10-31;33.85;35.01;-3.31;34.98;33.51;34.98;33.91;34.22;997247624;0;291409;32302;319328;1878;34.98;2130282;0;609;32
2025-10-16;F_SISE1125;SISE_11/2025_VIS;D_EQ;SSF;D_EQ_FPD;DE_SISE_FPD;SISE.E;2025-11-28;34.71;35.94;-3.42;35.7;34.59;35.7;34.74;35.09;35733150;0;10184;1356;33239;2185;;;;;
2025-10-16;F_SISE1225;SISE_12/2025_VIS;D_EQ;SSF;D_EQ_FPD;DE_SISE_FPD;SISE.E;2025-12-31;35.82;37;-3.19;36.51;35.72;36.53;35.78;36;2210639;0;614;130;5181;583;;;;;
2025-10-16;F_SOKM1025;SOKM_10/2025_VIS;D_EQ;SSF;D_EQ_FPD;DE_SOKM_FPD;SOKM.E;2025-10-31;39.34;38.7;1.65;38.76;38.48;40.26;39.36;39.53;137608034;0;34813;6655;43251;2669;38.76;3876;0;1;1
2025-10-16;F_SOKM1125;SOKM_11/2025_VIS;D_EQ;SSF;D_EQ_FPD;DE_SOKM_FPD;SOKM.E;2025-11-28;40.36;39.66;1.77;39.92;39.55;41.24;40.35;40.84;17544615;0;4296;407;5414;-273;;;;;
2025-10-16;F_SOKM1225;SOKM_12/2025_VIS;D_EQ;SSF;D_EQ_FPD;DE_SOKM_FPD;SOKM.E;2025-12-31;41.65;40.29;3.38;41;41;42.39;41.63;41.81;359565;0;86;49;291;16;;;;;
2025-10-16;F_TAVHL1025;TAVHL_10/2025_VIS;D_EQ;SSF;D_EQ_FPD;DE_TAVHL_FPD;TAVHL.E;2025-10-31;228.2;230.95;-1.19;230.4;226.65;232;227.85;229.1;149626570;0;6531;3689;56137;-100;;;;;
2025-10-16;F_TAVHL1125;TAVHL_11/2025_VIS;D_EQ;SSF;D_EQ_FPD;DE_TAVHL_FPD;TAVHL.E;2025-11-28;234.5;236.7;-0.93;235;232.7;237.45;234.05;234.52;17659075;0;753;150;2305;556;;;;;
2025-10-16;F_TAVHL1225;TAVHL_12/2025_VIS;D_EQ;SSF;D_EQ_FPD;DE_TAVHL_FPD;TAVHL.E;2025-12-31;241.7;239.7;0.83;240.65;240.65;241.8;241.65;241.59;579805;0;24;20;55;-12;;;;;
2025-10-16;F_TCELL1025;TCELL_10/2025_VIS;D_EQ;SSF;D_EQ_FPD;DE_TCELL_FPD;TCELL.E;2025-10-31;97.02;97.05;-0.03;97.6;95.61;101.8;97.11;98.53;1683868533;0;170901;29288;126066;1776;97.6;292800;0;30;19
2025-10-16;F_TCELL1125;TCELL_11/2025_VIS;D_EQ;SSF;D_EQ_FPD;DE_TCELL_FPD;TCELL.E;2025-11-28;99.54;99.43;0.11;99.5;98.38;104.25;99.72;101.02;75565562;0;7480;1188;48519;831;99.5;9950;0;1;1
2025-10-16;F_TCELL1225;TCELL_12/2025_VIS;D_EQ;SSF;D_EQ_FPD;DE_TCELL_FPD;TCELL.E;2025-12-31;100.9;101.15;-0.25;99.96;99.91;105.5;101.2;102.35;7614606;0;744;162;3066;527;;;;;
2025-10-16;F_THYAO1025;THYAO_10/2025_VIS;D_EQ;SSF;D_EQ_FPD;DE_THYAO_FPD;THYAO.E;2025-10-31;300.2;306.25;-1.98;305.8;299.75;306.35;300.25;302.64;1925076300;0;63610;14484;115202;3797;305.8;152900;0;5;4
2025-10-16;F_THYAO1125;THYAO_11/2025_VIS;D_EQ;SSF;D_EQ_FPD;DE_THYAO_FPD;THYAO.E;2025-11-28;307.9;313.75;-1.86;313.05;307.5;313.95;307.8;310.56;49006985;0;1578;836;4700;540;;;;;
2025-10-16;F_THYAO1225;THYAO_12/2025_VIS;D_EQ;SSF;D_EQ_FPD;DE_THYAO_FPD;THYAO.E;2025-12-31;317.85;322.8;-1.53;322.1;317.5;323.2;317.5;320.23;2850090;0;89;71;1137;66;;;;;
2025-10-16;F_TKFEN1025;TKFEN_10/2025_VIS;D_EQ;SSF;D_EQ_FPD;DE_TKFEN_FPD;TKFEN.E;2025-10-31;81.82;83.08;-1.52;83.08;81.65;87.46;81.71;84.71;383233300;0;45240;11307;35540;4451;;;;;
2025-10-16;F_TKFEN1125;TKFEN_11/2025_VIS;D_EQ;SSF;D_EQ_FPD;DE_TKFEN_FPD;TKFEN.E;2025-11-28;83.93;84.93;-1.18;84.61;83.77;89.05;83.9;86.74;26248541;0;3026;1126;3536;1726;;;;;
2025-10-16;F_TKFEN1225;TKFEN_12/2025_VIS;D_EQ;SSF;D_EQ_FPD;DE_TKFEN_FPD;TKFEN.E;2025-12-31;89.39;90.08;-0.77;90.15;88;90.15;88;89.39;26818;0;3;3;484;1;;;;;
2025-10-16;F_TLREF1M0126;1-AY TLREF_01/2026_VIS;D_FI;TRF;D_FI_FUT;DE_TLREF1M_FUT;D_TLREF1M;2026-01-30;40;40;0;0;0;0;0;0;0;0;0;0;0;0;;;;;
2025-10-16;F_TLREF1M0226;1-AY TLREF_02/2026_VIS;D_FI;TRF;D_FI_FUT;DE_TLREF1M_FUT;D_TLREF1M;2026-02-27;40;40;0;0;0;0;0;0;0;0;0;0;0;0;;;;;
2025-10-16;F_TLREF1M0326;1-AY TLREF_03/2026_VIS;D_FI;TRF;D_FI_FUT;DE_TLREF1M_FUT;D_TLREF1M;2026-03-31;40;40;0;0;0;0;0;0;0;0;0;0;0;0;;;;;
2025-10-16;F_TLREF1M0426;1-AY TLREF_04/2026_VIS;D_FI;TRF;D_FI_FUT;DE_TLREF1M_FUT;D_TLREF1M;2026-04-30;40.18;40.18;0;0;0;0;0;0;0;0;0;0;0;0;;;;;
2025-10-16;F_TLREF1M1025;1-AY TLREF_10/2025_VIS;D_FI;TRF;D_FI_FUT;DE_TLREF1M_FUT;D_TLREF1M;2025-10-31;40;40;0;0;0;0;0;0;0;0;0;0;0;0;;;;;
2025-10-16;F_TLREF1M1125;1-AY TLREF_11/2025_VIS;D_FI;TRF;D_FI_FUT;DE_TLREF1M_FUT;D_TLREF1M;2025-11-28;40;40;0;0;0;0;0;0;0;0;0;0;0;0;;;;;
2025-10-16;F_TLREF1M1225;1-AY TLREF_12/2025_VIS;D_FI;TRF;D_FI_FUT;DE_TLREF1M_FUT;D_TLREF1M;2025-12-31;40;40;0;0;0;0;0;0;0;0;0;0;0;0;;;;;
2025-10-16;F_TOASO1025;TOASO_10/2025_VIS;D_EQ;SSF;D_EQ_FPD;DE_TOASO_FPD;TOASO.E;2025-10-31;257.45;260.75;-1.27;262.8;254.7;262.8;258.1;258.61;342530015;0;13245;5269;36969;-691;262.8;26280;0;1;1
2025-10-16;F_TOASO1125;TOASO_11/2025_VIS;D_EQ;SSF;D_EQ_FPD;DE_TOASO_FPD;TOASO.E;2025-11-28;263.65;266;-0.88;269.35;261.55;269.35;264.95;265.07;13439220;0;507;238;3435;142;;;;;
2025-10-16;F_TOASO1225;TOASO_12/2025_VIS;D_EQ;SSF;D_EQ_FPD;DE_TOASO_FPD;TOASO.E;2025-12-31;273.5;272.75;0.27;282.7;270.65;282.7;275.6;275.5;798950;0;29;20;73;-3;;;;;
2025-10-16;F_TRT020926T17_0326;TRT020926T17_03/2026_VIS;D_BO;BOP;D_BO_FPD;DE_TRT020926T17_FPD;TRT020926T17_KESN_T1;2026-03-31;92.956;92.956;0;0;0;0;0;0;0;0;0;0;0;0;;;;;
2025-10-16;F_TRT020926T17_1225;TRT020926T17_12/2025_VIS;D_BO;BOP;D_BO_FPD;DE_TRT020926T17_FPD;TRT020926T17_KESN_T1;2025-12-31;88.105;88.105;0;0;0;0;0;0;0;0;0;0;0;0;;;;;
2025-10-16;F_TRT131130T14_0326;TRT131130T14_03/2026_VIS;D_BO;BOP;D_BO_FPD;DE_TRT131130T14_FPD;TRT131130T14_KESN_T1;2026-03-31;50.112;50.112;0;0;0;0;0;0;0;0;0;0;0;0;;;;;
2025-10-16;F_TRT131130T14_1225;TRT131130T14_12/2025_VIS;D_BO;BOP;D_BO_FPD;DE_TRT131130T14_FPD;TRT131130T14_KESN_T1;2025-12-31;54.555;54.555;0;0;0;0;0;0;0;0;0;0;0;0;;;;;
2025-10-16;F_TSKB1025;TSKB_10/2025_VIS;D_EQ;SSF;D_EQ_FPD;DE_TSKB_FPD;TSKB.E;2025-10-31;12;12.27;-2.2;12.29;11.92;12.3;11.94;12.13;88408255;0;72883;4242;283730;-827;12.29;3687;0;3;2
2025-10-16;F_TSKB1125;TSKB_11/2025_VIS;D_EQ;SSF;D_EQ_FPD;DE_TSKB_FPD;TSKB.E;2025-11-28;12.27;12.58;-2.46;13.27;12.24;13.27;12.25;12.51;5082314;0;4064;207;9094;2347;13.27;132700;0;100;13
2025-10-16;F_TSKB1225;TSKB_12/2025_VIS;D_EQ;SSF;D_EQ_FPD;DE_TSKB_FPD;TSKB.E;2025-12-31;12.76;12.93;-1.31;13.53;12.64;13.53;12.74;12.87;185299;0;144;62;773;124;13.53;1353;0;1;1
2025-10-16;F_TTKOM1025;TTKOM_10/2025_VIS;D_EQ;SSF;D_EQ_FPD;DE_TTKOM_FPD;TTKOM.E;2025-10-31;51.26;51.58;-0.62;51.78;50.8;53.73;51.38;52.17;483862049;0;92748;13778;103270;-1655;;;;;
2025-10-16;F_TTKOM1125;TTKOM_11/2025_VIS;D_EQ;SSF;D_EQ_FPD;DE_TTKOM_FPD;TTKOM.E;2025-11-28;52.28;52.97;-1.3;53.18;51.99;54.93;52.23;53.69;16547924;0;3082;492;5794;731;;;;;
2025-10-16;F_TTKOM1225;TTKOM_12/2025_VIS;D_EQ;SSF;D_EQ_FPD;DE_TTKOM_FPD;TTKOM.E;2025-12-31;54.99;54.83;0.29;54.1;53.77;56.34;53.86;55.24;712644;0;129;43;180;12;;;;;
2025-10-16;F_TUPRS1025;TUPRS_10/2025_VIS;D_EQ;SSF;D_EQ_FPD;DE_TUPRS_FPD;TUPRS.E;2025-10-31;178.7;181.75;-1.68;181.85;177.8;182.7;178.5;180.14;726223070;0;40314;10725;141171;-5076;;;;;
2025-10-16;F_TUPRS1125;TUPRS_11/2025_VIS;D_EQ;SSF;D_EQ_FPD;DE_TUPRS_FPD;TUPRS.E;2025-11-28;182.95;186.35;-1.82;185.05;182.45;187;183;183.59;28089775;0;1530;383;1770;538;;;;;
2025-10-16;F_TUPRS1225;TUPRS_12/2025_VIS;D_EQ;SSF;D_EQ_FPD;DE_TUPRS_FPD;TUPRS.E;2025-12-31;191.55;191.25;0.16;191.7;188.25;192.35;188.45;191.64;498275;0;26;16;127;5;;;;;
2025-10-16;F_ULKER1025;ULKER_10/2025_VIS;D_EQ;SSF;D_EQ_FPD;DE_ULKER_FPD;ULKER.E;2025-10-31;100.8;102.2;-1.37;101.65;100.05;103.6;100.85;101.98;109286515;0;10716;3625;32734;-274;;;;;
2025-10-16;F_ULKER1125;ULKER_11/2025_VIS;D_EQ;SSF;D_EQ_FPD;DE_ULKER_FPD;ULKER.E;2025-11-28;103.05;104.7;-1.58;103.25;103;106;103.4;104.73;4534895;0;433;104;1343;134;;;;;
2025-10-16;F_ULKER1225;ULKER_12/2025_VIS;D_EQ;SSF;D_EQ_FPD;DE_ULKER_FPD;ULKER.E;2025-12-31;106.7;107.1;-0.37;109.05;106.15;109.05;106.3;106.91;128290;0;12;11;476;5;;;;;
2025-10-16;F_USDTRY0126;USDTRY_01/2026_VIS;D_CR;CRF;D_CR_FUT;DE_USDTRY_FUT;D_USDTRY;2026-01-30;45.927;45.913;0.03;45.864;45.84;46.038;45.947;45.887;733733743;0;15990;387;115746;13715;;;;;
2025-10-16;F_USDTRY0127;USDTRY_01/2027_VIS;D_CR;CRF;D_CR_FUT;DE_USDTRY_FUT;D_USDTRY;2027-01-29;60.422;60.101;0.53;60.252;60.252;60.679;60.49;60.4114;966582;0;16;11;60;3;;;;;
2025-10-16;F_USDTRY0226;USDTRY_02/2026_VIS;D_CR;CRF;D_CR_FUT;DE_USDTRY_FUT;D_USDTRY;2026-02-27;47.041;46.979;0.13;46.959;46.959;47.096;47.054;47.0157;27269102;0;580;82;5149;130;;;;;
2025-10-16;F_USDTRY0326;USDTRY_03/2026_VIS;D_CR;CRF;D_CR_FUT;DE_USDTRY_FUT;D_USDTRY;2026-03-31;48.25;48.148;0.21;48.154;48.05;48.309;48.21;48.1052;16403888;0;341;36;5940;-209;;;;;
2025-10-16;F_USDTRY0426;USDTRY_04/2026_VIS;D_CR;CRF;D_CR_FUT;DE_USDTRY_FUT;D_USDTRY;2026-04-30;49.329;49.205;0.25;49.21;49.21;49.377;49.377;49.3014;1133933;0;23;15;5733;-15;;;;;
2025-10-16;F_USDTRY0526;USDTRY_05/2026_VIS;D_CR;CRF;D_CR_FUT;DE_USDTRY_FUT;D_USDTRY;2026-05-25;50.484;50.274;0.42;50.362;50.351;50.998;50.499;50.5809;4855767;0;96;24;14588;-19;;;;;
2025-10-16;F_USDTRY0626;USDTRY_06/2026_VIS;D_CR;CRF;D_CR_FUT;DE_USDTRY_FUT;D_USDTRY;2026-06-30;51.699;51.516;0.36;51.376;51.376;51.764;51.685;51.6695;20099420;0;389;79;8478;-35;;;;;
2025-10-16;F_USDTRY0726;USDTRY_07/2026_VIS;D_CR;CRF;D_CR_FUT;DE_USDTRY_FUT;D_USDTRY;2026-07-31;53.235;52.659;1.09;52.525;52.5;54.133;52.802;53.2485;3567649;0;67;20;2183;-30;;;;;
2025-10-16;F_USDTRY0826;USDTRY_08/2026_VIS;D_CR;CRF;D_CR_FUT;DE_USDTRY_FUT;D_USDTRY;2026-08-31;54.096;53.776;0.6;53.663;53.663;54.111;53.98;54.0654;3189858;0;59;20;2300;-27;;;;;
2025-10-16;F_USDTRY0926;USDTRY_09/2026_VIS;D_CR;CRF;D_CR_FUT;DE_USDTRY_FUT;D_USDTRY;2026-09-30;55.396;54.905;0.89;55;55;55.484;55.201;55.307;6415613;0;116;26;5587;-22;;;;;
2025-10-16;F_USDTRY1025;USDTRY_10/2025_VIS;D_CR;CRF;D_CR_FUT;DE_USDTRY_FUT;D_USDTRY;2025-10-31;42.404;42.411;-0.02;42.39;42.379;42.41;42.398;42.4018;3243062180;0;76484;4320;2376695;-12462;42.39;1483650;0;35;2
2025-10-16;F_USDTRY1026;USDTRY_10/2026_VIS;D_CR;CRF;D_CR_FUT;DE_USDTRY_FUT;D_USDTRY;2026-10-30;56.735;56.331;0.72;56.37;56.37;56.748;56.748;56.4516;16935475;0;300;36;1889;0;;;;;
2025-10-16;F_USDTRY1125;USDTRY_11/2025_VIS;D_CR;CRF;D_CR_FUT;DE_USDTRY_FUT;D_USDTRY;2025-11-28;43.494;43.504;-0.02;43.505;43.483;43.51;43.492;43.4986;980197115;0;22534;303;521520;-13479;;;;;
2025-10-16;F_USDTRY1126;USDTRY_11/2026_VIS;D_CR;CRF;D_CR_FUT;DE_USDTRY_FUT;D_USDTRY;2026-11-30;58.244;57.76;0.84;57.611;57.611;58.29;58.149;58.0738;5749302;0;99;30;1421;77;;;;;
2025-10-16;F_USDTRY1225;USDTRY_12/2025_VIS;D_CR;CRF;D_CR_FUT;DE_USDTRY_FUT;D_USDTRY;2025-12-31;44.765;44.768;-0.01;44.752;44.749;44.788;44.769;44.7657;1203973976;0;26895;1001;751594;-4372;;;;;
2025-10-16;F_USDTRY1226;USDTRY_12/2026_VIS;D_CR;CRF;D_CR_FUT;DE_USDTRY_FUT;D_USDTRY;2026-12-31;59.265;58.954;0.53;59;58.917;59.448;59.27;59.2055;48903780;0;826;111;14315;345;59;177000;0;3;2
2025-10-16;F_VAKBN1025;VAKBN_10/2025_VIS;D_EQ;SSF;D_EQ_FPD;DE_VAKBN_FPD;VAKBN.E;2025-10-31;22.78;22.76;0.09;22.72;22.55;23.36;22.78;22.95;223464457;0;97352;7206;266553;-3759;;;;;
2025-10-16;F_VAKBN1125;VAKBN_11/2025_VIS;D_EQ;SSF;D_EQ_FPD;DE_VAKBN_FPD;VAKBN.E;2025-11-28;23.37;23.35;0.09;23.32;23.18;23.94;23.42;23.59;10876543;0;4610;563;18743;223;;;;;
2025-10-16;F_VAKBN1225;VAKBN_12/2025_VIS;D_EQ;SSF;D_EQ_FPD;DE_VAKBN_FPD;VAKBN.E;2025-12-31;24.06;23.6;1.95;24.72;21.8;24.72;24.04;24.06;353637;0;147;36;597;4;;;;;
2025-10-16;F_VESTL1025;VESTL_10/2025_VIS;D_EQ;SSF;D_EQ_FPD;DE_VESTL_FPD;VESTL.E;2025-10-31;32.73;33.09;-1.09;33.08;32.57;33.65;32.8;33.1;58573165;0;17697;4345;64927;-276;33.08;23156;0;7;1
2025-10-16;F_VESTL1125;VESTL_11/2025_VIS;D_EQ;SSF;D_EQ_FPD;DE_VESTL_FPD;VESTL.E;2025-11-28;33.61;33.92;-0.91;34.53;33.5;34.53;33.66;33.95;8290596;0;2442;367;7391;616;34.53;3453;0;1;1
2025-10-16;F_VESTL1225;VESTL_12/2025_VIS;D_EQ;SSF;D_EQ_FPD;DE_VESTL_FPD;VESTL.E;2025-12-31;34.78;34.88;-0.29;36.4;34.7;36.4;34.8;35.25;1046971;0;297;136;1386;257;;;;;
2025-10-16;F_X10XB0226;BIST BDLKT10_02/2026_VIS;D_IX;INF;D_IX_FUT;DE_BISTBDLIKIT10_FUT;D_X10XBD;2026-02-27;15430;15484;-0.35;15430;15430;15430;15430;15430;154300;0;1;1;11;1;;;;;
2025-10-16;F_X10XB1025;BIST BDLKT10_10/2025_VIS;D_IX;INF;D_IX_FUT;DE_BISTBDLIKIT10_FUT;D_X10XBD;2025-10-31;13906;13828;0.56;13973;13811;13973;13811;13905.75;556230;0;4;4;69;0;;;;;
2025-10-16;F_X10XB1225;BIST BDLKT10_12/2025_VIS;D_IX;INF;D_IX_FUT;DE_BISTBDLIKIT10_FUT;D_X10XBD;2025-12-31;14552;14464;0.61;14624;14534;14624;14534;14552;727600;0;5;2;62;1;;;;;
2025-10-16;F_XAGUSD0226;ONS GUMUS_02/2026_VIS;D_PM;PMFU;D_PM_FUT;DE_XAGUSD_FUT;D_XAGUSD;2026-02-27;54.05;52.97;2.04;53.28;52.96;54.14;54.14;53.525;74814079.37747;0;3347;613;19950;943;53.28;22250.31408;0;1;1
2025-10-16;F_XAGUSD1025;ONS GUMUS_10/2025_VIS;D_PM;PMFU;D_PM_FUT;DE_XAGUSD_FUT;D_XAGUSD;2025-10-31;53.7;52.63;2.03;53.03;52.49;53.77;53.69;52.951;2347242122.53917;0;106147;11321;290252;-18478;53.03;39973369.95065;0;1805;51
2025-10-16;F_XAGUSD1225;ONS GUMUS_12/2025_VIS;D_PM;PMFU;D_PM_FUT;DE_XAGUSD_FUT;D_XAGUSD;2025-12-31;53.82;52.85;1.84;52.97;52.78;53.94;53.87;53.207;503460930.30512;0;22658;2731;160105;6386;52.97;154845.98269;0;7;3
2025-10-16;F_XAUTRYM0226;GR ALTIN_02/2026_VIS;D_PM;PMF;D_PM_FUT;DE_XAUTRY_FUT;D_XAUTRY;2026-02-27;6555.4;6449.9;1.64;6483.5;6462.7;6560;6557.9;6520.32;20102138.2;0;3083;534;12501;1507;;;;;
2025-10-16;F_XAUTRYM1025;GR ALTIN_10/2025_VIS;D_PM;PMF;D_PM_FUT;DE_XAUTRY_FUT;D_XAUTRY;2025-10-31;5828.3;5740.6;1.53;5760.1;5758;5835;5833.4;5801.22;708276654.7;0;122091;5297;486173;2430;5760.1;63361.1;0;11;8
2025-10-16;F_XAUTRYM1225;GR ALTIN_12/2025_VIS;D_PM;PMF;D_PM_FUT;DE_XAUTRY_FUT;D_XAUTRY;2025-12-31;6198.7;6103.6;1.56;6120.9;6120.9;6201.1;6201.1;6164.31;178099238;0;28892;1816;111450;5352;;;;;
2025-10-16;F_XAUUSD0226;ONS ALTIN_02/2026_VIS;D_PM;PMFU;D_PM_FUT;DE_XAUUSD_FUT;D_XAUUSD;2026-02-27;4333.2;4273.9;1.39;4283.4;4283.4;4335;4335;4309.51;72887781.82221;0;405;235;3231;11;4283.4;1252156.47018;0;7;2
2025-10-16;F_XAUUSD1025;ONS ALTIN_10/2025_VIS;D_PM;PMFU;D_PM_FUT;DE_XAUUSD_FUT;D_XAUUSD;2025-10-31;4276.5;4210.3;1.57;4233.4;4227;4280;4277.5;4252.3;14637634242.04746;0;82428;14148;138372;-26246;4233.4;2475080.17036;0;14;10
2025-10-16;F_XAUUSD1225;ONS ALTIN_12/2025_VIS;D_PM;PMFU;D_PM_FUT;DE_XAUUSD_FUT;D_XAUUSD;2025-12-31;4305.3;4242.3;1.49;4265.3;4259.1;4308;4306.6;4284.65;2852353029.72918;0;15941;2993;18051;5425;4265.3;356247.23966;0;2;2
2025-10-16;F_XCUUSD0226;TON BAKIR_02/2026_VIS;D_MT;MTF;D_MT_FUT;DE_XCUUSD_FUT;D_XCUUSD;2026-02-27;11800.5;11800.5;0;0;0;0;0;0;0;0;0;0;41;0;;;;;
2025-10-16;F_XCUUSD1025;TON BAKIR_10/2025_VIS;D_MT;MTF;D_MT_FUT;DE_XCUUSD_FUT;D_XCUUSD;2025-10-31;11145;11145;0;0;0;0;0;0;0;0;0;0;31;0;;;;;
2025-10-16;F_XCUUSD1225;TON BAKIR_12/2025_VIS;D_MT;MTF;D_MT_FUT;DE_XCUUSD_FUT;D_XCUUSD;2025-12-31;11450;11450;0;0;0;0;0;0;0;0;0;0;19;0;;;;;
2025-10-16;F_XLBNK0226;BIST L.BANKA_02/2026_VIS;D_IX;INF;D_IX_FUT;DE_BISTLBANKA_FUT;D_XLBNKD;2026-02-27;13513;13646;-0.97;13513;13513;13513;13513;13513;135130;0;1;1;71;1;;;;;
2025-10-16;F_XLBNK1025;BIST L.BANKA_10/2025_VIS;D_IX;INF;D_IX_FUT;DE_BISTLBANKA_FUT;D_XLBNKD;2025-10-31;12039;12002;0.31;11968;11880;12262;12032;12084.01;193706750;0;1603;879;10891;-181;11968;239360;0;2;2
2025-10-16;F_XLBNK1225;BIST L.BANKA_12/2025_VIS;D_IX;INF;D_IX_FUT;DE_BISTLBANKA_FUT;D_XLBNKD;2025-12-31;12716;12692;0.19;12855;12625;12978;12736;12840.62;17720050;0;138;104;853;-11;12855;128550;0;1;1
2025-10-16;F_XPDUSD0226;ONS PALADYUM_02/2026_VIS;D_PM;PMFU;D_PM_FUT;DE_XPDUSD_FUT;D_XPDUSD;2026-02-27;1640;1612.2;1.72;1615;1615;1645.2;1644.1;1637.71;752317.86428;0;11;11;164;-1;;;;;
2025-10-16;F_XPDUSD1025;ONS PALADYUM_10/2025_VIS;D_PM;PMFU;D_PM_FUT;DE_XPDUSD_FUT;D_XPDUSD;2025-10-31;1594.2;1556.5;2.42;1540;1540;1608.7;1593.3;1583.86;20239980.66321;0;306;153;1268;-2;;;;;
2025-10-16;F_XPDUSD1225;ONS PALADYUM_12/2025_VIS;D_PM;PMFU;D_PM_FUT;DE_XPDUSD_FUT;D_XPDUSD;2025-12-31;1615.2;1576.6;2.45;1590.3;1580;1640;1625;1616.82;22484163.71167;0;333;92;966;-187;;;;;
2025-10-16;F_XPTUSD0226;ONS PLATIN_02/2026_VIS;D_PM;PMFU;D_PM_FUT;DE_XPTUSD_FUT;D_XPTUSD;2026-02-27;1790;1749.6;2.31;1774;1745.5;1814;1814;1766.07;9514122.38086;0;129;47;1668;25;;;;;
2025-10-16;F_XPTUSD1025;ONS PLATIN_10/2025_VIS;D_PM;PMFU;D_PM_FUT;DE_XPTUSD_FUT;D_XPTUSD;2025-10-31;1743.7;1679.6;3.82;1684.7;1671.8;1746.9;1746.9;1710.43;53929298.97804;0;755;233;2792;111;;;;;
2025-10-16;F_XPTUSD1225;ONS PLATIN_12/2025_VIS;D_PM;PMFU;D_PM_FUT;DE_XPTUSD_FUT;D_XPTUSD;2025-12-31;1764.5;1697.4;3.95;1710;1699.5;1767.8;1767.8;1722.01;9492540.24438;0;132;87;1138;55;;;;;
2025-10-16;F_XSD250226;BIST XSD25_02/2026_VIS;D_IX;INF;D_IX_FUT;DE_BISTSUR25_FUT;D_XSD25D;2026-02-27;15493;15493;0;0;0;0;0;0;0;0;0;0;0;0;;;;;
2025-10-16;F_XSD251025;BIST XSD25_10/2025_VIS;D_IX;INF;D_IX_FUT;DE_BISTSUR25_FUT;D_XSD25D;2025-10-31;13800;13949;-1.07;15341;13601;15341;13601;14347;430410;0;3;3;1;0;;;;;
2025-10-16;F_XSD251225;BIST XSD25_12/2025_VIS;D_IX;INF;D_IX_FUT;DE_BISTSUR25_FUT;D_XSD25D;2025-12-31;14707;14707;0;0;0;0;0;0;0;0;0;0;1;0;;;;;
2025-10-16;F_XU0300226;BIST 30_02/2026_VIS;D_IX;INF;D_IX_FUT;DE_BIST30_FUT;D_XU030D;2026-02-27;12616;12747;-1.03;12720;12589;12818;12632;12697.87;36569860;0;288;168;748;78;;;;;
2025-10-16;F_XU0301025;BIST 30_10/2025_VIS;D_IX;INF;D_IX_FUT;DE_BIST30_FUT;D_XU030D;2025-10-31;11395;11552;-1.36;11493;11338;11630;11393;11477.04;26148893150;0;227837;78622;505341;252;11493;6436080;0;56;32
2025-10-16;F_XU0301225;BIST 30_12/2025_VIS;D_IX;INF;D_IX_FUT;DE_BIST30_FUT;D_XU030D;2025-12-31;11993;12156;-1.34;12120;11945;12242;11999;12083.23;1109310940;0;9181;4301;31933;3414;12120;242400;0;2;1
2025-10-16;F_YKBNK1025;YKBNK_10/2025_VIS;D_EQ;SSF;D_EQ_FPD;DE_YKBNK_FPD;YKBNK.E;2025-10-31;28.87;28.87;0;28.8;28.5;29.47;28.86;29.01;1883421245;0;649262;25881;894262;23414;28.8;69120;0;24;6
2025-10-16;F_YKBNK1125;YKBNK_11/2025_VIS;D_EQ;SSF;D_EQ_FPD;DE_YKBNK_FPD;YKBNK.E;2025-11-28;29.65;29.65;0;29.52;29.29;30.2;29.6;29.75;96030796;0;32276;1352;66990;7758;;;;;
2025-10-16;F_YKBNK1225;YKBNK_12/2025_VIS;D_EQ;SSF;D_EQ_FPD;DE_YKBNK_FPD;YKBNK.E;2025-12-31;30.52;30.49;0.1;30.43;30.3;30.98;30.54;30.59;266125;0;87;58;618;64;;;;;
2025-10-16;O_AKBNKE1025C52.00;AKBNK_10/2025_AVRUPA_OPSIYON;D_EQ;SSO;D_EQ_ECP;DE_AKBNK_ECP;AKBNK.E;2025-10-31;4.6;3.36;36.9;4.16;4.14;4.56;4.56;4.3;1903200;157310;366;5;366;366;;;;;
2025-10-16;O_AKBNKE1025C54.00;AKBNK_10/2025_AVRUPA_OPSIYON;D_EQ;SSO;D_EQ_ECP;DE_AKBNK_ECP;AKBNK.E;2025-10-31;3.14;2.17;44.7;3.08;2.93;3.08;3;3.08;729000;41557;135;4;192;134;;;;;
2025-10-16;O_AKBNKE1025C56.00;AKBNK_10/2025_AVRUPA_OPSIYON;D_EQ;SSO;D_EQ_ECP;DE_AKBNK_ECP;AKBNK.E;2025-10-31;2;1.3;53.85;2.1;1.96;2.1;1.96;2.02;985600;35560;176;2;176;0;;;;;
2025-10-16;O_AKBNKE1025C58.00;AKBNK_10/2025_AVRUPA_OPSIYON;D_EQ;SSO;D_EQ_ECP;DE_AKBNK_ECP;AKBNK.E;2025-10-31;1.18;0.73;61.64;1.07;1.07;1.07;1.07;1.07;145000;2675;25;1;50;25;;;;;
2025-10-16;O_AKBNKE1025C60.00;AKBNK_10/2025_AVRUPA_OPSIYON;D_EQ;SSO;D_EQ_ECP;DE_AKBNK_ECP;AKBNK.E;2025-10-31;0.66;0.4;65;0.62;0.62;0.62;0.62;0.62;372000;3844;62;1;875;-62;;;;;
2025-10-16;O_AKBNKE1025C62.00;AKBNK_10/2025_AVRUPA_OPSIYON;D_EQ;SSO;D_EQ_ECP;DE_AKBNK_ECP;AKBNK.E;2025-10-31;0.35;0.21;66.67;0;0;0;0;0;0;0;0;0;652;0;;;;;
2025-10-16;O_AKBNKE1025C64.00;AKBNK_10/2025_AVRUPA_OPSIYON;D_EQ;SSO;D_EQ_ECP;DE_AKBNK_ECP;AKBNK.E;2025-10-31;0.18;0.1;80;0;0;0;0;0;0;0;0;0;1709;0;;;;;
2025-10-16;O_AKBNKE1025C66.00;AKBNK_10/2025_AVRUPA_OPSIYON;D_EQ;SSO;D_EQ_ECP;DE_AKBNK_ECP;AKBNK.E;2025-10-31;0.09;0.05;80;0;0;0;0;0;0;0;0;0;2081;0;;;;;
2025-10-16;O_AKBNKE1025C68.00;AKBNK_10/2025_AVRUPA_OPSIYON;D_EQ;SSO;D_EQ_ECP;DE_AKBNK_ECP;AKBNK.E;2025-10-31;0.04;0.02;100;0;0;0;0;0;0;0;0;0;1300;0;;;;;
2025-10-16;O_AKBNKE1025C70.00;AKBNK_10/2025_AVRUPA_OPSIYON;D_EQ;SSO;D_EQ_ECP;DE_AKBNK_ECP;AKBNK.E;2025-10-31;0.02;0.01;100;0;0;0;0;0;0;0;0;0;54;0;;;;;
2025-10-16;O_AKBNKE1025C72.00;AKBNK_10/2025_AVRUPA_OPSIYON;D_EQ;SSO;D_EQ_ECP;DE_AKBNK_ECP;AKBNK.E;2025-10-31;0.01;0.01;0;0;0;0;0;0;0;0;0;0;50;0;;;;;
2025-10-16;O_AKBNKE1025C74.00;AKBNK_10/2025_AVRUPA_OPSIYON;D_EQ;SSO;D_EQ_ECP;DE_AKBNK_ECP;AKBNK.E;2025-10-31;0.01;0.01;0;0;0;0;0;0;0;0;0;0;50;0;;;;;
2025-10-16;O_AKBNKE1025C76.00;AKBNK_10/2025_AVRUPA_OPSIYON;D_EQ;SSO;D_EQ_ECP;DE_AKBNK_ECP;AKBNK.E;2025-10-31;0.01;0.01;0;0;0;0;0;0;0;0;0;0;388;0;;;;;
2025-10-16;O_AKBNKE1025C78.00;AKBNK_10/2025_AVRUPA_OPSIYON;D_EQ;SSO;D_EQ_ECP;DE_AKBNK_ECP;AKBNK.E;2025-10-31;0.01;0.01;0;0;0;0;0;0;0;0;0;0;111;0;;;;;
2025-10-16;O_AKBNKE1025C80.00;AKBNK_10/2025_AVRUPA_OPSIYON;D_EQ;SSO;D_EQ_ECP;DE_AKBNK_ECP;AKBNK.E;2025-10-31;0.01;0.01;0;0;0;0;0;0;0;0;0;0;5;0;;;;;
2025-10-16;O_AKBNKE1025C82.00;AKBNK_10/2025_AVRUPA_OPSIYON;D_EQ;SSO;D_EQ_ECP;DE_AKBNK_ECP;AKBNK.E;2025-10-31;0.01;0.01;0;0;0;0;0;0;0;0;0;0;0;0;;;;;
2025-10-16;O_AKBNKE1025C84.00;AKBNK_10/2025_AVRUPA_OPSIYON;D_EQ;SSO;D_EQ_ECP;DE_AKBNK_ECP;AKBNK.E;2025-10-31;0.01;0.01;0;0;0;0;0;0;0;0;0;0;0;0;;;;;
2025-10-16;O_AKBNKE1025C86.00;AKBNK_10/2025_AVRUPA_OPSIYON;D_EQ;SSO;D_EQ_ECP;DE_AKBNK_ECP;AKBNK.E;2025-10-31;0.01;0.01;0;0;0;0;0;0;0;0;0;0;167;0;;;;;
2025-10-16;O_AKBNKE1025C88.00;AKBNK_10/2025_AVRUPA_OPSIYON;D_EQ;SSO;D_EQ_ECP;DE_AKBNK_ECP;AKBNK.E;2025-10-31;0.01;0.01;0;0;0;0;0;0;0;0;0;0;0;0;;;;;
2025-10-16;O_AKBNKE1025P46.00;AKBNK_10/2025_AVRUPA_OPSIYON;D_EQ;SSO;D_EQ_EPP;DE_AKBNK_EPP;AKBNK.E;2025-10-31;0.03;0.07;-57.14;0;0;0;0;0;0;0;0;0;0;0;;;;;
2025-10-16;O_AKBNKE1025P47.00;AKBNK_10/2025_AVRUPA_OPSIYON;D_EQ;SSO;D_EQ_EPP;DE_AKBNK_EPP;AKBNK.E;2025-10-31;0.05;0.11;-54.55;0;0;0;0;0;0;0;0;0;0;0;;;;;
2025-10-16;O_AKBNKE1025P48.00;AKBNK_10/2025_AVRUPA_OPSIYON;D_EQ;SSO;D_EQ_EPP;DE_AKBNK_EPP;AKBNK.E;2025-10-31;0.08;0.18;-55.56;0;0;0;0;0;0;0;0;0;0;0;;;;;
2025-10-16;O_AKBNKE1025P49.00;AKBNK_10/2025_AVRUPA_OPSIYON;D_EQ;SSO;D_EQ_EPP;DE_AKBNK_EPP;AKBNK.E;2025-10-31;0.14;0.29;-51.72;0;0;0;0;0;0;0;0;0;0;0;;;;;
2025-10-16;O_AKBNKE1025P50.00;AKBNK_10/2025_AVRUPA_OPSIYON;D_EQ;SSO;D_EQ_EPP;DE_AKBNK_EPP;AKBNK.E;2025-10-31;0.22;0.44;-50;0;0;0;0;0;0;0;0;0;0;0;;;;;
2025-10-16;O_AKBNKE1025P52.00;AKBNK_10/2025_AVRUPA_OPSIYON;D_EQ;SSO;D_EQ_EPP;DE_AKBNK_EPP;AKBNK.E;2025-10-31;0.49;0.9;-45.56;0;0;0;0;0;0;0;0;0;0;0;;;;;
2025-10-16;O_AKBNKE1025P54.00;AKBNK_10/2025_AVRUPA_OPSIYON;D_EQ;SSO;D_EQ_EPP;DE_AKBNK_EPP;AKBNK.E;2025-10-31;1.01;1.67;-39.52;0.92;0.92;1.05;1.05;0.94;32400;565;6;3;2047;6;;;;;
2025-10-16;O_AKBNKE1025P56.00;AKBNK_10/2025_AVRUPA_OPSIYON;D_EQ;SSO;D_EQ_EPP;DE_AKBNK_EPP;AKBNK.E;2025-10-31;1.83;2.77;-33.94;1.66;1.66;1.66;1.66;1.66;22400;664;4;1;5109;4;;;;;
2025-10-16;O_AKBNKE1025P58.00;AKBNK_10/2025_AVRUPA_OPSIYON;D_EQ;SSO;D_EQ_EPP;DE_AKBNK_EPP;AKBNK.E;2025-10-31;2.98;4.17;-28.54;2.94;2.94;2.94;2.94;2.94;17400;882;3;1;5577;3;;;;;
2025-10-16;O_AKBNKE1025P60.00;AKBNK_10/2025_AVRUPA_OPSIYON;D_EQ;SSO;D_EQ_EPP;DE_AKBNK_EPP;AKBNK.E;2025-10-31;4.43;5.81;-23.75;0.01;0.01;23.24;4.5;7.35;300000;36750;50;5;2531;4;;;;;
2025-10-16;O_AKBNKE1025P62.00;AKBNK_10/2025_AVRUPA_OPSIYON;D_EQ;SSO;D_EQ_EPP;DE_AKBNK_EPP;AKBNK.E;2025-10-31;6.09;7.58;-19.66;0;0;0;0;0;0;0;0;0;810;0;;;;;
2025-10-16;O_AKBNKE1025P64.00;AKBNK_10/2025_AVRUPA_OPSIYON;D_EQ;SSO;D_EQ_EPP;DE_AKBNK_EPP;AKBNK.E;2025-10-31;7.89;9.45;-16.51;0;0;0;0;0;0;0;0;0;161;0;;;;;
2025-10-16;O_AKBNKE1025P66.00;AKBNK_10/2025_AVRUPA_OPSIYON;D_EQ;SSO;D_EQ_EPP;DE_AKBNK_EPP;AKBNK.E;2025-10-31;9.77;11.36;-14;0;0;0;0;0;0;0;0;0;167;0;;;;;
2025-10-16;O_AKBNKE1025P68.00;AKBNK_10/2025_AVRUPA_OPSIYON;D_EQ;SSO;D_EQ_EPP;DE_AKBNK_EPP;AKBNK.E;2025-10-31;11.69;13.3;-12.11;0;0;0;0;0;0;0;0;0;10;0;;;;;
2025-10-16;O_AKBNKE1025P70.00;AKBNK_10/2025_AVRUPA_OPSIYON;D_EQ;SSO;D_EQ_EPP;DE_AKBNK_EPP;AKBNK.E;2025-10-31;13.64;15.26;-10.62;0;0;0;0;0;0;0;0;0;2733;0;;;;;
2025-10-16;O_AKBNKE1025P72.00;AKBNK_10/2025_AVRUPA_OPSIYON;D_EQ;SSO;D_EQ_EPP;DE_AKBNK_EPP;AKBNK.E;2025-10-31;15.59;17.22;-9.47;0;0;0;0;0;0;0;0;0;100;0;;;;;
2025-10-16;O_AKBNKE1025P74.00;AKBNK_10/2025_AVRUPA_OPSIYON;D_EQ;SSO;D_EQ_EPP;DE_AKBNK_EPP;AKBNK.E;2025-10-31;17.56;19.18;-8.45;0;0;0;0;0;0;0;0;0;150;0;;;;;
2025-10-16;O_AKBNKE1025P76.00;AKBNK_10/2025_AVRUPA_OPSIYON;D_EQ;SSO;D_EQ_EPP;DE_AKBNK_EPP;AKBNK.E;2025-10-31;19.52;21.15;-7.71;0;0;0;0;0;0;0;0;0;163;0;;;;;
2025-10-16;O_AKBNKE1025P78.00;AKBNK_10/2025_AVRUPA_OPSIYON;D_EQ;SSO;D_EQ_EPP;DE_AKBNK_EPP;AKBNK.E;2025-10-31;21.49;23.11;-7.01;0;0;0;0;0;0;0;0;0;0;0;;;;;
2025-10-16;O_AKBNKE1125C54.00;AKBNK_11/2025_AVRUPA_OPSIYON;D_EQ;SSO;D_EQ_ECP;DE_AKBNK_ECP;AKBNK.E;2025-11-28;5.35;4.26;25.59;5.4;5.4;5.46;5.46;5.4;7446600;745218;1379;15;854;-321;;;;;
2025-10-16;O_AKBNKE1125C56.00;AKBNK_11/2025_AVRUPA_OPSIYON;D_EQ;SSO;D_EQ_ECP;DE_AKBNK_ECP;AKBNK.E;2025-11-28;4.16;3.24;28.4;0;0;0;0;0;0;0;0;0;0;0;;;;;
2025-10-16;O_AKBNKE1125C58.00;AKBNK_11/2025_AVRUPA_OPSIYON;D_EQ;SSO;D_EQ_ECP;DE_AKBNK_ECP;AKBNK.E;2025-11-28;3.18;2.43;30.86;0;0;0;0;0;0;0;0;0;302;0;;;;;
2025-10-16;O_AKBNKE1125C60.00;AKBNK_11/2025_AVRUPA_OPSIYON;D_EQ;SSO;D_EQ_ECP;DE_AKBNK_ECP;AKBNK.E;2025-11-28;2.39;1.81;32.04;0;0;0;0;0;0;0;0;0;133;0;;;;;
2025-10-16;O_AKBNKE1125C62.00;AKBNK_11/2025_AVRUPA_OPSIYON;D_EQ;SSO;D_EQ_ECP;DE_AKBNK_ECP;AKBNK.E;2025-11-28;1.79;1.35;32.59;0;0;0;0;0;0;0;0;0;0;0;;;;;
2025-10-16;O_AKBNKE1125C64.00;AKBNK_11/2025_AVRUPA_OPSIYON;D_EQ;SSO;D_EQ_ECP;DE_AKBNK_ECP;AKBNK.E;2025-11-28;1.34;0.99;35.35;0;0;0;0;0;0;0;0;0;3;0;;;;;
2025-10-16;O_AKBNKE1125C66.00;AKBNK_11/2025_AVRUPA_OPSIYON;D_EQ;SSO;D_EQ_ECP;DE_AKBNK_ECP;AKBNK.E;2025-11-28;1;0.73;36.99;0;0;0;0;0;0;0;0;0;0;0;;;;;
2025-10-16;O_AKBNKE1125C68.00;AKBNK_11/2025_AVRUPA_OPSIYON;D_EQ;SSO;D_EQ_ECP;DE_AKBNK_ECP;AKBNK.E;2025-11-28;0.74;0.54;37.04;0;0;0;0;0;0;0;0;0;0;0;;;;;
2025-10-16;O_AKBNKE1125C70.00;AKBNK_11/2025_AVRUPA_OPSIYON;D_EQ;SSO;D_EQ_ECP;DE_AKBNK_ECP;AKBNK.E;2025-11-28;0.55;0.39;41.03;0;0;0;0;0;0;0;0;0;2;0;;;;;
2025-10-16;O_AKBNKE1125C72.00;AKBNK_11/2025_AVRUPA_OPSIYON;D_EQ;SSO;D_EQ_ECP;DE_AKBNK_ECP;AKBNK.E;2025-11-28;0.41;0.29;41.38;0;0;0;0;0;0;0;0;0;0;0;;;;;
2025-10-16;O_AKBNKE1125C74.00;AKBNK_11/2025_AVRUPA_OPSIYON;D_EQ;SSO;D_EQ_ECP;DE_AKBNK_ECP;AKBNK.E;2025-11-28;0.3;0.21;42.86;0;0;0;0;0;0;0;0;0;0;0;;;;;
2025-10-16;O_AKBNKE1125C76.00;AKBNK_11/2025_AVRUPA_OPSIYON;D_EQ;SSO;D_EQ_ECP;DE_AKBNK_ECP;AKBNK.E;2025-11-28;0.23;0.16;43.75;0;0;0;0;0;0;0;0;0;200;0;;;;;
2025-10-16;O_AKBNKE1125C78.00;AKBNK_11/2025_AVRUPA_OPSIYON;D_EQ;SSO;D_EQ_ECP;DE_AKBNK_ECP;AKBNK.E;2025-11-28;0.17;0.12;41.67;0;0;0;0;0;0;0;0;0;0;0;;;;;
2025-10-16;O_AKBNKE1125C80.00;AKBNK_11/2025_AVRUPA_OPSIYON;D_EQ;SSO;D_EQ_ECP;DE_AKBNK_ECP;AKBNK.E;2025-11-28;0.13;0.09;44.44;0;0;0;0;0;0;0;0;0;23;0;;;;;
2025-10-16;O_AKBNKE1125C82.00;AKBNK_11/2025_AVRUPA_OPSIYON;D_EQ;SSO;D_EQ_ECP;DE_AKBNK_ECP;AKBNK.E;2025-11-28;0.1;0.07;42.86;0;0;0;0;0;0;0;0;0;0;0;;;;;
2025-10-16;O_AKBNKE1125C84.00;AKBNK_11/2025_AVRUPA_OPSIYON;D_EQ;SSO;D_EQ_ECP;DE_AKBNK_ECP;AKBNK.E;2025-11-28;0.07;0.05;40;0;0;0;0;0;0;0;0;0;200;0;;;;;
2025-10-16;O_AKBNKE1125C86.00;AKBNK_11/2025_AVRUPA_OPSIYON;D_EQ;SSO;D_EQ_ECP;DE_AKBNK_ECP;AKBNK.E;2025-11-28;0.06;0.04;50;0;0;0;0;0;0;0;0;0;20;0;;;;;
2025-10-16;O_AKBNKE1125C88.00;AKBNK_11/2025_AVRUPA_OPSIYON;D_EQ;SSO;D_EQ_ECP;DE_AKBNK_ECP;AKBNK.E;2025-11-28;0.04;0.03;33.33;0;0;0;0;0;0;0;0;0;0;0;;;;;
2025-10-16;O_AKBNKE1125P47.00;AKBNK_11/2025_AVRUPA_OPSIYON;D_EQ;SSO;D_EQ_EPP;DE_AKBNK_EPP;AKBNK.E;2025-11-28;0.35;0.51;-31.37;0.46;0.46;0.46;0.46;0.46;470000;4600;100;2;220;100;;;;;
2025-10-16;O_AKBNKE1125P48.00;AKBNK_11/2025_AVRUPA_OPSIYON;D_EQ;SSO;D_EQ_EPP;DE_AKBNK_EPP;AKBNK.E;2025-11-28;0.46;0.65;-29.23;0;0;0;0;0;0;0;0;0;115;0;;;;;
2025-10-16;O_AKBNKE1125P49.00;AKBNK_11/2025_AVRUPA_OPSIYON;D_EQ;SSO;D_EQ_EPP;DE_AKBNK_EPP;AKBNK.E;2025-11-28;0.59;0.82;-28.05;0;0;0;0;0;0;0;0;0;353;0;;;;;
2025-10-16;O_AKBNKE1125P50.00;AKBNK_11/2025_AVRUPA_OPSIYON;D_EQ;SSO;D_EQ_EPP;DE_AKBNK_EPP;AKBNK.E;2025-11-28;0.74;1.03;-28.16;0.76;0.76;0.76;0.76;0.76;465000;7068;93;1;4081;26;;;;;
2025-10-16;O_AKBNKE1125P52.00;AKBNK_11/2025_AVRUPA_OPSIYON;D_EQ;SSO;D_EQ_EPP;DE_AKBNK_EPP;AKBNK.E;2025-11-28;1.14;1.54;-25.97;1.3;1.3;1.3;1.3;1.3;41600;1040;8;1;4676;8;;;;;
2025-10-16;O_AKBNKE1125P54.00;AKBNK_11/2025_AVRUPA_OPSIYON;D_EQ;SSO;D_EQ_EPP;DE_AKBNK_EPP;AKBNK.E;2025-11-28;1.68;2.24;-25;0;0;0;0;0;0;0;0;0;13883;0;;;;;
2025-10-16;O_AKBNKE1125P56.00;AKBNK_11/2025_AVRUPA_OPSIYON;D_EQ;SSO;D_EQ_EPP;DE_AKBNK_EPP;AKBNK.E;2025-11-28;2.41;3.14;-23.25;0;0;0;0;0;0;0;0;0;1686;0;;;;;
2025-10-16;O_AKBNKE1125P58.00;AKBNK_11/2025_AVRUPA_OPSIYON;D_EQ;SSO;D_EQ_EPP;DE_AKBNK_EPP;AKBNK.E;2025-11-28;3.34;4.24;-21.23;0;0;0;0;0;0;0;0;0;1421;0;;;;;
2025-10-16;O_AKBNKE1125P60.00;AKBNK_11/2025_AVRUPA_OPSIYON;D_EQ;SSO;D_EQ_EPP;DE_AKBNK_EPP;AKBNK.E;2025-11-28;4.46;5.52;-19.2;0;0;0;0;0;0;0;0;0;105;0;;;;;
2025-10-16;O_AKBNKE1125P62.00;AKBNK_11/2025_AVRUPA_OPSIYON;D_EQ;SSO;D_EQ_EPP;DE_AKBNK_EPP;AKBNK.E;2025-11-28;5.77;6.97;-17.22;5.48;5.48;5.48;5.48;5.48;576600;50964;93;1;3310;0;;;;;
2025-10-16;O_AKBNKE1125P64.00;AKBNK_11/2025_AVRUPA_OPSIYON;D_EQ;SSO;D_EQ_EPP;DE_AKBNK_EPP;AKBNK.E;2025-11-28;7.24;8.53;-15.12;0;0;0;0;0;0;0;0;0;0;0;;;;;
2025-10-16;O_AKBNKE1125P66.00;AKBNK_11/2025_AVRUPA_OPSIYON;D_EQ;SSO;D_EQ_EPP;DE_AKBNK_EPP;AKBNK.E;2025-11-28;8.81;10.18;-13.46;0;0;0;0;0;0;0;0;0;0;0;;;;;
2025-10-16;O_AKBNKE1125P68.00;AKBNK_11/2025_AVRUPA_OPSIYON;D_EQ;SSO;D_EQ_EPP;DE_AKBNK_EPP;AKBNK.E;2025-11-28;10.46;11.89;-12.03;0;0;0;0;0;0;0;0;0;10;0;;;;;
2025-10-16;O_AKBNKE1125P70.00;AKBNK_11/2025_AVRUPA_OPSIYON;D_EQ;SSO;D_EQ_EPP;DE_AKBNK_EPP;AKBNK.E;2025-11-28;12.18;13.66;-10.83;0;0;0;0;0;0;0;0;0;0;0;;;;;
2025-10-16;O_AKBNKE1125P72.00;AKBNK_11/2025_AVRUPA_OPSIYON;D_EQ;SSO;D_EQ_EPP;DE_AKBNK_EPP;AKBNK.E;2025-11-28;13.96;15.47;-9.76;0;0;0;0;0;0;0;0;0;10;0;;;;;
2025-10-16;O_AKBNKE1125P74.00;AKBNK_11/2025_AVRUPA_OPSIYON;D_EQ;SSO;D_EQ_EPP;DE_AKBNK_EPP;AKBNK.E;2025-11-28;15.76;17.3;-8.9;0;0;0;0;0;0;0;0;0;50;0;;;;;
2025-10-16;O_AKBNKE1125P76.00;AKBNK_11/2025_AVRUPA_OPSIYON;D_EQ;SSO;D_EQ_EPP;DE_AKBNK_EPP;AKBNK.E;2025-11-28;17.6;19.15;-8.09;0;0;0;0;0;0;0;0;0;115;0;;;;;
2025-10-16;O_AKBNKE1125P78.00;AKBNK_11/2025_AVRUPA_OPSIYON;D_EQ;SSO;D_EQ_EPP;DE_AKBNK_EPP;AKBNK.E;2025-11-28;19.46;21.02;-7.42;0;0;0;0;0;0;0;0;0;150;0;;;;;
2025-10-16;O_AKBNKE1225C56.00;AKBNK_12/2025_AVRUPA_OPSIYON;D_EQ;SSO;D_EQ_ECP;DE_AKBNK_ECP;AKBNK.E;2025-12-31;6.79;5.69;19.33;0;0;0;0;0;0;0;0;0;0;0;;;;;
2025-10-16;O_AKBNKE1225C58.00;AKBNK_12/2025_AVRUPA_OPSIYON;D_EQ;SSO;D_EQ_ECP;DE_AKBNK_ECP;AKBNK.E;2025-12-31;5.67;4.71;20.38;0;0;0;0;0;0;0;0;0;0;0;;;;;
2025-10-16;O_AKBNKE1225C60.00;AKBNK_12/2025_AVRUPA_OPSIYON;D_EQ;SSO;D_EQ_ECP;DE_AKBNK_ECP;AKBNK.E;2025-12-31;4.71;3.88;21.39;0;0;0;0;0;0;0;0;0;0;0;;;;;
2025-10-16;O_AKBNKE1225C62.00;AKBNK_12/2025_AVRUPA_OPSIYON;D_EQ;SSO;D_EQ_ECP;DE_AKBNK_ECP;AKBNK.E;2025-12-31;3.89;3.19;21.94;0;0;0;0;0;0;0;0;0;1250;0;;;;;
2025-10-16;O_AKBNKE1225C64.00;AKBNK_12/2025_AVRUPA_OPSIYON;D_EQ;SSO;D_EQ_ECP;DE_AKBNK_ECP;AKBNK.E;2025-12-31;3.22;2.64;21.97;0;0;0;0;0;0;0;0;0;0;0;;;;;
2025-10-16;O_AKBNKE1225C66.00;AKBNK_12/2025_AVRUPA_OPSIYON;D_EQ;SSO;D_EQ_ECP;DE_AKBNK_ECP;AKBNK.E;2025-12-31;2.68;2.18;22.94;0;0;0;0;0;0;0;0;0;0;0;;;;;
2025-10-16;O_AKBNKE1225C68.00;AKBNK_12/2025_AVRUPA_OPSIYON;D_EQ;SSO;D_EQ_ECP;DE_AKBNK_ECP;AKBNK.E;2025-12-31;2.23;1.81;23.2;0;0;0;0;0;0;0;0;0;0;0;;;;;
2025-10-16;O_AKBNKE1225C70.00;AKBNK_12/2025_AVRUPA_OPSIYON;D_EQ;SSO;D_EQ_ECP;DE_AKBNK_ECP;AKBNK.E;2025-12-31;1.86;1.49;24.83;0;0;0;0;0;0;0;0;0;0;0;;;;;
2025-10-16;O_AKBNKE1225C72.00;AKBNK_12/2025_AVRUPA_OPSIYON;D_EQ;SSO;D_EQ_ECP;DE_AKBNK_ECP;AKBNK.E;2025-12-31;1.55;1.24;25;0;0;0;0;0;0;0;0;0;0;0;;;;;
2025-10-16;O_AKBNKE1225C74.00;AKBNK_12/2025_AVRUPA_OPSIYON;D_EQ;SSO;D_EQ_ECP;DE_AKBNK_ECP;AKBNK.E;2025-12-31;1.3;1.03;26.21;0;0;0;0;0;0;0;0;0;0;0;;;;;
2025-10-16;O_AKBNKE1225C76.00;AKBNK_12/2025_AVRUPA_OPSIYON;D_EQ;SSO;D_EQ_ECP;DE_AKBNK_ECP;AKBNK.E;2025-12-31;1.09;0.86;26.74;0;0;0;0;0;0;0;0;0;0;0;;;;;
2025-10-16;O_AKBNKE1225C78.00;AKBNK_12/2025_AVRUPA_OPSIYON;D_EQ;SSO;D_EQ_ECP;DE_AKBNK_ECP;AKBNK.E;2025-12-31;0.92;0.72;27.78;0;0;0;0;0;0;0;0;0;0;0;;;;;
2025-10-16;O_AKBNKE1225C80.00;AKBNK_12/2025_AVRUPA_OPSIYON;D_EQ;SSO;D_EQ_ECP;DE_AKBNK_ECP;AKBNK.E;2025-12-31;0.77;0.6;28.33;0;0;0;0;0;0;0;0;0;0;0;;;;;
2025-10-16;O_AKBNKE1225C82.00;AKBNK_12/2025_AVRUPA_OPSIYON;D_EQ;SSO;D_EQ_ECP;DE_AKBNK_ECP;AKBNK.E;2025-12-31;0.66;0.51;29.41;0;0;0;0;0;0;0;0;0;0;0;;;;;
2025-10-16;O_AKBNKE1225P48.00;AKBNK_12/2025_AVRUPA_OPSIYON;D_EQ;SSO;D_EQ_EPP;DE_AKBNK_EPP;AKBNK.E;2025-12-31;0.7;0.88;-20.45;0;0;0;0;0;0;0;0;0;0;0;;;;;
2025-10-16;O_AKBNKE1225P49.00;AKBNK_12/2025_AVRUPA_OPSIYON;D_EQ;SSO;D_EQ_EPP;DE_AKBNK_EPP;AKBNK.E;2025-12-31;0.83;1.05;-20.95;0;0;0;0;0;0;0;0;0;0;0;;;;;
2025-10-16;O_AKBNKE1225P50.00;AKBNK_12/2025_AVRUPA_OPSIYON;D_EQ;SSO;D_EQ_EPP;DE_AKBNK_EPP;AKBNK.E;2025-12-31;0.98;1.23;-20.33;0;0;0;0;0;20000000;632000;4000;1;4000;4000;;;;;
2025-10-16;O_AKBNKE1225P52.00;AKBNK_12/2025_AVRUPA_OPSIYON;D_EQ;SSO;D_EQ_EPP;DE_AKBNK_EPP;AKBNK.E;2025-12-31;1.35;1.68;-19.64;0;0;0;0;0;0;0;0;0;0;0;;;;;
2025-10-16;O_AKBNKE1225P54.00;AKBNK_12/2025_AVRUPA_OPSIYON;D_EQ;SSO;D_EQ_EPP;DE_AKBNK_EPP;AKBNK.E;2025-12-31;1.81;2.23;-18.83;0;0;0;0;0;0;0;0;0;20000;0;;;;;
2025-10-16;O_AKBNKE1225P56.00;AKBNK_12/2025_AVRUPA_OPSIYON;D_EQ;SSO;D_EQ_EPP;DE_AKBNK_EPP;AKBNK.E;2025-12-31;2.37;2.91;-18.56;0;0;0;0;0;0;0;0;0;0;0;;;;;
2025-10-16;O_AKBNKE1225P58.00;AKBNK_12/2025_AVRUPA_OPSIYON;D_EQ;SSO;D_EQ_EPP;DE_AKBNK_EPP;AKBNK.E;2025-12-31;3.08;3.74;-17.65;0;0;0;0;0;0;0;0;0;0;0;;;;;
2025-10-16;O_AKBNKE1225P60.00;AKBNK_12/2025_AVRUPA_OPSIYON;D_EQ;SSO;D_EQ_EPP;DE_AKBNK_EPP;AKBNK.E;2025-12-31;3.93;4.73;-16.91;0;0;0;0;0;0;0;0;0;0;0;;;;;
2025-10-16;O_AKBNKE1225P62.00;AKBNK_12/2025_AVRUPA_OPSIYON;D_EQ;SSO;D_EQ_EPP;DE_AKBNK_EPP;AKBNK.E;2025-12-31;4.93;5.86;-15.87;0;0;0;0;0;0;0;0;0;0;0;;;;;
2025-10-16;O_AKBNKE1225P64.00;AKBNK_12/2025_AVRUPA_OPSIYON;D_EQ;SSO;D_EQ_EPP;DE_AKBNK_EPP;AKBNK.E;2025-12-31;6.08;7.12;-14.61;0;0;0;0;0;0;0;0;0;0;0;;;;;
2025-10-16;O_AKBNKE1225P66.00;AKBNK_12/2025_AVRUPA_OPSIYON;D_EQ;SSO;D_EQ_EPP;DE_AKBNK_EPP;AKBNK.E;2025-12-31;7.36;8.48;-13.21;0;0;0;0;0;0;0;0;0;0;0;;;;;
2025-10-16;O_AKBNKE1225P68.00;AKBNK_12/2025_AVRUPA_OPSIYON;D_EQ;SSO;D_EQ_EPP;DE_AKBNK_EPP;AKBNK.E;2025-12-31;8.72;9.92;-12.1;0;0;0;0;0;0;0;0;0;0;0;;;;;
2025-10-16;O_AKBNKE1225P70.00;AKBNK_12/2025_AVRUPA_OPSIYON;D_EQ;SSO;D_EQ_EPP;DE_AKBNK_EPP;AKBNK.E;2025-12-31;10.17;11.42;-10.95;0;0;0;0;0;0;0;0;0;0;0;;;;;
2025-10-16;O_AKBNKE1225P72.00;AKBNK_12/2025_AVRUPA_OPSIYON;D_EQ;SSO;D_EQ_EPP;DE_AKBNK_EPP;AKBNK.E;2025-12-31;11.68;12.98;-10.02;0;0;0;0;0;0;0;0;0;0;0;;;;;
2025-10-16;O_ALARKE1025C100.00;ALARK_10/2025_AVRUPA_OPSIYON;D_EQ;SSO;D_EQ_ECP;DE_ALARK_ECP;ALARK.E;2025-10-31;0.03;0.04;-25;0;0;0;0;0;0;0;0;0;0;0;;;;;
2025-10-16;O_ALARKE1025C105.00;ALARK_10/2025_AVRUPA_OPSIYON;D_EQ;SSO;D_EQ_ECP;DE_ALARK_ECP;ALARK.E;2025-10-31;0.01;0.01;0;0;0;0;0;0;0;0;0;0;0;0;;;;;
2025-10-16;O_ALARKE1025C110.00;ALARK_10/2025_AVRUPA_OPSIYON;D_EQ;SSO;D_EQ_ECP;DE_ALARK_ECP;ALARK.E;2025-10-31;0.01;0.01;0;0;0;0;0;0;0;0;0;0;0;0;;;;;
2025-10-16;O_ALARKE1025C115.00;ALARK_10/2025_AVRUPA_OPSIYON;D_EQ;SSO;D_EQ_ECP;DE_ALARK_ECP;ALARK.E;2025-10-31;0.01;0.01;0;0;0;0;0;0;0;0;0;0;0;0;;;;;
2025-10-16;O_ALARKE1025C120.00;ALARK_10/2025_AVRUPA_OPSIYON;D_EQ;SSO;D_EQ_ECP;DE_ALARK_ECP;ALARK.E;2025-10-31;0.01;0.01;0;0;0;0;0;0;0;0;0;0;0;0;;;;;
2025-10-16;O_ALARKE1025C125.00;ALARK_10/2025_AVRUPA_OPSIYON;D_EQ;SSO;D_EQ_ECP;DE_ALARK_ECP;ALARK.E;2025-10-31;0.01;0.01;0;0;0;0;0;0;0;0;0;0;0;0;;;;;
2025-10-16;O_ALARKE1025C130.00;ALARK_10/2025_AVRUPA_OPSIYON;D_EQ;SSO;D_EQ_ECP;DE_ALARK_ECP;ALARK.E;2025-10-31;0.01;0.01;0;0;0;0;0;0;0;0;0;0;0;0;;;;;
2025-10-16;O_ALARKE1025C135.00;ALARK_10/2025_AVRUPA_OPSIYON;D_EQ;SSO;D_EQ_ECP;DE_ALARK_ECP;ALARK.E;2025-10-31;0.01;0.01;0;0;0;0;0;0;0;0;0;0;0;0;;;;;
2025-10-16;O_ALARKE1025C76.00;ALARK_10/2025_AVRUPA_OPSIYON;D_EQ;SSO;D_EQ_ECP;DE_ALARK_ECP;ALARK.E;2025-10-31;4.02;4.42;-9.05;0;0;0;0;0;0;0;0;0;0;0;;;;;
2025-10-16;O_ALARKE1025C78.00;ALARK_10/2025_AVRUPA_OPSIYON;D_EQ;SSO;D_EQ_ECP;DE_ALARK_ECP;ALARK.E;2025-10-31;2.82;3.18;-11.32;0;0;0;0;0;0;0;0;0;5;0;;;;;
2025-10-16;O_ALARKE1025C80.00;ALARK_10/2025_AVRUPA_OPSIYON;D_EQ;SSO;D_EQ_ECP;DE_ALARK_ECP;ALARK.E;2025-10-31;1.9;2.2;-13.64;0;0;0;0;0;0;0;0;0;77;0;;;;;
2025-10-16;O_ALARKE1025C82.00;ALARK_10/2025_AVRUPA_OPSIYON;D_EQ;SSO;D_EQ_ECP;DE_ALARK_ECP;ALARK.E;2025-10-31;1.23;1.46;-15.75;0;0;0;0;0;0;0;0;0;532;0;;;;;
2025-10-16;O_ALARKE1025C84.00;ALARK_10/2025_AVRUPA_OPSIYON;D_EQ;SSO;D_EQ_ECP;DE_ALARK_ECP;ALARK.E;2025-10-31;0.8;0.96;-16.67;0;0;0;0;0;0;0;0;0;130;0;;;;;
2025-10-16;O_ALARKE1025C86.00;ALARK_10/2025_AVRUPA_OPSIYON;D_EQ;SSO;D_EQ_ECP;DE_ALARK_ECP;ALARK.E;2025-10-31;0.52;0.63;-17.46;0;0;0;0;0;0;0;0;0;9;0;;;;;
2025-10-16;O_ALARKE1025C88.00;ALARK_10/2025_AVRUPA_OPSIYON;D_EQ;SSO;D_EQ_ECP;DE_ALARK_ECP;ALARK.E;2025-10-31;0.34;0.41;-17.07;0;0;0;0;0;0;0;0;0;676;0;;;;;
2025-10-16;O_ALARKE1025C90.00;ALARK_10/2025_AVRUPA_OPSIYON;D_EQ;SSO;D_EQ_ECP;DE_ALARK_ECP;ALARK.E;2025-10-31;0.22;0.27;-18.52;0;0;0;0;0;0;0;0;0;750;0;;;;;
2025-10-16;O_ALARKE1025C92.00;ALARK_10/2025_AVRUPA_OPSIYON;D_EQ;SSO;D_EQ_ECP;DE_ALARK_ECP;ALARK.E;2025-10-31;0.14;0.18;-22.22;0;0;0;0;0;0;0;0;0;0;0;;;;;
2025-10-16;O_ALARKE1025C94.00;ALARK_10/2025_AVRUPA_OPSIYON;D_EQ;SSO;D_EQ_ECP;DE_ALARK_ECP;ALARK.E;2025-10-31;0.09;0.12;-25;0;0;0;0;0;0;0;0;0;0;0;;;;;
2025-10-16;O_ALARKE1025C96.00;ALARK_10/2025_AVRUPA_OPSIYON;D_EQ;SSO;D_EQ_ECP;DE_ALARK_ECP;ALARK.E;2025-10-31;0.06;0.08;-25;0;0;0;0;0;0;0;0;0;750;0;;;;;
2025-10-16;O_ALARKE1025C98.00;ALARK_10/2025_AVRUPA_OPSIYON;D_EQ;SSO;D_EQ_ECP;DE_ALARK_ECP;ALARK.E;2025-10-31;0.04;0.05;-20;0;0;0;0;0;0;0;0;0;0;0;;;;;
2025-10-16;O_ALARKE1025P100.00;ALARK_10/2025_AVRUPA_OPSIYON;D_EQ;SSO;D_EQ_EPP;DE_ALARK_EPP;ALARK.E;2025-10-31;20.93;20.43;2.45;0;0;0;0;0;0;0;0;0;0;0;;;;;
2025-10-16;O_ALARKE1025P105.00;ALARK_10/2025_AVRUPA_OPSIYON;D_EQ;SSO;D_EQ_EPP;DE_ALARK_EPP;ALARK.E;2025-10-31;25.84;25.33;2.01;0;0;0;0;0;0;0;0;0;0;0;;;;;
2025-10-16;O_ALARKE1025P110.00;ALARK_10/2025_AVRUPA_OPSIYON;D_EQ;SSO;D_EQ_EPP;DE_ALARK_EPP;ALARK.E;2025-10-31;30.75;30.24;1.69;0;0;0;0;0;0;0;0;0;0;0;;;;;
2025-10-16;O_ALARKE1025P66.00;ALARK_10/2025_AVRUPA_OPSIYON;D_EQ;SSO;D_EQ_EPP;DE_ALARK_EPP;ALARK.E;2025-10-31;0.06;0.06;0;0;0;0;0;0;0;0;0;0;0;0;;;;;
2025-10-16;O_ALARKE1025P68.00;ALARK_10/2025_AVRUPA_OPSIYON;D_EQ;SSO;D_EQ_EPP;DE_ALARK_EPP;ALARK.E;2025-10-31;0.13;0.13;0;0;0;0;0;0;0;0;0;0;0;0;;;;;
2025-10-16;O_ALARKE1025P70.00;ALARK_10/2025_AVRUPA_OPSIYON;D_EQ;SSO;D_EQ_EPP;DE_ALARK_EPP;ALARK.E;2025-10-31;0.24;0.24;0;0;0;0;0;0;0;0;0;0;0;0;;;;;
2025-10-16;O_ALARKE1025P72.00;ALARK_10/2025_AVRUPA_OPSIYON;D_EQ;SSO;D_EQ_EPP;DE_ALARK_EPP;ALARK.E;2025-10-31;0.44;0.43;2.33;0;0;0;0;0;0;0;0;0;0;0;;;;;
2025-10-16;O_ALARKE1025P74.00;ALARK_10/2025_AVRUPA_OPSIYON;D_EQ;SSO;D_EQ_EPP;DE_ALARK_EPP;ALARK.E;2025-10-31;0.76;0.73;4.11;0;0;0;0;0;0;0;0;0;0;0;;;;;
2025-10-16;O_ALARKE1025P76.00;ALARK_10/2025_AVRUPA_OPSIYON;D_EQ;SSO;D_EQ_EPP;DE_ALARK_EPP;ALARK.E;2025-10-31;1.29;1.22;5.74;0;0;0;0;0;0;0;0;0;0;0;;;;;
2025-10-16;O_ALARKE1025P78.00;ALARK_10/2025_AVRUPA_OPSIYON;D_EQ;SSO;D_EQ_EPP;DE_ALARK_EPP;ALARK.E;2025-10-31;2.06;1.95;5.64;0;0;0;0;0;0;0;0;0;193;0;;;;;
2025-10-16;O_ALARKE1025P80.00;ALARK_10/2025_AVRUPA_OPSIYON;D_EQ;SSO;D_EQ_EPP;DE_ALARK_EPP;ALARK.E;2025-10-31;3.11;2.93;6.14;0;0;0;0;0;0;0;0;0;1065;0;;;;;
2025-10-16;O_ALARKE1025P82.00;ALARK_10/2025_AVRUPA_OPSIYON;D_EQ;SSO;D_EQ_EPP;DE_ALARK_EPP;ALARK.E;2025-10-31;4.41;4.16;6.01;0;0;0;0;0;0;0;0;0;189;0;;;;;
2025-10-16;O_ALARKE1025P84.00;ALARK_10/2025_AVRUPA_OPSIYON;D_EQ;SSO;D_EQ_EPP;DE_ALARK_EPP;ALARK.E;2025-10-31;5.94;5.62;5.69;0;0;0;0;0;0;0;0;0;16;0;;;;;
2025-10-16;O_ALARKE1025P86.00;ALARK_10/2025_AVRUPA_OPSIYON;D_EQ;SSO;D_EQ_EPP;DE_ALARK_EPP;ALARK.E;2025-10-31;7.64;7.26;5.23;0;0;0;0;0;0;0;0;0;12;0;;;;;
2025-10-16;O_ALARKE1025P88.00;ALARK_10/2025_AVRUPA_OPSIYON;D_EQ;SSO;D_EQ_EPP;DE_ALARK_EPP;ALARK.E;2025-10-31;9.42;9.01;4.55;0;0;0;0;0;0;0;0;0;0;0;;;;;
2025-10-16;O_ALARKE1025P90.00;ALARK_10/2025_AVRUPA_OPSIYON;D_EQ;SSO;D_EQ_EPP;DE_ALARK_EPP;ALARK.E;2025-10-31;11.27;10.84;3.97;0;0;0;0;0;0;0;0;0;23;0;;;;;
2025-10-16;O_ALARKE1025P92.00;ALARK_10/2025_AVRUPA_OPSIYON;D_EQ;SSO;D_EQ_EPP;DE_ALARK_EPP;ALARK.E;2025-10-31;13.17;12.71;3.62;0;0;0;0;0;0;0;0;0;230;0;;;;;
2025-10-16;O_ALARKE1025P94.00;ALARK_10/2025_AVRUPA_OPSIYON;D_EQ;SSO;D_EQ_EPP;DE_ALARK_EPP;ALARK.E;2025-10-31;15.09;14.62;3.21;0;0;0;0;0;0;0;0;0;80;0;;;;;
2025-10-16;O_ALARKE1025P96.00;ALARK_10/2025_AVRUPA_OPSIYON;D_EQ;SSO;D_EQ_EPP;DE_ALARK_EPP;ALARK.E;2025-10-31;17.03;16.54;2.96;0;0;0;0;0;0;0;0;0;0;0;;;;;
2025-10-16;O_ALARKE1025P98.00;ALARK_10/2025_AVRUPA_OPSIYON;D_EQ;SSO;D_EQ_EPP;DE_ALARK_EPP;ALARK.E;2025-10-31;18.97;18.48;2.65;0;0;0;0;0;0;0;0;0;0;0;;;;;
2025-10-16;O_ALARKE1125C100.00;ALARK_11/2025_AVRUPA_OPSIYON;D_EQ;SSO;D_EQ_ECP;DE_ALARK_ECP;ALARK.E;2025-11-28;0.72;0.73;-1.37;0;0;0;0;0;0;0;0;0;120;0;;;;;
2025-10-16;O_ALARKE1125C105.00;ALARK_11/2025_AVRUPA_OPSIYON;D_EQ;SSO;D_EQ_ECP;DE_ALARK_ECP;ALARK.E;2025-11-28;0.51;0.5;2;0;0;0;0;0;0;0;0;0;0;0;;;;;
2025-10-16;O_ALARKE1125C110.00;ALARK_11/2025_AVRUPA_OPSIYON;D_EQ;SSO;D_EQ_ECP;DE_ALARK_ECP;ALARK.E;2025-11-28;0.38;0.36;5.56;0;0;0;0;0;0;0;0;0;0;0;;;;;
2025-10-16;O_ALARKE1125C115.00;ALARK_11/2025_AVRUPA_OPSIYON;D_EQ;SSO;D_EQ_ECP;DE_ALARK_ECP;ALARK.E;2025-11-28;0.29;0.27;7.41;0;0;0;0;0;0;0;0;0;0;0;;;;;
2025-10-16;O_ALARKE1125C120.00;ALARK_11/2025_AVRUPA_OPSIYON;D_EQ;SSO;D_EQ_ECP;DE_ALARK_ECP;ALARK.E;2025-11-28;0.24;0.21;14.29;0;0;0;0;0;0;0;0;0;0;0;;;;;
2025-10-16;O_ALARKE1125C78.00;ALARK_11/2025_AVRUPA_OPSIYON;D_EQ;SSO;D_EQ_ECP;DE_ALARK_ECP;ALARK.E;2025-11-28;5.73;6.08;-5.76;0;0;0;0;0;0;0;0;0;0;0;;;;;
2025-10-16;O_ALARKE1125C80.00;ALARK_11/2025_AVRUPA_OPSIYON;D_EQ;SSO;D_EQ_ECP;DE_ALARK_ECP;ALARK.E;2025-11-28;4.65;4.98;-6.63;0;0;0;0;0;0;0;0;0;0;0;;;;;
2025-10-16;O_ALARKE1125C82.00;ALARK_11/2025_AVRUPA_OPSIYON;D_EQ;SSO;D_EQ_ECP;DE_ALARK_ECP;ALARK.E;2025-11-28;3.73;4.02;-7.21;0;0;0;0;0;0;0;0;0;2;0;;;;;
2025-10-16;O_ALARKE1125C84.00;ALARK_11/2025_AVRUPA_OPSIYON;D_EQ;SSO;D_EQ_ECP;DE_ALARK_ECP;ALARK.E;2025-11-28;2.98;3.23;-7.74;0;0;0;0;0;0;0;0;0;0;0;;;;;
2025-10-16;O_ALARKE1125C86.00;ALARK_11/2025_AVRUPA_OPSIYON;D_EQ;SSO;D_EQ_ECP;DE_ALARK_ECP;ALARK.E;2025-11-28;2.4;2.59;-7.34;0;0;0;0;0;0;0;0;0;4;0;;;;;
2025-10-16;O_ALARKE1125C88.00;ALARK_11/2025_AVRUPA_OPSIYON;D_EQ;SSO;D_EQ_ECP;DE_ALARK_ECP;ALARK.E;2025-11-28;1.98;2.13;-7.04;0;0;0;0;0;0;0;0;0;0;0;;;;;
2025-10-16;O_ALARKE1125C90.00;ALARK_11/2025_AVRUPA_OPSIYON;D_EQ;SSO;D_EQ_ECP;DE_ALARK_ECP;ALARK.E;2025-11-28;1.64;1.76;-6.82;0;0;0;0;0;0;0;0;0;0;0;;;;;
2025-10-16;O_ALARKE1125C92.00;ALARK_11/2025_AVRUPA_OPSIYON;D_EQ;SSO;D_EQ_ECP;DE_ALARK_ECP;ALARK.E;2025-11-28;1.37;1.46;-6.16;0;0;0;0;0;0;0;0;0;0;0;;;;;
2025-10-16;O_ALARKE1125C94.00;ALARK_11/2025_AVRUPA_OPSIYON;D_EQ;SSO;D_EQ_ECP;DE_ALARK_ECP;ALARK.E;2025-11-28;1.15;1.22;-5.74;0;0;0;0;0;0;0;0;0;0;0;;;;;
2025-10-16;O_ALARKE1125C96.00;ALARK_11/2025_AVRUPA_OPSIYON;D_EQ;SSO;D_EQ_ECP;DE_ALARK_ECP;ALARK.E;2025-11-28;0.98;1.02;-3.92;0;0;0;0;0;0;0;0;0;0;0;;;;;
2025-10-16;O_ALARKE1125C98.00;ALARK_11/2025_AVRUPA_OPSIYON;D_EQ;SSO;D_EQ_ECP;DE_ALARK_ECP;ALARK.E;2025-11-28;0.83;0.86;-3.49;0;0;0;0;0;0;0;0;0;0;0;;;;;
2025-10-16;O_ALARKE1125P68.00;ALARK_11/2025_AVRUPA_OPSIYON;D_EQ;SSO;D_EQ_EPP;DE_ALARK_EPP;ALARK.E;2025-11-28;0.69;0.65;6.15;0;0;0;0;0;0;0;0;0;0;0;;;;;
2025-10-16;O_ALARKE1125P70.00;ALARK_11/2025_AVRUPA_OPSIYON;D_EQ;SSO;D_EQ_EPP;DE_ALARK_EPP;ALARK.E;2025-11-28;0.93;0.88;5.68;0;0;0;0;0;0;0;0;0;0;0;;;;;
2025-10-16;O_ALARKE1125P72.00;ALARK_11/2025_AVRUPA_OPSIYON;D_EQ;SSO;D_EQ_EPP;DE_ALARK_EPP;ALARK.E;2025-11-28;1.24;1.18;5.08;0;0;0;0;0;0;0;0;0;0;0;;;;;
2025-10-16;O_ALARKE1125P74.00;ALARK_11/2025_AVRUPA_OPSIYON;D_EQ;SSO;D_EQ_EPP;DE_ALARK_EPP;ALARK.E;2025-11-28;1.63;1.56;4.49;0;0;0;0;0;0;0;0;0;0;0;;;;;
2025-10-16;O_ALARKE1125P76.00;ALARK_11/2025_AVRUPA_OPSIYON;D_EQ;SSO;D_EQ_EPP;DE_ALARK_EPP;ALARK.E;2025-11-28;2.12;2.04;3.92;0;0;0;0;0;0;0;0;0;5;0;;;;;
2025-10-16;O_ALARKE1125P78.00;ALARK_11/2025_AVRUPA_OPSIYON;D_EQ;SSO;D_EQ_EPP;DE_ALARK_EPP;ALARK.E;2025-11-28;2.76;2.64;4.55;0;0;0;0;0;0;0;0;0;3;0;;;;;
2025-10-16;O_ALARKE1125P80.00;ALARK_11/2025_AVRUPA_OPSIYON;D_EQ;SSO;D_EQ_EPP;DE_ALARK_EPP;ALARK.E;2025-11-28;3.6;3.44;4.65;0;0;0;0;0;0;0;0;0;10;0;;;;;
2025-10-16;O_ALARKE1125P82.00;ALARK_11/2025_AVRUPA_OPSIYON;D_EQ;SSO;D_EQ_EPP;DE_ALARK_EPP;ALARK.E;2025-11-28;4.59;4.4;4.32;0;0;0;0;0;0;0;0;0;0;0;;;;;
2025-10-16;O_ALARKE1125P84.00;ALARK_11/2025_AVRUPA_OPSIYON;D_EQ;SSO;D_EQ_EPP;DE_ALARK_EPP;ALARK.E;2025-11-28;5.76;5.52;4.35;0;0;0;0;0;0;0;0;0;0;0;;;;;
2025-10-16;O_ALARKE1125P86.00;ALARK_11/2025_AVRUPA_OPSIYON;D_EQ;SSO;D_EQ_EPP;DE_ALARK_EPP;ALARK.E;2025-11-28;7.09;6.79;4.42;0;0;0;0;0;0;0;0;0;0;0;;;;;
2025-10-16;O_ALARKE1125P88.00;ALARK_11/2025_AVRUPA_OPSIYON;D_EQ;SSO;D_EQ_EPP;DE_ALARK_EPP;ALARK.E;2025-11-28;8.58;8.24;4.13;0;0;0;0;0;0;0;0;0;0;0;;;;;
2025-10-16;O_ALARKE1125P90.00;ALARK_11/2025_AVRUPA_OPSIYON;D_EQ;SSO;D_EQ_EPP;DE_ALARK_EPP;ALARK.E;2025-11-28;10.15;9.78;3.78;0;0;0;0;0;0;0;0;0;0;0;;;;;
2025-10-16;O_ALARKE1125P92.00;ALARK_11/2025_AVRUPA_OPSIYON;D_EQ;SSO;D_EQ_EPP;DE_ALARK_EPP;ALARK.E;2025-11-28;11.79;11.39;3.51;0;0;0;0;0;0;0;0;0;0;0;;;;;
2025-10-16;O_ALARKE1125P94.00;ALARK_11/2025_AVRUPA_OPSIYON;D_EQ;SSO;D_EQ_EPP;DE_ALARK_EPP;ALARK.E;2025-11-28;13.49;13.06;3.29;0;0;0;0;0;0;0;0;0;0;0;;;;;
2025-10-16;O_ALARKE1125P96.00;ALARK_11/2025_AVRUPA_OPSIYON;D_EQ;SSO;D_EQ_EPP;DE_ALARK_EPP;ALARK.E;2025-11-28;15.22;14.77;3.05;0;0;0;0;0;0;0;0;0;0;0;;;;;
2025-10-16;O_ALARKE1125P98.00;ALARK_11/2025_AVRUPA_OPSIYON;D_EQ;SSO;D_EQ_EPP;DE_ALARK_EPP;ALARK.E;2025-11-28;16.99;16.52;2.85;0;0;0;0;0;0;0;0;0;0;0;;;;;
2025-10-16;O_ALARKE1225C100.00;ALARK_12/2025_AVRUPA_OPSIYON;D_EQ;SSO;D_EQ_ECP;DE_ALARK_ECP;ALARK.E;2025-12-31;2.34;2.38;-1.68;0;0;0;0;0;0;0;0;0;0;0;;;;;
2025-10-16;O_ALARKE1225C105.00;ALARK_12/2025_AVRUPA_OPSIYON;D_EQ;SSO;D_EQ_ECP;DE_ALARK_ECP;ALARK.E;2025-12-31;1.88;1.88;0;0;0;0;0;0;0;0;0;0;0;0;;;;;
2025-10-16;O_ALARKE1225C82.00;ALARK_12/2025_AVRUPA_OPSIYON;D_EQ;SSO;D_EQ_ECP;DE_ALARK_ECP;ALARK.E;2025-12-31;7.05;7.4;-4.73;0;0;0;0;0;0;0;0;0;0;0;;;;;
2025-10-16;O_ALARKE1225C84.00;ALARK_12/2025_AVRUPA_OPSIYON;D_EQ;SSO;D_EQ_ECP;DE_ALARK_ECP;ALARK.E;2025-12-31;6.06;6.39;-5.16;0;0;0;0;0;0;0;0;0;0;0;;;;;
2025-10-16;O_ALARKE1225C86.00;ALARK_12/2025_AVRUPA_OPSIYON;D_EQ;SSO;D_EQ_ECP;DE_ALARK_ECP;ALARK.E;2025-12-31;5.23;5.52;-5.25;0;0;0;0;0;0;0;0;0;0;0;;;;;
2025-10-16;O_ALARKE1225C88.00;ALARK_12/2025_AVRUPA_OPSIYON;D_EQ;SSO;D_EQ_ECP;DE_ALARK_ECP;ALARK.E;2025-12-31;4.5;4.76;-5.46;0;0;0;0;0;0;0;0;0;0;0;;;;;
2025-10-16;O_ALARKE1225C90.00;ALARK_12/2025_AVRUPA_OPSIYON;D_EQ;SSO;D_EQ_ECP;DE_ALARK_ECP;ALARK.E;2025-12-31;3.98;4.16;-4.33;0;0;0;0;0;0;0;0;0;0;0;;;;;
2025-10-16;O_ALARKE1225C92.00;ALARK_12/2025_AVRUPA_OPSIYON;D_EQ;SSO;D_EQ_ECP;DE_ALARK_ECP;ALARK.E;2025-12-31;3.54;3.69;-4.07;0;0;0;0;0;0;0;0;0;0;0;;;;;
2025-10-16;O_ALARKE1225C94.00;ALARK_12/2025_AVRUPA_OPSIYON;D_EQ;SSO;D_EQ_ECP;DE_ALARK_ECP;ALARK.E;2025-12-31;3.17;3.29;-3.65;0;0;0;0;0;0;0;0;0;0;0;;;;;
2025-10-16;O_ALARKE1225C96.00;ALARK_12/2025_AVRUPA_OPSIYON;D_EQ;SSO;D_EQ_ECP;DE_ALARK_ECP;ALARK.E;2025-12-31;2.85;2.94;-3.06;0;0;0;0;0;0;0;0;0;0;0;;;;;
2025-10-16;O_ALARKE1225C98.00;ALARK_12/2025_AVRUPA_OPSIYON;D_EQ;SSO;D_EQ_ECP;DE_ALARK_ECP;ALARK.E;2025-12-31;2.57;2.64;-2.65;0;0;0;0;0;0;0;0;0;0;0;;;;;
2025-10-16;O_ALARKE1225P72.00;ALARK_12/2025_AVRUPA_OPSIYON;D_EQ;SSO;D_EQ_EPP;DE_ALARK_EPP;ALARK.E;2025-12-31;1.57;1.49;5.37;0;0;0;0;0;0;0;0;0;0;0;;;;;
2025-10-16;O_ALARKE1225P74.00;ALARK_12/2025_AVRUPA_OPSIYON;D_EQ;SSO;D_EQ_EPP;DE_ALARK_EPP;ALARK.E;2025-12-31;1.9;1.82;4.4;0;0;0;0;0;0;0;0;0;0;0;;;;;
2025-10-16;O_ALARKE1225P76.00;ALARK_12/2025_AVRUPA_OPSIYON;D_EQ;SSO;D_EQ_EPP;DE_ALARK_EPP;ALARK.E;2025-12-31;2.29;2.2;4.09;0;0;0;0;0;0;0;0;0;0;0;;;;;
2025-10-16;O_ALARKE1225P78.00;ALARK_12/2025_AVRUPA_OPSIYON;D_EQ;SSO;D_EQ_EPP;DE_ALARK_EPP;ALARK.E;2025-12-31;2.74;2.65;3.4;0;0;0;0;0;0;0;0;0;0;0;;;;;
2025-10-16;O_ALARKE1225P80.00;ALARK_12/2025_AVRUPA_OPSIYON;D_EQ;SSO;D_EQ_EPP;DE_ALARK_EPP;ALARK.E;2025-12-31;3.28;3.17;3.47;0;0;0;0;0;0;0;0;0;0;0;;;;;
2025-10-16;O_ALARKE1225P82.00;ALARK_12/2025_AVRUPA_OPSIYON;D_EQ;SSO;D_EQ_EPP;DE_ALARK_EPP;ALARK.E;2025-12-31;4.01;3.86;3.89;0;0;0;0;0;0;0;0;0;0;0;;;;;
2025-10-16;O_ALARKE1225P84.00;ALARK_12/2025_AVRUPA_OPSIYON;D_EQ;SSO;D_EQ_EPP;DE_ALARK_EPP;ALARK.E;2025-12-31;4.83;4.67;3.43;0;0;0;0;0;0;0;0;0;0;0;;;;;
2025-10-16;O_ALARKE1225P86.00;ALARK_12/2025_AVRUPA_OPSIYON;D_EQ;SSO;D_EQ_EPP;DE_ALARK_EPP;ALARK.E;2025-12-31;5.83;5.61;3.92;0;0;0;0;0;0;0;0;0;0;0;;;;;
2025-10-16;O_ALARKE1225P88.00;ALARK_12/2025_AVRUPA_OPSIYON;D_EQ;SSO;D_EQ_EPP;DE_ALARK_EPP;ALARK.E;2025-12-31;6.91;6.67;3.6;0;0;0;0;0;0;0;0;0;0;0;;;;;
2025-10-16;O_ALARKE1225P90.00;ALARK_12/2025_AVRUPA_OPSIYON;D_EQ;SSO;D_EQ_EPP;DE_ALARK_EPP;ALARK.E;2025-12-31;8.21;7.89;4.06;0;0;0;0;0;0;0;0;0;0;0;;;;;
2025-10-16;O_ALARKE1225P92.00;ALARK_12/2025_AVRUPA_OPSIYON;D_EQ;SSO;D_EQ_EPP;DE_ALARK_EPP;ALARK.E;2025-12-31;9.59;9.23;3.9;0;0;0;0;0;0;0;0;0;0;0;;;;;
2025-10-16;O_ARCLKE1025C105.00;ARCLK_10/2025_AVRUPA_OPSIYON;D_EQ;SSO;D_EQ_ECP;DE_ARCLK_ECP;ARCLK.E;2025-10-31;5.31;7.1;-25.21;5.11;5.11;5.11;5.11;5.11;210000;10220;20;2;20;20;;;;;
2025-10-16;O_ARCLKE1025C110.00;ARCLK_10/2025_AVRUPA_OPSIYON;D_EQ;SSO;D_EQ_ECP;DE_ARCLK_ECP;ARCLK.E;2025-10-31;2.66;3.93;-32.32;0;0;0;0;0;0;0;0;0;20;0;;;;;
2025-10-16;O_ARCLKE1025C115.00;ARCLK_10/2025_AVRUPA_OPSIYON;D_EQ;SSO;D_EQ_ECP;DE_ARCLK_ECP;ARCLK.E;2025-10-31;1.17;1.9;-38.42;0;0;0;0;0;0;0;0;0;107;0;;;;;
2025-10-16;O_ARCLKE1025C120.00;ARCLK_10/2025_AVRUPA_OPSIYON;D_EQ;SSO;D_EQ_ECP;DE_ARCLK_ECP;ARCLK.E;2025-10-31;0.51;0.86;-40.7;0;0;0;0;0;0;0;0;0;224;0;;;;;
2025-10-16;O_ARCLKE1025C125.00;ARCLK_10/2025_AVRUPA_OPSIYON;D_EQ;SSO;D_EQ_ECP;DE_ARCLK_ECP;ARCLK.E;2025-10-31;0.22;0.38;-42.11;0;0;0;0;0;0;0;0;0;202;0;;;;;
2025-10-16;O_ARCLKE1025C130.00;ARCLK_10/2025_AVRUPA_OPSIYON;D_EQ;SSO;D_EQ_ECP;DE_ARCLK_ECP;ARCLK.E;2025-10-31;0.09;0.17;-47.06;0;0;0;0;0;0;0;0;0;18;0;;;;;
2025-10-16;O_ARCLKE1025C135.00;ARCLK_10/2025_AVRUPA_OPSIYON;D_EQ;SSO;D_EQ_ECP;DE_ARCLK_ECP;ARCLK.E;2025-10-31;0.04;0.07;-42.86;0;0;0;0;0;0;0;0;0;16;0;;;;;
2025-10-16;O_ARCLKE1025C140.00;ARCLK_10/2025_AVRUPA_OPSIYON;D_EQ;SSO;D_EQ_ECP;DE_ARCLK_ECP;ARCLK.E;2025-10-31;0.02;0.03;-33.33;0;0;0;0;0;0;0;0;0;0;0;;;;;
2025-10-16;O_ARCLKE1025C145.00;ARCLK_10/2025_AVRUPA_OPSIYON;D_EQ;SSO;D_EQ_ECP;DE_ARCLK_ECP;ARCLK.E;2025-10-31;0.01;0.02;-50;0;0;0;0;0;0;0;0;0;0;0;;;;;
2025-10-16;O_ARCLKE1025C150.00;ARCLK_10/2025_AVRUPA_OPSIYON;D_EQ;SSO;D_EQ_ECP;DE_ARCLK_ECP;ARCLK.E;2025-10-31;0.01;0.01;0;0;0;0;0;0;0;0;0;0;0;0;;;;;
2025-10-16;O_ARCLKE1025C155.00;ARCLK_10/2025_AVRUPA_OPSIYON;D_EQ;SSO;D_EQ_ECP;DE_ARCLK_ECP;ARCLK.E;2025-10-31;0.01;0.01;0;0;0;0;0;0;0;0;0;0;0;0;;;;;
2025-10-16;O_ARCLKE1025C160.00;ARCLK_10/2025_AVRUPA_OPSIYON;D_EQ;SSO;D_EQ_ECP;DE_ARCLK_ECP;ARCLK.E;2025-10-31;0.01;0.01;0;0;0;0;0;0;0;0;0;0;0;0;;;;;
2025-10-16;O_ARCLKE1025C165.00;ARCLK_10/2025_AVRUPA_OPSIYON;D_EQ;SSO;D_EQ_ECP;DE_ARCLK_ECP;ARCLK.E;2025-10-31;0.01;0.01;0;0;0;0;0;0;0;0;0;0;0;0;;;;;
2025-10-16;O_ARCLKE1025C170.00;ARCLK_10/2025_AVRUPA_OPSIYON;D_EQ;SSO;D_EQ_ECP;DE_ARCLK_ECP;ARCLK.E;2025-10-31;0.01;0.01;0;0;0;0;0;0;0;0;0;0;0;0;;;;;
2025-10-16;O_ARCLKE1025C175.00;ARCLK_10/2025_AVRUPA_OPSIYON;D_EQ;SSO;D_EQ_ECP;DE_ARCLK_ECP;ARCLK.E;2025-10-31;0.01;0.01;0;0;0;0;0;0;0;0;0;0;0;0;;;;;
2025-10-16;O_ARCLKE1025C180.00;ARCLK_10/2025_AVRUPA_OPSIYON;D_EQ;SSO;D_EQ_ECP;DE_ARCLK_ECP;ARCLK.E;2025-10-31;0.01;0.01;0;0;0;0;0;0;0;0;0;0;0;0;;;;;
2025-10-16;O_ARCLKE1025C185.00;ARCLK_10/2025_AVRUPA_OPSIYON;D_EQ;SSO;D_EQ_ECP;DE_ARCLK_ECP;ARCLK.E;2025-10-31;0.01;0.01;0;0;0;0;0;0;0;0;0;0;0;0;;;;;
2025-10-16;O_ARCLKE1025P100.00;ARCLK_10/2025_AVRUPA_OPSIYON;D_EQ;SSO;D_EQ_EPP;DE_ARCLK_EPP;ARCLK.E;2025-10-31;0.66;0.46;43.48;0;0;0;0;0;0;0;0;0;0;0;;;;;
2025-10-16;O_ARCLKE1025P105.00;ARCLK_10/2025_AVRUPA_OPSIYON;D_EQ;SSO;D_EQ_EPP;DE_ARCLK_EPP;ARCLK.E;2025-10-31;1.79;1.26;42.06;0;0;0;0;0;0;0;0;0;0;0;;;;;
2025-10-16;O_ARCLKE1025P110.00;ARCLK_10/2025_AVRUPA_OPSIYON;D_EQ;SSO;D_EQ_EPP;DE_ARCLK_EPP;ARCLK.E;2025-10-31;4.06;3.01;34.88;0;0;0;0;0;0;0;0;0;40;0;;;;;
2025-10-16;O_ARCLKE1025P115.00;ARCLK_10/2025_AVRUPA_OPSIYON;D_EQ;SSO;D_EQ_EPP;DE_ARCLK_EPP;ARCLK.E;2025-10-31;7.49;5.9;26.95;0;0;0;0;0;0;0;0;0;30;0;;;;;
2025-10-16;O_ARCLKE1025P120.00;ARCLK_10/2025_AVRUPA_OPSIYON;D_EQ;SSO;D_EQ_EPP;DE_ARCLK_EPP;ARCLK.E;2025-10-31;11.75;9.78;20.14;0;0;0;0;0;0;0;0;0;100;0;;;;;
2025-10-16;O_ARCLKE1025P125.00;ARCLK_10/2025_AVRUPA_OPSIYON;D_EQ;SSO;D_EQ_EPP;DE_ARCLK_EPP;ARCLK.E;2025-10-31;16.38;14.22;15.19;0;0;0;0;0;0;0;0;0;213;0;;;;;
2025-10-16;O_ARCLKE1025P130.00;ARCLK_10/2025_AVRUPA_OPSIYON;D_EQ;SSO;D_EQ_EPP;DE_ARCLK_EPP;ARCLK.E;2025-10-31;21.18;18.92;11.95;0;0;0;0;0;0;0;0;0;17;0;;;;;
2025-10-16;O_ARCLKE1025P135.00;ARCLK_10/2025_AVRUPA_OPSIYON;D_EQ;SSO;D_EQ_EPP;DE_ARCLK_EPP;ARCLK.E;2025-10-31;26.05;23.74;9.73;0;0;0;0;0;0;0;0;0;43;0;;;;;
2025-10-16;O_ARCLKE1025P140.00;ARCLK_10/2025_AVRUPA_OPSIYON;D_EQ;SSO;D_EQ_EPP;DE_ARCLK_EPP;ARCLK.E;2025-10-31;30.95;28.62;8.14;0;0;0;0;0;0;0;0;0;120;0;;;;;
2025-10-16;O_ARCLKE1025P145.00;ARCLK_10/2025_AVRUPA_OPSIYON;D_EQ;SSO;D_EQ_EPP;DE_ARCLK_EPP;ARCLK.E;2025-10-31;35.86;33.52;6.98;0;0;0;0;0;0;0;0;0;23;0;;;;;
2025-10-16;O_ARCLKE1025P150.00;ARCLK_10/2025_AVRUPA_OPSIYON;D_EQ;SSO;D_EQ_EPP;DE_ARCLK_EPP;ARCLK.E;2025-10-31;40.78;38.43;6.12;0;0;0;0;0;0;0;0;0;34;0;;;;;
2025-10-16;O_ARCLKE1025P155.00;ARCLK_10/2025_AVRUPA_OPSIYON;D_EQ;SSO;D_EQ_EPP;DE_ARCLK_EPP;ARCLK.E;2025-10-31;45.7;43.34;5.45;0;0;0;0;0;0;0;0;0;0;0;;;;;
2025-10-16;O_ARCLKE1025P160.00;ARCLK_10/2025_AVRUPA_OPSIYON;D_EQ;SSO;D_EQ_EPP;DE_ARCLK_EPP;ARCLK.E;2025-10-31;50.62;48.26;4.89;0;0;0;0;0;0;0;0;0;0;0;;;;;
2025-10-16;O_ARCLKE1025P92.00;ARCLK_10/2025_AVRUPA_OPSIYON;D_EQ;SSO;D_EQ_EPP;DE_ARCLK_EPP;ARCLK.E;2025-10-31;0.09;0.06;50;0;0;0;0;0;0;0;0;0;0;0;;;;;
2025-10-16;O_ARCLKE1025P94.00;ARCLK_10/2025_AVRUPA_OPSIYON;D_EQ;SSO;D_EQ_EPP;DE_ARCLK_EPP;ARCLK.E;2025-10-31;0.16;0.11;45.45;0;0;0;0;0;0;0;0;0;0;0;;;;;
2025-10-16;O_ARCLKE1025P96.00;ARCLK_10/2025_AVRUPA_OPSIYON;D_EQ;SSO;D_EQ_EPP;DE_ARCLK_EPP;ARCLK.E;2025-10-31;0.26;0.18;44.44;0;0;0;0;0;0;0;0;0;0;0;;;;;
2025-10-16;O_ARCLKE1025P98.00;ARCLK_10/2025_AVRUPA_OPSIYON;D_EQ;SSO;D_EQ_EPP;DE_ARCLK_EPP;ARCLK.E;2025-10-31;0.42;0.29;44.83;0;0;0;0;0;0;0;0;0;0;0;;;;;
2025-10-16;O_ARCLKE1125C110.00;ARCLK_11/2025_AVRUPA_OPSIYON;D_EQ;SSO;D_EQ_ECP;DE_ARCLK_ECP;ARCLK.E;2025-11-28;6.43;7.91;-18.71;0;0;0;0;0;0;0;0;0;0;0;;;;;
2025-10-16;O_ARCLKE1125C115.00;ARCLK_11/2025_AVRUPA_OPSIYON;D_EQ;SSO;D_EQ_ECP;DE_ARCLK_ECP;ARCLK.E;2025-11-28;4.27;5.4;-20.93;0;0;0;0;0;0;0;0;0;0;0;;;;;
2025-10-16;O_ARCLKE1125C120.00;ARCLK_11/2025_AVRUPA_OPSIYON;D_EQ;SSO;D_EQ_ECP;DE_ARCLK_ECP;ARCLK.E;2025-11-28;2.85;3.59;-20.61;0;0;0;0;0;0;0;0;0;3;0;;;;;
2025-10-16;O_ARCLKE1125C125.00;ARCLK_11/2025_AVRUPA_OPSIYON;D_EQ;SSO;D_EQ_ECP;DE_ARCLK_ECP;ARCLK.E;2025-11-28;1.97;2.47;-20.24;0;0;0;0;0;0;0;0;0;7;0;;;;;
2025-10-16;O_ARCLKE1125C130.00;ARCLK_11/2025_AVRUPA_OPSIYON;D_EQ;SSO;D_EQ_ECP;DE_ARCLK_ECP;ARCLK.E;2025-11-28;1.39;1.71;-18.71;0;0;0;0;0;0;0;0;0;1;0;;;;;
2025-10-16;O_ARCLKE1125C135.00;ARCLK_11/2025_AVRUPA_OPSIYON;D_EQ;SSO;D_EQ_ECP;DE_ARCLK_ECP;ARCLK.E;2025-11-28;0.99;1.2;-17.5;0;0;0;0;0;0;0;0;0;0;0;;;;;
2025-10-16;O_ARCLKE1125C140.00;ARCLK_11/2025_AVRUPA_OPSIYON;D_EQ;SSO;D_EQ_ECP;DE_ARCLK_ECP;ARCLK.E;2025-11-28;0.73;0.85;-14.12;0;0;0;0;0;0;0;0;0;0;0;;;;;
2025-10-16;O_ARCLKE1125C145.00;ARCLK_11/2025_AVRUPA_OPSIYON;D_EQ;SSO;D_EQ_ECP;DE_ARCLK_ECP;ARCLK.E;2025-11-28;0.55;0.62;-11.29;0;0;0;0;0;0;0;0;0;0;0;;;;;
2025-10-16;O_ARCLKE1125C150.00;ARCLK_11/2025_AVRUPA_OPSIYON;D_EQ;SSO;D_EQ_ECP;DE_ARCLK_ECP;ARCLK.E;2025-11-28;0.42;0.46;-8.7;0;0;0;0;0;0;0;0;0;0;0;;;;;
2025-10-16;O_ARCLKE1125C155.00;ARCLK_11/2025_AVRUPA_OPSIYON;D_EQ;SSO;D_EQ_ECP;DE_ARCLK_ECP;ARCLK.E;2025-11-28;0.33;0.35;-5.71;0;0;0;0;0;0;0;0;0;0;0;;;;;
2025-10-16;O_ARCLKE1125C160.00;ARCLK_11/2025_AVRUPA_OPSIYON;D_EQ;SSO;D_EQ_ECP;DE_ARCLK_ECP;ARCLK.E;2025-11-28;0.27;0.27;0;0;0;0;0;0;0;0;0;0;0;0;;;;;
2025-10-16;O_ARCLKE1125C165.00;ARCLK_11/2025_AVRUPA_OPSIYON;D_EQ;SSO;D_EQ_ECP;DE_ARCLK_ECP;ARCLK.E;2025-11-28;0.22;0.21;4.76;0;0;0;0;0;0;0;0;0;0;0;;;;;
2025-10-16;O_ARCLKE1125C170.00;ARCLK_11/2025_AVRUPA_OPSIYON;D_EQ;SSO;D_EQ_ECP;DE_ARCLK_ECP;ARCLK.E;2025-11-28;0.19;0.17;11.76;0;0;0;0;0;0;0;0;0;0;0;;;;;
2025-10-16;O_ARCLKE1125C175.00;ARCLK_11/2025_AVRUPA_OPSIYON;D_EQ;SSO;D_EQ_ECP;DE_ARCLK_ECP;ARCLK.E;2025-11-28;0.16;0.14;14.29;0;0;0;0;0;0;0;0;0;0;0;;;;;
2025-10-16;O_ARCLKE1125C180.00;ARCLK_11/2025_AVRUPA_OPSIYON;D_EQ;SSO;D_EQ_ECP;DE_ARCLK_ECP;ARCLK.E;2025-11-28;0.14;0.12;16.67;0;0;0;0;0;0;0;0;0;0;0;;;;;
2025-10-16;O_ARCLKE1125P100.00;ARCLK_11/2025_AVRUPA_OPSIYON;D_EQ;SSO;D_EQ_EPP;DE_ARCLK_EPP;ARCLK.E;2025-11-28;1.71;1.39;23.02;0;0;0;0;0;0;0;0;0;0;0;;;;;
2025-10-16;O_ARCLKE1125P105.00;ARCLK_11/2025_AVRUPA_OPSIYON;D_EQ;SSO;D_EQ_EPP;DE_ARCLK_EPP;ARCLK.E;2025-11-28;2.86;2.37;20.68;0;0;0;0;0;0;0;0;0;10;0;;;;;
2025-10-16;O_ARCLKE1125P110.00;ARCLK_11/2025_AVRUPA_OPSIYON;D_EQ;SSO;D_EQ_EPP;DE_ARCLK_EPP;ARCLK.E;2025-11-28;4.71;3.89;21.08;0;0;0;0;0;0;0;0;0;1;0;;;;;
2025-10-16;O_ARCLKE1125P115.00;ARCLK_11/2025_AVRUPA_OPSIYON;D_EQ;SSO;D_EQ_EPP;DE_ARCLK_EPP;ARCLK.E;2025-11-28;7.33;6.15;19.19;0;0;0;0;0;0;0;0;0;2;0;;;;;
2025-10-16;O_ARCLKE1125P120.00;ARCLK_11/2025_AVRUPA_OPSIYON;D_EQ;SSO;D_EQ_EPP;DE_ARCLK_EPP;ARCLK.E;2025-11-28;10.7;9.11;17.45;0;0;0;0;0;0;0;0;0;2;0;;;;;
2025-10-16;O_ARCLKE1125P125.00;ARCLK_11/2025_AVRUPA_OPSIYON;D_EQ;SSO;D_EQ_EPP;DE_ARCLK_EPP;ARCLK.E;2025-11-28;14.6;12.77;14.33;0;0;0;0;0;0;0;0;0;0;0;;;;;
2025-10-16;O_ARCLKE1125P130.00;ARCLK_11/2025_AVRUPA_OPSIYON;D_EQ;SSO;D_EQ_EPP;DE_ARCLK_EPP;ARCLK.E;2025-11-28;18.79;16.79;11.91;0;0;0;0;0;0;0;0;0;0;0;;;;;
2025-10-16;O_ARCLKE1125P135.00;ARCLK_11/2025_AVRUPA_OPSIYON;D_EQ;SSO;D_EQ_EPP;DE_ARCLK_EPP;ARCLK.E;2025-11-28;23.18;21.05;10.12;0;0;0;0;0;0;0;0;0;0;0;;;;;
2025-10-16;O_ARCLKE1125P140.00;ARCLK_11/2025_AVRUPA_OPSIYON;D_EQ;SSO;D_EQ_EPP;DE_ARCLK_EPP;ARCLK.E;2025-11-28;27.7;25.49;8.67;0;0;0;0;0;0;0;0;0;0;0;;;;;
2025-10-16;O_ARCLKE1125P145.00;ARCLK_11/2025_AVRUPA_OPSIYON;D_EQ;SSO;D_EQ_EPP;DE_ARCLK_EPP;ARCLK.E;2025-11-28;32.3;30.03;7.56;0;0;0;0;0;0;0;0;0;0;0;;;;;
2025-10-16;O_ARCLKE1125P150.00;ARCLK_11/2025_AVRUPA_OPSIYON;D_EQ;SSO;D_EQ_EPP;DE_ARCLK_EPP;ARCLK.E;2025-11-28;36.95;34.64;6.67;0;0;0;0;0;0;0;0;0;0;0;;;;;
2025-10-16;O_ARCLKE1125P155.00;ARCLK_11/2025_AVRUPA_OPSIYON;D_EQ;SSO;D_EQ_EPP;DE_ARCLK_EPP;ARCLK.E;2025-11-28;41.65;39.31;5.95;0;0;0;0;0;0;0;0;0;0;0;;;;;
2025-10-16;O_ARCLKE1125P94.00;ARCLK_11/2025_AVRUPA_OPSIYON;D_EQ;SSO;D_EQ_EPP;DE_ARCLK_EPP;ARCLK.E;2025-11-28;0.86;0.68;26.47;0;0;0;0;0;0;0;0;0;0;0;;;;;
2025-10-16;O_ARCLKE1125P96.00;ARCLK_11/2025_AVRUPA_OPSIYON;D_EQ;SSO;D_EQ_EPP;DE_ARCLK_EPP;ARCLK.E;2025-11-28;1.09;0.87;25.29;0;0;0;0;0;0;0;0;0;0;0;;;;;
2025-10-16;O_ARCLKE1125P98.00;ARCLK_11/2025_AVRUPA_OPSIYON;D_EQ;SSO;D_EQ_EPP;DE_ARCLK_EPP;ARCLK.E;2025-11-28;1.37;1.1;24.55;0;0;0;0;0;0;0;0;0;0;0;;;;;
2025-10-16;O_ARCLKE1225C110.00;ARCLK_12/2025_AVRUPA_OPSIYON;D_EQ;SSO;D_EQ_ECP;DE_ARCLK_ECP;ARCLK.E;2025-12-31;11.21;13.01;-13.84;0;0;0;0;0;0;0;0;0;0;0;;;;;
2025-10-16;O_ARCLKE1225C115.00;ARCLK_12/2025_AVRUPA_OPSIYON;D_EQ;SSO;D_EQ_ECP;DE_ARCLK_ECP;ARCLK.E;2025-12-31;8.57;10.07;-14.9;0;0;0;0;0;0;0;0;0;0;0;;;;;
2025-10-16;O_ARCLKE1225C120.00;ARCLK_12/2025_AVRUPA_OPSIYON;D_EQ;SSO;D_EQ_ECP;DE_ARCLK_ECP;ARCLK.E;2025-12-31;6.49;7.7;-15.71;0;0;0;0;0;0;0;0;0;0;0;;;;;
2025-10-16;O_ARCLKE1225C125.00;ARCLK_12/2025_AVRUPA_OPSIYON;D_EQ;SSO;D_EQ_ECP;DE_ARCLK_ECP;ARCLK.E;2025-12-31;5.06;5.89;-14.09;0;0;0;0;0;0;0;0;0;0;0;;;;;
2025-10-16;O_ARCLKE1225C130.00;ARCLK_12/2025_AVRUPA_OPSIYON;D_EQ;SSO;D_EQ_ECP;DE_ARCLK_ECP;ARCLK.E;2025-12-31;4.04;4.66;-13.3;0;0;0;0;0;0;0;0;0;0;0;;;;;
2025-10-16;O_ARCLKE1225C135.00;ARCLK_12/2025_AVRUPA_OPSIYON;D_EQ;SSO;D_EQ_ECP;DE_ARCLK_ECP;ARCLK.E;2025-12-31;3.27;3.72;-12.1;0;0;0;0;0;0;0;0;0;0;0;;;;;
2025-10-16;O_ARCLKE1225C140.00;ARCLK_12/2025_AVRUPA_OPSIYON;D_EQ;SSO;D_EQ_ECP;DE_ARCLK_ECP;ARCLK.E;2025-12-31;2.69;3.01;-10.63;0;0;0;0;0;0;0;0;0;0;0;;;;;
2025-10-16;O_ARCLKE1225C145.00;ARCLK_12/2025_AVRUPA_OPSIYON;D_EQ;SSO;D_EQ_ECP;DE_ARCLK_ECP;ARCLK.E;2025-12-31;2.25;2.46;-8.54;0;0;0;0;0;0;0;0;0;0;0;;;;;
2025-10-16;O_ARCLKE1225C150.00;ARCLK_12/2025_AVRUPA_OPSIYON;D_EQ;SSO;D_EQ_ECP;DE_ARCLK_ECP;ARCLK.E;2025-12-31;1.91;2.04;-6.37;0;0;0;0;0;0;0;0;0;0;0;;;;;
2025-10-16;O_ARCLKE1225C155.00;ARCLK_12/2025_AVRUPA_OPSIYON;D_EQ;SSO;D_EQ_ECP;DE_ARCLK_ECP;ARCLK.E;2025-12-31;1.65;1.71;-3.51;0;0;0;0;0;0;0;0;0;0;0;;;;;
2025-10-16;O_ARCLKE1225C160.00;ARCLK_12/2025_AVRUPA_OPSIYON;D_EQ;SSO;D_EQ_ECP;DE_ARCLK_ECP;ARCLK.E;2025-12-31;1.44;1.46;-1.37;0;0;0;0;0;0;0;0;0;0;0;;;;;
2025-10-16;O_ARCLKE1225C165.00;ARCLK_12/2025_AVRUPA_OPSIYON;D_EQ;SSO;D_EQ_ECP;DE_ARCLK_ECP;ARCLK.E;2025-12-31;1.28;1.26;1.59;0;0;0;0;0;0;0;0;0;0;0;;;;;
2025-10-16;O_ARCLKE1225C170.00;ARCLK_12/2025_AVRUPA_OPSIYON;D_EQ;SSO;D_EQ_ECP;DE_ARCLK_ECP;ARCLK.E;2025-12-31;1.15;1.1;4.55;0;0;0;0;0;0;0;0;0;0;0;;;;;
2025-10-16;O_ARCLKE1225P100.00;ARCLK_12/2025_AVRUPA_OPSIYON;D_EQ;SSO;D_EQ_EPP;DE_ARCLK_EPP;ARCLK.E;2025-12-31;2.1;1.77;18.64;0;0;0;0;0;0;0;0;0;0;0;;;;;
2025-10-16;O_ARCLKE1225P105.00;ARCLK_12/2025_AVRUPA_OPSIYON;D_EQ;SSO;D_EQ_EPP;DE_ARCLK_EPP;ARCLK.E;2025-12-31;3.02;2.61;15.71;0;0;0;0;0;0;0;0;0;0;0;;;;;
2025-10-16;O_ARCLKE1225P110.00;ARCLK_12/2025_AVRUPA_OPSIYON;D_EQ;SSO;D_EQ_EPP;DE_ARCLK_EPP;ARCLK.E;2025-12-31;4.27;3.73;14.48;0;0;0;0;0;0;0;0;0;0;0;;;;;
2025-10-16;O_ARCLKE1225P115.00;ARCLK_12/2025_AVRUPA_OPSIYON;D_EQ;SSO;D_EQ_EPP;DE_ARCLK_EPP;ARCLK.E;2025-12-31;6.16;5.33;15.57;0;0;0;0;0;0;0;0;0;0;0;;;;;
2025-10-16;O_ARCLKE1225P120.00;ARCLK_12/2025_AVRUPA_OPSIYON;D_EQ;SSO;D_EQ_EPP;DE_ARCLK_EPP;ARCLK.E;2025-12-31;8.63;7.51;14.91;0;0;0;0;0;0;0;0;0;0;0;;;;;
2025-10-16;O_ARCLKE1225P125.00;ARCLK_12/2025_AVRUPA_OPSIYON;D_EQ;SSO;D_EQ_EPP;DE_ARCLK_EPP;ARCLK.E;2025-12-31;11.74;10.23;14.76;0;0;0;0;0;0;0;0;0;0;0;;;;;
2025-10-16;O_ARCLKE1225P130.00;ARCLK_12/2025_AVRUPA_OPSIYON;D_EQ;SSO;D_EQ_EPP;DE_ARCLK_EPP;ARCLK.E;2025-12-31;15.27;13.54;12.78;0;0;0;0;0;0;0;0;0;0;0;;;;;
2025-10-16;O_ARCLKE1225P135.00;ARCLK_12/2025_AVRUPA_OPSIYON;D_EQ;SSO;D_EQ_EPP;DE_ARCLK_EPP;ARCLK.E;2025-12-31;19.04;17.14;11.09;0;0;0;0;0;0;0;0;0;0;0;;;;;
2025-10-16;O_ARCLKE1225P140.00;ARCLK_12/2025_AVRUPA_OPSIYON;D_EQ;SSO;D_EQ_EPP;DE_ARCLK_EPP;ARCLK.E;2025-12-31;23.01;20.96;9.78;0;0;0;0;0;0;0;0;0;0;0;;;;;
2025-10-16;O_ARCLKE1225P145.00;ARCLK_12/2025_AVRUPA_OPSIYON;D_EQ;SSO;D_EQ_EPP;DE_ARCLK_EPP;ARCLK.E;2025-12-31;27.11;24.95;8.66;0;0;0;0;0;0;0;0;0;0;0;;;;;
2025-10-16;O_ARCLKE1225P94.00;ARCLK_12/2025_AVRUPA_OPSIYON;D_EQ;SSO;D_EQ_EPP;DE_ARCLK_EPP;ARCLK.E;2025-12-31;1.3;1.07;21.5;0;0;0;0;0;0;0;0;0;0;0;;;;;
2025-10-16;O_ARCLKE1225P96.00;ARCLK_12/2025_AVRUPA_OPSIYON;D_EQ;SSO;D_EQ_EPP;DE_ARCLK_EPP;ARCLK.E;2025-12-31;1.53;1.27;20.47;0;0;0;0;0;0;0;0;0;0;0;;;;;
2025-10-16;O_ARCLKE1225P98.00;ARCLK_12/2025_AVRUPA_OPSIYON;D_EQ;SSO;D_EQ_EPP;DE_ARCLK_EPP;ARCLK.E;2025-12-31;1.8;1.51;19.21;0;0;0;0;0;0;0;0;0;0;0;;;;;
2025-10-16;O_ASELSE1025C175.00;ASELS_10/2025_AVRUPA_OPSIYON;D_EQ;SSO;D_EQ_ECP;DE_ASELS_ECP;ASELS.E;2025-10-31;32;35.94;-10.96;0;0;0;0;0;0;0;0;0;20;0;;;;;
2025-10-16;O_ASELSE1025C180.00;ASELS_10/2025_AVRUPA_OPSIYON;D_EQ;SSO;D_EQ_ECP;DE_ASELS_ECP;ASELS.E;2025-10-31;27.27;31.16;-12.48;0;0;0;0;0;0;0;0;0;33;0;;;;;
2025-10-16;O_ASELSE1025C185.00;ASELS_10/2025_AVRUPA_OPSIYON;D_EQ;SSO;D_EQ_ECP;DE_ASELS_ECP;ASELS.E;2025-10-31;22.67;26.5;-14.45;0;0;0;0;0;0;0;0;0;30;0;;;;;
2025-10-16;O_ASELSE1025C190.00;ASELS_10/2025_AVRUPA_OPSIYON;D_EQ;SSO;D_EQ_ECP;DE_ASELS_ECP;ASELS.E;2025-10-31;18.3;22;-16.82;0;0;0;0;0;0;0;0;0;43;0;;;;;
2025-10-16;O_ASELSE1025C195.00;ASELS_10/2025_AVRUPA_OPSIYON;D_EQ;SSO;D_EQ_ECP;DE_ASELS_ECP;ASELS.E;2025-10-31;14.25;17.74;-19.67;0;0;0;0;0;0;0;0;0;20;0;;;;;
2025-10-16;O_ASELSE1025C200.00;ASELS_10/2025_AVRUPA_OPSIYON;D_EQ;SSO;D_EQ_ECP;DE_ASELS_ECP;ASELS.E;2025-10-31;10.61;13.81;-23.17;13.81;13.34;13.81;13.34;13.58;40000;2715;2;2;30;0;;;;;
2025-10-16;O_ASELSE1025C205.00;ASELS_10/2025_AVRUPA_OPSIYON;D_EQ;SSO;D_EQ_ECP;DE_ASELS_ECP;ASELS.E;2025-10-31;7.62;10.32;-26.16;0;0;0;0;0;0;0;0;0;102;0;;;;;
2025-10-16;O_ASELSE1025C210.00;ASELS_10/2025_AVRUPA_OPSIYON;D_EQ;SSO;D_EQ_ECP;DE_ASELS_ECP;ASELS.E;2025-10-31;5.22;7.46;-30.03;0;0;0;0;0;0;0;0;0;420;0;;;;;
2025-10-16;O_ASELSE1025C215.00;ASELS_10/2025_AVRUPA_OPSIYON;D_EQ;SSO;D_EQ_ECP;DE_ASELS_ECP;ASELS.E;2025-10-31;3.46;5.18;-33.2;5.59;5.59;5.59;5.59;5.59;107500;2795;5;1;30;-5;;;;;
2025-10-16;O_ASELSE1025C220.00;ASELS_10/2025_AVRUPA_OPSIYON;D_EQ;SSO;D_EQ_ECP;DE_ASELS_ECP;ASELS.E;2025-10-31;2.2;3.48;-36.78;0;0;0;0;0;0;0;0;0;391;0;;;;;
2025-10-16;O_ASELSE1025C225.00;ASELS_10/2025_AVRUPA_OPSIYON;D_EQ;SSO;D_EQ_ECP;DE_ASELS_ECP;ASELS.E;2025-10-31;1.4;2.27;-38.33;0;0;0;0;0;0;0;0;0;267;0;;;;;
2025-10-16;O_ASELSE1025C230.00;ASELS_10/2025_AVRUPA_OPSIYON;D_EQ;SSO;D_EQ_ECP;DE_ASELS_ECP;ASELS.E;2025-10-31;0.9;1.48;-39.19;0;0;0;0;0;0;0;0;0;129;0;;;;;
2025-10-16;O_ASELSE1025C235.00;ASELS_10/2025_AVRUPA_OPSIYON;D_EQ;SSO;D_EQ_ECP;DE_ASELS_ECP;ASELS.E;2025-10-31;0.57;0.97;-41.24;1.1;1.1;1.1;1.1;1.1;23500;110;1;1;187;0;;;;;
2025-10-16;O_ASELSE1025C240.00;ASELS_10/2025_AVRUPA_OPSIYON;D_EQ;SSO;D_EQ_ECP;DE_ASELS_ECP;ASELS.E;2025-10-31;0.36;0.64;-43.75;0.6;0.6;0.6;0.6;0.6;24000;60;1;1;723;0;;;;;
2025-10-16;O_ASELSE1025C245.00;ASELS_10/2025_AVRUPA_OPSIYON;D_EQ;SSO;D_EQ_ECP;DE_ASELS_ECP;ASELS.E;2025-10-31;0.23;0.42;-45.24;0;0;0;0;0;0;0;0;0;55;0;;;;;
2025-10-16;O_ASELSE1025C250.00;ASELS_10/2025_AVRUPA_OPSIYON;D_EQ;SSO;D_EQ_ECP;DE_ASELS_ECP;ASELS.E;2025-10-31;0.15;0.27;-44.44;0;0;0;0;0;0;0;0;0;6900;0;;;;;
2025-10-16;O_ASELSE1025C260.00;ASELS_10/2025_AVRUPA_OPSIYON;D_EQ;SSO;D_EQ_ECP;DE_ASELS_ECP;ASELS.E;2025-10-31;0.06;0.12;-50;0;0;0;0;0;0;0;0;0;0;0;;;;;
2025-10-16;O_ASELSE1025P150.00;ASELS_10/2025_AVRUPA_OPSIYON;D_EQ;SSO;D_EQ_EPP;DE_ASELS_EPP;ASELS.E;2025-10-31;0.01;0.01;0;0;0;0;0;0;0;0;0;0;0;0;;;;;
2025-10-16;O_ASELSE1025P155.00;ASELS_10/2025_AVRUPA_OPSIYON;D_EQ;SSO;D_EQ_EPP;DE_ASELS_EPP;ASELS.E;2025-10-31;0.01;0.01;0;0;0;0;0;0;0;0;0;0;4;0;;;;;
2025-10-16;O_ASELSE1025P160.00;ASELS_10/2025_AVRUPA_OPSIYON;D_EQ;SSO;D_EQ_EPP;DE_ASELS_EPP;ASELS.E;2025-10-31;0.02;0.01;100;0;0;0;0;0;0;0;0;0;1;0;;;;;
2025-10-16;O_ASELSE1025P165.00;ASELS_10/2025_AVRUPA_OPSIYON;D_EQ;SSO;D_EQ_EPP;DE_ASELS_EPP;ASELS.E;2025-10-31;0.04;0.03;33.33;0;0;0;0;0;0;0;0;0;0;0;;;;;
2025-10-16;O_ASELSE1025P170.00;ASELS_10/2025_AVRUPA_OPSIYON;D_EQ;SSO;D_EQ_EPP;DE_ASELS_EPP;ASELS.E;2025-10-31;0.09;0.07;28.57;0;0;0;0;0;0;0;0;0;1;0;;;;;
2025-10-16;O_ASELSE1025P175.00;ASELS_10/2025_AVRUPA_OPSIYON;D_EQ;SSO;D_EQ_EPP;DE_ASELS_EPP;ASELS.E;2025-10-31;0.19;0.15;26.67;0;0;0;0;0;0;0;0;0;0;0;;;;;
2025-10-16;O_ASELSE1025P180.00;ASELS_10/2025_AVRUPA_OPSIYON;D_EQ;SSO;D_EQ_EPP;DE_ASELS_EPP;ASELS.E;2025-10-31;0.38;0.29;31.03;0;0;0;0;0;0;0;0;0;20;0;;;;;
2025-10-16;O_ASELSE1025P185.00;ASELS_10/2025_AVRUPA_OPSIYON;D_EQ;SSO;D_EQ_EPP;DE_ASELS_EPP;ASELS.E;2025-10-31;0.71;0.54;31.48;0;0;0;0;0;0;0;0;0;0;0;;;;;
2025-10-16;O_ASELSE1025P190.00;ASELS_10/2025_AVRUPA_OPSIYON;D_EQ;SSO;D_EQ_EPP;DE_ASELS_EPP;ASELS.E;2025-10-31;1.26;0.96;31.25;0;0;0;0;0;0;0;0;0;531;0;;;;;
2025-10-16;O_ASELSE1025P195.00;ASELS_10/2025_AVRUPA_OPSIYON;D_EQ;SSO;D_EQ_EPP;DE_ASELS_EPP;ASELS.E;2025-10-31;2.12;1.62;30.86;0;0;0;0;0;0;0;0;0;116;0;;;;;
2025-10-16;O_ASELSE1025P200.00;ASELS_10/2025_AVRUPA_OPSIYON;D_EQ;SSO;D_EQ_EPP;DE_ASELS_EPP;ASELS.E;2025-10-31;3.42;2.61;31.03;4;4;4.25;4.25;4.08;60000;1225;3;3;346;-1;;;;;
2025-10-16;O_ASELSE1025P205.00;ASELS_10/2025_AVRUPA_OPSIYON;D_EQ;SSO;D_EQ_EPP;DE_ASELS_EPP;ASELS.E;2025-10-31;5.34;4.03;32.51;0;0;0;0;0;0;0;0;0;63;0;;;;;
2025-10-16;O_ASELSE1025P210.00;ASELS_10/2025_AVRUPA_OPSIYON;D_EQ;SSO;D_EQ_EPP;DE_ASELS_EPP;ASELS.E;2025-10-31;7.87;6.1;29.02;7.03;7.03;7.03;7.03;7.03;168000;5624;8;2;52;8;;;;;
2025-10-16;O_ASELSE1025P215.00;ASELS_10/2025_AVRUPA_OPSIYON;D_EQ;SSO;D_EQ_EPP;DE_ASELS_EPP;ASELS.E;2025-10-31;11.02;8.72;26.38;0;0;0;0;0;0;0;0;0;19;0;;;;;
2025-10-16;O_ASELSE1025P220.00;ASELS_10/2025_AVRUPA_OPSIYON;D_EQ;SSO;D_EQ_EPP;DE_ASELS_EPP;ASELS.E;2025-10-31;14.69;11.95;22.93;0;0;0;0;0;0;0;0;0;261;0;;;;;
2025-10-16;O_ASELSE1025P225.00;ASELS_10/2025_AVRUPA_OPSIYON;D_EQ;SSO;D_EQ_EPP;DE_ASELS_EPP;ASELS.E;2025-10-31;18.82;15.65;20.26;0;0;0;0;0;0;0;0;0;22;0;;;;;
2025-10-16;O_ASELSE1025P230.00;ASELS_10/2025_AVRUPA_OPSIYON;D_EQ;SSO;D_EQ_EPP;DE_ASELS_EPP;ASELS.E;2025-10-31;23.23;19.78;17.44;0;0;0;0;0;0;0;0;0;25;0;;;;;
2025-10-16;O_ASELSE1125C180.00;ASELS_11/2025_AVRUPA_OPSIYON;D_EQ;SSO;D_EQ_ECP;DE_ASELS_ECP;ASELS.E;2025-11-28;33.84;37.57;-9.93;0;0;0;0;0;0;0;0;0;0;0;;;;;
2025-10-16;O_ASELSE1125C185.00;ASELS_11/2025_AVRUPA_OPSIYON;D_EQ;SSO;D_EQ_ECP;DE_ASELS_ECP;ASELS.E;2025-11-28;29.72;33.36;-10.91;0;0;0;0;0;0;0;0;0;0;0;;;;;
2025-10-16;O_ASELSE1125C190.00;ASELS_11/2025_AVRUPA_OPSIYON;D_EQ;SSO;D_EQ_ECP;DE_ASELS_ECP;ASELS.E;2025-11-28;25.77;29.3;-12.05;0;0;0;0;0;0;0;0;0;0;0;;;;;
2025-10-16;O_ASELSE1125C195.00;ASELS_11/2025_AVRUPA_OPSIYON;D_EQ;SSO;D_EQ_ECP;DE_ASELS_ECP;ASELS.E;2025-11-28;22.04;25.42;-13.3;23.7;23.7;23.7;23.7;23.7;195000;23700;10;1;10;10;;;;;
2025-10-16;O_ASELSE1125C200.00;ASELS_11/2025_AVRUPA_OPSIYON;D_EQ;SSO;D_EQ_ECP;DE_ASELS_ECP;ASELS.E;2025-11-28;18.55;21.75;-14.71;20.3;20.3;20.3;20.3;20.3;400000;40600;20;2;20;20;;;;;
2025-10-16;O_ASELSE1125C205.00;ASELS_11/2025_AVRUPA_OPSIYON;D_EQ;SSO;D_EQ_ECP;DE_ASELS_ECP;ASELS.E;2025-11-28;15.33;18.33;-16.37;17.2;17.2;17.2;17.2;17.2;410000;34400;20;2;8;-20;;;;;
2025-10-16;O_ASELSE1125C210.00;ASELS_11/2025_AVRUPA_OPSIYON;D_EQ;SSO;D_EQ_ECP;DE_ASELS_ECP;ASELS.E;2025-11-28;12.57;15.18;-17.19;0;0;0;0;0;0;0;0;0;28;0;;;;;
2025-10-16;O_ASELSE1125C215.00;ASELS_11/2025_AVRUPA_OPSIYON;D_EQ;SSO;D_EQ_ECP;DE_ASELS_ECP;ASELS.E;2025-11-28;10.19;12.49;-18.41;0;0;0;0;0;0;0;0;0;28;0;;;;;
2025-10-16;O_ASELSE1125C220.00;ASELS_11/2025_AVRUPA_OPSIYON;D_EQ;SSO;D_EQ_ECP;DE_ASELS_ECP;ASELS.E;2025-11-28;8.2;10.17;-19.37;0;0;0;0;0;0;0;0;0;20;0;;;;;
2025-10-16;O_ASELSE1125C225.00;ASELS_11/2025_AVRUPA_OPSIYON;D_EQ;SSO;D_EQ_ECP;DE_ASELS_ECP;ASELS.E;2025-11-28;6.56;8.22;-20.19;0;0;0;0;0;0;0;0;0;28;0;;;;;
2025-10-16;O_ASELSE1125C230.00;ASELS_11/2025_AVRUPA_OPSIYON;D_EQ;SSO;D_EQ_ECP;DE_ASELS_ECP;ASELS.E;2025-11-28;5.27;6.62;-20.39;0;0;0;0;0;0;0;0;0;96;0;;;;;
2025-10-16;O_ASELSE1125C235.00;ASELS_11/2025_AVRUPA_OPSIYON;D_EQ;SSO;D_EQ_ECP;DE_ASELS_ECP;ASELS.E;2025-11-28;4.32;5.35;-19.25;0;0;0;0;0;0;0;0;0;108;0;;;;;
2025-10-16;O_ASELSE1125C240.00;ASELS_11/2025_AVRUPA_OPSIYON;D_EQ;SSO;D_EQ_ECP;DE_ASELS_ECP;ASELS.E;2025-11-28;3.55;4.42;-19.68;0;0;0;0;0;0;0;0;0;0;0;;;;;
2025-10-16;O_ASELSE1125C245.00;ASELS_11/2025_AVRUPA_OPSIYON;D_EQ;SSO;D_EQ_ECP;DE_ASELS_ECP;ASELS.E;2025-11-28;2.93;3.66;-19.95;0;0;0;0;0;0;0;0;0;0;0;;;;;
2025-10-16;O_ASELSE1125C250.00;ASELS_11/2025_AVRUPA_OPSIYON;D_EQ;SSO;D_EQ_ECP;DE_ASELS_ECP;ASELS.E;2025-11-28;2.43;3.04;-20.07;0;0;0;0;0;0;0;0;0;0;0;;;;;
2025-10-16;O_ASELSE1125C260.00;ASELS_11/2025_AVRUPA_OPSIYON;D_EQ;SSO;D_EQ_ECP;DE_ASELS_ECP;ASELS.E;2025-11-28;1.7;2.13;-20.19;0;0;0;0;0;0;0;0;0;100;0;;;;;
2025-10-16;O_ASELSE1125C270.00;ASELS_11/2025_AVRUPA_OPSIYON;D_EQ;SSO;D_EQ_ECP;DE_ASELS_ECP;ASELS.E;2025-11-28;1.21;1.53;-20.92;0;0;0;0;0;0;0;0;0;24;0;;;;;
2025-10-16;O_ASELSE1125P155.00;ASELS_11/2025_AVRUPA_OPSIYON;D_EQ;SSO;D_EQ_EPP;DE_ASELS_EPP;ASELS.E;2025-11-28;0.32;0.28;14.29;0;0;0;0;0;0;0;0;0;0;0;;;;;
2025-10-16;O_ASELSE1125P160.00;ASELS_11/2025_AVRUPA_OPSIYON;D_EQ;SSO;D_EQ_EPP;DE_ASELS_EPP;ASELS.E;2025-11-28;0.47;0.41;14.63;0;0;0;0;0;0;0;0;0;0;0;;;;;
2025-10-16;O_ASELSE1125P165.00;ASELS_11/2025_AVRUPA_OPSIYON;D_EQ;SSO;D_EQ_EPP;DE_ASELS_EPP;ASELS.E;2025-11-28;0.68;0.6;13.33;0;0;0;0;0;0;0;0;0;0;0;;;;;
2025-10-16;O_ASELSE1125P170.00;ASELS_11/2025_AVRUPA_OPSIYON;D_EQ;SSO;D_EQ_EPP;DE_ASELS_EPP;ASELS.E;2025-11-28;0.97;0.84;15.48;0;0;0;0;0;0;0;0;0;0;0;;;;;
2025-10-16;O_ASELSE1125P175.00;ASELS_11/2025_AVRUPA_OPSIYON;D_EQ;SSO;D_EQ_EPP;DE_ASELS_EPP;ASELS.E;2025-11-28;1.36;1.17;16.24;0;0;0;0;0;0;0;0;0;50;0;;;;;
2025-10-16;O_ASELSE1125P180.00;ASELS_11/2025_AVRUPA_OPSIYON;D_EQ;SSO;D_EQ_EPP;DE_ASELS_EPP;ASELS.E;2025-11-28;1.86;1.61;15.53;0;0;0;0;0;0;0;0;0;25;0;;;;;
2025-10-16;O_ASELSE1125P185.00;ASELS_11/2025_AVRUPA_OPSIYON;D_EQ;SSO;D_EQ_EPP;DE_ASELS_EPP;ASELS.E;2025-11-28;2.52;2.17;16.13;0;0;0;0;0;0;0;0;0;49;0;;;;;
2025-10-16;O_ASELSE1125P190.00;ASELS_11/2025_AVRUPA_OPSIYON;D_EQ;SSO;D_EQ_EPP;DE_ASELS_EPP;ASELS.E;2025-11-28;3.36;2.89;16.26;0;0;0;0;0;0;0;0;0;35;0;;;;;
2025-10-16;O_ASELSE1125P195.00;ASELS_11/2025_AVRUPA_OPSIYON;D_EQ;SSO;D_EQ_EPP;DE_ASELS_EPP;ASELS.E;2025-11-28;4.4;3.79;16.09;0;0;0;0;0;0;0;0;0;0;0;;;;;
2025-10-16;O_ASELSE1125P200.00;ASELS_11/2025_AVRUPA_OPSIYON;D_EQ;SSO;D_EQ_EPP;DE_ASELS_EPP;ASELS.E;2025-11-28;5.69;4.9;16.12;0;0;0;0;0;0;0;0;0;1;0;;;;;
2025-10-16;O_ASELSE1125P205.00;ASELS_11/2025_AVRUPA_OPSIYON;D_EQ;SSO;D_EQ_EPP;DE_ASELS_EPP;ASELS.E;2025-11-28;7.26;6.25;16.16;0;0;0;0;0;0;0;0;0;0;0;;;;;
2025-10-16;O_ASELSE1125P210.00;ASELS_11/2025_AVRUPA_OPSIYON;D_EQ;SSO;D_EQ_EPP;DE_ASELS_EPP;ASELS.E;2025-11-28;9.27;7.88;17.64;0;0;0;0;0;0;0;0;0;0;0;;;;;
2025-10-16;O_ASELSE1125P215.00;ASELS_11/2025_AVRUPA_OPSIYON;D_EQ;SSO;D_EQ_EPP;DE_ASELS_EPP;ASELS.E;2025-11-28;11.68;9.96;17.27;0;0;0;0;0;0;0;0;0;0;0;;;;;
2025-10-16;O_ASELSE1125P220.00;ASELS_11/2025_AVRUPA_OPSIYON;D_EQ;SSO;D_EQ_EPP;DE_ASELS_EPP;ASELS.E;2025-11-28;14.46;12.42;16.43;0;0;0;0;0;0;0;0;0;0;0;;;;;
2025-10-16;O_ASELSE1125P225.00;ASELS_11/2025_AVRUPA_OPSIYON;D_EQ;SSO;D_EQ_EPP;DE_ASELS_EPP;ASELS.E;2025-11-28;17.61;15.25;15.48;0;0;0;0;0;0;0;0;0;0;0;;;;;
2025-10-16;O_ASELSE1125P230.00;ASELS_11/2025_AVRUPA_OPSIYON;D_EQ;SSO;D_EQ_EPP;DE_ASELS_EPP;ASELS.E;2025-11-28;21.1;18.42;14.55;0;0;0;0;0;0;0;0;0;20;0;;;;;
2025-10-16;O_ASELSE1125P235.00;ASELS_11/2025_AVRUPA_OPSIYON;D_EQ;SSO;D_EQ_EPP;DE_ASELS_EPP;ASELS.E;2025-11-28;24.93;21.93;13.68;0;0;0;0;0;0;0;0;0;0;0;;;;;
2025-10-16;O_ASELSE1225C220.00;ASELS_12/2025_AVRUPA_OPSIYON;D_EQ;SSO;D_EQ_ECP;DE_ASELS_ECP;ASELS.E;2025-12-31;16.53;19.1;-13.46;0;0;0;0;0;0;0;0;0;0;0;;;;;
2025-10-16;O_ASELSE1225C225.00;ASELS_12/2025_AVRUPA_OPSIYON;D_EQ;SSO;D_EQ_ECP;DE_ASELS_ECP;ASELS.E;2025-12-31;14.26;16.64;-14.3;0;0;0;0;0;0;0;0;0;0;0;;;;;
2025-10-16;O_ASELSE1225C230.00;ASELS_12/2025_AVRUPA_OPSIYON;D_EQ;SSO;D_EQ_ECP;DE_ASELS_ECP;ASELS.E;2025-12-31;12.35;14.39;-14.18;0;0;0;0;0;0;0;0;0;0;0;;;;;
2025-10-16;O_ASELSE1225C235.00;ASELS_12/2025_AVRUPA_OPSIYON;D_EQ;SSO;D_EQ_ECP;DE_ASELS_ECP;ASELS.E;2025-12-31;10.65;12.5;-14.8;0;0;0;0;0;0;0;0;0;0;0;;;;;
2025-10-16;O_ASELSE1225C240.00;ASELS_12/2025_AVRUPA_OPSIYON;D_EQ;SSO;D_EQ_ECP;DE_ASELS_ECP;ASELS.E;2025-12-31;9.35;10.82;-13.59;0;0;0;0;0;0;0;0;0;0;0;;;;;
2025-10-16;O_ASELSE1225C245.00;ASELS_12/2025_AVRUPA_OPSIYON;D_EQ;SSO;D_EQ_ECP;DE_ASELS_ECP;ASELS.E;2025-12-31;8.28;9.52;-13.03;0;0;0;0;0;0;0;0;0;0;0;;;;;
2025-10-16;O_ASELSE1225C250.00;ASELS_12/2025_AVRUPA_OPSIYON;D_EQ;SSO;D_EQ_ECP;DE_ASELS_ECP;ASELS.E;2025-12-31;7.36;8.46;-13;0;0;0;0;0;0;0;0;0;0;0;;;;;
2025-10-16;O_ASELSE1225C260.00;ASELS_12/2025_AVRUPA_OPSIYON;D_EQ;SSO;D_EQ_ECP;DE_ASELS_ECP;ASELS.E;2025-12-31;5.87;6.75;-13.04;0;0;0;0;0;0;0;0;0;0;0;;;;;
2025-10-16;O_ASELSE1225C270.00;ASELS_12/2025_AVRUPA_OPSIYON;D_EQ;SSO;D_EQ_ECP;DE_ASELS_ECP;ASELS.E;2025-12-31;4.75;5.46;-13;0;0;0;0;0;0;0;0;0;0;0;;;;;
2025-10-16;O_ASELSE1225C280.00;ASELS_12/2025_AVRUPA_OPSIYON;D_EQ;SSO;D_EQ_ECP;DE_ASELS_ECP;ASELS.E;2025-12-31;3.91;4.49;-12.92;0;0;0;0;0;0;0;0;0;0;0;;;;;
2025-10-16;O_ASELSE1225P195.00;ASELS_12/2025_AVRUPA_OPSIYON;D_EQ;SSO;D_EQ_EPP;DE_ASELS_EPP;ASELS.E;2025-12-31;5.04;4.54;11.01;0;0;0;0;0;0;0;0;0;0;0;;;;;
2025-10-16;O_ASELSE1225P200.00;ASELS_12/2025_AVRUPA_OPSIYON;D_EQ;SSO;D_EQ_EPP;DE_ASELS_EPP;ASELS.E;2025-12-31;6.08;5.47;11.15;0;0;0;0;0;0;0;0;0;0;0;;;;;
2025-10-16;O_ASELSE1225P205.00;ASELS_12/2025_AVRUPA_OPSIYON;D_EQ;SSO;D_EQ_EPP;DE_ASELS_EPP;ASELS.E;2025-12-31;7.28;6.54;11.31;0;0;0;0;0;0;0;0;0;0;0;;;;;
2025-10-16;O_ASELSE1225P210.00;ASELS_12/2025_AVRUPA_OPSIYON;D_EQ;SSO;D_EQ_EPP;DE_ASELS_EPP;ASELS.E;2025-12-31;8.65;7.77;11.33;0;0;0;0;0;0;0;0;0;0;0;;;;;
2025-10-16;O_ASELSE1225P215.00;ASELS_12/2025_AVRUPA_OPSIYON;D_EQ;SSO;D_EQ_EPP;DE_ASELS_EPP;ASELS.E;2025-12-31;10.29;9.18;12.09;0;0;0;0;0;0;0;0;0;0;0;;;;;
2025-10-16;O_ASELSE1225P220.00;ASELS_12/2025_AVRUPA_OPSIYON;D_EQ;SSO;D_EQ_EPP;DE_ASELS_EPP;ASELS.E;2025-12-31;12.34;10.86;13.63;0;0;0;0;0;0;0;0;0;0;0;;;;;
2025-10-16;O_ASELSE1225P225.00;ASELS_12/2025_AVRUPA_OPSIYON;D_EQ;SSO;D_EQ_EPP;DE_ASELS_EPP;ASELS.E;2025-12-31;14.61;12.93;12.99;0;0;0;0;0;0;0;0;0;0;0;;;;;
2025-10-16;O_ASELSE1225P230.00;ASELS_12/2025_AVRUPA_OPSIYON;D_EQ;SSO;D_EQ_EPP;DE_ASELS_EPP;ASELS.E;2025-12-31;17.24;15.22;13.27;0;0;0;0;0;0;0;0;0;0;0;;;;;
2025-10-16;O_ASELSE1225P235.00;ASELS_12/2025_AVRUPA_OPSIYON;D_EQ;SSO;D_EQ_EPP;DE_ASELS_EPP;ASELS.E;2025-12-31;20.08;17.87;12.37;0;0;0;0;0;0;0;0;0;0;0;;;;;
2025-10-16;O_ASELSE1225P240.00;ASELS_12/2025_AVRUPA_OPSIYON;D_EQ;SSO;D_EQ_EPP;DE_ASELS_EPP;ASELS.E;2025-12-31;23.33;20.73;12.54;0;0;0;0;0;0;0;0;0;0;0;;;;;
2025-10-16;O_BIMASE1025C500.00;BIMAS_10/2025_AVRUPA_OPSIYON;D_EQ;SSO;D_EQ_ECP;DE_BIMAS_ECP;BIMAS.E;2025-10-31;49.71;56.78;-12.45;0;0;0;0;0;0;0;0;0;30;0;;;;;
2025-10-16;O_BIMASE1025C520.00;BIMAS_10/2025_AVRUPA_OPSIYON;D_EQ;SSO;D_EQ_ECP;DE_BIMAS_ECP;BIMAS.E;2025-10-31;33.45;39.91;-16.19;0;0;0;0;0;0;0;0;0;13;0;;;;;
2025-10-16;O_BIMASE1025C540.00;BIMAS_10/2025_AVRUPA_OPSIYON;D_EQ;SSO;D_EQ_ECP;DE_BIMAS_ECP;BIMAS.E;2025-10-31;20.48;25.73;-20.4;0;0;0;0;0;0;0;0;0;68;0;;;;;
2025-10-16;O_BIMASE1025C560.00;BIMAS_10/2025_AVRUPA_OPSIYON;D_EQ;SSO;D_EQ_ECP;DE_BIMAS_ECP;BIMAS.E;2025-10-31;11.32;15.12;-25.13;9;9;9;9;9;1008000;16200;18;2;14;-18;;;;;
2025-10-16;O_BIMASE1025C580.00;BIMAS_10/2025_AVRUPA_OPSIYON;D_EQ;SSO;D_EQ_ECP;DE_BIMAS_ECP;BIMAS.E;2025-10-31;5.73;8.14;-29.61;3.63;3.63;5.15;5.15;4.3;2204000;16340;38;4;37;-28;;;;;
2025-10-16;O_BIMASE1025C600.00;BIMAS_10/2025_AVRUPA_OPSIYON;D_EQ;SSO;D_EQ_ECP;DE_BIMAS_ECP;BIMAS.E;2025-10-31;2.82;4.23;-33.33;0;0;0;0;0;0;0;0;0;60;0;;;;;
2025-10-16;O_BIMASE1025C620.00;BIMAS_10/2025_AVRUPA_OPSIYON;D_EQ;SSO;D_EQ_ECP;DE_BIMAS_ECP;BIMAS.E;2025-10-31;1.33;2.13;-37.56;0;0;0;0;0;0;0;0;0;0;0;;;;;
2025-10-16;O_BIMASE1025C640.00;BIMAS_10/2025_AVRUPA_OPSIYON;D_EQ;SSO;D_EQ_ECP;DE_BIMAS_ECP;BIMAS.E;2025-10-31;0.62;1.05;-40.95;0;0;0;0;0;0;0;0;0;40;0;;;;;
2025-10-16;O_BIMASE1025C660.00;BIMAS_10/2025_AVRUPA_OPSIYON;D_EQ;SSO;D_EQ_ECP;DE_BIMAS_ECP;BIMAS.E;2025-10-31;0.28;0.51;-45.1;0;0;0;0;0;0;0;0;0;0;0;;;;;
2025-10-16;O_BIMASE1025C680.00;BIMAS_10/2025_AVRUPA_OPSIYON;D_EQ;SSO;D_EQ_ECP;DE_BIMAS_ECP;BIMAS.E;2025-10-31;0.13;0.25;-48;0;0;0;0;0;0;0;0;0;0;0;;;;;
2025-10-16;O_BIMASE1025C700.00;BIMAS_10/2025_AVRUPA_OPSIYON;D_EQ;SSO;D_EQ_ECP;DE_BIMAS_ECP;BIMAS.E;2025-10-31;0.06;0.12;-50;0;0;0;0;0;0;0;0;0;0;0;;;;;
2025-10-16;O_BIMASE1025P450.00;BIMAS_10/2025_AVRUPA_OPSIYON;D_EQ;SSO;D_EQ_EPP;DE_BIMAS_EPP;BIMAS.E;2025-10-31;0.14;0.12;16.67;0;0;0;0;0;0;0;0;0;25;0;;;;;
2025-10-16;O_BIMASE1025P460.00;BIMAS_10/2025_AVRUPA_OPSIYON;D_EQ;SSO;D_EQ_EPP;DE_BIMAS_EPP;BIMAS.E;2025-10-31;0.27;0.23;17.39;0;0;0;0;0;0;0;0;0;65;0;;;;;
2025-10-16;O_BIMASE1025P470.00;BIMAS_10/2025_AVRUPA_OPSIYON;D_EQ;SSO;D_EQ_EPP;DE_BIMAS_EPP;BIMAS.E;2025-10-31;0.5;0.42;19.05;0;0;0;0;0;0;0;0;0;0;0;;;;;
2025-10-16;O_BIMASE1025P480.00;BIMAS_10/2025_AVRUPA_OPSIYON;D_EQ;SSO;D_EQ_EPP;DE_BIMAS_EPP;BIMAS.E;2025-10-31;0.88;0.74;18.92;0;0;0;0;0;0;0;0;0;13;0;;;;;
2025-10-16;O_BIMASE1025P490.00;BIMAS_10/2025_AVRUPA_OPSIYON;D_EQ;SSO;D_EQ_EPP;DE_BIMAS_EPP;BIMAS.E;2025-10-31;1.5;1.24;20.97;0;0;0;0;0;0;0;0;0;130;0;;;;;
2025-10-16;O_BIMASE1025P500.00;BIMAS_10/2025_AVRUPA_OPSIYON;D_EQ;SSO;D_EQ_EPP;DE_BIMAS_EPP;BIMAS.E;2025-10-31;2.46;2.02;21.78;0;0;0;0;0;0;0;0;0;68;0;;;;;
2025-10-16;O_BIMASE1025P520.00;BIMAS_10/2025_AVRUPA_OPSIYON;D_EQ;SSO;D_EQ_EPP;DE_BIMAS_EPP;BIMAS.E;2025-10-31;5.89;4.82;22.2;0;0;0;0;0;0;0;0;0;254;0;;;;;
2025-10-16;O_BIMASE1025P540.00;BIMAS_10/2025_AVRUPA_OPSIYON;D_EQ;SSO;D_EQ_EPP;DE_BIMAS_EPP;BIMAS.E;2025-10-31;12.61;10.31;22.31;17.71;16.72;17.71;16.72;17.22;216000;6886;4;2;58;0;;;;;
2025-10-16;O_BIMASE1025P560.00;BIMAS_10/2025_AVRUPA_OPSIYON;D_EQ;SSO;D_EQ_EPP;DE_BIMAS_EPP;BIMAS.E;2025-10-31;23.14;19.37;19.46;27.43;27.43;27.43;27.43;27.43;56000;2743;1;1;96;1;;;;;
2025-10-16;O_BIMASE1025P580.00;BIMAS_10/2025_AVRUPA_OPSIYON;D_EQ;SSO;D_EQ_EPP;DE_BIMAS_EPP;BIMAS.E;2025-10-31;37.24;32.06;16.16;41.35;41.35;41.35;41.35;41.35;1044000;74430;18;2;36;18;;;;;
2025-10-16;O_BIMASE1025P600.00;BIMAS_10/2025_AVRUPA_OPSIYON;D_EQ;SSO;D_EQ_EPP;DE_BIMAS_EPP;BIMAS.E;2025-10-31;54.02;47.82;12.97;0;0;0;0;0;0;0;0;0;10;0;;;;;
2025-10-16;O_BIMASE1125C500.00;BIMAS_11/2025_AVRUPA_OPSIYON;D_EQ;SSO;D_EQ_ECP;DE_BIMAS_ECP;BIMAS.E;2025-11-28;68.51;75.22;-8.92;0;0;0;0;0;0;0;0;0;0;0;;;;;
2025-10-16;O_BIMASE1125C520.00;BIMAS_11/2025_AVRUPA_OPSIYON;D_EQ;SSO;D_EQ_ECP;DE_BIMAS_ECP;BIMAS.E;2025-11-28;53.54;59.79;-10.45;0;0;0;0;0;0;0;0;0;0;0;;;;;
2025-10-16;O_BIMASE1125C540.00;BIMAS_11/2025_AVRUPA_OPSIYON;D_EQ;SSO;D_EQ_ECP;DE_BIMAS_ECP;BIMAS.E;2025-11-28;40.34;45.86;-12.04;0;0;0;0;0;0;0;0;0;0;0;;;;;
2025-10-16;O_BIMASE1125C560.00;BIMAS_11/2025_AVRUPA_OPSIYON;D_EQ;SSO;D_EQ_ECP;DE_BIMAS_ECP;BIMAS.E;2025-11-28;29.61;34.26;-13.57;28.08;28.08;28.08;28.08;28.08;56000;2808;1;1;1;1;;;;;
2025-10-16;O_BIMASE1125C580.00;BIMAS_11/2025_AVRUPA_OPSIYON;D_EQ;SSO;D_EQ_ECP;DE_BIMAS_ECP;BIMAS.E;2025-11-28;21.23;24.95;-14.91;0;0;0;0;0;0;0;0;0;50;0;;;;;
2025-10-16;O_BIMASE1125C600.00;BIMAS_11/2025_AVRUPA_OPSIYON;D_EQ;SSO;D_EQ_ECP;DE_BIMAS_ECP;BIMAS.E;2025-11-28;15.08;17.82;-15.38;0;0;0;0;0;0;0;0;0;0;0;;;;;
2025-10-16;O_BIMASE1125C620.00;BIMAS_11/2025_AVRUPA_OPSIYON;D_EQ;SSO;D_EQ_ECP;DE_BIMAS_ECP;BIMAS.E;2025-11-28;10.88;12.99;-16.24;0;0;0;0;0;0;0;0;0;1;0;;;;;
2025-10-16;O_BIMASE1125C640.00;BIMAS_11/2025_AVRUPA_OPSIYON;D_EQ;SSO;D_EQ_ECP;DE_BIMAS_ECP;BIMAS.E;2025-11-28;7.84;9.48;-17.3;0;0;0;0;0;0;0;0;0;5;0;;;;;
2025-10-16;O_BIMASE1125C660.00;BIMAS_11/2025_AVRUPA_OPSIYON;D_EQ;SSO;D_EQ_ECP;DE_BIMAS_ECP;BIMAS.E;2025-11-28;5.67;6.94;-18.3;0;0;0;0;0;0;0;0;0;20;0;;;;;
2025-10-16;O_BIMASE1125C680.00;BIMAS_11/2025_AVRUPA_OPSIYON;D_EQ;SSO;D_EQ_ECP;DE_BIMAS_ECP;BIMAS.E;2025-11-28;4.13;5.11;-19.18;0;0;0;0;0;0;0;0;0;47;0;;;;;
2025-10-16;O_BIMASE1125C700.00;BIMAS_11/2025_AVRUPA_OPSIYON;D_EQ;SSO;D_EQ_ECP;DE_BIMAS_ECP;BIMAS.E;2025-11-28;3.03;3.79;-20.05;0;0;0;0;0;0;0;0;0;14;0;;;;;
2025-10-16;O_BIMASE1125C720.00;BIMAS_11/2025_AVRUPA_OPSIYON;D_EQ;SSO;D_EQ_ECP;DE_BIMAS_ECP;BIMAS.E;2025-11-28;2.25;2.84;-20.77;0;0;0;0;0;0;0;0;0;10;0;;;;;
2025-10-16;O_BIMASE1125P450.00;BIMAS_11/2025_AVRUPA_OPSIYON;D_EQ;SSO;D_EQ_EPP;DE_BIMAS_EPP;BIMAS.E;2025-11-28;1.83;1.65;10.91;0;0;0;0;0;0;0;0;0;0;0;;;;;
2025-10-16;O_BIMASE1125P460.00;BIMAS_11/2025_AVRUPA_OPSIYON;D_EQ;SSO;D_EQ_EPP;DE_BIMAS_EPP;BIMAS.E;2025-11-28;2.46;2.21;11.31;0;0;0;0;0;0;0;0;0;10;0;;;;;
2025-10-16;O_BIMASE1125P470.00;BIMAS_11/2025_AVRUPA_OPSIYON;D_EQ;SSO;D_EQ_EPP;DE_BIMAS_EPP;BIMAS.E;2025-11-28;3.28;2.93;11.95;0;0;0;0;0;0;0;0;0;32;0;;;;;
2025-10-16;O_BIMASE1125P480.00;BIMAS_11/2025_AVRUPA_OPSIYON;D_EQ;SSO;D_EQ_EPP;DE_BIMAS_EPP;BIMAS.E;2025-11-28;4.3;3.83;12.27;0;0;0;0;0;0;0;0;0;12;0;;;;;
2025-10-16;O_BIMASE1125P490.00;BIMAS_11/2025_AVRUPA_OPSIYON;D_EQ;SSO;D_EQ_EPP;DE_BIMAS_EPP;BIMAS.E;2025-11-28;5.57;4.95;12.53;0;0;0;0;0;0;0;0;0;0;0;;;;;
2025-10-16;O_BIMASE1125P500.00;BIMAS_11/2025_AVRUPA_OPSIYON;D_EQ;SSO;D_EQ_EPP;DE_BIMAS_EPP;BIMAS.E;2025-11-28;7.12;6.33;12.48;0;0;0;0;0;0;0;0;0;0;0;;;;;
2025-10-16;O_BIMASE1125P520.00;BIMAS_11/2025_AVRUPA_OPSIYON;D_EQ;SSO;D_EQ_EPP;DE_BIMAS_EPP;BIMAS.E;2025-11-28;11.28;10.01;12.69;0;0;0;0;0;0;0;0;0;0;0;;;;;
2025-10-16;O_BIMASE1125P540.00;BIMAS_11/2025_AVRUPA_OPSIYON;D_EQ;SSO;D_EQ_EPP;DE_BIMAS_EPP;BIMAS.E;2025-11-28;17.2;15.18;13.31;0;0;0;0;0;0;0;0;0;0;0;;;;;
2025-10-16;O_BIMASE1125P560.00;BIMAS_11/2025_AVRUPA_OPSIYON;D_EQ;SSO;D_EQ_EPP;DE_BIMAS_EPP;BIMAS.E;2025-11-28;25.59;22.69;12.78;0;0;0;0;0;0;0;0;0;0;0;;;;;
2025-10-16;O_BIMASE1125P580.00;BIMAS_11/2025_AVRUPA_OPSIYON;D_EQ;SSO;D_EQ_EPP;DE_BIMAS_EPP;BIMAS.E;2025-11-28;36.34;32.48;11.88;0;0;0;0;0;0;0;0;0;0;0;;;;;
2025-10-16;O_BIMASE1125P600.00;BIMAS_11/2025_AVRUPA_OPSIYON;D_EQ;SSO;D_EQ_EPP;DE_BIMAS_EPP;BIMAS.E;2025-11-28;49.32;44.45;10.96;0;0;0;0;0;0;0;0;0;0;0;;;;;
2025-10-16;O_BIMASE1125P620.00;BIMAS_11/2025_AVRUPA_OPSIYON;D_EQ;SSO;D_EQ_EPP;DE_BIMAS_EPP;BIMAS.E;2025-11-28;64.23;58.73;9.36;68.5;68.5;68.5;68.5;68.5;806000;89050;13;2;13;13;;;;;
2025-10-16;O_BIMASE1225C560.00;BIMAS_12/2025_AVRUPA_OPSIYON;D_EQ;SSO;D_EQ_ECP;DE_BIMAS_ECP;BIMAS.E;2025-12-31;53.28;58.82;-9.42;0;0;0;0;0;0;0;0;0;0;0;;;;;
2025-10-16;O_BIMASE1225C580.00;BIMAS_12/2025_AVRUPA_OPSIYON;D_EQ;SSO;D_EQ_ECP;DE_BIMAS_ECP;BIMAS.E;2025-12-31;42.9;47.79;-10.23;0;0;0;0;0;0;0;0;0;0;0;;;;;
2025-10-16;O_BIMASE1225C600.00;BIMAS_12/2025_AVRUPA_OPSIYON;D_EQ;SSO;D_EQ_ECP;DE_BIMAS_ECP;BIMAS.E;2025-12-31;34.29;38.44;-10.8;0;0;0;0;0;0;0;0;0;0;0;;;;;
2025-10-16;O_BIMASE1225C620.00;BIMAS_12/2025_AVRUPA_OPSIYON;D_EQ;SSO;D_EQ_ECP;DE_BIMAS_ECP;BIMAS.E;2025-12-31;27.44;30.73;-10.71;0;0;0;0;0;0;0;0;0;0;0;;;;;
2025-10-16;O_BIMASE1225C640.00;BIMAS_12/2025_AVRUPA_OPSIYON;D_EQ;SSO;D_EQ_ECP;DE_BIMAS_ECP;BIMAS.E;2025-12-31;22.35;25.1;-10.96;0;0;0;0;0;0;0;0;0;0;0;;;;;
2025-10-16;O_BIMASE1225C660.00;BIMAS_12/2025_AVRUPA_OPSIYON;D_EQ;SSO;D_EQ_ECP;DE_BIMAS_ECP;BIMAS.E;2025-12-31;18.27;20.62;-11.4;0;0;0;0;0;0;0;0;0;0;0;;;;;
2025-10-16;O_BIMASE1225C680.00;BIMAS_12/2025_AVRUPA_OPSIYON;D_EQ;SSO;D_EQ_ECP;DE_BIMAS_ECP;BIMAS.E;2025-12-31;15;17.01;-11.82;0;0;0;0;0;0;0;0;0;0;0;;;;;
2025-10-16;O_BIMASE1225C700.00;BIMAS_12/2025_AVRUPA_OPSIYON;D_EQ;SSO;D_EQ_ECP;DE_BIMAS_ECP;BIMAS.E;2025-12-31;12.39;14.11;-12.19;0;0;0;0;0;0;0;0;0;0;0;;;;;
2025-10-16;O_BIMASE1225C720.00;BIMAS_12/2025_AVRUPA_OPSIYON;D_EQ;SSO;D_EQ_ECP;DE_BIMAS_ECP;BIMAS.E;2025-12-31;10.31;11.79;-12.55;0;0;0;0;0;0;0;0;0;0;0;;;;;
2025-10-16;O_BIMASE1225C740.00;BIMAS_12/2025_AVRUPA_OPSIYON;D_EQ;SSO;D_EQ_ECP;DE_BIMAS_ECP;BIMAS.E;2025-12-31;8.64;9.92;-12.9;0;0;0;0;0;0;0;0;0;0;0;;;;;
2025-10-16;O_BIMASE1225P480.00;BIMAS_12/2025_AVRUPA_OPSIYON;D_EQ;SSO;D_EQ_EPP;DE_BIMAS_EPP;BIMAS.E;2025-12-31;6.11;5.64;8.33;0;0;0;0;0;0;0;0;0;0;0;;;;;
2025-10-16;O_BIMASE1225P490.00;BIMAS_12/2025_AVRUPA_OPSIYON;D_EQ;SSO;D_EQ_EPP;DE_BIMAS_EPP;BIMAS.E;2025-12-31;7.35;6.76;8.73;0;0;0;0;0;0;0;0;0;0;0;;;;;
2025-10-16;O_BIMASE1225P500.00;BIMAS_12/2025_AVRUPA_OPSIYON;D_EQ;SSO;D_EQ_EPP;DE_BIMAS_EPP;BIMAS.E;2025-12-31;8.77;8.06;8.81;0;0;0;0;0;0;0;0;0;0;0;;;;;
2025-10-16;O_BIMASE1225P520.00;BIMAS_12/2025_AVRUPA_OPSIYON;D_EQ;SSO;D_EQ_EPP;DE_BIMAS_EPP;BIMAS.E;2025-12-31;12.27;11.25;9.07;0;0;0;0;0;0;0;0;0;0;0;;;;;
2025-10-16;O_BIMASE1225P540.00;BIMAS_12/2025_AVRUPA_OPSIYON;D_EQ;SSO;D_EQ_EPP;DE_BIMAS_EPP;BIMAS.E;2025-12-31;16.77;15.35;9.25;0;0;0;0;0;0;0;0;0;0;0;;;;;
2025-10-16;O_BIMASE1225P560.00;BIMAS_12/2025_AVRUPA_OPSIYON;D_EQ;SSO;D_EQ_EPP;DE_BIMAS_EPP;BIMAS.E;2025-12-31;22.63;20.53;10.23;0;0;0;0;0;0;0;0;0;0;0;;;;;
2025-10-16;O_BIMASE1225P580.00;BIMAS_12/2025_AVRUPA_OPSIYON;D_EQ;SSO;D_EQ_EPP;DE_BIMAS_EPP;BIMAS.E;2025-12-31;30.42;27.65;10.02;0;0;0;0;0;0;0;0;0;0;0;;;;;
2025-10-16;O_BIMASE1225P600.00;BIMAS_12/2025_AVRUPA_OPSIYON;D_EQ;SSO;D_EQ_EPP;DE_BIMAS_EPP;BIMAS.E;2025-12-31;39.99;36.45;9.71;0;0;0;0;0;0;0;0;0;0;0;;;;;
2025-10-16;O_BIMASE1225P620.00;BIMAS_12/2025_AVRUPA_OPSIYON;D_EQ;SSO;D_EQ_EPP;DE_BIMAS_EPP;BIMAS.E;2025-12-31;51.31;46.89;9.43;0;0;0;0;0;0;0;0;0;0;0;;;;;
2025-10-16;O_BIMASE1225P640.00;BIMAS_12/2025_AVRUPA_OPSIYON;D_EQ;SSO;D_EQ_EPP;DE_BIMAS_EPP;BIMAS.E;2025-12-31;64.39;59.41;8.38;0;0;0;0;0;0;0;0;0;0;0;;;;;
2025-10-16;O_EKGYOE1025C18.00;EKGYO_10/2025_AVRUPA_OPSIYON;D_EQ;SSO;D_EQ_ECP;DE_EKGYO_ECP;EKGYO.E;2025-10-31;1.11;1.25;-11.2;0;0;0;0;0;0;0;0;0;0;0;;;;;
2025-10-16;O_EKGYOE1025C18.50;EKGYO_10/2025_AVRUPA_OPSIYON;D_EQ;SSO;D_EQ_ECP;DE_EKGYO_ECP;EKGYO.E;2025-10-31;0.8;0.93;-13.98;0;0;0;0;0;0;0;0;0;0;0;;;;;
2025-10-16;O_EKGYOE1025C19.00;EKGYO_10/2025_AVRUPA_OPSIYON;D_EQ;SSO;D_EQ_ECP;DE_EKGYO_ECP;EKGYO.E;2025-10-31;0.56;0.67;-16.42;0.67;0.63;0.67;0.63;0.63;1919000;63660;1010;7;5299;293;;;;;
2025-10-16;O_EKGYOE1025C19.50;EKGYO_10/2025_AVRUPA_OPSIYON;D_EQ;SSO;D_EQ_ECP;DE_EKGYO_ECP;EKGYO.E;2025-10-31;0.38;0.46;-17.39;0;0;0;0;0;0;0;0;0;21;0;;;;;
2025-10-16;O_EKGYOE1025C20.00;EKGYO_10/2025_AVRUPA_OPSIYON;D_EQ;SSO;D_EQ_ECP;DE_EKGYO_ECP;EKGYO.E;2025-10-31;0.25;0.31;-19.35;0;0;0;0;0;0;0;0;0;120;0;;;;;
2025-10-16;O_EKGYOE1025C20.50;EKGYO_10/2025_AVRUPA_OPSIYON;D_EQ;SSO;D_EQ_ECP;DE_EKGYO_ECP;EKGYO.E;2025-10-31;0.15;0.2;-25;0;0;0;0;0;0;0;0;0;2486;0;;;;;
2025-10-16;O_EKGYOE1025C21.00;EKGYO_10/2025_AVRUPA_OPSIYON;D_EQ;SSO;D_EQ_ECP;DE_EKGYO_ECP;EKGYO.E;2025-10-31;0.09;0.13;-30.77;0;0;0;0;0;0;0;0;0;3940;0;;;;;
2025-10-16;O_EKGYOE1025C21.50;EKGYO_10/2025_AVRUPA_OPSIYON;D_EQ;SSO;D_EQ_ECP;DE_EKGYO_ECP;EKGYO.E;2025-10-31;0.06;0.08;-25;0;0;0;0;0;0;0;0;0;760;0;;;;;
2025-10-16;O_EKGYOE1025C22.00;EKGYO_10/2025_AVRUPA_OPSIYON;D_EQ;SSO;D_EQ_ECP;DE_EKGYO_ECP;EKGYO.E;2025-10-31;0.03;0.05;-40;0;0;0;0;0;0;0;0;0;55;0;;;;;
2025-10-16;O_EKGYOE1025C22.50;EKGYO_10/2025_AVRUPA_OPSIYON;D_EQ;SSO;D_EQ_ECP;DE_EKGYO_ECP;EKGYO.E;2025-10-31;0.02;0.03;-33.33;0.03;0.03;0.03;0.03;0.03;6750;9;3;1;3;0;;;;;
2025-10-16;O_EKGYOE1025C23.00;EKGYO_10/2025_AVRUPA_OPSIYON;D_EQ;SSO;D_EQ_ECP;DE_EKGYO_ECP;EKGYO.E;2025-10-31;0.01;0.02;-50;0.03;0.02;0.03;0.02;0.03;20700;23;9;2;339;0;;;;;
2025-10-16;O_EKGYOE1025C23.50;EKGYO_10/2025_AVRUPA_OPSIYON;D_EQ;SSO;D_EQ_ECP;DE_EKGYO_ECP;EKGYO.E;2025-10-31;0.01;0.01;0;0.03;0.02;0.03;0.02;0.03;21150;24;9;2;1009;0;;;;;
2025-10-16;O_EKGYOE1025C24.00;EKGYO_10/2025_AVRUPA_OPSIYON;D_EQ;SSO;D_EQ_ECP;DE_EKGYO_ECP;EKGYO.E;2025-10-31;0.01;0.01;0;0.03;0.03;0.03;0.03;0.03;19200;24;8;1;934;0;;;;;
2025-10-16;O_EKGYOE1025C24.50;EKGYO_10/2025_AVRUPA_OPSIYON;D_EQ;SSO;D_EQ_ECP;DE_EKGYO_ECP;EKGYO.E;2025-10-31;0.01;0.01;0;0.04;0.04;0.04;0.04;0.04;12250;20;5;1;3;-2;;;;;
2025-10-16;O_EKGYOE1025C25.00;EKGYO_10/2025_AVRUPA_OPSIYON;D_EQ;SSO;D_EQ_ECP;DE_EKGYO_ECP;EKGYO.E;2025-10-31;0.01;0.01;0;0.03;0.03;0.03;0.03;0.03;15000;18;6;1;6;0;;;;;
2025-10-16;O_EKGYOE1025C26.00;EKGYO_10/2025_AVRUPA_OPSIYON;D_EQ;SSO;D_EQ_ECP;DE_EKGYO_ECP;EKGYO.E;2025-10-31;0.01;0.01;0;0;0;0;0;0;0;0;0;0;0;0;;;;;
2025-10-16;O_EKGYOE1025C27.00;EKGYO_10/2025_AVRUPA_OPSIYON;D_EQ;SSO;D_EQ_ECP;DE_EKGYO_ECP;EKGYO.E;2025-10-31;0.01;0.01;0;0;0;0;0;0;0;0;0;0;0;0;;;;;
2025-10-16;O_EKGYOE1025P15.50;EKGYO_10/2025_AVRUPA_OPSIYON;D_EQ;SSO;D_EQ_EPP;DE_EKGYO_EPP;EKGYO.E;2025-10-31;0.01;0.01;0;0;0;0;0;0;0;0;0;0;0;0;;;;;
2025-10-16;O_EKGYOE1025P16.00;EKGYO_10/2025_AVRUPA_OPSIYON;D_EQ;SSO;D_EQ_EPP;DE_EKGYO_EPP;EKGYO.E;2025-10-31;0.02;0.02;0;0;0;0;0;0;0;0;0;0;0;0;;;;;
2025-10-16;O_EKGYOE1025P16.50;EKGYO_10/2025_AVRUPA_OPSIYON;D_EQ;SSO;D_EQ_EPP;DE_EKGYO_EPP;EKGYO.E;2025-10-31;0.05;0.05;0;0;0;0;0;0;0;0;0;0;0;0;;;;;
2025-10-16;O_EKGYOE1025P17.00;EKGYO_10/2025_AVRUPA_OPSIYON;D_EQ;SSO;D_EQ_EPP;DE_EKGYO_EPP;EKGYO.E;2025-10-31;0.11;0.1;10;0;0;0;0;0;0;0;0;0;18;0;;;;;
2025-10-16;O_EKGYOE1025P17.50;EKGYO_10/2025_AVRUPA_OPSIYON;D_EQ;SSO;D_EQ_EPP;DE_EKGYO_EPP;EKGYO.E;2025-10-31;0.19;0.18;5.56;0;0;0;0;0;0;0;0;0;20;0;;;;;
2025-10-16;O_EKGYOE1025P18.00;EKGYO_10/2025_AVRUPA_OPSIYON;D_EQ;SSO;D_EQ_EPP;DE_EKGYO_EPP;EKGYO.E;2025-10-31;0.33;0.3;10;0.35;0.35;0.35;0.35;0.35;1800;35;1;1;1747;1;;;;;
2025-10-16;O_EKGYOE1025P18.50;EKGYO_10/2025_AVRUPA_OPSIYON;D_EQ;SSO;D_EQ_EPP;DE_EKGYO_EPP;EKGYO.E;2025-10-31;0.52;0.47;10.64;0;0;0;0;0;0;0;0;0;8364;0;;;;;
2025-10-16;O_EKGYOE1025P19.00;EKGYO_10/2025_AVRUPA_OPSIYON;D_EQ;SSO;D_EQ_EPP;DE_EKGYO_EPP;EKGYO.E;2025-10-31;0.77;0.7;10;0;0;0;0;0;0;0;0;0;1800;0;;;;;
2025-10-16;O_EKGYOE1025P19.50;EKGYO_10/2025_AVRUPA_OPSIYON;D_EQ;SSO;D_EQ_EPP;DE_EKGYO_EPP;EKGYO.E;2025-10-31;1.08;0.99;9.09;1.07;1.07;1.18;1.18;1.13;1142700;65925;586;3;549;263;;;;;
2025-10-16;O_EKGYOE1025P20.00;EKGYO_10/2025_AVRUPA_OPSIYON;D_EQ;SSO;D_EQ_EPP;DE_EKGYO_EPP;EKGYO.E;2025-10-31;1.44;1.33;8.27;1.41;1.41;1.52;1.52;1.47;1172000;85849;586;3;3659;193;;;;;
2025-10-16;O_EKGYOE1025P20.50;EKGYO_10/2025_AVRUPA_OPSIYON;D_EQ;SSO;D_EQ_EPP;DE_EKGYO_EPP;EKGYO.E;2025-10-31;1.84;1.71;7.6;0;0;0;0;0;0;0;0;0;181;0;;;;;
2025-10-16;O_EKGYOE1025P21.00;EKGYO_10/2025_AVRUPA_OPSIYON;D_EQ;SSO;D_EQ_EPP;DE_EKGYO_EPP;EKGYO.E;2025-10-31;2.27;2.13;6.57;0;0;0;0;0;0;0;0;0;333;0;;;;;
2025-10-16;O_EKGYOE1025P21.50;EKGYO_10/2025_AVRUPA_OPSIYON;D_EQ;SSO;D_EQ_EPP;DE_EKGYO_EPP;EKGYO.E;2025-10-31;2.72;2.57;5.84;0;0;0;0;0;0;0;0;0;4532;0;;;;;
2025-10-16;O_EKGYOE1025P22.00;EKGYO_10/2025_AVRUPA_OPSIYON;D_EQ;SSO;D_EQ_EPP;DE_EKGYO_EPP;EKGYO.E;2025-10-31;3.19;3.03;5.28;0;0;0;0;0;0;0;0;0;0;0;;;;;
2025-10-16;O_EKGYOE1025P22.50;EKGYO_10/2025_AVRUPA_OPSIYON;D_EQ;SSO;D_EQ_EPP;DE_EKGYO_EPP;EKGYO.E;2025-10-31;3.67;3.5;4.86;0;0;0;0;0;0;0;0;0;9779;0;;;;;
2025-10-16;O_EKGYOE1025P23.00;EKGYO_10/2025_AVRUPA_OPSIYON;D_EQ;SSO;D_EQ_EPP;DE_EKGYO_EPP;EKGYO.E;2025-10-31;4.15;3.99;4.01;0;0;0;0;0;0;0;0;0;300;0;;;;;
2025-10-16;O_EKGYOE1025P23.50;EKGYO_10/2025_AVRUPA_OPSIYON;D_EQ;SSO;D_EQ_EPP;DE_EKGYO_EPP;EKGYO.E;2025-10-31;4.64;4.47;3.8;0;0;0;0;0;0;0;0;0;100;0;;;;;
2025-10-16;O_EKGYOE1125C18.50;EKGYO_11/2025_AVRUPA_OPSIYON;D_EQ;SSO;D_EQ_ECP;DE_EKGYO_ECP;EKGYO.E;2025-11-28;1.54;1.66;-7.23;0;0;0;0;0;0;0;0;0;0;0;;;;;
2025-10-16;O_EKGYOE1125C19.00;EKGYO_11/2025_AVRUPA_OPSIYON;D_EQ;SSO;D_EQ_ECP;DE_EKGYO_ECP;EKGYO.E;2025-11-28;1.27;1.39;-8.63;0;0;0;0;0;0;0;0;0;0;0;;;;;
2025-10-16;O_EKGYOE1125C19.50;EKGYO_11/2025_AVRUPA_OPSIYON;D_EQ;SSO;D_EQ_ECP;DE_EKGYO_ECP;EKGYO.E;2025-11-28;1.04;1.14;-8.77;0;0;0;0;0;0;0;0;0;36;0;;;;;
2025-10-16;O_EKGYOE1125C20.00;EKGYO_11/2025_AVRUPA_OPSIYON;D_EQ;SSO;D_EQ_ECP;DE_EKGYO_ECP;EKGYO.E;2025-11-28;0.85;0.94;-9.57;0;0;0;0;0;0;0;0;0;0;0;;;;;
2025-10-16;O_EKGYOE1125C20.50;EKGYO_11/2025_AVRUPA_OPSIYON;D_EQ;SSO;D_EQ_ECP;DE_EKGYO_ECP;EKGYO.E;2025-11-28;0.68;0.76;-10.53;0;0;0;0;0;0;0;0;0;0;0;;;;;
2025-10-16;O_EKGYOE1125C21.00;EKGYO_11/2025_AVRUPA_OPSIYON;D_EQ;SSO;D_EQ_ECP;DE_EKGYO_ECP;EKGYO.E;2025-11-28;0.55;0.61;-9.84;0;0;0;0;0;0;0;0;0;6;0;;;;;
2025-10-16;O_EKGYOE1125C21.50;EKGYO_11/2025_AVRUPA_OPSIYON;D_EQ;SSO;D_EQ_ECP;DE_EKGYO_ECP;EKGYO.E;2025-11-28;0.44;0.49;-10.2;0;0;0;0;0;0;0;0;0;1000;0;;;;;
2025-10-16;O_EKGYOE1125C22.00;EKGYO_11/2025_AVRUPA_OPSIYON;D_EQ;SSO;D_EQ_ECP;DE_EKGYO_ECP;EKGYO.E;2025-11-28;0.35;0.39;-10.26;0;0;0;0;0;0;0;0;0;1500;0;;;;;
2025-10-16;O_EKGYOE1125C22.50;EKGYO_11/2025_AVRUPA_OPSIYON;D_EQ;SSO;D_EQ_ECP;DE_EKGYO_ECP;EKGYO.E;2025-11-28;0.27;0.31;-12.9;0;0;0;0;0;0;0;0;0;0;0;;;;;
2025-10-16;O_EKGYOE1125C23.00;EKGYO_11/2025_AVRUPA_OPSIYON;D_EQ;SSO;D_EQ_ECP;DE_EKGYO_ECP;EKGYO.E;2025-11-28;0.21;0.24;-12.5;0;0;0;0;0;0;0;0;0;256;0;;;;;
2025-10-16;O_EKGYOE1125C23.50;EKGYO_11/2025_AVRUPA_OPSIYON;D_EQ;SSO;D_EQ_ECP;DE_EKGYO_ECP;EKGYO.E;2025-11-28;0.17;0.19;-10.53;0;0;0;0;0;0;0;0;0;0;0;;;;;
2025-10-16;O_EKGYOE1125C24.00;EKGYO_11/2025_AVRUPA_OPSIYON;D_EQ;SSO;D_EQ_ECP;DE_EKGYO_ECP;EKGYO.E;2025-11-28;0.13;0.15;-13.33;0;0;0;0;0;0;0;0;0;312;0;;;;;
2025-10-16;O_EKGYOE1125C24.50;EKGYO_11/2025_AVRUPA_OPSIYON;D_EQ;SSO;D_EQ_ECP;DE_EKGYO_ECP;EKGYO.E;2025-11-28;0.1;0.11;-9.09;0;0;0;0;0;0;0;0;0;392;0;;;;;
2025-10-16;O_EKGYOE1125C25.00;EKGYO_11/2025_AVRUPA_OPSIYON;D_EQ;SSO;D_EQ_ECP;DE_EKGYO_ECP;EKGYO.E;2025-11-28;0.08;0.09;-11.11;0;0;0;0;0;0;0;0;0;325;0;;;;;
2025-10-16;O_EKGYOE1125C26.00;EKGYO_11/2025_AVRUPA_OPSIYON;D_EQ;SSO;D_EQ_ECP;DE_EKGYO_ECP;EKGYO.E;2025-11-28;0.05;0.05;0;0;0;0;0;0;0;0;0;0;3;0;;;;;
2025-10-16;O_EKGYOE1125C27.00;EKGYO_11/2025_AVRUPA_OPSIYON;D_EQ;SSO;D_EQ_ECP;DE_EKGYO_ECP;EKGYO.E;2025-11-28;0.03;0.03;0;0;0;0;0;0;0;0;0;0;42;0;;;;;
2025-10-16;O_EKGYOE1125P16.00;EKGYO_11/2025_AVRUPA_OPSIYON;D_EQ;SSO;D_EQ_EPP;DE_EKGYO_EPP;EKGYO.E;2025-11-28;0.14;0.13;7.69;0.18;0.18;0.2;0.2;0.2;400000;4900;250;2;250;250;;;;;
2025-10-16;O_EKGYOE1125P16.50;EKGYO_11/2025_AVRUPA_OPSIYON;D_EQ;SSO;D_EQ_EPP;DE_EKGYO_EPP;EKGYO.E;2025-11-28;0.21;0.19;10.53;0;0;0;0;0;0;0;0;0;0;0;;;;;
2025-10-16;O_EKGYOE1125P17.00;EKGYO_11/2025_AVRUPA_OPSIYON;D_EQ;SSO;D_EQ_EPP;DE_EKGYO_EPP;EKGYO.E;2025-11-28;0.3;0.27;11.11;0.4;0.4;0.4;0.4;0.4;1700;40;1;1;331;1;;;;;
2025-10-16;O_EKGYOE1125P17.50;EKGYO_11/2025_AVRUPA_OPSIYON;D_EQ;SSO;D_EQ_EPP;DE_EKGYO_EPP;EKGYO.E;2025-11-28;0.41;0.38;7.89;0.49;0.49;0.5;0.5;0.5;19250;545;11;7;322;11;;;;;
2025-10-16;O_EKGYOE1125P18.00;EKGYO_11/2025_AVRUPA_OPSIYON;D_EQ;SSO;D_EQ_EPP;DE_EKGYO_EPP;EKGYO.E;2025-11-28;0.56;0.52;7.69;0.63;0.63;0.65;0.65;0.65;72000;2590;40;36;132;40;;;;;
2025-10-16;O_EKGYOE1125P18.50;EKGYO_11/2025_AVRUPA_OPSIYON;D_EQ;SSO;D_EQ_EPP;DE_EKGYO_EPP;EKGYO.E;2025-11-28;0.73;0.68;7.35;0.83;0.83;0.83;0.83;0.83;37000;1660;20;16;41;20;;;;;
2025-10-16;O_EKGYOE1125P19.00;EKGYO_11/2025_AVRUPA_OPSIYON;D_EQ;SSO;D_EQ_EPP;DE_EKGYO_EPP;EKGYO.E;2025-11-28;0.94;0.89;5.62;0;0;0;0;0;0;0;0;0;430;0;;;;;
2025-10-16;O_EKGYOE1125P19.50;EKGYO_11/2025_AVRUPA_OPSIYON;D_EQ;SSO;D_EQ_EPP;DE_EKGYO_EPP;EKGYO.E;2025-11-28;1.19;1.12;6.25;0;0;0;0;0;0;0;0;0;84;0;;;;;
2025-10-16;O_EKGYOE1125P20.00;EKGYO_11/2025_AVRUPA_OPSIYON;D_EQ;SSO;D_EQ_EPP;DE_EKGYO_EPP;EKGYO.E;2025-11-28;1.47;1.39;5.76;0;0;0;0;0;0;0;0;0;20;0;;;;;
2025-10-16;O_EKGYOE1125P20.50;EKGYO_11/2025_AVRUPA_OPSIYON;D_EQ;SSO;D_EQ_EPP;DE_EKGYO_EPP;EKGYO.E;2025-11-28;1.78;1.69;5.33;0;0;0;0;0;0;0;0;0;0;0;;;;;
2025-10-16;O_EKGYOE1125P21.00;EKGYO_11/2025_AVRUPA_OPSIYON;D_EQ;SSO;D_EQ_EPP;DE_EKGYO_EPP;EKGYO.E;2025-11-28;2.13;2.02;5.45;0;0;0;0;0;0;0;0;0;0;0;;;;;
2025-10-16;O_EKGYOE1125P21.50;EKGYO_11/2025_AVRUPA_OPSIYON;D_EQ;SSO;D_EQ_EPP;DE_EKGYO_EPP;EKGYO.E;2025-11-28;2.49;2.38;4.62;0;0;0;0;0;0;0;0;0;0;0;;;;;
2025-10-16;O_EKGYOE1125P22.00;EKGYO_11/2025_AVRUPA_OPSIYON;D_EQ;SSO;D_EQ_EPP;DE_EKGYO_EPP;EKGYO.E;2025-11-28;2.88;2.75;4.73;0;0;0;0;0;0;0;0;0;0;0;;;;;
2025-10-16;O_EKGYOE1125P22.50;EKGYO_11/2025_AVRUPA_OPSIYON;D_EQ;SSO;D_EQ_EPP;DE_EKGYO_EPP;EKGYO.E;2025-11-28;3.29;3.15;4.44;0;0;0;0;0;0;0;0;0;0;0;;;;;
2025-10-16;O_EKGYOE1125P23.00;EKGYO_11/2025_AVRUPA_OPSIYON;D_EQ;SSO;D_EQ_EPP;DE_EKGYO_EPP;EKGYO.E;2025-11-28;3.71;3.56;4.21;0;0;0;0;0;0;0;0;0;1;0;;;;;
2025-10-16;O_EKGYOE1125P23.50;EKGYO_11/2025_AVRUPA_OPSIYON;D_EQ;SSO;D_EQ_EPP;DE_EKGYO_EPP;EKGYO.E;2025-11-28;4.14;3.99;3.76;0;0;0;0;0;0;0;0;0;4500;0;;;;;
2025-10-16;O_EKGYOE1225C19.00;EKGYO_12/2025_AVRUPA_OPSIYON;D_EQ;SSO;D_EQ_ECP;DE_EKGYO_ECP;EKGYO.E;2025-12-31;2.13;2.26;-5.75;0;0;0;0;0;0;0;0;0;0;0;;;;;
2025-10-16;O_EKGYOE1225C19.50;EKGYO_12/2025_AVRUPA_OPSIYON;D_EQ;SSO;D_EQ_ECP;DE_EKGYO_ECP;EKGYO.E;2025-12-31;1.87;1.99;-6.03;0;0;0;0;0;0;0;0;0;0;0;;;;;
2025-10-16;O_EKGYOE1225C20.00;EKGYO_12/2025_AVRUPA_OPSIYON;D_EQ;SSO;D_EQ_ECP;DE_EKGYO_ECP;EKGYO.E;2025-12-31;1.63;1.74;-6.32;0;0;0;0;0;0;0;0;0;0;0;;;;;
2025-10-16;O_EKGYOE1225C20.50;EKGYO_12/2025_AVRUPA_OPSIYON;D_EQ;SSO;D_EQ_ECP;DE_EKGYO_ECP;EKGYO.E;2025-12-31;1.42;1.52;-6.58;0;0;0;0;0;0;0;0;0;0;0;;;;;
2025-10-16;O_EKGYOE1225C21.00;EKGYO_12/2025_AVRUPA_OPSIYON;D_EQ;SSO;D_EQ_ECP;DE_EKGYO_ECP;EKGYO.E;2025-12-31;1.23;1.32;-6.82;0;0;0;0;0;0;0;0;0;0;0;;;;;
2025-10-16;O_EKGYOE1225C21.50;EKGYO_12/2025_AVRUPA_OPSIYON;D_EQ;SSO;D_EQ_ECP;DE_EKGYO_ECP;EKGYO.E;2025-12-31;1.07;1.15;-6.96;0;0;0;0;0;0;0;0;0;0;0;;;;;
2025-10-16;O_EKGYOE1225C22.00;EKGYO_12/2025_AVRUPA_OPSIYON;D_EQ;SSO;D_EQ_ECP;DE_EKGYO_ECP;EKGYO.E;2025-12-31;0.92;0.99;-7.07;0;0;0;0;0;0;0;0;0;1300;0;;;;;
2025-10-16;O_EKGYOE1225C22.50;EKGYO_12/2025_AVRUPA_OPSIYON;D_EQ;SSO;D_EQ_ECP;DE_EKGYO_ECP;EKGYO.E;2025-12-31;0.8;0.86;-6.98;0;0;0;0;0;0;0;0;0;0;0;;;;;
2025-10-16;O_EKGYOE1225C23.00;EKGYO_12/2025_AVRUPA_OPSIYON;D_EQ;SSO;D_EQ_ECP;DE_EKGYO_ECP;EKGYO.E;2025-12-31;0.69;0.74;-6.76;0;0;0;0;0;0;0;0;0;0;0;;;;;
2025-10-16;O_EKGYOE1225C23.50;EKGYO_12/2025_AVRUPA_OPSIYON;D_EQ;SSO;D_EQ_ECP;DE_EKGYO_ECP;EKGYO.E;2025-12-31;0.59;0.64;-7.81;0;0;0;0;0;0;0;0;0;0;0;;;;;
2025-10-16;O_EKGYOE1225C24.00;EKGYO_12/2025_AVRUPA_OPSIYON;D_EQ;SSO;D_EQ_ECP;DE_EKGYO_ECP;EKGYO.E;2025-12-31;0.51;0.55;-7.27;0;0;0;0;0;0;0;0;0;0;0;;;;;
2025-10-16;O_EKGYOE1225C24.50;EKGYO_12/2025_AVRUPA_OPSIYON;D_EQ;SSO;D_EQ_ECP;DE_EKGYO_ECP;EKGYO.E;2025-12-31;0.44;0.47;-6.38;0;0;0;0;0;0;0;0;0;0;0;;;;;
2025-10-16;O_EKGYOE1225C25.00;EKGYO_12/2025_AVRUPA_OPSIYON;D_EQ;SSO;D_EQ_ECP;DE_EKGYO_ECP;EKGYO.E;2025-12-31;0.38;0.4;-5;0;0;0;0;0;0;0;0;0;0;0;;;;;
2025-10-16;O_EKGYOE1225C26.00;EKGYO_12/2025_AVRUPA_OPSIYON;D_EQ;SSO;D_EQ_ECP;DE_EKGYO_ECP;EKGYO.E;2025-12-31;0.28;0.29;-3.45;0;0;0;0;0;0;0;0;0;0;0;;;;;
2025-10-16;O_EKGYOE1225P16.50;EKGYO_12/2025_AVRUPA_OPSIYON;D_EQ;SSO;D_EQ_EPP;DE_EKGYO_EPP;EKGYO.E;2025-12-31;0.28;0.26;7.69;0;0;0;0;0;0;0;0;0;0;0;;;;;
2025-10-16;O_EKGYOE1225P17.00;EKGYO_12/2025_AVRUPA_OPSIYON;D_EQ;SSO;D_EQ_EPP;DE_EKGYO_EPP;EKGYO.E;2025-12-31;0.36;0.34;5.88;0;0;0;0;0;0;0;0;0;0;0;;;;;
2025-10-16;O_EKGYOE1225P17.50;EKGYO_12/2025_AVRUPA_OPSIYON;D_EQ;SSO;D_EQ_EPP;DE_EKGYO_EPP;EKGYO.E;2025-12-31;0.47;0.44;6.82;0;0;0;0;0;0;0;0;0;0;0;;;;;
2025-10-16;O_EKGYOE1225P18.00;EKGYO_12/2025_AVRUPA_OPSIYON;D_EQ;SSO;D_EQ_EPP;DE_EKGYO_EPP;EKGYO.E;2025-12-31;0.59;0.55;7.27;0;0;0;0;0;0;0;0;0;0;0;;;;;
2025-10-16;O_EKGYOE1225P18.50;EKGYO_12/2025_AVRUPA_OPSIYON;D_EQ;SSO;D_EQ_EPP;DE_EKGYO_EPP;EKGYO.E;2025-12-31;0.73;0.69;5.8;0;0;0;0;0;0;0;0;0;0;0;;;;;
2025-10-16;O_EKGYOE1225P19.00;EKGYO_12/2025_AVRUPA_OPSIYON;D_EQ;SSO;D_EQ_EPP;DE_EKGYO_EPP;EKGYO.E;2025-12-31;0.9;0.85;5.88;0;0;0;0;0;0;0;0;0;0;0;;;;;
2025-10-16;O_EKGYOE1225P19.50;EKGYO_12/2025_AVRUPA_OPSIYON;D_EQ;SSO;D_EQ_EPP;DE_EKGYO_EPP;EKGYO.E;2025-12-31;1.09;1.03;5.83;0;0;0;0;0;0;0;0;0;0;0;;;;;
2025-10-16;O_EKGYOE1225P20.00;EKGYO_12/2025_AVRUPA_OPSIYON;D_EQ;SSO;D_EQ_EPP;DE_EKGYO_EPP;EKGYO.E;2025-12-31;1.3;1.24;4.84;0;0;0;0;0;0;0;0;0;0;0;;;;;
2025-10-16;O_EKGYOE1225P20.50;EKGYO_12/2025_AVRUPA_OPSIYON;D_EQ;SSO;D_EQ_EPP;DE_EKGYO_EPP;EKGYO.E;2025-12-31;1.55;1.47;5.44;0;0;0;0;0;0;0;0;0;0;0;;;;;
2025-10-16;O_EKGYOE1225P21.00;EKGYO_12/2025_AVRUPA_OPSIYON;D_EQ;SSO;D_EQ_EPP;DE_EKGYO_EPP;EKGYO.E;2025-12-31;1.81;1.73;4.62;0;0;0;0;0;0;0;0;0;0;0;;;;;
2025-10-16;O_EKGYOE1225P21.50;EKGYO_12/2025_AVRUPA_OPSIYON;D_EQ;SSO;D_EQ_EPP;DE_EKGYO_EPP;EKGYO.E;2025-12-31;2.1;2.01;4.48;0;0;0;0;0;0;0;0;0;0;0;;;;;
2025-10-16;O_EKGYOE1225P22.00;EKGYO_12/2025_AVRUPA_OPSIYON;D_EQ;SSO;D_EQ_EPP;DE_EKGYO_EPP;EKGYO.E;2025-12-31;2.41;2.31;4.33;0;0;0;0;0;0;0;0;0;0;0;;;;;
2025-10-16;O_EKGYOE1225P22.50;EKGYO_12/2025_AVRUPA_OPSIYON;D_EQ;SSO;D_EQ_EPP;DE_EKGYO_EPP;EKGYO.E;2025-12-31;2.74;2.63;4.18;0;0;0;0;0;0;0;0;0;0;0;;;;;
2025-10-16;O_EKGYOE1225P23.00;EKGYO_12/2025_AVRUPA_OPSIYON;D_EQ;SSO;D_EQ_EPP;DE_EKGYO_EPP;EKGYO.E;2025-12-31;3.09;2.96;4.39;0;0;0;0;0;0;0;0;0;0;0;;;;;
2025-10-16;O_ENKAIE1025C68.00;ENKAI_10/2025_AVRUPA_OPSIYON;D_EQ;SSO;D_EQ_ECP;DE_ENKAI_ECP;ENKAI.E;2025-10-31;4.57;7.14;-35.99;6.8;6.8;6.8;6.8;6.8;54400;5440;8;1;313;-8;;;;;
2025-10-16;O_ENKAIE1025C70.00;ENKAI_10/2025_AVRUPA_OPSIYON;D_EQ;SSO;D_EQ_ECP;DE_ENKAI_ECP;ENKAI.E;2025-10-31;3.23;5.51;-41.38;0;0;0;0;0;0;0;0;0;206;0;;;;;
2025-10-16;O_ENKAIE1025C72.00;ENKAI_10/2025_AVRUPA_OPSIYON;D_EQ;SSO;D_EQ_ECP;DE_ENKAI_ECP;ENKAI.E;2025-10-31;2.16;4.07;-46.93;0;0;0;0;0;0;0;0;0;2500;0;;;;;
2025-10-16;O_ENKAIE1025C74.00;ENKAI_10/2025_AVRUPA_OPSIYON;D_EQ;SSO;D_EQ_ECP;DE_ENKAI_ECP;ENKAI.E;2025-10-31;1.37;2.87;-52.26;2.5;2.5;2.5;2.5;2.5;148000;5000;20;1;416;0;;;;;
2025-10-16;O_ENKAIE1025C76.00;ENKAI_10/2025_AVRUPA_OPSIYON;D_EQ;SSO;D_EQ_ECP;DE_ENKAI_ECP;ENKAI.E;2025-10-31;0.83;1.94;-57.22;1.62;1.62;1.65;1.65;1.62;174800;3735;23;2;2309;3;;;;;
2025-10-16;O_ENKAIE1025C78.00;ENKAI_10/2025_AVRUPA_OPSIYON;D_EQ;SSO;D_EQ_ECP;DE_ENKAI_ECP;ENKAI.E;2025-10-31;0.48;1.24;-61.29;0;0;0;0;0;0;0;0;0;369;0;;;;;
2025-10-16;O_ENKAIE1025C80.00;ENKAI_10/2025_AVRUPA_OPSIYON;D_EQ;SSO;D_EQ_ECP;DE_ENKAI_ECP;ENKAI.E;2025-10-31;0.27;0.77;-64.94;0;0;0;0;0;0;0;0;0;0;0;;;;;
2025-10-16;O_ENKAIE1025C82.00;ENKAI_10/2025_AVRUPA_OPSIYON;D_EQ;SSO;D_EQ_ECP;DE_ENKAI_ECP;ENKAI.E;2025-10-31;0.15;0.47;-68.09;0;0;0;0;0;0;0;0;0;0;0;;;;;
2025-10-16;O_ENKAIE1025C84.00;ENKAI_10/2025_AVRUPA_OPSIYON;D_EQ;SSO;D_EQ_ECP;DE_ENKAI_ECP;ENKAI.E;2025-10-31;0.08;0.27;-70.37;0;0;0;0;0;0;0;0;0;0;0;;;;;
2025-10-16;O_ENKAIE1025C86.00;ENKAI_10/2025_AVRUPA_OPSIYON;D_EQ;SSO;D_EQ_ECP;DE_ENKAI_ECP;ENKAI.E;2025-10-31;0.04;0.15;-73.33;0;0;0;0;0;0;0;0;0;0;0;;;;;
2025-10-16;O_ENKAIE1025C88.00;ENKAI_10/2025_AVRUPA_OPSIYON;D_EQ;SSO;D_EQ_ECP;DE_ENKAI_ECP;ENKAI.E;2025-10-31;0.02;0.08;-75;0;0;0;0;0;0;0;0;0;0;0;;;;;
2025-10-16;O_ENKAIE1025C90.00;ENKAI_10/2025_AVRUPA_OPSIYON;D_EQ;SSO;D_EQ_ECP;DE_ENKAI_ECP;ENKAI.E;2025-10-31;0.01;0.05;-80;0;0;0;0;0;0;0;0;0;0;0;;;;;
2025-10-16;O_ENKAIE1025C92.00;ENKAI_10/2025_AVRUPA_OPSIYON;D_EQ;SSO;D_EQ_ECP;DE_ENKAI_ECP;ENKAI.E;2025-10-31;0.01;0.02;-50;0;0;0;0;0;0;0;0;0;0;0;;;;;
2025-10-16;O_ENKAIE1025P58.00;ENKAI_10/2025_AVRUPA_OPSIYON;D_EQ;SSO;D_EQ_EPP;DE_ENKAI_EPP;ENKAI.E;2025-10-31;0.01;0.01;0;0;0;0;0;0;0;0;0;0;5;0;;;;;
2025-10-16;O_ENKAIE1025P60.00;ENKAI_10/2025_AVRUPA_OPSIYON;D_EQ;SSO;D_EQ_EPP;DE_ENKAI_EPP;ENKAI.E;2025-10-31;0.03;0.01;200;0;0;0;0;0;0;0;0;0;0;0;;;;;
2025-10-16;O_ENKAIE1025P62.00;ENKAI_10/2025_AVRUPA_OPSIYON;D_EQ;SSO;D_EQ_EPP;DE_ENKAI_EPP;ENKAI.E;2025-10-31;0.08;0.03;166.67;0;0;0;0;0;0;0;0;0;0;0;;;;;
2025-10-16;O_ENKAIE1025P64.00;ENKAI_10/2025_AVRUPA_OPSIYON;D_EQ;SSO;D_EQ_EPP;DE_ENKAI_EPP;ENKAI.E;2025-10-31;0.2;0.08;150;0;0;0;0;0;0;0;0;0;0;0;;;;;
2025-10-16;O_ENKAIE1025P66.00;ENKAI_10/2025_AVRUPA_OPSIYON;D_EQ;SSO;D_EQ_EPP;DE_ENKAI_EPP;ENKAI.E;2025-10-31;0.42;0.18;133.33;0;0;0;0;0;0;0;0;0;20;0;;;;;
2025-10-16;O_ENKAIE1025P68.00;ENKAI_10/2025_AVRUPA_OPSIYON;D_EQ;SSO;D_EQ_EPP;DE_ENKAI_EPP;ENKAI.E;2025-10-31;0.81;0.37;118.92;0;0;0;0;0;0;0;0;0;20;0;;;;;
2025-10-16;O_ENKAIE1025P70.00;ENKAI_10/2025_AVRUPA_OPSIYON;D_EQ;SSO;D_EQ_EPP;DE_ENKAI_EPP;ENKAI.E;2025-10-31;1.44;0.7;105.71;0;0;0;0;0;0;0;0;0;110;0;;;;;
2025-10-16;O_ENKAIE1025P72.00;ENKAI_10/2025_AVRUPA_OPSIYON;D_EQ;SSO;D_EQ_EPP;DE_ENKAI_EPP;ENKAI.E;2025-10-31;2.34;1.23;90.24;0;0;0;0;0;0;0;0;0;193;0;;;;;
2025-10-16;O_ENKAIE1025P74.00;ENKAI_10/2025_AVRUPA_OPSIYON;D_EQ;SSO;D_EQ_EPP;DE_ENKAI_EPP;ENKAI.E;2025-10-31;3.52;2;76;2.36;2.36;2.36;2.36;2.36;148000;4720;20;1;120;0;;;;;
2025-10-16;O_ENKAIE1025P76.00;ENKAI_10/2025_AVRUPA_OPSIYON;D_EQ;SSO;D_EQ_EPP;DE_ENKAI_EPP;ENKAI.E;2025-10-31;4.95;3.03;63.37;3.45;3.45;3.45;3.45;3.45;152000;6900;20;1;208;0;;;;;
2025-10-16;O_ENKAIE1025P78.00;ENKAI_10/2025_AVRUPA_OPSIYON;D_EQ;SSO;D_EQ_EPP;DE_ENKAI_EPP;ENKAI.E;2025-10-31;6.58;4.31;52.67;0;0;0;0;0;0;0;0;0;104;0;;;;;
2025-10-16;O_ENKAIE1025P80.00;ENKAI_10/2025_AVRUPA_OPSIYON;D_EQ;SSO;D_EQ_EPP;DE_ENKAI_EPP;ENKAI.E;2025-10-31;8.33;5.8;43.62;0;0;0;0;0;0;0;0;0;77;0;;;;;
2025-10-16;O_ENKAIE1025P82.00;ENKAI_10/2025_AVRUPA_OPSIYON;D_EQ;SSO;D_EQ_EPP;DE_ENKAI_EPP;ENKAI.E;2025-10-31;10.18;7.46;36.46;0;0;0;0;0;0;0;0;0;41;0;;;;;
2025-10-16;O_ENKAIE1125C70.00;ENKAI_11/2025_AVRUPA_OPSIYON;D_EQ;SSO;D_EQ_ECP;DE_ENKAI_ECP;ENKAI.E;2025-11-28;5.9;8.2;-28.05;7.54;6.9;7.54;6.9;7.23;350000;36140;50;5;144;50;;;;;
2025-10-16;O_ENKAIE1125C72.00;ENKAI_11/2025_AVRUPA_OPSIYON;D_EQ;SSO;D_EQ_ECP;DE_ENKAI_ECP;ENKAI.E;2025-11-28;4.76;6.83;-30.31;6.32;6.32;6.32;6.32;6.32;144000;12640;20;2;100;20;;;;;
2025-10-16;O_ENKAIE1125C74.00;ENKAI_11/2025_AVRUPA_OPSIYON;D_EQ;SSO;D_EQ_ECP;DE_ENKAI_ECP;ENKAI.E;2025-11-28;3.77;5.6;-32.68;5.15;5.15;5.15;5.15;5.15;74000;5150;10;1;10;9;;;;;
2025-10-16;O_ENKAIE1125C76.00;ENKAI_11/2025_AVRUPA_OPSIYON;D_EQ;SSO;D_EQ_ECP;DE_ENKAI_ECP;ENKAI.E;2025-11-28;2.96;4.54;-34.8;4.32;4.32;4.32;4.32;4.32;76000;4320;10;1;10;9;;;;;
2025-10-16;O_ENKAIE1125C78.00;ENKAI_11/2025_AVRUPA_OPSIYON;D_EQ;SSO;D_EQ_ECP;DE_ENKAI_ECP;ENKAI.E;2025-11-28;2.29;3.63;-36.91;0;0;0;0;0;0;0;0;0;0;0;;;;;
2025-10-16;O_ENKAIE1125C80.00;ENKAI_11/2025_AVRUPA_OPSIYON;D_EQ;SSO;D_EQ_ECP;DE_ENKAI_ECP;ENKAI.E;2025-11-28;1.78;2.87;-37.98;0;0;0;0;0;0;0;0;0;0;0;;;;;
2025-10-16;O_ENKAIE1125C82.00;ENKAI_11/2025_AVRUPA_OPSIYON;D_EQ;SSO;D_EQ_ECP;DE_ENKAI_ECP;ENKAI.E;2025-11-28;1.37;2.25;-39.11;0;0;0;0;0;0;0;0;0;42;0;;;;;
2025-10-16;O_ENKAIE1125C84.00;ENKAI_11/2025_AVRUPA_OPSIYON;D_EQ;SSO;D_EQ_ECP;DE_ENKAI_ECP;ENKAI.E;2025-11-28;1.05;1.76;-40.34;0;0;0;0;0;0;0;0;0;89;0;;;;;
2025-10-16;O_ENKAIE1125C86.00;ENKAI_11/2025_AVRUPA_OPSIYON;D_EQ;SSO;D_EQ_ECP;DE_ENKAI_ECP;ENKAI.E;2025-11-28;0.8;1.37;-41.61;0;0;0;0;0;0;0;0;0;115;0;;;;;
2025-10-16;O_ENKAIE1125C88.00;ENKAI_11/2025_AVRUPA_OPSIYON;D_EQ;SSO;D_EQ_ECP;DE_ENKAI_ECP;ENKAI.E;2025-11-28;0.61;1.06;-42.45;0;0;0;0;0;0;0;0;0;0;0;;;;;
2025-10-16;O_ENKAIE1125C90.00;ENKAI_11/2025_AVRUPA_OPSIYON;D_EQ;SSO;D_EQ_ECP;DE_ENKAI_ECP;ENKAI.E;2025-11-28;0.47;0.81;-41.98;0;0;0;0;0;0;0;0;0;0;0;;;;;
2025-10-16;O_ENKAIE1125C92.00;ENKAI_11/2025_AVRUPA_OPSIYON;D_EQ;SSO;D_EQ_ECP;DE_ENKAI_ECP;ENKAI.E;2025-11-28;0.35;0.62;-43.55;0;0;0;0;0;0;0;0;0;0;0;;;;;
2025-10-16;O_ENKAIE1125C94.00;ENKAI_11/2025_AVRUPA_OPSIYON;D_EQ;SSO;D_EQ_ECP;DE_ENKAI_ECP;ENKAI.E;2025-11-28;0.27;0.48;-43.75;0;0;0;0;0;0;0;0;0;0;0;;;;;
2025-10-16;O_ENKAIE1125P60.00;ENKAI_11/2025_AVRUPA_OPSIYON;D_EQ;SSO;D_EQ_EPP;DE_ENKAI_EPP;ENKAI.E;2025-11-28;0.3;0.17;76.47;0;0;0;0;0;0;0;0;0;131;0;;;;;
2025-10-16;O_ENKAIE1125P62.00;ENKAI_11/2025_AVRUPA_OPSIYON;D_EQ;SSO;D_EQ_EPP;DE_ENKAI_EPP;ENKAI.E;2025-11-28;0.48;0.28;71.43;0;0;0;0;0;0;0;0;0;0;0;;;;;
2025-10-16;O_ENKAIE1125P64.00;ENKAI_11/2025_AVRUPA_OPSIYON;D_EQ;SSO;D_EQ_EPP;DE_ENKAI_EPP;ENKAI.E;2025-11-28;0.73;0.44;65.91;0;0;0;0;0;0;0;0;0;0;0;;;;;
2025-10-16;O_ENKAIE1125P66.00;ENKAI_11/2025_AVRUPA_OPSIYON;D_EQ;SSO;D_EQ_EPP;DE_ENKAI_EPP;ENKAI.E;2025-11-28;1.08;0.67;61.19;0;0;0;0;0;0;0;0;0;0;0;;;;;
2025-10-16;O_ENKAIE1125P68.00;ENKAI_11/2025_AVRUPA_OPSIYON;D_EQ;SSO;D_EQ_EPP;DE_ENKAI_EPP;ENKAI.E;2025-11-28;1.54;0.99;55.56;0;0;0;0;0;0;0;0;0;0;0;;;;;
2025-10-16;O_ENKAIE1125P70.00;ENKAI_11/2025_AVRUPA_OPSIYON;D_EQ;SSO;D_EQ_EPP;DE_ENKAI_EPP;ENKAI.E;2025-11-28;2.14;1.41;51.77;0;0;0;0;0;0;0;0;0;0;0;;;;;
2025-10-16;O_ENKAIE1125P72.00;ENKAI_11/2025_AVRUPA_OPSIYON;D_EQ;SSO;D_EQ_EPP;DE_ENKAI_EPP;ENKAI.E;2025-11-28;2.91;1.96;48.47;0;0;0;0;0;0;0;0;0;0;0;;;;;
2025-10-16;O_ENKAIE1125P74.00;ENKAI_11/2025_AVRUPA_OPSIYON;D_EQ;SSO;D_EQ_EPP;DE_ENKAI_EPP;ENKAI.E;2025-11-28;3.83;2.64;45.08;0;0;0;0;0;0;0;0;0;0;0;;;;;
2025-10-16;O_ENKAIE1125P76.00;ENKAI_11/2025_AVRUPA_OPSIYON;D_EQ;SSO;D_EQ_EPP;DE_ENKAI_EPP;ENKAI.E;2025-11-28;4.93;3.49;41.26;0;0;0;0;0;0;0;0;0;1;0;;;;;
2025-10-16;O_ENKAIE1125P78.00;ENKAI_11/2025_AVRUPA_OPSIYON;D_EQ;SSO;D_EQ_EPP;DE_ENKAI_EPP;ENKAI.E;2025-11-28;6.18;4.49;37.64;0;0;0;0;0;0;0;0;0;0;0;;;;;
2025-10-16;O_ENKAIE1125P80.00;ENKAI_11/2025_AVRUPA_OPSIYON;D_EQ;SSO;D_EQ_EPP;DE_ENKAI_EPP;ENKAI.E;2025-11-28;7.58;5.63;34.64;0;0;0;0;0;0;0;0;0;2;0;;;;;
2025-10-16;O_ENKAIE1125P82.00;ENKAI_11/2025_AVRUPA_OPSIYON;D_EQ;SSO;D_EQ_EPP;DE_ENKAI_EPP;ENKAI.E;2025-11-28;9.08;6.93;31.02;0;0;0;0;0;0;0;0;0;0;0;;;;;
2025-10-16;O_ENKAIE1125P84.00;ENKAI_11/2025_AVRUPA_OPSIYON;D_EQ;SSO;D_EQ_EPP;DE_ENKAI_EPP;ENKAI.E;2025-11-28;10.67;8.35;27.78;8.7;8.7;8.7;8.7;8.7;168000;17400;20;2;20;20;;;;;
2025-10-16;O_ENKAIE1225C72.00;ENKAI_12/2025_AVRUPA_OPSIYON;D_EQ;SSO;D_EQ_ECP;DE_ENKAI_ECP;ENKAI.E;2025-12-31;7.98;10.31;-22.6;0;0;0;0;0;0;0;0;0;0;0;;;;;
2025-10-16;O_ENKAIE1225C74.00;ENKAI_12/2025_AVRUPA_OPSIYON;D_EQ;SSO;D_EQ_ECP;DE_ENKAI_ECP;ENKAI.E;2025-12-31;6.86;9.02;-23.95;0;0;0;0;0;0;0;0;0;0;0;;;;;
2025-10-16;O_ENKAIE1225C76.00;ENKAI_12/2025_AVRUPA_OPSIYON;D_EQ;SSO;D_EQ_ECP;DE_ENKAI_ECP;ENKAI.E;2025-12-31;5.86;7.83;-25.16;0;0;0;0;0;0;0;0;0;0;0;;;;;
2025-10-16;O_ENKAIE1225C78.00;ENKAI_12/2025_AVRUPA_OPSIYON;D_EQ;SSO;D_EQ_ECP;DE_ENKAI_ECP;ENKAI.E;2025-12-31;4.98;6.77;-26.44;0;0;0;0;0;0;0;0;0;0;0;;;;;
2025-10-16;O_ENKAIE1225C80.00;ENKAI_12/2025_AVRUPA_OPSIYON;D_EQ;SSO;D_EQ_ECP;DE_ENKAI_ECP;ENKAI.E;2025-12-31;4.21;5.81;-27.54;0;0;0;0;0;0;0;0;0;0;0;;;;;
2025-10-16;O_ENKAIE1225C82.00;ENKAI_12/2025_AVRUPA_OPSIYON;D_EQ;SSO;D_EQ_ECP;DE_ENKAI_ECP;ENKAI.E;2025-12-31;3.57;4.97;-28.17;0;0;0;0;0;0;0;0;0;0;0;;;;;
2025-10-16;O_ENKAIE1225C84.00;ENKAI_12/2025_AVRUPA_OPSIYON;D_EQ;SSO;D_EQ_ECP;DE_ENKAI_ECP;ENKAI.E;2025-12-31;3.03;4.23;-28.37;0;0;0;0;0;0;0;0;0;0;0;;;;;
2025-10-16;O_ENKAIE1225C86.00;ENKAI_12/2025_AVRUPA_OPSIYON;D_EQ;SSO;D_EQ_ECP;DE_ENKAI_ECP;ENKAI.E;2025-12-31;2.57;3.62;-29.01;0;0;0;0;0;0;0;0;0;0;0;;;;;
2025-10-16;O_ENKAIE1225C88.00;ENKAI_12/2025_AVRUPA_OPSIYON;D_EQ;SSO;D_EQ_ECP;DE_ENKAI_ECP;ENKAI.E;2025-12-31;2.18;3.09;-29.45;0;0;0;0;0;0;0;0;0;0;0;;;;;
2025-10-16;O_ENKAIE1225C90.00;ENKAI_12/2025_AVRUPA_OPSIYON;D_EQ;SSO;D_EQ_ECP;DE_ENKAI_ECP;ENKAI.E;2025-12-31;1.85;2.63;-29.66;0;0;0;0;0;0;0;0;0;0;0;;;;;
2025-10-16;O_ENKAIE1225C92.00;ENKAI_12/2025_AVRUPA_OPSIYON;D_EQ;SSO;D_EQ_ECP;DE_ENKAI_ECP;ENKAI.E;2025-12-31;1.57;;0;0;0;0;0;0;0;0;0;0;0;0;;;;;
2025-10-16;O_ENKAIE1225P62.00;ENKAI_12/2025_AVRUPA_OPSIYON;D_EQ;SSO;D_EQ_EPP;DE_ENKAI_EPP;ENKAI.E;2025-12-31;0.7;0.46;52.17;0;0;0;0;0;0;0;0;0;0;0;;;;;
2025-10-16;O_ENKAIE1225P64.00;ENKAI_12/2025_AVRUPA_OPSIYON;D_EQ;SSO;D_EQ_EPP;DE_ENKAI_EPP;ENKAI.E;2025-12-31;0.95;0.65;46.15;0;0;0;0;0;0;0;0;0;0;0;;;;;
2025-10-16;O_ENKAIE1225P66.00;ENKAI_12/2025_AVRUPA_OPSIYON;D_EQ;SSO;D_EQ_EPP;DE_ENKAI_EPP;ENKAI.E;2025-12-31;1.27;0.88;44.32;0;0;0;0;0;0;0;0;0;0;0;;;;;
2025-10-16;O_ENKAIE1225P68.00;ENKAI_12/2025_AVRUPA_OPSIYON;D_EQ;SSO;D_EQ_EPP;DE_ENKAI_EPP;ENKAI.E;2025-12-31;1.66;1.18;40.68;0;0;0;0;0;0;0;0;0;0;0;;;;;
2025-10-16;O_ENKAIE1225P70.00;ENKAI_12/2025_AVRUPA_OPSIYON;D_EQ;SSO;D_EQ_EPP;DE_ENKAI_EPP;ENKAI.E;2025-12-31;2.14;1.55;38.06;0;0;0;0;0;0;0;0;0;0;0;;;;;
2025-10-16;O_ENKAIE1225P72.00;ENKAI_12/2025_AVRUPA_OPSIYON;D_EQ;SSO;D_EQ_EPP;DE_ENKAI_EPP;ENKAI.E;2025-12-31;2.71;2;35.5;0;0;0;0;0;0;0;0;0;0;0;;;;;
2025-10-16;O_ENKAIE1225P74.00;ENKAI_12/2025_AVRUPA_OPSIYON;D_EQ;SSO;D_EQ_EPP;DE_ENKAI_EPP;ENKAI.E;2025-12-31;3.4;2.53;34.39;0;0;0;0;0;0;0;0;0;0;0;;;;;
2025-10-16;O_ENKAIE1225P76.00;ENKAI_12/2025_AVRUPA_OPSIYON;D_EQ;SSO;D_EQ_EPP;DE_ENKAI_EPP;ENKAI.E;2025-12-31;4.22;3.15;33.97;0;0;0;0;0;0;0;0;0;0;0;;;;;
2025-10-16;O_ENKAIE1225P78.00;ENKAI_12/2025_AVRUPA_OPSIYON;D_EQ;SSO;D_EQ_EPP;DE_ENKAI_EPP;ENKAI.E;2025-12-31;5.15;3.91;31.71;0;0;0;0;0;0;0;0;0;0;0;;;;;
2025-10-16;O_ENKAIE1225P80.00;ENKAI_12/2025_AVRUPA_OPSIYON;D_EQ;SSO;D_EQ_EPP;DE_ENKAI_EPP;ENKAI.E;2025-12-31;6.2;4.77;29.98;0;0;0;0;0;0;0;0;0;0;0;;;;;
2025-10-16;O_ENKAIE1225P82.00;ENKAI_12/2025_AVRUPA_OPSIYON;D_EQ;SSO;D_EQ_EPP;DE_ENKAI_EPP;ENKAI.E;2025-12-31;7.38;;0;0;0;0;0;0;0;0;0;0;0;0;;;;;
2025-10-16;O_EREGLE1025C25.00;EREGL_10/2025_AVRUPA_OPSIYON;D_EQ;SSO;D_EQ_ECP;DE_EREGL_ECP;EREGL.E;2025-10-31;2.6;3.15;-17.46;0;0;0;0;0;0;0;0;0;0;0;;;;;
2025-10-16;O_EREGLE1025C26.00;EREGL_10/2025_AVRUPA_OPSIYON;D_EQ;SSO;D_EQ_ECP;DE_EREGL_ECP;EREGL.E;2025-10-31;1.76;2.26;-22.12;0;0;0;0;0;0;0;0;0;0;0;;;;;
2025-10-16;O_EREGLE1025C27.00;EREGL_10/2025_AVRUPA_OPSIYON;D_EQ;SSO;D_EQ_ECP;DE_EREGL_ECP;EREGL.E;2025-10-31;1.07;1.49;-28.19;0;0;0;0;0;0;0;0;0;0;0;;;;;
2025-10-16;O_EREGLE1025C28.00;EREGL_10/2025_AVRUPA_OPSIYON;D_EQ;SSO;D_EQ_ECP;DE_EREGL_ECP;EREGL.E;2025-10-31;0.58;0.89;-34.83;0.95;0.7;0.95;0.7;0.83;28000;825;10;2;127;10;;;;;
2025-10-16;O_EREGLE1025C29.00;EREGL_10/2025_AVRUPA_OPSIYON;D_EQ;SSO;D_EQ_ECP;DE_EREGL_ECP;EREGL.E;2025-10-31;0.27;0.47;-42.55;0;0;0;0;0;0;0;0;0;1827;0;;;;;
2025-10-16;O_EREGLE1025C30.00;EREGL_10/2025_AVRUPA_OPSIYON;D_EQ;SSO;D_EQ_ECP;DE_EREGL_ECP;EREGL.E;2025-10-31;0.11;0.22;-50;0;0;0;0;0;0;0;0;0;1692;0;;;;;
2025-10-16;O_EREGLE1025C31.00;EREGL_10/2025_AVRUPA_OPSIYON;D_EQ;SSO;D_EQ_ECP;DE_EREGL_ECP;EREGL.E;2025-10-31;0.04;0.09;-55.56;0;0;0;0;0;0;0;0;0;3102;0;;;;;
2025-10-16;O_EREGLE1025C32.00;EREGL_10/2025_AVRUPA_OPSIYON;D_EQ;SSO;D_EQ_ECP;DE_EREGL_ECP;EREGL.E;2025-10-31;0.01;0.04;-75;0;0;0;0;0;0;0;0;0;1425;0;;;;;
2025-10-16;O_EREGLE1025C33.00;EREGL_10/2025_AVRUPA_OPSIYON;D_EQ;SSO;D_EQ_ECP;DE_EREGL_ECP;EREGL.E;2025-10-31;0.01;0.01;0;0;0;0;0;0;0;0;0;0;2600;0;;;;;
2025-10-16;O_EREGLE1025C34.00;EREGL_10/2025_AVRUPA_OPSIYON;D_EQ;SSO;D_EQ_ECP;DE_EREGL_ECP;EREGL.E;2025-10-31;0.01;0.01;0;0;0;0;0;0;0;0;0;0;2000;0;;;;;
2025-10-16;O_EREGLE1025C35.00;EREGL_10/2025_AVRUPA_OPSIYON;D_EQ;SSO;D_EQ_ECP;DE_EREGL_ECP;EREGL.E;2025-10-31;0.01;0.01;0;0;0;0;0;0;0;0;0;0;1000;0;;;;;
2025-10-16;O_EREGLE1025C36.00;EREGL_10/2025_AVRUPA_OPSIYON;D_EQ;SSO;D_EQ_ECP;DE_EREGL_ECP;EREGL.E;2025-10-31;0.01;0.01;0;0;0;0;0;0;0;0;0;0;103;0;;;;;
2025-10-16;O_EREGLE1025C37.00;EREGL_10/2025_AVRUPA_OPSIYON;D_EQ;SSO;D_EQ_ECP;DE_EREGL_ECP;EREGL.E;2025-10-31;0.01;0.01;0;0;0;0;0;0;0;0;0;0;3;0;;;;;
2025-10-16;O_EREGLE1025C38.00;EREGL_10/2025_AVRUPA_OPSIYON;D_EQ;SSO;D_EQ_ECP;DE_EREGL_ECP;EREGL.E;2025-10-31;0.01;0.01;0;0;0;0;0;0;0;0;0;0;2;0;;;;;
2025-10-16;O_EREGLE1025C39.00;EREGL_10/2025_AVRUPA_OPSIYON;D_EQ;SSO;D_EQ_ECP;DE_EREGL_ECP;EREGL.E;2025-10-31;0.01;0.01;0;0;0;0;0;0;0;0;0;0;0;0;;;;;
2025-10-16;O_EREGLE1025C40.00;EREGL_10/2025_AVRUPA_OPSIYON;D_EQ;SSO;D_EQ_ECP;DE_EREGL_ECP;EREGL.E;2025-10-31;0.01;0.01;0;0;0;0;0;0;0;0;0;0;0;0;;;;;
2025-10-16;O_EREGLE1025P22.50;EREGL_10/2025_AVRUPA_OPSIYON;D_EQ;SSO;D_EQ_EPP;DE_EREGL_EPP;EREGL.E;2025-10-31;0.01;0.01;0;0;0;0;0;0;0;0;0;0;0;0;;;;;
2025-10-16;O_EREGLE1025P23.00;EREGL_10/2025_AVRUPA_OPSIYON;D_EQ;SSO;D_EQ_EPP;DE_EREGL_EPP;EREGL.E;2025-10-31;0.01;0.01;0;0;0;0;0;0;0;0;0;0;0;0;;;;;
2025-10-16;O_EREGLE1025P23.50;EREGL_10/2025_AVRUPA_OPSIYON;D_EQ;SSO;D_EQ_EPP;DE_EREGL_EPP;EREGL.E;2025-10-31;0.01;0.01;0;0;0;0;0;0;0;0;0;0;3;0;;;;;
2025-10-16;O_EREGLE1025P24.00;EREGL_10/2025_AVRUPA_OPSIYON;D_EQ;SSO;D_EQ_EPP;DE_EREGL_EPP;EREGL.E;2025-10-31;0.02;0.01;100;0;0;0;0;0;0;0;0;0;2;0;;;;;
2025-10-16;O_EREGLE1025P24.50;EREGL_10/2025_AVRUPA_OPSIYON;D_EQ;SSO;D_EQ_EPP;DE_EREGL_EPP;EREGL.E;2025-10-31;0.04;0.02;100;0;0;0;0;0;0;0;0;0;0;0;;;;;
2025-10-16;O_EREGLE1025P25.00;EREGL_10/2025_AVRUPA_OPSIYON;D_EQ;SSO;D_EQ_EPP;DE_EREGL_EPP;EREGL.E;2025-10-31;0.07;0.04;75;0;0;0;0;0;0;0;0;0;0;0;;;;;
2025-10-16;O_EREGLE1025P26.00;EREGL_10/2025_AVRUPA_OPSIYON;D_EQ;SSO;D_EQ_EPP;DE_EREGL_EPP;EREGL.E;2025-10-31;0.21;0.13;61.54;0;0;0;0;0;0;0;0;0;0;0;;;;;
2025-10-16;O_EREGLE1025P27.00;EREGL_10/2025_AVRUPA_OPSIYON;D_EQ;SSO;D_EQ_EPP;DE_EREGL_EPP;EREGL.E;2025-10-31;0.51;0.34;50;0;0;0;0;0;0;0;0;0;1053;0;;;;;
2025-10-16;O_EREGLE1025P28.00;EREGL_10/2025_AVRUPA_OPSIYON;D_EQ;SSO;D_EQ_EPP;DE_EREGL_EPP;EREGL.E;2025-10-31;1;0.72;38.89;0;0;0;0;0;0;0;0;0;36;0;;;;;
2025-10-16;O_EREGLE1025P29.00;EREGL_10/2025_AVRUPA_OPSIYON;D_EQ;SSO;D_EQ_EPP;DE_EREGL_EPP;EREGL.E;2025-10-31;1.68;1.29;30.23;1.67;1.67;1.67;1.67;1.67;14500;835;5;1;3416;5;;;;;
2025-10-16;O_EREGLE1025P30.00;EREGL_10/2025_AVRUPA_OPSIYON;D_EQ;SSO;D_EQ_EPP;DE_EREGL_EPP;EREGL.E;2025-10-31;2.51;2.03;23.65;0;0;0;0;0;0;0;0;0;1466;0;;;;;
2025-10-16;O_EREGLE1025P31.00;EREGL_10/2025_AVRUPA_OPSIYON;D_EQ;SSO;D_EQ_EPP;DE_EREGL_EPP;EREGL.E;2025-10-31;3.42;2.88;18.75;0;0;0;0;0;0;0;0;0;7103;0;;;;;
2025-10-16;O_EREGLE1025P32.00;EREGL_10/2025_AVRUPA_OPSIYON;D_EQ;SSO;D_EQ_EPP;DE_EREGL_EPP;EREGL.E;2025-10-31;4.38;3.81;14.96;0;0;0;0;0;0;0;0;0;977;0;;;;;
2025-10-16;O_EREGLE1025P33.00;EREGL_10/2025_AVRUPA_OPSIYON;D_EQ;SSO;D_EQ_EPP;DE_EREGL_EPP;EREGL.E;2025-10-31;5.35;4.77;12.16;0;0;0;0;0;0;0;0;0;2000;0;;;;;
2025-10-16;O_EREGLE1025P34.00;EREGL_10/2025_AVRUPA_OPSIYON;D_EQ;SSO;D_EQ_EPP;DE_EREGL_EPP;EREGL.E;2025-10-31;6.33;5.74;10.28;0;0;0;0;0;0;0;0;0;150;0;;;;;
2025-10-16;O_EREGLE1025P35.00;EREGL_10/2025_AVRUPA_OPSIYON;D_EQ;SSO;D_EQ_EPP;DE_EREGL_EPP;EREGL.E;2025-10-31;7.32;6.72;8.93;0;0;0;0;0;0;0;0;0;326;0;;;;;
2025-10-16;O_EREGLE1125C26.00;EREGL_11/2025_AVRUPA_OPSIYON;D_EQ;SSO;D_EQ_ECP;DE_EREGL_ECP;EREGL.E;2025-11-28;2.7;3.18;-15.09;0;0;0;0;0;0;0;0;0;3;0;;;;;
2025-10-16;O_EREGLE1125C27.00;EREGL_11/2025_AVRUPA_OPSIYON;D_EQ;SSO;D_EQ_ECP;DE_EREGL_ECP;EREGL.E;2025-11-28;2.03;2.46;-17.48;0;0;0;0;0;0;0;0;0;101;0;;;;;
2025-10-16;O_EREGLE1125C28.00;EREGL_11/2025_AVRUPA_OPSIYON;D_EQ;SSO;D_EQ_ECP;DE_EREGL_ECP;EREGL.E;2025-11-28;1.48;1.84;-19.57;0;0;0;0;0;0;0;0;0;1207;0;;;;;
2025-10-16;O_EREGLE1125C29.00;EREGL_11/2025_AVRUPA_OPSIYON;D_EQ;SSO;D_EQ_ECP;DE_EREGL_ECP;EREGL.E;2025-11-28;1.03;1.33;-22.56;0;0;0;0;0;0;0;0;0;328;0;;;;;
2025-10-16;O_EREGLE1125C30.00;EREGL_11/2025_AVRUPA_OPSIYON;D_EQ;SSO;D_EQ_ECP;DE_EREGL_ECP;EREGL.E;2025-11-28;0.7;0.93;-24.73;0;0;0;0;0;0;0;0;0;278;0;;;;;
2025-10-16;O_EREGLE1125C31.00;EREGL_11/2025_AVRUPA_OPSIYON;D_EQ;SSO;D_EQ_ECP;DE_EREGL_ECP;EREGL.E;2025-11-28;0.46;0.63;-26.98;0;0;0;0;0;0;0;0;0;12;0;;;;;
2025-10-16;O_EREGLE1125C32.00;EREGL_11/2025_AVRUPA_OPSIYON;D_EQ;SSO;D_EQ_ECP;DE_EREGL_ECP;EREGL.E;2025-11-28;0.29;0.41;-29.27;0;0;0;0;0;0;0;0;0;54;0;;;;;
2025-10-16;O_EREGLE1125C33.00;EREGL_11/2025_AVRUPA_OPSIYON;D_EQ;SSO;D_EQ_ECP;DE_EREGL_ECP;EREGL.E;2025-11-28;0.18;0.26;-30.77;0;0;0;0;0;0;0;0;0;300;0;;;;;
2025-10-16;O_EREGLE1125C34.00;EREGL_11/2025_AVRUPA_OPSIYON;D_EQ;SSO;D_EQ_ECP;DE_EREGL_ECP;EREGL.E;2025-11-28;0.11;0.16;-31.25;0;0;0;0;0;0;0;0;0;0;0;;;;;
2025-10-16;O_EREGLE1125C35.00;EREGL_11/2025_AVRUPA_OPSIYON;D_EQ;SSO;D_EQ_ECP;DE_EREGL_ECP;EREGL.E;2025-11-28;0.06;0.1;-40;0;0;0;0;0;0;0;0;0;30;0;;;;;
2025-10-16;O_EREGLE1125C36.00;EREGL_11/2025_AVRUPA_OPSIYON;D_EQ;SSO;D_EQ_ECP;DE_EREGL_ECP;EREGL.E;2025-11-28;0.03;0.06;-50;0;0;0;0;0;0;0;0;0;3000;0;;;;;
2025-10-16;O_EREGLE1125C37.00;EREGL_11/2025_AVRUPA_OPSIYON;D_EQ;SSO;D_EQ_ECP;DE_EREGL_ECP;EREGL.E;2025-11-28;0.02;0.03;-33.33;0;0;0;0;0;0;0;0;0;0;0;;;;;
2025-10-16;O_EREGLE1125C38.00;EREGL_11/2025_AVRUPA_OPSIYON;D_EQ;SSO;D_EQ_ECP;DE_EREGL_ECP;EREGL.E;2025-11-28;0.01;0.02;-50;0;0;0;0;0;0;0;0;0;0;0;;;;;
2025-10-16;O_EREGLE1125C39.00;EREGL_11/2025_AVRUPA_OPSIYON;D_EQ;SSO;D_EQ_ECP;DE_EREGL_ECP;EREGL.E;2025-11-28;0.01;0.01;0;0;0;0;0;0;0;0;0;0;0;0;;;;;
2025-10-16;O_EREGLE1125C40.00;EREGL_11/2025_AVRUPA_OPSIYON;D_EQ;SSO;D_EQ_ECP;DE_EREGL_ECP;EREGL.E;2025-11-28;0.01;0.01;0;0;0;0;0;0;0;0;0;0;0;0;;;;;
2025-10-16;O_EREGLE1125C41.00;EREGL_11/2025_AVRUPA_OPSIYON;D_EQ;SSO;D_EQ_ECP;DE_EREGL_ECP;EREGL.E;2025-11-28;0.01;0.01;0;0;0;0;0;0;0;0;0;0;0;0;;;;;
2025-10-16;O_EREGLE1125P23.00;EREGL_11/2025_AVRUPA_OPSIYON;D_EQ;SSO;D_EQ_EPP;DE_EREGL_EPP;EREGL.E;2025-11-28;0.05;0.03;66.67;0;0;0;0;0;0;0;0;0;0;0;;;;;
2025-10-16;O_EREGLE1125P23.50;EREGL_11/2025_AVRUPA_OPSIYON;D_EQ;SSO;D_EQ_EPP;DE_EREGL_EPP;EREGL.E;2025-11-28;0.07;0.05;40;0;0;0;0;0;0;0;0;0;0;0;;;;;
2025-10-16;O_EREGLE1125P24.00;EREGL_11/2025_AVRUPA_OPSIYON;D_EQ;SSO;D_EQ_EPP;DE_EREGL_EPP;EREGL.E;2025-11-28;0.11;0.08;37.5;0;0;0;0;0;0;0;0;0;0;0;;;;;
2025-10-16;O_EREGLE1125P24.50;EREGL_11/2025_AVRUPA_OPSIYON;D_EQ;SSO;D_EQ_EPP;DE_EREGL_EPP;EREGL.E;2025-11-28;0.16;0.12;33.33;0;0;0;0;0;0;0;0;0;1;0;;;;;
2025-10-16;O_EREGLE1125P25.00;EREGL_11/2025_AVRUPA_OPSIYON;D_EQ;SSO;D_EQ_EPP;DE_EREGL_EPP;EREGL.E;2025-11-28;0.23;0.17;35.29;0;0;0;0;0;0;0;0;0;276;0;;;;;
2025-10-16;O_EREGLE1125P26.00;EREGL_11/2025_AVRUPA_OPSIYON;D_EQ;SSO;D_EQ_EPP;DE_EREGL_EPP;EREGL.E;2025-11-28;0.42;0.32;31.25;0;0;0;0;0;0;0;0;0;1389;0;;;;;
2025-10-16;O_EREGLE1125P27.00;EREGL_11/2025_AVRUPA_OPSIYON;D_EQ;SSO;D_EQ_EPP;DE_EREGL_EPP;EREGL.E;2025-11-28;0.71;0.55;29.09;0;0;0;0;0;0;0;0;0;302;0;;;;;
2025-10-16;O_EREGLE1125P28.00;EREGL_11/2025_AVRUPA_OPSIYON;D_EQ;SSO;D_EQ_EPP;DE_EREGL_EPP;EREGL.E;2025-11-28;1.11;0.89;24.72;0;0;0;0;0;0;0;0;0;0;0;;;;;
2025-10-16;O_EREGLE1125P29.00;EREGL_11/2025_AVRUPA_OPSIYON;D_EQ;SSO;D_EQ_EPP;DE_EREGL_EPP;EREGL.E;2025-11-28;1.63;1.33;22.56;0;0;0;0;0;0;0;0;0;0;0;;;;;
2025-10-16;O_EREGLE1125P30.00;EREGL_11/2025_AVRUPA_OPSIYON;D_EQ;SSO;D_EQ_EPP;DE_EREGL_EPP;EREGL.E;2025-11-28;2.25;1.89;19.05;0;0;0;0;0;0;0;0;0;5;0;;;;;
2025-10-16;O_EREGLE1125P31.00;EREGL_11/2025_AVRUPA_OPSIYON;D_EQ;SSO;D_EQ_EPP;DE_EREGL_EPP;EREGL.E;2025-11-28;2.96;2.54;16.54;0;0;0;0;0;0;0;0;0;150;0;;;;;
2025-10-16;O_EREGLE1125P32.00;EREGL_11/2025_AVRUPA_OPSIYON;D_EQ;SSO;D_EQ_EPP;DE_EREGL_EPP;EREGL.E;2025-11-28;3.75;3.28;14.33;0;0;0;0;0;0;0;0;0;175;0;;;;;
2025-10-16;O_EREGLE1125P33.00;EREGL_11/2025_AVRUPA_OPSIYON;D_EQ;SSO;D_EQ_EPP;DE_EREGL_EPP;EREGL.E;2025-11-28;4.59;4.09;12.22;0;0;0;0;0;0;0;0;0;303;0;;;;;
2025-10-16;O_EREGLE1125P34.00;EREGL_11/2025_AVRUPA_OPSIYON;D_EQ;SSO;D_EQ_EPP;DE_EREGL_EPP;EREGL.E;2025-11-28;5.48;4.94;10.93;0;0;0;0;0;0;0;0;0;303;0;;;;;
2025-10-16;O_EREGLE1125P35.00;EREGL_11/2025_AVRUPA_OPSIYON;D_EQ;SSO;D_EQ_EPP;DE_EREGL_EPP;EREGL.E;2025-11-28;6.39;5.83;9.61;0;0;0;0;0;0;0;0;0;353;0;;;;;
2025-10-16;O_EREGLE1125P36.00;EREGL_11/2025_AVRUPA_OPSIYON;D_EQ;SSO;D_EQ_EPP;DE_EREGL_EPP;EREGL.E;2025-11-28;7.32;6.75;8.44;0;0;0;0;0;0;0;0;0;0;0;;;;;
2025-10-16;O_EREGLE1225C27.00;EREGL_12/2025_AVRUPA_OPSIYON;D_EQ;SSO;D_EQ_ECP;DE_EREGL_ECP;EREGL.E;2025-12-31;3.26;3.73;-12.6;0;0;0;0;0;0;0;0;0;0;0;;;;;
2025-10-16;O_EREGLE1225C28.00;EREGL_12/2025_AVRUPA_OPSIYON;D_EQ;SSO;D_EQ_ECP;DE_EREGL_ECP;EREGL.E;2025-12-31;2.65;3.08;-13.96;0;0;0;0;0;0;0;0;0;0;0;;;;;
2025-10-16;O_EREGLE1225C29.00;EREGL_12/2025_AVRUPA_OPSIYON;D_EQ;SSO;D_EQ_ECP;DE_EREGL_ECP;EREGL.E;2025-12-31;2.12;2.5;-15.2;0;0;0;0;0;0;0;0;0;0;0;;;;;
2025-10-16;O_EREGLE1225C30.00;EREGL_12/2025_AVRUPA_OPSIYON;D_EQ;SSO;D_EQ_ECP;DE_EREGL_ECP;EREGL.E;2025-12-31;1.67;2;-16.5;0;0;0;0;0;0;0;0;0;0;0;;;;;
2025-10-16;O_EREGLE1225C31.00;EREGL_12/2025_AVRUPA_OPSIYON;D_EQ;SSO;D_EQ_ECP;DE_EREGL_ECP;EREGL.E;2025-12-31;1.29;1.57;-17.83;0;0;0;0;0;0;0;0;0;0;0;;;;;
2025-10-16;O_EREGLE1225C32.00;EREGL_12/2025_AVRUPA_OPSIYON;D_EQ;SSO;D_EQ_ECP;DE_EREGL_ECP;EREGL.E;2025-12-31;0.98;1.22;-19.67;0;0;0;0;0;0;0;0;0;0;0;;;;;
2025-10-16;O_EREGLE1225C33.00;EREGL_12/2025_AVRUPA_OPSIYON;D_EQ;SSO;D_EQ_ECP;DE_EREGL_ECP;EREGL.E;2025-12-31;0.74;0.93;-20.43;0;0;0;0;0;0;0;0;0;0;0;;;;;
2025-10-16;O_EREGLE1225C34.00;EREGL_12/2025_AVRUPA_OPSIYON;D_EQ;SSO;D_EQ_ECP;DE_EREGL_ECP;EREGL.E;2025-12-31;0.55;0.7;-21.43;0;0;0;0;0;0;0;0;0;0;0;;;;;
2025-10-16;O_EREGLE1225C35.00;EREGL_12/2025_AVRUPA_OPSIYON;D_EQ;SSO;D_EQ_ECP;DE_EREGL_ECP;EREGL.E;2025-12-31;0.4;0.52;-23.08;0;0;0;0;0;0;0;0;0;0;0;;;;;
2025-10-16;O_EREGLE1225C36.00;EREGL_12/2025_AVRUPA_OPSIYON;D_EQ;SSO;D_EQ_ECP;DE_EREGL_ECP;EREGL.E;2025-12-31;0.29;0.38;-23.68;0;0;0;0;0;0;0;0;0;0;0;;;;;
2025-10-16;O_EREGLE1225C37.00;EREGL_12/2025_AVRUPA_OPSIYON;D_EQ;SSO;D_EQ_ECP;DE_EREGL_ECP;EREGL.E;2025-12-31;0.21;0.28;-25;0;0;0;0;0;0;0;0;0;0;0;;;;;
2025-10-16;O_EREGLE1225C38.00;EREGL_12/2025_AVRUPA_OPSIYON;D_EQ;SSO;D_EQ_ECP;DE_EREGL_ECP;EREGL.E;2025-12-31;0.15;0.2;-25;0;0;0;0;0;0;0;0;0;0;0;;;;;
2025-10-16;O_EREGLE1225C39.00;EREGL_12/2025_AVRUPA_OPSIYON;D_EQ;SSO;D_EQ_ECP;DE_EREGL_ECP;EREGL.E;2025-12-31;0.1;0.14;-28.57;0;0;0;0;0;0;0;0;0;0;0;;;;;
2025-10-16;O_EREGLE1225P23.50;EREGL_12/2025_AVRUPA_OPSIYON;D_EQ;SSO;D_EQ_EPP;DE_EREGL_EPP;EREGL.E;2025-12-31;0.11;0.09;22.22;0;0;0;0;0;0;0;0;0;0;0;;;;;
2025-10-16;O_EREGLE1225P24.00;EREGL_12/2025_AVRUPA_OPSIYON;D_EQ;SSO;D_EQ_EPP;DE_EREGL_EPP;EREGL.E;2025-12-31;0.15;0.12;25;0;0;0;0;0;0;0;0;0;0;0;;;;;
2025-10-16;O_EREGLE1225P24.50;EREGL_12/2025_AVRUPA_OPSIYON;D_EQ;SSO;D_EQ_EPP;DE_EREGL_EPP;EREGL.E;2025-12-31;0.2;0.16;25;0;0;0;0;0;0;0;0;0;0;0;;;;;
2025-10-16;O_EREGLE1225P25.00;EREGL_12/2025_AVRUPA_OPSIYON;D_EQ;SSO;D_EQ_EPP;DE_EREGL_EPP;EREGL.E;2025-12-31;0.27;0.21;28.57;0;0;0;0;0;0;0;0;0;0;0;;;;;
2025-10-16;O_EREGLE1225P26.00;EREGL_12/2025_AVRUPA_OPSIYON;D_EQ;SSO;D_EQ_EPP;DE_EREGL_EPP;EREGL.E;2025-12-31;0.43;0.34;26.47;0;0;0;0;0;0;0;0;0;0;0;;;;;
2025-10-16;O_EREGLE1225P27.00;EREGL_12/2025_AVRUPA_OPSIYON;D_EQ;SSO;D_EQ_EPP;DE_EREGL_EPP;EREGL.E;2025-12-31;0.66;0.53;24.53;0;0;0;0;0;0;0;0;0;0;0;;;;;
2025-10-16;O_EREGLE1225P28.00;EREGL_12/2025_AVRUPA_OPSIYON;D_EQ;SSO;D_EQ_EPP;DE_EREGL_EPP;EREGL.E;2025-12-31;0.95;0.79;20.25;0;0;0;0;0;0;0;0;0;0;0;;;;;
2025-10-16;O_EREGLE1225P29.00;EREGL_12/2025_AVRUPA_OPSIYON;D_EQ;SSO;D_EQ_EPP;DE_EREGL_EPP;EREGL.E;2025-12-31;1.33;1.12;18.75;0;0;0;0;0;0;0;0;0;0;0;;;;;
2025-10-16;O_EREGLE1225P30.00;EREGL_12/2025_AVRUPA_OPSIYON;D_EQ;SSO;D_EQ_EPP;DE_EREGL_EPP;EREGL.E;2025-12-31;1.79;1.52;17.76;0;0;0;0;0;0;0;0;0;0;0;;;;;
2025-10-16;O_EREGLE1225P31.00;EREGL_12/2025_AVRUPA_OPSIYON;D_EQ;SSO;D_EQ_EPP;DE_EREGL_EPP;EREGL.E;2025-12-31;2.32;2;16;0;0;0;0;0;0;0;0;0;0;0;;;;;
2025-10-16;O_EREGLE1225P32.00;EREGL_12/2025_AVRUPA_OPSIYON;D_EQ;SSO;D_EQ_EPP;DE_EREGL_EPP;EREGL.E;2025-12-31;2.92;2.56;14.06;0;0;0;0;0;0;0;0;0;0;0;;;;;
2025-10-16;O_EREGLE1225P33.00;EREGL_12/2025_AVRUPA_OPSIYON;D_EQ;SSO;D_EQ_EPP;DE_EREGL_EPP;EREGL.E;2025-12-31;3.58;3.18;12.58;0;0;0;0;0;0;0;0;0;0;0;;;;;
2025-10-16;O_EREGLE1225P34.00;EREGL_12/2025_AVRUPA_OPSIYON;D_EQ;SSO;D_EQ_EPP;DE_EREGL_EPP;EREGL.E;2025-12-31;4.3;3.86;11.4;0;0;0;0;0;0;0;0;0;0;0;;;;;
2025-10-16;O_FROTOE1025C100.00;FROTO_10/2025_AVRUPA_OPSIYON;D_EQ;SSO;D_EQ_ECP;DE_FROTO_ECP;FROTO.E;2025-10-31;0.59;0.86;-31.4;0;0;0;0;0;0;0;0;0;13;0;;;;;
2025-10-16;O_FROTOE1025C105.00;FROTO_10/2025_AVRUPA_OPSIYON;D_EQ;SSO;D_EQ_ECP;DE_FROTO_ECP;FROTO.E;2025-10-31;0.22;0.35;-37.14;0;0;0;0;0;0;0;0;0;3703;0;;;;;
2025-10-16;O_FROTOE1025C110.00;FROTO_10/2025_AVRUPA_OPSIYON;D_EQ;SSO;D_EQ_ECP;DE_FROTO_ECP;FROTO.E;2025-10-31;0.09;0.15;-40;0;0;0;0;0;0;0;0;0;40;0;;;;;
2025-10-16;O_FROTOE1025C115.00;FROTO_10/2025_AVRUPA_OPSIYON;D_EQ;SSO;D_EQ_ECP;DE_FROTO_ECP;FROTO.E;2025-10-31;0.04;0.07;-42.86;0;0;0;0;0;0;0;0;0;0;0;;;;;
2025-10-16;O_FROTOE1025C120.00;FROTO_10/2025_AVRUPA_OPSIYON;D_EQ;SSO;D_EQ_ECP;DE_FROTO_ECP;FROTO.E;2025-10-31;0.02;0.03;-33.33;0;0;0;0;0;0;0;0;0;0;0;;;;;
2025-10-16;O_FROTOE1025C125.00;FROTO_10/2025_AVRUPA_OPSIYON;D_EQ;SSO;D_EQ_ECP;DE_FROTO_ECP;FROTO.E;2025-10-31;0.01;0.02;-50;0;0;0;0;0;0;0;0;0;0;0;;;;;
2025-10-16;O_FROTOE1025C130.00;FROTO_10/2025_AVRUPA_OPSIYON;D_EQ;SSO;D_EQ_ECP;DE_FROTO_ECP;FROTO.E;2025-10-31;0.01;0.01;0;0;0;0;0;0;0;0;0;0;0;0;;;;;
2025-10-16;O_FROTOE1025C135.00;FROTO_10/2025_AVRUPA_OPSIYON;D_EQ;SSO;D_EQ_ECP;DE_FROTO_ECP;FROTO.E;2025-10-31;0.01;0.01;0;0;0;0;0;0;0;0;0;0;0;0;;;;;
2025-10-16;O_FROTOE1025C140.00;FROTO_10/2025_AVRUPA_OPSIYON;D_EQ;SSO;D_EQ_ECP;DE_FROTO_ECP;FROTO.E;2025-10-31;0.01;0.01;0;0;0;0;0;0;0;0;0;0;0;0;;;;;
2025-10-16;O_FROTOE1025C145.00;FROTO_10/2025_AVRUPA_OPSIYON;D_EQ;SSO;D_EQ_ECP;DE_FROTO_ECP;FROTO.E;2025-10-31;0.01;0.01;0;0;0;0;0;0;0;0;0;0;0;0;;;;;
2025-10-16;O_FROTOE1025C150.00;FROTO_10/2025_AVRUPA_OPSIYON;D_EQ;SSO;D_EQ_ECP;DE_FROTO_ECP;FROTO.E;2025-10-31;0.01;0.01;0;0;0;0;0;0;0;0;0;0;0;0;;;;;
2025-10-16;O_FROTOE1025C155.00;FROTO_10/2025_AVRUPA_OPSIYON;D_EQ;SSO;D_EQ_ECP;DE_FROTO_ECP;FROTO.E;2025-10-31;0.01;0.01;0;0;0;0;0;0;0;0;0;0;0;0;;;;;
2025-10-16;O_FROTOE1025C92.00;FROTO_10/2025_AVRUPA_OPSIYON;D_EQ;SSO;D_EQ_ECP;DE_FROTO_ECP;FROTO.E;2025-10-31;2.73;3.54;-22.88;3.18;3.18;3.22;3.22;3.2;276000;9610;30;3;0;0;;;;;
2025-10-16;O_FROTOE1025C94.00;FROTO_10/2025_AVRUPA_OPSIYON;D_EQ;SSO;D_EQ_ECP;DE_FROTO_ECP;FROTO.E;2025-10-31;1.9;2.55;-25.49;2.23;2.23;2.3;2.3;2.26;188000;4530;20;2;7;0;;;;;
2025-10-16;O_FROTOE1025C96.00;FROTO_10/2025_AVRUPA_OPSIYON;D_EQ;SSO;D_EQ_ECP;DE_FROTO_ECP;FROTO.E;2025-10-31;1.28;1.79;-28.49;0;0;0;0;0;0;0;0;0;200;0;;;;;
2025-10-16;O_FROTOE1025C98.00;FROTO_10/2025_AVRUPA_OPSIYON;D_EQ;SSO;D_EQ_ECP;DE_FROTO_ECP;FROTO.E;2025-10-31;0.87;1.22;-28.69;0;0;0;0;0;0;0;0;0;250;0;;;;;
2025-10-16;O_FROTOE1025P100.00;FROTO_10/2025_AVRUPA_OPSIYON;D_EQ;SSO;D_EQ_EPP;DE_FROTO_EPP;FROTO.E;2025-10-31;8.49;7.45;13.96;0;0;0;0;0;0;0;0;0;0;0;;;;;
2025-10-16;O_FROTOE1025P105.00;FROTO_10/2025_AVRUPA_OPSIYON;D_EQ;SSO;D_EQ_EPP;DE_FROTO_EPP;FROTO.E;2025-10-31;13.05;11.87;9.94;0;0;0;0;0;0;0;0;0;53;0;;;;;
2025-10-16;O_FROTOE1025P110.00;FROTO_10/2025_AVRUPA_OPSIYON;D_EQ;SSO;D_EQ_EPP;DE_FROTO_EPP;FROTO.E;2025-10-31;17.83;16.58;7.54;0;0;0;0;0;0;0;0;0;320;0;;;;;
2025-10-16;O_FROTOE1025P115.00;FROTO_10/2025_AVRUPA_OPSIYON;D_EQ;SSO;D_EQ_EPP;DE_FROTO_EPP;FROTO.E;2025-10-31;22.7;21.42;5.98;0;0;0;0;0;0;0;0;0;180;0;;;;;
2025-10-16;O_FROTOE1025P120.00;FROTO_10/2025_AVRUPA_OPSIYON;D_EQ;SSO;D_EQ_EPP;DE_FROTO_EPP;FROTO.E;2025-10-31;27.61;26.3;4.98;0;0;0;0;0;0;0;0;0;30;0;;;;;
2025-10-16;O_FROTOE1025P125.00;FROTO_10/2025_AVRUPA_OPSIYON;D_EQ;SSO;D_EQ_EPP;DE_FROTO_EPP;FROTO.E;2025-10-31;32.52;31.2;4.23;0;0;0;0;0;0;0;0;0;0;0;;;;;
2025-10-16;O_FROTOE1025P130.00;FROTO_10/2025_AVRUPA_OPSIYON;D_EQ;SSO;D_EQ_EPP;DE_FROTO_EPP;FROTO.E;2025-10-31;37.44;36.11;3.68;0;0;0;0;0;0;0;0;0;0;0;;;;;
2025-10-16;O_FROTOE1025P82.00;FROTO_10/2025_AVRUPA_OPSIYON;D_EQ;SSO;D_EQ_EPP;DE_FROTO_EPP;FROTO.E;2025-10-31;0.27;0.23;17.39;0;0;0;0;0;0;0;0;0;0;0;;;;;
2025-10-16;O_FROTOE1025P84.00;FROTO_10/2025_AVRUPA_OPSIYON;D_EQ;SSO;D_EQ_EPP;DE_FROTO_EPP;FROTO.E;2025-10-31;0.46;0.38;21.05;0;0;0;0;0;0;0;0;0;0;0;;;;;
2025-10-16;O_FROTOE1025P86.00;FROTO_10/2025_AVRUPA_OPSIYON;D_EQ;SSO;D_EQ_EPP;DE_FROTO_EPP;FROTO.E;2025-10-31;0.75;0.62;20.97;0;0;0;0;0;0;0;0;0;0;0;;;;;
2025-10-16;O_FROTOE1025P88.00;FROTO_10/2025_AVRUPA_OPSIYON;D_EQ;SSO;D_EQ_EPP;DE_FROTO_EPP;FROTO.E;2025-10-31;1.19;0.97;22.68;0;0;0;0;0;0;0;0;0;0;0;;;;;
2025-10-16;O_FROTOE1025P90.00;FROTO_10/2025_AVRUPA_OPSIYON;D_EQ;SSO;D_EQ_EPP;DE_FROTO_EPP;FROTO.E;2025-10-31;1.87;1.51;23.84;0;0;0;0;0;0;0;0;0;0;0;;;;;
2025-10-16;O_FROTOE1025P92.00;FROTO_10/2025_AVRUPA_OPSIYON;D_EQ;SSO;D_EQ_EPP;DE_FROTO_EPP;FROTO.E;2025-10-31;2.75;2.27;21.15;0;0;0;0;0;0;0;0;0;0;0;;;;;
2025-10-16;O_FROTOE1025P94.00;FROTO_10/2025_AVRUPA_OPSIYON;D_EQ;SSO;D_EQ_EPP;DE_FROTO_EPP;FROTO.E;2025-10-31;3.9;3.24;20.37;3.35;3.35;3.35;3.35;3.35;188000;6700;20;2;10;0;;;;;
2025-10-16;O_FROTOE1025P96.00;FROTO_10/2025_AVRUPA_OPSIYON;D_EQ;SSO;D_EQ_EPP;DE_FROTO_EPP;FROTO.E;2025-10-31;5.25;4.45;17.98;4.64;4.6;4.64;4.6;4.62;192000;9240;20;2;0;0;;;;;
2025-10-16;O_FROTOE1025P98.00;FROTO_10/2025_AVRUPA_OPSIYON;D_EQ;SSO;D_EQ_EPP;DE_FROTO_EPP;FROTO.E;2025-10-31;6.8;5.85;16.24;0;0;0;0;0;0;0;0;0;1;0;;;;;
2025-10-16;O_FROTOE1125C100.00;FROTO_11/2025_AVRUPA_OPSIYON;D_EQ;SSO;D_EQ_ECP;DE_FROTO_ECP;FROTO.E;2025-11-28;2.75;3.24;-15.12;0;0;0;0;0;0;0;0;0;20;0;;;;;
2025-10-16;O_FROTOE1125C105.00;FROTO_11/2025_AVRUPA_OPSIYON;D_EQ;SSO;D_EQ_ECP;DE_FROTO_ECP;FROTO.E;2025-11-28;1.79;2.12;-15.57;0;0;0;0;0;0;0;0;0;20;0;;;;;
2025-10-16;O_FROTOE1125C110.00;FROTO_11/2025_AVRUPA_OPSIYON;D_EQ;SSO;D_EQ_ECP;DE_FROTO_ECP;FROTO.E;2025-11-28;1.2;1.44;-16.67;0;0;0;0;0;0;0;0;0;20;0;;;;;
2025-10-16;O_FROTOE1125C115.00;FROTO_11/2025_AVRUPA_OPSIYON;D_EQ;SSO;D_EQ_ECP;DE_FROTO_ECP;FROTO.E;2025-11-28;0.84;1.02;-17.65;0;0;0;0;0;0;0;0;0;20;0;;;;;
2025-10-16;O_FROTOE1125C120.00;FROTO_11/2025_AVRUPA_OPSIYON;D_EQ;SSO;D_EQ_ECP;DE_FROTO_ECP;FROTO.E;2025-11-28;0.6;0.75;-20;0;0;0;0;0;0;0;0;0;0;0;;;;;
2025-10-16;O_FROTOE1125C125.00;FROTO_11/2025_AVRUPA_OPSIYON;D_EQ;SSO;D_EQ_ECP;DE_FROTO_ECP;FROTO.E;2025-11-28;0.45;0.57;-21.05;0;0;0;0;0;0;0;0;0;0;0;;;;;
2025-10-16;O_FROTOE1125C130.00;FROTO_11/2025_AVRUPA_OPSIYON;D_EQ;SSO;D_EQ_ECP;DE_FROTO_ECP;FROTO.E;2025-11-28;0.35;0.45;-22.22;0;0;0;0;0;0;0;0;0;0;0;;;;;
2025-10-16;O_FROTOE1125C135.00;FROTO_11/2025_AVRUPA_OPSIYON;D_EQ;SSO;D_EQ_ECP;DE_FROTO_ECP;FROTO.E;2025-11-28;0.28;0.36;-22.22;0;0;0;0;0;0;0;0;0;0;0;;;;;
2025-10-16;O_FROTOE1125C140.00;FROTO_11/2025_AVRUPA_OPSIYON;D_EQ;SSO;D_EQ_ECP;DE_FROTO_ECP;FROTO.E;2025-11-28;0.23;0.3;-23.33;0;0;0;0;0;0;0;0;0;0;0;;;;;
2025-10-16;O_FROTOE1125C145.00;FROTO_11/2025_AVRUPA_OPSIYON;D_EQ;SSO;D_EQ_ECP;DE_FROTO_ECP;FROTO.E;2025-11-28;0.2;0.26;-23.08;0;0;0;0;0;0;0;0;0;0;0;;;;;
2025-10-16;O_FROTOE1125C150.00;FROTO_11/2025_AVRUPA_OPSIYON;D_EQ;SSO;D_EQ_ECP;DE_FROTO_ECP;FROTO.E;2025-11-28;0.17;0.23;-26.09;0;0;0;0;0;0;0;0;0;0;0;;;;;
2025-10-16;O_FROTOE1125C94.00;FROTO_11/2025_AVRUPA_OPSIYON;D_EQ;SSO;D_EQ_ECP;DE_FROTO_ECP;FROTO.E;2025-11-28;4.97;5.77;-13.86;0;0;0;0;0;0;0;0;0;0;0;;;;;
2025-10-16;O_FROTOE1125C96.00;FROTO_11/2025_AVRUPA_OPSIYON;D_EQ;SSO;D_EQ_ECP;DE_FROTO_ECP;FROTO.E;2025-11-28;4.09;4.77;-14.26;0;0;0;0;0;0;0;0;0;0;0;;;;;
2025-10-16;O_FROTOE1125C98.00;FROTO_11/2025_AVRUPA_OPSIYON;D_EQ;SSO;D_EQ_ECP;DE_FROTO_ECP;FROTO.E;2025-11-28;3.35;3.95;-15.19;0;0;0;0;0;0;0;0;0;0;0;;;;;
2025-10-16;O_FROTOE1125P100.00;FROTO_11/2025_AVRUPA_OPSIYON;D_EQ;SSO;D_EQ_EPP;DE_FROTO_EPP;FROTO.E;2025-11-28;7.82;7.02;11.4;0;0;0;0;0;0;0;0;0;0;0;;;;;
2025-10-16;O_FROTOE1125P105.00;FROTO_11/2025_AVRUPA_OPSIYON;D_EQ;SSO;D_EQ_EPP;DE_FROTO_EPP;FROTO.E;2025-11-28;11.65;10.67;9.18;0;0;0;0;0;0;0;0;0;0;0;;;;;
2025-10-16;O_FROTOE1125P110.00;FROTO_11/2025_AVRUPA_OPSIYON;D_EQ;SSO;D_EQ_EPP;DE_FROTO_EPP;FROTO.E;2025-11-28;15.84;14.77;7.24;0;0;0;0;0;0;0;0;0;0;0;;;;;
2025-10-16;O_FROTOE1125P115.00;FROTO_11/2025_AVRUPA_OPSIYON;D_EQ;SSO;D_EQ_EPP;DE_FROTO_EPP;FROTO.E;2025-11-28;20.25;19.12;5.91;0;0;0;0;0;0;0;0;0;0;0;;;;;
2025-10-16;O_FROTOE1125P120.00;FROTO_11/2025_AVRUPA_OPSIYON;D_EQ;SSO;D_EQ_EPP;DE_FROTO_EPP;FROTO.E;2025-11-28;24.8;23.62;5;0;0;0;0;0;0;0;0;0;0;0;;;;;
2025-10-16;O_FROTOE1125P125.00;FROTO_11/2025_AVRUPA_OPSIYON;D_EQ;SSO;D_EQ_EPP;DE_FROTO_EPP;FROTO.E;2025-11-28;29.43;28.22;4.29;0;0;0;0;0;0;0;0;0;0;0;;;;;
2025-10-16;O_FROTOE1125P84.00;FROTO_11/2025_AVRUPA_OPSIYON;D_EQ;SSO;D_EQ_EPP;DE_FROTO_EPP;FROTO.E;2025-11-28;1.32;1.2;10;1.5;1.5;1.6;1.6;1.58;420000;7900;50;2;50;50;;;;;
2025-10-16;O_FROTOE1125P86.00;FROTO_11/2025_AVRUPA_OPSIYON;D_EQ;SSO;D_EQ_EPP;DE_FROTO_EPP;FROTO.E;2025-11-28;1.69;1.53;10.46;0;0;0;0;0;0;0;0;0;0;0;;;;;
2025-10-16;O_FROTOE1125P88.00;FROTO_11/2025_AVRUPA_OPSIYON;D_EQ;SSO;D_EQ_EPP;DE_FROTO_EPP;FROTO.E;2025-11-28;2.14;1.93;10.88;0;0;0;0;0;0;0;0;0;100;0;;;;;
2025-10-16;O_FROTOE1125P90.00;FROTO_11/2025_AVRUPA_OPSIYON;D_EQ;SSO;D_EQ_EPP;DE_FROTO_EPP;FROTO.E;2025-11-28;2.68;2.41;11.2;0;0;0;0;0;0;0;0;0;0;0;;;;;
2025-10-16;O_FROTOE1125P92.00;FROTO_11/2025_AVRUPA_OPSIYON;D_EQ;SSO;D_EQ_EPP;DE_FROTO_EPP;FROTO.E;2025-11-28;3.43;3.02;13.58;0;0;0;0;0;0;0;0;0;0;0;;;;;
2025-10-16;O_FROTOE1125P94.00;FROTO_11/2025_AVRUPA_OPSIYON;D_EQ;SSO;D_EQ_EPP;DE_FROTO_EPP;FROTO.E;2025-11-28;4.31;3.81;13.12;0;0;0;0;0;0;0;0;0;0;0;;;;;
2025-10-16;O_FROTOE1125P96.00;FROTO_11/2025_AVRUPA_OPSIYON;D_EQ;SSO;D_EQ_EPP;DE_FROTO_EPP;FROTO.E;2025-11-28;5.34;4.72;13.14;0;0;0;0;0;0;0;0;0;0;0;;;;;
2025-10-16;O_FROTOE1125P98.00;FROTO_11/2025_AVRUPA_OPSIYON;D_EQ;SSO;D_EQ_EPP;DE_FROTO_EPP;FROTO.E;2025-11-28;6.51;5.81;12.05;0;0;0;0;0;0;0;0;0;10;0;;;;;
2025-10-16;O_FROTOE1225C100.00;FROTO_12/2025_AVRUPA_OPSIYON;D_EQ;SSO;D_EQ_ECP;DE_FROTO_ECP;FROTO.E;2025-12-31;6.05;6.77;-10.64;0;0;0;0;0;0;0;0;0;0;0;;;;;
2025-10-16;O_FROTOE1225C105.00;FROTO_12/2025_AVRUPA_OPSIYON;D_EQ;SSO;D_EQ_ECP;DE_FROTO_ECP;FROTO.E;2025-12-31;4.45;4.93;-9.74;0;0;0;0;0;0;0;0;0;0;0;;;;;
2025-10-16;O_FROTOE1225C110.00;FROTO_12/2025_AVRUPA_OPSIYON;D_EQ;SSO;D_EQ_ECP;DE_FROTO_ECP;FROTO.E;2025-12-31;3.44;3.84;-10.42;0;0;0;0;0;0;0;0;0;0;0;;;;;
2025-10-16;O_FROTOE1225C115.00;FROTO_12/2025_AVRUPA_OPSIYON;D_EQ;SSO;D_EQ_ECP;DE_FROTO_ECP;FROTO.E;2025-12-31;2.73;3.06;-10.78;0;0;0;0;0;0;0;0;0;0;0;;;;;
2025-10-16;O_FROTOE1225C120.00;FROTO_12/2025_AVRUPA_OPSIYON;D_EQ;SSO;D_EQ_ECP;DE_FROTO_ECP;FROTO.E;2025-12-31;2.22;2.51;-11.55;0;0;0;0;0;0;0;0;0;0;0;;;;;
2025-10-16;O_FROTOE1225C125.00;FROTO_12/2025_AVRUPA_OPSIYON;D_EQ;SSO;D_EQ_ECP;DE_FROTO_ECP;FROTO.E;2025-12-31;1.85;2.11;-12.32;0;0;0;0;0;0;0;0;0;0;0;;;;;
2025-10-16;O_FROTOE1225C130.00;FROTO_12/2025_AVRUPA_OPSIYON;D_EQ;SSO;D_EQ_ECP;DE_FROTO_ECP;FROTO.E;2025-12-31;1.58;1.81;-12.71;0;0;0;0;0;0;0;0;0;0;0;;;;;
2025-10-16;O_FROTOE1225C135.00;FROTO_12/2025_AVRUPA_OPSIYON;D_EQ;SSO;D_EQ_ECP;DE_FROTO_ECP;FROTO.E;2025-12-31;1.37;1.59;-13.84;0;0;0;0;0;0;0;0;0;0;0;;;;;
2025-10-16;O_FROTOE1225C140.00;FROTO_12/2025_AVRUPA_OPSIYON;D_EQ;SSO;D_EQ_ECP;DE_FROTO_ECP;FROTO.E;2025-12-31;1.22;1.43;-14.69;0;0;0;0;0;0;0;0;0;0;0;;;;;
2025-10-16;O_FROTOE1225C96.00;FROTO_12/2025_AVRUPA_OPSIYON;D_EQ;SSO;D_EQ_ECP;DE_FROTO_ECP;FROTO.E;2025-12-31;7.89;;0;0;0;0;0;0;0;0;0;0;0;0;;;;;
2025-10-16;O_FROTOE1225C98.00;FROTO_12/2025_AVRUPA_OPSIYON;D_EQ;SSO;D_EQ_ECP;DE_FROTO_ECP;FROTO.E;2025-12-31;6.89;7.71;-10.64;0;0;0;0;0;0;0;0;0;0;0;;;;;
2025-10-16;O_FROTOE1225P100.00;FROTO_12/2025_AVRUPA_OPSIYON;D_EQ;SSO;D_EQ_EPP;DE_FROTO_EPP;FROTO.E;2025-12-31;6.37;5.77;10.4;0;0;0;0;0;0;0;0;0;0;0;;;;;
2025-10-16;O_FROTOE1225P105.00;FROTO_12/2025_AVRUPA_OPSIYON;D_EQ;SSO;D_EQ_EPP;DE_FROTO_EPP;FROTO.E;2025-12-31;9.31;8.47;9.92;0;0;0;0;0;0;0;0;0;0;0;;;;;
2025-10-16;O_FROTOE1225P110.00;FROTO_12/2025_AVRUPA_OPSIYON;D_EQ;SSO;D_EQ_EPP;DE_FROTO_EPP;FROTO.E;2025-12-31;12.85;11.92;7.8;0;0;0;0;0;0;0;0;0;0;0;;;;;
2025-10-16;O_FROTOE1225P115.00;FROTO_12/2025_AVRUPA_OPSIYON;D_EQ;SSO;D_EQ_EPP;DE_FROTO_EPP;FROTO.E;2025-12-31;16.68;15.68;6.38;0;0;0;0;0;0;0;0;0;0;0;;;;;
2025-10-16;O_FROTOE1225P86.00;FROTO_12/2025_AVRUPA_OPSIYON;D_EQ;SSO;D_EQ_EPP;DE_FROTO_EPP;FROTO.E;2025-12-31;1.99;;0;0;0;0;0;0;0;0;0;0;0;0;;;;;
2025-10-16;O_FROTOE1225P88.00;FROTO_12/2025_AVRUPA_OPSIYON;D_EQ;SSO;D_EQ_EPP;DE_FROTO_EPP;FROTO.E;2025-12-31;2.35;2.2;6.82;0;0;0;0;0;0;0;0;0;0;0;;;;;
2025-10-16;O_FROTOE1225P90.00;FROTO_12/2025_AVRUPA_OPSIYON;D_EQ;SSO;D_EQ_EPP;DE_FROTO_EPP;FROTO.E;2025-12-31;2.76;2.57;7.39;0;0;0;0;0;0;0;0;0;0;0;;;;;
2025-10-16;O_FROTOE1225P92.00;FROTO_12/2025_AVRUPA_OPSIYON;D_EQ;SSO;D_EQ_EPP;DE_FROTO_EPP;FROTO.E;2025-12-31;3.24;3;8;0;0;0;0;0;0;0;0;0;0;0;;;;;
2025-10-16;O_FROTOE1225P94.00;FROTO_12/2025_AVRUPA_OPSIYON;D_EQ;SSO;D_EQ_EPP;DE_FROTO_EPP;FROTO.E;2025-12-31;3.83;3.48;10.06;0;0;0;0;0;0;0;0;0;0;0;;;;;
2025-10-16;O_FROTOE1225P96.00;FROTO_12/2025_AVRUPA_OPSIYON;D_EQ;SSO;D_EQ_EPP;DE_FROTO_EPP;FROTO.E;2025-12-31;4.57;4.14;10.39;0;0;0;0;0;0;0;0;0;0;0;;;;;
2025-10-16;O_FROTOE1225P98.00;FROTO_12/2025_AVRUPA_OPSIYON;D_EQ;SSO;D_EQ_EPP;DE_FROTO_EPP;FROTO.E;2025-12-31;5.39;4.9;10;0;0;0;0;0;0;0;0;0;0;0;;;;;
2025-10-16;O_GARANE1025C115.00;GARAN_10/2025_AVRUPA_OPSIYON;D_EQ;SSO;D_EQ_ECP;DE_GARAN_ECP;GARAN.E;2025-10-31;8.47;7.33;15.55;0;0;0;0;0;0;0;0;0;0;0;;;;;
2025-10-16;O_GARANE1025C120.00;GARAN_10/2025_AVRUPA_OPSIYON;D_EQ;SSO;D_EQ_ECP;DE_GARAN_ECP;GARAN.E;2025-10-31;5.09;4.28;18.93;0;0;0;0;0;0;0;0;0;0;0;;;;;
2025-10-16;O_GARANE1025C125.00;GARAN_10/2025_AVRUPA_OPSIYON;D_EQ;SSO;D_EQ_ECP;DE_GARAN_ECP;GARAN.E;2025-10-31;2.72;2.25;20.89;0;0;0;0;0;0;0;0;0;0;0;;;;;
2025-10-16;O_GARANE1025C130.00;GARAN_10/2025_AVRUPA_OPSIYON;D_EQ;SSO;D_EQ_ECP;DE_GARAN_ECP;GARAN.E;2025-10-31;1.33;1.11;19.82;0;0;0;0;0;0;0;0;0;13;0;;;;;
2025-10-16;O_GARANE1025C135.00;GARAN_10/2025_AVRUPA_OPSIYON;D_EQ;SSO;D_EQ_ECP;DE_GARAN_ECP;GARAN.E;2025-10-31;0.63;0.54;16.67;0;0;0;0;0;0;0;0;0;60;0;;;;;
2025-10-16;O_GARANE1025C140.00;GARAN_10/2025_AVRUPA_OPSIYON;D_EQ;SSO;D_EQ_ECP;DE_GARAN_ECP;GARAN.E;2025-10-31;0.29;0.25;16;0;0;0;0;0;0;0;0;0;213;0;;;;;
2025-10-16;O_GARANE1025C145.00;GARAN_10/2025_AVRUPA_OPSIYON;D_EQ;SSO;D_EQ_ECP;DE_GARAN_ECP;GARAN.E;2025-10-31;0.13;0.12;8.33;0;0;0;0;0;0;0;0;0;440;0;;;;;
2025-10-16;O_GARANE1025C150.00;GARAN_10/2025_AVRUPA_OPSIYON;D_EQ;SSO;D_EQ_ECP;DE_GARAN_ECP;GARAN.E;2025-10-31;0.06;0.06;0;0;0;0;0;0;0;0;0;0;355;0;;;;;
2025-10-16;O_GARANE1025C155.00;GARAN_10/2025_AVRUPA_OPSIYON;D_EQ;SSO;D_EQ_ECP;DE_GARAN_ECP;GARAN.E;2025-10-31;0.03;0.03;0;0;0;0;0;0;0;0;0;0;210;0;;;;;
2025-10-16;O_GARANE1025C160.00;GARAN_10/2025_AVRUPA_OPSIYON;D_EQ;SSO;D_EQ_ECP;DE_GARAN_ECP;GARAN.E;2025-10-31;0.01;0.01;0;0;0;0;0;0;0;0;0;0;0;0;;;;;
2025-10-16;O_GARANE1025C165.00;GARAN_10/2025_AVRUPA_OPSIYON;D_EQ;SSO;D_EQ_ECP;DE_GARAN_ECP;GARAN.E;2025-10-31;0.01;0.01;0;0;0;0;0;0;0;0;0;0;0;0;;;;;
2025-10-16;O_GARANE1025C170.00;GARAN_10/2025_AVRUPA_OPSIYON;D_EQ;SSO;D_EQ_ECP;DE_GARAN_ECP;GARAN.E;2025-10-31;0.01;0.01;0;0;0;0;0;0;0;0;0;0;0;0;;;;;
2025-10-16;O_GARANE1025C175.00;GARAN_10/2025_AVRUPA_OPSIYON;D_EQ;SSO;D_EQ_ECP;DE_GARAN_ECP;GARAN.E;2025-10-31;0.01;0.01;0;0;0;0;0;0;0;0;0;0;0;0;;;;;
2025-10-16;O_GARANE1025C180.00;GARAN_10/2025_AVRUPA_OPSIYON;D_EQ;SSO;D_EQ_ECP;DE_GARAN_ECP;GARAN.E;2025-10-31;0.01;0.01;0;0;0;0;0;0;0;0;0;0;0;0;;;;;
2025-10-16;O_GARANE1025C185.00;GARAN_10/2025_AVRUPA_OPSIYON;D_EQ;SSO;D_EQ_ECP;DE_GARAN_ECP;GARAN.E;2025-10-31;0.01;0.01;0;0;0;0;0;0;0;0;0;0;0;0;;;;;
2025-10-16;O_GARANE1025C190.00;GARAN_10/2025_AVRUPA_OPSIYON;D_EQ;SSO;D_EQ_ECP;DE_GARAN_ECP;GARAN.E;2025-10-31;0.01;0.01;0;0;0;0;0;0;0;0;0;0;0;0;;;;;
2025-10-16;O_GARANE1025C195.00;GARAN_10/2025_AVRUPA_OPSIYON;D_EQ;SSO;D_EQ_ECP;DE_GARAN_ECP;GARAN.E;2025-10-31;0.01;0.01;0;0;0;0;0;0;0;0;0;0;0;0;;;;;
2025-10-16;O_GARANE1025P100.00;GARAN_10/2025_AVRUPA_OPSIYON;D_EQ;SSO;D_EQ_EPP;DE_GARAN_EPP;GARAN.E;2025-10-31;0.04;0.07;-42.86;0;0;0;0;0;0;0;0;0;0;0;;;;;
2025-10-16;O_GARANE1025P105.00;GARAN_10/2025_AVRUPA_OPSIYON;D_EQ;SSO;D_EQ_EPP;DE_GARAN_EPP;GARAN.E;2025-10-31;0.15;0.24;-37.5;0;0;0;0;0;0;0;0;0;0;0;;;;;
2025-10-16;O_GARANE1025P110.00;GARAN_10/2025_AVRUPA_OPSIYON;D_EQ;SSO;D_EQ_EPP;DE_GARAN_EPP;GARAN.E;2025-10-31;0.46;0.67;-31.34;0;0;0;0;0;0;0;0;0;0;0;;;;;
2025-10-16;O_GARANE1025P115.00;GARAN_10/2025_AVRUPA_OPSIYON;D_EQ;SSO;D_EQ_EPP;DE_GARAN_EPP;GARAN.E;2025-10-31;1.19;1.63;-26.99;0;0;0;0;0;0;0;0;0;0;0;;;;;
2025-10-16;O_GARANE1025P120.00;GARAN_10/2025_AVRUPA_OPSIYON;D_EQ;SSO;D_EQ_EPP;DE_GARAN_EPP;GARAN.E;2025-10-31;2.73;3.5;-22;0;0;0;0;0;0;0;0;0;160;0;;;;;
2025-10-16;O_GARANE1025P125.00;GARAN_10/2025_AVRUPA_OPSIYON;D_EQ;SSO;D_EQ_EPP;DE_GARAN_EPP;GARAN.E;2025-10-31;5.29;6.38;-17.08;0;0;0;0;0;0;0;0;0;0;0;;;;;
2025-10-16;O_GARANE1025P130.00;GARAN_10/2025_AVRUPA_OPSIYON;D_EQ;SSO;D_EQ_EPP;DE_GARAN_EPP;GARAN.E;2025-10-31;8.82;10.16;-13.19;0;0;0;0;0;0;0;0;0;110;0;;;;;
2025-10-16;O_GARANE1025P135.00;GARAN_10/2025_AVRUPA_OPSIYON;D_EQ;SSO;D_EQ_EPP;DE_GARAN_EPP;GARAN.E;2025-10-31;13.04;14.51;-10.13;0;0;0;0;0;0;0;0;0;91;0;;;;;
2025-10-16;O_GARANE1025P140.00;GARAN_10/2025_AVRUPA_OPSIYON;D_EQ;SSO;D_EQ_EPP;DE_GARAN_EPP;GARAN.E;2025-10-31;17.62;19.14;-7.94;0;0;0;0;0;0;0;0;0;0;0;;;;;
2025-10-16;O_GARANE1025P145.00;GARAN_10/2025_AVRUPA_OPSIYON;D_EQ;SSO;D_EQ_EPP;DE_GARAN_EPP;GARAN.E;2025-10-31;22.39;23.92;-6.4;0;0;0;0;0;0;0;0;0;2580;0;;;;;
2025-10-16;O_GARANE1025P150.00;GARAN_10/2025_AVRUPA_OPSIYON;D_EQ;SSO;D_EQ_EPP;DE_GARAN_EPP;GARAN.E;2025-10-31;27.24;28.78;-5.35;0;0;0;0;0;0;0;0;0;1002;0;;;;;
2025-10-16;O_GARANE1025P155.00;GARAN_10/2025_AVRUPA_OPSIYON;D_EQ;SSO;D_EQ_EPP;DE_GARAN_EPP;GARAN.E;2025-10-31;32.13;33.67;-4.57;0;0;0;0;0;0;0;0;0;0;0;;;;;
2025-10-16;O_GARANE1025P160.00;GARAN_10/2025_AVRUPA_OPSIYON;D_EQ;SSO;D_EQ_EPP;DE_GARAN_EPP;GARAN.E;2025-10-31;37.03;38.57;-3.99;0;0;0;0;0;0;0;0;0;0;0;;;;;
2025-10-16;O_GARANE1025P165.00;GARAN_10/2025_AVRUPA_OPSIYON;D_EQ;SSO;D_EQ_EPP;DE_GARAN_EPP;GARAN.E;2025-10-31;41.95;43.48;-3.52;0;0;0;0;0;0;0;0;0;0;0;;;;;
2025-10-16;O_GARANE1025P170.00;GARAN_10/2025_AVRUPA_OPSIYON;D_EQ;SSO;D_EQ_EPP;DE_GARAN_EPP;GARAN.E;2025-10-31;46.87;48.4;-3.16;0;0;0;0;0;0;0;0;0;600;0;;;;;
2025-10-16;O_GARANE1025P96.00;GARAN_10/2025_AVRUPA_OPSIYON;D_EQ;SSO;D_EQ_EPP;DE_GARAN_EPP;GARAN.E;2025-10-31;0.01;0.02;-50;0;0;0;0;0;0;0;0;0;0;0;;;;;
2025-10-16;O_GARANE1025P98.00;GARAN_10/2025_AVRUPA_OPSIYON;D_EQ;SSO;D_EQ_EPP;DE_GARAN_EPP;GARAN.E;2025-10-31;0.02;0.04;-50;0;0;0;0;0;0;0;0;0;0;0;;;;;
2025-10-16;O_GARANE1125C120.00;GARAN_11/2025_AVRUPA_OPSIYON;D_EQ;SSO;D_EQ_ECP;DE_GARAN_ECP;GARAN.E;2025-11-28;9.64;8.67;11.19;0;0;0;0;0;0;0;0;0;0;0;;;;;
2025-10-16;O_GARANE1125C125.00;GARAN_11/2025_AVRUPA_OPSIYON;D_EQ;SSO;D_EQ_ECP;DE_GARAN_ECP;GARAN.E;2025-11-28;6.94;6.17;12.48;0;0;0;0;0;0;0;0;0;130;0;;;;;
2025-10-16;O_GARANE1125C130.00;GARAN_11/2025_AVRUPA_OPSIYON;D_EQ;SSO;D_EQ_ECP;DE_GARAN_ECP;GARAN.E;2025-11-28;4.86;4.29;13.29;0;0;0;0;0;0;0;0;0;0;0;;;;;
2025-10-16;O_GARANE1125C135.00;GARAN_11/2025_AVRUPA_OPSIYON;D_EQ;SSO;D_EQ_ECP;DE_GARAN_ECP;GARAN.E;2025-11-28;3.41;3.05;11.8;0;0;0;0;0;0;0;0;0;3;0;;;;;
2025-10-16;O_GARANE1125C140.00;GARAN_11/2025_AVRUPA_OPSIYON;D_EQ;SSO;D_EQ_ECP;DE_GARAN_ECP;GARAN.E;2025-11-28;2.44;2.18;11.93;0;0;0;0;0;0;0;0;0;0;0;;;;;
2025-10-16;O_GARANE1125C145.00;GARAN_11/2025_AVRUPA_OPSIYON;D_EQ;SSO;D_EQ_ECP;DE_GARAN_ECP;GARAN.E;2025-11-28;1.75;1.57;11.46;0;0;0;0;0;0;0;0;0;3;0;;;;;
2025-10-16;O_GARANE1125C150.00;GARAN_11/2025_AVRUPA_OPSIYON;D_EQ;SSO;D_EQ_ECP;DE_GARAN_ECP;GARAN.E;2025-11-28;1.26;1.14;10.53;0;0;0;0;0;0;0;0;0;303;0;;;;;
2025-10-16;O_GARANE1125C155.00;GARAN_11/2025_AVRUPA_OPSIYON;D_EQ;SSO;D_EQ_ECP;DE_GARAN_ECP;GARAN.E;2025-11-28;0.92;0.84;9.52;0;0;0;0;0;0;0;0;0;0;0;;;;;
2025-10-16;O_GARANE1125C160.00;GARAN_11/2025_AVRUPA_OPSIYON;D_EQ;SSO;D_EQ_ECP;DE_GARAN_ECP;GARAN.E;2025-11-28;0.69;0.63;9.52;0;0;0;0;0;0;0;0;0;0;0;;;;;
2025-10-16;O_GARANE1125C165.00;GARAN_11/2025_AVRUPA_OPSIYON;D_EQ;SSO;D_EQ_ECP;DE_GARAN_ECP;GARAN.E;2025-11-28;0.52;0.48;8.33;0;0;0;0;0;0;0;0;0;0;0;;;;;
2025-10-16;O_GARANE1125C170.00;GARAN_11/2025_AVRUPA_OPSIYON;D_EQ;SSO;D_EQ_ECP;DE_GARAN_ECP;GARAN.E;2025-11-28;0.39;0.37;5.41;0;0;0;0;0;0;0;0;0;0;0;;;;;
2025-10-16;O_GARANE1125C175.00;GARAN_11/2025_AVRUPA_OPSIYON;D_EQ;SSO;D_EQ_ECP;DE_GARAN_ECP;GARAN.E;2025-11-28;0.31;0.29;6.9;0;0;0;0;0;0;0;0;0;0;0;;;;;
2025-10-16;O_GARANE1125C180.00;GARAN_11/2025_AVRUPA_OPSIYON;D_EQ;SSO;D_EQ_ECP;DE_GARAN_ECP;GARAN.E;2025-11-28;0.24;0.23;4.35;0;0;0;0;0;0;0;0;0;0;0;;;;;
2025-10-16;O_GARANE1125C185.00;GARAN_11/2025_AVRUPA_OPSIYON;D_EQ;SSO;D_EQ_ECP;DE_GARAN_ECP;GARAN.E;2025-11-28;0.19;0.19;0;0;0;0;0;0;0;0;0;0;0;0;;;;;
2025-10-16;O_GARANE1125C190.00;GARAN_11/2025_AVRUPA_OPSIYON;D_EQ;SSO;D_EQ_ECP;DE_GARAN_ECP;GARAN.E;2025-11-28;0.16;0.15;6.67;0;0;0;0;0;0;0;0;0;0;0;;;;;
2025-10-16;O_GARANE1125P100.00;GARAN_11/2025_AVRUPA_OPSIYON;D_EQ;SSO;D_EQ_EPP;DE_GARAN_EPP;GARAN.E;2025-11-28;0.49;0.59;-16.95;0;0;0;0;0;0;0;0;0;0;0;;;;;
2025-10-16;O_GARANE1125P105.00;GARAN_11/2025_AVRUPA_OPSIYON;D_EQ;SSO;D_EQ_EPP;DE_GARAN_EPP;GARAN.E;2025-11-28;0.89;1.06;-16.04;0;0;0;0;0;0;0;0;0;0;0;;;;;
2025-10-16;O_GARANE1125P110.00;GARAN_11/2025_AVRUPA_OPSIYON;D_EQ;SSO;D_EQ_EPP;DE_GARAN_EPP;GARAN.E;2025-11-28;1.52;1.8;-15.56;0;0;0;0;0;0;0;0;0;0;0;;;;;
2025-10-16;O_GARANE1125P115.00;GARAN_11/2025_AVRUPA_OPSIYON;D_EQ;SSO;D_EQ_EPP;DE_GARAN_EPP;GARAN.E;2025-11-28;2.49;2.89;-13.84;0;0;0;0;0;0;0;0;0;0;0;;;;;
2025-10-16;O_GARANE1125P120.00;GARAN_11/2025_AVRUPA_OPSIYON;D_EQ;SSO;D_EQ_EPP;DE_GARAN_EPP;GARAN.E;2025-11-28;3.89;4.5;-13.56;0;0;0;0;0;0;0;0;0;5;0;;;;;
2025-10-16;O_GARANE1125P125.00;GARAN_11/2025_AVRUPA_OPSIYON;D_EQ;SSO;D_EQ_EPP;DE_GARAN_EPP;GARAN.E;2025-11-28;5.96;6.77;-11.96;0;0;0;0;0;0;0;0;0;0;0;;;;;
2025-10-16;O_GARANE1125P130.00;GARAN_11/2025_AVRUPA_OPSIYON;D_EQ;SSO;D_EQ_EPP;DE_GARAN_EPP;GARAN.E;2025-11-28;8.67;9.67;-10.34;0;0;0;0;0;0;0;0;0;7;0;;;;;
2025-10-16;O_GARANE1125P135.00;GARAN_11/2025_AVRUPA_OPSIYON;D_EQ;SSO;D_EQ_EPP;DE_GARAN_EPP;GARAN.E;2025-11-28;12;13.21;-9.16;0;0;0;0;0;0;0;0;0;0;0;;;;;
2025-10-16;O_GARANE1125P140.00;GARAN_11/2025_AVRUPA_OPSIYON;D_EQ;SSO;D_EQ_EPP;DE_GARAN_EPP;GARAN.E;2025-11-28;15.81;17.11;-7.6;0;0;0;0;0;0;0;0;0;2;0;;;;;
2025-10-16;O_GARANE1125P145.00;GARAN_11/2025_AVRUPA_OPSIYON;D_EQ;SSO;D_EQ_EPP;DE_GARAN_EPP;GARAN.E;2025-11-28;19.9;21.28;-6.48;0;0;0;0;0;0;0;0;0;5000;0;;;;;
2025-10-16;O_GARANE1125P150.00;GARAN_11/2025_AVRUPA_OPSIYON;D_EQ;SSO;D_EQ_EPP;DE_GARAN_EPP;GARAN.E;2025-11-28;24.2;25.63;-5.58;0;0;0;0;0;0;0;0;0;0;0;;;;;
2025-10-16;O_GARANE1125P155.00;GARAN_11/2025_AVRUPA_OPSIYON;D_EQ;SSO;D_EQ_EPP;DE_GARAN_EPP;GARAN.E;2025-11-28;28.64;30.1;-4.85;0;0;0;0;0;0;0;0;0;0;0;;;;;
2025-10-16;O_GARANE1125P160.00;GARAN_11/2025_AVRUPA_OPSIYON;D_EQ;SSO;D_EQ_EPP;DE_GARAN_EPP;GARAN.E;2025-11-28;33.18;34.66;-4.27;0;0;0;0;0;0;0;0;0;0;0;;;;;
2025-10-16;O_GARANE1125P165.00;GARAN_11/2025_AVRUPA_OPSIYON;D_EQ;SSO;D_EQ_EPP;DE_GARAN_EPP;GARAN.E;2025-11-28;37.79;39.29;-3.82;0;0;0;0;0;0;0;0;0;0;0;;;;;
2025-10-16;O_GARANE1125P98.00;GARAN_11/2025_AVRUPA_OPSIYON;D_EQ;SSO;D_EQ_EPP;DE_GARAN_EPP;GARAN.E;2025-11-28;0.38;0.46;-17.39;0;0;0;0;0;0;0;0;0;0;0;;;;;
2025-10-16;O_GARANE1225C125.00;GARAN_12/2025_AVRUPA_OPSIYON;D_EQ;SSO;D_EQ_ECP;DE_GARAN_ECP;GARAN.E;2025-12-31;12.3;11.32;8.66;0;0;0;0;0;0;0;0;0;0;0;;;;;
2025-10-16;O_GARANE1225C130.00;GARAN_12/2025_AVRUPA_OPSIYON;D_EQ;SSO;D_EQ_ECP;DE_GARAN_ECP;GARAN.E;2025-12-31;9.74;8.92;9.19;0;0;0;0;0;0;0;0;0;0;0;;;;;
2025-10-16;O_GARANE1225C135.00;GARAN_12/2025_AVRUPA_OPSIYON;D_EQ;SSO;D_EQ_ECP;DE_GARAN_ECP;GARAN.E;2025-12-31;7.67;6.99;9.73;0;0;0;0;0;0;0;0;0;0;0;;;;;
2025-10-16;O_GARANE1225C140.00;GARAN_12/2025_AVRUPA_OPSIYON;D_EQ;SSO;D_EQ_ECP;DE_GARAN_ECP;GARAN.E;2025-12-31;6.11;5.64;8.33;0;0;0;0;0;0;0;0;0;0;0;;;;;
2025-10-16;O_GARANE1225C145.00;GARAN_12/2025_AVRUPA_OPSIYON;D_EQ;SSO;D_EQ_ECP;DE_GARAN_ECP;GARAN.E;2025-12-31;4.96;4.58;8.3;0;0;0;0;0;0;0;0;0;0;0;;;;;
2025-10-16;O_GARANE1225C150.00;GARAN_12/2025_AVRUPA_OPSIYON;D_EQ;SSO;D_EQ_ECP;DE_GARAN_ECP;GARAN.E;2025-12-31;4.05;3.75;8;0;0;0;0;0;0;0;0;0;0;0;;;;;
2025-10-16;O_GARANE1225C155.00;GARAN_12/2025_AVRUPA_OPSIYON;D_EQ;SSO;D_EQ_ECP;DE_GARAN_ECP;GARAN.E;2025-12-31;3.33;3.09;7.77;0;0;0;0;0;0;0;0;0;0;0;;;;;
2025-10-16;O_GARANE1225C160.00;GARAN_12/2025_AVRUPA_OPSIYON;D_EQ;SSO;D_EQ_ECP;DE_GARAN_ECP;GARAN.E;2025-12-31;2.77;2.58;7.36;0;0;0;0;0;0;0;0;0;0;0;;;;;
2025-10-16;O_GARANE1225C165.00;GARAN_12/2025_AVRUPA_OPSIYON;D_EQ;SSO;D_EQ_ECP;DE_GARAN_ECP;GARAN.E;2025-12-31;2.32;2.17;6.91;0;0;0;0;0;0;0;0;0;0;0;;;;;
2025-10-16;O_GARANE1225C170.00;GARAN_12/2025_AVRUPA_OPSIYON;D_EQ;SSO;D_EQ_ECP;DE_GARAN_ECP;GARAN.E;2025-12-31;1.97;1.84;7.07;0;0;0;0;0;0;0;0;0;0;0;;;;;
2025-10-16;O_GARANE1225C175.00;GARAN_12/2025_AVRUPA_OPSIYON;D_EQ;SSO;D_EQ_ECP;DE_GARAN_ECP;GARAN.E;2025-12-31;1.68;1.58;6.33;0;0;0;0;0;0;0;0;0;0;0;;;;;
2025-10-16;O_GARANE1225C180.00;GARAN_12/2025_AVRUPA_OPSIYON;D_EQ;SSO;D_EQ_ECP;DE_GARAN_ECP;GARAN.E;2025-12-31;1.46;1.38;5.8;0;0;0;0;0;0;0;0;0;0;0;;;;;
2025-10-16;O_GARANE1225C185.00;GARAN_12/2025_AVRUPA_OPSIYON;D_EQ;SSO;D_EQ_ECP;DE_GARAN_ECP;GARAN.E;2025-12-31;1.27;1.21;4.96;0;0;0;0;0;0;0;0;0;0;0;;;;;
2025-10-16;O_GARANE1225C190.00;GARAN_12/2025_AVRUPA_OPSIYON;D_EQ;SSO;D_EQ_ECP;DE_GARAN_ECP;GARAN.E;2025-12-31;1.12;1.07;4.67;0;0;0;0;0;0;0;0;0;0;0;;;;;
2025-10-16;O_GARANE1225P100.00;GARAN_12/2025_AVRUPA_OPSIYON;D_EQ;SSO;D_EQ_EPP;DE_GARAN_EPP;GARAN.E;2025-12-31;0.9;1.02;-11.76;0;0;0;0;0;0;0;0;0;0;0;;;;;
2025-10-16;O_GARANE1225P105.00;GARAN_12/2025_AVRUPA_OPSIYON;D_EQ;SSO;D_EQ_EPP;DE_GARAN_EPP;GARAN.E;2025-12-31;1.36;1.52;-10.53;0;0;0;0;0;0;0;0;0;0;0;;;;;
2025-10-16;O_GARANE1225P110.00;GARAN_12/2025_AVRUPA_OPSIYON;D_EQ;SSO;D_EQ_EPP;DE_GARAN_EPP;GARAN.E;2025-12-31;1.99;2.21;-9.95;0;0;0;0;0;0;0;0;0;0;0;;;;;
2025-10-16;O_GARANE1225P115.00;GARAN_12/2025_AVRUPA_OPSIYON;D_EQ;SSO;D_EQ_EPP;DE_GARAN_EPP;GARAN.E;2025-12-31;2.83;3.13;-9.58;0;0;0;0;0;0;0;0;0;0;0;;;;;
2025-10-16;O_GARANE1225P120.00;GARAN_12/2025_AVRUPA_OPSIYON;D_EQ;SSO;D_EQ_EPP;DE_GARAN_EPP;GARAN.E;2025-12-31;3.93;4.32;-9.03;0;0;0;0;0;0;0;0;0;0;0;;;;;
2025-10-16;O_GARANE1225P125.00;GARAN_12/2025_AVRUPA_OPSIYON;D_EQ;SSO;D_EQ_EPP;DE_GARAN_EPP;GARAN.E;2025-12-31;5.38;5.96;-9.73;0;0;0;0;0;0;0;0;0;0;0;;;;;
2025-10-16;O_GARANE1225P130.00;GARAN_12/2025_AVRUPA_OPSIYON;D_EQ;SSO;D_EQ_EPP;DE_GARAN_EPP;GARAN.E;2025-12-31;7.36;8.1;-9.14;0;0;0;0;0;0;0;0;0;0;0;;;;;
2025-10-16;O_GARANE1225P135.00;GARAN_12/2025_AVRUPA_OPSIYON;D_EQ;SSO;D_EQ_EPP;DE_GARAN_EPP;GARAN.E;2025-12-31;9.84;10.71;-8.12;0;0;0;0;0;0;0;0;0;0;0;;;;;
2025-10-16;O_GARANE1225P140.00;GARAN_12/2025_AVRUPA_OPSIYON;D_EQ;SSO;D_EQ_EPP;DE_GARAN_EPP;GARAN.E;2025-12-31;12.83;13.89;-7.63;0;0;0;0;0;0;0;0;0;0;0;;;;;
2025-10-16;O_GARANE1225P145.00;GARAN_12/2025_AVRUPA_OPSIYON;D_EQ;SSO;D_EQ_EPP;DE_GARAN_EPP;GARAN.E;2025-12-31;16.21;17.37;-6.68;0;0;0;0;0;0;0;0;0;0;0;;;;;
2025-10-16;O_GARANE1225P150.00;GARAN_12/2025_AVRUPA_OPSIYON;D_EQ;SSO;D_EQ_EPP;DE_GARAN_EPP;GARAN.E;2025-12-31;19.85;21.07;-5.79;0;0;0;0;0;0;0;0;0;0;0;;;;;
2025-10-16;O_GARANE1225P155.00;GARAN_12/2025_AVRUPA_OPSIYON;D_EQ;SSO;D_EQ_EPP;DE_GARAN_EPP;GARAN.E;2025-12-31;23.67;24.96;-5.17;0;0;0;0;0;0;0;0;0;0;0;;;;;
2025-10-16;O_GARANE1225P160.00;GARAN_12/2025_AVRUPA_OPSIYON;D_EQ;SSO;D_EQ_EPP;DE_GARAN_EPP;GARAN.E;2025-12-31;27.65;28.98;-4.59;0;0;0;0;0;0;0;0;0;0;0;;;;;
2025-10-16;O_GARANE1225P165.00;GARAN_12/2025_AVRUPA_OPSIYON;D_EQ;SSO;D_EQ_EPP;DE_GARAN_EPP;GARAN.E;2025-12-31;31.75;33.11;-4.11;0;0;0;0;0;0;0;0;0;0;0;;;;;
2025-10-16;O_HALKBE1025C24.50;HALKB_10/2025_AVRUPA_OPSIYON;D_EQ;SSO;D_EQ_ECP;DE_HALKB_ECP;HALKB.E;2025-10-31;2.06;2.12;-2.83;0;0;0;0;0;0;0;0;0;40;0;;;;;
2025-10-16;O_HALKBE1025C25.00;HALKB_10/2025_AVRUPA_OPSIYON;D_EQ;SSO;D_EQ_ECP;DE_HALKB_ECP;HALKB.E;2025-10-31;1.7;1.76;-3.41;0;0;0;0;0;0;0;0;0;140;0;;;;;
2025-10-16;O_HALKBE1025C26.00;HALKB_10/2025_AVRUPA_OPSIYON;D_EQ;SSO;D_EQ_ECP;DE_HALKB_ECP;HALKB.E;2025-10-31;1.11;1.18;-5.93;0;0;0;0;0;0;0;0;0;200;0;;;;;
2025-10-16;O_HALKBE1025C27.00;HALKB_10/2025_AVRUPA_OPSIYON;D_EQ;SSO;D_EQ_ECP;DE_HALKB_ECP;HALKB.E;2025-10-31;0.68;0.74;-8.11;0;0;0;0;0;0;0;0;0;1999;0;;;;;
2025-10-16;O_HALKBE1025C28.00;HALKB_10/2025_AVRUPA_OPSIYON;D_EQ;SSO;D_EQ_ECP;DE_HALKB_ECP;HALKB.E;2025-10-31;0.4;0.44;-9.09;0;0;0;0;0;0;0;0;0;190;0;;;;;
2025-10-16;O_HALKBE1025C29.00;HALKB_10/2025_AVRUPA_OPSIYON;D_EQ;SSO;D_EQ_ECP;DE_HALKB_ECP;HALKB.E;2025-10-31;0.22;0.25;-12;0;0;0;0;0;0;0;0;0;540;0;;;;;
2025-10-16;O_HALKBE1025C30.00;HALKB_10/2025_AVRUPA_OPSIYON;D_EQ;SSO;D_EQ_ECP;DE_HALKB_ECP;HALKB.E;2025-10-31;0.12;0.14;-14.29;0;0;0;0;0;0;0;0;0;2187;0;;;;;
2025-10-16;O_HALKBE1025C31.00;HALKB_10/2025_AVRUPA_OPSIYON;D_EQ;SSO;D_EQ_ECP;DE_HALKB_ECP;HALKB.E;2025-10-31;0.06;0.08;-25;0;0;0;0;0;0;0;0;0;2900;0;;;;;
2025-10-16;O_HALKBE1025C32.00;HALKB_10/2025_AVRUPA_OPSIYON;D_EQ;SSO;D_EQ_ECP;DE_HALKB_ECP;HALKB.E;2025-10-31;0.03;0.04;-25;0;0;0;0;0;0;0;0;0;1600;0;;;;;
2025-10-16;O_HALKBE1025C33.00;HALKB_10/2025_AVRUPA_OPSIYON;D_EQ;SSO;D_EQ_ECP;DE_HALKB_ECP;HALKB.E;2025-10-31;0.02;0.02;0;0;0;0;0;0;0;0;0;0;550;0;;;;;
2025-10-16;O_HALKBE1025C34.00;HALKB_10/2025_AVRUPA_OPSIYON;D_EQ;SSO;D_EQ_ECP;DE_HALKB_ECP;HALKB.E;2025-10-31;0.01;0.01;0;0;0;0;0;0;0;0;0;0;0;0;;;;;
2025-10-16;O_HALKBE1025C35.00;HALKB_10/2025_AVRUPA_OPSIYON;D_EQ;SSO;D_EQ_ECP;DE_HALKB_ECP;HALKB.E;2025-10-31;0.01;0.01;0;0;0;0;0;0;0;0;0;0;10900;0;;;;;
2025-10-16;O_HALKBE1025C36.00;HALKB_10/2025_AVRUPA_OPSIYON;D_EQ;SSO;D_EQ_ECP;DE_HALKB_ECP;HALKB.E;2025-10-31;0.01;0.01;0;0;0;0;0;0;0;0;0;0;1000;0;;;;;
2025-10-16;O_HALKBE1025C37.00;HALKB_10/2025_AVRUPA_OPSIYON;D_EQ;SSO;D_EQ_ECP;DE_HALKB_ECP;HALKB.E;2025-10-31;0.01;0.01;0;0;0;0;0;0;0;0;0;0;1000;0;;;;;
2025-10-16;O_HALKBE1025C38.00;HALKB_10/2025_AVRUPA_OPSIYON;D_EQ;SSO;D_EQ_ECP;DE_HALKB_ECP;HALKB.E;2025-10-31;0.01;0.01;0;0;0;0;0;0;0;0;0;0;0;0;;;;;
2025-10-16;O_HALKBE1025P22.00;HALKB_10/2025_AVRUPA_OPSIYON;D_EQ;SSO;D_EQ_EPP;DE_HALKB_EPP;HALKB.E;2025-10-31;0.04;0.05;-20;0;0;0;0;0;0;0;0;0;0;0;;;;;
2025-10-16;O_HALKBE1025P22.50;HALKB_10/2025_AVRUPA_OPSIYON;D_EQ;SSO;D_EQ_EPP;DE_HALKB_EPP;HALKB.E;2025-10-31;0.07;0.08;-12.5;0.16;0.16;0.17;0.17;0.16;202500;1462;90;2;90;90;;;;;
2025-10-16;O_HALKBE1025P23.00;HALKB_10/2025_AVRUPA_OPSIYON;D_EQ;SSO;D_EQ_EPP;DE_HALKB_EPP;HALKB.E;2025-10-31;0.11;0.12;-8.33;0;0;0;0;0;0;0;0;0;0;0;;;;;
2025-10-16;O_HALKBE1025P23.50;HALKB_10/2025_AVRUPA_OPSIYON;D_EQ;SSO;D_EQ_EPP;DE_HALKB_EPP;HALKB.E;2025-10-31;0.17;0.18;-5.56;0;0;0;0;0;0;0;0;0;0;0;;;;;
2025-10-16;O_HALKBE1025P24.00;HALKB_10/2025_AVRUPA_OPSIYON;D_EQ;SSO;D_EQ_EPP;DE_HALKB_EPP;HALKB.E;2025-10-31;0.25;0.26;-3.85;0;0;0;0;0;0;0;0;0;0;0;;;;;
2025-10-16;O_HALKBE1025P24.50;HALKB_10/2025_AVRUPA_OPSIYON;D_EQ;SSO;D_EQ_EPP;DE_HALKB_EPP;HALKB.E;2025-10-31;0.36;0.37;-2.7;0;0;0;0;0;0;0;0;0;0;0;;;;;
2025-10-16;O_HALKBE1025P25.00;HALKB_10/2025_AVRUPA_OPSIYON;D_EQ;SSO;D_EQ_EPP;DE_HALKB_EPP;HALKB.E;2025-10-31;0.49;0.51;-3.92;0;0;0;0;0;0;0;0;0;444;0;;;;;
2025-10-16;O_HALKBE1025P26.00;HALKB_10/2025_AVRUPA_OPSIYON;D_EQ;SSO;D_EQ_EPP;DE_HALKB_EPP;HALKB.E;2025-10-31;0.89;0.91;-2.2;0;0;0;0;0;0;0;0;0;1516;0;;;;;
2025-10-16;O_HALKBE1025P27.00;HALKB_10/2025_AVRUPA_OPSIYON;D_EQ;SSO;D_EQ_EPP;DE_HALKB_EPP;HALKB.E;2025-10-31;1.44;1.45;-0.69;0;0;0;0;0;0;0;0;0;1;0;;;;;
2025-10-16;O_HALKBE1025P28.00;HALKB_10/2025_AVRUPA_OPSIYON;D_EQ;SSO;D_EQ_EPP;DE_HALKB_EPP;HALKB.E;2025-10-31;2.14;2.14;0;0;0;0;0;0;0;0;0;0;50;0;;;;;
2025-10-16;O_HALKBE1025P29.00;HALKB_10/2025_AVRUPA_OPSIYON;D_EQ;SSO;D_EQ_EPP;DE_HALKB_EPP;HALKB.E;2025-10-31;2.96;2.94;0.68;0;0;0;0;0;0;0;0;0;20;0;;;;;
2025-10-16;O_HALKBE1025P30.00;HALKB_10/2025_AVRUPA_OPSIYON;D_EQ;SSO;D_EQ_EPP;DE_HALKB_EPP;HALKB.E;2025-10-31;3.84;3.81;0.79;0;0;0;0;0;0;0;0;0;43;0;;;;;
2025-10-16;O_HALKBE1025P31.00;HALKB_10/2025_AVRUPA_OPSIYON;D_EQ;SSO;D_EQ_EPP;DE_HALKB_EPP;HALKB.E;2025-10-31;4.76;4.72;0.85;0;0;0;0;0;0;0;0;0;100;0;;;;;
2025-10-16;O_HALKBE1025P32.00;HALKB_10/2025_AVRUPA_OPSIYON;D_EQ;SSO;D_EQ_EPP;DE_HALKB_EPP;HALKB.E;2025-10-31;5.72;5.67;0.88;0;0;0;0;0;0;0;0;0;160;0;;;;;
2025-10-16;O_HALKBE1025P33.00;HALKB_10/2025_AVRUPA_OPSIYON;D_EQ;SSO;D_EQ_EPP;DE_HALKB_EPP;HALKB.E;2025-10-31;6.69;6.64;0.75;0;0;0;0;0;0;0;0;0;0;0;;;;;
2025-10-16;O_HALKBE1125C25.00;HALKB_11/2025_AVRUPA_OPSIYON;D_EQ;SSO;D_EQ_ECP;DE_HALKB_ECP;HALKB.E;2025-11-28;2.79;2.84;-1.76;0;0;0;0;0;0;0;0;0;51;0;;;;;
2025-10-16;O_HALKBE1125C26.00;HALKB_11/2025_AVRUPA_OPSIYON;D_EQ;SSO;D_EQ_ECP;DE_HALKB_ECP;HALKB.E;2025-11-28;2.19;2.24;-2.23;0;0;0;0;0;0;0;0;0;100;0;;;;;
2025-10-16;O_HALKBE1125C27.00;HALKB_11/2025_AVRUPA_OPSIYON;D_EQ;SSO;D_EQ_ECP;DE_HALKB_ECP;HALKB.E;2025-11-28;1.7;1.75;-2.86;0;0;0;0;0;0;0;0;0;474;0;;;;;
2025-10-16;O_HALKBE1125C28.00;HALKB_11/2025_AVRUPA_OPSIYON;D_EQ;SSO;D_EQ_ECP;DE_HALKB_ECP;HALKB.E;2025-11-28;1.3;1.34;-2.99;0;0;0;0;0;0;0;0;0;170;0;;;;;
2025-10-16;O_HALKBE1125C29.00;HALKB_11/2025_AVRUPA_OPSIYON;D_EQ;SSO;D_EQ_ECP;DE_HALKB_ECP;HALKB.E;2025-11-28;0.99;1.03;-3.88;0;0;0;0;0;0;0;0;0;5000;0;;;;;
2025-10-16;O_HALKBE1125C30.00;HALKB_11/2025_AVRUPA_OPSIYON;D_EQ;SSO;D_EQ_ECP;DE_HALKB_ECP;HALKB.E;2025-11-28;0.75;0.78;-3.85;0;0;0;0;0;0;0;0;0;70;0;;;;;
2025-10-16;O_HALKBE1125C31.00;HALKB_11/2025_AVRUPA_OPSIYON;D_EQ;SSO;D_EQ_ECP;DE_HALKB_ECP;HALKB.E;2025-11-28;0.57;0.6;-5;0;0;0;0;0;0;0;0;0;1279;0;;;;;
2025-10-16;O_HALKBE1125C32.00;HALKB_11/2025_AVRUPA_OPSIYON;D_EQ;SSO;D_EQ_ECP;DE_HALKB_ECP;HALKB.E;2025-11-28;0.44;0.45;-2.22;0;0;0;0;0;0;0;0;0;2072;0;;;;;
2025-10-16;O_HALKBE1125C33.00;HALKB_11/2025_AVRUPA_OPSIYON;D_EQ;SSO;D_EQ_ECP;DE_HALKB_ECP;HALKB.E;2025-11-28;0.33;0.34;-2.94;0;0;0;0;0;0;0;0;0;1100;0;;;;;
2025-10-16;O_HALKBE1125C34.00;HALKB_11/2025_AVRUPA_OPSIYON;D_EQ;SSO;D_EQ_ECP;DE_HALKB_ECP;HALKB.E;2025-11-28;0.25;0.26;-3.85;0;0;0;0;0;0;0;0;0;5190;0;;;;;
2025-10-16;O_HALKBE1125C35.00;HALKB_11/2025_AVRUPA_OPSIYON;D_EQ;SSO;D_EQ_ECP;DE_HALKB_ECP;HALKB.E;2025-11-28;0.19;0.2;-5;0;0;0;0;0;0;0;0;0;10553;0;;;;;
2025-10-16;O_HALKBE1125C36.00;HALKB_11/2025_AVRUPA_OPSIYON;D_EQ;SSO;D_EQ_ECP;DE_HALKB_ECP;HALKB.E;2025-11-28;0.15;0.15;0;0;0;0;0;0;0;0;0;0;1900;0;;;;;
2025-10-16;O_HALKBE1125C37.00;HALKB_11/2025_AVRUPA_OPSIYON;D_EQ;SSO;D_EQ_ECP;DE_HALKB_ECP;HALKB.E;2025-11-28;0.11;0.11;0;0;0;0;0;0;0;0;0;0;1000;0;;;;;
2025-10-16;O_HALKBE1125P22.50;HALKB_11/2025_AVRUPA_OPSIYON;D_EQ;SSO;D_EQ_EPP;DE_HALKB_EPP;HALKB.E;2025-11-28;0.31;0.31;0;0;0;0;0;0;0;0;0;0;429;0;;;;;
2025-10-16;O_HALKBE1125P23.00;HALKB_11/2025_AVRUPA_OPSIYON;D_EQ;SSO;D_EQ_EPP;DE_HALKB_EPP;HALKB.E;2025-11-28;0.39;0.39;0;0;0;0;0;0;0;0;0;0;219;0;;;;;
2025-10-16;O_HALKBE1125P23.50;HALKB_11/2025_AVRUPA_OPSIYON;D_EQ;SSO;D_EQ_EPP;DE_HALKB_EPP;HALKB.E;2025-11-28;0.49;0.49;0;0;0;0;0;0;0;0;0;0;222;0;;;;;
2025-10-16;O_HALKBE1125P24.00;HALKB_11/2025_AVRUPA_OPSIYON;D_EQ;SSO;D_EQ_EPP;DE_HALKB_EPP;HALKB.E;2025-11-28;0.6;0.6;0;0;0;0;0;0;0;0;0;0;1040;0;;;;;
2025-10-16;O_HALKBE1125P24.50;HALKB_11/2025_AVRUPA_OPSIYON;D_EQ;SSO;D_EQ_EPP;DE_HALKB_EPP;HALKB.E;2025-11-28;0.72;0.73;-1.37;0;0;0;0;0;0;0;0;0;400;0;;;;;
2025-10-16;O_HALKBE1125P25.00;HALKB_11/2025_AVRUPA_OPSIYON;D_EQ;SSO;D_EQ_EPP;DE_HALKB_EPP;HALKB.E;2025-11-28;0.87;0.88;-1.14;0;0;0;0;0;0;0;0;0;0;0;;;;;
2025-10-16;O_HALKBE1125P26.00;HALKB_11/2025_AVRUPA_OPSIYON;D_EQ;SSO;D_EQ_EPP;DE_HALKB_EPP;HALKB.E;2025-11-28;1.23;1.24;-0.81;0;0;0;0;0;0;0;0;0;0;0;;;;;
2025-10-16;O_HALKBE1125P27.00;HALKB_11/2025_AVRUPA_OPSIYON;D_EQ;SSO;D_EQ_EPP;DE_HALKB_EPP;HALKB.E;2025-11-28;1.69;1.7;-0.59;0;0;0;0;0;0;0;0;0;120;0;;;;;
2025-10-16;O_HALKBE1125P28.00;HALKB_11/2025_AVRUPA_OPSIYON;D_EQ;SSO;D_EQ_EPP;DE_HALKB_EPP;HALKB.E;2025-11-28;2.25;2.25;0;0;0;0;0;0;0;0;0;0;120;0;;;;;
2025-10-16;O_HALKBE1125P29.00;HALKB_11/2025_AVRUPA_OPSIYON;D_EQ;SSO;D_EQ_EPP;DE_HALKB_EPP;HALKB.E;2025-11-28;2.9;2.89;0.35;0;0;0;0;0;0;0;0;0;100;0;;;;;
2025-10-16;O_HALKBE1125P30.00;HALKB_11/2025_AVRUPA_OPSIYON;D_EQ;SSO;D_EQ_EPP;DE_HALKB_EPP;HALKB.E;2025-11-28;3.62;3.6;0.56;0;0;0;0;0;0;0;0;0;60;0;;;;;
2025-10-16;O_HALKBE1125P31.00;HALKB_11/2025_AVRUPA_OPSIYON;D_EQ;SSO;D_EQ_EPP;DE_HALKB_EPP;HALKB.E;2025-11-28;4.4;4.37;0.69;0;0;0;0;0;0;0;0;0;100;0;;;;;
2025-10-16;O_HALKBE1125P32.00;HALKB_11/2025_AVRUPA_OPSIYON;D_EQ;SSO;D_EQ_EPP;DE_HALKB_EPP;HALKB.E;2025-11-28;5.21;5.18;0.58;0;0;0;0;0;0;0;0;0;100;0;;;;;
2025-10-16;O_HALKBE1225C26.00;HALKB_12/2025_AVRUPA_OPSIYON;D_EQ;SSO;D_EQ_ECP;DE_HALKB_ECP;HALKB.E;2025-12-31;3.45;3.5;-1.43;0;0;0;0;0;0;0;0;0;0;0;;;;;
2025-10-16;O_HALKBE1225C27.00;HALKB_12/2025_AVRUPA_OPSIYON;D_EQ;SSO;D_EQ_ECP;DE_HALKB_ECP;HALKB.E;2025-12-31;2.9;2.96;-2.03;0;0;0;0;0;0;0;0;0;0;0;;;;;
2025-10-16;O_HALKBE1225C28.00;HALKB_12/2025_AVRUPA_OPSIYON;D_EQ;SSO;D_EQ_ECP;DE_HALKB_ECP;HALKB.E;2025-12-31;2.43;2.48;-2.02;0;0;0;0;0;0;0;0;0;0;0;;;;;
2025-10-16;O_HALKBE1225C29.00;HALKB_12/2025_AVRUPA_OPSIYON;D_EQ;SSO;D_EQ_ECP;DE_HALKB_ECP;HALKB.E;2025-12-31;2.03;2.07;-1.93;0;0;0;0;0;0;0;0;0;0;0;;;;;
2025-10-16;O_HALKBE1225C30.00;HALKB_12/2025_AVRUPA_OPSIYON;D_EQ;SSO;D_EQ_ECP;DE_HALKB_ECP;HALKB.E;2025-12-31;1.7;1.74;-2.3;0;0;0;0;0;0;0;0;0;0;0;;;;;
2025-10-16;O_HALKBE1225C31.00;HALKB_12/2025_AVRUPA_OPSIYON;D_EQ;SSO;D_EQ_ECP;DE_HALKB_ECP;HALKB.E;2025-12-31;1.43;1.46;-2.05;0;0;0;0;0;0;0;0;0;0;0;;;;;
2025-10-16;O_HALKBE1225C32.00;HALKB_12/2025_AVRUPA_OPSIYON;D_EQ;SSO;D_EQ_ECP;DE_HALKB_ECP;HALKB.E;2025-12-31;1.2;1.23;-2.44;0;0;0;0;0;0;0;0;0;0;0;;;;;
2025-10-16;O_HALKBE1225C33.00;HALKB_12/2025_AVRUPA_OPSIYON;D_EQ;SSO;D_EQ_ECP;DE_HALKB_ECP;HALKB.E;2025-12-31;1.02;1.03;-0.97;0;0;0;0;0;0;0;0;0;0;0;;;;;
2025-10-16;O_HALKBE1225C34.00;HALKB_12/2025_AVRUPA_OPSIYON;D_EQ;SSO;D_EQ_ECP;DE_HALKB_ECP;HALKB.E;2025-12-31;0.86;0.87;-1.15;0;0;0;0;0;0;0;0;0;0;0;;;;;
2025-10-16;O_HALKBE1225C35.00;HALKB_12/2025_AVRUPA_OPSIYON;D_EQ;SSO;D_EQ_ECP;DE_HALKB_ECP;HALKB.E;2025-12-31;0.73;0.73;0;0;0;0;0;0;0;0;0;0;0;0;;;;;
2025-10-16;O_HALKBE1225C36.00;HALKB_12/2025_AVRUPA_OPSIYON;D_EQ;SSO;D_EQ_ECP;DE_HALKB_ECP;HALKB.E;2025-12-31;0.62;0.62;0;0;0;0;0;0;0;0;0;0;0;0;;;;;
2025-10-16;O_HALKBE1225C37.00;HALKB_12/2025_AVRUPA_OPSIYON;D_EQ;SSO;D_EQ_ECP;DE_HALKB_ECP;HALKB.E;2025-12-31;0.53;0.52;1.92;0;0;0;0;0;0;0;0;0;0;0;;;;;
2025-10-16;O_HALKBE1225C38.00;HALKB_12/2025_AVRUPA_OPSIYON;D_EQ;SSO;D_EQ_ECP;DE_HALKB_ECP;HALKB.E;2025-12-31;0.45;0.44;2.27;0;0;0;0;0;0;0;0;0;0;0;;;;;
2025-10-16;O_HALKBE1225P23.00;HALKB_12/2025_AVRUPA_OPSIYON;D_EQ;SSO;D_EQ_EPP;DE_HALKB_EPP;HALKB.E;2025-12-31;0.53;0.53;0;0;0;0;0;0;0;0;0;0;0;0;;;;;
2025-10-16;O_HALKBE1225P23.50;HALKB_12/2025_AVRUPA_OPSIYON;D_EQ;SSO;D_EQ_EPP;DE_HALKB_EPP;HALKB.E;2025-12-31;0.62;0.62;0;0;0;0;0;0;0;0;0;0;0;0;;;;;
2025-10-16;O_HALKBE1225P24.00;HALKB_12/2025_AVRUPA_OPSIYON;D_EQ;SSO;D_EQ_EPP;DE_HALKB_EPP;HALKB.E;2025-12-31;0.73;0.72;1.39;0;0;0;0;0;0;0;0;0;0;0;;;;;
2025-10-16;O_HALKBE1225P24.50;HALKB_12/2025_AVRUPA_OPSIYON;D_EQ;SSO;D_EQ_EPP;DE_HALKB_EPP;HALKB.E;2025-12-31;0.84;0.84;0;0;0;0;0;0;0;0;0;0;0;0;;;;;
2025-10-16;O_HALKBE1225P25.00;HALKB_12/2025_AVRUPA_OPSIYON;D_EQ;SSO;D_EQ_EPP;DE_HALKB_EPP;HALKB.E;2025-12-31;0.97;0.96;1.04;0;0;0;0;0;0;0;0;0;0;0;;;;;
2025-10-16;O_HALKBE1225P26.00;HALKB_12/2025_AVRUPA_OPSIYON;D_EQ;SSO;D_EQ_EPP;DE_HALKB_EPP;HALKB.E;2025-12-31;1.26;1.26;0;0;0;0;0;0;0;0;0;0;0;0;;;;;
2025-10-16;O_HALKBE1225P27.00;HALKB_12/2025_AVRUPA_OPSIYON;D_EQ;SSO;D_EQ_EPP;DE_HALKB_EPP;HALKB.E;2025-12-31;1.62;1.62;0;0;0;0;0;0;0;0;0;0;0;0;;;;;
2025-10-16;O_HALKBE1225P28.00;HALKB_12/2025_AVRUPA_OPSIYON;D_EQ;SSO;D_EQ_EPP;DE_HALKB_EPP;HALKB.E;2025-12-31;2.05;2.05;0;0;0;0;0;0;0;0;0;0;0;0;;;;;
2025-10-16;O_HALKBE1225P29.00;HALKB_12/2025_AVRUPA_OPSIYON;D_EQ;SSO;D_EQ_EPP;DE_HALKB_EPP;HALKB.E;2025-12-31;2.56;2.55;0.39;0;0;0;0;0;0;0;0;0;0;0;;;;;
2025-10-16;O_HALKBE1225P30.00;HALKB_12/2025_AVRUPA_OPSIYON;D_EQ;SSO;D_EQ_EPP;DE_HALKB_EPP;HALKB.E;2025-12-31;3.14;3.12;0.64;0;0;0;0;0;0;0;0;0;0;0;;;;;
2025-10-16;O_HALKBE1225P31.00;HALKB_12/2025_AVRUPA_OPSIYON;D_EQ;SSO;D_EQ_EPP;DE_HALKB_EPP;HALKB.E;2025-12-31;3.78;3.75;0.8;0;0;0;0;0;0;0;0;0;0;0;;;;;
2025-10-16;O_HALKBE1225P32.00;HALKB_12/2025_AVRUPA_OPSIYON;D_EQ;SSO;D_EQ_EPP;DE_HALKB_EPP;HALKB.E;2025-12-31;4.46;4.43;0.68;0;0;0;0;0;0;0;0;0;0;0;;;;;
2025-10-16;O_HALKBE1225P33.00;HALKB_12/2025_AVRUPA_OPSIYON;D_EQ;SSO;D_EQ_EPP;DE_HALKB_EPP;HALKB.E;2025-12-31;5.18;5.14;0.78;0;0;0;0;0;0;0;0;0;0;0;;;;;
2025-10-16;O_ISCTRE1025C11.50;ISCTR_10/2025_AVRUPA_OPSIYON;D_EQ;SSO;D_EQ_ECP;DE_ISCTR_ECP;ISCTR.E;2025-10-31;0.53;0.71;-25.35;0;0;0;0;0;0;0;0;0;0;0;;;;;
2025-10-16;O_ISCTRE1025C12.00;ISCTR_10/2025_AVRUPA_OPSIYON;D_EQ;SSO;D_EQ_ECP;DE_ISCTR_ECP;ISCTR.E;2025-10-31;0.28;0.42;-33.33;0;0;0;0;0;0;0;0;0;250;0;;;;;
2025-10-16;O_ISCTRE1025C12.50;ISCTR_10/2025_AVRUPA_OPSIYON;D_EQ;SSO;D_EQ_ECP;DE_ISCTR_ECP;ISCTR.E;2025-10-31;0.14;0.22;-36.36;0;0;0;0;0;0;0;0;0;2338;0;;;;;
2025-10-16;O_ISCTRE1025C13.00;ISCTR_10/2025_AVRUPA_OPSIYON;D_EQ;SSO;D_EQ_ECP;DE_ISCTR_ECP;ISCTR.E;2025-10-31;0.07;0.11;-36.36;0;0;0;0;0;0;0;0;0;878;0;;;;;
2025-10-16;O_ISCTRE1025C13.50;ISCTR_10/2025_AVRUPA_OPSIYON;D_EQ;SSO;D_EQ_ECP;DE_ISCTR_ECP;ISCTR.E;2025-10-31;0.03;0.06;-50;0;0;0;0;0;0;0;0;0;2281;0;;;;;
2025-10-16;O_ISCTRE1025C14.00;ISCTR_10/2025_AVRUPA_OPSIYON;D_EQ;SSO;D_EQ_ECP;DE_ISCTR_ECP;ISCTR.E;2025-10-31;0.01;0.03;-66.67;0;0;0;0;0;0;0;0;0;1157;0;;;;;
2025-10-16;O_ISCTRE1025C14.50;ISCTR_10/2025_AVRUPA_OPSIYON;D_EQ;SSO;D_EQ_ECP;DE_ISCTR_ECP;ISCTR.E;2025-10-31;0.01;0.01;0;0;0;0;0;0;0;0;0;0;1587;0;;;;;
2025-10-16;O_ISCTRE1025C15.00;ISCTR_10/2025_AVRUPA_OPSIYON;D_EQ;SSO;D_EQ_ECP;DE_ISCTR_ECP;ISCTR.E;2025-10-31;0.01;0.01;0;0;0;0;0;0;0;0;0;0;2500;0;;;;;
2025-10-16;O_ISCTRE1025C15.50;ISCTR_10/2025_AVRUPA_OPSIYON;D_EQ;SSO;D_EQ_ECP;DE_ISCTR_ECP;ISCTR.E;2025-10-31;0.01;0.01;0;0;0;0;0;0;0;0;0;0;802;0;;;;;
2025-10-16;O_ISCTRE1025C16.00;ISCTR_10/2025_AVRUPA_OPSIYON;D_EQ;SSO;D_EQ_ECP;DE_ISCTR_ECP;ISCTR.E;2025-10-31;0.01;0.01;0;0;0;0;0;0;0;0;0;0;28910;0;;;;;
2025-10-16;O_ISCTRE1025C16.50;ISCTR_10/2025_AVRUPA_OPSIYON;D_EQ;SSO;D_EQ_ECP;DE_ISCTR_ECP;ISCTR.E;2025-10-31;0.01;0.01;0;0;0;0;0;0;0;0;0;0;26;0;;;;;
2025-10-16;O_ISCTRE1025C17.00;ISCTR_10/2025_AVRUPA_OPSIYON;D_EQ;SSO;D_EQ_ECP;DE_ISCTR_ECP;ISCTR.E;2025-10-31;0.01;0.01;0;0;0;0;0;0;0;0;0;0;1012;0;;;;;
2025-10-16;O_ISCTRE1025C17.50;ISCTR_10/2025_AVRUPA_OPSIYON;D_EQ;SSO;D_EQ_ECP;DE_ISCTR_ECP;ISCTR.E;2025-10-31;0.01;0.01;0;0;0;0;0;0;0;0;0;0;7;0;;;;;
2025-10-16;O_ISCTRE1025C18.00;ISCTR_10/2025_AVRUPA_OPSIYON;D_EQ;SSO;D_EQ_ECP;DE_ISCTR_ECP;ISCTR.E;2025-10-31;0.01;0.01;0;0;0;0;0;0;0;0;0;0;10005;0;;;;;
2025-10-16;O_ISCTRE1025C18.50;ISCTR_10/2025_AVRUPA_OPSIYON;D_EQ;SSO;D_EQ_ECP;DE_ISCTR_ECP;ISCTR.E;2025-10-31;0.01;0.01;0;0;0;0;0;0;0;0;0;0;20009;0;;;;;
2025-10-16;O_ISCTRE1025C19.00;ISCTR_10/2025_AVRUPA_OPSIYON;D_EQ;SSO;D_EQ_ECP;DE_ISCTR_ECP;ISCTR.E;2025-10-31;0.01;0.01;0;0;0;0;0;0;0;0;0;0;0;0;;;;;
2025-10-16;O_ISCTRE1025C19.50;ISCTR_10/2025_AVRUPA_OPSIYON;D_EQ;SSO;D_EQ_ECP;DE_ISCTR_ECP;ISCTR.E;2025-10-31;0.01;0.01;0;0;0;0;0;0;0;0;0;0;0;0;;;;;
2025-10-16;O_ISCTRE1025P10.00;ISCTR_10/2025_AVRUPA_OPSIYON;D_EQ;SSO;D_EQ_EPP;DE_ISCTR_EPP;ISCTR.E;2025-10-31;0.01;0.01;0;0;0;0;0;0;0;0;0;0;0;0;;;;;
2025-10-16;O_ISCTRE1025P10.50;ISCTR_10/2025_AVRUPA_OPSIYON;D_EQ;SSO;D_EQ_EPP;DE_ISCTR_EPP;ISCTR.E;2025-10-31;0.04;0.03;33.33;0;0;0;0;0;0;0;0;0;0;0;;;;;
2025-10-16;O_ISCTRE1025P11.00;ISCTR_10/2025_AVRUPA_OPSIYON;D_EQ;SSO;D_EQ_EPP;DE_ISCTR_EPP;ISCTR.E;2025-10-31;0.12;0.09;33.33;0;0;0;0;0;0;0;0;0;0;0;;;;;
2025-10-16;O_ISCTRE1025P11.50;ISCTR_10/2025_AVRUPA_OPSIYON;D_EQ;SSO;D_EQ_EPP;DE_ISCTR_EPP;ISCTR.E;2025-10-31;0.27;0.2;35;0;0;0;0;0;0;0;0;0;2;0;;;;;
2025-10-16;O_ISCTRE1025P12.00;ISCTR_10/2025_AVRUPA_OPSIYON;D_EQ;SSO;D_EQ_EPP;DE_ISCTR_EPP;ISCTR.E;2025-10-31;0.52;0.4;30;0;0;0;0;0;0;0;0;0;1025;0;;;;;
2025-10-16;O_ISCTRE1025P12.50;ISCTR_10/2025_AVRUPA_OPSIYON;D_EQ;SSO;D_EQ_EPP;DE_ISCTR_EPP;ISCTR.E;2025-10-31;0.87;0.7;24.29;0;0;0;0;0;0;0;0;0;7778;0;;;;;
2025-10-16;O_ISCTRE1025P13.00;ISCTR_10/2025_AVRUPA_OPSIYON;D_EQ;SSO;D_EQ_EPP;DE_ISCTR_EPP;ISCTR.E;2025-10-31;1.29;1.08;19.44;0;0;0;0;0;0;0;0;0;637;0;;;;;
2025-10-16;O_ISCTRE1025P13.50;ISCTR_10/2025_AVRUPA_OPSIYON;D_EQ;SSO;D_EQ_EPP;DE_ISCTR_EPP;ISCTR.E;2025-10-31;1.74;1.51;15.23;0;0;0;0;0;0;0;0;0;12311;0;;;;;
2025-10-16;O_ISCTRE1025P14.00;ISCTR_10/2025_AVRUPA_OPSIYON;D_EQ;SSO;D_EQ_EPP;DE_ISCTR_EPP;ISCTR.E;2025-10-31;2.22;1.98;12.12;0;0;0;0;0;0;0;0;0;943;0;;;;;
2025-10-16;O_ISCTRE1025P14.50;ISCTR_10/2025_AVRUPA_OPSIYON;D_EQ;SSO;D_EQ_EPP;DE_ISCTR_EPP;ISCTR.E;2025-10-31;2.7;2.45;10.2;0;0;0;0;0;0;0;0;0;1196;0;;;;;
2025-10-16;O_ISCTRE1025P15.00;ISCTR_10/2025_AVRUPA_OPSIYON;D_EQ;SSO;D_EQ_EPP;DE_ISCTR_EPP;ISCTR.E;2025-10-31;3.19;2.94;8.5;0;0;0;0;0;0;0;0;0;310;0;;;;;
2025-10-16;O_ISCTRE1025P15.50;ISCTR_10/2025_AVRUPA_OPSIYON;D_EQ;SSO;D_EQ_EPP;DE_ISCTR_EPP;ISCTR.E;2025-10-31;3.68;3.43;7.29;0;0;0;0;0;0;0;0;0;0;0;;;;;
2025-10-16;O_ISCTRE1025P16.00;ISCTR_10/2025_AVRUPA_OPSIYON;D_EQ;SSO;D_EQ_EPP;DE_ISCTR_EPP;ISCTR.E;2025-10-31;4.17;3.92;6.38;0;0;0;0;0;0;0;0;0;601;0;;;;;
2025-10-16;O_ISCTRE1025P16.50;ISCTR_10/2025_AVRUPA_OPSIYON;D_EQ;SSO;D_EQ_EPP;DE_ISCTR_EPP;ISCTR.E;2025-10-31;4.66;4.41;5.67;0;0;0;0;0;0;0;0;0;393;0;;;;;
2025-10-16;O_ISCTRE1025P17.00;ISCTR_10/2025_AVRUPA_OPSIYON;D_EQ;SSO;D_EQ_EPP;DE_ISCTR_EPP;ISCTR.E;2025-10-31;5.16;4.9;5.31;0;0;0;0;0;0;0;0;0;0;0;;;;;
2025-10-16;O_ISCTRE1025P9.60;ISCTR_10/2025_AVRUPA_OPSIYON;D_EQ;SSO;D_EQ_EPP;DE_ISCTR_EPP;ISCTR.E;2025-10-31;0.01;0.01;0;0;0;0;0;0;0;0;0;0;0;0;;;;;
2025-10-16;O_ISCTRE1025P9.80;ISCTR_10/2025_AVRUPA_OPSIYON;D_EQ;SSO;D_EQ_EPP;DE_ISCTR_EPP;ISCTR.E;2025-10-31;0.01;0.01;0;0;0;0;0;0;0;0;0;0;0;0;;;;;
2025-10-16;O_ISCTRE1125C11.50;ISCTR_11/2025_AVRUPA_OPSIYON;D_EQ;SSO;D_EQ_ECP;DE_ISCTR_ECP;ISCTR.E;2025-11-28;0.97;1.17;-17.09;0;0;0;0;0;0;0;0;0;0;0;;;;;
2025-10-16;O_ISCTRE1125C12.00;ISCTR_11/2025_AVRUPA_OPSIYON;D_EQ;SSO;D_EQ_ECP;DE_ISCTR_ECP;ISCTR.E;2025-11-28;0.7;0.86;-18.6;0;0;0;0;0;0;0;0;0;10052;0;;;;;
2025-10-16;O_ISCTRE1125C12.50;ISCTR_11/2025_AVRUPA_OPSIYON;D_EQ;SSO;D_EQ_ECP;DE_ISCTR_ECP;ISCTR.E;2025-11-28;0.5;0.62;-19.35;0;0;0;0;0;0;0;0;0;17;0;;;;;
2025-10-16;O_ISCTRE1125C13.00;ISCTR_11/2025_AVRUPA_OPSIYON;D_EQ;SSO;D_EQ_ECP;DE_ISCTR_ECP;ISCTR.E;2025-11-28;0.35;0.44;-20.45;0;0;0;0;0;0;0;0;0;0;0;;;;;
2025-10-16;O_ISCTRE1125C13.50;ISCTR_11/2025_AVRUPA_OPSIYON;D_EQ;SSO;D_EQ_ECP;DE_ISCTR_ECP;ISCTR.E;2025-11-28;0.25;0.32;-21.88;0;0;0;0;0;0;0;0;0;17;0;;;;;
2025-10-16;O_ISCTRE1125C14.00;ISCTR_11/2025_AVRUPA_OPSIYON;D_EQ;SSO;D_EQ_ECP;DE_ISCTR_ECP;ISCTR.E;2025-11-28;0.18;0.23;-21.74;0;0;0;0;0;0;0;0;0;0;0;;;;;
2025-10-16;O_ISCTRE1125C14.50;ISCTR_11/2025_AVRUPA_OPSIYON;D_EQ;SSO;D_EQ_ECP;DE_ISCTR_ECP;ISCTR.E;2025-11-28;0.13;0.17;-23.53;0;0;0;0;0;0;0;0;0;2000;0;;;;;
2025-10-16;O_ISCTRE1125C15.00;ISCTR_11/2025_AVRUPA_OPSIYON;D_EQ;SSO;D_EQ_ECP;DE_ISCTR_ECP;ISCTR.E;2025-11-28;0.09;0.12;-25;0;0;0;0;0;0;0;0;0;2400;0;;;;;
2025-10-16;O_ISCTRE1125C15.50;ISCTR_11/2025_AVRUPA_OPSIYON;D_EQ;SSO;D_EQ_ECP;DE_ISCTR_ECP;ISCTR.E;2025-11-28;0.07;0.09;-22.22;0;0;0;0;0;0;0;0;0;2600;0;;;;;
2025-10-16;O_ISCTRE1125C16.00;ISCTR_11/2025_AVRUPA_OPSIYON;D_EQ;SSO;D_EQ_ECP;DE_ISCTR_ECP;ISCTR.E;2025-11-28;0.05;0.07;-28.57;0;0;0;0;0;0;0;0;0;3200;0;;;;;
2025-10-16;O_ISCTRE1125C16.50;ISCTR_11/2025_AVRUPA_OPSIYON;D_EQ;SSO;D_EQ_ECP;DE_ISCTR_ECP;ISCTR.E;2025-11-28;0.04;0.05;-20;0;0;0;0;0;0;0;0;0;0;0;;;;;
2025-10-16;O_ISCTRE1125C17.00;ISCTR_11/2025_AVRUPA_OPSIYON;D_EQ;SSO;D_EQ_ECP;DE_ISCTR_ECP;ISCTR.E;2025-11-28;0.03;0.04;-25;0;0;0;0;0;0;0;0;0;1;0;;;;;
2025-10-16;O_ISCTRE1125C17.50;ISCTR_11/2025_AVRUPA_OPSIYON;D_EQ;SSO;D_EQ_ECP;DE_ISCTR_ECP;ISCTR.E;2025-11-28;0.02;0.03;-33.33;0;0;0;0;0;0;0;0;0;21003;0;;;;;
2025-10-16;O_ISCTRE1125C18.00;ISCTR_11/2025_AVRUPA_OPSIYON;D_EQ;SSO;D_EQ_ECP;DE_ISCTR_ECP;ISCTR.E;2025-11-28;0.02;0.02;0;0;0;0;0;0;0;0;0;0;1151;0;;;;;
2025-10-16;O_ISCTRE1125C18.50;ISCTR_11/2025_AVRUPA_OPSIYON;D_EQ;SSO;D_EQ_ECP;DE_ISCTR_ECP;ISCTR.E;2025-11-28;0.02;0.02;0;0;0;0;0;0;0;0;0;0;2;0;;;;;
2025-10-16;O_ISCTRE1125C19.00;ISCTR_11/2025_AVRUPA_OPSIYON;D_EQ;SSO;D_EQ_ECP;DE_ISCTR_ECP;ISCTR.E;2025-11-28;0.01;0.02;-50;0;0;0;0;0;0;0;0;0;0;0;;;;;
2025-10-16;O_ISCTRE1125C19.50;ISCTR_11/2025_AVRUPA_OPSIYON;D_EQ;SSO;D_EQ_ECP;DE_ISCTR_ECP;ISCTR.E;2025-11-28;0.01;0.01;0;0;0;0;0;0;0;0;0;0;0;0;;;;;
2025-10-16;O_ISCTRE1125P10.00;ISCTR_11/2025_AVRUPA_OPSIYON;D_EQ;SSO;D_EQ_EPP;DE_ISCTR_EPP;ISCTR.E;2025-11-28;0.09;0.07;28.57;0;0;0;0;0;0;0;0;0;0;0;;;;;
2025-10-16;O_ISCTRE1125P10.50;ISCTR_11/2025_AVRUPA_OPSIYON;D_EQ;SSO;D_EQ_EPP;DE_ISCTR_EPP;ISCTR.E;2025-11-28;0.15;0.13;15.38;0;0;0;0;0;0;0;0;0;0;0;;;;;
2025-10-16;O_ISCTRE1125P11.00;ISCTR_11/2025_AVRUPA_OPSIYON;D_EQ;SSO;D_EQ_EPP;DE_ISCTR_EPP;ISCTR.E;2025-11-28;0.25;0.21;19.05;0;0;0;0;0;0;0;0;0;6;0;;;;;
2025-10-16;O_ISCTRE1125P11.50;ISCTR_11/2025_AVRUPA_OPSIYON;D_EQ;SSO;D_EQ_EPP;DE_ISCTR_EPP;ISCTR.E;2025-11-28;0.39;0.33;18.18;0;0;0;0;0;0;0;0;0;435;0;;;;;
2025-10-16;O_ISCTRE1125P12.00;ISCTR_11/2025_AVRUPA_OPSIYON;D_EQ;SSO;D_EQ_EPP;DE_ISCTR_EPP;ISCTR.E;2025-11-28;0.6;0.5;20;0;0;0;0;0;0;0;0;0;851;0;;;;;
2025-10-16;O_ISCTRE1125P12.50;ISCTR_11/2025_AVRUPA_OPSIYON;D_EQ;SSO;D_EQ_EPP;DE_ISCTR_EPP;ISCTR.E;2025-11-28;0.87;0.74;17.57;0;0;0;0;0;0;0;0;0;58;0;;;;;
2025-10-16;O_ISCTRE1125P13.00;ISCTR_11/2025_AVRUPA_OPSIYON;D_EQ;SSO;D_EQ_EPP;DE_ISCTR_EPP;ISCTR.E;2025-11-28;1.2;1.04;15.38;0;0;0;0;0;0;0;0;0;46;0;;;;;
2025-10-16;O_ISCTRE1125P13.50;ISCTR_11/2025_AVRUPA_OPSIYON;D_EQ;SSO;D_EQ_EPP;DE_ISCTR_EPP;ISCTR.E;2025-11-28;1.58;1.39;13.67;0;0;0;0;0;0;0;0;0;501;0;;;;;
2025-10-16;O_ISCTRE1125P14.00;ISCTR_11/2025_AVRUPA_OPSIYON;D_EQ;SSO;D_EQ_EPP;DE_ISCTR_EPP;ISCTR.E;2025-11-28;1.99;1.78;11.8;0;0;0;0;0;0;0;0;0;0;0;;;;;
2025-10-16;O_ISCTRE1125P14.50;ISCTR_11/2025_AVRUPA_OPSIYON;D_EQ;SSO;D_EQ_EPP;DE_ISCTR_EPP;ISCTR.E;2025-11-28;2.41;2.2;9.55;0;0;0;0;0;0;0;0;0;0;0;;;;;
2025-10-16;O_ISCTRE1125P15.00;ISCTR_11/2025_AVRUPA_OPSIYON;D_EQ;SSO;D_EQ_EPP;DE_ISCTR_EPP;ISCTR.E;2025-11-28;2.86;2.63;8.75;0;0;0;0;0;0;0;0;0;0;0;;;;;
2025-10-16;O_ISCTRE1125P15.50;ISCTR_11/2025_AVRUPA_OPSIYON;D_EQ;SSO;D_EQ_EPP;DE_ISCTR_EPP;ISCTR.E;2025-11-28;3.31;3.08;7.47;0;0;0;0;0;0;0;0;0;0;0;;;;;
2025-10-16;O_ISCTRE1125P16.00;ISCTR_11/2025_AVRUPA_OPSIYON;D_EQ;SSO;D_EQ_EPP;DE_ISCTR_EPP;ISCTR.E;2025-11-28;3.77;3.53;6.8;0;0;0;0;0;0;0;0;0;0;0;;;;;
2025-10-16;O_ISCTRE1125P16.50;ISCTR_11/2025_AVRUPA_OPSIYON;D_EQ;SSO;D_EQ_EPP;DE_ISCTR_EPP;ISCTR.E;2025-11-28;4.24;3.99;6.27;0;0;0;0;0;0;0;0;0;0;0;;;;;
2025-10-16;O_ISCTRE1125P17.00;ISCTR_11/2025_AVRUPA_OPSIYON;D_EQ;SSO;D_EQ_EPP;DE_ISCTR_EPP;ISCTR.E;2025-11-28;4.71;4.46;5.61;0;0;0;0;0;0;0;0;0;100;0;;;;;
2025-10-16;O_ISCTRE1125P9.60;ISCTR_11/2025_AVRUPA_OPSIYON;D_EQ;SSO;D_EQ_EPP;DE_ISCTR_EPP;ISCTR.E;2025-11-28;0.05;0.04;25;0;0;0;0;0;0;0;0;0;0;0;;;;;
2025-10-16;O_ISCTRE1125P9.80;ISCTR_11/2025_AVRUPA_OPSIYON;D_EQ;SSO;D_EQ_EPP;DE_ISCTR_EPP;ISCTR.E;2025-11-28;0.07;0.06;16.67;0;0;0;0;0;0;0;0;0;0;0;;;;;
2025-10-16;O_ISCTRE1225C12.00;ISCTR_12/2025_AVRUPA_OPSIYON;D_EQ;SSO;D_EQ_ECP;DE_ISCTR_ECP;ISCTR.E;2025-12-31;1.23;1.41;-12.77;0;0;0;0;0;0;0;0;0;0;0;;;;;
2025-10-16;O_ISCTRE1225C12.50;ISCTR_12/2025_AVRUPA_OPSIYON;D_EQ;SSO;D_EQ_ECP;DE_ISCTR_ECP;ISCTR.E;2025-12-31;0.97;1.14;-14.91;0;0;0;0;0;0;0;0;0;0;0;;;;;
2025-10-16;O_ISCTRE1225C13.00;ISCTR_12/2025_AVRUPA_OPSIYON;D_EQ;SSO;D_EQ_ECP;DE_ISCTR_ECP;ISCTR.E;2025-12-31;0.77;0.9;-14.44;0;0;0;0;0;0;0;0;0;0;0;;;;;
2025-10-16;O_ISCTRE1225C13.50;ISCTR_12/2025_AVRUPA_OPSIYON;D_EQ;SSO;D_EQ_ECP;DE_ISCTR_ECP;ISCTR.E;2025-12-31;0.62;0.72;-13.89;0;0;0;0;0;0;0;0;0;0;0;;;;;
2025-10-16;O_ISCTRE1225C14.00;ISCTR_12/2025_AVRUPA_OPSIYON;D_EQ;SSO;D_EQ_ECP;DE_ISCTR_ECP;ISCTR.E;2025-12-31;0.5;0.59;-15.25;0;0;0;0;0;0;0;0;0;0;0;;;;;
2025-10-16;O_ISCTRE1225C14.50;ISCTR_12/2025_AVRUPA_OPSIYON;D_EQ;SSO;D_EQ_ECP;DE_ISCTR_ECP;ISCTR.E;2025-12-31;0.41;0.48;-14.58;0;0;0;0;0;0;0;0;0;0;0;;;;;
2025-10-16;O_ISCTRE1225C15.00;ISCTR_12/2025_AVRUPA_OPSIYON;D_EQ;SSO;D_EQ_ECP;DE_ISCTR_ECP;ISCTR.E;2025-12-31;0.33;0.39;-15.38;0;0;0;0;0;0;0;0;0;0;0;;;;;
2025-10-16;O_ISCTRE1225C15.50;ISCTR_12/2025_AVRUPA_OPSIYON;D_EQ;SSO;D_EQ_ECP;DE_ISCTR_ECP;ISCTR.E;2025-12-31;0.28;0.33;-15.15;0;0;0;0;0;0;0;0;0;0;0;;;;;
2025-10-16;O_ISCTRE1225C16.00;ISCTR_12/2025_AVRUPA_OPSIYON;D_EQ;SSO;D_EQ_ECP;DE_ISCTR_ECP;ISCTR.E;2025-12-31;0.23;0.27;-14.81;0;0;0;0;0;0;0;0;0;0;0;;;;;
2025-10-16;O_ISCTRE1225C16.50;ISCTR_12/2025_AVRUPA_OPSIYON;D_EQ;SSO;D_EQ_ECP;DE_ISCTR_ECP;ISCTR.E;2025-12-31;0.19;0.23;-17.39;0;0;0;0;0;0;0;0;0;0;0;;;;;
2025-10-16;O_ISCTRE1225C17.00;ISCTR_12/2025_AVRUPA_OPSIYON;D_EQ;SSO;D_EQ_ECP;DE_ISCTR_ECP;ISCTR.E;2025-12-31;0.17;0.2;-15;0;0;0;0;0;0;0;0;0;0;0;;;;;
2025-10-16;O_ISCTRE1225C17.50;ISCTR_12/2025_AVRUPA_OPSIYON;D_EQ;SSO;D_EQ_ECP;DE_ISCTR_ECP;ISCTR.E;2025-12-31;0.14;0.17;-17.65;0;0;0;0;0;0;0;0;0;0;0;;;;;
2025-10-16;O_ISCTRE1225C18.00;ISCTR_12/2025_AVRUPA_OPSIYON;D_EQ;SSO;D_EQ_ECP;DE_ISCTR_ECP;ISCTR.E;2025-12-31;0.12;0.15;-20;0;0;0;0;0;0;0;0;0;0;0;;;;;
2025-10-16;O_ISCTRE1225C18.50;ISCTR_12/2025_AVRUPA_OPSIYON;D_EQ;SSO;D_EQ_ECP;DE_ISCTR_ECP;ISCTR.E;2025-12-31;0.11;0.13;-15.38;0;0;0;0;0;0;0;0;0;0;0;;;;;
2025-10-16;O_ISCTRE1225C19.00;ISCTR_12/2025_AVRUPA_OPSIYON;D_EQ;SSO;D_EQ_ECP;DE_ISCTR_ECP;ISCTR.E;2025-12-31;0.1;0.11;-9.09;0;0;0;0;0;0;0;0;0;0;0;;;;;
2025-10-16;O_ISCTRE1225P10.00;ISCTR_12/2025_AVRUPA_OPSIYON;D_EQ;SSO;D_EQ_EPP;DE_ISCTR_EPP;ISCTR.E;2025-12-31;0.14;0.12;16.67;0;0;0;0;0;0;0;0;0;0;0;;;;;
2025-10-16;O_ISCTRE1225P10.50;ISCTR_12/2025_AVRUPA_OPSIYON;D_EQ;SSO;D_EQ_EPP;DE_ISCTR_EPP;ISCTR.E;2025-12-31;0.2;0.18;11.11;0;0;0;0;0;0;0;0;0;0;0;;;;;
2025-10-16;O_ISCTRE1225P11.00;ISCTR_12/2025_AVRUPA_OPSIYON;D_EQ;SSO;D_EQ_EPP;DE_ISCTR_EPP;ISCTR.E;2025-12-31;0.29;0.25;16;0;0;0;0;0;0;0;0;0;0;0;;;;;
2025-10-16;O_ISCTRE1225P11.50;ISCTR_12/2025_AVRUPA_OPSIYON;D_EQ;SSO;D_EQ_EPP;DE_ISCTR_EPP;ISCTR.E;2025-12-31;0.4;0.36;11.11;0;0;0;0;0;0;0;0;0;0;0;;;;;
2025-10-16;O_ISCTRE1225P12.00;ISCTR_12/2025_AVRUPA_OPSIYON;D_EQ;SSO;D_EQ_EPP;DE_ISCTR_EPP;ISCTR.E;2025-12-31;0.55;0.48;14.58;0;0;0;0;0;0;0;0;0;0;0;;;;;
2025-10-16;O_ISCTRE1225P12.50;ISCTR_12/2025_AVRUPA_OPSIYON;D_EQ;SSO;D_EQ_EPP;DE_ISCTR_EPP;ISCTR.E;2025-12-31;0.75;0.66;13.64;0;0;0;0;0;0;0;0;0;0;0;;;;;
2025-10-16;O_ISCTRE1225P13.00;ISCTR_12/2025_AVRUPA_OPSIYON;D_EQ;SSO;D_EQ_EPP;DE_ISCTR_EPP;ISCTR.E;2025-12-31;1;0.88;13.64;0;0;0;0;0;0;0;0;0;0;0;;;;;
2025-10-16;O_ISCTRE1225P13.50;ISCTR_12/2025_AVRUPA_OPSIYON;D_EQ;SSO;D_EQ_EPP;DE_ISCTR_EPP;ISCTR.E;2025-12-31;1.3;1.15;13.04;0;0;0;0;0;0;0;0;0;0;0;;;;;
2025-10-16;O_ISCTRE1225P14.00;ISCTR_12/2025_AVRUPA_OPSIYON;D_EQ;SSO;D_EQ_EPP;DE_ISCTR_EPP;ISCTR.E;2025-12-31;1.64;1.47;11.56;0;0;0;0;0;0;0;0;0;0;0;;;;;
2025-10-16;O_ISCTRE1225P14.50;ISCTR_12/2025_AVRUPA_OPSIYON;D_EQ;SSO;D_EQ_EPP;DE_ISCTR_EPP;ISCTR.E;2025-12-31;2;1.82;9.89;0;0;0;0;0;0;0;0;0;0;0;;;;;
2025-10-16;O_ISCTRE1225P15.00;ISCTR_12/2025_AVRUPA_OPSIYON;D_EQ;SSO;D_EQ_EPP;DE_ISCTR_EPP;ISCTR.E;2025-12-31;2.38;2.19;8.68;0;0;0;0;0;0;0;0;0;0;0;;;;;
2025-10-16;O_ISCTRE1225P15.50;ISCTR_12/2025_AVRUPA_OPSIYON;D_EQ;SSO;D_EQ_EPP;DE_ISCTR_EPP;ISCTR.E;2025-12-31;2.78;2.57;8.17;0;0;0;0;0;0;0;0;0;0;0;;;;;
2025-10-16;O_ISCTRE1225P16.00;ISCTR_12/2025_AVRUPA_OPSIYON;D_EQ;SSO;D_EQ_EPP;DE_ISCTR_EPP;ISCTR.E;2025-12-31;3.19;2.97;7.41;0;0;0;0;0;0;0;0;0;0;0;;;;;
2025-10-16;O_ISCTRE1225P16.50;ISCTR_12/2025_AVRUPA_OPSIYON;D_EQ;SSO;D_EQ_EPP;DE_ISCTR_EPP;ISCTR.E;2025-12-31;3.61;3.38;6.8;0;0;0;0;0;0;0;0;0;0;0;;;;;
2025-10-16;O_ISCTRE1225P9.80;ISCTR_12/2025_AVRUPA_OPSIYON;D_EQ;SSO;D_EQ_EPP;DE_ISCTR_EPP;ISCTR.E;2025-12-31;0.12;0.1;20;0;0;0;0;0;0;0;0;0;0;0;;;;;
2025-10-16;O_KCHOLE1025C155.00;KCHOL_10/2025_AVRUPA_OPSIYON;D_EQ;SSO;D_EQ_ECP;DE_KCHOL_ECP;KCHOL.E;2025-10-31;6.6;8.66;-23.79;0;0;0;0;0;0;0;0;0;0;0;;;;;
2025-10-16;O_KCHOLE1025C160.00;KCHOL_10/2025_AVRUPA_OPSIYON;D_EQ;SSO;D_EQ_ECP;DE_KCHOL_ECP;KCHOL.E;2025-10-31;4.04;5.66;-28.62;0;0;0;0;0;0;0;0;0;0;0;;;;;
2025-10-16;O_KCHOLE1025C165.00;KCHOL_10/2025_AVRUPA_OPSIYON;D_EQ;SSO;D_EQ_ECP;DE_KCHOL_ECP;KCHOL.E;2025-10-31;2.31;3.46;-33.24;0;0;0;0;0;0;0;0;0;160;0;;;;;
2025-10-16;O_KCHOLE1025C170.00;KCHOL_10/2025_AVRUPA_OPSIYON;D_EQ;SSO;D_EQ_ECP;DE_KCHOL_ECP;KCHOL.E;2025-10-31;1.27;1.99;-36.18;0;0;0;0;0;0;0;0;0;990;0;;;;;
2025-10-16;O_KCHOLE1025C175.00;KCHOL_10/2025_AVRUPA_OPSIYON;D_EQ;SSO;D_EQ_ECP;DE_KCHOL_ECP;KCHOL.E;2025-10-31;0.68;1.13;-39.82;0;0;0;0;0;0;0;0;0;1106;0;;;;;
2025-10-16;O_KCHOLE1025C180.00;KCHOL_10/2025_AVRUPA_OPSIYON;D_EQ;SSO;D_EQ_ECP;DE_KCHOL_ECP;KCHOL.E;2025-10-31;0.36;0.63;-42.86;0;0;0;0;0;0;0;0;0;838;0;;;;;
2025-10-16;O_KCHOLE1025C185.00;KCHOL_10/2025_AVRUPA_OPSIYON;D_EQ;SSO;D_EQ_ECP;DE_KCHOL_ECP;KCHOL.E;2025-10-31;0.18;0.34;-47.06;0;0;0;0;0;0;0;0;0;1299;0;;;;;
2025-10-16;O_KCHOLE1025C190.00;KCHOL_10/2025_AVRUPA_OPSIYON;D_EQ;SSO;D_EQ_ECP;DE_KCHOL_ECP;KCHOL.E;2025-10-31;0.09;0.18;-50;0;0;0;0;0;0;0;0;0;113;0;;;;;
2025-10-16;O_KCHOLE1025C195.00;KCHOL_10/2025_AVRUPA_OPSIYON;D_EQ;SSO;D_EQ_ECP;DE_KCHOL_ECP;KCHOL.E;2025-10-31;0.05;0.1;-50;0;0;0;0;0;0;0;0;0;2240;0;;;;;
2025-10-16;O_KCHOLE1025C200.00;KCHOL_10/2025_AVRUPA_OPSIYON;D_EQ;SSO;D_EQ_ECP;DE_KCHOL_ECP;KCHOL.E;2025-10-31;0.02;0.05;-60;0;0;0;0;0;0;0;0;0;4034;0;;;;;
2025-10-16;O_KCHOLE1025C205.00;KCHOL_10/2025_AVRUPA_OPSIYON;D_EQ;SSO;D_EQ_ECP;DE_KCHOL_ECP;KCHOL.E;2025-10-31;0.01;0.03;-66.67;0;0;0;0;0;0;0;0;0;2449;0;;;;;
2025-10-16;O_KCHOLE1025C210.00;KCHOL_10/2025_AVRUPA_OPSIYON;D_EQ;SSO;D_EQ_ECP;DE_KCHOL_ECP;KCHOL.E;2025-10-31;0.01;0.02;-50;0;0;0;0;0;0;0;0;0;581;0;;;;;
2025-10-16;O_KCHOLE1025C215.00;KCHOL_10/2025_AVRUPA_OPSIYON;D_EQ;SSO;D_EQ_ECP;DE_KCHOL_ECP;KCHOL.E;2025-10-31;0.01;0.01;0;0;0;0;0;0;0;0;0;0;60;0;;;;;
2025-10-16;O_KCHOLE1025C220.00;KCHOL_10/2025_AVRUPA_OPSIYON;D_EQ;SSO;D_EQ_ECP;DE_KCHOL_ECP;KCHOL.E;2025-10-31;0.01;0.01;0;0;0;0;0;0;0;0;0;0;0;0;;;;;
2025-10-16;O_KCHOLE1025C225.00;KCHOL_10/2025_AVRUPA_OPSIYON;D_EQ;SSO;D_EQ_ECP;DE_KCHOL_ECP;KCHOL.E;2025-10-31;0.01;0.01;0;0;0;0;0;0;0;0;0;0;0;0;;;;;
2025-10-16;O_KCHOLE1025C230.00;KCHOL_10/2025_AVRUPA_OPSIYON;D_EQ;SSO;D_EQ_ECP;DE_KCHOL_ECP;KCHOL.E;2025-10-31;0.01;0.01;0;0;0;0;0;0;0;0;0;0;0;0;;;;;
2025-10-16;O_KCHOLE1025C235.00;KCHOL_10/2025_AVRUPA_OPSIYON;D_EQ;SSO;D_EQ_ECP;DE_KCHOL_ECP;KCHOL.E;2025-10-31;0.01;0.01;0;0;0;0;0;0;0;0;0;0;0;0;;;;;
2025-10-16;O_KCHOLE1025P130.00;KCHOL_10/2025_AVRUPA_OPSIYON;D_EQ;SSO;D_EQ_EPP;DE_KCHOL_EPP;KCHOL.E;2025-10-31;0.04;0.03;33.33;0;0;0;0;0;0;0;0;0;0;0;;;;;
2025-10-16;O_KCHOLE1025P135.00;KCHOL_10/2025_AVRUPA_OPSIYON;D_EQ;SSO;D_EQ_EPP;DE_KCHOL_EPP;KCHOL.E;2025-10-31;0.12;0.09;33.33;0;0;0;0;0;0;0;0;0;0;0;;;;;
2025-10-16;O_KCHOLE1025P140.00;KCHOL_10/2025_AVRUPA_OPSIYON;D_EQ;SSO;D_EQ_EPP;DE_KCHOL_EPP;KCHOL.E;2025-10-31;0.32;0.24;33.33;0;0;0;0;0;0;0;0;0;0;0;;;;;
2025-10-16;O_KCHOLE1025P145.00;KCHOL_10/2025_AVRUPA_OPSIYON;D_EQ;SSO;D_EQ_EPP;DE_KCHOL_EPP;KCHOL.E;2025-10-31;0.77;0.57;35.09;0;0;0;0;0;0;0;0;0;0;0;;;;;
2025-10-16;O_KCHOLE1025P150.00;KCHOL_10/2025_AVRUPA_OPSIYON;D_EQ;SSO;D_EQ_EPP;DE_KCHOL_EPP;KCHOL.E;2025-10-31;1.63;1.22;33.61;1.51;1.5;1.51;1.5;1.5;4350000;43510;290;2;377;280;;;;;
2025-10-16;O_KCHOLE1025P155.00;KCHOL_10/2025_AVRUPA_OPSIYON;D_EQ;SSO;D_EQ_EPP;DE_KCHOL_EPP;KCHOL.E;2025-10-31;3.19;2.4;32.92;2.62;2.62;2.62;2.62;2.62;77500;1310;5;1;665;5;;;;;
2025-10-16;O_KCHOLE1025P160.00;KCHOL_10/2025_AVRUPA_OPSIYON;D_EQ;SSO;D_EQ_EPP;DE_KCHOL_EPP;KCHOL.E;2025-10-31;5.56;4.32;28.7;0;0;0;0;0;0;0;0;0;1066;0;;;;;
2025-10-16;O_KCHOLE1025P165.00;KCHOL_10/2025_AVRUPA_OPSIYON;D_EQ;SSO;D_EQ_EPP;DE_KCHOL_EPP;KCHOL.E;2025-10-31;8.75;7.04;24.29;0;0;0;0;0;0;0;0;0;512;0;;;;;
2025-10-16;O_KCHOLE1025P170.00;KCHOL_10/2025_AVRUPA_OPSIYON;D_EQ;SSO;D_EQ_EPP;DE_KCHOL_EPP;KCHOL.E;2025-10-31;12.63;10.48;20.52;0;0;0;0;0;0;0;0;0;795;0;;;;;
2025-10-16;O_KCHOLE1025P175.00;KCHOL_10/2025_AVRUPA_OPSIYON;D_EQ;SSO;D_EQ_EPP;DE_KCHOL_EPP;KCHOL.E;2025-10-31;16.97;14.54;16.71;0;0;0;0;0;0;0;0;0;1084;0;;;;;
2025-10-16;O_KCHOLE1025P180.00;KCHOL_10/2025_AVRUPA_OPSIYON;D_EQ;SSO;D_EQ_EPP;DE_KCHOL_EPP;KCHOL.E;2025-10-31;21.57;18.95;13.83;0;0;0;0;0;0;0;0;0;875;0;;;;;
2025-10-16;O_KCHOLE1025P185.00;KCHOL_10/2025_AVRUPA_OPSIYON;D_EQ;SSO;D_EQ_EPP;DE_KCHOL_EPP;KCHOL.E;2025-10-31;26.32;23.58;11.62;0;0;0;0;0;0;0;0;0;1729;0;;;;;
2025-10-16;O_KCHOLE1025P190.00;KCHOL_10/2025_AVRUPA_OPSIYON;D_EQ;SSO;D_EQ_EPP;DE_KCHOL_EPP;KCHOL.E;2025-10-31;31.15;28.34;9.92;0;0;0;0;0;0;0;0;0;43;0;;;;;
2025-10-16;O_KCHOLE1025P195.00;KCHOL_10/2025_AVRUPA_OPSIYON;D_EQ;SSO;D_EQ_EPP;DE_KCHOL_EPP;KCHOL.E;2025-10-31;36.03;33.18;8.59;0;0;0;0;0;0;0;0;0;106;0;;;;;
2025-10-16;O_KCHOLE1025P200.00;KCHOL_10/2025_AVRUPA_OPSIYON;D_EQ;SSO;D_EQ_EPP;DE_KCHOL_EPP;KCHOL.E;2025-10-31;40.93;38.05;7.57;0;0;0;0;0;0;0;0;0;0;0;;;;;
2025-10-16;O_KCHOLE1025P205.00;KCHOL_10/2025_AVRUPA_OPSIYON;D_EQ;SSO;D_EQ_EPP;DE_KCHOL_EPP;KCHOL.E;2025-10-31;45.84;42.94;6.75;0;0;0;0;0;0;0;0;0;250;0;;;;;
2025-10-16;O_KCHOLE1025P210.00;KCHOL_10/2025_AVRUPA_OPSIYON;D_EQ;SSO;D_EQ_EPP;DE_KCHOL_EPP;KCHOL.E;2025-10-31;50.75;47.85;6.06;0;0;0;0;0;0;0;0;0;40;0;;;;;
2025-10-16;O_KCHOLE1125C160.00;KCHOL_11/2025_AVRUPA_OPSIYON;D_EQ;SSO;D_EQ_ECP;DE_KCHOL_ECP;KCHOL.E;2025-11-28;9.55;11.41;-16.3;0;0;0;0;0;0;0;0;0;0;0;;;;;
2025-10-16;O_KCHOLE1125C165.00;KCHOL_11/2025_AVRUPA_OPSIYON;D_EQ;SSO;D_EQ_ECP;DE_KCHOL_ECP;KCHOL.E;2025-11-28;7.22;8.78;-17.77;0;0;0;0;0;0;0;0;0;0;0;;;;;
2025-10-16;O_KCHOLE1125C170.00;KCHOL_11/2025_AVRUPA_OPSIYON;D_EQ;SSO;D_EQ_ECP;DE_KCHOL_ECP;KCHOL.E;2025-11-28;5.37;6.66;-19.37;0;0;0;0;0;0;0;0;0;33;0;;;;;
2025-10-16;O_KCHOLE1125C175.00;KCHOL_11/2025_AVRUPA_OPSIYON;D_EQ;SSO;D_EQ_ECP;DE_KCHOL_ECP;KCHOL.E;2025-11-28;4.03;4.98;-19.08;0;0;0;0;0;0;0;0;0;33;0;;;;;
2025-10-16;O_KCHOLE1125C180.00;KCHOL_11/2025_AVRUPA_OPSIYON;D_EQ;SSO;D_EQ_ECP;DE_KCHOL_ECP;KCHOL.E;2025-11-28;3.04;3.8;-20;0;0;0;0;0;0;0;0;0;46;0;;;;;
2025-10-16;O_KCHOLE1125C185.00;KCHOL_11/2025_AVRUPA_OPSIYON;D_EQ;SSO;D_EQ_ECP;DE_KCHOL_ECP;KCHOL.E;2025-11-28;2.29;2.89;-20.76;0;0;0;0;0;0;0;0;0;3;0;;;;;
2025-10-16;O_KCHOLE1125C190.00;KCHOL_11/2025_AVRUPA_OPSIYON;D_EQ;SSO;D_EQ_ECP;DE_KCHOL_ECP;KCHOL.E;2025-11-28;1.73;2.2;-21.36;0;0;0;0;0;0;0;0;0;0;0;;;;;
2025-10-16;O_KCHOLE1125C195.00;KCHOL_11/2025_AVRUPA_OPSIYON;D_EQ;SSO;D_EQ_ECP;DE_KCHOL_ECP;KCHOL.E;2025-11-28;1.32;1.68;-21.43;0;0;0;0;0;0;0;0;0;0;0;;;;;
2025-10-16;O_KCHOLE1125C200.00;KCHOL_11/2025_AVRUPA_OPSIYON;D_EQ;SSO;D_EQ_ECP;DE_KCHOL_ECP;KCHOL.E;2025-11-28;1;1.29;-22.48;0;0;0;0;0;0;0;0;0;462;0;;;;;
2025-10-16;O_KCHOLE1125C205.00;KCHOL_11/2025_AVRUPA_OPSIYON;D_EQ;SSO;D_EQ_ECP;DE_KCHOL_ECP;KCHOL.E;2025-11-28;0.77;1;-23;0;0;0;0;0;0;0;0;0;50;0;;;;;
2025-10-16;O_KCHOLE1125C210.00;KCHOL_11/2025_AVRUPA_OPSIYON;D_EQ;SSO;D_EQ_ECP;DE_KCHOL_ECP;KCHOL.E;2025-11-28;0.6;0.78;-23.08;0;0;0;0;0;0;0;0;0;528;0;;;;;
2025-10-16;O_KCHOLE1125C215.00;KCHOL_11/2025_AVRUPA_OPSIYON;D_EQ;SSO;D_EQ_ECP;DE_KCHOL_ECP;KCHOL.E;2025-11-28;0.47;0.61;-22.95;0;0;0;0;0;0;0;0;0;137;0;;;;;
2025-10-16;O_KCHOLE1125C220.00;KCHOL_11/2025_AVRUPA_OPSIYON;D_EQ;SSO;D_EQ_ECP;DE_KCHOL_ECP;KCHOL.E;2025-11-28;0.37;0.48;-22.92;0;0;0;0;0;0;0;0;0;50;0;;;;;
2025-10-16;O_KCHOLE1125C225.00;KCHOL_11/2025_AVRUPA_OPSIYON;D_EQ;SSO;D_EQ_ECP;DE_KCHOL_ECP;KCHOL.E;2025-11-28;0.29;0.38;-23.68;0;0;0;0;0;0;0;0;0;0;0;;;;;
2025-10-16;O_KCHOLE1125C230.00;KCHOL_11/2025_AVRUPA_OPSIYON;D_EQ;SSO;D_EQ_ECP;DE_KCHOL_ECP;KCHOL.E;2025-11-28;0.24;0.31;-22.58;0;0;0;0;0;0;0;0;0;0;0;;;;;
2025-10-16;O_KCHOLE1125P135.00;KCHOL_11/2025_AVRUPA_OPSIYON;D_EQ;SSO;D_EQ_EPP;DE_KCHOL_EPP;KCHOL.E;2025-11-28;0.88;0.73;20.55;1;1;1.05;1.05;1.04;783000;6050;58;3;58;58;;;;;
2025-10-16;O_KCHOLE1125P140.00;KCHOL_11/2025_AVRUPA_OPSIYON;D_EQ;SSO;D_EQ_EPP;DE_KCHOL_EPP;KCHOL.E;2025-11-28;1.4;1.17;19.66;0;0;0;0;0;0;0;0;0;6;0;;;;;
2025-10-16;O_KCHOLE1125P145.00;KCHOL_11/2025_AVRUPA_OPSIYON;D_EQ;SSO;D_EQ_EPP;DE_KCHOL_EPP;KCHOL.E;2025-11-28;2.15;1.81;18.78;0;0;0;0;0;0;0;0;0;26;0;;;;;
2025-10-16;O_KCHOLE1125P150.00;KCHOL_11/2025_AVRUPA_OPSIYON;D_EQ;SSO;D_EQ_EPP;DE_KCHOL_EPP;KCHOL.E;2025-11-28;3.19;2.7;18.15;3.65;3.65;3.85;3.85;3.75;2745000;68705;183;7;499;183;;;;;
2025-10-16;O_KCHOLE1125P155.00;KCHOL_11/2025_AVRUPA_OPSIYON;D_EQ;SSO;D_EQ_EPP;DE_KCHOL_EPP;KCHOL.E;2025-11-28;4.59;3.91;17.39;0;0;0;0;0;0;0;0;0;2007;0;;;;;
2025-10-16;O_KCHOLE1125P160.00;KCHOL_11/2025_AVRUPA_OPSIYON;D_EQ;SSO;D_EQ_EPP;DE_KCHOL_EPP;KCHOL.E;2025-11-28;6.55;5.54;18.23;0;0;0;0;0;0;0;0;0;5131;0;;;;;
2025-10-16;O_KCHOLE1125P165.00;KCHOL_11/2025_AVRUPA_OPSIYON;D_EQ;SSO;D_EQ_EPP;DE_KCHOL_EPP;KCHOL.E;2025-11-28;8.99;7.69;16.91;0;0;0;0;0;0;0;0;0;208;0;;;;;
2025-10-16;O_KCHOLE1125P170.00;KCHOL_11/2025_AVRUPA_OPSIYON;D_EQ;SSO;D_EQ_EPP;DE_KCHOL_EPP;KCHOL.E;2025-11-28;11.93;10.35;15.27;0;0;0;0;0;0;0;0;0;501;0;;;;;
2025-10-16;O_KCHOLE1125P175.00;KCHOL_11/2025_AVRUPA_OPSIYON;D_EQ;SSO;D_EQ_EPP;DE_KCHOL_EPP;KCHOL.E;2025-11-28;15.37;13.45;14.28;0;0;0;0;0;0;0;0;0;205;0;;;;;
2025-10-16;O_KCHOLE1125P180.00;KCHOL_11/2025_AVRUPA_OPSIYON;D_EQ;SSO;D_EQ_EPP;DE_KCHOL_EPP;KCHOL.E;2025-11-28;19.16;17.04;12.44;0;0;0;0;0;0;0;0;0;198;0;;;;;
2025-10-16;O_KCHOLE1125P185.00;KCHOL_11/2025_AVRUPA_OPSIYON;D_EQ;SSO;D_EQ_EPP;DE_KCHOL_EPP;KCHOL.E;2025-11-28;23.19;20.91;10.9;0;0;0;0;0;0;0;0;0;33;0;;;;;
2025-10-16;O_KCHOLE1125P190.00;KCHOL_11/2025_AVRUPA_OPSIYON;D_EQ;SSO;D_EQ_EPP;DE_KCHOL_EPP;KCHOL.E;2025-11-28;27.41;25;9.64;0;0;0;0;0;0;0;0;0;0;0;;;;;
2025-10-16;O_KCHOLE1125P195.00;KCHOL_11/2025_AVRUPA_OPSIYON;D_EQ;SSO;D_EQ_EPP;DE_KCHOL_EPP;KCHOL.E;2025-11-28;31.78;29.25;8.65;0;0;0;0;0;0;0;0;0;0;0;;;;;
2025-10-16;O_KCHOLE1125P200.00;KCHOL_11/2025_AVRUPA_OPSIYON;D_EQ;SSO;D_EQ_EPP;DE_KCHOL_EPP;KCHOL.E;2025-11-28;36.25;33.64;7.76;0;0;0;0;0;0;0;0;0;0;0;;;;;
2025-10-16;O_KCHOLE1125P205.00;KCHOL_11/2025_AVRUPA_OPSIYON;D_EQ;SSO;D_EQ_EPP;DE_KCHOL_EPP;KCHOL.E;2025-11-28;40.8;38.12;7.03;0;0;0;0;0;0;0;0;0;0;0;;;;;
2025-10-16;O_KCHOLE1225C165.00;KCHOL_12/2025_AVRUPA_OPSIYON;D_EQ;SSO;D_EQ_ECP;DE_KCHOL_ECP;KCHOL.E;2025-12-31;13.79;15.74;-12.39;0;0;0;0;0;0;0;0;0;0;0;;;;;
2025-10-16;O_KCHOLE1225C170.00;KCHOL_12/2025_AVRUPA_OPSIYON;D_EQ;SSO;D_EQ_ECP;DE_KCHOL_ECP;KCHOL.E;2025-12-31;11.39;13.13;-13.25;0;0;0;0;0;0;0;0;0;0;0;;;;;
2025-10-16;O_KCHOLE1225C175.00;KCHOL_12/2025_AVRUPA_OPSIYON;D_EQ;SSO;D_EQ_ECP;DE_KCHOL_ECP;KCHOL.E;2025-12-31;9.37;10.88;-13.88;0;0;0;0;0;0;0;0;0;0;0;;;;;
2025-10-16;O_KCHOLE1225C180.00;KCHOL_12/2025_AVRUPA_OPSIYON;D_EQ;SSO;D_EQ_ECP;DE_KCHOL_ECP;KCHOL.E;2025-12-31;7.76;8.97;-13.49;0;0;0;0;0;0;0;0;0;0;0;;;;;
2025-10-16;O_KCHOLE1225C185.00;KCHOL_12/2025_AVRUPA_OPSIYON;D_EQ;SSO;D_EQ_ECP;DE_KCHOL_ECP;KCHOL.E;2025-12-31;6.51;7.53;-13.55;0;0;0;0;0;0;0;0;0;0;0;;;;;
2025-10-16;O_KCHOLE1225C190.00;KCHOL_12/2025_AVRUPA_OPSIYON;D_EQ;SSO;D_EQ_ECP;DE_KCHOL_ECP;KCHOL.E;2025-12-31;5.47;6.34;-13.72;0;0;0;0;0;0;0;0;0;0;0;;;;;
2025-10-16;O_KCHOLE1225C195.00;KCHOL_12/2025_AVRUPA_OPSIYON;D_EQ;SSO;D_EQ_ECP;DE_KCHOL_ECP;KCHOL.E;2025-12-31;4.61;5.36;-13.99;0;0;0;0;0;0;0;0;0;0;0;;;;;
2025-10-16;O_KCHOLE1225C200.00;KCHOL_12/2025_AVRUPA_OPSIYON;D_EQ;SSO;D_EQ_ECP;DE_KCHOL_ECP;KCHOL.E;2025-12-31;3.9;4.54;-14.1;0;0;0;0;0;0;0;0;0;0;0;;;;;
2025-10-16;O_KCHOLE1225C205.00;KCHOL_12/2025_AVRUPA_OPSIYON;D_EQ;SSO;D_EQ_ECP;DE_KCHOL_ECP;KCHOL.E;2025-12-31;3.32;3.87;-14.21;0;0;0;0;0;0;0;0;0;0;0;;;;;
2025-10-16;O_KCHOLE1225C210.00;KCHOL_12/2025_AVRUPA_OPSIYON;D_EQ;SSO;D_EQ_ECP;DE_KCHOL_ECP;KCHOL.E;2025-12-31;2.84;3.31;-14.2;0;0;0;0;0;0;0;0;0;0;0;;;;;
2025-10-16;O_KCHOLE1225C215.00;KCHOL_12/2025_AVRUPA_OPSIYON;D_EQ;SSO;D_EQ_ECP;DE_KCHOL_ECP;KCHOL.E;2025-12-31;2.44;2.84;-14.08;0;0;0;0;0;0;0;0;0;0;0;;;;;
2025-10-16;O_KCHOLE1225C220.00;KCHOL_12/2025_AVRUPA_OPSIYON;D_EQ;SSO;D_EQ_ECP;DE_KCHOL_ECP;KCHOL.E;2025-12-31;2.11;2.46;-14.23;0;0;0;0;0;0;0;0;0;13000;0;;;;;
2025-10-16;O_KCHOLE1225P140.00;KCHOL_12/2025_AVRUPA_OPSIYON;D_EQ;SSO;D_EQ_EPP;DE_KCHOL_EPP;KCHOL.E;2025-12-31;1.92;1.69;13.61;0;0;0;0;0;0;0;0;0;0;0;;;;;
2025-10-16;O_KCHOLE1225P145.00;KCHOL_12/2025_AVRUPA_OPSIYON;D_EQ;SSO;D_EQ_EPP;DE_KCHOL_EPP;KCHOL.E;2025-12-31;2.62;2.31;13.42;0;0;0;0;0;0;0;0;0;0;0;;;;;
2025-10-16;O_KCHOLE1225P150.00;KCHOL_12/2025_AVRUPA_OPSIYON;D_EQ;SSO;D_EQ_EPP;DE_KCHOL_EPP;KCHOL.E;2025-12-31;3.5;3.09;13.27;0;0;0;0;0;0;0;0;0;0;0;;;;;
2025-10-16;O_KCHOLE1225P155.00;KCHOL_12/2025_AVRUPA_OPSIYON;D_EQ;SSO;D_EQ_EPP;DE_KCHOL_EPP;KCHOL.E;2025-12-31;4.59;4.07;12.78;0;0;0;0;0;0;0;0;0;0;0;;;;;
2025-10-16;O_KCHOLE1225P160.00;KCHOL_12/2025_AVRUPA_OPSIYON;D_EQ;SSO;D_EQ_EPP;DE_KCHOL_EPP;KCHOL.E;2025-12-31;5.93;5.27;12.52;0;0;0;0;0;0;0;0;0;0;0;;;;;
2025-10-16;O_KCHOLE1225P165.00;KCHOL_12/2025_AVRUPA_OPSIYON;D_EQ;SSO;D_EQ_EPP;DE_KCHOL_EPP;KCHOL.E;2025-12-31;7.72;6.78;13.86;0;0;0;0;0;0;0;0;0;0;0;;;;;
2025-10-16;O_KCHOLE1225P170.00;KCHOL_12/2025_AVRUPA_OPSIYON;D_EQ;SSO;D_EQ_EPP;DE_KCHOL_EPP;KCHOL.E;2025-12-31;9.86;8.7;13.33;0;0;0;0;0;0;0;0;0;0;0;;;;;
2025-10-16;O_KCHOLE1225P175.00;KCHOL_12/2025_AVRUPA_OPSIYON;D_EQ;SSO;D_EQ_EPP;DE_KCHOL_EPP;KCHOL.E;2025-12-31;12.39;11;12.64;0;0;0;0;0;0;0;0;0;0;0;;;;;
2025-10-16;O_KCHOLE1225P180.00;KCHOL_12/2025_AVRUPA_OPSIYON;D_EQ;SSO;D_EQ_EPP;DE_KCHOL_EPP;KCHOL.E;2025-12-31;15.32;13.63;12.4;0;0;0;0;0;0;0;0;0;0;0;;;;;
2025-10-16;O_KCHOLE1225P185.00;KCHOL_12/2025_AVRUPA_OPSIYON;D_EQ;SSO;D_EQ_EPP;DE_KCHOL_EPP;KCHOL.E;2025-12-31;18.61;16.72;11.3;0;0;0;0;0;0;0;0;0;0;0;;;;;
2025-10-16;O_KCHOLE1225P190.00;KCHOL_12/2025_AVRUPA_OPSIYON;D_EQ;SSO;D_EQ_EPP;DE_KCHOL_EPP;KCHOL.E;2025-12-31;22.11;20.07;10.16;0;0;0;0;0;0;0;0;0;0;0;;;;;
2025-10-16;O_KCHOLE1225P195.00;KCHOL_12/2025_AVRUPA_OPSIYON;D_EQ;SSO;D_EQ_EPP;DE_KCHOL_EPP;KCHOL.E;2025-12-31;25.8;23.63;9.18;0;0;0;0;0;0;0;0;0;0;0;;;;;
2025-10-16;O_KRDMDE1025C24.00;KRDMD_10/2025_AVRUPA_OPSIYON;D_EQ;SSO;D_EQ_ECP;DE_KRDMD_ECP;KRDMD.E;2025-10-31;1.6;1.99;-19.6;2.05;2.04;2.05;2.04;2.04;703200;59872;293;3;293;293;;;;;
2025-10-16;O_KRDMDE1025C24.50;KRDMD_10/2025_AVRUPA_OPSIYON;D_EQ;SSO;D_EQ_ECP;DE_KRDMD_ECP;KRDMD.E;2025-10-31;1.27;1.62;-21.6;1.67;1.67;1.68;1.68;1.68;717850;49124;293;3;293;293;;;;;
2025-10-16;O_KRDMDE1025C25.00;KRDMD_10/2025_AVRUPA_OPSIYON;D_EQ;SSO;D_EQ_ECP;DE_KRDMD_ECP;KRDMD.E;2025-10-31;0.98;1.29;-24.03;1.29;1.29;1.29;1.29;1.29;732500;37797;293;3;300;293;;;;;
2025-10-16;O_KRDMDE1025C26.00;KRDMD_10/2025_AVRUPA_OPSIYON;D_EQ;SSO;D_EQ_ECP;DE_KRDMD_ECP;KRDMD.E;2025-10-31;0.54;0.77;-29.87;0.75;0.75;0.75;0.75;0.75;260000;7500;100;1;711;100;;;;;
2025-10-16;O_KRDMDE1025C27.00;KRDMD_10/2025_AVRUPA_OPSIYON;D_EQ;SSO;D_EQ_ECP;DE_KRDMD_ECP;KRDMD.E;2025-10-31;0.27;0.42;-35.71;0;0;0;0;0;0;0;0;0;789;0;;;;;
2025-10-16;O_KRDMDE1025C28.00;KRDMD_10/2025_AVRUPA_OPSIYON;D_EQ;SSO;D_EQ_ECP;DE_KRDMD_ECP;KRDMD.E;2025-10-31;0.13;0.21;-38.1;0;0;0;0;0;0;0;0;0;383;0;;;;;
2025-10-16;O_KRDMDE1025C29.00;KRDMD_10/2025_AVRUPA_OPSIYON;D_EQ;SSO;D_EQ_ECP;DE_KRDMD_ECP;KRDMD.E;2025-10-31;0.06;0.1;-40;0;0;0;0;0;0;0;0;0;292;0;;;;;
2025-10-16;O_KRDMDE1025C30.00;KRDMD_10/2025_AVRUPA_OPSIYON;D_EQ;SSO;D_EQ_ECP;DE_KRDMD_ECP;KRDMD.E;2025-10-31;0.02;0.05;-60;0;0;0;0;0;0;0;0;0;100;0;;;;;
2025-10-16;O_KRDMDE1025C31.00;KRDMD_10/2025_AVRUPA_OPSIYON;D_EQ;SSO;D_EQ_ECP;DE_KRDMD_ECP;KRDMD.E;2025-10-31;0.01;0.02;-50;0;0;0;0;0;0;0;0;0;0;0;;;;;
2025-10-16;O_KRDMDE1025C32.00;KRDMD_10/2025_AVRUPA_OPSIYON;D_EQ;SSO;D_EQ_ECP;DE_KRDMD_ECP;KRDMD.E;2025-10-31;0.01;0.01;0;0;0;0;0;0;0;0;0;0;0;0;;;;;
2025-10-16;O_KRDMDE1025C33.00;KRDMD_10/2025_AVRUPA_OPSIYON;D_EQ;SSO;D_EQ_ECP;DE_KRDMD_ECP;KRDMD.E;2025-10-31;0.01;0.01;0;0;0;0;0;0;0;0;0;0;0;0;;;;;
2025-10-16;O_KRDMDE1025C34.00;KRDMD_10/2025_AVRUPA_OPSIYON;D_EQ;SSO;D_EQ_ECP;DE_KRDMD_ECP;KRDMD.E;2025-10-31;0.01;0.01;0;0;0;0;0;0;0;0;0;0;0;0;;;;;
2025-10-16;O_KRDMDE1025C35.00;KRDMD_10/2025_AVRUPA_OPSIYON;D_EQ;SSO;D_EQ_ECP;DE_KRDMD_ECP;KRDMD.E;2025-10-31;0.01;0.01;0;0;0;0;0;0;0;0;0;0;0;0;;;;;
2025-10-16;O_KRDMDE1025C36.00;KRDMD_10/2025_AVRUPA_OPSIYON;D_EQ;SSO;D_EQ_ECP;DE_KRDMD_ECP;KRDMD.E;2025-10-31;0.01;0.01;0;0;0;0;0;0;0;0;0;0;5;0;;;;;
2025-10-16;O_KRDMDE1025C37.00;KRDMD_10/2025_AVRUPA_OPSIYON;D_EQ;SSO;D_EQ_ECP;DE_KRDMD_ECP;KRDMD.E;2025-10-31;0.01;0.01;0;0;0;0;0;0;0;0;0;0;0;0;;;;;
2025-10-16;O_KRDMDE1025C38.00;KRDMD_10/2025_AVRUPA_OPSIYON;D_EQ;SSO;D_EQ_ECP;DE_KRDMD_ECP;KRDMD.E;2025-10-31;0.01;0.01;0;0;0;0;0;0;0;0;0;0;0;0;;;;;
2025-10-16;O_KRDMDE1025C39.00;KRDMD_10/2025_AVRUPA_OPSIYON;D_EQ;SSO;D_EQ_ECP;DE_KRDMD_ECP;KRDMD.E;2025-10-31;0.01;0.01;0;0;0;0;0;0;0;0;0;0;0;0;;;;;
2025-10-16;O_KRDMDE1025P21.50;KRDMD_10/2025_AVRUPA_OPSIYON;D_EQ;SSO;D_EQ_EPP;DE_KRDMD_EPP;KRDMD.E;2025-10-31;0.02;0.02;0;0;0;0;0;0;0;0;0;0;0;0;;;;;
2025-10-16;O_KRDMDE1025P22.00;KRDMD_10/2025_AVRUPA_OPSIYON;D_EQ;SSO;D_EQ_EPP;DE_KRDMD_EPP;KRDMD.E;2025-10-31;0.04;0.03;33.33;0;0;0;0;0;0;0;0;0;0;0;;;;;
2025-10-16;O_KRDMDE1025P22.50;KRDMD_10/2025_AVRUPA_OPSIYON;D_EQ;SSO;D_EQ_EPP;DE_KRDMD_EPP;KRDMD.E;2025-10-31;0.08;0.06;33.33;0;0;0;0;0;0;0;0;0;0;0;;;;;
2025-10-16;O_KRDMDE1025P23.00;KRDMD_10/2025_AVRUPA_OPSIYON;D_EQ;SSO;D_EQ_EPP;DE_KRDMD_EPP;KRDMD.E;2025-10-31;0.13;0.1;30;0;0;0;0;0;0;0;0;0;100;0;;;;;
2025-10-16;O_KRDMDE1025P23.50;KRDMD_10/2025_AVRUPA_OPSIYON;D_EQ;SSO;D_EQ_EPP;DE_KRDMD_EPP;KRDMD.E;2025-10-31;0.22;0.16;37.5;0;0;0;0;0;0;0;0;0;0;0;;;;;
2025-10-16;O_KRDMDE1025P24.00;KRDMD_10/2025_AVRUPA_OPSIYON;D_EQ;SSO;D_EQ_EPP;DE_KRDMD_EPP;KRDMD.E;2025-10-31;0.33;0.25;32;0;0;0;0;0;0;0;0;0;0;0;;;;;
2025-10-16;O_KRDMDE1025P24.50;KRDMD_10/2025_AVRUPA_OPSIYON;D_EQ;SSO;D_EQ_EPP;DE_KRDMD_EPP;KRDMD.E;2025-10-31;0.49;0.37;32.43;0;0;0;0;0;0;0;0;0;203;0;;;;;
2025-10-16;O_KRDMDE1025P25.00;KRDMD_10/2025_AVRUPA_OPSIYON;D_EQ;SSO;D_EQ_EPP;DE_KRDMD_EPP;KRDMD.E;2025-10-31;0.69;0.54;27.78;0.52;0.52;0.53;0.53;0.53;732500;15429;293;3;902;293;;;;;
2025-10-16;O_KRDMDE1025P26.00;KRDMD_10/2025_AVRUPA_OPSIYON;D_EQ;SSO;D_EQ_EPP;DE_KRDMD_EPP;KRDMD.E;2025-10-31;1.24;1;24;0.96;0.95;1.06;1.05;0.98;3283800;123994;1263;7;3448;786;;;;;
2025-10-16;O_KRDMDE1025P27.00;KRDMD_10/2025_AVRUPA_OPSIYON;D_EQ;SSO;D_EQ_EPP;DE_KRDMD_EPP;KRDMD.E;2025-10-31;1.96;1.63;20.25;1.7;1.7;1.7;1.7;1.7;791100;49810;293;3;1566;293;;;;;
2025-10-16;O_KRDMDE1025P28.00;KRDMD_10/2025_AVRUPA_OPSIYON;D_EQ;SSO;D_EQ_EPP;DE_KRDMD_EPP;KRDMD.E;2025-10-31;2.8;2.41;16.18;0;0;0;0;0;0;0;0;0;116;0;;;;;
2025-10-16;O_KRDMDE1025P29.00;KRDMD_10/2025_AVRUPA_OPSIYON;D_EQ;SSO;D_EQ_EPP;DE_KRDMD_EPP;KRDMD.E;2025-10-31;3.71;3.28;13.11;0;0;0;0;0;0;0;0;0;295;0;;;;;
2025-10-16;O_KRDMDE1025P30.00;KRDMD_10/2025_AVRUPA_OPSIYON;D_EQ;SSO;D_EQ_EPP;DE_KRDMD_EPP;KRDMD.E;2025-10-31;4.66;4.21;10.69;0;0;0;0;0;0;0;0;0;643;0;;;;;
2025-10-16;O_KRDMDE1025P31.00;KRDMD_10/2025_AVRUPA_OPSIYON;D_EQ;SSO;D_EQ_EPP;DE_KRDMD_EPP;KRDMD.E;2025-10-31;5.63;5.17;8.9;0;0;0;0;0;0;0;0;0;278;0;;;;;
2025-10-16;O_KRDMDE1025P32.00;KRDMD_10/2025_AVRUPA_OPSIYON;D_EQ;SSO;D_EQ_EPP;DE_KRDMD_EPP;KRDMD.E;2025-10-31;6.61;6.14;7.65;0;0;0;0;0;0;0;0;0;644;0;;;;;
2025-10-16;O_KRDMDE1025P33.00;KRDMD_10/2025_AVRUPA_OPSIYON;D_EQ;SSO;D_EQ_EPP;DE_KRDMD_EPP;KRDMD.E;2025-10-31;7.59;7.12;6.6;0;0;0;0;0;0;0;0;0;0;0;;;;;
2025-10-16;O_KRDMDE1025P34.00;KRDMD_10/2025_AVRUPA_OPSIYON;D_EQ;SSO;D_EQ_EPP;DE_KRDMD_EPP;KRDMD.E;2025-10-31;8.57;8.1;5.8;0;0;0;0;0;0;0;0;0;0;0;;;;;
2025-10-16;O_KRDMDE1125C24.50;KRDMD_11/2025_AVRUPA_OPSIYON;D_EQ;SSO;D_EQ_ECP;DE_KRDMD_ECP;KRDMD.E;2025-11-28;2.24;2.59;-13.51;0;0;0;0;0;0;0;0;0;80;0;;;;;
2025-10-16;O_KRDMDE1125C25.00;KRDMD_11/2025_AVRUPA_OPSIYON;D_EQ;SSO;D_EQ_ECP;DE_KRDMD_ECP;KRDMD.E;2025-11-28;1.94;2.26;-14.16;0;0;0;0;0;0;0;0;0;40;0;;;;;
2025-10-16;O_KRDMDE1125C26.00;KRDMD_11/2025_AVRUPA_OPSIYON;D_EQ;SSO;D_EQ_ECP;DE_KRDMD_ECP;KRDMD.E;2025-11-28;1.43;1.7;-15.88;0;0;0;0;0;0;0;0;0;20;0;;;;;
2025-10-16;O_KRDMDE1125C27.00;KRDMD_11/2025_AVRUPA_OPSIYON;D_EQ;SSO;D_EQ_ECP;DE_KRDMD_ECP;KRDMD.E;2025-11-28;1.03;1.25;-17.6;0;0;0;0;0;0;0;0;0;208;0;;;;;
2025-10-16;O_KRDMDE1125C28.00;KRDMD_11/2025_AVRUPA_OPSIYON;D_EQ;SSO;D_EQ_ECP;DE_KRDMD_ECP;KRDMD.E;2025-11-28;0.73;0.9;-18.89;0;0;0;0;0;0;0;0;0;0;0;;;;;
2025-10-16;O_KRDMDE1125C29.00;KRDMD_11/2025_AVRUPA_OPSIYON;D_EQ;SSO;D_EQ_ECP;DE_KRDMD_ECP;KRDMD.E;2025-11-28;0.51;0.64;-20.31;0;0;0;0;0;0;0;0;0;0;0;;;;;
2025-10-16;O_KRDMDE1125C30.00;KRDMD_11/2025_AVRUPA_OPSIYON;D_EQ;SSO;D_EQ_ECP;DE_KRDMD_ECP;KRDMD.E;2025-11-28;0.35;0.45;-22.22;0;0;0;0;0;0;0;0;0;10;0;;;;;
2025-10-16;O_KRDMDE1125C31.00;KRDMD_11/2025_AVRUPA_OPSIYON;D_EQ;SSO;D_EQ_ECP;DE_KRDMD_ECP;KRDMD.E;2025-11-28;0.24;0.31;-22.58;0;0;0;0;0;0;0;0;0;4;0;;;;;
2025-10-16;O_KRDMDE1125C32.00;KRDMD_11/2025_AVRUPA_OPSIYON;D_EQ;SSO;D_EQ_ECP;DE_KRDMD_ECP;KRDMD.E;2025-11-28;0.16;0.22;-27.27;0;0;0;0;0;0;0;0;0;160;0;;;;;
2025-10-16;O_KRDMDE1125C33.00;KRDMD_11/2025_AVRUPA_OPSIYON;D_EQ;SSO;D_EQ_ECP;DE_KRDMD_ECP;KRDMD.E;2025-11-28;0.11;0.15;-26.67;0;0;0;0;0;0;0;0;0;0;0;;;;;
2025-10-16;O_KRDMDE1125C34.00;KRDMD_11/2025_AVRUPA_OPSIYON;D_EQ;SSO;D_EQ_ECP;DE_KRDMD_ECP;KRDMD.E;2025-11-28;0.07;0.1;-30;0;0;0;0;0;0;0;0;0;50;0;;;;;
2025-10-16;O_KRDMDE1125C35.00;KRDMD_11/2025_AVRUPA_OPSIYON;D_EQ;SSO;D_EQ_ECP;DE_KRDMD_ECP;KRDMD.E;2025-11-28;0.05;0.07;-28.57;0;0;0;0;0;0;0;0;0;0;0;;;;;
2025-10-16;O_KRDMDE1125C36.00;KRDMD_11/2025_AVRUPA_OPSIYON;D_EQ;SSO;D_EQ_ECP;DE_KRDMD_ECP;KRDMD.E;2025-11-28;0.03;0.05;-40;0;0;0;0;0;0;0;0;0;0;0;;;;;
2025-10-16;O_KRDMDE1125C37.00;KRDMD_11/2025_AVRUPA_OPSIYON;D_EQ;SSO;D_EQ_ECP;DE_KRDMD_ECP;KRDMD.E;2025-11-28;0.02;0.03;-33.33;0;0;0;0;0;0;0;0;0;40;0;;;;;
2025-10-16;O_KRDMDE1125C38.00;KRDMD_11/2025_AVRUPA_OPSIYON;D_EQ;SSO;D_EQ_ECP;DE_KRDMD_ECP;KRDMD.E;2025-11-28;0.02;0.02;0;0;0;0;0;0;0;0;0;0;203;0;;;;;
2025-10-16;O_KRDMDE1125P22.00;KRDMD_11/2025_AVRUPA_OPSIYON;D_EQ;SSO;D_EQ_EPP;DE_KRDMD_EPP;KRDMD.E;2025-11-28;0.21;0.17;23.53;0.23;0.23;0.3;0.3;0.29;418000;5420;190;2;190;190;;;;;
2025-10-16;O_KRDMDE1125P22.50;KRDMD_11/2025_AVRUPA_OPSIYON;D_EQ;SSO;D_EQ_EPP;DE_KRDMD_EPP;KRDMD.E;2025-11-28;0.28;0.23;21.74;0;0;0;0;0;0;0;0;0;0;0;;;;;
2025-10-16;O_KRDMDE1125P23.00;KRDMD_11/2025_AVRUPA_OPSIYON;D_EQ;SSO;D_EQ_EPP;DE_KRDMD_EPP;KRDMD.E;2025-11-28;0.37;0.31;19.35;0;0;0;0;0;0;0;0;0;0;0;;;;;
2025-10-16;O_KRDMDE1125P23.50;KRDMD_11/2025_AVRUPA_OPSIYON;D_EQ;SSO;D_EQ_EPP;DE_KRDMD_EPP;KRDMD.E;2025-11-28;0.48;0.4;20;0;0;0;0;0;0;0;0;0;112;0;;;;;
2025-10-16;O_KRDMDE1125P24.00;KRDMD_11/2025_AVRUPA_OPSIYON;D_EQ;SSO;D_EQ_EPP;DE_KRDMD_EPP;KRDMD.E;2025-11-28;0.61;0.52;17.31;0;0;0;0;0;0;0;0;0;0;0;;;;;
2025-10-16;O_KRDMDE1125P24.50;KRDMD_11/2025_AVRUPA_OPSIYON;D_EQ;SSO;D_EQ_EPP;DE_KRDMD_EPP;KRDMD.E;2025-11-28;0.76;0.65;16.92;0;0;0;0;0;0;0;0;0;0;0;;;;;
2025-10-16;O_KRDMDE1125P25.00;KRDMD_11/2025_AVRUPA_OPSIYON;D_EQ;SSO;D_EQ_EPP;DE_KRDMD_EPP;KRDMD.E;2025-11-28;0.94;0.81;16.05;0;0;0;0;0;0;0;0;0;0;0;;;;;
2025-10-16;O_KRDMDE1125P26.00;KRDMD_11/2025_AVRUPA_OPSIYON;D_EQ;SSO;D_EQ_EPP;DE_KRDMD_EPP;KRDMD.E;2025-11-28;1.39;1.2;15.83;0;0;0;0;0;0;0;0;0;0;0;;;;;
2025-10-16;O_KRDMDE1125P27.00;KRDMD_11/2025_AVRUPA_OPSIYON;D_EQ;SSO;D_EQ_EPP;DE_KRDMD_EPP;KRDMD.E;2025-11-28;1.94;1.7;14.12;0;0;0;0;0;0;0;0;0;0;0;;;;;
2025-10-16;O_KRDMDE1125P28.00;KRDMD_11/2025_AVRUPA_OPSIYON;D_EQ;SSO;D_EQ_EPP;DE_KRDMD_EPP;KRDMD.E;2025-11-28;2.6;2.31;12.55;0;0;0;0;0;0;0;0;0;0;0;;;;;
2025-10-16;O_KRDMDE1125P29.00;KRDMD_11/2025_AVRUPA_OPSIYON;D_EQ;SSO;D_EQ_EPP;DE_KRDMD_EPP;KRDMD.E;2025-11-28;3.34;3;11.33;0;0;0;0;0;0;0;0;0;0;0;;;;;
2025-10-16;O_KRDMDE1125P30.00;KRDMD_11/2025_AVRUPA_OPSIYON;D_EQ;SSO;D_EQ_EPP;DE_KRDMD_EPP;KRDMD.E;2025-11-28;4.14;3.77;9.81;0;0;0;0;0;0;0;0;0;0;0;;;;;
2025-10-16;O_KRDMDE1125P31.00;KRDMD_11/2025_AVRUPA_OPSIYON;D_EQ;SSO;D_EQ_EPP;DE_KRDMD_EPP;KRDMD.E;2025-11-28;4.98;4.59;8.5;0;0;0;0;0;0;0;0;0;0;0;;;;;
2025-10-16;O_KRDMDE1125P32.00;KRDMD_11/2025_AVRUPA_OPSIYON;D_EQ;SSO;D_EQ_EPP;DE_KRDMD_EPP;KRDMD.E;2025-11-28;5.86;5.44;7.72;0;0;0;0;0;0;0;0;0;200;0;;;;;
2025-10-16;O_KRDMDE1125P33.00;KRDMD_11/2025_AVRUPA_OPSIYON;D_EQ;SSO;D_EQ_EPP;DE_KRDMD_EPP;KRDMD.E;2025-11-28;6.76;6.33;6.79;0;0;0;0;0;0;0;0;0;0;0;;;;;
2025-10-16;O_KRDMDE1225C25.00;KRDMD_12/2025_AVRUPA_OPSIYON;D_EQ;SSO;D_EQ_ECP;DE_KRDMD_ECP;KRDMD.E;2025-12-31;3.11;3.47;-10.37;0;0;0;0;0;0;0;0;0;0;0;;;;;
2025-10-16;O_KRDMDE1225C26.00;KRDMD_12/2025_AVRUPA_OPSIYON;D_EQ;SSO;D_EQ_ECP;DE_KRDMD_ECP;KRDMD.E;2025-12-31;2.54;2.86;-11.19;0;0;0;0;0;0;0;0;0;0;0;;;;;
2025-10-16;O_KRDMDE1225C27.00;KRDMD_12/2025_AVRUPA_OPSIYON;D_EQ;SSO;D_EQ_ECP;DE_KRDMD_ECP;KRDMD.E;2025-12-31;2.05;2.34;-12.39;0;0;0;0;0;0;0;0;0;0;0;;;;;
2025-10-16;O_KRDMDE1225C28.00;KRDMD_12/2025_AVRUPA_OPSIYON;D_EQ;SSO;D_EQ_ECP;DE_KRDMD_ECP;KRDMD.E;2025-12-31;1.64;1.89;-13.23;0;0;0;0;0;0;0;0;0;0;0;;;;;
2025-10-16;O_KRDMDE1225C29.00;KRDMD_12/2025_AVRUPA_OPSIYON;D_EQ;SSO;D_EQ_ECP;DE_KRDMD_ECP;KRDMD.E;2025-12-31;1.31;1.52;-13.82;0;0;0;0;0;0;0;0;0;0;0;;;;;
2025-10-16;O_KRDMDE1225C30.00;KRDMD_12/2025_AVRUPA_OPSIYON;D_EQ;SSO;D_EQ_ECP;DE_KRDMD_ECP;KRDMD.E;2025-12-31;1.04;1.22;-14.75;0;0;0;0;0;0;0;0;0;0;0;;;;;
2025-10-16;O_KRDMDE1225C31.00;KRDMD_12/2025_AVRUPA_OPSIYON;D_EQ;SSO;D_EQ_ECP;DE_KRDMD_ECP;KRDMD.E;2025-12-31;0.83;0.97;-14.43;0;0;0;0;0;0;0;0;0;0;0;;;;;
2025-10-16;O_KRDMDE1225C32.00;KRDMD_12/2025_AVRUPA_OPSIYON;D_EQ;SSO;D_EQ_ECP;DE_KRDMD_ECP;KRDMD.E;2025-12-31;0.65;0.78;-16.67;0;0;0;0;0;0;0;0;0;0;0;;;;;
2025-10-16;O_KRDMDE1225C33.00;KRDMD_12/2025_AVRUPA_OPSIYON;D_EQ;SSO;D_EQ_ECP;DE_KRDMD_ECP;KRDMD.E;2025-12-31;0.52;0.62;-16.13;0;0;0;0;0;0;0;0;0;0;0;;;;;
2025-10-16;O_KRDMDE1225C34.00;KRDMD_12/2025_AVRUPA_OPSIYON;D_EQ;SSO;D_EQ_ECP;DE_KRDMD_ECP;KRDMD.E;2025-12-31;0.41;0.49;-16.33;0;0;0;0;0;0;0;0;0;0;0;;;;;
2025-10-16;O_KRDMDE1225C35.00;KRDMD_12/2025_AVRUPA_OPSIYON;D_EQ;SSO;D_EQ_ECP;DE_KRDMD_ECP;KRDMD.E;2025-12-31;0.32;0.39;-17.95;0;0;0;0;0;0;0;0;0;0;0;;;;;
2025-10-16;O_KRDMDE1225C36.00;KRDMD_12/2025_AVRUPA_OPSIYON;D_EQ;SSO;D_EQ_ECP;DE_KRDMD_ECP;KRDMD.E;2025-12-31;0.25;0.31;-19.35;0;0;0;0;0;0;0;0;0;0;0;;;;;
2025-10-16;O_KRDMDE1225C37.00;KRDMD_12/2025_AVRUPA_OPSIYON;D_EQ;SSO;D_EQ_ECP;DE_KRDMD_ECP;KRDMD.E;2025-12-31;0.2;0.25;-20;0;0;0;0;0;0;0;0;0;0;0;;;;;
2025-10-16;O_KRDMDE1225P22.50;KRDMD_12/2025_AVRUPA_OPSIYON;D_EQ;SSO;D_EQ_EPP;DE_KRDMD_EPP;KRDMD.E;2025-12-31;0.36;0.32;12.5;0;0;0;0;0;0;0;0;0;0;0;;;;;
2025-10-16;O_KRDMDE1225P23.00;KRDMD_12/2025_AVRUPA_OPSIYON;D_EQ;SSO;D_EQ_EPP;DE_KRDMD_EPP;KRDMD.E;2025-12-31;0.45;0.39;15.38;0;0;0;0;0;0;0;0;0;0;0;;;;;
2025-10-16;O_KRDMDE1225P23.50;KRDMD_12/2025_AVRUPA_OPSIYON;D_EQ;SSO;D_EQ_EPP;DE_KRDMD_EPP;KRDMD.E;2025-12-31;0.54;0.48;12.5;0;0;0;0;0;0;0;0;0;0;0;;;;;
2025-10-16;O_KRDMDE1225P24.00;KRDMD_12/2025_AVRUPA_OPSIYON;D_EQ;SSO;D_EQ_EPP;DE_KRDMD_EPP;KRDMD.E;2025-12-31;0.66;0.57;15.79;0;0;0;0;0;0;0;0;0;0;0;;;;;
2025-10-16;O_KRDMDE1225P24.50;KRDMD_12/2025_AVRUPA_OPSIYON;D_EQ;SSO;D_EQ_EPP;DE_KRDMD_EPP;KRDMD.E;2025-12-31;0.78;0.69;13.04;0;0;0;0;0;0;0;0;0;0;0;;;;;
2025-10-16;O_KRDMDE1225P25.00;KRDMD_12/2025_AVRUPA_OPSIYON;D_EQ;SSO;D_EQ_EPP;DE_KRDMD_EPP;KRDMD.E;2025-12-31;0.92;0.81;13.58;0;0;0;0;0;0;0;0;0;0;0;;;;;
2025-10-16;O_KRDMDE1225P26.00;KRDMD_12/2025_AVRUPA_OPSIYON;D_EQ;SSO;D_EQ_EPP;DE_KRDMD_EPP;KRDMD.E;2025-12-31;1.26;1.12;12.5;0;0;0;0;0;0;0;0;0;0;0;;;;;
2025-10-16;O_KRDMDE1225P27.00;KRDMD_12/2025_AVRUPA_OPSIYON;D_EQ;SSO;D_EQ_EPP;DE_KRDMD_EPP;KRDMD.E;2025-12-31;1.68;1.5;12;0;0;0;0;0;0;0;0;0;0;0;;;;;
2025-10-16;O_KRDMDE1225P28.00;KRDMD_12/2025_AVRUPA_OPSIYON;D_EQ;SSO;D_EQ_EPP;DE_KRDMD_EPP;KRDMD.E;2025-12-31;2.18;1.96;11.22;0;0;0;0;0;0;0;0;0;0;0;;;;;
2025-10-16;O_KRDMDE1225P29.00;KRDMD_12/2025_AVRUPA_OPSIYON;D_EQ;SSO;D_EQ_EPP;DE_KRDMD_EPP;KRDMD.E;2025-12-31;2.76;2.49;10.84;0;0;0;0;0;0;0;0;0;0;0;;;;;
2025-10-16;O_KRDMDE1225P30.00;KRDMD_12/2025_AVRUPA_OPSIYON;D_EQ;SSO;D_EQ_EPP;DE_KRDMD_EPP;KRDMD.E;2025-12-31;3.4;3.1;9.68;0;0;0;0;0;0;0;0;0;0;0;;;;;
2025-10-16;O_KRDMDE1225P31.00;KRDMD_12/2025_AVRUPA_OPSIYON;D_EQ;SSO;D_EQ_EPP;DE_KRDMD_EPP;KRDMD.E;2025-12-31;4.1;3.77;8.75;0;0;0;0;0;0;0;0;0;0;0;;;;;
2025-10-16;O_KRDMDE1225P32.00;KRDMD_12/2025_AVRUPA_OPSIYON;D_EQ;SSO;D_EQ_EPP;DE_KRDMD_EPP;KRDMD.E;2025-12-31;4.83;4.48;7.81;0;0;0;0;0;0;0;0;0;0;0;;;;;
2025-10-16;O_PETKME1025C17.50;PETKM_10/2025_AVRUPA_OPSIYON;D_EQ;SSO;D_EQ_ECP;DE_PETKM_ECP;PETKM.E;2025-10-31;1.75;3.78;-53.7;0;0;0;0;0;0;0;0;0;50;0;;;;;
2025-10-16;O_PETKME1025C18.00;PETKM_10/2025_AVRUPA_OPSIYON;D_EQ;SSO;D_EQ_ECP;DE_PETKM_ECP;PETKM.E;2025-10-31;1.32;3.3;-60;0;0;0;0;0;0;0;0;0;177;0;;;;;
2025-10-16;O_PETKME1025C18.50;PETKM_10/2025_AVRUPA_OPSIYON;D_EQ;SSO;D_EQ_ECP;DE_PETKM_ECP;PETKM.E;2025-10-31;0.94;2.82;-66.67;0;0;0;0;0;0;0;0;0;400;0;;;;;
2025-10-16;O_PETKME1025C19.00;PETKM_10/2025_AVRUPA_OPSIYON;D_EQ;SSO;D_EQ_ECP;DE_PETKM_ECP;PETKM.E;2025-10-31;0.64;2.36;-72.88;0;0;0;0;0;0;0;0;0;0;0;;;;;
2025-10-16;O_PETKME1025C19.50;PETKM_10/2025_AVRUPA_OPSIYON;D_EQ;SSO;D_EQ_ECP;DE_PETKM_ECP;PETKM.E;2025-10-31;0.41;1.91;-78.53;0;0;0;0;0;0;0;0;0;2900;0;;;;;
2025-10-16;O_PETKME1025C20.00;PETKM_10/2025_AVRUPA_OPSIYON;D_EQ;SSO;D_EQ_ECP;DE_PETKM_ECP;PETKM.E;2025-10-31;0.25;1.49;-83.22;0;0;0;0;0;0;0;0;0;200;0;;;;;
2025-10-16;O_PETKME1025C20.50;PETKM_10/2025_AVRUPA_OPSIYON;D_EQ;SSO;D_EQ_ECP;DE_PETKM_ECP;PETKM.E;2025-10-31;0.16;1.11;-85.59;1.38;0.53;1.38;0.53;1.12;1845000;100500;900;7;1400;900;;;;;
2025-10-16;O_PETKME1025C21.00;PETKM_10/2025_AVRUPA_OPSIYON;D_EQ;SSO;D_EQ_ECP;DE_PETKM_ECP;PETKM.E;2025-10-31;0.11;0.8;-86.25;1.04;0.92;1.04;0.92;1.04;888300;43856;423;7;2550;-20;;;;;
2025-10-16;O_PETKME1025C21.50;PETKM_10/2025_AVRUPA_OPSIYON;D_EQ;SSO;D_EQ_ECP;DE_PETKM_ECP;PETKM.E;2025-10-31;0.07;0.55;-87.27;0.74;0.6;0.74;0.6;0.68;860000;27000;400;3;1830;200;;;;;
2025-10-16;O_PETKME1025C22.00;PETKM_10/2025_AVRUPA_OPSIYON;D_EQ;SSO;D_EQ_ECP;DE_PETKM_ECP;PETKM.E;2025-10-31;0.05;0.36;-86.11;0.52;0.52;0.52;0.52;0.52;880000;20800;400;2;5001;0;;;;;
2025-10-16;O_PETKME1025C22.50;PETKM_10/2025_AVRUPA_OPSIYON;D_EQ;SSO;D_EQ_ECP;DE_PETKM_ECP;PETKM.E;2025-10-31;0.03;0.24;-87.5;0;0;0;0;0;0;0;0;0;0;0;;;;;
2025-10-16;O_PETKME1025C23.00;PETKM_10/2025_AVRUPA_OPSIYON;D_EQ;SSO;D_EQ_ECP;DE_PETKM_ECP;PETKM.E;2025-10-31;0.02;0.16;-87.5;0;0;0;0;0;0;0;0;0;5;0;;;;;
2025-10-16;O_PETKME1025C23.50;PETKM_10/2025_AVRUPA_OPSIYON;D_EQ;SSO;D_EQ_ECP;DE_PETKM_ECP;PETKM.E;2025-10-31;0.02;0.11;-81.82;0;0;0;0;0;0;0;0;0;0;0;;;;;
2025-10-16;O_PETKME1025C24.00;PETKM_10/2025_AVRUPA_OPSIYON;D_EQ;SSO;D_EQ_ECP;DE_PETKM_ECP;PETKM.E;2025-10-31;0.01;0.07;-85.71;0;0;0;0;0;0;0;0;0;0;0;;;;;
2025-10-16;O_PETKME1025C24.50;PETKM_10/2025_AVRUPA_OPSIYON;D_EQ;SSO;D_EQ_ECP;DE_PETKM_ECP;PETKM.E;2025-10-31;0.01;0.05;-80;0;0;0;0;0;0;0;0;0;0;0;;;;;
2025-10-16;O_PETKME1025C25.00;PETKM_10/2025_AVRUPA_OPSIYON;D_EQ;SSO;D_EQ_ECP;DE_PETKM_ECP;PETKM.E;2025-10-31;0.01;0.04;-75;0;0;0;0;0;0;0;0;0;0;0;;;;;
2025-10-16;O_PETKME1025C26.00;PETKM_10/2025_AVRUPA_OPSIYON;D_EQ;SSO;D_EQ_ECP;DE_PETKM_ECP;PETKM.E;2025-10-31;0.01;0.02;-50;0;0;0;0;0;0;0;0;0;0;0;;;;;
2025-10-16;O_PETKME1025C27.00;PETKM_10/2025_AVRUPA_OPSIYON;D_EQ;SSO;D_EQ_ECP;DE_PETKM_ECP;PETKM.E;2025-10-31;0.01;0.01;0;0;0;0;0;0;0;0;0;0;0;0;;;;;
2025-10-16;O_PETKME1025C28.00;PETKM_10/2025_AVRUPA_OPSIYON;D_EQ;SSO;D_EQ_ECP;DE_PETKM_ECP;PETKM.E;2025-10-31;0.01;0.01;0;0;0;0;0;0;0;0;0;0;0;0;;;;;
2025-10-16;O_PETKME1025P15.00;PETKM_10/2025_AVRUPA_OPSIYON;D_EQ;SSO;D_EQ_EPP;DE_PETKM_EPP;PETKM.E;2025-10-31;0.01;0.01;0;0;0;0;0;0;0;0;0;0;0;0;;;;;
2025-10-16;O_PETKME1025P15.50;PETKM_10/2025_AVRUPA_OPSIYON;D_EQ;SSO;D_EQ_EPP;DE_PETKM_EPP;PETKM.E;2025-10-31;0.01;0.01;0;0;0;0;0;0;0;0;0;0;0;0;;;;;
2025-10-16;O_PETKME1025P16.00;PETKM_10/2025_AVRUPA_OPSIYON;D_EQ;SSO;D_EQ_EPP;DE_PETKM_EPP;PETKM.E;2025-10-31;0.01;0.01;0;0;0;0;0;0;0;0;0;0;0;0;;;;;
2025-10-16;O_PETKME1025P16.50;PETKM_10/2025_AVRUPA_OPSIYON;D_EQ;SSO;D_EQ_EPP;DE_PETKM_EPP;PETKM.E;2025-10-31;0.03;0.01;200;0;0;0;0;0;0;0;0;0;0;0;;;;;
2025-10-16;O_PETKME1025P17.00;PETKM_10/2025_AVRUPA_OPSIYON;D_EQ;SSO;D_EQ_EPP;DE_PETKM_EPP;PETKM.E;2025-10-31;0.05;0.01;400;0;0;0;0;0;0;0;0;0;0;0;;;;;
2025-10-16;O_PETKME1025P17.50;PETKM_10/2025_AVRUPA_OPSIYON;D_EQ;SSO;D_EQ_EPP;DE_PETKM_EPP;PETKM.E;2025-10-31;0.09;0.01;800;0;0;0;0;0;0;0;0;0;0;0;;;;;
2025-10-16;O_PETKME1025P18.00;PETKM_10/2025_AVRUPA_OPSIYON;D_EQ;SSO;D_EQ_EPP;DE_PETKM_EPP;PETKM.E;2025-10-31;0.15;0.02;650;0;0;0;0;0;0;0;0;0;8;0;;;;;
2025-10-16;O_PETKME1025P18.50;PETKM_10/2025_AVRUPA_OPSIYON;D_EQ;SSO;D_EQ_EPP;DE_PETKM_EPP;PETKM.E;2025-10-31;0.27;0.04;575;0;0;0;0;0;0;0;0;0;0;0;;;;;
2025-10-16;O_PETKME1025P19.00;PETKM_10/2025_AVRUPA_OPSIYON;D_EQ;SSO;D_EQ_EPP;DE_PETKM_EPP;PETKM.E;2025-10-31;0.45;0.06;650;0.2;0.2;0.2;0.2;0.2;870200;9160;458;1;2500;0;;;;;
2025-10-16;O_PETKME1025P19.50;PETKM_10/2025_AVRUPA_OPSIYON;D_EQ;SSO;D_EQ_EPP;DE_PETKM_EPP;PETKM.E;2025-10-31;0.72;0.11;554.55;0.3;0.3;0.3;0.3;0.3;893100;13740;458;1;458;458;;;;;
2025-10-16;O_PETKME1025P20.00;PETKM_10/2025_AVRUPA_OPSIYON;D_EQ;SSO;D_EQ_EPP;DE_PETKM_EPP;PETKM.E;2025-10-31;1.05;0.18;483.33;0.45;0.45;0.45;0.45;0.45;916000;20610;458;1;358;257;;;;;
2025-10-16;O_PETKME1025P20.50;PETKM_10/2025_AVRUPA_OPSIYON;D_EQ;SSO;D_EQ_EPP;DE_PETKM_EPP;PETKM.E;2025-10-31;1.45;0.29;400;0.25;0.25;0.65;0.65;0.53;1348900;34770;658;2;258;158;;;;;
2025-10-16;O_PETKME1025P21.00;PETKM_10/2025_AVRUPA_OPSIYON;D_EQ;SSO;D_EQ_EPP;DE_PETKM_EPP;PETKM.E;2025-10-31;1.89;0.47;302.13;0.39;0.39;0.92;0.92;0.68;1801800;57936;858;5;58;58;;;;;
2025-10-16;O_PETKME1025P21.50;PETKM_10/2025_AVRUPA_OPSIYON;D_EQ;SSO;D_EQ_EPP;DE_PETKM_EPP;PETKM.E;2025-10-31;2.35;0.71;230.99;0.6;0.6;1.23;1.23;0.91;2614400;111036;1216;8;258;258;;;;;
2025-10-16;O_PETKME1025P22.00;PETKM_10/2025_AVRUPA_OPSIYON;D_EQ;SSO;D_EQ_EPP;DE_PETKM_EPP;PETKM.E;2025-10-31;2.82;1.02;176.47;0.88;0.86;1.6;1.6;1.2;2895200;157432;1316;8;358;358;;;;;
2025-10-16;O_PETKME1025P22.50;PETKM_10/2025_AVRUPA_OPSIYON;D_EQ;SSO;D_EQ_EPP;DE_PETKM_EPP;PETKM.E;2025-10-31;3.3;1.38;139.13;1.98;1.98;2.01;2.01;1.99;1030500;91158;458;4;458;458;;;;;
2025-10-16;O_PETKME1025P23.00;PETKM_10/2025_AVRUPA_OPSIYON;D_EQ;SSO;D_EQ_EPP;DE_PETKM_EPP;PETKM.E;2025-10-31;3.78;1.8;110;0;0;0;0;0;0;0;0;0;0;0;;;;;
2025-10-16;O_PETKME1025P23.50;PETKM_10/2025_AVRUPA_OPSIYON;D_EQ;SSO;D_EQ_EPP;DE_PETKM_EPP;PETKM.E;2025-10-31;4.26;2.24;90.18;0;0;0;0;0;0;0;0;0;0;0;;;;;
2025-10-16;O_PETKME1025P24.00;PETKM_10/2025_AVRUPA_OPSIYON;D_EQ;SSO;D_EQ_EPP;DE_PETKM_EPP;PETKM.E;2025-10-31;4.75;2.7;75.93;0;0;0;0;0;0;0;0;0;0;0;;;;;
2025-10-16;O_PETKME1125C18.00;PETKM_11/2025_AVRUPA_OPSIYON;D_EQ;SSO;D_EQ_ECP;DE_PETKM_ECP;PETKM.E;2025-11-28;2.03;3.92;-48.21;0;0;0;0;0;0;0;0;0;0;0;;;;;
2025-10-16;O_PETKME1125C18.50;PETKM_11/2025_AVRUPA_OPSIYON;D_EQ;SSO;D_EQ_ECP;DE_PETKM_ECP;PETKM.E;2025-11-28;1.65;3.49;-52.72;0;0;0;0;0;0;0;0;0;1646;0;;;;;
2025-10-16;O_PETKME1125C19.00;PETKM_11/2025_AVRUPA_OPSIYON;D_EQ;SSO;D_EQ_ECP;DE_PETKM_ECP;PETKM.E;2025-11-28;1.32;3.06;-56.86;0;0;0;0;0;0;0;0;0;323;0;;;;;
2025-10-16;O_PETKME1125C19.50;PETKM_11/2025_AVRUPA_OPSIYON;D_EQ;SSO;D_EQ_ECP;DE_PETKM_ECP;PETKM.E;2025-11-28;1.04;2.65;-60.75;0;0;0;0;0;0;0;0;0;646;0;;;;;
2025-10-16;O_PETKME1125C20.00;PETKM_11/2025_AVRUPA_OPSIYON;D_EQ;SSO;D_EQ_ECP;DE_PETKM_ECP;PETKM.E;2025-11-28;0.81;2.26;-64.16;2.19;1.41;2.19;1.41;1.81;1246000;113037;623;7;823;623;;;;;
2025-10-16;O_PETKME1125C20.50;PETKM_11/2025_AVRUPA_OPSIYON;D_EQ;SSO;D_EQ_ECP;DE_PETKM_ECP;PETKM.E;2025-11-28;0.64;1.89;-66.14;1.68;1.66;1.68;1.66;1.68;662150;54218;323;4;340;323;;;;;
2025-10-16;O_PETKME1125C21.00;PETKM_11/2025_AVRUPA_OPSIYON;D_EQ;SSO;D_EQ_ECP;DE_PETKM_ECP;PETKM.E;2025-11-28;0.51;1.55;-67.1;0;0;0;0;0;0;0;0;0;6;0;;;;;
2025-10-16;O_PETKME1125C21.50;PETKM_11/2025_AVRUPA_OPSIYON;D_EQ;SSO;D_EQ_ECP;DE_PETKM_ECP;PETKM.E;2025-11-28;0.43;1.27;-66.14;0;0;0;0;0;0;0;0;0;0;0;;;;;
2025-10-16;O_PETKME1125C22.00;PETKM_11/2025_AVRUPA_OPSIYON;D_EQ;SSO;D_EQ_ECP;DE_PETKM_ECP;PETKM.E;2025-11-28;0.37;1.02;-63.73;1.04;1.04;1.09;1.09;1.09;884400;43808;402;4;402;402;;;;;
2025-10-16;O_PETKME1125C22.50;PETKM_11/2025_AVRUPA_OPSIYON;D_EQ;SSO;D_EQ_ECP;DE_PETKM_ECP;PETKM.E;2025-11-28;0.32;0.82;-60.98;0.95;0.83;0.95;0.88;0.9;789750;31583;351;3;351;349;;;;;
2025-10-16;O_PETKME1125C23.00;PETKM_11/2025_AVRUPA_OPSIYON;D_EQ;SSO;D_EQ_ECP;DE_PETKM_ECP;PETKM.E;2025-11-28;0.28;0.65;-56.92;0.55;0.55;0.76;0.76;0.76;232300;7655;101;2;304;101;;;;;
2025-10-16;O_PETKME1125C23.50;PETKM_11/2025_AVRUPA_OPSIYON;D_EQ;SSO;D_EQ_ECP;DE_PETKM_ECP;PETKM.E;2025-11-28;0.25;0.54;-53.7;0;0;0;0;0;0;0;0;0;142;0;;;;;
2025-10-16;O_PETKME1125C24.00;PETKM_11/2025_AVRUPA_OPSIYON;D_EQ;SSO;D_EQ_ECP;DE_PETKM_ECP;PETKM.E;2025-11-28;0.22;0.46;-52.17;0.45;0.45;0.45;0.45;0.45;2400;45;1;1;101;0;;;;;
2025-10-16;O_PETKME1125C24.50;PETKM_11/2025_AVRUPA_OPSIYON;D_EQ;SSO;D_EQ_ECP;DE_PETKM_ECP;PETKM.E;2025-11-28;0.2;0.39;-48.72;0;0;0;0;0;0;0;0;0;0;0;;;;;
2025-10-16;O_PETKME1125C25.00;PETKM_11/2025_AVRUPA_OPSIYON;D_EQ;SSO;D_EQ_ECP;DE_PETKM_ECP;PETKM.E;2025-11-28;0.18;0.33;-45.45;0;0;0;0;0;0;0;0;0;0;0;;;;;
2025-10-16;O_PETKME1125P15.50;PETKM_11/2025_AVRUPA_OPSIYON;D_EQ;SSO;D_EQ_EPP;DE_PETKM_EPP;PETKM.E;2025-11-28;0.1;0.03;233.33;0;0;0;0;0;0;0;0;0;0;0;;;;;
2025-10-16;O_PETKME1125P16.00;PETKM_11/2025_AVRUPA_OPSIYON;D_EQ;SSO;D_EQ_EPP;DE_PETKM_EPP;PETKM.E;2025-11-28;0.13;0.04;225;0;0;0;0;0;0;0;0;0;0;0;;;;;
2025-10-16;O_PETKME1125P16.50;PETKM_11/2025_AVRUPA_OPSIYON;D_EQ;SSO;D_EQ_EPP;DE_PETKM_EPP;PETKM.E;2025-11-28;0.17;0.06;183.33;0;0;0;0;0;0;0;0;0;0;0;;;;;
2025-10-16;O_PETKME1125P17.00;PETKM_11/2025_AVRUPA_OPSIYON;D_EQ;SSO;D_EQ_EPP;DE_PETKM_EPP;PETKM.E;2025-11-28;0.21;0.08;162.5;0;0;0;0;0;0;0;0;0;0;0;;;;;
2025-10-16;O_PETKME1125P17.50;PETKM_11/2025_AVRUPA_OPSIYON;D_EQ;SSO;D_EQ_EPP;DE_PETKM_EPP;PETKM.E;2025-11-28;0.28;0.1;180;0;0;0;0;0;0;0;0;0;0;0;;;;;
2025-10-16;O_PETKME1125P18.00;PETKM_11/2025_AVRUPA_OPSIYON;D_EQ;SSO;D_EQ_EPP;DE_PETKM_EPP;PETKM.E;2025-11-28;0.35;0.14;150;0.32;0.32;0.35;0.35;0.34;3600;67;2;2;2;2;;;;;
2025-10-16;O_PETKME1125P18.50;PETKM_11/2025_AVRUPA_OPSIYON;D_EQ;SSO;D_EQ_EPP;DE_PETKM_EPP;PETKM.E;2025-11-28;0.45;0.18;150;0;0;0;0;0;0;0;0;0;0;0;;;;;
2025-10-16;O_PETKME1125P19.00;PETKM_11/2025_AVRUPA_OPSIYON;D_EQ;SSO;D_EQ_EPP;DE_PETKM_EPP;PETKM.E;2025-11-28;0.6;0.23;160.87;0;0;0;0;0;0;0;0;0;0;0;;;;;
2025-10-16;O_PETKME1125P19.50;PETKM_11/2025_AVRUPA_OPSIYON;D_EQ;SSO;D_EQ_EPP;DE_PETKM_EPP;PETKM.E;2025-11-28;0.8;0.3;166.67;0;0;0;0;0;0;0;0;0;0;0;;;;;
2025-10-16;O_PETKME1125P20.00;PETKM_11/2025_AVRUPA_OPSIYON;D_EQ;SSO;D_EQ_EPP;DE_PETKM_EPP;PETKM.E;2025-11-28;1.05;0.39;169.23;0;0;0;0;0;0;0;0;0;0;0;;;;;
2025-10-16;O_PETKME1125P20.50;PETKM_11/2025_AVRUPA_OPSIYON;D_EQ;SSO;D_EQ_EPP;DE_PETKM_EPP;PETKM.E;2025-11-28;1.35;0.49;175.51;0;0;0;0;0;0;0;0;0;0;0;;;;;
2025-10-16;O_PETKME1125P21.00;PETKM_11/2025_AVRUPA_OPSIYON;D_EQ;SSO;D_EQ_EPP;DE_PETKM_EPP;PETKM.E;2025-11-28;1.7;0.63;169.84;1.18;1.18;1.51;1.51;1.38;1098300;72373;523;3;523;523;;;;;
2025-10-16;O_PETKME1125P21.50;PETKM_11/2025_AVRUPA_OPSIYON;D_EQ;SSO;D_EQ_EPP;DE_PETKM_EPP;PETKM.E;2025-11-28;2.1;0.82;156.1;1.46;1.46;1.46;1.46;1.46;430000;29200;200;2;1000;200;;;;;
2025-10-16;O_PETKME1125P22.00;PETKM_11/2025_AVRUPA_OPSIYON;D_EQ;SSO;D_EQ_EPP;DE_PETKM_EPP;PETKM.E;2025-11-28;2.51;1.05;139.05;1.28;1.28;1.77;1.77;1.53;1421200;98515;646;8;746;646;;;;;
2025-10-16;O_PETKME1125P22.50;PETKM_11/2025_AVRUPA_OPSIYON;D_EQ;SSO;D_EQ_EPP;DE_PETKM_EPP;PETKM.E;2025-11-28;2.94;1.33;121.05;1.43;1.43;2.11;2.11;1.78;1678500;132841;746;9;946;746;;;;;
2025-10-16;O_PETKME1225C19.00;PETKM_12/2025_AVRUPA_OPSIYON;D_EQ;SSO;D_EQ_ECP;DE_PETKM_ECP;PETKM.E;2025-12-31;2.22;4.06;-45.32;0;0;0;0;0;0;0;0;0;0;0;;;;;
2025-10-16;O_PETKME1225C19.50;PETKM_12/2025_AVRUPA_OPSIYON;D_EQ;SSO;D_EQ_ECP;DE_PETKM_ECP;PETKM.E;2025-12-31;1.88;3.67;-48.77;0;0;0;0;0;0;0;0;0;0;0;;;;;
2025-10-16;O_PETKME1225C20.00;PETKM_12/2025_AVRUPA_OPSIYON;D_EQ;SSO;D_EQ_ECP;DE_PETKM_ECP;PETKM.E;2025-12-31;1.6;3.29;-51.37;0;0;0;0;0;0;0;0;0;0;0;;;;;
2025-10-16;O_PETKME1225C20.50;PETKM_12/2025_AVRUPA_OPSIYON;D_EQ;SSO;D_EQ_ECP;DE_PETKM_ECP;PETKM.E;2025-12-31;1.35;2.91;-53.61;0;0;0;0;0;0;0;0;0;0;0;;;;;
2025-10-16;O_PETKME1225C21.00;PETKM_12/2025_AVRUPA_OPSIYON;D_EQ;SSO;D_EQ_ECP;DE_PETKM_ECP;PETKM.E;2025-12-31;1.15;2.55;-54.9;0;0;0;0;0;0;0;0;0;0;0;;;;;
2025-10-16;O_PETKME1225C21.50;PETKM_12/2025_AVRUPA_OPSIYON;D_EQ;SSO;D_EQ_ECP;DE_PETKM_ECP;PETKM.E;2025-12-31;0.97;2.21;-56.11;0;0;0;0;0;0;0;0;0;0;0;;;;;
2025-10-16;O_PETKME1225C22.00;PETKM_12/2025_AVRUPA_OPSIYON;D_EQ;SSO;D_EQ_ECP;DE_PETKM_ECP;PETKM.E;2025-12-31;0.87;1.92;-54.69;0;0;0;0;0;0;0;0;0;0;0;;;;;
2025-10-16;O_PETKME1225C22.50;PETKM_12/2025_AVRUPA_OPSIYON;D_EQ;SSO;D_EQ_ECP;DE_PETKM_ECP;PETKM.E;2025-12-31;0.79;1.65;-52.12;0;0;0;0;0;0;0;0;0;0;0;;;;;
2025-10-16;O_PETKME1225C23.00;PETKM_12/2025_AVRUPA_OPSIYON;D_EQ;SSO;D_EQ_ECP;DE_PETKM_ECP;PETKM.E;2025-12-31;0.73;1.42;-48.59;0;0;0;0;0;0;0;0;0;0;0;;;;;
2025-10-16;O_PETKME1225C23.50;PETKM_12/2025_AVRUPA_OPSIYON;D_EQ;SSO;D_EQ_ECP;DE_PETKM_ECP;PETKM.E;2025-12-31;0.67;1.23;-45.53;0;0;0;0;0;0;0;0;0;0;0;;;;;
2025-10-16;O_PETKME1225C24.00;PETKM_12/2025_AVRUPA_OPSIYON;D_EQ;SSO;D_EQ_ECP;DE_PETKM_ECP;PETKM.E;2025-12-31;0.63;1.07;-41.12;0;0;0;0;0;0;0;0;0;0;0;;;;;
2025-10-16;O_PETKME1225C24.50;PETKM_12/2025_AVRUPA_OPSIYON;D_EQ;SSO;D_EQ_ECP;DE_PETKM_ECP;PETKM.E;2025-12-31;0.59;0.96;-38.54;0;0;0;0;0;0;0;0;0;0;0;;;;;
2025-10-16;O_PETKME1225C25.00;PETKM_12/2025_AVRUPA_OPSIYON;D_EQ;SSO;D_EQ_ECP;DE_PETKM_ECP;PETKM.E;2025-12-31;0.56;;0;0;0;0;0;0;0;0;0;0;0;0;;;;;
2025-10-16;O_PETKME1225C26.00;PETKM_12/2025_AVRUPA_OPSIYON;D_EQ;SSO;D_EQ_ECP;DE_PETKM_ECP;PETKM.E;2025-12-31;0.51;;0;0;0;0;0;0;0;0;0;0;0;0;;;;;
2025-10-16;O_PETKME1225P16.50;PETKM_12/2025_AVRUPA_OPSIYON;D_EQ;SSO;D_EQ_EPP;DE_PETKM_EPP;PETKM.E;2025-12-31;0.27;0.13;107.69;0;0;0;0;0;0;0;0;0;0;0;;;;;
2025-10-16;O_PETKME1225P17.00;PETKM_12/2025_AVRUPA_OPSIYON;D_EQ;SSO;D_EQ_EPP;DE_PETKM_EPP;PETKM.E;2025-12-31;0.32;0.16;100;0;0;0;0;0;0;0;0;0;0;0;;;;;
2025-10-16;O_PETKME1225P17.50;PETKM_12/2025_AVRUPA_OPSIYON;D_EQ;SSO;D_EQ_EPP;DE_PETKM_EPP;PETKM.E;2025-12-31;0.37;0.19;94.74;0;0;0;0;0;0;0;0;0;0;0;;;;;
2025-10-16;O_PETKME1225P18.00;PETKM_12/2025_AVRUPA_OPSIYON;D_EQ;SSO;D_EQ_EPP;DE_PETKM_EPP;PETKM.E;2025-12-31;0.44;0.23;91.3;0;0;0;0;0;0;0;0;0;0;0;;;;;
2025-10-16;O_PETKME1225P18.50;PETKM_12/2025_AVRUPA_OPSIYON;D_EQ;SSO;D_EQ_EPP;DE_PETKM_EPP;PETKM.E;2025-12-31;0.51;0.27;88.89;0;0;0;0;0;0;0;0;0;0;0;;;;;
2025-10-16;O_PETKME1225P19.00;PETKM_12/2025_AVRUPA_OPSIYON;D_EQ;SSO;D_EQ_EPP;DE_PETKM_EPP;PETKM.E;2025-12-31;0.6;0.33;81.82;0;0;0;0;0;0;0;0;0;0;0;;;;;
2025-10-16;O_PETKME1225P19.50;PETKM_12/2025_AVRUPA_OPSIYON;D_EQ;SSO;D_EQ_EPP;DE_PETKM_EPP;PETKM.E;2025-12-31;0.71;0.39;82.05;0;0;0;0;0;0;0;0;0;0;0;;;;;
2025-10-16;O_PETKME1225P20.00;PETKM_12/2025_AVRUPA_OPSIYON;D_EQ;SSO;D_EQ_EPP;DE_PETKM_EPP;PETKM.E;2025-12-31;0.88;0.46;91.3;0;0;0;0;0;0;0;0;0;0;0;;;;;
2025-10-16;O_PETKME1225P20.50;PETKM_12/2025_AVRUPA_OPSIYON;D_EQ;SSO;D_EQ_EPP;DE_PETKM_EPP;PETKM.E;2025-12-31;1.08;0.54;100;0;0;0;0;0;0;0;0;0;0;0;;;;;
2025-10-16;O_PETKME1225P21.00;PETKM_12/2025_AVRUPA_OPSIYON;D_EQ;SSO;D_EQ_EPP;DE_PETKM_EPP;PETKM.E;2025-12-31;1.34;0.63;112.7;0;0;0;0;0;0;0;0;0;0;0;;;;;
2025-10-16;O_PETKME1225P21.50;PETKM_12/2025_AVRUPA_OPSIYON;D_EQ;SSO;D_EQ_EPP;DE_PETKM_EPP;PETKM.E;2025-12-31;1.62;0.74;118.92;0;0;0;0;0;0;0;0;0;0;0;;;;;
2025-10-16;O_PETKME1225P22.00;PETKM_12/2025_AVRUPA_OPSIYON;D_EQ;SSO;D_EQ_EPP;DE_PETKM_EPP;PETKM.E;2025-12-31;1.98;0.9;120;0;0;0;0;0;0;0;0;0;0;0;;;;;
2025-10-16;O_PETKME1225P22.50;PETKM_12/2025_AVRUPA_OPSIYON;D_EQ;SSO;D_EQ_EPP;DE_PETKM_EPP;PETKM.E;2025-12-31;2.35;;0;0;0;0;0;0;0;0;0;0;0;0;;;;;
2025-10-16;O_PETKME1225P23.00;PETKM_12/2025_AVRUPA_OPSIYON;D_EQ;SSO;D_EQ_EPP;DE_PETKM_EPP;PETKM.E;2025-12-31;2.74;;0;0;0;0;0;0;0;0;0;0;0;0;;;;;
2025-10-16;O_PGSUSE1025C205.00;PGSUS_10/2025_AVRUPA_OPSIYON;D_EQ;SSO;D_EQ_ECP;DE_PGSUS_ECP;PGSUS.E;2025-10-31;9.85;11.08;-11.1;0;0;0;0;0;0;0;0;0;0;0;;;;;
2025-10-16;O_PGSUSE1025C210.00;PGSUS_10/2025_AVRUPA_OPSIYON;D_EQ;SSO;D_EQ_ECP;DE_PGSUS_ECP;PGSUS.E;2025-10-31;7.01;8.08;-13.24;0;0;0;0;0;0;0;0;0;0;0;;;;;
2025-10-16;O_PGSUSE1025C215.00;PGSUS_10/2025_AVRUPA_OPSIYON;D_EQ;SSO;D_EQ_ECP;DE_PGSUS_ECP;PGSUS.E;2025-10-31;4.81;5.69;-15.47;0;0;0;0;0;0;0;0;0;78;0;;;;;
2025-10-16;O_PGSUSE1025C220.00;PGSUS_10/2025_AVRUPA_OPSIYON;D_EQ;SSO;D_EQ_ECP;DE_PGSUS_ECP;PGSUS.E;2025-10-31;3.19;3.88;-17.78;0;0;0;0;0;0;0;0;0;242;0;;;;;
2025-10-16;O_PGSUSE1025C225.00;PGSUS_10/2025_AVRUPA_OPSIYON;D_EQ;SSO;D_EQ_ECP;DE_PGSUS_ECP;PGSUS.E;2025-10-31;2.11;2.6;-18.85;0;0;0;0;0;0;0;0;0;260;0;;;;;
2025-10-16;O_PGSUSE1025C230.00;PGSUS_10/2025_AVRUPA_OPSIYON;D_EQ;SSO;D_EQ_ECP;DE_PGSUS_ECP;PGSUS.E;2025-10-31;1.4;1.77;-20.9;0;0;0;0;0;0;0;0;0;3320;0;;;;;
2025-10-16;O_PGSUSE1025C235.00;PGSUS_10/2025_AVRUPA_OPSIYON;D_EQ;SSO;D_EQ_ECP;DE_PGSUS_ECP;PGSUS.E;2025-10-31;0.93;1.19;-21.85;0;0;0;0;0;0;0;0;0;130;0;;;;;
2025-10-16;O_PGSUSE1025C240.00;PGSUS_10/2025_AVRUPA_OPSIYON;D_EQ;SSO;D_EQ_ECP;DE_PGSUS_ECP;PGSUS.E;2025-10-31;0.61;0.8;-23.75;0;0;0;0;0;0;0;0;0;155;0;;;;;
2025-10-16;O_PGSUSE1025C245.00;PGSUS_10/2025_AVRUPA_OPSIYON;D_EQ;SSO;D_EQ_ECP;DE_PGSUS_ECP;PGSUS.E;2025-10-31;0.41;0.54;-24.07;0;0;0;0;0;0;0;0;0;23;0;;;;;
2025-10-16;O_PGSUSE1025C250.00;PGSUS_10/2025_AVRUPA_OPSIYON;D_EQ;SSO;D_EQ_ECP;DE_PGSUS_ECP;PGSUS.E;2025-10-31;0.27;0.37;-27.03;0;0;0;0;0;0;0;0;0;62;0;;;;;
2025-10-16;O_PGSUSE1025C260.00;PGSUS_10/2025_AVRUPA_OPSIYON;D_EQ;SSO;D_EQ_ECP;DE_PGSUS_ECP;PGSUS.E;2025-10-31;0.12;0.17;-29.41;0;0;0;0;0;0;0;0;0;593;0;;;;;
2025-10-16;O_PGSUSE1025C270.00;PGSUS_10/2025_AVRUPA_OPSIYON;D_EQ;SSO;D_EQ_ECP;DE_PGSUS_ECP;PGSUS.E;2025-10-31;0.06;0.09;-33.33;0;0;0;0;0;0;0;0;0;115;0;;;;;
2025-10-16;O_PGSUSE1025C280.00;PGSUS_10/2025_AVRUPA_OPSIYON;D_EQ;SSO;D_EQ_ECP;DE_PGSUS_ECP;PGSUS.E;2025-10-31;0.03;0.04;-25;0;0;0;0;0;0;0;0;0;0;0;;;;;
2025-10-16;O_PGSUSE1025C290.00;PGSUS_10/2025_AVRUPA_OPSIYON;D_EQ;SSO;D_EQ_ECP;DE_PGSUS_ECP;PGSUS.E;2025-10-31;0.02;0.02;0;0;0;0;0;0;0;0;0;0;1;0;;;;;
2025-10-16;O_PGSUSE1025C300.00;PGSUS_10/2025_AVRUPA_OPSIYON;D_EQ;SSO;D_EQ_ECP;DE_PGSUS_ECP;PGSUS.E;2025-10-31;0.01;0.01;0;0;0;0;0;0;0;0;0;0;0;0;;;;;
2025-10-16;O_PGSUSE1025C310.00;PGSUS_10/2025_AVRUPA_OPSIYON;D_EQ;SSO;D_EQ_ECP;DE_PGSUS_ECP;PGSUS.E;2025-10-31;0.01;0.01;0;0;0;0;0;0;0;0;0;0;20;0;;;;;
2025-10-16;O_PGSUSE1025C320.00;PGSUS_10/2025_AVRUPA_OPSIYON;D_EQ;SSO;D_EQ_ECP;DE_PGSUS_ECP;PGSUS.E;2025-10-31;0.01;0.01;0;0;0;0;0;0;0;0;0;0;0;0;;;;;
2025-10-16;O_PGSUSE1025C330.00;PGSUS_10/2025_AVRUPA_OPSIYON;D_EQ;SSO;D_EQ_ECP;DE_PGSUS_ECP;PGSUS.E;2025-10-31;0.01;0.01;0;0;0;0;0;0;0;0;0;0;0;0;;;;;
2025-10-16;O_PGSUSE1025C340.00;PGSUS_10/2025_AVRUPA_OPSIYON;D_EQ;SSO;D_EQ_ECP;DE_PGSUS_ECP;PGSUS.E;2025-10-31;0.01;0.01;0;0;0;0;0;0;0;0;0;0;0;0;;;;;
2025-10-16;O_PGSUSE1025C350.00;PGSUS_10/2025_AVRUPA_OPSIYON;D_EQ;SSO;D_EQ_ECP;DE_PGSUS_ECP;PGSUS.E;2025-10-31;0.01;0.01;0;0;0;0;0;0;0;0;0;0;0;0;;;;;
2025-10-16;O_PGSUSE1025C360.00;PGSUS_10/2025_AVRUPA_OPSIYON;D_EQ;SSO;D_EQ_ECP;DE_PGSUS_ECP;PGSUS.E;2025-10-31;0.01;0.01;0;0;0;0;0;0;0;0;0;0;0;0;;;;;
2025-10-16;O_PGSUSE1025P180.00;PGSUS_10/2025_AVRUPA_OPSIYON;D_EQ;SSO;D_EQ_EPP;DE_PGSUS_EPP;PGSUS.E;2025-10-31;0.24;0.24;0;0;0;0;0;0;0;0;0;0;0;0;;;;;
2025-10-16;O_PGSUSE1025P185.00;PGSUS_10/2025_AVRUPA_OPSIYON;D_EQ;SSO;D_EQ_EPP;DE_PGSUS_EPP;PGSUS.E;2025-10-31;0.46;0.45;2.22;0;0;0;0;0;0;0;0;0;0;0;;;;;
2025-10-16;O_PGSUSE1025P190.00;PGSUS_10/2025_AVRUPA_OPSIYON;D_EQ;SSO;D_EQ_EPP;DE_PGSUS_EPP;PGSUS.E;2025-10-31;0.83;0.8;3.75;0;0;0;0;0;0;0;0;0;0;0;;;;;
2025-10-16;O_PGSUSE1025P195.00;PGSUS_10/2025_AVRUPA_OPSIYON;D_EQ;SSO;D_EQ_EPP;DE_PGSUS_EPP;PGSUS.E;2025-10-31;1.44;1.37;5.11;0;0;0;0;0;0;0;0;0;0;0;;;;;
2025-10-16;O_PGSUSE1025P200.00;PGSUS_10/2025_AVRUPA_OPSIYON;D_EQ;SSO;D_EQ_EPP;DE_PGSUS_EPP;PGSUS.E;2025-10-31;2.37;2.24;5.8;0;0;0;0;0;0;0;0;0;390;0;;;;;
2025-10-16;O_PGSUSE1025P205.00;PGSUS_10/2025_AVRUPA_OPSIYON;D_EQ;SSO;D_EQ_EPP;DE_PGSUS_EPP;PGSUS.E;2025-10-31;3.88;3.59;8.08;0;0;0;0;0;0;0;0;0;92;0;;;;;
2025-10-16;O_PGSUSE1025P210.00;PGSUS_10/2025_AVRUPA_OPSIYON;D_EQ;SSO;D_EQ_EPP;DE_PGSUS_EPP;PGSUS.E;2025-10-31;5.95;5.51;7.99;0;0;0;0;0;0;0;0;0;353;0;;;;;
2025-10-16;O_PGSUSE1025P215.00;PGSUS_10/2025_AVRUPA_OPSIYON;D_EQ;SSO;D_EQ_EPP;DE_PGSUS_EPP;PGSUS.E;2025-10-31;8.68;8.03;8.09;0;0;0;0;0;0;0;0;0;374;0;;;;;
2025-10-16;O_PGSUSE1025P220.00;PGSUS_10/2025_AVRUPA_OPSIYON;D_EQ;SSO;D_EQ_EPP;DE_PGSUS_EPP;PGSUS.E;2025-10-31;11.98;11.14;7.54;0;0;0;0;0;0;0;0;0;791;0;;;;;
2025-10-16;O_PGSUSE1025P225.00;PGSUS_10/2025_AVRUPA_OPSIYON;D_EQ;SSO;D_EQ_EPP;DE_PGSUS_EPP;PGSUS.E;2025-10-31;15.82;14.78;7.04;0;0;0;0;0;0;0;0;0;904;0;;;;;
2025-10-16;O_PGSUSE1025P230.00;PGSUS_10/2025_AVRUPA_OPSIYON;D_EQ;SSO;D_EQ_EPP;DE_PGSUS_EPP;PGSUS.E;2025-10-31;20.04;18.87;6.2;0;0;0;0;0;0;0;0;0;223;0;;;;;
2025-10-16;O_PGSUSE1025P235.00;PGSUS_10/2025_AVRUPA_OPSIYON;D_EQ;SSO;D_EQ_EPP;DE_PGSUS_EPP;PGSUS.E;2025-10-31;24.49;23.21;5.51;0;0;0;0;0;0;0;0;0;46;0;;;;;
2025-10-16;O_PGSUSE1025P240.00;PGSUS_10/2025_AVRUPA_OPSIYON;D_EQ;SSO;D_EQ_EPP;DE_PGSUS_EPP;PGSUS.E;2025-10-31;29.09;27.74;4.87;0;0;0;0;0;0;0;0;0;41;0;;;;;
2025-10-16;O_PGSUSE1025P245.00;PGSUS_10/2025_AVRUPA_OPSIYON;D_EQ;SSO;D_EQ_EPP;DE_PGSUS_EPP;PGSUS.E;2025-10-31;33.81;32.4;4.35;0;0;0;0;0;0;0;0;0;30;0;;;;;
2025-10-16;O_PGSUSE1025P250.00;PGSUS_10/2025_AVRUPA_OPSIYON;D_EQ;SSO;D_EQ_EPP;DE_PGSUS_EPP;PGSUS.E;2025-10-31;38.6;37.14;3.93;0;0;0;0;0;0;0;0;0;39;0;;;;;
2025-10-16;O_PGSUSE1025P260.00;PGSUS_10/2025_AVRUPA_OPSIYON;D_EQ;SSO;D_EQ_EPP;DE_PGSUS_EPP;PGSUS.E;2025-10-31;48.3;46.78;3.25;0;0;0;0;0;0;0;0;0;0;0;;;;;
2025-10-16;O_PGSUSE1025P270.00;PGSUS_10/2025_AVRUPA_OPSIYON;D_EQ;SSO;D_EQ_EPP;DE_PGSUS_EPP;PGSUS.E;2025-10-31;58.08;56.52;2.76;0;0;0;0;0;0;0;0;0;80;0;;;;;
2025-10-16;O_PGSUSE1025P280.00;PGSUS_10/2025_AVRUPA_OPSIYON;D_EQ;SSO;D_EQ_EPP;DE_PGSUS_EPP;PGSUS.E;2025-10-31;67.89;66.32;2.37;0;0;0;0;0;0;0;0;0;0;0;;;;;
2025-10-16;O_PGSUSE1025P290.00;PGSUS_10/2025_AVRUPA_OPSIYON;D_EQ;SSO;D_EQ_EPP;DE_PGSUS_EPP;PGSUS.E;2025-10-31;77.72;76.13;2.09;0;0;0;0;0;0;0;0;0;0;0;;;;;
2025-10-16;O_PGSUSE1025P300.00;PGSUS_10/2025_AVRUPA_OPSIYON;D_EQ;SSO;D_EQ_EPP;DE_PGSUS_EPP;PGSUS.E;2025-10-31;87.56;85.96;1.86;0;0;0;0;0;0;0;0;0;0;0;;;;;
2025-10-16;O_PGSUSE1025P310.00;PGSUS_10/2025_AVRUPA_OPSIYON;D_EQ;SSO;D_EQ_EPP;DE_PGSUS_EPP;PGSUS.E;2025-10-31;97.4;95.79;1.68;0;0;0;0;0;0;0;0;0;30;0;;;;;
2025-10-16;O_PGSUSE1125C215.00;PGSUS_11/2025_AVRUPA_OPSIYON;D_EQ;SSO;D_EQ_ECP;DE_PGSUS_ECP;PGSUS.E;2025-11-28;12.07;13.08;-7.72;0;0;0;0;0;0;0;0;0;0;0;;;;;
2025-10-16;O_PGSUSE1125C220.00;PGSUS_11/2025_AVRUPA_OPSIYON;D_EQ;SSO;D_EQ_ECP;DE_PGSUS_ECP;PGSUS.E;2025-11-28;9.82;10.7;-8.22;0;0;0;0;0;0;0;0;0;0;0;;;;;
2025-10-16;O_PGSUSE1125C225.00;PGSUS_11/2025_AVRUPA_OPSIYON;D_EQ;SSO;D_EQ_ECP;DE_PGSUS_ECP;PGSUS.E;2025-11-28;7.95;8.72;-8.83;0;0;0;0;0;0;0;0;0;2;0;;;;;
2025-10-16;O_PGSUSE1125C230.00;PGSUS_11/2025_AVRUPA_OPSIYON;D_EQ;SSO;D_EQ_ECP;DE_PGSUS_ECP;PGSUS.E;2025-11-28;6.47;7.06;-8.36;0;0;0;0;0;0;0;0;0;0;0;;;;;
2025-10-16;O_PGSUSE1125C235.00;PGSUS_11/2025_AVRUPA_OPSIYON;D_EQ;SSO;D_EQ_ECP;DE_PGSUS_ECP;PGSUS.E;2025-11-28;5.38;5.88;-8.5;0;0;0;0;0;0;0;0;0;2;0;;;;;
2025-10-16;O_PGSUSE1125C240.00;PGSUS_11/2025_AVRUPA_OPSIYON;D_EQ;SSO;D_EQ_ECP;DE_PGSUS_ECP;PGSUS.E;2025-11-28;4.49;4.92;-8.74;0;0;0;0;0;0;0;0;0;0;0;;;;;
2025-10-16;O_PGSUSE1125C245.00;PGSUS_11/2025_AVRUPA_OPSIYON;D_EQ;SSO;D_EQ_ECP;DE_PGSUS_ECP;PGSUS.E;2025-11-28;3.77;4.13;-8.72;0;0;0;0;0;0;0;0;0;1;0;;;;;
2025-10-16;O_PGSUSE1125C250.00;PGSUS_11/2025_AVRUPA_OPSIYON;D_EQ;SSO;D_EQ_ECP;DE_PGSUS_ECP;PGSUS.E;2025-11-28;3.18;3.48;-8.62;0;0;0;0;0;0;0;0;0;0;0;;;;;
2025-10-16;O_PGSUSE1125C260.00;PGSUS_11/2025_AVRUPA_OPSIYON;D_EQ;SSO;D_EQ_ECP;DE_PGSUS_ECP;PGSUS.E;2025-11-28;2.3;2.52;-8.73;0;0;0;0;0;0;0;0;0;0;0;;;;;
2025-10-16;O_PGSUSE1125C270.00;PGSUS_11/2025_AVRUPA_OPSIYON;D_EQ;SSO;D_EQ_ECP;DE_PGSUS_ECP;PGSUS.E;2025-11-28;1.71;1.86;-8.06;0;0;0;0;0;0;0;0;0;0;0;;;;;
2025-10-16;O_PGSUSE1125C280.00;PGSUS_11/2025_AVRUPA_OPSIYON;D_EQ;SSO;D_EQ_ECP;DE_PGSUS_ECP;PGSUS.E;2025-11-28;1.3;1.41;-7.8;0;0;0;0;0;0;0;0;0;30;0;;;;;
2025-10-16;O_PGSUSE1125C290.00;PGSUS_11/2025_AVRUPA_OPSIYON;D_EQ;SSO;D_EQ_ECP;DE_PGSUS_ECP;PGSUS.E;2025-11-28;1.02;1.1;-7.27;0;0;0;0;0;0;0;0;0;0;0;;;;;
2025-10-16;O_PGSUSE1125C300.00;PGSUS_11/2025_AVRUPA_OPSIYON;D_EQ;SSO;D_EQ_ECP;DE_PGSUS_ECP;PGSUS.E;2025-11-28;0.82;0.88;-6.82;0;0;0;0;0;0;0;0;0;0;0;;;;;
2025-10-16;O_PGSUSE1125C310.00;PGSUS_11/2025_AVRUPA_OPSIYON;D_EQ;SSO;D_EQ_ECP;DE_PGSUS_ECP;PGSUS.E;2025-11-28;0.67;0.72;-6.94;0;0;0;0;0;0;0;0;0;0;0;;;;;
2025-10-16;O_PGSUSE1125C320.00;PGSUS_11/2025_AVRUPA_OPSIYON;D_EQ;SSO;D_EQ_ECP;DE_PGSUS_ECP;PGSUS.E;2025-11-28;0.56;0.6;-6.67;0;0;0;0;0;0;0;0;0;0;0;;;;;
2025-10-16;O_PGSUSE1125C330.00;PGSUS_11/2025_AVRUPA_OPSIYON;D_EQ;SSO;D_EQ_ECP;DE_PGSUS_ECP;PGSUS.E;2025-11-28;0.49;0.51;-3.92;0;0;0;0;0;0;0;0;0;0;0;;;;;
2025-10-16;O_PGSUSE1125P190.00;PGSUS_11/2025_AVRUPA_OPSIYON;D_EQ;SSO;D_EQ_EPP;DE_PGSUS_EPP;PGSUS.E;2025-11-28;2.76;2.65;4.15;2.5;2.5;2.5;2.5;2.5;76000;1000;4;1;9;4;;;;;
2025-10-16;O_PGSUSE1125P195.00;PGSUS_11/2025_AVRUPA_OPSIYON;D_EQ;SSO;D_EQ_EPP;DE_PGSUS_EPP;PGSUS.E;2025-11-28;3.62;3.46;4.62;0;0;0;0;0;0;0;0;0;10;0;;;;;
2025-10-16;O_PGSUSE1125P200.00;PGSUS_11/2025_AVRUPA_OPSIYON;D_EQ;SSO;D_EQ_EPP;DE_PGSUS_EPP;PGSUS.E;2025-11-28;4.68;4.47;4.7;0;0;0;0;0;0;0;0;0;33;0;;;;;
2025-10-16;O_PGSUSE1125P205.00;PGSUS_11/2025_AVRUPA_OPSIYON;D_EQ;SSO;D_EQ_EPP;DE_PGSUS_EPP;PGSUS.E;2025-11-28;5.98;5.72;4.55;0;0;0;0;0;0;0;0;0;113;0;;;;;
2025-10-16;O_PGSUSE1125P210.00;PGSUS_11/2025_AVRUPA_OPSIYON;D_EQ;SSO;D_EQ_EPP;DE_PGSUS_EPP;PGSUS.E;2025-11-28;7.72;7.31;5.61;0;0;0;0;0;0;0;0;0;323;0;;;;;
2025-10-16;O_PGSUSE1125P215.00;PGSUS_11/2025_AVRUPA_OPSIYON;D_EQ;SSO;D_EQ_EPP;DE_PGSUS_EPP;PGSUS.E;2025-11-28;9.86;9.35;5.45;0;0;0;0;0;0;0;0;0;160;0;;;;;
2025-10-16;O_PGSUSE1125P220.00;PGSUS_11/2025_AVRUPA_OPSIYON;D_EQ;SSO;D_EQ_EPP;DE_PGSUS_EPP;PGSUS.E;2025-11-28;12.39;11.75;5.45;0;0;0;0;0;0;0;0;0;38;0;;;;;
2025-10-16;O_PGSUSE1125P225.00;PGSUS_11/2025_AVRUPA_OPSIYON;D_EQ;SSO;D_EQ_EPP;DE_PGSUS_EPP;PGSUS.E;2025-11-28;15.3;14.55;5.15;0;0;0;0;0;0;0;0;0;1;0;;;;;
2025-10-16;O_PGSUSE1125P230.00;PGSUS_11/2025_AVRUPA_OPSIYON;D_EQ;SSO;D_EQ_EPP;DE_PGSUS_EPP;PGSUS.E;2025-11-28;18.6;17.66;5.32;0;0;0;0;0;0;0;0;0;700;0;;;;;
2025-10-16;O_PGSUSE1125P235.00;PGSUS_11/2025_AVRUPA_OPSIYON;D_EQ;SSO;D_EQ_EPP;DE_PGSUS_EPP;PGSUS.E;2025-11-28;22.29;21.26;4.84;0;0;0;0;0;0;0;0;0;30;0;;;;;
2025-10-16;O_PGSUSE1125P240.00;PGSUS_11/2025_AVRUPA_OPSIYON;D_EQ;SSO;D_EQ_EPP;DE_PGSUS_EPP;PGSUS.E;2025-11-28;26.18;25.07;4.43;0;0;0;0;0;0;0;0;0;50;0;;;;;
2025-10-16;O_PGSUSE1125P245.00;PGSUS_11/2025_AVRUPA_OPSIYON;D_EQ;SSO;D_EQ_EPP;DE_PGSUS_EPP;PGSUS.E;2025-11-28;30.24;29.06;4.06;0;0;0;0;0;0;0;0;0;50;0;;;;;
2025-10-16;O_PGSUSE1125P250.00;PGSUS_11/2025_AVRUPA_OPSIYON;D_EQ;SSO;D_EQ_EPP;DE_PGSUS_EPP;PGSUS.E;2025-11-28;34.43;33.19;3.74;0;0;0;0;0;0;0;0;0;110;0;;;;;
2025-10-16;O_PGSUSE1125P260.00;PGSUS_11/2025_AVRUPA_OPSIYON;D_EQ;SSO;D_EQ_EPP;DE_PGSUS_EPP;PGSUS.E;2025-11-28;43.11;41.77;3.21;0;0;0;0;0;0;0;0;0;0;0;;;;;
2025-10-16;O_PGSUSE1125P270.00;PGSUS_11/2025_AVRUPA_OPSIYON;D_EQ;SSO;D_EQ_EPP;DE_PGSUS_EPP;PGSUS.E;2025-11-28;52.08;50.67;2.78;0;0;0;0;0;0;0;0;0;0;0;;;;;
2025-10-16;O_PGSUSE1125P280.00;PGSUS_11/2025_AVRUPA_OPSIYON;D_EQ;SSO;D_EQ_EPP;DE_PGSUS_EPP;PGSUS.E;2025-11-28;61.24;59.77;2.46;0;0;0;0;0;0;0;0;0;0;0;;;;;
2025-10-16;O_PGSUSE1225C220.00;PGSUS_12/2025_AVRUPA_OPSIYON;D_EQ;SSO;D_EQ_ECP;DE_PGSUS_ECP;PGSUS.E;2025-12-31;18.65;19.74;-5.52;0;0;0;0;0;0;0;0;0;0;0;;;;;
2025-10-16;O_PGSUSE1225C225.00;PGSUS_12/2025_AVRUPA_OPSIYON;D_EQ;SSO;D_EQ_ECP;DE_PGSUS_ECP;PGSUS.E;2025-12-31;16.18;17.2;-5.93;0;0;0;0;0;0;0;0;0;0;0;;;;;
2025-10-16;O_PGSUSE1225C230.00;PGSUS_12/2025_AVRUPA_OPSIYON;D_EQ;SSO;D_EQ_ECP;DE_PGSUS_ECP;PGSUS.E;2025-12-31;14.09;15;-6.07;0;0;0;0;0;0;0;0;0;0;0;;;;;
2025-10-16;O_PGSUSE1225C235.00;PGSUS_12/2025_AVRUPA_OPSIYON;D_EQ;SSO;D_EQ_ECP;DE_PGSUS_ECP;PGSUS.E;2025-12-31;12.23;13.06;-6.36;0;0;0;0;0;0;0;0;0;0;0;;;;;
2025-10-16;O_PGSUSE1225C240.00;PGSUS_12/2025_AVRUPA_OPSIYON;D_EQ;SSO;D_EQ_ECP;DE_PGSUS_ECP;PGSUS.E;2025-12-31;10.82;11.46;-5.58;0;0;0;0;0;0;0;0;0;0;0;;;;;
2025-10-16;O_PGSUSE1225C245.00;PGSUS_12/2025_AVRUPA_OPSIYON;D_EQ;SSO;D_EQ_ECP;DE_PGSUS_ECP;PGSUS.E;2025-12-31;9.67;10.23;-5.47;0;0;0;0;0;0;0;0;0;0;0;;;;;
2025-10-16;O_PGSUSE1225C250.00;PGSUS_12/2025_AVRUPA_OPSIYON;D_EQ;SSO;D_EQ_ECP;DE_PGSUS_ECP;PGSUS.E;2025-12-31;8.67;9.17;-5.45;0;0;0;0;0;0;0;0;0;0;0;;;;;
2025-10-16;O_PGSUSE1225C260.00;PGSUS_12/2025_AVRUPA_OPSIYON;D_EQ;SSO;D_EQ_ECP;DE_PGSUS_ECP;PGSUS.E;2025-12-31;7.06;7.44;-5.11;0;0;0;0;0;0;0;0;0;0;0;;;;;
2025-10-16;O_PGSUSE1225C270.00;PGSUS_12/2025_AVRUPA_OPSIYON;D_EQ;SSO;D_EQ_ECP;DE_PGSUS_ECP;PGSUS.E;2025-12-31;5.84;6.14;-4.89;0;0;0;0;0;0;0;0;0;0;0;;;;;
2025-10-16;O_PGSUSE1225C280.00;PGSUS_12/2025_AVRUPA_OPSIYON;D_EQ;SSO;D_EQ_ECP;DE_PGSUS_ECP;PGSUS.E;2025-12-31;4.93;5.16;-4.46;0;0;0;0;0;0;0;0;0;0;0;;;;;
2025-10-16;O_PGSUSE1225C290.00;PGSUS_12/2025_AVRUPA_OPSIYON;D_EQ;SSO;D_EQ_ECP;DE_PGSUS_ECP;PGSUS.E;2025-12-31;4.22;4.4;-4.09;0;0;0;0;0;0;0;0;0;0;0;;;;;
2025-10-16;O_PGSUSE1225C300.00;PGSUS_12/2025_AVRUPA_OPSIYON;D_EQ;SSO;D_EQ_ECP;DE_PGSUS_ECP;PGSUS.E;2025-12-31;3.68;3.82;-3.66;0;0;0;0;0;0;0;0;0;0;0;;;;;
2025-10-16;O_PGSUSE1225P195.00;PGSUS_12/2025_AVRUPA_OPSIYON;D_EQ;SSO;D_EQ_EPP;DE_PGSUS_EPP;PGSUS.E;2025-12-31;4.42;4.26;3.76;0;0;0;0;0;0;0;0;0;0;0;;;;;
2025-10-16;O_PGSUSE1225P200.00;PGSUS_12/2025_AVRUPA_OPSIYON;D_EQ;SSO;D_EQ_EPP;DE_PGSUS_EPP;PGSUS.E;2025-12-31;5.3;5.11;3.72;0;0;0;0;0;0;0;0;0;0;0;;;;;
2025-10-16;O_PGSUSE1225P205.00;PGSUS_12/2025_AVRUPA_OPSIYON;D_EQ;SSO;D_EQ_EPP;DE_PGSUS_EPP;PGSUS.E;2025-12-31;6.31;6.09;3.61;0;0;0;0;0;0;0;0;0;0;0;;;;;
2025-10-16;O_PGSUSE1225P210.00;PGSUS_12/2025_AVRUPA_OPSIYON;D_EQ;SSO;D_EQ_EPP;DE_PGSUS_EPP;PGSUS.E;2025-12-31;7.49;7.23;3.6;0;0;0;0;0;0;0;0;0;0;0;;;;;
2025-10-16;O_PGSUSE1225P215.00;PGSUS_12/2025_AVRUPA_OPSIYON;D_EQ;SSO;D_EQ_EPP;DE_PGSUS_EPP;PGSUS.E;2025-12-31;8.91;8.53;4.45;0;0;0;0;0;0;0;0;0;0;0;;;;;
2025-10-16;O_PGSUSE1225P220.00;PGSUS_12/2025_AVRUPA_OPSIYON;D_EQ;SSO;D_EQ_EPP;DE_PGSUS_EPP;PGSUS.E;2025-12-31;10.75;10.3;4.37;0;0;0;0;0;0;0;0;0;0;0;;;;;
2025-10-16;O_PGSUSE1225P225.00;PGSUS_12/2025_AVRUPA_OPSIYON;D_EQ;SSO;D_EQ_EPP;DE_PGSUS_EPP;PGSUS.E;2025-12-31;12.83;12.3;4.31;0;0;0;0;0;0;0;0;0;0;0;;;;;
2025-10-16;O_PGSUSE1225P230.00;PGSUS_12/2025_AVRUPA_OPSIYON;D_EQ;SSO;D_EQ_EPP;DE_PGSUS_EPP;PGSUS.E;2025-12-31;15.29;14.63;4.51;0;0;0;0;0;0;0;0;0;0;0;;;;;
2025-10-16;O_PGSUSE1225P235.00;PGSUS_12/2025_AVRUPA_OPSIYON;D_EQ;SSO;D_EQ_EPP;DE_PGSUS_EPP;PGSUS.E;2025-12-31;17.97;17.22;4.36;0;0;0;0;0;0;0;0;0;0;0;;;;;
2025-10-16;O_PGSUSE1225P240.00;PGSUS_12/2025_AVRUPA_OPSIYON;D_EQ;SSO;D_EQ_EPP;DE_PGSUS_EPP;PGSUS.E;2025-12-31;21.1;20.17;4.61;0;0;0;0;0;0;0;0;0;0;0;;;;;
2025-10-16;O_PGSUSE1225P245.00;PGSUS_12/2025_AVRUPA_OPSIYON;D_EQ;SSO;D_EQ_EPP;DE_PGSUS_EPP;PGSUS.E;2025-12-31;24.49;23.48;4.3;0;0;0;0;0;0;0;0;0;0;0;;;;;
2025-10-16;O_PGSUSE1225P250.00;PGSUS_12/2025_AVRUPA_OPSIYON;D_EQ;SSO;D_EQ_EPP;DE_PGSUS_EPP;PGSUS.E;2025-12-31;28.03;26.95;4.01;0;0;0;0;0;0;0;0;0;0;0;;;;;
2025-10-16;O_P_USDTRYKE1025C42500;FIZ. USDTRY_10/2025_AVRUPA_OPSIYON;D_CR;PCO;D_CR_ECP;DE_USDTRYKP_ECP;USDTRYKP.CX;2025-10-31;212.7;234.7;-9.37;0;0;0;0;0;0;0;0;0;0;0;;;;;
2025-10-16;O_P_USDTRYKE1025C43000;FIZ. USDTRY_10/2025_AVRUPA_OPSIYON;D_CR;PCO;D_CR_ECP;DE_USDTRYKP_ECP;USDTRYKP.CX;2025-10-31;114.6;129.8;-11.71;0;0;0;0;0;0;0;0;0;0;0;;;;;
2025-10-16;O_P_USDTRYKE1025C43500;FIZ. USDTRY_10/2025_AVRUPA_OPSIYON;D_CR;PCO;D_CR_ECP;DE_USDTRYKP_ECP;USDTRYKP.CX;2025-10-31;90.9;105.4;-13.76;0;0;0;0;0;0;0;0;0;0;0;;;;;
2025-10-16;O_P_USDTRYKE1025P42500;FIZ. USDTRY_10/2025_AVRUPA_OPSIYON;D_CR;PCO;D_CR_EPP;DE_USDTRYKP_EPP;USDTRYKP.CX;2025-10-31;329.2;325.3;1.2;0;0;0;0;0;0;0;0;0;0;0;;;;;
2025-10-16;O_P_USDTRYKE1025P43000;FIZ. USDTRY_10/2025_AVRUPA_OPSIYON;D_CR;PCO;D_CR_EPP;DE_USDTRYKP_EPP;USDTRYKP.CX;2025-10-31;724.4;713.2;1.57;0;0;0;0;0;0;0;0;0;0;0;;;;;
2025-10-16;O_P_USDTRYKE1025P43500;FIZ. USDTRY_10/2025_AVRUPA_OPSIYON;D_CR;PCO;D_CR_EPP;DE_USDTRYKP_EPP;USDTRYKP.CX;2025-10-31;1193.9;1181.7;1.03;0;0;0;0;0;0;0;0;0;0;0;;;;;
2025-10-16;O_P_USDTRYKE1125C43500;FIZ. USDTRY_11/2025_AVRUPA_OPSIYON;D_CR;PCO;D_CR_ECP;DE_USDTRYKP_ECP;USDTRYKP.CX;2025-11-28;579.6;600.4;-3.46;0;0;0;0;0;0;0;0;0;0;0;;;;;
2025-10-16;O_P_USDTRYKE1125P43500;FIZ. USDTRY_11/2025_AVRUPA_OPSIYON;D_CR;PCO;D_CR_EPP;DE_USDTRYKP_EPP;USDTRYKP.CX;2025-11-28;609.9;604.9;0.83;0;0;0;0;0;0;0;0;0;0;0;;;;;
2025-10-16;O_SAHOLE1025C100.00;SAHOL_10/2025_AVRUPA_OPSIYON;D_EQ;SSO;D_EQ_ECP;DE_SAHOL_ECP;SAHOL.E;2025-10-31;0.01;0.03;-66.67;0;0;0;0;0;0;0;0;0;900;0;;;;;
2025-10-16;O_SAHOLE1025C105.00;SAHOL_10/2025_AVRUPA_OPSIYON;D_EQ;SSO;D_EQ_ECP;DE_SAHOL_ECP;SAHOL.E;2025-10-31;0.01;0.01;0;0;0;0;0;0;0;0;0;0;1118;0;;;;;
2025-10-16;O_SAHOLE1025C110.00;SAHOL_10/2025_AVRUPA_OPSIYON;D_EQ;SSO;D_EQ_ECP;DE_SAHOL_ECP;SAHOL.E;2025-10-31;0.01;0.01;0;0;0;0;0;0;0;0;0;0;100;0;;;;;
2025-10-16;O_SAHOLE1025C115.00;SAHOL_10/2025_AVRUPA_OPSIYON;D_EQ;SSO;D_EQ_ECP;DE_SAHOL_ECP;SAHOL.E;2025-10-31;0.01;0.01;0;0;0;0;0;0;0;0;0;0;1630;0;;;;;
2025-10-16;O_SAHOLE1025C120.00;SAHOL_10/2025_AVRUPA_OPSIYON;D_EQ;SSO;D_EQ_ECP;DE_SAHOL_ECP;SAHOL.E;2025-10-31;0.01;0.01;0;0;0;0;0;0;0;0;0;0;130;0;;;;;
2025-10-16;O_SAHOLE1025C125.00;SAHOL_10/2025_AVRUPA_OPSIYON;D_EQ;SSO;D_EQ_ECP;DE_SAHOL_ECP;SAHOL.E;2025-10-31;0.01;0.01;0;0;0;0;0;0;0;0;0;0;0;0;;;;;
2025-10-16;O_SAHOLE1025C130.00;SAHOL_10/2025_AVRUPA_OPSIYON;D_EQ;SSO;D_EQ_ECP;DE_SAHOL_ECP;SAHOL.E;2025-10-31;0.01;0.01;0;0;0;0;0;0;0;0;0;0;0;0;;;;;
2025-10-16;O_SAHOLE1025C135.00;SAHOL_10/2025_AVRUPA_OPSIYON;D_EQ;SSO;D_EQ_ECP;DE_SAHOL_ECP;SAHOL.E;2025-10-31;0.01;0.01;0;0;0;0;0;0;0;0;0;0;0;0;;;;;
2025-10-16;O_SAHOLE1025C78.00;SAHOL_10/2025_AVRUPA_OPSIYON;D_EQ;SSO;D_EQ_ECP;DE_SAHOL_ECP;SAHOL.E;2025-10-31;3.34;4.18;-20.1;0;0;0;0;0;0;0;0;0;0;0;;;;;
2025-10-16;O_SAHOLE1025C80.00;SAHOL_10/2025_AVRUPA_OPSIYON;D_EQ;SSO;D_EQ_ECP;DE_SAHOL_ECP;SAHOL.E;2025-10-31;2.39;3.1;-22.9;2.18;2.18;2.18;2.18;2.18;800000;21800;100;2;100;100;;;;;
2025-10-16;O_SAHOLE1025C82.00;SAHOL_10/2025_AVRUPA_OPSIYON;D_EQ;SSO;D_EQ_ECP;DE_SAHOL_ECP;SAHOL.E;2025-10-31;1.65;2.23;-26.01;1.28;1.28;1.62;1.62;1.31;18860000;301800;2300;143;2000;1960;;;;;
2025-10-16;O_SAHOLE1025C84.00;SAHOL_10/2025_AVRUPA_OPSIYON;D_EQ;SSO;D_EQ_ECP;DE_SAHOL_ECP;SAHOL.E;2025-10-31;1.1;1.55;-29.03;0.86;0.84;0.92;0.9;0.9;22680000;242196;2700;34;2502;1500;;;;;
2025-10-16;O_SAHOLE1025C86.00;SAHOL_10/2025_AVRUPA_OPSIYON;D_EQ;SSO;D_EQ_ECP;DE_SAHOL_ECP;SAHOL.E;2025-10-31;0.71;1.04;-31.73;0.46;0.46;0.62;0.62;0.58;3388400;22828;394;5;1661;294;;;;;
2025-10-16;O_SAHOLE1025C88.00;SAHOL_10/2025_AVRUPA_OPSIYON;D_EQ;SSO;D_EQ_ECP;DE_SAHOL_ECP;SAHOL.E;2025-10-31;0.44;0.68;-35.29;0.22;0.22;0.22;0.22;0.22;862400;2156;98;1;4491;0;;;;;
2025-10-16;O_SAHOLE1025C90.00;SAHOL_10/2025_AVRUPA_OPSIYON;D_EQ;SSO;D_EQ_ECP;DE_SAHOL_ECP;SAHOL.E;2025-10-31;0.26;0.43;-39.53;0;0;0;0;0;0;0;0;0;3005;0;;;;;
2025-10-16;O_SAHOLE1025C92.00;SAHOL_10/2025_AVRUPA_OPSIYON;D_EQ;SSO;D_EQ_ECP;DE_SAHOL_ECP;SAHOL.E;2025-10-31;0.15;0.26;-42.31;0;0;0;0;0;0;0;0;0;254;0;;;;;
2025-10-16;O_SAHOLE1025C94.00;SAHOL_10/2025_AVRUPA_OPSIYON;D_EQ;SSO;D_EQ_ECP;DE_SAHOL_ECP;SAHOL.E;2025-10-31;0.08;0.16;-50;0;0;0;0;0;0;0;0;0;189;0;;;;;
2025-10-16;O_SAHOLE1025C96.00;SAHOL_10/2025_AVRUPA_OPSIYON;D_EQ;SSO;D_EQ_ECP;DE_SAHOL_ECP;SAHOL.E;2025-10-31;0.05;0.09;-44.44;0;0;0;0;0;0;0;0;0;400;0;;;;;
2025-10-16;O_SAHOLE1025C98.00;SAHOL_10/2025_AVRUPA_OPSIYON;D_EQ;SSO;D_EQ_ECP;DE_SAHOL_ECP;SAHOL.E;2025-10-31;0.02;0.05;-60;0;0;0;0;0;0;0;0;0;400;0;;;;;
2025-10-16;O_SAHOLE1025P100.00;SAHOL_10/2025_AVRUPA_OPSIYON;D_EQ;SSO;D_EQ_EPP;DE_SAHOL_EPP;SAHOL.E;2025-10-31;20.66;19.43;6.33;0;0;0;0;0;0;0;0;0;73;0;;;;;
2025-10-16;O_SAHOLE1025P105.00;SAHOL_10/2025_AVRUPA_OPSIYON;D_EQ;SSO;D_EQ_EPP;DE_SAHOL_EPP;SAHOL.E;2025-10-31;25.58;24.32;5.18;0;0;0;0;0;0;0;0;0;63;0;;;;;
2025-10-16;O_SAHOLE1025P110.00;SAHOL_10/2025_AVRUPA_OPSIYON;D_EQ;SSO;D_EQ_EPP;DE_SAHOL_EPP;SAHOL.E;2025-10-31;30.5;29.23;4.34;0;0;0;0;0;0;0;0;0;63;0;;;;;
2025-10-16;O_SAHOLE1025P68.00;SAHOL_10/2025_AVRUPA_OPSIYON;D_EQ;SSO;D_EQ_EPP;DE_SAHOL_EPP;SAHOL.E;2025-10-31;0.14;0.11;27.27;0;0;0;0;0;0;0;0;0;0;0;;;;;
2025-10-16;O_SAHOLE1025P70.00;SAHOL_10/2025_AVRUPA_OPSIYON;D_EQ;SSO;D_EQ_EPP;DE_SAHOL_EPP;SAHOL.E;2025-10-31;0.29;0.23;26.09;0;0;0;0;0;0;0;0;0;0;0;;;;;
2025-10-16;O_SAHOLE1025P72.00;SAHOL_10/2025_AVRUPA_OPSIYON;D_EQ;SSO;D_EQ_EPP;DE_SAHOL_EPP;SAHOL.E;2025-10-31;0.54;0.43;25.58;0;0;0;0;0;0;0;0;0;0;0;;;;;
2025-10-16;O_SAHOLE1025P74.00;SAHOL_10/2025_AVRUPA_OPSIYON;D_EQ;SSO;D_EQ_EPP;DE_SAHOL_EPP;SAHOL.E;2025-10-31;0.95;0.77;23.38;0;0;0;0;0;0;0;0;0;0;0;;;;;
2025-10-16;O_SAHOLE1025P76.00;SAHOL_10/2025_AVRUPA_OPSIYON;D_EQ;SSO;D_EQ_EPP;DE_SAHOL_EPP;SAHOL.E;2025-10-31;1.54;1.26;22.22;0;0;0;0;0;0;0;0;0;358;0;;;;;
2025-10-16;O_SAHOLE1025P78.00;SAHOL_10/2025_AVRUPA_OPSIYON;D_EQ;SSO;D_EQ_EPP;DE_SAHOL_EPP;SAHOL.E;2025-10-31;2.34;1.94;20.62;0;0;0;0;0;0;0;0;0;1450;0;;;;;
2025-10-16;O_SAHOLE1025P80.00;SAHOL_10/2025_AVRUPA_OPSIYON;D_EQ;SSO;D_EQ_EPP;DE_SAHOL_EPP;SAHOL.E;2025-10-31;3.35;2.83;18.37;2.24;2.24;2.24;2.24;2.24;2400000;67200;300;6;4140;0;;;;;
2025-10-16;O_SAHOLE1025P82.00;SAHOL_10/2025_AVRUPA_OPSIYON;D_EQ;SSO;D_EQ_EPP;DE_SAHOL_EPP;SAHOL.E;2025-10-31;4.58;3.92;16.84;3.66;2.98;3.68;2.98;3.44;2410800;101136;294;3;3172;206;;;;;
2025-10-16;O_SAHOLE1025P84.00;SAHOL_10/2025_AVRUPA_OPSIYON;D_EQ;SSO;D_EQ_EPP;DE_SAHOL_EPP;SAHOL.E;2025-10-31;6;5.21;15.16;4.32;4.32;4.32;4.32;4.32;1646400;84672;196;2;1129;196;;;;;
2025-10-16;O_SAHOLE1025P86.00;SAHOL_10/2025_AVRUPA_OPSIYON;D_EQ;SSO;D_EQ_EPP;DE_SAHOL_EPP;SAHOL.E;2025-10-31;7.57;6.67;13.49;0;0;0;0;0;0;0;0;0;108;0;;;;;
2025-10-16;O_SAHOLE1025P88.00;SAHOL_10/2025_AVRUPA_OPSIYON;D_EQ;SSO;D_EQ_EPP;DE_SAHOL_EPP;SAHOL.E;2025-10-31;9.27;8.28;11.96;0;0;0;0;0;0;0;0;0;1202;0;;;;;
2025-10-16;O_SAHOLE1025P90.00;SAHOL_10/2025_AVRUPA_OPSIYON;D_EQ;SSO;D_EQ_EPP;DE_SAHOL_EPP;SAHOL.E;2025-10-31;11.07;9.99;10.81;0;0;0;0;0;0;0;0;0;478;0;;;;;
2025-10-16;O_SAHOLE1025P92.00;SAHOL_10/2025_AVRUPA_OPSIYON;D_EQ;SSO;D_EQ_EPP;DE_SAHOL_EPP;SAHOL.E;2025-10-31;12.93;11.79;9.67;0;0;0;0;0;0;0;0;0;40;0;;;;;
2025-10-16;O_SAHOLE1025P94.00;SAHOL_10/2025_AVRUPA_OPSIYON;D_EQ;SSO;D_EQ_EPP;DE_SAHOL_EPP;SAHOL.E;2025-10-31;14.83;13.65;8.64;0;0;0;0;0;0;0;0;0;200;0;;;;;
2025-10-16;O_SAHOLE1025P96.00;SAHOL_10/2025_AVRUPA_OPSIYON;D_EQ;SSO;D_EQ_EPP;DE_SAHOL_EPP;SAHOL.E;2025-10-31;16.76;15.55;7.78;0;0;0;0;0;0;0;0;0;98;0;;;;;
2025-10-16;O_SAHOLE1025P98.00;SAHOL_10/2025_AVRUPA_OPSIYON;D_EQ;SSO;D_EQ_EPP;DE_SAHOL_EPP;SAHOL.E;2025-10-31;18.71;17.48;7.04;0;0;0;0;0;0;0;0;0;153;0;;;;;
2025-10-16;O_SAHOLE1125C100.00;SAHOL_11/2025_AVRUPA_OPSIYON;D_EQ;SSO;D_EQ_ECP;DE_SAHOL_ECP;SAHOL.E;2025-11-28;0.56;0.73;-23.29;0;0;0;0;0;0;0;0;0;607;0;;;;;
2025-10-16;O_SAHOLE1125C105.00;SAHOL_11/2025_AVRUPA_OPSIYON;D_EQ;SSO;D_EQ_ECP;DE_SAHOL_ECP;SAHOL.E;2025-11-28;0.28;0.38;-26.32;0;0;0;0;0;0;0;0;0;100;0;;;;;
2025-10-16;O_SAHOLE1125C110.00;SAHOL_11/2025_AVRUPA_OPSIYON;D_EQ;SSO;D_EQ_ECP;DE_SAHOL_ECP;SAHOL.E;2025-11-28;0.13;0.19;-31.58;0;0;0;0;0;0;0;0;0;7300;0;;;;;
2025-10-16;O_SAHOLE1125C115.00;SAHOL_11/2025_AVRUPA_OPSIYON;D_EQ;SSO;D_EQ_ECP;DE_SAHOL_ECP;SAHOL.E;2025-11-28;0.06;0.09;-33.33;0;0;0;0;0;0;0;0;0;0;0;;;;;
2025-10-16;O_SAHOLE1125C120.00;SAHOL_11/2025_AVRUPA_OPSIYON;D_EQ;SSO;D_EQ_ECP;DE_SAHOL_ECP;SAHOL.E;2025-11-28;0.03;0.04;-25;0;0;0;0;0;0;0;0;0;0;0;;;;;
2025-10-16;O_SAHOLE1125C125.00;SAHOL_11/2025_AVRUPA_OPSIYON;D_EQ;SSO;D_EQ_ECP;DE_SAHOL_ECP;SAHOL.E;2025-11-28;0.01;0.02;-50;0;0;0;0;0;0;0;0;0;1;0;;;;;
2025-10-16;O_SAHOLE1125C130.00;SAHOL_11/2025_AVRUPA_OPSIYON;D_EQ;SSO;D_EQ_ECP;DE_SAHOL_ECP;SAHOL.E;2025-11-28;0.01;0.01;0;0;0;0;0;0;0;0;0;0;0;0;;;;;
2025-10-16;O_SAHOLE1125C135.00;SAHOL_11/2025_AVRUPA_OPSIYON;D_EQ;SSO;D_EQ_ECP;DE_SAHOL_ECP;SAHOL.E;2025-11-28;0.01;0.01;0;0;0;0;0;0;0;0;0;0;0;0;;;;;
2025-10-16;O_SAHOLE1125C80.00;SAHOL_11/2025_AVRUPA_OPSIYON;D_EQ;SSO;D_EQ_ECP;DE_SAHOL_ECP;SAHOL.E;2025-11-28;5.43;6.21;-12.56;0;0;0;0;0;0;0;0;0;0;0;;;;;
2025-10-16;O_SAHOLE1125C82.00;SAHOL_11/2025_AVRUPA_OPSIYON;D_EQ;SSO;D_EQ_ECP;DE_SAHOL_ECP;SAHOL.E;2025-11-28;4.51;5.22;-13.6;0;0;0;0;0;0;0;0;0;0;0;;;;;
2025-10-16;O_SAHOLE1125C84.00;SAHOL_11/2025_AVRUPA_OPSIYON;D_EQ;SSO;D_EQ_ECP;DE_SAHOL_ECP;SAHOL.E;2025-11-28;3.71;4.34;-14.52;2.74;2.74;2.74;2.74;2.74;84000;2740;10;1;10;10;;;;;
2025-10-16;O_SAHOLE1125C86.00;SAHOL_11/2025_AVRUPA_OPSIYON;D_EQ;SSO;D_EQ_ECP;DE_SAHOL_ECP;SAHOL.E;2025-11-28;3.02;3.58;-15.64;2.25;2.25;2.25;2.25;2.25;86000;2250;10;1;20;0;;;;;
2025-10-16;O_SAHOLE1125C88.00;SAHOL_11/2025_AVRUPA_OPSIYON;D_EQ;SSO;D_EQ_ECP;DE_SAHOL_ECP;SAHOL.E;2025-11-28;2.44;2.93;-16.72;0;0;0;0;0;0;0;0;0;0;0;;;;;
2025-10-16;O_SAHOLE1125C90.00;SAHOL_11/2025_AVRUPA_OPSIYON;D_EQ;SSO;D_EQ_ECP;DE_SAHOL_ECP;SAHOL.E;2025-11-28;1.95;2.37;-17.72;0;0;0;0;0;0;0;0;0;0;0;;;;;
2025-10-16;O_SAHOLE1125C92.00;SAHOL_11/2025_AVRUPA_OPSIYON;D_EQ;SSO;D_EQ_ECP;DE_SAHOL_ECP;SAHOL.E;2025-11-28;1.54;1.9;-18.95;0;0;0;0;0;0;0;0;0;2;0;;;;;
2025-10-16;O_SAHOLE1125C94.00;SAHOL_11/2025_AVRUPA_OPSIYON;D_EQ;SSO;D_EQ_ECP;DE_SAHOL_ECP;SAHOL.E;2025-11-28;1.21;1.52;-20.39;0;0;0;0;0;0;0;0;0;0;0;;;;;
2025-10-16;O_SAHOLE1125C96.00;SAHOL_11/2025_AVRUPA_OPSIYON;D_EQ;SSO;D_EQ_ECP;DE_SAHOL_ECP;SAHOL.E;2025-11-28;0.95;1.2;-20.83;0;0;0;0;0;0;0;0;0;100;0;;;;;
2025-10-16;O_SAHOLE1125C98.00;SAHOL_11/2025_AVRUPA_OPSIYON;D_EQ;SSO;D_EQ_ECP;DE_SAHOL_ECP;SAHOL.E;2025-11-28;0.73;0.94;-22.34;0;0;0;0;0;0;0;0;0;612;0;;;;;
2025-10-16;O_SAHOLE1125P100.00;SAHOL_11/2025_AVRUPA_OPSIYON;D_EQ;SSO;D_EQ_EPP;DE_SAHOL_EPP;SAHOL.E;2025-11-28;18.38;17.3;6.24;0;0;0;0;0;0;0;0;0;0;0;;;;;
2025-10-16;O_SAHOLE1125P105.00;SAHOL_11/2025_AVRUPA_OPSIYON;D_EQ;SSO;D_EQ_EPP;DE_SAHOL_EPP;SAHOL.E;2025-11-28;22.88;21.73;5.29;0;0;0;0;0;0;0;0;0;0;0;;;;;
2025-10-16;O_SAHOLE1125P110.00;SAHOL_11/2025_AVRUPA_OPSIYON;D_EQ;SSO;D_EQ_EPP;DE_SAHOL_EPP;SAHOL.E;2025-11-28;27.52;26.31;4.6;0;0;0;0;0;0;0;0;0;0;0;;;;;
2025-10-16;O_SAHOLE1125P70.00;SAHOL_11/2025_AVRUPA_OPSIYON;D_EQ;SSO;D_EQ_EPP;DE_SAHOL_EPP;SAHOL.E;2025-11-28;0.97;0.84;15.48;0.7;0.6;0.7;0.6;0.61;770000;6700;110;6;110;110;;;;;
2025-10-16;O_SAHOLE1125P72.00;SAHOL_11/2025_AVRUPA_OPSIYON;D_EQ;SSO;D_EQ_EPP;DE_SAHOL_EPP;SAHOL.E;2025-11-28;1.38;1.19;15.97;0;0;0;0;0;0;0;0;0;10;0;;;;;
2025-10-16;O_SAHOLE1125P74.00;SAHOL_11/2025_AVRUPA_OPSIYON;D_EQ;SSO;D_EQ_EPP;DE_SAHOL_EPP;SAHOL.E;2025-11-28;1.89;1.65;14.55;1.6;1.6;1.6;1.6;1.6;740000;16000;100;2;531;100;;;;;
2025-10-16;O_SAHOLE1125P76.00;SAHOL_11/2025_AVRUPA_OPSIYON;D_EQ;SSO;D_EQ_EPP;DE_SAHOL_EPP;SAHOL.E;2025-11-28;2.51;2.21;13.57;2.02;1.81;2.04;1.81;1.95;2834800;72629;373;7;3341;237;;;;;
2025-10-16;O_SAHOLE1125P78.00;SAHOL_11/2025_AVRUPA_OPSIYON;D_EQ;SSO;D_EQ_EPP;DE_SAHOL_EPP;SAHOL.E;2025-11-28;3.26;2.88;13.19;2.64;2.5;2.71;2.53;2.56;3556800;116812;456;9;6993;0;;;;;
2025-10-16;O_SAHOLE1125P80.00;SAHOL_11/2025_AVRUPA_OPSIYON;D_EQ;SSO;D_EQ_EPP;DE_SAHOL_EPP;SAHOL.E;2025-11-28;4.13;3.68;12.23;3.26;3.2;3.54;3.43;3.28;1328000;54428;166;5;545;136;;;;;
2025-10-16;O_SAHOLE1125P82.00;SAHOL_11/2025_AVRUPA_OPSIYON;D_EQ;SSO;D_EQ_EPP;DE_SAHOL_EPP;SAHOL.E;2025-11-28;5.12;4.6;11.3;4.08;4.08;4.08;4.08;4.08;820000;40800;100;2;586;100;;;;;
2025-10-16;O_SAHOLE1125P84.00;SAHOL_11/2025_AVRUPA_OPSIYON;D_EQ;SSO;D_EQ_EPP;DE_SAHOL_EPP;SAHOL.E;2025-11-28;6.23;5.63;10.66;5.06;5.06;5.06;5.06;5.06;571200;34408;68;1;522;68;;;;;
2025-10-16;O_SAHOLE1125P86.00;SAHOL_11/2025_AVRUPA_OPSIYON;D_EQ;SSO;D_EQ_EPP;DE_SAHOL_EPP;SAHOL.E;2025-11-28;7.46;6.78;10.03;6.2;6.2;6.2;6.2;6.2;584800;42160;68;1;272;68;;;;;
2025-10-16;O_SAHOLE1125P88.00;SAHOL_11/2025_AVRUPA_OPSIYON;D_EQ;SSO;D_EQ_EPP;DE_SAHOL_EPP;SAHOL.E;2025-11-28;8.78;8.04;9.2;0;0;0;0;0;0;0;0;0;68;0;;;;;
2025-10-16;O_SAHOLE1125P90.00;SAHOL_11/2025_AVRUPA_OPSIYON;D_EQ;SSO;D_EQ_EPP;DE_SAHOL_EPP;SAHOL.E;2025-11-28;10.21;9.39;8.73;0;0;0;0;0;0;0;0;0;0;0;;;;;
2025-10-16;O_SAHOLE1125P92.00;SAHOL_11/2025_AVRUPA_OPSIYON;D_EQ;SSO;D_EQ_EPP;DE_SAHOL_EPP;SAHOL.E;2025-11-28;11.72;10.83;8.22;0;0;0;0;0;0;0;0;0;0;0;;;;;
2025-10-16;O_SAHOLE1125P94.00;SAHOL_11/2025_AVRUPA_OPSIYON;D_EQ;SSO;D_EQ_EPP;DE_SAHOL_EPP;SAHOL.E;2025-11-28;13.3;12.36;7.61;0;0;0;0;0;0;0;0;0;0;0;;;;;
2025-10-16;O_SAHOLE1125P96.00;SAHOL_11/2025_AVRUPA_OPSIYON;D_EQ;SSO;D_EQ_EPP;DE_SAHOL_EPP;SAHOL.E;2025-11-28;14.94;13.95;7.1;0;0;0;0;0;0;0;0;0;0;0;;;;;
2025-10-16;O_SAHOLE1125P98.00;SAHOL_11/2025_AVRUPA_OPSIYON;D_EQ;SSO;D_EQ_EPP;DE_SAHOL_EPP;SAHOL.E;2025-11-28;16.64;15.6;6.67;0;0;0;0;0;0;0;0;0;68;0;;;;;
2025-10-16;O_SAHOLE1225C100.00;SAHOL_12/2025_AVRUPA_OPSIYON;D_EQ;SSO;D_EQ_ECP;DE_SAHOL_ECP;SAHOL.E;2025-12-31;2.23;2.61;-14.56;0;0;0;0;0;0;0;0;0;0;0;;;;;
2025-10-16;O_SAHOLE1225C105.00;SAHOL_12/2025_AVRUPA_OPSIYON;D_EQ;SSO;D_EQ_ECP;DE_SAHOL_ECP;SAHOL.E;2025-12-31;1.49;1.76;-15.34;0;0;0;0;0;0;0;0;0;0;0;;;;;
2025-10-16;O_SAHOLE1225C110.00;SAHOL_12/2025_AVRUPA_OPSIYON;D_EQ;SSO;D_EQ_ECP;DE_SAHOL_ECP;SAHOL.E;2025-12-31;0.97;1.17;-17.09;0;0;0;0;0;0;0;0;0;0;0;;;;;
2025-10-16;O_SAHOLE1225C115.00;SAHOL_12/2025_AVRUPA_OPSIYON;D_EQ;SSO;D_EQ_ECP;DE_SAHOL_ECP;SAHOL.E;2025-12-31;0.62;0.77;-19.48;0;0;0;0;0;0;0;0;0;0;0;;;;;
2025-10-16;O_SAHOLE1225C120.00;SAHOL_12/2025_AVRUPA_OPSIYON;D_EQ;SSO;D_EQ_ECP;DE_SAHOL_ECP;SAHOL.E;2025-12-31;0.39;0.49;-20.41;0;0;0;0;0;0;0;0;0;0;0;;;;;
2025-10-16;O_SAHOLE1225C82.00;SAHOL_12/2025_AVRUPA_OPSIYON;D_EQ;SSO;D_EQ_ECP;DE_SAHOL_ECP;SAHOL.E;2025-12-31;8.01;8.84;-9.39;0;0;0;0;0;0;0;0;0;0;0;;;;;
2025-10-16;O_SAHOLE1225C84.00;SAHOL_12/2025_AVRUPA_OPSIYON;D_EQ;SSO;D_EQ_ECP;DE_SAHOL_ECP;SAHOL.E;2025-12-31;7.06;7.84;-9.95;0;0;0;0;0;0;0;0;0;0;0;;;;;
2025-10-16;O_SAHOLE1225C86.00;SAHOL_12/2025_AVRUPA_OPSIYON;D_EQ;SSO;D_EQ_ECP;DE_SAHOL_ECP;SAHOL.E;2025-12-31;6.2;6.93;-10.53;0;0;0;0;0;0;0;0;0;0;0;;;;;
2025-10-16;O_SAHOLE1225C88.00;SAHOL_12/2025_AVRUPA_OPSIYON;D_EQ;SSO;D_EQ_ECP;DE_SAHOL_ECP;SAHOL.E;2025-12-31;5.43;6.09;-10.84;0;0;0;0;0;0;0;0;0;0;0;;;;;
2025-10-16;O_SAHOLE1225C90.00;SAHOL_12/2025_AVRUPA_OPSIYON;D_EQ;SSO;D_EQ_ECP;DE_SAHOL_ECP;SAHOL.E;2025-12-31;4.72;5.34;-11.61;0;0;0;0;0;0;0;0;0;0;0;;;;;
2025-10-16;O_SAHOLE1225C92.00;SAHOL_12/2025_AVRUPA_OPSIYON;D_EQ;SSO;D_EQ_ECP;DE_SAHOL_ECP;SAHOL.E;2025-12-31;4.1;4.66;-12.02;0;0;0;0;0;0;0;0;0;0;0;;;;;
2025-10-16;O_SAHOLE1225C94.00;SAHOL_12/2025_AVRUPA_OPSIYON;D_EQ;SSO;D_EQ_ECP;DE_SAHOL_ECP;SAHOL.E;2025-12-31;3.54;4.05;-12.59;0;0;0;0;0;0;0;0;0;0;0;;;;;
2025-10-16;O_SAHOLE1225C96.00;SAHOL_12/2025_AVRUPA_OPSIYON;D_EQ;SSO;D_EQ_ECP;DE_SAHOL_ECP;SAHOL.E;2025-12-31;3.05;3.51;-13.11;0;0;0;0;0;0;0;0;0;0;0;;;;;
2025-10-16;O_SAHOLE1225C98.00;SAHOL_12/2025_AVRUPA_OPSIYON;D_EQ;SSO;D_EQ_ECP;DE_SAHOL_ECP;SAHOL.E;2025-12-31;2.61;3.03;-13.86;0;0;0;0;0;0;0;0;0;0;0;;;;;
2025-10-16;O_SAHOLE1225P72.00;SAHOL_12/2025_AVRUPA_OPSIYON;D_EQ;SSO;D_EQ_EPP;DE_SAHOL_EPP;SAHOL.E;2025-12-31;1.62;1.45;11.72;0;0;0;0;0;0;0;0;0;0;0;;;;;
2025-10-16;O_SAHOLE1225P74.00;SAHOL_12/2025_AVRUPA_OPSIYON;D_EQ;SSO;D_EQ_EPP;DE_SAHOL_EPP;SAHOL.E;2025-12-31;2.08;1.86;11.83;0;0;0;0;0;19980000;612900;2700;1;2700;2700;;;;;
2025-10-16;O_SAHOLE1225P76.00;SAHOL_12/2025_AVRUPA_OPSIYON;D_EQ;SSO;D_EQ_EPP;DE_SAHOL_EPP;SAHOL.E;2025-12-31;2.61;2.35;11.06;0;0;0;0;0;0;0;0;0;0;0;;;;;
2025-10-16;O_SAHOLE1225P78.00;SAHOL_12/2025_AVRUPA_OPSIYON;D_EQ;SSO;D_EQ_EPP;DE_SAHOL_EPP;SAHOL.E;2025-12-31;3.23;2.92;10.62;0;0;0;0;0;0;0;0;0;0;0;;;;;
2025-10-16;O_SAHOLE1225P80.00;SAHOL_12/2025_AVRUPA_OPSIYON;D_EQ;SSO;D_EQ_EPP;DE_SAHOL_EPP;SAHOL.E;2025-12-31;3.93;3.57;10.08;0;0;0;0;0;0;0;0;0;0;0;;;;;
2025-10-16;O_SAHOLE1225P82.00;SAHOL_12/2025_AVRUPA_OPSIYON;D_EQ;SSO;D_EQ_EPP;DE_SAHOL_EPP;SAHOL.E;2025-12-31;4.72;4.3;9.77;0;0;0;0;0;0;0;0;0;0;0;;;;;
2025-10-16;O_SAHOLE1225P84.00;SAHOL_12/2025_AVRUPA_OPSIYON;D_EQ;SSO;D_EQ_EPP;DE_SAHOL_EPP;SAHOL.E;2025-12-31;5.59;5.12;9.18;0;0;0;0;0;0;0;0;0;0;0;;;;;
2025-10-16;O_SAHOLE1225P86.00;SAHOL_12/2025_AVRUPA_OPSIYON;D_EQ;SSO;D_EQ_EPP;DE_SAHOL_EPP;SAHOL.E;2025-12-31;6.55;6.02;8.8;0;0;0;0;0;0;0;0;0;0;0;;;;;
2025-10-16;O_SAHOLE1225P88.00;SAHOL_12/2025_AVRUPA_OPSIYON;D_EQ;SSO;D_EQ_EPP;DE_SAHOL_EPP;SAHOL.E;2025-12-31;7.59;7.01;8.27;0;0;0;0;0;0;0;0;0;0;0;;;;;
2025-10-16;O_SAHOLE1225P90.00;SAHOL_12/2025_AVRUPA_OPSIYON;D_EQ;SSO;D_EQ_EPP;DE_SAHOL_EPP;SAHOL.E;2025-12-31;8.7;8.07;7.81;0;0;0;0;0;0;0;0;0;0;0;;;;;
2025-10-16;O_SAHOLE1225P92.00;SAHOL_12/2025_AVRUPA_OPSIYON;D_EQ;SSO;D_EQ_EPP;DE_SAHOL_EPP;SAHOL.E;2025-12-31;9.89;9.2;7.5;0;0;0;0;0;0;0;0;0;0;0;;;;;
2025-10-16;O_SAHOLE1225P94.00;SAHOL_12/2025_AVRUPA_OPSIYON;D_EQ;SSO;D_EQ_EPP;DE_SAHOL_EPP;SAHOL.E;2025-12-31;11.15;10.41;7.11;0;0;0;0;0;0;0;0;0;0;0;;;;;
2025-10-16;O_SAHOLE1225P96.00;SAHOL_12/2025_AVRUPA_OPSIYON;D_EQ;SSO;D_EQ_EPP;DE_SAHOL_EPP;SAHOL.E;2025-12-31;12.48;11.68;6.85;0;0;0;0;0;0;0;0;0;0;0;;;;;
2025-10-16;O_SAHOLE1225P98.00;SAHOL_12/2025_AVRUPA_OPSIYON;D_EQ;SSO;D_EQ_EPP;DE_SAHOL_EPP;SAHOL.E;2025-12-31;13.86;13.02;6.45;0;0;0;0;0;0;0;0;0;0;0;;;;;
2025-10-16;O_SISEE1025C33.00;SISE_10/2025_AVRUPA_OPSIYON;D_EQ;SSO;D_EQ_ECP;DE_SISE_ECP;SISE.E;2025-10-31;1.38;2.31;-40.26;1.64;1.64;1.64;1.64;1.64;330000;16400;100;1;100;100;;;;;
2025-10-16;O_SISEE1025C34.00;SISE_10/2025_AVRUPA_OPSIYON;D_EQ;SSO;D_EQ_ECP;DE_SISE_ECP;SISE.E;2025-10-31;0.82;1.56;-47.44;1.03;1.03;1.03;1.03;1.03;340000;10300;100;1;100;100;;;;;
2025-10-16;O_SISEE1025C35.00;SISE_10/2025_AVRUPA_OPSIYON;D_EQ;SSO;D_EQ_ECP;DE_SISE_ECP;SISE.E;2025-10-31;0.45;0.97;-53.61;0;0;0;0;0;0;0;0;0;10;0;;;;;
2025-10-16;O_SISEE1025C36.00;SISE_10/2025_AVRUPA_OPSIYON;D_EQ;SSO;D_EQ_ECP;DE_SISE_ECP;SISE.E;2025-10-31;0.25;0.57;-56.14;0;0;0;0;0;0;0;0;0;0;0;;;;;
2025-10-16;O_SISEE1025C37.00;SISE_10/2025_AVRUPA_OPSIYON;D_EQ;SSO;D_EQ_ECP;DE_SISE_ECP;SISE.E;2025-10-31;0.15;0.32;-53.13;0;0;0;0;0;0;0;0;0;85;0;;;;;
2025-10-16;O_SISEE1025C38.00;SISE_10/2025_AVRUPA_OPSIYON;D_EQ;SSO;D_EQ_ECP;DE_SISE_ECP;SISE.E;2025-10-31;0.09;0.2;-55;0;0;0;0;0;0;0;0;0;100;0;;;;;
2025-10-16;O_SISEE1025C39.00;SISE_10/2025_AVRUPA_OPSIYON;D_EQ;SSO;D_EQ_ECP;DE_SISE_ECP;SISE.E;2025-10-31;0.06;0.13;-53.85;0;0;0;0;0;0;0;0;0;183;0;;;;;
2025-10-16;O_SISEE1025C40.00;SISE_10/2025_AVRUPA_OPSIYON;D_EQ;SSO;D_EQ_ECP;DE_SISE_ECP;SISE.E;2025-10-31;0.04;0.09;-55.56;0;0;0;0;0;0;0;0;0;0;0;;;;;
2025-10-16;O_SISEE1025C41.00;SISE_10/2025_AVRUPA_OPSIYON;D_EQ;SSO;D_EQ_ECP;DE_SISE_ECP;SISE.E;2025-10-31;0.03;0.06;-50;0;0;0;0;0;0;0;0;0;4725;0;;;;;
2025-10-16;O_SISEE1025C42.00;SISE_10/2025_AVRUPA_OPSIYON;D_EQ;SSO;D_EQ_ECP;DE_SISE_ECP;SISE.E;2025-10-31;0.02;0.05;-60;0;0;0;0;0;0;0;0;0;2500;0;;;;;
2025-10-16;O_SISEE1025C43.00;SISE_10/2025_AVRUPA_OPSIYON;D_EQ;SSO;D_EQ_ECP;DE_SISE_ECP;SISE.E;2025-10-31;0.02;0.03;-33.33;0;0;0;0;0;0;0;0;0;2766;0;;;;;
2025-10-16;O_SISEE1025C44.00;SISE_10/2025_AVRUPA_OPSIYON;D_EQ;SSO;D_EQ_ECP;DE_SISE_ECP;SISE.E;2025-10-31;0.01;0.03;-66.67;0;0;0;0;0;0;0;0;0;1504;0;;;;;
2025-10-16;O_SISEE1025C45.00;SISE_10/2025_AVRUPA_OPSIYON;D_EQ;SSO;D_EQ_ECP;DE_SISE_ECP;SISE.E;2025-10-31;0.01;0.02;-50;0;0;0;0;0;0;0;0;0;3392;0;;;;;
2025-10-16;O_SISEE1025C46.00;SISE_10/2025_AVRUPA_OPSIYON;D_EQ;SSO;D_EQ_ECP;DE_SISE_ECP;SISE.E;2025-10-31;0.01;0.02;-50;0;0;0;0;0;0;0;0;0;0;0;;;;;
2025-10-16;O_SISEE1025C47.00;SISE_10/2025_AVRUPA_OPSIYON;D_EQ;SSO;D_EQ_ECP;DE_SISE_ECP;SISE.E;2025-10-31;0.01;0.02;-50;0;0;0;0;0;0;0;0;0;0;0;;;;;
2025-10-16;O_SISEE1025C48.00;SISE_10/2025_AVRUPA_OPSIYON;D_EQ;SSO;D_EQ_ECP;DE_SISE_ECP;SISE.E;2025-10-31;0.01;0.01;0;0;0;0;0;0;0;0;0;0;0;0;;;;;
2025-10-16;O_SISEE1025C49.00;SISE_10/2025_AVRUPA_OPSIYON;D_EQ;SSO;D_EQ_ECP;DE_SISE_ECP;SISE.E;2025-10-31;0.01;0.01;0;0;0;0;0;0;0;0;0;0;0;0;;;;;
2025-10-16;O_SISEE1025C50.00;SISE_10/2025_AVRUPA_OPSIYON;D_EQ;SSO;D_EQ_ECP;DE_SISE_ECP;SISE.E;2025-10-31;0.01;0.01;0;0;0;0;0;0;0;0;0;0;0;0;;;;;
2025-10-16;O_SISEE1025C52.00;SISE_10/2025_AVRUPA_OPSIYON;D_EQ;SSO;D_EQ_ECP;DE_SISE_ECP;SISE.E;2025-10-31;0.01;0.01;0;0;0;0;0;0;0;0;0;0;0;0;;;;;
2025-10-16;O_SISEE1025C54.00;SISE_10/2025_AVRUPA_OPSIYON;D_EQ;SSO;D_EQ_ECP;DE_SISE_ECP;SISE.E;2025-10-31;0.01;0.01;0;0;0;0;0;0;0;0;0;0;0;0;;;;;
2025-10-16;O_SISEE1025C56.00;SISE_10/2025_AVRUPA_OPSIYON;D_EQ;SSO;D_EQ_ECP;DE_SISE_ECP;SISE.E;2025-10-31;0.01;0.01;0;0;0;0;0;0;0;0;0;0;0;0;;;;;
2025-10-16;O_SISEE1025P28.00;SISE_10/2025_AVRUPA_OPSIYON;D_EQ;SSO;D_EQ_EPP;DE_SISE_EPP;SISE.E;2025-10-31;0.01;0.01;0;0;0;0;0;0;0;0;0;0;0;0;;;;;
2025-10-16;O_SISEE1025P29.00;SISE_10/2025_AVRUPA_OPSIYON;D_EQ;SSO;D_EQ_EPP;DE_SISE_EPP;SISE.E;2025-10-31;0.03;0.02;50;0;0;0;0;0;0;0;0;0;0;0;;;;;
2025-10-16;O_SISEE1025P30.00;SISE_10/2025_AVRUPA_OPSIYON;D_EQ;SSO;D_EQ_EPP;DE_SISE_EPP;SISE.E;2025-10-31;0.06;0.04;50;0;0;0;0;0;0;0;0;0;0;0;;;;;
2025-10-16;O_SISEE1025P31.00;SISE_10/2025_AVRUPA_OPSIYON;D_EQ;SSO;D_EQ_EPP;DE_SISE_EPP;SISE.E;2025-10-31;0.12;0.07;71.43;0;0;0;0;0;0;0;0;0;0;0;;;;;
2025-10-16;O_SISEE1025P32.00;SISE_10/2025_AVRUPA_OPSIYON;D_EQ;SSO;D_EQ_EPP;DE_SISE_EPP;SISE.E;2025-10-31;0.24;0.14;71.43;0;0;0;0;0;0;0;0;0;10;0;;;;;
2025-10-16;O_SISEE1025P33.00;SISE_10/2025_AVRUPA_OPSIYON;D_EQ;SSO;D_EQ_EPP;DE_SISE_EPP;SISE.E;2025-10-31;0.49;0.25;96;0;0;0;0;0;0;0;0;0;87;0;;;;;
2025-10-16;O_SISEE1025P34.00;SISE_10/2025_AVRUPA_OPSIYON;D_EQ;SSO;D_EQ_EPP;DE_SISE_EPP;SISE.E;2025-10-31;0.91;0.48;89.58;0;0;0;0;0;0;0;0;0;752;0;;;;;
2025-10-16;O_SISEE1025P35.00;SISE_10/2025_AVRUPA_OPSIYON;D_EQ;SSO;D_EQ_EPP;DE_SISE_EPP;SISE.E;2025-10-31;1.53;0.87;75.86;1.25;1.25;1.25;1.25;1.25;2002000;71500;572;3;725;572;;;;;
2025-10-16;O_SISEE1025P36.00;SISE_10/2025_AVRUPA_OPSIYON;D_EQ;SSO;D_EQ_EPP;DE_SISE_EPP;SISE.E;2025-10-31;2.31;1.45;59.31;0;0;0;0;0;0;0;0;0;1697;0;;;;;
2025-10-16;O_SISEE1025P37.00;SISE_10/2025_AVRUPA_OPSIYON;D_EQ;SSO;D_EQ_EPP;DE_SISE_EPP;SISE.E;2025-10-31;3.2;2.19;46.12;0;0;0;0;0;0;0;0;0;1142;0;;;;;
2025-10-16;O_SISEE1025P38.00;SISE_10/2025_AVRUPA_OPSIYON;D_EQ;SSO;D_EQ_EPP;DE_SISE_EPP;SISE.E;2025-10-31;4.12;3.05;35.08;0;0;0;0;0;0;0;0;0;5732;0;;;;;
2025-10-16;O_SISEE1025P39.00;SISE_10/2025_AVRUPA_OPSIYON;D_EQ;SSO;D_EQ_EPP;DE_SISE_EPP;SISE.E;2025-10-31;5.08;3.97;27.96;0;0;0;0;0;0;0;0;0;2500;0;;;;;
2025-10-16;O_SISEE1025P40.00;SISE_10/2025_AVRUPA_OPSIYON;D_EQ;SSO;D_EQ_EPP;DE_SISE_EPP;SISE.E;2025-10-31;6.04;4.91;23.01;0;0;0;0;0;0;0;0;0;60;0;;;;;
2025-10-16;O_SISEE1025P41.00;SISE_10/2025_AVRUPA_OPSIYON;D_EQ;SSO;D_EQ_EPP;DE_SISE_EPP;SISE.E;2025-10-31;7.01;5.86;19.62;0;0;0;0;0;0;0;0;0;0;0;;;;;
2025-10-16;O_SISEE1025P42.00;SISE_10/2025_AVRUPA_OPSIYON;D_EQ;SSO;D_EQ_EPP;DE_SISE_EPP;SISE.E;2025-10-31;7.99;6.83;16.98;0;0;0;0;0;0;0;0;0;1000;0;;;;;
2025-10-16;O_SISEE1025P43.00;SISE_10/2025_AVRUPA_OPSIYON;D_EQ;SSO;D_EQ_EPP;DE_SISE_EPP;SISE.E;2025-10-31;8.97;7.8;15;0;0;0;0;0;0;0;0;0;20;0;;;;;
2025-10-16;O_SISEE1025P44.00;SISE_10/2025_AVRUPA_OPSIYON;D_EQ;SSO;D_EQ_EPP;DE_SISE_EPP;SISE.E;2025-10-31;9.95;8.78;13.33;0;0;0;0;0;0;0;0;0;0;0;;;;;
2025-10-16;O_SISEE1025P45.00;SISE_10/2025_AVRUPA_OPSIYON;D_EQ;SSO;D_EQ_EPP;DE_SISE_EPP;SISE.E;2025-10-31;10.93;9.76;11.99;0;0;0;0;0;0;0;0;0;0;0;;;;;
2025-10-16;O_SISEE1025P46.00;SISE_10/2025_AVRUPA_OPSIYON;D_EQ;SSO;D_EQ_EPP;DE_SISE_EPP;SISE.E;2025-10-31;11.92;10.74;10.99;0;0;0;0;0;0;0;0;0;0;0;;;;;
2025-10-16;O_SISEE1025P47.00;SISE_10/2025_AVRUPA_OPSIYON;D_EQ;SSO;D_EQ_EPP;DE_SISE_EPP;SISE.E;2025-10-31;12.9;11.72;10.07;0;0;0;0;0;0;0;0;0;0;0;;;;;
2025-10-16;O_SISEE1025P48.00;SISE_10/2025_AVRUPA_OPSIYON;D_EQ;SSO;D_EQ_EPP;DE_SISE_EPP;SISE.E;2025-10-31;13.88;12.7;9.29;0;0;0;0;0;0;0;0;0;0;0;;;;;
2025-10-16;O_SISEE1125C34.00;SISE_11/2025_AVRUPA_OPSIYON;D_EQ;SSO;D_EQ_ECP;DE_SISE_ECP;SISE.E;2025-11-28;1.94;2.79;-30.47;0;0;0;0;0;0;0;0;0;308;0;;;;;
2025-10-16;O_SISEE1125C35.00;SISE_11/2025_AVRUPA_OPSIYON;D_EQ;SSO;D_EQ_ECP;DE_SISE_ECP;SISE.E;2025-11-28;1.42;2.13;-33.33;1.48;1.48;1.48;1.48;1.48;24500;1036;7;2;158;0;;;;;
2025-10-16;O_SISEE1125C36.00;SISE_11/2025_AVRUPA_OPSIYON;D_EQ;SSO;D_EQ_ECP;DE_SISE_ECP;SISE.E;2025-11-28;1.04;1.59;-34.59;1.01;1.01;1.01;1.01;1.01;720000;20200;200;4;5630;-200;;;;;
2025-10-16;O_SISEE1125C37.00;SISE_11/2025_AVRUPA_OPSIYON;D_EQ;SSO;D_EQ_ECP;DE_SISE_ECP;SISE.E;2025-11-28;0.78;1.19;-34.45;0;0;0;0;0;0;0;0;0;0;0;;;;;
2025-10-16;O_SISEE1125C38.00;SISE_11/2025_AVRUPA_OPSIYON;D_EQ;SSO;D_EQ_ECP;DE_SISE_ECP;SISE.E;2025-11-28;0.63;0.88;-28.41;0;0;0;0;0;0;0;0;0;30;0;;;;;
2025-10-16;O_SISEE1125C39.00;SISE_11/2025_AVRUPA_OPSIYON;D_EQ;SSO;D_EQ_ECP;DE_SISE_ECP;SISE.E;2025-11-28;0.53;0.72;-26.39;0;0;0;0;0;0;0;0;0;3;0;;;;;
2025-10-16;O_SISEE1125C40.00;SISE_11/2025_AVRUPA_OPSIYON;D_EQ;SSO;D_EQ_ECP;DE_SISE_ECP;SISE.E;2025-11-28;0.45;0.61;-26.23;0;0;0;0;0;0;0;0;0;632;0;;;;;
2025-10-16;O_SISEE1125C41.00;SISE_11/2025_AVRUPA_OPSIYON;D_EQ;SSO;D_EQ_ECP;DE_SISE_ECP;SISE.E;2025-11-28;0.39;0.52;-25;0;0;0;0;0;0;0;0;0;0;0;;;;;
2025-10-16;O_SISEE1125C42.00;SISE_11/2025_AVRUPA_OPSIYON;D_EQ;SSO;D_EQ_ECP;DE_SISE_ECP;SISE.E;2025-11-28;0.34;0.46;-26.09;0;0;0;0;0;0;0;0;0;158;0;;;;;
2025-10-16;O_SISEE1125C43.00;SISE_11/2025_AVRUPA_OPSIYON;D_EQ;SSO;D_EQ_ECP;DE_SISE_ECP;SISE.E;2025-11-28;0.31;0.41;-24.39;0;0;0;0;0;0;0;0;0;4142;0;;;;;
2025-10-16;O_SISEE1125C44.00;SISE_11/2025_AVRUPA_OPSIYON;D_EQ;SSO;D_EQ_ECP;DE_SISE_ECP;SISE.E;2025-11-28;0.28;0.37;-24.32;0;0;0;0;0;0;0;0;0;0;0;;;;;
2025-10-16;O_SISEE1125C45.00;SISE_11/2025_AVRUPA_OPSIYON;D_EQ;SSO;D_EQ_ECP;DE_SISE_ECP;SISE.E;2025-11-28;0.26;0.34;-23.53;0;0;0;0;0;0;0;0;0;500;0;;;;;
2025-10-16;O_SISEE1125C46.00;SISE_11/2025_AVRUPA_OPSIYON;D_EQ;SSO;D_EQ_ECP;DE_SISE_ECP;SISE.E;2025-11-28;0.25;0.32;-21.88;0;0;0;0;0;0;0;0;0;0;0;;;;;
2025-10-16;O_SISEE1125C47.00;SISE_11/2025_AVRUPA_OPSIYON;D_EQ;SSO;D_EQ_ECP;DE_SISE_ECP;SISE.E;2025-11-28;0.24;0.31;-22.58;0;0;0;0;0;0;0;0;0;0;0;;;;;
2025-10-16;O_SISEE1125C48.00;SISE_11/2025_AVRUPA_OPSIYON;D_EQ;SSO;D_EQ_ECP;DE_SISE_ECP;SISE.E;2025-11-28;0.23;0.29;-20.69;0;0;0;0;0;0;0;0;0;0;0;;;;;
2025-10-16;O_SISEE1125C49.00;SISE_11/2025_AVRUPA_OPSIYON;D_EQ;SSO;D_EQ_ECP;DE_SISE_ECP;SISE.E;2025-11-28;0.22;0.28;-21.43;0;0;0;0;0;0;0;0;0;0;0;;;;;
2025-10-16;O_SISEE1125C50.00;SISE_11/2025_AVRUPA_OPSIYON;D_EQ;SSO;D_EQ_ECP;DE_SISE_ECP;SISE.E;2025-11-28;0.21;0.27;-22.22;0;0;0;0;0;0;0;0;0;0;0;;;;;
2025-10-16;O_SISEE1125P29.00;SISE_11/2025_AVRUPA_OPSIYON;D_EQ;SSO;D_EQ_EPP;DE_SISE_EPP;SISE.E;2025-11-28;0.23;0.19;21.05;0;0;0;0;0;0;0;0;0;0;0;;;;;
2025-10-16;O_SISEE1125P30.00;SISE_11/2025_AVRUPA_OPSIYON;D_EQ;SSO;D_EQ_EPP;DE_SISE_EPP;SISE.E;2025-11-28;0.3;0.25;20;0;0;0;0;0;0;0;0;0;0;0;;;;;
2025-10-16;O_SISEE1125P31.00;SISE_11/2025_AVRUPA_OPSIYON;D_EQ;SSO;D_EQ_EPP;DE_SISE_EPP;SISE.E;2025-11-28;0.41;0.33;24.24;0;0;0;0;0;0;0;0;0;10;0;;;;;
2025-10-16;O_SISEE1125P32.00;SISE_11/2025_AVRUPA_OPSIYON;D_EQ;SSO;D_EQ_EPP;DE_SISE_EPP;SISE.E;2025-11-28;0.55;0.43;27.91;0;0;0;0;0;0;0;0;0;0;0;;;;;
2025-10-16;O_SISEE1125P33.00;SISE_11/2025_AVRUPA_OPSIYON;D_EQ;SSO;D_EQ_EPP;DE_SISE_EPP;SISE.E;2025-11-28;0.74;0.57;29.82;0;0;0;0;0;0;0;0;0;54;0;;;;;
2025-10-16;O_SISEE1125P34.00;SISE_11/2025_AVRUPA_OPSIYON;D_EQ;SSO;D_EQ_EPP;DE_SISE_EPP;SISE.E;2025-11-28;1.07;0.75;42.67;0;0;0;0;0;0;0;0;0;250;0;;;;;
2025-10-16;O_SISEE1125P35.00;SISE_11/2025_AVRUPA_OPSIYON;D_EQ;SSO;D_EQ_EPP;DE_SISE_EPP;SISE.E;2025-11-28;1.51;1.05;43.81;0;0;0;0;0;0;0;0;0;150;0;;;;;
2025-10-16;O_SISEE1125P36.00;SISE_11/2025_AVRUPA_OPSIYON;D_EQ;SSO;D_EQ_EPP;DE_SISE_EPP;SISE.E;2025-11-28;2.09;1.46;43.15;0;0;0;0;0;0;0;0;0;50;0;;;;;
2025-10-16;O_SISEE1125P37.00;SISE_11/2025_AVRUPA_OPSIYON;D_EQ;SSO;D_EQ_EPP;DE_SISE_EPP;SISE.E;2025-11-28;2.78;2.01;38.31;0;0;0;0;0;0;0;0;0;2;0;;;;;
2025-10-16;O_SISEE1125P38.00;SISE_11/2025_AVRUPA_OPSIYON;D_EQ;SSO;D_EQ_EPP;DE_SISE_EPP;SISE.E;2025-11-28;3.59;2.66;34.96;0;0;0;0;0;0;0;0;0;0;0;;;;;
2025-10-16;O_SISEE1125P39.00;SISE_11/2025_AVRUPA_OPSIYON;D_EQ;SSO;D_EQ_EPP;DE_SISE_EPP;SISE.E;2025-11-28;4.44;3.46;28.32;0;0;0;0;0;0;0;0;0;0;0;;;;;
2025-10-16;O_SISEE1125P40.00;SISE_11/2025_AVRUPA_OPSIYON;D_EQ;SSO;D_EQ_EPP;DE_SISE_EPP;SISE.E;2025-11-28;5.32;4.3;23.72;0;0;0;0;0;0;0;0;0;150;0;;;;;
2025-10-16;O_SISEE1125P41.00;SISE_11/2025_AVRUPA_OPSIYON;D_EQ;SSO;D_EQ_EPP;DE_SISE_EPP;SISE.E;2025-11-28;6.21;5.17;20.12;0;0;0;0;0;0;0;0;0;0;0;;;;;
2025-10-16;O_SISEE1125P42.00;SISE_11/2025_AVRUPA_OPSIYON;D_EQ;SSO;D_EQ_EPP;DE_SISE_EPP;SISE.E;2025-11-28;7.13;6.06;17.66;0;0;0;0;0;0;0;0;0;0;0;;;;;
2025-10-16;O_SISEE1125P43.00;SISE_11/2025_AVRUPA_OPSIYON;D_EQ;SSO;D_EQ_EPP;DE_SISE_EPP;SISE.E;2025-11-28;8.05;6.96;15.66;0;0;0;0;0;0;0;0;0;150;0;;;;;
2025-10-16;O_SISEE1125P44.00;SISE_11/2025_AVRUPA_OPSIYON;D_EQ;SSO;D_EQ_EPP;DE_SISE_EPP;SISE.E;2025-11-28;8.98;7.88;13.96;0;0;0;0;0;0;0;0;0;0;0;;;;;
2025-10-16;O_SISEE1125P45.00;SISE_11/2025_AVRUPA_OPSIYON;D_EQ;SSO;D_EQ_EPP;DE_SISE_EPP;SISE.E;2025-11-28;9.91;8.81;12.49;0;0;0;0;0;0;0;0;0;0;0;;;;;
2025-10-16;O_SISEE1225C35.00;SISE_12/2025_AVRUPA_OPSIYON;D_EQ;SSO;D_EQ_ECP;DE_SISE_ECP;SISE.E;2025-12-31;2.82;3.73;-24.4;0;0;0;0;0;0;0;0;0;0;0;;;;;
2025-10-16;O_SISEE1225C36.00;SISE_12/2025_AVRUPA_OPSIYON;D_EQ;SSO;D_EQ_ECP;DE_SISE_ECP;SISE.E;2025-12-31;2.28;3.06;-25.49;0;0;0;0;0;0;0;0;0;0;0;;;;;
2025-10-16;O_SISEE1225C37.00;SISE_12/2025_AVRUPA_OPSIYON;D_EQ;SSO;D_EQ_ECP;DE_SISE_ECP;SISE.E;2025-12-31;1.85;2.51;-26.29;0;0;0;0;0;0;0;0;0;0;0;;;;;
2025-10-16;O_SISEE1225C38.00;SISE_12/2025_AVRUPA_OPSIYON;D_EQ;SSO;D_EQ_ECP;DE_SISE_ECP;SISE.E;2025-12-31;1.51;2.05;-26.34;0;0;0;0;0;0;0;0;0;0;0;;;;;
2025-10-16;O_SISEE1225C39.00;SISE_12/2025_AVRUPA_OPSIYON;D_EQ;SSO;D_EQ_ECP;DE_SISE_ECP;SISE.E;2025-12-31;1.33;1.68;-20.83;0;0;0;0;0;0;0;0;0;0;0;;;;;
2025-10-16;O_SISEE1225C40.00;SISE_12/2025_AVRUPA_OPSIYON;D_EQ;SSO;D_EQ_ECP;DE_SISE_ECP;SISE.E;2025-12-31;1.19;1.46;-18.49;0;0;0;0;0;0;0;0;0;0;0;;;;;
2025-10-16;O_SISEE1225C41.00;SISE_12/2025_AVRUPA_OPSIYON;D_EQ;SSO;D_EQ_ECP;DE_SISE_ECP;SISE.E;2025-12-31;1.09;1.32;-17.42;0;0;0;0;0;0;0;0;0;0;0;;;;;
2025-10-16;O_SISEE1225C42.00;SISE_12/2025_AVRUPA_OPSIYON;D_EQ;SSO;D_EQ_ECP;DE_SISE_ECP;SISE.E;2025-12-31;1;1.21;-17.36;0;0;0;0;0;0;0;0;0;0;0;;;;;
2025-10-16;O_SISEE1225C43.00;SISE_12/2025_AVRUPA_OPSIYON;D_EQ;SSO;D_EQ_ECP;DE_SISE_ECP;SISE.E;2025-12-31;0.94;1.12;-16.07;0;0;0;0;0;0;0;0;0;0;0;;;;;
2025-10-16;O_SISEE1225C44.00;SISE_12/2025_AVRUPA_OPSIYON;D_EQ;SSO;D_EQ_ECP;DE_SISE_ECP;SISE.E;2025-12-31;0.89;1.05;-15.24;0;0;0;0;0;0;0;0;0;0;0;;;;;
2025-10-16;O_SISEE1225C45.00;SISE_12/2025_AVRUPA_OPSIYON;D_EQ;SSO;D_EQ_ECP;DE_SISE_ECP;SISE.E;2025-12-31;0.85;1;-15;0;0;0;0;0;0;0;0;0;0;0;;;;;
2025-10-16;O_SISEE1225C46.00;SISE_12/2025_AVRUPA_OPSIYON;D_EQ;SSO;D_EQ_ECP;DE_SISE_ECP;SISE.E;2025-12-31;0.82;0.96;-14.58;0;0;0;0;0;0;0;0;0;0;0;;;;;
2025-10-16;O_SISEE1225C47.00;SISE_12/2025_AVRUPA_OPSIYON;D_EQ;SSO;D_EQ_ECP;DE_SISE_ECP;SISE.E;2025-12-31;0.79;0.93;-15.05;0;0;0;0;0;0;0;0;0;0;0;;;;;
2025-10-16;O_SISEE1225P30.00;SISE_12/2025_AVRUPA_OPSIYON;D_EQ;SSO;D_EQ_EPP;DE_SISE_EPP;SISE.E;2025-12-31;0.47;0.43;9.3;0;0;0;0;0;0;0;0;0;0;0;;;;;
2025-10-16;O_SISEE1225P31.00;SISE_12/2025_AVRUPA_OPSIYON;D_EQ;SSO;D_EQ_EPP;DE_SISE_EPP;SISE.E;2025-12-31;0.56;0.51;9.8;0;0;0;0;0;0;0;0;0;0;0;;;;;
2025-10-16;O_SISEE1225P32.00;SISE_12/2025_AVRUPA_OPSIYON;D_EQ;SSO;D_EQ_EPP;DE_SISE_EPP;SISE.E;2025-12-31;0.67;0.6;11.67;0;0;0;0;0;0;0;0;0;0;0;;;;;
2025-10-16;O_SISEE1225P33.00;SISE_12/2025_AVRUPA_OPSIYON;D_EQ;SSO;D_EQ_EPP;DE_SISE_EPP;SISE.E;2025-12-31;0.8;0.7;14.29;0;0;0;0;0;0;0;0;0;0;0;;;;;
2025-10-16;O_SISEE1225P34.00;SISE_12/2025_AVRUPA_OPSIYON;D_EQ;SSO;D_EQ_EPP;DE_SISE_EPP;SISE.E;2025-12-31;0.96;0.82;17.07;0;0;0;0;0;0;0;0;0;0;0;;;;;
2025-10-16;O_SISEE1225P35.00;SISE_12/2025_AVRUPA_OPSIYON;D_EQ;SSO;D_EQ_EPP;DE_SISE_EPP;SISE.E;2025-12-31;1.24;0.98;26.53;0;0;0;0;0;0;0;0;0;0;0;;;;;
2025-10-16;O_SISEE1225P36.00;SISE_12/2025_AVRUPA_OPSIYON;D_EQ;SSO;D_EQ_EPP;DE_SISE_EPP;SISE.E;2025-12-31;1.61;1.21;33.06;0;0;0;0;0;0;0;0;0;0;0;;;;;
2025-10-16;O_SISEE1225P37.00;SISE_12/2025_AVRUPA_OPSIYON;D_EQ;SSO;D_EQ_EPP;DE_SISE_EPP;SISE.E;2025-12-31;2.09;1.56;33.97;0;0;0;0;0;0;0;0;0;0;0;;;;;
2025-10-16;O_SISEE1225P38.00;SISE_12/2025_AVRUPA_OPSIYON;D_EQ;SSO;D_EQ_EPP;DE_SISE_EPP;SISE.E;2025-12-31;2.66;2.02;31.68;0;0;0;0;0;0;0;0;0;0;0;;;;;
2025-10-16;O_SISEE1225P39.00;SISE_12/2025_AVRUPA_OPSIYON;D_EQ;SSO;D_EQ_EPP;DE_SISE_EPP;SISE.E;2025-12-31;3.39;2.56;32.42;0;0;0;0;0;0;0;0;0;0;0;;;;;
2025-10-16;O_SISEE1225P40.00;SISE_12/2025_AVRUPA_OPSIYON;D_EQ;SSO;D_EQ_EPP;DE_SISE_EPP;SISE.E;2025-12-31;4.16;3.24;28.4;0;0;0;0;0;0;0;0;0;0;0;;;;;
2025-10-16;O_SISEE1225P41.00;SISE_12/2025_AVRUPA_OPSIYON;D_EQ;SSO;D_EQ_EPP;DE_SISE_EPP;SISE.E;2025-12-31;4.96;4.01;23.69;0;0;0;0;0;0;0;0;0;0;0;;;;;
2025-10-16;O_SISEE1225P42.00;SISE_12/2025_AVRUPA_OPSIYON;D_EQ;SSO;D_EQ_EPP;DE_SISE_EPP;SISE.E;2025-12-31;5.79;4.8;20.63;0;0;0;0;0;0;0;0;0;0;0;;;;;
2025-10-16;O_TAVHLE1025C220.00;TAVHL_10/2025_AVRUPA_OPSIYON;D_EQ;SSO;D_EQ_ECP;DE_TAVHL_ECP;TAVHL.E;2025-10-31;12.05;13.92;-13.43;0;0;0;0;0;0;0;0;0;0;0;;;;;
2025-10-16;O_TAVHLE1025C225.00;TAVHL_10/2025_AVRUPA_OPSIYON;D_EQ;SSO;D_EQ_ECP;DE_TAVHL_ECP;TAVHL.E;2025-10-31;8.99;10.65;-15.59;0;0;0;0;0;0;0;0;0;0;0;;;;;
2025-10-16;O_TAVHLE1025C230.00;TAVHL_10/2025_AVRUPA_OPSIYON;D_EQ;SSO;D_EQ_ECP;DE_TAVHL_ECP;TAVHL.E;2025-10-31;6.47;7.89;-18;0;0;0;0;0;0;0;0;0;0;0;;;;;
2025-10-16;O_TAVHLE1025C235.00;TAVHL_10/2025_AVRUPA_OPSIYON;D_EQ;SSO;D_EQ_ECP;DE_TAVHL_ECP;TAVHL.E;2025-10-31;4.51;5.68;-20.6;0;0;0;0;0;0;0;0;0;46;0;;;;;
2025-10-16;O_TAVHLE1025C240.00;TAVHL_10/2025_AVRUPA_OPSIYON;D_EQ;SSO;D_EQ_ECP;DE_TAVHL_ECP;TAVHL.E;2025-10-31;3.03;3.96;-23.48;0;0;0;0;0;0;0;0;0;43;0;;;;;
2025-10-16;O_TAVHLE1025C245.00;TAVHL_10/2025_AVRUPA_OPSIYON;D_EQ;SSO;D_EQ_ECP;DE_TAVHL_ECP;TAVHL.E;2025-10-31;2.01;2.7;-25.56;0;0;0;0;0;0;0;0;0;0;0;;;;;
2025-10-16;O_TAVHLE1025C250.00;TAVHL_10/2025_AVRUPA_OPSIYON;D_EQ;SSO;D_EQ_ECP;DE_TAVHL_ECP;TAVHL.E;2025-10-31;1.3;1.81;-28.18;0;0;0;0;0;0;0;0;0;355;0;;;;;
2025-10-16;O_TAVHLE1025C260.00;TAVHL_10/2025_AVRUPA_OPSIYON;D_EQ;SSO;D_EQ_ECP;DE_TAVHL_ECP;TAVHL.E;2025-10-31;0.51;0.77;-33.77;0;0;0;0;0;0;0;0;0;188;0;;;;;
2025-10-16;O_TAVHLE1025C270.00;TAVHL_10/2025_AVRUPA_OPSIYON;D_EQ;SSO;D_EQ_ECP;DE_TAVHL_ECP;TAVHL.E;2025-10-31;0.19;0.3;-36.67;0;0;0;0;0;0;0;0;0;23;0;;;;;
2025-10-16;O_TAVHLE1025C280.00;TAVHL_10/2025_AVRUPA_OPSIYON;D_EQ;SSO;D_EQ_ECP;DE_TAVHL_ECP;TAVHL.E;2025-10-31;0.07;0.12;-41.67;0;0;0;0;0;0;0;0;0;0;0;;;;;
2025-10-16;O_TAVHLE1025C290.00;TAVHL_10/2025_AVRUPA_OPSIYON;D_EQ;SSO;D_EQ_ECP;DE_TAVHL_ECP;TAVHL.E;2025-10-31;0.02;0.04;-50;0;0;0;0;0;0;0;0;0;0;0;;;;;
2025-10-16;O_TAVHLE1025C300.00;TAVHL_10/2025_AVRUPA_OPSIYON;D_EQ;SSO;D_EQ_ECP;DE_TAVHL_ECP;TAVHL.E;2025-10-31;0.01;0.02;-50;0;0;0;0;0;0;0;0;0;0;0;;;;;
2025-10-16;O_TAVHLE1025C310.00;TAVHL_10/2025_AVRUPA_OPSIYON;D_EQ;SSO;D_EQ_ECP;DE_TAVHL_ECP;TAVHL.E;2025-10-31;0.01;0.01;0;0;0;0;0;0;0;0;0;0;0;0;;;;;
2025-10-16;O_TAVHLE1025C320.00;TAVHL_10/2025_AVRUPA_OPSIYON;D_EQ;SSO;D_EQ_ECP;DE_TAVHL_ECP;TAVHL.E;2025-10-31;0.01;0.01;0;0;0;0;0;0;0;0;0;0;0;0;;;;;
2025-10-16;O_TAVHLE1025C330.00;TAVHL_10/2025_AVRUPA_OPSIYON;D_EQ;SSO;D_EQ_ECP;DE_TAVHL_ECP;TAVHL.E;2025-10-31;0.01;0.01;0;0;0;0;0;0;0;0;0;0;0;0;;;;;
2025-10-16;O_TAVHLE1025C340.00;TAVHL_10/2025_AVRUPA_OPSIYON;D_EQ;SSO;D_EQ_ECP;DE_TAVHL_ECP;TAVHL.E;2025-10-31;0.01;0.01;0;0;0;0;0;0;0;0;0;0;0;0;;;;;
2025-10-16;O_TAVHLE1025P195.00;TAVHL_10/2025_AVRUPA_OPSIYON;D_EQ;SSO;D_EQ_EPP;DE_TAVHL_EPP;TAVHL.E;2025-10-31;0.18;0.17;5.88;0;0;0;0;0;0;0;0;0;0;0;;;;;
2025-10-16;O_TAVHLE1025P200.00;TAVHL_10/2025_AVRUPA_OPSIYON;D_EQ;SSO;D_EQ_EPP;DE_TAVHL_EPP;TAVHL.E;2025-10-31;0.38;0.34;11.76;0;0;0;0;0;0;0;0;0;0;0;;;;;
2025-10-16;O_TAVHLE1025P205.00;TAVHL_10/2025_AVRUPA_OPSIYON;D_EQ;SSO;D_EQ_EPP;DE_TAVHL_EPP;TAVHL.E;2025-10-31;0.73;0.64;14.06;0;0;0;0;0;0;0;0;0;0;0;;;;;
2025-10-16;O_TAVHLE1025P210.00;TAVHL_10/2025_AVRUPA_OPSIYON;D_EQ;SSO;D_EQ_EPP;DE_TAVHL_EPP;TAVHL.E;2025-10-31;1.3;1.15;13.04;0;0;0;0;0;0;0;0;0;0;0;;;;;
2025-10-16;O_TAVHLE1025P215.00;TAVHL_10/2025_AVRUPA_OPSIYON;D_EQ;SSO;D_EQ_EPP;DE_TAVHL_EPP;TAVHL.E;2025-10-31;2.2;1.93;13.99;0;0;0;0;0;0;0;0;0;0;0;;;;;
2025-10-16;O_TAVHLE1025P220.00;TAVHL_10/2025_AVRUPA_OPSIYON;D_EQ;SSO;D_EQ_EPP;DE_TAVHL_EPP;TAVHL.E;2025-10-31;3.54;3.09;14.56;0;0;0;0;0;0;0;0;0;30;0;;;;;
2025-10-16;O_TAVHLE1025P225.00;TAVHL_10/2025_AVRUPA_OPSIYON;D_EQ;SSO;D_EQ_EPP;DE_TAVHL_EPP;TAVHL.E;2025-10-31;5.4;4.74;13.92;0;0;0;0;0;0;0;0;0;10;0;;;;;
2025-10-16;O_TAVHLE1025P230.00;TAVHL_10/2025_AVRUPA_OPSIYON;D_EQ;SSO;D_EQ_EPP;DE_TAVHL_EPP;TAVHL.E;2025-10-31;7.81;6.9;13.19;0;0;0;0;0;0;0;0;0;51;0;;;;;
2025-10-16;O_TAVHLE1025P235.00;TAVHL_10/2025_AVRUPA_OPSIYON;D_EQ;SSO;D_EQ_EPP;DE_TAVHL_EPP;TAVHL.E;2025-10-31;10.77;9.6;12.19;0;0;0;0;0;0;0;0;0;0;0;;;;;
2025-10-16;O_TAVHLE1025P240.00;TAVHL_10/2025_AVRUPA_OPSIYON;D_EQ;SSO;D_EQ_EPP;DE_TAVHL_EPP;TAVHL.E;2025-10-31;14.22;12.79;11.18;0;0;0;0;0;0;0;0;0;264;0;;;;;
2025-10-16;O_TAVHLE1025P245.00;TAVHL_10/2025_AVRUPA_OPSIYON;D_EQ;SSO;D_EQ_EPP;DE_TAVHL_EPP;TAVHL.E;2025-10-31;18.12;16.45;10.15;0;0;0;0;0;0;0;0;0;13;0;;;;;
2025-10-16;O_TAVHLE1025P250.00;TAVHL_10/2025_AVRUPA_OPSIYON;D_EQ;SSO;D_EQ_EPP;DE_TAVHL_EPP;TAVHL.E;2025-10-31;22.33;20.48;9.03;0;0;0;0;0;0;0;0;0;431;0;;;;;
2025-10-16;O_TAVHLE1025P260.00;TAVHL_10/2025_AVRUPA_OPSIYON;D_EQ;SSO;D_EQ_EPP;DE_TAVHL_EPP;TAVHL.E;2025-10-31;31.39;29.27;7.24;0;0;0;0;0;0;0;0;0;134;0;;;;;
2025-10-16;O_TAVHLE1025P270.00;TAVHL_10/2025_AVRUPA_OPSIYON;D_EQ;SSO;D_EQ_EPP;DE_TAVHL_EPP;TAVHL.E;2025-10-31;40.91;38.64;5.87;0;0;0;0;0;0;0;0;0;83;0;;;;;
2025-10-16;O_TAVHLE1025P280.00;TAVHL_10/2025_AVRUPA_OPSIYON;D_EQ;SSO;D_EQ_EPP;DE_TAVHL_EPP;TAVHL.E;2025-10-31;50.63;48.29;4.85;0;0;0;0;0;0;0;0;0;43;0;;;;;
2025-10-16;O_TAVHLE1025P290.00;TAVHL_10/2025_AVRUPA_OPSIYON;D_EQ;SSO;D_EQ_EPP;DE_TAVHL_EPP;TAVHL.E;2025-10-31;60.43;58.05;4.1;0;0;0;0;0;0;0;0;0;0;0;;;;;
2025-10-16;O_TAVHLE1125C225.00;TAVHL_11/2025_AVRUPA_OPSIYON;D_EQ;SSO;D_EQ_ECP;DE_TAVHL_ECP;TAVHL.E;2025-11-28;17.43;19.13;-8.89;0;0;0;0;0;0;0;0;0;0;0;;;;;
2025-10-16;O_TAVHLE1125C230.00;TAVHL_11/2025_AVRUPA_OPSIYON;D_EQ;SSO;D_EQ_ECP;DE_TAVHL_ECP;TAVHL.E;2025-11-28;14.66;16.21;-9.56;0;0;0;0;0;0;0;0;0;0;0;;;;;
2025-10-16;O_TAVHLE1125C235.00;TAVHL_11/2025_AVRUPA_OPSIYON;D_EQ;SSO;D_EQ_ECP;DE_TAVHL_ECP;TAVHL.E;2025-11-28;12.19;13.61;-10.43;0;0;0;0;0;0;0;0;0;0;0;;;;;
2025-10-16;O_TAVHLE1125C240.00;TAVHL_11/2025_AVRUPA_OPSIYON;D_EQ;SSO;D_EQ_ECP;DE_TAVHL_ECP;TAVHL.E;2025-11-28;10.08;11.33;-11.03;0;0;0;0;0;0;0;0;0;100;0;;;;;
2025-10-16;O_TAVHLE1125C245.00;TAVHL_11/2025_AVRUPA_OPSIYON;D_EQ;SSO;D_EQ_ECP;DE_TAVHL_ECP;TAVHL.E;2025-11-28;8.25;9.36;-11.86;0;0;0;0;0;0;0;0;0;0;0;;;;;
2025-10-16;O_TAVHLE1125C250.00;TAVHL_11/2025_AVRUPA_OPSIYON;D_EQ;SSO;D_EQ_ECP;DE_TAVHL_ECP;TAVHL.E;2025-11-28;6.75;7.67;-11.99;0;0;0;0;0;0;0;0;0;0;0;;;;;
2025-10-16;O_TAVHLE1125C260.00;TAVHL_11/2025_AVRUPA_OPSIYON;D_EQ;SSO;D_EQ_ECP;DE_TAVHL_ECP;TAVHL.E;2025-11-28;4.5;5.19;-13.29;0;0;0;0;0;0;0;0;0;1;0;;;;;
2025-10-16;O_TAVHLE1125C270.00;TAVHL_11/2025_AVRUPA_OPSIYON;D_EQ;SSO;D_EQ_ECP;DE_TAVHL_ECP;TAVHL.E;2025-11-28;2.96;3.46;-14.45;0;0;0;0;0;0;0;0;0;0;0;;;;;
2025-10-16;O_TAVHLE1125C280.00;TAVHL_11/2025_AVRUPA_OPSIYON;D_EQ;SSO;D_EQ_ECP;DE_TAVHL_ECP;TAVHL.E;2025-11-28;1.94;2.29;-15.28;0;0;0;0;0;0;0;0;0;0;0;;;;;
2025-10-16;O_TAVHLE1125C290.00;TAVHL_11/2025_AVRUPA_OPSIYON;D_EQ;SSO;D_EQ_ECP;DE_TAVHL_ECP;TAVHL.E;2025-11-28;1.26;1.51;-16.56;0;0;0;0;0;0;0;0;0;0;0;;;;;
2025-10-16;O_TAVHLE1125C300.00;TAVHL_11/2025_AVRUPA_OPSIYON;D_EQ;SSO;D_EQ_ECP;DE_TAVHL_ECP;TAVHL.E;2025-11-28;0.82;0.99;-17.17;0;0;0;0;0;0;0;0;0;0;0;;;;;
2025-10-16;O_TAVHLE1125C310.00;TAVHL_11/2025_AVRUPA_OPSIYON;D_EQ;SSO;D_EQ_ECP;DE_TAVHL_ECP;TAVHL.E;2025-11-28;0.54;0.66;-18.18;0;0;0;0;0;0;0;0;0;0;0;;;;;
2025-10-16;O_TAVHLE1125C320.00;TAVHL_11/2025_AVRUPA_OPSIYON;D_EQ;SSO;D_EQ_ECP;DE_TAVHL_ECP;TAVHL.E;2025-11-28;0.36;0.44;-18.18;0;0;0;0;0;0;0;0;0;0;0;;;;;
2025-10-16;O_TAVHLE1125C330.00;TAVHL_11/2025_AVRUPA_OPSIYON;D_EQ;SSO;D_EQ_ECP;DE_TAVHL_ECP;TAVHL.E;2025-11-28;0.24;0.29;-17.24;0;0;0;0;0;0;0;0;0;0;0;;;;;
2025-10-16;O_TAVHLE1125C340.00;TAVHL_11/2025_AVRUPA_OPSIYON;D_EQ;SSO;D_EQ_ECP;DE_TAVHL_ECP;TAVHL.E;2025-11-28;0.16;0.2;-20;0;0;0;0;0;0;0;0;0;0;0;;;;;
2025-10-16;O_TAVHLE1125P200.00;TAVHL_11/2025_AVRUPA_OPSIYON;D_EQ;SSO;D_EQ_EPP;DE_TAVHL_EPP;TAVHL.E;2025-11-28;1.79;1.63;9.82;0;0;0;0;0;0;0;0;0;0;0;;;;;
2025-10-16;O_TAVHLE1125P205.00;TAVHL_11/2025_AVRUPA_OPSIYON;D_EQ;SSO;D_EQ_EPP;DE_TAVHL_EPP;TAVHL.E;2025-11-28;2.48;2.26;9.73;0;0;0;0;0;0;0;0;0;0;0;;;;;
2025-10-16;O_TAVHLE1125P210.00;TAVHL_11/2025_AVRUPA_OPSIYON;D_EQ;SSO;D_EQ_EPP;DE_TAVHL_EPP;TAVHL.E;2025-11-28;3.37;3.08;9.42;0;0;0;0;0;0;0;0;0;0;0;;;;;
2025-10-16;O_TAVHLE1125P215.00;TAVHL_11/2025_AVRUPA_OPSIYON;D_EQ;SSO;D_EQ_EPP;DE_TAVHL_EPP;TAVHL.E;2025-11-28;4.47;4.09;9.29;0;0;0;0;0;0;0;0;0;0;0;;;;;
2025-10-16;O_TAVHLE1125P220.00;TAVHL_11/2025_AVRUPA_OPSIYON;D_EQ;SSO;D_EQ_EPP;DE_TAVHL_EPP;TAVHL.E;2025-11-28;5.83;5.35;8.97;0;0;0;0;0;0;0;0;0;0;0;;;;;
2025-10-16;O_TAVHLE1125P225.00;TAVHL_11/2025_AVRUPA_OPSIYON;D_EQ;SSO;D_EQ_EPP;DE_TAVHL_EPP;TAVHL.E;2025-11-28;7.48;6.86;9.04;0;0;0;0;0;0;0;0;0;0;0;;;;;
2025-10-16;O_TAVHLE1125P230.00;TAVHL_11/2025_AVRUPA_OPSIYON;D_EQ;SSO;D_EQ_EPP;DE_TAVHL_EPP;TAVHL.E;2025-11-28;9.49;8.71;8.96;0;0;0;0;0;0;0;0;0;100;0;;;;;
2025-10-16;O_TAVHLE1125P235.00;TAVHL_11/2025_AVRUPA_OPSIYON;D_EQ;SSO;D_EQ_EPP;DE_TAVHL_EPP;TAVHL.E;2025-11-28;11.8;10.89;8.36;0;0;0;0;0;0;0;0;0;0;0;;;;;
2025-10-16;O_TAVHLE1125P240.00;TAVHL_11/2025_AVRUPA_OPSIYON;D_EQ;SSO;D_EQ_EPP;DE_TAVHL_EPP;TAVHL.E;2025-11-28;14.47;13.38;8.15;0;0;0;0;0;0;0;0;0;100;0;;;;;
2025-10-16;O_TAVHLE1125P245.00;TAVHL_11/2025_AVRUPA_OPSIYON;D_EQ;SSO;D_EQ_EPP;DE_TAVHL_EPP;TAVHL.E;2025-11-28;17.43;16.19;7.66;0;0;0;0;0;0;0;0;0;0;0;;;;;
2025-10-16;O_TAVHLE1125P250.00;TAVHL_11/2025_AVRUPA_OPSIYON;D_EQ;SSO;D_EQ_EPP;DE_TAVHL_EPP;TAVHL.E;2025-11-28;20.7;19.28;7.37;0;0;0;0;0;0;0;0;0;0;0;;;;;
2025-10-16;O_TAVHLE1125P260.00;TAVHL_11/2025_AVRUPA_OPSIYON;D_EQ;SSO;D_EQ_EPP;DE_TAVHL_EPP;TAVHL.E;2025-11-28;28.02;26.35;6.34;0;0;0;0;0;0;0;0;0;0;0;;;;;
2025-10-16;O_TAVHLE1125P270.00;TAVHL_11/2025_AVRUPA_OPSIYON;D_EQ;SSO;D_EQ_EPP;DE_TAVHL_EPP;TAVHL.E;2025-11-28;36.04;34.17;5.47;0;0;0;0;0;0;0;0;0;0;0;;;;;
2025-10-16;O_TAVHLE1125P280.00;TAVHL_11/2025_AVRUPA_OPSIYON;D_EQ;SSO;D_EQ_EPP;DE_TAVHL_EPP;TAVHL.E;2025-11-28;44.58;42.55;4.77;0;0;0;0;0;0;0;0;0;150;0;;;;;
2025-10-16;O_TAVHLE1125P290.00;TAVHL_11/2025_AVRUPA_OPSIYON;D_EQ;SSO;D_EQ_EPP;DE_TAVHL_EPP;TAVHL.E;2025-11-28;53.47;51.32;4.19;0;0;0;0;0;0;0;0;0;0;0;;;;;
2025-10-16;O_TAVHLE1225C235.00;TAVHL_12/2025_AVRUPA_OPSIYON;D_EQ;SSO;D_EQ_ECP;DE_TAVHL_ECP;TAVHL.E;2025-12-31;22.05;23.71;-7;0;0;0;0;0;0;0;0;0;0;0;;;;;
2025-10-16;O_TAVHLE1225C240.00;TAVHL_12/2025_AVRUPA_OPSIYON;D_EQ;SSO;D_EQ_ECP;DE_TAVHL_ECP;TAVHL.E;2025-12-31;19.48;21.05;-7.46;0;0;0;0;0;0;0;0;0;0;0;;;;;
2025-10-16;O_TAVHLE1225C245.00;TAVHL_12/2025_AVRUPA_OPSIYON;D_EQ;SSO;D_EQ_ECP;DE_TAVHL_ECP;TAVHL.E;2025-12-31;17.14;18.59;-7.8;0;0;0;0;0;0;0;0;0;0;0;;;;;
2025-10-16;O_TAVHLE1225C250.00;TAVHL_12/2025_AVRUPA_OPSIYON;D_EQ;SSO;D_EQ_ECP;DE_TAVHL_ECP;TAVHL.E;2025-12-31;15.05;16.38;-8.12;0;0;0;0;0;0;0;0;0;0;0;;;;;
2025-10-16;O_TAVHLE1225C260.00;TAVHL_12/2025_AVRUPA_OPSIYON;D_EQ;SSO;D_EQ_ECP;DE_TAVHL_ECP;TAVHL.E;2025-12-31;11.58;12.64;-8.39;0;0;0;0;0;0;0;0;0;0;0;;;;;
2025-10-16;O_TAVHLE1225C270.00;TAVHL_12/2025_AVRUPA_OPSIYON;D_EQ;SSO;D_EQ_ECP;DE_TAVHL_ECP;TAVHL.E;2025-12-31;8.95;9.82;-8.86;0;0;0;0;0;0;0;0;0;0;0;;;;;
2025-10-16;O_TAVHLE1225C280.00;TAVHL_12/2025_AVRUPA_OPSIYON;D_EQ;SSO;D_EQ_ECP;DE_TAVHL_ECP;TAVHL.E;2025-12-31;6.9;7.61;-9.33;0;0;0;0;0;0;0;0;0;0;0;;;;;
2025-10-16;O_TAVHLE1225C290.00;TAVHL_12/2025_AVRUPA_OPSIYON;D_EQ;SSO;D_EQ_ECP;DE_TAVHL_ECP;TAVHL.E;2025-12-31;5.33;5.9;-9.66;0;0;0;0;0;0;0;0;0;0;0;;;;;
2025-10-16;O_TAVHLE1225C300.00;TAVHL_12/2025_AVRUPA_OPSIYON;D_EQ;SSO;D_EQ_ECP;DE_TAVHL_ECP;TAVHL.E;2025-12-31;4.12;4.57;-9.85;0;0;0;0;0;0;0;0;0;0;0;;;;;
2025-10-16;O_TAVHLE1225C310.00;TAVHL_12/2025_AVRUPA_OPSIYON;D_EQ;SSO;D_EQ_ECP;DE_TAVHL_ECP;TAVHL.E;2025-12-31;3.19;3.56;-10.39;0;0;0;0;0;0;0;0;0;0;0;;;;;
2025-10-16;O_TAVHLE1225C320.00;TAVHL_12/2025_AVRUPA_OPSIYON;D_EQ;SSO;D_EQ_ECP;DE_TAVHL_ECP;TAVHL.E;2025-12-31;2.49;2.78;-10.43;0;0;0;0;0;0;0;0;0;0;0;;;;;
2025-10-16;O_TAVHLE1225P210.00;TAVHL_12/2025_AVRUPA_OPSIYON;D_EQ;SSO;D_EQ_EPP;DE_TAVHL_EPP;TAVHL.E;2025-12-31;3.96;3.69;7.32;0;0;0;0;0;0;0;0;0;0;0;;;;;
2025-10-16;O_TAVHLE1225P215.00;TAVHL_12/2025_AVRUPA_OPSIYON;D_EQ;SSO;D_EQ_EPP;DE_TAVHL_EPP;TAVHL.E;2025-12-31;4.91;4.57;7.44;0;0;0;0;0;0;0;0;0;0;0;;;;;
2025-10-16;O_TAVHLE1225P220.00;TAVHL_12/2025_AVRUPA_OPSIYON;D_EQ;SSO;D_EQ_EPP;DE_TAVHL_EPP;TAVHL.E;2025-12-31;6.02;5.61;7.31;0;0;0;0;0;0;0;0;0;0;0;;;;;
2025-10-16;O_TAVHLE1225P225.00;TAVHL_12/2025_AVRUPA_OPSIYON;D_EQ;SSO;D_EQ_EPP;DE_TAVHL_EPP;TAVHL.E;2025-12-31;7.29;6.82;6.89;0;0;0;0;0;0;0;0;0;0;0;;;;;
2025-10-16;O_TAVHLE1225P230.00;TAVHL_12/2025_AVRUPA_OPSIYON;D_EQ;SSO;D_EQ_EPP;DE_TAVHL_EPP;TAVHL.E;2025-12-31;8.75;8.19;6.84;0;0;0;0;0;0;0;0;0;0;0;;;;;
2025-10-16;O_TAVHLE1225P235.00;TAVHL_12/2025_AVRUPA_OPSIYON;D_EQ;SSO;D_EQ_EPP;DE_TAVHL_EPP;TAVHL.E;2025-12-31;10.49;9.78;7.26;0;0;0;0;0;0;0;0;0;0;0;;;;;
2025-10-16;O_TAVHLE1225P240.00;TAVHL_12/2025_AVRUPA_OPSIYON;D_EQ;SSO;D_EQ_EPP;DE_TAVHL_EPP;TAVHL.E;2025-12-31;12.46;11.65;6.95;0;0;0;0;0;0;0;0;0;0;0;;;;;
2025-10-16;O_TAVHLE1225P245.00;TAVHL_12/2025_AVRUPA_OPSIYON;D_EQ;SSO;D_EQ_EPP;DE_TAVHL_EPP;TAVHL.E;2025-12-31;14.66;13.73;6.77;0;0;0;0;0;0;0;0;0;0;0;;;;;
2025-10-16;O_TAVHLE1225P250.00;TAVHL_12/2025_AVRUPA_OPSIYON;D_EQ;SSO;D_EQ_EPP;DE_TAVHL_EPP;TAVHL.E;2025-12-31;17.12;16.06;6.6;0;0;0;0;0;0;0;0;0;0;0;;;;;
2025-10-16;O_TAVHLE1225P260.00;TAVHL_12/2025_AVRUPA_OPSIYON;D_EQ;SSO;D_EQ_EPP;DE_TAVHL_EPP;TAVHL.E;2025-12-31;22.73;21.39;6.26;0;0;0;0;0;0;0;0;0;0;0;;;;;
2025-10-16;O_TAVHLE1225P270.00;TAVHL_12/2025_AVRUPA_OPSIYON;D_EQ;SSO;D_EQ_EPP;DE_TAVHL_EPP;TAVHL.E;2025-12-31;29.19;27.65;5.57;0;0;0;0;0;0;0;0;0;0;0;;;;;
2025-10-16;O_TCELLE1025C100.00;TCELL_10/2025_AVRUPA_OPSIYON;D_EQ;SSO;D_EQ_ECP;DE_TCELL_ECP;TCELL.E;2025-10-31;1.84;1.96;-6.12;2.3;2.3;2.64;2.64;2.35;5880000;138232;588;7;567;-500;;;;;
2025-10-16;O_TCELLE1025C105.00;TCELL_10/2025_AVRUPA_OPSIYON;D_EQ;SSO;D_EQ_ECP;DE_TCELL_ECP;TCELL.E;2025-10-31;0.72;0.8;-10;1.38;1.38;1.64;1.46;1.49;2772000;39424;264;9;240;120;;;;;
2025-10-16;O_TCELLE1025C110.00;TCELL_10/2025_AVRUPA_OPSIYON;D_EQ;SSO;D_EQ_ECP;DE_TCELL_ECP;TCELL.E;2025-10-31;0.27;0.32;-15.63;0.48;0.44;0.48;0.44;0.46;1936000;8096;176;2;177;151;;;;;
2025-10-16;O_TCELLE1025C115.00;TCELL_10/2025_AVRUPA_OPSIYON;D_EQ;SSO;D_EQ_ECP;DE_TCELL_ECP;TCELL.E;2025-10-31;0.1;0.13;-23.08;0;0;0;0;0;0;0;0;0;1289;0;;;;;
2025-10-16;O_TCELLE1025C120.00;TCELL_10/2025_AVRUPA_OPSIYON;D_EQ;SSO;D_EQ_ECP;DE_TCELL_ECP;TCELL.E;2025-10-31;0.04;0.05;-20;0;0;0;0;0;0;0;0;0;0;0;;;;;
2025-10-16;O_TCELLE1025C125.00;TCELL_10/2025_AVRUPA_OPSIYON;D_EQ;SSO;D_EQ_ECP;DE_TCELL_ECP;TCELL.E;2025-10-31;0.01;0.02;-50;0;0;0;0;0;0;0;0;0;0;0;;;;;
2025-10-16;O_TCELLE1025C130.00;TCELL_10/2025_AVRUPA_OPSIYON;D_EQ;SSO;D_EQ_ECP;DE_TCELL_ECP;TCELL.E;2025-10-31;0.01;0.01;0;0;0;0;0;0;0;0;0;0;0;0;;;;;
2025-10-16;O_TCELLE1025C135.00;TCELL_10/2025_AVRUPA_OPSIYON;D_EQ;SSO;D_EQ_ECP;DE_TCELL_ECP;TCELL.E;2025-10-31;0.01;0.01;0;0;0;0;0;0;0;0;0;0;0;0;;;;;
2025-10-16;O_TCELLE1025C90.00;TCELL_10/2025_AVRUPA_OPSIYON;D_EQ;SSO;D_EQ_ECP;DE_TCELL_ECP;TCELL.E;2025-10-31;7.82;7.92;-1.26;0;0;0;0;0;0;0;0;0;0;0;;;;;
2025-10-16;O_TCELLE1025C92.00;TCELL_10/2025_AVRUPA_OPSIYON;D_EQ;SSO;D_EQ_ECP;DE_TCELL_ECP;TCELL.E;2025-10-31;6.22;6.33;-1.74;7.84;7.84;7.84;7.84;7.84;690000;58800;75;3;75;75;;;;;
2025-10-16;O_TCELLE1025C94.00;TCELL_10/2025_AVRUPA_OPSIYON;D_EQ;SSO;D_EQ_ECP;DE_TCELL_ECP;TCELL.E;2025-10-31;4.81;4.93;-2.43;7.54;6.4;7.54;6.4;7.07;1410000;106032;150;7;336;150;;;;;
2025-10-16;O_TCELLE1025C96.00;TCELL_10/2025_AVRUPA_OPSIYON;D_EQ;SSO;D_EQ_ECP;DE_TCELL_ECP;TCELL.E;2025-10-31;3.6;3.73;-3.49;4.86;4.86;4.86;4.86;4.86;720000;36450;75;3;265;75;;;;;
2025-10-16;O_TCELLE1025C98.00;TCELL_10/2025_AVRUPA_OPSIYON;D_EQ;SSO;D_EQ_ECP;DE_TCELL_ECP;TCELL.E;2025-10-31;2.61;2.73;-4.4;2.52;2.52;4.54;4.54;3.24;32124400;1060990;3278;74;2475;-1053;;;;;
2025-10-16;O_TCELLE1025P100.00;TCELL_10/2025_AVRUPA_OPSIYON;D_EQ;SSO;D_EQ_EPP;DE_TCELL_EPP;TCELL.E;2025-10-31;4.49;4.55;-1.32;2.4;2.4;2.4;2.4;2.4;500000;12000;50;2;48;46;;;;;
2025-10-16;O_TCELLE1025P105.00;TCELL_10/2025_AVRUPA_OPSIYON;D_EQ;SSO;D_EQ_EPP;DE_TCELL_EPP;TCELL.E;2025-10-31;8.29;8.31;-0.24;0;0;0;0;0;0;0;0;0;151;0;;;;;
2025-10-16;O_TCELLE1025P110.00;TCELL_10/2025_AVRUPA_OPSIYON;D_EQ;SSO;D_EQ_EPP;DE_TCELL_EPP;TCELL.E;2025-10-31;12.76;12.75;0.08;0;0;0;0;0;0;0;0;0;1739;0;;;;;
2025-10-16;O_TCELLE1025P80.00;TCELL_10/2025_AVRUPA_OPSIYON;D_EQ;SSO;D_EQ_EPP;DE_TCELL_EPP;TCELL.E;2025-10-31;0.03;0.04;-25;0;0;0;0;0;0;0;0;0;0;0;;;;;
2025-10-16;O_TCELLE1025P82.00;TCELL_10/2025_AVRUPA_OPSIYON;D_EQ;SSO;D_EQ_EPP;DE_TCELL_EPP;TCELL.E;2025-10-31;0.06;0.08;-25;0;0;0;0;0;0;0;0;0;1;0;;;;;
2025-10-16;O_TCELLE1025P84.00;TCELL_10/2025_AVRUPA_OPSIYON;D_EQ;SSO;D_EQ_EPP;DE_TCELL_EPP;TCELL.E;2025-10-31;0.12;0.15;-20;0;0;0;0;0;0;0;0;0;1;0;;;;;
2025-10-16;O_TCELLE1025P86.00;TCELL_10/2025_AVRUPA_OPSIYON;D_EQ;SSO;D_EQ_EPP;DE_TCELL_EPP;TCELL.E;2025-10-31;0.22;0.26;-15.38;0;0;0;0;0;0;0;0;0;0;0;;;;;
2025-10-16;O_TCELLE1025P88.00;TCELL_10/2025_AVRUPA_OPSIYON;D_EQ;SSO;D_EQ_EPP;DE_TCELL_EPP;TCELL.E;2025-10-31;0.38;0.43;-11.63;0;0;0;0;0;0;0;0;0;264;0;;;;;
2025-10-16;O_TCELLE1025P90.00;TCELL_10/2025_AVRUPA_OPSIYON;D_EQ;SSO;D_EQ_EPP;DE_TCELL_EPP;TCELL.E;2025-10-31;0.63;0.69;-8.7;0;0;0;0;0;0;0;0;0;420;0;;;;;
2025-10-16;O_TCELLE1025P92.00;TCELL_10/2025_AVRUPA_OPSIYON;D_EQ;SSO;D_EQ_EPP;DE_TCELL_EPP;TCELL.E;2025-10-31;1;1.06;-5.66;0;0;0;0;0;0;0;0;0;259;0;;;;;
2025-10-16;O_TCELLE1025P94.00;TCELL_10/2025_AVRUPA_OPSIYON;D_EQ;SSO;D_EQ_EPP;DE_TCELL_EPP;TCELL.E;2025-10-31;1.56;1.63;-4.29;0.66;0.66;0.66;0.66;0.66;235000;1650;25;1;622;0;;;;;
2025-10-16;O_TCELLE1025P96.00;TCELL_10/2025_AVRUPA_OPSIYON;D_EQ;SSO;D_EQ_EPP;DE_TCELL_EPP;TCELL.E;2025-10-31;2.32;2.39;-2.93;0;0;0;0;0;0;0;0;0;5;0;;;;;
2025-10-16;O_TCELLE1025P98.00;TCELL_10/2025_AVRUPA_OPSIYON;D_EQ;SSO;D_EQ_EPP;DE_TCELL_EPP;TCELL.E;2025-10-31;3.3;3.36;-1.79;3.04;1.68;3.04;1.68;2.74;6360200;177728;649;20;1855;0;;;;;
2025-10-16;O_TCELLE1125C100.00;TCELL_11/2025_AVRUPA_OPSIYON;D_EQ;SSO;D_EQ_ECP;DE_TCELL_ECP;TCELL.E;2025-11-28;5.04;5.12;-1.56;0;0;0;0;0;0;0;0;0;63;0;;;;;
2025-10-16;O_TCELLE1125C105.00;TCELL_11/2025_AVRUPA_OPSIYON;D_EQ;SSO;D_EQ_ECP;DE_TCELL_ECP;TCELL.E;2025-11-28;3.15;3.22;-2.17;0;0;0;0;0;0;0;0;0;50;0;;;;;
2025-10-16;O_TCELLE1125C110.00;TCELL_11/2025_AVRUPA_OPSIYON;D_EQ;SSO;D_EQ_ECP;DE_TCELL_ECP;TCELL.E;2025-11-28;2.03;2.11;-3.79;2.5;2.5;2.5;2.5;2.5;11000;250;1;1;26;0;;;;;
2025-10-16;O_TCELLE1125C115.00;TCELL_11/2025_AVRUPA_OPSIYON;D_EQ;SSO;D_EQ_ECP;DE_TCELL_ECP;TCELL.E;2025-11-28;1.32;1.41;-6.38;0;0;0;0;0;0;0;0;0;1;0;;;;;
2025-10-16;O_TCELLE1125C120.00;TCELL_11/2025_AVRUPA_OPSIYON;D_EQ;SSO;D_EQ_ECP;DE_TCELL_ECP;TCELL.E;2025-11-28;0.87;0.96;-9.38;0;0;0;0;0;0;0;0;0;207;0;;;;;
2025-10-16;O_TCELLE1125C125.00;TCELL_11/2025_AVRUPA_OPSIYON;D_EQ;SSO;D_EQ_ECP;DE_TCELL_ECP;TCELL.E;2025-11-28;0.59;0.67;-11.94;0;0;0;0;0;0;0;0;0;70;0;;;;;
2025-10-16;O_TCELLE1125C130.00;TCELL_11/2025_AVRUPA_OPSIYON;D_EQ;SSO;D_EQ_ECP;DE_TCELL_ECP;TCELL.E;2025-11-28;0.41;0.48;-14.58;0;0;0;0;0;0;0;0;0;0;0;;;;;
2025-10-16;O_TCELLE1125C135.00;TCELL_11/2025_AVRUPA_OPSIYON;D_EQ;SSO;D_EQ_ECP;DE_TCELL_ECP;TCELL.E;2025-11-28;0.29;0.35;-17.14;0;0;0;0;0;0;0;0;0;0;0;;;;;
2025-10-16;O_TCELLE1125C92.00;TCELL_11/2025_AVRUPA_OPSIYON;D_EQ;SSO;D_EQ_ECP;DE_TCELL_ECP;TCELL.E;2025-11-28;9.81;9.91;-1.01;9.5;9.5;9.5;9.5;9.5;579600;59850;63;3;65;63;;;;;
2025-10-16;O_TCELLE1125C94.00;TCELL_11/2025_AVRUPA_OPSIYON;D_EQ;SSO;D_EQ_ECP;DE_TCELL_ECP;TCELL.E;2025-11-28;8.42;8.51;-1.06;0;0;0;0;0;0;0;0;0;271;0;;;;;
2025-10-16;O_TCELLE1125C96.00;TCELL_11/2025_AVRUPA_OPSIYON;D_EQ;SSO;D_EQ_ECP;DE_TCELL_ECP;TCELL.E;2025-11-28;7.15;7.24;-1.24;0;0;0;0;0;0;0;0;0;264;0;;;;;
2025-10-16;O_TCELLE1125C98.00;TCELL_11/2025_AVRUPA_OPSIYON;D_EQ;SSO;D_EQ_ECP;DE_TCELL_ECP;TCELL.E;2025-11-28;6.04;6.12;-1.31;0;0;0;0;0;0;0;0;0;154;0;;;;;
2025-10-16;O_TCELLE1125P100.00;TCELL_11/2025_AVRUPA_OPSIYON;D_EQ;SSO;D_EQ_EPP;DE_TCELL_EPP;TCELL.E;2025-11-28;4.86;4.9;-0.82;0;0;0;0;0;0;0;0;0;63;0;;;;;
2025-10-16;O_TCELLE1125P105.00;TCELL_11/2025_AVRUPA_OPSIYON;D_EQ;SSO;D_EQ_EPP;DE_TCELL_EPP;TCELL.E;2025-11-28;7.75;7.77;-0.26;0;0;0;0;0;0;0;0;0;555;0;;;;;
2025-10-16;O_TCELLE1125P110.00;TCELL_11/2025_AVRUPA_OPSIYON;D_EQ;SSO;D_EQ_EPP;DE_TCELL_EPP;TCELL.E;2025-11-28;11.41;11.44;-0.26;12.44;12.44;12.44;12.44;12.44;275000;31100;25;1;2326;25;;;;;
2025-10-16;O_TCELLE1125P82.00;TCELL_11/2025_AVRUPA_OPSIYON;D_EQ;SSO;D_EQ_EPP;DE_TCELL_EPP;TCELL.E;2025-11-28;0.52;0.57;-8.77;0;0;0;0;0;0;0;0;0;0;0;;;;;
2025-10-16;O_TCELLE1125P84.00;TCELL_11/2025_AVRUPA_OPSIYON;D_EQ;SSO;D_EQ_EPP;DE_TCELL_EPP;TCELL.E;2025-11-28;0.7;0.75;-6.67;0;0;0;0;0;0;0;0;0;1;0;;;;;
2025-10-16;O_TCELLE1125P86.00;TCELL_11/2025_AVRUPA_OPSIYON;D_EQ;SSO;D_EQ_EPP;DE_TCELL_EPP;TCELL.E;2025-11-28;0.92;0.98;-6.12;0;0;0;0;0;0;0;0;0;2;0;;;;;
2025-10-16;O_TCELLE1125P88.00;TCELL_11/2025_AVRUPA_OPSIYON;D_EQ;SSO;D_EQ_EPP;DE_TCELL_EPP;TCELL.E;2025-11-28;1.21;1.26;-3.97;0;0;0;0;0;0;0;0;0;25;0;;;;;
2025-10-16;O_TCELLE1125P90.00;TCELL_11/2025_AVRUPA_OPSIYON;D_EQ;SSO;D_EQ_EPP;DE_TCELL_EPP;TCELL.E;2025-11-28;1.56;1.61;-3.11;0;0;0;0;0;0;0;0;0;25;0;;;;;
2025-10-16;O_TCELLE1125P92.00;TCELL_11/2025_AVRUPA_OPSIYON;D_EQ;SSO;D_EQ_EPP;DE_TCELL_EPP;TCELL.E;2025-11-28;1.99;2.04;-2.45;0;0;0;0;0;0;0;0;0;25;0;;;;;
2025-10-16;O_TCELLE1125P94.00;TCELL_11/2025_AVRUPA_OPSIYON;D_EQ;SSO;D_EQ_EPP;DE_TCELL_EPP;TCELL.E;2025-11-28;2.5;2.55;-1.96;0;0;0;0;0;0;0;0;0;40;0;;;;;
2025-10-16;O_TCELLE1125P96.00;TCELL_11/2025_AVRUPA_OPSIYON;D_EQ;SSO;D_EQ_EPP;DE_TCELL_EPP;TCELL.E;2025-11-28;3.15;3.19;-1.25;0;0;0;0;0;0;0;0;0;43;0;;;;;
2025-10-16;O_TCELLE1125P98.00;TCELL_11/2025_AVRUPA_OPSIYON;D_EQ;SSO;D_EQ_EPP;DE_TCELL_EPP;TCELL.E;2025-11-28;3.95;3.98;-0.75;0;0;0;0;0;0;0;0;0;50;0;;;;;
2025-10-16;O_TCELLE1225C100.00;TCELL_12/2025_AVRUPA_OPSIYON;D_EQ;SSO;D_EQ_ECP;DE_TCELL_ECP;TCELL.E;2025-12-31;9.22;9.31;-0.97;0;0;0;0;0;0;0;0;0;0;0;;;;;
2025-10-16;O_TCELLE1225C105.00;TCELL_12/2025_AVRUPA_OPSIYON;D_EQ;SSO;D_EQ_ECP;DE_TCELL_ECP;TCELL.E;2025-12-31;6.78;6.86;-1.17;0;0;0;0;0;0;0;0;0;0;0;;;;;
2025-10-16;O_TCELLE1225C110.00;TCELL_12/2025_AVRUPA_OPSIYON;D_EQ;SSO;D_EQ_ECP;DE_TCELL_ECP;TCELL.E;2025-12-31;4.99;5.07;-1.58;0;0;0;0;0;0;0;0;0;0;0;;;;;
2025-10-16;O_TCELLE1225C115.00;TCELL_12/2025_AVRUPA_OPSIYON;D_EQ;SSO;D_EQ_ECP;DE_TCELL_ECP;TCELL.E;2025-12-31;3.8;3.91;-2.81;0;0;0;0;0;0;0;0;0;0;0;;;;;
2025-10-16;O_TCELLE1225C120.00;TCELL_12/2025_AVRUPA_OPSIYON;D_EQ;SSO;D_EQ_ECP;DE_TCELL_ECP;TCELL.E;2025-12-31;2.94;3.06;-3.92;0;0;0;0;0;0;0;0;0;0;0;;;;;
2025-10-16;O_TCELLE1225C125.00;TCELL_12/2025_AVRUPA_OPSIYON;D_EQ;SSO;D_EQ_ECP;DE_TCELL_ECP;TCELL.E;2025-12-31;2.3;2.44;-5.74;0;0;0;0;0;0;0;0;0;0;0;;;;;
2025-10-16;O_TCELLE1225C130.00;TCELL_12/2025_AVRUPA_OPSIYON;D_EQ;SSO;D_EQ_ECP;DE_TCELL_ECP;TCELL.E;2025-12-31;1.84;1.98;-7.07;0;0;0;0;0;0;0;0;0;0;0;;;;;
2025-10-16;O_TCELLE1225C135.00;TCELL_12/2025_AVRUPA_OPSIYON;D_EQ;SSO;D_EQ_ECP;DE_TCELL_ECP;TCELL.E;2025-12-31;1.49;1.63;-8.59;0;0;0;0;0;0;0;0;0;0;0;;;;;
2025-10-16;O_TCELLE1225C140.00;TCELL_12/2025_AVRUPA_OPSIYON;D_EQ;SSO;D_EQ_ECP;DE_TCELL_ECP;TCELL.E;2025-12-31;1.23;1.38;-10.87;0;0;0;0;0;0;0;0;0;0;0;;;;;
2025-10-16;O_TCELLE1225C96.00;TCELL_12/2025_AVRUPA_OPSIYON;D_EQ;SSO;D_EQ_ECP;DE_TCELL_ECP;TCELL.E;2025-12-31;11.66;11.76;-0.85;0;0;0;0;0;0;0;0;0;0;0;;;;;
2025-10-16;O_TCELLE1225C98.00;TCELL_12/2025_AVRUPA_OPSIYON;D_EQ;SSO;D_EQ_ECP;DE_TCELL_ECP;TCELL.E;2025-12-31;10.37;10.46;-0.86;0;0;0;0;0;0;0;0;0;0;0;;;;;
2025-10-16;O_TCELLE1225P100.00;TCELL_12/2025_AVRUPA_OPSIYON;D_EQ;SSO;D_EQ_EPP;DE_TCELL_EPP;TCELL.E;2025-12-31;4.29;4.31;-0.46;0;0;0;0;0;0;0;0;0;0;0;;;;;
2025-10-16;O_TCELLE1225P105.00;TCELL_12/2025_AVRUPA_OPSIYON;D_EQ;SSO;D_EQ_EPP;DE_TCELL_EPP;TCELL.E;2025-12-31;6.39;6.4;-0.16;0;0;0;0;0;0;0;0;0;0;0;;;;;
2025-10-16;O_TCELLE1225P110.00;TCELL_12/2025_AVRUPA_OPSIYON;D_EQ;SSO;D_EQ_EPP;DE_TCELL_EPP;TCELL.E;2025-12-31;9.14;9.14;0;0;0;0;0;0;0;0;0;0;0;0;;;;;
2025-10-16;O_TCELLE1225P115.00;TCELL_12/2025_AVRUPA_OPSIYON;D_EQ;SSO;D_EQ_EPP;DE_TCELL_EPP;TCELL.E;2025-12-31;12.5;12.52;-0.16;0;0;0;0;0;0;0;0;0;0;0;;;;;
2025-10-16;O_TCELLE1225P86.00;TCELL_12/2025_AVRUPA_OPSIYON;D_EQ;SSO;D_EQ_EPP;DE_TCELL_EPP;TCELL.E;2025-12-31;1.28;1.34;-4.48;0;0;0;0;0;0;0;0;0;0;0;;;;;
2025-10-16;O_TCELLE1225P88.00;TCELL_12/2025_AVRUPA_OPSIYON;D_EQ;SSO;D_EQ_EPP;DE_TCELL_EPP;TCELL.E;2025-12-31;1.55;1.61;-3.73;0;0;0;0;0;0;0;0;0;0;0;;;;;
2025-10-16;O_TCELLE1225P90.00;TCELL_12/2025_AVRUPA_OPSIYON;D_EQ;SSO;D_EQ_EPP;DE_TCELL_EPP;TCELL.E;2025-12-31;1.86;1.92;-3.13;0;0;0;0;0;0;0;0;0;0;0;;;;;
2025-10-16;O_TCELLE1225P92.00;TCELL_12/2025_AVRUPA_OPSIYON;D_EQ;SSO;D_EQ_EPP;DE_TCELL_EPP;TCELL.E;2025-12-31;2.21;2.27;-2.64;0;0;0;0;0;0;0;0;0;0;0;;;;;
2025-10-16;O_TCELLE1225P94.00;TCELL_12/2025_AVRUPA_OPSIYON;D_EQ;SSO;D_EQ_EPP;DE_TCELL_EPP;TCELL.E;2025-12-31;2.62;2.67;-1.87;0;0;0;0;0;0;0;0;0;0;0;;;;;
2025-10-16;O_TCELLE1225P96.00;TCELL_12/2025_AVRUPA_OPSIYON;D_EQ;SSO;D_EQ_EPP;DE_TCELL_EPP;TCELL.E;2025-12-31;3.09;3.13;-1.28;0;0;0;0;0;0;0;0;0;0;0;;;;;
2025-10-16;O_TCELLE1225P98.00;TCELL_12/2025_AVRUPA_OPSIYON;D_EQ;SSO;D_EQ_EPP;DE_TCELL_EPP;TCELL.E;2025-12-31;3.62;3.65;-0.82;0;0;0;0;0;0;0;0;0;0;0;;;;;
2025-10-16;O_THYAOE1025C300.00;THYAO_10/2025_AVRUPA_OPSIYON;D_EQ;SSO;D_EQ_ECP;DE_THYAO_ECP;THYAO.E;2025-10-31;7.81;11.02;-29.13;10.07;8.33;10.07;8.33;9.2;600000;18400;20;2;10;0;;;;;
2025-10-16;O_THYAOE1025C310.00;THYAO_10/2025_AVRUPA_OPSIYON;D_EQ;SSO;D_EQ_ECP;DE_THYAO_ECP;THYAO.E;2025-10-31;3.94;6.06;-34.98;4.22;4.22;4.22;4.22;4.22;310000;4220;10;1;236;0;;;;;
2025-10-16;O_THYAOE1025C320.00;THYAO_10/2025_AVRUPA_OPSIYON;D_EQ;SSO;D_EQ_ECP;DE_THYAO_ECP;THYAO.E;2025-10-31;1.86;3.01;-38.21;0;0;0;0;0;0;0;0;0;9100;0;;;;;
2025-10-16;O_THYAOE1025C330.00;THYAO_10/2025_AVRUPA_OPSIYON;D_EQ;SSO;D_EQ_ECP;DE_THYAO_ECP;THYAO.E;2025-10-31;0.9;1.52;-40.79;1.19;1.19;1.19;1.19;1.19;33000;119;1;1;1983;1;;;;;
2025-10-16;O_THYAOE1025C340.00;THYAO_10/2025_AVRUPA_OPSIYON;D_EQ;SSO;D_EQ_ECP;DE_THYAO_ECP;THYAO.E;2025-10-31;0.44;0.78;-43.59;0;0;0;0;0;0;0;0;0;962;0;;;;;
2025-10-16;O_THYAOE1025C350.00;THYAO_10/2025_AVRUPA_OPSIYON;D_EQ;SSO;D_EQ_ECP;DE_THYAO_ECP;THYAO.E;2025-10-31;0.22;0.4;-45;0;0;0;0;0;0;0;0;0;794;0;;;;;
2025-10-16;O_THYAOE1025C360.00;THYAO_10/2025_AVRUPA_OPSIYON;D_EQ;SSO;D_EQ_ECP;DE_THYAO_ECP;THYAO.E;2025-10-31;0.11;0.21;-47.62;0;0;0;0;0;0;0;0;0;2087;0;;;;;
2025-10-16;O_THYAOE1025C370.00;THYAO_10/2025_AVRUPA_OPSIYON;D_EQ;SSO;D_EQ_ECP;DE_THYAO_ECP;THYAO.E;2025-10-31;0.06;0.11;-45.45;0;0;0;0;0;0;0;0;0;2672;0;;;;;
2025-10-16;O_THYAOE1025C380.00;THYAO_10/2025_AVRUPA_OPSIYON;D_EQ;SSO;D_EQ_ECP;DE_THYAO_ECP;THYAO.E;2025-10-31;0.03;0.06;-50;0;0;0;0;0;0;0;0;0;320;0;;;;;
2025-10-16;O_THYAOE1025C390.00;THYAO_10/2025_AVRUPA_OPSIYON;D_EQ;SSO;D_EQ_ECP;DE_THYAO_ECP;THYAO.E;2025-10-31;0.02;0.04;-50;0;0;0;0;0;0;0;0;0;0;0;;;;;
2025-10-16;O_THYAOE1025C400.00;THYAO_10/2025_AVRUPA_OPSIYON;D_EQ;SSO;D_EQ_ECP;DE_THYAO_ECP;THYAO.E;2025-10-31;0.01;0.02;-50;0;0;0;0;0;0;0;0;0;0;0;;;;;
2025-10-16;O_THYAOE1025C410.00;THYAO_10/2025_AVRUPA_OPSIYON;D_EQ;SSO;D_EQ_ECP;DE_THYAO_ECP;THYAO.E;2025-10-31;0.01;0.01;0;0;0;0;0;0;0;0;0;0;0;0;;;;;
2025-10-16;O_THYAOE1025C420.00;THYAO_10/2025_AVRUPA_OPSIYON;D_EQ;SSO;D_EQ_ECP;DE_THYAO_ECP;THYAO.E;2025-10-31;0.01;0.01;0;0;0;0;0;0;0;0;0;0;0;0;;;;;
2025-10-16;O_THYAOE1025C430.00;THYAO_10/2025_AVRUPA_OPSIYON;D_EQ;SSO;D_EQ_ECP;DE_THYAO_ECP;THYAO.E;2025-10-31;0.01;0.01;0;0;0;0;0;0;0;0;0;0;0;0;;;;;
2025-10-16;O_THYAOE1025P250.00;THYAO_10/2025_AVRUPA_OPSIYON;D_EQ;SSO;D_EQ_EPP;DE_THYAO_EPP;THYAO.E;2025-10-31;0.06;0.05;20;0;0;0;0;0;0;0;0;0;0;0;;;;;
2025-10-16;O_THYAOE1025P260.00;THYAO_10/2025_AVRUPA_OPSIYON;D_EQ;SSO;D_EQ_EPP;DE_THYAO_EPP;THYAO.E;2025-10-31;0.18;0.14;28.57;0;0;0;0;0;0;0;0;0;0;0;;;;;
2025-10-16;O_THYAOE1025P270.00;THYAO_10/2025_AVRUPA_OPSIYON;D_EQ;SSO;D_EQ_EPP;DE_THYAO_EPP;THYAO.E;2025-10-31;0.53;0.4;32.5;0;0;0;0;0;0;0;0;0;0;0;;;;;
2025-10-16;O_THYAOE1025P280.00;THYAO_10/2025_AVRUPA_OPSIYON;D_EQ;SSO;D_EQ_EPP;DE_THYAO_EPP;THYAO.E;2025-10-31;1.38;1.02;35.29;1.2;1.2;1.55;1.55;1.52;308000;1670;11;2;95;11;;;;;
2025-10-16;O_THYAOE1025P290.00;THYAO_10/2025_AVRUPA_OPSIYON;D_EQ;SSO;D_EQ_EPP;DE_THYAO_EPP;THYAO.E;2025-10-31;3.34;2.38;40.34;3.84;3.4;4;4;3.58;5162000;63790;178;9;398;18;;;;;
2025-10-16;O_THYAOE1025P300.00;THYAO_10/2025_AVRUPA_OPSIYON;D_EQ;SSO;D_EQ_EPP;DE_THYAO_EPP;THYAO.E;2025-10-31;7.16;5.31;34.84;5.94;5.45;6.85;6.75;6.52;4440000;96490;148;16;1229;75;;;;;
2025-10-16;O_THYAOE1025P310.00;THYAO_10/2025_AVRUPA_OPSIYON;D_EQ;SSO;D_EQ_EPP;DE_THYAO_EPP;THYAO.E;2025-10-31;13.14;10.19;28.95;10.9;10.74;12.55;12.55;12.08;1209000;47114;39;5;689;0;;;;;
2025-10-16;O_THYAOE1025P320.00;THYAO_10/2025_AVRUPA_OPSIYON;D_EQ;SSO;D_EQ_EPP;DE_THYAO_EPP;THYAO.E;2025-10-31;20.9;16.98;23.09;16.92;16.92;20.13;19.8;19.14;1856000;111010;58;6;160;28;;;;;
2025-10-16;O_THYAOE1025P330.00;THYAO_10/2025_AVRUPA_OPSIYON;D_EQ;SSO;D_EQ_EPP;DE_THYAO_EPP;THYAO.E;2025-10-31;29.79;25.32;17.65;0;0;0;0;0;0;0;0;0;116;0;;;;;
2025-10-16;O_THYAOE1025P340.00;THYAO_10/2025_AVRUPA_OPSIYON;D_EQ;SSO;D_EQ_EPP;DE_THYAO_EPP;THYAO.E;2025-10-31;39.17;34.41;13.83;0;0;0;0;0;0;0;0;0;78;0;;;;;
2025-10-16;O_THYAOE1025P350.00;THYAO_10/2025_AVRUPA_OPSIYON;D_EQ;SSO;D_EQ_EPP;DE_THYAO_EPP;THYAO.E;2025-10-31;48.79;43.87;11.21;0;0;0;0;0;0;0;0;0;18;0;;;;;
2025-10-16;O_THYAOE1025P360.00;THYAO_10/2025_AVRUPA_OPSIYON;D_EQ;SSO;D_EQ_EPP;DE_THYAO_EPP;THYAO.E;2025-10-31;58.53;53.51;9.38;0;0;0;0;0;0;0;0;0;18;0;;;;;
2025-10-16;O_THYAOE1025P370.00;THYAO_10/2025_AVRUPA_OPSIYON;D_EQ;SSO;D_EQ_EPP;DE_THYAO_EPP;THYAO.E;2025-10-31;68.32;63.25;8.02;0;0;0;0;0;0;0;0;0;0;0;;;;;
2025-10-16;O_THYAOE1025P380.00;THYAO_10/2025_AVRUPA_OPSIYON;D_EQ;SSO;D_EQ_EPP;DE_THYAO_EPP;THYAO.E;2025-10-31;78.14;73.04;6.98;0;0;0;0;0;0;0;0;0;0;0;;;;;
2025-10-16;O_THYAOE1125C300.00;THYAO_11/2025_AVRUPA_OPSIYON;D_EQ;SSO;D_EQ_ECP;DE_THYAO_ECP;THYAO.E;2025-11-28;17.69;;0;0;0;0;0;0;0;0;0;0;0;0;;;;;
2025-10-16;O_THYAOE1125C310.00;THYAO_11/2025_AVRUPA_OPSIYON;D_EQ;SSO;D_EQ_ECP;DE_THYAO_ECP;THYAO.E;2025-11-28;12.47;15.44;-19.24;0;0;0;0;0;0;0;0;0;0;0;;;;;
2025-10-16;O_THYAOE1125C320.00;THYAO_11/2025_AVRUPA_OPSIYON;D_EQ;SSO;D_EQ_ECP;DE_THYAO_ECP;THYAO.E;2025-11-28;8.64;10.89;-20.66;7.8;7.8;7.8;7.8;7.8;32000;780;1;1;8;0;;;;;
2025-10-16;O_THYAOE1125C330.00;THYAO_11/2025_AVRUPA_OPSIYON;D_EQ;SSO;D_EQ_ECP;DE_THYAO_ECP;THYAO.E;2025-11-28;6.05;7.53;-19.65;0;0;0;0;0;0;0;0;0;26;0;;;;;
2025-10-16;O_THYAOE1125C340.00;THYAO_11/2025_AVRUPA_OPSIYON;D_EQ;SSO;D_EQ_ECP;DE_THYAO_ECP;THYAO.E;2025-11-28;4.42;5.51;-19.78;0;0;0;0;0;0;0;0;0;10;0;;;;;
2025-10-16;O_THYAOE1125C350.00;THYAO_11/2025_AVRUPA_OPSIYON;D_EQ;SSO;D_EQ_ECP;DE_THYAO_ECP;THYAO.E;2025-11-28;3.27;4.1;-20.24;0;0;0;0;0;0;0;0;0;60;0;;;;;
2025-10-16;O_THYAOE1125C360.00;THYAO_11/2025_AVRUPA_OPSIYON;D_EQ;SSO;D_EQ_ECP;DE_THYAO_ECP;THYAO.E;2025-11-28;2.47;3.1;-20.32;0;0;0;0;0;0;0;0;0;95;0;;;;;
2025-10-16;O_THYAOE1125C370.00;THYAO_11/2025_AVRUPA_OPSIYON;D_EQ;SSO;D_EQ_ECP;DE_THYAO_ECP;THYAO.E;2025-11-28;1.9;2.38;-20.17;0;0;0;0;0;0;0;0;0;1178;0;;;;;
2025-10-16;O_THYAOE1125C380.00;THYAO_11/2025_AVRUPA_OPSIYON;D_EQ;SSO;D_EQ_ECP;DE_THYAO_ECP;THYAO.E;2025-11-28;1.5;1.87;-19.79;0;0;0;0;0;0;0;0;0;208;0;;;;;
2025-10-16;O_THYAOE1125C390.00;THYAO_11/2025_AVRUPA_OPSIYON;D_EQ;SSO;D_EQ_ECP;DE_THYAO_ECP;THYAO.E;2025-11-28;1.2;1.5;-20;0;0;0;0;0;0;0;0;0;714;0;;;;;
2025-10-16;O_THYAOE1125C400.00;THYAO_11/2025_AVRUPA_OPSIYON;D_EQ;SSO;D_EQ_ECP;DE_THYAO_ECP;THYAO.E;2025-11-28;0.98;1.22;-19.67;0;0;0;0;0;0;0;0;0;133;0;;;;;
2025-10-16;O_THYAOE1125C410.00;THYAO_11/2025_AVRUPA_OPSIYON;D_EQ;SSO;D_EQ_ECP;DE_THYAO_ECP;THYAO.E;2025-11-28;0.81;1.01;-19.8;0;0;0;0;0;0;0;0;0;0;0;;;;;
2025-10-16;O_THYAOE1125C420.00;THYAO_11/2025_AVRUPA_OPSIYON;D_EQ;SSO;D_EQ_ECP;DE_THYAO_ECP;THYAO.E;2025-11-28;0.69;0.86;-19.77;0;0;0;0;0;0;0;0;0;0;0;;;;;
2025-10-16;O_THYAOE1125C430.00;THYAO_11/2025_AVRUPA_OPSIYON;D_EQ;SSO;D_EQ_ECP;DE_THYAO_ECP;THYAO.E;2025-11-28;0.59;0.74;-20.27;0;0;0;0;0;0;0;0;0;0;0;;;;;
2025-10-16;O_THYAOE1125P250.00;THYAO_11/2025_AVRUPA_OPSIYON;D_EQ;SSO;D_EQ_EPP;DE_THYAO_EPP;THYAO.E;2025-11-28;0.86;;0;0;0;0;0;0;0;0;0;0;0;0;;;;;
2025-10-16;O_THYAOE1125P260.00;THYAO_11/2025_AVRUPA_OPSIYON;D_EQ;SSO;D_EQ_EPP;DE_THYAO_EPP;THYAO.E;2025-11-28;1.41;1.23;14.63;0;0;0;0;0;0;0;0;0;0;0;;;;;
2025-10-16;O_THYAOE1125P270.00;THYAO_11/2025_AVRUPA_OPSIYON;D_EQ;SSO;D_EQ_EPP;DE_THYAO_EPP;THYAO.E;2025-11-28;2.28;1.96;16.33;0;0;0;0;0;0;0;0;0;0;0;;;;;
2025-10-16;O_THYAOE1125P280.00;THYAO_11/2025_AVRUPA_OPSIYON;D_EQ;SSO;D_EQ_EPP;DE_THYAO_EPP;THYAO.E;2025-11-28;3.59;3.07;16.94;0;0;0;0;0;0;0;0;0;0;0;;;;;
2025-10-16;O_THYAOE1125P290.00;THYAO_11/2025_AVRUPA_OPSIYON;D_EQ;SSO;D_EQ_EPP;DE_THYAO_EPP;THYAO.E;2025-11-28;5.51;4.69;17.48;5.7;5.53;5.81;5.53;5.71;1160000;22840;40;4;41;40;;;;;
2025-10-16;O_THYAOE1125P300.00;THYAO_11/2025_AVRUPA_OPSIYON;D_EQ;SSO;D_EQ_EPP;DE_THYAO_EPP;THYAO.E;2025-11-28;8.56;7.05;21.42;6.65;6.65;7.82;7.82;6.94;750000;17360;25;3;92;25;;;;;
2025-10-16;O_THYAOE1125P310.00;THYAO_11/2025_AVRUPA_OPSIYON;D_EQ;SSO;D_EQ_EPP;DE_THYAO_EPP;THYAO.E;2025-11-28;12.9;10.81;19.33;0;0;0;0;0;0;0;0;0;258;0;;;;;
2025-10-16;O_THYAOE1125P320.00;THYAO_11/2025_AVRUPA_OPSIYON;D_EQ;SSO;D_EQ_EPP;DE_THYAO_EPP;THYAO.E;2025-11-28;18.63;15.82;17.76;0;0;0;0;0;0;0;0;0;127;0;;;;;
2025-10-16;O_THYAOE1125P330.00;THYAO_11/2025_AVRUPA_OPSIYON;D_EQ;SSO;D_EQ_EPP;DE_THYAO_EPP;THYAO.E;2025-11-28;25.6;22.01;16.31;24.71;24.71;24.71;24.71;24.71;330000;24710;10;1;82;0;;;;;
2025-10-16;O_THYAOE1125P340.00;THYAO_11/2025_AVRUPA_OPSIYON;D_EQ;SSO;D_EQ_EPP;DE_THYAO_EPP;THYAO.E;2025-11-28;33.53;29.53;13.55;0;0;0;0;0;0;0;0;0;30;0;;;;;
2025-10-16;O_THYAOE1125P350.00;THYAO_11/2025_AVRUPA_OPSIYON;D_EQ;SSO;D_EQ_EPP;DE_THYAO_EPP;THYAO.E;2025-11-28;41.95;37.67;11.36;0;0;0;0;0;0;0;0;0;310;0;;;;;
2025-10-16;O_THYAOE1125P360.00;THYAO_11/2025_AVRUPA_OPSIYON;D_EQ;SSO;D_EQ_EPP;DE_THYAO_EPP;THYAO.E;2025-11-28;50.71;46.23;9.69;0;0;0;0;0;0;0;0;0;0;0;;;;;
2025-10-16;O_THYAOE1125P370.00;THYAO_11/2025_AVRUPA_OPSIYON;D_EQ;SSO;D_EQ_EPP;DE_THYAO_EPP;THYAO.E;2025-11-28;59.7;55.07;8.41;0;0;0;0;0;0;0;0;0;840;0;;;;;
2025-10-16;O_THYAOE1125P380.00;THYAO_11/2025_AVRUPA_OPSIYON;D_EQ;SSO;D_EQ_EPP;DE_THYAO_EPP;THYAO.E;2025-11-28;68.86;64.11;7.41;0;0;0;0;0;0;0;0;0;0;0;;;;;
2025-10-16;O_THYAOE1225C310.00;THYAO_12/2025_AVRUPA_OPSIYON;D_EQ;SSO;D_EQ_ECP;DE_THYAO_ECP;THYAO.E;2025-12-31;24.74;28.39;-12.86;0;0;0;0;0;0;0;0;0;0;0;;;;;
2025-10-16;O_THYAOE1225C320.00;THYAO_12/2025_AVRUPA_OPSIYON;D_EQ;SSO;D_EQ_ECP;DE_THYAO_ECP;THYAO.E;2025-12-31;19.44;22.71;-14.4;0;0;0;0;0;0;0;0;0;0;0;;;;;
2025-10-16;O_THYAOE1225C330.00;THYAO_12/2025_AVRUPA_OPSIYON;D_EQ;SSO;D_EQ_ECP;DE_THYAO_ECP;THYAO.E;2025-12-31;15.26;17.91;-14.8;0;0;0;0;0;0;0;0;0;0;0;;;;;
2025-10-16;O_THYAOE1225C340.00;THYAO_12/2025_AVRUPA_OPSIYON;D_EQ;SSO;D_EQ_ECP;DE_THYAO_ECP;THYAO.E;2025-12-31;12.08;14.08;-14.2;0;0;0;0;0;0;0;0;0;0;0;;;;;
2025-10-16;O_THYAOE1225C350.00;THYAO_12/2025_AVRUPA_OPSIYON;D_EQ;SSO;D_EQ_ECP;DE_THYAO_ECP;THYAO.E;2025-12-31;9.97;11.48;-13.15;0;0;0;0;0;0;0;0;0;0;0;;;;;
2025-10-16;O_THYAOE1225C360.00;THYAO_12/2025_AVRUPA_OPSIYON;D_EQ;SSO;D_EQ_ECP;DE_THYAO_ECP;THYAO.E;2025-12-31;8.32;9.57;-13.06;0;0;0;0;0;0;0;0;0;0;0;;;;;
2025-10-16;O_THYAOE1225C370.00;THYAO_12/2025_AVRUPA_OPSIYON;D_EQ;SSO;D_EQ_ECP;DE_THYAO_ECP;THYAO.E;2025-12-31;7.03;8.08;-13;0;0;0;0;0;0;0;0;0;0;0;;;;;
2025-10-16;O_THYAOE1225C380.00;THYAO_12/2025_AVRUPA_OPSIYON;D_EQ;SSO;D_EQ_ECP;DE_THYAO_ECP;THYAO.E;2025-12-31;6.02;6.91;-12.88;0;0;0;0;0;0;0;0;0;0;0;;;;;
2025-10-16;O_THYAOE1225C390.00;THYAO_12/2025_AVRUPA_OPSIYON;D_EQ;SSO;D_EQ_ECP;DE_THYAO_ECP;THYAO.E;2025-12-31;5.23;5.98;-12.54;0;0;0;0;0;0;0;0;0;0;0;;;;;
2025-10-16;O_THYAOE1225C400.00;THYAO_12/2025_AVRUPA_OPSIYON;D_EQ;SSO;D_EQ_ECP;DE_THYAO_ECP;THYAO.E;2025-12-31;4.6;5.24;-12.21;0;0;0;0;0;0;0;0;0;0;0;;;;;
2025-10-16;O_THYAOE1225P260.00;THYAO_12/2025_AVRUPA_OPSIYON;D_EQ;SSO;D_EQ_EPP;DE_THYAO_EPP;THYAO.E;2025-12-31;2.29;2.09;9.57;0;0;0;0;0;0;0;0;0;0;0;;;;;
2025-10-16;O_THYAOE1225P270.00;THYAO_12/2025_AVRUPA_OPSIYON;D_EQ;SSO;D_EQ_EPP;DE_THYAO_EPP;THYAO.E;2025-12-31;3.14;2.85;10.18;0;0;0;0;0;0;0;0;0;0;0;;;;;
2025-10-16;O_THYAOE1225P280.00;THYAO_12/2025_AVRUPA_OPSIYON;D_EQ;SSO;D_EQ_EPP;DE_THYAO_EPP;THYAO.E;2025-12-31;4.27;3.84;11.2;0;0;0;0;0;0;0;0;0;0;0;;;;;
2025-10-16;O_THYAOE1225P290.00;THYAO_12/2025_AVRUPA_OPSIYON;D_EQ;SSO;D_EQ_EPP;DE_THYAO_EPP;THYAO.E;2025-12-31;5.73;5.14;11.48;0;0;0;0;0;0;0;0;0;0;0;;;;;
2025-10-16;O_THYAOE1225P300.00;THYAO_12/2025_AVRUPA_OPSIYON;D_EQ;SSO;D_EQ_EPP;DE_THYAO_EPP;THYAO.E;2025-12-31;7.63;6.81;12.04;0;0;0;0;0;0;0;0;0;0;0;;;;;
2025-10-16;O_THYAOE1225P310.00;THYAO_12/2025_AVRUPA_OPSIYON;D_EQ;SSO;D_EQ_EPP;DE_THYAO_EPP;THYAO.E;2025-12-31;10.42;8.97;16.16;0;0;0;0;0;0;0;0;0;0;0;;;;;
2025-10-16;O_THYAOE1225P320.00;THYAO_12/2025_AVRUPA_OPSIYON;D_EQ;SSO;D_EQ_EPP;DE_THYAO_EPP;THYAO.E;2025-12-31;14.21;12.36;14.97;0;0;0;0;0;0;0;0;0;0;0;;;;;
2025-10-16;O_THYAOE1225P330.00;THYAO_12/2025_AVRUPA_OPSIYON;D_EQ;SSO;D_EQ_EPP;DE_THYAO_EPP;THYAO.E;2025-12-31;19.12;16.64;14.9;0;0;0;0;0;0;0;0;0;0;0;;;;;
2025-10-16;O_THYAOE1225P340.00;THYAO_12/2025_AVRUPA_OPSIYON;D_EQ;SSO;D_EQ_EPP;DE_THYAO_EPP;THYAO.E;2025-12-31;25.03;21.88;14.4;0;0;0;0;0;0;0;0;0;0;0;;;;;
2025-10-16;O_THYAOE1225P350.00;THYAO_12/2025_AVRUPA_OPSIYON;D_EQ;SSO;D_EQ_EPP;DE_THYAO_EPP;THYAO.E;2025-12-31;32;28.36;12.83;0;0;0;0;0;0;0;0;0;0;0;;;;;
2025-10-16;O_TOASOE1025C230.00;TOASO_10/2025_AVRUPA_OPSIYON;D_EQ;SSO;D_EQ_ECP;DE_TOASO_ECP;TOASO.E;2025-10-31;29.08;34.32;-15.27;0;0;0;0;0;0;0;0;0;0;0;;;;;
2025-10-16;O_TOASOE1025C235.00;TOASO_10/2025_AVRUPA_OPSIYON;D_EQ;SSO;D_EQ_ECP;DE_TOASO_ECP;TOASO.E;2025-10-31;24.68;29.77;-17.1;0;0;0;0;0;0;0;0;0;0;0;;;;;
2025-10-16;O_TOASOE1025C240.00;TOASO_10/2025_AVRUPA_OPSIYON;D_EQ;SSO;D_EQ_ECP;DE_TOASO_ECP;TOASO.E;2025-10-31;20.54;25.42;-19.2;0;0;0;0;0;0;0;0;0;0;0;;;;;
2025-10-16;O_TOASOE1025C245.00;TOASO_10/2025_AVRUPA_OPSIYON;D_EQ;SSO;D_EQ_ECP;DE_TOASO_ECP;TOASO.E;2025-10-31;16.71;21.31;-21.59;0;0;0;0;0;0;0;0;0;0;0;;;;;
2025-10-16;O_TOASOE1025C250.00;TOASO_10/2025_AVRUPA_OPSIYON;D_EQ;SSO;D_EQ_ECP;DE_TOASO_ECP;TOASO.E;2025-10-31;13.31;17.5;-23.94;0;0;0;0;0;0;0;0;0;120;0;;;;;
2025-10-16;O_TOASOE1025C260.00;TOASO_10/2025_AVRUPA_OPSIYON;D_EQ;SSO;D_EQ_ECP;DE_TOASO_ECP;TOASO.E;2025-10-31;7.84;11.12;-29.5;0;0;0;0;0;0;0;0;0;17;0;;;;;
2025-10-16;O_TOASOE1025C270.00;TOASO_10/2025_AVRUPA_OPSIYON;D_EQ;SSO;D_EQ_ECP;DE_TOASO_ECP;TOASO.E;2025-10-31;4.2;6.48;-35.19;5.51;4.65;5.51;4.65;5.12;810000;15360;30;3;70;30;;;;;
2025-10-16;O_TOASOE1025C280.00;TOASO_10/2025_AVRUPA_OPSIYON;D_EQ;SSO;D_EQ_ECP;DE_TOASO_ECP;TOASO.E;2025-10-31;2.08;3.48;-40.23;0;0;0;0;0;0;0;0;0;53;0;;;;;
2025-10-16;O_TOASOE1025C290.00;TOASO_10/2025_AVRUPA_OPSIYON;D_EQ;SSO;D_EQ_ECP;DE_TOASO_ECP;TOASO.E;2025-10-31;0.97;1.76;-44.89;0.95;0.95;0.95;0.95;0.95;609000;1995;21;1;21;21;;;;;
2025-10-16;O_TOASOE1025C300.00;TOASO_10/2025_AVRUPA_OPSIYON;D_EQ;SSO;D_EQ_ECP;DE_TOASO_ECP;TOASO.E;2025-10-31;0.42;0.84;-50;0;0;0;0;0;0;0;0;0;40;0;;;;;
2025-10-16;O_TOASOE1025C310.00;TOASO_10/2025_AVRUPA_OPSIYON;D_EQ;SSO;D_EQ_ECP;DE_TOASO_ECP;TOASO.E;2025-10-31;0.17;0.38;-55.26;0;0;0;0;0;0;0;0;0;0;0;;;;;
2025-10-16;O_TOASOE1025C320.00;TOASO_10/2025_AVRUPA_OPSIYON;D_EQ;SSO;D_EQ_ECP;DE_TOASO_ECP;TOASO.E;2025-10-31;0.07;0.17;-58.82;0;0;0;0;0;0;0;0;0;20;0;;;;;
2025-10-16;O_TOASOE1025C330.00;TOASO_10/2025_AVRUPA_OPSIYON;D_EQ;SSO;D_EQ_ECP;DE_TOASO_ECP;TOASO.E;2025-10-31;0.03;0.07;-57.14;0;0;0;0;0;0;0;0;0;0;0;;;;;
2025-10-16;O_TOASOE1025C340.00;TOASO_10/2025_AVRUPA_OPSIYON;D_EQ;SSO;D_EQ_ECP;DE_TOASO_ECP;TOASO.E;2025-10-31;0.01;0.03;-66.67;0;0;0;0;0;0;0;0;0;0;0;;;;;
2025-10-16;O_TOASOE1025C350.00;TOASO_10/2025_AVRUPA_OPSIYON;D_EQ;SSO;D_EQ_ECP;DE_TOASO_ECP;TOASO.E;2025-10-31;0.01;0.01;0;0;0;0;0;0;0;0;0;0;0;0;;;;;
2025-10-16;O_TOASOE1025P205.00;TOASO_10/2025_AVRUPA_OPSIYON;D_EQ;SSO;D_EQ_EPP;DE_TOASO_EPP;TOASO.E;2025-10-31;0.02;0.02;0;0;0;0;0;0;0;0;0;0;0;0;;;;;
2025-10-16;O_TOASOE1025P210.00;TOASO_10/2025_AVRUPA_OPSIYON;D_EQ;SSO;D_EQ_EPP;DE_TOASO_EPP;TOASO.E;2025-10-31;0.06;0.04;50;0;0;0;0;0;0;0;0;0;0;0;;;;;
2025-10-16;O_TOASOE1025P215.00;TOASO_10/2025_AVRUPA_OPSIYON;D_EQ;SSO;D_EQ_EPP;DE_TOASO_EPP;TOASO.E;2025-10-31;0.12;0.08;50;0;0;0;0;0;0;0;0;0;0;0;;;;;
2025-10-16;O_TOASOE1025P220.00;TOASO_10/2025_AVRUPA_OPSIYON;D_EQ;SSO;D_EQ_EPP;DE_TOASO_EPP;TOASO.E;2025-10-31;0.23;0.16;43.75;0;0;0;0;0;0;0;0;0;30;0;;;;;
2025-10-16;O_TOASOE1025P225.00;TOASO_10/2025_AVRUPA_OPSIYON;D_EQ;SSO;D_EQ_EPP;DE_TOASO_EPP;TOASO.E;2025-10-31;0.43;0.29;48.28;0;0;0;0;0;0;0;0;0;0;0;;;;;
2025-10-16;O_TOASOE1025P230.00;TOASO_10/2025_AVRUPA_OPSIYON;D_EQ;SSO;D_EQ_EPP;DE_TOASO_EPP;TOASO.E;2025-10-31;0.77;0.52;48.08;1.3;1.3;1.3;1.3;1.3;483000;2730;21;1;21;21;;;;;
2025-10-16;O_TOASOE1025P235.00;TOASO_10/2025_AVRUPA_OPSIYON;D_EQ;SSO;D_EQ_EPP;DE_TOASO_EPP;TOASO.E;2025-10-31;1.29;0.89;44.94;0;0;0;0;0;0;0;0;0;0;0;;;;;
2025-10-16;O_TOASOE1025P240.00;TOASO_10/2025_AVRUPA_OPSIYON;D_EQ;SSO;D_EQ_EPP;DE_TOASO_EPP;TOASO.E;2025-10-31;2.07;1.45;42.76;0;0;0;0;0;0;0;0;0;1;0;;;;;
2025-10-16;O_TOASOE1025P245.00;TOASO_10/2025_AVRUPA_OPSIYON;D_EQ;SSO;D_EQ_EPP;DE_TOASO_EPP;TOASO.E;2025-10-31;3.17;2.26;40.27;0;0;0;0;0;0;0;0;0;0;0;;;;;
2025-10-16;O_TOASOE1025P250.00;TOASO_10/2025_AVRUPA_OPSIYON;D_EQ;SSO;D_EQ_EPP;DE_TOASO_EPP;TOASO.E;2025-10-31;4.68;3.37;38.87;0;0;0;0;0;0;0;0;0;10;0;;;;;
2025-10-16;O_TOASOE1025P260.00;TOASO_10/2025_AVRUPA_OPSIYON;D_EQ;SSO;D_EQ_EPP;DE_TOASO_EPP;TOASO.E;2025-10-31;9.06;6.82;32.84;8.63;8.63;8.91;8.91;8.76;728000;24532;28;4;52;28;;;;;
2025-10-16;O_TOASOE1025P270.00;TOASO_10/2025_AVRUPA_OPSIYON;D_EQ;SSO;D_EQ_EPP;DE_TOASO_EPP;TOASO.E;2025-10-31;15.26;12.02;26.96;0;0;0;0;0;0;0;0;0;27;0;;;;;
2025-10-16;O_TOASOE1025P280.00;TOASO_10/2025_AVRUPA_OPSIYON;D_EQ;SSO;D_EQ_EPP;DE_TOASO_EPP;TOASO.E;2025-10-31;22.99;18.85;21.96;0;0;0;0;0;0;0;0;0;56;0;;;;;
2025-10-16;O_TOASOE1025P290.00;TOASO_10/2025_AVRUPA_OPSIYON;D_EQ;SSO;D_EQ_EPP;DE_TOASO_EPP;TOASO.E;2025-10-31;31.72;26.97;17.61;0;0;0;0;0;0;0;0;0;56;0;;;;;
2025-10-16;O_TOASOE1025P300.00;TOASO_10/2025_AVRUPA_OPSIYON;D_EQ;SSO;D_EQ_EPP;DE_TOASO_EPP;TOASO.E;2025-10-31;41.02;35.88;14.33;0;0;0;0;0;0;0;0;0;0;0;;;;;
2025-10-16;O_TOASOE1125C235.00;TOASO_11/2025_AVRUPA_OPSIYON;D_EQ;SSO;D_EQ_ECP;DE_TOASO_ECP;TOASO.E;2025-11-28;33.69;38.46;-12.4;0;0;0;0;0;0;0;0;0;20;0;;;;;
2025-10-16;O_TOASOE1125C240.00;TOASO_11/2025_AVRUPA_OPSIYON;D_EQ;SSO;D_EQ_ECP;DE_TOASO_ECP;TOASO.E;2025-11-28;29.96;34.56;-13.31;0;0;0;0;0;0;0;0;0;23;0;;;;;
2025-10-16;O_TOASOE1125C245.00;TOASO_11/2025_AVRUPA_OPSIYON;D_EQ;SSO;D_EQ_ECP;DE_TOASO_ECP;TOASO.E;2025-11-28;26.44;30.84;-14.27;0;0;0;0;0;0;0;0;0;46;0;;;;;
2025-10-16;O_TOASOE1125C250.00;TOASO_11/2025_AVRUPA_OPSIYON;D_EQ;SSO;D_EQ_ECP;DE_TOASO_ECP;TOASO.E;2025-11-28;23.14;27.32;-15.3;0;0;0;0;0;0;0;0;0;53;0;;;;;
2025-10-16;O_TOASOE1125C260.00;TOASO_11/2025_AVRUPA_OPSIYON;D_EQ;SSO;D_EQ_ECP;DE_TOASO_ECP;TOASO.E;2025-11-28;17.37;20.97;-17.17;0;0;0;0;0;0;0;0;0;66;0;;;;;
2025-10-16;O_TOASOE1125C270.00;TOASO_11/2025_AVRUPA_OPSIYON;D_EQ;SSO;D_EQ_ECP;DE_TOASO_ECP;TOASO.E;2025-11-28;12.7;15.71;-19.16;0;0;0;0;0;0;0;0;0;3;0;;;;;
2025-10-16;O_TOASOE1125C280.00;TOASO_11/2025_AVRUPA_OPSIYON;D_EQ;SSO;D_EQ_ECP;DE_TOASO_ECP;TOASO.E;2025-11-28;9.07;11.5;-21.13;0;0;0;0;0;0;0;0;0;23;0;;;;;
2025-10-16;O_TOASOE1125C290.00;TOASO_11/2025_AVRUPA_OPSIYON;D_EQ;SSO;D_EQ_ECP;DE_TOASO_ECP;TOASO.E;2025-11-28;6.44;8.28;-22.22;0;0;0;0;0;0;0;0;0;14;0;;;;;
2025-10-16;O_TOASOE1125C300.00;TOASO_11/2025_AVRUPA_OPSIYON;D_EQ;SSO;D_EQ_ECP;DE_TOASO_ECP;TOASO.E;2025-11-28;4.52;5.93;-23.78;0;0;0;0;0;0;0;0;0;1;0;;;;;
2025-10-16;O_TOASOE1125C310.00;TOASO_11/2025_AVRUPA_OPSIYON;D_EQ;SSO;D_EQ_ECP;DE_TOASO_ECP;TOASO.E;2025-11-28;3.13;4.19;-25.3;2.3;2.3;2.35;2.35;2.34;651000;4910;21;2;73;21;;;;;
2025-10-16;O_TOASOE1125C320.00;TOASO_11/2025_AVRUPA_OPSIYON;D_EQ;SSO;D_EQ_ECP;DE_TOASO_ECP;TOASO.E;2025-11-28;2.16;2.94;-26.53;0;0;0;0;0;0;0;0;0;71;0;;;;;
2025-10-16;O_TOASOE1125C330.00;TOASO_11/2025_AVRUPA_OPSIYON;D_EQ;SSO;D_EQ_ECP;DE_TOASO_ECP;TOASO.E;2025-11-28;1.48;2.05;-27.8;0;0;0;0;0;0;0;0;0;35;0;;;;;
2025-10-16;O_TOASOE1125C340.00;TOASO_11/2025_AVRUPA_OPSIYON;D_EQ;SSO;D_EQ_ECP;DE_TOASO_ECP;TOASO.E;2025-11-28;1.01;1.42;-28.87;0;0;0;0;0;0;0;0;0;30;0;;;;;
2025-10-16;O_TOASOE1125C350.00;TOASO_11/2025_AVRUPA_OPSIYON;D_EQ;SSO;D_EQ_ECP;DE_TOASO_ECP;TOASO.E;2025-11-28;0.69;0.98;-29.59;0;0;0;0;0;0;0;0;0;46;0;;;;;
2025-10-16;O_TOASOE1125C360.00;TOASO_11/2025_AVRUPA_OPSIYON;D_EQ;SSO;D_EQ_ECP;DE_TOASO_ECP;TOASO.E;2025-11-28;0.47;0.68;-30.88;0;0;0;0;0;0;0;0;0;0;0;;;;;
2025-10-16;O_TOASOE1125P210.00;TOASO_11/2025_AVRUPA_OPSIYON;D_EQ;SSO;D_EQ_EPP;DE_TOASO_EPP;TOASO.E;2025-11-28;0.78;0.61;27.87;1.4;1.4;1.4;1.4;1.4;420000;2800;20;1;24;20;;;;;
2025-10-16;O_TOASOE1125P215.00;TOASO_11/2025_AVRUPA_OPSIYON;D_EQ;SSO;D_EQ_EPP;DE_TOASO_EPP;TOASO.E;2025-11-28;1.11;0.87;27.59;0;0;0;0;0;0;0;0;0;22;0;;;;;
2025-10-16;O_TOASOE1125P220.00;TOASO_11/2025_AVRUPA_OPSIYON;D_EQ;SSO;D_EQ_EPP;DE_TOASO_EPP;TOASO.E;2025-11-28;1.54;1.21;27.27;2.2;2.2;2.3;2.3;2.24;1122000;11430;51;4;76;51;;;;;
2025-10-16;O_TOASOE1125P225.00;TOASO_11/2025_AVRUPA_OPSIYON;D_EQ;SSO;D_EQ_EPP;DE_TOASO_EPP;TOASO.E;2025-11-28;2.09;1.66;25.9;0;0;0;0;0;0;0;0;0;0;0;;;;;
2025-10-16;O_TOASOE1125P230.00;TOASO_11/2025_AVRUPA_OPSIYON;D_EQ;SSO;D_EQ_EPP;DE_TOASO_EPP;TOASO.E;2025-11-28;2.79;2.23;25.11;0;0;0;0;0;0;0;0;0;22;0;;;;;
2025-10-16;O_TOASOE1125P235.00;TOASO_11/2025_AVRUPA_OPSIYON;D_EQ;SSO;D_EQ_EPP;DE_TOASO_EPP;TOASO.E;2025-11-28;3.65;2.94;24.15;0;0;0;0;0;0;0;0;0;0;0;;;;;
2025-10-16;O_TOASOE1125P240.00;TOASO_11/2025_AVRUPA_OPSIYON;D_EQ;SSO;D_EQ_EPP;DE_TOASO_EPP;TOASO.E;2025-11-28;4.7;3.82;23.04;0;0;0;0;0;0;0;0;0;10;0;;;;;
2025-10-16;O_TOASOE1125P245.00;TOASO_11/2025_AVRUPA_OPSIYON;D_EQ;SSO;D_EQ_EPP;DE_TOASO_EPP;TOASO.E;2025-11-28;5.96;4.87;22.38;0;0;0;0;0;0;0;0;0;0;0;;;;;
2025-10-16;O_TOASOE1125P250.00;TOASO_11/2025_AVRUPA_OPSIYON;D_EQ;SSO;D_EQ_EPP;DE_TOASO_EPP;TOASO.E;2025-11-28;7.44;6.13;21.37;0;0;0;0;0;0;0;0;0;0;0;;;;;
2025-10-16;O_TOASOE1125P260.00;TOASO_11/2025_AVRUPA_OPSIYON;D_EQ;SSO;D_EQ_EPP;DE_TOASO_EPP;TOASO.E;2025-11-28;11.24;9.33;20.47;0;0;0;0;0;0;0;0;0;10;0;;;;;
2025-10-16;O_TOASOE1125P270.00;TOASO_11/2025_AVRUPA_OPSIYON;D_EQ;SSO;D_EQ_EPP;DE_TOASO_EPP;TOASO.E;2025-11-28;16.13;13.62;18.43;0;0;0;0;0;0;0;0;0;30;0;;;;;
2025-10-16;O_TOASOE1125P280.00;TOASO_11/2025_AVRUPA_OPSIYON;D_EQ;SSO;D_EQ_EPP;DE_TOASO_EPP;TOASO.E;2025-11-28;22.06;18.96;16.35;0;0;0;0;0;0;0;0;0;20;0;;;;;
2025-10-16;O_TOASOE1125P290.00;TOASO_11/2025_AVRUPA_OPSIYON;D_EQ;SSO;D_EQ_EPP;DE_TOASO_EPP;TOASO.E;2025-11-28;29;25.3;14.62;0;0;0;0;0;0;0;0;0;30;0;;;;;
2025-10-16;O_TOASOE1125P300.00;TOASO_11/2025_AVRUPA_OPSIYON;D_EQ;SSO;D_EQ_EPP;DE_TOASO_EPP;TOASO.E;2025-11-28;36.63;32.49;12.74;0;0;0;0;0;0;0;0;0;23;0;;;;;
2025-10-16;O_TOASOE1125P310.00;TOASO_11/2025_AVRUPA_OPSIYON;D_EQ;SSO;D_EQ_EPP;DE_TOASO_EPP;TOASO.E;2025-11-28;44.81;40.31;11.16;0;0;0;0;0;0;0;0;0;0;0;;;;;
2025-10-16;O_TOASOE1225C260.00;TOASO_12/2025_AVRUPA_OPSIYON;D_EQ;SSO;D_EQ_ECP;DE_TOASO_ECP;TOASO.E;2025-12-31;29.05;33.18;-12.45;0;0;0;0;0;0;0;0;0;0;0;;;;;
2025-10-16;O_TOASOE1225C270.00;TOASO_12/2025_AVRUPA_OPSIYON;D_EQ;SSO;D_EQ_ECP;DE_TOASO_ECP;TOASO.E;2025-12-31;23.68;27.34;-13.39;0;0;0;0;0;0;0;0;0;0;0;;;;;
2025-10-16;O_TOASOE1225C280.00;TOASO_12/2025_AVRUPA_OPSIYON;D_EQ;SSO;D_EQ_ECP;DE_TOASO_ECP;TOASO.E;2025-12-31;19.09;22.31;-14.43;0;0;0;0;0;0;0;0;0;0;0;;;;;
2025-10-16;O_TOASOE1225C290.00;TOASO_12/2025_AVRUPA_OPSIYON;D_EQ;SSO;D_EQ_ECP;DE_TOASO_ECP;TOASO.E;2025-12-31;15.26;18.04;-15.41;0;0;0;0;0;0;0;0;0;0;0;;;;;
2025-10-16;O_TOASOE1225C300.00;TOASO_12/2025_AVRUPA_OPSIYON;D_EQ;SSO;D_EQ_ECP;DE_TOASO_ECP;TOASO.E;2025-12-31;12.25;14.53;-15.69;0;0;0;0;0;0;0;0;0;0;0;;;;;
2025-10-16;O_TOASOE1225C310.00;TOASO_12/2025_AVRUPA_OPSIYON;D_EQ;SSO;D_EQ_ECP;DE_TOASO_ECP;TOASO.E;2025-12-31;9.79;11.72;-16.47;0;0;0;0;0;0;0;0;0;0;0;;;;;
2025-10-16;O_TOASOE1225C320.00;TOASO_12/2025_AVRUPA_OPSIYON;D_EQ;SSO;D_EQ_ECP;DE_TOASO_ECP;TOASO.E;2025-12-31;7.8;9.42;-17.2;0;0;0;0;0;0;0;0;0;0;0;;;;;
2025-10-16;O_TOASOE1225C330.00;TOASO_12/2025_AVRUPA_OPSIYON;D_EQ;SSO;D_EQ_ECP;DE_TOASO_ECP;TOASO.E;2025-12-31;6.21;7.55;-17.75;0;0;0;0;0;0;0;0;0;0;0;;;;;
2025-10-16;O_TOASOE1225C340.00;TOASO_12/2025_AVRUPA_OPSIYON;D_EQ;SSO;D_EQ_ECP;DE_TOASO_ECP;TOASO.E;2025-12-31;4.94;6.05;-18.35;0;0;0;0;0;0;0;0;0;0;0;;;;;
2025-10-16;O_TOASOE1225C350.00;TOASO_12/2025_AVRUPA_OPSIYON;D_EQ;SSO;D_EQ_ECP;DE_TOASO_ECP;TOASO.E;2025-12-31;3.93;4.85;-18.97;0;0;0;0;0;0;0;0;0;0;0;;;;;
2025-10-16;O_TOASOE1225C360.00;TOASO_12/2025_AVRUPA_OPSIYON;D_EQ;SSO;D_EQ_ECP;DE_TOASO_ECP;TOASO.E;2025-12-31;3.14;3.88;-19.07;0;0;0;0;0;0;0;0;0;0;0;;;;;
2025-10-16;O_TOASOE1225C370.00;TOASO_12/2025_AVRUPA_OPSIYON;D_EQ;SSO;D_EQ_ECP;DE_TOASO_ECP;TOASO.E;2025-12-31;2.51;3.12;-19.55;0;0;0;0;0;0;0;0;0;0;0;;;;;
2025-10-16;O_TOASOE1225P230.00;TOASO_12/2025_AVRUPA_OPSIYON;D_EQ;SSO;D_EQ_EPP;DE_TOASO_EPP;TOASO.E;2025-12-31;3.62;3.06;18.3;0;0;0;0;0;0;0;0;0;0;0;;;;;
2025-10-16;O_TOASOE1225P235.00;TOASO_12/2025_AVRUPA_OPSIYON;D_EQ;SSO;D_EQ_EPP;DE_TOASO_EPP;TOASO.E;2025-12-31;4.43;3.76;17.82;0;0;0;0;0;0;0;0;0;0;0;;;;;
2025-10-16;O_TOASOE1225P240.00;TOASO_12/2025_AVRUPA_OPSIYON;D_EQ;SSO;D_EQ_EPP;DE_TOASO_EPP;TOASO.E;2025-12-31;5.36;4.57;17.29;0;0;0;0;0;0;0;0;0;0;0;;;;;
2025-10-16;O_TOASOE1225P245.00;TOASO_12/2025_AVRUPA_OPSIYON;D_EQ;SSO;D_EQ_EPP;DE_TOASO_EPP;TOASO.E;2025-12-31;6.43;5.5;16.91;0;0;0;0;0;0;0;0;0;0;0;;;;;
2025-10-16;O_TOASOE1225P250.00;TOASO_12/2025_AVRUPA_OPSIYON;D_EQ;SSO;D_EQ_EPP;DE_TOASO_EPP;TOASO.E;2025-12-31;7.65;6.57;16.44;0;0;0;0;0;0;0;0;0;0;0;;;;;
2025-10-16;O_TOASOE1225P260.00;TOASO_12/2025_AVRUPA_OPSIYON;D_EQ;SSO;D_EQ_EPP;DE_TOASO_EPP;TOASO.E;2025-12-31;10.55;9.14;15.43;0;0;0;0;0;0;0;0;0;0;0;;;;;
2025-10-16;O_TOASOE1225P270.00;TOASO_12/2025_AVRUPA_OPSIYON;D_EQ;SSO;D_EQ_EPP;DE_TOASO_EPP;TOASO.E;2025-12-31;14.27;12.37;15.36;0;0;0;0;0;0;0;0;0;0;0;;;;;
2025-10-16;O_TOASOE1225P280.00;TOASO_12/2025_AVRUPA_OPSIYON;D_EQ;SSO;D_EQ_EPP;DE_TOASO_EPP;TOASO.E;2025-12-31;18.76;16.41;14.32;0;0;0;0;0;0;0;0;0;0;0;;;;;
2025-10-16;O_TOASOE1225P290.00;TOASO_12/2025_AVRUPA_OPSIYON;D_EQ;SSO;D_EQ_EPP;DE_TOASO_EPP;TOASO.E;2025-12-31;24.02;21.22;13.2;0;0;0;0;0;0;0;0;0;0;0;;;;;
2025-10-16;O_TOASOE1225P300.00;TOASO_12/2025_AVRUPA_OPSIYON;D_EQ;SSO;D_EQ_EPP;DE_TOASO_EPP;TOASO.E;2025-12-31;30.1;26.78;12.4;0;0;0;0;0;0;0;0;0;0;0;;;;;
2025-10-16;O_TOASOE1225P310.00;TOASO_12/2025_AVRUPA_OPSIYON;D_EQ;SSO;D_EQ_EPP;DE_TOASO_EPP;TOASO.E;2025-12-31;36.73;33.05;11.13;0;0;0;0;0;0;0;0;0;0;0;;;;;
2025-10-16;O_TOASOE1225P320.00;TOASO_12/2025_AVRUPA_OPSIYON;D_EQ;SSO;D_EQ_EPP;DE_TOASO_EPP;TOASO.E;2025-12-31;43.83;39.82;10.07;0;0;0;0;0;0;0;0;0;0;0;;;;;
2025-10-16;O_TTKOME1025C49.00;TTKOM_10/2025_AVRUPA_OPSIYON;D_EQ;SSO;D_EQ_ECP;DE_TTKOM_ECP;TTKOM.E;2025-10-31;2.86;3.38;-15.38;0;0;0;0;0;0;0;0;0;0;0;;;;;
2025-10-16;O_TTKOME1025C50.00;TTKOM_10/2025_AVRUPA_OPSIYON;D_EQ;SSO;D_EQ_ECP;DE_TTKOM_ECP;TTKOM.E;2025-10-31;2.24;2.71;-17.34;0;0;0;0;0;0;0;0;0;3;0;;;;;
2025-10-16;O_TTKOME1025C52.00;TTKOM_10/2025_AVRUPA_OPSIYON;D_EQ;SSO;D_EQ_ECP;DE_TTKOM_ECP;TTKOM.E;2025-10-31;1.28;1.62;-20.99;0;0;0;0;0;0;0;0;0;51;0;;;;;
2025-10-16;O_TTKOME1025C54.00;TTKOM_10/2025_AVRUPA_OPSIYON;D_EQ;SSO;D_EQ_ECP;DE_TTKOM_ECP;TTKOM.E;2025-10-31;0.68;0.9;-24.44;0;0;0;0;0;0;0;0;0;5;0;;;;;
2025-10-16;O_TTKOME1025C56.00;TTKOM_10/2025_AVRUPA_OPSIYON;D_EQ;SSO;D_EQ_ECP;DE_TTKOM_ECP;TTKOM.E;2025-10-31;0.36;0.5;-28;0;0;0;0;0;0;0;0;0;50;0;;;;;
2025-10-16;O_TTKOME1025C58.00;TTKOM_10/2025_AVRUPA_OPSIYON;D_EQ;SSO;D_EQ_ECP;DE_TTKOM_ECP;TTKOM.E;2025-10-31;0.19;0.27;-29.63;0.07;0.07;0.07;0.07;0.07;690200;833;119;2;219;119;;;;;
2025-10-16;O_TTKOME1025C60.00;TTKOM_10/2025_AVRUPA_OPSIYON;D_EQ;SSO;D_EQ_ECP;DE_TTKOM_ECP;TTKOM.E;2025-10-31;0.1;0.15;-33.33;0;0;0;0;0;0;0;0;0;0;0;;;;;
2025-10-16;O_TTKOME1025C62.00;TTKOM_10/2025_AVRUPA_OPSIYON;D_EQ;SSO;D_EQ_ECP;DE_TTKOM_ECP;TTKOM.E;2025-10-31;0.05;0.08;-37.5;0;0;0;0;0;0;0;0;0;1;0;;;;;
2025-10-16;O_TTKOME1025C64.00;TTKOM_10/2025_AVRUPA_OPSIYON;D_EQ;SSO;D_EQ_ECP;DE_TTKOM_ECP;TTKOM.E;2025-10-31;0.03;0.05;-40;0;0;0;0;0;0;0;0;0;0;0;;;;;
2025-10-16;O_TTKOME1025C66.00;TTKOM_10/2025_AVRUPA_OPSIYON;D_EQ;SSO;D_EQ_ECP;DE_TTKOM_ECP;TTKOM.E;2025-10-31;0.02;0.03;-33.33;0;0;0;0;0;0;0;0;0;0;0;;;;;
2025-10-16;O_TTKOME1025C68.00;TTKOM_10/2025_AVRUPA_OPSIYON;D_EQ;SSO;D_EQ_ECP;DE_TTKOM_ECP;TTKOM.E;2025-10-31;0.01;0.02;-50;0;0;0;0;0;0;0;0;0;17;0;;;;;
2025-10-16;O_TTKOME1025C70.00;TTKOM_10/2025_AVRUPA_OPSIYON;D_EQ;SSO;D_EQ_ECP;DE_TTKOM_ECP;TTKOM.E;2025-10-31;0.01;0.01;0;0;0;0;0;0;0;0;0;0;0;0;;;;;
2025-10-16;O_TTKOME1025C72.00;TTKOM_10/2025_AVRUPA_OPSIYON;D_EQ;SSO;D_EQ_ECP;DE_TTKOM_ECP;TTKOM.E;2025-10-31;0.01;0.01;0;0;0;0;0;0;0;0;0;0;0;0;;;;;
2025-10-16;O_TTKOME1025C74.00;TTKOM_10/2025_AVRUPA_OPSIYON;D_EQ;SSO;D_EQ_ECP;DE_TTKOM_ECP;TTKOM.E;2025-10-31;0.01;0.01;0;0;0;0;0;0;0;0;0;0;0;0;;;;;
2025-10-16;O_TTKOME1025C76.00;TTKOM_10/2025_AVRUPA_OPSIYON;D_EQ;SSO;D_EQ_ECP;DE_TTKOM_ECP;TTKOM.E;2025-10-31;0.01;0.01;0;0;0;0;0;0;0;0;0;0;0;0;;;;;
2025-10-16;O_TTKOME1025C78.00;TTKOM_10/2025_AVRUPA_OPSIYON;D_EQ;SSO;D_EQ_ECP;DE_TTKOM_ECP;TTKOM.E;2025-10-31;0.01;0.01;0;0;0;0;0;0;0;0;0;0;0;0;;;;;
2025-10-16;O_TTKOME1025P44.00;TTKOM_10/2025_AVRUPA_OPSIYON;D_EQ;SSO;D_EQ_EPP;DE_TTKOM_EPP;TTKOM.E;2025-10-31;0.1;0.09;11.11;0;0;0;0;0;0;0;0;0;0;0;;;;;
2025-10-16;O_TTKOME1025P45.00;TTKOM_10/2025_AVRUPA_OPSIYON;D_EQ;SSO;D_EQ_EPP;DE_TTKOM_EPP;TTKOM.E;2025-10-31;0.16;0.14;14.29;0;0;0;0;0;0;0;0;0;125;0;;;;;
2025-10-16;O_TTKOME1025P46.00;TTKOM_10/2025_AVRUPA_OPSIYON;D_EQ;SSO;D_EQ_EPP;DE_TTKOM_EPP;TTKOM.E;2025-10-31;0.26;0.22;18.18;0.3;0.3;0.3;0.3;0.3;547400;3570;119;1;122;119;;;;;
2025-10-16;O_TTKOME1025P47.00;TTKOM_10/2025_AVRUPA_OPSIYON;D_EQ;SSO;D_EQ_EPP;DE_TTKOM_EPP;TTKOM.E;2025-10-31;0.39;0.34;14.71;0;0;0;0;0;0;0;0;0;3;0;;;;;
2025-10-16;O_TTKOME1025P48.00;TTKOM_10/2025_AVRUPA_OPSIYON;D_EQ;SSO;D_EQ_EPP;DE_TTKOM_EPP;TTKOM.E;2025-10-31;0.58;0.5;16;0;0;0;0;0;0;0;0;0;5;0;;;;;
2025-10-16;O_TTKOME1025P49.00;TTKOM_10/2025_AVRUPA_OPSIYON;D_EQ;SSO;D_EQ_EPP;DE_TTKOM_EPP;TTKOM.E;2025-10-31;0.85;0.72;18.06;0.66;0.64;0.66;0.64;0.65;1470000;19526;300;4;426;300;;;;;
2025-10-16;O_TTKOME1025P50.00;TTKOM_10/2025_AVRUPA_OPSIYON;D_EQ;SSO;D_EQ_EPP;DE_TTKOM_EPP;TTKOM.E;2025-10-31;1.22;1.03;18.45;0.94;0.92;0.94;0.92;0.93;1315000;24396;263;3;413;263;;;;;
2025-10-16;O_TTKOME1025P52.00;TTKOM_10/2025_AVRUPA_OPSIYON;D_EQ;SSO;D_EQ_EPP;DE_TTKOM_EPP;TTKOM.E;2025-10-31;2.22;1.92;15.63;0;0;0;0;0;0;0;0;0;246;0;;;;;
2025-10-16;O_TTKOME1025P54.00;TTKOM_10/2025_AVRUPA_OPSIYON;D_EQ;SSO;D_EQ_EPP;DE_TTKOM_EPP;TTKOM.E;2025-10-31;3.59;3.16;13.61;0;0;0;0;0;0;0;0;0;30;0;;;;;
2025-10-16;O_TTKOME1025P56.00;TTKOM_10/2025_AVRUPA_OPSIYON;D_EQ;SSO;D_EQ_EPP;DE_TTKOM_EPP;TTKOM.E;2025-10-31;5.25;4.72;11.23;0;0;0;0;0;0;0;0;0;100;0;;;;;
2025-10-16;O_TTKOME1025P58.00;TTKOM_10/2025_AVRUPA_OPSIYON;D_EQ;SSO;D_EQ_EPP;DE_TTKOM_EPP;TTKOM.E;2025-10-31;7.04;6.47;8.81;0;0;0;0;0;0;0;0;0;200;0;;;;;
2025-10-16;O_TTKOME1025P60.00;TTKOM_10/2025_AVRUPA_OPSIYON;D_EQ;SSO;D_EQ_EPP;DE_TTKOM_EPP;TTKOM.E;2025-10-31;8.92;8.31;7.34;0;0;0;0;0;0;0;0;0;1100;0;;;;;
2025-10-16;O_TTKOME1025P62.00;TTKOM_10/2025_AVRUPA_OPSIYON;D_EQ;SSO;D_EQ_EPP;DE_TTKOM_EPP;TTKOM.E;2025-10-31;10.84;10.21;6.17;0;0;0;0;0;0;0;0;0;50;0;;;;;
2025-10-16;O_TTKOME1025P64.00;TTKOM_10/2025_AVRUPA_OPSIYON;D_EQ;SSO;D_EQ_EPP;DE_TTKOM_EPP;TTKOM.E;2025-10-31;12.79;12.14;5.35;0;0;0;0;0;0;0;0;0;50;0;;;;;
2025-10-16;O_TTKOME1025P66.00;TTKOM_10/2025_AVRUPA_OPSIYON;D_EQ;SSO;D_EQ_EPP;DE_TTKOM_EPP;TTKOM.E;2025-10-31;14.74;14.09;4.61;0;0;0;0;0;0;0;0;0;50;0;;;;;
2025-10-16;O_TTKOME1025P68.00;TTKOM_10/2025_AVRUPA_OPSIYON;D_EQ;SSO;D_EQ_EPP;DE_TTKOM_EPP;TTKOM.E;2025-10-31;16.71;16.04;4.18;0;0;0;0;0;0;0;0;0;0;0;;;;;
2025-10-16;O_TTKOME1125C50.00;TTKOM_11/2025_AVRUPA_OPSIYON;D_EQ;SSO;D_EQ_ECP;DE_TTKOM_ECP;TTKOM.E;2025-11-28;4.2;4.69;-10.45;5.18;5.16;5.18;5.16;5.16;500000;51640;100;5;318;100;;;;;
2025-10-16;O_TTKOME1125C52.00;TTKOM_11/2025_AVRUPA_OPSIYON;D_EQ;SSO;D_EQ_ECP;DE_TTKOM_ECP;TTKOM.E;2025-11-28;3.12;3.52;-11.36;0;0;0;0;0;0;0;0;0;118;0;;;;;
2025-10-16;O_TTKOME1125C54.00;TTKOM_11/2025_AVRUPA_OPSIYON;D_EQ;SSO;D_EQ_ECP;DE_TTKOM_ECP;TTKOM.E;2025-11-28;2.27;2.59;-12.36;0;0;0;0;0;0;0;0;0;0;0;;;;;
2025-10-16;O_TTKOME1125C56.00;TTKOM_11/2025_AVRUPA_OPSIYON;D_EQ;SSO;D_EQ_ECP;DE_TTKOM_ECP;TTKOM.E;2025-11-28;1.66;1.89;-12.17;0;0;0;0;0;0;0;0;0;2;0;;;;;
2025-10-16;O_TTKOME1125C58.00;TTKOM_11/2025_AVRUPA_OPSIYON;D_EQ;SSO;D_EQ_ECP;DE_TTKOM_ECP;TTKOM.E;2025-11-28;1.25;1.43;-12.59;0;0;0;0;0;0;0;0;0;685;0;;;;;
2025-10-16;O_TTKOME1125C60.00;TTKOM_11/2025_AVRUPA_OPSIYON;D_EQ;SSO;D_EQ_ECP;DE_TTKOM_ECP;TTKOM.E;2025-11-28;0.95;1.09;-12.84;1.1;1.1;1.1;1.1;1.1;6000;110;1;1;2;1;;;;;
2025-10-16;O_TTKOME1125C62.00;TTKOM_11/2025_AVRUPA_OPSIYON;D_EQ;SSO;D_EQ_ECP;DE_TTKOM_ECP;TTKOM.E;2025-11-28;0.73;0.84;-13.1;0.9;0.9;0.9;0.9;0.9;6200;90;1;1;130;1;;;;;
2025-10-16;O_TTKOME1125C64.00;TTKOM_11/2025_AVRUPA_OPSIYON;D_EQ;SSO;D_EQ_ECP;DE_TTKOM_ECP;TTKOM.E;2025-11-28;0.57;0.65;-12.31;0;0;0;0;0;0;0;0;0;0;0;;;;;
2025-10-16;O_TTKOME1125C66.00;TTKOM_11/2025_AVRUPA_OPSIYON;D_EQ;SSO;D_EQ_ECP;DE_TTKOM_ECP;TTKOM.E;2025-11-28;0.45;0.52;-13.46;0;0;0;0;0;0;0;0;0;0;0;;;;;
2025-10-16;O_TTKOME1125C68.00;TTKOM_11/2025_AVRUPA_OPSIYON;D_EQ;SSO;D_EQ_ECP;DE_TTKOM_ECP;TTKOM.E;2025-11-28;0.36;0.41;-12.2;0;0;0;0;0;0;0;0;0;0;0;;;;;
2025-10-16;O_TTKOME1125C70.00;TTKOM_11/2025_AVRUPA_OPSIYON;D_EQ;SSO;D_EQ_ECP;DE_TTKOM_ECP;TTKOM.E;2025-11-28;0.29;0.34;-14.71;0;0;0;0;0;0;0;0;0;0;0;;;;;
2025-10-16;O_TTKOME1125C72.00;TTKOM_11/2025_AVRUPA_OPSIYON;D_EQ;SSO;D_EQ_ECP;DE_TTKOM_ECP;TTKOM.E;2025-11-28;0.24;0.28;-14.29;0;0;0;0;0;0;0;0;0;0;0;;;;;
2025-10-16;O_TTKOME1125P45.00;TTKOM_11/2025_AVRUPA_OPSIYON;D_EQ;SSO;D_EQ_EPP;DE_TTKOM_EPP;TTKOM.E;2025-11-28;0.64;0.58;10.34;0;0;0;0;0;0;0;0;0;127;0;;;;;
2025-10-16;O_TTKOME1125P46.00;TTKOM_11/2025_AVRUPA_OPSIYON;D_EQ;SSO;D_EQ_EPP;DE_TTKOM_EPP;TTKOM.E;2025-11-28;0.79;0.72;9.72;0;0;0;0;0;0;0;0;0;2;0;;;;;
2025-10-16;O_TTKOME1125P47.00;TTKOM_11/2025_AVRUPA_OPSIYON;D_EQ;SSO;D_EQ_EPP;DE_TTKOM_EPP;TTKOM.E;2025-11-28;0.98;0.89;10.11;0;0;0;0;0;0;0;0;0;1;0;;;;;
2025-10-16;O_TTKOME1125P48.00;TTKOM_11/2025_AVRUPA_OPSIYON;D_EQ;SSO;D_EQ_EPP;DE_TTKOM_EPP;TTKOM.E;2025-11-28;1.2;1.09;10.09;0;0;0;0;0;0;0;0;0;0;0;;;;;
2025-10-16;O_TTKOME1125P49.00;TTKOM_11/2025_AVRUPA_OPSIYON;D_EQ;SSO;D_EQ_EPP;DE_TTKOM_EPP;TTKOM.E;2025-11-28;1.46;1.33;9.77;0;0;0;0;0;0;0;0;0;0;0;;;;;
2025-10-16;O_TTKOME1125P50.00;TTKOM_11/2025_AVRUPA_OPSIYON;D_EQ;SSO;D_EQ_EPP;DE_TTKOM_EPP;TTKOM.E;2025-11-28;1.76;1.6;10;0;0;0;0;0;0;0;0;0;168;0;;;;;
2025-10-16;O_TTKOME1125P52.00;TTKOM_11/2025_AVRUPA_OPSIYON;D_EQ;SSO;D_EQ_EPP;DE_TTKOM_EPP;TTKOM.E;2025-11-28;2.59;2.34;10.68;0;0;0;0;0;0;0;0;0;118;0;;;;;
2025-10-16;O_TTKOME1125P54.00;TTKOM_11/2025_AVRUPA_OPSIYON;D_EQ;SSO;D_EQ_EPP;DE_TTKOM_EPP;TTKOM.E;2025-11-28;3.66;3.33;9.91;0;0;0;0;0;0;0;0;0;0;0;;;;;
2025-10-16;O_TTKOME1125P56.00;TTKOM_11/2025_AVRUPA_OPSIYON;D_EQ;SSO;D_EQ_EPP;DE_TTKOM_EPP;TTKOM.E;2025-11-28;4.96;4.53;9.49;0;0;0;0;0;0;0;0;0;0;0;;;;;
2025-10-16;O_TTKOME1125P58.00;TTKOM_11/2025_AVRUPA_OPSIYON;D_EQ;SSO;D_EQ_EPP;DE_TTKOM_EPP;TTKOM.E;2025-11-28;6.46;5.98;8.03;0;0;0;0;0;0;0;0;0;0;0;;;;;
2025-10-16;O_TTKOME1125P60.00;TTKOM_11/2025_AVRUPA_OPSIYON;D_EQ;SSO;D_EQ_EPP;DE_TTKOM_EPP;TTKOM.E;2025-11-28;8.07;7.55;6.89;0;0;0;0;0;0;0;0;0;10;0;;;;;
2025-10-16;O_TTKOME1125P62.00;TTKOM_11/2025_AVRUPA_OPSIYON;D_EQ;SSO;D_EQ_EPP;DE_TTKOM_EPP;TTKOM.E;2025-11-28;9.76;9.21;5.97;0;0;0;0;0;0;0;0;0;100;0;;;;;
2025-10-16;O_TTKOME1225C52.00;TTKOM_12/2025_AVRUPA_OPSIYON;D_EQ;SSO;D_EQ_ECP;DE_TTKOM_ECP;TTKOM.E;2025-12-31;5.41;5.89;-8.15;0;0;0;0;0;0;0;0;0;0;0;;;;;
2025-10-16;O_TTKOME1225C54.00;TTKOM_12/2025_AVRUPA_OPSIYON;D_EQ;SSO;D_EQ_ECP;DE_TTKOM_ECP;TTKOM.E;2025-12-31;4.38;4.79;-8.56;0;0;0;0;0;0;0;0;0;0;0;;;;;
2025-10-16;O_TTKOME1225C56.00;TTKOM_12/2025_AVRUPA_OPSIYON;D_EQ;SSO;D_EQ_ECP;DE_TTKOM_ECP;TTKOM.E;2025-12-31;3.53;3.88;-9.02;0;0;0;0;0;0;0;0;0;0;0;;;;;
2025-10-16;O_TTKOME1225C58.00;TTKOM_12/2025_AVRUPA_OPSIYON;D_EQ;SSO;D_EQ_ECP;DE_TTKOM_ECP;TTKOM.E;2025-12-31;2.89;3.15;-8.25;0;0;0;0;0;0;0;0;0;0;0;;;;;
2025-10-16;O_TTKOME1225C60.00;TTKOM_12/2025_AVRUPA_OPSIYON;D_EQ;SSO;D_EQ_ECP;DE_TTKOM_ECP;TTKOM.E;2025-12-31;2.42;2.64;-8.33;0;0;0;0;0;0;0;0;0;0;0;;;;;
2025-10-16;O_TTKOME1225C62.00;TTKOM_12/2025_AVRUPA_OPSIYON;D_EQ;SSO;D_EQ_ECP;DE_TTKOM_ECP;TTKOM.E;2025-12-31;2.05;2.23;-8.07;0;0;0;0;0;0;0;0;0;0;0;;;;;
2025-10-16;O_TTKOME1225C64.00;TTKOM_12/2025_AVRUPA_OPSIYON;D_EQ;SSO;D_EQ_ECP;DE_TTKOM_ECP;TTKOM.E;2025-12-31;1.75;1.9;-7.89;0;0;0;0;0;0;0;0;0;0;0;;;;;
2025-10-16;O_TTKOME1225C66.00;TTKOM_12/2025_AVRUPA_OPSIYON;D_EQ;SSO;D_EQ_ECP;DE_TTKOM_ECP;TTKOM.E;2025-12-31;1.51;1.64;-7.93;0;0;0;0;0;0;0;0;0;0;0;;;;;
2025-10-16;O_TTKOME1225C68.00;TTKOM_12/2025_AVRUPA_OPSIYON;D_EQ;SSO;D_EQ_ECP;DE_TTKOM_ECP;TTKOM.E;2025-12-31;1.31;1.42;-7.75;0;0;0;0;0;0;0;0;0;0;0;;;;;
2025-10-16;O_TTKOME1225C70.00;TTKOM_12/2025_AVRUPA_OPSIYON;D_EQ;SSO;D_EQ_ECP;DE_TTKOM_ECP;TTKOM.E;2025-12-31;1.15;1.25;-8;0;0;0;0;0;0;0;0;0;0;0;;;;;
2025-10-16;O_TTKOME1225P46.00;TTKOM_12/2025_AVRUPA_OPSIYON;D_EQ;SSO;D_EQ_EPP;DE_TTKOM_EPP;TTKOM.E;2025-12-31;1.04;0.97;7.22;0;0;0;0;0;0;0;0;0;0;0;;;;;
2025-10-16;O_TTKOME1225P47.00;TTKOM_12/2025_AVRUPA_OPSIYON;D_EQ;SSO;D_EQ_EPP;DE_TTKOM_EPP;TTKOM.E;2025-12-31;1.2;1.12;7.14;0;0;0;0;0;0;0;0;0;0;0;;;;;
2025-10-16;O_TTKOME1225P48.00;TTKOM_12/2025_AVRUPA_OPSIYON;D_EQ;SSO;D_EQ_EPP;DE_TTKOM_EPP;TTKOM.E;2025-12-31;1.39;1.3;6.92;0;0;0;0;0;0;0;0;0;0;0;;;;;
2025-10-16;O_TTKOME1225P49.00;TTKOM_12/2025_AVRUPA_OPSIYON;D_EQ;SSO;D_EQ_EPP;DE_TTKOM_EPP;TTKOM.E;2025-12-31;1.6;1.49;7.38;0;0;0;0;0;0;0;0;0;0;0;;;;;
2025-10-16;O_TTKOME1225P50.00;TTKOM_12/2025_AVRUPA_OPSIYON;D_EQ;SSO;D_EQ_EPP;DE_TTKOM_EPP;TTKOM.E;2025-12-31;1.84;1.71;7.6;0;0;0;0;0;0;0;0;0;0;0;;;;;
2025-10-16;O_TTKOME1225P52.00;TTKOM_12/2025_AVRUPA_OPSIYON;D_EQ;SSO;D_EQ_EPP;DE_TTKOM_EPP;TTKOM.E;2025-12-31;2.41;2.23;8.07;0;0;0;0;0;0;0;0;0;0;0;;;;;
2025-10-16;O_TTKOME1225P54.00;TTKOM_12/2025_AVRUPA_OPSIYON;D_EQ;SSO;D_EQ_EPP;DE_TTKOM_EPP;TTKOM.E;2025-12-31;3.19;2.95;8.14;0;0;0;0;0;0;0;0;0;0;0;;;;;
2025-10-16;O_TTKOME1225P56.00;TTKOM_12/2025_AVRUPA_OPSIYON;D_EQ;SSO;D_EQ_EPP;DE_TTKOM_EPP;TTKOM.E;2025-12-31;4.17;3.85;8.31;0;0;0;0;0;0;0;0;0;0;0;;;;;
2025-10-16;O_TTKOME1225P58.00;TTKOM_12/2025_AVRUPA_OPSIYON;D_EQ;SSO;D_EQ_EPP;DE_TTKOM_EPP;TTKOM.E;2025-12-31;5.34;4.93;8.32;0;0;0;0;0;0;0;0;0;0;0;;;;;
2025-10-16;O_TTKOME1225P60.00;TTKOM_12/2025_AVRUPA_OPSIYON;D_EQ;SSO;D_EQ_EPP;DE_TTKOM_EPP;TTKOM.E;2025-12-31;6.69;6.24;7.21;0;0;0;0;0;0;0;0;0;0;0;;;;;
2025-10-16;O_TUPRSE1025C165.00;TUPRS_10/2025_AVRUPA_OPSIYON;D_EQ;SSO;D_EQ_ECP;DE_TUPRS_ECP;TUPRS.E;2025-10-31;14.67;16.89;-13.14;0;0;0;0;0;0;0;0;0;30;0;;;;;
2025-10-16;O_TUPRSE1025C170.00;TUPRS_10/2025_AVRUPA_OPSIYON;D_EQ;SSO;D_EQ_ECP;DE_TUPRS_ECP;TUPRS.E;2025-10-31;10.6;12.67;-16.34;0;0;0;0;0;0;0;0;0;22;0;;;;;
2025-10-16;O_TUPRSE1025C175.00;TUPRS_10/2025_AVRUPA_OPSIYON;D_EQ;SSO;D_EQ_ECP;DE_TUPRS_ECP;TUPRS.E;2025-10-31;7.22;8.97;-19.51;8.73;6.35;8.73;6.35;7.15;875000;35740;50;5;10;0;;;;;
2025-10-16;O_TUPRSE1025C180.00;TUPRS_10/2025_AVRUPA_OPSIYON;D_EQ;SSO;D_EQ_ECP;DE_TUPRS_ECP;TUPRS.E;2025-10-31;4.59;5.99;-23.37;5.55;5.01;5.55;5.01;5.28;360000;10560;20;2;196;0;;;;;
2025-10-16;O_TUPRSE1025C185.00;TUPRS_10/2025_AVRUPA_OPSIYON;D_EQ;SSO;D_EQ_ECP;DE_TUPRS_ECP;TUPRS.E;2025-10-31;2.75;3.78;-27.25;3.23;3.23;3.23;3.23;3.23;185000;3230;10;1;0;0;;;;;
2025-10-16;O_TUPRSE1025C190.00;TUPRS_10/2025_AVRUPA_OPSIYON;D_EQ;SSO;D_EQ_ECP;DE_TUPRS_ECP;TUPRS.E;2025-10-31;1.58;2.25;-29.78;0;0;0;0;0;0;0;0;0;1;0;;;;;
2025-10-16;O_TUPRSE1025C195.00;TUPRS_10/2025_AVRUPA_OPSIYON;D_EQ;SSO;D_EQ_ECP;DE_TUPRS_ECP;TUPRS.E;2025-10-31;0.92;1.36;-32.35;0;0;0;0;0;0;0;0;0;173;0;;;;;
2025-10-16;O_TUPRSE1025C200.00;TUPRS_10/2025_AVRUPA_OPSIYON;D_EQ;SSO;D_EQ_ECP;DE_TUPRS_ECP;TUPRS.E;2025-10-31;0.53;0.82;-35.37;0;0;0;0;0;0;0;0;0;336;0;;;;;
2025-10-16;O_TUPRSE1025C205.00;TUPRS_10/2025_AVRUPA_OPSIYON;D_EQ;SSO;D_EQ_ECP;DE_TUPRS_ECP;TUPRS.E;2025-10-31;0.3;0.49;-38.78;0;0;0;0;0;0;0;0;0;352;0;;;;;
2025-10-16;O_TUPRSE1025C210.00;TUPRS_10/2025_AVRUPA_OPSIYON;D_EQ;SSO;D_EQ_ECP;DE_TUPRS_ECP;TUPRS.E;2025-10-31;0.17;0.29;-41.38;0;0;0;0;0;0;0;0;0;1000;0;;;;;
2025-10-16;O_TUPRSE1025C215.00;TUPRS_10/2025_AVRUPA_OPSIYON;D_EQ;SSO;D_EQ_ECP;DE_TUPRS_ECP;TUPRS.E;2025-10-31;0.1;0.18;-44.44;0;0;0;0;0;0;0;0;0;0;0;;;;;
2025-10-16;O_TUPRSE1025C220.00;TUPRS_10/2025_AVRUPA_OPSIYON;D_EQ;SSO;D_EQ_ECP;DE_TUPRS_ECP;TUPRS.E;2025-10-31;0.06;0.11;-45.45;0;0;0;0;0;0;0;0;0;0;0;;;;;
2025-10-16;O_TUPRSE1025C225.00;TUPRS_10/2025_AVRUPA_OPSIYON;D_EQ;SSO;D_EQ_ECP;DE_TUPRS_ECP;TUPRS.E;2025-10-31;0.03;0.07;-57.14;0;0;0;0;0;0;0;0;0;0;0;;;;;
2025-10-16;O_TUPRSE1025C230.00;TUPRS_10/2025_AVRUPA_OPSIYON;D_EQ;SSO;D_EQ_ECP;DE_TUPRS_ECP;TUPRS.E;2025-10-31;0.02;0.04;-50;0;0;0;0;0;0;0;0;0;0;0;;;;;
2025-10-16;O_TUPRSE1025C235.00;TUPRS_10/2025_AVRUPA_OPSIYON;D_EQ;SSO;D_EQ_ECP;DE_TUPRS_ECP;TUPRS.E;2025-10-31;0.01;0.03;-66.67;0;0;0;0;0;0;0;0;0;0;0;;;;;
2025-10-16;O_TUPRSE1025C240.00;TUPRS_10/2025_AVRUPA_OPSIYON;D_EQ;SSO;D_EQ_ECP;DE_TUPRS_ECP;TUPRS.E;2025-10-31;0.01;0.02;-50;0;0;0;0;0;0;0;0;0;0;0;;;;;
2025-10-16;O_TUPRSE1025P140.00;TUPRS_10/2025_AVRUPA_OPSIYON;D_EQ;SSO;D_EQ_EPP;DE_TUPRS_EPP;TUPRS.E;2025-10-31;0.01;0.01;0;0;0;0;0;0;0;0;0;0;0;0;;;;;
2025-10-16;O_TUPRSE1025P145.00;TUPRS_10/2025_AVRUPA_OPSIYON;D_EQ;SSO;D_EQ_EPP;DE_TUPRS_EPP;TUPRS.E;2025-10-31;0.03;0.03;0;0;0;0;0;0;0;0;0;0;0;0;;;;;
2025-10-16;O_TUPRSE1025P150.00;TUPRS_10/2025_AVRUPA_OPSIYON;D_EQ;SSO;D_EQ_EPP;DE_TUPRS_EPP;TUPRS.E;2025-10-31;0.08;0.07;14.29;0;0;0;0;0;0;0;0;0;1;0;;;;;
2025-10-16;O_TUPRSE1025P155.00;TUPRS_10/2025_AVRUPA_OPSIYON;D_EQ;SSO;D_EQ_EPP;DE_TUPRS_EPP;TUPRS.E;2025-10-31;0.19;0.17;11.76;0;0;0;0;0;0;0;0;0;0;0;;;;;
2025-10-16;O_TUPRSE1025P160.00;TUPRS_10/2025_AVRUPA_OPSIYON;D_EQ;SSO;D_EQ_EPP;DE_TUPRS_EPP;TUPRS.E;2025-10-31;0.43;0.37;16.22;0;0;0;0;0;0;0;0;0;1;0;;;;;
2025-10-16;O_TUPRSE1025P165.00;TUPRS_10/2025_AVRUPA_OPSIYON;D_EQ;SSO;D_EQ_EPP;DE_TUPRS_EPP;TUPRS.E;2025-10-31;0.91;0.76;19.74;0;0;0;0;0;0;0;0;0;0;0;;;;;
2025-10-16;O_TUPRSE1025P170.00;TUPRS_10/2025_AVRUPA_OPSIYON;D_EQ;SSO;D_EQ_EPP;DE_TUPRS_EPP;TUPRS.E;2025-10-31;1.77;1.46;21.23;1.04;1.04;1.04;1.04;1.04;510000;3120;30;3;39;30;;;;;
2025-10-16;O_TUPRSE1025P175.00;TUPRS_10/2025_AVRUPA_OPSIYON;D_EQ;SSO;D_EQ_EPP;DE_TUPRS_EPP;TUPRS.E;2025-10-31;3.31;2.68;23.51;2.04;2.04;2.04;2.04;2.04;525000;6120;30;3;130;30;;;;;
2025-10-16;O_TUPRSE1025P180.00;TUPRS_10/2025_AVRUPA_OPSIYON;D_EQ;SSO;D_EQ_EPP;DE_TUPRS_EPP;TUPRS.E;2025-10-31;5.6;4.62;21.21;3.83;3.83;5.05;5.05;4.64;540000;13930;30;3;1;0;;;;;
2025-10-16;O_TUPRSE1025P185.00;TUPRS_10/2025_AVRUPA_OPSIYON;D_EQ;SSO;D_EQ_EPP;DE_TUPRS_EPP;TUPRS.E;2025-10-31;8.68;7.32;18.58;6.41;6.41;8.25;8.25;7.49;740000;29940;40;4;120;0;;;;;
2025-10-16;O_TUPRSE1025P190.00;TUPRS_10/2025_AVRUPA_OPSIYON;D_EQ;SSO;D_EQ_EPP;DE_TUPRS_EPP;TUPRS.E;2025-10-31;12.44;10.72;16.04;0;0;0;0;0;0;0;0;0;41;0;;;;;
2025-10-16;O_TUPRSE1025P195.00;TUPRS_10/2025_AVRUPA_OPSIYON;D_EQ;SSO;D_EQ_EPP;DE_TUPRS_EPP;TUPRS.E;2025-10-31;16.7;14.74;13.3;0;0;0;0;0;0;0;0;0;40;0;;;;;
2025-10-16;O_TUPRSE1025P200.00;TUPRS_10/2025_AVRUPA_OPSIYON;D_EQ;SSO;D_EQ_EPP;DE_TUPRS_EPP;TUPRS.E;2025-10-31;21.23;19.11;11.09;0;0;0;0;0;0;0;0;0;10;0;;;;;
2025-10-16;O_TUPRSE1025P205.00;TUPRS_10/2025_AVRUPA_OPSIYON;D_EQ;SSO;D_EQ_EPP;DE_TUPRS_EPP;TUPRS.E;2025-10-31;25.92;23.7;9.37;0;0;0;0;0;0;0;0;0;10;0;;;;;
2025-10-16;O_TUPRSE1025P210.00;TUPRS_10/2025_AVRUPA_OPSIYON;D_EQ;SSO;D_EQ_EPP;DE_TUPRS_EPP;TUPRS.E;2025-10-31;30.72;28.43;8.05;0;0;0;0;0;0;0;0;0;0;0;;;;;
2025-10-16;O_TUPRSE1025P215.00;TUPRS_10/2025_AVRUPA_OPSIYON;D_EQ;SSO;D_EQ_EPP;DE_TUPRS_EPP;TUPRS.E;2025-10-31;35.57;33.23;7.04;0;0;0;0;0;0;0;0;0;0;0;;;;;
2025-10-16;O_TUPRSE1125C175.00;TUPRS_11/2025_AVRUPA_OPSIYON;D_EQ;SSO;D_EQ_ECP;DE_TUPRS_ECP;TUPRS.E;2025-11-28;13.6;15.48;-12.14;0;0;0;0;0;0;0;0;0;1;0;;;;;
2025-10-16;O_TUPRSE1125C180.00;TUPRS_11/2025_AVRUPA_OPSIYON;D_EQ;SSO;D_EQ_ECP;DE_TUPRS_ECP;TUPRS.E;2025-11-28;10.7;12.29;-12.94;0;0;0;0;0;0;0;0;0;0;0;;;;;
2025-10-16;O_TUPRSE1125C185.00;TUPRS_11/2025_AVRUPA_OPSIYON;D_EQ;SSO;D_EQ_ECP;DE_TUPRS_ECP;TUPRS.E;2025-11-28;8.24;9.61;-14.26;0;0;0;0;0;0;0;0;0;0;0;;;;;
2025-10-16;O_TUPRSE1125C190.00;TUPRS_11/2025_AVRUPA_OPSIYON;D_EQ;SSO;D_EQ_ECP;DE_TUPRS_ECP;TUPRS.E;2025-11-28;6.29;7.41;-15.11;0;0;0;0;0;0;0;0;0;3;0;;;;;
2025-10-16;O_TUPRSE1125C195.00;TUPRS_11/2025_AVRUPA_OPSIYON;D_EQ;SSO;D_EQ_ECP;DE_TUPRS_ECP;TUPRS.E;2025-11-28;4.78;5.66;-15.55;0;0;0;0;0;0;0;0;0;1;0;;;;;
2025-10-16;O_TUPRSE1125C200.00;TUPRS_11/2025_AVRUPA_OPSIYON;D_EQ;SSO;D_EQ_ECP;DE_TUPRS_ECP;TUPRS.E;2025-11-28;3.74;4.43;-15.58;0;0;0;0;0;0;0;0;0;711;0;;;;;
2025-10-16;O_TUPRSE1125C205.00;TUPRS_11/2025_AVRUPA_OPSIYON;D_EQ;SSO;D_EQ_ECP;DE_TUPRS_ECP;TUPRS.E;2025-11-28;2.94;3.51;-16.24;0;0;0;0;0;0;0;0;0;9;0;;;;;
2025-10-16;O_TUPRSE1125C210.00;TUPRS_11/2025_AVRUPA_OPSIYON;D_EQ;SSO;D_EQ_ECP;DE_TUPRS_ECP;TUPRS.E;2025-11-28;2.32;2.8;-17.14;0;0;0;0;0;0;0;0;0;0;0;;;;;
2025-10-16;O_TUPRSE1125C215.00;TUPRS_11/2025_AVRUPA_OPSIYON;D_EQ;SSO;D_EQ_ECP;DE_TUPRS_ECP;TUPRS.E;2025-11-28;1.85;2.26;-18.14;0;0;0;0;0;0;0;0;0;921;0;;;;;
2025-10-16;O_TUPRSE1125C220.00;TUPRS_11/2025_AVRUPA_OPSIYON;D_EQ;SSO;D_EQ_ECP;DE_TUPRS_ECP;TUPRS.E;2025-11-28;1.48;1.83;-19.13;0;0;0;0;0;0;0;0;0;950;0;;;;;
2025-10-16;O_TUPRSE1125C225.00;TUPRS_11/2025_AVRUPA_OPSIYON;D_EQ;SSO;D_EQ_ECP;DE_TUPRS_ECP;TUPRS.E;2025-11-28;1.2;1.5;-20;0;0;0;0;0;0;0;0;0;0;0;;;;;
2025-10-16;O_TUPRSE1125C230.00;TUPRS_11/2025_AVRUPA_OPSIYON;D_EQ;SSO;D_EQ_ECP;DE_TUPRS_ECP;TUPRS.E;2025-11-28;0.98;1.24;-20.97;0;0;0;0;0;0;0;0;0;0;0;;;;;
2025-10-16;O_TUPRSE1125C235.00;TUPRS_11/2025_AVRUPA_OPSIYON;D_EQ;SSO;D_EQ_ECP;DE_TUPRS_ECP;TUPRS.E;2025-11-28;0.81;1.04;-22.12;0;0;0;0;0;0;0;0;0;0;0;;;;;
2025-10-16;O_TUPRSE1125C240.00;TUPRS_11/2025_AVRUPA_OPSIYON;D_EQ;SSO;D_EQ_ECP;DE_TUPRS_ECP;TUPRS.E;2025-11-28;0.68;0.87;-21.84;0;0;0;0;0;0;0;0;0;0;0;;;;;
2025-10-16;O_TUPRSE1125C245.00;TUPRS_11/2025_AVRUPA_OPSIYON;D_EQ;SSO;D_EQ_ECP;DE_TUPRS_ECP;TUPRS.E;2025-11-28;0.57;0.74;-22.97;0;0;0;0;0;0;0;0;0;0;0;;;;;
2025-10-16;O_TUPRSE1125P150.00;TUPRS_11/2025_AVRUPA_OPSIYON;D_EQ;SSO;D_EQ_EPP;DE_TUPRS_EPP;TUPRS.E;2025-11-28;0.78;0.73;6.85;0;0;0;0;0;0;0;0;0;0;0;;;;;
2025-10-16;O_TUPRSE1125P155.00;TUPRS_11/2025_AVRUPA_OPSIYON;D_EQ;SSO;D_EQ_EPP;DE_TUPRS_EPP;TUPRS.E;2025-11-28;1.16;1.08;7.41;0;0;0;0;0;0;0;0;0;0;0;;;;;
2025-10-16;O_TUPRSE1125P160.00;TUPRS_11/2025_AVRUPA_OPSIYON;D_EQ;SSO;D_EQ_EPP;DE_TUPRS_EPP;TUPRS.E;2025-11-28;1.71;1.56;9.62;0;0;0;0;0;0;0;0;0;0;0;;;;;
2025-10-16;O_TUPRSE1125P165.00;TUPRS_11/2025_AVRUPA_OPSIYON;D_EQ;SSO;D_EQ_EPP;DE_TUPRS_EPP;TUPRS.E;2025-11-28;2.45;2.22;10.36;0;0;0;0;0;0;0;0;0;0;0;;;;;
2025-10-16;O_TUPRSE1125P170.00;TUPRS_11/2025_AVRUPA_OPSIYON;D_EQ;SSO;D_EQ_EPP;DE_TUPRS_EPP;TUPRS.E;2025-11-28;3.44;3.1;10.97;0;0;0;0;0;0;0;0;0;0;0;;;;;
2025-10-16;O_TUPRSE1125P175.00;TUPRS_11/2025_AVRUPA_OPSIYON;D_EQ;SSO;D_EQ_EPP;DE_TUPRS_EPP;TUPRS.E;2025-11-28;4.74;4.24;11.79;0;0;0;0;0;0;0;0;0;1;0;;;;;
2025-10-16;O_TUPRSE1125P180.00;TUPRS_11/2025_AVRUPA_OPSIYON;D_EQ;SSO;D_EQ_EPP;DE_TUPRS_EPP;TUPRS.E;2025-11-28;6.62;5.83;13.55;0;0;0;0;0;0;0;0;0;0;0;;;;;
2025-10-16;O_TUPRSE1125P185.00;TUPRS_11/2025_AVRUPA_OPSIYON;D_EQ;SSO;D_EQ_EPP;DE_TUPRS_EPP;TUPRS.E;2025-11-28;8.94;7.92;12.88;0;0;0;0;0;0;0;0;0;0;0;;;;;
2025-10-16;O_TUPRSE1125P190.00;TUPRS_11/2025_AVRUPA_OPSIYON;D_EQ;SSO;D_EQ_EPP;DE_TUPRS_EPP;TUPRS.E;2025-11-28;11.77;10.51;11.99;0;0;0;0;0;0;0;0;0;0;0;;;;;
2025-10-16;O_TUPRSE1125P195.00;TUPRS_11/2025_AVRUPA_OPSIYON;D_EQ;SSO;D_EQ_EPP;DE_TUPRS_EPP;TUPRS.E;2025-11-28;15.05;13.53;11.23;0;0;0;0;0;0;0;0;0;30;0;;;;;
2025-10-16;O_TUPRSE1125P200.00;TUPRS_11/2025_AVRUPA_OPSIYON;D_EQ;SSO;D_EQ_EPP;DE_TUPRS_EPP;TUPRS.E;2025-11-28;18.78;17.07;10.02;0;0;0;0;0;0;0;0;0;30;0;;;;;
2025-10-16;O_TUPRSE1125P205.00;TUPRS_11/2025_AVRUPA_OPSIYON;D_EQ;SSO;D_EQ_EPP;DE_TUPRS_EPP;TUPRS.E;2025-11-28;22.76;20.93;8.74;0;0;0;0;0;0;0;0;0;0;0;;;;;
2025-10-16;O_TUPRSE1125P210.00;TUPRS_11/2025_AVRUPA_OPSIYON;D_EQ;SSO;D_EQ_EPP;DE_TUPRS_EPP;TUPRS.E;2025-11-28;26.93;25;7.72;0;0;0;0;0;0;0;0;0;0;0;;;;;
2025-10-16;O_TUPRSE1125P215.00;TUPRS_11/2025_AVRUPA_OPSIYON;D_EQ;SSO;D_EQ_EPP;DE_TUPRS_EPP;TUPRS.E;2025-11-28;31.24;29.23;6.88;0;0;0;0;0;0;0;0;0;0;0;;;;;
2025-10-16;O_TUPRSE1125P220.00;TUPRS_11/2025_AVRUPA_OPSIYON;D_EQ;SSO;D_EQ_EPP;DE_TUPRS_EPP;TUPRS.E;2025-11-28;35.65;33.58;6.16;0;0;0;0;0;0;0;0;0;0;0;;;;;
2025-10-16;O_TUPRSE1225C180.00;TUPRS_12/2025_AVRUPA_OPSIYON;D_EQ;SSO;D_EQ_ECP;DE_TUPRS_ECP;TUPRS.E;2025-12-31;18.61;20.56;-9.48;0;0;0;0;0;0;0;0;0;0;0;;;;;
2025-10-16;O_TUPRSE1225C185.00;TUPRS_12/2025_AVRUPA_OPSIYON;D_EQ;SSO;D_EQ_ECP;DE_TUPRS_ECP;TUPRS.E;2025-12-31;15.7;17.38;-9.67;0;0;0;0;0;0;0;0;0;0;0;;;;;
2025-10-16;O_TUPRSE1225C190.00;TUPRS_12/2025_AVRUPA_OPSIYON;D_EQ;SSO;D_EQ_ECP;DE_TUPRS_ECP;TUPRS.E;2025-12-31;13.13;14.67;-10.5;0;0;0;0;0;0;0;0;0;0;0;;;;;
2025-10-16;O_TUPRSE1225C195.00;TUPRS_12/2025_AVRUPA_OPSIYON;D_EQ;SSO;D_EQ_ECP;DE_TUPRS_ECP;TUPRS.E;2025-12-31;10.98;12.29;-10.66;0;0;0;0;0;0;0;0;0;0;0;;;;;
2025-10-16;O_TUPRSE1225C200.00;TUPRS_12/2025_AVRUPA_OPSIYON;D_EQ;SSO;D_EQ_ECP;DE_TUPRS_ECP;TUPRS.E;2025-12-31;9.13;10.3;-11.36;0;0;0;0;0;0;0;0;0;0;0;;;;;
2025-10-16;O_TUPRSE1225C205.00;TUPRS_12/2025_AVRUPA_OPSIYON;D_EQ;SSO;D_EQ_ECP;DE_TUPRS_ECP;TUPRS.E;2025-12-31;7.81;8.71;-10.33;0;0;0;0;0;0;0;0;0;0;0;;;;;
2025-10-16;O_TUPRSE1225C210.00;TUPRS_12/2025_AVRUPA_OPSIYON;D_EQ;SSO;D_EQ_ECP;DE_TUPRS_ECP;TUPRS.E;2025-12-31;6.72;7.53;-10.76;0;0;0;0;0;0;0;0;0;0;0;;;;;
2025-10-16;O_TUPRSE1225C215.00;TUPRS_12/2025_AVRUPA_OPSIYON;D_EQ;SSO;D_EQ_ECP;DE_TUPRS_ECP;TUPRS.E;2025-12-31;5.82;6.55;-11.15;0;0;0;0;0;0;0;0;0;0;0;;;;;
2025-10-16;O_TUPRSE1225C220.00;TUPRS_12/2025_AVRUPA_OPSIYON;D_EQ;SSO;D_EQ_ECP;DE_TUPRS_ECP;TUPRS.E;2025-12-31;5.07;5.72;-11.36;0;0;0;0;0;0;0;0;0;0;0;;;;;
2025-10-16;O_TUPRSE1225C225.00;TUPRS_12/2025_AVRUPA_OPSIYON;D_EQ;SSO;D_EQ_ECP;DE_TUPRS_ECP;TUPRS.E;2025-12-31;4.44;5.04;-11.9;0;0;0;0;0;0;0;0;0;0;0;;;;;
2025-10-16;O_TUPRSE1225C230.00;TUPRS_12/2025_AVRUPA_OPSIYON;D_EQ;SSO;D_EQ_ECP;DE_TUPRS_ECP;TUPRS.E;2025-12-31;3.91;4.46;-12.33;0;0;0;0;0;0;0;0;0;0;0;;;;;
2025-10-16;O_TUPRSE1225C235.00;TUPRS_12/2025_AVRUPA_OPSIYON;D_EQ;SSO;D_EQ_ECP;DE_TUPRS_ECP;TUPRS.E;2025-12-31;3.47;3.98;-12.81;0;0;0;0;0;0;0;0;0;0;0;;;;;
2025-10-16;O_TUPRSE1225C240.00;TUPRS_12/2025_AVRUPA_OPSIYON;D_EQ;SSO;D_EQ_ECP;DE_TUPRS_ECP;TUPRS.E;2025-12-31;3.1;3.57;-13.17;0;0;0;0;0;0;0;0;0;0;0;;;;;
2025-10-16;O_TUPRSE1225P155.00;TUPRS_12/2025_AVRUPA_OPSIYON;D_EQ;SSO;D_EQ_EPP;DE_TUPRS_EPP;TUPRS.E;2025-12-31;1.78;1.71;4.09;0;0;0;0;0;0;0;0;0;0;0;;;;;
2025-10-16;O_TUPRSE1225P160.00;TUPRS_12/2025_AVRUPA_OPSIYON;D_EQ;SSO;D_EQ_EPP;DE_TUPRS_EPP;TUPRS.E;2025-12-31;2.32;2.2;5.45;0;0;0;0;0;0;0;0;0;0;0;;;;;
2025-10-16;O_TUPRSE1225P165.00;TUPRS_12/2025_AVRUPA_OPSIYON;D_EQ;SSO;D_EQ_EPP;DE_TUPRS_EPP;TUPRS.E;2025-12-31;2.98;2.8;6.43;0;0;0;0;0;0;0;0;0;0;0;;;;;
2025-10-16;O_TUPRSE1225P170.00;TUPRS_12/2025_AVRUPA_OPSIYON;D_EQ;SSO;D_EQ_EPP;DE_TUPRS_EPP;TUPRS.E;2025-12-31;3.79;3.54;7.06;0;0;0;0;0;0;0;0;0;0;0;;;;;
2025-10-16;O_TUPRSE1225P175.00;TUPRS_12/2025_AVRUPA_OPSIYON;D_EQ;SSO;D_EQ_EPP;DE_TUPRS_EPP;TUPRS.E;2025-12-31;4.78;4.44;7.66;0;0;0;0;0;0;0;0;0;0;0;;;;;
2025-10-16;O_TUPRSE1225P180.00;TUPRS_12/2025_AVRUPA_OPSIYON;D_EQ;SSO;D_EQ_EPP;DE_TUPRS_EPP;TUPRS.E;2025-12-31;5.97;5.51;8.35;0;0;0;0;0;0;0;0;0;0;0;;;;;
2025-10-16;O_TUPRSE1225P185.00;TUPRS_12/2025_AVRUPA_OPSIYON;D_EQ;SSO;D_EQ_EPP;DE_TUPRS_EPP;TUPRS.E;2025-12-31;7.6;6.88;10.47;0;0;0;0;0;0;0;0;0;0;0;;;;;
2025-10-16;O_TUPRSE1225P190.00;TUPRS_12/2025_AVRUPA_OPSIYON;D_EQ;SSO;D_EQ_EPP;DE_TUPRS_EPP;TUPRS.E;2025-12-31;9.58;8.7;10.11;0;0;0;0;0;0;0;0;0;0;0;;;;;
2025-10-16;O_TUPRSE1225P195.00;TUPRS_12/2025_AVRUPA_OPSIYON;D_EQ;SSO;D_EQ_EPP;DE_TUPRS_EPP;TUPRS.E;2025-12-31;11.97;10.86;10.22;0;0;0;0;0;0;0;0;0;0;0;;;;;
2025-10-16;O_TUPRSE1225P200.00;TUPRS_12/2025_AVRUPA_OPSIYON;D_EQ;SSO;D_EQ_EPP;DE_TUPRS_EPP;TUPRS.E;2025-12-31;14.66;13.41;9.32;0;0;0;0;0;0;0;0;0;0;0;;;;;
2025-10-16;O_TUPRSE1225P205.00;TUPRS_12/2025_AVRUPA_OPSIYON;D_EQ;SSO;D_EQ_EPP;DE_TUPRS_EPP;TUPRS.E;2025-12-31;17.89;16.35;9.42;0;0;0;0;0;0;0;0;0;0;0;;;;;
2025-10-16;O_TUPRSE1225P210.00;TUPRS_12/2025_AVRUPA_OPSIYON;D_EQ;SSO;D_EQ_EPP;DE_TUPRS_EPP;TUPRS.E;2025-12-31;21.34;19.71;8.27;0;0;0;0;0;0;0;0;0;0;0;;;;;
2025-10-16;O_TUPRSE1225P215.00;TUPRS_12/2025_AVRUPA_OPSIYON;D_EQ;SSO;D_EQ_EPP;DE_TUPRS_EPP;TUPRS.E;2025-12-31;24.98;23.26;7.39;0;0;0;0;0;0;0;0;0;0;0;;;;;
2025-10-16;O_USDTRYKE1025C41500;USDTRY_10/2025_AVRUPA_OPSIYON;D_CR;CRO;D_CR_ECO;DE_USDTRYK_ECO;D_USDTRYK;2025-10-31;887.9;913.7;-2.82;0;0;0;0;0;0;0;0;0;204;0;;;;;
2025-10-16;O_USDTRYKE1025C42000;USDTRY_10/2025_AVRUPA_OPSIYON;D_CR;CRO;D_CR_ECO;DE_USDTRYK_ECO;D_USDTRYK;2025-10-31;470.4;495.4;-5.05;0;0;0;0;0;0;0;0;0;462;0;;;;;
2025-10-16;O_USDTRYKE1025C42500;USDTRY_10/2025_AVRUPA_OPSIYON;D_CR;CRO;D_CR_ECO;DE_USDTRYK_ECO;D_USDTRYK;2025-10-31;212.7;234.7;-9.37;214.2;214.2;219.5;219.5;218.6;25500000;131170;600;9;20441;-477;;;;;
2025-10-16;O_USDTRYKE1025C43000;USDTRY_10/2025_AVRUPA_OPSIYON;D_CR;CRO;D_CR_ECO;DE_USDTRYK_ECO;D_USDTRYK;2025-10-31;114.6;129.8;-11.71;199.9;165.9;205.9;200;193.3;30100000;135290;700;7;116144;100;;;;;
2025-10-16;O_USDTRYKE1025C43500;USDTRY_10/2025_AVRUPA_OPSIYON;D_CR;CRO;D_CR_ECO;DE_USDTRYK_ECO;D_USDTRYK;2025-10-31;90.9;105.4;-13.76;147.2;147.2;165;165;159.1;26100000;95440;600;7;22937;-80;;;;;
2025-10-16;O_USDTRYKE1025C44000;USDTRY_10/2025_AVRUPA_OPSIYON;D_CR;CRO;D_CR_ECO;DE_USDTRYK_ECO;D_USDTRYK;2025-10-31;60.8;72.5;-16.14;119.7;119.7;140;135;129.4;44000000;129435;1000;15;14271;800;;;;;
2025-10-16;O_USDTRYKE1025C44500;USDTRY_10/2025_AVRUPA_OPSIYON;D_CR;CRO;D_CR_ECO;DE_USDTRYK_ECO;D_USDTRYK;2025-10-31;43.7;53.4;-18.16;0;0;0;0;0;0;0;0;0;9213;0;;;;;
2025-10-16;O_USDTRYKE1025C45000;USDTRY_10/2025_AVRUPA_OPSIYON;D_CR;CRO;D_CR_ECO;DE_USDTRYK_ECO;D_USDTRYK;2025-10-31;33.3;41.6;-19.95;0;0;0;0;0;0;0;0;0;20931;0;;;;;
2025-10-16;O_USDTRYKE1025C45500;USDTRY_10/2025_AVRUPA_OPSIYON;D_CR;CRO;D_CR_ECO;DE_USDTRYK_ECO;D_USDTRYK;2025-10-31;26.7;34;-21.47;0;0;0;0;0;0;0;0;0;13471;0;;;;;
2025-10-16;O_USDTRYKE1025C46000;USDTRY_10/2025_AVRUPA_OPSIYON;D_CR;CRO;D_CR_ECO;DE_USDTRYK_ECO;D_USDTRYK;2025-10-31;22.3;28.8;-22.57;0;0;0;0;0;0;0;0;0;11990;0;;;;;
2025-10-16;O_USDTRYKE1025C46500;USDTRY_10/2025_AVRUPA_OPSIYON;D_CR;CRO;D_CR_ECO;DE_USDTRYK_ECO;D_USDTRYK;2025-10-31;19.3;25.2;-23.41;0;0;0;0;0;0;0;0;0;12779;0;;;;;
2025-10-16;O_USDTRYKE1025C47000;USDTRY_10/2025_AVRUPA_OPSIYON;D_CR;CRO;D_CR_ECO;DE_USDTRYK_ECO;D_USDTRYK;2025-10-31;12.2;18.9;-35.45;0;0;0;0;0;0;0;0;0;61905;0;;;;;
2025-10-16;O_USDTRYKE1025C47500;USDTRY_10/2025_AVRUPA_OPSIYON;D_CR;CRO;D_CR_ECO;DE_USDTRYK_ECO;D_USDTRYK;2025-10-31;6.5;10.7;-39.25;0;0;0;0;0;0;0;0;0;8247;0;;;;;
2025-10-16;O_USDTRYKE1025C48000;USDTRY_10/2025_AVRUPA_OPSIYON;D_CR;CRO;D_CR_ECO;DE_USDTRYK_ECO;D_USDTRYK;2025-10-31;3.4;5.9;-42.37;45;45;45;45;45;48000;45;1;1;52695;-1;;;;;
2025-10-16;O_USDTRYKE1025P38500;USDTRY_10/2025_AVRUPA_OPSIYON;D_CR;CRO;D_CR_EPO;DE_USDTRYK_EPO;D_USDTRYK;2025-10-31;0.1;0.1;0;0;0;0;0;0;0;0;0;0;0;0;;;;;
2025-10-16;O_USDTRYKE1025P39000;USDTRY_10/2025_AVRUPA_OPSIYON;D_CR;CRO;D_CR_EPO;DE_USDTRYK_EPO;D_USDTRYK;2025-10-31;0.1;0.1;0;0;0;0;0;0;0;0;0;0;0;0;;;;;
2025-10-16;O_USDTRYKE1025P39500;USDTRY_10/2025_AVRUPA_OPSIYON;D_CR;CRO;D_CR_EPO;DE_USDTRYK_EPO;D_USDTRYK;2025-10-31;0.1;0.1;0;0;0;0;0;0;0;0;0;0;0;0;;;;;
2025-10-16;O_USDTRYKE1025P40000;USDTRY_10/2025_AVRUPA_OPSIYON;D_CR;CRO;D_CR_EPO;DE_USDTRYK_EPO;D_USDTRYK;2025-10-31;0.1;0.1;0;0;0;0;0;0;0;0;0;0;0;0;;;;;
2025-10-16;O_USDTRYKE1025P40500;USDTRY_10/2025_AVRUPA_OPSIYON;D_CR;CRO;D_CR_EPO;DE_USDTRYK_EPO;D_USDTRYK;2025-10-31;0.1;0.1;0;0;0;0;0;0;0;0;0;0;0;0;;;;;
2025-10-16;O_USDTRYKE1025P41000;USDTRY_10/2025_AVRUPA_OPSIYON;D_CR;CRO;D_CR_EPO;DE_USDTRYK_EPO;D_USDTRYK;2025-10-31;1.9;2.2;-13.64;0;0;0;0;0;0;0;0;0;0;0;;;;;
2025-10-16;O_USDTRYKE1025P41500;USDTRY_10/2025_AVRUPA_OPSIYON;D_CR;CRO;D_CR_EPO;DE_USDTRYK_EPO;D_USDTRYK;2025-10-31;17.9;18.7;-4.28;0;0;0;0;0;0;0;0;0;5;0;;;;;
2025-10-16;O_USDTRYKE1025P42000;USDTRY_10/2025_AVRUPA_OPSIYON;D_CR;CRO;D_CR_EPO;DE_USDTRYK_EPO;D_USDTRYK;2025-10-31;93.6;93.2;0.43;35.3;33.7;35.3;33.7;35.2;4410000;3698.5;105;2;1330;-100;;;;;
2025-10-16;O_USDTRYKE1025P42500;USDTRY_10/2025_AVRUPA_OPSIYON;D_CR;CRO;D_CR_EPO;DE_USDTRYK_EPO;D_USDTRYK;2025-10-31;329.2;325.3;1.2;0;0;0;0;0;0;0;0;0;25273;0;;;;;
2025-10-16;O_USDTRYKE1025P43000;USDTRY_10/2025_AVRUPA_OPSIYON;D_CR;CRO;D_CR_EPO;DE_USDTRYK_EPO;D_USDTRYK;2025-10-31;724.4;713.2;1.57;0;0;0;0;0;0;0;0;0;2501;0;;;;;
2025-10-16;O_USDTRYKE1025P43500;USDTRY_10/2025_AVRUPA_OPSIYON;D_CR;CRO;D_CR_EPO;DE_USDTRYK_EPO;D_USDTRYK;2025-10-31;1193.9;1181.7;1.03;0;0;0;0;0;0;0;0;0;2702;0;;;;;
2025-10-16;O_USDTRYKE1025P44000;USDTRY_10/2025_AVRUPA_OPSIYON;D_CR;CRO;D_CR_EPO;DE_USDTRYK_EPO;D_USDTRYK;2025-10-31;1657.1;1641.6;0.94;0;0;0;0;0;0;0;0;0;300;0;;;;;
2025-10-16;O_USDTRYKE1025P44500;USDTRY_10/2025_AVRUPA_OPSIYON;D_CR;CRO;D_CR_EPO;DE_USDTRYK_EPO;D_USDTRYK;2025-10-31;2133.3;2115.3;0.85;0;0;0;0;0;0;0;0;0;0;0;;;;;
2025-10-16;O_USDTRYKE1025P45000;USDTRY_10/2025_AVRUPA_OPSIYON;D_CR;CRO;D_CR_EPO;DE_USDTRYK_EPO;D_USDTRYK;2025-10-31;2616.2;2596.4;0.76;0;0;0;0;0;0;0;0;0;0;0;;;;;
2025-10-16;O_USDTRYKE1125C42500;USDTRY_11/2025_AVRUPA_OPSIYON;D_CR;CRO;D_CR_ECO;DE_USDTRYK_ECO;D_USDTRYK;2025-11-28;1024.6;1048;-2.23;0;0;0;0;0;0;0;0;0;15;0;;;;;
2025-10-16;O_USDTRYKE1125C43000;USDTRY_11/2025_AVRUPA_OPSIYON;D_CR;CRO;D_CR_ECO;DE_USDTRYK_ECO;D_USDTRYK;2025-11-28;803.2;826.4;-2.81;0;0;0;0;0;0;0;0;0;210;0;;;;;
2025-10-16;O_USDTRYKE1125C43500;USDTRY_11/2025_AVRUPA_OPSIYON;D_CR;CRO;D_CR_ECO;DE_USDTRYK_ECO;D_USDTRYK;2025-11-28;579.6;600.4;-3.46;537.2;537.2;537.2;537.2;537.2;435000;5372;10;1;3072;10;;;;;
2025-10-16;O_USDTRYKE1125C44000;USDTRY_11/2025_AVRUPA_OPSIYON;D_CR;CRO;D_CR_ECO;DE_USDTRYK_ECO;D_USDTRYK;2025-11-28;452.2;463.3;-2.4;460;459;500.1;459;490.6;5764000;64269;131;3;3333;131;;;;;
2025-10-16;O_USDTRYKE1125C45000;USDTRY_11/2025_AVRUPA_OPSIYON;D_CR;CRO;D_CR_ECO;DE_USDTRYK_ECO;D_USDTRYK;2025-11-28;341.9;351.2;-2.65;390;390;390;390;390;450000;3900;10;1;1238;10;;;;;
2025-10-16;O_USDTRYKE1125C45500;USDTRY_11/2025_AVRUPA_OPSIYON;D_CR;CRO;D_CR_ECO;DE_USDTRYK_ECO;D_USDTRYK;2025-11-28;312.5;321.4;-2.77;0;0;0;0;0;0;0;0;0;2403;0;;;;;
2025-10-16;O_USDTRYKE1125C46000;USDTRY_11/2025_AVRUPA_OPSIYON;D_CR;CRO;D_CR_ECO;DE_USDTRYK_ECO;D_USDTRYK;2025-11-28;292.4;301.2;-2.92;0;0;0;0;0;0;0;0;0;1552;0;;;;;
2025-10-16;O_USDTRYKE1125C46500;USDTRY_11/2025_AVRUPA_OPSIYON;D_CR;CRO;D_CR_ECO;DE_USDTRYK_ECO;D_USDTRYK;2025-11-28;273.4;282;-3.05;0;0;0;0;0;0;0;0;0;1;0;;;;;
2025-10-16;O_USDTRYKE1125C47000;USDTRY_11/2025_AVRUPA_OPSIYON;D_CR;CRO;D_CR_ECO;DE_USDTRYK_ECO;D_USDTRYK;2025-11-28;239.3;247.3;-3.23;0;0;0;0;0;0;0;0;0;10285;0;;;;;
2025-10-16;O_USDTRYKE1125C47500;USDTRY_11/2025_AVRUPA_OPSIYON;D_CR;CRO;D_CR_ECO;DE_USDTRYK_ECO;D_USDTRYK;2025-11-28;211.9;219.4;-3.42;0;0;0;0;0;0;0;0;0;7587;0;;;;;
2025-10-16;O_USDTRYKE1125C48000;USDTRY_11/2025_AVRUPA_OPSIYON;D_CR;CRO;D_CR_ECO;DE_USDTRYK_ECO;D_USDTRYK;2025-11-28;189.8;196.8;-3.56;0;0;0;0;0;0;0;0;0;56605;0;;;;;
2025-10-16;O_USDTRYKE1125C48500;USDTRY_11/2025_AVRUPA_OPSIYON;D_CR;CRO;D_CR_ECO;DE_USDTRYK_ECO;D_USDTRYK;2025-11-28;171.7;178.4;-3.76;0;0;0;0;0;0;0;0;0;61489;0;;;;;
2025-10-16;O_USDTRYKE1125P39500;USDTRY_11/2025_AVRUPA_OPSIYON;D_CR;CRO;D_CR_EPO;DE_USDTRYK_EPO;D_USDTRYK;2025-11-28;0.1;0.1;0;0;0;0;0;0;0;0;0;0;0;0;;;;;
2025-10-16;O_USDTRYKE1125P40000;USDTRY_11/2025_AVRUPA_OPSIYON;D_CR;CRO;D_CR_EPO;DE_USDTRYK_EPO;D_USDTRYK;2025-11-28;0.1;0.1;0;0;0;0;0;0;0;0;0;0;0;0;;;;;
2025-10-16;O_USDTRYKE1125P40500;USDTRY_11/2025_AVRUPA_OPSIYON;D_CR;CRO;D_CR_EPO;DE_USDTRYK_EPO;D_USDTRYK;2025-11-28;0.5;0.5;0;0;0;0;0;0;0;0;0;0;0;0;;;;;
2025-10-16;O_USDTRYKE1125P41000;USDTRY_11/2025_AVRUPA_OPSIYON;D_CR;CRO;D_CR_EPO;DE_USDTRYK_EPO;D_USDTRYK;2025-11-28;2.4;2.4;0;0;0;0;0;0;0;0;0;0;0;0;;;;;
2025-10-16;O_USDTRYKE1125P41500;USDTRY_11/2025_AVRUPA_OPSIYON;D_CR;CRO;D_CR_EPO;DE_USDTRYK_EPO;D_USDTRYK;2025-11-28;10.1;10.1;0;0;0;0;0;0;0;0;0;0;0;0;;;;;
2025-10-16;O_USDTRYKE1125P42000;USDTRY_11/2025_AVRUPA_OPSIYON;D_CR;CRO;D_CR_EPO;DE_USDTRYK_EPO;D_USDTRYK;2025-11-28;33.9;33.5;1.19;0;0;0;0;0;0;0;0;0;0;0;;;;;
2025-10-16;O_USDTRYKE1125P42500;USDTRY_11/2025_AVRUPA_OPSIYON;D_CR;CRO;D_CR_EPO;DE_USDTRYK_EPO;D_USDTRYK;2025-11-28;93;91.5;1.64;0;0;0;0;0;0;0;0;0;600;0;;;;;
2025-10-16;O_USDTRYKE1125P43000;USDTRY_11/2025_AVRUPA_OPSIYON;D_CR;CRO;D_CR_EPO;DE_USDTRYK_EPO;D_USDTRYK;2025-11-28;352.6;350.4;0.63;0;0;0;0;0;0;0;0;0;911;0;;;;;
2025-10-16;O_USDTRYKE1125P43500;USDTRY_11/2025_AVRUPA_OPSIYON;D_CR;CRO;D_CR_EPO;DE_USDTRYK_EPO;D_USDTRYK;2025-11-28;609.9;604.9;0.83;0;0;0;0;0;0;0;0;0;900;0;;;;;
2025-10-16;O_USDTRYKE1125P44000;USDTRY_11/2025_AVRUPA_OPSIYON;D_CR;CRO;D_CR_EPO;DE_USDTRYK_EPO;D_USDTRYK;2025-11-28;963.5;948.3;1.6;0;0;0;0;0;0;0;0;0;400;0;;;;;
2025-10-16;O_USDTRYKE1125P44500;USDTRY_11/2025_AVRUPA_OPSIYON;D_CR;CRO;D_CR_EPO;DE_USDTRYK_EPO;D_USDTRYK;2025-11-28;1377.8;1361.1;1.23;0;0;0;0;0;0;0;0;0;0;0;;;;;
2025-10-16;O_USDTRYKE1125P45000;USDTRY_11/2025_AVRUPA_OPSIYON;D_CR;CRO;D_CR_EPO;DE_USDTRYK_EPO;D_USDTRYK;2025-11-28;1815;1797.2;0.99;0;0;0;0;0;0;0;0;0;0;0;;;;;
2025-10-16;O_USDTRYKE1125P45500;USDTRY_11/2025_AVRUPA_OPSIYON;D_CR;CRO;D_CR_EPO;DE_USDTRYK_EPO;D_USDTRYK;2025-11-28;2266.5;2247.9;0.83;0;0;0;0;0;0;0;0;0;0;0;;;;;
2025-10-16;O_USDTRYKE1225C43500;USDTRY_12/2025_AVRUPA_OPSIYON;D_CR;CRO;D_CR_ECO;DE_USDTRYK_ECO;D_USDTRYK;2025-12-31;1324.5;1341.7;-1.28;0;0;0;0;0;0;0;0;0;0;0;;;;;
2025-10-16;O_USDTRYKE1225C44000;USDTRY_12/2025_AVRUPA_OPSIYON;D_CR;CRO;D_CR_ECO;DE_USDTRYK_ECO;D_USDTRYK;2025-12-31;1195.5;1211.2;-1.3;0;0;0;0;0;0;0;0;0;0;0;;;;;
2025-10-16;O_USDTRYKE1225C44500;USDTRY_12/2025_AVRUPA_OPSIYON;D_CR;CRO;D_CR_ECO;DE_USDTRYK_ECO;D_USDTRYK;2025-12-31;987.8;1007.5;-1.96;0;0;0;0;0;0;0;0;0;0;0;;;;;
2025-10-16;O_USDTRYKE1225C45500;USDTRY_12/2025_AVRUPA_OPSIYON;D_CR;CRO;D_CR_ECO;DE_USDTRYK_ECO;D_USDTRYK;2025-12-31;658.1;670.7;-1.88;750.1;750.1;750.1;750.1;750.1;3185000;52507;70;3;71;70;;;;;
2025-10-16;O_USDTRYKE1225C46000;USDTRY_12/2025_AVRUPA_OPSIYON;D_CR;CRO;D_CR_ECO;DE_USDTRYK_ECO;D_USDTRYK;2025-12-31;591;600.1;-1.52;710;710;710;710;710;920000;14200;20;1;1037;20;;;;;
2025-10-16;O_USDTRYKE1225C46500;USDTRY_12/2025_AVRUPA_OPSIYON;D_CR;CRO;D_CR_ECO;DE_USDTRYK_ECO;D_USDTRYK;2025-12-31;541.1;549.4;-1.51;650;650;650;650;650;1395000;19500;30;1;50;30;;;;;
2025-10-16;O_USDTRYKE1225C47000;USDTRY_12/2025_AVRUPA_OPSIYON;D_CR;CRO;D_CR_ECO;DE_USDTRYK_ECO;D_USDTRYK;2025-12-31;503.7;511.3;-1.49;600;600;600;600;600;940000;12000;20;1;1020;20;;;;;
2025-10-16;O_USDTRYKE1225C47500;USDTRY_12/2025_AVRUPA_OPSIYON;D_CR;CRO;D_CR_ECO;DE_USDTRYK_ECO;D_USDTRYK;2025-12-31;475.3;482.4;-1.47;550;550;550;550;550;950000;11000;20;1;20;20;;;;;
2025-10-16;O_USDTRYKE1225C48000;USDTRY_12/2025_AVRUPA_OPSIYON;D_CR;CRO;D_CR_ECO;DE_USDTRYK_ECO;D_USDTRYK;2025-12-31;453.8;460.6;-1.48;510;510;510;510;510;1920000;20400;40;1;1060;40;;;;;
2025-10-16;O_USDTRYKE1225C48500;USDTRY_12/2025_AVRUPA_OPSIYON;D_CR;CRO;D_CR_ECO;DE_USDTRYK_ECO;D_USDTRYK;2025-12-31;437.7;444.1;-1.44;0;0;0;0;0;0;0;0;0;1043;0;;;;;
2025-10-16;O_USDTRYKE1225C49000;USDTRY_12/2025_AVRUPA_OPSIYON;D_CR;CRO;D_CR_ECO;DE_USDTRYK_ECO;D_USDTRYK;2025-12-31;425;432.1;-1.64;440;410;440;410;420;2940000;25200;60;3;4326;60;;;;;
2025-10-16;O_USDTRYKE1225P40500;USDTRY_12/2025_AVRUPA_OPSIYON;D_CR;CRO;D_CR_EPO;DE_USDTRYK_EPO;D_USDTRYK;2025-12-31;0.4;0.4;0;0;0;0;0;0;0;0;0;0;0;0;;;;;
2025-10-16;O_USDTRYKE1225P41000;USDTRY_12/2025_AVRUPA_OPSIYON;D_CR;CRO;D_CR_EPO;DE_USDTRYK_EPO;D_USDTRYK;2025-12-31;1.4;1.4;0;0;0;0;0;0;0;0;0;0;0;0;;;;;
2025-10-16;O_USDTRYKE1225P41500;USDTRY_12/2025_AVRUPA_OPSIYON;D_CR;CRO;D_CR_EPO;DE_USDTRYK_EPO;D_USDTRYK;2025-12-31;4.4;4.4;0;0;0;0;0;0;0;0;0;0;0;0;;;;;
2025-10-16;O_USDTRYKE1225P42000;USDTRY_12/2025_AVRUPA_OPSIYON;D_CR;CRO;D_CR_EPO;DE_USDTRYK_EPO;D_USDTRYK;2025-12-31;12.7;12.6;0.79;0;0;0;0;0;0;0;0;0;0;0;;;;;
2025-10-16;O_USDTRYKE1225P42500;USDTRY_12/2025_AVRUPA_OPSIYON;D_CR;CRO;D_CR_EPO;DE_USDTRYK_EPO;D_USDTRYK;2025-12-31;32.1;31.7;1.26;0;0;0;0;0;0;0;0;0;0;0;;;;;
2025-10-16;O_USDTRYKE1225P43000;USDTRY_12/2025_AVRUPA_OPSIYON;D_CR;CRO;D_CR_EPO;DE_USDTRYK_EPO;D_USDTRYK;2025-12-31;72.3;71.2;1.54;0;0;0;0;0;0;0;0;0;0;0;;;;;
2025-10-16;O_USDTRYKE1225P43500;USDTRY_12/2025_AVRUPA_OPSIYON;D_CR;CRO;D_CR_EPO;DE_USDTRYK_EPO;D_USDTRYK;2025-12-31;209.5;203.1;3.15;0;0;0;0;0;0;0;0;0;0;0;;;;;
2025-10-16;O_USDTRYKE1225P44000;USDTRY_12/2025_AVRUPA_OPSIYON;D_CR;CRO;D_CR_EPO;DE_USDTRYK_EPO;D_USDTRYK;2025-12-31;548.3;539.9;1.56;0;0;0;0;0;0;0;0;0;0;0;;;;;
2025-10-16;O_USDTRYKE1225P44500;USDTRY_12/2025_AVRUPA_OPSIYON;D_CR;CRO;D_CR_EPO;DE_USDTRYK_EPO;D_USDTRYK;2025-12-31;808.4;803.6;0.6;0;0;0;0;0;0;0;0;0;0;0;;;;;
2025-10-16;O_USDTRYKE1225P45000;USDTRY_12/2025_AVRUPA_OPSIYON;D_CR;CRO;D_CR_EPO;DE_USDTRYK_EPO;D_USDTRYK;2025-12-31;1091.8;1085.1;0.62;0;0;0;0;0;0;0;0;0;0;0;;;;;
2025-10-16;O_USDTRYKE1225P45500;USDTRY_12/2025_AVRUPA_OPSIYON;D_CR;CRO;D_CR_EPO;DE_USDTRYK_EPO;D_USDTRYK;2025-12-31;1414.3;1401.5;0.91;0;0;0;0;0;0;0;0;0;0;0;;;;;
2025-10-16;O_USDTRYKE1225P46000;USDTRY_12/2025_AVRUPA_OPSIYON;D_CR;CRO;D_CR_EPO;DE_USDTRYK_EPO;D_USDTRYK;2025-12-31;1814.9;1798.3;0.92;0;0;0;0;0;0;0;0;0;0;0;;;;;
2025-10-16;O_VAKBNE1025C22.00;VAKBN_10/2025_AVRUPA_OPSIYON;D_EQ;SSO;D_EQ_ECP;DE_VAKBN_ECP;VAKBN.E;2025-10-31;1.27;1.28;-0.78;0;0;0;0;0;0;0;0;0;0;0;;;;;
2025-10-16;O_VAKBNE1025C22.50;VAKBN_10/2025_AVRUPA_OPSIYON;D_EQ;SSO;D_EQ_ECP;DE_VAKBN_ECP;VAKBN.E;2025-10-31;0.99;1.01;-1.98;0;0;0;0;0;0;0;0;0;0;0;;;;;
2025-10-16;O_VAKBNE1025C23.00;VAKBN_10/2025_AVRUPA_OPSIYON;D_EQ;SSO;D_EQ_ECP;DE_VAKBN_ECP;VAKBN.E;2025-10-31;0.75;0.77;-2.6;0;0;0;0;0;0;0;0;0;0;0;;;;;
2025-10-16;O_VAKBNE1025C23.50;VAKBN_10/2025_AVRUPA_OPSIYON;D_EQ;SSO;D_EQ_ECP;DE_VAKBN_ECP;VAKBN.E;2025-10-31;0.56;0.58;-3.45;0;0;0;0;0;0;0;0;0;0;0;;;;;
2025-10-16;O_VAKBNE1025C24.00;VAKBN_10/2025_AVRUPA_OPSIYON;D_EQ;SSO;D_EQ_ECP;DE_VAKBN_ECP;VAKBN.E;2025-10-31;0.41;0.43;-4.65;0;0;0;0;0;0;0;0;0;0;0;;;;;
2025-10-16;O_VAKBNE1025C24.50;VAKBN_10/2025_AVRUPA_OPSIYON;D_EQ;SSO;D_EQ_ECP;DE_VAKBN_ECP;VAKBN.E;2025-10-31;0.29;0.31;-6.45;0;0;0;0;0;0;0;0;0;50;0;;;;;
2025-10-16;O_VAKBNE1025C25.00;VAKBN_10/2025_AVRUPA_OPSIYON;D_EQ;SSO;D_EQ_ECP;DE_VAKBN_ECP;VAKBN.E;2025-10-31;0.2;0.22;-9.09;0;0;0;0;0;0;0;0;0;325;0;;;;;
2025-10-16;O_VAKBNE1025C26.00;VAKBN_10/2025_AVRUPA_OPSIYON;D_EQ;SSO;D_EQ_ECP;DE_VAKBN_ECP;VAKBN.E;2025-10-31;0.09;0.1;-10;0;0;0;0;0;0;0;0;0;378;0;;;;;
2025-10-16;O_VAKBNE1025C27.00;VAKBN_10/2025_AVRUPA_OPSIYON;D_EQ;SSO;D_EQ_ECP;DE_VAKBN_ECP;VAKBN.E;2025-10-31;0.04;0.04;0;0;0;0;0;0;0;0;0;0;1200;0;;;;;
2025-10-16;O_VAKBNE1025C28.00;VAKBN_10/2025_AVRUPA_OPSIYON;D_EQ;SSO;D_EQ_ECP;DE_VAKBN_ECP;VAKBN.E;2025-10-31;0.01;0.02;-50;0;0;0;0;0;0;0;0;0;1744;0;;;;;
2025-10-16;O_VAKBNE1025C29.00;VAKBN_10/2025_AVRUPA_OPSIYON;D_EQ;SSO;D_EQ_ECP;DE_VAKBN_ECP;VAKBN.E;2025-10-31;0.01;0.01;0;0;0;0;0;0;0;0;0;0;940;0;;;;;
2025-10-16;O_VAKBNE1025C30.00;VAKBN_10/2025_AVRUPA_OPSIYON;D_EQ;SSO;D_EQ_ECP;DE_VAKBN_ECP;VAKBN.E;2025-10-31;0.01;0.01;0;0;0;0;0;0;0;0;0;0;10;0;;;;;
2025-10-16;O_VAKBNE1025C31.00;VAKBN_10/2025_AVRUPA_OPSIYON;D_EQ;SSO;D_EQ_ECP;DE_VAKBN_ECP;VAKBN.E;2025-10-31;0.01;0.01;0;0;0;0;0;0;0;0;0;0;0;0;;;;;
2025-10-16;O_VAKBNE1025C32.00;VAKBN_10/2025_AVRUPA_OPSIYON;D_EQ;SSO;D_EQ_ECP;DE_VAKBN_ECP;VAKBN.E;2025-10-31;0.01;0.01;0;0;0;0;0;0;0;0;0;0;0;0;;;;;
2025-10-16;O_VAKBNE1025C33.00;VAKBN_10/2025_AVRUPA_OPSIYON;D_EQ;SSO;D_EQ_ECP;DE_VAKBN_ECP;VAKBN.E;2025-10-31;0.01;0.01;0;0;0;0;0;0;0;0;0;0;0;0;;;;;
2025-10-16;O_VAKBNE1025C34.00;VAKBN_10/2025_AVRUPA_OPSIYON;D_EQ;SSO;D_EQ_ECP;DE_VAKBN_ECP;VAKBN.E;2025-10-31;0.01;0.01;0;0;0;0;0;0;0;0;0;0;0;0;;;;;
2025-10-16;O_VAKBNE1025C35.00;VAKBN_10/2025_AVRUPA_OPSIYON;D_EQ;SSO;D_EQ_ECP;DE_VAKBN_ECP;VAKBN.E;2025-10-31;0.01;0.01;0;0;0;0;0;0;0;0;0;0;0;0;;;;;
2025-10-16;O_VAKBNE1025C36.00;VAKBN_10/2025_AVRUPA_OPSIYON;D_EQ;SSO;D_EQ_ECP;DE_VAKBN_ECP;VAKBN.E;2025-10-31;0.01;0.01;0;0;0;0;0;0;0;0;0;0;0;0;;;;;
2025-10-16;O_VAKBNE1025C37.00;VAKBN_10/2025_AVRUPA_OPSIYON;D_EQ;SSO;D_EQ_ECP;DE_VAKBN_ECP;VAKBN.E;2025-10-31;0.01;0.01;0;0;0;0;0;0;0;0;0;0;0;0;;;;;
2025-10-16;O_VAKBNE1025C38.00;VAKBN_10/2025_AVRUPA_OPSIYON;D_EQ;SSO;D_EQ_ECP;DE_VAKBN_ECP;VAKBN.E;2025-10-31;0.01;0.01;0;0;0;0;0;0;0;0;0;0;0;0;;;;;
2025-10-16;O_VAKBNE1025P19.50;VAKBN_10/2025_AVRUPA_OPSIYON;D_EQ;SSO;D_EQ_EPP;DE_VAKBN_EPP;VAKBN.E;2025-10-31;0.05;0.06;-16.67;0;0;0;0;0;0;0;0;0;0;0;;;;;
2025-10-16;O_VAKBNE1025P20.00;VAKBN_10/2025_AVRUPA_OPSIYON;D_EQ;SSO;D_EQ_EPP;DE_VAKBN_EPP;VAKBN.E;2025-10-31;0.09;0.1;-10;0;0;0;0;0;0;0;0;0;0;0;;;;;
2025-10-16;O_VAKBNE1025P20.50;VAKBN_10/2025_AVRUPA_OPSIYON;D_EQ;SSO;D_EQ_EPP;DE_VAKBN_EPP;VAKBN.E;2025-10-31;0.15;0.17;-11.76;0;0;0;0;0;0;0;0;0;0;0;;;;;
2025-10-16;O_VAKBNE1025P21.00;VAKBN_10/2025_AVRUPA_OPSIYON;D_EQ;SSO;D_EQ_EPP;DE_VAKBN_EPP;VAKBN.E;2025-10-31;0.24;0.27;-11.11;0;0;0;0;0;0;0;0;0;0;0;;;;;
2025-10-16;O_VAKBNE1025P21.50;VAKBN_10/2025_AVRUPA_OPSIYON;D_EQ;SSO;D_EQ_EPP;DE_VAKBN_EPP;VAKBN.E;2025-10-31;0.36;0.4;-10;0;0;0;0;0;0;0;0;0;0;0;;;;;
2025-10-16;O_VAKBNE1025P22.00;VAKBN_10/2025_AVRUPA_OPSIYON;D_EQ;SSO;D_EQ_EPP;DE_VAKBN_EPP;VAKBN.E;2025-10-31;0.53;0.58;-8.62;0;0;0;0;0;0;0;0;0;0;0;;;;;
2025-10-16;O_VAKBNE1025P22.50;VAKBN_10/2025_AVRUPA_OPSIYON;D_EQ;SSO;D_EQ_EPP;DE_VAKBN_EPP;VAKBN.E;2025-10-31;0.74;0.79;-6.33;0;0;0;0;0;0;0;0;0;0;0;;;;;
2025-10-16;O_VAKBNE1025P23.00;VAKBN_10/2025_AVRUPA_OPSIYON;D_EQ;SSO;D_EQ_EPP;DE_VAKBN_EPP;VAKBN.E;2025-10-31;1;1.05;-4.76;0;0;0;0;0;0;0;0;0;10;0;;;;;
2025-10-16;O_VAKBNE1025P23.50;VAKBN_10/2025_AVRUPA_OPSIYON;D_EQ;SSO;D_EQ_EPP;DE_VAKBN_EPP;VAKBN.E;2025-10-31;1.3;1.35;-3.7;0;0;0;0;0;0;0;0;0;0;0;;;;;
2025-10-16;O_VAKBNE1025P24.00;VAKBN_10/2025_AVRUPA_OPSIYON;D_EQ;SSO;D_EQ_EPP;DE_VAKBN_EPP;VAKBN.E;2025-10-31;1.63;1.69;-3.55;0;0;0;0;0;0;0;0;0;0;0;;;;;
2025-10-16;O_VAKBNE1025P24.50;VAKBN_10/2025_AVRUPA_OPSIYON;D_EQ;SSO;D_EQ_EPP;DE_VAKBN_EPP;VAKBN.E;2025-10-31;2.01;2.06;-2.43;0;0;0;0;0;0;0;0;0;0;0;;;;;
2025-10-16;O_VAKBNE1025P25.00;VAKBN_10/2025_AVRUPA_OPSIYON;D_EQ;SSO;D_EQ_EPP;DE_VAKBN_EPP;VAKBN.E;2025-10-31;2.41;2.46;-2.03;0;0;0;0;0;0;0;0;0;453;0;;;;;
2025-10-16;O_VAKBNE1025P26.00;VAKBN_10/2025_AVRUPA_OPSIYON;D_EQ;SSO;D_EQ_EPP;DE_VAKBN_EPP;VAKBN.E;2025-10-31;3.29;3.33;-1.2;0;0;0;0;0;0;0;0;0;2296;0;;;;;
2025-10-16;O_VAKBNE1025P27.00;VAKBN_10/2025_AVRUPA_OPSIYON;D_EQ;SSO;D_EQ_EPP;DE_VAKBN_EPP;VAKBN.E;2025-10-31;4.22;4.26;-0.94;0;0;0;0;0;0;0;0;0;2981;0;;;;;
2025-10-16;O_VAKBNE1025P28.00;VAKBN_10/2025_AVRUPA_OPSIYON;D_EQ;SSO;D_EQ_EPP;DE_VAKBN_EPP;VAKBN.E;2025-10-31;5.18;5.21;-0.58;0;0;0;0;0;0;0;0;0;250;0;;;;;
2025-10-16;O_VAKBNE1025P29.00;VAKBN_10/2025_AVRUPA_OPSIYON;D_EQ;SSO;D_EQ_EPP;DE_VAKBN_EPP;VAKBN.E;2025-10-31;6.16;6.19;-0.48;0;0;0;0;0;0;0;0;0;105;0;;;;;
2025-10-16;O_VAKBNE1025P30.00;VAKBN_10/2025_AVRUPA_OPSIYON;D_EQ;SSO;D_EQ_EPP;DE_VAKBN_EPP;VAKBN.E;2025-10-31;7.14;7.17;-0.42;0;0;0;0;0;0;0;0;0;50;0;;;;;
2025-10-16;O_VAKBNE1025P31.00;VAKBN_10/2025_AVRUPA_OPSIYON;D_EQ;SSO;D_EQ_EPP;DE_VAKBN_EPP;VAKBN.E;2025-10-31;8.12;8.15;-0.37;0;0;0;0;0;0;0;0;0;100;0;;;;;
2025-10-16;O_VAKBNE1025P32.00;VAKBN_10/2025_AVRUPA_OPSIYON;D_EQ;SSO;D_EQ_EPP;DE_VAKBN_EPP;VAKBN.E;2025-10-31;9.1;9.13;-0.33;0;0;0;0;0;0;0;0;0;20;0;;;;;
2025-10-16;O_VAKBNE1025P33.00;VAKBN_10/2025_AVRUPA_OPSIYON;D_EQ;SSO;D_EQ_EPP;DE_VAKBN_EPP;VAKBN.E;2025-10-31;10.09;10.11;-0.2;0;0;0;0;0;0;0;0;0;0;0;;;;;
2025-10-16;O_VAKBNE1125C22.50;VAKBN_11/2025_AVRUPA_OPSIYON;D_EQ;SSO;D_EQ_ECP;DE_VAKBN_ECP;VAKBN.E;2025-11-28;1.92;1.92;0;0;0;0;0;0;0;0;0;0;0;0;;;;;
2025-10-16;O_VAKBNE1125C23.00;VAKBN_11/2025_AVRUPA_OPSIYON;D_EQ;SSO;D_EQ_ECP;DE_VAKBN_ECP;VAKBN.E;2025-11-28;1.66;1.67;-0.6;0;0;0;0;0;0;0;0;0;0;0;;;;;
2025-10-16;O_VAKBNE1125C23.50;VAKBN_11/2025_AVRUPA_OPSIYON;D_EQ;SSO;D_EQ_ECP;DE_VAKBN_ECP;VAKBN.E;2025-11-28;1.43;1.44;-0.69;0;0;0;0;0;0;0;0;0;0;0;;;;;
2025-10-16;O_VAKBNE1125C24.00;VAKBN_11/2025_AVRUPA_OPSIYON;D_EQ;SSO;D_EQ_ECP;DE_VAKBN_ECP;VAKBN.E;2025-11-28;1.22;1.24;-1.61;0;0;0;0;0;0;0;0;0;0;0;;;;;
2025-10-16;O_VAKBNE1125C24.50;VAKBN_11/2025_AVRUPA_OPSIYON;D_EQ;SSO;D_EQ_ECP;DE_VAKBN_ECP;VAKBN.E;2025-11-28;1.04;1.05;-0.95;0;0;0;0;0;0;0;0;0;0;0;;;;;
2025-10-16;O_VAKBNE1125C25.00;VAKBN_11/2025_AVRUPA_OPSIYON;D_EQ;SSO;D_EQ_ECP;DE_VAKBN_ECP;VAKBN.E;2025-11-28;0.88;0.89;-1.12;0;0;0;0;0;0;0;0;0;11;0;;;;;
2025-10-16;O_VAKBNE1125C26.00;VAKBN_11/2025_AVRUPA_OPSIYON;D_EQ;SSO;D_EQ_ECP;DE_VAKBN_ECP;VAKBN.E;2025-11-28;0.62;0.63;-1.59;0;0;0;0;0;0;0;0;0;8;0;;;;;
2025-10-16;O_VAKBNE1125C27.00;VAKBN_11/2025_AVRUPA_OPSIYON;D_EQ;SSO;D_EQ_ECP;DE_VAKBN_ECP;VAKBN.E;2025-11-28;0.42;0.43;-2.33;0;0;0;0;0;0;0;0;0;238;0;;;;;
2025-10-16;O_VAKBNE1125C28.00;VAKBN_11/2025_AVRUPA_OPSIYON;D_EQ;SSO;D_EQ_ECP;DE_VAKBN_ECP;VAKBN.E;2025-11-28;0.28;0.29;-3.45;0;0;0;0;0;0;0;0;0;466;0;;;;;
2025-10-16;O_VAKBNE1125C29.00;VAKBN_11/2025_AVRUPA_OPSIYON;D_EQ;SSO;D_EQ_ECP;DE_VAKBN_ECP;VAKBN.E;2025-11-28;0.19;0.2;-5;0;0;0;0;0;0;0;0;0;233;0;;;;;
2025-10-16;O_VAKBNE1125C30.00;VAKBN_11/2025_AVRUPA_OPSIYON;D_EQ;SSO;D_EQ_ECP;DE_VAKBN_ECP;VAKBN.E;2025-11-28;0.12;0.13;-7.69;0;0;0;0;0;0;0;0;0;200;0;;;;;
2025-10-16;O_VAKBNE1125C31.00;VAKBN_11/2025_AVRUPA_OPSIYON;D_EQ;SSO;D_EQ_ECP;DE_VAKBN_ECP;VAKBN.E;2025-11-28;0.08;0.08;0;0;0;0;0;0;0;0;0;0;0;0;;;;;
2025-10-16;O_VAKBNE1125C32.00;VAKBN_11/2025_AVRUPA_OPSIYON;D_EQ;SSO;D_EQ_ECP;DE_VAKBN_ECP;VAKBN.E;2025-11-28;0.05;0.05;0;0;0;0;0;0;0;0;0;0;380;0;;;;;
2025-10-16;O_VAKBNE1125C33.00;VAKBN_11/2025_AVRUPA_OPSIYON;D_EQ;SSO;D_EQ_ECP;DE_VAKBN_ECP;VAKBN.E;2025-11-28;0.03;0.03;0;0;0;0;0;0;0;0;0;0;0;0;;;;;
2025-10-16;O_VAKBNE1125C34.00;VAKBN_11/2025_AVRUPA_OPSIYON;D_EQ;SSO;D_EQ_ECP;DE_VAKBN_ECP;VAKBN.E;2025-11-28;0.02;0.02;0;0;0;0;0;0;0;0;0;0;0;0;;;;;
2025-10-16;O_VAKBNE1125C35.00;VAKBN_11/2025_AVRUPA_OPSIYON;D_EQ;SSO;D_EQ_ECP;DE_VAKBN_ECP;VAKBN.E;2025-11-28;0.01;0.01;0;0;0;0;0;0;0;0;0;0;0;0;;;;;
2025-10-16;O_VAKBNE1125C36.00;VAKBN_11/2025_AVRUPA_OPSIYON;D_EQ;SSO;D_EQ_ECP;DE_VAKBN_ECP;VAKBN.E;2025-11-28;0.01;0.01;0;0;0;0;0;0;0;0;0;0;0;0;;;;;
2025-10-16;O_VAKBNE1125C37.00;VAKBN_11/2025_AVRUPA_OPSIYON;D_EQ;SSO;D_EQ_ECP;DE_VAKBN_ECP;VAKBN.E;2025-11-28;0.01;0.01;0;0;0;0;0;0;0;0;0;0;0;0;;;;;
2025-10-16;O_VAKBNE1125P20.00;VAKBN_11/2025_AVRUPA_OPSIYON;D_EQ;SSO;D_EQ_EPP;DE_VAKBN_EPP;VAKBN.E;2025-11-28;0.3;0.33;-9.09;0;0;0;0;0;0;0;0;0;0;0;;;;;
2025-10-16;O_VAKBNE1125P20.50;VAKBN_11/2025_AVRUPA_OPSIYON;D_EQ;SSO;D_EQ_EPP;DE_VAKBN_EPP;VAKBN.E;2025-11-28;0.4;0.43;-6.98;0;0;0;0;0;0;0;0;0;0;0;;;;;
2025-10-16;O_VAKBNE1125P21.00;VAKBN_11/2025_AVRUPA_OPSIYON;D_EQ;SSO;D_EQ_EPP;DE_VAKBN_EPP;VAKBN.E;2025-11-28;0.53;0.56;-5.36;0;0;0;0;0;0;0;0;0;0;0;;;;;
2025-10-16;O_VAKBNE1125P21.50;VAKBN_11/2025_AVRUPA_OPSIYON;D_EQ;SSO;D_EQ_EPP;DE_VAKBN_EPP;VAKBN.E;2025-11-28;0.67;0.71;-5.63;0;0;0;0;0;0;0;0;0;0;0;;;;;
2025-10-16;O_VAKBNE1125P22.00;VAKBN_11/2025_AVRUPA_OPSIYON;D_EQ;SSO;D_EQ_EPP;DE_VAKBN_EPP;VAKBN.E;2025-11-28;0.84;0.88;-4.55;0;0;0;0;0;0;0;0;0;0;0;;;;;
2025-10-16;O_VAKBNE1125P22.50;VAKBN_11/2025_AVRUPA_OPSIYON;D_EQ;SSO;D_EQ_EPP;DE_VAKBN_EPP;VAKBN.E;2025-11-28;1.04;1.08;-3.7;0;0;0;0;0;0;0;0;0;0;0;;;;;
2025-10-16;O_VAKBNE1125P23.00;VAKBN_11/2025_AVRUPA_OPSIYON;D_EQ;SSO;D_EQ_EPP;DE_VAKBN_EPP;VAKBN.E;2025-11-28;1.26;1.3;-3.08;0;0;0;0;0;0;0;0;0;0;0;;;;;
2025-10-16;O_VAKBNE1125P23.50;VAKBN_11/2025_AVRUPA_OPSIYON;D_EQ;SSO;D_EQ_EPP;DE_VAKBN_EPP;VAKBN.E;2025-11-28;1.5;1.55;-3.23;0;0;0;0;0;0;0;0;0;0;0;;;;;
2025-10-16;O_VAKBNE1125P24.00;VAKBN_11/2025_AVRUPA_OPSIYON;D_EQ;SSO;D_EQ_EPP;DE_VAKBN_EPP;VAKBN.E;2025-11-28;1.77;1.82;-2.75;0;0;0;0;0;0;0;0;0;0;0;;;;;
2025-10-16;O_VAKBNE1125P24.50;VAKBN_11/2025_AVRUPA_OPSIYON;D_EQ;SSO;D_EQ_EPP;DE_VAKBN_EPP;VAKBN.E;2025-11-28;2.07;2.12;-2.36;0;0;0;0;0;0;0;0;0;0;0;;;;;
2025-10-16;O_VAKBNE1125P25.00;VAKBN_11/2025_AVRUPA_OPSIYON;D_EQ;SSO;D_EQ_EPP;DE_VAKBN_EPP;VAKBN.E;2025-11-28;2.38;2.43;-2.06;0;0;0;0;0;0;0;0;0;1050;0;;;;;
2025-10-16;O_VAKBNE1125P26.00;VAKBN_11/2025_AVRUPA_OPSIYON;D_EQ;SSO;D_EQ_EPP;DE_VAKBN_EPP;VAKBN.E;2025-11-28;3.08;3.13;-1.6;0;0;0;0;0;0;0;0;0;3;0;;;;;
2025-10-16;O_VAKBNE1125P27.00;VAKBN_11/2025_AVRUPA_OPSIYON;D_EQ;SSO;D_EQ_EPP;DE_VAKBN_EPP;VAKBN.E;2025-11-28;3.84;3.89;-1.29;0;0;0;0;0;0;0;0;0;0;0;;;;;
2025-10-16;O_VAKBNE1125P28.00;VAKBN_11/2025_AVRUPA_OPSIYON;D_EQ;SSO;D_EQ_EPP;DE_VAKBN_EPP;VAKBN.E;2025-11-28;4.66;4.7;-0.85;0;0;0;0;0;0;0;0;0;100;0;;;;;
2025-10-16;O_VAKBNE1125P29.00;VAKBN_11/2025_AVRUPA_OPSIYON;D_EQ;SSO;D_EQ_EPP;DE_VAKBN_EPP;VAKBN.E;2025-11-28;5.52;5.56;-0.72;0;0;0;0;0;0;0;0;0;0;0;;;;;
2025-10-16;O_VAKBNE1125P30.00;VAKBN_11/2025_AVRUPA_OPSIYON;D_EQ;SSO;D_EQ_EPP;DE_VAKBN_EPP;VAKBN.E;2025-11-28;6.41;6.44;-0.47;0;0;0;0;0;0;0;0;0;200;0;;;;;
2025-10-16;O_VAKBNE1125P31.00;VAKBN_11/2025_AVRUPA_OPSIYON;D_EQ;SSO;D_EQ_EPP;DE_VAKBN_EPP;VAKBN.E;2025-11-28;7.32;7.35;-0.41;0;0;0;0;0;0;0;0;0;0;0;;;;;
2025-10-16;O_VAKBNE1125P32.00;VAKBN_11/2025_AVRUPA_OPSIYON;D_EQ;SSO;D_EQ_EPP;DE_VAKBN_EPP;VAKBN.E;2025-11-28;8.25;8.28;-0.36;0;0;0;0;0;0;0;0;0;0;0;;;;;
2025-10-16;O_VAKBNE1225C23.00;VAKBN_12/2025_AVRUPA_OPSIYON;D_EQ;SSO;D_EQ_ECP;DE_VAKBN_ECP;VAKBN.E;2025-12-31;2.72;2.73;-0.37;0;0;0;0;0;0;0;0;0;0;0;;;;;
2025-10-16;O_VAKBNE1225C23.50;VAKBN_12/2025_AVRUPA_OPSIYON;D_EQ;SSO;D_EQ_ECP;DE_VAKBN_ECP;VAKBN.E;2025-12-31;2.47;2.47;0;0;0;0;0;0;0;0;0;0;0;0;;;;;
2025-10-16;O_VAKBNE1225C24.00;VAKBN_12/2025_AVRUPA_OPSIYON;D_EQ;SSO;D_EQ_ECP;DE_VAKBN_ECP;VAKBN.E;2025-12-31;2.23;2.24;-0.45;0;0;0;0;0;0;0;0;0;0;0;;;;;
2025-10-16;O_VAKBNE1225C24.50;VAKBN_12/2025_AVRUPA_OPSIYON;D_EQ;SSO;D_EQ_ECP;DE_VAKBN_ECP;VAKBN.E;2025-12-31;2.01;2.02;-0.5;0;0;0;0;0;0;0;0;0;0;0;;;;;
2025-10-16;O_VAKBNE1225C25.00;VAKBN_12/2025_AVRUPA_OPSIYON;D_EQ;SSO;D_EQ_ECP;DE_VAKBN_ECP;VAKBN.E;2025-12-31;1.8;1.82;-1.1;0;0;0;0;0;0;0;0;0;0;0;;;;;
2025-10-16;O_VAKBNE1225C26.00;VAKBN_12/2025_AVRUPA_OPSIYON;D_EQ;SSO;D_EQ_ECP;DE_VAKBN_ECP;VAKBN.E;2025-12-31;1.44;1.46;-1.37;0;0;0;0;0;0;0;0;0;0;0;;;;;
2025-10-16;O_VAKBNE1225C27.00;VAKBN_12/2025_AVRUPA_OPSIYON;D_EQ;SSO;D_EQ_ECP;DE_VAKBN_ECP;VAKBN.E;2025-12-31;1.14;1.16;-1.72;0;0;0;0;0;0;0;0;0;0;0;;;;;
2025-10-16;O_VAKBNE1225C28.00;VAKBN_12/2025_AVRUPA_OPSIYON;D_EQ;SSO;D_EQ_ECP;DE_VAKBN_ECP;VAKBN.E;2025-12-31;0.9;0.91;-1.1;0;0;0;0;0;0;0;0;0;0;0;;;;;
2025-10-16;O_VAKBNE1225C29.00;VAKBN_12/2025_AVRUPA_OPSIYON;D_EQ;SSO;D_EQ_ECP;DE_VAKBN_ECP;VAKBN.E;2025-12-31;0.7;0.71;-1.41;0;0;0;0;0;0;0;0;0;0;0;;;;;
2025-10-16;O_VAKBNE1225C30.00;VAKBN_12/2025_AVRUPA_OPSIYON;D_EQ;SSO;D_EQ_ECP;DE_VAKBN_ECP;VAKBN.E;2025-12-31;0.54;0.55;-1.82;0;0;0;0;0;0;0;0;0;0;0;;;;;
2025-10-16;O_VAKBNE1225C31.00;VAKBN_12/2025_AVRUPA_OPSIYON;D_EQ;SSO;D_EQ_ECP;DE_VAKBN_ECP;VAKBN.E;2025-12-31;0.41;0.43;-4.65;0;0;0;0;0;0;0;0;0;0;0;;;;;
2025-10-16;O_VAKBNE1225C32.00;VAKBN_12/2025_AVRUPA_OPSIYON;D_EQ;SSO;D_EQ_ECP;DE_VAKBN_ECP;VAKBN.E;2025-12-31;0.31;0.33;-6.06;0;0;0;0;0;0;0;0;0;0;0;;;;;
2025-10-16;O_VAKBNE1225C33.00;VAKBN_12/2025_AVRUPA_OPSIYON;D_EQ;SSO;D_EQ_ECP;DE_VAKBN_ECP;VAKBN.E;2025-12-31;0.24;0.25;-4;0;0;0;0;0;0;0;0;0;0;0;;;;;
2025-10-16;O_VAKBNE1225C34.00;VAKBN_12/2025_AVRUPA_OPSIYON;D_EQ;SSO;D_EQ_ECP;DE_VAKBN_ECP;VAKBN.E;2025-12-31;0.18;0.19;-5.26;0;0;0;0;0;0;0;0;0;0;0;;;;;
2025-10-16;O_VAKBNE1225C35.00;VAKBN_12/2025_AVRUPA_OPSIYON;D_EQ;SSO;D_EQ_ECP;DE_VAKBN_ECP;VAKBN.E;2025-12-31;0.13;0.14;-7.14;0;0;0;0;0;0;0;0;0;0;0;;;;;
2025-10-16;O_VAKBNE1225P20.50;VAKBN_12/2025_AVRUPA_OPSIYON;D_EQ;SSO;D_EQ_EPP;DE_VAKBN_EPP;VAKBN.E;2025-12-31;0.49;0.52;-5.77;0;0;0;0;0;0;0;0;0;0;0;;;;;
2025-10-16;O_VAKBNE1225P21.00;VAKBN_12/2025_AVRUPA_OPSIYON;D_EQ;SSO;D_EQ_EPP;DE_VAKBN_EPP;VAKBN.E;2025-12-31;0.6;0.63;-4.76;0;0;0;0;0;0;0;0;0;0;0;;;;;
2025-10-16;O_VAKBNE1225P21.50;VAKBN_12/2025_AVRUPA_OPSIYON;D_EQ;SSO;D_EQ_EPP;DE_VAKBN_EPP;VAKBN.E;2025-12-31;0.73;0.76;-3.95;0;0;0;0;0;0;0;0;0;0;0;;;;;
2025-10-16;O_VAKBNE1225P22.00;VAKBN_12/2025_AVRUPA_OPSIYON;D_EQ;SSO;D_EQ_EPP;DE_VAKBN_EPP;VAKBN.E;2025-12-31;0.88;0.91;-3.3;0;0;0;0;0;0;0;0;0;0;0;;;;;
2025-10-16;O_VAKBNE1225P22.50;VAKBN_12/2025_AVRUPA_OPSIYON;D_EQ;SSO;D_EQ_EPP;DE_VAKBN_EPP;VAKBN.E;2025-12-31;1.04;1.08;-3.7;0;0;0;0;0;0;0;0;0;0;0;;;;;
2025-10-16;O_VAKBNE1225P23.00;VAKBN_12/2025_AVRUPA_OPSIYON;D_EQ;SSO;D_EQ_EPP;DE_VAKBN_EPP;VAKBN.E;2025-12-31;1.22;1.26;-3.17;0;0;0;0;0;0;0;0;0;0;0;;;;;
2025-10-16;O_VAKBNE1225P23.50;VAKBN_12/2025_AVRUPA_OPSIYON;D_EQ;SSO;D_EQ_EPP;DE_VAKBN_EPP;VAKBN.E;2025-12-31;1.42;1.46;-2.74;0;0;0;0;0;0;0;0;0;0;0;;;;;
2025-10-16;O_VAKBNE1225P24.00;VAKBN_12/2025_AVRUPA_OPSIYON;D_EQ;SSO;D_EQ_EPP;DE_VAKBN_EPP;VAKBN.E;2025-12-31;1.64;1.68;-2.38;0;0;0;0;0;0;0;0;0;0;0;;;;;
2025-10-16;O_VAKBNE1225P24.50;VAKBN_12/2025_AVRUPA_OPSIYON;D_EQ;SSO;D_EQ_EPP;DE_VAKBN_EPP;VAKBN.E;2025-12-31;1.87;1.91;-2.09;0;0;0;0;0;0;0;0;0;0;0;;;;;
2025-10-16;O_VAKBNE1225P25.00;VAKBN_12/2025_AVRUPA_OPSIYON;D_EQ;SSO;D_EQ_EPP;DE_VAKBN_EPP;VAKBN.E;2025-12-31;2.12;2.16;-1.85;0;0;0;0;0;0;0;0;0;0;0;;;;;
2025-10-16;O_VAKBNE1225P26.00;VAKBN_12/2025_AVRUPA_OPSIYON;D_EQ;SSO;D_EQ_EPP;DE_VAKBN_EPP;VAKBN.E;2025-12-31;2.67;2.71;-1.48;0;0;0;0;0;0;0;0;0;0;0;;;;;
2025-10-16;O_VAKBNE1225P27.00;VAKBN_12/2025_AVRUPA_OPSIYON;D_EQ;SSO;D_EQ_EPP;DE_VAKBN_EPP;VAKBN.E;2025-12-31;3.28;3.32;-1.2;0;0;0;0;0;0;0;0;0;0;0;;;;;
2025-10-16;O_VAKBNE1225P28.00;VAKBN_12/2025_AVRUPA_OPSIYON;D_EQ;SSO;D_EQ_EPP;DE_VAKBN_EPP;VAKBN.E;2025-12-31;3.94;3.99;-1.25;0;0;0;0;0;0;0;0;0;0;0;;;;;
2025-10-16;O_VAKBNE1225P29.00;VAKBN_12/2025_AVRUPA_OPSIYON;D_EQ;SSO;D_EQ_EPP;DE_VAKBN_EPP;VAKBN.E;2025-12-31;4.65;4.69;-0.85;0;0;0;0;0;0;0;0;0;0;0;;;;;
2025-10-16;O_VAKBNE1225P30.00;VAKBN_12/2025_AVRUPA_OPSIYON;D_EQ;SSO;D_EQ_EPP;DE_VAKBN_EPP;VAKBN.E;2025-12-31;5.4;5.44;-0.74;0;0;0;0;0;0;0;0;0;0;0;;;;;
2025-10-16;O_XU030E0226C12000.00;BIST 30_02/2026_AVRUPA_OPSIYON;D_IX;INO;D_IX_ECO;DE_BIST30_ECO;D_XU030D;2026-02-27;1060.78;1141.9;-7.1;0;0;0;0;0;0;0;0;0;0;0;;;;;
2025-10-16;O_XU030E0226C12250.00;BIST 30_02/2026_AVRUPA_OPSIYON;D_IX;INO;D_IX_ECO;DE_BIST30_ECO;D_XU030D;2026-02-27;911.24;987.79;-7.75;0;0;0;0;0;0;0;0;0;0;0;;;;;
2025-10-16;O_XU030E0226C12500.00;BIST 30_02/2026_AVRUPA_OPSIYON;D_IX;INO;D_IX_ECO;DE_BIST30_ECO;D_XU030D;2026-02-27;815.11;854.15;-4.57;0;0;0;0;0;0;0;0;0;10;0;;;;;
2025-10-16;O_XU030E0226C12750.00;BIST 30_02/2026_AVRUPA_OPSIYON;D_IX;INO;D_IX_ECO;DE_BIST30_ECO;D_XU030D;2026-02-27;742.56;772.8;-3.91;0;0;0;0;0;0;0;0;0;0;0;;;;;
2025-10-16;O_XU030E0226C13000.00;BIST 30_02/2026_AVRUPA_OPSIYON;D_IX;INO;D_IX_ECO;DE_BIST30_ECO;D_XU030D;2026-02-27;673.48;700.75;-3.89;0;0;0;0;0;0;0;0;0;7;0;;;;;
2025-10-16;O_XU030E0226C13250.00;BIST 30_02/2026_AVRUPA_OPSIYON;D_IX;INO;D_IX_ECO;DE_BIST30_ECO;D_XU030D;2026-02-27;593.16;625.45;-5.16;0;0;0;0;0;0;0;0;0;10;0;;;;;
2025-10-16;O_XU030E0226C13500.00;BIST 30_02/2026_AVRUPA_OPSIYON;D_IX;INO;D_IX_ECO;DE_BIST30_ECO;D_XU030D;2026-02-27;520.72;550.57;-5.42;0;0;0;0;0;0;0;0;0;8;0;;;;;
2025-10-16;O_XU030E0226C13750.00;BIST 30_02/2026_AVRUPA_OPSIYON;D_IX;INO;D_IX_ECO;DE_BIST30_ECO;D_XU030D;2026-02-27;454.59;483.28;-5.94;0;0;0;0;0;0;0;0;0;300;0;;;;;
2025-10-16;O_XU030E0226C14000.00;BIST 30_02/2026_AVRUPA_OPSIYON;D_IX;INO;D_IX_ECO;DE_BIST30_ECO;D_XU030D;2026-02-27;393.83;421.41;-6.54;0;0;0;0;0;0;0;0;0;11;0;;;;;
2025-10-16;O_XU030E0226C14250.00;BIST 30_02/2026_AVRUPA_OPSIYON;D_IX;INO;D_IX_ECO;DE_BIST30_ECO;D_XU030D;2026-02-27;339.73;366.22;-7.23;0;0;0;0;0;0;0;0;0;0;0;;;;;
2025-10-16;O_XU030E0226C14500.00;BIST 30_02/2026_AVRUPA_OPSIYON;D_IX;INO;D_IX_ECO;DE_BIST30_ECO;D_XU030D;2026-02-27;291.79;317.22;-8.02;0;0;0;0;0;0;0;0;0;0;0;;;;;
2025-10-16;O_XU030E0226C14750.00;BIST 30_02/2026_AVRUPA_OPSIYON;D_IX;INO;D_IX_ECO;DE_BIST30_ECO;D_XU030D;2026-02-27;249.53;273.9;-8.9;0;0;0;0;0;0;0;0;0;8;0;;;;;
2025-10-16;O_XU030E0226C15000.00;BIST 30_02/2026_AVRUPA_OPSIYON;D_IX;INO;D_IX_ECO;DE_BIST30_ECO;D_XU030D;2026-02-27;212.47;235.76;-9.88;0;0;0;0;0;0;0;0;0;63;0;;;;;
2025-10-16;O_XU030E0226C15250.00;BIST 30_02/2026_AVRUPA_OPSIYON;D_IX;INO;D_IX_ECO;DE_BIST30_ECO;D_XU030D;2026-02-27;180.13;202.31;-10.96;138.75;138.75;138.75;138.75;138.75;1525000;13875;10;1;25;10;;;;;
2025-10-16;O_XU030E0226C15500.00;BIST 30_02/2026_AVRUPA_OPSIYON;D_IX;INO;D_IX_ECO;DE_BIST30_ECO;D_XU030D;2026-02-27;152.05;173.1;-12.16;109.25;109.25;109.25;109.25;109.25;1550000;10925;10;1;31;10;;;;;
2025-10-16;O_XU030E0226C15750.00;BIST 30_02/2026_AVRUPA_OPSIYON;D_IX;INO;D_IX_ECO;DE_BIST30_ECO;D_XU030D;2026-02-27;127.79;147.68;-13.47;0;0;0;0;0;0;0;0;0;4;0;;;;;
2025-10-16;O_XU030E0226C16000.00;BIST 30_02/2026_AVRUPA_OPSIYON;D_IX;INO;D_IX_ECO;DE_BIST30_ECO;D_XU030D;2026-02-27;106.93;125.64;-14.89;0;0;0;0;0;0;0;0;0;6;0;;;;;
2025-10-16;O_XU030E0226C16250.00;BIST 30_02/2026_AVRUPA_OPSIYON;D_IX;INO;D_IX_ECO;DE_BIST30_ECO;D_XU030D;2026-02-27;89.09;106.6;-16.43;0;0;0;0;0;0;0;0;0;5;0;;;;;
2025-10-16;O_XU030E0226C16500.00;BIST 30_02/2026_AVRUPA_OPSIYON;D_IX;INO;D_IX_ECO;DE_BIST30_ECO;D_XU030D;2026-02-27;73.9;90.2;-18.07;0;0;0;0;0;0;0;0;0;11;0;;;;;
2025-10-16;O_XU030E0226P10500.00;BIST 30_02/2026_AVRUPA_OPSIYON;D_IX;INO;D_IX_EPO;DE_BIST30_EPO;D_XU030D;2026-02-27;346.58;337.45;2.71;0;0;0;0;0;0;0;0;0;10;0;;;;;
2025-10-16;O_XU030E0226P10750.00;BIST 30_02/2026_AVRUPA_OPSIYON;D_IX;INO;D_IX_EPO;DE_BIST30_EPO;D_XU030D;2026-02-27;387.52;376.21;3.01;0;0;0;0;0;0;0;0;0;0;0;;;;;
2025-10-16;O_XU030E0226P11000.00;BIST 30_02/2026_AVRUPA_OPSIYON;D_IX;INO;D_IX_EPO;DE_BIST30_EPO;D_XU030D;2026-02-27;432.9;419.08;3.3;0;0;0;0;0;0;0;0;0;0;0;;;;;
2025-10-16;O_XU030E0226P11250.00;BIST 30_02/2026_AVRUPA_OPSIYON;D_IX;INO;D_IX_EPO;DE_BIST30_EPO;D_XU030D;2026-02-27;483.25;466.55;3.58;434.5;434.5;434.5;434.5;434.5;337500;13035;3;1;3;3;;;;;
2025-10-16;O_XU030E0226P11500.00;BIST 30_02/2026_AVRUPA_OPSIYON;D_IX;INO;D_IX_EPO;DE_BIST30_EPO;D_XU030D;2026-02-27;539.15;519.17;3.85;493.5;493.5;493.5;493.5;493.5;230000;9870;2;1;100;0;;;;;
2025-10-16;O_XU030E0226P11750.00;BIST 30_02/2026_AVRUPA_OPSIYON;D_IX;INO;D_IX_EPO;DE_BIST30_EPO;D_XU030D;2026-02-27;601.28;577.57;4.11;553.25;553.25;553.25;553.25;553.25;587500;27662.5;5;1;120;0;;;;;
2025-10-16;O_XU030E0226P12000.00;BIST 30_02/2026_AVRUPA_OPSIYON;D_IX;INO;D_IX_EPO;DE_BIST30_EPO;D_XU030D;2026-02-27;670.36;642.44;4.35;0;0;0;0;0;0;0;0;0;50;0;;;;;
2025-10-16;O_XU030E0226P12250.00;BIST 30_02/2026_AVRUPA_OPSIYON;D_IX;INO;D_IX_EPO;DE_BIST30_EPO;D_XU030D;2026-02-27;747.22;714.57;4.57;0;0;0;0;0;0;0;0;0;157;0;;;;;
2025-10-16;O_XU030E0226P12500.00;BIST 30_02/2026_AVRUPA_OPSIYON;D_IX;INO;D_IX_EPO;DE_BIST30_EPO;D_XU030D;2026-02-27;877.5;807.16;8.71;0;0;0;0;0;0;0;0;0;250;0;;;;;
2025-10-16;O_XU030E0226P12750.00;BIST 30_02/2026_AVRUPA_OPSIYON;D_IX;INO;D_IX_EPO;DE_BIST30_EPO;D_XU030D;2026-02-27;1031.35;952.06;8.33;0;0;0;0;0;0;0;0;0;0;0;;;;;
2025-10-16;O_XU030E0226P13000.00;BIST 30_02/2026_AVRUPA_OPSIYON;D_IX;INO;D_IX_EPO;DE_BIST30_EPO;D_XU030D;2026-02-27;1188.68;1106.25;7.45;0;0;0;0;0;0;0;0;0;1;0;;;;;
2025-10-16;O_XU030E0226P13250.00;BIST 30_02/2026_AVRUPA_OPSIYON;D_IX;INO;D_IX_EPO;DE_BIST30_EPO;D_XU030D;2026-02-27;1334.77;1257.19;6.17;0;0;0;0;0;0;0;0;0;0;0;;;;;
2025-10-16;O_XU030E0226P13500.00;BIST 30_02/2026_AVRUPA_OPSIYON;D_IX;INO;D_IX_EPO;DE_BIST30_EPO;D_XU030D;2026-02-27;1488.74;1408.54;5.69;0;0;0;0;0;0;0;0;0;0;0;;;;;
2025-10-16;O_XU030E0226P13750.00;BIST 30_02/2026_AVRUPA_OPSIYON;D_IX;INO;D_IX_EPO;DE_BIST30_EPO;D_XU030D;2026-02-27;1649.01;1567.5;5.2;0;0;0;0;0;0;0;0;0;0;0;;;;;
2025-10-16;O_XU030E0226P14000.00;BIST 30_02/2026_AVRUPA_OPSIYON;D_IX;INO;D_IX_EPO;DE_BIST30_EPO;D_XU030D;2026-02-27;1814.67;1731.87;4.78;0;0;0;0;0;0;0;0;0;0;0;;;;;
2025-10-16;O_XU030E0226P14250.00;BIST 30_02/2026_AVRUPA_OPSIYON;D_IX;INO;D_IX_EPO;DE_BIST30_EPO;D_XU030D;2026-02-27;1986.97;1902.92;4.42;0;0;0;0;0;0;0;0;0;0;0;;;;;
2025-10-16;O_XU030E0226P14500.00;BIST 30_02/2026_AVRUPA_OPSIYON;D_IX;INO;D_IX_EPO;DE_BIST30_EPO;D_XU030D;2026-02-27;2165.44;2080.16;4.1;0;0;0;0;0;0;0;0;0;0;0;;;;;
2025-10-16;O_XU030E0226P14750.00;BIST 30_02/2026_AVRUPA_OPSIYON;D_IX;INO;D_IX_EPO;DE_BIST30_EPO;D_XU030D;2026-02-27;2349.59;2263.08;3.82;0;0;0;0;0;0;0;0;0;0;0;;;;;
2025-10-16;O_XU030E0226P15000.00;BIST 30_02/2026_AVRUPA_OPSIYON;D_IX;INO;D_IX_EPO;DE_BIST30_EPO;D_XU030D;2026-02-27;2538.94;2451.18;3.58;0;0;0;0;0;0;0;0;0;25;0;;;;;
2025-10-16;O_XU030E1025C11000.00;BIST 30_10/2025_AVRUPA_OPSIYON;D_IX;INO;D_IX_ECO;DE_BIST30_ECO;D_XU030D;2025-10-31;564.8;653.93;-13.63;690.75;659.76;690.75;659.76;680.12;8470000;523693.9;77;9;160;-76;;;;;
2025-10-16;O_XU030E1025C11250.00;BIST 30_10/2025_AVRUPA_OPSIYON;D_IX;INO;D_IX_ECO;DE_BIST30_ECO;D_XU030D;2025-10-31;411.35;489.8;-16.02;505.25;366.26;516.9;374.65;433.18;10125000;389862.6;90;18;94;55;;;;;
2025-10-16;O_XU030E1025C11500.00;BIST 30_10/2025_AVRUPA_OPSIYON;D_IX;INO;D_IX_ECO;DE_BIST30_ECO;D_XU030D;2025-10-31;287.25;353.33;-18.7;298.5;268.46;361;268.46;321.14;10810000;301867.3;94;13;399;45;;;;;
2025-10-16;O_XU030E1025C11750.00;BIST 30_10/2025_AVRUPA_OPSIYON;D_IX;INO;D_IX_ECO;DE_BIST30_ECO;D_XU030D;2025-10-31;191.97;245.02;-21.65;227;165.25;229.75;165.25;203.85;30197500;523901.5;257;27;403;135;;;;;
2025-10-16;O_XU030E1025C12000.00;BIST 30_10/2025_AVRUPA_OPSIYON;D_IX;INO;D_IX_ECO;DE_BIST30_ECO;D_XU030D;2025-10-31;122.64;163.13;-24.82;112;111.62;150.27;131;128.73;36120000;387481.9;301;29;1193;215;;;;;
2025-10-16;O_XU030E1025C12250.00;BIST 30_10/2025_AVRUPA_OPSIYON;D_IX;INO;D_IX_ECO;DE_BIST30_ECO;D_XU030D;2025-10-31;76.46;105.01;-27.19;84.75;51;84.75;51;69.32;3307500;18717.5;27;7;433;-27;;;;;
2025-10-16;O_XU030E1025C12500.00;BIST 30_10/2025_AVRUPA_OPSIYON;D_IX;INO;D_IX_ECO;DE_BIST30_ECO;D_XU030D;2025-10-31;46.14;66.1;-30.2;0;0;0;0;0;0;0;0;0;1193;0;;;;;
2025-10-16;O_XU030E1025C12750.00;BIST 30_10/2025_AVRUPA_OPSIYON;D_IX;INO;D_IX_ECO;DE_BIST30_ECO;D_XU030D;2025-10-31;26.99;40.4;-33.19;0;0;0;0;0;0;0;0;0;953;0;;;;;
2025-10-16;O_XU030E1025C13000.00;BIST 30_10/2025_AVRUPA_OPSIYON;D_IX;INO;D_IX_ECO;DE_BIST30_ECO;D_XU030D;2025-10-31;15.35;24.04;-36.15;20;20;20;20;20;13780000;21200;106;6;2430;-106;;;;;
2025-10-16;O_XU030E1025C13250.00;BIST 30_10/2025_AVRUPA_OPSIYON;D_IX;INO;D_IX_ECO;DE_BIST30_ECO;D_XU030D;2025-10-31;8.51;13.97;-39.08;24;24;24;24;24;26500000;48000;200;1;647;0;;;;;
2025-10-16;O_XU030E1025C13500.00;BIST 30_10/2025_AVRUPA_OPSIYON;D_IX;INO;D_IX_ECO;DE_BIST30_ECO;D_XU030D;2025-10-31;4.61;7.94;-41.94;2;2;2;2;2;13500000;2000;100;1;1136;-100;;;;;
2025-10-16;O_XU030E1025C13750.00;BIST 30_10/2025_AVRUPA_OPSIYON;D_IX;INO;D_IX_ECO;DE_BIST30_ECO;D_XU030D;2025-10-31;2.45;4.43;-44.7;7;6;7;6;6.5;275000;130;2;2;1211;-2;;;;;
2025-10-16;O_XU030E1025C14000.00;BIST 30_10/2025_AVRUPA_OPSIYON;D_IX;INO;D_IX_ECO;DE_BIST30_ECO;D_XU030D;2025-10-31;1.28;2.43;-47.33;0;0;0;0;0;0;0;0;0;1307;0;;;;;
2025-10-16;O_XU030E1025C14250.00;BIST 30_10/2025_AVRUPA_OPSIYON;D_IX;INO;D_IX_ECO;DE_BIST30_ECO;D_XU030D;2025-10-31;0.66;1.31;-49.62;0;0;0;0;0;0;0;0;0;496;0;;;;;
2025-10-16;O_XU030E1025C14500.00;BIST 30_10/2025_AVRUPA_OPSIYON;D_IX;INO;D_IX_ECO;DE_BIST30_ECO;D_XU030D;2025-10-31;0.33;0.7;-52.86;0;0;0;0;0;0;0;0;0;925;0;;;;;
2025-10-16;O_XU030E1025C14750.00;BIST 30_10/2025_AVRUPA_OPSIYON;D_IX;INO;D_IX_ECO;DE_BIST30_ECO;D_XU030D;2025-10-31;0.17;0.37;-54.05;0;0;0;0;0;0;0;0;0;484;0;;;;;
2025-10-16;O_XU030E1025C15000.00;BIST 30_10/2025_AVRUPA_OPSIYON;D_IX;INO;D_IX_ECO;DE_BIST30_ECO;D_XU030D;2025-10-31;0.08;0.19;-57.89;0;0;0;0;0;0;0;0;0;1185;0;;;;;
2025-10-16;O_XU030E1025C15250.00;BIST 30_10/2025_AVRUPA_OPSIYON;D_IX;INO;D_IX_ECO;DE_BIST30_ECO;D_XU030D;2025-10-31;0.04;0.1;-60;0;0;0;0;0;0;0;0;0;153;0;;;;;
2025-10-16;O_XU030E1025C15500.00;BIST 30_10/2025_AVRUPA_OPSIYON;D_IX;INO;D_IX_ECO;DE_BIST30_ECO;D_XU030D;2025-10-31;0.02;0.05;-60;0;0;0;0;0;0;0;0;0;431;0;;;;;
2025-10-16;O_XU030E1025P10000.00;BIST 30_10/2025_AVRUPA_OPSIYON;D_IX;INO;D_IX_EPO;DE_BIST30_EPO;D_XU030D;2025-10-31;21.09;20.28;3.99;0;0;0;0;0;0;0;0;0;125;0;;;;;
2025-10-16;O_XU030E1025P10250.00;BIST 30_10/2025_AVRUPA_OPSIYON;D_IX;INO;D_IX_EPO;DE_BIST30_EPO;D_XU030D;2025-10-31;36.07;33.89;6.43;0;0;0;0;0;0;0;0;0;135;0;;;;;
2025-10-16;O_XU030E1025P10500.00;BIST 30_10/2025_AVRUPA_OPSIYON;D_IX;INO;D_IX_EPO;DE_BIST30_EPO;D_XU030D;2025-10-31;60.07;55.32;8.59;0;0;0;0;0;0;0;0;0;261;0;;;;;
2025-10-16;O_XU030E1025P10750.00;BIST 30_10/2025_AVRUPA_OPSIYON;D_IX;INO;D_IX_EPO;DE_BIST30_EPO;D_XU030D;2025-10-31;97.27;88.11;10.4;0;0;0;0;0;0;0;0;0;457;0;;;;;
2025-10-16;O_XU030E1025P11000.00;BIST 30_10/2025_AVRUPA_OPSIYON;D_IX;INO;D_IX_EPO;DE_BIST30_EPO;D_XU030D;2025-10-31;158.63;136.95;15.83;102;102;140.5;140.5;126.6;3960000;45575;36;5;1080;23;;;;;
2025-10-16;O_XU030E1025P11250.00;BIST 30_10/2025_AVRUPA_OPSIYON;D_IX;INO;D_IX_EPO;DE_BIST30_EPO;D_XU030D;2025-10-31;251.81;219.23;14.86;235.77;235.77;250.94;246.75;247.81;9112500;200727.7;81;18;741;81;;;;;
2025-10-16;O_XU030E1025P11500.00;BIST 30_10/2025_AVRUPA_OPSIYON;D_IX;INO;D_IX_EPO;DE_BIST30_EPO;D_XU030D;2025-10-31;374.35;329.17;13.73;325.32;256.75;342.54;342.28;311.33;8165000;221041.4;71;13;913;-11;;;;;
2025-10-16;O_XU030E1025P11750.00;BIST 30_10/2025_AVRUPA_OPSIYON;D_IX;INO;D_IX_EPO;DE_BIST30_EPO;D_XU030D;2025-10-31;525.7;467.27;12.5;395;395;514.77;511.85;458.91;4347500;169797.7;37;8;751;19;;;;;
2025-10-16;O_XU030E1025P12000.00;BIST 30_10/2025_AVRUPA_OPSIYON;D_IX;INO;D_IX_EPO;DE_BIST30_EPO;D_XU030D;2025-10-31;703;631.79;11.27;543;543;708.75;708.75;625.88;3120000;162727.5;26;4;1127;-26;;;;;
2025-10-16;O_XU030E1025P12250.00;BIST 30_10/2025_AVRUPA_OPSIYON;D_IX;INO;D_IX_EPO;DE_BIST30_EPO;D_XU030D;2025-10-31;903.45;820.08;10.17;850.37;850.37;850.37;850.37;850.37;122500;8503.7;1;1;1286;0;;;;;
2025-10-16;O_XU030E1025P12500.00;BIST 30_10/2025_AVRUPA_OPSIYON;D_IX;INO;D_IX_EPO;DE_BIST30_EPO;D_XU030D;2025-10-31;1119.76;1027.58;8.97;1100;1100;1100;1100;1100;125000;11000;1;1;2484;-1;;;;;
2025-10-16;O_XU030E1025P12750.00;BIST 30_10/2025_AVRUPA_OPSIYON;D_IX;INO;D_IX_EPO;DE_BIST30_EPO;D_XU030D;2025-10-31;1347.25;1248.29;7.93;1331.99;1331.99;1350;1350;1333.41;9307500;973392.8;73;10;454;-72;;;;;
2025-10-16;O_XU030E1025P13000.00;BIST 30_10/2025_AVRUPA_OPSIYON;D_IX;INO;D_IX_EPO;DE_BIST30_EPO;D_XU030D;2025-10-31;1582.24;1478.34;7.03;1554.19;1545.99;1622.79;1622.79;1580.28;19370000;2354623.2;149;20;747;0;;;;;
2025-10-16;O_XU030E1025P13250.00;BIST 30_10/2025_AVRUPA_OPSIYON;D_IX;INO;D_IX_EPO;DE_BIST30_EPO;D_XU030D;2025-10-31;1822.03;1714.67;6.26;1812.99;1800.99;1836.99;1836.99;1812.62;14840000;2030128.9;112;23;269;0;;;;;
2025-10-16;O_XU030E1025P13500.00;BIST 30_10/2025_AVRUPA_OPSIYON;D_IX;INO;D_IX_EPO;DE_BIST30_EPO;D_XU030D;2025-10-31;2064.76;1955.06;5.61;0;0;0;0;0;0;0;0;0;60;0;;;;;
2025-10-16;O_XU030E1025P13750.00;BIST 30_10/2025_AVRUPA_OPSIYON;D_IX;INO;D_IX_EPO;DE_BIST30_EPO;D_XU030D;2025-10-31;2309.24;2197.95;5.06;0;0;0;0;0;0;0;0;0;384;0;;;;;
2025-10-16;O_XU030E1025P14000.00;BIST 30_10/2025_AVRUPA_OPSIYON;D_IX;INO;D_IX_EPO;DE_BIST30_EPO;D_XU030D;2025-10-31;2554.7;2442.36;4.6;0;0;0;0;0;0;0;0;0;170;0;;;;;
2025-10-16;O_XU030E1025P9800.00;BIST 30_10/2025_AVRUPA_OPSIYON;D_IX;INO;D_IX_EPO;DE_BIST30_EPO;D_XU030D;2025-10-31;13.48;13.23;1.89;0;0;0;0;0;0;0;0;0;25;0;;;;;
2025-10-16;O_XU030E1025P9900.00;BIST 30_10/2025_AVRUPA_OPSIYON;D_IX;INO;D_IX_EPO;DE_BIST30_EPO;D_XU030D;2025-10-31;16.89;16.41;2.93;0;0;0;0;0;0;0;0;0;186;0;;;;;
2025-10-16;O_XU030E1225C11500.00;BIST 30_12/2025_AVRUPA_OPSIYON;D_IX;INO;D_IX_ECO;DE_BIST30_ECO;D_XU030D;2025-12-31;945.55;1026.27;-7.87;1035.25;913.75;1059.25;922;996.58;12305000;1066340;107;19;126;15;;;;;
2025-10-16;O_XU030E1225C11750.00;BIST 30_12/2025_AVRUPA_OPSIYON;D_IX;INO;D_IX_ECO;DE_BIST30_ECO;D_XU030D;2025-12-31;808.25;869.88;-7.08;896;775.25;910.83;782.5;851.31;15392500;1115215.6;131;17;212;40;;;;;
2025-10-16;O_XU030E1225C12000.00;BIST 30_12/2025_AVRUPA_OPSIYON;D_IX;INO;D_IX_ECO;DE_BIST30_ECO;D_XU030D;2025-12-31;692.06;747.89;-7.47;749.5;660.1;768.25;660.1;716.83;14520000;867370;121;16;244;90;;;;;
2025-10-16;O_XU030E1225C12250.00;BIST 30_12/2025_AVRUPA_OPSIYON;D_IX;INO;D_IX_ECO;DE_BIST30_ECO;D_XU030D;2025-12-31;588.42;638.43;-7.83;629;580.5;629;580.5;600.35;4777500;234135;39;6;75;16;;;;;
2025-10-16;O_XU030E1225C12500.00;BIST 30_12/2025_AVRUPA_OPSIYON;D_IX;INO;D_IX_ECO;DE_BIST30_ECO;D_XU030D;2025-12-31;497.32;541.83;-8.21;520.5;478.25;520.5;478.25;495.45;4875000;193225;39;6;259;16;;;;;
2025-10-16;O_XU030E1225C12750.00;BIST 30_12/2025_AVRUPA_OPSIYON;D_IX;INO;D_IX_ECO;DE_BIST30_ECO;D_XU030D;2025-12-31;417.52;457.14;-8.67;423.5;377.25;431.76;377.25;400.97;8287500;260633.7;65;9;364;53;;;;;
2025-10-16;O_XU030E1225C13000.00;BIST 30_12/2025_AVRUPA_OPSIYON;D_IX;INO;D_IX_ECO;DE_BIST30_ECO;D_XU030D;2025-12-31;350.98;384.14;-8.63;345.5;345.5;345.5;345.5;345.5;1690000;44915;13;2;176;13;;;;;
2025-10-16;O_XU030E1225C13250.00;BIST 30_12/2025_AVRUPA_OPSIYON;D_IX;INO;D_IX_ECO;DE_BIST30_ECO;D_XU030D;2025-12-31;294.81;324.45;-9.14;248.5;248.5;278;278;269.81;2385000;48565;18;4;349;13;;;;;
2025-10-16;O_XU030E1225C13500.00;BIST 30_12/2025_AVRUPA_OPSIYON;D_IX;INO;D_IX_ECO;DE_BIST30_ECO;D_XU030D;2025-12-31;246.84;273.29;-9.68;220.25;180.5;222;180.5;208.3;8910000;137475;66;10;63;0;;;;;
2025-10-16;O_XU030E1225C13750.00;BIST 30_12/2025_AVRUPA_OPSIYON;D_IX;INO;D_IX_ECO;DE_BIST30_ECO;D_XU030D;2025-12-31;206.1;229.67;-10.26;175;143.25;179;143.25;166.72;8525000;103367.5;62;9;225;36;;;;;
2025-10-16;O_XU030E1225C14000.00;BIST 30_12/2025_AVRUPA_OPSIYON;D_IX;INO;D_IX_ECO;DE_BIST30_ECO;D_XU030D;2025-12-31;171.67;192.65;-10.89;138;113.5;138;117.5;121.75;5040000;43830;36;5;131;0;;;;;
2025-10-16;O_XU030E1225C14250.00;BIST 30_12/2025_AVRUPA_OPSIYON;D_IX;INO;D_IX_ECO;DE_BIST30_ECO;D_XU030D;2025-12-31;142.69;161.35;-11.56;110;96.25;110;96.25;105.56;5700000;42225;40;6;261;10;;;;;
2025-10-16;O_XU030E1225C14500.00;BIST 30_12/2025_AVRUPA_OPSIYON;D_IX;INO;D_IX_ECO;DE_BIST30_ECO;D_XU030D;2025-12-31;118.41;134.97;-12.27;87.25;87.25;87.25;87.25;87.25;1450000;8725;10;1;220;0;;;;;
2025-10-16;O_XU030E1225C14750.00;BIST 30_12/2025_AVRUPA_OPSIYON;D_IX;INO;D_IX_ECO;DE_BIST30_ECO;D_XU030D;2025-12-31;98.12;112.82;-13.03;68.75;65.75;70;65.75;68.13;2950000;13625;20;3;229;0;;;;;
2025-10-16;O_XU030E1225C15000.00;BIST 30_12/2025_AVRUPA_OPSIYON;D_IX;INO;D_IX_ECO;DE_BIST30_ECO;D_XU030D;2025-12-31;81.22;94.26;-13.83;0;0;0;0;0;0;0;0;0;156;0;;;;;
2025-10-16;O_XU030E1225C15250.00;BIST 30_12/2025_AVRUPA_OPSIYON;D_IX;INO;D_IX_ECO;DE_BIST30_ECO;D_XU030D;2025-12-31;67.18;78.73;-14.67;0;0;0;0;0;0;0;0;0;419;0;;;;;
2025-10-16;O_XU030E1225C15500.00;BIST 30_12/2025_AVRUPA_OPSIYON;D_IX;INO;D_IX_ECO;DE_BIST30_ECO;D_XU030D;2025-12-31;55.54;65.77;-15.55;0;0;0;0;0;0;0;0;0;35;0;;;;;
2025-10-16;O_XU030E1225C15750.00;BIST 30_12/2025_AVRUPA_OPSIYON;D_IX;INO;D_IX_ECO;DE_BIST30_ECO;D_XU030D;2025-12-31;45.9;54.96;-16.48;0;0;0;0;0;0;0;0;0;68;0;;;;;
2025-10-16;O_XU030E1225C16000.00;BIST 30_12/2025_AVRUPA_OPSIYON;D_IX;INO;D_IX_ECO;DE_BIST30_ECO;D_XU030D;2025-12-31;37.94;45.96;-17.45;0;0;0;0;0;0;0;0;0;65;0;;;;;
2025-10-16;O_XU030E1225C16250.00;BIST 30_12/2025_AVRUPA_OPSIYON;D_IX;INO;D_IX_ECO;DE_BIST30_ECO;D_XU030D;2025-12-31;31.37;38.46;-18.43;0;0;0;0;0;0;0;0;0;18;0;;;;;
2025-10-16;O_XU030E1225P10000.00;BIST 30_12/2025_AVRUPA_OPSIYON;D_IX;INO;D_IX_EPO;DE_BIST30_EPO;D_XU030D;2025-12-31;188.92;180.94;4.41;137;137;137;137;137;100000;1370;1;1;197;1;;;;;
2025-10-16;O_XU030E1225P10250.00;BIST 30_12/2025_AVRUPA_OPSIYON;D_IX;INO;D_IX_EPO;DE_BIST30_EPO;D_XU030D;2025-12-31;222.87;212.66;4.8;0;0;0;0;0;0;0;0;0;64;0;;;;;
2025-10-16;O_XU030E1225P10500.00;BIST 30_12/2025_AVRUPA_OPSIYON;D_IX;INO;D_IX_EPO;DE_BIST30_EPO;D_XU030D;2025-12-31;262.23;249.35;5.17;0;0;0;0;0;0;0;0;0;348;0;;;;;
2025-10-16;O_XU030E1225P10750.00;BIST 30_12/2025_AVRUPA_OPSIYON;D_IX;INO;D_IX_EPO;DE_BIST30_EPO;D_XU030D;2025-12-31;307.81;291.75;5.5;250;250;270.75;257.75;263.59;3010000;73805;28;6;150;-22;;;;;
2025-10-16;O_XU030E1225P11000.00;BIST 30_12/2025_AVRUPA_OPSIYON;D_IX;INO;D_IX_EPO;DE_BIST30_EPO;D_XU030D;2025-12-31;360.48;340.69;5.81;328.25;328.25;328.25;328.25;328.25;1100000;32825;10;1;72;0;;;;;
2025-10-16;O_XU030E1225P11250.00;BIST 30_12/2025_AVRUPA_OPSIYON;D_IX;INO;D_IX_EPO;DE_BIST30_EPO;D_XU030D;2025-12-31;421.23;397.1;6.08;396.75;396.75;396.75;396.75;396.75;1125000;39675;10;1;115;10;;;;;
2025-10-16;O_XU030E1225P11500.00;BIST 30_12/2025_AVRUPA_OPSIYON;D_IX;INO;D_IX_EPO;DE_BIST30_EPO;D_XU030D;2025-12-31;491.17;462.01;6.31;436.23;403;469.75;469.75;438.12;36340000;1384451.9;316;43;352;20;;;;;
2025-10-16;O_XU030E1225P11750.00;BIST 30_12/2025_AVRUPA_OPSIYON;D_IX;INO;D_IX_EPO;DE_BIST30_EPO;D_XU030D;2025-12-31;588.73;540.29;8.97;506;484.25;569.52;569.52;506.08;7402500;318827.3;63;7;114;-23;;;;;
2025-10-16;O_XU030E1225P12000.00;BIST 30_12/2025_AVRUPA_OPSIYON;D_IX;INO;D_IX_EPO;DE_BIST30_EPO;D_XU030D;2025-12-31;707.4;652.97;8.34;639.25;570.64;675.78;675.78;610.44;11040000;561607.1;92;11;165;43;;;;;
2025-10-16;O_XU030E1225P12250.00;BIST 30_12/2025_AVRUPA_OPSIYON;D_IX;INO;D_IX_EPO;DE_BIST30_EPO;D_XU030D;2025-12-31;838.62;778.18;7.77;718;685;718;691;697.08;8452500;480982;69;8;392;36;;;;;
2025-10-16;O_XU030E1225P12500.00;BIST 30_12/2025_AVRUPA_OPSIYON;D_IX;INO;D_IX_EPO;DE_BIST30_EPO;D_XU030D;2025-12-31;982.38;916.25;7.22;806.75;790.25;930.75;930.75;842.65;4875000;328632.5;39;6;126;13;;;;;
2025-10-16;O_XU030E1225P12750.00;BIST 30_12/2025_AVRUPA_OPSIYON;D_IX;INO;D_IX_EPO;DE_BIST30_EPO;D_XU030D;2025-12-31;1137.45;1066.23;6.68;943.5;923.75;943.5;923.75;933.63;3315000;242742.5;26;4;263;0;;;;;
2025-10-16;O_XU030E1225P13000.00;BIST 30_12/2025_AVRUPA_OPSIYON;D_IX;INO;D_IX_EPO;DE_BIST30_EPO;D_XU030D;2025-12-31;1305.76;1227.9;6.34;1092.5;1072.25;1092.5;1075;1082.69;3380000;281500;26;4;227;0;;;;;
2025-10-16;O_XU030E1225P13250.00;BIST 30_12/2025_AVRUPA_OPSIYON;D_IX;INO;D_IX_EPO;DE_BIST30_EPO;D_XU030D;2025-12-31;1484.46;1402.88;5.82;1350;1234.5;1397.25;1397.25;1309.72;6890000;681052.5;52;8;78;-29;;;;;
2025-10-16;O_XU030E1225P13500.00;BIST 30_12/2025_AVRUPA_OPSIYON;D_IX;INO;D_IX_EPO;DE_BIST30_EPO;D_XU030D;2025-12-31;1671.35;1586.38;5.36;1438.25;1408.25;1559.5;1559.5;1482.17;15660000;1719315;116;19;248;30;;;;;
2025-10-16;O_XU030E1225P13750.00;BIST 30_12/2025_AVRUPA_OPSIYON;D_IX;INO;D_IX_EPO;DE_BIST30_EPO;D_XU030D;2025-12-31;1865.47;1777.43;4.95;0;0;0;0;0;0;0;0;0;237;0;;;;;
2025-10-16;O_XU030E1225P14000.00;BIST 30_12/2025_AVRUPA_OPSIYON;D_IX;INO;D_IX_EPO;DE_BIST30_EPO;D_XU030D;2025-12-31;2065.9;1975.07;4.6;0;0;0;0;0;0;0;0;0;418;0;;;;;
2025-10-16;O_XU030E1225P14250.00;BIST 30_12/2025_AVRUPA_OPSIYON;D_IX;INO;D_IX_EPO;DE_BIST30_EPO;D_XU030D;2025-12-31;2271.79;2178.44;4.29;0;0;0;0;0;0;0;0;0;92;0;;;;;
2025-10-16;O_XU030E1225P14500.00;BIST 30_12/2025_AVRUPA_OPSIYON;D_IX;INO;D_IX_EPO;DE_BIST30_EPO;D_XU030D;2025-12-31;2482.36;2386.74;4.01;0;0;0;0;0;0;0;0;0;86;0;;;;;
2025-10-16;O_XU030E1225P14750.00;BIST 30_12/2025_AVRUPA_OPSIYON;D_IX;INO;D_IX_EPO;DE_BIST30_EPO;D_XU030D;2025-12-31;2696.94;2599.25;3.76;0;0;0;0;0;0;0;0;0;171;0;;;;;
2025-10-16;O_YKBNKE1025C28.00;YKBNK_10/2025_AVRUPA_OPSIYON;D_EQ;SSO;D_EQ_ECP;DE_YKBNK_ECP;YKBNK.E;2025-10-31;1.44;1.43;0.7;0;0;0;0;0;0;0;0;0;0;0;;;;;
2025-10-16;O_YKBNKE1025C29.00;YKBNK_10/2025_AVRUPA_OPSIYON;D_EQ;SSO;D_EQ_ECP;DE_YKBNK_ECP;YKBNK.E;2025-10-31;0.9;0.91;-1.1;0;0;0;0;0;0;0;0;0;0;0;;;;;
2025-10-16;O_YKBNKE1025C30.00;YKBNK_10/2025_AVRUPA_OPSIYON;D_EQ;SSO;D_EQ_ECP;DE_YKBNK_ECP;YKBNK.E;2025-10-31;0.53;0.54;-1.85;0;0;0;0;0;0;0;0;0;430;0;;;;;
2025-10-16;O_YKBNKE1025C31.00;YKBNK_10/2025_AVRUPA_OPSIYON;D_EQ;SSO;D_EQ_ECP;DE_YKBNK_ECP;YKBNK.E;2025-10-31;0.29;0.3;-3.33;0;0;0;0;0;0;0;0;0;55;0;;;;;
2025-10-16;O_YKBNKE1025C32.00;YKBNK_10/2025_AVRUPA_OPSIYON;D_EQ;SSO;D_EQ_ECP;DE_YKBNK_ECP;YKBNK.E;2025-10-31;0.15;0.16;-6.25;0;0;0;0;0;0;0;0;0;1228;0;;;;;
2025-10-16;O_YKBNKE1025C33.00;YKBNK_10/2025_AVRUPA_OPSIYON;D_EQ;SSO;D_EQ_ECP;DE_YKBNK_ECP;YKBNK.E;2025-10-31;0.07;0.08;-12.5;0;0;0;0;0;0;0;0;0;880;0;;;;;
2025-10-16;O_YKBNKE1025C34.00;YKBNK_10/2025_AVRUPA_OPSIYON;D_EQ;SSO;D_EQ_ECP;DE_YKBNK_ECP;YKBNK.E;2025-10-31;0.04;0.04;0;0;0;0;0;0;0;0;0;0;2250;0;;;;;
2025-10-16;O_YKBNKE1025C36.00;YKBNK_10/2025_AVRUPA_OPSIYON;D_EQ;SSO;D_EQ_ECP;DE_YKBNK_ECP;YKBNK.E;2025-10-31;0.01;0.01;0;0;0;0;0;0;0;0;0;0;5870;0;;;;;
2025-10-16;O_YKBNKE1025C37.00;YKBNK_10/2025_AVRUPA_OPSIYON;D_EQ;SSO;D_EQ_ECP;DE_YKBNK_ECP;YKBNK.E;2025-10-31;0.01;0.01;0;0;0;0;0;0;0;0;0;0;5100;0;;;;;
2025-10-16;O_YKBNKE1025C38.00;YKBNK_10/2025_AVRUPA_OPSIYON;D_EQ;SSO;D_EQ_ECP;DE_YKBNK_ECP;YKBNK.E;2025-10-31;0.01;0.01;0;0;0;0;0;0;0;0;0;0;500;0;;;;;
2025-10-16;O_YKBNKE1025C39.00;YKBNK_10/2025_AVRUPA_OPSIYON;D_EQ;SSO;D_EQ_ECP;DE_YKBNK_ECP;YKBNK.E;2025-10-31;0.01;0.01;0;0;0;0;0;0;0;0;0;0;500;0;;;;;
2025-10-16;O_YKBNKE1025C40.00;YKBNK_10/2025_AVRUPA_OPSIYON;D_EQ;SSO;D_EQ_ECP;DE_YKBNK_ECP;YKBNK.E;2025-10-31;0.01;0.01;0;0;0;0;0;0;0;0;0;0;700;0;;;;;
2025-10-16;O_YKBNKE1025C41.00;YKBNK_10/2025_AVRUPA_OPSIYON;D_EQ;SSO;D_EQ_ECP;DE_YKBNK_ECP;YKBNK.E;2025-10-31;0.01;0.01;0;0;0;0;0;0;0;0;0;0;200;0;;;;;
2025-10-16;O_YKBNKE1025C42.00;YKBNK_10/2025_AVRUPA_OPSIYON;D_EQ;SSO;D_EQ_ECP;DE_YKBNK_ECP;YKBNK.E;2025-10-31;0.01;0.01;0;0;0;0;0;0;0;0;0;0;500;0;;;;;
2025-10-16;O_YKBNKE1025C43.00;YKBNK_10/2025_AVRUPA_OPSIYON;D_EQ;SSO;D_EQ_ECP;DE_YKBNK_ECP;YKBNK.E;2025-10-31;0.01;0.01;0;0;0;0;0;0;0;0;0;0;0;0;;;;;
2025-10-16;O_YKBNKE1025P24.00;YKBNK_10/2025_AVRUPA_OPSIYON;D_EQ;SSO;D_EQ_EPP;DE_YKBNK_EPP;YKBNK.E;2025-10-31;0.02;0.02;0;0;0;0;0;0;0;0;0;0;0;0;;;;;
2025-10-16;O_YKBNKE1025P24.50;YKBNK_10/2025_AVRUPA_OPSIYON;D_EQ;SSO;D_EQ_EPP;DE_YKBNK_EPP;YKBNK.E;2025-10-31;0.03;0.04;-25;0;0;0;0;0;0;0;0;0;0;0;;;;;
2025-10-16;O_YKBNKE1025P25.00;YKBNK_10/2025_AVRUPA_OPSIYON;D_EQ;SSO;D_EQ_EPP;DE_YKBNK_EPP;YKBNK.E;2025-10-31;0.05;0.06;-16.67;0;0;0;0;0;0;0;0;0;300;0;;;;;
2025-10-16;O_YKBNKE1025P26.00;YKBNK_10/2025_AVRUPA_OPSIYON;D_EQ;SSO;D_EQ_EPP;DE_YKBNK_EPP;YKBNK.E;2025-10-31;0.13;0.15;-13.33;0;0;0;0;0;0;0;0;0;0;0;;;;;
2025-10-16;O_YKBNKE1025P27.00;YKBNK_10/2025_AVRUPA_OPSIYON;D_EQ;SSO;D_EQ_EPP;DE_YKBNK_EPP;YKBNK.E;2025-10-31;0.29;0.33;-12.12;0;0;0;0;0;0;0;0;0;556;0;;;;;
2025-10-16;O_YKBNKE1025P28.00;YKBNK_10/2025_AVRUPA_OPSIYON;D_EQ;SSO;D_EQ_EPP;DE_YKBNK_EPP;YKBNK.E;2025-10-31;0.59;0.63;-6.35;0;0;0;0;0;0;0;0;0;1268;0;;;;;
2025-10-16;O_YKBNKE1025P29.00;YKBNK_10/2025_AVRUPA_OPSIYON;D_EQ;SSO;D_EQ_EPP;DE_YKBNK_EPP;YKBNK.E;2025-10-31;1.03;1.09;-5.5;0;0;0;0;0;0;0;0;0;1406;0;;;;;
2025-10-16;O_YKBNKE1025P30.00;YKBNK_10/2025_AVRUPA_OPSIYON;D_EQ;SSO;D_EQ_EPP;DE_YKBNK_EPP;YKBNK.E;2025-10-31;1.64;1.7;-3.53;0;0;0;0;0;0;0;0;0;4386;0;;;;;
2025-10-16;O_YKBNKE1025P31.00;YKBNK_10/2025_AVRUPA_OPSIYON;D_EQ;SSO;D_EQ_EPP;DE_YKBNK_EPP;YKBNK.E;2025-10-31;2.39;2.45;-2.45;0;0;0;0;0;0;0;0;0;3412;0;;;;;
2025-10-16;O_YKBNKE1025P32.00;YKBNK_10/2025_AVRUPA_OPSIYON;D_EQ;SSO;D_EQ_EPP;DE_YKBNK_EPP;YKBNK.E;2025-10-31;3.23;3.29;-1.82;0;0;0;0;0;0;0;0;0;1515;0;;;;;
2025-10-16;O_YKBNKE1025P33.00;YKBNK_10/2025_AVRUPA_OPSIYON;D_EQ;SSO;D_EQ_EPP;DE_YKBNK_EPP;YKBNK.E;2025-10-31;4.14;4.2;-1.43;0;0;0;0;0;0;0;0;0;934;0;;;;;
2025-10-16;O_YKBNKE1025P34.00;YKBNK_10/2025_AVRUPA_OPSIYON;D_EQ;SSO;D_EQ_EPP;DE_YKBNK_EPP;YKBNK.E;2025-10-31;5.09;5.14;-0.97;0;0;0;0;0;0;0;0;0;577;0;;;;;
2025-10-16;O_YKBNKE1025P35.00;YKBNK_10/2025_AVRUPA_OPSIYON;D_EQ;SSO;D_EQ_EPP;DE_YKBNK_EPP;YKBNK.E;2025-10-31;6.05;6.1;-0.82;0;0;0;0;0;0;0;0;0;812;0;;;;;
2025-10-16;O_YKBNKE1025P36.00;YKBNK_10/2025_AVRUPA_OPSIYON;D_EQ;SSO;D_EQ_EPP;DE_YKBNK_EPP;YKBNK.E;2025-10-31;7.03;7.07;-0.57;0;0;0;0;0;0;0;0;0;270;0;;;;;
2025-10-16;O_YKBNKE1025P37.00;YKBNK_10/2025_AVRUPA_OPSIYON;D_EQ;SSO;D_EQ_EPP;DE_YKBNK_EPP;YKBNK.E;2025-10-31;8.01;8.05;-0.5;0;0;0;0;0;0;0;0;0;426;0;;;;;
2025-10-16;O_YKBNKE1025P38.00;YKBNK_10/2025_AVRUPA_OPSIYON;D_EQ;SSO;D_EQ_EPP;DE_YKBNK_EPP;YKBNK.E;2025-10-31;8.99;9.03;-0.44;0;0;0;0;0;0;0;0;0;50;0;;;;;
2025-10-16;O_YKBNKE1125C29.00;YKBNK_11/2025_AVRUPA_OPSIYON;D_EQ;SSO;D_EQ_ECP;DE_YKBNK_ECP;YKBNK.E;2025-11-28;1.99;1.98;0.51;0;0;0;0;0;0;0;0;0;0;0;;;;;
2025-10-16;O_YKBNKE1125C30.00;YKBNK_11/2025_AVRUPA_OPSIYON;D_EQ;SSO;D_EQ_ECP;DE_YKBNK_ECP;YKBNK.E;2025-11-28;1.51;1.51;0;0;0;0;0;0;0;0;0;0;0;0;;;;;
2025-10-16;O_YKBNKE1125C31.00;YKBNK_11/2025_AVRUPA_OPSIYON;D_EQ;SSO;D_EQ_ECP;DE_YKBNK_ECP;YKBNK.E;2025-11-28;1.13;1.13;0;0;0;0;0;0;0;0;0;0;0;0;;;;;
2025-10-16;O_YKBNKE1125C32.00;YKBNK_11/2025_AVRUPA_OPSIYON;D_EQ;SSO;D_EQ_ECP;DE_YKBNK_ECP;YKBNK.E;2025-11-28;0.84;0.84;0;0;0;0;0;0;0;0;0;0;4;0;;;;;
2025-10-16;O_YKBNKE1125C33.00;YKBNK_11/2025_AVRUPA_OPSIYON;D_EQ;SSO;D_EQ_ECP;DE_YKBNK_ECP;YKBNK.E;2025-11-28;0.62;0.62;0;0;0;0;0;0;0;0;0;0;0;0;;;;;
2025-10-16;O_YKBNKE1125C34.00;YKBNK_11/2025_AVRUPA_OPSIYON;D_EQ;SSO;D_EQ_ECP;DE_YKBNK_ECP;YKBNK.E;2025-11-28;0.45;0.46;-2.17;0;0;0;0;0;0;0;0;0;0;0;;;;;
2025-10-16;O_YKBNKE1125C35.00;YKBNK_11/2025_AVRUPA_OPSIYON;D_EQ;SSO;D_EQ_ECP;DE_YKBNK_ECP;YKBNK.E;2025-11-28;0.33;0.33;0;0;0;0;0;0;0;0;0;0;4;0;;;;;
2025-10-16;O_YKBNKE1125C36.00;YKBNK_11/2025_AVRUPA_OPSIYON;D_EQ;SSO;D_EQ_ECP;DE_YKBNK_ECP;YKBNK.E;2025-11-28;0.23;0.24;-4.17;0;0;0;0;0;0;0;0;0;100;0;;;;;
2025-10-16;O_YKBNKE1125C37.00;YKBNK_11/2025_AVRUPA_OPSIYON;D_EQ;SSO;D_EQ_ECP;DE_YKBNK_ECP;YKBNK.E;2025-11-28;0.17;0.17;0;0;0;0;0;0;0;0;0;0;180;0;;;;;
2025-10-16;O_YKBNKE1125C38.00;YKBNK_11/2025_AVRUPA_OPSIYON;D_EQ;SSO;D_EQ_ECP;DE_YKBNK_ECP;YKBNK.E;2025-11-28;0.12;0.12;0;0;0;0;0;0;0;0;0;0;261;0;;;;;
2025-10-16;O_YKBNKE1125C39.00;YKBNK_11/2025_AVRUPA_OPSIYON;D_EQ;SSO;D_EQ_ECP;DE_YKBNK_ECP;YKBNK.E;2025-11-28;0.08;0.09;-11.11;0;0;0;0;0;0;0;0;0;0;0;;;;;
2025-10-16;O_YKBNKE1125C40.00;YKBNK_11/2025_AVRUPA_OPSIYON;D_EQ;SSO;D_EQ_ECP;DE_YKBNK_ECP;YKBNK.E;2025-11-28;0.06;0.06;0;0;0;0;0;0;0;0;0;0;700;0;;;;;
2025-10-16;O_YKBNKE1125C41.00;YKBNK_11/2025_AVRUPA_OPSIYON;D_EQ;SSO;D_EQ_ECP;DE_YKBNK_ECP;YKBNK.E;2025-11-28;0.04;0.04;0;0;0;0;0;0;0;0;0;0;1212;0;;;;;
2025-10-16;O_YKBNKE1125C42.00;YKBNK_11/2025_AVRUPA_OPSIYON;D_EQ;SSO;D_EQ_ECP;DE_YKBNK_ECP;YKBNK.E;2025-11-28;0.03;0.03;0;0;0;0;0;0;0;0;0;0;0;0;;;;;
2025-10-16;O_YKBNKE1125C43.00;YKBNK_11/2025_AVRUPA_OPSIYON;D_EQ;SSO;D_EQ_ECP;DE_YKBNK_ECP;YKBNK.E;2025-11-28;0.02;0.02;0;0;0;0;0;0;0;0;0;0;230;0;;;;;
2025-10-16;O_YKBNKE1125C44.00;YKBNK_11/2025_AVRUPA_OPSIYON;D_EQ;SSO;D_EQ_ECP;DE_YKBNK_ECP;YKBNK.E;2025-11-28;0.02;0.02;0;0;0;0;0;0;0;0;0;0;330;0;;;;;
2025-10-16;O_YKBNKE1125P24.50;YKBNK_11/2025_AVRUPA_OPSIYON;D_EQ;SSO;D_EQ_EPP;DE_YKBNK_EPP;YKBNK.E;2025-11-28;0.18;0.2;-10;0.26;0.26;0.26;0.26;0.26;343000;3640;140;2;175;140;;;;;
2025-10-16;O_YKBNKE1125P25.00;YKBNK_11/2025_AVRUPA_OPSIYON;D_EQ;SSO;D_EQ_EPP;DE_YKBNK_EPP;YKBNK.E;2025-11-28;0.24;0.26;-7.69;0;0;0;0;0;0;0;0;0;0;0;;;;;
2025-10-16;O_YKBNKE1125P26.00;YKBNK_11/2025_AVRUPA_OPSIYON;D_EQ;SSO;D_EQ_EPP;DE_YKBNK_EPP;YKBNK.E;2025-11-28;0.39;0.41;-4.88;0;0;0;0;0;0;0;0;0;857;0;;;;;
2025-10-16;O_YKBNKE1125P27.00;YKBNK_11/2025_AVRUPA_OPSIYON;D_EQ;SSO;D_EQ_EPP;DE_YKBNK_EPP;YKBNK.E;2025-11-28;0.61;0.64;-4.69;0;0;0;0;0;0;0;0;0;100;0;;;;;
2025-10-16;O_YKBNKE1125P28.00;YKBNK_11/2025_AVRUPA_OPSIYON;D_EQ;SSO;D_EQ_EPP;DE_YKBNK_EPP;YKBNK.E;2025-11-28;0.91;0.94;-3.19;0;0;0;0;0;0;0;0;0;257;0;;;;;
2025-10-16;O_YKBNKE1125P29.00;YKBNK_11/2025_AVRUPA_OPSIYON;D_EQ;SSO;D_EQ_EPP;DE_YKBNK_EPP;YKBNK.E;2025-11-28;1.3;1.34;-2.99;0;0;0;0;0;0;0;0;0;2912;0;;;;;
2025-10-16;O_YKBNKE1125P30.00;YKBNK_11/2025_AVRUPA_OPSIYON;D_EQ;SSO;D_EQ_EPP;DE_YKBNK_EPP;YKBNK.E;2025-11-28;1.78;1.83;-2.73;1.89;1.62;1.93;1.67;1.81;50166000;2455876;16722;25;7199;6500;;;;;
2025-10-16;O_YKBNKE1125P31.00;YKBNK_11/2025_AVRUPA_OPSIYON;D_EQ;SSO;D_EQ_EPP;DE_YKBNK_EPP;YKBNK.E;2025-11-28;2.36;2.4;-1.67;0;0;0;0;0;0;0;0;0;237;0;;;;;
2025-10-16;O_YKBNKE1125P32.00;YKBNK_11/2025_AVRUPA_OPSIYON;D_EQ;SSO;D_EQ_EPP;DE_YKBNK_EPP;YKBNK.E;2025-11-28;3.02;3.07;-1.63;0;0;0;0;0;0;0;0;0;859;0;;;;;
2025-10-16;O_YKBNKE1125P33.00;YKBNK_11/2025_AVRUPA_OPSIYON;D_EQ;SSO;D_EQ_EPP;DE_YKBNK_EPP;YKBNK.E;2025-11-28;3.75;3.81;-1.57;0;0;0;0;0;0;0;0;0;10;0;;;;;
2025-10-16;O_YKBNKE1125P34.00;YKBNK_11/2025_AVRUPA_OPSIYON;D_EQ;SSO;D_EQ_EPP;DE_YKBNK_EPP;YKBNK.E;2025-11-28;4.54;4.59;-1.09;0;0;0;0;0;0;0;0;0;0;0;;;;;
2025-10-16;O_YKBNKE1125P35.00;YKBNK_11/2025_AVRUPA_OPSIYON;D_EQ;SSO;D_EQ_EPP;DE_YKBNK_EPP;YKBNK.E;2025-11-28;5.37;5.42;-0.92;0;0;0;0;0;0;0;0;0;0;0;;;;;
2025-10-16;O_YKBNKE1125P36.00;YKBNK_11/2025_AVRUPA_OPSIYON;D_EQ;SSO;D_EQ_EPP;DE_YKBNK_EPP;YKBNK.E;2025-11-28;6.24;6.29;-0.79;0;0;0;0;0;0;0;0;0;0;0;;;;;
2025-10-16;O_YKBNKE1125P37.00;YKBNK_11/2025_AVRUPA_OPSIYON;D_EQ;SSO;D_EQ_EPP;DE_YKBNK_EPP;YKBNK.E;2025-11-28;7.13;7.17;-0.56;0;0;0;0;0;0;0;0;0;0;0;;;;;
2025-10-16;O_YKBNKE1125P38.00;YKBNK_11/2025_AVRUPA_OPSIYON;D_EQ;SSO;D_EQ_EPP;DE_YKBNK_EPP;YKBNK.E;2025-11-28;8.04;8.08;-0.5;0;0;0;0;0;0;0;0;0;0;0;;;;;
2025-10-16;O_YKBNKE1125P39.00;YKBNK_11/2025_AVRUPA_OPSIYON;D_EQ;SSO;D_EQ_EPP;DE_YKBNK_EPP;YKBNK.E;2025-11-28;8.96;9;-0.44;0;0;0;0;0;0;0;0;0;0;0;;;;;
2025-10-16;O_YKBNKE1225C29.00;YKBNK_12/2025_AVRUPA_OPSIYON;D_EQ;SSO;D_EQ_ECP;DE_YKBNK_ECP;YKBNK.E;2025-12-31;3.3;;0;0;0;0;0;0;0;0;0;0;0;0;;;;;
2025-10-16;O_YKBNKE1225C30.00;YKBNK_12/2025_AVRUPA_OPSIYON;D_EQ;SSO;D_EQ_ECP;DE_YKBNK_ECP;YKBNK.E;2025-12-31;2.76;2.75;0.36;0;0;0;0;0;0;0;0;0;0;0;;;;;
2025-10-16;O_YKBNKE1225C31.00;YKBNK_12/2025_AVRUPA_OPSIYON;D_EQ;SSO;D_EQ_ECP;DE_YKBNK_ECP;YKBNK.E;2025-12-31;2.29;2.29;0;0;0;0;0;0;0;0;0;0;0;0;;;;;
2025-10-16;O_YKBNKE1225C32.00;YKBNK_12/2025_AVRUPA_OPSIYON;D_EQ;SSO;D_EQ_ECP;DE_YKBNK_ECP;YKBNK.E;2025-12-31;1.89;1.89;0;0;0;0;0;0;0;0;0;0;0;0;;;;;
2025-10-16;O_YKBNKE1225C33.00;YKBNK_12/2025_AVRUPA_OPSIYON;D_EQ;SSO;D_EQ_ECP;DE_YKBNK_ECP;YKBNK.E;2025-12-31;1.56;1.56;0;0;0;0;0;0;0;0;0;0;0;0;;;;;
2025-10-16;O_YKBNKE1225C34.00;YKBNK_12/2025_AVRUPA_OPSIYON;D_EQ;SSO;D_EQ_ECP;DE_YKBNK_ECP;YKBNK.E;2025-12-31;1.28;1.29;-0.78;0;0;0;0;0;0;0;0;0;0;0;;;;;
2025-10-16;O_YKBNKE1225C35.00;YKBNK_12/2025_AVRUPA_OPSIYON;D_EQ;SSO;D_EQ_ECP;DE_YKBNK_ECP;YKBNK.E;2025-12-31;1.05;1.06;-0.94;0;0;0;0;0;0;0;0;0;0;0;;;;;
2025-10-16;O_YKBNKE1225C36.00;YKBNK_12/2025_AVRUPA_OPSIYON;D_EQ;SSO;D_EQ_ECP;DE_YKBNK_ECP;YKBNK.E;2025-12-31;0.86;0.87;-1.15;0;0;0;0;0;0;0;0;0;0;0;;;;;
2025-10-16;O_YKBNKE1225C37.00;YKBNK_12/2025_AVRUPA_OPSIYON;D_EQ;SSO;D_EQ_ECP;DE_YKBNK_ECP;YKBNK.E;2025-12-31;0.7;0.71;-1.41;0;0;0;0;0;0;0;0;0;187000;0;;;;;
2025-10-16;O_YKBNKE1225C38.00;YKBNK_12/2025_AVRUPA_OPSIYON;D_EQ;SSO;D_EQ_ECP;DE_YKBNK_ECP;YKBNK.E;2025-12-31;0.57;0.58;-1.72;0;0;0;0;0;0;0;0;0;0;0;;;;;
2025-10-16;O_YKBNKE1225C39.00;YKBNK_12/2025_AVRUPA_OPSIYON;D_EQ;SSO;D_EQ_ECP;DE_YKBNK_ECP;YKBNK.E;2025-12-31;0.47;0.47;0;0;0;0;0;0;0;0;0;0;0;0;;;;;
2025-10-16;O_YKBNKE1225C40.00;YKBNK_12/2025_AVRUPA_OPSIYON;D_EQ;SSO;D_EQ_ECP;DE_YKBNK_ECP;YKBNK.E;2025-12-31;0.38;0.39;-2.56;0;0;0;0;0;0;0;0;0;0;0;;;;;
2025-10-16;O_YKBNKE1225C41.00;YKBNK_12/2025_AVRUPA_OPSIYON;D_EQ;SSO;D_EQ_ECP;DE_YKBNK_ECP;YKBNK.E;2025-12-31;0.31;0.32;-3.13;0;0;0;0;0;0;0;0;0;0;0;;;;;
2025-10-16;O_YKBNKE1225C42.00;YKBNK_12/2025_AVRUPA_OPSIYON;D_EQ;SSO;D_EQ_ECP;DE_YKBNK_ECP;YKBNK.E;2025-12-31;0.26;0.26;0;0;0;0;0;0;0;0;0;0;0;0;;;;;
2025-10-16;O_YKBNKE1225C43.00;YKBNK_12/2025_AVRUPA_OPSIYON;D_EQ;SSO;D_EQ_ECP;DE_YKBNK_ECP;YKBNK.E;2025-12-31;0.21;0.21;0;0;0;0;0;0;0;0;0;0;0;0;;;;;
2025-10-16;O_YKBNKE1225C44.00;YKBNK_12/2025_AVRUPA_OPSIYON;D_EQ;SSO;D_EQ_ECP;DE_YKBNK_ECP;YKBNK.E;2025-12-31;0.17;0.18;-5.56;0;0;0;0;0;0;0;0;0;0;0;;;;;
2025-10-16;O_YKBNKE1225P24.50;YKBNK_12/2025_AVRUPA_OPSIYON;D_EQ;SSO;D_EQ_EPP;DE_YKBNK_EPP;YKBNK.E;2025-12-31;0.28;;0;0;0;0;0;0;0;0;0;0;0;0;;;;;
2025-10-16;O_YKBNKE1225P25.00;YKBNK_12/2025_AVRUPA_OPSIYON;D_EQ;SSO;D_EQ_EPP;DE_YKBNK_EPP;YKBNK.E;2025-12-31;0.34;0.36;-5.56;0;0;0;0;0;0;0;0;0;0;0;;;;;
2025-10-16;O_YKBNKE1225P26.00;YKBNK_12/2025_AVRUPA_OPSIYON;D_EQ;SSO;D_EQ_EPP;DE_YKBNK_EPP;YKBNK.E;2025-12-31;0.49;0.51;-3.92;0;0;0;0;0;0;0;0;0;0;0;;;;;
2025-10-16;O_YKBNKE1225P27.00;YKBNK_12/2025_AVRUPA_OPSIYON;D_EQ;SSO;D_EQ_EPP;DE_YKBNK_EPP;YKBNK.E;2025-12-31;0.68;0.71;-4.23;0;0;0;0;0;0;0;0;0;0;0;;;;;
2025-10-16;O_YKBNKE1225P28.00;YKBNK_12/2025_AVRUPA_OPSIYON;D_EQ;SSO;D_EQ_EPP;DE_YKBNK_EPP;YKBNK.E;2025-12-31;0.93;0.96;-3.13;0;0;0;0;0;0;0;0;0;0;0;;;;;
2025-10-16;O_YKBNKE1225P29.00;YKBNK_12/2025_AVRUPA_OPSIYON;D_EQ;SSO;D_EQ_EPP;DE_YKBNK_EPP;YKBNK.E;2025-12-31;1.23;1.26;-2.38;0;0;0;0;0;0;0;0;0;0;0;;;;;
2025-10-16;O_YKBNKE1225P30.00;YKBNK_12/2025_AVRUPA_OPSIYON;D_EQ;SSO;D_EQ_EPP;DE_YKBNK_EPP;YKBNK.E;2025-12-31;1.6;1.64;-2.44;0;0;0;0;0;0;0;0;0;0;0;;;;;
2025-10-16;O_YKBNKE1225P31.00;YKBNK_12/2025_AVRUPA_OPSIYON;D_EQ;SSO;D_EQ_EPP;DE_YKBNK_EPP;YKBNK.E;2025-12-31;2.04;2.08;-1.92;0;0;0;0;0;0;0;0;0;0;0;;;;;
2025-10-16;O_YKBNKE1225P32.00;YKBNK_12/2025_AVRUPA_OPSIYON;D_EQ;SSO;D_EQ_EPP;DE_YKBNK_EPP;YKBNK.E;2025-12-31;2.55;2.59;-1.54;0;0;0;0;0;0;0;0;0;0;0;;;;;
2025-10-16;O_YKBNKE1225P33.00;YKBNK_12/2025_AVRUPA_OPSIYON;D_EQ;SSO;D_EQ_EPP;DE_YKBNK_EPP;YKBNK.E;2025-12-31;3.12;3.17;-1.58;0;0;0;0;0;0;0;0;0;0;0;;;;;
2025-10-16;O_YKBNKE1225P34.00;YKBNK_12/2025_AVRUPA_OPSIYON;D_EQ;SSO;D_EQ_EPP;DE_YKBNK_EPP;YKBNK.E;2025-12-31;3.76;3.8;-1.05;0;0;0;0;0;0;0;0;0;0;0;;;;;
2025-10-16;O_YKBNKE1225P35.00;YKBNK_12/2025_AVRUPA_OPSIYON;D_EQ;SSO;D_EQ_EPP;DE_YKBNK_EPP;YKBNK.E;2025-12-31;4.43;4.48;-1.12;0;0;0;0;0;0;0;0;0;0;0;;;;;
2025-10-16;O_YKBNKE1225P36.00;YKBNK_12/2025_AVRUPA_OPSIYON;D_EQ;SSO;D_EQ_EPP;DE_YKBNK_EPP;YKBNK.E;2025-12-31;5.15;5.2;-0.96;0;0;0;0;0;0;0;0;0;0;0;;;;;
2025-10-16;O_YKBNKE1225P37.00;YKBNK_12/2025_AVRUPA_OPSIYON;D_EQ;SSO;D_EQ_EPP;DE_YKBNK_EPP;YKBNK.E;2025-12-31;5.9;5.95;-0.84;0;0;0;0;0;0;0;0;0;0;0;;;;;
2025-10-16;O_YKBNKE1225P38.00;YKBNK_12/2025_AVRUPA_OPSIYON;D_EQ;SSO;D_EQ_EPP;DE_YKBNK_EPP;YKBNK.E;2025-12-31;6.68;6.73;-0.74;0;0;0;0;0;0;0;0;0;0;0;;;;;
2025-10-16;O_YKBNKE1225P39.00;YKBNK_12/2025_AVRUPA_OPSIYON;D_EQ;SSO;D_EQ_EPP;DE_YKBNK_EPP;YKBNK.E;2025-12-31;7.49;7.53;-0.53;0;0;0;0;0;0;0;0;0;0;0;;;;;
2025-10-16;TM_F_USDTRY141125;USDTRY_141125_ESNEK VIS;D_CR;CRF;D_CR_FUT;DE_USDTRY_FUT;D_USDTRY;2025-11-14;43.33;43.33;0;0;0;0;0;0;0;0;0;0;0;0;;;;;
2025-10-16;TM_F_USDTRY191225;USDTRY_191225_ESNEK VIS;D_CR;CRF;D_CR_FUT;DE_USDTRY_FUT;D_USDTRY;2025-12-19;44.65;44.65;0;0;0;0;0;0;0;0;0;0;7;0;;;;;
2025-10-16;TM_F_USDTRY241025;USDTRY_241025_ESNEK VIS;D_CR;CRF;D_CR_FUT;DE_USDTRY_FUT;D_USDTRY;2025-10-24;42.351;42.351;0;0;0;0;0;0;0;0;0;0;29;0;;;;;
2025-10-16;TM_F_USDTRY251125;USDTRY_251125_ESNEK VIS;D_CR;CRF;D_CR_FUT;DE_USDTRY_FUT;D_USDTRY;2025-11-25;43.5;43.5;0;0;0;0;0;0;0;0;0;0;0;0;;;;;
2025-10-16;TM_O_AKBNKE161025C70.00;AKBNK_161025_AVRUPA_ESNEK OPS;D_EQ;SSO;D_EQ_ECP;DE_AKBNK_ECP;AKBNK.E;2025-10-16;0;0.01;0;0;0;0;0;0;0;0;0;0;300;0;;;;;
2025-10-16;TM_O_AKBNKE201025C71.00;AKBNK_201025_AVRUPA_ESNEK OPS;D_EQ;SSO;D_EQ_ECP;DE_AKBNK_ECP;AKBNK.E;2025-10-20;0.01;0.01;0;0;0;0;0;0;0;0;0;0;800;0;;;;;
2025-10-16;TM_O_AKBNKE281125C57.00;AKBNK_281125_AVRUPA_ESNEK OPS;D_EQ;SSO;D_EQ_ECP;DE_AKBNK_ECP;AKBNK.E;2025-11-28;3.64;2.82;29.08;0;0;0;0;0;0;0;0;0;3806;0;;;;;
2025-10-16;TM_O_AKBNKE281125P59.50;AKBNK_281125_AVRUPA_ESNEK OPS;D_EQ;SSO;D_EQ_EPP;DE_AKBNK_EPP;AKBNK.E;2025-11-28;4.16;5.18;-19.69;0;0;0;0;0;0;0;0;0;850;0;;;;;
2025-10-16;TM_O_AKBNKE281125P62.01;AKBNK_281125_AVRUPA_ESNEK OPS;D_EQ;SSO;D_EQ_EPP;DE_AKBNK_EPP;AKBNK.E;2025-11-28;5.78;6.98;-17.19;0;0;0;0;0;0;0;0;0;810;0;;;;;
2025-10-16;TM_O_AKBNKE281125P64.01;AKBNK_281125_AVRUPA_ESNEK OPS;D_EQ;SSO;D_EQ_EPP;DE_AKBNK_EPP;AKBNK.E;2025-11-28;7.24;8.54;-15.22;0;0;0;0;0;0;0;0;0;0;0;;;;;
2025-10-16;TM_O_AKBNKE301025P60.00;AKBNK_301025_AVRUPA_ESNEK OPS;D_EQ;SSO;D_EQ_EPP;DE_AKBNK_EPP;AKBNK.E;2025-10-30;4.43;5.82;-23.88;0;0;0;0;0;0;0;0;0;350;0;;;;;
2025-10-16;TM_O_AKBNKE311025C67.00;AKBNK_311025_AVRUPA_ESNEK OPS;D_EQ;SSO;D_EQ_ECP;DE_AKBNK_ECP;AKBNK.E;2025-10-31;0.06;0.04;50;0;0;0;0;0;0;0;0;0;3000;0;;;;;
2025-10-16;TM_O_AKBNKE311025P53.00;AKBNK_311025_AVRUPA_ESNEK OPS;D_EQ;SSO;D_EQ_EPP;DE_AKBNK_EPP;AKBNK.E;2025-10-31;0.71;1.25;-43.2;0;0;0;0;0;0;0;0;0;55;0;;;;;
2025-10-16;TM_O_AKBNKE311025P57.10;AKBNK_311025_AVRUPA_ESNEK OPS;D_EQ;SSO;D_EQ_EPP;DE_AKBNK_EPP;AKBNK.E;2025-10-31;2.42;3.51;-31.05;0;0;0;0;0;0;0;0;0;1751;0;;;;;
2025-10-16;TM_O_AKBNKE311025P58.30;AKBNK_311025_AVRUPA_ESNEK OPS;D_EQ;SSO;D_EQ_EPP;DE_AKBNK_EPP;AKBNK.E;2025-10-31;3.18;4.41;-27.89;0;0;0;0;0;0;0;0;0;857;0;;;;;
2025-10-16;TM_O_AKBNKE311025P59.00;AKBNK_311025_AVRUPA_ESNEK OPS;D_EQ;SSO;D_EQ_EPP;DE_AKBNK_EPP;AKBNK.E;2025-10-31;3.67;4.97;-26.16;0;0;0;0;0;0;0;0;0;2521;0;;;;;
2025-10-16;TM_O_AKBNKE311025P61.00;AKBNK_311025_AVRUPA_ESNEK OPS;D_EQ;SSO;D_EQ_EPP;DE_AKBNK_EPP;AKBNK.E;2025-10-31;5.24;6.68;-21.56;0;0;0;0;0;0;0;0;0;169;0;;;;;
2025-10-16;TM_O_AKBNKE311025P61.60;AKBNK_311025_AVRUPA_ESNEK OPS;D_EQ;SSO;D_EQ_EPP;DE_AKBNK_EPP;AKBNK.E;2025-10-31;5.75;7.22;-20.36;0;0;0;0;0;0;0;0;0;1687;0;;;;;
2025-10-16;TM_O_AKBNKE311025P62.05;AKBNK_311025_AVRUPA_ESNEK OPS;D_EQ;SSO;D_EQ_EPP;DE_AKBNK_EPP;AKBNK.E;2025-10-31;6.14;7.63;-19.53;0;0;0;0;0;0;0;0;0;2417;0;;;;;
2025-10-16;TM_O_AKBNKE311025P63.00;AKBNK_311025_AVRUPA_ESNEK OPS;D_EQ;SSO;D_EQ_EPP;DE_AKBNK_EPP;AKBNK.E;2025-10-31;6.98;8.51;-17.98;0;0;0;0;0;0;0;0;0;1103;0;;;;;
2025-10-16;TM_O_AKBNKE311025P70.01;AKBNK_311025_AVRUPA_ESNEK OPS;D_EQ;SSO;D_EQ_EPP;DE_AKBNK_EPP;AKBNK.E;2025-10-31;13.65;15.27;-10.61;0;0;0;0;0;0;0;0;0;170;0;;;;;
2025-10-16;TM_O_ALARKE311025P93.00;ALARK_311025_AVRUPA_ESNEK OPS;D_EQ;SSO;D_EQ_EPP;DE_ALARK_EPP;ALARK.E;2025-10-31;14.13;13.66;3.44;0;0;0;0;0;0;0;0;0;230;0;;;;;
2025-10-16;TM_O_ALARKE311025P98.10;ALARK_311025_AVRUPA_ESNEK OPS;D_EQ;SSO;D_EQ_EPP;DE_ALARK_EPP;ALARK.E;2025-10-31;19.07;18.58;2.64;0;0;0;0;0;0;0;0;0;610;0;;;;;
2025-10-16;TM_O_BIMASE311025C550.00;BIMAS_311025_AVRUPA_ESNEK OPS;D_EQ;SSO;D_EQ_ECP;DE_BIMAS_ECP;BIMAS.E;2025-10-31;15.39;19.95;-22.86;0;0;0;0;0;0;0;0;0;200;0;;;;;
2025-10-16;TM_O_BIMASE311025C550.05;BIMAS_311025_AVRUPA_ESNEK OPS;D_EQ;SSO;D_EQ_ECP;DE_BIMAS_ECP;BIMAS.E;2025-10-31;15.37;19.93;-22.88;0;0;0;0;0;0;0;0;0;190;0;;;;;
2025-10-16;TM_O_EKGYOE311025C20.60;EKGYO_311025_AVRUPA_ESNEK OPS;D_EQ;SSO;D_EQ_ECP;DE_EKGYO_ECP;EKGYO.E;2025-10-31;0.14;0.18;-22.22;0;0;0;0;0;0;0;0;0;1000;0;;;;;
2025-10-16;TM_O_EKGYOE311025P20.10;EKGYO_311025_AVRUPA_ESNEK OPS;D_EQ;SSO;D_EQ_EPP;DE_EKGYO_EPP;EKGYO.E;2025-10-31;1.51;1.4;7.86;0;0;0;0;0;0;0;0;0;1500;0;;;;;
2025-10-16;TM_O_EKGYOE311025P21.25;EKGYO_311025_AVRUPA_ESNEK OPS;D_EQ;SSO;D_EQ_EPP;DE_EKGYO_EPP;EKGYO.E;2025-10-31;2.49;2.35;5.96;0;0;0;0;0;0;0;0;0;1200;0;;;;;
2025-10-16;TM_O_EREGLE281125P26.50;EREGL_281125_AVRUPA_ESNEK OPS;D_EQ;SSO;D_EQ_EPP;DE_EREGL_EPP;EREGL.E;2025-11-28;0.55;0.42;30.95;0;0;0;0;0;0;0;0;0;2500;0;;;;;
2025-10-16;TM_O_EREGLE311025C32.50;EREGL_311025_AVRUPA_ESNEK OPS;D_EQ;SSO;D_EQ_ECP;DE_EREGL_ECP;EREGL.E;2025-10-31;0.01;0.02;-50;0;0;0;0;0;0;0;0;0;2500;0;;;;;
2025-10-16;TM_O_EREGLE311025P29.30;EREGL_311025_AVRUPA_ESNEK OPS;D_EQ;SSO;D_EQ_EPP;DE_EREGL_EPP;EREGL.E;2025-10-31;1.92;1.5;28;0;0;0;0;0;0;0;0;0;3400;0;;;;;
2025-10-16;TM_O_FROTOE311025P103.00;FROTO_311025_AVRUPA_ESNEK OPS;D_EQ;SSO;D_EQ_EPP;DE_FROTO_EPP;FROTO.E;2025-10-31;11.18;10.05;11.24;0;0;0;0;0;0;0;0;0;203;0;;;;;
2025-10-16;TM_O_FROTOE311025P112.50;FROTO_311025_AVRUPA_ESNEK OPS;D_EQ;SSO;D_EQ_EPP;DE_FROTO_EPP;FROTO.E;2025-10-31;20.26;18.99;6.69;0;0;0;0;0;0;0;0;0;230;0;;;;;
2025-10-16;TM_O_GARANE311025P133.00;GARAN_311025_AVRUPA_ESNEK OPS;D_EQ;SSO;D_EQ_EPP;DE_GARAN_EPP;GARAN.E;2025-10-31;11.3;12.72;-11.16;0;0;0;0;0;0;0;0;0;1126;0;;;;;
2025-10-16;TM_O_GARANE311025P144.00;GARAN_311025_AVRUPA_ESNEK OPS;D_EQ;SSO;D_EQ_EPP;DE_GARAN_EPP;GARAN.E;2025-10-31;21.43;22.96;-6.66;0;0;0;0;0;0;0;0;0;350;0;;;;;
2025-10-16;TM_O_ISCTRE311025C14.70;ISCTR_311025_AVRUPA_ESNEK OPS;D_EQ;SSO;D_EQ_ECP;DE_ISCTR_ECP;ISCTR.E;2025-10-31;0.01;0.01;0;0;0;0;0;0;0;0;0;0;2000;0;;;;;
2025-10-16;TM_O_ISCTRE311025C15.30;ISCTR_311025_AVRUPA_ESNEK OPS;D_EQ;SSO;D_EQ_ECP;DE_ISCTR_ECP;ISCTR.E;2025-10-31;0.01;0.01;0;0;0;0;0;0;0;0;0;0;1144;0;;;;;
2025-10-16;TM_O_ISCTRE311025P12.75;ISCTR_311025_AVRUPA_ESNEK OPS;D_EQ;SSO;D_EQ_EPP;DE_ISCTR_EPP;ISCTR.E;2025-10-31;1.07;0.88;21.59;0;0;0;0;0;0;0;0;0;11764;0;;;;;
2025-10-16;TM_O_ISCTRE311025P13.02;ISCTR_311025_AVRUPA_ESNEK OPS;D_EQ;SSO;D_EQ_EPP;DE_ISCTR_EPP;ISCTR.E;2025-10-31;1.3;1.1;18.18;0;0;0;0;0;0;0;0;0;3840;0;;;;;
2025-10-16;TM_O_KCHOLE301025P192.50;KCHOL_301025_AVRUPA_ESNEK OPS;D_EQ;SSO;D_EQ_EPP;DE_KCHOL_EPP;KCHOL.E;2025-10-30;33.76;30.92;9.18;0;0;0;0;0;0;0;0;0;0;0;;;;;
2025-10-16;TM_O_KCHOLE311025C184.00;KCHOL_311025_AVRUPA_ESNEK OPS;D_EQ;SSO;D_EQ_ECP;DE_KCHOL_ECP;KCHOL.E;2025-10-31;0.21;0.38;-44.74;0;0;0;0;0;0;0;0;0;32;0;;;;;
2025-10-16;TM_O_KCHOLE311025P168.20;KCHOL_311025_AVRUPA_ESNEK OPS;D_EQ;SSO;D_EQ_EPP;DE_KCHOL_EPP;KCHOL.E;2025-10-31;11.17;9.16;21.94;0;0;0;0;0;0;0;0;0;178;0;;;;;
2025-10-16;TM_O_KCHOLE311025P168.60;KCHOL_311025_AVRUPA_ESNEK OPS;D_EQ;SSO;D_EQ_EPP;DE_KCHOL_EPP;KCHOL.E;2025-10-31;11.49;9.45;21.59;0;0;0;0;0;0;0;0;0;296;0;;;;;
2025-10-16;TM_O_KCHOLE311025P172.00;KCHOL_311025_AVRUPA_ESNEK OPS;D_EQ;SSO;D_EQ_EPP;DE_KCHOL_EPP;KCHOL.E;2025-10-31;14.33;12.05;18.92;0;0;0;0;0;0;0;0;0;116;0;;;;;
2025-10-16;TM_O_KCHOLE311025P172.60;KCHOL_311025_AVRUPA_ESNEK OPS;D_EQ;SSO;D_EQ_EPP;DE_KCHOL_EPP;KCHOL.E;2025-10-31;14.85;12.54;18.42;0;0;0;0;0;0;0;0;0;865;0;;;;;
2025-10-16;TM_O_KCHOLE311025P173.30;KCHOL_311025_AVRUPA_ESNEK OPS;D_EQ;SSO;D_EQ_EPP;DE_KCHOL_EPP;KCHOL.E;2025-10-31;15.46;13.11;17.93;0;0;0;0;0;0;0;0;0;849;0;;;;;
2025-10-16;TM_O_KCHOLE311025P179.00;KCHOL_311025_AVRUPA_ESNEK OPS;D_EQ;SSO;D_EQ_EPP;DE_KCHOL_EPP;KCHOL.E;2025-10-31;20.63;18.05;14.29;0;0;0;0;0;0;0;0;0;2500;0;;;;;
2025-10-16;TM_O_KCHOLE311025P192.50;KCHOL_311025_AVRUPA_ESNEK OPS;D_EQ;SSO;D_EQ_EPP;DE_KCHOL_EPP;KCHOL.E;2025-10-31;33.58;30.75;9.2;0;0;0;0;0;0;0;0;0;125;0;;;;;
2025-10-16;TM_O_KRDMDE311025P26.20;KRDMD_311025_AVRUPA_ESNEK OPS;D_EQ;SSO;D_EQ_EPP;DE_KRDMD_EPP;KRDMD.E;2025-10-31;1.37;1.11;23.42;0;0;0;0;0;0;0;0;0;5758;0;;;;;
2025-10-16;TM_O_KRDMDE311025P26.28;KRDMD_311025_AVRUPA_ESNEK OPS;D_EQ;SSO;D_EQ_EPP;DE_KRDMD_EPP;KRDMD.E;2025-10-31;1.43;1.16;23.28;0;0;0;0;0;0;0;0;0;3536;0;;;;;
2025-10-16;TM_O_KRDMDE311025P27.50;KRDMD_311025_AVRUPA_ESNEK OPS;D_EQ;SSO;D_EQ_EPP;DE_KRDMD_EPP;KRDMD.E;2025-10-31;2.36;2.01;17.41;0;0;0;0;0;0;0;0;0;550;0;;;;;
2025-10-16;TM_O_KRDMDE311025P29.51;KRDMD_311025_AVRUPA_ESNEK OPS;D_EQ;SSO;D_EQ_EPP;DE_KRDMD_EPP;KRDMD.E;2025-10-31;4.19;3.75;11.73;0;0;0;0;0;0;0;0;0;340;0;;;;;
2025-10-16;TM_O_KRDMDE311025P32.01;KRDMD_311025_AVRUPA_ESNEK OPS;D_EQ;SSO;D_EQ_EPP;DE_KRDMD_EPP;KRDMD.E;2025-10-31;6.62;6.15;7.64;0;0;0;0;0;0;0;0;0;1600;0;;;;;
2025-10-16;TM_O_PGSUSE101125P210.00;PGSUS_101125_AVRUPA_ESNEK OPS;D_EQ;SSO;D_EQ_EPP;DE_PGSUS_EPP;PGSUS.E;2025-11-10;6.82;6.39;6.73;0;0;0;0;0;0;0;0;0;720;0;;;;;
2025-10-16;TM_O_PGSUSE141125C250.00;PGSUS_141125_AVRUPA_ESNEK OPS;D_EQ;SSO;D_EQ_ECP;DE_PGSUS_ECP;PGSUS.E;2025-11-14;1.49;1.71;-12.87;0;0;0;0;0;0;0;0;0;810;0;;;;;
2025-10-16;TM_O_PGSUSE271025C250.00;PGSUS_271025_AVRUPA_ESNEK OPS;D_EQ;SSO;D_EQ_ECP;DE_PGSUS_ECP;PGSUS.E;2025-10-27;0.09;0.15;-40;0;0;0;0;0;0;0;0;0;100;0;;;;;
2025-10-16;TM_O_PGSUSE281125P212.00;PGSUS_281125_AVRUPA_ESNEK OPS;D_EQ;SSO;D_EQ_EPP;DE_PGSUS_EPP;PGSUS.E;2025-11-28;8.54;8.09;5.56;0;0;0;0;0;0;0;0;0;1000;0;;;;;
2025-10-16;TM_O_PGSUSE281125P237.00;PGSUS_281125_AVRUPA_ESNEK OPS;D_EQ;SSO;D_EQ_EPP;DE_PGSUS_EPP;PGSUS.E;2025-11-28;23.83;;0;22.08;14.57;22.08;14.57;18.33;2038200;157595;86;2;43;43;;;;;
2025-10-16;TM_O_PGSUSE281125P240.50;PGSUS_281125_AVRUPA_ESNEK OPS;D_EQ;SSO;D_EQ_EPP;DE_PGSUS_EPP;PGSUS.E;2025-11-28;26.58;25.46;4.4;0;0;0;0;0;0;0;0;0;167;0;;;;;
2025-10-16;TM_O_PGSUSE301025P215.00;PGSUS_301025_AVRUPA_ESNEK OPS;D_EQ;SSO;D_EQ_EPP;DE_PGSUS_EPP;PGSUS.E;2025-10-30;8.6;7.95;8.18;0;0;0;0;0;0;0;0;0;1200;0;;;;;
2025-10-16;TM_O_PGSUSE311025C242.50;PGSUS_311025_AVRUPA_ESNEK OPS;D_EQ;SSO;D_EQ_ECP;DE_PGSUS_ECP;PGSUS.E;2025-10-31;0.5;0.66;-24.24;0;0;0;0;0;0;0;0;0;12;0;;;;;
2025-10-16;TM_O_PGSUSE311025P209.00;PGSUS_311025_AVRUPA_ESNEK OPS;D_EQ;SSO;D_EQ_EPP;DE_PGSUS_EPP;PGSUS.E;2025-10-31;5.49;5.08;8.07;0;0;0;0;0;0;0;0;0;100;0;;;;;
2025-10-16;TM_O_PGSUSE311025P222.00;PGSUS_311025_AVRUPA_ESNEK OPS;D_EQ;SSO;D_EQ_EPP;DE_PGSUS_EPP;PGSUS.E;2025-10-31;13.44;12.53;7.26;0;0;0;0;0;0;0;0;0;231;0;;;;;
2025-10-16;TM_O_PGSUSE311025P226.00;PGSUS_311025_AVRUPA_ESNEK OPS;D_EQ;SSO;D_EQ_EPP;DE_PGSUS_EPP;PGSUS.E;2025-10-31;16.64;15.57;6.87;0;0;0;0;0;0;0;0;0;260;0;;;;;
2025-10-16;TM_O_PGSUSE311025P237.00;PGSUS_311025_AVRUPA_ESNEK OPS;D_EQ;SSO;D_EQ_EPP;DE_PGSUS_EPP;PGSUS.E;2025-10-31;26.31;25;5.24;0;0;0;0;0;0;0;0;0;60;0;;;;;
2025-10-16;TM_O_PGSUSE311025P243.00;PGSUS_311025_AVRUPA_ESNEK OPS;D_EQ;SSO;D_EQ_EPP;DE_PGSUS_EPP;PGSUS.E;2025-10-31;31.91;30.52;4.55;0;0;0;0;0;0;0;0;0;40;0;;;;;
2025-10-16;TM_O_PGSUSE311025P251.01;PGSUS_311025_AVRUPA_ESNEK OPS;D_EQ;SSO;D_EQ_EPP;DE_PGSUS_EPP;PGSUS.E;2025-10-31;39.57;38.1;3.86;0;0;0;0;0;0;0;0;0;80;0;;;;;
2025-10-16;TM_O_PGSUSE311025P260.01;PGSUS_311025_AVRUPA_ESNEK OPS;D_EQ;SSO;D_EQ_EPP;DE_PGSUS_EPP;PGSUS.E;2025-10-31;48.31;46.79;3.25;0;0;0;0;0;0;0;0;0;40;0;;;;;
2025-10-16;TM_O_PGSUSE311025P267.00;PGSUS_311025_AVRUPA_ESNEK OPS;D_EQ;SSO;D_EQ_EPP;DE_PGSUS_EPP;PGSUS.E;2025-10-31;55.14;53.59;2.89;0;0;0;0;0;0;0;0;0;42;0;;;;;
2025-10-16;TM_O_PGSUSE311025P273.00;PGSUS_311025_AVRUPA_ESNEK OPS;D_EQ;SSO;D_EQ_EPP;DE_PGSUS_EPP;PGSUS.E;2025-10-31;61.02;59.46;2.62;0;0;0;0;0;0;0;0;0;80;0;;;;;
2025-10-16;TM_O_SAHOLE101125P80.00;SAHOL_101125_AVRUPA_ESNEK OPS;D_EQ;SSO;D_EQ_EPP;DE_SAHOL_EPP;SAHOL.E;2025-11-10;3.73;3.24;15.12;0;0;0;0;0;0;0;0;0;1900;0;;;;;
2025-10-16;TM_O_SAHOLE311025P80.75;SAHOL_311025_AVRUPA_ESNEK OPS;D_EQ;SSO;D_EQ_EPP;DE_SAHOL_EPP;SAHOL.E;2025-10-31;3.79;3.22;17.7;0;0;0;0;0;0;0;0;0;1863;0;;;;;
2025-10-16;TM_O_SAHOLE311025P94.10;SAHOL_311025_AVRUPA_ESNEK OPS;D_EQ;SSO;D_EQ_EPP;DE_SAHOL_EPP;SAHOL.E;2025-10-31;14.92;13.75;8.51;0;0;0;0;0;0;0;0;0;107;0;;;;;
2025-10-16;TM_O_SAHOLE311025P96.50;SAHOL_311025_AVRUPA_ESNEK OPS;D_EQ;SSO;D_EQ_EPP;DE_SAHOL_EPP;SAHOL.E;2025-10-31;17.24;16.03;7.55;0;0;0;0;0;0;0;0;0;150;0;;;;;
2025-10-16;TM_O_SISEE311025P34.20;SISE_311025_AVRUPA_ESNEK OPS;D_EQ;SSO;D_EQ_EPP;DE_SISE_EPP;SISE.E;2025-10-31;1.02;0.55;85.45;0;0;0;0;0;0;0;0;0;500;0;;;;;
2025-10-16;TM_O_TAVHLE301025C270.00;TAVHL_301025_AVRUPA_ESNEK OPS;D_EQ;SSO;D_EQ_ECP;DE_TAVHL_ECP;TAVHL.E;2025-10-30;0.15;0.25;-40;0;0;0;0;0;0;0;0;0;100;0;;;;;
2025-10-16;TM_O_TAVHLE301025P250.05;TAVHL_301025_AVRUPA_ESNEK OPS;D_EQ;SSO;D_EQ_EPP;DE_TAVHL_EPP;TAVHL.E;2025-10-30;22.47;20.58;9.18;0;0;0;0;0;0;0;0;0;0;0;;;;;
2025-10-16;TM_O_TAVHLE311025C249.95;TAVHL_311025_AVRUPA_ESNEK OPS;D_EQ;SSO;D_EQ_ECP;DE_TAVHL_ECP;TAVHL.E;2025-10-31;1.31;1.81;-27.62;0;0;0;0;0;0;0;0;0;155;0;;;;;
2025-10-16;TM_O_TAVHLE311025C259.95;TAVHL_311025_AVRUPA_ESNEK OPS;D_EQ;SSO;D_EQ_ECP;DE_TAVHL_ECP;TAVHL.E;2025-10-31;0.52;0.77;-32.47;0;0;0;0;0;0;0;0;0;188;0;;;;;
2025-10-16;TM_O_TAVHLE311025P240.05;TAVHL_311025_AVRUPA_ESNEK OPS;D_EQ;SSO;D_EQ_EPP;DE_TAVHL_EPP;TAVHL.E;2025-10-31;14.25;12.83;11.07;0;0;0;0;0;0;0;0;0;64;0;;;;;
2025-10-16;TM_O_TAVHLE311025P250.05;TAVHL_311025_AVRUPA_ESNEK OPS;D_EQ;SSO;D_EQ_EPP;DE_TAVHL_EPP;TAVHL.E;2025-10-31;22.37;20.52;9.02;0;0;0;0;0;0;0;0;0;196;0;;;;;
2025-10-16;TM_O_TCELLE311025C102.50;TCELL_311025_AVRUPA_ESNEK OPS;D_EQ;SSO;D_EQ_ECP;DE_TCELL_ECP;TCELL.E;2025-10-31;1.15;1.24;-7.26;0;0;0;0;0;0;0;0;0;60;0;;;;;
2025-10-16;TM_O_TCELLE311025C106.00;TCELL_311025_AVRUPA_ESNEK OPS;D_EQ;SSO;D_EQ_ECP;DE_TCELL_ECP;TCELL.E;2025-10-31;0.59;0.67;-11.94;0;0;0;0;0;0;0;0;0;130;0;;;;;
2025-10-16;TM_O_TCELLE311025C99.90;TCELL_311025_AVRUPA_ESNEK OPS;D_EQ;SSO;D_EQ_ECP;DE_TCELL_ECP;TCELL.E;2025-10-31;1.88;1.99;-5.53;0;0;0;0;0;0;0;0;0;1000;0;;;;;
2025-10-16;TM_O_TCELLE311025P100.50;TCELL_311025_AVRUPA_ESNEK OPS;D_EQ;SSO;D_EQ_EPP;DE_TCELL_EPP;TCELL.E;2025-10-31;4.82;4.88;-1.23;0;0;0;0;0;0;0;0;0;99;0;;;;;
2025-10-16;TM_O_TCELLE311025P119.00;TCELL_311025_AVRUPA_ESNEK OPS;D_EQ;SSO;D_EQ_EPP;DE_TCELL_EPP;TCELL.E;2025-10-31;21.4;21.35;0.23;0;0;0;0;0;0;0;0;0;422;0;;;;;
2025-10-16;TM_O_THYAOE161025C340.00;THYAO_161025_AVRUPA_ESNEK OPS;D_EQ;SSO;D_EQ_ECP;DE_THYAO_ECP;THYAO.E;2025-10-16;0;0.01;0;0;0;0;0;0;0;0;0;0;90;0;;;;;
2025-10-16;TM_O_THYAOE231025C325.00;THYAO_231025_AVRUPA_ESNEK OPS;D_EQ;SSO;D_EQ_ECP;DE_THYAO_ECP;THYAO.E;2025-10-23;0.19;0.53;-64.15;0;0;0;0;0;0;0;0;0;266;0;;;;;
2025-10-16;TM_O_THYAOE281125P301.00;THYAO_281125_AVRUPA_ESNEK OPS;D_EQ;SSO;D_EQ_EPP;DE_THYAO_EPP;THYAO.E;2025-11-28;8.94;;0;5.75;5.75;5.75;5.75;5.75;602000;11500;20;1;20;20;;;;;
2025-10-16;TM_O_THYAOE301025C330.00;THYAO_301025_AVRUPA_ESNEK OPS;D_EQ;SSO;D_EQ_ECP;DE_THYAO_ECP;THYAO.E;2025-10-30;0.76;1.34;-43.28;0;0;0;0;0;0;0;0;0;150;0;;;;;
2025-10-16;TM_O_THYAOE311025C319.95;THYAO_311025_AVRUPA_ESNEK OPS;D_EQ;SSO;D_EQ_ECP;DE_THYAO_ECP;THYAO.E;2025-10-31;1.87;3.03;-38.28;0;0;0;0;0;0;0;0;0;9100;0;;;;;
2025-10-16;TM_O_THYAOE311025C327.50;THYAO_311025_AVRUPA_ESNEK OPS;D_EQ;SSO;D_EQ_ECP;DE_THYAO_ECP;THYAO.E;2025-10-31;1.08;1.81;-40.33;0;0;0;0;0;0;0;0;0;0;0;;;;;
2025-10-16;TM_O_THYAOE311025C336.00;THYAO_311025_AVRUPA_ESNEK OPS;D_EQ;SSO;D_EQ_ECP;DE_THYAO_ECP;THYAO.E;2025-10-31;0.58;1.02;-43.14;0;0;0;0;0;0;0;0;0;50;0;;;;;
2025-10-16;TM_O_THYAOE311025C337.00;THYAO_311025_AVRUPA_ESNEK OPS;D_EQ;SSO;D_EQ_ECP;DE_THYAO_ECP;THYAO.E;2025-10-31;0.54;0.95;-43.16;0;0;0;0;0;0;0;0;0;45;0;;;;;
2025-10-16;TM_O_THYAOE311025C339.00;THYAO_311025_AVRUPA_ESNEK OPS;D_EQ;SSO;D_EQ_ECP;DE_THYAO_ECP;THYAO.E;2025-10-31;0.47;0.83;-43.37;0;0;0;0;0;0;0;0;0;200;0;;;;;
2025-10-16;TM_O_THYAOE311025P315.00;THYAO_311025_AVRUPA_ESNEK OPS;D_EQ;SSO;D_EQ_EPP;DE_THYAO_EPP;THYAO.E;2025-10-31;16.8;13.38;25.56;0;0;0;0;0;0;0;0;0;13;0;;;;;
2025-10-16;TM_O_THYAOE311025P321.00;THYAO_311025_AVRUPA_ESNEK OPS;D_EQ;SSO;D_EQ_EPP;DE_THYAO_EPP;THYAO.E;2025-10-31;21.76;17.74;22.66;0;0;0;0;0;0;0;0;0;50;0;;;;;
2025-10-16;TM_O_THYAOE311025P401.00;THYAO_311025_AVRUPA_ESNEK OPS;D_EQ;SSO;D_EQ_EPP;DE_THYAO_EPP;THYAO.E;2025-10-31;98.8;93.65;5.5;0;0;0;0;0;0;0;0;0;50;0;;;;;
2025-10-16;TM_O_THYAOE311025P402.00;THYAO_311025_AVRUPA_ESNEK OPS;D_EQ;SSO;D_EQ_EPP;DE_THYAO_EPP;THYAO.E;2025-10-31;99.78;94.63;5.44;0;0;0;0;0;0;0;0;0;125;0;;;;;
2025-10-16;TM_O_TTKOME311025P53.00;TTKOM_311025_AVRUPA_ESNEK OPS;D_EQ;SSO;D_EQ_EPP;DE_TTKOM_EPP;TTKOM.E;2025-10-31;2.87;2.5;14.8;0;0;0;0;0;0;0;0;0;250;0;;;;;
2025-10-16;TM_O_USDTRYKE281125C44500;USDTRY_11/2025_AVRUPA_OPSIYON;D_CR;CRO;D_CR_ECO;DE_USDTRYK_ECO;D_USDTRYK;2025-11-28;385.6;395.6;-2.53;0;0;0;0;0;0;0;0;0;26501;0;;;;;
2025-10-16;TM_O_USDTRYKE300126C46000;USDTRY_300126_AVRUPA_ESNEK OPS;D_CR;CRO;D_CR_ECO;DE_USDTRYK_ECO;D_USDTRYK;2026-01-30;1171.4;1187.6;-1.36;0;0;0;0;0;0;0;0;0;10000;0;;;;;
2025-10-16;TM_O_USDTRYKE311225C45000;USDTRY_12/2025_AVRUPA_OPSIYON;D_CR;CRO;D_CR_ECO;DE_USDTRYK_ECO;D_USDTRYK;2025-12-31;803.5;821.6;-2.2;0;0;0;0;0;0;0;0;0;10000;0;;;;;
2025-10-16;TM_O_XU030E301225P11600.00;XU030_301225_AVRUPA_ESNEK OPS;D_IX;INO;D_IX_EPO;DE_BIST30_EPO;D_XU030D;2025-12-30;525.42;491.32;6.94;0;0;0;0;0;0;0;0;0;230;0;;;;;
2025-10-16;TM_O_XU030E311025P12100.00;XU030_311025_AVRUPA_ESNEK OPS;D_IX;INO;D_IX_EPO;DE_BIST30_EPO;D_XU030D;2025-10-31;780.88;704.27;10.88;0;0;0;0;0;0;0;0;0;0;0;;;;;
2025-10-16;TM_O_YKBNKE301025C35.50;YKBNK_301025_AVRUPA_ESNEK OPS;D_EQ;SSO;D_EQ_ECP;DE_YKBNK_ECP;YKBNK.E;2025-10-30;0.01;0.01;0;0;0;0;0;0;0;0;0;0;8790;0;;;;;
2025-10-16;TM_O_YKBNKE311025C35.00;YKBNK_10/2025_AVRUPA_OPSIYON;D_EQ;SSO;D_EQ_ECP;DE_YKBNK_ECP;YKBNK.E;2025-10-31;0.02;0.02;0;0;0;0;0;0;0;0;0;0;500;0;;;;;
2025-10-16;TM_O_YKBNKE311025P32.10;YKBNK_311025_AVRUPA_ESNEK OPS;D_EQ;SSO;D_EQ_EPP;DE_YKBNK_EPP;YKBNK.E;2025-10-31;3.32;3.38;-1.78;0;0;0;0;0;0;0;0;0;311;0;;;;;
2025-10-16;TM_O_YKBNKE311025P32.40;YKBNK_311025_AVRUPA_ESNEK OPS;D_EQ;SSO;D_EQ_EPP;DE_YKBNK_EPP;YKBNK.E;2025-10-31;3.59;3.65;-1.64;0;0;0;0;0;0;0;0;0;308;0;;;;;
2025-10-16;TM_O_YKBNKE311025P34.90;YKBNK_311025_AVRUPA_ESNEK OPS;D_EQ;SSO;D_EQ_EPP;DE_YKBNK_EPP;YKBNK.E;2025-10-31;5.96;6;-0.67;0;0;0;0;0;0;0;0;0;426;0;;;;;
